State,City,Latitude,Longitude,HotelName,StarRating,Description,HotelFacilities,Attractions,Address,ZipCode,PhoneNumber,HotelWebsiteUrl
Arizona,Benson,31.980305,-110.308658,Days Inn Benson,2.0,"""<p>HeadLine : Near San Pedro Golf Course</p><p>Location : Located in Benson", Days Inn by Wyndham Benson is within a 5-minute drive of San Pedro Golf Course and San Pedro Valley Arts and Historical Museum.  This hotel is 12.4 mi (19.9 km) from Kartchner Caverns State Park and 31.9 mi (51.3 km) from Fort Huachuca Military Base.</p><p>Rooms : Make yourself at home in one of the 60 air-conditioned rooms featuring refrigerators and microwaves. Complimentary wireless Internet access keeps you connected, and cable programming is available for your entertainment. Bathrooms have complimentary toiletries and hair dryers. Conveniences include desks and coffee/tea makers," and housekeeping is provided daily.</p><p>Dining : A complimentary continental breakfast is served daily from 6 AM to 9 AM.</p><p>Renovations : The following facilities are closed until further notice:<ul><li>Spa</li></ul></p><p>CheckIn Instructions : Extra-person charges may apply and vary depending on property policy. <br />Government-issued photo identification and a credit card are required at check-in for incidental charges. <br />Special requests are subject to availability upon check-in and may incur additional charges. Special requests cannot be guaranteed. <ul>  Please note that cultural norms and guest policies may differ by country and by property. The policies listed are provided by the property. </ul></p>""",Luggage storage 24-hour front desk Business center Free breakfast Laundry facilities Television in common areas Accessible bathroom Free self parking Roll-in shower Free WiFi Pool sun loungers In-room accessibility Outdoor pool Computer station Smoke-free property Multilingual staff RV  bus  truck parking,"""                            Distances are displayed to the nearest 0.1 mile and kilometer. <br /> <p>San Pedro Golf Course - 1.3 km / 0.8 mi <br /> San Pedro Valley Arts and Historical Museum - 2.6 km / 1.6 mi <br /> VegaBray Observatory - 7.7 km / 4.8 mi <br /> Kartchner Caverns State Park - 19.9 km / 12.4 mi <br /> Gammons Gulch - 23 km / 14.3 mi <br /> Amerind Foundation Museum - 26.6 km / 16.5 mi <br /> Cienega Creek Natural Preserve - 34.9 km / 21.7 mi <br /> Boothill Graveyard - 40.1 km / 24.9 mi <br /> Tombstone Historic District - 40.7 km / 25.3 mi <br /> Allen Street - 40.7 km / 25.3 mi <br /> Doc Holliday s Gunfight Palace - 41 km / 25.5 mi <br /> Tombstone Courthouse State Historic Park - 41.1 km / 25.5 mi <br /> O.K. Corral - 41.1 km / 25.5 mi <br /> Tombstone Visitor and Information Center - 41.1 km / 25.5 mi <br /> Tombstone Epitaph Museum - 41.2 km / 25.6 mi <br /> </p><p>The preferred airport for Days Inn by Wyndham Benson is Tucson  AZ (TUS-Tucson Intl.) - 67.4 km / 41.9 mi </p>",
Arizona,Benson,31.98142,-110.30775,Copper Stay Inn,3.0,"""COPPER STAY INN Benson AZ I-10 Exit 304 is a 3-star property situated in Benson. With a seasonal outdoor swimming pool", the 3-star hotel has air-conditioned rooms with free WiFi, each with a private bathroom. Guests can enjoy mountain views.,,,,
Arizona,Bisbee,31.44168,-109.91597,Letson Loft,5.0,"""Letson Loft Hotel is offering accommodation in Bisbee. Boasting a shared kitchen", this property also provides guests with a terrace. The accommodation offers a concierge service and free WiFi throughout the property.,,,,,
Arizona,Bisbee,31.44231,-109.91472,Copper Queen Hotel,3.0,"""Featuring an outdoor pool", and a restaurant and bar on site, this hotel is located in Bisbee. Free WiFi access is available. Bisbee-Douglas International Airport is 30 minutes drive from the hotel.,,,,
Arizona,Bisbee,31.44177,-109.91886,The Inn at Castle Rock,3.0,"""Featuring tiled outdoor trails and built over the still-flowing Apache Springs Well", this historic hotel is less than 1 mile from downtown Bisbee. Free Wi-Fi is offered in all areas.,,,,,
Arizona,Bisbee,31.44155,-109.91695,Bisbee Grand Hotel,4.0,"""Offering a restaurant", historic Bisbee Grand Hotel is located in Bisbee. Free WiFi access is available. Tombstone is 25 minutes drive from the hotel.,,,,,
Arizona,Bisbee,31.45035,-109.93195,School House Inn Bed & Breakfast,5.0,"""Originally a historic school house built in 1918", School House Inn Bed & Breakfast is located in Bisbee. Breakfast is served daily. Bisbee Queen Mine Tours is 5 minutes drive from the property.,,,,,
Arizona,Bisbee,31.44199,-109.91543,Canyon Rose Suite Hotel,5.0,"""Located in the heart of Old Bisbee of the historic Allen Block Building", this non-smoking hotel offers suites with fully equipped kitchens.,,,,,
Arizona,Bisbee,31.44223,-109.91415,Hotel San Ramon,3.0,"""Hotel San Ramon is a 3-star property situated in Bisbee. Each accommodation at the 3-star hotel has city views and free WiFi. The accommodation features evening entertainment and a concierge service.",,,,,,
Arizona,Bisbee,31.44261,-109.91392,Bisbee Brownstone Suites,3.0,"""Located in Bisbee in the Arizona region", Bisbee Brownstone Suites provides accommodation with free WiFi.,,,,,
Arizona,Buckeye,33.37144,-112.57542,Buckeye Motor Hotel,2.0,"""Set in Buckeye", 47 km from Phoenix, BUCKEYE MOTOR HOTEL features free WiFi access and free private parking.,,,,
Arizona,Bullfrog,37.52018,-110.7254,Defiance House Lodge,3.0,"""Defiance House Lodge is located on the lake in Bullfrog", Utah, directly across the lake from Halls Crossing Marina. This hotel is your gateway to unlimited land and water adventures - whether it's a day trip of canyon-cruising on one of our rental powerboats, or the in-the-water thrill of wakeboarding, waterskiing or riding one of our personal watercraft, you'll find the Defiance House Lodge at Bullfrog the perfect hotel to stay. ,
Arizona,Carefree,33.82408,-111.92177,Hampton Inn by Hilton Carefree,5.0,"""Hampton Inn Carefree", Az features an outdoor swimming pool, garden, a shared lounge and terrace in Carefree. Providing a bar, the property is located within 15 km of Troon North Golf Club. The hotel has a hot tub, a 24-hour front desk and free WiFi.,
Arizona,Carefree,33.8176,-111.90839,Village At Carefree,5.0,"""Well located in the North Scottsdale district of Carefree", Village at Carefree is located 13 km from Troon North Golf Club, 23 km from Musical Instrument Museum and 26 km from Pioneer Living History Village. The property is situated 28 km from Deer Valley Rock Art Center, 33 km from OdySea Aquarium and 41 km from Castles and Coasters. The accommodation provides an ATM and free WiFi throughout the property.,,,
Arizona,Carefree,33.82778,-111.92883,Rise And Shine Home,3.0,"""Situated in Carefree", 23 km from Musical Instrument Museum and 26 km from Pioneer Living History Village, Rise and Shine 3 BR by Casago offers air conditioning. It is located 16 km from Troon North Golf Club and provides free WiFi and free private parking.,,,,
Arizona,Chandler,33.296018,-111.883774,Oakwood Villa Pallavicini,3.0,HotelDescription#Further information about this hotel will be available shortly,NO Small pets allowed (under 5 kg) NO Garage NO Car park NO Disability-friendly bathroom NO Smoking rooms NO Large pets allowed (over 5 kg) NO Wheelchair-accessible NO Connecting rooms,,635 South Ellis Street ChandlerArizona 85224 ,85224,4807260303,http://www.villapallaviciniapts.com/
Arizona,Chandler,33.31091,-111.84189,Redwood Motel,1.0,"""Offering free Wi-Fi", this motel is 10 minutes drive from Golfland Sunsplash. Each room is equipped with a cable TV. Free parking is provided on site.,,,,,
Arizona,Chandler,33.30596,-111.943912,Hawthorn Suites By Wyndham Chandler Phoenix Area,2.0,"""<p>HeadLine : Near Lone Butte Casino</p><p>Location : With a stay at Metro Chandler Apartments in Chandler", you ll be within a 15-minute drive of Arizona State University and Lone Butte Casino.  This apartment is 2.7 mi (4.3 km) from Chandler Fashion Center and 16.1 mi (26 km) from Phoenix Zoo.</p><p>Rooms : Make yourself at home in one of the 100 individually furnished guestrooms, featuring kitchens with stovetops and dishwashers. 42-inch flat-screen televisions with cable programming provide entertainment, while complimentary wireless Internet access keeps you connected. Conveniences include desks and separate sitting areas.</p><p>CheckIn Instructions : <ul>  <li>Extra-person charges may apply and vary depending on property policy</li><li>Government-issued photo identification and a credit card may be required at check-in for incidental charges</li><li>Special requests are subject to availability upon check-in and may incur additional charges; special requests cannot be guaranteed</li><li>This property accepts credit cards and debit cards; cash is not accepted</li><li>Safety features at this property include a carbon monoxide detector, a fire extinguisher, and a smoke detector</li><li>Please note that cultural norms and guest policies may differ by country and by property; the policies listed are provided by the property</li>  </ul></p><p>Special Instructions : The front desk is open daily from 9:00 AM - 5:00 PM. Prior to arrival, guests must complete online registration with the property via a secure link. Guests will be asked to provide the property with a copy of their government-issued photo ID before arrival. 
Arizona,Chandler,33.28954,-111.89129,Drury Inn & Suites Phoenix Chandler Fashion Center,3.0,"""Featuring 3-star accommodation", Drury Inn & Suites Phoenix Chandler Fashion Center is set in Chandler, 33 km from Copper Square and 18 km from Sea Life Arizona. With a fitness centre, the 3-star hotel has air-conditioned rooms with free WiFi, each with a private bathroom. The property is non-smoking and is located 33 km from Phoenix Convention Center.,,
Arizona,Chandler,33.21457,-111.78022,La Costa Home,5.0,"""Situated in Sun Lakes in the Arizona region", La Costa home has a patio. The air-conditioned accommodation is 36 km from Sea Life Arizona, and guests benefit from complimentary WiFi and private parking available on site.,,,,
Arizona,Chandler,33.20778,-111.78495,PeachTree Home,5.0,"""PeachTree home is situated in Sun Lakes", 50 km from Copper Square and 35 km from Sea Life Arizona, in an area where cycling can be enjoyed. The air-conditioned accommodation is 50 km from Phoenix Convention Center, and guests benefit from private parking available on site and free WiFi.,,,
Arizona,Chandler,33.21231,-111.81799,Windstream Home,5.0,"""Windstream home is set in Sun Lakes", 46 km from Copper Square and 31 km from Sea Life Arizona, in an area where cycling can be enjoyed. The air-conditioned accommodation is 46 km from Phoenix Convention Center, and guests benefit from private parking available on site and free WiFi.,,,
Arizona,Chandler,33.26021,-111.88467,Queen Creek #349 Condo,5.0,"""Set in Chandler in the Arizona region", Queen Creek #349 Condo has a balcony. The air-conditioned accommodation is 10 km from Lone Butte Casino, and guests benefit from complimentary WiFi and private parking available on site.,,,,
Arizona,Chandler,33.24052,-111.86732,Wildflower 2 Home,5.0,"""Set in Chandler", 15 km from Wild Horse Pass Motorsports Park and 15 km from Lone Butte Casino, Wildflower 2 Home offers air-conditioned accommodation with a patio and free WiFi. This holiday home features a private pool, a garden and free private parking.,,,
Arizona,Chandler,33.25739,-111.8768,4 Br Ocotillo Home With Pool Heater,5.0,"""Located in Chandler", within 11 km of Lone Butte Casino and 12 km of Wild Horse Pass Motorsports Park, 3245 S Laguna Dr, Chandler offers accommodation with free WiFi, air conditioning, a shared lounge and a garden. This property offers access to a patio and free private parking.,
Arizona,Chandler,33.25484,-111.875,3br Gated Ocotillo Home Pool Golf Course Views,5.0,"""Boasting pool views", 1950 W Peninsula Circle, Chandler offers accommodation with a balcony and a coffee machine, around 38 km from Phoenix Convention Center. This holiday home has a private pool, a garden and free private parking.,,
Arizona,Chandler,33.32005,-111.87095,Lakeshore 2bd Lakeview Top,5.0,"""Situated in Chandler", 2 bedroom condo great views offers a terrace with lake and garden views, as well as a year-round outdoor pool, fitness centre and hot tub. This apartment has a garden, barbecue facilities, free WiFi and free private parking.,
Arizona,Chandler,33.32005,-111.87095,Lakeshore 1bd Top,5.0,"""Featuring an outdoor swimming pool", a fitness centre, and a garden, 1 bedroom condo large living room offers accommodation in Chandler with free WiFi and garden views. Boasting free private parking, the apartment is in an area where guests can engage in activities such as hiking, cycling and tennis.,
Arizona,Chandler,33.32005,-111.87095,Lakeshore 1bd Ground,5.0,"""Featuring an outdoor swimming pool", a fitness centre, and a garden, 1 bedroom unit ground floor features accommodation in Chandler with free WiFi and pool views. Boasting free private parking, the apartment is in an area where guests can engage in activities such as hiking, cycling and tennis.,
Arizona,Chandler,33.24612,-111.87612,Private Pool House Gated,5.0,"""Located in Chandler", Private pool house 3 bedrooms offers a terrace with pool and garden views, as well as a year-round outdoor pool, fitness centre and hot tub. Featuring free private parking, the holiday home is in an area where guests can engage in activities such as hiking, cycling and billiards.,
Arizona,Chandler,33.31874,-111.87314,Lakeshore 3bd Ground Lakeview,5.0,"""Boasting an outdoor swimming pool", a fitness centre, and a garden, 3 bedroom ground condo great views provides accommodation in Chandler with free WiFi and lake views. Featuring free private parking, the apartment is in an area where guests can engage in activities such as hiking, cycling and tennis.,
Arizona,Chandler,33.25738,-111.87663,4 Br Ocotillo Home Billiards Golf & Lake Views,5.0,"""Located in Chandler", 11 km from Lone Butte Casino and 12 km from Wild Horse Pass Motorsports Park, 3235 S Laguna Dr, Chandler offers a garden and air conditioning. This property offers access to a patio, a pool table, free private parking and free WiFi.,
Arizona,Chinle,36.14756,-109.53862,Thunderbird Lodge,4.0,"""Featuring free WiFi throughout the property", Thunderbird Lodge is 19 km from Canyon de Chelly National Monument. There is a restaurant at the property.,,,,,
Arizona,Cottonwood,34.72263,-112.00627,Pines Motel,2.0,"""Offering a seasonal outdoor pool", this motel is located in Verde Valley. Free WiFi access is available. Parking is provided on site. Barbecue facilities and a laundrette are available.,,,,,
Arizona,Cottonwood,34.744553,-112.020395,The Annabel Inn,3.0,HotelDescription#Further information about this hotel will be available shortly,NO Car park NO Large pets allowed (over 5 kg) NO Connecting rooms NO Smoking rooms NO Disability-friendly bathroom NO Small pets allowed (under 5 kg) NO Wheelchair-accessible NO Garage,,611 N 7th Street CottonwoodArizona 86326 ,86326,9286493038,http://www.theannabelinn.com
Arizona,Cottonwood,34.71947,-112.00162,Verde Valley Inn,2.0,"""Featuring free WiFi", this motel is located in Cottonwood. All rooms are equipped with a flat-screen TV with satellite channels. Verde Canyon Railroad is 15 minutes drive from the motel.,,,,,
Arizona,Cottonwood,34.7488,-112.02734,The Iron Horse Inn,3.0,"""Offering free WiFi", this motel is located in Cottonwood. All rooms are equipped with a flat-screen cable TV. Verde Canyon Railroad is 5 minutes drive from the motel.,,,,,
Arizona,Cottonwood,34.7381,-112.00999,Little Daisy Motel,2.0,"""Featuring 2-star accommodation", Little Daisy Motel is set in Cottonwood, 27 km from Cliff Castle Casino and 30 km from Montezuma Castle National Monument. The 2-star motel has air-conditioned rooms with a private bathroom and free WiFi. The motel has family rooms.,,,,
Arizona,Cottonwood,34.73149,-112.02291,SpringHill Suites by Marriott Cottonwood,5.0,"""Situated in Cottonwood", 27 km from Cliff Castle Casino, SpringHill Suites by Marriott Cottonwood features accommodation with an outdoor swimming pool, free private parking, a fitness centre and a shared lounge. The property is allergy-free and is located 31 km from Montezuma Castle National Monument.,,
Arizona,Cottonwood,34.73121,-111.91655,Sycamore Springs,5.0,"""Featuring a hot tub", Sycamore Springs offers WiFi access is available. Dead Horse Ranch State Park is 20 minutes drive from the property.,,,,,
Arizona,Cottonwood,34.67175,-111.9408,Verde Valley Canyon View Cottage 3,5.0,"""Situated in Cottonwood in the Arizona Region", 26 km from Sedona, Verde Valley Canyon View Cottage 3 boasts an outdoor pool and views of the mountain. Free WiFi is featured .,,,,
Arizona,Cottonwood,34.67175,-111.9408,Verde Valley Canyon View Cottage 4,5.0,"""Situated in Cottonwood in the Arizona region", Verde Valley Canyon View Cottage 4 features accommodation with free WiFi.,,,,,
Arizona,Cottonwood,34.67175,-111.9408,Verde Valley Canyon View Cottage 5,5.0,"""Located in Cottonwood in the Arizona region", Verde Valley Canyon View Cottage 5 provides accommodation with free WiFi.,,,,,
Arizona,Cottonwood,34.67175,-111.9408,Verde Valley Canyon View Cottage 6,5.0,"""Situated 20 km from Cliff Castle Casino in Cottonwood", Verde Valley Canyon View Cottage 6 features accommodation with air conditioning and free WiFi.,,,,,
Arizona,Cottonwood,34.67175,-111.9408,Verde Valley Deck Cottage 7,5.0,"""Set in Cottonwood", Verde Valley Deck Cottage 7 offers free WiFi, 20 km from Cliff Castle Casino and 23 km from Montezuma Castle National Monument.,,,,
Arizona,Cottonwood,34.67175,-111.9408,Verde Valley Deck Cottage 8,5.0,"""Located in Cottonwood", 20 km from Cliff Castle Casino and 23 km from Montezuma Castle National Monument, Verde Valley Deck Cottage 8 provides accommodation with free WiFi.,,,,
Arizona,Cottonwood,34.67175,-111.9408,Verde Valley Deck Cottage 9,5.0,"""Set in Cottonwood", Verde Valley Deck Cottage 9 offers accommodation with free WiFi and seating area.,,,,,
Arizona,Cottonwood,34.67175,-111.9408,Verde Valley Lawn Cottage 11,5.0,"""Located in Cottonwood", Verde Valley Lawn Cottage 11 has well-equipped accommodation featuring free WiFi, 20 km from Cliff Castle Casino and 23 km from Montezuma Castle National Monument.,,,,
Arizona,Cottonwood,34.67175,-111.9408,Verde Valley Lawn Cottage 12,5.0,"""Situated in Cottonwood", Verde Valley Lawn Cottage 12 features accommodation with free WiFi and seating area.,,,,,
Arizona,Cottonwood,34.67175,-111.9408,Verde Valley Studio Cabin 1,5.0,"""Located 20 km from Cliff Castle Casino and 23 km from Montezuma Castle National Monument", Verde Valley Studio Cabin 1 in Cottonwood provides air-conditioned accommodation with views of the mountain and free WiFi.,,,,,
Arizona,Cottonwood,34.67175,-111.9408,Verde Valley Studio Cabin 2,5.0,"""Located 20 km from Cliff Castle Casino", Verde Valley Studio Cabin 2 offers air-conditioned accommodation with a patio and free WiFi.,,,,,
Arizona,Cottonwood,34.67175,-111.9408,Verde Valley Lawn Cottage 10,5.0,"""Situated in Cottonwood", Verde Valley Lawn Cottage 10 features free WiFi, 20 km from Cliff Castle Casino and 23 km from Montezuma Castle National Monument.,,,,
Arizona,Cottonwood,34.67175,-111.9408,Verde Valley Park Model Cabin 13,5.0,"""Set in Cottonwood", Verde Valley One-Bedroom Park Model Cabin 13 offers free WiFi, 20 km from Cliff Castle Casino and 23 km from Montezuma Castle National Monument.,,,,
Arizona,Cottonwood,34.67175,-111.9408,Verde Valley Park Model Cabin 14,5.0,"""Set in Cottonwood", Verde Valley One-Bedroom Park Model Cabin 14 has well-equipped accommodation boasting free WiFi, 20 km from Cliff Castle Casino and 23 km from Montezuma Castle National Monument.,,,,
Arizona,Cottonwood,34.67175,-111.9408,Verde Valley Studio Park Model Cabin 15,5.0,"""Set in Cottonwood", Verde Valley Studio Park Model Cabin 15 has well-equipped accommodation featuring free WiFi, 20 km from Cliff Castle Casino and 23 km from Montezuma Castle National Monument.,,,,
Arizona,Cottonwood,34.67175,-111.9408,Verde Valley Studio Park Model Cabin 16,5.0,"""Set in Cottonwood", within 20 km of Cliff Castle Casino and 23 km of Montezuma Castle National Monument, Verde Valley Studio Park Model Cabin 16 offers accommodation with free WiFi.,,,,
Arizona,Douglas,31.35396,-109.54574,Travelers Motel,5.0,"""Travelers Motel features air-conditioned accommodation in Douglas. Boasting room service", this property also provides guests with a restaurant. The motel also offers free WiFi and free private parking.,,,,,
Arizona,Flagstaff,35.20357,-111.61602,Flagstaff Motel,1.0,"""This motel is located 2 miles from downtown Flagstaff and 4 miles from Northern Arizona University. The motel features a 24-hour front desk and rooms with free Wi-Fi.",,,,,,
Arizona,Flagstaff,35.21863,-111.59787,Starlight Pines Bed and Breakfast,3.0,"""This quaint bed and breakfast offers uniquely decorated rooms with antique furniture. The bed and breakfast is located at the foot of Mount Elden.",,,,,,
Arizona,Flagstaff,35.19341,-111.66172,Budget Host Inn Nau Downtown Flagstaff,2.0,"""Hotel West Inn NAU - Downtown Flagstaff", Arizona motel is 5 minutes walk to Northern Arizona University and Downtown Flagstaff. Satellite TV is offered in all rooms.,,,,,
Arizona,Flagstaff,35.19461,-111.65502,Drury Inn & Suites Flagstaff,4.0,"""Featuring an indoor swimming pool", this hotel is 10 minutes drive from Flagstaff Pulliam Airport. Free Wi-Fi is included in all rooms. A hot QUIKSTART breakfast is served daily.,,,,,
Arizona,Flagstaff,35.23758,-111.57795,Elden Trails Bed and Breakfast,3.0,"""Just 15 minutes drive from historic downtown Flagstaff", this bed and breakfast features hiking trails from the back of the property and guest rooms with free Wi-Fi.,,,,,
Arizona,Flagstaff,35.19846,-111.64905,Weatherford Hotel,5.0,"""Located in Flagstaff", 1.4 km from Northern Arizona University, Weatherford Hotel provides accommodation with a restaurant, free private parking and a bar. Located around 3.4 km from The North Pole Experience, the hotel with free WiFi is also 8.7 km away from Coconino County Fairgrounds. The accommodation offers room service, a 24-hour front desk and organising tours for guests.,
Arizona,Flagstaff,35.19442,-111.63209,Relax Inn Motel,2.0,"""Featuring 2-star accommodation", Relax Inn is situated in Flagstaff, 1.9 km from The North Pole Experience and 3.2 km from Northern Arizona University. This 2-star motel offers a 24-hour front desk and free WiFi. Coconino County Fairgrounds is 10 km away and Greater Flagstaff Chamber of Commerce is 1.9 km from the motel.,,,,
Arizona,Flagstaff,35.20146,-111.64693,The Inn At 410,5.0,"""Bespoke Inn raises the bar with the perfect blend of historic charm and modern amenities at this boutique inn. This historic property", built-in 1894 and formerly known as the Inn at 410, has been fully renovated into a modern masterpiece.,,,,
Arizona,Flagstaff,35.19508,-111.62927,Western Hills Motel,5.0,"""Situated in Flagstaff", 1.6 km from The North Pole Experience, Western Hills Motel features accommodation with a restaurant, free private parking, a bar and barbecue facilities. Located around 10 km from Coconino County Fairgrounds, the motel with free WiFi is also 2 km away from Greater Flagstaff Chamber of Commerce. The property is non-smoking and is located 3.2 km from Northern Arizona University.,
Arizona,Flagstaff,35.2085,-111.5822,Spectacular Views,5.0,"""Spectacular Views enjoys a location in Flagstaff", just 5 km from The North Pole Experience and 9 km from Northern Arizona University. This holiday home features barbecue facilities.,,,,,
Arizona,Flagstaff,35.31474,-111.55701,Flagranch Cabin,5.0,"""FlagRanch Cabin is a holiday home set in Elden Pueblo", 16 km from Flagstaff. Guests benefit from patio.,,,,,
Arizona,Flagstaff,35.30042,-111.55056,Mountain View Lodge Grand Canyon,5.0,"""Mountain View Lodge is a detached holiday home situated in Flagstaff in the Arizona Region and is 15 km from Flagstaff. It provides free private parking. Free WiFi is offered throughout the property.",,,,,,
Arizona,Flagstaff,35.08966,-111.68841,Flagstaff Chalet,5.0,"""Boasting a garden", a terrace, and a spa and wellness centre, Flagstaff Chalet provides accommodation in Flagstaff with free WiFi and mountain views. Featuring free private parking, the holiday home is in an area where guests can engage in activities such as hiking, skiing and billiards.,
Arizona,Flagstaff,35.16562,-111.67541,The Holland Home,5.0,"""The Holland Home is set in Flagstaff", 4.2 km from Northern Arizona University, and offers a terrace, garden, and free WiFi. Featuring free private parking, the holiday home is in an area where guests can engage in activities such as hiking and fishing.,
Arizona,Flagstaff,35.21202,-111.6483,Location Nature Lovers Getaway Close To Historic Downtown,5.0,"""Featuring a garden", a terrace, and barbecue facilities, LOCATION! Nature Lovers Getaway - Close to Historic Downtown features accommodation in Flagstaff with free WiFi and garden views. Boasting free private parking, the holiday home is in an area where guests can engage in activities such as hiking, skiing and cycling.,
Arizona,Flagstaff,35.22042,-111.5956,Village At Mt. Elden,5.0,"""Village at Mt. Elden in Flagstaff provides accommodation with free WiFi", 6.9 km from The North Pole Experience, 7.5 km from Northern Arizona University and 16 km from Coconino County Fairgrounds. Featuring a patio, the holiday home is in an area where guests can engage in activities such as skiing and cycling.,,,
Arizona,Gilbert,33.37276,-111.74655,Freeport Home,5.0,"""Freeport home is located in Gilbert", 37 km from Copper Square and 22 km from Sea Life Arizona, in an area where cycling can be enjoyed. The air-conditioned accommodation is 37 km from Phoenix Convention Center, and guests benefit from private parking available on site and free WiFi.,,,
Arizona,Gilbert,33.33935,-111.82243,Gilbert Island Home With Pool,5.0,"""Featuring a garden", an outdoor pool and pool views, 1457 W Antiqua Dr, Gilbert is located in Gilbert. The air-conditioned accommodation is 10 km from Mesa, and guests benefit from private parking available on site and free WiFi.,,
Arizona,Gilbert,33.22811,-111.69738,St. Andrews 2 Br Home,5.0,"""St. Andrews Home offers accommodation in Sanokai Village", 43 km from Phoenix. The unit is 37 km from Scottsdale.,,,,,
Arizona,Gilbert,33.32944,-111.78531,Ironwood Home,5.0,"""Ironwood Home is a holiday home with a barbecue", located in Gilbert. The air-conditioned unit is 30 km from Phoenix.,,,,,
Arizona,Gilbert,33.325,-111.70319,Some Kind Of Wonderful,3.0,"""Located in Gilbert in the Arizona region", Some Kind of Wonderful 3 BR by Casago is a 3-star property featuring free WiFi. The property is 22 km from Mesa and free private parking is provided.,,,,,
Arizona,Glendale,33.5573,-112.20789,Two Palms Motel,5.0,"""Located in Glendale", Arizona, Two Palms Motel offers air-conditioned guest rooms with free WiFi. Glendale town centre is 4 km away.,,,,
Arizona,Glendale,33.65691,-112.2106,Sack Dr Home,5.0,"""Featuring lake views", Sack Dr home offers accommodation with a patio and a coffee machine, around 38 km from Phoenix Convention Center. The air-conditioned accommodation is 38 km from Copper Square, and guests benefit from private parking available on site and free WiFi.,,,
Arizona,Globe,33.39715,-110.74861,Dream Manor Inn,3.0,"""Dream Manor Inn features a seasonal outdoor swimming pool", fitness centre, a bar and shared lounge in Globe. With a garden, the 3-star hotel has air-conditioned rooms with free WiFi, each with a private bathroom. There is a spa centre, entertainment staff and a shared kitchen.,
Arizona,Globe,33.39362,-110.77996,Night Inn,3.0,"""Night Inn Globe is 10 minutes drive from San Carlos Apache Airport. Free WiFi access is available.",,,,,,
Arizona,Goodyear,33.46263,-112.37688,Tru By Hilton Goodyear Phoenix West,2.0,"""Located in Goodyear and with Copper Square reachable within 30 km", Tru By Hilton Goodyear Phoenix West, Az provides a fitness centre, non-smoking rooms, free WiFi throughout the property and a shared lounge. This 2-star hotel offers a 24-hour front desk and luggage storage space. Private parking is available on site.,,
Arizona,Goodyear,33.32604,-112.45104,Estrella Mountain Ranch,5.0,"""Located just 16 km from Goodyear Ballpark", Goodyear Private Pool & Hot Tub Stunning Home 3 Bedroom provides accommodation in Goodyear with access to free bikes, a bar, as well as a 24-hour front desk. This holiday home features a private pool, a garden, barbecue facilities, free WiFi and free private parking.
Arizona,Greer,34.01157,-109.53892,Sunrise Park Resort,3.0,"""Offering an indoor pool and a restaurant", Sunrise Park Hotel includes free WiFi access. Sunrise Lake is 10 minutes drive from the property. Free transfer service to Ski Mountain is available.,,,,,
Arizona,Greer,33.99914,-109.45937,Greer Peaks Lodge,4.0,"""Set in Greer", 29 km from Sunrise Park Resort, Greer Peaks Lodge offers accommodation with a shared lounge, free private parking, a garden and a terrace. This 4-star resort offers room service, a business centre and free WiFi. The resort has family rooms.,
Arizona,Greer,34.00111,-109.46232,Greer Point Trails End Cabins,5.0,"""Offering free WiFi", these cabins are located in Greer. Guests can enjoy a fireplace and a patio with mountain views in all accommodations. Greer Lakes is 5 minutes drive from the property.,,,,,
Arizona,Holbrook,35.02695,-110.70512,Motel 10,2.0,"""Located in Winslow on Historic Route 66", Motel 10 offers simply furnished rooms. Free parking is available on site. Corner Park is 9 minutes walk away. Free parking is available on site.,,,,,
Arizona,Holbrook,35.02124,-110.69501,La Posada Hotel,4.0,"""Set in Winslow", La Posada Hotel and Gardens offers 4-star accommodation with a terrace, a restaurant and a bar. Featuring a garden, the 4-star hotel has air-conditioned rooms with free WiFi, each with a private bathroom. The accommodation offers evening entertainment and room service.,,
Arizona,Holbrook,34.90314,-110.17023,Globetrotter Lodge,,"""Located in Holbrook", Arizona, 4 miles from the Hidden Cove Golf Course, this motel offers air-conditioned theme rooms. An outdoor pool and a continental breakfast are featured.,,,
Arizona,Holbrook,35.02637,-110.70437,Winslow Inn,5.0,"""Featuring free Wi-Fi", this motel is 20 minutes drive from Homolovi Ruins State Park. All rooms feature a cable TV.,,,,,
Arizona,Holbrook,34.92457,-110.1458,66 Motel,5.0,"""2.8 km from Navajo County Courthouse", 66 Motel is situated in Holbrook and features air-conditioned rooms with free WiFi. There is a restaurant serving Mexican cuisine, and free private parking is available.,,,,
Arizona,Kayenta,36.72601,-110.2549,Wetherill Inn,2.0,"""Featuring an indoor heated pool", this motel is 40 minutes drive from Monument Valley Navajo Tribal Park. Each room includes free WiFi. A continental breakfast is served daily.,,,,,
Arizona,Kingman,35.194543,-114.03246,Hill Top Motel,5.0,,Air Conditioned Free self parking Housekeeping,,1901 East Andy Devine Avenue KingmanArizona 86401 ,86401,,
Arizona,Kingman,35.18697,-114.04161,Ramblin Rose Motel,1.0,"""This Kingman", Arizona motel is located 2.4 km off I-40, and 13.9 km from the Kingman Airport. The motel features free WiFi access.,,,,
Arizona,Kingman,35.2133528646779,-114.013876318932,Rodeway Inn Kingman,2.0,Located on Historic Route 66. Nearby restaurants  shopping and park. Complimentary Continental Breakfast.,Wireless Internet Access Car Parking,Distances are calculated in a straight line from the property&apos;s location to the point of interest or attraction  and may not reflect actual travel distance. &lt;br /&gt;&lt;br /&gt; Distances are displayed to the nearest 0.1 mile and kilometer. &lt;p&gt;Cerbat Cliffs Golf Course - 2.6 km / 1.6 mi &lt;br /&gt;Mohave Museum of History and Arts - 5 km / 3.1 mi &lt;br /&gt;Kingman Army Airfield Museum - 7.2 km / 4.5 mi &lt;br /&gt;&lt;/p&gt;&lt;p&gt;The preferred airport for Rodeway Inn Kingman is Kingman  AZ (IGM) - 8.1 km / 5 mi. &lt;/p&gt;,3016 East Andy Devine Avenue KingmanAZ 86401 ,86401,,
Arizona,Kingman,35.19058,-114.06197,Arizona Inn,2.0,"""A few steps from the Mohave Museum of History and Arts and the Route 66 Museum", this Arizona hotel features on-site dining. All guest rooms include free Wi-Fi.,,,,,
Arizona,Kingman,35.23446,-114.01816,Kingman Koa,5.0,"""Set in Kingman", Kingman KOA offers accommodation with free WiFi, air conditioning and access to a garden with an outdoor swimming pool.,,,,
Arizona,Kingman,35.19123,-114.03435,El Trovatore Motel,2.0,"""Offering free Wi-Fi", this motel is 50 minutes drive from Havasu National Wildlife Refuge. All rooms are equipped with a cable TV. Free parking is provided on site.,,,,,
Arizona,Marana,32.37506,-111.16548,White Stallion Ranch,4.0,"""Offering a hot tub and sauna", White Stallion Ranch is located in Tucson in the Arizona Region. The ranch has a year-round outdoor pool and childrens playground.,,,,,
Arizona,Maricopa,35.05824,-119.40005,Motel 8,2.0,"""Located 2 minutes walk away from Maricopa town centre", this motel features an outdoor swimming pool.  It offers simply furnished rooms with free Wi-Fi.  Free guest parking is available.,,,,,
Arizona,Maricopa,33.07255,-112.03406,Karsten Home,5.0,"""Situated in Maricopa", Karsten home features accommodation with a private pool. The air-conditioned accommodation is 37 km from Sea Life Arizona, and guests benefit from complimentary WiFi and private parking available on site.,,,,
Arizona,Meadview,35.63097,-114.24077,Joshua Tree Ostrich Ranch and Guest House,3.0,"""Located in Dolan Springs in the Arizona region", Charming Ostrich Ranch Guest House has a garden. Guests staying at this holiday home have access to free WiFi and a fully equipped kitchen.,,,,,
Arizona,Mesa,33.38993,-111.84107,Quality Inn and Suites,5.0,"""Set in Mesa in the Arizona region and Phoenix Convention Center reachable within 27 km", Venture on Country Club offers accommodation with free WiFi, BBQ facilities, a seasonal outdoor swimming pool and free private parking.,,,
Arizona,Mesa,33.39214,-111.69338,SureStay Plus Hotel by BW Mesa Superstition Springs,3.0,"""Surestay PLUS Hotel by Best Western Superstition Springs is located close to Tempe", Scottsdale, Chandler, Gilbert, Apache Junction and Phoenix. This hotel is located on the grounds of Superstition Springs Center, featuring over 150 stores. The Phoenix-Mesa Gateway Airport is seven miles from the hotel.,
Arizona,Mesa,33.56181,-111.53586,Saguaro Lake Ranch,3.0,"""Nestled in Tonto National Forest along the banks of the Salt River", this historic Mesa ranch boasts rustic cottages. An outdoor pool offers views of Goldfield Mountain Range. A full breakfast is included.,,,,,
Arizona,Mesa,33.4159,-111.71333,Colonade Motel,2.0,"""Located 5 minutes from Route 60 and less than 7 miles from downtown Mesa", this motel features an outdoor pool. Free Wi-Fi is available in every room.,,,,,
Arizona,Mesa,33.41568,-111.77284,Starlite Motel,2.0,"""Located 4 miles from Royal Palms Golf Course", this Mesa, Arizona motel features rooms with free Wi-Fi. Hohokam Stadium and Mesa Convention Center is 10 minutes drive away.,,,,
Arizona,Mesa,33.41529,-111.70369,Miles Motel,2.0,"""Less than a mile from Dreamland Villa Golf Course and 10 minutes from Red Mountain District Park", this Mesa motel offers an outdoor pool, a jacuzzi, and rooms with kitchens.,,,
Arizona,Mesa,33.41506,-111.87846,Mesa Oasis Inn & Motel,1.0,"""Located of Highway 101", this Mesa motel offers guest rooms with cable TV. Arizona State University is 8 minutes drive away and a light rail system is 3 blocks away.,,,,,
Arizona,Mesa,33.41597,-111.71404,Westernaire Motel,3.0,"""Featuring 3-star accommodation", Westernaire Motel is situated in Mesa, 41 km from Phoenix Convention Center and 42 km from Copper Square. This 3-star motel offers room service, a 24-hour front desk and free WiFi. Guests can enjoy garden views.,,,
Arizona,Mesa,33.3889955,-111.6094442,Residence Inn Phoenix Mesa East,3.0,Stop at Residence Inn by Marriott to discover the wonders of Phoenix (AZ). The property features a wide range of facilities to make your stay a pleasant experience. Service-minded staff will welcome and guide you at Residence Inn by Marriott. Each guestroom is elegantly furnished and equipped with handy amenities. The property offers various recreational opportunities. Convenience and comfort make Residence Inn by Marriott the perfect choice for your stay in Phoenix (AZ).,languages spoken accessibility Internet access things to do  ways to relax cleanliness and safety dining  drinking  and snacking services and conveniences for the kids land sports access getting around available in all rooms,,10243 East Hampton Avenue Mesa ,85209,4803739000,http://www.marriott.com/hotels/travel/phxmx-reside
Arizona,Mesa,33.48331,-111.67146,E Sandia Circle 5 Br Home,5.0,"""Set in Mesa", 22 km from Hohokam Stadium and 23 km from Arizona Museum of Natural History, E Sandia Circle Home Home offers air-conditioned accommodation with a patio and free WiFi. This holiday home has a private pool, a garden and free private parking.,,,
Arizona,Mesa,33.39337,-111.61536,Southern #1064 Condo,5.0,"""Southern #1064 Condo offers accommodation in Ciela Grande Mobile Home Park", 43 km from Phoenix and 31 km from Scottsdale. The air-conditioned unit is 20 km from Mesa.,,,,,
Arizona,Mesa,33.39337,-111.61536,Southern #3116 3 Br condo by RedAwning,5.0,"""Southern #3116 condo is located in Mesa", 48 km from Copper Square and 33 km from Sea Life Arizona, in an area where cycling can be enjoyed. The air-conditioned accommodation is 48 km from Phoenix Convention Center, and guests benefit from private parking available on site and free WiFi.,,,
Arizona,Mesa,33.49074,-111.66387,Western Hills I Home,5.0,"""Set in Mesa", 23 km from Hohokam Stadium and 24 km from Arizona Museum of Natural History, Western Hills I Home offers a garden and air conditioning. Guests may go for a swim in the private pool.,,,,
Arizona,Mesa,33.48681,-111.67274,7130 E Saddleback St 15 Home,5.0,"""Situated in Las Alegres", 7130 E Saddleback St 15 Home features accommodation with a private pool. The air-conditioned accommodation is 24 km from Mesa, and guests benefit from private parking available on site and free WiFi.,,,,
Arizona,Mesa,33.39381,-111.61174,Southern #2055 2 Bathrooms Condo,5.0,"""Southern #2055 condo is situated in Mesa", 48 km from Phoenix Convention Center and 49 km from Copper Square, in an area where cycling can be enjoyed. This property offers access to a balcony, free private parking and free WiFi.,,,
Arizona,Mesa,33.4689,-111.66987,Las Sendas Jewel,5.0,"""Located in in a private gated community in Las Sendas", this detached holiday home features a garden.,,,,,
Arizona,Mesa,33.32731,-111.59146,Valley Of The Sun Home,3.0,"""Located in Mesa", 31 km from Arizona Event Center and 32 km from Mesa Arts Center, Valley of the Sun 5 BR by Casago offers a terrace and air conditioning. It is set 31 km from Golfland Sunsplash and offers free WiFi and free private parking.,,,,
Arizona,Miami,33.2884,-111.10131,Copper Mountain Motel,2.0,"""Featuring free Wi-Fi", this motel is 5 minutes drive from Boyce Thompson Arboretum State Park. All rooms are equipped with a cable TV with satellite channels.,,,,,
Arizona,Nogales,31.461769,-111.004887,Esplendor Resort at Rio Rico,4.0,"""For a wide variety of exciting Rio Rico attractions", the resort is ideal. Explore Rio Rico's top ten attractions, and inquire at the hotel for information on many others.,,,,
Arizona,Nogales,31.34815,-110.92956,El Dorado Inn Suites Nogales,3.0,"""This Arizona motel is just a 5-minute drive from the Mexico border. El Dorado Inn Suites - Nogales features rooms with cable TV with HBO.",,,,,,
Arizona,Nogales,31.52263,-110.70364,Spirit Tree Inn B&b,5.0,"""Providing mountain views", Spirit Tree Inn B&B in Patagonia provides accommodation, a garden, a shared lounge and a terrace. The bed and breakfast features both WiFi and private parking free of charge.,,,
Arizona,Nogales,31.61345,-111.04789,Tubac Country Inn,3.0,"""Featuring a free continental breakfast delivered in-room daily", this Tubac, Arizona hotel is designed in southwest décor. Located in the artist community of Tubac, Tubac Center of the Arts is 1 minute walk away.,,,
Arizona,Nogales,31.34496,-110.93155,Americas Best Value Inn Nogales,2.0,"""Located one mile from the border of Mexico", this motel is a 3-minute drive from Pimeria Alta Historical Museum. It offers 24-hour front desk service and has air-conditioned guestrooms with free Wi-Fi.,,,,,
Arizona,Nogales,31.61689,-111.06391,Freedom On The Go Ranch,3.0,"""Featuring views of the mountains", from our ranch in the hills, above the art town of Tubac, Freedom on the Go Ranch offers a barbecue and sun terrace. Free WiFi is featured throughout the property and free private parking is available on site.,,,
Arizona,Nogales,31.54038,-110.7531,Stage Stop Inn,5.0,"""Stage Stop Inn features a garden", shared lounge, a terrace and bar in Patagonia.,,,,
Arizona,Nogales,31.56158,-111.04347,Casa Paloma B&B,5.0,"""Set in Tubac", Casa Paloma B&B offers accommodation with free WiFi, garden views, a garden with a terrace, and access to a fitness room and a hot tub.,,
Arizona,Page,36.91793,-111.45595,Lulu's Sleep Ezze Motel,2.0,"""Offering free Wi-Fi", this motel is 10 minutes drive from Lake Powell. All rooms are equipped with a cable TV. Guests have access to a shared full kitchen in the main area of the motel.,,,,,
Arizona,Page,36.91191,-111.4678,Canyon Colors Bed and Breakfast,2.0,"""Located in Page in the Arizona region and Antelope Canyon reachable within 15 km", Canyon Colors Bed and Breakfast provides accommodation with free WiFi, BBQ facilities, a garden and free private parking.,,,
Arizona,Page,36.91647,-111.4549,Debbie's Hide A Way,5.0,"""Situated in Page", 1 or 3 Bedroom Apartment with Full Kitchen is 12 km from Lake Powell and Antelope Campground. The property is located a 7.3 km from Horseshoe Bend and 47 km from Rainbow Bridge National Monument. Guests can make use of a garden and BBQ facilities.,,,,,
Arizona,Page,36.92001,-111.46153,Page Boy Motel,3.0,"""Offering a seasonal outdoor pool", this motel is 5 minutes drive from Glen Canyon Dam. Free Wi-Fi access is available. Parking is provided on site.,,,,,
Arizona,Page,36.91704,-111.45444,Page Lake Powell Nightly Rental,5.0,"""Page Lake Powell Nightly Rental is a self-catering accommodation located in Page. Free WiFi access is available. The property is 11.6 km from Lake Powell.",,,,,,
Arizona,Page,36.91734,-111.45582,Red Rock Motel,5.0,"""Red Rock Motel is set in Page", near Lake Powell. Free WiFi is provided.,,,,,
Arizona,,33.531101227,-111.92913055,SmokeTree Resort and Bungalows,3.0,HotelDescription#This popular property enjoys a privileged location in Scottsdale . The property consists of 26 rooms. A key collection service is available.,,,7101 East Lincoln Drive ScottsdaleArizona 85253 ,85253,4809487660,http://www.smoketreeresort.com
Arizona,Parker,34.15018,-114.29009,Budget Inn Parker,2.0,"""Featuring an outdoor swimming pool", this Parker, Arizona hotel is 20 minutes drive to Lake Havasu and 20 miles from to Parker Dam. Free Wi-Fi is provided in all rooms,,,,
Arizona,Parker,34.26352,-114.12939,Harbour Inn,4.0,"""This inn is a 5-minute drive from Buckskin Mountain State Park and a 10-minute drive from Parker Dam. It offers tourist maps", free Wi-Fi and suites with kitchens.,,,,,
Arizona,Patagonia,31.52263,-110.70364,Spirit Tree Inn B&b,5.0,"""Providing mountain views", Spirit Tree Inn B&B in Patagonia provides accommodation, a garden, a shared lounge and a terrace. The bed and breakfast features both WiFi and private parking free of charge.,,,
Arizona,Patagonia,31.54038,-110.7531,Stage Stop Inn,5.0,"""Stage Stop Inn features a garden", shared lounge, a terrace and bar in Patagonia.,,,,
Arizona,Payson,34.22974,-111.32582,Rim Country Inn,1.0,"""Located off Highway 87", this Arizona motel offers simply furnished rooms with free WiFi and free local calls. Payson town centre attractions, such as Zane Grey Cabin and the Payson Event Center are a 5-minute drive away.,,,,
Arizona,Peoria,33.731067657,-112.24027252,Rosewood Estate,4.0,,,,8362 West Rosewood Lane PeoriaArizona 85383 ,85383,6236874188,http://www.8362rosewood.com/
Arizona,Phoenix,33.41352,-112.009,Drury Inn & Suites Phoenix Airport,3.0,"""Featuring an outdoor swimming pool and a hot tub", this hotel offers free transfer services to Phoenix Sky Harbor International airport. Each room includes free Wi-Fi. A hot breakfast is served daily.,,,,,
Arizona,Phoenix,33.503417138965,-112.03525900841,Oakwood Biltmore,3.0,HotelDescription#Further information about this hotel will be available shortly,NO Garage NO Car park NO Connecting rooms NO Large pets allowed (over 5 kg) NO Disability-friendly bathroom NO Small pets allowed (under 5 kg) NO Wheelchair-accessible NO Smoking rooms,,4644 North 22nd Street PhoenixArizona 85016 ,85016,,http://www.oakwood.com/corporate-apartments/furnis
Arizona,Phoenix,33.57978,-112.11792,Premier Inns Metro,2.0,"""Located 16 miles from Sky Harbor International Airport", this Phoenix inn offers on-site dining and an outdoor pool. All rooms include cable TV. US Airways Center is 20 minutes drive away.,,,,,
Arizona,Phoenix,33.296018,-111.883774,Oakwood Villa Pallavicini,3.0,HotelDescription#Further information about this hotel will be available shortly,NO Small pets allowed (under 5 kg) NO Garage NO Car park NO Disability-friendly bathroom NO Smoking rooms NO Large pets allowed (over 5 kg) NO Wheelchair-accessible NO Connecting rooms,,635 South Ellis Street ChandlerArizona 85224 ,85224,4807260303,http://www.villapallaviciniapts.com/
Arizona,Phoenix,33.57551,-111.927296,Homewood Suites by Hilton Phoenix Scottsdale,3.0,"""<p>HeadLine : In Paradise Valley (Central Scottsdale)</p><p>Location : With a stay at Metro Scottsdale Apartments in Paradise Valley (Central Scottsdale)", you ll be within a 15-minute drive of Talking Stick Resort Casino and Camelback Mountain.  This apartment is 10.5 mi (16.9 km) from Arizona State University and 3.5 mi (5.6 km) from Kierland Commons.</p><p>Rooms : Make yourself at home in one of the 114 guestrooms, featuring kitchens with full-sized refrigerators/freezers and microwaves. Complimentary wireless Internet access is available to keep you connected.</p><p>CheckIn Instructions : <ul>  <li>Extra-person charges may apply and vary depending on property policy</li><li>Government-issued photo identification and a credit card may be required at check-in for incidental charges</li><li>Special requests are subject to availability upon check-in and may incur additional charges; special requests cannot be guaranteed</li><li>This property accepts credit cards and debit cards; cash is not accepted</li><li>Noise-free guestrooms cannot be guaranteed</li>  </ul></p><p>Special Instructions : The front desk is open during the following times:<ul><li>Monday - Saturday: 9:00 AM - 6:00 PM</li></ul> Prior to arrival, guests must complete online registration with the property via a secure link. Guests will be asked to provide the property with a copy of their government-issued photo ID before arrival. ,,,
Arizona,Phoenix,33.499,-112.074,Holiday Inn Phoenix Midtown,3.0,"""The charming city hotel is centrally located in the financial district of Phoenix just a few minutes from the city centre. The Civic Plaza is 5 km away and Phoenix Airport is around 10 km away.",,,,,,
Arizona,Phoenix,33.31091,-111.84189,Redwood Motel,1.0,"""Offering free Wi-Fi", this motel is 10 minutes drive from Golfland Sunsplash. Each room is equipped with a cable TV. Free parking is provided on site.,,,,,
Arizona,Phoenix,33.505409,-111.928706,Days Inn Scottsdale Fashion Square,2.0,"""The appealing city hotel offers good value for money and is situated in the centre of Scottsdale. The Fashion Square shopping centre is located nearby and the hotel is just a short walk from countless shops", theatres and art galleries.,,,,,
Arizona,Phoenix,33.50956,-111.92047,Hotel Waterfront Ivy,3.0,Boutique hotel in quiet neighborhood alongside the Arizona Canal just minutes north of downtown Scottsdale shops galleries and restaurants.  Spacious accomodations all with queen beds Executive Studios with work stations one and two bedroom suites with fully equipped kitchens and separate living ...,,,7445 East Chaparral Road ScottsdaleArizona 85250 ,85250,4809945282,
Arizona,Phoenix,33.69973,-112.1106,Drury Inn & Suites Happy Valley Phoenix,3.0,"""Featuring a partially-covered outdoor pool and hot tub", this hotel is 25 minutes drive from Phoenix Sky Harbor International Airport. Free Wi-Fi is included in all rooms. A free QUIKSTART breakfast is served daily.,,,,,
Arizona,Phoenix,33.544609,-111.891528,Days Inn and Suites Scottsdale North,2.0,"""<p>HeadLine : Near Salt River Fields at Talking Stick</p><p>Location : Located in Scottsdale (South Scottsdale)", Days Inn & Suites by Wyndham Scottsdale North is within a 5-minute walk of Salt River Fields at Talking Stick and within a 5-minute drive of OdySea Aquarium.  This hotel is 4.4 mi (7.1 km) from Old Town and 5 mi (8.1 km) from Scottsdale Fashion Square.</p><p>Rooms : Make yourself at home in one of the 47 air-conditioned rooms featuring refrigerators and microwaves. Complimentary wireless Internet access keeps you connected, and cable programming is available for your entertainment. Private bathrooms with shower/tub combinations feature complimentary toiletries and hair dryers. Conveniences include safes and desks," as well as phones with free local calls.</p><p>Dining : A complimentary self-serve breakfast is served daily from 6:30 AM to 9:30 AM.</p><p>Renovations : The following facilities will be closed from 18 March 2020 to 30 April 2020 (dates subject to change): <ul><li>Fitness facilities</li><li>Spa tub</li><li>Swimming pool</li></ul></p><p>CheckIn Instructions : Extra-person charges may apply and vary depending on property policy. <br />Government-issued photo identification and a credit card are required at check-in for incidental charges. <br />Special requests are subject to availability upon check-in and may incur additional charges. Special requests cannot be guaranteed. <ul>  Please note that cultural norms and guest policies may differ by country and by property. The policies listed are provided by the property. </ul></p>""",Wheelchair-accessible lounge elevator Free self-serve breakfast 24-hour front desk Free breakfast Free WiFi Outdoor pool Children's pool Safe-deposit box at front desk Terrace Luggage storage Free RV  bus  truck parking ATM/banking Concierge services Gift shops or newsstand Designated smoking areas Wheelchair accessible (may have limitations) Laundry facilities Spa tub Wheelchair accessible path of travel Television in common areas 24-hour fitness facilities Roll-in shower Wheelchair accessible parking In-room accessibility Braille or raised signage Wheelchair-accessible path to elevator Outdoor furniture Wheelchair-accessible registration desk Wheelchair-accessible pool Wheelchair-accessible fitness center,"""                            Distances are displayed to the nearest 0.1 mile and kilometer. <br /> <p>Salt River Fields at Talking Stick - 0.2 km / 0.1 mi <br /> Butterfly Wonderland - 2.5 km / 1.5 mi <br /> OdySea Aquarium - 2.5 km / 1.6 mi <br /> Old Town - 7.1 km / 4.4 mi <br /> Scottsdale Fashion Square - 8.1 km / 5 mi <br /> Scottsdale Waterfront - 8.3 km / 5.2 mi <br /> Camelback Mountain - 9.3 km / 5.8 mi <br /> Scottsdale Center for the Performing Arts - 9.4 km / 5.9 mi <br /> Scottsdale Museum of Contemporary Art - 9.5 km / 5.9 mi <br /> Scottsdale Healthcare Osborn Medical Center - 9.6 km / 5.9 mi <br /> Scottsdale Stadium - 9.8 km / 6.1 mi <br /> Western Spirit: Scottsdale s Museum of the West - 9.9 km / 6.1 mi <br /> Westworld of Scottsdale - 10.6 km / 6.6 mi <br /> Cactus Park - 10.7 km / 6.7 mi <br /> Scottsdale Quarter - 11.2 km / 7 mi <br /> </p><p>The nearest airports are:<br />Phoenix  AZ (PHX-Sky Harbor Intl.) - 23.6 km / 14.7 mi<br /> Scottsdale  AZ (SCF) - 11.9 km / 7.4 mi<br /> Mesa  AZ (MSC-Falcon Field Municipal) - 33.5 km / 20.8 mi<br /> Phoenix  AZ (DVT-Phoenix Deer Valley) - 34.3 km / 21.3 mi<br /> Chandler  AZ (CHD-Chandler Municipal) - 37.9 km / 23.6 mi<br /> </p><p>The preferred airport for Days Inn & Suites by Wyndham Scottsdale North is Phoenix  AZ (PHX-Sky Harbor Intl.). </p>",
Arizona,Phoenix,33.528517,-111.929341,Scottsdale Cottonwoods Resort,3.0,"""HotelDescription#This hotel borders Rodeo Drive in Scottsdale in the state of Arizona. Restaurants and bars as well as links to the public transport network are to be found in the near vicinity. Countless shopping venues are to be found about 1.5 km from the hotel. The city of Phoenix is just 20 km away.",,,,,,
Arizona,Phoenix,33.451199,-112.008194,Super 8 Phoenix Airport,5.0,,,,965 East Van Buren Phoenix ,,,
Arizona,Phoenix,33.30596,-111.943912,Hawthorn Suites By Wyndham Chandler Phoenix Area,2.0,"""<p>HeadLine : Near Lone Butte Casino</p><p>Location : With a stay at Metro Chandler Apartments in Chandler", you ll be within a 15-minute drive of Arizona State University and Lone Butte Casino.  This apartment is 2.7 mi (4.3 km) from Chandler Fashion Center and 16.1 mi (26 km) from Phoenix Zoo.</p><p>Rooms : Make yourself at home in one of the 100 individually furnished guestrooms, featuring kitchens with stovetops and dishwashers. 42-inch flat-screen televisions with cable programming provide entertainment, while complimentary wireless Internet access keeps you connected. Conveniences include desks and separate sitting areas.</p><p>CheckIn Instructions : <ul>  <li>Extra-person charges may apply and vary depending on property policy</li><li>Government-issued photo identification and a credit card may be required at check-in for incidental charges</li><li>Special requests are subject to availability upon check-in and may incur additional charges; special requests cannot be guaranteed</li><li>This property accepts credit cards and debit cards; cash is not accepted</li><li>Safety features at this property include a carbon monoxide detector, a fire extinguisher, and a smoke detector</li><li>Please note that cultural norms and guest policies may differ by country and by property; the policies listed are provided by the property</li>  </ul></p><p>Special Instructions : The front desk is open daily from 9:00 AM - 5:00 PM. Prior to arrival, guests must complete online registration with the property via a secure link. Guests will be asked to provide the property with a copy of their government-issued photo ID before arrival. 
Arizona,Phoenix,33.37257,-111.98319,Raintree At Worldmark Phoenix South Mountain Preserve,3.0,"""Featuring a year round outdoor heated pool", this resort is 15 minutes drive from Phoenix Sky Harbor International Airport. Free parking is provided on site.,,,,,
Arizona,Phoenix,33.38993,-111.84107,Quality Inn and Suites,5.0,"""Set in Mesa in the Arizona region and Phoenix Convention Center reachable within 27 km", Venture on Country Club offers accommodation with free WiFi, BBQ facilities, a seasonal outdoor swimming pool and free private parking.,,,
Arizona,Phoenix,33.60238,-111.71662,Fountain Park Hotel BW Signature Collection,3.0,"""Providing a variety of modern and free amenities.",,,,,,
Arizona,Phoenix,33.49377,-112.11606,Travel Inn,5.0,"""Set in Phoenix", 7.5 km from Copper Square, Travel Inn offers accommodation with free WiFi and free private parking. The property is around 7.5 km from Phoenix Convention Center, 6.4 km from Heard Museum and 6.5 km from Phoenix Art Museum. Talking Stick Resort Arena is 7.6 km from the motel and Burton Barr Library is 8.1 km away.,,,
Arizona,Phoenix,33.5102,-112.07499,Maricopa Manor B&B Inn,3.0,"""In a residential neighbuorhood in northern Phoenix", Arizona, steps from the shops and restaurants of the Uptown Plaza, this inn offers spacious suites, relaxing gardens and enjoyable facilities.,,
Arizona,Phoenix,33.531101227,-111.92913055,SmokeTree Resort and Bungalows,3.0,HotelDescription#This popular property enjoys a privileged location in Scottsdale . The property consists of 26 rooms. A key collection service is available.,,,7101 East Lincoln Drive ScottsdaleArizona 85253 ,85253,4809487660,http://www.smoketreeresort.com
Arizona,Phoenix,33.450808,-112.010206,Travelodge Phoenix Airport,1.0,"""Property Category Economy. Property Type Inn. Total rooms and suites 28. Floors 2. Property description- The newly remodeled Travelodge Phoenix Airport offers a complimentary 24 Hr Airport Shuttle to and from Sky Harbor International Airport. ",,,,,,
Arizona,Phoenix,33.42042,-111.94009,University Inn & Suites Asu tempe,1.0,"""Featuring free WiFi", this Tempe hotel is located 1 mile from Sun Devil Stadium.,,,,,
Arizona,Phoenix,33.465900421,-112.07099915,Quality Inn & Suites Downtown,3.0,This 2 star hotel is located in the city centre of Phoenix. The Hotel has an outdoor swimming pool. All 48 rooms are equipped with hairdryer and air conditioning.,Meeting rooms Heated pool airport transfer Breakfast room Internet access WiFi everywhere Outdoor Swimming Pool Cinema Hot tub Whirlpool Free Wireless Internet access Newspapers Cafe Disabled Facilities in Public Areas Free self parking American Express Spa tub Coach parking Visa Discover Diners Club Carte Blanche Breakfast included Gym Golf Course Free Newspaper Jacuzzi Business services Self Laundry Wireless Internet Access Lounge Free airport transportation Car Parking Elevator / Lift Conference Facilites Sun terrace Private garage,,202 East McDowell Road PhoenixAZ 85004 ,85004,8774246423,
Arizona,Phoenix,33.42169,-111.9163,Quality Inn At Asu,2.0,"""The Tempest Hotel Tempe ASU", Ascend Hotel Collection in Tempe is located near Arizona State Universitys orientation and all of the colleges sports try-outs. Full-service accommodations include: free high-speed Internet access, free local calls, and free newspaper.,,,
Arizona,Phoenix,33.39214,-111.69338,SureStay Plus Hotel by BW Mesa Superstition Springs,3.0,"""Surestay PLUS Hotel by Best Western Superstition Springs is located close to Tempe", Scottsdale, Chandler, Gilbert, Apache Junction and Phoenix. This hotel is located on the grounds of Superstition Springs Center, featuring over 150 stores. The Phoenix-Mesa Gateway Airport is seven miles from the hotel.,
Arizona,Phoenix,33.33341,-111.96998,Drury Inn & Suites Phoenix Tempe,3.0,"""Featuring a daily hot breakfast buffet", Drury Inn & Suites Phoenix Tempe is 10 minutes drive from Arizona State University. An outdoor pool and hot tub are available to guests of the hotel.,,,,,
Arizona,Phoenix,33.56181,-111.53586,Saguaro Lake Ranch,3.0,"""Nestled in Tonto National Forest along the banks of the Salt River", this historic Mesa ranch boasts rustic cottages. An outdoor pool offers views of Goldfield Mountain Range. A full breakfast is included.,,,,,
Arizona,Phoenix,33.731067657,-112.24027252,Rosewood Estate,4.0,,,,8362 West Rosewood Lane PeoriaArizona 85383 ,85383,6236874188,http://www.8362rosewood.com/
Arizona,Phoenix,33.4159,-111.71333,Colonade Motel,2.0,"""Located 5 minutes from Route 60 and less than 7 miles from downtown Mesa", this motel features an outdoor pool. Free Wi-Fi is available in every room.,,,,,
Arizona,Phoenix,33.41568,-111.77284,Starlite Motel,2.0,"""Located 4 miles from Royal Palms Golf Course", this Mesa, Arizona motel features rooms with free Wi-Fi. Hohokam Stadium and Mesa Convention Center is 10 minutes drive away.,,,,
Arizona,Phoenix,33.3904,-111.545,Countryside RV Resort,5.0,,Billiards / Pool Table Self Laundry Free self parking Library Spa tub Fitness Center Business centre,,2701 S. Idaho Road Apache JunctionCA 85119 ,85119,8775702267,http://www.rvonthego.com/arizona/countryside-rv-re
Arizona,Phoenix,33.41529,-111.70369,Miles Motel,2.0,"""Less than a mile from Dreamland Villa Golf Course and 10 minutes from Red Mountain District Park", this Mesa motel offers an outdoor pool, a jacuzzi, and rooms with kitchens.,,,
Arizona,Phoenix,33.43028,-112.06602,EZ 8 Motel Airporter,2.0,"""Boasting an outdoor pool and hot tub", this Phoenix motel is 3 miles from Bank One Ballpark. Each air-conditioned room includes cable TV. Sky Harbor International Airport is 2 miles away.,,,,,
Arizona,Phoenix,33.46405,-112.24005,Premier Inns Tolleson,2.0,"""Located 10.4 km from University of Phoenix Stadium", this Tolleson motel offers an outdoor pool and hot tub. All air-conditioned rooms are equipped with a fridge. Sky Harbor International Airport is 23 km away.,,,,,
Arizona,Phoenix,33.62807,-111.92262,Sundance Luxury Resort,,"""Offering an outdoor pool and a spa and wellness centre", Sundance Luxury Resort is located in Scottsdale. Free WiFi access is available. Old Town Scottsdale is 20 minutes drive from the resort.,,,,,
Arizona,Phoenix,33.28954,-111.89129,Drury Inn & Suites Phoenix Chandler Fashion Center,3.0,"""Featuring 3-star accommodation", Drury Inn & Suites Phoenix Chandler Fashion Center is set in Chandler, 33 km from Copper Square and 18 km from Sea Life Arizona. With a fitness centre, the 3-star hotel has air-conditioned rooms with free WiFi, each with a private bathroom. The property is non-smoking and is located 33 km from Phoenix Convention Center.,,
Arizona,Phoenix,33.41506,-111.87846,Mesa Oasis Inn & Motel,1.0,"""Located of Highway 101", this Mesa motel offers guest rooms with cable TV. Arizona State University is 8 minutes drive away and a light rail system is 3 blocks away.,,,,,
Arizona,Phoenix,33.85041,-112.02534,Full Circle Ranch Bed and Breakfast Inn,5.0,"""Set in Cave Creek", Full Circle Ranch B&B Inn offers accommodation with air conditioning and access to a garden. Complimentary WiFi is offered.,,,,,
Arizona,Phoenix,33.37144,-112.57542,Buckeye Motor Hotel,2.0,"""Set in Buckeye", 47 km from Phoenix, BUCKEYE MOTOR HOTEL features free WiFi access and free private parking.,,,,
Arizona,Phoenix,33.61225,-111.93421,Casa De Palms,5.0,"""Casa De Palms Home is a holiday home in Scottsdale", 8 km from OdySea Aquarium and 17 km from Desert Botanical Gardens. Boasting a patio, the holiday home is in an area where guests can engage in activities such as golfing, cycling and fishing.,,,
Arizona,Phoenix,33.45842,-112.07515,Union @ Roosevelt,4.0,"""Set in Phoenix", Stay Alfred Union at Roosevelt features accommodation with free WiFi, within 1.5 km of Phoenix Convention Center.,,,,
Arizona,Phoenix,33.43059,-111.94287,SALT,4.0,"""Situated in Tempe", Stay Alfred on Rio Salado Parkway features accommodation with a flat-screen TV and a kitchen. Complimentary WiFi is offered.,,,,,
Arizona,Phoenix,33.83242,-111.94489,Prickly Pear Inn,3.0,"""Prickly Pear Inn is located in Cave Creek. This property provides kitchenettes in each room as well as a private bathroom with a shower and free toiletries. Guests are required to show a photo identification and credit card upon check-in. Please note that all Special Requests are subject to availability and additional charges may apply.",,,,,,
Arizona,Phoenix,33.5573,-112.20789,Two Palms Motel,5.0,"""Located in Glendale", Arizona, Two Palms Motel offers air-conditioned guest rooms with free WiFi. Glendale town centre is 4 km away.,,,,
Arizona,Phoenix,33.41597,-111.71404,Westernaire Motel,3.0,"""Featuring 3-star accommodation", Westernaire Motel is situated in Mesa, 41 km from Phoenix Convention Center and 42 km from Copper Square. This 3-star motel offers room service, a 24-hour front desk and free WiFi. Guests can enjoy garden views.,,,
Arizona,Phoenix,33.8314,-111.94388,Cave Creek Tumbleweed Hotel,5.0,"""Set in Cave Creek", Cave Creek Tumbleweed Hotel has a seasonal outdoor swimming pool, shared lounge, garden, and free WiFi. Free private parking is available and the hotel also offers bike hire for guests who want to explore the surrounding area.,,
Arizona,Phoenix,33.83577,-111.94279,Spur Cross Bed And Breakfast,5.0,"""Situated 18 km from Troon North Golf Club", Spur Cross Inn offers a garden, and air-conditioned accommodation with a patio and free WiFi.,,,,
Arizona,Phoenix,33.62564,-111.92291,Stay Alfred at Broadstone Scottsdale Quarter,4.0,"""Set in Scottsdale", 13 km from OdySea Aquarium and 20 km from Desert Botanical Gardens, Stay Alfred at Broadstone Scottsdale Quarter offers accommodation with free WiFi.,,,,
Arizona,Phoenix,33.3889955,-111.6094442,Residence Inn Phoenix Mesa East,3.0,Stop at Residence Inn by Marriott to discover the wonders of Phoenix (AZ). The property features a wide range of facilities to make your stay a pleasant experience. Service-minded staff will welcome and guide you at Residence Inn by Marriott. Each guestroom is elegantly furnished and equipped with handy amenities. The property offers various recreational opportunities. Convenience and comfort make Residence Inn by Marriott the perfect choice for your stay in Phoenix (AZ).,languages spoken accessibility Internet access things to do  ways to relax cleanliness and safety dining  drinking  and snacking services and conveniences for the kids land sports access getting around available in all rooms,,10243 East Hampton Avenue Mesa ,85209,4803739000,http://www.marriott.com/hotels/travel/phxmx-reside
Arizona,Phoenix,33.46263,-112.37688,Tru By Hilton Goodyear Phoenix West,2.0,"""Located in Goodyear and with Copper Square reachable within 30 km", Tru By Hilton Goodyear Phoenix West, Az provides a fitness centre, non-smoking rooms, free WiFi throughout the property and a shared lounge. This 2-star hotel offers a 24-hour front desk and luggage storage space. Private parking is available on site.,,
Arizona,Phoenix,33.50191,-111.92006,"""Senna House Scottsdale"," Curio Collection By Hilton""",4.0,"""Featuring 4-star accommodation", Senna House Scottsdale, Curio Collection By Hilton is located in Scottsdale, 19 km from Copper Square and 20 km from Phoenix Convention Center. Featuring free bikes, the 4-star hotel has air-conditioned rooms with a private bathroom. Private parking is available on site.,
Arizona,Phoenix,33.82408,-111.92177,Hampton Inn by Hilton Carefree,5.0,"""Hampton Inn Carefree", Az features an outdoor swimming pool, garden, a shared lounge and terrace in Carefree. Providing a bar, the property is located within 15 km of Troon North Golf Club. The hotel has a hot tub, a 24-hour front desk and free WiFi.,
Arizona,Phoenix,33.45287,-112.0846,Egyptian Motor Hotel BW Signature Collection,3.0,"""Introducing the newly resurrected Egyptian Motor Hotel", Best Western Signature Collection brought back to life to inspire the creative types, the foodies, and the music lovers who like to connect and surround themselves in originality.,,,
Arizona,Phoenix,33.66621,-111.9237,Home2 Suites By Hilton North Scottsdale Near Mayo Clinic,3.0,"""Located 37 km from Copper Square", Home2 Suites By Hilton North Scottsdale Near Mayo Clinic offers 3-star accommodation in Scottsdale and features barbecue facilities. With a shared lounge, the 3-star hotel has air-conditioned rooms with free WiFi. Private parking is available on site.,,,,
Arizona,Phoenix,33.42164,-111.93914,Omni Tempe Hotel at ASU,4.0,"""Omni Tempe Hotel at ASU has an outdoor swimming pool", fitness centre, a restaurant and bar in Tempe. This 4-star hotel offers room service and a 24-hour front desk. The property is allergy-free and is set 17 km from Phoenix Convention Center.,,,,
Arizona,Phoenix,33.8176,-111.90839,Village At Carefree,5.0,"""Well located in the North Scottsdale district of Carefree", Village at Carefree is located 13 km from Troon North Golf Club, 23 km from Musical Instrument Museum and 26 km from Pioneer Living History Village. The property is situated 28 km from Deer Valley Rock Art Center, 33 km from OdySea Aquarium and 41 km from Castles and Coasters. The accommodation provides an ATM and free WiFi throughout the property.,,,
Arizona,Phoenix,33.48331,-111.67146,E Sandia Circle 5 Br Home,5.0,"""Set in Mesa", 22 km from Hohokam Stadium and 23 km from Arizona Museum of Natural History, E Sandia Circle Home Home offers air-conditioned accommodation with a patio and free WiFi. This holiday home has a private pool, a garden and free private parking.,,,
Arizona,Phoenix,33.61684,-111.97314,Cactus Wren,5.0,"""Boasting air-conditioned accommodation with a private pool", Cactus Wren is situated in Phoenix. This holiday home features accommodation with a patio and free WiFi.,,,,,
Arizona,Phoenix,33.69656,-111.97668,Desert Ridge,5.0,"""Situated in Phoenix", 34 km from Copper Square and 35 km from Phoenix Convention Center, Desert Ridge features air-conditioned accommodation with a patio and free WiFi. This holiday home also features a private pool.,,,,
Arizona,Phoenix,33.5,-112.087,3BR Home Private Pool Garage by WanderJaunt,5.0,"""Set in Phoenix", 7 km from Phoenix Convention Center and 8 km from Copper Square, 3BR Home, Private Pool, Garage by WanderJaunt provides accommodation with amenities such as free WiFi and a flat-screen TV. Guests staying at this holiday home have access to a fully equipped kitchen.,,
Arizona,Phoenix,33.46355,-111.9172,Park Suites At 141 Apt,5.0,"""Set 3 km from Desert Botanical Gardens in Scottsdale", Scottsdale 141 - One Bedroom Apartment offers accommodation with a kitchen. The accommodation is 11 km from the OdySea Aquarium.,,,,,
Arizona,Phoenix,33.73853,-111.83082,Desert Paradise Home,5.0,"""Situated in Scottsdale", 3.1 km from Troon North Golf Club and 21 km from Musical Instrument Museum, Desert Paradise Villa features air-conditioned accommodation with a patio and free WiFi. This holiday home also features a private pool.,,,,
Arizona,Phoenix,33.39337,-111.61536,Southern #1064 Condo,5.0,"""Southern #1064 Condo offers accommodation in Ciela Grande Mobile Home Park", 43 km from Phoenix and 31 km from Scottsdale. The air-conditioned unit is 20 km from Mesa.,,,,,
Arizona,Phoenix,33.49588,-112.37528,Elm St Home,5.0,"""Set in Litchfield Park in the Arizona Region", this holiday home is 29 km from Phoenix. The unit is 42 km from Scottsdale.,,,,,
Arizona,Phoenix,33.58066,-112.05333,Phoenix Condo,4.0,"""Boasting an outdoor swimming pool", a bar, and a garden, Phoenix Condo features accommodation in Phoenix with free WiFi and garden views. This apartment offers air-conditioned accommodation with a patio.,,,
Arizona,Phoenix,33.585,-111.929,Cozy 2BR Heated Pool 219 by Wanderjaunt,5.0,"""Situated in Scottsdale", within 8 km of OdySea Aquarium and 16 km of Desert Botanical Gardens, Cozy 2BR with Heated Pool #219 by WanderJaunt offers accommodation with free WiFi, air conditioning and a fitness centre. The property is 11 km from Old Town Scottsdale and 11 km from School of Architecture at Taliesin.,,,
Arizona,Phoenix,33.37276,-111.74655,Freeport Home,5.0,"""Freeport home is located in Gilbert", 37 km from Copper Square and 22 km from Sea Life Arizona, in an area where cycling can be enjoyed. The air-conditioned accommodation is 37 km from Phoenix Convention Center, and guests benefit from private parking available on site and free WiFi.,,,
Arizona,Phoenix,33.49262,-111.91318,Main Street Condo Unit 203 2 Br Condo,5.0,"""Situated 5 km from Desert Botanical Gardens in Scottsdale", 7777 E. Main St Condo Unit 203 Condo is an apartment with a kitchen. Guests have a private balcony.,,,,,
Arizona,Phoenix,33.46196,-111.92078,7419 E Belleview Home,5.0,"""7419 E Belleview Home is situated in Scottsdale", 3.7 km from Desert Botanical Gardens, in an area where cycling can be enjoyed. The property is 14 km from OdySea Aquarium and 3.1 km from Big Surf Waterpark Tempe.,,,,
Arizona,Phoenix,33.6703,-112.42388,Enchantment 3 Br Home,5.0,"""Enchantment home is situated in Surprise", 43 km from Phoenix Convention Center and 27 km from State Farm Stadium, in an area where cycling can be enjoyed. The air-conditioned accommodation is 43 km from Copper Square, and guests benefit from private parking available on site and free WiFi.,,,
Arizona,Phoenix,33.33935,-111.82243,Gilbert Island Home With Pool,5.0,"""Featuring a garden", an outdoor pool and pool views, 1457 W Antiqua Dr, Gilbert is located in Gilbert. The air-conditioned accommodation is 10 km from Mesa, and guests benefit from private parking available on site and free WiFi.,,
Arizona,Phoenix,33.4861,-111.932,4BR Scottsdale Townhome by Wanderjaunt,5.0,"""Situated in Scottsdale", 5 km from Desert Botanical Gardens and 12 km from OdySea Aquarium, Spacious 4BR Townhome in Scottsdale by WanderJaunt offers free WiFi and air conditioning. The property is 6 km from Desert Botanical Garden and 7 km from Big Surf Waterpark Tempe.,,,,
Arizona,Phoenix,33.46856,-111.93445,Ultra posh Home Home,5.0,"""Located in Scottsdale", 2.2 km from Desert Botanical Gardens and 14 km from OdySea Aquarium, Ultra-Posh Home Home provides air-conditioned accommodation with a patio and free WiFi. This holiday home features a private pool, a garden and free private parking.,,,
Arizona,Phoenix,33.54832,-111.92525,McCormick Ranch Villa,5.0,"""Featuring a year-round outdoor pool", this villa is located in Scottsdale. Guests can enjoy a private patio with lake views and a hot tub. Old Town Scottsdale is 6.1 km from the villa.,,,,,
Arizona,Phoenix,33.62078,-111.87367,4605 S Ocean Blvd Condo #c4,5.0,"""Set in Scottsdale in the Arizona region", 4605 S Ocean Blvd Condo #C4 features a patio. The air-conditioned accommodation is 10 km from OdySea Aquarium, and guests benefit from complimentary WiFi and private parking available on site.,,,,
Arizona,Phoenix,33.58067,-112.05328,Phoenix Townhouse,5.0,"""Set within the North Mountain district in Phoenix", Phoenix Townhouse has air conditioning, a patio, and garden views. It is located 15 km from Copper Square and offers free WiFi plus a shared kitchen.,,,
Arizona,Phoenix,33.63107,-111.97007,N 51st 4 Br Home,5.0,"""Set in Phoenix", N 51St Home Home offers accommodation with a private pool. The air-conditioned accommodation is 28 km from Copper Square, and guests benefit from complimentary WiFi and private parking available on site.,,,,
Arizona,Phoenix,33.4349,-111.93,Modern Tempe Apartments by WanderJaunt,5.0,"""Located in Tempe", 4.1 km from Arizona State University and 10 km from Sea Life Arizona, Modern 1BR on the Lake #4035 by WanderJaunt provides accommodation with free WiFi, air conditioning and a fitness centre. The property is 4.1 km from Tempe Center for the Arts and 5 km from Grady Gammage Memorial Auditorium.,,,
Arizona,Phoenix,33.49204,-111.99447,E Indianola Home Home,5.0,"""Set in Phoenix in the Arizona region", E Indianola Home Home features a patio. The air-conditioned accommodation is 12 km from Copper Square, and guests benefit from private parking available on site and free WiFi.,,,,
Arizona,Phoenix,33.4816,-112.034,Sleek 2BR Townhome Central Phx by WanderJaunt,5.0,"""Located in Phoenix", 8 km from Phoenix Convention Center, Sleek 2BR Townhome, Central Phx by WanderJaunt provides a living room with a flat-screen TV. The air-conditioned accommodation is 8 km from Copper Square, and guests benefit from private parking available on site and free WiFi.,,
Arizona,Phoenix,33.22811,-111.69738,St. Andrews 2 Br Home,5.0,"""St. Andrews Home offers accommodation in Sanokai Village", 43 km from Phoenix. The unit is 37 km from Scottsdale.,,,,,
Arizona,Phoenix,33.4817,-111.914,Charming 4BR Scottsdale Home,5.0,"""Set in Scottsdale", 11 km from OdySea Aquarium, Charming 4BR Scottsdale Home by WanderJaunt offers a living room with a flat-screen TV. The air-conditioned accommodation is 6 km from Desert Botanical Gardens, and guests benefit from complimentary WiFi and private parking available on site.,,,
Arizona,Phoenix,33.60604,-111.9383,Eugie Terrace Home,5.0,"""Situated in Scottsdale", 28 km from Copper Square and 29 km from Phoenix Convention Center, Eugie Terrace home features air-conditioned accommodation with a patio and free WiFi. This holiday home has a private pool, a garden and free private parking.,,,
Arizona,Phoenix,33.5083,-111.924,Relaxing 2BR Scottsdale Apartment by WanderJaunt,5.0,"""Located in Scottsdale", 7 km from Desert Botanical Gardens and 9 km from OdySea Aquarium, Relaxing 2BR Scottsdale Apartment by WanderJaunt provides accommodation with amenities such as free WiFi and a flat-screen TV. The property is 3.2 km from Scottsdale Stadium and 7 km from Camelback Mountain.,,,,
Arizona,Phoenix,33.49731,-112.06506,Devonshire #3032 Condo,5.0,"""Situated in Phoenix", this air-conditioned apartment features a balcony. The apartment is 5 km from Copper Square.,,,,,
Arizona,Phoenix,33.39337,-111.61536,Southern #3116 3 Br condo by RedAwning,5.0,"""Southern #3116 condo is located in Mesa", 48 km from Copper Square and 33 km from Sea Life Arizona, in an area where cycling can be enjoyed. The air-conditioned accommodation is 48 km from Phoenix Convention Center, and guests benefit from private parking available on site and free WiFi.,,,
Arizona,Phoenix,33.21457,-111.78022,La Costa Home,5.0,"""Situated in Sun Lakes in the Arizona region", La Costa home has a patio. The air-conditioned accommodation is 36 km from Sea Life Arizona, and guests benefit from complimentary WiFi and private parking available on site.,,,,
Arizona,Phoenix,33.61111,-111.93858,Scottsdale Oasis Home,5.0,"""Located in Scottsdale", 8 km from OdySea Aquarium and 17 km from Desert Botanical Gardens, Private Adobe Home with Backyard Oasis in Scottsdale provides accommodation with amenities such as free WiFi and a flat-screen TV. Guests staying at this holiday home have access to a patio.,,,,
Arizona,Phoenix,33.63362,-112.40995,Cottonwood Home,5.0,"""Cottonwood home is located in Surprise", 31 km from Castles and Coasters and 33 km from Deer Valley Rock Art Center, in an area where cycling can be enjoyed. The air-conditioned accommodation is 25 km from State Farm Stadium, and guests benefit from private parking available on site and free WiFi.,,,
Arizona,Phoenix,33.57385,-111.87987,Villa Capri,5.0,"""Situated 2.1 km from OdySea Aquarium in Scottsdale", this apartment features a patio. The air-conditioned unit is 14 km from Desert Botanical Gardens.,,,,,
Arizona,Phoenix,33.82156,-112.05615,Casa Vista Home,5.0,"""Situated 9 km from Pioneer Living History Museum in Anthem", this holiday home features a patio. The air-conditioned unit is 10 km from Outlets at Anthem.,,,,,
Arizona,Phoenix,33.63206,-111.95605,Casa Kierland Home,5.0,"""Featuring a patio", Casa Kierland Home is a holiday home, situated in Phoenix. The air-conditioned unit is 23 km from Copper Square.,,,,
Arizona,Phoenix,33.74456,-111.86164,Villa Agave by RedAwning,4.0,"""Featuring a balcony", Villa Agave Townhouse is a holiday home, situated in Scottsdale. The holiday home is 21 km from OdySea Aquarium.,,,,
Arizona,Phoenix,33.20778,-111.78495,PeachTree Home,5.0,"""PeachTree home is situated in Sun Lakes", 50 km from Copper Square and 35 km from Sea Life Arizona, in an area where cycling can be enjoyed. The air-conditioned accommodation is 50 km from Phoenix Convention Center, and guests benefit from private parking available on site and free WiFi.,,,
Arizona,Phoenix,33.67483,-111.89218,87th Street Condo 20750 Condo,5.0,"""Set in Scottsdale", 41 km from Copper Square and 41 km from Phoenix Convention Center, Scottsdale 4 Bdrm in Exclusive Gated Community Edit provides accommodation with amenities such as free WiFi and a TV. Guests benefit from a balcony and a terrace.,,,,
Arizona,Phoenix,33.63893,-111.87744,2 Br W Heated Pool Scottsdale Near Westworld,5.0,"""Boasting pool views", 16801 N 94th St #1015, Scottsdale offers accommodation with a patio and a coffee machine, around 28 km from Desert Botanical Gardens. The air-conditioned accommodation is 12 km from OdySea Aquarium, and guests benefit from private parking available on site and free WiFi.,,
Arizona,Phoenix,33.62858,-111.94232,Casa Solara Home,5.0,"""Casa Solara Home is a holiday home located in Scottsdale", 10 km from OdySea Aquarium. The air-conditioned unit is 19 km from Desert Botanical Gardens.,,,,,
Arizona,Phoenix,33.76429,-111.94898,Casa Saguaro Home,5.0,"""Casa Saguaro Home is a holiday home with a barbecue", set in Cave Creek in the Arizona Region. Guests benefit from patio.,,,,,
Arizona,Phoenix,33.4325,-112.30334,Yavapai House,5.0,"""Featuring a seasonal outdoor swimming pool", a garden, and a shared lounge, Yavapai House features accommodation in Avondale with free WiFi and mountain views. Boasting free private parking, the holiday home is in an area where guests can engage in activities such as hiking and billiards.,,
Arizona,Phoenix,33.21231,-111.81799,Windstream Home,5.0,"""Windstream home is set in Sun Lakes", 46 km from Copper Square and 31 km from Sea Life Arizona, in an area where cycling can be enjoyed. The air-conditioned accommodation is 46 km from Phoenix Convention Center, and guests benefit from private parking available on site and free WiFi.,,,
Arizona,Phoenix,33.32944,-111.78531,Ironwood Home,5.0,"""Ironwood Home is a holiday home with a barbecue", located in Gilbert. The air-conditioned unit is 30 km from Phoenix.,,,,,
Arizona,Phoenix,33.65396,-112.37596,Mountain View #11107 Condo,5.0,"""GROUND FLOOR condo STEPS AWAY from pool & spa!! condo is located in Surprise", 38 km from Phoenix Convention Center and 22 km from State Farm Stadium, in an area where cycling can be enjoyed. The air-conditioned accommodation is 38 km from Copper Square, and guests benefit from private parking available on site and free WiFi.,,,
Arizona,Phoenix,33.2934,-112.05745,12th Way Home,5.0,"""12th Way Home offers accommodation in Phoenix. The holiday home is 17 km from Phoenix Convention Center.",,,,,,
Arizona,Phoenix,33.65691,-112.2106,Sack Dr Home,5.0,"""Featuring lake views", Sack Dr home offers accommodation with a patio and a coffee machine, around 38 km from Phoenix Convention Center. The air-conditioned accommodation is 38 km from Copper Square, and guests benefit from private parking available on site and free WiFi.,,,
Arizona,Phoenix,33.47748,-112.29046,Avondale Vacation Home With Pool Heater,5.0,"""Set in Avondale in the Arizona region", 2821 N 107th Dr, Avondale has a patio and pool views. This holiday home features a private pool, a garden and free private parking.,,,
Arizona,Phoenix,33.49074,-111.66387,Western Hills I Home,5.0,"""Set in Mesa", 23 km from Hohokam Stadium and 24 km from Arizona Museum of Natural History, Western Hills I Home offers a garden and air conditioning. Guests may go for a swim in the private pool.,,,,
Arizona,Phoenix,33.48681,-111.67274,7130 E Saddleback St 15 Home,5.0,"""Situated in Las Alegres", 7130 E Saddleback St 15 Home features accommodation with a private pool. The air-conditioned accommodation is 24 km from Mesa, and guests benefit from private parking available on site and free WiFi.,,,,
Arizona,Phoenix,33.50463,-111.91939,Hazelwood Home,5.0,"""Hazelwood home is set in Scottsdale", 20 km from Phoenix Convention Center and 7.9 km from Desert Botanical Gardens, in an area where cycling can be enjoyed. The air-conditioned accommodation is 20 km from Copper Square, and guests benefit from private parking available on site and free WiFi.,,,
Arizona,Phoenix,33.63548,-112.3786,Hilton Garden Inn Surprise Phoenix,3.0,"""Located in Surprise", 37 km from Copper Square, Hilton Garden Inn Surprise Phoenix provides accommodation with an outdoor swimming pool, free private parking, a fitness centre and a shared lounge. With a restaurant, the 3-star hotel has air-conditioned rooms with free WiFi, each with a private bathroom. The hotel features a hot tub and a 24-hour front desk.
Arizona,Phoenix,33.4866,-111.931,Scottsdale Townhome by Wanderjaunt,5.0,"""Set in Scottsdale", 5 km from Desert Botanical Gardens and 12 km from OdySea Aquarium, Spacious Scottsdale Townhome by WanderJaunt offers free WiFi and air conditioning. The property is 6 km from Desert Botanical Garden and 6 km from Big Surf Waterpark Tempe.,,,,
Arizona,Phoenix,33.58423,-111.84455,Casa Willow Home,5.0,"""Casa Willow Home is a holiday home with a barbecue", situated in Scottsdale. Guests benefit from patio.,,,,,
Arizona,Phoenix,33.5087,-111.9031,8226 E Northland Dr House,5.0,"""Set in Scottsdale", 7 km from OdySea Aquarium and 9 km from Desert Botanical Gardens, 8226 E Northland Dr House offers air-conditioned accommodation with a patio and free WiFi. This holiday home features a private pool, a garden and free private parking.,,,
Arizona,Phoenix,33.58519,-111.8779,Aventura Condominiums,5.0,"""Located in Scottsdale", 39 km from Copper Square, 39 km from Phoenix Convention Center and 6.6 km from OdySea Aquarium, Scottsdale Getaway with Shared Pool Less Than 10Mi to Old Town provides accommodation with a patio and free WiFi. This apartment is 23 km from Wrigley Mansion and 23 km from Phoenix Zoo.,,,
Arizona,Phoenix,33.4733,-111.97,2BR Near Papago Park by WanderJaunt,5.0,"""Set 12 km from Copper Square and 12 km from Phoenix Convention Center in Phoenix", Charming 2BR near Papago Park offers accommodation with a kitchen. This apartment offers free private parking, a shared kitchen and free WiFi.,,,,
Arizona,Phoenix,33.26021,-111.88467,Queen Creek #349 Condo,5.0,"""Set in Chandler in the Arizona region", Queen Creek #349 Condo has a balcony. The air-conditioned accommodation is 10 km from Lone Butte Casino, and guests benefit from complimentary WiFi and private parking available on site.,,,,
Arizona,Phoenix,33.47653,-111.92372,7258 E Wilshire Dr Home,5.0,"""Located in Scottsdale", 7258 E Wilshire Dr Home provides accommodation with a private pool. The air-conditioned accommodation is 4.1 km from Desert Botanical Gardens, and guests benefit from complimentary WiFi and private parking available on site.,,,,
Arizona,Phoenix,33.39381,-111.61174,Southern #2055 2 Bathrooms Condo,5.0,"""Southern #2055 condo is situated in Mesa", 48 km from Phoenix Convention Center and 49 km from Copper Square, in an area where cycling can be enjoyed. This property offers access to a balcony, free private parking and free WiFi.,,,
Arizona,Phoenix,33.68449,-111.91055,21825 N 79th Place Home,5.0,"""Set in Scottsdale in the Arizona region", 21825 N 79th Place Home features a patio. This property offers a private pool, free WiFi and free private parking.,,,,
Arizona,Phoenix,33.24052,-111.86732,Wildflower 2 Home,5.0,"""Set in Chandler", 15 km from Wild Horse Pass Motorsports Park and 15 km from Lone Butte Casino, Wildflower 2 Home offers air-conditioned accommodation with a patio and free WiFi. This holiday home features a private pool, a garden and free private parking.,,,
Arizona,Phoenix,33.82778,-111.92883,Rise And Shine Home,3.0,"""Situated in Carefree", 23 km from Musical Instrument Museum and 26 km from Pioneer Living History Village, Rise and Shine 3 BR by Casago offers air conditioning. It is located 16 km from Troon North Golf Club and provides free WiFi and free private parking.,,,,
Arizona,Phoenix,33.74048,-111.83769,Troon North 112,5.0,"""Featuring air-conditioned accommodation with a private pool", Troon North 112 is located in Scottsdale. The accommodation is 3 km from the Troon North Golf Club and has free WiFi throughout the property.,,,,,
Arizona,Phoenix,33.62012,-111.88494,Villa Raintree,5.0,"""Located in Scottsdale", this air-conditioned apartment is 7 km from OdySea Aquarium. Guests benefit from balcony.,,,,,
Arizona,Phoenix,33.4772,-111.903,Mid Century Modern Home,5.0,"""Located in Scottsdale", 6 km from Desert Botanical Gardens and 10 km from OdySea Aquarium, Mid Century Modern Home provides air-conditioned accommodation with a patio and free WiFi. This holiday home features a private pool, a garden and free private parking.,,,
Arizona,Phoenix,33.62848,-111.95875,5630 E Waltann Lane Home,5.0,"""Situated in Phoenix", 29 km from Copper Square and 29 km from Phoenix Convention Center, 5630 E Waltann Lane Home features air-conditioned accommodation with a patio and free WiFi. This holiday home has a private pool, a garden and free private parking.,,,
Arizona,Phoenix,33.57504,-111.87765,Villa Starfire by RedAwning,5.0,"""Situated 2.3 km from OdySea Aquarium in Scottsdale", this air-conditioned apartment features a patio. The unit is 15 km from Desert Botanical Gardens.,,,,,
Arizona,Phoenix,33.62312,-111.87263,Villa Signature,5.0,"""Villa Signature Condo offers accommodation in Scottsdale", 8 km from OdySea Aquarium. The air-conditioned unit is 20 km from Desert Botanical Gardens.,,,,,
Arizona,Phoenix,33.4871,-111.932,Spacious 4BR Townhouse by WanderJaunt,5.0,"""Situated in Scottsdale", 5 km from Desert Botanical Gardens and 12 km from OdySea Aquarium, Spacious 4BR Townhouse by Old Town by WanderJaunt offers free WiFi and air conditioning. This holiday home is 5 km from Desert Botanical Garden and 7 km from Big Surf Waterpark Tempe.,,,,
Arizona,Phoenix,33.58141,-112.05568,Poolside Condo To 1 Of 3 Resort Pool spa Complexes All Heated & Open 24 7 365,4.0,"""Set in the Valley of the Sun in Phoenix", this ground floor apartment features access to 3 pool complexes with hot tubs, showers and restrooms. Free WiFi and free private parking are available. North Mountain Park is 1.5 km away.,,,,
Arizona,Phoenix,33.58179,-112.05549,Resort Community: Three Heated 24 7 365 Pools; Mile Walk To N. Mtn. Preserve,4.0,"""Situated 15 km from Phoenix Convention Center in Phoenix", this ground floor apartment features an outdoor pool. Guests benefit from free WiFi and private parking available on site.,,,,,
Arizona,Phoenix,33.58184,-112.05489,Private Resort Community W 3 Pool spa Complexes All Heated & Open 24 7 365,4.0,"""Save even more over our already low rates with this", our most affordable 2 bed/2 bath rental for those on a tighter budget or who simply wish to get the most bang for their buck! Set in the Valley of the Sun in Phoenix, this ground floor apartment features access to 3 pool complexes with hot tubs, showers and restrooms. The property features mountain views and is 1.5 km from North Mountain Park. Free WiFi is featured .,,,
Arizona,Phoenix,33.58102,-112.05596,Private Resort Community Mile Walk To Nature Trails At N. Mtn. Preserve,4.0,"""Set in the Valley of the Sun area of Phoenix", this upper level air-conditioned apartment features free WiFi and free private parking. North Mountain Park is 15 km away. Guests have access to 3 pool complexes with barbecue facilities, hot tubs, restrooms and showers.,,,
Arizona,Phoenix,33.58191,-112.0544,Private Corner Of Resort Mile Walk To Nature Trails At N. Mtn. Preserve,4.0,"""Located 15 km from Copper Square in Phoenix", this ground level rental features free WiFi and a patio. Offering free private parking, the apartment is 15 km from Phoenix Convention Center.,,,,
Arizona,Phoenix,33.58094,-112.05534,Private Resort Community Mile Walk To Hiking & Biking At N. Mtn. Preserve,4.0,"""Situated in the Valley of the Sun and 1.5 km from North Mountain Park", Hike, Bike Or Unwind At Private Resort Community! offers ground floor accommodation in Phoenix. Guests have access to 3 pool complexes with hot tubs, restrooms and showers. Free WiFi is provided and free private parking is available on site.,,,
Arizona,Phoenix,33.63045,-111.95947,Greenway Estate On 56th,5.0,"""Located in Phoenix", 29 km from Copper Square and 29 km from Phoenix Convention Center, Greenway Estate on 56th offers a restaurant and air conditioning. This apartment is 20 km from Deer Valley Rock Art Center and 21 km from Biltmore Fashion Park.,,,,
Arizona,Phoenix,33.59917,-111.96094,Charter Oak Scottsdale,5.0,"""Located just 26 km from Copper Square", Charter Oak - Scottsdale provides accommodation in Phoenix with access to an outdoor swimming pool, a shared lounge, as well as a shared kitchen. This property offers access to a patio, a pool table, free private parking and free WiFi.,
Arizona,Phoenix,33.25739,-111.8768,4 Br Ocotillo Home With Pool Heater,5.0,"""Located in Chandler", within 11 km of Lone Butte Casino and 12 km of Wild Horse Pass Motorsports Park, 3245 S Laguna Dr, Chandler offers accommodation with free WiFi, air conditioning, a shared lounge and a garden. This property offers access to a patio and free private parking.,
Arizona,Phoenix,33.25484,-111.875,3br Gated Ocotillo Home Pool Golf Course Views,5.0,"""Boasting pool views", 1950 W Peninsula Circle, Chandler offers accommodation with a balcony and a coffee machine, around 38 km from Phoenix Convention Center. This holiday home has a private pool, a garden and free private parking.,,
Arizona,Phoenix,33.49109,-111.91382,Regency Condo,3.0,"""Set in Scottsdale", 7 km from Desert Botanical Gardens and 11 km from OdySea Aquarium, Regency 2 Bedroom by Casago offers a terrace and air conditioning. This property offers access to a balcony, free private parking and free WiFi.,,,
Arizona,Phoenix,33.5741,-111.89069,Admiral's House,3.0,"""Set in Scottsdale", 37 km from Phoenix Convention Center and 4 km from OdySea Aquarium, Admirals House 3 BR by Casago offers a terrace and air conditioning. It is situated 36 km from Copper Square and features free WiFi and free private parking.,,,,
Arizona,Phoenix,33.80696,-111.95997,Cave Creek Spa House & Golf Retreat,5.0,"""Boasting accommodation with a private pool", pool view and a patio, Cave Creek Spa House & Golf Retreat is situated in Cave Creek. The air-conditioned accommodation is 46 km from Glendale, and guests benefit from complimentary WiFi and private parking available on site.,,,
Arizona,Phoenix,33.4689,-111.66987,Las Sendas Jewel,5.0,"""Located in in a private gated community in Las Sendas", this detached holiday home features a garden.,,,,,
Arizona,Phoenix,33.32005,-111.87095,Lakeshore 2bd Lakeview Top,5.0,"""Situated in Chandler", 2 bedroom condo great views offers a terrace with lake and garden views, as well as a year-round outdoor pool, fitness centre and hot tub. This apartment has a garden, barbecue facilities, free WiFi and free private parking.,
Arizona,Phoenix,33.32005,-111.87095,Lakeshore 1bd Top,5.0,"""Featuring an outdoor swimming pool", a fitness centre, and a garden, 1 bedroom condo large living room offers accommodation in Chandler with free WiFi and garden views. Boasting free private parking, the apartment is in an area where guests can engage in activities such as hiking, cycling and tennis.,
Arizona,Phoenix,33.32005,-111.87095,Lakeshore 1bd Ground,5.0,"""Featuring an outdoor swimming pool", a fitness centre, and a garden, 1 bedroom unit ground floor features accommodation in Chandler with free WiFi and pool views. Boasting free private parking, the apartment is in an area where guests can engage in activities such as hiking, cycling and tennis.,
Arizona,Phoenix,33.24612,-111.87612,Private Pool House Gated,5.0,"""Located in Chandler", Private pool house 3 bedrooms offers a terrace with pool and garden views, as well as a year-round outdoor pool, fitness centre and hot tub. Featuring free private parking, the holiday home is in an area where guests can engage in activities such as hiking, cycling and billiards.,
Arizona,Phoenix,33.31874,-111.87314,Lakeshore 3bd Ground Lakeview,5.0,"""Boasting an outdoor swimming pool", a fitness centre, and a garden, 3 bedroom ground condo great views provides accommodation in Chandler with free WiFi and lake views. Featuring free private parking, the apartment is in an area where guests can engage in activities such as hiking, cycling and tennis.,
Arizona,Phoenix,33.50636,-111.93441,Camelback Garden,5.0,"""Situated in Scottsdale", 6 km from Desert Botanical Gardens, 10 km from OdySea Aquarium and 2.1 km from Old Town Scottsdale, Camelback Garden features accommodation with a patio and free WiFi. This holiday home has a private pool and a garden.,,,
Arizona,Phoenix,33.57558,-111.91444,Yard Grass Pets North Scottsdale Desert Oasis,5.0,"""3 Bedroom - Yard Grass Pets North Scottsdale - Desert Oasis is located in Scottsdale", 6 km from OdySea Aquarium, 16 km from Desert Botanical Gardens, and 6 km from Salt River Fields at Talking Stick. This property offers access to a patio, free private parking and free WiFi.,,
Arizona,Phoenix,33.5077,-112.06229,Wonderland Condo,3.0,"""Situated in Phoenix", 7 km from Phoenix Convention Center and 3.7 km from Biltmore Fashion Park, Wonderland 2 BR by Casago offers a terrace and air conditioning. It is set 7 km from Copper Square and offers free WiFi and free private parking.,,,,
Arizona,Phoenix,33.32731,-111.59146,Valley Of The Sun Home,3.0,"""Located in Mesa", 31 km from Arizona Event Center and 32 km from Mesa Arts Center, Valley of the Sun 5 BR by Casago offers a terrace and air conditioning. It is set 31 km from Golfland Sunsplash and offers free WiFi and free private parking.,,,,
Arizona,Phoenix,33.54835,-111.92511,Mccormick Ranch Golf Villa,5.0,"""Boasting an outdoor swimming pool", a fitness centre, and a terrace, McCormick Ranch Golf Villa offers accommodation in Scottsdale with free WiFi and lake views. This villa provides free private parking and a shared kitchen.,,,
Arizona,Phoenix,33.32604,-112.45104,Estrella Mountain Ranch,5.0,"""Located just 16 km from Goodyear Ballpark", Goodyear Private Pool & Hot Tub Stunning Home 3 Bedroom provides accommodation in Goodyear with access to free bikes, a bar, as well as a 24-hour front desk. This holiday home features a private pool, a garden, barbecue facilities, free WiFi and free private parking.
Arizona,Phoenix,33.25738,-111.87663,4 Br Ocotillo Home Billiards Golf & Lake Views,5.0,"""Located in Chandler", 11 km from Lone Butte Casino and 12 km from Wild Horse Pass Motorsports Park, 3235 S Laguna Dr, Chandler offers a garden and air conditioning. This property offers access to a patio, a pool table, free private parking and free WiFi.,
Arizona,Phoenix,33.58141,-112.05576,Private Resort Community Surrounded By Mountains W 3 Pool spa Complexes All Heated & Open 24 7 365,4.0,"""Offering access to a heated outdoor pool and hot tubs", Private Resort Community Surrounded By Mountains w/3 Pool-Spa Complexes, ALL HEATED & OPEN 24/7/365! in Phoenix, 1.5 km from North Mountain Park. The upper level accommodation features free WiFi and free private parking and full-service check-in is available.,,,
Arizona,Phoenix,33.48099,-111.91883,75th Place,5.0,"""Featuring a terrace and a 24-hour front desk", 7BR - Old Town Wild West Estate is well set in Scottsdale, 18 km from Phoenix Convention Center and 5.7 km from Desert Botanical Gardens. The air-conditioned accommodation is 18 km from Copper Square, and guests benefit from complimentary WiFi and private parking available on site.,,,
Arizona,Phoenix,33.64891,-111.93191,Scottsdale Condo,5.0,"""Featuring a childrens playground and an ATM", Scottsdale Condo is well located in Desert View district of Scottsdale, 35 km from Phoenix Convention Center and 6.1 km from Musical Instrument Museum. The air-conditioned accommodation is 34 km from Copper Square, and guests benefit from private parking available on site and free WiFi.,,,
Arizona,Phoenix,33.49087,-111.93523,Downtown Scottsdale Home,5.0,"""Situated 5 km from Desert Botanical Gardens", 12 km from OdySea Aquarium and 1.6 km from Old Town Scottsdale, Downtown Scottsdale Home features accommodation set in Scottsdale. This property offers a private pool, free WiFi and free private parking.,,,
Arizona,Phoenix,33.68715,-111.919,Deer Valley Escape,5.0,"""Deer Valley Escape is situated in Scottsdale", 40 km from Copper Square and 41 km from Phoenix Convention Center, in an area where cycling can be enjoyed. The accommodation is 10 km from the Musical Instrument Museum and has free WiFi throughout the property.,,,,
Arizona,Phoenix,33.61646,-111.95462,Gelding Place,5.0,"""Located in Phoenix", 28 km from Copper Square and 29 km from Phoenix Convention Center, Gelding Place provides air-conditioned accommodation with a patio and free WiFi. This holiday home also has a private pool.,,,,
Arizona,Phoenix,33.43046,-111.94548,Rio Salado Condo,5.0,"""Located in Tempe", 1.5 km from Arizona State University and 7 km from Sea Life Arizona, Rio Salado Condo offers free WiFi and air conditioning. The property is 2.2 km from Grady Gammage Memorial Auditorium and 2.4 km from Sun Devil Stadium.,,,,
Arizona,Phoenix,33.6859,-111.98944,Hot Spot At Desert Ridge,3.0,"""Set in Phoenix", 32 km from Copper Square and 33 km from Phoenix Convention Center, Hot Spot at Desert Ridge 2 BR by Casago offers a terrace and air conditioning. This property offers access to a balcony, free private parking and free WiFi.,,,
Arizona,Phoenix,33.325,-111.70319,Some Kind Of Wonderful,3.0,"""Located in Gilbert in the Arizona region", Some Kind of Wonderful 3 BR by Casago is a 3-star property featuring free WiFi. The property is 22 km from Mesa and free private parking is provided.,,,,,
Arizona,Phoenix,33.70248,-111.9151,Pinnacle Peak,5.0,"""Boasting air-conditioned accommodation with a private pool", Pinnacle Peak is set in Scottsdale. This property offers access to a patio.,,,,,
Arizona,Phoenix,33.66438,-111.88998,Diamond Rim,5.0,"""Featuring air-conditioned accommodation with a private pool", Diamond Rim is located in Scottsdale. Guests benefit from a patio and an outdoor pool.,,,,,
Arizona,Phoenix,33.457012,-112.074192,Sonder - McKinley,3.0,"""<p>HeadLine : Near Phoenix Convention Center</p><p>Location : With a stay at Sonder at McKinley in Phoenix (Downtown Phoenix)", you ll be within a 5-minute drive of Footprint Center and Chase Field.  This aparthotel is 10.2 mi (16.3 km) from Arizona State University and 1.6 mi (2.6 km) from Phoenix Convention Center.</p><p>Rooms : Make yourself at home in one of the 107 individually decorated guestrooms, featuring kitchens with full-sized refrigerators/freezers and ovens. 42-inch flat-screen televisions are provided, with digital programming available. Conveniences include separate sitting areas and microwaves, and you can also request cribs/infant beds (complimentary).</p><p>CheckIn Instructions : <ul>  <li>Extra-person charges may apply and vary depending on property policy</li><li>Government-issued photo identification and a credit card may be required at check-in for incidental charges</li><li>Special requests are subject to availability upon check-in and may incur additional charges; special requests cannot be guaranteed</li><li>Guests must contact this property in advance to reserve cribs/infant beds</li><li>This property accepts credit cards; cash is not accepted</li><li>Long-term renters welcome</li>  </ul></p><p>Special Instructions : There is no front desk at this property. Guests will be asked to provide the property with a copy of their government-issued photo ID before arrival. ,,
Arizona,,34.151439667,-109.97290039,Rainbow Lake Lodge,3.0,HotelDescription#Further information about this hotel will be available shortly,NO Large pets allowed (over 5 kg) NO Wheelchair-accessible NO Car park NO Connecting rooms NO Smoking rooms NO Garage NO Disability-friendly bathroom NO Small pets allowed (under 5 kg),,West White Mountain Boulevard 1638 1638 LakesideArizona 85929 ,85929,4809645694,http://www.rainbowlakelodge.com/
Arizona,,34.191007,-110.02643,Oakwood Inn Bed and Breakfast,3.0,HotelDescription#Further information about this hotel will be available shortly,NO Car park NO Smoking rooms NO Large pets allowed (over 5 kg) NO Connecting rooms NO Small pets allowed (under 5 kg) NO Disability-friendly bathroom NO Garage NO Wheelchair-accessible,,6558 Wagon Wheel Lane LakesideArizona 85929 ,85929,9285373030,http://www.oakwoodinnbandb.com/
Arizona,Prescott,34.52538,-112.47938,Apple Creek Cottages,3.0,"""Located on 1.5 acres of Ponderosa pine trees", these dog-friendly country-style cottages set around a central courtyard feature a fully-equipped kitchen. Prescott is less than 2 miles away.,,,,,
Arizona,Prescott,34.54418,-112.4546,Apache Lodge,3.0,"""Featuring free WiFi throughout the property", Apache Lodge offers accommodation in Prescott.,,,,,
Arizona,Prescott,34.54164,-112.45834,Heritage House Motel,2.0,"""Arizona Classical Theatre and Smoki Museum are within a 10 minutes walk of this Prescott motel. It offers free Wi-Fi and warmly decorated rooms with cable TV with HBO.",,,,,,
Arizona,Prescott,34.52989,-112.47568,Pine View Motel,2.0,"""Offering free WiFi", this motel is 5 minutes drive from Prescott Rodeo Grounds. All rooms are equipped with a cable TV. Free parking is provided on site.,,,,,
Arizona,Prescott,34.52743,-112.47891,Sierra Inn,2.0,"""Offering a seasonal outdoor pool", this motel is 20 minutes drive from Prescott National Forest. All rooms are equipped with a cable TV. Free WiFi access is available.,,,,,
Arizona,Prescott,34.64443,-112.43315,Antelope Hills Inn,3.0,"""Located off Highway 89", this hotel is across the street from Antelope Hills Golf Course.  It features free Wi-Fi and soundproofed guest rooms with a flat-screen cable TV.,,,,,
Arizona,Prescott,34.53394,-112.47021,The Motor Lodge,3.0,"""Located in downtown Prescott", Arizona, this boutique hotel is less than 1 mile from the Sharlot Hall Museum. Its rooms are individually decorated with a colorful mixture of modern and vintage décor.,,,,
Arizona,Prescott,34.54196,-112.4705,Hotel St. Michael,3.0,"""Hotel St. Michael offers accommodation in Prescott. Free WiFi is provided.",,,,,,
Arizona,Prescott,34.54095,-112.47031,Grand Highland Hotel,3.0,"""Located opposite Courthouse Plaza on Historic Whiskey Row in Prescott city centre", this boutique hotel provides free Wi-Fi and a daily continental breakfast. A 24-hour reception welcomes guests.,,,,,
Arizona,Prescott,34.54529,-112.46766,Sheldon Street Lodge,2.0,"""Sheldon Street Lodge is located in Prescott. Free WiFi access is available. Prescott National Forest is 15 minutes drive from the lodge.",,,,,,
Arizona,Prescott,34.54104,-112.4622,House in the Pines Hostel,2.0,"""House in the Pines Hostel is set in Prescott", Arizona, 110 km away from Sedona. This hostel provides mixed air-conditioned mixed gender rooms with free WiFi. A free breakfast is provided. Courthouse Square is a 10 minute walk from the property.,,,,
Arizona,Prescott,34.5448,-112.46224,Virginia St Dollhouse,5.0,"""Featuring a garden", a terrace, and barbecue facilities, Virginia St. Dollhouse offers accommodation in Prescott with free WiFi and garden views. Boasting free private parking, the holiday home is in an area where guests can engage in activities such as hiking, fishing and cycling.,
Arizona,Prescott,34.53569,-112.46985,Gordon James Motel,5.0,"""Gordon James Motel is located in Prescott", 1.6 km from Prescott College. The accommodation provides free WiFi.,,,,,
Arizona,Prescott,34.52642,-112.47873,Prescott Pines Inn B&B,5.0,"""Set in Prescott", 2.5 km from Prescott College, Prescott Pines Inn offers accommodation with a garden and free private parking. The accommodation provides free WiFi throughout the property.,,,,
Arizona,Prescott,34.54143,-112.47033,Whiskey Row Penthouse,5.0,"""Featuring a spa bath", Whiskey Row Penthouse is located in Prescott. It features a terrace, a bar, city views and free WiFi throughout the property.,,,
Arizona,Safford,32.83388,-109.70456,Economy Inn Safford,2.0,"""Offering an outdoor pool", Economy Inn Safford is 10 minutes drive from Eastern Arizona College. Free WiFi access is available. Parking for over-sized vehicles is provided,,,,,
Arizona,Safford,32.83471,-109.72142,Budget Inn Safford,3.0,"""Featuring free WiFi throughout the property", Budget Inn offers accommodation in Safford.,,,,,
Arizona,Sasabe,31.49478,-111.56351,Rancho De La Osa Guest Ranch Resort,3.0,"""Located in the grasslands of the high Sonoran Desert and surrounded by the Buenos Aires National Wildlife Refuge", this country inn with a dude ranch theme offers horse riding, guided hikes, nature walks and bird watching. Guests can relax in an outdoor pool. Tucson is 1 hour and 30 minutes drive from the property.,,,
Arizona,Scottsdale,33.57551,-111.927296,Homewood Suites by Hilton Phoenix Scottsdale,3.0,"""<p>HeadLine : In Paradise Valley (Central Scottsdale)</p><p>Location : With a stay at Metro Scottsdale Apartments in Paradise Valley (Central Scottsdale)", you ll be within a 15-minute drive of Talking Stick Resort Casino and Camelback Mountain.  This apartment is 10.5 mi (16.9 km) from Arizona State University and 3.5 mi (5.6 km) from Kierland Commons.</p><p>Rooms : Make yourself at home in one of the 114 guestrooms, featuring kitchens with full-sized refrigerators/freezers and microwaves. Complimentary wireless Internet access is available to keep you connected.</p><p>CheckIn Instructions : <ul>  <li>Extra-person charges may apply and vary depending on property policy</li><li>Government-issued photo identification and a credit card may be required at check-in for incidental charges</li><li>Special requests are subject to availability upon check-in and may incur additional charges; special requests cannot be guaranteed</li><li>This property accepts credit cards and debit cards; cash is not accepted</li><li>Noise-free guestrooms cannot be guaranteed</li>  </ul></p><p>Special Instructions : The front desk is open during the following times:<ul><li>Monday - Saturday: 9:00 AM - 6:00 PM</li></ul> Prior to arrival, guests must complete online registration with the property via a secure link. Guests will be asked to provide the property with a copy of their government-issued photo ID before arrival. ,,,
Arizona,Scottsdale,33.505409,-111.928706,Days Inn Scottsdale Fashion Square,2.0,"""The appealing city hotel offers good value for money and is situated in the centre of Scottsdale. The Fashion Square shopping centre is located nearby and the hotel is just a short walk from countless shops", theatres and art galleries.,,,,,
Arizona,Scottsdale,33.50956,-111.92047,Hotel Waterfront Ivy,3.0,Boutique hotel in quiet neighborhood alongside the Arizona Canal just minutes north of downtown Scottsdale shops galleries and restaurants.  Spacious accomodations all with queen beds Executive Studios with work stations one and two bedroom suites with fully equipped kitchens and separate living ...,,,7445 East Chaparral Road ScottsdaleArizona 85250 ,85250,4809945282,
Arizona,Scottsdale,33.544609,-111.891528,Days Inn and Suites Scottsdale North,2.0,"""<p>HeadLine : Near Salt River Fields at Talking Stick</p><p>Location : Located in Scottsdale (South Scottsdale)", Days Inn & Suites by Wyndham Scottsdale North is within a 5-minute walk of Salt River Fields at Talking Stick and within a 5-minute drive of OdySea Aquarium.  This hotel is 4.4 mi (7.1 km) from Old Town and 5 mi (8.1 km) from Scottsdale Fashion Square.</p><p>Rooms : Make yourself at home in one of the 47 air-conditioned rooms featuring refrigerators and microwaves. Complimentary wireless Internet access keeps you connected, and cable programming is available for your entertainment. Private bathrooms with shower/tub combinations feature complimentary toiletries and hair dryers. Conveniences include safes and desks," as well as phones with free local calls.</p><p>Dining : A complimentary self-serve breakfast is served daily from 6:30 AM to 9:30 AM.</p><p>Renovations : The following facilities will be closed from 18 March 2020 to 30 April 2020 (dates subject to change): <ul><li>Fitness facilities</li><li>Spa tub</li><li>Swimming pool</li></ul></p><p>CheckIn Instructions : Extra-person charges may apply and vary depending on property policy. <br />Government-issued photo identification and a credit card are required at check-in for incidental charges. <br />Special requests are subject to availability upon check-in and may incur additional charges. Special requests cannot be guaranteed. <ul>  Please note that cultural norms and guest policies may differ by country and by property. The policies listed are provided by the property. </ul></p>""",Wheelchair-accessible lounge elevator Free self-serve breakfast 24-hour front desk Free breakfast Free WiFi Outdoor pool Children's pool Safe-deposit box at front desk Terrace Luggage storage Free RV  bus  truck parking ATM/banking Concierge services Gift shops or newsstand Designated smoking areas Wheelchair accessible (may have limitations) Laundry facilities Spa tub Wheelchair accessible path of travel Television in common areas 24-hour fitness facilities Roll-in shower Wheelchair accessible parking In-room accessibility Braille or raised signage Wheelchair-accessible path to elevator Outdoor furniture Wheelchair-accessible registration desk Wheelchair-accessible pool Wheelchair-accessible fitness center,"""                            Distances are displayed to the nearest 0.1 mile and kilometer. <br /> <p>Salt River Fields at Talking Stick - 0.2 km / 0.1 mi <br /> Butterfly Wonderland - 2.5 km / 1.5 mi <br /> OdySea Aquarium - 2.5 km / 1.6 mi <br /> Old Town - 7.1 km / 4.4 mi <br /> Scottsdale Fashion Square - 8.1 km / 5 mi <br /> Scottsdale Waterfront - 8.3 km / 5.2 mi <br /> Camelback Mountain - 9.3 km / 5.8 mi <br /> Scottsdale Center for the Performing Arts - 9.4 km / 5.9 mi <br /> Scottsdale Museum of Contemporary Art - 9.5 km / 5.9 mi <br /> Scottsdale Healthcare Osborn Medical Center - 9.6 km / 5.9 mi <br /> Scottsdale Stadium - 9.8 km / 6.1 mi <br /> Western Spirit: Scottsdale s Museum of the West - 9.9 km / 6.1 mi <br /> Westworld of Scottsdale - 10.6 km / 6.6 mi <br /> Cactus Park - 10.7 km / 6.7 mi <br /> Scottsdale Quarter - 11.2 km / 7 mi <br /> </p><p>The nearest airports are:<br />Phoenix  AZ (PHX-Sky Harbor Intl.) - 23.6 km / 14.7 mi<br /> Scottsdale  AZ (SCF) - 11.9 km / 7.4 mi<br /> Mesa  AZ (MSC-Falcon Field Municipal) - 33.5 km / 20.8 mi<br /> Phoenix  AZ (DVT-Phoenix Deer Valley) - 34.3 km / 21.3 mi<br /> Chandler  AZ (CHD-Chandler Municipal) - 37.9 km / 23.6 mi<br /> </p><p>The preferred airport for Days Inn & Suites by Wyndham Scottsdale North is Phoenix  AZ (PHX-Sky Harbor Intl.). </p>",
Arizona,Scottsdale,33.528517,-111.929341,Scottsdale Cottonwoods Resort,3.0,"""HotelDescription#This hotel borders Rodeo Drive in Scottsdale in the state of Arizona. Restaurants and bars as well as links to the public transport network are to be found in the near vicinity. Countless shopping venues are to be found about 1.5 km from the hotel. The city of Phoenix is just 20 km away.",,,,,,
Arizona,Scottsdale,33.62807,-111.92262,Sundance Luxury Resort,,"""Offering an outdoor pool and a spa and wellness centre", Sundance Luxury Resort is located in Scottsdale. Free WiFi access is available. Old Town Scottsdale is 20 minutes drive from the resort.,,,,,
Arizona,Scottsdale,33.61225,-111.93421,Casa De Palms,5.0,"""Casa De Palms Home is a holiday home in Scottsdale", 8 km from OdySea Aquarium and 17 km from Desert Botanical Gardens. Boasting a patio, the holiday home is in an area where guests can engage in activities such as golfing, cycling and fishing.,,,
Arizona,Scottsdale,33.62564,-111.92291,Stay Alfred at Broadstone Scottsdale Quarter,4.0,"""Set in Scottsdale", 13 km from OdySea Aquarium and 20 km from Desert Botanical Gardens, Stay Alfred at Broadstone Scottsdale Quarter offers accommodation with free WiFi.,,,,
Arizona,Scottsdale,33.50191,-111.92006,"""Senna House Scottsdale"," Curio Collection By Hilton""",4.0,"""Featuring 4-star accommodation", Senna House Scottsdale, Curio Collection By Hilton is located in Scottsdale, 19 km from Copper Square and 20 km from Phoenix Convention Center. Featuring free bikes, the 4-star hotel has air-conditioned rooms with a private bathroom. Private parking is available on site.,
Arizona,Scottsdale,33.66621,-111.9237,Home2 Suites By Hilton North Scottsdale Near Mayo Clinic,3.0,"""Located 37 km from Copper Square", Home2 Suites By Hilton North Scottsdale Near Mayo Clinic offers 3-star accommodation in Scottsdale and features barbecue facilities. With a shared lounge, the 3-star hotel has air-conditioned rooms with free WiFi. Private parking is available on site.,,,,
Arizona,Scottsdale,33.61684,-111.97314,Cactus Wren,5.0,"""Boasting air-conditioned accommodation with a private pool", Cactus Wren is situated in Phoenix. This holiday home features accommodation with a patio and free WiFi.,,,,,
Arizona,Scottsdale,33.46355,-111.9172,Park Suites At 141 Apt,5.0,"""Set 3 km from Desert Botanical Gardens in Scottsdale", Scottsdale 141 - One Bedroom Apartment offers accommodation with a kitchen. The accommodation is 11 km from the OdySea Aquarium.,,,,,
Arizona,Scottsdale,33.73853,-111.83082,Desert Paradise Home,5.0,"""Situated in Scottsdale", 3.1 km from Troon North Golf Club and 21 km from Musical Instrument Museum, Desert Paradise Villa features air-conditioned accommodation with a patio and free WiFi. This holiday home also features a private pool.,,,,
Arizona,Scottsdale,33.585,-111.929,Cozy 2BR Heated Pool 219 by Wanderjaunt,5.0,"""Situated in Scottsdale", within 8 km of OdySea Aquarium and 16 km of Desert Botanical Gardens, Cozy 2BR with Heated Pool #219 by WanderJaunt offers accommodation with free WiFi, air conditioning and a fitness centre. The property is 11 km from Old Town Scottsdale and 11 km from School of Architecture at Taliesin.,,,
Arizona,Scottsdale,33.49262,-111.91318,Main Street Condo Unit 203 2 Br Condo,5.0,"""Situated 5 km from Desert Botanical Gardens in Scottsdale", 7777 E. Main St Condo Unit 203 Condo is an apartment with a kitchen. Guests have a private balcony.,,,,,
Arizona,Scottsdale,33.46196,-111.92078,7419 E Belleview Home,5.0,"""7419 E Belleview Home is situated in Scottsdale", 3.7 km from Desert Botanical Gardens, in an area where cycling can be enjoyed. The property is 14 km from OdySea Aquarium and 3.1 km from Big Surf Waterpark Tempe.,,,,
Arizona,Scottsdale,33.4861,-111.932,4BR Scottsdale Townhome by Wanderjaunt,5.0,"""Situated in Scottsdale", 5 km from Desert Botanical Gardens and 12 km from OdySea Aquarium, Spacious 4BR Townhome in Scottsdale by WanderJaunt offers free WiFi and air conditioning. The property is 6 km from Desert Botanical Garden and 7 km from Big Surf Waterpark Tempe.,,,,
Arizona,Scottsdale,33.46856,-111.93445,Ultra posh Home Home,5.0,"""Located in Scottsdale", 2.2 km from Desert Botanical Gardens and 14 km from OdySea Aquarium, Ultra-Posh Home Home provides air-conditioned accommodation with a patio and free WiFi. This holiday home features a private pool, a garden and free private parking.,,,
Arizona,Scottsdale,33.54832,-111.92525,McCormick Ranch Villa,5.0,"""Featuring a year-round outdoor pool", this villa is located in Scottsdale. Guests can enjoy a private patio with lake views and a hot tub. Old Town Scottsdale is 6.1 km from the villa.,,,,,
Arizona,Scottsdale,33.62078,-111.87367,4605 S Ocean Blvd Condo #c4,5.0,"""Set in Scottsdale in the Arizona region", 4605 S Ocean Blvd Condo #C4 features a patio. The air-conditioned accommodation is 10 km from OdySea Aquarium, and guests benefit from complimentary WiFi and private parking available on site.,,,,
Arizona,Scottsdale,33.63107,-111.97007,N 51st 4 Br Home,5.0,"""Set in Phoenix", N 51St Home Home offers accommodation with a private pool. The air-conditioned accommodation is 28 km from Copper Square, and guests benefit from complimentary WiFi and private parking available on site.,,,,
Arizona,Scottsdale,33.4817,-111.914,Charming 4BR Scottsdale Home,5.0,"""Set in Scottsdale", 11 km from OdySea Aquarium, Charming 4BR Scottsdale Home by WanderJaunt offers a living room with a flat-screen TV. The air-conditioned accommodation is 6 km from Desert Botanical Gardens, and guests benefit from complimentary WiFi and private parking available on site.,,,
Arizona,Scottsdale,33.60604,-111.9383,Eugie Terrace Home,5.0,"""Situated in Scottsdale", 28 km from Copper Square and 29 km from Phoenix Convention Center, Eugie Terrace home features air-conditioned accommodation with a patio and free WiFi. This holiday home has a private pool, a garden and free private parking.,,,
Arizona,Scottsdale,33.5083,-111.924,Relaxing 2BR Scottsdale Apartment by WanderJaunt,5.0,"""Located in Scottsdale", 7 km from Desert Botanical Gardens and 9 km from OdySea Aquarium, Relaxing 2BR Scottsdale Apartment by WanderJaunt provides accommodation with amenities such as free WiFi and a flat-screen TV. The property is 3.2 km from Scottsdale Stadium and 7 km from Camelback Mountain.,,,,
Arizona,Scottsdale,33.61111,-111.93858,Scottsdale Oasis Home,5.0,"""Located in Scottsdale", 8 km from OdySea Aquarium and 17 km from Desert Botanical Gardens, Private Adobe Home with Backyard Oasis in Scottsdale provides accommodation with amenities such as free WiFi and a flat-screen TV. Guests staying at this holiday home have access to a patio.,,,,
Arizona,Scottsdale,33.57385,-111.87987,Villa Capri,5.0,"""Situated 2.1 km from OdySea Aquarium in Scottsdale", this apartment features a patio. The air-conditioned unit is 14 km from Desert Botanical Gardens.,,,,,
Arizona,Scottsdale,33.63206,-111.95605,Casa Kierland Home,5.0,"""Featuring a patio", Casa Kierland Home is a holiday home, situated in Phoenix. The air-conditioned unit is 23 km from Copper Square.,,,,
Arizona,Scottsdale,33.74456,-111.86164,Villa Agave by RedAwning,4.0,"""Featuring a balcony", Villa Agave Townhouse is a holiday home, situated in Scottsdale. The holiday home is 21 km from OdySea Aquarium.,,,,
Arizona,Scottsdale,33.67483,-111.89218,87th Street Condo 20750 Condo,5.0,"""Set in Scottsdale", 41 km from Copper Square and 41 km from Phoenix Convention Center, Scottsdale 4 Bdrm in Exclusive Gated Community Edit provides accommodation with amenities such as free WiFi and a TV. Guests benefit from a balcony and a terrace.,,,,
Arizona,Scottsdale,33.63893,-111.87744,2 Br W Heated Pool Scottsdale Near Westworld,5.0,"""Boasting pool views", 16801 N 94th St #1015, Scottsdale offers accommodation with a patio and a coffee machine, around 28 km from Desert Botanical Gardens. The air-conditioned accommodation is 12 km from OdySea Aquarium, and guests benefit from private parking available on site and free WiFi.,,
Arizona,Scottsdale,33.62858,-111.94232,Casa Solara Home,5.0,"""Casa Solara Home is a holiday home located in Scottsdale", 10 km from OdySea Aquarium. The air-conditioned unit is 19 km from Desert Botanical Gardens.,,,,,
Arizona,Scottsdale,33.50463,-111.91939,Hazelwood Home,5.0,"""Hazelwood home is set in Scottsdale", 20 km from Phoenix Convention Center and 7.9 km from Desert Botanical Gardens, in an area where cycling can be enjoyed. The air-conditioned accommodation is 20 km from Copper Square, and guests benefit from private parking available on site and free WiFi.,,,
Arizona,Scottsdale,33.4866,-111.931,Scottsdale Townhome by Wanderjaunt,5.0,"""Set in Scottsdale", 5 km from Desert Botanical Gardens and 12 km from OdySea Aquarium, Spacious Scottsdale Townhome by WanderJaunt offers free WiFi and air conditioning. The property is 6 km from Desert Botanical Garden and 6 km from Big Surf Waterpark Tempe.,,,,
Arizona,Scottsdale,33.58423,-111.84455,Casa Willow Home,5.0,"""Casa Willow Home is a holiday home with a barbecue", situated in Scottsdale. Guests benefit from patio.,,,,,
Arizona,Scottsdale,33.5087,-111.9031,8226 E Northland Dr House,5.0,"""Set in Scottsdale", 7 km from OdySea Aquarium and 9 km from Desert Botanical Gardens, 8226 E Northland Dr House offers air-conditioned accommodation with a patio and free WiFi. This holiday home features a private pool, a garden and free private parking.,,,
Arizona,Scottsdale,33.58519,-111.8779,Aventura Condominiums,5.0,"""Located in Scottsdale", 39 km from Copper Square, 39 km from Phoenix Convention Center and 6.6 km from OdySea Aquarium, Scottsdale Getaway with Shared Pool Less Than 10Mi to Old Town provides accommodation with a patio and free WiFi. This apartment is 23 km from Wrigley Mansion and 23 km from Phoenix Zoo.,,,
Arizona,Scottsdale,33.47653,-111.92372,7258 E Wilshire Dr Home,5.0,"""Located in Scottsdale", 7258 E Wilshire Dr Home provides accommodation with a private pool. The air-conditioned accommodation is 4.1 km from Desert Botanical Gardens, and guests benefit from complimentary WiFi and private parking available on site.,,,,
Arizona,Scottsdale,33.68449,-111.91055,21825 N 79th Place Home,5.0,"""Set in Scottsdale in the Arizona region", 21825 N 79th Place Home features a patio. This property offers a private pool, free WiFi and free private parking.,,,,
Arizona,Scottsdale,33.74048,-111.83769,Troon North 112,5.0,"""Featuring air-conditioned accommodation with a private pool", Troon North 112 is located in Scottsdale. The accommodation is 3 km from the Troon North Golf Club and has free WiFi throughout the property.,,,,,
Arizona,Scottsdale,33.62012,-111.88494,Villa Raintree,5.0,"""Located in Scottsdale", this air-conditioned apartment is 7 km from OdySea Aquarium. Guests benefit from balcony.,,,,,
Arizona,Scottsdale,33.4772,-111.903,Mid Century Modern Home,5.0,"""Located in Scottsdale", 6 km from Desert Botanical Gardens and 10 km from OdySea Aquarium, Mid Century Modern Home provides air-conditioned accommodation with a patio and free WiFi. This holiday home features a private pool, a garden and free private parking.,,,
Arizona,Scottsdale,33.62848,-111.95875,5630 E Waltann Lane Home,5.0,"""Situated in Phoenix", 29 km from Copper Square and 29 km from Phoenix Convention Center, 5630 E Waltann Lane Home features air-conditioned accommodation with a patio and free WiFi. This holiday home has a private pool, a garden and free private parking.,,,
Arizona,Scottsdale,33.57504,-111.87765,Villa Starfire by RedAwning,5.0,"""Situated 2.3 km from OdySea Aquarium in Scottsdale", this air-conditioned apartment features a patio. The unit is 15 km from Desert Botanical Gardens.,,,,,
Arizona,Scottsdale,33.62312,-111.87263,Villa Signature,5.0,"""Villa Signature Condo offers accommodation in Scottsdale", 8 km from OdySea Aquarium. The air-conditioned unit is 20 km from Desert Botanical Gardens.,,,,,
Arizona,Scottsdale,33.4871,-111.932,Spacious 4BR Townhouse by WanderJaunt,5.0,"""Situated in Scottsdale", 5 km from Desert Botanical Gardens and 12 km from OdySea Aquarium, Spacious 4BR Townhouse by Old Town by WanderJaunt offers free WiFi and air conditioning. This holiday home is 5 km from Desert Botanical Garden and 7 km from Big Surf Waterpark Tempe.,,,,
Arizona,Scottsdale,33.63045,-111.95947,Greenway Estate On 56th,5.0,"""Located in Phoenix", 29 km from Copper Square and 29 km from Phoenix Convention Center, Greenway Estate on 56th offers a restaurant and air conditioning. This apartment is 20 km from Deer Valley Rock Art Center and 21 km from Biltmore Fashion Park.,,,,
Arizona,Scottsdale,33.59917,-111.96094,Charter Oak Scottsdale,5.0,"""Located just 26 km from Copper Square", Charter Oak - Scottsdale provides accommodation in Phoenix with access to an outdoor swimming pool, a shared lounge, as well as a shared kitchen. This property offers access to a patio, a pool table, free private parking and free WiFi.,
Arizona,Scottsdale,33.49109,-111.91382,Regency Condo,3.0,"""Set in Scottsdale", 7 km from Desert Botanical Gardens and 11 km from OdySea Aquarium, Regency 2 Bedroom by Casago offers a terrace and air conditioning. This property offers access to a balcony, free private parking and free WiFi.,,,
Arizona,Scottsdale,33.5741,-111.89069,Admiral's House,3.0,"""Set in Scottsdale", 37 km from Phoenix Convention Center and 4 km from OdySea Aquarium, Admirals House 3 BR by Casago offers a terrace and air conditioning. It is situated 36 km from Copper Square and features free WiFi and free private parking.,,,,
Arizona,Scottsdale,33.50636,-111.93441,Camelback Garden,5.0,"""Situated in Scottsdale", 6 km from Desert Botanical Gardens, 10 km from OdySea Aquarium and 2.1 km from Old Town Scottsdale, Camelback Garden features accommodation with a patio and free WiFi. This holiday home has a private pool and a garden.,,,
Arizona,Scottsdale,33.57558,-111.91444,Yard Grass Pets North Scottsdale Desert Oasis,5.0,"""3 Bedroom - Yard Grass Pets North Scottsdale - Desert Oasis is located in Scottsdale", 6 km from OdySea Aquarium, 16 km from Desert Botanical Gardens, and 6 km from Salt River Fields at Talking Stick. This property offers access to a patio, free private parking and free WiFi.,,
Arizona,Scottsdale,33.54835,-111.92511,Mccormick Ranch Golf Villa,5.0,"""Boasting an outdoor swimming pool", a fitness centre, and a terrace, McCormick Ranch Golf Villa offers accommodation in Scottsdale with free WiFi and lake views. This villa provides free private parking and a shared kitchen.,,,
Arizona,Scottsdale,33.48099,-111.91883,75th Place,5.0,"""Featuring a terrace and a 24-hour front desk", 7BR - Old Town Wild West Estate is well set in Scottsdale, 18 km from Phoenix Convention Center and 5.7 km from Desert Botanical Gardens. The air-conditioned accommodation is 18 km from Copper Square, and guests benefit from complimentary WiFi and private parking available on site.,,,
Arizona,Scottsdale,33.49087,-111.93523,Downtown Scottsdale Home,5.0,"""Situated 5 km from Desert Botanical Gardens", 12 km from OdySea Aquarium and 1.6 km from Old Town Scottsdale, Downtown Scottsdale Home features accommodation set in Scottsdale. This property offers a private pool, free WiFi and free private parking.,,,
Arizona,Scottsdale,33.68715,-111.919,Deer Valley Escape,5.0,"""Deer Valley Escape is situated in Scottsdale", 40 km from Copper Square and 41 km from Phoenix Convention Center, in an area where cycling can be enjoyed. The accommodation is 10 km from the Musical Instrument Museum and has free WiFi throughout the property.,,,,
Arizona,Scottsdale,33.61646,-111.95462,Gelding Place,5.0,"""Located in Phoenix", 28 km from Copper Square and 29 km from Phoenix Convention Center, Gelding Place provides air-conditioned accommodation with a patio and free WiFi. This holiday home also has a private pool.,,,,
Arizona,Scottsdale,33.70248,-111.9151,Pinnacle Peak,5.0,"""Boasting air-conditioned accommodation with a private pool", Pinnacle Peak is set in Scottsdale. This property offers access to a patio.,,,,,
Arizona,Scottsdale,33.66438,-111.88998,Diamond Rim,5.0,"""Featuring air-conditioned accommodation with a private pool", Diamond Rim is located in Scottsdale. Guests benefit from a patio and an outdoor pool.,,,,,
Arizona,Sedona,34.85702,-111.76479,Creekside Inn At Sedona,3.0,"""Located 800 metres from Tlaquepaque Arts & Crafts Village", this Sedona B&B offers free WiFi and a daily 3-course gourmet breakfast. A snack and coffee tray is offered in each guest room.,,,,,
Arizona,Sedona,34.87294,-111.75695,La Petite Sedona,2.0,"""Featuring views of the Red Rocks", La Petite Sedona is 5 minutes drive from Slide Rock State Park. Free WiFi access is available. All rooms are equipped with a cable TV.,,,,,
Arizona,Sedona,34.86416,-111.79276,Sugar Loaf Lodge,2.0,"""Offering an seasonal outdoor pool and a hot tub", Sugar Loaf Lodge is located in Sedona. Free WiFi access is available. Slide Rock State Park is 15 minutes drive from the motel.,,,,,
Arizona,Sedona,34.86432,-111.81136,The Suites At Sedona,5.0,"""A boutique inn at the base of Thunder Mountain in West Sedona.",,,,,,
Arizona,Sedona,34.87036,-111.76135,Star Motel,2.0,"""Set in Sedona", 4.3 km from Chapel of the Holy Cross, Star Motel has rooms with free WiFi access. This motel has air-conditioned rooms with a private bathroom. Every room is equipped with a TV with with cable channels.,,,,
Arizona,Sedona,34.85449,-111.79573,A Sunset Chateau,,"""Located in Sedona", Arizona, this bed and breakfast features an outdoor pool and hot tub as well as an on-site tennis court. A full breakfast and free WiFi access are available.,,,,
Arizona,Sedona,34.86456,-111.81272,Casa Sedona Inn,4.0,"""Featuring an outdoor hot tub", this inn is 15 minutes drive from Red Rock State Park. All rooms are equipped with free Wi-Fi. Free guest parking is provided.,,,,,
Arizona,Sedona,34.86226,-111.81258,Whitehouse Inn Sedona,2.0,"""This motel is within a 6-minute drive of downtown Sedona and is 7.5 miles from Oak Creek Canyon. The motel offers a terrace and rooms with free Wi-Fi.",,,,,,
Arizona,Sedona,34.72263,-112.00627,Pines Motel,2.0,"""Offering a seasonal outdoor pool", this motel is located in Verde Valley. Free WiFi access is available. Parking is provided on site. Barbecue facilities and a laundrette are available.,,,,,
Arizona,Sedona,34.87708,-111.76114,Apple Orchard Inn,3.0,"""Featuring guest rooms with private spa baths and views of the red rocks", this Sedona B&B offers a full daily breakfast and free WiFi. Sedona city centre is 10 minutes walk away.,,,,,
Arizona,Sedona,34.87243,-111.76088,Rodeway Inn & Suites Iris Garden,2.0,"""Offering free WiFi access", Sedona Uptown Suites is located in Sedona. Tlaquepaque is 20 minutes walk from the property.,,,,,
Arizona,Sedona,34.78986,-111.76408,Canyon Villa B&B Inn of Sedona,4.0,"""Offering a seasonal solar heated outdoor pool", this bed and breakfast is 180 m from Bell Rock Plaza. Free WiFi is available. A chef-prepared breakfast is served each morning and free appetizers are served every evening.,,,,,
Arizona,Sedona,34.76924,-111.76609,Adobe Hacienda Bed & Breakfast,3.0,"""Showcasing Red Rock views", this authentic Southwest Adobe style B&B is located on Sedona Golf Resort at The Ridge. A fireplace and free WiFi is featured in each room. A full breakfast is served daily. Flagstaff is 1 hours drive away.,,,,,
Arizona,Sedona,34.744553,-112.020395,The Annabel Inn,3.0,HotelDescription#Further information about this hotel will be available shortly,NO Car park NO Large pets allowed (over 5 kg) NO Connecting rooms NO Smoking rooms NO Disability-friendly bathroom NO Small pets allowed (under 5 kg) NO Wheelchair-accessible NO Garage,,611 N 7th Street CottonwoodArizona 86326 ,86326,9286493038,http://www.theannabelinn.com
Arizona,Sedona,34.71947,-112.00162,Verde Valley Inn,2.0,"""Featuring free WiFi", this motel is located in Cottonwood. All rooms are equipped with a flat-screen TV with satellite channels. Verde Canyon Railroad is 15 minutes drive from the motel.,,,,,
Arizona,Sedona,34.86413,-111.81234,Adobe Grand Villas,4.0,"""Featuring a seasonal pool", this Sedona, Arizona hotel features elegant adobe inspired rooms. A 3-course breakfast is offered in the restaurant daily. Fresh baked bread is offered in rooms upon arrival. Slide Rock State Park is 20 minutes drive from the property.,,,,
Arizona,Sedona,34.77853,-111.76329,Desert Quail Inn,2.0,"""Located in the Village of Oak Creek and 15 minutes drive from Uptown Sedona", Desert Quail Inn offers a seasonal outdoor pool. Free WiFi is provided.,,,,,
Arizona,Sedona,34.78974,-111.76461,Cozy Cactus Bed And Breakfast,5.0,"""Offering a barbecue and mountain views", Cozy Cactus Resort sorta-kinda is situated in Sedona, 47 km from Flagstaff. Free private parking is available on site.,,,,
Arizona,Sedona,34.86284,-111.7935,Lodge at Sedona,3.0,"""Located in the heart of Sedona-Red Rock Country", this B&B features uniquely themed rooms with free Wi-Fi. A hot gourmet breakfast is served daily. Grand Canyon National Park is 2 hours drive away.,,,,,
Arizona,Sedona,34.91826,-111.73103,Oak Creek Terrace Resort,3.0,"""Featuring free Wi-Fi", this resort is located in Oak Creek Canyon. All rooms include a wood burning fireplace. Free parking is provided for all guests.,,,,,
Arizona,Sedona,34.77996,-111.7626,The Views Inn Sedona,2.0,"""This Arizona hotel features an outdoor pool and guest rooms with views and free Wi-Fi. The Views Inn Sedona is just a 5-minute drive from 2 golf courses.",,,,,,
Arizona,Sedona,34.85994,-111.76272,The Inn Above Oak Creek,3.0,"""Featuring a garden", Inn Above Oak Creek Sedona is located in Sedona in the Arizona region, 48 km from Northern Arizona University and 42 km from Coconino County Fairgrounds. The property is situated 5.1 km from Chapel of the Holy Cross, 37 km from Cliff Castle Casino and 41 km from Montezuma Castle National Monument. Walkup Skydome is 48 km from the inn and Greater Flagstaff Chamber of Commerce is 49 km away.,,,
Arizona,Sedona,34.78825,-111.76462,Sedona Village Lodge,2.0,"""Sedona Village Lodge offers pet-friendly accommodation in Sedona.",,,,,,
Arizona,Sedona,34.7488,-112.02734,The Iron Horse Inn,3.0,"""Offering free WiFi", this motel is located in Cottonwood. All rooms are equipped with a flat-screen cable TV. Verde Canyon Railroad is 5 minutes drive from the motel.,,,,,
Arizona,Sedona,34.78954,-111.77055,The Penrose Bed & Breakfast,4.0,"""Built into the Red Rocks", this Bed & Breakfast is 10 minutes drive from Red Rock Crossing. Free WiFi is offered in each room. A full breakfast with fruit and a hot entrée is served daily.,,,,,
Arizona,Sedona,34.56043,-111.85364,Fort Verde Suites Motel,5.0,"""Located 3.2 km from I-17 on historic Main Street", Fort Verde Suites offers free WiFi access and free private parking. Fort Verde State Historic Park is 10 minutes walk from the property.,,,,,
Arizona,Sedona,34.7381,-112.00999,Little Daisy Motel,2.0,"""Featuring 2-star accommodation", Little Daisy Motel is set in Cottonwood, 27 km from Cliff Castle Casino and 30 km from Montezuma Castle National Monument. The 2-star motel has air-conditioned rooms with a private bathroom and free WiFi. The motel has family rooms.,,,,
Arizona,Sedona,34.86495,-111.81171,Alma De Sedona Inn,3.0,"""Offering a seasonal outdoor pool", Alma De Sedona Inn is 10 minutes drive from Sedona Airport. WiFi is provided. A 2-course breakfast is served to guests daily.,,,,,
Arizona,Sedona,34.87593,-111.76124,Whispering Creek Bed & Breakfast,4.0,"""Situated in Sedona in the Arizona region and Northern Arizona University reachable within 47 km", Whispering Creek Bed & Breakfast features accommodation with free WiFi, BBQ facilities, a shared lounge and free private parking.,,,
Arizona,Sedona,34.87801,-111.75233,Sedona Views Bed and Breakfast,3.0,"""This bed and breakfast features rooms with a private hot tub located on a private balcony. Uptown Sedona is less than 1 minutes drive away.",,,,,,
Arizona,Sedona,34.82949,-111.81072,Sedona Cathedral Hideaway,5.0,"""Situated directly in front of Cathedral Rock", the luxurious Sedona Cathedral Hideaway B&B & Spa is in walking distance to Oak Creek, Red Rock Crossing and Pyramid Peak. The premier Sedona B&B offers a daily gourmet breakfast. A snack and coffee tray is available in each guest room.,,,,
Arizona,Sedona,34.73149,-112.02291,SpringHill Suites by Marriott Cottonwood,5.0,"""Situated in Cottonwood", 27 km from Cliff Castle Casino, SpringHill Suites by Marriott Cottonwood features accommodation with an outdoor swimming pool, free private parking, a fitness centre and a shared lounge. The property is allergy-free and is located 31 km from Montezuma Castle National Monument.,,
Arizona,Sedona,34.85297,-111.82511,Residence Inn by Marriott Sedona,5.0,"""Set in Sedona", 47 km from Coconino County Fairgrounds, Residence Inn by Marriott Sedona offers accommodation with free bikes, private parking, an outdoor swimming pool and a fitness centre. Among the various facilities of this property are a garden, a shared lounge and a bar. The hotel has a hot tub, a 24-hour front desk and free WiFi.
Arizona,Sedona,34.73121,-111.91655,Sycamore Springs,5.0,"""Featuring a hot tub", Sycamore Springs offers WiFi access is available. Dead Horse Ranch State Park is 20 minutes drive from the property.,,,,,
Arizona,Sedona,34.79547,-111.72381,Casita Red Rock Cottage,5.0,"""Set 6 km from Chapel of the Holy Cross in Sedona", this air-conditioned holiday home features a barbecue. Guests benefit from patio.,,,,,
Arizona,Sedona,34.67175,-111.9408,Verde Valley Canyon View Cottage 3,5.0,"""Situated in Cottonwood in the Arizona Region", 26 km from Sedona, Verde Valley Canyon View Cottage 3 boasts an outdoor pool and views of the mountain. Free WiFi is featured .,,,,
Arizona,Sedona,34.67175,-111.9408,Verde Valley Canyon View Cottage 4,5.0,"""Situated in Cottonwood in the Arizona region", Verde Valley Canyon View Cottage 4 features accommodation with free WiFi.,,,,,
Arizona,Sedona,34.67175,-111.9408,Verde Valley Canyon View Cottage 5,5.0,"""Located in Cottonwood in the Arizona region", Verde Valley Canyon View Cottage 5 provides accommodation with free WiFi.,,,,,
Arizona,Sedona,34.67175,-111.9408,Verde Valley Canyon View Cottage 6,5.0,"""Situated 20 km from Cliff Castle Casino in Cottonwood", Verde Valley Canyon View Cottage 6 features accommodation with air conditioning and free WiFi.,,,,,
Arizona,Sedona,34.67175,-111.9408,Verde Valley Deck Cottage 7,5.0,"""Set in Cottonwood", Verde Valley Deck Cottage 7 offers free WiFi, 20 km from Cliff Castle Casino and 23 km from Montezuma Castle National Monument.,,,,
Arizona,Sedona,34.67175,-111.9408,Verde Valley Deck Cottage 8,5.0,"""Located in Cottonwood", 20 km from Cliff Castle Casino and 23 km from Montezuma Castle National Monument, Verde Valley Deck Cottage 8 provides accommodation with free WiFi.,,,,
Arizona,Sedona,34.67175,-111.9408,Verde Valley Deck Cottage 9,5.0,"""Set in Cottonwood", Verde Valley Deck Cottage 9 offers accommodation with free WiFi and seating area.,,,,,
Arizona,Sedona,34.67175,-111.9408,Verde Valley Lawn Cottage 11,5.0,"""Located in Cottonwood", Verde Valley Lawn Cottage 11 has well-equipped accommodation featuring free WiFi, 20 km from Cliff Castle Casino and 23 km from Montezuma Castle National Monument.,,,,
Arizona,Sedona,34.67175,-111.9408,Verde Valley Lawn Cottage 12,5.0,"""Situated in Cottonwood", Verde Valley Lawn Cottage 12 features accommodation with free WiFi and seating area.,,,,,
Arizona,Sedona,34.86075,-111.7592,Forest View Drive,5.0,"""Featuring mountain views", Best Sedona Vacations offers accommodation with a balcony and a coffee machine, around 41 km from Coconino County Fairgrounds. The air-conditioned accommodation is 48 km from Northern Arizona University, and guests benefit from private parking available on site and free WiFi.,,,
Arizona,Sedona,34.67175,-111.9408,Verde Valley Studio Cabin 1,5.0,"""Located 20 km from Cliff Castle Casino and 23 km from Montezuma Castle National Monument", Verde Valley Studio Cabin 1 in Cottonwood provides air-conditioned accommodation with views of the mountain and free WiFi.,,,,,
Arizona,Sedona,34.67175,-111.9408,Verde Valley Studio Cabin 2,5.0,"""Located 20 km from Cliff Castle Casino", Verde Valley Studio Cabin 2 offers air-conditioned accommodation with a patio and free WiFi.,,,,,
Arizona,Sedona,34.67175,-111.9408,Verde Valley Lawn Cottage 10,5.0,"""Situated in Cottonwood", Verde Valley Lawn Cottage 10 features free WiFi, 20 km from Cliff Castle Casino and 23 km from Montezuma Castle National Monument.,,,,
Arizona,Sedona,34.67175,-111.9408,Verde Valley Park Model Cabin 13,5.0,"""Set in Cottonwood", Verde Valley One-Bedroom Park Model Cabin 13 offers free WiFi, 20 km from Cliff Castle Casino and 23 km from Montezuma Castle National Monument.,,,,
Arizona,Sedona,34.67175,-111.9408,Verde Valley Park Model Cabin 14,5.0,"""Set in Cottonwood", Verde Valley One-Bedroom Park Model Cabin 14 has well-equipped accommodation boasting free WiFi, 20 km from Cliff Castle Casino and 23 km from Montezuma Castle National Monument.,,,,
Arizona,Sedona,34.67175,-111.9408,Verde Valley Studio Park Model Cabin 15,5.0,"""Set in Cottonwood", Verde Valley Studio Park Model Cabin 15 has well-equipped accommodation featuring free WiFi, 20 km from Cliff Castle Casino and 23 km from Montezuma Castle National Monument.,,,,
Arizona,Sedona,34.67175,-111.9408,Verde Valley Studio Park Model Cabin 16,5.0,"""Set in Cottonwood", within 20 km of Cliff Castle Casino and 23 km of Montezuma Castle National Monument, Verde Valley Studio Park Model Cabin 16 offers accommodation with free WiFi.,,,,
Arizona,Sedona,34.85848,-111.81475,Sunset House West Sedona,5.0,"""Situated in Sedona in the Arizona region", Sunset House West Sedona features a patio and mountain views. The air-conditioned accommodation is 11 km from Chapel of the Holy Cross, and guests benefit from complimentary WiFi and private parking available on site.,,,,
Arizona,Sedona,34.83013,-111.77567,Sunrise House Sedona Chapel District,5.0,"""Sunrise House - Sedona Chapel District is set in Sedona. The air-conditioned accommodation is 1.5 km from Chapel of the Holy Cross", and guests benefit from complimentary WiFi and private parking available on site.,,,,,
Arizona,Sedona,34.85754,-111.76081,Vista Ridge Sedona,5.0,"""Located in Sedona", 5 km from Chapel of the Holy Cross, Vista Ridge Sedona provides accommodation with free WiFi, air conditioning and access to a garden with a terrace.,,,
Arizona,Sedona,34.60245,-111.87461,Stargazing Retreats,1.0,"""Stargazing Retreats has mountain views", free WiFi and free private parking, situated in Camp Verde, 3.1 km from Cliff Castle Casino.,,,
Arizona,Sedona,34.79614,-111.71853,Sedona Mountain View Home Spectacular views Hiking Fireplace Spa Wifi,5.0,"""Set in Sedona in the Arizona region", Sedona Mountain View Home - Spectacular views-Hiking-Fireplace-Spa-Wifi has a patio and mountain views. The air-conditioned accommodation is 14 km from Chapel of the Holy Cross, and guests benefit from private parking available on site and free WiFi.,,,,
Arizona,Sedona,34.8694,-111.80737,Harmony House,5.0,"""Located 45 km from Coconino County Fairgrounds", Harmony House Homestay provides accommodation with free WiFi and free private parking.,,,,,
Arizona,Seligman,35.32703,-112.87676,Supai Motel,4.0,"""Located on historic Route 66 in Seligman", Arizona, this motel is 15 minutes drive from Grand Canyon Caverns Airport.  Rooms offer free Wi-Fi and a cable TV with extended film channels.,,,,
Arizona,Seligman,35.3263,-112.87413,Deluxe Inn,3.0,"""Located on historic Route 66", this pet-friendly Seligman, Arizona motel is 15 minutes drive from Grand Canyon Caverns Airport. Rooms offer free Wi-Fi and a cable TV with extended film channels.,,,,
Arizona,Seligman,35.32715,-112.87642,Romney Motel,2.0,"""Located in the small town of Seligman on historic Route 66 and near attractions such as the Grand Canyon", this motel offers guestrooms with free, high-speed wireless internet access.,,,,
Arizona,Seligman,35.52882,-113.23107,Grand Canyon Caverns Inn,2.0,"""Grand Canyon Caverns Inn has a seasonal outdoor swimming pool", garden, a terrace and restaurant in Peach Springs. Boasting family rooms, this property also provides guests with a childrens playground. Free WiFi and a shared kitchen are offered.,,,
Arizona,Seligman,35.32339,-112.85767,Stagecoach 66 Motel,4.0,"""Located on historic Route 66", this Arizona motel offers themed rooms, has an on-site bar and restaurant and serves daily coffee, tea and sweet rolls. Ash Fork Route 66 Museum is 25 miles away.,,,
Arizona,,34.151439667,-109.97290039,Rainbow Lake Lodge,3.0,HotelDescription#Further information about this hotel will be available shortly,NO Large pets allowed (over 5 kg) NO Wheelchair-accessible NO Car park NO Connecting rooms NO Smoking rooms NO Garage NO Disability-friendly bathroom NO Small pets allowed (under 5 kg),,West White Mountain Boulevard 1638 1638 LakesideArizona 85929 ,85929,4809645694,http://www.rainbowlakelodge.com/
Arizona,,34.191007,-110.02643,Oakwood Inn Bed and Breakfast,3.0,HotelDescription#Further information about this hotel will be available shortly,NO Car park NO Smoking rooms NO Large pets allowed (over 5 kg) NO Connecting rooms NO Small pets allowed (under 5 kg) NO Disability-friendly bathroom NO Garage NO Wheelchair-accessible,,6558 Wagon Wheel Lane LakesideArizona 85929 ,85929,9285373030,http://www.oakwoodinnbandb.com/
Arizona,,31.71366,-110.06611,Larian Motel,3.0,"""Located in the Tombstone Historic District and 1 minutes walk from restaurants", shops, museums and saloons, this Arizona motel is 1 hours drive from Tucson International Airport. Free Wi-Fi is provided in all rooms.,,,
Arizona,Snowflake,34.50876,-110.07878,Cedar Motel,3.0,"""Featuring free Wi-Fi in all rooms", this motel is 30 miles from Petrified Forest National Park. Snowflake Temple is less than 10 minutes drive away.,,,,,
Arizona,Springerville,34.01157,-109.53892,Sunrise Park Resort,3.0,"""Offering an indoor pool and a restaurant", Sunrise Park Hotel includes free WiFi access. Sunrise Lake is 10 minutes drive from the property. Free transfer service to Ski Mountain is available.,,,,,
Arizona,Springerville,34.13291,-109.282,Springerville El Jo Motor Inn,1.0,"""Just 2 miles from Becker Lake", this Econo Lodge is adjacent to Saphire Restaurant. Free Wi-Fi is included in all guest rooms. Apache-Sitgreaves National Forest is 13 miles away.,,,,,
Arizona,Springerville,34.13282,-109.28386,Rode Inn Springerville,1.0,"""Located in the White Mountains", this Arizona motel is a 10-minute walk from Apache Sitgreaves National Forest. It serves a continental breakfast and offers spacious rooms with free Wi-Fi.,,,,,
Arizona,Springerville,34.13306,-109.28292,White Mountain Motel,3.0,"""White Mountain Motel is offering accommodation in Springerville. This 3-star motel offers a 24-hour front desk and free WiFi. The rooms have a flat-screen TV with satellite channels.",,,,,,
Arizona,Springerville,33.99914,-109.45937,Greer Peaks Lodge,4.0,"""Set in Greer", 29 km from Sunrise Park Resort, Greer Peaks Lodge offers accommodation with a shared lounge, free private parking, a garden and a terrace. This 4-star resort offers room service, a business centre and free WiFi. The resort has family rooms.,
Arizona,Springerville,34.00111,-109.46232,Greer Point Trails End Cabins,5.0,"""Offering free WiFi", these cabins are located in Greer. Guests can enjoy a fireplace and a patio with mountain views in all accommodations. Greer Lakes is 5 minutes drive from the property.,,,,,
Arizona,Surprise,33.6703,-112.42388,Enchantment 3 Br Home,5.0,"""Enchantment home is situated in Surprise", 43 km from Phoenix Convention Center and 27 km from State Farm Stadium, in an area where cycling can be enjoyed. The air-conditioned accommodation is 43 km from Copper Square, and guests benefit from private parking available on site and free WiFi.,,,
Arizona,Surprise,33.63362,-112.40995,Cottonwood Home,5.0,"""Cottonwood home is located in Surprise", 31 km from Castles and Coasters and 33 km from Deer Valley Rock Art Center, in an area where cycling can be enjoyed. The air-conditioned accommodation is 25 km from State Farm Stadium, and guests benefit from private parking available on site and free WiFi.,,,
Arizona,Surprise,33.65396,-112.37596,Mountain View #11107 Condo,5.0,"""GROUND FLOOR condo STEPS AWAY from pool & spa!! condo is located in Surprise", 38 km from Phoenix Convention Center and 22 km from State Farm Stadium, in an area where cycling can be enjoyed. The air-conditioned accommodation is 38 km from Copper Square, and guests benefit from private parking available on site and free WiFi.,,,
Arizona,Surprise,33.63548,-112.3786,Hilton Garden Inn Surprise Phoenix,3.0,"""Located in Surprise", 37 km from Copper Square, Hilton Garden Inn Surprise Phoenix provides accommodation with an outdoor swimming pool, free private parking, a fitness centre and a shared lounge. With a restaurant, the 3-star hotel has air-conditioned rooms with free WiFi, each with a private bathroom. The hotel features a hot tub and a 24-hour front desk.
Arizona,Tempe,33.42042,-111.94009,University Inn & Suites Asu tempe,1.0,"""Featuring free WiFi", this Tempe hotel is located 1 mile from Sun Devil Stadium.,,,,,
Arizona,Tempe,33.42169,-111.9163,Quality Inn At Asu,2.0,"""The Tempest Hotel Tempe ASU", Ascend Hotel Collection in Tempe is located near Arizona State Universitys orientation and all of the colleges sports try-outs. Full-service accommodations include: free high-speed Internet access, free local calls, and free newspaper.,,,
Arizona,Tempe,33.33341,-111.96998,Drury Inn & Suites Phoenix Tempe,3.0,"""Featuring a daily hot breakfast buffet", Drury Inn & Suites Phoenix Tempe is 10 minutes drive from Arizona State University. An outdoor pool and hot tub are available to guests of the hotel.,,,,,
Arizona,Tempe,33.43059,-111.94287,SALT,4.0,"""Situated in Tempe", Stay Alfred on Rio Salado Parkway features accommodation with a flat-screen TV and a kitchen. Complimentary WiFi is offered.,,,,,
Arizona,Tempe,33.42164,-111.93914,Omni Tempe Hotel at ASU,4.0,"""Omni Tempe Hotel at ASU has an outdoor swimming pool", fitness centre, a restaurant and bar in Tempe. This 4-star hotel offers room service and a 24-hour front desk. The property is allergy-free and is set 17 km from Phoenix Convention Center.,,,,
Arizona,Tempe,33.4349,-111.93,Modern Tempe Apartments by WanderJaunt,5.0,"""Located in Tempe", 4.1 km from Arizona State University and 10 km from Sea Life Arizona, Modern 1BR on the Lake #4035 by WanderJaunt provides accommodation with free WiFi, air conditioning and a fitness centre. The property is 4.1 km from Tempe Center for the Arts and 5 km from Grady Gammage Memorial Auditorium.,,,
Arizona,Tempe,33.43046,-111.94548,Rio Salado Condo,5.0,"""Located in Tempe", 1.5 km from Arizona State University and 7 km from Sea Life Arizona, Rio Salado Condo offers free WiFi and air conditioning. The property is 2.2 km from Grady Gammage Memorial Auditorium and 2.4 km from Sun Devil Stadium.,,,,
Arizona,Tolleson,33.46405,-112.24005,Premier Inns Tolleson,2.0,"""Located 10.4 km from University of Phoenix Stadium", this Tolleson motel offers an outdoor pool and hot tub. All air-conditioned rooms are equipped with a fridge. Sky Harbor International Airport is 23 km away.,,,,,
Arizona,Tombstone,31.71446,-110.07181,Katie's Cozy Cabins,3.0,"""Located in historic Tombstone", this inn is 5 minutes walk from O.K. Corral and Big Nose Kates Saloon. This self check-in property features a porch with a swing with each bungalow.,,,,,
Arizona,Tombstone,31.71464,-110.07277,Tombstone Bordello Bed & Breakfast,5.0,"""Offering a seasonal outdoor pool and hot tub", Tombstone Bordello Bed & Breakfast is set in Tombstone, Arizona, 33 km from Bisbee.,,,
Arizona,Tombstone,31.71338,-110.0652,Budget Host Inn Tombstone,2.0,"""Tombstone Motel offers air-conditioned accommodation in Tombstone. All rooms boast a TV with satellite channels and a private bathroom. The motel features both free WiFi and free private parking.",,,,,,
Arizona,Tombstone,31.72965,-110.09811,Tombstone Monument Guest Ranch,4.0,"""Situated in Tombstone", Arizona, this rustic accommodation is 30 miles from the Dragoon Mountains in Cochise County. Featuring a full daily breakfast and a seasonal outdoor pool, each spacious guest room offers free WiFi. Historic Tombstone is a 10 minute drive from the property,,,
Arizona,Tombstone,31.71366,-110.06611,Larian Motel,3.0,"""Located in the Tombstone Historic District and 1 minutes walk from restaurants", shops, museums and saloons, this Arizona motel is 1 hours drive from Tucson International Airport. Free Wi-Fi is provided in all rooms.,,,
Arizona,Tombstone,31.71579,-110.0657,SageBrush Inn,,"""Featuring rooms named after famous actors who have stayed at the property", including John Wayne, this historic motel is located in Tombstone. Free WiFi is provided.,,,,
Arizona,Tombstone,31.71376,-110.07033,Allen Street Inn,5.0,"""Allen Street Inn is located in Tombstone.",,,,,,
Arizona,Tombstone,31.71441,-110.07209,Stampede Bed & Breakfast,4.0,"""This Tombstone B&B serves a daily fully cooked breakfast and has an on-site bakery.  It is less than half a mile away from the historic O.K. Corral.  All cottages feature free Wi-Fi.",,,,,,
Arizona,Tombstone,31.71469,-110.07031,Virgil's Corner Bed And Breakfast,5.0,"""Set in Tombstone in the Arizona region", Virgils Corner B & B offers accommodation with free WiFi and free private parking.,,,,,
Arizona,Tubac,31.61345,-111.04789,Tubac Country Inn,3.0,"""Featuring a free continental breakfast delivered in-room daily", this Tubac, Arizona hotel is designed in southwest décor. Located in the artist community of Tubac, Tubac Center of the Arts is 1 minute walk away.,,,
Arizona,Tubac,31.61689,-111.06391,Freedom On The Go Ranch,3.0,"""Featuring views of the mountains", from our ranch in the hills, above the art town of Tubac, Freedom on the Go Ranch offers a barbecue and sun terrace. Free WiFi is featured throughout the property and free private parking is available on site.,,,
Arizona,Tubac,31.56158,-111.04347,Casa Paloma B&B,5.0,"""Set in Tubac", Casa Paloma B&B offers accommodation with free WiFi, garden views, a garden with a terrace, and access to a fitness room and a hot tub.,,
Arizona,Tucson,32.183,-110.957,Extend A Suites Tucson,2.0,"""Situated within 7 km of Arizona Stadium and 8 km of Tucson Convention Center", Extend A Suites - Tucson provides rooms with air conditioning and a private bathroom in Tucson. The property is located 7 km from Reid Park Zoo and 7 km from Tucson Museum of Art.,,,,,
Arizona,Tucson,32.2337,-110.94088,Adobe Rose Inn,3.0,"""Adobe Rose Inn was built in 1933 and located in the historic Sam Hughes Neighborhood. The inn features an outdoor swimming pool. Rooms feature cable TV and most boast a fireplace. The University of Arizona is 10 minutes walk from the property.",,,,,,
Arizona,Tucson,32.24964,-110.99469,Hampton Inn Tucson North,3.0,"""Situated just off motorway I-10 near the centre of Tucson", Arizona, this hotel offers several convenient services and comfortable amenities just minutes from museums, shopping and dining.,,,
Arizona,Tucson,32.221163059079,-110.97362584416,Arizona,3.0,,,,181 West Broadway Boulevard TucsonAZ 85701 ,85701,,
Arizona,Tucson,32.23392,-110.97162,University Inn,2.0,"""Located 13 km from Tucson International Airport", this hotel features an outdoor swimming pool and a daily continental breakfast. Free WiFi is included.,,,,,
Arizona,Tucson,51.83716,-10.19483,Smugglers Inn,3.0,"""With a stay at The Smugglers Inn in Waterville", you'll be next to a golf course, just a 1-minute walk from Waterville Golf Links and 12 minutes by foot from Waterville Beach.  This beach hotel is 1.5 mi (2.4 km) from The Story of Waterville Cable Station Exhibition and 2.4 mi (3.9 km) from Skellig Bay Golf Club.,,,,
Arizona,Tucson,32.24036,-111.20379,Casa Tierra Adobe Bed & Breakfast Inn,3.0,"""Located on 5 acres of natural desert", this adobe-style bed and breakfast features bird and wildlife viewing and private patios with chiminea fireplaces. A hot tub is also available.,,,,,
Arizona,Tucson,32.22633,-110.94192,Sam Hughes Inn Bed and Breakfast,3.0,"""Located in Tucson in the Arizona region", with Arizona Stadium and University of Arizona nearby, Sam Hughes Inn B&B provides accommodation with free WiFi and free private parking.,,,,
Arizona,Tucson,32.24228,-110.9439,The Joesler Historic Inn La Posada de Valle,3.0,HotelDescription#This lovely Hotel is situated in Foothills. The property comprises a total of 27 snug bedrooms. Pets are not allowed at The Joesler Historic Inn 'La Posada de Valle'.,NO Disability-friendly bathroom NO Smoking rooms NO Wheelchair-accessible NO Car park NO Small pets allowed (under 5 kg) NO Garage NO Connecting rooms NO Large pets allowed (over 5 kg),,1640 N. Campbell Avenue TucsonArizona 85719 ,85719,5208850883,http://thejoeslerhistoricinn.com/
Arizona,Tucson,32.28706,-110.80908,Canyon Ranch Health Resorts Tuscon,5.0,"""Boasting a fitness centre", spa and wellness centre, garden and free WiFi, Canyon Ranch Tucson is situated in Tucson, 19 km from Arizona Stadium. Located around 23 km from Tucson Convention Center, the resort is also 19 km away from Reid Park Zoo. The accommodation offers a 24-hour front desk.,
Arizona,Tucson,32.20878,-110.98084,Howard Johnson Inn Tucson Downtown,2.0,"""Located just off Interstate 10", this hotel is 1 mile from both the Tucson Convention Center and Sentinel Peak Park.,,,,,
Arizona,Tucson,32.24192,-110.97752,La Siesta Motel,2.0,"""Offering rooms with free Wi-Fi", this Tucson motel features an outdoor covered terrace with seating. The University of Arizona  Tucson is 2 miles away.,,,,,
Arizona,Tucson,32.37506,-111.16548,White Stallion Ranch,4.0,"""Offering a hot tub and sauna", White Stallion Ranch is located in Tucson in the Arizona Region. The ranch has a year-round outdoor pool and childrens playground.,,,,,
Arizona,Tucson,31.78752,-111.03257,Wyndham Green Valley Canoa Ranch Resort,5.0,"""Located in Green Valley", Canoa Ranch Golf Resort provides free WiFi throughout the property. The property features a year-round outdoor pool, fitness centre, hot tub and terrace.,,,
Arizona,Tucson,32.406129,-110.994173,The Golf Villas at Oro Valley,5.0,,,,10950 North La Cañada Drive TucsonAZ 85737 ,85737,,
Arizona,Tucson,32.20496,-110.98028,Regal Inn Tucson,2.0,"""Rooms feature cable TV at this motel. An outdoor pool and on site launderette are also offered for guest convenience. The Tucson Convention Centre is less than 5 minutes drive away.",,,,,,
Arizona,Tucson,32.2315,-110.96904,The Big Blue House Inn Boutique Hotel,3.0,"""Listed in the National Register of Historic Places. One of the most unique and historic homes in Tucson Arizona. Designed by the famous architect Henry Charles Trost.",,,,,,
Arizona,Tucson,32.21513,-110.96994,The Downtown Clifton Hotel,3.0,"""Set in Tucson", less than 1 km from Tucson Convention Center, The Downtown Clifton Hotel offers accommodation with a shared lounge, free private parking, a restaurant and a bar. This 3-star hotel offers free WiFi. Arizona Stadium is 3.8 km away and Reid Park Zoo is 6 km from the hotel.,,
Arizona,Tucson,32.22229,-110.96666,Historic Hotel Congress,3.0,"""Built in 1919", the Historic Hotel Congress is a cultural landmark located in downtown Tucson. Guests can enjoy the on-site nightclub and the award-winning restaurant, the Cup Café which offers breakfast, lunch and dinner daily. Tucson Convention Center is a 10-minute walk from the property.,,,
Arizona,Tucson,32.2607,-110.98953,Amazon Motel,2.0,"""Offering a seasonal outdoor pool", Amazon Motel is located in Tucson. Free WiFi access is available. A 24-hour front desk assists guests,,,,,
Arizona,Tucson,32.26846,-110.77695,Cactus Cove Bed And Breakfast Inn,3.0,"""Offering an outdoor pool and a hot tub", Cactus Cove Bed and Breakfast Inn is located in Tucson. Free WiFi access is available. Saguaro National Park is 15 minutes drive from the property.,,,,,
Arizona,Tucson,32.15502,-110.76891,Desert Sol Bed & Breakfast,3.0,"""Located in Tucson", Desert Sol Bed & Breakfast provides accommodation with an outdoor pool and a garden. Free WiFi is offered.,,,,,
Arizona,Tucson,32.19711,-110.87481,D M Motel,2.0,"""Located 7 miles from the University of Arizona", this Tucson motel offers free Wi-Fi in every room.  Valet parking is featured, and all parking is free.,,,,
Arizona,Tucson,32.21906,-110.96979,Blenman House Inn,,"""Featuring a seasonal lagoon-shaped swimming pool with outdoor terrace lounging", this historic Bed & Breakfast is 8 miles from Tucson International Airport. All rooms include free Wi-Fi.,,,,,
Arizona,Tucson,32.24252,-110.97772,Quail Inn Motel,3.0,"""Located in Tucson within 3.4 km of Tucson Convention Center and 5 km of Arizona Stadium", Quail Inn Motel provides rooms with free WiFi. Located around 2.6 km from Tucson Museum of Art, the motel is also 9 km away from Reid Park Zoo. Pima Air & Space Museum is 20 km from the motel.,,,,
Arizona,Tucson,32.22329,-110.86635,Mon Ami Bed And Breakfast,5.0,"""A lap pool and hot tub are available at this bed and breakfast. Rooms feature a cable TV and DVD player", and also offer mountain and garden views. Sabino Canyon is 8 miles away.,,,,,
Arizona,Tucson,32.18607,-110.96566,Economy Inn Tucson,5.0,"""Economy Inn is located in Tucson", within 6.5 km of Tucson Convention Center and 7.5 km of Arizona Stadium. Among the facilities at this property are room service and a 24-hour front desk, along with free WiFi throughout the property. Tucson Museum of Art is 6.1 km away and Reid Park Zoo is 8 km from the hotel.,,,,
Arizona,Tucson,32.21958,-110.96529,El Amador,5.0,"""Situated in Tucson in the Arizona region and Tucson Convention Center reachable within 1.5 km", El Amador Downtown Luxury Inn features accommodation with free WiFi, BBQ facilities, free bikes and free private parking.,,,
Arizona,Tucson,32.23633,-110.71832,Desert Trails Bed & Breakfast,5.0,"""Featuring free WiFi throughout the property", Desert Trails Bed & Breakfast is adjacent to the hiking trails in Saguaro National Park and is 5 minutes walk to the Tanque Verde Wash, a designated birding area by Tucson Audubon Society. Free private parking is available on site.,,,,
Arizona,Tucson,32.15531,-110.76948,The Inn At Civano,5.0,"""Offering 2 year-round outdoor pools", Inn at Civano is located in Tucson in the Arizona Region, 19 km from Arizona Stadium. Guests can enjoy the on-site bar. Free private parking is available on site.,,,,
Arizona, pick up a free Hampton's On the Run Breakfast Bag. Refresh in the outdoor pool, energize in our fitness center. Stay productive in our 24-hr business center. Stock up on snacks in the 24-hr convenience store," and grab a free cup of tea or coffee anytime in the lobby.""",Hotel safe Lift access Luggage room Clothes dryer Conference room Meeting room Sun loungers ISO 14001  Environmental management Breakfast Fitness Hilton - CleanStay Hotel Laundry service,,6300 W Marana Center Blvd Tucson ,85742,,http://hamptoninn3.hilton.com/en/hotels/arizona/ha,,,
Arizona,Tucson,32.2223,-110.8888,Ramada by Wyndham Viscount Suites Tucson East,3.0,"""Only 13 km from Tucson International Airport", this all-suite hotel features free WiFi, a daily hot breakfast buffet, a fitness centre and heated outdoor pool and hot tub. Tucson city centre is 4 miles away.,,,
Arizona,Tucson,32.291,-110.94232,"""The Eddy Hotel Tucson"," Tapestry Collection by Hilton""",5.0,"""Situated within 12 km of Reid Park Zoo and 24 km of Pima Air & Space Museum", The Eddy Hotel Tucson, Tapestry Collection By Hilton features rooms in Tucson. The property is located 7.5 km from Arizona Stadium, 11 km from Tucson Convention Center and 10 km from Tucson Museum of Art. The accommodation provides a 24-hour front desk and an ATM for guests.,,
Arizona,Tucson,32.32251,-110.97791,Casas Adobes condo,5.0,"""Featuring an outdoor swimming pool", a garden, and a terrace, Casas Adobes condo offers accommodation in Tucson with free WiFi and mountain views. This property offers access to a balcony and free private parking.,,,
Arizona,Tucson,32.15469,-110.73755,Saguaro Serenity By Signature Vacation Rentals,3.0,"""Set in Tucson", 29 km from Tucson Convention Center and 19 km from Tucson Raceway Park, Saguaro Serenity 3 BR by Casago offers a terrace and air conditioning. It is situated 28 km from Arizona Stadium and features free WiFi and free private parking.,,,,
Arizona,Tucson,32.20753,-111.03588,Townhome with Golf Discount,4.0,"""Situated in Tucson", within 7 km of Tucson Convention Center and 11 km of Arizona Stadium, Townhome with Golf Discount offers accommodation with free WiFi, air conditioning, an outdoor swimming pool and a fitness centre. Boasting free private parking, the holiday home is in an area where guests can engage in activities such as hiking, cycling and tennis.
Arizona,Tucson,32.41329,-111.01046,Oro Valley #2012,5.0,"""Located in Tortolita", 26 km from Tucson Convention Center and 28 km from Arizona Stadium, Oro Valley #2012 provides air-conditioned accommodation with a patio and free WiFi. This holiday home also has a private pool.,,,,
Arizona,Tucson,32.45561,-110.98112,Rancho Vistoso #212C,5.0,"""Set in Tortolita in the Arizona region", Rancho Vistoso #212C features a balcony and mountain views. The air-conditioned accommodation is 32 km from Tucson.,,,,,
Arizona,Tucson,32.44792,-110.9396,Rancho Vistoso #2234,5.0,"""Featuring air-conditioned accommodation with a private pool", mountain view and a patio, Rancho Vistoso #2234 is located in Catalina. The holiday home is 16 km from Mt Lemmon SkyCenter Observatory.,,,,
Arizona,Tucson,32.45501,-110.98112,Vistoso Casitas Golf I #126C,5.0,"""Located in Tortolita in the Arizona region", Vistoso Casitas Golf I #126C has a patio and mountain views. The air-conditioned accommodation is 32 km from Tucson.,,,,,
Arizona,Tucson,32.45157,-110.97754,Vistoso Resort Casita #126,5.0,"""Set in Tortolita", within 29 km of Arizona Stadium and 27 km of Tucson Museum of Art, Vistoso Resort Casita #126 features accommodation with free WiFi throughout the property. The property is around 34 km from Reid Park Zoo, 45 km from Pima Air & Space Museum and 46 km from Pima Air Museum. The property is non-smoking and is situated 28 km from Tucson Convention Center.,,,
Arizona,Tucson,32.45213,-110.97727,Vistoso Resort Casita #247,5.0,"""Situated in Tortolita in the Arizona region", Vistoso Resort Casita #247 features a balcony and mountain views. The air-conditioned accommodation is 32 km from Tucson, and guests benefit from complimentary WiFi and private parking available on site.,,,,
Arizona,Tucson,32.45571,-110.98112,Rancho Vistoso #219C,5.0,"""Located in Tortolita", 28 km from Tucson Convention Center, Rancho Vistoso #219C features views of the mountain. The property is set 30 km from Arizona Stadium, 28 km from Tucson Museum of Art and 34 km from Reid Park Zoo. This pet-friendly hotel also has free WiFi.,,,
Arizona,Tucson,32.45125,-110.97754,Rancho Vistoso #256,5.0,"""Situated within 28 km of Tucson Convention Center and 29 km of Arizona Stadium", Rancho Vistoso #256 features rooms in Tortolita. The property is set 27 km from Tucson Museum of Art, 34 km from Reid Park Zoo and 45 km from Pima Air & Space Museum. Rooms have a balcony with mountain views and free WiFi.,,,,
Arizona,Tucson,32.45501,-110.98112,Vistoso Casitas Golf I #214C,5.0,"""Located in Tortolita", Vistoso Casitas Golf I #214C provides accommodation with a balcony and free WiFi. The air-conditioned accommodation is 32 km from Tucson.,,,,,
Arizona,Tucson,32.46164,-110.94184,Sun City Vistoso #14093,5.0,"""Set in Catalina", 30 km from Tucson Convention Center and 31 km from Arizona Stadium, Sun City Vistoso #14093 offers free WiFi and air conditioning. This holiday home is 29 km from Tucson Museum of Art and 36 km from Reid Park Zoo.,,,,
Arizona,Tucson,32.46918,-110.95695,Sun City Vistoso #999,5.0,"""Situated in Catalina", 19 km from Mt Lemmon SkyCenter Observatory, Sun City Vistoso #999 features air-conditioned accommodation with a patio and free WiFi.,,,,
Arizona,Tucson,32.45164,-110.97784,Vistoso Resort Casita #258,5.0,"""Located in Tortolita", Vistoso Resort Casita #258 provides accommodation with a balcony and free WiFi. The air-conditioned accommodation is 32 km from Tucson.,,,,,
Arizona,Tucson,32.45501,-110.98112,Rancho Vistoso #225C,5.0,"""Rancho Vistoso #225C is set in Tortolita", 34 km from Reid Park Zoo and 45 km from Pima Air & Space Museum. The property is around 28 km from Tucson Convention Center, 30 km from Arizona Stadium and 28 km from Tucson Museum of Art. Every room is equipped with a balcony with mountain views and free WiFi.,,,,
Arizona,Tucson,32.44337,-110.98685,Rancho Vistoso #998,5.0,"""Situated in Tortolita", 28 km from Tucson Convention Center and 30 km from Arizona Stadium, Rancho Vistoso #998 features air-conditioned accommodation with a patio and free WiFi. This holiday home also features a private pool.,,,,
Arizona,Tucson,32.45501,-110.98112,Rancho Vistoso #114C,5.0,"""Situated in Tortolita", within 30 km of Arizona Stadium and 28 km of Tucson Museum of Art, Rancho Vistoso #114C provides free WiFi throughout the property. The property is around 34 km from Reid Park Zoo, 45 km from Pima Air & Space Museum and 46 km from Pima Air Museum. The property is non-smoking and is located 28 km from Tucson Convention Center.,,,
Arizona,Tucson,32.45168,-110.97754,Vistoso Resort Casita #127,5.0,"""Vistoso Resort Casita #127 is situated in Tortolita", within 34 km of Reid Park Zoo and 45 km of Pima Air & Space Museum. The property is around 28 km from Tucson Convention Center, 29 km from Arizona Stadium and 27 km from Tucson Museum of Art. This pet-friendly hotel also has free WiFi.,,,,
Arizona,Tucson,32.45503,-110.98112,Rancho Vistoso #226C,5.0,"""Situated in Tortolita", within 30 km of Arizona Stadium and 28 km of Tucson Museum of Art, Rancho Vistoso #226C offers accommodation with free WiFi throughout the property. All rooms boast a kitchen and a private bathroom. The property is non-smoking and is set 28 km from Tucson Convention Center.,,,,
Arizona,Tucson,32.31259,-110.8473,Veranda at Ventana #30208,5.0,"""Featuring free WiFi throughout the property", Veranda at Ventana #30208 is set in Tucson, 23 km from Tucson Convention Center and 19 km from Reid Park Zoo. The property is around 22 km from Pima Air & Space Museum, 23 km from Tucson Museum of Art and 24 km from Pima Air Museum. The property is non-smoking and is situated 20 km from Arizona Stadium.,,,
Arizona,Tucson,32.45067,-110.97754,Vistoso Resort Casita #218,5.0,"""Vistoso Resort Casita #218 is located in Tortolita", within 28 km of Tucson Convention Center and 29 km of Arizona Stadium. The property is situated 28 km from Tucson Museum of Art, 34 km from Reid Park Zoo and 46 km from Pima Air & Space Museum. The rooms come with a balcony with mountain views and free WiFi.,,,,
Arizona,Tucson,32.25893,-110.94926,Top Rated Host New Listing Book Now To Save,5.0,"""Set in Tucson", 4.5 km from Arizona Stadium and 6.8 km from Tucson Convention Center, Top Rated Host - New Listing - Book NOW to SAVE! offers air-conditioned accommodation with a patio and free WiFi. The property is 21 km from Pima Air & Space Museum and 22 km from Pima Air Museum.,,,,
Arizona,Tucson,32.29805,-110.92587,Camino Antonio,5.0,"""Set in Tucson", 10 km from Arizona Stadium and 13 km from Tucson Convention Center, Camino Antonio offers free WiFi and air conditioning. This holiday home is 13 km from Tucson Museum of Art and 13 km from Reid Park Zoo.,,,,
Arizona,Tucson,32.45312,-110.97753,Vistoso Resort Casita #205,5.0,"""Located in Oro Valley in the Arizona region", Vistoso Resort Casita #205 has a patio and mountain views. The air-conditioned accommodation is 31 km from Tucson.,,,,,
Arizona,Tusayan,35.20357,-111.61602,Flagstaff Motel,1.0,"""This motel is located 2 miles from downtown Flagstaff and 4 miles from Northern Arizona University. The motel features a 24-hour front desk and rooms with free Wi-Fi.",,,,,,
Arizona,Tusayan,35.24934,-112.19145,Buffalo Pointe Inn,2.0,"""Just a 3-minute drive from the Amtrak-WMA train station north of Grand Canyon Avenue", this motel offers a daily continental breakfast and an on-site restaurant.  Guest rooms offer cable TV and free Wi-Fi.,,,,,
Arizona,Tusayan,35.25112,-112.18575,The Lodge on Route 66,,"""The Lodge on Route 66 is a motel offering accommodation in Williams. Featuring a tour desk", this property also provides guests with a terrace. Free WiFi is featured.,,,,,
Arizona,Tusayan,35.25101,-112.1884,Red Garter Inn,3.0,"""Located on Route 66", this inn is a restored 1897 saloon and bordello. All rooms feature free WiFi.,,,,,
Arizona,Tusayan,35.25293,-112.18157,El Rancho Motel,3.0,"""Offering free Wi-Fi", this downtown Williams motel is adjacent to Route 66. All rooms feature a flat-screen satellite TV. Grand Canyon Railroad Amtrak Station is 10 minutes walk from the motel.,,,,,
Arizona,Tusayan,35.24896,-112.1926,Highlander Motel,2.0,"""Offering free Wi-Fi", this motel is 5 minutes drive from Santa Fe Reservoir. All rooms feature mountain views. Free parking is provided. Grand Canyon Railway is 600 metres from the property and the Polar Express Train is 800 metres away.,,,,,
Arizona,Tusayan,35.24916,-112.18174,Sheridan House Inn Adult Only Accommodation,3.0,"""Situated at the base of Bill Williams Mountain in a Ponderosa forest", this Arizona B&B offers individually decorated rooms with free WiFi. Historic Route 66 is less than 0.5 miles away.,,,,,
Arizona,Tusayan,35.2439995,-112.1969986,Legacies Bed and Breakfast,3.0,,,,450 South 11th Street Kaibab National ForestWilliamsAZ 86046 ,86046,,
Arizona,Tusayan,35.2498,-112.19001,9 Arizona Motor Hotel,2.0,"""Located on world famous Route 66 in downtown Williams", this motel offers simply furnished rooms equipped with cable TV. The Grand Canyon Railway is 5 minutes walk away.,,,,,
Arizona,Tusayan,35.64888,-112.13394,Dumplin Patch Bed & Breakfast,3.0,"""A 45-minute drive from Grand Canyon Village and a 25-minute drive from Grand Canyon National Park Airport", this bed and breakfast in Valle, Arizona offers a snack bar and free WiFi.,,,,
Arizona,Tusayan,35.97204,-112.1278,Red Feather Lodge,3.0,This comfortable hotel is situated in Tusayan. The hotel features a total of 215 bedrooms. This property does not accept pets.,Hotel,,State Route 64 GRAND CANYON NATIONAL PARK ,86023,38572765121,http://www.redfeatherlodge.com
Arizona,Tusayan,35.24961,-112.19173,Canyon Country Inn,2.0,"""Canyon Country Inn is located on historic Route 66 in Williams", Arizona. Free WiFi is provided and a free breakfast is offered each day. Grand Canyon is 101 km from the property.,,,,,
Arizona,Tusayan,35.21863,-111.59787,Starlight Pines Bed and Breakfast,3.0,"""This quaint bed and breakfast offers uniquely decorated rooms with antique furniture. The bed and breakfast is located at the foot of Mount Elden.",,,,,,
Arizona,Tusayan,35.262931129,-112.05857277,Mountain Ranch Resort at Beacon Hill,3.0,"""Location",,,,,,
Arizona,Tusayan,35.24892,-112.19337,Budget Host Inn Williams,2.0,"""This hotel is located in Williams", the gateway to the grand canyon. All rooms offer a microwave and fridge.,,,,,
Arizona,Tusayan,35.19341,-111.66172,Budget Host Inn Nau Downtown Flagstaff,2.0,"""Hotel West Inn NAU - Downtown Flagstaff", Arizona motel is 5 minutes walk to Northern Arizona University and Downtown Flagstaff. Satellite TV is offered in all rooms.,,,,,
Arizona,Tusayan,35.19461,-111.65502,Drury Inn & Suites Flagstaff,4.0,"""Featuring an indoor swimming pool", this hotel is 10 minutes drive from Flagstaff Pulliam Airport. Free Wi-Fi is included in all rooms. A hot QUIKSTART breakfast is served daily.,,,,,
Arizona,Tusayan,35.24924,-112.19241,Westerner Motel,2.0,"""This Williams", Arizona motel is located on historic Route 66, within 5 minutes drive of the Grand Canyon Railway. The motel offers a 24-hour front desk, free Wi-Fi, free coffee in the lobby and free parking.,,
Arizona,Tusayan,36.05443638130711,-112.13861032819503,Hualapai Ranch,2.0,"""The hotel is located at the scenic Grand Canyon West in Northern Arizona", less than a 3-hour drive from Las Vegas.,,,,,
Arizona,Tusayan,35.25822,-112.17124,The Canyon Motel & RV Park,3.0,"""Located within a Ponderosa Pine forest and a 5-minute drive to the Grand Canyon Railroad", this Williams, Arizona motel features a heated indoor swimming pool open from May to October. Free WiFi is provided.,,,,
Arizona,Tusayan,35.25833,-112.17692,Grand Living Bed & Breakfast,3.0,"""Nestled among scenic mountains in historic Williams", Arizona, the Quarter Horse Inn & Lodge offers exceptional accommodations, friendly service and easy access to attractions, including Grand Canyon National Park.,,
Arizona,Tusayan,35.23758,-111.57795,Elden Trails Bed and Breakfast,3.0,"""Just 15 minutes drive from historic downtown Flagstaff", this bed and breakfast features hiking trails from the back of the property and guest rooms with free Wi-Fi.,,,,,
Arizona,Tusayan,35.19846,-111.64905,Weatherford Hotel,5.0,"""Located in Flagstaff", 1.4 km from Northern Arizona University, Weatherford Hotel provides accommodation with a restaurant, free private parking and a bar. Located around 3.4 km from The North Pole Experience, the hotel with free WiFi is also 8.7 km away from Coconino County Fairgrounds. The accommodation offers room service, a 24-hour front desk and organising tours for guests.,
Arizona,Tusayan,35.19442,-111.63209,Relax Inn Motel,2.0,"""Featuring 2-star accommodation", Relax Inn is situated in Flagstaff, 1.9 km from The North Pole Experience and 3.2 km from Northern Arizona University. This 2-star motel offers a 24-hour front desk and free WiFi. Coconino County Fairgrounds is 10 km away and Greater Flagstaff Chamber of Commerce is 1.9 km from the motel.,,,,
Arizona,Tusayan,35.20146,-111.64693,The Inn At 410,5.0,"""Bespoke Inn raises the bar with the perfect blend of historic charm and modern amenities at this boutique inn. This historic property", built-in 1894 and formerly known as the Inn at 410, has been fully renovated into a modern masterpiece.,,,,
Arizona,Tusayan,35.26609,-112.1863,Trapper's Rendezvous,,"""Featuring Wild West themed accommodations", these uniquely decorated Boutique Cabins are located in historic Williams, AZ, the Gateway to the Grand Canyon! Trappers Rendezvous is your perfect spot to relax during your trip, just about a mile from the bustling center of this Route 66 town with a view of the mountains. Sit in your porch chairs with a drink in hand to watch the sunset, or let the kids get their travel wiggles out running around outside in the warm months!,
Arizona,Tusayan,35.19508,-111.62927,Western Hills Motel,5.0,"""Situated in Flagstaff", 1.6 km from The North Pole Experience, Western Hills Motel features accommodation with a restaurant, free private parking, a bar and barbecue facilities. Located around 10 km from Coconino County Fairgrounds, the motel with free WiFi is also 2 km away from Greater Flagstaff Chamber of Commerce. The property is non-smoking and is located 3.2 km from Northern Arizona University.,
Arizona,Tusayan,35.25774,-112.19017,Hampton Inn By Hilton Williams,5.0,"""Hampton Inn By Hilton Williams provides accommodation in Williams. The accommodation features a 24-hour front desk as well as free WiFi.",,,,,,
Arizona,Tusayan,35.2085,-111.5822,Spectacular Views,5.0,"""Spectacular Views enjoys a location in Flagstaff", just 5 km from The North Pole Experience and 9 km from Northern Arizona University. This holiday home features barbecue facilities.,,,,,
Arizona,Tusayan,35.31474,-111.55701,Flagranch Cabin,5.0,"""FlagRanch Cabin is a holiday home set in Elden Pueblo", 16 km from Flagstaff. Guests benefit from patio.,,,,,
Arizona,Tusayan,35.24851,-112.19248,The Big Bear House,5.0,"""The Big Bear Apartment is located in Williams. Featuring free private parking", the holiday home is in an area where guests can engage in activities such as hiking, skiing and cycling.,,,,
Arizona,Tusayan,35.30042,-111.55056,Mountain View Lodge Grand Canyon,5.0,"""Mountain View Lodge is a detached holiday home situated in Flagstaff in the Arizona Region and is 15 km from Flagstaff. It provides free private parking. Free WiFi is offered throughout the property.",,,,,,
Arizona,Tusayan,35.08966,-111.68841,Flagstaff Chalet,5.0,"""Boasting a garden", a terrace, and a spa and wellness centre, Flagstaff Chalet provides accommodation in Flagstaff with free WiFi and mountain views. Featuring free private parking, the holiday home is in an area where guests can engage in activities such as hiking, skiing and billiards.,
Arizona,Tusayan,35.16562,-111.67541,The Holland Home,5.0,"""The Holland Home is set in Flagstaff", 4.2 km from Northern Arizona University, and offers a terrace, garden, and free WiFi. Featuring free private parking, the holiday home is in an area where guests can engage in activities such as hiking and fishing.,
Arizona,Tusayan,35.21202,-111.6483,Location Nature Lovers Getaway Close To Historic Downtown,5.0,"""Featuring a garden", a terrace, and barbecue facilities, LOCATION! Nature Lovers Getaway - Close to Historic Downtown features accommodation in Flagstaff with free WiFi and garden views. Boasting free private parking, the holiday home is in an area where guests can engage in activities such as hiking, skiing and cycling.,
Arizona,Tusayan,35.73128,-112.11204,Grand Canyon Rentals Gcr 75 D,5.0,"""Offering free WiFi and mountain views", 075D Cozy Home nr Grand Canyon South Rim Sleeps 2 is an accommodation set in Valle.,,,,,
Arizona,Tusayan,35.73126,-112.11201,Grand Canyon Rentals Gcr 83 B,5.0,"""Offering free WiFi and mountain views", 083B Cozy Home nr Grand Canyon South Rim Sleeps 6 is an accommodation set in Valle. The apartment, housed in a building dating from 2018, is 40 km from the Grand Canyon Village.,,,
Arizona,Tusayan,35.22042,-111.5956,Village At Mt. Elden,5.0,"""Village at Mt. Elden in Flagstaff provides accommodation with free WiFi", 6.9 km from The North Pole Experience, 7.5 km from Northern Arizona University and 16 km from Coconino County Fairgrounds. Featuring a patio, the holiday home is in an area where guests can engage in activities such as skiing and cycling.,,,
Arizona,Tusayan,35.264,-112.19194,Grand Canyon RV Glamping,5.0,"""Grand Canyon RV Glamping features accommodation in Williams. Boasting a concierge service", this property also provides guests with a barbecue. There is a sun terrace and guests can make use of free WiFi and free private parking.,,,,,
Arizona,Valle,35.64888,-112.13394,Dumplin Patch Bed & Breakfast,3.0,"""A 45-minute drive from Grand Canyon Village and a 25-minute drive from Grand Canyon National Park Airport", this bed and breakfast in Valle, Arizona offers a snack bar and free WiFi.,,,,
Arizona,Valle,35.73128,-112.11204,Grand Canyon Rentals Gcr 75 D,5.0,"""Offering free WiFi and mountain views", 075D Cozy Home nr Grand Canyon South Rim Sleeps 2 is an accommodation set in Valle.,,,,,
Arizona,Valle,35.73126,-112.11201,Grand Canyon Rentals Gcr 83 B,5.0,"""Offering free WiFi and mountain views", 083B Cozy Home nr Grand Canyon South Rim Sleeps 6 is an accommodation set in Valle. The apartment, housed in a building dating from 2018, is 40 km from the Grand Canyon Village.,,,
Arizona,Wickenburg,33.96526,-112.73511,My Place Suites,4.0,"""Offering a year-round outdoor pool", My Place Suites is located in Wickenburg. Free WiFi access is available. Wickenburg Municipal Airport is 10 minutes drive from the property.,,,,,
Arizona,Wickenburg,33.96665,-112.74096,Stagecoach Suites,4.0,"""Set in Wickenburg", Stagecoach Suites offers 4-star accommodation with a garden and barbecue facilities. This 4-star hotel offers room service, a 24-hour front desk and free WiFi. Rooms are equipped with a patio with garden views.,,,,
Arizona,Wickenburg,34.00985,-112.74906,Kay El Bar Guest Ranch,5.0,"""Kay El Bar Guest Ranch in Wickenburg provides accommodation with an outdoor swimming pool", a restaurant and a bar. The resort has family rooms.,,,,,
Arizona,Willcox,32.26496,-109.84121,Rodeway Inn,2.0,"""This hotel is 10 minutes drive from Cochise County Airport. All rooms include free Wi-Fi.",,,,,,
Arizona,Willcox,32.24963,-109.83459,Arizona Sunset Inn,2.0,"""Arizona Sunset Inn & Suites is a 2-star property located in Willcox. There is a barbecue and guests can make use of free WiFi and free private parking.",,,,,,
Arizona,Willcox,32.2553,-109.83052,Motel 8 Willcox,2.0,"""Offering free Wi-Fi", this motel is 60 km to Chiricahua National Monument. Each room is equipped with high definition satellite TV. Free parking is available to all guests on site.,,,,,
Arizona,Williams,35.24934,-112.19145,Buffalo Pointe Inn,2.0,"""Just a 3-minute drive from the Amtrak-WMA train station north of Grand Canyon Avenue", this motel offers a daily continental breakfast and an on-site restaurant.  Guest rooms offer cable TV and free Wi-Fi.,,,,,
Arizona,Williams,35.25112,-112.18575,The Lodge on Route 66,,"""The Lodge on Route 66 is a motel offering accommodation in Williams. Featuring a tour desk", this property also provides guests with a terrace. Free WiFi is featured.,,,,,
Arizona,Williams,35.25101,-112.1884,Red Garter Inn,3.0,"""Located on Route 66", this inn is a restored 1897 saloon and bordello. All rooms feature free WiFi.,,,,,
Arizona,Williams,35.25293,-112.18157,El Rancho Motel,3.0,"""Offering free Wi-Fi", this downtown Williams motel is adjacent to Route 66. All rooms feature a flat-screen satellite TV. Grand Canyon Railroad Amtrak Station is 10 minutes walk from the motel.,,,,,
Arizona,Williams,35.24896,-112.1926,Highlander Motel,2.0,"""Offering free Wi-Fi", this motel is 5 minutes drive from Santa Fe Reservoir. All rooms feature mountain views. Free parking is provided. Grand Canyon Railway is 600 metres from the property and the Polar Express Train is 800 metres away.,,,,,
Arizona,Williams,35.24916,-112.18174,Sheridan House Inn Adult Only Accommodation,3.0,"""Situated at the base of Bill Williams Mountain in a Ponderosa forest", this Arizona B&B offers individually decorated rooms with free WiFi. Historic Route 66 is less than 0.5 miles away.,,,,,
Arizona,Williams,35.2439995,-112.1969986,Legacies Bed and Breakfast,3.0,,,,450 South 11th Street Kaibab National ForestWilliamsAZ 86046 ,86046,,
Arizona,Williams,35.2498,-112.19001,9 Arizona Motor Hotel,2.0,"""Located on world famous Route 66 in downtown Williams", this motel offers simply furnished rooms equipped with cable TV. The Grand Canyon Railway is 5 minutes walk away.,,,,,
Arizona,Williams,35.64888,-112.13394,Dumplin Patch Bed & Breakfast,3.0,"""A 45-minute drive from Grand Canyon Village and a 25-minute drive from Grand Canyon National Park Airport", this bed and breakfast in Valle, Arizona offers a snack bar and free WiFi.,,,,
Arizona,Williams,35.24961,-112.19173,Canyon Country Inn,2.0,"""Canyon Country Inn is located on historic Route 66 in Williams", Arizona. Free WiFi is provided and a free breakfast is offered each day. Grand Canyon is 101 km from the property.,,,,,
Arizona,Williams,35.262931129,-112.05857277,Mountain Ranch Resort at Beacon Hill,3.0,"""Location",,,,,,
Arizona,Williams,35.24892,-112.19337,Budget Host Inn Williams,2.0,"""This hotel is located in Williams", the gateway to the grand canyon. All rooms offer a microwave and fridge.,,,,,
Arizona,Williams,35.24924,-112.19241,Westerner Motel,2.0,"""This Williams", Arizona motel is located on historic Route 66, within 5 minutes drive of the Grand Canyon Railway. The motel offers a 24-hour front desk, free Wi-Fi, free coffee in the lobby and free parking.,,
Arizona,Williams,35.25822,-112.17124,The Canyon Motel & RV Park,3.0,"""Located within a Ponderosa Pine forest and a 5-minute drive to the Grand Canyon Railroad", this Williams, Arizona motel features a heated indoor swimming pool open from May to October. Free WiFi is provided.,,,,
Arizona,Williams,35.25833,-112.17692,Grand Living Bed & Breakfast,3.0,"""Nestled among scenic mountains in historic Williams", Arizona, the Quarter Horse Inn & Lodge offers exceptional accommodations, friendly service and easy access to attractions, including Grand Canyon National Park.,,
Arizona,Williams,35.26609,-112.1863,Trapper's Rendezvous,,"""Featuring Wild West themed accommodations", these uniquely decorated Boutique Cabins are located in historic Williams, AZ, the Gateway to the Grand Canyon! Trappers Rendezvous is your perfect spot to relax during your trip, just about a mile from the bustling center of this Route 66 town with a view of the mountains. Sit in your porch chairs with a drink in hand to watch the sunset, or let the kids get their travel wiggles out running around outside in the warm months!,
Arizona,Williams,35.25774,-112.19017,Hampton Inn By Hilton Williams,5.0,"""Hampton Inn By Hilton Williams provides accommodation in Williams. The accommodation features a 24-hour front desk as well as free WiFi.",,,,,,
Arizona,Williams,35.24851,-112.19248,The Big Bear House,5.0,"""The Big Bear Apartment is located in Williams. Featuring free private parking", the holiday home is in an area where guests can engage in activities such as hiking, skiing and cycling.,,,,
Arizona,Williams,35.73128,-112.11204,Grand Canyon Rentals Gcr 75 D,5.0,"""Offering free WiFi and mountain views", 075D Cozy Home nr Grand Canyon South Rim Sleeps 2 is an accommodation set in Valle.,,,,,
Arizona,Williams,35.73126,-112.11201,Grand Canyon Rentals Gcr 83 B,5.0,"""Offering free WiFi and mountain views", 083B Cozy Home nr Grand Canyon South Rim Sleeps 6 is an accommodation set in Valle. The apartment, housed in a building dating from 2018, is 40 km from the Grand Canyon Village.,,,
Arizona,Williams,35.264,-112.19194,Grand Canyon RV Glamping,5.0,"""Grand Canyon RV Glamping features accommodation in Williams. Boasting a concierge service", this property also provides guests with a barbecue. There is a sun terrace and guests can make use of free WiFi and free private parking.,,,,,
Arizona,Winslow,35.02695,-110.70512,Motel 10,2.0,"""Located in Winslow on Historic Route 66", Motel 10 offers simply furnished rooms. Free parking is available on site. Corner Park is 9 minutes walk away. Free parking is available on site.,,,,,
Arizona,Winslow,35.02124,-110.69501,La Posada Hotel,4.0,"""Set in Winslow", La Posada Hotel and Gardens offers 4-star accommodation with a terrace, a restaurant and a bar. Featuring a garden, the 4-star hotel has air-conditioned rooms with free WiFi, each with a private bathroom. The accommodation offers evening entertainment and room service.,,
Arizona,Winslow,35.02637,-110.70437,Winslow Inn,5.0,"""Featuring free Wi-Fi", this motel is 20 minutes drive from Homolovi Ruins State Park. All rooms feature a cable TV.,,,,,
Arizona,Yuma,32.68867,-114.62501,Hacienda Motel,2.0,"""Yuma International Airport is just a 6-minute drive from this Arizona motel", which features an outdoor pool. Every room at Hacienda Motel offers a flat-screen cable TV with HBO and free Wi-Fi.,,,,,
Arizona,Yuma,32.68178,-114.62428,Torch Lite Lodge,3.0,"""Featuring a year round outdoor pool", this Arizona motel is 5 minutes drive from Yuma International Airport. Guest rooms include cable TV with extended film channels and free Wi-Fi.,,,,,
Arizona,Yuma,32.861053466944,-114.43719059229,La Casita & Building 506,3.0,HotelDescription#Further information about this hotel will be available shortly,NO Disability-friendly bathroom NO Wheelchair-accessible NO Car park NO Large pets allowed (over 5 kg) NO Smoking rooms NO Connecting rooms NO Small pets allowed (under 5 kg) NO Garage,,301 C Street Yuma Proving GroundsArizona 85365 ,85365,9283282129,http://www.ihgarmyhotels.com/pal/en/us/hotel/MFYUA
Arizona,Yuma,41.5965004,-81.489502,Knights Inn And Suites,5.0,,,,28500 Euclid Avenue WickliffeOH 44092 ,44092,,
Arizona,Yuma,32.72065,-114.6247,Regalodge Motel,1.0,"""Offering a year-round outdoor pool", this motel is 5 miles from Yuma International Airport. Free Wi-Fi and a daily breakfast are included in all guest rooms. Algodones, Mexico is 13 minutes drive away.,,,,
Arizona,Yuma,32.69105,-114.5838,Four Points by Sheraton Yuma,5.0,"""Four Points by Sheraton Yuma is offering accommodation in Yuma.",,,,,,
