State,City,Latitude,Longitude,HotelName,StarRating,Description,HotelFacilities,Attractions,Address,ZipCode,PhoneNumber,HotelWebsiteUrl
California,Ahwahnee,37.40317,-119.73041,Sierra Mountain Lodge,5.0,"""This Ahwahnee", California Vacation Rental Property is situated in the Sierra Mountains and is 22 miles away from the Southern Entrance of Yosemite National Park. It offers spacious 1 bedroom, 2 bedroom & studios.  All include private entries, king or queen beds, quality linens & kitchenettes. All suites include an indoor & outdoor dining area.,,
California,Ahwahnee,37.36355,-119.70007,Sierra Meadows,3.0,"""Set 34 km from Yosemite South Entrance", Sierra Meadows offers free bikes, a seasonal outdoor swimming pool and air-conditioned accommodation with a patio and free WiFi.,,,,
California,Alameda,37.76366,-122.25178,Alameda Island House,5.0,"""Built in 1898", this charming Victorian apartment is located in Alameda just 7 minutes walk from the restaurants and antique shops on Park Street. San Francisco Airport is located 20 km away.,,,,,
California,Alameda,37.76386,-122.25166,Island Cottage your home away from home,5.0,"""Located 14 km from San Francisco", Alameda Cottage offers accommodation in Alameda. Alameda Cottage features views of the garden and is 12 km from Berkeley.,,,,,
California,Alturas,41.49457,-120.54113,Hacienda Motel,2.0,"""Located in Alturas", Hacienda Motel offers rooms with free Wi-Fi. Modoc National Wildlife Refuge is 2.9 km away. Free guest parking is available.,,,,,
California,Alturas,41.49957,-120.53116,Rim Rock Motel Alturas,2.0,"""This hotel is one mile from downtown Alturas and is 2.5 miles from the Modoc National Wildlife Refuge. The hotel offers a free airport shuttle and rooms with free Wi-Fi.",,,,,,
California,Alturas,41.48263,-120.54232,Hotel Niles,3.0,"""Featuring a coffee shop", restaurant and saloon on-site, this Alturas hotel built in 1908 features guest rooms with free WiFi. A free breakfast of coffee and pastries is included.,,,,
California,Anaheim,33.82064,-117.99352,Motel Moonlight,2.0,"""Located in a residential area of Anaheim", Moonlight offers modern accommodation with parking. It features an outdoor swimming pool with sun terrace and air-conditioned rooms with cable TV channels.,,,,,
California,Anaheim,33.82617,-117.99314,Pacific Inn Anaheim,3.0,"""Featuring 3-star accommodation", Pacific Inn Anaheim is set in Anaheim, 11 km from Anaheim Convention Center and 24 km from South Coast Plaza. Featuring a garden, the 3-star motel has air-conditioned rooms with free WiFi, each with a private bathroom. The property is non-smoking and is located 2.7 km from Knotts Berry Farm.,,
California,Anaheim,33.81766,-117.91441,Americas Best Value Astoria Inn & Suites,2.0,"""Just 15 minutes walk from the world famous Disneyland Resort", this motel offers bright, modern rooms including mini-fridges and coffee makers.,,,,
California,Anaheim,33.8035,-117.91766,Alpine Inn near Convention Center and the Park,2.0,"""Located just 1.6 km away from Disneyland", this Anaheim hotel features an outdoor heated swimming pool and free Wi-Fi.,,,,,
California,Anaheim,33.79669,-117.91482,Ramada by Wyndham Anaheim Convention Center ( Ex. Travelodge by Wyndham Anaheim Convention Center),2.0,"""Anaheim Convention Center is 0.5 miles walking distance from Ramada by Wyndham Anaheim Convention Center", and 0.8 miles walking distance from Disneyland.  This Anaheim hotel offers rooms with free Wi-Fi. free guest parking, and free continental breakfast.,,,,
California,Anaheim,33.8179,-117.92261,Budget Inn Anaheim near Disneyland Drive,2.0,"""Budget Inn Anaheim near Disneyland Drive is 10 minutes walk from Disneyland Resort. The non-smoking motel offers free WiFi and an outdoor swimming pool. The property provides coffee and danishes in the morning as well.",,,,,,
California,Anaheim,33.80876,-117.91506,Anaheim Desert Inn & Suites,3.0,"""Featuring an indoor pool and hot tub", this hotel is located directly across the street from the Disneyland Resort Main Gate Entrance and just 10 minutes walk from the Anaheim Convention Center.,,,,,
California,Anaheim,33.810402,-117.913974,Carousel Inn And Suites,3.0,"""Just a hop", skip and a jump away from the thrilling rides and lovely characters of the Disneyland Resort, the attractive boutique hotel Carousel Inn And Suites is conveniently situated in Anaheim. A multitude of restaurants can be found in the vicinity, and the Anaheim Convention Center as well as the Garden Walk mall can be reached within a short stroll. Other attractions such as Knott's Berry Farm, Legoland or the Angels Stadium are within easy reach.,,
California,Anaheim,33.807832,-117.915204,Grand Legacy At The Park,3.0,"""This hotel is across the street from the Disneyland? Resort pedestrian entrance and 3 street blocks from the Anaheim Convention Center.",,,,,,
California,Anaheim,33.79255,-117.93888,Castle House - Wonderland House,5.0,"""Situated in Anaheim", 3.5 km from Anaheim Convention Center and 5 km from Disney California Adventure, The Wonderland House offers air conditioning. Boasting a private pool, the holiday home is in an area where guests can engage in activities such as skiing and cycling.,,,
California,Anaheim,33.82057,-117.91554,Frontier Motel,2.0,"""Featuring 2-star accommodation", Frontier Motel is set in Anaheim, 2.7 km from Disney California Adventure and 2.8 km from Anaheim Convention Center. Featuring an outdoor swimming pool, the 2-star motel has air-conditioned rooms with free WiFi, each with a private bathroom. Knotts Berry Farm is 10 km from the motel and South Coast Plaza is 17 km away.,,
California,Anaheim,33.82048,-117.9266,The Neverending Story Home,,"""Offering an outdoor pool", The Neverending Story Home is located in Anaheim. Free WiFi access is available in this holiday home. Free on-site parking is provided.,,,,,
California,Anaheim,33.82528,-117.91944,Magic Forest Disney Theme Home,3.0,"""Located just 5 minutes drive from Disneyland Resort", this Disney theme four-bedroom Anaheim house features an outdoor swimming pool. Free Wi-Fi is offered throughout the home.,,,,,
California,Anaheim,33.85173,-117.90514,Disneyland Tropical Paradise Vacation Home,,"""Located 10 minutes drive away from Disneyland Resort", this four-bedroom house features a private pool and hot tub. Free Wi-Fi and a furnished outdoor terrace is provided.,,,,,
California,Anaheim,33.82637,-117.99308,Best Budget Inn Anaheim,2.0,"""Located 9 km from Disneyland", this Anaheim motel offers guest rooms with free Wi-Fi.  It features a 24-hour reception.  Free guest parking is available.,,,,,
California,Anaheim,33.83185,-117.98984,Welcome Inn & Suites Anaheim,2.0,"""Located 13 minutes drive from Disneyland", this Anaheim motel features a 24-hour reception service.  Guests can enjoy a TV included in each room.,,,,,
California,Anaheim,33.81861,-117.99352,Robinhood Motel,2.0,"""Situated in Anaheim", 3.8 km from Knotts Berry Farm, Robinhood Motel features accommodation with free WiFi and free private parking. The property is around 9.4 km from Anaheim Convention Center, 22 km from South Coast Plaza and 27 km from Queen Mary. Fashion Island is 31 km from the motel and Battleship Iowa Museum is 35 km away.,,,
California,Anaheim,33.82609,-117.91036,Super 7 Motel,5.0,"""Situated in Anaheim", 3.9 km from Anaheim Convention Center, Super 7 Motel features accommodation with free WiFi and free private parking. The property is around 10 km from Knotts Berry Farm, 17 km from South Coast Plaza and 30 km from Fashion Island. The motel has family rooms.,,,
California,Anaheim,33.8394332,-117.89588370000001,Anchor Motel,2.0,,Internet access services and conveniences getting around,,1538 East Lincoln Avenue AnaheimCalifornia 92805-2287 ,92805,,https://www.booking.com/hotel/us/anchor-motel-anaheim.html
California,Anaheim,33.80946,-117.93507,The Pirate's Cove 5 Br Home,5.0,"""The Pirates Cove in Anaheim provides accommodation with free WiFi", 3.2 km from Disneyland, 3.2 km from Anaheim Convention Center and 3.6 km from Disney California Adventure. Boasting a private pool, the holiday home is in an area where guests can engage in activities such as skiing and cycling.,,,
California,Anaheim,33.7975,-117.92023,Temple of Doom 3 Br Condo,5.0,"""Temple of Doom offers accommodation in Anaheim", 1.6 km from Anaheim Convention Center and 3 km from Disney California Adventure. The accommodation is 3.7 km from the Disneyland.,,,,,
California,Anaheim,33.82633,-117.89496,California Dreamin' 6 Br Home,5.0,"""Situated in Anaheim", California Dreamin provides accommodation with a private pool and free WiFi. This holiday home is 7 km from Disney California Adventure and 4.2 km from Angel Stadium of Anaheim.,,,,,
California,Anaheim,33.84003,-117.93364,Pirate's Lair 7 Br Home,5.0,"""Pirates Lair in Anaheim offers accommodation with free WiFi", 6 km from Disneyland, 6 km from Anaheim Convention Center and 8 km from Disney California Adventure. Boasting a private pool, the holiday home is in an area where guests can engage in activities such as skiing and cycling.,,,
California,Anaheim,33.81739,-117.9457,House With Pool Near Disneyland,4.0,"""Situated in Anaheim and only 5 minutes drive to Disneyland", this 3,300sq ft accommodation can accommodate a maximum of 15 guests including children. It features a large pool, a hot tub, a terrace and free WiFi. There is free private parking available on site. This house is a 5-minute walk from the Anaheim Resort Disney shuttle pick-up. It is also only 20-30 minutes to many popular beaches.,,
California,Anaheim,33.81336,-117.9295,Walnut Apartment 1371 Condo,5.0,"""Situated in Anaheim", this air-conditioned apartment features an outdoor pool. The apartment is 1 km from Disneyland. Free WiFi is offered throughout the property.,,,,,
California,Anaheim,33.84025,-117.93055,Haunted Mansion 6 Br Home,5.0,"""Haunted Mansion in Anaheim features accommodation with free WiFi", 6 km from Disneyland, 6 km from Anaheim Convention Center and 8 km from Disney California Adventure. Boasting a private pool, the holiday home is in an area where guests can engage in activities such as skiing and cycling.,,,
California,Anaheim,33.82752,-117.92571,Walt's Place 6 Br Home,5.0,"""Walts Place in Anaheim provides accommodation with free WiFi", 3.1 km from Disneyland, 3.8 km from Disney California Adventure and 5 km from Anaheim Convention Center. The property is 1.5 km from Anaheim Ice and 2.6 km from Anaheim Plaza.,,,,
California,Anaheim,33.81336,-117.92952,Tron 3 Br Condo,5.0,"""Tron in Anaheim provides accommodation with free WiFi", 2.9 km from Disneyland, 3 km from Anaheim Convention Center and 3.4 km from Disney California Adventure. This holiday home is 3.2 km from House of Blues Anaheim and 3.2 km from Anaheim Gardenwalk.,,,,
California,Anaheim,33.79672,-117.92288,Suite Escapes 5 3 Br Condo,5.0,"""Set in Anaheim", 2.1 km from Anaheim Convention Center and 2.5 km from Disney California Adventure, Suite Escapes 5 offers air conditioning. The property is 1.5 km from Downtown Disney California and 2.3 km from House of Blues Anaheim.,,,,
California,Anaheim,33.79767,-117.92215,Lost Boys 3 Br Condo,5.0,"""Lost Boys is located in Anaheim", 2.1 km from Anaheim Convention Center and 2.5 km from Disney California Adventure, in an area where skiing can be enjoyed. Free WiFi is available in this holiday home, set 3.2 km from Disneyland and 5 km from Angel Stadium of Anaheim.,,,
California,Anaheim,33.80001,-117.93095,Jungle Cruise 4 Br Home,5.0,"""Boasting air-conditioned accommodation with a private pool", Jungle Cruise is situated in Anaheim. This holiday home is 3.7 km from Disneyland and 5 km from Angel Stadium of Anaheim.,,,,,
California,Anaheim,33.81358,-117.93305,Paradise Pier 3 Br Home,5.0,"""Paradise Pier is located in Anaheim", 3.5 km from Disneyland and 3.5 km from Anaheim Convention Center, in an area where skiing can be enjoyed. This property offers a private pool and free WiFi.,,,,
California,Anaheim,33.81351,-117.93017,Bedknobs and Broomsticks 3 Br Condo,5.0,"""Bedknobs and Broomsticks in Anaheim features accommodation with free WiFi", 2.9 km from Disneyland, 3 km from Anaheim Convention Center and 3.4 km from Disney California Adventure. The property is 3.3 km from House of Blues Anaheim and 3.3 km from Anaheim Gardenwalk.,,,,
California,Anaheim,33.79742,-117.92096,100 Acre Wood 3 Br Condo,5.0,"""100 Acre Wood is set in Anaheim", 1.8 km from Anaheim Convention Center and 2.7 km from Disney California Adventure, in an area where skiing can be enjoyed. Free WiFi is available in this holiday home, located 3.4 km from Disneyland and 4.3 km from Angel Stadium of Anaheim.,,,
California,Anaheim,33.79688,-117.92192,Suite Escapes 4 3 Br Condo,5.0,"""Suite Escapes 4 is located in Anaheim", 2.1 km from Anaheim Convention Center and 2.5 km from Disney California Adventure, in an area where skiing can be enjoyed. Free WiFi is available in this holiday home, situated 3.2 km from Disneyland and 5 km from Angel Stadium of Anaheim.,,,
California,Anaheim,33.79691,-117.92358,Suite Escapes 8 3 Br Condo,5.0,"""Suite Escapes 8 is located in Anaheim", 2 km from Anaheim Convention Center and 2.4 km from Disney California Adventure, in an area where skiing can be enjoyed. Free WiFi is available in this holiday home, set 3.1 km from Disneyland and 4.4 km from Angel Stadium of Anaheim.,,,
California,Anaheim,33.79691,-117.92288,A Spoonful of Sugar 3 Br Condo,5.0,"""A Spoonful of Sugar is situated in Anaheim", 2.1 km from Anaheim Convention Center and 2.5 km from Disney California Adventure, in an area where skiing can be enjoyed. The Disneyland and the Angel Stadium of Anaheim are within 3.1 km and 4.4 km of the holiday home, and free WiFi is provided.,,,
California,Anaheim,33.81249,-117.92936,Arendelle 2 Br Condo,5.0,"""Arendelle in Anaheim offers accommodation with free WiFi", 2.9 km from Disneyland, 2.9 km from Anaheim Convention Center and 3.3 km from Disney California Adventure. The property is 3.2 km from House of Blues Anaheim and 3.2 km from Anaheim Gardenwalk.,,,,
California,Anaheim,33.80803,-117.93597,Mickey's 6 Br Home,5.0,"""Located in Anaheim", Mickeys House offers accommodation with a private pool and free WiFi. The property is 3.9 km from Disney California Adventure and 6 km from Angel Stadium of Anaheim.,,,,,
California,Anaheim,33.80447,-117.93207,Atlantis 4 Br Home,5.0,"""Situated in Anaheim", Atlantis provides accommodation with a private pool and free WiFi. The property is 3.3 km from Disneyland and 5 km from Angel Stadium of Anaheim.,,,,,
California,Anaheim,33.80675,-117.93607,Babes in Toyland 3 Br Home,5.0,"""Babes in Toyland is set in Anaheim", 2.8 km from Anaheim Convention Center and 3.2 km from Disney California Adventure, in an area where skiing can be enjoyed. Guests may go for a swim in the private pool and enjoy the free WiFi.,,,,
California,Anaheim,33.8278,-117.92584,Mickey's Beach 6 Br Home,5.0,"""Located in Anaheim", 3 km from Disneyland and 3.7 km from Disney California Adventure, Mickeys Beach House offers air conditioning. This holiday home is 1.3 km from Anaheim Packing District and 1.5 km from Anaheim Ice.,,,,
California,Anaheim,33.7977,-117.92053,Suite Escapes 10 3 Br Condo,5.0,"""Suite Escapes 10 is set in Anaheim", 1.7 km from Anaheim Convention Center and 2.7 km from Disney California Adventure, in an area where skiing can be enjoyed. The Disneyland and the Angel Stadium of Anaheim are within 3.4 km and 4.2 km of the holiday home, and free WiFi is provided.,,,
California,Anaheim,33.81336,-117.92952,Love Bug 2 Br Condo,5.0,"""Love Bug in Anaheim provides accommodation with free WiFi", 2.9 km from Disneyland, 3 km from Anaheim Convention Center and 3.4 km from Disney California Adventure. The property is 2.7 km from Anaheim Gardenwalk and 3.2 km from House of Blues Anaheim.,,,,
California,Anaheim,33.80034,-117.92462,Treasure Island 4 Br Home,5.0,"""Set in Anaheim", Treasure Island provides a private pool and free WiFi. The property is 2.1 km from Disney California Adventure and 2.8 km from Disneyland.,,,,,
California,Anaheim,33.8099,-117.93542,Andy's 6 Br Home,5.0,"""Andys House in Anaheim provides accommodation with free WiFi", 3.3 km from Disneyland, 3.3 km from Anaheim Convention Center and 3.8 km from Disney California Adventure. Boasting a private pool, the holiday home is in an area where guests can engage in activities such as skiing and cycling.,,,
California,Anaheim,33.81336,-117.92952,Pixie Hollow 2 Br Condo,5.0,"""Set in Anaheim", 2.9 km from Disneyland and 3 km from Anaheim Convention Center, Pixie Hollow offers air conditioning. This holiday home is 2 km from Downtown Disney California and 3.2 km from House of Blues Anaheim.,,,,
California,Anaheim,33.79675,-117.92186,Parent Trap 3 Br Condo,5.0,"""Parent Trap is located in Anaheim", 2.2 km from Anaheim Convention Center and 2.6 km from Disney California Adventure, in an area where skiing can be enjoyed. Free WiFi is available in this holiday home, set 3.2 km from Disneyland and 5 km from Angel Stadium of Anaheim.,,,
California,Anaheim,33.79742,-117.92329,Suite Escapes 1 3 Br Condo,5.0,"""Suite Escapes 1 is set in Anaheim", 2 km from Anaheim Convention Center and 2.4 km from Disney California Adventure, in an area where skiing can be enjoyed. The Disneyland and the Angel Stadium of Anaheim are within 3.1 km and 4.4 km of the holiday home, and free WiFi is provided.,,,
California,Anaheim,33.80804,-117.93573,Minnie's 6 Br Home,5.0,"""Minnies House in Anaheim offers accommodation with free WiFi", 3.4 km from Disneyland, 3.4 km from Anaheim Convention Center and 3.9 km from Disney California Adventure. Boasting a private pool, the holiday home is in an area where guests can engage in activities such as skiing and cycling.,,,
California,Anaheim,33.79658,-117.9202,Suite Escapes 3 3 Br Condo,5.0,"""Suite Escapes 3 is located in Anaheim", 1.5 km from Anaheim Convention Center and 2.9 km from Disney California Adventure, in an area where skiing can be enjoyed. The Disneyland and the Angel Stadium of Anaheim are within 3.5 km and 4 km of the holiday home, and free WiFi is provided.,,,
California,Anaheim,33.8277,-117.9257,La Casa de Mickey 6 Br Home,5.0,"""La Casa de Mickey in Anaheim provides accommodation with free WiFi", 3.1 km from Disneyland, 3.7 km from Disney California Adventure and 5 km from Anaheim Convention Center. This holiday home is 1.5 km from Anaheim Ice and 2.6 km from Anaheim Plaza.,,,,
California,Anaheim,33.81336,-117.92952,Under the Sea 2 Br Condo,5.0,"""Under the Sea is located in Anaheim", 2.9 km from Disneyland and 3 km from Anaheim Convention Center, in an area where skiing can be enjoyed. The Disney California Adventure and the Angel Stadium of Anaheim are within 3.4 km and 6 km of the holiday home, and free WiFi is provided.,,,
California,Anaheim,33.79753,-117.9233,Suite Escapes 2 3 Br Condo,5.0,"""Suite Escapes 2 is located in Anaheim", 2 km from Anaheim Convention Center and 2.4 km from Disney California Adventure, in an area where skiing can be enjoyed. The Disneyland and the Angel Stadium of Anaheim are within 3.1 km and 4.4 km of the holiday home, and free WiFi is provided.,,,
California,Anaheim,33.79763,-117.92277,Mad Hatter 3 Br Condo,5.0,"""Mad Hatter is situated in Anaheim", 2.1 km from Anaheim Convention Center and 2.5 km from Disney California Adventure, in an area where skiing can be enjoyed. Free WiFi is available in this holiday home, located 3.2 km from Disneyland and 5 km from Angel Stadium of Anaheim.,,,
California,Anaheim,33.79765,-117.92273,Great Barrier Reef 3 Br Condo,5.0,"""Great Barrier Reef is set in Anaheim", 2.1 km from Anaheim Convention Center and 2.5 km from Disney California Adventure, in an area where skiing can be enjoyed. Free WiFi is available in this holiday home, located 3.2 km from Disneyland and 5 km from Angel Stadium of Anaheim.,,,
California,Anaheim,33.79635,-117.92076,Suite Escapes 7 3 Br Condo,5.0,"""Suite Escapes 7 is located in Anaheim", 1.5 km from Anaheim Convention Center and 2.8 km from Disney California Adventure, in an area where skiing can be enjoyed. Free WiFi is available in this holiday home, set 3.5 km from Disneyland and 3.9 km from Angel Stadium of Anaheim.,,,
California,Anaheim,33.82428,-117.93618,Belle's Castle 7 Br Home,5.0,"""Featuring a spa bath", Belles Castle is set in Anaheim. Boasting a private pool, the holiday home is in an area where guests can engage in activities such as skiing and cycling.,,,,
California,Anaheim,33.81674,-117.93238,A Wrinkle In Time 4 Br Home,5.0,"""Set in Anaheim", A Wrinkle In Time provides accommodation with a private pool and free WiFi. The property is 3.9 km from Disney California Adventure and 7 km from Angel Stadium of Anaheim.,,,,,
California,Anaheim,33.79747,-117.92049,Suite Escapes 9 3 Br Condo,5.0,"""Suite Escapes 9 is located in Anaheim", 1.6 km from Anaheim Convention Center and 2.9 km from Disney California Adventure, in an area where skiing can be enjoyed. Free WiFi is available in this holiday home, set 3.6 km from Disneyland and 4 km from Angel Stadium of Anaheim.,,,
California,Anaheim,33.8037789,-117.90627159999997,Cambria Hotel Anaheim Maingate,4.0,,Hotel Valet parking Launderette Bellboy service Air conditioning in public areas Lift access Gym Luggage room Clothes dryer BBQ facilities Grill/BBQ Towels and bed linen Bar Restaurant Non-smoking area Highchairs Poolside snack bar Air conditioning in Restaurant Breakfast room Meeting room Business centre Sun loungers WaterSlides Pub Hot tub Breakfast buffet Basketball Golf Putting green Choice Hotels - Commitment to Clean,Garden Walk Center: within 482 metre  Angel Stadium: within 3218 metre  Honda Center: within 3218 metre  Disneyland & California Adventure: within 1609 metre  Anaheim Convention Center: within 804 metre ,101 E. Katella Avenue ANAHEIM ,92802,,
California,Anaheim,33.8359,-117.91285,The Kraemer Building,5.0,"""Featuring free WiFi and air-conditioning", The Kraemer Building is located in Anaheim, 2.8 km from Disneyland. Disney California Adventure is 3.2 km from the property.,,,,
California,Anaheim,33.81173,-117.91261,Hilton Garden Inn Anaheim Resort,3.0,"""Set in Anaheim", 2.3 km from Anaheim Convention Center, Hilton Garden Inn Anaheim Resort offers accommodation with an outdoor swimming pool, private parking, a fitness centre and a shared lounge. Featuring a restaurant, the 3-star hotel has air-conditioned rooms with free WiFi. Guests can make use of a bar.,
California,Antioch,38.00501,-121.79577,Antioch Executive Inn,2.0,"""Located in Antioch just 2 km from Hwy 4", this motel features free Wi-Fi and guest rooms with satellite TV with HBO film channels.  The Antioch Amtrak station is 3 km away.,,,,,
California,Aptos,36.95066,-121.87669,Seascape Beach Resort,4.0,"""Located in Aptos", Seascape Beach Resort is a luxurious oceanfront resort featuring three outdoor swimming pools with hot tubs and 2 restaurants on site. All accommodation includes free WiFi.,,,,,
California,Aptos,36.94836,-121.87457,Romantic Getaway To Seascape Villa,5.0,"""Romantic Getaway to Seascape Villa offers accommodation in Aptos. The unit is 39 km from Monterey. Free WiFi is provided .",,,,,,
California,Aptos,36.95682,-121.88777,770 Via Gaviota Home,5.0,"""Located in Aptos in the California region", 770 Via Gaviota Home features a balcony. This property offers access to a patio, free private parking and free WiFi.,,,,
California,Aptos,36.96813,-121.90334,230 Rio Del Mar Blvd Condo Unit N,5.0,"""Located in Aptos in the California region", 230 Rio Del Mar Blvd Condo Unit N features a patio. The air-conditioned accommodation is 300 metres from Seacliff State Beach, and guests benefit from private parking available on site and free WiFi.,,,,
California,Aptos,36.96791,-121.90251,Beachside Condo Getaway,5.0,"""Beachside Condo Getaway is set in Aptos", 41 km from Monterey. San Jose is 41 km away.,,,,,
California,Arcadia,34.139585,-118.037259,Santa Anita Inn,4.0,"""With a stay at Le Méridien Pasadena Arcadia", you'll be centrally located in Arcadia, a 1-minute drive from Santa Anita Park and 15 minutes from Pasadena Convention Center.  This 4-star hotel is 9.1 mi (14.6 km) from Rose Bowl Stadium and 5.4 mi (8.6 km) from City Of Hope Hospital - Duarte.,,,,
California,Arcata,40.87499,-124.08329,Fairwinds Motel,5.0,"""Located in Arcata", 1.2 km from Humboldt State University, Fairwinds Motel Arcata provides accommodation with a garden, free private parking and a terrace. The motel features family rooms.,,,
California,Arcata,40.8691,-124.08605,Hotel Arcata,3.0,"""Listed on the National Register of Historic Places", this hotel is located in the city centre of Arcata, California. A restaurant and bar are featured on site.,,,,
California,Arnold,38.43873,-120.07664,Tamarack Lodge at Bear Valley,2.0,"""Tamarack Lodge at Bear Valley offers accommodation in Tamarack. Murphys is 47 km away while Arnold is 35 km away. Free private parking is available on site.",,,,,,
California,Arnold,38.25681686,-120.34806824,Arnold Timberline Lodge,4.0,,,,890 Highway 4 ArnoldCA 95223 ,95223,2097951053,http://www.timberlinelodge.info/
California,Arnold,38.20443,-120.36679,The Avery Hotel,5.0,"""Located in Avery", Avery Hotel features a bar, garden, BBQ facilities, and free WiFi. Featuring a shared kitchen, this property also provides guests with a terrace. Free private parking is available and the hotel also provides ski equipment hire for guests who want to explore the surrounding area.,
California,Arnold,38.30099,-120.27708,Dorrington Hotel,2.0,"""The Dorrington Hotel is a historic hotel built in 1852 situated in Beautiful Downtown Dorrington", California.  Guests can relax in the offsite recreation centres outdoor swimming pool. Free WiFi is offered.,,,,,
California,Arnold,38.25783,-120.32979,On The 12th,5.0,"""Located in Arnold", within 47 km of Bear Valley Mountain Resort, On The 12th offers accommodation with free WiFi and air conditioning.,,,,
California,Arnold,38.3101,-120.25901,Sherwood Bear Cabin,5.0,"""Situated in Arnold", just 36 km from Bear Valley Mountain Resort, Sherwood Bear Cabin features accommodation with free WiFi. Boasting a patio, the holiday home is in an area where guests can engage in activities such as skiing and cycling.,,,
California,Arnold,38.29315,-120.28208,Squirrels Nest Cabin,5.0,"""Set in Dorrington in the California region", Squirrels Nest-3 Bedroom Cabin has a patio. This holiday home offers a restaurant, a tennis court as well as free WiFi.,,,,
California,Artesia,33.87722,-118.08419,Travelodge by Wyndham Artesia,2.0,"""Studio 6 Artesia", CA is visibly located off interstate 91 and 17 minutes from Long Beach Airport. Downtown Los Angeles is 18 miles away.,,,,,
California,Atascadero,35.49256,-120.71388,The Best Nest Guesthouse,4.0,"""Located on quiet acreage with organic eggs and gardens", this Atascadero guest house is 10 minutes drive away from North County San Luis Obispo Wine Country. A continental breakfast is provided daily. Complimentary breakfast is available to guests. Free WiFi is provided as well.,,,,,
California,Atascadero,35.45152,-120.67238,8371 Los Osos Road Home,5.0,"""Situated in Atascadero in the California region", 8371 Los Osos Road Home has a patio. The air-conditioned accommodation is 45 km from Avila Beach, and guests benefit from private parking available on site and free WiFi.,,,,
California,Atascadero,35.49401,-120.67375,5305 Olmeda Cabin,5.0,"""Boasting accommodation with a private pool", 5305 Olmeda Cabin is situated in Atascadero. The air-conditioned accommodation is 28 km from San Luis Obispo.,,,,,
California,Avalon,33.3439,-118.32724,Catalina Island Inn,4.0,"""Catalina Island Inn offers accommodation in the town of Avalon on Catalina Island and offers a continental breakfast. Some rooms offer balconies and harbor or ocean views.",,,,,,
California,Avalon,33.34452,-118.32761,The Avalon Hotel In Catalina Island,3.0,"""Situated in Avalon", 48 km from Long Beach, The Avalon Hotel features a rooftop with breathtaking, 360-degree views of Avalon and its harbor. Lounge chairs and tables are provided for guest convenience.,,,
California,Avalon,33.34504,-118.3283,Aurora Hotel & Spa,4.0,"""Situated on Catalina Island in California", this boutique hotel is 8 minutes walk from the Catalina Casino. Boasting a roof terrace with ocean views, this hotel offers bright rooms with free WiFi. Guests can enjoy a free continental breakfast at this non-smoking property.,,,,
California,Avalon,33.34455,-118.32782,Hotel Catalina,3.0,"""This Victorian style hotel features a courtyard patio with a hot tub and fountain. It offers guest rooms with free Wi-Fi. Catalina Island Museum is 3 minutes walk away.",,,,,,
California,Avalon,33.34309,-118.32812,Casa Mariquita Hotel,3.0,"""Less than 5 minutes walk to the beach overlooking Avalon Bay", this Catalina Island Spanish-style Hotel offers beach towels and free WiFi in all rooms.,,,,,
California,Avalon,33.34561,-118.32843,Seaport Village Inn Avalon,5.0,"""Set in Avalon", 500 metres from Descanso Beach, Seaport Village Inn, Avalon offers accommodation with a garden and free private parking. The accommodation provides a hot tub, free WiFi and family rooms.,,
California,Azusa,34.1328,-117.89604,All 8 Motel,2.0,"""Located 8 miles away from Irwindale Speedway", this Azusa motel features rooms with free WiFi.  It offers fax services and a 24-hour reception.,,,,,
California,Azusa,34.12841,-117.89352,Loyoo Stay,5.0,"""Set in Azusa in the California region", with Azusa Pacific University nearby, Loyoo Stay offers accommodation with free WiFi and free private parking.,,,,
California,Bakersfield,35.37828,-119.0476,Bakersfield River Run RV Park,5.0,"""Located in Bakersfield", 2.1 km from Crystal Palace and Museum and 4 km from Fox Theater, Bakersfield River Run RV Park provides accommodation with free WiFi and access to a hot tub.,,,,
California,Bakersfield,35.1466,-119.45772,Holland Inn and Suites,2.0,"""Located in the town of Taft", all rooms at this motel feature free WiFi, flat screen TV and satellite TV channels. Buena Vista Aquatic Recreation Facility is 30 minutes drive away.,,,,
California,Bakersfield,35.36103,-119.03835,Motel 6 Bakersfield,2.0,"""This Motel 6 is less than 3 miles from downtown Bakersfield and the Bakersfield Museum of Art. It features a Mexican restaurant", a seasonal outdoor pool and simple rooms with free WiFi.,,,,,
California,Bakersfield,35.60168,-119.33918,Wasco Inn Motel,2.0,"""Situated in Wasco", 39 km from Kern County Raceway Park, Wasco Inn features accommodation with a restaurant, free private parking and a bar. Located around 42 km from Buck Owens Crystal Palace, the motel with free WiFi is also 44 km away from Fox Theater. Guests can enjoy pool views.,,
California,Bakersfield,35.14292,-119.45645,Sunset Motel,2.0,"""Located 3 minutes drive from Taft College", Sunset Motel offers guest rooms with free WiFi access. BBQ facilities are available. The property offers free parking.,,,,,
California,Bakersfield,35.35409,-118.91091,WoodSpring Suites Bakersfield,5.0,"""Set within 12 km of Rabobank Theater and Convention Center and 13 km of Buena Vista Museum of Natural History", WoodSpring Suites Bakersfield features rooms in Bakersfield. The property is around 13 km from Fox Theater, 16 km from Buck Owens Crystal Palace and 17 km from Hart Park. The property is non-smoking and is situated 12 km from Bakersfield Amtrak Station.,,,,
California,Bakersfield,35.14169,-119.45447,Caprice Motel,2.0,"""Located 3 minutes away from Skydive Taft", this motel offers air-conditioned accommodation with free Wi-Fi.  A guest launderette is provided on-site.  Vending machines featuring drinks are available.,,,,,
California,Bakersfield,34.94813,-119.69052,Cuyama Buckhorn,5.0,"""Located in New Cuyama", Cuyama Buckhorn provides a bar. Among the facilities of this property are a restaurant, room service and luggage storage space, along with free WiFi. The property features a year-round outdoor pool, sauna, hot tub and garden.,
California,Bakersfield,35.34339,-119.00334,Super 8 by Wyndham Bakersfield CA,2.0,"""Super 8 by Wyndham Bakersfield CA has air-conditioned guest accommodation in Bakersfield", 5.1 km from Bakersfield Amtrak Station, 5.3 km from Rabobank Theater and Convention Center and 6.2 km from Buena Vista Museum of Natural History.,,,,
California,Banning,33.92489,-116.89014,Hacienda Inn,1.0,"""Hacienda Inn is located in Banning", within 8 km of Cabazon Outlets and 9 km of Desert Hills Premium Outlets. Featuring a 24-hour front desk, this property also provides guests with a seasonal outdoor pool. Free WiFi is available.,,,,
California,Barstow,34.89876,-117.01189,Budget Inn,2.0,"""Featuring an outdoor swimming pool", this Barstow, California hotel is 3 miles from the Mojave National Reserve. Complimentary Wi-Fi is offered in all rooms.,,,,
California,Barstow,34.89889,-117.02953,Route 66 Motel,2.0,"""This retro Barstow motel is located on world famous Route 66.  It features a collection of vintage cars and Route 66 memorabilia and offers simply furnished rooms with free Wi-Fi.  Las Vegas is 150 miles away.",,,,,,
California,Barstow,34.89887,-117.01513,Stardust Inn,2.0,"""Stardust Inn is located in Barstow", just off Historic Route 66. Free Wi-Fi access is available and guests can enjoy free coffee each morning in the lobby.,,,,,
California,Barstow,34.85617,-117.08605,Best Western Plus Commerce Pkwy Inn & Suites,3.0,"""Set in Barstow and with Route 66 Mother Road Museum reachable within 10 km", Best Western Plus New Barstow Inn & Suites offers an outdoor swimming pool, non-smoking rooms, free WiFi throughout the property and a fitness centre. This 3-star hotel offers a 24-hour front desk and a business centre. Guests can have a drink at the snack bar.,,,
California,Beaumont,33.969065258274,-116.94441497326,Highland Springs Resort,3.0,HotelDescription#Further information about this hotel will be available shortly,NO Car park NO Connecting rooms NO Large pets allowed (over 5 kg) NO Small pets allowed (under 5 kg) NO Wheelchair-accessible NO Smoking rooms NO Garage NO Disability-friendly bathroom,,10600 Highland Springs Avenue Cherry ValleyCalifornia 92223 ,92223,9518451151,http://www.hsresort.com
California,Bellflower,33.87453,-118.14593,Royalty Inn,1.0,"""Situated 20 minutes drive from Los Angeles International Airport", this Bellflower Motel offers rooms with free wireless internet. Lakewood Golf Course is 7 km away.,,,,,
California,Bellflower,33.88747,-118.12506,Starlite Motel,2.0,"""This Bellflower motel is 14 miles from the Long Beach Convention and Entertainment Center. It offers a 24-hour reception and free guest parking.",,,,,,
California,Bellflower,33.86914,-118.14292,Colony Inn Motel,5.0,"""Set in Bellflower", 16 km from Knotts Berry Farm, Colony Inn Motel offers accommodation with free WiFi and free private parking. The property is around 21 km from Queen Mary, 27 km from Anaheim Convention Center and 31 km from LA Memorial Coliseum. California Science Center is 31 km from the motel and Natural History Museum of Los Angeles County is 32 km away.,,,
California,Belmont,37.5250789384,-122.267507351,Homewood Suites by Hilton Belmont,3.0,"""The following services and amenities are available", but with reduced service: Fitness Center, Breakfast.The following services and amenities are currently not available: Business Center, Complimentary Evening Social, Pool.Relax in stylish comfort at our new Homewood Suites by Hilton Belmont hotel.  ,,
California,Benicia,38.04711,-122.15938,The Inn at Benicia Bay,5.0,"""The Inn at Benicia Bay is set in Benicia", 36 km from San Francisco and 22 km from Berkeley. Free WiFi is available in all rooms.,,,,,
California,Benicia,38.04891,-122.16073,Shorelight Inn,3.0,"""Shorelight Inn is a waterfront bed and breakfast located in Benicia. Several restaurants and charming shops are available along Benicias main street just steps away. Free WiFi access is available.",,,,,,
California,Berkeley,37.86739,-122.26281,Berkeley City Club Hotel,4.0,"""Located 5 minutes walk to University of California Berkeley", this historic Berkeley, California hotel is elegantly kept. An indoor swimming pool with high ceilings and big windows is featured.,,,,
California,Berkeley,37.87223,-122.26954,Nash Hotel,2.0,"""Situated in Berkeley and with University of California Berkeley reachable within 1.1 km", Nash Hotel features concierge services, non-smoking rooms, a garden, free WiFi throughout the property and a restaurant. This 2-star hotel offers a 24-hour front desk. The property is less than 1 km from the city centre and 7.8 km from Paramount Theater.,,
California,Berkeley,37.86733,-122.27003,Downtown Berkeley Inn,5.0,"""Attractively set in the centre of Berkeley", Downtown Berkeley Inn features air-conditioned rooms with free WiFi and free private parking. The property is set 7.2 km from Paramount Theater, 7.2 km from Fox Theater Oakland and 7.7 km from Fairyland. The property is non-smoking and is situated 1.3 km from University of California Berkeley.,,,,
California,Berkeley,37.8679008,-122.2580032,Beau Sky,3.0,,,,2520 Durant Avenue BerkeleyKalifornien 94704 ,94704,,http://www.i4berkeley.com/beau-sky-hotel/
California,,34.236184342291,-116.91125762659,Pine Knot Guest Ranch,5.0,,Free self parking Total number of rooms - 15 Picnic area Free WiFi Pets allowed Barbecue grill(s),Distances are calculated in a straight line from the property&apos;s location to the point of interest or attraction  and may not reflect actual travel distance. &lt;br /&gt;&lt;br /&gt; Distances are displayed to the nearest 0.1 mile and kilometer. &lt;p&gt;Big Bear Visitor Center - 0.5 km / 0.3 mi &lt;br /&gt;Pine Knot Park - 0.8 km / 0.5 mi &lt;br /&gt;Pine Knot Marina - 0.9 km / 0.6 mi &lt;br /&gt;Big Bear Marina - 0.9 km / 0.6 mi &lt;br /&gt;Alpine Slide at Magic Mountain - 1 km / 0.6 mi &lt;br /&gt;Swim Beach - 1.4 km / 0.9 mi &lt;br /&gt;Meadow Park - 1.5 km / 0.9 mi &lt;br /&gt;Aspen Glen Picnic Area - 1.5 km / 0.9 mi &lt;br /&gt;Snow Summit - 2.1 km / 1.3 mi &lt;br /&gt;Big Bear Solar Observatory - 2.6 km / 1.6 mi &lt;br /&gt;Big Bear Lake - 2.7 km / 1.7 mi &lt;br /&gt;North Shore Recreation Area - 2.9 km / 1.8 mi &lt;br /&gt;Big Bear Discovery Center - 3 km / 1.9 mi &lt;br /&gt;Juniper Point - 3.1 km / 1.9 mi &lt;br /&gt;Boulder Bay Park - 3.4 km / 2.1 mi &lt;br /&gt;&lt;/p&gt;&lt;p&gt;The preferred airport for Pine Knot Guest Ranch is Ontario  CA (ONT-Ontario Intl.) - 65.4 km / 40.6 mi. &lt;/p&gt;,908 Pine Knot Avenue Big Bear LakeCalifornia 92315 ,92315,,http://www.pineknotguestranch.com
California,,34.257538,-116.879554,Big Bear Lake Cabins,3.0,HotelDescription#Further information about this hotel will be available shortly,NO Small pets allowed (under 5 kg) NO Disability-friendly bathroom NO Wheelchair-accessible NO Garage NO Large pets allowed (over 5 kg) NO Car park NO Smoking rooms NO Connecting rooms,,447 Windsong Place P.O. Box 6848 PMB 179Big Bear Lake 92315California ,92315,9092895158,http://www.bblcabins.com/
California,Bishop,37.35974,-118.3969,El Rancho Motel,3.0,"""Located in the Eastern Sierra region of California", this pet-friendly Bishop motel offers comfortably furnished rooms equipped with free Wi-Fi.  It offers a free transfer service to Paiute Palace Casino, which is 3 miles away.,,,,
California, it is not possible to drive to Tuolumne Meadows or enter Yosemite National Park from the east. All other park entrances, including those along Highway 120 from the west, Hetch Hetchy, Highway 140, and Highway 41," remain open all year.""",Parking Pets allowed Golf course (within 3 km) Family rooms Free parking internet services Hiking BBQ facilities Cycling Heating wifi Free WiFi Air conditioning designated smoking area shuttle service (additional charge) vending machine (drinks) Daily housekeeping parking on site wifi available in all areas Smoke alarms Fire extinguishers,,274 Lagoon Street BishopCalifornia 93514 ,93514,7608729251,https://www.booking.com/hotel/us/el-rancho-motel-bishop.html
California,Bishop,37.36097,-118.40422,Trees Motel,3.0,"""Featuring free Wi-Fi in all rooms", this Bishop, California motel offers skiing opportunities at Mammoth Mountain, just 45 miles away.,,,
California,Bishop,37.36518,-118.3969,Bishop Village Motel,2.0,"""Bishop Village Motel offers accommodation in Bishop.",,,,,,
California,Bishop,37.36384,-118.39589,Thunderbird Motel,2.0,"""Located in Bishop", California, 45 miles from Mammoth Mountain Ski Area, this motel offers guest rooms that include free Wi-Fi. It features a 24-hour reception.,,,
California,Bishop,37.36712,-118.39571,Creekside Inn Bishop,3.0,"""Voted #1 in lodging for Inyo County", Our hotel is located in Bishop, California. The natural flowing Bishop Creek runs through our beautifully manicured and landscaped grounds.,,,,
California,Bishop,37.36605,-118.39321,Bishop Elms Motel,1.0,"""Located in Bishop", California, this motel is 2.5 miles from Bishop Eastern Sierra Regional Airport. This motel features en suite rooms with free Wi-Fi.,,,,
California,Bishop,37.36327,-118.39666,The Hostel California,5.0,"""Offering free WiFi", The Hostel California is located in Bishop. The property is conveniently situated within walking distance from local restaurants, banks, grocery stores, and shops.,,
California,Blythe,33.60832,-114.60659,Willow Inn & Suites,2.0,"""Travelodge by Wyndham Blythe offers accommodation in Blythe. The hotel features an outdoor swimming pool and a 24-hour front desk and free WiFi throughout the property.",,,,,,
California,Blythe,33.60994,-114.60833,Emerald Inn,3.0,"""Free Wi-Fi and a daily continental breakfast are featured at Emerald Inn & Lounge located in Riverside County. The Colorado River Recreation Area is 5 miles away.",,,,,,
California,Blythe,33.61081,-114.59242,Blythe Inn,2.0,"""Featuring an outdoor swimming pool and an on-site restaurant serving American cuisine", this Blythe, California motel is located off Interstate 10, within 4 minutes drive of the Colorado River. Free Wi-Fi access is available.,,,
California,Blythe,33.6044,-114.60408,Holiday Inn Express & Suites Blythe,5.0,"""Holiday Inn Express & Suites Blythe", an IHG Hotel is located in Blythe. The hotel features a fitness centre, room service and free WiFi throughout the property.,,,,
California,Bodega,38.33097,-122.96055,Sonoma Coast Villa Resort & Spa,4.0,"""Sonoma Coast Villa is within 16 km of Korbel Champagne Cellars", Iron Horse Vineyards and other Sonoma county wineries. Free WiFi is provided throughout the property.,,,,,
California,Bonsall,33.28692,-117.213,San Luis Rey Downs Golf Resort,3.0,,NO Disability-friendly bathroom NO Garage NO Small pets allowed (under 5 kg) NO Wheelchair-accessible NO Connecting rooms NO Smoking rooms NO Car park NO Large pets allowed (over 5 kg),,Golf Club Dr 31474 31474 92003 Bonsall Bonsall 92003 ,92003,7609446474,http://www.slrd.com/sites/courses/layout9.asp?id=1228&amp;page=75063
California,Boron,34.9999,-117.65258,Boron Motel,3.0,"""Located in downtown Boron", this motel is just a 2-minute walk from the 20 Mule Team Museum, as well as the Vernon P. Saxon Aerospace Museum.  It features free Wi-Fi access.,,,,
California,Boron,35.00013,-117.65899,Budget Inn Of Boron,2.0,"""Budget Inn of Boron is set in Boron and features a garden. This property offers both free WiFi and private parking free of charge.",,,,,,
California,Brawley,32.97879,-115.54072,Townhouse Inn and Suites,3.0,"""This motel is within one mile of the Brawley Cattle Call Rodeo and Plaza Park. The motel offers an outdoor swimming pool", air conditioning and free Wi-Fi.,,,,,
California,Brawley,32.97861,-115.55173,Days Inn by Wyndham Brawley,2.0,"""Motel 6 Brawley offers guest rooms with free WiFi. Free guest parking is available for cars and trucks. Cattle Call Arena is 1.9 km away.",,,,,,
California,Brawley,32.97841,-115.54877,Desert Inn,2.0,"""This Brawley motel is 15 minutes walk away from Pat Williams Park. It features rooms with free Wi-Fi and offers free guest parking. A 24-hour reception is available.",,,,,,
California,Brawley,35.76795,-120.88888,Hopes Place,3.0,"""Hopes Place is situated in Bradley. Guests staying at this holiday home have access to free WiFi and a fully equipped kitchen.",,,,,,
California,Brawley,35.7541,-120.98673,2531 Anchor Circle Home,5.0,"""2531 Anchor Circle Home is situated in Oak Shores. The accommodation is 34 km from Templeton.",,,,,,
California,Bridgeport,38.25581,-119.22709,Bridgeport Inn,3.0,"""Built in 1877", this historic gold rush property is 5 minutes walk to the East Walker River. Free Wi-Fi is provided in all rooms and common areas. Mono Lake is 25 miles away from this inn.,,,,,
California, it is not possible to drive to Tuolumne Meadows or enter Yosemite National Park from the east. All other park entrances, including those along Highway 120 from the west, Hetch Hetchy, Highway 140, and Highway 41," remain open all year.""",Parking Restaurant Pets allowed meeting/banquet facilities Bar Garden Non-smoking rooms Fishing Family rooms Bridal suite Free parking internet services Hiking Heating Fax/photocopying wifi Free WiFi Non-smoking throughout Air conditioning designated smoking area parking on site wifi available in all areas,,205 Main Street BridgeportCalifornia 93517 ,93517,7609327380,https://www.booking.com/hotel/us/bridgeport-inn.html
California,Bridgeport,38.18709,-119.20382,Virginia Creek Settlement,5.0,"""Located on the Virginia Creek", guests can enjoy fishing and fish-cleaning facilities at this lodge. A restaurant is on site, offering breakfast and dinner. Guest rooms feature free Wi-Fi.,,,,
California,Bridgeport,38.2562,-119.22474,Walker River Lodge,3.0,"""Featuring a seasonal outdoor pool and hot tub", this Bridgeport lodge is 45 miles from the Eastern Gate at Yosemite National Park. Free Wi-Fi is offered in all rooms. Twin Lakes is 15 miles away.,,,,,
California,Bridgeport,38.25601,-119.22925,Silver Maple Inn And The Cain House Country Suites,2.0,"""Set 42 km from Yosemite Tioga Pass", Silver Maple Inn and The Cain House Country Suites offers 2-star accommodation in Bridgeport and features barbecue facilities. With free WiFi, this 2-star inn has free bikes and a garden. Certain units at the property feature a patio with a mountain view.,,,,
California, it is not possible to drive to Tuolumne Meadows or enter Yosemite National Park from the east. All other park entrances, including those along Highway 120 from the west, Hetch Hetchy, Highway 140, and Highway 41," remain open all year.""",designated smoking area vending machine (drinks) Daily housekeeping parking on site wifi available in all areas kids' outdoor play equipment Street parking Accessible parking Badminton equipment Outdoor furniture Picnic area Smoke alarms Fire extinguishers bicycle rental Parking Pets allowed Garden Non-smoking rooms Family rooms Free parking internet services BBQ facilities Heating Fax/photocopying wifi Free WiFi Air conditioning,,310 Main Street PO Box 327BridgeportCalifornia 93517 ,93517,7609327383,https://www.booking.com/hotel/us/silver-maple-inn.html
California,Bridgeport,38.23526,-119.22381,Big Meadow Lodge,2.0,"""Located just 1.6 km south of Bridgeport", guests can enjoy BBQ grills, picnic tables, and fire pits at Big Meadow Lodge. All rooms include free WiFi and a satellite TV with free HBO film channels.,,,
California,Bridgeport,38.25536,-119.23126,Redwood Motel,2.0,"""This Bridgeport motel features guest rooms with free WiFi. It has a designated dog walk area. The office is open between 08:30 to 11.00 and 15.00 to 23:00 hours. Bridgeport Reservoir RV Park and Marina is 3.6 km away.",,,,,,
California,Buellton,34.61099,-120.19404,Flying Flags RV Resort & Campground,4.0,"""Nestled in the heart of the Santa Ynez wine country", Flying Flags RV Resort and Campground is the perfect getaway for couples, solo travelers, and families.,,,
California,Burbank,34.16668,-118.30514,Nice 2 Bedroom in Burbank,4.0,"""Located in Burbank in the California region", Nice Home in Burbank features a patio. The air-conditioned accommodation is 8.1 km from Universal Studios Hollywood, and guests benefit from complimentary WiFi and private parking available on site.,,,,
California,Burbank,34.16683,-118.30514,Unique Home In Burbank,5.0,"""Unique 2 Bedroom Home in Burbank", a property with barbecue facilities, is located in Burbank, 3.8 km from Martial Arts History Museum, 5 km from Warner Bros. Studios, as well as 7 km from Woodbury University. This property offers access to a patio, free private parking and free WiFi.
California,Burbank,34.16671,-118.30498,Beautiful New Home In Burbank 1bd,4.0,"""Located 3.9 km away from the iconic Hollywood Sign", Beautiful New Home in Burbank 1bd features a full kitchen and free WiFi. Free private parking is available on site.,,,,,
California,Burbank,34.16677,-118.30515,Modern Home In Burbank,5.0,"""Located in Burbank in the California region", Modern Home in Burbank features a patio. The air-conditioned accommodation is 8.1 km from Universal Studios Hollywood, and guests benefit from complimentary WiFi and private parking available on site.,,,,
California,Burbank,34.1901,-118.31164,Greenview,5.0,"""Located in Burbank in the California region", Greenview has a patio. The air-conditioned accommodation is 3.5 km from Martial Arts History Museum, and guests benefit from private parking available on site and free WiFi.,,,,
California,Burlingame,37.58934,-122.34959,Hilton Garden Inn San Francisco Airport Burlingame,3.0,"""Stay connected at The Bayshore Hotel San Francisco Airport- Burlingame. Our Burlingame business hotel has everything you need to maintain your balance while visiting the San Francisco Bay Area.",,,,,,
California,Burney,40.88729,-121.65501,Green Gables Motel & Suites,2.0,"""Surrounded by pine trees. Free Wi-Fi is provided.",,,,,,
California,Burney,40.887,-121.65485,Charm Motel & Suites,2.0,"""this Burney motel provides free Wi-Fi in all rooms. McArthur-Burney Falls Memorial State Park is 10 minutes drive away.",,,,,,
California,Burney,40.88189,-121.66389,The Rex Club,5.0,"""Set in Burney", The Rex Club features a bar, BBQ facilities and free WiFi. There is a restaurant serving American cuisine, and free private parking is available.,,,
California, it is not possible to drive to Tuolumne Meadows or enter Yosemite National Park from the east. All other park entrances, including those along Highway 120 from the west, Hetch Hetchy, Highway 140, and Highway 41," remain open all year.""",Parking 24-hour front desk Golf course (within 3 km) Non-smoking rooms Business centre Laundry Family rooms Free parking internet services BBQ facilities Fax/photocopying Non-smoking throughout Air conditioning vending machine (drinks) parking on site Swimming pool use of cleaning chemicals that are effective against coronavirus linens  towels and laundry washed in accordance with local authority guidelines guest accommodation is disinfected between stays guest accommodation sealed after cleaning staff follow all safety protocols as directed by local authorities shared stationery such as printed menus  magazines  pens  and paper removed hand sanitizer in guest accommodation and key areas first aid kit available cashless payment available physical distancing rules followed screens or physical barriers placed between staff and guests in appropriate areas guests have the option to cancel any cleaning services for their accommodation during their stay face masks for guests available,,633 South Main Street Lone PineCalifornia 93545 ,93545,7608765555,https://www.booking.com/hotel/us/trails-motel.html
California, it is not possible to drive to Tuolumne Meadows or enter Yosemite National Park from the east. All other park entrances, including those along Highway 120 from the west, Hetch Hetchy, Highway 140, and Highway 41," remain open all year.""",Parking Pets allowed Golf course (within 3 km) Family rooms Free parking internet services Hiking BBQ facilities Cycling Heating wifi Free WiFi Air conditioning designated smoking area shuttle service (additional charge) vending machine (drinks) Daily housekeeping parking on site wifi available in all areas Smoke alarms Fire extinguishers,,274 Lagoon Street BishopCalifornia 93514 ,93514,7608729251,https://www.booking.com/hotel/us/el-rancho-motel-bishop.html
California, it is not possible to drive to Tuolumne Meadows or enter Yosemite National Park from the east. All other park entrances, including those along Highway 120 from the west, Hetch Hetchy, Highway 140, and Highway 41," remain open all year.""",Private parking Parking garage Pool with view Parking Golf course (within 3 km) Non-smoking rooms Fishing Skiing Family rooms Free parking internet services lift express check-in/check-out Spa and wellness centre Hot tub/jacuzzi Hiking BBQ facilities Car hire Cycling Bowling Heating Horse riding wifi Ski storage Ski school Outdoor pool Free WiFi Non-smoking throughout outdoor pool (seasonal) Private check-in/check-out ski equipment hire on site Ski pass vendor Ski-to-door access grocery deliveries parking on site Heated pool Shallow end Fence around pool Swimming pool Smoke alarms Fire extinguishers Swimming pool use of cleaning chemicals that are effective against coronavirus linens  towels and laundry washed in accordance with local authority guidelines guest accommodation is disinfected between stays guest accommodation sealed after cleaning staff follow all safety protocols as directed by local authorities contactless check-in/check-out cashless payment available physical distancing rules followed invoice provided property is cleaned by professional cleaning companies guests have the option to cancel any cleaning services for their accommodation during their stay,,865 Majestic Pines Drive Mammoth LakesCalifornia 93546 ,93546,,http://www.aspencreekcondos.com
California, it is not possible to drive to Tuolumne Meadows or enter Yosemite National Park from the east. All other park entrances, including those along Highway 120 from the west, Hetch Hetchy, Highway 140, and Highway 41," remain open all year.""",Parking Restaurant Pets allowed meeting/banquet facilities Bar Garden Non-smoking rooms Fishing Family rooms Bridal suite Free parking internet services Hiking Heating Fax/photocopying wifi Free WiFi Non-smoking throughout Air conditioning designated smoking area parking on site wifi available in all areas,,205 Main Street BridgeportCalifornia 93517 ,93517,7609327380,https://www.booking.com/hotel/us/bridgeport-inn.html
California, it is not possible to drive to Tuolumne Meadows or enter Yosemite National Park from the east. All other park entrances, including those along Highway 120 from the west, Hetch Hetchy, Highway 140, and Highway 41," remain open all year.""",cashless payment available physical distancing rules followed invoice provided property is cleaned by professional cleaning companies Parking Golf course (within 3 km) Non-smoking rooms Fishing Laundry Skiing Free parking internet services express check-in/check-out Spa and wellness centre Hot tub/jacuzzi Canoeing Hiking BBQ facilities Car hire Cycling Bowling Heating Horse riding wifi Mini golf Free WiFi Non-smoking throughout Private check-in/check-out grocery deliveries parking on site Private parking secured parking Accessible parking Key access Smoke alarms Fire extinguishers bicycle rental use of cleaning chemicals that are effective against coronavirus linens  towels and laundry washed in accordance with local authority guidelines guest accommodation is disinfected between stays guest accommodation sealed after cleaning staff follow all safety protocols as directed by local authorities contactless check-in/check-out,,437 Old Mammoth Road (Check in Address) Suite K1Mammoth LakesCalifornia 93546 ,93546,8002628148,https://www.booking.com/hotel/us/helios-south-mammoth-lakes.html
California, it is not possible to drive to Tuolumne Meadows or enter Yosemite National Park from the east. All other park entrances, including those along Highway 120 from the west, Hetch Hetchy, Highway 140, and Highway 41," remain open all year.""",designated smoking area vending machine (drinks) Daily housekeeping parking on site wifi available in all areas kids' outdoor play equipment Street parking Accessible parking Badminton equipment Outdoor furniture Picnic area Smoke alarms Fire extinguishers bicycle rental Parking Pets allowed Garden Non-smoking rooms Family rooms Free parking internet services BBQ facilities Heating Fax/photocopying wifi Free WiFi Air conditioning,,310 Main Street PO Box 327BridgeportCalifornia 93517 ,93517,7609327383,https://www.booking.com/hotel/us/silver-maple-inn.html
California, while Chair 22 is 3.7 km from the property. The nearest airport is Mammoth Yosemite Airport, 15 km from the property. Please note that a charge for the total amount of the rental will appear immediately following receipt of your reservation in your credit card statement under the name VacayHome Connect.  Cancellation penalties may apply.  This vacation rental is being offered by VacayHome Connect in partnership with the professional property manager. You will receive a reservation confirmation e-mail from Booking.com, followed by a payment confirmation e-mail from VacayHome Connect.  Your payment confirmation e-mail will provide you with contact information for the professional property manager. The property manager will also send you a welcome e-mail that contains terms and conditions related to your rental. They will also provide you with arrival instructions and tell you about optional services that may be available for purchase such as pet fees (if you are bringing a pet to a unit designated as pet-friendly).  Taxes and fees and service charges include County and tourism taxes, a cleaning fee, a booking fee assessed by the local property manager and a damage waiver that covers you in the event of accidental damage to the property. The damage waiver and cleaning fee may be adjusted downwards at the time payment is processed," based on your length of stay. Please note that the minimum age to rent this home is 25 years of age. ID may be requested at check-in.""",Free self parking Pets allowed Sauna Fitness facilities Family rooms Internet access Hot tub/jacuzzi BBQ facilities Free WiFi Outdoor pool Free WiFi Parking onsite Private parking,,165 Old Mammoth Road Mammoth LakesCalifornia 93546 ,93546,,https://www.booking.com/hotel/us/sierra-manors-098-condo.html
California,Calistoga,38.58143,-122.57679,Indian Springs Resort & Spa,4.0,"""Set in Calistoga in the California Region", 2.3 km from Sterling Vineyards, Indian Springs Resort & Spa boasts an outdoor pool and views of the garden. The resort has a spa centre and hot tub, and guests can enjoy a meal at the restaurant.,,,
California,Calistoga,38.57912,-122.58005,Roman Spa Resort,3.0,"""This resort is located in Calistoga", California at the foot of Mt. St. Helena. It boasts natural geothermal pools surrounded by lush gardens, a full-service spa and European-inspired accommodation.,,,,
California,Calistoga,38.57492,-122.57921,The Bergson,3.0,"""All uniquely furnished rooms at The Bergson feature a fireplace and free WiFi. Guests can relax in the courtyard patio and downtown Calistoga is less than 10 minutes walk away.",,,,,,
California,Calistoga,38.57536,-122.57831,EuroSpa & Inn,3.0,"""Near Mount St. Helena", this Calistoga resort is 5 miles from the Petrified Forest. It provides an outdoor pool and spacious rooms feature large bathrooms with a whirlpool tub.,,,,,
California,Calistoga,38.57905,-122.57716,Calistoga Spa Hot Springs,3.0,"""The Calistoga Spa Hot Springs is one of the only original hot springs spa remaining in Calistoga and the Napa Valley.  Our 4 geothermal mineral pools are fed from our own well spring. We are excited to announce that on Friday March 3", 2017 Calistoga Spa Hot Springs will be able to serve our guests in the newly renovated spa and bath house. The project began in January 2017 with upgrades touching all aspects of the spa. Honed pebbles, Italian porcelain tile and natural stone will drive the foundation of the remodel. The focal point of the property is our four geothermal mineral pools of which use is included in all massage treatments and our traditional Calistoga volcanic ash mud baths. Nestled 2 miles from Calistoga Old Faithful Geyser, this California hotel offers 4 mineral pools and a spa. A gym and a yoga studio are located on site. All rooms include free Wi-Fi.,,,
California,Calistoga,38.57544,-122.5805,Embrace Calistoga,,"""Embrace Calistoga is located in Calistoga. Guests can enjoy a 4-course breakfast. A wine and cheese service is served nightly at this charming bed and breakfast. Free WiFi access is available in public areas.",,,,,,
California,Calistoga,38.57566,-122.5791,Calistoga Arbors,5.0,,Pets Not Allowed Bathtub/Shower Combination Separate living room Air Condition in rooms Garden Free Wireless Internet access Sofa Bed Cable / Satellite Television Private bathrooms Hair dryer (on request) Iron & Board Flat screen TV (LCD  LED or Plasma TV) Free self parking Separate bedroom Free Wireless Internet access (inroom),,1013 Myrtle Street CalistogaCalifornia 94515 ,94515,7079421198,http://www.calistogaarbors.com
California,Calistoga,38.5776,-122.58812,Aurora Park Cottages,3.0,"""Set in Calistoga", 44 km from Napa Valley Wine Train, Aurora Park Cottages offers accommodation with free bikes, free private parking and a garden. This 3-star inn offers a concierge service, free shuttle service and free WiFi. The property is non-smoking and is situated 48 km from Mission San Francisco Solano.,,
California,Calistoga,38.60131,-122.62631,Villa Mimosa,3.0,"""Set in Calistoga in the California Region", 7 km from Sterling Vineyards, Villa Mimosa features a sun terrace and views of the mountain. Free WiFi is provided throughout the property and free private parking is available on site.,,,,
California,Calistoga,38.58451,-122.58112,Carlin Cottages,5.0,"""Located in Calistoga", 45 km from Napa Valley Wine Train, Carlins Cottage Court provides accommodation with an outdoor swimming pool, free private parking, a tennis court and barbecue facilities. Located around 49 km from Sonoma State Historic Park, the inn with free WiFi is also 4.5 km away from Old Faithful Geyser of California. Guests can use the hot tub, or enjoy pool views.
California,Calistoga,38.5763,-122.51977,Trailside Inn,5.0,"""Trailside Inn Bed and Breakfast", a property with a terrace, is situated in Calistoga, 10 km from Old Faithful Geyser of California, 16 km from Petrified Forest, as well as 17 km from Safari West. The air-conditioned accommodation is 41 km from Napa Valley Wine Train, and guests benefit from complimentary WiFi and private parking available on site.
California,Calistoga,38.5766,-122.58248,The Francis House,5.0,"""Listed on the National Register of Historic Places", The Francis House is located in Calistoga. The property is close to several of Napa Valleys most popular wineries, including Chateau Montelena Winery, 3.8 km, Schramsberg Vineyards, 4.8 km and Charles Krug, 12 km.
California,Calistoga,38.58541,-122.60397,Foothill House,4.0,"""Located in Calistoga", this charming bed and breakfast is 2 km from Chateau Montelena Winery and 3.5 km from the town centre. A spa bath is featured in each guest room. A full breakfast and free Wi-Fi access is available throughout the property. Old Faithful Geyser is 1.3 km away.,,,,,
California,Camarillo,34.2228,-119.10313,Fairfield Inn & Suites by Marriott Camarillo,3.0,"""Situated in Camarillo", 14 km from California State University Channel Islands, Fairfield Inn & Suites By Marriott Camarillo features accommodation with free bikes, private parking, an outdoor swimming pool and a fitness centre. With free WiFi, this 3-star hotel offers a shared lounge and a 24-hour front desk. The property is non-smoking and is located 26 km from Thousand Oaks Civic Arts Plaza.,
California,Cambria,35.55758,-121.07789,J Patrick House Bed And Breakfast Inn,,"""Moonstone Beach Park is 4 minutes drive away. A fireplace and free Wi-Fi are included in rooms.",,,,,,
California,Cambria,35.56281,-121.08237,Squibb House,5.0,"""Featuring free WiFi", The Squibb House and The Black Barn are 2 bed and breakfasts which offer accommodation in Cambria. Free private parking is available on site.,,,,,
California,Cambria,35.56541,-121.07958,Olallieberry Inn Bed and Breakfast,,"""Located in the East Village within walking distance of shops and restaurants", this Cambria, California B&B is less than 16 km from Hearst Castle. A gourmet breakfast and Hors Doeuvres and wine are offered daily.,,,,
California,Cambria,35.57235,-121.11218,Cambria Beach Lodge,3.0,"""Located across the street from Moonstone Beach", off Highway 1, this Cambria hotel offers free WiFi and serves a daily continental breakfast. San Simeon State Park is 5 minutes drive away. Free parking is provided.,,,,
California,Cambria,35.57476,-121.11293,Cambria Shores Inn,2.0,"""Located in Cambria", within 90 metres of Moonstone Beach and 50 km of Paso Robles Event Center, Cambria Shores Inn provides accommodation with a garden and free WiFi throughout the property as well as free private parking for guests who drive. Featuring family rooms, this property also provides guests with a sun terrace. The accommodation features a business centre and a concierge service for guests.,,,
California,Cambria,35.57261,-121.11227,Little Sur Inn,3.0,"""Located just outside of Big Sur and 11 km from Hearst Castle", Little Sur Inn is an oceanfront property  and serves a daily complimentary Grab & Go breakfast. All guest rooms feature free WiFi.,,,,,
California,Cambria,35.56626,-121.07836,Creekside Inn,3.0,"""Located on Main Street", this hotel is just a 5-minute walk from downtown Cambria.  The Creekside Inn Downtown boasts a colorful garden and every accommodation includes free Wi-Fi.,,,,,
California,Cambria,35.57329,-121.11215,Moonstone Landing,3.0,"""Located just outside of Big Sur and 11 km from Hearst Castle", Moonstone Landing is an oceanfront property that serves a grab and go breakfast. All guest rooms feature free WiFi.,,,,,
California,Cambria,35.57995,-121.11663,White Water Inn,3.0,"""Located along the north end of Moonstone Beach Boardwalk and just 1 minutes walk to the beach", this oceanfront Cambria hotel offers guest rooms with free WiFi and serves a daily continental breakfast. Moonstone Beach Park is less than 1.6 km away.,,,,,
California,Cambria,35.56335,-121.0848,Bluebird Inn,3.0,"""Located along the shops and cafes of Main Street", this Cambria, California inn is 5 minutes drive from Moonstone Beach Park. Free WiFi is featured in all rooms. Hearst Castle is 14 miles away.,,,,
California,Cambria,35.57748,-121.11478,Moonstone Cottages,2.0,"""Moonstone Cottages features gardens and cottages along with free WiFi. Hearst Castle is 11.5 miles away.",,,,,,
California,Cambria,35.57632,-121.1134,Captains Cove Inn,5.0,"""Featuring free WiFi and a sun terrace", Captains Cove Inn offers accommodation in Cambria. Free private parking is available on site. The property is located directly across the street from Moonstone Beach.,,,,,
California,Cambria,35.56794,-121.07664,Fog's End B&B,5.0,"""Located on a former working dairy farm", this B&B is set in an old farmhouse and ranch in Cambria. Offering modern facilities, Fogs End B&B offers a modern 4 bedroom, 4 bathroom accommodation surrounded by a small family vineyard. Hearst Castle is 12 km away.,,,
California,Cambria,35.54746,-121.0729,1773 Spencer Street Home 2 Bathrooms Home,5.0,"""Set in Cambria in the California region", 1773 Spencer Street Home has a patio. The accommodation is 16 km from San Simeon, and guests benefit from private parking available on site and free WiFi.,,,,
California,Capitola,36.97577,-121.9441,Monarch Cove Inn,4.0,"""Located adjacent to the New Brighton State Beach path", Monarch Cove Inn is perched on a 100 foot cliff overlooking Monterey Bay. Free WiFi and breakfast is provided with each elegant room.,,,,,
California,Carlsbad,33.12661,-117.30932,Legoland Hotel,4.0,"""Located in Carlsbad", LEGOLAND California Resort offers over 60 rides and shows. This theme park for families with children between the ages of 2 to 12 is home to SEA LIFE Aquarium and LEGOLAND Water Park. The Carlsbad Flower Fields are 3.2 km away.,,,,,
California,Carlsbad,33.15546,-117.34808,Pelican Cove Inn,4.0,"""Situated in Carlsbad", 500 metres from Tamarack State Beach, Pelican Cove Inn features accommodation with a garden, free private parking and a terrace. This 4-star hotel offers free WiFi. The hotel has family rooms.,,,
California,Carlsbad,33.155871953573,-117.35129535198,Seabreeze Vacation Rental,3.0,HotelDescription#Further information about this hotel will be available shortly,NO Smoking rooms NO Wheelchair-accessible NO Car park NO Connecting rooms NO Disability-friendly bathroom NO Small pets allowed (under 5 kg) NO Garage NO Large pets allowed (over 5 kg),,3150 Ocean St. Carlsbad 92008 ,92008,7604346161,http://seabreezevacation.com/index.html
California,Carlsbad,33.156281,-117.350631,Surf Motel Carlsbad,2.0,"""With a stay at SpringHill Suites by Marriott San Diego Carlsbad in Carlsbad (Carlsbad Village)", you'll be within a 15-minute drive of Legoland California and Carlsbad State Beach.  This hotel is 3.6 mi (5.8 km) from Oceanside Pier and 6 mi (9.6 km) from Camp Pendleton Marine Corps Base.,,,,,
California,Carlsbad,33.15806,-117.35278,Ocean Palms Beach Resort,3.0,"""Fire pits and barbecue facilities are available at this family-friendly Carlsbad hotel. Rooms all feature a fully equipped kitchen. LEGO Land is 4 miles from the property.",,,,,,
California,Carlsbad,33.15616,-117.35139,Beachwalk Villas,5.0,"""Situated in Carlsbad in the California region and Tamarack State Beach reachable within 400 metres", Beachwalk Villas features accommodation with free WiFi, BBQ facilities, an outdoor swimming pool and free private parking.,,,
California,Carlsbad,33.1313,-117.31108,Hilton Grand Vacations at MarBrisa,3.0,"""Offering spacious accommodation with free WiFi", this family friendly resort offers a private entrance to SEA LIFE Aquarium and LEGOLAND California. Hilton Grand Vacations Club MarBrisa Carlsbad boasts 3 swimming pools and 4 hot tubs. A childrens playground and splash zone are featured at the property.,,,,,
California,Carlsbad,33.15432,-117.34963,The Beach Palms Carlsbad,5.0,"""Situated in Carlsbad", 200 metres from Tamarack State Beach and 1.2 km from Carlsbad State Beach, The Beach Palms Carlsbad features accommodation with free WiFi, air conditioning, free bikes and a terrace.,,
California,Carlsbad,33.15555,-117.34973,Seaside,5.0,"""Seaside Village Carlsbad features garden views", free WiFi and free private parking, set in Carlsbad, 200 metres from Tamarack State Beach.,,,
California,Carlsbad,33.14669,-117.34222,Ocean View Amazingness Enjoy your vacation in one of the best rentals around,5.0,"""Featuring sea views", Ocean View Amazingness! Enjoy your vacation in one of the best rentals around provides accommodation with a balcony and a coffee machine, around 2.2 km from South State Beach. The air-conditioned accommodation is 200 metres from Tamarack Beach, and guests benefit from complimentary WiFi and private parking available on site.,,,
California,Carlsbad,33.126001,-117.31233930000002,Legoland Castle Hotel,4.0,"""The LEGOLAND Castle Hotel features a total of 250 rooms and is located right at the main entrance to LEGOLAND California. ",,,,,,
California,Carmel,36.55262,-121.92299,Adobe Inn,4.0,"""A short walk from Carmel City Beach Park", the Adobe Inn offers a heated year-round outdoor pool as well as a dry sauna. All luxurious guest accommodations include free WiFi.,,,,,
California,Carmel,36.55349,-121.92514,Carmel Green Lantern Inn,2.0,"""Centrally located 2 minutes walk from Carmel Beach", this B&B serves a daily buffet breakfast and offers guest rooms with private entrances and free WiFi. Free guest parking is available.,,,,,
California,Carmel,36.55486,-121.92578,Lamp Lighter Inn and Sunset Suites,3.0,"""Located in scenic Carmel", Lamp Lighter Inn and Sunset Suites offers free WiFi access and free guest parking. Carmel Beach is just 10 minutes walk away.,,,,,
California,Carmel,36.55805,-121.92256,The Vagabond's House Boutique Inn & Spa Studio,4.0,"""This boutique hotel in Carmel-By-The-Sea", just 1 mile from Carmel Beach City Park, features a stone courtyard. Each uniquely-decorated guest room at the hotel offers a fireplace and modern amenities.,,,,
California,Carmel,36.54655,-121.92765,The Colonial Terrace,3.0,"""This Carmel inn", built in 1925, is just 1 block from the beach and 1.5 km from shopping and dining on Ocean Avenue. The property offers a daily continental breakfast, free Wi-Fi and a fireplace in every guest room.,,,
California,Carmel,36.55573,-121.9245,Tall Ho Inn,3.0,"""Boasting panoramic ocean views", this California hotel is within walking distance of 12 wine tasting rooms.  Carmels sandy white beaches are 4 blocks away. All elegant rooms include free Wi-Fi.,,,,,
California,Carmel,36.55504,-121.92474,Normandy Inn,3.0,"""Located less than 5 minutes walk to boutiques and restaurants of Carmel Plaza", Normandy Inn is less than 5 minutes drive from Carmel Beach.,,,,,
California,Carmel,36.5593,-121.92035,Horizon Inn & Ocean View Lodge,3.0,"""Located 1 mile away from Carmel Beach", this hotel features a hot tub and serves a daily continental breakfast.  It offers free guest parking and rooms equipped with free Wi-Fi.,,,,,
California,Carmel,36.55758,-121.92187,Carmel Fireplace Inn,3.0,"""Carmel Fireplace Inn features individually decorated accommodation with free Wi-Fi. Carmel Beach is less than 1 mile away.",,,,,,
California,Carmel,36.55749,-121.92187,Briarwood Inn,3.0,"""Located within 5 minutes walk to shopping and dining locations in Carmel Village and 12 minutes walk to Carmel Beach", this inn features guest rooms with free WiFi and flat-screen cable TVs.,,,,,
California,Carmel,36.54826,-121.92602,Sea View Inn Carmel,3.0,"""Located on a residential street just steps from Carmel Beach", this California accommodation provides a quiet atmosphere and free WiFi in all guest rooms.,,,,,
California,Carmel,36.52436,-121.84467,Saddle Mountain Ranch,5.0,"""Offering free WiFi in the public areas", Saddle Mountain Ranch features a large swimming pool heated from May through September. Barbecue facilities and tables are offered at each cabin and tent. This pet-friendly accommodation is located in Carmel Valley, 16 km from Monterey.,,,,
California,Carmel,36.55469,-121.92464,Lobos Lodge,3.0,"""Lobos Lodge is situated in Carmel", 3.6 km from Point Lobos State Reserve. The property is located 300 metres from Carmel Plaza, 1.4 km from Carmel Mission and a 5-minute walk from Carmel Beach Access. Each room is fitted with a balcony.,,,,
California,Carmel,36.54356,-121.92797,Lincoln Green Inn,2.0,"""Located 5 minutes walk to Carmel Beach", this Carmel retreat features cottages with a fireplace, free WiFi and bathrobes. Breakfast in room is offered. Carmel cafes and shops are just 1 mile away.,,,,
California,Carmel,36.5583,-121.91925,Carmel Garden Inn,5.0,"""Located in scenic Carmel", this B&B features rooms and suites with free Wi-Fi and a wood-burning fireplace. Pebble Beach is 3 km away. Free guest parking is available.,,,,,
California,Carmel,36.55937,-121.92271,Carmel Country Inn,3.0,"""Located less than 1 mile from Carmel Beach", this luxury inn offers a daily gourmet breakfast. The stylish shops and gourmet bites of Carmel Plaza and Ocean Avenue is less than 10 minutes walk away.,,,,,
California,Carmel,36.56308,-121.91238,Valley Views,5.0,"""Valley Views is set in Carmel", 6 km from Point Lobos State Reserve and 2.2 km from Carmel Plaza, in an area where cycling can be enjoyed. Situated 1.6 km from Carmel Beach, the property features a garden and free private parking.,,,
California,Carmel,36.55509,-121.91908,Sea Shell Cottage Cottage 3274,4.0,"""Set in Carmel", 6.4 km from Point Lobos State Reserve, 7.2 km from Presidio of Monterey Museum and 1.6 km from Carmel Mission, 3274 Sea Shell Cottage offers accommodation with a patio and free WiFi. This holiday home is 6.4 km from Monterey Pines Golf Club and 6.9 km from Monterey Bay Whale Watching Cruises.,,,
California,Carmel,36.55378,-121.92354,The Carmel Penthouse Condominum 3580,4.0,"""Set in Carmel", 6.9 km from Point Lobos State Reserve, 7.7 km from Presidio of Monterey Museum and 1.5 km from Carmel Mission, 3580 The Carmel Penthouse offers accommodation with a balcony and free WiFi. The property is 7 km from Monterey Pines Golf Club and 7.4 km from Monterey Bay Whale Watching Cruises.,,,
California,Carmel,36.56642,-121.91435,Forest Hideaway Home 3596,4.0,"""Located in Carmel", 5.8 km from Presidio of Monterey Museum, 7.1 km from Point Lobos State Reserve and 3.6 km from Carmel Mission, 3596 Forest Hideaway provides accommodation with a patio and free WiFi. The property is 5.5 km from Monterey Bay Whale Watching Cruises and 6.7 km from Pebble Beach.,,,
California,Carmel,36.55864,-121.92567,Whispering Waves Home 3681,4.0,"""Set in Carmel", 7.2 km from Presidio of Monterey Museum, 7.3 km from Point Lobos State Reserve and 2.2 km from Carmel Mission, 3681 Whispering Waves offers accommodation with a patio and free WiFi. The property is 6.4 km from Monterey Pines Golf Club and 6.8 km from Monterey Bay Whale Watching Cruises.,,,
California,Carmel,36.55486,-121.91943,Forest Lodge,5.0,"""Surrounded by a furnished terrace", Forest Lodge offers free WiFi and free parking in rooms. Boutiques, bakeries and cafes on Carmel Plaza are a minutes walk away. Carmel Beach is 12 minutes walk.,,,,
California,Carmel,36.55871,-121.92249,Carmel Stonehouse,5.0,"""Featuring garden views", Carmel Stonehouse features accommodation with a patio and a coffee machine, around 5 km from Point Lobos State Reserve. Boasting free private parking, the holiday home is in an area where guests can engage in activities such as hiking and tennis.,,,
California,,39.22802,-120.0825,Shooting Star Bed & Breakfast,3.0,,NO Garage NO Large pets allowed (over 5 kg) NO Wheelchair-accessible NO Small pets allowed (under 5 kg) NO Connecting rooms NO Car park NO Smoking rooms NO Disability-friendly bathroom,,Olive Street 315 315 96140 1573 Carnelian Bay P.O. Box 1573Carnelian BayCalifornia 96140-1573 ,,5305414000,http://www.shootingstarbandb.com/
California,Carpinteria,34.39183,-119.5102,Casa Del Sol Motel,5.0,"""Set in Carpinteria", 2.3 km from Carpinteria State Beach, Casa Del Sol offers accommodation with free bikes, free private parking, a garden and a shared lounge. Featuring family rooms, this property also provides guests with a barbecue. Free WiFi and a concierge service are featured.,
California,Carpinteria,34.40488,-119.53278,Sandyland Reef Inn,2.0,"""Carpinteria State Beach is less than 10 minutes drive from this motel. The non-smoking rooms feature cable TV with HBO. An outdoor pool and hot tub are included.",,,,,,
California,Carpinteria,34.41864,-119.56605,The Cottages at Polo Run,5.0,"""Located in Carpinteria in the California region", The Cottages at Polo Run features a garden. The accommodation is 49 km from Oxnard, and guests benefit from private parking available on site and free WiFi.,,,,
California,Carpinteria,34.39518,-119.52451,Sugar Shack,5.0,"""Sugar Shack is a holiday home is located in Carpinteria and is 17 km from Santa Barbara. The unit is 25 km from Ventura.",,,,,,
California,Carson,33.83196,-118.28372,Cali Inn,1.0,"""Located just off I-110 in downtown Carson", this motel features free Wi-Fi and fresh coffee each morning. Downtown Redondo Beach is just 7 miles away.,,,,,
California,Castaic,34.49026,-118.61831,Castaic Inn,5.0,"""Featuring free WiFi", Castaic Inn Six Flags Valencia offers accommodation in Castaic, 5 minutes drive from Six Flags Magic Mountain. The property offers a complimentary breakfast and free private parking is available on site.,,,,
California,,33.790737,-116.482425,Villa Mykonos,3.0,,NO Connecting rooms Vacation resort NO Disability-friendly bathroom NO Wheelchair-accessible NO Smoking rooms NO Small pets allowed (under 5 kg) NO Large pets allowed (over 5 kg) NO Car park NO Garage Car hire Laundry service Poolside snack bar Nightclub Sauna Hot tub Spa centre   Table tennis Fitness Skiing,,67-590 Jones Road Cathedral CityCalifornia 92234-6401 ,92234,4105240295,http://www.villamykonos.com/
California,Cayucos,35.44998,-120.90597,The Cass House Historic Inn,3.0,"""Situated in Cayucos", Cass House Cayucos provides accommodation with a flat-screen TV. Complimentary WiFi is available.,,,,,
California,Cayucos,35.44697,-120.90025,Cayucos Sunset Inn,4.0,"""This charming inn overlooks the Pacific Ocean and is 3 blocks from Cayucos State Beach. It features spa services", a full breakfast, and features elegant rooms with a 2-person hot tub.,,,,
California,Cayucos,35.44834,-120.90305,Pier View Suites,4.0,"""Pier View Suites is a beach-side boutique hotel in the small beach town of Cayucos", located halfway between Los Angeles and San Francisco. This hotel offers spacious bungalow-style accommodations. The property is located 70 steps across the street from the beach.,,,,,
California,Cayucos,35.44934,-120.90572,On The Beach Bed And Breakfast,4.0,"""This Cayucos", California bed & breakfast is 2 minutes walk to Cayucos State Beach. All rooms provide a spa bath and free Wi-Fi. Free wine is provided daily.,,,,,
California,Cayucos,35.44536,-120.89674,Beachwalker Inn Cayucos,3.0,"""This Cayucos hotel is off Highway One and is within a 2-minute drive of Cayucos State Beach. The hotel features ocean views and provides a fireplace in every room.",,,,,,
California,Cayucos,35.44803,-120.90336,Shoreline Inn...on the beach,3.0,"""Located on the beach", the hotel rooms include cable TV. Hearst Castle is 40 minutes drive away.,,,,,
California,Cayucos,35.42166,-120.87811,Cayucos Beach House Downstairs Studio,5.0,"""Featuring sea views", Cayucos Beach House - Downstairs Studio offers accommodation with a garden and a patio, around 60 metres from Morro Strand State Beach. This holiday home provides an ATM and free WiFi.,,,,
California,Cayucos,35.44837,-120.90412,Cayucos Condo #77,5.0,"""Boasting sea views", Cayucos Condo #77 features accommodation with a balcony and a coffee machine, around a few steps from Cayucos State Beach.,,,,
California,Cayucos,35.44036,-120.89362,Pacific Harmony,5.0,"""Situated 40 km from Pismo Beach and 22 km from Cambria", Pacific Harmony offers accommodation in Cayucos. The property is 9 km from Morro Bay and boasts views of the sea.,,,,,
California,Cayucos,35.44468,-120.89544,Ocean Mornings,5.0,"""Ocean Mornings is set in Cayucos", 41 km from Pismo Beach. Cambria is 21 km from the property.,,,,,
California,Cayucos,35.4498,-120.90915,Seaside Strolls,5.0,"""Seaside Strolls is set in Cayucos", 42 km from Pismo Beach. Cambria is 20 km from the property.,,,,,
California,Cayucos,35.42321,-120.87759,Blue Door Retreat,5.0,"""Blue Door Retreat is situated in Cayucos", 38 km from Pismo Beach. Cambria is 24 km away.,,,,,
California,Cayucos,35.42949,-120.88362,Vintage Views,5.0,"""Vintage Views offers accommodation in Cayucos. Pismo Beach is 39 km away.",,,,,,
California,Cayucos,35.43163,-120.88513,Dreaming At The Beach,5.0,"""Dreaming at the Beach offers accommodation in Cayucos. Pismo Beach is 39 km from the property.",,,,,,
California,Cayucos,35.44498,-120.90029,Oceanfront Delight,5.0,"""Oceanfront Delight is set in Cayucos", 41 km from Pismo Beach. Cambria is 21 km away.,,,,,
California,Cayucos,35.44498,-120.90029,Oceanfront Dream,5.0,"""Oceanfront Dream offers accommodation in Cayucos. Pismo Beach is 41 km from the property.",,,,,,
California,Cayucos,35.44251,-120.89633,Coastal Coziness,5.0,"""Coastal Coziness is situated in Cayucos", 41 km from Pismo Beach. Cambria is 21 km away.,,,,,
California,Cayucos,35.43107,-120.8847,Seaside Serenade,5.0,"""Seaside Serenade offers accommodation in Cayucos. Pismo Beach is 39 km from the property.",,,,,,
California,Cazadero,38.52633,-123.08692,Sequoia Beach Dreamery by RedAwning,5.0,"""Sequoia Beach Dreamery is set in Cazadero. The accommodation is 43 km from Sebastopol.",,,,,,
California,Cazadero,38.47236,-123.05327,The House Of Magic Madrone,5.0,"""Located in Cazadero in the California region", The House of Magic Madrone features a patio. The air-conditioned accommodation is 42 km from Healdsburg, and guests benefit from private parking available on site and free WiFi.,,,,
California,Cazadero,38.48499,-123.05734,Austin Landing,5.0,"""Austin Landing is located in Cazadero. The accommodation is 42 km from Healdsburg.",,,,,,
California,Cazadero,38.50077,-123.02393,Leo's Lodge,5.0,"""Situated in Guerneville", 3.8 km from Pee Wee Golf and Arcade and 8 km from Korbel Champagne Cellars, Leos Lodge provides accommodation with amenities such as free WiFi and a TV. The holiday home is 9 km from Porter Bass Winery.,,,,
California,Cazadero,38.4924,-123.06708,Hearthside Cabin,5.0,"""Hearthside Cabin is set in Cazadero. The accommodation is 44 km from Healdsburg.",,,,,,
California,Cazadero,38.49181,-123.06648,Dreamwood,5.0,"""Featuring a sauna", Dreamwood is situated in Cazadero. It is set 41 km from Wells Fargo Center for the Arts and offers free WiFi plus an ATM.,,,,,
California,Cazadero,38.52575,-123.08667,Glen Tara,5.0,"""Glen Tara is situated in Cazadero. The accommodation is 43 km from Sebastopol.",,,,,,
California,,33.969065258274,-116.94441497326,Highland Springs Resort,3.0,HotelDescription#Further information about this hotel will be available shortly,NO Car park NO Connecting rooms NO Large pets allowed (over 5 kg) NO Small pets allowed (under 5 kg) NO Wheelchair-accessible NO Smoking rooms NO Garage NO Disability-friendly bathroom,,10600 Highland Springs Avenue Cherry ValleyCalifornia 92223 ,92223,9518451151,http://www.hsresort.com
California,Chico,39.59392,-122.19509,Blue Gum Motel,2.0,"""Located off Interstate 5 in Glenn", California, this family-owned motel is a 5-minute drive from the Glenn County Golf and Country Club.,,,,
California,Chico,39.72814,-121.84022,Diamond Hotel,3.0,"""A short walk away from Chico State University", this California hotel features an on-site restaurant and bar. All guest rooms include free Wi-Fi.,,,,,
California,Chico,39.50692,-121.56979,Villa Court Inn Oroville,2.0,"""This hotel features satellite TV and free Wi-Fi. The Gold County Casino is less than 10 minutes drive away.",,,,,,
California,Chico,39.7542,-121.85842,Safari Inn,3.0,"""Safari Inn - Chico is located in Chico. Free WiFi access is available.",,,,,,
California,Chico,39.75092,-121.85603,Town House Motel,3.0,"""Located 6 minutes drive from restaurants and shops in Chico city centre", this California motel features free WiFi included in all guest rooms.,,,,,
California,Chico,39.50744,-121.56979,Budget Inn,3.0,"""Located 10 minutes drive from Oroville dam", this motel offers free Wi-Fi. Guests can also enjoy 24-hour reception.,,,,,
California,Chowchilla,37.126504,-120.248152,SureStay Hotel by Best Western Chowchilla Yosemite (Ex. Chowchilla Inn),3.0,"""Welcome to the SureStay Hotel by Best Western Chowchilla Yosemite where guests will discover friendly customer service and sophisticated accommodations for an affordable price. Find us just off Highway 99", on the corridor to Yosemite National Park, this Chowchilla hotel features 46 spacious well-appointed guest rooms. Each room is fully equipped with a 42-inch flat screen cable television, microwave, refrigerator & wireless high-speed Internet access.,,
California,Clearlake,38.957,-122.64871,Vista del Lago Lake House and Cottages,2.0,"""We are a updated and friendly place to hang out. We cant offer you a five star experience but we can provide you with clean", well maintained slightly funky rooms. Everyone of them is unique and we are constantly changing and improving them. Located on the lake, this Clearlake resort features air-conditioned rooms and cottages with free WiFi. Local boutiques and restaurants are within 5 minutes walk of the resort. Free parking is provided.,,,,
California,Clearlake,38.92594,-122.71768,Thorn Hill Vineyards Villa Suite,5.0,"""Set in Clear Lake Riviera", Thorn Hill Vineyards Villa Suites offers free WiFi, and guests can enjoy a shared lounge, a garden and a terrace.,,,
California,Clearlake,38.95755,-122.64883,By the Lake,5.0,"""Situated in Clearlake", within 43 km of Robert Louis Stevenson State Park, By the Lake offers accommodation with free WiFi, air conditioning and a garden. Boasting free private parking, the apartment is in an area where guests can engage in activities such as hiking and fishing.,,
California,Clearlake,38.9575,-122.64844,Bungalow on the lake,5.0,"""Set in Clearlake in the California region", Bungalow on the lake has a patio and lake views. Located on the beachfront, this property features a shared lounge, a garden, a private beach area and free WiFi.,,
California,Clearlake,38.95752,-122.64889,Mt Konocti View,5.0,"""Featuring mountain views", Mt Konocti View provides accommodation with a terrace, a private beach area and barbecue facilities, around 43 km from Robert Louis Stevenson State Park. This beachfront property offers access to a patio, free private parking and free WiFi.,,
California,Clearlake,38.95752,-122.64891,Overlooking clearlake from the living room,5.0,"""Featuring mountain views", Overlooking clearlake from the living room features accommodation with a garden and a terrace, around 43 km from Robert Louis Stevenson State Park. Boasting free private parking, the apartment is in an area where guests can engage in activities such as hiking and fishing.,,,
California,Cloverdale,38.80854,-123.01748,Kelley & Young Wine Garden Inn,4.0,"""Dating from 1901", this Queen Anne Victorian bed and breakfast hotel is set in landscaped grounds a block from Downtown. ,,,,,
California,Cloverdale,38.80436,-123.01677,Cloverdale Oaks Inn,2.0,"""This California motel offers a tour desk", 24-hour reception, and rooms with free Wi-Fi. The motel is located in downtown Cloverdale, within a 5-minute drive of shopping and dining.,,,
California,Cloverdale,38.81305,-123.02329,Vineyard Valley Inn,3.0,"""Located 5 minutes drive from Downtown Cloverdale", each room provides free Wi-Fi in all rooms. Fritz Underground Winery and other Healdsburg wineries are within a 15 minutes drive of this motel.,,,,,
California,Cloverdale,38.77397,-122.95736,Infinity Ranch Home,5.0,"""Infinity Ranch Home is a holiday home located in Cloverdale", 50 km from Bodega Bay. Guests benefit from balcony and a barbecue.,,,,,
California,Cloverdale,38.84552,-123.01925,Russian River Camping Resort Cabin 1,5.0,"""Set in Cloverdale", Russian River Camping Resort One-Bedroom Cabin 1 offers accommodation with a patio and free WiFi.,,,,,
California,Cloverdale,38.84552,-123.01925,Russian River Camping Resort Cabin 2,5.0,"""Set in Cloverdale", Russian River Camping Resort One-Bedroom Cabin 2 features accommodation 37 km from Healdsburg Plaza.,,,,,
California,Cloverdale,38.84552,-123.01925,Russian River Camping Resort Studio Cabin 3,5.0,"""Located in Cloverdale", Russian River Camping Resort Studio Cabin 3 offers accommodation with a patio and free WiFi.,,,,,
California,Cloverdale,38.84552,-123.01925,Russian River Camping Resort Studio Cabin 4,5.0,"""Situated 37 km from Healdsburg Plaza", Russian River Camping Resort Studio Cabin 4 features accommodation in Cloverdale.,,,,,
California,Cloverdale,38.84552,-123.01925,Russian River Camping Resort Cottage 5,5.0,"""Situated in Cloverdale in the California region", Russian River Camping Resort Cottage 5 features accommodation with free WiFi.,,,,,
California,Cloverdale,38.84552,-123.01925,Russian River Camping Resort Cottage 7,5.0,"""Situated 37 km from Healdsburg Plaza", Russian River Camping Resort Cottage 7 features accommodation in Cloverdale.,,,,,
California,Cloverdale,38.84552,-123.01925,Russian River Camping Resort Cottage 8,5.0,"""Situated in Cloverdale in the California region", Russian River Camping Resort Cottage 8 features accommodation with free WiFi.,,,,,
California,Cloverdale,38.84552,-123.01925,Russian River Camping Resort Cottage 9,5.0,"""Situated 37 km from Healdsburg Plaza", Russian River Camping Resort Cottage 9 features accommodation in Cloverdale.,,,,,
California,Coalinga,36.15131,-120.35463,Cambridge Inn Motor Lodge,2.0,"""This Coalinga", California motel is adjacent to West Hill College.  It features an outdoor pool, free Wi-Fi and pet-friendly guest rooms.,,,,
California,Coalinga,36.1382,-120.35766,Laura Lodge,3.0,"""Located 3 minutes walk from Coalinga town centre", this motel features a 24-hour reception.  It offers air-conditioned rooms with free Wi-Fi and free guest parking for all size vehicles.,,,,,
California,Coalinga,36.14909,-120.35427,Royal Lodge,2.0,"""Located 3 minutes walk away from West Hill College", this Coalinga motel features a 24-hour reception.  It offers rooms with free Wi-Fi and free guest parking.  A guest launderette is available.,,,,,
California,Coalinga,36.14982,-120.35422,Travel Inn,5.0,"""Travel Inn is situated in Coalinga. The property provides a 24-hour front desk and free WiFi is available.",,,,,,
California,Coarsegold,37.29528,-119.64391,Ravensbrook Inn Yosemite,3.0,"""Nestled on 4 acres 18 miles from Yosemite National Park", this smoke free B&B offers a gourmet breakfast and a seasonal hot tub. All charming rooms include free WiFi.,,,,,
California,Coarsegold,37.24881,-119.70406,Yosemite 41 South Vacation Rentals,3.0,"""The entrance to Yosemite is 30 minutes drive from this holiday home. Offering 6 bedrooms and 7 bathrooms this mansion provides ample space for large groups.",,,,,,
California,Coarsegold,37.15107,-119.73308,Black Hawk Lodge,2.0,"""Black Hawk Lodge offers accommodation in Coarsegold", 10 km away from Yosemite Lakes Park Recreation Area. Free guest parking is available on site.,,,,,
California,Coarsegold,37.24464,-119.70688,Yosemite RV Resort,5.0,"""Located 40 km from Yosemite South Entrance", Yosemite RV Resort offers a seasonal outdoor swimming pool, a shared lounge and air-conditioned accommodation with a terrace and free WiFi.,,,,
California,Coleville,38.55155,-119.50244,Meadowcliff Resort Coleville,2.0,"""Located in the Eastern Sierra Mountains", this Coleville motel features a seasonal outdoor pool and a restaurant.  It offers guest rooms with free Wi-Fi and free parking for vehicles including RVs.,,,,,
California,Coleville,38.51263,-119.46588,West Walker Motel,2.0,"""1944 roadside motel that over the years has been upgraded. New carpet", beds, and more with themed rooms and lovely flowers and sitting areas outside each room. Each room authentic charm. Try staying a night over the rainbow in the oz room. Stay on the road with route 66 theme and more.  Enjoy the hand made soap given to each check in and more. Shampoo, lotion and mints await your arrival. Great for groups, bikers, and more. Contact us for group rates and special needs for your groups. Located in the Sierra Nevada Mountains, this motel features BBQ facilities and rooms with free WiFi. Lake Topaz is 10 minutes drive away. Free guest parking for all size vehicles is available.
California,Coleville,38.51235,-119.47029,Toiyabe Motel,2.0,"""Offering free Wi-Fi", this motel is 15 minutes drive from Topaz Lake. All rooms include a cable TV with satellite channels. Free parking for buses, trucks and boats is provided.,,,,
California,Coleville,38.51331,-119.46841,Andruss Motel,3.0,"""Just 10 minutes walk from fishing at Walker River", this motel features a seasonal outdoor pool open from Memorial Day through Labor Day. A picnic area complete with BBQ facilities and a fire pit are located on site.,,,,,
California,Coleville,38.51219,-119.46407,Sierra Retreat,1.0,"""Featuring guest rooms with a full kitchen or kitchenette", this Walker motel is located 83.6 km from Lake Tahoe. BBQ facilities are located on site.,,,,,
California,Colfax,39.03437,-120.99481,Sierra Sun Cloud Inn Colfax,3.0,"""Located at the foothills of the Sierra Nevada Mountains", this inn features individually designed rooms with beautiful views. It serves free regional wine and is 6 miles from downtown Colfax, California.,,,,
California,Colton,34.07155,-117.36548,Welcome Inn,5.0,"""Situated 17 km from Auto Club Speedway", Welcome Inn San Bernardino/ Colton offers rooms with air conditioning in Colton. Among the facilities at this property are room service and a 24-hour front desk, along with free WiFi throughout the property. Free private parking is available and the motel also features bike hire for guests who want to explore the surrounding area.,,,,
California,Colusa,39.21305,-122.002,Colusa Motel,1.0,"""Located about 5 miles off of Interstate 5", this Colusa, California motel offers rooms with free Wi-Fi and a cable TV.  It features a 24-hour front desk and is just 3.7 miles from the Colusa Casino.,,,,
California,Colusa,39.2152,-122.00734,Colusa Riverside Inn,2.0,"""Colusa Riverside Inn is located in Colusa. Free WiFi access is available at this motel. Colusa Golf and Country Club is 3 km away.",,,,,,
California,Commerce,34.010826,-118.161156,Destiny Inn,3.0,HotelDescription#This comfortable Hotel is in City of Commerce. A total of 30 units are available for guests' convenience at Destiny Inn. This is not a pet-friendly establishment.,NO Car park NO Connecting rooms NO Smoking rooms NO Disability-friendly bathroom NO Large pets allowed (over 5 kg) NO Wheelchair-accessible NO Small pets allowed (under 5 kg) NO Garage,,5161 Triggs Street Commerce 90022California ,90022,3232696602,http://www.destiny-inn.com/
California,Compton,33.90562,-118.20844,Royal Inn Motel,3.0,"""Free Wi-Fi is available in each guest room at this motel. A 24-hour reception is provided for guest convenience. St. Francis Medical Center is less than 10 minutes drive away.",,,,,,
California,Concord,37.94173,-122.32782,Economy Inn Richmond,1.0,"""This motel is 1.5 miles from BART El Cerrito Del Norte Station and 10 minutes drive from the University of California Berkley. All air-conditioned rooms provide free Wi-Fi.",,,,,,
California,Concord,37.95717,-122.06041,Pleasant Hill Inn,3.0,"""In the east bay of San Francisco", this 3-star Pleasant Hill is just off Highway 680. The hotel offers  free Wi-Fi.,,,,,
California,Concord,38.00501,-121.79577,Antioch Executive Inn,2.0,"""Located in Antioch just 2 km from Hwy 4", this motel features free Wi-Fi and guest rooms with satellite TV with HBO film channels.  The Antioch Amtrak station is 3 km away.,,,,,
California,Concord,37.97963,-122.04109,Premier Inns Concord,2.0,"""Sleep Train Pavilion is 20 minutes drive from this Concord motel. Rooms feature cable TV with HBO. An outdoor pool is available for guest relaxation.",,,,,,
California,Concord,38.00202,-121.89466,El Dorado Motel,1.0,"""Located in Pittsburg", this motel offers guest rooms with free Wi-Fi and a satellite TV. The Pittsburg BART train station is 10 minutes drive away.,,,,,
California,Corona,33.87647,-117.52424,Tiffany Inn Corona,2.0,"""Free Wi-Fi is available in all rooms at this motel. A 24-hour reception is available for guest convenience. Cresta Verde Golf Course is just 2 miles away.",,,,,,
California,Corona,33.87899,-117.60367,Best Western Corona Hotel & Suites,3.0,"""Featuring a heated outdoor pool and a fitness centre", Best Western Corona Hotel & Suites is just 9 minutes drive from Fender Center. Free WiFi access is available. A free hot breakfast is served daily.,,,,,
California,Corona,33.87729,-117.58281,Desert Inn Motel,2.0,"""Located in Corona", Desert Inn Motel offers air-conditioned rooms with free Wi-Fi. Free guest parking is available. Hidden Valley Golf Club is 11.6 km away.,,,,,
California,Corona,33.80884,-117.50486,"""Home2 Suites Corona"," Ca""",3.0,"""Featuring 3-star accommodation", Home2 Suites Corona, Ca is situated in Corona, 47 km from Honda Center and 48 km from Angel Stadium of Anaheim. This 3-star hotel offers room service, a 24-hour front desk and free WiFi. The property is non-smoking and is set 41 km from Auto Club Speedway.,
California,Coronado,32.695422,-117.168154,Broadstone Conorado on the Bay,3.0,HotelDescription#Further information about this hotel will be available shortly,NO Connecting rooms NO Small pets allowed (under 5 kg) NO Disability-friendly bathroom NO Large pets allowed (over 5 kg) NO Car park NO Garage NO Wheelchair-accessible NO Smoking rooms,,1515 Second Street CoronadoCalifornia 92118 ,92118,8662682143,http://broadstonebay.com/
California,Coronado,32.68484,-117.1804,Hotel Marisol Coronado,3.0,"""This historic Coronado boutique hotel features rooms that include free WiFi and Italian linens. Coronado Beach is less than 5 minutes walk away.",,,,,,
California,Coronado,32.69276,-117.17606,Crown City Inn Coronado,2.0,"""Situated on Coronado Island", this hotel boasts an outdoor pool and has an on-site restaurant. It features pet-friendly guest rooms with free WiFi and offers free on-site guest parking. San Diego International Airport is 12 km away.,,,,,
California,Coronado,32.68682,-117.1812,Cherokee Lodge,2.0,"""Cherokee Lodge is located in San Diego", 2.8 km from San Diego Convention centre and 3.5 km from Downtown San Diego.,,,,,
California,Coronado,32.69623,-117.17418,Coronado Island Inn,3.0,"""Featuring 3-star accommodation", Coronado Island Inn is located in San Diego, 2.1 km from Coronado Beach and 6.4 km from San Diego Convention Center. With free bikes, the 3-star hotel has air-conditioned rooms with free WiFi, each with a private bathroom. Private parking is available on site.,,
California,Coronado,32.69624,-117.17419,Coronado Inn,3.0,"""Offering an outdoor pool", Coronado Inn is situated on Coronado Island, 1.7 km from San Diego Convention Center. Free WiFi is available throughout the property. Private parking is offered on site.,,,,
California,Coronado,32.6949,-117.17493,El Rancho Motel,3.0,"""El Rancho Motel is located in Coronado. It features guest rooms with free WiFi access. Coronado Ferry Landing Shopping Center is just 400 metres away.",,,,,,
California,Coronado,32.68066,-117.17782,Shore House at the Del,5.0,"""Conveniently set in the Coronado district of San Diego", Shore House at The Del, Curio Collection by Hilton is located 300 metres from Coronado Beach, 1 km from Silver Strand State Beach and 8.3 km from San Diego Convention Center. The property is situated 10 km from San Diego - Santa Fe Depot Amtrak Station, 11 km from USS Midway Museum and 11 km from Balboa Park. The accommodation provides a 24-hour front desk and an ATM for guests.,,
California,Coulterville,37.7189,-120.11319,Yosemite Paradise Bed & Breakfast,5.0,"""Yosemite Paradise Inn is located in Greeley Hill", 11.3 km from Coulterville and about 48 km from the north entrance gate of Yosemite Park. Free WiFi is available at this country B&B.,,,,,
California,Coulterville,37.75064,-120.12075,Roadhouse 29,5.0,"""Welcome to our simple home!  Very comfortable and cozy", a great place to stay while you are away from yours! Its a beautiful drive into the Yosemite Valley, along the Highway 120/132 corridor. This time of year there may be a slight dusting of snow to enjoy. The Roadhouse 29 can accommodate up to 4 travelers..We can provide one Rollaway bed and a Futon upon special request/pricing. There is Free Parking available.  Its beautiful here this time of year.  I encourage you to visit the Roadhouse 29 during your Yosemite visit and enjoy our small town hospitality.. Roadhouse 29 is located just 1 hours drive from the waterfalls in Yosemite National Park. As the waterfalls flow during the winter season, guests are provided with scenic views of the cascades. Free WiFi and parking is provided for guests.,,,
California,Crestline,34.24321,-117.27942,Sleepy Hollow Cabins & Hotel,4.0,"""Offering a seasonal outdoor pool and hot tub", this Crestline hotel is 14 miles from Snow Valley Ski Resort. Ski passes are available on site. A cosy fireplace is featured in all guest rooms.,,,,,
California,Crestline,34.22908,-117.25912,Lake View Haven,5.0,"""Situated in Santa Barbara", this villa features a terrace. The property features views of the mountains and is 2.3 km from Westmont College.,,,,,
California,Crestline,34.24837,-117.26493,Lakeview Landing,5.0,"""Lakeview Landing is located in Crestline. This property offers access to free WiFi and free private parking.",,,,,,
California,Crestline,34.23956,-117.26201,Whispering Pines,5.0,"""Set in Crestline in the California region", Whispering Pines has a patio and mountain views. The accommodation is 15 km from San Bernardino, and guests benefit from private parking available on site and free WiFi.,,,,
California,Cypress,33.83129,-118.02634,Royal Inn,5.0,"""Set within 4.6 km of Knotts Berry Farm and 13 km of Anaheim Convention Center", Royal Inn Cypress Buena Park - Anaheim Area offers rooms with air conditioning and a private bathroom in Cypress. The property is around 25 km from Queen Mary, 27 km from South Coast Plaza and 35 km from Fashion Island. LA Union Station is 36 km away and Battleship Iowa Museum is 36 km from the hotel.,,,,
California,Detroit,42.29028,-83.32375,Mona Lisa Motel,5.0,"""Mona Lisa Motel features air-conditioned rooms in Inkster. The accommodation provides a 24-hour front desk.",,,,,,
California,Detroit,42.333524609101,-83.054362566103,The Leland,5.0,,,,400 Bagley Street DetroitMichigan 48226 ,48226,3139622300,http://www.theleland.net/
California,Detroit,42.3389,-83.06412,Viking Motel,2.0,"""Located off Interstate 75", this motel is just 5 minutes drive from Detroit city centre. All guests can enjoy free Wi-Fi throughout the property.,,,,,
California,Dinuba,36.54487,-119.37487,El Monte Motel,2.0,"""Located 22 minutes drive away from Sequoia Field Airport", this basic Dinuba, California motel offers guests a cable TV and free Wi-Fi in every room.,,,,
California,Dixon,38.4532,-121.82414,Dixon Motel,2.0,"""Located within 11 km of the University of California", Davis, this Dixon, California motel features cable TV in every guest room. Free Wi-Fi access is available.,,,
California,Dorris,41.96718,-121.91857,Golden Eagle Motel,2.0,"""With a 24-hour front desk", Golden Eagle Motel is located in Dorris, home of the tallest flagpole west of the Mississippi River. All rooms feature refrigerators and microwaves.,,,,
California,Downey,33.94391,-118.14074,Deluxe Motel,5.0,"""Located in Downey", 18 km from Knotts Berry Farm, Deluxe Motel, Los Angeles Area provides accommodation with free WiFi and free private parking. The property is around 20 km from LA Union Station, 21 km from LA Memorial Coliseum and 21 km from California Science Center. Microsoft Theater is 23 km away and Dodger Stadium is 24 km from the motel.,,
California,Downey,33.93231,-118.12613,Downey Inn Luxury Suites,2.0,"""Disneyland is less than 30 minutes drive from this hotel. All rooms feature cable TV with HBO film channels and free WiFi.",,,,,,
California,Dunnigan,38.8826,-121.9712,Motel 6 Dunnigan,2.0,"""Located off Interstate 5", this Super8 Wyndham Dunnigan is a 20-minute drive to R H Phillips Winery. This motel features an outdoor pool and every room includes a microwave and refrigerator.,,,,,
California,Dunsmuir,41.23452,-122.27294,Cedar Lodge,2.0,"""Offering a barbecue", Cedar Lodge is set in Dunsmuir. Mount Shasta is 9 km from the property. WiFi is available throughout the property.,,,,,
California,Dunsmuir,41.21544,-122.27247,Dunsmuir Inn & Suites Dunsmuir,2.0,"""This hotel is just a few blocks from historic downtown Dunsmuir.",,,,,,
California,Dunsmuir,41.19878,-122.27769,Dunsmuir Lodge,2.0,"""Dunsmuir Lodge is located in South Dunsmuir. Free WiFi access is available in this lodge.  All rooms are pet-friendly", air-conditioned, have a seating area as well as a refrigerator. There is a Tesla Destination Charger available on site.,,,,
California,Dunsmuir,41.21135,-122.27149,Mossbrae Hotel,5.0,"""Providing free WiFi", Mossbrae Hotel is located in Dunsmuir. The hotel features family rooms.,,,,,
California,Elk,39.1317589700909,-123.717972703289,Greenwood Pier Inn,4.0,,,,5928 Highway 1 ElkCA 95432 ,95432,,http://www.hotelscombined.com/Hotel/Greenwood_Pier
California,Elk,39.12722,-123.71411,Elk Cove Inn & Spa,5.0,"""Situated in Elk", 36 km from Fort Bragg, Elk Cove Inn & Spa features a barbecue and spa centre. Free private parking is available on site.,,,,
California,Elk,39.13267,-123.71904,Bella Mare,5.0,"""Bella Mare offers accommodation in Elk. Fort Bragg is 36 km from the property.",,,,,,
California,Emeryville,37.82831,-122.27367,Nights Inn Motel,5.0,"""Set in Oakland", 2.7 km from Fox Theater Oakland, Nights Inn Motel offers accommodation with free WiFi and free private parking. The property is located 2.8 km from Paramount Theater, 3.3 km from Fairyland and 3.4 km from Oakland Convention Center. Grand Lake Theater is 3.8 km from the hotel and Lake Merritt is 4 km away.,,,
California,Emeryville,37.82808,-122.27345,Bayview Motel,1.0,"""This Oakland motel offers guest rooms with satellite TV and free WiFi. Kaiser Permanente Oakland Medical Center is 1.5 km away.",,,,,,
California,Emeryville,37.84936,-122.28416,Modern 66th Street Apartment,5.0,"""Set 3.8 km from University of California", Berkeley, this apartment features free WiFi and a patio. Offering free private parking, the apartment is 5 km from Paramount Theater.,,,
California,Encinitas,33.043388739559,-117.278303056955,The Black Orchid Bed & Breakfast,4.0,,,,653 Requeza Street EncinitasCalifornia 92024 ,92024,7607530584,http://blackorchidbandb.com
California,Encinitas,33.08192,-117.29976,Kate Stanton Inn,5.0,"""Kate Stanton Inn is situated in Encinitas and features accommodation with a garden and free WiFi", 2.1 km from South Ponto Beach and 2.2 km from Leucadia State Beach.,,,,,
California,Encinitas,33.06544,-117.30291,Surfhouse Boutique Motel,5.0,"""Surfhouse is a motel located in Encinitas. This motel offers a shared lounge. Certain units at the property include a terrace with a city view.",,,,,,
California,Encinitas,33.04903,-117.29748,Moonlight Beach Home,5.0,"""Situated in Encinitas", 2.5 km from Leucadia State Beach and 2.7 km from San Diego Botanic Garden, Moonlight Beach Home features air-conditioned accommodation with a patio and free WiFi. Guests have a private balcony.,,,,
California,Encinitas,33.05773,-117.30189,Oceanfront Oasis Home,5.0,"""Featuring sea views", Oceanfront Oasis Home offers accommodation with a patio and a coffee machine, around 3.8 km from San Diego Botanic Garden. Guests staying at this holiday home have access to a balcony.,,,,
California,Encinitas,33.05357,-117.30006,258 Neptune Ave Home,5.0,"""Located in Encinitas", 2.7 km from Grandview Surf Beach and 3.6 km from San Diego Botanic Garden, 258 Neptune Ave Home offers a garden and air conditioning. This beachfront property offers access to a patio, free private parking and free WiFi.,,,
California,Encinitas,33.05918,-117.30231,Sunset Beach Home,5.0,"""Situated in Encinitas", 2.1 km from Grandview Surf Beach and 3.7 km from San Diego Botanic Garden, Sunset Beach Home offers air conditioning. This beachfront property offers access to a patio, free private parking and free WiFi.,,,
California,Escondido,33.12974,-117.08526,Hacienda Motel,2.0,"""Situated in Escondido", 11 km from San Diego Zoo Safari Park, Hacienda Motel features accommodation with free WiFi and free private parking. This 2-star motel offers a 24-hour front desk. Torrey Pines State Reserve is 41 km away and University of San Diego is 46 km from the motel.,,,,
California,Escondido,33.07189,-117.10225,Rancho Santa Fe Lakeview Villa,5.0,"""Rancho Santa Fe Lakeview Villa offers accommodation in Escondido. San Diego Zoo Safari Park is 11 km from the property.",,,,,,
California,Eureka,40.80403,-124.17001,The Inn At 2nd & C,3.0,"""Overlooking Humboldt Bay in the Historic District of Eureka", California, this boutique inn is housed in the elegant Eagle House Victorian, which was established in 1888. The Inn at 2nd & C boasts a restaurant, a bar and free WiFi throughout the property. Fortuna is 23 km away.,,
California,Eureka,41.74922,-124.17947,Curly Redwood Lodge,5.0,"""Situated in Crescent City", within 400 metres of Crescent Beach and less than 1 km of Crescent City Harbor Beach, Curly Redwood Lodge features accommodation with a garden and free WiFi throughout the property as well as free private parking for guests who drive. The motel has family rooms.,,,,
California,Eureka,40.87499,-124.08329,Fairwinds Motel,5.0,"""Located in Arcata", 1.2 km from Humboldt State University, Fairwinds Motel Arcata provides accommodation with a garden, free private parking and a terrace. The motel features family rooms.,,,
California,Eureka,40.8691,-124.08605,Hotel Arcata,3.0,"""Listed on the National Register of Historic Places", this hotel is located in the city centre of Arcata, California. A restaurant and bar are featured on site.,,,,
California,Eureka,40.78325,-124.18282,Bayview Motel,3.0,"""Located off Highway 101", this motel overlooks Humboldt Bay.  Soundproofed rooms with a flat-screen cable TV, free parking and free Wi-Fi are included for guests at Bayview Motel.,,,,
California,Eureka,40.78263,-124.18427,Discovery Inn Eureka,2.0,"""Located less than 1 mile from Bayshore Mall", this pet-friendly motel features guest rooms with free Wi-Fi access and a cable TV.  On-site guest laundry is also offered.,,,,,
California,Eureka,40.59315,-124.15426,Travel Inn Fortuna,2.0,"""This Northern California motel is located 20 miles north of the natural wonder of the Avenue of Giants", a roadway running through ancient redwood trees. The motel offers rooms with microwaves and refrigerators.,,,,,
California,Eureka,41.75278,-124.19326,Front Street Inn,2.0,"""Featuring free WiFi in all rooms", the Front Street Inn is less than 5 minutes drive to the coast, which overlooks the Crescent City Harbor and the Pacific Ocean. Redwood National Park is 10 minutes drive away.,,,,
California,Eureka,40.80359,-124.161,Eureka Town House Motel,2.0,"""The Eureka Town House Motel is located on the scenic Northern California Coast", home to the worlds tallest redwood trees and miles of stunning coastline.,,,,,
California,Eureka,40.80444,-124.15961,Carter House Inns,3.0,"""Located along Humboldt Bay in Old Town", Eureka, this property in California features Restaurant 301. It offers free Wi-Fi  while rooms include cable TV and a coffee maker.,,,,
California,Eureka,41.76351,-124.19635,Westward Inn,2.0,"""Located on Highway 101 and 1.4 miles from the Pacific Ocean", this Crescent City hotel features rooms equipped with a microwave and refrigerator.  Free Wi-Fi is available throughout the hotel.,,,,,
California,Eureka,41.74752,-124.2031,Oceanfront Lodge,5.0,"""Situated in Crescent City", literally 10ft from the beach, Oceanfront Lodge features a spa, fitness room and a private beach area. Guests can enjoy the on-site bar, full on restaurant and Free WiFi is featured throughout the property.,,
California,Eureka,40.57585,-124.26575,Redwood Suites,3.0,"""Located at the base of the Kings Mountain Range", this Ferndale hotel offers suites with free Wi-Fi and fully equipped kitchens. Guests can enjoy a free breakfast at the Victorian Inn, 1 metre away.,,,,
California,Eureka,40.7696845705801,-124.191070058861,Lamplighter Motel,5.0,,,,4033 Broadway Street EurekaCalifornia 95503 ,95503,,
California,Eureka,41.79264,-124.07143,Hiouchi Motel,5.0,"""Located in Crescent City", Hiouchi Motel provides free WiFi. There is a restaurant serving American cuisine, and free private parking is available.,,,,
California,Eureka,41.81021,-124.17951,Lakeside Hostel & Guest House,5.0,"""Situated in Crescent City", Lakeside Hostel & Guest House has a shared lounge, garden and free WiFi. The accommodation features a shared kitchen and luggage storage space for guests.,,,,
California,Eureka,41.75403,-124.19337,Pacific Inn,2.0,"""Set in Crescent City", 600 metres from Crescent City Harbor Beach, Pacific Inn offers accommodation with free WiFi and free private parking. This 2-star hotel offers a 24-hour front desk. The property is allergy-free and is situated 1.4 km from Battery Point Beach.,,,,
California,Eureka,41.75162,-124.18435,Travelodge by Wyndham Crescent City,2.0,"""Featuring 2-star accommodation", Travelodge by Wyndham Crescent City is situated in Crescent City, 1.1 km from Crescent Beach and 2.1 km from Battery Point Beach. The 2-star hotel has air-conditioned rooms with a private bathroom and free WiFi. The property is non-smoking and is located less than 1 km from Crescent City Harbor Beach.,,,,
California,Eureka,41.76103,-124.19805,North Coast Inn,2.0,"""This Crescent City hotel is situated just off Highway 101. Beach Front Park", on the Pacific Ocean, is just a mile away.,,,,
California,Eureka,41.74719,-124.20213,Crescent City Beach House,5.0,"""Situated in Crescent City", 90 metres from Battery Point Beach, Crescent City Beach House features accommodation with a garden, free WiFi and an ATM. This holiday home is 1.5 km from Crescent City Harbor Beach and 2.9 km from Crescent Beach.,,,
California,Fairfield,38.04711,-122.15938,The Inn at Benicia Bay,5.0,"""The Inn at Benicia Bay is set in Benicia", 36 km from San Francisco and 22 km from Berkeley. Free WiFi is available in all rooms.,,,,,
California,Fairfield,38.13547,-122.25577,Regency Inn,3.0,"""Located off Highway 37", this motel in Vallejo, California features an outdoor pool an offers rooms with free WiFi and a cable TV. Six Flags Discovery Kingdom Amusement Park is 1.9 miles away.,,,,
California,Fairfield,38.2695372480083,-122.034436315298,Budget Inn - Fairfield,5.0,The Budget Inn  located a few miles away from Travis Air Force Base is a unique motel that offers recently remodelled rooms with granite counter tops  flat screen TVs  microwaves  mini refrigerators and free HBO. The Budget Inn also offers Apartments that rent by the week which are fully furnishe...,,,2259 North Texas Street FairfieldCA 94533 ,94533,,
California,Fairfield,38.1604,-121.68944,Rio Sands Lodge,2.0,"""Rio Sands Lodge features free WiFi and rooms with air conditioning in Rio Vista. The property has a seasonal outdoor swimming pool", as well as a garden. The motel provides a terrace and a 24-hour front desk.,,,,,
California,Fairfield,38.24905,-122.05231,Econo Lodge Fairfield,2.0,"""Enjoy the gateway to Napa Valley with a relaxing stay at the Econo Lodge - Six Flags Napa Valley Area hotel in Fairfield", CA, offering easy access to more than a dozen of California Wine Countrys lush vineyards and wineries.,,,,
California,Fairfield,38.10576,-122.23129,Rodeway Inn,2.0,,,,4 Mariposa Street VallejoCalifornia 94590 ,94590,7075541840,http://www.relaxinnvallejo.com/
California,Fairfield,38.223236,-122.126228,Days Inn Fairfield,5.0,,,,4376 Central Place Fairfield ,94534,,
California,Fairfield,38.134763,-122.220293,Ramada by Wyndham Vallejo Six Flags Discovery Kgdm,3.0,This charming hotel can be found in Napa. There are a total of 130 accommodation units at Ramada by Wyndham Vallejo Six Flags Discovery Kgdm. Customers can take advantage of the internet access. Pets are not permitted on the premises. Travellers arriving by car may leave their vehicle at the accommodation's parking spaces.,Hotel TV Desk Room service Laundry service Air conditioning in public areas Lift access Meeting room Business centre Hot tub Breakfast,San Francisco Intl          : within 25000 metre ,Admiral Callaghan Lane 1000 VALLEJO ,94591,7076531300,
California,Fairfield,38.127192,-122.228916,Motel 6 Vallejo Six Flags East,2.0,"""The hotel is located near Solano County Fairgrounds", Six Flags - Marine World, Vallejo Ferry and Mare Island Naval Shipyard.,,,,
California,Fairfield,38.0858,-122.23323,Motel 7,2.0,"""Located 5 miles from Six Flags Discovery Kingdom. Free Wi-Fi and free parking is offered for all guests.",,,,,,
California,Fairfield,38.0837079778185,-122.233664095402,Discovery Inn,5.0,,Microwave Cable / Satellite Television Private bathrooms Hair dryer (on request) Air Conditioned Toiletries Free self parking Housekeeping Free Wireless Internet access Air Condition in rooms Bathtub/Shower Combination Pets Not Allowed Fridge Tea/Coffee Making Facilities Writing Desk Free Wireless Internet access (inroom),,197 Lincoln Road West VallejoCalifornia 94590 ,94590,,
California,Fairfield,38.04891,-122.16073,Shorelight Inn,3.0,"""Shorelight Inn is a waterfront bed and breakfast located in Benicia. Several restaurants and charming shops are available along Benicias main street just steps away. Free WiFi access is available.",,,,,,
California,Fallbrook,33.39822,-117.13185,Rainbow Inn Bed and Breakfast,3.0,"""Private", peaceful, great views, 5 minutes from i15, 15 minutes to wine country temecula Featuring an outdoor pool, this 1-bedroom guest house is located in Fallbrook. Fallbrook Golf Club is 15.3 km away.,
California,Fallbrook,33.36343,-117.21072,Sandra Ds Country Vacation Rental,4.0,"""Featuring mountain views", this Fallbrook cottage is 5 miles from Pala Mesa Golf Resort. A sun terrace and outdoor pool are offered and Temecula wine country is less than 25 minutes drive away.,,,,,
California,Fawnskin,34.26532,-116.93811,The Inn at Fawnskin,4.0,"""The Inn at Fawnskin provides rooms in Fawnskin. All rooms feature a flat-screen TV with cable channels and a private bathroom. Guests can make use of a garden.",,,,,,
California,Fawnskin,34.26827,-116.94106,Bear Log Lodge #1541,3.0,"""Situated in Fawnskin in the California region", Bear Lodge-1541 by Big Bear Vacations features a patio. The 3-star holiday home is 11 km from Big Bear Marina.,,,,,
California,Fawnskin,34.26946,-116.93499,Canyon Cabin,5.0,"""Situated in Fawnskin", 12 km from Big Bear Marina, 12 km from Alpine Slide at Magic Mountain and 11 km from Gold Mine Golf Course, Canyon Cabin features accommodation with a balcony and free WiFi. Boasting free private parking, the holiday home is in an area where guests can engage in activities such as skiing and cycling.,,
California,Fawnskin,34.2715,-116.93291,Owl Cabin,5.0,"""Located in Fawnskin", 12 km from Big Bear Marina, 12 km from Alpine Slide at Magic Mountain and 11 km from Gold Mine Golf Course, Owl Cabin provides accommodation with a patio and free WiFi. Featuring free private parking, the holiday home is in an area where guests can engage in activities such as skiing and cycling.,,
California,Fawnskin,34.26278,-116.93062,037 Vintage Lakefront Cabin Cabin,5.0,"""037 Vintage Lakefront Cabin Cabin is situated in Fawnskin. This property offers access to a patio and free private parking.",,,,,,
California,Fawnskin,34.2693,-116.93513,The Bunkhouse,5.0,"""Located in Fawnskin", 12 km from Big Bear Marina and 12 km from Alpine Slide at Magic Mountain, The Bunkhouse provides accommodation with amenities such as free WiFi and a TV. Featuring free private parking, the holiday home is in an area where guests can engage in activities such as skiing and cycling.,,,
California,Fontana,34.0706,-117.43872,Valley Motel,3.0,"""Located 10 km from Auto Club Speedway", this Fontana motel offers free Wi-Fi and rooms with cable TV. Victoria Gardens are 15 km away.,,,,,
California,,39.45515,-123.805022,The Beach House Inn,2.0,,,,100 Pudding Creek Rd Fort BraggCalifornia 95437 ,95437,7079611700,http://www.beachinn.com/
California,Fortuna,40.59315,-124.15426,Travel Inn Fortuna,2.0,"""This Northern California motel is located 20 miles north of the natural wonder of the Avenue of Giants", a roadway running through ancient redwood trees. The motel offers rooms with microwaves and refrigerators.,,,,,
California,Fortuna,40.57585,-124.26575,Redwood Suites,3.0,"""Located at the base of the Kings Mountain Range", this Ferndale hotel offers suites with free Wi-Fi and fully equipped kitchens. Guests can enjoy a free breakfast at the Victorian Inn, 1 metre away.,,,,
California,Fremont,37.57287,-121.9675,Fremont Frontier Motel,3.0,HotelDescription#This charming Hotel is located in Mission Valley. There are a total of 42 rooms at Fremont Frontier Motel. Pets are not permitted on the premises.,NO Disability-friendly bathroom NO Small pets allowed (under 5 kg) NO Large pets allowed (over 5 kg) NO Car park NO Connecting rooms NO Smoking rooms NO Garage NO Wheelchair-accessible,,Mission Blvd 38416 38416 94536 Fremont FremontCalifornia 94536 ,94536,5107930303,
California,Fremont,37.491473,-121.949898,Good Nite Inn Fremont,2.0,"""<p>HeadLine : Near Tesla Motors</p><p>Location : When you stay at Good Nite Inn Fremont in Fremont", you ll be in the business district, within a 5-minute drive of Pacific Commons and Northwestern Polytechnic University.  This motel is 3.2 mi (5.2 km) from Broadway West Theatre Company and 4.1 mi (6.6 km) from Olhone College.</p><p>Rooms : Stay in one of 120 guestrooms featuring flat-screen televisions. Complimentary wireless Internet access keeps you connected, and satellite programming is available for your entertainment. Bathrooms have shower/tub combinations and hair dryers. Conveniences include desks and blackout drapes/curtains, and housekeeping is provided once per stay.</p><p>CheckIn Instructions : <ul>  <li>Extra-person charges may apply and vary depending on property policy</li><li>Government-issued photo identification and a credit card may be required at check-in for incidental charges</li><li>Special requests are subject to availability upon check-in and may incur additional charges; special requests cannot be guaranteed</li><li>The name on the credit card used at check-in to pay for incidentals must be the primary name on the guestroom reservation</li><li>This property accepts credit cards, debit cards, and cash</li><li>This property reserves the right to pre-authorize the guest s credit card prior to arrival.</li><li>Noise-free guestrooms cannot be guaranteed</li><li>Please note that cultural norms and guest policies may differ by country and by property; the policies listed are provided by the property</li>  </ul> <ul>  <li>Please note: This hotel cannot accommodate stays longer than 28 days.
California,Fremont,37.48739,-121.94691,SpringHill Suites by Marriott San Jose Fremont,5.0,"""Set in Fremont", 21 km from San Jose Convention Center, SpringHill Suites by Marriott San Jose Fremont offers accommodation with an outdoor swimming pool, private parking, a fitness centre and a shared lounge. Boasting luggage storage space, this property also provides guests with a sun terrace. The property is non-smoking and is located 25 km from Shoreline Amphitheatre.,
California,Fresno,36.32687,-119.34115,Majestic Inn,3.0,"""Boasting an outdoor swimming pool and free WiFi", Majestic Inn is set in Visalia. Featuring a 24-hour front desk, this property also provides guests with a restaurant. Guests can enjoy pool views.,,,,
California,Fresno,36.79155,-119.79075,Knights Inn Fresno North,2.0,"""This Fresno", California motel is next to 2 shopping malls and is a 15-minute drive from Fresno International Airport. The motel features an outdoor pool, continental breakfast, and free Wi-Fi.,,,
California,Fresno,36.47322,-118.85355,The River Inn,2.0,"""Surrounded by Sequoia National Park", Kings Canyon National Park and Mineral King National Park, The River Inn is located in Three Rivers, California.,,,
California,Fresno,36.44425,-118.90295,Rio Sierra Riverhouse,2.0,"""Located along the river beachfront", this Three Rivers hotel is 15 minutes drive from Sequoia National Park. Swimming and picnicking are featured by the river. Free WiFi is provided in all rooms.,,,,,
California,Fresno,36.48008,-118.83813,Buckeye Tree Lodge,5.0,"""Located in Three Rivers", Buckeye Tree Lodge features an outdoor swimming pool, garden, terrace, and free WiFi throughout the property.,,
California,Fresno,36.54487,-119.37487,El Monte Motel,2.0,"""Located 22 minutes drive away from Sequoia Field Airport", this basic Dinuba, California motel offers guests a cable TV and free Wi-Fi in every room.,,,,
California,Fresno,36.18107,-119.3269,Budget Inn,2.0,"""Offering free Wi-Fi and a free continental breakfast to all guests", this Tulare motel features rooms with a cable TV.  Tulare golf course is just 3 minutes drive away.,,,,,
California,Fresno,36.59597,-119.45045,Hotel Burgess,5.0,"""Hotel Burgess provides free WiFi and rooms with air conditioning in Reedley. All rooms boast a flat-screen TV with satellite channels and a private bathroom. The accommodation features a 24-hour front desk and a shared lounge for guests.",,,,,,
California,Fresno,36.7926,-119.30836,Wonder Valley Ranch Resort,2.0,"""Located in the Sierra Nevada foothills", this resort is 31 miles away from Old Town Clovis. It features an outdoor pool and hot tub and rooms with free Wi-Fi.  A continental breakfast is served daily.,,,,,
California,Fresno,36.75147,-119.8273,Travel Inn and Suites,2.0,"""Located by the intersection of Highway 99 and Highway 180", this hotel offers easy access to Yosemite and Sequoia National Park. All rooms include free Wi-Fi.,,,,,
California,Fresno,36.7803,-119.8474,Parkland Hotel Fresno,3.0,,NO Disability-friendly bathroom NO Smoking rooms NO Small pets allowed (under 5 kg) NO Connecting rooms NO Large pets allowed (over 5 kg) NO Car park NO Wheelchair-accessible NO Garage,,3095 N Parkway Drive FresnoCalifornia 93722 ,93722,,
California,Fresno,36.335559845,-119.29489899,Ben Maddox House,3.0,HotelDescription#Further information about this hotel will be available shortly,NO Garage NO Disability-friendly bathroom NO Small pets allowed (under 5 kg) NO Smoking rooms NO Wheelchair-accessible NO Large pets allowed (over 5 kg) NO Connecting rooms NO Car park,,N. Encina St. 601 601 VisaliaKalifornien 93291 ,93291,,
California,Fresno,36.60434,-119.45654,Reedley Inn,2.0,"""Located 5 miles from the Reedley Airport", this California motel offers a 24-hour reception. All air-conditioned accommodations include free Wi-Fi.,,,,,
California,Fresno,36.47957,-118.83875,The Gateway Restaurant & Lodge,3.0,"""Featuring a restaurant", this lodge offers Kaweah River access to all guests. Sequoia National Park Entrance is 5 minutes walk away. Free Wi-Fi is offered in all rooms and cottages.,,,,,
California,Fresno,36.32987,-119.29868,Americas Best Value Inn Visalia,2.0,"""Located in downtown Visalia", California and 40 minutes from Sequoia National Park, this motel features an outdoor pool and continental breakfast.  Free Wi-Fi is available in all guest rooms.,,,,
California,Fresno,36.7573,-119.82833,Parkside Inn Fresno,3.0,"""Located next to Shaffee Zoo & Roding Park", Parkside Inn offers free coffee in the morning at the lobby. Free WiFi access is available.,,,,,
California,Fresno,36.98206,-120.0873,Gateway Inn,3.0,"""Yosemite National Park is 1 hour and 20 minutes drive from this Madera area motel. A free continental breakfast is provided and guest rooms feature satellite TV.",,,,,,
California,Fresno,36.75269,-119.82731,Welcome Inn,2.0,"""This Fresno motel is located less than 10 minutes walk from the Rotary Storyland and Playland. Free Wi-Fi access is available.",,,,,,
California,Fresno,36.32258,-119.67055,Sequoia Inn,3.0,"""Pet Friendly", and located 70 miles from Sequoia National Park, this Hanford hotel features an outdoor pool, hot tub and gym.  All guest rooms include free wired internet.,,,
California,Fresno,36.33105,-119.64791,Irwin Street Inn,2.0,"""Offering an on-site bar and restaurant", Irwin Street Inn is located in Hanford. Free WiFi access is available. Hanford Carnegie Museum is just 7 minutes walk away.,,,,,
California,Fresno,36.75763,-119.8323,Ambassador Inn Fresno,2.0,"""This Fresno", California hotel offers a free shuttle to the Fresno Chandler Downtown Airport. The hotel features free Wi-Fi in every room.,,,,,
California,Fresno,36.20116,-119.32975,Village Inn,1.0,"""Rooms feature satellite TV and free Wi-Fi in this motel. Laundry facilities and a 24-hour front desk are available for extra convenience. Tulare Outlets are less than 10 minutes drive away.",,,,,,
California,Fresno,36.45494,-118.88711,Sequoia Motel,2.0,"""Offering an outdoor swimming pool", Sequoia Motel is located in Three Rivers, California. Free WiFi access is available in public areas.,,,,
California,Fresno,36.7958,-119.78919,Economy Inn Fresno,2.0,"""Offering an outdoor pool", Economy Inn Fresno features free WiFi access and free guest parking. Yosemite National Park is 144 km from this motel.,,,,,
California,Fresno,36.44698,-118.70878,Silver City Mountain Resort,3.0,"""Located in the Sequoia National Park", this resort is surrounded by hiking, biking, and fishing areas. Some of the private cottages feature fully stocked kitchens. Free Wi-Fi is available in common areas.,,,
California,Fresno,36.34058,-119.80751,Kings Rest Motel,2.0,"""Just 5 miles from Lemoore city centre", this motel features free Wi-Fi in all guest rooms. Truck parking is provided. Hanford is 15 minutes drive away.,,,,,
California,Fresno,36.32813,-119.63547,Travel Haven Motel,1.0,"""Located less than 1 mile away from Hanford Carnegie Museum", this motel features a 24-hour reception.  It offers guest rooms with free Wi-Fi and free guest parking.,,,,,
California,Fresno,36.32852,-119.38866,Hilton Garden Inn Visalia  CA,5.0,"""Hilton Garden Inn Visalia", Ca is offering accommodation in Visalia.,,,,,
California,Fresno,36.58084,-119.63567,"""Hampton Inn Selma"," Ca""",5.0,"""Located within 24 km of Fresno Convention Center and 24 km of Selland Arena", Hampton Inn Selma, Ca provides rooms with air conditioning and a private bathroom in Selma. The property is set 22 km from Fresno Pacific University, 26 km from Arte Americas and 28 km from Rotary Storyland and Playland. Fresno Chaffee Zoo is 29 km from the hotel and Blackbeards Family Entertainment Center is 34 km away.,,
California,Fresno,36.46626,-118.85942,Alta Peak Vista,5.0,"""Situated in Three Rivers in the California region", Alta Peak Vista has a patio and mountain views. This property offers access to a terrace, free private parking and free WiFi.,,,,
California,Fullerton,33.861,-117.94164,Grand Inn,2.0,"""Located just 5.8 km from Disneyland and 5.7 km Knotts Berry Farm", this Fullerton hotel offers an outdoor pool. All guest rooms include free WiFi. Fullerton Train Station is 3 km away.,,,,,
California,Fullerton,33.894775875659,-117.88442730904,Oakwood At Las Palmas Apartments,3.0,HotelDescription#Further information about this hotel will be available shortly,NO Smoking rooms NO Large pets allowed (over 5 kg) NO Connecting rooms NO Car park NO Small pets allowed (under 5 kg) NO Garage NO Disability-friendly bathroom NO Wheelchair-accessible,,2598 Associated Road 92835 FullertonKalifornien ,92835,8779020832,http://www.oakwood.com/furnished-apartments/furnis
California,Fullerton,33.86132,-117.92445,Willow Tree Lodge,5.0,"""Located in Fullerton", Willow Tree Lodge offers guest accommodation with free WiFi. Guests can enjoy the outdoor swimming pool at the property. Disneyland is 20 minutes drive away.,,,,,
California,Fullerton,33.88815,-117.92575,HI Los Angeles Fullerton Hostel,2.0,"""Located 10 km from Disneyland Resort Anaheim", this air-conditioned Fullerton hostel offers free WiFi. Universal Studios in 1 hours drive away.,,,,,
California,Galt,38.27315,-121.30427,La Quinta Inn & Suites by Wyndham Galt,2.0,"""Featuring 2-star accommodation", La Quinta Inn & Suites by Wyndham Galt is situated in Galt, 37 km from University of the Pacific and 37 km from California State University Sacramento. Featuring a bar, the 2-star hotel has air-conditioned rooms with a private bathroom. The accommodation features a 24-hour front desk and an ATM for guests.,,,
California,Garberville,40.09997,-123.79518,Sherwood Forest Motel,2.0,"""Set in Garberville", Sherwood Forest Motel features free WiFi. Among the various facilities are a seasonal outdoor swimming pool, barbecue facilities, as well as a garden. The motel has a hot tub and a concierge service.,,,
California,Garberville,40.09647,-123.79472,Humboldt Redwoods Inn,2.0,"""Located 10 minutes drive to Humboldt Redwoods State Park and Avenue of The Giants", this Humboldt County, California inn offers free Wi-Fi in all rooms. Free parking is provided.,,,,
California,Garberville,40.14089,-123.81024,Dean Creek Resort,2.0,"""Offering an outdoor pool and a childrens playground", Dean Creek Resort is located in Redway. Free WiFi is available in public areas. The Avenue of the Giants is just 5 km away. River access is available on site.,,,,,
California,Garberville,40.09824,-123.79549,Lone Pine Motel,5.0,"""Set in Garberville", Lone Pine Motel offers air-conditioned rooms with free WiFi. Guests can make use of a garden.,,,,,
California,Garberville,40.1176,-123.82085,The Northern Inn,3.0,"""Featuring a bar", The Northern Inn is located in Redway. The motel provides both free WiFi and free private parking.,,,,,
California,,33.7815171687025,-117.914071083069,Legacy Inn & Suites,2.0,,,,12550 Lampson Avenue Garden GroveCalifornia 92840 ,92840,7147488990,http://www.legacyinngardengrove.com/
California,Gardena,33.89005,-118.30582,New Gardena Hotel,2.0,"""The New Gardena Hotel features personalized services in a Japenese-centric setting for travelers in Gardena. Guests can utilise the on-site business centre", meeting and conference rooms, and an outdoor pool and free WiFi is also provided. The hotel provides easy access to Los Angeles International Airport and coastal cities.,,,,
California,Gardena,33.916,-118.293,Executive Inn,2.0,,Hotel Hotel safe Lift access Smoking area Non-smoking establishment,,1030 W El Segundo Blvd LOS ÁNGELES ,90247,,
California,Gardena,33.88766,-118.30514,Hotel Pacific Garden,2.0,"""Located 16 km from Los Angeles International Airport", this Gardena, California hotel serves a free continental breakfast every morning and Japanese breakfast from Monday to Friday. Free WiFi is included in all rooms.,,,,
California,Gardena,33.88089,-118.30936,Nisei Inn,2.0,"""Located in Gardena", Nisei Inn is only a 20-minute drive from Los Angeles Memorial Coliseum and downtown Los Angeles. It features a hot tub, free Wi-Fi and spacious guest rooms.,,,,
California,Gardena,33.89899,-118.32682,Motel 6 Gardena,2.0,"""This Gardena", California hotel is 6 miles from Los Angeles International Airport and Manhattan Beach. Motel 6 Gardena offers free Wi-Fi, a 24-hour front desk and suites with separate seating areas.,,,,
California,Gardena,33.88929,-118.29117,El Dorado Motel,2.0,"""Located less than a mile off Interstate 110", this motel is a 5-minute walk from the Hustler Casino. Free Wi-Fi access and a flat-screen TV are in every guest room.,,,,,
California,Gardena,33.871269,-118.276488,Carson Plaza Hotel,2.0,"""With a stay at Motel 6 Gardena", CA - South in Gardena (Harbor), you'll be within a 15-minute drive of World Cruise Center and Aquarium of the Pacific.  This motel is 10.2 mi (16.4 km) from Redondo Beach Pier and 10.9 mi (17.6 km) from Los Angeles Forum.,,,,
California,Gardena,33.87211,-118.30894,Dynasty Inn,2.0,"""Featuring rooms with 42-inch flat-screen TVs", this Los Angeles hotel is 15 minutes drive from LAX. Disneyland Resort is 30 minutes drive away.,,,,,
California,Gardena,33.88743,-118.31192,Redondo Beach Inn,2.0,"""Located 10 miles from Los Angeles International Airport", this Redondo Beach hotel features a multi-lingual staff and offers simply furnished rooms with free Wi-Fi. Free on site parking is available.,,,,,
California,Geyserville,38.70867,-122.90779,Hope Merrill House,3.0,"""Located in Geyserville", 39 km from Calistoga, Hope-Merrill House provides a seasonal outdoor swimming pool and free WiFi.,,,,
California,Gilroy,36.98509,-121.55587,Garlic Farm Inn,1.0,"""Located less than 10 minutes drive to Gilroy Premium Outlets", this Gilroy, California hotel is 1 hours drive to San Francisco International Airport.,,,,
California,Glendale,34.14251,-118.2408,Chariot Inn,2.0,"""Chariot Inn is located in Glendale-Pasadena and offers free Wi-Fi access. A 24-hour front desk is included for guest convenience.",,,,,,
California,Glendale,34.14243,-118.25593,Vagabond Inn Glendale,2.0,"""Located just kilometers from several attractions in the Los Angeles area", this Glendale,across the street from the Americana at Brand shopping center with some of Southern Californias best dining and fashion stores,,,,
California,Glendale,34.17453,-118.29585,Glendale Apartment,5.0,,,,1060 Elm Avenue GlendaleCalifornia 91201 ,91201,,
California,Glendale,34.148274,-118.257449,Hyatt Place Glendale Los Angeles,3.0,"""Located in Glendale and within 2.7 km of Griffith Park", Hyatt Place Glendale/Los Angeles features a bar, an outdoor pool, and free WiFi throughout the property. Located around 300 m from Alex Theatre, the hotel is also 2.4 km away from Los Angeles Zoo.,,
California,Glendale,34.14246,-118.23145,Motel Sakura,2.0,"""Motel Sakura is a motel offering accommodation in Glendale. Located around 5 km from Griffith Park", the motel is also 2.2 km away from Alex Theatre. The property features a 24-hour front desk.,,,,,
California,Glendale,34.16164,-118.30116,The Victory Motel Inn,5.0,"""Victory Motel Inn offers air-conditioned accommodation in Glendale. Free private parking is available on site.",,,,,,
California,Glendale,34.14239,-118.23097,Glendale Lodge,2.0,"""Glendale Hotel offers accommodation in Glendale.",,,,,,
California,Glendale,34.14807,-118.25641,The Brand Glendale 1201,5.0,"""Featuring an outdoor swimming pool", a garden, and a shared lounge, Centrally located 2 Bedroom 2Bath +Free parking offers accommodation in Glendale with free WiFi and city views. Set 8.9 km from Griffith Observatory, the property provides a terrace and free private parking.,,
California,Glendale,34.14807,-118.25641,The Brand Glendale 1651,5.0,"""Featuring an outdoor swimming pool", a garden, and a shared lounge, Centrally located 2 Bedroom 2Bath +Free parking offers accommodation in Glendale with free WiFi and city views. Set 8.9 km from Griffith Observatory, the property provides a terrace and free private parking.,,
California,Glendora,34.12899,-117.87443,Palm Tropics Motel,2.0,"""One of the historic Route 66 properties", this motel is less than 15 minutes walk from Azusa Pacific University. A 24-hour front desk is available and guest rooms feature a microwave and small fridge.,,,,,
California,Glendora,34.12864,-117.8612,Glendora Motel,1.0,"""The Glendora Motel is nestled in the foothills of the San Gabriel Mountains on the historic Route 66 in Glendora", California. The property offers complimentary WiFi and complimentary parking to all guests. Azusa Pacific University, Raging Waters, & Irwindale Speedway are all within 10 minutes drive of the motel. Los Angeles International Airport is 35 km from the property.,,,
California,Graeagle,39.79336,-120.53153,Chalet View Lodge,4.0,"""Situated between Graegle and Portola", Chalet View Lodge offers a seasonal swimming pool and free WiFi. Featuring a 9-hole golf course, this property also provides guests with two restaurants.,,,,
California,Groveland,37.8127519153949,-120.121017434359,Big Creek Meadow Ranch,2.0,,,,10551 Smith Station Road Stanislaus National ForestGrovelandCA 95321 ,95321,,
California,Groveland,37.87655,-119.85953,Evergreen Lodge At Yosemite,3.0,"""Located in Mather", Evergreen Lodge at Yosemite offers a seasonal outdoor pool and childrens playground. There is a restaurant and bar and guests can have fun at the games room.,,,,,
California,Groveland,37.83805,-120.23234,All Seasons Groveland Inn,3.0,"""All Seasons Groveland Inn is located in Groveland", just 37 km from Yosemite National Park. Free Wi-Fi access is available in all rooms.,,,,,
California,Groveland,37.83921,-120.22952,The Groveland Hotel,3.0,"""Located in California gold country and 39 km away from Yosemite National Park", the Groveland Hotel features individually decorated rooms equipped with free WiFi.,,,,,
California,Groveland,37.83905,-120.23024,Hotel Charlotte,3.0,"""This historic old-west boutique hotel in the heart of downtown Groveland", CA is a short 30-minute drive to the entrance of Yosemite National Park. Pine Mountain Lake is less than 5 minutes away. Hotel Charlotte has an in-house restaurant and bar, Charlottes Tavern, serving lunch and dinner from 11-3 and 5-8:30. We have outdoor and balcony dining, too. Hotel Charlotte is surrounded by a variety of local eateries, shops, and coffee houses all within walking distance.
California,Groveland,37.81086,-119.94631,Yosemite Lakes RV Resort,5.0,"""Offering accommodation with air conditioning", Yosemite Lakes 37 is set in Harden Flat, 36 km from Mariposa. Sonora is 43 km from the property.,,,,
California,Groveland,37.81338,-119.87995,Rush Creek Lodge at Yosemite,5.0,"""Surrounded by a forest", Rush Creek Lodge at Yosemite features seasonal outdoor pool, and childrens playground. The accommodation features two hot tubs.Yosemites Highway 120 West entrance is 0.8 km away.,,,,
California,Groveland,37.84601,-120.20607,Point View Retreat 08 108,5.0,"""Featuring air conditioning", Point View Retreat (08/108) is located in Groveland, 5 km from Yosemite North Gateway.,,,,
California,Groveland,37.84644,-120.21695,The Cub Inn B&B,5.0,"""Located in Northern California gold country", this bed and breakfast offers rooms with a private bathroom. A large wrap-around furnished terrace is available for guest relaxation.,,,,,
California,Groveland,37.84577,-120.14645,Red Tail Ranch,5.0,"""Located just 20 minutes from the entrance to Yosemite National Park", this property is located on a private 50-acre ranch, featuring a 3 bedroom home and two additional separate guest cottages. The meadow provides space to explore and see wildlife and awe-inspiring old oak trees.,,,,
California,Groveland,37.8375,-120.23363,Yosemite International Hostel,5.0,"""Located in the nearest village to Yosemite National Park", just 66 km drive away from the Yosemite entrance, the Yosemite International Hostel offers beds in dormitories and private rooms with free WiFi. Groveland shops are within 5 minutes walk away.,,,,
California,Groveland,37.81398,-120.27254,Priest Station Cafe & Cabins,2.0,"""Priest Station Cafe & Cabins offers accommodation in Groveland. Guests can enjoy the on-site restaurant.",,,,,,
California,Groveland,37.81086,-119.94631,Yosemite Lakes Hillside Yurt 1,5.0,"""Offering accommodation with air conditioning", Yosemite Lakes 1 is set in Harden Flat, 36 km from Mariposa. Sonora is 43 km away.,,,,
California,Groveland,37.81086,-119.94631,Yosemite Lakes Meadow Yurt 15,5.0,"""Featuring air conditioning", Yosemite Lakes 15 is situated in Harden Flat, 36 km from Mariposa. Sonora is 43 km from the property.,,,,
California,Groveland,37.81086,-119.94631,Yosemite Lakes Wheelchair Accessible Meadow Yurt 16,5.0,"""Featuring air conditioning", Yosemite Lakes 16 offers accommodation in Harden Flat. Mariposa is 36 km away.,,,,,
California,Groveland,37.81086,-119.94631,Yosemite Lakes Bunkhouse Cabin 27,5.0,"""Yosemite Lakes 27 is situated in Harden Flat", 36 km from Mariposa. Sonora is 43 km away.,,,,,
California,Groveland,37.81086,-119.94631,Yosemite Lakes Bunkhouse Cabin 28,5.0,"""Yosemite Lakes 28 is set in Harden Flat", 36 km from Mariposa. Sonora is 43 km from the property.,,,,,
California,Groveland,37.81086,-119.94631,Yosemite Lakes Bunkhouse Cabin 29,5.0,"""Yosemite Lakes 29 offers accommodation in Harden Flat. Mariposa is 36 km from the property.",,,,,,
California,Groveland,37.81086,-119.94631,Yosemite Lakes Bunkhouse Cabin 34,5.0,"""Yosemite Lakes 34 is located in Harden Flat", 36 km from Mariposa. Sonora is 43 km away.,,,,,
California,Groveland,37.81086,-119.94631,Yosemite Lakes Bunkhouse Cabin 35,5.0,"""Yosemite Lakes 35 is located in Harden Flat", 36 km from Mariposa. Sonora is 43 km away.,,,,,
California,Groveland,37.81086,-119.94631,Yosemite Lakes Bunkhouse Cabin 36,5.0,"""Yosemite Lakes 36 offers accommodation in Harden Flat. Mariposa is 36 km away.",,,,,,
California,Groveland,37.81086,-119.94631,Yosemite Lakes Cabin 39,5.0,"""Featuring air conditioning", Yosemite Lakes 39 offers accommodation in Harden Flat. Mariposa is 36 km from the property.,,,,,
California,Groveland,37.81086,-119.94631,Yosemite Lakes Cabin 40,5.0,"""Yosemite Lakes 40 is located in Harden Flat", 36 km from Mariposa. Sonora is 43 km from the property.,,,,,
California,Groveland,37.81086,-119.94631,Yosemite Lakes Cottage 50,5.0,"""Featuring air conditioning", Yosemite Lakes 50 is located in Harden Flat, 36 km from Mariposa. Sonora is 43 km from the property.,,,,
California,Groveland,37.81086,-119.94631,Yosemite Lakes Cottage 51,5.0,"""Yosemite Lakes 51 offers accommodation in Harden Flat. Mariposa is 36 km away.",,,,,,
California,Groveland,37.81086,-119.94631,Yosemite Lakes Cottage 52,5.0,"""Yosemite Lakes 52 is situated in Harden Flat", 36 km from Mariposa. Sonora is 43 km away.,,,,,
California,Groveland,37.81086,-119.94631,Yosemite Lakes Wheelchair Accessible Cottage 53,5.0,"""Offering accommodation with air conditioning", Yosemite Lakes 46 is set in Harden Flat, 36 km from Mariposa. Sonora is 43 km from the property.,,,,
California,Groveland,37.81086,-119.94631,Yosemite Lakes Hillside Yurt 5,5.0,"""Yosemite Lakes 5 is located in Harden Flat", 36 km from Mariposa. Sonora is 43 km away.,,,,,
California,Groveland,37.81086,-119.94631,Yosemite Lakes Hillside Yurt 14,5.0,"""Featuring air conditioning", Yosemite Lakes 14 offers accommodation in Harden Flat. Mariposa is 36 km from the property.,,,,,
California,Groveland,37.81086,-119.94631,Yosemite Lakes Cottage 47,5.0,"""Yosemite Lakes 47 is located in Harden Flat", 36 km from Mariposa. Sonora is 43 km away.,,,,,
California,Groveland,37.84133,-120.21148,Great Escape Cabin,5.0,"""Set in Groveland", Great Escape Cabin (08/253) is 5 km from Yosemite North Gateway.,,,,,
California,Groveland,37.85167,-120.18054,Mule Deer Cabin,5.0,"""Set in Groveland", Mule Deer Cabin (4-538) is 3.5 km from Yosemite North Gateway.,,,,,
California,Groveland,37.86113,-120.21905,Lovely Mountain Lake Chalet By Yosemite: Equipped,5.0,"""Boasting a seasonal outdoor swimming pool", a garden, and a terrace, Lovely Mountain Lake Chalet by Yosemite: Equipped! features accommodation in Groveland with free WiFi and mountain views. Private parking is available on site.,,,
California,Groveland,37.85623,-120.18943,Dutch Flat,5.0,"""Offering accommodation with air conditioning", Dutch Flat (03/123) is located in Groveland, 4.3 km from Yosemite North Gateway.,,,,
California,Groveland,37.8177,-120.05835,Buck Meadows Lodge,5.0,"""Located in Groveland in the California region", Buck Meadows Lodge provides accommodation with free private parking.,,,,,
California,Groveland,37.86219,-120.22567,Yosemite Is Calling,5.0,"""Featuring a terrace", a restaurant, and barbecue facilities, Yosemite is Calling features accommodation in Groveland with free WiFi and mountain views. Boasting free private parking, the holiday home is in an area where guests can engage in activities such as hiking, skiing and fishing.,
California,Groveland,37.85513,-120.18019,Yosemite Falls Calling,5.0,"""Featuring mountain views", Yosemite Falls Calling provides accommodation with a restaurant and a balcony, around 35 km from Yosemite Big Oak Flat Entrance. Free WiFi is provided throughout the property and private parking is available on site.,,,,
California,Groveland,37.81429,-120.0652,Blackberry Inn At Yosemite,5.0,"""Situated in Buck Meadows", Blackberry Inn at Yosemite has a garden, terrace and free WiFi. The tour desk is available to assist guests in planning their days out.,,,,
California,Gualala,38.7723,-123.53401,Gualala Country Inn,3.0,"""Set in Gualala", 400 metres from Gualala Regional Park Beach, Gualala Country Inn offers accommodation with a garden and free private parking. This 3-star hotel offers free WiFi.,,,,
California,Gualala,38.76637,-123.52912,Breakers Inn,3.0,"""Situated in Gualala", a few steps from Gualala Regional Park Beach, Hotel Breakers features accommodation with a garden, free private parking, a terrace and a restaurant. This 3-star inn features free WiFi and a bar. The rooms are equipped with a patio with views of the river.,,
California,Gualala,38.80384,-123.57624,Fish Rock Retreat Home,5.0,"""Fish Rock Retreat Home offers accommodation in Anchor Bay", 2.4 km from Cooks Beach. Guests staying at this holiday home have access to free WiFi and a fully equipped kitchen.,,,,,
California,Gualala,38.80421,-123.57694,Vista Del Mar Home,5.0,"""Vista Del Mar Home is located in Anchor Bay. Complimentary WiFi is available throughout the property.",,,,,,
California,Gualala,38.8087,-123.58055,The Redwood House,5.0,"""The Redwood House is situated in Fish Rock", 7 km from Gualala.,,,,,
California,Gualala,38.78802,-123.55901,Seascape Gualala,5.0,"""Seascape Gualala is located in Gualala", 100 metres from Cooks Beach, in an area where cycling can be enjoyed. It has sea views and free WiFi throughout the property.,,,,
California,Guerneville,38.50345,-123.00102,The Woods Resort A Gay Friendly Resort,3.0,"""Just 2 minutes walk from Armstrong Woods Park", this gay friendly resort features an outdoor pool. Free Wi-Fi is available in all guest rooms.,,,,,
California,Guerneville,38.49864,-122.99523,Creekside Inn & Resort,3.0,"""Creekside Inn & Resort provides a spa centre and free private parking", and is within 27 km of Wells Fargo Center for the Arts and 41 km of Safari West.,,,,,
California,Guerneville,38.50616,-122.9607,Sonoma Orchid Inn,4.0,"""Offering a hot tub", this Sonoma Valley inn is within 15 minutes drive of over 250 wineries. Free WiFi is provided in each elegant room. Russian River canoeing and fishing is 5 minutes drive away.,,,,,
California,Guerneville,38.50321,-123.00211,West Sonoma Inn & spa,3.0,"""Situated in Guerneville", 27 km from Wells Fargo Center for the Arts, West Sonoma Inn & Spa features accommodation with a seasonal outdoor swimming pool, free private parking, a garden and barbecue facilities. This 3-star hotel offers free WiFi. Some rooms at the property have a balcony with a garden view.,,
California,Guerneville,38.50202,-123.00418,Fern Grove Cottages,2.0,"""Situated in Guerneville", Fern Grove Cottages offers accommodation with a patio or a balcony, free WiFi and flat-screen TV, as well as free bikes and a seasonal outdoor swimming pool.,,,
California,Guerneville,38.49792,-123.01276,Bonne Chere by RedAwning,5.0,"""Set in Guerneville", 2.6 km from Pee Wee Golf and Arcade and 7 km from Korbel Champagne Cellars, Bonne Chere offers free WiFi and air conditioning.,,,,
California,Guerneville,38.50781,-122.98756,Riverview,5.0,"""Set in Guerneville", 1.5 km from Pee Wee Golf and Arcade and 4 km from Korbel Champagne Cellars, Riverview provides accommodation with amenities such as free WiFi and a TV. The holiday home is 6 km from Porter Bass Winery.,,,,
California,Guerneville,38.49645,-123.01207,Big Bertha's,5.0,"""Big Berthas in Guerneville provides accommodation with free WiFi", 2.6 km from Pee Wee Golf and Arcade, 7 km from Korbel Champagne Cellars and 8 km from Porter Bass Winery.,,,,
California,Guerneville,38.49319,-123.0113,Irish Mist,5.0,"""Situated in Guerneville", 2.5 km from Pee Wee Golf and Arcade and 7 km from Korbel Champagne Cellars, Irish Mist provides accommodation with amenities such as free WiFi and a TV. The holiday home is 7 km from Porter Bass Winery.,,,,
California,Guerneville,38.51292,-122.98399,Enchanted Forest Estate,5.0,"""Enchanted Forest Estate in Guerneville offers accommodation with free WiFi", 2.1 km from Pee Wee Golf and Arcade, 3 km from Korbel Champagne Cellars and 7 km from Porter Bass Winery.,,,,
California,Guerneville,38.50572,-122.99396,Hank's Hideaway,5.0,"""Boasting a hot tub", Hanks Hideaway is located in Guerneville. It is set 26 km from Wells Fargo Center for the Arts and offers free WiFi plus an ATM.,,,,,
California,Guerneville,38.49821,-122.99469,Racer Five,5.0,"""Racer Five in Guerneville features accommodation with free WiFi", 200 metres from Pee Wee Golf and Arcade, 5 km from Porter Bass Winery and 5 km from Korbel Champagne Cellars.,,,,
California,Guerneville,38.49733,-123.00457,The Boat House,5.0,"""The Boat House in Guerneville features accommodation with free WiFi", 1.2 km from Pee Wee Golf and Arcade, 6 km from Porter Bass Winery and 6 km from Korbel Champagne Cellars.,,,,
California,Guerneville,38.49342,-123.02497,Fern Woods,5.0,"""Fern Woods in Guerneville features accommodation with free WiFi", 4.2 km from Pee Wee Golf and Arcade, 8 km from Korbel Champagne Cellars and 9 km from Porter Bass Winery.,,,,
California,Guerneville,38.4767,-122.99944,Fairway Woods,5.0,"""Fairway Woods is set in Monte Rio. The accommodation is 34 km from Healdsburg.",,,,,,
California,Guerneville,38.49898,-123.01973,Falling Leaf,5.0,"""Falling Leaf in Guerneville provides accommodation with free WiFi", 3.3 km from Pee Wee Golf and Arcade, 7 km from Korbel Champagne Cellars and 8 km from Porter Bass Winery.,,,,
California,Guerneville,38.51499,-122.97544,Redwood Lane Retreat,5.0,"""Located in Guerneville", 2.5 km from Pee Wee Golf and Arcade and 8 km from Porter Bass Winery, Redwood Lane Retreat offers free WiFi and air conditioning.,,,,
California,Guerneville,38.51292,-122.98399,Contente,5.0,"""Set in Guerneville", 2.1 km from Pee Wee Golf and Arcade and 3 km from Korbel Champagne Cellars, Contente provides accommodation with amenities such as free WiFi and a TV.,,,,
California,Guerneville,38.49322,-123.01209,River Dream,5.0,"""River Dream is located in Guerneville", 2.6 km from Pee Wee Golf and Arcade, 7 km from Korbel Champagne Cellars, as well as 8 km from Porter Bass Winery.,,,
California,Guerneville,38.50297,-122.99918,Bed And Biscuit,5.0,"""Featuring air-conditioned accommodation with a private pool", Bed and Biscuit is situated in Guerneville. The Pee Wee Golf and Arcade and the Korbel Champagne Cellars are within less than 1 km and 5 km of the holiday home, and free WiFi is provided.,,,,
California,Guerneville,38.48758,-123.01758,Grand Prix,5.0,"""Located in Guerneville", 3.9 km from Pee Wee Golf and Arcade and 8 km from Korbel Champagne Cellars, Grand Prix provides accommodation with amenities such as free WiFi and a TV.,,,,
California,Guerneville,38.51589,-122.97493,Rise And Shine,5.0,"""Located in Guerneville", Rise and Shine provides accommodation with a private pool and free WiFi. The holiday home is 8 km from Korbel Champagne Cellars.,,,,,
California,Guerneville,38.49162,-123.01212,Casa Luna,5.0,"""Casa Luna in Guerneville features accommodation with free WiFi", 2.2 km from Pee Wee Golf and Arcade, 7 km from Porter Bass Winery and 7 km from Korbel Champagne Cellars.,,,,
California,Guerneville,38.50591,-122.98967,Roskamp,5.0,"""Set in Guerneville", 1.5 km from Pee Wee Golf and Arcade and 4 km from Korbel Champagne Cellars, Roskamp offers free WiFi and air conditioning.,,,,
California,Guerneville,38.50572,-122.99558,Fairy Circle Cottage,5.0,"""Fairy Circle Cottage in Guerneville offers accommodation with free WiFi", 1.2 km from Pee Wee Golf and Arcade, 5 km from Korbel Champagne Cellars and 6 km from Porter Bass Winery.,,,,
California,Guerneville,38.48455,-123.01026,Casa Rosa,5.0,"""Casa Rosa in Guerneville features accommodation with free WiFi", 3.1 km from Pee Wee Golf and Arcade, 8 km from Porter Bass Winery and 8 km from Korbel Champagne Cellars.,,,,
California,Guerneville,38.50625,-122.99432,Villa Tranquila,5.0,"""Located in Guerneville", 1.4 km from Pee Wee Golf and Arcade and 4.4 km from Korbel Champagne Cellars, Villa Tranquila offers free WiFi and air conditioning.,,,,
California,Guerneville,38.49685,-123.00269,Above And Beyond,5.0,"""Above And Beyond in Guerneville offers accommodation with free WiFi", 1.1 km from Pee Wee Golf and Arcade, 6 km from Porter Bass Winery and 6 km from Korbel Champagne Cellars.,,,,
California,,,,Park Vue Inn,3.0,,,,1570 South Harbor Boulevard AnaheimCalifornia 92802 ,92802,7147723691,http://www.parkvueinn.com
California,Hanford,36.32258,-119.67055,Sequoia Inn,3.0,"""Pet Friendly", and located 70 miles from Sequoia National Park, this Hanford hotel features an outdoor pool, hot tub and gym.  All guest rooms include free wired internet.,,,
California,Hanford,36.33105,-119.64791,Irwin Street Inn,2.0,"""Offering an on-site bar and restaurant", Irwin Street Inn is located in Hanford. Free WiFi access is available. Hanford Carnegie Museum is just 7 minutes walk away.,,,,,
California,Hanford,36.32813,-119.63547,Travel Haven Motel,1.0,"""Located less than 1 mile away from Hanford Carnegie Museum", this motel features a 24-hour reception.  It offers guest rooms with free Wi-Fi and free guest parking.,,,,,
California,Hawthorne,33.91629,-118.36529,El Segundo Inn,2.0,"""Featuring 2-star accommodation", El Segundo Inn is set in Hawthorne, 17 km from Petersen Automotive Museum and 17 km from Venice Beach Boardwalk. The 2-star motel has air-conditioned rooms with a private bathroom and free WiFi. Los Angeles County Museum Of Art / LACMA is 18 km away and LA Memorial Coliseum is 19 km from the motel.,,,,
California,Hayward,37.68262,-122.09645,Deluxe Inn,5.0,"""Located in Hayward", 5 km from California State University East Bay, Deluxe Inn provides rooms with air conditioning. Among the facilities at this property are a 24-hour front desk and room service, along with free WiFi throughout the property. Private parking can be arranged at an extra charge.,,,
California,Healdsburg,38.60512,-122.88734,Madrona Manor,5.0,"""The Madrona has free bikes", outdoor swimming pool, a fitness centre and garden in Healdsburg. 19 km from Wells Fargo Center for the Arts and 33 km from Safari West, the property provides a terrace and a bar. The accommodation offers a 24-hour front desk, airport transfers, room service and free WiFi throughout the property.,
California,Healdsburg,38.61564,-122.86966,The Grape Leaf Inn,4.0,"""Located in a Victorian building in two blocks north of Healdsburgs town center", this boutique B&B serves a daily breakfast and offers free Wi-Fi in each guest room. Healdsburgs restaurants and tasting rooms are 5 minutes walk away.,,,,,
California,Healdsburg,38.61606,-122.87449,Calderwood Inn,4.0,"""Featuring a glass of wine at check-in", this Healdsburg, California inn is 10 minutes walk to Healdsburg Plaza. Free WiFi and fresh flowers are featured in each room.,,,,
California,Healdsburg,38.64844,-122.95049,Dry Creek Villa,5.0,"""Located 13 km from Healdsburg Plaza in Healdsburg", Dry Creek Villa offers accommodation with a kitchen. This holiday home offers barbecue facilities as well as free WiFi.,,,,,
California,Healdsburg,38.60661,-122.86141,The River Belle Inn,5.0,"""Situated in Healdsburg", 17 km from Wells Fargo Center for the Arts and 31 km from Safari West, The River Belle Inn features accommodation with free WiFi, air conditioning, a terrace and a bar.,,
California,Healdsburg,38.60872,-122.86935,Rockhouse Suites,5.0,"""Located in Healdsburg", 18 km from Wells Fargo Center for the Arts and 32 km from Safari West, Rockhouse Suites provides accommodation with free WiFi, air conditioning and access to a garden with a terrace.,,,
California,Healdsburg,38.49759,-122.87753,The Raford Inn,5.0,"""Located in Healdsburg", Wine Country, The Raford Inn features panoramic vineyard views and full service accommodations. This historic property also offers gardens, terraces, and a working estate vineyard. Free WiFi and business services are available.,,
California,Healdsburg,38.62515,-122.87644,The Lodge at Healdsburg  tapestry Collection by Hilton,3.0,"""Situated in Healdsburg", 20 km from Wells Fargo Center for the Arts, The Lodge at Healdsburg, Tapestry Collection by Hilton features accommodation with an outdoor swimming pool, private parking, a fitness centre and a restaurant. This 3-star hotel offers a spa experience, with its sauna and hot tub. Guests can make use of a bar.
California,Healdsburg,38.52148,-122.8843,Art And Wine Estate Home,5.0,"""Set in Healdsburg in the California region", Art and Wine Estate Home has a patio. The air-conditioned accommodation is 14 km from Healdsburg Plaza, and guests benefit from complimentary WiFi and private parking available on site.,,,,
California,Healdsburg,38.60958,-122.87888,Upscale Modern Vineyard Home,5.0,"""Situated in Healdsburg in the California region", Upscale Modern Vineyard Home has a patio. The air-conditioned accommodation is 1.5 km from Healdsburg Plaza, and guests benefit from complimentary WiFi and private parking available on site.,,,,
California,Healdsburg,38.59212,-122.85989,788 Magnolia Dr Entire Property Home,5.0,"""Featuring air-conditioned accommodation with a private pool", 788 Magnolia Dr Entire Property Home is located in Healdsburg. Guests staying at this holiday home have access to a patio.,,,,,
California,Hemet,33.78682,-116.96268,San Jacinto Inn,2.0,"""Featuring a seasonal outdoor swimming pool", this San Jacinto motel is 5 miles away from Ramona Bowl Amphitheatre.  All rooms are equipped with free Wi-Fi.  A guest launderette is located on-site.,,,,,
California,Hemet,33.74485,-117.01335,Motel 6 Hemet,2.0,"""This Hemet", California motel features an outdoor hot tub and rooms with free WiFi. The Motel 6 Hemet is a 6-minute drive from Seven Hills Golf Club.,,,,,
California,Hemet,33.7477,-116.98468,Royal Inn And Suites,2.0,"""Royal Inn & Suites is 3.5 miles from Soboba Casino and within 1 mile from Hemet Museum. Free parking is possible and guest rooms include free Wi-Fi and cable TV.",,,,,,
California,Hemet,33.74762,-117.00021,Diamond Inn,2.0,"""Diamond Inn is situated in Hemet", 44 km from Palm Springs. Free WiFi is available throughout the property.,,,,,
California,Hemet,33.56885,-116.9366,Mansion on the Hill,5.0,"""Mansion on the Hill let 4 Rooms", 5th cost extra is set in Sage and offers a shared lounge and barbecue facilities. The air-conditioned accommodation is 38 km from Lake Elsinore, and guests benefit from complimentary WiFi and private parking available on site.,,,,
California,Hesperia,34.46914,-117.34261,Surestay Plus Hotel By Best Western Hesperia,3.0,"""Situated 40 km from Glen Helen Amphitheater", SureStay Plus Hotel by Best Western Hesperia offers 3-star accommodation in Hesperia and has a spa and wellness centre. With an outdoor swimming pool, the 3-star hotel has air-conditioned rooms with free WiFi. Glen Helen Raceway is 47 km away and California State University San Bernardino is 48 km from the hotel.,,,,
California,Hesperia,34.42765,-117.35061,Hesperia Inn,5.0,"""Set in Hesperia", 37 km from Glen Helen Amphitheater, High Desert Inn offers accommodation with free WiFi and free private parking.,,,,
California,Hollister,36.87468,-121.40001,Wiebe Motel,1.0,"""Offering an outdoor pool", this Hollister motel provides free WiFi and free parking. San José International Airport is 50 minutes drive away.,,,,,
California,Hollister,36.81411,-121.36325,Ridgemark Golf Club And Resort,2.0,"""Located in Hollister", 42 km from Marina, Ridgemark Golf Club and Resort features a restaurant, bar and free WiFi throughout the property. Guests can enjoy the on-site restaurant. Free private parking is available on site.,,,
California,Hollister,36.98827,-121.38255,Casa De Fruta RV Orchard Resort,5.0,"""Boasting a seasonal outdoor pool", restaurant and wine tasting room, The Inn at Casa de Fruta is located in Hollister. All guest rooms offer free Wi-Fi. Pacheco State Park is 22.8 km away.,,,,
California,Idyllwild,33.74449,-116.71283,Idyllwild Inn,5.0,"""Idyllwild Inn is located in Idyllwild. This pet-friendly inn also has free WiFi.",,,,,,
California,Idyllwild,33.74443,-116.71011,Silver Pines Lodge,2.0,"""Overlooking Strawberry Creek", this historic 1920s lodge is 10 minutes walk from Village of Idyllwild. Guests can feed koi in the on-site pond. Hiking at Humber Park is 3 miles away. All rustic rooms include free Wi-Fi.,,,,,
California,Idyllwild,33.73583,-116.72365,Bluebird Cottage Inn,3.0,"""Offering free WiFi", Bluebird Cottage Inn is set in Idyllwild. This 3-star inn has air-conditioned rooms with a private bathroom. San Jacinto Mountain is 19 km from the inn.,,,,,
California,Idyllwild,33.74613,-116.71029,Hobbit House,5.0,"""Hobbit House offers accommodation in Idyllwild. San Jacinto Mountain is 8 km from the property.",,,,,,
California,Idyllwild,33.76585,-116.68994,Tahquitz Rock Lodge,5.0,"""Located in Idyllwild", Tahquitz Rock Lodge is 5 km from San Jacinto Mountain.,,,,,
California,Idyllwild,33.74426,-116.70531,Big Oak Retreat,5.0,"""Located in Idyllwild", Big Oak Retreat is 8 km from San Jacinto Mountain.,,,,,
California,Idyllwild,33.74217,-116.71489,Twin Tree Cottage,5.0,"""Twin Tree Cottage is a holiday home located in Idyllwild", 8 km from San Jacinto Mountain.,,,,,
California,Idyllwild,33.73163,-116.73682,Eagles Nest,5.0,"""Eagles Nest is situated in Idyllwild", 10 km from San Jacinto Mountain.,,,,,
California,Idyllwild,33.75491,-116.70296,Casa Tahquitz,5.0,"""Casa Tahquitz offers accommodation in Idyllwild. San Jacinto Mountain is 7 km away.",,,,,,
California,Idyllwild,33.76676,-116.73322,Idyllwild Camping Resort Cabin,5.0,"""Located in Idyllwild in the California region", Idyllwild Camping Resort Cabin provides accommodation with free WiFi.,,,,,
California,Idyllwild,33.76676,-116.73322,Idyllwild Camping Resort Cabin,5.0,"""Located in Idyllwild", Idyllwild Camping Resort Cabin offers accommodation with a patio and free WiFi.,,,,,
California,Idyllwild,33.76676,-116.73322,Idyllwild Camping Resort Cabin,5.0,"""Situated in Idyllwild in the California region", Idyllwild Camping Resort Cabin features accommodation with free WiFi.,,,,,
California,Idyllwild,33.76676,-116.73322,Idyllwild Camping Resort Cabin,5.0,"""Set 13 km from San Jacinto Mountain", Idyllwild Camping Resort Cabin offers air-conditioned accommodation with a patio and free WiFi.,,,,,
California,Idyllwild,33.76676,-116.73322,Idyllwild Camping Resort Cottage,5.0,"""Located in Idyllwild in the California region", Idyllwild Camping Resort Cottage provides accommodation with free WiFi.,,,,,
California,Idyllwild,33.76676,-116.73322,Idyllwild Camping Resort Cottage,5.0,"""Set 13 km from San Jacinto Mountain", Idyllwild Camping Resort Cottage offers air-conditioned accommodation with a patio and free WiFi.,,,,,
California,Idyllwild,33.76676,-116.73322,Idyllwild Camping Resort Cottage,5.0,"""Situated 13 km from San Jacinto Mountain", Idyllwild Camping Resort Cottage offers air-conditioned accommodation with a patio and free WiFi.,,,,,
California,Idyllwild,33.76676,-116.73322,Idyllwild Camping Resort Wheelchair Accessible Cottage,5.0,"""Set in Idyllwild in the California region", Idyllwild Camping Resort Wheelchair Accessible Cottage offers accommodation with free WiFi.,,,,,
California,Idyllwild,33.75464,-116.70824,Falling Leaf View,5.0,"""Located 18 km from Palm Springs", Falling Leaf View offers accommodation in Idyllwild. The unit is 38 km from La Quinta.,,,,,
California,Idyllwild,33.7633,-116.734,Highgrove Retreat,5.0,"""Highgrove Retreat offers accommodation in Idyllwild", 70 km from Temecula. The property boasts views of the mountains.,,,,,
California,Idyllwild,33.76267,-116.69349,Lily Rock by New Spirit,5.0,"""Lily Rock is a villa with a terrace", set in Hebbronville. This villa is 93 km away from Temecula. Guests benefit from balcony.,,,,,
California,Idyllwild,33.75214,-116.71651,The View,5.0,"""Located in Idyllwild in the California Region", this villa is 75 km from Palm Springs. The property features views of the mountains.,,,,,
California,Idyllwild,33.74238,-116.71748,Treehouse Lodge,5.0,"""Featuring a terrace", Treehouse Lodge is a villa, set in Idyllwild. The unit is 76 km from Palm Springs.,,,,
California,Idyllwild,33.73564,-116.72555,Bear's Den,5.0,"""Situated in Idyllwild", Bears Den is 9 km from San Jacinto Mountain.,,,,,
California,Idyllwild,33.7642,-116.73327,Hilltop Haven,5.0,"""Situated in Idyllwild in the California region", Hilltop Haven has a balcony.,,,,,
California,Idyllwild,33.75346,-116.70387,Fern Valley Cottage,5.0,"""Fern Valley Retreat is a villa set in Idyllwild in the California Region and is 18 km from Palm Springs. The unit is 38 km from La Quinta.",,,,,,
California,Idyllwild,33.74832,-116.70771,Phoenix House,5.0,"""Located in Idyllwild", Phoenix House is 7 km from San Jacinto Mountain.,,,,,
California,Idyllwild,33.74973,-116.72751,Architect's Dream,5.0,"""Located in Idyllwild", within 16 km of San Jacinto Mountain, Architects Dream is an accommodation offering mountain views. This holiday home provides free private parking, an ATM and free WiFi.,,,
California,Idyllwild,33.7549,-116.70784,The Pinnacle,5.0,"""The Pinnacle is located in Idyllwild. The air-conditioned accommodation is 19 km from San Jacinto Mountain", and guests benefit from complimentary WiFi and private parking available on site.,,,,,
California,Idyllwild,33.75841,-116.69804,Secret Garden Cottage,5.0,"""Secret Garden Cottage is situated in Idyllwild. The air-conditioned accommodation is 20 km from San Jacinto Mountain", and guests benefit from private parking available on site and free WiFi.,,,,,
California,Idyllwild,33.73564,-116.72555,Bear's Den,5.0,"""Situated in Idyllwild", Bears Den is 9 km from San Jacinto Mountain.,,,,,
California,Idyllwild,33.75252,-116.69802,Tahquitz Chalet,5.0,"""Tahquitz Chalet is a holiday home in Idyllwild", 7 km from San Jacinto Mountain. The property features mountain views.,,,,,
California,Idyllwild,33.73157,-116.72776,Cozy Cottage,5.0,"""Cozy Cottage offers accommodation in Idyllwild. This unit is 64 km from Santa Rosa and San Jacinto Mountains National Monument.",,,,,,
California,Idyllwild,33.73427,-116.71952,The Dome,5.0,"""The Dome is situated in Idyllwild", 9 km from San Jacinto Mountain.,,,,,
California,Idyllwild,33.74556,-116.71611,Strawberry Creek Inn,2.0,"""Boasting a garden", Strawberry Creek Inn is located in Idyllwild. Among the various facilities are a terrace and a shared lounge. Certain units at the property include a patio with a river view.,,,,,
California,Idyllwild,33.74597,-116.70623,The Crow's Nest,5.0,"""Located in Idyllwild", The Crows Nest is 8 km from San Jacinto Mountain.,,,,,
California,Idyllwild,33.74651,-116.70275,The Dome Ii,5.0,"""Set in Idyllwild in the California Region", this villa is 77 km from Palm Springs.,,,,,
California,Independence,36.80387,-118.2005,Independence Courthouse Motel,2.0,"""Located along scenic Highway 395", Independence Courthouse Motel is just 5 minutes walk from Inyo County Eastern California Museum. Guests can take advantage of free WiFi and BBQ facilities.,,,,,
California,Independence,36.79817,-118.19759,Mt Williamson Motel And Base Camp,5.0,"""Mt Williamson Motel and Basecamp is located in Independence. The motel also provides free WiFi and free private parking.",,,,,,
California,Indio,33.71444,-116.20601,City Center Motel,3.0,"""Located 45 miles from the Joshua Tree National Monument", this Indio motel features a year-round outdoor pool and on-site laundry facilities. Free Wi-Fi is provided in all guest rooms.,,,,,
California,Indio,33.72523,-116.22573,Deluxe Inn Motel,3.0,"""Set in Indio", 7 km from Empire Polo Club, Deluxe Inn Motel offers accommodation with free WiFi and free private parking.,,,,
California,Indio,33.72741,-116.23175,Indio Holiday Motel,2.0,"""Offering outdoor pool", Indio Holiday Motel is located 5 minutes drive from Interstate 10. Free Wi-Fi access is offered in all guest rooms. Free guest parking for all vehicles including trucks is available.,,,,,
California,Indio,33.72736,-116.22949,Tropics Motor Hotel,2.0,"""Offering an outdoor swimming pool", this historic Indio motel features guest rooms with free Wi-Fi. Indio town centre is 1.8 km away.,,,,,
California,Indio,33.70738,-116.25297,Western Sands Motel,3.0,"""A year-round outdoor pool and hot tub are available at this Palm Springs area motel. Rooms feature free Wi-Fi. The Coachella Museum is 2.5 miles away.",,,,,,
California,Indio,33.75466,-116.26924,Shadow Hills RV Resort,5.0,"""Situated in Indio", 12 km from Empire Polo Club, Shadow Hills RV Resort provides accommodation with free WiFi and access to a hot tub and a sauna.,,,,
California,Indio,33.70393,-116.26845,Indian Wells RV Resort,2.0,"""Located in Indio", 7 km from Empire Polo Club, Indian Wells RV Resort has a number of amenities including an outdoor swimming pool, a fitness centre and barbecue facilities. The property is situated 5 km from Eldorado Polo Club. The accommodation provides a shared lounge and free WiFi.,,,
California,Indio,33.68889,-116.22947,Indio Haven,5.0,"""Set in Indio", Indio Haven provides accommodation with a TV.,,,,,
California,Indio,33.69291,-116.23314,Condo Caliente,5.0,"""Set in Desert Groves Mobile Home Park", within 17 km of Saks Fifth Avenue Palm Desert and 36 km of Escena Golf Club, Condo Caliente offers accommodation with free WiFi throughout the property. The property is located 38 km from Palm Springs Convention Center, 40 km from ODonald Golf Course and 41 km from Palm Springs Visitor Center. All rooms are fitted with a patio.,,,
California,Indio,33.69431,-116.24947,Meritage at Indio,5.0,"""Set 4.2 km from Empire Polo Club", Hard Roq offers accommodation in Indio with access to an outdoor pool, free WiFi and a 24-hour front desk. The air-conditioned accommodation is 2.6 km from Eldorado Polo Club.,,,,
California,Indio,33.69875,-116.22329,Indio Desert Diamond,5.0,"""Situated in Indio", 17 km from Saks Fifth Avenue Palm Desert and 37 km from Escena Golf Club, Indio Desert Diamond Permit# 50842 features air-conditioned accommodation with a patio and free WiFi. This holiday home is 42 km from Palm Springs Visitor Center and 48 km from Palm Springs Aerial Tramway.,,,,
California,Inglewood,33.92625,-118.37825,Lax Suites,2.0,"""Conveniently located off the 405 Freeway and 3 miles from Los Angeles International Airport", this budget California motel offers an outdoor pool, a guest launderette and free on-site parking.,,,,
California,Inglewood,33.94511,-118.35162,Royal Century Hotel At Lax,2.0,"""Conveniently located 3.8 km away from Los Angeles International Airport", this hotel features an outdoor pool and rooms with free WiFi. Free guest parking is available.,,,,,
California,Inglewood,33.94561,-118.36302,Century Inn at LAX,2.0,"""Within 5 km of Los Angles International Airport", this motel in Inglewood, California offers guestrooms with free WiFi access.,,,,
California,Inglewood,33.9617,-118.36345,Economy Inn LAX Inglewood,2.0,"""Economy Inn LAX Inglewood is 3 km from the Hollywood Park Casino & Racetrack. Free WiFi access is available.",,,,,,
California,Inglewood,33.93113,-118.33634,Touristlodge,2.0,"""Located off Interstate 105", this Inglewood motel is 5 minutes drive from Los Angeles International Airport.  All rooms include free Wi-Fi.  Vending machines featuring drinks are located on-site.,,,,,
California,Inglewood,33.94498,-118.34539,Airport Motel Inglewood,2.0,"""A short walk from the Hollywood Park Casino", this Inglewood motel features a 24-hour reception. All guest rooms include free Wi-Fi.,,,,,
California,Inglewood,33.93117,-118.33762,Encore Inn,2.0,"""Featuring free WiFi", Encore Inn is situated in Inglewood, 2.2 km from Hollywood Park Casino, Free private parking is available on site.,,,
California,Inglewood,33.96178,-118.36345,Lotus Motel Lax,2.0,"""Located in Inglewood", Lotus Motel LAX features non-smoking guest rooms with free Wi-Fi. A 24-hour reception is available. Los Angeles International Airport is 4 km away.,,,,,
California,Inglewood,33.94583,-118.34499,Holly Crest Hotel,2.0,"""Featuring 2-star accommodation", Holly Crest Hotel - Los Angeles, LAX Airport is located in Inglewood, 13 km from Natural History Museum of Los Angeles County and 15 km from LA Memorial Coliseum. This 2-star motel offers a 24-hour front desk. Free WiFi is available and private parking can be arranged at an extra charge.,,,
California,Irvine,33.6546,-117.86165,Keller Hotels Villas Irvine,4.0,,Private bathrooms Air Condition in rooms Microwave (on request) Safety Deposit Box Premium TV channels Fireplace in room Fridge (On Request) Bathtub/Shower Combination Separate living room Separate dining area Hair dryer (on request) Free Internet access Free Wireless Internet access Tea/Coffee Making Facilities Cable / Satellite Television Bottled Water Free self parking Free Wireless Internet access (inroom) Cribs Available Pets allowed Seasonal Outdoor Pool Concierge Desk In room safe Tour desk Flat screen TV (LCD  LED or Plasma TV) Toiletries Writing Desk Self Laundry Premium bedding Separate bedroom Kitchen Iron & Board Extra Bed/Sofa Bed Express Check In / Check Out Garden,,19800 Macarthur Blvd. Suite 300 Suite 300IrvineCalifornia 92612 ,92612,3107369599,
California,Irvine,33.7043,-117.84152,Staybridge Suites Irvine - John Wayne Airport,3.0,"""Set in Irvine", 6 km from South Coast Plaza, Staybridge Suites Irvine - John Wayne Airport, an IHG Hotel offers accommodation with an outdoor swimming pool, private parking, a fitness centre and a shared lounge. This 3-star hotel offers a 24-hour front desk, a business centre and free WiFi. The property is non-smoking and is located 13 km from Fashion Island.
California,Irvine,33.65129,-117.75067,Bluebird Suites in Irvine,4.0,"""Situated in Irvine", 13 km from University of California, Irvine and 1.1 km from Irvine Spectrum, Bluebird Suites in Irvine features accommodation with free WiFi, air conditioning and access to a garden with an outdoor swimming pool.,,
California,Jackson,38.39623,-120.80579,Grey Gables Bed And Breakfast Inn,3.0,"""Located in Sutter Creek", The Inn at 161 offers accommodation with a balcony or a patio, free WiFi and flat-screen TV, as well as a garden and a shared lounge.,,,
California,Jackson,38.39342,-120.80069,Eureka Street Inn,5.0,"""Eureka Street Inn is situated in Sutter Creek. Located 50 km from Empire Ranch Golf Course", the property provides a garden and free private parking.,,,,,
California,Jackson,38.38697,-120.73462,Jackson Rancheria Casino Resort,3.0,"""A 24-hour casino and 6 restaurants and cafes are featured in this hotel. Rooms offer a flat-screen cable TV and free Wi-Fi. Sutter Ridge Winery is just 3 miles from the property.",,,,,,
California,Jackson,38.35644,-120.78137,The Jackson Lodge,2.0,"""Nestled in the Sierra Nevada foothills", this Jackson, California lodge features an outdoor pool. Free Wi-Fi is offered in all rooms.,,,,
California,Jackson,38.4191,-120.82447,Imperial Hotel,4.0,"""This gold country hotel is set in a brick 1879 hostelry.  It features a bar and restaurant on-site and serves a daily gourmet breakfast.  Each individually decorated room is equipped with free Wi-Fi.",,,,,,
California,Jackson,38.39492,-120.80374,Hanford House Inn,5.0,"""Located in Sutter Creek in the California region", Hanford House Inn provides accommodation with free WiFi and free private parking.,,,,,
California,Jackson,33.29456,-83.96602,Holiday Inn Express & Suites - Jackson,2.0,"""Holiday Inn Express & Suites - Jackson is offering accommodation in Jackson.",,,,,,
California,Jamestown,37.95211,-120.42329,Jamestown Hotel,3.0,"""Offering a bar and restaurant", this hotel is located in the Gold Country town of Jamestown in the Northern California foothills. It offers free WiFi access. Mountain Springs Golf Club is 8.6 km away.,,,,,
California,Jamestown,37.95491,-120.42021,The Palm Hotel,3.0,"""This Victorian-style property built in the 1890s offers a homemade breakfast", guest rooms decorated in rose themes and clawfoot bathtubs. Railtown 1897 State Historic Park is 2 minutes drive away.,,,,,
California,Jenner,38.45099,-123.11643,Castle Crag,5.0,"""Castle Crag in Jenner provides accommodation with free WiFi", less than 1 km from Goat Rock Beach.,,,,,
California,,34.13512,-116.25626,Spin and Margies Desert Hideaway,5.0,,,,64491 29 Palms Highway Joshua TreeCalifornia 92252 ,92252,,
California,Julian,33.07721,-116.60089,The Julian Lodge,3.0,"""Located in the picturesque historic mining town of Julian.  Guest rooms offer hand-selected décor and free WiFi.",,,,,,
California,Julian,33.08826,-116.59111,Wikiup Bed And Breakfast,5.0,"""Located in Julian", 49 km from Anza Borrego Desert State Park, Wikiup Hummingbird Hotel provides accommodation with a garden, free private parking, a shared lounge and a terrace. Providing free WiFi throughout the property, the non-smoking hotel features a hot tub.,
California,Julian,33.07791,-116.60129,Julian Gold Rush Hotel,5.0,"""Boasting a garden and a terrace", Julian Gold Rush Hotel is situated in Julian. The accommodation features a 24-hour front desk, a concierge service and luggage storage for guests.,,,,
California,Julian,33.0769,-116.59913,Eaglenest Bed And Breakfast,5.0,"""Eaglenest Bed & Breakfast is set in Julian", 28 km from Anza Borrego Desert State Park and 60 km from Downtown San Diego.,,,,,
California,Julian,33.07707,-116.60592,Oak Hill Inn,5.0,"""Located in historic downtown Julian and family owned and operated for 25 years", Oak Hill Inn, Julian offers free WiFI access in public areas.,,,,
California,Julian,33.0769,-116.60611,The Julian Inn,5.0,"""Showcasing mountain views", this inn is located in the charming town of Julian just 28.8 km from Anza Borrego Desert State Park. Free WiFi is included in each guest room.,,,,,
California,Julian,33.08389,-116.58509,Historic Cabin in Julian,5.0,"""Quiet Cabin in Julian is 15 miles or 26 km from Anza Borrego Desert State Park. The property is 2.7 km from downtown Julian and free private parking is offered.",,,,,,
California,Julian,32.99934,-116.59334,North Peak Custom View Home,5.0,"""Located in Julian in the California region", North Peak Custom View Home features a balcony and garden views. The air-conditioned accommodation is 48 km from Escondido, and guests benefit from private parking available on site and free WiFi.,,,,
California,Kelseyville,38.93089,-122.74286,Creekside Lodge,2.0,"""Located at the intersection of Highways 29 and 281", this pet-friendly hotel is 18 minutes drive from Clear Lake State Park. It features a picnic area with BBQ facilities and free WiFi.,,,,,
California,Kenwood,38.41206,-122.55275,9412 Mervin Ave Home,5.0,"""Set in Kenwood in the California region", 9412 Mervin Ave Home features a patio. The air-conditioned accommodation is 42 km from Healdsburg, and guests benefit from private parking available on site and free WiFi.,,,,
California,Kenwood,38.40239,-122.5632,Sonoma House,5.0,"""Sonoma House is a holiday home set in Kenwood", 43 km from Bodega Bay. The air-conditioned unit is 14 km from Santa Rosa.,,,,,
California,Kernville,35.78679,-118.44698,Sequoia Lodge,3.0,"""Situated in Kernville in the California region", Sequoia Lodge features accommodation with free WiFi and free private parking.,,,,,
California,Kernville,35.7608,-118.42037,Whispering Pines Lodge Bed and Breakfast,3.0,"""This Kernville property offers a private balcony and free WiFi in all rooms.",,,,,,
California,Kernville,35.85815,-118.4498,Corral Creek Lodge,3.0,"""Corral Creek Lodge is located 8 miles north outside the town of Kernville.",,,,,,
California,Kernville,35.7548,-118.42425,Kernville Inn,5.0,"""Kernville Inn features accommodation in Kernville. Among the various facilities of this property are barbecue facilities and a ski pass sales point. There is a seasonal outdoor pool and guests can make use of free WiFi and free private parking.",,,,,,
California,Kernville,35.78609,-118.44594,Sacred Mtn River Suites,5.0,"""Sacred Mtn River Suites features garden views", free WiFi and free private parking, located in Kernville.,,,,
California,Kyburz,38.79633,-120.14574,Strawberry Lodge,2.0,"""Located in El Dorado Forest", Strawberry Lodge is a rustic lodge 38 km from South Lake Tahoe. The lodge features a seating area with stone fireplace, on-site dining and simple guest rooms.,,,,
California,Lakeport,39.04109,-122.91295,Willow Point RV and Campground,5.0,"""Offering a private beach area", Willow Point RV and Campground features spaces to park an RV (no RV included) and spaces to pitch a tent (no tent included) in the town of Lakeport. These spaces offer scenic views of Clear Lake, the largest freshwater lake in California.,,,,
California,Lancaster,34.68975,-117.83394,Elegance In The Desert Of Southern California,5.0,"""Featuring a garden", a terrace, and a bar, Secure Ranch in Southern California offers accommodation in Lake Los Angeles with free WiFi and city views. This property offers access to a balcony and free private parking.,,,
California,Lawndale,33.89691,-118.35218,Travelers Inn Lawndale,3.0,"""Located off Interstate 405", this Lawndale motel offers simply furnished rooms equipped with free Wi-Fi.  It serves a daily continental breakfast.  South Bay Galleria Shopping Mall is just 2 minutes walk away.,,,,,
California,Lemoore,36.34058,-119.80751,Kings Rest Motel,2.0,"""Just 5 miles from Lemoore city centre", this motel features free Wi-Fi in all guest rooms. Truck parking is provided. Hanford is 15 minutes drive away.,,,,,
California,Lincoln,38.8397,-121.31458,Thunder Valley Casino Resort,4.0,"""Set in Lincoln in the California Region", 33 km from Sacramento, Thunder Valley Casino Resort boasts a seasonal outdoor pool and spa centre. There  are restaurants and bars readily available and guests can have fun at the casino.,,,,
California,Livermore,37.66713,-121.67667,Purple Orchid Resort & Spa,3.0,"""Offering an outdoor pool and a spa and wellness centre", the adults only Purple Orchid Resort & Spa is located in Livermore. Free WiFi access is available at this tranquil resort.,,,,,
California,Livermore,37.70499,-121.73935,Springtown Inn,2.0,"""This Livermore motel is located 5.8 km away from Concannon Vineyard.  It offers free WiFi and free guest parking.",,,,,,
California,Livermore,37.6988,-121.83765,Homewood Suites by Hilton Livermore,3.0,"""Featuring 3-star accommodation", Homewood Suites By Hilton Livermore, Ca is situated in Livermore, 45 km from Oakland Museum of California and 45 km from Grand Lake Theater. With free WiFi, this 3-star hotel offers a 24-hour front desk. The property is non-smoking and is located 37 km from Oakland Coliseum.,,
California,Lodi,38.12282,-121.26072,Budget Inn Of Lodi,3.0,"""Located 1 mile from Wine Country Casino and Restaurant", this Lodi motel offers free Wi-Fi and a 24-hour reception. The Lodi Grape Festival & Harvest Fair is less than 2 miles away.,,,,,
California,Lodi,38.12766,-121.26073,Wine Country Inn,1.0,"""Wine Country Inn is located in Lodi. Featuring a garden", the 1-star motel has air-conditioned rooms with free WiFi, each with a private bathroom. The motel provides garden views, a barbecue and a 24-hour front desk.,,,
California,Lodi,38.13336,-121.2805,Poppy Sister Inn,5.0,"""Situated in Lodi", 23 km from University of the Pacific, Poppy Sister Inn features accommodation with free WiFi, air conditioning and access to a garden with a terrace.,,,
California,Lompoc,34.6995,-120.46618,White Oaks Hotel,2.0,"""Located off Highway 1", this hotel is less than 1 mile from the entrance of Vandenberg Air Force Base.  It features an on-site fitness center and all rooms offer free WiFi.,,,,,
California,Lompoc,34.63864,-120.44677,O'cairns Inn And Suites,3.0,"""Just 8 minutes walk from Lompoc Wine Ghetto", this hotel features an outdoor pool and hot tub. It serves a daily full breakfast and offers a Happy Hour with complimentary drinks.,,,,,
California, it is not possible to drive to Tuolumne Meadows or enter Yosemite National Park from the east. All other park entrances, including those along Highway 120 from the west, Hetch Hetchy, Highway 140, and Highway 41," remain open all year.""",Parking 24-hour front desk Golf course (within 3 km) Non-smoking rooms Business centre Laundry Family rooms Free parking internet services BBQ facilities Fax/photocopying Non-smoking throughout Air conditioning vending machine (drinks) parking on site Swimming pool use of cleaning chemicals that are effective against coronavirus linens  towels and laundry washed in accordance with local authority guidelines guest accommodation is disinfected between stays guest accommodation sealed after cleaning staff follow all safety protocols as directed by local authorities shared stationery such as printed menus  magazines  pens  and paper removed hand sanitizer in guest accommodation and key areas first aid kit available cashless payment available physical distancing rules followed screens or physical barriers placed between staff and guests in appropriate areas guests have the option to cancel any cleaning services for their accommodation during their stay face masks for guests available,,633 South Main Street Lone PineCalifornia 93545 ,93545,7608765555,https://www.booking.com/hotel/us/trails-motel.html
California,,33.78938,-118.16789,Monterey Motel,5.0,"""Situated in Long Beach", 7.3 km from Queen Mary, Monterey Motel features accommodation with free WiFi and free private parking. The property is around 15 km from Battleship Iowa Museum, 20 km from Knotts Berry Farm and 28 km from Anaheim Convention Center. California Science Center is 34 km away and Natural History Museum of Los Angeles County is 35 km from the motel.,,,
California,,34.049741527228,-118.25111210346,Oakwood At Metro 417,3.0,HotelDescription#Further information about this hotel will be available shortly,NO Disability-friendly bathroom NO Garage NO Small pets allowed (under 5 kg) NO Smoking rooms NO Wheelchair-accessible NO Car park NO Large pets allowed (over 5 kg) NO Connecting rooms,,417 South Hill Street Los AngelesCalifornia 90013 ,90013,,http://www.metro417.com
California,,34.069653658481,-118.35080176592,Oakwood At Palazzo East,3.0,HotelDescription#Further information about this hotel will be available shortly,NO Garage NO Small pets allowed (under 5 kg) NO Connecting rooms NO Smoking rooms NO Large pets allowed (over 5 kg) NO Car park NO Disability-friendly bathroom NO Wheelchair-accessible,,348 South Hauser Boulevard Los AngelesCalifornia 90036-3276 ,90036,,http://www.oakwood.com/corporate-apartments/furnis
California,,33.959426,-118.419359,Playa Del Oro,3.0,HotelDescription#Further information about this hotel will be available shortly,NO Disability-friendly bathroom NO Connecting rooms NO Car park NO Large pets allowed (over 5 kg) NO Small pets allowed (under 5 kg) NO Smoking rooms NO Wheelchair-accessible NO Garage,,Lincoln Blvd 8601 90045 Los Angeles Los AngelesCalifornia 90045 ,90045,8189423018,http://www.playadeloroapartments.com
California,,34.060903,-118.281898,Wilshire Royale Apartments,3.0,,NO Connecting rooms NO Car park NO Large pets allowed (over 5 kg) NO Smoking rooms NO Disability-friendly bathroom NO Garage NO Small pets allowed (under 5 kg) NO Wheelchair-accessible,,2619 Wilshire Boulevard Los AngelesCalifornia 90057 ,90057,2133651150,https://www.wilshireroyale-apts.com/
California,,34.010826,-118.161156,Destiny Inn,3.0,HotelDescription#This comfortable Hotel is in City of Commerce. A total of 30 units are available for guests' convenience at Destiny Inn. This is not a pet-friendly establishment.,NO Car park NO Connecting rooms NO Smoking rooms NO Disability-friendly bathroom NO Large pets allowed (over 5 kg) NO Wheelchair-accessible NO Small pets allowed (under 5 kg) NO Garage,,5161 Triggs Street Commerce 90022California ,90022,3232696602,http://www.destiny-inn.com/
California,,,,Park Vue Inn,3.0,,,,1570 South Harbor Boulevard AnaheimCalifornia 92802 ,92802,7147723691,http://www.parkvueinn.com
California,,33.951584,-118.18209,SureStay Hotel by Best Western South Gate,2.0,,,,Firestone Boulevard 4920 90280 South Gate South GateCalifornia 90280-3513 ,90280,3233740413,http://www.americasbestvalueinn.com/bestv.cfm?idp=1338
California,,34.0486,-118.21103,Vinograd Hotel,2.0,,Designated smoking areas Express check-out Free WiFi Front desk (limited hours) Multilingual staff Number of buildings/towers - 1 Number of floors - 2 Total number of rooms - 18 Year Built - 1927,Distances are calculated in a straight line from the property&apos;s location to the point of interest or attraction  and may not reflect actual travel distance. &lt;br /&gt;&lt;br /&gt; Distances are displayed to the nearest 0.1 mile and kilometer. &lt;p&gt;San Antonio Winery - 2.1 km / 1.3 mi &lt;br /&gt;Museum of Contemporary Art - 2.6 km / 1.6 mi &lt;br /&gt;Los Angeles City Hall - 2.9 km / 1.8 mi &lt;br /&gt;Los Angeles River - 3 km / 1.9 mi &lt;br /&gt;Bradbury Building - 3.4 km / 2.1 mi &lt;br /&gt;Grand Central Market - 3.4 km / 2.1 mi &lt;br /&gt;Walt Disney Concert Hall - 3.6 km / 2.2 mi &lt;br /&gt;Palace Theater - 3.8 km / 2.4 mi &lt;br /&gt;Pershing Square - 4 km / 2.5 mi &lt;br /&gt;U.S. Bank Tower - 4 km / 2.5 mi &lt;br /&gt;Globe Theater - 4 km / 2.5 mi &lt;br /&gt;State Theater - 4 km / 2.5 mi &lt;br /&gt;Dodger Stadium - 4.1 km / 2.5 mi &lt;br /&gt;Tower Theater - 4.1 km / 2.5 mi &lt;br /&gt;Orpheum Theatre - 4.1 km / 2.6 mi &lt;br /&gt;&lt;/p&gt;&lt;p&gt;The nearest airports are:&lt;br /&gt;Burbank  CA (BUR-Bob Hope) - 21.1 km / 13.1 mi&lt;br /&gt;Los Angeles  CA (LAX-Los Angeles Intl.) - 21.2 km / 13.2 mi&lt;br /&gt;Long Beach  CA (LGB-Long Beach Municipal) - 26.3 km / 16.4 mi&lt;br /&gt;&lt;/p&gt;&lt;p&gt;The preferred airport for Vinograd Hotel is Los Angeles  CA (LAX-Los Angeles Intl.). &lt;/p&gt;,2107 E Cesar Chavez Avenue Los AngelesCalifornia 90033 ,90033,,
California,,34.03924942,-118.27603149,Arthur Emery,2.0,,Laundry facilities Multilingual staff Number of buildings/towers - 1 Number of floors - 3 Total number of rooms - 20 Year Built - 1924 Express check-out Free RV  bus  truck parking Free WiFi Free parking nearby Free self parking Front desk (limited hours) Designated smoking areas,Distances are calculated in a straight line from the property&apos;s location to the point of interest or attraction  and may not reflect actual travel distance. &lt;br /&gt;&lt;br /&gt; Distances are displayed to the nearest 0.1 mile and kilometer. &lt;p&gt;LACC - 0.5 km / 0.3 mi &lt;br /&gt;Los Angeles Convention Center - 0.7 km / 0.4 mi &lt;br /&gt;Staples Center - 0.8 km / 0.5 mi &lt;br /&gt;L.A. Live - 0.9 km / 0.6 mi &lt;br /&gt;Microsoft Theater - 1 km / 0.6 mi &lt;br /&gt;Grammy Museum - 1.2 km / 0.7 mi &lt;br /&gt;Santee Alley - 1.9 km / 1.2 mi &lt;br /&gt;Shrine Auditorium - 1.9 km / 1.2 mi &lt;br /&gt;Orpheum Theatre - 1.9 km / 1.2 mi &lt;br /&gt;Good Samaritan Hospital - 2 km / 1.2 mi &lt;br /&gt;Tower Theater - 2 km / 1.2 mi &lt;br /&gt;Globe Theater - 2.1 km / 1.3 mi &lt;br /&gt;University of Southern California - 2.1 km / 1.3 mi &lt;br /&gt;MacArthur Park - 2.2 km / 1.4 mi &lt;br /&gt;Pershing Square - 2.2 km / 1.4 mi &lt;br /&gt;&lt;/p&gt;&lt;p&gt;The nearest airports are:&lt;br /&gt;Los Angeles  CA (LAX-Los Angeles Intl.) - 15.8 km / 9.8 mi&lt;br /&gt;Burbank  CA (BUR-Bob Hope) - 18.9 km / 11.7 mi&lt;br /&gt;Long Beach  CA (LGB-Long Beach Municipal) - 27.4 km / 17 mi&lt;br /&gt;&lt;/p&gt;&lt;p&gt;The preferred airport for Arthur Emery is Los Angeles  CA (LAX-Los Angeles Intl.). &lt;/p&gt;,907 W 17Th Street Los AngelesCalifornia 90015 ,90015,3102840206,http://www.arthuremeryhotel.com
California,,34.25981,-118.30548,Mt. Gleason Motorlodge,3.0,,,,7927 Foothill Boulevard SunlandLos AngelesCalifornia 91040 ,91040,8183527112,https://www.booking.com/hotel/us/mt-gleason-motorlodge.html
California,,34.17453,-118.29585,Glendale Apartment,5.0,,,,1060 Elm Avenue GlendaleCalifornia 91201 ,91201,,
California,,34.05211,-118.27143,My Sunshine Hotel,5.0,"""Situated in Los Angeles", 1.1 km from L.A. Live, My Sunshine Hotel features accommodation with free WiFi and free private parking. The property is around 1.6 km from Staples Center, 1.6 km from Microsoft Theater and 5 km from California Science Center. The property is set 8 km from Dodger Stadium and 9 km from Capitol Records Building.,,,
California,,33.78938,-118.16789,Monterey Motel,5.0,"""Situated in Long Beach", 7.3 km from Queen Mary, Monterey Motel features accommodation with free WiFi and free private parking. The property is around 15 km from Battleship Iowa Museum, 20 km from Knotts Berry Farm and 28 km from Anaheim Convention Center. California Science Center is 34 km away and Natural History Museum of Los Angeles County is 35 km from the motel.,,,
California,,34.05606,-118.20702,Budget Inn,3.0,"""Located in Los Angeles", 3.8 km from LA Union Station, ERTH INN by AGA Los Angeles provides accommodation with free WiFi and free private parking. The property is around 7.1 km from Microsoft Theater, 7.1 km from Staples Center and 12 km from California Science Center. The property is non-smoking and is set 6.1 km from Dodger Stadium.,,,
California,,34.17891,-118.37933,Timen's House,5.0,,,,5947 Tujunga Avenue North HollywoodCalifornia 91601 ,91601,8189809930,https://www.booking.com/hotel/us/timen-house.html
California,,33.86914,-118.14292,Colony Inn Motel,5.0,"""Set in Bellflower", 16 km from Knotts Berry Farm, Colony Inn Motel offers accommodation with free WiFi and free private parking. The property is around 21 km from Queen Mary, 27 km from Anaheim Convention Center and 31 km from LA Memorial Coliseum. California Science Center is 31 km from the motel and Natural History Museum of Los Angeles County is 32 km away.,,,
California,,34.06933,-118.24918,4BR Bungalow in Echo Park,5.0,"""Set in Los Angeles", 2.3 km from LA Union Station, 4BR Bungalow in Echo Park offers accommodation with a terrace, free WiFi and dry cleaning services. This apartment is 4 km from Staples Center and 8.2 km from California Science Center.,,,
California,Lynwood,33.9307,-118.20685,Apache Inn,2.0,"""Downtown Los Angeles is less than 25 minutes drive from this motel. Free Wi-Fi is available in all rooms and free parking is offered on site.",,,,,,
California,Lynwood,33.9315,-118.21179,World Motel,2.0,"""World Motel is set in Lynwood. The property features a 24-hour front desk.",,,,,,
California,Madera,36.98206,-120.0873,Gateway Inn,3.0,"""Yosemite National Park is 1 hour and 20 minutes drive from this Madera area motel. A free continental breakfast is provided and guest rooms feature satellite TV.",,,,,,
California,Malibu,34.03829,-118.67443,Malibu Beach Inn,4.0,"""Featuring a soothing luxury spa and rooms with private balconies overlooking the beautiful Pacific Ocean", Malibu Beach Inn lies 10 miles outside downtown Malibu. Free WiFi is available.,,,,,
California,Malibu,34.0371,-118.67793,The Surfrider Malibu,5.0,"""Set directly opposite Californias beach", Surfrider Beach in Malibu, The Surfrider Hotel has an exclusive guest-only roof deck bar and restaurant overlooking the Pacific Ocean and Malibu Pier. Complimentary surf boards and stand up paddle boards are available for guest use as well as free WiFi and morning coffee.,,,,
California, it is not possible to drive to Tuolumne Meadows or enter Yosemite National Park from the east. All other park entrances, including those along Highway 120 from the west, Hetch Hetchy, Highway 140, and Highway 41," remain open all year.""",Private parking Parking garage Pool with view Parking Golf course (within 3 km) Non-smoking rooms Fishing Skiing Family rooms Free parking internet services lift express check-in/check-out Spa and wellness centre Hot tub/jacuzzi Hiking BBQ facilities Car hire Cycling Bowling Heating Horse riding wifi Ski storage Ski school Outdoor pool Free WiFi Non-smoking throughout outdoor pool (seasonal) Private check-in/check-out ski equipment hire on site Ski pass vendor Ski-to-door access grocery deliveries parking on site Heated pool Shallow end Fence around pool Swimming pool Smoke alarms Fire extinguishers Swimming pool use of cleaning chemicals that are effective against coronavirus linens  towels and laundry washed in accordance with local authority guidelines guest accommodation is disinfected between stays guest accommodation sealed after cleaning staff follow all safety protocols as directed by local authorities contactless check-in/check-out cashless payment available physical distancing rules followed invoice provided property is cleaned by professional cleaning companies guests have the option to cancel any cleaning services for their accommodation during their stay,,865 Majestic Pines Drive Mammoth LakesCalifornia 93546 ,93546,,http://www.aspencreekcondos.com
California,,37.64458,-118.99958,1849 Condos Mammoth Lakes,3.0,"""Nestled at the base of Californias majestic Eastern Sierra Nevada Mountains", 1849 Condos in Mammoth Lakes, California, is your mountain home away from home. A private residence rental at 1849 Condos offers peaceful mountain living enhanced by residential comfort within steps of exciting outdoor recreation and sensational skiing. Located off California Highway 203, these Mammoth Lakes apartments offer ski-to-door access and include fully equipped kitchens, an outdoor heated pool, a sauna and 3 hot tubs.  Mammoth Mountain is 5 miles away.
California,,37.632906,-118.971609,Snowcreek Resort,3.0,,,,1254 Old Mammoth Rd Mammoth LakesCalifornia 93546 ,93546,8005446007,http://www.snowcreekresort.com/
California,,37.640460968,-118.96510315,Grand Havens,3.0,HotelDescription#Further information about this hotel will be available shortly,NO Car park NO Smoking rooms NO Connecting rooms NO Wheelchair-accessible NO Disability-friendly bathroom NO Large pets allowed (over 5 kg) NO Garage NO Small pets allowed (under 5 kg),,Meridian Blvd. 1914 Mammoth Lakes 93546CaliforniaP.O. 100 ,93546,35218586331,http://www.grandhavens.com
California, it is not possible to drive to Tuolumne Meadows or enter Yosemite National Park from the east. All other park entrances, including those along Highway 120 from the west, Hetch Hetchy, Highway 140, and Highway 41," remain open all year.""",cashless payment available physical distancing rules followed invoice provided property is cleaned by professional cleaning companies Parking Golf course (within 3 km) Non-smoking rooms Fishing Laundry Skiing Free parking internet services express check-in/check-out Spa and wellness centre Hot tub/jacuzzi Canoeing Hiking BBQ facilities Car hire Cycling Bowling Heating Horse riding wifi Mini golf Free WiFi Non-smoking throughout Private check-in/check-out grocery deliveries parking on site Private parking secured parking Accessible parking Key access Smoke alarms Fire extinguishers bicycle rental use of cleaning chemicals that are effective against coronavirus linens  towels and laundry washed in accordance with local authority guidelines guest accommodation is disinfected between stays guest accommodation sealed after cleaning staff follow all safety protocols as directed by local authorities contactless check-in/check-out,,437 Old Mammoth Road (Check in Address) Suite K1Mammoth LakesCalifornia 93546 ,93546,8002628148,https://www.booking.com/hotel/us/helios-south-mammoth-lakes.html
California, while Chair 22 is 3.7 km from the property. The nearest airport is Mammoth Yosemite Airport, 15 km from the property. Please note that a charge for the total amount of the rental will appear immediately following receipt of your reservation in your credit card statement under the name VacayHome Connect.  Cancellation penalties may apply.  This vacation rental is being offered by VacayHome Connect in partnership with the professional property manager. You will receive a reservation confirmation e-mail from Booking.com, followed by a payment confirmation e-mail from VacayHome Connect.  Your payment confirmation e-mail will provide you with contact information for the professional property manager. The property manager will also send you a welcome e-mail that contains terms and conditions related to your rental. They will also provide you with arrival instructions and tell you about optional services that may be available for purchase such as pet fees (if you are bringing a pet to a unit designated as pet-friendly).  Taxes and fees and service charges include County and tourism taxes, a cleaning fee, a booking fee assessed by the local property manager and a damage waiver that covers you in the event of accidental damage to the property. The damage waiver and cleaning fee may be adjusted downwards at the time payment is processed," based on your length of stay. Please note that the minimum age to rent this home is 25 years of age. ID may be requested at check-in.""",Free self parking Pets allowed Sauna Fitness facilities Family rooms Internet access Hot tub/jacuzzi BBQ facilities Free WiFi Outdoor pool Free WiFi Parking onsite Private parking,,165 Old Mammoth Road Mammoth LakesCalifornia 93546 ,93546,,https://www.booking.com/hotel/us/sierra-manors-098-condo.html
California,Manteca,37.7972,-121.23297,Travelers Inn Manteca,2.0,"""Located in Manteca", California, this motel offers easy access to Highways 99, 120 and Interstate 5. An on-site restaurant is available and guest rooms include free WiFi.,,,
California,Manteca,37.79933,-121.1926,Tru by Hilton Manteca,5.0,"""Set in Manteca", 29 km from University of the Pacific, Tru By Hilton Manteca offers air-conditioned rooms and a fitness centre. All rooms feature a TV with cable channels and a private bathroom. Private parking is available on site.,,,,
California,Marina,36.68471,-121.80204,Old Marina Inn,1.0,"""This motel is 5 minutes drive from Marina State Beach. It offers guest rooms with free WiFi and free parking.",,,,,,
California,Marina,36.6794,-121.78321,Laguna Lodge,1.0,"""Offering free WiFi", Laguna Lodge is located in Marina, California. Guest rooms with a microwave, refrigerator, and coffee machine are featured at this motel.,,
California,Marina,36.69487,-121.80299,Hampton Inn & Suites Marina,5.0,"""Situated in Marina", 1.1 km from Marina State Beach, Hampton Inn & Suites Marina features accommodation with a fitness centre, free private parking and a shared lounge. The property is located 17 km from Presidio of Monterey Museum, 27 km from Point Lobos State Reserve and 14 km from Naval Postgraduate School. The hotel has an indoor pool and a 24-hour front desk.,,
California,Mariposa,37.53888,-119.82974,Highland House Bed and Breakfast,5.0,"""Located 16 km away from the California Gold Rush town of Mariposa", this B&B features guest rooms with fully equipped kitchens and free WiFi. Each room provides garden and mountain views.,,,,,
California,Mariposa,37.42801,-119.99578,Yosemite Bed and Breakfast,4.0,"""Located between the west and south entrance of Yosemite National Park", this Mariposa bed and breakfast offers a large wrap-around deck with sweeping forest views. Free Wi-Fi is offered in each room.,,,,,
California,Mariposa,37.45139,-119.85497,Little Valley Inn,4.0,"""Little Valley Inn features garden views", free WiFi and free private parking, located in Mariposa.,,,,
California,Mariposa,37.48653,-119.96728,The Monarch,3.0,"""Located off Route 49", this Mariposa, California hotel features a seasonal outdoor pool. Coffee and tea are served daily. Cable TV is featured in all rooms. Yosemite National Park is 1 hour away.,,,,
California,Mariposa,37.48594,-119.96657,Mother Lode Lodge,2.0,"""This Mariposa motel features an outdoor pool and guest rooms with free WiFi. It offers free guest parking. Downtown Mariposa is 2 minutes walk away.",,,,,,
California,Mariposa,37.49317,-119.97212,Yosemite Inn,3.0,"""Located in the Sierra Foothills across from Mariposa Visitor Center", this hotel is 2 miles from California State Mining & Mineral Museum.,,,,,
California,Mariposa,37.48442,-119.96455,5th Street Inn,3.0,"""Located in historic Mariposa just 70 km from the west entrance to Yosemite National Park", this motel offers free Wi-Fi. All uniquely-decorated guest rooms offer mountain views.,,,,,
California,Mariposa,37.48579,-119.96541,River Rock Inn,3.0,"""Located 40 minutes drive from Yosemite National Park", River Rock Mariposa Inn features a spacious sun terrace. Free WiFi, free parking is included in all rooms.,,,,
California,Mariposa,37.48658,-119.9613,Yosemite Plaisance Bed & Breakfast,3.0,"""Yosemite Plaisance Bed and Breakfast serves a gourmet breakfast and afternoon snacks daily. It offers rooms with free WiFi. Yosemite National Park is 52.2 km away.",,,,,,
California,Mariposa,37.4847,-119.96537,Mariposa Hotel Inn,3.0,"""Located in a structure built in 1901", this historic Mariposa hotel features uniquely decorated rooms with period furnishings and solid oak woodwork. A free continental breakfast is served daily.,,,,,
California,Mariposa,37.43137,-119.97651,Yosemite Nights Bed & Breakfast,3.0,"""In a quiet country setting surrounded by wild life", this B&B is 7 miles away from Mariposa town centre.  It serves a daily home-style breakfast and features rooms with free Wi-Fi.,,,,,
California,Mariposa,37.47966,-119.77847,Sierra Trails Inn B&B,5.0,"""Set in Mariposa in the California Region", 78.2 km from Yosemite Village, Sierra Trails Inn features a terrace and views of the mountains.,,,,
California,Mariposa,37.48494,-119.96628,Yosemite Gateway Rentals Overlook House,5.0,"""Featuring a covered terrace surrounded by a grass backyard", each Mariposa, California home is just 30 minutes drive from Yosemite National Park. A fully equipped kitchen is offered.,,,,
California,Mariposa,37.48158,-119.77582,Sunny Pines Cottage,,"""Sunny Pines Cottage offers pet-friendly accommodation in Mariposa", located equidistant from the West and the South entrances to Yosemite National Park entrance. Guests benefit from free WiFi and private parking available on site.,,,,,
California,Mariposa,37.54144,-119.97177,Engvadonia Yosemite,5.0,"""Set 45 km from Yosemite Arch Rock Entrance", Engvadonia Yosemite B and B offers a garden, a shared lounge and air-conditioned accommodation with a patio and free WiFi.,,,,
California,McCloud,41.25346,-122.14033,McCloud River Inn,5.0,"""With garden views", McCloud River Bed and Breakfast is set in McCloud and has a restaurant, a shared lounge, bar, garden and terrace. The bed and breakfast features both WiFi and private parking free of charge.,,
California,McCloud,41.25497,-122.13905,Mccloud Hotel,4.0,"""Offering a ski pass sales point and ski storage space", McCloud Hotel is located in Mount Shasta. Guests can enjoy the on-site restaurant.,,,,,
California,Mendocino,39.30767,-123.79946,Sea Gull Inn,5.0,"""Located in Mendocino", near Mendocino Art Center, Temple of Kwan Tai and Highlight Gallery, Seagull Inn Bed & Breakfast features free WiFi, and guests can enjoy a garden.,,
California,Mendocino,39.31606,-123.79928,Agate Cove Inn,4.0,"""Featuring free WiFi and a garden", Agate Cove Inn is set in Mendocino, 800 metres from Mendocino Art Center. This property is located a short distance from attractions such as Temple of Kwan Tai and Highlight Gallery. The accommodation features a concierge service, and buying tickets for guests.,,,
California,Mendocino,39.293,-123.79296,Brewery Gulch Inn,4.0,"""Located 1 mile away from Mendocino Village", this inn features redwood design throughout.  It serves a cooked-to-order breakfast.  All rooms feature free Wi-Fi.,,,,,
California,Mendocino,39.30613,-123.79771,Headlands Inn Bed And Breakfast,3.0,"""Located 5 minutes walk to the Mendocino Bay beach", the Headlands Inn Bed and Breakfast is in the heart of Mendocino village. This New England-style Victorian saltbox offers personalized service and charming accommodations, including fresh flowers, chocolates, and wood burning fireplaces.,,
California,Mendocino,39.30557,-123.79622,Sweetwater Inn and Spa,5.0,"""Located in Mendocino", Sweetwater Inn and Spa offers massage services. Guests can relax in the clothing optional hot tub and sauna. Free WiFi is included in all guest rooms. Select rooms offer ocean views.,,,,,
California,Mendocino,39.31702,-123.79719,Blackberry Inn,3.0,"""Blackberry Inn offers pet-friendly accommodation in Mendocino. Free WiFi is available throughout the property and free private parking is available on site.",,,,,,
California,Mendocino,39.33279,-123.80758,Mendocino Magic,5.0,"""Mendocino Magic offers accommodation in Mendocino. Fort Bragg is 13 km from the property.",,,,,,
California,Mendocino,39.33953,-123.81293,Chanticleer,5.0,"""Chanticleer offers accommodation in Mendocino. Fort Bragg is 12 km from the property.",,,,,,
California,Mendocino,39.33999,-123.8131,Whale Song,5.0,"""Whale Song offers accommodation in Mendocino. Fort Bragg is 12 km away.",,,,,,
California,Mendocino,39.31404,-123.78489,Redwood Cottage,3.0,"""Redwood Cottage provides accommodation situated in Mendocino. Guests have a private patio.",,,,,,
California,Mendocino,39.35688,-123.82258,Cliff House at Otter Point,3.0,"""Featuring accommodation with a balcony", Cliff House at Otter Point is a holiday home situated in Mendocino. The property boasts sea views.,,,,,
California,Mendocino,39.29565,-123.79221,Mendocino Grove,5.0,"""Situated in Mendocino in the California region", Mendocino Grove features accommodation with free WiFi and free private parking.,,,,,
California,Mendocino,39.30884,-123.79753,Mendocino View East,5.0,"""The Mendocino View East has a balcony offering village and partial ocean views. It is located in the village of Mendocino", and very walk-able to stores, gift shops, and restaurants. It boasts mountain views and free WiFi throughout the property.,,,
California,Mendocino,39.30884,-123.79753,Mendocino View West,5.0,"""Mendocino View West is an apartment in Mendocino with access to a hot tub. The property boasts sea views.",,,,,,
California,Mendocino,39.31697,-123.79972,Headlands Cove,5.0,"""Headlands Cove offers accommodation in Mendocino. Fort Bragg is 14 km away.",,,,,,
California,Mendocino,39.31965,-123.78367,Redwood Rest,5.0,"""Redwood Rest is set in Mendocino", 14 km from Fort Bragg.,,,,,
California,Merced,37.30617,-120.49817,San Joaquin Motel,1.0,"""This California motel is within 1 mile of Applegate Park Zoo and Merced Amtrak. It offers free Wi-Fi throughout the motel and features cable TV with HBO in every room.",,,,,,
California,Merced,37.30513,-120.49626,Slumber Motel,2.0,"""Slumber Motel is located in Merced. Free WiFi access and free parking are available.",,,,,,
California,Merced,37.31374,-120.47797,Bear Creek Inn,5.0,"""Located in Merced", Bear Creek Inn features free WiFi, 10 km from University of California, Merced.,,,
California,Merced,37.2850646,-120.4523471,TownePlace Suites Merced,3.0,TownePlace Suites Merced is perfectly located for both business and leisure guests in Merced (CA). The property offers a wide range of amenities and perks to ensure you have a great time. Service-minded staff will welcome and guide you at TownePlace Suites Merced. Each guestroom is elegantly furnished and equipped with handy amenities. The property offers various recreational opportunities. Discover all Merced (CA) has to offer by making TownePlace Suites Merced your base.,dining  drinking  and snacking services and conveniences for the kids land sports access getting around sports equipment rental available in all rooms languages spoken outdoor accessibility Internet access things to do  ways to relax cleanliness and safety,,229 South Parsons Avenue Merced ,95341,2093841024,http://www.marriott.com/hotels/travel/mceed-townep
California,Midpines,37.57434,-119.95126,Yosemite Bug Rustic Mountain Resort,5.0,"""Nestled on a hillside in a forest", this mountain resort features an on-site restaurant and a spa. Yosemite Valley is 43 km away.,,,,,
California,Midpines,37.57792,-119.95554,Bear Creek Cabins,2.0,"""Adjacent to Yosemite Area Rapid Transit Service (YARTS) and 30 minutes drive from Yosemite National Park entrance", this lodge offers BBQ facilities.,,,,,
California,Midpines,37.54343,-119.9231,Autocamp Yosemite,3.0,"""Set in Midpines", 42 km from Yosemite Arch Rock Entrance, AutoCamp Yosemite offers accommodation with free bikes, free private parking, an outdoor swimming pool and a terrace. This 3-star hotel offers a 24-hour front desk, a concierge service and free WiFi. Guests can have a drink at the bar.,
California,Modesto,37.76783,-120.84354,Jerrys Motel Oakdale,2.0,"""Located less than 1.6 km from Oakdale Rodeo Grounds and the Oakdale Cowboy Museum", this motel features a 24-hour front desk and rooms with free WiFi.  Free guest parking is available.,,,,,
California,Modesto,37.50497,-120.85685,Sunrise Inn,2.0,"""Located in Turlock", Sunrise Inn is 0.5 miles from the Stanislaus County Fairgrounds and 2 miles from Freeway 99. It offers rooms with free Wi-Fi.,,,,,
California,Modesto,37.64551,-120.99291,Discovery Inn,2.0,"""The Galla Center of the Arts is less than 15 minutes walk from the motel. Rooms include cable TV. A 24-hour front desk is available.",,,,,,
California,Modesto,37.656931,-120.993593,Tiki Lodge,2.0,"""The Rodeway Inn hotel is centrally located near downtown and less than one mile from the Doctors Medical Center of Modesto. This Modesto", CA hotel is minutes from the McHenry Mansion, the McHenry Museum, Modesto Junior College, the Castle Air Museum and the Gallo Center for the Arts.,,
California,Modesto,37.65288,-120.99361,Economy Inn,2.0,"""Featuring free WiFi", Economy Inn  offers a refrigerator and a microwave in each guest room. Yosemite National Park is just 2 hours drive away.,,,,,
California,Mojave,35.04635,-118.16667,Desert Inn,2.0,"""This hotel is located in Mojave", California, just off the Mojave-Barstow highway. It offers free Wi-Fi, a 32-inch flat-screen TV with free HBO.,,,
California,Mojave,34.9999,-117.65258,Boron Motel,3.0,"""Located in downtown Boron", this motel is just a 2-minute walk from the 20 Mule Team Museum, as well as the Vernon P. Saxon Aerospace Museum.  It features free Wi-Fi access.,,,,
California,Mojave,35.00013,-117.65899,Budget Inn Of Boron,2.0,"""Budget Inn of Boron is set in Boron and features a garden. This property offers both free WiFi and private parking free of charge.",,,,,,
California,Mojave,35.04749,-118.16953,Executive Inn Mojave,2.0,"""Executive Inn Mojave is situated 1.4 miles from Mojave Air and Space Port. It features guest laundry facilities", an outdoor swimming pool and free Wi-Fi throughout the hotel.,,,,,
California,Mojave,35.12736,-118.45027,Ranch Motel,2.0,"""Featuring a mountain view from every room", this Tehachapi motel is within 10 miles of Souza Family Vineyards and Triassic Legacy Vineyards. Free Wi-Fi is provided in all rooms.,,,,,
California,Mojave,35.04674,-118.16835,Palm Inn,5.0,"""Situated in Mojave", 30 km from Willow Springs International Raceway, Palm Inn features accommodation with a garden and free private parking. Among the facilities at this property are room service and a 24-hour front desk, along with free WiFi throughout the property. The hotel has family rooms.,,,
California,Monrovia,34.14707,-117.98947,Monrovia Royal Oaks Garden,5.0,"""Situated in Monrovia in the California region", Monrovia Royal Oaks Garden features accommodation with free WiFi and free private parking.,,,,,
California,Montara,37.54185,-122.51582,Ocean View Inn,3.0,"""This hotel is located in a restored 1906 roadhouse 8 miles away from Half Moon Bay. All guest rooms feature patios or balconies. A daily breakfast is offered to guests", and Montara State Beach is across the street.,,,,,
California,Montara,37.53591,-122.51903,HI Point Montara Lighthouse Hostel,2.0,"""On the rugged Northern California coast", just 35 km south of San Francisco, this historic preserved 1875 fog signal station and lighthouse features beds in shared dormitories with free WiFi.,,,,
California,Montebello,33.99271,-118.11459,Best Inn Montebello,2.0,"""Just 15 minutes drive from the city centre of Los Angeles", this Montebello motel offers free WiFi access. A 24-hour front desk is featured at Best Inn Montebello.,,,,,
California,Montebello,34.00851,-118.10077,Anchor Inn,5.0,,,,100 Whittier Street PO Box 750WhittierAlaska 99693 ,99693,8778708787,http://www.anchorinnwhittier.com/rooms.php
California,Monterey,36.86735,-121.81828,Pajaro Dunes Resort Cypress Grove,3.0,,NO Large pets allowed (over 5 kg) NO Disability-friendly bathroom NO Garage NO Wheelchair-accessible NO Smoking rooms NO Car park NO Small pets allowed (under 5 kg) NO Connecting rooms,,105 Shell Drive WatsonvilleCalifornia 95076 ,95076,8317287400,http://www.pajarodunes.com/rentals/R000.php?TYPE=S
California,Monterey,36.26077,-121.79321,Fernwood Resort,5.0,"""Fernwood Resort offers rustic accommodation in Big Sur. The motel has a sun terrace and mountain views. Guests can enjoy a meal at the restaurant or a drink at the bar. Free private parking is available on site.",,,,,,
California,Monterey,36.70005,-121.65233,Wagon Wheel Motel,2.0,"""Featuring 2-star accommodation", Wagon Wheel Motel is located in Salinas, 35 km from Presidio of Monterey Museum and 43 km from Point Lobos State Reserve. With a garden, the 2-star motel has air-conditioned rooms with free WiFi, each with a private bathroom. Private parking is available on site.,,
California,Monterey,37.8165923,-96.87384449999999,Sunset Inn,3.0,,languages spoken accessibility Internet access things to do  ways to relax cleanliness and safety dining  drinking  and snacking services and conveniences for the kids access getting around available in all rooms,,1901 West Central Avenue El DoradoKansas 67042 ,67042,3163219172,https://www.agoda.com/partners/partnersearch.aspx?hid=22353277
California,Monterey,36.55262,-121.92299,Adobe Inn,4.0,"""A short walk from Carmel City Beach Park", the Adobe Inn offers a heated year-round outdoor pool as well as a dry sauna. All luxurious guest accommodations include free WiFi.,,,,,
California,Monterey,36.55349,-121.92514,Carmel Green Lantern Inn,2.0,"""Centrally located 2 minutes walk from Carmel Beach", this B&B serves a daily buffet breakfast and offers guest rooms with private entrances and free WiFi. Free guest parking is available.,,,,,
California,Monterey,36.66098,-121.6214,Inns of California Salinas,2.0,"""Inns of California Salinas features an outdoor pool", gardens and spacious guest rooms with free Wi-Fi. This hotel is less than one mile from Salinas Fairways Golf Course.,,,,,
California,Monterey,36.87538,-121.75849,El Rancho Motel,1.0,"""This family owned and operated Royal Oaks motel is within a 5-minute drive of downtown Watsonville. The motel offers free on-site parking and non-smoking guest rooms.",,,,,,
California,Monterey,36.59364,-121.88013,Monterey Fireside Lodge,1.0,"""Located in Monterey", California, this motel is 2-blocks from the Hyatt Conference Center. Free Wi-Fi is available in the guest rooms and the motel features a garden.,,,,
California,Monterey,36.55486,-121.92578,Lamp Lighter Inn and Sunset Suites,3.0,"""Located in scenic Carmel", Lamp Lighter Inn and Sunset Suites offers free WiFi access and free guest parking. Carmel Beach is just 10 minutes walk away.,,,,,
California,Monterey,36.55805,-121.92256,The Vagabond's House Boutique Inn & Spa Studio,4.0,"""This boutique hotel in Carmel-By-The-Sea", just 1 mile from Carmel Beach City Park, features a stone courtyard. Each uniquely-decorated guest room at the hotel offers a fireplace and modern amenities.,,,,
California,Monterey,36.70432281,-121.65361023,El Dorado Motel,2.0,,NO Smoking rooms NO Disability-friendly bathroom NO Wheelchair-accessible NO Garage NO Car park NO Connecting rooms NO Small pets allowed (under 5 kg) NO Large pets allowed (over 5 kg),Distances are calculated in a straight line from the property&apos;s location to the point of interest or attraction  and may not reflect actual travel distance. &lt;br /&gt;&lt;br /&gt; Distances are displayed to the nearest 0.1 mile and kilometre. &lt;p&gt;Salinas Sports Complex - 1.1 km / 0.7 mi &lt;br /&gt;California Rodeo Grounds - 1.2 km / 0.8 mi &lt;br /&gt;Northridge Mall - 1.4 km / 0.9 mi &lt;br /&gt;Boronda Adobe History Center - 2.2 km / 1.4 mi &lt;br /&gt;Salinas Valley Model Railroad Museum - 2.8 km / 1.8 mi &lt;br /&gt;First Mayor&apos;s House - 2.8 km / 1.8 mi &lt;br /&gt;National Steinbeck Center - 3.1 km / 1.9 mi &lt;br /&gt;Aguila Cultural Center - 3.1 km / 1.9 mi &lt;br /&gt;Steinbeck House - 3.1 km / 2 mi &lt;br /&gt;Salinas Fairways Golf Course - 4.9 km / 3 mi &lt;br /&gt;The Farm - 7.6 km / 4.7 mi &lt;br /&gt;Toro County Park - 11.7 km / 7.3 mi &lt;br /&gt;Marina Dunes Preserve - 13.3 km / 8.3 mi &lt;br /&gt;California State University Monterey Bay - 14.1 km / 8.7 mi &lt;br /&gt;Marina State Beach - 14.1 km / 8.8 mi &lt;br /&gt;&lt;/p&gt;,1351 North Main Street SalinasCalifornia 93906 ,93906,,
California,Monterey,36.61968972533941,-121.92185025662184,Anton Inn,2.0,"""This Pacific Grove property is located near Point Pinos Light. Additional nearby points of interest include Monterey Bay Aquarium.",,,,,,
California,Monterey,36.54655,-121.92765,The Colonial Terrace,3.0,"""This Carmel inn", built in 1925, is just 1 block from the beach and 1.5 km from shopping and dining on Ocean Avenue. The property offers a daily continental breakfast, free Wi-Fi and a fireplace in every guest room.,,,
California,Monterey,36.59643,-121.86205,Casa Verde Inn,1.0,"""This Monterey motel is 3 miles from Cannery Row and 2 minutes walk from the Monterey County Fairgrounds. The motel offers free parking and rooms with free Wi-Fi.",,,,,,
California,Monterey,36.91725,-121.76764,Economy Inn Watsonville,3.0,"""Offering a light continental breakfast", this budget motel is 1.5 miles from Watsonville historic city centre. Free WiFi is included in all rooms. Santa Cruz Beach Boardwalk is 25 minutes drive away.,,,,,
California,Monterey,36.59244,-121.89415,Inn By the Bay Monterey,2.0,"""A 10 minutes walk from downtown Monterey", Inn By the Bay Monterey is just across the street from Don Dahvee Park. Free WiFi is available throughout the property.,,,,,
California,Monterey,36.62039,-121.90861,Martine Inn,3.0,"""This waterfront Pacific Grove bed and breakfast overlooking Monterey Bay features a daily gourmet breakfast and elegant rooms with free Wi-Fi. The Monterey Bay Aquarium is less than 1 mile away.",,,,,,
California,Monterey,36.62934,-121.93077,The Monarch Resort,3.0,"""A short 6 minutes walk from the Monarch Butterfly Sanctuary", The Monarch Resort offers free parking. Property and all guest rooms offer FREE HIGH SPEED FIBER OPTIC INTERNET..,,,,,
California,Monterey,36.55573,-121.9245,Tall Ho Inn,3.0,"""Boasting panoramic ocean views", this California hotel is within walking distance of 12 wine tasting rooms.  Carmels sandy white beaches are 4 blocks away. All elegant rooms include free Wi-Fi.,,,,,
California,Monterey,36.59711,-121.85474,Monterey Fireplace Inn,2.0,"""Only minutes outside of downtown Monterey", California is where you will find this charming motel, centrally located near many area attractions, making it perfect for business and leisure travelers alike.,,,
California,Monterey,36.58633,-121.90053,Del Monte Pines Motel,2.0,"""Located just outside of the city centre of Monterey", California, and only moments away from a number of area attractions and the waterfront, this charming hotel features comfortable accommodation in a convenient location.,,,
California,Monterey,36.5961,-121.86418,Bayside Inn,2.0,"""Located 10 minutes drive from Monterey Bay Aquarium", this California motel offers convenient amenities such as a free Wi-Fi, and on-site parking. Free continental breakfast is also provided.,,,,
California,Monterey,36.41923,-121.32207,Valley Harvest Inn,2.0,"""Featuring an outdoor pool and hot tub", this motel is 4 miles away from Mission Nuestra. All rooms include free Wi-Fi.,,,,,
California,Monterey,36.62653,-121.9294,Butterfly Grove Inn,2.0,"""Adjacent to the Butterfly Grove Sanctuary", the Butterfly Grove Inn features an outdoor pool and a hot tub. Free WiFi is available throughout the property.,,,,,
California,Monterey,36.48205,-121.73779,Hidden Valley Inn,3.0,"""Nestled among the Santa Lucia Mountains", Hidden Valley Inn  is just 5 minutes walk to Carmel Valley Village where guests can explore many wine tasting rooms, boutique shops, and fine restaurants offering al fresco style dining. Free guest parking is provided on site.,,,
California,Monterey,36.60021,-121.84956,Discovery Inn Monterey Bay,2.0,"""This Seaside motel is within walking distance of Del Monte Beach and near downtown Monterey. The motel offers free on-site parking", a 24-hour front desk and free Wi-Fi.,,,,,
California,Monterey,36.62388,-121.91543,Seven Gables Inn,4.0,"""Nestled along the rocky shoreline of the Monterey Peninsula", this historic oceanfront inn offers charming accommodations along with personalised services and thoughtful amenities, and is close to popular area attractions.,,,,
California,Monterey,36.61251,-121.90314,The Jabberwock Bed & Breakfast,3.0,"""Located just 5 blocks from Cannery Row", this cozy 7 bedroom bed and breakfast in Monterey, California offers charming guest rooms. It is minutes from the beach and Monterey Bay Aquarium.,,,,
California,Monterey,36.55504,-121.92474,Normandy Inn,3.0,"""Located less than 5 minutes walk to boutiques and restaurants of Carmel Plaza", Normandy Inn is less than 5 minutes drive from Carmel Beach.,,,,,
California,Monterey,36.5593,-121.92035,Horizon Inn & Ocean View Lodge,3.0,"""Located 1 mile away from Carmel Beach", this hotel features a hot tub and serves a daily continental breakfast.  It offers free guest parking and rooms equipped with free Wi-Fi.,,,,,
California,Monterey,36.59262,-121.89396,Villa Franca Inn,2.0,"""Located 10 minutes walk from Monterey town centre", the Villa Franca Inn offers charming guest rooms which include free WiFi.,,,,,
California,Monterey,36.27072,-121.80848,Big Sur River Inn,3.0,"""Located adjacent to the Big Sur River", this California hotel features an on-site restaurant and bar. Pfeiffer Day Use Beach is 10 minutes drive away. Free Wi-Fi is provided in all rooms.,,,,,
California,Monterey,36.59332,-121.90058,Old Monterey Inn,,"""Old Monterey Inn bed and breakfast offers guests massages", free WiFi, and is a short 4 minutes drive to Monterey Bay. The property is surrounded by lush gardens and flowers.,,,,
California,Monterey,36.55758,-121.92187,Carmel Fireplace Inn,3.0,"""Carmel Fireplace Inn features individually decorated accommodation with free Wi-Fi. Carmel Beach is less than 1 mile away.",,,,,,
California,Monterey,36.55749,-121.92187,Briarwood Inn,3.0,"""Located within 5 minutes walk to shopping and dining locations in Carmel Village and 12 minutes walk to Carmel Beach", this inn features guest rooms with free WiFi and flat-screen cable TVs.,,,,,
California,Monterey,36.67326,-121.63539,Western Motel,2.0,"""Standing off Highway 101 and less than 1.5 miles from downtown Salinas", this motel features free Wi-Fi in all rooms. Salinas Municipal Airport is just 4 minutes away.,,,,,
California,Monterey,36.61744,-121.84173,Thunderbird Motel,2.0,"""Located in Seaside", California, this motel is only 10 minutes drive away from Central Monterey and Fishermans Wharf. A microwave and a refrigerator are featured in all guest rooms.,,,,
California,Monterey,36.54826,-121.92602,Sea View Inn Carmel,3.0,"""Located on a residential street just steps from Carmel Beach", this California accommodation provides a quiet atmosphere and free WiFi in all guest rooms.,,,,,
California,Monterey,36.6293,-121.9319,Pine Acres Lodge,5.0,"""Offering a garden and a terrace", as well as barbecue facilities, Pine Acres Lodge is set in Pacific Grove, not far from Asilomar State Beach and Lovers Point Beach.,,,
California,Monterey,36.68471,-121.80204,Old Marina Inn,1.0,"""This motel is 5 minutes drive from Marina State Beach. It offers guest rooms with free WiFi and free parking.",,,,,,
California,Monterey,36.61529,-121.90439,HI Monterey Hostel,2.0,"""HI Monterey Hostel offers accommodation with free WiFi. Free guest parking is available at this eco-friendly hostel. The hostel is just 600 metres from Montereys Cannery Row.",,,,,,
California,Monterey,36.6794,-121.78321,Laguna Lodge,1.0,"""Offering free WiFi", Laguna Lodge is located in Marina, California. Guest rooms with a microwave, refrigerator, and coffee machine are featured at this motel.,,
California,Monterey,36.52436,-121.84467,Saddle Mountain Ranch,5.0,"""Offering free WiFi in the public areas", Saddle Mountain Ranch features a large swimming pool heated from May through September. Barbecue facilities and tables are offered at each cabin and tent. This pet-friendly accommodation is located in Carmel Valley, 16 km from Monterey.,,,,
California,Monterey,36.55469,-121.92464,Lobos Lodge,3.0,"""Lobos Lodge is situated in Carmel", 3.6 km from Point Lobos State Reserve. The property is located 300 metres from Carmel Plaza, 1.4 km from Carmel Mission and a 5-minute walk from Carmel Beach Access. Each room is fitted with a balcony.,,,,
California,Monterey,36.54356,-121.92797,Lincoln Green Inn,2.0,"""Located 5 minutes walk to Carmel Beach", this Carmel retreat features cottages with a fireplace, free WiFi and bathrobes. Breakfast in room is offered. Carmel cafes and shops are just 1 mile away.,,,,
California,Monterey,36.5583,-121.91925,Carmel Garden Inn,5.0,"""Located in scenic Carmel", this B&B features rooms and suites with free Wi-Fi and a wood-burning fireplace. Pebble Beach is 3 km away. Free guest parking is available.,,,,,
California,Monterey,36.55937,-121.92271,Carmel Country Inn,3.0,"""Located less than 1 mile from Carmel Beach", this luxury inn offers a daily gourmet breakfast. The stylish shops and gourmet bites of Carmel Plaza and Ocean Avenue is less than 10 minutes walk away.,,,,,
California,Monterey,36.69487,-121.80299,Hampton Inn & Suites Marina,5.0,"""Situated in Marina", 1.1 km from Marina State Beach, Hampton Inn & Suites Marina features accommodation with a fitness centre, free private parking and a shared lounge. The property is located 17 km from Presidio of Monterey Museum, 27 km from Point Lobos State Reserve and 14 km from Naval Postgraduate School. The hotel has an indoor pool and a 24-hour front desk.,,
California,Monterey,36.52157,-121.79076,the Nest in Carmel Valley,5.0,"""The Nest in Carmel Valley is located in Carmel Valley. The air-conditioned accommodation is 32 km from Marina.",,,,,,
California,Monterey,36.56308,-121.91238,Valley Views,5.0,"""Valley Views is set in Carmel", 6 km from Point Lobos State Reserve and 2.2 km from Carmel Plaza, in an area where cycling can be enjoyed. Situated 1.6 km from Carmel Beach, the property features a garden and free private parking.,,,
California,Monterey,36.60422,-121.95277,963 Coral Drive Home,5.0,"""Located in Pebble Beach", 963 Coral Drive Home provides accommodation with a patio and free WiFi. Set 1.3 km from Asilomar State Beach, the property offers a garden and free private parking.,,,,
California,Monterey,36.55509,-121.91908,Sea Shell Cottage Cottage 3274,4.0,"""Set in Carmel", 6.4 km from Point Lobos State Reserve, 7.2 km from Presidio of Monterey Museum and 1.6 km from Carmel Mission, 3274 Sea Shell Cottage offers accommodation with a patio and free WiFi. This holiday home is 6.4 km from Monterey Pines Golf Club and 6.9 km from Monterey Bay Whale Watching Cruises.,,,
California,Monterey,36.59264,-121.94885,Pacific Whispers Four Bedroom Home 3397,4.0,"""Set in Pebble Beach", 7 km from Presidio of Monterey Museum, 13 km from Point Lobos State Reserve and 2.8 km from Pebble Beach, 3397 Pacific Whispers offers accommodation with a patio and free WiFi. The property is 7.6 km from Monterey Bay Whale Watching Cruises and 7.9 km from Monterey Pines Golf Club.,,,
California,Monterey,36.59209,-121.95038,Hermitage by the Sea Home 3476,4.0,"""Situated in Pebble Beach", 7.5 km from Presidio of Monterey Museum, 14 km from Point Lobos State Reserve and 2.9 km from Pebble Beach, 3476 Hermitage by the Sea features accommodation with a patio and free WiFi. The property is 8 km from Monterey Bay Whale Watching Cruises and 8.3 km from Monterey Pines Golf Club.,,,
California,Monterey,36.55378,-121.92354,The Carmel Penthouse Condominum 3580,4.0,"""Set in Carmel", 6.9 km from Point Lobos State Reserve, 7.7 km from Presidio of Monterey Museum and 1.5 km from Carmel Mission, 3580 The Carmel Penthouse offers accommodation with a balcony and free WiFi. The property is 7 km from Monterey Pines Golf Club and 7.4 km from Monterey Bay Whale Watching Cruises.,,,
California,Monterey,36.56642,-121.91435,Forest Hideaway Home 3596,4.0,"""Located in Carmel", 5.8 km from Presidio of Monterey Museum, 7.1 km from Point Lobos State Reserve and 3.6 km from Carmel Mission, 3596 Forest Hideaway provides accommodation with a patio and free WiFi. The property is 5.5 km from Monterey Bay Whale Watching Cruises and 6.7 km from Pebble Beach.,,,
California,Monterey,36.55864,-121.92567,Whispering Waves Home 3681,4.0,"""Set in Carmel", 7.2 km from Presidio of Monterey Museum, 7.3 km from Point Lobos State Reserve and 2.2 km from Carmel Mission, 3681 Whispering Waves offers accommodation with a patio and free WiFi. The property is 6.4 km from Monterey Pines Golf Club and 6.8 km from Monterey Bay Whale Watching Cruises.,,,
California,Monterey,36.6058,-121.86684,Baylights by the Sea Condominium 3731,4.0,"""Set in Monterey", 1 km from Monterey State Beach, 1.2 km from Seaside Beach and 2.5 km from San Carlos State Beach, 3731 Baylights by the Sea offers accommodation with a patio and free WiFi. The property is 1.7 km from Naval Postgraduate School and 2.9 km from Dennis the Menace Park.,,,
California,Monterey,36.55486,-121.91943,Forest Lodge,5.0,"""Surrounded by a furnished terrace", Forest Lodge offers free WiFi and free parking in rooms. Boutiques, bakeries and cafes on Carmel Plaza are a minutes walk away. Carmel Beach is 12 minutes walk.,,,,
California,Monterey,36.89383,-121.83467,25 Toad Hollow Home,5.0,"""Situated in Watsonville in the California region", 25 Toad Hollow Home has a balcony. This property offers access to a patio, free private parking and free WiFi.,,,,
California,Monterey,36.92726,-121.85884,Ocean Front Getaway In La Selva Beach,5.0,"""Featuring sea views", Ocean Front Getaway in La Selva Beach features accommodation with a terrace and a coffee machine, around a few steps from Manresa State Beach. Boasting free private parking, the holiday home is in an area where guests can engage in activities such as hiking and cycling.,,,
California,Monterey,36.47766,-121.7218,Pepper Tree Cottage in Carmel Valley,5.0,"""Pepper Tree Cottage in Carmel Valley is located in Carmel Valley. The accommodation is 36 km from Marina", and guests benefit from private parking available on site and free WiFi.,,,,,
California,Monterey,36.55871,-121.92249,Carmel Stonehouse,5.0,"""Featuring garden views", Carmel Stonehouse features accommodation with a patio and a coffee machine, around 5 km from Point Lobos State Reserve. Boasting free private parking, the holiday home is in an area where guests can engage in activities such as hiking and tennis.,,,
California,Monterey,36.41994,-121.32219,Soledad Motel 8,5.0,"""Soledad Motel 8 is offering accommodation in Soledad. The hotel offers both free WiFi and free private parking.",,,,,,
California,,33.91687,-117.2511,Motel 7 Moreno Valley,3.0,HotelDescription#Further information about this hotel will be available shortly,NO Car park NO Small pets allowed (under 5 kg) NO Smoking rooms NO Garage NO Wheelchair-accessible NO Large pets allowed (over 5 kg) NO Disability-friendly bathroom NO Connecting rooms,,Alessandro Blvd 23581 23581 92553 Moreno Valley Moreno ValleyCalifornia 92553 ,92553,9099849655,http://www.magnusonhotels.com/Motel-7-Moreno-Valley/
California,,41.42108,-122.38422,Hi Lo Motel Cafe And RV Park,2.0,,,,88 South Weed Boulevard WeedCalifornia 96094 ,96094,5309382904,https://www.booking.com/hotel/us/hi-lo-motel-cafe-and-rv-park.html
California,Napa,38.29261,-122.28701,Inn On Randolph,4.0,"""This inn is located on a 19th century estate in Napas largest historic residential district. Guests can relax on the sun terrace and enjoy beautifully landscaped gardens at Inn on Randolph. Free WiFi is available. The Uptown Theatre is just 400 metres away.",,,,,,
California,Napa,38.29732,-122.29368,1801 First,5.0,"""Located within 600 metres of Uptown Theater in Napa", 1801 First Luxury Inn features a garden, as well as free WiFi. Around 800 metres from Napa Valley Opera House, the property is also close to Napa Factory Stores. The property is set an 11-minute walk from Morimoto Restaurant.,,,
California,Napa,38.30309,-122.31089,Stahlecker House B&b,3.0,"""Located a 5 minute drive from downtown Napa", Stahlecker House Inn offers a ranch style home on 1 acre. Free on-site parking and complimentary WiFi are provided.,,,,,
California,Napa,38.30426,-122.29023,Hennessey House Bed And Breakfast,3.0,,,,1727 Main Street NapaCA 94559 ,94559,7072263774,https://www.booking.com/hotel/us/hennessey-house.html
California,Napa,38.29881,-122.2943,The Napa Inn,,"""Located 1 mile from the Wine Train and Oxbow Public Market", this Napa B&B offers on-site spa services. Guests can relax and socialize with an evening wine reception. Free Wi-Fi is included in each suite.,,,,,
California,Napa,38.3125,-122.2967,Chardonnay Lodge,3.0,"""Located in central Napa", just a short drive from nearby wineries and stunning scenery, Chardonnay Lodge offers free WiFi and parking.,,,,
California,Napa,38.36526,-122.3388,The Cottages of Napa Valley,,"""Offering a complimentary bottle of wine upon arrival", The Cottages of Napa Valley is located 2 miles south of Yountville. This cottage comes furnished with full kitchen.,,,,,
California,Napa,38.31305,-122.29157,Abode Napa Valley,5.0,,,,856 Central Avenue NapaCalifornia 94558 ,94558,,
California,Napa,38.2874,-122.274,Cambria Hotel Napa Valley,3.0,"""Set in Napa", 2.5 km from Napa Valley Wine Train, Cambria Hotel Napa Valley offers accommodation with a fitness centre, private parking, a garden and a restaurant. This 3-star hotel offers a 24-hour front desk, a business centre and free WiFi. Guests can have a drink at the bar.,
California,Napa,38.34748,-122.2653,Silverado Studio Condo,5.0,"""1 bed - 1 bath - Silverado Resort Experience is situated in Napa", 31 km from Mission San Francisco Solano, 6.9 km from Napa Valley Opera House, as well as 7.3 km from Uptown Theater. The accommodation is 6.7 km from Napa Valley Wine Train, and guests benefit from complimentary WiFi and private parking available on site.,,
California,Napa,38.34868,-122.2647,1600 Atlas Peak Rd Condo Unit 271,5.0,"""Situated in Napa in the California region", 1600 Atlas Peak Rd Condo Unit 271 features a patio. The air-conditioned accommodation is 6 km from Napa Valley Hot Air Balloons, and guests benefit from private parking available on site and free WiFi.,,,,
California,Napa,38.34868,-122.2647,1600 Atlas Peak Rd Condo Units 271 And 272,5.0,"""Set in Napa", 7 km from Oxbow Public Market, 7 km from Napa Valley Opera House and 7 km from Morimoto Restaurant, 1600 Atlas Peak Rd Condo Units 271 and 272 offers accommodation with a patio and free WiFi. Located 6 km from Napa Valley Hot Air Balloons, the property provides a garden and free private parking.,,
California,Napa,38.30304,-122.26155,Napa Valley And Guest House Home,5.0,"""Set 1.3 km from Napa Valley Hot Air Balloons in Napa", this holiday home features a patio. The holiday home is 1.8 km from Oxbow Public Market.,,,,,
California,Napa,38.34874,-122.26453,1600 Atlas Peak Rd Condo Unit 221,5.0,"""Situated in Napa", 7 km from Oxbow Public Market, 7 km from Napa Valley Opera House and 7 km from Morimoto Restaurant, 1600 Atlas Peak Rd Condo Unit 221 features accommodation with a patio and free WiFi. Located 6 km from Napa Valley Hot Air Balloons, the property provides a garden and free private parking.,,
California,Napa,38.3489,-122.26453,Condo Near Trails,5.0,"""Situated 5 km from Napa Valley Hot Air Balloons and 6 km from Oxbow Public Market", Silverado Resort Condo Near Trails Condo offers accommodation in Napa. Guests benefit from patio.,,,,,
California,Napa,38.34915,-122.26461,Condo Near Trails #Silv374p,5.0,"""Combined Apartments for 4 on Silverado Trail Condo offers accommodation in Napa. The apartment is 5 km from Napa Valley Hot Air Balloons.",,,,,,
California,Napa,38.34874,-122.26453,1600 Atlas Peak Rd Condo Silverado Unit 382 Condo,5.0,"""1600 Atlas Peak Rd Condo Silverado - Unit 382 offers accommodation in Napa", 6 km from Napa Valley Hot Air Balloons and 7 km from Oxbow Public Market. It is situated 7 km from Napa Valley Opera House and offers an ATM.,,,,,
California,Napa,38.34903,-122.26456,Condo Near Trails #Silv287p,5.0,"""Located 5 km from Napa Valley Hot Air Balloons in Napa", this air-conditioned apartment features a patio. The apartment is 6 km from Oxbow Public Market.,,,,,
California,Napa,38.34911,-122.26451,Condo Near Trails #Silv266c,5.0,"""Napa Apt on Silverado Trail 266 Condo offers accommodation in Napa", 5 km from Napa Valley Hot Air Balloons and 6 km from Oxbow Public Market. The unit is 6 km from Napa Valley Opera House.,,,,,
California,Napa,38.34899,-122.26453,1600 Atlas Peak Condo,5.0,"""1600 Atlas Peak Condo Condo offers accommodation in Napa", 5 km from Napa Valley Hot Air Balloons and 6 km from Oxbow Public Market. The apartment is 6 km from Napa Valley Opera House.,,,,,
California,Napa,38.34911,-122.26451,Condo Near Trails #Silv266p,5.0,"""Set 5 km from Napa Valley Hot Air Balloons in Napa", this apartment features a balcony. The apartment is 6 km from Oxbow Public Market.,,,,,
California,Napa,38.34874,-122.26453,1600 Atlas Peak Rd Condo Silverado Unit 381 Condo,5.0,"""Situated 6 km from Napa Valley Hot Air Balloons in Napa", 1600 Atlas Peak Rd Condo Silverado - Unit 381 offers accommodation with a kitchen. The Oxbow Public Market is within 7 km of the apartment.,,,,,
California,Napa,38.34874,-122.26453,1600 Atlas Peak Rd Condo Silverado Unit 381 and 382 Condo,5.0,"""Situated in Napa in the California region", 1600 Atlas Peak Rd Condo Silverado - Unit 381 and 382 has a patio. It is set 6 km from Napa Valley Hot Air Balloons and features an ATM.,,,,,
California,Napa,38.34893,-122.26461,Studio Condo Near Trails #SILV267C,5.0,"""Located 5 km from Napa Valley Hot Air Balloons and 6 km from Oxbow Public Market", 1600 Atlas Peak Condo Condo offers accommodation in Napa. The apartment is 6 km from Napa Valley Opera House.,,,,,
California,Napa,38.34889,-122.26453,Studio Condo Near Trails #SILV375C,5.0,"""Set in Napa", this air-conditioned apartment features a patio. The apartment is 5 km from Napa Valley Hot Air Balloons.,,,,,
California,Napa,38.34903,-122.26456,Studio Condo Near Trails #SILV288C,5.0,"""Located in Napa", this air-conditioned apartment features a patio. The unit is 5 km from Napa Valley Hot Air Balloons.,,,,,
California,Napa,38.30304,-122.26155,583 Montecito Napa Home Home,5.0,"""583 Montecito Napa Home Home is a holiday home is situated in Napa is 1.3 km from Napa Valley Hot Air Balloons. The holiday home is 1.8 km from Oxbow Public Market.",,,,,,
California,Napa,38.30304,-122.26155,Napa Valley Guest House Cottage,5.0,"""Located in Napa in the California Region", this holiday home is 1.3 km from Napa Valley Hot Air Balloons. The air-conditioned unit is 1.8 km from Oxbow Public Market.,,,,,
California,Napa,38.35081,-122.25597,888 Oak Creek At Silverado Condo,5.0,"""Situated in Napa in the California region", 888 Oak Creek at Silverado condo has a patio. The air-conditioned accommodation is 7 km from Napa Valley Hot Air Balloons, and guests benefit from complimentary WiFi and private parking available on site.,,,,
California,Napa,38.35412,-122.26592,657 Cottages At Silverado Condo,5.0,"""Situated in Napa", 7.3 km from Napa Valley Wine Train, 657 Cottages at Silverado residence features accommodation with free WiFi and free private parking. The property is set 32 km from Mission San Francisco Solano, 7.5 km from Napa Valley Opera House and 7.9 km from Uptown Theater. Every room includes a patio.,,,
California,Napa,38.35359,-122.2649,702 Cottages At Silverado Condo,5.0,"""Situated 7.4 km from Napa Valley Wine Train", 32 km from Sonoma State Historic Park and 7.6 km from Napa Valley Opera House, 702 Cottages at Silverado condo features accommodation located in Napa. This property offers access to a balcony, free private parking and free WiFi.,,,
California,Napa,38.35378,-122.26541,683 Cottages At Silverado Condo,5.0,"""Situated in Napa", 7.4 km from Napa Valley Wine Train, 683 Cottages at Silverado residence features accommodation with free WiFi and free private parking. The property is set 32 km from Mission San Francisco Solano, 7.5 km from Napa Valley Opera House and 8 km from Uptown Theater. Each room includes a patio.,,,
California,Napa,38.35213,-122.25686,841 Oak Creek At Silverado Condo,5.0,"""Located in Napa in the California region", 841 Oak Creek at Silverado condo has a balcony. The air-conditioned accommodation is 7 km from Napa Valley Hot Air Balloons, and guests benefit from complimentary WiFi and private parking available on site.,,,,
California,Napa,38.35346,-122.26533,703 Cottages At Silverado Condo,5.0,"""Located in Napa", 7.4 km from Napa Valley Wine Train, 703 Cottages at Silverado residence provides accommodation with free WiFi and free private parking. The property is around 32 km from Sonoma State Historic Park, 7.6 km from Napa Valley Opera House and 8 km from Uptown Theater. The rooms include a balcony.,,,
California,Napa,38.35204,-122.25565,868 Oak Creek At Silverado Condo,5.0,"""Located in Napa in the California region", 868 Oak Creek at Silverado condo features a patio. The air-conditioned accommodation is 7 km from Napa Valley Hot Air Balloons, and guests benefit from complimentary WiFi and private parking available on site.,,,,
California,Napa,38.35185,-122.26539,764 Cottages At Silverado Condo,5.0,"""764 Cottages at Silverado condo is situated in Napa", 7 km from Napa Valley Hot Air Balloons, 7 km from Oxbow Public Market, as well as 8 km from Napa Valley Opera House. This property offers access to a balcony, free private parking and free WiFi.,,
California,Needles,34.84866,-114.6171,Desert Mirage Inn & Suites,2.0,"""Desert Mirage Inn & Suites offers non-smoking accommodation and guest rooms with free Wi-Fi. The hotel is located off Interstate 40 and is 1.6 km from the Colorado River.",,,,,,
California,Needles,34.84824,-114.61435,River Valley Inn,2.0,"""Located off Interstate 40", this Needles, California motel offers rooms with free Wi-Fi and a satellite TV.  It features an outdoor pool and is within easy walking distance of the Colorado River.,,,,
California,Needles,34.84822,-114.61567,Hampton Inn Needles,5.0,"""Hampton Inn Needles features accommodation in Needles. Free WiFi and a 24-hour front desk are available.",,,,,,
California,,40.75339,-73.99859,PENDRY MANHATTAN WEST,,"""A new side of the city. Where elegance and ease comingle. Where a warm", contemporary design story envelops you from the inside out with stunning interiors and an awe-inspiring, rippling wave façade that stands out amid the citys iconic skyline. Where an understated, California-inspired take on progressive luxury ushers you into an airy, relaxed version of New York and its timeless sophistication. Located in the center of the citys new west side, we are an extension of the areas sophisticated energy with a pulse that is all our own. Welcome to Pendry Manhattan West. Guests are required to show a photo identification and credit card upon check-in. Please note that all Special Requests are subject to availability and additional charges may apply.,
California,Newark,37.5283338,-122.0049694,Motel 6 Newark,2.0,,,,5601 Mowry Avenue I-880/Nimitz Freeway at Mowry AvenueNewarkCalifornia 94560 ,94560,,
California,Newark,37.531,-122.00606,E Z 8 Motel Newark,2.0,"""Located 1 mile away from NewPark Mall", this motel features an outdoor pool and hot tub.  All rooms include cable TV.  Free guest parking is available.,,,,,
California,Nipomo,35.0427,-120.47384,Kaleidoscope Inn & Gardens,5.0,"""Set in Nipomo", 15 km from Clark Center for the Performing Arts, and Mission San Luis Obispo de Tolosa reachable within 40 km, Kaleidoscope Inn & Gardens offers a garden, a shared lounge and free WiFi.,,
California,Nipomo,35.05038,-120.5417,Views Over The Fairway,5.0,"""Located 14 km from Pismo Beach", Views Over the Fairway offers accommodation in Los Berros. Guests benefit from terrace and an outdoor pool.,,,,,
California,,34.17891,-118.37933,Timen's House,5.0,,,,5947 Tujunga Avenue North HollywoodCalifornia 91601 ,91601,8189809930,https://www.booking.com/hotel/us/timen-house.html
California,Norwalk,33.91174,-118.08083,Espana Motel,5.0,"""Located in Norwalk", 12 km from Knotts Berry Farm, Espana Motel provides accommodation with free WiFi and free private parking. The property is set 21 km from Anaheim Convention Center, 25 km from LA Union Station and 27 km from Staples Center. The accommodation offers room service and a 24-hour front desk for guests.,,,
California,Norwalk,33.91784,-118.08177,Comfort Inn Norwalk,2.0,"""HotelDescription#This Norwalk hotel is minutes from Knott's Berry Farm and is centrally located between Los Angeles and Orange County", just off Interstate 5 and Interstate 605. This Norwalk hotel is close to the Angel Stadium of Anaheim, Disneyland, the Los Alamitos Race Course, Movieland Wax Museum and the Queen Mary. There are a wide variety of restaurants and cocktail lounges located in the area. The hotel is 10 miles from the Long Beach Airport, 20 miles from the Los Angeles International Airport and 25 miles from the Burbank International Airport.,
California,Norwalk,33.9078,-118.07227,Luxury Inn,2.0,"""Located 12 miles away from Disneyland", this Norwalk hotel features air-conditioned rooms with free Wi-Fi.  It serves a daily continental breakfast and offers free guest parking.,,,,,
California,Novato,38.05743,-122.53138,Marinwood Inn & Suites,2.0,"""Offering a seasonal heated outdoor pool and an on-site restaurant", Marinwood Inn & Suites is situated between Napa and San Francisco, within 40 km of both. Free WiFi access is available.,,,,
California,Novato,38.08657,-122.52167,Four Bedroom Waterfront Home,5.0,"""Four Bedroom Waterfront Home is situated in Novato", 9 km from Moylans Brewery and Restaurant, 9 km from Trek Winery, and 17 km from Willow Tree Stables. With free private parking, the property is 5 km from Novato Theater Company and 6 km from Marin Museum of Contemporary Art.,,
California,Oakdale,37.76783,-120.84354,Jerrys Motel Oakdale,2.0,"""Located less than 1.6 km from Oakdale Rodeo Grounds and the Oakdale Cowboy Museum", this motel features a 24-hour front desk and rooms with free WiFi.  Free guest parking is available.,,,,,
California,Oakhurst,37.31581,-119.66464,Yosemite Sierra View Bed & Breakfast,5.0,"""Boasting a garden", a shared lounge, and a terrace, Yosemite Sierra View offers accommodation in Oakhurst with free WiFi and mountain views. Featuring free private parking, the holiday home is in an area where guests can engage in activities such as hiking and fishing.,,
California,Oakhurst,37.34615,-119.64035,Queen'S Inn By The River,3.0,"""Conveniently located 13 miles from Yosemite National Park", this Oakhurst guest accommodation offers an in-room coffee maker, refrigerator and microwave.,,,,
California,Oakhurst,37.36423,-119.64263,Yosemite's Mountain Trail Lodge,2.0,"""Located along the winding Highway 41 and 2.8 miles from downtown Oakhurst", this hillside hotel features free Wi-Fi and an outdoor pool. The entrance into Sierra National Forest is 12.5 miles away.,,,,,
California,Oakhurst,37.36059,-119.64418,Hounds Tooth Inn,4.0,"""Located 10 minutes drive from Bass Lake", this Oakhurst bed and breakfast serves a hot breakfast for all guests daily. Free Wi-Fi is provided.,,,,,
California,Oakhurst,37.33333,-119.65068,Oakhurst Lodge,2.0,"""Located 25 minutes drive from Yosemite South Entrance", Oakhurst Lodge features free Wi-Fi access is available in all rooms. A continental breakfast is served daily, and the property offers easy access to plenty of outdoor activities.,,,,
California,Oakhurst,37.32712,-119.66087,Chateau Du Sureau,,"""Set in Oakhurst", Château du Sureau features a seasonal outdoor swimming pool and garden. This 5-star hotel offers a 24-hour front desk. Free WiFi is available.,,,,,
California,Oakhurst,37.35937,-119.63682,Riverfront Property With Waterfalls Near Yosemite And Bass Lake,4.0,"""Offering mountain and river views", Riverfront Property with Waterfalls near Yosemite and Bass Lake is located in Oakhurst. Free WiFi is available at this holiday home.,,,,,
California,Oakhurst,37.36919,-119.62619,The Fishermen's Oasis,5.0,"""Featuring a balcony and a hot tub", this three-bedroom house provides a full kitchen with stainless steel appliances. The backyard features access to Lewis Creek. Yosemite National Park is 20 km away.,,,,,
California,Oakhurst,37.38326,-119.63245,A Bed Of Roses,,"""Located 10 miles away from Yosemite National Park", this Oakhurst B&B serves a daily full breakfast. The guest room includes free Wi-Fi and a DVD player with free movies. A seasonal outdoor pool is available.,,,,,
California,Oakhurst,37.37642,-119.61631,Yosemite's Blue Bird Ranch,5.0,"""Blue Bird Ranch is set in Oakhurst. The air-conditioned accommodation is 20 km from Yosemite South Entrance", and guests benefit from complimentary WiFi and private parking available on site.,,,,,
California,Oakhurst,37.35961,-119.60565,Lazy Bear Lodge,5.0,"""Located 20 minutes drive to Yosemitte National Park", this four-bedroom house provides a patio with a mountain view and barbecue facilities. Free WiFi and free, private parking is also provided.,,,,
California,Oakhurst,37.37369,-119.62254,Trout Creek Lodge 3BR 2BA Home,5.0,"""A private hot tub", barbecue facilities and an outdoor dining area are featured on the private, redwood terrace of this three-bedroom house. Yosemite National Park is 20 minutes drive away.,,,,
California,Oakhurst,37.3197,-119.5838,Manzanita Cabin Bass Lake,5.0,"""Bass Lakes Manzanita Cabin! is set in Oakhurst and offers a garden and barbecue facilities. The air-conditioned accommodation is 8 km from Bass Lake", and guests benefit from complimentary WiFi and private parking available on site.,,,,,
California,Oakhurst,37.36811,-119.62601,Cedar Mountain Lodge 3BR 2BA,5.0,"""Situated in Oakhurst in the California region", Cedar Mountain Lodge features a balcony. The air-conditioned accommodation is 20 km from Yosemite South Entrance, and guests benefit from private parking available on site and free WiFi.,,,,
California,Oakhurst,37.37183,-119.6235,Sierra Springs 4BR 3BA Holiday Home,5.0,"""Situated in Oakhurst in the California region", Sierra Springs features a balcony. The air-conditioned accommodation is 20 km from Yosemite South Entrance, and guests benefit from complimentary WiFi and private parking available on site.,,,,
California,Oakhurst,37.37796,-119.61312,Yosemite's Anglers Rest,5.0,"""Situated in a quiet and secluded area of Oakhurst between Yosemite National Park and Sierra National Forest", Yosemite Anglers Rest is a self-catering accommodation. This holiday home features a fully equipped kitchen, mountain views, and free high-speed WiFi access.,,,
California,Oakhurst,37.36575,-119.62659,Harmony Hilltop Hideaway 3BR 2BA,5.0,"""Featuring views of Deadwood Mountain", Harmony Hilltop Hideaway is located in Oakhurst. Free WiFi access is available in this holiday home. Yosemite National Park is 20 minutes drive away.,,,,,
California,Oakhurst,37.33106,-119.6336,Charming Downstairs Unit,5.0,"""Charming Downstairs Unit features views of the mountains and located within walking distance to all shopping and restaurants in Oakhurst. There is a large grassy area for game activities and free WiFi.",,,,,,
California,Oakhurst,37.34226,-119.72293,Little Red Caboose,5.0,"""Boasting a garden", a terrace, and a tennis court, Little Red Caboose offers accommodation in Oakhurst with free WiFi and mountain views. Featuring a patio, the holiday home is in an area where guests can engage in activities such as hiking, skiing and fishing.,
California,Oakhurst,37.35177,-119.70145,Mountain View Playhouse Near Yosemite & Bass Lake,5.0,"""Situated in Oakhurst", Mountain View Playhouse Near Yosemite & Bass Lake offers a shared lounge, a garden and a barbecue. Featuring free private parking, the holiday home is in an area where guests can engage in activities such as skiing, cycling and billiards.,,
California,Oakhurst,37.37486,-119.6152,Sierra Base Camp,5.0,"""Set in Oakhurst in the California region", Sierra Base Camp features a balcony. The air-conditioned accommodation is 20 km from Yosemite South Entrance, and guests benefit from complimentary WiFi and private parking available on site.,,,,
California,Oakhurst,37.37173,-119.6281,Magic Escape 3BA 1BA Home,5.0,"""Situated in Oakhurst in the California region", Magic Escape features a patio. The air-conditioned accommodation is 19 km from Yosemite South Entrance, and guests benefit from private parking available on site and free WiFi.,,,,
California,Oakhurst,37.34226,-119.72297,Hawk's Rest,5.0,"""Boasting a terrace and a tennis court", Hawks Rest provides accommodation in Oakhurst with free WiFi and mountain views. Featuring free private parking, the holiday home is in an area where guests can engage in activities such as hiking, skiing and fishing.,,,
California,Oakhurst,37.37538,-119.61546,Frontiersman 3BR 2BA Home,5.0,"""Situated in Oakhurst in the California region", Frontiersman - 3BR/2BA Home features a patio. The air-conditioned accommodation is 11 km from Bass Lake, and guests benefit from complimentary WiFi and private parking available on site.,,,,
California,Oakhurst,37.33095,-119.63402,New Charming Unit Close To Everything,5.0,"""Located in Oakhurst in the California region", NEW CHARMING 2 BEDROOMS UNIT CLOSE TO EVERYTHING has a patio and mountain views. Set 26 km from Yosemite South Entrance, the property offers free bikes and free private parking.,,,,
California,Oakland,37.86739,-122.26281,Berkeley City Club Hotel,4.0,"""Located 5 minutes walk to University of California Berkeley", this historic Berkeley, California hotel is elegantly kept. An indoor swimming pool with high ceilings and big windows is featured.,,,,
California,Oakland,37.82494,-122.25929,Westwind Lodge,3.0,"""Free Wi-Fi is available in all rooms at this non-smoking motel. The air-conditioned property offers a 24-hour reception for guest convenience. Telegraph Avenue is less than a mile away.",,,,,,
California,Oakland,37.87223,-122.26954,Nash Hotel,2.0,"""Situated in Berkeley and with University of California Berkeley reachable within 1.1 km", Nash Hotel features concierge services, non-smoking rooms, a garden, free WiFi throughout the property and a restaurant. This 2-star hotel offers a 24-hour front desk. The property is less than 1 km from the city centre and 7.8 km from Paramount Theater.,,
California,Oakland,37.86733,-122.27003,Downtown Berkeley Inn,5.0,"""Attractively set in the centre of Berkeley", Downtown Berkeley Inn features air-conditioned rooms with free WiFi and free private parking. The property is set 7.2 km from Paramount Theater, 7.2 km from Fox Theater Oakland and 7.7 km from Fairyland. The property is non-smoking and is situated 1.3 km from University of California Berkeley.,,,,
California,Oakland,37.69644,-122.0511,Castro Valley Inn,3.0,"""Located in Castro Valley", 17 km from Oakland Coliseum, SureStay Hotel by Best Western Castro Valley provides accommodation with free WiFi and free private parking. This 3-star inn offers a 24-hour front desk. The inn features family rooms.,,,,
California,Oakland,37.8679008,-122.2580032,Beau Sky,3.0,,,,2520 Durant Avenue BerkeleyKalifornien 94704 ,94704,,http://www.i4berkeley.com/beau-sky-hotel/
California,Oakland,37.82713,-122.27031,Bay Bridge Inn Oakland,2.0,"""Bay Bridge Inn is an economy property in Oakland conveniently located 2 blocks from a BART (Bay Area Rapid Transit) station", which puts it in easy reach of San Francisco and Berkeley.,,,,,
California,Oceanside,33.1747,-117.36152,Oceanside Inn And Suites,2.0,"""Conveniently located off I-5", this Oceanside, California motel features rooms and suites with free Wi-Fi and offers free guest parking. Camp Pendleton Marine Corps Base is 15 miles away.,,,,
California,Oceanside,33.20207,-117.38334,Motel 9,2.0,"""Located 8 km from MiraCosta College", Motel 9 provides air-conditioned rooms in Oceanside. The property is 8 minutes walk from the California Surf Museum. The accommodation offers a 24-hour front desk.,,,,,
California,Oceanside,33.18705,-117.37627,Aquamarine Villas,2.0,"""Situated only one block from North San Diego Countys beaches", this aprtment-style hotel is close to a number of the areas main attractions and offers many of the comforts of home.,,,,,
California,Oceanside,33.20244,-117.38442,Coast Inn,1.0,"""Just a 10-minute walk from a sandy beach", this motel is located in Oceanside, California. Guest rooms with a flat-screen TV and free WiFi access are featured at the Coast Inn.,,,,
California,Oceanside,33.20152,-117.38935,North Coast Village,5.0,"""Situated in Oceanside", 1.6 km from Oceanside City Beach, 14 km from MiraCosta College and 1.5 km from California Surf Museum, North Coast Village Retreat features accommodation with a patio and free WiFi. It is set 5 km from Marine Corps Base Camp Pendleton and offers an ATM.,,,
California,Oceanside,33.19454,-117.38256,Mission Pacific Hotel,4.0,"""Mission Pacific Hotel", part of JdV by Hyatt is set in Oceanside, 8 km from MiraCosta College and 200 metres from California Surf Museum. The property is around 3.9 km from Marine Corps Base Camp Pendleton and 13 km from Antique Gas Steam Engine Museum.,,,,
California,Oceanside,33.20226,-117.38941,Lighthouse lookout by RedAwning,5.0,"""Within a few steps of Harbor Beach and 1.8 km of Oceanside City Beach", G36 - Lighthouse lookout features free WiFi and a garden. This holiday home is 13 km from MiraCosta College and 15 km from Legoland California.,,,,,
California,Oceanside,33.20066,-117.3895,Oceanside Beach Condo,5.0,"""Within 200 metres of Harbor Beach and 1.5 km of Oceanside City Beach", D5 - California Dreamin offers free WiFi and a terrace. This holiday home is 13 km from MiraCosta College and 15 km from Legoland California.,,,,,
California,Oceanside,33.18836,-117.37883,Pacific Villas: Unit 4,5.0,"""Offering sea views", Pacific Villas: Unit 4 is an accommodation situated in Oceanside, 1.8 km from Harbor Beach and 11 km from MiraCosta College. This beachfront property offers access to a balcony and free WiFi.,,,,
California,Oceanside,33.18836,-117.37883,Pacific Villas: Unit 3,5.0,"""Offering sea views", Pacific Villas: Unit 3 is an accommodation located in Oceanside, 1.8 km from Harbor Beach and 11 km from MiraCosta College. This beachfront property offers access to a balcony and free WiFi.,,,,
California,Oceanside,33.18836,-117.37883,Pacific Villas: Unit 2,5.0,"""Offering sea views", Pacific Villas: Unit 2 is an accommodation located in Oceanside, 1.8 km from Harbor Beach and 11 km from MiraCosta College. This beachfront property offers access to a balcony and free WiFi.,,,,
California,Oceanside,33.18836,-117.37883,Pacific Villas: Unit 1,5.0,"""Offering sea views", Pacific Villas: Unit 1 is an accommodation set in Oceanside, 1.8 km from Harbor Beach and 11 km from MiraCosta College. This beachfront property offers access to a balcony, free private parking and free WiFi.,,,
California,Oceanside,33.20204,-117.38893,Sunset Suite Condo,5.0,"""Within 100 metres of Harbor Beach and 1.7 km of Oceanside City Beach", G317 - Sunset Suite offers free WiFi and a terrace. This holiday home is 13 km from MiraCosta College and 15 km from Legoland California.,,,,,
California,Oceanside,33.20152,-117.38935,North Coast Village Retreat,5.0,"""North Coast Village Retreat is situated in Oceanside", 39 km from Torrey Pines State Reserve and 46 km from San Diego Zoo Safari Park. The property is around 13 km from MiraCosta College, 15 km from Legoland California and 40 km from National University. The accommodation features an ATM and free WiFi throughout the property.,,,,
California,Oceanside,33.24997,-117.25959,Family Holiday Home,5.0,"""Situated 12 km from Oceanside beaches", this quiet and safe Oceanside holiday home features free WiFi. It provides free private parking. LEGOLAND is 20 minutes drive away.,,,,,
California,Oceanside,33.20175,-117.38878,Beachside Retreat,5.0,"""Located in Oceanside", just 100 metres from Harbor Beach, Beachside Retreat provides beachfront accommodation with a fitness centre, a garden, a terrace and free WiFi. This property offers access to mini-golf.,,
California,Oceanside,33.18738,-117.37633,Oceanside Rocks Family Vacation Home,5.0,,,,706 South Myers Street  ,92054,,
California,Oceanside,33.18836,-117.37883,Pacific Villas: Unit 5,5.0,"""Offering sea views", Pacific Villas: Unit 5 is an accommodation situated in Oceanside, 1.8 km from Harbor Beach and 11 km from MiraCosta College. This beachfront property offers access to a balcony and free WiFi.,,,,
California,Oceanside,33.20004,-117.38873,918 N The Strand Home,5.0,"""Boasting sea views", 918 N The Strand Home offers accommodation with a balcony and a coffee machine, around 300 metres from Harbor Beach. This beachfront property offers access to a patio, free private parking and free WiFi.,,,
California,Oceanside,33.2005,-117.39004,Beachfront Bliss Condo,5.0,"""D19 -- Beachfront Bliss is located in Oceanside", 200 metres from Harbor Beach, 1.6 km from Oceanside City Beach, and 39 km from Torrey Pines State Reserve. This holiday home is 15 km from Legoland California and 40 km from National University.,,,
California,Oceanside,33.20187,-117.38843,Garden Retreat Condo,5.0,"""Set in Oceanside", just 200 metres from Harbor Beach, B215 - Garden Retreat offers accommodation with a garden, a terrace and free WiFi. This holiday home is 1.7 km from Oceanside City Beach and 39 km from Torrey Pines State Reserve.,,,
California,Oceanside,33.19496,-117.37247,Oceanside Pier #2,5.0,"""Oceanside Pier #2 is set in Oceanside", 7 km from MiraCosta College and 800 metres from California Surf Museum.,,,,,
California,Oceanside,33.20147,-117.38811,Endless Summer,5.0,"""Within 300 metres of Harbor Beach and 1.8 km of Oceanside City Beach", B306 - Endless Summer provides free WiFi and a terrace. This holiday home is 39 km from Torrey Pines State Reserve and 46 km from San Diego Zoo Safari Park.,,,,,
California,Oceanside,33.19994,-117.38498,Oceanside Sunset Shores,5.0,"""Featuring air conditioning", Oceanside Sunset Shores offers accommodation in Oceanside. MiraCosta College is 8 km away.,,,,,
California,Oceanside,33.18715,-117.37642,Multi Resorts at Aquamarine Villas,5.0,"""Located in Oceanside", 2.2 km from Harbor Beach, 37 km from Torrey Pines State Reserve and 45 km from San Diego Zoo Safari Park, Multi Resorts at Aquamarine Villas provides accommodation with a balcony and free WiFi. Situated 200 metres from Oceanside City Beach, the property features an outdoor swimming pool and free private parking.,,
California,Oceanside,33.19844,-117.38551,Private Beach Home Ocean View 209,5.0,"""Situated in Oceanside", 700 metres from Harbor Beach, Holiday Home features accommodation with a garden, free WiFi and a 24-hour front desk. With sea views, this accommodation provides a balcony.,,
California,Oceanside,33.18104,-117.37213,Pacific Bungalow & Tiny House,5.0,"""Set in Oceanside", just 2.9 km from Harbor Beach, Pacific Bungalow & Tiny House offers beachfront accommodation with a garden and free WiFi. The property is 9 km from Marine Corps Base Camp Pendleton and 18 km from Antique Gas Steam Engine Museum.,,,,
California,Ojai,34.45365,-119.24839,Emerald Iguana Inn,4.0,"""Situated in Ojai in the California Region", 42 km from Santa Barbara, this hotel features an outdoor pool and views of the garden. It offers accommodation for guests 14 years and older.,,,,
California,Ojai,34.43968,-119.27859,Ojai Retreat & Inn,5.0,"""Ojai Retreat & Inn is located in Ojai", 39 km from Santa Barbara. Free WiFi is offered throughout the property and free private parking is available on site.,,,,,
California,Ojai,34.44452,-119.25326,Ojai Rancho Inn,3.0,"""Steps from the Ojai Valley Trail", this hotel features a sauna and an outdoor pool. Guest rooms provide 42-inch flat-screen cable TVs and a minibar.,,,,,
California,Ojai,34.44903,-119.23061,Hummingbird Inn,3.0,"""Nestled in Ojai in the foothills of the Topa Topa Mountains", Hummingbird Inn offers an outdoor pool. Free WiFi is included in each guest room.,,,,,
California,Ojai,34.44884,-119.23281,The Capri Hotel,3.0,"""This downtown Ojai hotel offers comfortable rooms with luxury amenities including a 42-inch flat-screen TV. The Capri Hotel features an on-site masseuse and landscaped gardens.",,,,,,
California,Ojai,34.44667291,-119.27705034,The Acacia Guest House,2.0,,Air Condition in rooms Private balcony / terrace Free Wireless Internet access (inroom) Fireplace in room Bathtub/Shower Combination Free Wireless Internet access Cable / Satellite Television Free self parking American Express Barbecue / Grill Visa MasterCard Breakfast included Toiletries Pets Not Allowed Spa Premium bedding designated smoking area Extra Bed/Sofa Bed Picnic area Flat screen TV (LCD  LED or Plasma TV) Garden,,205 South Lomita Avenue OjaiCalifornia 93023 ,93023,8057974549,http://www.acaciamansion.com
California,Ojai,34.44553,-119.23774,Caravan Outpost,5.0,"""Set in the charming city of Ojai and tucked away in a valley in the Topatopa Mountain", Caravan Outpost offers accommodation in classic Airstream Caravans. Free WiFi is available on site.,,,,,
California,Ontario,34.07765429466963,-117.62099381536245,Motel 6 Ontario Airport,2.0,"""This hotel is located near Ontario Convention Center", Ontario Museum of History and Art, Ontario Mills Shopping Center and Epicenter Stadium.,,,,
California,Ontario,34.03208,-117.6674,Mountain Inn,2.0,"""This motel serves a daily continental breakfast. It offers a year-round outdoor pool and free WiFi in the lobby. The Ontario Convention Center", Ontario Mills Mall, and Ontario International Airport are 10 km away.,,,,
California,Ontario,34.06358,-117.6278,Capri Inn,2.0,"""Located in Ontario", Capri Inn features guest rooms with free Wi-Fi access. Free guest parking is available. Ontario Convention Center is 2.4 km away.,,,,,
California,Orange,33.789707,-117.886228,Quality Suites Anaheim Stadium,3.0,General Description: Close proximity to major attractions  Close proximity to business district  Close proximity to shopping district  Ideal accommodations for families  Close proximity to airport Location: Conveniently located in Anaheim  Located near  Disneyland Recreation: Heated swimming pool  Fully equipped fitness center  Outdoor hot tub Restaurants & Lounges: Nearby restaurant Services: Free wireless internet  Self Laundry  Meeting Facilities:  Fully equipped business center   Banquet facilities   Event facilities  Accommodation: 104 guestrooms,Soundproof rooms Medical service Massage Air Conditioned Safety Deposit Box Internet access Outdoor Swimming Pool Whirlpool Wheel Chair Access Newspapers Heated pool Vending Machines Coach parking Concierge Desk Gym Jacuzzi Business services Self Laundry Shop(s) Maid Service Car Parking Car Rental Elevator / Lift Conference room,,3101 W. Chapman Ave. 92868 Orange  ,92868,8774246423,
California,Orange,41.25198,-72.99926,Homewood Suites by Hilton Orange New Haven,3.0,"""Set in Orange", 5 km from Connecticut Post Mall Shopping Center, Homewood Suites By Hilton Orange New Haven offers accommodation with an outdoor swimming pool, free private parking and a fitness centre. This 3-star hotel offers a 24-hour front desk and free WiFi. The property is non-smoking and is located 9.4 km from The Yale Bowl.,,,
California,Orange,33.8425,-117.83353,American Inn & Suites,5.0,"""Located in Anaheim", 14 km from Anaheim Convention Center, New American Inn & Suites provides accommodation with free WiFi and free private parking. The property is set 18 km from Knotts Berry Farm, 21 km from South Coast Plaza and 29 km from Fashion Island. The accommodation offers room service and a 24-hour front desk for guests.,,,
California,Oroville,39.50692,-121.56979,Villa Court Inn Oroville,2.0,"""This hotel features satellite TV and free Wi-Fi. The Gold County Casino is less than 10 minutes drive away.",,,,,,
California,Oroville,39.50744,-121.56979,Budget Inn,3.0,"""Located 10 minutes drive from Oroville dam", this motel offers free Wi-Fi. Guests can also enjoy 24-hour reception.,,,,,
California,Oxnard,34.169141887173,-119.22634720802,Casa Sirena & Marina,3.0,HotelDescription#Further information about this hotel will be available shortly,NO Large pets allowed (over 5 kg) NO Wheelchair-accessible NO Small pets allowed (under 5 kg) NO Disability-friendly bathroom NO Smoking rooms NO Car park NO Connecting rooms NO Garage,,Peninsula Road 3605 93035 OxnardCalifornia ,93035,8059856311,
California,Oxnard,34.20615,-119.17752,Flamingo Motel Oxnard,2.0,"""Just 3 blocks from downtown Oxnard", Flamingo Motel offers rooms with free Wi-Fi and a flat-screen TV with cable channels. Facilities include a 24-hour reception.,,,,,
California,Oxnard,34.17813,-119.22176,2311 Victoria Avenue Home,5.0,"""Featuring air-conditioned accommodation with a patio", 2311 Victoria Avenue Home is located in Oxnard. This property offers access to a balcony.,,,,,
California,Oxnard,34.16689,-119.22988,3625 Sunset Home,5.0,"""Set in Oxnard in the California region", 3625 Sunset Home features a patio. The air-conditioned accommodation is 1.2 km from Oxnard Beach, and guests benefit from complimentary WiFi and private parking available on site.,,,,
California,Oxnard,34.18416,-119.24184,1551 Mandalay Beach Road Home,5.0,"""Set in Oxnard in the California region", 1551 Mandalay Beach Road Home features a balcony. This beachfront property offers access to a patio and free WiFi.,,,,,
California,Oxnard,34.18172,-119.23128,Harborside House In Oxnard,5.0,"""Located in Oxnard", Harborside House in Oxnard provides accommodation with a patio and free WiFi. This holiday home features accommodation with a balcony.,,,,,
California,Oxnard,34.15747,-119.22322,2402O 875413 Modern Silverstrand Oasis Home,5.0,"""Set in Oxnard", just a few steps from Silver Strand State Beach, Silverstrand Beach House offers beachfront accommodation with a shared lounge and free WiFi. This holiday home provides accommodation with a balcony.,,,,
California,Oxnard,34.16951,-119.23216,Ocean Front Brand New Modern Luxurious Beach House,5.0,"""Located in Oxnard", a few steps from Hollywood Beach Oxnard and less than 1 km from Oxnard Beach, OCEAN FRONT BRAND NEW MODERN LUXURIOUS BEACH HOUSE provides air-conditioned accommodation with a patio and free WiFi. Set on the beachfront, this property features a private beach area and a terrace.,,,
California,Pacifica,37.60957,-122.49695,Sea Breeze Motel,2.0,"""Situated next to the Pacific Ocean off Highway 1", this Pacifica motel features simply furnished rooms with free Wi-Fi.  It offers a 24-hour reception.  San Francisco International Airport is 14 miles away.,,,,,
California,Pacifica,37.59354,-122.51137,Sf Ocean View Rentals,5.0,"""Offering air-conditioned accommodation", SF Ocean View Rentals is located in Pacifica, 24 km from San Francisco. San Francisco International Airport is 22 minutes drive away.,,,,
California,,33.8153105126482,-116.537263691425,La Joya Inn,3.0,,,,545 Warm Sands Drive Palm SpringsCalifornia 92264 ,92264,7603276413,http://lajoyainn.com/
California,,33.81914,-116.40374,Motel 6 Thousand Palms,2.0,,,,72215 Varner Road Thousand Palms 72215 92276 Thousand Palms Thousand PalmsCalifornia 92276 ,92276,7603431381,https://www.motel6.com/en/motels.ca.thousand-palms
California,,33.790737,-116.482425,Villa Mykonos,3.0,,NO Connecting rooms Vacation resort NO Disability-friendly bathroom NO Wheelchair-accessible NO Smoking rooms NO Small pets allowed (under 5 kg) NO Large pets allowed (over 5 kg) NO Car park NO Garage Car hire Laundry service Poolside snack bar Nightclub Sauna Hot tub Spa centre   Table tennis Fitness Skiing,,67-590 Jones Road Cathedral CityCalifornia 92234-6401 ,92234,4105240295,http://www.villamykonos.com/
California,Palmdale,34.58227,-118.13727,EZ 8 Motel Palmdale,2.0,"""Located 11 miles away from the Antelope Valley Fairgrounds", this pet-friendly Palmdale motel features an outdoor pool and hot tub.  All rooms include a cable TV with HBO film and ESPN sports channels.  Free guest parking is available.,,,,,
California,Pasadena,34.14623,-118.12578,Vagabond Inn Executive Pasadena,5.0,"""Situated in Pasadena", 1 km from California Institute of Technology, Pasadena Rose & Crown Hotel features accommodation with an outdoor swimming pool, free private parking and a fitness centre. Located around 6 km from Rose Bowl Stadium, the hotel with free WiFi is also 17 km away from Dodger Stadium. The hotel has family rooms.,,
California,Pasadena,34.14622,-118.11689,Saga Motor Hotel,2.0,"""Featuring an outdoor pool", this historic mid-century hotel is 8 minutes drive from the Rose Bowl and on route to the annual Rose Parade. Free WiFi is provided in all rooms. A continental breakfast is served daily to all guests.,,,,,
California,Pasadena,34.14621,-118.10701,Pasadena Rose Inn,2.0,"""Just 5.8 km from Rose Bowl Stadium", Pasadena Rose Inn features an outdoor pool and free parking. All guest rooms include free WiFi. Los Angeles International Airport is 35 km away.,,,,,
California,Pasadena,34.14586,-118.09121,Ace Motel,5.0,"""Situated in Pasadena", 4.6 km from California Institute of Technology, ACE Motel features accommodation with free WiFi and free private parking. The property is set 9.4 km from Rose Bowl Stadium, 21 km from LA Union Station and 24 km from Staples Center. The accommodation offers room service and a 24-hour front desk for guests.,,,
California,Pasadena,34.1189,-118.13355,Private Bungalow at 5 Star Resort 2 Rooms Suite,,"""This vacation house was part of the Hotel when Ritz Carlton managed the property but now is privately owned and has no relationship with the hotel anymore. Set in Old Town Pasadena in Los Angeles", this independent air-conditioned holiday home features a patio with patio furniture and a garden.,,,,,
California,Pasadena,34.15117,-118.18098,The Patrician Hollywood Universal,,"""Featuring a garden", ?The Patrician ? Hollywood Universal ? is located in Pasadena in the California region, 1.7 km from Rose Bowl Stadium and 2.1 km from Norton Simon Museum. The property is situated 3.1 km from Castle Green, 3.5 km from Pasadena Convention Center and 3.5 km from Pasadena Civic Auditorium. Rooms are fitted with a terrace.,,,
California,Pasadena,34.15925,-118.1425,The Willows,5.0,"""The Willows is situated in Pasadena", 3.7 km from Rose Bowl Stadium, 3.9 km from California Institute of Technology, as well as 2.3 km from Pasadena Convention Center. This property offers access to a balcony, free private parking and free WiFi.,,
California,Pasadena,34.15925,-118.1425,The Sycamore,5.0,"""Situated in Pasadena in the California region", The Sycamore has a balcony. This property offers access to a patio, free private parking and free WiFi.,,,,
California,Pescadero,37.2551,-122.38361,Pescadero Creek Inn,5.0,"""Set in Pescadero", Pescadero Creek Inn offers accommodation with free WiFi and a garden with a terrace and mountain views.,,,,,
California,Pescadero,37.18222,-122.3943,HI Pigeon Point Lighthouse Hostel,2.0,"""Hostelling International at Pigeon Point Lighthouse is whole house exclusive. This oceanfront Pescadero hostel offers free WiFi in all rooms. Located on a peninsula", this hostel provides free parking. Pescadero State Beach is 10 km away.,,,,,
California,Petaluma,38.23066,-122.63274,Metro Hotel & Cafe,3.0,"""Located in Petaluma", 24 km from Sonoma State Historic Park, metro hotel provides accommodation with a garden, free private parking, a shared lounge and a restaurant. This 3-star hotel offers a shared kitchen, a 24-hour front desk and free WiFi. The property is non-smoking and is set 42 km from Napa Valley Wine Train.,
California,Petaluma,38.31789,-122.92437,Valley Ford Hotel,2.0,"""This historic Valley Ford hotel", located in the Sonoma countryside just 9 miles from Bodega Bay, offers free Wi-Fi. A restaurant is located on site.,,,,
California,Petaluma,38.27177,-122.66809,Home2 Suites by Hilton Petaluma,5.0,"""Set in Petaluma", 30 km from Sonoma State Historic Park, Home2 Suites By Hilton Petaluma offers accommodation with an outdoor swimming pool, free private parking, a fitness centre and a shared lounge. Among the facilities at this property are a 24-hour front desk and an ATM, along with free WiFi throughout the property. The property is non-smoking and is located 47 km from Napa Valley Wine Train.,
California,Petaluma,38.23047,-122.63542,Apartment In Petaluma #140855,5.0,"""Apartment in Petaluma #140855 has a balcony and is situated in Petaluma", within just 700 metres of McNears Mystic Theater and 1.3 km of Petaluma Creamery. This property offers access to a patio, free private parking and free WiFi.,,,,
California,,35.1401,-120.63908,369 Stimson Holiday Home,5.0,"""369 Stimson is situated in Pismo Beach", 400 metres from Pismo State Beach, 6.5 km from Clark Center for the Performing Arts, and 20 km from Mission San Luis Obispo de Tolosa. The holiday home is 24 km from California Polytechnic State University, San Luis Obispo.,,
California,Pittsburg,38.00202,-121.89466,El Dorado Motel,1.0,"""Located in Pittsburg", this motel offers guest rooms with free Wi-Fi and a satellite TV. The Pittsburg BART train station is 10 minutes drive away.,,,,,
California,Placerville,38.73077,-120.75895,Mother Lode Motel,2.0,"""Located off Highway 50 in the heart of Gold Country", this motel features an outdoor swimming pool and rooms with free Wi-Fi.  A 24-hour reception and free parking are offered to guests.,,,,,
California,Placerville,38.79058,-120.88817,Bella Vista Bed And Breakfast,5.0,"""Set in Coloma", 42 km from Rancho Cordova, Bella Vista Bed and Breakfast offers a seasonal outdoor swimming pool and free WiFi.,,,,
California,Placerville,38.7288,-120.80479,GlenMorey Country House Bed and Breakfast,3.0,"""Located in Placerville in the California region and Empire Ranch Golf Course reachable within 35 km", GlenMorey Country House provides accommodation with free WiFi, a childrens playground, a garden and free private parking.,,,
California,Placerville,38.73109,-120.7577,Gold Trail Motor Lodge,2.0,"""Located 1 hours drive from Sacramento International Airport", this Placerville, California motel offers rooms with free Wi-Fi. South Lake Tahoe is 55 miles west of this motel.,,,,
California,Placerville,38.75056,-120.60941,Westhaven Inn,3.0,"""Just off Highway 50", this hotel is located on the outskirts of the Eldorado National Forest in Californias gold country and wine region.,,,,,
California,Placerville,38.73192,-120.78206,Gold Country Inn,3.0,"""Located in the center of Californias gold country", this Placerville motel is 5 minutes drive from the Gold Bug Mine.,,,,,
California,Placerville,38.79766,-121.02167,Enchanted April Inn,4.0,"""Situated in the heart of California Gold Country", this inn offers elegant rooms with décor inspired by British antiquity. All rooms include free Wi-Fi. Marshal Gold Discovery Park is 10 minutes away.,,,,,
California,Placerville,38.744,-120.74895,Ponderosa Ridge A B & B,5.0,"""Nestled in the Apple Hill Area full of ranches & wineries", Ponderosa Ridge A B & B features a garden and a porch,,,,,
California,Pomona,34.06217,-117.76645,Super Inn Motel,2.0,"""Situated in Pomona", within 4.4 km of Fairplex and 7 km of Auto Club Raceway At Pomona, Super Inn Motel features accommodation with a garden and free WiFi throughout the property as well as free private parking for guests who drive. The accommodation provides a 24-hour front desk and room service for guests.,,,,
California,Pomona,34.03518,-117.76048,Hilton Garden Inn Pomona,3.0,"""Situated in Pomona", within 37 km of Anaheim Convention Center and 41 km of Knotts Berry Farm, Hilton Garden Inn Pomona, CA features accommodation with a bar and as well as free private parking for guests who drive. Featuring a restaurant, the 3-star hotel has air-conditioned rooms with free WiFi, each with a private bathroom. The accommodation provides a 24-hour front desk and a concierge service for guests.,
California,,34.14769,-119.19029,Seaside Inn,1.0,"""Located in Port Hueneme", less than 1 km from Port Hueneme Beach, Seaside Inn Motel provides accommodation with free WiFi and free private parking. The property is around less than 1 km from Ormond Beach, 15 km from California State University Channel Islands and 35 km from Thousand Oaks Civic Arts Plaza. Ronald Reagan Presidential Library is 46 km from the motel.,,,
California,Redding,40.75618,-122.32357,Bridge Bay Resort,3.0,"""Featuring an a la carte restaurant", Bridge Bay at Shasta Lake is located in Shasta Lake, California.,,,,
California,Redding,40.65637,-122.91259,Indian Creek Lodge,2.0,"""Indian Creek Lodge has a seasonal outdoor swimming pool", garden, a shared lounge and terrace in Douglas City. The resort also offers free WiFi and free private parking.,,,,
California,Redding,40.588257,-122.392516,Deluxe Inn,2.0,,,,1135 Market Street ReddingCalifornia 96001 ,96001,5302435141,
California,Redding,40.58733,-122.39047,Shasta Lodge,2.0,"""Free Wi-Fi is provided in all rooms at this downtown Redding motel. Shasta Lake is less than 15 minutes drive away.",,,,,,
California,Redding,40.5854348607982,-122.375695109367,Budgetel River Inn,3.0,HotelDescription#This lovely Hotel can be found in Redding. The total number of accommodation units is 79. This establishment does not accept pets.,NO Car park NO Smoking rooms NO Wheelchair-accessible NO Garage NO Large pets allowed (over 5 kg) NO Connecting rooms NO Disability-friendly bathroom NO Small pets allowed (under 5 kg),,1835 Park Marina Dr ReddingCalifornia 96001 ,96001,5302419500,http://www.riverinnredding.com
California,Redding,40.56753,-122.36242,Bridgeway Inn & Suites,5.0,"""Located 3 miles from Waterworks Park", this California hotel features an outdoor pool. Redding Inn & Suites offers guest rooms with free Wi-Fi and cable TV with HBO.,,,,,
California,Redding,40.58773,-122.39107,Stardust Motel,2.0,"""Located 1 mile from Sundial Bridge", this Redding motel features free guest parking. The hotel offers rooms with free Wi-Fi.,,,,,
California,Redding,40.5985,-122.384,Value Inn & Suites,2.0,"""Located 1 hours drive away from Mt. Shasta", the Value Inn & Suites offers guest rooms with free WiFi and free guest parking.,,,,,
California,Redding,40.68213,-122.34851,Shasta Dam Motel,3.0,"""Rooms at this Shasta area motel feature free Wi-Fi and guests can enjoy a seasonal outdoor swimming pool. Shasta Dam is less than 15 minutes drive away.",,,,,,
California,Redding,40.81081,-122.33123,The Inn at Shasta Lake,5.0,"""Situated in Lakehead", The Inn at Shasta Lake features accommodation with free WiFi, air conditioning and access to a garden with a terrace.,,,,
California,Redding,40.59894,-122.38418,Economy Inn,2.0,"""This dog-friendly Redding hotel offers simply furnished rooms with free Wi-Fi.  It features a cable TV in each guest room.  Sundial Bridge is 5 minutes drive away.",,,,,,
California,Redding,40.72842,-122.93783,49er Gold Country Inn,2.0,,,,718 Main Street Hwy 299P.O. Box 1608Weaverville ,96093,5306234937,http://www.goldcountryinn.com/
California,Redding,40.62324,-122.3509,Hope Inn Redding,5.0,"""Located on 3 1/2 acres in a quiet residential area", Hope Inn Redding is a Tudor-style guesthouse and offers a barbecue and a sun terrace. Free WiFi and free private parking are available. Bethel Church is 2 km away.,,,,,
California,Redding,40.62714,-122.3691,Home2 Suites by Hilton Redding,3.0,"""Situated in Redding", California region, Home2 Suites By Hilton Redding is located 9.1 km from Simpson University. The hotel features a terrace, a 24-hour front desk, and free WiFi is available.,,
California,Redlands,34.06564,-117.21048,Good Nite Inn Redlands,2.0,"""<p>HeadLine : Near San Bernardino County Museum</p><p>Location : Located in Redlands", Good Nite Inn Redlands is in the historical district, a 3-minute drive from San Bernardino County Museum and 6 minutes from The Lincoln Memorial Shrine.  This motel is 3.4 mi (5.5 km) from University of Redlands and 4.5 mi (7.3 km) from Loma Linda University.</p><p>Rooms : Stay in one of 100 guestrooms featuring flat-screen televisions. Complimentary wireless Internet access keeps you connected, and cable programming is available for your entertainment. Private bathrooms with shower/tub combinations feature complimentary toiletries and hair dryers. Conveniences include desks and blackout drapes/curtains, and housekeeping is provided daily.</p><p>Renovations : The following facilities or services will be unavailable from July 2 2020 to December 31 2020 (dates subject to change): <ul><li>Swimming pool</li></ul></p><p>CheckIn Instructions : Extra-person charges may apply and vary depending on property policy Government-issued photo identification and a credit card may be required at check-in for incidental charges Special requests are subject to availability upon check-in and may incur additional charges; special requests cannot be guaranteed The name on the credit card used at check-in to pay for incidentals must be the primary name on the guestroom reservation This property only accepts credit cards, debit cards, and cash for all bookings Prepaid credit cards are not accepted This property reserves the right to pre-authorize the guest s credit card prior to arrival. Please note that cultural norms and guest policies may differ by country and by property; the policies listed are provided by the property Please note: This hotel cannot accommodate stays longer than 15 days.
California,Redway,40.14089,-123.81024,Dean Creek Resort,2.0,"""Offering an outdoor pool and a childrens playground", Dean Creek Resort is located in Redway. Free WiFi is available in public areas. The Avenue of the Giants is just 5 km away. River access is available on site.,,,,,
California,Redway,40.1176,-123.82085,The Northern Inn,3.0,"""Featuring a bar", The Northern Inn is located in Redway. The motel provides both free WiFi and free private parking.,,,,,
California,Reedley,36.59597,-119.45045,Hotel Burgess,5.0,"""Hotel Burgess provides free WiFi and rooms with air conditioning in Reedley. All rooms boast a flat-screen TV with satellite channels and a private bathroom. The accommodation features a 24-hour front desk and a shared lounge for guests.",,,,,,
California,Reedley,36.60434,-119.45654,Reedley Inn,2.0,"""Located 5 miles from the Reedley Airport", this California motel offers a 24-hour reception. All air-conditioned accommodations include free Wi-Fi.,,,,,
California,Rialto,34.10698,-117.35,Wigwam Motel,2.0,"""A landmark on historic Route 66", the Wigwam Motel offers individual rooms shaped like tee-pees, with modern features like cable TV.,,,,
California,Rialto,34.10651,-117.37788,Americas Best Value Inn,2.0,"""Located within 10 miles of downtown San Bernardino", California and San Bernardino International Airport, this hotel features an outdoor pool and continental breakfast.,,,,
California,Rialto,34.07155,-117.36548,Welcome Inn,5.0,"""Situated 17 km from Auto Club Speedway", Welcome Inn San Bernardino/ Colton offers rooms with air conditioning in Colton. Among the facilities at this property are room service and a 24-hour front desk, along with free WiFi throughout the property. Free private parking is available and the motel also features bike hire for guests who want to explore the surrounding area.,,,,
California,Richmond,37.94173,-122.32782,Economy Inn Richmond,1.0,"""This motel is 1.5 miles from BART El Cerrito Del Norte Station and 10 minutes drive from the University of California Berkley. All air-conditioned rooms provide free Wi-Fi.",,,,,,
California,Riverside,33.87647,-117.52424,Tiffany Inn Corona,2.0,"""Free Wi-Fi is available in all rooms at this motel. A 24-hour reception is available for guest convenience. Cresta Verde Golf Course is just 2 miles away.",,,,,,
California,Riverside,33.969065258274,-116.94441497326,Highland Springs Resort,3.0,HotelDescription#Further information about this hotel will be available shortly,NO Car park NO Connecting rooms NO Large pets allowed (over 5 kg) NO Small pets allowed (under 5 kg) NO Wheelchair-accessible NO Smoking rooms NO Garage NO Disability-friendly bathroom,,10600 Highland Springs Avenue Cherry ValleyCalifornia 92223 ,92223,9518451151,http://www.hsresort.com
California,Riverside,33.91687,-117.2511,Motel 7 Moreno Valley,3.0,HotelDescription#Further information about this hotel will be available shortly,NO Car park NO Small pets allowed (under 5 kg) NO Smoking rooms NO Garage NO Wheelchair-accessible NO Large pets allowed (over 5 kg) NO Disability-friendly bathroom NO Connecting rooms,,Alessandro Blvd 23581 23581 92553 Moreno Valley Moreno ValleyCalifornia 92553 ,92553,9099849655,http://www.magnusonhotels.com/Motel-7-Moreno-Valley/
California,Riverside,33.9088,-117.46753,Sands Motel,2.0,"""This Riverside", California motel is located one mile from Castle Amusement Park and features an outdoor pool. Rooms at Sands Motel offer expanded cable TV with HBO and free Wi-Fi.,,,,,
California,Riverside,33.87899,-117.60367,Best Western Corona Hotel & Suites,3.0,"""Featuring a heated outdoor pool and a fitness centre", Best Western Corona Hotel & Suites is just 9 minutes drive from Fender Center. Free WiFi access is available. A free hot breakfast is served daily.,,,,,
California,Riverside,33.87729,-117.58281,Desert Inn Motel,2.0,"""Located in Corona", Desert Inn Motel offers air-conditioned rooms with free Wi-Fi. Free guest parking is available. Hidden Valley Golf Club is 11.6 km away.,,,,,
California,Riverside,33.94622,-117.44389,Arlington Inn,2.0,"""Located 5 minutes walk from the Riverside Airport", this California hotel is conveniently located a 9-minute drive from Galleria at Tyler Mall. All guest rooms include cable TV.,,,,,
California,Riverside,33.92489,-116.89014,Hacienda Inn,1.0,"""Hacienda Inn is located in Banning", within 8 km of Cabazon Outlets and 9 km of Desert Hills Premium Outlets. Featuring a 24-hour front desk, this property also provides guests with a seasonal outdoor pool. Free WiFi is available.,,,,
California,Riverside,33.932084,-117.2788087,Holiday Inn Express & Suites Moreno Valley Riverside,2.0,Holiday Inn Express and Suites Moreno Valley - Riv is perfectly located for both business and leisure guests in Moreno Valley (CA). The property offers guests a range of services and amenities designed to provide comfort and convenience. Service-minded staff will welcome and guide you at Holiday Inn Express and Suites Moreno Valley - Riv. Each guestroom is elegantly furnished and equipped with handy amenities. The property offers various recreational opportunities. A welcoming atmosphere and excellent service are what you can expect during your stay at Holiday Inn Express and Suites Moreno Valley - Riv.,languages spoken accessibility Internet access things to do  ways to relax cleanliness and safety dining  drinking  and snacking services and conveniences access getting around,,12960 Day Street Moreno Valley ,92507,7609000520,http://www.ihg.com/holidayinnexpress/hotels/us/en/
California,Riverside,33.9853,-117.37434,Hampton Inn Riverside Downtown,2.0,"""Situated in Riverside", 24 km from Auto Club Speedway, Hampton Inn Riverside Downtown features accommodation with a shared lounge, private parking and barbecue facilities. Featuring an outdoor swimming pool, the 2-star hotel has air-conditioned rooms with free WiFi, each with a private bathroom. The property is non-smoking and is set 300 metres from Riverside Convention Center.,
California,Riverside,33.80884,-117.50486,"""Home2 Suites Corona"," Ca""",3.0,"""Featuring 3-star accommodation", Home2 Suites Corona, Ca is situated in Corona, 47 km from Honda Center and 48 km from Angel Stadium of Anaheim. This 3-star hotel offers room service, a 24-hour front desk and free WiFi. The property is non-smoking and is set 41 km from Auto Club Speedway.,
California,Riverside,33.88958,-117.27554,Hampton Inn Riverside March Air Reserve Base,2.0,"""Featuring 2-star accommodation", Hampton Inn Riverside March Air Force Base, Ca is set in Riverside, 13 km from University of California, Riverside and 18 km from Riverside Convention Center. This 2-star hotel offers a 24-hour front desk. The property is non-smoking and is located 40 km from Auto Club Speedway.,,
California,Rosemead,34.08084,-118.08002,Valley Hotel,2.0,"""Located off Highway 10", this budget Rosemead, California hotel offers a business centre, a 24-hour front desk and rooms with free Wi-Fi.  Central Los Angeles is 15 minutes drive away.,,,
California,Rosemead,34.04845,-118.09871,Del Mar Motel,4.0,"""Featuring 4-star accommodation", Del Mar Motel is located in Rosemead, 13 km from California Institute of Technology and 17 km from LA Union Station. The 4-star hotel has air-conditioned rooms with a private bathroom and free WiFi. Rose Bowl Stadium is 19 km away and Dodger Stadium is 20 km from the hotel.,,,,
California,Rosemead,34.06284,-118.08128,Flamingo Inn,2.0,"""This Rosemead", California motel is within 14 miles of Rose Bowl Stadium, Walt Disney Concert Hall and Dodgers Stadium. Disneyland Resort is 30 miles away. Free Wi-Fi is provided in every room.,,,,
California,Rosemead,34.08059,-118.08017,Best Inn Rosemead,5.0,"""Set in Rosemead", 11 km from California Institute of Technology, Best Inn Rosemead features views of the garden. The property is located 17 km from LA Union Station, 17 km from Rose Bowl Stadium and 19 km from Dodger Stadium. Microsoft Theater is 20 km from the motel and Staples Center is 20 km away.,,,
California,Sacramento,38.58140979,-121.48380026,Clarion Hotel Mansion Inn,2.0,"""HotelDescription#The property is located downtown", across from the Governor's Mansion, and within 5 blocks of the Sacramento Convention Centre and State Capitol. The Sacramento River is just 2 miles away.,,,,
California,Sacramento,38.57808,-121.54956,Vinces Motel,3.0,"""Located in California", this motel is a 10-minute drive from the Sacramento Zoo. Vinces Ristorante is on site and guest rooms include free Wi-Fi and cable TV.,,,,,
California,Sacramento,38.64405,-121.51303,Sacramento Guest Services,5.0,"""Sacramento Guest Services is 10 minutes drive outside of downtown Sacramento. It features fully furnished 1 and 2 bedroom apartments. An outdoor pool and fitness centre are available.",,,,,,
California,Sacramento,38.8397,-121.31458,Thunder Valley Casino Resort,4.0,"""Set in Lincoln in the California Region", 33 km from Sacramento, Thunder Valley Casino Resort boasts a seasonal outdoor pool and spa centre. There  are restaurants and bars readily available and guests can have fun at the casino.,,,,
California,Sacramento,38.57212,-121.47878,Amber House Inn Of Midtown,4.0,"""This Amber House Inn Of Midtown is a downtown Sacramento property located in 2 historic buildings. A gourmet breakfast is served every morning.",,,,,,
California,Sacramento,38.596179962,-121.41777039,Cal Expo Sacramento,2.0,Vagabond Inn Executive Sacramento (CalExpo) is conveniently located right next to California Exposition in Sacramento; CA. We are close to the California State Railroad Museum; Crocker Art Museum; Sacramento Zoo; the State Capitol; CSU Sacramento and UC Davis. Our inn features a picturesque garden gazebo and some rooms are equipped with fireplaces. This is a perfect location to host a meeting; banquet or wedding. Enjoy our daily; expanded breakfast; get in a work out with our health club privileges and then relax in our heated pool and spa. Free newspapers are available on weekdays. For business travelers; our Business Friendly rooms have ample work space; larger TV with remote control; dual-line phones and a desk lamp with an additional outlet. Each room has telephone dataports for Internet access. When you visit Sacramento; we''ll serve you with our own brand of Western hospitality. Good value; friendly people-it''s how we do things.,Blackout drapes/curtains Free self parking American Express Coffee/tea in lobby No elevators Visa Discover Diners Club Carte Blanche,Distances are calculated in a straight line from the property&apos;s location to the point of interest or attraction  and may not reflect actual travel distance. &lt;br /&gt;&lt;br /&gt; Distances are displayed to the nearest 0.1 mile and kilometer. &lt;p&gt;Arden Fair Mall - 0.7 km / 0.5 mi &lt;br /&gt;Cal Expo - 1.5 km / 1 mi &lt;br /&gt;California State University Sacramento - 4.2 km / 2.6 mi &lt;br /&gt;Haggin Oaks Golf Complex - 4.3 km / 2.7 mi &lt;br /&gt;Mercy General Hospital - 4.3 km / 2.7 mi &lt;br /&gt;B Street Theatre - 4.5 km / 2.8 mi &lt;br /&gt;McKinley Park - 4.6 km / 2.9 mi &lt;br /&gt;Fort Sutter State Historical Park - 5.4 km / 3.3 mi &lt;br /&gt;State Indian Museum - 5.4 km / 3.3 mi &lt;br /&gt;Sutter&apos;s Fort State Historic Park - 5.4 km / 3.3 mi &lt;br /&gt;Discovery Museum Science and Space Center - 5.7 km / 3.5 mi &lt;br /&gt;U.C. Davis School of Medicine - 5.7 km / 3.6 mi &lt;br /&gt;Sacramento Art Complex - 5.8 km / 3.6 mi &lt;br /&gt;University of California Davis Medical Center - 5.8 km / 3.6 mi &lt;br /&gt;Granite Regional Park - 6 km / 3.8 mi &lt;br /&gt;&lt;/p&gt;&lt;p&gt;The preferred airport for Motel 6 Cal Expo Sacramento is Sacramento  CA (SMF-Sacramento Intl.) - 18.5 km / 11.5 mi. &lt;/p&gt;,2030 Arden Way SacramentoCA 95825 ,95825,9169295600,
California,Sacramento,38.60998,-121.43929,Arden Acres Executive Suites & Cottages,3.0,"""In the heart of Sacramento", California, only minutes from the State Capitol, this property offers fully furnished cottages with all the comforts and conveniences of home.,,,
California,Sacramento,38.633025,-121.38304,Budget Inn & Suites Sacramento,2.0,HotelDescription#This charming $hotel. getTypeHotel() can be found in Downtown - Capital. Budget Inn & Suites Sacramento features a total of 27 guests rooms. Pets are not allowed at Budget Inn & Suites Sacramento.,,Distances are calculated in a straight line from the property&apos;s location to the point of interest or attraction  and may not reflect actual travel distance. &lt;br /&gt;&lt;br /&gt; Distances are displayed to the nearest 0.1 mile and kilometer. &lt;p&gt;Discovery Museum Science and Space Center - 0.6 km / 0.4 mi &lt;br /&gt;Haggin Oaks Golf Complex - 1.6 km / 1 mi &lt;br /&gt;McClellan Conference Center - 3.7 km / 2.3 mi &lt;br /&gt;Aerospace Museum of California - 4.8 km / 3 mi &lt;br /&gt;Arden Fair Mall - 5.1 km / 3.2 mi &lt;br /&gt;Cal Expo - 6.3 km / 3.9 mi &lt;br /&gt;American River Parkway - 6.4 km / 4 mi &lt;br /&gt;Race Place Motorsports - 8.1 km / 5.1 mi &lt;br /&gt;California State University Sacramento - 8.9 km / 5.5 mi &lt;br /&gt;B Street Theatre - 9.1 km / 5.7 mi &lt;br /&gt;Mercy General Hospital - 9.3 km / 5.8 mi &lt;br /&gt;McKinley Park - 9.5 km / 5.9 mi &lt;br /&gt;Mather Sports Center - 9.8 km / 6.1 mi &lt;br /&gt;Sacramento Children&apos;s Museum - 9.9 km / 6.2 mi &lt;br /&gt;Granite Regional Park - 10.2 km / 6.3 mi &lt;br /&gt;&lt;/p&gt;&lt;p&gt;The nearest major airport is Sacramento  CA (SMF-Sacramento Intl.) - 19.2 km / 12 mi. &lt;/p&gt;,3721 Watt Avenue SacramentoCalifornia 95821 ,95821,,
California,Sacramento,38.56899,-121.50448,Inn & Spa at Parkside,4.0,"""Comprised of the Fong Mansion", which was built in 1936, and the Villa Building, this quiet, Boutique Inn & Spa offers spa and massage services and features individually decorated rooms with free WiFi.  Sacramento International Airport is 17 km away.,,
California,Sacramento,38.58049,-121.53287,Sky Ranch Inn,2.0,"""Located off Interstate 80", this motel is 2 miles from Old Sacramento State Historical Park.  It features simply styled rooms with cable TV.,,,,,
California,Sacramento,38.51537,-121.5005,Sky Riders Motel,2.0,"""Offering free Wi-Fi", this motel is 5 minutes drive from Sacramento Zoo. All air-conditioned rooms feature a cable TV with satellite channels. Free parking is provided on site.,,,,,
California,Sacramento,38.5821,-121.490997,Travelodge Sacramento Capital Center CA,3.0,,,,1111 H Street SacramentoCalifornia 95814 ,95814,4448880,
California,Sacramento,38.58273,-121.49285,HI Sacramento Hostel,2.0,"""Located in Central Sacramento", this hostel features rooms with free WiFi. Croissants, oatmeal, fresh fruit, coffee and tea are just some of the free continental breakfast items offered daily.,,
California,Sacramento,38.4532,-121.82414,Dixon Motel,2.0,"""Located within 11 km of the University of California", Davis, this Dixon, California motel features cable TV in every guest room. Free Wi-Fi access is available.,,,
California,Sacramento,38.5867,-121.35505,Arden Hills Club & Spa,4.0,"""Set in Sacramento", 42 km from University of California, Davis and 7.4 km from Punch Line Sacramento, The Villa at Arden Hills offers accommodation with free WiFi, a garden with an outdoor swimming pool, garden views, and access to a fitness room and a sauna.
California,Sacramento,38.45902,-121.50065,Freeport Wine Country Inn & Bistro,5.0,"""Located in Freeport", within 39 km of University of California, Davis and 11 km of Sacramento Zoo, Freeport Wine Country Inn provides accommodation with a bar and free WiFi throughout the property as well as free private parking for guests who drive. The property is situated 15 km from Crocker Art Museum, 16 km from Raley Field and 16 km from Sacramento Valley Station. The property is non-smoking and is set 11 km from Funderland.,,
California,Sacramento,38.58224,-121.52163,Home2 Suites by Hilton West Sacramento,5.0,"""Situated in West Sacramento and with University of California", Davis reachable within 25 km, Home2 Suites By Hilton West Sacramento, Ca features a fitness centre, non-smoking rooms, free WiFi and a shared lounge. The property is located 1 km from Raley Field, 1.8 km from Crocker Art Museum and 2.6 km from California State Railroad Museum. Private parking is available on site.
California,Salinas,36.70005,-121.65233,Wagon Wheel Motel,2.0,"""Featuring 2-star accommodation", Wagon Wheel Motel is located in Salinas, 35 km from Presidio of Monterey Museum and 43 km from Point Lobos State Reserve. With a garden, the 2-star motel has air-conditioned rooms with free WiFi, each with a private bathroom. Private parking is available on site.,,
California,Salinas,36.66098,-121.6214,Inns of California Salinas,2.0,"""Inns of California Salinas features an outdoor pool", gardens and spacious guest rooms with free Wi-Fi. This hotel is less than one mile from Salinas Fairways Golf Course.,,,,,
California,Salinas,36.70432281,-121.65361023,El Dorado Motel,2.0,,NO Smoking rooms NO Disability-friendly bathroom NO Wheelchair-accessible NO Garage NO Car park NO Connecting rooms NO Small pets allowed (under 5 kg) NO Large pets allowed (over 5 kg),Distances are calculated in a straight line from the property&apos;s location to the point of interest or attraction  and may not reflect actual travel distance. &lt;br /&gt;&lt;br /&gt; Distances are displayed to the nearest 0.1 mile and kilometre. &lt;p&gt;Salinas Sports Complex - 1.1 km / 0.7 mi &lt;br /&gt;California Rodeo Grounds - 1.2 km / 0.8 mi &lt;br /&gt;Northridge Mall - 1.4 km / 0.9 mi &lt;br /&gt;Boronda Adobe History Center - 2.2 km / 1.4 mi &lt;br /&gt;Salinas Valley Model Railroad Museum - 2.8 km / 1.8 mi &lt;br /&gt;First Mayor&apos;s House - 2.8 km / 1.8 mi &lt;br /&gt;National Steinbeck Center - 3.1 km / 1.9 mi &lt;br /&gt;Aguila Cultural Center - 3.1 km / 1.9 mi &lt;br /&gt;Steinbeck House - 3.1 km / 2 mi &lt;br /&gt;Salinas Fairways Golf Course - 4.9 km / 3 mi &lt;br /&gt;The Farm - 7.6 km / 4.7 mi &lt;br /&gt;Toro County Park - 11.7 km / 7.3 mi &lt;br /&gt;Marina Dunes Preserve - 13.3 km / 8.3 mi &lt;br /&gt;California State University Monterey Bay - 14.1 km / 8.7 mi &lt;br /&gt;Marina State Beach - 14.1 km / 8.8 mi &lt;br /&gt;&lt;/p&gt;,1351 North Main Street SalinasCalifornia 93906 ,93906,,
California,Salinas,36.67326,-121.63539,Western Motel,2.0,"""Standing off Highway 101 and less than 1.5 miles from downtown Salinas", this motel features free Wi-Fi in all rooms. Salinas Municipal Airport is just 4 minutes away.,,,,,
California,,34.07131,-117.26847,Home2 Suites by Hilton San Bernardino,5.0,"""Home2 Suites By Hilton San Bernardino is situated in San Bernardino", 5.3 km from National Orange Show Event Center and 6.7 km from Fiesta Village Family Fun park. The property is located 12 km from University of Redlands, 18 km from University of California, Riverside and 19 km from California State University San Bernardino. The property is non-smoking and is set 26 km from Auto Club Speedway.,,,
California,,32.72972,-117.16273,Keating House,5.0,,,,2331 2nd Avenue San DiegoCalifornia 92101-1505 ,92101,6192398585,http://www.keatinghouse.com/
California,,32.726258,-117.168725,The Italian Bed & Breakfast,3.0,HotelDescription#Further information about this hotel will be available shortly,NO Small pets allowed (under 5 kg) NO Wheelchair-accessible NO Disability-friendly bathroom NO Connecting rooms NO Smoking rooms NO Garage NO Large pets allowed (over 5 kg) NO Car park,,2054 Columbia Street San DiegoCalifornia 92101 ,92101,6192381755,http://www.theitalianbb.com/
California,,32.584057,-117.096533,Prime Inn,2.0,HotelDescription#Further information about this hotel will be available shortly,,,1722 Palm Avenue San DiegoCalifornia 92154 ,92154,6195751414,http://www.prime-inn.com
California,,32.724277,-117.160927,Occidental,3.0,HotelDescription#Further information about this hotel will be available shortly,NO Wheelchair-accessible NO Garage NO Smoking rooms NO Disability-friendly bathroom NO Small pets allowed (under 5 kg) NO Large pets allowed (over 5 kg) NO Car park NO Connecting rooms,,410 Elm Street San DiegoCalifornia 92101 ,92101,6192321336,http://www.hoteloccidental-sandiego.com/
California, Sonder will reach out to guests through a secure link to gather some information regarding the guests stay. Sonder may require the guest to provide a photo of their government issued photo ID. Guests will receive check in details from property management three days prior to arrival. Please note, the layout, furniture, and decor of your space may vary from these photos. There is no cable. We have provided Roku and HDMI cord for streaming. Some spaces have a bedroom with a wall that is partially open to the living room and does not have a closing door. This building is in a centralized location which can be prone to noise. There is no elevator, on-site parking," or laundry facility.""",invoice provided property is cleaned by professional cleaning companies all plates  cutlery  glasses and other tableware have been sanitized guests have the option to cancel any cleaning services for their accommodation during their stay Non-smoking rooms internet services BBQ facilities wifi Free WiFi Non-smoking throughout Air conditioning use of cleaning chemicals that are effective against coronavirus linens  towels and laundry washed in accordance with local authority guidelines guest accommodation is disinfected between stays guest accommodation sealed after cleaning physical distancing in dining areas staff follow all safety protocols as directed by local authorities shared stationery such as printed menus  magazines  pens  and paper removed hand sanitizer in guest accommodation and key areas contactless check-in/check-out cashless payment available physical distancing rules followed screens or physical barriers placed between staff and guests in appropriate areas,,765 10th Avenue San DiegoCalifornia 92101 ,92101,6192318712,https://www.booking.com/hotel/us/buckner-hotel.html
California,,32.74884,-117.25054,Lovely Beach House,5.0,,Barbecue grill(s) Free WiFi Free self parking Free wired high-speed Internet Library Luggage storage Pets allowed Picnic area,Distances are calculated in a straight line from the property&apos;s location to the point of interest or attraction  and may not reflect actual travel distance. &lt;br /&gt;&lt;br /&gt; Distances are displayed to the nearest 0.1 mile and kilometer. &lt;p&gt;Ocean Beach Pier - 0.3 km / 0.2 mi &lt;br /&gt;Ocean Beach Park - 0.4 km / 0.3 mi &lt;br /&gt;Dog Beach - 0.8 km / 0.5 mi &lt;br /&gt;Belmont Park - 2.4 km / 1.5 mi &lt;br /&gt;Wave House - 2.4 km / 1.5 mi &lt;br /&gt;Giant Dipper Roller Coaster - 2.5 km / 1.6 mi &lt;br /&gt;Mission Beach - 2.6 km / 1.6 mi &lt;br /&gt;Seaworld - 2.8 km / 1.7 mi &lt;br /&gt;Rock Church - 3.2 km / 2 mi &lt;br /&gt;Point Loma Nazarene University - 3.2 km / 2 mi &lt;br /&gt;Sunset Cliffs Natural Park - 3.3 km / 2.1 mi &lt;br /&gt;Mission Bay Park - 3.5 km / 2.2 mi &lt;br /&gt;San Diego Sports Arena - 3.7 km / 2.3 mi &lt;br /&gt;Fiesta Island - 4.2 km / 2.6 mi &lt;br /&gt;Humphreys Concerts by the Bay - 4.3 km / 2.7 mi &lt;br /&gt;&lt;/p&gt;&lt;p&gt;The nearest airports are:&lt;br /&gt;San Diego  CA (SAN-San Diego Intl.) - 5.3 km / 3.3 mi&lt;br /&gt;Tijuana  Baja California Norte (TIJ-General Abelardo L. Rodriguez Intl.) - 34.3 km / 21.3 mi&lt;br /&gt;Carlsbad  CA (CLD-McClellan-Palomar) - 42 km / 26.1 mi&lt;br /&gt;&lt;/p&gt;&lt;p&gt;The preferred airport for Lovely Beach House is San Diego  CA (SAN-San Diego Intl.). &lt;/p&gt;,5043 Saratoga Avenue San DiegoCalifornia 92101 ,92101,,
California,,37.780401301748,-122.4201259017,The Corinthian,3.0,HotelDescription#Further information about this hotel will be available shortly,NO Large pets allowed (over 5 kg) NO Garage NO Smoking rooms NO Wheelchair-accessible NO Small pets allowed (under 5 kg) NO Connecting rooms NO Car park NO Disability-friendly bathroom,,512 Van Ness Avenue San FranciscoCalifornia 94102 ,94102,4156559311,http://www.corinthiansf.com
California,,37.791155,-122.407731,Nob Hill Lambourne,3.0,,NO Smoking rooms NO Small pets allowed (under 5 kg) NO Car park NO Large pets allowed (over 5 kg) NO Wheelchair-accessible NO Garage NO Disability-friendly bathroom NO Connecting rooms,,725 Pine Street San FranciscoCalifornia 94108 ,94108,,
California,,37.7837,-122.3971,Executive Suites at Archstone South Market,3.0,HotelDescription#This charming Hotel is in Union Square Area. A total of 25 bedrooms are available for guests' convenience. No pets are allowed on the premises.,NO Connecting rooms NO Large pets allowed (over 5 kg) NO Garage NO Disability-friendly bathroom NO Car park NO Smoking rooms NO Wheelchair-accessible NO Small pets allowed (under 5 kg),,1 Saint Francis Place San FranciscoCalifornia 94107 ,94107,4157765151,http://www.executivesuites-sf.com/archstonesouthma
California,,37.791047,-122.408743,Marriott Execustay Nob Hill Chateau,3.0,HotelDescription#Further information about this hotel will be available shortly,NO Smoking rooms NO Car park NO Garage NO Large pets allowed (over 5 kg) NO Disability-friendly bathroom NO Small pets allowed (under 5 kg) NO Connecting rooms NO Wheelchair-accessible,,795 Pine Street San FranciscoCalifornia 94108 ,94108,,http://www.execustay.com/furnished-apartments/san-
California,,37.7937239,-122.4041726,Pacific Tradewinds Hostel,2.0,,languages spoken accessibility Internet access fitness &amp; recreation cleanliness and safety dining  drinking  and snacking services and conveniences,,680 Sacramento Street San FranciscoCalifornia 94111 ,94111,4154337970,http://san-francisco-hostel.com/
California,,37.789053,-122.410687,The Sheehan,3.0,,NO Connecting rooms NO Smoking rooms NO Small pets allowed (under 5 kg) NO Car park NO Large pets allowed (over 5 kg) NO Garage NO Wheelchair-accessible NO Disability-friendly bathroom,,San Francisco California ,,,
California,,37.5283338,-122.0049694,Motel 6 Newark,2.0,,,,5601 Mowry Avenue I-880/Nimitz Freeway at Mowry AvenueNewarkCalifornia 94560 ,94560,,
California,,37.781666,-122.41506,Civic Center Suites,3.0,,,,277 Golden Gate Avenue 94102 San FranciscoCalifornia 94102 ,94102,,
California,,37.79218,-122.41427,Nob Hill Palace,5.0,,,,1155 Jones Street San FranciscoCalifornia 94109 ,94109,,http://www.nobhillplace.com/
California,,37.29676,-121.85331,SureStay Plus Hotel by Best Western San Jose Central City,3.0,"""Featuring a microwave", a mini-refrigerator and free high-speed internet access in each guestroom, San Jose, California hotel is within walking distance of the Santa Clara County Fairgrounds.,,,
California,,35.2872,-120.66153,El Toro Motel,2.0,HotelDescription#Further information about this hotel will be available shortly,Hairdryer Free local calls Fridge 24 Hour Front Desk Microwave Free self parking Housekeeping American Express Tea/Coffee Making Facilities Iron & Board Visa MasterCard Discover Non-Smoking Hotel Free Wireless Internet access,Distances are calculated in a straight line from the property&apos;s location to the point of interest or attraction  and may not reflect actual travel distance. &lt;br /&gt;&lt;br /&gt; Distances are displayed to the nearest 0.1 mile and kilometer. &lt;p&gt;San Luis Obispo County Library - 0.5 km / 0.3 mi &lt;br /&gt;San Luis Obispo Superior Court - 0.5 km / 0.3 mi &lt;br /&gt;San Luis Obispo Little Theatre - 0.6 km / 0.4 mi &lt;br /&gt;Fremont Theater - 0.6 km / 0.4 mi &lt;br /&gt;Sierra Vista Regional Medical Center - 0.8 km / 0.5 mi &lt;br /&gt;Mission San Luis Obispo de Tolosa - 0.8 km / 0.5 mi &lt;br /&gt;Dallidet Adobe and Gardens - 0.8 km / 0.5 mi &lt;br /&gt;Mission Plaza - 0.8 km / 0.5 mi &lt;br /&gt;History Center of San Luis Obispo County - 0.9 km / 0.5 mi &lt;br /&gt;San Luis Obispo Museum of Art - 0.9 km / 0.6 mi &lt;br /&gt;Bubblegum Alley - 0.9 km / 0.6 mi &lt;br /&gt;San Luis Obispo Children&apos;s Museum - 1 km / 0.6 mi &lt;br /&gt;Alex G. Spanos Stadium - 1.3 km / 0.8 mi &lt;br /&gt;French Hospital Medical Center - 1.4 km / 0.8 mi &lt;br /&gt;Performing Arts Center - 1.4 km / 0.9 mi &lt;br /&gt;&lt;/p&gt;&lt;p&gt;The nearest airports are:&lt;br /&gt;San Luis Obispo  CA (SBP-San Luis Obispo County Regional) - 5.6 km / 3.5 mi&lt;br /&gt;Santa Maria  CA (SMX-Santa Maria Public) - 47.1 km / 29.3 mi&lt;br /&gt;&lt;/p&gt;&lt;p&gt;The preferred airport for El Toro Motel is San Luis Obispo  CA (SBP-San Luis Obispo County Regional). &lt;/p&gt;,625 Toro Street San Luis ObispoCalifornia 93401 ,93401,8054391215,http://www.eltoroinn.net
California,,35.1401,-120.63908,369 Stimson Holiday Home,5.0,"""369 Stimson is situated in Pismo Beach", 400 metres from Pismo State Beach, 6.5 km from Clark Center for the Performing Arts, and 20 km from Mission San Luis Obispo de Tolosa. The holiday home is 24 km from California Polytechnic State University, San Luis Obispo.,,
California,,35.10422,-120.6236,618 Airpark Apartment,5.0,"""618 Airpark is set in Oceano", 700 metres from Pismo State Beach, 5.5 km from Clark Center for the Performing Arts, as well as 26 km from Mission San Luis Obispo de Tolosa. The California Polytechnic State University, San Luis Obispo is within 29 km of the holiday home.,,
California,,33.7461,-117.84859,El Cortez Lodge,5.0,,,,1503 E 1st Street Santa AnaCalifornia 92701 ,92701,7148352585,
California,,34.418433,-119.671664,Old Yacht Club Inn,3.0,This 3 star hotel is located on the coastline of Santa Barbara and was established in 1980. It is close to the Santa Barbara beachfront.The Old Yacht Club Inn is a Tourist hotel. Located in City Center area. Shopping is within walking distance and the nightlife/restaurants are located in the hotel.,Barbecue grill(s) Free WiFi Free self parking Number of buildings/towers - 3 Number of floors - 2 Pets allowed Picnic area Smoke-free property Terrace Total number of rooms - 13 Year Built - 1905,,431 Corona Del Mar Drive Santa BarbaraCalifornia 93103 ,93103,8059621277,
California,,34.44667291,-119.27705034,The Acacia Guest House,2.0,,Air Condition in rooms Private balcony / terrace Free Wireless Internet access (inroom) Fireplace in room Bathtub/Shower Combination Free Wireless Internet access Cable / Satellite Television Free self parking American Express Barbecue / Grill Visa MasterCard Breakfast included Toiletries Pets Not Allowed Spa Premium bedding designated smoking area Extra Bed/Sofa Bed Picnic area Flat screen TV (LCD  LED or Plasma TV) Garden,,205 South Lomita Avenue OjaiCalifornia 93023 ,93023,8057974549,http://www.acaciamansion.com
California,,34.432545,-119.705546,Sb Home Away From Home,5.0,,,,416 East Valerio Street Santa BarbaraCalifornia 93101 ,93101,,
California,,37.399220648599,-121.95646315813,Archstone Santa Clara Apartments,3.0,HotelDescription#Further information about this hotel will be available shortly,NO Large pets allowed (over 5 kg) NO Smoking rooms NO Wheelchair-accessible NO Connecting rooms NO Car park NO Garage NO Small pets allowed (under 5 kg) NO Disability-friendly bathroom,,1650 Hope Drive Santa ClaraCalifornia 95054 ,95054,8669952834,http://www.archstoneapartments.com/Apartments/Cali
California,,36.96416,-121.99186,Pelican Point Inn,5.0,,,,21345 East Cliff Drive Santa CruzCalifornia 95062 ,95062,8314753381,http://www.pelicanpointinn.net/
California,,38.4046,-122.71333,Quality Inn & Suites Santa Rosa,2.0,,,,3000 Santa Rosa Avenue Santa RosaCalifornia 95407 ,95407,7075212100,https://www.choicehotels.com/california/santa-rosa/quality-inn-hotels/ca977
California,Saratoga,41.3309542016539,-106.605934202671,The Lodge & Spa at Brush Creek Ranch,3.0,Discover The Lodge at Brush Creek Ranch a Preferred Boutique luxury destination on 15 .000 acres of refined Western landscape to call your own in Saratoga Wyoming. Rates are inclusive of resort fee.,Maid Service High Speed Internet,,66 Brush Creek Ranch Road Saratoga 82331Wyoming ,82331,3073275284,http://www.brushcreekranch.com
California,Saratoga,41.45221,-106.80749,Sage And Sand Motel,5.0,"""The Sage Motel is located in Saratoga. The motel features family rooms.",,,,,,
California,Saratoga,37.25566,-122.03648,Saratoga Oaks Lodge,4.0,"""Saratoga Oaks Lodge is situated in Saratoga", 2.3 km from the Montalvo Arts Centre and 4.2 km from the Mountain Winery. Free WiFi is provided throughout the property and free private parking is available on site.,,,,,
California,Saratoga,41.45679,-106.80753,Riviera Lodge,2.0,"""Riviera Motor Lodge is located in Saratoga. Featuring an ATM", this property also provides guests with a barbecue. There is a terrace and guests can make use of free WiFi and free private parking.,,,,,
California,Saratoga,41.45754,-106.81272,Copperline Lodge,5.0,"""Situated in Saratoga in the Wyoming region", CopperLine Lodge features accommodation with free WiFi and free private parking, as well as access to a fitness room.,,,,
California,Saratoga,41.45629,-106.81101,The Hood House Bed & Breakfast Inn,5.0,"""The Hood House Bed & Breakfast Inn is a historic inn set in Saratoga", Wyoming. This inn offers a garden. The property features a shared lounge.,,,,,
California,Saratoga,37.26265,-122.0327,Little Paradise Suite,5.0,"""Set in Saratoga", 2 Bedroom Little Paradise With Sauna Garden Terrace offers self-catering accommodation with free WiFi. It is a lock-off guest unit in the lower level of the house with a private entrance. Guests benefit from a private sauna and terrace.,,,,,
California,Saratoga,37.28333,-122.02094,Saratoga House,5.0,"""Offering garden views", Saratoga House in Beautiful Neighborhood is an accommodation situated in Saratoga, 19 km from Shoreline Amphitheatre and 47 km from Santa Cruz Beach Boardwalk. Located 15 km from San Jose Convention Center, the property provides a garden and free private parking.,,,
California,Sausalito,37.8559,-122.4788,Hotel Sausalito,5.0,"""Set in Sausalito and within 1.6 km of Schoonmaker Beach", Hotel Sausalito has a terrace, allergy-free rooms, and free WiFi throughout the property. The property is situated 14 km from Ghirardelli Square, 14 km from University of San Francisco and 15 km from Coit Tower. The property is non-smoking and is located 9.2 km from Golden Gate Bridge.,,
California,Sausalito,37.82964,-122.52243,HI Marin Headlands Hostel,2.0,"""Located in 2 historic buildings on a hillside in the Marin Headlands section of the Golden Gate National Recreation Area", this eco-friendly hostel is located across from the Golden Gate Bridge.,,,,,
California,Seaside,36.60021,-121.84956,Discovery Inn Monterey Bay,2.0,"""This Seaside motel is within walking distance of Del Monte Beach and near downtown Monterey. The motel offers free on-site parking", a 24-hour front desk and free Wi-Fi.,,,,,
California,Seaside,36.61744,-121.84173,Thunderbird Motel,2.0,"""Located in Seaside", California, this motel is only 10 minutes drive away from Central Monterey and Fishermans Wharf. A microwave and a refrigerator are featured in all guest rooms.,,,,
California,Sebastopol,38.35834,-122.77485,Pearlessence Vineyard Inn,5.0,"""Located on 5 acres", this Sonoma wine country inn is within 10 miles of Hanna Winery Russian River Valley, Marimar Estate Vineyards & Winery and Iron Horse Vineyards. Free Wi-Fi is provided in all rooms.,,,,
California,Sebastopol,38.40193,-122.81946,Sebastopol Inn,3.0,"""Located within 5 miles of Hanna Winery and other Russian River wineries", this downtown Sebastopol inn features a seasonal outdoor pool and hot tub. A restaurant is also featured.,,,,,
California,Sebastopol,38.44723,-122.8605,Vine Hill Inn B&B,3.0,HotelDescription#Further information about this hotel will be available shortly,NO Car park NO Large pets allowed (over 5 kg) NO Garage NO Disability-friendly bathroom NO Small pets allowed (under 5 kg) NO Connecting rooms NO Wheelchair-accessible NO Smoking rooms,,Vine Hill Road 3949 3949 95472 Sebastopol SebastopolCalifornia 95472 ,95472,34156479877,http://www.vine-hill-inn.com
California,Sebastopol,38.4179,-122.905,Avalon,5.0,,,,11910 Graton Road SebastopolCA 95472 ,95472,,
California,Sebastopol,38.34559,-122.82325,Cozy Country Cottage In Sebastopol Cottage,5.0,"""Cozy Country Cottage In Sebastopol Cottage is situated in Sebastopol. It is located 12 km from Laguna de Santa Rosa and provides free WiFi and free private parking.",,,,,,
California,Sebastopol,38.44354,-122.90823,Green Valley Retreat,5.0,"""Situated in Sebastopol", Green Valley Retreat features accommodation with a private pool and free WiFi.,,,,,
California,Sebastopol,38.48273,-122.97491,Starlight Retreat,5.0,"""Starlight Retreat in Guerneville features accommodation with free WiFi", 300 metres from Porter Bass Winery, 5 km from Korbel Champagne Cellars and 5 km from Pee Wee Golf and Arcade.,,,,
California,Selma,36.58084,-119.63567,"""Hampton Inn Selma"," Ca""",5.0,"""Located within 24 km of Fresno Convention Center and 24 km of Selland Arena", Hampton Inn Selma, Ca provides rooms with air conditioning and a private bathroom in Selma. The property is set 22 km from Fresno Pacific University, 26 km from Arte Americas and 28 km from Rotary Storyland and Playland. Fresno Chaffee Zoo is 29 km from the hotel and Blackbeards Family Entertainment Center is 34 km away.,,
California,Soledad,36.41923,-121.32207,Valley Harvest Inn,2.0,"""Featuring an outdoor pool and hot tub", this motel is 4 miles away from Mission Nuestra. All rooms include free Wi-Fi.,,,,,
California,Soledad,36.41994,-121.32219,Soledad Motel 8,5.0,"""Soledad Motel 8 is offering accommodation in Soledad. The hotel offers both free WiFi and free private parking.",,,,,,
California,Solvang,34.59591,-120.14529,Viking Motel,2.0,"""Viking Inn is located in the quaint Danish-style town of Solvang. Offering free WiFi", this pet-friendly motel is surrounded by Denmark-inspired architecture, shops, and festivals.,,,
California,Solvang,34.5959,-120.14465,Solvang Inn And Cottages,2.0,"""This authentic Danish farm-style inn features a heated outdoor pool and hot tub.  It serves a daily continental breakfast and offers free parking.  Solvang town centre is 8 minutes walk away.",,,,,,
California,Solvang,34.63568,-120.11496,The Ballard Inn & Restaurant,4.0,"""Located in Santa Barbara Wine Country", this B&B offers evening wine and appetizers. Guest rooms include free WiFi. A restaurant is on site and a full American breakfast is served daily.,,,,,
California,Solvang,34.5938,-120.14056,Mirabelle Inn and Restaurant,4.0,"""Located in downtown Solvang", a fireplace and plush bathrobes are offered in each room at this boutique hotel. Free WiFi is available.,,,,,
California,Solvang,34.59518,-120.14209,Atterdag Inn,3.0,"""Atterdag Inn is a 3-star property located in Solvang. This 3-star inn offers a concierge service. The property is non-smoking and is set 28 km from Neverland.",,,,,,
California,Solvang,34.59093,-120.14045,New Haven Inn,3.0,"""This boutique modern inn offers unique air-conditioned rooms with free WiFi. Solvang town centre is just a few blocks away from New Haven Inn.",,,,,,
California,Solvang,34.59653,-120.14255,Royal Copenhagen Inn,2.0,"""Featuring free WiFi and an outdoor pool", the Royal Copenhagen Inn offers accommodation in the heart of downtown Solvang, 45 km from Santa Barbara. Guests can enjoy the free continental breakfast at the property.,,,,
California,Solvang,34.59371,-120.13933,Solvang Alisal Vacation Cottages,5.0,"""Featuring free WiFi throughout the property", Solvang Alisal Vacation Cottages is set in the heart of Solvang with many boutiques, bakeries, and wine tasting rooms. Free private parking is available on site.,,,
California,Sonoma,38.29361,-122.45551,Andrea'S Hidden Cottage,5.0,"""Andreas Hidden Cottage", a property with a garden and barbecue facilities, is set in Sonoma, 24 km from Napa Valley Wine Train, 200 metres from Sebastiani Theatre, as well as 200 metres from Sonoma Plaza. The air-conditioned accommodation is a few steps from Sonoma State Historic Park, and guests benefit from complimentary WiFi and private parking available on site.
California,Sonoma,38.28988,-122.43588,Sonoma's Best Guest Cottages,3.0,"""Nested in Californias Sonoma wine country", this accommodation offers on-site dining and massages. Each vibrant guest cottage features a private garden complete with a fireplace and BBQ facilities.,,,,,
California,Sonoma,38.29392,-122.47519,El Pueblo Inn,3.0,"""Featuring a 24-hour outdoor swimming pool", El Pueblo Inn is located within 2 km of Sonoma Town Square and the Sonoma Mission. Buena Vista Winery, Sebastiani Vineyards & Winery and Bartholomew Estate Winery are less than 10 minutes drive away.,,,,
California,Sonoma,38.23523,-122.46073,Vineyard Inn Hotel,3.0,"""Featuring a solar heated pool with a seating area and a fountain", this rustic hotel is 5 miles away from historic Sonoma Square.  It serves a daily continental breakfast and offers rooms with free Wi-Fi.,,,,,
California,Sonoma,38.29379,-122.45921,El Dorado Hotel,3.0,"""Set in a historic building and boasting an outdoor swimming pool", this hotel is located directly across the street from Sonoma Plaza in Sonoma, California.  A restaurant is featured on-site at the El Dorado Hotel.,,,,
California,Sonoma,38.29516,-122.45641,Bungalows 313,4.0,"""Located 3 minutes walk from Sonoma Plaza", these European-styled private bungalows feature fully equipped modern kitchens where guests can cook a full meal.,,,,,
California,Sonoma,38.29382,-122.46017,An Inn 2 Remember,5.0,"""An Inn to Remember is located in Sonoma", California, few steps off the main Plaza. A garden and free WiFi access are featured at the inn.,,,,
California,Sonoma,38.29208,-122.45659,Ledson Hotel & Zina Lounge,4.0,"""Offering an on-site tasting room", Ledson Hotel & Zina Lounge offers furnished rooms with free WiFi. Ledson Winery and Vineyards are less than a 15 mile drive away.,,,,,
California,Sonoma,38.29393,-122.45876,Sonoma Hotel,3.0,"""Situated in a historic building on the Sonoma Plaza", Sonoma Hotel features elegantly designed guest rooms. After a exploring the quaint city centre of Sonoma, guests can enjoy a meal at the on-site restaurant, The Girl and the Fig.,,,
California,Sonoma,38.29514,-122.45601,Cottage Inn & Spa,,"""Featuring a spa on site", Cottage Inn & Spa is located in Sonoma.  Free WiFi access is available. Free wine passes are offered for select Sonoma wineries.,,,,,
California,Sonoma,38.2868,-122.45829,The Bancroft Inn of Sonoma,5.0,"""Set 600 metres from Mission San Francisco Solano", Bancroft Inn of Sonoma offers accommodation with a shared lounge, a garden and a shared kitchen for your convenience. Both WiFi and private parking are accessible at the bed and breakfast free of charge.,,,,
California,Sonoma,38.26818,-122.46268,21007 Broadway Home,5.0,"""Located in Sonoma", 2.8 km from Mission San Francisco Solano and 2.9 km from Sebastiani Theatre, 21007 Broadway Home provides air-conditioned accommodation with a patio and free WiFi. This holiday home features a private pool, a garden and free private parking.,,,
California,Sonoma,38.32464,-122.51731,Valley View Designer Sonoma Estate,5.0,"""Situated in Sonoma", Valley-View Designer Sonoma Estate features a private pool and free WiFi. Guests have a private patio.,,,,,
California,Sonoma,38.28766,-122.45841,758 Broadway House,5.0,"""Set 24 km from Napa Valley Wine Train and 600 metres from Sebastiani Theatre in Sonoma", 758 Broadway House offers accommodation with a kitchen. The accommodation is 800 metres from Mission San Francisco Solano, and guests benefit from private parking available on site and free WiFi.,,,,
California,Sonoma,38.28865,-122.43434,1349 Cherry Tree Court Home,5.0,"""Featuring accommodation with a private pool", 1349 Cherry Tree Court Home is located in Sonoma. The air-conditioned accommodation is 2.4 km from Mission San Francisco Solano, and guests benefit from private parking available on site and free WiFi.,,,,
California,Sonoma,38.27467,-122.4627,Birch House Cottage,5.0,"""Birch House offers accommodation in Sonoma. Guests benefit from free WiFi and private parking available on site.",,,,,,
California,Sonoma,38.26157,-122.42301,21175 Peary Ave Home,5.0,"""Located in Sonoma", 21175 Peary Ave Home provides accommodation with a private pool. The air-conditioned accommodation is 7 km from Mission San Francisco Solano, and guests benefit from complimentary WiFi and private parking available on site.,,,,
California,Sonoma,38.31865,-122.44,Summers House,5.0,"""Boasting mountain views", Summers House features accommodation with a spa and wellness centre and a balcony, around 5 km from Mission San Francisco Solano. This holiday home has a private pool, a garden, barbecue facilities, free WiFi and free private parking.,
California,Sonora,37.98475,-120.38373,Bradford Place Inn,3.0,"""Bradford Place Inn is located in Sonora. Free WiFi access is available. A made-to-order breakfast is included.",,,,,,
California,Sonora,37.97647,-120.37795,Barretta Gardens Inn,3.0,"""Located less than 10 minutes walk from Sonora town centre", this 1904 Victorian farmhouse B&B serves a daily sit-down hot breakfast. Morning coffee/tea is delivered to the rooms each morning.,,,,,
California,Sonora,38.06577,-120.18532,Christmas Tree Inn,2.0,"""Offering a seasonal outdoor pool and year-round hot tub", this Mi-Wuk Village, California hotel is 15 miles away from Dodge Ridge Ski Area and LeLand High Sierra Snow Park. Free Wi-Fi is included.,,,,
California,Sonora,37.98956,-120.36564,Quail Hollow One Furnished Apartments,3.0,"""This property is within a 5-minute drive of historic downtown Sonora and features a seasonal outdoor pool and terrace. The units include a fully equipped kitchen with microwave.",,,,,,
California,Sonora,37.97891,-120.39029,The Gold Lodge,3.0,"""Located in California Gold Country", this Sonora motel is 1 hours drive away from Yosemite National Park.  It serves a daily continental breakfast featuring cereal, coffee and juice. Free Wi-Fi is provided in every guest room.,,,,
California,,33.951584,-118.18209,SureStay Hotel by Best Western South Gate,2.0,,,,Firestone Boulevard 4920 90280 South Gate South GateCalifornia 90280-3513 ,90280,3233740413,http://www.americasbestvalueinn.com/bestv.cfm?idp=1338
California,Stanton,33.80415,-117.99287,Chester Inn Motel,2.0,"""Located 6 miles from Disneyland", this Stanton motel features free Wi-Fi and on-site parking. Guests will also be 4 miles from the Anaheim Convention Center.,,,,,
California,Stockton,37.99327,-121.30407,Econostudios,1.0,"""Located 2 km away from Weberstown Mall", this Stockton motel features an outdoor pool and free WiFi. A kitchenette with microwave, full-size refrigerator and counter with sink is offered in all guest rooms.,,,,
California,Stockton,37.7972,-121.23297,Travelers Inn Manteca,2.0,"""Located in Manteca", California, this motel offers easy access to Highways 99, 120 and Interstate 5. An on-site restaurant is available and guest rooms include free WiFi.,,,
California,Stockton,38.02236,-121.25859,Rodeway Inn,2.0,"""Rodeway Inn is located in Stockton. Free WiFi access is available. The property offers free parking.",,,,,,
California,Stockton,38.12282,-121.26072,Budget Inn Of Lodi,3.0,"""Located 1 mile from Wine Country Casino and Restaurant", this Lodi motel offers free Wi-Fi and a 24-hour reception. The Lodi Grape Festival & Harvest Fair is less than 2 miles away.,,,,,
California,Stockton,37.9521487242166,-121.271098293883,Rodeway Inn Stockton,2.0,HotelDescription#This cosy Hotel is in Stockton Area. There are a total of 23 accommodation units on the premises. This is not a pet-friendly property.,NO Connecting rooms Hotel Fridge NO Small pets allowed (under 5 kg) NO Large pets allowed (over 5 kg) NO Wheelchair-accessible NO Car park NO Garage Continental breakfast  ,,339 South Wilson Way StocktonCA 95205 ,95205,,
California,Stockton,38.01914,-121.25698,El Rancho Motel,5.0,"""Set in Stockton", California region, El Rancho Motel is situated 9 km from University of the Pacific. All rooms boast a TV with satellite channels and a private bathroom. The accommodation offers a 24-hour front desk and free WiFi is available.,,,,
California,Stockton,38.12766,-121.26073,Wine Country Inn,1.0,"""Wine Country Inn is located in Lodi. Featuring a garden", the 1-star motel has air-conditioned rooms with free WiFi, each with a private bathroom. The motel provides garden views, a barbecue and a 24-hour front desk.,,,
California,Stockton,38.13336,-121.2805,Poppy Sister Inn,5.0,"""Situated in Lodi", 23 km from University of the Pacific, Poppy Sister Inn features accommodation with free WiFi, air conditioning and access to a garden with a terrace.,,,
California,Stockton,37.79933,-121.1926,Tru by Hilton Manteca,5.0,"""Set in Manteca", 29 km from University of the Pacific, Tru By Hilton Manteca offers air-conditioned rooms and a fitness centre. All rooms feature a TV with cable channels and a private bathroom. Private parking is available on site.,,,,
California,Stockton,37.90589,-121.21975,"""Hampton Inn Stockton"," CA""",5.0,"""Hampton Inn Stockton", Ca is located in Stockton, within 16 km of University of the Pacific and 41 km of Newport Casino.,,,
California,Stockton,38.27315,-121.30427,La Quinta Inn & Suites by Wyndham Galt,2.0,"""Featuring 2-star accommodation", La Quinta Inn & Suites by Wyndham Galt is situated in Galt, 37 km from University of the Pacific and 37 km from California State University Sacramento. Featuring a bar, the 2-star hotel has air-conditioned rooms with a private bathroom. The accommodation features a 24-hour front desk and an ATM for guests.,,,
California,Sunnyvale,37.37098,-122.04282,The Grand Hotel,4.0,"""Located next to Sunnyvale Civic Center", Grand Hotel offers a year-round outdoor heated pool and hot tub. Free WiFi is included in all guest rooms. San Jose International Airport is 16 km away.,,,,,
California,Sunnyvale,37.35189,-122.01105,Friendship Inn,2.0,"""Located within 16 km of The Tech Museum of Innovation", Stanford University and Mineta San Jose International Airport, the Friendship Inn offers rooms with free WiFi.,,,,
California,Sunnyvale,37.39748,-122.01897,Americas Best Value Inn Siliconway,2.0,"""Silicon Way Inn is 4.8 km is from the Great America Theme Park. The motel offers free WiFi in each room. Guests can enjoy a free daily continental breakfast at this hotel.",,,,,,
California,Sunnyvale,37.36908,-122.03289,Wittle Motel,3.0,"""Located 1 minutes walk from The Lace Museum", this Sunnyvale, California motel offers free Wi-Fi in all guest rooms. Apple Inc. Headquarters is 4 km away.,,,,
California,Susanville,40.42079,-120.66096,Roseberry House Bed & Breakfast,2.0,"""This charming B&B in Susanville", California offers a daily home-cooked breakfast and individually decorated rooms with a private bathroom.  Lassen Historical Museum is a 5-minute walk away.,,,,,
California,Susanville,40.41757,-120.65698,Travel Inn,1.0,"""Located 2 minutes walk away from Lassen Historical Museum", this motel features a 24-hour reception.  All rooms offer free WiFi.,,,,,
California,Susanville,40.41528,-120.64871,River Inn,2.0,"""This pet-friendly Susanville motel is 18 km away from the Bizz Johnson National Recreation Trail. It offers guest rooms with free WiFi and a 24-hour front desk.",,,,,,
California,Susanville,40.41613,-120.65062,Diamond View Motel,2.0,"""Situated in Susanville", Diamond View Motel provides free WiFi. Featuring a garden, the 2-star motel has air-conditioned rooms with a private bathroom. Each room is equipped with a flat-screen TV with satellite channels.,,,,
California,Sylmar,34.30732,-118.47002,Delmonico Motel,1.0,"""Located off Interstate 5", this motel features rooms with free Wi-Fi.  It offers a 24-hour reception and free guest parking.  Central Los Angeles is 24 miles away.,,,,,
California,Sylmar,34.29836,-118.42099,Value Inn,2.0,"""Located 4 miles from Nethercutt Collection", this San Fernando Valley hotel offers rooms with free Wi-Fi. Air conditioning is featured throughout. Smoking and non-smoking rooms are offered.,,,,,
California,Taft,35.1466,-119.45772,Holland Inn and Suites,2.0,"""Located in the town of Taft", all rooms at this motel feature free WiFi, flat screen TV and satellite TV channels. Buena Vista Aquatic Recreation Facility is 30 minutes drive away.,,,,
California,Taft,35.14292,-119.45645,Sunset Motel,2.0,"""Located 3 minutes drive from Taft College", Sunset Motel offers guest rooms with free WiFi access. BBQ facilities are available. The property offers free parking.,,,,,
California,Taft,35.14169,-119.45447,Caprice Motel,2.0,"""Located 3 minutes away from Skydive Taft", this motel offers air-conditioned accommodation with free Wi-Fi.  A guest launderette is provided on-site.  Vending machines featuring drinks are available.,,,,,
California,Taft,34.94813,-119.69052,Cuyama Buckhorn,5.0,"""Located in New Cuyama", Cuyama Buckhorn provides a bar. Among the facilities of this property are a restaurant, room service and luggage storage space, along with free WiFi. The property features a year-round outdoor pool, sauna, hot tub and garden.,
California,,39.14515,-120.1557,Darling Delight Cabin,5.0,,Barbecue / Grill Spa tub Free self parking,,1510 Washoe Way Tahoe CityCalifornia 96145 ,96145,,
California,Tahoma,39.06821,-120.152,West Shore of Lake Tahoe,5.0,"""Situated in Tahoma", West Shore of Lake Tahoe 981 features accommodation with a balcony and free WiFi. This holiday home provides accommodation with a patio.,,,,,
California,Tahoma,39.02742,-120.12337,Unforgettable Lake Tahoe Cabin Home,5.0,"""Unforgettable Lake Tahoe Cabin is a detached holiday home situated in Meeks Bay in the California Region and is 16 km from South Lake Tahoe. The property boasts views of the lake and is 34 km from Carson City.",,,,,,
California,Tahoma,39.05942,-120.13644,7260 Antelope Way Cabin,5.0,"""7260 Antelope Way Cabin Cabin offers accommodation in Tahoma", 19 km from South Lake Tahoe and 34 km from Carson City. Guests benefit from patio.,,,,,
California,Tahoma,39.06696,-120.12751,7021SH89 Peaceful West Shore Condo,5.0,"""Boasting air-conditioned accommodation with a balcony", 7021SH89 - Peaceful West Shore Condo is situated in Tahoma. This property offers access to a patio, free private parking and free WiFi.,,,,
California,Tahoma,39.03121,-120.11904,Rubicon Lake View Cabin,5.0,"""Rubicon Vista is located in Tahoma. Free WiFi access is available in this holiday home.",,,,,,
California,Tahoma,39.06756,-120.13742,Westlake Village Home,5.0,"""Situated in Tahoma in the California region", Westlake Village Home has a patio. This property offers access to a balcony.,,,,,
California,Tahoma,39.06111,-120.13395,West Shore 7181 Home,5.0,"""Set in Tahoma", this holiday home is situated 19 km from South Lake Tahoe. The unit is 34 km from Carson City.,,,,,
California,Tahoma,39.01579,-120.12449,8917 Glen Dr Cabin,5.0,"""8917 Glen Dr House Cabin is a holiday home is set in Tahoma and is 15 km from South Lake Tahoe. Guests benefit from patio.",,,,,,
California,Tahoma,39.01046,-120.11821,9064 Woodland Drive Home,5.0,"""Set in Tahoma in the California region", 9064 Woodland Drive Home has a patio. This holiday home offers accommodation with a balcony.,,,,,
California,Tahoma,39.05662,-120.13072,7311 7th Avenue Home Home,5.0,"""Sugar Pine Haus with Hot Tub House is a detached holiday home with a patio", situated in Pomins in the California Region. The unit is 19 km from South Lake Tahoe.,,,,,
California,Tahoma,39.05866,-120.12602,7250 2nd Ave Home,5.0,"""Featuring accommodation with a patio", 7250 2nd Ave Home is situated in Tahoma. Guests staying at this holiday home have access to a fully equipped kitchen and a balcony.,,,,,
California,Tahoma,39.03384,-120.12053,415 Bayview Dr Home,5.0,"""Set in Tahoma in the California region", 415 Bayview Dr Home features a patio. This holiday home offers accommodation with a balcony.,,,,,
California,Tahoma,39.0573,-120.12815,7290 4th Ave Cabin,5.0,"""Set in Tahoma in the California region", 7290 4th Ave Cabin has a patio. The air-conditioned accommodation is 2 km from Meeks Bay Beach, and guests benefit from private parking available on site and free WiFi.,,,,
California,Tahoma,39.06303,-120.13463,Tahoma Deluxe Brand New Home,5.0,"""Tahoma Deluxe Brand New Home offers accommodation in Tahoma. South Lake Tahoe is 20 km away.",,,,,,
California,Tehachapi,35.12736,-118.45027,Ranch Motel,2.0,"""Featuring a mountain view from every room", this Tehachapi motel is within 10 miles of Souza Family Vineyards and Triassic Legacy Vineyards. Free Wi-Fi is provided in all rooms.,,,,,
California,Temecula,33.7191,-117.1885,Americas Best Value Inn,2.0,"""Featuring an outdoor pool", this Sun City hotel is just 20 km from Lake Elsinore. Free Wi-Fi and a daily continental breakfast with pastries, coffee, juice and tea are included for all guests.,,,
California,Temecula,33.66252,-117.30189,Travel Inn Lake Elsinore,1.0,"""Set in Lake Elsinore", within 22 km of DropZone Waterpark and 24 km of Old Town Temecula, Travel Inn Lake Elsinore offers accommodation with a seasonal outdoor swimming pool and free WiFi as well as free private parking for guests who drive. The property is located 24 km from CrossCreek Golf Club, 24 km from Old Town Temecula Community Theater and 44 km from La Sierra University. The motel features family rooms.,,,
California,Temecula,33.78682,-116.96268,San Jacinto Inn,2.0,"""Featuring a seasonal outdoor swimming pool", this San Jacinto motel is 5 miles away from Ramona Bowl Amphitheatre.  All rooms are equipped with free Wi-Fi.  A guest launderette is located on-site.,,,,,
California,Temecula,33.74485,-117.01335,Motel 6 Hemet,2.0,"""This Hemet", California motel features an outdoor hot tub and rooms with free WiFi. The Motel 6 Hemet is a 6-minute drive from Seven Hills Golf Club.,,,,,
California,Temecula,33.7477,-116.98468,Royal Inn And Suites,2.0,"""Royal Inn & Suites is 3.5 miles from Soboba Casino and within 1 mile from Hemet Museum. Free parking is possible and guest rooms include free Wi-Fi and cable TV.",,,,,,
California,Temecula,33.49275,-117.1493,The Hotel Temecula,2.0,"""Located in Temecula", 44 km from San Clemente, The Hotel Temecula is an historic hotel straight out of the Old West. Build in 1891, the hotel showcases museum quality artifacts that trace the history of Temecula. It boasts free WiFi and free private parking on site.,,,
California,Temecula,33.74762,-117.00021,Diamond Inn,2.0,"""Diamond Inn is situated in Hemet", 44 km from Palm Springs. Free WiFi is available throughout the property.,,,,,
California,Temecula,33.69384,-117.40884,Lakeview Escape,3.0,"""Lakeview Escape is located in Lake Elsinore", 49 km from Anaheim. Temecula is 33 km from the property.,,,,,
California,Temecula,33.67293,-117.32546,Elsinore Hot Springs Inn,5.0,"""Situated in Lake Elsinore", Elsinore Hotsprings Motel features barbecue facilities and a garden. Free WiFi is included.,,,,,
California,Temecula,33.51899,-117.16327,Staybridge Suites - Temecula - Wine Country,5.0,"""Featuring a casino", Staybridge Suites - Temecula - Wine Country, an IHG Hotel is set in Temecula in the California region, 49 km from MiraCosta College and 4 km from Old Town Temecula. The property is located 4.1 km from Old Town Temecula Community Theater, 13 km from CrossCreek Golf Club and 30 km from DropZone Waterpark.,,
California,Temecula,33.5021,-117.15399,Hilton Garden Inn Temecula,5.0,"""Located in Temecula", 47 km from MiraCosta College, Hilton Garden Inn Temecula provides accommodation with an outdoor swimming pool, private parking, a fitness centre and a shared lounge. Among the facilities of this property are a restaurant, room service and a 24-hour front desk, along with free WiFi throughout the property. Guests can have a drink at the bar.
California,Temecula,33.56885,-116.9366,Mansion on the Hill,5.0,"""Mansion on the Hill let 4 Rooms", 5th cost extra is set in Sage and offers a shared lounge and barbecue facilities. The air-conditioned accommodation is 38 km from Lake Elsinore, and guests benefit from complimentary WiFi and private parking available on site.,,,,
California,Temecula,33.60725,-117.28657,Sweet Wildomar Retreat,5.0,"""Set in Wildomar", Sweet Wildomar Retreat features accommodation with a flat-screen TV and a kitchenette. Complimentary private parking is available on site.,,,,,
California,,33.81914,-116.40374,Motel 6 Thousand Palms,2.0,,,,72215 Varner Road Thousand Palms 72215 92276 Thousand Palms Thousand PalmsCalifornia 92276 ,92276,7603431381,https://www.motel6.com/en/motels.ca.thousand-palms
California,,36.47322,-118.85355,The River Inn,2.0,"""Surrounded by Sequoia National Park", Kings Canyon National Park and Mineral King National Park, The River Inn is located in Three Rivers, California.,,,
California,Tomales,38.24621,-122.90485,The Continental Inn,2.0,"""Free Wi-Fi is featured in each guest room of this 1850s-style hotel in Tomales city centre. The Continental Inn is located just 8 miles from the Tomales Oyster Farms.",,,,,,
California,Torrance,33.80627,-118.3555,Driftwood Motel,5.0,"""Driftwood Motel is offering accommodation in Torrance. This Japanese-style business hotel offers free WiFi. Every room is fitted with a flat-screen TV with cable channels.",,,,,,
California,Truckee,39.32579,-120.28628,Donner Lake Inn B&B,4.0,"""Located off I-80 across from Donner Lake", this B&B offers a hot tub and rooms with free WiFi. It serves a daily full hot country breakfast each morning and light afternoon snacks and beverages.,,,,,
California,Truckee,39.32414,-120.16967,The Cedar House Sport,4.0,"""Set in Truckee", 42 km from South Lake Tahoe Massage, Gravity Haus Truckee-Tahoe offers accommodation with free bikes, free private parking, a garden and a shared lounge. With a restaurant, the 4-star hotel has air-conditioned rooms with free WiFi, each with a private bathroom. Guests can make use of a bar.
California,Truckee,39.27558,-120.12186,Tahoe Mountain Lodging,4.0,"""Nestled in Truckee", California, this luxury ski resort is 6 miles from KidZone Museum. An outdoor skating rink and a sauna are located on site. All accommodations boast a gourmet kitchen and a gas fireplace.,,,,
California,Truckee,39.35462,-120.25182,Jade House,5.0,"""Situated in Truckee", Jade House is 14 km from Northstar at Tahoe Resort. Chair #1 is 8 km from the property.,,,,,
California,Truckee,39.35186,-120.22001,Bunnell,5.0,"""22 km from Northstar California Ski Resort", Bunnell is a beachfront property in Truckee, providing amenities such as a kitchen and TV. The property is 22 km from Northstar at Tahoe Resort and 18 km from Donner Ranch Chair #4.,,,,
California,Truckee,39.32024,-120.21166,Dolomite by Red Awning,4.0,"""Situated in Truckee", 39 km from South Lake Tahoe Massage, Dolomite Delight features views of the mountain. The accommodation features an ATM and free WiFi throughout the property.,,,,
California,Truckee,39.32948,-120.21532,Edmunds,5.0,"""Edmunds by Tahoe Truckee Vacation Properties in Truckee offers accommodation with free WiFi", 41 km from South Lake Tahoe Massage. Featuring free private parking, the holiday home is in an area where guests can engage in activities such as skiing and cycling.,,,,
California,Truckee,39.32679,-120.27899,Bray by RedAwning,5.0,"""Bray by Tahoe Truckee Vacation Properties in Truckee offers accommodation with free WiFi", 1.2 km from West End Beach and 48 km from South Lake Tahoe Massage. Boasting free private parking, the holiday home is in an area where guests can engage in activities such as skiing and cycling.,,,,
California,Truckee,39.3539,-120.24126,Ramsey by RedAwning,5.0,"""Ramsey by Tahoe Truckee Vacation Properties offers accommodation in Truckee", 23 km from Northstar at Tahoe Resort. This property offers access to a terrace and free private parking.,,,,,
California,Truckee,39.34303,-120.25049,Graham,3.0,"""Located 23 km from Northstar California Ski Resort and 22 km from Northstar at Tahoe Resort in Truckee", Graham offers accommodation with a kitchen. It is set 18 km from Donner Ranch Chair #4 and offers a tour desk.,,,,,
California,Truckee,39.33829,-120.24027,Herringbone,3.0,"""Herringbone is a beachfront property situated in Truckee", 21 km from Northstar California Ski Resort and 21 km from Northstar at Tahoe Resort. Guests staying at this holiday home have access to a fully equipped kitchen.,,,,,
California,Truckee,39.28531,-120.12841,Rocky Point Northstar Condo by RedAwning,5.0,"""Located in Truckee", Rocky Point Northstar Condo is 1.1 km from Northstar at Tahoe Resort. Summit Chair is 17 km away.,,,,,
California,Truckee,39.35131,-120.24154,Kerr by RedAwning,5.0,"""Kerr ( 4 Bedroom Home ) Home offers accommodation in Truckee", 23 km from Northstar California Ski Resort. The accommodation is 22 km from the Northstar at Tahoe Resort.,,,,,
California,Truckee,39.35603,-120.25626,Burruss by RedAwning,5.0,"""Burruss by Tahoe Truckee Vacation Properties in Truckee provides accommodation with free WiFi", 23 km from Northstar at Tahoe Resort. Featuring free private parking, the holiday home is in an area where guests can engage in activities such as skiing and cycling.,,,,
California,Truckee,39.36268,-120.24332,Vattuone by RedAwning,3.0,"""Vattuone House 13739 Home is set in Truckee. The accommodation is 23 km from Northstar California Ski Resort.",,,,,,
California,Truckee,39.35228,-120.21625,Atkin by RedAwning,5.0,"""Situated in Truckee in the California region", Atkin by Tahoe Truckee Vacation Properties has a terrace. The accommodation is 20 km from Northstar at Tahoe Resort, and guests benefit from complimentary WiFi and private parking available on site.,,,,
California,Truckee,39.29308,-120.12645,Basque Northstar House by RedAwning,5.0,"""Basque Northstar House enjoys a location in Truckee", just 3.6 km from Northstar California Ski Resort and 3.3 km from Northstar at Tahoe Resort. The property is 3.6 km from Highlands Gondola and 3.7 km from Big Springs Express Gondola.,,,,,
California,Truckee,39.28506,-120.12673,Ford Family Escape,5.0,"""Set in Truckee", Ford Family Escape is 1 km from Northstar at Tahoe Resort. Summit Chair is 17 km away.,,,,,
California,Truckee,39.31233,-120.18001,Ponderosa Palisade,5.0,"""Ponderosa Palisade offers accommodation in Truckee. Northstar at Tahoe Resort is 6 km from the property.",,,,,,
California,Truckee,39.32682,-120.28085,Donner Lake Cedar Lodge,3.0,"""Set in Truckee", Donner Lake Cedar Lodge is 15 km from Northstar at Tahoe Resort. Summit Chair is 4.2 km from the property.,,,,,
California,Truckee,39.3483,-120.19972,Sitzmark Family Home,5.0,"""Sitzmark Family Home offers accommodation in Truckee. Northstar at Tahoe Resort is 10 km away.",,,,,,
California,Truckee,39.35619,-120.24917,Casa di Montagna,4.0,"""Set in Truckee", Casa di Montagna is 14 km from Northstar at Tahoe Resort. Chair #1 is 8 km from the property.,,,,,
California,Truckee,39.32664,-120.18547,Redlight Historic Bunk Hotel and Speakeasy,5.0,"""Situated in Truckee and with South Lake Tahoe Massage reachable within 40 km", Redlight Historic Bunk Hotel and Speakeasy features a bar, non-smoking rooms, free WiFi throughout the property and a garden. Boasting family rooms, this property also provides guests with a sun terrace. Guests can have a drink at the snack bar.,,
California,Truckee,39.3178,-120.27093,Donner Lakefront Retreat,5.0,"""Donner Lakefront Retreat offers accommodation in Truckee. Northstar at Tahoe Resort is 14 km away.",,,,,,
California,Truckee,39.37082,-120.2498,Tahoe Donner Retreat,5.0,"""Situated in Truckee", Tahoe Donner Pinnacle Loop Mountain Retreat home features accommodation with a patio and free WiFi. Boasting free private parking, the holiday home is in an area where guests can engage in activities such as skiing and cycling.,,,,
California,Truckee,39.27819,-120.11819,3104 Aspen Grove Rd Condo,5.0,"""Situated in Truckee", 3104 Aspen Grove Rd Condo Condo is an apartment featuring a barbecue. The apartment is 200 metres from Northstar at Tahoe Resort.,,,,,
California,Truckee,39.27271,-120.12165,Ski Trails 4024 Stxs,5.0,"""Boasting ski-to-door access", Ski Trails 4024 is situated in Truckee in the California region, 46 km from South Lake Tahoe Massage.,,,,
California,Truckee,39.28411,-120.12066,Gold Bend 5097 Gb4b,5.0,"""Located in Truckee", Gold Bend 5097 provides accommodation with a balcony and free WiFi. Featuring a patio, the apartment is in an area where guests can engage in activities such as skiing and cycling.,,,,
California,Truckee,39.27574,-120.12041,Timber Creek Lodge 229 Vvv2,5.0,"""Boasting a sauna", Timber Creek Lodge 229 is situated in Truckee. Guests staying at this apartment have access to a balcony.,,,,,
California,Truckee,39.35616,-120.2116,Creekside Cabin On St. Bernard,4.0,"""Creekside Cabin on St Bernard by Tahoe Mountain Properties", a property with a terrace, is set in Truckee, 45 km from South Lake Tahoe Massage.,,,
California,Truckee,39.35381,-120.10294,Truckee House,5.0,"""Set in Truckee in the California region", Truckee House has a patio. Guests have a private balcony.,,,,,
California,Truckee,39.34924,-120.21041,Pine Forest House In Truckee,5.0,"""Located in Truckee", Pine Forest House in Truckee provides accommodation with a patio and free WiFi. Guests staying at this holiday home have access to a balcony.,,,,,
California,Truckee,39.27966,-120.12845,1809 Woods Point Way Hh5h,5.0,"""Set in Truckee", 1809 Woods Point Way offers accommodation with a balcony and free WiFi. Boasting a patio, the holiday home is in an area where guests can engage in activities such as skiing and cycling.,,,,
California,Truckee,39.35312,-120.16505,11090 Henness Road Home,5.0,"""11090 Henness Road Home is situated in Truckee", 13 km from Northstar at Tahoe Resort, and features a patio, garden, and free WiFi. Boasting free private parking, the holiday home is in an area where guests can engage in activities such as skiing and cycling.,
California,Truckee,39.27302,-120.12205,Ski Trails 4058 Stxs,5.0,"""Set in Truckee", California region, Ski Trails 4058 is situated 46 km from South Lake Tahoe Massage.,,,,
California,Truckee,39.28536,-120.13042,Indian Hills 6074 Ih3b,5.0,"""Situated in Truckee", Indian Hills 6074 features accommodation with a balcony and free WiFi. Boasting a patio, the apartment is in an area where guests can engage in activities such as skiing and cycling.,,,,
California,Truckee,39.28366,-120.12136,Gold Bend 5072 Gbxb,5.0,"""Set in Truckee", Gold Bend 5072 offers accommodation with a balcony and free WiFi. Boasting a patio, the apartment is in an area where guests can engage in activities such as skiing and cycling.,,,,
California,Truckee,39.33872,-120.23921,Gamara Single Family at Truckee,5.0,"""Gamara by Tahoe Truckee Vacation Properties offers accommodation in Truckee", 21 km from Northstar at Tahoe Resort.,,,,,
California,Truckee,39.2756,-120.1207,3001 Northstar Drive Condo Unit 109,5.0,"""Situated in Truckee", California region, Northstar Condo 109 is set 45 km from South Lake Tahoe Massage. The accommodation features an ATM and free WiFi throughout the property.,,,,
California,Truckee,39.28368,-120.12904,Indian Hills 6020 Ihxb,5.0,"""Boasting a hot tub", Indian Hills 6020 is located in Truckee. Featuring a balcony, the apartment is in an area where guests can engage in activities such as skiing and cycling.,,,,
California,Truckee,39.27531,-120.12172,Catamount 207c Ct1c,5.0,"""Located in Truckee", within 400 metres of Northstar at Tahoe Resort, Catamount 207C offers accommodation with air conditioning. Boasting a patio, the apartment is in an area where guests can engage in activities such as skiing and cycling.,,,
California,Truckee,39.28811,-120.11565,Northstar Home,5.0,"""Offering free WiFi and mountain views", Northstar Home is an accommodation situated in Truckee. Featuring a patio, the holiday home is in an area where guests can engage in activities such as skiing and cycling.,,,,
California,Truckee,39.36064,-120.24539,Tahoe Donner Home,5.0,"""Situated in Truckee in the California region", Tahoe Donner Home has a patio. The air-conditioned accommodation is 22 km from Northstar at Tahoe Resort, and guests benefit from private parking available on site and free WiFi.,,,,
California,Truckee,39.31942,-120.2981,Lake Chalet,5.0,"""Located in Truckee in the California region", Lake Chalet features a patio. The air-conditioned accommodation is 700 metres from West End Beach, and guests benefit from complimentary WiFi and private parking available on site.,,,,
California,Truckee,39.31596,-120.28724,Conifer Home Home,5.0,"""Set in Truckee in the California region", Conifer Home Home has a patio. The air-conditioned accommodation is 500 metres from West End Beach, and guests benefit from private parking available on site and free WiFi.,,,,
California,Truckee,39.27788,-120.11916,3160 Aspen Grove Agsb,5.0,"""3160 Aspen Grove is a property set in Truckee near Northstar at Tahoe Resort. Featuring a patio", the apartment is in an area where guests can engage in activities such as skiing and cycling.,,,,,
California,Truckee,39.2919,-120.12357,731 Conifer Hh4f,5.0,"""Located in Truckee", 731 Conifer provides accommodation with a balcony and free WiFi. Featuring a patio, the holiday home is in an area where guests can engage in activities such as skiing and cycling.,,,,
California,Truckee,39.35784,-120.24088,14036 Ski View Loop Home,5.0,"""Situated in Truckee in the California region", 14036 Ski View Loop Home has a balcony. This property offers access to a patio, free private parking and free WiFi.,,,,
California,Truckee,39.35617,-120.24535,14394 Tyrol Rd Condo,5.0,"""14394 Tyrol Rd Condo is located in Truckee. The accommodation is 23 km from Northstar at Tahoe Resort", and guests benefit from complimentary WiFi and private parking available on site.,,,,,
California,Truckee,39.27787,-120.11892,Aspen Grove 3090 Agxb,5.0,"""Aspen Grove 3090 is a property located in Truckee near Northstar at Tahoe Resort. Boasting a balcony", the apartment is in an area where guests can engage in activities such as skiing and cycling.,,,,,
California,Truckee,39.27574,-120.12041,Timber Creek Lodge 317 Vvl1,5.0,"""Timber Creek Lodge 317", a property with ski-to-door access, is located in Truckee, 300 metres from Northstar at Tahoe Resort. Featuring a patio, the apartment is in an area where guests can engage in activities such as skiing and cycling.,,
California,Truckee,39.28433,-120.1274,Northstar Indian Hills Home 2 Bathrooms Home,5.0,"""Complete with barbecue facilities", Northstar Indian Hills Home Home is situated in Truckee, an 11-minute walk from Northstar at Tahoe Resort and 17 km from Summit Chair. The property is 18 km from Mount Judah Express and 18 km from Jerome Hill Express.,,,,
California,Truckee,39.35439,-120.21658,Hansel Haus,5.0,"""Boasting a hot tub", Hansel Haus is set in Truckee. Featuring a patio, the holiday home is in an area where guests can engage in activities such as skiing and cycling.,,,,
California,Truckee,39.33751,-120.21472,Tahoe Donner Gem 4 Br Home,5.0,"""Located in Truckee in the California region", Tahoe Donner Gem Home Home features a patio. This property offers access to a balcony.,,,,,
California,Truckee,39.28319,-120.12305,1225 Gold Bend,5.0,"""Set in Truckee", 1225 Gold Bend is 600 metres from Northstar at Tahoe Resort. Summit Chair is 17 km from the property.,,,,,
California,Truckee,39.35994,-120.24386,Provasi at Truckee,5.0,"""Provasi by Tahoe Truckee Vacation Properties offers accommodation in Truckee", 22 km from Northstar at Tahoe Resort. Featuring a terrace, the holiday home is in an area where guests can engage in activities such as skiing and cycling.,,,,
California,Truckee,39.32527,-120.20342,Heart of Truckee 4 Br Home,4.0,"""Heart of Truckee by Tahoe Mountain Properties", a property with a terrace, is located in Truckee, 40 km from South Lake Tahoe Massage.,,,
California,Truckee,39.35556,-120.22963,Teeter Single Family at Truckee,5.0,"""Teeter by Tahoe Truckee Vacation Properties in Truckee features accommodation with free WiFi", 21 km from Northstar at Tahoe Resort. Boasting free private parking, the holiday home is in an area where guests can engage in activities such as skiing and cycling.,,,,
California,Truckee,39.36927,-120.24266,Donner Trail Home 14317,5.0,"""Donner Trail Home 14317 offers accommodation in Truckee", 21 km from Northstar at Tahoe Resort. This property offers access to a patio, free private parking and free WiFi.,,,,
California,Truckee,39.32574,-120.18438,Riverfront Retreat Home Home,5.0,"""Riverfront Retreat Home Home is set in Truckee", 11 km from Northstar at Tahoe Resort, in an area where cycling can be enjoyed. Guests staying at this holiday home have access to a patio.,,,,
California,Truckee,39.34674,-120.20291,11885 Sitzmark 4 Br Home,5.0,"""Situated in Truckee in the California region", Private Mountain Retreat With Sauna & Game Room Home features a patio. The air-conditioned accommodation is 19 km from Northstar at Tahoe Resort, and guests benefit from complimentary WiFi and private parking available on site.,,,,
California,Truckee,39.2801,-120.11596,Northstar Mountain Getaway 4 Br Home,5.0,"""Northstar Mountain Getaway by Tahoe Truckee Vacation Propert in Truckee provides accommodation with free WiFi", less than 1 km from Northstar at Tahoe Resort. Featuring free private parking, the holiday home is in an area where guests can engage in activities such as skiing and cycling.,,,,
California,Truckee,39.33988,-120.24016,Kantor's Hideout 4 Br Home,4.0,"""Situated in Truckee", Kantors Hideout by Tahoe Mountain Properties is 12 km from Northstar at Tahoe Resort. Summit Chair is 8 km away.,,,,,
California,Truckee,39.31685,-120.27202,South Shore,5.0,"""Situated in Truckee", just 27 km from Northstar at Tahoe Resort, South Shore by Tahoe Truckee Vacation Properties features accommodation with free WiFi. Boasting free private parking, the holiday home is in an area where guests can engage in activities such as skiing and cycling.,,,
California,Truckee,39.27903,-120.11786,Upgraded Northstar Condo Aspen Grove Condo,5.0,"""Located in Truckee", just 600 metres from Northstar at Tahoe Resort, Upgraded Northstar Condo  Aspen Grove Condo provides accommodation with free WiFi. Featuring a patio, the apartment is in an area where guests can engage in activities such as skiing and cycling.,,,
California,Truckee,39.35448,-120.24395,Tahoe Donner Snow Globe Home,5.0,"""Tahoe Donner Snow Globe Home is a detached holiday home located in Donner Pines Tract in the California Region and is 42 km from Reno. The property features views of the lake and is 46 km from Carson City.",,,,,,
California,Truckee,39.2803,-120.11811,3026 Silver Strike Condo,5.0,"""Set in Truckee in the California region", 3026 Silver Strike Condo features a patio. The air-conditioned accommodation is 500 metres from Northstar at Tahoe Resort, and guests benefit from complimentary WiFi and private parking available on site.,,,,
California,Truckee,39.28702,-120.12169,1620 Deer Path Hh5d,5.0,"""Set in Truckee", 1620 Deer Path offers accommodation with a balcony and free WiFi. Featuring a patio, the holiday home is in an area where guests can engage in activities such as skiing and cycling.,,,,
California,Truckee,39.28472,-120.12522,1302 Indian Hills Hh4h,5.0,"""Located in Truckee", 1302 Indian Hills provides accommodation with a balcony and free WiFi. Featuring a patio, the holiday home is in an area where guests can engage in activities such as skiing and cycling.,,,,
California,Truckee,39.27293,-120.12153,Ski Trails 4070 St3s,5.0,"""Set in Truckee and within 46 km of South Lake Tahoe Massage", Ski Trails 4070 features a terrace, rooms, and free WiFi throughout the property. Every room includes a patio.,,,
California,Truckee,39.27531,-120.12172,301c Catamount Ctxc,5.0,"""Located in Truckee", 400 metres from Northstar at Tahoe Resort, 301C Catamount provides air-conditioned accommodation with a patio and free WiFi. Featuring a balcony, the apartment is in an area where guests can engage in activities such as skiing and cycling.,,,
California,Truckee,39.28421,-120.12075,Gold Bend 5098 Gbxb,5.0,"""Located in Truckee in the California region", Gold Bend 5098 features a balcony. Boasting a patio, the apartment is in an area where guests can engage in activities such as skiing and cycling.,,,,
California,Truckee,39.27119,-120.12067,Ski Trails 4113 St1t,5.0,"""46 km from South Lake Tahoe Massage", Ski Trails 4113 is situated in Truckee and has ski-to-door access and free WiFi throughout the property. The rooms have a balcony.,,,,,
California,Truckee,39.27564,-120.12081,Northstar Original Village Studio Two,5.0,"""Located 39 km from Reno", Northstar Original Village Studio Two offers accommodation in Kingswood Estates. The property is 40 km from South Lake Tahoe and boasts views of the mountain.,,,,,
California,Truckee,39.27245,-120.12001,4044 Ski View Condo,5.0,"""Situated 600 metres from Northstar at Tahoe Resort in Truckee", this apartment features a balcony. The apartment is 18 km from Summit Chair.,,,,,
California,Truckee,39.27248,-120.12005,Ski Trails 4042 Stxt,5.0,"""Boasting ski-to-door access", Ski Trails 4042 is situated in Truckee in the California region, 45 km from South Lake Tahoe Massage. Rooms include a balcony.,,,,
California,Truckee,39.28558,-120.12989,Indian Hills 6088 Ih3b,5.0,"""Located in Truckee in the California region", Indian Hills 6088 features a balcony. Featuring a patio, the apartment is in an area where guests can engage in activities such as skiing and cycling.,,,,
California,Truckee,39.27574,-120.12041,Northstar Village 215 Vvv2,5.0,"""Northstar Village 215 is situated in Truckee and offers ski-to-door access. Guests have a private patio.",,,,,,
California,Truckee,39.28595,-120.1276,Feather Ridge,5.0,"""Feather Ridge offers accommodation in Ponderosa Fairway Estates. Reno is 38 km away.",,,,,,
California,Truckee,39.35733,-120.23365,Tahoe Donner Home,5.0,"""Tahoe Donner Home Home is a holiday home with a balcony", situated in Truckee, 13 km from Northstar at Tahoe Resort. The holiday home is 9 km from Summit Chair.,,,,
California,Truckee,39.35409,-120.25023,12125 Snowpeak Way Home,5.0,"""Set in Truckee in the California region", 12125 Snowpeak Way Home features a patio. The air-conditioned accommodation is 23 km from Northstar at Tahoe Resort, and guests benefit from complimentary WiFi and private parking available on site.,,,,
California,Truckee,39.2831,-120.1238,Hurd Hacienda,5.0,"""Hurd Hacienda is set in Kingswood Estates", 45 km from South Lake Tahoe Massage, in an area where skiing can be enjoyed. This holiday home offers accommodation with a balcony and free WiFi.,,,,
California,Truckee,39.28946,-120.12097,1117 Martis Landing 4 Br Condo,5.0,"""Amazing 4 Br Log Cabin In Northstar Condo is located in Truckee and offers a terrace. Featuring a patio", the apartment is in an area where guests can engage in activities such as skiing and cycling.,,,,,
California,Truckee,39.27574,-120.12041,Timber Creek 325 Vvl1,5.0,"""Timber Creek 325", a property with ski-to-door access, is set in Truckee, 300 metres from Northstar at Tahoe Resort. Boasting a patio, the apartment is in an area where guests can engage in activities such as skiing and cycling.,,
California,Truckee,39.27223,-120.12106,Lake Tahoe Serenity,5.0,"""Located in Kingswood Estates", Lake Tahoe Serenity features free WiFi throughout the property. The property is non-smoking and is situated 45 km from South Lake Tahoe Massage.,,,,,
California,Truckee,39.28508,-120.13013,Mountain Views at Northstar Townhouse,5.0,"""Situated in Truckee in the California Region", this holiday home is 1.2 km from Northstar at Tahoe Resort. The holiday home is 17 km from Summit Chair.,,,,,
California,Truckee,39.34037,-120.2187,10991 Zermatt Dr Home,5.0,"""Situated in Truckee in the California region", 10991 Zermatt Dr Home features a patio. The air-conditioned accommodation is 19 km from Northstar at Tahoe Resort, and guests benefit from complimentary WiFi and private parking available on site.,,,,
California,Truckee,39.34277,-120.2148,11443 Northwoods Blvd House Unit B,5.0,"""Located in Truckee", this holiday home is 11 km from Northstar at Tahoe Resort. Guests benefit from balcony and a childrens playground.,,,,,
California,Truckee,39.27574,-120.12041,Northstar Village 216 Vvv2,5.0,"""Northstar Village 216", a property with ski-to-door access, is set in Truckee, 300 metres from Northstar at Tahoe Resort. Boasting a patio, the apartment is in an area where guests can engage in activities such as skiing and cycling.,,
California,Truckee,39.27088,-120.12041,Ski Trails 4123,5.0,"""Set in Truckee", California region, Ski Trails 4123 is situated 1 km from Northstar at Tahoe Resort.,,,,
California,Truckee,39.27574,-120.12041,Northstar Village 237 Vvv2,5.0,"""Northstar Village 237", a property with ski-to-door access, is located in Truckee, 300 metres from Northstar at Tahoe Resort. Featuring a patio, the apartment is in an area where guests can engage in activities such as skiing and cycling.,,
California,Truckee,39.27943,-120.11568,824 Beaver Pond Hh3f,5.0,"""Situated in Truckee in the California region", 824 Beaver Pond has a balcony. Featuring a patio, the holiday home is in an area where guests can engage in activities such as skiing and cycling.,,,,
California,Truckee,39.28001,-120.11577,Beaver Pond Northstar Luxury Chalet With Hot Tub,5.0,"""Beaver Pond Northstar Luxury Chalet with Hot Tub offers accommodation in Truckee. Northstar at Tahoe Resort is 400 metres from the property.",,,,,,
California,Truckee,39.34243,-120.25396,Skislope Chalet,5.0,"""Located in Truckee", Skislope Chalet is 14 km from Northstar at Tahoe Resort. Summit Chair is 7 km from the property.,,,,,
California,Truckee,39.36617,-120.24077,Solvang Family Getaway,5.0,"""Solvang Family Getaway is situated in Truckee", 14 km from Northstar at Tahoe Resort. Chair #1 is 9 km away.,,,,,
California,Truckee,39.35345,-120.25057,Snowpeak Tahoe Donner Golf Course Views,5.0,"""Snowpeak Tahoe Donner Golf Course Views is located in Truckee", 14 km from Northstar at Tahoe Resort. Chair #1 is 8 km from the property.,,,,,
California,Truckee,39.28626,-120.13021,View Condo At Northstar,5.0,"""Set in Truckee", View Condo at Northstar is 1.3 km from Northstar at Tahoe Resort. Summit Chair is 17 km from the property.,,,,,
California,Truckee,39.27457,-120.1202,Catamount #101 And 101a,5.0,"""Catamount #101 and 101A offers accommodation in Truckee. Northstar at Tahoe Resort is 400 metres from the property.",,,,,,
California,Truckee,39.34147,-120.21838,Krell,5.0,"""Situated in Truckee", just 19 km from Northstar at Tahoe Resort, Zurich Den by Tahoe Truckee Vacation Properties features accommodation with free WiFi. Boasting free private parking, the holiday home is in an area where guests can engage in activities such as skiing and cycling.,,,
California,Truckee,39.32927,-120.06237,Valley View Estate,5.0,"""Valley View Estate offers accommodation in Truckee. Northstar at Tahoe Resort is 8 km away.",,,,,,
California,Truckee,39.33809,-120.21535,12630 Bernese Lane Home,5.0,"""Set in Truckee in the California region", 12630 Bernese Lane Home features a balcony. This holiday home offers free private parking, an ATM and free WiFi.,,,,
California,Truckee,39.28153,-120.12683,Charlton Single Family At Truckee,5.0,"""Situated in Truckee", just 700 metres from Northstar at Tahoe Resort, Charlton by Tahoe Truckee Vacation Properties features accommodation with free WiFi. Boasting free private parking, the holiday home is in an area where guests can engage in activities such as skiing and cycling.,,,
California,Truckee,39.27275,-120.11991,4033 Ski Trails St1t,5.0,"""4033 Ski Trails is set in Truckee and offers ski-to-door access. This property is 700 metres from Northstar at Tahoe Resort.",,,,,,
California,Truckee,39.27788,-120.11913,3159 Aspen Grove,5.0,"""Located in Truckee in the California region", 3159 Aspen Grove features a balcony. Featuring a patio, the apartment is in an area where guests can engage in activities such as skiing and cycling.,,,,
California,Truckee,39.35138,-120.20868,11824 Schussing Way Home,5.0,"""Located in Truckee in the California region", 11824 Schussing Way Home features a balcony. This property offers access to a patio, free private parking and free WiFi.,,,,
California,Truckee,39.34893,-120.20441,Munich Drive 11700 Home,5.0,"""Munich Drive 11700 Home is a holiday home with a barbecue", located in Truckee. The holiday home is 11 km from Northstar at Tahoe Resort.,,,,,
California,Truckee,39.2712,-120.12061,Condo Center of Northstar,5.0,"""Offering free WiFi and free private parking", Condo - Center of Northstar is situated in Truckee, just less than 1 km from Northstar at Tahoe Resort.,,,,
California,Truckee,39.27253,-120.12121,4083 Ski Trails St1s,5.0,"""Situated in Truckee", just 700 metres from Northstar at Tahoe Resort, 4083 Ski Trails features accommodation with ski-to-door access and free WiFi. Boasting a patio, the apartment is in an area where guests can engage in activities such as skiing and cycling.,,,
California,Truckee,39.27788,-120.11906,3132 Aspen Grove,5.0,"""3132 Aspen Grove in Truckee provides accommodation with free WiFi", 45 km from South Lake Tahoe Massage. Featuring a patio, the apartment is in an area where guests can engage in activities such as skiing and cycling.,,,,
California,Truckee,39.3268,-120.23277,10172 Thomas Drive Home,5.0,"""Located in Truckee in the California region", 10172 Thomas Drive Home features a patio. The air-conditioned accommodation is 18 km from Northstar at Tahoe Resort, and guests benefit from complimentary WiFi and private parking available on site.,,,,
California,Truckee,39.27271,-120.12165,Ski Trails 4015 St1t,5.0,"""Situated in Truckee", 46 km from South Lake Tahoe Massage, Ski Trails 4015 has a terrace and ski-to-door access. Rooms have a balcony.,,,,
California,Truckee,39.27531,-120.12172,Catamount 407c Ct1c,5.0,"""Located in Truckee", within 400 metres of Northstar at Tahoe Resort, Catamount 407C offers accommodation with air conditioning. Featuring a balcony, the apartment is in an area where guests can engage in activities such as skiing and cycling.,,,
California,Truckee,39.27788,-120.11921,3174 Aspen Grove Agsb,5.0,"""3174 Aspen Grove is a property situated in Truckee near Northstar at Tahoe Resort. Boasting a patio", the apartment is in an area where guests can engage in activities such as skiing and cycling.,,,,,
California,Truckee,39.3691,-120.17696,12726 Greenwood Dr House,5.0,"""Located 11 km from Northstar at Tahoe Resort", 12726 Greenwood Dr House Home offers accommodation in Truckee. The unit is 14 km from Summit Chair.,,,,,
California,Truckee,39.28195,-120.12183,Gold Bend 5022 Gb3b,5.0,"""Situated in Truckee in the California region", Gold Bend 5022 has a balcony. Boasting a patio, the apartment is in an area where guests can engage in activities such as skiing and cycling.,,,,
California,Truckee,39.27788,-120.11906,3130 Aspen Grove Agxb,5.0,"""Boasting a sauna", 3130 Aspen Grove is set in Truckee. Featuring a patio, the apartment is in an area where guests can engage in activities such as skiing and cycling.,,,,
California,Truckee,39.27568,-120.12136,Iron Horse North Holiday Home By Tahoe Truckee,5.0,"""Set in Truckee", Iron Horse North by Tahoe Truckee Vacation Properties offers accommodation with a terrace and free WiFi. Boasting free private parking, the holiday home is in an area where guests can engage in activities such as skiing and cycling.,,,,
California,Truckee,39.34126,-120.08456,11322 Somerset Drive Home,5.0,"""11322 Somerset Drive Home", a property with a garden, is situated in Truckee, 23 km from Northstar at Tahoe Resort. This property offers access to a patio.,,,
California,Truckee,39.27257,-120.12124,4081 Ski Trails St1s,5.0,"""Situated in Truckee", just 700 metres from Northstar at Tahoe Resort, 4081 Ski Trails features accommodation with ski-to-door access and free WiFi. Boasting a patio, the apartment is in an area where guests can engage in activities such as skiing and cycling.,,,
California,Truckee,39.27889,-120.11843,3069 Aspen Grove Agxb,5.0,"""Situated in Truckee", 3069 Aspen Grove features accommodation with a patio and free WiFi.,,,,,
California,Truckee,39.35775,-120.21135,12483 Schussing Way Home,5.0,"""Located in Truckee", 12483 Schussing Way Home provides accommodation with a patio and free WiFi. Set 18 km from Northstar at Tahoe Resort, the property offers a garden and free private parking.,,,,
California,Truckee,39.34973,-120.22192,Chamonix Chalet,5.0,"""Chamonix Chalet is situated in Truckee", 12 km from Northstar at Tahoe Resort. Summit Chair is 10 km away.,,,,,
California,Truckee,39.34664,-120.22855,Tahoe Donner Greenbelt Retreat,5.0,"""Tahoe Donner Greenbelt Retreat offers accommodation in Truckee. Northstar at Tahoe Resort is 12 km away.",,,,,,
California,Truckee,39.35465,-120.25788,Ski Bowl Slopeside,5.0,"""Set in Truckee", Ski Bowl Slopeside is 15 km from Northstar at Tahoe Resort. Chair #1 is 8 km away.,,,,,
California,Truckee,39.35513,-120.25069,Snowpeak Chalet In Tahoe Donner,5.0,"""Snowpeak Chalet in Tahoe Donner offers accommodation in Truckee. Northstar at Tahoe Resort is 14 km away.",,,,,,
California,Truckee,39.28514,-120.12599,Beautiful Ride In Northstar,5.0,"""Situated in Truckee", Beautiful Ride in Northstar is 900 metres from Northstar at Tahoe Resort. Summit Chair is 17 km from the property.,,,,,
California,Truckee,39.27853,-120.11847,Great Northstar Condo,5.0,"""Great Northstar Condo is located in Kingswood Estates", 38 km from Reno. South Lake Tahoe is 40 km away.,,,,,
California,Truckee,39.28241,-120.12203,Gold Bend 5034,5.0,"""Set in Truckee", Gold Bend 5034 is 500 metres from Northstar at Tahoe Resort. Summit Chair is 17 km from the property.,,,,,
California,Truckee,39.27789,-120.11903,Aspen Grove Hideaway,5.0,"""Aspen Grove Hideaway is a apartment is set in Truckee is 100 metres from Northstar at Tahoe Resort. The property features views of the mountain and is 18 km from Summit Chair.",,,,,,
California,Truckee,39.27788,-120.11885,Aspen Grove ski Back Condos,5.0,"""Aspen Grove """"Ski Back"""" Condos offers accommodation in Truckee. Northstar at Tahoe Resort is 100 metres away.",,,,,,
California,Truckee,39.34536,-120.20294,Bears Lair,5.0,"""Located in Truckee", Bears Lair is 10 km from Northstar at Tahoe Resort. Summit Chair is 11 km from the property.,,,,,
California,Truckee,39.27566,-120.12082,Northstar Original Village Studio One,5.0,"""Northstar Original Village Studio One is a apartment is located in Truckee is 100 metres from Northstar at Tahoe Resort. The unit is 18 km from Summit Chair.",,,,,,
California,Truckee,39.29223,-120.11433,18th Fairway Northstar Mountain Retreat,5.0,"""Situated in Truckee in the California region", 18th Fairway Northstar Mountain Retreat has a balcony. This property is 2.2 km from Northstar at Tahoe Resort.,,,,,
California,Truckee,39.27789,-120.11912,Aspen Grove Studio At Northstar,5.0,"""Aspen Grove Studio at Northstar features free WiFi throughout the property and views of mountain in Truckee. The property is non-smoking and is located 45 km from South Lake Tahoe Massage.",,,,,,
California,Truckee,39.32017,-120.21,Boulders Condo,5.0,"""Set in Truckee", Boulders Condo with Pool - Near Lake & Ski Slopes condo offers accommodation with a balcony and free WiFi. Featuring free private parking, the apartment is in an area where guests can engage in activities such as skiing and cycling.,,,,
California,Truckee,39.35286,-120.23777,The Great Escape,5.0,"""The Great Escape is located in Truckee", 13 km from Northstar at Tahoe Resort. Summit Chair is 9 km from the property.,,,,,
California,Truckee,39.35352,-120.21281,Schussing Family Cabin,5.0,"""Located in Truckee", Schussing Family Cabin is 12 km from Northstar at Tahoe Resort. Summit Chair is 11 km from the property.,,,,,
California,Truckee,39.34902,-120.21973,Serenity In The Woods,5.0,"""Set in Truckee", Serenity in the Woods is 12 km from Northstar at Tahoe Resort. Summit Chair is 10 km from the property.,,,,,
California,Truckee,39.28448,-120.13052,Indian Hills Hideaway,5.0,"""Set in Ponderosa Fairway Estates in the California region", Indian Hills Hideaway offers accommodation with access to a sauna.,,,,,
California,Truckee,39.34847,-120.23975,Swiss Lane Getaway,5.0,"""Situated in Truckee", Swiss Lane Getaway is 13 km from Northstar at Tahoe Resort. Summit Chair is 8 km from the property.,,,,,
California,Truckee,39.29118,-120.11373,Northstar Family Home On The 18th Fairway,5.0,"""Northstar Family Home on the 18th Fairway is situated in Truckee", 1.6 km from Northstar at Tahoe Resort. Summit Chair is 18 km away.,,,,,
California,Truckee,39.34032,-120.23561,Serenity At Tahoe Donner,5.0,"""Serenity at Tahoe Donner offers accommodation in Truckee. Northstar at Tahoe Resort is 12 km from the property.",,,,,,
California,Truckee,39.28444,-120.12174,5125 Gold Bend,5.0,"""5125 Gold Bend is situated in Truckee", 700 metres from Northstar at Tahoe Resort. Summit Chair is 17 km away.,,,,,
California,Truckee,39.27412,-120.12045,Northstar Lodge 307,5.0,"""New Listing! Top Floor Village at Northstar Residence - Big Horn 504 is situated in Truckee", 45 km from South Lake Tahoe Massage, in an area where skiing can be enjoyed.,,,,
California,Truckee,39.31834,-120.29857,Bear Americana Cabin,5.0,"""Bear Americana Cabin is set in Weeks Tract", 800 metres from West End Beach, in an area where skiing can be enjoyed. It features mountain views and free WiFi throughout the property.,,,,
California,Truckee,39.29329,-120.12011,195 Basque Dr Hh4j,5.0,"""Located in Truckee", 195 Basque Dr provides accommodation with a balcony and free WiFi. Featuring a patio, the holiday home is in an area where guests can engage in activities such as skiing and cycling.,,,,
California,Truckee,39.27412,-120.12045,Northstar Gondola View Penthouse Studio,5.0,"""Attitude Adjustment is a holiday home situated in Kingswood Estates", 39 km from Reno. The property is 40 km from South Lake Tahoe and features views of the mountain.,,,,,
California,Truckee,39.34026,-120.22695,Truckee Mountain Retreat,5.0,"""Truckee Mountain Retreat offers accommodation in Truckee. Northstar at Tahoe Resort is 12 km away.",,,,,,
California,Truckee,39.34912,-120.20752,The Hideaway,5.0,"""The Hideaway is set in Truckee", 11 km from Northstar at Tahoe Resort. Summit Chair is 11 km away.,,,,,
California,Truckee,39.355,-120.25879,Updated Tahoe Donner Loft With A View,5.0,"""Updated Tahoe Donner Loft With A View is set in Truckee. It is situated 23 km from Northstar at Tahoe Resort and features free WiFi plus a concierge service.",,,,,,
California,Tulare,36.18107,-119.3269,Budget Inn,2.0,"""Offering free Wi-Fi and a free continental breakfast to all guests", this Tulare motel features rooms with a cable TV.  Tulare golf course is just 3 minutes drive away.,,,,,
California,Tulare,36.20116,-119.32975,Village Inn,1.0,"""Rooms feature satellite TV and free Wi-Fi in this motel. Laundry facilities and a 24-hour front desk are available for extra convenience. Tulare Outlets are less than 10 minutes drive away.",,,,,,
California,Turlock,37.50497,-120.85685,Sunrise Inn,2.0,"""Located in Turlock", Sunrise Inn is 0.5 miles from the Stanislaus County Fairgrounds and 2 miles from Freeway 99. It offers rooms with free Wi-Fi.,,,,,
California,,34.13512,-116.25626,Spin and Margies Desert Hideaway,5.0,,,,64491 29 Palms Highway Joshua TreeCalifornia 92252 ,92252,,
California,Ukiah,39.1317589700909,-123.717972703289,Greenwood Pier Inn,4.0,,,,5928 Highway 1 ElkCA 95432 ,95432,,http://www.hotelscombined.com/Hotel/Greenwood_Pier
California,Ukiah,39.12722,-123.71411,Elk Cove Inn & Spa,5.0,"""Situated in Elk", 36 km from Fort Bragg, Elk Cove Inn & Spa features a barbecue and spa centre. Free private parking is available on site.,,,,
California,Ukiah,39.39805,-123.34986,Pine Cone Motel,2.0,"""Located in Willits", Pine Cone Motel features guest rooms with free Wi-Fi. It offers free guest parking.  Frank R. Howard Memorial Hospital is 450 metres away.,,,,,
California,Ukiah,39.3965,-123.34971,Western Village Inn,3.0,"""Western Village Inn is located in Willits", a 25-minute drive from Ukiah Airport and a 60-minute drive from the scenic Redwood Forests. Free Wi-Fi access is available.,,,,,
California,Ukiah,39.13267,-123.71904,Bella Mare,5.0,"""Bella Mare offers accommodation in Elk. Fort Bragg is 36 km from the property.",,,,,,
California,Ukiah,39.39441,-123.3482,Edgewood Motel,3.0,"""Edgewood Motel is situated in Willits", 40 km from Fort Bragg and 40 km from Mendocino. Free WiFi is offered.,,,,,
California,Ukiah,39.40693,-123.35267,Redwood Inn Willits,5.0,"""Featuring free WiFi throughout the property", Redwood Inn Willits offers accommodations in Willits, close to downtown Willits.,,,,
California,Valencia,34.4206734134934,-118.58066892235,Best Western Valencia Inn,3.0,"""Stay at this Valencia", California hotel -near Six Flags® Magic Mountain and Hurricane Harbor.  ,,,,,
California,Vallejo,38.13547,-122.25577,Regency Inn,3.0,"""Located off Highway 37", this motel in Vallejo, California features an outdoor pool an offers rooms with free WiFi and a cable TV. Six Flags Discovery Kingdom Amusement Park is 1.9 miles away.,,,,
California,Vallejo,38.10576,-122.23129,Rodeway Inn,2.0,,,,4 Mariposa Street VallejoCalifornia 94590 ,94590,7075541840,http://www.relaxinnvallejo.com/
California,Vallejo,38.134763,-122.220293,Ramada by Wyndham Vallejo Six Flags Discovery Kgdm,3.0,This charming hotel can be found in Napa. There are a total of 130 accommodation units at Ramada by Wyndham Vallejo Six Flags Discovery Kgdm. Customers can take advantage of the internet access. Pets are not permitted on the premises. Travellers arriving by car may leave their vehicle at the accommodation's parking spaces.,Breakfast Hot tub Business centre Meeting room Lift access Air conditioning in public areas Laundry service Room service Desk TV Hotel,San Francisco Intl          : within 25000 metre ,Admiral Callaghan Lane 1000 VALLEJO ,94591,7076531300,
California,Vallejo,38.127192,-122.228916,Motel 6 Vallejo Six Flags East,2.0,"""The hotel is located near Solano County Fairgrounds", Six Flags - Marine World, Vallejo Ferry and Mare Island Naval Shipyard.,,,,
California,Vallejo,38.0858,-122.23323,Motel 7,2.0,"""Located 5 miles from Six Flags Discovery Kingdom. Free Wi-Fi and free parking is offered for all guests.",,,,,,
California,Vallejo,38.0837079778185,-122.233664095402,Discovery Inn,5.0,,Microwave Cable / Satellite Television Private bathrooms Hair dryer (on request) Air Conditioned Toiletries Free self parking Housekeeping Free Wireless Internet access (inroom) Writing Desk Tea/Coffee Making Facilities Fridge Pets Not Allowed Bathtub/Shower Combination Air Condition in rooms Free Wireless Internet access,,197 Lincoln Road West VallejoCalifornia 94590 ,94590,,
California,Ventura,34.27842,-119.2865,Travelers Beach Inn,1.0,"""This Ventura motel is located just off Highway 101 and 2 blocks from San Buenaventura State Beach. A bridge over the highway makes the beach easily accessible by foot.",,,,,,
California,Ventura,34.27305,-119.26475,Rex Motel,2.0,"""One mile from San Buenaventura State Beach", Rex Motel is located off of Highway 101. It offers free WiFi throughout the property. Each guest room is equipped with a refrigerator and microwave.,,,,,
California,Ventura,34.26771,-119.25083,Mission Bell Motel,2.0,"""This motel", located in downtown Ventura, California, is less than a mile from the Ventura Freeway and a 2-minute walk from Pacific View Mall. Free Wi-Fi is available throughout the motel.,,,
California,Ventura,34.26363,-119.2742,1137 Montauk Ln Duplex Both Units Duplex,5.0,"""Located in Ventura in the California region", 1137 Montauk Ln Duplex Both Units Duplex features a balcony. This property offers access to a patio, free private parking and free WiFi.,,,,
California,Ventura,34.28345,-119.29903,215 Cedar Street Home,5.0,"""Set in Ventura in the California region", 215 Cedar Street Home has a balcony. This property offers access to a patio, free private parking and free WiFi.,,,,
California,Ventura,34.2655,-119.2743,1031 Bangor Lane Bungalow,5.0,"""Situated 43 km from Santa Barbara and 21 km from Ojai", 1031 Bangor Lane Bungalow Cabin offers accommodation in Ventura. The unit is 12 km from Oxnard.,,,,,
California,Ventura,34.26363,-119.2742,1137 Montauk Ln Duplex Lower Unit Duplex,5.0,"""Located in Ventura in the California region", 1137 Montauk Ln Duplex Lower Unit Duplex features a balcony. This property offers access to a patio, free private parking and free WiFi.,,,,
California,Ventura,34.35592,-119.44267,6694 Breakers Way Home,5.0,"""Boasting accommodation with a patio", 6694 Breakers Way Home is situated in Muscle Shoals. The property features sea views and is 40 km from Ojai.,,,,,
California,Ventura,34.36597,-119.44831,La Conchita Beach Home,5.0,"""Located in Punta in the California region", La Conchita Beach Home has a patio. The air-conditioned accommodation is 2.8 km from Rincon Beach, and guests benefit from private parking available on site and free WiFi.,,,,
California,Ventura,34.26657,-119.27437,2142 Pierpont Home,5.0,"""Situated in Ventura", this holiday home features a barbecue. The unit is 43 km from Santa Barbara.,,,,,
California,Ventura,34.26363,-119.2742,1137 Montauk Ln Apartment Upper Unit Apts,5.0,"""Set in Ventura in the California region", 1137 Montauk Ln Apartment Upper Unit Apts features a balcony. This property offers access to a patio, free private parking and free WiFi.,,,,
California,Ventura,34.26845,-119.27572,Beach Bungalow In Ventura Cabin,5.0,"""Situated 43 km from Santa Barbara and 20 km from Ojai", Beach Bungalow in Ventura Cabin offers accommodation in Ventura. Guests benefit from patio.,,,,,
California,Victorville,34.89876,-117.01189,Budget Inn,2.0,"""Featuring an outdoor swimming pool", this Barstow, California hotel is 3 miles from the Mojave National Reserve. Complimentary Wi-Fi is offered in all rooms.,,,,
California,Victorville,34.46914,-117.34261,Surestay Plus Hotel By Best Western Hesperia,3.0,"""Situated 40 km from Glen Helen Amphitheater", SureStay Plus Hotel by Best Western Hesperia offers 3-star accommodation in Hesperia and has a spa and wellness centre. With an outdoor swimming pool, the 3-star hotel has air-conditioned rooms with free WiFi. Glen Helen Raceway is 47 km away and California State University San Bernardino is 48 km from the hotel.,,,,
California,Victorville,34.89889,-117.02953,Route 66 Motel,2.0,"""This retro Barstow motel is located on world famous Route 66.  It features a collection of vintage cars and Route 66 memorabilia and offers simply furnished rooms with free Wi-Fi.  Las Vegas is 150 miles away.",,,,,,
California,Victorville,34.89887,-117.01513,Stardust Inn,2.0,"""Stardust Inn is located in Barstow", just off Historic Route 66. Free Wi-Fi access is available and guests can enjoy free coffee each morning in the lobby.,,,,,
California,Victorville,34.53252,-117.31551,Mojave Village Motel,4.0,"""Mojave Inn is a 4-star property set in Victorville. The 4-star hotel has air-conditioned rooms with a private bathroom and free WiFi.",,,,,,
California,Victorville,34.52928,-117.31901,Economy Inn,2.0,"""Offering complimentary WiFi access", this motel is just 2 minutes drive from the centre of Victorville, California. Free parking is featured on site at the Economy Inn.,,,,
California,Victorville,34.85617,-117.08605,Best Western Plus Commerce Pkwy Inn & Suites,3.0,"""Set in Barstow and with Route 66 Mother Road Museum reachable within 10 km", Best Western Plus New Barstow Inn & Suites offers an outdoor swimming pool, non-smoking rooms, free WiFi throughout the property and a fitness centre. This 3-star hotel offers a 24-hour front desk and a business centre. Guests can have a drink at the snack bar.,,,
California,Victorville,34.42765,-117.35061,Hesperia Inn,5.0,"""Set in Hesperia", 37 km from Glen Helen Amphitheater, High Desert Inn offers accommodation with free WiFi and free private parking.,,,,
California,Visalia,36.32687,-119.34115,Majestic Inn,3.0,"""Boasting an outdoor swimming pool and free WiFi", Majestic Inn is set in Visalia. Featuring a 24-hour front desk, this property also provides guests with a restaurant. Guests can enjoy pool views.,,,,
California,Visalia,36.335559845,-119.29489899,Ben Maddox House,3.0,HotelDescription#Further information about this hotel will be available shortly,NO Garage NO Disability-friendly bathroom NO Small pets allowed (under 5 kg) NO Smoking rooms NO Wheelchair-accessible NO Large pets allowed (over 5 kg) NO Connecting rooms NO Car park,,N. Encina St. 601 601 VisaliaKalifornien 93291 ,93291,,
California,Visalia,36.32987,-119.29868,Americas Best Value Inn Visalia,2.0,"""Located in downtown Visalia", California and 40 minutes from Sequoia National Park, this motel features an outdoor pool and continental breakfast.  Free Wi-Fi is available in all guest rooms.,,,,
California,Visalia,36.32852,-119.38866,Hilton Garden Inn Visalia  CA,5.0,"""Hilton Garden Inn Visalia", Ca is offering accommodation in Visalia.,,,,,
California,Vista,33.19472,-117.25767,Vista Inn Motel,2.0,"""Located just off Highway 78", this motel is less than 1 mile from the Wave Waterpark and 12 minutes drive from Oceanside Harbor. The hotel features free WiFi access and offers daily coffee and cake during breakfast.,,,,,
California,Vista,33.19259,-117.23268,Franciscan Inn Motel,2.0,"""Located 18 miles from Wild Animal Park Escondido", this Vista motel features a year-round outdoor pool. Free Wi-Fi is included in all guest rooms. Lego Land is 18 minutes drive away.,,,,,
California,Wasco,35.60168,-119.33918,Wasco Inn Motel,2.0,"""Situated in Wasco", 39 km from Kern County Raceway Park, Wasco Inn features accommodation with a restaurant, free private parking and a bar. Located around 42 km from Buck Owens Crystal Palace, the motel with free WiFi is also 44 km away from Fox Theater. Guests can enjoy pool views.,,
California,Watsonville,36.86735,-121.81828,Pajaro Dunes Resort Cypress Grove,3.0,,NO Large pets allowed (over 5 kg) NO Disability-friendly bathroom NO Garage NO Wheelchair-accessible NO Smoking rooms NO Car park NO Small pets allowed (under 5 kg) NO Connecting rooms,,105 Shell Drive WatsonvilleCalifornia 95076 ,95076,8317287400,http://www.pajarodunes.com/rentals/R000.php?TYPE=S
California,Watsonville,36.87538,-121.75849,El Rancho Motel,1.0,"""This family owned and operated Royal Oaks motel is within a 5-minute drive of downtown Watsonville. The motel offers free on-site parking and non-smoking guest rooms.",,,,,,
California,Watsonville,36.91725,-121.76764,Economy Inn Watsonville,3.0,"""Offering a light continental breakfast", this budget motel is 1.5 miles from Watsonville historic city centre. Free WiFi is included in all rooms. Santa Cruz Beach Boardwalk is 25 minutes drive away.,,,,,
California,Watsonville,36.89383,-121.83467,25 Toad Hollow Home,5.0,"""Situated in Watsonville in the California region", 25 Toad Hollow Home has a balcony. This property offers access to a patio, free private parking and free WiFi.,,,,
California,Watsonville,36.92726,-121.85884,Ocean Front Getaway In La Selva Beach,5.0,"""Featuring sea views", Ocean Front Getaway in La Selva Beach features accommodation with a terrace and a coffee machine, around a few steps from Manresa State Beach. Boasting free private parking, the holiday home is in an area where guests can engage in activities such as hiking and cycling.,,,
California,Weaverville,40.65637,-122.91259,Indian Creek Lodge,2.0,"""Indian Creek Lodge has a seasonal outdoor swimming pool", garden, a shared lounge and terrace in Douglas City. The resort also offers free WiFi and free private parking.,,,,
California,Weaverville,40.72842,-122.93783,49er Gold Country Inn,2.0,,,,718 Main Street Hwy 299P.O. Box 1608Weaverville ,96093,5306234937,http://www.goldcountryinn.com/
California,Weed,41.39953,-122.38092,Sis Q Inn,3.0,"""Located 1 hours drive from the Oregon border", this Mt. Shasta-area motel in Weed, California offers guest rooms with free Wi-Fi. A continental breakfast is served daily.,,,,
California,Weed,41.42001,-122.38364,Townhouse Motel,2.0,"""Located in downtown Weed", California, this motel is less than one mile from Weed Golf Club. It features free Wi-Fi throughout the property and spacious rooms with a cable TV. A microwave, refrigerator and coffee maker are standard amenities in every room at the Townhouse Motel. All rooms are warmly decorated and include a work desk and telephone with free local calls. The Weed Museum and Bel Air Park are both a 3-minute drive from the Townhouse. The College of the Siskiyous is one mile away. Free on-site parking is offered to motel guests. Air conditioning and beverage vending machines are also available. Please call ahead of time to inquire about facilities for disabled. Guests are required to show a photo identification and credit card upon check-in. Please note that all Special Requests are subject to availability and additional charges may apply.,,,
California,Weed,41.42108,-122.38422,Hi Lo Motel Cafe And RV Park,2.0,,,,88 South Weed Boulevard WeedCalifornia 96094 ,96094,5309382904,https://www.booking.com/hotel/us/hi-lo-motel-cafe-and-rv-park.html
California,Weed,41.51027,-122.36692,Lake Shastina Golf Resort,5.0,"""Offering free WiFi", Lake Shastina Golf Resort is an accommodation located in Weed. Featuring a balcony, the apartment is in an area where guests can engage in activities such as skiing and cycling.,,,,
California,Westminster,33.75921,-118.0254,Palms Courtyard Inn,1.0,"""This motel is located in Westminster and is 9.5 km from Sunset County Beach. The motel offers a 24-hour reception and rooms with free WiFi.",,,,,,
California,Whittier,33.9554,-118.01865,Friendly Hills Inn,2.0,"""Located 16 miles from Disneyland Park in California", this Whittier hotel offers a year-round outdoor pool and a 24-hour reception. All comfortably furnished rooms include free Wi-Fi.,,,,,
California,Whittier,33.95615,-118.02082,Best Whittier Inn,2.0,"""Located 2 miles away from Whittier College", this motel has guest rooms with free Wi-Fi.  It offers an on-site sports bar and free guest parking.,,,,,
California,Whittier,33.9868,-118.0597,Whittier Travel Inn,2.0,"""Conveniently located off of Interstate 605", this Whittier motel is 23 miles from Los Angeles city centre.  Free Wi-Fi is included in all guest rooms.  Free parking is available on-site.,,,,,
California,Willits,39.39805,-123.34986,Pine Cone Motel,2.0,"""Located in Willits", Pine Cone Motel features guest rooms with free Wi-Fi. It offers free guest parking.  Frank R. Howard Memorial Hospital is 450 metres away.,,,,,
California,Willits,39.3965,-123.34971,Western Village Inn,3.0,"""Western Village Inn is located in Willits", a 25-minute drive from Ukiah Airport and a 60-minute drive from the scenic Redwood Forests. Free Wi-Fi access is available.,,,,,
California,Willits,39.39441,-123.3482,Edgewood Motel,3.0,"""Edgewood Motel is situated in Willits", 40 km from Fort Bragg and 40 km from Mendocino. Free WiFi is offered.,,,,,
California,Willits,39.40693,-123.35267,Redwood Inn Willits,5.0,"""Featuring free WiFi throughout the property", Redwood Inn Willits offers accommodations in Willits, close to downtown Willits.,,,,
California,Willows,39.59392,-122.19509,Blue Gum Motel,2.0,"""Located off Interstate 5 in Glenn", California, this family-owned motel is a 5-minute drive from the Glenn County Golf and Country Club.,,,,
California,Windsor,38.57963,-122.84008,Armida Vineyards Cottage,5.0,"""Offering accommodation with air conditioning", Armida Vineyards Cottage is situated in Healdsburg, 4.3 km from Healdsburg Plaza.,,,,
California,Yountville,38.40691,-122.36753,Napa Valley Lodge,4.0,"""Nestled in the heart of Napa Valley", Napa Valley Lodge offers on-site spa treatments and a continental Champagne breakfast. A heated outdoor pool and hot tub are featured. Each luxurious room includes free WiFi.,,,,,
California,Yountville,38.40225,-122.36131,Petit Logis Inn,3.0,"""Featuring free WiFi and a garden", Petit Logis Inn offers accommodation in Yountville, 400 metres from The French Laundry. The property is close to several noted attractions, around 80 metres from Bouchon Restaurant and around a 1-minute walk from V Marketplace. The property is 5 km from Robert Mondavi Winery and 100 metres from Bottaga Restaurant.,,,
California,Yountville,38.43005,-122.3376,Poetry Inn,,"""Located above the Stags Leap District of Napa Valley", Poetry Inn Napa Valley offers a seasonal outdoor pool, a sun terrace and a hot tub.,,,,
California,Yreka,41.74053,-122.63353,Mountain View Inn Yreka CA,1.0,"""Offering mountain views", this Yreka motel provides each room with free Wi-Fi. The motel is located off Interstate 5 and is 50 miles from Mt. Shasta Ski Park.,,,,,
California,Yreka,41.73386,-122.63457,Budget Inn Yreka,3.0,"""Located off Interstate-5", this downtown Yrkea, California hotel is across the street from Yreka Airport. It features free Wi-Fi throughout the property and air-conditioned rooms with a refrigerator.,,,,
