State,City,Latitude,Longitude,HotelName,StarRating,Description,HotelFacilities,Attractions,Address,ZipCode,PhoneNumber,HotelWebsiteUrl
District of Columbia,,38.90402,-77.06118,Rosewood Washington Dc,,"<p>HeadLine : Near Georgetown Waterfront Park</p><p>Location : A stay at Rosewood Washington, D.C. places you in the heart of Washington, within a 5-minute drive of George Washington University and Georgetown University.  This 5-star aparthotel is 1.4 mi (2.2 km) from Lincoln Memorial and 1.4 mi (2.3 km) from National Mall.</p><p>Rooms : Make yourself at home in one of the 49 individually decorated guestrooms, featuring minibars and LCD televisions. Your pillowtop bed comes with premium bedding. Complimentary wired and wireless Internet access keeps you connected, and cable programming provides entertainment. Bathrooms have complimentary toiletries and hair dryers.</p><p>Dining : Enjoy a satisfying meal at CUT D.C. serving guests of Rosewood Washington, D.C.. Need to unwind? Take a break with a tasty beverage at one of the 2 bars/lounges. Cooked-to-order breakfasts are available daily from 6:30 AM to 10:30 AM for a fee.</p><p>Renovations : The following facilities or services will be unavailable from June 4 2023 to August 27 2023 (dates subject to change): <ul><li>One of the dining venues</li></ul> The property will be renovating from June 4 2023 to August 28 2023 (completion date subject to change). The following areas are affected:  <ul><li>One of the dining venues</li></ul> Renovation work will only be conducted during business hours. Every effort will be made to minimize noise and disturbance.  The following facilities are closed on Monday, Tuesday, Wednesday, Thursday, and Friday: <ul><li>Dining venue(s)</li></ul></p><p>CheckIn Instructions : <ul>  <li>Extra-person charges may apply and vary depending on property policy</li><li>Government-issued photo identification and a credit card, debit card, or cash deposit may be required at check-in for incidental charges</li><li>Special requests are subject to availability upon check-in and may incur additional charges; special requests cannot be guaranteed</li><li>This property accepts credit cards; cash is not accepted</li><li>Noise-free guestrooms cannot be guaranteed</li><li>Safety features at this property include a carbon monoxide detector, a smoke detector, a security system, and window guards</li>  </ul></p><p>Special Instructions : Front desk staff will greet guests on arrival.</p>",Wheelchair accessible (may have limitations) Wheelchair accessible Covered parking Food and water bowls secured parking Express check-in Internet access in public areas - high speed 24-hour fitness facilities Free bicycles on site Luggage storage Express check-out Porter/bellhop 24-hour front desk Library Spa services on site Smoke-free property Conference space Valet parking (surcharge) Wheelchair accessible path of travel Pool sun loungers Conference space size (feet) - 430 Concierge services elevator Dry cleaning/laundry service Newspapers in lobby (surcharge) Babysitting or childcare (surcharge) Pool umbrellas Number of meeting rooms - 1 Conference space size (meters) - 40 Swimming pool Free WiFi Number of bars/lounges - 2 Braille or raised signage Number of outdoor pools - 1 Assistive listening devices available Number of indoor pools - 1 Wheelchair accessible parking Roll-in shower (in select rooms) Tours/ticket assistance Accessible bathroom (in select rooms) Fireplace in lobby Rooftop terrace Multilingual staff Electric car charging station Breakfast available (surcharge) Secured bicycle storage Coffee/tea in common areas,Distances are displayed to the nearest 0.1 mile and kilometer. <br /> <p>Georgetown Waterfront Park - 0.2 km / 0.1 mi <br /> Watergate Complex - 1 km / 0.6 mi <br /> Georgetown University - 1.3 km / 0.8 mi <br /> George Washington University Hospital - 1.3 km / 0.8 mi <br /> Kennedy Center - 1.5 km / 0.9 mi <br /> George Washington University - 1.5 km / 0.9 mi <br /> National Mall - 1.8 km / 1.1 mi <br /> Embassy of Haiti - 1.8 km / 1.1 mi <br /> Embassy Row - 1.9 km / 1.2 mi <br /> Dupont Circle - 2 km / 1.2 mi <br /> World Bank - 2 km / 1.2 mi <br /> Vietnam Veterans Memorial - 2.4 km / 1.5 mi <br /> Lincoln Memorial - 2.4 km / 1.5 mi <br /> Smithsonian Institution - 2.4 km / 1.5 mi <br /> Lafayette Square - 2.5 km / 1.5 mi <br /> </p><p>The nearest airports are:<br />Ronald Reagan Washington National Airport (DCA) - 9.9 km / 6.2 mi<br /> Baltimore Washington Intl. Airport (BWI) - 58.2 km / 36.2 mi<br /> Washington Dulles Intl. Airport (IAD) - 40.3 km / 25 mi<br /> College Park  MD (CGS) - 27 km / 16.8 mi<br /> Gaithersburg  MD (GAI-Montgomery County Airpark) - 37.3 km / 23.2 mi<br /> </p><p>The preferred airport for Rosewood Washington  D.C. is Ronald Reagan Washington National Airport (DCA). </p>,1050 31St Street Nw GeorgetownWashington D.C. 20007District of Columbia ,20007,2026172400,http://www.capellahotels.com/washingtondc/georgetown/
District of Columbia,,38.9084,-77.03323,Kimpton Mason & Rook Hotel,4.0,"<p>HeadLine : Near Walter E. Washington Convention Center</p><p>Location : With a stay at Viceroy Washington DC, you ll be centrally located in Washington, within a 5-minute drive of National Mall and National Museum of African American History and Culture.  This 4.5-star hotel is 0.8 mi (1.2 km) from Walter E. Washington Convention Center and 1 mi (1.5 km) from White House.</p><p>Rooms : Make yourself at home in one of the 178 air-conditioned rooms featuring flat-screen televisions. Your pillowtop bed comes with down comforters and Frette Italian sheets. Cable programming and smart speakers are provided for your entertainment, while wireless Internet access (surcharge) keeps you connected. Private bathrooms with showers feature rainfall showerheads and designer toiletries.</p><p>Dining : Stop by the hotel s restaurant, BPM Coffee & Wine, for lunch. Dining is also available at the coffee shop/cafe, and room service (during limited hours) is provided. Quench your thirst with your favorite drink at the bar/lounge. To-go breakfasts are available daily for a fee.</p><p>Renovations : The following facilities are closed seasonally each year. They will be closed from September 25 to May 29:<ul><li>Swimming pool</li></ul></p><p>CheckIn Instructions : <ul>  <li>Extra-person charges may apply and vary depending on property policy</li><li>Government-issued photo identification and a credit card may be required at check-in for incidental charges</li><li>Special requests are subject to availability upon check-in and may incur additional charges; special requests cannot be guaranteed</li><li>Special cancellation policies or charges may apply for group reservations (more than 8 rooms for the same property / stay dates)</li><li>This property accepts credit cards and cash</li><li>Safety features at this property include a carbon monoxide detector, a fire extinguisher, a smoke detector, a security system, a first aid kit, and window guards</li><li>Please note that cultural norms and guest policies may differ by country and by property; the policies listed are provided by the property</li>  </ul></p><p>Special Instructions : Front desk staff will greet guests on arrival.</p>",Outdoor seasonal pool Safe-deposit box at front desk Smoke-free property Use of nearby fitness center (discount) Conference space Valet parking (surcharge) Terrace Wheelchair accessible path of travel Pool sun loungers Conference space size (feet) - 5000 Concierge services Wheelchair-accessible pool Wheelchair-accessible public washroom Well-lit path to entrance Stair-free path to entrance Wedding services 24-hour fitness facilities Art gallery on site Couples/private dining Luggage storage Express check-out Porter/bellhop Coin laundry on site 24-hour front desk Scooter/moped rentals nearby Golfing nearby Dry cleaning/laundry service Long-term parking (surcharge) Proposal/romance packages available Outdoor furniture Outdoor entertainment area Number of meeting rooms - 4 Coworking spaces Conference space size (meters) - 465 Swimming pool WiFi (surcharge) Number of bars/lounges - 1 Braille or raised signage Assistive listening devices available In-room accessibility (in select rooms) Bicycle rentals nearby Wheelchair accessible parking Roll-in shower (in select rooms) Tours/ticket assistance Accessible bathroom (in select rooms) Wheelchair-accessible lounge Wheelchair-accessible on-site restaurant Firepit Visual alarms in hallways Multilingual staff Handrails in stairways Handrails in hallways Conference center Electric car charging station Breakfast available (surcharge) Wheelchair-accessible meeting spaces/business center Segway rental/tour nearby Ecotours nearby Number of coffee shops/cafes - 1 Laundry facilities elevator Fitness facilities secured parking Wheelchair accessible (may have limitations) Ballroom Covered parking Covered parking Wheelchair-accessible concierge desk Food and water bowls secured parking Wheelchair-accessible van parking Wheelchair-accessible path to elevator Valet for wheelchair-equipped vehicle Wheelchair-accessible registration desk Pool hoist on site Wheelchair-accessible fitness center,Distances are displayed to the nearest 0.1 mile and kilometer. <br /> <p>Embassy Row - 0.6 km / 0.4 mi <br /> National Geographic Museum - 0.7 km / 0.4 mi <br /> Dupont Circle - 0.9 km / 0.6 mi <br /> K Street - 0.9 km / 0.6 mi <br /> Lafayette Square - 1 km / 0.7 mi <br /> Walter E. Washington Convention Center - 1.2 km / 0.8 mi <br /> CityCenterDC - 1.3 km / 0.8 mi <br /> White House - 1.5 km / 0.9 mi <br /> Smithsonian Institution - 1.5 km / 0.9 mi <br /> Warner Theatre - 1.6 km / 1 mi <br /> World Bank - 1.6 km / 1 mi <br /> National Theatre - 1.7 km / 1.1 mi <br /> Martin Luther King Jr. Memorial Library - 1.7 km / 1.1 mi <br /> Smithsonian American Art Museum - 1.8 km / 1.1 mi <br /> National Portrait Gallery - 1.8 km / 1.1 mi <br /> </p><p>The nearest airports are:<br />Ronald Reagan Washington National Airport (DCA) - 9.1 km / 5.6 mi<br /> Baltimore Washington Intl. Airport (BWI) - 51.3 km / 31.9 mi<br /> Washington Dulles Intl. Airport (IAD) - 42.7 km / 26.5 mi<br /> College Park  MD (CGS) - 20.1 km / 12.5 mi<br /> Gaithersburg  MD (GAI-Montgomery County Airpark) - 38.7 km / 24 mi<br /> </p><p></p>,1430 Rhode Island Ave Nw 20005 Washington D.C.District of Columbia ,20005,2027423100,http://www.kimptonhotels.com/stay/mason-rook-washington-dc
District of Columbia,,38.91648,-77.04663,The Churchill Embassy Row,3.0,"<p>HeadLine : In Washington (Northwest)</p><p>Location : With a stay at The Churchill Hotel near Embassy Row, you ll be centrally located in Washington, a 7-minute walk from Phillips Collection and 12 minutes by foot from Dupont Circle.  This historic aparthotel is 1.2 mi (2 km) from Smithsonian s National Zoo and 1.7 mi (2.8 km) from White House.</p><p>Rooms : Make yourself at home in one of the 173 guestrooms featuring refrigerators. Complimentary wireless Internet access keeps you connected, and cable programming is available for your entertainment. Bathrooms have showers and hair dryers. Conveniences include phones, as well as safes and desks.</p><p>Dining : At The Churchill Hotel near Embassy Row, enjoy a satisfying meal at the restaurant. Quench your thirst with your favorite drink at the bar/lounge.</p><p>CheckIn Instructions : <ul>  <li>Extra-person charges may apply and vary depending on property policy</li><li>Government-issued photo identification and a credit card, debit card, or cash deposit may be required at check-in for incidental charges</li><li>Special requests are subject to availability upon check-in and may incur additional charges; special requests cannot be guaranteed</li><li>This property accepts credit cards; cash is not accepted</li><li>Safety features at this property include a smoke detector</li><li>Please note that cultural norms and guest policies may differ by country and by property; the policies listed are provided by the property</li>  </ul></p><p>Special Instructions : Front desk staff will greet guests on arrival.</p>",Hiking/biking trails nearby Laundry facilities Dry cleaning/laundry service Mountain biking nearby Meeting rooms Television in common areas Limo or Town Car service available Free WiFi Number of bars/lounges - 1 Braille or raised signage Assistive listening devices available In-room accessibility (in select rooms) Wheelchair accessible parking Roll-in shower (in select rooms) Wedding services Accessible bathroom (in select rooms) 24-hour fitness facilities Luggage storage Porter/bellhop Multilingual staff Business center 24-hour front desk Golfing nearby Safe-deposit box at front desk Smoke-free property elevator Fitness facilities Valet parking (surcharge) Computer station Wheelchair accessible path of travel Concierge services 24-hour business center,Distances are displayed to the nearest 0.1 mile and kilometer. <br /> <p>Phillips Collection - 0.5 km / 0.3 mi <br /> Embassy Row - 0.6 km / 0.4 mi <br /> Embassy of Haiti - 0.9 km / 0.6 mi <br /> Dupont Circle - 1 km / 0.6 mi <br /> Smithsonian s National Zoo - 1.8 km / 1.1 mi <br /> George Washington University Hospital - 1.9 km / 1.2 mi <br /> K Street - 2.2 km / 1.4 mi <br /> Lafayette Square - 2.3 km / 1.4 mi <br /> World Bank - 2.3 km / 1.4 mi <br /> Smithsonian Institution - 2.4 km / 1.5 mi <br /> George Washington University - 2.5 km / 1.6 mi <br /> Watergate Complex - 2.5 km / 1.6 mi <br /> Howard University - 2.6 km / 1.6 mi <br /> Georgetown Waterfront Park - 2.6 km / 1.6 mi <br /> Rock Creek Park - 2.7 km / 1.7 mi <br /> </p><p>The nearest airports are:<br />Ronald Reagan Washington National Airport (DCA) - 11.7 km / 7.3 mi<br /> Baltimore Washington Intl. Airport (BWI) - 52.1 km / 32.4 mi<br /> Washington Dulles Intl. Airport (IAD) - 42.5 km / 26.4 mi<br /> College Park  MD (CGS) - 20.9 km / 13 mi<br /> Gaithersburg  MD (GAI-Montgomery County Airpark) - 36.6 km / 22.7 mi<br /> </p><p>The preferred airport for The Churchill Hotel near Embassy Row is Ronald Reagan Washington National Airport (DCA). </p>,1914 Connecticut Avenue NW 20009 Washington DCDistrict of Columbia ,20009,2027972000,http://www.thechurchillhotel.com
District of Columbia,,38.90578,-77.05111,Park Hyatt Washington,,"<p>HeadLine : Near Dupont Circle</p><p>Location : With a stay at Park Hyatt Washington, you ll be centrally located in Washington, a 8-minute walk from Embassy Row and 12 minutes by foot from Dupont Circle.  This 5-star aparthotel is 0.6 mi (1 km) from George Washington University and 0.8 mi (1.4 km) from Kennedy Center.</p><p>Rooms : Make yourself at home in one of the 220 guestrooms featuring minibars and espresso makers. Your pillowtop bed comes with down comforters and premium bedding. Wired and wireless Internet access is complimentary, and flat-screen televisions with cable programming provide entertainment. Private bathrooms have designer toiletries and hair dryers.</p><p>Dining : Enjoy American cuisine at Blue Duck Tavern, a restaurant where you can enjoy drinks at the bar/lounge and dine alfresco. Or stay in and take advantage of the room service (during limited hours). Full breakfasts are available daily from 6:30 AM to 10:30 AM for a fee.</p><p>CheckIn Instructions : <ul>  <li>Extra-person charges may apply and vary depending on property policy</li><li>Government-issued photo identification and a credit card, debit card, or cash deposit may be required at check-in for incidental charges</li><li>Special requests are subject to availability upon check-in and may incur additional charges; special requests cannot be guaranteed</li><li>Guests must contact this property in advance to reserve rollaway/extra beds</li><li>This property accepts credit cards; cash is not accepted</li><li>Safety features at this property include a carbon monoxide detector, a fire extinguisher, a smoke detector, a security system, and a first aid kit</li><li>Please note that cultural norms and guest policies may differ by country and by property; the policies listed are provided by the property</li>  </ul> <ul>  <li>It is Hyatts practice to enter any occupied guestroom at a minimum of once within a 24-hour period, even if a guest has requested privacy.  Appropriate efforts are made to provide advance notice to the registered guest before entering an occupied guestroom.</li>  </ul></p><p>Special Instructions : Front desk staff will greet guests on arrival.</p>",Dry cleaning/laundry service Conference space size (meters) - 1115 Free wired Internet Sailing nearby Free WiFi Number of bars/lounges - 1 Designated smoking areas Number of spa tubs - 1 Braille or raised signage Assistive listening devices available Number of indoor pools - 1 In-room accessibility (in select rooms) Bicycle rentals nearby Wheelchair accessible parking Roll-in shower (in select rooms) Tours/ticket assistance Accessible bathroom (in select rooms) Wheelchair-accessible lounge Wheelchair-accessible on-site restaurant Multilingual staff Handrails in stairways Conference center Breakfast available (surcharge) Wheelchair-accessible meeting spaces/business center Segway rental/tour nearby Coffee/tea in common areas Laundry facilities Rafting nearby elevator Fitness facilities Mountain biking nearby Wheelchair accessible (may have limitations) Ballroom Wheelchair-accessible concierge desk Food and water bowls Wheelchair-accessible van parking Meeting rooms Wheelchair-accessible path to elevator Wheelchair-accessible spa Wheelchair-accessible registration desk Pool hoist on site Wheelchair-accessible fitness center Wheelchair-accessible pool Wheelchair-accessible public washroom Spa treatment room(s) Well-lit path to entrance Stair-free path to entrance Free newspapers in lobby Wedding services 24-hour fitness facilities Boat tours nearby Couples/private dining Luggage storage Express check-out Porter/bellhop Business center 24-hour front desk Golfing nearby Spa services on site Safe-deposit box at front desk Designated smoking areas (fines apply) Hiking/biking trails nearby Kayaking nearby Conference space Valet parking (surcharge) Computer station ATM/banking Wheelchair accessible path of travel Conference space size (feet) - 12000 Concierge services 24-hour business center,Distances are displayed to the nearest 0.1 mile and kilometer. <br /> <p>George Washington University Hospital - 0.6 km / 0.3 mi <br /> Embassy Row - 0.7 km / 0.4 mi <br /> Dupont Circle - 1 km / 0.6 mi <br /> Embassy of Haiti - 1 km / 0.6 mi <br /> Watergate Complex - 1.1 km / 0.7 mi <br /> George Washington University - 1.2 km / 0.7 mi <br /> Georgetown Waterfront Park - 1.2 km / 0.8 mi <br /> World Bank - 1.4 km / 0.9 mi <br /> K Street - 1.6 km / 1 mi <br /> Kennedy Center - 1.6 km / 1 mi <br /> Lafayette Square - 1.7 km / 1 mi <br /> Smithsonian Institution - 1.9 km / 1.2 mi <br /> National Mall - 1.9 km / 1.2 mi <br /> White House - 2 km / 1.2 mi <br /> Vietnam Veterans Memorial - 2 km / 1.3 mi <br /> </p><p>The nearest airports are:<br />Ronald Reagan Washington National Airport (DCA) - 10.7 km / 6.6 mi<br /> Baltimore Washington Intl. Airport (BWI) - 58.6 km / 36.4 mi<br /> Washington Dulles Intl. Airport (IAD) - 41 km / 25.5 mi<br /> College Park  MD (CGS) - 27.4 km / 17 mi<br /> Gaithersburg  MD (GAI-Montgomery County Airpark) - 38.1 km / 23.6 mi<br /> </p><p>The preferred airport for Park Hyatt Washington is Ronald Reagan Washington National Airport (DCA). </p>,1201 24th Street Nw WashingtonDistrict of Columbia 20037 ,20037,2027891234,http://www.parkhyattwashington.com
District of Columbia,,38.88381,-77.03015,Mandarin Oriental Washington DC,,"<p>HeadLine : Near National Museum of Natural History</p><p>Location : With a stay at Salamander Washington DC, you ll be centrally located in Washington, a 7-minute walk from National Mall and 11 minutes by foot from Jefferson Memorial.  This 5-star hotel is 0.7 mi (1.1 km) from Washington Monument and 0.8 mi (1.2 km) from National Museum of African American History and Culture.</p><p>Rooms : Stay in one of 373 guestrooms featuring Smart televisions. Your pillowtop bed comes with down comforters and Egyptian cotton sheets. Complimentary wired and wireless Internet access keeps you connected, and digital programming provides entertainment. Private bathrooms with separate bathtubs and showers feature rainfall showerheads and designer toiletries.</p><p>Dining : Enjoy a meal at the restaurant or snacks in the coffee shop/cafe. The hotel also offers 24-hour room service. Quench your thirst with your favorite drink at the bar/lounge. Cooked-to-order breakfasts are available daily from 7:00 AM to noon for a fee.</p><p>CheckIn Instructions : <ul>  <li>Extra-person charges may apply and vary depending on property policy</li><li>Government-issued photo identification and a credit card, debit card, or cash deposit may be required at check-in for incidental charges</li><li>Special requests are subject to availability upon check-in and may incur additional charges; special requests cannot be guaranteed</li><li>This property accepts credit cards and cash</li><li>Long-term renters welcome</li><li>This property uses wind energy, plus eco-friendly cleaning products</li><li>Safety features at this property include a smoke detector and a security system</li>  </ul></p><p>Special Instructions : Guests will receive an email 48 hours before arrival with check-in instructions. Front desk staff will greet guests on arrival.</p>",Dry cleaning/laundry service Renewable energy source - wind Proposal/romance packages available RV  bus  truck parking (surcharge) Eco-friendly cleaning products used Outdoor furniture Number of meeting rooms - 16 Conference space size (meters) - 3344 Limo or Town Car service available Free WiFi Number of bars/lounges - 1 Braille or raised signage Assistive listening devices available Number of indoor pools - 1 In-room accessibility (in select rooms) Wheelchair accessible parking Roll-in shower (in select rooms) Tours/ticket assistance Accessible bathroom (in select rooms) Eco-friendly toiletries Recycling LED light bulbs Firepit Multilingual staff Electric car charging station Breakfast available (surcharge) Spa treatment room(s) Garden Free newspapers in lobby Full-service spa Wedding services 24-hour fitness facilities Free bicycles on site Walkway to water Private picnics Couples/private dining Luggage storage Express check-out Segway rental/tour nearby Number of coffee shops/cafes - 1 elevator Fitness facilities Children's club (surcharge) Banquet hall Ballroom Covered parking Food and water bowls secured parking Express check-in Fully fenced Health club Porter/bellhop Business center 24-hour front desk Scooter/moped rentals nearby Library Golfing nearby Safe-deposit box at front desk Smoke-free property Conference space Valet parking (surcharge) Computer station Terrace ATM/banking Wheelchair accessible path of travel Conference space size (feet) - 36000 Concierge services 24-hour business center,Distances are displayed to the nearest 0.1 mile and kilometer. <br /> <p>National Mall - 0.5 km / 0.3 mi <br /> International Spy Museum - 0.6 km / 0.4 mi <br /> Tidal Basin - 0.6 km / 0.4 mi <br /> L Enfant Plaza - 0.7 km / 0.4 mi <br /> United States Holocaust Memorial Museum - 0.7 km / 0.4 mi <br /> The Anthem - 0.8 km / 0.5 mi <br /> Jefferson Memorial - 0.9 km / 0.5 mi <br /> Smithsonian Institution - 1 km / 0.6 mi <br /> Hirshhorn Museum and Sculpture Garden - 1 km / 0.6 mi <br /> National Museum of Natural History - 1 km / 0.7 mi <br /> National Museum of American History - 1.1 km / 0.7 mi <br /> National Museum of African American History and Culture - 1.2 km / 0.7 mi <br /> Museum of the Bible - 1.2 km / 0.7 mi <br /> National Air and Space Museum - 1.3 km / 0.8 mi <br /> Washington Monument - 1.3 km / 0.8 mi <br /> </p><p>The nearest airports are:<br />Ronald Reagan Washington National Airport (DCA) - 7.1 km / 4.4 mi<br /> Baltimore Washington Intl. Airport (BWI) - 54 km / 33.6 mi<br /> Washington Dulles Intl. Airport (IAD) - 44.5 km / 27.7 mi<br /> College Park  MD (CGS) - 22.9 km / 14.2 mi<br /> Fort Meade  MD (FME-Tipton) - 38.6 km / 24 mi<br /> </p><p>The preferred airport for Salamander Washington DC is Ronald Reagan Washington National Airport (DCA). </p>,"1330 Maryland Avenue, Southwest WashingtonDistrict of Columbia 20024 ",20024,2025548588,http://www.mandarinoriental.com/washington/
District of Columbia,,38.90284,-77.02846,Eaton Hotel,4.0,"<p>HeadLine : Near White House</p><p>Location : Eaton DC is centrally located in Washington, a 4-minute walk from National Museum of Women in the Arts and 8 minutes by foot from Black Lives Matter Plaza.  This 4.5-star hotel is 0.7 mi (1.1 km) from Ford s Theater and 0.7 mi (1.1 km) from Walter E. Washington Convention Center.</p><p>Rooms : Make yourself at home in one of the 209 air-conditioned rooms featuring iPod docking stations and flat-screen televisions. Complimentary wireless Internet access keeps you connected, and cable programming is available for your entertainment. Private bathrooms with showers feature complimentary toiletries and hair dryers. Conveniences include phones, as well as safes and desks.</p><p>Dining : Enjoy a meal at the restaurant or snacks in the coffee shop/cafe. The hotel also offers room service (during limited hours). Quench your thirst with your favorite drink at the bar/lounge. Cooked-to-order breakfasts are served on weekdays from 7:00 AM to 1:00 PM and on weekends from 9:00 AM to 1:00 PM for a fee.</p><p>CheckIn Instructions : <ul>  <li>Extra-person charges may apply and vary depending on property policy</li><li>Government-issued photo identification and a credit card, debit card, or cash deposit may be required at check-in for incidental charges</li><li>Special requests are subject to availability upon check-in and may incur additional charges; special requests cannot be guaranteed</li><li>Safety features at this property include a carbon monoxide detector, a fire extinguisher, and a smoke detector</li><li>Be prepared: check the latest COVID-19 travel requirements and measures in place for this destination before you travel.</li>  </ul></p><p>Special Instructions : Front desk staff will greet guests on arrival.</p>",Wheelchair-accessible on-site restaurant Library Newspapers in lobby (surcharge) elevator Fitness facilities Number of bars/lounges - 1 Well-lit path to entrance Full-service spa Stair-free path to entrance 24-hour front desk Spa treatment room(s) Meeting rooms Tours/ticket assistance Dry cleaning/laundry service Free WiFi Valet parking (surcharge) Smoke-free property Number of coffee shops/cafes - 1 Food and water bowls Safe-deposit box at front desk Spa services on site Luggage storage Breakfast available (surcharge) Snack bar/deli Wheelchair accessible (may have limitations) Laundry facilities Wheelchair accessible path of travel Accessible bathroom Roll-in shower Wheelchair-accessible public washroom In-room accessibility Assistive listening devices available Braille or raised signage Parking onsite Wheelchair-accessible path to elevator Wheelchair-accessible registration desk 24-hour health club Wheelchair-accessible meeting spaces/business center,Distances are displayed to the nearest 0.1 mile and kilometer. <br /> <p>National Museum of Women in the Arts - 0.4 km / 0.2 mi <br /> CityCenterDC - 0.6 km / 0.3 mi <br /> Black Lives Matter Plaza - 0.7 km / 0.4 mi <br /> K Street - 0.7 km / 0.4 mi <br /> Warner Theatre - 0.8 km / 0.5 mi <br /> Lafayette Square - 0.8 km / 0.5 mi <br /> Ford s Theater - 0.9 km / 0.5 mi <br /> Smithsonian Institution - 0.9 km / 0.6 mi <br /> National Theatre - 0.9 km / 0.6 mi <br /> Walter E. Washington Convention Center - 0.9 km / 0.6 mi <br /> Smithsonian American Art Museum - 1 km / 0.6 mi <br /> National Portrait Gallery - 1 km / 0.6 mi <br /> White House - 1 km / 0.6 mi <br /> Capital One Arena - 1.1 km / 0.7 mi <br /> National Geographic Museum - 1.1 km / 0.7 mi <br /> </p><p>The nearest airports are:<br />Ronald Reagan Washington National Airport (DCA) - 8.6 km / 5.3 mi<br /> Baltimore Washington Intl. Airport (BWI) - 50.7 km / 31.5 mi<br /> Washington Dulles Intl. Airport (IAD) - 42.5 km / 26.4 mi<br /> College Park  MD (CGS) - 19.5 km / 12.1 mi<br /> Fort Meade  MD (FME-Tipton) - 36.5 km / 22.7 mi<br /> </p><p></p>,1201 K Street Northwest Washington D.C.District of Columbia 20005 ,20005,2022897600,https://www.eatonworkshop.com/hotel/dc
District of Columbia,,38.92981,-77.02842,Asante Sana Inn,3.0,"This property is special because it is your home away from home.  We feature a relaxed atmosphere where you may prepare your own meals and come and go as you please.  The full living and dining area is there for our guests to feel completely at home. This inn is located in the Columbia Heights District of Washington DC and is 4.8 km from the National Mall. The rooms include flat-screen TVs and private bathrooms.

Free WiFi and cable TV are standard in rooms at the Asante Sana Inn.

Guests can rent a bicycle from the property. The property also has kitchen facilities available to guests.

The property is located 400 metres from 14th Street which has multiple restaurants and shops.

The Asante Sana Inn is within a 15-minute drive of the John F. Kennedy Center for the Performing Arts. The Columbia Heights Subway Station is 450 metres from the property. The National Zoological Park is 3.21 km from the property. Guests are required to show a photo identification and credit card upon check-in. Please note that all Special Requests are subject to availability and additional charges may apply.
Please inform Asante Sana Inn in advance of your expected arrival time. You can use the Special Requests box when booking, or contact the property directly with the contact details provided in your confirmation.
Please note, limited guest parking is available.

In order to complete the reservation, guests will receive and must review the confirmation letter through email with Asante Sana Inn in the letterhead. If no email is received, guests must contact the property prior to check in.",Luggage storage Free WiFi Free WiFi Non-smoking throughout Air conditioning Private check-in/check-out Vending machine - Snacks & Drink Shared kitchen Television in common areas Daily housekeeping Parking onsite Games Street parking Free self parking Pets allowed Meeting rooms Non-smoking rooms Facilities for disabled guests Family rooms Internet access Express check-in Bicycle rental (additional charge) Cycling Heating,,1207 Kenyon Street NW Washington D.C. 20010District of Columbia ,20010,2025703440,https://www.booking.com/hotel/us/washington-dc-1207-kenyon-street-nw.html
District of Columbia,,38.90577,-77.05142,Fairmont Washington D.C. Georgetown,4.0,"<p>HeadLine : Near George Washington University</p><p>Location : With a stay at Fairmont Washington, D.C., Georgetown, you ll be centrally located in Washington, within a 5-minute drive of National Mall and White House.  This 4-star aparthotel is 0.7 mi (1.2 km) from George Washington University and 1.9 mi (3.1 km) from National Museum of African American History and Culture.</p><p>Rooms : Make yourself at home in one of the 413 guestrooms featuring iPod docking stations and LCD televisions. Cable programming provides entertainment, and wired and wireless Internet access is available for a surcharge. Private bathrooms with showers feature designer toiletries and hair dryers. Conveniences include phones, as well as laptop-compatible safes and complimentary newspapers.</p><p>Dining : Satisfy your appetite for lunch, dinner, or brunch at Juniper Restaurant, a restaurant which specializes in American cuisine, or stay in and take advantage of the 24-hour room service. Wrap up your day with a drink at the bar/lounge. Full breakfasts are available daily from 7:00 AM to 11:00 AM for a fee.</p><p>CheckIn Instructions : <ul>  <li>Extra-person charges may apply and vary depending on property policy</li><li>Government-issued photo identification and a credit card, debit card, or cash deposit may be required at check-in for incidental charges</li><li>Special requests are subject to availability upon check-in and may incur additional charges; special requests cannot be guaranteed</li><li>This property accepts credit cards, debit cards, and cash</li><li>Safety features at this property include a smoke detector</li><li>Please note that cultural norms and guest policies may differ by country and by property; the policies listed are provided by the property</li>  </ul></p><p>Special Instructions : Front desk staff will greet guests on arrival.</p>",Gift shops or newsstand Dry cleaning/laundry service Shopping on site Banquet hall Wheelchair accessible (may have limitations) Ballroom Wheelchair-accessible concierge desk Food and water bowls Reception hall Number of meeting rooms - 1 Wheelchair-accessible path to elevator Wired Internet access - surcharge Wheelchair-accessible registration desk WiFi (surcharge) Number of bars/lounges - 1 Wheelchair-accessible public washroom Health club Well-lit path to entrance Number of indoor pools - 1 Garden In-room accessibility (in select rooms) Stair-free path to entrance Free newspapers in lobby Roll-in shower (in select rooms) Wedding services Accessible bathroom (in select rooms) Wheelchair-accessible lounge Luggage storage Porter/bellhop Business center 24-hour front desk Breakfast available (surcharge) Safe-deposit box at front desk Laundry facilities Sauna Steam room elevator Fitness facilities Conference space Valet parking (surcharge) Terrace ATM/banking Concierge services,Distances are displayed to the nearest 0.1 mile and kilometer. <br /> <p>George Washington University Hospital - 0.6 km / 0.3 mi <br /> Embassy Row - 0.8 km / 0.5 mi <br /> Dupont Circle - 1 km / 0.6 mi <br /> Embassy of Haiti - 1 km / 0.6 mi <br /> George Washington University - 1.2 km / 0.7 mi <br /> Georgetown Waterfront Park - 1.2 km / 0.8 mi <br /> Watergate Complex - 1.2 km / 0.8 mi <br /> World Bank - 1.4 km / 0.9 mi <br /> Kennedy Center - 1.6 km / 1 mi <br /> K Street - 1.6 km / 1 mi <br /> Lafayette Square - 1.7 km / 1 mi <br /> Smithsonian Institution - 1.9 km / 1.2 mi <br /> National Mall - 1.9 km / 1.2 mi <br /> Vietnam Veterans Memorial - 2 km / 1.3 mi <br /> Georgetown University - 2.1 km / 1.3 mi <br /> </p><p>The nearest airports are:<br />Ronald Reagan Washington National Airport (DCA) - 10.7 km / 6.6 mi<br /> Baltimore Washington Intl. Airport (BWI) - 58.6 km / 36.4 mi<br /> Washington Dulles Intl. Airport (IAD) - 41.1 km / 25.5 mi<br /> College Park  MD (CGS) - 27.4 km / 17 mi<br /> Gaithersburg  MD (GAI-Montgomery County Airpark) - 38.1 km / 23.7 mi<br /> </p><p>The preferred airport for Fairmont Washington  D.C.  Georgetown is Ronald Reagan Washington National Airport (DCA). </p>,2401 M Street Nw WashingtonDistrict of Columbia 20037 ,20037,2024292400,http://www.fairmont.com/washington/
District of Columbia,,38.900501886178,-77.018508017063,Boq Meridian At Gallery Place,3.0,HotelDescription#Further information about this hotel will be available shortly,NO Smoking rooms NO Large pets allowed (over 5 kg) NO Connecting rooms NO Wheelchair-accessible NO Car park NO Small pets allowed (under 5 kg) NO Disability-friendly bathroom NO Garage,,450 Massachusetts Avenue NW WashingtonDistrict of Columbia 20001 ,20001,,http://www.meridiangalleryplace.com
District of Columbia,,38.900547,-77.01714,Marriott ExecuStay 425 Mass,4.0,"<p>HeadLine : Near Capital One Arena</p><p>Location : Located in Washington (Chinatown), Global Luxury Suites at The Convention Center is within a 10-minute walk of Capital One Arena and Smithsonian American Art Museum.  This 4-star aparthotel is 0.5 mi (0.8 km) from International Spy Museum and 0.5 mi (0.9 km) from Walter E. Washington Convention Center.</p><p>Rooms : Make yourself at home in one of the 2 air-conditioned rooms featuring kitchens with full-sized refrigerators/freezers and stovetops. Complimentary wireless Internet access keeps you connected, and cable programming is available for your entertainment. Conveniences include desks and microwaves, and you can also request cribs/infant beds (surcharge).</p><p>CheckIn Instructions : Extra-person charges may apply and vary depending on property policy. <br />Government-issued photo identification and a credit card, debit card, or cash deposit may be required at check-in for incidental charges. <br />Special requests are subject to availability upon check-in and may incur additional charges. Special requests cannot be guaranteed. <ul> Guests must contact this property in advance to reserve onsite parking. Safety features at this property include a carbon monoxide detector, a fire extinguisher, a security system, and a first aid kit. Please note that cultural norms and guest policies may differ by country and by property. The policies listed are provided by the property. </ul> A mandatory cleaning fee is included in the final price displayed.</p><p>Special Instructions : There is no front desk at this property. Guests will receive an email with special check-in instructions. For more details, please contact the property using the information on the booking confirmation.</p>",Barbecue grill(s) Laundry facilities Business center Free WiFi Self parking (surcharge) Fitness facilities Smoke-free property Outdoor seasonal pool Concierge services,Distances are displayed to the nearest 0.1 mile and kilometer. <br /> <p>National Building Museum - 0.5 km / 0.3 mi <br /> National Law Enforcement Officers Memorial - 0.6 km / 0.4 mi <br /> Capital One Arena - 0.7 km / 0.4 mi <br /> Smithsonian American Art Museum - 0.7 km / 0.4 mi <br /> CityCenterDC - 0.8 km / 0.5 mi <br /> International Spy Museum - 0.8 km / 0.5 mi <br /> National Portrait Gallery - 0.8 km / 0.5 mi <br /> Walter E. Washington Convention Center - 0.9 km / 0.5 mi <br /> Union Station Shopping Center - 1 km / 0.6 mi <br /> Washington D.C. Madame Tussauds - 1.1 km / 0.7 mi <br /> Newseum - 1.1 km / 0.7 mi <br /> National Gallery of Art - 1.2 km / 0.7 mi <br /> Ford s Theater - 1.2 km / 0.7 mi <br /> National Archives - 1.3 km / 0.8 mi <br /> United States Capitol - 1.5 km / 0.9 mi <br /> </p><p>The nearest airports are:<br />Ronald Reagan Washington National Airport (DCA) - 9.8 km / 6.1 mi<br /> Baltimore Washington Intl. Thurgood Marshall Airport (BWI) - 50.3 km / 31.3 mi<br /> Washington Dulles Intl. Airport (IAD) - 46.2 km / 28.7 mi<br /> College Park  MD (CGS) - 23.5 km / 14.6 mi<br /> Fort Meade  MD (FME-Tipton) - 36.1 km / 22.5 mi<br /> </p><p></p>,425 Massachusetts Avenue NW WashingtonDistrict of Columbia 20001 ,20001,8443727411,http://www.execustay.com/furnished-apartments/wash
District of Columbia,,38.895018,-77.02331,The Lexington at Market Square,3.0,HotelDescription#Further information about this hotel will be available shortly,NO Car park NO Disability-friendly bathroom NO Connecting rooms NO Wheelchair-accessible NO Small pets allowed (under 5 kg) NO Garage NO Smoking rooms NO Large pets allowed (over 5 kg),,400 8th Street North West WashingtonDistrict of Columbia 20004 ,20004,8882968969,https://www.bozzuto.com/apartments/communities/27-
District of Columbia,,38.9077437,-77.0436557,Inn at Dupont Circle,3.0,HotelDescription#Further information about this hotel will be available shortly,NO Small pets allowed (under 5 kg) NO Disability-friendly bathroom NO Smoking rooms NO Large pets allowed (over 5 kg) NO Car park NO Wheelchair-accessible NO Connecting rooms NO Garage,,1312 19th Street NW WashingtonDistrict of Columbia 20036 ,20036,2024676777,http://www.thedupontcollection.com/dupontsouth.php
District of Columbia,,38.90855,-77.04582,The Mansion On O Street,,"Its like staying at a museum, only better. As one of the Smithsonians top five historic venues to explore in the world, the Mansion on O Street offers over 100 one-of-a-kind rooms and suites in a restored townhouse that also serves as a museum and artists residence.

Outfitted with antiques and furnishings from all around the world, guests can marvel at teakwood soaking tubs from Italy or a shower made from an English telephone booth. Discover unique hidden surprises in each room with over 70 hidden doors to explore throughout the property.

The mansion has hosted CEOs, dignitaries, celebrities and scientists and has been the inspiration for a number of songs, paintings and even legislation crafted on-site. Each room has been uniquely decorated with fine art, antiques, and furnishings from all ends of the earth, and designed with style, flair, and imagination. Guests are required to show a photo identification and credit card upon check-in. Please note that all Special Requests are subject to availability and additional charges may apply.",Parking meeting/banquet facilities face masks for guests available Bar Garden Non-smoking rooms Business centre Laundry dry cleaning Facilities for disabled guests Family rooms Games room Ironing service internet services lift express check-in/check-out Valet parking Billiards Heating Fax/photocopying Luggage storage wifi Free WiFi Air conditioning ATM/cash machine on site concierge service Private check-in/check-out Trouser press shared lounge/TV area Daily housekeeping parking on site Private parking Parking garage Accessible parking Wheelchair accessible Toilet with grab rails Wine/champagne use of cleaning chemicals that are effective against coronavirus linens  towels and laundry washed in accordance with local authority guidelines guest accommodation is disinfected between stays physical distancing in dining areas food can be delivered to guest accommodation staff follow all safety protocols as directed by local authorities hand sanitizer in guest accommodation and key areas process in place to check health of guests first aid kit available contactless check-in/check-out cashless payment available physical distancing rules followed all plates  cutlery  glasses and other tableware have been sanitized guests have the option to cancel any cleaning services for their accommodation during their stay delivered food is securely covered,,2020 O St Nw WashingtonDistrict of Columbia 20036 ,20036,2024962000,https://www.booking.com/hotel/us/the-mansion-on-o-street.html
District of Columbia,,38.90074,-77.04959,Global Luxury Suites at Foggy Bottom,4.0,"Located in Washington, D.C. Global Luxury Suites at Foggy Bottom offers an outdoor pool and spa and wellness centre. Just 900 metres from the Capitol and 1.2 km from the White house, free WiFi access is offered.

Featuring city views, rooms at this self-catering accommodation will provide you with a TV, air conditioning and a seating area. There is a full kitchen with a dishwasher and an oven. Private bathrooms also come with a bath or shower.

At Global Luxury Suites at Foggy Bottom you will find a garden. Other facilities offered include a shared lounge.

If you feel like visiting the surroundings, the US Holocaust Memorial Museum and the Franklin Delano Roosevelt Museum are both just 2.2 km away. Ronald Reagan Washington National Airport is 7.5 km away. This property will not accommodate hen, stag or similar parties.
Guests are required to show a photo identification and credit card upon check-in. Please note that all Special Requests are subject to availability and additional charges may apply.
Please inform Global Luxury Suites at Foggy Bottom in advance of your expected arrival time. You can use the Special Requests box when booking, or contact the property directly with the contact details provided in your confirmation.
In response to Coronavirus (COVID-19), additional safety and sanitation measures are in effect at this property.
Spa and gym facilities at this property are unavailable due to Coronavirus (COVID-19).
Please note that after the reservation is made, guests will receive a rental agreement. This agreement must be signed and returned to the property prior to arrival. Background check may be required.

Payment has to be made in full before arrival. Payment will not be accepted at the property.

Please let the property know in advance about any special or parking requests.

Please note that check-in after 16:00 hours and check-out before 11:00 hours require prior approval from the property.

Photos are representative of the actual apartment. There may be differences in furniture and layouts of assigned unit.

Please note that this building may have specific pet restrictions including # pets, pet size and breed. Prior to confirming your reservation, please reach out to the property to check their pet policies.",physical distancing rules followed invoice provided property is cleaned by professional cleaning companies all plates  cutlery  glasses and other tableware have been sanitized guests have the option to cancel any cleaning services for their accommodation during their stay Parking Pets allowed Fitness centre Garden Terrace Non-smoking rooms Business centre dry cleaning Family rooms Games room internet services lift Billiards BBQ facilities Car hire Heating wifi Allergy-free room Outdoor pool Free WiFi Non-smoking throughout Air conditioning Sun terrace outdoor pool (seasonal) shared lounge/TV area parking on site Private parking Swimming pool use of cleaning chemicals that are effective against coronavirus linens  towels and laundry washed in accordance with local authority guidelines guest accommodation is disinfected between stays guest accommodation sealed after cleaning staff follow all safety protocols as directed by local authorities shared stationery such as printed menus  magazines  pens  and paper removed first aid kit available cashless payment available,,2221 I Street Nw WashingtonDistrict of Columbia 20037 ,20037,8664201100,https://www.booking.com/hotel/us/global-serviced-apartments-washington.html
District of Columbia,,38.924687,-77.041782,Adam's Inn,2.0,"<p>HeadLine : Near Smithsonian s National Zoo</p><p>Location : With a stay at Adam s Inn , you ll be centrally located in Washington, within a 5-minute drive of Smithsonian s National Zoo and White House.  This bed & breakfast is 2 mi (3.3 km) from George Washington University and 2.1 mi (3.4 km) from Washington National Cathedral.</p><p>Rooms : Make yourself at home in one of the 27 individually decorated guestrooms. Complimentary wireless Internet access is available to keep you connected. Bathrooms have bathtubs or showers and hair dryers. Conveniences include complimentary newspapers and ceiling fans, and housekeeping is provided daily.</p><p>Dining : Grab a bite from the snack bar/deli serving guests of Adam s Inn . A complimentary continental breakfast is served on weekdays from 7:30 AM to 9:30 AM and on weekends from 8 AM to 10 AM.</p><p>CheckIn Instructions : Extra-person charges may apply and vary depending on property policy. <br />Government-issued photo identification and a credit card, debit card, or cash deposit are required at check-in for incidental charges. <br />Special requests are subject to availability upon check-in and may incur additional charges. Special requests cannot be guaranteed. <ul>  Please note that cultural norms and guest policies may differ by country and by property. The policies listed are provided by the property. </ul> Guests must contact this hotel in advance by email or telephone to reserve one of 4 onsite parking spaces.</p>",Picnic area Luggage storage Coffee/tea in common areas 24-hour business center Snack bar/deli Front desk (limited hours) Laundry facilities Free breakfast Parking (limited spaces) Free WiFi Self parking (surcharge) Garden Free newspapers in lobby,Distances are displayed to the nearest 0.1 mile and kilometer. <br /> <p>Smithsonian s National Zoo - 0.7 km / 0.4 mi <br /> Lincoln Theater - 1.9 km / 1.2 mi <br /> Dupont Circle - 1.9 km / 1.2 mi <br /> Embassy of India - 2 km / 1.3 mi <br /> Howard University - 2.2 km / 1.4 mi <br /> National Geographic Society - 2.5 km / 1.5 mi <br /> Washington National Cathedral - 3 km / 1.8 mi <br /> World Bank - 3.1 km / 1.9 mi <br /> Lafayette Square - 3.1 km / 1.9 mi <br /> George Washington University Hospital - 3.1 km / 1.9 mi <br /> Embassy of Cameroon - 3.1 km / 1.9 mi <br /> White House - 3.2 km / 2 mi <br /> George Washington University - 3.2 km / 2 mi <br /> Washington Hospital Center - 3.3 km / 2 mi <br /> Watergate Complex - 3.6 km / 2.2 mi <br /> </p><p>The nearest airports are:<br />Washington  DC (DCA-Ronald Reagan Washington National) - 11.3 km / 7 mi<br /> Baltimore  MD (BWI-Baltimore Washington Intl. Thurgood Marshall) - 55.8 km / 34.7 mi<br /> Washington  DC (IAD-Washington Dulles Intl.) - 45.4 km / 28.2 mi<br /> College Park  MD (CGS) - 14.5 km / 9 mi<br /> Gaithersburg  MD (GAI-Montgomery County Airpark) - 36.5 km / 22.7 mi<br /> </p><p>The preferred airport for Adam s Inn  is Washington  DC (DCA-Ronald Reagan Washington National). </p>,1746 Lanier Pl Nw Washington D.CDistrict of Columbia 20009 ,20009,2027453600Ext1,http://www.adamsinn.com/
District of Columbia,,38.883877,-77.025894,Hilton Washington DC L'Enfant Plaza,4.0,"<p>HeadLine : Near National Mall</p><p>Location : With a stay at Hilton Washington DC National Mall The Wharf, you ll be centrally located in Washington, steps from International Spy Museum and within a 10-minute walk of The Anthem.  This 4-star hotel is 0.7 mi (1.2 km) from Museum of the Bible and 0.7 mi (1.2 km) from Washington Monument.</p><p>Rooms : Make yourself at home in one of the 367 guestrooms featuring refrigerators and flat-screen televisions. Complimentary wired and wireless Internet access keeps you connected, and cable programming provides entertainment. Bathrooms have bathtubs or showers and designer toiletries. Conveniences include laptop-compatible safes and desks, as well as phones with free local calls.</p><p>Dining : Stop by Washington DC for lunch, dinner, or brunch, where this restaurant specializes in Regional cuisine, or grab snacks at the coffee shop/cafe. Quench your thirst with your favorite drink at the bar/lounge. Full breakfasts are available daily from 7 AM to 11 AM for a fee.</p><p>CheckIn Instructions : <ul>  <li>Extra-person charges may apply and vary depending on property policy</li><li>Government-issued photo identification and a credit card, debit card, or cash deposit may be required at check-in for incidental charges</li><li>Special requests are subject to availability upon check-in and may incur additional charges; special requests cannot be guaranteed</li><li>This property accepts credit cards, debit cards, and cash</li><li>This property uses eco-friendly cleaning products</li><li>Safety features at this property include a fire extinguisher, a smoke detector, a security system, a first aid kit, and window guards</li><li>Please note that cultural norms and guest policies may differ by country and by property; the policies listed are provided by the property</li>  </ul></p><p>Special Instructions : Front desk staff will greet guests on arrival.</p>",Reception hall Express check-in Wheelchair-accessible path to elevator Valet for wheelchair-equipped vehicle Change of bed sheets (on request) Wheelchair-accessible registration desk Pool hoist on site Wheelchair-accessible fitness center Wheelchair-accessible pool Wheelchair-accessible public washroom Well-lit path to entrance Change of towels (on request) Stair-free path to entrance Wedding services Water-efficient toilets only Water dispenser use by guests actively encouraged Luggage storage Water-efficient showers only Grocery/convenience store Business center 24-hour front desk Scooter/moped rentals nearby Outdoor seasonal pool Safe-deposit box at front desk Smoke-free property Snack bar/deli Hiking/biking trails nearby Conference space Valet parking (surcharge) Computer station ATM/banking Wheelchair accessible path of travel In-room accessibility (in select rooms) Assistive listening devices available Braille or raised signage Bicycle parking available Number of bars/lounges - 1 Free WiFi Free wired Internet Conference space size (meters) - 2787 Number of meeting rooms - 15 Eco-friendly cleaning products used Vegetarian breakfast available Bulk dispenser for toiletries Comprehensive recycling policy Dry cleaning/laundry service Humane animal treatment Wheelchair-accessible concierge desk Ballroom Wheelchair accessible (may have limitations) Banquet hall Double-glazing on all windows Fitness facilities elevator Number of coffee shops/cafes - 1 Segway rental/tour nearby Wheelchair-accessible meeting spaces/business center Breakfast available (surcharge) Electric car charging station Water dispenser Handrails in stairways Multilingual staff Visual alarms in hallways Vegetarian menu options available Wheelchair-accessible on-site restaurant Vegan menu options available Living plant wall LED light bulbs Recycling Energy-saving features in guest rooms Energy-saving switches Eco-friendly toiletries Comprehensive food waste policy Rooftop terrace Accessible bathroom (in select rooms) Tours/ticket assistance Roll-in shower (in select rooms) Bicycle rentals nearby Conference space size (feet) - 30000 Concierge services,Distances are displayed to the nearest 0.1 mile and kilometer. <br /> <p>International Spy Museum - 0.1 km / 0.1 mi <br /> L Enfant Plaza - 0.2 km / 0.1 mi <br /> National Mall - 0.5 km / 0.3 mi <br /> The Anthem - 0.6 km / 0.3 mi <br /> Smithsonian Institution - 0.7 km / 0.4 mi <br /> Hirshhorn Museum and Sculpture Garden - 0.7 km / 0.5 mi <br /> Museum of the Bible - 0.9 km / 0.5 mi <br /> National Museum of Natural History - 0.9 km / 0.6 mi <br /> National Air and Space Museum - 1 km / 0.6 mi <br /> United States Holocaust Memorial Museum - 1 km / 0.6 mi <br /> Tidal Basin - 1.1 km / 0.7 mi <br /> National Museum of American History - 1.1 km / 0.7 mi <br /> National Archives - 1.2 km / 0.8 mi <br /> National Museum of African American History and Culture - 1.3 km / 0.8 mi <br /> Jefferson Memorial - 1.4 km / 0.9 mi <br /> </p><p>The nearest airports are:<br />Ronald Reagan Washington National Airport (DCA) - 7.8 km / 4.9 mi<br /> Baltimore Washington Intl. Airport (BWI) - 54.3 km / 33.8 mi<br /> Washington Dulles Intl. Airport (IAD) - 44.5 km / 27.7 mi<br /> College Park  MD (CGS) - 23.2 km / 14.4 mi<br /> Fort Meade  MD (FME-Tipton) - 38 km / 23.6 mi<br /> </p><p>The preferred airport for Hilton Washington DC National Mall The Wharf is Ronald Reagan Washington National Airport (DCA). </p>,480 L'enfant Plaza Hotel 480 SW WashingtonDistrict of Columbia 20024 ,20024,2024841000,http://www.lenfantplazahotel.com/
District of Columbia,,38.89722,-77.0225,Monaco Washington DC a Kimpton Hotel,4.0,"<p>HeadLine : Near National Mall</p><p>Location : With a stay at Kimpton Hotel Monaco Washington DC, an IHG Hotel, you ll be centrally located in Washington, steps from Smithsonian American Art Museum and Capital One Arena.  This 4.5-star hotel is 0.4 mi (0.6 km) from National Archives and 0.4 mi (0.6 km) from National Mall.</p><p>Rooms : Stay in one of 183 guestrooms featuring LCD televisions. Your pillowtop bed comes with Frette Italian sheets. Cable programming and video-game consoles are provided for your entertainment, with wired and wireless Internet access available for a surcharge. Private bathrooms have designer toiletries and hair dryers.</p><p>Dining : Enjoy a meal at the restaurant, or stay in and take advantage of the hotel s 24-hour room service. Wrap up your day with a drink at the bar/lounge. Full breakfasts are available daily from 9:00 AM to 1:00 PM for a fee.</p><p>CheckIn Instructions : <ul>  <li>Extra-person charges may apply and vary depending on property policy</li><li>Government-issued photo identification and a credit card, debit card, or cash deposit may be required at check-in for incidental charges</li><li>Special requests are subject to availability upon check-in and may incur additional charges; special requests cannot be guaranteed</li><li>Special cancellation policies or charges may apply for group reservations (more than 8 rooms for the same property / stay dates)</li><li>This property accepts credit cards; cash is not accepted</li><li>This property uses solar energy, plus eco-friendly cleaning products</li><li>Please note that cultural norms and guest policies may differ by country and by property; the policies listed are provided by the property</li>  </ul></p><p>Special Instructions : Front desk staff will greet guests on arrival.  Guests booked in breakfast included rate plans receive breakfast for up to 2 adults who are sharing a guestroom. Breakfast fees apply for additional guests. Guests booked in dinner included rate plans receive dinner for up to 2 adults who are sharing a guestroom. Dinner fees apply for additional guests.</p>",Roll-in shower (in select rooms) Accessible bathroom (in select rooms) Fireplace in lobby Comprehensive food waste policy Eco-friendly toiletries Eco-friendly cleaning products provided Energy-saving features in guest rooms Recycling LED light bulbs Vegan menu options available Vegetarian menu options available Multilingual staff Parasailing nearby Electric car charging station Breakfast available (surcharge) Coffee/tea in common areas Laundry facilities Rafting nearby elevator Fitness facilities Banquet hall Wheelchair accessible (may have limitations) Showcase for local artists Ballroom Locally-owned & organized tours & activities Meeting rooms Free newspapers in lobby 24-hour fitness facilities Free bicycles on site Water-efficient toilets only Luggage storage Water-efficient showers only Express check-out Porter/bellhop Business center 24-hour front desk Scooter/moped rentals nearby Golfing nearby Smoke-free property Surfing/bodyboarding nearby Kayaking nearby Conference space Self parking (surcharge) Valet parking (surcharge) ATM/banking Wheelchair accessible path of travel Concierge services Dry cleaning/laundry service Renewable energy source - solar RV  bus  truck parking (surcharge) Eco-friendly cleaning products used Wired Internet access - surcharge Sailing nearby WiFi (surcharge) Number of bars/lounges - 1 Bicycle parking available Braille or raised signage Assistive listening devices available In-room accessibility (in select rooms) Wheelchair accessible parking,Distances are displayed to the nearest 0.1 mile and kilometer. <br /> <p>Smithsonian American Art Museum - 0.1 km / 0.1 mi <br /> National Portrait Gallery - 0.1 km / 0.1 mi <br /> Capital One Arena - 0.1 km / 0.1 mi <br /> Martin Luther King Jr. Memorial Library - 0.3 km / 0.2 mi <br /> Ford s Theater - 0.4 km / 0.2 mi <br /> CityCenterDC - 0.4 km / 0.3 mi <br /> National Archives - 0.6 km / 0.3 mi <br /> National Mall - 0.7 km / 0.4 mi <br /> Warner Theatre - 0.7 km / 0.5 mi <br /> National Gallery of Art - 0.7 km / 0.5 mi <br /> National Theatre - 0.8 km / 0.5 mi <br /> Walter E. Washington Convention Center - 0.9 km / 0.5 mi <br /> Smithsonian Institution - 0.9 km / 0.6 mi <br /> National Museum of Natural History - 1 km / 0.7 mi <br /> Hirshhorn Museum and Sculpture Garden - 1.2 km / 0.8 mi <br /> </p><p>The nearest airports are:<br />Ronald Reagan Washington National Airport (DCA) - 8.5 km / 5.3 mi<br /> Baltimore Washington Intl. Airport (BWI) - 54.6 km / 33.9 mi<br /> Washington Dulles Intl. Airport (IAD) - 44.7 km / 27.8 mi<br /> College Park  MD (CGS) - 23.4 km / 14.5 mi<br /> Fort Meade  MD (FME-Tipton) - 36.3 km / 22.5 mi<br /> </p><p></p>,700 F Street Northwest WashingtonDistrict of Columbia 20004 ,20004,2026287177,http://www.monaco-dc.com
District of Columbia,,38.90725,-77.03966,Topaz Hotel,3.0,"<p>HeadLine : In Washington (Downtown Washington D.C.)</p><p>Location : With a stay at Courtyard by Marriott Washington, DC Dupont Circle in Washington (Downtown Washington D.C.), you ll be within a 5-minute drive of National Mall and National Museum of African American History and Culture.  This boutique aparthotel is 0.7 mi (1.1 km) from Smithsonian Institution and 1 mi (1.6 km) from White House.</p><p>Rooms : Stay in one of 143 guestrooms featuring LCD televisions. Complimentary wireless Internet access keeps you connected, and cable programming is available for your entertainment. Private bathrooms with showers feature designer toiletries and hair dryers. Conveniences include phones, as well as laptop-compatible safes and desks.</p><p>Dining : Take advantage of the aparthotel s room service (during limited hours). To-go breakfasts are served on weekdays from 6:00 AM to 10:00 AM and on weekends from 7:00 AM to 11:00 AM for a fee.</p><p>CheckIn Instructions : <ul>  <li>Extra-person charges may apply and vary depending on property policy</li><li>Government-issued photo identification and a credit card, debit card, or cash deposit may be required at check-in for incidental charges</li><li>Special requests are subject to availability upon check-in and may incur additional charges; special requests cannot be guaranteed</li><li>Special cancellation policies or charges may apply for group reservations (more than 8 rooms for the same property / stay dates)</li><li>This property accepts credit cards; cash is not accepted</li>  </ul></p><p>Special Instructions : Front desk staff will greet guests on arrival.</p>",Stair-free path to entrance Roll-in shower (in select rooms) Accessible bathroom (in select rooms) 24-hour fitness facilities Distance from property (km) - 6.4 Wheelchair-accessible lounge Wheelchair-accessible on-site restaurant Express check-out Multilingual staff 24-hour front desk Breakfast available (surcharge) Housekeeping on request Smoke-free property Coffee/tea in common areas elevator Valet parking (surcharge) ATM/banking Dry cleaning/laundry service Distance from property (miles) - 4 Wheelchair accessible (may have limitations) RV  bus  truck parking (surcharge) Wheelchair-accessible path to elevator Wheelchair-accessible registration desk Wheelchair-accessible fitness center Free WiFi Braille or raised signage Well-lit path to entrance Assistive listening devices available In-room accessibility (in select rooms),Distances are displayed to the nearest 0.1 mile and kilometer. <br /> <p>Embassy Row - 0.2 km / 0.1 mi <br /> National Geographic Museum - 0.3 km / 0.2 mi <br /> Dupont Circle - 0.5 km / 0.3 mi <br /> K Street - 0.8 km / 0.5 mi <br /> Lafayette Square - 0.9 km / 0.6 mi <br /> Smithsonian Institution - 1.1 km / 0.7 mi <br /> World Bank - 1.1 km / 0.7 mi <br /> George Washington University Hospital - 1.3 km / 0.8 mi <br /> Embassy of Haiti - 1.4 km / 0.8 mi <br /> White House - 1.4 km / 0.9 mi <br /> Walter E. Washington Convention Center - 1.6 km / 1 mi <br /> CityCenterDC - 1.7 km / 1 mi <br /> George Washington University - 1.9 km / 1.2 mi <br /> National Mall - 1.9 km / 1.2 mi <br /> National Theatre - 2 km / 1.2 mi <br /> </p><p>The nearest airports are:<br />Ronald Reagan Washington National Airport (DCA) - 12.2 km / 7.6 mi<br /> Baltimore Washington Intl. Airport (BWI) - 51.4 km / 31.9 mi<br /> Washington Dulles Intl. Airport (IAD) - 42.3 km / 26.3 mi<br /> College Park  MD (CGS) - 20.2 km / 12.6 mi<br /> Gaithersburg  MD (GAI-Montgomery County Airpark) - 38.3 km / 23.8 mi<br /> </p><p>The preferred airport for Courtyard by Marriott Washington  DC Dupont Circle is Ronald Reagan Washington National Airport (DCA). </p>,1733 N Street Nw Washington D.C.District of Columbia 20036 ,20036,2023933000,http://www.topazhotel.com
District of Columbia,,38.90432,-77.06096,The Georgetown House,3.0,"<p>HeadLine : In Washington (Georgetown)</p><p>Location : With a stay at The Georgetown House in Washington (Georgetown), you ll be within a 5-minute drive of National Mall and White House.  This guesthouse is 2.4 mi (3.8 km) from National Museum of African American History and Culture and 0.8 mi (1.3 km) from Georgetown University.</p><p>Rooms : Make yourself at home in one of the 11 air-conditioned rooms featuring flat-screen televisions. Complimentary wireless Internet access keeps you connected, and cable programming is available for your entertainment. Private bathrooms with bathtubs feature complimentary toiletries and hair dryers. Conveniences include complimentary bottled water, and housekeeping is provided on a limited basis.</p><p>Dining : Take advantage of the guesthouse s room service (during limited hours).</p><p>CheckIn Instructions : <ul>  <li>Extra-person charges may apply and vary depending on property policy</li><li>Government-issued photo identification and a credit card may be required at check-in for incidental charges</li><li>Special requests are subject to availability upon check-in and may incur additional charges; special requests cannot be guaranteed</li><li>This property accepts credit cards, debit cards, and cash</li><li>Safety features at this property include a carbon monoxide detector, a fire extinguisher, a smoke detector, a security system, a first aid kit, and window guards</li>  </ul></p><p>Special Instructions : There is no front desk at this property. This property doesn t offer after-hours check-in. Guests can access their accommodation through a private entrance.</p>",Free WiFi Shared refrigerator Well-lit path to entrance Upper floors accessible by stairs only Smoke-free property Wheelchair accessible  no Express check-in Visual alarms in hallways Handrails in stairways Handrails in hallways Shared microwave Water dispenser,Distances are displayed to the nearest 0.1 mile and kilometer. <br /> <p>Georgetown Waterfront Park - 0.2 km / 0.1 mi <br /> Watergate Complex - 1.1 km / 0.7 mi <br /> Georgetown University - 1.3 km / 0.8 mi <br /> George Washington University Hospital - 1.4 km / 0.8 mi <br /> Kennedy Center - 1.5 km / 0.9 mi <br /> George Washington University - 1.5 km / 0.9 mi <br /> National Mall - 1.8 km / 1.1 mi <br /> Embassy of Haiti - 1.8 km / 1.1 mi <br /> Embassy Row - 1.9 km / 1.2 mi <br /> Dupont Circle - 1.9 km / 1.2 mi <br /> World Bank - 2 km / 1.3 mi <br /> National Geographic Museum - 2.1 km / 1.3 mi <br /> K Street - 2.4 km / 1.5 mi <br /> Vietnam Veterans Memorial - 2.4 km / 1.5 mi <br /> Lincoln Memorial - 2.4 km / 1.5 mi <br /> </p><p>The nearest airports are:<br />Ronald Reagan Washington National Airport (DCA) - 10 km / 6.2 mi<br /> Baltimore Washington Intl. Airport (BWI) - 58.3 km / 36.2 mi<br /> Washington Dulles Intl. Airport (IAD) - 42.1 km / 26.1 mi<br /> College Park  MD (CGS) - 27.1 km / 16.8 mi<br /> Gaithersburg  MD (GAI-Montgomery County Airpark) - 38.2 km / 23.7 mi<br /> </p><p>The preferred airport for The Georgetown House is Ronald Reagan Washington National Airport (DCA). </p>,1061 31St St Nw Washington D.C.District of Columbia 20007 ,20007,2028274294,http://www.thegeorgetownhousedc.com
District of Columbia,,38.903414,-77.049763,One Washington Circle A Modus Hotel,3.0,"<p>HeadLine : Near George Washington University</p><p>Location : With a stay at One Washington Circle Hotel, you ll be centrally located in Washington, within a 5-minute drive of National Mall and White House.  This aparthotel is 0.5 mi (0.8 km) from George Washington University and 1.8 mi (2.8 km) from National Museum of African American History and Culture.</p><p>Rooms : Make yourself at home in one of the 151 guestrooms featuring microwaves and iPod docking stations. Your room comes with a pillowtop bed. Wired and wireless Internet access is complimentary, and flat-screen televisions with digital programming provide entertainment. Private bathrooms with shower/tub combinations feature designer toiletries and hair dryers.</p><p>Dining : Enjoy American cuisine at DC at Circle Bistro, a bistro which features a bar/lounge, or stay in and take advantage of the room service (during limited hours). Cooked-to-order breakfasts are served on weekdays from 7:00 AM to 11:00 AM and on weekends from 7:00 AM to noon for a fee.</p><p>CheckIn Instructions : <ul>  <li>Extra-person charges may apply and vary depending on property policy</li><li>Government-issued photo identification and a credit card may be required at check-in for incidental charges</li><li>Special requests are subject to availability upon check-in and may incur additional charges; special requests cannot be guaranteed</li><li>This property accepts credit cards; cash is not accepted</li><li>Safety features at this property include a carbon monoxide detector, a smoke detector, and window guards</li>  </ul></p><p>Special Instructions : Front desk staff will greet guests on arrival.</p>",Dry cleaning/laundry service Wheelchair accessible (may have limitations) Vending machine Food and water bowls Number of meeting rooms - 4 Wheelchair-accessible path to elevator Conference space size (meters) - 143 Free wired Internet Wheelchair-accessible registration desk Limo or Town Car service available Wheelchair-accessible fitness center Free WiFi Number of bars/lounges - 1 Braille or raised signage Well-lit path to entrance In-room accessibility (in select rooms) Bicycle rentals nearby Wheelchair accessible parking Stair-free path to entrance Free newspapers in lobby Roll-in shower (in select rooms) Tours/ticket assistance Accessible bathroom (in select rooms) Wheelchair-accessible lounge Luggage storage Wheelchair-accessible on-site restaurant Porter/bellhop Multilingual staff 24-hour front desk Breakfast available (surcharge) Wheelchair-accessible meeting spaces/business center Golfing nearby Safe-deposit box at front desk Smoke-free property Hiking/biking trails nearby Laundry facilities elevator Fitness facilities Conference space Terrace Conference space size (feet) - 1540 Concierge services,Distances are displayed to the nearest 0.1 mile and kilometer. <br /> <p>George Washington University Hospital - 0.2 km / 0.1 mi <br /> Watergate Complex - 0.8 km / 0.5 mi <br /> George Washington University - 0.8 km / 0.5 mi <br /> Embassy Row - 0.9 km / 0.5 mi <br /> Dupont Circle - 1 km / 0.7 mi <br /> Georgetown Waterfront Park - 1 km / 0.7 mi <br /> World Bank - 1.1 km / 0.7 mi <br /> Embassy of Haiti - 1.2 km / 0.7 mi <br /> Kennedy Center - 1.2 km / 0.7 mi <br /> Lafayette Square - 1.3 km / 0.8 mi <br /> K Street - 1.3 km / 0.8 mi <br /> Smithsonian Institution - 1.4 km / 0.9 mi <br /> National Mall - 1.5 km / 0.9 mi <br /> Vietnam Veterans Memorial - 1.7 km / 1 mi <br /> White House - 1.7 km / 1.1 mi <br /> </p><p>The nearest airports are:<br />Ronald Reagan Washington National Airport (DCA) - 10.5 km / 6.5 mi<br /> Baltimore Washington Intl. Airport (BWI) - 58.4 km / 36.3 mi<br /> Washington Dulles Intl. Airport (IAD) - 41.2 km / 25.6 mi<br /> College Park  MD (CGS) - 27.2 km / 16.9 mi<br /> Gaithersburg  MD (GAI-Montgomery County Airpark) - 38.2 km / 23.7 mi<br /> </p><p>The preferred airport for One Washington Circle Hotel is Ronald Reagan Washington National Airport (DCA). </p>,1 Washington Circle Northwest WashingtonDistrict of Columbia 20037 ,20037,2028721680,https://www.thecirclehotel.com
District of Columbia,,38.89998,-77.05245,Residence Inn Washington DC Foggy Bottom,3.0,"<p>HeadLine : Near George Washington University</p><p>Location : With a stay at Residence Inn Washington, DC/Foggy Bottom, you ll be centrally located in Washington, steps from George Washington University Hospital and within a 5-minute walk of Watergate Complex.  This aparthotel is 0.3 mi (0.5 km) from Pillsbury State Park and 0.3 mi (0.5 km) from St Paul s Parish.</p><p>Rooms : Make yourself at home in one of the 103 guestrooms, featuring kitchens with refrigerators and stovetops. Your bed comes with premium bedding, and all rooms are furnished with double sofa beds. 37-inch flat-screen televisions with satellite programming provide entertainment, while complimentary wireless Internet access keeps you connected. Conveniences include phones, as well as safes and desks.</p><p>Dining : A complimentary buffet breakfast is served daily from 6:30 AM to 9:30 AM.</p><p>CheckIn Instructions : <ul>  <li>Extra-person charges may apply and vary depending on property policy</li><li>Government-issued photo identification and a credit card, debit card, or cash deposit may be required at check-in for incidental charges</li><li>Special requests are subject to availability upon check-in and may incur additional charges; special requests cannot be guaranteed</li><li>This property accepts credit cards; cash is not accepted</li><li>Please note that cultural norms and guest policies may differ by country and by property; the policies listed are provided by the property</li>  </ul></p><p>Special Instructions : Front desk staff will greet guests on arrival.</p>",Daily Golfing nearby Safe-deposit box at front desk Smoke-free property Laundry facilities elevator Fitness facilities Self parking (surcharge) ATM/banking Wheelchair accessible path of travel Dry cleaning/laundry service Wheelchair accessible (may have limitations) Free grocery shopping service Parking (limited spaces) Express check-in Wheelchair-accessible van parking Assistive listening devices in meeting rooms Valet for wheelchair-equipped vehicle Wheelchair-accessible registration desk Wheelchair-accessible fitness center Free WiFi Wheelchair-accessible public washroom Braille or raised signage Well-lit path to entrance Assistive listening devices available In-room accessibility (in select rooms) Wheelchair accessible parking Roll-in shower (in select rooms) Tours/ticket assistance Accessible bathroom (in select rooms) Free Buffet Breakfast Wheelchair-accessible lounge Luggage storage Free breakfast Visual alarms in hallways Business center 24-hour front desk,Distances are displayed to the nearest 0.1 mile and kilometer. <br /> <p>George Washington University Hospital - 0.2 km / 0.1 mi <br /> Watergate Complex - 0.2 km / 0.1 mi <br /> St Paul s Parish - 0.3 km / 0.2 mi <br /> St. Mary s Episcopal Church - 0.4 km / 0.2 mi <br /> George Washington University - 0.6 km / 0.4 mi <br /> Kennedy Center - 0.6 km / 0.4 mi <br /> Pillsbury State Park - 0.7 km / 0.4 mi <br /> Georgetown Waterfront Park - 0.9 km / 0.6 mi <br /> World Bank - 0.9 km / 0.6 mi <br /> U.S. Department of State - 1 km / 0.6 mi <br /> National Mall - 1.1 km / 0.7 mi <br /> Smithsonian Institution - 1.3 km / 0.8 mi <br /> Vietnam Veterans Memorial - 1.4 km / 0.9 mi <br /> Lafayette Square - 1.4 km / 0.9 mi <br /> Embassy Row - 1.5 km / 0.9 mi <br /> </p><p>The nearest airports are:<br />Ronald Reagan Washington National Airport (DCA) - 9.4 km / 5.8 mi<br /> Baltimore Washington Intl. Airport (BWI) - 58.4 km / 36.3 mi<br /> Washington Dulles Intl. Airport (IAD) - 41.8 km / 26 mi<br /> College Park  MD (CGS) - 27.2 km / 16.9 mi<br /> Gaithersburg  MD (GAI-Montgomery County Airpark) - 38.4 km / 23.9 mi<br /> </p><p>The preferred airport for Residence Inn Washington  DC/Foggy Bottom is Ronald Reagan Washington National Airport (DCA). </p>,801 New Hampshire Ave Nw WashingtonDistrict of Columbia 20037 ,20037,2027852000,http://doubletree3.hilton.com/en/hotels/district-of-columbia/doubletree-by-hilton-hotel-washington-dc-WASDTDT/index.html
District of Columbia,,38.96102,-77.08479,Embassy Suites Washington D.C. at the Chevy Chase Pavilion,3.0,"<p>HeadLine : Near Chevy Chase Pavilion Shopping Center</p><p>Location : A stay at Embassy Suites by Hilton Washington DC Chevy Chase Pavilion places you in the heart of Washington, within a 10-minute drive of George Washington University and Lincoln Memorial.  This family-friendly aparthotel is 6.1 mi (9.8 km) from National Mall and 6.4 mi (10.3 km) from White House.</p><p>Rooms : Make yourself at home in one of the 198 guestrooms featuring refrigerators and microwaves. Your pillowtop bed comes with Egyptian cotton sheets, and all rooms are furnished with queen sofa beds. LCD televisions with cable programming are provided for your entertainment, with wired and wireless Internet access available for a surcharge. Private bathrooms have designer toiletries and hair dryers.</p><p>Dining : Enjoy a meal at the restaurant, or stay in and take advantage of the aparthotel s room service (during limited hours). Wrap up your day with a drink at the bar/lounge.</p><p>Renovations : The following facilities are closed on Sunday, Monday, Tuesday, Friday, and Saturday: <ul><li>Bar/lounge</li><li>Dining venue(s)</li></ul></p><p>CheckIn Instructions : <ul>  <li>Extra-person charges may apply and vary depending on property policy</li><li>Government-issued photo identification and a credit card, debit card, or cash deposit may be required at check-in for incidental charges</li><li>Special requests are subject to availability upon check-in and may incur additional charges; special requests cannot be guaranteed</li><li>The name on the credit card used at check-in to pay for incidentals must be the primary name on the guestroom reservation</li><li>This property accepts credit cards, debit cards, and cash</li>  </ul></p><p>Special Instructions : Front desk staff will greet guests on arrival.</p>",Gift shops or newsstand Dry cleaning/laundry service Shopping on site Number of meeting rooms - 4 Conference space size (meters) - 579 Wired Internet access - surcharge Limo or Town Car service available WiFi (surcharge) Number of bars/lounges - 1 Number of spa tubs - 1 Braille or raised signage Assistive listening devices available Number of indoor pools - 1 In-room accessibility (in select rooms) Wheelchair accessible parking Roll-in shower (in select rooms) Accessible bathroom (in select rooms) Wheelchair-accessible on-site restaurant Golf lessons available nearby Multilingual staff Conference center Wheelchair-accessible meeting spaces/business center Segway rental/tour nearby Laundry facilities elevator Fitness facilities Vending machine Wheelchair-accessible concierge desk Express check-in Wheelchair-accessible van parking Wheelchair-accessible path to elevator Wheelchair-accessible registration desk Wheelchair-accessible fitness center Wheelchair-accessible pool Well-lit path to entrance Stair-free path to entrance Wedding services Luggage storage Express check-out Grocery/convenience store Porter/bellhop Business center 24-hour front desk Golfing nearby Safe-deposit box at front desk Snack bar/deli Hiking/biking trails nearby Conference space Self parking (surcharge) Computer station ATM/banking Wheelchair accessible path of travel Conference space size (feet) - 6232 Concierge services 24-hour business center,Distances are displayed to the nearest 0.1 mile and kilometer. <br /> <p>Chevy Chase Pavilion Shopping Center - 0.2 km / 0.1 mi <br /> American University - 2.5 km / 1.6 mi <br /> Rock Creek Park - 2.6 km / 1.6 mi <br /> Washington National Cathedral - 4.2 km / 2.6 mi <br /> Walter Reed National Military Medical Center - 4.8 km / 3 mi <br /> Smithsonian s National Zoo - 4.9 km / 3.1 mi <br /> National Institute of Health Campus - 5.5 km / 3.4 mi <br /> Embassy Row - 5.7 km / 3.6 mi <br /> Embassy of Haiti - 7.1 km / 4.4 mi <br /> Georgetown University - 7.3 km / 4.5 mi <br /> Georgetown Waterfront Park - 7.5 km / 4.7 mi <br /> Catholic University of America - 8.2 km / 5.1 mi <br /> Dupont Circle - 8.2 km / 5.1 mi <br /> Strathmore - 8.4 km / 5.2 mi <br /> George Washington University Hospital - 8.5 km / 5.3 mi <br /> </p><p>The nearest airports are:<br />Ronald Reagan Washington National Airport (DCA) - 20.2 km / 12.6 mi<br /> Baltimore Washington Intl. Airport (BWI) - 57.3 km / 35.6 mi<br /> Washington Dulles Intl. Airport (IAD) - 37.9 km / 23.5 mi<br /> College Park  MD (CGS) - 27.7 km / 17.2 mi<br /> Gaithersburg  MD (GAI-Montgomery County Airpark) - 34.3 km / 21.3 mi<br /> </p><p>The preferred airport for Embassy Suites by Hilton Washington DC Chevy Chase Pavilion is Ronald Reagan Washington National Airport (DCA). </p>,4300 Military Road Nw WashingtonDistrict of Columbia 20015 ,20015,2023629300,http://embassysuites.hilton.com/en/es/hotels/index.jhtml?ctyhocn=WASCHES
District of Columbia,,38.90689,-77.04936,Embassy Suites By Hilton Washington D.c. Georgetown,3.0,"<p>HeadLine : Near Dupont Circle</p><p>Location : In the heart of Washington, Embassy Suites by Hilton Washington DC Georgetown is within a 5-minute drive of George Washington University and Lincoln Memorial.  This family-friendly aparthotel is 1.4 mi (2.2 km) from National Mall and 1.6 mi (2.5 km) from White House.</p><p>Rooms : Make yourself at home in one of the 197 guestrooms featuring refrigerators and flat-screen televisions. Your bed comes with premium bedding, and all rooms are furnished with double sofa beds. Cable programming and MP3 docking stations are provided for your entertainment, with wired and wireless Internet access available for a surcharge. Private bathrooms with shower/tub combinations feature complimentary toiletries and hair dryers.</p><p>Dining : Enjoy a meal at the restaurant, or stay in and take advantage of the aparthotel s room service (during limited hours). Mingle with other guests at the complimentary reception, held daily. Quench your thirst with your favorite drink at the bar/lounge. A complimentary on-the-go breakfast is served daily from 6:00 AM to 9:00 AM.</p><p>CheckIn Instructions : <ul>  <li>Extra-person charges may apply and vary depending on property policy</li><li>Government-issued photo identification and a credit card, debit card, or cash deposit may be required at check-in for incidental charges</li><li>Special requests are subject to availability upon check-in and may incur additional charges; special requests cannot be guaranteed</li><li>This property accepts credit cards, debit cards, and cash</li><li>Safety features at this property include a smoke detector</li>  </ul></p><p>Special Instructions : Front desk staff will greet guests on arrival.</p>",Concierge services ATM/banking Self parking (surcharge) Hiking/biking trails nearby Snack bar/deli Safe-deposit box at front desk Golfing nearby Scooter/moped rentals nearby 24-hour front desk Business center Express check-out Luggage storage Free breakfast to go 24-hour health club 24-hour fitness facilities Free newspapers in lobby Stair-free path to entrance Well-lit path to entrance Arcade/game room Wheelchair-accessible pool Wheelchair-accessible fitness center Television in common areas Wheelchair-accessible registration desk Wheelchair-accessible path to elevator Wheelchair-accessible van parking Express check-in Wheelchair-accessible concierge desk Ballroom Wheelchair accessible (may have limitations) Fitness facilities elevator Rafting nearby Laundry facilities Segway rental/tour nearby Wheelchair-accessible meeting spaces/business center Daily Multilingual staff Free breakfast Wheelchair-accessible on-site restaurant Wheelchair-accessible lounge Accessible bathroom (in select rooms) Tours/ticket assistance Roll-in shower (in select rooms) Wheelchair accessible parking Bicycle rentals nearby In-room accessibility (in select rooms) Number of indoor pools - 1 Assistive listening devices available Braille or raised signage Number of spa tubs - 1 Number of bars/lounges - 1 Free WiFi Number of meeting rooms - 3 Free reception Shopping on site Dry cleaning/laundry service Gift shops or newsstand,Distances are displayed to the nearest 0.1 mile and kilometer. <br /> <p>Embassy Row - 0.4 km / 0.3 mi <br /> Dupont Circle - 0.7 km / 0.4 mi <br /> George Washington University Hospital - 0.7 km / 0.4 mi <br /> Embassy of Haiti - 0.8 km / 0.5 mi <br /> Watergate Complex - 1.2 km / 0.8 mi <br /> George Washington University - 1.3 km / 0.8 mi <br /> World Bank - 1.4 km / 0.9 mi <br /> K Street - 1.5 km / 0.9 mi <br /> Georgetown Waterfront Park - 1.5 km / 1 mi <br /> Lafayette Square - 1.5 km / 1 mi <br /> Kennedy Center - 1.7 km / 1.1 mi <br /> Smithsonian Institution - 1.7 km / 1.1 mi <br /> White House - 1.8 km / 1.1 mi <br /> National Mall - 2 km / 1.2 mi <br /> Vietnam Veterans Memorial - 2.2 km / 1.3 mi <br /> </p><p>The nearest airports are:<br />Ronald Reagan Washington National Airport (DCA) - 11 km / 6.8 mi<br /> Baltimore Washington Intl. Airport (BWI) - 52.5 km / 32.6 mi<br /> Washington Dulles Intl. Airport (IAD) - 41.4 km / 25.7 mi<br /> College Park  MD (CGS) - 21.3 km / 13.2 mi<br /> Gaithersburg  MD (GAI-Montgomery County Airpark) - 37.7 km / 23.4 mi<br /> </p><p>The preferred airport for Embassy Suites by Hilton Washington DC Georgetown is Ronald Reagan Washington National Airport (DCA). </p>,1250 22Nd Street Northwest WashingtonDistrict of Columbia 20037 ,20037,2028573388,http://embassysuites.hilton.com/en/es/hotels/index.jhtml?ctyhocn=WASDNES
District of Columbia,,38.91052,-77.04598,The Embassy Row Hotel,4.0,"<p>HeadLine : In Washington (Northwest)</p><p>Location : In the heart of Washington, The Ven at Embassy Row, Washington, D.C., a Tribute Portfolio Hotel is within a 5-minute drive of George Washington University and Walter E. Washington Convention Center.  This 4-star aparthotel is 1.3 mi (2.2 km) from National Mall and 1.4 mi (2.2 km) from White House.</p><p>Rooms : Make yourself at home in one of the 231 guestrooms. Your pillowtop bed comes with down comforters and Egyptian cotton sheets. Complimentary wireless Internet access keeps you connected, and cable programming is available for your entertainment. Private bathrooms with bathtubs or showers feature complimentary toiletries and hair dryers.</p><p>Dining : Enjoy American cuisine at Fred & Stilla, one of the aparthotel s many dining establishments, which include 2 restaurants and a coffee shop/cafe. Need to unwind? Take a break with a tasty beverage at one of the 2 bars/lounges. Cooked-to-order breakfasts are served on weekdays from 7:00 AM to 10:00 AM and on weekends from 8:00 AM to 11:00 AM for a fee.</p><p>Renovations : The following facilities are closed seasonally each year. They will be closed from October 7 to March 31:<ul><li>Bar/Lounge</li><li>Swimming pool</li></ul></p><p>CheckIn Instructions : <ul>  <li>Extra-person charges may apply and vary depending on property policy</li><li>Government-issued photo identification and a credit card may be required at check-in for incidental charges</li><li>Special requests are subject to availability upon check-in and may incur additional charges; special requests cannot be guaranteed</li><li>This property accepts credit cards and cash</li><li>Safety features at this property include a fire extinguisher, a smoke detector, a security system, and a first aid kit</li>  </ul></p><p>Special Instructions : Front desk staff will greet guests on arrival.</p>",Dry cleaning/laundry service Proposal/romance packages available Parking (limited spaces) Number of meeting rooms - 5 Conference space size (meters) - 217 Sailing nearby Free WiFi Electric car charging station Number of bars/lounges - 2 Wheelchairs available on site Bicycle parking available Breakfast available (surcharge) Braille or raised signage Assistive listening devices available In-room accessibility (in select rooms) Wheelchair accessible parking Roll-in shower (in select rooms) Accessible bathroom (in select rooms) Rooftop terrace Wheelchair-accessible lounge Wheelchair-accessible on-site restaurant Golf lessons available nearby Multilingual staff Water dispenser Wheelchair accessible path of travel Pool sun loungers Conference space size (feet) - 2331 24-hour business center Wheelchair-accessible meeting spaces/business center Segway rental/tour nearby Coffee/tea in common areas Number of coffee shops/cafes - 1 elevator Wheelchair accessible (may have limitations) Wheelchair-accessible van parking Wheelchair-accessible path to elevator Wheelchair-accessible registration desk Pool hoist on site Television in common areas Wheelchair-accessible fitness center Wheelchair-accessible pool Wheelchair-accessible public washroom Well-lit path to entrance Stair-free path to entrance 24-hour fitness facilities Yoga classes/instruction on site Couples/private dining Luggage storage Express check-out 24-hour front desk Scooter/moped rentals nearby Golfing nearby Outdoor seasonal pool Safe-deposit box at front desk Smoke-free property Hiking/biking trails nearby Kayaking nearby Conference space Valet parking (surcharge) Terrace ATM/banking,Distances are displayed to the nearest 0.1 mile and kilometer. <br /> <p>Embassy Row - 0.1 km / 0.1 mi <br /> Dupont Circle - 0.2 km / 0.1 mi <br /> Embassy of Haiti - 0.6 km / 0.4 mi <br /> George Washington University Hospital - 1.2 km / 0.8 mi <br /> K Street - 1.4 km / 0.9 mi <br /> World Bank - 1.5 km / 0.9 mi <br /> Lafayette Square - 1.5 km / 0.9 mi <br /> Smithsonian Institution - 1.7 km / 1 mi <br /> George Washington University - 1.8 km / 1.1 mi <br /> Watergate Complex - 1.9 km / 1.2 mi <br /> White House - 2 km / 1.2 mi <br /> Georgetown Waterfront Park - 2.1 km / 1.3 mi <br /> Kennedy Center - 2.2 km / 1.4 mi <br /> National Mall - 2.2 km / 1.4 mi <br /> Walter E. Washington Convention Center - 2.3 km / 1.4 mi <br /> </p><p>The nearest airports are:<br />Ronald Reagan Washington National Airport (DCA) - 11.4 km / 7.1 mi<br /> Baltimore Washington Intl. Airport (BWI) - 52.1 km / 32.3 mi<br /> Washington Dulles Intl. Airport (IAD) - 42.1 km / 26.1 mi<br /> College Park  MD (CGS) - 20.9 km / 13 mi<br /> Gaithersburg  MD (GAI-Montgomery County Airpark) - 37.4 km / 23.2 mi<br /> </p><p></p>,2015 Massachusetts Ave Nw WashingtonDistrict of Columbia 20036 ,20036,2022651600,https://www.destinationhotels.com/embassy-row-hotel/hotel
District of Columbia,,38.90643,-77.03361,Homewood Suites by Hilton Washington D.C. Downtow,3.0,"<p>HeadLine : Near Walter E. Washington Convention Center</p><p>Location : A stay at Homewood Suites by Hilton Washington, D.C. Downtown places you in the heart of Washington, within a 15-minute walk of White House and Walter E. Washington Convention Center.  This hotel is 1.3 mi (2.1 km) from National Mall and 1.4 mi (2.2 km) from National Museum of African American History and Culture.</p><p>Rooms : Make yourself at home in one of the 175 guestrooms, featuring kitchens with refrigerators and stovetops. Complimentary wired and wireless Internet access keeps you connected, and cable programming provides entertainment. Conveniences include laptop-compatible safes and desks, and housekeeping is provided daily.</p><p>Dining : A complimentary continental breakfast is served daily from 6:00 AM to 10:00 AM.</p><p>CheckIn Instructions : <ul>  <li>Extra-person charges may apply and vary depending on property policy</li><li>Government-issued photo identification and a credit card, debit card, or cash deposit may be required at check-in for incidental charges</li><li>Special requests are subject to availability upon check-in and may incur additional charges; special requests cannot be guaranteed</li><li>This property accepts credit cards, debit cards, and cash</li><li>Safety features at this property include a smoke detector</li><li>Please note that cultural norms and guest policies may differ by country and by property; the policies listed are provided by the property</li>  </ul></p><p>Special Instructions : Front desk staff will greet guests on arrival.</p>",Daily Wheelchair-accessible meeting spaces/business center Safe-deposit box at front desk Smoke-free property Coffee/tea in common areas Laundry facilities elevator Fitness facilities Valet parking (surcharge) ATM/banking Wheelchair accessible path of travel Gift shops or newsstand Dry cleaning/laundry service Shopping on site Free grocery shopping service Covered parking Wheelchair-accessible concierge desk secured parking Express check-in Number of meeting rooms - 1 Wheelchair-accessible path to elevator Valet for wheelchair-equipped vehicle Wheelchair-accessible registration desk Wheelchair-accessible fitness center Free WiFi Braille or raised signage Well-lit path to entrance In-room accessibility (in select rooms) Stair-free path to entrance Free newspapers in lobby Roll-in shower (in select rooms) Accessible bathroom (in select rooms) Fireplace in lobby 24-hour fitness facilities Free continental breakfast Luggage storage Wheelchair-accessible on-site restaurant Free breakfast Express check-out Multilingual staff Business center 24-hour front desk,Distances are displayed to the nearest 0.1 mile and kilometer. <br /> <p>Embassy Row - 0.3 km / 0.2 mi <br /> National Geographic Museum - 0.6 km / 0.4 mi <br /> K Street - 0.7 km / 0.4 mi <br /> Lafayette Square - 0.8 km / 0.5 mi <br /> Dupont Circle - 0.9 km / 0.6 mi <br /> Walter E. Washington Convention Center - 1 km / 0.6 mi <br /> CityCenterDC - 1.1 km / 0.7 mi <br /> White House - 1.2 km / 0.8 mi <br /> Smithsonian Institution - 1.3 km / 0.8 mi <br /> Warner Theatre - 1.4 km / 0.8 mi <br /> National Theatre - 1.4 km / 0.9 mi <br /> Martin Luther King Jr. Memorial Library - 1.5 km / 0.9 mi <br /> World Bank - 1.5 km / 1 mi <br /> Smithsonian American Art Museum - 1.6 km / 1 mi <br /> National Portrait Gallery - 1.6 km / 1 mi <br /> </p><p>The nearest airports are:<br />Washington Dulles Intl. Airport (IAD) - 44.1 km / 27.4 mi<br /> Ronald Reagan Washington National Airport (DCA) - 9.2 km / 5.7 mi<br /> Baltimore Washington Intl. Airport (BWI) - 51.3 km / 31.9 mi<br /> College Park  MD (CGS) - 20.1 km / 12.5 mi<br /> Gaithersburg  MD (GAI-Montgomery County Airpark) - 38.8 km / 24.1 mi<br /> </p><p>The preferred airport for Homewood Suites by Hilton Washington  D.C. Downtown is Washington Dulles Intl. Airport (IAD). </p>,1475 Massachusetts Avenue NW WashingtonDistrict of Columbia 20005 ,20005,2022658000,http://homewoodsuites.hilton.com/en/hw/hotels/index.jhtml?ctyhocn=WASHWHW
District of Columbia,,38.90525,-77.05175,2400 M Apartments,4.0,"<p><b>Property Location</b> <br />Located in Washington (Dupont Circle), Global Luxury Suites at M Street is within a 10-minute drive of George Washington University and Lincoln Memorial.  This 4-star apartment is 1.4 mi (2.2 km) from White House and 2 mi (3.2 km) from Ford's Theater.</p><p><b>Rooms</b> <br />Make yourself at home in one of the 6 air-conditioned rooms featuring kitchens with full-sized refrigerators/freezers and ovens. Flat-screen televisions with cable programming provide entertainment, while complimentary wireless Internet access keeps you connected. Conveniences include phones, as well as desks and microwaves.</p><p><b>Amenities</b> <br />Be sure to enjoy recreational amenities including a health club and a seasonal outdoor pool. This apartment also features complimentary wireless Internet access and concierge services.</p><p><b>Business, Other Amenities</b> <br />Featured amenities include a business center, laundry facilities, and an elevator (lift).</p>",Business center Concierge services Elevator/lift Free WiFi Health club Laundry facilities One meeting room Outdoor seasonal pool Pets allowed Smoke-free property Terrace Total number of rooms - 6,Distances are displayed to the nearest 0.1 mile and kilometer. <br /> <p>George Washington University Hospital - 0.5 km / 0.3 mi <br /> Museum of Contemporary Art - 0.9 km / 0.6 mi <br /> George Washington University - 1 km / 0.6 mi <br /> Dupont Circle - 1 km / 0.6 mi <br /> International Monetary Fund - 1.2 km / 0.7 mi <br /> World Bank - 1.2 km / 0.8 mi <br /> Embassy of Australia - 1.4 km / 0.9 mi <br /> Renwick Gallery - 1.5 km / 0.9 mi <br /> Blair House - 1.5 km / 0.9 mi <br /> U.S. Department of State - 1.5 km / 0.9 mi <br /> Kennedy Center - 1.6 km / 1 mi <br /> White House - 1.7 km / 1.1 mi <br /> Ellipse - 1.8 km / 1.1 mi <br /> Vietnam Veterans Memorial - 1.8 km / 1.1 mi <br /> Lincoln Memorial - 2 km / 1.2 mi <br /> </p><p>The nearest airports are:<br />Washington  DC (DCA-Ronald Reagan Washington National) - 9.6 km / 6 mi<br /> College Park  MD (CGS) - 26.8 km / 16.7 mi<br /> Washington  DC (IAD-Washington Dulles Intl.) - 40.9 km / 25.4 mi<br /> Fort Meade  MD (FME-Tipton) - 44.8 km / 27.8 mi<br /> Gaithersburg  MD (GAI-Montgomery County Airpark) - 45.8 km / 28.5 mi<br /> </p><p></p>,2400 M Street Northwest WashingtonDistrict of Columbia 20037 ,20037,,http://www.equityapartments.com/washington-dc/geor
District of Columbia,,38.899883,-77.033589,The Woodward Building,3.0,"<p>HeadLine : Near White House</p><p>Location : With a stay at The Woodward Building, you ll be centrally located in Washington, just a 5-minute walk from White House and 14 minutes by foot from National Museum of American History.  This aparthotel is 0.7 mi (1.2 km) from Washington Monument and 0.8 mi (1.2 km) from International Spy Museum.</p><p>Rooms : Make yourself at home in one of the 20 individually decorated guestrooms, featuring kitchens with refrigerators and stovetops. Complimentary wired and wireless Internet access keeps you connected, and cable programming provides entertainment. Private bathrooms with shower/tub combinations feature deep soaking bathtubs and hair dryers. Conveniences include desks and separate sitting areas, and housekeeping is provided weekly.</p><p>Dining : At The Woodward Building, enjoy a satisfying meal at the restaurant.</p><p>CheckIn Instructions : Extra-person charges may apply and vary depending on property policy. <br />Government-issued photo identification and a credit card may be required at check-in for incidental charges. <br />Special requests are subject to availability upon check-in and may incur additional charges. Special requests cannot be guaranteed.  <ul><li>No onsite parking is available. </li>Please note that cultural norms and guest policies may differ by country and by property. The policies listed are provided by the property. </ul></p><p>Special Instructions : This property doesn t offer after-hours check-in. To make arrangements for check-in please contact the property at least 72 hours before arrival using the information on the booking confirmation. Guests must contact the property in advance for check-in instructions. Front desk staff will greet guests on arrival. For more details, please contact the property using the information on the booking confirmation.  This property will place an authorization on credit cards for all onsite purchases, including incidentals.</p>",Restaurant Coffee/tea in common areas Free WiFi elevator Rooftop terrace Fitness facilities Smoke-free property Computer station 24-hour business center Concierge services 24-hour front desk,Distances are displayed to the nearest 0.1 mile and kilometer. <br /> <p>Lafayette Square - 0.3 km / 0.2 mi <br /> White House - 0.4 km / 0.2 mi <br /> National Theatre - 0.7 km / 0.4 mi <br /> National Aquarium - 0.7 km / 0.4 mi <br /> Warner Theatre - 0.8 km / 0.5 mi <br /> World Bank - 0.9 km / 0.5 mi <br /> CityCenterDC - 0.9 km / 0.6 mi <br /> Washington D.C. Madame Tussauds - 1 km / 0.6 mi <br /> Ford s Theater - 1 km / 0.6 mi <br /> National Museum of African American History and Culture - 1.1 km / 0.7 mi <br /> National Museum of American History - 1.2 km / 0.7 mi <br /> Smithsonian American Art Museum - 1.2 km / 0.7 mi <br /> Washington Monument - 1.2 km / 0.7 mi <br /> International Spy Museum - 1.2 km / 0.8 mi <br /> National Portrait Gallery - 1.2 km / 0.8 mi <br /> </p><p>The nearest airports are:<br />Ronald Reagan Washington National Airport (DCA) - 8 km / 5 mi<br /> Baltimore Washington Intl. Thurgood Marshall Airport (BWI) - 51 km / 31.7 mi<br /> Washington Dulles Intl. Airport (IAD) - 44.9 km / 27.9 mi<br /> College Park  MD (CGS) - 25 km / 15.5 mi<br /> Gaithersburg  MD (GAI-Montgomery County Airpark) - 40.8 km / 25.4 mi<br /> </p><p>The preferred airport for The Woodward Building is Ronald Reagan Washington National Airport (DCA). </p>,733 15Th Street Nw WashingtonDistrict of Columbia 20005 ,20005,7032089110,http://www.woodwardbuilding.com
District of Columbia,,38.895611,-77.022981,Oakwood Lansburgh at Penn Quarter,3.0,"<p>HeadLine : Near International Spy Museum</p><p>Location : With a stay at Oakwood Lansburgh at Penn Quarter in Washington (Chinatown), you ll be steps from International Spy Museum and National Portrait Gallery.  This aparthotel is 0.2 mi (0.4 km) from Capital One Arena and 0.4 mi (0.6 km) from National Museum of Natural History.</p><p>Rooms : Make yourself at home in one of the 25 air-conditioned rooms featuring kitchens with full-sized refrigerators/freezers and stovetops. Rooms have private balconies or patios. Complimentary wireless Internet access is available to keep you connected. Conveniences include microwaves and coffee/tea makers, and housekeeping is provided daily.</p><p>CheckIn Instructions : Extra-person charges may apply and vary depending on property policy. <br />Government-issued photo identification and a credit card, debit card, or cash deposit are required at check-in for incidental charges. <br />Special requests are subject to availability upon check-in and may incur additional charges. Special requests cannot be guaranteed. <ul>  Please note that cultural norms and guest policies may differ by country and by property. The policies listed are provided by the property. </ul></p>",,Distances are displayed to the nearest 0.1 mile and kilometer. <br /> <p>International Spy Museum - 0.2 km / 0.1 mi <br /> National Portrait Gallery - 0.2 km / 0.1 mi <br /> Ford s Theater - 0.4 km / 0.2 mi <br /> Capital One Arena - 0.4 km / 0.2 mi <br /> Smithsonian American Art Museum - 0.4 km / 0.3 mi <br /> Washington D.C. Madame Tussauds - 0.5 km / 0.3 mi <br /> National Law Enforcement Officers Memorial - 0.5 km / 0.3 mi <br /> National Archives - 0.5 km / 0.3 mi <br /> Newseum - 0.6 km / 0.4 mi <br /> National Gallery of Art - 0.6 km / 0.4 mi <br /> National Museum of Natural History - 0.6 km / 0.4 mi <br /> National Mall - 0.7 km / 0.4 mi <br /> National Building Museum - 0.7 km / 0.4 mi <br /> CityCenterDC - 0.7 km / 0.4 mi <br /> Warner Theatre - 0.7 km / 0.4 mi <br /> </p><p>The nearest airports are:<br />Washington  DC (DCA-Ronald Reagan Washington National) - 8.2 km / 5.1 mi<br /> College Park  MD (CGS) - 22.8 km / 14.2 mi<br /> Fort Meade  MD (FME-Tipton) - 40.8 km / 25.3 mi<br /> Washington  DC (IAD-Washington Dulles Intl.) - 44 km / 27.3 mi<br /> Gaithersburg  MD (GAI-Montgomery County Airpark) - 51.4 km / 31.9 mi<br /> </p><p>The preferred airport for Oakwood Lansburgh at Penn Quarter is Washington  DC (DCA-Ronald Reagan Washington National). </p>,425 8Th Street Nw WashingtonDistrict of Columbia 20004 ,20004,6024272784,https://thelansburgh.com
District of Columbia,,38.90929,-77.02197,Cambria Suites Washington DC Convention Center,3.0,"<p>HeadLine : Near Walter E. Washington Convention Center</p><p>Location : A stay at Cambria Hotel Washington, D.C. Convention Center places you in the heart of Washington, within a 5-minute drive of Walter E. Washington Convention Center and Capital One Arena.  This hotel is 0.7 mi (1.2 km) from Howard University and 1.6 mi (2.5 km) from Smithsonian Institution.</p><p>Rooms : Make yourself at home in one of the 182 guestrooms featuring refrigerators and flat-screen televisions. Complimentary wired and wireless Internet access keeps you connected, and cable programming provides entertainment. Private bathrooms with bathtubs or showers feature complimentary toiletries and hair dryers. Conveniences include phones, as well as safes and desks.</p><p>Dining : You can enjoy a meal at Social Circle serving the guests of Cambria Hotel Washington, D.C. Convention Center, or stop in at the snack bar/deli. Cooked-to-order breakfasts are available daily from 7:00 AM to 10:30 AM for a fee.</p><p>CheckIn Instructions : <ul>  <li>Extra-person charges may apply and vary depending on property policy</li><li>Government-issued photo identification and a credit card, debit card, or cash deposit may be required at check-in for incidental charges</li><li>Special requests are subject to availability upon check-in and may incur additional charges; special requests cannot be guaranteed</li><li>This property accepts credit cards; cash is not accepted</li><li>Safety features at this property include a carbon monoxide detector, a fire extinguisher, a smoke detector, a security system, a first aid kit, and window guards</li>  </ul></p><p>Special Instructions : Front desk staff will greet guests on arrival.</p>",Gift shops or newsstand Dry cleaning/laundry service Covered parking Covered parking secured parking Meeting rooms Conference space size (meters) - 115 Television in common areas Free WiFi Braille or raised signage Assistive listening devices available Picnic area In-room accessibility (in select rooms) Wheelchair accessible parking Free newspapers in lobby Roll-in shower (in select rooms) Tours/ticket assistance Accessible bathroom (in select rooms) Wheelchair accessible  no Luggage storage Express check-out Coin laundry on site Business center 24-hour front desk Breakfast available (surcharge) Safe-deposit box at front desk Smoke-free property Snack bar/deli Laundry facilities elevator Fitness facilities Conference space Self parking (surcharge) Valet parking (surcharge) Computer station Terrace ATM/banking Conference space size (feet) - 1240 Concierge services 24-hour business center,Distances are displayed to the nearest 0.1 mile and kilometer. <br /> <p>Walter E. Washington Convention Center - 0.8 km / 0.5 mi <br /> CityCenterDC - 1.2 km / 0.7 mi <br /> Howard University - 1.3 km / 0.8 mi <br /> Capital One Arena - 1.3 km / 0.8 mi <br /> Smithsonian American Art Museum - 1.3 km / 0.8 mi <br /> National Portrait Gallery - 1.3 km / 0.8 mi <br /> Martin Luther King Jr. Memorial Library - 1.4 km / 0.9 mi <br /> Embassy Row - 1.6 km / 1 mi <br /> National Geographic Museum - 1.8 km / 1.1 mi <br /> Ford s Theater - 1.8 km / 1.1 mi <br /> K Street - 1.9 km / 1.2 mi <br /> National Archives - 1.9 km / 1.2 mi <br /> Dupont Circle - 1.9 km / 1.2 mi <br /> Lafayette Square - 2 km / 1.2 mi <br /> National Mall - 2 km / 1.2 mi <br /> </p><p>The nearest airports are:<br />Ronald Reagan Washington National Airport (DCA) - 11.2 km / 6.9 mi<br /> Baltimore Washington Intl. Airport (BWI) - 49.8 km / 30.9 mi<br /> Washington Dulles Intl. Airport (IAD) - 50.6 km / 31.4 mi<br /> College Park  MD (CGS) - 18.6 km / 11.5 mi<br /> Fort Meade  MD (FME-Tipton) - 36.3 km / 22.6 mi<br /> </p><p></p>,899 O Street NW Washington D.C.District of Columbia 20001 ,20001,2022991188,http://www.cambriadc.com/
District of Columbia,,38.89982,-77.02641,Grand Hyatt Washington,4.0,"<p>HeadLine : Near White House</p><p>Location : With a stay at Grand Hyatt Washington, you ll be centrally located in Washington, steps from CityCenterDC and within a 10-minute walk of Ford s Theater.  This 4-star aparthotel is 0.5 mi (0.8 km) from Walter E. Washington Convention Center and 0.9 mi (1.5 km) from White House.</p><p>Rooms : Make yourself at home in one of the 897 guestrooms featuring refrigerators and iPod docking stations. Your pillowtop bed comes with premium bedding. Wired and wireless Internet access is complimentary, while 55-inch LCD televisions with cable programming provide entertainment. Bathrooms have designer toiletries and hair dryers.</p><p>Dining : Enjoy American cuisine at Cure Bar and Bistro, one of the aparthotel s 2 restaurants, or stay in and take advantage of the room service (during limited hours). Snacks are also available at the coffee shop/cafe. Quench your thirst with your favorite drink at the bar/lounge. Cooked-to-order breakfasts are available daily from 7:00 AM to 11 AM for a fee.</p><p>CheckIn Instructions : <ul>  <li>Extra-person charges may apply and vary depending on property policy</li><li>Government-issued photo identification and a credit card, debit card, or cash deposit may be required at check-in for incidental charges</li><li>Special requests are subject to availability upon check-in and may incur additional charges; special requests cannot be guaranteed</li><li>This property accepts credit cards; cash is not accepted</li><li>Safety features at this property include a carbon monoxide detector, a fire extinguisher, a smoke detector, a security system, a first aid kit, and window guards</li><li>Please note that cultural norms and guest policies may differ by country and by property; the policies listed are provided by the property</li>  </ul> <ul>  <li>It is Hyatts practice to enter any occupied guestroom at a minimum of once within a 24-hour period, even if a guest has requested privacy.  Appropriate efforts are made to provide advance notice to the registered guest before entering an occupied guestroom.</li>  </ul></p><p>Special Instructions : Front desk staff will greet guests on arrival.</p>",24-hour front desk Scooter/moped rentals nearby Golfing nearby Safe-deposit box at front desk Smoke-free property Hiking/biking trails nearby Conference space Self parking (surcharge) Valet parking (surcharge) ATM/banking Wheelchair accessible path of travel Conference space size (feet) - 44000 Concierge services Breakfast available (surcharge) Wheelchair-accessible meeting spaces/business center Segway rental/tour nearby Coffee/tea in common areas Number of coffee shops/cafes - 1 elevator Fitness facilities Covered parking Wheelchair accessible (may have limitations) Covered parking Express check-in Meeting rooms Television in common areas Wheelchair-accessible public washroom Internet access in public areas - surcharge Internet access in public areas - high speed Stair-free path to entrance Wedding services 24-hour fitness facilities Boat tours nearby Luggage storage Express check-out Porter/bellhop Business center Gift shops or newsstand Dry cleaning/laundry service Conference space size (meters) - 4088 Limo or Town Car service available Free WiFi Number of bars/lounges - 1 Braille or raised signage Assistive listening devices available In-room accessibility (in select rooms) Bicycle rentals nearby Wheelchair accessible parking Roll-in shower (in select rooms) Internet access - wireless Tours/ticket assistance Accessible bathroom (in select rooms) Recycling Multilingual staff,Distances are displayed to the nearest 0.1 mile and kilometer. <br /> <p>CityCenterDC - 0.1 km / 0.1 mi <br /> Martin Luther King Jr. Memorial Library - 0.4 km / 0.2 mi <br /> Smithsonian American Art Museum - 0.5 km / 0.3 mi <br /> National Portrait Gallery - 0.5 km / 0.3 mi <br /> Ford s Theater - 0.5 km / 0.3 mi <br /> Walter E. Washington Convention Center - 0.6 km / 0.4 mi <br /> Capital One Arena - 0.6 km / 0.4 mi <br /> Warner Theatre - 0.6 km / 0.4 mi <br /> National Theatre - 0.8 km / 0.5 mi <br /> Lafayette Square - 0.9 km / 0.5 mi <br /> White House - 0.9 km / 0.6 mi <br /> Smithsonian Institution - 1 km / 0.6 mi <br /> National Archives - 1 km / 0.6 mi <br /> National Mall - 1 km / 0.6 mi <br /> K Street - 1.1 km / 0.7 mi <br /> </p><p>The nearest airports are:<br />Ronald Reagan Washington National Airport (DCA) - 8.8 km / 5.5 mi<br /> Baltimore Washington Intl. Airport (BWI) - 50.5 km / 31.4 mi<br /> Washington Dulles Intl. Airport (IAD) - 48.3 km / 30 mi<br /> College Park  MD (CGS) - 19.3 km / 12 mi<br /> Fort Meade  MD (FME-Tipton) - 36.2 km / 22.5 mi<br /> </p><p>The preferred airport for Grand Hyatt Washington is Ronald Reagan Washington National Airport (DCA). </p>,1000 H Street NW WashingtonDistrict of Columbia 20001 ,20001,2025821234,http://grandwashington.hyatt.com/en/hotel/home.html
District of Columbia,,38.9066,-77.03848,Beacon Hotel & Corporate Quarters,3.0,"<p>HeadLine : In Washington (Downtown Washington D.C.)</p><p>Location : In the heart of Washington, Beacon Hotel & Corporate Quarters is within a 5-minute drive of Walter E. Washington Convention Center and National Museum of Women in the Arts.  This hotel is 0.8 mi (1.3 km) from Phillips Collection and 0.9 mi (1.4 km) from White House.</p><p>Rooms : Make yourself at home in one of the 199 guestrooms. Complimentary wired and wireless Internet access keeps you connected, and cable programming provides entertainment. Private bathrooms with bathtubs or showers feature complimentary toiletries and hair dryers. Conveniences include phones, as well as safes and desks.</p><p>CheckIn Instructions : <ul>  <li>Extra-person charges may apply and vary depending on property policy</li><li>Government-issued photo identification and a credit card may be required at check-in for incidental charges</li><li>Special requests are subject to availability upon check-in and may incur additional charges; special requests cannot be guaranteed</li><li>This property accepts credit cards; cash is not accepted</li><li>Noise-free guestrooms cannot be guaranteed</li><li>Please note that cultural norms and guest policies may differ by country and by property; the policies listed are provided by the property</li>  </ul></p><p>Special Instructions : Front desk staff will greet guests on arrival.</p>",Multilingual staff Business center 24-hour front desk Safe-deposit box at front desk Smoke-free property Laundry facilities elevator Fitness facilities Conference space Valet parking (surcharge) ATM/banking Conference space size (feet) - 10000 Dry cleaning/laundry service Banquet hall Wheelchair accessible (may have limitations) Food and water bowls Express check-in Meeting rooms Wheelchair-accessible path to elevator Conference space size (meters) - 929 Free wired Internet Television in common areas Free WiFi Braille or raised signage Well-lit path to entrance Assistive listening devices available In-room accessibility (in select rooms) Stair-free path to entrance Roll-in shower (in select rooms) Internet access - wireless Wedding services Tours/ticket assistance Accessible bathroom (in select rooms) 24-hour fitness facilities Luggage storage Express check-out Porter/bellhop,Distances are displayed to the nearest 0.1 mile and kilometer. <br /> <p>Embassy Row - 0.1 km / 0.1 mi <br /> Dupont Circle - 0.6 km / 0.4 mi <br /> K Street - 0.6 km / 0.4 mi <br /> Lafayette Square - 0.7 km / 0.5 mi <br /> Smithsonian Institution - 0.9 km / 0.6 mi <br /> World Bank - 1.1 km / 0.7 mi <br /> Phillips Collection - 1.2 km / 0.7 mi <br /> White House - 1.3 km / 0.8 mi <br /> George Washington University Hospital - 1.3 km / 0.8 mi <br /> National Museum of Women in the Arts - 1.4 km / 0.9 mi <br /> Walter E. Washington Convention Center - 1.5 km / 0.9 mi <br /> Embassy of Haiti - 1.5 km / 1 mi <br /> CityCenterDC - 1.5 km / 1 mi <br /> National Mall - 1.8 km / 1.1 mi <br /> National Theatre - 1.8 km / 1.1 mi <br /> </p><p>The nearest airports are:<br />Ronald Reagan Washington National Airport (DCA) - 12 km / 7.4 mi<br /> Baltimore Washington Intl. Airport (BWI) - 51.4 km / 32 mi<br /> Washington Dulles Intl. Airport (IAD) - 42.2 km / 26.2 mi<br /> College Park  MD (CGS) - 20.3 km / 12.6 mi<br /> Gaithersburg  MD (GAI-Montgomery County Airpark) - 38.3 km / 23.8 mi<br /> </p><p></p>,1615 Rhode Island Ave Nw 20036 Washington D.C.District of Columbia ,20036,2022962100,http://www.beaconhotelwdc.com/
District of Columbia,,38.90567,-77.04629,St. Gregory Hotel,4.0,"<p>HeadLine : Near George Washington University</p><p>Location : With a stay at The St. Gregory Hotel in Washington (Downtown Washington D.C.), you ll be within a 5-minute drive of National Mall and White House.  This 4-star hotel is 0.7 mi (1.2 km) from George Washington University and 1.8 mi (2.8 km) from National Museum of African American History and Culture.</p><p>Rooms : Make yourself at home in one of the 154 guestrooms featuring refrigerators and LCD televisions. Complimentary wired Internet access keeps you connected, and cable programming is available for your entertainment. Bathrooms have shower/tub combinations and hair dryers. Conveniences include phones, as well as safes and desks.</p><p>Dining : Grab a bite to eat at Ellington Park Bistro, a restaurant which features a bar/lounge, or stay in and take advantage of the room service (during limited hours). Buffet breakfasts are available daily from 7:30 AM to 10:30 AM for a fee.</p><p>CheckIn Instructions : <ul>  <li>Extra-person charges may apply and vary depending on property policy</li><li>Government-issued photo identification and a credit card, debit card, or cash deposit may be required at check-in for incidental charges</li><li>Special requests are subject to availability upon check-in and may incur additional charges; special requests cannot be guaranteed</li><li>The name on the credit card used at check-in to pay for incidentals must be the primary name on the guestroom reservation</li><li>This property accepts credit cards and debit cards; cash is not accepted</li><li>Safety features at this property include a carbon monoxide detector, a fire extinguisher, a smoke detector, a security system, and a first aid kit</li>  </ul></p><p>Special Instructions : Front desk staff will greet guests on arrival.</p>",ATM/banking Wheelchair accessible path of travel Concierge services 24-hour business center Safe-deposit box at front desk Smoke-free property Use of nearby fitness center (discount) elevator Fitness facilities Valet parking (surcharge) Computer station Terrace Dry cleaning/laundry service Banquet hall Wheelchair accessible (may have limitations) Ballroom Outdoor furniture Meeting rooms Number of meeting rooms - 3 Limo or Town Car service available Number of bars/lounges - 1 Braille or raised signage Assistive listening devices available In-room accessibility (in select rooms) Wheelchair accessible parking Free newspapers in lobby Roll-in shower (in select rooms) Wedding services Tours/ticket assistance Accessible bathroom (in select rooms) Fireplace in lobby 24-hour fitness facilities Luggage storage Express check-out Porter/bellhop 24-hour front desk Breakfast available (surcharge) Golfing nearby,Distances are displayed to the nearest 0.1 mile and kilometer. <br /> <p>Embassy Row - 0.5 km / 0.3 mi <br /> Dupont Circle - 0.6 km / 0.3 mi <br /> George Washington University Hospital - 0.6 km / 0.4 mi <br /> World Bank - 1 km / 0.6 mi <br /> K Street - 1.1 km / 0.7 mi <br /> Embassy of Haiti - 1.2 km / 0.7 mi <br /> George Washington University - 1.2 km / 0.7 mi <br /> Lafayette Square - 1.2 km / 0.7 mi <br /> Watergate Complex - 1.3 km / 0.8 mi <br /> Smithsonian Institution - 1.4 km / 0.8 mi <br /> National Mall - 1.6 km / 1 mi <br /> Kennedy Center - 1.6 km / 1 mi <br /> Georgetown Waterfront Park - 1.6 km / 1 mi <br /> White House - 1.7 km / 1 mi <br /> Vietnam Veterans Memorial - 1.8 km / 1.1 mi <br /> </p><p>The nearest airports are:<br />Ronald Reagan Washington National Airport (DCA) - 10.9 km / 6.8 mi<br /> Baltimore Washington Intl. Airport (BWI) - 52.1 km / 32.4 mi<br /> Washington Dulles Intl. Airport (IAD) - 41.5 km / 25.8 mi<br /> College Park  MD (CGS) - 21 km / 13 mi<br /> Gaithersburg  MD (GAI-Montgomery County Airpark) - 38 km / 23.6 mi<br /> </p><p></p>,2033 M St Nw WashingtonDistrict of Columbia 20036 ,20036,2025303600,http://WWW.STGREGORYHOTELWDC.COM
District of Columbia,,38.905010518,-77.059521675,Latham Hotel Georgetown,3.0,,Year of construction : 1976 NO Connecting rooms Hotel American Express Diners Club MasterCard Visa Bathroom Shower Bathtub Hairdryer Internet access Direct dial telephone TV Radio Fridge Tea and coffee making facilities Ironing set Carpeted floors Individually adjustable air conditioning   Individually adjustable heating NO Small pets allowed (under 5 kg) NO Large pets allowed (over 5 kg) NO Wheelchair-accessible YES Car park NO Garage 24-hour reception Room service Laundry service(Additional Fee) Air conditioning in public areas   Hotel safe Cloakroom Lift access Gym Bar Restaurant Non-smoking area Air conditioning in Restaurant   Conference room Breakfast   Set menu dinner,,3000 M Street Nw Washington 20007District of Columbia ,20007,2027265000,
District of Columbia,,38.88564,-77.01963,Holiday Inn Washington Capitol,3.0,"<p>HeadLine : Near National Mall</p><p>Location : Holiday Inn Washington Capitol - Natl Mall, an IHG Hotel is in the heart of Washington, within a 5-minute walk of National Air and Space Museum and National Mall.  This aparthotel is 0.9 mi (1.5 km) from Washington Monument and 1 mi (1.6 km) from Capital One Arena.</p><p>Rooms : Make yourself at home in one of the 536 guestrooms featuring refrigerators and flat-screen televisions. Complimentary wireless Internet access keeps you connected, and satellite programming is available for your entertainment. Bathrooms have shower/tub combinations and hair dryers. Conveniences include phones, as well as safes and desks.</p><p>Dining : Enjoy American cuisine at 21st Amendment, one of the aparthotel s many dining establishments, which include 2 restaurants and a coffee shop/cafe. Cooked-to-order breakfasts are available daily from 6:30 AM to 11:00 AM for a fee.</p><p>CheckIn Instructions : <ul>  <li>Extra-person charges may apply and vary depending on property policy</li><li>Government-issued photo identification and a credit card, debit card, or cash deposit may be required at check-in for incidental charges</li><li>Special requests are subject to availability upon check-in and may incur additional charges; special requests cannot be guaranteed</li><li>The name on the credit card used at check-in to pay for incidentals must be the primary name on the guestroom reservation</li><li>This property accepts credit cards and debit cards; cash is not accepted</li><li>Safety features at this property include a carbon monoxide detector, a fire extinguisher, a smoke detector, a security system, a first aid kit, and window guards</li><li>Please note that cultural norms and guest policies may differ by country and by property; the policies listed are provided by the property</li>  </ul></p><p>Special Instructions : Front desk staff will greet guests on arrival.  Guests booked in breakfast included rate plans receive breakfast for up to 2 adults who are sharing a guestroom. Breakfast fees apply for additional guests. Guests booked in dinner included rate plans receive dinner for up to 2 adults who are sharing a guestroom. Dinner fees apply for additional guests.</p>",Gift shops or newsstand Dry cleaning/laundry service Shopping on site Long-term parking (surcharge) Outdoor furniture Number of meeting rooms - 7 Conference space size (meters) - 743 Swimming pool Shared microwave Free WiFi Braille or raised signage Assistive listening devices available In-room accessibility (in select rooms) Wheelchair accessible parking Parking onsite Roll-in shower (in select rooms) Tours/ticket assistance Wheelchair-accessible public washroom Well-lit path to entrance Garden Picnic area Internet access in public areas - high speed Stair-free path to entrance Free newspapers in lobby 24-hour fitness facilities Luggage storage Express check-out Porter/bellhop Business center 24-hour front desk Golfing nearby Outdoor seasonal pool Accessible bathroom (in select rooms) LED light bulbs Wheelchair-accessible lounge Wheelchair-accessible on-site restaurant Visual alarms in hallways Multilingual staff Handrails in stairways Breakfast available (surcharge) Wheelchair-accessible meeting spaces/business center Number of coffee shops/cafes - 1 Laundry facilities elevator Fitness facilities secured parking Covered parking secured parking Banquet hall Wheelchair accessible (may have limitations) Ballroom Vending machine Covered parking Wheelchair-accessible concierge desk Food and water bowls Wheelchair-accessible path to elevator Wheelchair-accessible registration desk Pool hoist on site Wheelchair-accessible fitness center Wheelchair-accessible pool Safe-deposit box at front desk Smoke-free property Conference space Self parking (surcharge) Hair salon Computer station Terrace ATM/banking Wheelchair accessible path of travel Conference space size (feet) - 8000 Concierge services 24-hour business center,Distances are displayed to the nearest 0.1 mile and kilometer. <br /> <p>National Air and Space Museum - 0.3 km / 0.2 mi <br /> Museum of the Bible - 0.3 km / 0.2 mi <br /> National Mall - 0.4 km / 0.3 mi <br /> Hirshhorn Museum and Sculpture Garden - 0.5 km / 0.3 mi <br /> L Enfant Plaza - 0.6 km / 0.4 mi <br /> International Spy Museum - 0.6 km / 0.4 mi <br /> Smithsonian Institution - 0.6 km / 0.4 mi <br /> National Archives - 1 km / 0.6 mi <br /> National Gallery of Art - 1 km / 0.6 mi <br /> National Museum of Natural History - 1.1 km / 0.7 mi <br /> The Anthem - 1.1 km / 0.7 mi <br /> United States Capitol - 1.1 km / 0.7 mi <br /> Library of Congress - 1.3 km / 0.8 mi <br /> United States Holocaust Memorial Museum - 1.4 km / 0.8 mi <br /> National Museum of American History - 1.4 km / 0.9 mi <br /> </p><p>The nearest airports are:<br />Ronald Reagan Washington National Airport (DCA) - 7.4 km / 4.6 mi<br /> Baltimore Washington Intl. Airport (BWI) - 53.9 km / 33.5 mi<br /> Washington Dulles Intl. Airport (IAD) - 44.9 km / 27.9 mi<br /> College Park  MD (CGS) - 22.7 km / 14.1 mi<br /> Fort Meade  MD (FME-Tipton) - 37.3 km / 23.2 mi<br /> </p><p>The preferred airport for Holiday Inn Washington Capitol - Natl Mall  an IHG Hotel is Ronald Reagan Washington National Airport (DCA). </p>,550 C St SW Washington D.C.District of Columbia 20024 ,20024,2024794000,http://www.holidayinncapitol.com
District of Columbia,,38.909832,-77.0474,Royal Sonesta Washington DC,4.0,"<p>HeadLine : In Washington (Northwest)</p><p>Location : The Royal Sonesta Washington DC Dupont Circle is centrally located in Washington, a 4-minute walk from Dupont Circle and a 2-minute drive from George Washington University.  This 4.5-star hotel is 1.2 mi (2 km) from Kennedy Center and 1.4 mi (2.3 km) from White House.</p><p>Rooms : Make yourself at home in one of the 335 guestrooms. Complimentary wireless Internet access keeps you connected, and cable programming is available for your entertainment. Private bathrooms with bathtubs or showers feature designer toiletries and hair dryers. Conveniences include phones, as well as safes and desks.</p><p>Dining : Enjoy a satisfying meal at Certo! serving guests of The Royal Sonesta Washington DC Dupont Circle. Quench your thirst with your favorite drink at the bar/lounge. Cooked-to-order breakfasts are served on weekdays from 6:30 AM to 10:00 AM for a fee.</p><p>CheckIn Instructions : <ul>  <li>Extra-person charges may apply and vary depending on property policy</li><li>Government-issued photo identification and a credit card, debit card, or cash deposit may be required at check-in for incidental charges</li><li>Special requests are subject to availability upon check-in and may incur additional charges; special requests cannot be guaranteed</li><li>Special cancellation policies or charges may apply for group reservations (more than 8 rooms for the same property / stay dates)</li><li>This property accepts credit cards and debit cards; cash is not accepted</li>  </ul></p><p>Special Instructions : Front desk staff will greet guests on arrival.</p>",Wheelchairs available on site Breakfast available (surcharge) Wheelchair-accessible meeting spaces/business center elevator Fitness facilities Wheelchair accessible (may have limitations) Wheelchair-accessible concierge desk Wheelchair-accessible van parking Wheelchair-accessible path to elevator Valet for wheelchair-equipped vehicle Wheelchair-accessible registration desk Pool hoist on site Wheelchair-accessible pool Wheelchair-accessible public washroom Well-lit path to entrance Internet access in public areas - high speed Stair-free path to entrance 24-hour fitness facilities Luggage storage Porter/bellhop 24-hour front desk Golfing nearby Outdoor seasonal pool Housekeeping on request Smoke-free property Conference space Valet parking (surcharge) Terrace ATM/banking Wheelchair accessible path of travel Pool sun loungers Conference space size (feet) - 11000 Pool umbrellas Number of meeting rooms - 11 Conference space size (meters) - 1022 Free WiFi Number of bars/lounges - 1 Braille or raised signage Assistive listening devices available In-room accessibility (in select rooms) Wheelchair accessible parking Roll-in shower (in select rooms) Internet access - wireless Accessible bathroom (in select rooms) Fireplace in lobby Fitness classes on site Wheelchair-accessible lounge Wheelchair-accessible on-site restaurant Visual alarms in hallways Multilingual staff Handrails in stairways Electric car charging station 24-hour business center Fence around pool,Distances are displayed to the nearest 0.1 mile and kilometer. <br /> <p>Embassy Row - 0.2 km / 0.1 mi <br /> Dupont Circle - 0.3 km / 0.2 mi <br /> Embassy of Haiti - 0.6 km / 0.4 mi <br /> George Washington University Hospital - 1.1 km / 0.7 mi <br /> World Bank - 1.6 km / 1 mi <br /> George Washington University - 1.6 km / 1 mi <br /> K Street - 1.6 km / 1 mi <br /> Watergate Complex - 1.6 km / 1 mi <br /> Lafayette Square - 1.7 km / 1.1 mi <br /> Smithsonian Institution - 1.9 km / 1.2 mi <br /> Georgetown Waterfront Park - 1.9 km / 1.2 mi <br /> White House - 2 km / 1.2 mi <br /> Kennedy Center - 2.1 km / 1.3 mi <br /> National Mall - 2.2 km / 1.3 mi <br /> Georgetown University - 2.2 km / 1.4 mi <br /> </p><p>The nearest airports are:<br />Ronald Reagan Washington National Airport (DCA) - 11 km / 6.8 mi<br /> Baltimore Washington Intl. Airport (BWI) - 52.1 km / 32.4 mi<br /> Washington Dulles Intl. Airport (IAD) - 41.7 km / 25.9 mi<br /> College Park  MD (CGS) - 21 km / 13 mi<br /> Gaithersburg  MD (GAI-Montgomery County Airpark) - 37.5 km / 23.3 mi<br /> </p><p></p>,2121 P St Nw WashingtonDistrict of Columbia 20037 ,20037,2024481800,http://www.hotelpalomar.com
District of Columbia,,38.90478,-77.04752,The Wink Hotel,4.0,"<p>HeadLine : Near George Washington University</p><p>Location : A stay at  Vignette Collection Yours Truly DC places you in the heart of Washington, within a 5-minute drive of George Washington University and National Mall.  This 4.5-star hotel is 1.2 mi (1.9 km) from Lincoln Memorial and 1.3 mi (2.1 km) from White House.</p><p>Rooms : Make yourself at home in one of the 355 guestrooms featuring minibars and flat-screen televisions. Cable television is provided for your entertainment. Private bathrooms have hair dryers and bathrobes. Conveniences include phones, as well as safes and desks.</p><p>Dining : Enjoy local and international cuisine at Mercy Me, one of the hotel s 2 restaurants, or stay in and take advantage of the room service (during limited hours). Snacks are also available at the coffee shop/cafe. Quench your thirst with your favorite drink at the bar/lounge. Local cuisine breakfasts are available daily from 7:00 AM to noon for a fee.</p><p>CheckIn Instructions : <ul>  <li>Extra-person charges may apply and vary depending on property policy</li><li>Government-issued photo identification and a credit card, debit card, or cash deposit may be required at check-in for incidental charges</li><li>Special requests are subject to availability upon check-in and may incur additional charges; special requests cannot be guaranteed</li><li>This property accepts credit cards, debit cards, and cash</li><li>Safety features at this property include a carbon monoxide detector, a fire extinguisher, a smoke detector, a security system, and a first aid kit</li><li>Please note that cultural norms and guest policies may differ by country and by property; the policies listed are provided by the property</li>  </ul></p><p>Special Instructions : Guests will receive an email 5 days before arrival with check-in instructions and smart lock details. Front desk staff will greet guests on arrival.  Guests booked in dinner included rate plans receive dinner for up to 2 adults who are sharing a guestroom. Dinner fees apply for additional guests.</p>",Wheelchair-accessible lounge Wheelchair-accessible on-site restaurant No accessible shuttle Visual alarms in hallways Multilingual staff Conference center Breakfast available (surcharge) Wheelchair-accessible meeting spaces/business center Coffee/tea in common areas Number of coffee shops/cafes - 1 Laundry facilities elevator Banquet hall Wheelchair accessible (may have limitations) Ballroom Covered parking Reception hall secured parking Gift shops or newsstand Dry cleaning/laundry service Shopping on site Outdoor furniture Outdoor entertainment area Number of meeting rooms - 15 Conference space size (meters) - 1394 Number of bars/lounges - 1 In-room accessibility (in select rooms) Roll-in shower (in select rooms) Accessible bathroom (in select rooms) Wheelchair accessible path of travel Conference space size (feet) - 15000 Concierge services Wheelchair-accessible path to elevator Valet for wheelchair-equipped vehicle Wheelchair-accessible registration desk Television in common areas Wheelchair-accessible public washroom Wedding services Couples/private dining Luggage storage Express check-out Porter/bellhop 24-hour front desk Housekeeping on request Safe-deposit box at front desk Smoke-free property Snack bar/deli Conference space Valet parking (surcharge) Terrace,Distances are displayed to the nearest 0.1 mile and kilometer. <br /> <p>George Washington University Hospital - 0.4 km / 0.3 mi <br /> Dupont Circle - 0.7 km / 0.4 mi <br /> Embassy Row - 0.7 km / 0.4 mi <br /> Watergate Complex - 0.9 km / 0.6 mi <br /> George Washington University - 1 km / 0.6 mi <br /> World Bank - 1.1 km / 0.7 mi <br /> Embassy of Haiti - 1.2 km / 0.7 mi <br /> K Street - 1.2 km / 0.8 mi <br /> Lafayette Square - 1.4 km / 0.8 mi <br /> Kennedy Center - 1.4 km / 0.9 mi <br /> Smithsonian Institution - 1.5 km / 0.9 mi <br /> Georgetown Waterfront Park - 1.6 km / 1 mi <br /> White House - 1.6 km / 1 mi <br /> National Mall - 1.7 km / 1 mi <br /> Vietnam Veterans Memorial - 1.9 km / 1.2 mi <br /> </p><p>The nearest airports are:<br />Ronald Reagan Washington National Airport (DCA) - 10.8 km / 6.7 mi<br /> Baltimore Washington Intl. Airport (BWI) - 52.4 km / 32.6 mi<br /> Washington Dulles Intl. Airport (IAD) - 43.5 km / 27.1 mi<br /> College Park  MD (CGS) - 21.2 km / 13.2 mi<br /> Gaithersburg  MD (GAI-Montgomery County Airpark) - 39.5 km / 24.5 mi<br /> </p><p>The preferred airport for  Vignette Collection Yours Truly DC is Ronald Reagan Washington National Airport (DCA). </p>,1143 New Hampshire Ave Nw WashingtonDistrict of Columbia 20037 ,20037,2027750800,http://www.marriott.com/hotels/travel/wasrw-renaissance-washington-dc-
District of Columbia,,38.90794,-77.03552,The Darcy Washington DC Curio Collection by Hilton,4.0,"<p>HeadLine : In Washington (Downtown Washington D.C.)</p><p>Location : A stay at The Darcy Hotel places you in the heart of Washington, within a 5-minute drive of Walter E. Washington Convention Center and Capital One Arena.  This 4.5-star hotel is 0.8 mi (1.4 km) from White House and 1.7 mi (2.7 km) from Washington Monument.</p><p>Rooms : Make yourself at home in one of the 226 guestrooms featuring MP3 docking stations and LCD televisions. Your bed comes with down comforters and premium bedding. Complimentary wireless Internet access keeps you connected, and digital programming is available for your entertainment. Private bathrooms have designer toiletries and hair dryers.</p><p>Dining : Grab a bite at Bluestone Lane, one of the hotel s 2 restaurants, or stay in and take advantage of the 24-hour room service. Snacks are also available at the coffee shop/cafe. Mingle with other guests at the complimentary reception, held daily. Wrap up your day with a drink at the bar/lounge. Continental breakfasts are available daily from 7:00 AM to 11:00 AM for a fee.</p><p>CheckIn Instructions : <ul>  <li>Extra-person charges may apply and vary depending on property policy</li><li>Government-issued photo identification and a credit card, debit card, or cash deposit may be required at check-in for incidental charges</li><li>Special requests are subject to availability upon check-in and may incur additional charges; special requests cannot be guaranteed</li><li>This property accepts credit cards; cash is not accepted</li><li>Safety features at this property include a fire extinguisher, a smoke detector, a security system, and a first aid kit</li>  </ul></p><p>Special Instructions : Front desk staff will greet guests on arrival.</p>",Dry cleaning/laundry service Wheelchair accessible (may have limitations) Ballroom Food and water bowls Free reception Meeting rooms Wheelchair-accessible path to elevator Free WiFi Number of bars/lounges - 1 Wheelchair-accessible public washroom Braille or raised signage Well-lit path to entrance Assistive listening devices available In-room accessibility (in select rooms) Wheelchair accessible parking Stair-free path to entrance Roll-in shower (in select rooms) Tours/ticket assistance Accessible bathroom (in select rooms) Free bicycles on site Luggage storage Wheelchair-accessible on-site restaurant Express check-out Porter/bellhop Visual alarms in hallways Handrails in stairways 24-hour front desk Breakfast available (surcharge) Safe-deposit box at front desk Smoke-free property Number of coffee shops/cafes - 1 elevator Fitness facilities Valet parking (surcharge) Terrace ATM/banking Wheelchair accessible path of travel Concierge services,Distances are displayed to the nearest 0.1 mile and kilometer. <br /> <p>Embassy Row - 0.4 km / 0.2 mi <br /> National Geographic Museum - 0.5 km / 0.3 mi <br /> K Street - 0.6 km / 0.4 mi <br /> Dupont Circle - 0.7 km / 0.4 mi <br /> Lafayette Square - 1 km / 0.6 mi <br /> Smithsonian Institution - 1.3 km / 0.8 mi <br /> Walter E. Washington Convention Center - 1.3 km / 0.8 mi <br /> CityCenterDC - 1.3 km / 0.8 mi <br /> White House - 1.4 km / 0.8 mi <br /> World Bank - 1.4 km / 0.9 mi <br /> Warner Theatre - 1.6 km / 1 mi <br /> George Washington University Hospital - 1.6 km / 1 mi <br /> National Theatre - 1.6 km / 1 mi <br /> Embassy of Haiti - 1.7 km / 1 mi <br /> Martin Luther King Jr. Memorial Library - 1.8 km / 1.1 mi <br /> </p><p>The nearest airports are:<br />Ronald Reagan Washington National Airport (DCA) - 9 km / 5.6 mi<br /> Baltimore Washington Intl. Airport (BWI) - 51.1 km / 31.8 mi<br /> Washington Dulles Intl. Airport (IAD) - 42.5 km / 26.4 mi<br /> College Park  MD (CGS) - 19.9 km / 12.4 mi<br /> Gaithersburg  MD (GAI-Montgomery County Airpark) - 38.5 km / 23.9 mi<br /> </p><p></p>,1515 Rhode Island Avenue Nw WashingtonDistrict of Columbia 20005-5595 ,20005,2022327000,http://www.thedarcyhotel.com
District of Columbia,,38.902818,-77.031908,Hamilton Hotel Washington DC,4.0,"<p>HeadLine : Near White House</p><p>Location : With a stay at Hamilton Hotel Washington DC, you ll be centrally located in Washington, a 10-minute walk from White House and 11 minutes by foot from Walter E. Washington Convention Center.  This 4-star hotel is 0.8 mi (1.2 km) from National Mall and 0.9 mi (1.4 km) from Capital One Arena.</p><p>Rooms : Make yourself at home in one of the 318 air-conditioned rooms featuring refrigerators. Your room comes with a pillowtop bed. Complimentary wireless Internet access keeps you connected, and cable programming is available for your entertainment. Private bathrooms with shower/tub combinations feature complimentary toiletries and hair dryers.</p><p>Dining : Enjoy a satisfying meal at Via Sophia serving guests of Hamilton Hotel Washington DC. Quench your thirst with your favorite drink at the bar/lounge. Cooked-to-order breakfasts are available daily from 7:00 AM to 11:00 AM for a fee.</p><p>CheckIn Instructions : <ul>  <li>Extra-person charges may apply and vary depending on property policy</li><li>Government-issued photo identification and a credit card, debit card, or cash deposit may be required at check-in for incidental charges</li><li>Special requests are subject to availability upon check-in and may incur additional charges; special requests cannot be guaranteed</li><li>This property accepts credit cards and debit cards; cash is not accepted</li><li>This property reserves the right to pre-authorize the guest s credit card prior to arrival.</li><li>Safety features at this property include a smoke detector</li><li>Please note that cultural norms and guest policies may differ by country and by property; the policies listed are provided by the property</li>  </ul> <ul>  <li>This property will place a credit card authorization for one night room and tax for any bookings where payment for the stay will be made on site instead of at the time of booking.</li>  </ul></p><p>Special Instructions : Front desk staff will greet guests on arrival. For more details, please contact the property using the information on the booking confirmation.</p>",Concierge services Luggage storage Wheelchair-accessible on-site restaurant Visual alarms in hallways Multilingual staff Business center Handrails in stairways 24-hour front desk Breakfast available (surcharge) Wheelchair-accessible meeting spaces/business center Safe-deposit box at front desk Laundry facilities elevator Fitness facilities Valet parking (surcharge) Terrace Tours/ticket assistance Accessible bathroom (in select rooms) Dry cleaning/laundry service Banquet hall Wheelchair accessible (may have limitations) Ballroom Covered parking Wheelchair-accessible concierge desk secured parking Wheelchair-accessible path to elevator Wheelchair-accessible registration desk Wheelchair-accessible fitness center Free WiFi Number of bars/lounges - 1 Braille or raised signage Well-lit path to entrance Internet access in public areas - surcharge Assistive listening devices available In-room accessibility (in select rooms) Internet access in public areas - high speed Stair-free path to entrance Roll-in shower (in select rooms) Internet access - wireless,Distances are displayed to the nearest 0.1 mile and kilometer. <br /> <p>K Street - 0.4 km / 0.3 mi <br /> Lafayette Square - 0.5 km / 0.3 mi <br /> CityCenterDC - 0.6 km / 0.4 mi <br /> Embassy Row - 0.8 km / 0.5 mi <br /> White House - 0.8 km / 0.5 mi <br /> National Geographic Museum - 0.8 km / 0.5 mi <br /> Warner Theatre - 0.9 km / 0.5 mi <br /> Walter E. Washington Convention Center - 0.9 km / 0.6 mi <br /> National Theatre - 0.9 km / 0.6 mi <br /> Smithsonian Institution - 0.9 km / 0.6 mi <br /> Ford s Theater - 1.1 km / 0.7 mi <br /> Martin Luther King Jr. Memorial Library - 1.2 km / 0.7 mi <br /> World Bank - 1.2 km / 0.7 mi <br /> National Mall - 1.2 km / 0.8 mi <br /> Smithsonian American Art Museum - 1.2 km / 0.8 mi <br /> </p><p>The nearest airports are:<br />Ronald Reagan Washington National Airport (DCA) - 8.3 km / 5.1 mi<br /> Baltimore Washington Intl. Airport (BWI) - 50.8 km / 31.5 mi<br /> Washington Dulles Intl. Airport (IAD) - 45.1 km / 28 mi<br /> College Park  MD (CGS) - 19.5 km / 12.1 mi<br /> Fort Meade  MD (FME-Tipton) - 36.6 km / 22.7 mi<br /> </p><p>The preferred airport for Hamilton Hotel Washington DC is Ronald Reagan Washington National Airport (DCA). </p>,1001 14Th Street Northwest WashingtonDistrict of Columbia 20005 ,20005,2026820111,http://hamiltonhoteldc.com/
District of Columbia,,38.9047,-77.05725,Four Seasons Hotel Washington DC,,"<p>HeadLine : In Washington (Georgetown)</p><p>Location : With a stay at Four Seasons Hotel Washington DC, you ll be centrally located in Washington, within a 5-minute drive of National Mall and White House.  This 5-star aparthotel is 2.1 mi (3.4 km) from National Museum of African American History and Culture and 0.8 mi (1.3 km) from George Washington University.</p><p>Rooms : Make yourself at home in one of the 222 guestrooms featuring iPod docking stations and minibars. Your pillowtop bed comes with down comforters and premium bedding. LCD televisions with cable programming provide entertainment, while complimentary wireless Internet access keeps you connected. Private bathrooms with bathtubs or showers feature designer toiletries and hair dryers.</p><p>Dining : Grab a bite at one of the aparthotel s 2 restaurants, or stay in and take advantage of the 24-hour room service. Wrap up your day with a drink at the bar/lounge.</p><p>CheckIn Instructions : <ul>  <li>Extra-person charges may apply and vary depending on property policy</li><li>Government-issued photo identification and a credit card may be required at check-in for incidental charges</li><li>Special requests are subject to availability upon check-in and may incur additional charges; special requests cannot be guaranteed</li><li>This property accepts credit cards, debit cards, and cash</li><li>Please note that cultural norms and guest policies may differ by country and by property; the policies listed are provided by the property</li>  </ul></p><p>Special Instructions : Front desk staff will greet guests on arrival.</p>",Dry cleaning/laundry service Babysitting or childcare (surcharge) Number of meeting rooms - 7 Conference space size (meters) - 1278 Limo or Town Car service available Free WiFi Number of bars/lounges - 1 Number of spa tubs - 1 Assistive listening devices available Number of indoor pools - 1 In-room accessibility (in select rooms) Bicycle rentals nearby Wheelchair accessible parking Roll-in shower (in select rooms) Tours/ticket assistance Accessible bathroom (in select rooms) Wheelchair-accessible on-site restaurant Visual alarms in hallways Multilingual staff Electric car charging station Wheelchair-accessible meeting spaces/business center Coffee/tea in common areas Laundry facilities elevator Fitness facilities Wheelchair accessible (may have limitations) Wheelchair-accessible concierge desk Food and water bowls Express check-in Wheelchair-accessible path to elevator Wheelchair-accessible registration desk Wheelchair-accessible fitness center Wheelchair-accessible public washroom Spa treatment room(s) Gift shops or newsstand Garden Free newspapers in lobby Full-service spa Wedding services 24-hour fitness facilities 24-hour health club Luggage storage Express check-out Porter/bellhop Business center 24-hour front desk Golfing nearby Safe-deposit box at front desk Smoke-free property Hiking/biking trails nearby Sauna Steam room Conference space Valet parking (surcharge) Hair salon Computer station Terrace Wheelchair accessible path of travel Conference space size (feet) - 14200 Concierge services 24-hour business center,Distances are displayed to the nearest 0.1 mile and kilometer. <br /> <p>Georgetown Waterfront Park - 0.7 km / 0.4 mi <br /> Watergate Complex - 1 km / 0.6 mi <br /> George Washington University Hospital - 1 km / 0.6 mi <br /> Embassy Row - 1.3 km / 0.8 mi <br /> George Washington University - 1.4 km / 0.9 mi <br /> Kennedy Center - 1.4 km / 0.9 mi <br /> Embassy of Haiti - 1.5 km / 0.9 mi <br /> Georgetown University - 1.5 km / 1 mi <br /> Dupont Circle - 1.6 km / 1 mi <br /> World Bank - 1.7 km / 1.1 mi <br /> National Mall - 1.9 km / 1.2 mi <br /> Smithsonian Institution - 2.1 km / 1.3 mi <br /> K Street - 2.2 km / 1.4 mi <br /> Lafayette Square - 2.2 km / 1.4 mi <br /> Vietnam Veterans Memorial - 2.3 km / 1.4 mi <br /> </p><p>The nearest airports are:<br />Ronald Reagan Washington National Airport (DCA) - 10.2 km / 6.3 mi<br /> Baltimore Washington Intl. Airport (BWI) - 58.9 km / 36.6 mi<br /> Washington Dulles Intl. Airport (IAD) - 40.5 km / 25.2 mi<br /> College Park  MD (CGS) - 27.7 km / 17.2 mi<br /> Gaithersburg  MD (GAI-Montgomery County Airpark) - 37.6 km / 23.4 mi<br /> </p><p>The preferred airport for Four Seasons Hotel Washington DC is Ronald Reagan Washington National Airport (DCA). </p>,Pennsylvania Avenue Northwest 2800 Washington D.C.District of Columbia 20007 ,20007,2023420444,http://www.fourseasons.com/washington/
District of Columbia,,38.89618,-77.00993,The George,4.0,"<p>HeadLine : Near Union Station Shopping Center</p><p>Location : Centrally located in Washington, Kimpton George Hotel, an IHG Hotel is within a 15-minute walk of Capital One Arena and Supreme Court of the United States.  This 4.5-star hotel is 0.8 mi (1.3 km) from Smithsonian American Art Museum and 0.8 mi (1.4 km) from National Mall.</p><p>Rooms : Make yourself at home in one of the 139 guestrooms featuring minibars and LED televisions. Your bed comes with down comforters and Frette Italian sheets. Satellite programming and video-game consoles are provided for your entertainment, while wireless Internet access (surcharge) keeps you connected. Private bathrooms with shower/tub combinations feature designer toiletries and hair dryers.</p><p>Dining : Grab a bite to eat at Bistro Bis, a bistro which features a bar/lounge, or stay in and take advantage of the room service (during limited hours). Mingle with other guests at the complimentary reception, held daily. Cooked-to-order breakfasts are served on weekdays from 8:00 AM to 10:00 AM and on weekends from 10:00 AM to 1:00 PM for a fee.</p><p>CheckIn Instructions : <ul>  <li>Extra-person charges may apply and vary depending on property policy</li><li>Government-issued photo identification and a credit card, debit card, or cash deposit may be required at check-in for incidental charges</li><li>Special requests are subject to availability upon check-in and may incur additional charges; special requests cannot be guaranteed</li><li>Special cancellation policies or charges may apply for group reservations (more than 8 rooms for the same property / stay dates)</li><li>This property accepts credit cards and debit cards; cash is not accepted</li><li>This property uses eco-friendly cleaning products</li><li>Please note that cultural norms and guest policies may differ by country and by property; the policies listed are provided by the property</li>  </ul></p><p>Special Instructions : Front desk staff will greet guests on arrival.  Guests booked in breakfast included rate plans receive breakfast for up to 2 adults who are sharing a guestroom. Breakfast fees apply for additional guests. Guests booked in dinner included rate plans receive dinner for up to 2 adults who are sharing a guestroom. Dinner fees apply for additional guests.</p>",Dry cleaning/laundry service Eco-friendly cleaning products used Free reception WiFi (surcharge) Number of bars/lounges - 1 Bicycle parking available Braille or raised signage Assistive listening devices available In-room accessibility (in select rooms) Wheelchair accessible parking Roll-in shower (in select rooms) Accessible bathroom (in select rooms) Comprehensive food waste policy Eco-friendly toiletries Eco-friendly cleaning products provided Energy-saving features in guest rooms Recycling LED light bulbs Vegan menu options available Wheelchair-accessible on-site restaurant Vegetarian menu options available Visual alarms in hallways Multilingual staff Handrails in stairways Electric car charging station Breakfast available (surcharge) Wheelchair-accessible meeting spaces/business center elevator Fitness facilities Wheelchair accessible (may have limitations) Showcase for local artists Wheelchair-accessible concierge desk Reception hall Locally-owned & organized tours & activities Meeting rooms Wheelchair-accessible path to elevator Wheelchair-accessible registration desk Wheelchair-accessible fitness center Wheelchair-accessible public washroom Well-lit path to entrance Stair-free path to entrance Free newspapers in lobby 24-hour fitness facilities Free bicycles on site Water-efficient toilets only Luggage storage Water-efficient showers only Express check-out Porter/bellhop Business center 24-hour front desk Safe-deposit box at front desk Smoke-free property Hiking/biking trails nearby Conference space Valet parking (surcharge) ATM/banking Concierge services,Distances are displayed to the nearest 0.1 mile and kilometer. <br /> <p>Smithsonian Institution - 0.3 km / 0.2 mi <br /> Union Station Shopping Center - 0.3 km / 0.2 mi <br /> United States Capitol - 0.9 km / 0.6 mi <br /> Capital One Arena - 1 km / 0.6 mi <br /> Supreme Court of the United States - 1 km / 0.6 mi <br /> National Mall - 1.1 km / 0.7 mi <br /> Library of Congress - 1.1 km / 0.7 mi <br /> Smithsonian American Art Museum - 1.2 km / 0.8 mi <br /> National Portrait Gallery - 1.2 km / 0.8 mi <br /> National Gallery of Art - 1.3 km / 0.8 mi <br /> National Archives - 1.3 km / 0.8 mi <br /> Ford s Theater - 1.4 km / 0.9 mi <br /> Martin Luther King Jr. Memorial Library - 1.5 km / 0.9 mi <br /> CityCenterDC - 1.5 km / 0.9 mi <br /> National Air and Space Museum - 1.7 km / 1 mi <br /> </p><p>The nearest airports are:<br />Ronald Reagan Washington National Airport (DCA) - 9.6 km / 5.9 mi<br /> Baltimore Washington Intl. Airport (BWI) - 49.8 km / 31 mi<br /> Washington Dulles Intl. Airport (IAD) - 45.7 km / 28.4 mi<br /> College Park  MD (CGS) - 18.6 km / 11.6 mi<br /> Fort Meade  MD (FME-Tipton) - 36 km / 22.3 mi<br /> </p><p>The preferred airport for Kimpton George Hotel  an IHG Hotel is Ronald Reagan Washington National Airport (DCA). </p>,15 E Street Nw WashingtonDistrict of Columbia 20001 ,20001,2023474200,http://www.hotelgeorge.com
District of Columbia,,38.90507,-77.031589,"HOTEL ZENA, A VICEROY URBAN RETREAT (EX-THE DONOVAN - A KIMPTON HOTEL)",4.0,"<p>HeadLine : Near White House</p><p>Location : A stay at Hotel Zena, a Viceroy Urban Retreat places you in the heart of Washington, within a 15-minute walk of White House and Walter E. Washington Convention Center.  This 4-star hotel is 0.7 mi (1.1 km) from Smithsonian Institution and 1.1 mi (1.7 km) from National Mall.</p><p>Rooms : Make yourself at home in one of the 191 guestrooms featuring iPod docking stations and Smart televisions. Your pillowtop bed comes with down comforters and Frette Italian sheets. Satellite programming and smart speakers are provided for your entertainment, while wireless Internet access (surcharge) keeps you connected. Bathrooms have designer toiletries and hair dryers.</p><p>Dining : At Hotel Zena, a Viceroy Urban Retreat, enjoy a satisfying meal at the restaurant. Quench your thirst with your favorite drink at the bar/lounge. Cooked-to-order breakfasts are served on weekdays from 6:30 AM to 10:30 AM and on weekends from 7:00 AM to 11:00 AM for a fee.</p><p>Renovations : The following facilities are closed seasonally each year. They will be closed from September 25 to May 29:<ul><li>Swimming pool</li></ul></p><p>CheckIn Instructions : <ul>  <li>Extra-person charges may apply and vary depending on property policy</li><li>Government-issued photo identification and a credit card may be required at check-in for incidental charges</li><li>Special requests are subject to availability upon check-in and may incur additional charges; special requests cannot be guaranteed</li><li>The name on the credit card used at check-in to pay for incidentals must be the primary name on the guestroom reservation</li><li>Special cancellation policies or charges may apply for group reservations (more than 8 rooms for the same property / stay dates)</li><li>This property accepts credit cards; cash is not accepted</li><li>Safety features at this property include a carbon monoxide detector, a fire extinguisher, a smoke detector, a security system, a first aid kit, and window guards</li>  </ul></p><p>Special Instructions : Front desk staff will greet guests on arrival.</p>",Dry cleaning/laundry service Long-term parking (surcharge) Proposal/romance packages available Number of meeting rooms - 5 Conference space size (meters) - 346 Swimming pool WiFi (surcharge) Number of bars/lounges - 1 Braille or raised signage Assistive listening devices available In-room accessibility (in select rooms) Wheelchair accessible parking Roll-in shower (in select rooms) Tours/ticket assistance Accessible bathroom (in select rooms) Eco-friendly toiletries Wheelchair-accessible lounge Wheelchair-accessible on-site restaurant Visual alarms in hallways Multilingual staff Handrails in stairways Electric car charging station Breakfast available (surcharge) Wheelchair-accessible meeting spaces/business center Segway rental/tour nearby Ecotours nearby Coffee/tea in common areas elevator Fitness facilities secured parking Banquet hall Wheelchair accessible (may have limitations) Ballroom Covered parking Covered parking Wheelchair-accessible concierge desk Food and water bowls Reception hall secured parking Wheelchair-accessible van parking Assistive listening devices in meeting rooms Wheelchair-accessible path to elevator Valet for wheelchair-equipped vehicle Wheelchair-accessible registration desk Pool hoist on site Television in common areas Wheelchair-accessible fitness center Wheelchair-accessible pool Wheelchair-accessible public washroom Well-lit path to entrance Stair-free path to entrance Wedding services 24-hour fitness facilities Art gallery on site Luggage storage Express check-out Coin laundry on site 24-hour front desk Scooter/moped rentals nearby Golfing nearby Smoke-free property Hiking/biking trails nearby Conference space Valet parking (surcharge) ATM/banking Wheelchair accessible path of travel Access to nearby outdoor pool Conference space size (feet) - 3726 Concierge services,Distances are displayed to the nearest 0.1 mile and kilometer. <br /> <p>Embassy Row - 0.6 km / 0.3 mi <br /> K Street - 0.6 km / 0.4 mi <br /> National Geographic Museum - 0.7 km / 0.4 mi <br /> Lafayette Square - 0.7 km / 0.4 mi <br /> CityCenterDC - 0.8 km / 0.5 mi <br /> Walter E. Washington Convention Center - 0.8 km / 0.5 mi <br /> White House - 1 km / 0.6 mi <br /> Warner Theatre - 1.1 km / 0.7 mi <br /> National Theatre - 1.1 km / 0.7 mi <br /> Smithsonian Institution - 1.1 km / 0.7 mi <br /> Dupont Circle - 1.2 km / 0.7 mi <br /> Martin Luther King Jr. Memorial Library - 1.3 km / 0.8 mi <br /> Ford s Theater - 1.4 km / 0.9 mi <br /> Smithsonian American Art Museum - 1.4 km / 0.9 mi <br /> National Portrait Gallery - 1.4 km / 0.9 mi <br /> </p><p>The nearest airports are:<br />Ronald Reagan Washington National Airport (DCA) - 8.8 km / 5.5 mi<br /> Baltimore Washington Intl. Airport (BWI) - 50.7 km / 31.5 mi<br /> Washington Dulles Intl. Airport (IAD) - 42.8 km / 26.6 mi<br /> College Park  MD (CGS) - 19.5 km / 12.1 mi<br /> Gaithersburg  MD (GAI-Montgomery County Airpark) - 39.9 km / 24.8 mi<br /> </p><p></p>,1155 14th St Nw WashingtonDistrict of Columbia 20005 ,20005,2027371200,http://www.donovanhousehotel.com/
District of Columbia,,38.925713,-77.053888,Washington Marriott Wardman Park,4.0,"<p>HeadLine : Near Smithsonian s National Zoo</p><p>Location : With a stay at Washington Marriott Wardman Park in Washington (Woodley Park), you ll be within a 5-minute drive of White House and Washington National Cathedral.  This 4-star hotel is 1.1 mi (1.8 km) from Smithsonian s National Zoo and 2.1 mi (3.4 km) from George Washington University.</p><p>Rooms : Make yourself at home in one of the 1153 guestrooms featuring refrigerators and iPod docking stations. Your bed comes with down comforters and premium bedding. Wireless Internet access (surcharge) keeps you connected, and cable programming is available for your entertainment. Bathrooms feature shower/tub combinations, complimentary toiletries, and hair dryers.</p><p>Dining : Enjoy American cuisine at Stone s Throw Restaurant , one of the hotel s 3 restaurants, or stay in and take advantage of the 24-hour room service. Snacks are also available at the coffee shop/café. Relax with a refreshing drink at one of the 3 bars/lounges. Buffet breakfasts are available daily from 6 AM to noon for a fee.</p><p>Renovations : This property is closed from March 23 2020 to February 1 2021 (dates subject to change).</p><p>CheckIn Instructions : Extra-person charges may apply and vary depending on property policy Government-issued photo identification and a credit card may be required at check-in for incidental charges Special requests are subject to availability upon check-in and may incur additional charges; special requests cannot be guaranteed This property accepts credit cards; cash is not accepted Please note that cultural norms and guest policies may differ by country and by property; the policies listed are provided by the property</p><p>Special Instructions : This property doesn t offer after-hours check-in. Front desk staff will greet guests on arrival. For more details, please contact the property using the information on the booking confirmation.  Guests who book breakfast inclusive rate plans will receive breakfast for 2 adults only.</p>",Wheelchair-accessible on-site restaurant Express check-in Visual alarms in hallways elevator 24-hour front desk Business center Express check-out Dry cleaning/laundry service Self parking (surcharge) Valet parking (surcharge) Computer station Swimming pool Conference space size (meters) - 18229 Number of meeting rooms - 64 Terrace ATM/banking Concierge services Gift shops or newsstand Conference center Snack bar/deli Shopping on site Wheelchair accessible (may have limitations) Pool umbrellas Number of bars/lounges - 3 Conference space Grocery/convenience store Coffee shop or café Steam room Free WiFi Pool sun loungers Sauna Smoke-free property Outdoor seasonal pool Hiking/biking trails nearby Safe-deposit box at front desk Breakfast available (surcharge) Conference space size (feet) - 196222 Ballroom Banquet hall Wheelchair accessible path of travel Accessible bathroom 24-hour fitness facilities Roll-in shower Wheelchair accessible parking Wedding services In-room accessibility Garden Multilingual staff Wheelchair-accessible registration desk Wheelchair-accessible fitness center Free newspapers in lobby Wheelchair-accessible meeting spaces/business center,Distances are displayed to the nearest 0.1 mile and kilometer. <br /> <p>Smithsonian s National Zoo - 1.7 km / 1.1 mi <br /> Washington National Cathedral - 1.7 km / 1.1 mi <br /> Embassy of India - 1.9 km / 1.2 mi <br /> Dupont Circle - 2.3 km / 1.5 mi <br /> Lincoln Theater - 2.9 km / 1.8 mi <br /> George Washington University Hospital - 3.2 km / 2 mi <br /> Howard University - 3.3 km / 2.1 mi <br /> Embassy of France - 3.4 km / 2.1 mi <br /> Georgetown University - 3.4 km / 2.1 mi <br /> World Bank - 3.6 km / 2.2 mi <br /> George Washington University - 3.7 km / 2.3 mi <br /> Watergate Complex - 3.7 km / 2.3 mi <br /> Lafayette Square - 3.7 km / 2.3 mi <br /> Georgetown Waterfront Park - 3.8 km / 2.3 mi <br /> American University - 3.8 km / 2.3 mi <br /> </p><p>The nearest airports are:<br />Ronald Reagan Washington National Airport (DCA) - 12.8 km / 8 mi<br /> Baltimore Washington Intl. Thurgood Marshall Airport (BWI) - 61.4 km / 38.2 mi<br /> Washington Dulles Intl. Airport (IAD) - 45.5 km / 28.3 mi<br /> College Park  MD (CGS) - 30.2 km / 18.8 mi<br /> Gaithersburg  MD (GAI-Montgomery County Airpark) - 35.5 km / 22 mi<br /> </p><p>The preferred airport for Washington Marriott Wardman Park is Ronald Reagan Washington National Airport (DCA). </p>,2660 Woodley Road Northwest WashingtonDistrict of Columbia 20008 ,20008,2023282000,http://www.marriott.com/hotels/travel/wasdt-washington-marriott-wardma
District of Columbia,,38.906124,-77.0058,Hilton Garden Inn Washington D.C. U.S. Capitol,3.0,"<p>HeadLine : Near Union Station Shopping Center</p><p>Location : With a stay at Hilton Garden Inn Washington DC/U.S. Capitol, you ll be centrally located in Washington, a 9-minute walk from Gallaudet University and 12 minutes by foot from Union Station Shopping Center.  This aparthotel is 1.2 mi (1.9 km) from Walter E. Washington Convention Center and 1.3 mi (2.1 km) from Capital One Arena.</p><p>Rooms : Make yourself at home in one of the 204 air-conditioned rooms featuring refrigerators and microwaves. Wired and wireless Internet access is complimentary, while 32-inch flat-screen televisions with satellite programming provide entertainment. Private bathrooms with shower/tub combinations feature complimentary toiletries and hair dryers. Conveniences include laptop-compatible safes and desks, as well as phones with free local calls.</p><p>Dining : Enjoy American cuisine at Garden Grill, a restaurant which features a bar/lounge, or stay in and take advantage of the room service (during limited hours).</p><p>CheckIn Instructions : <ul>  <li>Extra-person charges may apply and vary depending on property policy</li><li>Government-issued photo identification and a credit card, debit card, or cash deposit may be required at check-in for incidental charges</li><li>Special requests are subject to availability upon check-in and may incur additional charges; special requests cannot be guaranteed</li><li>This property accepts credit cards, debit cards, and cash</li>  </ul></p><p>Special Instructions : Front desk staff will greet guests on arrival.</p>",Valet parking (surcharge) Terrace ATM/banking Wheelchair accessible path of travel 24-hour business center Gift shops or newsstand Dry cleaning/laundry service Number of meeting rooms - 4 Swimming pool Free wired Internet Limo or Town Car service available Free WiFi Number of bars/lounges - 1 Number of spa tubs - 1 Braille or raised signage Assistive listening devices available Number of indoor pools - 1 In-room accessibility (in select rooms) Bicycle rentals nearby Roll-in shower (in select rooms) Tours/ticket assistance Accessible bathroom (in select rooms) Wheelchair-accessible on-site restaurant Multilingual staff Electric car charging station Wheelchair-accessible meeting spaces/business center Number of coffee shops/cafes - 1 Laundry facilities elevator Fitness facilities Banquet hall Wheelchair accessible Covered parking Reception hall secured parking Express check-in Wheelchair-accessible path to elevator Valet for wheelchair-equipped vehicle Wheelchair-accessible registration desk Television in common areas Wheelchair-accessible fitness center Wheelchair-accessible pool Well-lit path to entrance Stair-free path to entrance Free newspapers in lobby Wedding services 24-hour fitness facilities Boat tours nearby Express check-out Coin laundry on site 24-hour front desk Scooter/moped rentals nearby Golfing nearby Safe-deposit box at front desk Smoke-free property,Distances are displayed to the nearest 0.1 mile and kilometer. <br /> <p>Gallaudet University - 0.8 km / 0.5 mi <br /> Smithsonian Institution - 1 km / 0.6 mi <br /> Union Station Shopping Center - 1 km / 0.6 mi <br /> Union Market - 1 km / 0.6 mi <br /> Walter E. Washington Convention Center - 1.8 km / 1.1 mi <br /> CityCenterDC - 1.9 km / 1.2 mi <br /> Supreme Court of the United States - 2 km / 1.2 mi <br /> United States Capitol - 2 km / 1.2 mi <br /> Library of Congress - 2.1 km / 1.3 mi <br /> Smithsonian American Art Museum - 2.1 km / 1.3 mi <br /> National Portrait Gallery - 2.1 km / 1.3 mi <br /> Capital One Arena - 2.1 km / 1.3 mi <br /> Howard University - 2.2 km / 1.4 mi <br /> Martin Luther King Jr. Memorial Library - 2.2 km / 1.4 mi <br /> National Mall - 2.3 km / 1.4 mi <br /> </p><p>The nearest airports are:<br />Ronald Reagan Washington National Airport (DCA) - 11.3 km / 7 mi<br /> Baltimore Washington Intl. Airport (BWI) - 48.5 km / 30.1 mi<br /> Washington Dulles Intl. Airport (IAD) - 50.7 km / 31.5 mi<br /> College Park  MD (CGS) - 17.3 km / 10.7 mi<br /> Fort Meade  MD (FME-Tipton) - 34.5 km / 21.4 mi<br /> </p><p>The preferred airport for Hilton Garden Inn Washington DC/U.S. Capitol is Ronald Reagan Washington National Airport (DCA). </p>,1225 First Street Northeast WashingtonDistrict of Columbia 20002 ,20002,2024084870,http://www.hiltongardeninn.com/en/gi/hotels/index.jhtml?ctyhocn=DCANMGI
District of Columbia,,38.92336,-77.05433,Omni Shoreham Hotel,4.0,"<p>HeadLine : Near Smithsonian s National Zoo</p><p>Location : With a stay at Omni Shoreham Hotel in Washington (Northwest), you ll be 11 minutes by foot from Smithsonian s National Zoo.  This 4-star hotel is 2.5 mi (4 km) from White House and 2.8 mi (4.4 km) from National Mall.</p><p>Rooms : Make yourself at home in one of the 832 individually decorated guestrooms, featuring MP3 docking stations and flat-screen televisions. Your bed comes with down comforters and premium bedding. Wireless Internet access (surcharge) keeps you connected, and digital programming is available for your entertainment. Private bathrooms with shower/tub combinations feature complimentary toiletries and hair dryers.</p><p>Dining : Enjoy Regional cuisine at Roberts, a restaurant where you can take in the garden view and dine alfresco. Or stay in and take advantage of the room service (during limited hours). Relax with a refreshing drink from the poolside bar or one of the 2 bars/lounges. Full breakfasts are served on weekdays from 7:00 AM to 11:30 AM and on weekends from 7:00 AM to 11:30 AM for a fee.</p><p>Renovations : The following facilities are closed seasonally each year. They will be closed from October 31 to May 30:<ul><li>Bar/Lounge</li><li>Swimming pool</li></ul></p><p>CheckIn Instructions : <ul>  <li>Extra-person charges may apply and vary depending on property policy</li><li>Government-issued photo identification and a credit card, debit card, or cash deposit may be required at check-in for incidental charges</li><li>Special requests are subject to availability upon check-in and may incur additional charges; special requests cannot be guaranteed</li><li>The name on the credit card used at check-in to pay for incidentals must be the primary name on the guestroom reservation</li><li>Guests must contact this property in advance to reserve cribs/infant beds and rollaway/extra beds</li><li>This property accepts credit cards, debit cards, and cash</li><li>Please note that cultural norms and guest policies may differ by country and by property; the policies listed are provided by the property</li>  </ul></p><p>Special Instructions : Front desk staff will greet guests on arrival.  Guests booked in a Breakfast Included rate plan receive breakfast for registered guests only.</p>",Gift shops or newsstand Dry cleaning/laundry service Shopping on site Pool umbrellas Conference space size (meters) - 9290 Limo or Town Car service available Number of bars/lounges - 2 Number of spa tubs - 1 Number of poolside bars - 1 Number of outdoor pools - 1 Assistive listening devices available In-room accessibility (in select rooms) Wheelchair accessible parking Roll-in shower (in select rooms) Tours/ticket assistance Accessible bathroom (in select rooms) Eco-friendly toiletries Multilingual staff Conference center Breakfast available (surcharge) Number of coffee shops/cafes - 1 Laundry facilities elevator Fitness facilities Ballroom secured parking Meeting rooms Garden Picnic area Internet access in public areas - high speed Wedding services 24-hour fitness facilities Boat tours nearby 24-hour health club Luggage storage Express check-out Porter/bellhop Business center 24-hour front desk Spa services on site Outdoor seasonal pool Safe-deposit box at front desk Smoke-free property Children's pool Use of nearby fitness center (discount) Conference space Self parking (surcharge) Valet parking (surcharge) Computer station Terrace ATM/banking Wheelchair accessible path of travel Pool sun loungers Conference space size (feet) - 99998 Concierge services,Distances are displayed to the nearest 0.1 mile and kilometer. <br /> <p>Smithsonian s National Zoo - 0.9 km / 0.6 mi <br /> Embassy Row - 1.1 km / 0.7 mi <br /> Rock Creek Park - 1.2 km / 0.7 mi <br /> Embassy of Haiti - 1.8 km / 1.1 mi <br /> Washington National Cathedral - 2 km / 1.3 mi <br /> Dupont Circle - 2.2 km / 1.4 mi <br /> Georgetown Waterfront Park - 3.1 km / 1.9 mi <br /> Georgetown University - 3.1 km / 1.9 mi <br /> Howard University - 3.1 km / 1.9 mi <br /> George Washington University Hospital - 3.4 km / 2.1 mi <br /> K Street - 3.4 km / 2.1 mi <br /> Lafayette Square - 3.5 km / 2.2 mi <br /> World Bank - 3.5 km / 2.2 mi <br /> Smithsonian Institution - 3.7 km / 2.3 mi <br /> American University - 3.7 km / 2.3 mi <br /> </p><p>The nearest airports are:<br />Ronald Reagan Washington National Airport (DCA) - 12.9 km / 8 mi<br /> Baltimore Washington Intl. Airport (BWI) - 62.4 km / 38.8 mi<br /> Washington Dulles Intl. Airport (IAD) - 42.6 km / 26.5 mi<br /> College Park  MD (CGS) - 17.6 km / 10.9 mi<br /> Gaithersburg  MD (GAI-Montgomery County Airpark) - 36.1 km / 22.4 mi<br /> </p><p></p>,2500 Calvert St Nw WashingtonDistrict of Columbia 20008 ,20008,2022340700,http://www.omnihotels.com/hotels/washington-dc-shoreham
District of Columbia,,38.89983,-77.01891,Fairfield Inn & Suites Washington DC Downtown,3.0,"<p>HeadLine : Near Capital One Arena</p><p>Location : Fairfield Inn & Suites by Marriott Washington, DC/Downtown is centrally located in Washington, a 4-minute walk from Capital One Arena and 9 minutes by foot from Walter E. Washington Convention Center.  This hotel is 1.2 mi (1.9 km) from Museum of the Bible and 1.3 mi (2.1 km) from White House.</p><p>Rooms : Make yourself at home in one of the 198 guestrooms featuring microwaves and LCD televisions. Your pillowtop bed comes with premium bedding, and all rooms are furnished with double sofa beds. Complimentary wired and wireless Internet access keeps you connected, and cable programming provides entertainment. Private bathrooms with shower/tub combinations feature complimentary toiletries and hair dryers.</p><p>Dining : You can enjoy a meal at the restaurant serving the guests of Fairfield Inn & Suites by Marriott Washington, DC/Downtown, or stop in at the snack bar/deli. Wrap up your day with a drink at the bar/lounge. A complimentary buffet breakfast is served daily.</p><p>CheckIn Instructions : <ul>  <li>Extra-person charges may apply and vary depending on property policy</li><li>Government-issued photo identification and a credit card, debit card, or cash deposit may be required at check-in for incidental charges</li><li>Special requests are subject to availability upon check-in and may incur additional charges; special requests cannot be guaranteed</li><li>This property accepts credit cards; cash is not accepted</li><li>Safety features at this property include a carbon monoxide detector, a fire extinguisher, a smoke detector, a security system, a first aid kit, and window guards</li>  </ul></p><p>Special Instructions : Front desk staff will greet guests on arrival.</p>",Smoke-free property Coffee/tea in common areas Snack bar/deli Laundry facilities elevator Dry cleaning/laundry service Fitness facilities Wheelchair accessible (may have limitations) Valet parking (surcharge) Vending machine Computer station Wheelchair-accessible van parking Terrace Valet for wheelchair-equipped vehicle ATM/banking Free wired Internet Wheelchair accessible path of travel Wheelchair-accessible registration desk Concierge services Television in common areas Wheelchair-accessible fitness center Free WiFi Number of bars/lounges - 1 Braille or raised signage Assistive listening devices available In-room accessibility (in select rooms) Wheelchair accessible parking Free newspapers in lobby Roll-in shower (in select rooms) Tours/ticket assistance Accessible bathroom (in select rooms) 24-hour fitness facilities Free Buffet Breakfast Luggage storage Wheelchair-accessible on-site restaurant Free breakfast Express check-out Grocery/convenience store Coin laundry on site Visual alarms in hallways Multilingual staff 24-hour front desk Daily Safe-deposit box at front desk,Distances are displayed to the nearest 0.1 mile and kilometer. <br /> <p>Capital One Arena - 0.3 km / 0.2 mi <br /> CityCenterDC - 0.5 km / 0.3 mi <br /> Smithsonian American Art Museum - 0.5 km / 0.3 mi <br /> National Portrait Gallery - 0.5 km / 0.3 mi <br /> Martin Luther King Jr. Memorial Library - 0.6 km / 0.4 mi <br /> Walter E. Washington Convention Center - 0.8 km / 0.5 mi <br /> National Gallery of Art - 0.9 km / 0.6 mi <br /> Ford s Theater - 0.9 km / 0.6 mi <br /> National Archives - 1 km / 0.6 mi <br /> National Mall - 1 km / 0.6 mi <br /> Smithsonian Institution - 1.1 km / 0.7 mi <br /> Union Station Shopping Center - 1.1 km / 0.7 mi <br /> Warner Theatre - 1.3 km / 0.8 mi <br /> National Theatre - 1.4 km / 0.9 mi <br /> Lafayette Square - 1.5 km / 0.9 mi <br /> </p><p>The nearest airports are:<br />Ronald Reagan Washington National Airport (DCA) - 10.1 km / 6.3 mi<br /> Baltimore Washington Intl. Airport (BWI) - 49.9 km / 31 mi<br /> Washington Dulles Intl. Airport (IAD) - 43.4 km / 26.9 mi<br /> College Park  MD (CGS) - 23.5 km / 14.6 mi<br /> Fort Meade  MD (FME-Tipton) - 35.7 km / 22.2 mi<br /> </p><p>The preferred airport for Fairfield Inn & Suites by Marriott Washington  DC/Downtown is Ronald Reagan Washington National Airport (DCA). </p>,500 H Street Nw WashingtonDistrict of Columbia 20001 ,20001,2022895959,http://www.marriott.com/hotels/travel/wasfc-fairfield-inn-and-suites-washington-dc-downtown/
District of Columbia,,38.90439,-77.04028,The Mayflower Hotel Autograph Collection,4.0,"<p>HeadLine : Near White House</p><p>Location : In the heart of Washington, The Mayflower Hotel, Autograph Collection is within a 5-minute drive of National Mall and Walter E. Washington Convention Center.  This 4-star aparthotel is 1 mi (1.6 km) from White House and 1.2 mi (1.9 km) from George Washington University.</p><p>Rooms : Make yourself at home in one of the 581 air-conditioned rooms featuring Smart televisions. Your room comes with a pillowtop bed. Wireless Internet access (surcharge) keeps you connected, and cable programming is available for your entertainment. Private bathrooms have designer toiletries and hair dryers.</p><p>Dining : Enjoy American cuisine at Edgar Bar & Kitchen, a brasserie which features a bar/lounge, or stay in and take advantage of the room service (during limited hours). Full breakfasts are served on weekdays from 6:30 AM to 11 AM for a fee.</p><p>CheckIn Instructions : <ul>  <li>Extra-person charges may apply and vary depending on property policy</li><li>Government-issued photo identification and a credit card, debit card, or cash deposit may be required at check-in for incidental charges</li><li>Special requests are subject to availability upon check-in and may incur additional charges; special requests cannot be guaranteed</li><li>This property accepts credit cards; cash is not accepted</li><li>Please note that cultural norms and guest policies may differ by country and by property; the policies listed are provided by the property</li>  </ul> <ul>  <li>Please note: The Club Lounge is closed on weekends.</li>  </ul></p><p>Special Instructions : Front desk staff will greet guests on arrival.</p>",Breakfast available (surcharge) Wheelchair-accessible meeting spaces/business center elevator Fitness facilities Banquet hall Wheelchair accessible (may have limitations) Ballroom Wheelchair-accessible concierge desk Locally-owned & organized tours & activities Express check-in Wheelchair-accessible van parking Wheelchair-accessible path to elevator Wheelchair-accessible registration desk Wheelchair-accessible fitness center Wheelchair-accessible public washroom Well-lit path to entrance Internet access in public areas - surcharge Stair-free path to entrance Wedding services 24-hour fitness facilities Vegetarian menu options available No accessible shuttle Horse riding nearby Visual alarms in hallways Multilingual staff Handrails in stairways Wheelchairs available on site Gift shops or newsstand Dry cleaning/laundry service Shopping on site Bulk dispenser for toiletries Vegetarian breakfast available Babysitting or childcare (surcharge) Front entrance ramp Number of meeting rooms - 27 Conference space size (meters) - 3956 Sailing nearby Free WiFi Number of bars/lounges - 1 Bicycle parking available Braille or raised signage In-room accessibility (in select rooms) Bicycle rentals nearby Roll-in shower (in select rooms) Tours/ticket assistance Accessible bathroom (in select rooms) Nature reserve Eco-friendly toiletries Energy-saving switches Energy-saving features in guest rooms Recycling LED light bulbs Vegan menu options available Wheelchair-accessible on-site restaurant Conference space size (feet) - 42582 Wheelchair accessible path of travel ATM/banking Computer station Valet parking (surcharge) Conference space Hiking/biking trails nearby Smoke-free property Safe-deposit box at front desk 24-hour front desk Stairwell handrail height (centimeters) - 76 Business center Porter/bellhop Express check-out Luggage storage Elevator door width (centimeters) - 90 Stairwell handrail height (inches) - 30 Couples/private dining Water-efficient toilets only Registration desk height (inches) - 24 Elevator door width (inches) - 36 Registration desk height (centimeters) - 60 Concierge services,Distances are displayed to the nearest 0.1 mile and kilometer. <br /> <p>National Geographic Museum - 0.3 km / 0.2 mi <br /> K Street - 0.5 km / 0.3 mi <br /> Lafayette Square - 0.6 km / 0.3 mi <br /> Embassy Row - 0.6 km / 0.4 mi <br /> Dupont Circle - 0.6 km / 0.4 mi <br /> Smithsonian Institution - 0.7 km / 0.5 mi <br /> World Bank - 0.8 km / 0.5 mi <br /> White House - 1.1 km / 0.7 mi <br /> George Washington University Hospital - 1.2 km / 0.7 mi <br /> CityCenterDC - 1.4 km / 0.9 mi <br /> Embassy of Haiti - 1.5 km / 0.9 mi <br /> National Mall - 1.6 km / 1 mi <br /> Walter E. Washington Convention Center - 1.6 km / 1 mi <br /> National Theatre - 1.6 km / 1 mi <br /> Warner Theatre - 1.6 km / 1 mi <br /> </p><p>The nearest airports are:<br />Ronald Reagan Washington National Airport (DCA) - 12 km / 7.5 mi<br /> Baltimore Washington Intl. Airport (BWI) - 51.7 km / 32.1 mi<br /> Washington Dulles Intl. Airport (IAD) - 42.1 km / 26.1 mi<br /> College Park  MD (CGS) - 20.5 km / 12.7 mi<br /> Gaithersburg  MD (GAI-Montgomery County Airpark) - 38.4 km / 23.8 mi<br /> </p><p>The preferred airport for The Mayflower Hotel  Autograph Collection is Ronald Reagan Washington National Airport (DCA). </p>,1127 Connecticut Ave Nw Washington D.C.District of Columbia 20036 ,20036,2023473000,http://www.marriott.com/hotels/travel/wassh-the-mayflower-renaissance-washington-dc-hotel/
District of Columbia,,38.92301,-77.07315,Kimpton Glover Park Hotel,4.0,"<p>HeadLine : In Washington (Northwest)</p><p>Location : With a stay at Glover Park - Georgetown in Washington (Northwest), you ll be a 3-minute walk from Embassy of Russian Federation and a 1-minute drive from Embassy of the United Kingdom.  This 4-star aparthotel is 0.9 mi (1.4 km) from Georgetown University and 1.3 mi (2.1 km) from American University.</p><p>Rooms : Stay in one of 154 guestrooms featuring flat-screen televisions. Your Tempur-Pedic bed comes with premium bedding. Complimentary wireless Internet access keeps you connected, and cable programming is available for your entertainment. Private bathrooms with showers feature complimentary toiletries and hair dryers.</p><p>Dining : Enjoy a satisfying meal at Glover Park Grill serving guests of Glover Park - Georgetown. Quench your thirst with your favorite drink at the bar/lounge. Continental breakfasts are available daily from 8:00 AM to 11:00 AM for a fee.</p><p>CheckIn Instructions : <ul>  <li>Extra-person charges may apply and vary depending on property policy</li><li>Government-issued photo identification and a credit card, debit card, or cash deposit may be required at check-in for incidental charges</li><li>Special requests are subject to availability upon check-in and may incur additional charges; special requests cannot be guaranteed</li><li>Special cancellation policies or charges may apply for group reservations (more than 8 rooms for the same property / stay dates)</li><li>Safety features at this property include a smoke detector</li><li>Be prepared: check the latest COVID-19 travel requirements and measures in place for this destination before you travel.</li>  </ul></p><p>Special Instructions : Front desk staff will greet guests on arrival.</p>",Wheelchair-accessible on-site restaurant Wheelchair-accessible lounge Visual alarms in hallways Handrails in stairways Wheelchairs available on site elevator Fitness facilities Well-lit path to entrance Stair-free path to entrance Health or beauty spa nearby 24-hour front desk Covered parking secured parking Self parking (surcharge) Wheelchair accessible Conference space size (meters) - 325 Number of meeting rooms - 2 Terrace Luggage storage Concierge services Conference center Wheelchair accessible (may have limitations) Internet access - wireless 24-hour health club Number of bars/lounges - 1 Internet access in public areas - high speed Conference space Electric car charging station Free WiFi Fitness classes on site Smoke-free property Hiking/biking trails nearby Safe-deposit box at front desk Golfing nearby Breakfast available (surcharge) Conference space size (feet) - 3500 Reception hall Laundry facilities Bicycle rentals nearby Wheelchair accessible path of travel Accessible bathroom 24-hour fitness facilities Roll-in shower Wheelchair-accessible public washroom Wheelchair accessible parking Wheelchair-accessible concierge desk Wedding services In-room accessibility Assistive listening devices available Wheelchair-accessible van parking Braille or raised signage Wheelchair-accessible path to elevator Multilingual staff Wheelchair-accessible registration desk Wheelchair-accessible meeting spaces/business center,Distances are displayed to the nearest 0.1 mile and kilometer. <br /> <p>Embassy of Russian Federation - 0.3 km / 0.2 mi <br /> Washington National Cathedral - 1 km / 0.6 mi <br /> Georgetown University - 1.3 km / 0.8 mi <br /> Embassy of the United Kingdom - 1.3 km / 0.8 mi <br /> Embassy of France - 1.6 km / 1 mi <br /> American University - 2.4 km / 1.5 mi <br /> Georgetown Waterfront Park - 2.4 km / 1.5 mi <br /> Smithsonian s National Zoo - 2.4 km / 1.5 mi <br /> Embassy of Haiti - 2.6 km / 1.6 mi <br /> Embassy of the Federal Republic of Germany - 2.7 km / 1.7 mi <br /> George Washington University - 3.5 km / 2.2 mi <br /> George Washington University Hospital - 3.5 km / 2.2 mi <br /> Dupont Circle - 3.6 km / 2.2 mi <br /> National Mall - 4 km / 2.5 mi <br /> Kennedy Center - 4.1 km / 2.5 mi <br /> </p><p>The nearest airports are:<br />Ronald Reagan Washington National Airport (DCA) - 10.5 km / 6.5 mi<br /> Washington Dulles Intl. Airport (IAD) - 37.9 km / 23.6 mi<br /> Baltimore Washington Intl. Airport (BWI) - 61.8 km / 38.4 mi<br /> College Park  MD (CGS) - 32.2 km / 20 mi<br /> Gaithersburg  MD (GAI-Montgomery County Airpark) - 34.8 km / 21.6 mi<br /> </p><p>The preferred airport for Glover Park - Georgetown is Ronald Reagan Washington National Airport (DCA). </p>,Wisconsin Avenue Northwest 2505 Washington DCDistrict of Columbia 20007 ,20007,2023379700,https://www.kimptonhotels.com/stay/glover-park-hotel-washington-dc
District of Columbia,,38.903156,-77.0364,The Capital Hilton,4.0,"<p>HeadLine : Near White House</p><p>Location : Located in Washington (Downtown Washington D.C.), Capital Hilton is within a 10-minute walk of White House and Smithsonian Institution.  This 4-star hotel is 1 mi (1.6 km) from National Mall and 1.1 mi (1.8 km) from National Museum of African American History and Culture.</p><p>Rooms : Make yourself at home in one of the 550 air-conditioned rooms featuring espresso makers. Digital television is provided for your entertainment. Bathrooms feature shower/tub combinations, complimentary toiletries, and hair dryers. Conveniences include phones, as well as laptop-compatible safes and desks.</p><p>Dining : Satisfy your appetite at one of the hotel s 2 restaurants. Continental breakfasts are available daily from 6:30 AM to 10:30 AM for a fee.</p><p>CheckIn Instructions : <ul>  <li>Extra-person charges may apply and vary depending on property policy</li><li>Government-issued photo identification and a credit card, debit card, or cash deposit may be required at check-in for incidental charges</li><li>Special requests are subject to availability upon check-in and may incur additional charges; special requests cannot be guaranteed</li><li>This property accepts credit cards, debit cards, and cash</li><li>Please note that cultural norms and guest policies may differ by country and by property; the policies listed are provided by the property</li>  </ul></p><p>Special Instructions : Front desk staff will greet guests on arrival.</p>",Gift shops or newsstand Dry cleaning/laundry service Shopping on site Number of meeting rooms - 16 Conference space size (meters) - 2787 Shared microwave Free WiFi Wheelchair-accessible fitness center Wheelchair-accessible public washroom Well-lit path to entrance Stair-free path to entrance 24-hour fitness facilities Braille or raised signage Assistive listening devices available In-room accessibility (in select rooms) Bicycle rentals nearby Wheelchair accessible parking Roll-in shower (in select rooms) Tours/ticket assistance Accessible bathroom (in select rooms) Eco-friendly toiletries Wheelchair-accessible lounge Wheelchair-accessible on-site restaurant Multilingual staff Handrails in stairways Breakfast available (surcharge) Wheelchair-accessible meeting spaces/business center Segway rental/tour nearby elevator Fitness facilities Banquet hall Wheelchair accessible (may have limitations) Ballroom Vending machine Wheelchair-accessible concierge desk secured parking Wheelchair-accessible path to elevator Valet for wheelchair-equipped vehicle Wheelchair-accessible registration desk Television in common areas Concierge services Luggage storage Grocery/convenience store 24-hour front desk Scooter/moped rentals nearby Safe-deposit box at front desk Hiking/biking trails nearby Conference space Valet parking (surcharge) Computer station ATM/banking Conference space size (feet) - 30000,Distances are displayed to the nearest 0.1 mile and kilometer. <br /> <p>K Street - 0.1 km / 0.1 mi <br /> Lafayette Square - 0.4 km / 0.2 mi <br /> National Geographic Museum - 0.4 km / 0.2 mi <br /> Embassy Row - 0.5 km / 0.3 mi <br /> Smithsonian Institution - 0.7 km / 0.4 mi <br /> White House - 0.8 km / 0.5 mi <br /> World Bank - 0.9 km / 0.6 mi <br /> CityCenterDC - 1 km / 0.6 mi <br /> Dupont Circle - 1.1 km / 0.7 mi <br /> National Theatre - 1.2 km / 0.8 mi <br /> Warner Theatre - 1.3 km / 0.8 mi <br /> Walter E. Washington Convention Center - 1.3 km / 0.8 mi <br /> National Mall - 1.5 km / 0.9 mi <br /> George Washington University Hospital - 1.5 km / 0.9 mi <br /> Martin Luther King Jr. Memorial Library - 1.6 km / 1 mi <br /> </p><p>The nearest airports are:<br />Ronald Reagan Washington National Airport (DCA) - 8.8 km / 5.5 mi<br /> Baltimore Washington Intl. Airport (BWI) - 51.1 km / 31.7 mi<br /> Washington Dulles Intl. Airport (IAD) - 43.3 km / 26.9 mi<br /> College Park  MD (CGS) - 19.9 km / 12.4 mi<br /> Gaithersburg  MD (GAI-Montgomery County Airpark) - 39.6 km / 24.6 mi<br /> </p><p></p>,1001 16th St NW WashingtonDistrict of Columbia 20036 ,20036,2023931000,http://www3.hilton.com/en/hotels/district-of-columbia/capital-hilton-DCASHHH/index.html
District of Columbia,,38.91613,-77.04628,Washington Hilton,4.0,"<p>HeadLine : In Washington (Northwest)</p><p>Location : In the heart of Washington, Washington Hilton is within a 5-minute drive of Smithsonian s National Zoo and George Washington University.  This 4-star aparthotel is 1.7 mi (2.8 km) from White House and 1.9 mi (3 km) from National Mall.</p><p>Rooms : Stay in one of 1107 guestrooms featuring LCD televisions. Cable programming provides entertainment, and wired and wireless Internet access is available for a surcharge. Private bathrooms with shower/tub combinations feature designer toiletries and hair dryers. Conveniences include safes and desks, and housekeeping is provided daily.</p><p>Dining : Grab a bite to eat at one of the aparthotel s 4 restaurants, or stay in and take advantage of the room service (during limited hours). Snacks are also available at the coffee shop/cafe. Relax with a refreshing drink at one of the 2 bars/lounges. Full breakfasts are available daily from 6:30 AM to 10:30 AM for a fee.</p><p>CheckIn Instructions : <ul>  <li>Extra-person charges may apply and vary depending on property policy</li><li>Government-issued photo identification and a credit card, debit card, or cash deposit may be required at check-in for incidental charges</li><li>Special requests are subject to availability upon check-in and may incur additional charges; special requests cannot be guaranteed</li><li>This property accepts credit cards, debit cards, and cash</li><li>Please note that cultural norms and guest policies may differ by country and by property; the policies listed are provided by the property</li>  </ul></p><p>Special Instructions : Front desk staff will greet guests on arrival.</p>",Gift shops or newsstand Dry cleaning/laundry service Shopping on site Outdoor furniture Pool umbrellas Free wired Internet Free WiFi Number of bars/lounges - 2 Braille or raised signage Assistive listening devices available In-room accessibility (in select rooms) Wheelchair accessible parking Roll-in shower (in select rooms) Tours/ticket assistance Accessible bathroom (in select rooms) Eco-friendly toiletries Wheelchair-accessible lounge Wheelchair-accessible on-site restaurant Firepit Multilingual staff Breakfast available (surcharge) Wheelchair-accessible meeting spaces/business center Number of coffee shops/cafes - 1 Laundry facilities elevator Fitness facilities Covered parking Banquet hall Wheelchair accessible (may have limitations) Ballroom Wheelchair-accessible concierge desk Meeting rooms Wheelchair-accessible path to elevator Wheelchair-accessible registration desk Television in common areas Wheelchair-accessible fitness center Wheelchair-accessible pool Wheelchair-accessible public washroom Well-lit path to entrance Stair-free path to entrance Free newspapers in lobby Luggage storage Express check-out Porter/bellhop Business center 24-hour front desk Lifeguard on site Outdoor seasonal pool Housekeeping on request Safe-deposit box at front desk Snack bar/deli Use of nearby fitness center (discount) Self parking (surcharge) Computer station Terrace ATM/banking Wheelchair accessible path of travel Pool sun loungers Concierge services 24-hour business center,Distances are displayed to the nearest 0.1 mile and kilometer. <br /> <p>Embassy Row - 0.6 km / 0.3 mi <br /> Embassy of Haiti - 0.9 km / 0.6 mi <br /> Dupont Circle - 0.9 km / 0.6 mi <br /> Smithsonian s National Zoo - 1.8 km / 1.1 mi <br /> George Washington University Hospital - 1.9 km / 1.2 mi <br /> K Street - 2.1 km / 1.3 mi <br /> Lafayette Square - 2.2 km / 1.4 mi <br /> Watergate Complex - 2.2 km / 1.4 mi <br /> World Bank - 2.3 km / 1.4 mi <br /> Smithsonian Institution - 2.4 km / 1.5 mi <br /> Rock Creek Park - 2.4 km / 1.5 mi <br /> Georgetown Waterfront Park - 2.5 km / 1.5 mi <br /> George Washington University - 2.5 km / 1.6 mi <br /> Howard University - 2.5 km / 1.6 mi <br /> White House - 2.7 km / 1.7 mi <br /> </p><p>The nearest airports are:<br />Ronald Reagan Washington National Airport (DCA) - 12.8 km / 7.9 mi<br /> Baltimore Washington Intl. Airport (BWI) - 52.1 km / 32.3 mi<br /> Washington Dulles Intl. Airport (IAD) - 41.6 km / 25.8 mi<br /> College Park  MD (CGS) - 15 km / 9.3 mi<br /> Gaithersburg  MD (GAI-Montgomery County Airpark) - 40 km / 24.9 mi<br /> </p><p>The preferred airport for Washington Hilton is Ronald Reagan Washington National Airport (DCA). </p>,1919 Connecticut Ave Nw WashingtonDistrict of Columbia 20009 ,20009,2024833000,http://www3.hilton.com/en/hotels/location/DCAWHHH/
District of Columbia,,38.905235,-77.05143,Westin Georgetown Washington D.C.,4.0,"<p>HeadLine : Near George Washington University</p><p>Location : In the heart of Washington, The Westin Georgetown, Washington D.C. is within a 5-minute drive of Smithsonian Institution and Kennedy Center.  This 4-star hotel is 1.1 mi (1.8 km) from Lincoln Memorial and 1.3 mi (2 km) from Georgetown University.</p><p>Rooms : Stay in one of 269 guestrooms featuring LED televisions. Your pillowtop bed comes with down comforters and premium bedding. Cable programming provides entertainment, and wired and wireless Internet access is available for a surcharge. Bathrooms feature separate bathtubs and showers, hair dryers, and bathrobes.</p><p>Dining : Grab a bite from the snack bar/deli serving guests of The Westin Georgetown, Washington D.C..</p><p>CheckIn Instructions : <ul>  <li>Extra-person charges may apply and vary depending on property policy</li><li>Government-issued photo identification and a credit card, debit card, or cash deposit may be required at check-in for incidental charges</li><li>Special requests are subject to availability upon check-in and may incur additional charges; special requests cannot be guaranteed</li><li>This property accepts credit cards and debit cards; cash is not accepted</li><li>This property uses eco-friendly cleaning products</li>  </ul></p><p>Special Instructions : Front desk staff will greet guests on arrival.</p>",24-hour business center Concierge services Conference space size (feet) - 4565 Wheelchair accessible path of travel Terrace Wedding services Free newspapers in lobby Wheelchair-accessible public washroom Wheelchair-accessible pool Wheelchair-accessible fitness center Wheelchair-accessible registration desk Wheelchair-accessible path to elevator Assistive listening devices in meeting rooms Wheelchair-accessible van parking Express check-in Wheelchair-accessible concierge desk Ballroom Wheelchair accessible (may have limitations) Double-glazing on all windows Fitness facilities elevator Laundry facilities Wheelchair-accessible meeting spaces/business center Visual alarms in hallways Wheelchair-accessible on-site restaurant Wheelchair-accessible lounge Living plant wall LED light bulbs Energy-saving features in guest rooms Energy-saving switches Eco-friendly toiletries Comprehensive food waste policy Accessible bathroom (in select rooms) Tours/ticket assistance Roll-in shower (in select rooms) Wheelchair accessible parking In-room accessibility (in select rooms) Assistive listening devices available Bicycle parking available Free WiFi Swimming pool Conference space size (meters) - 424 Number of meeting rooms - 8 Outdoor furniture Eco-friendly cleaning products used Bulk dispenser for toiletries Comprehensive recycling policy Self parking (surcharge) Dry cleaning/laundry service Conference space Gift shops or newsstand Snack bar/deli Smoke-free property Safe-deposit box at front desk Outdoor seasonal pool Golfing nearby 24-hour front desk Business center Porter/bellhop Grocery/convenience store Express check-out Luggage storage 24-hour fitness facilities,Distances are displayed to the nearest 0.1 mile and kilometer. <br /> <p>George Washington University Hospital - 0.5 km / 0.3 mi <br /> Embassy Row - 0.8 km / 0.5 mi <br /> Dupont Circle - 1 km / 0.6 mi <br /> Embassy of Haiti - 1 km / 0.7 mi <br /> Watergate Complex - 1.1 km / 0.7 mi <br /> George Washington University - 1.1 km / 0.7 mi <br /> Georgetown Waterfront Park - 1.2 km / 0.7 mi <br /> World Bank - 1.4 km / 0.9 mi <br /> K Street - 1.6 km / 1 mi <br /> Kennedy Center - 1.6 km / 1 mi <br /> Lafayette Square - 1.6 km / 1 mi <br /> National Mall - 1.8 km / 1.1 mi <br /> Smithsonian Institution - 1.8 km / 1.1 mi <br /> White House - 1.9 km / 1.2 mi <br /> Vietnam Veterans Memorial - 2 km / 1.2 mi <br /> </p><p>The nearest airports are:<br />Ronald Reagan Washington National Airport (DCA) - 10.6 km / 6.6 mi<br /> Baltimore Washington Intl. Airport (BWI) - 58.5 km / 36.4 mi<br /> Washington Dulles Intl. Airport (IAD) - 41 km / 25.4 mi<br /> College Park  MD (CGS) - 27.3 km / 17 mi<br /> Gaithersburg  MD (GAI-Montgomery County Airpark) - 38 km / 23.6 mi<br /> </p><p>The preferred airport for The Westin Georgetown  Washington D.C. is Ronald Reagan Washington National Airport (DCA). </p>,2350 M Street N.W. WashingtonDistrict of Columbia 20037 ,20037,2024290100,http://www.starwoodhotels.com/westin/property/overview/index.html?propertyID=1013
District of Columbia,,38.9058,-77.03155,Washington Plaza Hotel,4.0,"<p>HeadLine : Near White House</p><p>Location : A stay at Washington Plaza Hotel places you in the heart of Washington, within a 15-minute walk of White House and Walter E. Washington Convention Center.  This 4-star aparthotel is 0.8 mi (1.2 km) from Smithsonian Institution and 1 mi (1.6 km) from National Mall.</p><p>Rooms : Make yourself at home in one of the 340 air-conditioned rooms featuring refrigerators and flat-screen televisions. Your pillowtop bed comes with down comforters and Frette Italian sheets. Complimentary wired and wireless Internet access keeps you connected, and satellite programming provides entertainment. Private bathrooms with shower/tub combinations feature rainfall showerheads and complimentary toiletries.</p><p>Dining : Enjoy American cuisine at 10 Thomas Restaurant, a restaurant where you can take in the pool view and dine alfresco. Or stay in and take advantage of the room service (during limited hours). Unwind at the end of the day with a drink at the bar/lounge or the poolside bar. Cooked-to-order breakfasts are served on weekdays from 7:00 AM to 10:00 AM and on weekends from 8:00 AM to 11:00 AM for a fee.</p><p>CheckIn Instructions : <ul>  <li>Extra-person charges may apply and vary depending on property policy</li><li>Government-issued photo identification and a credit card, debit card, or cash deposit may be required at check-in for incidental charges</li><li>Special requests are subject to availability upon check-in and may incur additional charges; special requests cannot be guaranteed</li><li>The name on the credit card used at check-in to pay for incidentals must be the primary name on the guestroom reservation</li><li>This property accepts credit cards, debit cards, and cash</li><li>Safety features at this property include a carbon monoxide detector and a smoke detector</li><li>Please note that cultural norms and guest policies may differ by country and by property; the policies listed are provided by the property</li>  </ul></p><p>Special Instructions : Front desk staff will greet guests on arrival.</p>",Stair-free path to entrance 24-hour fitness facilities Luggage storage Business center 24-hour front desk Lifeguard on site Outdoor seasonal pool Housekeeping on request Safe-deposit box at front desk Smoke-free property Conference space Self parking (surcharge) Computer station Terrace ATM/banking Wheelchair accessible path of travel Conference space size (feet) - 12000 Concierge services 24-hour business center Wheelchair-accessible public washroom Wheelchair-accessible pool Television in common areas Pool hoist on site Wheelchair-accessible registration desk Wheelchair-accessible path to elevator Wheelchair-accessible van parking Reception hall Ballroom Wheelchair accessible (may have limitations) Banquet hall Fitness facilities elevator Wheelchair-accessible meeting spaces/business center Breakfast available (surcharge) Electric car charging station Multilingual staff Visual alarms in hallways Wheelchair-accessible on-site restaurant Wheelchair-accessible lounge Eco-friendly toiletries Accessible bathroom (in select rooms) Tours/ticket assistance Roll-in shower (in select rooms) In-room accessibility (in select rooms) Assistive listening devices available Braille or raised signage Number of poolside bars - 1 Number of bars/lounges - 1 Free WiFi Free wired Internet Conference space size (meters) - 1115 Number of meeting rooms - 10 Well-lit path to entrance Pool umbrellas Dry cleaning/laundry service,Distances are displayed to the nearest 0.1 mile and kilometer. <br /> <p>Embassy Row - 0.5 km / 0.3 mi <br /> K Street - 0.7 km / 0.4 mi <br /> National Geographic Museum - 0.7 km / 0.4 mi <br /> Lafayette Square - 0.8 km / 0.5 mi <br /> Walter E. Washington Convention Center - 0.8 km / 0.5 mi <br /> CityCenterDC - 0.8 km / 0.5 mi <br /> Dupont Circle - 1.1 km / 0.7 mi <br /> White House - 1.1 km / 0.7 mi <br /> Warner Theatre - 1.2 km / 0.7 mi <br /> Smithsonian Institution - 1.2 km / 0.8 mi <br /> National Theatre - 1.2 km / 0.8 mi <br /> Smithsonian American Art Museum - 1.4 km / 0.9 mi <br /> National Portrait Gallery - 1.4 km / 0.9 mi <br /> Ford s Theater - 1.4 km / 0.9 mi <br /> Martin Luther King Jr. Memorial Library - 1.4 km / 0.9 mi <br /> </p><p>The nearest airports are:<br />Ronald Reagan Washington National Airport (DCA) - 8.7 km / 5.4 mi<br /> Baltimore Washington Intl. Airport (BWI) - 50.9 km / 31.6 mi<br /> Washington Dulles Intl. Airport (IAD) - 41.7 km / 25.9 mi<br /> College Park  MD (CGS) - 19.6 km / 12.2 mi<br /> Gaithersburg  MD (GAI-Montgomery County Airpark) - 41.1 km / 25.5 mi<br /> </p><p></p>,10 Thomas Circle Northwest Northwest WashingtonDistrict of Columbia 20005 ,20005,2028421300,http://www.washingtonplazahotel.com
District of Columbia,,38.89627,-77.03247,Willard InterContinental Washington,,"<p>HeadLine : Near White House</p><p>Location : With a stay at Willard InterContinental Washington, an IHG Hotel, you ll be centrally located in Washington, within a 10-minute walk of White House and National Museum of African American History and Culture.  This 5-star hotel is 0.6 mi (0.9 km) from National Museum of American History and 0.6 mi (0.9 km) from Ford s Theater.</p><p>Rooms : Make yourself at home in one of the 335 guestrooms featuring minibars and LCD televisions. Your Tempur-Pedic bed comes with Egyptian cotton sheets. Complimentary wired Internet access keeps you connected, and cable programming is available for your entertainment. Private bathrooms with shower/tub combinations feature designer toiletries and hair dryers.</p><p>Dining : Stop by Cafe du Parc for lunch, dinner, or brunch, where this restaurant specializes in French cuisine. Dining is also available at the coffee shop/cafe, and room service (during limited hours) is provided. Quench your thirst with your favorite drink at the bar/lounge. Cooked-to-order breakfasts are served on weekdays from 6:30 AM to 10:30 AM and on weekends from 6:30 AM to 11:00 AM for a fee.</p><p>CheckIn Instructions : <ul>  <li>Extra-person charges may apply and vary depending on property policy</li><li>Government-issued photo identification and a credit card, debit card, or cash deposit may be required at check-in for incidental charges</li><li>Special requests are subject to availability upon check-in and may incur additional charges; special requests cannot be guaranteed</li><li>This property accepts credit cards; cash is not accepted</li><li>Noise-free guestrooms cannot be guaranteed</li><li>Safety features at this property include a carbon monoxide detector, a fire extinguisher, a smoke detector, a security system, a first aid kit, and window guards</li><li>Please note that cultural norms and guest policies may differ by country and by property; the policies listed are provided by the property</li>  </ul></p><p>Special Instructions : This property doesn t offer after-hours check-in. To make arrangements for check-in please contact the property at least 24 hours before arrival using the information on the booking confirmation. Guests must contact the property in advance for check-in instructions. Front desk staff will greet guests on arrival.  Guests booked in breakfast included rate plans receive breakfast for up to 2 adults who are sharing a guestroom. Breakfast fees apply for additional guests. Guests booked in dinner included rate plans receive dinner for up to 2 adults who are sharing a guestroom. Dinner fees apply for additional guests.</p>",Gift shops or newsstand Dry cleaning/laundry service Shopping on site Babysitting or childcare (surcharge) Number of meeting rooms - 19 Conference space size (meters) - 2044 Free wired Internet WiFi (surcharge) Number of bars/lounges - 1 Braille or raised signage Assistive listening devices available In-room accessibility (in select rooms) Wheelchair accessible parking Roll-in shower (in select rooms) Internet access - wireless Tours/ticket assistance Accessible bathroom (in select rooms) Recycling LED light bulbs Wheelchair-accessible lounge Wheelchair-accessible on-site restaurant Visual alarms in hallways Multilingual staff Handrails in stairways Breakfast available (surcharge) Wheelchair-accessible meeting spaces/business center Coffee/tea in common areas Number of coffee shops/cafes - 1 Laundry facilities 24-hour fitness facilities elevator Children's club (free) Fitness facilities Covered parking Banquet hall Wheelchair accessible (may have limitations) Ballroom Covered parking Wheelchair-accessible concierge desk Reception hall secured parking Express check-in Wheelchair-accessible van parking Wheelchair-accessible path to elevator Valet for wheelchair-equipped vehicle Wheelchair-accessible spa Wheelchair-accessible registration desk Wheelchair-accessible fitness center Wheelchair-accessible public washroom Spa treatment room(s) Well-lit path to entrance Internet access in public areas - surcharge Picnic area Internet access in public areas - high speed Stair-free path to entrance Free newspapers in lobby Full-service spa Wedding services Luggage storage Express check-out Porter/bellhop Business center 24-hour front desk Library Safe-deposit box at front desk Smoke-free property Snack bar/deli Steam room Conference space Self parking (surcharge) Valet parking (surcharge) Hair salon Computer station Terrace ATM/banking Wheelchair accessible path of travel Conference space size (feet) - 22000 Concierge services 24-hour business center,Distances are displayed to the nearest 0.1 mile and kilometer. <br /> <p>National Theatre - 0.2 km / 0.1 mi <br /> Warner Theatre - 0.3 km / 0.2 mi <br /> Lafayette Square - 0.5 km / 0.3 mi <br /> White House - 0.6 km / 0.4 mi <br /> National Mall - 0.6 km / 0.4 mi <br /> National Museum of African American History and Culture - 0.6 km / 0.4 mi <br /> Ford s Theater - 0.6 km / 0.4 mi <br /> National Museum of American History - 0.7 km / 0.4 mi <br /> CityCenterDC - 0.9 km / 0.5 mi <br /> Smithsonian Institution - 0.9 km / 0.6 mi <br /> National Archives - 0.9 km / 0.6 mi <br /> Smithsonian American Art Museum - 1 km / 0.6 mi <br /> National Portrait Gallery - 1 km / 0.6 mi <br /> Martin Luther King Jr. Memorial Library - 1 km / 0.6 mi <br /> K Street - 1 km / 0.6 mi <br /> </p><p>The nearest airports are:<br />Ronald Reagan Washington National Airport (DCA) - 7.7 km / 4.8 mi<br /> Baltimore Washington Intl. Airport (BWI) - 55.5 km / 34.5 mi<br /> Washington Dulles Intl. Airport (IAD) - 44 km / 27.3 mi<br /> College Park  MD (CGS) - 24.4 km / 15.1 mi<br /> Fort Meade  MD (FME-Tipton) - 37.1 km / 23.1 mi<br /> </p><p></p>,1401 Pennsylvania Ave Nw WashingtonDistrict of ColumbiaWashington 20004 ,20004,2026289100,http://washington.intercontinental.com
District of Columbia,,38.9053,-77.03451,The Madison Washington DC A Hilton Hotel,4.0,"<p>HeadLine : Near White House</p><p>Location : You ll be centrally located in Washington with a stay at The Madison Hotel, within a 15-minute walk of White House and Walter E. Washington Convention Center.  This 4.5-star hotel is 1 mi (1.6 km) from National Mall and 1.1 mi (1.8 km) from National Museum of African American History and Culture.</p><p>Rooms : Make yourself at home in one of the 356 guestrooms. Your pillowtop bed comes with down comforters and premium bedding. Cable programming provides entertainment, and wired and wireless Internet access is available for a surcharge. Private bathrooms with showers feature designer toiletries and hair dryers.</p><p>Dining : Grab dinner at Lady Madison, a restaurant that specializes in American cuisine. You can also grab snacks at the coffee shop/cafe. To-go breakfasts are available daily from 6:30 AM to 11:00 AM for a fee.</p><p>CheckIn Instructions : <ul>  <li>Extra-person charges may apply and vary depending on property policy</li><li>Government-issued photo identification and a credit card, debit card, or cash deposit may be required at check-in for incidental charges</li><li>Special requests are subject to availability upon check-in and may incur additional charges; special requests cannot be guaranteed</li><li>The name on the credit card used at check-in to pay for incidentals must be the primary name on the guestroom reservation</li><li>This property accepts credit cards, debit cards, and cash</li><li>Noise-free guestrooms cannot be guaranteed</li><li>Safety features at this property include a carbon monoxide detector, a fire extinguisher, a smoke detector, a security system, and a first aid kit</li><li>Please note that cultural norms and guest policies may differ by country and by property; the policies listed are provided by the property</li>  </ul></p><p>Special Instructions : Front desk staff will greet guests on arrival.</p>",Hiking/biking trails nearby elevator Kayaking nearby Conference space Dry cleaning/laundry service Valet parking (surcharge) Banquet hall Conference space size (feet) - 18105 Concierge services 24-hour business center Wheelchair accessible (may have limitations) Proposal/romance packages available Ballroom Wheelchair-accessible concierge desk Number of meeting rooms - 8 Coworking spaces Conference space size (meters) - 1682 Wheelchair-accessible registration desk Television in common areas Wheelchair-accessible fitness center Free WiFi Braille or raised signage Assistive listening devices available In-room accessibility (in select rooms) Bicycle rentals nearby Roll-in shower (in select rooms) Wedding services Tours/ticket assistance Accessible bathroom (in select rooms) 24-hour fitness facilities Luggage storage Wheelchair-accessible on-site restaurant Express check-out Porter/bellhop Multilingual staff 24-hour front desk Breakfast available (surcharge) Wheelchair-accessible meeting spaces/business center Golfing nearby Segway rental/tour nearby Smoke-free property Snack bar/deli Number of coffee shops/cafes - 1,Distances are displayed to the nearest 0.1 mile and kilometer. <br /> <p>Embassy Row - 0.4 km / 0.2 mi <br /> National Geographic Museum - 0.4 km / 0.3 mi <br /> K Street - 0.5 km / 0.3 mi <br /> Lafayette Square - 0.6 km / 0.4 mi <br /> Dupont Circle - 1 km / 0.6 mi <br /> White House - 1 km / 0.6 mi <br /> CityCenterDC - 1.1 km / 0.7 mi <br /> Smithsonian Institution - 1.1 km / 0.7 mi <br /> Walter E. Washington Convention Center - 1.1 km / 0.7 mi <br /> National Theatre - 1.3 km / 0.8 mi <br /> World Bank - 1.3 km / 0.8 mi <br /> Warner Theatre - 1.4 km / 0.8 mi <br /> National Mall - 1.6 km / 1 mi <br /> Martin Luther King Jr. Memorial Library - 1.6 km / 1 mi <br /> Ford s Theater - 1.6 km / 1 mi <br /> </p><p>The nearest airports are:<br />Ronald Reagan Washington National Airport (DCA) - 8.8 km / 5.4 mi<br /> Baltimore Washington Intl. Airport (BWI) - 51.1 km / 31.7 mi<br /> Washington Dulles Intl. Airport (IAD) - 42.5 km / 26.4 mi<br /> College Park  MD (CGS) - 19.9 km / 12.4 mi<br /> Gaithersburg  MD (GAI-Montgomery County Airpark) - 38.7 km / 24 mi<br /> </p><p></p>,1177 15th Street NW WashingtonDistrict of Columbia 20005 ,20005,2028621600,http://www3.hilton.com/en/hotels/district-of-columbia/the-madison-washington-dc-a-hilton-hotel-DCAKE
District of Columbia,,38.90337,-77.05253,The Melrose Georgetown Hotel,4.0,"<p>HeadLine : Near George Washington University</p><p>Location : Located in Washington (Northwest), The Melrose Georgetown Hotel is a 3-minute walk from George Washington University Hospital and 11 minutes by foot from Georgetown Waterfront Park.  This 4-star aparthotel is 0.5 mi (0.8 km) from George Washington University and 0.9 mi (1.4 km) from Dupont Circle.</p><p>Rooms : Make yourself at home in one of the 240 guestrooms featuring refrigerators and iPod docking stations. Your pillowtop bed comes with down comforters and Frette Italian sheets. 40-inch flat-screen televisions with cable programming provide entertainment, while complimentary wireless Internet access keeps you connected. Partially open bathrooms with shower/tub combinations feature designer toiletries and hair dryers.</p><p>Dining : Enjoy a meal at Jardenea, or stay in and take advantage of the aparthotel s room service (during limited hours). Wrap up your day with a drink at the bar/lounge. Full breakfasts are available daily from 7:00 AM to 11:00 AM for a fee.</p><p>CheckIn Instructions : <ul>  <li>Extra-person charges may apply and vary depending on property policy</li><li>Government-issued photo identification and a credit card, debit card, or cash deposit may be required at check-in for incidental charges</li><li>Special requests are subject to availability upon check-in and may incur additional charges; special requests cannot be guaranteed</li><li>This property accepts credit cards; cash is not accepted</li><li>Safety features at this property include a smoke detector</li><li>Please note that cultural norms and guest policies may differ by country and by property; the policies listed are provided by the property</li>  </ul></p><p>Special Instructions : Front desk staff will greet guests on arrival.</p>",Assistive listening devices available In-room accessibility (in select rooms) Wheelchair accessible parking Roll-in shower (in select rooms) Wedding services Accessible bathroom (in select rooms) Fireplace in lobby Luggage storage Express check-out Porter/bellhop Multilingual staff Business center 24-hour front desk Breakfast available (surcharge) Library Golfing nearby Safe-deposit box at front desk Smoke-free property Snack bar/deli Hiking/biking trails nearby Laundry facilities Use of nearby fitness center (discount) elevator Fitness facilities Conference space Valet parking (surcharge) Computer station Wheelchair accessible path of travel Conference space size (feet) - 4850 Concierge services 24-hour business center Dry cleaning/laundry service Mountain biking nearby Covered parking Food and water bowls secured parking Meeting rooms Conference space size (meters) - 451 Television in common areas Limo or Town Car service available Free WiFi Number of bars/lounges - 1 Braille or raised signage,Distances are displayed to the nearest 0.1 mile and kilometer. <br /> <p>George Washington University Hospital - 0.3 km / 0.2 mi <br /> Georgetown Waterfront Park - 0.9 km / 0.5 mi <br /> George Washington University - 0.9 km / 0.6 mi <br /> Watergate Complex - 0.9 km / 0.6 mi <br /> Dupont Circle - 1.2 km / 0.8 mi <br /> World Bank - 1.2 km / 0.8 mi <br /> Embassy Row - 1.2 km / 0.8 mi <br /> Kennedy Center - 1.3 km / 0.8 mi <br /> Lafayette Square - 1.4 km / 0.9 mi <br /> Embassy of Haiti - 1.5 km / 0.9 mi <br /> National Mall - 1.5 km / 0.9 mi <br /> Smithsonian Institution - 1.6 km / 1 mi <br /> K Street - 1.6 km / 1 mi <br /> Vietnam Veterans Memorial - 1.8 km / 1.1 mi <br /> Lincoln Memorial - 1.9 km / 1.2 mi <br /> </p><p>The nearest airports are:<br />Ronald Reagan Washington National Airport (DCA) - 10.5 km / 6.5 mi<br /> Baltimore Washington Intl. Airport (BWI) - 58.4 km / 36.3 mi<br /> Washington Dulles Intl. Airport (IAD) - 41 km / 25.5 mi<br /> College Park  MD (CGS) - 27.2 km / 16.9 mi<br /> Gaithersburg  MD (GAI-Montgomery County Airpark) - 38 km / 23.6 mi<br /> </p><p>The preferred airport for The Melrose Georgetown Hotel is Ronald Reagan Washington National Airport (DCA). </p>,2430 Pennsylvania Avenue Washington D.C.District of Columbia 20037 ,20037,2029556400,http://www.melrosehotelwashingtondc.com
District of Columbia,,38.912731171,-77.030090332,The William Lewis House,3.0,"Property Location With a stay at The William Lewis House in Washington, you''ll be minutes from Studio Theatre and close to White House. This bed & breakfast is close to Ford''s Theater and George Washington University.Rooms Make yourself at home in one of the 10 air-conditioned guestrooms. Complimentary wired and wireless Internet access is available. Shared bathrooms with bathrobes are provided. Conveniences include coffee/tea makers and ceiling fans.Rec, Spa, Premium Amenities Take advantage of recreation opportunities such as a spa tub, or other amenities including complimentary wireless Internet access and a television in the lobby.Dining A complimentary continental breakfast is included.Business, Other Amenities The front desk is staffed during limited hours. Self parking subject to charges is available onsite.",Breakfast included Limited Time Reception American Express Spa tub Television in lobby Visa Pay Parking Discover Free Wireless Internet access,,1309 R Street NW Washington 20009District of Columbia ,20009,24049250749,http://www.wlewishous.com/
District of Columbia,,38.90554,-77.0488,Hilton Garden Inn Washington DC Georgetown Area,3.0,"<p>HeadLine : Near George Washington University</p><p>Location : With a stay at Hilton Garden Inn Washington DC/Georgetown Area, you ll be centrally located in Washington, within a 5-minute drive of National Mall and White House.  This hotel is 0.6 mi (1 km) from George Washington University and 2 mi (3.2 km) from National Museum of African American History and Culture.</p><p>Rooms : Make yourself at home in one of the 238 guestrooms featuring refrigerators and microwaves. Your bed comes with down comforters and premium bedding. Wired and wireless Internet access is complimentary, while 39-inch LCD televisions with cable programming provide entertainment. Bathrooms have showers and complimentary toiletries.</p><p>Dining : Satisfy your appetite for lunch or dinner at Cafe Deluxe, a restaurant which specializes in American cuisine, or stay in and take advantage of the room service (during limited hours). Wrap up your day with a drink at the bar/lounge. To-go breakfasts are available daily from 6:00 AM to 10:00 AM for a fee.</p><p>CheckIn Instructions : <ul>  <li>Extra-person charges may apply and vary depending on property policy</li><li>Government-issued photo identification and a credit card, debit card, or cash deposit may be required at check-in for incidental charges</li><li>Special requests are subject to availability upon check-in and may incur additional charges; special requests cannot be guaranteed</li><li>This property accepts credit cards, debit cards, and cash</li>  </ul></p><p>Special Instructions : Front desk staff will greet guests on arrival.</p>",Banquet hall Wheelchair accessible (may have limitations) Wheelchair-accessible concierge desk Express check-in Wheelchair-accessible van parking Meeting rooms Wheelchair-accessible path to elevator Valet for wheelchair-equipped vehicle Wheelchair-accessible registration desk Wheelchair-accessible fitness center Wheelchair-accessible pool Well-lit path to entrance Garden Internet access in public areas - high speed Stair-free path to entrance 24-hour fitness facilities Luggage storage Express check-out Business center 24-hour front desk Safe-deposit box at front desk Conference space Valet parking (surcharge) Terrace ATM/banking Wheelchair accessible path of travel Conference space size (feet) - 3000 24-hour business center Dry cleaning/laundry service Conference space size (meters) - 279 Swimming pool Free wired Internet Free WiFi Number of bars/lounges - 1 Designated smoking areas Braille or raised signage In-room accessibility (in select rooms) Wheelchair accessible parking Roll-in shower (in select rooms) Tours/ticket assistance Accessible bathroom (in select rooms) Fireplace in lobby Rooftop terrace Wheelchair-accessible on-site restaurant Multilingual staff Electric car charging station Breakfast available (surcharge) Wheelchair-accessible meeting spaces/business center Laundry facilities elevator Fitness facilities,Distances are displayed to the nearest 0.1 mile and kilometer. <br /> <p>George Washington University Hospital - 0.5 km / 0.3 mi <br /> Embassy Row - 0.6 km / 0.4 mi <br /> Dupont Circle - 0.7 km / 0.5 mi <br /> Embassy of Haiti - 0.9 km / 0.6 mi <br /> George Washington University - 1 km / 0.6 mi <br /> World Bank - 1.1 km / 0.7 mi <br /> Watergate Complex - 1.2 km / 0.7 mi <br /> K Street - 1.4 km / 0.8 mi <br /> Georgetown Waterfront Park - 1.4 km / 0.9 mi <br /> Lafayette Square - 1.4 km / 0.9 mi <br /> Kennedy Center - 1.5 km / 0.9 mi <br /> Smithsonian Institution - 1.6 km / 1 mi <br /> National Mall - 1.7 km / 1.1 mi <br /> Vietnam Veterans Memorial - 1.9 km / 1.2 mi <br /> White House - 1.9 km / 1.2 mi <br /> </p><p>The nearest airports are:<br />Ronald Reagan Washington National Airport (DCA) - 11.3 km / 7.1 mi<br /> Baltimore Washington Intl. Airport (BWI) - 52.6 km / 32.7 mi<br /> Washington Dulles Intl. Airport (IAD) - 41.4 km / 25.7 mi<br /> College Park  MD (CGS) - 21.4 km / 13.3 mi<br /> Gaithersburg  MD (GAI-Montgomery County Airpark) - 37.8 km / 23.5 mi<br /> </p><p>The preferred airport for Hilton Garden Inn Washington DC/Georgetown Area is Ronald Reagan Washington National Airport (DCA). </p>,2201 M Street NW WashingtonDistrict of Columbia 20037 ,20037,2029746010,http://www.HGIGeorgetown.com
District of Columbia,,38.90304,-77.02434,Marriott Marquis Washington DC,4.0,"<p>HeadLine : Near Walter E. Washington Convention Center</p><p>Location : With a stay at Marriott Marquis Washington, DC, you ll be centrally located in Washington, steps from Walter E. Washington Convention Center and within a 5-minute walk of CityCenterDC.  This 4-star aparthotel is 0.4 mi (0.6 km) from National Portrait Gallery and 0.8 mi (1.3 km) from National Mall.</p><p>Rooms : Stay in one of 1175 guestrooms featuring Smart televisions. Wireless Internet access (surcharge) keeps you connected, and cable programming is available for your entertainment. Private bathrooms with shower/tub combinations feature complimentary toiletries and hair dryers. Conveniences include laptop-compatible safes and desks, as well as phones with free local calls.</p><p>Dining : Grab lunch at Anthem, a restaurant that specializes in American cuisine. Dining is also available at the coffee shop/cafe, and 24-hour room service is provided. Need to unwind? Take a break with a tasty beverage at one of the 2 bars/lounges. Cooked-to-order breakfasts are available daily from 6:30 AM to 11:00 AM for a fee.</p><p>CheckIn Instructions : <ul>  <li>Extra-person charges may apply and vary depending on property policy</li><li>Government-issued photo identification and a credit card, debit card, or cash deposit may be required at check-in for incidental charges</li><li>Special requests are subject to availability upon check-in and may incur additional charges; special requests cannot be guaranteed</li><li>This property accepts credit cards; cash is not accepted</li>  </ul></p><p>Special Instructions : Front desk staff will greet guests on arrival.</p>",Fireplace in lobby Comprehensive food waste policy Eco-friendly toiletries Energy-saving switches Energy-saving features in guest rooms Recycling LED light bulbs Gift shops or newsstand Dry cleaning/laundry service Shopping on site Comprehensive recycling policy Bulk dispenser for toiletries Vegetarian breakfast available Front entrance ramp Number of meeting rooms - 80 Conference space size (meters) - 9334 Free WiFi Number of bars/lounges - 2 Bicycle parking available Braille or raised signage Assistive listening devices available In-room accessibility (in select rooms) Roll-in shower (in select rooms) Tours/ticket assistance Accessible bathroom (in select rooms) Conference space Valet parking (surcharge) Terrace ATM/banking Wheelchair accessible path of travel Conference space size (feet) - 100474 Concierge services Wheelchair-accessible public washroom Well-lit path to entrance Internet access in public areas - high speed Stair-free path to entrance Free newspapers in lobby Wedding services 24-hour fitness facilities Registration desk height (centimeters) - 88 Elevator door width (inches) - 42 Registration desk height (inches) - 35 Water-efficient toilets only Elevator door width (centimeters) - 107 Luggage storage Water-efficient showers only Express check-out Grocery/convenience store Business center 24-hour front desk Safe-deposit box at front desk Smoke-free property Snack bar/deli Assistive listening devices in meeting rooms Wheelchair-accessible path to elevator Wheelchair-accessible registration desk Wheelchair-accessible fitness center Wheelchair-accessible lounge Vegan menu options available Wheelchair-accessible on-site restaurant Vegetarian menu options available No accessible shuttle Horse riding nearby Visual alarms in hallways Conference center Water dispenser Electric car charging station Breakfast available (surcharge) Secured bicycle storage Wheelchair-accessible meeting spaces/business center Number of coffee shops/cafes - 1 elevator Double-glazing on all windows Wheelchair accessible (may have limitations) Showcase for local artists Ballroom Vending machine Wheelchair-accessible concierge desk Locally-owned & organized tours & activities Express check-in,Distances are displayed to the nearest 0.1 mile and kilometer. <br /> <p>Walter E. Washington Convention Center - 0.1 km / 0.1 mi <br /> CityCenterDC - 0.3 km / 0.2 mi <br /> Martin Luther King Jr. Memorial Library - 0.6 km / 0.3 mi <br /> Smithsonian American Art Museum - 0.6 km / 0.4 mi <br /> National Portrait Gallery - 0.6 km / 0.4 mi <br /> Capital One Arena - 0.7 km / 0.5 mi <br /> Ford s Theater - 0.9 km / 0.5 mi <br /> Warner Theatre - 1.1 km / 0.7 mi <br /> National Archives - 1.2 km / 0.7 mi <br /> Lafayette Square - 1.2 km / 0.7 mi <br /> National Theatre - 1.2 km / 0.7 mi <br /> K Street - 1.2 km / 0.8 mi <br /> National Mall - 1.3 km / 0.8 mi <br /> Embassy Row - 1.3 km / 0.8 mi <br /> White House - 1.3 km / 0.8 mi <br /> </p><p>The nearest airports are:<br />Ronald Reagan Washington National Airport (DCA) - 9 km / 5.6 mi<br /> Baltimore Washington Intl. Airport (BWI) - 49.9 km / 31 mi<br /> Washington Dulles Intl. Airport (IAD) - 44.3 km / 27.5 mi<br /> College Park  MD (CGS) - 18.8 km / 11.7 mi<br /> Fort Meade  MD (FME-Tipton) - 35.8 km / 22.2 mi<br /> </p><p>The preferred airport for Marriott Marquis Washington  DC is Ronald Reagan Washington National Airport (DCA). </p>,901 Massachusetts Ave Nw WashingtonDistrict of Columbia 20001 ,20001,2028249200,http://WWW.MARRIOTT.COM
District of Columbia,,38.90008,-77.04036,AKA White House,4.0,"AKA White House is centrally located in the Washington, D.C. city centre, 2 km from the White House. Several historical and cultural institutes like The World Bank, Treasury Department and Corcoran Gallery of Art are within 3 km of the property. Free WiFi access is available in public spaces.

Rooms at this property feature fully-equipped kitchens, marble baths and luxury linens.

Guests at AKA White House will enjoy a 24-hour front desk and a Resident Services team that are available to provide suggestions and recommendations, including arranging restaurant reservations and deliveries. Same-day valet laundry services are also provided.

If you feel like visiting the surroundings, Lafayette Square is 1 km from the property. The National Mall, Washington Monument and Lincoln Memorial are all within 2 km of the property. Guests are required to show a photo identification and credit card upon check-in. Please note that all Special Requests are subject to availability and additional charges may apply.
This property will not accommodate hen, stag or similar parties.
In response to Coronavirus (COVID-19), additional safety and sanitation measures are in effect at this property.
Due to Coronavirus (COVID-19), this property is taking steps to help protect the safety of guests and staff. Certain services and amenities may be reduced or unavailable as a result.
A damage deposit of USD 250 is required on arrival. This will be collected by credit card. You should be reimbursed within 7 days of check-out. Your deposit will be refunded in full via credit card, subject to an inspection of the property.
Per city guidelines, proof of vaccination is required to utilize our amenities.

Please note, guests must be at least 21 years old to check-in.

Please be aware that the entire stay will be charged at the time of reservation. There is no refund for early check-out. Cash is not accepted at this property.

Please note that the property reserves the right to ask that the credit card presented at check-in match the credit card used to make the reservation. For same-day arrivals, you must present the credit card used to make the reservation.

Please note, a rental of USD 35 per night will be charged to use the safety deposit box.

Guests reserving a stay of 25 nights or more will receive a rental agreement, which must be signed and returned directly to the property prior to arrival.

Please note a booking of more than 5 rooms will be considered a group booking and is subject to additional terms and policies.

When travelling with pets, please note that an extra charge of US$350 plus tax per pet, per stay applies.",Parking Pets allowed screens or physical barriers placed between staff and guests in appropriate areas invoice provided meeting/banquet facilities Bar 24-hour front desk Fitness centre Golf course (within 3 km) Terrace Non-smoking rooms Business centre Laundry dry cleaning Facilities for disabled guests Family rooms Ironing service internet services lift Heating Fax/photocopying Luggage storage wifi all plates  cutlery  glasses and other tableware have been sanitized Allergy-free room guests have the option to cancel any cleaning services for their accommodation during their stay face masks for guests available Free WiFi Non-smoking throughout Air conditioning designated smoking area concierge service Trouser press shared lounge/TV area grocery deliveries parking on site secured parking Parking garage Accessible parking Fitness Key card access Security alarm Smoke alarms CCTV in common areas Fire extinguishers use of cleaning chemicals that are effective against coronavirus linens  towels and laundry washed in accordance with local authority guidelines guest accommodation is disinfected between stays guest accommodation sealed after cleaning physical distancing in dining areas food can be delivered to guest accommodation staff follow all safety protocols as directed by local authorities shared stationery such as printed menus  magazines  pens  and paper removed hand sanitizer in guest accommodation and key areas first aid kit available contactless check-in/check-out cashless payment available physical distancing rules followed,,1710 H Street NW WashingtonDistrict of Columbia 20006 ,20006,2029042500,https://www.booking.com/hotel/us/korman-communities-washington.html
District of Columbia,,38.90313,-77.02574,Henley Park Hotel,4.0,"<p>HeadLine : Near Walter E. Washington Convention Center</p><p>Location : With a stay at The Henley Park Hotel, you ll be centrally located in Washington, just a 3-minute walk from Walter E. Washington Convention Center and 11 minutes by foot from Capital One Arena.  This 4-star hotel is 0.9 mi (1.4 km) from National Mall and 1 mi (1.6 km) from White House.</p><p>Rooms : Stay in one of 96 guestrooms featuring LCD televisions. Complimentary wireless Internet access keeps you connected, and cable programming is available for your entertainment. Private bathrooms with shower/tub combinations feature designer toiletries and slippers. Conveniences include phones, as well as desks and complimentary bottled water.</p><p>Dining : Enjoy a meal at The Tavern at Henley Park, or stay in and take advantage of the hotel s room service (during limited hours). Quench your thirst with your favorite drink at the bar/lounge. Full breakfasts are available daily from 7:00 AM to 10:30 AM for a fee.</p><p>CheckIn Instructions : <ul>  <li>Extra-person charges may apply and vary depending on property policy</li><li>Government-issued photo identification and a credit card, debit card, or cash deposit may be required at check-in for incidental charges</li><li>Special requests are subject to availability upon check-in and may incur additional charges; special requests cannot be guaranteed</li><li>This property accepts credit cards; cash is not accepted</li><li>Safety features at this property include a carbon monoxide detector, a fire extinguisher, a smoke detector, and a first aid kit</li>  </ul></p><p>Special Instructions : Front desk staff will greet guests on arrival.</p>",Banquet hall Proposal/romance packages available Covered parking Reception hall secured parking Wheelchair-accessible path to elevator Change of bed sheets (on request) Free WiFi Number of bars/lounges - 1 Change of towels (on request) Wheelchair accessible parking Tours/ticket assistance Fireplace in lobby Couples/private dining Wheelchair accessible  no Luggage storage Express check-out Porter/bellhop Business center 24-hour front desk Electric car charging station Breakfast available (surcharge) Housekeeping on request Safe-deposit box at front desk Smoke-free property elevator Fitness facilities Valet parking (surcharge) Concierge services,Distances are displayed to the nearest 0.1 mile and kilometer. <br /> <p>Walter E. Washington Convention Center - 0.2 km / 0.1 mi <br /> CityCenterDC - 0.4 km / 0.2 mi <br /> Martin Luther King Jr. Memorial Library - 0.7 km / 0.4 mi <br /> Smithsonian American Art Museum - 0.8 km / 0.5 mi <br /> National Portrait Gallery - 0.8 km / 0.5 mi <br /> Capital One Arena - 0.9 km / 0.6 mi <br /> Ford s Theater - 1 km / 0.6 mi <br /> Warner Theatre - 1.1 km / 0.7 mi <br /> K Street - 1.1 km / 0.7 mi <br /> Embassy Row - 1.2 km / 0.7 mi <br /> National Theatre - 1.2 km / 0.7 mi <br /> Lafayette Square - 1.2 km / 0.7 mi <br /> National Geographic Museum - 1.3 km / 0.8 mi <br /> White House - 1.3 km / 0.8 mi <br /> National Archives - 1.3 km / 0.8 mi <br /> </p><p>The nearest airports are:<br />Ronald Reagan Washington National Airport (DCA) - 9.1 km / 5.7 mi<br /> Baltimore Washington Intl. Airport (BWI) - 50.1 km / 31.1 mi<br /> Washington Dulles Intl. Airport (IAD) - 48.6 km / 30.2 mi<br /> College Park  MD (CGS) - 18.9 km / 11.7 mi<br /> Fort Meade  MD (FME-Tipton) - 36.1 km / 22.4 mi<br /> </p><p></p>,926 Massachusetts Avenue WashingtonDistrict of Columbia 20001 ,20001,2026385200,http://www.henleypark.com/
District of Columbia,,38.907973,-77.03324,District Hotel,2.0,"<p>HeadLine : Near Walter E. Washington Convention Center</p><p>Location : With a stay at District Hotel in Washington (Downtown Washington D.C.), you ll be within a 5-minute drive of National Mall and National Museum of African American History and Culture.  This hotel is 1 mi (1.6 km) from White House and 0.8 mi (1.3 km) from Walter E. Washington Convention Center.</p><p>Rooms : Stay in one of 63 guestrooms featuring flat-screen televisions. Complimentary wireless Internet access keeps you connected, and cable programming is available for your entertainment. Bathrooms feature showers, complimentary toiletries, and hair dryers. Conveniences include ceiling fans, housekeeping is provided daily, and irons/ironing boards can be requested.</p><p>CheckIn Instructions : <ul>  <li>Extra-person charges may apply and vary depending on property policy</li><li>Government-issued photo identification and a credit card may be required at check-in for incidental charges</li><li>Special requests are subject to availability upon check-in and may incur additional charges; special requests cannot be guaranteed</li><li>This property accepts credit cards, debit cards, and cash</li>  </ul></p><p>Special Instructions : This property doesn t offer after-hours check-in. Front desk staff will greet guests on arrival.</p>",Smoke-free property Coffee/tea in common areas Wheelchair accessible  no Luggage storage elevator 24-hour front desk Shared microwave Water dispenser Free WiFi,Distances are displayed to the nearest 0.1 mile and kilometer. <br /> <p>Embassy Row - 0.8 km / 0.5 mi <br /> National Geographic Museum - 0.9 km / 0.6 mi <br /> K Street - 1.1 km / 0.7 mi <br /> Dupont Circle - 1.1 km / 0.7 mi <br /> Lafayette Square - 1.2 km / 0.8 mi <br /> Walter E. Washington Convention Center - 1.3 km / 0.8 mi <br /> CityCenterDC - 1.4 km / 0.9 mi <br /> White House - 1.6 km / 1 mi <br /> Smithsonian Institution - 1.6 km / 1 mi <br /> Warner Theatre - 1.7 km / 1 mi <br /> National Theatre - 1.8 km / 1.1 mi <br /> Martin Luther King Jr. Memorial Library - 1.8 km / 1.1 mi <br /> Smithsonian American Art Museum - 1.9 km / 1.2 mi <br /> National Portrait Gallery - 1.9 km / 1.2 mi <br /> World Bank - 1.9 km / 1.2 mi <br /> </p><p>The nearest airports are:<br />Ronald Reagan Washington National Airport (DCA) - 9 km / 5.6 mi<br /> Baltimore Washington Intl. Airport (BWI) - 51.1 km / 31.8 mi<br /> Washington Dulles Intl. Airport (IAD) - 44.3 km / 27.5 mi<br /> College Park  MD (CGS) - 19.9 km / 12.4 mi<br /> Gaithersburg  MD (GAI-Montgomery County Airpark) - 40 km / 24.9 mi<br /> </p><p></p>,1440 Rhode Island Ave Nw WashingtonDistrict of Columbia 20005 ,20005,2022327800,http://www.districthotel.com/
District of Columbia,,38.907234,-77.00793,Hyatt Place Washington DC US Capitol,3.0,"<p>HeadLine : In Washington (Northeast)</p><p>Location : Centrally located in Washington, Hyatt Place Washington DC/US Capitol is within a 15-minute walk of Gallaudet University and Union Market.  This hotel is 1.5 mi (2.4 km) from Walter E. Washington Convention Center and 1.5 mi (2.5 km) from Howard University.</p><p>Rooms : Make yourself at home in one of the 200 air-conditioned rooms featuring refrigerators and MP3 docking stations. Wired and wireless Internet access is complimentary, while 42-inch flat-screen televisions with cable programming provide entertainment. Private bathrooms have designer toiletries and hair dryers. Conveniences include phones, as well as safes and desks.</p><p>Dining : Stop by the hotel s restaurant for lunch or dinner, or grab snacks at the coffee shop/cafe. Wrap up your day with a drink at the bar/lounge. A complimentary on-the-go breakfast is served on weekdays from 6:30 AM to 9:00 AM.</p><p>CheckIn Instructions : <ul>  <li>Extra-person charges may apply and vary depending on property policy</li><li>Government-issued photo identification and a credit card may be required at check-in for incidental charges</li><li>Special requests are subject to availability upon check-in and may incur additional charges; special requests cannot be guaranteed</li><li>This property accepts credit cards; cash is not accepted</li><li>Noise-free guestrooms cannot be guaranteed</li><li>Safety features at this property include a carbon monoxide detector, a fire extinguisher, a smoke detector, a security system, a first aid kit, and window guards</li><li>Please note that cultural norms and guest policies may differ by country and by property; the policies listed are provided by the property</li>  </ul> <ul>  <li>It is Hyatts practice to enter any occupied guestroom at a minimum of once within a 24-hour period, even if a guest has requested privacy.  Appropriate efforts are made to provide advance notice to the registered guest before entering an occupied guestroom.</li>  </ul></p><p>Special Instructions : It is Hyatt s practice to enter any occupied guestroom at a minimum of once within a 24-hour period, even if a guest has requested privacy. Appropriate efforts are made to provide advance notice to the registered guest before entering an occupied guestroom.This property doesn t offer after-hours check-in. Front desk staff will greet guests on arrival.  This property s entrance and valet parking are located at 24 N Street NE.</p>",Covered parking Parking (limited spaces) secured parking Meeting rooms Conference space size (meters) - 149 Television in common areas Free WiFi Number of bars/lounges - 1 In-room accessibility (in select rooms) Wedding services Tours/ticket assistance 24-hour fitness facilities Free breakfast to go Luggage storage Free breakfast Express check-out Multilingual staff Business center 24-hour front desk Housekeeping on request Smoke-free property Snack bar/deli Number of coffee shops/cafes - 1 elevator Fitness facilities Conference space Valet parking (surcharge) Computer station Terrace ATM/banking Wheelchair accessible path of travel Conference space size (feet) - 1600 Concierge services,Distances are displayed to the nearest 0.1 mile and kilometer. <br /> <p>Gallaudet University - 1.1 km / 0.7 mi <br /> Union Market - 1.2 km / 0.8 mi <br /> Smithsonian Institution - 1.3 km / 0.8 mi <br /> Union Station Shopping Center - 1.3 km / 0.8 mi <br /> Walter E. Washington Convention Center - 1.6 km / 1 mi <br /> CityCenterDC - 1.7 km / 1.1 mi <br /> Capital One Arena - 1.8 km / 1.1 mi <br /> Howard University - 1.9 km / 1.2 mi <br /> Smithsonian American Art Museum - 1.9 km / 1.2 mi <br /> National Portrait Gallery - 1.9 km / 1.2 mi <br /> Martin Luther King Jr. Memorial Library - 2 km / 1.3 mi <br /> United States Capitol - 2.2 km / 1.3 mi <br /> National Mall - 2.2 km / 1.4 mi <br /> Library of Congress - 2.3 km / 1.4 mi <br /> Supreme Court of the United States - 2.3 km / 1.4 mi <br /> </p><p>The nearest airports are:<br />Ronald Reagan Washington National Airport (DCA) - 11.5 km / 7.2 mi<br /> Baltimore Washington Intl. Airport (BWI) - 48.6 km / 30.2 mi<br /> Washington Dulles Intl. Airport (IAD) - 50.9 km / 31.7 mi<br /> College Park  MD (CGS) - 17.4 km / 10.8 mi<br /> Fort Meade  MD (FME-Tipton) - 34.5 km / 21.5 mi<br /> </p><p>The preferred airport for Hyatt Place Washington DC/US Capitol is Ronald Reagan Washington National Airport (DCA). </p>,33 New York Avenue Ne Washington 20002-3325District of Columbia ,20002,2022895599,http://washingtondcuscapitol.place.hyatt.com/en/hotel/our-hotel.html
District of Columbia,,38.901974,-77.026306,Embassy Suites Washington DC Convention Center,3.0,"<p>HeadLine : Near Walter E. Washington Convention Center</p><p>Location : With a stay at Embassy Suites by Hilton Washington D.C.  Convention Center, you ll be centrally located in Washington, just a 4-minute walk from Walter E. Washington Convention Center and 13 minutes by foot from White House.  This aparthotel is 0.5 mi (0.8 km) from Capital One Arena and 0.8 mi (1.2 km) from Smithsonian Institution.</p><p>Rooms : Make yourself at home in one of the 388 guestrooms featuring refrigerators and microwaves. Your pillowtop bed comes with premium bedding. 37-inch flat-screen televisions with cable programming provide entertainment, while wireless Internet access (surcharge) keeps you connected. Private bathrooms with showers feature complimentary toiletries and hair dryers.</p><p>Dining : You can enjoy a meal at Brickstones Kitchen & Bar serving the guests of Embassy Suites by Hilton Washington D.C.  Convention Center, or stop in at the snack bar/deli. Mingle with other guests at the complimentary reception, held daily. A complimentary cooked-to-order breakfast is served on weekdays from 6:30 AM to 9:30 AM and on weekends from 6:30 AM to 10:30 AM.</p><p>CheckIn Instructions : <ul>  <li>Extra-person charges may apply and vary depending on property policy</li><li>Government-issued photo identification and a credit card, debit card, or cash deposit may be required at check-in for incidental charges</li><li>Special requests are subject to availability upon check-in and may incur additional charges; special requests cannot be guaranteed</li><li>The name on the credit card used at check-in to pay for incidentals must be the primary name on the guestroom reservation</li><li>This property accepts credit cards, debit cards, and cash</li>  </ul></p><p>Special Instructions : Front desk staff will greet guests on arrival.</p>",Dry cleaning/laundry service Shopping on site Free reception Number of meeting rooms - 9 Wired Internet access - surcharge WiFi (surcharge) Braille or raised signage Assistive listening devices available Number of indoor pools - 1 In-room accessibility (in select rooms) Wheelchair accessible parking Roll-in shower (in select rooms) Accessible bathroom (in select rooms) Free Cooked-to-Order Breakfast Wheelchair-accessible on-site restaurant Free breakfast Visual alarms in hallways Multilingual staff Handrails in stairways Handrails in hallways Electric car charging station Daily Laundry facilities elevator Banquet hall Wheelchair accessible (may have limitations) Covered parking Wheelchair-accessible concierge desk Food and water bowls Wheelchair-accessible van parking Assistive listening devices in meeting rooms Wheelchair-accessible path to elevator Valet for wheelchair-equipped vehicle Change of bed sheets (on request) Wheelchair-accessible registration desk Wheelchair-accessible fitness center Wheelchair-accessible pool Wheelchair-accessible public washroom Well-lit path to entrance Change of towels (on request) Stair-free path to entrance Wedding services 24-hour fitness facilities Luggage storage Express check-out Porter/bellhop 24-hour front desk Smoke-free property Snack bar/deli Valet parking (surcharge) ATM/banking Wheelchair accessible path of travel,Distances are displayed to the nearest 0.1 mile and kilometer. <br /> <p>CityCenterDC - 0.2 km / 0.1 mi <br /> Walter E. Washington Convention Center - 0.4 km / 0.2 mi <br /> Martin Luther King Jr. Memorial Library - 0.6 km / 0.4 mi <br /> Ford s Theater - 0.6 km / 0.4 mi <br /> Smithsonian American Art Museum - 0.7 km / 0.4 mi <br /> National Portrait Gallery - 0.7 km / 0.4 mi <br /> Capital One Arena - 0.8 km / 0.5 mi <br /> Warner Theatre - 0.8 km / 0.5 mi <br /> Lafayette Square - 0.9 km / 0.6 mi <br /> National Theatre - 0.9 km / 0.6 mi <br /> K Street - 1 km / 0.6 mi <br /> White House - 1.1 km / 0.7 mi <br /> National Archives - 1.2 km / 0.7 mi <br /> Smithsonian Institution - 1.2 km / 0.8 mi <br /> Embassy Row - 1.3 km / 0.8 mi <br /> </p><p>The nearest airports are:<br />Ronald Reagan Washington National Airport (DCA) - 9 km / 5.6 mi<br /> Baltimore Washington Intl. Airport (BWI) - 50.3 km / 31.2 mi<br /> Washington Dulles Intl. Airport (IAD) - 44 km / 27.3 mi<br /> College Park  MD (CGS) - 19.1 km / 11.9 mi<br /> Fort Meade  MD (FME-Tipton) - 36.2 km / 22.5 mi<br /> </p><p>The preferred airport for Embassy Suites by Hilton Washington D.C.  Convention Center is Ronald Reagan Washington National Airport (DCA). </p>,900 10th Street NW WashingtonDistrict of Columbia 20001 ,20001,2027392001,http://embassysuites.hilton.com/en/es/hotels/index.jhtml?ctyhocn=WASCCES
District of Columbia,,38.91736,-76.980128,Quality Inn & Suites New York Avenue,2.0,"Set in a prime location of Washington D.C., Quality Inn & Suites New York Avenue puts everything the city has to offer just outside your doorstep. Both business travelers and tourists can enjoy the hotel's facilities and services. Facilities like free Wi-Fi in all rooms, facilities for disabled guests, Wi-Fi in public areas, car park, tours are readily available for you to enjoy. Each guestroom is elegantly furnished and equipped with handy amenities. Enjoy the hotel's recreational facilities, including hot tub, fitness center, before retiring to your room for a well-deserved rest. A welcoming atmosphere and excellent service are what you can expect during your stay at Quality Inn & Suites New York Avenue.",land sports access getting around available in all rooms languages spoken accessibility Internet access things to do  ways to relax cleanliness and safety dining  drinking  and snacking services and conveniences for the kids,,New York Avenue Northeast 1600 WashingtonDistrict of Columbia 20002 ,20002,2028323200,http://washingtondccomfortinn.com/
District of Columbia,,38.90179,-77.01965,Hampton Inn DC Convention Center,2.0,"<p>HeadLine : Near Capital One Arena</p><p>Location : Located in Washington (Downtown Washington D.C.), Hampton Inn Washington-Downtown-Convention Center is within a 10-minute walk of Capital One Arena and Walter E. Washington Convention Center.  This aparthotel is 0.8 mi (1.3 km) from National Mall and 1.2 mi (1.9 km) from White House.</p><p>Rooms : Make yourself at home in one of the 228 guestrooms featuring refrigerators and microwaves. Complimentary wired and wireless Internet access keeps you connected, and cable programming provides entertainment. Private bathrooms with shower/tub combinations feature complimentary toiletries and hair dryers. Conveniences include laptop-compatible safes and coffee/tea makers, as well as phones with free local calls.</p><p>Dining : Enjoy a meal at the restaurant, or stay in and take advantage of the aparthotel s room service. Quench your thirst with your favorite drink at the bar/lounge. A complimentary on-the-go breakfast is served daily from 6 AM to 10 AM.</p><p>CheckIn Instructions : <ul>  <li>Extra-person charges may apply and vary depending on property policy</li><li>Government-issued photo identification and a credit card, debit card, or cash deposit may be required at check-in for incidental charges</li><li>Special requests are subject to availability upon check-in and may incur additional charges; special requests cannot be guaranteed</li><li>The name on the credit card used at check-in to pay for incidentals must be the primary name on the guestroom reservation</li><li>Guests must contact this property in advance to reserve cribs/infant beds and rollaway/extra beds</li><li>This property accepts credit cards and debit cards; cash is not accepted</li><li>Onsite parties or group events are strictly prohibited</li><li>Safety features at this property include a fire extinguisher and a smoke detector</li>  </ul></p><p>Special Instructions : Front desk staff will greet guests on arrival.</p>",Express check-in Number of meeting rooms - 1 Wheelchair-accessible path to elevator Valet for wheelchair-equipped vehicle Wheelchair-accessible registration desk Television in common areas Wheelchair-accessible fitness center Free WiFi Number of bars/lounges - 1 Braille or raised signage Well-lit path to entrance Assistive listening devices available In-room accessibility (in select rooms) Parking onsite Stair-free path to entrance Free newspapers in lobby Roll-in shower (in select rooms) Internet access - wireless Accessible bathroom (in select rooms) 24-hour fitness facilities Free breakfast to go Luggage storage Wheelchair-accessible on-site restaurant Free breakfast Multilingual staff Business center 24-hour front desk Electric car charging station Daily Wheelchair-accessible meeting spaces/business center Safe-deposit box at front desk Smoke-free property Coffee/tea in common areas Laundry facilities elevator Fitness facilities Valet parking (surcharge) Terrace ATM/banking Wheelchair accessible path of travel Gift shops or newsstand Dry cleaning/laundry service Shopping on site Wheelchair accessible (may have limitations) Wheelchair-accessible concierge desk secured parking,Distances are displayed to the nearest 0.1 mile and kilometer. <br /> <p>Capital One Arena - 0.5 km / 0.3 mi <br /> CityCenterDC - 0.5 km / 0.3 mi <br /> Walter E. Washington Convention Center - 0.5 km / 0.3 mi <br /> Smithsonian American Art Museum - 0.7 km / 0.4 mi <br /> National Portrait Gallery - 0.7 km / 0.4 mi <br /> Martin Luther King Jr. Memorial Library - 0.8 km / 0.5 mi <br /> Ford s Theater - 1.1 km / 0.7 mi <br /> National Gallery of Art - 1.1 km / 0.7 mi <br /> National Archives - 1.1 km / 0.7 mi <br /> National Mall - 1.3 km / 0.8 mi <br /> Smithsonian Institution - 1.3 km / 0.8 mi <br /> Union Station Shopping Center - 1.3 km / 0.8 mi <br /> Warner Theatre - 1.4 km / 0.8 mi <br /> National Theatre - 1.5 km / 0.9 mi <br /> Lafayette Square - 1.5 km / 0.9 mi <br /> </p><p>The nearest airports are:<br />Ronald Reagan Washington National Airport (DCA) - 10.1 km / 6.3 mi<br /> Baltimore Washington Intl. Airport (BWI) - 49.7 km / 30.9 mi<br /> Washington Dulles Intl. Airport (IAD) - 44.5 km / 27.7 mi<br /> College Park  MD (CGS) - 18.6 km / 11.5 mi<br /> Fort Meade  MD (FME-Tipton) - 35.7 km / 22.2 mi<br /> </p><p>The preferred airport for Hampton Inn Washington-Downtown-Convention Center is Ronald Reagan Washington National Airport (DCA). </p>,901 6th Street NW Washington D.CDistrict of Columbia 20001-2646 ,20001,2028422500,http://hamptoninn3.hilton.com/en/hotels/district-o
District of Columbia,,38.917317,-77.047548,The Normandy Hotel,3.0,"<p>HeadLine : In Washington (Northwest)</p><p>Location : With a stay at The Normandy Hotel in Washington (Northwest), you ll be within a 5-minute drive of Phillips Collection and Smithsonian s National Zoo.  This hotel is 1.8 mi (2.9 km) from White House and 2 mi (3.3 km) from Lincoln Memorial.</p><p>Rooms : Make yourself at home in one of the 75 guestrooms featuring refrigerators and LED televisions. Complimentary wired and wireless Internet access keeps you connected, and satellite programming provides entertainment. Private bathrooms with showers feature complimentary toiletries and hair dryers. Conveniences include safes and desks, and housekeeping is provided on request.</p><p>Dining : Mingle with other guests at the complimentary reception, held daily. Continental breakfasts are available daily from 7:00 AM to 10:00 AM for a fee.</p><p>CheckIn Instructions : <ul>  <li>Extra-person charges may apply and vary depending on property policy</li><li>Government-issued photo identification and a credit card, debit card, or cash deposit may be required at check-in for incidental charges</li><li>Special requests are subject to availability upon check-in and may incur additional charges; special requests cannot be guaranteed</li><li>This property accepts credit cards and debit cards; cash is not accepted</li><li>Please note that cultural norms and guest policies may differ by country and by property; the policies listed are provided by the property</li>  </ul></p><p>Special Instructions : Front desk staff will greet guests on arrival.</p>",Wheelchair accessible (may have limitations) Parking (limited spaces) Free reception Number of meeting rooms - 1 Wheelchair-accessible registration desk Free WiFi Wheelchair-accessible public washroom Braille or raised signage Assistive listening devices available In-room accessibility (in select rooms) Wheelchair accessible parking Parking onsite Roll-in shower (in select rooms) Wedding services Accessible bathroom (in select rooms) Fireplace in lobby Luggage storage Business center 24-hour front desk Breakfast available (surcharge) Library Wheelchair-accessible meeting spaces/business center Housekeeping on request Smoke-free property elevator Valet parking (surcharge) Computer station Terrace Concierge services 24-hour business center,Distances are displayed to the nearest 0.1 mile and kilometer. <br /> <p>Embassy Row - 0.8 km / 0.5 mi <br /> Phillips Collection - 0.8 km / 0.5 mi <br /> Embassy of Haiti - 0.9 km / 0.5 mi <br /> Dupont Circle - 0.9 km / 0.6 mi <br /> Smithsonian s National Zoo - 1.7 km / 1.1 mi <br /> George Washington University Hospital - 1.9 km / 1.2 mi <br /> K Street - 2.3 km / 1.5 mi <br /> Lafayette Square - 2.4 km / 1.5 mi <br /> World Bank - 2.4 km / 1.5 mi <br /> George Washington University - 2.6 km / 1.6 mi <br /> Watergate Complex - 2.6 km / 1.6 mi <br /> Rock Creek Park - 2.6 km / 1.6 mi <br /> Smithsonian Institution - 2.6 km / 1.6 mi <br /> Howard University - 2.6 km / 1.6 mi <br /> Georgetown Waterfront Park - 2.7 km / 1.7 mi <br /> </p><p>The nearest airports are:<br />Ronald Reagan Washington National Airport (DCA) - 11.8 km / 7.3 mi<br /> Baltimore Washington Intl. Airport (BWI) - 52.2 km / 32.4 mi<br /> Washington Dulles Intl. Airport (IAD) - 42.6 km / 26.4 mi<br /> College Park  MD (CGS) - 21 km / 13.1 mi<br /> Gaithersburg  MD (GAI-Montgomery County Airpark) - 37.1 km / 23.1 mi<br /> </p><p>The preferred airport for The Normandy Hotel is Ronald Reagan Washington National Airport (DCA). </p>,2118 Wyoming Avenue N.W WashingtonDistrict of Columbia 20008 ,20008,2024831350,http://www.thenormandydc.com/
District of Columbia,,38.88603,-77.00347,Capitol Hill Hotel,4.0,"<p>HeadLine : Near United States Capitol</p><p>Location : In the heart of Washington, Capitol Hill Hotel is within a 5-minute drive of National Mall and National Air and Space Museum.  This 4-star hotel is 1 mi (1.6 km) from Nationals Park and 1.6 mi (2.6 km) from Capital One Arena.</p><p>Rooms : Make yourself at home in one of the 153 guestrooms, featuring kitchenettes with refrigerators and microwaves. Conveniences include phones, as well as safes and desks.</p><p>Dining : Grab a bite from the snack bar/deli, or stay in and take advantage of the hotel s room service (during limited hours). A complimentary continental breakfast is served on weekdays from 6:00 AM to 10:00 AM.</p><p>CheckIn Instructions : <ul>  <li>Extra-person charges may apply and vary depending on property policy</li><li>Government-issued photo identification and a credit card, debit card, or cash deposit may be required at check-in for incidental charges</li><li>Special requests are subject to availability upon check-in and may incur additional charges; special requests cannot be guaranteed</li><li>This property accepts credit cards; cash is not accepted</li><li>Safety features at this property include a carbon monoxide detector, a fire extinguisher, a smoke detector, a security system, a first aid kit, and window guards</li><li>Please note that cultural norms and guest policies may differ by country and by property; the policies listed are provided by the property</li>  </ul></p><p>Special Instructions : If you are planning to arrive after 10:00 PM please contact the property in advance using the information on the booking confirmation. Front desk staff will greet guests on arrival.</p>",Dry cleaning/laundry service Garage Wheelchair accessible (may have limitations) Number of meeting rooms - 4 Wheelchair-accessible registration desk Television in common areas Braille or raised signage Assistive listening devices available In-room accessibility (in select rooms) Wheelchair accessible parking Free newspapers in lobby Roll-in shower (in select rooms) Accessible bathroom (in select rooms) Fireplace in lobby Free continental breakfast Off-street parking Luggage storage Free breakfast Express check-out Porter/bellhop Coin laundry on site Multilingual staff Business center 24-hour front desk Library Safe-deposit box at front desk Smoke-free property Coffee/tea in common areas Snack bar/deli Laundry facilities elevator Fitness facilities Self parking (surcharge) Valet parking (surcharge) ATM/banking Concierge services,Distances are displayed to the nearest 0.1 mile and kilometer. <br /> <p>Library of Congress - 0.3 km / 0.2 mi <br /> Supreme Court of the United States - 0.5 km / 0.3 mi <br /> United States Capitol - 0.8 km / 0.5 mi <br /> National Mall - 1.2 km / 0.7 mi <br /> Smithsonian Institution - 1.5 km / 0.9 mi <br /> Union Station Shopping Center - 1.5 km / 0.9 mi <br /> Museum of the Bible - 1.5 km / 0.9 mi <br /> National Air and Space Museum - 1.5 km / 1 mi <br /> Nationals Park - 1.6 km / 1 mi <br /> Washington Navy Yard - 1.7 km / 1 mi <br /> Hirshhorn Museum and Sculpture Garden - 1.8 km / 1.1 mi <br /> National Gallery of Art - 1.9 km / 1.2 mi <br /> National Archives - 2.1 km / 1.3 mi <br /> International Spy Museum - 2.3 km / 1.4 mi <br /> L Enfant Plaza - 2.3 km / 1.5 mi <br /> </p><p>The nearest airports are:<br />Ronald Reagan Washington National Airport (DCA) - 9.4 km / 5.8 mi<br /> Baltimore Washington Intl. Airport (BWI) - 49.9 km / 31 mi<br /> Washington Dulles Intl. Airport (IAD) - 48.1 km / 29.9 mi<br /> College Park  MD (CGS) - 18.8 km / 11.7 mi<br /> Fort Meade  MD (FME-Tipton) - 35.7 km / 22.2 mi<br /> </p><p></p>,200 C St Se WashingtonDistrict of Columbia 20003 ,20003,2025436000,http://www.capitolhillhotel-dc.com/
District of Columbia,,38.904493,-77.059154,Georgetown Suites,2.0,"<p>HeadLine : Near George Washington University Hospital</p><p>Location : A stay at Georgetown Suites Courtyard places you in the heart of Washington, within a 15-minute walk of Kennedy Center and George Washington University Hospital.  This aparthotel is 0.9 mi (1.5 km) from George Washington University and 1.5 mi (2.4 km) from Lincoln Memorial.</p><p>Rooms : Make yourself at home in one of the 217 air-conditioned rooms featuring kitchens with refrigerators and stovetops. LCD televisions with cable programming provide entertainment, while complimentary wireless Internet access keeps you connected. Conveniences include laptop-compatible safes and desks, as well as phones with free local calls.</p><p>Dining : A complimentary continental breakfast is served daily.</p><p>CheckIn Instructions : Extra-person charges may apply and vary depending on property policy. <br />Government-issued photo identification and a credit card, debit card, or cash deposit are required at check-in for incidental charges. <br />Special requests are subject to availability upon check-in and may incur additional charges. Special requests cannot be guaranteed. <ul>  Please note that cultural norms and guest policies may differ by country and by property. The policies listed are provided by the property. </ul></p>",,Distances are displayed to the nearest 0.1 mile and kilometer. <br /> <p>Georgetown Waterfront Park - 0.8 km / 0.5 mi <br /> Watergate Complex - 0.9 km / 0.6 mi <br /> George Washington University Hospital - 1.1 km / 0.7 mi <br /> Kennedy Center - 1.2 km / 0.7 mi <br /> George Washington University - 1.4 km / 0.9 mi <br /> Embassy of Cameroon - 1.5 km / 0.9 mi <br /> Embassy of India - 1.7 km / 1 mi <br /> Georgetown University - 1.7 km / 1.1 mi <br /> Dupont Circle - 1.7 km / 1.1 mi <br /> World Bank - 1.7 km / 1.1 mi <br /> National Geographic Society - 2.1 km / 1.3 mi <br /> Vietnam Veterans Memorial - 2.1 km / 1.3 mi <br /> Lafayette Square - 2.2 km / 1.4 mi <br /> Lincoln Memorial - 2.3 km / 1.5 mi <br /> White House - 2.5 km / 1.5 mi <br /> </p><p>The nearest airports are:<br />Washington  DC (DCA-Ronald Reagan Washington National) - 9.5 km / 5.9 mi<br /> College Park  MD (CGS) - 26.1 km / 16.2 mi<br /> Washington  DC (IAD-Washington Dulles Intl.) - 42.3 km / 26.3 mi<br /> Fort Meade  MD (FME-Tipton) - 44.1 km / 27.4 mi<br /> Gaithersburg  MD (GAI-Montgomery County Airpark) - 47.4 km / 29.5 mi<br /> </p><p>The preferred airport for Georgetown Suites Courtyard is Washington  DC (DCA-Ronald Reagan Washington National). </p>,1111 30th Street Northwest Washington D.C.District of Columbia 20007 ,20007,2022987800,http://www.georgetownsuites.com
District of Columbia,,38.90564,-77.033,The Westin Washington D.C. City Center,4.0,"<p>HeadLine : Near White House</p><p>Location : In the heart of Washington, The Westin Washington, D.C. City Center is within a 5-minute drive of National Mall and Capital One Arena.  This 4-star aparthotel is 0.7 mi (1.2 km) from White House and 1.2 mi (2 km) from National Museum of African American History and Culture.</p><p>Rooms : Make yourself at home in one of the 410 guestrooms featuring refrigerators and LCD televisions. Your pillowtop bed comes with down comforters and Egyptian cotton sheets. Complimentary wireless Internet access keeps you connected, and cable programming is available for your entertainment. Partially open bathrooms with showers feature rainfall showerheads and complimentary toiletries.</p><p>Dining : Satisfy your appetite at Infamy Restaurant & Bar, a restaurant which features a bar/lounge. Dining is also available at the coffee shop/cafe. Full breakfasts are served on weekdays from 6:00 AM to 10:00 AM and on weekends from 7:00 AM to 11:00 AM for a fee.</p><p>CheckIn Instructions : <ul>  <li>Extra-person charges may apply and vary depending on property policy</li><li>Government-issued photo identification and a credit card, debit card, or cash deposit may be required at check-in for incidental charges</li><li>Special requests are subject to availability upon check-in and may incur additional charges; special requests cannot be guaranteed</li><li>This property accepts credit cards, debit cards, and cash</li><li>This property reserves the right to pre-authorize the guest s credit card prior to arrival.</li>  </ul></p><p>Special Instructions : This property doesn t offer after-hours check-in. Front desk staff will greet guests on arrival.</p>",Dry cleaning/laundry service Shopping on site Conference space size (meters) - 1576 Free WiFi Number of bars/lounges - 1 Braille or raised signage Assistive listening devices available In-room accessibility (in select rooms) Wheelchair accessible parking Roll-in shower (in select rooms) Tours/ticket assistance Accessible bathroom (in select rooms) LED light bulbs Wheelchair-accessible on-site restaurant No accessible shuttle Visual alarms in hallways Multilingual staff Handrails in stairways Wheelchairs available on site Breakfast available (surcharge) Number of accessible parking spaces - 5 Wheelchair-accessible meeting spaces/business center Number of coffee shops/cafes - 1 elevator Wheelchair accessible (may have limitations) Ballroom Wheelchair-accessible concierge desk Food and water bowls Assistive listening devices in meeting rooms Meeting rooms Wheelchair-accessible path to elevator Wheelchair-accessible registration desk Wheelchair-accessible fitness center Wheelchair-accessible public washroom Well-lit path to entrance Internet access in public areas - surcharge Wedding services 24-hour fitness facilities Yoga classes/instruction on site Luggage storage Express check-out Porter/bellhop Business center 24-hour front desk Golfing nearby Smoke-free property Conference space Valet parking (surcharge) ATM/banking Wheelchair accessible path of travel Conference space size (feet) - 16961 Concierge services,Distances are displayed to the nearest 0.1 mile and kilometer. <br /> <p>Embassy Row - 0.5 km / 0.3 mi <br /> National Geographic Museum - 0.5 km / 0.3 mi <br /> K Street - 0.7 km / 0.4 mi <br /> Lafayette Square - 0.7 km / 0.5 mi <br /> Walter E. Washington Convention Center - 0.9 km / 0.6 mi <br /> CityCenterDC - 1 km / 0.6 mi <br /> Dupont Circle - 1.1 km / 0.7 mi <br /> White House - 1.1 km / 0.7 mi <br /> Smithsonian Institution - 1.2 km / 0.7 mi <br /> Warner Theatre - 1.2 km / 0.8 mi <br /> National Theatre - 1.3 km / 0.8 mi <br /> World Bank - 1.4 km / 0.9 mi <br /> Smithsonian American Art Museum - 1.5 km / 0.9 mi <br /> National Portrait Gallery - 1.5 km / 0.9 mi <br /> Martin Luther King Jr. Memorial Library - 1.5 km / 0.9 mi <br /> </p><p>The nearest airports are:<br />Ronald Reagan Washington National Airport (DCA) - 9 km / 5.6 mi<br /> Baltimore Washington Intl. Airport (BWI) - 51.2 km / 31.8 mi<br /> Washington Dulles Intl. Airport (IAD) - 41.6 km / 25.8 mi<br /> College Park  MD (CGS) - 20 km / 12.4 mi<br /> Gaithersburg  MD (GAI-Montgomery County Airpark) - 40.9 km / 25.4 mi<br /> </p><p>The preferred airport for The Westin Washington  D.C. City Center is Ronald Reagan Washington National Airport (DCA). </p>,1400 M Street Nw WashingtonDistrict of Columbia 20005 ,20005,2024291700,http://www.starwoodhotels.com/westin/property/overview/index.html?propertyID=1761
District of Columbia,,38.90474,-77.04884,The Ritz Carlton Washington DC,,"<p>HeadLine : Near Dupont Circle</p><p>Location : In the heart of Washington, The Ritz-Carlton, Washington, D.C. is within a 5-minute drive of Lincoln Memorial and National Mall.  This 5-star aparthotel is 1.5 mi (2.4 km) from White House and 1.6 mi (2.6 km) from Georgetown Waterfront Park.</p><p>Rooms : Make yourself at home in one of the 300 guestrooms featuring refrigerators and Smart televisions. Your bed comes with down comforters and Egyptian cotton sheets. Cable programming and iPod docking stations are provided for your entertainment, with wired and wireless Internet access available for a surcharge. Private bathrooms with separate bathtubs and showers feature designer toiletries and hair dryers.</p><p>Dining : Enjoy a meal at the restaurant, or stay in and take advantage of the aparthotel s 24-hour room service. Wrap up your day with a drink at the bar/lounge. Cooked-to-order breakfasts are served on weekdays from 7:00 AM to 11:00 AM and on weekends from 7 AM to 11:00 AM for a fee.</p><p>CheckIn Instructions : <ul>  <li>Extra-person charges may apply and vary depending on property policy</li><li>Government-issued photo identification and a credit card, debit card, or cash deposit may be required at check-in for incidental charges</li><li>Special requests are subject to availability upon check-in and may incur additional charges; special requests cannot be guaranteed</li><li>This property accepts credit cards, debit cards, and cash</li><li>Please note that cultural norms and guest policies may differ by country and by property; the policies listed are provided by the property</li>  </ul></p><p>Special Instructions : Front desk staff will greet guests on arrival.  Due to COVID-19, guests 12 and older must provide proof of COVID-19 vaccination to access the property s public areas, including the restaurant, bar, pool, and spa facilities.</p>",Gift shops or newsstand Dry cleaning/laundry service Shopping on site RV  bus  truck parking (surcharge) Free wired Internet Limo or Town Car service available Free WiFi Number of bars/lounges - 1 Braille or raised signage Assistive listening devices available In-room accessibility (in select rooms) Bicycle rentals nearby Wheelchair accessible parking Tours/ticket assistance Accessible bathroom (in select rooms) Wheelchair-accessible lounge Wheelchair-accessible on-site restaurant No accessible shuttle Visual alarms in hallways Breakfast available (surcharge) Number of accessible parking spaces - 2 Wheelchair-accessible meeting spaces/business center Segway rental/tour nearby Laundry facilities elevator Business center Fitness facilities 24-hour front desk Mountain biking nearby Golfing nearby Wheelchair accessible (may have limitations) Safe-deposit box at front desk Ballroom Smoke-free property Wheelchair-accessible concierge desk Hiking/biking trails nearby Express check-in Use of nearby fitness center (discount) Meeting rooms Self parking (surcharge) Wheelchair-accessible path to elevator Valet parking (surcharge) Wheelchair-accessible spa ATM/banking Wheelchair-accessible registration desk Wheelchair accessible path of travel Television in common areas Concierge services Wheelchair-accessible fitness center 24-hour business center Wheelchair-accessible public washroom Spa treatment room(s) Well-lit path to entrance Stair-free path to entrance Full-service spa Wedding services Luggage storage Express check-out Porter/bellhop,Distances are displayed to the nearest 0.1 mile and kilometer. <br /> <p>George Washington University Hospital - 0.4 km / 0.2 mi <br /> Embassy Row - 0.7 km / 0.4 mi <br /> Dupont Circle - 0.8 km / 0.5 mi <br /> George Washington University - 0.9 km / 0.6 mi <br /> World Bank - 1 km / 0.6 mi <br /> Embassy of Haiti - 1 km / 0.6 mi <br /> Watergate Complex - 1.1 km / 0.7 mi <br /> Kennedy Center - 1.4 km / 0.9 mi <br /> K Street - 1.4 km / 0.9 mi <br /> Georgetown Waterfront Park - 1.5 km / 0.9 mi <br /> Lafayette Square - 1.5 km / 0.9 mi <br /> White House - 1.6 km / 1 mi <br /> National Mall - 1.6 km / 1 mi <br /> Smithsonian Institution - 1.6 km / 1 mi <br /> Vietnam Veterans Memorial - 1.8 km / 1.1 mi <br /> </p><p>The nearest airports are:<br />Ronald Reagan Washington National Airport (DCA) - 10.8 km / 6.7 mi<br /> Baltimore Washington Intl. Airport (BWI) - 52.7 km / 32.7 mi<br /> Washington Dulles Intl. Airport (IAD) - 41.3 km / 25.7 mi<br /> College Park  MD (CGS) - 21.5 km / 13.4 mi<br /> Gaithersburg  MD (GAI-Montgomery County Airpark) - 37.9 km / 23.5 mi<br /> </p><p>The preferred airport for The Ritz-Carlton  Washington  D.C. is Ronald Reagan Washington National Airport (DCA). </p>,1150 22Nd Street Nw Washington D.C.District of Columbia 20037 ,20037,2028350500,http://www.ritzcarlton.com
District of Columbia,,38.912242,-77.036012,Embassy Inn Hotel,3.0,"<p>HeadLine : In Washington (Northwest)</p><p>Location : With a stay at Sonder at Found Dupont Circle in Washington (Northwest), you ll be within a 5-minute drive of National Mall and National Museum of African American History and Culture.  This hotel is 1.3 mi (2 km) from White House and 1 mi (1.7 km) from Smithsonian Institution.</p><p>Rooms : Make yourself at home in one of the 39 individually decorated guestrooms, featuring refrigerators and flat-screen televisions. Digital television is provided for your entertainment. Private bathrooms with bathtubs or showers feature designer toiletries and hair dryers. Conveniences include desks and coffee/tea makers, and you can also request cribs/infant beds (complimentary).</p><p>CheckIn Instructions : <ul>  <li>Extra-person charges may apply and vary depending on property policy</li><li>Government-issued photo identification and a credit card, debit card, or cash deposit may be required at check-in for incidental charges</li><li>Special requests are subject to availability upon check-in and may incur additional charges; special requests cannot be guaranteed</li><li>This property accepts credit cards; cash is not accepted</li><li>Safety features at this property include a fire extinguisher, a smoke detector, and a first aid kit</li>  </ul></p><p>Special Instructions : There is no front desk at this property. Guests planning to arrive outside of normal check-in hours will receive an email with check-in instructions and an access code. Guests can access their accommodation through a private entrance.</p>",Smoke-free property Wheelchair accessible  no Luggage storage elevator Lockers available Outdoor furniture Shared microwave Concierge services Free WiFi,Distances are displayed to the nearest 0.1 mile and kilometer. <br /> <p>Embassy Row - 0.6 km / 0.4 mi <br /> Dupont Circle - 0.8 km / 0.5 mi <br /> National Geographic Museum - 1 km / 0.6 mi <br /> K Street - 1.2 km / 0.7 mi <br /> Embassy of Haiti - 1.4 km / 0.9 mi <br /> Lafayette Square - 1.6 km / 1 mi <br /> Smithsonian Institution - 1.7 km / 1.1 mi <br /> Walter E. Washington Convention Center - 1.8 km / 1.1 mi <br /> CityCenterDC - 1.9 km / 1.2 mi <br /> World Bank - 1.9 km / 1.2 mi <br /> White House - 1.9 km / 1.2 mi <br /> Howard University - 2 km / 1.2 mi <br /> George Washington University Hospital - 2.1 km / 1.3 mi <br /> Warner Theatre - 2.2 km / 1.4 mi <br /> National Theatre - 2.2 km / 1.4 mi <br /> </p><p>The nearest airports are:<br />Ronald Reagan Washington National Airport (DCA) - 9.7 km / 6 mi<br /> Baltimore Washington Intl. Airport (BWI) - 51.8 km / 32.2 mi<br /> Washington Dulles Intl. Airport (IAD) - 42.9 km / 26.7 mi<br /> College Park  MD (CGS) - 20.6 km / 12.8 mi<br /> Gaithersburg  MD (GAI-Montgomery County Airpark) - 38.2 km / 23.8 mi<br /> </p><p></p>,1627 16Th Street Northwest Washington D.C.District of Columbia 20009 ,20009,2022347800,http://www.embassy-inn.com/
District of Columbia,,38.904015,-77.042658,Hotel RL Washington DC,3.0,"<p>HeadLine : Near White House</p><p>Location : With a stay at Sonder The Quincy in Washington (Downtown Washington D.C.), you ll be within a 5-minute drive of National Mall and White House.  This aparthotel is 0.6 mi (1 km) from Smithsonian Institution and 1.6 mi (2.6 km) from National Museum of African American History and Culture.</p><p>Rooms : Make yourself at home in one of the 99 individually decorated guestrooms, featuring kitchens with full-sized refrigerators/freezers and microwaves. 40-inch flat-screen televisions are provided, with cable programming available. Conveniences include desks and coffee/tea makers, and you can also request cribs/infant beds (complimentary).</p><p>CheckIn Instructions : <ul>  <li>Extra-person charges may apply and vary depending on property policy</li><li>Government-issued photo identification and a credit card, debit card, or cash deposit may be required at check-in for incidental charges</li><li>Special requests are subject to availability upon check-in and may incur additional charges; special requests cannot be guaranteed</li><li>This property accepts credit cards; cash is not accepted</li><li>Noise-free guestrooms cannot be guaranteed</li>  </ul></p><p>Special Instructions : There is no front desk at this property. Guests will receive an email 72 hours before arrival with check-in instructions and an access code. Guests can access their accommodation through a private entrance.</p>",Wheelchair accessible (may have limitations) Luggage storage Wheelchair-accessible path to elevator Free WiFi Smoke-free property In-room accessibility (in select rooms) Laundry facilities Roll-in shower (in select rooms) Accessible bathroom (in select rooms) elevator Fitness facilities Concierge services,Distances are displayed to the nearest 0.1 mile and kilometer. <br /> <p>Embassy Row - 0.6 km / 0.4 mi <br /> Dupont Circle - 0.7 km / 0.4 mi <br /> World Bank - 0.8 km / 0.5 mi <br /> K Street - 0.8 km / 0.5 mi <br /> Lafayette Square - 0.9 km / 0.5 mi <br /> George Washington University Hospital - 1 km / 0.6 mi <br /> Smithsonian Institution - 1 km / 0.6 mi <br /> White House - 1.4 km / 0.8 mi <br /> George Washington University - 1.5 km / 0.9 mi <br /> Embassy of Haiti - 1.5 km / 0.9 mi <br /> National Mall - 1.6 km / 1 mi <br /> Watergate Complex - 1.7 km / 1 mi <br /> CityCenterDC - 1.8 km / 1.1 mi <br /> Georgetown Waterfront Park - 1.9 km / 1.2 mi <br /> National Theatre - 1.9 km / 1.2 mi <br /> </p><p>The nearest airports are:<br />Ronald Reagan Washington National Airport (DCA) - 11.5 km / 7.2 mi<br /> Baltimore Washington Intl. Airport (BWI) - 52 km / 32.3 mi<br /> Washington Dulles Intl. Airport (IAD) - 42.1 km / 26.2 mi<br /> College Park  MD (CGS) - 20.8 km / 12.9 mi<br /> Gaithersburg  MD (GAI-Montgomery County Airpark) - 38.4 km / 23.9 mi<br /> </p><p></p>,1823 L St Nw Washington D.C.District of Columbia 20036 ,20036,2022234320,http://www.redlion.com/washington-dc
District of Columbia,,38.915287,-77.036526,Windsor Inn Hotel,2.0,"<p>HeadLine : In Washington (Northwest)</p><p>Location : With a stay at Windsor Inn Hotel in Washington (Northwest), you ll be within a 5-minute drive of National Mall and National Museum of African American History and Culture.  This hotel is 1.4 mi (2.3 km) from White House and 1 mi (1.6 km) from Howard University.</p><p>Rooms : Make yourself at home in one of the 46 air-conditioned rooms featuring flat-screen televisions. Complimentary wireless Internet access keeps you connected, and cable programming is available for your entertainment. Private bathrooms with shower/tub combinations feature complimentary toiletries and hair dryers. Conveniences include phones with free local calls.</p><p>CheckIn Instructions : <ul>  <li>Extra-person charges may apply and vary depending on property policy</li><li>Government-issued photo identification and a credit card, debit card, or cash deposit may be required at check-in for incidental charges</li><li>Special requests are subject to availability upon check-in and may incur additional charges; special requests cannot be guaranteed</li><li>This property accepts credit cards and cash</li>  </ul></p><p>Special Instructions : Front desk staff will greet guests on arrival.</p>",Library Smoke-free property Free newspapers in lobby Wheelchair accessible  no Tours/ticket assistance Luggage storage Number of meeting rooms - 1 24-hour front desk Concierge services Free WiFi,Distances are displayed to the nearest 0.1 mile and kilometer. <br /> <p>Embassy Row - 0.9 km / 0.5 mi <br /> Dupont Circle - 0.9 km / 0.6 mi <br /> National Geographic Museum - 1.2 km / 0.8 mi <br /> K Street - 1.4 km / 0.9 mi <br /> Embassy of Haiti - 1.5 km / 1 mi <br /> Howard University - 1.7 km / 1.1 mi <br /> Lafayette Square - 1.8 km / 1.1 mi <br /> Smithsonian s National Zoo - 1.9 km / 1.2 mi <br /> Smithsonian Institution - 2 km / 1.2 mi <br /> World Bank - 2.1 km / 1.3 mi <br /> Walter E. Washington Convention Center - 2.2 km / 1.3 mi <br /> George Washington University Hospital - 2.2 km / 1.3 mi <br /> CityCenterDC - 2.2 km / 1.4 mi <br /> White House - 2.2 km / 1.4 mi <br /> National Theatre - 2.6 km / 1.6 mi <br /> </p><p>The nearest airports are:<br />Ronald Reagan Washington National Airport (DCA) - 9.9 km / 6.2 mi<br /> Baltimore Washington Intl. Airport (BWI) - 51.2 km / 31.8 mi<br /> Washington Dulles Intl. Airport (IAD) - 42.2 km / 26.2 mi<br /> College Park  MD (CGS) - 20 km / 12.4 mi<br /> Gaithersburg  MD (GAI-Montgomery County Airpark) - 41.5 km / 25.8 mi<br /> </p><p>The preferred airport for Windsor Inn Hotel is Ronald Reagan Washington National Airport (DCA). </p>,1842 16Th Street Nw Washington D.C.District of Columbia 20009 ,20009,2026670300,http://www.windsor-inn-dc.com/
District of Columbia,,38.89696,-77.03339,W Washington DC,4.0,"<p>HeadLine : Near White House</p><p>Location : Located in Washington (Downtown Washington D.C.), Hotel Washington is within a 10-minute walk of White House and National Museum of African American History and Culture.  This 4.5-star aparthotel is 0.5 mi (0.8 km) from Ford s Theater and 0.7 mi (1.2 km) from Capital One Arena.</p><p>Rooms : Make yourself at home in one of the 326 guestrooms featuring refrigerators and espresso makers. Your pillowtop bed comes with down comforters and premium bedding. 37-inch flat-screen televisions with digital programming provide entertainment, while complimentary wireless Internet access keeps you connected. Private bathrooms have designer toiletries and hair dryers.</p><p>Dining : Enjoy a meal at the restaurant, or stay in and take advantage of the aparthotel s room service (during limited hours). Quench your thirst with your favorite drink at the bar/lounge. Cooked-to-order breakfasts are served on weekdays from 7:00 AM to 10:00 AM and on weekends from 7:00 AM to 10:30 AM for a fee.</p><p>CheckIn Instructions : <ul>  <li>Extra-person charges may apply and vary depending on property policy</li><li>Government-issued photo identification and a credit card, debit card, or cash deposit may be required at check-in for incidental charges</li><li>Special requests are subject to availability upon check-in and may incur additional charges; special requests cannot be guaranteed</li><li>This property accepts credit cards, debit cards, mobile payments, and cash</li><li>Mobile payment options include: Google Pay, Apple Pay, and Samsung Pay</li><li>This property reserves the right to pre-authorize the guest s credit card prior to arrival.</li><li>Parties and events are allowed on site</li><li>Noise-free guestrooms cannot be guaranteed</li><li>Please note that cultural norms and guest policies may differ by country and by property; the policies listed are provided by the property</li>  </ul> <ul>  <li>This property charges a USD 100 fee for pet accommodations in addition to the nightly pet fee.</li>  </ul></p><p>Special Instructions : Front desk staff will greet guests on arrival. For more details, please contact the property using the information on the booking confirmation.</p>",Outdoor furniture Outdoor entertainment area Number of meeting rooms - 5 Coworking spaces Free WiFi Number of bars/lounges - 1 Braille or raised signage Assistive listening devices available In-room accessibility (in select rooms) Bicycle rentals nearby Roll-in shower (in select rooms) Tours/ticket assistance Accessible bathroom (in select rooms) Rooftop terrace Wheelchair-accessible on-site restaurant Visual alarms in hallways Multilingual staff Water dispenser Breakfast available (surcharge) Marina nearby Wheelchair-accessible meeting spaces/business center Coffee/tea in common areas elevator Banquet hall Wheelchair accessible (may have limitations) Wheelchair accessible Ballroom Covered parking Wheelchair-accessible concierge desk Reception hall secured parking Wheelchair-accessible path to elevator Wheelchair-accessible spa Wheelchair-accessible registration desk Television in common areas Wheelchair-accessible fitness center Spa treatment room(s) Well-lit path to entrance Full-service spa Wedding services 24-hour fitness facilities Boat tours nearby Off-street parking Luggage storage Porter/bellhop 24-hour front desk Scooter/moped rentals nearby Golfing nearby Spa services on site Housekeeping on request Smoke-free property Snack bar/deli Hiking/biking trails nearby Kayaking nearby Valet parking (surcharge) Terrace ATM/banking Wheelchair accessible path of travel Concierge services,Distances are displayed to the nearest 0.1 mile and kilometer. <br /> <p>National Theatre - 0.3 km / 0.2 mi <br /> Lafayette Square - 0.4 km / 0.2 mi <br /> Warner Theatre - 0.4 km / 0.3 mi <br /> White House - 0.4 km / 0.3 mi <br /> National Mall - 0.6 km / 0.4 mi <br /> National Museum of African American History and Culture - 0.7 km / 0.4 mi <br /> Ford s Theater - 0.8 km / 0.5 mi <br /> Smithsonian Institution - 0.8 km / 0.5 mi <br /> CityCenterDC - 0.8 km / 0.5 mi <br /> K Street - 0.9 km / 0.5 mi <br /> National Museum of American History - 0.9 km / 0.5 mi <br /> Smithsonian American Art Museum - 1 km / 0.6 mi <br /> National Portrait Gallery - 1 km / 0.6 mi <br /> Martin Luther King Jr. Memorial Library - 1 km / 0.6 mi <br /> World Bank - 1 km / 0.6 mi <br /> </p><p>The nearest airports are:<br />Ronald Reagan Washington National Airport (DCA) - 7.7 km / 4.8 mi<br /> Baltimore Washington Intl. Airport (BWI) - 55.5 km / 34.5 mi<br /> Washington Dulles Intl. Airport (IAD) - 43.8 km / 27.2 mi<br /> College Park  MD (CGS) - 24.3 km / 15.1 mi<br /> Fort Meade  MD (FME-Tipton) - 37.1 km / 23.1 mi<br /> </p><p></p>,515 15th Street NW WashingtonDistrict of Columbia 20004 ,20004,2026612400,http://www.starwoodhotels.com/whotels/property/overview/index.html?propertyID=3279&language=en_U
District of Columbia,,38.896786,-77.01098,Washington Court Hotel,4.0,"<p>HeadLine : Near Union Station Shopping Center</p><p>Location : You ll be centrally located in Washington with a stay at Hilton Washington DC Capitol Hill, within a 15-minute walk of Capital One Arena and United States Capitol.  This 4-star hotel is 0.8 mi (1.3 km) from National Mall and 1 mi (1.7 km) from Walter E. Washington Convention Center.</p><p>Rooms : Make yourself at home in one of the 267 guestrooms featuring refrigerators. Complimentary wireless Internet access keeps you connected, and cable programming is available for your entertainment. Private bathrooms with bathtubs or showers feature designer toiletries and hair dryers. Conveniences include phones, as well as safes and coffee/tea makers.</p><p>Dining : You can enjoy a meal at the restaurant serving the guests of Hilton Washington DC Capitol Hill, or stop in at the snack bar/deli. Wrap up your day with a drink at the bar/lounge.</p><p>CheckIn Instructions : <ul>  <li>Extra-person charges may apply and vary depending on property policy</li><li>Government-issued photo identification and a credit card may be required at check-in for incidental charges</li><li>Special requests are subject to availability upon check-in and may incur additional charges; special requests cannot be guaranteed</li><li>This property accepts credit cards; cash is not accepted</li><li>Safety features at this property include a carbon monoxide detector, a fire extinguisher, a smoke detector, a first aid kit, and window guards</li>  </ul></p><p>Special Instructions : Front desk staff will greet guests on arrival.</p>",Segway rental/tour nearby elevator Fitness facilities Banquet hall Wheelchair accessible (may have limitations) Ballroom Covered parking Vending machine Wheelchair-accessible concierge desk secured parking Wheelchair-accessible path to elevator Valet for wheelchair-equipped vehicle Wheelchair-accessible registration desk Television in common areas Wheelchair-accessible fitness center Well-lit path to entrance Stair-free path to entrance Wedding services Couples/private dining Luggage storage 24-hour front desk Housekeeping on request Safe-deposit box at front desk Smoke-free property Snack bar/deli Hiking/biking trails nearby Conference space Valet parking (surcharge) Conference space size (feet) - 20083 Concierge services Dry cleaning/laundry service Proposal/romance packages available Outdoor furniture Number of meeting rooms - 22 Conference space size (meters) - 1866 Free WiFi Number of bars/lounges - 1 Braille or raised signage Assistive listening devices available In-room accessibility (in select rooms) Bicycle rentals nearby Roll-in shower (in select rooms) Tours/ticket assistance Accessible bathroom (in select rooms) Wheelchair-accessible on-site restaurant Multilingual staff Conference center,Distances are displayed to the nearest 0.1 mile and kilometer. <br /> <p>Smithsonian Institution - 0.4 km / 0.2 mi <br /> Union Station Shopping Center - 0.4 km / 0.2 mi <br /> Capital One Arena - 1 km / 0.6 mi <br /> United States Capitol - 1 km / 0.6 mi <br /> National Mall - 1.1 km / 0.7 mi <br /> Supreme Court of the United States - 1.2 km / 0.7 mi <br /> Smithsonian American Art Museum - 1.2 km / 0.8 mi <br /> National Portrait Gallery - 1.2 km / 0.8 mi <br /> Library of Congress - 1.2 km / 0.8 mi <br /> National Gallery of Art - 1.2 km / 0.8 mi <br /> National Archives - 1.3 km / 0.8 mi <br /> Ford s Theater - 1.4 km / 0.9 mi <br /> Martin Luther King Jr. Memorial Library - 1.4 km / 0.9 mi <br /> CityCenterDC - 1.4 km / 0.9 mi <br /> National Air and Space Museum - 1.7 km / 1 mi <br /> </p><p>The nearest airports are:<br />Ronald Reagan Washington National Airport (DCA) - 9.5 km / 5.9 mi<br /> Baltimore Washington Intl. Airport (BWI) - 50 km / 31 mi<br /> Washington Dulles Intl. Airport (IAD) - 45.7 km / 28.4 mi<br /> College Park  MD (CGS) - 18.8 km / 11.7 mi<br /> Fort Meade  MD (FME-Tipton) - 36.1 km / 22.4 mi<br /> </p><p>The preferred airport for Hilton Washington DC Capitol Hill is Ronald Reagan Washington National Airport (DCA). </p>,525 New Jersey Ave Nw Washington DCDistrict of Columbia 20001 ,20001,2026282100,http://www.washingtoncourthotel.com/
District of Columbia,,38.90209,-77.03654,St. Regis Hotel Washington D.C.,,"<p>HeadLine : Near White House</p><p>Location : A stay at The St. Regis Washington, D.C. places you in the heart of Washington, within a 15-minute walk of White House and Smithsonian Institution.  This 5-star aparthotel is 0.9 mi (1.5 km) from National Mall and 1.1 mi (1.7 km) from National Museum of African American History and Culture.</p><p>Rooms : Make yourself at home in one of the 172 guestrooms featuring minibars and DVD players. Wired and wireless Internet access is complimentary, while 32-inch LCD televisions with premium TV channels provide entertainment. Private bathrooms with bathtubs or showers feature designer toiletries and hair dryers. Conveniences include phones, as well as safes and desks.</p><p>Dining : Enjoy American cuisine at Decanter, a restaurant which features a bar/lounge, or stay in and take advantage of the 24-hour room service. Continental breakfasts are available daily from 7 AM to 11 AM for a fee.</p><p>CheckIn Instructions : <ul>  <li>Extra-person charges may apply and vary depending on property policy</li><li>Government-issued photo identification and a credit card, debit card, or cash deposit may be required at check-in for incidental charges</li><li>Special requests are subject to availability upon check-in and may incur additional charges; special requests cannot be guaranteed</li><li>The name on the credit card used at check-in to pay for incidentals must be the primary name on the guestroom reservation</li><li>This property accepts credit cards; cash is not accepted</li><li>Please note that cultural norms and guest policies may differ by country and by property; the policies listed are provided by the property</li>  </ul></p><p>Special Instructions : Front desk staff will greet guests on arrival.</p>",Snack bar/deli Hiking/biking trails nearby Conference space Valet parking (surcharge) Computer station Terrace Wheelchair accessible path of travel Conference space size (feet) - 2508 Concierge services Gift shops or newsstand Dry cleaning/laundry service Shopping on site Proposal/romance packages available Conference space size (meters) - 233 Free wired Internet Limo or Town Car service available Electric bicycle charging station Free WiFi Number of bars/lounges - 1 Braille or raised signage Bicycle tour information Assistive listening devices available In-room accessibility (in select rooms) Bicycle rentals nearby Roll-in shower (in select rooms) Tours/ticket assistance Accessible bathroom (in select rooms) Wheelchair-accessible lounge Wheelchair-accessible on-site restaurant Visual alarms in hallways Multilingual staff Breakfast available (surcharge) Wheelchair-accessible meeting spaces/business center Coffee/tea in common areas Laundry facilities elevator Fitness facilities Wheelchair accessible (may have limitations) Ballroom Wheelchair-accessible concierge desk Express check-in Assistive listening devices in meeting rooms Meeting rooms Wheelchair-accessible path to elevator Wheelchair-accessible registration desk Wheelchair-accessible fitness center Well-lit path to entrance Free use of nearby fitness center Stair-free path to entrance Free newspapers in lobby Wedding services Luggage storage Porter/bellhop Business center 24-hour front desk Golfing nearby Safe-deposit box at front desk Smoke-free property,Distances are displayed to the nearest 0.1 mile and kilometer. <br /> <p>K Street - 0.1 km / 0.1 mi <br /> Lafayette Square - 0.2 km / 0.2 mi <br /> National Geographic Museum - 0.5 km / 0.3 mi <br /> Smithsonian Institution - 0.6 km / 0.3 mi <br /> Embassy Row - 0.6 km / 0.4 mi <br /> World Bank - 0.8 km / 0.5 mi <br /> White House - 0.9 km / 0.5 mi <br /> CityCenterDC - 1 km / 0.6 mi <br /> Dupont Circle - 1.1 km / 0.7 mi <br /> National Theatre - 1.2 km / 0.7 mi <br /> Warner Theatre - 1.2 km / 0.7 mi <br /> Walter E. Washington Convention Center - 1.3 km / 0.8 mi <br /> National Mall - 1.4 km / 0.9 mi <br /> Martin Luther King Jr. Memorial Library - 1.5 km / 0.9 mi <br /> National Museum of African American History and Culture - 1.5 km / 0.9 mi <br /> </p><p>The nearest airports are:<br />Ronald Reagan Washington National Airport (DCA) - 8.7 km / 5.4 mi<br /> Baltimore Washington Intl. Airport (BWI) - 51.2 km / 31.8 mi<br /> Washington Dulles Intl. Airport (IAD) - 43.2 km / 26.8 mi<br /> College Park  MD (CGS) - 20 km / 12.4 mi<br /> Gaithersburg  MD (GAI-Montgomery County Airpark) - 38.9 km / 24.2 mi<br /> </p><p></p>,923 16Th Street Northwest WashingtonDistrict of Columbia 20006 ,20006,2026382626,http://www.stregiswashingtondc.com
District of Columbia,,38.89708,-77.009483,Phoenix Park Hotel,3.0,"<p>HeadLine : Near Union Station Shopping Center</p><p>Location : With a stay at Phoenix Park Hotel, you ll be centrally located in Washington, within a 5-minute walk of Smithsonian Institution and Union Station Shopping Center.  This historic hotel is 0.7 mi (1.1 km) from National Mall and 0.6 mi (1 km) from United States Capitol.</p><p>Rooms : Make yourself at home in one of the 149 individually decorated guestrooms, featuring refrigerators and flat-screen televisions. Your pillowtop bed comes with down comforters and Egyptian cotton sheets. Complimentary wireless Internet access is available to keep you connected. Private bathrooms with showers feature designer toiletries and hair dryers.</p><p>Dining : Enjoy a meal at the restaurant, or stay in and take advantage of the hotel s room service (during limited hours). Quench your thirst with your favorite drink at the bar/lounge. Full breakfasts are available for a fee.</p><p>CheckIn Instructions : <ul>  <li>Extra-person charges may apply and vary depending on property policy</li><li>Government-issued photo identification and a credit card, debit card, or cash deposit may be required at check-in for incidental charges</li><li>Special requests are subject to availability upon check-in and may incur additional charges; special requests cannot be guaranteed</li><li>This property accepts credit cards and cash</li><li>Safety features at this property include a carbon monoxide detector, a fire extinguisher, a smoke detector, a security system, a first aid kit, and window guards</li><li>Please note that cultural norms and guest policies may differ by country and by property; the policies listed are provided by the property</li>  </ul></p><p>Special Instructions : Front desk staff will greet guests on arrival.</p>",Valet parking (surcharge) Computer station ATM/banking Wheelchair accessible path of travel Dry cleaning/laundry service Distance from property (miles) - 0.01 Banquet hall Ballroom Covered parking secured parking Lot Hours - End time - midnight Street parking Number of meeting rooms - 5 Lot Hours - Start time - 7:00 AM Television in common areas Free WiFi Number of bars/lounges - 1 Braille or raised signage Assistive listening devices available Change of towels (on request) In-room accessibility (in select rooms) Wheelchair accessible parking Roll-in shower (in select rooms) Wedding services Tours/ticket assistance Accessible bathroom (in select rooms) 24-hour fitness facilities Luggage storage Express check-out Porter/bellhop Multilingual staff 24-hour front desk Breakfast available (surcharge) Safe-deposit box at front desk Smoke-free property Hiking/biking trails nearby Laundry facilities elevator Concierge services 24-hour business center,Distances are displayed to the nearest 0.1 mile and kilometer. <br /> <p>Smithsonian Institution - 0.3 km / 0.2 mi <br /> Union Station Shopping Center - 0.3 km / 0.2 mi <br /> United States Capitol - 1 km / 0.6 mi <br /> Capital One Arena - 1.1 km / 0.7 mi <br /> Supreme Court of the United States - 1.1 km / 0.7 mi <br /> National Mall - 1.1 km / 0.7 mi <br /> Library of Congress - 1.2 km / 0.7 mi <br /> Smithsonian American Art Museum - 1.3 km / 0.8 mi <br /> National Portrait Gallery - 1.3 km / 0.8 mi <br /> National Gallery of Art - 1.3 km / 0.8 mi <br /> National Archives - 1.4 km / 0.9 mi <br /> CityCenterDC - 1.4 km / 0.9 mi <br /> Martin Luther King Jr. Memorial Library - 1.5 km / 0.9 mi <br /> Ford s Theater - 1.6 km / 1 mi <br /> Walter E. Washington Convention Center - 1.7 km / 1 mi <br /> </p><p>The nearest airports are:<br />Ronald Reagan Washington National Airport (DCA) - 9.7 km / 6.1 mi<br /> Baltimore Washington Intl. Airport (BWI) - 49.7 km / 30.9 mi<br /> Washington Dulles Intl. Airport (IAD) - 45.6 km / 28.4 mi<br /> College Park  MD (CGS) - 18.5 km / 11.5 mi<br /> Fort Meade  MD (FME-Tipton) - 35.8 km / 22.3 mi<br /> </p><p>The preferred airport for Phoenix Park Hotel is Ronald Reagan Washington National Airport (DCA). </p>,520 North Capitol Street Nw WashingtonDistrict of Columbia 20001 ,20001,2026386900,http://www.phoenixparkhotel.com
District of Columbia,,38.91022,-77.0432,The Dupont Circle,4.0,"<p>HeadLine : In Washington (Northwest)</p><p>Location : A stay at The Dupont Circle Hotel places you in the heart of Washington, within a 5-minute drive of Lincoln Memorial and Ford s Theater.  This 4.5-star aparthotel is 1.3 mi (2.1 km) from White House and 1.9 mi (3.1 km) from Capital One Arena.</p><p>Rooms : Make yourself at home in one of the 327 air-conditioned rooms featuring MP3 docking stations and minibars. Wired and wireless Internet access is complimentary, while 32-inch flat-screen televisions with cable programming provide entertainment. Private bathrooms with showers feature designer toiletries and hair dryers. Conveniences include safes and desks, as well as phones with free local calls.</p><p>Dining : Grab a bite to eat at The Pembroke, a restaurant which features a bar/lounge, or stay in and take advantage of the 24-hour room service. Full breakfasts are available daily from 6:30 AM to 11:00 AM for a fee.</p><p>CheckIn Instructions : <ul>  <li>Extra-person charges may apply and vary depending on property policy</li><li>Government-issued photo identification and a credit card, debit card, or cash deposit may be required at check-in for incidental charges</li><li>Special requests are subject to availability upon check-in and may incur additional charges; special requests cannot be guaranteed</li><li>Guests must contact this property in advance to reserve cribs/infant beds</li><li>This property accepts credit cards, debit cards, and cash</li><li>Safety features at this property include a carbon monoxide detector and a smoke detector</li>  </ul></p><p>Special Instructions : Front desk staff will greet guests on arrival.</p>",Dry cleaning/laundry service Number of meeting rooms - 6 Conference space size (meters) - 929 Free wired Internet Limo or Town Car service available Free WiFi Number of bars/lounges - 1 Braille or raised signage Assistive listening devices available In-room accessibility (in select rooms) Bicycle rentals nearby Roll-in shower (in select rooms) Tours/ticket assistance Accessible bathroom (in select rooms) Fireplace in lobby Eco-friendly toiletries Wheelchair-accessible lounge Wheelchair-accessible on-site restaurant Multilingual staff Breakfast available (surcharge) Wheelchair-accessible meeting spaces/business center Segway rental/tour nearby Number of coffee shops/cafes - 1 elevator Fitness facilities Wheelchair accessible (may have limitations) Ballroom Wheelchair-accessible concierge desk Wheelchair-accessible path to elevator Valet for wheelchair-equipped vehicle Wheelchair-accessible registration desk Wheelchair-accessible public washroom Garden Free newspapers in lobby Wedding services 24-hour fitness facilities 24-hour health club Luggage storage Porter/bellhop 24-hour front desk Scooter/moped rentals nearby Golfing nearby Safe-deposit box at front desk Smoke-free property Hiking/biking trails nearby Conference space Valet parking (surcharge) Terrace Conference space size (feet) - 10000 Concierge services,Distances are displayed to the nearest 0.1 mile and kilometer. <br /> <p>Embassy Row - 0.1 km / 0.1 mi <br /> Dupont Circle - 0.1 km / 0.1 mi <br /> Embassy of Haiti - 0.9 km / 0.5 mi <br /> K Street - 1.2 km / 0.8 mi <br /> George Washington University Hospital - 1.3 km / 0.8 mi <br /> Lafayette Square - 1.3 km / 0.8 mi <br /> World Bank - 1.3 km / 0.8 mi <br /> Smithsonian Institution - 1.5 km / 0.9 mi <br /> White House - 1.8 km / 1.1 mi <br /> George Washington University - 1.8 km / 1.1 mi <br /> Watergate Complex - 2 km / 1.2 mi <br /> Walter E. Washington Convention Center - 2 km / 1.2 mi <br /> CityCenterDC - 2.1 km / 1.3 mi <br /> National Mall - 2.2 km / 1.3 mi <br /> Kennedy Center - 2.3 km / 1.4 mi <br /> </p><p>The nearest airports are:<br />Ronald Reagan Washington National Airport (DCA) - 11.4 km / 7.1 mi<br /> Baltimore Washington Intl. Airport (BWI) - 52 km / 32.3 mi<br /> Washington Dulles Intl. Airport (IAD) - 42.1 km / 26.1 mi<br /> College Park  MD (CGS) - 20.8 km / 12.9 mi<br /> Gaithersburg  MD (GAI-Montgomery County Airpark) - 37.6 km / 23.4 mi<br /> </p><p>The preferred airport for The Dupont Circle Hotel is Ronald Reagan Washington National Airport (DCA). </p>,1500 New Hampshire Avenue NW WashingtonDistrict of Columbia 20036 ,20036,2024836000,http://www.doylecollection.com/hotels/the-dupont-c
District of Columbia,,38.907382,-76.994791,Kellogg Conference Hotel at Gallaudet University,3.0,"<p>HeadLine : In Washington (Northeast)</p><p>Location : Located in Washington (Northeast), Kellogg Conference Hotel at Gallaudet University is within a 5-minute walk of Union Market and within a 5-minute drive of Walter E. Washington Convention Center.  This hotel is 2 mi (3.2 km) from Capital One Arena and 2.3 mi (3.7 km) from United States Capitol.</p><p>Rooms : Make yourself at home in one of the 122 air-conditioned rooms featuring refrigerators. Complimentary wired and wireless Internet access keeps you connected, and satellite programming provides entertainment. Private bathrooms with bathtubs or showers feature complimentary toiletries and hair dryers. Conveniences include safes and desks, and housekeeping is provided on request.</p><p>Dining : Satisfy your appetite at The Bistro, a bistro which features a bar/lounge. Dining is also available at the coffee shop/cafe. Buffet breakfasts are served on weekdays from 7:00 AM to 10:00 AM and on weekends from 7:00 AM to 10:30 AM for a fee.</p><p>CheckIn Instructions : <ul>  <li>Extra-person charges may apply and vary depending on property policy</li><li>Government-issued photo identification and a credit card, debit card, or cash deposit may be required at check-in for incidental charges</li><li>Special requests are subject to availability upon check-in and may incur additional charges; special requests cannot be guaranteed</li><li>This property accepts credit cards; cash is not accepted</li><li>This property reserves the right to pre-authorize the guest s credit card prior to arrival.</li><li>Safety features at this property include a smoke detector and window guards</li><li>Please note that cultural norms and guest policies may differ by country and by property; the policies listed are provided by the property</li>  </ul> <ul>  <li>This property will place a credit card authorization for the full cost of stay for any bookings where payment for the stay will be made on site instead of at the time of booking.</li>  </ul></p><p>Special Instructions : Front desk staff will greet guests on arrival. For more details, please contact the property using the information on the booking confirmation.</p>",Banquet hall Gift shops or newsstand Dry cleaning/laundry service Proposal/romance packages available Outdoor furniture Number of meeting rooms - 10 Conference space size (meters) - 1579 Free wired Internet Free WiFi Number of bars/lounges - 1 Braille or raised signage Assistive listening devices available In-room accessibility (in select rooms) Bicycle rentals nearby Wheelchair accessible parking Roll-in shower (in select rooms) Tours/ticket assistance Accessible bathroom (in select rooms) Multilingual staff Conference center Water dispenser Breakfast available (surcharge) Number of coffee shops/cafes - 1 elevator Fitness facilities Covered parking 24-hour business center Wheelchair accessible (may have limitations) Ballroom Vending machine Reception hall Garden Picnic area Free use of nearby fitness center Wedding services 24-hour fitness facilities Luggage storage 24-hour front desk Golfing nearby Housekeeping on request Safe-deposit box at front desk Smoke-free property Snack bar/deli Conference space Self parking (surcharge) Computer station Terrace ATM/banking Wheelchair accessible path of travel Conference space size (feet) - 17000 Concierge services,Distances are displayed to the nearest 0.1 mile and kilometer. <br /> <p>Gallaudet University - 0.1 km / 0.1 mi <br /> Union Market - 0.3 km / 0.2 mi <br /> Smithsonian Institution - 2 km / 1.3 mi <br /> Union Station Shopping Center - 2 km / 1.3 mi <br /> Supreme Court of the United States - 2.5 km / 1.5 mi <br /> Library of Congress - 2.8 km / 1.7 mi <br /> Walter E. Washington Convention Center - 2.8 km / 1.8 mi <br /> United States Capitol - 2.9 km / 1.8 mi <br /> CityCenterDC - 3 km / 1.8 mi <br /> Smithsonian American Art Museum - 3.1 km / 2 mi <br /> National Portrait Gallery - 3.1 km / 2 mi <br /> Capital One Arena - 3.2 km / 2 mi <br /> Howard University - 3.2 km / 2 mi <br /> National Mall - 3.3 km / 2 mi <br /> Martin Luther King Jr. Memorial Library - 3.5 km / 2.2 mi <br /> </p><p>The nearest airports are:<br />Ronald Reagan Washington National Airport (DCA) - 12.6 km / 7.9 mi<br /> Baltimore Washington Intl. Airport (BWI) - 48 km / 29.8 mi<br /> Washington Dulles Intl. Airport (IAD) - 52.1 km / 32.4 mi<br /> College Park  MD (CGS) - 17.1 km / 10.6 mi<br /> Fort Meade  MD (FME-Tipton) - 33.8 km / 21 mi<br /> </p><p>The preferred airport for Kellogg Conference Hotel at Gallaudet University is Ronald Reagan Washington National Airport (DCA). </p>,800 Florida Avenue Ne Washington D.C.District of Columbia 20002-3695 ,20002,2026516000,http://www.kelloggconferencehotel.com
District of Columbia,,38.90114,-77.03944,Club Quarters Hotel In Washington Dc,2.0,"<p>HeadLine : Near White House</p><p>Location : With a stay at Club Quarters Hotel in Washington DC, you ll be centrally located in Washington, just a 3-minute walk from Smithsonian Institution and 6 minutes by foot from White House.  This hotel is 0.7 mi (1 km) from National Mall and 1.1 mi (1.8 km) from National Museum of African American History and Culture.</p><p>Rooms : Make yourself at home in one of the 161 guestrooms featuring MP3 docking stations and flat-screen televisions. Complimentary wireless Internet access keeps you connected, and satellite programming is available for your entertainment. Bathrooms have showers and hair dryers. Conveniences include phones, as well as safes and desks.</p><p>CheckIn Instructions : <ul>  <li>Extra-person charges may apply and vary depending on property policy</li><li>Government-issued photo identification and a credit card, debit card, or cash deposit may be required at check-in for incidental charges</li><li>Special requests are subject to availability upon check-in and may incur additional charges; special requests cannot be guaranteed</li><li>The name on the credit card used at check-in to pay for incidentals must be the primary name on the guestroom reservation</li><li>This property accepts credit cards; cash is not accepted</li><li>Please note that cultural norms and guest policies may differ by country and by property; the policies listed are provided by the property</li>  </ul></p><p>Special Instructions : Front desk staff will greet guests on arrival.</p>",Dry cleaning/laundry service Distance from property (meters) - 322 Wheelchair accessible (may have limitations) Food and water bowls Lot Hours - End time - 10:00 PM Express check-in Number of meeting rooms - 1 Wheelchair-accessible path to elevator Lot Hours - Start time - 7:00 AM Wheelchair-accessible registration desk Television in common areas Free WiFi Braille or raised signage Well-lit path to entrance Assistive listening devices available In-room accessibility (in select rooms) Bicycle rentals nearby Stair-free path to entrance Free newspapers in lobby Roll-in shower (in select rooms) Accessible bathroom (in select rooms) Wheelchair-accessible lounge Luggage storage Distance from property (ft) - 1056 Express check-out Multilingual staff Business center 24-hour front desk Water dispenser Wheelchair-accessible meeting spaces/business center Golfing nearby Safe-deposit box at front desk Smoke-free property Coffee/tea in common areas Hiking/biking trails nearby elevator Kayaking nearby Fitness facilities Computer station ATM/banking Concierge services,Distances are displayed to the nearest 0.1 mile and kilometer. <br /> <p>Lafayette Square - 0.2 km / 0.1 mi <br /> Smithsonian Institution - 0.3 km / 0.2 mi <br /> K Street - 0.4 km / 0.2 mi <br /> World Bank - 0.4 km / 0.3 mi <br /> National Geographic Museum - 0.5 km / 0.3 mi <br /> White House - 0.5 km / 0.3 mi <br /> Embassy Row - 0.8 km / 0.5 mi <br /> Dupont Circle - 1 km / 0.6 mi <br /> National Mall - 1 km / 0.7 mi <br /> CityCenterDC - 1.1 km / 0.7 mi <br /> National Theatre - 1.3 km / 0.8 mi <br /> George Washington University - 1.3 km / 0.8 mi <br /> George Washington University Hospital - 1.3 km / 0.8 mi <br /> Warner Theatre - 1.4 km / 0.8 mi <br /> National World War II Memorial - 1.4 km / 0.9 mi <br /> </p><p>The nearest airports are:<br />Ronald Reagan Washington National Airport (DCA) - 11.3 km / 7 mi<br /> Baltimore Washington Intl. Airport (BWI) - 51.6 km / 32 mi<br /> Washington Dulles Intl. Airport (IAD) - 41.4 km / 25.7 mi<br /> College Park  MD (CGS) - 20.4 km / 12.7 mi<br /> Gaithersburg  MD (GAI-Montgomery County Airpark) - 40.2 km / 25 mi<br /> </p><p></p>,839 17th Street NW At 17th & I StreetsWashington D.C.District of Columbia 20006 ,20006,2024636400,http://www.clubquarters.com/loc_washingtonDC.php
District of Columbia,,38.90567,-77.02966,Comfort Inn Downtown DC Convention Centre,2.0,"<p>HeadLine : In Washington (Downtown Washington D.C.)</p><p>Location : With a stay at Comfort Inn Downtown DC/Convention Center, you ll be centrally located in Washington, within a 10-minute drive of National Mall and White House.  This hotel is 0.3 mi (0.5 km) from Walter E. Washington Convention Center and 0.9 mi (1.5 km) from Capital One Arena.</p><p>Rooms : Make yourself at home in one of the 100 guestrooms featuring refrigerators and LED televisions. Digital programming and MP3 docking stations are provided for your entertainment, while complimentary wired Internet access keeps you connected. Private bathrooms with shower/tub combinations feature complimentary toiletries and hair dryers. Conveniences include safes and desks, as well as phones with free local calls.</p><p>Dining : A complimentary on-the-go breakfast is served daily from 6:00 AM to 9:30 AM.</p><p>CheckIn Instructions : <ul>  <li>Extra-person charges may apply and vary depending on property policy</li><li>Government-issued photo identification and a credit card, debit card, or cash deposit may be required at check-in for incidental charges</li><li>Special requests are subject to availability upon check-in and may incur additional charges; special requests cannot be guaranteed</li><li>Safety features at this property include a carbon monoxide detector, a fire extinguisher, a smoke detector, a security system, a first aid kit, and window guards</li><li>Be prepared: check the latest COVID-19 travel requirements and measures in place for this destination before you travel.</li>  </ul></p><p>Special Instructions : Front desk staff will greet guests on arrival.</p>",Accessible bathroom Roll-in shower In-room accessibility Assistive listening devices available Express check-in Daily Free breakfast to go Coffee/tea in common areas elevator Fitness facilities 24-hour front desk Free breakfast Business center Express check-out Tours/ticket assistance Dry cleaning/laundry service WiFi (surcharge) Free wired Internet Smoke-free property Computer station Safe-deposit box at front desk Distance from property (km) - 0.3 Luggage storage Distance from property (miles) - 0.2 24-hour business center Concierge services Gift shops or newsstand Shared microwave Wheelchair accessible (may have limitations) Laundry facilities Television in common areas Braille or raised signage Multilingual staff Wheelchair-accessible registration desk Wheelchair-accessible fitness center Free newspapers in lobby Wheelchair-accessible meeting spaces/business center,Distances are displayed to the nearest 0.1 mile and kilometer. <br /> <p>Walter E. Washington Convention Center - 0.5 km / 0.3 mi <br /> CityCenterDC - 0.7 km / 0.4 mi <br /> K Street - 0.8 km / 0.5 mi <br /> National Geographic Museum - 0.8 km / 0.5 mi <br /> Lafayette Square - 0.9 km / 0.6 mi <br /> Warner Theatre - 1 km / 0.6 mi <br /> National Theatre - 1.2 km / 0.7 mi <br /> Smithsonian Institution - 1.2 km / 0.7 mi <br /> Smithsonian American Art Museum - 1.2 km / 0.8 mi <br /> National Portrait Gallery - 1.2 km / 0.8 mi <br /> White House - 1.3 km / 0.8 mi <br /> Ford s Theater - 1.3 km / 0.8 mi <br /> Martin Luther King Jr. Memorial Library - 1.3 km / 0.8 mi <br /> Dupont Circle - 1.3 km / 0.8 mi <br /> Capital One Arena - 1.4 km / 0.8 mi <br /> </p><p>The nearest airports are:<br />Ronald Reagan Washington National Airport (DCA) - 11.4 km / 7.1 mi<br /> Baltimore Washington Intl. Airport (BWI) - 50.6 km / 31.4 mi<br /> Washington Dulles Intl. Airport (IAD) - 41.9 km / 26 mi<br /> College Park  MD (CGS) - 19.5 km / 12.1 mi<br /> Fort Meade  MD (FME-Tipton) - 36.4 km / 22.6 mi<br /> </p><p>The preferred airport for Comfort Inn Downtown DC/Convention Center is Ronald Reagan Washington National Airport (DCA). </p>,1201 13th Street NW WashingtonDistrict of Columbia 20005 ,20005,2026825300,http://www.dcdowntownhotel.com/
District of Columbia,,38.9,-77.05256,Arc The Hotel Washingtondc,3.0,"<p>HeadLine : Near George Washington University</p><p>Location : A stay at ARC HOTEL Washington DC, Georgetown places you in the heart of Washington, within a 15-minute walk of National Mall and George Washington University.  This aparthotel is 1.4 mi (2.2 km) from White House and 1.9 mi (3.1 km) from National Museum of African American History and Culture.</p><p>Rooms : Make yourself at home in one of the 136 guestrooms. Your pillowtop bed comes with down comforters and Egyptian cotton sheets. Complimentary wired and wireless Internet access keeps you connected, and digital programming provides entertainment. Private bathrooms with shower/tub combinations feature complimentary toiletries and hair dryers.</p><p>CheckIn Instructions : <ul>  <li>Extra-person charges may apply and vary depending on property policy</li><li>Government-issued photo identification and a credit card, debit card, or cash deposit may be required at check-in for incidental charges</li><li>Special requests are subject to availability upon check-in and may incur additional charges; special requests cannot be guaranteed</li><li>This property accepts credit cards and mobile payments; cash is not accepted</li><li>Mobile payment options include: Google Pay, Amazon Pay, and Cash App</li><li>Onsite parties or group events are strictly prohibited</li><li>Safety features at this property include a carbon monoxide detector, a fire extinguisher, a smoke detector, a security system, a first aid kit, and window guards</li><li>Please note that cultural norms and guest policies may differ by country and by property; the policies listed are provided by the property</li>  </ul></p><p>Special Instructions : To make arrangements for check-in please contact the property at least 48 hours before arrival using the information on the booking confirmation. If you are planning to arrive after 11:00 AM please contact the property in advance using the information on the booking confirmation. Guests planning to arrive outside of normal check-in hours must contact the property in advance for check-in instructions. Front desk staff will greet guests on arrival.</p>",Mountain biking nearby Garage Uncovered parking Covered parking Parking (limited spaces) Express check-in Outdoor furniture Meeting rooms Free WiFi Assistive listening devices available In-room accessibility (in select rooms) Free newspapers in lobby Roll-in shower (in select rooms) Tours/ticket assistance Accessible bathroom (in select rooms) Off-street parking Wheelchair accessible  no Luggage storage Express check-out Porter/bellhop Coin laundry on site Multilingual staff 24-hour front desk Golfing nearby Safe-deposit box at front desk Smoke-free property Hiking/biking trails nearby elevator Fitness facilities Self parking (surcharge) Valet parking (surcharge) Concierge services,Distances are displayed to the nearest 0.1 mile and kilometer. <br /> <p>George Washington University Hospital - 0.2 km / 0.1 mi <br /> Watergate Complex - 0.2 km / 0.1 mi <br /> George Washington University - 0.6 km / 0.4 mi <br /> Kennedy Center - 0.6 km / 0.4 mi <br /> Georgetown Waterfront Park - 0.9 km / 0.6 mi <br /> World Bank - 0.9 km / 0.6 mi <br /> National Mall - 1.1 km / 0.7 mi <br /> Smithsonian Institution - 1.3 km / 0.8 mi <br /> Vietnam Veterans Memorial - 1.4 km / 0.9 mi <br /> Lafayette Square - 1.5 km / 0.9 mi <br /> Embassy Row - 1.5 km / 0.9 mi <br /> Lincoln Memorial - 1.5 km / 0.9 mi <br /> Dupont Circle - 1.5 km / 0.9 mi <br /> White House - 1.6 km / 1 mi <br /> K Street - 1.8 km / 1.1 mi <br /> </p><p>The nearest airports are:<br />Ronald Reagan Washington National Airport (DCA) - 10 km / 6.2 mi<br /> Baltimore Washington Intl. Airport (BWI) - 57.9 km / 36 mi<br /> Washington Dulles Intl. Airport (IAD) - 42.1 km / 26.2 mi<br /> College Park  MD (CGS) - 26.7 km / 16.6 mi<br /> Gaithersburg  MD (GAI-Montgomery County Airpark) - 38.6 km / 24 mi<br /> </p><p></p>,824 New Hampshire Avenue Nw WashingtonDistrict of Columbia 20037 ,20037,2023376620,http://www.arcthehoteldc.com
District of Columbia,,38.910435,-77.075776,Georgetown University Hotel and Conference Center,3.0,"<p>HeadLine : Near Georgetown University</p><p>Location : A stay at Georgetown University Hotel and Conference Center places you in the heart of Washington, just a 4-minute walk from Georgetown University and within a 5-minute drive of George Washington University Hospital.  This hotel is 1.9 mi (3.1 km) from Washington National Cathedral and 2.7 mi (4.4 km) from Kennedy Center.</p><p>Rooms : Make yourself at home in one of the 146 guestrooms. Complimentary wired and wireless Internet access keeps you connected, and cable programming provides entertainment. Private bathrooms with shower/tub combinations feature complimentary toiletries and hair dryers. Conveniences include phones, as well as safes and desks.</p><p>Dining : Enjoy a meal at the restaurant or snacks in the hotel s coffee shop/café. Buffet breakfasts are served on weekdays from 7:00 AM to 11:00 AM and on weekends from 8:00 AM to noon for a fee.</p><p>CheckIn Instructions : Extra-person charges may apply and vary depending on property policy Government-issued photo identification and a credit card, debit card, or cash deposit may be required at check-in for incidental charges Special requests are subject to availability upon check-in and may incur additional charges; special requests cannot be guaranteed This property accepts credit cards; cash is not accepted Safety features at this property include a smoke detector Please note that cultural norms and guest policies may differ by country and by property; the policies listed are provided by the property</p><p>Special Instructions : Front desk staff will greet guests on arrival.</p>",Concierge services Conference space size (feet) - 13500 Gift shops or newsstand Laundry facilities Parking (limited spaces) 24-hour fitness facilities Wedding services In-room accessibility Garden Free newspapers in lobby elevator Fitness facilities 24-hour front desk Conference space Business center Porter/bellhop Restaurant Express check-out Meeting rooms Coffee shop or café Dry cleaning/laundry service Self parking (surcharge) WiFi (surcharge) Smoke-free property Safe-deposit box at front desk Conference space size (meters) - 1215 Terrace Luggage storage Wheelchair accessible  no ATM/banking Breakfast available (surcharge),Distances are displayed to the nearest 0.1 mile and kilometer. <br /> <p>Georgetown University - 0.3 km / 0.2 mi <br /> Embassy of France - 0.7 km / 0.4 mi <br /> Georgetown Waterfront Park - 1.7 km / 1 mi <br /> Washington National Cathedral - 2.6 km / 1.6 mi <br /> Watergate Complex - 2.8 km / 1.7 mi <br /> Embassy of India - 2.9 km / 1.8 mi <br /> George Washington University Hospital - 2.9 km / 1.8 mi <br /> Kennedy Center - 3.1 km / 1.9 mi <br /> Dupont Circle - 3.2 km / 2 mi <br /> Iwo Jima Memorial - 3.3 km / 2 mi <br /> World Bank - 3.7 km / 2.3 mi <br /> American University - 3.9 km / 2.4 mi <br /> Vietnam Veterans Memorial - 4 km / 2.5 mi <br /> Lincoln Memorial - 4.1 km / 2.5 mi <br /> Smithsonian s National Zoo - 4.1 km / 2.6 mi <br /> </p><p>The nearest airports are:<br />Ronald Reagan Washington National Airport (DCA) - 13.8 km / 8.6 mi<br /> Washington Dulles Intl. Airport (IAD) - 37 km / 23 mi<br /> Baltimore Washington Intl. Thurgood Marshall Airport (BWI) - 60.1 km / 37.4 mi<br /> College Park  MD (CGS) - 29 km / 18 mi<br /> Gaithersburg  MD (GAI-Montgomery County Airpark) - 37 km / 23 mi<br /> </p><p>The preferred airport for Georgetown University Hotel and Conference Center is Ronald Reagan Washington National Airport (DCA). </p>,3800 Reservoir Rd NW WashingtonDistrict of Columbia 20057 ,20057,2026873200,http://www.acc-guhotelandconferencecenter.com/
District of Columbia,,38.89611,-77.02732,Hotel Harrington,3.0,"<p>HeadLine : Near National Mall</p><p>Location : With a stay at Hotel Harrington in Washington (Downtown Washington D.C.), you ll be steps from Ford s Theater and 7 minutes by foot from Smithsonian Institution.  This hotel is 0.4 mi (0.7 km) from Capital One Arena and 1 mi (1.6 km) from Washington Monument.</p><p>Rooms : Make yourself at home in one of the 236 air-conditioned guestrooms. Complimentary wireless Internet access keeps you connected, and cable programming is available for your entertainment. Private bathrooms with shower/tub combinations feature complimentary toiletries and hair dryers. Conveniences include blackout drapes/curtains, as well as phones with free local calls.</p><p>Dining : Enjoy American cuisine at Harriet s Restaurant, one of the hotel s 3 restaurants, or stay in and take advantage of the room service (during limited hours). Snacks are also available at the coffee shop/cafe. Quench your thirst with your favorite drink at the bar/lounge. Buffet breakfasts are available daily from 7 AM to 11 AM for a fee.</p><p>CheckIn Instructions : <ul>  <li>Extra-person charges may apply and vary depending on property policy</li><li>Government-issued photo identification and a credit card, debit card, or cash deposit may be required at check-in for incidental charges</li><li>Special requests are subject to availability upon check-in and may incur additional charges; special requests cannot be guaranteed</li><li>This property accepts credit cards; cash is not accepted</li><li>Safety features at this property include a fire extinguisher, a smoke detector, and a first aid kit</li><li>Please note that cultural norms and guest policies may differ by country and by property; the policies listed are provided by the property</li>  </ul></p><p>Special Instructions : Front desk staff will greet guests on arrival. For more details, please contact the property using the information on the booking confirmation.  Guests planning to arrive outside of normal check-in hours must contact this property in advance to arrange check-in.</p>",Gift shops or newsstand Wheelchair accessible (may have limitations) Vending machine Wheelchair-accessible path to elevator Free WiFi Number of bars/lounges - 1 Braille or raised signage In-room accessibility (in select rooms) Free newspapers in lobby Roll-in shower (in select rooms) Tours/ticket assistance Accessible bathroom (in select rooms) Luggage storage Porter/bellhop Visual alarms in hallways Multilingual staff Business center Handrails in stairways Handrails in hallways 24-hour front desk Breakfast available (surcharge) Safe-deposit box at front desk Smoke-free property Snack bar/deli Number of coffee shops/cafes - 1 Laundry facilities elevator Computer station Concierge services,Distances are displayed to the nearest 0.1 mile and kilometer. <br /> <p>Ford s Theater - 0.2 km / 0.1 mi <br /> Warner Theatre - 0.3 km / 0.2 mi <br /> National Theatre - 0.3 km / 0.2 mi <br /> CityCenterDC - 0.5 km / 0.3 mi <br /> Smithsonian American Art Museum - 0.5 km / 0.3 mi <br /> National Portrait Gallery - 0.5 km / 0.3 mi <br /> Martin Luther King Jr. Memorial Library - 0.5 km / 0.3 mi <br /> National Archives - 0.6 km / 0.4 mi <br /> Smithsonian Institution - 0.6 km / 0.4 mi <br /> National Mall - 0.7 km / 0.4 mi <br /> Capital One Arena - 0.7 km / 0.4 mi <br /> National Museum of American History - 0.8 km / 0.5 mi <br /> National Museum of Natural History - 0.9 km / 0.6 mi <br /> National Gallery of Art - 0.9 km / 0.6 mi <br /> Lafayette Square - 1 km / 0.6 mi <br /> </p><p>The nearest airports are:<br />Ronald Reagan Washington National Airport (DCA) - 8.5 km / 5.3 mi<br /> Baltimore Washington Intl. Airport (BWI) - 50.9 km / 31.6 mi<br /> Washington Dulles Intl. Airport (IAD) - 45.9 km / 28.5 mi<br /> College Park  MD (CGS) - 23.8 km / 14.8 mi<br /> Fort Meade  MD (FME-Tipton) - 36.7 km / 22.8 mi<br /> </p><p>The preferred airport for Hotel Harrington is Ronald Reagan Washington National Airport (DCA). </p>,436 11th Street NW corner of 11th & E Streets NWWashingtonDistrict of Columbia 20004-1301 ,20004,2026288140,http://www.hotel-harrington.com
District of Columbia,,38.90068,-77.03193,Hilton Garden Inn Washington DC Downtown,3.0,"<p>HeadLine : Near White House</p><p>Location : With a stay at Hilton Garden Inn Washington DC Downtown, you ll be centrally located in Washington, within a 10-minute walk of White House and Smithsonian Institution.  This aparthotel is 0.6 mi (0.9 km) from Ford s Theater and 0.7 mi (1.1 km) from Walter E. Washington Convention Center.</p><p>Rooms : Make yourself at home in one of the 300 guestrooms featuring refrigerators and LCD televisions. Your Select Comfort bed comes with premium bedding. Complimentary wired and wireless Internet access keeps you connected, and cable programming provides entertainment. Private bathrooms have complimentary toiletries and hair dryers.</p><p>Dining : You can enjoy a meal at The Third Rail serving the guests of Hilton Garden Inn Washington DC Downtown, or stop in at the grocery/convenience store. Quench your thirst with your favorite drink at the bar/lounge. Cooked-to-order breakfasts are available daily from 6:30 AM to 10:30 AM for a fee.</p><p>CheckIn Instructions : <ul>  <li>Extra-person charges may apply and vary depending on property policy</li><li>Government-issued photo identification and a credit card, debit card, or cash deposit may be required at check-in for incidental charges</li><li>Special requests are subject to availability upon check-in and may incur additional charges; special requests cannot be guaranteed</li><li>This property accepts credit cards, debit cards, and cash</li>  </ul></p><p>Special Instructions : If you are planning to arrive after midnight please contact the property in advance using the information on the booking confirmation. Front desk staff will greet guests on arrival.</p>",Gift shops or newsstand Dry cleaning/laundry service Number of meeting rooms - 1 Conference space size (meters) - 195 Free WiFi Number of bars/lounges - 1 Braille or raised signage Assistive listening devices available Number of indoor pools - 1 In-room accessibility (in select rooms) Bicycle rentals nearby Roll-in shower (in select rooms) Tours/ticket assistance Accessible bathroom (in select rooms) Wheelchair-accessible on-site restaurant Multilingual staff Electric car charging station Breakfast available (surcharge) Wheelchair-accessible meeting spaces/business center Segway rental/tour nearby Coffee/tea in common areas Laundry facilities elevator Fitness facilities Wheelchair accessible (may have limitations) Ballroom Covered parking Wheelchair-accessible concierge desk secured parking Wheelchair-accessible path to elevator Valet for wheelchair-equipped vehicle Wheelchair-accessible registration desk Television in common areas Wheelchair-accessible fitness center Wheelchair-accessible pool Well-lit path to entrance Stair-free path to entrance Free newspapers in lobby Wedding services 24-hour fitness facilities Luggage storage Express check-out Grocery/convenience store Business center 24-hour front desk Safe-deposit box at front desk Hiking/biking trails nearby Conference space Valet parking (surcharge) ATM/banking Wheelchair accessible path of travel Conference space size (feet) - 2099 Concierge services 24-hour business center,Distances are displayed to the nearest 0.1 mile and kilometer. <br /> <p>Lafayette Square - 0.4 km / 0.2 mi <br /> CityCenterDC - 0.5 km / 0.3 mi <br /> K Street - 0.6 km / 0.4 mi <br /> White House - 0.6 km / 0.4 mi <br /> National Theatre - 0.6 km / 0.4 mi <br /> Warner Theatre - 0.6 km / 0.4 mi <br /> Smithsonian Institution - 0.8 km / 0.5 mi <br /> Martin Luther King Jr. Memorial Library - 0.9 km / 0.6 mi <br /> Walter E. Washington Convention Center - 0.9 km / 0.6 mi <br /> Ford s Theater - 0.9 km / 0.6 mi <br /> National Mall - 1 km / 0.6 mi <br /> Smithsonian American Art Museum - 1 km / 0.6 mi <br /> National Portrait Gallery - 1 km / 0.6 mi <br /> Embassy Row - 1 km / 0.6 mi <br /> National Geographic Museum - 1 km / 0.6 mi <br /> </p><p>The nearest airports are:<br />Ronald Reagan Washington National Airport (DCA) - 8 km / 5 mi<br /> Baltimore Washington Intl. Airport (BWI) - 51 km / 31.7 mi<br /> Washington Dulles Intl. Airport (IAD) - 43.6 km / 27.1 mi<br /> College Park  MD (CGS) - 19.8 km / 12.3 mi<br /> Fort Meade  MD (FME-Tipton) - 36.6 km / 22.8 mi<br /> </p><p>The preferred airport for Hilton Garden Inn Washington DC Downtown is Ronald Reagan Washington National Airport (DCA). </p>,815 14Th Street Northwest WashingtonDistrict of Columbia 20005 ,20005,2027837800,http://hiltongardeninn.hilton.com/en/gi/hotels/index.jhtml?ctyhocn=DCACHGI
District of Columbia,,38.90755,-77.0454,Hotel Madera,4.0,"<p>HeadLine : In Washington (Downtown Washington D.C.)</p><p>Location : A stay at Hotel Madera places you in the heart of Washington, within a 5-minute drive of George Washington University and National Mall.  This 4-star hotel is 1.3 mi (2.1 km) from White House and 1.4 mi (2.3 km) from Lincoln Memorial.</p><p>Rooms : Make yourself at home in one of the 81 guestrooms featuring iPod docking stations and Smart televisions. Digital television is provided for your entertainment. Private bathrooms with showers feature designer toiletries and hair dryers. Conveniences include laptop-compatible safes and desks, as well as phones with free local calls.</p><p>Dining : Enjoy a satisfying meal at Firefly serving guests of Hotel Madera. Quench your thirst with your favorite drink at the bar/lounge. Cooked-to-order breakfasts are available daily from 7:00 AM to 10:00 AM for a fee.</p><p>CheckIn Instructions : <ul>  <li>Extra-person charges may apply and vary depending on property policy</li><li>Government-issued photo identification and a credit card may be required at check-in for incidental charges</li><li>Special requests are subject to availability upon check-in and may incur additional charges; special requests cannot be guaranteed</li><li>The name on the credit card used at check-in to pay for incidentals must be the primary name on the guestroom reservation</li><li>Special cancellation policies or charges may apply for group reservations (more than 8 rooms for the same property / stay dates)</li><li>This property accepts credit cards; cash is not accepted</li><li>This property reserves the right to pre-authorize the guest s credit card prior to arrival.</li><li>Safety features at this property include a carbon monoxide detector, a fire extinguisher, a smoke detector, a security system, a first aid kit, and window guards</li><li>Please note that cultural norms and guest policies may differ by country and by property; the policies listed are provided by the property</li>  </ul></p><p>Special Instructions : Front desk staff will greet guests on arrival.</p>",Dry cleaning/laundry service Number of meeting rooms - 2 Conference space size (meters) - 130 Limo or Town Car service available Number of bars/lounges - 1 Bicycle parking available Braille or raised signage Assistive listening devices available In-room accessibility (in select rooms) Wheelchair accessible parking Roll-in shower (in select rooms) Internet access - wireless Accessible bathroom (in select rooms) Wheelchair-accessible lounge Wheelchair-accessible on-site restaurant Visual alarms in hallways Multilingual staff Breakfast available (surcharge) Wheelchair-accessible meeting spaces/business center Laundry facilities elevator Fitness facilities Wheelchair accessible (may have limitations) Food and water bowls Wheelchair-accessible path to elevator Wheelchair-accessible registration desk Wheelchair-accessible fitness center Wheelchair-accessible public washroom Well-lit path to entrance Internet access in public areas - high speed Stair-free path to entrance Free newspapers in lobby 24-hour fitness facilities Couples/private dining Luggage storage Express check-out Porter/bellhop 24-hour front desk Golfing nearby Safe-deposit box at front desk Smoke-free property Conference space Self parking (surcharge) Valet parking (surcharge) Terrace Wheelchair accessible path of travel Conference space size (feet) - 1400 Concierge services,Distances are displayed to the nearest 0.1 mile and kilometer. <br /> <p>Embassy Row - 0.3 km / 0.2 mi <br /> Dupont Circle - 0.3 km / 0.2 mi <br /> George Washington University Hospital - 0.8 km / 0.5 mi <br /> Embassy of Haiti - 1.1 km / 0.7 mi <br /> World Bank - 1.2 km / 0.7 mi <br /> K Street - 1.2 km / 0.7 mi <br /> Lafayette Square - 1.3 km / 0.8 mi <br /> Watergate Complex - 1.3 km / 0.8 mi <br /> George Washington University - 1.4 km / 0.9 mi <br /> Smithsonian Institution - 1.4 km / 0.9 mi <br /> White House - 1.8 km / 1.1 mi <br /> Kennedy Center - 1.8 km / 1.1 mi <br /> National Mall - 1.8 km / 1.1 mi <br /> Georgetown Waterfront Park - 1.8 km / 1.1 mi <br /> Vietnam Veterans Memorial - 2 km / 1.2 mi <br /> </p><p>The nearest airports are:<br />Ronald Reagan Washington National Airport (DCA) - 11.1 km / 6.9 mi<br /> Baltimore Washington Intl. Airport (BWI) - 52.5 km / 32.6 mi<br /> Washington Dulles Intl. Airport (IAD) - 43.5 km / 27 mi<br /> College Park  MD (CGS) - 20.8 km / 13 mi<br /> Gaithersburg  MD (GAI-Montgomery County Airpark) - 39.9 km / 24.8 mi<br /> </p><p>The preferred airport for Hotel Madera is Ronald Reagan Washington National Airport (DCA). </p>,1310 New Hampshire Avenue Northwest WashingtonDistrict of Columbia 20036 ,20036,2022967600,http://www.hotelmadera.com
District of Columbia,,38.90615,-77.04882,Washington Marriott Georgetown,3.0,"<p>HeadLine : Near George Washington University</p><p>Location : With a stay at Washington Marriott Georgetown, you ll be centrally located in Washington, within a 5-minute drive of National Mall and White House.  This hotel is 0.7 mi (1.1 km) from George Washington University and 1.9 mi (3.1 km) from National Museum of African American History and Culture.</p><p>Rooms : Make yourself at home in one of the 470 air-conditioned rooms featuring LCD televisions. Your bed comes with down comforters and premium bedding. 55-inch Smart televisions with cable programming provide entertainment, while wireless Internet access (surcharge) keeps you connected. Private bathrooms with shower/tub combinations feature designer toiletries and hair dryers.</p><p>Dining : Enjoy international cuisine at The Visiteur, a restaurant which features a bar/lounge, or stay in and take advantage of the room service (during limited hours).</p><p>Renovations : The property will be renovating from April 24 2023 to December 31 2023 (completion date subject to change). The following areas are affected:  <ul><li>Parking area</li></ul> Renovation work will only be conducted during business hours. Every effort will be made to minimize noise and disturbance.</p><p>CheckIn Instructions : <ul>  <li>Extra-person charges may apply and vary depending on property policy</li><li>Government-issued photo identification and a credit card, debit card, or cash deposit may be required at check-in for incidental charges</li><li>Special requests are subject to availability upon check-in and may incur additional charges; special requests cannot be guaranteed</li><li>This property accepts credit cards; cash is not accepted</li>  </ul></p><p>Special Instructions : Front desk staff will greet guests on arrival.</p>",Wheelchair-accessible path to elevator Valet for wheelchair-equipped vehicle Wheelchair-accessible registration desk Television in common areas Wheelchair-accessible fitness center Well-lit path to entrance Stair-free path to entrance Wedding services 24-hour fitness facilities Luggage storage Express check-out Porter/bellhop Business center 24-hour front desk Golfing nearby Safe-deposit box at front desk Smoke-free property Snack bar/deli Hiking/biking trails nearby Conference space Valet parking (surcharge) Computer station ATM/banking Wheelchair accessible path of travel Conference space size (feet) - 15078 Concierge services Dry cleaning/laundry service Number of meeting rooms - 9 Conference space size (meters) - 1401 Sailing nearby Free WiFi Number of bars/lounges - 1 In-room accessibility (in select rooms) Bicycle rentals nearby Wheelchair accessible parking Roll-in shower (in select rooms) Accessible bathroom (in select rooms) Wheelchair-accessible on-site restaurant Horse riding nearby Visual alarms in hallways Multilingual staff Wheelchair-accessible meeting spaces/business center elevator Fitness facilities Banquet hall Wheelchair accessible (may have limitations) Ballroom Covered parking Wheelchair-accessible concierge desk Reception hall secured parking Express check-in Assistive listening devices in meeting rooms,Distances are displayed to the nearest 0.1 mile and kilometer. <br /> <p>Embassy Row - 0.5 km / 0.3 mi <br /> George Washington University Hospital - 0.5 km / 0.3 mi <br /> Dupont Circle - 0.7 km / 0.5 mi <br /> Embassy of Haiti - 0.9 km / 0.5 mi <br /> George Washington University - 1.1 km / 0.7 mi <br /> World Bank - 1.1 km / 0.7 mi <br /> Watergate Complex - 1.3 km / 0.8 mi <br /> K Street - 1.4 km / 0.9 mi <br /> Lafayette Square - 1.5 km / 0.9 mi <br /> Georgetown Waterfront Park - 1.5 km / 0.9 mi <br /> Kennedy Center - 1.5 km / 1 mi <br /> Smithsonian Institution - 1.7 km / 1 mi <br /> National Mall - 1.8 km / 1.1 mi <br /> Vietnam Veterans Memorial - 2 km / 1.2 mi <br /> White House - 2 km / 1.2 mi <br /> </p><p>The nearest airports are:<br />Washington Dulles Intl. Airport (IAD) - 41.3 km / 25.7 mi<br /> Ronald Reagan Washington National Airport (DCA) - 11.3 km / 7 mi<br /> Baltimore Washington Intl. Airport (BWI) - 52.5 km / 32.6 mi<br /> College Park  MD (CGS) - 21.4 km / 13.3 mi<br /> Gaithersburg  MD (GAI-Montgomery County Airpark) - 37.7 km / 23.4 mi<br /> </p><p>The preferred airport for Washington Marriott Georgetown is Washington Dulles Intl. Airport (IAD). </p>,1221 22Nd St Nw WashingtonDistrict of Columbia 20037 ,20037,2028721500,http://www.marriott.com/hotels/travel/waswe-washington-marriott/
District of Columbia,,38.901425,-77.053708,The River Inn,3.0,"<p>HeadLine : Near George Washington University</p><p>Location : With a stay at The River Inn, you ll be centrally located in Washington, within a 5-minute drive of National Mall and White House.  This aparthotel is 0.6 mi (1 km) from George Washington University and 1.9 mi (3.1 km) from National Museum of African American History and Culture.</p><p>Rooms : Make yourself at home in one of the 125 air-conditioned rooms featuring kitchens with refrigerators and stovetops. Complimentary wireless Internet access keeps you connected, and cable programming is available for your entertainment. Conveniences include phones, as well as safes and desks.</p><p>Dining : Enjoy Italian cuisine at Matera, a restaurant which features a bar/lounge, or stay in and take advantage of the room service (during limited hours). Cooked-to-order breakfasts are available daily from 7:00 AM to 10:30 AM for a fee.</p><p>CheckIn Instructions : <ul>  <li>Extra-person charges may apply and vary depending on property policy</li><li>Government-issued photo identification and a credit card, debit card, or cash deposit may be required at check-in for incidental charges</li><li>Special requests are subject to availability upon check-in and may incur additional charges; special requests cannot be guaranteed</li><li>This property accepts credit cards; cash is not accepted</li><li>Safety features at this property include a smoke detector and window guards</li><li>Please note that cultural norms and guest policies may differ by country and by property; the policies listed are provided by the property</li>  </ul></p><p>Special Instructions : Front desk staff will greet guests on arrival.</p>",Dry cleaning/laundry service Distance from property (miles) - 0.1 Uncovered parking Wheelchair accessible (may have limitations) Covered parking Vending machine Wheelchair-accessible concierge desk Free parking nearby Street parking Wheelchair-accessible van parking Number of meeting rooms - 1 Conference space size (meters) - 144 Wheelchair-accessible registration desk Free WiFi Number of bars/lounges - 1 Wheelchair-accessible public washroom Braille or raised signage Wheelchair accessible parking Stair-free path to entrance Tours/ticket assistance Fireplace in lobby Distance from property (km) - 0.2 Free bicycles on site Wheelchair-accessible lounge Luggage storage Porter/bellhop Multilingual staff 24-hour front desk Breakfast available (surcharge) Golfing nearby Housekeeping on request Safe-deposit box at front desk Smoke-free property Hiking/biking trails nearby Laundry facilities elevator Fitness facilities Conference space Valet parking (surcharge) Terrace Conference space size (feet) - 1550 Concierge services,Distances are displayed to the nearest 0.1 mile and kilometer. <br /> <p>George Washington University Hospital - 0.7 km / 0.4 mi <br /> Watergate Complex - 0.9 km / 0.5 mi <br /> Georgetown Waterfront Park - 0.9 km / 0.6 mi <br /> George Washington University - 1 km / 0.6 mi <br /> Kennedy Center - 1.3 km / 0.8 mi <br /> World Bank - 1.4 km / 0.9 mi <br /> Embassy Row - 1.5 km / 0.9 mi <br /> National Mall - 1.6 km / 1 mi <br /> Dupont Circle - 1.6 km / 1 mi <br /> Lafayette Square - 1.7 km / 1 mi <br /> Embassy of Haiti - 1.7 km / 1.1 mi <br /> Smithsonian Institution - 1.7 km / 1.1 mi <br /> K Street - 1.9 km / 1.2 mi <br /> Lincoln Memorial - 2 km / 1.2 mi <br /> White House - 2 km / 1.2 mi <br /> </p><p>The nearest airports are:<br />Ronald Reagan Washington National Airport (DCA) - 10.2 km / 6.3 mi<br /> Baltimore Washington Intl. Airport (BWI) - 58.1 km / 36.1 mi<br /> Washington Dulles Intl. Airport (IAD) - 41.4 km / 25.7 mi<br /> College Park  MD (CGS) - 26.9 km / 16.7 mi<br /> Gaithersburg  MD (GAI-Montgomery County Airpark) - 38.4 km / 23.9 mi<br /> </p><p>The preferred airport for The River Inn is Ronald Reagan Washington National Airport (DCA). </p>,924 25Th St Nw Washington D.C.District of Columbia 20037 ,20037,2023377600,http://www.theriverinn.com/
District of Columbia,,38.903419,-77.053598,Avenue Suites Georgetown,3.0,"<p>HeadLine : Near George Washington University</p><p>Location : With a stay at 2500 Penn, a Placemakr Experience in Washington (Northwest), you ll be within a 5-minute drive of National Mall and White House.  This aparthotel is 0.6 mi (1 km) from George Washington University and 2 mi (3.1 km) from National Museum of African American History and Culture.</p><p>Rooms : Make yourself at home in one of the 124 air-conditioned rooms featuring microwaves. Complimentary wireless Internet access keeps you connected, and cable programming is available for your entertainment. Private bathrooms with bathtubs or showers feature complimentary toiletries and hair dryers. Conveniences include coffee/tea makers and irons/ironing boards, and housekeeping is provided on request.</p><p>Dining : Enjoy a satisfying meal at Bottles serving guests of 2500 Penn, a Placemakr Experience.</p><p>CheckIn Instructions : <ul>  <li>Extra-person charges may apply and vary depending on property policy</li><li>Government-issued photo identification and a credit card, debit card, or cash deposit may be required at check-in for incidental charges</li><li>Special requests are subject to availability upon check-in and may incur additional charges; special requests cannot be guaranteed</li><li>This property accepts credit cards; cash is not accepted</li><li>Safety features at this property include a fire extinguisher, a smoke detector, and a first aid kit</li>  </ul></p><p>Special Instructions : Guests will receive an email 7 days before arrival with check-in instructions. Front desk staff will greet guests on arrival.</p>",Covered parking Uncovered parking Wheelchair accessible (may have limitations) Parking (limited spaces) Number of meeting rooms - 2 Wheelchair-accessible path to elevator Wheelchair-accessible registration desk Free WiFi Well-lit path to entrance In-room accessibility (in select rooms) Stair-free path to entrance Roll-in shower (in select rooms) Accessible bathroom (in select rooms) 24-hour fitness facilities Wheelchair-accessible lounge Luggage storage 24-hour front desk Electric car charging station Wheelchair-accessible meeting spaces/business center Housekeeping on request Smoke-free property Laundry facilities elevator Self parking (surcharge) Wheelchair accessible path of travel,Distances are displayed to the nearest 0.1 mile and kilometer. <br /> <p>George Washington University Hospital - 0.6 km / 0.4 mi <br /> Georgetown Waterfront Park - 0.8 km / 0.5 mi <br /> George Washington University - 1 km / 0.6 mi <br /> Watergate Complex - 1 km / 0.6 mi <br /> Embassy Row - 1.2 km / 0.7 mi <br /> World Bank - 1.3 km / 0.8 mi <br /> Kennedy Center - 1.3 km / 0.8 mi <br /> Dupont Circle - 1.3 km / 0.8 mi <br /> Embassy of Haiti - 1.4 km / 0.9 mi <br /> Lafayette Square - 1.5 km / 0.9 mi <br /> National Mall - 1.5 km / 0.9 mi <br /> K Street - 1.6 km / 1 mi <br /> Smithsonian Institution - 1.7 km / 1 mi <br /> Vietnam Veterans Memorial - 1.9 km / 1.2 mi <br /> Georgetown University - 1.9 km / 1.2 mi <br /> </p><p>The nearest airports are:<br />Ronald Reagan Washington National Airport (DCA) - 10.7 km / 6.7 mi<br /> Baltimore Washington Intl. Airport (BWI) - 58.6 km / 36.4 mi<br /> Washington Dulles Intl. Airport (IAD) - 40.9 km / 25.4 mi<br /> College Park  MD (CGS) - 27.4 km / 17 mi<br /> Gaithersburg  MD (GAI-Montgomery County Airpark) - 37.9 km / 23.6 mi<br /> </p><p></p>,2500 Pennsylvania Avenue WashingtonDistrict of Columbia 20037 ,20037,2023338060,http://www.avenuesuites.com
District of Columbia,,38.910275,-76.99818,Motel 6 Washington DC Convention Center,2.0,"<p>HeadLine : In Washington (Northeast)</p><p>Location : With a stay at Motel 6 Washington, DC - Convention Center in Washington (Northeast), you ll be within a 5-minute drive of National Mall and National Museum of African American History and Culture.  This motel is 2.6 mi (4.1 km) from White House and 1.3 mi (2.1 km) from Smithsonian Institution.</p><p>Rooms : Stay in one of 33 guestrooms featuring flat-screen televisions. Complimentary wireless Internet access keeps you connected, and cable programming is available for your entertainment. Bathrooms with showers are provided. Conveniences include phones with free local calls.</p><p>Dining : Grab a bite from the snack bar/deli serving guests of Motel 6 Washington, DC - Convention Center.</p><p>CheckIn Instructions : <ul>  <li>Extra-person charges may apply and vary depending on property policy</li><li>Government-issued photo identification and a credit card may be required at check-in for incidental charges</li><li>Special requests are subject to availability upon check-in and may incur additional charges; special requests cannot be guaranteed</li><li>The name on the credit card used at check-in to pay for incidentals must be the primary name on the guestroom reservation</li><li>This property accepts credit cards; cash is not accepted</li><li>Please note that cultural norms and guest policies may differ by country and by property; the policies listed are provided by the property</li>  </ul></p><p>Special Instructions : Front desk staff will greet guests on arrival.  This property allows guests 18 or over to check in with valid military ID.</p>",Wheelchair accessible  no Wheelchair-accessible van parking 24-hour front desk Wheelchair-accessible registration desk Free WiFi Assistive listening devices available Smoke-free property Wheelchair accessible parking Snack bar/deli Stair-free path to entrance Laundry facilities Free self parking Wheelchair accessible path of travel,Distances are displayed to the nearest 0.1 mile and kilometer. <br /> <p>Gallaudet University - 0.3 km / 0.2 mi <br /> Union Market - 0.3 km / 0.2 mi <br /> Smithsonian Institution - 1.9 km / 1.2 mi <br /> Union Station Shopping Center - 1.9 km / 1.2 mi <br /> Supreme Court of the United States - 2.4 km / 1.5 mi <br /> Library of Congress - 2.5 km / 1.6 mi <br /> Walter E. Washington Convention Center - 2.6 km / 1.6 mi <br /> Howard University - 2.7 km / 1.7 mi <br /> CityCenterDC - 2.7 km / 1.7 mi <br /> United States Capitol - 2.8 km / 1.8 mi <br /> Smithsonian American Art Museum - 2.9 km / 1.8 mi <br /> National Portrait Gallery - 2.9 km / 1.8 mi <br /> Martin Luther King Jr. Memorial Library - 3 km / 1.9 mi <br /> Capital One Arena - 3.1 km / 1.9 mi <br /> National Mall - 3.2 km / 2 mi <br /> </p><p>The nearest airports are:<br />Ronald Reagan Washington National Airport (DCA) - 12 km / 7.4 mi<br /> Baltimore Washington Intl. Airport (BWI) - 47.6 km / 29.6 mi<br /> Washington Dulles Intl. Airport (IAD) - 51.4 km / 31.9 mi<br /> College Park  MD (CGS) - 16.4 km / 10.2 mi<br /> Fort Meade  MD (FME-Tipton) - 33.6 km / 20.9 mi<br /> </p><p>The preferred airport for Motel 6 Washington  DC - Convention Center is Ronald Reagan Washington National Airport (DCA). </p>,"1345 4Th St Ne Washington, Dc 20002 Washington D.CDistrict of Columbia 20002 ",20002,2025442000,https://www.motel6.com/en/motels.dc.washington.4481.html
District of Columbia,,38.90708,-77.06316,Georgetown Inn,3.0,"<p>HeadLine : Near Georgetown University</p><p>Location : With a stay at Georgetown Inn in Washington (Georgetown), you ll be within a 5-minute drive of National Mall and White House.  This aparthotel is 0.5 mi (0.8 km) from Georgetown University and 2.5 mi (4.1 km) from National Museum of African American History and Culture.</p><p>Rooms : Stay in one of 96 guestrooms featuring flat-screen televisions. Your room comes with a pillowtop bed. Complimentary wireless Internet access is available to keep you connected. Bathrooms feature showers, designer toiletries, and hair dryers.</p><p>Dining : Satisfy your appetite for lunch at 1310 Kitchen and Bar, a restaurant which specializes in local and international cuisine, or stay in and take advantage of the room service (during limited hours). Wrap up your day with a drink at the bar/lounge. Cooked-to-order breakfasts are available daily from 6:30 AM to 10:30 AM for a fee.</p><p>Renovations : The following facilities are closed seasonally each year. They will be closed from August 24 to August 27:<ul><li>Parking area</li></ul></p><p>CheckIn Instructions : <ul>  <li>Extra-person charges may apply and vary depending on property policy</li><li>Government-issued photo identification and a credit card may be required at check-in for incidental charges</li><li>Special requests are subject to availability upon check-in and may incur additional charges; special requests cannot be guaranteed</li><li>This property accepts credit cards, debit cards, and cash</li><li>Please note that cultural norms and guest policies may differ by country and by property; the policies listed are provided by the property</li>  </ul></p><p>Special Instructions : Front desk staff will greet guests on arrival.</p>",Dry cleaning/laundry service secured parking Uncovered parking Banquet hall Free WiFi Number of bars/lounges - 1 Braille or raised signage Assistive listening devices available In-room accessibility (in select rooms) Free use of nearby fitness center Wheelchair accessible parking Free newspapers in lobby Roll-in shower (in select rooms) Tours/ticket assistance Accessible bathroom (in select rooms) Luggage storage Porter/bellhop Multilingual staff Business center 24-hour front desk Breakfast available (surcharge) Golfing nearby Safe-deposit box at front desk Smoke-free property Coffee/tea in common areas Hiking/biking trails nearby Laundry facilities elevator Fitness facilities Conference space Self parking (surcharge) Computer station Wheelchair accessible path of travel Concierge services 24-hour business center,Distances are displayed to the nearest 0.1 mile and kilometer. <br /> <p>Georgetown University - 0.8 km / 0.5 mi <br /> Georgetown Waterfront Park - 0.9 km / 0.6 mi <br /> Watergate Complex - 1.5 km / 1 mi <br /> Embassy of Haiti - 1.7 km / 1 mi <br /> George Washington University Hospital - 1.8 km / 1.1 mi <br /> Dupont Circle - 1.9 km / 1.2 mi <br /> Kennedy Center - 2 km / 1.2 mi <br /> George Washington University - 2 km / 1.2 mi <br /> Embassy Row - 2.1 km / 1.3 mi <br /> National Mall - 2.3 km / 1.4 mi <br /> World Bank - 2.4 km / 1.5 mi <br /> Iwo Jima Memorial - 2.6 km / 1.6 mi <br /> K Street - 2.6 km / 1.6 mi <br /> Lafayette Square - 2.8 km / 1.8 mi <br /> Vietnam Veterans Memorial - 2.8 km / 1.8 mi <br /> </p><p>The nearest airports are:<br />Ronald Reagan Washington National Airport (DCA) - 10.4 km / 6.5 mi<br /> Baltimore Washington Intl. Airport (BWI) - 58.7 km / 36.5 mi<br /> Washington Dulles Intl. Airport (IAD) - 42 km / 26.1 mi<br /> College Park  MD (CGS) - 27.5 km / 17.1 mi<br /> Gaithersburg  MD (GAI-Montgomery County Airpark) - 38.2 km / 23.7 mi<br /> </p><p>The preferred airport for Georgetown Inn is Ronald Reagan Washington National Airport (DCA). </p>,1310 Wisconsin Ave Nw WashingtonDistrict of Columbia 20007 ,20007,2023338900,https://www.ivhtravel.com/hotel-the-georgetown-inn-h66801.html
District of Columbia,,38.91076,-77.04668,The Fairfax at Embassy Row Washington D.C.,4.0,"<p>HeadLine : Near Dupont Circle</p><p>Location : With a stay at The Fairfax at Embassy Row, Washington, D.C., you ll be centrally located in Washington, steps from Anderson House Museum and Phillips Collection.  This 4-star hotel is 0.7 mi (1.1 km) from Dupont Circle and 0.9 mi (1.4 km) from George Washington University.</p><p>Rooms : Make yourself at home in one of the 259 air-conditioned rooms featuring iPod docking stations and LCD televisions. Your pillowtop bed comes with down comforters and Egyptian cotton sheets. Cable television is provided for your entertainment. Bathrooms have designer toiletries and hair dryers.</p><p>Dining : Satisfy your appetite with American cuisine at The Sally, a restaurant which features a bar/lounge. Dining is also available at the coffee shop/café. Buffet breakfasts are available daily from 6:30 AM to 9:30 AM for a fee.</p><p>Renovations : This property is closed from March 25 2020 to August 31 2021 (dates subject to change).</p><p>CheckIn Instructions : <ul>  <li>Extra-person charges may apply and vary depending on property policy</li><li>Government-issued photo identification and a credit card, debit card, or cash deposit may be required at check-in for incidental charges</li><li>Special requests are subject to availability upon check-in and may incur additional charges; special requests cannot be guaranteed</li><li>The name on the credit card used at check-in to pay for incidentals must be the primary name on the guestroom reservation</li><li>This property accepts credit cards; cash is not accepted</li><li>Please note that cultural norms and guest policies may differ by country and by property; the policies listed are provided by the property</li>  </ul></p><p>Special Instructions : Front desk staff will greet guests on arrival.</p>",Wheelchair-accessible on-site restaurant Wheelchair-accessible lounge Visual alarms in hallways Bar/lounge elevator Fitness facilities Well-lit path to entrance 24-hour front desk Porter/bellhop Restaurant Tours/ticket assistance Coffee shop or café Dry cleaning/laundry service Free WiFi Health club Valet parking (surcharge) Smoke-free property Hiking/biking trails nearby Safe-deposit box at front desk Luggage storage ATM/banking Breakfast available (surcharge) 24-hour business center Concierge services Snack bar/deli Wheelchair accessible (may have limitations) Laundry facilities Wheelchair accessible path of travel Accessible bathroom Roll-in shower Wheelchair-accessible public washroom Wheelchair-accessible concierge desk In-room accessibility Assistive listening devices available Braille or raised signage Wheelchair-accessible path to elevator Multilingual staff Wheelchair-accessible registration desk Free newspapers in lobby,Distances are displayed to the nearest 0.1 mile and kilometer. <br /> <p>Embassy of India - 0.1 km / 0.1 mi <br /> Anderson House Museum - 0.1 km / 0.1 mi <br /> Phillips Collection - 0.1 km / 0.1 mi <br /> Dupont Circle - 0.4 km / 0.2 mi <br /> George Washington University - 1.1 km / 0.7 mi <br /> George Washington University Hospital - 1.2 km / 0.7 mi <br /> World Bank - 1.5 km / 0.9 mi <br /> Lafayette Square - 1.7 km / 1.1 mi <br /> Watergate Complex - 1.8 km / 1.1 mi <br /> White House - 1.8 km / 1.1 mi <br /> Lincoln Theater - 1.9 km / 1.2 mi <br /> National Mall - 2.2 km / 1.3 mi <br /> Vietnam Veterans Memorial - 2.3 km / 1.5 mi <br /> Georgetown Waterfront Park - 2.4 km / 1.5 mi <br /> Kennedy Center - 2.4 km / 1.5 mi <br /> </p><p>The nearest airports are:<br />Ronald Reagan National Airport (DCA) - 11.2 km / 7 mi<br /> Baltimore Washington International Airport (BWI) - 52.6 km / 32.7 mi<br /> Washington Dulles International Airport (IAD) - 43.8 km / 27.2 mi<br /> College Park  MD (CGS) - 20.9 km / 13 mi<br /> Gaithersburg  MD (GAI-Montgomery County Airpark) - 39.4 km / 24.5 mi<br /> </p><p>The preferred airport for The Fairfax at Embassy Row  Washington  D.C. is Ronald Reagan National Airport (DCA). </p>,2100 Massachusetts Avenue NW Washington D.C.District of Columbia 20008 ,20008,2022932100,http://fairfaxwashingtondc.com/
District of Columbia,,38.90343,-77.06182,The Ritz Carlton Georgetown Washington D.C.,,"<p>HeadLine : In Washington (Georgetown)</p><p>Location : With a stay at The Ritz-Carlton Georgetown, Washington, D.C. in Washington (Georgetown), you ll be within a 5-minute drive of National Mall and White House.  This 5-star aparthotel is 2.3 mi (3.8 km) from National Museum of African American History and Culture and 0.8 mi (1.3 km) from Georgetown University.</p><p>Rooms : Make yourself at home in one of the 86 guestrooms featuring minibars and Smart televisions. Cable programming provides entertainment, and wired and wireless Internet access is available for a surcharge. Bathrooms with separate bathtubs and showers feature deep soaking bathtubs and rainfall showerheads. Conveniences include phones, as well as safes and desks.</p><p>Dining : Satisfy your appetite for lunch or dinner at Degrees Bistro, a restaurant which specializes in Regional cuisine, or stay in and take advantage of the 24-hour room service. Quench your thirst with your favorite drink at the bar/lounge. Full breakfasts are available daily from 6:30 AM to 11 AM for a fee.</p><p>CheckIn Instructions : <ul>  <li>Extra-person charges may apply and vary depending on property policy</li><li>Government-issued photo identification and a credit card, debit card, or cash deposit may be required at check-in for incidental charges</li><li>Special requests are subject to availability upon check-in and may incur additional charges; special requests cannot be guaranteed</li><li>This property accepts credit cards, debit cards, and cash</li><li>Please note that cultural norms and guest policies may differ by country and by property; the policies listed are provided by the property</li>  </ul></p><p>Special Instructions : Front desk staff will greet guests on arrival.</p>",Dry cleaning/laundry service Proposal/romance packages available Conference space size (meters) - 650 Limo or Town Car service available WiFi (surcharge) Number of bars/lounges - 1 In-room accessibility (in select rooms) Roll-in shower (in select rooms) Tours/ticket assistance Accessible bathroom (in select rooms) Fireplace in lobby Wheelchair-accessible on-site restaurant Visual alarms in hallways Multilingual staff Electric car charging station Breakfast available (surcharge) Wheelchair-accessible meeting spaces/business center Coffee/tea in common areas Laundry facilities elevator Fitness facilities Banquet hall Wheelchair accessible (may have limitations) Food and water bowls Meeting rooms Wheelchair-accessible path to elevator Wheelchair-accessible spa Wheelchair-accessible registration desk Wheelchair-accessible fitness center Spa treatment room(s) Well-lit path to entrance Garden Picnic area Stair-free path to entrance Free newspapers in lobby Full-service spa Wedding services 24-hour fitness facilities Free bicycles on site Couples/private dining Luggage storage Express check-out Porter/bellhop Business center 24-hour front desk Safe-deposit box at front desk Smoke-free property Conference space Valet parking (surcharge) Computer station Terrace ATM/banking Wheelchair accessible path of travel Conference space size (feet) - 7000 Concierge services,Distances are displayed to the nearest 0.1 mile and kilometer. <br /> <p>Georgetown Waterfront Park - 0.2 km / 0.1 mi <br /> Watergate Complex - 1 km / 0.6 mi <br /> Georgetown University - 1.3 km / 0.8 mi <br /> George Washington University Hospital - 1.3 km / 0.8 mi <br /> Kennedy Center - 1.5 km / 0.9 mi <br /> George Washington University - 1.5 km / 0.9 mi <br /> National Mall - 1.8 km / 1.1 mi <br /> Embassy of Haiti - 1.9 km / 1.2 mi <br /> World Bank - 2 km / 1.2 mi <br /> Embassy Row - 2 km / 1.3 mi <br /> Dupont Circle - 2.1 km / 1.3 mi <br /> Vietnam Veterans Memorial - 2.3 km / 1.5 mi <br /> Lincoln Memorial - 2.4 km / 1.5 mi <br /> Smithsonian Institution - 2.4 km / 1.5 mi <br /> Lafayette Square - 2.5 km / 1.5 mi <br /> </p><p>The nearest airports are:<br />Ronald Reagan Washington National Airport (DCA) - 9.9 km / 6.2 mi<br /> Baltimore Washington Intl. Airport (BWI) - 58.2 km / 36.2 mi<br /> Washington Dulles Intl. Airport (IAD) - 40.3 km / 25 mi<br /> College Park  MD (CGS) - 27 km / 16.8 mi<br /> Gaithersburg  MD (GAI-Montgomery County Airpark) - 37.3 km / 23.2 mi<br /> </p><p>The preferred airport for The Ritz-Carlton Georgetown  Washington  D.C. is Ronald Reagan Washington National Airport (DCA). </p>,3100 South Street NW Washington D.C.District of Columbia 20007 ,20007,2029124100,http://www.ritzcarlton.com/en/hotels/washington-dc/georgetown
District of Columbia,,38.904191,-77.025328,The Eldon Luxury Suites,3.0,"<p>HeadLine : Near Walter E. Washington Convention Center</p><p>Location : With a stay at The Eldon Luxury Suites, you ll be centrally located in Washington, steps from Walter E. Washington Convention Center and 12 minutes by foot from Capital One Arena.  This aparthotel is 0.9 mi (1.5 km) from National Mall and 1.1 mi (1.7 km) from White House.</p><p>Rooms : Make yourself at home in one of the 50 air-conditioned rooms featuring kitchens with refrigerators and stovetops. 32-inch flat-screen televisions with satellite programming provide entertainment, while complimentary wireless Internet access keeps you connected. Conveniences include phones, as well as safes and separate sitting areas.</p><p>CheckIn Instructions : <ul>  <li>Extra-person charges may apply and vary depending on property policy</li><li>Government-issued photo identification and a credit card, debit card, or cash deposit may be required at check-in for incidental charges</li><li>Special requests are subject to availability upon check-in and may incur additional charges; special requests cannot be guaranteed</li><li>This property accepts credit cards; cash is not accepted</li>  </ul></p><p>Special Instructions : Front desk staff will greet guests on arrival.</p>",Wheelchair accessible  no Luggage storage Business center 24-hour front desk Television in common areas Free WiFi Safe-deposit box at front desk Smoke-free property Tours/ticket assistance elevator Computer station Concierge services,Distances are displayed to the nearest 0.1 mile and kilometer. <br /> <p>Walter E. Washington Convention Center - 0.2 km / 0.1 mi <br /> CityCenterDC - 0.5 km / 0.3 mi <br /> Martin Luther King Jr. Memorial Library - 0.8 km / 0.5 mi <br /> Smithsonian American Art Museum - 0.9 km / 0.6 mi <br /> National Portrait Gallery - 0.9 km / 0.6 mi <br /> Capital One Arena - 1 km / 0.6 mi <br /> Ford s Theater - 1 km / 0.6 mi <br /> K Street - 1.1 km / 0.7 mi <br /> Embassy Row - 1.1 km / 0.7 mi <br /> Warner Theatre - 1.2 km / 0.7 mi <br /> Lafayette Square - 1.2 km / 0.7 mi <br /> National Geographic Museum - 1.3 km / 0.8 mi <br /> National Theatre - 1.3 km / 0.8 mi <br /> White House - 1.4 km / 0.9 mi <br /> National Archives - 1.4 km / 0.9 mi <br /> </p><p>The nearest airports are:<br />Ronald Reagan Washington National Airport (DCA) - 9.2 km / 5.7 mi<br /> Baltimore Washington Intl. Airport (BWI) - 50.2 km / 31.2 mi<br /> Washington Dulles Intl. Airport (IAD) - 42.9 km / 26.7 mi<br /> College Park  MD (CGS) - 18.9 km / 11.7 mi<br /> Fort Meade  MD (FME-Tipton) - 36.1 km / 22.4 mi<br /> </p><p>The preferred airport for The Eldon Luxury Suites is Ronald Reagan Washington National Airport (DCA). </p>,933 L St NW WashingtonDistrict of Columbia 20001 ,20001,2025405000,http://eldonsuites.com/
District of Columbia,,38.9084,-77.00349,Courtyard Washington DC U.S. Capitol,3.0,"<p>HeadLine : In Washington (Northeast)</p><p>Location : With a stay at Courtyard Washington, DC/U.S. Capitol, you ll be centrally located in Washington, within a 5-minute drive of National Mall and National Museum of African American History and Culture.  This aparthotel is 2.2 mi (3.6 km) from White House and 0.9 mi (1.5 km) from Smithsonian Institution.</p><p>Rooms : Make yourself at home in one of the 218 guestrooms featuring refrigerators and flat-screen televisions. Satellite programming provides entertainment, and wired and wireless Internet access is available for a surcharge. Private bathrooms with shower/tub combinations feature deep soaking bathtubs and designer toiletries. Conveniences include phones, as well as safes and desks.</p><p>Dining : Satisfy your appetite with American cuisine at The Bistro, a bistro which features a bar/lounge. Dining is also available at the coffee shop/cafe. Cooked-to-order breakfasts are served on weekdays from 6:00 AM to 10:00 AM and on weekends from 7:00 AM to 11:00 AM for a fee.</p><p>CheckIn Instructions : <ul>  <li>Extra-person charges may apply and vary depending on property policy</li><li>Government-issued photo identification and a credit card, debit card, or cash deposit may be required at check-in for incidental charges</li><li>Special requests are subject to availability upon check-in and may incur additional charges; special requests cannot be guaranteed</li><li>This property accepts credit cards; cash is not accepted</li>  </ul></p><p>Special Instructions : Front desk staff will greet guests on arrival.</p>",Dry cleaning/laundry service Shopping on site Wheelchair accessible (may have limitations) Assistive listening devices in meeting rooms Number of meeting rooms - 5 Wheelchair-accessible path to elevator Conference space size (meters) - 129 Valet for wheelchair-equipped vehicle Free wired Internet Wheelchair-accessible registration desk Television in common areas Wheelchair-accessible fitness center Free WiFi Number of bars/lounges - 1 Wheelchair-accessible public washroom Assistive listening devices available In-room accessibility (in select rooms) Free newspapers in lobby Roll-in shower (in select rooms) Wedding services Accessible bathroom (in select rooms) Wheelchair-accessible on-site restaurant Visual alarms in hallways Business center 24-hour front desk Breakfast available (surcharge) Library Wheelchair-accessible meeting spaces/business center Golfing nearby Safe-deposit box at front desk Smoke-free property Coffee/tea in common areas Snack bar/deli Number of coffee shops/cafes - 1 Laundry facilities elevator Fitness facilities Conference space Valet parking (surcharge) Computer station ATM/banking Wheelchair accessible path of travel Pool sun loungers Conference space size (feet) - 1392,Distances are displayed to the nearest 0.1 mile and kilometer. <br /> <p>Union Market - 0.7 km / 0.4 mi <br /> Gallaudet University - 0.8 km / 0.5 mi <br /> Smithsonian Institution - 1.4 km / 0.9 mi <br /> Union Station Shopping Center - 1.4 km / 0.9 mi <br /> Supreme Court of the United States - 2.1 km / 1.3 mi <br /> Walter E. Washington Convention Center - 2.1 km / 1.3 mi <br /> Howard University - 2.1 km / 1.3 mi <br /> CityCenterDC - 2.2 km / 1.4 mi <br /> Library of Congress - 2.3 km / 1.4 mi <br /> Capital One Arena - 2.3 km / 1.4 mi <br /> Smithsonian American Art Museum - 2.3 km / 1.5 mi <br /> National Portrait Gallery - 2.3 km / 1.5 mi <br /> United States Capitol - 2.4 km / 1.5 mi <br /> Martin Luther King Jr. Memorial Library - 2.4 km / 1.5 mi <br /> National Mall - 2.6 km / 1.6 mi <br /> </p><p>The nearest airports are:<br />Ronald Reagan Washington National Airport (DCA) - 11.6 km / 7.2 mi<br /> Baltimore Washington Intl. Airport (BWI) - 48.7 km / 30.2 mi<br /> Washington Dulles Intl. Airport (IAD) - 51 km / 31.7 mi<br /> College Park  MD (CGS) - 17.5 km / 10.9 mi<br /> Fort Meade  MD (FME-Tipton) - 34 km / 21.1 mi<br /> </p><p>The preferred airport for Courtyard Washington  DC/U.S. Capitol is Ronald Reagan Washington National Airport (DCA). </p>,1325 2Nd Street Northeast WashingtonDistrict of Columbia 20002 ,20002,2028984000,http://www.marriott.com/hotels/travel/wasus-courtyard-washington-dc-us-capitol/
District of Columbia,,38.902473,-77.03564,Hyatt Place Washington DC White House,3.0,"<p>HeadLine : Near White House</p><p>Location : A stay at Hyatt Place Washington DC/White House places you in the heart of Washington, within a 10-minute walk of White House and Smithsonian Institution.  This hotel is 0.8 mi (1.2 km) from Walter E. Washington Convention Center and 0.9 mi (1.4 km) from National Mall.</p><p>Rooms : Make yourself at home in one of the 164 air-conditioned rooms featuring refrigerators and flat-screen televisions. Complimentary wireless Internet access is available to keep you connected. Private bathrooms with shower/tub combinations feature designer toiletries and hair dryers. Conveniences include phones, as well as safes and desks.</p><p>Dining : Enjoy a meal at the restaurant or snacks in the hotel s coffee shop/cafe. Quench your thirst with your favorite drink at the bar/lounge. A complimentary buffet breakfast is served on weekends from 7:00 AM to 10:00 AM.</p><p>CheckIn Instructions : <ul>  <li>Extra-person charges may apply and vary depending on property policy</li><li>Government-issued photo identification and a credit card, debit card, or cash deposit may be required at check-in for incidental charges</li><li>Special requests are subject to availability upon check-in and may incur additional charges; special requests cannot be guaranteed</li><li>This property accepts credit cards; cash is not accepted</li><li>Please note that cultural norms and guest policies may differ by country and by property; the policies listed are provided by the property</li>  </ul> <ul>  <li>It is Hyatts practice to enter any occupied guestroom at a minimum of once within a 24-hour period, even if a guest has requested privacy.  Appropriate efforts are made to provide advance notice to the registered guest before entering an occupied guestroom.</li>  </ul></p><p>Special Instructions : It is Hyatt s practice to enter any occupied guestroom at a minimum of once within a 24-hour period, even if a guest has requested privacy. Appropriate efforts are made to provide advance notice to the registered guest before entering an occupied guestroom.Front desk staff will greet guests on arrival.</p>",Free breakfast Visual alarms in hallways Wheelchair-accessible meeting spaces/business center Number of coffee shops/cafes - 1 Laundry facilities elevator Fitness facilities Wheelchair accessible (may have limitations) Covered parking Wheelchair-accessible concierge desk Food and water bowls Wheelchair-accessible path to elevator Wheelchair-accessible registration desk Wheelchair-accessible fitness center Wheelchair-accessible public washroom Garden Internet access in public areas - high speed 24-hour fitness facilities Dry cleaning/laundry service Number of meeting rooms - 4 Conference space size (meters) - 186 Free WiFi Number of bars/lounges - 1 Braille or raised signage Assistive listening devices available In-room accessibility (in select rooms) Roll-in shower (in select rooms) Tours/ticket assistance Accessible bathroom (in select rooms) Free Buffet Breakfast Rooftop terrace Wheelchair-accessible lounge Wheelchair-accessible on-site restaurant Luggage storage Business center 24-hour front desk Housekeeping on request Safe-deposit box at front desk Smoke-free property Snack bar/deli Conference space Valet parking (surcharge) Terrace Wheelchair accessible path of travel Conference space size (feet) - 2000 Concierge services 24-hour business center,Distances are displayed to the nearest 0.1 mile and kilometer. <br /> <p>K Street - 0.1 km / 0.1 mi <br /> Lafayette Square - 0.4 km / 0.2 mi <br /> National Geographic Museum - 0.6 km / 0.4 mi <br /> Embassy Row - 0.6 km / 0.4 mi <br /> White House - 0.7 km / 0.4 mi <br /> Smithsonian Institution - 0.7 km / 0.4 mi <br /> CityCenterDC - 0.9 km / 0.5 mi <br /> World Bank - 0.9 km / 0.6 mi <br /> National Theatre - 1.1 km / 0.7 mi <br /> Warner Theatre - 1.1 km / 0.7 mi <br /> Dupont Circle - 1.2 km / 0.7 mi <br /> Walter E. Washington Convention Center - 1.2 km / 0.8 mi <br /> National Mall - 1.3 km / 0.8 mi <br /> Martin Luther King Jr. Memorial Library - 1.4 km / 0.9 mi <br /> Ford s Theater - 1.4 km / 0.9 mi <br /> </p><p>The nearest airports are:<br />Ronald Reagan Washington National Airport (DCA) - 8.6 km / 5.3 mi<br /> Baltimore Washington Intl. Airport (BWI) - 51.1 km / 31.7 mi<br /> Washington Dulles Intl. Airport (IAD) - 43.3 km / 26.9 mi<br /> College Park  MD (CGS) - 19.9 km / 12.4 mi<br /> Gaithersburg  MD (GAI-Montgomery County Airpark) - 39.7 km / 24.6 mi<br /> </p><p>The preferred airport for Hyatt Place Washington DC/White House is Ronald Reagan Washington National Airport (DCA). </p>,1522 K Street Nw Washington D.CDistrict of Columbia 20005 ,20005,2028301900,http://dcdowntown.place.hyatt.com/en/hotel/home.html
District of Columbia,,38.88352,-77.01758,Hyatt Place Washington D.C. National Mall,3.0,"<p>HeadLine : Near National Mall</p><p>Location : With a stay at Hyatt Place Washington DC/National Mall, you ll be centrally located in Washington, within a 10-minute walk of National Mall and National Air and Space Museum.  This aparthotel is 0.7 mi (1.1 km) from United States Capitol and 0.8 mi (1.3 km) from National Gallery of Art.</p><p>Rooms : Make yourself at home in one of the 214 air-conditioned rooms featuring refrigerators and flat-screen televisions. Complimentary wired and wireless Internet access keeps you connected, and cable programming provides entertainment. Bathrooms have designer toiletries and hair dryers. Conveniences include laptop-compatible safes and desks, as well as phones with free local calls.</p><p>Dining : Enjoy American cuisine at CityBar DC, one of the aparthotel s many dining establishments, which include 2 restaurants and a coffee shop/cafe. Need to unwind? Take a break with a tasty beverage at one of the 2 bars/lounges. A complimentary continental breakfast is served on weekdays from 6:30 AM to 9:00 AM and on weekends from 7:00 AM to 10:00 AM.</p><p>Renovations : The following facilities are closed seasonally each year. They will be closed from September 29 to May 25:<ul><li>Swimming pool</li></ul></p><p>CheckIn Instructions : <ul>  <li>Extra-person charges may apply and vary depending on property policy</li><li>Government-issued photo identification and a credit card, debit card, or cash deposit may be required at check-in for incidental charges</li><li>Special requests are subject to availability upon check-in and may incur additional charges; special requests cannot be guaranteed</li><li>This property accepts credit cards; cash is not accepted</li><li>Safety features at this property include a smoke detector</li><li>Please note that cultural norms and guest policies may differ by country and by property; the policies listed are provided by the property</li>  </ul> <ul>  <li>It is Hyatts practice to enter any occupied guestroom at a minimum of once within a 24-hour period, even if a guest has requested privacy.  Appropriate efforts are made to provide advance notice to the registered guest before entering an occupied guestroom.</li>  </ul></p><p>Special Instructions : It is Hyatt s practice to enter any occupied guestroom at a minimum of once within a 24-hour period, even if a guest has requested privacy. Appropriate efforts are made to provide advance notice to the registered guest before entering an occupied guestroom.Front desk staff will greet guests on arrival.</p>",Dry cleaning/laundry service Parking (limited spaces) Pool umbrellas Number of meeting rooms - 3 Conference space size (meters) - 201 Free wired Internet Free WiFi Number of bars/lounges - 2 Braille or raised signage Assistive listening devices available In-room accessibility (in select rooms) Wheelchair accessible parking Parking onsite Roll-in shower (in select rooms) Tours/ticket assistance Accessible bathroom (in select rooms) Free continental breakfast Rooftop terrace Free breakfast Multilingual staff Daily Number of coffee shops/cafes - 1 Laundry facilities elevator Fitness facilities Wheelchair accessible (may have limitations) Ballroom Express check-in Wheelchair-accessible path to elevator Wheelchair-accessible registration desk Television in common areas Well-lit path to entrance Stair-free path to entrance Free newspapers in lobby 24-hour fitness facilities Luggage storage Grocery/convenience store Porter/bellhop 24-hour front desk Outdoor seasonal pool Safe-deposit box at front desk Smoke-free property Snack bar/deli Conference space Valet parking (surcharge) Computer station ATM/banking Pool sun loungers Conference space size (feet) - 2167 Concierge services 24-hour business center,Distances are displayed to the nearest 0.1 mile and kilometer. <br /> <p>Museum of the Bible - 0.1 km / 0.1 mi <br /> National Mall - 0.5 km / 0.3 mi <br /> National Air and Space Museum - 0.6 km / 0.4 mi <br /> L Enfant Plaza - 0.8 km / 0.5 mi <br /> Hirshhorn Museum and Sculpture Garden - 0.9 km / 0.5 mi <br /> International Spy Museum - 0.9 km / 0.5 mi <br /> Smithsonian Institution - 1 km / 0.6 mi <br /> The Anthem - 1 km / 0.6 mi <br /> United States Capitol - 1.1 km / 0.7 mi <br /> National Gallery of Art - 1.2 km / 0.7 mi <br /> Library of Congress - 1.3 km / 0.8 mi <br /> National Archives - 1.4 km / 0.8 mi <br /> National Museum of Natural History - 1.4 km / 0.9 mi <br /> United States Holocaust Memorial Museum - 1.6 km / 1 mi <br /> National Museum of American History - 1.7 km / 1.1 mi <br /> </p><p>The nearest airports are:<br />Ronald Reagan Washington National Airport (DCA) - 7.2 km / 4.5 mi<br /> Baltimore Washington Intl. Airport (BWI) - 53.3 km / 33.1 mi<br /> Washington Dulles Intl. Airport (IAD) - 45.3 km / 28.1 mi<br /> College Park  MD (CGS) - 22.1 km / 13.7 mi<br /> Fort Meade  MD (FME-Tipton) - 37.3 km / 23.2 mi<br /> </p><p>The preferred airport for Hyatt Place Washington DC/National Mall is Ronald Reagan Washington National Airport (DCA). </p>,400 E Street Sw WashingtonDistrict of Columbia 20024 ,20024,2028036110,http://dcnationalmall.place.hyatt.com/en/hotel/home.html
District of Columbia,,38.87506,-77.00598,Hampton Inn and Suites Washington DC Navy Yard,3.0,"<p>HeadLine : Near Nationals Park</p><p>Location : With a stay at Hampton Inn & Suites Washington DC-Navy Yard in Washington (Navy Yard), you ll be steps from Nationals Park and 5 minutes by foot from The Yards Park.  This hotel is 0.3 mi (0.4 km) from Canal Park and 0.8 mi (1.3 km) from Washington Navy Yard.</p><p>Rooms : Make yourself at home in one of the 168 air-conditioned rooms featuring refrigerators and LCD televisions. Complimentary wired and wireless Internet access keeps you connected, and digital programming provides entertainment. Private bathrooms with showers feature designer toiletries and hair dryers. Conveniences include safes and desks, as well as phones with free local calls.</p><p>Dining : At Hampton Inn & Suites Washington DC-Navy Yard, enjoy a satisfying meal at the restaurant. A complimentary buffet breakfast is served daily from 6:00 AM to 10:00 AM.</p><p>CheckIn Instructions : <ul>  <li>Extra-person charges may apply and vary depending on property policy</li><li>Government-issued photo identification and a credit card, debit card, or cash deposit may be required at check-in for incidental charges</li><li>Special requests are subject to availability upon check-in and may incur additional charges; special requests cannot be guaranteed</li><li>This property accepts credit cards, debit cards, and cash</li><li>Safety features at this property include a smoke detector</li>  </ul></p><p>Special Instructions : Front desk staff will greet guests on arrival.</p>",Dry cleaning/laundry service Number of meeting rooms - 1 Conference space size (meters) - 130 Free WiFi Braille or raised signage Assistive listening devices available In-room accessibility (in select rooms) Roll-in shower (in select rooms) Accessible bathroom (in select rooms) Free Buffet Breakfast Rooftop terrace Wheelchair-accessible on-site restaurant Free breakfast Visual alarms in hallways Handrails in stairways Daily Wheelchair-accessible meeting spaces/business center Coffee/tea in common areas Laundry facilities elevator Fitness facilities Wheelchair accessible (may have limitations) Assistive listening devices in meeting rooms Wheelchair-accessible path to elevator Valet for wheelchair-equipped vehicle Wheelchair-accessible registration desk Television in common areas Wheelchair-accessible fitness center Wheelchair-accessible public washroom Well-lit path to entrance Stair-free path to entrance Free newspapers in lobby 24-hour fitness facilities Luggage storage Express check-out Business center 24-hour front desk Housekeeping on request Safe-deposit box at front desk Smoke-free property Conference space Valet parking (surcharge) Computer station Terrace ATM/banking Wheelchair accessible path of travel Conference space size (feet) - 1400 Concierge services 24-hour business center,Distances are displayed to the nearest 0.1 mile and kilometer. <br /> <p>Nationals Park - 0.1 km / 0.1 mi <br /> The Yards Park - 0.4 km / 0.3 mi <br /> Canal Park - 0.6 km / 0.4 mi <br /> Audi Field - 1 km / 0.6 mi <br /> Washington Navy Yard - 1.2 km / 0.8 mi <br /> Library of Congress - 1.4 km / 0.8 mi <br /> United States Capitol - 1.7 km / 1.1 mi <br /> Supreme Court of the United States - 1.9 km / 1.2 mi <br /> Museum of the Bible - 2.1 km / 1.3 mi <br /> National Mall - 2.1 km / 1.3 mi <br /> The Anthem - 2.2 km / 1.3 mi <br /> National Air and Space Museum - 2.4 km / 1.5 mi <br /> Hirshhorn Museum and Sculpture Garden - 2.7 km / 1.7 mi <br /> Union Station Shopping Center - 2.7 km / 1.7 mi <br /> International Spy Museum - 2.8 km / 1.7 mi <br /> </p><p>The nearest airports are:<br />Ronald Reagan Washington National Airport (DCA) - 9.1 km / 5.7 mi<br /> Baltimore Washington Intl. Airport (BWI) - 51.6 km / 32.1 mi<br /> Washington Dulles Intl. Airport (IAD) - 47.1 km / 29.3 mi<br /> College Park  MD (CGS) - 20.4 km / 12.7 mi<br /> Fort Meade  MD (FME-Tipton) - 37.4 km / 23.2 mi<br /> </p><p>The preferred airport for Hampton Inn & Suites Washington DC-Navy Yard is Ronald Reagan Washington National Airport (DCA). </p>,1265 First Street SE WashingtonDistrict of Columbia 20003 ,20003,2028001000,HTTP://WWW.HAMPTONINNWASHINGTONDCNAVYYARD.COM/
District of Columbia,,38.90197877,-77.02603542,Bridgestreet At City Center Apartments,3.0,"<p><b>Property Location</b> <br />With a stay at Bridgestreet City Center in Washington (Downtown Washington D.C.), you'll be a 5-minute walk from Ford's Theater and 13 minutes by foot from White House.  This aparthotel is 0.5 mi (0.7 km) from Capital One Arena and 1.1 mi (1.8 km) from Washington Monument.</p><p><b>Rooms</b> <br />Make yourself at home in one of the 15 individually decorated guestrooms, featuring kitchens with full-sized refrigerators/freezers and stovetops. Wired and wireless Internet access is complimentary, while 40-inch LCD televisions with cable programming provide entertainment. Conveniences include microwaves and coffee/tea makers, and you can also request cribs/infant beds (surcharge).</p><p><b>Amenities</b> <br />Take advantage of recreation opportunities including a 24-hour fitness center and a seasonal outdoor pool. Additional features at this Art Deco aparthotel include complimentary wireless Internet access and concierge services.</p><p><b>Business, Other Amenities</b> <br />Featured amenities include complimentary wired Internet access, a 24-hour business center, and a 24-hour front desk.</p>",24-hour business center 24-hour fitness facilities 24-hour front desk Coffee/tea in common areas Computer station Concierge services Elevator/lift Free WiFi Free wired Internet Garden Number of floors - 10 Outdoor seasonal pool Rooftop terrace Smoke-free property Total number of rooms - 15 Year Built - 2014,Distances are displayed to the nearest 0.1 mile and kilometer. <br /> <p>Washington D.C. Madame Tussauds - 0.3 km / 0.2 mi <br /> Ford's Theater - 0.4 km / 0.2 mi <br /> Franklin Square - 0.6 km / 0.4 mi <br /> National Portrait Gallery - 0.6 km / 0.4 mi <br /> International Spy Museum - 0.6 km / 0.4 mi <br /> Walter E. Washington Convention Center - 0.6 km / 0.4 mi <br /> Warner Theatre - 0.7 km / 0.4 mi <br /> Capital One Arena - 0.7 km / 0.5 mi <br /> National Theatre - 0.8 km / 0.5 mi <br /> Ellipse - 0.9 km / 0.5 mi <br /> National Museum of Natural History - 0.9 km / 0.6 mi <br /> White House - 1 km / 0.6 mi <br /> National Aquarium - 1.1 km / 0.7 mi <br /> National Archives - 1.1 km / 0.7 mi <br /> Smithsonian Castle - 1.2 km / 0.8 mi <br /> </p><p>The nearest airports are:<br />Washington  DC (DCA-Ronald Reagan Washington National) - 8.8 km / 5.5 mi<br /> College Park  MD (CGS) - 23.4 km / 14.5 mi<br /> Fort Meade  MD (FME-Tipton) - 41.3 km / 25.7 mi<br /> Washington  DC (IAD-Washington Dulles Intl.) - 44.2 km / 27.5 mi<br /> Gaithersburg  MD (GAI-Montgomery County Airpark) - 52 km / 32.3 mi<br /> </p><p></p>,825 Tenth Street Nw Washington D.CDistrict of Columbia 20001 ,20001,3126386775,http://www.bridgestreet.com/properties/Washington/City-Center
District of Columbia,,38.90647,-77.02693,DUO Housing,5.0,"Located 1.8 km from The White House in Washington, Duo Housing offers free WiFi access. The property has a 24-hour front desk and luggage storage.

Each room includes linen, towels, and access to a shared bathroom. Select rooms are equipped with air conditioning.

Guests at Washingtons Duo Housing can mingle in the shared lounge or terrace. There is also a shared kitchen. Snacks and refreshments are available from the on-site vending machines.

Washington Monument is 6 minutes drive from the hostel. The Lincoln Memorial is 9 minutes drive. Guests are required to show a photo identification and credit card upon check-in. Please note that all Special Requests are subject to availability and additional charges may apply.
In response to Coronavirus (COVID-19), additional safety and sanitation measures are in effect at this property.
Food & beverage services at this property may be limited or unavailable due to Coronavirus (COVID-19).
Due to Coronavirus (COVID-19), this property is taking steps to help protect the safety of guests and staff. Certain services and amenities may be reduced or unavailable as a result.
Please note, the property does not accept cash payments.

Please note, there is a maximum stay of 14 days at this property.

For all groups of more than 4 guests, different policies and additional supplements may apply.

Please note that local VA and D.C. guests are limited to a 1 night stay.",shared stationery such as printed menus  magazines  pens  and paper removed hand sanitizer in guest accommodation and key areas all plates  cutlery  glasses and other tableware have been sanitized 24-hour front desk Terrace Non-smoking rooms internet services express check-in/check-out Table tennis Karaoke BBQ facilities Heating Luggage storage wifi Free WiFi Air conditioning designated smoking area ATM/cash machine on site Sun terrace Private check-in/check-out Shared kitchen Lockers shared lounge/TV area minimarket on site Evening entertainment Adult only Daily housekeeping grocery deliveries wifi available in all areas board games/puzzles Accessible parking Outdoor furniture Picnic area temporary art galleries Pub crawls Movie nights 24-hour security Security alarm Smoke alarms CCTV in common areas CCTV outside property Fire extinguishers guest accommodation is disinfected between stays physical distancing in dining areas staff follow all safety protocols as directed by local authorities,,1223 11th Street Northwest WashingtonDistrict of Columbia 20001 ,20001,2028082195,https://www.booking.com/hotel/us/duo-housing.html
District of Columbia,,38.903195,-77.054737,Joud Residence,3.0,"<p>HeadLine : Near George Washington University</p><p>Location : With a stay at Joud Residence in Washington (Northwest), you ll be a 1-minute drive from George Washington University and 5 minutes from National Mall.  This apartment is 1.2 mi (2 km) from White House and 1 mi (1.6 km) from Smithsonian Institution.</p><p>Rooms : Make yourself at home in one of the 36 guestrooms, featuring kitchenettes with refrigerators and stovetops. 32-inch LCD televisions with cable programming provide entertainment, while complimentary wireless Internet access keeps you connected. Conveniences include microwaves and coffee/tea makers, and housekeeping is provided on request.</p><p>CheckIn Instructions : <ul>  <li>Extra-person charges may apply and vary depending on property policy</li><li>Government-issued photo identification and a credit card, debit card, or cash deposit may be required at check-in for incidental charges</li><li>Special requests are subject to availability upon check-in and may incur additional charges; special requests cannot be guaranteed</li><li>Safety features at this property include a smoke detector, a first aid kit, and window guards</li><li>Be prepared: check the latest COVID-19 travel requirements and measures in place for this destination before you travel.</li>  </ul></p><p>Special Instructions : To make arrangements for check-in please contact the property at least 72 hours before arrival using the information on the booking confirmation. If you are planning to arrive after 10 PM please contact the property in advance using the information on the booking confirmation. Guests planning to arrive outside of normal check-in hours must contact the property in advance for check-in instructions and key retrieval information. Front desk staff will greet guests on arrival.</p>",Laundry facilities Parking (limited spaces) Luggage storage Wheelchair accessible  no Designated smoking areas (fines apply) Free WiFi Self parking (surcharge) elevator Multilingual staff Designated smoking areas 24-hour front desk,Distances are displayed to the nearest 0.1 mile and kilometer. <br /> <p>George Washington University - 0.4 km / 0.2 mi <br /> George Washington University Hospital - 0.8 km / 0.5 mi <br /> Georgetown Waterfront Park - 0.9 km / 0.5 mi <br /> Watergate Complex - 0.9 km / 0.6 mi <br /> Embassy Row - 1.3 km / 0.8 mi <br /> Kennedy Center - 1.3 km / 0.8 mi <br /> World Bank - 1.5 km / 0.9 mi <br /> Dupont Circle - 1.5 km / 0.9 mi <br /> National Mall - 1.5 km / 0.9 mi <br /> Georgetown University - 1.5 km / 0.9 mi <br /> Smithsonian Institution - 1.6 km / 1 mi <br /> National Geographic Museum - 1.6 km / 1 mi <br /> Lafayette Square - 1.6 km / 1 mi <br /> K Street - 1.7 km / 1.1 mi <br /> White House - 1.8 km / 1.1 mi <br /> </p><p>The nearest airports are:<br />Ronald Reagan Washington National Airport (DCA) - 10.4 km / 6.5 mi<br /> Washington Dulles Intl. Airport (IAD) - 39.8 km / 24.7 mi<br /> Baltimore Washington Intl. Airport (BWI) - 58.6 km / 36.4 mi<br /> College Park  MD (CGS) - 27.5 km / 17.1 mi<br /> Gaithersburg  MD (GAI-Montgomery County Airpark) - 38.8 km / 24.1 mi<br /> </p><p></p>,1005 26Th St Nw Washington DCDistrict of Columbia 20037 ,20037,2023333869,http://www.joudresidence.com/
District of Columbia,,38.911514,-76.99703,Hampton Inn Washington DC NoMa Union Station,2.0,"<p>HeadLine : In Washington (Northeast)</p><p>Location : A stay at Hampton Inn Washington DC NoMa Union Station places you in the heart of Washington, within a 5-minute drive of Ford s Theater and United States Capitol.  This hotel is 2.6 mi (4.1 km) from White House and 3.1 mi (5 km) from Washington Monument.</p><p>Rooms : Make yourself at home in one of the 125 air-conditioned rooms featuring refrigerators and minibars. Complimentary wired and wireless Internet access keeps you connected, and satellite programming provides entertainment. Private bathrooms with bathtubs or showers feature complimentary toiletries and hair dryers. Conveniences include laptop-compatible safes and coffee/tea makers, and housekeeping is provided daily.</p><p>Dining : For your convenience, a complimentary breakfast is served daily from 6 AM to 10 AM.</p><p>CheckIn Instructions : <ul>  <li>Extra-person charges may apply and vary depending on property policy</li><li>Government-issued photo identification and a credit card may be required at check-in for incidental charges</li><li>Special requests are subject to availability upon check-in and may incur additional charges; special requests cannot be guaranteed</li><li>This property accepts credit cards, debit cards, and cash</li><li>Please note that cultural norms and guest policies may differ by country and by property; the policies listed are provided by the property</li>  </ul></p><p>Special Instructions : This property offers transfers from the train station. Guests must contact the property with arrival details before travel, using the contact information on the booking confirmation. Front desk staff will greet guests on arrival.</p>",Dry cleaning/laundry service Vending machine Reception hall Express check-in Meeting rooms Free train station drop-off Television in common areas Free WiFi Assistive listening devices available In-room accessibility (in select rooms) Internet access in public areas - high speed Wheelchair accessible parking Free newspapers in lobby Roll-in shower (in select rooms) Accessible bathroom (in select rooms) Free area shuttle Free breakfast Express check-out Business center 24-hour front desk Free train station pickup Daily Safe-deposit box at front desk Coffee/tea in common areas elevator Self parking (surcharge) Valet parking (surcharge) ATM/banking Wheelchair accessible path of travel 24-hour business center,Distances are displayed to the nearest 0.1 mile and kilometer. <br /> <p>Gallaudet University - 0.5 km / 0.3 mi <br /> Union Market - 0.5 km / 0.3 mi <br /> Smithsonian Institution - 2.2 km / 1.3 mi <br /> Union Station Shopping Center - 2.2 km / 1.3 mi <br /> Supreme Court of the United States - 2.6 km / 1.6 mi <br /> Walter E. Washington Convention Center - 2.6 km / 1.6 mi <br /> Howard University - 2.8 km / 1.7 mi <br /> Library of Congress - 2.8 km / 1.7 mi <br /> CityCenterDC - 2.8 km / 1.7 mi <br /> Capital One Arena - 2.8 km / 1.8 mi <br /> Smithsonian American Art Museum - 3 km / 1.9 mi <br /> National Portrait Gallery - 3 km / 1.9 mi <br /> United States Capitol - 3.1 km / 1.9 mi <br /> Martin Luther King Jr. Memorial Library - 3.1 km / 1.9 mi <br /> National Mall - 3.4 km / 2.1 mi <br /> </p><p>The nearest airports are:<br />Ronald Reagan Washington National Airport (DCA) - 12 km / 7.5 mi<br /> Baltimore Washington Intl. Airport (BWI) - 47.6 km / 29.6 mi<br /> Washington Dulles Intl. Airport (IAD) - 51.4 km / 32 mi<br /> College Park  MD (CGS) - 16.4 km / 10.2 mi<br /> Fort Meade  MD (FME-Tipton) - 33.6 km / 20.9 mi<br /> </p><p>The preferred airport for Hampton Inn Washington DC NoMa Union Station is Ronald Reagan Washington National Airport (DCA). </p>,501 New York Ave NE Suite A Suite AWashingtonDistrict of Columbia 20002 ,20002,2023931001,http://hamptoninn3.hilton.com/en/hotels/district-of-columbia/hampton-inn-washington-dc-noma-union-station-DCANYHX/index.html
District of Columbia,,38.90282,-77.02692,HI Washington DC Hostel,2.0,"This Washington, DC hostel offers Wi-Fi access along with dormitory style rooms equipped with a locker, lamp, and shared bathroom. The Metro Center Metro Station is a 5 minutes walk away.

Guests staying at the Hostelling International Washington, DC have access to a common room, game room, laundry facilities, TV room, library, and full kitchen for self-service. Luggage storage is also possible.

A free continental breakfast is served each morning, featuring cereals, bagels, juice, fruit and pastries.

A weekly schedule of free activities are available for guests that includes trivia night, tours, a pub crawl, and other social events.

The National Mall and White House is 800 metres from Hostelling International Washington, DC. A variety of shopping and dining options are just a short distance away. Guests are required to show a photo identification and credit card upon check-in. Please note that all Special Requests are subject to availability and additional charges may apply.
Hostelling International is a member based organization. Guests must present a membership card at check-in or pay a membership fee of USD 4 per night. Please contact the property for more details.

At check-in, all guests must present a valid passport and proof of on-going travel.

A private bathroom is available in some rooms upon request. Please contact the property for details.

Each bed has a free locker. Please bring your own lock or purchase one upon arrival for USD 5 each. The hostel cannot provide free locks.

All guests must reside more than 45 miles away from Washington DC city limits.

When booking more than 10 rooms, different policies and additional supplements may apply.",Lower bathroom sink Restaurant 24-hour front desk Terrace Non-smoking rooms Business center Laundry facilities Facilities for disabled guests Arcade/game room Internet access Elevator/lift Safe-deposit box at front desk Billiards or pool table Bicycle rental (additional charge) Library Tour desk Heating Luggage storage Free WiFi Free WiFi Non-smoking throughout Air conditioning Designated smoking areas ATM/banking Vending machine - Snacks & Drink Shared kitchen Lockers Television in common areas Evening entertainment Daily housekeeping Games Wheelchair accessible Toilet with grab rails,,1009 11Th Street Nw Washington D.C.District of Columbia 20001 ,20001,202737233312027371508,https://www.booking.com/hotel/us/hostelling-international-washington-dc.html
District of Columbia,,38.90144,-77.01539,Capital View Hostel,2.0,"Capital View Hostel is located in Washington, D.C. city centre just 10 minutes walk from The Smithsonian American Art Museum and the Verizon Centre. Free WiFi access is offered.

Each air conditioned room here offers bunk beds with reading lights. Shared bathrooms include bed and bath linens.

Capital View Hostel offers access to the nearby Crossfit Shaw for a discounted rate.

The Judiciary Square underground station is a short 8 minutes walk from the hostel. The White House is 2 underground stops away. 24-hour check-in is provided.

The hostel is 800 metres from Washington Convention Centre, 900 metres from the Washington Monument and 2 km from Lafayette Square. Baltimore - Washington International Airport is 43 km away. Guests are required to show a photo identification and credit card upon check-in. Please note that all Special Requests are subject to availability and additional charges may apply.
Please inform Capital View Hostel in advance of your expected arrival time. You can use the Special Requests box when booking, or contact the property directly with the contact details provided in your confirmation.
In accordance with government guidelines to minimise transmission of the Coronavirus (COVID-19), this property currently isnt accepting guests from certain countries, during dates where such guidelines exist.
Food & beverage services at this property may be limited or unavailable due to Coronavirus (COVID-19).
In accordance with government guidelines to minimise transmission of the Coronavirus (COVID-19), this property can only accept bookings from essential workers/permitted travellers, during dates where such guidelines exist. Reasonable evidence must be provided on arrival. If it isnt provided, your booking will be cancelled on arrival.
Due to Coronavirus (COVID-19), this property has reduced reception and service operating hours.
Spa and gym facilities at this property are unavailable due to Coronavirus (COVID-19).
When booking 5 or more guests, different policies and additional supplements may apply.",CCTV outside property Luggage storage 24-hour front desk Shared kitchen Pub crawls Parking designated smoking area wifi Lockers Fire extinguishers wifi available in all areas Sauna Non-smoking throughout BBQ facilities On-site parking Heating internet services Air conditioning CCTV in common areas Family rooms Movie nights shuttle service (additional charge) Fax/photocopying Smoke alarms board games/puzzles Darts Sun terrace Evening entertainment Games room shared lounge/TV area Fitness centre Bike tours Laundry Free WiFi Security alarm Live sport events (broadcast) express check-in/check-out Terrace Private parking Daily housekeeping Bicycle rental (additional charge) Walking tours Non-smoking rooms,,301 I Street Nw WashingtonDistrict of Columbia 20001 ,20001,2025067106,https://www.booking.com/hotel/us/capital-view.html
District of Columbia,,38.91738,-77.03652,Meridian Manor Bed and Breakfast,3.0,"Property Location With a stay at Meridian Manor in Washington, you&amp;apos;ll be minutes from Meridian Hill Park and Scottish Rite Temple. This family-friendly bed &amp; breakfast is close to White House and George Washington University.Rooms Make yourself at home in one of the 7 air-conditioned guestrooms. Cable television is provided for your entertainment.Dining Continental breakfasts are available daily for a fee.Business, Other Amenities Self parking (subject to charges) is available onsite.The Meridian Manor is a  hotel.",Car Parking - Onsite Paid,,2030 16th Street NW WashingtonDistrict of Columbia 20009 ,20009,2022133849,http://www.bedandbreakfast.com/es/dc-washington-meridian-manor.html
District of Columbia,,38.90686,-77.04879,The District by Hilton Club,3.0,"<p>HeadLine : Near George Washington University</p><p>Location : In the heart of Washington, Hilton Club The District Washington D.C. is within a 5-minute drive of Lincoln Memorial and National Mall.  This aparthotel is 1.7 mi (2.7 km) from White House and 1.7 mi (2.8 km) from Smithsonian s National Zoo.</p><p>Rooms : Make yourself at home in one of the 120 guestrooms, featuring kitchenettes with refrigerators and microwaves. Your pillowtop bed comes with premium bedding, and all rooms are furnished with queen sofa beds. 55-inch flat-screen televisions with premium TV channels provide entertainment, while complimentary wireless Internet access keeps you connected. Conveniences include phones, as well as laptop-compatible safes and separate sitting areas.</p><p>Dining : Enjoy a meal at the restaurant, or stay in and take advantage of the aparthotel s room service (during limited hours). Mingle with other guests at the complimentary reception, held daily. Quench your thirst with your favorite drink at the bar/lounge. A complimentary on-the-go breakfast is served on weekdays from 7:00 AM to 9:00 AM and on weekends from 8:00 AM to 10:00 AM.</p><p>CheckIn Instructions : <ul>  <li>Extra-person charges may apply and vary depending on property policy</li><li>Government-issued photo identification and a credit card, debit card, or cash deposit may be required at check-in for incidental charges</li><li>Special requests are subject to availability upon check-in and may incur additional charges; special requests cannot be guaranteed</li><li>This property accepts credit cards, debit cards, and cash</li><li>Safety features at this property include a smoke detector</li>  </ul></p><p>Special Instructions : The front desk is open daily from 6:30 AM - 11:00 PM. Front desk staff will greet guests on arrival.</p>",Braille or raised signage Well-lit path to entrance Assistive listening devices available Number of indoor pools - 1 In-room accessibility (in select rooms) Wheelchair accessible parking Stair-free path to entrance Roll-in shower (in select rooms) Accessible bathroom (in select rooms) Free breakfast to go Dry cleaning/laundry service Wheelchair-accessible concierge desk Wheelchair-accessible van parking Free reception Wheelchair-accessible path to elevator Wheelchair-accessible registration desk Television in common areas Wheelchair-accessible fitness center Free WiFi Wheelchair-accessible pool Number of bars/lounges - 1 Number of spa tubs - 1 Luggage storage Wheelchair-accessible on-site restaurant Free breakfast Multilingual staff Business center Front desk (limited hours) Daily Wheelchair-accessible meeting spaces/business center Safe-deposit box at front desk Smoke-free property Laundry facilities elevator Fitness facilities Self parking (surcharge) Computer station ATM/banking Wheelchair accessible path of travel Concierge services,Distances are displayed to the nearest 0.1 mile and kilometer. <br /> <p>Embassy Row - 0.4 km / 0.3 mi <br /> Dupont Circle - 0.6 km / 0.4 mi <br /> George Washington University Hospital - 0.7 km / 0.4 mi <br /> Embassy of Haiti - 0.8 km / 0.5 mi <br /> George Washington University - 1.2 km / 0.7 mi <br /> World Bank - 1.3 km / 0.8 mi <br /> Watergate Complex - 1.3 km / 0.8 mi <br /> K Street - 1.5 km / 0.9 mi <br /> Lafayette Square - 1.5 km / 1 mi <br /> Georgetown Waterfront Park - 1.6 km / 1 mi <br /> Kennedy Center - 1.7 km / 1 mi <br /> Smithsonian Institution - 1.7 km / 1.1 mi <br /> National Mall - 2 km / 1.2 mi <br /> Vietnam Veterans Memorial - 2 km / 1.3 mi <br /> White House - 2 km / 1.3 mi <br /> </p><p>The nearest airports are:<br />Ronald Reagan Washington National Airport (DCA) - 11.2 km / 7 mi<br /> Baltimore Washington Intl. Airport (BWI) - 52.5 km / 32.6 mi<br /> Washington Dulles Intl. Airport (IAD) - 41.5 km / 25.8 mi<br /> College Park  MD (CGS) - 21.3 km / 13.2 mi<br /> Gaithersburg  MD (GAI-Montgomery County Airpark) - 37.6 km / 23.4 mi<br /> </p><p>The preferred airport for Hilton Club The District Washington D.C. is Ronald Reagan Washington National Airport (DCA). </p>,1250 22nd Street NW WashingtonDistrict of Columbia 20037 ,20037,2024493100,http://www3.hilton.com/en/hotels/district-of-columbia/the-district-by-hilton-club-WASVCGV/index.html
District of Columbia,,38.90462,-77.04042,Marriott Vacation Club Pulse at The Mayflower,3.0,"<p>HeadLine : Near White House</p><p>Location : With a stay at Marriott Vacation Club Pulse at The Mayflower, Washington DC, you ll be centrally located in Washington, a 5-minute drive from White House and 7 minutes from National Mall.  This aparthotel is 1.1 mi (1.7 km) from George Washington University and 1.4 mi (2.2 km) from Walter E. Washington Convention Center.</p><p>Rooms : Make yourself at home in one of the 71 air-conditioned rooms featuring iPod docking stations. Private bathrooms with shower/tub combinations feature complimentary toiletries and hair dryers. Conveniences include phones, as well as safes and desks.</p><p>Dining : Enjoy a meal at Edgar Bar & Kitchen, or stay in and take advantage of the aparthotel s room service (during limited hours). Wrap up your day with a drink at the bar/lounge.</p><p>CheckIn Instructions : <ul>  <li>Extra-person charges may apply and vary depending on property policy</li><li>Government-issued photo identification and a credit card, debit card, or cash deposit may be required at check-in for incidental charges</li><li>Special requests are subject to availability upon check-in and may incur additional charges; special requests cannot be guaranteed</li><li>Be prepared: check the latest COVID-19 travel requirements and measures in place for this destination before you travel.</li>  </ul></p><p>Special Instructions : Front desk staff will greet guests on arrival.</p>",Braille or raised signage Wheelchair-accessible path to elevator Wheelchair-accessible registration desk Wheelchair-accessible fitness center Free newspapers in lobby Wheelchair-accessible on-site restaurant Coffee/tea in common areas elevator Fitness facilities Number of bars/lounges - 1 Well-lit path to entrance 24-hour front desk Business center Free WiFi Valet parking (surcharge) Smoke-free property Safe-deposit box at front desk Concierge services Wheelchair accessible (may have limitations) Laundry facilities Wheelchair accessible path of travel Roll-in shower In-room accessibility,Distances are displayed to the nearest 0.1 mile and kilometer. <br /> <p>National Geographic Museum - 0.2 km / 0.1 mi <br /> K Street - 0.5 km / 0.3 mi <br /> Lafayette Square - 0.6 km / 0.4 mi <br /> Dupont Circle - 0.7 km / 0.4 mi <br /> Smithsonian Institution - 0.7 km / 0.4 mi <br /> George Washington University - 0.9 km / 0.5 mi <br /> World Bank - 0.9 km / 0.5 mi <br /> White House - 1 km / 0.6 mi <br /> George Washington University Hospital - 1.2 km / 0.8 mi <br /> Embassy of Haiti - 1.5 km / 0.9 mi <br /> National Mall - 1.5 km / 1 mi <br /> National Theatre - 1.6 km / 1 mi <br /> Warner Theatre - 1.7 km / 1 mi <br /> CityCenterDC - 1.7 km / 1.1 mi <br /> Walter E. Washington Convention Center - 1.8 km / 1.1 mi <br /> </p><p>The nearest airports are:<br />Ronald Reagan Washington National Airport (DCA) - 9.2 km / 5.7 mi<br /> Baltimore Washington Intl. Airport (BWI) - 51.7 km / 32.1 mi<br /> Washington Dulles Intl. Airport (IAD) - 42 km / 26.1 mi<br /> College Park  MD (CGS) - 20.5 km / 12.7 mi<br /> Gaithersburg  MD (GAI-Montgomery County Airpark) - 38.3 km / 23.8 mi<br /> </p><p>The preferred airport for Marriott Vacation Club Pulse at The Mayflower  Washington DC is Ronald Reagan Washington National Airport (DCA). </p>,1127 Connecticut Avenue NW 7th FloorWashington D.C.District of Columbia 20036 ,20036,2023473000,http://www.marriottvacationclub.com/vacation-resor
District of Columbia,,,,Waldorf Astoria Washington DC,,"Washington's historic Old Post Office has been restored far beyond its initial grandeur and proudly stands as the iconic Trump International Hotel Washington, D.C., bringing a new level of luxury to Pennsylvania Avenue. Attracting locals and travelers alike, our hotel in downtown D.C. features BLT Prime by David Burke, Benjamin Bar & Lounge, a curated walkway museum, The Spa by Ivanka Trump, and the largest luxury hotel ballroom in the city. Our 5 star hotel in Washington, D.C. offers luxurious guest rooms and suites, of which no two are identical, making every stay truly unique",,,1100 Pennsylvania Avenue Northwest WashingtonDistrict of Columbia 20004 ,20004,2026951100,http://HTTPS://WWW.TRUMPHOTELS.COM/WASHINGTON-DC
District of Columbia,,38.903003,-77.058072,Georgetown Suites Harbour,2.0,"<p>HeadLine : Near Kennedy Center</p><p>Location : Located in Washington (Georgetown), Georgetown Suites Harbour is within a 15-minute walk of Kennedy Center and George Washington University.  This aparthotel is 0.5 mi (0.8 km) from George Washington University Hospital and 1.2 mi (1.9 km) from Georgetown University.</p><p>Rooms : Make yourself at home in one of the 221 guestrooms, featuring kitchenettes with refrigerators and stovetops. Complimentary wireless Internet access keeps you connected, and cable programming is available for your entertainment. Conveniences include laptop-compatible safes and desks, as well as phones with free local calls.</p><p>Dining : A complimentary continental breakfast is included.</p><p>CheckIn Instructions : Extra-person charges may apply and vary depending on property policy. <br />Government-issued photo identification and a credit card, debit card, or cash deposit are required at check-in for incidental charges. <br />Special requests are subject to availability upon check-in and may incur additional charges. Special requests cannot be guaranteed. <ul>  Please note that cultural norms and guest policies may differ by country and by property. The policies listed are provided by the property. </ul></p>",Luggage storage Coffee/tea in common areas elevator 24-hour business center Concierge services 24-hour front desk Laundry facilities Free breakfast Express check-out Meeting rooms Television in common areas Accessible bathroom 24-hour fitness facilities Dry cleaning/laundry service Free WiFi Self parking (surcharge) Free wired Internet Smoke-free property Free newspapers in lobby,Distances are displayed to the nearest 0.1 mile and kilometer. <br /> <p>Watergate Complex - 0.7 km / 0.4 mi <br /> Georgetown Waterfront Park - 0.7 km / 0.4 mi <br /> George Washington University Hospital - 0.8 km / 0.5 mi <br /> Kennedy Center - 1 km / 0.6 mi <br /> George Washington University - 1.2 km / 0.7 mi <br /> World Bank - 1.6 km / 1 mi <br /> Embassy of India - 1.6 km / 1 mi <br /> Embassy of Cameroon - 1.8 km / 1.1 mi <br /> Vietnam Veterans Memorial - 1.9 km / 1.2 mi <br /> Lincoln Memorial - 2 km / 1.2 mi <br /> Georgetown University - 2 km / 1.2 mi <br /> Dupont Circle - 2 km / 1.3 mi <br /> National Geographic Society - 2.1 km / 1.3 mi <br /> Korean War Veterans Memorial - 2.2 km / 1.3 mi <br /> White House - 2.2 km / 1.4 mi <br /> </p><p>The nearest airports are:<br />Washington  DC (DCA-Ronald Reagan Washington National) - 10 km / 6.2 mi<br /> Baltimore  MD (BWI-Baltimore Washington Intl. Thurgood Marshall) - 58.4 km / 36.3 mi<br /> Washington  DC (IAD-Washington Dulles Intl.) - 42.9 km / 26.7 mi<br /> College Park  MD (CGS) - 26.4 km / 16.4 mi<br /> Gaithersburg  MD (GAI-Montgomery County Airpark) - 45.5 km / 28.3 mi<br /> </p><p>The preferred airport for Georgetown Suites Harbour is Washington  DC (DCA-Ronald Reagan Washington National). </p>,1000 29th Street Northwest Washington D.C.District of Columbia 20007 ,20007,2022981600,http://www.georgetownsuites.com
District of Columbia,,38.91149,-76.99711,Homewood Suites by Hilton Washington DC NoMa Union Station,3.0,"<p>HeadLine : In Washington (Northeast)</p><p>Location : With a stay at Homewood Suites by Hilton Washington DC NoMa Union Station in Washington (Northeast), you ll be within a 5-minute drive of National Mall and National Museum of African American History and Culture.  This aparthotel is 2.6 mi (4.2 km) from White House and 1.3 mi (2.1 km) from Smithsonian Institution.</p><p>Rooms : Make yourself at home in one of the 114 guestrooms, featuring kitchens with full-sized refrigerators/freezers and microwaves. Wired and wireless Internet access is complimentary, and flat-screen televisions with premium TV channels provide entertainment. Conveniences include safes and desks, as well as phones with free local calls.</p><p>Dining : A complimentary full breakfast is served on weekdays from 6:30 AM to 9:30 AM and on weekends from 7:00 AM to 10:00 AM.</p><p>CheckIn Instructions : <ul>  <li>Extra-person charges may apply and vary depending on property policy</li><li>Government-issued photo identification and a credit card may be required at check-in for incidental charges</li><li>Special requests are subject to availability upon check-in and may incur additional charges; special requests cannot be guaranteed</li><li>This property accepts credit cards, debit cards, and cash</li>  </ul></p><p>Special Instructions : Front desk staff will greet guests on arrival.</p>",Dry cleaning/laundry service Covered parking Free grocery shopping service Free full breakfast Vending machine Reception hall Express check-in Number of meeting rooms - 3 Wheelchair-accessible path to elevator Valet for wheelchair-equipped vehicle Free train station drop-off Wheelchair-accessible registration desk Free WiFi Well-lit path to entrance In-room accessibility (in select rooms) Stair-free path to entrance Free newspapers in lobby Roll-in shower (in select rooms) Accessible bathroom (in select rooms) Free area shuttle Wheelchair accessible  no Free breakfast Express check-out Business center 24-hour front desk Free train station pickup Daily Safe-deposit box at front desk Coffee/tea in common areas Laundry facilities elevator Conference space Self parking (surcharge) ATM/banking 24-hour business center,Distances are displayed to the nearest 0.1 mile and kilometer. <br /> <p>Gallaudet University - 0.5 km / 0.3 mi <br /> Union Market - 0.5 km / 0.3 mi <br /> Smithsonian Institution - 2.1 km / 1.3 mi <br /> Union Station Shopping Center - 2.1 km / 1.3 mi <br /> Walter E. Washington Convention Center - 2.6 km / 1.6 mi <br /> Supreme Court of the United States - 2.6 km / 1.6 mi <br /> Howard University - 2.8 km / 1.7 mi <br /> CityCenterDC - 2.8 km / 1.7 mi <br /> Capital One Arena - 2.8 km / 1.7 mi <br /> Library of Congress - 3 km / 1.8 mi <br /> Smithsonian American Art Museum - 3 km / 1.8 mi <br /> National Portrait Gallery - 3 km / 1.8 mi <br /> United States Capitol - 3.1 km / 1.9 mi <br /> Martin Luther King Jr. Memorial Library - 3.1 km / 1.9 mi <br /> National Mall - 3.4 km / 2.1 mi <br /> </p><p>The nearest airports are:<br />Ronald Reagan Washington National Airport (DCA) - 12 km / 7.5 mi<br /> Baltimore Washington Intl. Airport (BWI) - 47.6 km / 29.6 mi<br /> Washington Dulles Intl. Airport (IAD) - 51.4 km / 32 mi<br /> College Park  MD (CGS) - 16.4 km / 10.2 mi<br /> Fort Meade  MD (FME-Tipton) - 33.5 km / 20.8 mi<br /> </p><p>The preferred airport for Homewood Suites by Hilton Washington DC NoMa Union Station is Ronald Reagan Washington National Airport (DCA). </p>,501 New York Avenue Ne; Suite B Suite BWashingtonDistrict of Columbia 20002 ,20002,2023938001,http://homewoodsuites3.hilton.com/en/hotels/district-of-columbia/homewood-suites-by-hilton-washington-dc-noma-union-station-DCANEHW/index.html
District of Columbia,,38.90645,-77.05329,Churchill At West End 25,5.0,"<p><b>Property Location</b> <br />With a stay at Global Serviced Luxury Apartments at West End 25 in Washington, you''ll be minutes from Francis Pool and close to George Washington University. This condo is close to White House and Lincoln Memorial.</p><p><b>Rooms</b> <br />Make yourself at home in one of the air-conditioned rooms featuring kitchens with full-sized refrigerators/freezers and stovetops. Complimentary wireless Internet access keeps you connected, and cable programming is available for your entertainment. Conveniences include desks and microwaves, and you can also request cribs/infant beds (surcharge).</p><p><b>Rec, Spa, Premium Amenities</b> <br />Enjoy recreational amenities such as a fitness center and a seasonal outdoor pool. Additional amenities include complimentary wireless Internet access and barbecue grills.</p><p><b>Dining</b> <br />While enjoying a refreshing dip in the condo pool, you can order your favorite drink at the poolside bar.</p><p><b>Business, Other Amenities</b> <br />Self parking (subject to charges) is available onsite.</p>",,,1255 25th Street Northwest WashingtonDistrict of Columbia 20037 ,20037,,
District of Columbia,,38.90924,-77.05532,The Avery Georgetown,4.0,"Featuring free WiFi throughout the property, The Avery Georgetown is set in Washington, 700 metres from The Capitol.

Rooms are equipped with a flat-screen TV with satellite channels. Certain units feature a seating area to relax in after a busy day. Extras include bathrobe and free toiletries.

You can play tennis a block from the hotel. Phillips Collection is 800 metres from The Avery Georgetown, while White House is 2.1 km away. The nearest airport is Ronald Reagan Washington National Airport, 7 km from The Avery Georgetown. Please inform The Avery Georgetown in advance of your expected arrival time. You can use the Special Requests box when booking, or contact the property directly with the contact details provided in your confirmation.
In response to Coronavirus (COVID-19), additional safety and sanitation measures are in effect at this property.",Pets allowed Tennis Court Garden Terrace Non-smoking rooms Facilities for disabled guests Family rooms internet services express check-in/check-out Cycling Heating Luggage storage wifi Free WiFi Non-smoking throughout Air conditioning Sun terrace Private check-in/check-out shared lounge/TV area Daily housekeeping wifi available in all areas board games/puzzles Toilet with grab rails Higher level toilet Lower bathroom sink Wine/champagne Fruits tennis equipment Pet basket Pet bowls Outdoor furniture Picnic area temporary art galleries Stand-up comedy Bike tours Live music/performance Live sport events (broadcast) Key card access Security alarm Smoke alarms CCTV in common areas CCTV outside property Fire extinguishers use of cleaning chemicals that are effective against coronavirus linens  towels and laundry washed in accordance with local authority guidelines guest accommodation is disinfected between stays staff follow all safety protocols as directed by local authorities shared stationery such as printed menus  magazines  pens  and paper removed first aid kit available contactless check-in/check-out cashless payment available physical distancing rules followed invoice provided all plates  cutlery  glasses and other tableware have been sanitized guests have the option to cancel any cleaning services for their accommodation during their stay delivered food is securely covered,,2616 P St Nw WashingtonDistrict of Columbia 20007 ,20007,2028274390,https://www.booking.com/hotel/us/the-avery-georgetown.html
District of Columbia,,38.907254,-77.049412,Westbrooke Place,3.0,"<p>HeadLine : Near George Washington University</p><p>Location : Located in Washington (Dupont Circle), this condo is within a 10-minute walk of George Washington University Hospital and Dupont Circle.  This condo is 0.6 mi (1 km) from George Washington University and 1.1 mi (1.8 km) from White House.</p><p>Rooms : Make yourself comfortable in this air-conditioned condo, featuring a kitchen with a full-sized refrigerator/freezer and an oven. A flat-screen television is provided for your entertainment. Conveniences include a phone, as well as a desk and a microwave.</p><p>CheckIn Instructions : Extra-person charges may apply and vary depending on property policy. <br />Government-issued photo identification and a credit card, debit card, or cash deposit are required at check-in for incidental charges. <br />Special requests are subject to availability upon check-in and may incur additional charges. Special requests cannot be guaranteed. <ul>  Please note that cultural norms and guest policies may differ by country and by property. The policies listed are provided by the property. </ul> A mandatory cleaning fee is included in the final price displayed.</p>",Barbecue grill(s) Laundry facilities Business center One meeting room Free WiFi Self parking (surcharge) elevator Fitness facilities Concierge services Indoor pool,Distances are displayed to the nearest 0.1 mile and kilometer. <br /> <p>Embassy of India - 0.7 km / 0.4 mi <br /> George Washington University Hospital - 0.8 km / 0.5 mi <br /> Dupont Circle - 0.8 km / 0.5 mi <br /> George Washington University - 1 km / 0.6 mi <br /> Watergate Complex - 1.2 km / 0.8 mi <br /> National Geographic Society - 1.3 km / 0.8 mi <br /> World Bank - 1.3 km / 0.8 mi <br /> Lafayette Square - 1.7 km / 1.1 mi <br /> Kennedy Center - 1.8 km / 1.1 mi <br /> White House - 1.8 km / 1.1 mi <br /> Georgetown Waterfront Park - 1.9 km / 1.2 mi <br /> Vietnam Veterans Memorial - 2.2 km / 1.4 mi <br /> Embassy of Cameroon - 2.3 km / 1.4 mi <br /> Lincoln Memorial - 2.3 km / 1.4 mi <br /> Lincoln Theater - 2.5 km / 1.5 mi <br /> </p><p>The nearest airports are:<br />Washington  DC (DCA-Ronald Reagan Washington National) - 9.6 km / 6 mi<br /> Baltimore  MD (BWI-Baltimore Washington Intl. Thurgood Marshall) - 58.3 km / 36.3 mi<br /> Washington  DC (IAD-Washington Dulles Intl.) - 43.2 km / 26.8 mi<br /> College Park  MD (CGS) - 26.4 km / 16.4 mi<br /> Gaithersburg  MD (GAI-Montgomery County Airpark) - 46.8 km / 29.1 mi<br /> </p><p></p>,2201 N Street NW WashingtonDistrict of Columbia 20037 ,20037,8663727411,https://www.westbrookeplace.com
District of Columbia,,38.91294,-77.04663,Ivy Mansion at Dupont Circle,3.0,"<p><b>Property Location</b> <br />With a stay at Ivy Mansion at Dupont Circle, you'll be centrally located in Washington, within a 10-minute drive of George Washington University and Smithsonian's National Zoo.  This bed & breakfast is 1.7 mi (2.7 km) from Lincoln Memorial and 1.7 mi (2.8 km) from White House.</p><p><b>Rooms</b> <br />Make yourself at home in one of the 4 air-conditioned rooms featuring microwaves. Prepare your meals in the shared/communal kitchen. Complimentary wired and wireless Internet access keeps you connected, and cable programming provides entertainment. Conveniences include desks and coffee/tea makers, and housekeeping is provided once per stay.</p><p><b>Amenities</b> <br />Pamper yourself with onsite massages or take in the view from a terrace. This bed & breakfast also features complimentary wireless Internet access and a fireplace in the lobby.</p><p><b>Business, Other Amenities</b> <br />Featured amenities include complimentary wired Internet access, a business center, and laundry facilities.</p>",Business center Computer station Fireplace in lobby Free WiFi Free wired Internet Laundry facilities Number of buildings/towers - 1 Number of floors - 4 Offsite parking reservations required Smoke-free property Terrace Total number of rooms - 4 Year Built - 1890,Distances are displayed to the nearest 0.1 mile and kilometer. <br /> <p>Dupont Circle - 0.6 km / 0.4 mi <br /> Embassy of Australia - 1.2 km / 0.7 mi <br /> George Washington University Hospital - 1.4 km / 0.9 mi <br /> George Washington University - 1.6 km / 1 mi <br /> International Monetary Fund - 1.7 km / 1.1 mi <br /> World Bank - 1.7 km / 1.1 mi <br /> Lincoln Theater - 1.8 km / 1.1 mi <br /> Blair House - 1.8 km / 1.1 mi <br /> Renwick Gallery - 1.8 km / 1.1 mi <br /> Museum of Contemporary Art - 1.9 km / 1.2 mi <br /> White House - 2 km / 1.2 mi <br /> Ellipse - 2.1 km / 1.3 mi <br /> Franklin Square - 2.2 km / 1.4 mi <br /> Smithsonian's National Zoo - 2.2 km / 1.4 mi <br /> U.S. Department of State - 2.3 km / 1.5 mi <br /> </p><p>The nearest airports are:<br />Washington  DC (DCA-Ronald Reagan Washington National) - 12.5 km / 7.8 mi<br /> College Park  MD (CGS) - 20.4 km / 12.7 mi<br /> Gaithersburg  MD (GAI-Montgomery County Airpark) - 40.1 km / 24.9 mi<br /> Fort Meade  MD (FME-Tipton) - 40.5 km / 25.2 mi<br /> Washington  DC (IAD-Washington Dulles Intl.) - 43.9 km / 27.2 mi<br /> </p><p>The preferred airport for Ivy Mansion at Dupont Circle is Washington  DC (DCA-Ronald Reagan Washington National). </p>,1705 21St St Nw WashingtonDistrict of Columbia 20009 ,20009,,http://theivymansion.com
District of Columbia,,38.920386,-77.042282,HighRoad Hostel DC,2.0,"<p>HeadLine : In Washington (Northwest)</p><p>Location : With a stay at HighRoad Washington DC in Washington (Northwest), you ll be within a 5-minute drive of Smithsonian s National Zoo and Dupont Circle.  This inn is 1.5 mi (2.5 km) from Smithsonian Institution and 1.7 mi (2.7 km) from Rock Creek Park.</p><p>Rooms : Make yourself at home in one of the 35 guestrooms. Your memory foam bed comes with down comforters. Complimentary wireless Internet access is available to keep you connected. Bathrooms feature showers with rainfall showerheads and complimentary toiletries.</p><p>CheckIn Instructions : <ul>  <li>Extra-person charges may apply and vary depending on property policy</li><li>Government-issued photo identification and a credit card may be required at check-in for incidental charges</li><li>Special requests are subject to availability upon check-in and may incur additional charges; special requests cannot be guaranteed</li><li>The name on the credit card used at check-in to pay for incidentals must be the primary name on the guestroom reservation</li><li>This property accepts credit cards and debit cards; cash is not accepted</li><li>This property reserves the right to pre-authorize the guest s credit card prior to arrival.</li><li>Only bookings from non-local guests are accepted; guests whose residence is within 90 mi (144 km) of the property will not be allowed to check in</li><li>Onsite parties or group events are strictly prohibited</li><li>Safety features at this property include a fire extinguisher, a smoke detector, and a security system</li><li>Please note that cultural norms and guest policies may differ by country and by property; the policies listed are provided by the property</li>  </ul></p><p>Special Instructions : To make arrangements for check-in please contact the property at least 72 hours before arrival using the information on the booking confirmation. If you are planning to arrive after 10:00 PM please contact the property in advance using the information on the booking confirmation. Guests will receive an email 24 hours before arrival with check-in instructions. Front desk staff will greet guests on arrival. For more details, please contact the property using the information on the booking confirmation.  All guests must present a valid, government-issued ID at check-in.  The maximum stay at this property is 14 nights in any 365 day period.</p>",Lot Hours - 24 hours Wheelchair accessible  no Luggage storage Distance from property (ft) - 150 Coin laundry on site Change of bed sheets (on request) 24-hour front desk Shared microwave Television in common areas Free WiFi Shared refrigerator Housekeeping on request Change of towels (on request) Smoke-free property Coffee/tea in common areas Laundry facilities Fireplace in lobby Computer station Terrace Distance from property (meters) - 46,Distances are displayed to the nearest 0.1 mile and kilometer. <br /> <p>Smithsonian s National Zoo - 1.2 km / 0.7 mi <br /> Dupont Circle - 1.3 km / 0.8 mi <br /> Embassy Row - 1.3 km / 0.8 mi <br /> Embassy of Haiti - 1.6 km / 1 mi <br /> Rock Creek Park - 2 km / 1.2 mi <br /> Howard University - 2.1 km / 1.3 mi <br /> K Street - 2.3 km / 1.4 mi <br /> Lafayette Square - 2.4 km / 1.5 mi <br /> World Bank - 2.5 km / 1.5 mi <br /> George Washington University Hospital - 2.5 km / 1.6 mi <br /> Smithsonian Institution - 2.6 km / 1.6 mi <br /> White House - 3 km / 1.8 mi <br /> Washington Hospital Center - 3 km / 1.8 mi <br /> George Washington University - 3.1 km / 1.9 mi <br /> Watergate Complex - 3.1 km / 1.9 mi <br /> </p><p>The nearest airports are:<br />Ronald Reagan Washington National Airport (DCA) - 13.9 km / 8.7 mi<br /> Baltimore Washington Intl. Airport (BWI) - 52.2 km / 32.4 mi<br /> Washington Dulles Intl. Airport (IAD) - 42.1 km / 26.2 mi<br /> College Park  MD (CGS) - 14.4 km / 9 mi<br /> Gaithersburg  MD (GAI-Montgomery County Airpark) - 36.7 km / 22.8 mi<br /> </p><p></p>,1804 Belmont Road NW WashingtonDistrict of Columbia 20009 ,20009,2027353622,http://highroadhostels.com
District of Columbia,,38.90654,-77.05297,Weichert Suites at the West End,5.0,"<p><b>Property Location</b> <br />With a stay at this apartment in Washington (Northwest), you'll be within a 10-minute drive of George Washington University and Lincoln Memorial.  This 4-star apartment is 1.4 mi (2.2 km) from White House and 2 mi (3.2 km) from Ford's Theater.</p><p><b>Rooms</b> <br />Make yourself comfortable in this individually decorated apartment, featuring a kitchen with a refrigerator and an oven. There's a private balcony or patio. Wired and wireless Internet access is complimentary, and a flat-screen television with cable programming provides entertainment. Conveniences include a phone, as well as a desk and a separate sitting area.</p><p><b>Amenities</b> <br />Enjoy recreational amenities such as an outdoor pool and a fitness center. Additional amenities at this apartment include complimentary wireless Internet access, concierge services, and a fireplace in the lobby.</p><p><b>Business, Other Amenities</b> <br />Featured amenities include complimentary wired Internet access, a 24-hour business center, and dry cleaning/laundry services.</p>",24-hour business center 24-hour front desk Barbecue grill(s) Concierge services Dry cleaning/laundry service Elevator/lift Fireplace in lobby Fitness facilities Free WiFi Free wired Internet Garden Laundry facilities Outdoor pool Picnic area Rooftop terrace Smoke-free property Total number of rooms - 1,Distances are displayed to the nearest 0.1 mile and kilometer. <br /> <p>George Washington University Hospital - 0.8 km / 0.5 mi <br /> Museum of Contemporary Art - 0.9 km / 0.6 mi <br /> Dupont Circle - 1.1 km / 0.7 mi <br /> George Washington University - 1.1 km / 0.7 mi <br /> International Monetary Fund - 1.4 km / 0.9 mi <br /> World Bank - 1.4 km / 0.9 mi <br /> Embassy of Australia - 1.5 km / 0.9 mi <br /> Kennedy Center - 1.6 km / 1 mi <br /> Renwick Gallery - 1.7 km / 1 mi <br /> Blair House - 1.7 km / 1.1 mi <br /> U.S. Department of State - 1.7 km / 1.1 mi <br /> White House - 1.9 km / 1.2 mi <br /> Vietnam Veterans Memorial - 2.1 km / 1.3 mi <br /> Ellipse - 2.1 km / 1.3 mi <br /> Lincoln Memorial - 2.2 km / 1.4 mi <br /> </p><p>The nearest airports are:<br />Washington  DC (DCA-Ronald Reagan Washington National) - 9.6 km / 6 mi<br /> College Park  MD (CGS) - 26.8 km / 16.7 mi<br /> Washington  DC (IAD-Washington Dulles Intl.) - 42.8 km / 26.6 mi<br /> Fort Meade  MD (FME-Tipton) - 44.8 km / 27.8 mi<br /> Gaithersburg  MD (GAI-Montgomery County Airpark) - 45.8 km / 28.5 mi<br /> </p><p></p>,1255 25th Street North West WashingtonDistrict of Columbia 20037 ,20037,,
District of Columbia,,38.87559,-77.0059,Residence Inn Washington Capitol Hill navy Yard,3.0,"<p>HeadLine : Near Nationals Park</p><p>Location : With a stay at Residence Inn Washington Capitol Hill/Navy Yard in Washington (Navy Yard), you ll be a 3-minute walk from Nationals Park and 15 minutes by foot from Washington Navy Yard.  This hotel is 1.3 mi (2.1 km) from National Mall and 2.4 mi (3.8 km) from National Museum of African American History and Culture.</p><p>Rooms : Make yourself at home in one of the 170 guestrooms, featuring kitchens with full-sized refrigerators/freezers and stovetops. Your bed comes with premium bedding, and all rooms are furnished with sofa beds. Wired and wireless Internet access is complimentary, while 42-inch Smart televisions with cable programming provide entertainment. Conveniences include safes and desks, as well as phones with free local calls.</p><p>Dining : Grab a bite from the grocery/convenience store serving guests of Residence Inn Washington Capitol Hill/Navy Yard. A complimentary buffet breakfast is served on weekdays from 6:30 AM to 9:00 AM and on weekends from 7:00 AM to 10:00 AM.</p><p>CheckIn Instructions : <ul>  <li>Extra-person charges may apply and vary depending on property policy</li><li>Government-issued photo identification and a credit card, debit card, or cash deposit may be required at check-in for incidental charges</li><li>Special requests are subject to availability upon check-in and may incur additional charges; special requests cannot be guaranteed</li><li>The name on the credit card used at check-in to pay for incidentals must be the primary name on the guestroom reservation</li><li>This property accepts credit cards; cash is not accepted</li><li>This property reserves the right to pre-authorize the guest s credit card prior to arrival.</li>  </ul></p><p>Special Instructions : Front desk staff will greet guests on arrival.</p>",Dry cleaning/laundry service Free grocery shopping service Express check-in Number of meeting rooms - 1 Conference space size (meters) - 32 Valet for wheelchair-equipped vehicle Wheelchair-accessible registration desk Television in common areas Wheelchair-accessible fitness center Free WiFi Wheelchair-accessible public washroom Braille or raised signage Assistive listening devices available In-room accessibility (in select rooms) Internet access in public areas - high speed Free newspapers in lobby Roll-in shower (in select rooms) Accessible bathroom (in select rooms) Fireplace in lobby Free Buffet Breakfast Luggage storage Free breakfast Express check-out Grocery/convenience store Visual alarms in hallways Multilingual staff Business center 24-hour front desk Daily Wheelchair-accessible meeting spaces/business center Housekeeping on request Safe-deposit box at front desk Smoke-free property Laundry facilities elevator Fitness facilities Conference space Valet parking (surcharge) Computer station Terrace Wheelchair accessible path of travel Conference space size (feet) - 340,Distances are displayed to the nearest 0.1 mile and kilometer. <br /> <p>Nationals Park - 0.2 km / 0.1 mi <br /> Audi Field - 1.1 km / 0.7 mi <br /> Washington Navy Yard - 1.2 km / 0.8 mi <br /> Library of Congress - 1.3 km / 0.8 mi <br /> United States Capitol - 1.7 km / 1 mi <br /> Supreme Court of the United States - 1.9 km / 1.2 mi <br /> Museum of the Bible - 2 km / 1.2 mi <br /> The Anthem - 2.1 km / 1.3 mi <br /> National Mall - 2.1 km / 1.3 mi <br /> National Air and Space Museum - 2.4 km / 1.5 mi <br /> Hirshhorn Museum and Sculpture Garden - 2.6 km / 1.6 mi <br /> Union Station Shopping Center - 2.6 km / 1.6 mi <br /> International Spy Museum - 2.7 km / 1.7 mi <br /> National Gallery of Art - 2.7 km / 1.7 mi <br /> L Enfant Plaza - 2.7 km / 1.7 mi <br /> </p><p>The nearest airports are:<br />Ronald Reagan Washington National Airport (DCA) - 9 km / 5.6 mi<br /> Baltimore Washington Intl. Airport (BWI) - 51.5 km / 32 mi<br /> Washington Dulles Intl. Airport (IAD) - 47.1 km / 29.3 mi<br /> College Park  MD (CGS) - 20.4 km / 12.6 mi<br /> Fort Meade  MD (FME-Tipton) - 37 km / 23 mi<br /> </p><p>The preferred airport for Residence Inn Washington Capitol Hill/Navy Yard is Ronald Reagan Washington National Airport (DCA). </p>,1233 First Street Se WashingtonWashington District of Columbia 20003 ,20003,2027702800,http://www.marriott.com/hotels/travel/wasxr-residence-inn-washington-capitol-hill-navy-yard/
District of Columbia,,38.878456,-77.023445,Canopy by Hilton Washington DC The Wharf,4.0,"<p>HeadLine : In Washington (The Wharf)</p><p>Location : With a stay at Canopy by Hilton Washington DC The Wharf in Washington (The Wharf), you ll be within a 5-minute drive of National Mall and National Museum of African American History and Culture.  This 4-star hotel is 2.4 mi (3.9 km) from White House and 0.9 mi (1.5 km) from National Air and Space Museum.</p><p>Rooms : Stay in one of 175 guestrooms featuring flat-screen televisions. Complimentary wireless Internet access is available to keep you connected. Bathrooms have showers and complimentary toiletries. Conveniences include phones, as well as safes and desks.</p><p>Dining : Grab a bite to eat at one of the hotel s many dining establishments, which include 2 restaurants and a coffee shop/cafe. Quench your thirst with your favorite drink at the bar/lounge. Cooked-to-order breakfasts are served on weekdays from 6:30 AM to 9:30 AM and on weekends from 7:00 AM to 10:00 AM for a fee.</p><p>CheckIn Instructions : <ul>  <li>Extra-person charges may apply and vary depending on property policy</li><li>Government-issued photo identification and a credit card, debit card, or cash deposit may be required at check-in for incidental charges</li><li>Special requests are subject to availability upon check-in and may incur additional charges; special requests cannot be guaranteed</li><li>This property accepts credit cards, debit cards, and cash</li><li>This property uses eco-friendly cleaning products</li><li>Safety features at this property include a fire extinguisher and a smoke detector</li>  </ul></p><p>Special Instructions : Front desk staff will greet guests on arrival.</p>",Dry cleaning/laundry service Wheelchair-accessible concierge desk Food and water bowls Eco-friendly cleaning products used Number of meeting rooms - 1 Wheelchair-accessible path to elevator Valet for wheelchair-equipped vehicle Wheelchair-accessible registration desk Sailing nearby Wheelchair-accessible fitness center Free WiFi Number of bars/lounges - 1 Braille or raised signage Well-lit path to entrance Assistive listening devices available In-room accessibility (in select rooms) Stair-free path to entrance Free newspapers in lobby Roll-in shower (in select rooms) Accessible bathroom (in select rooms) Boat tours nearby Rooftop terrace Eco-friendly toiletries Recycling LED light bulbs Luggage storage Wheelchair-accessible on-site restaurant Multilingual staff 24-hour front desk Breakfast available (surcharge) Wheelchair-accessible meeting spaces/business center Safe-deposit box at front desk Smoke-free property Coffee/tea in common areas Snack bar/deli Number of coffee shops/cafes - 1 Laundry facilities elevator Kayaking nearby Fitness facilities Self parking (surcharge) Valet parking (surcharge) Terrace Wheelchair accessible path of travel Bicycle rentals on site,Distances are displayed to the nearest 0.1 mile and kilometer. <br /> <p>The Anthem - 0.3 km / 0.2 mi <br /> International Spy Museum - 0.9 km / 0.5 mi <br /> L Enfant Plaza - 0.9 km / 0.6 mi <br /> Museum of the Bible - 1.1 km / 0.7 mi <br /> Hirshhorn Museum and Sculpture Garden - 1.2 km / 0.8 mi <br /> National Mall - 1.2 km / 0.8 mi <br /> Tidal Basin - 1.2 km / 0.8 mi <br /> National Air and Space Museum - 1.3 km / 0.8 mi <br /> Smithsonian Institution - 1.3 km / 0.8 mi <br /> United States Holocaust Memorial Museum - 1.5 km / 0.9 mi <br /> Jefferson Memorial - 1.5 km / 1 mi <br /> Audi Field - 1.6 km / 1 mi <br /> National Museum of Natural History - 1.7 km / 1.1 mi <br /> National Gallery of Art - 1.8 km / 1.1 mi <br /> National Archives - 1.8 km / 1.1 mi <br /> </p><p>The nearest airports are:<br />Ronald Reagan Washington National Airport (DCA) - 7.6 km / 4.7 mi<br /> Baltimore Washington Intl. Airport (BWI) - 53.6 km / 33.3 mi<br /> Washington Dulles Intl. Airport (IAD) - 45.1 km / 28 mi<br /> College Park  MD (CGS) - 22.4 km / 13.9 mi<br /> Fort Meade  MD (FME-Tipton) - 39.3 km / 24.4 mi<br /> </p><p>The preferred airport for Canopy by Hilton Washington DC The Wharf is Ronald Reagan Washington National Airport (DCA). </p>,975 7th Street SW WashingtonDistrict of Columbia 20024 ,20024,2024882500,http://www.canopy3.hilton.com/en/hotels/district-of-columbia/canopy-by
District of Columbia,,38.909215,-77.02397,DC International Hostel,2.0,"<p>HeadLine : Near Walter E. Washington Convention Center</p><p>Location : With a stay at DC International Hostel 2 in Washington (Downtown Washington D.C.), you ll be within a 5-minute drive of National Mall and National Museum of African American History and Culture.  This hostel is 0.4 mi (0.7 km) from Walter E. Washington Convention Center and 1.5 mi (2.4 km) from White House.</p><p>Rooms : Make yourself at home in one of the 6 air-conditioned rooms featuring microwaves and Smart televisions. Prepare your meals in the shared/communal kitchen. Complimentary wireless Internet access keeps you connected, and cable programming is available for your entertainment. Bathrooms feature showers with rainfall showerheads and hair dryers.</p><p>CheckIn Instructions : <ul>  <li>Extra-person charges may apply and vary depending on property policy</li><li>Government-issued photo identification and a credit card, debit card, or cash deposit may be required at check-in for incidental charges</li><li>Special requests are subject to availability upon check-in and may incur additional charges; special requests cannot be guaranteed</li><li>This property accepts credit cards, debit cards, and cash</li>  </ul></p><p>Special Instructions : The front desk is open daily from 10 AM - 9:00 PM. This property doesn t offer after-hours check-in. Front desk staff will greet guests on arrival.</p>",Off-street parking Wheelchair accessible  no Luggage storage Handrails in stairways Front desk (limited hours) Shared microwave Television in common areas Free WiFi Shared refrigerator Upper floors accessible by stairs only Stair-free path to entrance Laundry facilities Access to nearby outdoor pool,Distances are displayed to the nearest 0.1 mile and kilometer. <br /> <p>Walter E. Washington Convention Center - 0.7 km / 0.4 mi <br /> CityCenterDC - 1 km / 0.6 mi <br /> Martin Luther King Jr. Memorial Library - 1.3 km / 0.8 mi <br /> Howard University - 1.3 km / 0.8 mi <br /> Smithsonian American Art Museum - 1.3 km / 0.8 mi <br /> National Portrait Gallery - 1.3 km / 0.8 mi <br /> Embassy Row - 1.4 km / 0.9 mi <br /> Capital One Arena - 1.4 km / 0.9 mi <br /> Ford s Theater - 1.6 km / 1 mi <br /> National Geographic Museum - 1.6 km / 1 mi <br /> K Street - 1.7 km / 1 mi <br /> Dupont Circle - 1.7 km / 1.1 mi <br /> Lafayette Square - 1.7 km / 1.1 mi <br /> Warner Theatre - 1.8 km / 1.1 mi <br /> National Archives - 1.9 km / 1.2 mi <br /> </p><p>The nearest airports are:<br />Ronald Reagan Washington National Airport (DCA) - 9 km / 5.6 mi<br /> Baltimore Washington Intl. Airport (BWI) - 50.6 km / 31.5 mi<br /> Washington Dulles Intl. Airport (IAD) - 43.9 km / 27.3 mi<br /> College Park  MD (CGS) - 18.8 km / 11.7 mi<br /> Fort Meade  MD (FME-Tipton) - 36.4 km / 22.6 mi<br /> </p><p></p>,1418 9Th St Nw WashingtonDistrict of Columbia 20001 ,20001,8558869083,http://www.dcinternationalhostel.com/
District of Columbia,,38.922826,-77.041982,The Line Hotel Dc,4.0,"<p>HeadLine : Near Smithsonian s National Zoo</p><p>Location : With a stay at The LINE Hotel DC in Washington (Northwest), you ll be within a 5-minute drive of National Mall and Smithsonian s National Zoo.  This 4.5-star hotel is 2.2 mi (3.5 km) from White House and 2.7 mi (4.3 km) from National Museum of African American History and Culture.</p><p>Rooms : Make yourself at home in one of the 220 individually decorated guestrooms, featuring minibars and flat-screen televisions. Complimentary wireless Internet access keeps you connected, and satellite programming is available for your entertainment. Private bathrooms with showers feature complimentary toiletries and hair dryers. Conveniences include safes and desks, and housekeeping is provided daily.</p><p>Dining : Enjoy a meal at No Goodbyes or snacks in the coffee shop/cafe. The hotel also offers 24-hour room service. Quench your thirst with your favorite drink at the bar/lounge. Cooked-to-order breakfasts are available daily from 6:30 AM to 10:30 AM for a fee.</p><p>CheckIn Instructions : <ul>  <li>Extra-person charges may apply and vary depending on property policy</li><li>Government-issued photo identification and a credit card, debit card, or cash deposit may be required at check-in for incidental charges</li><li>Special requests are subject to availability upon check-in and may incur additional charges; special requests cannot be guaranteed</li><li>This property accepts credit cards; cash is not accepted</li><li>Safety features at this property include a fire extinguisher, a smoke detector, and a first aid kit</li>  </ul></p><p>Special Instructions : Front desk staff will greet guests on arrival.</p>",Dry cleaning/laundry service Wheelchair accessible (may have limitations) Food and water bowls Wheelchair-accessible path to elevator Valet for wheelchair-equipped vehicle Free WiFi Number of bars/lounges - 1 Wheelchair-accessible public washroom Braille or raised signage Assistive listening devices available In-room accessibility (in select rooms) Roll-in shower (in select rooms) Tours/ticket assistance Accessible bathroom (in select rooms) 24-hour fitness facilities Elevator door width (inches) - 48 Elevator door width (centimeters) - 122 Luggage storage Wheelchair-accessible on-site restaurant No accessible shuttle Visual alarms in hallways Business center 24-hour front desk Breakfast available (surcharge) Wheelchair-accessible meeting spaces/business center Safe-deposit box at front desk Smoke-free property Number of coffee shops/cafes - 1 Laundry facilities elevator Fitness facilities Valet parking (surcharge) Wheelchair accessible path of travel Concierge services,Distances are displayed to the nearest 0.1 mile and kilometer. <br /> <p>Smithsonian s National Zoo - 0.9 km / 0.5 mi <br /> Rock Creek Park - 1.5 km / 0.9 mi <br /> Dupont Circle - 1.5 km / 1 mi <br /> Embassy Row - 1.6 km / 1 mi <br /> Embassy of Haiti - 1.8 km / 1.1 mi <br /> Howard University - 1.9 km / 1.2 mi <br /> National Geographic Museum - 2.2 km / 1.4 mi <br /> K Street - 2.6 km / 1.6 mi <br /> Lafayette Square - 2.7 km / 1.7 mi <br /> World Bank - 2.7 km / 1.7 mi <br /> Washington Hospital Center - 2.7 km / 1.7 mi <br /> George Washington University Hospital - 2.8 km / 1.7 mi <br /> Smithsonian Institution - 2.9 km / 1.8 mi <br /> Washington National Cathedral - 3.2 km / 2 mi <br /> White House - 3.2 km / 2 mi <br /> </p><p>The nearest airports are:<br />Ronald Reagan Washington National Airport (DCA) - 14.1 km / 8.8 mi<br /> Baltimore Washington Intl. Airport (BWI) - 52.4 km / 32.6 mi<br /> Washington Dulles Intl. Airport (IAD) - 43.4 km / 27 mi<br /> College Park  MD (CGS) - 14.6 km / 9.1 mi<br /> Gaithersburg  MD (GAI-Montgomery County Airpark) - 36.8 km / 22.9 mi<br /> </p><p>The preferred airport for The LINE Hotel DC is Ronald Reagan Washington National Airport (DCA). </p>,1770 Euclid Street Northwest WashingtonDistrict of Columbia 20009 ,20009,2025880525,http://www.thelinehoteldc.com/
District of Columbia,,38.90356,-77.03426,The Architect,2.0,"<p>HeadLine : Near White House</p><p>Location : You ll be centrally located in Washington with a stay at The Architect, within a 15-minute walk of White House and Walter E. Washington Convention Center.  This hotel is 1 mi (1.6 km) from National Mall and 1.4 mi (2.3 km) from Washington Monument.</p><p>Rooms : Make yourself at home in one of the 69 air-conditioned rooms featuring flat-screen televisions. Complimentary wireless Internet access keeps you connected, and cable programming is available for your entertainment. Private bathrooms with bathtubs or showers feature complimentary toiletries and hair dryers. Conveniences include phones, as well as safes and irons/ironing boards.</p><p>CheckIn Instructions : <ul>  <li>Extra-person charges may apply and vary depending on property policy</li><li>Government-issued photo identification and a credit card may be required at check-in for incidental charges</li><li>Special requests are subject to availability upon check-in and may incur additional charges; special requests cannot be guaranteed</li><li>The name on the credit card used at check-in to pay for incidentals must be the primary name on the guestroom reservation</li><li>This property accepts credit cards; cash is not accepted</li><li>Onsite parties or group events are strictly prohibited</li><li>Safety features at this property include a carbon monoxide detector, a fire extinguisher, a smoke detector, and a first aid kit</li>  </ul></p><p>Special Instructions : Front desk staff will greet guests on arrival.</p>",Accessible bathroom (in select rooms) elevator Computer station Wheelchair accessible path of travel Concierge services Wheelchair accessible (may have limitations) Luggage storage Visual alarms in hallways Multilingual staff Wheelchair-accessible path to elevator Handrails in stairways 24-hour front desk Shared microwave Wheelchair-accessible registration desk Television in common areas Free WiFi Braille or raised signage Well-lit path to entrance Smoke-free property In-room accessibility (in select rooms) Roll-in shower (in select rooms),Distances are displayed to the nearest 0.1 mile and kilometer. <br /> <p>K Street - 0.3 km / 0.2 mi <br /> Lafayette Square - 0.4 km / 0.3 mi <br /> National Geographic Museum - 0.5 km / 0.3 mi <br /> Embassy Row - 0.6 km / 0.4 mi <br /> White House - 0.8 km / 0.5 mi <br /> Smithsonian Institution - 0.9 km / 0.5 mi <br /> CityCenterDC - 0.9 km / 0.5 mi <br /> Walter E. Washington Convention Center - 1 km / 0.6 mi <br /> National Theatre - 1.1 km / 0.7 mi <br /> World Bank - 1.1 km / 0.7 mi <br /> Warner Theatre - 1.2 km / 0.7 mi <br /> Dupont Circle - 1.2 km / 0.7 mi <br /> National Mall - 1.4 km / 0.8 mi <br /> Ford s Theater - 1.4 km / 0.9 mi <br /> Martin Luther King Jr. Memorial Library - 1.5 km / 0.9 mi <br /> </p><p>The nearest airports are:<br />Ronald Reagan Washington National Airport (DCA) - 8.6 km / 5.3 mi<br /> Baltimore Washington Intl. Airport (BWI) - 50.8 km / 31.6 mi<br /> Washington Dulles Intl. Airport (IAD) - 42.3 km / 26.3 mi<br /> College Park  MD (CGS) - 19.6 km / 12.2 mi<br /> Gaithersburg  MD (GAI-Montgomery County Airpark) - 41.1 km / 25.5 mi<br /> </p><p></p>,1025 15Th Street Nw WashingtonDistrict of Columbia 20009 ,20005,2024088200,http://www.thearchitecthotel.com
District of Columbia,,38.89891,-77.00351,Capitol Hill Fully Furnished Apartments,4.0,"<p><b>Property Location</b> <br />With a stay at Capitol Hill Fully Furnished Apartments, Sleeps 5-6 Guests in Washington (Capitol Hill), you'll be within a 10-minute drive of United States Capitol and Supreme Court of the United States.  This 4-star apartment is 1.9 mi (3.1 km) from Ford's Theater and 2.8 mi (4.5 km) from White House.</p><p><b>Rooms</b> <br />Make yourself at home in one of the 4 air-conditioned rooms featuring kitchens with refrigerators and ovens. Wired and wireless Internet access is complimentary, and LCD televisions with digital programming provide entertainment. Private bathrooms with shower/tub combinations feature deep soaking bathtubs and complimentary toiletries. Conveniences include desks and separate sitting areas.</p><p><b>Amenities</b> <br />Don't miss out on recreational opportunities including a 24-hour health club and an outdoor pool. Additional features at this apartment include complimentary wireless Internet access, a picnic area, and barbecue grills.</p><p><b>Dining</b> <br />Enjoy a meal at the restaurant or snacks in the apartment's coffee shop/café.</p><p><b>Business, Other Amenities</b> <br />Featured amenities include a business center, complimentary newspapers in the lobby, and a 24-hour front desk. Self parking (subject to charges) is available onsite.</p>",Free WiFi Free newspapers in lobby Garden In-room accessibility Laundry facilities Outdoor pool Outdoor seasonal pool Pets allowed Picnic area Restaurant Rooftop terrace Self parking (surcharge) Total number of rooms - 4 24-hour fitness facilities 24-hour front desk 24-hour health club Accessible bathroom Barbecue grill(s) Business center Coffee shop or café Designated smoking areas,Distances are displayed to the nearest 0.1 mile and kilometer. <br /> <p>Columbus Circle - 0.5 km / 0.3 mi <br /> Supreme Court of the United States - 1.1 km / 0.7 mi <br /> Library of Congress - 1.3 km / 0.8 mi <br /> United States Capitol - 1.5 km / 0.9 mi <br /> National Building Museum - 1.6 km / 1 mi <br /> Newseum - 1.8 km / 1.1 mi <br /> National Gallery of Art - 1.9 km / 1.2 mi <br /> Capital One Arena - 1.9 km / 1.2 mi <br /> Eastern Market - 1.9 km / 1.2 mi <br /> National Portrait Gallery - 2.1 km / 1.3 mi <br /> International Spy Museum - 2.1 km / 1.3 mi <br /> National Archives - 2.1 km / 1.3 mi <br /> National Air and Space Museum - 2.2 km / 1.4 mi <br /> Ford's Theater - 2.3 km / 1.4 mi <br /> National Mall - 2.4 km / 1.5 mi <br /> </p><p>The nearest airports are:<br />Washington  DC (DCA-Ronald Reagan Washington National) - 10.4 km / 6.5 mi<br /> College Park  MD (CGS) - 17.4 km / 10.8 mi<br /> Fort Meade  MD (FME-Tipton) - 35.4 km / 22 mi<br /> Baltimore  MD (BWI-Baltimore Washington Intl. Thurgood Marshall) - 49.4 km / 30.7 mi<br /> Washington  DC (IAD-Washington Dulles Intl.) - 49.8 km / 30.9 mi<br /> </p><p></p>,2nd & G Street NE WashingtonDistrict of Columbia 20002 ,20002,,
District of Columbia,,38.89937,-77.00314,Global Luxury Suites near Union Station,5.0,"<p>HeadLine : Near Union Station Shopping Center</p><p>Location : With a stay at this apartment in Washington (Capitol Hill), you ll be a 3-minute drive from National Museum of American History and 7 minutes from United States Capitol.  This apartment is 0.4 mi (0.6 km) from Union Station Shopping Center and 1.5 mi (2.4 km) from Capital One Arena.</p><p>Rooms : Make yourself comfortable in this individually furnished apartment, featuring a kitchen with a full-sized refrigerator/freezer and an oven. A 40-inch LCD television with cable programming provides entertainment, while complimentary wireless Internet access keeps you connected. Conveniences include a desk and a separate sitting area, as well as a phone with free local calls.</p><p>CheckIn Instructions : Extra-person charges may apply and vary depending on property policy. <br />Government-issued photo identification and a credit card, debit card, or cash deposit are required at check-in for incidental charges. <br />Special requests are subject to availability upon check-in and may incur additional charges. Special requests cannot be guaranteed. <ul>  </ul></p>",Barbecue grill(s) Picnic area Elevator/lift Rooftop terrace Concierge services 24-hour front desk Pool umbrellas Business center Laundry facilities 24-hour fitness facilities Television in common areas One meeting room Free WiFi Pool sun loungers Self parking (surcharge) Arcade/game room Outdoor pool Smoke-free property Garden Outdoor seasonal pool 24-hour health club,Distances are displayed to the nearest 0.1 mile and kilometer. <br /> <p>Union Station Shopping Center - 0.6 km / 0.4 mi <br /> Supreme Court of the United States - 1.1 km / 0.7 mi <br /> Library of Congress - 1.4 km / 0.9 mi <br /> Gallaudet University - 1.4 km / 0.9 mi <br /> National Law Enforcement Officers Memorial - 1.5 km / 0.9 mi <br /> United States Capitol - 1.5 km / 1 mi <br /> National Building Museum - 1.6 km / 1 mi <br /> Newseum - 1.9 km / 1.2 mi <br /> National Gallery of Art - 1.9 km / 1.2 mi <br /> Capital One Arena - 1.9 km / 1.2 mi <br /> Eastern Market - 2 km / 1.2 mi <br /> Smithsonian American Art Museum - 2.1 km / 1.3 mi <br /> National Museum of the American Indian - 2.1 km / 1.3 mi <br /> International Spy Museum - 2.1 km / 1.3 mi <br /> National Portrait Gallery - 2.1 km / 1.3 mi <br /> </p><p>The nearest airports are:<br />Washington  DC (DCA-Ronald Reagan Washington National) - 10.5 km / 6.5 mi<br /> College Park  MD (CGS) - 17.4 km / 10.8 mi<br /> Fort Meade  MD (FME-Tipton) - 35.4 km / 22 mi<br /> Baltimore  MD (BWI-Baltimore Washington Intl. Thurgood Marshall) - 49.3 km / 30.7 mi<br /> Washington  DC (IAD-Washington Dulles Intl.) - 49.8 km / 30.9 mi<br /> </p><p>The preferred airport for this apartment is Washington  DC (DCA-Ronald Reagan Washington National). </p>,701 2nd Street NE WashingtonDistrict of Columbia 20002 ,20002,8443727411,http://stationhousedc.com
District of Columbia,,38.87841,-77.00748,Global Luxury Suites Capitol Riverfront,4.0,"Set in Southeast Washington D.C, Global Luxury Suites in Capitol Riverfront offers an outdoor pool and barbecue. The Capitol is 1.3 km from the property. Free WiFi is available throughout the property and private parking is available on site.

The pet-friendly accommodation is air conditioned and features a flat-screen TV with cable channels. There is a seating and/or dining area in some units. There is also a kitchen, equipped with a dishwasher, oven and microwave. A toaster, a fridge and stovetop are also featured, as well as a coffee machine. Each unit is fitted with a private bathroom with free toiletries and a hairdryer. Bed linen is provided.

Global Luxury Suites in Capitol Riverfront also includes a hot tub and sun terrace.

Supreme Court is 1.3 km from Global Luxury Suites in Capitol Riverfront, while Smithsonian National Air and Space Museum is 1.5 km away. The nearest airport is Ronald Reagan Washington National Airport, 4 km from the property. Guests are required to show a photo identification and credit card upon check-in. Please note that all Special Requests are subject to availability and additional charges may apply.
Please inform Global Luxury Suites in Capitol Riverfront in advance of your expected arrival time. You can use the Special Requests box when booking, or contact the property directly with the contact details provided in your confirmation.",Free self parking Pets allowed Fitness facilities Garden Terrace Non-smoking rooms Family rooms Internet access Elevator/lift Hot tub/jacuzzi BBQ facilities Heating Free WiFi Allergy-free room Free WiFi Non-smoking throughout Air conditioning Terrace Outdoor seasonal pool Shared kitchen Parking onsite Private parking,,28 K Street Se WashingtonDistrict of Columbia ,20003,9739497151,https://www.booking.com/hotel/us/global-luxury-suites-in-capitol-riverfront.html
District of Columbia,,38.92632,-77.02987,The Lauren,5.0,"Set in Washington, 2.8 km from Phillips Collection and 2.9 km from Walter E Washington Convention Center, Classy Victorian Brownstone Subway Shopping provides accommodation with amenities such as free WiFi and a flat-screen TV. The property features garden views and is 4.2 km from White House and 4.3 km from Washington Monument.

The air-conditioned holiday home consists of 5 bedrooms, a living room, a fully equipped kitchen with a fridge and a coffee machine, and 4 bathrooms with a shower and free toiletries. Towels and bed linen are featured in the holiday home.

A bicycle rental service is available at the holiday home.

The National Mall is 4.5 km from Classy Victorian Brownstone Subway Shopping, while National Gallery of Art is 4.7 km away. The nearest airport is Ronald Reagan Washington National Airport, 13 km from the accommodation. Guests are required to show a photo identification and credit card upon check-in. Please note that all Special Requests are subject to availability and additional charges may apply.
Please inform Classy Victorian Brownstone Subway Shopping in advance of your expected arrival time. You can use the Special Requests box when booking, or contact the property directly with the contact details provided in your confirmation.
Payment before arrival via bank transfer is required. The property will contact you after you book to provide instructions.
This property will not accommodate hen, stag or similar parties.
A damage deposit of USD 200 is required. The host charges this 14 days before arrival. This will be collected by credit card. You should be reimbursed within 7 days of check-out. Your deposit will be refunded in full via credit card, subject to an inspection of the property.
The Lauren offers self check-in. Guests may check in any time after 4pm. Check-out time is 11am.

The property will contact guests after booking with a link to a rental agreement that needs to be signed in order for the reservation to be honoured.

Please note, the cleaning fee and taxes are not refundable.

There is a one time USD 45 parking fee for guests to park in the Easter Seals parking spot.",Family rooms internet services Heating wifi Allergy-free room Free WiFi Non-smoking throughout Air conditioning Private check-in/check-out wifi available in all areas 24-hour security Security alarm Smoke alarms Fire extinguishers bicycle rental use of cleaning chemicals that are effective against coronavirus linens  towels and laundry washed in accordance with local authority guidelines guest accommodation is disinfected between stays guest accommodation sealed after cleaning physical distancing in dining areas food can be delivered to guest accommodation staff follow all safety protocols as directed by local authorities shared stationery such as printed menus  magazines  pens  and paper removed hand sanitizer in guest accommodation and key areas process in place to check health of guests first aid kit available contactless check-in/check-out cashless payment available physical distancing rules followed invoice provided property is cleaned by professional cleaning companies all plates  cutlery  glasses and other tableware have been sanitized guests have the option to cancel any cleaning services for their accommodation during their stay delivered food is securely covered thermometers for guests provided by property face masks for guests available,,2814 13th Street Northwest WashingtonDistrict of Columbia 20009 ,20009,,https://www.booking.com/hotel/us/great-home-for-family-gathering-47-coporate-meetings.html
District of Columbia,,38.911596,-77.02194,DC International Hostel 1,2.0,"<p>HeadLine : Near Walter E. Washington Convention Center</p><p>Location : A stay at DC International Hostel 1 places you in the heart of Washington, within a 15-minute walk of Howard University and Walter E. Washington Convention Center.  This hostel is 1.4 mi (2.2 km) from National Mall and 1.8 mi (2.8 km) from White House.</p><p>Rooms : Make yourself at home in one of the 6 air-conditioned rooms featuring microwaves and Smart televisions. Prepare your meals in the shared/communal kitchen. Cable programming and tablet computers are provided for your entertainment, while complimentary wireless Internet access keeps you connected. Bathrooms feature showers with rainfall showerheads and hair dryers.</p><p>CheckIn Instructions : <ul>  <li>Extra-person charges may apply and vary depending on property policy</li><li>Government-issued photo identification and a credit card, debit card, or cash deposit may be required at check-in for incidental charges</li><li>Special requests are subject to availability upon check-in and may incur additional charges; special requests cannot be guaranteed</li><li>This property accepts credit cards, debit cards, and cash</li>  </ul></p><p>Special Instructions : The front desk is open during the following times:<ul><li>Monday - Sunday: 10:00 AM - 9:00 PM</li></ul> This property doesn t offer after-hours check-in. Front desk staff will greet guests on arrival.</p>",Off-street parking Wheelchair accessible  no Luggage storage Express check-out Visual alarms in hallways Handrails in stairways Free WiFi Designated smoking areas Well-lit path to entrance Upper floors accessible by stairs only Safe-deposit box at front desk In-room accessibility (in select rooms) Designated smoking areas (fines apply) Laundry facilities Accessible bathroom (in select rooms) Access to nearby outdoor pool Concierge services,Distances are displayed to the nearest 0.1 mile and kilometer. <br /> <p>Howard University - 0.9 km / 0.5 mi <br /> Walter E. Washington Convention Center - 1.1 km / 0.7 mi <br /> CityCenterDC - 1.4 km / 0.9 mi <br /> Martin Luther King Jr. Memorial Library - 1.7 km / 1 mi <br /> Capital One Arena - 1.7 km / 1.1 mi <br /> Smithsonian American Art Museum - 1.7 km / 1.1 mi <br /> National Portrait Gallery - 1.7 km / 1.1 mi <br /> Embassy Row - 1.8 km / 1.1 mi <br /> National Geographic Museum - 1.8 km / 1.1 mi <br /> K Street - 1.9 km / 1.2 mi <br /> Ford s Theater - 2 km / 1.3 mi <br /> Dupont Circle - 2.1 km / 1.3 mi <br /> Lafayette Square - 2.1 km / 1.3 mi <br /> Warner Theatre - 2.2 km / 1.4 mi <br /> National Archives - 2.3 km / 1.4 mi <br /> </p><p>The nearest airports are:<br />Ronald Reagan Washington National Airport (DCA) - 11.4 km / 7.1 mi<br /> Baltimore Washington Intl. Airport (BWI) - 50.3 km / 31.2 mi<br /> Washington Dulles Intl. Airport (IAD) - 50.9 km / 31.6 mi<br /> College Park  MD (CGS) - 18.6 km / 11.6 mi<br /> Fort Meade  MD (FME-Tipton) - 36.1 km / 22.4 mi<br /> </p><p>The preferred airport for DC International Hostel 1 is Ronald Reagan Washington National Airport (DCA). </p>,1610 7Th St Nw Washington D.C.District of Columbia 20001 ,20001,2026219344,http://runinout.com/Capital-Comfort-Hostel
District of Columbia,,38.92177,-77.04217,Washington International Student Center,5.0,"Washington International Student Center is set in the Northwest district in Washington, 1.5 miles from the White House. Free WiFi is offered to all guests.

The property offers both, dorm rooms and private rooms.

Complimentary breakfast, cable TV, kitchen and lockers are provided. Free pickup from the station and free parking is available however, guests must contact the property 24hrs in advance to make the necessary arrangements

Smithsonian National Air and Space Museum is 1.5 km from Washington International Student Center, while The National Mall is 1.8 km from the property. The nearest airport is Ronald Reagan Washington National Airport, 3 km from the property. Guests are required to show a photo identification and credit card upon check-in. Please note that all Special Requests are subject to availability and additional charges may apply.
Please inform Washington International Student Center in advance of your expected arrival time. You can use the Special Requests box when booking, or contact the property directly with the contact details provided in your confirmation.
Due to Coronavirus (COVID-19), this property is taking steps to help protect the safety of guests and staff. Certain services and amenities may be reduced or unavailable as a result.
Due to Coronavirus (COVID-19), this property has reduced reception and service operating hours.
In response to Coronavirus (COVID-19), additional safety and sanitation measures are in effect at this property.
Spa and gym facilities at this property are unavailable due to Coronavirus (COVID-19).
Due to Coronavirus (COVID-19), please ensure that you are only booking this property following the local government guidelines of the destination, including but not limited to the purpose of travel, and maximum allowed group size.
Parking is subject to availability due to limited spaces.
Please note, children are not allowed in the dormitories.

Please note, if you book a bed in the ""Single Bed in 6-Bed Dormitory Room"", there are (3) separate bedrooms with 6 beds each. Please contact the property directly to confirm availability in the same room if more than 1 guest on your reservation.",Non-smoking rooms internet services Heating Luggage storage wifi Free WiFi Non-smoking throughout Air conditioning vending machine (drinks) Shared kitchen Lockers shared lounge/TV area wifi available in all areas board games/puzzles Live sport events (broadcast) 24-hour security Smoke alarms CCTV in common areas Fire extinguishers staff follow all safety protocols as directed by local authorities,,2451 18th Street NorthWest WashingtonDistrict of Columbia 20009 ,20009,2026677681,https://www.booking.com/hotel/us/washington-international-student-center.html
District of Columbia,,38.91575,-77.01487,Ledroit Park Renaissance Bed & Breakfast,3.0,"This Washington, D.C. bed and breakfast is located in the historic Ledroit Park area and boasts a private yard with terrace. The Green line underground station is 10 minutes walk away.

Each room at the Ledroit Park Renaissance Bed and Breakfast has a flat-screen TV with satellite channels. The uniquely decorated guest rooms have a shared bathroom and free toiletries.

Free Wi-Fi is available throughout the D.C. Ledroit Park Renaissance B&B. The bed and breakfast has morning coffee and offers a continental breakfast. The property has key less entry.

The bus to Georgetown stops directly across from the property and U Street is within 10 minutes walk. Guests are required to show a photo identification and credit card upon check-in. Please note that all Special Requests are subject to availability and additional charges may apply.
Please inform Ledroit Park Renaissance Bed and Breakfast in advance of your expected arrival time. You can use the Special Requests box when booking, or contact the property directly with the contact details provided in your confirmation.
This property will not accommodate hen, stag or similar parties.
Please note, guests travelling with children must notify the property ahead of check-in.

Please note, guests planning to arrive later than 21:00 must contact the property ahead of time to arrange check-in.
Managed by a private host",Non-smoking rooms Luggage storage Non-smoking throughout Air conditioning Daily housekeeping Street parking cashless payment available,,210 T Street Northwest Washington DCDistrict of Columbia 20001 ,20001,,https://www.booking.com/hotel/us/leddroit-park-renaissance-bed-and-breakfast.html
District of Columbia,,38.901268,-77.02529,Conrad Washington DC,,"<p>HeadLine : Near Walter E. Washington Convention Center</p><p>Location : With a stay at Conrad Washington, DC in Washington (Downtown Washington D.C.), you ll be steps from CityCenterDC and 4 minutes by foot from Walter E. Washington Convention Center.  This 5-star hotel is 0.5 mi (0.8 km) from Capital One Arena and 0.8 mi (1.3 km) from National Mall.</p><p>Rooms : Make yourself at home in one of the 360 air-conditioned rooms featuring iPod docking stations and minibars. Your pillowtop bed comes with Frette Italian sheets. LED televisions with cable programming provide entertainment, while complimentary wireless Internet access keeps you connected. Private bathrooms with bathtubs or showers feature rainfall showerheads and designer toiletries.</p><p>Dining : You can enjoy a meal at Estuary serving the guests of Conrad Washington, DC, or stop in at the snack bar/deli. Need to unwind? Take a break with a tasty beverage at one of the 2 bars/lounges. Cooked-to-order breakfasts are served on weekdays from 7:00 AM to 11:00 AM and on weekends from 7 AM to noon for a fee.</p><p>CheckIn Instructions : <ul>  <li>Extra-person charges may apply and vary depending on property policy</li><li>Government-issued photo identification and a credit card, debit card, or cash deposit may be required at check-in for incidental charges</li><li>Special requests are subject to availability upon check-in and may incur additional charges; special requests cannot be guaranteed</li><li>This property accepts credit cards, debit cards, and cash</li><li>Safety features at this property include a carbon monoxide detector, a fire extinguisher, a smoke detector, and a first aid kit</li>  </ul></p><p>Special Instructions : Front desk staff will greet guests on arrival.</p>",Stair-free path to entrance Free newspapers in lobby Wedding services 24-hour fitness facilities Designer stores on site Luggage storage Porter/bellhop Business center 24-hour front desk Safe-deposit box at front desk Smoke-free property Snack bar/deli Conference space Valet parking (surcharge) Computer station Dry cleaning/laundry service Shopping on site Number of meeting rooms - 10 Free WiFi Number of bars/lounges - 2 Assistive listening devices available In-room accessibility (in select rooms) Roll-in shower (in select rooms) Tours/ticket assistance Accessible bathroom (in select rooms) Fireplace in lobby Rooftop terrace LED light bulbs Wheelchair-accessible on-site restaurant No accessible shuttle Multilingual staff Electric car charging station Breakfast available (surcharge) Wheelchair-accessible meeting spaces/business center Fitness facilities Banquet hall Wheelchair accessible (may have limitations) Ballroom Wheelchair-accessible concierge desk Food and water bowls Reception hall Valet for wheelchair-equipped vehicle Wheelchair-accessible fitness center Well-lit path to entrance Garden Terrace ATM/banking Wheelchair accessible path of travel Conference space size (feet) - 32000 Concierge services 24-hour business center,Distances are displayed to the nearest 0.1 mile and kilometer. <br /> <p>CityCenterDC - 0.1 km / 0.1 mi <br /> Walter E. Washington Convention Center - 0.3 km / 0.2 mi <br /> Martin Luther King Jr. Memorial Library - 0.5 km / 0.3 mi <br /> Smithsonian American Art Museum - 0.6 km / 0.4 mi <br /> National Portrait Gallery - 0.6 km / 0.4 mi <br /> Ford s Theater - 0.6 km / 0.4 mi <br /> Capital One Arena - 0.7 km / 0.4 mi <br /> Warner Theatre - 0.8 km / 0.5 mi <br /> Lafayette Square - 0.9 km / 0.6 mi <br /> National Theatre - 0.9 km / 0.6 mi <br /> White House - 1.1 km / 0.7 mi <br /> K Street - 1.1 km / 0.7 mi <br /> National Archives - 1.1 km / 0.7 mi <br /> Smithsonian Institution - 1.2 km / 0.7 mi <br /> National Mall - 1.2 km / 0.8 mi <br /> </p><p>The nearest airports are:<br />Ronald Reagan Washington National Airport (DCA) - 10.6 km / 6.6 mi<br /> Baltimore Washington Intl. Airport (BWI) - 50.1 km / 31.2 mi<br /> Washington Dulles Intl. Airport (IAD) - 50 km / 31.1 mi<br /> College Park  MD (CGS) - 19 km / 11.8 mi<br /> Fort Meade  MD (FME-Tipton) - 36.1 km / 22.5 mi<br /> </p><p>The preferred airport for Conrad Washington  DC is Ronald Reagan Washington National Airport (DCA). </p>,950 New York Ave. Nw WashingtonDistrict of Columbia 20001 ,20001,2028445900,
District of Columbia,,38.90606,-77.02992,1301 Thomas Circle,3.0,"Located in Washington, 800 metres from Walter E Washington Convention Center, National at Thomas Circle provides accommodation with a seasonal outdoor swimming pool, free WiFi, a 24-hour front desk, and a shared lounge. Private parking is available on site.

This air-conditioned apartment is equipped with 1 bedroom, a cable flat-screen TV, a dining area, and a kitchen with a dishwasher and a microwave. Towels and bed linen are provided.

At the apartment guests are welcome to take advantage of a fitness room.

White House is 1.8 km from National at Thomas Circle, while Washington Monument is 2 km away. The nearest airport is Ronald Reagan Washington National Airport, 9 km from the accommodation. Guests are required to show a photo identification and credit card upon check-in. Please note that all Special Requests are subject to availability and additional charges may apply.
This property will not accommodate hen, stag or similar parties.",lift express check-in/check-out wifi Outdoor pool Free WiFi Non-smoking throughout Air conditioning outdoor pool (seasonal) shared lounge/TV area parking on site Private parking Swimming pool invoice provided Parking 24-hour front desk Fitness centre Non-smoking rooms Family rooms internet services,,1301 M Street Northwest WashingtonDistrict of Columbia 20005 ,20005,2023357348,https://www.udr.com/washington-dc-apartments/logan
District of Columbia,,38.90013,-77.02555,Bluebird Suites In Downtown DC,4.0,"<p><b>Property Location</b> <br />Located in Washington (Downtown Washington D.C.), Bluebird Suites in Downtown DC is within a 10-minute walk of Ford's Theater and Capital One Arena.  This 4-star apartment is 0.6 mi (1 km) from White House and 1.3 mi (2.1 km) from Washington Monument.</p><p><b>Rooms</b> <br />Make yourself at home in one of the 2 individually decorated guestrooms, featuring kitchens with full-sized refrigerators/freezers and ovens. 42-inch Smart televisions and DVD players are provided, while complimentary wireless Internet access keeps you connected. Conveniences include phones, as well as desks and separate sitting areas.</p><p><b>Amenities</b> <br />Be sure to enjoy recreational amenities including a 24-hour health club and an outdoor pool.</p><p><b>Business, Other Amenities</b> <br />Featured amenities include a 24-hour business center, a 24-hour front desk, and luggage storage. Self parking (subject to charges) is available onsite.</p>",24-hour business center 24-hour fitness facilities 24-hour front desk 24-hour health club Luggage storage Meeting rooms Outdoor pool - 1 Pets allowed Self parking (surcharge) Smoke-free property Total number of rooms - 2,Distances are displayed to the nearest 0.1 mile and kilometer. <br /> <p>Washington D.C. Madame Tussauds - 0.4 km / 0.2 mi <br /> Ford's Theater - 0.5 km / 0.3 mi <br /> National Portrait Gallery - 0.6 km / 0.4 mi <br /> International Spy Museum - 0.6 km / 0.4 mi <br /> Franklin Square - 0.6 km / 0.4 mi <br /> Walter E. Washington Convention Center - 0.6 km / 0.4 mi <br /> Capital One Arena - 0.7 km / 0.4 mi <br /> Warner Theatre - 0.8 km / 0.5 mi <br /> National Theatre - 0.9 km / 0.6 mi <br /> Ellipse - 0.9 km / 0.6 mi <br /> National Museum of Natural History - 1 km / 0.6 mi <br /> White House - 1 km / 0.6 mi <br /> National Aquarium - 1.1 km / 0.7 mi <br /> National Archives - 1.2 km / 0.7 mi <br /> National Mall - 1.3 km / 0.8 mi <br /> </p><p>The nearest airports are:<br />Washington  DC (DCA-Ronald Reagan Washington National) - 8.8 km / 5.4 mi<br /> College Park  MD (CGS) - 23.3 km / 14.5 mi<br /> Fort Meade  MD (FME-Tipton) - 41.3 km / 25.6 mi<br /> Washington  DC (IAD-Washington Dulles Intl.) - 48.1 km / 29.9 mi<br /> Gaithersburg  MD (GAI-Montgomery County Airpark) - 51.9 km / 32.2 mi<br /> </p><p></p>,825 10th Street Northwest WashingtonDistrict of Columbia 20001 ,20001,,
District of Columbia,,38.90695,-77.03237,Stay Alfred on 14th Street,4.0,"Set in Washington, Stay Alfred on 14th Street has well-equipped accommodation featuring free WiFi, 1.3 km from Washington Convention Center and 1.8 km from White House.

All units feature a cable flat-screen TV, a private bathroom with bath or shower and a fully equipped kitchen. A dishwasher and oven are also available, as well as a coffee machine.

The apartment offers a fitness centre.

Guests can relax in the garden at the property.

Phillips Collection is 1.9 km from Stay Alfred on 14th Street. Ronald Reagan Washington National Airport is 9 km away. This property will not accommodate hen, stag or similar parties.
Guests under the age of 21 can only check in with a parent or official guardian. Guests will receive a rental agreement which must be signed and returned to the property prior to arrival. If the agreement is not received, the guest should contact the property management company at the number on the booking confirmation. Please note that the property will contact you via text message and email with check in instructions.",Fitness facilities Garden Non-smoking rooms Family rooms Internet access Elevator/lift Heating Free WiFi Free WiFi Non-smoking throughout Air conditioning,,1200 14th Street North West WashingtonDistrict of Columbia 20005 ,20005,,https://www.booking.com/hotel/us/14th-street-apartment-by-stay-alfred.html
District of Columbia,,38.902634,-77.02655,Moxy Washington DC Downtown,3.0,"<p>HeadLine : Near Walter E. Washington Convention Center</p><p>Location : With a stay at Moxy Washington DC Downtown in Washington (Downtown Washington D.C.), you ll be a 4-minute walk from Walter E. Washington Convention Center and 13 minutes by foot from White House.  This hotel is 0.5 mi (0.9 km) from Capital One Arena and 0.9 mi (1.4 km) from National Mall.</p><p>Rooms : Stay in one of 200 guestrooms featuring flat-screen televisions. Complimentary wired and wireless Internet access keeps you connected, and digital programming provides entertainment. Private bathrooms with showers feature rainfall showerheads and designer toiletries. Conveniences include phones, as well as laptop-compatible safes and blackout drapes/curtains.</p><p>Dining : Satisfy your appetite at one of the hotel s 3 restaurants. Relax with a refreshing drink at one of the 3 bars/lounges.</p><p>CheckIn Instructions : <ul>  <li>Extra-person charges may apply and vary depending on property policy</li><li>Government-issued photo identification and a credit card, debit card, or cash deposit may be required at check-in for incidental charges</li><li>Special requests are subject to availability upon check-in and may incur additional charges; special requests cannot be guaranteed</li><li>This property accepts credit cards, debit cards, and cash</li><li>Safety features at this property include a smoke detector</li>  </ul></p><p>Special Instructions : Front desk staff will greet guests on arrival.</p>",Wheelchair accessible path of travel Conference space size (feet) - 375 Wheelchair accessible (may have limitations) Wheelchair-accessible concierge desk Outdoor furniture Outdoor entertainment area Assistive listening devices in meeting rooms Meeting rooms Wheelchair-accessible path to elevator Shared microwave Wheelchair-accessible registration desk Wheelchair-accessible fitness center Free WiFi Number of bars/lounges - 3 Wheelchair-accessible public washroom Braille or raised signage Garden In-room accessibility (in select rooms) Stair-free path to entrance Roll-in shower (in select rooms) Accessible bathroom (in select rooms) 24-hour fitness facilities Luggage storage Wheelchair-accessible on-site restaurant Firepit Visual alarms in hallways Multilingual staff Handrails in stairways 24-hour front desk Water dispenser Library Wheelchair-accessible meeting spaces/business center Housekeeping on request Safe-deposit box at front desk Smoke-free property Snack bar/deli elevator Conference space Valet parking (surcharge) Computer station Terrace,Distances are displayed to the nearest 0.1 mile and kilometer. <br /> <p>CityCenterDC - 0.3 km / 0.2 mi <br /> Walter E. Washington Convention Center - 0.3 km / 0.2 mi <br /> Martin Luther King Jr. Memorial Library - 0.7 km / 0.4 mi <br /> Smithsonian American Art Museum - 0.8 km / 0.5 mi <br /> National Portrait Gallery - 0.8 km / 0.5 mi <br /> Ford s Theater - 0.8 km / 0.5 mi <br /> Warner Theatre - 0.9 km / 0.5 mi <br /> Capital One Arena - 0.9 km / 0.5 mi <br /> K Street - 0.9 km / 0.6 mi <br /> Lafayette Square - 0.9 km / 0.6 mi <br /> National Theatre - 1 km / 0.6 mi <br /> White House - 1.1 km / 0.7 mi <br /> Embassy Row - 1.2 km / 0.7 mi <br /> National Geographic Museum - 1.3 km / 0.8 mi <br /> National Archives - 1.3 km / 0.8 mi <br /> </p><p>The nearest airports are:<br />Ronald Reagan Washington National Airport (DCA) - 9.1 km / 5.7 mi<br /> Baltimore Washington Intl. Airport (BWI) - 50.4 km / 31.3 mi<br /> Washington Dulles Intl. Airport (IAD) - 44 km / 27.4 mi<br /> College Park  MD (CGS) - 19.2 km / 11.9 mi<br /> Fort Meade  MD (FME-Tipton) - 36.3 km / 22.5 mi<br /> </p><p></p>,1011 K Street Nw Washington DCDistrict of Columbia 20001 ,20001,2029227400,http://moxy-hotels.marriott.com/en/hotels/washingt
