State,City,Latitude,Longitude,HotelName,StarRating,Description,HotelFacilities,Attractions,Address,ZipCode,PhoneNumber,HotelWebsiteUrl
Hawaii,Haiku,20.92043,-156.32299,Haiku Inn,3.0,"""Built in the late 1860s the Inn was once home to the local plantation doctor and his family.  The home and the grounds still carry the vintage feel and the original architecture of old Hawaii.  Plantation era is about to come to an end here in the islands of Hawaii and Maui will be closing the last sugar plantation at the end of 2016.  ",,,,,,
Hawaii,Haiku,20.91636,-156.28428,Adventure in Paradise,4.0,"""Located in Haiku on Mauis north shore", Adventure in Paradise features two units, each with a partial ocean view and a private hot tub. Free WiFi is included. Kahului Airport is 15 km away.,,,,
Hawaii,Hakalau,19.88272,-155.1351,Mahana House,4.0,"""Situated just outside of Hakalau", 20 km from Hilo, Mahana House Country Inn is a non-smoking property and features ocean views, free WiFi access, and free private parking.,,
Hawaii,Haleiwa,21.64488,-158.06335,Backpackers Vacation Inn and Plantation Village,1.0,"""This hostel is located in Haleiwa", Hawaii and across the street from Three Tables Beach. This hostel provides a kitchen area and cable TV.,,,,,
Hawaii,Haleiwa,21.67831,-158.03727,Haleiwa Sunshine,5.0,"""Haleiwa Sunshine home is located in Haleiwa. Guests staying at this holiday home have access to a fully equipped kitchen.",,,,,,
Hawaii,Haleiwa,21.67173,-158.04383,Blue Mahina at Sunset Beach,5.0,"""Boasting air-conditioned accommodation with a patio", Blue Mahina at Sunset Beach home is located in Haleiwa. The holiday home has sea views and is 38 km from Kapolei.,,,,,
Hawaii,Haleiwa,21.65457,-158.06047,Beach Side Studio,5.0,"""Featuring a balcony with garden views", free bikes and a garden, Beach Side Studio by Sharks Cove can be found in Haleiwa, close to Pupukea Beach Park and 50 metres from Ke Iki Beach. Boasting free private parking, the apartment is in an area where guests can engage in activities such as hiking, diving and tennis.,
Hawaii,Hana,20.76448,-155.99422,Heavenly Hana Paradise,5.0,"""Road to Hana waterfalls", Charles Lindberghs grave and the oceanfront Seven Sacred Pools are within 20 minutes drive of this novel Hana studio on Maui. Free WiFi and cable TV are provided.,,,,,
Hawaii,Hana,20.75965,-155.99036,Hale Nanea Hana Paradise Cottages,5.0,"""Located 0.8 km from Hana Town", Hale Nanea - Hana Paradise Cottages provides accommodation in Hana. The unit is 1.5 km from Hamoa Beach.,,,,,
Hawaii,Hanalei,22.21968,-159.54584,Hale Ho'o Maha Bed & Breakfast,3.0,"""Welcome to Hale Hoo Maha", House of Rest. At only 110 steps from the beach, you can be sure to find plenty of R&R here. We are a 4 suite 6-1/2 bath private BnB, with each suite named for a tropical fruit. Read about our suites for more information! Situated just 110 steps to the beach, this boutique Kauai B&B features an on-site ozonated hot tub, rooms with private lanais and serves a daily full breakfast. Wainiha Beach Park is 2 minutes walk away.,
Hawaii,Hanalei,22.2084,-159.496,Plantation 1 Br Cottage,5.0,"""Plantation Cottage home is set in Hanalei", 500 metres from Black Pot Beach, and offers a patio, garden, and free WiFi.,,
Hawaii,Hanalei,22.20443,-159.49614,Coconut Cottage,5.0,"""Featuring a barbecue", Coconut Cottage is a holiday home set in Hanalei, less than 5 minutes walk to Hanalei Bay beach. Guests benefit from free WiFi and private parking available on site.,,,,
Hawaii,Hanalei,22.20464,-159.49615,Tutu's Cottage,5.0,"""Tutus Cottage is a holiday home with a garden", located in Hanalei, less than 5 minutes walk from Hanalei Bay beach. Guests benefit from free WiFi and private parking available on site.,,,,
Hawaii,Hanalei,22.21221,-159.54382,Kauai Tree House,5.0,"""Set 700 metres from Wainiha Bay Beach", 1.3 km from Lumahai Beach and 48 km from Lydgate State Park, Kauai Tree House offers accommodation located in Wainiha. It is situated 300 metres from Wainiha Beach Park and features an ATM.,,,,
Hawaii,Hanalei,22.20551,-159.49766,Hale Hoku,3.0,"""Located in Hanalei", 300 metres from Waioli Beach Park, 300 metres from Hanalei Beach and less than 1 km from Black Pot Beach, Hale Hoku home provides accommodation with a patio and free WiFi. The property is 5.6 km from Princeville Golf Club Prince Course and 15 km from Kilauea National Wildlife Refuge.,,,
Hawaii,Hanalei,22.20173,-159.50476,Lani Kai,3.0,"""Offering sea views", Lani Kai home is an accommodation located in Hanalei, 1.1 km from Hanalei Beach and 1.8 km from Black Pot Beach. The air-conditioned accommodation is 200 metres from Waioli Beach Park, and guests benefit from complimentary WiFi and private parking available on site.,,,
Hawaii,Hanalei,22.22291,-159.54679,Haena Kai,5.0,"""Situated in Haena", a few steps from Wainiha Bay Beach, 500 metres from Tunnels Beach and 1.1 km from Wainiha Beach Park, Haena Kai home features accommodation with a patio and free WiFi. This holiday home is 49 km from Lydgate State Park and 12 km from Makai Golf Course.,,,
Hawaii,Hilo,19.7325,-155.0161,At The Beach With Friends,5.0,"""At the Beach with Friends Bed and Breakfast is situated in Hilo and on Hilo Bay", steps from the beach, and 5 km from downtown Hilo and the local farmers market.,,,,
Hawaii,Hilo,19.75317,-155.09107,Orchid Tree Bed & Breakfast,5.0,"""Boasting a swimming pool", a garden, a terrace and views of the pool, Orchid Tree B&B is situated in Hilo and features accommodation with free WiFi.,,,
Hawaii,Hilo,19.72778,-155.06319,Hilo Reeds Bay Hotel,3.0,"""Offering free WiFi in public spaces", Hilo Reeds Bay Hotel is set in Hilo. Free private parking is available on site. The property is located in a 3-story building with rooms only accessible via stairs.,,,,,
Hawaii,Hilo,19.73457,-155.04145,Arnott's Lodge & Hiking Adventures,2.0,"""Swimming with sea turtles at Onekahakaha Beach is 5 minutes walk away from this Hilo (Big Island", Hawaii) lodge. Free Wi-Fi and a kitchenette is in all rooms.,,,,,
Hawaii,Hilo,19.72598,-155.08795,Hilo Bay Hostel,5.0,"""Hilo Bay Hostel offers accommodation in Hilo. Guests can enjoy the on-site restaurant.",,,,,,
Hawaii,Hilo,19.73208,-155.0259,Maureen's Bed and Breakfast,4.0,"""This Hilo", Hawaii bed and breakfast is adjacent to Carlsmith Beach Park. It features a daily homemade breakfast and colorful gardens with koi ponds. Guest rooms offer free Wi-Fi.,,,,,
Hawaii,Hilo,19.72365,-155.1346,The Inn at Kulaniapia Falls,4.0,"""The Inn at Kulaniapia Falls sits among 22 lush", natural acres, surrounding Hawaiis largest privately accessible waterfall. Free WiFi is available as well as a guest computers.,,,,
Hawaii,Hilo,19.72609,-155.08772,Hilo Backpackers Hostel,2.0,,Pay Shuttle Service Limited Time Reception Shared bathroom Free self parking Housekeeping Picnic area Pets Not Allowed No elevators Only service dogs are allowed Multilingual staff,,69 Waianuenue Avenue HiloHawaii 96720 ,96720,,
Hawaii,Hilo,19.75768,-155.09091,Hale Kai Hawaii Bed & Breakfast,4.0,"""- The Hale Kai Hawaii Bed & Breakfast offers oceanfront accommodations in a quiet location 2 miles (3.2 km) north of Hilo.  We are located on a 85 ft (26 m) high cliff overlooking the Pacific Ocean and Hilo Bay.",,,,,,
Hawaii,Hilo,19.69148,-155.12287,Greenwillmind B&B,5.0,"""Providing free WiFi", Kaumana Caves Inn offers rooms in Hilo, a 3-minute walk from Mauna Kea State Recreation Area. The property is around 3.3 km from Rainbow Falls and 5 km from Lyman Museum & Mission House. The property is set 5 km from University of Hawaii, Hilo and 5 km from Mauna Loa Observatory.,,,
Hawaii,Hilo,19.68981,-155.0715,Shaka Shak #1 Kahaopea Garden Inn,4.0,"""The Shaka Shak Guest House offers 2 distinctly unique accommodations: The B&B style rooms are located on the 2nd floor of the Guest House with a main entry door. The Studios have their own private entries into their respective units and have outside common areas with a shared kitchenette", consisting of a coffee maker, a refrigerator, microwave, a toaster oven, and an outside grill. Pots, pans and utensils are available for guests use.
Hawaii,Hilo,19.71684,-155.12328,Old Hawaiian B and B,5.0,"""Old Hawaiian Bed and Breakfast features garden views", free WiFi and free private parking, located in Hilo, 1.7 km from Rainbow Falls.,,,
Hawaii,Hilo,19.73092,-155.08822,Hilo Bay Oceanfront Bed And Breakfast,5.0,"""Featuring free WiFi throughout the property", Hilo Bay Oceanfront Bed and Breakfast offers accommodation in Hilo. Free private parking is available on site.,,,,,
Hawaii,Hilo,19.72462,-155.09197,Hilotown Hale,2.0,"""Located 5 minutes drive to Honolii Beach Park", this accommodation is 10 minutes drive from Hilo International Airport and less than 2 miles from Rainbow Falls Park. Volcano National Park is 35 miles away.,,,,,
Hawaii,Hilo,19.67369,-155.08862,Hawaiian Ohana Home,5.0,"""Offering a sun terrace and views of the sea", Hawaiian Ohana Home is situated in Hilo in the The Big Island Region, 2.9 km from Panaewa Rainforest Zoo. Free private parking is available on site.,,,,
Hawaii,Hilo,19.71617,-155.0787,The Big Island Hostel,5.0,"""Situated in Hilo", 2.8 km from Coconut Island Beach, The Big Island Hostel features air-conditioned accommodation and a shared lounge. The property is around 3 km from Reeds Bay Beach, 2.1 km from University of Hawaii, Hilo and 4.2 km from Rainbow Falls. The accommodation offers entertainment staff and a shared kitchen.,,
Hawaii,Hilo,19.68229,-155.0989,Anthurium Hale,5.0,"""The Paradise Cottage at Anthurium Hale located in Hilo Town is an upscale", very private, free standing cottage with mountain and city views, exclusive gated garden entry and complimentary Aloha Breakfast Basket upon check-in.,,,
Hawaii,Hilo,19.73327,-155.02721,Maluhia Kahakai,5.0,"""Maluhia Kahakai condo features a patio and is set in Hilo", within just a few steps of Carlsmith Beach Park and 600 metres of Kealoha Beach Park. This apartment offers free private parking, an ATM and free WiFi.,,,,
Hawaii,Hilo,19.73313,-155.02697,Maunaloa Shores 306 Condos At Hilo,5.0,"""Situated in Hilo", Maunaloa Shores features pool views and free WiFi, 200 metres from Carlsmith Beach Park and 500 metres from Kealoha Beach Park.,,,,
Hawaii,Honolulu,21.283066,-157.831264,Waikiki Gateway Hotel,4.0,"""Your Hawaii experience begins at the crossroads of Waikiki.",,,,,,
Hawaii,Honolulu,21.27986,-157.82396,Fairway Villa,5.0,"""Offering mountain views", Fairway Villa #914 is an accommodation located in Honolulu, 800 metres from Kuhio Beach and 1.3 km from Fort DeRussy Beach. The air-conditioned accommodation is 600 metres from Waikiki Beach, and guests benefit from private parking available on site and free WiFi.,,,
Hawaii,Honolulu,21.28535,-157.83791,Execustay Discovery Bay,5.0,"""Located in Honolulu", 2.2 km from Queens Surf Beach and less than 1 km from Hawaii Convention Center, Waikiki Vacation 10 provides accommodation with free WiFi, air conditioning, a restaurant and a fitness centre. Private parking is available on site.,,
Hawaii,Honolulu,21.28694,-157.83263,Waikiki Monarch Hotel,5.0,"""Boasting city views", Hawaiian Monarch Penthouse 104 by Hawaii Ocean Club offers accommodation with a restaurant, a bar and barbecue facilities, around less than 1 km from Fort DeRussy Beach. The air-conditioned accommodation is less than 1 km from Kahanamoku Beach, and guests benefit from private parking available on site and free WiFi.,,
Hawaii,Honolulu,21.28016,-157.82748,Marine Surf Waikiki,5.0,"""Located in Honolulu", 500 metres from Waikiki Beach and 700 metres from Kuhio Beach, Heart of Waikiki Marine Surf Waikiki Condo provides accommodation with free WiFi, air conditioning, an outdoor swimming pool and a terrace. Private parking is available on site.,,
Hawaii,Honolulu,21.27216,-157.82157,Polynesian Hostel Beach Club,4.0,"""Located on the southern coast of Honolulu Island", this hostel is one block from Kuhio Beach and the Honolulu Zoo. The Polynesian Hostel offers comfortable accommodations.,,,,,
Hawaii,Honolulu,21.360468563476,-157.88737535477,Tripler Army Medical Center,3.0,HotelDescription#Further information about this hotel will be available shortly,NO Connecting rooms NO Garage NO Wheelchair-accessible NO Smoking rooms NO Car park NO Large pets allowed (over 5 kg) NO Disability-friendly bathroom NO Small pets allowed (under 5 kg),,Jarrett White Road Tripler Army Medical CenterHonoluluHawaii 96859 ,96859,8088392336,http://www.ihgarmyhotels.com/pal/en/us/hotel/MFTRB
Hawaii,Honolulu,21.2804171,-157.8309256,Hawaiiana Hotel,2.0,"""HotelDescription#Located only a short stroll away from the beach this hotel is a great value in a nice and private setting. Only 1 minute walk to Kalakaua Avenue", Planet Hollywood and other attractions. Distance to Honolulu Airport is about 16 km.,,,,,
Hawaii,Honolulu,21.27863,-157.83135,Imperial Hawaii Resort At Waikiki,3.0,"""Set moments from Waikiki Beach and offering easy access to a variety of area attractions", the  Imperial Hawaii Resort at Waikiki features spacious accommodations along with a variety of modern and thoughtful amenities.,,,,,
Hawaii,Honolulu,21.2808,-157.82493,Holiday Surf Hotel,3.0,"""Close to many of Honolulus most popular attractions", including the famed Waikiki Beach, this family-owned hotel offers spacious accommodations, furnished with all the comforts of home, including full kitchens.,,
Hawaii,Honolulu,21.2767,-157.8233,Waikiki Park Heights,5.0,"""Situated in Honolulu", 2.4 km from Magic Island Lagoon Beach and 400 metres from Saint Augustine by-the-Sea, Waikiki Park Heights #1503 features air-conditioned accommodation with a balcony and free WiFi. It is located 700 metres from Waikiki Shell and provides an ATM.,,,,
Hawaii,Honolulu,21.27665,-157.82315,Jenny's Cottage Waikiki,5.0,"""Located 300 metres from Saint Augustine by-the-Sea in Honolulu", this apartment features a year-round outdoor pool. Guests benefit from terrace. Private parking is available on site.,,,,,
Hawaii,Honolulu,21.28058,-157.82733,Douglas Waikiki,5.0,"""Royal Hawaiian Hospitality offers accommodation in Honolulu. It features views of the mountains and is 200 metres from Waikiki Beach Area.",,,,,,
Hawaii,Honolulu,21.27554,-157.82306,Aqua Kuhio Village,2.0,"""Featuring a terrace", KUHIO VILLAGE 1103 is situated in the Waikiki district of Honolulu, only 700 metres from Saint Augustine by-the-Sea. Guests staying at this apartment have access to a balcony.,,,,
Hawaii,Honolulu,21.28447,-157.83834,Renaissance Ilikai Waikiki Hotel,3.0,"""Waikiki Marina Resort at the Ilikai is adjacent to Waikiki Beach and 12 minutes walk from Ala Moana State Recreation Area. It features a restaurant with international cuisine and suites with private balconies. An outdoor swimming pool is also provided for guests.",,,,,,
Hawaii,Honolulu,21.29969,-157.822,Hostelling International Honolulu,2.0,"""Located 9 minutes drive from Prince Kuhio Beach", the Honolulu University Hostel features beds in all male or all female dormitories. Free WiFi is provided.,,,,,
Hawaii,Honomu,19.87008,-155.11392,Honomu Inn,5.0,"""Located in Honomu", Honomu Inn provides accommodation with private terraces. The air-conditioned rooms provide a garden view and come with a wardrobe and free WiFi.,,,,,
Hawaii,Hualalai,19.65396,-155.95635,Kona View Estate Vista Suite,5.0,"""Boasting an outdoor swimming pool", a fitness centre, and a garden, Kona View Estate - Vista Suite provides accommodation in Kailua-Kona with free WiFi and pool views. Located 15 km from Kaloko-Honokohau National Historic Park, the property features barbecue facilities and free private parking.,,
Hawaii,Kahana,21.9679,-159.71536,Hale La,3.0,"""Featuring a garden with a barbecue", Hale La is a detached holiday home located in Kekaha. Waimea Canyon and Kokee Parks are nearby and the property boasts ocean views.,,,,,
Hawaii,Kahuku,21.6937,-158.0171,North Shore Country Villa,4.0,"""North Shore Country Villa is a private stand-alone home located 1.6 km from Turtle Bay Resort on the famous North Shore of Oahu. This villa features 4 bedrooms with king size beds", 3.5 bathrooms, 2 queen sofa beds and a game/exercise room. The property is 46 km from Honolulu and features both mountain, pasture and ocean views. Free WiFi is provided throughout the property.,,,
Hawaii,Kahuku,21.69964,-157.99493,Turtle Bay West Studio With Loft,3.0,"""Set in Kahuku in the Hawaii region", Turtle Bay West Studio with Loft apts has a garden. The air-conditioned accommodation is 600 metres from Turtle Beach, and guests benefit from complimentary WiFi and private parking available on site.,,,,
Hawaii, Waterfall Suite, and Ohana Suite," and is an additional $15/day.""",Free self parking Tennis on site Golf course (within 3 km) Free newspapers in lobby Garden Terrace Non-smoking rooms Laundry facilities Family rooms Bridal suite Internet access Express check-in Massage Hot tub/jacuzzi Library BBQ facilities Free WiFi Outdoor pool Free WiFi Non-smoking throughout Air conditioning Designated smoking areas Terrace Concierge services Private check-in/check-out Special diet menus (on request) Shared kitchen Television in common areas Daily housekeeping Parking onsite Private parking Open-air bath Swimming pool toys Games,,74-4958 Kiwi Street Kailua-KonaHawaii 96740 ,96740,8089376453,https://www.booking.com/hotel/us/hawaiian-oasis-bed-amp-breakfast.html,,,
Hawaii,Kalaheo,21.91375,-159.50256,Marjories Kauai Inn,,"""Situated in Lawai", 35 km from Princeville, Marjories Kauai Inn boasts a year-round outdoor pool, barbecue and terrace.,,,
Hawaii,Kamuela,20.02689,-155.68591,Jacaranda Inn,2.0,"""Located on Hawaii", also known as the Big Island, The Jacaranda Inn was originally built over 100 years ago as a bunk house for plantation ranch hands. This Kamuela inn is set on 11 acres  just 2 km from the Parker Ranch Visitor Center. Each suite features a spa bath.,,,,
Hawaii,Kamuela,20.02011,-155.73288,Frank Lloyd Wright Home By South Kohala Management,,"""Offering mountain views", Frank Lloyd Wright Home by South Kohala Management is an accommodation located in Waimea, 12 km from Hapuna Golf Course and 20 km from Puukohola Heiau National Historical Park. With free private parking, the property is 41 km from Kohala Historical Sites State Monument and 44 km from The Original King Kamehameha Statue.,,,
Hawaii,Kamuela,19.94771,-155.85696,The Fairways at Mauna Lani by South Kohala Management,4.0,"""Located along the Francis Ii Brown North Golf Course", these self-catering villas on 20 acres in Mauna Lani, the Fairways at Mauna Lani by South Kohala Management offer fully-equipped kitchens with granite countertops. An over-sized swimming pool and lavarock waterfall hot tub is available for guest relaxation.,,,,
Hawaii,Kamuela,20.00338,-155.81576,Mauna Kea Fairways South #17 by South Kohala Management,5.0,"""Situated less than 1 km from Kaunaoa Beach", a 17-minute walk from Hapuna Beach and 1.6 km from Mauumae Beach, Mauna Kea Fairways South 17 features accommodation located in Hapuna Beach. This property offers a private pool, free WiFi and free private parking.,,,
Hawaii,Kamuela,20.00012,-155.81196,Moani Heights #2 by South Kohala Management,3.0,"""Moani Heights #2 by South Kohala Management is a self-catering accommodation located in Hapuna Beach. Free WiFi and free parking are available to guests of this villa.",,,,,,
Hawaii,Kamuela,19.93697,-155.86189,Champion Ridge #22 by South Kohala Management,4.0,"""Champion Ridge #22 by South Kohala Management offers accommodation on the Mauna Lani Resort.",,,,,,
Hawaii,Kamuela,19.9478,-155.8578,1506 Fairways Mauna Lani,5.0,"""Featuring air-conditioned accommodation with a patio", 1506 Fairways Mauna Lani is situated in Waikoloa. The property is 1.3 km from The Shops At Mauna Lani.,,,,,
Hawaii,Kamuela,19.94339,-155.86635,Mauna Lani Terrace #A302,3.0,"""Located adjacent to the Waipuhi Fishpond on the Kohala Coast", this Big Island, Hawaii resort features villas with a balcony, a full kitchen and free Wi-Fi. A swimming pool and a hot tub are onsite.,,,
Hawaii,Kamuela,19.9435,-155.86645,Mauna Lani Terrace #K201,5.0,"""Situated 600 metres from Mauna Lani Beach", less than 1 km from Pauoa Bay Beach and a 14-minute walk from Holoholokai Beach, Mauna Lani Terrace #K201 features accommodation located in Waikoloa. This beachfront property offers access to free WiFi and free private parking.,,,,
Hawaii,Kamuela,19.95013,-155.85321,KaMilo 215 by South Kohala Management,5.0,"""KaMilo 215 by South Kohala Management is set in Waikoloa", 2 km from Holoholokai Beach, 2.4 km from Pauoa Bay Beach, as well as 43 km from Kohala Historical Sites State Monument. This property offers a private pool, free WiFi and free private parking.,,
Hawaii,Kamuela,19.94361,-155.86637,Mauna Lani Terrace #F202,5.0,"""Offering sea views", Mauna Lani Terrace #F202 is an accommodation situated in Waikoloa, 600 metres from Mauna Lani Beach and less than 1 km from Pauoa Bay Beach. This beachfront property offers access to free WiFi and free private parking.,,,,
Hawaii,Kamuela,19.94352,-155.86696,Mauna Lani Terrace #H201,5.0,"""Offering sea views", Mauna Lani Terrace #H201 is an accommodation set in Waikoloa, 1.6 km from Pauoa Bay Beach and 2.2 km from Holoholokai Beach. This beachfront property offers access to free WiFi and free private parking.,,,,
Hawaii,Kamuela,19.94361,-155.86637,Mauna Lani Terrace #E301,5.0,"""Offering sea views", Mauna Lani Terrace #E301 is an accommodation situated in Waikoloa, 600 metres from Mauna Lani Beach and less than 1 km from Pauoa Bay Beach. This beachfront property offers access to free WiFi and free private parking.,,,,
Hawaii,Kamuela,20.00636,-155.81109,Big Island Mauna Kea Oceanview Condo,3.0,"""Located in Hapuna Beach", 36 km from Kohala Historical Sites State Monument and 39 km from The Original King Kamehameha Statue, Big Island Waiulaula at Mauna Kea by Coldwell Banker Island Vacations provides air-conditioned accommodation with a balcony and free WiFi. This holiday home is 14 km from Puukohola Heiau National Historical Park and 23 km from Waikoloa Village Golf Club.,,,,
Hawaii,Kamuela,19.9476,-155.8571,206 Fairways Mauna Lani,5.0,"""206 Fairways Mauna Lani offers accommodation in Waikoloa", 1.2 km from The Shops At Mauna Lani. Guests staying at this holiday home have access to free WiFi, a fully equipped kitchen, and a patio.,,,
Hawaii,Kamuela,20.00854,-155.81627,Mauna Kea Fairways North #16 by South Kohala Management,5.0,"""Mauna Kea Fairways North #16 by South Kohala Management is a holiday home with a terrace", located in Mauna Kea Resort. Guests benefit from free WiFi and private parking available on site.,,,,,
Hawaii,Kamuela,20.00257,-155.81839,Mauna Kea Fairways South #25,5.0,"""Offering sea views", Mauna Kea Fairways South #25 is an accommodation set in Waimea, 650 metres from Kaunaoa Beach and 1.1 km from Hapuna Beach. This property offers a private pool, free WiFi and free private parking.,,,
Hawaii,Kamuela,19.99753,-155.82259,Kauna'oa Halia 10B by South Kohala Management,5.0,"""Set in Waikoloa", Kaunaoa Halia 10B by South Kohala Management offers accommodation with a private pool and free WiFi. Situated 400 metres from Hapuna Beach, the property features an outdoor swimming pool and free private parking.,,,,
Hawaii,Kamuela,19.94361,-155.86637,Mauna Lani Terrace #C201,5.0,"""Offering sea views", Mauna Lani Terrace #C201 is an accommodation situated in Waikoloa, 600 metres from Mauna Lani Beach and less than 1 km from Pauoa Bay Beach. This beachfront property offers access to free WiFi and free private parking.,,,,
Hawaii,Kamuela,19.94876,-155.85421,KaMilo 329 by South Kohala Management,5.0,"""Situated 800 metres from Holoholokai Beach", less than 1 km from Pauoa Bay Beach and 41 km from Kaloko-Honokohau National Historic Park, KaMilo 329 by South Kohala Management features accommodation set in Waikoloa. This property offers a private pool, free WiFi and free private parking.,,,
Hawaii,Kamuela,19.94355,-155.86641,Mauna Lani Terrace #H203,5.0,"""Offering sea views", Mauna Lani Terrace #H203 is an accommodation situated in Waikoloa, 1.6 km from Pauoa Bay Beach and 2.2 km from Holoholokai Beach. This beachfront property offers access to free WiFi and free private parking.,,,,
Hawaii,Kamuela,19.94351,-155.86644,Mauna Lani Terrace #H101,5.0,"""Mauna Lani Terrace #H101 is located in Waikoloa", 600 metres from Mauna Lani Beach, less than 1 km from Pauoa Bay Beach, and a 14-minute walk from Holoholokai Beach. This beachfront property offers access to free WiFi and free private parking.,,,
Hawaii,Kamuela,19.95013,-155.85321,KaMilo 321 by South Kohala Management,5.0,"""Set 2 km from Holoholokai Beach", 2.4 km from Pauoa Bay Beach and 43 km from Kohala Historical Sites State Monument, KaMilo 321 by South Kohala Management offers accommodation situated in Waikoloa. This property offers a private pool, free WiFi and free private parking.,,,
Hawaii,Kamuela,19.94371,-155.86642,Mauna Lani Terrace #G201,5.0,"""Offering sea views", Mauna Lani Terrace J201 is an accommodation located in Waikoloa, 1.5 km from Pauoa Bay Beach and 2.1 km from Holoholokai Beach. This beachfront property offers access to free WiFi and free private parking.,,,,
Hawaii,Kamuela,19.94371,-155.86648,Mauna Lani Terrace #C202,5.0,"""Offering sea views", Mauna Lani Terrace #C202 is an accommodation situated in Waikoloa, 600 metres from Mauna Lani Beach and less than 1 km from Pauoa Bay Beach. This beachfront property offers access to free WiFi and free private parking.,,,,
Hawaii,Kamuela,19.99949,-155.80766,Waiulaula Ridge F201,4.0,"""Set in Hapuna Beach and only 2.1 km from Hapuna Beach", Waiulaula Ridge F201 offers accommodation with sea views, free WiFi and free private parking. The property is 48 km from Kaloko-Honokohau National Historic Park and 1.1 km from Hapuna Golf Course.,,,,
Hawaii,Kamuela,19.99949,-155.80766,Waiulaula Villa 327,4.0,"""Offering sea views", Waiulaula Villa 327 is an accommodation situated in Hapuna Beach, 2.1 km from Hapuna Beach and 35 km from Kohala Historical Sites State Monument. This property offers a private pool, free WiFi and free private parking.,,,
Hawaii,Kamuela,20.00077,-155.8081,Kumulani At Mauna Kea A2,5.0,"""Featuring sea views", Kumulani at Mauna Kea G2 is set in Hapuna Beach, 1.9 km from Hapuna Beach.,,,,
Hawaii,Kamuela,20.00077,-155.8081,Kumulani at Mauna Kea G2,5.0,"""Set in Hapuna Beach and only 2.2 km from Hapuna Beach", Kumulani at Mauna Kea G2 offers accommodation with sea views, free WiFi and free private parking. This holiday home is 48 km from Kaloko-Honokohau National Historic Park and 1.2 km from Hapuna Golf Course.,,,,
Hawaii,Kamuela,19.94371,-155.86642,Mauna Lani Terrace A204,5.0,"""Offering sea views", Mauna Lani Terrace A204 is an accommodation set in Waikoloa, 1.5 km from Pauoa Bay Beach and 2.1 km from Holoholokai Beach. This beachfront property offers access to free WiFi and free private parking.,,,,
Hawaii,Kamuela,19.94147,-155.85651,Villages at Mauna Lani 614,4.0,"""Offering free WiFi and free private parking", Villages at Mauna Lani 614 is set in Waikoloa, within just 1.2 km of Pauoa Bay Beach. The holiday home is 6 km from Genesis Gallery.,,,,
Hawaii,Kamuela,20.00641,-155.80694,Waiulaula Ridge N102,4.0,"""Set in Hapuna Beach and only 2.8 km from Hapuna Beach", Waiulaula Ridge N102 offers accommodation with sea views, free WiFi and free private parking. The property is 48 km from Kaloko-Honokohau National Historic Park and 1.8 km from Hapuna Golf Course.,,,,
Hawaii,Kamuela,19.94371,-155.86642,Mauna Lani Terrace J202,5.0,"""Offering sea views", Mauna Lani Terrace J202 is an accommodation situated in Waikoloa, 600 metres from Mauna Lani Beach and less than 1 km from Pauoa Bay Beach. This beachfront property offers access to free WiFi and free private parking.,,,,
Hawaii,Kamuela,19.94371,-155.86642,Mauna Lani Terrace J104,5.0,"""Offering sea views", Mauna Lani Terrace J104 is an accommodation situated in Waikoloa, 600 metres from Mauna Lani Beach and less than 1 km from Pauoa Bay Beach. This beachfront property offers access to free WiFi and free private parking.,,,,
Hawaii,Kamuela,19.94371,-155.86642,Mauna Lani Terrace K202,5.0,"""Mauna Lani Terrace K202 is located in Waikoloa", 1.5 km from Pauoa Bay Beach, 2.1 km from Holoholokai Beach, and 2.8 km from Mauna Lani Beach. This beachfront property offers access to free WiFi and free private parking.,,,
Hawaii,Kamuela,19.93859,-155.87549,Mauna Lani Point H204,4.0,"""This Kohala Coast", Hawaii resort offers guest villas with a full kitchen and a private terrace. The resort is located on the Francis H. II Brown Golf Course (South Course).,,,,,
Hawaii,Kamuela,19.93859,-155.87549,Mauna Lani Point F104,4.0,"""This Kohala Coast", Hawaii resort offers guest villas with a full kitchen and a private terrace. The resort is located on the Francis H. II Brown Golf Course (South Course).,,,,,
Hawaii,Kamuela,19.94371,-155.86642,Mauna Lani Terrace L302,5.0,"""Offering sea views", Mauna Lani Terrace L302 is an accommodation set in Waikoloa, 600 metres from Mauna Lani Beach and less than 1 km from Pauoa Bay Beach. This beachfront property offers access to free WiFi and free private parking.,,,,
Hawaii,Kamuela,19.94759,-155.85617,Fairways At Mauna Lani 0404,4.0,"""Fairways at Mauna Lani 0404 in Waikoloa features accommodation with free WiFi", less than 1 km from Holoholokai Beach, a 13-minute walk from Pauoa Bay Beach and 41 km from Kaloko-Honokohau National Historic Park. The property is 12 km from Hapuna Golf Course and 24 km from Puukohola Heiau National Historical Park.,,,,
Hawaii,Kamuela,19.94879,-155.85414,KaMilo 409,5.0,"""Situated 2 km from Mauna Lani Beach", 1.1 km from The Shops At Mauna Lani and 7 km from Genesis Gallery, KaMilo 409 provides accommodation located in Waikoloa. With free private parking, the property is less than 1 km from Pauoa Bay Beach and an 11-minute walk from Holoholokai Beach.,,,
Hawaii,Kamuela,19.93994,-155.87259,Kipuka Lani at Mauna Lani Estates,5.0,"""Offering sea views", Kipuka Lani at Mauna Lani Estates is an accommodation located in Waikoloa, 300 metres from Mauna Lani Beach and 1.7 km from 49 Black Sand Beach. This property offers a private pool and free private parking.,,,,
Hawaii,Kamuela,19.94371,-155.86642,Mauna Lani Terrace H301,5.0,"""Mauna Lani Terrace H301 is a beachfront property situated in Waikoloa", 1.2 km from Holoholokai Beach and 1.5 km from The Shops At Mauna Lani. The property has sea views, and is 7 km from Genesis Gallery.,,,,
Hawaii,Kamuela,19.9473,-155.8551,2405 Kulalani,5.0,"""Located in Waikoloa", within 1 km of The Shops At Mauna Lani, 2405 Kulalani offers accommodation with free WiFi and air conditioning. This holiday home offers accommodation with a patio.,,,,
Hawaii,Kamuela,19.93745,-155.86172,Champion Ridge At Mauna Lani Home,5.0,"""Offering sea views", Champion Ridge #24 by South Kohala Management is an accommodation situated in Waikoloa, 1.7 km from Holoholokai Beach and 1.5 km from The Shops At Mauna Lani. The holiday home is 7 km from Genesis Gallery.,,,,
Hawaii,Kamuela,19.9303,-155.8759,D3 Golf_Villas_Mauna_Lani,5.0,"""Featuring a fitness centre", D3 Golf Villas Mauna Lani offers accommodation in Waikoloa, 2.9 km from The Shops At Mauna Lani and 8 km from Genesis Gallery. The air-conditioned accommodation is 3 km from Holoholokai Beach, and guests benefit from private parking available on site and free WiFi.,,,
Hawaii,Kamuela,19.94339,-155.86635,Mauna Lani Terrace #C302,3.0,"""Located adjacent to the Waipuhi Fishpond on the Kohala Coast", this Big Island, Hawaii resort features villas with a balcony, a full kitchen and free Wi-Fi. A swimming pool and a hot tub are onsite.,,,
Hawaii,Kamuela,19.9974,-155.8167,Mauna Kea High Bluffs Private Home,5.0,"""Mauna Kea High Bluffs Private Home is set in Hapuna Beach. This property offers access to a patio and free WiFi.",,,,,,
Hawaii,Kapaa,22.05211,-159.33223,Kapaa Sands,5.0,"""Located in Kapaa and within a few steps of Lae Nani Beach", Kapa`a Sands 02 features a garden, non-smoking rooms, and free WiFi throughout the property. Featuring an ATM, this property also provides guests with a childrens playground. Each room includes a patio.,,
Hawaii,Kapaa,22.04777,-159.33764,Fern Grotto Inn,3.0,"""Located in Kapaa town", Fern Grotto Inn offers authentic old-style plantation cottages with island-inspired furnishings and modern amenities. Guests can relax in the private garden.  This inn is less than 5 minutes walk to the beach and Wailua Golf Course.,,,,,
Hawaii,Kapaa,22.052,-159.332,Castle Lanikai Resort,3.0,"""HotelDescription#Located on the eastern shore of the Garden Isle of Kauai", the resort has an exclusive sandy beach and is a hideaway surrounded by lush gardens. It is also centrally located, with Poipu to the south and Napali Coast to the north giving easy access to all of Kauai's activities and sights. Shops and dining are within walking distance of the Coconut Plantation Marketplace. These apartments are the perfect starting point to explore the beauty of Kauai with Wailua Falls and Fern Grotto just a few minutes drive away.,,,,
Hawaii,Kapaa,22.05313,-159.3288,Islander on the Beach 259 studio Br Condo,5.0,"""Set in Kapaa", 1.3 km from Lydgate Beach, 2.2 km from Lydgate State Park and 2.8 km from Kapaa Shopping Center, Islander On The Beach 259 Condo offers accommodation with a patio and free WiFi. It is situated 4.1 km from Opaekaa Falls and features an ATM.,,,
Hawaii,Kapaa,22.0563,-159.32567,Plantation Hale J8 Garden View Ground Floor,3.0,"""Plantation Hale J8 offers accommodation in Kapaa. Guests benefit from terrace.",,,,,,
Hawaii,Kapaa,22.06237,-159.31912,Kapaa Shore Resort #305,5.0,"""Situated in Waipouli", this apartment features an outdoor pool. Guests benefit from terrace.,,,,,
Hawaii,Kapaa,22.0563,-159.32567,Plantation Hale B6 Garden View Ground Floor,5.0,"""Situated in Kapaa", this air-conditioned apartment features an outdoor pool. The apartment is 2 km from Lydgate State Park.,,,,,
Hawaii,Kapaa,22.0563,-159.32567,Plantation Hale B13 2nd Floor,3.0,"""Featuring mountain views", Plantation Hale B13, 2nd Floor provides accommodation with a balcony and a coffee machine, around 1.8 km from Lydgate Beach. This property offers a private pool, free WiFi and free private parking.,,
Hawaii,Kapaa,22.07288,-159.31838,Pono Kai Resort B109 Oceanfront,5.0,"""Situated in Kapaa", Pono Kai Resort B109, Oceanfront is 4 km from Lydgate State Park. Kealia Beach is 5 km from the property.,,,,
Hawaii,Kapaa,22.0563,-159.32567,Plantation Hale G7 Garden Unit Ground Floor,3.0,"""Situated in Kapaa", Plantation Hale G7 is an apartment boasting an outdoor pool. The air-conditioned unit is 2 km from Lydgate State Park.,,,,,
Hawaii,Kapaa,22.05946,-159.32126,Village Manor A21 Cozy Coconut Grove View Walk to Beach,3.0,"""Set in Waipouli", Village Manor A21 offers self-catering accommodation with free WiFi. The unit is 25 km from Princeville. Free private parking is available on site.,,,,,
Hawaii,Kapaa,22.0563,-159.32567,Plantation Hale G5 Garden Unit Ground Floor,5.0,"""Located in Kapaa", this air-conditioned apartment is 2 km from Lydgate State Park. Guests benefit from terrace.,,,,,
Hawaii,Kapaa,22.05946,-159.32126,Village Manor D22 Kapaa Town Coconut Grove Walk to Beach,3.0,"""Located in Waipouli", this apartment features a terrace. Guests benefit from balcony.,,,,,
Hawaii,Kapaa,22.06237,-159.31912,Kapaa Shore Resort #202,5.0,"""Situated in Waipouli", this apartment is 25 km from Princeville. Guests benefit from terrace and an outdoor pool.,,,,,
Hawaii,Kapaa,22.05089,-159.33351,Wailua Bay View 204 1 Br Condo,5.0,"""Featuring an outdoor swimming pool", a garden, and a terrace, Wailua Bay View 302 - Ocean views, beach right there, AC in bedroom! offers accommodation in Kapaa with free WiFi and sea views. This property offers a private pool and free private parking.,
Hawaii,Kapaa,22.07288,-159.31838,Pono Kai Resort C101 Oceanfront Ground Floor End Unit,5.0,"""Pono Kai Resort C101 offers accommodation in Waipouli", 24 km from Princeville. Guests benefit from terrace.,,,,,
Hawaii,Kapaa,22.0563,-159.32567,Plantation Hale H7 Garden Room,5.0,"""Plantation Hale H7", Garden Room is an apartment set in Kapaa, 2 km from Lydgate State Park. The air-conditioned unit is 7 km from Kealia Beach.,,,,
Hawaii,Kapaa,22.06237,-159.31912,Kapaa Shore Resort #318,5.0,"""Set in Waipouli", Kapaa Shore Resort #318 is an apartment boasting an outdoor pool. Guests benefit from terrace and a barbecue.,,,,,
Hawaii,Kapaa,22.06237,-159.31912,Kapaa Shore Resort #308,5.0,"""Set in Waipouli", Kapaa Shore Resort #308 is an apartment boasting an outdoor pool. The unit is 25 km from Princeville.,,,,,
Hawaii,Kapaa,22.06115,-159.32002,Waipouli Beach Resort B 301,5.0,"""Waipouli Beach Resort B-301 is a property with a private pool", set in Waipouli, within just 150 metres of Waipouli Beach and 200 metres of Papaloa Beach. This beachfront property offers access to free WiFi and free private parking.,,,,
Hawaii,Kapaa,22.06237,-159.31912,Kapaa Shore Resort #227,5.0,"""Located 25 km from Princeville", Kapaa Shore Resort #227 offers accommodation in Waipouli. Guests benefit from terrace and an outdoor pool.,,,,,
Hawaii,Kapaa,22.06618,-159.31802,Hale Hololani,5.0,"""Hale Hololani offers accommodation in Waipouli. The air-conditioned unit is 25 km from Princeville.",,,,,,
Hawaii,Kapaa,22.06237,-159.31912,Kapaa Shore Resort #106,5.0,"""Located in Waipouli", this apartment is 25 km from Princeville. Guests benefit from terrace and an outdoor pool.,,,,,
Hawaii,Kapaa,22.0563,-159.32567,Plantation Hale J16 2nd Floor End Unit,3.0,"""Plantation Hale J16 offers accommodation in Kapaa", 2 km from Lydgate State Park and 7 km from Kealia Beach. The apartment is 1.8 km from Kapaa Shopping Center.,,,,,
Hawaii,Kapaa,22.06237,-159.31912,Kapaa Shore Resort #207,5.0,"""Situated in Waipouli", Kapaa Shore Resort #207 is an apartment boasting an outdoor pool. Guests benefit from terrace and a barbecue.,,,,,
Hawaii,Kapaa,22.06183,-159.31906,Kauai Kailani #308 Oceanfront AC 3rd top Floor,5.0,"""Situated in Waipouli", this air-conditioned apartment features a terrace with sea views. The unit is 25 km from Princeville.,,,,,
Hawaii,Kapaa,22.05311,-159.32837,Islander on the Beach #348 Oceanfront,5.0,"""Located in Kapaa", 700 metres from Lae Nani Beach and less than 1 km from Papaloa Beach, Islander on the Beach provides accommodation with free WiFi, air conditioning and access to a garden.,,,
Hawaii,Kapaa,22.07288,-159.31838,Pono Kai Resort B 101,5.0,"""Set in Waipouli", Pono Kai Resort B-101 offers accommodation with a private pool and sea views. This beachfront property offers access to a balcony, free private parking and free WiFi.,,,,
Hawaii,Kapaa,22.0563,-159.32567,Plantation Hale F8 Ground Floor AC,3.0,"""Situated in Kapaa", this apartment features an outdoor pool. The unit is 2 km from Lydgate State Park.,,,,,
Hawaii,Kapaa,22.06237,-159.31912,Kapaa Shore Resort #118,5.0,"""Kapaa Shore Resort #118 offers accommodation in Waipouli", 25 km from Princeville. Guests benefit from terrace and an outdoor pool.,,,,,
Hawaii,Kapaa,22.07511,-159.31775,Kapa'a by the Sea,5.0,"""Kapaa by the Sea is a holiday home located in Waipouli in the Kauai Region and is 24 km from Princeville.",,,,,,
Hawaii,Kapaa,22.05303,-159.32766,Islander On The Beach #321,3.0,"""Situated in Kapaa", just 1.4 km from Lydgate Beach, Islander On The Beach #321 features beachfront accommodation with an outdoor swimming pool, a garden, a private beach area and free WiFi. Boasting free private parking, the apartment is in an area where guests can engage in activities such as hiking, snorkelling and cycling.
Hawaii,Kapaa,22.05259,-159.32828,Islander On The Beach Unit 244,5.0,"""Situated in Kapaa", Islander on the Beach Unit 244 features accommodation with free WiFi, air conditioning, a restaurant and access to a garden with a year-round outdoor pool. Located on the beachfront, this property has a bar, a shared lounge and barbecue facilities.,
Hawaii,Kapaa,22.06115,-159.32021,Waipouli Beach Resort D 309,5.0,"""Set in Kapaa", 2.6 km from Lydgate Beach and 2.9 km from Lydgate State Park, Waipouli Beach Resort D-309 offers free WiFi and air conditioning. It is located 1.4 km from Kapaa Shopping Center and offers an ATM.,,,,
Hawaii,Kapaa,22.0616,-159.31965,Waipouli Beach Resort C 105,5.0,"""Located in Kapaa", 100 metres from Waipouli Beach and 300 metres from Papaloa Beach, Waipouli Beach Resort C-105 offers air conditioning. It is situated 1.2 km from Fuji Beach and provides an ATM.,,,,
Hawaii,Kapaa,22.06088,-159.32025,Waipouli Beach Resort E 205,5.0,"""Situated in Kapaa", 200 metres from Waipouli Beach and 300 metres from Papaloa Beach, Waipouli Beach Resort E-205 offers air conditioning. It is located 1.2 km from Fuji Beach and features an ATM.,,,,
Hawaii,Kapaa,22.06115,-159.32002,Waipouli Beach Resort C 205,5.0,"""Situated in Kapaa", Waipouli Beach Resort features pool views and free WiFi, 200 metres from Waipouli Beach and 300 metres from Papaloa Beach.,,,,
Hawaii,Kapaa,22.06041,-159.31958,Waipouli Beach Resort G 306,5.0,"""Located in Kapaa", 200 metres from Waipouli Beach and 300 metres from Papaloa Beach, Waipouli Beach Resort G-306 offers air conditioning. It is situated 1.1 km from Fuji Beach and provides an ATM.,,,,
Hawaii,Kapaa,22.06041,-159.31958,Waipouli Beach Resort G 404,5.0,"""Set in Kapaa", 200 metres from Waipouli Beach and 300 metres from Papaloa Beach, Waipouli Beach Resort G-404 offers air conditioning. It is situated 1.1 km from Fuji Beach and offers an ATM.,,,,
Hawaii,Kapaa,22.0511,-159.33389,Wailua Bay View 115 Ocean Front 1 BR AC in BR,5.0,"""Located in Kapaa", 100 metres from Wailua Beach, Wailua Bay View 115 features views of the sea. Featuring a childrens playground, this property is set a short distance from Lae Nani Beach, Papaloa Beach and Lydgate State Park. The accommodation provides an ATM and free WiFi throughout the property.,,
Hawaii,Kapaa,22.06177,-159.31909,Kauai Kailani 206 2BR Ocean Front,5.0,"""Featuring pool views", Kauai Kailani 206 provides accommodation with a balcony and a coffee machine, around 2.7 km from Lydgate Beach. This beachfront property offers access to a patio, ping-pong, free private parking and free WiFi.,,
Hawaii,Kapaau,20.21263,-155.8444,Always In Season Farmstead,,"""Showcasing panoramic ocean and Maui views", this Hawi guest house offers on-site cooking classes. Guests have access to the fruit trees and vegetable gardens in a private setting. A fully-equipped kitchenette is provided.,,,,,
Hawaii,Kapalua,20.99512,-156.666,Hale Napili,5.0,"""Just 3 miles from Kapalua-West Maui Airport", this Lahaina guest accommodation features ocean views. A Shuffleboard court offers outdoor fun.  Each suite and studio features a fully equipped kitchen.,,,,,
Hawaii,Kapalua,20.9936,-156.66704,Napili Surf Beach Resort,3.0,"""This beachfront Maui resort is just a 12-minute walk to Napili Market.  It features 2 outdoor pools", on-site snorkeling and shuffleboard courts.  Spacious guest rooms offer fully equipped kitchens and free Wi-Fi.,,,,,
Hawaii,Kapalua,20.995463,-156.665207,The Mauian Boutique Beach Studios on Napili Bay,3.0,"""<p>HeadLine : Near Napili Bay</p><p>Location : With a stay at The Mauian - Boutique Beach Studios on Napili Bay in Lahaina (Napili)", you ll be within a 15-minute drive of Kaanapali Beach and Napili Bay.  This beach hotel is 6.1 mi (9.8 km) from Whalers Village and 9.7 mi (15.6 km) from Lahaina Harbor.</p><p>Rooms : Make yourself at home in one of the 44 air-conditioned rooms featuring microwaves. Rooms have private lanais. Complimentary wireless Internet access is available to keep you connected. Private bathrooms with showers feature complimentary toiletries and hair dryers.</p><p>CheckIn Instructions : <ul>  <li>Extra-person charges may apply and vary depending on property policy</li><li>Government-issued photo identification and a credit card, debit card, or cash deposit may be required at check-in for incidental charges</li><li>Special requests are subject to availability upon check-in and may incur additional charges; special requests cannot be guaranteed</li><li>The name on the credit card used at check-in to pay for incidentals must be the primary name on the guestroom reservation</li><li>Tax ID - 0502364160-01</li><li>This property accepts credit cards; cash is not accepted</li>  </ul></p><p>Special Instructions : The front desk is open during the following times:<ul><li>Monday - Sunday: 8:30 AM - 4:30 PM</li></ul> If you arrive at the property after hours, you ll need to check in at an alternate location: Night Security on dutyTo make arrangements for check-in please contact the property at least 24 hours before arrival using the information on the booking confirmation. Guests will be asked to provide the property with a copy of their government-issued photo ID before arrival. ,,
Hawaii,Kapalua,21.00166,-156.66323,Kapalua Bay Villas,5.0,"""Featuring a spa bath", Kapalua Bay Villa 29B3 is located in Kahana. The air-conditioned accommodation is 300 metres from Oneloa Bay Beach, and guests benefit from private parking available on site and free WiFi.,,,,
Hawaii,Kapalua,21.00189,-156.66325,Kapalua Bay Villas 15G4,5.0,"""Situated 32 km from Paia and 14 km from Lahaina", Kapalua Bay Villas 15G4 offers accommodation in Kapalua. The property is 42 km from Kula and features views of the sea.,,,,,
Hawaii,Kapalua,21.00217,-156.66331,Kapalua Bay Villa #24g3,5.0,"""Kapalua Bay Villa #24G3 Home is a holiday home set in Kapalua", 32 km from Paia. The property boasts views of the sea and is 14 km from Lahaina.,,,,,
Hawaii,Kapalua,20.99522,-156.66498,Napili Gardens 11,5.0,"""Featuring a spa bath", Residence at the Bay 11 is located in Kahana. The air-conditioned accommodation is 150 metres from Napili Beach, and guests benefit from private parking available on site and free WiFi.,,,,
Hawaii,Kapalua,21.00166,-156.66323,Kapalua Bay Villa 23g1,5.0,"""Boasting a spa bath", Kapalua Bay Villa 23G1 is set in Kahana. The air-conditioned accommodation is 2.3 km from Slaughterhouse Beach, and guests benefit from private parking available on site and free WiFi.,,,,
Hawaii,Kapalua,20.99863,-156.65827,Kapalua Golf Villa 24t4,5.0,"""Featuring air-conditioned accommodation with a balcony", Kapalua Golf Villa 24T4 is set in Kahana. The holiday home is 2.1 km from Slaughterhouse Beach.,,,,,
Hawaii,Kapalua,20.99863,-156.65827,Kapalua Golf Villas 24t8,5.0,"""Featuring a spa bath", Kapalua Golf Villas 24T8 is set in Kahana. The air-conditioned accommodation is 600 metres from Oneloa Bay Beach, and guests benefit from complimentary WiFi and private parking available on site.,,,,
Hawaii,Kapalua,21.00164,-156.66142,Kapalua Ridge Villa 1922,5.0,"""Kapalua Ridge Villa 1922 is situated in Kahana. The property has sea views.",,,,,,
Hawaii,Kapalua,21.00164,-156.66142,Kapalua Ridge Villa 2522,5.0,"""Kapalua Ridge Villa 2522 offers accommodation in Kahana", 2.2 km from Slaughterhouse Beach. This holiday home offers free private parking, an ATM and free WiFi.,,,,
Hawaii,Kapalua,20.99752,-156.666,Napili Lani 320,3.0,"""Featuring a spa bath", Napili Lani 320 is located in Kahana. The air-conditioned accommodation is 100 metres from Napili Beach, and guests benefit from private parking available on site and free WiFi.,,,,
Hawaii,Kapolei,21.33504,-158.12274,Beach Villa Resort Ko Olina Beach Condo Rentals,5.0,"""Located in Kapolei", Luxurious Ocean View Beach Villa B-903 at KoOlina Beach Villas offers a terrace with sea and mountain views, as well as a year-round outdoor pool, fitness centre and sauna. This apartment features a garden, barbecue facilities, free WiFi and free private parking.,
Hawaii,Kapolei,21.3429,-158.12428,Coconut Plantation 1078 3,5.0,"""Featuring air-conditioned accommodation with a balcony", Coconut Plantation 1078-3 is located in Honokai Hale. It is set 2 km from Tracks Beach Park and provides an ATM.,,,,,
Hawaii,Kapolei,21.34307,-158.12291,Coconut Plantation 1136 6 Home,5.0,"""Coconut Plantation 1136-6 is situated in the KoOlina Resort district of Kapolei", 550 metres from Ko Olina Lagoons and 1.7 km from Kahe Point Beach Park. The air-conditioned accommodation is 500 metres from Lanikuhonua Beach, and guests benefit from complimentary WiFi and private parking available on site.,,,,
Hawaii,Kapolei,21.34307,-158.12291,Coconut Plantation 1174 2 Home,5.0,"""Coconut Plantation 1174-2 is located in Kapolei. The air-conditioned accommodation is 2.1 km from Tracks Beach Park", and guests benefit from complimentary WiFi and private parking available on site.,,,,,
Hawaii,Kapolei,21.33733,-158.10962,Hillside Villas 1538 2,5.0,"""Hillside Villas 1538-2 is situated in Kapolei. The air-conditioned accommodation is 1.9 km from Lanikuhonua Beach", and guests benefit from complimentary WiFi and private parking available on site.,,,,,
Hawaii,Kapolei,21.33908,-158.12018,Fairways at Ko Olina 18C,5.0,"""Fairways at Ko Olina 18C is situated in Kapolei. The air-conditioned accommodation is 2.6 km from Tracks Beach Park", and guests benefit from complimentary WiFi and private parking available on site.,,,,,
Hawaii,Kapolei,21.33624,-158.11067,Fairways at Ko Olina 22H,5.0,"""Fairways at Ko Olina 22H is situated in Kapolei. The air-conditioned accommodation is 1.8 km from Lanikuhonua Beach", and guests benefit from private parking available on site and free WiFi.,,,,,
Hawaii,Kapolei,21.33624,-158.11067,Fairways at Ko Olina 33F,5.0,"""Fairways at Ko Olina 33F is set in Kapolei. The air-conditioned accommodation is 1.8 km from Lanikuhonua Beach", and guests benefit from private parking available on site and free WiFi.,,,,,
Hawaii,Kapolei,21.34592,-158.12609,Kai Lani 29C,5.0,"""Kai Lani 29C is a beachfront property set in Kapolei", less than 1 km from Ko Olina Lagoons and a 15-minute walk from Kahe Point Beach Park. The air-conditioned accommodation is 400 metres from Lanikuhonua Beach, and guests benefit from private parking available on site and free WiFi.,,,,
Hawaii,Kapolei,21.34592,-158.12609,Kai Lani 2B,5.0,"""Kai Lani 2B is set in Kapolei. The air-conditioned accommodation is 1.6 km from Tracks Beach Park", and guests benefit from complimentary WiFi and private parking available on site.,,,,,
Hawaii,Kapolei,21.34168,-158.11881,Ko Olina Kai 1033C,5.0,"""Ko Olina Kai 1033C is set in Kapolei. The air-conditioned accommodation is 2.4 km from Tracks Beach Park", and guests benefit from private parking available on site and free WiFi.,,,,,
Hawaii,Kapolei,21.34307,-158.12291,Coconut Plantation 1086 1,5.0,"""Coconut Plantation 1086-1 is a beachfront property situated in Kapolei", 550 metres from Ko Olina Lagoons and 1.7 km from Kahe Point Beach Park. The air-conditioned accommodation is 500 metres from Lanikuhonua Beach, and guests benefit from private parking available on site and free WiFi.,,,,
Hawaii,Kapolei,21.34307,-158.12291,Coconut Plantation 1190 1,5.0,"""Coconut Plantation 1190-1 is set in Kapolei. The air-conditioned accommodation is 2.1 km from Tracks Beach Park", and guests benefit from private parking available on site and free WiFi.,,,,,
Hawaii,Kapolei,21.34307,-158.12291,Coconut Plantation 1228 3,5.0,"""Coconut Plantation 1228-3 is a beachfront property located in Kapolei", 550 metres from Ko Olina Lagoons and 1.7 km from Kahe Point Beach Park. The air-conditioned accommodation is 500 metres from Lanikuhonua Beach, and guests benefit from private parking available on site and free WiFi.,,,,
Hawaii,Kauai,22.22761,-159.47482,Sealodge at Princeville,5.0,"""Situated in Princeville and only 700 metres from Sea Lodge Beach", Sealodge H9 Condo features accommodation with sea views, free WiFi and free private parking. This apartment offers accommodation with a balcony.,,,,
Hawaii,Kauai,22.05211,-159.33223,Kapaa Sands,5.0,"""Located in Kapaa and within a few steps of Lae Nani Beach", Kapa`a Sands 02 features a garden, non-smoking rooms, and free WiFi throughout the property. Featuring an ATM, this property also provides guests with a childrens playground. Each room includes a patio.,,
Hawaii,Kauai,21.87567,-159.44647,Regency,5.0,"""Boasting air-conditioned accommodation with a balcony", Regency at Poipu Kai #914 is situated in Koloa. It is set less than 1 km from Shipwreck Beach and features an ATM.,,,,,
Hawaii,Kauai,22.04777,-159.33764,Fern Grotto Inn,3.0,"""Located in Kapaa town", Fern Grotto Inn offers authentic old-style plantation cottages with island-inspired furnishings and modern amenities. Guests can relax in the private garden.  This inn is less than 5 minutes walk to the beach and Wailua Golf Course.,,,,,
Hawaii,Kauai,21.87456,-159.44675,The Villas at Poipu Kai,,"""Poipu Beach Park is just a 12-minute walk from this Koloa resort", which offers a tropical outdoor pool, hot tub and fitness center. Its modern, spacious three to four-bedroom villas feature private balconies.,,,
Hawaii,Kauai,21.873992097206,-159.45144116879,Hale Pohaku Beachside Resort,3.0,HotelDescription#Further information about this hotel will be available shortly,NO Car park NO Connecting rooms NO Smoking rooms NO Garage NO Large pets allowed (over 5 kg) NO Disability-friendly bathroom NO Small pets allowed (under 5 kg) NO Wheelchair-accessible,,2225 - 2231 Pane Road 96756 KoloaHawaii ,96756,8082129749,http://www.vacationrental-kauai.com/
Hawaii,Kauai,22.052,-159.332,Castle Lanikai Resort,3.0,"""HotelDescription#Located on the eastern shore of the Garden Isle of Kauai", the resort has an exclusive sandy beach and is a hideaway surrounded by lush gardens. It is also centrally located, with Poipu to the south and Napali Coast to the north giving easy access to all of Kauai's activities and sights. Shops and dining are within walking distance of the Coconut Plantation Marketplace. These apartments are the perfect starting point to explore the beauty of Kauai with Wailua Falls and Fern Grotto just a few minutes drive away.,,,,
Hawaii,Kauai,22.22204,-159.47777,Plantation At Princeville #711,5.0,"""Set in Princeville", 1.4 km from Sea Lodge Beach and 2.4 km from Hideaway Beach, Plantations at Princeville #1212 offers air conditioning. It is situated 2.6 km from Puu Poa Beach and offers an ATM.,,,,
Hawaii,Kauai,22.22143,-159.4777,Sandpiper Village,5.0,"""Located in Princeville", 1.5 km from Sea Lodge Beach and 2.3 km from Hideaway Beach, Sandpiper #116b provides accommodation with amenities such as free WiFi and a TV. This holiday home is 2.5 km from Puu Poa Beach and 38 km from Lydgate State Park.,,,,
Hawaii,Kauai,21.87759,-159.46496,Poipu Kapili,5.0,"""Situated in Koloa", 2.6 km from Shipwreck Beach and 3.6 km from Prince Kuhio Park, Poipu Kapili 46 Condo features air-conditioned accommodation with a balcony and free WiFi. It is set 4.4 km from Spouting Horn and offers an ATM.,,,,
Hawaii,Kauai,22.21188984811306,-159.47948031127453,Castle at Princeville Puu Poa,2.0,"""HotelDescription#The hotel is located in the lush tropical resort area of Kauai.",,,,,,
Hawaii,Kauai,22.22489,-159.48949,Castle at Princeville Pali Ke Kua,5.0,"""Set in Princeville", 1.2 km from Hideaway Beach and 1.4 km from Puu Poa Beach, Pali Ke Kua #241 offers air conditioning. It is situated 2.7 km from Sea Lodge Beach and offers an ATM.,,,,
Hawaii,Kauai,21.87303,-159.44852,Hideaway Cove Poipu Beach,4.0,"""Situated on half an acre of tropical landscape on the island of Kauai", these individual Hawaii guest accommodations feature fully-equipped kitchens or kitchenettes and ocean and garden views.  The white sands of Poipu Beach are 5 minutes walk away.,,,,,
Hawaii,Kauai,21.9679,-159.71536,Hale La,3.0,"""Featuring a garden with a barbecue", Hale La is a detached holiday home located in Kekaha. Waimea Canyon and Kokee Parks are nearby and the property boasts ocean views.,,,,,
Hawaii,Kauai,22.22483,-159.47815,Paradise Pool Home,5.0,"""Set in Princeville", Paradise Pool Home features a private pool and free WiFi. This holiday home is 3.1 km from Hanalei Beach Park and 7 km from Hanalei Beach.,,,,,
Hawaii,Kauai,22.22527,-159.47258,Kamahana 24 by RedAwning,5.0,"""Featuring an outdoor swimming pool and a terrace", Kamahana 24-great ocean view, upstairs corner, spacious and private, near golf offers accommodation in Princeville with free WiFi and garden views. This apartment features a private pool, a garden and free private parking.,
Hawaii,Kauai,22.22059,-159.4703,Mauna Kai Condos,5.0,"""Mauna Kai 5A Condo is situated in Princeville", 2.8 km from Black Pot Beach, and features a patio, garden, and free WiFi. It is located 4 km from Hanalei Beach Park and provides an ATM.,,
Hawaii,Kauai,22.21968,-159.54584,Hale Ho'o Maha Bed & Breakfast,3.0,"""Welcome to Hale Hoo Maha", House of Rest. At only 110 steps from the beach, you can be sure to find plenty of R&R here. We are a 4 suite 6-1/2 bath private BnB, with each suite named for a tropical fruit. Read about our suites for more information! Situated just 110 steps to the beach, this boutique Kauai B&B features an on-site ozonated hot tub, rooms with private lanais and serves a daily full breakfast. Wainiha Beach Park is 2 minutes walk away.,
Hawaii,Kauai,21.91375,-159.50256,Marjories Kauai Inn,,"""Situated in Lawai", 35 km from Princeville, Marjories Kauai Inn boasts a year-round outdoor pool, barbecue and terrace.,,,
Hawaii,Kauai,22.22495,-159.49064,Pali Ke Kua by Marc Resorts,5.0,"""Boasting sea views", Pali Ke Kua 213 features accommodation with a balcony and a coffee machine, around 500 metres from Hideaway Beach. This property offers access to a patio, free private parking and free WiFi.,,,
Hawaii,Kauai,22.22184,-159.4695,Puamana 25B Condo,5.0,"""Puamana 25B Condo is located in Princeville", 2.9 km from Black Pot Beach, and provides a patio, garden, and free WiFi. It is set 4.2 km from Hanalei Beach Park and offers an ATM.,,
Hawaii,Kauai,22.21957,-159.4936,Hanalei Bay Resort 52012 Condo,5.0,"""Located in Princeville", within 700 metres of Black Pot Beach and 3.7 km of Hanalei Beach Park, Hanalei Bay Resort 52012 Condo offers accommodation with free WiFi, air conditioning and a restaurant. Guests staying at this apartment have access to a patio.,,,
Hawaii,Kauai,22.05313,-159.3288,Islander on the Beach 259 studio Br Condo,5.0,"""Set in Kapaa", 1.3 km from Lydgate Beach, 2.2 km from Lydgate State Park and 2.8 km from Kapaa Shopping Center, Islander On The Beach 259 Condo offers accommodation with a patio and free WiFi. It is situated 4.1 km from Opaekaa Falls and features an ATM.,,,
Hawaii,Kauai,22.21957,-159.4936,Hanalei Bay Resort 5202 Condo,5.0,"""Set in Princeville", 700 metres from Black Pot Beach and 3.7 km from Hanalei Beach Park, Hanalei Bay Resort 5202 Condo offers free WiFi, a restaurant and air conditioning. Guests have a private patio.,,,
Hawaii,Kauai,21.88162,-159.46719,Waikomo Stream Villas Unit WS320,3.0,"""Located in the Poipu district of Koloa", Waikomo Stream Villas Unit WS320 provides accommodation with a private pool, free WiFi and a concierge service. Guests benefit from a balcony and an outdoor pool.,,,,
Hawaii,Kauai,21.8726,-159.44834,Nihi Kai Villas Unit #826,3.0,"""Situated in Koloa", within less than 1 km of Shipwreck Beach and 2.4 km of Prince Kuhio Park, Nihi Kai Villas Unit #826 offers accommodation with free WiFi, air conditioning, an outdoor swimming pool and a garden. This beachfront property offers access to a balcony and free private parking.,,
Hawaii,Kauai,22.0563,-159.32567,Plantation Hale J8 Garden View Ground Floor,3.0,"""Plantation Hale J8 offers accommodation in Kapaa. Guests benefit from terrace.",,,,,,
Hawaii,Kauai,22.06237,-159.31912,Kapaa Shore Resort #305,5.0,"""Situated in Waipouli", this apartment features an outdoor pool. Guests benefit from terrace.,,,,,
Hawaii,Kauai,22.0563,-159.32567,Plantation Hale B6 Garden View Ground Floor,5.0,"""Situated in Kapaa", this air-conditioned apartment features an outdoor pool. The apartment is 2 km from Lydgate State Park.,,,,,
Hawaii,Kauai,22.0563,-159.32567,Plantation Hale B13 2nd Floor,3.0,"""Featuring mountain views", Plantation Hale B13, 2nd Floor provides accommodation with a balcony and a coffee machine, around 1.8 km from Lydgate Beach. This property offers a private pool, free WiFi and free private parking.,,
Hawaii,Kauai,21.8691,-159.44573,Poipu Makai D1 Oceanfront Priceless Views Sea Turtles,5.0,"""Poipu Makai D1 is an apartment located in Koloa", 1.6 km from Prince Kuhio Park. The apartment is 6 km from Spouting Horn.,,,,,
Hawaii,Kauai,22.07288,-159.31838,Pono Kai Resort B109 Oceanfront,5.0,"""Situated in Kapaa", Pono Kai Resort B109, Oceanfront is 4 km from Lydgate State Park. Kealia Beach is 5 km from the property.,,,,
Hawaii,Kauai,22.0563,-159.32567,Plantation Hale G7 Garden Unit Ground Floor,3.0,"""Situated in Kapaa", Plantation Hale G7 is an apartment boasting an outdoor pool. The air-conditioned unit is 2 km from Lydgate State Park.,,,,,
Hawaii,Kauai,22.05946,-159.32126,Village Manor A21 Cozy Coconut Grove View Walk to Beach,3.0,"""Set in Waipouli", Village Manor A21 offers self-catering accommodation with free WiFi. The unit is 25 km from Princeville. Free private parking is available on site.,,,,,
Hawaii,Kauai,22.03569,-159.33695,Kaha Lani Resort #109 Ocean View Ground Floor,3.0,"""Situated in Wailua", Kaha Lani Resort #109, Ocean View, Ground Floor features accommodation with a private pool and sea views. This beachfront property offers access to free WiFi and free private parking.,,,
Hawaii,Kauai,22.0563,-159.32567,Plantation Hale G5 Garden Unit Ground Floor,5.0,"""Located in Kapaa", this air-conditioned apartment is 2 km from Lydgate State Park. Guests benefit from terrace.,,,,,
Hawaii,Kauai,22.05946,-159.32126,Village Manor D22 Kapaa Town Coconut Grove Walk to Beach,3.0,"""Located in Waipouli", this apartment features a terrace. Guests benefit from balcony.,,,,,
Hawaii,Kauai,22.06237,-159.31912,Kapaa Shore Resort #202,5.0,"""Situated in Waipouli", this apartment is 25 km from Princeville. Guests benefit from terrace and an outdoor pool.,,,,,
Hawaii,Kauai,21.88032,-159.46838,Nihi Kai Villas Unit #500,2.0,"""Set in Koloa", 3 km from Shipwreck Beach and 3.5 km from Spouting Horn, Nihi Kai Villas Unit #500 offers accommodation with free WiFi, air conditioning, an outdoor swimming pool and a tennis court. This holiday home has a private pool, a garden and free private parking.,
Hawaii,Kauai,22.22182,-159.46955,Puamana 21D Condo,5.0,"""Boasting a patio with garden views", an outdoor swimming pool and a garden, Puamana 21D-shady ocean view lanai, walk to Anini Beach and more can be found in Princeville, close to Makai Golf Course and 2.5 km from Sea Lodge Beach. This holiday home offers free private parking, an ATM and free WiFi.,
Hawaii,Kauai,22.03569,-159.33695,Kaha Lani Resort #121 Oceanfront Ground Floor,3.0,"""Located 26 km from Princeville", Kaha Lani Resort #121 offers accommodation in Wailua. Guests benefit from terrace.,,,,,
Hawaii,Kauai,22.22382,-159.47631,Kauai Vacation Home,5.0,"""Less than a 10-minute walk from Sea Lodge Beach", Kauai Vacation Home is located in Princeville (Kauai), Hawaii. A fully equipped kitchen and free WiFi access are featured in this holiday home.,,,,
Hawaii,Kauai,22.22153,-159.47858,Plantations #521,5.0,"""Set in Princeville", 1.5 km from Sea Lodge Beach and 2.4 km from Hideaway Beach, Plantations at Princeville #521 offers air conditioning. It is located 2.6 km from Puu Poa Beach and offers an ATM.,,,,
Hawaii,Kauai,21.8726,-159.44834,Nihi Kai Villas Unit #201,3.0,"""Situated 300 yards from Brennecke Beach and Poipu Beach State Park", Two-Bedroom Apartment Unit 201 at Nihi Kai Villas offers accommodation in Koloa.,,,,,
Hawaii,Kauai,21.8726,-159.44834,Nihi Kai Villas Unit #200,3.0,"""Two-Bedroom Apartment Unit 200 at Nihi Kai Villas offers a beachfront accommodation with views of the sea. Located in Kauai", it is 5 minutes walk to Poipu Beach.,,,,,
Hawaii,Kauai,21.8726,-159.44834,Nihi Kai Villas Unit #203,3.0,"""Two-Bedroom Apartment Unit 203 at Nihi Kai Villas offers a beachfront accommodation with views of the sea. Located in Kauai", it is 5 minutes walk to Poipu Beach.,,,,,
Hawaii,Kauai,21.8726,-159.44834,Nihi Kai Villas Unit #402,3.0,"""Located in Koloa", Two-Bedroom Apartment Unit 402 at Nihi Kai Villas offers a fully equipped kitchen and free WiFi. This accommodation is 1.5 km from Prince Kuhio Park.,,,,,
Hawaii,Kauai,21.8726,-159.44834,Nihi Kai Villas Unit #524,3.0,"""Situated 1.5 km from Prince Kuhio Park and 5 km from Spouting Horn Beach Park", Two-Bedroom Apartment Unit 524 at Nihi Kai Villas offers accommodation in Koloa.,,,,,
Hawaii,Kauai,21.8726,-159.44834,Nihi Kai Villas Unit #820,3.0,"""Situated 1.5 km from Prince Kuhio Park and 5 km from Spouting Horn Beach Park", Two-Bedroom Apartment Unit 820 at Nihi Kai Villas offers accommodation in Koloa.,,,,,
Hawaii,Kauai,21.8726,-159.44834,Nihi Kai Villas Unit #300,3.0,"""Located in Koloa", less than 1 km from Shipwreck Beach and 2.4 km from Prince Kuhio Park, Nihi Kai Villas Unit #300 offers an outdoor swimming pool and air conditioning. This apartment features a private pool, a garden, barbecue facilities, free WiFi and free private parking.,
Hawaii,Kauai,21.8726,-159.44834,Nihi Kai Villas Unit #401,3.0,"""In the Poipu district of Koloa", close to Shipwreck Beach, Nihi Kai Villas Unit #401 features a tennis court and a washing machine. This apartment has a private pool, a garden, barbecue facilities, free WiFi and free private parking.,
Hawaii,Kauai,21.8726,-159.44834,Nihi Kai Villas Unit #521,3.0,"""Set in Koloa", less than 1 km from Shipwreck Beach and 2.4 km from Prince Kuhio Park, Nihi Kai Villas Unit #521 offers accommodation with free WiFi, air conditioning, an outdoor swimming pool and a garden. This beachfront property offers access to a balcony and free private parking.,,
Hawaii,Kauai,21.8726,-159.44834,Nihi Kai Villas Unit #808,3.0,"""Located in Koloa", just less than 1 km from Shipwreck Beach, Nihi Kai Villas Unit #808 provides beachfront accommodation with an outdoor swimming pool, a garden, a tennis court and free WiFi. This apartment features free private parking and a concierge service.,,
Hawaii,Kauai,21.8726,-159.44834,Nihi Kai Villas Unit #703,3.0,"""Set in Koloa", less than 1 km from Shipwreck Beach and 2.4 km from Prince Kuhio Park, Nihi Kai Villas Unit #703 offers an outdoor swimming pool and air conditioning. This apartment has a private pool, a garden, barbecue facilities, free WiFi and free private parking.,
Hawaii,Kauai,21.8726,-159.44834,Nihi Kai Villas Unit #825,3.0,"""Located in Koloa", just less than 1 km from Shipwreck Beach, Nihi Kai Villas Unit #825 provides beachfront accommodation with an outdoor swimming pool, a garden, a tennis court and free WiFi. This property offers access to a balcony and free private parking.,,
Hawaii,Kauai,21.8726,-159.44834,Nihi Kai Villas Unit #700,3.0,"""Set in Koloa", just less than 1 km from Shipwreck Beach, Nihi Kai Villas Unit #700 offers beachfront accommodation with an outdoor swimming pool, a garden, a tennis court and free WiFi. This property offers access to a balcony and free private parking.,,
Hawaii,Kauai,21.8726,-159.44834,Nihi Kai Villas Unit #832,3.0,"""In the Poipu district of Koloa", close to Shipwreck Beach, Nihi Kai Villas Unit #832 has an outdoor swimming pool and a washing machine. This apartment features a private pool, a garden, barbecue facilities, free WiFi and free private parking.,
Hawaii,Kauai,21.8726,-159.44834,Nihi Kai Villas Unit #827,3.0,"""Located in Koloa", less than 1 km from Shipwreck Beach and 2.4 km from Prince Kuhio Park, Nihi Kai Villas Unit #827 provides accommodation with free WiFi, air conditioning, an outdoor swimming pool and a garden. Set 6 km from Spouting Horn, the property offers a tennis court and free private parking.,
Hawaii,Kauai,21.8726,-159.44834,Nihi Kai Villas Unit #421,3.0,"""In the Poipu district of Koloa", close to Shipwreck Beach, Nihi Kai Villas Unit #421 features a tennis court and a washing machine. This apartment has a private pool, a garden, barbecue facilities, free WiFi and free private parking.,
Hawaii,Kauai,21.8726,-159.44834,Nihi Kai Villas Unit #511,3.0,"""Located 300 yards from Poipu Beach Park snorkeling and surfing", Three-Bedroom Apartment at Nihi Kai Villas includes ocean views and free WiFi. An oceanfront heated outdoor pool is featured on the resort grounds.,,,,,
Hawaii,Kauai,21.8726,-159.44834,Nihi Kai Villas Unit #400,3.0,"""Situated in Koloa", less than 1 km from Shipwreck Beach and 2.4 km from Prince Kuhio Park, Nihi Kai Villas Unit #400 offers an outdoor swimming pool and air conditioning. This apartment has a private pool, a garden, barbecue facilities, free WiFi and free private parking.,
Hawaii,Kauai,21.8726,-159.44834,Nihi Kai Villas Unit #302,3.0,"""In the Poipu district of Koloa", close to Shipwreck Beach, Nihi Kai Villas Unit #302 has a tennis court and a washing machine. This apartment features a private pool, a garden, barbecue facilities, free WiFi and free private parking.,
Hawaii,Kauai,21.8726,-159.44834,Nihi Kai Villas Unit #202,3.0,"""In the Poipu district of Koloa", close to Shipwreck Beach, Nihi Kai Villas Unit #202 has an outdoor swimming pool and a washing machine. This apartment features a private pool, a garden, barbecue facilities, free WiFi and free private parking.,
Hawaii,Kauai,21.8726,-159.44834,Nihi Kai Villas Unit #831,3.0,"""Situated just 2.4 km from Prince Kuhio Park", Nihi Kai Villas Unit #831 features accommodation in Koloa with access to an outdoor swimming pool, a tennis court, as well as a concierge service. This apartment has a private pool, a garden, barbecue facilities, free WiFi and free private parking.
Hawaii,Kauai,21.8726,-159.44834,Nihi Kai Villas Unit #803,3.0,"""Offering an oceanfront heated swimming pool", Nihi Kai Villas Unit #803 is located just 480 meters from Poipu Beach Park. Free WiFi is available.,,,,,
Hawaii,Kauai,21.8726,-159.44834,Nihi Kai Villas Unit #504,3.0,"""Set in Koloa", within less than 1 km of Shipwreck Beach and 2.4 km of Prince Kuhio Park, Nihi Kai Villas Unit #504 offers accommodation with free WiFi, air conditioning, an outdoor swimming pool and a garden. This beachfront property offers access to a balcony and free private parking.,,
Hawaii,Kauai,21.8726,-159.44834,Nihi Kai Villas Unit #823,3.0,"""Situated in Koloa", just less than 1 km from Shipwreck Beach, Nihi Kai Villas Unit #823 features beachfront accommodation with an outdoor swimming pool, a garden, a tennis court and free WiFi. This property offers access to a balcony and free private parking.,,
Hawaii,Kauai,21.8726,-159.44834,Nihi Kai Villas Unit #822,3.0,"""Set in Koloa", just less than 1 km from Shipwreck Beach, Nihi Kai Villas Unit #822 offers beachfront accommodation with an outdoor swimming pool, a garden, a tennis court and free WiFi. This property offers access to a balcony and free private parking.,,
Hawaii,Kauai,21.8726,-159.44834,Nihi Kai Villas Unit #600,3.0,"""Nihi Kai Villas Unit #600 is located in the Poipu district of Koloa", less than 1 km from Shipwreck Beach, 2.4 km from Prince Kuhio Park and 6 km from Spouting Horn. This beachfront property offers access to tennis at the tennis court, free private parking and free WiFi.,,,
Hawaii,Kauai,21.8726,-159.44834,Nihi Kai Villas Unit #807,3.0,"""One-Bedroom One-Bathroom Apartment Unit 807 at Nihi Kai Villas offers accommodation in Koloa", just 275 meters from Poipu Beach State Park. A heated oceanfront pool is featured.,,,,,
Hawaii,Kauai,21.8726,-159.44834,Nihi Kai Villas Unit #503,3.0,"""In the Poipu district of Koloa", close to Shipwreck Beach, Nihi Kai Villas Unit #503 features a tennis court and a washing machine. This apartment has a private pool, a garden, barbecue facilities, free WiFi and free private parking.,
Hawaii,Kauai,21.8726,-159.44834,Nihi Kai Villas Unit #505,3.0,"""In the Poipu district of Koloa", close to Shipwreck Beach, Nihi Kai Villas Unit #505 features a tennis court and a washing machine. This apartment has a private pool, a garden, barbecue facilities, free WiFi and free private parking.,
Hawaii,Kauai,21.8726,-159.44834,Nihi Kai Villas Unit #509,3.0,"""Located in Koloa", within less than 1 km of Shipwreck Beach and 2.4 km of Prince Kuhio Park, Nihi Kai Villas Unit #509 offers accommodation with free WiFi, air conditioning, an outdoor swimming pool and a garden. This beachfront property offers access to a balcony and free private parking.,,
Hawaii,Kauai,22.03569,-159.33695,Kaha Lani Resort #218 Oceanfront 2 BR 2nd Floor,3.0,"""Located 26 km from Princeville", Kaha Lani Resort #218 offers accommodation in Wailua. Guests benefit from terrace.,,,,,
Hawaii,Kauai,21.95003,-159.36261,Na Hoa River Home,5.0,"""Situated in Niumalu", this holiday home features an outdoor pool. Guests benefit from terrace.,,,,,
Hawaii,Kauai,22.05089,-159.33351,Wailua Bay View 204 1 Br Condo,5.0,"""Featuring an outdoor swimming pool", a garden, and a terrace, Wailua Bay View 302 - Ocean views, beach right there, AC in bedroom! offers accommodation in Kapaa with free WiFi and sea views. This property offers a private pool and free private parking.,
Hawaii,Kauai,22.22672,-159.48037,Cliffs 7303 Condo,5.0,"""Situated in Princeville", 2.2 km from Black Pot Beach, 3.3 km from Hanalei Beach Park and 13 km from Kilauea National Wildlife Refuge, Cliffs 7303 Condo features accommodation with a patio and free WiFi. It is set 2.3 km from Princeville Shopping Center and offers an ATM.,,,
Hawaii,Kauai,22.2084,-159.496,Plantation 1 Br Cottage,5.0,"""Plantation Cottage home is set in Hanalei", 500 metres from Black Pot Beach, and offers a patio, garden, and free WiFi.,,
Hawaii,Kauai,22.07288,-159.31838,Pono Kai Resort C101 Oceanfront Ground Floor End Unit,5.0,"""Pono Kai Resort C101 offers accommodation in Waipouli", 24 km from Princeville. Guests benefit from terrace.,,,,,
Hawaii,Kauai,22.0563,-159.32567,Plantation Hale H7 Garden Room,5.0,"""Plantation Hale H7", Garden Room is an apartment set in Kapaa, 2 km from Lydgate State Park. The air-conditioned unit is 7 km from Kealia Beach.,,,,
Hawaii,Kauai,22.06237,-159.31912,Kapaa Shore Resort #318,5.0,"""Set in Waipouli", Kapaa Shore Resort #318 is an apartment boasting an outdoor pool. Guests benefit from terrace and a barbecue.,,,,,
Hawaii,Kauai,22.21957,-159.4936,Hanalei Bay Resort 5201 studio Br Condo,5.0,"""Situated just 700 metres from Black Pot Beach", Hanalei Bay Resort 5201 Condo features accommodation in Princeville with access to a restaurant, a garden, as well as an ATM. Guests staying at this apartment have access to free WiFi and a patio.,,,
Hawaii,Kauai,22.03569,-159.33695,Kaha Lani Resort #214 Ocean View 2nd Fl,3.0,"""Kaha Lani Resort #214 offers accommodation in Wailua", 26 km from Princeville. Guests benefit from terrace and an outdoor pool.,,,,,
Hawaii,Kauai,21.95865,-159.3479,Pali Kai Cottage A Ocean Bluff Marriott Resort,5.0,"""Pali Kai Cottage 17A offers accommodation in Nawiliwili", 33 km from Princeville. Guests benefit from terrace.,,,,,
Hawaii,Kauai,22.06237,-159.31912,Kapaa Shore Resort #308,5.0,"""Set in Waipouli", Kapaa Shore Resort #308 is an apartment boasting an outdoor pool. The unit is 25 km from Princeville.,,,,,
Hawaii,Kauai,22.2287,-159.48362,Alii Kai 3103 Condo,5.0,"""Featuring an outdoor swimming pool", a garden, and a terrace, Alii Kai 3103 -watch for whales from oceanfront lanai! View from every window offers accommodation in Princeville with free WiFi and sea views. This property offers a private pool and free private parking.,,,
Hawaii,Kauai,22.22659,-159.48215,Alii Kai 5301 Condo,5.0,"""Alii Kai 5301-oceanfront views from every window", prime top floor corner! is located in Princeville, 2.6 km from Hideaway Beach, and provides a balcony, garden, and free WiFi. Set 1.9 km from Sea Lodge Beach, the property offers an outdoor swimming pool and free private parking.
Hawaii,Kauai,22.03569,-159.33695,Kaha Lani Resort #114,3.0,"""Located in Wailua", Kaha Lani Resort #114 is an apartment boasting an outdoor pool. The unit is 26 km from Princeville.,,,,,
Hawaii,Kauai,22.22499,-159.48945,Pali Ke Kua 144 w Path to Beach 2BR,5.0,"""Set within 13 km of Kilauea National Wildlife Refuge and 41 km of Opaekaa Falls", Pali Ke Kua 144 provides rooms in Princeville. The property is around 2.7 km from Sea Lodge Beach, 40 km from Lydgate State Park and 2.7 km from Makai Golf Course. The hotel has a garden and offers a childrens playground.,,,,
Hawaii,Kauai,22.06115,-159.32002,Waipouli Beach Resort B 301,5.0,"""Waipouli Beach Resort B-301 is a property with a private pool", set in Waipouli, within just 150 metres of Waipouli Beach and 200 metres of Papaloa Beach. This beachfront property offers access to free WiFi and free private parking.,,,,
Hawaii,Kauai,22.06237,-159.31912,Kapaa Shore Resort #227,5.0,"""Located 25 km from Princeville", Kapaa Shore Resort #227 offers accommodation in Waipouli. Guests benefit from terrace and an outdoor pool.,,,,,
Hawaii,Kauai,22.22552,-159.48092,Cliffs at Princeville #1208b Garden Unit North Shore Resort,5.0,"""Located in Princeville in the Hawaii region", Cliffs at Princeville #1208B Garden Unit, North Shore Resort features a balcony. This property offers a private pool, free WiFi and free private parking.,,,
Hawaii,Kauai,22.06618,-159.31802,Hale Hololani,5.0,"""Hale Hololani offers accommodation in Waipouli. The air-conditioned unit is 25 km from Princeville.",,,,,,
Hawaii,Kauai,22.03569,-159.33695,Kaha Lani Resort #206 Ocean View 2nd Floor,3.0,"""Located 26 km from Princeville", Kaha Lani Resort #206 offers accommodation in Wailua. Guests benefit from terrace.,,,,,
Hawaii,Kauai,21.87102,-159.44459,Mele Kai at Poipu Ocean view,5.0,"""Situated in Koloa", Mele Kai at Poipu, Ocean-View is 1.3 km from Prince Kuhio Park. Spouting Horn is 6 km from the property.,,,,
Hawaii,Kauai,22.03569,-159.33695,Kaha Lani Resort #224,3.0,"""Kaha Lani Resort #224 offers accommodation in Wailua. Guests benefit from terrace.",,,,,,
Hawaii,Kauai,22.06237,-159.31912,Kapaa Shore Resort #106,5.0,"""Located in Waipouli", this apartment is 25 km from Princeville. Guests benefit from terrace and an outdoor pool.,,,,,
Hawaii,Kauai,22.0563,-159.32567,Plantation Hale J16 2nd Floor End Unit,3.0,"""Plantation Hale J16 offers accommodation in Kapaa", 2 km from Lydgate State Park and 7 km from Kealia Beach. The apartment is 1.8 km from Kapaa Shopping Center.,,,,,
Hawaii,Kauai,22.03569,-159.33695,Kaha Lani Resort #326 Oceanfront Top Floor,3.0,"""Located 26 km from Princeville", Kaha Lani Resort #326 offers accommodation in Wailua. Guests benefit from terrace and an outdoor pool.,,,,,
Hawaii,Kauai,21.95855,-159.35507,Banyan Harbor Resort #c33 Free Parking 2br 1.5ba,5.0,"""Situated 1 km from Niumalu Beach", 13 km from Wailua Falls and 800 metres from Nawiliwili Park, Banyan Harbor Resort #C33 - FREE PARKING - 2BR/1.5BA features accommodation located in Lihue. This property offers access to a balcony, free private parking and free WiFi.,,,
Hawaii,Kauai,21.87161,-159.44482,Orchid House,5.0,"""Orchid House is a detached holiday home with a 180-degree view of the Pacific Ocean from the terrace", situated in Koloa. Guests benefit from balcony and are walking distance to Poipu Beach.,,,,,
Hawaii,Kauai,22.06237,-159.31912,Kapaa Shore Resort #207,5.0,"""Situated in Waipouli", Kapaa Shore Resort #207 is an apartment boasting an outdoor pool. Guests benefit from terrace and a barbecue.,,,,,
Hawaii,Kauai,22.06183,-159.31906,Kauai Kailani #308 Oceanfront AC 3rd top Floor,5.0,"""Situated in Waipouli", this air-conditioned apartment features a terrace with sea views. The unit is 25 km from Princeville.,,,,,
Hawaii,Kauai,22.22239,-159.49517,Puu Poa #305,5.0,"""Offering mountain views", Puu Poa #305 is an accommodation situated in Princeville, 600 metres from Puu Poa Beach and 40 km from Lydgate State Park. It is located 400 metres from Hideaway Beach and provides an ATM.,,,,
Hawaii,Kauai,22.22552,-159.48092,Cliffs At Princeville #3201,5.0,"""Located in Princeville", this apartment features an outdoor pool. The apartment is 2.1 km from Hanalei Beach Park.,,,,,
Hawaii,Kauai,22.22047,-159.46994,Mauna Kai 8 Loft 3BR,5.0,"""Offering free WiFi throughout the property", Mauna Kai 8 is located in Princeville, 38 km from Lydgate State Park and 1.4 km from Makai Golf Course. The property is around 1.7 km from Princeville Golf Club Prince Course, 11 km from Kilauea National Wildlife Refuge and 40 km from Opaekaa Falls. The property is non-smoking and is set 2.2 km from Sea Lodge Beach.,,,
Hawaii,Kauai,22.05311,-159.32837,Islander on the Beach #348 Oceanfront,5.0,"""Located in Kapaa", 700 metres from Lae Nani Beach and less than 1 km from Papaloa Beach, Islander on the Beach provides accommodation with free WiFi, air conditioning and access to a garden.,,,
Hawaii,Kauai,21.87479,-159.45096,Hale Kahanalu 4,5.0,"""Offering free WiFi and free private parking", Hale Kahanalu 4 is located in Koloa, within just 200 metres of Brenneckes Beach. The property is 30 km from Wailua Falls and 31 km from Lydgate State Park.,,,,
Hawaii,Kauai,22.22552,-159.48092,Cliffs at Princeville #7302 Ocean Bluff,5.0,"""Located in Princeville in the Hawaii region", Cliffs at Princeville #1208A Garden Unit, North Shore Resort features a patio. This property offers a private pool, free WiFi and free private parking.,,,
Hawaii,Kauai,22.07288,-159.31838,Pono Kai Resort B 101,5.0,"""Set in Waipouli", Pono Kai Resort B-101 offers accommodation with a private pool and sea views. This beachfront property offers access to a balcony, free private parking and free WiFi.,,,,
Hawaii,Kauai,22.22793,-159.4831,Ali'i Kai II 12d Bali Hai Mountain Views,5.0,"""Set in Princeville", Alii Kai II 12D, Bali Hai is an apartment boasting an outdoor pool. The apartment is 2.1 km from Hanalei Beach Park.,,,,
Hawaii,Kauai,22.0563,-159.32567,Plantation Hale F8 Ground Floor AC,3.0,"""Situated in Kapaa", this apartment features an outdoor pool. The unit is 2 km from Lydgate State Park.,,,,,
Hawaii,Kauai,21.95865,-159.3479,Pali Kai Studio 17b Oceanbluff View,5.0,"""Pali Kai Studio 17B", Oceanbluff View is a holiday home set in Lihue, 7 km from Wailua Falls. The air-conditioned unit is 900 metres from Nawiliwili Park.,,,,
Hawaii,Kauai,22.03569,-159.33695,Kaha Lani Resort #115 Ocean View Ground Floor,5.0,"""Situated in Wailua", this apartment is 26 km from Princeville. Guests benefit from terrace and an outdoor pool.,,,,,
Hawaii,Kauai,22.03569,-159.33695,Kaha Lani Resort #311 Ocean View 3rd Fl. End Unit,3.0,"""Kaha Lani Resort #311 offers accommodation in Wailua. Guests benefit from terrace and an outdoor pool.",,,,,,
Hawaii,Kauai,22.03569,-159.33695,Kaha Lani Resort #119 Oceanfront Ground Floor,3.0,"""Located 26 km from Princeville", Kaha Lani Resort #119 offers accommodation in Wailua. Guests benefit from terrace.,,,,,
Hawaii,Kauai,22.03569,-159.33695,Kaha Lani Resort #221 Oceanfront,3.0,"""Kaha Lani Resort #221", Oceanfront offers accommodation in Wailua. The unit is 26 km from Princeville.,,,,,
Hawaii,Kauai,21.87425,-159.4517,Hale Pua Villa Hibiscus Suite,5.0,"""Hale Pua Villa - Hibiscus Suite features a patio and is situated in Koloa", within just 100 metres of Brenneckes Beach and 400 metres of Poipu Beach. This holiday home has a garden, barbecue facilities, free WiFi and free private parking.,,,
Hawaii,Kauai,22.22216,-159.47858,Plantations #1122,5.0,"""Plantations at Princeville 1122 provides free WiFi throughout the property and rooms with air conditioning in Princeville. The property is set 2.5 km from Hideaway Beach", 2.7 km from Puu Poa Beach and 39 km from Lydgate State Park. The property is non-smoking and is located 1.4 km from Sea Lodge Beach.,,,,,
Hawaii,Kauai,22.06237,-159.31912,Kapaa Shore Resort #118,5.0,"""Kapaa Shore Resort #118 offers accommodation in Waipouli", 25 km from Princeville. Guests benefit from terrace and an outdoor pool.,,,,,
Hawaii,Kauai,22.07511,-159.31775,Kapa'a by the Sea,5.0,"""Kapaa by the Sea is a holiday home located in Waipouli in the Kauai Region and is 24 km from Princeville.",,,,,,
Hawaii,Kauai,21.87428,-159.45168,Hale Pua Villa Breakers,5.0,"""Featuring sea views", Hale Pua Villa - Breakers provides accommodation with a patio and a coffee machine, around 2.6 km from Prince Kuhio Park. The air-conditioned accommodation is 1.2 km from Shipwreck Beach, and guests benefit from private parking available on site and free WiFi.,,,
Hawaii,Kauai,22.20443,-159.49614,Coconut Cottage,5.0,"""Featuring a barbecue", Coconut Cottage is a holiday home set in Hanalei, less than 5 minutes walk to Hanalei Bay beach. Guests benefit from free WiFi and private parking available on site.,,,,
Hawaii,Kauai,21.8726,-159.44834,Nihi Kai Villas #704,5.0,"""Located in Koloa", within less than 1 km of Shipwreck Beach and 2.4 km of Prince Kuhio Park, Nihi Kai Villas Unit #101 offers accommodation with free WiFi, air conditioning, an outdoor swimming pool and a garden. This property offers access to a balcony and free private parking.,,
Hawaii,Kauai,22.05303,-159.32766,Islander On The Beach #321,3.0,"""Situated in Kapaa", just 1.4 km from Lydgate Beach, Islander On The Beach #321 features beachfront accommodation with an outdoor swimming pool, a garden, a private beach area and free WiFi. Boasting free private parking, the apartment is in an area where guests can engage in activities such as hiking, snorkelling and cycling.
Hawaii,Kauai,21.89792,-159.4657,Waikomo Stream Villas Unit WS433,5.0,"""Featuring garden views", Waikomo Stream Villas Unit WS433 provides accommodation with an outdoor swimming pool and a balcony, around 2.5 km from Kiahuna Beach. This apartment has a garden, barbecue facilities, free WiFi and free private parking.,,
Hawaii,Kauai,21.87409,-159.44831,Poipu Manualoha 804 Gardenview 2BR 2BA,5.0,"""Boasting a terrace and an ATM", Manualoha 804 is ideally set in Poipu district of Koloa, 700 metres from Poipu Beach and 1 km from Shipwreck Beach. The air-conditioned accommodation is 400 metres from Brenneckes Beach, and guests benefit from private parking available on site and free WiFi.,,,
Hawaii,Kauai,22.22229,-159.49535,Pu'u Poa #303,5.0,"""Puu Poa 101 provides free WiFi throughout the property and rooms with air conditioning in Princeville. The property is around 600 metres from Puu Poa Beach", 40 km from Lydgate State Park and 1.6 km from Princeville Golf Club Prince Course. The property is non-smoking and is located 400 metres from Hideaway Beach.,,,,,
Hawaii,Kauai,22.05259,-159.32828,Islander On The Beach Unit 244,5.0,"""Situated in Kapaa", Islander on the Beach Unit 244 features accommodation with free WiFi, air conditioning, a restaurant and access to a garden with a year-round outdoor pool. Located on the beachfront, this property has a bar, a shared lounge and barbecue facilities.,
Hawaii,Kauai,21.87407,-159.45208,Hale Pua Villa Seaside Studio,5.0,"""Located in Koloa in the Hawaii region", Hale Pua Villa - Seaside Studio features a patio and mountain views. The air-conditioned accommodation is 70 metres from Brenneckes Beach, and guests benefit from complimentary WiFi and private parking available on site.,,,,
Hawaii,Kauai,22.20464,-159.49615,Tutu's Cottage,5.0,"""Tutus Cottage is a holiday home with a garden", located in Hanalei, less than 5 minutes walk from Hanalei Bay beach. Guests benefit from free WiFi and private parking available on site.,,,,
Hawaii,Kauai,21.88183,-159.4677,Waikomo Stream Villas Unit #331,3.0,"""Featuring garden views", Waikomo Stream Villas Unit #331 features accommodation with barbecue facilities and a balcony, around 3.5 km from Prince Kuhio Park. Located 2 km from Brenneckes Beach, the property provides an outdoor swimming pool and free private parking.,,,
Hawaii,Kauai,21.8726,-159.44834,Nihi Kai Villas Unit #101,5.0,"""Located in Koloa", within less than 1 km of Shipwreck Beach and 2.4 km of Prince Kuhio Park, Nihi Kai Villas Unit #101 offers accommodation with free WiFi, air conditioning, an outdoor swimming pool and a garden. This property offers access to a balcony and free private parking.,,
Hawaii,Kauai,22.21829,-159.4912,Kahikolu,5.0,"""Set in Princeville", Kahikolu home offers a private pool and free WiFi. This holiday home is 40 km from Lydgate State Park and 1.4 km from Princeville Golf Club Prince Course.,,,,,
Hawaii,Kauai,22.06115,-159.32021,Waipouli Beach Resort D 309,5.0,"""Set in Kapaa", 2.6 km from Lydgate Beach and 2.9 km from Lydgate State Park, Waipouli Beach Resort D-309 offers free WiFi and air conditioning. It is located 1.4 km from Kapaa Shopping Center and offers an ATM.,,,,
Hawaii,Kauai,22.0616,-159.31965,Waipouli Beach Resort C 105,5.0,"""Located in Kapaa", 100 metres from Waipouli Beach and 300 metres from Papaloa Beach, Waipouli Beach Resort C-105 offers air conditioning. It is situated 1.2 km from Fuji Beach and provides an ATM.,,,,
Hawaii,Kauai,22.21841,-159.47261,Hale Makamaka Home 5BR Mountain View with AC,5.0,"""Hale Makamaka Home 5BR Mountain View with AC offers accommodation in Princeville", 3.6 km from Hanalei Beach Park. Guests benefit from a patio and a barbecue.,,,,,
Hawaii,Kauai,22.06088,-159.32025,Waipouli Beach Resort E 205,5.0,"""Situated in Kapaa", 200 metres from Waipouli Beach and 300 metres from Papaloa Beach, Waipouli Beach Resort E-205 offers air conditioning. It is located 1.2 km from Fuji Beach and features an ATM.,,,,
Hawaii,Kauai,22.21221,-159.54382,Kauai Tree House,5.0,"""Set 700 metres from Wainiha Bay Beach", 1.3 km from Lumahai Beach and 48 km from Lydgate State Park, Kauai Tree House offers accommodation located in Wainiha. It is situated 300 metres from Wainiha Beach Park and features an ATM.,,,,
Hawaii,Kauai,22.06115,-159.32002,Waipouli Beach Resort C 205,5.0,"""Situated in Kapaa", Waipouli Beach Resort features pool views and free WiFi, 200 metres from Waipouli Beach and 300 metres from Papaloa Beach.,,,,
Hawaii,Kauai,22.22178,-159.4805,Nihilani 22C,5.0,"""Set in Princeville", 1.7 km from Sea Lodge Beach and 2.4 km from Hideaway Beach, Nihilani 22C offers air conditioning. It is located 2.6 km from Puu Poa Beach and offers an ATM.,,,,
Hawaii,Kauai,22.06041,-159.31958,Waipouli Beach Resort G 306,5.0,"""Located in Kapaa", 200 metres from Waipouli Beach and 300 metres from Papaloa Beach, Waipouli Beach Resort G-306 offers air conditioning. It is situated 1.1 km from Fuji Beach and provides an ATM.,,,,
Hawaii,Kauai,22.06041,-159.31958,Waipouli Beach Resort G 404,5.0,"""Set in Kapaa", 200 metres from Waipouli Beach and 300 metres from Papaloa Beach, Waipouli Beach Resort G-404 offers air conditioning. It is situated 1.1 km from Fuji Beach and offers an ATM.,,,,
Hawaii,Kauai,22.22476,-159.49115,Pali Ke Kua 102 by RedAwning,5.0,"""Offering sea views", Pali Ke Kua 222 is an accommodation set in Princeville, 450 metres from Hideaway Beach and less than 1 km from Puu Poa Beach. This property offers access to a balcony, free private parking and free WiFi.,,,
Hawaii,Kauai,21.88089,-159.47477,Kuhio Shores 410 Ocean Front 2BR,5.0,"""Set 400 metres from Baby Beach and 1.9 km from Kiahuna Beach", Kuhio Shores 410 in Koloa offers air-conditioned accommodation with views of the sea and free WiFi.,,,,,
Hawaii,Kauai,22.22047,-159.46994,Mauna Kai 8B Loft Air Conditioner 3BR 3BA,5.0,"""Offering free WiFi throughout the property", Mauna Kai 8 is set in Princeville, 2.2 km from Sea Lodge Beach and 38 km from Lydgate State Park. The property is located 1.4 km from Makai Golf Course, 1.7 km from Princeville Golf Club Prince Course and 11 km from Kilauea National Wildlife Refuge. Certain units at the property feature a patio with a garden view.,,,
Hawaii,Kauai,21.86971,-159.44625,Poipu Makai A3 Loft Oceanfront White Water View 2BR,5.0,"""In the Poipu district of Koloa", close to Brenneckes Beach, Poipu Makai A3 features free WiFi and a washing machine. This apartment is 29 km from Wailua Falls and 30 km from Lydgate State Park.,,,,
Hawaii,Kauai,22.22761,-159.47482,Sealodge F6 Oceanfront w full kitchen 1BR,5.0,"""Boasting sea views", Sealodge F6 features accommodation with a balcony and a coffee machine, around 300 metres from Sea Lodge Beach. This property offers access to a patio, free private parking and free WiFi.,,,
Hawaii,Kauai,22.0511,-159.33389,Wailua Bay View 115 Ocean Front 1 BR AC in BR,5.0,"""Located in Kapaa", 100 metres from Wailua Beach, Wailua Bay View 115 features views of the sea. Featuring a childrens playground, this property is set a short distance from Lae Nani Beach, Papaloa Beach and Lydgate State Park. The accommodation provides an ATM and free WiFi throughout the property.,,
Hawaii,Kauai,22.20551,-159.49766,Hale Hoku,3.0,"""Located in Hanalei", 300 metres from Waioli Beach Park, 300 metres from Hanalei Beach and less than 1 km from Black Pot Beach, Hale Hoku home provides accommodation with a patio and free WiFi. The property is 5.6 km from Princeville Golf Club Prince Course and 15 km from Kilauea National Wildlife Refuge.,,,
Hawaii,Kauai,21.87446,-159.45152,Hale Kahana'lu,5.0,"""Hale Kahanalu condo is set in the Poipu district of Koloa", 400 metres from Poipu Beach, less than 1 km from Kiahuna Beach and 30 km from Wailua Falls. The accommodation is 200 metres from Brenneckes Beach, and guests benefit from complimentary WiFi and private parking available on site.,,,
Hawaii,Kauai,22.21807,-159.48243,Villas of Kamalii 47,3.0,"""Located 2 km from Hanalei Beach Park in Princeville", Villas of Kamalii 47 home offers accommodation with a kitchen. This holiday home is 6 km from Hanalei Beach.,,,,,
Hawaii,Kauai,22.22107,-159.48993,Bali Hai View,5.0,"""Bali Hai View home offers accommodation in Princeville", 2.9 km from Hanalei Beach Park. Guests staying at this holiday home have access to a patio.,,,,,
Hawaii,Kauai,22.20173,-159.50476,Lani Kai,3.0,"""Offering sea views", Lani Kai home is an accommodation located in Hanalei, 1.1 km from Hanalei Beach and 1.8 km from Black Pot Beach. The air-conditioned accommodation is 200 metres from Waioli Beach Park, and guests benefit from complimentary WiFi and private parking available on site.,,,
Hawaii,Kauai,22.22291,-159.54679,Haena Kai,5.0,"""Situated in Haena", a few steps from Wainiha Bay Beach, 500 metres from Tunnels Beach and 1.1 km from Wainiha Beach Park, Haena Kai home features accommodation with a patio and free WiFi. This holiday home is 49 km from Lydgate State Park and 12 km from Makai Golf Course.,,,
Hawaii,Kauai,21.88461,-159.45782,Pili Mai 8d,5.0,"""Situated in Koloa", 1.5 km from Kiahuna Beach and 2.2 km from Brenneckes Beach, Pili Mai Condominiums by HI features accommodation with free WiFi, air conditioning, an outdoor swimming pool and a garden.,,
Hawaii,Kauai,21.8726,-159.44834,Nihi Kai Villas Unit #508,3.0,"""Situated in Koloa", 250 metres from Brenneckes Beach and 550 metres from Poipu Beach, Nihi Kai Villas Unit #508 features accommodation with free WiFi, air conditioning, an outdoor swimming pool and a terrace. This apartment features a private pool, a garden and free private parking.,
Hawaii,Kauai,22.06177,-159.31909,Kauai Kailani 206 2BR Ocean Front,5.0,"""Featuring pool views", Kauai Kailani 206 provides accommodation with a balcony and a coffee machine, around 2.7 km from Lydgate Beach. This beachfront property offers access to a patio, ping-pong, free private parking and free WiFi.,,
Hawaii,Kaunakakai,21.09841,-156.75683,Molokai Vacation Properties - Hale O Pu Hala,5.0,,Microwave Cribs/infant beds (surcharge) Cookware  dishware  utensil-cutlery Private bathrooms Furnished balcony / patio Separate living room Second bathroom Non-Smoking Hotel Free Wireless Internet access Cable / Satellite Television Free self parking Free Wireless Internet access (inroom) Barbecue / Grill Flat screen TV (LCD  LED or Plasma TV) Stovetop / hob Shower Self Laundry Pets Not Allowed Kitchen Fridge Iron & Board Fan CD/DVD Player Garden,,10440 Kamehameha V Highway KaunakakaiHawaii 96478 ,96478,,
Hawaii,Kaunakakai,21.08114,-157.00365,Molokai Shores,5.0,"""Molokai Shores is set in Kaunakakai. It features a garden", pool views and free WiFi throughout the property.,,,,,
Hawaii,Kaunakakai,21.08149,-157.00367,Ka Hale Kealoha,5.0,"""Set in Kaunakakai in the Molokai region", Ka Hale Kealoha has a balcony and sea views. This oceanfront property features an outdoor swimming pool, barbecue facilities, a garden and free WiFi.,,,
Hawaii,Keaau,19.58172,-154.99769,Keaau Place,3.0,"""This adults-only", 100% solar-powered property features a studio with a covered patio and views of tropical gardens. The studio is within a 30-minute drive of the Hilo International Airport.,,,,,
Hawaii,Keaau,19.59935,-154.94085,Oceanfront Aloha House,5.0,"""Oceanfront Aloha House is set in Keaau", 20 km from Mauna Loa Macadamia Nut Factory & Visitors Center, and offers a patio, garden, and free WiFi. Boasting free private parking, the holiday home is in an area where guests can engage in activities such as hiking and fishing.,
Hawaii,Keaau,19.61462,-155.0372,Hale Ki'i Maka Manu,4.0,"""Located in Keaau", 12 km from University of Hawaii, Hilo, 14 km from The Pacific Tsunami Museum and 14 km from Lyman Museum & Mission House, Hale Kii Maka Manu home provides accommodation with a patio and free WiFi. Situated 7.7 km from Panaewa Rainforest Zoo, the property features a garden and free private parking.,
Hawaii,Keaau,19.61263,-154.94849,Hale Kai Home,5.0,"""Located in Keaau", 22 km from Lava Tree State Monument, Hale Kai provides accommodation with a garden, free WiFi and an ATM. The property features sea and garden views, and is 22 km from Panaewa Rainforest Zoo.,,
Hawaii,Keaau,19.59871,-154.94496,King's Fish House Estate,5.0,"""Featuring a sauna", Pua Lani is set in Keaau. This holiday home offers free private parking, an ATM and free WiFi.,,,,
Hawaii,Keaau,19.59738,-154.93895,Uli Kai The Deep Blue Sea,5.0,"""Set in Keaau", Uli Kai - The Deep Blue Sea home provides accommodation with a private pool. This property is 21 km from Mauna Loa Macadamia Nut Factory & Visitors Center.,,,,,
Hawaii,Keaau,19.55703,-155.01745,Hawaii Tropical Volcano mansion Sauna,5.0,"""Featuring a garden and a terrace", Hawaii Tropical Volcano mansion + Sauna features accommodation in Hilo with free WiFi and garden views. Boasting free private parking, the holiday home is in an area where guests can engage in activities such as hiking, fishing and canoeing.,,,
Hawaii,Keaau,19.55768,-154.96179,Anuenue Cottage,5.0,"""Tropical Anuenue Cottage is set in Keaau", 15 km from Lava Tree State Monument, and offers a patio, garden, and free WiFi. Featuring free private parking, the holiday home is in an area where guests can engage in activities such as hiking and fishing.,
Hawaii,Keaau,19.59535,-154.99434,Hale Ola Aina,5.0,"""Boasting a childrens playground and an ATM", Hale Ola Aina home is ideally situated in Keaau, 20 km from Lava Tree State Monument and 22 km from University of Hawaii, Hilo. The air-conditioned accommodation is 18 km from Panaewa Rainforest Zoo, and guests benefit from private parking available on site and free WiFi.,,
Hawaii,Keaau,19.56055,-154.9561,Maluhia Hale,5.0,"""Set in Hawaiian Paradise Park in the Hawaii Island region", Maluhia Hale home features a balcony. This holiday home offers free private parking, an ATM and free WiFi.,,,,
Hawaii,Keaau,19.56692,-154.96421,Hale O Makani,5.0,"""Located in Keaau in the Hawaii Island region", Hale O Makani home has a patio. This holiday home provides free private parking, an ATM and free WiFi.,,,,
Hawaii,Keaau,19.57988,-154.97225,Big Island Bali Hideaway,5.0,"""Situated in Keaau in the Hawaii Island region", Big Island Bali Hideaway home has a patio. This holiday home features free private parking, an ATM and free WiFi.,,,,
Hawaii,Keaau,19.58134,-154.96495,Peace Of Paradise,3.0,"""Located in Keaau", 20 km from Panaewa Rainforest Zoo, 24 km from University of Hawaii, Hilo and 26 km from The Pacific Tsunami Museum, Peace of Paradise cabin provides accommodation with a patio and free WiFi. Situated 18 km from Lava Tree State Monument, the property features a garden and free private parking.,
Hawaii,Kekaha,21.9679,-159.71536,Hale La,3.0,"""Featuring a garden with a barbecue", Hale La is a detached holiday home located in Kekaha. Waimea Canyon and Kokee Parks are nearby and the property boasts ocean views.,,,,,
Hawaii,Kihei,20.71761,-156.44504,Kihei Kai Nani,5.0,"""Situated in Kihei in the Hawaii region and Kamaole Beach reachable within 200 metres", Kihei Kai Nani features accommodation with free WiFi, BBQ facilities, an outdoor swimming pool and free private parking.,,,
Hawaii,Kihei,20.72002,-156.4447,Kihei Ali'i Kai,4.0,"""Set 800 metres from Kamaole Beach", Kihei Alii Kai by Coldwell Banker Island Vacations offers air-conditioned accommodation with a balcony and free WiFi.,,,,,
Hawaii,Kihei,20.71244,-156.44515,Kamaole Sands Resort,3.0,"""Located just across the street from Kamaole Beach Park III", these Kihei, Maui beachfront suites set on 15 acres of landscaped grounds with fish ponds and fountains feature fully-equipped kitchens.,,,,
Hawaii,Kihei,20.72568,-156.44681,Maui Vista Condos,3.0,"""Just 5 minutes walk from Kamaole Beach", this self-catering accommodation is located in Kihei, Hawaii.  A communal outdoor swimming pool and tennis courts are featured at Maui Vista Vacation Condo.,,,,
Hawaii,Kihei,20.72846,-156.44958,Shores of Maui by Asset Property Management,5.0,"""Shores Of Maui 224 is situated in Kihei", 300 metres from Kamaole Beach, 2.7 km from Keawakapu Beach, and 200 metres from Cove Park. The air-conditioned accommodation is 50 metres from Cove Beach, and guests benefit from private parking available on site and free WiFi.,,
Hawaii,Kihei,20.70929,-156.43717,Maui What a Wonderful World Bed & Breakfast,3.0,"""This Maui", Hawaii bed and breakfast is less than a mile from Kamaole Beach Park III and has views of the West Maui Mountains. Free Wi-Fi access is available.,,,,,
Hawaii,Kihei,20.71868,-156.44727,Kamaole Nalu Oceanfront Resort,5.0,"""Featuring a spa bath", Kamaole Nalu #504 is located in Kihei. This beachfront property offers access to a balcony.,,,,,
Hawaii,Kihei,20.78233,-156.46337,Kihei Beach Resort,5.0,"""Kihei Beach Resort 202 is set in Kihei", 100 metres from Mai Poina Beach, 1.9 km from Kalepolepo Beach, and 13 km from Wailea Emerald Course. The air-conditioned accommodation is a few steps from Maalaea Beach, and guests benefit from private parking available on site and free WiFi.,,
Hawaii,Kihei,20.7165,-156.4454,Kihei Akahi,5.0,"""Providing sea views and free WiFi", Kihei Akahi C-513 provides accommodation well located in Wailea, within a short distance of Kamaole Beach, Cove Beach and Keawakapu Beach.,,,
Hawaii,Kihei,20.75683,-156.45709,Leinaala,5.0,"""Set 3.6 km from Cove Park", 5 km from Kihei Regional Park and 1.1 km from Sanctuary Education Center Whale Watch Center, Leinaala 401 Condo features accommodation situated in Kihei. The property is 2.7 km from Kihei Town Center Shopping Center and 2.9 km from Kalama Park.,,,,
Hawaii,Kihei,20.71308,-156.44507,Maui Parkshore,5.0,"""Featuring an outdoor pool and sea views", Maui Parkshore 408 - Two Bedroom Condo is located in Wailea. This holiday home provides free private parking, a 24-hour front desk and free WiFi.,,,,
Hawaii,Kihei,20.76293,-156.45903,Menehune Shores Condominium,3.0,"""Located in Kihei", within 4.1 km of Cove Park, Menehune Shores - CRH offers accommodation with free WiFi and air conditioning. This apartment provides an outdoor swimming pool as well as barbecue facilities.,,,,
Hawaii,Kihei,20.70888,-156.44333,Maui Kamaole,5.0,"""Boasting air-conditioned accommodation with a balcony", Maui Kamaole B-205 is situated in Wailea. The property features sea views and is 400 metres from Kamaole Beach and 600 metres from Keawakapu Beach.,,,,,
Hawaii,Kihei,20.78592,-156.46736,Sugar Beach Resort,5.0,"""Offering free WiFi and sea views", Sugar Beach 120 Condo is an accommodation situated in Kihei, just a few steps from Maalaea Beach and 650 metres from Mai Poina Beach. The property is 8 km from Cove Park and 2.6 km from Sanctuary Education Center Whale Watch Center.,,,,
Hawaii,Kihei,20.72683,-156.44945,Wailea Inn,3.0,"""Located in Kihei", 100 metres from Cove Beach, Wailea Inn offers accommodation with free WiFi, a patio or a balcony and access to a garden and an outdoor pool.,,,
Hawaii,Kihei,20.76223,-156.45813,Koa Lagoon,4.0,"""Featuring self catering suites with balconies and panoramic views of the Pacific Ocean", this Kihei hotel is only 200 feet from the beach. Leisure facilities include an outdoor pool with a sun-lounger terrace.,,,,,
Hawaii,Kihei,20.77154,-156.45888,Nona Lani Cottages,4.0,"""Located in Kihei", Nona Lani Cottages offers accommodation with a balcony or a patio, free WiFi and flat-screen TV, as well as a garden and a terrace.,,,
Hawaii,Kihei,20.70156,-156.43254,Maui Meadows Guesthouse,5.0,"""Boasting a patio with pool views", an outdoor swimming pool and a bar, Maui Meadows Guesthouse can be found in Wailea, close to Mokapu Beach and 1.3 km from Keawakapu Beach. This holiday home features a private pool, a garden, barbecue facilities, free WiFi and free private parking.
Hawaii,Kihei,20.78423,-156.4651,Kihei Kai Oceanfront Condos,5.0,"""Located on the island of Maui", Kihei Kai Oceanfront Condos is 100% non-smoking. It is situated on Sugar Beach with oceanfront views and beach access. An outdoor pool with lounge chairs is provided. Free WiFi is available throughout the property.,,,,,
Hawaii,Kihei,20.75226,-156.45879,Villa Moana Maui,4.0,"""Situated in Kihei", Villa Moana Maui is steps away from the beach and features a spa bath. Free WiFi is provided throughout the property and free private parking is available on site.,,,,,
Hawaii,Kihei,20.70057,-156.42227,Hale Huanani Bed And Breakfast,5.0,"""Our B&B is in a very quiet", safe, residential neighborhood in south Maui where average rainfall is 12.5 inches per year.  We are a 5-minute drive to the closest beach (Keawakapu Beach) and a 5-minute drive to the most beautiful outdoor world-class shopping mall on Maui (The Shops at Wailea). Situated in Wailea, Hale Huanani B&B features accommodation with free WiFi and a garden with a terrace.,,,
Hawaii,Kihei,20.74628,-156.45705,Aloha Aku Inn & Suites,5.0,"""Set in Kihei", Aloha AKU - CoCoPalm 2 offers accommodation with free WiFi, air conditioning, free bikes and access to a garden with a year-round outdoor pool. Boasting free private parking, the apartment is in an area where guests can engage in activities such as hiking, golfing and snorkelling.,
Hawaii,Kihei,20.759798,-156.457837,Kauhale Makai,2.0,"""Kauhale Makai", meaning Village by the Sea' in Hawaiian, enjoys a fabulous oceanfront setting on a large parcel of land, creating a wide open space for games, morning walks and watching the colourful Maui Sunset. The property is located in central Kihei and is a short drive to shopping, dining, beaches and activities. It is located about 20 minutes from the airport and about 40 minutes from Lahaina.
Hawaii,Kihei,20.75925,-156.45803,Kauhale Makai by RedAwning,5.0,"""Within 1 km of Mai Poina Beach and 3.7 km of Cove Park", Kauhale Makai #330 provides free WiFi and an outdoor swimming pool. The property is 2.8 km from Kihei Town Center Shopping Center and 3 km from Kalama Park.,,,,,
Hawaii,Kihei,20.71288,-156.44427,Kamaole Sands by Island Oasis Realty,4.0,"""Situated in Wailea", near Kamaole Beach, Keawakapu Beach and Mokapu Beach, Kamaole Sands by Coldwell Banker Island Vacations features free WiFi.,,,
Hawaii,Kihei,20.71563,-156.44402,Maui Banyan By Kumulani Vacations,4.0,"""Set in Wailea", 200 metres from Kamaole Beach and 1.7 km from Cove Beach, Maui Banyan H205 by Coldwell Banker Island Vacations offers air-conditioned accommodation with a patio and free WiFi. Guests benefit from a balcony and a childrens playground.,,,,
Hawaii,Kihei,20.71913,-156.4476,Royal Mauian #410 Condo,5.0,"""Set in Kihei", less than 1 km from Cove Beach and 4 km from Kihei Regional Park, Royal Mauian #410 offers free WiFi and air conditioning. The property is 6 km from Kihei Town Center Shopping Center and 9 km from Sanctuary Education Center Whale Watch Center.,,,,
Hawaii,Kihei,20.71648,-156.44453,Kihei Akahi C 616 Condo,5.0,"""Complete with a tennis court", Kihei Akahi C-616 Condo is located in Wailea, 7 km from Makena Landing Beach Park and 9 km from Little Beach. Guests benefit from a balcony and a barbecue.,,,,
Hawaii,Kihei,20.71563,-156.44402,Maui Banyan Q409A,5.0,"""Located in Wailea", 1.4 km from Cove Beach and 8 km from Makena Landing Beach Park, Maui Banyan Q409A provides air-conditioned accommodation with a balcony and free WiFi. The property features sea and mountain views, and is 11 km from Molokini Island.,,,
Hawaii,Kihei,20.74625,-156.45704,Aloha Aku Honu 2,5.0,"""Set in Kihei", Aloha AKU - Honu 2 offers accommodation with free WiFi, air conditioning, free bikes and access to a garden with an outdoor pool. Featuring free private parking, the bed and breakfast is in an area where guests can engage in activities such as hiking, snorkelling and tennis.,
Hawaii,Kihei,20.70892,-156.4433,Maui Kamaole #A 201 Condo,5.0,"""Situated 6 km from Makena Landing Beach Park in Wailea", this apartment features free WiFi, a hot tub and a terrace with sea views. Guests benefit from balcony. Free private parking is available on site.,,,,
Hawaii,Kihei,20.74802,-156.45674,Apartment Kihei Garden Estates Maui,5.0,"""Set in Kihei", 2.3 km from Cove Beach and 2.6 km from Cove Park, Kihei Garden Estates C-108 offers air conditioning. The property is 1.9 km from Kalama Park and 2.3 km from Sanctuary Education Center Whale Watch Center.,,,,
Hawaii,Kihei,20.6955,-156.4424,Wailea Ekahi 47E Condo,5.0,"""Wailea Ekahi 40E features a balcony and is set in Wailea", within just 500 metres of Ulua Beach and 550 metres of Keawakapu Beach. The air-conditioned accommodation is 200 metres from Mokapu Beach, and guests benefit from complimentary WiFi and private parking available on site.,,,,
Hawaii,Kihei,20.70892,-156.4433,Maui Kamaole #F 207,5.0,"""Situated in Wailea", 2.2 km from Cove Beach and 7 km from Makena Landing Beach Park, Maui Kamaole #A-207 features accommodation with free WiFi, air conditioning and an outdoor swimming pool. The property is 13 km from Ahihi-Kinau Natural Area Reserve and 3.5 km from Wailea Tennis Club.,,,
Hawaii,Kihei,20.71761,-156.44504,Kihei Kai Nani Vacation Condos,5.0,"""Boasting garden views", Kihei Kai Nani Vacation One Bedroom Condos features accommodation with a balcony and a kettle, around 200 metres from Kamaole Beach. This beachfront property offers access to a terrace, tennis at the tennis court, free private parking and free WiFi.,,
Hawaii,Kihei,20.70385,-156.44791,Hale Hui Kai #301,5.0,"""Set in Kihei", 2.6 km from Cove Beach and 2.7 km from Cove Park, Hale Hui Kai #301 offers air conditioning. Situated on the beachfront, this property features a restaurant, a garden and a terrace.,,
Hawaii,Kihei,20.726,-156.4483,Maui Vista by Rentals Maui Inc.,5.0,"""Maui Vista 1116 features a balcony and is set in Kihei", within just 250 metres of Cove Beach and 200 metres of Cove Park. The air-conditioned accommodation is 150 metres from Kamaole Beach, and guests benefit from complimentary WiFi and private parking available on site.,,,,
Hawaii,Kihei,20.6847,-156.43235,Wailea Ekolu #1608 Condo,5.0,"""Located in Wailea", 1.8 km from Palauea Beach and 4.1 km from Makena Landing Beach Park, Wailea Ekolu #1608 offers free WiFi and air conditioning. The property is 7 km from Molokini Island and 10 km from Ahihi-Kinau Natural Area Reserve.,,,,
Hawaii,Kihei,20.71288,-156.44647,Kamaole Sands 3 404,5.0,"""Boasting an outdoor pool and sea views", Kamaole Sands 3-404 - Two Bedroom Condo is situated in Wailea. This holiday home features free private parking, a 24-hour front desk and free WiFi.,,,,
Hawaii,Kihei,20.69569,-156.43936,Wailea Ekahi #45 e Condo,5.0,"""Wailea Ekahi #45-E in Wailea features accommodation with free WiFi", 2.7 km from Palauea Beach, 5 km from Makena Landing Beach Park and 8 km from Molokini Island. The property is 11 km from Ahihi-Kinau Natural Area Reserve and 1 km from Wailea Shopping Village Shopping Center.,,,,
Hawaii,Kihei,20.72484,-156.44788,Pacific Shores #a 303 Condo,3.0,"""Situated in Kihei", 400 metres from Cove Beach and 400 metres from Cove Park, Pacific Shores #A-303 offers free WiFi and air conditioning. The holiday home is 5 km from Sanctuary Education Center Whale Watch Center.,,,,
Hawaii,Kihei,20.74676,-156.45645,Aloha Wai2,5.0,"""Boasting free bikes", an outdoor swimming pool, and a garden, Aloha WAI2 provides accommodation in Kihei with free WiFi and sea views. Featuring free private parking, the apartment is in an area where guests can engage in activities such as hiking, fishing and snorkelling.,
Hawaii,Kihei,20.71558,-156.44594,Maui Banyan H 407 Condo,5.0,"""Maui Banyan #H-407 in Wailea provides accommodation with free WiFi", 1.4 km from Cove Beach, 8 km from Makena Landing Beach Park and 11 km from Molokini Island. This holiday home is 4.1 km from Wailea Tennis Club and 3.4 km from Mokapu Beach Park.,,,,
Hawaii,Kihei,20.72487,-156.44632,Pacific Shores A211 Condo,4.0,"""Set in Kihei", within 250 metres of Kamaole Beach and 450 metres of Cove Beach, Pacific Shores- A211 by Coldwell Banker Island Vacations offers accommodation with free WiFi, air conditioning and a restaurant. Guests staying at this holiday home have access to a patio.,,,
Hawaii,Kihei,20.7155,-156.4442,Maui Banyan Q109 Condo,5.0,"""Featuring sea views", Maui Banyan F-201 provides accommodation with a garden and a balcony, around 200 metres from Kamaole Beach. Guests staying at this apartment have access to free WiFi and a patio.,,,,
Hawaii,Kihei,20.70892,-156.4433,Maui Kamaole #j 210 Condo,5.0,"""Located in Wailea", 2.2 km from Cove Beach and 6 km from Makena Landing Beach Park, Maui Kamaole #G-201 offers free WiFi and air conditioning. The property is 11 km from Ahihi-Kinau Natural Area Reserve and 2.3 km from Wailea Tennis Club.,,,,
Hawaii,Kihei,20.71997,-156.44535,Beautiful Condo with Ocean Views,5.0,"""Beautiful 1 Bedroom Condo with Ocean Views is an apartment located in Kihei", 1 km from Cove Park. Kamaole I Beach Park is just 150 metres away. It features free WiFi and free guest parking.,,,,,
Hawaii,Kihei,20.71553,-156.44415,Maui Banyan P 403,5.0,"""Set in Wailea", 1.4 km from Cove Beach and 8 km from Makena Landing Beach Park, Maui Banyan P-403 - Two Bedroom offers air conditioning. The property has sea views and is 11 km from Molokini Island and 3.1 km from Shops at Wailea.,,,,
Hawaii,Kihei,20.690367,-156.437438,Upscale Condo with Pool,4.0,"""The Grand Champions complex has two swimming pools and the Wailea tennis club and golf courses are minutes away. It is conveniently located near Mokapu", Ulua and Wailea Beach Parks. The nearby Shops at Wailea provide world-class dining and shopping experiences.,,,,,
Hawaii,Kihei,20.74622,-156.45703,Aloha AKU Bamboo 2,5.0,"""Aloha AKU - Bamboo 2 is a beachfront property situated in Kihei", 2 km from Kalepolepo Beach and 2.1 km from Cove Beach. The air-conditioned accommodation is less than 1 km from Waipuilani Beach, and guests benefit from private parking available on site and free WiFi.,,,,
Hawaii,Kihei,20.74647,-156.4566,Aloha KAI2 Resort Condo,5.0,"""Boasting free bikes", an outdoor swimming pool, and a fitness centre, Aloha KAI - Resort Condo features accommodation in Kihei with free WiFi and sea views. Featuring free private parking, the apartment is in an area where guests can engage in activities such as hiking and cycling.,,
Hawaii,Kihei,20.7558,-156.45731,Maui Sunset #a 117 Condo,5.0,"""Situated in Kihei", 1.4 km from Mai Poina Beach and 3.3 km from Cove Park, Maui Sunset #A-117 features accommodation with free WiFi, air conditioning and an outdoor swimming pool. The property is 2.4 km from Kihei Town Center Shopping Center and 2.6 km from Kalama Park.,,,
Hawaii,Kihei,20.70385,-156.44791,Hale Hui Kai #112,5.0,"""Located on the beach in Kihei", Hale Hui Kai #112 offers an outdoor pool and direct access to a white sand beach. Upscale shopping, dining and golf in Wailea is 5 minutes drive away.,,,,
Hawaii,Kihei,20.7558,-156.45731,Maui Sunset #a 103 Condo,5.0,"""Maui Sunset #A-103 offers accommodation in Kihei", 3.2 km from Cove Park. Guests benefit from free WiFi and private parking available on site.,,,,,
Hawaii,Kihei,20.69048,-156.43634,Grand Champions #48 Condo,5.0,"""Set 3.8 km from Makena Landing Beach Park in Wailea", this apartment features free WiFi and a terrace. Guests benefit from balcony. Free private parking is available on site.,,,,,
Hawaii,Kihei,20.74667,-156.45665,Condo in Kihei with Ocean Views,5.0,"""Situated in Kihei", within 2.2 km of Cove Beach and 2.5 km of Cove Park, Beautiful 2 Bedroom Condo with Panoramic Ocean Views, Oceanfront offers accommodation with free WiFi, air conditioning, an outdoor swimming pool and a garden. This beachfront property offers access to a terrace and free private parking.,
Hawaii,Kihei,20.74757,-156.45369,Waiohuli Beach Hale #C 113,3.0,,,,50 E Lipoa St  ,96753,8887332964,
Hawaii,Kihei,20.69378,-156.42619,Pulelehua Nani,5.0,"""Welome to Maui!  I have enjoyed Maui for over 20 years and really appreciate its unique and diverse characteristics.  The people are wonderful and friendly.  The sun shines everyday.  The trade-winds are such a treat.  The beaches are the best.  The food is so fresh.  The views are endless! Located in Wailea", Pulelehua Nani offers a patio with pool and garden views, as well as an outdoor pool, spa centre and hot tub. This holiday home features a private pool, a garden, barbecue facilities, free WiFi and free private parking.
Hawaii,Kihei,20.74672,-156.45645,Waiohuli Beach Hale #C 210 Condo,5.0,"""Set in Kihei", this air-conditioned apartment features a terrace. Waiohuli Beach Hale #C-210 boasts views of the sea and is 2.2 km from Cove Park. Free private parking is available on site.,,,,,
Hawaii,Kihei,20.75676,-156.45815,Central Kihei Remodeled Beachfront Condo,5.0,"""Located in Kihei", 1.3 km from Mai Poina Beach and 3.4 km from Cove Park, Central Kihei Remodeled Beachfront Condo offers a garden and air conditioning. This beachfront property offers access to a balcony, free private parking and free WiFi.,,,
Hawaii,Kihei,20.76339,-156.45814,Maui Tranquility,5.0,"""Featuring an outdoor swimming pool", a garden, and a terrace, Maui Tranquility features accommodation in Kihei with free WiFi and garden views. Boasting free private parking, the apartment is in an area where guests can engage in activities such as hiking, windsurfing and diving.,
Hawaii,Kihei,20.74708,-156.45639,Condo in Kihei,5.0,"""Located in Kihei", 2.2 km from Cove Beach and 2.5 km from Cove Park, Beautiful 1 Bedroom Condo with Ocean Views, Oceanfront offers air conditioning. This beachfront property offers access to a balcony, free private parking and free WiFi.,,
Hawaii,Kihei,20.74615,-156.45707,Aloha Aku Honu 1,5.0,"""Located in Kihei", Aloha AKU - Honu 1 provides accommodation with free WiFi, air conditioning, free bikes and access to a garden with an outdoor pool. Boasting free private parking, the apartment is in an area where guests can engage in activities such as hiking, golfing and snorkelling.,
Hawaii,Kihei,20.74621,-156.45703,Aloha AKU Bamboo 1,5.0,"""Located in Kihei", Aloha AKU - Bamboo 1 provides accommodation with free WiFi, air conditioning, free bikes and access to a garden with a year-round outdoor pool. Featuring free private parking, the apartment is in an area where guests can engage in activities such as hiking and snorkelling.,,
Hawaii,Kihei,20.7463,-156.45709,Aloha Aku Cocopalm 1,5.0,"""Aloha AKU - CoCoPalm 1 is a beachfront property located in Kihei", 2 km from Kalepolepo Beach and 2.1 km from Cove Beach. The air-conditioned accommodation is less than 1 km from Waipuilani Beach, and guests benefit from complimentary WiFi and private parking available on site.,,,,
Hawaii,Kihei,20.74628,-156.45705,Aloha Aku Cocopalm 2,5.0,"""Set in Kihei", Aloha AKU - CoCoPalm 2 offers accommodation with free WiFi, air conditioning, free bikes and access to a garden with a year-round outdoor pool. Boasting free private parking, the apartment is in an area where guests can engage in activities such as hiking, golfing and snorkelling.,
Hawaii,Kihei,20.74628,-156.4569,Aloha Aku Ohana 2,5.0,"""Set in Kihei", Aloha AKU - Ohana 2 offers accommodation with free WiFi, air conditioning, free bikes and access to a garden with an outdoor pool. Featuring free private parking, the apartment is in an area where guests can engage in activities such as hiking, snorkelling and cycling.,
Hawaii,Kihei,20.7254,-156.4477,Maui Vista 1210 Condo,5.0,"""Set in Kihei", 80 metres from Kamaole Beach and 300 metres from Cove Beach, Maui Vista 1210 - 1 Bedroom, Renovated Condo, 3 Pools offers free WiFi and air conditioning. The property features pool and garden views, and is 2.7 km from Keawakapu Beach.,
Hawaii,Kihei,20.7629318237305,-156.459030151367,Menehune Shores CRH,5.0,,,,760 South Kihei Road  ,96753,,
Hawaii,Kihei,20.6958,-156.4396,Wailea Ekahi 46A Condo,5.0,"""Featuring a garden", an outdoor pool and garden views, Wailea Ekahi 46A - One Bedroom Condo is located in Wailea. This beachfront property offers access to a patio, ping-pong, free private parking and free WiFi.,,
Hawaii,Kihei,20.6954,-156.4425,Wailea Ekahi 52B Studio Condo,5.0,"""Situated in Wailea in the Hawaii region", Wailea Ekahi 52B, Charming Condo, Access to 4 Pools, Sleeps 4 has a patio and garden views. This beachfront property offers access to a balcony and free WiFi.,,
Hawaii,Kihei,20.69028,-156.4424,Wailea Elua #0302 Condo,4.0,"""Located in Wailea within 1.1 km of Ulua Beach and 1.1 km of Wailea Beach", Wailea Elua #0302 by Alii Resorts provides rooms with free WiFi. The property is around 1.3 km from Mokapu Beach, 2.9 km from Wailea Emerald Course and 31 km from Iao Valley State Park. Local points of interest like Front Street Lahaina and Wailea Blue Course are reachable within 45 km and 2.6 km, respectively.,,,
Hawaii,Kihei,20.70571,-156.44664,Kihei Surfside #612 Condo,4.0,"""Featuring 4-star accommodation", Kihei Surfside #612 by Alii Resorts is situated in Wailea, 800 metres from Mokapu Beach and less than 1 km from Kamaole Beach. This 4-star resort offers free WiFi. The property is non-smoking and is set 300 metres from Keawakapu Beach.,,,,
Hawaii,Kihei,20.71897,-156.44766,Royal Mauian #114,4.0,"""Located in Kihei", within a few steps of Kamaole Beach and 1.1 km of Cove Beach, Royal Mauian #114 by Alii Resorts provides accommodation with free WiFi. The property is set 2.1 km from Keawakapu Beach, 2.4 km from Mokapu Beach and 6.3 km from Wailea Emerald Course. Local points of interest like Lahaina Historic District and Front Street Lahaina are reachable within 42 km and 43 km, respectively.,,
Hawaii,Kihei,20.68561,-156.43422,Wailea Ekolu #914 Condo,4.0,"""Wailea Ekolu #914 by Alii Resorts features accommodation with free WiFi in Wailea", ideally situated 1.7 km from Ulua Beach and 1.9 km from Wailea Beach. The property is situated 31 km from Iao Valley State Park, 44 km from Lahaina Boat Harbor and 44 km from Lahaina Historic District. Front Street Lahaina is 44 km away and Wailea Gold Course is 1.4 km from the resort.,,,,
Hawaii,Kihei,20.69028,-156.4424,Wailea Elua #0202 Condo,4.0,"""Offering free WiFi", Wailea Elua #0202 by Alii Resorts offers accommodation in Wailea, 1.1 km from Ulua Beach and 1.1 km from Wailea Beach. The property is around 1.3 km from Mokapu Beach, 2.9 km from Wailea Emerald Course and 31 km from Iao Valley State Park. Local points of interest like Front Street Lahaina and Wailea Blue Course are reachable within 45 km and 2.6 km, respectively.,,
Hawaii,Kihei,20.69028,-156.4424,Wailea Elua #0909 Condo,4.0,"""Set in Wailea", within 1.1 km of Ulua Beach and 1.1 km of Wailea Beach, Wailea Elua #0909 by Alii Resorts offers free WiFi. The property is situated 1.3 km from Mokapu Beach, 2.9 km from Wailea Emerald Course and 31 km from Iao Valley State Park. The property is located 45 km from Front Street Lahaina and 2.6 km from Wailea Blue Course.,,,
Hawaii,Kihei,20.71379,-156.44445,Haleakala Shores #B 309 Condo,5.0,"""Situated in Wailea", within 8 km of Makena Landing Beach Park, Haleakala Shores #A-408 offers accommodation with air conditioning. This holiday home provides accommodation with free WiFi.,,,,
Hawaii,Kihei,20.74647,-156.4566,Aloha KAI Resort Condo,5.0,"""Situated in Kihei", Aloha KAI - Resort Condo features accommodation with free WiFi, air conditioning, free bikes and access to a garden with a year-round outdoor pool. Boasting free private parking, the apartment is in an area where guests can engage in activities such as hiking and cycling.,,
Hawaii,Kihei,20.6965,-156.42815,Hale Alana,5.0,"""Hale Alana is a detached holiday home with a garden", set in Kihei in the Maui Region. The property features views of the sea.,,,,,
Hawaii,Kihei,20.76308,-156.459,Menehune Shores #623 Condo,4.0,"""Located in Kihei", within a few steps of Waipuilani Beach and 300 metres of Kalepolepo Beach, Menehune Shores #623 by Alii Resorts provides accommodation with an outdoor swimming pool and free WiFi. The property is around 600 metres from Mai Poina Beach, 12 km from Wailea Emerald Course and 21 km from Iao Valley State Park. Local points of interest like Front Street Lahaina and Kapalua Plantation Course are reachable within 34 km and 50 km, respectively.,,
Hawaii,Kihei,20.7592,-156.458,Kauhale Makai #532,5.0,"""Located in Kihei", 1 km from Mai Poina Beach and 3.7 km from Cove Park, KAUHALE MAKAI #532 offers air conditioning. This holiday home is 2.8 km from Kihei Town Center Shopping Center and 3 km from Kalama Park.,,,,
Hawaii,Kihei,20.71661,-156.44369,Kihei Akahi D604,3.0,"""Kihei Akahi D604 condo in Wailea offers accommodation with free WiFi", 1.4 km from Cove Beach, 1.4 km from Keawakapu Beach and 8 km from Makena Landing Beach Park. Situated 300 metres from Kamaole Beach, the property features a garden and free private parking.,,,
Hawaii,Kihei,20.7303,-156.45127,Island Surf 402,5.0,"""Island Surf 402 condo is situated in Kihei", 300 metres from Cove Beach and 700 metres from Kamaole Beach, in an area where cycling can be enjoyed. This apartment features free private parking, an ATM and free WiFi.,,,
Hawaii,Kihei,20.71897,-156.44766,Royal Mauian #606 Condo,4.0,"""Situated in Kihei", within a few steps of Kamaole Beach and 1.1 km of Cove Beach, Royal Mauian #606 by Alii Resorts features free WiFi. The property is around 2.1 km from Keawakapu Beach, 2.4 km from Mokapu Beach and 6.3 km from Wailea Emerald Course. Lahaina Historic District is 42 km away and Front Street Lahaina is 43 km from the resort.,,,
Hawaii,Kihei,20.76308,-156.459,Menehune Shores 510,4.0,"""Offering free WiFi", Menehune Shores #510 by Alii Resorts offers accommodation in Kihei, a few steps from Waipuilani Beach and 300 metres from Kalepolepo Beach. The property is around 600 metres from Mai Poina Beach, 12 km from Wailea Emerald Course and 21 km from Iao Valley State Park. The property is set 34 km from Front Street Lahaina and 50 km from Kapalua Plantation Course.,,,
Hawaii,Kihei,20.75547,-156.45698,Aloha Mai2,5.0,"""Featuring an outdoor swimming pool", a fitness centre, and a garden, Aloha MAI2 features accommodation in Kihei with free WiFi and sea views. Situated 300 metres from Waipuilani Beach, the property provides a terrace and free private parking.,,
Hawaii,Kihei,20.7561,-156.4598,Maui Sunset B204,5.0,"""Boasting sea views", Maui Sunset B204 condo offers accommodation with a garden and a balcony, around a few steps from Waipuilani Beach. This apartment features free private parking, an ATM and free WiFi.,,,
Hawaii,Kihei,20.71551,-156.44428,Maui Banyan Q 203,5.0,"""Located in Wailea in the Hawaii region", with Kamaole Beach and Cove Beach nearby, Maui Banyan G203a provides accommodation with free WiFi and free private parking, as well as access to a hot tub.,,,
Hawaii,Kihei,20.71307,-156.44327,Kamaole Sands 3 405,5.0,"""Set in Wailea", within 1.7 km of Cove Beach and 7 km of Makena Landing Beach Park, Kamaole Sands 3-406 offers accommodation with free WiFi, air conditioning, an outdoor swimming pool and a garden. It is situated 10 km from Molokini Island and offers a 24-hour front desk.,,
Hawaii,Kihei,20.70385,-156.44791,Hale Hui Kai #203,5.0,"""Set a few steps from Keawakapu Beach", 700 metres from Mokapu Beach and less than 1 km from Kamaole Beach, Hale Hui Kai #203 features accommodation located in Kihei. Situated on the beachfront, this property features a restaurant, a garden and a terrace.,,
Hawaii,Kihei,20.70385,-156.44791,Hale Hui Kai #201,5.0,"""Situated in Kihei", 150 metres from Keawakapu Beach and 500 metres from Mokapu Beach, Hale Hui Kai #201 offers air conditioning. Set on the beachfront, this property features a restaurant, a garden and a terrace.,,
Hawaii,Kihei,20.78528,-156.46715,Sugar Beach Resort #414 Condo,4.0,"""Set in Kihei", within a few steps of Maalaea Beach and 800 metres of Mai Poina Beach, Sugar Beach Resort #414 by Alii Resorts offers accommodation with free WiFi. The property is located 2.5 km from Kalepolepo Beach, 3 km from Waipuilani Beach and 14 km from Wailea Emerald Course. Lahaina Historic District is 31 km away and Front Street Lahaina is 32 km from the resort.,,,
Hawaii,Kihei,20.72993,-156.45065,Island Surf 614,5.0,"""Island Surf 614 condo is set in Kihei", 600 metres from Kamaole Beach, 7.2 km from Wailea Emerald Course, as well as 25 km from Iao Valley State Park. The accommodation is 300 metres from the Cove Beach and has free WiFi throughout the property.,,,
Hawaii,Kihei,20.78528,-156.46715,Sugar Beach Resort #ph12,4.0,"""Featuring 4-star accommodation", Sugar Beach Resort #PH12 by Alii Resorts is set in Kihei, 800 metres from Mai Poina Beach and 2.5 km from Kalepolepo Beach. This 4-star resort offers free WiFi. The property is non-smoking and is situated a few steps from Maalaea Beach.,,,,
Hawaii,Kihei,20.78233,-156.46337,Kihei Beach Resort 202,5.0,"""Kihei Beach Resort 202 is set in Kihei", 100 metres from Mai Poina Beach, 1.9 km from Kalepolepo Beach, and 13 km from Wailea Emerald Course. The air-conditioned accommodation is a few steps from Maalaea Beach, and guests benefit from private parking available on site and free WiFi.,,
Hawaii,Kihei,20.78233,-156.46337,Kihei Beach #103,4.0,"""Offering sea views", Kihei Beach Resort 410 is an accommodation set in Kihei, 6 km from Cove Park and 8 km from Kihei Regional Park. The air-conditioned accommodation is 100 metres from Mai Poina Beach, and guests benefit from complimentary WiFi and private parking available on site.,,,
Hawaii,Kihei,20.78227,-156.46356,Kihei Beach #203,4.0,"""Featuring 4-star accommodation", Kihei Beach #203 by Alii Resorts is situated in Kihei, 100 metres from Mai Poina Beach and 1.9 km from Kalepolepo Beach. This 4-star resort offers free WiFi. The property is non-smoking and is located a few steps from Maalaea Beach.,,,,
Hawaii,Kihei,20.78227,-156.46356,Kihei Beach #403,4.0,"""Set in Kihei within a few steps of Maalaea Beach and 100 metres of Mai Poina Beach", Kihei Beach #403 by Alii Resorts offers rooms with free WiFi. The property is situated 1.9 km from Kalepolepo Beach, 2.4 km from Waipuilani Beach and 13 km from Wailea Emerald Course. Attractions in the area include Lahaina Historic District, 32 km away, or Front Street Lahaina, located 32 km from the property.,
Hawaii,Kihei,20.78378,-156.46454,Maalaea Surf #h 3,5.0,"""Located in Kihei", this air-conditioned apartment features a terrace. The apartment is 1.6 km from Kihei Beach Resort.,,,,,
Hawaii,Kihei,20.76308,-156.459,Menehune Shores #424,4.0,"""Offering free WiFi", Menehune Shores #218 by Alii Resorts is set in Kihei, a few steps from Waipuilani Beach and 300 metres from Kalepolepo Beach. The property is located 600 metres from Mai Poina Beach, 12 km from Wailea Emerald Course and 21 km from Iao Valley State Park. Attractions in the area include Front Street Lahaina, 34 km away, or Kapalua Plantation Course, situated 50 km from the property.
Hawaii,Kihei,20.7141,-156.44439,Kamaole Sands 8 205 Condo,5.0,"""Featuring an outdoor pool and sea views", Kamaole Sands 8-205 - Two Bedroom Condo is located in Wailea. This holiday home provides free private parking, a 24-hour front desk and free WiFi.,,,,
Hawaii,Kilauea,22.19233,-159.33242,Moloa'a Bay Villa,5.0,"""Located in Anahola", a few steps from Moloaa Beach and 22 km from Lydgate State Park, Moloaa Bay Villa offers air conditioning. This holiday home is 18 km from Makai Golf Course and 20 km from Princeville Golf Club Prince Course.,,,,
Hawaii,Kilauea,22.22234,-159.44262,Ka Hale Olu at Anini Beach,5.0,"""Ka Hale Olu at Anini Beach offers accommodation in Kilauea", 9 km from KIlauea Lighthouse. It is set 2.3 km from Kauapea Beach and offers free WiFi plus a concierge service.,,,,,
Hawaii,Kilauea,22.21626,-159.4341,Ikena Lani,5.0,"""Situated in Kalihiwai", Ikena Lani home features accommodation with a private pool and free WiFi. This holiday home provides accommodation with a patio.,,,,,
Hawaii,Kilauea,22.19233,-159.33242,Moloa'a Bay Villa and Cottage,5.0,"""Set in Anahola", a few steps from Moloaa Beach and 22 km from Lydgate State Park, Moloaa Bay Villa & Cottage offers air conditioning. It is located 34 km from Wailua Falls and offers an ATM.,,,,
Hawaii,Koloa,21.87567,-159.44647,Regency,5.0,"""Boasting air-conditioned accommodation with a balcony", Regency at Poipu Kai #914 is situated in Koloa. It is set less than 1 km from Shipwreck Beach and features an ATM.,,,,,
Hawaii,Koloa,21.87456,-159.44675,The Villas at Poipu Kai,,"""Poipu Beach Park is just a 12-minute walk from this Koloa resort", which offers a tropical outdoor pool, hot tub and fitness center. Its modern, spacious three to four-bedroom villas feature private balconies.,,,
Hawaii,Koloa,21.873992097206,-159.45144116879,Hale Pohaku Beachside Resort,3.0,HotelDescription#Further information about this hotel will be available shortly,NO Car park NO Connecting rooms NO Smoking rooms NO Garage NO Large pets allowed (over 5 kg) NO Disability-friendly bathroom NO Small pets allowed (under 5 kg) NO Wheelchair-accessible,,2225 - 2231 Pane Road 96756 KoloaHawaii ,96756,8082129749,http://www.vacationrental-kauai.com/
Hawaii,Koloa,21.87759,-159.46496,Poipu Kapili,5.0,"""Situated in Koloa", 2.6 km from Shipwreck Beach and 3.6 km from Prince Kuhio Park, Poipu Kapili 46 Condo features air-conditioned accommodation with a balcony and free WiFi. It is set 4.4 km from Spouting Horn and offers an ATM.,,,,
Hawaii,Koloa,21.87303,-159.44852,Hideaway Cove Poipu Beach,4.0,"""Situated on half an acre of tropical landscape on the island of Kauai", these individual Hawaii guest accommodations feature fully-equipped kitchens or kitchenettes and ocean and garden views.  The white sands of Poipu Beach are 5 minutes walk away.,,,,,
Hawaii,Koloa,21.88162,-159.46719,Waikomo Stream Villas Unit WS320,3.0,"""Located in the Poipu district of Koloa", Waikomo Stream Villas Unit WS320 provides accommodation with a private pool, free WiFi and a concierge service. Guests benefit from a balcony and an outdoor pool.,,,,
Hawaii,Koloa,21.8726,-159.44834,Nihi Kai Villas Unit #826,3.0,"""Situated in Koloa", within less than 1 km of Shipwreck Beach and 2.4 km of Prince Kuhio Park, Nihi Kai Villas Unit #826 offers accommodation with free WiFi, air conditioning, an outdoor swimming pool and a garden. This beachfront property offers access to a balcony and free private parking.,,
Hawaii,Koloa,21.8691,-159.44573,Poipu Makai D1 Oceanfront Priceless Views Sea Turtles,5.0,"""Poipu Makai D1 is an apartment located in Koloa", 1.6 km from Prince Kuhio Park. The apartment is 6 km from Spouting Horn.,,,,,
Hawaii,Koloa,21.88032,-159.46838,Nihi Kai Villas Unit #500,2.0,"""Set in Koloa", 3 km from Shipwreck Beach and 3.5 km from Spouting Horn, Nihi Kai Villas Unit #500 offers accommodation with free WiFi, air conditioning, an outdoor swimming pool and a tennis court. This holiday home has a private pool, a garden and free private parking.,
Hawaii,Koloa,21.8726,-159.44834,Nihi Kai Villas Unit #201,3.0,"""Situated 300 yards from Brennecke Beach and Poipu Beach State Park", Two-Bedroom Apartment Unit 201 at Nihi Kai Villas offers accommodation in Koloa.,,,,,
Hawaii,Koloa,21.8726,-159.44834,Nihi Kai Villas Unit #200,3.0,"""Two-Bedroom Apartment Unit 200 at Nihi Kai Villas offers a beachfront accommodation with views of the sea. Located in Kauai", it is 5 minutes walk to Poipu Beach.,,,,,
Hawaii,Koloa,21.8726,-159.44834,Nihi Kai Villas Unit #203,3.0,"""Two-Bedroom Apartment Unit 203 at Nihi Kai Villas offers a beachfront accommodation with views of the sea. Located in Kauai", it is 5 minutes walk to Poipu Beach.,,,,,
Hawaii,Koloa,21.8726,-159.44834,Nihi Kai Villas Unit #402,3.0,"""Located in Koloa", Two-Bedroom Apartment Unit 402 at Nihi Kai Villas offers a fully equipped kitchen and free WiFi. This accommodation is 1.5 km from Prince Kuhio Park.,,,,,
Hawaii,Koloa,21.8726,-159.44834,Nihi Kai Villas Unit #524,3.0,"""Situated 1.5 km from Prince Kuhio Park and 5 km from Spouting Horn Beach Park", Two-Bedroom Apartment Unit 524 at Nihi Kai Villas offers accommodation in Koloa.,,,,,
Hawaii,Koloa,21.8726,-159.44834,Nihi Kai Villas Unit #820,3.0,"""Situated 1.5 km from Prince Kuhio Park and 5 km from Spouting Horn Beach Park", Two-Bedroom Apartment Unit 820 at Nihi Kai Villas offers accommodation in Koloa.,,,,,
Hawaii,Koloa,21.8726,-159.44834,Nihi Kai Villas Unit #300,3.0,"""Located in Koloa", less than 1 km from Shipwreck Beach and 2.4 km from Prince Kuhio Park, Nihi Kai Villas Unit #300 offers an outdoor swimming pool and air conditioning. This apartment features a private pool, a garden, barbecue facilities, free WiFi and free private parking.,
Hawaii,Koloa,21.8726,-159.44834,Nihi Kai Villas Unit #401,3.0,"""In the Poipu district of Koloa", close to Shipwreck Beach, Nihi Kai Villas Unit #401 features a tennis court and a washing machine. This apartment has a private pool, a garden, barbecue facilities, free WiFi and free private parking.,
Hawaii,Koloa,21.8726,-159.44834,Nihi Kai Villas Unit #521,3.0,"""Set in Koloa", less than 1 km from Shipwreck Beach and 2.4 km from Prince Kuhio Park, Nihi Kai Villas Unit #521 offers accommodation with free WiFi, air conditioning, an outdoor swimming pool and a garden. This beachfront property offers access to a balcony and free private parking.,,
Hawaii,Koloa,21.8726,-159.44834,Nihi Kai Villas Unit #808,3.0,"""Located in Koloa", just less than 1 km from Shipwreck Beach, Nihi Kai Villas Unit #808 provides beachfront accommodation with an outdoor swimming pool, a garden, a tennis court and free WiFi. This apartment features free private parking and a concierge service.,,
Hawaii,Koloa,21.8726,-159.44834,Nihi Kai Villas Unit #703,3.0,"""Set in Koloa", less than 1 km from Shipwreck Beach and 2.4 km from Prince Kuhio Park, Nihi Kai Villas Unit #703 offers an outdoor swimming pool and air conditioning. This apartment has a private pool, a garden, barbecue facilities, free WiFi and free private parking.,
Hawaii,Koloa,21.8726,-159.44834,Nihi Kai Villas Unit #825,3.0,"""Located in Koloa", just less than 1 km from Shipwreck Beach, Nihi Kai Villas Unit #825 provides beachfront accommodation with an outdoor swimming pool, a garden, a tennis court and free WiFi. This property offers access to a balcony and free private parking.,,
Hawaii,Koloa,21.8726,-159.44834,Nihi Kai Villas Unit #700,3.0,"""Set in Koloa", just less than 1 km from Shipwreck Beach, Nihi Kai Villas Unit #700 offers beachfront accommodation with an outdoor swimming pool, a garden, a tennis court and free WiFi. This property offers access to a balcony and free private parking.,,
Hawaii,Koloa,21.8726,-159.44834,Nihi Kai Villas Unit #832,3.0,"""In the Poipu district of Koloa", close to Shipwreck Beach, Nihi Kai Villas Unit #832 has an outdoor swimming pool and a washing machine. This apartment features a private pool, a garden, barbecue facilities, free WiFi and free private parking.,
Hawaii,Koloa,21.8726,-159.44834,Nihi Kai Villas Unit #827,3.0,"""Located in Koloa", less than 1 km from Shipwreck Beach and 2.4 km from Prince Kuhio Park, Nihi Kai Villas Unit #827 provides accommodation with free WiFi, air conditioning, an outdoor swimming pool and a garden. Set 6 km from Spouting Horn, the property offers a tennis court and free private parking.,
Hawaii,Koloa,21.8726,-159.44834,Nihi Kai Villas Unit #421,3.0,"""In the Poipu district of Koloa", close to Shipwreck Beach, Nihi Kai Villas Unit #421 features a tennis court and a washing machine. This apartment has a private pool, a garden, barbecue facilities, free WiFi and free private parking.,
Hawaii,Koloa,21.8726,-159.44834,Nihi Kai Villas Unit #511,3.0,"""Located 300 yards from Poipu Beach Park snorkeling and surfing", Three-Bedroom Apartment at Nihi Kai Villas includes ocean views and free WiFi. An oceanfront heated outdoor pool is featured on the resort grounds.,,,,,
Hawaii,Koloa,21.8726,-159.44834,Nihi Kai Villas Unit #400,3.0,"""Situated in Koloa", less than 1 km from Shipwreck Beach and 2.4 km from Prince Kuhio Park, Nihi Kai Villas Unit #400 offers an outdoor swimming pool and air conditioning. This apartment has a private pool, a garden, barbecue facilities, free WiFi and free private parking.,
Hawaii,Koloa,21.8726,-159.44834,Nihi Kai Villas Unit #302,3.0,"""In the Poipu district of Koloa", close to Shipwreck Beach, Nihi Kai Villas Unit #302 has a tennis court and a washing machine. This apartment features a private pool, a garden, barbecue facilities, free WiFi and free private parking.,
Hawaii,Koloa,21.8726,-159.44834,Nihi Kai Villas Unit #202,3.0,"""In the Poipu district of Koloa", close to Shipwreck Beach, Nihi Kai Villas Unit #202 has an outdoor swimming pool and a washing machine. This apartment features a private pool, a garden, barbecue facilities, free WiFi and free private parking.,
Hawaii,Koloa,21.8726,-159.44834,Nihi Kai Villas Unit #831,3.0,"""Situated just 2.4 km from Prince Kuhio Park", Nihi Kai Villas Unit #831 features accommodation in Koloa with access to an outdoor swimming pool, a tennis court, as well as a concierge service. This apartment has a private pool, a garden, barbecue facilities, free WiFi and free private parking.
Hawaii,Koloa,21.8726,-159.44834,Nihi Kai Villas Unit #803,3.0,"""Offering an oceanfront heated swimming pool", Nihi Kai Villas Unit #803 is located just 480 meters from Poipu Beach Park. Free WiFi is available.,,,,,
Hawaii,Koloa,21.8726,-159.44834,Nihi Kai Villas Unit #504,3.0,"""Set in Koloa", within less than 1 km of Shipwreck Beach and 2.4 km of Prince Kuhio Park, Nihi Kai Villas Unit #504 offers accommodation with free WiFi, air conditioning, an outdoor swimming pool and a garden. This beachfront property offers access to a balcony and free private parking.,,
Hawaii,Koloa,21.8726,-159.44834,Nihi Kai Villas Unit #823,3.0,"""Situated in Koloa", just less than 1 km from Shipwreck Beach, Nihi Kai Villas Unit #823 features beachfront accommodation with an outdoor swimming pool, a garden, a tennis court and free WiFi. This property offers access to a balcony and free private parking.,,
Hawaii,Koloa,21.8726,-159.44834,Nihi Kai Villas Unit #822,3.0,"""Set in Koloa", just less than 1 km from Shipwreck Beach, Nihi Kai Villas Unit #822 offers beachfront accommodation with an outdoor swimming pool, a garden, a tennis court and free WiFi. This property offers access to a balcony and free private parking.,,
Hawaii,Koloa,21.8726,-159.44834,Nihi Kai Villas Unit #600,3.0,"""Nihi Kai Villas Unit #600 is located in the Poipu district of Koloa", less than 1 km from Shipwreck Beach, 2.4 km from Prince Kuhio Park and 6 km from Spouting Horn. This beachfront property offers access to tennis at the tennis court, free private parking and free WiFi.,,,
Hawaii,Koloa,21.8726,-159.44834,Nihi Kai Villas Unit #807,3.0,"""One-Bedroom One-Bathroom Apartment Unit 807 at Nihi Kai Villas offers accommodation in Koloa", just 275 meters from Poipu Beach State Park. A heated oceanfront pool is featured.,,,,,
Hawaii,Koloa,21.8726,-159.44834,Nihi Kai Villas Unit #503,3.0,"""In the Poipu district of Koloa", close to Shipwreck Beach, Nihi Kai Villas Unit #503 features a tennis court and a washing machine. This apartment has a private pool, a garden, barbecue facilities, free WiFi and free private parking.,
Hawaii,Koloa,21.8726,-159.44834,Nihi Kai Villas Unit #505,3.0,"""In the Poipu district of Koloa", close to Shipwreck Beach, Nihi Kai Villas Unit #505 features a tennis court and a washing machine. This apartment has a private pool, a garden, barbecue facilities, free WiFi and free private parking.,
Hawaii,Koloa,21.8726,-159.44834,Nihi Kai Villas Unit #509,3.0,"""Located in Koloa", within less than 1 km of Shipwreck Beach and 2.4 km of Prince Kuhio Park, Nihi Kai Villas Unit #509 offers accommodation with free WiFi, air conditioning, an outdoor swimming pool and a garden. This beachfront property offers access to a balcony and free private parking.,,
Hawaii,Koloa,21.87102,-159.44459,Mele Kai at Poipu Ocean view,5.0,"""Situated in Koloa", Mele Kai at Poipu, Ocean-View is 1.3 km from Prince Kuhio Park. Spouting Horn is 6 km from the property.,,,,
Hawaii,Koloa,21.87161,-159.44482,Orchid House,5.0,"""Orchid House is a detached holiday home with a 180-degree view of the Pacific Ocean from the terrace", situated in Koloa. Guests benefit from balcony and are walking distance to Poipu Beach.,,,,,
Hawaii,Koloa,21.87479,-159.45096,Hale Kahanalu 4,5.0,"""Offering free WiFi and free private parking", Hale Kahanalu 4 is located in Koloa, within just 200 metres of Brenneckes Beach. The property is 30 km from Wailua Falls and 31 km from Lydgate State Park.,,,,
Hawaii,Koloa,21.87425,-159.4517,Hale Pua Villa Hibiscus Suite,5.0,"""Hale Pua Villa - Hibiscus Suite features a patio and is situated in Koloa", within just 100 metres of Brenneckes Beach and 400 metres of Poipu Beach. This holiday home has a garden, barbecue facilities, free WiFi and free private parking.,,,
Hawaii,Koloa,21.87428,-159.45168,Hale Pua Villa Breakers,5.0,"""Featuring sea views", Hale Pua Villa - Breakers provides accommodation with a patio and a coffee machine, around 2.6 km from Prince Kuhio Park. The air-conditioned accommodation is 1.2 km from Shipwreck Beach, and guests benefit from private parking available on site and free WiFi.,,,
Hawaii,Koloa,21.8726,-159.44834,Nihi Kai Villas #704,5.0,"""Located in Koloa", within less than 1 km of Shipwreck Beach and 2.4 km of Prince Kuhio Park, Nihi Kai Villas Unit #101 offers accommodation with free WiFi, air conditioning, an outdoor swimming pool and a garden. This property offers access to a balcony and free private parking.,,
Hawaii,Koloa,21.89792,-159.4657,Waikomo Stream Villas Unit WS433,5.0,"""Featuring garden views", Waikomo Stream Villas Unit WS433 provides accommodation with an outdoor swimming pool and a balcony, around 2.5 km from Kiahuna Beach. This apartment has a garden, barbecue facilities, free WiFi and free private parking.,,
Hawaii,Koloa,21.87409,-159.44831,Poipu Manualoha 804 Gardenview 2BR 2BA,5.0,"""Boasting a terrace and an ATM", Manualoha 804 is ideally set in Poipu district of Koloa, 700 metres from Poipu Beach and 1 km from Shipwreck Beach. The air-conditioned accommodation is 400 metres from Brenneckes Beach, and guests benefit from private parking available on site and free WiFi.,,,
Hawaii,Koloa,21.87407,-159.45208,Hale Pua Villa Seaside Studio,5.0,"""Located in Koloa in the Hawaii region", Hale Pua Villa - Seaside Studio features a patio and mountain views. The air-conditioned accommodation is 70 metres from Brenneckes Beach, and guests benefit from complimentary WiFi and private parking available on site.,,,,
Hawaii,Koloa,21.88183,-159.4677,Waikomo Stream Villas Unit #331,3.0,"""Featuring garden views", Waikomo Stream Villas Unit #331 features accommodation with barbecue facilities and a balcony, around 3.5 km from Prince Kuhio Park. Located 2 km from Brenneckes Beach, the property provides an outdoor swimming pool and free private parking.,,,
Hawaii,Koloa,21.8726,-159.44834,Nihi Kai Villas Unit #101,5.0,"""Located in Koloa", within less than 1 km of Shipwreck Beach and 2.4 km of Prince Kuhio Park, Nihi Kai Villas Unit #101 offers accommodation with free WiFi, air conditioning, an outdoor swimming pool and a garden. This property offers access to a balcony and free private parking.,,
Hawaii,Koloa,21.88089,-159.47477,Kuhio Shores 410 Ocean Front 2BR,5.0,"""Set 400 metres from Baby Beach and 1.9 km from Kiahuna Beach", Kuhio Shores 410 in Koloa offers air-conditioned accommodation with views of the sea and free WiFi.,,,,,
Hawaii,Koloa,21.86971,-159.44625,Poipu Makai A3 Loft Oceanfront White Water View 2BR,5.0,"""In the Poipu district of Koloa", close to Brenneckes Beach, Poipu Makai A3 features free WiFi and a washing machine. This apartment is 29 km from Wailua Falls and 30 km from Lydgate State Park.,,,,
Hawaii,Koloa,21.87446,-159.45152,Hale Kahana'lu,5.0,"""Hale Kahanalu condo is set in the Poipu district of Koloa", 400 metres from Poipu Beach, less than 1 km from Kiahuna Beach and 30 km from Wailua Falls. The accommodation is 200 metres from Brenneckes Beach, and guests benefit from complimentary WiFi and private parking available on site.,,,
Hawaii,Koloa,21.88461,-159.45782,Pili Mai 8d,5.0,"""Situated in Koloa", 1.5 km from Kiahuna Beach and 2.2 km from Brenneckes Beach, Pili Mai Condominiums by HI features accommodation with free WiFi, air conditioning, an outdoor swimming pool and a garden.,,
Hawaii,Koloa,21.8726,-159.44834,Nihi Kai Villas Unit #508,3.0,"""Situated in Koloa", 250 metres from Brenneckes Beach and 550 metres from Poipu Beach, Nihi Kai Villas Unit #508 features accommodation with free WiFi, air conditioning, an outdoor swimming pool and a terrace. This apartment features a private pool, a garden and free private parking.,
Hawaii,Lahaina,20.92205,-156.69047,Kaanapali Royal,5.0,"""Kaanapali Royal F303 is located in Lahaina", 1.4 km from Kaanapali Beach and 2.6 km from Hanakaoo Beach Park, in an area where cycling can be enjoyed. It is set 1.3 km from Alii Kahekili Beach and offers free WiFi plus an ATM.,,,,
Hawaii,Lahaina,20.97264,-156.6793,Hololani Oceanfront Condominiums,5.0,"""Located in Kahana", within 600 metres of Pohaku Park Beach and 1.2 km of Kaopala Beach, Hololani Condominiums by TS offers accommodation with free WiFi, air conditioning, an outdoor swimming pool and a private beach area. This apartment features a private pool, a garden and free private parking.,
Hawaii,Lahaina,20.96138,-156.68349,The Kuleana,5.0,"""Located in Kahana", 600 metres from Pohaku Park Beach and 800 metres from Honokowai Beach Park, Kuleana Resort 416 offers air conditioning. This holiday home is 10 km from Front Street Lahaina and 11 km from Lahaina Boat Harbor.,,,,
Hawaii,Lahaina,20.99512,-156.666,Hale Napili,5.0,"""Just 3 miles from Kapalua-West Maui Airport", this Lahaina guest accommodation features ocean views. A Shuffleboard court offers outdoor fun.  Each suite and studio features a fully equipped kitchen.,,,,,
Hawaii,Lahaina,20.89806,-156.68313,The Guest House,3.0,"""The Guest House is an adults-only accommodation in Lahaina and is 1 block from Wahikuli Park. The property offers a 24-hour salt water pool a DVD library", and snorkeling and beach gear. The upper sun deck is a perfect place to see sunset or sunrise with a 360 degree view of the ocean, the West Maui Mountains, and the islands of Molokai and Lanai.,,,
Hawaii,Lahaina,20.9936,-156.66704,Napili Surf Beach Resort,3.0,"""This beachfront Maui resort is just a 12-minute walk to Napili Market.  It features 2 outdoor pools", on-site snorkeling and shuffleboard courts.  Spacious guest rooms offer fully equipped kitchens and free Wi-Fi.,,,,,
Hawaii,Lahaina,20.87585,-156.67832,The Plantation Inn,3.0,"""Steps from the shops and restaurants of Front Street and the waterfront", this bed & breakfast inn in Lahaina, Hawaii offers a free breakfast that may be enjoyed every morning on the veranda, lounge, or garden area.,,
Hawaii,Lahaina,20.84988,-156.63782,Ho oilo House,4.0,"""Situated in Lahaina", Hooilo House features accommodation with a year-round outdoor pool, free WiFi, a shared lounge and a garden. Private parking is available on site.,,,
Hawaii,Lahaina,20.89942,-156.68221,Maui Garden Oasis,4.0,"""Set in Lahaina", 2.6 km from Front Street Lahaina, Maui Garden Oasis features a barbecue facility and a lush garden. The property is located 2.7 km from Lahaina Historic District. Guests can enjoy sea views.,,,,
Hawaii,Lahaina,20.86554,-156.67271,Old Lahaina House,3.0,"""Located 2 minutes walk from Mauis scenic coastline", Old Lahaina House-Walk to town & beach! features an outdoor pool, a kitchen, and BBQ facilities. All guest rooms include air conditioning.,,,
Hawaii,Lahaina,20.95694,-156.68545,The Kulakane,5.0,"""Boasting a swimming pool", a garden, a terrace and views of the pool, The Kulakane #112 is set in Lahaina and offers accommodation with free WiFi.,,,
Hawaii,Lahaina,20.995463,-156.665207,The Mauian Boutique Beach Studios on Napili Bay,3.0,"""<p>HeadLine : Near Napili Bay</p><p>Location : With a stay at The Mauian - Boutique Beach Studios on Napili Bay in Lahaina (Napili)", you ll be within a 15-minute drive of Kaanapali Beach and Napili Bay.  This beach hotel is 6.1 mi (9.8 km) from Whalers Village and 9.7 mi (15.6 km) from Lahaina Harbor.</p><p>Rooms : Make yourself at home in one of the 44 air-conditioned rooms featuring microwaves. Rooms have private lanais. Complimentary wireless Internet access is available to keep you connected. Private bathrooms with showers feature complimentary toiletries and hair dryers.</p><p>CheckIn Instructions : <ul>  <li>Extra-person charges may apply and vary depending on property policy</li><li>Government-issued photo identification and a credit card, debit card, or cash deposit may be required at check-in for incidental charges</li><li>Special requests are subject to availability upon check-in and may incur additional charges; special requests cannot be guaranteed</li><li>The name on the credit card used at check-in to pay for incidentals must be the primary name on the guestroom reservation</li><li>Tax ID - 0502364160-01</li><li>This property accepts credit cards; cash is not accepted</li>  </ul></p><p>Special Instructions : The front desk is open during the following times:<ul><li>Monday - Sunday: 8:30 AM - 4:30 PM</li></ul> If you arrive at the property after hours, you ll need to check in at an alternate location: Night Security on dutyTo make arrangements for check-in please contact the property at least 24 hours before arrival using the information on the booking confirmation. Guests will be asked to provide the property with a copy of their government-issued photo ID before arrival. ,,
Hawaii,Lahaina,20.85963,-156.66872,Puamana Townhomes,5.0,"""Puamana Townhouse 64-1 is located in a central area of Lahaina", just 2.2 km from Lahaina Boat Harbor and 2.5 km from Lahaina Historic District. The accommodation is 2.8 km from the Front Street Lahaina and has free WiFi.,,,,,
Hawaii,Lahaina,20.89173,-156.68517,Lahaina Oceanfront Estate,4.0,"""This oceanfront property features a fully equipped kitchen", a heart shaped pool, ocean and mountain views. Kelawea Mauka III Park is a 5-minute drive from the property.,,,,
Hawaii,Lahaina,20.86929,-156.67643,Tiki Beach Hostel,3.0,"""Built around a Tiki Garden", this unique boutique hostel features free hiking, snorkeling, and beach tours. It is located at the beach in Lahaina.  It offers shared accommodation with free WiFi.,,,
Hawaii,Lahaina,20.86911,-156.67632,The Lahaina Beach House,2.0,"""Featuring free WiFi and a sun terrace", The Lahaina Beach House offers accommodation in Lahaina. Free private parking is available on site.,,,,,
Hawaii,Lahaina,21.00166,-156.66323,Kapalua Bay Villas,5.0,"""Featuring a spa bath", Kapalua Bay Villa 29B3 is located in Kahana. The air-conditioned accommodation is 300 metres from Oneloa Bay Beach, and guests benefit from private parking available on site and free WiFi.,,,,
Hawaii,Lahaina,20.95348,-156.6876,Maui Sands,3.0,,,,3559 Lower Honoapiilani Road LahainaHawaii 96761 ,96761,,https://www.mauisandscondos.com/
Hawaii,Lahaina,20.86895,-156.67616,Hakuna Matata,4.0,"""Facing the beachfront", Hakuna Matata Maui Hostel offers 4-star accommodation in Lahaina and has free bikes, garden and private beach area. This 4-star hostel offers a shared kitchen. The property is 1.1 km from the city centre and a few steps from Kamehameha Iki Park Beach.,,,,
Hawaii,Lahaina,20.95944,-156.68444,Lokelani Condominiums,5.0,"""Boasting free WiFi and fully equipped kitchens", Lokelani Condominiums is less than 10 metres from the beach and offers access to an outdoor swimming pool. The property is 4 km from Kaanapali Beach and 5.3 km from Kapalua Beach.,,,,,
Hawaii,Lahaina,20.95071,-156.68837,Papakea Ocean Front Resort,5.0,"""Complete with an outdoor swimming pool", a tennis court and barbecue facilities, Papakea #H401 is a top floor corner unit located in Lahaina, 3 km from Ka anapali Beach and 8 km from Front Street Lahaina. This apartment features a garden as well as free WiFi.,,,
Hawaii,Lahaina,20.97117,-156.67912,Valley Isle Resort by RedAwning,5.0,"""Situated in Lahaina", just 2.8 km from Napili Beach, Valley Isle Beach Front Resort features beachfront accommodation with an outdoor swimming pool, a garden, a private beach area and free WiFi. Featuring free private parking, the apartment is in an area where guests can engage in activities such as hiking, diving and fishing.
Hawaii,Lahaina,20.92274,-156.69321,The Whaler on Kaanapali Beach by Resortquest,,"""Set 600 metres from Kaanapali Beach", Aston at The Whaler on Kaanapali Beach offers air-conditioned accommodation with a balcony and free WiFi.,,,,,
Hawaii,Lahaina,20.97484,-156.67856,Kahana Reef 207 1 Bathroom Condo,5.0,"""Boasting an outdoor swimming pool", Kahana Reef #207 (Condo) is ideally set in Kahana district of Kahana, 2.4 km from Napili Beach. This apartment offers free private parking, a 24-hour front desk and free WiFi.,,,
Hawaii,Lahaina,20.97408,-156.67898,Hale Mala Hina 245 2 Br Condo,5.0,"""Set in Kahana", within 2.8 km of Napili Beach, Hale Mala Hina-245 Condo offers accommodation with free WiFi, air conditioning and a garden. Guests benefit from a patio and a childrens playground.,,,
Hawaii,Lahaina,20.9511,-156.6888,Papakea K306 1 Br Condo,5.0,"""Located in Kahana", just 1.9 km from Pohaku Park Beach, Papakea Condominium K306 Condo provides beachfront accommodation with a garden and free WiFi. With sea views, this accommodation features a patio.,,,
Hawaii,Lahaina,21.00189,-156.66325,Kapalua Bay Villas 15G4,5.0,"""Situated 32 km from Paia and 14 km from Lahaina", Kapalua Bay Villas 15G4 offers accommodation in Kapalua. The property is 42 km from Kula and features views of the sea.,,,,,
Hawaii,Lahaina,20.94554,-156.69005,Honua kai Konea 301 Frontline with BBQ,5.0,"""Featuring an outdoor swimming pool", a fitness centre, and a restaurant, Honua kai - Konea 301 Frontline with BBQ! provides accommodation in Kaanapali with free WiFi and sea views. This beachfront property offers access to a balcony.,,,
Hawaii,Lahaina,20.97125,-156.67935,Valley Isle Resort 309,5.0,"""Valley Isle Resort is set in the Kahana district of Kahana", 4.1 km from Kapalua Plantation Course and 12 km from Lahaina Historic District. Complimentary WiFi is offered throughout the property.,,,,,
Hawaii,Lahaina,20.92755,-156.69113,Maui Eldorado: Maui Condo J206,5.0,"""Located in Kaanapali", this air-conditioned apartment features a balcony. The unit is 33 km from Paia.,,,,,
Hawaii,Lahaina,20.95481,-156.68558,Lahaina Luxury Condos,5.0,"""Situated a few steps from Honokowai Beach Park", Lahaina Wonderful Condos offers an outdoor swimming pool, a garden and air-conditioned accommodation with a terrace and free WiFi.,,,,
Hawaii,Lahaina,20.87833,-156.6825,Papakea K 402 3 Br Condo,5.0,"""Featuring sea views", Papakea K-402 Condo provides accommodation with a patio and a coffee machine, around 300 metres from Front Street Lahaina. The air-conditioned accommodation is 2.7 km from Wahikuli State Beach, and guests benefit from complimentary WiFi and private parking available on site.,,,
Hawaii,Lahaina,20.98517,-156.6716,Kahana Sunset #F1 Home,5.0,"""Kahana Sunset #F1 Home is a holiday home is situated in Kahana and is 32 km from Paia. The property boasts views of the sea and is 12 km from Lahaina.",,,,,,
Hawaii,Lahaina,20.94554,-156.69009,Honua Kai 437 Condo,5.0,"""Situated in Kahana", just 2.5 km from Pohaku Park Beach, Honua Kai 437 Condo features beachfront accommodation with a garden and free WiFi. With sea views, this accommodation offers a patio.,,,
Hawaii,Lahaina,20.96887,-156.67965,Kahana Villas F401 1 Br Condo,5.0,"""Kahana Villas F401 Condo", a property with a garden, is set in Kahana, 1.8 km from Keonenui Beach. This property offers access to a patio.,,,
Hawaii,Lahaina,20.97139,-156.67928,Valley Isle 110 Condo,5.0,"""Situated in Kahana", just 2.8 km from Napili Beach, Valley Isle 110 Condo features beachfront accommodation with a garden and free WiFi. Guests benefit from a patio and a childrens playground.,,,,
Hawaii,Lahaina,20.92754,-156.69113,Eldorado L102 1 Br Condo,5.0,"""In the Kaanapali Beach Resort district of Lahaina", close to Whalers Village Shopping Center, Eldorado L102 Condo features free WiFi and a washing machine. Guests have a private patio.,,,,
Hawaii,Lahaina,20.94995,-156.6,Kaanapali Shores Studio #642,5.0,"""Located in Lahaina in the Hawaii region", Kaanapali Shores Studio #642 has a balcony. It features a garden, sea views and free WiFi throughout the property.,,,,
Hawaii,Lahaina,20.94554,-156.69008,Honua Kai by KBM Hawaii Luxury Vacations,4.0,,,,130 Kai Malina Parkway  ,96761,8085683270,
Hawaii,Lahaina,20.958,-156.685,Kaleialoha 406 Condo,5.0,"""Featuring air-conditioned accommodation with a balcony", Kaleialoha 406 Condo is set in Kahana. It is situated 2.9 km from Kaopala Beach and offers an ATM.,,,,,
Hawaii,Lahaina,21.00217,-156.66331,Kapalua Bay Villa #24g3,5.0,"""Kapalua Bay Villa #24G3 Home is a holiday home set in Kapalua", 32 km from Paia. The property boasts views of the sea and is 14 km from Lahaina.,,,,,
Hawaii,Lahaina,20.85783,-156.66575,Puamana 175 2 Condo,5.0,"""Situated in the centre of Lahaina", 2.1 km from Launiupoko Beach and 2.5 km from Lahaina Boat Harbor, PuaMana 175-2 Condo offers free WiFi, a garden and air conditioning. Guests benefit from a patio and a childrens playground.,,,
Hawaii,Lahaina,20.94554,-156.69005,Honua by Harris Hawaii,5.0,"""Featuring a private pool and sea views", Honua Kai - Konea 501 is set in Lahaina. It is situated 2.5 km from Pohaku Park Beach and offers free WiFi plus an ATM.,,,,,
Hawaii,Lahaina,20.94663,-156.6917,Mahana Resort #616 1 Bathroom Condo,5.0,"""Set in Kaanapali in the Maui Region", this holiday home is 34 km from Paia. The property features views of the sea and is 8 km from Lahaina.,,,,,
Hawaii,Lahaina,20.93367,-156.68602,Kaanapali Plantation Condominiums,5.0,"""Located in Lahaina", this holiday home is situated 1.4 km from Ka anapali Beach. The property boasts views of the sea and is 6 km from Front Street Lahaina.,,,,,
Hawaii,Lahaina,20.94554,-156.69005,Honua Kai Hokulani 414,5.0,"""Boasting an outdoor swimming pool", a fitness centre, and a restaurant, Honua Kai - Hokulani 414 features accommodation in Lahaina with free WiFi and sea views. This beachfront property offers access to a balcony and free private parking.,,,
Hawaii,Lahaina,20.94994,-156.6,Kaanapali Shores 422,5.0,"""Set in Lahaina", Kaanapali Shores 422 features a private pool. Situated on the beachfront, this property has a garden and free WiFi.,,,,
Hawaii,Lahaina,20.92755,-156.69113,Maui Eldorado: Maui Condo B105 1 Bathroom Condo,5.0,"""Situated in Kaanapali", this air-conditioned apartment features a barbecue. The property boasts views of the garden is 33 km from Paia.,,,,,
Hawaii,Lahaina,20.94554,-156.69005,Honua Kai Konea 705,5.0,"""Located in Lahaina", Honua Kai - Konea 705 offers a balcony with sea and pool views, as well as a year-round outdoor pool, fitness centre and hot tub. Set on the beachfront, this property features a restaurant, barbecue facilities and free WiFi.,
Hawaii,Lahaina,20.9587,-156.6845,Hale Ono Loa 208,5.0,"""Hale Ono Loa #208 offers accommodation in Lahaina. The property boasts views of the sea and is 3.9 km from Ka anapali Beach.",,,,,,
Hawaii,Lahaina,20.97201,-156.67936,Oceanview Condo At Royal Kahana Resort,5.0,"""Boasting an outdoor swimming pool", a fitness centre, and a garden, Oceanview Condo at Royal Kahana Resort features accommodation in Kahana with free WiFi and mountain views. Private parking is available on site.,,,
Hawaii,Lahaina,20.94422,-156.69028,Konea 244 At Honua Kai,5.0,"""Featuring a fitness centre", a garden, and a terrace, Konea 244 at Honua Kai offers accommodation in Lahaina with free WiFi and sea views. Set on the beachfront, this property features a restaurant, a bar and barbecue facilities.,
Hawaii,Lahaina,20.96865,-156.67822,Kahana Villa E609,5.0,"""Featuring air conditioning", Kahana Villa E609 offers accommodation in Kahana. Paia is 33 km from the property.,,,,,
Hawaii,Lahaina,20.86721,-156.67509,305 Lahaina Shores Oceanfront Studio,5.0,"""305 Lahaina Shores Oceanfront Studio is located in the Historic Lahaina Front Street district of Lahaina", 1.7 km from Puamana Beach Park, 1.8 km from Puunoa Beach and 700 metres from Lahaina Boat Harbor. The air-conditioned accommodation is a few steps from Kamehameha Iki Park Beach, and guests benefit from private parking available on site and free WiFi.,,,
Hawaii,Lahaina,20.94677,-156.69168,It Doesnt get any Better Than Mahana Direct Ocean Front on N Kaananapali Beach,4.0,"""Located oceanfront in Lahaina", Hawaii, the Aston Mahana at Kaanapali features studios and suites with an ocean view balcony and fully equipped kitchen. Overlooking Kaanapali Beach, it offers an outdoor pool, hot tub and tennis court.,,
Hawaii,Lahaina,20.94661,-156.69175,Mahana At Kaanapali 511,5.0,"""Mahana at Kaanapali 511 is situated on the beachfront in Honokowai", 7.6 km from Kapalua Plantation Course and 9.2 km from Lahaina Historic District. Located around 9.3 km from Front Street Lahaina, the hotel with free WiFi is also 10 km away from Lahaina Boat Harbor. The property is non-smoking and is located 1 km from Honokowai Beach Park.,,,,
Hawaii,Lahaina,20.95554,-156.68558,Hale Kai 208,5.0,"""Hale Kai 208 Apartment offers accommodation in Honokowai", 33 km from Paia. Hale Kai 208 Apartment boasts views of the sea and is 9 km from Lahaina.,,,,,
Hawaii,Lahaina,20.97408,-156.679,Pohailani Maui 115,5.0,"""Pohailani Maui 115", a property with a garden, is set in Lahaina, 12 km from Lahaina Historic District, 12 km from Front Street Lahaina, as well as 13 km from Lahaina Boat Harbor. The air-conditioned accommodation is 2.5 km from Napili Beach, and guests benefit from private parking available on site and free WiFi.
Hawaii,Lahaina,20.99522,-156.66498,Napili Gardens 11,5.0,"""Featuring a spa bath", Residence at the Bay 11 is located in Kahana. The air-conditioned accommodation is 150 metres from Napili Beach, and guests benefit from private parking available on site and free WiFi.,,,,
Hawaii,Lahaina,20.97227,-156.67909,Royal Kahana Resort #612,5.0,"""Set just 2.7 km from Napili Beach", Royal Kahana Resort #612 offers accommodation in Kahana with access to a fitness centre, a terrace, as well as a concierge service. This property offers access to ping-pong.,,,
Hawaii,Lahaina,20.98495,-156.67172,Kahana Sunset E 11 Condo,5.0,"""Located in Kahana", just 1.1 km from Napili Beach, Kahana Sunset E 11 Condo provides beachfront accommodation with a garden and free WiFi. Guests benefit from a patio and a childrens playground.,,,,
Hawaii,Lahaina,21.00166,-156.66323,Kapalua Bay Villa 23g1,5.0,"""Boasting a spa bath", Kapalua Bay Villa 23G1 is set in Kahana. The air-conditioned accommodation is 2.3 km from Slaughterhouse Beach, and guests benefit from private parking available on site and free WiFi.,,,,
Hawaii,Lahaina,20.99863,-156.65827,Kapalua Golf Villa 24t4,5.0,"""Featuring air-conditioned accommodation with a balcony", Kapalua Golf Villa 24T4 is set in Kahana. The holiday home is 2.1 km from Slaughterhouse Beach.,,,,,
Hawaii,Lahaina,20.99863,-156.65827,Kapalua Golf Villas 24t8,5.0,"""Featuring a spa bath", Kapalua Golf Villas 24T8 is set in Kahana. The air-conditioned accommodation is 600 metres from Oneloa Bay Beach, and guests benefit from complimentary WiFi and private parking available on site.,,,,
Hawaii,Lahaina,21.00164,-156.66142,Kapalua Ridge Villa 1922,5.0,"""Kapalua Ridge Villa 1922 is situated in Kahana. The property has sea views.",,,,,,
Hawaii,Lahaina,21.00164,-156.66142,Kapalua Ridge Villa 2522,5.0,"""Kapalua Ridge Villa 2522 offers accommodation in Kahana", 2.2 km from Slaughterhouse Beach. This holiday home offers free private parking, an ATM and free WiFi.,,,,
Hawaii,Lahaina,20.99752,-156.666,Napili Lani 320,3.0,"""Featuring a spa bath", Napili Lani 320 is located in Kahana. The air-conditioned accommodation is 100 metres from Napili Beach, and guests benefit from private parking available on site and free WiFi.,,,,
Hawaii,Lahaina,20.97206,-156.67948,Treat Yourself to Maui Beautifully Updated Ocean View Studio W ac,5.0,"""Featuring sea views", Royal Kahana 405 provides accommodation with a balcony and a coffee machine, around 2.8 km from Napili Beach.,,,,
Hawaii,Lahaina,20.96299,-156.68338,Polynesian Shores 102,5.0,"""Boasting sea views", Polynesian Shores 102 is situated in Honokowai, around 2.7 km from Keonenui Beach. This beachfront property offers access to a patio and free WiFi.,,,,
Hawaii,Lahaina,20.95801,-156.685,Kaleialoha 205,5.0,"""Kaleialoha 205 offers accommodation in Honokowai. Kaleialoha 205 features views of the sea and is 33 km from Paia.",,,,,,
Hawaii,Lahaina,20.96182,-156.68346,Kuleana 310,5.0,"""Set 4.3 km from Ka anapali Beach in Lahaina", this apartment features a patio with sea views. The apartment is 10 km from Front Street Lahaina.,,,,,
Hawaii,Lahaina,20.89067,-156.6852,Lahaina Roads 309,5.0,"""Located 1.7 km from Front Street Lahaina", Lahaina Roads 309 offers accommodation in Lahaina. Guests benefit from terrace.,,,,,
Hawaii,Lahaina,20.92722,-156.69072,Maui Eldorado Resort D204,5.0,"""Situated in Lahaina", 1.8 km from Hanakaoo Beach Park and 7 km from Lahaina Historic District, Maui Eldorado Resort D204 offers air conditioning. It is located 7 km from Front Street Lahaina and features an ATM.,,,,
Hawaii,Laie,21.65013,-157.93169,Banana Bungalow in Laie North Shore Oahu,5.0,"""Offering a barbecue", Banana Bungalow in Laie, North Shore, Oahu, Hawaii is located in Laie, 1.8 km from Polynesian Cultural Center and LDS Laie Hawaii Temple. Brigham Young University Hawaii is 800 metres from the property.,
Hawaii, North Shore, Oahu in advance of your expected arrival time. You can use the Special Requests box when booking," or contact the property directly with the contact details provided in your confirmation.""",Car hire wifi Non-smoking throughout Free WiFi wifi available in all areas internet services Private parking Laundry Bikes available (free) invoice provided Golf course (within 3 km) Tennis Court BBQ facilities Fishing Windsurfing Air conditioning Non-smoking rooms Free parking Hiking kids' outdoor play equipment Parking On-site parking,,55 150 Poohaili Street  ,96762,,https://www.booking.com/hotel/us/banana-bungalow-in-laie-north-shore-oahu-hawaii.html,,,
Hawaii,Laie,21.6502,-157.93171,Laie Summer Home,5.0,"""Featuring a restaurant", free bikes, and a garden, Laie (North Shore Oahu) 4 Bedroom Summer Home provides accommodation in Laie with free WiFi and mountain views. Boasting free private parking, the holiday home is in an area where guests can engage in activities such as hiking and cycling.,,
Hawaii,Lihue,22.03569,-159.33695,Kaha Lani Resort #109 Ocean View Ground Floor,3.0,"""Situated in Wailua", Kaha Lani Resort #109, Ocean View, Ground Floor features accommodation with a private pool and sea views. This beachfront property offers access to free WiFi and free private parking.,,,
Hawaii,Lihue,22.03569,-159.33695,Kaha Lani Resort #121 Oceanfront Ground Floor,3.0,"""Located 26 km from Princeville", Kaha Lani Resort #121 offers accommodation in Wailua. Guests benefit from terrace.,,,,,
Hawaii,Lihue,22.03569,-159.33695,Kaha Lani Resort #218 Oceanfront 2 BR 2nd Floor,3.0,"""Located 26 km from Princeville", Kaha Lani Resort #218 offers accommodation in Wailua. Guests benefit from terrace.,,,,,
Hawaii,Lihue,21.95003,-159.36261,Na Hoa River Home,5.0,"""Situated in Niumalu", this holiday home features an outdoor pool. Guests benefit from terrace.,,,,,
Hawaii,Lihue,22.03569,-159.33695,Kaha Lani Resort #214 Ocean View 2nd Fl,3.0,"""Kaha Lani Resort #214 offers accommodation in Wailua", 26 km from Princeville. Guests benefit from terrace and an outdoor pool.,,,,,
Hawaii,Lihue,21.95865,-159.3479,Pali Kai Cottage A Ocean Bluff Marriott Resort,5.0,"""Pali Kai Cottage 17A offers accommodation in Nawiliwili", 33 km from Princeville. Guests benefit from terrace.,,,,,
Hawaii,Lihue,22.03569,-159.33695,Kaha Lani Resort #114,3.0,"""Located in Wailua", Kaha Lani Resort #114 is an apartment boasting an outdoor pool. The unit is 26 km from Princeville.,,,,,
Hawaii,Lihue,22.03569,-159.33695,Kaha Lani Resort #206 Ocean View 2nd Floor,3.0,"""Located 26 km from Princeville", Kaha Lani Resort #206 offers accommodation in Wailua. Guests benefit from terrace.,,,,,
Hawaii,Lihue,22.03569,-159.33695,Kaha Lani Resort #224,3.0,"""Kaha Lani Resort #224 offers accommodation in Wailua. Guests benefit from terrace.",,,,,,
Hawaii,Lihue,22.03569,-159.33695,Kaha Lani Resort #326 Oceanfront Top Floor,3.0,"""Located 26 km from Princeville", Kaha Lani Resort #326 offers accommodation in Wailua. Guests benefit from terrace and an outdoor pool.,,,,,
Hawaii,Lihue,21.95855,-159.35507,Banyan Harbor Resort #c33 Free Parking 2br 1.5ba,5.0,"""Situated 1 km from Niumalu Beach", 13 km from Wailua Falls and 800 metres from Nawiliwili Park, Banyan Harbor Resort #C33 - FREE PARKING - 2BR/1.5BA features accommodation located in Lihue. This property offers access to a balcony, free private parking and free WiFi.,,,
Hawaii,Lihue,21.95865,-159.3479,Pali Kai Studio 17b Oceanbluff View,5.0,"""Pali Kai Studio 17B", Oceanbluff View is a holiday home set in Lihue, 7 km from Wailua Falls. The air-conditioned unit is 900 metres from Nawiliwili Park.,,,,
Hawaii,Lihue,22.03569,-159.33695,Kaha Lani Resort #115 Ocean View Ground Floor,5.0,"""Situated in Wailua", this apartment is 26 km from Princeville. Guests benefit from terrace and an outdoor pool.,,,,,
Hawaii,Lihue,22.03569,-159.33695,Kaha Lani Resort #311 Ocean View 3rd Fl. End Unit,3.0,"""Kaha Lani Resort #311 offers accommodation in Wailua. Guests benefit from terrace and an outdoor pool.",,,,,,
Hawaii,Lihue,22.03569,-159.33695,Kaha Lani Resort #119 Oceanfront Ground Floor,3.0,"""Located 26 km from Princeville", Kaha Lani Resort #119 offers accommodation in Wailua. Guests benefit from terrace.,,,,,
Hawaii,Lihue,22.03569,-159.33695,Kaha Lani Resort #221 Oceanfront,3.0,"""Kaha Lani Resort #221", Oceanfront offers accommodation in Wailua. The unit is 26 km from Princeville.,,,,,
Hawaii,Makawao,20.86222,-156.31686,Banyan Tree Bed And Breakfast Retreat,4.0,"""Featuring an outdoor pool overlooking the ocean", this Makawao (Maui, Hawaii) B&B features a free breakfast. Free WiFi and a kitchenette are provided in all rooms. Hookipa Beach Park is 11 km away.,,,,
Hawaii,Makawao,20.87047,-156.33156,Peace Of Maui,5.0,"""Gods Peace of Maui is located just 5 minutes drive from the historic town of Makawao and 6 minutes drive from Paias beaches. It consists of private rooms and shared facilities. Free make-your-own light breakfast and WiFi are available. A hot tub and outside hang out area are available to guests.",,,,,,
Hawaii,Maui,20.92205,-156.69047,Kaanapali Royal,5.0,"""Kaanapali Royal F303 is located in Lahaina", 1.4 km from Kaanapali Beach and 2.6 km from Hanakaoo Beach Park, in an area where cycling can be enjoyed. It is set 1.3 km from Alii Kahekili Beach and offers free WiFi plus an ATM.,,,,
Hawaii,Maui,20.97264,-156.6793,Hololani Oceanfront Condominiums,5.0,"""Located in Kahana", within 600 metres of Pohaku Park Beach and 1.2 km of Kaopala Beach, Hololani Condominiums by TS offers accommodation with free WiFi, air conditioning, an outdoor swimming pool and a private beach area. This apartment features a private pool, a garden and free private parking.,
Hawaii,Maui,20.96138,-156.68349,The Kuleana,5.0,"""Located in Kahana", 600 metres from Pohaku Park Beach and 800 metres from Honokowai Beach Park, Kuleana Resort 416 offers air conditioning. This holiday home is 10 km from Front Street Lahaina and 11 km from Lahaina Boat Harbor.,,,,
Hawaii,Maui,20.99512,-156.666,Hale Napili,5.0,"""Just 3 miles from Kapalua-West Maui Airport", this Lahaina guest accommodation features ocean views. A Shuffleboard court offers outdoor fun.  Each suite and studio features a fully equipped kitchen.,,,,,
Hawaii,Maui,20.71761,-156.44504,Kihei Kai Nani,5.0,"""Situated in Kihei in the Hawaii region and Kamaole Beach reachable within 200 metres", Kihei Kai Nani features accommodation with free WiFi, BBQ facilities, an outdoor swimming pool and free private parking.,,,
Hawaii,Maui,20.72002,-156.4447,Kihei Ali'i Kai,4.0,"""Set 800 metres from Kamaole Beach", Kihei Alii Kai by Coldwell Banker Island Vacations offers air-conditioned accommodation with a balcony and free WiFi.,,,,,
Hawaii,Maui,20.92043,-156.32299,Haiku Inn,3.0,"""Built in the late 1860s the Inn was once home to the local plantation doctor and his family.  The home and the grounds still carry the vintage feel and the original architecture of old Hawaii.  Plantation era is about to come to an end here in the islands of Hawaii and Maui will be closing the last sugar plantation at the end of 2016.  ",,,,,,
Hawaii,Maui,20.86222,-156.31686,Banyan Tree Bed And Breakfast Retreat,4.0,"""Featuring an outdoor pool overlooking the ocean", this Makawao (Maui, Hawaii) B&B features a free breakfast. Free WiFi and a kitchenette are provided in all rooms. Hookipa Beach Park is 11 km away.,,,,
Hawaii,Maui,20.87047,-156.33156,Peace Of Maui,5.0,"""Gods Peace of Maui is located just 5 minutes drive from the historic town of Makawao and 6 minutes drive from Paias beaches. It consists of private rooms and shared facilities. Free make-your-own light breakfast and WiFi are available. A hot tub and outside hang out area are available to guests.",,,,,,
Hawaii,Maui,20.77804,-156.30802,Kula Lodge,5.0,"""With Iao Valley State Park reachable in 35 km", Kula Lodge offers accommodation, a restaurant, a garden, a terrace and a bar. Free WiFi is featured.,,
Hawaii,Maui,20.71244,-156.44515,Kamaole Sands Resort,3.0,"""Located just across the street from Kamaole Beach Park III", these Kihei, Maui beachfront suites set on 15 acres of landscaped grounds with fish ponds and fountains feature fully-equipped kitchens.,,,,
Hawaii,Maui,20.72568,-156.44681,Maui Vista Condos,3.0,"""Just 5 minutes walk from Kamaole Beach", this self-catering accommodation is located in Kihei, Hawaii.  A communal outdoor swimming pool and tennis courts are featured at Maui Vista Vacation Condo.,,,,
Hawaii,Maui,20.88565,-156.50108,Wailuku Guesthouse,5.0,"""Wailuku Guesthouse has an outdoor swimming pool", garden, a terrace and water sports facilities in Wailuku. Offering barbecue facilities, the property is located within 28 km of Wailea Emerald Course. The property is non-smoking and is set 5 km from Iao Valley State Park.,,,
Hawaii,Maui,20.72846,-156.44958,Shores of Maui by Asset Property Management,5.0,"""Shores Of Maui 224 is situated in Kihei", 300 metres from Kamaole Beach, 2.7 km from Keawakapu Beach, and 200 metres from Cove Park. The air-conditioned accommodation is 50 metres from Cove Beach, and guests benefit from private parking available on site and free WiFi.,,
Hawaii,Maui,20.70929,-156.43717,Maui What a Wonderful World Bed & Breakfast,3.0,"""This Maui", Hawaii bed and breakfast is less than a mile from Kamaole Beach Park III and has views of the West Maui Mountains. Free Wi-Fi access is available.,,,,,
Hawaii,Maui,20.89806,-156.68313,The Guest House,3.0,"""The Guest House is an adults-only accommodation in Lahaina and is 1 block from Wahikuli Park. The property offers a 24-hour salt water pool a DVD library", and snorkeling and beach gear. The upper sun deck is a perfect place to see sunset or sunrise with a 360 degree view of the ocean, the West Maui Mountains, and the islands of Molokai and Lanai.,,,
Hawaii,Maui,20.9936,-156.66704,Napili Surf Beach Resort,3.0,"""This beachfront Maui resort is just a 12-minute walk to Napili Market.  It features 2 outdoor pools", on-site snorkeling and shuffleboard courts.  Spacious guest rooms offer fully equipped kitchens and free Wi-Fi.,,,,,
Hawaii,Maui,20.87585,-156.67832,The Plantation Inn,3.0,"""Steps from the shops and restaurants of Front Street and the waterfront", this bed & breakfast inn in Lahaina, Hawaii offers a free breakfast that may be enjoyed every morning on the veranda, lounge, or garden area.,,
Hawaii,Maui,20.84988,-156.63782,Ho oilo House,4.0,"""Situated in Lahaina", Hooilo House features accommodation with a year-round outdoor pool, free WiFi, a shared lounge and a garden. Private parking is available on site.,,,
Hawaii,Maui,20.89942,-156.68221,Maui Garden Oasis,4.0,"""Set in Lahaina", 2.6 km from Front Street Lahaina, Maui Garden Oasis features a barbecue facility and a lush garden. The property is located 2.7 km from Lahaina Historic District. Guests can enjoy sea views.,,,,
Hawaii,Maui,20.71868,-156.44727,Kamaole Nalu Oceanfront Resort,5.0,"""Featuring a spa bath", Kamaole Nalu #504 is located in Kihei. This beachfront property offers access to a balcony.,,,,,
Hawaii,Maui,20.78233,-156.46337,Kihei Beach Resort,5.0,"""Kihei Beach Resort 202 is set in Kihei", 100 metres from Mai Poina Beach, 1.9 km from Kalepolepo Beach, and 13 km from Wailea Emerald Course. The air-conditioned accommodation is a few steps from Maalaea Beach, and guests benefit from private parking available on site and free WiFi.,,
Hawaii,Maui,20.7165,-156.4454,Kihei Akahi,5.0,"""Providing sea views and free WiFi", Kihei Akahi C-513 provides accommodation well located in Wailea, within a short distance of Kamaole Beach, Cove Beach and Keawakapu Beach.,,,
Hawaii,Maui,20.75683,-156.45709,Leinaala,5.0,"""Set 3.6 km from Cove Park", 5 km from Kihei Regional Park and 1.1 km from Sanctuary Education Center Whale Watch Center, Leinaala 401 Condo features accommodation situated in Kihei. The property is 2.7 km from Kihei Town Center Shopping Center and 2.9 km from Kalama Park.,,,,
Hawaii,Maui,20.71308,-156.44507,Maui Parkshore,5.0,"""Featuring an outdoor pool and sea views", Maui Parkshore 408 - Two Bedroom Condo is located in Wailea. This holiday home provides free private parking, a 24-hour front desk and free WiFi.,,,,
Hawaii,Maui,20.76293,-156.45903,Menehune Shores Condominium,3.0,"""Located in Kihei", within 4.1 km of Cove Park, Menehune Shores - CRH offers accommodation with free WiFi and air conditioning. This apartment provides an outdoor swimming pool as well as barbecue facilities.,,,,
Hawaii,Maui,20.86554,-156.67271,Old Lahaina House,3.0,"""Located 2 minutes walk from Mauis scenic coastline", Old Lahaina House-Walk to town & beach! features an outdoor pool, a kitchen, and BBQ facilities. All guest rooms include air conditioning.,,,
Hawaii,Maui,20.95694,-156.68545,The Kulakane,5.0,"""Boasting a swimming pool", a garden, a terrace and views of the pool, The Kulakane #112 is set in Lahaina and offers accommodation with free WiFi.,,,
Hawaii,Maui,20.70888,-156.44333,Maui Kamaole,5.0,"""Boasting air-conditioned accommodation with a balcony", Maui Kamaole B-205 is situated in Wailea. The property features sea views and is 400 metres from Kamaole Beach and 600 metres from Keawakapu Beach.,,,,,
Hawaii,Maui,20.995463,-156.665207,The Mauian Boutique Beach Studios on Napili Bay,3.0,"""<p>HeadLine : Near Napili Bay</p><p>Location : With a stay at The Mauian - Boutique Beach Studios on Napili Bay in Lahaina (Napili)", you ll be within a 15-minute drive of Kaanapali Beach and Napili Bay.  This beach hotel is 6.1 mi (9.8 km) from Whalers Village and 9.7 mi (15.6 km) from Lahaina Harbor.</p><p>Rooms : Make yourself at home in one of the 44 air-conditioned rooms featuring microwaves. Rooms have private lanais. Complimentary wireless Internet access is available to keep you connected. Private bathrooms with showers feature complimentary toiletries and hair dryers.</p><p>CheckIn Instructions : <ul>  <li>Extra-person charges may apply and vary depending on property policy</li><li>Government-issued photo identification and a credit card, debit card, or cash deposit may be required at check-in for incidental charges</li><li>Special requests are subject to availability upon check-in and may incur additional charges; special requests cannot be guaranteed</li><li>The name on the credit card used at check-in to pay for incidentals must be the primary name on the guestroom reservation</li><li>Tax ID - 0502364160-01</li><li>This property accepts credit cards; cash is not accepted</li>  </ul></p><p>Special Instructions : The front desk is open during the following times:<ul><li>Monday - Sunday: 8:30 AM - 4:30 PM</li></ul> If you arrive at the property after hours, you ll need to check in at an alternate location: Night Security on dutyTo make arrangements for check-in please contact the property at least 24 hours before arrival using the information on the booking confirmation. Guests will be asked to provide the property with a copy of their government-issued photo ID before arrival. ,,
Hawaii,Maui,20.78592,-156.46736,Sugar Beach Resort,5.0,"""Offering free WiFi and sea views", Sugar Beach 120 Condo is an accommodation situated in Kihei, just a few steps from Maalaea Beach and 650 metres from Mai Poina Beach. The property is 8 km from Cove Park and 2.6 km from Sanctuary Education Center Whale Watch Center.,,,,
Hawaii,Maui,20.88221,-156.50484,The Old Wailuku Inn at Ulupono,3.0,"""The Old Wailuku Inn at Ulupono is set in Wailuku", 4.1 km from Iao Valley State Park. Free WiFi is offered throughout the property and free private parking is available on site.,,,,,
Hawaii,Maui,20.91609,-156.38202,Paia Inn,3.0,"""Located on Mauis North Shore", this boutique property in Paia town offers access to 3 miles of white sand beach, relaxing amenities and convenient access to a wide range of activities.,,,,
Hawaii,Maui,20.72683,-156.44945,Wailea Inn,3.0,"""Located in Kihei", 100 metres from Cove Beach, Wailea Inn offers accommodation with free WiFi, a patio or a balcony and access to a garden and an outdoor pool.,,,
Hawaii,Maui,20.76223,-156.45813,Koa Lagoon,4.0,"""Featuring self catering suites with balconies and panoramic views of the Pacific Ocean", this Kihei hotel is only 200 feet from the beach. Leisure facilities include an outdoor pool with a sun-lounger terrace.,,,,,
Hawaii,Maui,20.77154,-156.45888,Nona Lani Cottages,4.0,"""Located in Kihei", Nona Lani Cottages offers accommodation with a balcony or a patio, free WiFi and flat-screen TV, as well as a garden and a terrace.,,,
Hawaii,Maui,20.91636,-156.28428,Adventure in Paradise,4.0,"""Located in Haiku on Mauis north shore", Adventure in Paradise features two units, each with a partial ocean view and a private hot tub. Free WiFi is included. Kahului Airport is 15 km away.,,,,
Hawaii,Maui,20.70156,-156.43254,Maui Meadows Guesthouse,5.0,"""Boasting a patio with pool views", an outdoor swimming pool and a bar, Maui Meadows Guesthouse can be found in Wailea, close to Mokapu Beach and 1.3 km from Keawakapu Beach. This holiday home features a private pool, a garden, barbecue facilities, free WiFi and free private parking.
Hawaii,Maui,21.9679,-159.71536,Hale La,3.0,"""Featuring a garden with a barbecue", Hale La is a detached holiday home located in Kekaha. Waimea Canyon and Kokee Parks are nearby and the property boasts ocean views.,,,,,
Hawaii,Maui,20.78423,-156.4651,Kihei Kai Oceanfront Condos,5.0,"""Located on the island of Maui", Kihei Kai Oceanfront Condos is 100% non-smoking. It is situated on Sugar Beach with oceanfront views and beach access. An outdoor pool with lounge chairs is provided. Free WiFi is available throughout the property.,,,,,
Hawaii,Maui,20.79618,-156.50492,Kanai A Nalu,5.0,"""Kanai A Nalu Resort 114 is set in Wailuku", 16 km from Iao Valley State Park, 22 km from Wailea Emerald Course, as well as 25 km from Lahaina Boat Harbor. The air-conditioned accommodation is a few steps from Maalaea Beach, and guests benefit from complimentary WiFi and private parking available on site.,,
Hawaii,Maui,20.85963,-156.66872,Puamana Townhomes,5.0,"""Puamana Townhouse 64-1 is located in a central area of Lahaina", just 2.2 km from Lahaina Boat Harbor and 2.5 km from Lahaina Historic District. The accommodation is 2.8 km from the Front Street Lahaina and has free WiFi.,,,,,
Hawaii,Maui,20.75226,-156.45879,Villa Moana Maui,4.0,"""Situated in Kihei", Villa Moana Maui is steps away from the beach and features a spa bath. Free WiFi is provided throughout the property and free private parking is available on site.,,,,,
Hawaii,Maui,20.89173,-156.68517,Lahaina Oceanfront Estate,4.0,"""This oceanfront property features a fully equipped kitchen", a heart shaped pool, ocean and mountain views. Kelawea Mauka III Park is a 5-minute drive from the property.,,,,
Hawaii,Maui,20.86929,-156.67643,Tiki Beach Hostel,3.0,"""Built around a Tiki Garden", this unique boutique hostel features free hiking, snorkeling, and beach tours. It is located at the beach in Lahaina.  It offers shared accommodation with free WiFi.,,,
Hawaii,Maui,20.86911,-156.67632,The Lahaina Beach House,2.0,"""Featuring free WiFi and a sun terrace", The Lahaina Beach House offers accommodation in Lahaina. Free private parking is available on site.,,,,,
Hawaii,Maui,21.00166,-156.66323,Kapalua Bay Villas,5.0,"""Featuring a spa bath", Kapalua Bay Villa 29B3 is located in Kahana. The air-conditioned accommodation is 300 metres from Oneloa Bay Beach, and guests benefit from private parking available on site and free WiFi.,,,,
Hawaii,Maui,20.95348,-156.6876,Maui Sands,3.0,,,,3559 Lower Honoapiilani Road LahainaHawaii 96761 ,96761,,https://www.mauisandscondos.com/
Hawaii,Maui,20.88902,-156.50347,The Northshore Hostel Maui,5.0,"""Located in Wailuku", 4.7 km from Iao Valley State Park, Howzit Hostels provides accommodation with a garden, free private parking, a shared lounge and a terrace. Among the facilities at this property are a shared kitchen and a 24-hour front desk, along with free WiFi throughout the property. The accommodation offers evening entertainment and a concierge service.,
Hawaii,Maui,20.86895,-156.67616,Hakuna Matata,4.0,"""Facing the beachfront", Hakuna Matata Maui Hostel offers 4-star accommodation in Lahaina and has free bikes, garden and private beach area. This 4-star hostel offers a shared kitchen. The property is 1.1 km from the city centre and a few steps from Kamehameha Iki Park Beach.,,,,
Hawaii,Maui,20.70057,-156.42227,Hale Huanani Bed And Breakfast,5.0,"""Our B&B is in a very quiet", safe, residential neighborhood in south Maui where average rainfall is 12.5 inches per year.  We are a 5-minute drive to the closest beach (Keawakapu Beach) and a 5-minute drive to the most beautiful outdoor world-class shopping mall on Maui (The Shops at Wailea). Situated in Wailea, Hale Huanani B&B features accommodation with free WiFi and a garden with a terrace.,,,
Hawaii,Maui,20.74628,-156.45705,Aloha Aku Inn & Suites,5.0,"""Set in Kihei", Aloha AKU - CoCoPalm 2 offers accommodation with free WiFi, air conditioning, free bikes and access to a garden with a year-round outdoor pool. Boasting free private parking, the apartment is in an area where guests can engage in activities such as hiking, golfing and snorkelling.,
Hawaii,Maui,20.95944,-156.68444,Lokelani Condominiums,5.0,"""Boasting free WiFi and fully equipped kitchens", Lokelani Condominiums is less than 10 metres from the beach and offers access to an outdoor swimming pool. The property is 4 km from Kaanapali Beach and 5.3 km from Kapalua Beach.,,,,,
Hawaii,Maui,20.95071,-156.68837,Papakea Ocean Front Resort,5.0,"""Complete with an outdoor swimming pool", a tennis court and barbecue facilities, Papakea #H401 is a top floor corner unit located in Lahaina, 3 km from Ka anapali Beach and 8 km from Front Street Lahaina. This apartment features a garden as well as free WiFi.,,,
Hawaii,Maui,20.97117,-156.67912,Valley Isle Resort by RedAwning,5.0,"""Situated in Lahaina", just 2.8 km from Napili Beach, Valley Isle Beach Front Resort features beachfront accommodation with an outdoor swimming pool, a garden, a private beach area and free WiFi. Featuring free private parking, the apartment is in an area where guests can engage in activities such as hiking, diving and fishing.
Hawaii,Maui,20.759798,-156.457837,Kauhale Makai,2.0,"""Kauhale Makai", meaning Village by the Sea' in Hawaiian, enjoys a fabulous oceanfront setting on a large parcel of land, creating a wide open space for games, morning walks and watching the colourful Maui Sunset. The property is located in central Kihei and is a short drive to shopping, dining, beaches and activities. It is located about 20 minutes from the airport and about 40 minutes from Lahaina.
Hawaii,Maui,20.75925,-156.45803,Kauhale Makai by RedAwning,5.0,"""Within 1 km of Mai Poina Beach and 3.7 km of Cove Park", Kauhale Makai #330 provides free WiFi and an outdoor swimming pool. The property is 2.8 km from Kihei Town Center Shopping Center and 3 km from Kalama Park.,,,,,
Hawaii,Maui,20.71288,-156.44427,Kamaole Sands by Island Oasis Realty,4.0,"""Situated in Wailea", near Kamaole Beach, Keawakapu Beach and Mokapu Beach, Kamaole Sands by Coldwell Banker Island Vacations features free WiFi.,,,
Hawaii,Maui,20.92274,-156.69321,The Whaler on Kaanapali Beach by Resortquest,,"""Set 600 metres from Kaanapali Beach", Aston at The Whaler on Kaanapali Beach offers air-conditioned accommodation with a balcony and free WiFi.,,,,,
Hawaii,Maui,20.71563,-156.44402,Maui Banyan By Kumulani Vacations,4.0,"""Set in Wailea", 200 metres from Kamaole Beach and 1.7 km from Cove Beach, Maui Banyan H205 by Coldwell Banker Island Vacations offers air-conditioned accommodation with a patio and free WiFi. Guests benefit from a balcony and a childrens playground.,,,,
Hawaii,Maui,20.97484,-156.67856,Kahana Reef 207 1 Bathroom Condo,5.0,"""Boasting an outdoor swimming pool", Kahana Reef #207 (Condo) is ideally set in Kahana district of Kahana, 2.4 km from Napili Beach. This apartment offers free private parking, a 24-hour front desk and free WiFi.,,,
Hawaii,Maui,20.71913,-156.4476,Royal Mauian #410 Condo,5.0,"""Set in Kihei", less than 1 km from Cove Beach and 4 km from Kihei Regional Park, Royal Mauian #410 offers free WiFi and air conditioning. The property is 6 km from Kihei Town Center Shopping Center and 9 km from Sanctuary Education Center Whale Watch Center.,,,,
Hawaii,Maui,20.71648,-156.44453,Kihei Akahi C 616 Condo,5.0,"""Complete with a tennis court", Kihei Akahi C-616 Condo is located in Wailea, 7 km from Makena Landing Beach Park and 9 km from Little Beach. Guests benefit from a balcony and a barbecue.,,,,
Hawaii,Maui,20.71563,-156.44402,Maui Banyan Q409A,5.0,"""Located in Wailea", 1.4 km from Cove Beach and 8 km from Makena Landing Beach Park, Maui Banyan Q409A provides air-conditioned accommodation with a balcony and free WiFi. The property features sea and mountain views, and is 11 km from Molokini Island.,,,
Hawaii,Maui,20.76448,-155.99422,Heavenly Hana Paradise,5.0,"""Road to Hana waterfalls", Charles Lindberghs grave and the oceanfront Seven Sacred Pools are within 20 minutes drive of this novel Hana studio on Maui. Free WiFi and cable TV are provided.,,,,,
Hawaii,Maui,20.74625,-156.45704,Aloha Aku Honu 2,5.0,"""Set in Kihei", Aloha AKU - Honu 2 offers accommodation with free WiFi, air conditioning, free bikes and access to a garden with an outdoor pool. Featuring free private parking, the bed and breakfast is in an area where guests can engage in activities such as hiking, snorkelling and tennis.,
Hawaii,Maui,20.70892,-156.4433,Maui Kamaole #A 201 Condo,5.0,"""Situated 6 km from Makena Landing Beach Park in Wailea", this apartment features free WiFi, a hot tub and a terrace with sea views. Guests benefit from balcony. Free private parking is available on site.,,,,
Hawaii,Maui,20.74802,-156.45674,Apartment Kihei Garden Estates Maui,5.0,"""Set in Kihei", 2.3 km from Cove Beach and 2.6 km from Cove Park, Kihei Garden Estates C-108 offers air conditioning. The property is 1.9 km from Kalama Park and 2.3 km from Sanctuary Education Center Whale Watch Center.,,,,
Hawaii,Maui,20.97408,-156.67898,Hale Mala Hina 245 2 Br Condo,5.0,"""Set in Kahana", within 2.8 km of Napili Beach, Hale Mala Hina-245 Condo offers accommodation with free WiFi, air conditioning and a garden. Guests benefit from a patio and a childrens playground.,,,
Hawaii,Maui,20.9511,-156.6888,Papakea K306 1 Br Condo,5.0,"""Located in Kahana", just 1.9 km from Pohaku Park Beach, Papakea Condominium K306 Condo provides beachfront accommodation with a garden and free WiFi. With sea views, this accommodation features a patio.,,,
Hawaii,Maui,20.6955,-156.4424,Wailea Ekahi 47E Condo,5.0,"""Wailea Ekahi 40E features a balcony and is set in Wailea", within just 500 metres of Ulua Beach and 550 metres of Keawakapu Beach. The air-conditioned accommodation is 200 metres from Mokapu Beach, and guests benefit from complimentary WiFi and private parking available on site.,,,,
Hawaii,Maui,21.00189,-156.66325,Kapalua Bay Villas 15G4,5.0,"""Situated 32 km from Paia and 14 km from Lahaina", Kapalua Bay Villas 15G4 offers accommodation in Kapalua. The property is 42 km from Kula and features views of the sea.,,,,,
Hawaii,Maui,20.70892,-156.4433,Maui Kamaole #F 207,5.0,"""Situated in Wailea", 2.2 km from Cove Beach and 7 km from Makena Landing Beach Park, Maui Kamaole #A-207 features accommodation with free WiFi, air conditioning and an outdoor swimming pool. The property is 13 km from Ahihi-Kinau Natural Area Reserve and 3.5 km from Wailea Tennis Club.,,,
Hawaii,Maui,20.94554,-156.69005,Honua kai Konea 301 Frontline with BBQ,5.0,"""Featuring an outdoor swimming pool", a fitness centre, and a restaurant, Honua kai - Konea 301 Frontline with BBQ! provides accommodation in Kaanapali with free WiFi and sea views. This beachfront property offers access to a balcony.,,,
Hawaii,Maui,20.97125,-156.67935,Valley Isle Resort 309,5.0,"""Valley Isle Resort is set in the Kahana district of Kahana", 4.1 km from Kapalua Plantation Course and 12 km from Lahaina Historic District. Complimentary WiFi is offered throughout the property.,,,,,
Hawaii,Maui,20.71761,-156.44504,Kihei Kai Nani Vacation Condos,5.0,"""Boasting garden views", Kihei Kai Nani Vacation One Bedroom Condos features accommodation with a balcony and a kettle, around 200 metres from Kamaole Beach. This beachfront property offers access to a terrace, tennis at the tennis court, free private parking and free WiFi.,,
Hawaii,Maui,20.92755,-156.69113,Maui Eldorado: Maui Condo J206,5.0,"""Located in Kaanapali", this air-conditioned apartment features a balcony. The unit is 33 km from Paia.,,,,,
Hawaii,Maui,20.95481,-156.68558,Lahaina Luxury Condos,5.0,"""Situated a few steps from Honokowai Beach Park", Lahaina Wonderful Condos offers an outdoor swimming pool, a garden and air-conditioned accommodation with a terrace and free WiFi.,,,,
Hawaii,Maui,20.70385,-156.44791,Hale Hui Kai #301,5.0,"""Set in Kihei", 2.6 km from Cove Beach and 2.7 km from Cove Park, Hale Hui Kai #301 offers air conditioning. Situated on the beachfront, this property features a restaurant, a garden and a terrace.,,
Hawaii,Maui,20.726,-156.4483,Maui Vista by Rentals Maui Inc.,5.0,"""Maui Vista 1116 features a balcony and is set in Kihei", within just 250 metres of Cove Beach and 200 metres of Cove Park. The air-conditioned accommodation is 150 metres from Kamaole Beach, and guests benefit from complimentary WiFi and private parking available on site.,,,,
Hawaii,Maui,20.87833,-156.6825,Papakea K 402 3 Br Condo,5.0,"""Featuring sea views", Papakea K-402 Condo provides accommodation with a patio and a coffee machine, around 300 metres from Front Street Lahaina. The air-conditioned accommodation is 2.7 km from Wahikuli State Beach, and guests benefit from complimentary WiFi and private parking available on site.,,,
Hawaii,Maui,20.6847,-156.43235,Wailea Ekolu #1608 Condo,5.0,"""Located in Wailea", 1.8 km from Palauea Beach and 4.1 km from Makena Landing Beach Park, Wailea Ekolu #1608 offers free WiFi and air conditioning. The property is 7 km from Molokini Island and 10 km from Ahihi-Kinau Natural Area Reserve.,,,,
Hawaii,Maui,20.98517,-156.6716,Kahana Sunset #F1 Home,5.0,"""Kahana Sunset #F1 Home is a holiday home is situated in Kahana and is 32 km from Paia. The property boasts views of the sea and is 12 km from Lahaina.",,,,,,
Hawaii,Maui,20.71288,-156.44647,Kamaole Sands 3 404,5.0,"""Boasting an outdoor pool and sea views", Kamaole Sands 3-404 - Two Bedroom Condo is situated in Wailea. This holiday home features free private parking, a 24-hour front desk and free WiFi.,,,,
Hawaii,Maui,20.69569,-156.43936,Wailea Ekahi #45 e Condo,5.0,"""Wailea Ekahi #45-E in Wailea features accommodation with free WiFi", 2.7 km from Palauea Beach, 5 km from Makena Landing Beach Park and 8 km from Molokini Island. The property is 11 km from Ahihi-Kinau Natural Area Reserve and 1 km from Wailea Shopping Village Shopping Center.,,,,
Hawaii,Maui,20.72484,-156.44788,Pacific Shores #a 303 Condo,3.0,"""Situated in Kihei", 400 metres from Cove Beach and 400 metres from Cove Park, Pacific Shores #A-303 offers free WiFi and air conditioning. The holiday home is 5 km from Sanctuary Education Center Whale Watch Center.,,,,
Hawaii,Maui,20.94554,-156.69009,Honua Kai 437 Condo,5.0,"""Situated in Kahana", just 2.5 km from Pohaku Park Beach, Honua Kai 437 Condo features beachfront accommodation with a garden and free WiFi. With sea views, this accommodation offers a patio.,,,
Hawaii,Maui,20.74676,-156.45645,Aloha Wai2,5.0,"""Boasting free bikes", an outdoor swimming pool, and a garden, Aloha WAI2 provides accommodation in Kihei with free WiFi and sea views. Featuring free private parking, the apartment is in an area where guests can engage in activities such as hiking, fishing and snorkelling.,
Hawaii,Maui,20.96887,-156.67965,Kahana Villas F401 1 Br Condo,5.0,"""Kahana Villas F401 Condo", a property with a garden, is set in Kahana, 1.8 km from Keonenui Beach. This property offers access to a patio.,,,
Hawaii,Maui,20.71558,-156.44594,Maui Banyan H 407 Condo,5.0,"""Maui Banyan #H-407 in Wailea provides accommodation with free WiFi", 1.4 km from Cove Beach, 8 km from Makena Landing Beach Park and 11 km from Molokini Island. This holiday home is 4.1 km from Wailea Tennis Club and 3.4 km from Mokapu Beach Park.,,,,
Hawaii,Maui,20.72487,-156.44632,Pacific Shores A211 Condo,4.0,"""Set in Kihei", within 250 metres of Kamaole Beach and 450 metres of Cove Beach, Pacific Shores- A211 by Coldwell Banker Island Vacations offers accommodation with free WiFi, air conditioning and a restaurant. Guests staying at this holiday home have access to a patio.,,,
Hawaii,Maui,20.97139,-156.67928,Valley Isle 110 Condo,5.0,"""Situated in Kahana", just 2.8 km from Napili Beach, Valley Isle 110 Condo features beachfront accommodation with a garden and free WiFi. Guests benefit from a patio and a childrens playground.,,,,
Hawaii,Maui,20.92754,-156.69113,Eldorado L102 1 Br Condo,5.0,"""In the Kaanapali Beach Resort district of Lahaina", close to Whalers Village Shopping Center, Eldorado L102 Condo features free WiFi and a washing machine. Guests have a private patio.,,,,
Hawaii,Maui,20.94995,-156.6,Kaanapali Shores Studio #642,5.0,"""Located in Lahaina in the Hawaii region", Kaanapali Shores Studio #642 has a balcony. It features a garden, sea views and free WiFi throughout the property.,,,,
Hawaii,Maui,20.94554,-156.69008,Honua Kai by KBM Hawaii Luxury Vacations,4.0,,,,130 Kai Malina Parkway  ,96761,8085683270,
Hawaii,Maui,20.7155,-156.4442,Maui Banyan Q109 Condo,5.0,"""Featuring sea views", Maui Banyan F-201 provides accommodation with a garden and a balcony, around 200 metres from Kamaole Beach. Guests staying at this apartment have access to free WiFi and a patio.,,,,
Hawaii,Maui,20.958,-156.685,Kaleialoha 406 Condo,5.0,"""Featuring air-conditioned accommodation with a balcony", Kaleialoha 406 Condo is set in Kahana. It is situated 2.9 km from Kaopala Beach and offers an ATM.,,,,,
Hawaii,Maui,21.00217,-156.66331,Kapalua Bay Villa #24g3,5.0,"""Kapalua Bay Villa #24G3 Home is a holiday home set in Kapalua", 32 km from Paia. The property boasts views of the sea and is 14 km from Lahaina.,,,,,
Hawaii,Maui,20.85783,-156.66575,Puamana 175 2 Condo,5.0,"""Situated in the centre of Lahaina", 2.1 km from Launiupoko Beach and 2.5 km from Lahaina Boat Harbor, PuaMana 175-2 Condo offers free WiFi, a garden and air conditioning. Guests benefit from a patio and a childrens playground.,,,
Hawaii,Maui,20.70892,-156.4433,Maui Kamaole #j 210 Condo,5.0,"""Located in Wailea", 2.2 km from Cove Beach and 6 km from Makena Landing Beach Park, Maui Kamaole #G-201 offers free WiFi and air conditioning. The property is 11 km from Ahihi-Kinau Natural Area Reserve and 2.3 km from Wailea Tennis Club.,,,,
Hawaii,Maui,20.94554,-156.69005,Honua by Harris Hawaii,5.0,"""Featuring a private pool and sea views", Honua Kai - Konea 501 is set in Lahaina. It is situated 2.5 km from Pohaku Park Beach and offers free WiFi plus an ATM.,,,,,
Hawaii,Maui,20.71997,-156.44535,Beautiful Condo with Ocean Views,5.0,"""Beautiful 1 Bedroom Condo with Ocean Views is an apartment located in Kihei", 1 km from Cove Park. Kamaole I Beach Park is just 150 metres away. It features free WiFi and free guest parking.,,,,,
Hawaii,Maui,20.71553,-156.44415,Maui Banyan P 403,5.0,"""Set in Wailea", 1.4 km from Cove Beach and 8 km from Makena Landing Beach Park, Maui Banyan P-403 - Two Bedroom offers air conditioning. The property has sea views and is 11 km from Molokini Island and 3.1 km from Shops at Wailea.,,,,
Hawaii,Maui,20.690367,-156.437438,Upscale Condo with Pool,4.0,"""The Grand Champions complex has two swimming pools and the Wailea tennis club and golf courses are minutes away. It is conveniently located near Mokapu", Ulua and Wailea Beach Parks. The nearby Shops at Wailea provide world-class dining and shopping experiences.,,,,,
Hawaii,Maui,20.94663,-156.6917,Mahana Resort #616 1 Bathroom Condo,5.0,"""Set in Kaanapali in the Maui Region", this holiday home is 34 km from Paia. The property features views of the sea and is 8 km from Lahaina.,,,,,
Hawaii,Maui,20.93367,-156.68602,Kaanapali Plantation Condominiums,5.0,"""Located in Lahaina", this holiday home is situated 1.4 km from Ka anapali Beach. The property boasts views of the sea and is 6 km from Front Street Lahaina.,,,,,
Hawaii,Maui,20.74622,-156.45703,Aloha AKU Bamboo 2,5.0,"""Aloha AKU - Bamboo 2 is a beachfront property situated in Kihei", 2 km from Kalepolepo Beach and 2.1 km from Cove Beach. The air-conditioned accommodation is less than 1 km from Waipuilani Beach, and guests benefit from private parking available on site and free WiFi.,,,,
Hawaii,Maui,20.74647,-156.4566,Aloha KAI2 Resort Condo,5.0,"""Boasting free bikes", an outdoor swimming pool, and a fitness centre, Aloha KAI - Resort Condo features accommodation in Kihei with free WiFi and sea views. Featuring free private parking, the apartment is in an area where guests can engage in activities such as hiking and cycling.,,
Hawaii,Maui,20.94554,-156.69005,Honua Kai Hokulani 414,5.0,"""Boasting an outdoor swimming pool", a fitness centre, and a restaurant, Honua Kai - Hokulani 414 features accommodation in Lahaina with free WiFi and sea views. This beachfront property offers access to a balcony and free private parking.,,,
Hawaii,Maui,20.94994,-156.6,Kaanapali Shores 422,5.0,"""Set in Lahaina", Kaanapali Shores 422 features a private pool. Situated on the beachfront, this property has a garden and free WiFi.,,,,
Hawaii,Maui,20.7558,-156.45731,Maui Sunset #a 117 Condo,5.0,"""Situated in Kihei", 1.4 km from Mai Poina Beach and 3.3 km from Cove Park, Maui Sunset #A-117 features accommodation with free WiFi, air conditioning and an outdoor swimming pool. The property is 2.4 km from Kihei Town Center Shopping Center and 2.6 km from Kalama Park.,,,
Hawaii,Maui,20.70385,-156.44791,Hale Hui Kai #112,5.0,"""Located on the beach in Kihei", Hale Hui Kai #112 offers an outdoor pool and direct access to a white sand beach. Upscale shopping, dining and golf in Wailea is 5 minutes drive away.,,,,
Hawaii,Maui,20.7558,-156.45731,Maui Sunset #a 103 Condo,5.0,"""Maui Sunset #A-103 offers accommodation in Kihei", 3.2 km from Cove Park. Guests benefit from free WiFi and private parking available on site.,,,,,
Hawaii,Maui,20.92755,-156.69113,Maui Eldorado: Maui Condo B105 1 Bathroom Condo,5.0,"""Situated in Kaanapali", this air-conditioned apartment features a barbecue. The property boasts views of the garden is 33 km from Paia.,,,,,
Hawaii,Maui,20.69048,-156.43634,Grand Champions #48 Condo,5.0,"""Set 3.8 km from Makena Landing Beach Park in Wailea", this apartment features free WiFi and a terrace. Guests benefit from balcony. Free private parking is available on site.,,,,,
Hawaii,Maui,20.94554,-156.69005,Honua Kai Konea 705,5.0,"""Located in Lahaina", Honua Kai - Konea 705 offers a balcony with sea and pool views, as well as a year-round outdoor pool, fitness centre and hot tub. Set on the beachfront, this property features a restaurant, barbecue facilities and free WiFi.,
Hawaii,Maui,20.74667,-156.45665,Condo in Kihei with Ocean Views,5.0,"""Situated in Kihei", within 2.2 km of Cove Beach and 2.5 km of Cove Park, Beautiful 2 Bedroom Condo with Panoramic Ocean Views, Oceanfront offers accommodation with free WiFi, air conditioning, an outdoor swimming pool and a garden. This beachfront property offers access to a terrace and free private parking.,
Hawaii,Maui,20.74757,-156.45369,Waiohuli Beach Hale #C 113,3.0,,,,50 E Lipoa St  ,96753,8887332964,
Hawaii,Maui,20.69378,-156.42619,Pulelehua Nani,5.0,"""Welome to Maui!  I have enjoyed Maui for over 20 years and really appreciate its unique and diverse characteristics.  The people are wonderful and friendly.  The sun shines everyday.  The trade-winds are such a treat.  The beaches are the best.  The food is so fresh.  The views are endless! Located in Wailea", Pulelehua Nani offers a patio with pool and garden views, as well as an outdoor pool, spa centre and hot tub. This holiday home features a private pool, a garden, barbecue facilities, free WiFi and free private parking.
Hawaii,Maui,20.74672,-156.45645,Waiohuli Beach Hale #C 210 Condo,5.0,"""Set in Kihei", this air-conditioned apartment features a terrace. Waiohuli Beach Hale #C-210 boasts views of the sea and is 2.2 km from Cove Park. Free private parking is available on site.,,,,,
Hawaii,Maui,20.75676,-156.45815,Central Kihei Remodeled Beachfront Condo,5.0,"""Located in Kihei", 1.3 km from Mai Poina Beach and 3.4 km from Cove Park, Central Kihei Remodeled Beachfront Condo offers a garden and air conditioning. This beachfront property offers access to a balcony, free private parking and free WiFi.,,,
Hawaii,Maui,20.76339,-156.45814,Maui Tranquility,5.0,"""Featuring an outdoor swimming pool", a garden, and a terrace, Maui Tranquility features accommodation in Kihei with free WiFi and garden views. Boasting free private parking, the apartment is in an area where guests can engage in activities such as hiking, windsurfing and diving.,
Hawaii,Maui,20.74708,-156.45639,Condo in Kihei,5.0,"""Located in Kihei", 2.2 km from Cove Beach and 2.5 km from Cove Park, Beautiful 1 Bedroom Condo with Ocean Views, Oceanfront offers air conditioning. This beachfront property offers access to a balcony, free private parking and free WiFi.,,
Hawaii,Maui,20.74615,-156.45707,Aloha Aku Honu 1,5.0,"""Located in Kihei", Aloha AKU - Honu 1 provides accommodation with free WiFi, air conditioning, free bikes and access to a garden with an outdoor pool. Boasting free private parking, the apartment is in an area where guests can engage in activities such as hiking, golfing and snorkelling.,
Hawaii,Maui,20.74621,-156.45703,Aloha AKU Bamboo 1,5.0,"""Located in Kihei", Aloha AKU - Bamboo 1 provides accommodation with free WiFi, air conditioning, free bikes and access to a garden with a year-round outdoor pool. Featuring free private parking, the apartment is in an area where guests can engage in activities such as hiking and snorkelling.,,
Hawaii,Maui,20.7463,-156.45709,Aloha Aku Cocopalm 1,5.0,"""Aloha AKU - CoCoPalm 1 is a beachfront property located in Kihei", 2 km from Kalepolepo Beach and 2.1 km from Cove Beach. The air-conditioned accommodation is less than 1 km from Waipuilani Beach, and guests benefit from complimentary WiFi and private parking available on site.,,,,
Hawaii,Maui,20.74628,-156.45705,Aloha Aku Cocopalm 2,5.0,"""Set in Kihei", Aloha AKU - CoCoPalm 2 offers accommodation with free WiFi, air conditioning, free bikes and access to a garden with a year-round outdoor pool. Boasting free private parking, the apartment is in an area where guests can engage in activities such as hiking, golfing and snorkelling.,
Hawaii,Maui,20.74628,-156.4569,Aloha Aku Ohana 2,5.0,"""Set in Kihei", Aloha AKU - Ohana 2 offers accommodation with free WiFi, air conditioning, free bikes and access to a garden with an outdoor pool. Featuring free private parking, the apartment is in an area where guests can engage in activities such as hiking, snorkelling and cycling.,
Hawaii,Maui,20.9587,-156.6845,Hale Ono Loa 208,5.0,"""Hale Ono Loa #208 offers accommodation in Lahaina. The property boasts views of the sea and is 3.9 km from Ka anapali Beach.",,,,,,
Hawaii,Maui,20.97201,-156.67936,Oceanview Condo At Royal Kahana Resort,5.0,"""Boasting an outdoor swimming pool", a fitness centre, and a garden, Oceanview Condo at Royal Kahana Resort features accommodation in Kahana with free WiFi and mountain views. Private parking is available on site.,,,
Hawaii,Maui,20.76134,-156.29881,Kula Home 4200,5.0,"""Featuring garden and ocean views", Kula 4200 offers accommodation with a balcony and a kettle, around 30 km from Haleakala National Park. This property offers access to a patio, free private parking and free WiFi.,,,
Hawaii,Maui,20.7254,-156.4477,Maui Vista 1210 Condo,5.0,"""Set in Kihei", 80 metres from Kamaole Beach and 300 metres from Cove Beach, Maui Vista 1210 - 1 Bedroom, Renovated Condo, 3 Pools offers free WiFi and air conditioning. The property features pool and garden views, and is 2.7 km from Keawakapu Beach.,
Hawaii,Maui,20.7629318237305,-156.459030151367,Menehune Shores CRH,5.0,,,,760 South Kihei Road  ,96753,,
Hawaii,Maui,20.94422,-156.69028,Konea 244 At Honua Kai,5.0,"""Featuring a fitness centre", a garden, and a terrace, Konea 244 at Honua Kai offers accommodation in Lahaina with free WiFi and sea views. Set on the beachfront, this property features a restaurant, a bar and barbecue facilities.,
Hawaii,Maui,20.6958,-156.4396,Wailea Ekahi 46A Condo,5.0,"""Featuring a garden", an outdoor pool and garden views, Wailea Ekahi 46A - One Bedroom Condo is located in Wailea. This beachfront property offers access to a patio, ping-pong, free private parking and free WiFi.,,
Hawaii,Maui,20.6954,-156.4425,Wailea Ekahi 52B Studio Condo,5.0,"""Situated in Wailea in the Hawaii region", Wailea Ekahi 52B, Charming Condo, Access to 4 Pools, Sleeps 4 has a patio and garden views. This beachfront property offers access to a balcony and free WiFi.,,
Hawaii,Maui,20.96865,-156.67822,Kahana Villa E609,5.0,"""Featuring air conditioning", Kahana Villa E609 offers accommodation in Kahana. Paia is 33 km from the property.,,,,,
Hawaii,Maui,20.75965,-155.99036,Hale Nanea Hana Paradise Cottages,5.0,"""Located 0.8 km from Hana Town", Hale Nanea - Hana Paradise Cottages provides accommodation in Hana. The unit is 1.5 km from Hamoa Beach.,,,,,
Hawaii,Maui,20.86721,-156.67509,305 Lahaina Shores Oceanfront Studio,5.0,"""305 Lahaina Shores Oceanfront Studio is located in the Historic Lahaina Front Street district of Lahaina", 1.7 km from Puamana Beach Park, 1.8 km from Puunoa Beach and 700 metres from Lahaina Boat Harbor. The air-conditioned accommodation is a few steps from Kamehameha Iki Park Beach, and guests benefit from private parking available on site and free WiFi.,,,
Hawaii,Maui,20.94677,-156.69168,It Doesnt get any Better Than Mahana Direct Ocean Front on N Kaananapali Beach,4.0,"""Located oceanfront in Lahaina", Hawaii, the Aston Mahana at Kaanapali features studios and suites with an ocean view balcony and fully equipped kitchen. Overlooking Kaanapali Beach, it offers an outdoor pool, hot tub and tennis court.,,
Hawaii,Maui,20.94661,-156.69175,Mahana At Kaanapali 511,5.0,"""Mahana at Kaanapali 511 is situated on the beachfront in Honokowai", 7.6 km from Kapalua Plantation Course and 9.2 km from Lahaina Historic District. Located around 9.3 km from Front Street Lahaina, the hotel with free WiFi is also 10 km away from Lahaina Boat Harbor. The property is non-smoking and is located 1 km from Honokowai Beach Park.,,,,
Hawaii,Maui,20.69028,-156.4424,Wailea Elua #0302 Condo,4.0,"""Located in Wailea within 1.1 km of Ulua Beach and 1.1 km of Wailea Beach", Wailea Elua #0302 by Alii Resorts provides rooms with free WiFi. The property is around 1.3 km from Mokapu Beach, 2.9 km from Wailea Emerald Course and 31 km from Iao Valley State Park. Local points of interest like Front Street Lahaina and Wailea Blue Course are reachable within 45 km and 2.6 km, respectively.,,,
Hawaii,Maui,20.91615,-156.38232,Paia Beach Luxury Home,5.0,"""Situated in Paia", within a few steps of Paia Bay Beach and less than 1 km of Ho okipa Beach Park, Paia Beach Luxury Home offers accommodation with free WiFi, air conditioning, a garden and barbecue facilities. Boasting free private parking, the holiday home is in an area where guests can engage in activities such as hiking, snorkelling and diving.
Hawaii,Maui,20.70571,-156.44664,Kihei Surfside #612 Condo,4.0,"""Featuring 4-star accommodation", Kihei Surfside #612 by Alii Resorts is situated in Wailea, 800 metres from Mokapu Beach and less than 1 km from Kamaole Beach. This 4-star resort offers free WiFi. The property is non-smoking and is set 300 metres from Keawakapu Beach.,,,,
Hawaii,Maui,20.71897,-156.44766,Royal Mauian #114,4.0,"""Located in Kihei", within a few steps of Kamaole Beach and 1.1 km of Cove Beach, Royal Mauian #114 by Alii Resorts provides accommodation with free WiFi. The property is set 2.1 km from Keawakapu Beach, 2.4 km from Mokapu Beach and 6.3 km from Wailea Emerald Course. Local points of interest like Lahaina Historic District and Front Street Lahaina are reachable within 42 km and 43 km, respectively.,,
Hawaii,Maui,20.68561,-156.43422,Wailea Ekolu #914 Condo,4.0,"""Wailea Ekolu #914 by Alii Resorts features accommodation with free WiFi in Wailea", ideally situated 1.7 km from Ulua Beach and 1.9 km from Wailea Beach. The property is situated 31 km from Iao Valley State Park, 44 km from Lahaina Boat Harbor and 44 km from Lahaina Historic District. Front Street Lahaina is 44 km away and Wailea Gold Course is 1.4 km from the resort.,,,,
Hawaii,Maui,20.69028,-156.4424,Wailea Elua #0202 Condo,4.0,"""Offering free WiFi", Wailea Elua #0202 by Alii Resorts offers accommodation in Wailea, 1.1 km from Ulua Beach and 1.1 km from Wailea Beach. The property is around 1.3 km from Mokapu Beach, 2.9 km from Wailea Emerald Course and 31 km from Iao Valley State Park. Local points of interest like Front Street Lahaina and Wailea Blue Course are reachable within 45 km and 2.6 km, respectively.,,
Hawaii,Maui,20.69028,-156.4424,Wailea Elua #0909 Condo,4.0,"""Set in Wailea", within 1.1 km of Ulua Beach and 1.1 km of Wailea Beach, Wailea Elua #0909 by Alii Resorts offers free WiFi. The property is situated 1.3 km from Mokapu Beach, 2.9 km from Wailea Emerald Course and 31 km from Iao Valley State Park. The property is located 45 km from Front Street Lahaina and 2.6 km from Wailea Blue Course.,,,
Hawaii,Maui,20.71379,-156.44445,Haleakala Shores #B 309 Condo,5.0,"""Situated in Wailea", within 8 km of Makena Landing Beach Park, Haleakala Shores #A-408 offers accommodation with air conditioning. This holiday home provides accommodation with free WiFi.,,,,
Hawaii,Maui,20.74647,-156.4566,Aloha KAI Resort Condo,5.0,"""Situated in Kihei", Aloha KAI - Resort Condo features accommodation with free WiFi, air conditioning, free bikes and access to a garden with a year-round outdoor pool. Boasting free private parking, the apartment is in an area where guests can engage in activities such as hiking and cycling.,,
Hawaii,Maui,20.95554,-156.68558,Hale Kai 208,5.0,"""Hale Kai 208 Apartment offers accommodation in Honokowai", 33 km from Paia. Hale Kai 208 Apartment boasts views of the sea and is 9 km from Lahaina.,,,,,
Hawaii,Maui,20.97408,-156.679,Pohailani Maui 115,5.0,"""Pohailani Maui 115", a property with a garden, is set in Lahaina, 12 km from Lahaina Historic District, 12 km from Front Street Lahaina, as well as 13 km from Lahaina Boat Harbor. The air-conditioned accommodation is 2.5 km from Napili Beach, and guests benefit from private parking available on site and free WiFi.
Hawaii,Maui,20.99522,-156.66498,Napili Gardens 11,5.0,"""Featuring a spa bath", Residence at the Bay 11 is located in Kahana. The air-conditioned accommodation is 150 metres from Napili Beach, and guests benefit from private parking available on site and free WiFi.,,,,
Hawaii,Maui,20.97227,-156.67909,Royal Kahana Resort #612,5.0,"""Set just 2.7 km from Napili Beach", Royal Kahana Resort #612 offers accommodation in Kahana with access to a fitness centre, a terrace, as well as a concierge service. This property offers access to ping-pong.,,,
Hawaii,Maui,20.98495,-156.67172,Kahana Sunset E 11 Condo,5.0,"""Located in Kahana", just 1.1 km from Napili Beach, Kahana Sunset E 11 Condo provides beachfront accommodation with a garden and free WiFi. Guests benefit from a patio and a childrens playground.,,,,
Hawaii,Maui,21.00166,-156.66323,Kapalua Bay Villa 23g1,5.0,"""Boasting a spa bath", Kapalua Bay Villa 23G1 is set in Kahana. The air-conditioned accommodation is 2.3 km from Slaughterhouse Beach, and guests benefit from private parking available on site and free WiFi.,,,,
Hawaii,Maui,20.99863,-156.65827,Kapalua Golf Villa 24t4,5.0,"""Featuring air-conditioned accommodation with a balcony", Kapalua Golf Villa 24T4 is set in Kahana. The holiday home is 2.1 km from Slaughterhouse Beach.,,,,,
Hawaii,Maui,20.99863,-156.65827,Kapalua Golf Villas 24t8,5.0,"""Featuring a spa bath", Kapalua Golf Villas 24T8 is set in Kahana. The air-conditioned accommodation is 600 metres from Oneloa Bay Beach, and guests benefit from complimentary WiFi and private parking available on site.,,,,
Hawaii,Maui,21.00164,-156.66142,Kapalua Ridge Villa 1922,5.0,"""Kapalua Ridge Villa 1922 is situated in Kahana. The property has sea views.",,,,,,
Hawaii,Maui,21.00164,-156.66142,Kapalua Ridge Villa 2522,5.0,"""Kapalua Ridge Villa 2522 offers accommodation in Kahana", 2.2 km from Slaughterhouse Beach. This holiday home offers free private parking, an ATM and free WiFi.,,,,
Hawaii,Maui,20.99752,-156.666,Napili Lani 320,3.0,"""Featuring a spa bath", Napili Lani 320 is located in Kahana. The air-conditioned accommodation is 100 metres from Napili Beach, and guests benefit from private parking available on site and free WiFi.,,,,
Hawaii,Maui,20.97206,-156.67948,Treat Yourself to Maui Beautifully Updated Ocean View Studio W ac,5.0,"""Featuring sea views", Royal Kahana 405 provides accommodation with a balcony and a coffee machine, around 2.8 km from Napili Beach.,,,,
Hawaii,Maui,20.6965,-156.42815,Hale Alana,5.0,"""Hale Alana is a detached holiday home with a garden", set in Kihei in the Maui Region. The property features views of the sea.,,,,,
Hawaii,Maui,20.76308,-156.459,Menehune Shores #623 Condo,4.0,"""Located in Kihei", within a few steps of Waipuilani Beach and 300 metres of Kalepolepo Beach, Menehune Shores #623 by Alii Resorts provides accommodation with an outdoor swimming pool and free WiFi. The property is around 600 metres from Mai Poina Beach, 12 km from Wailea Emerald Course and 21 km from Iao Valley State Park. Local points of interest like Front Street Lahaina and Kapalua Plantation Course are reachable within 34 km and 50 km, respectively.,,
Hawaii,Maui,20.7592,-156.458,Kauhale Makai #532,5.0,"""Located in Kihei", 1 km from Mai Poina Beach and 3.7 km from Cove Park, KAUHALE MAKAI #532 offers air conditioning. This holiday home is 2.8 km from Kihei Town Center Shopping Center and 3 km from Kalama Park.,,,,
Hawaii,Maui,20.71661,-156.44369,Kihei Akahi D604,3.0,"""Kihei Akahi D604 condo in Wailea offers accommodation with free WiFi", 1.4 km from Cove Beach, 1.4 km from Keawakapu Beach and 8 km from Makena Landing Beach Park. Situated 300 metres from Kamaole Beach, the property features a garden and free private parking.,,,
Hawaii,Maui,20.7303,-156.45127,Island Surf 402,5.0,"""Island Surf 402 condo is situated in Kihei", 300 metres from Cove Beach and 700 metres from Kamaole Beach, in an area where cycling can be enjoyed. This apartment features free private parking, an ATM and free WiFi.,,,
Hawaii,Maui,20.71897,-156.44766,Royal Mauian #606 Condo,4.0,"""Situated in Kihei", within a few steps of Kamaole Beach and 1.1 km of Cove Beach, Royal Mauian #606 by Alii Resorts features free WiFi. The property is around 2.1 km from Keawakapu Beach, 2.4 km from Mokapu Beach and 6.3 km from Wailea Emerald Course. Lahaina Historic District is 42 km away and Front Street Lahaina is 43 km from the resort.,,,
Hawaii,Maui,20.76308,-156.459,Menehune Shores 510,4.0,"""Offering free WiFi", Menehune Shores #510 by Alii Resorts offers accommodation in Kihei, a few steps from Waipuilani Beach and 300 metres from Kalepolepo Beach. The property is around 600 metres from Mai Poina Beach, 12 km from Wailea Emerald Course and 21 km from Iao Valley State Park. The property is set 34 km from Front Street Lahaina and 50 km from Kapalua Plantation Course.,,,
Hawaii,Maui,20.75547,-156.45698,Aloha Mai2,5.0,"""Featuring an outdoor swimming pool", a fitness centre, and a garden, Aloha MAI2 features accommodation in Kihei with free WiFi and sea views. Situated 300 metres from Waipuilani Beach, the property provides a terrace and free private parking.,,
Hawaii,Maui,20.7561,-156.4598,Maui Sunset B204,5.0,"""Boasting sea views", Maui Sunset B204 condo offers accommodation with a garden and a balcony, around a few steps from Waipuilani Beach. This apartment features free private parking, an ATM and free WiFi.,,,
Hawaii,Maui,20.71551,-156.44428,Maui Banyan Q 203,5.0,"""Located in Wailea in the Hawaii region", with Kamaole Beach and Cove Beach nearby, Maui Banyan G203a provides accommodation with free WiFi and free private parking, as well as access to a hot tub.,,,
Hawaii,Maui,20.71307,-156.44327,Kamaole Sands 3 405,5.0,"""Set in Wailea", within 1.7 km of Cove Beach and 7 km of Makena Landing Beach Park, Kamaole Sands 3-406 offers accommodation with free WiFi, air conditioning, an outdoor swimming pool and a garden. It is situated 10 km from Molokini Island and offers a 24-hour front desk.,,
Hawaii,Maui,20.96299,-156.68338,Polynesian Shores 102,5.0,"""Boasting sea views", Polynesian Shores 102 is situated in Honokowai, around 2.7 km from Keonenui Beach. This beachfront property offers access to a patio and free WiFi.,,,,
Hawaii,Maui,20.79272,-156.50955,Milowai 106,5.0,"""106 Milowai is a beachfront property situated in Wailuku", 15 km from Iao Valley State Park and 15 km from Iao Needle State Monument. The air-conditioned accommodation is 500 metres from Maalaea Beach, and guests benefit from complimentary WiFi and private parking available on site.,,,,
Hawaii,Maui,20.70385,-156.44791,Hale Hui Kai #203,5.0,"""Set a few steps from Keawakapu Beach", 700 metres from Mokapu Beach and less than 1 km from Kamaole Beach, Hale Hui Kai #203 features accommodation located in Kihei. Situated on the beachfront, this property features a restaurant, a garden and a terrace.,,
Hawaii,Maui,20.70385,-156.44791,Hale Hui Kai #201,5.0,"""Situated in Kihei", 150 metres from Keawakapu Beach and 500 metres from Mokapu Beach, Hale Hui Kai #201 offers air conditioning. Set on the beachfront, this property features a restaurant, a garden and a terrace.,,
Hawaii,Maui,20.92022,-156.49271,Charming Direct Oceanfront North Shore Beach House,5.0,"""Set in Wailuku in the Hawaii region", Charming Direct Oceanfront North Shore Beach House has a balcony. The air-conditioned accommodation is 200 metres from Waiehu Beach Park, and guests benefit from private parking available on site and free WiFi.,,,,
Hawaii,Maui,20.78528,-156.46715,Sugar Beach Resort #414 Condo,4.0,"""Set in Kihei", within a few steps of Maalaea Beach and 800 metres of Mai Poina Beach, Sugar Beach Resort #414 by Alii Resorts offers accommodation with free WiFi. The property is located 2.5 km from Kalepolepo Beach, 3 km from Waipuilani Beach and 14 km from Wailea Emerald Course. Lahaina Historic District is 31 km away and Front Street Lahaina is 32 km from the resort.,,,
Hawaii,Maui,20.72993,-156.45065,Island Surf 614,5.0,"""Island Surf 614 condo is set in Kihei", 600 metres from Kamaole Beach, 7.2 km from Wailea Emerald Course, as well as 25 km from Iao Valley State Park. The accommodation is 300 metres from the Cove Beach and has free WiFi throughout the property.,,,
Hawaii,Maui,20.95801,-156.685,Kaleialoha 205,5.0,"""Kaleialoha 205 offers accommodation in Honokowai. Kaleialoha 205 features views of the sea and is 33 km from Paia.",,,,,,
Hawaii,Maui,20.78528,-156.46715,Sugar Beach Resort #ph12,4.0,"""Featuring 4-star accommodation", Sugar Beach Resort #PH12 by Alii Resorts is set in Kihei, 800 metres from Mai Poina Beach and 2.5 km from Kalepolepo Beach. This 4-star resort offers free WiFi. The property is non-smoking and is situated a few steps from Maalaea Beach.,,,,
Hawaii,Maui,20.78233,-156.46337,Kihei Beach Resort 202,5.0,"""Kihei Beach Resort 202 is set in Kihei", 100 metres from Mai Poina Beach, 1.9 km from Kalepolepo Beach, and 13 km from Wailea Emerald Course. The air-conditioned accommodation is a few steps from Maalaea Beach, and guests benefit from private parking available on site and free WiFi.,,
Hawaii,Maui,20.96182,-156.68346,Kuleana 310,5.0,"""Set 4.3 km from Ka anapali Beach in Lahaina", this apartment features a patio with sea views. The apartment is 10 km from Front Street Lahaina.,,,,,
Hawaii,Maui,20.89067,-156.6852,Lahaina Roads 309,5.0,"""Located 1.7 km from Front Street Lahaina", Lahaina Roads 309 offers accommodation in Lahaina. Guests benefit from terrace.,,,,,
Hawaii,Maui,20.78233,-156.46337,Kihei Beach #103,4.0,"""Offering sea views", Kihei Beach Resort 410 is an accommodation set in Kihei, 6 km from Cove Park and 8 km from Kihei Regional Park. The air-conditioned accommodation is 100 metres from Mai Poina Beach, and guests benefit from complimentary WiFi and private parking available on site.,,,
Hawaii,Maui,20.78227,-156.46356,Kihei Beach #203,4.0,"""Featuring 4-star accommodation", Kihei Beach #203 by Alii Resorts is situated in Kihei, 100 metres from Mai Poina Beach and 1.9 km from Kalepolepo Beach. This 4-star resort offers free WiFi. The property is non-smoking and is located a few steps from Maalaea Beach.,,,,
Hawaii,Maui,20.78227,-156.46356,Kihei Beach #403,4.0,"""Set in Kihei within a few steps of Maalaea Beach and 100 metres of Mai Poina Beach", Kihei Beach #403 by Alii Resorts offers rooms with free WiFi. The property is situated 1.9 km from Kalepolepo Beach, 2.4 km from Waipuilani Beach and 13 km from Wailea Emerald Course. Attractions in the area include Lahaina Historic District, 32 km away, or Front Street Lahaina, located 32 km from the property.,
Hawaii,Maui,20.78378,-156.46454,Maalaea Surf #h 3,5.0,"""Located in Kihei", this air-conditioned apartment features a terrace. The apartment is 1.6 km from Kihei Beach Resort.,,,,,
Hawaii,Maui,20.92722,-156.69072,Maui Eldorado Resort D204,5.0,"""Situated in Lahaina", 1.8 km from Hanakaoo Beach Park and 7 km from Lahaina Historic District, Maui Eldorado Resort D204 offers air conditioning. It is located 7 km from Front Street Lahaina and features an ATM.,,,,
Hawaii,Maui,20.76308,-156.459,Menehune Shores #424,4.0,"""Offering free WiFi", Menehune Shores #218 by Alii Resorts is set in Kihei, a few steps from Waipuilani Beach and 300 metres from Kalepolepo Beach. The property is located 600 metres from Mai Poina Beach, 12 km from Wailea Emerald Course and 21 km from Iao Valley State Park. Attractions in the area include Front Street Lahaina, 34 km away, or Kapalua Plantation Course, situated 50 km from the property.
Hawaii,Maui,20.7141,-156.44439,Kamaole Sands 8 205 Condo,5.0,"""Featuring an outdoor pool and sea views", Kamaole Sands 8-205 - Two Bedroom Condo is located in Wailea. This holiday home provides free private parking, a 24-hour front desk and free WiFi.,,,,
Hawaii,Maunaloa,21.1858904,-157.2453548,Castle Kaluakoi Villas,2.0,"""HotelDescription#The villas are located on the west coast of the beautiful island of Molokai. Guests can sunbathe on an exclusive white sand beach or stroll in the beautifully landscaped grounds. Restaurants are located within a 15-minute drive in Molokai Ranch or a 30-minute drive in Kaunakakai. The hotel is just 21 km from Molokai Airport.",,,,,,
Hawaii,Maunaloa,21.18709,-157.24546,Molokai Ocean View Condo,5.0,"""Set in Maunaloa", this apartment features a terrace. Guests benefit from free WiFi and private parking available on site.,,,,,
Hawaii,Oahu,21.283066,-157.831264,Waikiki Gateway Hotel,4.0,"""Your Hawaii experience begins at the crossroads of Waikiki.",,,,,,
Hawaii,Oahu,21.27986,-157.82396,Fairway Villa,5.0,"""Offering mountain views", Fairway Villa #914 is an accommodation located in Honolulu, 800 metres from Kuhio Beach and 1.3 km from Fort DeRussy Beach. The air-conditioned accommodation is 600 metres from Waikiki Beach, and guests benefit from private parking available on site and free WiFi.,,,
Hawaii,Oahu,21.47531,-158.201906,Makaha Resort And Golf Club,3.0,"""HotelDescription#The hotel is located in the Makaha Valley", just a 3-minute drive from Makaha Beach, famous for surfing. Pearl Harbour is just a 45-minute drive away, while Dole Plantation is 50 minutes away and the Sea Life Park is around an hour from the hotel, which is approximately 45 minutes from Honolulu International Airport.,,
Hawaii,Oahu,21.28535,-157.83791,Execustay Discovery Bay,5.0,"""Located in Honolulu", 2.2 km from Queens Surf Beach and less than 1 km from Hawaii Convention Center, Waikiki Vacation 10 provides accommodation with free WiFi, air conditioning, a restaurant and a fitness centre. Private parking is available on site.,,
Hawaii,Oahu,21.28694,-157.83263,Waikiki Monarch Hotel,5.0,"""Boasting city views", Hawaiian Monarch Penthouse 104 by Hawaii Ocean Club offers accommodation with a restaurant, a bar and barbecue facilities, around less than 1 km from Fort DeRussy Beach. The air-conditioned accommodation is less than 1 km from Kahanamoku Beach, and guests benefit from private parking available on site and free WiFi.,,
Hawaii,Oahu,21.64488,-158.06335,Backpackers Vacation Inn and Plantation Village,1.0,"""This hostel is located in Haleiwa", Hawaii and across the street from Three Tables Beach. This hostel provides a kitchen area and cable TV.,,,,,
Hawaii,Oahu,21.28016,-157.82748,Marine Surf Waikiki,5.0,"""Located in Honolulu", 500 metres from Waikiki Beach and 700 metres from Kuhio Beach, Heart of Waikiki Marine Surf Waikiki Condo provides accommodation with free WiFi, air conditioning, an outdoor swimming pool and a terrace. Private parking is available on site.,,
Hawaii,Oahu,21.27216,-157.82157,Polynesian Hostel Beach Club,4.0,"""Located on the southern coast of Honolulu Island", this hostel is one block from Kuhio Beach and the Honolulu Zoo. The Polynesian Hostel offers comfortable accommodations.,,,,,
Hawaii,Oahu,21.360468563476,-157.88737535477,Tripler Army Medical Center,3.0,HotelDescription#Further information about this hotel will be available shortly,NO Connecting rooms NO Garage NO Wheelchair-accessible NO Smoking rooms NO Car park NO Large pets allowed (over 5 kg) NO Disability-friendly bathroom NO Small pets allowed (under 5 kg),,Jarrett White Road Tripler Army Medical CenterHonoluluHawaii 96859 ,96859,8088392336,http://www.ihgarmyhotels.com/pal/en/us/hotel/MFTRB
Hawaii,Oahu,21.33504,-158.12274,Beach Villa Resort Ko Olina Beach Condo Rentals,5.0,"""Located in Kapolei", Luxurious Ocean View Beach Villa B-903 at KoOlina Beach Villas offers a terrace with sea and mountain views, as well as a year-round outdoor pool, fitness centre and sauna. This apartment features a garden, barbecue facilities, free WiFi and free private parking.,
Hawaii,Oahu,21.2804171,-157.8309256,Hawaiiana Hotel,2.0,"""HotelDescription#Located only a short stroll away from the beach this hotel is a great value in a nice and private setting. Only 1 minute walk to Kalakaua Avenue", Planet Hollywood and other attractions. Distance to Honolulu Airport is about 16 km.,,,,,
Hawaii,Oahu,21.27863,-157.83135,Imperial Hawaii Resort At Waikiki,3.0,"""Set moments from Waikiki Beach and offering easy access to a variety of area attractions", the  Imperial Hawaii Resort at Waikiki features spacious accommodations along with a variety of modern and thoughtful amenities.,,,,,
Hawaii,Oahu,21.2808,-157.82493,Holiday Surf Hotel,3.0,"""Close to many of Honolulus most popular attractions", including the famed Waikiki Beach, this family-owned hotel offers spacious accommodations, furnished with all the comforts of home, including full kitchens.,,
Hawaii,Oahu,21.2767,-157.8233,Waikiki Park Heights,5.0,"""Situated in Honolulu", 2.4 km from Magic Island Lagoon Beach and 400 metres from Saint Augustine by-the-Sea, Waikiki Park Heights #1503 features air-conditioned accommodation with a balcony and free WiFi. It is located 700 metres from Waikiki Shell and provides an ATM.,,,,
Hawaii,Oahu,21.27665,-157.82315,Jenny's Cottage Waikiki,5.0,"""Located 300 metres from Saint Augustine by-the-Sea in Honolulu", this apartment features a year-round outdoor pool. Guests benefit from terrace. Private parking is available on site.,,,,,
Hawaii,Oahu,21.28058,-157.82733,Douglas Waikiki,5.0,"""Royal Hawaiian Hospitality offers accommodation in Honolulu. It features views of the mountains and is 200 metres from Waikiki Beach Area.",,,,,,
Hawaii,Oahu,21.27554,-157.82306,Aqua Kuhio Village,2.0,"""Featuring a terrace", KUHIO VILLAGE 1103 is situated in the Waikiki district of Honolulu, only 700 metres from Saint Augustine by-the-Sea. Guests staying at this apartment have access to a balcony.,,,,
Hawaii,Oahu,21.6937,-158.0171,North Shore Country Villa,4.0,"""North Shore Country Villa is a private stand-alone home located 1.6 km from Turtle Bay Resort on the famous North Shore of Oahu. This villa features 4 bedrooms with king size beds", 3.5 bathrooms, 2 queen sofa beds and a game/exercise room. The property is 46 km from Honolulu and features both mountain, pasture and ocean views. Free WiFi is provided throughout the property.,,,
Hawaii,Oahu,21.28447,-157.83834,Renaissance Ilikai Waikiki Hotel,3.0,"""Waikiki Marina Resort at the Ilikai is adjacent to Waikiki Beach and 12 minutes walk from Ala Moana State Recreation Area. It features a restaurant with international cuisine and suites with private balconies. An outdoor swimming pool is also provided for guests.",,,,,,
Hawaii,Oahu,21.29969,-157.822,Hostelling International Honolulu,2.0,"""Located 9 minutes drive from Prince Kuhio Beach", the Honolulu University Hostel features beds in all male or all female dormitories. Free WiFi is provided.,,,,,
Hawaii,Oahu,21.4956,-158.03327,Aloha Wahiawa,5.0,"""Offering a barbecue and terrace", Aloha Wahiawa is located in Wahiawa, 28 km from Honolulu.,,,,
Hawaii,Pahala,19.20206,-155.47574,Ohia at Pahala Plantation Cottages,5.0,"""Offering free WiFi access", Ohia at Pahala Plantation Cottages is 8 minutes drive away from Punaluu County Beach Park. A cable TV is provided in this holiday home.,,,,,
Hawaii,Pahala,19.20209,-155.47466,Hapuu at Pahala Plantation Cottages,3.0,"""Located in Pahala", this historic cottage is located 15 minutes drive Hawaii Volcanoes National Park. Free WiFi access and a fully-equipped kitchen is available at Hapuu at Pahala Plantation Cottages.,,,,,
Hawaii,Paia,20.91609,-156.38202,Paia Inn,3.0,"""Located on Mauis North Shore", this boutique property in Paia town offers access to 3 miles of white sand beach, relaxing amenities and convenient access to a wide range of activities.,,,,
Hawaii,Paia,20.91615,-156.38232,Paia Beach Luxury Home,5.0,"""Situated in Paia", within a few steps of Paia Bay Beach and less than 1 km of Ho okipa Beach Park, Paia Beach Luxury Home offers accommodation with free WiFi, air conditioning, a garden and barbecue facilities. Boasting free private parking, the holiday home is in an area where guests can engage in activities such as hiking, snorkelling and diving.
Hawaii,Poipu,21.87567,-159.44647,Regency,5.0,"""Boasting air-conditioned accommodation with a balcony", Regency at Poipu Kai #914 is situated in Koloa. It is set less than 1 km from Shipwreck Beach and features an ATM.,,,,,
Hawaii,Poipu,21.87456,-159.44675,The Villas at Poipu Kai,,"""Poipu Beach Park is just a 12-minute walk from this Koloa resort", which offers a tropical outdoor pool, hot tub and fitness center. Its modern, spacious three to four-bedroom villas feature private balconies.,,,
Hawaii,Poipu,21.873992097206,-159.45144116879,Hale Pohaku Beachside Resort,3.0,HotelDescription#Further information about this hotel will be available shortly,NO Car park NO Connecting rooms NO Smoking rooms NO Garage NO Large pets allowed (over 5 kg) NO Disability-friendly bathroom NO Small pets allowed (under 5 kg) NO Wheelchair-accessible,,2225 - 2231 Pane Road 96756 KoloaHawaii ,96756,8082129749,http://www.vacationrental-kauai.com/
Hawaii,Poipu,21.87759,-159.46496,Poipu Kapili,5.0,"""Situated in Koloa", 2.6 km from Shipwreck Beach and 3.6 km from Prince Kuhio Park, Poipu Kapili 46 Condo features air-conditioned accommodation with a balcony and free WiFi. It is set 4.4 km from Spouting Horn and offers an ATM.,,,,
Hawaii,Poipu,21.87303,-159.44852,Hideaway Cove Poipu Beach,4.0,"""Situated on half an acre of tropical landscape on the island of Kauai", these individual Hawaii guest accommodations feature fully-equipped kitchens or kitchenettes and ocean and garden views.  The white sands of Poipu Beach are 5 minutes walk away.,,,,,
Hawaii,Poipu,21.88162,-159.46719,Waikomo Stream Villas Unit WS320,3.0,"""Located in the Poipu district of Koloa", Waikomo Stream Villas Unit WS320 provides accommodation with a private pool, free WiFi and a concierge service. Guests benefit from a balcony and an outdoor pool.,,,,
Hawaii,Poipu,21.8726,-159.44834,Nihi Kai Villas Unit #826,3.0,"""Situated in Koloa", within less than 1 km of Shipwreck Beach and 2.4 km of Prince Kuhio Park, Nihi Kai Villas Unit #826 offers accommodation with free WiFi, air conditioning, an outdoor swimming pool and a garden. This beachfront property offers access to a balcony and free private parking.,,
Hawaii,Poipu,21.8691,-159.44573,Poipu Makai D1 Oceanfront Priceless Views Sea Turtles,5.0,"""Poipu Makai D1 is an apartment located in Koloa", 1.6 km from Prince Kuhio Park. The apartment is 6 km from Spouting Horn.,,,,,
Hawaii,Poipu,21.88032,-159.46838,Nihi Kai Villas Unit #500,2.0,"""Set in Koloa", 3 km from Shipwreck Beach and 3.5 km from Spouting Horn, Nihi Kai Villas Unit #500 offers accommodation with free WiFi, air conditioning, an outdoor swimming pool and a tennis court. This holiday home has a private pool, a garden and free private parking.,
Hawaii,Poipu,21.8726,-159.44834,Nihi Kai Villas Unit #201,3.0,"""Situated 300 yards from Brennecke Beach and Poipu Beach State Park", Two-Bedroom Apartment Unit 201 at Nihi Kai Villas offers accommodation in Koloa.,,,,,
Hawaii,Poipu,21.8726,-159.44834,Nihi Kai Villas Unit #200,3.0,"""Two-Bedroom Apartment Unit 200 at Nihi Kai Villas offers a beachfront accommodation with views of the sea. Located in Kauai", it is 5 minutes walk to Poipu Beach.,,,,,
Hawaii,Poipu,21.8726,-159.44834,Nihi Kai Villas Unit #203,3.0,"""Two-Bedroom Apartment Unit 203 at Nihi Kai Villas offers a beachfront accommodation with views of the sea. Located in Kauai", it is 5 minutes walk to Poipu Beach.,,,,,
Hawaii,Poipu,21.8726,-159.44834,Nihi Kai Villas Unit #402,3.0,"""Located in Koloa", Two-Bedroom Apartment Unit 402 at Nihi Kai Villas offers a fully equipped kitchen and free WiFi. This accommodation is 1.5 km from Prince Kuhio Park.,,,,,
Hawaii,Poipu,21.8726,-159.44834,Nihi Kai Villas Unit #524,3.0,"""Situated 1.5 km from Prince Kuhio Park and 5 km from Spouting Horn Beach Park", Two-Bedroom Apartment Unit 524 at Nihi Kai Villas offers accommodation in Koloa.,,,,,
Hawaii,Poipu,21.8726,-159.44834,Nihi Kai Villas Unit #820,3.0,"""Situated 1.5 km from Prince Kuhio Park and 5 km from Spouting Horn Beach Park", Two-Bedroom Apartment Unit 820 at Nihi Kai Villas offers accommodation in Koloa.,,,,,
Hawaii,Poipu,21.8726,-159.44834,Nihi Kai Villas Unit #300,3.0,"""Located in Koloa", less than 1 km from Shipwreck Beach and 2.4 km from Prince Kuhio Park, Nihi Kai Villas Unit #300 offers an outdoor swimming pool and air conditioning. This apartment features a private pool, a garden, barbecue facilities, free WiFi and free private parking.,
Hawaii,Poipu,21.8726,-159.44834,Nihi Kai Villas Unit #401,3.0,"""In the Poipu district of Koloa", close to Shipwreck Beach, Nihi Kai Villas Unit #401 features a tennis court and a washing machine. This apartment has a private pool, a garden, barbecue facilities, free WiFi and free private parking.,
Hawaii,Poipu,21.8726,-159.44834,Nihi Kai Villas Unit #521,3.0,"""Set in Koloa", less than 1 km from Shipwreck Beach and 2.4 km from Prince Kuhio Park, Nihi Kai Villas Unit #521 offers accommodation with free WiFi, air conditioning, an outdoor swimming pool and a garden. This beachfront property offers access to a balcony and free private parking.,,
Hawaii,Poipu,21.8726,-159.44834,Nihi Kai Villas Unit #808,3.0,"""Located in Koloa", just less than 1 km from Shipwreck Beach, Nihi Kai Villas Unit #808 provides beachfront accommodation with an outdoor swimming pool, a garden, a tennis court and free WiFi. This apartment features free private parking and a concierge service.,,
Hawaii,Poipu,21.8726,-159.44834,Nihi Kai Villas Unit #703,3.0,"""Set in Koloa", less than 1 km from Shipwreck Beach and 2.4 km from Prince Kuhio Park, Nihi Kai Villas Unit #703 offers an outdoor swimming pool and air conditioning. This apartment has a private pool, a garden, barbecue facilities, free WiFi and free private parking.,
Hawaii,Poipu,21.8726,-159.44834,Nihi Kai Villas Unit #825,3.0,"""Located in Koloa", just less than 1 km from Shipwreck Beach, Nihi Kai Villas Unit #825 provides beachfront accommodation with an outdoor swimming pool, a garden, a tennis court and free WiFi. This property offers access to a balcony and free private parking.,,
Hawaii,Poipu,21.8726,-159.44834,Nihi Kai Villas Unit #700,3.0,"""Set in Koloa", just less than 1 km from Shipwreck Beach, Nihi Kai Villas Unit #700 offers beachfront accommodation with an outdoor swimming pool, a garden, a tennis court and free WiFi. This property offers access to a balcony and free private parking.,,
Hawaii,Poipu,21.8726,-159.44834,Nihi Kai Villas Unit #832,3.0,"""In the Poipu district of Koloa", close to Shipwreck Beach, Nihi Kai Villas Unit #832 has an outdoor swimming pool and a washing machine. This apartment features a private pool, a garden, barbecue facilities, free WiFi and free private parking.,
Hawaii,Poipu,21.8726,-159.44834,Nihi Kai Villas Unit #827,3.0,"""Located in Koloa", less than 1 km from Shipwreck Beach and 2.4 km from Prince Kuhio Park, Nihi Kai Villas Unit #827 provides accommodation with free WiFi, air conditioning, an outdoor swimming pool and a garden. Set 6 km from Spouting Horn, the property offers a tennis court and free private parking.,
Hawaii,Poipu,21.8726,-159.44834,Nihi Kai Villas Unit #421,3.0,"""In the Poipu district of Koloa", close to Shipwreck Beach, Nihi Kai Villas Unit #421 features a tennis court and a washing machine. This apartment has a private pool, a garden, barbecue facilities, free WiFi and free private parking.,
Hawaii,Poipu,21.8726,-159.44834,Nihi Kai Villas Unit #511,3.0,"""Located 300 yards from Poipu Beach Park snorkeling and surfing", Three-Bedroom Apartment at Nihi Kai Villas includes ocean views and free WiFi. An oceanfront heated outdoor pool is featured on the resort grounds.,,,,,
Hawaii,Poipu,21.8726,-159.44834,Nihi Kai Villas Unit #400,3.0,"""Situated in Koloa", less than 1 km from Shipwreck Beach and 2.4 km from Prince Kuhio Park, Nihi Kai Villas Unit #400 offers an outdoor swimming pool and air conditioning. This apartment has a private pool, a garden, barbecue facilities, free WiFi and free private parking.,
Hawaii,Poipu,21.8726,-159.44834,Nihi Kai Villas Unit #302,3.0,"""In the Poipu district of Koloa", close to Shipwreck Beach, Nihi Kai Villas Unit #302 has a tennis court and a washing machine. This apartment features a private pool, a garden, barbecue facilities, free WiFi and free private parking.,
Hawaii,Poipu,21.8726,-159.44834,Nihi Kai Villas Unit #202,3.0,"""In the Poipu district of Koloa", close to Shipwreck Beach, Nihi Kai Villas Unit #202 has an outdoor swimming pool and a washing machine. This apartment features a private pool, a garden, barbecue facilities, free WiFi and free private parking.,
Hawaii,Poipu,21.8726,-159.44834,Nihi Kai Villas Unit #831,3.0,"""Situated just 2.4 km from Prince Kuhio Park", Nihi Kai Villas Unit #831 features accommodation in Koloa with access to an outdoor swimming pool, a tennis court, as well as a concierge service. This apartment has a private pool, a garden, barbecue facilities, free WiFi and free private parking.
Hawaii,Poipu,21.8726,-159.44834,Nihi Kai Villas Unit #803,3.0,"""Offering an oceanfront heated swimming pool", Nihi Kai Villas Unit #803 is located just 480 meters from Poipu Beach Park. Free WiFi is available.,,,,,
Hawaii,Poipu,21.8726,-159.44834,Nihi Kai Villas Unit #504,3.0,"""Set in Koloa", within less than 1 km of Shipwreck Beach and 2.4 km of Prince Kuhio Park, Nihi Kai Villas Unit #504 offers accommodation with free WiFi, air conditioning, an outdoor swimming pool and a garden. This beachfront property offers access to a balcony and free private parking.,,
Hawaii,Poipu,21.8726,-159.44834,Nihi Kai Villas Unit #823,3.0,"""Situated in Koloa", just less than 1 km from Shipwreck Beach, Nihi Kai Villas Unit #823 features beachfront accommodation with an outdoor swimming pool, a garden, a tennis court and free WiFi. This property offers access to a balcony and free private parking.,,
Hawaii,Poipu,21.8726,-159.44834,Nihi Kai Villas Unit #822,3.0,"""Set in Koloa", just less than 1 km from Shipwreck Beach, Nihi Kai Villas Unit #822 offers beachfront accommodation with an outdoor swimming pool, a garden, a tennis court and free WiFi. This property offers access to a balcony and free private parking.,,
Hawaii,Poipu,21.8726,-159.44834,Nihi Kai Villas Unit #600,3.0,"""Nihi Kai Villas Unit #600 is located in the Poipu district of Koloa", less than 1 km from Shipwreck Beach, 2.4 km from Prince Kuhio Park and 6 km from Spouting Horn. This beachfront property offers access to tennis at the tennis court, free private parking and free WiFi.,,,
Hawaii,Poipu,21.8726,-159.44834,Nihi Kai Villas Unit #807,3.0,"""One-Bedroom One-Bathroom Apartment Unit 807 at Nihi Kai Villas offers accommodation in Koloa", just 275 meters from Poipu Beach State Park. A heated oceanfront pool is featured.,,,,,
Hawaii,Poipu,21.8726,-159.44834,Nihi Kai Villas Unit #503,3.0,"""In the Poipu district of Koloa", close to Shipwreck Beach, Nihi Kai Villas Unit #503 features a tennis court and a washing machine. This apartment has a private pool, a garden, barbecue facilities, free WiFi and free private parking.,
Hawaii,Poipu,21.8726,-159.44834,Nihi Kai Villas Unit #505,3.0,"""In the Poipu district of Koloa", close to Shipwreck Beach, Nihi Kai Villas Unit #505 features a tennis court and a washing machine. This apartment has a private pool, a garden, barbecue facilities, free WiFi and free private parking.,
Hawaii,Poipu,21.8726,-159.44834,Nihi Kai Villas Unit #509,3.0,"""Located in Koloa", within less than 1 km of Shipwreck Beach and 2.4 km of Prince Kuhio Park, Nihi Kai Villas Unit #509 offers accommodation with free WiFi, air conditioning, an outdoor swimming pool and a garden. This beachfront property offers access to a balcony and free private parking.,,
Hawaii,Poipu,21.87102,-159.44459,Mele Kai at Poipu Ocean view,5.0,"""Situated in Koloa", Mele Kai at Poipu, Ocean-View is 1.3 km from Prince Kuhio Park. Spouting Horn is 6 km from the property.,,,,
Hawaii,Poipu,21.87161,-159.44482,Orchid House,5.0,"""Orchid House is a detached holiday home with a 180-degree view of the Pacific Ocean from the terrace", situated in Koloa. Guests benefit from balcony and are walking distance to Poipu Beach.,,,,,
Hawaii,Poipu,21.87479,-159.45096,Hale Kahanalu 4,5.0,"""Offering free WiFi and free private parking", Hale Kahanalu 4 is located in Koloa, within just 200 metres of Brenneckes Beach. The property is 30 km from Wailua Falls and 31 km from Lydgate State Park.,,,,
Hawaii,Poipu,21.87425,-159.4517,Hale Pua Villa Hibiscus Suite,5.0,"""Hale Pua Villa - Hibiscus Suite features a patio and is situated in Koloa", within just 100 metres of Brenneckes Beach and 400 metres of Poipu Beach. This holiday home has a garden, barbecue facilities, free WiFi and free private parking.,,,
Hawaii,Poipu,21.87428,-159.45168,Hale Pua Villa Breakers,5.0,"""Featuring sea views", Hale Pua Villa - Breakers provides accommodation with a patio and a coffee machine, around 2.6 km from Prince Kuhio Park. The air-conditioned accommodation is 1.2 km from Shipwreck Beach, and guests benefit from private parking available on site and free WiFi.,,,
Hawaii,Poipu,21.8726,-159.44834,Nihi Kai Villas #704,5.0,"""Located in Koloa", within less than 1 km of Shipwreck Beach and 2.4 km of Prince Kuhio Park, Nihi Kai Villas Unit #101 offers accommodation with free WiFi, air conditioning, an outdoor swimming pool and a garden. This property offers access to a balcony and free private parking.,,
Hawaii,Poipu,21.89792,-159.4657,Waikomo Stream Villas Unit WS433,5.0,"""Featuring garden views", Waikomo Stream Villas Unit WS433 provides accommodation with an outdoor swimming pool and a balcony, around 2.5 km from Kiahuna Beach. This apartment has a garden, barbecue facilities, free WiFi and free private parking.,,
Hawaii,Poipu,21.87409,-159.44831,Poipu Manualoha 804 Gardenview 2BR 2BA,5.0,"""Boasting a terrace and an ATM", Manualoha 804 is ideally set in Poipu district of Koloa, 700 metres from Poipu Beach and 1 km from Shipwreck Beach. The air-conditioned accommodation is 400 metres from Brenneckes Beach, and guests benefit from private parking available on site and free WiFi.,,,
Hawaii,Poipu,21.87407,-159.45208,Hale Pua Villa Seaside Studio,5.0,"""Located in Koloa in the Hawaii region", Hale Pua Villa - Seaside Studio features a patio and mountain views. The air-conditioned accommodation is 70 metres from Brenneckes Beach, and guests benefit from complimentary WiFi and private parking available on site.,,,,
Hawaii,Poipu,21.88183,-159.4677,Waikomo Stream Villas Unit #331,3.0,"""Featuring garden views", Waikomo Stream Villas Unit #331 features accommodation with barbecue facilities and a balcony, around 3.5 km from Prince Kuhio Park. Located 2 km from Brenneckes Beach, the property provides an outdoor swimming pool and free private parking.,,,
Hawaii,Poipu,21.8726,-159.44834,Nihi Kai Villas Unit #101,5.0,"""Located in Koloa", within less than 1 km of Shipwreck Beach and 2.4 km of Prince Kuhio Park, Nihi Kai Villas Unit #101 offers accommodation with free WiFi, air conditioning, an outdoor swimming pool and a garden. This property offers access to a balcony and free private parking.,,
Hawaii,Poipu,21.88089,-159.47477,Kuhio Shores 410 Ocean Front 2BR,5.0,"""Set 400 metres from Baby Beach and 1.9 km from Kiahuna Beach", Kuhio Shores 410 in Koloa offers air-conditioned accommodation with views of the sea and free WiFi.,,,,,
Hawaii,Poipu,21.86971,-159.44625,Poipu Makai A3 Loft Oceanfront White Water View 2BR,5.0,"""In the Poipu district of Koloa", close to Brenneckes Beach, Poipu Makai A3 features free WiFi and a washing machine. This apartment is 29 km from Wailua Falls and 30 km from Lydgate State Park.,,,,
Hawaii,Poipu,21.87446,-159.45152,Hale Kahana'lu,5.0,"""Hale Kahanalu condo is set in the Poipu district of Koloa", 400 metres from Poipu Beach, less than 1 km from Kiahuna Beach and 30 km from Wailua Falls. The accommodation is 200 metres from Brenneckes Beach, and guests benefit from complimentary WiFi and private parking available on site.,,,
Hawaii,Poipu,21.88461,-159.45782,Pili Mai 8d,5.0,"""Situated in Koloa", 1.5 km from Kiahuna Beach and 2.2 km from Brenneckes Beach, Pili Mai Condominiums by HI features accommodation with free WiFi, air conditioning, an outdoor swimming pool and a garden.,,
Hawaii,Poipu,21.8726,-159.44834,Nihi Kai Villas Unit #508,3.0,"""Situated in Koloa", 250 metres from Brenneckes Beach and 550 metres from Poipu Beach, Nihi Kai Villas Unit #508 features accommodation with free WiFi, air conditioning, an outdoor swimming pool and a terrace. This apartment features a private pool, a garden and free private parking.,
Hawaii,Princeville,22.22761,-159.47482,Sealodge at Princeville,5.0,"""Situated in Princeville and only 700 metres from Sea Lodge Beach", Sealodge H9 Condo features accommodation with sea views, free WiFi and free private parking. This apartment offers accommodation with a balcony.,,,,
Hawaii,Princeville,22.22204,-159.47777,Plantation At Princeville #711,5.0,"""Set in Princeville", 1.4 km from Sea Lodge Beach and 2.4 km from Hideaway Beach, Plantations at Princeville #1212 offers air conditioning. It is situated 2.6 km from Puu Poa Beach and offers an ATM.,,,,
Hawaii,Princeville,22.22143,-159.4777,Sandpiper Village,5.0,"""Located in Princeville", 1.5 km from Sea Lodge Beach and 2.3 km from Hideaway Beach, Sandpiper #116b provides accommodation with amenities such as free WiFi and a TV. This holiday home is 2.5 km from Puu Poa Beach and 38 km from Lydgate State Park.,,,,
Hawaii,Princeville,22.21188984811306,-159.47948031127453,Castle at Princeville Puu Poa,2.0,"""HotelDescription#The hotel is located in the lush tropical resort area of Kauai.",,,,,,
Hawaii,Princeville,22.22489,-159.48949,Castle at Princeville Pali Ke Kua,5.0,"""Set in Princeville", 1.2 km from Hideaway Beach and 1.4 km from Puu Poa Beach, Pali Ke Kua #241 offers air conditioning. It is situated 2.7 km from Sea Lodge Beach and offers an ATM.,,,,
Hawaii,Princeville,22.22483,-159.47815,Paradise Pool Home,5.0,"""Set in Princeville", Paradise Pool Home features a private pool and free WiFi. This holiday home is 3.1 km from Hanalei Beach Park and 7 km from Hanalei Beach.,,,,,
Hawaii,Princeville,22.22527,-159.47258,Kamahana 24 by RedAwning,5.0,"""Featuring an outdoor swimming pool and a terrace", Kamahana 24-great ocean view, upstairs corner, spacious and private, near golf offers accommodation in Princeville with free WiFi and garden views. This apartment features a private pool, a garden and free private parking.,
Hawaii,Princeville,22.22059,-159.4703,Mauna Kai Condos,5.0,"""Mauna Kai 5A Condo is situated in Princeville", 2.8 km from Black Pot Beach, and features a patio, garden, and free WiFi. It is located 4 km from Hanalei Beach Park and provides an ATM.,,
Hawaii,Princeville,22.22495,-159.49064,Pali Ke Kua by Marc Resorts,5.0,"""Boasting sea views", Pali Ke Kua 213 features accommodation with a balcony and a coffee machine, around 500 metres from Hideaway Beach. This property offers access to a patio, free private parking and free WiFi.,,,
Hawaii,Princeville,22.22184,-159.4695,Puamana 25B Condo,5.0,"""Puamana 25B Condo is located in Princeville", 2.9 km from Black Pot Beach, and provides a patio, garden, and free WiFi. It is set 4.2 km from Hanalei Beach Park and offers an ATM.,,
Hawaii,Princeville,22.21957,-159.4936,Hanalei Bay Resort 52012 Condo,5.0,"""Located in Princeville", within 700 metres of Black Pot Beach and 3.7 km of Hanalei Beach Park, Hanalei Bay Resort 52012 Condo offers accommodation with free WiFi, air conditioning and a restaurant. Guests staying at this apartment have access to a patio.,,,
Hawaii,Princeville,22.21957,-159.4936,Hanalei Bay Resort 5202 Condo,5.0,"""Set in Princeville", 700 metres from Black Pot Beach and 3.7 km from Hanalei Beach Park, Hanalei Bay Resort 5202 Condo offers free WiFi, a restaurant and air conditioning. Guests have a private patio.,,,
Hawaii,Princeville,22.22182,-159.46955,Puamana 21D Condo,5.0,"""Boasting a patio with garden views", an outdoor swimming pool and a garden, Puamana 21D-shady ocean view lanai, walk to Anini Beach and more can be found in Princeville, close to Makai Golf Course and 2.5 km from Sea Lodge Beach. This holiday home offers free private parking, an ATM and free WiFi.,
Hawaii,Princeville,22.22382,-159.47631,Kauai Vacation Home,5.0,"""Less than a 10-minute walk from Sea Lodge Beach", Kauai Vacation Home is located in Princeville (Kauai), Hawaii. A fully equipped kitchen and free WiFi access are featured in this holiday home.,,,,
Hawaii,Princeville,22.22153,-159.47858,Plantations #521,5.0,"""Set in Princeville", 1.5 km from Sea Lodge Beach and 2.4 km from Hideaway Beach, Plantations at Princeville #521 offers air conditioning. It is located 2.6 km from Puu Poa Beach and offers an ATM.,,,,
Hawaii,Princeville,22.22672,-159.48037,Cliffs 7303 Condo,5.0,"""Situated in Princeville", 2.2 km from Black Pot Beach, 3.3 km from Hanalei Beach Park and 13 km from Kilauea National Wildlife Refuge, Cliffs 7303 Condo features accommodation with a patio and free WiFi. It is set 2.3 km from Princeville Shopping Center and offers an ATM.,,,
Hawaii,Princeville,22.21957,-159.4936,Hanalei Bay Resort 5201 studio Br Condo,5.0,"""Situated just 700 metres from Black Pot Beach", Hanalei Bay Resort 5201 Condo features accommodation in Princeville with access to a restaurant, a garden, as well as an ATM. Guests staying at this apartment have access to free WiFi and a patio.,,,
Hawaii,Princeville,22.2287,-159.48362,Alii Kai 3103 Condo,5.0,"""Featuring an outdoor swimming pool", a garden, and a terrace, Alii Kai 3103 -watch for whales from oceanfront lanai! View from every window offers accommodation in Princeville with free WiFi and sea views. This property offers a private pool and free private parking.,,,
Hawaii,Princeville,22.22659,-159.48215,Alii Kai 5301 Condo,5.0,"""Alii Kai 5301-oceanfront views from every window", prime top floor corner! is located in Princeville, 2.6 km from Hideaway Beach, and provides a balcony, garden, and free WiFi. Set 1.9 km from Sea Lodge Beach, the property offers an outdoor swimming pool and free private parking.
Hawaii,Princeville,22.22499,-159.48945,Pali Ke Kua 144 w Path to Beach 2BR,5.0,"""Set within 13 km of Kilauea National Wildlife Refuge and 41 km of Opaekaa Falls", Pali Ke Kua 144 provides rooms in Princeville. The property is around 2.7 km from Sea Lodge Beach, 40 km from Lydgate State Park and 2.7 km from Makai Golf Course. The hotel has a garden and offers a childrens playground.,,,,
Hawaii,Princeville,22.22552,-159.48092,Cliffs at Princeville #1208b Garden Unit North Shore Resort,5.0,"""Located in Princeville in the Hawaii region", Cliffs at Princeville #1208B Garden Unit, North Shore Resort features a balcony. This property offers a private pool, free WiFi and free private parking.,,,
Hawaii,Princeville,22.22239,-159.49517,Puu Poa #305,5.0,"""Offering mountain views", Puu Poa #305 is an accommodation situated in Princeville, 600 metres from Puu Poa Beach and 40 km from Lydgate State Park. It is located 400 metres from Hideaway Beach and provides an ATM.,,,,
Hawaii,Princeville,22.22552,-159.48092,Cliffs At Princeville #3201,5.0,"""Located in Princeville", this apartment features an outdoor pool. The apartment is 2.1 km from Hanalei Beach Park.,,,,,
Hawaii,Princeville,22.22047,-159.46994,Mauna Kai 8 Loft 3BR,5.0,"""Offering free WiFi throughout the property", Mauna Kai 8 is located in Princeville, 38 km from Lydgate State Park and 1.4 km from Makai Golf Course. The property is around 1.7 km from Princeville Golf Club Prince Course, 11 km from Kilauea National Wildlife Refuge and 40 km from Opaekaa Falls. The property is non-smoking and is set 2.2 km from Sea Lodge Beach.,,,
Hawaii,Princeville,22.22552,-159.48092,Cliffs at Princeville #7302 Ocean Bluff,5.0,"""Located in Princeville in the Hawaii region", Cliffs at Princeville #1208A Garden Unit, North Shore Resort features a patio. This property offers a private pool, free WiFi and free private parking.,,,
Hawaii,Princeville,22.22793,-159.4831,Ali'i Kai II 12d Bali Hai Mountain Views,5.0,"""Set in Princeville", Alii Kai II 12D, Bali Hai is an apartment boasting an outdoor pool. The apartment is 2.1 km from Hanalei Beach Park.,,,,
Hawaii,Princeville,22.22216,-159.47858,Plantations #1122,5.0,"""Plantations at Princeville 1122 provides free WiFi throughout the property and rooms with air conditioning in Princeville. The property is set 2.5 km from Hideaway Beach", 2.7 km from Puu Poa Beach and 39 km from Lydgate State Park. The property is non-smoking and is located 1.4 km from Sea Lodge Beach.,,,,,
Hawaii,Princeville,22.22229,-159.49535,Pu'u Poa #303,5.0,"""Puu Poa 101 provides free WiFi throughout the property and rooms with air conditioning in Princeville. The property is around 600 metres from Puu Poa Beach", 40 km from Lydgate State Park and 1.6 km from Princeville Golf Club Prince Course. The property is non-smoking and is located 400 metres from Hideaway Beach.,,,,,
Hawaii,Princeville,22.21829,-159.4912,Kahikolu,5.0,"""Set in Princeville", Kahikolu home offers a private pool and free WiFi. This holiday home is 40 km from Lydgate State Park and 1.4 km from Princeville Golf Club Prince Course.,,,,,
Hawaii,Princeville,22.21841,-159.47261,Hale Makamaka Home 5BR Mountain View with AC,5.0,"""Hale Makamaka Home 5BR Mountain View with AC offers accommodation in Princeville", 3.6 km from Hanalei Beach Park. Guests benefit from a patio and a barbecue.,,,,,
Hawaii,Princeville,22.22178,-159.4805,Nihilani 22C,5.0,"""Set in Princeville", 1.7 km from Sea Lodge Beach and 2.4 km from Hideaway Beach, Nihilani 22C offers air conditioning. It is located 2.6 km from Puu Poa Beach and offers an ATM.,,,,
Hawaii,Princeville,22.22476,-159.49115,Pali Ke Kua 102 by RedAwning,5.0,"""Offering sea views", Pali Ke Kua 222 is an accommodation set in Princeville, 450 metres from Hideaway Beach and less than 1 km from Puu Poa Beach. This property offers access to a balcony, free private parking and free WiFi.,,,
Hawaii,Princeville,22.22047,-159.46994,Mauna Kai 8B Loft Air Conditioner 3BR 3BA,5.0,"""Offering free WiFi throughout the property", Mauna Kai 8 is set in Princeville, 2.2 km from Sea Lodge Beach and 38 km from Lydgate State Park. The property is located 1.4 km from Makai Golf Course, 1.7 km from Princeville Golf Club Prince Course and 11 km from Kilauea National Wildlife Refuge. Certain units at the property feature a patio with a garden view.,,,
Hawaii,Princeville,22.22761,-159.47482,Sealodge F6 Oceanfront w full kitchen 1BR,5.0,"""Boasting sea views", Sealodge F6 features accommodation with a balcony and a coffee machine, around 300 metres from Sea Lodge Beach. This property offers access to a patio, free private parking and free WiFi.,,,
Hawaii,Princeville,22.21807,-159.48243,Villas of Kamalii 47,3.0,"""Located 2 km from Hanalei Beach Park in Princeville", Villas of Kamalii 47 home offers accommodation with a kitchen. This holiday home is 6 km from Hanalei Beach.,,,,,
Hawaii,Princeville,22.22107,-159.48993,Bali Hai View,5.0,"""Bali Hai View home offers accommodation in Princeville", 2.9 km from Hanalei Beach Park. Guests staying at this holiday home have access to a patio.,,,,,
Hawaii,,19.42982,-155.21846,Pele Noe Home,5.0,"""Set in Volcano", 19 km from Kilauea, Pele Noe offers accommodation with a garden, free WiFi and an ATM. The property features garden views and is 37 km from Panaewa Rainforest Zoo and 41 km from University of Hawaii, Hilo.,,
Hawaii,,19.44397,-155.27974,Volcano Cottage,5.0,"""Located in Volcano", 18 km from Kilauea, Volcano Cottage provides accommodation with a garden, free WiFi and an ATM. The property features garden views and is 45 km from Panaewa Rainforest Zoo and 48 km from University of Hawaii, Hilo.,,
Hawaii,,19.44728,-155.23218,Hale Pau'ole Home,5.0,"""Set in Volcano", 20 km from Kilauea, Hale Pauole offers accommodation with a garden, free WiFi and an ATM. The property has garden views and is 40 km from Panaewa Rainforest Zoo and 44 km from University of Hawaii, Hilo.,,
Hawaii,,21.46269,-158.21187,Makaha Hawaiian Princess 305,5.0,"""Set in Waianae", within 300 metres of Mauna Lahilahi Beach Park, 1 Bed, 1 Bath Direct Oceanfront Condo on the 3rd Floor Hawaiian Princess - 305 offers accommodation with free WiFi and air conditioning. The property features sea views.,,,
Hawaii, the propertys details, including the address and where to collect keys," will be emailed to you.""",Air conditioning Horse riding Water sport facilities (on site) Parking ATM/cash machine on site lift Non-smoking rooms Hot tub/jacuzzi On-site parking Free WiFi internet services Water park Free parking wifi shops (on site) Snorkelling Hiking Spa and wellness centre Fishing grocery deliveries wifi available in all areas Beachfront,,81 1021 Lahilahi Street #305  ,96792,,https://www.booking.com/hotel/us/makaha-hawaiian-princess-305.html,,,
Hawaii,Waikoloa,19.9239,-155.87812,Colony Villas at Waikoloa,5.0,"""Colony Villas at Waikoloa Beach Resort #2503 is a self-catering villa situated in Waikoloa near Genesis Gallery. This villa is 2.9 km from The Shops At Mauna Lani.",,,,,,
Hawaii,Waikoloa,19.92621,-155.88183,Halii Kai at Waikoloa,5.0,"""Offering lake views", Halii Kai at Waikoloa 2B is an accommodation located in Waikoloa, 36 km from Kaloko-Honokohau National Historic Park and 47 km from Kohala Historical Sites State Monument. The air-conditioned accommodation is 1.6 km from Anaehoomalu Beach, and guests benefit from private parking available on site and free WiFi.,,,
Hawaii,Waikoloa,19.91552,-155.8787,Waikoloa Beach Villas,5.0,"""Located in Waikoloa in the Hawaii Island region", Waikoloa Beach Villas C3 features a balcony and mountain views. The air-conditioned accommodation is 1.1 km from Anaehoomalu Beach, and guests benefit from private parking available on site and free WiFi.,,,,
Hawaii,Waikoloa,19.91841,-155.88127,Fairway Villas,5.0,"""Situated in Waikoloa", 35 km from Kaloko-Honokohau National Historic Park, Waikoloa Fairway Villas #L22 features views of the garden. The property is around 48 km from Kohala Historical Sites State Monument, 15 km from Hapuna Golf Course and 26 km from Puukohola Heiau National Historical Park. The property is non-smoking and is located 1.2 km from Anaehoomalu Beach.,,,
Hawaii,Waikoloa,19.91631,-155.88488,Marriotts Waikoloa Ocean Club,3.0,"""Situated in Waikoloa", 800 metres from Anaehoomalu Beach, Marriotts Waikoloa Ocean Club features accommodation with an outdoor swimming pool, free private parking and a restaurant. This 3-star hotel offers a 24-hour front desk and free WiFi. Some rooms at the property have a balcony with a sea view.,,,
Hawaii,Waikoloa,19.92013,-155.88585,A304 Vista Waikoloa 2 Bathrooms Villa,5.0,"""Vista Waikoloa D202 offers accommodation in Waikoloa", 2.6 km from Genesis Gallery and 8 km from The Shops At Mauna Lani. The accommodation is 2.8 km from Mauna Lani Beach, and guests benefit from complimentary WiFi and private parking available on site.,,,,
Hawaii,Waikoloa,19.9255,-155.8783,1004 Waikoloa Colony Villas 2.5 Bathrooms Villa,5.0,"""Complete with a fitness centre", 1004 Waikoloa Colony Villas is set in Waikoloa, 1.4 km from Genesis Gallery and 7 km from The Shops At Mauna Lani. The air-conditioned accommodation is 1.9 km from Mauna Lani Beach, and guests benefit from private parking available on site and free WiFi.,,,
Hawaii,Waikoloa,19.925,-155.8778,1005 Waikoloa Colony Villas,5.0,"""1005 Waikoloa Colony Villas", a property with a fitness centre, is set in Waikoloa, 1.3 km from Genesis Gallery. The air-conditioned accommodation is 7 km from The Shops At Mauna Lani.,,,
Hawaii,Waikoloa,19.9258,-155.8786,102 Waikoloa Colony Villas,5.0,"""102 Waikoloa Colony Villas is located in Waikoloa. This property offers access to a patio and free WiFi.",,,,,,
Hawaii,Waikoloa,19.9198,-155.8858,D101 Vista Waikoloa,5.0,"""D101 Vista Waikoloa", boasting a fitness centre, is situated in Waikoloa, 2.5 km from Genesis Gallery and 8 km from The Shops At Mauna Lani. The air-conditioned accommodation is 2.8 km from Mauna Lani Beach, and guests benefit from private parking available on site and free WiFi.,,
Hawaii,Waikoloa,19.9234,-155.8839,303 Shores Waikoloa Beach Resort,5.0,"""Located in Waikoloa", 2.8 km from Genesis Gallery and 9 km from The Shops At Mauna Lani, 303 Shores Waikoloa Beach Resort offers air conditioning. This property offers access to a patio and free WiFi.,,,,
Hawaii,Waikoloa,19.924,-155.8813,621 Bay Club Waikoloa,5.0,"""Located 1.4 km from Genesis Gallery and 7 km from The Shops At Mauna Lani in Waikoloa", 621 Bay Club Waikoloa offers accommodation with a kitchen. This holiday home also features free WiFi.,,,,,
Hawaii,Waikoloa,19.9247,-155.8774,1102 Waikoloa Colony Villas,5.0,"""Located in Waikoloa", just 1.3 km from Genesis Gallery, 1102 Waikoloa Colony Villas provides accommodation with free WiFi. This property offers access to a patio.,,,,
Hawaii,Waikoloa,19.9244,-155.8762,1501 Waikoloa Colony Villas,5.0,"""Located in Waikoloa in the Hawaii region", 1501 Waikoloa Colony Villas features a patio. The air-conditioned accommodation is 2 km from Mauna Lani Beach, and guests benefit from complimentary WiFi and private parking available on site.,,,,
Hawaii,Waikoloa,19.9245,-155.8755,1705 Waikoloa Colony Villas 2.5 Bathrooms Villa,5.0,"""Complete with a fitness centre", 1705 Waikoloa Colony Villas is situated in Waikoloa, 1.1 km from Genesis Gallery and 7 km from The Shops At Mauna Lani. The air-conditioned accommodation is 2 km from Mauna Lani Beach, and guests benefit from private parking available on site and free WiFi.,,,
Hawaii,Waikoloa,19.91696,-155.88048,Fairway Villas N32,5.0,"""Offering free WiFi and free private parking", Fairway Villas N32 is situated in Waikoloa, within just less than 1 km of Anaehoomalu Beach. This holiday home is 15 km from Hapuna Golf Course and 26 km from Puukohola Heiau National Historical Park.,,,,
Hawaii,Waikoloa,19.91981,-155.88646,Vista Waikoloa C206,3.0,"""Set in Waikoloa and only less than 1 km from Anaehoomalu Beach", Vista Waikoloa C206 offers accommodation with sea views, free WiFi and free private parking. The property is 16 km from Hapuna Golf Course and 27 km from Puukohola Heiau National Historical Park.,,,,
Hawaii,Waikoloa,19.9293,-155.8842,8D Halii Kai,5.0,"""Situated in Waikoloa", 2 km from Genesis Gallery and 7 km from The Shops At Mauna Lani, 8D Halii Kai offers free WiFi and air conditioning. This property offers access to a balcony and free private parking.,,,,
Hawaii,Waikoloa,19.94268,-155.78287,The Aeolian Residence,5.0,"""The Aeolian Residence is located on a hilltop in Waikoloa Village in the The Big Island", 40 km from Kailua-Kona, near Waikoloa Beach Resort and Hapuna Beach. The property offers panoramic ocean views. Free private parking and free WiFi are available.,,,,
Hawaii,Waikoloa,19.93014,-155.88509,Halii Kai 9g,5.0,"""Located in Waikoloa in the Hawaii Island region", Halii Kai 9G condo features a balcony. The air-conditioned accommodation is 2.2 km from Anaehoomalu Beach, and guests benefit from complimentary WiFi and private parking available on site.,,,,
Hawaii,Waikoloa,19.91863,-155.88436,Kolea 8,5.0,"""Set in Waikoloa", Kolea 8 offers accommodation with a private pool. This beachfront property offers access to free WiFi and free private parking.,,,,,
Hawaii,Waikoloa,19.9275,-155.8827,24H Halii Kai,5.0,"""Situated in Waikoloa", 24H Halii Kai offers air-conditioned accommodation with a patio and free WiFi. The property features free private parking.,,,,,
Hawaii,Wailuku,20.88565,-156.50108,Wailuku Guesthouse,5.0,"""Wailuku Guesthouse has an outdoor swimming pool", garden, a terrace and water sports facilities in Wailuku. Offering barbecue facilities, the property is located within 28 km of Wailea Emerald Course. The property is non-smoking and is set 5 km from Iao Valley State Park.,,,
Hawaii,Wailuku,20.88221,-156.50484,The Old Wailuku Inn at Ulupono,3.0,"""The Old Wailuku Inn at Ulupono is set in Wailuku", 4.1 km from Iao Valley State Park. Free WiFi is offered throughout the property and free private parking is available on site.,,,,,
Hawaii,Wailuku,20.79618,-156.50492,Kanai A Nalu,5.0,"""Kanai A Nalu Resort 114 is set in Wailuku", 16 km from Iao Valley State Park, 22 km from Wailea Emerald Course, as well as 25 km from Lahaina Boat Harbor. The air-conditioned accommodation is a few steps from Maalaea Beach, and guests benefit from complimentary WiFi and private parking available on site.,,
Hawaii,Wailuku,20.88902,-156.50347,The Northshore Hostel Maui,5.0,"""Located in Wailuku", 4.7 km from Iao Valley State Park, Howzit Hostels provides accommodation with a garden, free private parking, a shared lounge and a terrace. Among the facilities at this property are a shared kitchen and a 24-hour front desk, along with free WiFi throughout the property. The accommodation offers evening entertainment and a concierge service.,
Hawaii,Wailuku,20.79272,-156.50955,Milowai 106,5.0,"""106 Milowai is a beachfront property situated in Wailuku", 15 km from Iao Valley State Park and 15 km from Iao Needle State Monument. The air-conditioned accommodation is 500 metres from Maalaea Beach, and guests benefit from complimentary WiFi and private parking available on site.,,,,
Hawaii,Wailuku,20.92022,-156.49271,Charming Direct Oceanfront North Shore Beach House,5.0,"""Set in Wailuku in the Hawaii region", Charming Direct Oceanfront North Shore Beach House has a balcony. The air-conditioned accommodation is 200 metres from Waiehu Beach Park, and guests benefit from private parking available on site and free WiFi.,,,,
Hawaii,Waimanalo,21.33373,-157.6956,Waimanalo Beach Cottages,5.0,"""Located in Waimanalo", 80 metres from Waimanalo Beach and 1.3 km from Kaiona Beach Park, Waimanalo Beach Cottages provides accommodation with free WiFi and a garden with a terrace and sea views. Private parking is available on site.,,,,
Hawaii,Waimea,21.95642,-159.67063,The West Inn Kauai,2.0,"""This Waimea", Kauai hotel is located just across from Waimea Historic Town. It offers private accommodation with free WiFi access.,,,,,
Hawaii,Waimea,21.95459,-159.66861,West Kauai Lodging,3.0,"""Sitting near a black-sand beach", West Kauai Lodging is located in Waimea. This beachfront holiday park sits at the entrance to Waimea Canyon and Kokee Park.,,,,,
Hawaii,Waimea,22.12878,-159.66144,The Cabins at Kokee,5.0,"""Set in the Waimea Park", The Cabins at Kokee is 9 km from Waimea Canyon. A full kitchen is available in each cabin. Polihale Beach is 17 km from the property.,,,,,
