State,City,Latitude,Longitude,HotelName,StarRating,Description,HotelFacilities,Attractions,Address,ZipCode,PhoneNumber,HotelWebsiteUrl
Massachusetts,Adams,43.93932,-89.81749,Adams Inn And Suites,1.0,"""We are located just south of the small town of Adams on a wooded parcel with several outdoor amenities. These include trails to walk on", snowmobile trails in the winter, horseshoe pits, outdoor grilling,  We are only 25 minutes from Wisconsin Dells. Adams Inn and Suites is located in Adams, WI. Free WiFi access is available. Complimentary continental breakfast is offered each morning from 6:00 until 9:00.,
Massachusetts,Adams,42.64981,-73.11083,Mount Royal Inn,5.0,"""Mount Royal Inn is situated in Adams and features a garden. There is a terrace and guests can make use of free WiFi and free private parking.",,,,,,
Massachusetts,Amherst,42.39104,-72.53128,Hotel UMass,3.0,"""Set in the heart of the University of Massachusetts Amherst campus", this hotel offers an on-site restaurant and a daily continental breakfast. Historic Main Street in Amherst is 5 minutes drive away.,,,,,
Massachusetts,Amherst,42.37548,-72.50749,Allen House Inn,5.0,"""Located just 43 km from Eastern States Exposition Center", Allen House Inn provides accommodation in Amherst with access to a garden, a terrace, as well as a 24-hour front desk. The air-conditioned accommodation is 1.3 km from Amherst College, and guests benefit from complimentary WiFi and private parking available on site.,,
Massachusetts,Amherst,42.37568,-72.5148,Amherst Inn,5.0,"""Situated just 42 km from Eastern States Exposition Center", Amherst Inn features accommodation in Amherst with access to a garden, a shared lounge, as well as a 24-hour front desk. The air-conditioned accommodation is 700 metres from Amherst College, and guests benefit from complimentary WiFi and private parking available on site.,,
Massachusetts,Barnstable,41.70076,-70.28804,Ashley Manor,3.0,"""Located in Barnstable Village", this Cape Cod bed and breakfast is located a half mile from Barnstable Harbor and Millway Beach.  In the summer months, Ashley Manor serves guests a 3 course breakfast on the terrace.,,,,
Massachusetts,Barnstable,41.70089,-70.32527,Lamb and Lion Inn,2.0,"""Situated in the heart of historic Cape Cod Bay", Lamb and Lion Inn offers rooms with free Wi-Fi and digital cable TV. Facilities include a solar heated outdoor pool and a spa.,,,,,
Massachusetts,Barnstable,41.68854,-70.29735,312 Carriage Lane Home,5.0,"""Featuring a barbecue", 312 Carriage Lane Home Home is a holiday home situated in Barnstable in the Massachusetts Region. Guests benefit from patio.,,,,,
Massachusetts,Barnstable,41.70569,-70.26557,Lavender Bay,5.0,"""Featuring sea views", Lavender Bay offers accommodation with a balcony and a coffee machine, around 25 km from Heritage Museums & Gardens. Located 24 km from Sandwich Glass Museum, the property provides a garden and free private parking.,,,
Massachusetts,Beverly,42.58468,-70.88514,Beverly Garden Suites,5.0,"""Situated in Beverly in the Massachusetts region", The Beverly features accommodation with free WiFi and free private parking.,,,,,
Massachusetts,Beverly,42.54181,-70.89262,RiverView,5.0,"""Set 2.9 km from Peabody Essex Museum", 3.1 km from The House of the Seven Gables and 27 km from Cambridge College, RiverView offers accommodation situated in Beverly. The accommodation is 2 km from the Dane Street Beach and has free WiFi throughout the property.,,,,
Massachusetts,Boston,42.35819,-71.05759,Oakwood at Devonshire,3.0,"""Featuring free WiFi and air conditioning", Oakwood at Devonshire is situated in Boston. Old State House is 100 metres from the property.,,,,,
Massachusetts,Boston,42.35496,-71.07325,Back Bay Beacon,3.0,"""Back Bay Beacon offers self-catering accommodation with free Wi-Fi in Boston. The property is 600 metres from Copley Square and 2.2 km from Fenway Park.",,,,,,
Massachusetts,Boston,42.350120544,-71.079711914,Oakwood At Exeter Towers,3.0,HotelDescription#Further information about this hotel will be available shortly,NO Small pets allowed (under 5 kg) NO Disability-friendly bathroom NO Garage NO Car park NO Large pets allowed (over 5 kg) NO Smoking rooms NO Wheelchair-accessible NO Connecting rooms,,Exeter Street 28 28 BostonMassachusetts 02116 ,02116,8007249660,http://www.oakwood.com/corporate-apartments/furnished/US/MA/Boston/prop2141.html?quantity=1&amp;bedr
Massachusetts,Boston,42.36195,-71.04858,Boston Yacht Haven,4.0,"""This waterfront inn boasts an on-site marina that is filled with boats during the summer season. All rooms feature free Wi-Fi", a flat-screen TV, and views of the harbor or city. Faneuil Hall/Quincy Market is 10 minutes walk away.,,,,
Massachusetts,Boston,42.34963,-71.08155,Oakwood 234 Newbury Street,3.0,"""Featuring air conditioning", Oakwood at 234 Newbury is located in Boston, 200 metres from Hynes Convention Center. Prudential Tower is 300 metres from the property. Free WiFi is offered throughout the property and complimentary late check out till 22:00 hours is offered to Booking.com guests.,,,,
Massachusetts,Boston,42.52346,-70.89107,Stepping Stone Inn,3.0,"""Located in Salem town centre", Stepping Stone Inn offers free WiFi access and free continental breakfast. Guests at this pet-friendly property are greeted by the two resident cats.,,,,,
Massachusetts,Boston,42.52776,-70.89224,Northey Street House,5.0,"""Set in Salem", 2 km from Dead Horse Beach and 2.9 km from Glendale Cove Beach, Northey Street House offers accommodation with free WiFi, air conditioning, a garden and a shared lounge.,,
Massachusetts,Boston,44.59923,-72.61134,Fitch Hill Inn,5.0,"""Situated in Hyde Park in the Vermont region", Fitch Hill Inn features accommodation with free WiFi and free private parking.,,,,,
Massachusetts,Boston,42.35375,-71.05344,The Lofts at Atlantic Wharf,3.0,"""Featuring free WiFi throughout the property", Oakwood Lofts at Atlantic Wharf is situated in Boston, 600 metres from Faneuil Hall. Old State House is 600 metres from the property. Complimentary late check out till 22:00 hours is offered to Booking.com guests.,,,,
Massachusetts,Boston,42.36374,-71.08361,Watermark Kendall West,4.0,"""Offering a shared terrace and a fitness centre", Global Luxury Suites at Kendall West is located in Cambridge. This self-catering accommodation features free WiFi. The MIT campus is 190 metres away.,,,,,
Massachusetts,Boston,41.38836,-71.62665,Phil and Anns Sunset Motel,5.0,"""Featuring a seasonal outdoor swimming pool", Phil and Anns Sunset Motel is set in Charlestown, Rhode Island. Free WiFi and free private parking are available on site.,,,,
Massachusetts,Boston,42.34401,-71.11601,Arcadian Hotel Brookline,3.0,"""<p>HeadLine : Near Fenway Park</p><p>Location : With a stay at Sonder The Arcadian in Brookline", you ll be within a 5-minute drive of Fenway Park and Harvard University.  This hotel is 0.7 mi (1.1 km) from Boston University and 3.1 mi (5 km) from Boston Common.</p><p>Rooms : Make yourself at home in one of the 256 air-conditioned rooms featuring flat-screen televisions. Complimentary wireless Internet access keeps you connected, and cable programming is available for your entertainment. Private bathrooms with bathtubs or showers feature complimentary toiletries and hair dryers. Conveniences include coffee/tea makers and desk chairs.</p><p>CheckIn Instructions : <ul>  <li>Extra-person charges may apply and vary depending on property policy</li><li>Government-issued photo identification and a credit card, debit card, or cash deposit may be required at check-in for incidental charges</li><li>Special requests are subject to availability upon check-in and may incur additional charges; special requests cannot be guaranteed</li><li>Tax ID - C0004150460</li><li>This property accepts credit cards; cash is not accepted</li><li>Noise-free guestrooms cannot be guaranteed</li>  </ul></p><p>Special Instructions : Guests will be asked to provide the property with a copy of their government-issued photo ID before arrival. ,,
Massachusetts,Boston,42.35107,-71.0634,HI Boston,3.0,"""Located in the heart of Boston", this hostel is within 5 minutes walk to Boston Common and public transportation. All rooms include free Wi-Fi. Guests have access to a shared kitchen.,,,,,
Massachusetts,Boston,42.33939,-71.11899,Coolidge Corner Guest House,3.0,"""Featuring 3-star accommodation", The Coolidge Corner Guest House: A Brookline Bed and Breakfast is located in Brookline, 2.6 km from Fenway Park and 3.3 km from Boston Museum of Fine Arts. With a terrace, the 3-star inn has air-conditioned rooms with free WiFi. Private parking is available on site.,,,
Massachusetts,Boston,42.36937,-71.10494,Harding House,2.0,"""Located 650 metres from Central Square and 750 from Harvard University", this bed and breakfast boasts free WiFi and in-room satellite TV. MIT is 1.1 km away.,,,,,
Massachusetts,Boston,42.35018,-71.09321,The Gryphon House,3.0,"""Situated in Boston", The Gryphon House has well-equipped accommodation featuring free WiFi, 800 metres from Fenway Park.,,,,
Massachusetts,Boston,42.37554,-71.11087,Irving House At Harvard,3.0,"""Located 230 metres from the famed Harvard University and set in the heart of Harvard Square", this charming guesthouse offers cozy accommodations, a delicious free daily breakfast and an on-site library.,,,,
Massachusetts,Boston,42.26635,-70.85004,Nantasket Hotel at the Beach,3.0,"""Just steps from Nantasket Beach", this hotel offers free WiFi and bright rooms equipped with a microwave, a refrigerator and a Keurig® coffee machine.,,,,
Massachusetts,Boston,42.34293,-71.07866,Boston Christopher,3.0,"""Situated in Boston", Massachusetts, this apartment features free Wi-Fi access. The property is 800 metres from Copley Square and 1.6 km from Fenway Park.,,,,
Massachusetts,Boston,42.50716,-70.84624,Harbor Gardens Inn,3.0,"""Located 15 miles from Logan International Airport", this bed and breakfast in Marblehead is 15 minutes drive from Salem. Free Wi-Fi is provided and the property is surrounded by gardens.,,,,,
Massachusetts,Boston,42.34444,-71.0802,The Copley House,2.0,"""This guest house is located in the historic Back Bay area in Boston. Just 1 km from Copley Square", these studios in a row of houses offer a fully equipped kitchen.,,,,,
Massachusetts,Boston,42.5061,-70.84834,Harbor Light Inn,4.0,"""Located in the heart of the historic Marblehead town centre", this boutique hotel features a seasonal outdoor pool, a restaurant and free Wi-Fi.  The ocean is steps away.,,,,
Massachusetts,Boston,42.342,-71.11707,The Bertram Inn,3.0,"""This Brookline hotel is located one mile from Fenway Park and one block from public transportation. The historic Inn boasts 14 unique rooms", massage services, and free Wi-Fi.,,,,
Massachusetts,Boston,42.34998,-71.0665,Found Hotel Boston Common,2.0,"""Built in 1877", this boutique Boston hotel is 450 metres from Boston Common. It features complimentary Wi-Fi and a 24-hour reception. Citi Performing Arts Center-Wang Theatre is a 290 metres walk away.,,,,,
Massachusetts,Boston,42.35439,-71.13092,The Farrington Inn,2.0,"""The Farrington is a guesthouse", located off of Commonwealth Avenue. The Packards Corner T metro stop is 750 metres from the property while Fenway Park is 3 km away.,,,,,
Massachusetts,Boston,42.49451,-70.86568,The Hotel Marblehead,3.0,"""This historic Inn is minutes from the beach in a centrally located residential area. Each uniquely decorated room offers free Wi-Fi and a flat-screen cable TV.",,,,,,
Massachusetts,Boston,42.2033,-70.95035,Super 8 Motel Weymouth Boston Area,2.0,"""The Boston Motel is within a 20-minute drive to Boston. This hotel features a 24-hour front desk and free WiFi in every room.",,,,,,
Massachusetts,Boston,42.34173,-71.11732,Samuel Sewall Inn,3.0,"""This charming Brookline hotel is located one block from public transportation and 2 miles from Boston Common. The hotel features in-room massages", a buffet style breakfast every morning and free Wi-Fi.,,,,,
Massachusetts,Boston,42.20925105936218,-70.99922882936482,Motel 6 Boston Braintree,2.0,"""The hotel is located approximate 21 kilometres south-east of downtown Boston and adjacent to the metro station. It is just minutes from the University of Massachusetts", the JFK Library and the New England Aquarium. Logan International Airport is about 22.5 kilometres away.,,,,,
Massachusetts,Boston,42.33825,-71.14101,Beacon Inn 1750,2.0,"""This bed and breakfast is in Brookline and is one mile from Boston College. This property is a 19th century brownstone and features free Wi-Fi in every room.",,,,,,
Massachusetts,Boston,42.52094,-70.89849,The Salem Inn,3.0,"""Set in Americas oldest seaport", only steps from famous sites, this property consists of 3 historical homes and provides a free daily breakfast and a number of amenities such as free WiFi access, free parking and coffee makers.,,,
Massachusetts,Boston,42.39326,-71.12613,A Cambridge House Inn at Porter,4.0,"""Located 3 km from central Boston and offering access to Harvard University", this non-smoking property features free parking on-site.,,,,,
Massachusetts,Boston,42.37526,-71.11087,A Friendly Inn at Harvard,2.0,"""Located within a 800 metres radius of Harvard Square and Harvard University", this Cambridge inn offers free WiFi access throughout the property.,,,,,
Massachusetts,Boston,42.34478,-71.11054,Beacon Inn 1087,2.0,"""This bed and breakfast is located in Brookline and is 5 km from downtown Boston. This 19th century brownstone bed and breakfast offers free Wi-Fi in every room.",,,,,,
Massachusetts,Boston,42.3569,-71.06968,Beacon Hill Hotel & Bistro,4.0,"""Set in the heart of Bostons Beacon Hill district", only steps from the Boston Common and the Theatre District, this hotel offers newly renovated guest rooms paired with a reimagined restaurant and bar space.,,,,
Massachusetts,Boston,42.3405,-71.11486,Longwood Inn,3.0,"""Nestled in the peaceful residential neighborhood of Brookline", near the attractions of downtown Boston, Massachusetts, this cozy inn offers comfortable amenities in an ideal location.,,,
Massachusetts,Boston,42.19785,-70.72593,The Inn at Scituate Harbor,4.0,"""Featuring panoramic views of the Scituate Harbor", this hotel has a heated indoor swimming pool. Scituates beaches are a short drive away and beach passes are available at the front desk.,,,,,
Massachusetts,Boston,42.2200528,-71.0304375,Sheraton Braintree,3.0,"""Just 16 km south of Boston of I-93. The hotel is located across from the chic South Shore Plaza with its 200 stores. Downtown Boston is a 15 min car ride away.",,,,,,
Massachusetts,Boston,42.36958,-70.97072,The Inn at Crystal Cove on Boston Harbor,3.0,"""Decks with views of Boston Harbor and Downtown skyline. Swimming pool.  Landscaped yard with seating and historic 1800s canon. Short walk to Boston ferry. Close to Deer Island with 3 1/2 miles ocean front walking and bike path. Plane spotters delight from yard and decks. Short walk to several beaches and nearby restaurants. Inn is directly on public transportation which goes to local subway. Short drive to Revere Beach", Nahant Beach, historic Salem and Marblehead. Overlooking beautiful Crystal Cove, 9.5 km from Logan International Airport and 10.8 km from Boston city centre, this inn in Winthrop, Massachusetts offers comfortable facilities. Views of the Boston skyline and harbour can be enjoyed from the property.,
Massachusetts,Boston,44.59346,-72.61836,Governors House in Hyde Park,4.0,"""This historic guest house was built in 1893 and is located in the quiet village of Hyde Park", Vermont. Guests will enjoy a 3-course breakfast every morning and free Wi-Fi.,,,,,
Massachusetts,Boston,42.24602,-70.9357,Arbor Inn Weymouth,2.0,"""Located on Highway 3A and 8 km from Quincy Center", this inn features free morning coffee, seasonal water views and 24-hour reception. The city centre of Boston is 25 km away.,,,,
Massachusetts,Boston,42.4636227877281,-71.4561496675014,The Fitzhugh-Beers House,5.0,,,,161-167 Main St. ActonMassachusetts 01720 ,01720,,
Massachusetts,Boston,42.38696,-70.97165,Winthrop Arms Hotel,3.0,"""The Winthrop Arms is located in Winthrop", Massachusetts, 8 km from Boston and 11 km from Cambridge. Guests can enjoy the on-site bar and restaurant. Free WiFi is featured throughout the property and free private parking is available on site.,,,,
Massachusetts,Boston,42.36319,-71.05512,Bricco Suites,4.0,"""These Boston apartments  are 240 metres walk from the Paul Revere House in the historic North End district and 450 metres from The Old North Church. Wi-Fi is provided free of charge.",,,,,,
Massachusetts,Boston,42.34184,-71.07939,Concord Square by Short Term Rentals Boston,3.0,"""44 Concord Square is located in Boston", just 800 metres from The Shops at Prudential Center. Free WiFi access is available for guests.,,,,,
Massachusetts,Boston,42.53394,-70.9901,Plaza Inn,2.0,"""Conveniently located off Route 1 in Peabody", Plaza Motel offers free WiFi access.,,,,,
Massachusetts,Boston,42.52044,-70.89566,The Merchant,5.0,"""Featuring free WiFi throughout the property", The Merchant offers accommodation in an historic building in Salem.,,,,,
Massachusetts,Boston,42.34255,-71.05662,West Broadway Quarters by Short Term Rentals Boston,3.0,"""Quarters on Broadway by Thatch is our most budget-friendly hotel option in the City", offering basic amenities in a central location. A stay at Quarters includes a private queen bedroom with linens, towels for 2 and access to shared bathrooms. Located in the heart of South Boston, you will be steps from Southies best restaurants and bars, the T and a short walk to the Boston Convention and Exhibition Center (BCEC). Quarters is ideal for up to 2 travelers who are comfortable with sharing bathrooms and common spaces with other guests. The experience is similar to a hostel experience except you have a private bedroom and there are no services or on-site staff. If you are traveling on a tight budget or just need a place to drop bags and lay your head while in Boston, Quarters is a great option. This property will not accommodate hen, stag or similar parties.
Massachusetts,Boston,42.35098,-71.08843,463 Beacon Street Guest House,2.0,"""Located in Bostons historic Back Bay", this charming guest house offers free Wi-Fi and rooms that feature cable TV. Fenway Park is a half mile away. The Massachusetts Institute of Technology is 1 mile away.,,,,,
Massachusetts,Boston,42.35182,-71.06283,660 Washington Apartements,4.0,"""Just 190 metres from Boston Common", Global Luxury Suites at China Town is located in the Boston city centre. The Boston Opera House is 250 metres away and free WiFi is available.,,,,,
Massachusetts,Boston,42.36732,-71.04085,Evolve East Boston 117,4.0,"""Evolve in East Boston is a self-catering accommodation located 3.5 km from Boston city centre. The property is 1 km from the North End and 1.1 km from Old North Church. Free WiFi access is available.",,,,,,
Massachusetts,Boston,42.34641,-71.08912,Boston Fenway Inn,2.0,"""Boston Fenway Inn is situated in Boston", 500 metres from Prudential Tower and 500 metres from Hynes Convention Center.,,,,,
Massachusetts,Boston,42.370647,-71.101125,Chez Pat in Cambridge,3.0,"""<p>HeadLine : In Cambridge (Mid-Cambridge)</p><p>Location : With a stay at Chez Pat in Cambridge in Cambridge (Mid-Cambridge)", you ll be within a 5-minute drive of Harvard University and Harvard University Art Museums.  This bed & breakfast is 1.3 mi (2 km) from Massachusetts Institute of Technology and 1.3 mi (2 km) from Harvard Museum of Natural History.</p><p>Rooms : Make yourself at home in one of the 3 air-conditioned rooms featuring microwaves. Prepare your meals in the shared/communal kitchen. Complimentary wireless Internet access is available to keep you connected. Private bathrooms with showers feature complimentary toiletries and hair dryers.</p><p>CheckIn Instructions : <ul>  <li>Extra-person charges may apply and vary depending on property policy</li><li>Government-issued photo identification and a credit card, debit card, or cash deposit may be required at check-in for incidental charges</li><li>Special requests are subject to availability upon check-in and may incur additional charges; special requests cannot be guaranteed</li><li>Please note that cultural norms and guest policies may differ by country and by property; the policies listed are provided by the property</li>  </ul> <ul>  <li>Guests should be aware that two cats (Dodie and Gretyl) reside at this property. Elevators are not available.</li><li>Guests should be aware that two cats (Dodie and Gretyl) reside at this property. Guests who may encounter issues with stairs should contact this property in advance. Elevators are not available.</li>  </ul></p><p>Special Instructions : There is no front desk at this property. To make arrangements for check-in please contact the property at least 24 hours before arrival using the information on the booking confirmation. Prior to arrival, guests must complete online registration with the property via a secure link. Guests will be asked to provide the property with a copy of their government-issued photo ID before arrival. ,,
Massachusetts,Boston,42.26429,-70.85916,The Beacon Luxury Waterfront Inn,4.0,"""The Beacon Luxury Waterfront Inn overlooking Nantasket Bay was redesigned with the customer in mind.",,,,,,
Massachusetts,Boston,42.36377,-71.09688,The Windsor Inn,3.0,"""Located 5 minutes walk from Massachusetts Institute of Technology", this accommodation boasts free Wi-Fi and a flat-screen TV in every guestroom. The Central Square underground is 10 minutes walk away.,,,,,
Massachusetts,Boston,42.39772,-71.12056,The Morrison House,4.0,"""This historic bed and breakfast is 2 minutes walk from Davis Square and features free Wi-Fi and serves daily breakfast. Boston city centre is 25 minutes underground ride away.",,,,,,
Massachusetts,Boston,42.36889,-70.97114,Harrington House Bed & Breakfast,4.0,"""Harrington House is a Queen Ann Victorian house built in 1885.  We are situated on Boston Harbor with spectacular views of the city skyline and wonderful sunsets!  We have three rooms on the second floor with two shared baths. Continental Breakfast. This Winthrop bed and breakfast offers free Wi-Fi and individually decorated rooms that feature water views. Logan International Airport is 4 miles away.",,,,,,
Massachusetts,Boston,42.37769,-71.14976,Kitty's House Near Harvard Square,3.0,"""Located in Cambridge", 2.5 km from Harvard University, Kittys House near Harvard Square features air-conditioned rooms with free high speed WiFi throughout the property. Free private parking is available on site.,,,,
Massachusetts,Boston,42.33192,-71.19083,Chesley Road Bed And Breakfast,5.0,"""Chesley Road Bed and Breakfast is situated in Newton", 11 km from Boston and 8 km from Cambridge.,,,,,
Massachusetts,Boston,42.34327,-71.07681,Clarendon Square Bed & Breakfast,5.0,"""Located in Boston", 600 metres from Back Bay Station and 2 km from the centre, Clarendon Square provides air-conditioned accommodation with free WiFi, and a terrace.,,,
Massachusetts,Boston,42.37133,-70.99282,Château sur Mer Bed & Breakfast,3.0,"""Château sur Mer (Castle by the Sea) is a bed and breakfast located in Winthrop in the Massachusetts Region", 6 km from Boston. Free WiFi is provided throughout the property and free private parking is available on site.,,,,,
Massachusetts,Boston,42.35045,-71.10171,Kenmore Apartments by Starlight Suites,3.0,"""Situated within 300 metres of Boston University and 1.1 km of Fenway Park in Boston", Kenmore Apartments by Starlight Suites offers accommodation with free WiFi.,,,,,
Massachusetts,Boston,42.35585,-71.06082,ARTlab DX,3.0,"""Hamilton Crossing offers pet-friendly accommodation in Downtown Crossing. The Boston Common is just 2 minutes walk away. Free WiFi access is available.",,,,,,
Massachusetts, including Boston Children s Hospital. The Lessee certifies that either Lessee or a family member is being treated for trauma, injury," or disease</p>""",Distance from property (meters) - 136 Wheelchair accessible  no Luggage storage Distance from property (ft) - 446 Multilingual staff Wheelchair-accessible path to elevator 24-hour front desk Television in common areas Free WiFi Housekeeping on request Smoke-free property Coffee/tea in common areas Stair-free path to entrance elevator Concierge services 24-hour business center,Distances are displayed to the nearest 0.1 mile and kilometer. <br /> <p>Suffolk University - 0.3 km / 0.2 mi <br /> Boston Opera House - 0.3 km / 0.2 mi <br /> Colonial Theatre - 0.4 km / 0.2 mi <br /> Emerson College - 0.4 km / 0.3 mi <br /> Tufts Medical Center - 0.4 km / 0.3 mi <br /> Wilbur Theatre - 0.5 km / 0.3 mi <br /> Boch Center - 0.5 km / 0.3 mi <br /> Boston Public Garden - 0.6 km / 0.4 mi <br /> Charles Playhouse - 0.7 km / 0.4 mi <br /> Boston Common - 0.8 km / 0.5 mi <br /> Newbury Street - 0.9 km / 0.6 mi <br /> Old State House - 0.9 km / 0.6 mi <br /> Seaport Boulevard - 0.9 km / 0.6 mi <br /> Massachusetts State House - 0.9 km / 0.6 mi <br /> Boston Tea Party Ship - 1 km / 0.6 mi <br /> </p><p>The nearest airports are:<br />Logan International Airport (BOS) - 8.2 km / 5.1 mi<br /> Boston  MA (BNH-Boston Harbor Seaplane Base) - 8.1 km / 5 mi<br /> Norwood  MA (OWD-Norwood Memorial) - 41.4 km / 25.7 mi<br /> Bedford  MA (BED-Laurence G. Hanscom Field) - 37.1 km / 23 mi<br /> Beverly  MA (BVY-Beverly Municipal) - 37.7 km / 23.4 mi<br /> </p><p>The preferred airport for Global Luxury Suites Downtown Boston is Logan International Airport (BOS). </p>,8 Harrison Avenue BostonMassachusetts 02111 ,02111,8443727411,https://www.globalluxurysuites.com/accommodation/massachusetts/boston-massachusetts/global-luxury-suites-on-harrison-avenue/,,,
Massachusetts,Boston,42.45338,-71.02322,Chisholm's Motor Inn,5.0,"""Set in Saugus", 12 km from Cambridge College, Chisholms Motor Inn offers accommodation with free WiFi and free private parking. The property is around 15 km from Freedom Trail, 15 km from Boston North Station and 15 km from TD Garden. The property is non-smoking and is situated 14 km from Inman Square.,,,
Massachusetts,Boston,42.21013,-70.73101,Colbyco Sand Hills Beach,4.0,"""Situated in Scituate", Colbyco Sand Hills Beach features accommodation with a terrace and free WiFi. Guests staying at this holiday home have access to a fully equipped kitchen.,,,,,
Massachusetts,Boston,42.42161,-71.01776,Catina Bed & Breakfast,5.0,"""Set in Revere", Marilyns offers accommodation with free WiFi.,,,,,
Massachusetts,Boston,42.39719,-71.11995,Davis Square Inn,5.0,"""Set 300 metres from Davis Square", Davis Square Inn offers a shared lounge, a garden and air-conditioned accommodation with a patio and free WiFi.,,,,
Massachusetts,Boston,42.58468,-70.88514,Beverly Garden Suites,5.0,"""Situated in Beverly in the Massachusetts region", The Beverly features accommodation with free WiFi and free private parking.,,,,,
Massachusetts,Boston,42.3442,-71.15537,Natalie House,5.0,"""Located in Boston", 5.4 km from Harvard Square and 5.5 km from Brattle Theatre, Natalie House provides accommodation with free WiFi, air conditioning, a garden and a shared lounge.,,
Massachusetts,Boston,41.36458,-71.6844,Krystal Penguin Inn,5.0,"""Located within 24 km of Towers in Narragansett and 33 km of Mystic Seaport", Krystal Penguin Inn provides rooms with air conditioning and a private bathroom in Charlestown. The property is around 34 km from Foxwoods Casinos, 49 km from International Tennis Hall of Fame and 50 km from The Preservation Society of Newport County. The property offers free private parking and free WiFi.,,,,
Massachusetts,Boston,42.23955,-70.80169,Red Lion Inn 1704,5.0,"""Situated in Cohasset", 1.4 km from Bassing Beach, The Red Lion Inn features accommodation with a seasonal outdoor swimming pool, free private parking, a garden and a terrace. Located around 28 km from JFK Presidential Library & Museum, the inn with free WiFi is also 32 km away from Boston South Station. Guests can enjoy American dishes at the restaurant or have a cocktail at the bar.,
Massachusetts,Boston,33.772999,-118.261369,Anchor Pointe Inn,2.0,"""Located in Wilmington (Harbor)", Anchor Pointe Inn is within a 10-minute drive of Palos Verdes Peninsula and World Cruise Center.  This hostel is 4.4 mi (7.1 km) from USS Iowa and 5.2 mi (8.4 km) from Aquarium of the Pacific.,,,,,
Massachusetts,Boston,42.34577,-71.08401,FOUR SEASONS HOTEL ONE DALTON STREET BOSTON,,"""Boasting a bar", Four Seasons Hotel One Dalton Street, Boston is set in the centre of Boston, 400 metres from Hynes Convention Center. Offering a restaurant, the property also has free bikes, as well as an indoor pool and a fitness centre. Free WiFi is available and private parking can be arranged at an extra charge.,
Massachusetts,Boston,42.27385,-71.03014,Staybridge Suites - Quincy,3.0,"""Featuring 3-star accommodation", Staybridge Suites - Quincy, an IHG Hotel is located in Quincy, 1.7 km from Wollaston Beach and 6.5 km from JFK Presidential Library & Museum. Featuring a fitness centre, the 3-star hotel has air-conditioned rooms with a private bathroom. Private parking is available on site.,,
Massachusetts,Boston,42.32561,-71.06049,Home2 Suites by Hilton Boston South Bay,3.0,"""Situated in Boston", 1.7 km from Carson Beach, Home2 Suites By Hilton Boston South Bay features accommodation with a fitness centre and private parking. This 3-star hotel offers a 24-hour front desk, an ATM and free WiFi. The property is non-smoking and is set 2.3 km from M Street Beach.,,,
Massachusetts,Boston,42.39465,-71.07154,Encore Boston Harbor,,"""Situated in Boston", 2.4 km from Cambridge College, Encore Boston Harbor features accommodation with a garden, free private parking, a shared lounge and a restaurant. Among the facilities at this property are room service and a 24-hour front desk, along with free WiFi throughout the property. The accommodation offers an ATM, a concierge service and organising tours for guests.
Massachusetts,Boston,42.36166,-71.05591,Canopy by Hilton Boston Downtown,4.0,"""Conveniently located in the centre of Boston", Canopy By Hilton Boston Downtown offers air-conditioned rooms, free bikes and a shared lounge. This 4-star hotel offers a 24-hour front desk. Guests can have a drink at the bar.,,,,
Massachusetts,Boston,44.92508,-122.99347,Home2 Suites by Hilton Salem,3.0,"""Home2 Suites By Hilton Salem is a 3-star property situated in Salem. This 3-star hotel offers a 24-hour front desk. The property is non-smoking and is set 12 km from Enchanted Forest Theme Park.",,,,,,
Massachusetts,Boston,42.346105,-71.079894,Premium Apartment in Back Bay Boston,3.0,,,,28 Exeter St  ,02116,8005998102,
Massachusetts,Boston,42.36811,-71.08085,Kendall Square Apartments by Next Star,5.0,"""Situated in Cambridge in the Massachusetts region", with Massachusetts Institute of Technology and CambridgeSide Galleria nearby, 1 Bedroom Apartments Near Kendall Square features accommodation with free WiFi.,,,,
Massachusetts,Boston,42.34886,-71.08525,304 Newbury Street by Short Term Rentals Boston,5.0,"""Just 800 metres from Copley Square", this apartment is located in the Back Bay neighbourhood of Boston, Massachusetts. Wireless internet access is provided free of charge.,,,,
Massachusetts,Boston,42.343916,-71.101916,Fenway Luxury Suites by Sonder,4.0,"""<p>HeadLine : Near Fenway Park</p><p>Location : Located in Boston (FenwayKenmore)", Sonder at Pierce Boston is within a 15-minute walk of Fenway Park and Boston University.  This 4-star aparthotel is 2 mi (3.2 km) from Harvard University and 2.1 mi (3.4 km) from Boston Common.</p><p>Rooms : Make yourself at home in one of the individually furnished guestrooms, featuring kitchens with ovens and microwaves. 42-inch flat-screen televisions are provided, with digital programming available. Conveniences include desks and separate sitting areas.</p><p>CheckIn Instructions : <ul>  <li>Extra-person charges may apply and vary depending on property policy</li><li>Government-issued photo identification and a credit card may be required at check-in for incidental charges</li><li>Special requests are subject to availability upon check-in and may incur additional charges; special requests cannot be guaranteed</li><li>Guests must contact this property in advance to reserve cribs/infant beds</li><li>Tax ID - C0165140351</li><li>This property accepts credit cards; cash is not accepted</li><li>Noise-free guestrooms cannot be guaranteed</li>  </ul></p><p>Special Instructions : Guests will be asked to provide the property with a copy of their government-issued photo ID before arrival. ,,,
Massachusetts,Boston,42.37776,-71.14971,Spacious 4B Harvard Apartment,5.0,"""Boasting free bikes", a shared lounge, and a garden, Spacious 4B Harvard Apartment offers accommodation in Cambridge with free WiFi and garden views. This apartment features free private parking and a shared kitchen.,,,
Massachusetts,Boston,42.35184,-71.06243,Bluebird Suites at Boston's Theatre District,,"""A 5-minute walk from the Freedom Trail", Bluebird Suites at Bostons Theatre District provides a fitness room and an indoor swimming pool, as well as accommodation with a kitchen in Boston. Complimentary WiFi is provided.,,,,
Massachusetts,Boston,42.34517,-71.06593,Bluebird On Canal Street,5.0,"""Set 3 km from Carson Beach", Harmony Medical Suites on Canal offers accommodation with a seasonal outdoor swimming pool, a fitness centre and a 24-hour front desk for your convenience. Free WiFi is available throughout the property.,,,,
Massachusetts,Boston,42.34908,-71.06799,Back Bay Studio by STARS of Boston,5.0,"""Located 600 metres from John Hancock Tower", Back Bay Studio by STARS of Boston offers accommodation in Boston. The unit is 600 metres from Boston Public Garden.,,,,,
Massachusetts,Boston,42.38832,-71.08337,Nice Room In Comfortable House,5.0,"""Situated in Somerville in the Massachusetts region", with Assembly Row nearby, Nice room in comfortable house features accommodation with free WiFi and free private parking.,,,,
Massachusetts,Boston,42.35224,-71.06083,Bluebird Suites In China Town,5.0,"""Situated in Boston", 500 metres from Boston South Station and 600 metres from the centre, Harmony Medical Suites ChinaTown features air-conditioned accommodation with free WiFi, and a fitness centre.,,,
Massachusetts,Boston,42.34447,-71.08659,Charlesview Suites Back Bay,3.0,"""Offering concierge service and fitness facilities", Charlesview Suites Back Bay is located in Boston. Free WiFi access is available. The property is 1.2 km from Copley Square.,,,,,
Massachusetts,Boston,42.33573,-71.04498,Quarters on DOT by Short Term Rentals Boston,3.0,"""Quarters on Dorchester by Thatch offers unique accommodations in South Boston", Massachusetts, within walking distance of the Seaport District. Free WiFi and shared kitchen and laundry facilities are provided.,,,,
Massachusetts,Boston,42.39372,-71.13549,Cambridge Smart House,5.0,"""Featuring free WiFi and a sun terrace", luxury Bedroom with Bathroom+Jacuzzi offers a smart house close to Alewife station and fresh pond park. Free private parking is available on site.,,,,,
Massachusetts,Boston,42.33869,-71.11268,Longwood Medical one bed,5.0,"""Newly Renovated", 2Bed Steps to Longwood Med Center is situated in Brookline, 2.4 km from Boston Museum of Fine Arts, 2.8 km from Boston University, and 2.9 km from Hynes Convention Center. The accommodation is 1.8 km from Fenway Park, and guests benefit from private parking available on site and free WiFi.,
Massachusetts,Boston,42.33323,-71.11875,Brookline Village by STARS of Boston,3.0,"""Located in Brookline Village", at 7.4 km away from Boston, Harvard Square offers its guests gleaming hardwood floors, high ceilings, large windows, ceiling fans in each room. Parking is available.,
Massachusetts,Boston,42.34611,-71.13698,Modern Spacious With Balcony,5.0,"""Located in Boston in the Massachusetts region", Modern, Spacious, Two Bedroom With Balcony! has a balcony. The air-conditioned accommodation is 3.1 km from Longwood Medical Area, and guests benefit from private parking available on site and free WiFi.,,
Massachusetts,Boston,42.31523,-71.10004,Egleston Square Condo Jamaica Plain,5.0,"""This high ceiling furnished 2 bedroom Egleston Square Condo in Jamaica Plain offers accommodation along Bostons Orange line subway.",,,,,,
Massachusetts,Boston,42.33153,-71.11888,Sunny spacious 2 bed plus den MBTA mins to Boston,5.0,"""Sunny spacious 2 bed plus den", MBTA,mins to Boston is set in Brookline, 3.9 km from Boston Museum of Fine Arts, 4.2 km from Fenway Park, as well as 5.1 km from Hynes Convention Center. Complimentary WiFi is offered throughout the property and private parking is available on site.,
Massachusetts,Boston,42.33297,-71.1188,Brookline Village Townhouse by STARS of Boston,5.0,"""Situated in Brookline", this air-conditioned apartment is 6 km from Boston. Guests benefit from a private deck. Parking is available on site.,,,,,
Massachusetts,Boston,42.37628,-71.04987,Little Pearl,5.0,"""Little Pearl is a small yacht set in The Charleston Marina located in Boston", 900 metres from Bunker Hill Monument. The boat is 1.1 km from North End.,,,,,
Massachusetts,Boston,42.34264,-71.11826,Room at Saint Mary #1,2.0,"""Beacon @ St. Marys #1 Shared Bathroom by STARS Boston offers accommodation in Brookline", 5 km from Boston and 2.8 km from Cambridge. Guests benefit from patio. Free WiFi is available .,,,,,
Massachusetts,Boston,42.33835,-71.13212,Washington Street 3br Apartment By Stars Of Boston,5.0,"""Washington Street 3BR Apartment by STARS of Boston offers accommodation in Brookline. The unit is 7.8 km from Boston. Parking is available.",,,,,,
Massachusetts,Boston,42.50652,-70.85043,Brackett Cottage,5.0,"""Located in Marblehead", less than 1 km from Gas House Beach and 2.2 km from Riverhead Beach, Brackett Cottage offers free WiFi and air conditioning. This holiday home is 8 km from The House of the Seven Gables and 27 km from Old State House.,,,,
Massachusetts,Boston,42.52292,-70.90204,Belle Femme,5.0,"""Belle Femme is located in Salem", 1.7 km from Peabody Essex Museum, 2 km from The House of the Seven Gables, as well as 500 metres from The Witch House Corwin House. This property offers access to a balcony, free private parking and free WiFi.,,
Massachusetts,Boston,42.2606,-71.1582,Beautiful Apartment 5 Beds Parking Super Clean,5.0,"""Boasting garden views", Beautiful Apartment-5 Beds-Parking-Super Clean!!! provides accommodation with a terrace and a balcony, around 12 km from Fenway Park. Situated 11 km from Boston Museum of Fine Arts, the property features a garden and free private parking.,,,
Massachusetts,Boston,42.34975,-71.08269,Charming Studio On Boston's Iconic Newbury St. #8,5.0,"""In a central area of Boston", set within a short distance of Hynes Convention Center and Back Bay Station, Charming Studio on Bostons Iconic Newbury St. #8 offers free WiFi, air conditioning and household amenities such as a stovetop and coffee machine. The property has city views and is 1.4 km from Fenway Park and 1.9 km from Massachusetts Institute of Technology.,,,
Massachusetts,Boston,42.34975,-71.08271,Stylish Studio On Newbury St This Is Boston #12,5.0,"""In the centre of Boston", located within a short distance of Hynes Convention Center and Back Bay Station, Stylish Studio on Newbury St, THIS IS BOSTON! #12 offers free WiFi, air conditioning and household amenities such as a stovetop and coffee machine. The property has city views and is 1.4 km from Fenway Park and 1.9 km from Massachusetts Institute of Technology.,,
Massachusetts,Boston,42.34974,-71.0827,Large Stylish Newbury Street Studio W Kitchen,5.0,"""In a central area of Boston", located within a short distance of Hynes Convention Center and Back Bay Station, Large Stylish Newbury Street Studio w/ Kitchen offers free WiFi, air conditioning and household amenities such as a microwave and coffee machine. The property has city views and is 1.4 km from Fenway Park and 1.9 km from Massachusetts Institute of Technology.,,,
Massachusetts,Boston,42.26145,-71.11661,30min To Downtown The Cosmopolitan,5.0,"""Situated in Boston", 10 km from Boston Museum of Fine Arts and 11 km from Fenway Park, ~*30min to Downtown*~ THE COSMOPOLITAN offers free WiFi and air conditioning. This holiday home is 12 km from JFK Presidential Library & Museum and 12 km from Massachusetts Institute of Technology.,,,,
Massachusetts,Boston,42.26145,-71.11661,pet Friendly 30min To Downtown The Bostonian,5.0,"""Located in Boston", 10 km from Boston Museum of Fine Arts and 11 km from Fenway Park, ~*Pet Friendly 30min to Downtown*~ THE BOSTONIAN offers free WiFi and air conditioning. This holiday home is 12 km from JFK Presidential Library & Museum and 12 km from Massachusetts Institute of Technology.,,,,
Massachusetts,Boston,42.36428,-71.05266,Amazing Price & Location,5.0,"""Set in the centre of Boston", less than 1 km from TD Garden and a 5-minute walk from Old North Church, Amazing Location studio parking offers air conditioning. With free private parking, the property is 600 metres from Freedom Trail and less than 1 km from Boston North Station.,,,
Massachusetts,Boston,42.15964,-71.02338,MA Holbrook 16 Scott St Level 0,5.0,"""MA - Holbrook - 16 Scott St is situated in Holbrook. The accommodation is 47 km from Plymouth.",,,,,,
Massachusetts,Boston,42.54181,-70.89262,RiverView,5.0,"""Set 2.9 km from Peabody Essex Museum", 3.1 km from The House of the Seven Gables and 27 km from Cambridge College, RiverView offers accommodation situated in Beverly. The accommodation is 2 km from the Dane Street Beach and has free WiFi throughout the property.,,,,
Massachusetts,Boston,42.50105,-70.85805,Sweet Retreat,5.0,"""Sweet Retreat is situated in Marblehead", 1.3 km from Riverhead Beach, 1.6 km from Devereux Beach, and 1.7 km from Gas House Beach. This holiday home is 6.2 km from Peabody Essex Museum and 6.5 km from The House of the Seven Gables.,,,
Massachusetts,Boston,42.50116,-70.85912,Kindred Spirits,3.0,"""Kindred Spirits is located in Marblehead. The air-conditioned accommodation is 6 km from Salem.",,,,,,
Massachusetts,Boston,42.50623,-70.8507,Rockmere Inn,3.0,"""Rockmere Inn is located in Marblehead. The air-conditioned accommodation is 34 km from Gloucester.",,,,,,
Massachusetts,Boston,42.3455,-71.10794,Studio Apartment Near Fenway By Stars Of Boston,2.0,"""Located in Brookline in the Massachusetts region", Studio Apartment Near Fenway by STARS of Boston is a 2-star property featuring free WiFi. The 2-star apartment features garden views and is 4 km from Cambridge.,,,,,
Massachusetts,Boston,42.31229,-71.06354,Fati Casa - Private Rooms,5.0,,,,114 Hancock St  ,02125,6174463557,
Massachusetts,Bourne,41.77307,-70.56247,Herring Run Motel,5.0,"""Located in Bourne", within 9.1 km of Heritage Museums & Gardens and 9.1 km of Sandwich Glass Museum, Herring Run Motel and Tiny Cabins provides accommodation with a garden and free WiFi as well as free private parking for guests who drive. Plimoth Plantation is 26 km from the motel.,,,,
Massachusetts,Bourne,41.71891,-70.63555,Oceanview Buzzards Bay Getaway,5.0,"""Located in Monument Beach in the Massachusetts region", Oceanview Buzzards Bay Getaway features a garden. The accommodation is 26 km from Falmouth, and guests benefit from complimentary WiFi and private parking available on site.,,,,
Massachusetts,Braintree,42.20925105936218,-70.99922882936482,Motel 6 Boston Braintree,2.0,"""The hotel is located approximate 21 kilometres south-east of downtown Boston and adjacent to the metro station. It is just minutes from the University of Massachusetts", the JFK Library and the New England Aquarium. Logan International Airport is about 22.5 kilometres away.,,,,,
Massachusetts,Braintree,42.2200528,-71.0304375,Sheraton Braintree,3.0,"""Just 16 km south of Boston of I-93. The hotel is located across from the chic South Shore Plaza with its 200 stores. Downtown Boston is a 15 min car ride away.",,,,,,
Massachusetts,Brewster,41.75985,-70.08413,Candleberry Inn On Cape Cod,5.0,"""Featuring free WiFi and a sun terrace", Candleberry Inn on Cape Cod offers accommodation in Brewster. Free private parking is available on site.,,,,,
Massachusetts,Brewster,41.7618,-70.08293,Captain Freeman Inn,5.0,"""Captain Freeman Inn is a boutique inn set in Brewster. This inn offers a solar heated salt water pool.",,,,,,
Massachusetts,Brewster,41.75083,-70.12042,Brewster by the Sea Inn,5.0,"""Located in Brewster", 1.6 km from Paines Creek Beach and 1.7 km from Mants Landing Beach, Brewster by the Sea Inn provides accommodation with free WiFi, air conditioning and access to a garden with an outdoor swimming pool.,,,
Massachusetts,Brewster,41.76291,-70.07891,Pepper House Inn,3.0,"""This Brewster bed and breakfast features free Wi-Fi and spacious rooms with cable TV and a seating area. The Museum of Natural History and Cape Cod Bike & Rail Trail is 2 miles away.",,,,,,
Massachusetts,Brewster,41.75251,-70.10558,Sea Meadow Inn,3.0,"""This Brewster bed and breakfast features free Wi-Fi and individually decorated rooms with an iPod docking station and cable TV. Cape Cod Museum of Natural History and Paines Creek Beach are half a mile away.",,,,,,
Massachusetts,Brewster,41.75968,-70.08535,The Old Manse Inn,5.0,"""Located in Brewster", 1.2 km from Breakwater Beach and 1.3 km from Saints Landing Beach, Old Manse Inn provides accommodation with free WiFi, air conditioning, a garden and a shared lounge.,,
Massachusetts,Brewster,41.7626,-70.08043,Spinnaker,3.0,"""Located in Brewster", Spinnaker offers a restaurant. The inn provides both free WiFi and free private parking.,,,,,
Massachusetts,Brewster,41.76254,-70.05676,51 Middlecott Ln 3 Br townhouse by RedAwning,5.0,"""Located in Brewster", 51 MIDDLECOTT - 2 Bedroom offers accommodation with free WiFi, air conditioning and access to a garden.,,,,
Massachusetts,Brewster,41.74152,-70.06328,The Beauty Of Brewster,5.0,"""The Beauty of Brewster is situated in Brewster", 37 km from Provincetown. Chatham is 11 km away.,,,,,
Massachusetts,Brewster,41.75853,-70.04456,Ocean Edge Townhouse,5.0,"""Located in Brewster", within 2.9 km of Crosby Landing Beach, Ocean Edge Townhouse offers accommodation with free WiFi, air conditioning and a restaurant. The property was built in 1988 and has accommodation with a patio.,,,
Massachusetts,Brookline,42.34401,-71.11601,Arcadian Hotel Brookline,3.0,"""<p>HeadLine : Near Fenway Park</p><p>Location : With a stay at Sonder The Arcadian in Brookline", you ll be within a 5-minute drive of Fenway Park and Harvard University.  This hotel is 0.7 mi (1.1 km) from Boston University and 3.1 mi (5 km) from Boston Common.</p><p>Rooms : Make yourself at home in one of the 256 air-conditioned rooms featuring flat-screen televisions. Complimentary wireless Internet access keeps you connected, and cable programming is available for your entertainment. Private bathrooms with bathtubs or showers feature complimentary toiletries and hair dryers. Conveniences include coffee/tea makers and desk chairs.</p><p>CheckIn Instructions : <ul>  <li>Extra-person charges may apply and vary depending on property policy</li><li>Government-issued photo identification and a credit card, debit card, or cash deposit may be required at check-in for incidental charges</li><li>Special requests are subject to availability upon check-in and may incur additional charges; special requests cannot be guaranteed</li><li>Tax ID - C0004150460</li><li>This property accepts credit cards; cash is not accepted</li><li>Noise-free guestrooms cannot be guaranteed</li>  </ul></p><p>Special Instructions : Guests will be asked to provide the property with a copy of their government-issued photo ID before arrival. ,,
Massachusetts,Brookline,42.33939,-71.11899,Coolidge Corner Guest House,3.0,"""Featuring 3-star accommodation", The Coolidge Corner Guest House: A Brookline Bed and Breakfast is located in Brookline, 2.6 km from Fenway Park and 3.3 km from Boston Museum of Fine Arts. With a terrace, the 3-star inn has air-conditioned rooms with free WiFi. Private parking is available on site.,,,
Massachusetts,Brookline,42.342,-71.11707,The Bertram Inn,3.0,"""This Brookline hotel is located one mile from Fenway Park and one block from public transportation. The historic Inn boasts 14 unique rooms", massage services, and free Wi-Fi.,,,,
Massachusetts,Brookline,42.34173,-71.11732,Samuel Sewall Inn,3.0,"""This charming Brookline hotel is located one block from public transportation and 2 miles from Boston Common. The hotel features in-room massages", a buffet style breakfast every morning and free Wi-Fi.,,,,,
Massachusetts,Brookline,42.33825,-71.14101,Beacon Inn 1750,2.0,"""This bed and breakfast is in Brookline and is one mile from Boston College. This property is a 19th century brownstone and features free Wi-Fi in every room.",,,,,,
Massachusetts,Brookline,42.34478,-71.11054,Beacon Inn 1087,2.0,"""This bed and breakfast is located in Brookline and is 5 km from downtown Boston. This 19th century brownstone bed and breakfast offers free Wi-Fi in every room.",,,,,,
Massachusetts,Brookline,42.3405,-71.11486,Longwood Inn,3.0,"""Nestled in the peaceful residential neighborhood of Brookline", near the attractions of downtown Boston, Massachusetts, this cozy inn offers comfortable amenities in an ideal location.,,,
Massachusetts,Brookline,42.33869,-71.11268,Longwood Medical one bed,5.0,"""Newly Renovated", 2Bed Steps to Longwood Med Center is situated in Brookline, 2.4 km from Boston Museum of Fine Arts, 2.8 km from Boston University, and 2.9 km from Hynes Convention Center. The accommodation is 1.8 km from Fenway Park, and guests benefit from private parking available on site and free WiFi.,
Massachusetts,Brookline,42.33323,-71.11875,Brookline Village by STARS of Boston,3.0,"""Located in Brookline Village", at 7.4 km away from Boston, Harvard Square offers its guests gleaming hardwood floors, high ceilings, large windows, ceiling fans in each room. Parking is available.,
Massachusetts,Brookline,42.33153,-71.11888,Sunny spacious 2 bed plus den MBTA mins to Boston,5.0,"""Sunny spacious 2 bed plus den", MBTA,mins to Boston is set in Brookline, 3.9 km from Boston Museum of Fine Arts, 4.2 km from Fenway Park, as well as 5.1 km from Hynes Convention Center. Complimentary WiFi is offered throughout the property and private parking is available on site.,
Massachusetts,Brookline,42.33297,-71.1188,Brookline Village Townhouse by STARS of Boston,5.0,"""Situated in Brookline", this air-conditioned apartment is 6 km from Boston. Guests benefit from a private deck. Parking is available on site.,,,,,
Massachusetts,Brookline,42.34264,-71.11826,Room at Saint Mary #1,2.0,"""Beacon @ St. Marys #1 Shared Bathroom by STARS Boston offers accommodation in Brookline", 5 km from Boston and 2.8 km from Cambridge. Guests benefit from patio. Free WiFi is available .,,,,,
Massachusetts,Brookline,42.33835,-71.13212,Washington Street 3br Apartment By Stars Of Boston,5.0,"""Washington Street 3BR Apartment by STARS of Boston offers accommodation in Brookline. The unit is 7.8 km from Boston. Parking is available.",,,,,,
Massachusetts,Brookline,42.3455,-71.10794,Studio Apartment Near Fenway By Stars Of Boston,2.0,"""Located in Brookline in the Massachusetts region", Studio Apartment Near Fenway by STARS of Boston is a 2-star property featuring free WiFi. The 2-star apartment features garden views and is 4 km from Cambridge.,,,,,
Massachusetts,Cambridge,42.36374,-71.08361,Watermark Kendall West,4.0,"""Offering a shared terrace and a fitness centre", Global Luxury Suites at Kendall West is located in Cambridge. This self-catering accommodation features free WiFi. The MIT campus is 190 metres away.,,,,,
Massachusetts,Cambridge,42.36937,-71.10494,Harding House,2.0,"""Located 650 metres from Central Square and 750 from Harvard University", this bed and breakfast boasts free WiFi and in-room satellite TV. MIT is 1.1 km away.,,,,,
Massachusetts,Cambridge,42.37554,-71.11087,Irving House At Harvard,3.0,"""Located 230 metres from the famed Harvard University and set in the heart of Harvard Square", this charming guesthouse offers cozy accommodations, a delicious free daily breakfast and an on-site library.,,,,
Massachusetts,Cambridge,42.39326,-71.12613,A Cambridge House Inn at Porter,4.0,"""Located 3 km from central Boston and offering access to Harvard University", this non-smoking property features free parking on-site.,,,,,
Massachusetts,Cambridge,42.37526,-71.11087,A Friendly Inn at Harvard,2.0,"""Located within a 800 metres radius of Harvard Square and Harvard University", this Cambridge inn offers free WiFi access throughout the property.,,,,,
Massachusetts,Cambridge,42.370647,-71.101125,Chez Pat in Cambridge,3.0,"""<p>HeadLine : In Cambridge (Mid-Cambridge)</p><p>Location : With a stay at Chez Pat in Cambridge in Cambridge (Mid-Cambridge)", you ll be within a 5-minute drive of Harvard University and Harvard University Art Museums.  This bed & breakfast is 1.3 mi (2 km) from Massachusetts Institute of Technology and 1.3 mi (2 km) from Harvard Museum of Natural History.</p><p>Rooms : Make yourself at home in one of the 3 air-conditioned rooms featuring microwaves. Prepare your meals in the shared/communal kitchen. Complimentary wireless Internet access is available to keep you connected. Private bathrooms with showers feature complimentary toiletries and hair dryers.</p><p>CheckIn Instructions : <ul>  <li>Extra-person charges may apply and vary depending on property policy</li><li>Government-issued photo identification and a credit card, debit card, or cash deposit may be required at check-in for incidental charges</li><li>Special requests are subject to availability upon check-in and may incur additional charges; special requests cannot be guaranteed</li><li>Please note that cultural norms and guest policies may differ by country and by property; the policies listed are provided by the property</li>  </ul> <ul>  <li>Guests should be aware that two cats (Dodie and Gretyl) reside at this property. Elevators are not available.</li><li>Guests should be aware that two cats (Dodie and Gretyl) reside at this property. Guests who may encounter issues with stairs should contact this property in advance. Elevators are not available.</li>  </ul></p><p>Special Instructions : There is no front desk at this property. To make arrangements for check-in please contact the property at least 24 hours before arrival using the information on the booking confirmation. Prior to arrival, guests must complete online registration with the property via a secure link. Guests will be asked to provide the property with a copy of their government-issued photo ID before arrival. ,,
Massachusetts,Cambridge,42.36377,-71.09688,The Windsor Inn,3.0,"""Located 5 minutes walk from Massachusetts Institute of Technology", this accommodation boasts free Wi-Fi and a flat-screen TV in every guestroom. The Central Square underground is 10 minutes walk away.,,,,,
Massachusetts,Cambridge,42.37769,-71.14976,Kitty's House Near Harvard Square,3.0,"""Located in Cambridge", 2.5 km from Harvard University, Kittys House near Harvard Square features air-conditioned rooms with free high speed WiFi throughout the property. Free private parking is available on site.,,,,
Massachusetts,Cambridge,42.36811,-71.08085,Kendall Square Apartments by Next Star,5.0,"""Situated in Cambridge in the Massachusetts region", with Massachusetts Institute of Technology and CambridgeSide Galleria nearby, 1 Bedroom Apartments Near Kendall Square features accommodation with free WiFi.,,,,
Massachusetts,Cambridge,42.37776,-71.14971,Spacious 4B Harvard Apartment,5.0,"""Boasting free bikes", a shared lounge, and a garden, Spacious 4B Harvard Apartment offers accommodation in Cambridge with free WiFi and garden views. This apartment features free private parking and a shared kitchen.,,,
Massachusetts,Cambridge,42.39372,-71.13549,Cambridge Smart House,5.0,"""Featuring free WiFi and a sun terrace", luxury Bedroom with Bathroom+Jacuzzi offers a smart house close to Alewife station and fresh pond park. Free private parking is available on site.,,,,,
Massachusetts,Cambrige,43.04595,-89.07219,Oak Savannah Vacation Villas,5.0,"""Set in Cambridge in the Wisconsin region", Oak Savannah Vacation Villas has a patio and garden views. The air-conditioned accommodation is 32 km from Madison, and guests benefit from complimentary WiFi and private parking available on site.,,,,
Massachusetts,Centerville,41.64308,-70.34819,Long Dell Inn,3.0,"""Long Dell Inn is a bed and breakfast located in Centerville. Featuring a garden", this bed and breakfast has air-conditioned rooms with a private bathroom. Free WiFi is provided throughout the property.,,,,,
Massachusetts,Chatham,41.68329,-69.9611,Old Harbor Inn,4.0,"""This Chatham bed and breakfast is a 3-minute drive the Cape Cod National Seashore. The inn features a gym and rooms equipped with a flat-screen TV.",,,,,,
Massachusetts,Chatham,41.68246,-69.98869,The Chatham Motel,3.0,"""Located 1 mile from downtown Chatham", this motel is less than a five minute drive from Hardings Beach. It features an outdoor pool and free Wi-Fi access.,,,,,
Massachusetts,Chatham,41.68034,-69.95753,Chatham Wayside Inn,3.0,"""Situated in Chatham", Chatham Wayside Inn offers a seasonal outdoor swimming pool, fitness centre and garden. Featuring a restaurant, the property also features a bar. The property features a 24-hour front desk and free WiFi is available throughout the property.,,,
Massachusetts,Chatham,41.68393,-70.00848,Chatham Seafarer Inn,3.0,"""Just 700 metres from Ridgevale Beach", this Chatham hotel offers a seasonal outdoor pool. Free Wi-Fi is included in all guest rooms. Hardings Lighthouse is 1 mile away and Cockle Cove Beach is 15 minutes walk away. .,,,,,
Massachusetts,Chatham,41.69196,-69.95592,Captain's House Inn,4.0,"""Set on 2 acres of beautifully landscaped English gardens", this Chatham B&B is housed in an historic sea captains estate that dates to 1839. A complimentary gourmet breakfast is served each morning.,,,,,
Massachusetts,Chatham,41.6868,-69.97035,Chatham Highlander Motel,3.0,"""Boasting two heated outdoor swimming pools", Chatham Highlander Village Inn is located in Chatham, Massachusetts. Free Wi-Fi access is available.,,,,
Massachusetts,Chatham,41.69285,-69.9554,The Carriage House Inn,4.0,"""Just 2.6 km from Chatham Light Beach", this charming Chatham Inn offers individually decorated rooms that feature plush bedding and a seating area. WiFi access is also provided.,,,,,
Massachusetts,Chatham,41.68233,-69.95066,The Hawthorne,4.0,"""This motel in Chatham", Massachusetts offers access to a private beach area with a fire pit and is 7 minutes walk from shopping and dining by the town centre. Free Wi-Fi is accessible.,,,,,
Massachusetts,Chatham,41.67605,-69.94827,Surfside Inn Chatham,2.0,"""Offering a daily continental breakfast", Surfside Motor Inn is located in Chatham. Free WiFi access is available. Chatham Lighthouse Beach is just 2 minutes drive.,,,,,
Massachusetts,Chatham,41.66853,-70.03226,Chatham Tides,5.0,"""Set in South Chatham", within a few steps of Forest Beach and 2.2 km of Red River Beach, Chatham Tides offers accommodation with a private beach area and free WiFi as well as free private parking for guests who drive. The property is located 35 km from Wellfleet Bay Wildlife Sanctuary, 37 km from Cape Cod National Seashore and 47 km from Sandwich Glass Museum. The property is non-smoking and is situated 25 km from Nauset Lighthouse.,,,
Massachusetts,Chatham,41.68827,-70.02388,39 Tirrells 3 Br Home,5.0,"""Featuring air-conditioned accommodation with a patio", 39 Tirrells Home Home is located in South Chatham. Situated 2.6 km from Harding Beach, the property provides a garden.,,,,
Massachusetts,Chatham,41.69218,-69.9712,56 Stepping Stone 5 Br Home,5.0,"""Located in Chatham", 2.9 km from Cape Cod National Seashore, 3.7 km from Chatham Light Beach and 3.7 km from Chatham Light Beach, 56 Stepping Stone Home Home provides accommodation with a patio and free WiFi. This holiday home has a private pool, a garden and free private parking.,,
Massachusetts,Chatham,41.67505,-69.98588,Serene Chatham House By Oyster Pond,5.0,"""Serene Chatham House by Oyster Pond is a detached holiday home with a balcony", set in West Chatham in the Massachusetts Region. The unit is 46 km from Provincetown.,,,,,
Massachusetts,Chatham,41.67378,-69.99939,66 Indian Trail Home,5.0,"""Set in Chatham", 500 metres from Harding Beach and 6 km from Chatham Light Beach, 66 Indian Trail Home offers a garden and air conditioning. This beachfront property offers access to a patio, free private parking and free WiFi.,,,
Massachusetts,Chatham,41.69077,-70.00649,87 West Pond Rd Home,5.0,"""Located in Chatham in the Massachusetts region", 87 West Pond Rd Home features a patio. The air-conditioned accommodation is 2.2 km from Harding Beach, and guests benefit from private parking available on site and free WiFi.,,,,
Massachusetts,Chatham,41.67569,-69.98615,A Chatham Pearl On Oyster River,5.0,"""Featuring air conditioning", A Chatham Pearl on Oyster River is situated in Chatham, 3.1 km from Chatham Light Beach. Chatham Light Beach is 3.1 km away.,,,,
Massachusetts,Chatham,41.70066,-69.95678,Chatham Beach Cruiser,5.0,"""Why Louis & Jean Pannullo chose Chatham",,,,,,
Massachusetts,Chicopee,42.14931,-72.47315,Wilbraham Inn,4.0,"""Set 14 km from Eastern States Exposition Center", Wilbraham Inn offers rooms with air conditioning in Wilbraham. With free WiFi, this 4-star hotel offers room service and a 24-hour front desk. The property is allergy-free and is situated 15 km from The Big E.,,,,
Massachusetts,Cohasset,42.23955,-70.80169,Red Lion Inn 1704,5.0,"""Situated in Cohasset", 1.4 km from Bassing Beach, The Red Lion Inn features accommodation with a seasonal outdoor swimming pool, free private parking, a garden and a terrace. Located around 28 km from JFK Presidential Library & Museum, the inn with free WiFi is also 32 km away from Boston South Station. Guests can enjoy American dishes at the restaurant or have a cocktail at the bar.,
Massachusetts,Deerfield,42.5394,-72.60444,Deerfield Inn,,"""This village is a National Historic Landmark lined with 18th- and 19th-century homes with the 1884 Deerfield Inn in the middle of the mile long Old Main Street. Serene", comfortable, friendly, and sourcing locally in our scratch kitchen and at the bar.,,,
Massachusetts,,41.6554827103327,-70.1273514748688,Old Wharf Inn,5.0,,,,402 Old Wharf Road Dennis PortMassachusetts 02639 ,02639,5083982804,http://www.oldwharfinn.com
Massachusetts,Eastham,41.80892,-69.97231,Eagle Wing Inn Cape Cod,3.0,"""This Eastham inn offers free Wi-Fi and rooms equipped with a refrigerator. The Nauset Lighthouse is 5 minutes drive.",,,,,,
Massachusetts,Eastham,41.86706,-69.98387,Viking Shores Motor Inn,2.0,"""Located 3.2 km from the beach", this Cape Cod motel boasts an outdoor pool. It is also a part of the Cape Cod Rail Trail Bike Path.,,,,,
Massachusetts,Eastham,41.80154,-69.99069,HI Eastham,1.0,"""Tucked away in three acres of wooded land", this Eastham, Massachusetts hostel is just 950 metres from the Cape Cod Rail Trail, a nearly 50 km long bicycle trail. Free WiFi access is provided to guests.,,,
Massachusetts,Eastham,41.83838,-69.97695,Inn At The Oaks,3.0,"""Located on Cape Cod", this Eastham bed and breakfast is located near the Cape Cod National Seashore. Inn at the Oaks also has a backyard with an outdoor patio, a fire pit, and a wraparound porch.,,,
Massachusetts,Eastham,41.80182,-69.9925,The Whalewalk Inn & Spa,5.0,"""Featuring free WiFi and a hot tub", The Whalewalk Inn & Spa offers accommodation in Eastham. Free private parking is available on site.,,,,,
Massachusetts,Eastham,41.84455,-69.98341,Town Crier Motel,2.0,"""Located on the Cape Cod Rail trail", this motel is 1 mile from the National Seashore beaches. It features free Wi-Fi in public spaces and rooms equipped with a flat-screen TV with cable channels.,,,,,
Massachusetts,Eastham,41.80982,-69.97093,Cove Bluffs Inn,2.0,"""Boasting scenic gardens and an outdoor swimming pool", The Seagrove Suites & Guest Rooms is located in Eastham. Free WiFi access is available at this Cape Cod holiday home. First Encounter Beach is 5.4 km away.,,,,,
Massachusetts,Eastham,41.86999,-69.98428,Midway Motel and Cottages,5.0,"""Featuring direct access to the Cape Cod Bike Trail", Midway Motel & Cottages is located in North Eastham. Free WiFi access is available. Guests at the property can enjoy shuffleboard, badminton, and horseshoes.,,,
Massachusetts,Eastham,41.86999,-69.98428,Midway Motel & Cottages,5.0,"""Featuring direct access to the Cape Cod Bike Trail", Midway Motel & Cottages is located in North Eastham. Free WiFi access is available. Guests at the property can enjoy shuffleboard, badminton, and horseshoes.,,,
Massachusetts,Eastham,41.86256,-69.977,40 Epanow Rd Home,5.0,"""Located in Eastham in the Massachusetts region", 40 Epanow Rd Home features a patio. The air-conditioned accommodation is 2.6 km from Cooks Brook Beach, and guests benefit from complimentary WiFi and private parking available on site.,,,,
Massachusetts,Eastham,41.85875,-69.9732,Eastham Escape,5.0,"""Featuring air conditioning", Eastham Escape is situated in Eastham, 2.9 km from Coast Guard Beach. Wellfleet Drive-In is 2.6 km from the property.,,,,
Massachusetts,Eastham,41.85538,-69.97702,One Love Eastham,5.0,"""One Love - Eastham is set in Eastham", 3 km from Coast Guard Beach. Wellfleet Drive-In is 2.8 km from the property.,,,,,
Massachusetts,Edgartown,41.39127,-70.51807,Ashley Inn,4.0,,,,129 Main Street Box 650EdgartownMassachusetts 02539 ,02539,5086279655,https://www.booking.com/hotel/us/ashley-inn-edgartown.html
Massachusetts,Edgartown,41.35194,-70.51487,Winnetu Oceanside Resort Martha's Vineyard,5.0,"""Winnetu is a 3-minutes walk from South Beach and 5.2 km from Main Street", Edgartown via resort shuttle bus or bike path.  The resort seasonally offers 2 heated swimming pools, a health club, a complimentary childrens program, a complimentary tennis courts on-site and an on-site restaurant, The Dunes.,
Massachusetts,Edgartown,41.39092,-70.51802,Hob Knob,4.0,"""This luxury Marthas Vineyard accommodation boasts an on-site spa and a beautiful wrap around porch. Joseph Sylvia State Beach is 3 miles away.",,,,,,
Massachusetts,Edgartown,41.38887,-70.51357,The Christopher,5.0,"""Featuring free WiFi", The Christopher offers accommodation in Edgartown.,,,,,
Massachusetts,Edgartown,41.38989,-70.51222,The Sydney,3.0,"""Featuring an on-site restaurant", this Marthas Vineyard inn is just 150 metres from Edgartown Harbor and the ferry to Falmouth. WiFi access is provided to guests free of charge. This is a non-smoking property.,,,,,
Massachusetts,Edgartown,41.3941,-70.52034,Pine Street Haven,5.0,"""Pine Street Haven is situated in Edgartown", 19 km from Falmouth. Hyannis is 35 km from the property.,,,,,
Massachusetts,Edgartown,41.37153,-70.51679,"""Casita del Amor """"Love Cottage""""""",5.0,"""Casita del Amor """"Love Cottage"""" offers accommodation in Edgartown. Falmouth is 22 km away.",,,,,,
Massachusetts,Edgartown,41.3906,-70.51638,The Richard,5.0,"""Located in Edgartown", The Richard features free WiFi. All rooms boast a flat-screen TV with cable channels and a private bathroom.,,,,,
Massachusetts,Edgartown,41.38966,-70.55262,Colonial Blue On Whalers Walk,5.0,"""Colonial Blue on Whalers Walk is situated in Edgartown", 19 km from Falmouth. Hyannis is 37 km from the property.,,,,,
Massachusetts,Edgartown,41.39093,-70.50975,Captain Morse House,5.0,"""Situated in Edgartown in the Massachusetts region and Lighthouse Beach reachable within 500 metres", Captain Morse House - Luxury, Waterfront, Town, & Beaches - 5 stars features accommodation with free WiFi, BBQ facilities, a terrace and free private parking.
Massachusetts,Fairhaven,41.6469002,-70.9123993,Baggins End Guest House,3.0,,,,2 West Street FairhavenMassachusetts 02719 ,02719,5083262567,http://www.bagginsendguesthouse.com
Massachusetts,Falmouth,41.55343,-70.59955,Red Horse Inn,5.0,"""Situated in Falmouth", 1.6 km from Surf Drive Beach, Red Horse Inn features accommodation with a garden, free private parking and a terrace. Located around 31 km from Sandwich Glass Museum, the inn with free WiFi is also 31 km away from Heritage Museums & Gardens. The property is non-smoking and is located 1.9 km from Bristol Beach.,,
Massachusetts,Falmouth,41.54554,-70.59658,Seaside Inn,2.0,"""This Cape Cod motel features oceanfront views of Falmouth Heights Beach and offers free Wi-Fi access in every room. The ferry to Marthas Vineyard is half a mile away.",,,,,,
Massachusetts,Falmouth,41.54698,-70.60003,Falmouth Heights Motor Lodge,3.0,"""Just a five minute walk to the ferry to Marthas Vineyard Island Queen Ferry", this motel features an outdoor pool.,,,,,
Massachusetts,Falmouth,41.55227,-70.60733,Mariner Motel,2.0,"""This motel is a 5 minutes walk to Falmouth city centre and a 10 minutes walk to the Marthas Vineyard ferry.  It offers an outdoor pool and spacious rooms with free Wi-Fi and a flat-screen TV.",,,,,,
Massachusetts,Falmouth,41.55236,-70.61183,Town & Beach Motel,2.0,"""Less than 1 mile from Surf Drive Beach", the Town & Beach Motel in charming Falmouth, Massachusetts offers individually decorated rooms with satellite TV.  Free Wi-Fi is available throughout the property.,,,,
Massachusetts,Falmouth,41.5609,-70.60946,Coonamessett Inn,4.0,"""Featuring an on-site restaurant", The Coonamessett is located in Falmouth, Within 7 km of Old Silver Beach and Menauhant Beach. The Island Queen Ferry to Marthas Vineyard is just 5 minutes drive and Surf Drive Beach is 6 minutes drive.,,,,
Massachusetts,Falmouth,41.55000305,-70.61398315,Shoreway Acres Inn,3.0,"""In the heart of Falmouths historic district", just a short stroll to the beach and village and quaint main street full of galleries and quintessential New England atmosphere. Martha's Vineyard ferry launch is just 1 mile away. ,,,,,
Massachusetts,Falmouth,41.55554,-70.62023,Palmer House Inn,5.0,"""Located in Falmouth", 1.8 km from Surf Drive Beach and 32 km from Heritage Museums & Gardens, Palmer House Inn provides accommodation with free WiFi, air conditioning and access to a garden with a terrace.,,,
Massachusetts,Falmouth,41.55324,-70.62418,Captain Tom Lawrence House Inn,3.0,"""Housed in a former captains home that dates back to 1861", this Captain Lawrence Inn is just 5 minutes walk from the shops and restaurants of Main Street, Falmouth. Central air conditioning and WiFi access are provided to guests.,,,,
Massachusetts,Falmouth,41.524,-70.66436,Sands of Time Motor Inn & Harbor House,3.0,"""Located in the village of Woods Hole overlooking the harbour", this Cape Cod motel boasts an outdoor heated pool and free Wi-Fi. The ferry to Marthas Vineyard is just 5 minutes walk away.,,,,,
Massachusetts,Falmouth,41.52346,-70.66227,Treehouse Lodge,2.0,"""Situated in Woods Hole", Treehouse Lodge features free bikes and a garden. Guests can enjoy garden views. The accommodation offers a free pick-up service from the Woods Hole bus station.,,,,,
Massachusetts,Falmouth,41.54813,-70.59108,A Slice of Heaven in Falmouth,5.0,"""A Slice of Heaven in Falmouth offers accommodation in Falmouth. Menauhant Beach is 2.9 km from the property.",,,,,,
Massachusetts,Falmouth,41.54674,-70.62591,Mill View La Maison de l'Artiste,5.0,"""Mill View: La Maison de lArtiste offers accommodation in Falmouth. Menauhant Beach is 6 km from the property.",,,,,,
Massachusetts,Falmouth,41.54374,-70.59896,Inn On The Sound,4.0,"""Boasting a private beach area and rooms with sea views", Inn on the Sound is located in Falmouth. Free WiFi access is available.,,,,,
Massachusetts,Falmouth,41.54365,-70.64057,112 Ransom Rd Home,5.0,"""Set in Falmouth", 112 Ransom Rd Home offers accommodation with a patio and free WiFi. Situated 1.6 km from Surf Drive Beach, the property features a garden and free private parking.,,,,
Massachusetts,Falmouth,41.62216,-70.63383,11 Spartina Place Home,5.0,"""Situated in Falmouth", 11 Spartina Place Home features accommodation with a patio and free WiFi. Set 600 metres from Old Silver Beach, the property offers a garden and free private parking.,,,,
Massachusetts,Falmouth,41.54731,-70.59238,The Green Monstah,5.0,"""The Green Monstah! offers accommodation in Falmouth. Menauhant Beach is 3 km away.",,,,,,
Massachusetts,Falmouth,41.57199,-70.63578,The Happy Place,5.0,"""Located in Falmouth", within 600 metres of Wood Neck Beach and 32 km of Heritage Museums & Gardens, The Happy Place offers accommodation with free WiFi, air conditioning and a garden. It is set 32 km from Sandwich Glass Museum and provides an ATM.,,,
Massachusetts,Foxborough,42.08397,-71.27687,Red Fox Motel,5.0,"""Set in Foxborough", 37 km from Boston Museum of Fine Arts, Redfox Motel offers accommodation with free WiFi and free private parking. The property is around 38 km from Brown University, 38 km from The VETS and 38 km from Rhode Island School of Design Museum of Art. Fenway Park is 39 km away and Dunkin Donut Center is 39 km from the motel.,,,
Massachusetts,Franklin,42.06578,-71.39782,Home2 Suites by Hilton Boston Franklin,5.0,"""Situated within 34 km of Providence College and 35 km of The VETS", Home2 Suites By Hilton Boston Franklin features rooms in Franklin. The property is located 35 km from Rhode Island School of Design Museum of Art, 35 km from Dunkin Donut Center and 35 km from Brown University. Johnson and Wales University is 36 km away and Pawtuxet Village is 43 km from the hotel.,,,,
Massachusetts,Gardner,42.56585,-71.94808,Colonial Hotel,3.0,"""Featuring free WiFi and a spa centre", Colonial Hotel offers accommodation in Gardner, 36 km from Worcester. The hotel has a hot tub and sauna, and guests can enjoy a meal at the restaurant.,,,
Massachusetts,Gloucester,42.61418,-70.68722,Castle Manor Inn,3.0,"""Located less than 1.6 km from Stage Fort Park and the harbour", Castle Manor Inn - Motel is a restored 1900 Victorian Property in Gloucester.  Free Wi-Fi is available in certain areas of the property.,,,,,
Massachusetts,Gloucester,42.62503,-70.64049,Sea Lion Motel,3.0,"""Located 10 minutes walk from Good Harbor Beach", this motel boasts an outdoor pool and whale watching tours within 1 mile.,,,,,
Massachusetts,Gloucester,42.60673,-70.63341,Atlantis Oceanfront Inn Gloucester,3.0,"""This oceanfront hotel boasts panoramic ocean views from each guest room. It has a breakfast cafe located on site. Good Harbor Beach is 5 minutes drive away.",,,,,,
Massachusetts,Gloucester,42.61038,-70.67112,Harborview Inn,3.0,"""This Gloucester bed and breakfast is directly across from the harbour and boasts uniquely styled rooms", each with an en suite bathroom.  Various shops and restaurants are within 10 minutes walk.,,,,,
Massachusetts,Gloucester,42.6215,-70.63979,Vista Motel,3.0,"""Overlooking Good Harbor Beach in Gloucester", all rooms at the Vista Motel have ocean views. The property features a seasonal outdoor pool and each room is equipped with a microwave and refrigerator.,,,,,
Massachusetts,Gloucester,42.6297,-70.63734,Captain's Lodge Motel,2.0,"""This Gloucester motel offers free Wi-Fi and a tennis court. The rooms are equipped with cable TV. Good Harbor Beach is 5 minutes drive away.",,,,,,
Massachusetts,Gloucester,42.62656,-70.62051,Cape Ann Motor Inn,5.0,"""Located on the Long Beach in Gloucester", this property offers rooms with views of the ocean. Guests can see the lighthouse on Thacher Island from the beach.,,,,,
Massachusetts,,42.188579,-73.368714,Stonegate Mansion,3.0,A turn-of-the-century mansion located in the southern Berkshires serves as your vacation home at Stonegate.,NO Wheelchair-accessible NO Large pets allowed (over 5 kg) NO Small pets allowed (under 5 kg) NO Garage NO Car park NO Smoking rooms NO Connecting rooms NO Disability-friendly bathroom,,111 West Ave. Great Barrington Great Barrington 01230Massachusetts ,01230,4105240295,http://stonegatemansion.com/
Massachusetts,,42.19785,-73.43826,The Inn at Sweet Water Farm,3.0,HotelDescription#Further information about this hotel will be available shortly,NO Connecting rooms NO Smoking rooms NO Large pets allowed (over 5 kg) NO Car park NO Small pets allowed (under 5 kg) NO Disability-friendly bathroom NO Wheelchair-accessible NO Garage,,Prospect Lake Road 1 1 01230 Great Barrington Great BarringtonMassachusetts 01230 ,01230,4132432700,http://www.innsweetwater.com/
Massachusetts,Hamilton,31.69111,-98.12931,Western Inn Hamilton,1.0,"""This Texas motel features free Wi-Fi and an outdoor swimming pool.  Hamilton Municipal Airport is 5 miles away.",,,,,,
Massachusetts,Hamilton,31.71177,-98.12074,Budget Inn Hamilton,1.0,"""Located off Highway 281", this Hamilton, TX motel offers guest rooms with a flat-screen TV.  The hotel is a pet-friendly property with free Wi-Fi access.,,,,
Massachusetts,Hamilton,31.67626,-98.1348,Hamilton Inn,1.0,"""Hamilton Inn features air-conditioned accommodation in Hamilton. With free WiFi", this 1-star motel offers a 24-hour front desk.,,,,,
Massachusetts,Hatfield,42.36933,-72.63636,Scottish Inns West Hatfield,2.0,"""Located just off of Interstate 91 in Hatsfield", Massachusetts, Scottish Inns is within 20 minutes drive of Amherst College and the University of Massachusetts at Amherst. Free WiFi access is provided.,,,,
Massachusetts,Holbrook,42.15964,-71.02338,MA Holbrook 16 Scott St Level 0,5.0,"""MA - Holbrook - 16 Scott St is situated in Holbrook. The accommodation is 47 km from Plymouth.",,,,,,
Massachusetts,Holyoke,42.175335,-72.641294,Holyoke Hotel,3.0,,NO Garage NO Disability-friendly bathroom NO Connecting rooms NO Wheelchair-accessible NO Large pets allowed (over 5 kg) NO Small pets allowed (under 5 kg) NO Car park NO Smoking rooms,,245 Whiting Farms Road HolyokeMassachusetts 01040 ,01040,,
Massachusetts,Hull,42.26635,-70.85004,Nantasket Hotel at the Beach,3.0,"""Just steps from Nantasket Beach", this hotel offers free WiFi and bright rooms equipped with a microwave, a refrigerator and a Keurig® coffee machine.,,,,
Massachusetts,Hull,42.26429,-70.85916,The Beacon Luxury Waterfront Inn,4.0,"""The Beacon Luxury Waterfront Inn overlooking Nantasket Bay was redesigned with the customer in mind.",,,,,,
Massachusetts,Hyannis,41.64007,-70.29013,Sea Street Inn,5.0,"""Situated in Hyannis", 500 metres from Orrin Keyes Beach and less than 1 km from Kalmus Park Beach, Sea Street Inn features accommodation with free WiFi, air conditioning, a shared lounge and a garden.,,
Massachusetts,Hyannis,41.65117,-70.28657,Hyannis Inn,3.0,"""Located in Cape Cod", this Main Street inn offers free WiFi and traditionally decorated rooms equipped with a 50-inch Flat-Screen TV with Netflix, Youtube and casting, and a mini-refrigerator. The John F. Kennedy Hyannis Museum is within walking distance, 250 metres away.,,
Massachusetts,Hyannis,41.65067,-70.28044,Cape Cod Harbor House Inn,2.0,"""Overlooking Hyannis harbour", this Cape Cod motel is 1 mile from Kalmus Park Beach and features a daily breakfast. The John F. Kennedy Hyannis Museum is 7 minutes walk away.,,,,,
Massachusetts,Hyannis,41.64109,-70.30328,Simmons Homestead Inn,2.0,"""Ideally located in the Cape Cod village of Hyannis", Massachusetts, Simmons Homestead Inn offers free WiFi access and free parking. A full breakfast is served each morning and a wine hour is held in the evenings.,,,,
Massachusetts,Hyannis,41.65173,-70.28576,Cape Cod Inn,2.0,"""Centrally located on Main Street in Hyannis city centre", this hotel is a short walk from the scenic waterfront of Cape Cod. Stop by for a pleasant and memorable stay. A complimentary continental breakfast is available each morning.,,,,,
Massachusetts,Hyannis,41.63902,-70.28023,Cape Cod Ocean Manor,5.0,"""Offering a sun terrace and views of the sea", A Cape Cod Ocean Manor Inn is set in Hyannis. Free private parking is available on site.,,,,,
Massachusetts,Hyannis,41.63793,-70.29094,Sea Breeze Inn,2.0,"""Near the Hyannisport Harbor and one of Cape Cods most beautiful beaches", this inn in Hyannis, Massachusetts offers uniquely decorated guestrooms with modern amenities and friendly services.,,,,
Massachusetts,Hyannis,41.65244,-70.28172,SeaCoast Inn,3.0,"""Centrally located on Cape Cod", SeaCoast Inn is located just 5 minutes walk from the ferries to Nantucket and Marthas Vineyard. Free WiFi access is available and the shops of Main Street, Hyannis are within 200 metres.,,,,
Massachusetts,Hyannis,41.65067,-70.28073,Hi Hyannis Hostel,2.0,"""This hostel is located in Hyannis", Massachusetts, just 5 minutes walk from the ferry, which departs to Nantucket and Marthas Vineyard. Free WiFi access is provided.,,,
Massachusetts,Hyannis,41.64395,-70.2862,181 Chase St Home,5.0,"""181 Chase St Home has a balcony and is set in Hyannis", within just 700 metres of Veterans Park beach and 800 metres of St Francis Xavier Church. This property offers access to a patio, free private parking and free WiFi.,,,,
Massachusetts,Hyannis,41.64007,-70.30732,Spacious Home in Hyannis by RedAwning,5.0,"""Spacious Home in Hyannis Home is a holiday home with a balcony", set in Hyannis. The holiday home is 2 km from St Francis Xavier Church.,,,,,
Massachusetts,Hyannis,41.63592,-70.28297,Oceanside Hyannis Beach House by RedAwning,5.0,"""Oceanside Hyannis Beach House Home is a holiday home with a barbecue", situated in Hyannis, 600 metres from Veterans Memorial Park. The property is 700 metres from John F Kennedy Memorial and boasts views of the sea.,,,,
Massachusetts,Hyannis,41.63709,-70.28875,63 Harbor Road House,5.0,"""Set in Hyannis", 1 km from Veterans Park beach and 7 km from Cape Cod Beer Brewery, 63 Harbor Road House offers a garden and air conditioning. This beachfront property offers access to a patio, free private parking and free WiFi.,,,
Massachusetts,Ipswich,42.69174,-70.853947,Arbor Inn Motel,3.0,HotelDescription#Further information about this hotel will be available shortly,NO Car park NO Disability-friendly bathroom NO Small pets allowed (under 5 kg) NO Smoking rooms NO Connecting rooms NO Wheelchair-accessible NO Garage NO Large pets allowed (over 5 kg),,153 High Street IpswichMassachusetts 01938 ,01938,9783560220,http://www.arborinnmotel.com
Massachusetts,Ipswich,42.67302,-70.83687,Rogers & Brown House Bed & Breakfast,3.0,"""Offering a complimentary hot breakfast", Rogers and Brown House B&B is located in Ipswich, Massachusetts. Free Wi-Fi access is available.,,,,
Massachusetts,Lee,42.32582,-73.26231,Lakehouse Inn,5.0,"""Set in Lee", 2.1 km from Cranwell Spa & Golf Club, Lakehouse Inn offers accommodation with a shared lounge, free private parking, a garden and water sports facilities. 6.1 km from Tanglewood and 6.4 km from Tanglewood Musical Center, the inn features a ski pass sales point. Free WiFi is available throughout the property and Norman Rockwell Museum is 13 km away.,
Massachusetts,Lee,42.30116,-73.2587,Applegate Inn,5.0,"""Located in the heart of the Berkshire Mountains", this bed and breakfast boasts an outdoor swimming pool and free Wi-Fi access. Tanglewood Musical Center is 7 miles away.,,,,,
Massachusetts,Lee,42.30085,-73.26384,Devonfield Inn,4.0,"""Situated on 30 acres", this scenic Berkshires bed and breakfast boasts a heated, seasonal outdoor pool and on-site tennis courts. Free WiFi access is provided, while Tanglewood Musical Center is 6 miles away and Greenock Golf Club is 650 metres away.,,,
Massachusetts,Lee,42.30109,-73.24262,Pilgrim Inn,2.0,"""Situated in Lee", between the beautiful Beartown and October Mountain State Forests, Pilgrim Inn is a 20-minute drive from Pitsfield. It features a swimming pool and cozy rooms with free Wi-Fi.,,,,
Massachusetts,Lee,42.30777,-73.24684,The Red Door B&B,3.0,"""Red Door B&B has garden views", free WiFi and free private parking, situated in Lee.,,,,
Massachusetts,Lenox,42.35808,-73.28463,33 Main,4.0,"""33 Main is located in Lenox", 1.8 km from Tanglewood. This adults-only property offers a complimentary breakfast and cocktail hours with free cocktails and cheese between 15:30 and 17:30 hours.,,,,,
Massachusetts,Lenox,42.35505,-73.30474,Chesapeake Inn of Lenox,3.0,"""Featuring an outdoor pool", this Lenox, Massachusetts inn offers a daily breakfast from an a la carte menu. WiFi access is provided free of charge.,,,,
Massachusetts,Lenox,42.37099,-73.25736,Eastover Estate And Eco Village,,"""This resort offers yoga classes on Saturday and Sunday. Tanglewood Musical Center", an entertainment venue, is 5 minutes drive away from this tranquil property.,,,,
Massachusetts,Lenox,42.35359,-73.31679,Apple Tree Inn,5.0,"""Situated in Lenox", 1.1 km from Tanglewood Musical Center, Apple Tree Inn features accommodation with a seasonal outdoor swimming pool, free private parking, a garden and a terrace. Among the facilities of this property are a restaurant, a 24-hour front desk and luggage storage space, along with free WiFi. Guests can make use of a bar.
Massachusetts,Lenox,42.36295,-73.28289,Whistlers Inn Bed and Breakfast,3.0,"""This Lenox", Massachusetts bed and breakfast boasts a daily gourmet breakfast and free Wi-Fi access in every individually styled room. Tanglewood Musical Center is just 2 miles away.,,,,,
Massachusetts,Lenox,42.35581,-73.28503,Rookwood Inn,4.0,"""Located 5 minutes walk from Lenox Village", this Victorian-style boutique hotel boasts uniquely decorated guest rooms, each with an en suite bathroom. Tanglewood Musical Center is 2 miles away.,,,,
Massachusetts,Lenox,42.3815982708705,-73.275452228263,Magnuson Hotel Lenox,1.0,"""Located among the beautiful Berkshire Mountains and situated on over eight attractive acres", the Econo Lodge hotel provides conveniences and serenity all visitors will enjoy. This Lenox, Massachusetts hotel is minutes from the Norman Rockwell Museum, Jiminy Peak ski area, Tanglewood Music Center and the Herman Melville's Arrowhead, a Registered National Historic Landmark. Pittsfield Municipal Airport is only 6.5 kilometres away.,
Massachusetts,Lenox,42.3549,-73.28113,Hampton Terrace Inn,4.0,"""Swim in the outdoor pool or take advantage of the on-site tennis courts at this Massachusetts bed and breakfast.  Tanglewood Musical Center is 5 minutes drive away.",,,,,,
Massachusetts,Lenox,42.35672,-73.28294,The Village Inn,3.0,"""Set in Lenox", within 2.1 km of Tanglewood and 2.4 km of Tanglewood Musical Center, The Whitlock offers accommodation with a bar and as well as free private parking for guests who drive. Featuring a garden, the 3-star hotel has air-conditioned rooms with free WiFi, each with a private bathroom. The property is non-smoking and is situated 2.6 km from Cranwell Spa & Golf Club.,,
Massachusetts,Lenox,42.4041,-73.26517,Wagon Wheel Inn,2.0,"""This Massachusetts motel offers rooms with free Wi-Fi and a 24-hour front desk. The motel is within a 5-minute drive of the Arrowhead Museum", former home of Herman Meville.,,,,,
Massachusetts,Lenox,42.35268,-73.28839,Brook Farm Inn,4.0,"""Surrounded by the Berkshire Mountains", this bed and breakfast boasts an outdoor pool and uniquely styled guestrooms, each with an en suite bathroom. The Norman Rockwell Museum is 7 miles away.,,,,
Massachusetts,Leominster,42.45209,-71.75044,Chocksett Inn and Restaurant,3.0,"""Situated in Sterling", Chocksett Inn offers 3-star accommodation with a garden. This 3-star inn offers a 24-hour front desk and free WiFi. The on-site restaurant serves American cuisine.,,,,,
Massachusetts,Leominster,42.56585,-71.94808,Colonial Hotel,3.0,"""Featuring free WiFi and a spa centre", Colonial Hotel offers accommodation in Gardner, 36 km from Worcester. The hotel has a hot tub and sauna, and guests can enjoy a meal at the restaurant.,,,
Massachusetts,Mansfield,41.99757,-71.20883,Fairfield by Marriott Inn & Suites Mansfield,5.0,"""Situated in Mansfield", 33 km from Brown University, Fairfield by Marriott Inn & Suites Mansfield features accommodation with free bikes, free private parking, a fitness centre and a shared lounge. The property is set 33 km from The VETS, 34 km from Rhode Island School of Design Museum of Art and 34 km from Johnson and Wales University. The hotel has a terrace and an indoor pool.,
Massachusetts,Marblehead,42.50716,-70.84624,Harbor Gardens Inn,3.0,"""Located 15 miles from Logan International Airport", this bed and breakfast in Marblehead is 15 minutes drive from Salem. Free Wi-Fi is provided and the property is surrounded by gardens.,,,,,
Massachusetts,Marblehead,42.5061,-70.84834,Harbor Light Inn,4.0,"""Located in the heart of the historic Marblehead town centre", this boutique hotel features a seasonal outdoor pool, a restaurant and free Wi-Fi.  The ocean is steps away.,,,,
Massachusetts,Marblehead,42.49451,-70.86568,The Hotel Marblehead,3.0,"""This historic Inn is minutes from the beach in a centrally located residential area. Each uniquely decorated room offers free Wi-Fi and a flat-screen cable TV.",,,,,,
Massachusetts,Marblehead,42.50652,-70.85043,Brackett Cottage,5.0,"""Located in Marblehead", less than 1 km from Gas House Beach and 2.2 km from Riverhead Beach, Brackett Cottage offers free WiFi and air conditioning. This holiday home is 8 km from The House of the Seven Gables and 27 km from Old State House.,,,,
Massachusetts,Marblehead,42.50105,-70.85805,Sweet Retreat,5.0,"""Sweet Retreat is situated in Marblehead", 1.3 km from Riverhead Beach, 1.6 km from Devereux Beach, and 1.7 km from Gas House Beach. This holiday home is 6.2 km from Peabody Essex Museum and 6.5 km from The House of the Seven Gables.,,,
Massachusetts,Marblehead,42.50116,-70.85912,Kindred Spirits,3.0,"""Kindred Spirits is located in Marblehead. The air-conditioned accommodation is 6 km from Salem.",,,,,,
Massachusetts,Marblehead,42.50623,-70.8507,Rockmere Inn,3.0,"""Rockmere Inn is located in Marblehead. The air-conditioned accommodation is 34 km from Gloucester.",,,,,,
Massachusetts,Mashpee,41.63455,-70.45656,Santuit Inn,3.0,"""Located in Mashpee", Cape Cod, adjacent to the fairways of Willowbend Golf Club, Santuit Inn features air-conditioned rooms with flat-screen cable TVs. Mashpee Commons is a 5-minute drive away. There is a 24-hour reception.,,,
Massachusetts,Mashpee,41.64194,-70.45751,La Plaza Del Sol Motel,2.0,"""Located down a tree-lined road in Mashpee", La Plaza del Sol Motel features an outdoor pool and BBQ facilities. Free Wi-Fi is available in every room.,,,,,
Massachusetts,Mashpee,41.65342,-70.4632,35 Timberlane Drive Home,5.0,"""Located in Mashpee in the Massachusetts region", 35 Timberlane Drive Home has a patio. The air-conditioned accommodation is 14 km from South Cape Beach State Park, and guests benefit from private parking available on site and free WiFi.,,,,
Massachusetts,Mashpee,41.66696,-70.49509,63 Pickerel Cove Circle Cottage,5.0,"""Situated in Mashpee", 12 km from Sandwich Glass Museum and 12 km from Heritage Museums & Gardens, Pickerel Cove Cottage features air-conditioned accommodation with a patio and free WiFi. This holiday home is 21 km from St Francis Xavier Church and 21 km from John F Kennedy Hyannis Museum.,,,,
Massachusetts,Mashpee,41.56998,-70.48283,17 Finway House in New Seabury by RedAwning,5.0,"""Situated in Mashpee", this air-conditioned holiday home features a balcony. The holiday home is 2.6 km from South Cape Beach State Park.,,,,,
Massachusetts,Menemsha,41.35468,-70.75766,Menemsha Inn & Cottages,3.0,"""Menemsha Inn & Cottages in Chilmark provides accommodation with a private beach area", a tennis court and a fitness centre. With barbecue facilities, the property also has a garden. The accommodation features a shared kitchen and a shared lounge for guests.,,,,
Massachusetts,Middleboro,41.92197,-70.86599,On Cranberry Pond Bed and Breakfast,4.0,"""On Cranberry Pond Bed and Breakfast is located in Middleboro and offers free WiFi and scenic views. Guests can relax in the onsite garden.",,,,,,
Massachusetts,Middleboro,41.81396,-70.88216,Three Dogs Villa,5.0,"""Situated in Middleboro", Three Dogs Villa provides accommodation with free WiFi and a garden with a terrace and garden views.,,,,,
Massachusetts,Nantucket,41.28201,-70.09621,Harborview Nantucket,4.0,"""Located in-town and on the water", Harborview Nantucket offers the islands most luxurious collection of accommodations. Our cottages combine historic integrity and classic design with the sophistication of elegant, modern living. Just steps from the beach, Harborview Nantucket is located in Nantucket, 4 minutes walk from Straight Wharf. Free WiFi is provided for guests and free parking is available on site.,,
Massachusetts,Nantucket,41.28624,-70.10064,The Veranda House Hotel Collection,4.0,"""Conveniently located within 5 minutes walk of Historic Downtown Nantucket", The Nantucket Resort Collection features three Inns - Chapman, Regatta and Sherburne. The property features free Wi-Fi access and scenic gardens on the property grounds. Light continental breakfast included.,,,,
Massachusetts,Nantucket,41.28489,-70.10237,Sherburne Inn,3.0,"""Weve retained all of the charm of our historic inn", and added modern amenities and services.  And our location cant be beat, on a quiet side street but one block from the heart of town. No children, so the perfect spot for couples getting away. Located in downtown Nantucket, this bed and breakfast boasts spacious guest rooms overlooking the gardens, with private en suite bathrooms. A fresh continental breakfast is served each morning and a free wine hour is available in the afternoon during peak season.,
Massachusetts,Nantucket,41.28618,-70.09996,Brass Lantern Inn,4.0,"""This charming Nantucket inn offers free Wi-Fi and uniquely decorated rooms that include a flat-screen TV with cable channels. Jetties Beach is 1 mile away and Brant Point Lighthouse is  half a mile away.",,,,,,
Massachusetts,Nantucket,41.28653,-70.09975,Seven Sea Street Inn,3.0,"""Located on a quiet street in the historic district of Nantucket", The Seven Sea Street Inn is a short walk to Harbor Beach and Main Street. It serves breakfast and features rooms with flat-screen cable TVs and free Wi-Fi.,,,,,
Massachusetts,Nantucket,41.28403,-70.10042,The Roberts Collection,4.0,"""Featuring six unique houses and a large shared courtyard", The Faraway Nantucket is located in Nantucket. The property is within walking distance of the shops and restaurants in the Downtown Historic District.,,,,,
Massachusetts,Nantucket,41.28467,-70.10031,Hotel Pippa,3.0,"""This eco-friendly", smoke free, boutique hotel is located in the centre of Nantuckets historic downtown district. Originally built in 1847, the property has been restored with the original architecture.,,,
Massachusetts,Nantucket,41.28514,-70.09993,21 Broad,4.0,"""Offering spa treatments", 21 Broad is located in Nantucket. Guests at the property can enjoy the shared outdoor courtyard and fire pit.,,,,,
Massachusetts,Nantucket,41.28272,-70.10045,76 Main,5.0,"""Located in Nantucket", 500 metres from Francis Street Beach, 76 Main provides air-conditioned rooms and a garden. The property is close to Nantucket Whaling Museum, Nantucket Atheneum and Brant Point Lighthouse. The accommodation features a 24-hour front desk, a concierge service and luggage storage for guests.,,
Massachusetts,Nantucket,41.28545,-70.09941,Nantucket Periwinkle,5.0,"""Nantucket Periwinkle provides accommodations in Nantucket with easy access to local attractions. Free WiFi access is available.",,,,,,
Massachusetts,Nantucket,41.28267,-70.0979,Union Street Inn,,"""This 12-bedroom boutique B&B offers easy access to Nantuckets shops", restaurants and ferries. A complimentary full breakfast is offered on the patio or in bed.,,,,,
Massachusetts,Nantucket,41.28787,-70.10251,Cliff Lodge,4.0,"""Situated in Nantucket", 500 metres from Childrens Beach, Cliff Lodge features accommodation with a garden, free private parking and a shared lounge. This 4-star inn offers a concierge service and free WiFi. The property is non-smoking and is located 1 km from Brant Point Beach.,,,
Massachusetts,Nantucket,41.28699,-70.10217,Martin House Inn,4.0,"""Offering city views", Martin House Inn in Nantucket offers accommodation, a garden, a shared lounge and a terrace. Complimentary WiFi is featured.,,,
Massachusetts,Nantucket,41.28524,-70.09949,Greydon House,4.0,"""Set in Nantuckets downtown historic district", Greydon House is 66 metres from the Nantucket Whaling Museum and 290 metres from the ferry docks. Greydon House welcomes guests to a full service, locally inspired restaurant and bar. There is a 24-hour front desk at the property.,,,,
Massachusetts,Nantucket,41.289488,-70.098653,Brant Point Courtyard,3.0,Brant Point Courtyard is located a half mile from the center of the town of Nantucket. The cobblestone streets and the history of this whaling community will take you back to the days of times past.,NO Connecting rooms Vacation resort NO Disability-friendly bathroom NO Wheelchair-accessible NO Smoking rooms NO Small pets allowed (under 5 kg) NO Large pets allowed (over 5 kg) NO Car park NO Garage Car hire Laundry service Multilingual staff Currency exchange facilities Business centre Waterskiing Jet ski Windsurfing Table tennis Fitness Archery Volleyball Bowling alley Mini golf Tennis Snowboarding,Beach,15 Swain St. Box 695 Nantucket Po Box 695NantucketMassachusetts ,02554,4105240295,
Massachusetts,Nantucket,41.28704,-70.10121,Carlisle House Inn,5.0,"""Located in Nantucket", 400 metres from Childrens Beach and less than 1 km from Brant Point Beach, Carlisle House Inn provides accommodation with free WiFi, air conditioning, a garden and a terrace.,,
Massachusetts,Nantucket,41.28793,-70.09976,The Nantucket Hotel & Resort,,"""The Nantucket Hotel & Resort is located in downtown Nantucket", a 7-minute walk to beaches, ferries, restaurants boutique shops and art galleries. The hotel offers 2 seasonal heated outdoor swimming pools, health club and spa, childrens program and an on-site restaurant, Breeze.
Massachusetts,Nantucket,41.28638,-70.10168,Anchor Inn,3.0,"""This charming inn located in Nantucket", Massachusetts, offers free Wi-Fi and uniquely decorated rooms that feature period-style furnishing and a canopy bed. The Nantucket Whaling Museum and Brant Lighthouse are less than a mile away.,,,,
Massachusetts,Nantucket,41.27661,-70.097,Lopes Paradise,5.0,"""Lopes Paradise is set in Nantucket", 1.1 km from Nantucket Whaling Museum. Nantucket Atheneum is 900 metres from the property.,,,,,
Massachusetts,Newbury,42.79287,-70.80757,Blue Inn on the Beach,3.0,"""Blue - Inn on the Beach is a boutique hotel set in Newburyport", 31 km from Portsmouth and 31 km from Salem. A complimentary breakfast basket is offered.,,,,,
Massachusetts,Newburyport,42.81045,-70.87377,Garrison Inn,4.0,"""This hotel located in Newburyport", Massachusetts, 130 metres from the Brown Square park, offers guests a breakfast with eggs and breakfast sandwiches. Complimentary access to pool and fitness centre which is located across the street from the Garrison Inn.,,,
Massachusetts,Newburyport,42.80893,-70.87351,Clark Currier Inn,3.0,"""Housed in an historic building", this bed and breakfast is located in Newburyport, Massachuesttes, just 5 minutes walk from Waterfront Promenade Park on the Merrimack River. Free WiFi access is provided.,,,
Massachusetts,Newburyport,42.81109,-70.86805,Compass Rose Inn,4.0,"""This all-suites inn located in historic Newburyport features uniquely decorated rooms with a seating area and fireplace. The Merrimack River waterfront is 2 minutes walk from the inn.",,,,,,
Massachusetts,Newburyport,42.81305,-70.8755,Harborside's Neighbor,3.0,"""Set in Newburyport", 41 km from Peabody Essex Museum and 41 km from The House of the Seven Gables, Harborsides Neighbor offers free WiFi and air conditioning. The holiday home is 40 km from Salem Witch Museum.,,,,
Massachusetts,Newburyport,42.81119,-70.86983,Blue Water Cottage,3.0,"""Blue Water Cottage is situated in Newburyport. The air-conditioned accommodation is 38 km from Portsmouth.",,,,,,
Massachusetts,Newton,42.33192,-71.19083,Chesley Road Bed And Breakfast,5.0,"""Chesley Road Bed and Breakfast is situated in Newton", 11 km from Boston and 8 km from Cambridge.,,,,,
Massachusetts,Northampton,42.32013,-72.63089,The Hotel Northampton,5.0,"""Set in Northampton", 12 km from Amherst College, The Hotel Northampton offers accommodation with a fitness centre, free private parking, a terrace and a restaurant. Located around 30 km from Eastern States Exposition Center, the hotel with free WiFi is also 30 km away from The Big E. The accommodation features room service, a 24-hour front desk and luggage storage for guests.
Massachusetts,Northampton,42.35402,-72.641,North King Motel,5.0,"""Situated in Northampton", within 13 km of Amherst College and 37 km of Eastern States Exposition Center, North King Motel features accommodation with a garden and free WiFi as well as free private parking for guests who drive. The property is set 37 km from The Big E, 13 km from Hampshire College and 14 km from Pratt Museum of Natural History. The accommodation offers room service and a 24-hour front desk for guests.,,,
Massachusetts,Northfield,42.66959,-72.54035,The Inn at Crumpin Fox,3.0,"""Located 41 km from Amherst College", The Inn at Crumpin-Fox offers 3-star accommodation in Bernardston and features a shared lounge. Featuring a garden, the 3-star inn has air-conditioned rooms with free WiFi, each with a private bathroom. The property is non-smoking and is set 41 km from Pratt Museum of Natural History.,,,
Massachusetts,Orleans,41.73037,-69.99276,A Little Inn on Pleasant Bay,4.0,"""Featuring a small beach with a dock overlooking beautiful Pleasant Bay", this bed and breakfast resides in the elbow of Cape Cod and offers individually decorated rooms with private, spa-style bathrooms.,,,,
Massachusetts,Orleans,41.78504,-69.96857,The Parsonage Inn,4.0,"""This property has an individually decorated guest rooms with an en suite bathroom. Nauset Beach is 2 miles away.",,,,,,
Massachusetts,Orleans,41.79745,-69.9871,Seashore Park Inn,3.0,"""Orleanss Seashore Park Inn is 5 minutes walk to the Orleans Cove and is 14 km from the south side of the Cape Cod National Seashore.  Free Wi-Fi is available throughout the property.",,,,,,
Massachusetts,Orleans,41.79161,-69.98841,The Governor Prence Inn,3.0,"""Located in Orleans", the Governor Prence Inn is 5 minutes walk to the Orleans Cove and is 10 minutes drive to Nauset Beach.  Guests have access to free Wi-Fi throughout the property.,,,,,
Massachusetts,Orleans,41.78363,-69.99425,Olde Tavern Motel and Inn,3.0,"""Located in Cape Cod", this Orleans motel is 15 minutes walk to the Orleans Cove and is 10 minutes drive to the south side of the Cape Code National Seashore.  An outdoor pool is available.,,,,,
Massachusetts,Orleans,41.78899,-69.94408,Ship's Knees Inn,3.0,"""This historic bed & breakfast is located within a 5-minute walk of Nauset Beach.  The rooms are uniquely decorated in the Cape Cod style and guests can enjoy a terrace with a  seasonal fire pit.",,,,,,
Massachusetts,Orleans,41.79041,-69.987,The Cove Motel,3.0,"""Located in Orleans", this waterfront motel offers free Wi-Fi and rooms equipped with a microwave and refrigerator. Cape Cod Rail Trail is half a mile away.,,,,,
Massachusetts,Orleans,41.78855,-69.9406,Nauset Beach Buddy,5.0,"""Nauset Beach Buddy is set in Orleans", 36 km from Provincetown. Chatham is 12 km from the property.,,,,,
Massachusetts,Orleans,41.78856,-69.94061,Nauset Beach Dream,5.0,"""Featuring air conditioning", Nauset Beach Dream offers accommodation in Orleans. Provincetown is 36 km away.,,,,,
Massachusetts,Orleans,41.78851,-69.94007,Beach Rose Guest Studio,5.0,"""Beach Rose Guest Studio is a holiday home located in Orleans. The air-conditioned accommodation is 36 km from Provincetown.",,,,,,
Massachusetts,Peabody,42.53394,-70.9901,Plaza Inn,2.0,"""Conveniently located off Route 1 in Peabody", Plaza Motel offers free WiFi access.,,,,,
Massachusetts,Pittsfield,42.44551,-73.25267,Thaddeus Clapp House,3.0,,NO Small pets allowed (under 5 kg) NO Large pets allowed (over 5 kg) NO Car park NO Connecting rooms NO Smoking rooms NO Wheelchair-accessible NO Disability-friendly bathroom NO Garage,,Wendell Avenue 74 74 01201 Brooklyn PittsfieldMassachusetts 01201 ,01201,4134996840,http://www.clapphouse.com/ http://www.trivago.de/pittsfield-65151/hotel/thaddeus-clapp-house-1282744
Massachusetts,Pittsfield,42.44598,-73.25589,Yankee Suites Extended Stay,5.0,"""Offering suites with a deck or patio", this hotel is located in the heart of the Pittsfield city centre, walking distance from numerous shops and restaurants. The Berkshire Museum is 350 metres away.,,,,
Massachusetts,Plymouth,41.95943,-70.66974,Auberge Gladstone,3.0,,NO Disability-friendly bathroom NO Small pets allowed (under 5 kg) NO Wheelchair-accessible NO Garage NO Car park NO Smoking rooms NO Large pets allowed (over 5 kg) NO Connecting rooms,,Vernon Street 8 8 02360 Plymouth PlymouthMassachusetts 02360 ,02360,7404467071,http://www.aubergegladstone.com/
Massachusetts,Plymouth,41.88026,-70.59827,Mirbeau Inn & Spa at The Pinehills,4.0,"""Offering a spa and wellness centre and a restaurant", Mirbeau Inn & Spa at The Pinehills is located in Plymouth. Free WiFi access is available in this resort.,,,,,
Massachusetts,Plymouth,41.96812,-70.68024,Bayberry Inn Bed & Breakfast,3.0,"""Situated in Plymouth", 6 km from Plimoth Plantation, Bayberry Inn Bed & Breakfast features accommodation with free WiFi, a garden and a terrace.,,,
Massachusetts,Plymouth,41.95902,-70.66419,The Winslow Bed and Breakfast,5.0,"""Situated within 3.8 km of Plimoth Plantation in Plymouth", The Winslow Bed and Breakfast provides accommodation with free WiFi.,,,,,
Massachusetts,Plymouth,41.93431,-70.72792,Clear Pond Suite,5.0,"""Set just 10 km from Plimoth Plantation", Clear Pond Getaway offers accommodation in Plymouth with access to a garden, a terrace, as well as a 24-hour front desk. Boasting free private parking, the apartment is in an area where guests can engage in activities such as hiking, fishing and snorkelling.,
Massachusetts,Plymouth,41.93219,-70.56741,Cozy Cottage 5 minute walk to Priscilla Beach,5.0,"""Situated in Plymouth", just 6.8 km from Plimoth Plantation, Cozy Cottage-5 minute walk to Priscilla Beach features accommodation with a shared lounge, a private beach area, barbecue facilities and free WiFi. Boasting free private parking, the holiday home is in an area where guests can engage in activities such as hiking and canoeing.,
Massachusetts,Plymouth,41.82594,-70.54712,Inn 38 Oak Bluff Circle,5.0,"""Set 13 km from Heritage Museums & Gardens", Inn 38 Oak Bluff Circle offers a terrace, and air-conditioned accommodation with a patio and free WiFi. The accommodation features a spa bath.,,,,
Massachusetts,Provincetown,42.03714,-70.1954,Provincetown Inn,3.0,"""Located at the ends of Route 6 and the Old Kings Highway", this historic beachfront hotel features murals of Provincetowns past and views of the Cape Cod National Seashore.,,,,,
Massachusetts,Provincetown,42.06354,-70.14916,Sandcastle Resort and Club,3.0,"""This oceanfront hotel is located on a private beach in scenic Provincetown and offers views of Cape Cod Bay and Provincetown Harbor. It features a heated indoor pool", seasonal outdoor pool, tennis court and fitness center. Provincetown whale watching fleets are 2 miles from the resort.,,,,
Massachusetts,Provincetown,42.04773,-70.19091,Inn At 7 Central,4.0,"""Inn at 7 Central is centrally located in Provincetown and offers free WiFi", free daily breakfast, and 24-hour free coffee. Tea and soda are also available at the property.,,,,
Massachusetts,Provincetown,42.05071,-70.18868,The Gaslamp Bed and Breakfast,3.0,"""The Gaslamp is a Victorian-style", boutique bed and breakfast located in the heart of Provincetown, Cape Cod. This bed and breakfast located in Provincetown boasts free Wi-Fi, spa services and a continental breakfast. A variety of shopping, nightlife and dining options along Commercial Street are just steps away.,,
Massachusetts,Provincetown,42.05076,-70.18877,Eben House,4.0,"""Offering a seasonal outdoor pool and sun terrace", Eben House is set in Provincetown in the Massachusetts Region.,,,,,
Massachusetts,Provincetown,42.05743,-70.17893,Inn at Cook Street,4.0,"""Located in the heart of Provincetowns art gallery district", the historic Inn at Cook Street was originally built in 1836. It features unique, individually decorated guest rooms and serves a daily hot breakfast.,,,,
Massachusetts,Provincetown,42.04845,-70.19122,Bayberry Accommodations,3.0,"""Located in Provincetown", Bayberry Accommodations is 5 minutes walk to the Pilgrim Monument and is 1 mile from the beach.  Free Wi-Fi and a continental breakfast are available to guests.,,,,,
Massachusetts,Provincetown,42.06032,-70.17194,Cape Colony Inn,3.0,"""This Provincetown accommodation is nestled on 7 acres of land and features free Wi-Fi in every room. The Cape Cod National Seashore Beach is 3 miles away.",,,,,,
Massachusetts,Provincetown,42.05049,-70.18778,The Crown & Anchor,3.0,"""This gay-friendly property is located on Commercial Street in Provincetown and offers a seasonal outdoor pool and bar. The rooms include a flat-screen TV and access to free Wi-Fi.",,,,,,
Massachusetts,Provincetown,42.04788,-70.18957,Anchor Inn Beach House,4.0,"""This Provincetown property features rooms equipped with refrigerators and free Wi-Fi. The Pilgrim Monument and Park are within a 10-minute walk of the property.",,,,,,
Massachusetts,Provincetown,42.04733,-70.19216,The Bradford House & Motel,5.0,"""Set in Provincetown", within 500 metres of Dog Beach and 700 metres of Ryder Street Beach, The Bradford offers accommodation with a terrace and free WiFi throughout the property as well as free private parking for guests who drive. The property is situated 4.1 km from Race Point Lighthouse, 4.1 km from Beech Forest and 5.5 km from Old Harbor Life Saving Museum. The property is non-smoking and is located 1.9 km from Herring Cove Beach.,,,
Massachusetts,Provincetown,42.05177,-70.18616,Moffett House Inn,3.0,"""Located directly in the Provincetown city centre", this inn is steps from countless shops and restaurants and just 250 metres from the beach.  For farther trips, bicycles are provided to guests free of charge.,,,,
Massachusetts,Provincetown,42.04749,-70.19034,Prince Albert Provincetown,4.0,"""Located 3.7 km from Herring Cove Beach", Prince Albert Guest House is located in Provincetown, Massachusetts. Free Wi-Fi access is available.,,,,
Massachusetts,Provincetown,42.05398,-70.18321,Somerset House Inn,,"""Somerset House Inn is centrally located in Provincetown", right across from Cape Cod Bay and 3.5 km from Herring Cove Beach. Free Wi-Fi access is available. Guests can enjoy a full daily breakfast.,,,,,
Massachusetts,Provincetown,42.05613,-70.18194,Snug Cottage,3.0,"""Built in 1825", this historic bed and breakfast features free Wi-Fi and individually decorated rooms with wood burning fireplaces. It is 2 minutes drive to Provincetown Harbour and 2 miles from Race Point Beach.,,,,,
Massachusetts,Provincetown,42.049,-70.19057,Revere Guest House,3.0,"""Originally built in 1830 as a fishermans home", Revere Guest House is located in Provincetown. Free WiFi access is available. The property features a scenic garden for guests enjoyment. The Ferry is a short walk away.,,,,,
Massachusetts,Provincetown,42.05517,-70.18257,Benchmark Inn,4.0,"""Featuring views of the harbour", this Provincetown bed and breakfast is just 10 minutes walk from the historic Pilgrim Monument. Each unique room boasts a fireplace and free Wi-Fi.,,,,,
Massachusetts,Provincetown,42.0518,-70.18629,Lotus Guest House,4.0,"""At Heart of It All! Lotus Provincetown is located in the center of town", just steps from where the ferry lands on the picturesque wharf filled with charming boats and tiny seaside shops. Within less than a minute walk on Commercial Street, visitors are treated to the delicious treats at the famous Portuguese Bakery, the tantalizing shows at the Post Office Cabaret, succulent seafood at the renowned Lobster Pot, and many, many more offerings from Provinctowns most notable institutions.
Massachusetts,Provincetown,42.06149,-70.16692,Eastwood At Provincetown,5.0,"""This historic Provincetown accommodation is located just 5 minutes walk from the beach. Facilities include an outdoor pool", hot tub, and tennis courts. Pilgrim Monument is 1 mile away.,,,,
Massachusetts,Provincetown,42.03808,-70.19835,Awol Hotel,3.0,"""Located in Cape Cod", this Provincetown accommodation is 1 mile from Herring Cove Beach and is 10 minutes drive from Provincetown Municipal Airport.  Guests at AWOL Hotel Provincetown can enjoy swimming in the outdoor pool.,,,,,
Massachusetts,Provincetown,42.05264,-70.18494,Pilgrim House,3.0,"""Featuring a seasonal continental breakfast", Pilgrim House is located in Provincetown. Free Wi-Fi access is available is all rooms. Beach towels and loungers (surcharge) are available to guests.,,,,,
Massachusetts,Provincetown,42.052525,-70.18597,Victoria House Hotel,5.0,,,,5 Standish Street ProvincetownMassachusetts 02657 ,02657,,
Massachusetts,Provincetown,42.05502,-70.18436,Charm,3.0,"""Located in central Provincetown", this historic guest house boasts an outdoor deck and an enclosed sun porch. A complimentary continental breakfast is served each morning. Pilgrim Monument is 8 minutes walk away.,,,,,
Massachusetts,Provincetown,42.04944,-70.1905,The Bradford Carver Guest House,3.0,"""Located within 5 minutes walk of the Provincetown city centre", the Bradford Carver House is also 10 minutes bike ride from the Herring Cove Beach in the Cape Cod National Seashore.  A continental breakfast and free Wi-Fi is provided by the accommodation.,,,,,
Massachusetts,Provincetown,42.05813,-70.17779,Roux,4.0,"""Located in Provincetown", 2.4 km from Race Point Beach, Stowaway provides accommodation with a shared lounge, free private parking, a garden and a terrace. Among the facilities at this property are a concierge service and luggage storage space, along with free WiFi throughout the property. Certain rooms at the property include a patio with a garden view.,
Massachusetts,Provincetown,42.04889,-70.18919,Crew's Quarters Only All Male Guesthouse,5.0,"""Located in Provincetown and with Ryder Street Beach reachable within 200 metres", Crews Quarters Boarding House - Caters to Men provides a shared lounge, non-smoking rooms, free WiFi and a terrace. The property is situated 2.2 km from Herring Cove Beach, 1.3 km from Commercial Street and 4.3 km from Race Point Lighthouse. Beech Forest is 4.3 km from the guest house and Old Harbor Life Saving Museum is 5.7 km away.,,
Massachusetts,Provincetown,42.05419,-70.18424,White Porch Inn,4.0,"""Centrally located in Provincetown", this guest house boasts free Wi-Fi, water views of Provincetown harbour and rooms with a flat screen TV. Provincetown Airport is less than 3 miles away.,,,,
Massachusetts,Provincetown,42.05222,-70.18644,Secret Garden Inn,3.0,"""Secret Garden Inn in Provincetown provides adults-only accommodation with free bikes", a shared lounge and a garden. The property is around 2.7 km from Herring Cove Beach, 1.3 km from Province Lands Visitor Center and 3.6 km from Race Point Lighthouse. Free WiFi is available and private parking can be arranged at an extra charge.,,,,
Massachusetts,Provincetown,42.05413,-70.18467,Carpe Diem Guesthouse & Spa,,"""Relax in this adult-only Provincetown guesthouse and spa", which is located just half a mile from the beach. Carpe Diem Guesthouse & Spa boasts massage services and a daily homemade breakfast.,,,,,
Massachusetts,Provincetown,42.0543,-70.18276,The Waterford Inn,3.0,"""This charming Provincetown accommodation boasts a seasonal rooftop terrace with views of the harbour and serves a daily continental breakfast. It is located in the Gallery District", 5 minutes walk from Pilgrim Monument.,,,,,
Massachusetts,Provincetown,42.05402,-70.18552,The John Randall House,3.0,"""Located in Cape Cod", this Provincetown accommodation is 3 miles from the Provincetown Municipal Airport and 4 minutes drive from the Cape Cod National Seashore.  Free Wi-Fi is available throughout the property.,,,,,
Massachusetts,Provincetown,42.06208,-70.16021,Breakwater Motel,3.0,"""Enjoy our waterfront location on Cape Cod Bay in Provincetowns East End. Our newly renovated rooms",,,,,,
Massachusetts,Provincetown,42.03996,-70.19517,Land's End Inn,,"""This Provincetown luxury accommodation boasts panoramic ocean views and lush gardens. The individually decorated rooms have free Wi-Fi and flat-screen TVs. Public beaches are within 1 mile of the property.",,,,,,
Massachusetts,Provincetown,42.05528,-70.18285,8 Dyer Hotel,5.0,"""Located in Provincetown", 2.8 km from Race Point Beach, 8 Dyer Hotel provides accommodation with a restaurant, free private parking, a seasonal outdoor swimming pool and a shared lounge. Featuring a concierge service, this property also provides guests with a sun terrace. Providing free WiFi throughout the property, the allergy-free hotel features a hot tub.
Massachusetts,Provincetown,42.04747,-70.19039,Queen Vic Guest House,4.0,"""The historic Queen Vic Guest House is located in a former sea captains home", just steps from the beach. A complimentary continental breakfast, including fresh fruits and baked items, is served each morning.,,,
Massachusetts,Provincetown,42.04022,-70.19924,The Foxberry Inn,4.0,"""Located in a quiet setting just 10 minutes walk from the beach", this Cape Cod hotel boasts rooms with free Wi-Fi and a flat-screen TV. Central Provincetown is 15 minutes walk away.,,,,,
Massachusetts,Provincetown,42.04951,-70.19007,Gifford House Inn,4.0,"""Featuring an on-site dance club", this Provincetown bed and breakfast features free Wi-Fi access and a daily continental breakfast. The shops and restaurants of the Provincetown city centre are steps away.,,,,,
Massachusetts,Provincetown,42.0521,-70.18738,The Clarendon House,5.0,"""The Clarendon House in Provincetown is set 200 metres from Ryder Street Beach and offers air-conditioned accommodation with free WiFi", as well as access to a terrace.,,,,,
Massachusetts,Provincetown,42.05373,-70.18505,The Tucker Inn,5.0,"""The Tucker Inn is one of a handful of stately 2nd Empire Victorian Cottages found in Provincetown. Built in 1872 at the height of the whaling fortunes", it possesses the charm and intricacy of detail of that golden era. We keep the house gently restored, updating while retaining its heart in an earlier era.,,,,
Massachusetts,Provincetown,42.04878,-70.18888,The Waterfront Penthouse,5.0,"""Featuring air conditioning", The Waterfront Penthouse is situated in Provincetown, 400 metres from Pilgrim Monument. Provincetown Library is 600 metres from the property.,,,,
Massachusetts,Provincetown,42.04683,-70.19416,26 Pleasant St Condo Unit 1,5.0,"""26 Pleasant St Condo Unit 1 features a patio and is located in Provincetown", within just 1.8 km of Herring Cove Beach and 1.6 km of Provincetown Library. It is situated 1.9 km from Province Lands Visitor Center and provides an ATM.,,,,,
Massachusetts,Provincetown,42.0628,-70.14857,The Place To Be...,5.0,"""The Place to be... Is set in Provincetown", 2.5 km from Commercial Street. Provincetown Library is 3.1 km away.,,,,,
Massachusetts,Provincetown,42.04843,-70.19081,Watership Inn,5.0,"""Located in Provincetown", 500 metres from Ryder Street Beach, Watership Inn provides accommodation with a garden, free private parking, a shared lounge and barbecue facilities. The property is set 2.3 km from Herring Cove Beach, 4.1 km from Race Point Lighthouse and 4.1 km from Beech Forest. The property is non-smoking and is situated 500 metres from Dog Beach.,
Massachusetts,Quincy,42.27385,-71.03014,Staybridge Suites - Quincy,3.0,"""Featuring 3-star accommodation", Staybridge Suites - Quincy, an IHG Hotel is located in Quincy, 1.7 km from Wollaston Beach and 6.5 km from JFK Presidential Library & Museum. Featuring a fitness centre, the 3-star hotel has air-conditioned rooms with a private bathroom. Private parking is available on site.,,
Massachusetts,Revere,42.42161,-71.01776,Catina Bed & Breakfast,5.0,"""Set in Revere", Marilyns offers accommodation with free WiFi.,,,,,
Massachusetts,Rockport,42.67976,-70.6244,Emerson Inn by the Sea,3.0,"""Featuring an on-site restaurant and a seasonal outdoor pool", Emerson Inn by the Sea is located in Rockport, Massachusetts. Free WiFi access and free parking are available at this historic hotel.,,,,
Massachusetts,Rockport,42.65519,-70.61129,Seven South Street Inn B & B,4.0,"""Offering guests a four course gourmet breakfast each morning", this Rockport bed and breakfast offers rooms with a flat-screen TV. Wi-Fi is provided free of charge to guests.,,,,,
Massachusetts,Rockport,42.65739,-70.62011,Eagle House Motel,2.0,"""This Rockport motel is 500 metres away from Bearskin Neck. The Eagle House Motel is 350 metres from Front Beach and views of it can be seen from some sun terraces.",,,,,,
Massachusetts,Rockport,42.65561,-70.61272,Sally Webster Inn,2.0,"""This bed and breakfast is located just a short walk from art galleries", shops, and restaurants in central Rockport. It boasts free Wi-Fi and a daily breakfast buffet.,,,,
Massachusetts,Rockport,42.65482,-70.61498,Pleasant Street Inn,3.0,"""Offering a complimentary continental breakfast", this Victorian-style inn is located in Rockport, Massachusetts. Free Wi-Fi access is available.,,,,
Massachusetts,Rockport,42.65633,-70.61733,Tuck Inn B&B,3.0,"""Offering a daily breakfast buffet", Tuck Inn B&B is located in Rockport, Massachusetts. The property features a seasonal outdoor swimming pool.,,,,
Massachusetts,Rockport,42.6501,-70.62617,Rockport Inn and Suites,3.0,"""Just 4.2 km from Good Harbor Beach and Captain Bill & Sons Whale Watch", this hotel offers an indoor pool and tennis courts.  It features a deluxe continental breakfast, a fitness room and a business center. Guest rooms include free Wi-Fi.,,,,
Massachusetts,Rockport,42.66057,-70.61473,Bearskin Neck Motor Lodge,2.0,"""This oceanfront motel in Rockport", Massachusetts features a spacious deck area with outdoor furniture. Front Beach is 8 minutes walk.,,,,,
Massachusetts,Rockport,42.65867,-70.62131,Eagle House Beachside Motel,2.0,"""A few steps from Front Beach", Eagle House Beachside Motel is situated in Rockport and provides air-conditioned rooms. Around 1.5 km from Shalin Liu Performance Center, the property is also 1.5 km away from Motif Number 1 and offers free WiFi. Guests can enjoy sea views.,,,,
Massachusetts,Rockport,42.65874,-70.5986,Seafarer Inn,3.0,"""Featuring a daily continental breakfast and ocean views", Seafarer Inn is located in Rockport, Massachusetts. Free Wi-Fi access is available.,,,,
Massachusetts,Rockport,42.65706,-70.61826,Lantana House,3.0,"""Featuring free Wi-Fi and a sundeck where guests can relax in the summer", this Rockport B&B is just 1 km from Front Beach.  T-Wharf offers docking just 5 minutes walk away.,,,,,
Massachusetts,Rockport,42.65658,-70.61327,Changing Tides Bed And Breakfast,5.0,"""Providing a garden", Changing Tides Bed & Breakfast is located in Rockport, not far from Shalin Liu Performance Center. Free WiFi is offered.,,,,
Massachusetts,Rockport,42.65965,-70.62225,Beach & King Vacation Beach House,3.0,"""Located near Rockports Front Beach", Beach & King Street Inn is on the North Shore in Massachusetts. It offers free WiFi and free Continental breakfast. Downtown Rockport is a short distance from the inn. Bearskin Neck village is 643.7 metres away.,,,,,
Massachusetts,Salem,42.52346,-70.89107,Stepping Stone Inn,3.0,"""Located in Salem town centre", Stepping Stone Inn offers free WiFi access and free continental breakfast. Guests at this pet-friendly property are greeted by the two resident cats.,,,,,
Massachusetts,Salem,42.52776,-70.89224,Northey Street House,5.0,"""Set in Salem", 2 km from Dead Horse Beach and 2.9 km from Glendale Cove Beach, Northey Street House offers accommodation with free WiFi, air conditioning, a garden and a shared lounge.,,
Massachusetts,Salem,42.52094,-70.89849,The Salem Inn,3.0,"""Set in Americas oldest seaport", only steps from famous sites, this property consists of 3 historical homes and provides a free daily breakfast and a number of amenities such as free WiFi access, free parking and coffee makers.,,,
Massachusetts,Salem,42.52044,-70.89566,The Merchant,5.0,"""Featuring free WiFi throughout the property", The Merchant offers accommodation in an historic building in Salem.,,,,,
Massachusetts,Salem,44.92508,-122.99347,Home2 Suites by Hilton Salem,3.0,"""Home2 Suites By Hilton Salem is a 3-star property situated in Salem. This 3-star hotel offers a 24-hour front desk. The property is non-smoking and is set 12 km from Enchanted Forest Theme Park.",,,,,,
Massachusetts,Salem,42.52292,-70.90204,Belle Femme,5.0,"""Belle Femme is located in Salem", 1.7 km from Peabody Essex Museum, 2 km from The House of the Seven Gables, as well as 500 metres from The Witch House Corwin House. This property offers access to a balcony, free private parking and free WiFi.,,
Massachusetts,Sandwich,41.75718,-70.4953,Isaiah Jones Homestead Bed and Breakfast,3.0,"""Located in Cape Cod", this historic Victorian bed and breakfast features a 3-course candlelit breakfast and free Wi-Fi access. Town Neck Beach is 1 mile away.,,,,,
Massachusetts,Sandwich,41.68936,-70.48399,Peters Pond RV Resort,2.0,"""Just 2 miles from the entrance of Camp Edwards", this campground offers a spring-fed lake with 2 sandy beaches.  It features several on-site recreation options and a convenience store.  Accommodations include a fully equipped kitchen.,,,,,
Massachusetts,Sandwich,41.75797,-70.49532,Belfry Inn & Bistro,3.0,"""Offering a restaurant", Belfry Inn and Bistro is located in Sandwich. Free WiFi access is available.,,,,,
Massachusetts,Sandwich,41.74145,-70.45085,The Earl of Sandwich Motel,2.0,"""Offering an outdoor pool", The Earl of Sandwich Motel is located in East Sandwich. Free WiFi access is available.,,,,,
Massachusetts,Sandwich,41.76172,-70.51618,Cranberry Manor B&B,3.0,"""Cranberry Manor is a dog-friendly property located in Sandwich", Massachusetts. Heritage Museum & Gardens is 1.8 km away.,,,,,
Massachusetts,Sandwich,41.75148,-70.48375,Country Acres Motel,5.0,"""Featuring free WiFi and a seasonal outdoor pool", Country Acres Motel offers accommodation in Sandwich. Free private parking is available on site.,,,,,
Massachusetts,Saugus,42.45338,-71.02322,Chisholm's Motor Inn,5.0,"""Set in Saugus", 12 km from Cambridge College, Chisholms Motor Inn offers accommodation with free WiFi and free private parking. The property is around 15 km from Freedom Trail, 15 km from Boston North Station and 15 km from TD Garden. The property is non-smoking and is situated 14 km from Inman Square.,,,
Massachusetts,Scituate,42.19785,-70.72593,The Inn at Scituate Harbor,4.0,"""Featuring panoramic views of the Scituate Harbor", this hotel has a heated indoor swimming pool. Scituates beaches are a short drive away and beach passes are available at the front desk.,,,,,
Massachusetts,Scituate,42.21013,-70.73101,Colbyco Sand Hills Beach,4.0,"""Situated in Scituate", Colbyco Sand Hills Beach features accommodation with a terrace and free WiFi. Guests staying at this holiday home have access to a fully equipped kitchen.,,,,,
Massachusetts,Sheffield,41.35404,-89.7341,Chestnut Street Inn,4.0,"""Conveniently located off Interstate 80", this bed and breakfast is less than 3 miles from Hennepin Canal Parkway State Park in Sheffield, Illinois. This historic house offers rooms with free Wi-Fi and satellite TV.,,,,
Massachusetts,Sheffield,42.10868,-73.3548,Staveleigh House Bed and Breakfast,5.0,"""Situated in Sheffield", Staveleigh House Bed and Breakfast features accommodation with free WiFi, air conditioning and access to a garden.,,,,
Massachusetts,Somerset,41.72369,-71.15913,Motel Somerset,2.0,"""Ideally located between Newport and Providence", Rhode Island and situated along the Taunton River, this motel offers comfortable accommodations, furnished with a variety of modern amenities.,,,
Massachusetts,Somerville,42.39772,-71.12056,The Morrison House,4.0,"""This historic bed and breakfast is 2 minutes walk from Davis Square and features free Wi-Fi and serves daily breakfast. Boston city centre is 25 minutes underground ride away.",,,,,,
Massachusetts,Somerville,42.39719,-71.11995,Davis Square Inn,5.0,"""Set 300 metres from Davis Square", Davis Square Inn offers a shared lounge, a garden and air-conditioned accommodation with a patio and free WiFi.,,,,
Massachusetts,Somerville,42.38832,-71.08337,Nice Room In Comfortable House,5.0,"""Situated in Somerville in the Massachusetts region", with Assembly Row nearby, Nice room in comfortable house features accommodation with free WiFi and free private parking.,,,,
Massachusetts,Springfield,43.64169693,-72.33517875,Regency Inn,2.0,"""HotelDescription#This snug hotel distinguishes itself through its rural location", situated just 20 minutes from the most popular ski area and in the immediate vicinity of Green Mountain National Forest as well as the tax free N.H. shopping centre. Countless eateries are to be found in the vicinity.,,,,,
Massachusetts,Springfield,42.12196,-72.60511,Naomi's Inn Bed & Breakfast,4.0,"""Located directly behind Baystate Medical Center in Springfield", Massachusetts, this bed and breakfast features free Wi-Fi and a full breakfast. The Basketball Hall of Fame is 3 miles away.,,,,
Massachusetts,Springfield,42.39104,-72.53128,Hotel UMass,3.0,"""Set in the heart of the University of Massachusetts Amherst campus", this hotel offers an on-site restaurant and a daily continental breakfast. Historic Main Street in Amherst is 5 minutes drive away.,,,,,
Massachusetts,Springfield,42.12819,-72.76581,Elm Motel,2.0,"""This motel offers refrigerators in each room and free parking. It is located within a 5 - minute drive of Interstate 90 and 10 miles from Six Flags Amusement Park and Blandford Ski Area.",,,,,,
Massachusetts,Springfield,42.32013,-72.63089,The Hotel Northampton,5.0,"""Set in Northampton", 12 km from Amherst College, The Hotel Northampton offers accommodation with a fitness centre, free private parking, a terrace and a restaurant. Located around 30 km from Eastern States Exposition Center, the hotel with free WiFi is also 30 km away from The Big E. The accommodation features room service, a 24-hour front desk and luggage storage for guests.
Massachusetts,Springfield,42.14931,-72.47315,Wilbraham Inn,4.0,"""Set 14 km from Eastern States Exposition Center", Wilbraham Inn offers rooms with air conditioning in Wilbraham. With free WiFi, this 4-star hotel offers room service and a 24-hour front desk. The property is allergy-free and is situated 15 km from The Big E.,,,,
Massachusetts,Springfield,42.12095,-72.62573,Red Carpet Inn West Springfield,2.0,"""Set in West Springfield", Massachusetts and close to local attractions including Six Flags of New England amusement park, this motel features free wireless internet access.,,,,
Massachusetts,Springfield,42.36933,-72.63636,Scottish Inns West Hatfield,2.0,"""Located just off of Interstate 91 in Hatsfield", Massachusetts, Scottish Inns is within 20 minutes drive of Amherst College and the University of Massachusetts at Amherst. Free WiFi access is provided.,,,,
Massachusetts,Springfield,42.175335,-72.641294,Holyoke Hotel,3.0,,NO Garage NO Disability-friendly bathroom NO Connecting rooms NO Wheelchair-accessible NO Large pets allowed (over 5 kg) NO Small pets allowed (under 5 kg) NO Car park NO Smoking rooms,,245 Whiting Farms Road HolyokeMassachusetts 01040 ,01040,,
Massachusetts,Springfield,42.35402,-72.641,North King Motel,5.0,"""Situated in Northampton", within 13 km of Amherst College and 37 km of Eastern States Exposition Center, North King Motel features accommodation with a garden and free WiFi as well as free private parking for guests who drive. The property is set 37 km from The Big E, 13 km from Hampshire College and 14 km from Pratt Museum of Natural History. The accommodation offers room service and a 24-hour front desk for guests.,,,
Massachusetts,Springfield,42.37548,-72.50749,Allen House Inn,5.0,"""Located just 43 km from Eastern States Exposition Center", Allen House Inn provides accommodation in Amherst with access to a garden, a terrace, as well as a 24-hour front desk. The air-conditioned accommodation is 1.3 km from Amherst College, and guests benefit from complimentary WiFi and private parking available on site.,,
Massachusetts,Springfield,42.37568,-72.5148,Amherst Inn,5.0,"""Situated just 42 km from Eastern States Exposition Center", Amherst Inn features accommodation in Amherst with access to a garden, a shared lounge, as well as a 24-hour front desk. The air-conditioned accommodation is 700 metres from Amherst College, and guests benefit from complimentary WiFi and private parking available on site.,,
Massachusetts,Springfield,42.09366,-72.61854,Lily's Lodge,5.0,"""Lilys Lodge is situated in West Springfield", 300 metres from Eastern States Exposition Center and 300 metres from The Big E. Guests can enjoy the adjacent restaurant. Free private parking is available on site.,,,,,
Massachusetts,Stockbridge,42.30248,-73.29474,The Inn at Stockbridge,4.0,"""Set on 12 acres of land less than 2 miles from Berkshire Theatre Festival", this bed and breakfast offers stylish rooms with en suite bathrooms.  The inn features a on-site massage services as well as an seasonal outdoor pool.,,,,,
Massachusetts,Stockbridge,42.28249,-73.34473,The Stockbridge Country Inn Bed And Breakfast,4.0,"""The Stockbridge Country Inn Bed and Breakfast in the Berkshires is the CLOSEST B&B to the Norman Rockwell and Chesterwood Museums and Berkshire Botanical Gardens", including Full-Service Gourmet Breakfast, Private Bath enSuite with Canopy Beds and Fireplace Rooms, Nestled High Up on 4 Private Landscaped Acres and just minutes to Tanglewood and the Berkshire Theatre Festival and Jacobs Pillow. Located approximately 1.5 mile from Main Street Stockbridge. We are your home away from home in the Berkshires! Located 1.5 km from Norman Rockwell and 1 km from Chesterwood Museums at Stockbridge, Stockbridge Country Inn is nestled on 4 private acres of Berkshire landscape. Tanglewood Music Center is 8.9 km away.,,
Massachusetts,Stockbridge,42.30054,-73.31674,The Cottage,3.0,"""Situated on two acres of hills and forest", this Stockbridge B&B offers free Wi-Fi, free breakfast and stunning views of the surrounding Berkshire mountains. The Stockbridge town centre is just 2 km away.,,,,
Massachusetts,Sturbridge,42.09391,-72.06834,Scottish Inns Sturbridge,1.0,"""Located 5 miles form Wells State Park", this motel boasts free WiFi access and a daily free continental breakfast. Old Sturbridge Village is 5 minutes drive away.,,,,,
Massachusetts,Sturbridge,42.09565,-72.0711,Hamilton Inn,2.0,"""This Sturbridge", Massachusetts is 5.4 miles from Wells State Park. Free Wi-Fi is available throughout the hotel and traditional rooms include cable TV with HBO.,,,,,
Massachusetts,Taunton,41.960326,-71.12893,Holiday Inn Taunton Foxboro Area,2.0,,,,700 Myles Standish Blvd TauntonMassachusetts 02780 ,02780,5088230430,http://www.ihg.com/holidayinn/hotels/de/de/taunton/tauma/hoteldetail
Massachusetts,Wareham,41.75938,-70.67517,Atlantic Motel,2.0,"""This East Wareham motel is within 2 miles of Onset Beach. The motel offers a microwave", refrigerator and free Wi-Fi in every guest room.,,,,,
Massachusetts,Wareham,41.74166,-70.65614,Inn On Onset Bay,3.0,"""Cheryl and Abe fell in love with everything about Onset when they first stayed as guests at the Inn in the summer of 2009.  It made perfect sense when the opportunity to run the inn was presented shortly after their stay.",,,,,,
Massachusetts,Wareham,41.75822,-70.7179,Cranberry Gardens Inn,5.0,"""Located in Wareham in the Massachusetts region", with Swift Beach nearby, Cranberry Gardens Inn provides accommodation with free WiFi and free private parking.,,,,
Massachusetts,Wareham,41.76489,-70.72535,Mulberry Bed And Breakfast,5.0,"""Set in Wareham", 46 km from Hyannis, Mulberry Bed & Breakfast offers a garden and free WiFi.,,,,
Massachusetts,,38.900501886178,-77.018508017063,Boq Meridian At Gallery Place,3.0,HotelDescription#Further information about this hotel will be available shortly,NO Smoking rooms NO Large pets allowed (over 5 kg) NO Connecting rooms NO Wheelchair-accessible NO Car park NO Small pets allowed (under 5 kg) NO Disability-friendly bathroom NO Garage,,450 Massachusetts Avenue NW WashingtonDistrict of Columbia 20001 ,20001,,http://www.meridiangalleryplace.com
Massachusetts,Wellfleet,41.89492,-69.98633,Even'tide Resort Motel & Cottages,3.0,"""Offering an indoor pool", a playground and a basketball court, Eventide Resort Motel & Cottages is located in Wellfleet. Free WiFi access is available and guests can enjoy on-site mini golf, shuffleboard, badminton and horseshoes.,,
Massachusetts,Wellfleet,41.9224,-70.00915,The Mainstay Motor Inn,2.0,"""Situated 2.5 km from Indian Neck Beach", Endless Coast, A Boutique Hotel offers 2-star accommodation in Wellfleet and has free bikes, a garden and a terrace. This 2-star motel offers a business centre. Featuring free WiFi throughout the property, the allergy-free motel features an indoor pool.,,
Massachusetts,Wellfleet,41.9045,-69.98534,Southfleet Motor Inn,5.0,"""Set in South Wellfleet", the Southfleet Motor Inn is just a 4-minute drive from Marconi Beach which is part of the Cape Cod National Seashore Park and nearby bay side beaches.,,,,,
Massachusetts,Wellfleet,41.88256,-69.98723,Wellfleet Motel and Lodge,5.0,"""Located in Wellfleet", 5.5 km from Nauset Lighthouse, Wellfleet Motel & Lodge provides accommodation with a seasonal outdoor swimming pool, free private parking, a garden and a restaurant. 8.8 km from Wellfleet Bay Wildlife Sanctuary and 11 km from Cape Cod National Seashore, the property offers a bar and barbecue facilities. Providing free WiFi throughout the property, the non-smoking motel features a hot tub.
Massachusetts,Wellfleet,41.93867,-70.02357,The Wagner At Duck Creek,5.0,"""The Wagner at Duck Creek offers accommodation in Wellfleet", MA. This outer cape property is situated on five scenic acres and features views of Duck Creek Marsh. The town center is just a 1-minute drive away.,,,,,
Massachusetts,Wellfleet,41.89789,-70.02391,Spectacular Waterfront Cottage,3.0,"""Situated in Wellfleet", MA, on the Lieutenant Island, this holiday home features a western exposure with Panoramic views of Cape Cod Bay, Billingsgate, Jeremy Point, Great Island and Wellfleet Harbor. The property is 22 km from Provincetown and free private parking is featured. Free WiFi is available throughout the property.
Massachusetts,Wellfleet,41.8876,-69.98443,50 Sea Pine Road House,5.0,"""Set in Wellfleet in the Massachusetts region", 50 Sea Pine Road House features a patio. The air-conditioned accommodation is 2.4 km from Lieutenant Island Beach, and guests benefit from private parking available on site and free WiFi.,,,,
Massachusetts,Wellfleet,41.93423,-70.03011,Chic Antique in Wellfleet Village,5.0,"""Chic Antique in Wellfleet Village is located in Wellfleet", 19 km from Provincetown. Chatham is 29 km away.,,,,,
Massachusetts,Wellfleet,41.89916,-69.98814,90 Lieutenant Island Rd Home,5.0,"""The air-conditioned accommodation is 2.8 km from Lecount Hollow Beach", and guests benefit from complimentary WiFi and private parking available on site.,,,,,
Massachusetts,Wellfleet,41.89548,-69.985,Self Sufficient Cottages at Even'tide Resort,5.0,"""Situated in Wellfleet", within 2.9 km of Marconi Beach and 3 km of Maguires Landing Beach, Self-Sufficient Cottages at Eventide Resort features accommodation with a fitness centre and free WiFi throughout the property as well as free private parking for guests who drive. All rooms boast a kitchen and a private bathroom. The resort has a sun terrace and an indoor pool.,,,,
Massachusetts,Wellfleet,41.93826,-70.03014,265 Main Street House,5.0,"""265 Main Street House Home is a holiday home in Wellfleet with access to a fitness centre. This property offers access to a balcony.",,,,,,
Massachusetts,Westborough,42.27057,-71.61737,Westborough Inn,3.0,,,,4 Boardman Street WestboroughMassachusetts 01581 ,01581,5088361900,https://www.booking.com/hotel/us/westborough-inn.html
Massachusetts,Westfield,42.12819,-72.76581,Elm Motel,2.0,"""This motel offers refrigerators in each room and free parking. It is located within a 5 - minute drive of Interstate 90 and 10 miles from Six Flags Amusement Park and Blandford Ski Area.",,,,,,
Massachusetts,Weymouth,42.2033,-70.95035,Super 8 Motel Weymouth Boston Area,2.0,"""The Boston Motel is within a 20-minute drive to Boston. This hotel features a 24-hour front desk and free WiFi in every room.",,,,,,
Massachusetts,Weymouth,42.24602,-70.9357,Arbor Inn Weymouth,2.0,"""Located on Highway 3A and 8 km from Quincy Center", this inn features free morning coffee, seasonal water views and 24-hour reception. The city centre of Boston is 25 km away.,,,,
Massachusetts,Williamstown,42.66627,-73.26048,The Guest House At Field Farm,5.0,"""Situated in Williamstown", 34 km from Bennington Battle Monument and 40 km from Tanglewood, The Guest House at Field Farm features accommodation with free WiFi, air conditioning and access to a garden with a terrace.,,,
Massachusetts,Williamstown,42.73515,-73.20552,Cozy Corner Motel,2.0,"""Williamstown Theatre Festival is a 5-minute drive from this motel in Massachusetts. Free Wi-Fi is available throughout the motel and classic rooms include cable TV.",,,,,,
Massachusetts,Williamstown,42.73732,-73.20843,Villager Motel,2.0,"""This motel", located in the heart of the Berkshire Mountains, boasts free Wi-Fi access. Williams College and the Clark Art Institute are 5 minutes drive away.,,,,
Massachusetts,Williamstown,42.60419,-73.28952,Berkshire Valley Inn,3.0,"""Featuring an outdoor swimming pool", Berkshire Valley Inn is located in Williamstown. Free WiFi access is available. Jiminy Peak is 5 minutes drive.,,,,,
Massachusetts,Williamstown,42.71498,-73.20899,Northside Motel Williamstown,3.0,"""Located directly across from Williams College", this motel boasts an outdoor pool. The Sterling and Francine Clark Art Institute is 10 minutes walk away.,,,,,
Massachusetts,Williamstown,42.70687,-73.1907,Willows Motel,3.0,"""Located 14 miles from skiing on Jiminy Peak", this Williamstown motel is also 3 minutes drive from Williams College.  Guests can enjoy a continental breakfast each morning and have access to free Wi-Fi.,,,,,
Massachusetts,Williamstown,42.68773,-73.22974,Berkshire Hills Country Inn,2.0,"""Located in Williamstown", Massachusetts, this motel is surrounded by the Berkshire Mountains and boasts rooms with an outdoor seating area and free Wi-Fi access. Williams College is 2 miles away. Free parking is available on-site.,,,,
Massachusetts,Williamstown,42.70823,-73.19311,Maple Terrace Motel,3.0,"""Nestled among the Berkshires", this 3 acre property boasts mountain views and free WiFi access. This Williamstown, Massachusetts motel is less than half a mile from Williams College.,,,,
Massachusetts,Williamstown,42.69487,-73.22611,1896 House Country Inn-Barnside Inn,,"""Located in Williamstown", the 1896 House Luxury Inn Williamstown is 5 minutes drive from Williams College.  The bed and breakfast has an outdoor pool available to guests opposite the property and rooms have a spa bath.,,,,,
Massachusetts,Williamstown,42.69487,-73.22611,1896 House Luxury Inn Williamstown,,"""Located in Williamstown", the 1896 House Luxury Inn Williamstown is 5 minutes drive from Williams College.  The bed and breakfast has an outdoor pool available to guests opposite the property and rooms have a spa bath.,,,,,
Massachusetts,Wilmington,33.772999,-118.261369,Anchor Pointe Inn,2.0,"""Located in Wilmington (Harbor)", Anchor Pointe Inn is within a 10-minute drive of Palos Verdes Peninsula and World Cruise Center.  This hostel is 4.4 mi (7.1 km) from USS Iowa and 5.2 mi (8.4 km) from Aquarium of the Pacific.,,,,,
Massachusetts,Winthrop,42.36958,-70.97072,The Inn at Crystal Cove on Boston Harbor,3.0,"""Decks with views of Boston Harbor and Downtown skyline. Swimming pool.  Landscaped yard with seating and historic 1800s canon. Short walk to Boston ferry. Close to Deer Island with 3 1/2 miles ocean front walking and bike path. Plane spotters delight from yard and decks. Short walk to several beaches and nearby restaurants. Inn is directly on public transportation which goes to local subway. Short drive to Revere Beach", Nahant Beach, historic Salem and Marblehead. Overlooking beautiful Crystal Cove, 9.5 km from Logan International Airport and 10.8 km from Boston city centre, this inn in Winthrop, Massachusetts offers comfortable facilities. Views of the Boston skyline and harbour can be enjoyed from the property.,
Massachusetts,Winthrop,42.38696,-70.97165,Winthrop Arms Hotel,3.0,"""The Winthrop Arms is located in Winthrop", Massachusetts, 8 km from Boston and 11 km from Cambridge. Guests can enjoy the on-site bar and restaurant. Free WiFi is featured throughout the property and free private parking is available on site.,,,,
Massachusetts,Winthrop,42.36889,-70.97114,Harrington House Bed & Breakfast,4.0,"""Harrington House is a Queen Ann Victorian house built in 1885.  We are situated on Boston Harbor with spectacular views of the city skyline and wonderful sunsets!  We have three rooms on the second floor with two shared baths. Continental Breakfast. This Winthrop bed and breakfast offers free Wi-Fi and individually decorated rooms that feature water views. Logan International Airport is 4 miles away.",,,,,,
Massachusetts,Winthrop,42.37133,-70.99282,Château sur Mer Bed & Breakfast,3.0,"""Château sur Mer (Castle by the Sea) is a bed and breakfast located in Winthrop in the Massachusetts Region", 6 km from Boston. Free WiFi is provided throughout the property and free private parking is available on site.,,,,,
Massachusetts,Worcester,42.27057,-71.61737,Westborough Inn,3.0,,,,4 Boardman Street WestboroughMassachusetts 01581 ,01581,5088361900,https://www.booking.com/hotel/us/westborough-inn.html
