State,City,Latitude,Longitude,HotelName,StarRating,Description,HotelFacilities,Attractions,Address,ZipCode,PhoneNumber,HotelWebsiteUrl
Oregon,Albany,44.63339,-123.1082,The Pfeiffer Cottage,3.0,HotelDescription#Further information about this hotel will be available shortly,NO Wheelchair-accessible NO Garage NO Large pets allowed (over 5 kg) NO Small pets allowed (under 5 kg) NO Disability-friendly bathroom NO Connecting rooms NO Car park NO Smoking rooms,,Ferry Street Sw 530 530 97321 Albany AlbanyOregon 97321 ,97321,8137622000,http://www.thepfeiffercottageinn.com/The_Pfeiffer_Cottage_Inn/Welcome.html
Oregon,Albany,44.63819,-123.07213,Budget Inn Albany,2.0,"""Located off Interstate 5 in Albany", Oregon, this motel is 1 mile from the Willamette River and offers rooms with a balcony and free Wi-Fi.  Coffee, tea and biscuits are available in the motel office.,,,
Oregon,Albany,44.52023,-122.9027,Valley Inn Motel Lebanon Oregon,2.0,"""Located on Highway 20", this hotel is a 5-minute drive from the Lebanon State Airport. It features rooms with free Wi-Fi access and offers fax and copy services.,,,,,
Oregon,Albany,44.52874,-122.9073,Shanico Inn,2.0,"""Situated at the foothills of the Cascade Mountains off Route 20", this budget Lebanon, Oregon motel offers rooms with a cable TV and free Wi-Fi. Lebanon State Airport is 5 minutes drive away.,,,,
Oregon,Albany,44.53359,-122.90723,Cascade City Center Motel,1.0,"""Cascade City Center Motel is located in Lebanon. Free Wi-Fi access and free parking are available.",,,,,,
Oregon,Ashland,42.20376,-122.71766,Arden Forest Inn,5.0,"""Offering an outdoor pool and barbecue", Arden Forest Inn is located in Ashland. Free private parking is available on site.,,,,,
Oregon,Ashland,42.20455,-122.72044,Abigails Bed & Breakfast Inn,,"""Abigails Bed and Breakfast Inn features air-conditioned guest accommodation in Ashland", 1.1 km from Oregon Shakespeare Festival, 1.3 km from Oregon Cabaret Theatre and 1.5 km from Ashland Library.,,,,
Oregon,Ashland,42.20192,-122.71973,The Iris Inn,4.0,"""Located in Ashland", the Iris Inn is an early 20th century Victorian manor with scenic mountain views. Free Wi-Fi access is available throughout the inn.,,,,,
Oregon,Ashland,42.12273,-122.46417,Green Springs Inn & Cabins,3.0,"""Located in the forest near the Southern Cascade Mountains", Green Springs Inn & Cabins offers accommodation in Ashland.,,,,,
Oregon,Ashland,42.20451,-122.71964,Bayberry Inn B&b,5.0,"""Located in Ashland", 1.1 km from Oregon Shakespeare Festival, Bayberry Inn B&B and Oregon Wellness Retreat provides accommodation with free bikes, free private parking, a garden and a shared lounge. Among the facilities at this property are a shared kitchen and room service, along with free WiFi throughout the property. The accommodation offers a 24-hour front desk, a concierge service and organising tours for guests.
Oregon,Ashland,42.19753,-122.71141,Pelton Vacation Rental,5.0,"""Located in downtown Ashland", Pelton Vacation Rental features 4 unique suites with access to a garden.,,,,,
Oregon,Ashland,42.19752,-122.70761,Peerless Hotel & Restaurant,3.0,"""Originally built in 1900", this historic Ashland hotel offers boutique amenities and modern conveniences such as free WiFi. Located in Ashlands Railroad District, the Oregon Shakespeare Festival is just 10 minutes walk away.,,,,
Oregon,Ashland,42.1941,-122.70737,new Anne Hathaway House,3.0,"""Anne Hathaway House in Ashland offers accommodation with free WiFi", 500 metres from Ashland Library, less than 1 km from Oregon Cabaret Theatre and an 11-minute walk from Oregon Shakespeare Festival. The property is 1.4 km from Southern Oregon University.,,,,
Oregon,Ashland,42.19682,-122.71032,Second Street Cottages,5.0,"""Second Street Cottages is a historic home offering accommodation in Ashland. Free WiFi is offered throughout the property and free private parking is available on site.",,,,,,
Oregon,Ashland,42.17289,-122.46892,#44 The Cabins at Hyatt Lake Hot Tub,5.0,"""Situated in Ashland", 31 km from Emigrant Lake, 35 km from Lithia Park and 36 km from ScienceWorks Museum, #44 The Cabins at Hyatt Lake - Sleeps 6 - Hot Tub features accommodation with a patio and free WiFi. This holiday home is 37 km from North Mountain Park and 38 km from Ashland Library.,,,
Oregon,Astoria,46.19027,-123.84603,Atomic Motel,2.0,"""Set in Astoria", Oregon, within 28 km of Seaside Golf Course and 33 km of Necanicum Guard Station, Atomic Motel offers accommodation with a shared lounge and free WiFi throughout the property as well as free private parking for guests who drive. This 2-star motel offers a business centre. Seaside Civic Convention Center is 26 km from the motel and Seaside Aquarium is 26 km away.,,,
Oregon,Astoria,46.18802,-123.80622,Astoria Inn,5.0,"""Boasting a garden", Evolve Astoria Painted Lady Apt with River View offers accommodation in Astoria, Oregon with free WiFi and garden views. The property is 42 km from Haystack Gallery and 43 km from Haystack Hill State Park.,,,,
Oregon,Astoria,46.18825,-123.82876,Norblad Hotel & Hostel,2.0,"""Norblad Hotel is a historic 90-year-old building located in Astoria", less than 5 minutes walk from the restaurants and shops lining the Astoria Riverwalk. Free WiFi access is available.,,,,,
Oregon,Astoria,46.18926,-123.82838,Commodore Astoria,3.0,"""Situated in the historic Lewis Building in the city centre of Astoria", the Selina Commodore Astoria features an on-site restaurant. Free WiFi access and a free DVD library with over 100 films are offered at this hotel.,,,,,
Oregon,Astoria,46.18751,-123.83436,Clementine'S Bed & Breakfast,3.0,"""Located in Astoria", Clementines Guest House offers free daily breakfast in select room types and free WiFi access. The city centre of Astoria is a short 5-minute walk away.,,,,,
Oregon,Astoria,46.19042,-123.83794,Columbia Inn,1.0,"""Situated in Astoria town centre", this Oregon motel is 7 miles away from Lewis and Clark State Historic Park.  Free Wi-Fi is featured in all rooms. The motel offers free covered parking.,,,,,
Oregon,Bandon,43.11881,-124.41048,Lighthouse Cove Inn,,"""Set in Bandon", within 2.4 km of Bandon Beach and 9.2 km of Coquille River Lighthouse, Lighthouse Cove Inn offers accommodation with a garden and free WiFi as well as free private parking for guests who drive. This 5-star hotel offers a 24-hour front desk. Certain units at the property feature a balcony with a city view.,,,,
Oregon,Bandon,43.11857,-124.41417,Bandon Inn,5.0,"""Located in Bandon", within 2.1 km of Bandon Beach and 10 km of Coquille River Lighthouse, Bandon Inn provides accommodation with a shared lounge and free WiFi as well as free private parking for guests who drive. The property is situated 3 km from Face Rock State Scenic Viewpoint, 40 km from Cape Arago Lighthouse and 45 km from Cape Blanco Lighthouse. Guests can enjoy city views.,,,
Oregon,Bandon,43.11883,-124.41149,The Inn at Old Town,2.0,"""The Inn at Old Town is offering accommodation in Bandon-by-the-Sea on Highway 101. All rooms boast a flat-screen TV with cable channels and a private bathroom. The property is situated a 14-minute walk from Coquille River Lighthouse and 2.4 km from Face Rock State Scenic Viewpoint.",,,,,,
Oregon,Bandon,43.09519,-124.43067,Windermere On The Beach,5.0,"""Windermere On The Beach offers accommodation in Bandon. Free WiFi is featured throughout the property and free private parking is available on site.",,,,,,
Oregon,Bandon,43.11565,-124.43193,Table Rock Motel,5.0,"""Seconds from the Pacific Ocean", Table Rock Motel features quiet rooms with modern aesthetics. All rooms come equip with high speed Wi-Fi, cable TV and for convenience include a microwave, refrigerator and coffee maker. Rooms feature street or ocean views.,,,
Oregon,Bandon,43.11483,-124.41536,La Kris Inn,5.0,"""Situated in Bandon", 1.8 km from Bandon Beach, La Kris Inn features accommodation with free WiFi and free private parking. The property is located 10 km from Coquille River Lighthouse, 2.6 km from Face Rock State Scenic Viewpoint and 40 km from Cape Arago Lighthouse. Cape Blanco Lighthouse is 44 km from the motel.,,,
Oregon,Bandon,43.12033,-124.39798,Lamplighter Inn,2.0,"""Located on Highway 101", Lamplighter Inn is set in Bandon, 2.2 km from Coquille River Lighthouse.,,,,
Oregon,Bandon,43.09824,-124.43019,Spindrift Oceanfront,5.0,"""Spindrift Oceanfront Home offers accommodation in Bandon. Coquille River Lighthouse is 2.9 km away.",,,,,,
Oregon,Bandon,43.11361,-124.43289,Coquille Point Condo,5.0,"""Showcasing views of the Pacific Ocean and Bandons rock formations", this Bandon, Oregon three-bedroom house includes a fully equipped kitchen.,,,,
Oregon,Bandon,43.09843,-124.43023,Spindrift Oceanfront Home The Helm,5.0,"""Spindrift Oceanfront Home - The Helm is a beachfront property set in Bandon", 1 km from Bandon Beach and 13 km from Coquille River Lighthouse. It features sea views and free WiFi throughout the property.,,,,,
Oregon,Bandon,43.08664,-124.43076,A Beach Loop Getaway,5.0,"""A Beach Loop Getaway is set in Bandon", 4.2 km from Coquille River Lighthouse.,,,,,
Oregon,Bandon,43.09853,-124.43023,Spindrift Oceanfront Home The Starboard,5.0,"""Set 2.9 km from Coquille River Lighthouse and 800 metres from Face Rock State Scenic Viewpoint", Spindrift Oceanfront Home - The Starboard offers accommodation in Bandon. The property features views of the sea and is 10 km from West Coast Game Park Safari.,,,,,
Oregon,Beaverton,45.52154,-122.89253,The 229,5.0,"""Situated 17 km from World Forestry Discovery Museum", 19 km from International Rose Test Garden and 19 km from Washington Park International Rose Test Gardens, The 229 features accommodation set in Orenco. The accommodation is 16 km from the Portland Childrens Museum and has free WiFi throughout the property.,,,,
Oregon,Beaverton,45.45648,-122.83129,Matrix Hill Heights,5.0,"""Set 15 km from World Forestry Discovery Museum", 16 km from International Rose Test Garden and 17 km from Washington Park International Rose Test Gardens, Matrix Hill Heights offers accommodation located in Beaverton. The accommodation is 14 km from the Portland Childrens Museum and features free WiFi throughout the property.,,,,
Oregon,Beaverton,45.48532,-122.80669,Central Beaverton Cottage,5.0,"""Watson Avenue Cottage is set in Beaverton", 8.7 km from Portland Childrens Museum, 9.4 km from World Forestry Discovery Museum, as well as 11 km from International Rose Test Garden. This holiday home is 12 km from Portland Art Museum and 13 km from South Waterfront City Park.,,,
Oregon,Beaverton,45.48532,-122.80669,Watson Avenue Estates,5.0,"""Watson Avenue Estates is set in Beaverton", 9.4 km from World Forestry Discovery Museum, 11 km from International Rose Test Garden, as well as 11 km from Washington Park International Rose Test Gardens. The accommodation is 8.7 km from the Portland Childrens Museum and has free WiFi throughout the property.,,,
Oregon,Beaverton,45.48532,-122.80669,Watson Avenue Tiny House,5.0,"""Watson Avenue Tiny House is located in Beaverton", 9.4 km from World Forestry Discovery Museum, 11 km from International Rose Test Garden, as well as 11 km from Washington Park International Rose Test Gardens. The accommodation is 8.7 km from the Portland Childrens Museum and features free WiFi throughout the property.,,,
Oregon,Beaverton,45.45976,-122.84792,Cooper Mountain Retreat,5.0,"""Cooper Mountain Retreat is located in Hazeldale", 15 km from World Forestry Discovery Museum, 17 km from International Rose Test Garden, and 17 km from Washington Park International Rose Test Gardens. The accommodation is 15 km from the Portland Childrens Museum and features free WiFi throughout the property.,,,
Oregon,Beaverton,45.48236,-122.81583,Highland Gables,5.0,"""Highland Gables is set in Beaverton", 11 km from World Forestry Discovery Museum, 12 km from International Rose Test Garden, and 12 km from Washington Park International Rose Test Gardens. The accommodation is 10 km from the Portland Childrens Museum and features free WiFi throughout the property.,,,
Oregon,Bend,44.48889,-121.63948,House On Metolius,5.0,"""Located in Camp Sherman", House on Metolius features a garden, terrace and BBQ facilities.,,,,
Oregon,Bend,44.05658,-121.31431,McMenamins Old St. Francis School,3.0,"""McMenamins Old St. Francis School is located in the heart of downtown Bend", 600 metres from Drake Park. Guests can enjoy various restaurants and bars on-site.,,,,,
Oregon,Bend,44.04466,-121.30206,Chalet Motel,2.0,"""Located just 4 miles from Oregon State University Cascades", this Bend, Oregon motel offers a childrens playground on site. Free Wi-Fi is offered in all rooms.,,,,
Oregon,Bend,44.28686,-121.17367,Hub Motel,1.0,"""This downtown Redmond", Oregon hotel features rooms with microwaves and refrigerators. The Hub Motel is 3.3 miles from Redmond Municipal Airport and has an on-site restaurant.,,,,,
Oregon,Bend,44.03532,-121.30553,Budget Inn Bend,2.0,"""Budget Inn Bend is located in Bend", 22 miles from Mount Bachelor. Free WiFi is provided, free coffee in the lobby. Deschutes National Forest, Metolius River are within close proximity.,,,
Oregon,Bend,44.04534,-121.30309,Royal Gateway Motel,2.0,"""Located within 2.7 km of Drake Park and 3.9 km of Hollinshead Park", Royal Gateway Motel by OYO provides rooms in Bend.,,,,,
Oregon,Bend,44.27763,-121.17347,Greenway Motel,2.0,"""Located 9 miles from Smith Rock State Park", this Redmond, Oregon motel offers rooms with free Wi-Fi. Cline Falls State Park is 5 miles away.,,,,
Oregon,Bend,43.87284,-121.43994,Sunriver Resort,4.0,"""Situated close to the Cascade Mountain Range and top-rated ski trails", this family-friendly resort offers numerous recreational activities and various amenities. With several dining outlets are featured on-site, guests can enjoy both fine dining and casual fare.,,,,
Oregon,Bend,44.02208,-121.36319,Loge Entrada,5.0,"""Featuring barbecue facilities", LOGE Bend is set in Bend in the Oregon region, 6.3 km from Drake Park and 10 km from Hollinshead Park. Boasting family rooms, this property also provides guests with a sun terrace. The inn has an outdoor swimming pool, hot tub and free WiFi.,,
Oregon,Bend,43.75268,-121.4915,DiamondStone Guest Lodges,5.0,"""DiamondStone Guest Lodges offers accommodation in Three Rivers.",,,,,,
Oregon,Bend,43.8639,-121.44389,Cluster Cabins,3.0,"""Located 24 km from Bend and 48 km from Sisters", Sunriver-Cluster Cabin 12 offers accommodation in Sunriver. Guests benefit from balcony.,,,,,
Oregon,Bend,44.28578,-121.53633,FivePine Lodge,,"""Oversized waterfall soaking tubs are provided in each cottage at this lodge. A full service spa is available on site and breakfast is offered daily. Bend", Oregon is 30 minutes drive away.,,,,,
Oregon,Bend,43.90436,-121.43718,Fairway Village Condominiums,3.0,"""Fairway Village 14 Three-Bedroom Condo is located in Sunriver. Guests staying at this apartment have access to a fully equipped kitchen.",,,,,,
Oregon,Bend,44.42621,-121.7287,The Suttle Lodge,5.0,"""The Suttle Lodge & Boathouse has a shared lounge", terrace, a restaurant and bar in Camp Sherman. This pet-friendly hotel also has free WiFi.,,,,
Oregon,Bend,44.37516,-121.64187,Black Butte Ranch,4.0,"""Black Butte Ranch is set in Sisters and features a bar. Each room comes with a patio.",,,,,,
Oregon,Bend,44.29075,-121.5554,Sisters Motor Lodge,5.0,"""Located in central Sisters", Oregon, this motel offers comfortably-furnished guest rooms with free Wi-Fi and views of the Cascade Mountains. It features an on-site hot tub and garden.,,,,
Oregon,Bend,44.0239,-121.36532,Tetherow,4.0,"""Featuring two on-site restaurants", this Bend resort is located on an 18-hole semi-private golf course. Bordering Deschutes National Forest, Tetherow Hotel offers spacious guest rooms with a sleek, modern design.,,,
Oregon,Bend,43.70791,-121.47514,Timbercrest Inn,2.0,"""Located 3 miles from La Pine city centre", this La Pine, Oregon inn features a daily continental breakfast. Free Wi-Fi is offered in all rooms.,,,,
Oregon,Bend,44.0639,-121.30873,Wall Street Suites,4.0,"""Just 8 minutes walk from the cafes and galleries offered in historic Bend city centre", this luxury motel is located 28.9 km from Mt. Bachelor ski lift. Free Wi-Fi is included in all tastefully decorated suites.,,,,,
Oregon,Bend,43.89217,-121.41963,Modoc 5 Home,5.0,"""Boasting a terrace and an ATM", Modoc 05 is ideally located in Sunriver, 27 km from Hollinshead Park and 25 km from Ponderosa Park. The air-conditioned accommodation is 26 km from Drake Park, and guests benefit from private parking available on site and free WiFi.,,,
Oregon,Bend,43.89399,-121.43203,Redcedar 17 Four bedroom Home,5.0,"""Featuring mountain views", Redcedar 17 features accommodation with a terrace and a balcony, around 28 km from Drake Park. This holiday home offers free private parking, an ATM and free WiFi.,,,
Oregon,Bend,43.88968,-121.42659,Lark 5 Home,5.0,"""Boasting a terrace and an ATM", Lark - 05 is ideally located in Sunriver, 28 km from Hollinshead Park and 26 km from Ponderosa Park. The air-conditioned accommodation is 27 km from Drake Park, and guests benefit from private parking available on site and free WiFi.,,,
Oregon,Bend,43.88349,-121.43059,Look Out Lane 8 Home,3.0,"""Featuring a hot tub", Look Out Lane 8 Three-Bedroom Home is situated in Sunriver. Guests staying at this holiday home have access to a fully equipped kitchen.,,,,,
Oregon,Bend,43.89908,-121.42624,Hickory 26 Four bedroom Home,5.0,"""Boasting a terrace and an ATM", Hickory 26 is attractively situated in Sunriver, 28 km from Hollinshead Park and 25 km from Ponderosa Park. The air-conditioned accommodation is 27 km from Drake Park, and guests benefit from complimentary WiFi and private parking available on site.,,,
Oregon,Bend,43.88437,-121.42397,Butternut 2 2 Br home by RedAwning,5.0,"""Butternut 02", a property with a terrace, is located in Sunriver, 27 km from Drake Park, 29 km from Hollinshead Park, as well as 26 km from Ponderosa Park. This holiday home provides free private parking, an ATM and free WiFi.
Oregon,Bend,43.88701,-121.43093,Flat Top 4 2 Br home by RedAwning,5.0,"""Located in Sunriver in the Oregon region", Flat Top 4 features a balcony. The air-conditioned accommodation is 27 km from Bend, and guests benefit from private parking available on site and free WiFi.,,,,
Oregon,Bend,43.91284,-121.43701,Big Sky 2,5.0,"""Situated in Sunriver in the Oregon region", Big Sky 02 has a balcony. This holiday home features free private parking, an ATM and free WiFi.,,,,
Oregon,Bend,43.90036,-121.42166,Pine Mountain Sunriver,5.0,"""8 Dixie Mountain Lane is set in Sunriver", 20 km from Bend.,,,,,
Oregon,Bend,43.88968,-121.42497,Cultus 16,4.0,"""Located in Sunriver", this holiday home is 21 km from Bend. Guests benefit from balcony.,,,,,
Oregon,Bend,44.02921,-121.34078,River Wild Forest Homes,5.0,"""River Wild at Mt. Bachelor Village offers accommodation in Bend.",,,,,,
Oregon,Bend,43.89062,-121.4322,Grouse 7,4.0,"""Grouse 7 is a holiday home set in Sunriver in the Oregon Region and is 21 km from Bend. Guests benefit from balcony.",,,,,,
Oregon,Bend,44.25858,-121.27375,Eagle Crest Forest Ridge Escape,5.0,"""Featuring a sauna", Forest Ridge Escape is located in Redmond. The accommodation is 34 km from the Hollinshead Park and features free WiFi throughout the property.,,,,,
Oregon,Bend,44.37776,-121.66588,Black Butte Ranch - Lodge,5.0,"""Black Butte Ranch Aspen Lodge is situated in Camp Sherman", 45 km from Bend.,,,,,
Oregon,Bend,44.34664,-121.63503,Black Butte Ranch - Cabins,5.0,"""Black Butte Ranch: Hedge Nettle Cabin offers accommodation in Sisters.",,,,,,
Oregon,Bend,44.37331,-121.66712,Black Butte Ranch - Homes,3.0,"""Black Butte Ranch: Golfers Getaway is set in Camp Sherman", 45 km from Bend and 13 km from Sisters.,,,,,
Oregon,Bend,43.89386,-121.42809,Tan Oak 15,4.0,"""15 Tan Oak offers accommodation in Sunriver. Guests benefit from balcony.",,,,,,
Oregon,Bend,44.26886,-121.27012,Eagle Crest on Ridge Course,5.0,"""Eagle Crest on Ridge Course is situated in Redmond", 24 km from Bend and 22 km from Sisters.,,,,,
Oregon,Bend,44.26883,-121.29407,Eagle Crest Golf Course Seclusion,5.0,"""Eagle Crest Resort on Golf Course with Hot Tub is situated in Redmond", 24 km from Bend and 20 km from Sisters.,,,,,
Oregon,Bend,44.35368,-121.64569,Glaze Meadow 7,5.0,"""Glaze Meadow 7 offers accommodation in Sisters.",,,,,,
Oregon,Bend,43.88687,-121.44104,5 Aquila Lodge,4.0,"""Located in Sunriver in the Oregon region", Aquila Lodge - Unit 5 features a balcony. This apartment provides free private parking, a 24-hour front desk and free WiFi.,,,,
Oregon,Bend,43.9024,-121.41543,Oregon Loop 5,5.0,"""Oregon Loop 05", a property with a terrace, is located in Bend, 27 km from Drake Park, 28 km from Hollinshead Park, as well as 25 km from Ponderosa Park. This holiday home provides free private parking, an ATM and free WiFi.
Oregon,Bend,44.2881,-121.5536,Pine Street Cottage,5.0,"""Located in Sisters", Pine Street Cottage provides accommodation with a balcony and free WiFi. Situated 35 km from Hollinshead Park, the property features a garden and free private parking.,,,,
Oregon,Bend,44.3074,-121.5857,The Ponderosa,5.0,"""Situated in Sisters", The Ponderosa features accommodation with a balcony and free WiFi. Boasting free private parking, the holiday home is in an area where guests can engage in activities such as skiing and cycling.,,,,
Oregon,Bend,44.2889,-121.5477,Fish Inn Bike Inn,3.0,"""Fish Inn Bike Inn is situated in Sisters and offers barbecue facilities. Guests are welcome to enjoy the free WiFi.",,,,,,
Oregon,Bend,44.3128,-121.5798,The Sisters Moose,5.0,"""The Sisters Moose is set in Sisters", 39 km from Hollinshead Park, 41 km from Drake Park, and 42 km from Ponderosa Park. This property offers access to a balcony, free private parking and free WiFi.,,
Oregon,Bend,44.30261,-120.85848,Rustlers Inn,5.0,"""Situated in the heart of Central Oregon", Rustlers Inn is a motel located in Prineville. All rooms feature a flat-screen TV with cable channels, and a private bathroom. Free WiFi is included throughout the property.,,,,
Oregon,Bend,43.89671,-121.42346,Sasquatch,3.0,,Barbecue grill(s) Free self parking Parking (limited spaces) Smoke-free property Spa tub - 1 Total number of rooms - 1,,18047-18053 Witchhazel Lane BendOregon 97707 ,97707,,
Oregon,Bend,44.24007,-121.19377,Hampton Inn Redmond Bend Airport,5.0,"""Set within 23 km of Hollinshead Park and 24 km of Drake Park", Hampton Inn Redmond Bend Airport offers rooms with air conditioning and a private bathroom in Redmond.,,,,,
Oregon,Bend,43.89739,-121.44276,Yellow Rail 13,4.0,"""Yellow Rail 13 is located in Sunriver and offers a restaurant. The air-conditioned accommodation is 26 km from La Pine", and guests benefit from private parking available on site and free WiFi.,,,,,
Oregon,Bend,43.87309,-121.43889,Wildflower Condo 9,4.0,"""Wildflower Condo 9 offers accommodation in Sunriver", 22 km from Bend and 47 km from Sisters. Guests benefit from balcony.,,,,,
Oregon,Bend,43.89458,-121.42643,Tan Oak 38,4.0,"""Tan Oak 38 is a holiday home situated in Sunriver", 20 km from Bend. The unit is 45 km from Sisters.,,,,,
Oregon,Bend,44.03179,-121.3358,River Ridge 617A 2 Br Home,5.0,"""Featuring a spa bath", River Ridge Two-Bedroom Condos is located in Bend. The air-conditioned accommodation is 3.3 km from Drake Park, and guests benefit from private parking available on site and free WiFi.,,,,
Oregon,Bend,44.04314,-121.30826,Old Mill Magic 2 Br Townhouse,5.0,"""Old Mill Magic is situated in Bend", 2.6 km from Drake Park and 4.9 km from Hollinshead Park, in an area where skiing can be enjoyed. Guests staying at this holiday home have access to free WiFi and a balcony.,,,,
Oregon,Bend,43.87271,-121.43211,Deer 8,4.0,"""Situated in Sunriver in the Oregon region", Deer Lane 8 features a balcony. There is an in-house restaurant, plus free private parking and free WiFi are available.,,,,
Oregon,Bend,43.88828,-121.4223,20 Fairway Village Condos,5.0,"""Boasting mountain views", East Butte 20 provides accommodation with a terrace and a balcony, around 27 km from Drake Park. This holiday home features free private parking, an ATM and free WiFi.,,,
Oregon,Bend,43.88786,-121.43512,4 Pine Ridge,5.0,"""Boasting a spa bath", 4 Pine Ridge is located in Sunriver. The accommodation is 27 km from Bend, and guests benefit from complimentary WiFi and private parking available on site.,,,,
Oregon,Bend,44.02894,-121.3457,Trails End Retreat,5.0,"""Situated in Bend", 4.6 km from Drake Park and 8.2 km from Hollinshead Park, Trails End Retreat features air-conditioned accommodation with a balcony and free WiFi. This holiday home is 6.5 km from Ponderosa Park.,,,,
Oregon,Bend,43.90438,-121.43597,Fairway Village 32 Condo,5.0,"""Boasting a terrace and an ATM", Fairway Village 32 is ideally situated in Sunriver, 29 km from Hollinshead Park and 27 km from Ponderosa Park. The air-conditioned accommodation is 28 km from Drake Park, and guests benefit from private parking available on site and free WiFi.,,,
Oregon,Bend,44.06701,-121.36308,Shevlin Trail ac hot Tub 4br 3ba,5.0,"""Shevlin Trail-AC-Hot Tub-4BR/3BA offers accommodation in Bend", 7 km from Hollinshead Park and 8 km from Ponderosa Park. The air-conditioned accommodation is 5 km from Drake Park, and guests benefit from private parking available on site and free WiFi.,,,,
Oregon,Bend,43.90686,-121.43258,3 Mulligan on Golf Crse 4br 3ba,5.0,"""3 Mulligan is set in Sunriver", 29 km from Hollinshead Park and 27 km from Ponderosa Park, in an area where skiing can be enjoyed. The air-conditioned accommodation is 28 km from Drake Park, and guests benefit from complimentary WiFi and private parking available on site.,,,
Oregon,Bend,43.89591,-121.41835,Splitrock 11,4.0,"""Splitrock 11 is a holiday home set in Sunriver in the Oregon Region and is 20 km from Bend. The air-conditioned unit is 45 km from Sisters.",,,,,,
Oregon,Bend,43.90681,-121.43639,Tokatee 22,4.0,"""Tokatee 22 is a holiday home situated in Sunriver in the Oregon Region and is 20 km from Bend. Guests benefit from balcony.",,,,,,
Oregon,Bend,43.89337,-121.42532,Red Alder 3,4.0,"""Red Alder 3 is a holiday home set in Sunriver in the Oregon Region and is 20 km from Bend. Guests benefit from balcony.",,,,,,
Oregon,Bend,43.87227,-121.43342,Elk Lane 10,4.0,"""Elk Lane 10 offers accommodation in Sunriver", 23 km from Bend and 48 km from Sisters. Guests benefit from balcony.,,,,,
Oregon,Bend,43.86475,-121.44623,Pathfinder 1,4.0,"""Pathfinder 1 is a holiday home located in Sunriver in the Oregon Region and is 24 km from Bend. The unit is 48 km from Sisters.",,,,,,
Oregon,Bend,43.89996,-121.43827,Malheur 10,4.0,"""Set in Sunriver", this holiday home is 20 km from Bend. Guests benefit from balcony.,,,,,
Oregon,Bend,43.89003,-121.42196,Indian 17,4.0,"""Indian 17 is a holiday home situated in Sunriver in the Oregon Region and is 21 km from Bend. The unit is 46 km from Sisters.",,,,,,
Oregon,Bend,44.04109,-121.3146,Vantage Point ac hot Tub 3br 3b,5.0,"""Vantage Point is situated in Bend", 2.5 km from Drake Park and 5.3 km from Hollinshead Park, in an area where skiing can be enjoyed. This property offers access to a balcony, free private parking and free WiFi.,,,
Oregon,Bend,43.90014,-121.42196,2 Dixie Mt ac hot Tub 4br 3ba,5.0,"""Boasting a spa bath", 2 Dixie Mt is situated in Sunriver. The air-conditioned accommodation is 26 km from La Pine, and guests benefit from complimentary WiFi and private parking available on site.,,,,
Oregon,Bend,43.89548,-121.44218,Rogue 22,5.0,"""Situated in Sunriver and only 29 km from Drake Park", 22 Rogue features accommodation with mountain views, free WiFi and free private parking. This holiday home provides accommodation with a balcony.,,,,
Oregon,Bend,44.05577,-121.31375,Downtowner ac 2br 1ba,5.0,"""Downtowner Apartment is located in Bend", 3.7 km from Hollinshead Park and 4 km from Ponderosa Park, in an area where skiing can be enjoyed. The air-conditioned accommodation is 800 metres from Drake Park, and guests benefit from private parking available on site and free WiFi.,,,
Oregon,Bend,43.87995,-121.43893,3 Spyglass golf Mt View 4br 3ba,5.0,"""Situated in Sunriver and only 29 km from Drake Park", 3 Spyglass features accommodation with mountain views, free WiFi and free private parking. This holiday home provides accommodation with a balcony.,,,,
Oregon,Bend,43.87585,-121.43236,3 Killdeer hot Tub 2br 2ba,5.0,"""Located in Sunriver and only 29 km from Drake Park", 3 Killdeer provides accommodation with mountain views, free WiFi and free private parking. Guests staying at this holiday home have access to a balcony.,,,,
Oregon,Bend,43.87804,-121.42971,2 Quail ac hot Tub 5br 4ba,5.0,"""2 Quail is set in Sunriver", 31 km from Hollinshead Park and 28 km from Ponderosa Park, in an area where skiing can be enjoyed. The air-conditioned accommodation is 29 km from Drake Park, and guests benefit from complimentary WiFi and private parking available on site.,,,
Oregon,Bend,43.88494,-121.43646,2 Landrise ac hot Tub 4br 2ba,5.0,"""2 Landrise is set in Sunriver", 31 km from Hollinshead Park and 29 km from Ponderosa Park, in an area where skiing can be enjoyed. The air-conditioned accommodation is 30 km from Drake Park, and guests benefit from private parking available on site and free WiFi.,,,
Oregon,Bend,44.02944,-121.33985,Big Pine ac 3br 2.5ba,5.0,"""Big Pine is located in Bend", 7.7 km from Hollinshead Park and 6.1 km from Ponderosa Park, in an area where skiing can be enjoyed. The air-conditioned accommodation is 4.2 km from Drake Park, and guests benefit from complimentary WiFi and private parking available on site.,,,
Oregon,Bend,44.06102,-121.33134,Westside Walkable ac 3br 2.5ba,5.0,"""Westside Walkable is set in Bend", 4.3 km from Hollinshead Park and 5.2 km from Ponderosa Park, in an area where skiing can be enjoyed. The air-conditioned accommodation is 1.1 km from Drake Park, and guests benefit from private parking available on site and free WiFi.,,,
Oregon,Bend,44.0295,-121.33916,Wild Rapids ac 3br 2.5ba,5.0,"""Located in Bend in the Oregon region", Wild Rapids-AC-3BR/2.5BA has a balcony. The air-conditioned accommodation is 5 km from Drake Park, and guests benefit from private parking available on site and free WiFi.,,,,
Oregon,Bend,43.90526,-121.4385,Warbler 12,4.0,"""Warbler 12 is a holiday home with a balcony", set in Sunriver. Guests benefit from patio.,,,,,
Oregon,Bend,43.89012,-121.42724,Lark 12,4.0,"""Situated 21 km from Bend and 46 km from Sisters", 12 Lark offers accommodation in Sunriver. Guests benefit from balcony.,,,,,
Oregon,Bend,43.86525,-121.44363,Pioneer 7,4.0,"""Situated in Sunriver in the Oregon Region", this holiday home is 24 km from Bend. Guests benefit from balcony.,,,,,
Oregon,Bend,43.91191,-121.43706,Nine Iron 10,4.0,"""Featuring a balcony", Nine Iron 10 is a holiday home, located in Sunriver. The unit is 19 km from Bend.,,,,
Oregon,Bend,43.89032,-121.43697,Alpine 7,4.0,"""Alpine 7 is a holiday home situated in Sunriver in the Oregon Region and is 21 km from Bend. The unit is 45 km from Sisters.",,,,,,
Oregon,Bend,43.91172,-121.43748,Nine Iron 7,4.0,"""Situated in Sunriver", this holiday home is located 19 km from Bend. Guests benefit from balcony.,,,,,
Oregon,Bend,43.8873,-121.43231,Flat Top Home #2 Home,5.0,"""Situated in Bend in the Oregon region", Flat Top Home #2 Home has a patio. The air-conditioned accommodation is 28 km from Drake Park, and guests benefit from complimentary WiFi and private parking available on site.,,,,
Oregon,Bend,43.91007,-121.43104,Tournament golf View 5br 4ba,5.0,"""Featuring mountain views", 11 Tournament offers accommodation with a balcony, around 29 km from Hollinshead Park. The air-conditioned accommodation is 28 km from Drake Park, and guests benefit from private parking available on site and free WiFi.,,,
Oregon,Bend,43.86426,-121.47602,Cooper Home Home,5.0,"""Set in Sunriver", Cooper Home Home offers air-conditioned accommodation with a patio and free WiFi. This holiday home has a garden and free private parking.,,,,,
Oregon,Bend,43.89548,-121.44218,22 Rogue ac hot Tub 4br 3.5ba,5.0,"""Boasting a spa bath", 22 Rogue-AC-Hot Tub-4BR/3.5BA is situated in Sunriver. The air-conditioned accommodation is 26 km from La Pine, and guests benefit from complimentary WiFi and private parking available on site.,,,,
Oregon,Bend,44.05001,-121.33898,Golden Butte mt View 4br 2.5ba,5.0,"""Golden Butte is situated in Bend", 7.6 km from Hollinshead Park and 6.9 km from Ponderosa Park, in an area where skiing can be enjoyed. The air-conditioned accommodation is 2.3 km from Drake Park, and guests benefit from private parking available on site and free WiFi.,,,
Oregon,Bend,44.06988,-121.31765,Hillside Haven,5.0,"""Hillside Haven is located in Bend", 1.8 km from Drake Park and 4.1 km from Hollinshead Park, in an area where skiing can be enjoyed. This holiday home provides accommodation with a balcony and free WiFi.,,,,
Oregon,Bend,43.99619,-121.3992,Seventh Mountain Combo 2035 2036,5.0,"""Located in Bend", 11 km from Drake Park and 14 km from Hollinshead Park, Seventh Mountain Combo 2035/2036 offers free WiFi and air conditioning.,,,,
Oregon,Bend,43.8955,-121.43796,26 Yellow Pine 4 Br Home,5.0,"""Featuring a spa bath", 26 Yellow Pine is located in Bend. The air-conditioned accommodation is 28 km from Drake Park, and guests benefit from private parking available on site and free WiFi.,,,,
Oregon,Bend,43.88701,-121.43078,Flat Top 3 Home,5.0,"""Situated in Sunriver in the Oregon region", Flat Top 3 has a balcony. The accommodation is 25 km from La Pine, and guests benefit from complimentary WiFi and private parking available on site.,,,,
Oregon,Bend,44.005,-121.34718,Canyon Ranch ac ht 5br 3.5b,5.0,"""Boasting a spa bath", Canyon Ranch-AC-HT-5BR/3.5B is situated in Bend. The air-conditioned accommodation is 9 km from Drake Park, and guests benefit from complimentary WiFi and private parking available on site.,,,,
Oregon,Bend,43.88561,-121.4412,23 Quelah,5.0,"""Located in Sunriver and only 30 km from Drake Park", 23 Quelah provides accommodation with mountain views, free WiFi and free private parking. This holiday home offers accommodation with a balcony.,,,,
Oregon,Bend,43.8966,-121.43885,16 Yellow Pine,5.0,"""16 Yellow Pine is situated in Sunriver", 30 km from Hollinshead Park and 27 km from Ponderosa Park, in an area where skiing can be enjoyed. The air-conditioned accommodation is 29 km from Drake Park, and guests benefit from private parking available on site and free WiFi.,,,
Oregon,Bend,44.08372,-121.309,Quiet River river View 4br 3.5ba,5.0,"""Quiet River-River View-4BR/3.5BA is situated in Bend", 3.9 km from Drake Park and 5.5 km from Ponderosa Park, in an area where skiing can be enjoyed. The air-conditioned accommodation is 2.7 km from Hollinshead Park, and guests benefit from complimentary WiFi and private parking available on site.,,,
Oregon,Bend,43.89693,-121.42441,3 Witchhazel,5.0,"""Boasting a spa bath", 3 Witchhazel is set in Sunriver. The air-conditioned accommodation is 26 km from Bend.,,,,,
Oregon,Bend,44.06305,-121.32232,Nw Ogden Home Home,5.0,"""Located in Bend in the Oregon region", Nw Ogden Home Home features a patio. The air-conditioned accommodation is 1.5 km from Drake Park, and guests benefit from complimentary WiFi and private parking available on site.,,,,
Oregon,Bend,44.06889,-121.34051,Rimrock Homes At Bend,5.0,"""Boasting air-conditioned accommodation with a balcony", Rimrock, Homes at Bend is set in Bend. The property features mountain views and is 3.4 km from Drake Park and 5 km from Hollinshead Park.,,,,
Oregon,Bend,44.05467,-121.35094,Quinn Creek mt Views 4br 3.5ba,5.0,"""Situated in Bend and only 2.7 km from Drake Park", Quinn Creek features accommodation with mountain views, free WiFi and free private parking. Guests staying at this holiday home have access to a balcony.,,,,
Oregon,Bend,43.87935,-121.43918,Meadow House 21 Condo,5.0,"""Boasting a terrace and an ATM", Meadow House 21 is attractively set in Sunriver, 31 km from Hollinshead Park and 28 km from Ponderosa Park. The air-conditioned accommodation is 29 km from Drake Park, and guests benefit from complimentary WiFi and private parking available on site.,,,
Oregon,Bend,44.0525,-121.29869,Mod Pod,5.0,"""Mod Pod is set in Bend", 2.3 km from Drake Park and 2.9 km from Hollinshead Park, in an area where skiing can be enjoyed. Guests staying at this holiday home have access to free WiFi and a balcony.,,,,
Oregon,Bend,44.02513,-121.36188,Cairn Luxury Vacation Rentals At Bend,5.0,"""Situated in Bend", 6.5 km from Drake Park and 10 km from Hollinshead Park, Cairn features air-conditioned accommodation with a balcony and free WiFi.,,,,
Oregon,Bend,43.87777,-121.43211,6 Otter hot Tub 3br 2ba,5.0,"""Set in Sunriver and only 29 km from Drake Park", 6 Otter offers accommodation with mountain views, free WiFi and free private parking.,,,,
Oregon,Bend,44.05787,-121.3251,Drake Park Villa on River 3br 2.5b,5.0,"""Drake Park Villa is situated in Bend", 4 km from Hollinshead Park and 5 km from Ponderosa Park, in an area where skiing can be enjoyed. The air-conditioned accommodation is 700 metres from Drake Park, and guests benefit from complimentary WiFi and private parking available on site.,,,
Oregon,Bend,43.89137,-121.4229,Mt Baker ac hot Tub 4br 3.5ba,5.0,"""Featuring mountain views", 8 Mt Baker features accommodation with a balcony, around 28 km from Hollinshead Park. The air-conditioned accommodation is 26 km from Drake Park, and guests benefit from complimentary WiFi and private parking available on site.,,,
Oregon,Bend,43.88549,-121.43382,8 Leisure hot Tub 3br 2ba,5.0,"""8 Leisure is located in Sunriver", 31 km from Hollinshead Park and 29 km from Ponderosa Park, in an area where skiing can be enjoyed. The accommodation is 30 km from Drake Park, and guests benefit from complimentary WiFi and private parking available on site.,,,
Oregon,Bend,43.86415,-121.44996,8deschutes on River 3br 2ba,5.0,"""Boasting a spa bath", 8Deschutes-On River-3BR/2BA is situated in Sunriver. The air-conditioned accommodation is 30 km from Bend, and guests benefit from complimentary WiFi and private parking available on site.,,,,
Oregon,Bend,44.36937,-121.67201,70944 Chicory Home,5.0,"""Situated in Black Butte Ranch in the Oregon region", 70944 Chicory Home has a patio. The air-conditioned accommodation is 41 km from Redmond, and guests benefit from complimentary WiFi and private parking available on site.,,,,
Oregon,Bend,44.26004,-121.26285,Eagle Crest Resort Cabin,5.0,"""Eagle Crest Resort Cabin offers accommodation in Redmond. Bend is 23 km away.",,,,,,
Oregon,Bend,43.99669,-121.39463,Seventh Mountain,3.0,"""Located in central Oregon at the gateway to the Cascade Lakes Highway", this Bend resort is 16 miles from Mt. Bachelor ski area. Nestled along the Deschutes River, the resort features 2 outdoor pools, miniature golf, and spacious suites with full kitchens.,,
Oregon,Bend,43.85785,-121.47715,Three Rivers Lodge,5.0,"""Three Rivers Lodge is situated in Sunriver", 32 km from Drake Park and 33 km from Hollinshead Park, in an area where skiing can be enjoyed. The accommodation is 31 km from the Ponderosa Park and features free WiFi throughout the property.,,,,
Oregon,Bend,44.37154,-121.67267,Bracken Lane Golf Retreat,5.0,"""Boasting a sauna", Bracken Lane Golf Retreat (GH 86) is situated in Black Butte Ranch. It has mountain views and free WiFi throughout the property.,,,,,
Oregon,Bend,44.25783,-121.26023,Eagle Crest Golfers' Haven on the 15th Fairway,5.0,"""Eagle Crest Golfers Haven on the 15th Fairway is located in Redmond and offers free bikes. Guests benefit from complimentary WiFi and private parking available on site.",,,,,,
Oregon,Bend,44.37752,-121.65453,Country House Condo 63,5.0,"""Offering free WiFi and lake views", Country House Condo 63 is an accommodation situated in Black Butte Ranch. The air-conditioned accommodation is 14 km from Sisters.,,,,,
Oregon,Bend,44.34664,-121.63503,Black Butte Ranch: Hedge Nettle Cabin,5.0,"""Black Butte Ranch: Hedge Nettle Cabin offers accommodation in Sisters.",,,,,,
Oregon,Bend,44.03256,-121.33609,Ski Condo 233 Mt Bach Vg 2Br 2B,5.0,"""Boasting a spa bath", Ski Condo 233-Mt Bach Vg-2BR/2B is situated in Bend. This property offers access to a balcony, free private parking and free WiFi.,,,,
Oregon,Bend,43.82326,-121.45027,Bend Sunriver Camping Resort Cottage 1,5.0,"""Bend-Sunriver Camping Resort Cottage 1 features air-conditioned guest accommodation in Sunriver", 34 km from Drake Park, 35 km from Hollinshead Park and 32 km from Ponderosa Park.,,,,
Oregon,Bend,43.82326,-121.45027,Bend Sunriver Camping Resort Cottage 2,5.0,"""Situated in Sunriver", Bend-Sunriver Camping Resort Cottage 2 offers accommodation with a patio and free WiFi.,,,,,
Oregon,Bend,43.82326,-121.45027,Bend Sunriver Camping Resort Cottage 3,5.0,"""Located in Sunriver", Bend-Sunriver Camping Resort Cottage 3 offers accommodation with a patio and free WiFi.,,,,,
Oregon,Bend,43.82326,-121.45027,Bend Sunriver Camping Resort Cottage 4,5.0,"""Located in Sunriver", Bend-Sunriver Camping Resort Cottage 4 offers accommodation with a patio and free WiFi.,,,,,
Oregon,Bend,43.82326,-121.45027,Bend Sunriver Camping Resort Cabin 5,5.0,"""Bend-Sunriver Camping Resort Two-Bedroom Cabin 5 features air-conditioned guest accommodation in Sunriver", 34 km from Drake Park, 35 km from Hollinshead Park and 32 km from Ponderosa Park.,,,,
Oregon,Bend,43.82326,-121.45027,Bend Sunriver Camping Resort Studio Cabin 6,5.0,"""Bend-Sunriver Camping Resort Studio Cabin 6 has air-conditioned guest accommodation in Sunriver", 34 km from Drake Park, 35 km from Hollinshead Park and 32 km from Ponderosa Park.,,,,
Oregon,Bend,43.82326,-121.45027,Bend Sunriver Camping Resort Cabin 7,5.0,"""Bend-Sunriver Camping Resort Two-Bedroom Cabin 7 has air-conditioned guest accommodation in Sunriver", 34 km from Drake Park, 35 km from Hollinshead Park and 32 km from Ponderosa Park.,,,,
Oregon,Bend,43.82326,-121.45027,Bend Sunriver Camping Resort Studio Cabin 8,5.0,"""Bend-Sunriver Camping Resort Studio Cabin 8 has air-conditioned guest accommodation in Sunriver", 34 km from Drake Park, 35 km from Hollinshead Park and 32 km from Ponderosa Park.,,,,
Oregon,Bend,43.82326,-121.45027,Bend Sunriver Camping Resort 24 ft. Yurt 9,5.0,"""Situated within 34 km of Drake Park and 35 km of Hollinshead Park in Sunriver", Bend-Sunriver Camping Resort 24 ft. Yurt 9 features accommodation with seating area.,,,,,
Oregon,Bend,43.82326,-121.45027,Bend Sunriver Camping Resort 24 ft. Yurt 12,5.0,"""Set within 34 km of Drake Park and 35 km of Hollinshead Park in Sunriver", Bend-Sunriver Camping Resort 24 ft. Yurt 12 offers accommodation with seating area.,,,,,
Oregon,Bend,43.82326,-121.45027,Bend Sunriver Camping Resort Wheelchair Accessible Yurt 13,5.0,"""Set within 34 km of Drake Park and 35 km of Hollinshead Park in Sunriver", Bend-Sunriver Camping Resort Wheelchair Accessible Yurt 13 offers accommodation with seating area.,,,,,
Oregon,Bend,43.82326,-121.45027,Bend Sunriver Camping Resort 24 ft. Yurt 16,5.0,"""Situated within 34 km of Drake Park and 35 km of Hollinshead Park in Sunriver", Bend-Sunriver Camping Resort 24 ft. Yurt 16 features accommodation with seating area.,,,,,
Oregon,Bend,43.89452,-121.42418,39 Poplar,5.0,"""39 Poplar is situated in Sunriver", 20 km from Bend.,,,,,
Oregon,Bend,43.87531,-121.43214,Cozy Jay Cabin,5.0,"""Cozy Jay Cabin is set in Sunriver", 22 km from Bend and 47 km from Sisters.,,,,,
Oregon,Bend,43.88748,-121.42231,6 East Butte Lane,5.0,"""6 East Butte Lane is located in Sunriver", 21 km from Bend. Guests can enjoy the private hot tub, gas grill, and free WiFi.,,,
Oregon,Bend,43.88663,-121.43409,1 Pine Mountain,5.0,"""1 Pine Mountain is located in Sunriver", 21 km from Bend.,,,,,
Oregon,Bend,43.91345,-121.43242,1 Prostaff,5.0,"""1 Prostaff is set in Sunriver", 19 km from Bend and 43 km from Sisters.,,,,,
Oregon,Bend,44.3123,-121.58757,Peters Tollgate Cabin,5.0,"""Peters Tollgate Cabin offers accommodation in Sisters.",,,,,,
Oregon,Bend,44.26912,-121.26021,Mid Century Deschutes River Cabin,5.0,"""Mid Century Deschutes River Cabin offers accommodation in Redmond.",,,,,,
Oregon,Bend,43.902,-121.4189,31 Maury Mountain Ln,5.0,"""Located in Sunriver", 27 km from Drake Park and 28 km from Hollinshead Park, 31 Maury Mountain Ln offers free WiFi and air conditioning. The holiday home is in an area where guests can engage in activities such as skiing and cycling.,,,,
Oregon,Bend,43.85007,-121.43841,Trailmere Circle Caldera Springs Sunriver,5.0,"""Located in Sunriver", 30 km from Drake Park and 32 km from Hollinshead Park, Trailmere Circle Caldera Springs Sunriver provides air-conditioned accommodation with a patio and free WiFi.,,,,
Oregon,Bend,43.89635,-121.42986,Vine Maple golf View 5br 4.5ba,5.0,"""11 Vine Maple is set in Sunriver", 29 km from Hollinshead Park and 26 km from Ponderosa Park, in an area where skiing can be enjoyed. The air-conditioned accommodation is 27 km from Drake Park, and guests benefit from private parking available on site and free WiFi.,,,
Oregon,Bend,43.87017,-121.44064,2 Fawn Lane,5.0,"""2 Fawn Lane is situated in Sunriver", 23 km from Bend.,,,,,
Oregon,Bend,44.34596,-121.63999,Black Butte Ranch: Nw Contemporary,5.0,"""Black Butte Ranch: NW Contemporary is located in Sisters", 41 km from Bend.,,,,,
Oregon,Bend,43.87903,-121.43912,17 Meadow House,5.0,"""17 Meadow House offers accommodation in Sunriver.",,,,,,
Oregon,Bend,43.88777,-121.43132,7 Flat Top,5.0,"""7 Flat Top is located in Sunriver", 21 km from Bend.,,,,,
Oregon,Bend,44.27402,-121.29317,Eagle Crest Juniper Forest Retreat,5.0,"""Eagle Crest Juniper Forest Retreat offers accommodation in Redmond.",,,,,,
Oregon,Bend,43.88424,-121.43195,3 Lofty Lane,5.0,"""3 Lofty Lane is set in Sunriver", 22 km from Bend and 46 km from Sisters.,,,,,
Oregon,Bend,43.88943,-121.4259,17 Camas Lane,5.0,"""17 Camas Lane is set in Sunriver", 21 km from Bend and 46 km from Sisters.,,,,,
Oregon,Bend,43.89403,-121.42126,5 Dutchman,5.0,"""5 Dutchman offers accommodation in Sunriver with a private hot tub.",,,,,,
Oregon,Bend,44.27342,-121.26637,Eagle Crest Nature Retreat,5.0,"""Eagle Crest Nature Retreat offers accommodation in Redmond.",,,,,,
Oregon,Bend,44.03268,-121.33443,Mt Bachelor Village Ski House # 262,5.0,"""Mt Bachelor Village Ski House # 262 is set in Bend", 3 km from Drake Park.,,,,,
Oregon,Bend,44.36207,-121.64878,Black Butte Ranch: Partridge Foot Cabin Lot #rr83,5.0,"""Black Butte Ranch: Partridge Foot Cabin lot #RR83 offers accommodation in Sisters.",,,,,,
Oregon,Bend,43.89907,-121.44969,3 Fir Cone Lane,5.0,"""3 Fir Cone Lane is set in Sunriver", 24 km from Bend and 48 km from Sisters.,,,,,
Oregon,Bend,43.8966,-121.42575,15 Filbert,5.0,"""15 Filbert is located in Sunriver", 20 km from Bend and 45 km from Sisters.,,,,,
Oregon,Bend,44.35603,-121.65489,Black Butte Ranch: South Meadow Contemporary,5.0,"""Black Butte Ranch: South Meadow Contemporary is situated in Sisters", 43 km from Bend.,,,,,
Oregon,Bend,44.28569,-121.54889,Sisters: Whychus Creek Craftsman,5.0,"""Sisters: Whychus Creek Craftsman is set in Sisters", 32 km from Bend.,,,,,
Oregon,Bend,43.90492,-121.42678,28 Cypress,5.0,"""28 Cypress is situated in Sunriver", 19 km from Bend.,,,,,
Oregon,Bend,43.90072,-121.43105,Catkin Lane 04 Discover Sunriver,5.0,"""Catkin Lane 04", Discover Sunriver is situated in Sunriver, 20 km from Bend.,,,,
Oregon,Bend,43.86753,-121.44555,Fairway Lane 1 Discover Sunriver,5.0,"""Fairway Lane 1", Discover Sunriver is set in Sunriver, 24 km from Bend.,,,,
Oregon,Bend,43.90453,-121.43584,Fairway Village 28 Discover Sunriver,5.0,"""Fairway Village 28", Discover Sunriver is situated in Sunriver, 20 km from Bend.,,,,
Oregon,Bend,43.89608,-121.44891,Golden Eagle Lane 17 Discover Sunriver,5.0,"""Golden Eagle Lane 17", Discover Sunriver is located in Sunriver, 21 km from Bend and 45 km from Sisters.,,,,
Oregon,Bend,43.8731,-121.43262,Hare Lane 05 Discover Sunriver,5.0,"""Hare Lane 05", Discover Sunriver offers accommodation in Sunriver.,,,,,
Oregon,Bend,43.88842,-121.43339,Lava Butte Lane 03 Discover Sunriver,5.0,"""Lava Butte Lane 03", Discover Sunriver is located in Sunriver, 21 km from Bend and 46 km from Sisters.,,,,
Oregon,Bend,43.8846,-121.42536,Lava Top Lane 05 Discover Sunriver,5.0,"""Lava Top Lane 05", Discover Sunriver offers accommodation in Sunriver.,,,,,
Oregon,Bend,43.87622,-121.43173,Lynx Lane 08 Discover Sunriver,5.0,"""Lynx Lane 08", Discover Sunriver is situated in Sunriver, 22 km from Bend.,,,,
Oregon,Bend,43.87882,-121.43882,Meadow House 11 Discover Sunriver,5.0,"""Meadow House 11", Discover Sunriver offers accommodation in Sunriver.,,,,,
Oregon,Bend,43.91018,-121.43142,Tournament Lane 18 Discover Sunriver,5.0,"""Tournament Lane 18", Discover Sunriver is located in Sunriver, 19 km from Bend.,,,,
Oregon,Bend,43.87904,-121.43905,Meadow House 15 Discover Sunriver,5.0,"""Meadow House 15", Discover Sunriver is situated in Sunriver, 22 km from Bend and 47 km from Sisters.,,,,
Oregon,Bend,43.90529,-121.43579,Tokatee Lane 25 Discover Sunriver,5.0,"""Tokatee Lane 25", Discover Sunriver is located in Sunriver, 20 km from Bend.,,,,
Oregon,Bend,43.87895,-121.43958,Meadow House 19 Discover Sunriver,5.0,"""Meadow House 19", Discover Sunriver is situated in Sunriver, 22 km from Bend and 47 km from Sisters.,,,,
Oregon,Bend,43.87727,-121.43932,Meadow House 30 Discover Sunriver,5.0,"""Meadow House 30", Discover Sunriver is set in Sunriver, 22 km from Bend.,,,,
Oregon,Bend,43.89084,-121.44145,10 Todd Lane Discover Sunriver,5.0,"""10 Todd Lane", Discover Sunriver is set in Sunriver, 21 km from Bend.,,,,
Oregon,Bend,43.88101,-121.44014,Meadow House 76 Discover Sunriver,5.0,"""Meadow House 76", Discover Sunriver is located in Sunriver, 22 km from Bend and 47 km from Sisters.,,,,
Oregon,Bend,43.8987,-121.42449,Shagbark Lane 21 Discover Sunriver,5.0,"""Shagbark Lane 21", Discover Sunriver is situated in Sunriver, 20 km from Bend.,,,,
Oregon,Bend,43.90223,-121.41733,Oregon Loop 8 Discover Sunriver,5.0,"""Oregon Loop 8", Discover Sunriver is set in Sunriver, 19 km from Bend and 45 km from Sisters.,,,,
Oregon,Bend,43.89864,-121.41912,Mt Rainier Lane 07 Discover Sunriver,5.0,"""Mt Rainier Lane 07", Discover Sunriver offers accommodation in Sunriver.,,,,,
Oregon,Bend,43.8804,-121.43497,Mt View 10 Discover Sunriver,5.0,"""Mt View 10", Discover Sunriver is located in Sunriver, 22 km from Bend.,,,,
Oregon,Bend,43.88113,-121.43415,Mt View Condo 22 Discover Sunriver,5.0,"""Mt View Condo 22", Discover Sunriver offers accommodation in Sunriver.,,,,,
Oregon,Bend,43.87363,-121.43331,Fox Lane 09 Discover Sunriver,5.0,"""Fox Lane 09", Discover Sunriver is located in Sunriver, 23 km from Bend and 47 km from Sisters.,,,,
Oregon,Bend,43.88759,-121.43211,Flat Top Lane 05 Discover Sunriver,5.0,"""Flat Top Lane 05", Discover Sunriver is set in Sunriver, 21 km from Bend and 46 km from Sisters.,,,,
Oregon,Bend,43.88174,-121.43334,Mt View 33 Discover Sunriver,5.0,"""Mt View 33", Discover Sunriver offers accommodation in Sunriver.,,,,,
Oregon,Bend,43.90851,-121.43719,Five Iron Lane 05 Discover Sunriver,5.0,"""Five Iron Lane 05", Discover Sunriver is situated in Sunriver, 19 km from Bend.,,,,
Oregon,Bend,43.89672,-121.42619,Filbert Lane 13 Discover Sunriver,5.0,"""Filbert Lane 13", Discover Sunriver is located in Sunriver, 20 km from Bend and 45 km from Sisters.,,,,
Oregon,Bend,43.88293,-121.43762,Mt View 7 Discover Sunriver,5.0,"""Mt View Lane 7", Discover Sunriver is set in Sunriver, 22 km from Bend.,,,,
Oregon,Bend,43.90713,-121.42714,Cypress Lane 06 Discover Sunriver,5.0,"""Cypress Lane 06", Discover Sunriver is situated in Sunriver, 19 km from Bend.,,,,
Oregon,Bend,43.90165,-121.43273,Eaglewood 3 Discover Sunriver,5.0,"""Eaglewood 3", Discover Sunriver is located in Sunriver, 20 km from Bend.,,,,
Oregon,Bend,43.88293,-121.43762,Mt View Lane 7 Discover Sunriver,5.0,"""Mt View Lane 7", Discover Sunriver is set in Sunriver, 22 km from Bend.,,,,
Oregon,Bend,43.87727,-121.43191,Muskrat Lane 05 Discover Sunriver,5.0,"""Muskrat Lane 05", Discover Sunriver is situated in Sunriver, 22 km from Bend and 47 km from Sisters.,,,,
Oregon,Bend,43.8891,-121.43692,Newberry Lane 10 Discover Sunriver,5.0,"""Newberry Lane 10", Discover Sunriver is situated in Sunriver, 21 km from Bend and 46 km from Sisters.,,,,
Oregon,Bend,43.87822,-121.43124,Otter Lane 11 Discover Sunriver,5.0,"""Otter Lane 11", Discover Sunriver offers accommodation in Sunriver.,,,,,
Oregon,Bend,43.87801,-121.43098,Otter Lane 12 Discover Sunriver,5.0,"""Otter Lane 12", Discover Sunriver is set in Sunriver, 22 km from Bend and 47 km from Sisters.,,,,
Oregon,Bend,43.89476,-121.4225,Poplar 12 Discover Sunriver,5.0,"""Poplar 12", Discover Sunriver offers accommodation in Sunriver.,,,,,
Oregon,Bend,43.88853,-121.44045,Circle 4 Ranch 31 Discover Sunriver,5.0,"""Circle 4 Ranch 31", Discover Sunriver is set in Sunriver, 21 km from Bend and 46 km from Sisters.,,,,
Oregon,Bend,43.86807,-121.44104,Central Lane 03 Discover Sunriver,5.0,"""Central Lane 03", Discover Sunriver is located in Sunriver, 24 km from Bend.,,,,
Oregon,Bend,43.88856,-121.43949,Circle 4 Ranch 25 Discover Sunriver,5.0,"""Circle 4 Ranch 25", Discover Sunriver offers accommodation in Sunriver.,,,,,
Oregon,Bend,43.89394,-121.44524,Aspen Lane 03 Discover Sunriver,5.0,"""Aspen Lane 03", Discover Sunriver is situated in Sunriver, 21 km from Bend and 45 km from Sisters.,,,,
Oregon,Bend,43.88398,-121.44231,Quelah Condo 4 Discover Sunriver,5.0,"""Quelah Condo 4", Discover Sunriver offers accommodation in Sunriver.,,,,,
Oregon,Bend,43.88703,-121.42782,Cedar Lane 11 Discover Sunriver,5.0,"""Cedar Lane 11", Discover Sunriver is set in Sunriver, 21 km from Bend and 46 km from Sisters.,,,,
Oregon,Bend,43.8845,-121.44323,Quelah Condo 73 Discover Sunriver,5.0,"""Quelah Condo 73", Discover Sunriver is located in Sunriver, 22 km from Bend.,,,,
Oregon,Bend,43.8989,-121.43475,Big Leaf Lane 28 Discover Sunriver,5.0,"""Big Leaf Lane 28", Discover Sunriver is situated in Sunriver, 20 km from Bend.,,,,
Oregon,Bend,43.88494,-121.44235,Quelah Lane 7 Discover Sunriver,5.0,"""Quelah Lane 7", Discover Sunriver is located in Sunriver, 22 km from Bend.,,,,
Oregon,Bend,43.89825,-121.43395,Big Leaf 33 Discover Sunriver,5.0,"""Big Leaf 33", Discover Sunriver offers accommodation in Sunriver.,,,,,
Oregon,Bend,43.88784,-121.44098,Ranch Cabin 12 Discover Sunriver,5.0,"""Ranch Cabin 12", Discover Sunriver is located in Sunriver, 22 km from Bend and 46 km from Sisters.,,,,
Oregon,Bend,43.88859,-121.42837,Awbrey Lane 08 Discover Sunriver,5.0,"""Awbrey Lane 08", Discover Sunriver is situated in Sunriver, 21 km from Bend and 46 km from Sisters.,,,,
Oregon,Bend,43.89304,-121.43282,Red Cedar 42 Discover Sunriver,5.0,"""Red Cedar 42", Discover Sunriver is located in Sunriver, 21 km from Bend.,,,,
Oregon,Bend,43.87511,-121.43905,Augusta Lane 01 Discover Sunriver,5.0,"""Augusta Lane 01", Discover Sunriver is located in Sunriver, 23 km from Bend.,,,,
Oregon,Bend,43.8923,-121.43261,Red Cedar 26 Discover Sunriver,5.0,"""Red Cedar 26", Discover Sunriver offers accommodation in Sunriver.,,,,,
Oregon,Bend,43.89296,-121.4451,Aspen Lane 22 Discover Sunriver,5.0,"""Aspen Lane 22", Discover Sunriver is set in Sunriver, 21 km from Bend.,,,,
Oregon,Bend,43.87277,-121.4321,Sunriver Deer 9,4.0,"""Sunriver-Deer 9 offers accommodation in Sunriver", 23 km from Bend and 47 km from Sisters. Guests benefit from balcony.,,,,,
Oregon,Bend,43.8882,-121.44077,Ranch Cabin 17,4.0,"""Situated in Sunriver", this holiday home is 22 km from Bend. The unit is 46 km from Sisters.,,,,,
Oregon,Bend,43.89497,-121.42694,Tan Oak 36,4.0,"""Located in Sunriver", this air-conditioned holiday home features a balcony. The unit is 20 km from Bend.,,,,,
Oregon,Bend,43.88979,-121.43162,Hoodoo 5,4.0,"""Set 21 km from Bend and 46 km from Sisters", Hoodoo 5 offers accommodation in Sunriver. Guests benefit from balcony.,,,,,
Oregon,Bend,43.89868,-121.43548,Big Leaf 25,4.0,"""Big Leaf 25 is a holiday home set in Sunriver", 20 km from Bend. Guests benefit from balcony.,,,,,
Oregon,Bend,43.87013,-121.43715,Backwoods 3,4.0,"""3 Backwoods offers accommodation in Sunriver", 23 km from Bend. The air-conditioned unit is 48 km from Sisters.,,,,,
Oregon,Bend,43.88532,-121.43497,Leisure 4,4.0,"""Leisure 4 is a holiday home with a balcony", situated in Sunriver. The air-conditioned unit is 22 km from Bend.,,,,,
Oregon,Bend,43.89558,-121.42683,Tan Oak 33,4.0,"""Tan Oak 33 is a holiday home with a balcony", situated in Sunriver in the Oregon Region. The unit is 20 km from Bend.,,,,,
Oregon,Bend,43.86768,-121.45179,Vista 16,4.0,"""16 Vista is a holiday home with a balcony", set in Sunriver. Guests benefit from patio.,,,,,
Oregon,Bend,43.8922,-121.42262,Mt Baker 5,4.0,"""Mt Baker 5 is a holiday home set in Sunriver", 20 km from Bend. The air-conditioned unit is 46 km from Sisters.,,,,,
Oregon,Bend,43.89867,-121.44518,Goldfinch 5,4.0,"""Set in Sunriver", this holiday home is situated 21 km from Bend. The unit is 44 km from Sisters.,,,,,
Oregon,Bend,43.87441,-121.43328,Grizzly 5,4.0,"""5 Grizzly is a holiday home situated in Sunriver in the Oregon Region and is 23 km from Bend. Guests benefit from balcony.",,,,,,
Oregon,Bend,43.8637,-121.43387,56856 Enterprise Dr Condo Unit I6,5.0,"""Situated in Sunriver in the Oregon region", 56856 Enterprise Dr Condo Unit I6 has a patio. The accommodation is 28 km from Bend, and guests benefit from private parking available on site and free WiFi.,,,,
Oregon,Bend,44.05165,-121.3278,Albany close To Old Mill 3br 2ba,5.0,"""Albany is set in Bend", 6 km from Hollinshead Park and 5.3 km from Ponderosa Park, in an area where skiing can be enjoyed. The air-conditioned accommodation is 1.2 km from Drake Park, and guests benefit from private parking available on site and free WiFi.,,,
Oregon,Bend,43.87695,-121.4398,1 Cherrywood Golf View 5 Br 3ba,5.0,"""1 Colonial is set in Sunriver", 31 km from Hollinshead Park and 28 km from Ponderosa Park, in an area where skiing can be enjoyed. The air-conditioned accommodation is 29 km from Drake Park, and guests benefit from complimentary WiFi and private parking available on site.,,,
Oregon,Bend,43.89633,-121.43034,5 Vine Maple Golf View 6br 6ba,5.0,"""5 Vine Maple is situated in Sunriver", 29 km from Hollinshead Park and 26 km from Ponderosa Park, in an area where skiing can be enjoyed. The air-conditioned accommodation is 27 km from Drake Park, and guests benefit from private parking available on site and free WiFi.,,,
Oregon,Bend,43.88584,-121.42888,Quartz Mountain 8,4.0,"""Situated in Sunriver in the Oregon Region", this holiday home is 21 km from Bend. Guests benefit from balcony.,,,,,
Oregon,Bend,43.88763,-121.42668,Sunriver Conifer 7,4.0,"""Situated in Sunriver in the Oregon Region", this holiday home is 21 km from Bend. The air-conditioned unit is 46 km from Sisters.,,,,,
Oregon,Bend,43.8718,-121.43257,Sunriver Deer 1,4.0,"""Featuring a balcony", Sunriver-Deer 1 is a holiday home, situated in Sunriver. Guests benefit from patio.,,,,
Oregon,Bend,44.26936,-121.30577,Eagle Crest Village Lp Getaway,5.0,"""Eagle Crest Village Lp Getaway offers accommodation in Redmond. Bend is 24 km from the property.",,,,,,
Oregon,Bend,43.8985,-121.41545,Mt Rose 2,4.0,"""Mt Rose 2 offers accommodation in Sunriver", 20 km from Bend and 45 km from Sisters. Guests benefit from balcony.,,,,,
Oregon,Bend,43.88935,-121.42713,Lark 7,4.0,"""Lark 7 is a holiday home situated in Sunriver", 21 km from Bend. The unit is 46 km from Sisters.,,,,,
Oregon,Bend,43.89039,-121.42424,Sunriver Big Leaf 7,4.0,"""Sunriver-Big Leaf 7 is a holiday home with a balcony", situated in Sunriver. The air-conditioned unit is 20 km from Bend.,,,,,
Oregon,Bend,43.89328,-121.4322,Red Cedar 49,4.0,"""Located 21 km from Bend and 45 km from Sisters", 49 Red Cedar offers accommodation in Sunriver. Guests benefit from balcony.,,,,,
Oregon,Bend,43.89489,-121.42983,Vine Maple 21,4.0,"""Located in Sunriver", this holiday home is set 20 km from Bend. Guests benefit from balcony.,,,,,
Oregon,Bend,43.87115,-121.43118,Sunriver Coyote 19,4.0,"""Sunriver-Coyote 19 is a holiday home situated in Sunriver", 23 km from Bend. Guests benefit from balcony.,,,,,
Oregon,Bend,43.88668,-121.42297,Diamond Peak 23,4.0,"""23 Diamond Peak is a holiday home with a balcony", situated in Sunriver. The unit is 21 km from Bend.,,,,,
Oregon,Bend,43.89822,-121.41553,Mt Rose 11,4.0,"""Mt Rose 11 is a holiday home set in Sunriver in the Oregon Region and is 20 km from Bend. Guests benefit from balcony.",,,,,,
Oregon,Bend,43.89168,-121.41876,Rager Mountain 13,4.0,"""Rager Mountain 13 is a holiday home set in Sunriver in the Oregon Region and is 20 km from Bend. Guests benefit from balcony.",,,,,,
Oregon,Bend,43.88728,-121.4205,Ashwood 4,4.0,"""Located in Sunriver", this holiday home is 21 km from Bend. The air-conditioned unit is 46 km from Sisters.,,,,,
Oregon,Bend,43.89105,-121.44135,Todd Lane 1,4.0,"""Set in Sunriver in the Oregon Region", this holiday home is 21 km from Bend. Guests benefit from balcony.,,,,,
Oregon,Bend,43.88584,-121.42183,Juniper 18,4.0,"""Featuring a balcony", Juniper 18 is a holiday home, set in Sunriver. Guests benefit from patio.,,,,
Oregon,Bend,43.88875,-121.41884,Timber 3,4.0,"""Situated 21 km from Bend and 46 km from Sisters", Timber 3 offers accommodation in Sunriver. Guests benefit from balcony.,,,,,
Oregon,Bend,43.88362,-121.44284,Quelah Condo 20,4.0,"""20 Quelah Condo is a holiday home set in Sunriver in the Oregon Region and is 22 km from Bend. Guests benefit from balcony.",,,,,,
Oregon,Bend,43.90598,-121.43558,Tokatee 32,4.0,"""32 Tokatee is a holiday home located in Sunriver in the Oregon Region and is 20 km from Bend. The air-conditioned unit is 44 km from Sisters.",,,,,,
Oregon,Bend,43.90599,-121.43666,Tokatee 38,4.0,"""Situated 20 km from Bend and 44 km from Sisters", 38 Tokatee offers accommodation in Sunriver. Guests benefit from balcony.,,,,,
Oregon,Bend,43.89525,-121.4416,Rogue 3,4.0,"""3 Rogue is a holiday home set in Sunriver", 21 km from Bend. Guests benefit from balcony.,,,,,
Oregon,Bend,43.89456,-121.41898,Splitrock 8,4.0,"""Splitrock 8 offers accommodation in Sunriver", 20 km from Bend. Guests benefit from balcony.,,,,,
Oregon,Bend,43.89809,-121.43747,Big Leaf 18,4.0,"""Sunriver-Big Leaf 18 is a holiday home located in Sunriver", 20 km from Bend. The air-conditioned unit is 45 km from Sisters.,,,,,
Oregon,Bend,43.89586,-121.42008,Dutchman 12,4.0,"""Dutchman 12 offers accommodation in Sunriver. The air-conditioned unit is 20 km from Bend.",,,,,,
Oregon,Bend,43.87568,-121.4317,Lynx 5 Cabin In The Woods,4.0,"""Lynx 5 is a holiday home located in Sunriver", 22 km from Bend. The air-conditioned unit is 47 km from Sisters.,,,,,
Oregon,Bend,43.88312,-121.43575,Fifteenth Tee 1,4.0,"""Set in Sunriver in the Oregon Region", this holiday home is 22 km from Bend. Guests benefit from balcony.,,,,,
Oregon,Bend,43.88678,-121.427,Cedar Lane 3,4.0,"""Set in Sunriver", this holiday home is situated 21 km from Bend. Guests benefit from balcony.,,,,,
Oregon,Bend,43.87881,-121.4404,Meadow Hse Cndo 49,4.0,"""Located 22 km from Bend and 47 km from Sisters", Meadow Hse Cndo 49 offers accommodation in Sunriver. Guests benefit from balcony.,,,,,
Oregon,Bend,43.8771,-121.43204,Muskrat 4,4.0,"""4 Muskrat is a holiday home is located in Sunriver and is 22 km from Bend. Guests benefit from balcony.",,,,,,
Oregon,Bend,43.87127,-121.43125,Coyote 20,4.0,"""Coyote 20 is a holiday home set in Sunriver", 23 km from Bend. Guests benefit from balcony.,,,,,
Oregon,Bend,43.8979,-121.41555,Mt Rose 9,4.0,"""Located 20 km from Bend", Mt Rose 9 offers accommodation in Sunriver. The air-conditioned unit is 45 km from Sisters.,,,,,
Oregon,Bend,43.8857,-121.42201,Juniper 9,4.0,"""Featuring a balcony", Juniper 9 is a holiday home, situated in Sunriver. Guests benefit from patio.,,,,
Oregon,Bend,43.90319,-121.43833,Topflite 3,4.0,"""3 Topflite is a holiday home situated in Sunriver in the Oregon Region and is 20 km from Bend. Guests benefit from balcony.",,,,,,
Oregon,Bend,43.87782,-121.43852,Meadow Hse Cndo 5,4.0,"""Set in Sunriver", this air-conditioned apartment features a balcony. Guests benefit from patio.,,,,,
Oregon,Bend,43.88779,-121.42318,East Butte 11,4.0,"""11 East Butte is a holiday home with a balcony", located in Sunriver in the Oregon Region. The unit is 21 km from Bend.,,,,,
Oregon,Bend,43.89583,-121.42055,Dutchman 17,4.0,"""Dutchman 17 offers accommodation in Sunriver", 20 km from Bend and 45 km from Sisters. Guests benefit from balcony.,,,,,
Oregon,Bend,43.88942,-121.4321,Hoodoo 3,4.0,"""Situated in Sunriver in the Oregon Region", this holiday home is 21 km from Bend. The unit is 46 km from Sisters.,,,,,
Oregon,Bend,43.89928,-121.42146,Belknap 3,4.0,"""3 Belknap is a holiday home set in Sunriver in the Oregon Region and is 20 km from Bend. The air-conditioned unit is 45 km from Sisters.",,,,,,
Oregon,Bend,43.87805,-121.43842,Meadow Hse Cndo 8,4.0,"""Set 22 km from Bend and 46 km from Sisters", Meadow Hse Cndo 8 offers accommodation in Sunriver. Guests benefit from balcony.,,,,,
Oregon,Bend,43.8744,-121.43325,Grizzly 6,4.0,"""Featuring a balcony", 6 Grizzly is a holiday home, located in Sunriver. The air-conditioned unit is 23 km from Bend.,,,,
Oregon,Bend,44.25999,-121.25327,Refined 3br Golf Resort Condo,5.0,"""Boasting air-conditioned accommodation with a patio", Refined 3BR Golf Resort Condo is situated in Redmond. Guests benefit from a balcony and a childrens playground.,,,,,
Oregon,Bend,44.2886,-121.5568,Mountain Sage,5.0,"""Situated in Sisters in the Oregon region", Mountain Sage has a balcony. The air-conditioned accommodation is 35 km from Hollinshead Park, and guests benefit from private parking available on site and free WiFi.,,,,
Oregon,Bend,43.86968,-121.43799,Woodland 2,4.0,"""Situated in Sunriver", this holiday home is located 23 km from Bend. The unit is 48 km from Sisters.,,,,,
Oregon,Bend,43.87961,-121.43002,Puma 9,4.0,"""Situated 22 km from Bend and 47 km from Sisters", 9 Puma offers accommodation in Sunriver. Guests benefit from balcony.,,,,,
Oregon,Bend,43.88367,-121.44097,Skyline Condo 13,4.0,"""Located in Sunriver", this apartment is 22 km from Bend. Guests benefit from balcony.,,,,,
Oregon,Bend,43.90212,-121.438,Topflite 12,4.0,"""12 Topflite is a holiday home is located in Sunriver and is 20 km from Bend. The unit is 44 km from Sisters.",,,,,,
Oregon,Bend,43.85007,-121.47652,Indio Road 16997,4.0,"""Indio Road 16997 is a holiday home with a balcony", situated in Sunriver. The unit is 27 km from Bend.,,,,,
Oregon,Bend,43.87273,-121.43201,Deer 18 Home,5.0,"""Located in Sunriver", 29 km from Drake Park, 30 km from Hollinshead Park and 27 km from Ponderosa Park, Deer 18 provides accommodation with a balcony and free WiFi.,,,
Oregon,Bend,44.2954,-121.5304,Meadow View Cabin,5.0,"""Offering free WiFi and mountain views", Meadow View Cabin is an accommodation set in Sisters. The holiday home is in an area where guests can engage in activities such as skiing and cycling.,,,,,
Oregon,Bend,44.08514,-121.27924,Earth Water Fire,5.0,"""Set in Bend", 2.1 km from Hollinshead Park and 5 km from Drake Park, Earth Water Fire offers air-conditioned accommodation with a balcony and free WiFi. The holiday home is 5 km from Ponderosa Park.,,,,
Oregon,Bend,44.30701,-121.48491,16973 Buck Horn Dr Home,5.0,"""Located in Sisters in the Oregon region", 16973 Buck Horn Dr Home features a patio. The air-conditioned accommodation is 46 km from Madras, and guests benefit from complimentary WiFi and private parking available on site.,,,,
Oregon,Bend,43.87605,-121.43226,2 Killdeer Hot Tub 3Br 2Ba,5.0,"""Set in Sunriver in the Oregon region", 2 Killdeer has a balcony and mountain views. The air-conditioned accommodation is 29 km from Drake Park, and guests benefit from private parking available on site and free WiFi.,,,,
Oregon,Bend,43.90396,-121.43633,Fairway Village 12 Condo,5.0,"""Set in Sunriver in the Oregon region", Fairway Village 12 has a balcony and pool views. The air-conditioned accommodation is 27 km from La Pine, and guests benefit from private parking available on site and free WiFi.,,,,
Oregon,Bend,44.2892,-121.5559,Big Mountain View Condo 2 Bathrooms Condo,5.0,"""Featuring a hot tub", Big Mountain View Condo is located in Sisters. The air-conditioned accommodation is 35 km from Hollinshead Park, and guests benefit from private parking available on site and free WiFi.,,,,
Oregon,Bend,43.87285,-121.43198,Deer Lane 10,4.0,"""Deer 10 is a holiday home with a balcony", set in Sunriver in the Oregon Region. The air-conditioned unit is 23 km from Bend.,,,,,
Oregon,Bend,43.87035,-121.43112,Sunriver Coyote 8,4.0,"""Sunriver-Coyote 8 is a holiday home located in Sunriver", 23 km from Bend. The unit is 48 km from Sisters.,,,,,
Oregon,Bend,43.89131,-121.44122,Todd 11,4.0,"""Todd 11 is a holiday home located in Sunriver", 21 km from Bend. Guests benefit from balcony.,,,,,
Oregon,Bend,43.89579,-121.4181,Splitrock 13,4.0,"""Situated in Sunriver in the Oregon Region", this holiday home is 20 km from Bend. Guests benefit from balcony.,,,,,
Oregon,Bend,43.89623,-121.43486,2 Cherrywood,5.0,"""2 Cherrywood offers accommodation in Sunriver. Bend is 21 km from the property.",,,,,,
Oregon,Bend,43.88166,-121.43353,31 Mtn. View Condo,5.0,"""31 Mtn. View Condo is set in Sunriver", 22 km from Bend.,,,,,
Oregon,Bend,43.87119,-121.43361,Sunriver Vacation Home,5.0,"""Sunriver Vacation Home is situated in Sunriver and offers free bikes. The accommodation is 28 km from Bend", and guests benefit from complimentary WiFi and private parking available on site.,,,,,
Oregon,Bend,43.88763,-121.42736,Conifer Lane 01 Discover Sunriver,5.0,"""Situated in Sunriver", within 29 km of Hollinshead Park and 26 km of Ponderosa Park, Conifer Lane 01, Discover Sunriver offers accommodation with free WiFi throughout the property. The property is non-smoking and is set 27 km from Drake Park.,,,
Oregon,Bend,43.89897,-121.42738,Redwood Lane 08 Discover Sunriver,5.0,"""Redwood Lane 08", Discover Sunriver is set in Sunriver, 20 km from Bend and 45 km from Sisters.,,,,
Oregon,Bend,43.87711,-121.43849,Salishan Lane 02 Discover Sunriver,5.0,"""Salishan Lane 02", Discover Sunriver is located in Sunriver, 23 km from Bend and 47 km from Sisters.,,,,
Oregon,Bend,43.88173,-121.42602,Sequoia Lane 11 Discover Sunriver,5.0,"""Sequoia Lane 11", Discover Sunriver is set in Sunriver, 22 km from Bend.,,,,
Oregon,Bend,43.89166,-121.43759,White Elm Lane 25 Discover Sunriver,5.0,"""White Elm Lane 25", Discover Sunriver is set in Sunriver, 21 km from Bend and 45 km from Sisters.,,,,
Oregon,Bend,43.89368,-121.43692,White Elm Lane 04 Discover Sunriver,5.0,"""White Elm Lane 04", Discover Sunriver is situated in Sunriver, 21 km from Bend and 45 km from Sisters.,,,,
Oregon,Bend,43.88481,-121.43391,6 Leisure Lane Sunriver Anchor House,5.0,"""6 Leisure Lane - Sunriver Anchor House offers accommodation in Sunriver.",,,,,,
Oregon,Bend,43.90902,-121.43305,Winners Circle Lane 28 Discover Sunriver,5.0,"""Winners Circle Lane 28", Discover Sunriver is set in Sunriver, 19 km from Bend and 44 km from Sisters.,,,,
Oregon,Bend,43.90056,-121.42586,Hickory Lane 16 Discover Sunriver,5.0,"""Hickory Lane 16", Discover Sunriver is set in Sunriver, 20 km from Bend.,,,,
Oregon,Bend,44.26696,-121.27136,Eagle Crest: Osprey Retreat,5.0,"""Set in Redmond", 33 km from Hollinshead Park, 34 km from Drake Park and 36 km from Ponderosa Park, Osprey Retreat at Eagle Crest offers accommodation with a patio and free WiFi.,,,
Oregon,Bend,44.27628,-121.29407,Eagle Crest Endless Sky,5.0,"""Eagle Crest Endless Sky offers accommodation in Redmond.",,,,,,
Oregon,Bend,44.03452,-121.33857,Mt Bachelor Village Ski House #244,5.0,"""Mt Bachelor Village Ski House #244 is situated in Bend", 3.5 km from Drake Park.,,,,,
Oregon,Bend,43.87611,-121.43488,43 Fremont Crossing,5.0,"""43 Fremont Crossing is situated in Sunriver", 22 km from Bend.,,,,,
Oregon,Bend,43.88175,-121.43331,Mt View 30 Discover Sunriver,5.0,"""Mt View 30", Discover Sunriver offers accommodation in Sunriver. Bend is 22 km away.,,,,,
Oregon,Bend,44.2583,-121.27361,Eagle Crest Golfer's Paradise,5.0,"""Eagle Crest Golfers Paradise offers accommodation in Redmond.",,,,,,
Oregon,Bend,43.87981,-121.431,7 Puma,5.0,"""7 Puma is situated in Sunriver", 22 km from Bend.,,,,,
Oregon,Bend,43.87102,-121.44207,44 Tennis Village,5.0,"""Tennis Village 44 is situated in Sunriver", 29 km from Drake Park and 30 km from Hollinshead Park, in an area where skiing can be enjoyed. This holiday home features accommodation with a balcony.,,,,
Oregon,Bend,43.8815,-121.43715,6 Approach Lane,5.0,"""6 Approach Lane is located in Sunriver", 22 km from Bend.,,,,,
Oregon,Bend,43.89786,-121.4431,10 Yellow Rail,5.0,"""10 Yellow Rail is situated in Sunriver", 21 km from Bend.,,,,,
Oregon,Bend,43.88807,-121.42183,4 East Butte Vacation Rental,5.0,"""4 East Butte Vacation Rental is located in Sunriver", 21 km from Bend.,,,,,
Oregon,Bend,43.86603,-121.44969,3 Pinecone,5.0,"""3 Pinecone offers accommodation in Sunriver.",,,,,,
Oregon,Bend,43.89427,-121.43441,9 Cottonwood,5.0,"""9 Cottonwood is located in Sunriver", 21 km from Bend.,,,,,
Oregon,Bend,43.88524,-121.42192,13 Juniper,5.0,"""13 Juniper offers accommodation in Sunriver.",,,,,,
Oregon,Bend,43.88511,-121.42218,12 Juniper,5.0,"""12 Juniper is situated in Sunriver", 21 km from Bend.,,,,,
Oregon,Bend,43.88481,-121.42345,5 Butternut,5.0,"""5 Butternut is situated in Sunriver", 21 km from Bend and 46 km from Sisters.,,,,,
Oregon,Bend,44.30712,-121.59358,Sisters Tollgate Retreat With Hot Tub & Wifi,5.0,"""Sisters Tollgate Retreat with Hot Tub & WiFi is located in Sisters", 36 km from Bend.,,,,,
Oregon,Bend,43.89675,-121.43491,14 Cherrywood Lane,5.0,"""14 Cherrywood Lane is set in Sunriver", 20 km from Bend.,,,,,
Oregon,Bend,43.87948,-121.42802,1 Raccoon Lane,5.0,"""1 Raccoon Lane offers accommodation in Sunriver.",,,,,,
Oregon,Bend,43.89842,-121.41626,16 Lassen Lane,5.0,"""16 Lassen Lane offers accommodation in Sunriver.",,,,,,
Oregon,Bend,43.89961,-121.44156,11 Blue Goose,5.0,"""11 Blue Goose is situated in Sunriver", 21 km from Bend and 45 km from Sisters.,,,,,
Oregon,Bend,43.88723,-121.42636,Conifer Lane Lovely Woodland Setting,5.0,"""Conifer Lane - Lovely Woodland Setting offers accommodation in Sunriver.",,,,,,
Oregon,Bend,43.87821,-121.43609,Wildflower #5 On Meadows Golf Course,5.0,"""Wildflower #5 on Meadows Golf Course is set in Sunriver", 22 km from Bend.,,,,,
Oregon,Bend,43.9085,-121.44164,26 Siskin Executive Home,5.0,"""26 Siskin Executive Home is set in Sunriver", 20 km from Bend and 43 km from Sisters.,,,,,
Oregon,Bend,43.88706,-121.43097,6 Flat Top,5.0,"""6 Flat Top offers accommodation in Sunriver.",,,,,,
Oregon,Bend,43.87325,-121.43194,7 Hare Lane,5.0,"""7 Hare Lane offers accommodation in Sunriver.",,,,,,
Oregon,Bend,43.88341,-121.4422,Quelah 12,5.0,"""Quelah 12 offers accommodation in Sunriver.",,,,,,
Oregon,Bend,43.87494,-121.43191,4 Jay Lane,5.0,"""4 Jay Lane offers accommodation in Sunriver.",,,,,,
Oregon,Bend,43.89036,-121.42525,1 Camas,5.0,"""1 Camas is situated in Sunriver", 21 km from Bend and 46 km from Sisters.,,,,,
Oregon,Bend,43.87627,-121.43507,8 Fremont Crossing,5.0,"""8 Fremont Crossing is set in Sunriver", 23 km from Bend. Sisters is 47 km away.,,,,,
Oregon,Bend,43.89014,-121.41897,12 Whistler,5.0,"""Located in Sunriver", 26 km from Drake Park and 27 km from Hollinshead Park, 12 Whistler offers free WiFi and air conditioning. The holiday home is in an area where guests can engage in activities such as skiing and cycling.,,,,
Oregon,Bend,44.2884,-121.5562,Creekside Retreat Pine Meadow Village,5.0,,,,617 West Jefferson Avenue  ,97759,,
Oregon,Bend,44.3075,-121.5469,D2 Estates,5.0,"""D2 Estates is located in Sisters. The air-conditioned accommodation is 49 km from Madras", and guests benefit from complimentary WiFi and private parking available on site.,,,,,
Oregon,Bend,44.2911,-121.5375,Timber Creek Escape,5.0,"""Timber Creek Escape offers accommodation in Sisters", 36 km from Drake Park and 38 km from Ponderosa Park. The accommodation is 35 km from Hollinshead Park, and guests benefit from complimentary WiFi and private parking available on site.,,,,
Oregon,Bend,44.02565,-121.34904,Meadowbrook Home,5.0,"""Meadowbrook is set in Bend", 8.6 km from Hollinshead Park and 7 km from Ponderosa Park, in an area where skiing can be enjoyed. The air-conditioned accommodation is 5.1 km from Drake Park, and guests benefit from complimentary WiFi and private parking available on site.,,,
Oregon,Bend,43.87146,-121.44224,12 Tennis Village,5.0,"""12 Tennis Village is located in Sunriver", 23 km from Bend.,,,,,
Oregon,Bend,44.27384,-121.3075,Eagle Crest Desert Sky Retreat,5.0,"""Boasting a sauna", Eagle Crest Desert Sky Retreat is situated in Redmond. The accommodation is 38 km from the Hollinshead Park and has free WiFi throughout the property.,,,,,
Oregon,Bend,43.88582,-121.43038,7 Quartz,5.0,"""7 Quartz is set in Sunriver", 21 km from Bend and 46 km from Sisters.,,,,,
Oregon,Bend,43.88343,-121.43458,7 Pole House On Overlook Drive,5.0,"""7 Pole House on Overlook Drive offers accommodation in Sunriver.",,,,,,
Oregon,Bend,43.88455,-121.43181,8 Lofty,5.0,"""8 Lofty is situated in Sunriver", 22 km from Bend.,,,,,
Oregon,Bend,44.26645,-121.29741,Eagle Crest Resort's Finest Townhome,5.0,"""Eagle Crest Resorts Finest Townhome offers accommodation in Redmond.",,,,,,
Oregon,Bend,43.88307,-121.4412,16 Quelah Condo,5.0,"""16 Quelah Condo offers accommodation in Sunriver.",,,,,,
Oregon,Bend,43.88713,-121.42756,8 Cedar Lane,5.0,"""8 Cedar Lane is situated in Sunriver", 21 km from Bend.,,,,,
Oregon,Bend,43.87898,-121.43864,Wildflower #66,5.0,"""Wildflower #66 offers accommodation in Sunriver.",,,,,,
Oregon,Bend,43.88863,-121.42535,3 Sandhill Lane,5.0,"""Boasting a hot tub", 3 Sandhill is situated in Sunriver. The holiday home is in an area where guests can engage in activities such as skiing and cycling.,,,,,
Oregon,Bend,43.88699,-121.42752,2 Cedar,5.0,"""Featuring a hot tub", 2 Cedar is set in Sunriver. The holiday home is in an area where guests can engage in activities such as skiing and cycling.,,,,,
Oregon,Bend,43.87255,-121.43202,12 Deer Lane,5.0,"""Boasting a hot tub", 12 Deer Lane is located in Sunriver. Featuring a patio, the holiday home is in an area where guests can engage in activities such as skiing and cycling.,,,,
Oregon,Bend,43.91264,-121.43593,7 Big Sky,5.0,"""7 Big Sky is set in Sunriver and offers free bikes. The holiday home is in an area where guests can engage in activities such as skiing and cycling.",,,,,,
Oregon,Bend,43.90037,-121.42414,Shag Bark 9,4.0,"""Offering accommodation with air conditioning", Shag Bark 9 is located in Sunriver, 20 km from Bend. Sisters is 45 km away.,,,,
Oregon,Bend,43.89107,-121.42126,Indian 10,4.0,"""Indian 10 is situated in Sunriver", 21 km from Bend. Sisters is 46 km from the property.,,,,,
Oregon,Bend,43.88912,-121.4282,Awbrey 4,4.0,"""Awbrey 4 is situated in Sunriver", 21 km from Bend. Sisters is 46 km from the property.,,,,,
Oregon,Bend,43.89599,-121.43062,Acer Lane 2,4.0,"""2 Acer Lane is situated in Sunriver", 20 km from Bend. Sisters is 45 km away.,,,,,
Oregon,Bend,43.89993,-121.4417,Virginia Rail 4,4.0,"""Virginia Rail 4 is set in Sunriver", 20 km from Bend. Sisters is 44 km away.,,,,,
Oregon,Bend,43.8939,-121.44468,Aspen Lane 1,4.0,"""Featuring air conditioning", 1 Aspen Lane offers accommodation in Sunriver. Bend is 21 km away.,,,,,
Oregon,Bend,43.87316,-121.43363,Fox Lane 5,4.0,"""5 Fox Lane is situated in Sunriver", 23 km from Bend. Sisters is 47 km away.,,,,,
Oregon,Bend,43.88852,-121.42152,East Butte 21,4.0,"""East Butte 21 offers accommodation in Sunriver. Bend is 21 km from the property.",,,,,,
Oregon,Bend,43.88282,-121.43795,Mt View 2,4.0,"""2 Mt View Lane offers accommodation in Sunriver. Bend is 22 km away.",,,,,,
Oregon,Bend,43.89173,-121.44616,Duck Pond 11,4.0,"""Featuring air conditioning", Duck Pond 11 is situated in Sunriver, 21 km from Bend. Sisters is 45 km away.,,,,
Oregon,Bend,43.88115,-121.44058,Meadow House Condo 70,5.0,"""Boasting a terrace and a 24-hour front desk", Meadow House - Unit 70 is attractively situated in Sunriver, 31 km from Hollinshead Park and 29 km from Ponderosa Park. The air-conditioned accommodation is 30 km from Drake Park, and guests benefit from complimentary WiFi and private parking available on site.,,,
Oregon,Bend,43.86397,-121.43401,Eaglewood Condominium 8,5.0,"""Featuring air-conditioned accommodation with a balcony", Eaglewood Condo 8 by Village Properties at Sunriver is located in Sunriver. This holiday home offers a terrace.,,,,,
Oregon,Bend,44.25982,-121.26289,Eagle Crest Family Friendly Chalet,5.0,"""Featuring air conditioning", Eagle Crest Family Friendly Chalet offers accommodation in Redmond. Bend is 23 km from the property.,,,,,
Oregon,Bend,44.37453,-121.67019,Modern Treehouse Escape,5.0,"""Modern Treehouse Escape offers accommodation in Black Butte Ranch. Bend is 45 km from the property.",,,,,,
Oregon,Bend,44.25982,-121.29741,Eagle Crest Family Retreat,5.0,"""Eagle Crest Family Retreat offers accommodation in Redmond.",,,,,,
Oregon,Bend,44.13846,-121.2993,Bend Mountain View Retreat,5.0,"""Bend Mountain View Retreat is located in Tumalo", 9 km from Bend. Sisters is 26 km away.,,,,,
Oregon,Bend,44.36023,-121.64821,Black Butte Ranch: South Meadow Home Eighty Four,5.0,"""Black Butte Ranch: South Meadow Home Eighty-Four is situated in Black Butte Ranch", 43 km from Bend. Sisters is 11 km away.,,,,,
Oregon,Bend,43.85803,-121.43514,Sunriver Luxury Caldera Home With Golf Course Views,5.0,"""Located in Sunriver", Caldera provides accommodation with a TV and a kitchen.,,,,,
Oregon,Bend,44.36891,-121.67044,Lucky #7,5.0,"""Lucky #7 is a holiday home in Black Butte Ranch with access to a tennis court. The accommodation is 45 km from Bend.",,,,,,
Oregon,Bend,43.89077,-121.42399,10 Camas Vacation Rental,5.0,"""10 Camas Vacation Rental is located in Sunriver", 21 km from Bend and 46 km from Sisters.,,,,,
Oregon,Bend,43.87259,-121.43786,1 Abbot House,5.0,"""1 Abbot House offers accommodation in Sunriver.",,,,,,
Oregon,Bend,43.89449,-121.44004,6 Wickiup,5.0,"""6 Wickiup offers accommodation in Sunriver.",,,,,,
Oregon,Bend,43.88898,-121.44008,#29 Circle Four Cabin,5.0,"""#29 Circle Four Cabin offers accommodation in Sunriver.",,,,,,
Oregon,Bend,43.89576,-121.41654,Wallowa With Western Charm Home,5.0,"""Wallowa with Western Charm is situated in Sunriver", 27 km from Hollinshead Park and 25 km from Ponderosa Park, in an area where skiing can be enjoyed. The accommodation is 26 km from Drake Park, and guests benefit from private parking available on site and free WiFi.,,,
Oregon,Bend,43.87034,-121.43337,14 Antelope Lane,5.0,"""Situated in Sunriver in the Oregon Region", this holiday home is 23 km from Bend. The unit is 48 km from Sisters.,,,,,
Oregon,Bend,43.88408,-121.43027,Lookout 3 Home,5.0,"""Lookout 3 is set in Sunriver", 30 km from Drake Park and 31 km from Hollinshead Park, in an area where skiing can be enjoyed. This property offers access to a balcony, free private parking and free WiFi.,,,
Oregon,Bend,44.25979,-121.24952,Eagle Crest's Tenth Green Villa,5.0,"""Located in Redmond", 34 km from Hollinshead Park and 36 km from Drake Park, Eagle Crests Tenth Green Villa offers free WiFi and air conditioning. The holiday home is in an area where guests can engage in activities such as skiing and cycling.,,,,
Oregon,Bend,43.88405,-121.43622,1 Landrise,5.0,"""Located in Sunriver", 30 km from Drake Park and 31 km from Hollinshead Park, 1 Landrise offers free WiFi and air conditioning. The holiday home is in an area where guests can engage in activities such as skiing and cycling.,,,,
Oregon,Bend,44.37063,-121.66784,Black Butte Big Meadow's 11th Fairway,5.0,"""Offering free WiFi and mountain views", Black Butte Big Meadows 11th Fairway is an accommodation located in Black Butte Ranch. The holiday home is in an area where guests can engage in activities such as skiing and cycling.,,,,,
Oregon,Bend,43.87705,-121.43429,23 Fremont Crossing Sunriver,5.0,"""Situated in Sunriver", 29 km from Drake Park and 30 km from Hollinshead Park, 23 Fremont Crossing Sunriver offers free WiFi and air conditioning. Boasting a patio, the holiday home is in an area where guests can engage in activities such as skiing and cycling.,,,
Oregon,Bend,43.86596,-121.44991,6 Pine Cone,5.0,"""Located in Sunriver", 30 km from Drake Park and 31 km from Hollinshead Park, 6 Pine Cone offers free WiFi and air conditioning. Featuring a balcony, the holiday home is in an area where guests can engage in activities such as skiing and cycling.,,,
Oregon,Bend,44.25905,-121.26879,Eagle Crest Eagle's Landing,5.0,"""Situated in Redmond", Eagle Crest Eagles Landing features accommodation with a balcony and free WiFi. The air-conditioned accommodation is 35 km from Prineville.,,,,,
Oregon,Bend,44.26837,-121.30952,Eagle Crest Huckleberry Getaway,5.0,"""Located in Redmond", Eagle Crest Huckleberry Getaway provides air-conditioned accommodation with a patio and free WiFi. This holiday home has a garden and free private parking.,,,,,
Oregon,Bend,44.2684,-121.27196,Eagle Crest Forest Greens Oasis,5.0,"""Located in Redmond", 33 km from Hollinshead Park and 34 km from Drake Park, Eagle Crest Forest Greens Oasis offers free WiFi and air conditioning. The Ponderosa Park is within 36 km of the holiday home.,,,,
Oregon,Bend,44.27008,-121.3046,Eagle Crest Creekside Escape,5.0,"""Set in Redmond", 36 km from Hollinshead Park and 37 km from Drake Park, Eagle Crest Creekside Escape offers free WiFi and air conditioning. The Ponderosa Park is within 39 km of the holiday home.,,,,
Oregon,Bend,44.26704,-121.27134,Eagle Crest Hole In One,5.0,"""Situated in Redmond", 33 km from Hollinshead Park and 34 km from Drake Park, Eagle Crest Hole in One offers free WiFi and air conditioning. This holiday home is 36 km from Ponderosa Park.,,,,
Oregon,Bend,43.91346,-121.43242,14 Prostaff,5.0,"""Located in Sunriver", 29 km from Drake Park and 30 km from Hollinshead Park, 14 Prostaff provides air-conditioned accommodation with a patio and free WiFi. Featuring a balcony, the holiday home is in an area where guests can engage in activities such as skiing and cycling.,,,
Oregon,Bend,43.9109,-121.43985,27 Gannet river View 3br 2.5ba,5.0,"""27 Gannet is situated in Sunriver", 30 km from Hollinshead Park and 28 km from Ponderosa Park, in an area where skiing can be enjoyed. The accommodation is 29 km from Drake Park, and guests benefit from complimentary WiFi and private parking available on site.,,,
Oregon,Bend,43.90179,-121.44178,3 Blue Grouse ac 5br 3ba,5.0,"""3 Blue Grouse is located in Sunriver", 30 km from Hollinshead Park and 27 km from Ponderosa Park, in an area where skiing can be enjoyed. The air-conditioned accommodation is 28 km from Drake Park, and guests benefit from complimentary WiFi and private parking available on site.,,,
Oregon,Bend,43.89275,-121.42236,3 Mt. Baker ac hot Tub 4br 3ba,5.0,"""3 Mt Baker is located in Sunriver", 26 km from Drake Park and 27 km from Hollinshead Park, in an area where skiing can be enjoyed. This property offers access to a balcony, free private parking and free WiFi.,,,
Oregon,Bend,43.88832,-121.44351,3 Tumalo ac hot Tub 4br 3ba,5.0,"""Located in Sunriver and only 28 km from Drake Park", 3 Tumalo provides accommodation with mountain views, free WiFi and free private parking. Guests staying at this holiday home have access to a balcony.,,,,
Oregon,Bend,43.88707,-121.42776,7 Cedar forest Views 3br 2ba,5.0,"""Set in Sunriver and only 27 km from Drake Park", 7 Cedar offers accommodation with mountain views, free WiFi and free private parking. This holiday home features accommodation with a balcony.,,,,
Oregon,Bend,43.87413,-121.43301,7 Grizzly ac hot Tub 2br 2ba,5.0,"""Situated in Sunriver in the Oregon region", 7 Grizzly has a balcony and mountain views. The air-conditioned accommodation is 29 km from Drake Park, and guests benefit from private parking available on site and free WiFi.,,,,
Oregon,Bend,43.88975,-121.43084,9 Hoodoo ac hot Tub 5br 3ba,5.0,"""9 Hoodoo is located in Sunriver", 28 km from Hollinshead Park and 26 km from Ponderosa Park, in an area where skiing can be enjoyed. The air-conditioned accommodation is 27 km from Drake Park, and guests benefit from private parking available on site and free WiFi.,,,
Oregon,Bend,44.0211,-121.33838,Aspen Ridge river Trail 3br 2.5ba,5.0,"""Aspen Ridge is set in Bend", 8.9 km from Hollinshead Park and 6.7 km from Ponderosa Park, in an area where skiing can be enjoyed. The air-conditioned accommodation is 7.7 km from Drake Park, and guests benefit from complimentary WiFi and private parking available on site.,,,
Oregon,Bend,44.06259,-121.31605,Awbrey At Bend,5.0,"""Awbrey is located in Bend", 3 km from Hollinshead Park and 4 km from Ponderosa Park, in an area where skiing can be enjoyed. The air-conditioned accommodation is less than 1 km from Drake Park, and guests benefit from private parking available on site and free WiFi.,,,
Oregon,Bend,44.02638,-121.35341,Five Peaks ac hot Tub 5br 3.5ba,5.0,"""Situated in Bend in the Oregon region", Five Peaks has a balcony and mountain views. The air-conditioned accommodation is 6.1 km from Drake Park, and guests benefit from private parking available on site and free WiFi.,,,,
Oregon,Bend,44.03261,-121.3352,River Rdg 416 ac hot Tub 3br 3b,5.0,"""River Ridge 416AB is situated in Bend", 7.4 km from Hollinshead Park and 5.7 km from Ponderosa Park, in an area where skiing can be enjoyed. The air-conditioned accommodation is 3.8 km from Drake Park, and guests benefit from complimentary WiFi and private parking available on site.,,,
Oregon,Bend,44.05434,-121.32662,Golden Zone on River 4br 3.5ba,5.0,"""Featuring a spa bath", Golden Zone-On River-4BR/3.5BA is located in Bend. The air-conditioned accommodation is less than 1 km from Drake Park, and guests benefit from private parking available on site and free WiFi.,,,,
Oregon,Bend,44.06203,-121.3321,Urban Roundabout AC 2BR 2.5B,5.0,"""Urban Roundabout is set in Bend", 4.3 km from Hollinshead Park and 5.2 km from Ponderosa Park, in an area where skiing can be enjoyed. The air-conditioned accommodation is 1.1 km from Drake Park, and guests benefit from complimentary WiFi and private parking available on site.,,,
Oregon,Bend,44.04617,-121.34601,Villa 5 broken Top hot Tub 2br 2b,5.0,"""Villa #5 at Broken Top is set in Bend", 8.9 km from Hollinshead Park and 8.2 km from Ponderosa Park, in an area where skiing can be enjoyed. The air-conditioned accommodation is 5.1 km from Drake Park, and guests benefit from complimentary WiFi and private parking available on site.,,,
Oregon,Bend,44.06938,-121.33243,West Hills nw Bend 3br 2ba,5.0,"""Boasting a spa bath", West Hills-NW Bend-3BR/2BA is set in Bend. The air-conditioned accommodation is 2.6 km from Drake Park, and guests benefit from private parking available on site and free WiFi.,,,,
Oregon,Bend,43.87695,-121.4398,1 Colonial golf Course 5br 6ba,5.0,"""1 Colonial is set in Sunriver", 31 km from Hollinshead Park and 28 km from Ponderosa Park, in an area where skiing can be enjoyed. The air-conditioned accommodation is 29 km from Drake Park, and guests benefit from complimentary WiFi and private parking available on site.,,,
Oregon,Bend,43.89469,-121.42735,10 Tan Oak ac hot Tub 3br 3ba,5.0,"""10 Tan Oak is situated in Sunriver", 28 km from Hollinshead Park and 26 km from Ponderosa Park, in an area where skiing can be enjoyed. The air-conditioned accommodation is 27 km from Drake Park, and guests benefit from complimentary WiFi and private parking available on site.,,,
Oregon,Bend,43.89051,-121.42398,11 Camas hot Tub 4br 2ba,5.0,"""11 Camas is located in Sunriver", 28 km from Hollinshead Park and 26 km from Ponderosa Park, in an area where skiing can be enjoyed. The accommodation is 27 km from Drake Park, and guests benefit from complimentary WiFi and private parking available on site.,,,
Oregon,Bend,43.8862,-121.43432,11 Pine Mt ac hot Tub 4br 4ba,5.0,"""Located in Sunriver in the Oregon region", 11 Pine Mt features a balcony and mountain views. The air-conditioned accommodation is 28 km from Drake Park, and guests benefit from complimentary WiFi and private parking available on site.,,,,
Oregon,Bend,43.88866,-121.42252,19 E Butte hot Tub 2br 2ba,5.0,"""East Butte - Unit 19 offers accommodation in Sunriver", 28 km from Hollinshead Park and 26 km from Ponderosa Park. The accommodation is 27 km from Drake Park, and guests benefit from private parking available on site and free WiFi.,,,,
Oregon,Bend,43.86588,-121.44446,2 Pioneer ac hot Tub 3br 2ba,5.0,"""2 Pioneer is set in Sunriver", 31 km from Hollinshead Park and 29 km from Ponderosa Park, in an area where skiing can be enjoyed. The air-conditioned accommodation is 30 km from Drake Park, and guests benefit from complimentary WiFi and private parking available on site.,,,
Oregon,Bend,43.90313,-121.4361,2 Sarazen golf View 4br 3.5ba,5.0,"""2 Sarazen is set in Sunriver", 29 km from Hollinshead Park and 27 km from Ponderosa Park, in an area where skiing can be enjoyed. The air-conditioned accommodation is 28 km from Drake Park, and guests benefit from private parking available on site and free WiFi.,,,
Oregon,Bend,43.90025,-121.41534,13 Ollalie great Yard 3br 3ba,5.0,"""13 Ollalie is set in Sunriver", 26 km from Drake Park and 27 km from Hollinshead Park, in an area where skiing can be enjoyed. This property offers access to a balcony, free private parking and free WiFi.,,,
Oregon,Bend,43.8878,-121.42739,2 Conifer hot Tub 2br 2ba,5.0,"""Located 29 km from Hollinshead Park and 26 km from Ponderosa Park", 2 Conifer offers accommodation set in Sunriver. The accommodation is 27 km from the Drake Park and features free WiFi throughout the property.,,,,,
Oregon,Bend,43.90003,-121.42067,Yankee Mountain 9 Home,5.0,"""Yankee Mountain 9 is set in Sunriver", 27 km from Drake Park and 28 km from Hollinshead Park, in an area where skiing can be enjoyed. This property offers access to a balcony, free private parking and free WiFi.,,,
Oregon,Bend,44.2886,-121.5541,Pine Haven Pine Meadow Village,5.0,"""Pine Haven - Pine Meadow Village is set in Sisters. The air-conditioned accommodation is 46 km from Sunriver", and guests benefit from complimentary WiFi and private parking available on site.,,,,,
Oregon,Bend,43.99634,-121.391,Points West Ac 4Br 2.5Ba,5.0,"""Points West is located in Deschutes River Woods", 15 km from Hollinshead Park and 13 km from Ponderosa Park, in an area where skiing can be enjoyed. The air-conditioned accommodation is 11 km from Drake Park, and guests benefit from complimentary WiFi and private parking available on site.,,,
Oregon,Bend,44.06085,-121.31824,Mirror Pond,5.0,"""Mirror Pond is set in Bend", 600 metres from Drake Park and 3.3 km from Hollinshead Park, in an area where skiing can be enjoyed. This property offers access to a balcony, free private parking and free WiFi.,,,
Oregon,Bend,43.99885,-121.38966,Widgi Creek 22 Golf Vw 3BR 3.5B,5.0,"""Widgi Creek #22 is situated in Deschutes River Woods", 14 km from Hollinshead Park and 12 km from Ponderosa Park, in an area where skiing can be enjoyed. The air-conditioned accommodation is 10 km from Drake Park, and guests benefit from private parking available on site and free WiFi.,,,
Oregon,Bend,44.03252,-121.33611,Gateway To Mt Bachelor,5.0,"""Gateway to Mt Bachelor in Bend provides accommodation with free WiFi", 3.9 km from Drake Park, 7.4 km from Hollinshead Park and 5.8 km from Ponderosa Park. Featuring free private parking, the holiday home is in an area where guests can engage in activities such as skiing and cycling.,,,
Oregon,Bend,44.2889,-121.5557,Pine Rest,5.0,"""Boasting mountain views", Pine Rest offers accommodation with a balcony and a coffee machine, around 35 km from Hollinshead Park. Featuring free private parking, the apartment is in an area where guests can engage in activities such as skiing and cycling.,,,
Oregon,Bend,43.89006,-121.42199,Indian 2 Holiday Home,4.0,"""Featuring a balcony", 2 Indian is a holiday home, located in Sunriver. The unit is 21 km from Bend.,,,,
Oregon,Bend,43.88533,-121.43466,Leisure 5 Holiday Home,4.0,"""Leisure 5 offers accommodation in Sunriver. Guests benefit from balcony.",,,,,,
Oregon,Bend,43.89696,-121.44726,Loon 6 Holiday Home,4.0,"""Loon 6 is a holiday home situated in Sunriver in the Oregon Region and is 21 km from Bend. Guests benefit from balcony.",,,,,,
Oregon,Bend,43.90051,-121.43724,Malheur 5 Holiday Home,4.0,"""Located 20 km from Bend", Malheur 5 offers accommodation in Sunriver. The air-conditioned unit is 44 km from Sisters.,,,,,
Oregon,Bend,43.90633,-121.43251,Mulligan 5 Holiday Home,4.0,"""Located in Sunriver", this holiday home is 19 km from Bend. Guests benefit from balcony.,,,,,
Oregon,Bend,43.91068,-121.43715,Nine Iron 17 Holiday Home,4.0,"""17 Nine Iron is a holiday home located in Sunriver in the Oregon Region and is 19 km from Bend. Guests benefit from balcony.",,,,,,
Oregon,Bend,43.88924,-121.42253,Red Hill 4 Holiday Home,4.0,"""Set in Sunriver in the Oregon Region", this holiday home is 21 km from Bend. The air-conditioned unit is 46 km from Sisters.,,,,,
Oregon,Bend,43.89643,-121.42696,29 Tan Oak Lane,4.0,"""Featuring a balcony", 29 Tan Oak is a holiday home, located in Sunriver. Guests benefit from patio.,,,,
Oregon,Bend,43.88771,-121.44357,Tumalo 11 Holiday Home,4.0,"""Located 22 km from Bend and 46 km from Sisters", 11 Tumalo offers accommodation in Sunriver. Guests benefit from balcony.,,,,,
Oregon,Bend,43.86968,-121.43776,Woodland 1 Holiday Home,4.0,"""Sunriver-Woodland 1 is a holiday home is set in Sunriver and is 23 km from Bend. The unit is 48 km from Sisters.",,,,,,
Oregon,Bend,44.2598,-121.27708,Eagle Crest Chalet,5.0,"""Situated in Redmond", 34 km from Hollinshead Park and 35 km from Drake Park, Chalet at Eagle Crest features air-conditioned accommodation with a patio and free WiFi. It is set 37 km from Ponderosa Park and offers an ATM.,,,,
Oregon,Bend,43.89661,-121.43898,Yellow Pine 37 Holiday Home,4.0,"""Yellow Pine 37 offers accommodation in Sunriver. Bend is 21 km from the property.",,,,,,
Oregon,Bend,44.02443,-121.35188,The Trailhead Home,5.0,"""The Trailhead is situated in Bend", 5.3 km from Drake Park and 8.8 km from Hollinshead Park, in an area where skiing can be enjoyed. This property offers access to a balcony, free private parking and free WiFi.,,,
Oregon,Bend,44.05498,-121.31503,Georgia Peach Home,5.0,"""Georgia Peach is situated in Bend", 3.8 km from Hollinshead Park and 3.9 km from Ponderosa Park, in an area where skiing can be enjoyed. The air-conditioned accommodation is less than 1 km from Drake Park, and guests benefit from complimentary WiFi and private parking available on site.,,,
Oregon,Bend,44.03642,-121.34589,Peaceful In The Parks Home,5.0,"""Peaceful in the Parks is set in Bend", 8.2 km from Hollinshead Park and 6.6 km from Ponderosa Park, in an area where skiing can be enjoyed. The air-conditioned accommodation is 4.4 km from Drake Park, and guests benefit from complimentary WiFi and private parking available on site.,,,
Oregon,Bend,43.89739,-121.41694,Lassen 8,4.0,"""Lassen 8 is set in Sunriver and offers a restaurant. The air-conditioned accommodation is 26 km from La Pine", and guests benefit from complimentary WiFi and private parking available on site.,,,,,
Oregon,Bend,43.89702,-121.42378,Witchhazel 5,4.0,"""Witchhazel 5 is located in Sunriver. There is an on-site restaurant", plus free private parking and free WiFi are available.,,,,,
Oregon,Bend,43.89955,-121.4245,Shag Bark 6,4.0,"""Shag Bark 6 is situated in Sunriver and offers a restaurant. The air-conditioned accommodation is 26 km from La Pine", and guests benefit from complimentary WiFi and private parking available on site.,,,,,
Oregon,Bend,43.87608,-121.44003,Doral Lane 5,4.0,"""Doral Lane 5 is located in Sunriver and offers a restaurant. The air-conditioned accommodation is 23 km from La Pine", and guests benefit from complimentary WiFi and private parking available on site.,,,,,
Oregon,Bend,43.90029,-121.42238,Dixie Mountain 4,4.0,"""Dixie Mountain 4 is situated in Sunriver and offers a restaurant. The air-conditioned accommodation is 26 km from La Pine", and guests benefit from private parking available on site and free WiFi.,,,,,
Oregon,Bend,43.8854,-121.42991,Quartz Mountain 13,4.0,"""Quartz Mountain 13 offers accommodation in Sunriver. Bend is 21 km away.",,,,,,
Oregon,Bend,43.87051,-121.43128,Coyote 1,4.0,"""Coyote 1 is an apartment in Sunriver with access to a tennis court. The accommodation is 23 km from Bend.",,,,,,
Oregon,Bend,43.89672,-121.43946,Yellow Pine 39,4.0,"""Yellow Pine 39 is located in Sunriver and offers a restaurant. The air-conditioned accommodation is 26 km from La Pine", and guests benefit from complimentary WiFi and private parking available on site.,,,,,
Oregon,Bend,43.8942,-121.44621,Hummingbird 21,4.0,"""Set in Sunriver in the Oregon region", Hummingbird 21 has a patio. There is an on-site restaurant, plus free private parking and free WiFi are available.,,,,
Oregon,Bend,43.88965,-121.42125,Lupine 1,5.0,"""Set in Sunriver", 27 km from Drake Park and 28 km from Hollinshead Park, 1 Lupine offers free WiFi and air conditioning. This holiday home is 7.2 km from Sunriver Airport and 7.2 km from Sunriver.,,,,
Oregon,Bend,43.87271,-121.43211,Deer Lane 8,4.0,"""Deer Lane 8 is situated in Sunriver and offers a restaurant. The air-conditioned accommodation is 23 km from La Pine", and guests benefit from complimentary WiFi and private parking available on site.,,,,,
Oregon,Bend,43.89264,-121.41895,Whistler 21 Home,5.0,"""Whistler 21", a property with a terrace, is situated in Sunriver, 26 km from Drake Park, 27 km from Hollinshead Park, as well as 25 km from Ponderosa Park. This holiday home features free private parking, an ATM and free WiFi.
Oregon,Bend,43.88421,-121.43342,7 Lost Lane,4.0,"""Set in Sunriver in the Oregon region", Lost Lane 7 has a patio. There is an on-site restaurant, plus free private parking and free WiFi are available.,,,,
Oregon,Bend,43.89102,-121.44535,Duck Pond 3,4.0,"""Located in Sunriver in the Oregon Region", this holiday home is 21 km from Bend. The air-conditioned unit is 45 km from Sisters.,,,,,
Oregon,Bend,43.9075,-121.42651,Cypress 10 Holiday Home,4.0,"""Set 19 km from Bend and 44 km from Sisters", Cypress 10 offers accommodation in Sunriver. Guests benefit from balcony.,,,,,
Oregon,Bend,43.89741,-121.42662,Filbert 19 Holiday Home,4.0,"""Filbert 19 offers accommodation in Sunriver. The unit is 20 km from Bend.",,,,,,
Oregon,Bend,43.91211,-121.43932,Gosling 5 Holiday Home,4.0,"""Gosling 5 is a holiday home situated in Sunriver in the Oregon Region and is 19 km from Bend. The air-conditioned unit is 43 km from Sisters.",,,,,,
Oregon,Bend,43.87661,-121.43379,29 Fremont Crossing,5.0,"""Situated in Sunriver", 29 km from Drake Park and 30 km from Hollinshead Park, 29 Fremont Crossing offers free WiFi and air conditioning. The holiday home is in an area where guests can engage in activities such as skiing and cycling.,,,,
Oregon,Bend,43.88527,-121.43292,2 Little Court,5.0,"""2 Little Court in Sunriver features accommodation with free WiFi", 30 km from Drake Park, 31 km from Hollinshead Park and 29 km from Ponderosa Park. The holiday home is in an area where guests can engage in activities such as skiing and cycling.,,,,
Oregon,Bend,43.89606,-121.43288,Paper Birch 9 Home Home,5.0,"""Boasting a terrace and an ATM", Paper Birch 09 is conveniently located in Sunriver, 29 km from Hollinshead Park and 26 km from Ponderosa Park. The air-conditioned accommodation is 27 km from Drake Park, and guests benefit from private parking available on site and free WiFi.,,,
Oregon,Bend,44.03132,-121.34911,Bainbridge,5.0,"""Bainbridge is situated in Bend", 5.7 km from Drake Park and 10 km from Hollinshead Park, in an area where skiing can be enjoyed. This holiday home features accommodation with a balcony and free WiFi.,,,,
Oregon,Bend,43.89868,-121.44229,Blue Goose 5,4.0,"""Set in Sunriver in the Oregon region", Blue Goose 5 features a balcony. There is an in-house restaurant, plus free private parking and free WiFi are available.,,,,
Oregon,Bend,43.82247,-121.487,Pony Express 16795,4.0,"""Pony Express 5", featuring a terrace, is set in Bend, 40 km from Hollinshead Park and 38 km from Ponderosa Park. The air-conditioned accommodation is 39 km from Drake Park, and guests benefit from complimentary WiFi and private parking available on site.,,
Oregon,Bend,43.83512,-121.47384,Upland Road 17051,4.0,"""Set in Bend in the Oregon region", Upland - Unit 17051 has a balcony. The air-conditioned accommodation is 34 km from Drake Park, and guests benefit from complimentary WiFi and private parking available on site.,,,,
Oregon,Bend,43.87382,-121.43816,#4 Abbot House,5.0,"""Abbot #4 is set in Sunriver", 29 km from Drake Park and 30 km from Hollinshead Park, in an area where skiing can be enjoyed. Guests staying at this holiday home have access to free WiFi and a balcony.,,,,
Oregon,Bend,44.03903,-121.31387,Old Mill Base Camp,5.0,"""Old Mill Base Camp in Bend features accommodation with free WiFi", 3.3 km from Drake Park, 5.9 km from Hollinshead Park and 3.3 km from Ponderosa Park. Boasting free private parking, the holiday home is in an area where guests can engage in activities such as skiing and cycling.,,,
Oregon,Bend,44.294,-121.6107,Sisters Dream Inn,5.0,"""Sisters Dream Inn is situated in Sisters", 41 km from Hollinshead Park, and features a balcony, garden, and free WiFi. Boasting free private parking, the holiday home is in an area where guests can engage in activities such as skiing and cycling.,
Oregon,Bend,44.2894,-121.5558,Riley`s Mountain View,5.0,"""Located in Sisters", 35 km from Hollinshead Park and 37 km from Drake Park, Riley`s Mountain View provides air-conditioned accommodation with a balcony and free WiFi. Featuring free private parking, the apartment is in an area where guests can engage in activities such as skiing and cycling.,,,
Oregon,Brookings,42.14721,-124.35366,Whaleshead Beach Resort,,"""Whaleshead Beach Resort is located in Brookings and is within 15 minutes walk of the beach.",,,,,,
Oregon,Brookings,42.05556,-124.2946,Spindrift Motor Inn,2.0,"""Conveniently located off Highway 101", this Brookings, Oregon motel offers simply furnished guest rooms with free WiFi. It offers free truck and boat parking. Harris Beach State Park is 5 minutes drive away.,,,,
Oregon,Brookings,42.0563,-124.29499,Pacific Sunset Inn,2.0,"""This Brookings", Oregon motel is a 4-minute drive to Harris Beach and 30-minutes to the Redwood National Forest. It features spacious rooms with free Wi-Fi and a cable TV.,,,,,
Oregon,Brookings,42.0559,-124.29193,Westward Inn,2.0,"""Harris Beach State Park is 1 mile from this Oregon coast inn. Free Wi-Fi is available in all guest rooms.",,,,,,
Oregon,Brookings,42.05605,-124.29493,Brookings Inn Resort,2.0,"""Boasting a seasonal indoor pool and hot tub", this inn is located in Brookings, Oregon. Free WiFi and free parking are available on site.,,,,
Oregon,Brookings,42.04405,-124.26291,Ocean Suites Motel,4.0,"""Located in Brookings", just 11 km from the California border, Ocean Suites Motel features free WiFi access and free private parking.,,,,
Oregon,Brookings,42.02272,-124.23711,Harbor House,5.0,"""Harbor House offers accommodation in Brookings.",,,,,,
Oregon,Brookings,42.04633,-124.27868,Mermaid's Muse Bed And Breakfast,5.0,"""Offering a barbecue and sun terrace", Mermaids Muse Bed and Breakfast is situated in Brookings in the Oregon Region. Guests can enjoy the on-site bar. Free Wi-Fi is offered throughout the property and free private parking is available on site.,,,,,
Oregon,Canyonville,42.93871,-123.28528,Seven Feathers Casino Resort,4.0,"""Just off the Interstate 5 motorway in Canyonville", this resort and casino boasts over 1,000 video poker slot machines and numerous dining options. A spa and wellness centre with an indoor pool is featured at Seven Feathers Casino Resort.,,,,
Oregon,Canyonville,42.94182,-123.29092,Creekside Hotel & Suites (Ex. Holiday Inn Express Hotel And Suites Canyonville),3.0,"""Situated in Canyonville", 37 km from Wildlife Safari, Creekside Hotel & Suites provides accommodation with free WiFi and free private parking. The hotel features an indoor pool, hot tub and a 24-hour front desk.,,,
Oregon,Carlton,45.29736,-123.17875,R. R. Thompson House,3.0,"""Situated in Carlton", R. R. Thompson House offers accommodation with a garden. This bed and breakfast has air-conditioned rooms with a private bathroom. Guests can enjoy garden views.,,,,,
Oregon,Chiloquin,42.58149,-121.88121,Melita's Crater Lake Adventures,5.0,"""Melitas Crater Lake is situated in Chiloquin", 44 km from the South entrance to Crater Lake National Park. Among the facilities of this property are a restaurant, a 24-hour front desk and an ATM, along with free WiFi. The rooms have a flat-screen TV with satellite channels.,,,
Oregon,Clackamas,45.44361,-122.2881,Garden Gate Estate,5.0,"""Garden Gate Estate offers accommodation in Sandy.",,,,,,
Oregon,Corvallis,44.55135,-123.26551,Corvallis Budget Inn,1.0,"""Reser Stadium and Hewlett Packard are both less than 10 minutes drive from this Corvallis Motel. A launderette is on site and guest rooms feature free Wi-Fi.",,,,,,
Oregon,Corvallis,44.63339,-123.1082,The Pfeiffer Cottage,3.0,HotelDescription#Further information about this hotel will be available shortly,NO Wheelchair-accessible NO Garage NO Large pets allowed (over 5 kg) NO Small pets allowed (under 5 kg) NO Disability-friendly bathroom NO Connecting rooms NO Car park NO Smoking rooms,,Ferry Street Sw 530 530 97321 Albany AlbanyOregon 97321 ,97321,8137622000,http://www.thepfeiffercottageinn.com/The_Pfeiffer_Cottage_Inn/Welcome.html
Oregon,Corvallis,44.63819,-123.07213,Budget Inn Albany,2.0,"""Located off Interstate 5 in Albany", Oregon, this motel is 1 mile from the Willamette River and offers rooms with a balcony and free Wi-Fi.  Coffee, tea and biscuits are available in the motel office.,,,
Oregon,Corvallis,44.52023,-122.9027,Valley Inn Motel Lebanon Oregon,2.0,"""Located on Highway 20", this hotel is a 5-minute drive from the Lebanon State Airport. It features rooms with free Wi-Fi access and offers fax and copy services.,,,,,
Oregon,Corvallis,44.52874,-122.9073,Shanico Inn,2.0,"""Situated at the foothills of the Cascade Mountains off Route 20", this budget Lebanon, Oregon motel offers rooms with a cable TV and free Wi-Fi. Lebanon State Airport is 5 minutes drive away.,,,,
Oregon,Corvallis,44.53359,-122.90723,Cascade City Center Motel,1.0,"""Cascade City Center Motel is located in Lebanon. Free Wi-Fi access and free parking are available.",,,,,,
Oregon,Eugene,44.05257,-123.09199,Graduate Eugene,4.0,"""Graduate Eugene has a garden in Eugene. The property is situated 2.4 km from Matthew Knight Arena", 2.4 km from Autzen Stadium and 2.4 km from University of Oregon. The accommodation features a 24-hour front desk and free WiFi throughout the property.,,,,,
Oregon,Eugene,43.804,-123.0573,Relax Inn Cottage Grove,1.0,"""This Cottage Grove motel is a 2-minute drive from Interstate-5 and 2.7 miles from East Regional Park. It features basic rooms with free Wi-Fi and a mini-fridge.",,,,,,
Oregon,Eugene,44.05195,-123.10146,Parkway Inn Eugene,2.0,"""We are a small hotel in downtown Eugene and we love the Oregon Ducks. Located just 1 mile from Eugene city centre", this motel features direct access to Interstate 105 and cable TV in every room. The Eugene rail station is 12 minutes walk away.,,,,,
Oregon,Eugene,44.07447,-123.14656,Budget Lodge Eugene,2.0,"""Less than 5 miles from the University of Oregon", this motel offers rooms with free Wi-Fi. Guest laundry facilities are available on site.,,,,,
Oregon,Eugene,44.0486,-123.11438,C'est la Vie Inn,4.0,"""Various Oregon wineries are within 10 miles of this Eugene", Oregon bed and breakfast. Rooms include a fireplace and romantic, Parisian-inspired furnishings.,,,,
Oregon,Eugene,44.05224,-123.09821,Downtown Inn,2.0,"""Downtown Inn is located in the city centre of Eugene", Oregon. Free WiFi access and free parking are featured at this motel.,,,,,
Oregon,Eugene,44.22534,-123.20532,Guest House Inn,1.0,"""Just 15 minutes drive from Eugene Airport", Guest House Inn is located in Junction City, Oregon.  Free WiFi access is available throughout the property, and free fresh popcorn can be found in the lobby every day.,,,
Oregon,Eugene,44.0565,-123.10743,Eugene Whiteaker International Hostel,5.0,"""Eugene Lodge and International Hostel in Eugene provides adults-only accommodation with a garden and a shared lounge. The property is around 4.4 km from Matthew Knight Arena", 3.9 km from Autzen Stadium and 4.4 km from University of Oregon. The accommodation offers evening entertainment and a shared kitchen.,,,,,
Oregon,Eugene,44.02653,-123.07876,Buckingham Place,5.0,"""Buckingham Place offers accommodation in Eugene", 3 km from University of Oregon and 5.4 km from Autzen Stadium. The accommodation is 3 km from the Matthew Knight Arena and has free WiFi throughout the property.,,,,,
Oregon,Florence,43.97611,-124.10179,Le Chateau Inn,5.0,"""Situated in Florence", 18 km from Sea Lion Caves, Travelodge by Wyndham Florence features accommodation with free WiFi and free private parking. The property is around 20 km from Heceta Head Lighthouse, 40 km from Cape Perpetua Scenic Area and 44 km from Umpqua Lighthouse. Guests can enjoy pool views.,,,
Oregon,Florence,43.97496,-124.1032,Villa West Motel,3.0,"""Located off Highway 101", this Florence, Oregon motel features simply furnished rooms with free Wi-Fi.  It offers free on-site parking. Historic Heceta Head Lighthouse is 12 miles away.,,,,
Oregon,Florence,43.94403,-124.10415,Park Motel and Cabins,2.0,"""Just 6 minutes drive from the nearest beach in Florence", Oregon, this motel boasts rooms with free WiFi access and cable TV channels. Sand Dunes Frontier, which offers dune buggy tours, is just 2 minutes drive from Park Motel and Cabins.,,
Oregon,Florence,43.96997,-124.10468,The Landmark Inn,2.0,"""Located on a hill in Florence", Oregon, The Landmark Inn is a 7 minutes walk to riverfront Old Town, with its shops, galleries and restaurants. It is an 8 minutes drive to beach access and sand dunes.,,
Oregon,Florence,43.9678,-124.10785,Old Town Inn,4.0,"""Located less than 5 minutes walk from shopping and dining in Old Town Florence", this motel near the Siuslaw River features guest rooms with free Wi-Fi.,,,,,
Oregon,Florence,43.96661,-124.10916,Riverhouse Inn,4.0,"""Nestled on the banks of the Siuslaw River in Oregon", this hotel is 2 minutes walk from Old Town Florence.  All guest rooms include free Wi-Fi.,,,,,
Oregon,Florence,43.97941,-124.10137,Silver Sands Motel,3.0,"""Offering free morning coffee", tea, and cocoa, Silver Sands Motel is located in the city centre of Florence, Oregon. Free WiFi access and free parking are featured on site.,,
Oregon,Florence,44.00065,-124.10221,Florence Economy Inn,2.0,"""Located in Florence", Oregon, this motel offers a year around indoor pool. Economy Inn features free WiFi access in each guest room.,,,,
Oregon,Florence,43.95505,-124.11108,South Jetty RV & Camping Resort,5.0,"""Set 21 km from Sea Lion Caves", South Jetty Camping Resort Cabin 1 offers accommodation with free WiFi and free private parking.,,,,,
Oregon,Florence,43.97476,-124.11691,Sunset Dunes,5.0,"""Sunset Dunes is located in Florence", 38 km from Yachats.,,,,,
Oregon,Florence,44.03142,-124.12944,Blk Beach House,5.0,"""BLK Beach House is situated in Florence", 31 km from Yachats.,,,,,
Oregon,Florence,43.89724,-124.09202,Vista Point Lakehouse on Siltcoos Lake,4.0,"""Vista Point Lakehouse on Siltcoos Lake offers accommodation in Florence.",,,,,,
Oregon,Florence,44.04973,-124.08302,Mercer Lake Resort,5.0,"""Set in Florence", within 11 km of Sea Lion Caves and 13 km of Heceta Head Lighthouse, Mercer Lake Resort and Private Beach offers accommodation with an outdoor swimming pool and free WiFi throughout the property as well as free private parking for guests who drive. Offering a private beach area, the property is located within 33 km of Cape Perpetua Scenic Area. Certain units at the property feature a balcony with a lake view.,,,
Oregon,Florence,43.91647,-124.10543,Lake Haven,5.0,"""Lake Haven is set in Florence", 44 km from Yachats.,,,,,
Oregon,Florence,44.05557,-124.06792,Rustic Retreat On Mercer Lake,5.0,"""Rustic Retreat on Mercer Lake is located in Florence", 29 km from Yachats.,,,,,
Oregon,Florence,43.95505,-124.11108,South Jetty Camping Resort Cabin 1,5.0,"""Featuring an outdoor pool", South Jetty Camping Resort Cabin 1 in Florence offers accommodation with free WiFi and free private parking for guests who drive.,,,,,
Oregon,Florence,43.95505,-124.11108,South Jetty Camping Resort Cabin 2,5.0,"""Situated 21 km from Sea Lion Caves", South Jetty Camping Resort Cabin 2 features accommodation with free WiFi and free private parking.,,,,,
Oregon,Florence,43.95505,-124.11108,South Jetty Camping Resort Wheelchair Accessible Yurt 3,5.0,"""Featuring an outdoor pool", South Jetty Camping Resort Wheelchair Accessible Yurt 3 in Florence provides accommodation with free WiFi and free private parking for guests who drive.,,,,,
Oregon,Florence,43.96708,-124.10698,Lorees Riverview,5.0,"""Lorees Riverview is located in Florence", 38 km from Yachats.,,,,,
Oregon,Florence,44.03129,-124.13233,Surf View,5.0,"""Surf View offers accommodation in Florence.",,,,,,
Oregon,Florence,44.03989,-124.13186,Pelican's Perch,5.0,"""Pelicans Perch offers accommodation in Florence.",,,,,,
Oregon,Florence,43.96648,-124.10876,River Vista,5.0,"""River Vista offers accommodation in Florence.",,,,,,
Oregon,Florence,43.97487,-124.12179,Riverfront Estate,5.0,"""Within 19 km of Sea Lion Caves and 21 km of Heceta Head Lighthouse", Riverfront Estate offers free WiFi and a garden. This holiday home is 42 km from Cape Perpetua Scenic Area and 45 km from Umpqua Lighthouse.,,,,,
Oregon,Garibaldi,45.55942,-123.91314,The Garibaldi House Inn and Suites,3.0,"""This downtown Garibaldi", Oregon inn on the coast of Tillamook Bay features a daily buffet breakfast and an indoor pool. It has spacious rooms with free Wi-Fi and a refrigerator.,,,,,
Oregon,Garibaldi,45.55779,-123.92122,Fisherman's Dream Boat House,5.0,"""Fishermans Dream Boat House is situated in Garibaldi", 37 km from Cannon Beach and 48 km from Seaside.,,,,,
Oregon,Gearhart,46.03189,-123.92521,Gearhart By The Sea,3.0,"""Overlooking the Pacific Ocean", this Gearhart hotel offers beach access and a heated indoor swimming pool. All suites feature balconies with ocean views and free Wi-Fi.,,,,,
Oregon,Gearhart,46.03213,-123.92379,McMenamins Gearhart Hotel,3.0,"""Situated in Gearhart", 400 metres from Del Rey Beach, McMenamins Gearhart Hotel features accommodation with a shared lounge, free private parking, a restaurant and a bar. This 3-star hotel offers an ATM, a concierge service and free WiFi. The property is allergy-free and is set 8.7 km from Seaside Golf Course.,
Oregon,Gearhart,46.02897,-123.92444,Salt Water Cottage,5.0,"""Salt Water Cottage is located in Gearhart", 16 km from Cannon Beach.,,,,,
Oregon,Gearhart,46.02123,-123.92391,Peaceful Cottage,5.0,"""Peaceful Cottage is situated in Gearhart", 15 km from Cannon Beach and 3.1 km from Seaside.,,,,,
Oregon,Gearhart,46.02057,-123.91909,The Latourette House,5.0,"""The Latourette House is situated in Gearhart", 15 km from Cannon Beach.,,,,,
Oregon,Gearhart,46.02925,-123.91832,Ridge Path Cottage,5.0,"""Ridge Path Cottage is located in Gearhart", 16 km from Cannon Beach.,,,,,
Oregon,Gearhart,46.02936,-123.91922,Seventh Street Cottage,5.0,"""Seventh Street Cottage is set in Gearhart", 16 km from Cannon Beach and 4 km from Seaside.,,,,,
Oregon,Gearhart,46.02107,-123.91965,Spruce Landing,5.0,"""Spruce Landing is located in Gearhart", 15 km from Cannon Beach.,,,,,
Oregon,Gearhart,46.02082,-123.92009,The Clay Miller House,5.0,"""Situated in Gearhart", less than 1 km from Del Rey Beach, The Clay Miller House features accommodation with a garden, free WiFi and an ATM. This holiday home offers accommodation with a balcony.,,,
Oregon,Gearhart,46.02261,-123.9191,Murfelhaus,5.0,"""Murfelhaus offers accommodation in Gearhart.",,,,,,
Oregon,Gearhart,46.01893,-123.92319,Beachcomber's Retreat,5.0,"""Beachcombers Retreat is located in Gearhart", 14 km from Cannon Beach.,,,,,
Oregon,Gearhart,46.03972,-123.92432,The Highlands Gearhart Beach House,5.0,"""The Highlands Gearhart Beach House is situated in Gearhart", 17 km from Cannon Beach and 5 km from Seaside.,,,,,
Oregon,Gearhart,46.02152,-123.919,Crab Dominium,5.0,"""Situated in Gearhart", Crab Dominium features accommodation with a balcony and free WiFi.,,,,,
Oregon,Gearhart,46.03232,-123.92663,Surfside Suite On The Sea,5.0,"""Set in Gearhart", 700 metres from Del Rey Beach, Surfside, Suite on the Sea features views of the sea. The property is around 8.8 km from Seaside Golf Course, 14 km from Necanicum Guard Station and 19 km from Haystack Gallery. This pet-friendly hotel also has free WiFi.,,
Oregon,Gearhart,46.02605,-123.92107,Seas The Day,5.0,"""Seas the Day offers accommodation in Gearhart", 15 km from Cannon Beach. The unit is 3.6 km from Seaside.,,,,,
Oregon,Gearhart,46.01825,-123.91852,The Lodge At Little Beach,5.0,"""The Lodge at Little Beach offers accommodation in Gearhart. Cannon Beach is 14 km away.",,,,,,
Oregon,Gladstone,45.37994,-122.59255,Victorian Villa,5.0,"""Gladstone Victorian Villa is situated in Gladstone", 18 km from Oregon Museum of Science and Industry, 19 km from Governor Tom McCall Waterfront Park, and 19 km from Portland Art Museum. The accommodation is 1.6 km from the Dahl Beach and has free WiFi throughout the property.,,,
Oregon,Gresham,45.50505,-122.42082,Clarion Inn Gresham,2.0,"""Providing a boutique experience at cost-friendly prices in Gresham - OR", Ponderosa Inn is proud to offer immaculate rooms, a friendly and helpful staff, and an array of amenities including a pool, hot tub, free wifi, free self-parking and complimentary coffee bar.
Oregon,Hermiston,45.84551,-119.29035,Motel 6 Hermiston,2.0,"""Spacious rooms with expanded cable TV are featured at this Oregon motel. Hat Rock State Park is a 12-minute drive from Motel 6 Hermiston.",,,,,,
Oregon,Hillsboro,45.51812,-122.97367,Dunes Motel Hillsboro,2.0,"""Portland-Hillsboro Airport is 2 miles from this motel in Oregon. Classic guest rooms include cable TV and free Wi-Fi is available throughout the motel.",,,,,,
Oregon,Hillsboro,45.53493,-122.91682,The Orenco,3.0,"""Set in a traditional Bostonian brownstone building", The Orenco hotel is located in Hillsboro, Oregon. The hotel features a complimentary grab-and-go breakfast, and free Wi-Fi access.,,,
Oregon,Joseph,45.27652,-117.20872,Eagle Cap Chalets,2.0,"""This resort is located at the southern end of Wallowa Lake", just 8 minutes drive from the centre of Joseph, Oregon. A seasonal outdoor pool and year-round hot tub are located on site. Free Wi-Fi access is provided. Wallowa Lake State Park is 1.6 km away.,,,,
Oregon,Lakeview,42.1944,-120.34656,Fremont Inn,1.0,"""This Lakeview", Oregon hotel features European-style walk-in showers in each room. Guests can relax on the patio in the summer and the Cottonwood Reservoir County Park is 11 miles away.,,,,,
Oregon,Lakeview,42.19311,-120.35222,Interstate 8 Motel,2.0,"""Just 4 minutes drive from Warner Canyon Ski Area", this Lakeview motel offers easy access to highways 394 and 140W. A breakfast of donuts, coffee and orange juice is provided. All rooms include free Wi-Fi.,,,,
Oregon,Lakeview,42.19199,-120.34718,Lakeview Lodge Motel,2.0,"""Located off Highway 395", this Lakeview motel offers guest rooms equipped with a cable TV featuring HBO film channels. It offers a free airport shuttle to Lake County Airport, 15 minutes drive away.,,,,
Oregon,Madras,44.85965,-121.18062,Kah-nee-ta Resort And Casino,3.0,"""Facilities",,,,,,
Oregon,Madras,44.63755,-121.12907,Budget Inn Madras,2.0,"""Budget Inn Madras by OYO is offering accommodation in Madras. The hotel features family rooms.",,,,,,
Oregon,Madras,44.63568,-121.13074,Quality Inn,3.0,"""Boasting an outdoor pool and hot tub", this Quality Inn is located in Madras, Oregon. A complimentary breakfast and free WiFi access are featured at this hotel.,,,,
Oregon,Manzanita,45.71945,-123.94071,Sunset Surf Motel,3.0,"""Offering panoramic ocean views", this Manzanita motel features suites with kitchenettes and free Wi-Fi.  It offers a seasonal heated oceanfront outdoor pool. Nahalem Bay State Park Campground is 7 minutes drive away.,,,,,
Oregon,Manzanita,45.72914,-123.93846,Modern Manzanita Retreat,5.0,"""Modern Manzanita Retreat is situated in Nehalem", 600 metres from Manzanita Beach, 22 km from Haystack Hill State Park, and 24 km from Haystack Gallery. This holiday home features free private parking, a 24-hour front desk and free WiFi.,,
Oregon,Manzanita,45.71802,-123.93977,Manzanita Beach Cottage,5.0,"""Manzanita Beach Cottage MCA #520 offers accommodation in Manzanita.",,,,,,
Oregon,Manzanita,45.71446,-123.93912,Beach Street Retreat,3.0,"""Beach Street Retreat offers accommodation in Manzanita. Cannon Beach is 20 km from the property.",,,,,,
Oregon,Manzanita,45.72192,-123.93968,The Little Brown House,5.0,"""The Little Brown House offers accommodation in Manzanita. Cannon Beach is 19 km from the property.",,,,,,
Oregon,Manzanita,45.71902,-123.93847,175 Carmel Avenue N Home,5.0,"""Located in Manzanita", 175 Carmel Avenue N Home provides accommodation with a patio and free WiFi. Situated 200 metres from Manzanita Beach, the property features a garden and free private parking.,,,,
Oregon,Manzanita,45.71889,-123.93915,Manzanita Oak Shores,5.0,"""Manzanita Oak Shores MCA #1485 is located in Manzanita", 19 km from Cannon Beach. Seaside is 31 km away.,,,,,
Oregon,Manzanita,45.72311,-123.9394,Sea Cliff,5.0,"""Sea Cliff MCA #1377 is situated in Manzanita", 19 km from Cannon Beach.,,,,,
Oregon,Manzanita,45.7073,-123.9384,Sweet Dream,5.0,"""Sweet Dream is located in Manzanita", 21 km from Cannon Beach.,,,,,
Oregon,Manzanita,45.7092,-123.91955,Bonnie Dune,5.0,"""Bonnie Dune is set in Manzanita", 21 km from Cannon Beach.,,,,,
Oregon,Manzanita,45.70785,-123.93578,9070 Windward Ln Home,5.0,"""Set in Manzanita", 9070 Windward Ln Home offers accommodation with a patio and free WiFi. Located 300 metres from Manzanita Beach, the property provides a garden and free private parking.,,,,
Oregon,Manzanita,45.73771,-123.94692,38445 Reed,5.0,"""38445 Reed is located in Manzanita", 24 km from Haystack Hill State Park, 26 km from Haystack Gallery, as well as 31 km from Necanicum Guard Station. The accommodation is 600 metres from Manzanita Beach, and guests benefit from complimentary WiFi and private parking available on site.,,
Oregon,Manzanita,45.70719,-123.93598,Sand Bucket House 3 Br Home,5.0,"""Sand Bucket is set in Manzanita", 400 metres from Manzanita Beach, 24 km from Haystack Hill State Park, as well as 26 km from Haystack Gallery. This property offers access to a balcony, free private parking and free WiFi.,,
Oregon,Manzanita,45.70746,-123.93577,Windward Dream Vacation Home,5.0,"""WindWard Dream Vacation Home offers accommodation in Manzanita. Cannon Beach is 21 km from the property.",,,,,,
Oregon,Manzanita,45.72748,-123.9389,Neahkahnie Hideaway,5.0,"""Neahkahnie Hideaway offers accommodation in Neahkahnie Beach. Cannon Beach is 18 km away.",,,,,,
Oregon,Manzanita,45.72933,-123.94314,NeahKahNie Treasure,5.0,"""Offering a garden and sea view", NeahKahNie Treasure is situated in Neahkahnie Beach, a few steps from Manzanita Beach and 23 km from Haystack Hill State Park. It is set 25 km from Haystack Gallery and offers an ATM.,,,,
Oregon,McMinnville,45.21021,-123.19439,McMenamins Hotel Oregon,2.0,"""Situated in Oregons Wine Country", this historic McMinnville hotel boasts a rooftop bar with scenic views of the surrounding valley. An on-site restaurant and free WiFi access are featured at McMenamins Hotel Oregon.,,,,,
Oregon,McMinnville,45.22327,-123.1953,McMinnville Inn,2.0,"""McMinnville Inn is located in McMinnville", Oregon. Free WiFi access is available to guests of this motel. McMinnville City Park is just 10 minutes walk away.,,,,,
Oregon,McMinnville,45.20964,-123.19691,3Rd Street Flats,,"""Situated 1.2 km from Linfield College in McMinnville", 3rd Street Flats features accommodation with air conditioning and free WiFi.,,,,,
Oregon,McMinnville,45.21059,-123.19154,726 Fourth Historic Wortman House,5.0,"""726 Fourth Historic Wortman House offers accommodation in McMinnville. Linfield College is 1.3 km from the property.",,,,,,
Oregon,McMinnville,45.17644,-123.16366,The Farm House,5.0,"""Located in McMinnville", 13 km from Linfield College, The Farm House provides air-conditioned accommodation with a patio and free WiFi.,,,,
Oregon,McMinnville,45.20839,-123.194,Honey Bea,5.0,"""Honey Bea is set in McMinnville. The accommodation is 1.3 km from the Linfield College and features free WiFi throughout the property.",,,,,,
Oregon,McMinnville,45.2109,-123.18902,Vino Ritiro,5.0,"""Situated in McMinnville", within 1.9 km of Linfield College, Vino Ritiro offers accommodation with free WiFi and air conditioning.,,,,
Oregon,McMinnville,45.21687,-123.21951,Mac Haven,5.0,"""Offering accommodation with air conditioning", Mac Haven is located in McMinnville, 2.4 km from Linfield College.,,,,
Oregon,Medford,42.20376,-122.71766,Arden Forest Inn,5.0,"""Offering an outdoor pool and barbecue", Arden Forest Inn is located in Ashland. Free private parking is available on site.,,,,,
Oregon,Medford,42.44797,-123.32212,Buona Sera Inn,2.0,"""Located one mile from Grants Pass Museum of Art", Grants Pass, Oregon inn offers a continental breakfast. Applegate River Golf Club is 9 miles away. Free Wi-Fi is provided in all rooms.,,,,
Oregon,Medford,42.43901,-123.3258,Knights Inn Motel,2.0,"""The Knights Inn Motel is located along South East 7th Street", just 0.2 miles from Grants Pass Museum of Art. Providing free Wi-Fi, it also allows guests to check in anytime at the 24-hour front desk.,,,,
Oregon,Medford,42.43421,-123.32857,Discovery Inn,1.0,"""Discovery Inn is situated in Downtown Grants Pass", 39 km from Medford. Free WiFi is available throughout the property and free private parking is available on site.,,,,,
Oregon,Medford,42.463246,-123.3218,Hampton Inn & Suites Grants Pass OR,2.0,"""The following services and amenities are available", but with reduced service: Breakfast, Pool.The following services and amenities are currently not available: Fitness Center.Enjoy modern amenities and stylish comfort at our new Hampton Inn & Suites Grants Pass hotel. Our location near historic downtown puts you just steps from popular restaurants, shops and Rogue River.,,,
Oregon,Medford,42.20455,-122.72044,Abigails Bed & Breakfast Inn,,"""Abigails Bed and Breakfast Inn features air-conditioned guest accommodation in Ashland", 1.1 km from Oregon Shakespeare Festival, 1.3 km from Oregon Cabaret Theatre and 1.5 km from Ashland Library.,,,,
Oregon,Medford,42.20192,-122.71973,The Iris Inn,4.0,"""Located in Ashland", the Iris Inn is an early 20th century Victorian manor with scenic mountain views. Free Wi-Fi access is available throughout the inn.,,,,,
Oregon,Medford,42.12273,-122.46417,Green Springs Inn & Cabins,3.0,"""Located in the forest near the Southern Cascade Mountains", Green Springs Inn & Cabins offers accommodation in Ashland.,,,,,
Oregon,Medford,42.45127,-123.32228,Bestway Inn,2.0,"""Located off Interstate 5", this Grants Pass, Oregon hotel offers rooms with a cable TV.  Free Wi-Fi is available throughout the property, and the Grants Pass Museum of Art is just 1.2 miles away.,,,
Oregon,Medford,42.34872,-122.87439,Shilo Inn Medford,2.0,"""Located 2 miles away from Medford town centre", this hotel serves a daily continental breakfast.  It features a business centre and a guest launderette on site.  All rooms offer free Wi-Fi.,,,,,
Oregon,Medford,42.45336,-123.32278,Sunset Inn,2.0,"""This motel is 2 miles from Grants Pass Museum of Arts. Free Wi-Fi is included in all guest rooms. OBriens Rogue River Rafting is 14 minutes drive away.",,,,,,
Oregon,Medford,42.46128,-123.31961,Super 8 by Wyndham Grants Pass,2.0,"""Located 35 minutes drive away from Medford", this Oregon hotel features an indoor heated pool and a hot tub. It serves a daily continental breakfast. All guest rooms are equipped with free Wi-Fi.,,,,,
Oregon,Medford,42.45681,-123.32209,Sweet Breeze Inn Grants Pass,1.0,"""Conveniently located off Interstate 5", this Oregon motel offers colourful, individually decorated rooms with free Wi-Fi.  It serves a daily continental breakfast.  Grants Pass town centre is less than 5 minutes drive away.,,,,
Oregon,Medford,42.33264,-122.87225,Americas Best Value Inn Central Medford,2.0,"""Offering a seasonal outdoor swimming pool", this hotel is 20 miles to the entrance of Klamath National Park. Crater Lake National Park is 75 miles away. Free WiFi is featured in all rooms.,,,,,
Oregon,Medford,45.15023,-90.33411,Woodland Inn & Suites,3.0,"""Woodland Inn & Suites is a 3-star property situated in Medford. This 3-star motel offers free WiFi. Guests can have a drink at the snack bar.",,,,,,
Oregon,Medford,42.60121,-122.81861,Maple Leaf Motel,2.0,"""Offering free WiFi access", Maple Leaf Motel is located in Shady Cove, Oregon. Free parking is available on site.,,,,
Oregon,Medford,42.20451,-122.71964,Bayberry Inn B&b,5.0,"""Located in Ashland", 1.1 km from Oregon Shakespeare Festival, Bayberry Inn B&B and Oregon Wellness Retreat provides accommodation with free bikes, free private parking, a garden and a shared lounge. Among the facilities at this property are a shared kitchen and room service, along with free WiFi throughout the property. The accommodation offers a 24-hour front desk, a concierge service and organising tours for guests.
Oregon,Medford,42.19753,-122.71141,Pelton Vacation Rental,5.0,"""Located in downtown Ashland", Pelton Vacation Rental features 4 unique suites with access to a garden.,,,,,
Oregon,Medford,42.19752,-122.70761,Peerless Hotel & Restaurant,3.0,"""Originally built in 1900", this historic Ashland hotel offers boutique amenities and modern conveniences such as free WiFi. Located in Ashlands Railroad District, the Oregon Shakespeare Festival is just 10 minutes walk away.,,,,
Oregon,Medford,42.1941,-122.70737,new Anne Hathaway House,3.0,"""Anne Hathaway House in Ashland offers accommodation with free WiFi", 500 metres from Ashland Library, less than 1 km from Oregon Cabaret Theatre and an 11-minute walk from Oregon Shakespeare Festival. The property is 1.4 km from Southern Oregon University.,,,,
Oregon,Medford,42.33153,-122.84238,The White House Bed and Breakfast,3.0,"""Located in Medford", The White House Bed and Breakfast is situated on a quiet and secluded tree-canopied lane. Guests here can enjoy free breakfast that fits their own schedule, and free Wi-Fi access.,,,,
Oregon,Medford,42.32848,-122.86521,Lady Geneva Bed and Breakfast,5.0,"""Lady Geneva Bed & Breakfast in Medford is situated 21 km from Oregon Shakespeare Festival and features air-conditioned accommodation with free WiFi", as well as access to a terrace.,,,,,
Oregon,Medford,42.30834,-122.8515,Fairfield by Marriott Inn & Suites Medford,5.0,"""Set in Medford and within 18 km of Oregon Shakespeare Festival", Fairfield by Marriott Inn & Suites Medford features free bikes, non-smoking rooms, and free WiFi throughout the property. The property is located 18 km from Oregon Cabaret Theatre, 18 km from Ashland Library and 19 km from Lithia Park. Southern Oregon University is 24 km from the hotel and ScienceWorks Museum is 24 km away.,,
Oregon,Medford,42.19682,-122.71032,Second Street Cottages,5.0,"""Second Street Cottages is a historic home offering accommodation in Ashland. Free WiFi is offered throughout the property and free private parking is available on site.",,,,,,
Oregon,Medford,42.43874,-123.32688,The Lofts at 6th and G,5.0,"""Located in Grants Pass in the Oregon region", The Lofts at 6th and G provides accommodation with free WiFi.,,,,,
Oregon,Medford,42.17289,-122.46892,#44 The Cabins at Hyatt Lake Hot Tub,5.0,"""Situated in Ashland", 31 km from Emigrant Lake, 35 km from Lithia Park and 36 km from ScienceWorks Museum, #44 The Cabins at Hyatt Lake - Sleeps 6 - Hot Tub features accommodation with a patio and free WiFi. This holiday home is 37 km from North Mountain Park and 38 km from Ashland Library.,,,
Oregon,Medford,42.42198,-123.23392,The River House,5.0,"""The River House is a detached holiday home with a garden", located in Rogue River in the Oregon Region. Two over-sized decks are featured at the house. Grants Pass city centre is located less than 10 km from the property, offering nearby dining and shopping.,,,,
Oregon,Monmouth,44.85025,-123.2297,College Inn,1.0,"""Offering free WiFi access", the Courtesy Inn is located in Monmouth, Oregon. Free parking is offered on site.,,,,
Oregon,Newberg,45.26888,-122.87003,DreamGiver's Inn,5.0,"""Set in Newberg", 47 km from Hillsboro, DreamGivers Inn offers a garden and free WiFi.,,,,
Oregon,Newberg,45.30177,-122.96105,Towne and Country Motel,1.0,"""This motel in Newburg", Oregon features a 24-hour front desk and classically furnished rooms with free Wi-Fi and a satellite TV.  George Fox University is within easy walking distance.,,,,,
Oregon,Newberg,45.31236,-122.90795,Parrett Mountain Farm House Retreat,5.0,"""Parrett Mountain Farm House Retreat offers accommodation in Newberg.",,,,,,
Oregon,Newberg,45.30296,-122.97532,The Lions Gate Inn,5.0,"""The Lions Gate Inn in Newberg offers accommodation with free WiFi", 37 km from South Waterfront City Park, 38 km from Governor Tom McCall Waterfront Park and 38 km from Portland Art Museum. The property is 39 km from Portland Childrens Museum and 40 km from World Forestry Discovery Museum.,,,,
Oregon,Newberg,45.33005,-122.99172,The Bungalows At Bellingar Estates,5.0,"""Situated 38 km from Governor Tom McCall Waterfront Park", 39 km from Portland Art Museum and 39 km from Portland State University, The Bungalows at Bellingar Estates #3 features accommodation located in Newberg. The accommodation is 38 km from the South Waterfront City Park and has free WiFi throughout the property.,,,,
Oregon,Newberg,45.30322,-122.97307,The Pearl,5.0,"""The Pearl is located in Newberg and offers a garden and barbecue facilities. The air-conditioned accommodation is 30 km from Aloha", and guests benefit from private parking available on site and free WiFi.,,,,,
Oregon,Newberg,45.30055,-122.97492,Yamhill Flats: Suite #1,5.0,"""Offering free WiFi and city views", Yamhill Flats: Suite #1 is an accommodation situated in Newberg. The air-conditioned accommodation is 30 km from Aloha.,,,,,
Oregon,Newberg,45.30055,-122.97492,Yamhill Flats: Suite #3,5.0,"""Yamhill Flats: Suite #3 is located in Newberg. The holiday home features city views and is 30 km from Aloha.",,,,,,
Oregon,Newberg,45.30055,-122.97492,Yamhill Flats: Suite #2,5.0,"""Offering free WiFi and city views", Yamhill Flats: Suite #2 is an accommodation situated in Newberg. The air-conditioned accommodation is 30 km from Aloha.,,,,,
Oregon,Newberg,45.30055,-122.97492,Yamhill Flats: Suite #5,5.0,"""Offering free WiFi and city views", Yamhill Flats: Suite #5 is an accommodation set in Newberg. The property is 30 km from Aloha and free private parking is offered.,,,,,
Oregon,Newberg,45.30544,-122.909245,Luxury Wine Country Estate,5.0,,,,32860 Northeast Old Parrett Mountain Road  ,97132,,
Oregon,Newberg,45.2801,-122.87575,Roosters Coop,5.0,"""Roosters Coop is situated in Ladd Hill and offers a garden", barbecue facilities and a terrace. The air-conditioned accommodation is 43 km from Hillsboro, and guests benefit from complimentary WiFi and private parking available on site.,,,,
Oregon,Newport,44.67214,-124.06001,Starfish Point,,"""Boasting private beach access", Starfish Point offers self-catering accommodations in Newport, Oregon. Free WiFi access is available.,,,,
Oregon,Newport,44.63017,-124.06349,Hallmark Resort Newport,3.0,"""Located on the oceanfront", this Oregon coast resort features a salt water pool and spa. An ocean view and free Wi-Fi are provided in every room. A restaurant is onsite and the Oregon Coast Aquarium is 5 minutes drive away.,,,,,
Oregon,Newport,44.63515,-124.06246,The Whaler,2.0,"""The Whaler offers accommodations in Newport", Oregon. Rooms at this hotel feature a private balcony or patio with views of the Pacific Ocean. The property is located across the street from the beach.,,,,,
Oregon,Newport,44.62868,-124.06108,Money Saver Motel,2.0,"""Adjacent to Samaritan Pacific Communities Hospital", this Newport, Oregon Motel is within 5 minutes drive of Oregon Coast Aquarium and Marine Science Center Hatfield. Complimentary Wi-Fi is offered in all rooms.,,,,
Oregon,Newport,44.63073,-124.04109,The Landing At Newport Condominium Hotel,3.0,"""The Landing at Newport is a Condominium Hotel. All of the rooms have individual owners that take pride in decorating and taking care of their rooms. Located on Yaquina Bay in Newport", Oregon, these apartments are 4 miles from South Beach State Park.  They feature fireplaces and views of the marina.,,,,
Oregon,Newport,44.64523,-124.05965,Michael's Beach Place @ Shoreline Ridge,5.0,"""Michaels Beach Place at Shoreline Ridge is set in Newport", 200 metres from Nye Beach, less than 1 km from Agate Beach, as well as 3.4 km from Yaquina Bay State Recreation Site. This beachfront property offers access to free WiFi and free private parking.,,,
Oregon,Newport,44.61854,-124.05349,Windward at the Regatta 2 Br condo by RedAwning,5.0,"""Set 1.9 km from Nye Beach", 1.9 km from South Beach and 800 metres from Oregon Coast Aquarium, Windward at the Regatta offers accommodation situated in Newport. This beachfront property offers access to free WiFi and free private parking.,,,,
Oregon,Newport,44.66167,-124.05702,Agate Beach Cottage At Meritage by RedAwning,5.0,"""Agate Beach Cottage At Meritage enjoys a location in Newport", just 3.3 km from Yaquina Head Lighthouse and 6 km from Yaquina Bay State Recreation Site. This holiday home is 7 km from Oregon Coast Aquarium and 7 km from Hatfield Marine Science Center.,,,,,
Oregon,Newport,44.63317,-124.01475,Bay View Retreat for 21 Guests 5 Br home by RedAwning,5.0,"""Located in Newport Heights in the Oregon region", Bay View Retreat for 21 Guests has a patio. The property is 43 km from Lincoln City and private parking is provided.,,,,,
Oregon,Newport,44.63792,-124.06109,The Mermaid at Nye Beach,3.0,"""The Mermaid at Nye Beach offers accommodation in Newport", 36 km from Lincoln City. The unit is 37 km from Yachats.,,,,,
Oregon,Newport,44.6319099774543,-124.059523046144,Newport City Center Motel,5.0,,Hairdryer Microwave Cable / Satellite Television Bathtub or shower Fridge Flat screen TV (LCD  LED or Plasma TV) Climate Control Limited Time Reception Free self parking Private bathrooms Free Wireless Internet access (inroom) Writing Desk Pets Not Allowed American Express Toiletries Visa MasterCard Discover Non-Smoking Hotel Free Wireless Internet access,,538 Southwest Coast Highway 101 NewportOregon 97365 ,97365,5412657381,
Oregon,Newport,44.62782,-124.0578,Arden Cottage,5.0,"""Arden Cottage is located in Newport", 37 km from Lincoln City and 35 km from Yachats.,,,,,
Oregon,Newport,44.6322,-124.06112,Hill Villa,5.0,"""Hill Villa offers accommodation in Newport.",,,,,,
Oregon,Newport,44.67672,-124.07121,Yaquina Lighthouse Home,3.0,"""Yaquina Lighthouse Home offers accommodation in Newport.",,,,,,
Oregon,Newport,44.62585,-124.06474,Yaquina Lighthouse View,3.0,"""The Yaquina House is located in Newport", 37 km from Lincoln City and 35 km from Yachats.,,,,,
Oregon,Newport,44.65526,-124.0481,Agate House,5.0,"""Agate House is located in Newport", 34 km from Lincoln City.,,,,,
Oregon,Newport,44.67731,-124.05851,Bella Vista,5.0,"""Bella Vista is situated in Newport", 31 km from Lincoln City and 41 km from Yachats.,,,,,
Oregon,Newport,44.67425,-124.06144,Agate Beach Motel,1.0,"""Located in Newport and with Agate Beach reachable within 100 metres", Agate Beach Motel provides a garden, non-smoking rooms, free WiFi and a terrace. Featuring family rooms, this property also provides guests with a barbecue. Cobble Beach is 1.5 km away and Moolack Beach is 2.2 km from the motel.,,
Oregon,Newport,44.57703,-124.06866,A Whale of a View,5.0,"""A Whale of a View is set in South Beach", 5 km from Oregon Coast Aquarium, 6 km from Hatfield Marine Science Center, as well as 6.7 km from Yaquina Bay State Recreation Site. The accommodation is a few steps from the South Beach and features free WiFi throughout the property.,,,
Oregon,Newport,44.64327,-124.05993,High Street Retreat 2 Bathrooms Home,5.0,"""Within 100 metres of Nye Beach and less than 1 km of Agate Beach", High Street Retreat offers free WiFi and a shared lounge. This holiday home is 5 km from Hatfield Marine Science Center and 6 km from Yaquina Head Lighthouse.,,,,,
Oregon,Newport,44.67796,-124.06832,457 Nw 56th St Home,5.0,"""Set in Newport in the Oregon region", 457 NW 56th St Home features a patio. The air-conditioned accommodation is 3 km from Nye Beach, and guests benefit from private parking available on site and free WiFi.,,,,
Oregon,Newport,44.63608,-124.0581,35 Sw Hurbert St House,5.0,"""Situated in Newport", this holiday home features a barbecue. The holiday home is 1.4 km from Yaquina Bay State Recreation Site.,,,,,
Oregon,Newport,44.63953,-124.0619,Nye Beach Searenity 1 Br Home,5.0,"""Situated 1.7 km from Agate Beach", 2.2 km from Yaquina Bay State Recreation Site and 3.7 km from Oregon Coast Aquarium, Nye Beach Searenity features accommodation located in Newport. The accommodation is 200 metres from Nye Beach, and guests benefit from private parking available on site and free WiFi.,,,
Oregon,Newport,44.63741,-124.06224,Nye Beach Bums Seaweed Bungalow #7,5.0,"""Nye Beach Bums Seaweed Bungalow #7 is located in Newport", 1.5 km from Yaquina Bay State Recreation Site. Hatfield Marine Science Center is 2.1 km away.,,,,,
Oregon,Newport,44.53787,-124.07457,Sunset Breeze House 13824,5.0,"""Sunset Breeze is set in Newport", 100 metres from Ona Beach, 9.3 km from Oregon Coast Aquarium, and 10 km from Hatfield Marine Science Center. This beachfront property offers access to free WiFi and free private parking.,,,
Oregon,Newport,44.63277,-124.06305,Beach Retreat,5.0,"""Beach Retreat is situated in Newport", 36 km from Lincoln City.,,,,,
Oregon,Newport,44.72123,-124.05747,Beverly Beach Whale Lookout,5.0,"""Beverly Beach Whale Lookout is set in Newport", 27 km from Lincoln City and 46 km from Yachats.,,,,,
Oregon,Newport,44.61791,-124.05358,Bridgetender,5.0,"""Bridgetender is located in Newport", 38 km from Lincoln City.,,,,,
Oregon,Newport,44.66797,-124.05724,Agate Beach Oceanfront Suite A,5.0,"""Agate Beach Oceanfront Suite A offers accommodation in Newport.",,,,,,
Oregon,Newport,44.64171,-124.05667,Nye Beach Bungalow,5.0,"""Nye Beach Bungalow is set in Newport", 35 km from Lincoln City and 37 km from Yachats.,,,,,
Oregon,Newport,44.66754,-124.05724,Whispering Seas With Hot Tub,5.0,"""Whispering Seas with Hot Tub! is located in Newport", 33 km from Lincoln City.,,,,,
Oregon,Newport,44.68826,-124.06371,Yaquina Lighthouse View Beach Home,5.0,"""Yaquina Lighthouse View Beach Home is set in Newport", 30 km from Lincoln City.,,,,,
Oregon,Newport,44.64157,-124.05646,Nye Beach Oceankeeper,5.0,"""Nye Beach Oceankeeper is set in Newport", 35 km from Lincoln City.,,,,,
Oregon,Newport,44.64799,-124.05931,Arrow Point,5.0,"""Arrow Point offers accommodation in Newport.",,,,,,
Oregon,Newport,44.6182,-124.05417,Casa De Margarita,5.0,"""Casa de Margarita is located in Newport", 38 km from Lincoln City and 34 km from Yachats.,,,,,
Oregon,Newport,44.62585,-124.06474,The Yaquina House,5.0,"""The Yaquina House is located in Newport", 37 km from Lincoln City and 35 km from Yachats.,,,,,
Oregon,Newport,44.54873,-124.07155,Whalers Rest Studio Cabin 15,5.0,"""Whalers Rest is located in Forfar", 1.4 km from Ona Beach and provides air-conditioned accommodation with free WiFi, as well as access to a childrens playground.,,,,
Oregon,Newport,44.64493,-124.05936,1125 NW Spring St Condo Unit A 203 Condo,5.0,"""1125 NW Spring St Condo Unit A-203 Condo is an apartment with a fitness centre in Newport", 2.3 km from Yaquina Bay State Recreation Site. The property is 2.8 km from Hatfield Marine Science Center and 3.2 km from Oregon Coast Aquarium.,,,,,
Oregon,Newport,44.63058,-124.03968,The Embarcadero Condos,5.0,"""Situated within 2.6 km of Nye Beach and 2.6 km of Yaquina Bay State Recreation Site in Newport", The Embarcadero Condos features accommodation with free WiFi and TV.,,,,,
Oregon,Newport,44.5394,-124.07448,13610 S Coast Hwy Home,5.0,"""Boasting sea views", 13730 S Coast Hwy Home offers accommodation with a balcony and a coffee machine, around 300 metres from Ona Beach. This beachfront property offers access to a patio, free private parking and free WiFi.,,,
Oregon,Newport,44.64514,-124.05951,Wandering Whale,5.0,"""Wandering Whale is located in Newport", 100 metres from Nye Beach, 3.5 km from Yaquina Bay State Recreation Site, and 5 km from Oregon Coast Aquarium. This holiday home provides free private parking, an ATM and free WiFi.,,
Oregon,Newport,44.67926,-124.06769,The Beach House At Yaquina Head,5.0,"""The Beach House at Yaquina Head offers accommodation in Newport. Yaquina Head Lighthouse is 900 metres from the property.",,,,,,
Oregon,Newport,44.63741,-124.06224,Nye Beach Bums Seaweed Bungalow #8,5.0,"""Set in Newport in the Oregon Region", this holiday home is 1.5 km from Yaquina Bay State Recreation Site. The property is 2.1 km from Hatfield Marine Science Center and features views of the sea.,,,,,
Oregon,Newport,44.64699,-124.05854,The Sea Breeze,5.0,"""Set in Newport", 200 metres from Nye Beach, The Sea Breeze offers accommodation with a garden, free WiFi and an ATM. Guests staying at this holiday home have access to a balcony.,,,
Oregon,Newport,44.63219,-124.04394,Torched Wood By The Bay,5.0,"""Torched Wood by the Bay offers accommodation in Newport. Hatfield Marine Science Center is 1.2 km away.",,,,,,
Oregon,Newport,44.63651,-124.05984,Crab Cottage In Nye Beach,5.0,"""Crab Cottage in Nye Beach offers accommodation in Newport. Yaquina Bay State Recreation Site is 1.4 km away.",,,,,,
Oregon,Newport,44.63302,-124.06144,Jumping Scallops,5.0,"""Situated in Newport", Jumping Scallops is 1 km from Yaquina Bay State Recreation Site. Hatfield Marine Science Center is 1.8 km away.,,,,,
Oregon,Newport,44.53344,-124.07504,Surfside Cottage,5.0,"""Surfside Cottage offers accommodation in Forfar. Lincoln City is 48 km from the property.",,,,,,
Oregon,Newport,44.643,-124.05974,Newport House at Nye Beach,5.0,"""Newport House offers accommodation in Newport. Yaquina Bay State Recreation Site is 2.1 km from the property.",,,,,,
Oregon,Newport,44.64514,-124.05951,Somewhere At The Beach Condo,5.0,"""Somewhere at the Beach in Newport provides accommodation with free WiFi", 200 metres from Nye Beach, less than 1 km from Agate Beach and 3.4 km from Yaquina Bay State Recreation Site. This holiday home is 5.7 km from Yaquina Head Lighthouse and 10 km from Otter Rock.,,,,
Oregon,Newport,44.63158,-124.05055,Sail Inn,5.0,"""Sail Inn has sea views", free WiFi and free private parking, situated in Newport, 1.1 km from Nye Beach. The accommodation features a spa bath.,,,
Oregon,Newport,44.63058,-124.03968,Yaquina Bay Getaway,5.0,"""Located in Newport", within 2.6 km of Yaquina Bay State Recreation Site and 4.1 km of Oregon Coast Aquarium, Yaquina Bay Getaway offers accommodation with free WiFi throughout the property. The property is situated 4.4 km from Hatfield Marine Science Center, 7.7 km from Yaquina Head Lighthouse and 12 km from Otter Rock. The property is non-smoking and is set 2.6 km from Nye Beach.,,,
Oregon,Ontario,44.02435,-116.97943,Ontario Inn,2.0,"""Located 1 mile from downtown Ontario", Oregon and less than 2 miles from I-84, this motel features free Wi-Fi. A breakfast buffet is also served each morning.,,,,
Oregon,Ontario,44.027,-116.94693,Motel 6 Ontario OR,2.0,"""Motel 6 Ontario offers pet-friendly accommodation in Ontario. Guests can enjoy free Wi-Fi and a seasonal outdoor pool.",,,,,,
Oregon,Ontario,44.02561,-116.95926,Oregon Trail Motel,5.0,"""Oregon Trail Motel offers accommodation in Ontario. The accommodation features a 24-hour front desk and room service for guests.",,,,,,
Oregon,Ontario,44.02714,-116.96259,Economy Inn Motel,1.0,"""Economy Inn Ontario is situated in Ontario. This 1-star motel offers a 24-hour front desk. Free WiFi is included.",,,,,,
Oregon,Pendleton,45.84551,-119.29035,Motel 6 Hermiston,2.0,"""Spacious rooms with expanded cable TV are featured at this Oregon motel. Hat Rock State Park is a 12-minute drive from Motel 6 Hermiston.",,,,,,
Oregon,Pendleton,45.32582,-118.09029,Royal Motor Inn,1.0,"""Located in downtown La Grande", Oregon, this motel is just 0.9 miles from Eastern Oregon University. It serves a continental breakfast every morning and features free Wi-Fi access.,,,,
Oregon,Pendleton,45.6732,-118.76679,Rugged Country Lodge,2.0,"""Located in Pendleton", this hotel features outdoor patios and gardens for guest enjoyment. Guest rooms offer free Wi-Fi.,,,,,
Oregon,Pendleton,45.91817,-119.33601,Umatilla Inn & Suites,5.0,"""Set in Umatilla", Oregon region, Umatilla Inn & Suites is situated 46 km from Three Rivers Convention Center. The inn offers a barbecue, a 24-hour front desk, and free WiFi is available throughout the property.,,
Oregon,Pendleton,45.32997,-118.10456,Greenwell Motel,5.0,"""Greenwell Motel is located in La Grande. The motel provides both free WiFi and free private parking.",,,,,,
Oregon,Portland,45.5257,-122.69639,Portland International Guesthouse,5.0,"""Portland International Guesthouse features air-conditioned rooms with flat-screen TV in the Northwest District district of Portland. Among the facilities at this property are a shared kitchen and a shared lounge", along with free WiFi throughout the property. The property is non-smoking and is located 1.9 km from Portland Art Museum.,,,,,
Oregon,Portland,45.51231,-122.63407,HI Portland Hawthorne District Hostel,2.0,"""Situated in Portlands Hawthorne District", this hostel offers free breakfast with all-you-can-make pancakes, cereal with milk, or oatmeal. Free WiFi access and bicycle rentals are available on site.,,,
Oregon,Portland,45.54927,-122.57855,Madison Suites Motel,2.0,"""This central Portland motel is just a 6-minute drive from Rocky Butte State Park.  It features rooms with full kitchenettes and free Wi-Fi.",,,,,,
Oregon,Portland,45.54103,-122.57868,States Motel Portland,1.0,"""Located 8 miles from Portland Art Museum", this Portland, Oregon motel offers rooms with free Wi-Fi.  Portland International Airport (PDX) is just 10 minutes drive away.,,,,
Oregon,Portland,45.52145,-123.08596,McMenamins Grand Lodge,3.0,"""Offering a year-round outdoor pool and a restaurant", McMenamins Grand Lodge is located in Forest Grove. Free WiFi access is available. Pacific University is 5 minutes drive from the lodge.,,,,,
Oregon,Portland,45.53744,-122.40628,McMenamins Edgefield,3.0,"""Boasting an on-site brewery and distillery", McMenamins Edgefield is located in Troutdale, Oregon. Guests can relax in style at the resorts own spa and wellness centre, Rubys Spa & Salon, which features a spacious outdoor soaking pool.,,
Oregon,Portland,45.56448,-122.63029,Mcmenamins Kennedy School,3.0,"""Situated in Portland", 5 km from Oregon Convention Center, McMenamins Kennedy School offers unique accommodation in a historic elementary school. Various restaurants and bars are available on-site. The accommodation offers a 24-hour front desk as well as free WiFi.,,,,
Oregon,Portland,45.5412,-122.65882,McMenamins White Eagle,3.0,"""McMenamins White Eagle Rock & Roll Hotel offers boutique-style accommodations in Portland", 1.3 km from The MODA Center and 1.3 km from Oregon Convention Center. Guests have access to complimentary WiFi throughout the property.,,,,,
Oregon,Portland,39.7744748,-86.1746979,University Place Conference Center & Hotel Indianapolis,4.0,,,,850 West Michigan Street IndianapolisIN 46202 ,46202,,
Oregon,Portland,45.59775,-122.66942,The Portlander Inn and Marketplace,2.0,"""Located 5 miles from Portland International Airport", this hotel offers free airport and local shuttles, a cinema, 2 restaurants and lounge with live music. Rooms provide cable TV with HBO. The property offers coffee for guests in the lobby every day from 5AM to 11AM.,,,
Oregon,Portland,45.38192,-122.76041,Century Hotel,5.0,"""Situated in Tualatin", 19 km from South Waterfront City Park, Century Hotel features accommodation with a fitness centre, free private parking, a shared lounge and a terrace. Among the facilities at this property are a 24-hour front desk and a business centre, along with free WiFi throughout the property. The hotel has an indoor pool, hot tub and room service.
Oregon,Portland,45.3011,-122.76804,Snooz Inn,1.0,"""Within 3 miles of Molalla River State Park", this Wilsonville motel is a 30-minute drive from downtown Portland. It offers free WiFi.,,,,,
Oregon,Portland,45.45624,-122.53473,Mount Scott Manor,3.0,"""Inspired by the Tudor manor houses of England", this residential B&B is located in Portland, Oregon, 14 miles from downtown.  It features a private forest and views of Mt. Hood.,,,
Oregon,Portland,45.52069,-123.07138,Forest Grove Inn,3.0,"""Only 2 miles from Pacific University", this Forest Grove motel is 7 miles from the Portland Hillsboro Airport. Each room offers cable TV, a microwave and fridge. Parking is free.,,,,
Oregon,Portland,45.51812,-122.97367,Dunes Motel Hillsboro,2.0,"""Portland-Hillsboro Airport is 2 miles from this motel in Oregon. Classic guest rooms include cable TV and free Wi-Fi is available throughout the motel.",,,,,,
Oregon,Portland,45.55252,-122.57927,Cameo Motel Portland,2.0,"""This central Portland hotel is located just 3 miles from Portland International Airport.  It offers free on-site parking and spacious rooms with free Wi-Fi.",,,,,,
Oregon,Portland,45.52214,-122.68167,Ace Hotel Portland,3.0,"""This design hotel in downtown Portland is only a 5-minute drive from Portland State University. The hotel offers free Wi-Fi", and unique guest rooms with painted murals.,,,,,
Oregon,Portland,45.49831,-122.57845,Best Value Inns Portland,1.0,,,,3310 South East 82nd Avenue PortlandOregon 97266 ,97266,5037774786,https://www.booking.com/hotel/us/best-value-inns.html
Oregon,Portland,45.533807,-122.578231,Days Inn By Wyndham Portland Central,2.0,"""<p>HeadLine : Near Grotto</p><p>Location : A stay at Days Inn by Wyndham Portland Central places you in the heart of Portland", within a 10-minute drive of Oregon Convention Center and Moda Center.  This motel is 4.9 mi (7.8 km) from Lloyd Center and 6.8 mi (11 km) from Portland State University.</p><p>Rooms : Make yourself at home in one of the 40 air-conditioned rooms featuring LED televisions. Complimentary wireless Internet access keeps you connected, and cable programming is available for your entertainment. Conveniences include irons/ironing boards, housekeeping is provided daily," and cribs/infant beds (complimentary) can be requested.</p><p>CheckIn Instructions : Extra-person charges may apply and vary depending on property policy. <br />Government-issued photo identification and a credit card are required at check-in for incidental charges. <br />Special requests are subject to availability upon check-in and may incur additional charges. Special requests cannot be guaranteed. <ul> Guests must contact this property in advance to reserve onsite parking. This property only accepts credit cards for all bookings and onsite payments. Cash is not accepted.?Prepaid credit cards are not accepted.  Please note that cultural norms and guest policies may differ by country and by property. The policies listed are provided by the property. </ul></p>""",Front desk (limited hours) Express check-in Parking (limited spaces) Vending machine Express check-out Free self parking Free WiFi Smoke-free property Free newspapers in lobby,"""                            Distances are displayed to the nearest 0.1 mile and kilometer. <br /> <p>Grotto - 2.7 km / 1.7 mi <br /> Mall 205 - 3.5 km / 2.2 mi <br /> Providence Portland Medical Center - 3.6 km / 2.2 mi <br /> Mt Tabor Park - 3.7 km / 2.3 mi <br /> Ventura Park - 4 km / 2.5 mi <br /> Colwood National Golf Course - 4.8 km / 3 mi <br /> Hawthorne District - 4.9 km / 3 mi <br /> Oregon Convention Center - 6.4 km / 4 mi <br /> Cascade Station - 6.6 km / 4.1 mi <br /> Hawthorne Theatre - 6.9 km / 4.3 mi <br /> Bagdad Theatre - 7.1 km / 4.4 mi <br /> Lloyd Center - 7.8 km / 4.9 mi <br /> Concordia University - 8.5 km / 5.3 mi <br /> Moda Center - 8.5 km / 5.3 mi <br /> Portland Saturday Market - 8.8 km / 5.5 mi <br /> </p><p>The preferred airport for Days Inn by Wyndham Portland Central is Portland  OR (PDX-Portland Intl.) - 7 km / 4.3 mi </p>"
Oregon,Portland,45.41718,-122.66387,Lakeshore Inn,3.0,"""Nestled next to Lakewood Bay", this waterfront Lake Oswego hotel features a heated lakeside pool with a sun deck. Most rooms offer a private lakefront balcony and every room has a flat-screen cable TV with HBO.,,,,,
Oregon,Portland,45.53493,-122.91682,The Orenco,3.0,"""Set in a traditional Bostonian brownstone building", The Orenco hotel is located in Hillsboro, Oregon. The hotel features a complimentary grab-and-go breakfast, and free Wi-Fi access.,,,
Oregon,Portland,45.55045,-122.57802,Red Roof Inn Portland,2.0,"""Located in Portland", 8 km from Oregon Convention Center, Evergreen Inn & Suites Portland provides accommodation with a seasonal outdoor swimming pool, free private parking and a fitness centre. The property is set 9 km from Moda Center, 9 km from Lan Su Chinese Garden and 10 km from Governor Tom McCall Waterfront Park. The accommodation offers a 24-hour front desk and free WiFi.,,
Oregon,Portland,45.5192,-122.56814,Motel 6 Portland Mall 205,2.0,"""Located off Interstate 205", just 6.3 miles east of downtown Portland, Oregon, this motel is a 10-minute drive from Portland International Airport. It features classic rooms with free Wi-Fi.,,,
Oregon,Portland,45.50505,-122.42082,Clarion Inn Gresham,2.0,"""Providing a boutique experience at cost-friendly prices in Gresham - OR", Ponderosa Inn is proud to offer immaculate rooms, a friendly and helpful staff, and an array of amenities including a pool, hot tub, free wifi, free self-parking and complimentary coffee bar.
Oregon,Portland,45.5814,-122.66087,Econo Lodge Expo Center,2.0,"""This Portland", Oregon hotel is 6 minutes drive from the Portland Metropolitan Exposition Center. It features spacious rooms with free Wi-Fi. Free parking is available.,,,,,
Oregon,Portland,45.53673,-122.70099,Silver Cloud Inn Portland,3.0,"""Situated in Portland", within 3.1 km of International Rose Test Garden and 3.3 km of Lan Su Chinese Garden, Silver Cloud Hotel - Portland features accommodation with a bar and as well as free private parking for guests who drive. With a restaurant, the 3-star hotel has air-conditioned rooms with free WiFi, each with a private bathroom. The accommodation offers room service, a 24-hour front desk and luggage storage for guests.,
Oregon,Portland,45.53723,-122.66374,Portland Pensione,1.0,"""This unique motel is centrally located in the heart of the Rose Quarter district of Portland within walking distance of downtown and light rail", bus and train transportation.,,,,,
Oregon,Portland,45.50832,-122.78085,Rodeway Inn & Suites,2.0,"""This Rodeway Inn hotel is 3.5-miles from the Oregon Zoo. Free coffee is available in the lobby throughout the day.",,,,,,
Oregon,Portland,45.26888,-122.87003,DreamGiver's Inn,5.0,"""Set in Newberg", 47 km from Hillsboro, DreamGivers Inn offers a garden and free WiFi.,,,,
Oregon,Portland,45.52464,-122.67368,The Society Hotel,3.0,"""Set in Portland", 400 metres from Lan Su Chinese Garden, The Society Hotel features accommodation with a terrace and a bar. Situated conveniently in the Downtown Portland district, the property is located 800 metres from Powells City of Books and 1.3 km from Oregon Convention Center. Attractions in the area include Governor Tom McCall Waterfront Park, 1.3 km away, or Portland Art Museum, situated 1.6 km from the property.
Oregon,Portland,45.53513,-122.57939,Portland Value Inn & Suites,2.0,"""Located 6 miles away from Rose Quarter Arena", this Portland motel offers guest rooms with free Wi-Fi and free guest parking.  It features a 24-hour reception and a guest launderette.,,,,,
Oregon,Portland,45.5519,-122.68137,Economy Inn,1.0,"""Featuring 1-star accommodation", Economy Inn is set in Portland, 3.1 km from Moda Center and 3.4 km from Portland Union Station. The 1-star motel has air-conditioned rooms with a private bathroom and free WiFi. The motel has family rooms.,,,,
Oregon,Portland,45.52277,-122.68314,McMenamins Crystal Hotel,3.0,"""McMenamins Crystal Hotel offers unique accommodation in the heart of downtown Portland. Guests can enjoy multiple on-site bars and live entertainment.",,,,,,
Oregon,Portland,45.46806,-122.5788,Del Rancho Motel,2.0,"""Located off Interstate 205", this Portland hotel offers simply furnished rooms with free Wi-Fi.  It offers a 24-hour reception and a guest launderette on-site.  Reed College is 10 minutes drive away.,,,,,
Oregon,Portland,45.5029,-122.5784,Aaron Motel,2.0,"""Located 8 miles away from Central Portland", this motel offers simply furnished rooms equipped with free Wi-Fi and cable TV with premium channels.  Free guest parking is available.,,,,,
Oregon,Portland,45.30177,-122.96105,Towne and Country Motel,1.0,"""This motel in Newburg", Oregon features a 24-hour front desk and classically furnished rooms with free Wi-Fi and a satellite TV.  George Fox University is within easy walking distance.,,,,,
Oregon,Portland,45.55801,-122.68258,Monticello Motel,1.0,"""Conveniently located off Interstate 5", this Oregon motel offers suites with full kitchens and traditionally decorated rooms with free Wi-Fi.  Central Portland is just 3 miles away.,,,,,
Oregon,Portland,45.53607,-122.65026,Lion And The Rose Victorian Guest House,2.0,"""Featuring free WiFi throughout the property", Lion And The Rose Victorian Bed & Breakfast Inn is set in Portland, 1.2 km from Oregon Convention Center.,,,,
Oregon,Portland,45.31236,-122.90795,Parrett Mountain Farm House Retreat,5.0,"""Parrett Mountain Farm House Retreat offers accommodation in Newberg.",,,,,,
Oregon,Portland,45.51942,-122.68133,Park Avenue West Tower,5.0,"""Park Avenue West is located in Portland", 400 metres from Portland Art Museum.,,,,,
Oregon,Portland,45.53617,-122.38808,The Buxton,5.0,"""The Buxton is set in Troutdale", 1.5 km from McMenamins Edgefield and 3.4 km from Lewis and Clark State Recreation Site.,,,,,
Oregon,Portland,45.44361,-122.2881,Garden Gate Estate,5.0,"""Garden Gate Estate offers accommodation in Sandy.",,,,,,
Oregon,Portland,45.53233,-122.68293,Stay Alfred on Northwest Overton,4.0,"""Located within a 12-minute walk of Powells City of Books and 1.1 km of Lan Su Chinese Garden in Portland", Overton Street Apartment by Stay Alfred provides accommodation with free WiFi.,,,,,
Oregon,Portland,45.30296,-122.97532,The Lions Gate Inn,5.0,"""The Lions Gate Inn in Newberg offers accommodation with free WiFi", 37 km from South Waterfront City Park, 38 km from Governor Tom McCall Waterfront Park and 38 km from Portland Art Museum. The property is 39 km from Portland Childrens Museum and 40 km from World Forestry Discovery Museum.,,,,
Oregon,Portland,45.57121,-122.68248,Viking Motel,3.0,"""Viking Motel offers accommodation in Portland", conveniently located off I-5 and within minutes of Downtown Portland.,,,,,
Oregon,Portland,45.55877,-122.67425,Travelers' House,2.0,"""Travelers House is located in Portland", 3.1 km from The Rose Garden Arena and 3.3 km from Oregon Convention Center. It is also within walking distance of Historic Mississippi, Alberta Arts, and Williams Districts.,,,
Oregon,Portland,45.52294,-122.59513,The Villa on Mt Tabor,5.0,"""Designed in a Mediterranean-style", The Villa on Mt Tabor features private villas accessed by individual entrances. A kitchenette and free WiFi are featured in all suites.,,,,,
Oregon,Portland,45.52622,-122.68934,HI Portland Northwest Hostel,2.0,"""Boasting complimentary breakfast featuring fresh hand-rolled bagels with spreads and beverages", this hostel is just a 10-minute walk from Portlands Pearl District. Free WiFi access is available at HI - Portland Northwest Hostel.,,,,,
Oregon,Portland,45.59107,-123.08332,Casale,4.0,"""Located in Forest Grove", 45 km from Portland, Casale features air-conditioned rooms and free private parking.,,,,
Oregon,Portland,45.55954,-122.63468,The Doctors House,5.0,"""The Doctors House features accommodation set in Portland", 6 km from Moda Center and 7 km from Oregon Convention Center. Complimentary WiFi is offered.,,,,,
Oregon,Portland,45.50494,-122.6282,Bluebird Guesthouse,5.0,"""Situated in Portland", in a building dating from 1910, 3 km from Oregon Museum of Science and Industry, Bluebird Guesthouse provides a garden and guestrooms with free WiFi. The property is around 3.6 km from South Waterfront City Park, 3.7 km from Governor Tom McCall Waterfront Park and 3.9 km from Oregon Convention Center. Set in the Southeast Portland district, the inn is within 4.2 km of Lan Su Chinese Garden.,
Oregon,Portland,45.43484,-122.7481,Hampton Inn and Suites Portland Tigard,2.0,"""Featuring 2-star accommodation", Hampton Inn & Suites Tigard is located in Tigard, 13 km from South Waterfront City Park and 13 km from Governor Tom McCall Waterfront Park. With a shared lounge, the 2-star hotel has air-conditioned rooms with free WiFi, each with a private bathroom. The hotel provides an indoor pool, hot tub and a 24-hour front desk.,
Oregon,Portland,45.54364,-122.47902,Courtyard Portland East,3.0,"""Featuring 3-star accommodation", Courtyard Portland East is set in Portland, 9 km from Mt. Hood Community College and 18 km from Oregon Convention Center. The 3-star hotel has air-conditioned rooms with a private bathroom and free WiFi. Governor Tom McCall Waterfront Park is 19 km from the hotel and Portland Union Station is 20 km away.,,,,
Oregon,Portland,45.53011,-122.69338,Doyle Lovejoy,5.0,"""Located just 5 minutes drive away from Central Portland", these apartments feature fully equipped contemporary kitchens and free Wi-Fi.  Free guest parking is available.,,,,,
Oregon,Portland,45.523737,-122.679036,100 Walkscore Pearl District Condos by Barsala,4.0,"""<p>HeadLine : Near Roseland Theater</p><p>Location : With a stay at 100 Walkscore Pearl District Condos by Barsala in Portland (Pearl District)", you ll be a 3-minute walk from Roseland Theater and 14 minutes by foot from Providence Park.  This 4-star aparthotel is 1.1 mi (1.8 km) from Moda Center and 1.4 mi (2.2 km) from Oregon Convention Center.</p><p>Rooms : Make yourself at home in one of the 5 individually decorated guestrooms, featuring kitchens with full-sized refrigerators/freezers and stovetops. 50-inch flat-screen televisions with digital programming provide entertainment, while complimentary wireless Internet access keeps you connected. Conveniences include microwaves and coffee/tea makers, and housekeeping is provided on request.</p><p>CheckIn Instructions : <ul>  <li>Extra-person charges may apply and vary depending on property policy</li><li>Government-issued photo identification and a credit card, debit card, or cash deposit may be required at check-in for incidental charges</li><li>Special requests are subject to availability upon check-in and may incur additional charges; special requests cannot be guaranteed</li><li>No onsite parking is available</li><li>This property accepts credit cards; cash is not accepted</li><li>Safety features at this property include a smoke detector</li>  </ul></p><p>Special Instructions : There is no front desk at this property. Guests will be asked to provide the property with a copy of their government-issued photo ID before arrival. 
Oregon,Portland,45.33005,-122.99172,The Bungalows At Bellingar Estates,5.0,"""Situated 38 km from Governor Tom McCall Waterfront Park", 39 km from Portland Art Museum and 39 km from Portland State University, The Bungalows at Bellingar Estates #3 features accommodation located in Newberg. The accommodation is 38 km from the South Waterfront City Park and has free WiFi throughout the property.,,,,
Oregon,Portland,45.50756,-122.63242,Southeast Portland Retreat,5.0,"""Southeast Portland Retreat is situated in the Southeast Portland district of Portland", 3.7 km from Oregon Museum of Science and Industry, 4.7 km from Governor Tom McCall Waterfront Park and 5 km from Portland Art Museum. This holiday home is 5.4 km from Lan Su Chinese Garden and 5.5 km from Portland State University.,,,,
Oregon,Portland,45.56622,-122.6628,Piedmont Arts and Crafts Vacation Rental,5.0,"""My home is a 1925 Craftsman bungalow situated in northeast Portland  just seven minutes from downtown. Located in a neighborhood full of historic homes with beautiful American architecture", my home has original charm and character with many windows typical of homes of the early 20th century.,,,,,
Oregon,Portland,45.49656,-122.87419,Jaden,5.0,"""Located in Beaverton in the Oregon region", Jaden has a patio. The air-conditioned accommodation is 10 km from Fred Meyer Raleigh Hills Center Shopping Center, and guests benefit from private parking available on site and free WiFi.,,,,
Oregon,Portland,45.52154,-122.89253,The 229,5.0,"""Situated 17 km from World Forestry Discovery Museum", 19 km from International Rose Test Garden and 19 km from Washington Park International Rose Test Gardens, The 229 features accommodation set in Orenco. The accommodation is 16 km from the Portland Childrens Museum and has free WiFi throughout the property.,,,,
Oregon,Portland,45.30322,-122.97307,The Pearl,5.0,"""The Pearl is located in Newberg and offers a garden and barbecue facilities. The air-conditioned accommodation is 30 km from Aloha", and guests benefit from private parking available on site and free WiFi.,,,,,
Oregon,Portland,45.30055,-122.97492,Yamhill Flats: Suite #1,5.0,"""Offering free WiFi and city views", Yamhill Flats: Suite #1 is an accommodation situated in Newberg. The air-conditioned accommodation is 30 km from Aloha.,,,,,
Oregon,Portland,45.30055,-122.97492,Yamhill Flats: Suite #3,5.0,"""Yamhill Flats: Suite #3 is located in Newberg. The holiday home features city views and is 30 km from Aloha.",,,,,,
Oregon,Portland,45.30055,-122.97492,Yamhill Flats: Suite #2,5.0,"""Offering free WiFi and city views", Yamhill Flats: Suite #2 is an accommodation situated in Newberg. The air-conditioned accommodation is 30 km from Aloha.,,,,,
Oregon,Portland,45.30055,-122.97492,Yamhill Flats: Suite #5,5.0,"""Offering free WiFi and city views", Yamhill Flats: Suite #5 is an accommodation set in Newberg. The property is 30 km from Aloha and free private parking is offered.,,,,,
Oregon,Portland,45.51942,-122.68133,Park Avenue West Condos,5.0,"""Park Avenue West is located in Portland", 400 metres from Portland Art Museum.,,,,,
Oregon,Portland,45.51042,-122.58998,Tabor Haus Annex,5.0,"""Tabor Haus Annex is set in Woodstock. The air-conditioned accommodation is 29 km from Aloha.",,,,,,
Oregon,Portland,45.45132,-122.76515,Lizzie Court,5.0,"""Lizzie Court is located in Portland", 13 km from South Waterfront City Park, 14 km from World Forestry Discovery Museum, as well as 14 km from Governor Tom McCall Waterfront Park. The accommodation is 13 km from the Portland Childrens Museum and features free WiFi throughout the property.,,,
Oregon,Portland,45.56297,-122.64619,Duplex In Alberta Art District,5.0,"""Located in Portland", 5.1 km from Oregon Convention Center, 5.2 km from Moda Center and 6.1 km from Lan Su Chinese Garden, Duplex in Alberta Art District provides accommodation with a balcony and free WiFi. Featuring free private parking, the holiday home is in an area where guests can engage in activities such as skiing and tennis.,,
Oregon,Portland,45.30544,-122.909245,Luxury Wine Country Estate,5.0,,,,32860 Northeast Old Parrett Mountain Road  ,97132,,
Oregon,Portland,45.45648,-122.83129,Matrix Hill Heights,5.0,"""Set 15 km from World Forestry Discovery Museum", 16 km from International Rose Test Garden and 17 km from Washington Park International Rose Test Gardens, Matrix Hill Heights offers accommodation located in Beaverton. The accommodation is 14 km from the Portland Childrens Museum and features free WiFi throughout the property.,,,,
Oregon,Portland,45.43705,-122.78757,Fanno Creek Retreat,5.0,"""Set 15 km from World Forestry Discovery Museum", 16 km from South Waterfront City Park and 16 km from International Rose Test Garden, Fanno Creek Retreat offers accommodation situated in Tigard. The accommodation is 14 km from the Portland Childrens Museum and has free WiFi throughout the property.,,,,
Oregon,Portland,45.48532,-122.80669,Central Beaverton Cottage,5.0,"""Watson Avenue Cottage is set in Beaverton", 8.7 km from Portland Childrens Museum, 9.4 km from World Forestry Discovery Museum, as well as 11 km from International Rose Test Garden. This holiday home is 12 km from Portland Art Museum and 13 km from South Waterfront City Park.,,,
Oregon,Portland,45.48532,-122.80669,Watson Avenue Estates,5.0,"""Watson Avenue Estates is set in Beaverton", 9.4 km from World Forestry Discovery Museum, 11 km from International Rose Test Garden, as well as 11 km from Washington Park International Rose Test Gardens. The accommodation is 8.7 km from the Portland Childrens Museum and has free WiFi throughout the property.,,,
Oregon,Portland,45.48532,-122.80669,Watson Avenue Tiny House,5.0,"""Watson Avenue Tiny House is located in Beaverton", 9.4 km from World Forestry Discovery Museum, 11 km from International Rose Test Garden, as well as 11 km from Washington Park International Rose Test Gardens. The accommodation is 8.7 km from the Portland Childrens Museum and features free WiFi throughout the property.,,,
Oregon,Portland,45.37994,-122.59255,Victorian Villa,5.0,"""Gladstone Victorian Villa is situated in Gladstone", 18 km from Oregon Museum of Science and Industry, 19 km from Governor Tom McCall Waterfront Park, and 19 km from Portland Art Museum. The accommodation is 1.6 km from the Dahl Beach and has free WiFi throughout the property.,,,
Oregon,Portland,45.2801,-122.87575,Roosters Coop,5.0,"""Roosters Coop is situated in Ladd Hill and offers a garden", barbecue facilities and a terrace. The air-conditioned accommodation is 43 km from Hillsboro, and guests benefit from complimentary WiFi and private parking available on site.,,,,
Oregon,Portland,45.45976,-122.84792,Cooper Mountain Retreat,5.0,"""Cooper Mountain Retreat is located in Hazeldale", 15 km from World Forestry Discovery Museum, 17 km from International Rose Test Garden, and 17 km from Washington Park International Rose Test Gardens. The accommodation is 15 km from the Portland Childrens Museum and features free WiFi throughout the property.,,,
Oregon,Portland,45.48236,-122.81583,Highland Gables,5.0,"""Highland Gables is set in Beaverton", 11 km from World Forestry Discovery Museum, 12 km from International Rose Test Garden, and 12 km from Washington Park International Rose Test Gardens. The accommodation is 10 km from the Portland Childrens Museum and features free WiFi throughout the property.,,,
Oregon,Prineville,44.30261,-120.85848,Rustlers Inn,5.0,"""Situated in the heart of Central Oregon", Rustlers Inn is a motel located in Prineville. All rooms feature a flat-screen TV with cable channels, and a private bathroom. Free WiFi is included throughout the property.,,,,
Oregon,Prospect,42.75085,-122.489,Prospect Historic Hotel Bed and Breakfast Inn - Motel and Dinner House,5.0,,,,391 Mill Creek Drive  ,,,
Oregon,Redmond,44.28686,-121.17367,Hub Motel,1.0,"""This downtown Redmond", Oregon hotel features rooms with microwaves and refrigerators. The Hub Motel is 3.3 miles from Redmond Municipal Airport and has an on-site restaurant.,,,,,
Oregon,Redmond,44.27763,-121.17347,Greenway Motel,2.0,"""Located 9 miles from Smith Rock State Park", this Redmond, Oregon motel offers rooms with free Wi-Fi. Cline Falls State Park is 5 miles away.,,,,
Oregon,Redmond,44.25858,-121.27375,Eagle Crest Forest Ridge Escape,5.0,"""Featuring a sauna", Forest Ridge Escape is located in Redmond. The accommodation is 34 km from the Hollinshead Park and features free WiFi throughout the property.,,,,,
Oregon,Redmond,44.26886,-121.27012,Eagle Crest on Ridge Course,5.0,"""Eagle Crest on Ridge Course is situated in Redmond", 24 km from Bend and 22 km from Sisters.,,,,,
Oregon,Redmond,44.26883,-121.29407,Eagle Crest Golf Course Seclusion,5.0,"""Eagle Crest Resort on Golf Course with Hot Tub is situated in Redmond", 24 km from Bend and 20 km from Sisters.,,,,,
Oregon,Redmond,44.24007,-121.19377,Hampton Inn Redmond Bend Airport,5.0,"""Set within 23 km of Hollinshead Park and 24 km of Drake Park", Hampton Inn Redmond Bend Airport offers rooms with air conditioning and a private bathroom in Redmond.,,,,,
Oregon,Redmond,44.26004,-121.26285,Eagle Crest Resort Cabin,5.0,"""Eagle Crest Resort Cabin offers accommodation in Redmond. Bend is 23 km away.",,,,,,
Oregon,Redmond,44.25783,-121.26023,Eagle Crest Golfers' Haven on the 15th Fairway,5.0,"""Eagle Crest Golfers Haven on the 15th Fairway is located in Redmond and offers free bikes. Guests benefit from complimentary WiFi and private parking available on site.",,,,,,
Oregon,Redmond,44.26912,-121.26021,Mid Century Deschutes River Cabin,5.0,"""Mid Century Deschutes River Cabin offers accommodation in Redmond.",,,,,,
Oregon,Redmond,44.27402,-121.29317,Eagle Crest Juniper Forest Retreat,5.0,"""Eagle Crest Juniper Forest Retreat offers accommodation in Redmond.",,,,,,
Oregon,Redmond,44.27342,-121.26637,Eagle Crest Nature Retreat,5.0,"""Eagle Crest Nature Retreat offers accommodation in Redmond.",,,,,,
Oregon,Redmond,44.26936,-121.30577,Eagle Crest Village Lp Getaway,5.0,"""Eagle Crest Village Lp Getaway offers accommodation in Redmond. Bend is 24 km from the property.",,,,,,
Oregon,Redmond,44.25999,-121.25327,Refined 3br Golf Resort Condo,5.0,"""Boasting air-conditioned accommodation with a patio", Refined 3BR Golf Resort Condo is situated in Redmond. Guests benefit from a balcony and a childrens playground.,,,,,
Oregon,Redmond,44.26696,-121.27136,Eagle Crest: Osprey Retreat,5.0,"""Set in Redmond", 33 km from Hollinshead Park, 34 km from Drake Park and 36 km from Ponderosa Park, Osprey Retreat at Eagle Crest offers accommodation with a patio and free WiFi.,,,
Oregon,Redmond,44.27628,-121.29407,Eagle Crest Endless Sky,5.0,"""Eagle Crest Endless Sky offers accommodation in Redmond.",,,,,,
Oregon,Redmond,44.2583,-121.27361,Eagle Crest Golfer's Paradise,5.0,"""Eagle Crest Golfers Paradise offers accommodation in Redmond.",,,,,,
Oregon,Redmond,44.27384,-121.3075,Eagle Crest Desert Sky Retreat,5.0,"""Boasting a sauna", Eagle Crest Desert Sky Retreat is situated in Redmond. The accommodation is 38 km from the Hollinshead Park and has free WiFi throughout the property.,,,,,
Oregon,Redmond,44.26645,-121.29741,Eagle Crest Resort's Finest Townhome,5.0,"""Eagle Crest Resorts Finest Townhome offers accommodation in Redmond.",,,,,,
Oregon,Redmond,44.25982,-121.26289,Eagle Crest Family Friendly Chalet,5.0,"""Featuring air conditioning", Eagle Crest Family Friendly Chalet offers accommodation in Redmond. Bend is 23 km from the property.,,,,,
Oregon,Redmond,44.25982,-121.29741,Eagle Crest Family Retreat,5.0,"""Eagle Crest Family Retreat offers accommodation in Redmond.",,,,,,
Oregon,Redmond,44.25979,-121.24952,Eagle Crest's Tenth Green Villa,5.0,"""Located in Redmond", 34 km from Hollinshead Park and 36 km from Drake Park, Eagle Crests Tenth Green Villa offers free WiFi and air conditioning. The holiday home is in an area where guests can engage in activities such as skiing and cycling.,,,,
Oregon,Redmond,44.25905,-121.26879,Eagle Crest Eagle's Landing,5.0,"""Situated in Redmond", Eagle Crest Eagles Landing features accommodation with a balcony and free WiFi. The air-conditioned accommodation is 35 km from Prineville.,,,,,
Oregon,Redmond,44.26837,-121.30952,Eagle Crest Huckleberry Getaway,5.0,"""Located in Redmond", Eagle Crest Huckleberry Getaway provides air-conditioned accommodation with a patio and free WiFi. This holiday home has a garden and free private parking.,,,,,
Oregon,Redmond,44.2684,-121.27196,Eagle Crest Forest Greens Oasis,5.0,"""Located in Redmond", 33 km from Hollinshead Park and 34 km from Drake Park, Eagle Crest Forest Greens Oasis offers free WiFi and air conditioning. The Ponderosa Park is within 36 km of the holiday home.,,,,
Oregon,Redmond,44.27008,-121.3046,Eagle Crest Creekside Escape,5.0,"""Set in Redmond", 36 km from Hollinshead Park and 37 km from Drake Park, Eagle Crest Creekside Escape offers free WiFi and air conditioning. The Ponderosa Park is within 39 km of the holiday home.,,,,
Oregon,Redmond,44.26704,-121.27134,Eagle Crest Hole In One,5.0,"""Situated in Redmond", 33 km from Hollinshead Park and 34 km from Drake Park, Eagle Crest Hole in One offers free WiFi and air conditioning. This holiday home is 36 km from Ponderosa Park.,,,,
Oregon,Redmond,44.2598,-121.27708,Eagle Crest Chalet,5.0,"""Situated in Redmond", 34 km from Hollinshead Park and 35 km from Drake Park, Chalet at Eagle Crest features air-conditioned accommodation with a patio and free WiFi. It is set 37 km from Ponderosa Park and offers an ATM.,,,,
Oregon,Reedsport,43.68757,-123.96607,Umpqua River Inn & Suites,2.0,,Hairdryer Tea/Coffee Making Facilities Kitchen Jacuzzi (Jetted bathtub) inroom Microwave Housekeeping Pets allowed Fridge Non-Smoking Hotel Iron & Board,,45209 State Highway 38 ReedsportOregon 97467 ,97467,,
Oregon,Reedsport,43.66345,-123.79182,Daybreak Haven Bed & Breakfast,2.0,"""Daybreak Haven B&B is located in Scottsburg. Free WiFi access is available.",,,,,,
Oregon,Reedsport,43.69825,-124.11283,Economy Inn,3.0,"""Set in Reedsport", 8.7 km from Umpqua Lighthouse, Economy Inn offers accommodation with free WiFi and free private parking. This 3-star hotel offers room service. Guests can enjoy mountain views.,,,,
Oregon,Reedsport,43.69606,-124.11803,Best Budget Inn,3.0,"""Located in Reedsport", Best Budget Inn features free WiFi and free parking. Umpqua Lighthouse and Ziolkouski Beach Park are 8.5 km away.,,,,,
Oregon,Reedsport,43.69505,-124.12269,Fir Grove Motel,3.0,"""Less than a 10-minute drive from sandy beaches on the Oregon coast", Fir Grove Motel is located in Reedsport. Free WiFi access and a free continental breakfast are available at this motel.,,,,,
Oregon,Reedsport,43.67903,-124.17425,Winchester Bay Inn,5.0,"""Winchester Bay Inn is located in Winchester Bay", Oregon. Reedsport is 10 minutes drive from the property. The property provides nearby access to Highway 101, and boasts views of the Salmon Harbor Marina and Bay where the Umpqua River meets the Pacific Ocean. Various restaurants are located nearby.,,,,
Oregon,Roseburg,42.93871,-123.28528,Seven Feathers Casino Resort,4.0,"""Just off the Interstate 5 motorway in Canyonville", this resort and casino boasts over 1,000 video poker slot machines and numerous dining options. A spa and wellness centre with an indoor pool is featured at Seven Feathers Casino Resort.,,,,
Oregon,Roseburg,42.94182,-123.29092,Creekside Hotel & Suites (Ex. Holiday Inn Express Hotel And Suites Canyonville),3.0,"""Situated in Canyonville", 37 km from Wildlife Safari, Creekside Hotel & Suites provides accommodation with free WiFi and free private parking. The hotel features an indoor pool, hot tub and a 24-hour front desk.,,,
Oregon,Roseburg,43.22343,-123.34628,Roseburg Inn,2.0,"""Offering free Wi-Fi", this motel is located in the town centre of Roseburg. All rooms include a cable TV. Free parking is provided on site.,,,,,
Oregon,Roseburg,43.17385,-123.35993,Shady Oaks Motel,1.0,"""Located just 4 miles away from the Douglas County Fairgrounds", each room at this quiet Umpqua Valley motel offers free Wi-Fi. This hotel is along scenic route 138; which features 12 waterfalls.,,,,,
Oregon,Salem,44.39571,-122.73334,Sweet Home Inn,2.0,"""Located in Sweet Home", just 1 hours drive from Eugene, OR, this inn features a fitness centre and sauna for guest use. Free Wi-Fi is provided in all guest rooms.,,,
Oregon,Salem,45.29736,-123.17875,R. R. Thompson House,3.0,"""Situated in Carlton", R. R. Thompson House offers accommodation with a garden. This bed and breakfast has air-conditioned rooms with a private bathroom. Guests can enjoy garden views.,,,,,
Oregon,Salem,45.00671,-122.78386,Silverton Inn & Suites,3.0,"""Located less than 5 minutes walk from shopping", dining and art galleries in the downtown historic district of Silverton, this hotel features free Wi-Fi and an on-site restaurant," """"310 Water.""""",,,
Oregon,Salem,44.85025,-123.2297,College Inn,1.0,"""Offering free WiFi access", the Courtesy Inn is located in Monmouth, Oregon. Free parking is offered on site.,,,,
Oregon,Salem,45.21021,-123.19439,McMenamins Hotel Oregon,2.0,"""Situated in Oregons Wine Country", this historic McMinnville hotel boasts a rooftop bar with scenic views of the surrounding valley. An on-site restaurant and free WiFi access are featured at McMenamins Hotel Oregon.,,,,,
Oregon,Salem,45.22327,-123.1953,McMinnville Inn,2.0,"""McMinnville Inn is located in McMinnville", Oregon. Free WiFi access is available to guests of this motel. McMinnville City Park is just 10 minutes walk away.,,,,,
Oregon,Salem,44.96822,-123.00745,Travelers Inn Motel,2.0,"""Located 1 mile away from the Oregon State Fairgrounds", this Salem motel offers colourful, simply furnished rooms equipped with free Wi-Fi.  It offers free guest parking and free local telephone calls.,,,,
Oregon,Salem,45.13906,-122.84232,Budget Inn Motel,1.0,"""Located 45 minutes drive from Portland International Airport", this Woodburn motel features free parking. Each guest room includes free Wi-Fi. OGA Golf Course is 3 miles away.,,,,,
Oregon,Salem,45.20964,-123.19691,3Rd Street Flats,,"""Situated 1.2 km from Linfield College in McMinnville", 3rd Street Flats features accommodation with air conditioning and free WiFi.,,,,,
Oregon,Salem,45.1443,-122.8378,Woodburn Inn,1.0,"""A launderette and 24-hour reception is available at this motel. Rooms feature free Wi-Fi and cable TV. OGA Golf Course is 2.5 miles from the property.",,,,,,
Oregon,Salem,44.93586,-123.02178,Knights Inn Salem,3.0,"""Free Wi-Fi is included for all guests at the Knights Inn Salem. The State Capitol building and Willamette University are less than 10 minutes walk away.",,,,,,
Oregon,Salem,45.21059,-123.19154,726 Fourth Historic Wortman House,5.0,"""726 Fourth Historic Wortman House offers accommodation in McMinnville. Linfield College is 1.3 km from the property.",,,,,,
Oregon,Salem,45.17644,-123.16366,The Farm House,5.0,"""Located in McMinnville", 13 km from Linfield College, The Farm House provides air-conditioned accommodation with a patio and free WiFi.,,,,
Oregon,Salem,45.20839,-123.194,Honey Bea,5.0,"""Honey Bea is set in McMinnville. The accommodation is 1.3 km from the Linfield College and features free WiFi throughout the property.",,,,,,
Oregon,Salem,45.2109,-123.18902,Vino Ritiro,5.0,"""Situated in McMinnville", within 1.9 km of Linfield College, Vino Ritiro offers accommodation with free WiFi and air conditioning.,,,,
Oregon,Salem,45.21687,-123.21951,Mac Haven,5.0,"""Offering accommodation with air conditioning", Mac Haven is located in McMinnville, 2.4 km from Linfield College.,,,,
Oregon,Seaside,45.98005,-123.9319,Sandy Cove Inn,1.0,"""A short 2-minute walk from a beach on the Pacific Ocean", Sandy Cove Inn is located in Seaside, Oregon. Free WiFi access and free parking are available on site at this family owned motel.,,,,
Oregon,Seaside,45.98939,-123.928,Paradise Suites,2.0,"""Just a 3-minute walk from the Promenade", Paradise Suites & Rental is located in Seaside, Oregon. Free WiFi access is available at this inn.,,,,
Oregon,Seaside,45.99069,-123.93043,The Seaside Oceanfront Inn,4.0,"""Located on the beach and adjacent to the Promenade", this Seaside inn features a gourmet restaurant and free Wi-Fi in all rooms. Downtown Seaside and Seaside Aquarium is 5 minutes walk away.,,,,,
Oregon,Seaside,45.99488,-123.92801,Hillcrest Inn,2.0,"""Just 2 minutes walk from Seaside Aquarium", this Oregon hotel offers a sauna. All guest accommodations include free Wi-Fi.,,,,,
Oregon,Seaside,45.98018,-123.93437,The Tides by the Sea,5.0,"""Situated in Seaside", 1.6 km from Seaside Carousel Mall and 1.7 km from Seaside Aquarium, The Tides by the Sea features beachfront accommodation with a heated outdoor swimming pool. Free WiFi is provided.,,,,
Oregon,Seaside,45.97478,-123.94254,Lanai at the Cove,2.0,"""Offering a seasonal outdoor pool and views of the sea", Lanai at the Cove is oceanfront and situated in Seaside in the Oregon Region, 1.7 km from Elmer Feldenheimer State Park. Seaside Carousel Mall is 2.4 km away. Free WiFi is available throughout the property.,,,,
Oregon,Seaside,45.99732,-123.92664,Beachside Inn,5.0,"""Situated in Seaside", 300 metres from Seaside Beach, Beachside Inn features accommodation with free WiFi and free private parking. The property is around 8.1 km from Necanicum Guard Station, 13 km from Haystack Gallery and 15 km from Haystack Hill State Park. The property is non-smoking and is located 3.3 km from Seaside Golf Course.,,,
Oregon,Seaside,45.991,-123.93056,Seaside Beach Club Condos,2.0,"""Boasting fully equipped kitchens", these Seaside apartments include free WiFi and ocean views. The property is 1.7 km from Seaside Golf Course and 6.4 km from Necanicum Guard Station.,,,,,
Oregon,Seaside,45.98056,-123.93366,Inn at the Shore,3.0,"""Offering free seasonal bicycle rentals and BBQ facilities", Inn at the Shore is located in Seaside. Free Wi-Fi access is available in all guest rooms.,,,,,
Oregon,Seaside,45.99521,-123.92282,Rivertide Suites,3.0,"""A 5-minute walk from the Seaside Aquarium in Oregon", this riverfront accommodation offers a gym. The comfortably furnished units include a full kitchen and an in-unit launderette.,,,,,
Oregon,Seaside,45.99417,-123.92933,Seashore Inn on the Beach Seaside,2.0,"""Located on the Pacific Beach and the Seaside Promenade", this inn serves a continental breakfast that includes muffins, bagels, fruit and juice.,,,
Oregon,Seaside,45.9946,-123.92943,Ocean Front Motel,1.0,"""Located in Seaside", this oceanfront motel offers select rooms with picture windows and views of the beach and ocean. All rooms feature free WiFi. Seaside Golf Course is 2.1 km away.,,,,,
Oregon,Seaside,46.00497,-123.92625,The Riptides 3 Br home by RedAwning,5.0,"""The Riptides is located in Seaside", 100 metres from Seaside Beach, 4.2 km from Seaside Golf Course, and 9 km from Necanicum Guard Station. This beachfront property offers access to free WiFi and free private parking.,,,
Oregon,Seaside,45.98601,-123.93157,The Tides 4 Br home by RedAwning,5.0,"""Situated 100 metres from Seaside Beach", 1.2 km from Seaside Golf Course and 6.8 km from Necanicum Guard Station, The Tides features accommodation located in Seaside. This beachfront property offers access to free WiFi and free private parking.,,,,
Oregon,Seaside,46.00082,-123.92105,Heron's View at Bridgeport 2 Br condo by RedAwning,5.0,"""Located in Seaside and only 1.1 km from Seaside Beach", Rivers Edge at Bridgeport provides accommodation with river views, free WiFi and free private parking. This apartment is 14 km from Haystack Gallery and 16 km from Haystack Hill State Park.,,,,
Oregon,Seaside,45.99101,-123.93023,Seaside Beach Club #203,5.0,"""Seaside Beach Club 203 is set in Seaside", 100 metres from Seaside Beach, 1.7 km from Seaside Golf Course, as well as 7.5 km from Necanicum Guard Station. This beachfront property offers access to free WiFi and free private parking.,,,
Oregon,Seaside,45.97738,-123.9352,Surfers Cove 3 Br home by RedAwning,5.0,"""Surfers Cove is set in Seaside", a few steps from Seaside Beach, 100 metres from Seaside Golf Course, as well as 6.5 km from Necanicum Guard Station. This property offers access to a balcony, free private parking and free WiFi.,,
Oregon,Seaside,45.98908,-123.92977,Hydrangea and Forget Me Not 3 Br home by RedAwning,5.0,"""Situated 200 metres from Seaside Beach", 1.5 km from Seaside Golf Course and 7.5 km from Necanicum Guard Station, Hydrangea House features accommodation located in Seaside. This property offers access to a balcony, free private parking and free WiFi.,,,
Oregon,Seaside,45.97769,-123.93498,Steve's Getaway 4 Br home by RedAwning,5.0,"""Located 100 metres from Seaside Beach", 100 metres from Seaside Golf Course and 6.5 km from Necanicum Guard Station, Steves Getaway provides accommodation set in Seaside. This property offers access to a balcony, free private parking and free WiFi.,,,
Oregon,Seaside,46.0008,-123.92759,The Tradewinds Condo hotel,3.0,"""Situated near the north end of the Promenade", this oceanfront aparthotel is located in Seaside, Oregon. Self-catering accommodations with free WiFi access are featured at The Tradewinds Condo/Hotel.,,,,
Oregon,Seaside,45.99123,-123.92762,The Crows Nest,,"""Situated just 3 minutes walk from the beach", The Crows Nest is a self-catering accommodation located in Seaside, Oregon. A fully equipped kitchen and an outdoor hot tub are featured at this holiday home.,,,,
Oregon,Seaside,45.99064,-123.92744,Seaside Manor,4.0,,,,521 South Downing Street SeasideOregon 97138 ,97138,,https://www.booking.com/hotel/us/seaside-manor.html
Oregon,Seaside,46.00045,-123.92451,Garden by the Sea,5.0,"""Garden by the Sea is located in Seaside", 700 metres from Seaside Aquarium.,,,,,
Oregon,Seaside,46.00411,-123.92392,Ocean Oak,5.0,"""Ocean Oak is located in Seaside", 1.1 km from Seaside Aquarium.,,,,,
Oregon,Seaside,46.0001,-123.9258,Chinook Cedar Home,5.0,"""Chinook Cedar Home offers accommodation in Seaside", less than 1 km from Seaside Civic Convention Center and a 14-minute walk from Seaside Carousel Mall. This property offers access to a balcony.,,,,,
Oregon,Seaside,45.99947,-123.92732,Sand Dollar Cottage,5.0,"""Sand Dollar Cottage is set in Seaside", 3.7 km from Seaside Golf Course, 8.5 km from Necanicum Guard Station, as well as 14 km from Haystack Gallery. The accommodation is 70 metres from Seaside Beach, and guests benefit from complimentary WiFi and private parking available on site.,,
Oregon,Seaside,45.99856,-123.9273,Orca Beach House,5.0,"""Orca Beach House is situated in Seaside. The property features sea views", and is 700 metres from Seaside Aquarium.,,,,,
Oregon,Seaside,45.98018,-123.93437,Family Tides,5.0,"""Situated in Seaside", 1.6 km from Seaside Carousel Mall and 1.7 km from Seaside Aquarium, The Tides by the Sea features beachfront accommodation with a heated outdoor swimming pool. Free WiFi is provided.,,,,
Oregon,Seaside,45.98399,-123.92903,1638 S Edgewood St Home,5.0,"""Situated in Seaside", 1.6 km from Seaside Carousel Mall, 1.7 km from Seaside Civic Convention Center and 1.8 km from Seaside Aquarium, 1638 S Edgewood St Home features accommodation with a patio and free WiFi. Set 400 metres from Seaside Beach, the property offers a garden and free private parking.,,
Oregon,Seaside,45.99143,-123.92999,Sand & Sea: The Columbia,5.0,"""Sand & Sea: The Columbia (116) is situated in Seaside", 400 metres from Seaside Aquarium and 400 metres from Seaside Carousel Mall.,,,,,
Oregon,Seaside,45.99143,-123.92999,Sand & Sea: A Shore Thing,5.0,"""Sand & Sea: A Shore Thing (118) is situated in Seaside", 400 metres from Seaside Aquarium.,,,,,
Oregon,Seaside,45.99143,-123.92999,Sand & Sea: Agate Hunter,5.0,"""Sand & Sea: Agate Hunter (210) is located in Seaside", 400 metres from Seaside Aquarium and 400 metres from Seaside Carousel Mall.,,,,,
Oregon,Seaside,45.99143,-123.92999,Sand & Sea: Sunset Stroll,5.0,"""Sand & Sea: Sunset Stroll (212) is set in Seaside", 400 metres from Seaside Aquarium.,,,,,
Oregon,Seaside,45.99143,-123.92999,Sand & Sea: Turtle Cove,5.0,"""Sand & Sea: Turtle Cove (214) offers accommodation in Seaside.",,,,,,
Oregon,Seaside,45.99143,-123.92999,Sand & Sea: Rare Ruby,5.0,"""Sand & Sea: Rare Ruby (218) is situated in Seaside", 400 metres from Seaside Aquarium and 400 metres from Seaside Carousel Mall.,,,,,
Oregon,Seaside,45.99143,-123.92999,Sand & Sea: Wave Watcher,5.0,"""Sand & Sea: Wave Watcher (302) offers accommodation in Seaside.",,,,,,
Oregon,Seaside,45.98765,-123.93071,Beach Drive Suites,5.0,"""Set in Seaside in the Oregon region", with Seaside Beach and Seaside Golf Course nearby, Beach Drive Suites offers accommodation with free WiFi and free private parking.,,,,
Oregon,Seaside,45.99593,-123.92492,Holden's Post Riverwalk Condominiums #4,5.0,"""Situated in Seaside", Holdens Post, Riverwalk Condominiums #4 is 200 metres from Seaside Civic Convention Center. Seaside Carousel Mall is 300 metres from the property.,,,,
Oregon,Seaside,46.00477,-123.92421,416 17th Avenue Home,5.0,"""416 17th Avenue Home has a balcony and is situated in Seaside", within just 200 metres of Seaside Beach and 1.4 km of Seaside Civic Convention Center. This property offers access to a patio, free private parking and free WiFi.,,,,
Oregon,Seaside,46.00453,-123.92438,431 17th Avenue Home,5.0,"""Set in Seaside", 1.4 km from Seaside Civic Convention Center, 1.6 km from Seaside Carousel Mall and 1.7 km from Seaside Aquarium, 431 17th Avenue Home offers accommodation with a patio and free WiFi. Located 200 metres from Seaside Beach, the property provides a garden and free private parking.,,
Oregon,Seaside,45.99143,-123.92999,Sand & Sea: The Driftwood,5.0,"""Sand & Sea: The Driftwood (310) is set in Seaside", 400 metres from Seaside Aquarium and 400 metres from Seaside Carousel Mall.,,,,,
Oregon,Seaside,45.99143,-123.92999,Sand & Sea: Coastal Range,5.0,"""Sand & Sea: Coastal Range (312) is set in Seaside", 400 metres from Seaside Aquarium.,,,,,
Oregon,Seaside,45.99143,-123.92999,Sand & Sea: Sailor's Retreat,5.0,"""Sand & Sea: Sailors Retreat (400) is located in Seaside", 400 metres from Seaside Aquarium.,,,,,
Oregon,Seaside,45.99143,-123.92999,Sand & Sea: Water's Edge,5.0,"""Sand & Sea: Waters Edge (402) is set in Seaside", 400 metres from Seaside Aquarium and 400 metres from Seaside Carousel Mall.,,,,,
Oregon,Seaside,45.99143,-123.92999,Sand & Sea: Wave Reflection,5.0,"""Sand & Sea: Wave Reflection (404) is set in Seaside", 400 metres from Seaside Aquarium and 400 metres from Seaside Carousel Mall.,,,,,
Oregon,Seaside,45.99143,-123.92999,Sand & Sea: Blue Haven,5.0,"""Sand & Sea: Blue Haven (412) is set in Seaside", 400 metres from Seaside Aquarium.,,,,,
Oregon,Seaside,45.99143,-123.92999,Sand & Sea: Neawanna Creek,5.0,"""Sand & Sea: Neawanna Creek (414) is situated in Seaside", 400 metres from Seaside Aquarium.,,,,,
Oregon,Seaside,45.99143,-123.92999,Sand & Sea: The Holladay,5.0,"""Sand & Sea: The Holladay (418) is set in Seaside", 400 metres from Seaside Aquarium and 400 metres from Seaside Carousel Mall.,,,,,
Oregon,Seaside,45.99143,-123.92999,Sand & Sea: Haystack Rock,5.0,"""Sand & Sea: Haystack Rock (508) offers accommodation in Seaside.",,,,,,
Oregon,Seaside,45.99143,-123.92999,Sand & Sea: Necanicum River,5.0,"""Sand & Sea: Necanicum River (514) is set in Seaside", 400 metres from Seaside Aquarium.,,,,,
Oregon,Seaside,45.99143,-123.92999,Sand & Sea: Paradise On The Prom,5.0,"""Sand & Sea: Paradise on the Prom (516) offers accommodation in Seaside.",,,,,,
Oregon,Seaside,45.99143,-123.92999,Sand & Sea: Coastal Cove,5.0,"""Sand & Sea: Coastal Cove (518) offers accommodation in Seaside.",,,,,,
Oregon,Seaside,45.99143,-123.92999,Sand & Sea: Beach Palette,5.0,"""Sand & Sea: Beach Palette (602) is set in Seaside", 400 metres from Seaside Aquarium and 400 metres from Seaside Carousel Mall.,,,,,
Oregon,Seaside,45.99143,-123.92999,Sand & Sea: Drifters Cavern,5.0,"""Sand & Sea: Drifters Cavern (614) is located in Seaside", 400 metres from Seaside Aquarium and 400 metres from Seaside Carousel Mall.,,,,,
Oregon,Seaside,45.99968,-123.92636,On The Rocks,5.0,"""On the Rocks is located in Seaside", 600 metres from Seaside Aquarium. Seaside Civic Convention Center is 600 metres away.,,,,,
Oregon,Seaside,45.97978,-123.93116,Sunset Beach House,5.0,"""Sunset Beach House offers accommodation in Seaside. Seaside Carousel Mall is 1.6 km from the property.",,,,,,
Oregon,Seaside,45.98394,-123.92906,1658 S Edgewood Home,5.0,"""1658 S Edgewood Home features a balcony and is located in Seaside", within just 400 metres of Seaside Beach and 1.6 km of Seaside Carousel Mall. This property offers access to a patio, free private parking and free WiFi.,,,,
Oregon,Seaside,45.98223,-123.93263,Seaside Serenity,5.0,"""Seaside Serenity offers accommodation in Seaside.",,,,,,
Oregon,Seaside,46.0001,-123.926,Pearl Off The Prom,5.0,"""Pearl off the Prom is set in Seaside", 600 metres from Seaside Aquarium.,,,,,
Oregon,Seaside,45.97933,-123.93395,Ocean Vista Vacation Home,5.0,"""Ocean Vista Vacation Home offers accommodation in Seaside.",,,,,,
Oregon,Seaside,45.99143,-123.92999,Sand & Sea: The Promenade,5.0,"""Sand & Sea: The Promenade (100) is set in Seaside", 400 metres from Seaside Aquarium and 400 metres from Seaside Carousel Mall.,,,,,
Oregon,Seaside,45.99143,-123.92999,Sand & Sea: The Lewis & Clark,5.0,"""Sand & Sea: The Lewis & Clark (104) is set in Seaside", 400 metres from Seaside Aquarium and 400 metres from Seaside Carousel Mall.,,,,,
Oregon,Seaside,45.99143,-123.92999,Sand & Sea: The Bilberry,5.0,"""Sand & Sea: The Bilberry (114) is located in Seaside", 400 metres from Seaside Aquarium.,,,,,
Oregon,Seaside,45.99143,-123.92999,Sand & Sea: Beach Dreams,5.0,"""Set in Seaside", Sand & Sea: Beach Dreams (112) is 400 metres from Seaside Aquarium. Seaside Carousel Mall is 400 metres from the property.,,,,,
Oregon,Seaside,45.99136,-123.92947,Sand & Sea: Room 308,5.0,"""Sand & Sea: Room 308 offers accommodation in Seaside. Seaside Carousel Mall is 300 metres away.",,,,,,
Oregon,Seaside,45.99591,-123.92664,Seaside Vacation Rental Townhouse,5.0,"""Seaside Vacation Rental in Seaside offers accommodation with free WiFi", 300 metres from Seaside Beach, 2.4 km from Seaside Golf Course and 7.9 km from Necanicum Guard Station. This holiday home is 200 metres from Seaside Civic Convention Center and 300 metres from Seaside Aquarium.,,,,
Oregon,Seaside,45.97997,-123.93106,Sand On My Toes,5.0,"""Sand on my Toes provides accommodation with a kitchen", set in Seaside.,,,,,
Oregon,Seaside,45.98402,-123.92861,Edgewood Retreat,5.0,"""Edgewood Retreat is set in Seaside", 1.1 km from Seaside Carousel Mall. Seaside Aquarium is 1.2 km away.,,,,,
Oregon,Seaside,46.00003,-123.9068,Seaside Camping Resort Deluxe Studio Cabin 2,5.0,"""Offering free WiFi in the clubhouses and an indoor pool", Seaside Camping Resort Deluxe Studio Cabin 2 is situated in Seaside, 1.6 km from Seaside Civic Convention Center. Seaside Camping Resort boasts a hot tub. Seaside Carousel Mall is 1.7 km away.,,,,
Oregon,Seaside,45.98414,-123.92673,Sand Piper,5.0,"""Situated in Seaside", just 1.2 km from Seaside Beach, Sand Piper features accommodation with free bikes, a garden, a terrace and free WiFi. Featuring free private parking, the holiday home is in an area where guests can engage in activities such as hiking, fishing and tennis.
Oregon,Seaside,45.99791,-123.92453,450 6th Avenue,5.0,"""Offering free WiFi and free private parking", 450 6th Avenue is located in Seaside, within just 300 metres of Seaside Beach. The holiday home is 5 km from Elmer Feldenheimer State Park.,,,,
Oregon,Seaside,46.00071,-123.9215,Bridgeport Condominiums,3.0,"""Bridgeport Condo #210 in Seaside provides accommodation with free WiFi", 1.1 km from Seaside Beach, 3.7 km from Seaside Golf Course and 8.5 km from Necanicum Guard Station. This holiday home is less than 1 km from Seaside Civic Convention Center and a 16-minute walk from Seaside Aquarium.,,,,
Oregon,Seaside,45.99931,-123.90678,Seaside Camping Resort Deluxe Studio Cabin 1,5.0,"""Offering free WiFi and an indoor pool", Seaside Camping Resort Deluxe Studio Cabin 1 is situated in Seaside, 1.6 km from Seaside Civic Convention Center. Seaside Camping Resort boasts a hot tub. Seaside Carousel Mall is 1.6 km from the property.,,,,
Oregon,Seaside,45.99931,-123.90677,Seaside Camping Resort Studio Cabin 3,5.0,"""Offering an indoor pool and barbecue", Seaside Camping Resort is situated in Seaside in the Oregon Region, 1.6 km from Seaside Civic Convention Center. Seaside Camping Resort features a hot tub. Seaside Carousel Mall is 1.7 km from the property. Free WiFi is provided in the clubhouses.,,,,
Oregon,Seaside,45.99932,-123.90679,Seaside Camping Resort Studio Cabin 4,5.0,"""Situated in Seaside", 1.6 km from Seaside Civic Convention Center, Seaside Camping Resort boasts an indoor pool and barbecue. Seaside Camping Resort features a hot tub. Seaside Carousel Mall is 1.6 km from the property. Free WiFi is offered in both clubhouses.,,,,
Oregon,Seaside,45.9993,-123.90679,Seaside Camping Resort Cabin 5,5.0,"""Offering an indoor pool", Seaside Camping Resort is set in Seaside, 1.6 km from Seaside Civic Convention Center. The accommodation features a hot tub. Seaside Carousel Mall is 1.6 km away. Free WiFi is available in the clubhouses.,,,,
Oregon,Seaside,45.99932,-123.90679,Seaside Camping Resort Cabin 6,5.0,"""Seaside Camping Resort is situated in Seaside in the Oregon Region", 1.6 km from Seaside Civic Convention Center. The accommodation boasts a hot tub. Seaside Carousel Mall is 1.6 km away. Free WiFi is featured .,,,,,
Oregon,Seaside,45.99933,-123.9068,Seaside Camping Resort Cabin 7,5.0,"""Offering an Indoor pool & complimentary WIFI in both clubhouses", Seaside Camping Resort is set in Seaside, 1.6 km from Seaside Civic Convention Center. The accommodation boasts a hot tub. Seaside Carousel Mall is 1.6 km from the property.,,,,
Oregon,Seaside,45.99933,-123.9068,Seaside Camping Resort Cottage 9,5.0,"""Featuring air conditioning", Seaside Camping Resort is set in Seaside, 1.6 km from Seaside Civic Convention Center. The accommodation boasts a hot tub. Seaside Carousel Mall is 1.6 km away. Free WiFi is offered in both clubhouses. An indoor pool is provided.,,,,
Oregon,Seaside,45.99932,-123.90678,Seaside Camping Resort Cottage 10,5.0,"""Indoor pool & complimentary WIFI is available in both clubhouses. Seaside Camping Resort is situated in Seaside", 1.6 km from Seaside Civic Convention Center. The accommodation features a hot tub. Seaside Carousel Mall is 1.7 km away.,,,,,
Oregon,Seaside,45.99933,-123.9068,Seaside Camping Resort Cottage 11,5.0,"""Seaside Camping Resort is set in Seaside in the Oregon Region", 1.6 km from Seaside Civic Convention Center. Seaside Camping Resort is air conditioned and has a hot tub. Seaside Carousel Mall is 1.6 km from the property. Free WiFi is offered .,,,,,
Oregon,Silverton,45.00671,-122.78386,Silverton Inn & Suites,3.0,"""Located less than 5 minutes walk from shopping", dining and art galleries in the downtown historic district of Silverton, this hotel features free Wi-Fi and an on-site restaurant," """"310 Water.""""",,,
Oregon,Sisters,44.28578,-121.53633,FivePine Lodge,,"""Oversized waterfall soaking tubs are provided in each cottage at this lodge. A full service spa is available on site and breakfast is offered daily. Bend", Oregon is 30 minutes drive away.,,,,,
Oregon,Sisters,44.42621,-121.7287,The Suttle Lodge,5.0,"""The Suttle Lodge & Boathouse has a shared lounge", terrace, a restaurant and bar in Camp Sherman. This pet-friendly hotel also has free WiFi.,,,,
Oregon,Sisters,44.37516,-121.64187,Black Butte Ranch,4.0,"""Black Butte Ranch is set in Sisters and features a bar. Each room comes with a patio.",,,,,,
Oregon,Sisters,44.29075,-121.5554,Sisters Motor Lodge,5.0,"""Located in central Sisters", Oregon, this motel offers comfortably-furnished guest rooms with free Wi-Fi and views of the Cascade Mountains. It features an on-site hot tub and garden.,,,,
Oregon,Sisters,44.37776,-121.66588,Black Butte Ranch - Lodge,5.0,"""Black Butte Ranch Aspen Lodge is situated in Camp Sherman", 45 km from Bend.,,,,,
Oregon,Sisters,44.34664,-121.63503,Black Butte Ranch - Cabins,5.0,"""Black Butte Ranch: Hedge Nettle Cabin offers accommodation in Sisters.",,,,,,
Oregon,Sisters,44.37331,-121.66712,Black Butte Ranch - Homes,3.0,"""Black Butte Ranch: Golfers Getaway is set in Camp Sherman", 45 km from Bend and 13 km from Sisters.,,,,,
Oregon,Sisters,44.35368,-121.64569,Glaze Meadow 7,5.0,"""Glaze Meadow 7 offers accommodation in Sisters.",,,,,,
Oregon,Sisters,44.2881,-121.5536,Pine Street Cottage,5.0,"""Located in Sisters", Pine Street Cottage provides accommodation with a balcony and free WiFi. Situated 35 km from Hollinshead Park, the property features a garden and free private parking.,,,,
Oregon,Sisters,44.3074,-121.5857,The Ponderosa,5.0,"""Situated in Sisters", The Ponderosa features accommodation with a balcony and free WiFi. Boasting free private parking, the holiday home is in an area where guests can engage in activities such as skiing and cycling.,,,,
Oregon,Sisters,44.2889,-121.5477,Fish Inn Bike Inn,3.0,"""Fish Inn Bike Inn is situated in Sisters and offers barbecue facilities. Guests are welcome to enjoy the free WiFi.",,,,,,
Oregon,Sisters,44.3128,-121.5798,The Sisters Moose,5.0,"""The Sisters Moose is set in Sisters", 39 km from Hollinshead Park, 41 km from Drake Park, and 42 km from Ponderosa Park. This property offers access to a balcony, free private parking and free WiFi.,,
Oregon,Sisters,44.36937,-121.67201,70944 Chicory Home,5.0,"""Situated in Black Butte Ranch in the Oregon region", 70944 Chicory Home has a patio. The air-conditioned accommodation is 41 km from Redmond, and guests benefit from complimentary WiFi and private parking available on site.,,,,
Oregon,Sisters,44.37154,-121.67267,Bracken Lane Golf Retreat,5.0,"""Boasting a sauna", Bracken Lane Golf Retreat (GH 86) is situated in Black Butte Ranch. It has mountain views and free WiFi throughout the property.,,,,,
Oregon,Sisters,44.37752,-121.65453,Country House Condo 63,5.0,"""Offering free WiFi and lake views", Country House Condo 63 is an accommodation situated in Black Butte Ranch. The air-conditioned accommodation is 14 km from Sisters.,,,,,
Oregon,Sisters,44.34664,-121.63503,Black Butte Ranch: Hedge Nettle Cabin,5.0,"""Black Butte Ranch: Hedge Nettle Cabin offers accommodation in Sisters.",,,,,,
Oregon,Sisters,44.3123,-121.58757,Peters Tollgate Cabin,5.0,"""Peters Tollgate Cabin offers accommodation in Sisters.",,,,,,
Oregon,Sisters,44.34596,-121.63999,Black Butte Ranch: Nw Contemporary,5.0,"""Black Butte Ranch: NW Contemporary is located in Sisters", 41 km from Bend.,,,,,
Oregon,Sisters,44.36207,-121.64878,Black Butte Ranch: Partridge Foot Cabin Lot #rr83,5.0,"""Black Butte Ranch: Partridge Foot Cabin lot #RR83 offers accommodation in Sisters.",,,,,,
Oregon,Sisters,44.35603,-121.65489,Black Butte Ranch: South Meadow Contemporary,5.0,"""Black Butte Ranch: South Meadow Contemporary is situated in Sisters", 43 km from Bend.,,,,,
Oregon,Sisters,44.28569,-121.54889,Sisters: Whychus Creek Craftsman,5.0,"""Sisters: Whychus Creek Craftsman is set in Sisters", 32 km from Bend.,,,,,
Oregon,Sisters,44.2886,-121.5568,Mountain Sage,5.0,"""Situated in Sisters in the Oregon region", Mountain Sage has a balcony. The air-conditioned accommodation is 35 km from Hollinshead Park, and guests benefit from private parking available on site and free WiFi.,,,,
Oregon,Sisters,44.2954,-121.5304,Meadow View Cabin,5.0,"""Offering free WiFi and mountain views", Meadow View Cabin is an accommodation set in Sisters. The holiday home is in an area where guests can engage in activities such as skiing and cycling.,,,,,
Oregon,Sisters,44.30701,-121.48491,16973 Buck Horn Dr Home,5.0,"""Located in Sisters in the Oregon region", 16973 Buck Horn Dr Home features a patio. The air-conditioned accommodation is 46 km from Madras, and guests benefit from complimentary WiFi and private parking available on site.,,,,
Oregon,Sisters,44.2892,-121.5559,Big Mountain View Condo 2 Bathrooms Condo,5.0,"""Featuring a hot tub", Big Mountain View Condo is located in Sisters. The air-conditioned accommodation is 35 km from Hollinshead Park, and guests benefit from private parking available on site and free WiFi.,,,,
Oregon,Sisters,44.30712,-121.59358,Sisters Tollgate Retreat With Hot Tub & Wifi,5.0,"""Sisters Tollgate Retreat with Hot Tub & WiFi is located in Sisters", 36 km from Bend.,,,,,
Oregon,Sisters,44.2884,-121.5562,Creekside Retreat Pine Meadow Village,5.0,,,,617 West Jefferson Avenue  ,97759,,
Oregon,Sisters,44.3075,-121.5469,D2 Estates,5.0,"""D2 Estates is located in Sisters. The air-conditioned accommodation is 49 km from Madras", and guests benefit from complimentary WiFi and private parking available on site.,,,,,
Oregon,Sisters,44.2911,-121.5375,Timber Creek Escape,5.0,"""Timber Creek Escape offers accommodation in Sisters", 36 km from Drake Park and 38 km from Ponderosa Park. The accommodation is 35 km from Hollinshead Park, and guests benefit from complimentary WiFi and private parking available on site.,,,,
Oregon,Sisters,44.37453,-121.67019,Modern Treehouse Escape,5.0,"""Modern Treehouse Escape offers accommodation in Black Butte Ranch. Bend is 45 km from the property.",,,,,,
Oregon,Sisters,44.36023,-121.64821,Black Butte Ranch: South Meadow Home Eighty Four,5.0,"""Black Butte Ranch: South Meadow Home Eighty-Four is situated in Black Butte Ranch", 43 km from Bend. Sisters is 11 km away.,,,,,
Oregon,Sisters,44.36891,-121.67044,Lucky #7,5.0,"""Lucky #7 is a holiday home in Black Butte Ranch with access to a tennis court. The accommodation is 45 km from Bend.",,,,,,
Oregon,Sisters,44.37063,-121.66784,Black Butte Big Meadow's 11th Fairway,5.0,"""Offering free WiFi and mountain views", Black Butte Big Meadows 11th Fairway is an accommodation located in Black Butte Ranch. The holiday home is in an area where guests can engage in activities such as skiing and cycling.,,,,,
Oregon,Sisters,44.2886,-121.5541,Pine Haven Pine Meadow Village,5.0,"""Pine Haven - Pine Meadow Village is set in Sisters. The air-conditioned accommodation is 46 km from Sunriver", and guests benefit from complimentary WiFi and private parking available on site.,,,,,
Oregon,Sisters,44.2889,-121.5557,Pine Rest,5.0,"""Boasting mountain views", Pine Rest offers accommodation with a balcony and a coffee machine, around 35 km from Hollinshead Park. Featuring free private parking, the apartment is in an area where guests can engage in activities such as skiing and cycling.,,,
Oregon,Sisters,44.294,-121.6107,Sisters Dream Inn,5.0,"""Sisters Dream Inn is situated in Sisters", 41 km from Hollinshead Park, and features a balcony, garden, and free WiFi. Boasting free private parking, the holiday home is in an area where guests can engage in activities such as skiing and cycling.,
Oregon,Sisters,44.2894,-121.5558,Riley`s Mountain View,5.0,"""Located in Sisters", 35 km from Hollinshead Park and 37 km from Drake Park, Riley`s Mountain View provides air-conditioned accommodation with a balcony and free WiFi. Featuring free private parking, the apartment is in an area where guests can engage in activities such as skiing and cycling.,,,
Oregon,Sunriver,43.87284,-121.43994,Sunriver Resort,4.0,"""Situated close to the Cascade Mountain Range and top-rated ski trails", this family-friendly resort offers numerous recreational activities and various amenities. With several dining outlets are featured on-site, guests can enjoy both fine dining and casual fare.,,,,
Oregon,Sunriver,43.8639,-121.44389,Cluster Cabins,3.0,"""Located 24 km from Bend and 48 km from Sisters", Sunriver-Cluster Cabin 12 offers accommodation in Sunriver. Guests benefit from balcony.,,,,,
Oregon,Sunriver,43.90436,-121.43718,Fairway Village Condominiums,3.0,"""Fairway Village 14 Three-Bedroom Condo is located in Sunriver. Guests staying at this apartment have access to a fully equipped kitchen.",,,,,,
Oregon,Sunriver,43.89217,-121.41963,Modoc 5 Home,5.0,"""Boasting a terrace and an ATM", Modoc 05 is ideally located in Sunriver, 27 km from Hollinshead Park and 25 km from Ponderosa Park. The air-conditioned accommodation is 26 km from Drake Park, and guests benefit from private parking available on site and free WiFi.,,,
Oregon,Sunriver,43.89399,-121.43203,Redcedar 17 Four bedroom Home,5.0,"""Featuring mountain views", Redcedar 17 features accommodation with a terrace and a balcony, around 28 km from Drake Park. This holiday home offers free private parking, an ATM and free WiFi.,,,
Oregon,Sunriver,43.88968,-121.42659,Lark 5 Home,5.0,"""Boasting a terrace and an ATM", Lark - 05 is ideally located in Sunriver, 28 km from Hollinshead Park and 26 km from Ponderosa Park. The air-conditioned accommodation is 27 km from Drake Park, and guests benefit from private parking available on site and free WiFi.,,,
Oregon,Sunriver,43.88349,-121.43059,Look Out Lane 8 Home,3.0,"""Featuring a hot tub", Look Out Lane 8 Three-Bedroom Home is situated in Sunriver. Guests staying at this holiday home have access to a fully equipped kitchen.,,,,,
Oregon,Sunriver,43.89908,-121.42624,Hickory 26 Four bedroom Home,5.0,"""Boasting a terrace and an ATM", Hickory 26 is attractively situated in Sunriver, 28 km from Hollinshead Park and 25 km from Ponderosa Park. The air-conditioned accommodation is 27 km from Drake Park, and guests benefit from complimentary WiFi and private parking available on site.,,,
Oregon,Sunriver,43.88437,-121.42397,Butternut 2 2 Br home by RedAwning,5.0,"""Butternut 02", a property with a terrace, is located in Sunriver, 27 km from Drake Park, 29 km from Hollinshead Park, as well as 26 km from Ponderosa Park. This holiday home provides free private parking, an ATM and free WiFi.
Oregon,Sunriver,43.88701,-121.43093,Flat Top 4 2 Br home by RedAwning,5.0,"""Located in Sunriver in the Oregon region", Flat Top 4 features a balcony. The air-conditioned accommodation is 27 km from Bend, and guests benefit from private parking available on site and free WiFi.,,,,
Oregon,Sunriver,43.91284,-121.43701,Big Sky 2,5.0,"""Situated in Sunriver in the Oregon region", Big Sky 02 has a balcony. This holiday home features free private parking, an ATM and free WiFi.,,,,
Oregon,Sunriver,43.90036,-121.42166,Pine Mountain Sunriver,5.0,"""8 Dixie Mountain Lane is set in Sunriver", 20 km from Bend.,,,,,
Oregon,Sunriver,43.88968,-121.42497,Cultus 16,4.0,"""Located in Sunriver", this holiday home is 21 km from Bend. Guests benefit from balcony.,,,,,
Oregon,Sunriver,43.89062,-121.4322,Grouse 7,4.0,"""Grouse 7 is a holiday home set in Sunriver in the Oregon Region and is 21 km from Bend. Guests benefit from balcony.",,,,,,
Oregon,Sunriver,43.89386,-121.42809,Tan Oak 15,4.0,"""15 Tan Oak offers accommodation in Sunriver. Guests benefit from balcony.",,,,,,
Oregon,Sunriver,43.88687,-121.44104,5 Aquila Lodge,4.0,"""Located in Sunriver in the Oregon region", Aquila Lodge - Unit 5 features a balcony. This apartment provides free private parking, a 24-hour front desk and free WiFi.,,,,
Oregon,Sunriver,43.9024,-121.41543,Oregon Loop 5,5.0,"""Oregon Loop 05", a property with a terrace, is located in Bend, 27 km from Drake Park, 28 km from Hollinshead Park, as well as 25 km from Ponderosa Park. This holiday home provides free private parking, an ATM and free WiFi.
Oregon,Sunriver,43.89671,-121.42346,Sasquatch,3.0,,Barbecue grill(s) Free self parking Parking (limited spaces) Smoke-free property Spa tub - 1 Total number of rooms - 1,,18047-18053 Witchhazel Lane BendOregon 97707 ,97707,,
Oregon,Sunriver,43.89739,-121.44276,Yellow Rail 13,4.0,"""Yellow Rail 13 is located in Sunriver and offers a restaurant. The air-conditioned accommodation is 26 km from La Pine", and guests benefit from private parking available on site and free WiFi.,,,,,
Oregon,Sunriver,43.87309,-121.43889,Wildflower Condo 9,4.0,"""Wildflower Condo 9 offers accommodation in Sunriver", 22 km from Bend and 47 km from Sisters. Guests benefit from balcony.,,,,,
Oregon,Sunriver,43.89458,-121.42643,Tan Oak 38,4.0,"""Tan Oak 38 is a holiday home situated in Sunriver", 20 km from Bend. The unit is 45 km from Sisters.,,,,,
Oregon,Sunriver,43.87271,-121.43211,Deer 8,4.0,"""Situated in Sunriver in the Oregon region", Deer Lane 8 features a balcony. There is an in-house restaurant, plus free private parking and free WiFi are available.,,,,
Oregon,Sunriver,43.88828,-121.4223,20 Fairway Village Condos,5.0,"""Boasting mountain views", East Butte 20 provides accommodation with a terrace and a balcony, around 27 km from Drake Park. This holiday home features free private parking, an ATM and free WiFi.,,,
Oregon,Sunriver,43.88786,-121.43512,4 Pine Ridge,5.0,"""Boasting a spa bath", 4 Pine Ridge is located in Sunriver. The accommodation is 27 km from Bend, and guests benefit from complimentary WiFi and private parking available on site.,,,,
Oregon,Sunriver,43.90438,-121.43597,Fairway Village 32 Condo,5.0,"""Boasting a terrace and an ATM", Fairway Village 32 is ideally situated in Sunriver, 29 km from Hollinshead Park and 27 km from Ponderosa Park. The air-conditioned accommodation is 28 km from Drake Park, and guests benefit from private parking available on site and free WiFi.,,,
Oregon,Sunriver,43.90686,-121.43258,3 Mulligan on Golf Crse 4br 3ba,5.0,"""3 Mulligan is set in Sunriver", 29 km from Hollinshead Park and 27 km from Ponderosa Park, in an area where skiing can be enjoyed. The air-conditioned accommodation is 28 km from Drake Park, and guests benefit from complimentary WiFi and private parking available on site.,,,
Oregon,Sunriver,43.89591,-121.41835,Splitrock 11,4.0,"""Splitrock 11 is a holiday home set in Sunriver in the Oregon Region and is 20 km from Bend. The air-conditioned unit is 45 km from Sisters.",,,,,,
Oregon,Sunriver,43.90681,-121.43639,Tokatee 22,4.0,"""Tokatee 22 is a holiday home situated in Sunriver in the Oregon Region and is 20 km from Bend. Guests benefit from balcony.",,,,,,
Oregon,Sunriver,43.89337,-121.42532,Red Alder 3,4.0,"""Red Alder 3 is a holiday home set in Sunriver in the Oregon Region and is 20 km from Bend. Guests benefit from balcony.",,,,,,
Oregon,Sunriver,43.87227,-121.43342,Elk Lane 10,4.0,"""Elk Lane 10 offers accommodation in Sunriver", 23 km from Bend and 48 km from Sisters. Guests benefit from balcony.,,,,,
Oregon,Sunriver,43.86475,-121.44623,Pathfinder 1,4.0,"""Pathfinder 1 is a holiday home located in Sunriver in the Oregon Region and is 24 km from Bend. The unit is 48 km from Sisters.",,,,,,
Oregon,Sunriver,43.89996,-121.43827,Malheur 10,4.0,"""Set in Sunriver", this holiday home is 20 km from Bend. Guests benefit from balcony.,,,,,
Oregon,Sunriver,43.89003,-121.42196,Indian 17,4.0,"""Indian 17 is a holiday home situated in Sunriver in the Oregon Region and is 21 km from Bend. The unit is 46 km from Sisters.",,,,,,
Oregon,Sunriver,43.90014,-121.42196,2 Dixie Mt ac hot Tub 4br 3ba,5.0,"""Boasting a spa bath", 2 Dixie Mt is situated in Sunriver. The air-conditioned accommodation is 26 km from La Pine, and guests benefit from complimentary WiFi and private parking available on site.,,,,
Oregon,Sunriver,43.89548,-121.44218,Rogue 22,5.0,"""Situated in Sunriver and only 29 km from Drake Park", 22 Rogue features accommodation with mountain views, free WiFi and free private parking. This holiday home provides accommodation with a balcony.,,,,
Oregon,Sunriver,43.87995,-121.43893,3 Spyglass golf Mt View 4br 3ba,5.0,"""Situated in Sunriver and only 29 km from Drake Park", 3 Spyglass features accommodation with mountain views, free WiFi and free private parking. This holiday home provides accommodation with a balcony.,,,,
Oregon,Sunriver,43.87585,-121.43236,3 Killdeer hot Tub 2br 2ba,5.0,"""Located in Sunriver and only 29 km from Drake Park", 3 Killdeer provides accommodation with mountain views, free WiFi and free private parking. Guests staying at this holiday home have access to a balcony.,,,,
Oregon,Sunriver,43.87804,-121.42971,2 Quail ac hot Tub 5br 4ba,5.0,"""2 Quail is set in Sunriver", 31 km from Hollinshead Park and 28 km from Ponderosa Park, in an area where skiing can be enjoyed. The air-conditioned accommodation is 29 km from Drake Park, and guests benefit from complimentary WiFi and private parking available on site.,,,
Oregon,Sunriver,43.88494,-121.43646,2 Landrise ac hot Tub 4br 2ba,5.0,"""2 Landrise is set in Sunriver", 31 km from Hollinshead Park and 29 km from Ponderosa Park, in an area where skiing can be enjoyed. The air-conditioned accommodation is 30 km from Drake Park, and guests benefit from private parking available on site and free WiFi.,,,
Oregon,Sunriver,43.90526,-121.4385,Warbler 12,4.0,"""Warbler 12 is a holiday home with a balcony", set in Sunriver. Guests benefit from patio.,,,,,
Oregon,Sunriver,43.89012,-121.42724,Lark 12,4.0,"""Situated 21 km from Bend and 46 km from Sisters", 12 Lark offers accommodation in Sunriver. Guests benefit from balcony.,,,,,
Oregon,Sunriver,43.86525,-121.44363,Pioneer 7,4.0,"""Situated in Sunriver in the Oregon Region", this holiday home is 24 km from Bend. Guests benefit from balcony.,,,,,
Oregon,Sunriver,43.91191,-121.43706,Nine Iron 10,4.0,"""Featuring a balcony", Nine Iron 10 is a holiday home, located in Sunriver. The unit is 19 km from Bend.,,,,
Oregon,Sunriver,43.89032,-121.43697,Alpine 7,4.0,"""Alpine 7 is a holiday home situated in Sunriver in the Oregon Region and is 21 km from Bend. The unit is 45 km from Sisters.",,,,,,
Oregon,Sunriver,43.91172,-121.43748,Nine Iron 7,4.0,"""Situated in Sunriver", this holiday home is located 19 km from Bend. Guests benefit from balcony.,,,,,
Oregon,Sunriver,43.8873,-121.43231,Flat Top Home #2 Home,5.0,"""Situated in Bend in the Oregon region", Flat Top Home #2 Home has a patio. The air-conditioned accommodation is 28 km from Drake Park, and guests benefit from complimentary WiFi and private parking available on site.,,,,
Oregon,Sunriver,43.91007,-121.43104,Tournament golf View 5br 4ba,5.0,"""Featuring mountain views", 11 Tournament offers accommodation with a balcony, around 29 km from Hollinshead Park. The air-conditioned accommodation is 28 km from Drake Park, and guests benefit from private parking available on site and free WiFi.,,,
Oregon,Sunriver,43.86426,-121.47602,Cooper Home Home,5.0,"""Set in Sunriver", Cooper Home Home offers air-conditioned accommodation with a patio and free WiFi. This holiday home has a garden and free private parking.,,,,,
Oregon,Sunriver,43.89548,-121.44218,22 Rogue ac hot Tub 4br 3.5ba,5.0,"""Boasting a spa bath", 22 Rogue-AC-Hot Tub-4BR/3.5BA is situated in Sunriver. The air-conditioned accommodation is 26 km from La Pine, and guests benefit from complimentary WiFi and private parking available on site.,,,,
Oregon,Sunriver,43.8955,-121.43796,26 Yellow Pine 4 Br Home,5.0,"""Featuring a spa bath", 26 Yellow Pine is located in Bend. The air-conditioned accommodation is 28 km from Drake Park, and guests benefit from private parking available on site and free WiFi.,,,,
Oregon,Sunriver,43.88701,-121.43078,Flat Top 3 Home,5.0,"""Situated in Sunriver in the Oregon region", Flat Top 3 has a balcony. The accommodation is 25 km from La Pine, and guests benefit from complimentary WiFi and private parking available on site.,,,,
Oregon,Sunriver,43.88561,-121.4412,23 Quelah,5.0,"""Located in Sunriver and only 30 km from Drake Park", 23 Quelah provides accommodation with mountain views, free WiFi and free private parking. This holiday home offers accommodation with a balcony.,,,,
Oregon,Sunriver,43.8966,-121.43885,16 Yellow Pine,5.0,"""16 Yellow Pine is situated in Sunriver", 30 km from Hollinshead Park and 27 km from Ponderosa Park, in an area where skiing can be enjoyed. The air-conditioned accommodation is 29 km from Drake Park, and guests benefit from private parking available on site and free WiFi.,,,
Oregon,Sunriver,43.89693,-121.42441,3 Witchhazel,5.0,"""Boasting a spa bath", 3 Witchhazel is set in Sunriver. The air-conditioned accommodation is 26 km from Bend.,,,,,
Oregon,Sunriver,43.87935,-121.43918,Meadow House 21 Condo,5.0,"""Boasting a terrace and an ATM", Meadow House 21 is attractively set in Sunriver, 31 km from Hollinshead Park and 28 km from Ponderosa Park. The air-conditioned accommodation is 29 km from Drake Park, and guests benefit from complimentary WiFi and private parking available on site.,,,
Oregon,Sunriver,43.87777,-121.43211,6 Otter hot Tub 3br 2ba,5.0,"""Set in Sunriver and only 29 km from Drake Park", 6 Otter offers accommodation with mountain views, free WiFi and free private parking.,,,,
Oregon,Sunriver,43.89137,-121.4229,Mt Baker ac hot Tub 4br 3.5ba,5.0,"""Featuring mountain views", 8 Mt Baker features accommodation with a balcony, around 28 km from Hollinshead Park. The air-conditioned accommodation is 26 km from Drake Park, and guests benefit from complimentary WiFi and private parking available on site.,,,
Oregon,Sunriver,43.88549,-121.43382,8 Leisure hot Tub 3br 2ba,5.0,"""8 Leisure is located in Sunriver", 31 km from Hollinshead Park and 29 km from Ponderosa Park, in an area where skiing can be enjoyed. The accommodation is 30 km from Drake Park, and guests benefit from complimentary WiFi and private parking available on site.,,,
Oregon,Sunriver,43.86415,-121.44996,8deschutes on River 3br 2ba,5.0,"""Boasting a spa bath", 8Deschutes-On River-3BR/2BA is situated in Sunriver. The air-conditioned accommodation is 30 km from Bend, and guests benefit from complimentary WiFi and private parking available on site.,,,,
Oregon,Sunriver,43.85785,-121.47715,Three Rivers Lodge,5.0,"""Three Rivers Lodge is situated in Sunriver", 32 km from Drake Park and 33 km from Hollinshead Park, in an area where skiing can be enjoyed. The accommodation is 31 km from the Ponderosa Park and features free WiFi throughout the property.,,,,
Oregon,Sunriver,43.82326,-121.45027,Bend Sunriver Camping Resort Cottage 1,5.0,"""Bend-Sunriver Camping Resort Cottage 1 features air-conditioned guest accommodation in Sunriver", 34 km from Drake Park, 35 km from Hollinshead Park and 32 km from Ponderosa Park.,,,,
Oregon,Sunriver,43.82326,-121.45027,Bend Sunriver Camping Resort Cottage 2,5.0,"""Situated in Sunriver", Bend-Sunriver Camping Resort Cottage 2 offers accommodation with a patio and free WiFi.,,,,,
Oregon,Sunriver,43.82326,-121.45027,Bend Sunriver Camping Resort Cottage 3,5.0,"""Located in Sunriver", Bend-Sunriver Camping Resort Cottage 3 offers accommodation with a patio and free WiFi.,,,,,
Oregon,Sunriver,43.82326,-121.45027,Bend Sunriver Camping Resort Cottage 4,5.0,"""Located in Sunriver", Bend-Sunriver Camping Resort Cottage 4 offers accommodation with a patio and free WiFi.,,,,,
Oregon,Sunriver,43.82326,-121.45027,Bend Sunriver Camping Resort Cabin 5,5.0,"""Bend-Sunriver Camping Resort Two-Bedroom Cabin 5 features air-conditioned guest accommodation in Sunriver", 34 km from Drake Park, 35 km from Hollinshead Park and 32 km from Ponderosa Park.,,,,
Oregon,Sunriver,43.82326,-121.45027,Bend Sunriver Camping Resort Studio Cabin 6,5.0,"""Bend-Sunriver Camping Resort Studio Cabin 6 has air-conditioned guest accommodation in Sunriver", 34 km from Drake Park, 35 km from Hollinshead Park and 32 km from Ponderosa Park.,,,,
Oregon,Sunriver,43.82326,-121.45027,Bend Sunriver Camping Resort Cabin 7,5.0,"""Bend-Sunriver Camping Resort Two-Bedroom Cabin 7 has air-conditioned guest accommodation in Sunriver", 34 km from Drake Park, 35 km from Hollinshead Park and 32 km from Ponderosa Park.,,,,
Oregon,Sunriver,43.82326,-121.45027,Bend Sunriver Camping Resort Studio Cabin 8,5.0,"""Bend-Sunriver Camping Resort Studio Cabin 8 has air-conditioned guest accommodation in Sunriver", 34 km from Drake Park, 35 km from Hollinshead Park and 32 km from Ponderosa Park.,,,,
Oregon,Sunriver,43.82326,-121.45027,Bend Sunriver Camping Resort 24 ft. Yurt 9,5.0,"""Situated within 34 km of Drake Park and 35 km of Hollinshead Park in Sunriver", Bend-Sunriver Camping Resort 24 ft. Yurt 9 features accommodation with seating area.,,,,,
Oregon,Sunriver,43.82326,-121.45027,Bend Sunriver Camping Resort 24 ft. Yurt 12,5.0,"""Set within 34 km of Drake Park and 35 km of Hollinshead Park in Sunriver", Bend-Sunriver Camping Resort 24 ft. Yurt 12 offers accommodation with seating area.,,,,,
Oregon,Sunriver,43.82326,-121.45027,Bend Sunriver Camping Resort Wheelchair Accessible Yurt 13,5.0,"""Set within 34 km of Drake Park and 35 km of Hollinshead Park in Sunriver", Bend-Sunriver Camping Resort Wheelchair Accessible Yurt 13 offers accommodation with seating area.,,,,,
Oregon,Sunriver,43.82326,-121.45027,Bend Sunriver Camping Resort 24 ft. Yurt 16,5.0,"""Situated within 34 km of Drake Park and 35 km of Hollinshead Park in Sunriver", Bend-Sunriver Camping Resort 24 ft. Yurt 16 features accommodation with seating area.,,,,,
Oregon,Sunriver,43.89452,-121.42418,39 Poplar,5.0,"""39 Poplar is situated in Sunriver", 20 km from Bend.,,,,,
Oregon,Sunriver,43.87531,-121.43214,Cozy Jay Cabin,5.0,"""Cozy Jay Cabin is set in Sunriver", 22 km from Bend and 47 km from Sisters.,,,,,
Oregon,Sunriver,43.88748,-121.42231,6 East Butte Lane,5.0,"""6 East Butte Lane is located in Sunriver", 21 km from Bend. Guests can enjoy the private hot tub, gas grill, and free WiFi.,,,
Oregon,Sunriver,43.88663,-121.43409,1 Pine Mountain,5.0,"""1 Pine Mountain is located in Sunriver", 21 km from Bend.,,,,,
Oregon,Sunriver,43.91345,-121.43242,1 Prostaff,5.0,"""1 Prostaff is set in Sunriver", 19 km from Bend and 43 km from Sisters.,,,,,
Oregon,Sunriver,43.902,-121.4189,31 Maury Mountain Ln,5.0,"""Located in Sunriver", 27 km from Drake Park and 28 km from Hollinshead Park, 31 Maury Mountain Ln offers free WiFi and air conditioning. The holiday home is in an area where guests can engage in activities such as skiing and cycling.,,,,
Oregon,Sunriver,43.85007,-121.43841,Trailmere Circle Caldera Springs Sunriver,5.0,"""Located in Sunriver", 30 km from Drake Park and 32 km from Hollinshead Park, Trailmere Circle Caldera Springs Sunriver provides air-conditioned accommodation with a patio and free WiFi.,,,,
Oregon,Sunriver,43.89635,-121.42986,Vine Maple golf View 5br 4.5ba,5.0,"""11 Vine Maple is set in Sunriver", 29 km from Hollinshead Park and 26 km from Ponderosa Park, in an area where skiing can be enjoyed. The air-conditioned accommodation is 27 km from Drake Park, and guests benefit from private parking available on site and free WiFi.,,,
Oregon,Sunriver,43.87017,-121.44064,2 Fawn Lane,5.0,"""2 Fawn Lane is situated in Sunriver", 23 km from Bend.,,,,,
Oregon,Sunriver,43.87903,-121.43912,17 Meadow House,5.0,"""17 Meadow House offers accommodation in Sunriver.",,,,,,
Oregon,Sunriver,43.88777,-121.43132,7 Flat Top,5.0,"""7 Flat Top is located in Sunriver", 21 km from Bend.,,,,,
Oregon,Sunriver,43.88424,-121.43195,3 Lofty Lane,5.0,"""3 Lofty Lane is set in Sunriver", 22 km from Bend and 46 km from Sisters.,,,,,
Oregon,Sunriver,43.88943,-121.4259,17 Camas Lane,5.0,"""17 Camas Lane is set in Sunriver", 21 km from Bend and 46 km from Sisters.,,,,,
Oregon,Sunriver,43.89403,-121.42126,5 Dutchman,5.0,"""5 Dutchman offers accommodation in Sunriver with a private hot tub.",,,,,,
Oregon,Sunriver,43.89907,-121.44969,3 Fir Cone Lane,5.0,"""3 Fir Cone Lane is set in Sunriver", 24 km from Bend and 48 km from Sisters.,,,,,
Oregon,Sunriver,43.8966,-121.42575,15 Filbert,5.0,"""15 Filbert is located in Sunriver", 20 km from Bend and 45 km from Sisters.,,,,,
Oregon,Sunriver,43.90492,-121.42678,28 Cypress,5.0,"""28 Cypress is situated in Sunriver", 19 km from Bend.,,,,,
Oregon,Sunriver,43.90072,-121.43105,Catkin Lane 04 Discover Sunriver,5.0,"""Catkin Lane 04", Discover Sunriver is situated in Sunriver, 20 km from Bend.,,,,
Oregon,Sunriver,43.86753,-121.44555,Fairway Lane 1 Discover Sunriver,5.0,"""Fairway Lane 1", Discover Sunriver is set in Sunriver, 24 km from Bend.,,,,
Oregon,Sunriver,43.90453,-121.43584,Fairway Village 28 Discover Sunriver,5.0,"""Fairway Village 28", Discover Sunriver is situated in Sunriver, 20 km from Bend.,,,,
Oregon,Sunriver,43.89608,-121.44891,Golden Eagle Lane 17 Discover Sunriver,5.0,"""Golden Eagle Lane 17", Discover Sunriver is located in Sunriver, 21 km from Bend and 45 km from Sisters.,,,,
Oregon,Sunriver,43.8731,-121.43262,Hare Lane 05 Discover Sunriver,5.0,"""Hare Lane 05", Discover Sunriver offers accommodation in Sunriver.,,,,,
Oregon,Sunriver,43.88842,-121.43339,Lava Butte Lane 03 Discover Sunriver,5.0,"""Lava Butte Lane 03", Discover Sunriver is located in Sunriver, 21 km from Bend and 46 km from Sisters.,,,,
Oregon,Sunriver,43.8846,-121.42536,Lava Top Lane 05 Discover Sunriver,5.0,"""Lava Top Lane 05", Discover Sunriver offers accommodation in Sunriver.,,,,,
Oregon,Sunriver,43.87622,-121.43173,Lynx Lane 08 Discover Sunriver,5.0,"""Lynx Lane 08", Discover Sunriver is situated in Sunriver, 22 km from Bend.,,,,
Oregon,Sunriver,43.87882,-121.43882,Meadow House 11 Discover Sunriver,5.0,"""Meadow House 11", Discover Sunriver offers accommodation in Sunriver.,,,,,
Oregon,Sunriver,43.91018,-121.43142,Tournament Lane 18 Discover Sunriver,5.0,"""Tournament Lane 18", Discover Sunriver is located in Sunriver, 19 km from Bend.,,,,
Oregon,Sunriver,43.87904,-121.43905,Meadow House 15 Discover Sunriver,5.0,"""Meadow House 15", Discover Sunriver is situated in Sunriver, 22 km from Bend and 47 km from Sisters.,,,,
Oregon,Sunriver,43.90529,-121.43579,Tokatee Lane 25 Discover Sunriver,5.0,"""Tokatee Lane 25", Discover Sunriver is located in Sunriver, 20 km from Bend.,,,,
Oregon,Sunriver,43.87895,-121.43958,Meadow House 19 Discover Sunriver,5.0,"""Meadow House 19", Discover Sunriver is situated in Sunriver, 22 km from Bend and 47 km from Sisters.,,,,
Oregon,Sunriver,43.87727,-121.43932,Meadow House 30 Discover Sunriver,5.0,"""Meadow House 30", Discover Sunriver is set in Sunriver, 22 km from Bend.,,,,
Oregon,Sunriver,43.89084,-121.44145,10 Todd Lane Discover Sunriver,5.0,"""10 Todd Lane", Discover Sunriver is set in Sunriver, 21 km from Bend.,,,,
Oregon,Sunriver,43.88101,-121.44014,Meadow House 76 Discover Sunriver,5.0,"""Meadow House 76", Discover Sunriver is located in Sunriver, 22 km from Bend and 47 km from Sisters.,,,,
Oregon,Sunriver,43.8987,-121.42449,Shagbark Lane 21 Discover Sunriver,5.0,"""Shagbark Lane 21", Discover Sunriver is situated in Sunriver, 20 km from Bend.,,,,
Oregon,Sunriver,43.90223,-121.41733,Oregon Loop 8 Discover Sunriver,5.0,"""Oregon Loop 8", Discover Sunriver is set in Sunriver, 19 km from Bend and 45 km from Sisters.,,,,
Oregon,Sunriver,43.89864,-121.41912,Mt Rainier Lane 07 Discover Sunriver,5.0,"""Mt Rainier Lane 07", Discover Sunriver offers accommodation in Sunriver.,,,,,
Oregon,Sunriver,43.8804,-121.43497,Mt View 10 Discover Sunriver,5.0,"""Mt View 10", Discover Sunriver is located in Sunriver, 22 km from Bend.,,,,
Oregon,Sunriver,43.88113,-121.43415,Mt View Condo 22 Discover Sunriver,5.0,"""Mt View Condo 22", Discover Sunriver offers accommodation in Sunriver.,,,,,
Oregon,Sunriver,43.87363,-121.43331,Fox Lane 09 Discover Sunriver,5.0,"""Fox Lane 09", Discover Sunriver is located in Sunriver, 23 km from Bend and 47 km from Sisters.,,,,
Oregon,Sunriver,43.88759,-121.43211,Flat Top Lane 05 Discover Sunriver,5.0,"""Flat Top Lane 05", Discover Sunriver is set in Sunriver, 21 km from Bend and 46 km from Sisters.,,,,
Oregon,Sunriver,43.88174,-121.43334,Mt View 33 Discover Sunriver,5.0,"""Mt View 33", Discover Sunriver offers accommodation in Sunriver.,,,,,
Oregon,Sunriver,43.90851,-121.43719,Five Iron Lane 05 Discover Sunriver,5.0,"""Five Iron Lane 05", Discover Sunriver is situated in Sunriver, 19 km from Bend.,,,,
Oregon,Sunriver,43.89672,-121.42619,Filbert Lane 13 Discover Sunriver,5.0,"""Filbert Lane 13", Discover Sunriver is located in Sunriver, 20 km from Bend and 45 km from Sisters.,,,,
Oregon,Sunriver,43.88293,-121.43762,Mt View 7 Discover Sunriver,5.0,"""Mt View Lane 7", Discover Sunriver is set in Sunriver, 22 km from Bend.,,,,
Oregon,Sunriver,43.90713,-121.42714,Cypress Lane 06 Discover Sunriver,5.0,"""Cypress Lane 06", Discover Sunriver is situated in Sunriver, 19 km from Bend.,,,,
Oregon,Sunriver,43.90165,-121.43273,Eaglewood 3 Discover Sunriver,5.0,"""Eaglewood 3", Discover Sunriver is located in Sunriver, 20 km from Bend.,,,,
Oregon,Sunriver,43.88293,-121.43762,Mt View Lane 7 Discover Sunriver,5.0,"""Mt View Lane 7", Discover Sunriver is set in Sunriver, 22 km from Bend.,,,,
Oregon,Sunriver,43.87727,-121.43191,Muskrat Lane 05 Discover Sunriver,5.0,"""Muskrat Lane 05", Discover Sunriver is situated in Sunriver, 22 km from Bend and 47 km from Sisters.,,,,
Oregon,Sunriver,43.8891,-121.43692,Newberry Lane 10 Discover Sunriver,5.0,"""Newberry Lane 10", Discover Sunriver is situated in Sunriver, 21 km from Bend and 46 km from Sisters.,,,,
Oregon,Sunriver,43.87822,-121.43124,Otter Lane 11 Discover Sunriver,5.0,"""Otter Lane 11", Discover Sunriver offers accommodation in Sunriver.,,,,,
Oregon,Sunriver,43.87801,-121.43098,Otter Lane 12 Discover Sunriver,5.0,"""Otter Lane 12", Discover Sunriver is set in Sunriver, 22 km from Bend and 47 km from Sisters.,,,,
Oregon,Sunriver,43.89476,-121.4225,Poplar 12 Discover Sunriver,5.0,"""Poplar 12", Discover Sunriver offers accommodation in Sunriver.,,,,,
Oregon,Sunriver,43.88853,-121.44045,Circle 4 Ranch 31 Discover Sunriver,5.0,"""Circle 4 Ranch 31", Discover Sunriver is set in Sunriver, 21 km from Bend and 46 km from Sisters.,,,,
Oregon,Sunriver,43.86807,-121.44104,Central Lane 03 Discover Sunriver,5.0,"""Central Lane 03", Discover Sunriver is located in Sunriver, 24 km from Bend.,,,,
Oregon,Sunriver,43.88856,-121.43949,Circle 4 Ranch 25 Discover Sunriver,5.0,"""Circle 4 Ranch 25", Discover Sunriver offers accommodation in Sunriver.,,,,,
Oregon,Sunriver,43.89394,-121.44524,Aspen Lane 03 Discover Sunriver,5.0,"""Aspen Lane 03", Discover Sunriver is situated in Sunriver, 21 km from Bend and 45 km from Sisters.,,,,
Oregon,Sunriver,43.88398,-121.44231,Quelah Condo 4 Discover Sunriver,5.0,"""Quelah Condo 4", Discover Sunriver offers accommodation in Sunriver.,,,,,
Oregon,Sunriver,43.88703,-121.42782,Cedar Lane 11 Discover Sunriver,5.0,"""Cedar Lane 11", Discover Sunriver is set in Sunriver, 21 km from Bend and 46 km from Sisters.,,,,
Oregon,Sunriver,43.8845,-121.44323,Quelah Condo 73 Discover Sunriver,5.0,"""Quelah Condo 73", Discover Sunriver is located in Sunriver, 22 km from Bend.,,,,
Oregon,Sunriver,43.8989,-121.43475,Big Leaf Lane 28 Discover Sunriver,5.0,"""Big Leaf Lane 28", Discover Sunriver is situated in Sunriver, 20 km from Bend.,,,,
Oregon,Sunriver,43.88494,-121.44235,Quelah Lane 7 Discover Sunriver,5.0,"""Quelah Lane 7", Discover Sunriver is located in Sunriver, 22 km from Bend.,,,,
Oregon,Sunriver,43.89825,-121.43395,Big Leaf 33 Discover Sunriver,5.0,"""Big Leaf 33", Discover Sunriver offers accommodation in Sunriver.,,,,,
Oregon,Sunriver,43.88784,-121.44098,Ranch Cabin 12 Discover Sunriver,5.0,"""Ranch Cabin 12", Discover Sunriver is located in Sunriver, 22 km from Bend and 46 km from Sisters.,,,,
Oregon,Sunriver,43.88859,-121.42837,Awbrey Lane 08 Discover Sunriver,5.0,"""Awbrey Lane 08", Discover Sunriver is situated in Sunriver, 21 km from Bend and 46 km from Sisters.,,,,
Oregon,Sunriver,43.89304,-121.43282,Red Cedar 42 Discover Sunriver,5.0,"""Red Cedar 42", Discover Sunriver is located in Sunriver, 21 km from Bend.,,,,
Oregon,Sunriver,43.87511,-121.43905,Augusta Lane 01 Discover Sunriver,5.0,"""Augusta Lane 01", Discover Sunriver is located in Sunriver, 23 km from Bend.,,,,
Oregon,Sunriver,43.8923,-121.43261,Red Cedar 26 Discover Sunriver,5.0,"""Red Cedar 26", Discover Sunriver offers accommodation in Sunriver.,,,,,
Oregon,Sunriver,43.89296,-121.4451,Aspen Lane 22 Discover Sunriver,5.0,"""Aspen Lane 22", Discover Sunriver is set in Sunriver, 21 km from Bend.,,,,
Oregon,Sunriver,43.87277,-121.4321,Sunriver Deer 9,4.0,"""Sunriver-Deer 9 offers accommodation in Sunriver", 23 km from Bend and 47 km from Sisters. Guests benefit from balcony.,,,,,
Oregon,Sunriver,43.8882,-121.44077,Ranch Cabin 17,4.0,"""Situated in Sunriver", this holiday home is 22 km from Bend. The unit is 46 km from Sisters.,,,,,
Oregon,Sunriver,43.89497,-121.42694,Tan Oak 36,4.0,"""Located in Sunriver", this air-conditioned holiday home features a balcony. The unit is 20 km from Bend.,,,,,
Oregon,Sunriver,43.88979,-121.43162,Hoodoo 5,4.0,"""Set 21 km from Bend and 46 km from Sisters", Hoodoo 5 offers accommodation in Sunriver. Guests benefit from balcony.,,,,,
Oregon,Sunriver,43.89868,-121.43548,Big Leaf 25,4.0,"""Big Leaf 25 is a holiday home set in Sunriver", 20 km from Bend. Guests benefit from balcony.,,,,,
Oregon,Sunriver,43.87013,-121.43715,Backwoods 3,4.0,"""3 Backwoods offers accommodation in Sunriver", 23 km from Bend. The air-conditioned unit is 48 km from Sisters.,,,,,
Oregon,Sunriver,43.88532,-121.43497,Leisure 4,4.0,"""Leisure 4 is a holiday home with a balcony", situated in Sunriver. The air-conditioned unit is 22 km from Bend.,,,,,
Oregon,Sunriver,43.89558,-121.42683,Tan Oak 33,4.0,"""Tan Oak 33 is a holiday home with a balcony", situated in Sunriver in the Oregon Region. The unit is 20 km from Bend.,,,,,
Oregon,Sunriver,43.86768,-121.45179,Vista 16,4.0,"""16 Vista is a holiday home with a balcony", set in Sunriver. Guests benefit from patio.,,,,,
Oregon,Sunriver,43.8922,-121.42262,Mt Baker 5,4.0,"""Mt Baker 5 is a holiday home set in Sunriver", 20 km from Bend. The air-conditioned unit is 46 km from Sisters.,,,,,
Oregon,Sunriver,43.89867,-121.44518,Goldfinch 5,4.0,"""Set in Sunriver", this holiday home is situated 21 km from Bend. The unit is 44 km from Sisters.,,,,,
Oregon,Sunriver,43.87441,-121.43328,Grizzly 5,4.0,"""5 Grizzly is a holiday home situated in Sunriver in the Oregon Region and is 23 km from Bend. Guests benefit from balcony.",,,,,,
Oregon,Sunriver,43.8637,-121.43387,56856 Enterprise Dr Condo Unit I6,5.0,"""Situated in Sunriver in the Oregon region", 56856 Enterprise Dr Condo Unit I6 has a patio. The accommodation is 28 km from Bend, and guests benefit from private parking available on site and free WiFi.,,,,
Oregon,Sunriver,43.87695,-121.4398,1 Cherrywood Golf View 5 Br 3ba,5.0,"""1 Colonial is set in Sunriver", 31 km from Hollinshead Park and 28 km from Ponderosa Park, in an area where skiing can be enjoyed. The air-conditioned accommodation is 29 km from Drake Park, and guests benefit from complimentary WiFi and private parking available on site.,,,
Oregon,Sunriver,43.89633,-121.43034,5 Vine Maple Golf View 6br 6ba,5.0,"""5 Vine Maple is situated in Sunriver", 29 km from Hollinshead Park and 26 km from Ponderosa Park, in an area where skiing can be enjoyed. The air-conditioned accommodation is 27 km from Drake Park, and guests benefit from private parking available on site and free WiFi.,,,
Oregon,Sunriver,43.88584,-121.42888,Quartz Mountain 8,4.0,"""Situated in Sunriver in the Oregon Region", this holiday home is 21 km from Bend. Guests benefit from balcony.,,,,,
Oregon,Sunriver,43.88763,-121.42668,Sunriver Conifer 7,4.0,"""Situated in Sunriver in the Oregon Region", this holiday home is 21 km from Bend. The air-conditioned unit is 46 km from Sisters.,,,,,
Oregon,Sunriver,43.8718,-121.43257,Sunriver Deer 1,4.0,"""Featuring a balcony", Sunriver-Deer 1 is a holiday home, situated in Sunriver. Guests benefit from patio.,,,,
Oregon,Sunriver,43.8985,-121.41545,Mt Rose 2,4.0,"""Mt Rose 2 offers accommodation in Sunriver", 20 km from Bend and 45 km from Sisters. Guests benefit from balcony.,,,,,
Oregon,Sunriver,43.88935,-121.42713,Lark 7,4.0,"""Lark 7 is a holiday home situated in Sunriver", 21 km from Bend. The unit is 46 km from Sisters.,,,,,
Oregon,Sunriver,43.89039,-121.42424,Sunriver Big Leaf 7,4.0,"""Sunriver-Big Leaf 7 is a holiday home with a balcony", situated in Sunriver. The air-conditioned unit is 20 km from Bend.,,,,,
Oregon,Sunriver,43.89328,-121.4322,Red Cedar 49,4.0,"""Located 21 km from Bend and 45 km from Sisters", 49 Red Cedar offers accommodation in Sunriver. Guests benefit from balcony.,,,,,
Oregon,Sunriver,43.89489,-121.42983,Vine Maple 21,4.0,"""Located in Sunriver", this holiday home is set 20 km from Bend. Guests benefit from balcony.,,,,,
Oregon,Sunriver,43.87115,-121.43118,Sunriver Coyote 19,4.0,"""Sunriver-Coyote 19 is a holiday home situated in Sunriver", 23 km from Bend. Guests benefit from balcony.,,,,,
Oregon,Sunriver,43.88668,-121.42297,Diamond Peak 23,4.0,"""23 Diamond Peak is a holiday home with a balcony", situated in Sunriver. The unit is 21 km from Bend.,,,,,
Oregon,Sunriver,43.89822,-121.41553,Mt Rose 11,4.0,"""Mt Rose 11 is a holiday home set in Sunriver in the Oregon Region and is 20 km from Bend. Guests benefit from balcony.",,,,,,
Oregon,Sunriver,43.89168,-121.41876,Rager Mountain 13,4.0,"""Rager Mountain 13 is a holiday home set in Sunriver in the Oregon Region and is 20 km from Bend. Guests benefit from balcony.",,,,,,
Oregon,Sunriver,43.88728,-121.4205,Ashwood 4,4.0,"""Located in Sunriver", this holiday home is 21 km from Bend. The air-conditioned unit is 46 km from Sisters.,,,,,
Oregon,Sunriver,43.89105,-121.44135,Todd Lane 1,4.0,"""Set in Sunriver in the Oregon Region", this holiday home is 21 km from Bend. Guests benefit from balcony.,,,,,
Oregon,Sunriver,43.88584,-121.42183,Juniper 18,4.0,"""Featuring a balcony", Juniper 18 is a holiday home, set in Sunriver. Guests benefit from patio.,,,,
Oregon,Sunriver,43.88875,-121.41884,Timber 3,4.0,"""Situated 21 km from Bend and 46 km from Sisters", Timber 3 offers accommodation in Sunriver. Guests benefit from balcony.,,,,,
Oregon,Sunriver,43.88362,-121.44284,Quelah Condo 20,4.0,"""20 Quelah Condo is a holiday home set in Sunriver in the Oregon Region and is 22 km from Bend. Guests benefit from balcony.",,,,,,
Oregon,Sunriver,43.90598,-121.43558,Tokatee 32,4.0,"""32 Tokatee is a holiday home located in Sunriver in the Oregon Region and is 20 km from Bend. The air-conditioned unit is 44 km from Sisters.",,,,,,
Oregon,Sunriver,43.90599,-121.43666,Tokatee 38,4.0,"""Situated 20 km from Bend and 44 km from Sisters", 38 Tokatee offers accommodation in Sunriver. Guests benefit from balcony.,,,,,
Oregon,Sunriver,43.89525,-121.4416,Rogue 3,4.0,"""3 Rogue is a holiday home set in Sunriver", 21 km from Bend. Guests benefit from balcony.,,,,,
Oregon,Sunriver,43.89456,-121.41898,Splitrock 8,4.0,"""Splitrock 8 offers accommodation in Sunriver", 20 km from Bend. Guests benefit from balcony.,,,,,
Oregon,Sunriver,43.89809,-121.43747,Big Leaf 18,4.0,"""Sunriver-Big Leaf 18 is a holiday home located in Sunriver", 20 km from Bend. The air-conditioned unit is 45 km from Sisters.,,,,,
Oregon,Sunriver,43.89586,-121.42008,Dutchman 12,4.0,"""Dutchman 12 offers accommodation in Sunriver. The air-conditioned unit is 20 km from Bend.",,,,,,
Oregon,Sunriver,43.87568,-121.4317,Lynx 5 Cabin In The Woods,4.0,"""Lynx 5 is a holiday home located in Sunriver", 22 km from Bend. The air-conditioned unit is 47 km from Sisters.,,,,,
Oregon,Sunriver,43.88312,-121.43575,Fifteenth Tee 1,4.0,"""Set in Sunriver in the Oregon Region", this holiday home is 22 km from Bend. Guests benefit from balcony.,,,,,
Oregon,Sunriver,43.88678,-121.427,Cedar Lane 3,4.0,"""Set in Sunriver", this holiday home is situated 21 km from Bend. Guests benefit from balcony.,,,,,
Oregon,Sunriver,43.87881,-121.4404,Meadow Hse Cndo 49,4.0,"""Located 22 km from Bend and 47 km from Sisters", Meadow Hse Cndo 49 offers accommodation in Sunriver. Guests benefit from balcony.,,,,,
Oregon,Sunriver,43.8771,-121.43204,Muskrat 4,4.0,"""4 Muskrat is a holiday home is located in Sunriver and is 22 km from Bend. Guests benefit from balcony.",,,,,,
Oregon,Sunriver,43.87127,-121.43125,Coyote 20,4.0,"""Coyote 20 is a holiday home set in Sunriver", 23 km from Bend. Guests benefit from balcony.,,,,,
Oregon,Sunriver,43.8979,-121.41555,Mt Rose 9,4.0,"""Located 20 km from Bend", Mt Rose 9 offers accommodation in Sunriver. The air-conditioned unit is 45 km from Sisters.,,,,,
Oregon,Sunriver,43.8857,-121.42201,Juniper 9,4.0,"""Featuring a balcony", Juniper 9 is a holiday home, situated in Sunriver. Guests benefit from patio.,,,,
Oregon,Sunriver,43.90319,-121.43833,Topflite 3,4.0,"""3 Topflite is a holiday home situated in Sunriver in the Oregon Region and is 20 km from Bend. Guests benefit from balcony.",,,,,,
Oregon,Sunriver,43.87782,-121.43852,Meadow Hse Cndo 5,4.0,"""Set in Sunriver", this air-conditioned apartment features a balcony. Guests benefit from patio.,,,,,
Oregon,Sunriver,43.88779,-121.42318,East Butte 11,4.0,"""11 East Butte is a holiday home with a balcony", located in Sunriver in the Oregon Region. The unit is 21 km from Bend.,,,,,
Oregon,Sunriver,43.89583,-121.42055,Dutchman 17,4.0,"""Dutchman 17 offers accommodation in Sunriver", 20 km from Bend and 45 km from Sisters. Guests benefit from balcony.,,,,,
Oregon,Sunriver,43.88942,-121.4321,Hoodoo 3,4.0,"""Situated in Sunriver in the Oregon Region", this holiday home is 21 km from Bend. The unit is 46 km from Sisters.,,,,,
Oregon,Sunriver,43.89928,-121.42146,Belknap 3,4.0,"""3 Belknap is a holiday home set in Sunriver in the Oregon Region and is 20 km from Bend. The air-conditioned unit is 45 km from Sisters.",,,,,,
Oregon,Sunriver,43.87805,-121.43842,Meadow Hse Cndo 8,4.0,"""Set 22 km from Bend and 46 km from Sisters", Meadow Hse Cndo 8 offers accommodation in Sunriver. Guests benefit from balcony.,,,,,
Oregon,Sunriver,43.8744,-121.43325,Grizzly 6,4.0,"""Featuring a balcony", 6 Grizzly is a holiday home, located in Sunriver. The air-conditioned unit is 23 km from Bend.,,,,
Oregon,Sunriver,43.86968,-121.43799,Woodland 2,4.0,"""Situated in Sunriver", this holiday home is located 23 km from Bend. The unit is 48 km from Sisters.,,,,,
Oregon,Sunriver,43.87961,-121.43002,Puma 9,4.0,"""Situated 22 km from Bend and 47 km from Sisters", 9 Puma offers accommodation in Sunriver. Guests benefit from balcony.,,,,,
Oregon,Sunriver,43.88367,-121.44097,Skyline Condo 13,4.0,"""Located in Sunriver", this apartment is 22 km from Bend. Guests benefit from balcony.,,,,,
Oregon,Sunriver,43.90212,-121.438,Topflite 12,4.0,"""12 Topflite is a holiday home is located in Sunriver and is 20 km from Bend. The unit is 44 km from Sisters.",,,,,,
Oregon,Sunriver,43.85007,-121.47652,Indio Road 16997,4.0,"""Indio Road 16997 is a holiday home with a balcony", situated in Sunriver. The unit is 27 km from Bend.,,,,,
Oregon,Sunriver,43.87273,-121.43201,Deer 18 Home,5.0,"""Located in Sunriver", 29 km from Drake Park, 30 km from Hollinshead Park and 27 km from Ponderosa Park, Deer 18 provides accommodation with a balcony and free WiFi.,,,
Oregon,Sunriver,43.87605,-121.43226,2 Killdeer Hot Tub 3Br 2Ba,5.0,"""Set in Sunriver in the Oregon region", 2 Killdeer has a balcony and mountain views. The air-conditioned accommodation is 29 km from Drake Park, and guests benefit from private parking available on site and free WiFi.,,,,
Oregon,Sunriver,43.90396,-121.43633,Fairway Village 12 Condo,5.0,"""Set in Sunriver in the Oregon region", Fairway Village 12 has a balcony and pool views. The air-conditioned accommodation is 27 km from La Pine, and guests benefit from private parking available on site and free WiFi.,,,,
Oregon,Sunriver,43.87285,-121.43198,Deer Lane 10,4.0,"""Deer 10 is a holiday home with a balcony", set in Sunriver in the Oregon Region. The air-conditioned unit is 23 km from Bend.,,,,,
Oregon,Sunriver,43.87035,-121.43112,Sunriver Coyote 8,4.0,"""Sunriver-Coyote 8 is a holiday home located in Sunriver", 23 km from Bend. The unit is 48 km from Sisters.,,,,,
Oregon,Sunriver,43.89131,-121.44122,Todd 11,4.0,"""Todd 11 is a holiday home located in Sunriver", 21 km from Bend. Guests benefit from balcony.,,,,,
Oregon,Sunriver,43.89579,-121.4181,Splitrock 13,4.0,"""Situated in Sunriver in the Oregon Region", this holiday home is 20 km from Bend. Guests benefit from balcony.,,,,,
Oregon,Sunriver,43.89623,-121.43486,2 Cherrywood,5.0,"""2 Cherrywood offers accommodation in Sunriver. Bend is 21 km from the property.",,,,,,
Oregon,Sunriver,43.88166,-121.43353,31 Mtn. View Condo,5.0,"""31 Mtn. View Condo is set in Sunriver", 22 km from Bend.,,,,,
Oregon,Sunriver,43.87119,-121.43361,Sunriver Vacation Home,5.0,"""Sunriver Vacation Home is situated in Sunriver and offers free bikes. The accommodation is 28 km from Bend", and guests benefit from complimentary WiFi and private parking available on site.,,,,,
Oregon,Sunriver,43.88763,-121.42736,Conifer Lane 01 Discover Sunriver,5.0,"""Situated in Sunriver", within 29 km of Hollinshead Park and 26 km of Ponderosa Park, Conifer Lane 01, Discover Sunriver offers accommodation with free WiFi throughout the property. The property is non-smoking and is set 27 km from Drake Park.,,,
Oregon,Sunriver,43.89897,-121.42738,Redwood Lane 08 Discover Sunriver,5.0,"""Redwood Lane 08", Discover Sunriver is set in Sunriver, 20 km from Bend and 45 km from Sisters.,,,,
Oregon,Sunriver,43.87711,-121.43849,Salishan Lane 02 Discover Sunriver,5.0,"""Salishan Lane 02", Discover Sunriver is located in Sunriver, 23 km from Bend and 47 km from Sisters.,,,,
Oregon,Sunriver,43.88173,-121.42602,Sequoia Lane 11 Discover Sunriver,5.0,"""Sequoia Lane 11", Discover Sunriver is set in Sunriver, 22 km from Bend.,,,,
Oregon,Sunriver,43.89166,-121.43759,White Elm Lane 25 Discover Sunriver,5.0,"""White Elm Lane 25", Discover Sunriver is set in Sunriver, 21 km from Bend and 45 km from Sisters.,,,,
Oregon,Sunriver,43.89368,-121.43692,White Elm Lane 04 Discover Sunriver,5.0,"""White Elm Lane 04", Discover Sunriver is situated in Sunriver, 21 km from Bend and 45 km from Sisters.,,,,
Oregon,Sunriver,43.88481,-121.43391,6 Leisure Lane Sunriver Anchor House,5.0,"""6 Leisure Lane - Sunriver Anchor House offers accommodation in Sunriver.",,,,,,
Oregon,Sunriver,43.90902,-121.43305,Winners Circle Lane 28 Discover Sunriver,5.0,"""Winners Circle Lane 28", Discover Sunriver is set in Sunriver, 19 km from Bend and 44 km from Sisters.,,,,
Oregon,Sunriver,43.90056,-121.42586,Hickory Lane 16 Discover Sunriver,5.0,"""Hickory Lane 16", Discover Sunriver is set in Sunriver, 20 km from Bend.,,,,
Oregon,Sunriver,43.87611,-121.43488,43 Fremont Crossing,5.0,"""43 Fremont Crossing is situated in Sunriver", 22 km from Bend.,,,,,
Oregon,Sunriver,43.88175,-121.43331,Mt View 30 Discover Sunriver,5.0,"""Mt View 30", Discover Sunriver offers accommodation in Sunriver. Bend is 22 km away.,,,,,
Oregon,Sunriver,43.87981,-121.431,7 Puma,5.0,"""7 Puma is situated in Sunriver", 22 km from Bend.,,,,,
Oregon,Sunriver,43.87102,-121.44207,44 Tennis Village,5.0,"""Tennis Village 44 is situated in Sunriver", 29 km from Drake Park and 30 km from Hollinshead Park, in an area where skiing can be enjoyed. This holiday home features accommodation with a balcony.,,,,
Oregon,Sunriver,43.8815,-121.43715,6 Approach Lane,5.0,"""6 Approach Lane is located in Sunriver", 22 km from Bend.,,,,,
Oregon,Sunriver,43.89786,-121.4431,10 Yellow Rail,5.0,"""10 Yellow Rail is situated in Sunriver", 21 km from Bend.,,,,,
Oregon,Sunriver,43.88807,-121.42183,4 East Butte Vacation Rental,5.0,"""4 East Butte Vacation Rental is located in Sunriver", 21 km from Bend.,,,,,
Oregon,Sunriver,43.86603,-121.44969,3 Pinecone,5.0,"""3 Pinecone offers accommodation in Sunriver.",,,,,,
Oregon,Sunriver,43.89427,-121.43441,9 Cottonwood,5.0,"""9 Cottonwood is located in Sunriver", 21 km from Bend.,,,,,
Oregon,Sunriver,43.88524,-121.42192,13 Juniper,5.0,"""13 Juniper offers accommodation in Sunriver.",,,,,,
Oregon,Sunriver,43.88511,-121.42218,12 Juniper,5.0,"""12 Juniper is situated in Sunriver", 21 km from Bend.,,,,,
Oregon,Sunriver,43.88481,-121.42345,5 Butternut,5.0,"""5 Butternut is situated in Sunriver", 21 km from Bend and 46 km from Sisters.,,,,,
Oregon,Sunriver,43.89675,-121.43491,14 Cherrywood Lane,5.0,"""14 Cherrywood Lane is set in Sunriver", 20 km from Bend.,,,,,
Oregon,Sunriver,43.87948,-121.42802,1 Raccoon Lane,5.0,"""1 Raccoon Lane offers accommodation in Sunriver.",,,,,,
Oregon,Sunriver,43.89842,-121.41626,16 Lassen Lane,5.0,"""16 Lassen Lane offers accommodation in Sunriver.",,,,,,
Oregon,Sunriver,43.89961,-121.44156,11 Blue Goose,5.0,"""11 Blue Goose is situated in Sunriver", 21 km from Bend and 45 km from Sisters.,,,,,
Oregon,Sunriver,43.88723,-121.42636,Conifer Lane Lovely Woodland Setting,5.0,"""Conifer Lane - Lovely Woodland Setting offers accommodation in Sunriver.",,,,,,
Oregon,Sunriver,43.87821,-121.43609,Wildflower #5 On Meadows Golf Course,5.0,"""Wildflower #5 on Meadows Golf Course is set in Sunriver", 22 km from Bend.,,,,,
Oregon,Sunriver,43.9085,-121.44164,26 Siskin Executive Home,5.0,"""26 Siskin Executive Home is set in Sunriver", 20 km from Bend and 43 km from Sisters.,,,,,
Oregon,Sunriver,43.88706,-121.43097,6 Flat Top,5.0,"""6 Flat Top offers accommodation in Sunriver.",,,,,,
Oregon,Sunriver,43.87325,-121.43194,7 Hare Lane,5.0,"""7 Hare Lane offers accommodation in Sunriver.",,,,,,
Oregon,Sunriver,43.88341,-121.4422,Quelah 12,5.0,"""Quelah 12 offers accommodation in Sunriver.",,,,,,
Oregon,Sunriver,43.87494,-121.43191,4 Jay Lane,5.0,"""4 Jay Lane offers accommodation in Sunriver.",,,,,,
Oregon,Sunriver,43.89036,-121.42525,1 Camas,5.0,"""1 Camas is situated in Sunriver", 21 km from Bend and 46 km from Sisters.,,,,,
Oregon,Sunriver,43.87627,-121.43507,8 Fremont Crossing,5.0,"""8 Fremont Crossing is set in Sunriver", 23 km from Bend. Sisters is 47 km away.,,,,,
Oregon,Sunriver,43.89014,-121.41897,12 Whistler,5.0,"""Located in Sunriver", 26 km from Drake Park and 27 km from Hollinshead Park, 12 Whistler offers free WiFi and air conditioning. The holiday home is in an area where guests can engage in activities such as skiing and cycling.,,,,
Oregon,Sunriver,43.87146,-121.44224,12 Tennis Village,5.0,"""12 Tennis Village is located in Sunriver", 23 km from Bend.,,,,,
Oregon,Sunriver,43.88582,-121.43038,7 Quartz,5.0,"""7 Quartz is set in Sunriver", 21 km from Bend and 46 km from Sisters.,,,,,
Oregon,Sunriver,43.88343,-121.43458,7 Pole House On Overlook Drive,5.0,"""7 Pole House on Overlook Drive offers accommodation in Sunriver.",,,,,,
Oregon,Sunriver,43.88455,-121.43181,8 Lofty,5.0,"""8 Lofty is situated in Sunriver", 22 km from Bend.,,,,,
Oregon,Sunriver,43.88307,-121.4412,16 Quelah Condo,5.0,"""16 Quelah Condo offers accommodation in Sunriver.",,,,,,
Oregon,Sunriver,43.88713,-121.42756,8 Cedar Lane,5.0,"""8 Cedar Lane is situated in Sunriver", 21 km from Bend.,,,,,
Oregon,Sunriver,43.87898,-121.43864,Wildflower #66,5.0,"""Wildflower #66 offers accommodation in Sunriver.",,,,,,
Oregon,Sunriver,43.88863,-121.42535,3 Sandhill Lane,5.0,"""Boasting a hot tub", 3 Sandhill is situated in Sunriver. The holiday home is in an area where guests can engage in activities such as skiing and cycling.,,,,,
Oregon,Sunriver,43.88699,-121.42752,2 Cedar,5.0,"""Featuring a hot tub", 2 Cedar is set in Sunriver. The holiday home is in an area where guests can engage in activities such as skiing and cycling.,,,,,
Oregon,Sunriver,43.87255,-121.43202,12 Deer Lane,5.0,"""Boasting a hot tub", 12 Deer Lane is located in Sunriver. Featuring a patio, the holiday home is in an area where guests can engage in activities such as skiing and cycling.,,,,
Oregon,Sunriver,43.91264,-121.43593,7 Big Sky,5.0,"""7 Big Sky is set in Sunriver and offers free bikes. The holiday home is in an area where guests can engage in activities such as skiing and cycling.",,,,,,
Oregon,Sunriver,43.90037,-121.42414,Shag Bark 9,4.0,"""Offering accommodation with air conditioning", Shag Bark 9 is located in Sunriver, 20 km from Bend. Sisters is 45 km away.,,,,
Oregon,Sunriver,43.89107,-121.42126,Indian 10,4.0,"""Indian 10 is situated in Sunriver", 21 km from Bend. Sisters is 46 km from the property.,,,,,
Oregon,Sunriver,43.88912,-121.4282,Awbrey 4,4.0,"""Awbrey 4 is situated in Sunriver", 21 km from Bend. Sisters is 46 km from the property.,,,,,
Oregon,Sunriver,43.89599,-121.43062,Acer Lane 2,4.0,"""2 Acer Lane is situated in Sunriver", 20 km from Bend. Sisters is 45 km away.,,,,,
Oregon,Sunriver,43.89993,-121.4417,Virginia Rail 4,4.0,"""Virginia Rail 4 is set in Sunriver", 20 km from Bend. Sisters is 44 km away.,,,,,
Oregon,Sunriver,43.8939,-121.44468,Aspen Lane 1,4.0,"""Featuring air conditioning", 1 Aspen Lane offers accommodation in Sunriver. Bend is 21 km away.,,,,,
Oregon,Sunriver,43.87316,-121.43363,Fox Lane 5,4.0,"""5 Fox Lane is situated in Sunriver", 23 km from Bend. Sisters is 47 km away.,,,,,
Oregon,Sunriver,43.88852,-121.42152,East Butte 21,4.0,"""East Butte 21 offers accommodation in Sunriver. Bend is 21 km from the property.",,,,,,
Oregon,Sunriver,43.88282,-121.43795,Mt View 2,4.0,"""2 Mt View Lane offers accommodation in Sunriver. Bend is 22 km away.",,,,,,
Oregon,Sunriver,43.89173,-121.44616,Duck Pond 11,4.0,"""Featuring air conditioning", Duck Pond 11 is situated in Sunriver, 21 km from Bend. Sisters is 45 km away.,,,,
Oregon,Sunriver,43.88115,-121.44058,Meadow House Condo 70,5.0,"""Boasting a terrace and a 24-hour front desk", Meadow House - Unit 70 is attractively situated in Sunriver, 31 km from Hollinshead Park and 29 km from Ponderosa Park. The air-conditioned accommodation is 30 km from Drake Park, and guests benefit from complimentary WiFi and private parking available on site.,,,
Oregon,Sunriver,43.86397,-121.43401,Eaglewood Condominium 8,5.0,"""Featuring air-conditioned accommodation with a balcony", Eaglewood Condo 8 by Village Properties at Sunriver is located in Sunriver. This holiday home offers a terrace.,,,,,
Oregon,Sunriver,43.85803,-121.43514,Sunriver Luxury Caldera Home With Golf Course Views,5.0,"""Located in Sunriver", Caldera provides accommodation with a TV and a kitchen.,,,,,
Oregon,Sunriver,43.89077,-121.42399,10 Camas Vacation Rental,5.0,"""10 Camas Vacation Rental is located in Sunriver", 21 km from Bend and 46 km from Sisters.,,,,,
Oregon,Sunriver,43.87259,-121.43786,1 Abbot House,5.0,"""1 Abbot House offers accommodation in Sunriver.",,,,,,
Oregon,Sunriver,43.89449,-121.44004,6 Wickiup,5.0,"""6 Wickiup offers accommodation in Sunriver.",,,,,,
Oregon,Sunriver,43.88898,-121.44008,#29 Circle Four Cabin,5.0,"""#29 Circle Four Cabin offers accommodation in Sunriver.",,,,,,
Oregon,Sunriver,43.89576,-121.41654,Wallowa With Western Charm Home,5.0,"""Wallowa with Western Charm is situated in Sunriver", 27 km from Hollinshead Park and 25 km from Ponderosa Park, in an area where skiing can be enjoyed. The accommodation is 26 km from Drake Park, and guests benefit from private parking available on site and free WiFi.,,,
Oregon,Sunriver,43.87034,-121.43337,14 Antelope Lane,5.0,"""Situated in Sunriver in the Oregon Region", this holiday home is 23 km from Bend. The unit is 48 km from Sisters.,,,,,
Oregon,Sunriver,43.88408,-121.43027,Lookout 3 Home,5.0,"""Lookout 3 is set in Sunriver", 30 km from Drake Park and 31 km from Hollinshead Park, in an area where skiing can be enjoyed. This property offers access to a balcony, free private parking and free WiFi.,,,
Oregon,Sunriver,43.88405,-121.43622,1 Landrise,5.0,"""Located in Sunriver", 30 km from Drake Park and 31 km from Hollinshead Park, 1 Landrise offers free WiFi and air conditioning. The holiday home is in an area where guests can engage in activities such as skiing and cycling.,,,,
Oregon,Sunriver,43.87705,-121.43429,23 Fremont Crossing Sunriver,5.0,"""Situated in Sunriver", 29 km from Drake Park and 30 km from Hollinshead Park, 23 Fremont Crossing Sunriver offers free WiFi and air conditioning. Boasting a patio, the holiday home is in an area where guests can engage in activities such as skiing and cycling.,,,
Oregon,Sunriver,43.86596,-121.44991,6 Pine Cone,5.0,"""Located in Sunriver", 30 km from Drake Park and 31 km from Hollinshead Park, 6 Pine Cone offers free WiFi and air conditioning. Featuring a balcony, the holiday home is in an area where guests can engage in activities such as skiing and cycling.,,,
Oregon,Sunriver,43.91346,-121.43242,14 Prostaff,5.0,"""Located in Sunriver", 29 km from Drake Park and 30 km from Hollinshead Park, 14 Prostaff provides air-conditioned accommodation with a patio and free WiFi. Featuring a balcony, the holiday home is in an area where guests can engage in activities such as skiing and cycling.,,,
Oregon,Sunriver,43.9109,-121.43985,27 Gannet river View 3br 2.5ba,5.0,"""27 Gannet is situated in Sunriver", 30 km from Hollinshead Park and 28 km from Ponderosa Park, in an area where skiing can be enjoyed. The accommodation is 29 km from Drake Park, and guests benefit from complimentary WiFi and private parking available on site.,,,
Oregon,Sunriver,43.90179,-121.44178,3 Blue Grouse ac 5br 3ba,5.0,"""3 Blue Grouse is located in Sunriver", 30 km from Hollinshead Park and 27 km from Ponderosa Park, in an area where skiing can be enjoyed. The air-conditioned accommodation is 28 km from Drake Park, and guests benefit from complimentary WiFi and private parking available on site.,,,
Oregon,Sunriver,43.89275,-121.42236,3 Mt. Baker ac hot Tub 4br 3ba,5.0,"""3 Mt Baker is located in Sunriver", 26 km from Drake Park and 27 km from Hollinshead Park, in an area where skiing can be enjoyed. This property offers access to a balcony, free private parking and free WiFi.,,,
Oregon,Sunriver,43.88832,-121.44351,3 Tumalo ac hot Tub 4br 3ba,5.0,"""Located in Sunriver and only 28 km from Drake Park", 3 Tumalo provides accommodation with mountain views, free WiFi and free private parking. Guests staying at this holiday home have access to a balcony.,,,,
Oregon,Sunriver,43.88707,-121.42776,7 Cedar forest Views 3br 2ba,5.0,"""Set in Sunriver and only 27 km from Drake Park", 7 Cedar offers accommodation with mountain views, free WiFi and free private parking. This holiday home features accommodation with a balcony.,,,,
Oregon,Sunriver,43.87413,-121.43301,7 Grizzly ac hot Tub 2br 2ba,5.0,"""Situated in Sunriver in the Oregon region", 7 Grizzly has a balcony and mountain views. The air-conditioned accommodation is 29 km from Drake Park, and guests benefit from private parking available on site and free WiFi.,,,,
Oregon,Sunriver,43.88975,-121.43084,9 Hoodoo ac hot Tub 5br 3ba,5.0,"""9 Hoodoo is located in Sunriver", 28 km from Hollinshead Park and 26 km from Ponderosa Park, in an area where skiing can be enjoyed. The air-conditioned accommodation is 27 km from Drake Park, and guests benefit from private parking available on site and free WiFi.,,,
Oregon,Sunriver,43.87695,-121.4398,1 Colonial golf Course 5br 6ba,5.0,"""1 Colonial is set in Sunriver", 31 km from Hollinshead Park and 28 km from Ponderosa Park, in an area where skiing can be enjoyed. The air-conditioned accommodation is 29 km from Drake Park, and guests benefit from complimentary WiFi and private parking available on site.,,,
Oregon,Sunriver,43.89469,-121.42735,10 Tan Oak ac hot Tub 3br 3ba,5.0,"""10 Tan Oak is situated in Sunriver", 28 km from Hollinshead Park and 26 km from Ponderosa Park, in an area where skiing can be enjoyed. The air-conditioned accommodation is 27 km from Drake Park, and guests benefit from complimentary WiFi and private parking available on site.,,,
Oregon,Sunriver,43.89051,-121.42398,11 Camas hot Tub 4br 2ba,5.0,"""11 Camas is located in Sunriver", 28 km from Hollinshead Park and 26 km from Ponderosa Park, in an area where skiing can be enjoyed. The accommodation is 27 km from Drake Park, and guests benefit from complimentary WiFi and private parking available on site.,,,
Oregon,Sunriver,43.8862,-121.43432,11 Pine Mt ac hot Tub 4br 4ba,5.0,"""Located in Sunriver in the Oregon region", 11 Pine Mt features a balcony and mountain views. The air-conditioned accommodation is 28 km from Drake Park, and guests benefit from complimentary WiFi and private parking available on site.,,,,
Oregon,Sunriver,43.88866,-121.42252,19 E Butte hot Tub 2br 2ba,5.0,"""East Butte - Unit 19 offers accommodation in Sunriver", 28 km from Hollinshead Park and 26 km from Ponderosa Park. The accommodation is 27 km from Drake Park, and guests benefit from private parking available on site and free WiFi.,,,,
Oregon,Sunriver,43.86588,-121.44446,2 Pioneer ac hot Tub 3br 2ba,5.0,"""2 Pioneer is set in Sunriver", 31 km from Hollinshead Park and 29 km from Ponderosa Park, in an area where skiing can be enjoyed. The air-conditioned accommodation is 30 km from Drake Park, and guests benefit from complimentary WiFi and private parking available on site.,,,
Oregon,Sunriver,43.90313,-121.4361,2 Sarazen golf View 4br 3.5ba,5.0,"""2 Sarazen is set in Sunriver", 29 km from Hollinshead Park and 27 km from Ponderosa Park, in an area where skiing can be enjoyed. The air-conditioned accommodation is 28 km from Drake Park, and guests benefit from private parking available on site and free WiFi.,,,
Oregon,Sunriver,43.90025,-121.41534,13 Ollalie great Yard 3br 3ba,5.0,"""13 Ollalie is set in Sunriver", 26 km from Drake Park and 27 km from Hollinshead Park, in an area where skiing can be enjoyed. This property offers access to a balcony, free private parking and free WiFi.,,,
Oregon,Sunriver,43.8878,-121.42739,2 Conifer hot Tub 2br 2ba,5.0,"""Located 29 km from Hollinshead Park and 26 km from Ponderosa Park", 2 Conifer offers accommodation set in Sunriver. The accommodation is 27 km from the Drake Park and features free WiFi throughout the property.,,,,,
Oregon,Sunriver,43.90003,-121.42067,Yankee Mountain 9 Home,5.0,"""Yankee Mountain 9 is set in Sunriver", 27 km from Drake Park and 28 km from Hollinshead Park, in an area where skiing can be enjoyed. This property offers access to a balcony, free private parking and free WiFi.,,,
Oregon,Sunriver,43.89006,-121.42199,Indian 2 Holiday Home,4.0,"""Featuring a balcony", 2 Indian is a holiday home, located in Sunriver. The unit is 21 km from Bend.,,,,
Oregon,Sunriver,43.88533,-121.43466,Leisure 5 Holiday Home,4.0,"""Leisure 5 offers accommodation in Sunriver. Guests benefit from balcony.",,,,,,
Oregon,Sunriver,43.89696,-121.44726,Loon 6 Holiday Home,4.0,"""Loon 6 is a holiday home situated in Sunriver in the Oregon Region and is 21 km from Bend. Guests benefit from balcony.",,,,,,
Oregon,Sunriver,43.90051,-121.43724,Malheur 5 Holiday Home,4.0,"""Located 20 km from Bend", Malheur 5 offers accommodation in Sunriver. The air-conditioned unit is 44 km from Sisters.,,,,,
Oregon,Sunriver,43.90633,-121.43251,Mulligan 5 Holiday Home,4.0,"""Located in Sunriver", this holiday home is 19 km from Bend. Guests benefit from balcony.,,,,,
Oregon,Sunriver,43.91068,-121.43715,Nine Iron 17 Holiday Home,4.0,"""17 Nine Iron is a holiday home located in Sunriver in the Oregon Region and is 19 km from Bend. Guests benefit from balcony.",,,,,,
Oregon,Sunriver,43.88924,-121.42253,Red Hill 4 Holiday Home,4.0,"""Set in Sunriver in the Oregon Region", this holiday home is 21 km from Bend. The air-conditioned unit is 46 km from Sisters.,,,,,
Oregon,Sunriver,43.89643,-121.42696,29 Tan Oak Lane,4.0,"""Featuring a balcony", 29 Tan Oak is a holiday home, located in Sunriver. Guests benefit from patio.,,,,
Oregon,Sunriver,43.88771,-121.44357,Tumalo 11 Holiday Home,4.0,"""Located 22 km from Bend and 46 km from Sisters", 11 Tumalo offers accommodation in Sunriver. Guests benefit from balcony.,,,,,
Oregon,Sunriver,43.86968,-121.43776,Woodland 1 Holiday Home,4.0,"""Sunriver-Woodland 1 is a holiday home is set in Sunriver and is 23 km from Bend. The unit is 48 km from Sisters.",,,,,,
Oregon,Sunriver,43.89661,-121.43898,Yellow Pine 37 Holiday Home,4.0,"""Yellow Pine 37 offers accommodation in Sunriver. Bend is 21 km from the property.",,,,,,
Oregon,Sunriver,43.89739,-121.41694,Lassen 8,4.0,"""Lassen 8 is set in Sunriver and offers a restaurant. The air-conditioned accommodation is 26 km from La Pine", and guests benefit from complimentary WiFi and private parking available on site.,,,,,
Oregon,Sunriver,43.89702,-121.42378,Witchhazel 5,4.0,"""Witchhazel 5 is located in Sunriver. There is an on-site restaurant", plus free private parking and free WiFi are available.,,,,,
Oregon,Sunriver,43.89955,-121.4245,Shag Bark 6,4.0,"""Shag Bark 6 is situated in Sunriver and offers a restaurant. The air-conditioned accommodation is 26 km from La Pine", and guests benefit from complimentary WiFi and private parking available on site.,,,,,
Oregon,Sunriver,43.87608,-121.44003,Doral Lane 5,4.0,"""Doral Lane 5 is located in Sunriver and offers a restaurant. The air-conditioned accommodation is 23 km from La Pine", and guests benefit from complimentary WiFi and private parking available on site.,,,,,
Oregon,Sunriver,43.90029,-121.42238,Dixie Mountain 4,4.0,"""Dixie Mountain 4 is situated in Sunriver and offers a restaurant. The air-conditioned accommodation is 26 km from La Pine", and guests benefit from private parking available on site and free WiFi.,,,,,
Oregon,Sunriver,43.8854,-121.42991,Quartz Mountain 13,4.0,"""Quartz Mountain 13 offers accommodation in Sunriver. Bend is 21 km away.",,,,,,
Oregon,Sunriver,43.87051,-121.43128,Coyote 1,4.0,"""Coyote 1 is an apartment in Sunriver with access to a tennis court. The accommodation is 23 km from Bend.",,,,,,
Oregon,Sunriver,43.89672,-121.43946,Yellow Pine 39,4.0,"""Yellow Pine 39 is located in Sunriver and offers a restaurant. The air-conditioned accommodation is 26 km from La Pine", and guests benefit from complimentary WiFi and private parking available on site.,,,,,
Oregon,Sunriver,43.8942,-121.44621,Hummingbird 21,4.0,"""Set in Sunriver in the Oregon region", Hummingbird 21 has a patio. There is an on-site restaurant, plus free private parking and free WiFi are available.,,,,
Oregon,Sunriver,43.88965,-121.42125,Lupine 1,5.0,"""Set in Sunriver", 27 km from Drake Park and 28 km from Hollinshead Park, 1 Lupine offers free WiFi and air conditioning. This holiday home is 7.2 km from Sunriver Airport and 7.2 km from Sunriver.,,,,
Oregon,Sunriver,43.87271,-121.43211,Deer Lane 8,4.0,"""Deer Lane 8 is situated in Sunriver and offers a restaurant. The air-conditioned accommodation is 23 km from La Pine", and guests benefit from complimentary WiFi and private parking available on site.,,,,,
Oregon,Sunriver,43.89264,-121.41895,Whistler 21 Home,5.0,"""Whistler 21", a property with a terrace, is situated in Sunriver, 26 km from Drake Park, 27 km from Hollinshead Park, as well as 25 km from Ponderosa Park. This holiday home features free private parking, an ATM and free WiFi.
Oregon,Sunriver,43.88421,-121.43342,7 Lost Lane,4.0,"""Set in Sunriver in the Oregon region", Lost Lane 7 has a patio. There is an on-site restaurant, plus free private parking and free WiFi are available.,,,,
Oregon,Sunriver,43.89102,-121.44535,Duck Pond 3,4.0,"""Located in Sunriver in the Oregon Region", this holiday home is 21 km from Bend. The air-conditioned unit is 45 km from Sisters.,,,,,
Oregon,Sunriver,43.9075,-121.42651,Cypress 10 Holiday Home,4.0,"""Set 19 km from Bend and 44 km from Sisters", Cypress 10 offers accommodation in Sunriver. Guests benefit from balcony.,,,,,
Oregon,Sunriver,43.89741,-121.42662,Filbert 19 Holiday Home,4.0,"""Filbert 19 offers accommodation in Sunriver. The unit is 20 km from Bend.",,,,,,
Oregon,Sunriver,43.91211,-121.43932,Gosling 5 Holiday Home,4.0,"""Gosling 5 is a holiday home situated in Sunriver in the Oregon Region and is 19 km from Bend. The air-conditioned unit is 43 km from Sisters.",,,,,,
Oregon,Sunriver,43.87661,-121.43379,29 Fremont Crossing,5.0,"""Situated in Sunriver", 29 km from Drake Park and 30 km from Hollinshead Park, 29 Fremont Crossing offers free WiFi and air conditioning. The holiday home is in an area where guests can engage in activities such as skiing and cycling.,,,,
Oregon,Sunriver,43.88527,-121.43292,2 Little Court,5.0,"""2 Little Court in Sunriver features accommodation with free WiFi", 30 km from Drake Park, 31 km from Hollinshead Park and 29 km from Ponderosa Park. The holiday home is in an area where guests can engage in activities such as skiing and cycling.,,,,
Oregon,Sunriver,43.89606,-121.43288,Paper Birch 9 Home Home,5.0,"""Boasting a terrace and an ATM", Paper Birch 09 is conveniently located in Sunriver, 29 km from Hollinshead Park and 26 km from Ponderosa Park. The air-conditioned accommodation is 27 km from Drake Park, and guests benefit from private parking available on site and free WiFi.,,,
Oregon,Sunriver,43.89868,-121.44229,Blue Goose 5,4.0,"""Set in Sunriver in the Oregon region", Blue Goose 5 features a balcony. There is an in-house restaurant, plus free private parking and free WiFi are available.,,,,
Oregon,Sunriver,43.82247,-121.487,Pony Express 16795,4.0,"""Pony Express 5", featuring a terrace, is set in Bend, 40 km from Hollinshead Park and 38 km from Ponderosa Park. The air-conditioned accommodation is 39 km from Drake Park, and guests benefit from complimentary WiFi and private parking available on site.,,
Oregon,Sunriver,43.83512,-121.47384,Upland Road 17051,4.0,"""Set in Bend in the Oregon region", Upland - Unit 17051 has a balcony. The air-conditioned accommodation is 34 km from Drake Park, and guests benefit from complimentary WiFi and private parking available on site.,,,,
Oregon,Sunriver,43.87382,-121.43816,#4 Abbot House,5.0,"""Abbot #4 is set in Sunriver", 29 km from Drake Park and 30 km from Hollinshead Park, in an area where skiing can be enjoyed. Guests staying at this holiday home have access to free WiFi and a balcony.,,,,
Oregon,Tigard,45.43484,-122.7481,Hampton Inn and Suites Portland Tigard,2.0,"""Featuring 2-star accommodation", Hampton Inn & Suites Tigard is located in Tigard, 13 km from South Waterfront City Park and 13 km from Governor Tom McCall Waterfront Park. With a shared lounge, the 2-star hotel has air-conditioned rooms with free WiFi, each with a private bathroom. The hotel provides an indoor pool, hot tub and a 24-hour front desk.,
Oregon,Tigard,45.45132,-122.76515,Lizzie Court,5.0,"""Lizzie Court is located in Portland", 13 km from South Waterfront City Park, 14 km from World Forestry Discovery Museum, as well as 14 km from Governor Tom McCall Waterfront Park. The accommodation is 13 km from the Portland Childrens Museum and features free WiFi throughout the property.,,,
Oregon,Tigard,45.43705,-122.78757,Fanno Creek Retreat,5.0,"""Set 15 km from World Forestry Discovery Museum", 16 km from South Waterfront City Park and 16 km from International Rose Test Garden, Fanno Creek Retreat offers accommodation situated in Tigard. The accommodation is 14 km from the Portland Childrens Museum and has free WiFi throughout the property.,,,,
Oregon,Tillamook,45.46451,-123.84423,Western Royal Inn,2.0,"""The Western Royal Inn is located in Tillamook", Oregon and offers free WiFi access and free private parking to all guests.,,,,,
Oregon,Tillamook,45.4374,-123.94914,Terimore Lodging by the Sea,2.0,,,,5105 Crab Avenue West 97143 Tillamook ,,5038424623,http://www.terimoremotel.com/
Oregon,Tillamook,45.45172,-123.96131,Ocean Pines 3 Br home by RedAwning,5.0,"""Ocean Pines is located in Tillamook", 500 metres from Oceanside Beach, 2.5 km from Cape Lookout Beach, and 6.3 km from Cape Meares Lighthouse. This property offers access to a balcony, free private parking and free WiFi.,,
Oregon,Tillamook,45.45974,-123.96555,Alder Beach House,5.0,"""Alder Beach House is set in Oceanside", 3.1 km from Cape Meares Lighthouse.,,,,,
Oregon,Tillamook,45.45734,-123.96795,Blue Sea Oceanfront Cottage,5.0,"""Set in Oceanside", Blue Sea Oceanfront Cottage is 3.3 km from Cape Meares Lighthouse.,,,,,
Oregon,Tillamook,45.45646,-123.96288,Vista Azul,5.0,"""Vista Azul is set in Oceanside", 3.5 km from Cape Meares Lighthouse.,,,,,
Oregon,Tillamook,45.43686,-123.94741,Netarts Surf Inn,5.0,"""Located in Tillamook", within 400 metres of Cape Lookout Beach and 2.6 km of Oceanside Beach, Netarts Surf Inn provides accommodation with a garden and free WiFi as well as free private parking for guests who drive. The property is set 8.4 km from Cape Meares Lighthouse, 14 km from Tillamook Cheese Factory and 18 km from Tillamook Air Museum.,,,
Oregon,Tillamook,45.45843,-123.96767,Hale Kaalawai,5.0,"""Hale Kaalawai is located in Oceanside", 3.2 km from Cape Meares Lighthouse.,,,,,
Oregon,Tillamook,45.45996,-123.96905,Three Arch Inn,5.0,"""Located in Oceanside", 200 metres from Oceanside Beach, Three Arch Inn provides air-conditioned rooms with free WiFi and express check-in and check-out. Located around 5.1 km from Cape Meares Lighthouse, the inn is also 18 km away from Tillamook Cheese Factory. The property is non-smoking and is situated 1.9 km from Short Beach.,,,
Oregon,Tillamook,45.45926,-123.96922,Oceanside Inn,3.0,"""The Oceanside Inn offers accommodation in Oceanside.",,,,,,
Oregon,Tillamook,45.45931,-123.96695,Ocean Air,5.0,"""Ocean Air! offers accommodation in Tillamook. Tillamook Cheese Factory is 10 km from the property.",,,,,,
Oregon,Tillamook,45.46243,-123.97053,Escape To Oceanside,5.0,"""Situated 10 km from Tillamook Cheese Factory", Escape to Oceanside provides accommodation in Tillamook.,,,,,
Oregon,Tillamook,45.51096,-123.87603,Tillamook Bay City RV Park,5.0,"""Located 3.8 km from Tillamook Cheese Factory", Tillamook Bay City RV Park provides accommodation and free WiFi in Tillamook.,,,,,
Oregon,Tillamook,45.43652,-123.9495,Edens Garden Cottage,5.0,"""Set in Netarts", just 500 metres from Cape Lookout Beach, Edens Garden Cottage offers beachfront accommodation with a restaurant, a shared lounge, a garden and free WiFi. Featuring free private parking, the holiday home is in an area where guests can engage in activities such as hiking and fishing.,
Oregon,Tillamook,45.4622,-123.96971,The Blue Door,5.0,"""The Blue Door offers accommodation in Oceanside.",,,,,,
Oregon,Tillamook,45.46177,-123.96946,Oceanside Oasis,5.0,"""Oceanside Oasis is located in Oceanside", 600 metres from Oceanside Beach and 2.1 km from Short Beach, in an area where cycling can be enjoyed. The accommodation is 5.2 km from the Cape Meares Lighthouse and features free WiFi throughout the property.,,,,
Oregon,Troutdale,45.53744,-122.40628,McMenamins Edgefield,3.0,"""Boasting an on-site brewery and distillery", McMenamins Edgefield is located in Troutdale, Oregon. Guests can relax in style at the resorts own spa and wellness centre, Rubys Spa & Salon, which features a spacious outdoor soaking pool.,,
Oregon,Troutdale,45.53617,-122.38808,The Buxton,5.0,"""The Buxton is set in Troutdale", 1.5 km from McMenamins Edgefield and 3.4 km from Lewis and Clark State Recreation Site.,,,,,
Oregon,Tualatin,45.38192,-122.76041,Century Hotel,5.0,"""Situated in Tualatin", 19 km from South Waterfront City Park, Century Hotel features accommodation with a fitness centre, free private parking, a shared lounge and a terrace. Among the facilities at this property are a 24-hour front desk and a business centre, along with free WiFi throughout the property. The hotel has an indoor pool, hot tub and room service.
Oregon,Umatilla,45.91817,-119.33601,Umatilla Inn & Suites,5.0,"""Set in Umatilla", Oregon region, Umatilla Inn & Suites is situated 46 km from Three Rivers Convention Center. The inn offers a barbecue, a 24-hour front desk, and free WiFi is available throughout the property.,,
Oregon,Vida,44.11192,-122.43476,Eagle Rock Lodge,4.0,"""Offering views of the river", Eagle Rock Lodge is located in Vida, Oregon on 5 acres of garden, forest, and riverside property.,,
Oregon,Vida,44.11323,-122.43662,McKenzie River Inn B&B and Cabins,2.0,"""Located in the Cascade Mountains", this inn sits on the shore of the McKenzie River. Each guest room has a river view.,,,,,
Oregon,Waldport,44.37288,-124.0898,Sea Spirit House B&B,3.0,HotelDescription#Further information about this hotel will be available shortly,NO Car park NO Small pets allowed (under 5 kg) NO Smoking rooms NO Garage NO Large pets allowed (over 5 kg) NO Disability-friendly bathroom NO Connecting rooms NO Wheelchair-accessible,,Pacific Coast Highway 7304 97498 Yachats US 101 Mile Post 160YachatsOregon 97498 ,97498,5415634888,http://seaspirithousebb.com/
Oregon,Waldport,44.42765,-124.0821,A Shore Thing Cottage,3.0,"""A Shore Thing Cottage is situated in Waldport. Guests staying at this holiday home have access to a fully equipped kitchen.",,,,,,
Oregon,Waldport,44.3933,-124.08702,Pacific Rest 3 Br home by RedAwning,5.0,"""Set a few steps from Big Stump Beach", 17 km from Cape Perpetua Scenic Area and 27 km from Oregon Coast Aquarium, Pacific Rest offers accommodation located in Waldport. This beachfront property offers access to free WiFi and free private parking.,,,,
Oregon,Waldport,44.43365,-124.08022,You Me And The Sea,5.0,"""You", Me and the Sea is set in Waldport, 23 km from Newport. Yachats is 14 km from the property.,,,,
Oregon,Waldport,44.37238,-124.08702,Vista Del Mar,5.0,"""Featuring air conditioning", Vista Del Mar is situated in Waldport, 30 km from Newport. Florence is 43 km away.,,,,
Oregon,Waldport,44.44463,-124.07866,Casa Blanca del Mar,5.0,"""Casa Blanca del Mar is located in Waldport", 22 km from Newport. Yachats is 15 km from the property.,,,,,
Oregon,Waldport,44.43436,-124.08268,Beauty And The Beach,5.0,"""Beauty and the Beach offers accommodation in Waldport. Newport is 23 km from the property.",,,,,,
Oregon,Waldport,44.42761,-124.06806,Alsea Bay Cottage,5.0,"""Alsea Bay Cottage offers accommodation in Waldport.",,,,,,
Oregon,Waldport,44.43105,-124.08322,Oleg Potts Beach House,5.0,"""Oleg Potts Beach House is set in Waldport", 23 km from Newport.,,,,,
Oregon,Waldport,44.38828,-124.08358,Wakonda Oceanfront Escape,5.0,"""Wakonda Oceanfront Escape is located in Waldport", 25 km from Newport. Florence is 48 km from the property.,,,,,
Oregon,Waldport,44.39406,-124.0842,Flora Fauna and Ocean Waves,5.0,"""Flora", Fauna and Ocean Waves is situated in Wakonda Beach, 27 km from Newport.,,,,
Oregon,Waldport,44.42689,-124.08172,Casa De La Playa,5.0,"""Casa de la Playa is located in Waldport. Guests staying at this holiday home have access to a fully equipped kitchen.",,,,,,
Oregon,Waldport,44.45196,-124.08056,Bud-n-Molly's,5.0,"""Situated 2.4 km from Driftwood Beach", 21 km from Oregon Coast Aquarium and 22 km from Hatfield Marine Science Center, Bud-n-Mollys features accommodation set in Waldport. The accommodation is a few steps from Bayshore, and guests benefit from private parking available on site and free WiFi.,,,
Oregon,Waldport,44.43886,-124.0818,Heron House,5.0,"""Heron House offers accommodation in Waldport", 2.6 km from Driftwood Beach. This holiday home features free private parking, an ATM and free WiFi.,,,,
Oregon,Waldport,44.41874,-124.08129,Dowd House,5.0,"""Boasting a spa bath", Dowd House is set in Waldport. The accommodation is 20 km from Cape Perpetua Scenic Area, and guests benefit from complimentary WiFi and private parking available on site.,,,,
Oregon,Waldport,44.39672,-123.9003,Alsea River Fishing Cabin,5.0,"""Situated in Waldport", this apartment is located 28 km from Newport. The property features views of the mountain and is 20 km from Yachats.,,,,,
Oregon,Waldport,44.44311,-124.0792,Scandia House In Bayshore Estates,5.0,"""Scandia House in Bayshore Estates! is set in Bayshore", 22 km from Newport. Yachats is 15 km from the property.,,,,,
Oregon,Waldport,44.42894,-124.07968,Harbor House,5.0,"""Harbor House is situated in Waldport", 23 km from Newport. Florence is 50 km away.,,,,,
Oregon,Waldport,44.42508,-124.06947,The Shideler House,5.0,"""The Shideler House offers accommodation in Waldport. Newport is 24 km away.",,,,,,
Oregon,Waldport,44.43909,-124.08217,Splash Of Blue,5.0,"""Splash of Blue offers accommodation in Waldport. Newport is 22 km from the property.",,,,,,
Oregon,Waldport,44.45028,-124.07969,Mermaid's Lair,5.0,"""Mermaids Lair offers accommodation in Waldport. Newport is 21 km from the property.",,,,,,
Oregon,Waldport,44.42495,-124.06933,The Red Door,5.0,"""The Red Door offers accommodation in Waldport.",,,,,,
Oregon,Waldport,44.44881,-124.08148,3012 Nw Oceania Dr Home,5.0,"""3012 NW Oceania Dr Home is set in Waldport. Situated on the beachfront", this property has a garden.,,,,,
Oregon,Waldport,44.39046,-124.08776,Las Brisas Del Mar Home,5.0,"""Las Brisas del Mar Home is situated in Waldport", 28 km from Newport.,,,,,
Oregon,Waldport,44.43271,-124.06101,Bay Bridge Beach House,5.0,"""Bay Bridge Beach House is set in Waldport", 23 km from Newport. Yachats is 14 km away.,,,,,
Oregon,Waldport,44.44301,-124.08031,Caravel By The Sea Home,5.0,"""Caravel By The Sea is set in Waldport", 300 metres from Bayshore, 22 km from Oregon Coast Aquarium, and 23 km from Hatfield Marine Science Center. This holiday home is 30 km from Yaquina Head Lighthouse and 35 km from Otter Rock.,,,
Oregon,Waldport,44.42695,-124.06823,Bay Resort,5.0,"""Bay Resort is located in Waldport", 23 km from Newport. Florence is 49 km away.,,,,,
Oregon,Waldport,44.39683,-124.08657,Cape Cod Cottages,3.0,"""Cape Cod Cottages offers accommodation in Wakonda Beach.",,,,,,
Oregon,Waldport,44.44743,-124.08174,Beach Time Home,5.0,"""Beach Time is located in Waldport. The accommodation is 44 km from Depoe Bay.",,,,,,
Oregon,Waldport,44.44182,-124.07845,Pacific Ocean Blue Home,5.0,"""Pacific Ocean Blue is located in Waldport", 21 km from Oregon Coast Aquarium, 22 km from Hatfield Marine Science Center, and 23 km from Yaquina Bay State Recreation Site. The accommodation is 1.4 km from Bayshore, and guests benefit from complimentary WiFi and private parking available on site.,,
Oregon,Waldport,44.44123,-124.08236,Green Unit Home,5.0,"""Featuring a spa bath", The Green House is set in Waldport. This beachfront property offers access to free WiFi and free private parking.,,,,,
Oregon,Waldport,44.41711,-124.08248,Seawoods Home,5.0,"""Seawoods is located in Waldport", 19 km from Cape Perpetua Scenic Area, 24 km from Oregon Coast Aquarium, and 25 km from Hatfield Marine Science Center. The accommodation is a few steps from Big Stump Beach, and guests benefit from complimentary WiFi and private parking available on site.,,
Oregon,Waldport,44.39626,-124.08664,Seacrest Home,5.0,"""Situated in Waldport and only 60 metres from Big Stump Beach", Seacrest features accommodation with sea views, free WiFi and free private parking. This holiday home is 27 km from Hatfield Marine Science Center and 28 km from Yaquina Bay State Recreation Site.,,,,
Oregon,Waldport,44.418,-124.08084,Corona,5.0,"""Featuring a hot tub", Corona is located in Waldport. The accommodation is a few steps from the Big Stump Beach and features free WiFi throughout the property.,,,,,
Oregon,Waldport,44.44902,-124.08147,Sandpiper Retreat Home,5.0,"""Sandpiper Retreat in Waldport offers accommodation with free WiFi", a few steps from Bayshore, 2.7 km from Driftwood Beach and 21 km from Oregon Coast Aquarium. This holiday home is 25 km from Cape Perpetua Scenic Area and 30 km from Yaquina Head Lighthouse.,,,,
Oregon,Waldport,44.41723,-124.0367,Alsea Bay Getaway,5.0,"""Featuring accommodation with a patio", Alsea Bay Getaway is located in Waldport. The property has mountain views and is 49 km from Depoe Bay.,,,,,
Oregon,Waldport,44.44003,-124.07748,The Seaborn Home,5.0,"""Located 21 km from Oregon Coast Aquarium", 22 km from Hatfield Marine Science Center and 23 km from Yaquina Bay State Recreation Site, The Seaborn provides accommodation set in Waldport. The accommodation is 1.4 km from Bayshore, and guests benefit from complimentary WiFi and private parking available on site.,,,
Oregon,Waldport,44.44591,-124.08011,Starboard Cottage Home,5.0,"""Set 21 km from Oregon Coast Aquarium", 22 km from Hatfield Marine Science Center and 23 km from Yaquina Bay State Recreation Site, Starboard Cottage offers accommodation located in Waldport. The accommodation is 200 metres from Bayshore, and guests benefit from private parking available on site and free WiFi.,,,
Oregon,Warrenton,46.05764,-123.92546,Gearhart Lakefront Vacation Rental,5.0,"""Situated in Gearhart", close to Del Rey Beach, Gearhart Lakefront Vacation Rental features accommodation with free use of bicycles, water sports facilities, a shared lounge and a garden. Boasting free private parking, the holiday home is in an area where guests can engage in activities such as hiking, snorkelling and billiards.
Oregon,Warrenton,46.10322,-123.93377,The Hidden Treasure,5.0,"""The Hidden Treasure offers accommodation in Warrenton.",,,,,,
Oregon,Warrenton,46.09962,-123.92561,Lakeview Dunes,5.0,"""Lakeview Dunes is located in Carnahan", 23 km from Cannon Beach. Seaside is 12 km from the property.,,,,,
Oregon,Warrenton,46.10286,-123.93116,Beachcomber Haven,5.0,"""Offering lake views", Beachcomber Haven is an accommodation set in Warrenton, 16 km from Seaside Golf Course and 21 km from Necanicum Guard Station. It is located 1.2 km from Sunset Beach and provides free WiFi plus an ATM.,,,,
Oregon,Welches,45.35944,-121.997,Mt. Hood Village RV Resort,1.0,"""Mount Hood Village Yurt 1 offers pet-friendly accommodation in Welches. Free WiFi is available .",,,,,,
Oregon,Welches,45.32724,-121.95697,Crimson and Stone,5.0,"""Crimson & Stone offers accommodation in Welches.",,,,,,
Oregon,Welches,45.33804,-121.95434,Foxglove Falls,5.0,"""Foxglove Falls offers accommodation in Welches.",,,,,,
Oregon,Welches,45.32775,-121.96168,The Cozy Cabin,5.0,"""The Cozy Cabin offers accommodation in Welches", 47 km from Mt. Hood Community College and 47 km from Mt Hood Community College Planetarium. It features river views and free WiFi throughout the property.,,,,,
Oregon,Welches,45.31998,-121.94838,Cedar Grove Chalet,5.0,"""Cedar Grove Chalet offers accommodation in Welches.",,,,,,
Oregon,Welches,45.33811,-121.96748,Mt Hood Golf And Ski Retreat,5.0,"""Mt Hood Golf and Ski Retreat offers accommodation in Welches.",,,,,,
Oregon,Welches,45.35236,-121.93995,Hunter's Haven,5.0,"""Hunters Haven offers accommodation in Welches.",,,,,,
Oregon,Welches,45.37976,-121.91028,Wy' East Log Lodge,5.0,"""Wy East Log Lodge offers accommodation in Welches.",,,,,,
Oregon,Welches,45.35375,-121.97117,Roaring River Retreat,5.0,"""Roaring River Retreat offers accommodation in Welches.",,,,,,
Oregon,Welches,45.33809,-121.96729,Clark's Mountain Condo,5.0,"""Clarks Mountain Condo offers accommodation in Welches.",,,,,,
Oregon,Welches,45.36418,-121.98245,Barlow Bungalow,5.0,"""Barlow Bungalow offers accommodation in Welches.",,,,,,
Oregon,Welches,45.33439,-121.95923,Misty Ridges,5.0,"""Misty Ridges offers accommodation in Welches.",,,,,,
Oregon,Welches,45.35851,-121.98401,Pappy's Cabin,5.0,"""Pappys Cabin offers accommodation in Welches.",,,,,,
Oregon,Welches,45.36919,-121.99554,Marshall's Cabin In Rhododendron,5.0,"""Marshalls Cabin in Rhododendron offers accommodation in Welches.",,,,,,
Oregon,Welches,45.33577,-121.95844,Welches Golf Getaway,5.0,"""Welches Golf Getaway offers accommodation in Welches.",,,,,,
Oregon,Welches,45.36998,-121.92019,Black Lodge,5.0,"""Black Lodge is located in Welches", 49 km from Hood River.,,,,,
Oregon,Welches,45.35944,-121.997,Mount Hood Village Premium Yurt 2,5.0,"""Mount Hood Village Premium Yurt 2 offers pet-friendly accommodation in Welches.",,,,,,
Oregon,Welches,45.35944,-121.997,Mount Hood Village Premium Yurt 3,5.0,"""Mount Hood Village Premium Yurt 3 offers pet-friendly accommodation in Welches.",,,,,,
Oregon,Welches,45.35944,-121.997,Mount Hood Village Premium Yurt 4,5.0,"""Mount Hood Village Premium Yurt 4 offers pet-friendly accommodation in Welches.",,,,,,
Oregon,Welches,45.35944,-121.997,Mount Hood Village Deluxe Cabin 5,5.0,"""Mount Hood Village Deluxe Cabin 5 offers accommodation in Welches.",,,,,,
Oregon,Welches,45.35944,-121.997,Mount Hood Village Deluxe Cabin 6,5.0,"""Mount Hood Village Deluxe Cabin 6 offers accommodation in Welches.",,,,,,
Oregon,Welches,45.35944,-121.997,Mount Hood Village Deluxe Cabin 7,5.0,"""Offering a hot tub and sauna", Mount Hood Village Deluxe Cabin 7 is situated in Welches.,,,,,
Oregon,Welches,45.35944,-121.997,Mount Hood Village Deluxe Cabin 8,5.0,"""Mount Hood Village Deluxe Cabin 8 offers accommodation in Welches.",,,,,,
Oregon,Welches,45.35944,-121.997,Mount Hood Village Deluxe Cabin 9,5.0,"""Mount Hood Village Deluxe Cabin 9 offers accommodation in Welches.",,,,,,
Oregon,Welches,45.35836,-121.98611,Wildwood Cabin,5.0,"""Wildwood Cabin offers accommodation in Welches.",,,,,,
Oregon,Welches,45.33597,-121.9585,Fairway Breeze,5.0,"""Fairway Breeze offers accommodation in Welches.",,,,,,
Oregon,Welches,45.35375,-121.97146,Hickory Haven,5.0,"""Hickory Haven offers accommodation in Welches.",,,,,,
Oregon,Welches,45.35059,-121.96234,Stone's Throw,5.0,"""Stones Throw offers accommodation in Welches.",,,,,,
Oregon,Welches,45.34509,-121.93582,The Sharp Cabin,5.0,"""The Sharp Cabin offers accommodation in Welches.",,,,,,
Oregon,Welches,45.3738,-122.02355,Retreat On The Salmon,5.0,"""Retreat on the Salmon offers accommodation in Welches.",,,,,,
Oregon,Welches,45.36783,-121.99552,Mountain Meadow Lodge,5.0,"""Mountain Meadow Lodge offers accommodation in Welches.",,,,,,
Oregon,Welches,45.34519,-121.93552,Old Smokey Cabin,5.0,"""Old Smokey Cabin offers accommodation in Welches.",,,,,,
Oregon,Welches,45.35978,-121.98972,Zoe's Log Cabin,5.0,"""Zoes Log Cabin offers accommodation in Welches.",,,,,,
Oregon,Welches,45.36262,-121.93406,Clear Creek Cabin,5.0,"""Clear Creek Cabin is situated in Welches", 50 km from Hood River.,,,,,
Oregon,Welches,45.33807,-121.9671,Golfer's Villa At The Resort On The Mountain,5.0,"""Golfers Villa at the Resort on the Mountain offers accommodation in Welches.",,,,,,
Oregon,Welches,45.33813,-121.96768,Welches Fairway Retreat,5.0,"""Welches Fairway Retreat offers accommodation in Welches.",,,,,,
Oregon,Welches,45.32582,-121.95961,Kiwi's Creekside Cabin,5.0,"""Kiwis Creekside Cabin offers accommodation in Welches.",,,,,,
Oregon,Welches,45.35944,-121.997,Mount Hood Village Lincoln Tiny House 2,5.0,"""Located in Welches", 42 km from Mt. Hood Community College and 42 km from Mt Hood Community College Planetarium, Mount Hood Village Lincoln Tiny House 2 provides accommodation with free WiFi, air conditioning and a terrace.,,,
Oregon,Welches,45.35944,-121.997,Mount Hood Village Scarlett Tiny House 3,5.0,"""Situated in Welches", 42 km from Mt. Hood Community College and 42 km from Mt Hood Community College Planetarium, Mount Hood Village Scarlett Tiny House 3 offers free WiFi, a terrace and air conditioning. This holiday home is 47 km from Lewis and Clark State Recreation Site.,,,
Oregon,Welches,45.35944,-121.99701,Mount Hood Village Atticus Tiny House 8,5.0,"""Situated in Welches", 42 km from Mt. Hood Community College and 42 km from Mt Hood Community College Planetarium, Mount Hood Village Atticus Tiny House 8 offers free WiFi, a terrace and air conditioning. The holiday home is 47 km from Lewis and Clark State Recreation Site.,,,
Oregon,Welches,45.35944,-121.99701,Mount Hood Village Zoe Tiny House 9,5.0,"""Situated in Welches", within 42 km of Mt. Hood Community College and 42 km of Mt Hood Community College Planetarium, Mount Hood Village Zoe Tiny House 9 offers accommodation with free WiFi, air conditioning and a terrace. The Lewis and Clark State Recreation Site is within 47 km of the holiday home.,,,
Oregon,Welches,45.39024,-121.90139,Swedish Stuga Vacation Rental,5.0,"""Swedish Stuga Vacation Rental offers accommodation in Welches.",,,,,,
Oregon,Welches,45.32607,-121.96005,The Cedars Cabin,5.0,"""The Cedars Cabin offers accommodation in Welches.",,,,,,
Oregon,Welches,45.33778,-121.94955,Red Stone Cabin,5.0,"""Red Stone Cabin offers accommodation in Welches.",,,,,,
Oregon,Welches,45.34638,-121.97212,Cozy Home Theatre slps 6,5.0,"""Boasting free bikes", a garden, and a terrace, Cozy Bird house w Big screen offers accommodation in Mount Hood Village with free WiFi and garden views. Featuring free private parking, the holiday home is in an area where guests can engage in activities such as hiking, skiing and cycling.,
Oregon,Welches,45.33667,-121.95297,Moose Meadow,5.0,"""Located in Welches", 47 km from Mt. Hood Community College and 47 km from Mt Hood Community College Planetarium, Moose Meadow provides accommodation with amenities such as free WiFi and a TV.,,,,
Oregon,Wilsonville,45.3011,-122.76804,Snooz Inn,1.0,"""Within 3 miles of Molalla River State Park", this Wilsonville motel is a 30-minute drive from downtown Portland. It offers free WiFi.,,,,,
Oregon,Woodburn,45.13906,-122.84232,Budget Inn Motel,1.0,"""Located 45 minutes drive from Portland International Airport", this Woodburn motel features free parking. Each guest room includes free Wi-Fi. OGA Golf Course is 3 miles away.,,,,,
Oregon,Woodburn,45.1443,-122.8378,Woodburn Inn,1.0,"""A launderette and 24-hour reception is available at this motel. Rooms feature free Wi-Fi and cable TV. OGA Golf Course is 2.5 miles from the property.",,,,,,
Oregon,Yachats,44.31074,-124.1021,Ocean Cove Inn,5.0,"""Ocean Cove Inn offers accommodation in Yachats.",,,,,,
Oregon,Yachats,44.36033,-124.09214,Deane's Oceanfront Lodge,1.0,"""Situated on 4 acres of oceanfront property", Tillicum Beach Motel - Formerly Deanes Oceanfront Lodge is located in Yachats. Free WiFi access and easy access to long stretches of beaches is offered here.,,,,,
Oregon,Yachats,44.31065,-124.0994,Ocean Observatory,5.0,"""Ocean Observatory offers accommodation in Yachats. Newport is 37 km from the property.",,,,,,
Oregon,Yachats,44.29965,-124.10981,Sea Rock Retreat,5.0,"""Sea Rock Retreat offers accommodation in Yachats. Newport is 38 km from the property.",,,,,,
Oregon,Yachats,44.29345,-124.11162,House at Dragons Cove,3.0,"""Dragons Cove Main House Home is set in Yachats and offers a garden. Guests staying at this holiday home have access to free WiFi", a fully equipped kitchen, and a patio.,,,,
Oregon,Yachats,44.32867,-124.10104,The Soaring Seabird,5.0,"""Featuring a hot tub", The Soaring Seabird is set in Yachats. It features a garden, sea views and free WiFi throughout the property.,,,,
Oregon,Yachats,44.32276,-124.10506,Arbor House North,5.0,"""Arbor House North is located in Yachats", 1.9 km from Yachats Beach and 8.7 km from Cape Perpetua Scenic Area, in an area where cycling can be enjoyed. The accommodation is 23 km from the Heceta Head Lighthouse and features free WiFi throughout the property.,,,,
Oregon,Yachats,44.3226,-124.10549,Arbor House South,5.0,"""Arbor House South is set in Yachats", 1.8 km from Yachats Beach and 8.7 km from Cape Perpetua Scenic Area, in an area where cycling can be enjoyed. The accommodation is 23 km from the Heceta Head Lighthouse and features free WiFi throughout the property.,,,,
Oregon,Yachats,44.35252,-124.0951,Payn House,5.0,"""Payn House is set in Yachats", 12 km from Cape Perpetua Scenic Area, 27 km from Heceta Head Lighthouse, and 29 km from Sea Lion Caves. The accommodation is a few steps from Big Stump Beach, and guests benefit from complimentary WiFi and private parking available on site.,,
Oregon,Yachats,44.30932,-124.10057,Hidden Luxury Beachfront Estate,5.0,"""Hidden Luxury Beachfront Estate is situated in Yachats", 37 km from Newport.,,,,,
Oregon,Yachats,44.36264,-124.09222,Woodland Cottage By The Sea,5.0,"""Located in Yachats in the Oregon Region", this holiday home is 31 km from Newport. The unit is 42 km from Florence.,,,,,
Oregon,Yachats,44.30594,-124.1045,Patty's Sea Perch,5.0,"""Pattys Sea Perch offers accommodation in Yachats. Newport is 37 km from the property.",,,,,,
Oregon,Yachats,44.30103,-124.10745,Just Beachy 101,5.0,"""Just Beachy 101 offers accommodation in Yachats. Newport is 38 km from the property.",,,,,,
Oregon,Yachats,44.35773,-124.09414,Blue Heaven,5.0,"""Blue Heaven is set in San Marine", 31 km from Newport and 42 km from Florence.,,,,,
Oregon,Yachats,44.36249,-124.09309,Coastal Hideaway,5.0,"""Coastal Hideaway is located in Tillicum Beach", 31 km from Newport and 42 km from Florence.,,,,,
Oregon,Yachats,44.19722,-124.11285,Oregon House Unit #1A The Gate House,5.0,"""Oregon House Unit 1 A The Gate House is a holiday home situated in Searose Beach", 7 km from Heceta Head Lighthouse.,,,,,
Oregon,Yachats,44.34172,-124.09683,Villa Al Mar,5.0,"""Villa al Mar is set in Yachats", 11 km from Cape Perpetua Scenic Area, 25 km from Heceta Head Lighthouse, as well as 27 km from Sea Lion Caves. The accommodation is 200 metres from the Big Stump Beach and features free WiFi throughout the property.,,,
Oregon,Yachats,44.34221,-124.09672,Villa al Mar Main House,5.0,"""Villa al Mar -- Main House offers accommodation in San Marine. Newport is 33 km away.",,,,,,
Oregon,Yachats,44.34168,-124.09672,Villa al Mar The Bungalow,5.0,"""Set 33 km from Newport and 40 km from Florence", Villa al Mar -- The Bungalow offers accommodation in San Marine. The property is 3.5 km from Yachats and boasts views of the sea.,,,,,
Oregon,Yachats,44.19505,-124.11405,Shelley Family Cabin,5.0,"""Situated in Searose Beach in the Oregon Region", this holiday home is 7 km from Heceta Head Lighthouse.,,,,,
Oregon,Yachats,44.30217,-124.10837,Rocky Shores Vacation Rental,5.0,"""Rocky Shores Vacation Rental offers accommodation in Yachats.",,,,,,
Oregon,Yachats,44.19721,-124.11293,Oregon House Unit #2 The Carriage House,5.0,"""Oregon House Unit #2 The Carriage House offers accommodation in Searose Beach. The unit is 7 km from Heceta Head Lighthouse.",,,,,,
Oregon,Yachats,44.19721,-124.11293,Oregon House Unit #3 The Estate House,5.0,"""Situated in Searose Beach", Oregon House Unit #3 The Estate House is 7 km from Heceta Head Lighthouse.,,,,,
