State,City,Latitude,Longitude,HotelName,StarRating,Description,HotelFacilities,Attractions,Address,ZipCode,PhoneNumber,HotelWebsiteUrl
Rhode Island,,41.1688,-71.55875,The Bellevue House,3.0,"<p><b>Property Location</b> <br />With a stay at Block Island Accommodations in Block Island, you'll be near the beach, just a 5-minute walk from Nichols Park and 8 minutes by foot from Ballard's Beach.  This guesthouse is 0.5 mi (0.9 km) from Block Island Historical Society Museum and 0.9 mi (1.4 km) from Crescent Beach.</p><p><b>Rooms</b> <br />Make yourself at home in one of the 8 individually decorated guestrooms. Complimentary wireless Internet access is available to keep you connected. Bathrooms feature showers, complimentary toiletries, and hair dryers. Housekeeping is provided daily, and irons/ironing boards can be requested.</p><p><b>Amenities</b> <br />Take in the views from a terrace and a garden and make use of amenities such as complimentary wireless Internet access. Additional amenities at this guesthouse include concierge services, a picnic area, and barbecue grills.</p><p><b>Business, Other Amenities</b> <br />Featured amenities include dry cleaning/laundry services, luggage storage, and a library.</p>",Accessible bathroom Barbecue grill(s) Concierge services Dry cleaning/laundry service Free WiFi Front desk (limited hours) Garden Library Luggage storage Picnic area Smoke-free property Terrace Total number of rooms - 8 Tours/ticket assistance,Distances are displayed to the nearest 0.1 mile and kilometer. <br /> <p>Nichols Park - 0.4 km / 0.3 mi <br /> Ballard's Beach - 0.6 km / 0.4 mi <br /> Block Island Historical Society Museum - 0.9 km / 0.5 mi <br /> Crescent Beach - 1.5 km / 0.9 mi <br /> Mohegan Bluffs - 2.2 km / 1.4 mi <br /> Great Salt Pond - 2.3 km / 1.4 mi <br /> Southeast Light House - 2.4 km / 1.5 mi <br /> Nathan Mott Park - 2.8 km / 1.8 mi <br /> Rodman's Hollow - 4.3 km / 2.7 mi <br /> Lewis-Dickens Farm - 4.8 km / 3 mi <br /> Block Island National Wildlife Refuge - 5 km / 3.1 mi <br /> Mansion Beach - 5 km / 3.1 mi <br /> Clay Head Preserve - 5.7 km / 3.5 mi <br /> Coast Guard Beach - 6 km / 3.7 mi <br /> Sacred Labyrinth - 6 km / 3.8 mi <br /> </p><p>The nearest airports are:<br />Block Island  RI (BID-Block Island State) - 2.8 km / 1.7 mi<br /> North Kingstown  RI (NCO-Quonset State) - 57.9 km / 36 mi<br /> Newport  RI (NPT-Newport State) - 65.8 km / 40.9 mi<br /> Westerly  RI (WST-Westerly State) - 66.6 km / 41.4 mi<br /> Providence  RI (PVD-T.F. Green) - 71.5 km / 44.4 mi<br /> </p><p></p>,Block Island Rhode Island ,02807,,http://www.blockislandbedandbreakfast.com/agents/b
Rhode Island,,41.17286,-71.56161,Island Manor Resort,3.0,"Block Island is located about twelve miles off the Rhode Island coast. To reach the island you must take a ferry or a small plane. Once you arrive, you will be overwhelmed by the islands elegant beauty and small town charm. Activities include biking, parasailing, hiking on the many nature trails and beaches, sunbathing, kayaking, shopping, horseback & moped riding.

The property is 400 metres from the ferry and Water Street, which features many restaurants, shops and a grocery store. Please inform Island Manor Resort, a VRI resort in advance of your expected arrival time. You can use the Special Requests box when booking, or contact the property directly with the contact details provided in your confirmation.
Guests are required to show a photo identification and credit card upon check-in. Please note that all Special Requests are subject to availability and additional charges may apply.
The resort front desk has limited hours of operation. Guests who intend to arrive outside normal check-in hours must contact the property directly with the contact details provided in your confirmation to make alternative check-in arrangements.",Parking Family rooms Free parking internet services BBQ facilities wifi Free WiFi parking on site Private parking Outdoor furniture Picnic area invoice provided,,215 Chapel Street PO Box 400Block IslandRhode Island 02807 ,02807,4014665567,https://www.booking.com/hotel/us/island-manor-resort.html
Rhode Island,,41.17073,-71.55726,The 1661 Inn and Hotel Manisses,3.0,"This boutique inn, located on a small island with more than 350 years of history, offers views of the Atlantic Ocean, unspoiled beaches and 200-foot cliffs.

All rooms at The 1661 Inn have a selection of antiques and a variety of amenities. Free candy and a decanter of brandy are offered as welcoming gifts in every room. Most rooms feature a TV, refrigerator, private bath and air-conditioning.

A traditional New England buffet breakfast is served including baked bluefish, hash, baked beans and pancakes. After-dinner drinks and desserts are served nightly in the parlor.

A variety of animals, including camels, black swans and red kangaroos, are available at The 1661 Farm and Garden, across the street from The 1661 Inn. Two lighthouses, North and Southeast, also stand on the island. Guests are required to show a photo identification and credit card upon check-in. Please note that all Special Requests are subject to availability and additional charges may apply.
Upon check-in photo identification and credit card is required. All special requests are subject to availability upon check-in. Special requests cannot be guaranteed and may incur additional charges.

Please note that this property has rooms in several buildings. Guests are assigned to a building based on availability at the time of reservation. They will receive an email confirmation letter stating the specific room and building that they have been assigned. Please contact the hotel directly with any request or questions. Contact information can be found on the booking confirmation.",Free self parking Restaurant Bar/lounge Garden Non-smoking rooms Internet access Heating Free WiFi Free WiFi Non-smoking throughout Parking onsite,,1 Spring Street Block IslandRhode Island 02807 ,02807,4014662421,https://www.booking.com/hotel/us/the-1661-inn-and-manisses.html
Rhode Island,,41.1766342,-71.5716717,The Island Home Inn,3.0,"Property Location With a stay at The Island Home Inn in Block Island New Shoreham, you''ll be convenient to Block Island Historical Society Museum and Nathan Mott Park. This bed & breakfast is within close proximity of Nichols Park and Ballard''s Beach.Rooms Make yourself at home in one of the 10 air-conditioned guestrooms. Prepare your meals in the shared/communal kitchen. Complimentary wireless Internet access keeps you connected, and satellite programming is available for your entertainment.Rec, Spa, Premium Amenities Take in the views from a garden and make use of amenities such as wedding services and tour/ticket assistance. Additional amenities at this Victorian bed & breakfast include a picnic area and barbecue grills.Dining Meet other guests and eat at a complimentary reception. A complimentary full breakfast is served daily.Business, Other Amenities Featured amenities include luggage storage and coffee/tea in the lobby.",Tour desk Breakfast included Limited Time Reception Picnic area Wedding services Barbecue / Grill Coffee/tea in lobby No Restaurant Visa Discover Luggage storage Garden,Distances are calculated in a straight line from the property&apos;s location to the point of interest or attraction  and may not reflect actual travel distance. &lt;br /&gt;&lt;br /&gt; Distances are displayed to the nearest 0.1 mile and kilometer. &lt;p&gt;Block Island Historical Society Museum - 0.9 km / 0.6 mi &lt;br /&gt;Nathan Mott Park - 1.3 km / 0.8 mi &lt;br /&gt;Nichols Park - 1.3 km / 0.8 mi &lt;br /&gt;Ballard&apos;s Beach - 1.4 km / 0.9 mi &lt;br /&gt;Crescent Beach - 1.4 km / 0.9 mi &lt;br /&gt;Coast Guard Beach - 2.7 km / 1.7 mi &lt;br /&gt;Rodman&apos;s Hollow - 2.7 km / 1.7 mi &lt;br /&gt;Mansion Beach - 2.9 km / 1.8 mi &lt;br /&gt;Southeast Light House - 2.9 km / 1.8 mi &lt;br /&gt;Mohegan Bluffs - 2.9 km / 1.8 mi &lt;br /&gt;Dories Cove Beach - 3 km / 1.9 mi &lt;br /&gt;Lewis-Dickens Farm - 3 km / 1.9 mi &lt;br /&gt;Clay Head Preserve - 3.6 km / 2.3 mi &lt;br /&gt;Sacred Labyrinth - 4.5 km / 2.8 mi &lt;br /&gt;Sachem Pond - 5 km / 3.1 mi &lt;br /&gt;&lt;/p&gt;&lt;p&gt;The nearest airports are:&lt;br /&gt;Block Island  RI (BID-Block Island State) - 1 km / 0.6 mi&lt;br /&gt;Providence  RI (PVD-T.F. Green) - 62.1 km / 38.6 mi&lt;br /&gt;&lt;/p&gt;&lt;p&gt;The preferred airport for The Island Home Inn is Providence  RI (PVD-T.F. Green). &lt;/p&gt;,585 Beach Avenue P.O. Box 1587Block IslandRhode Island 02807 ,02807,4014665944,https://theislandhomeinn.com/
Rhode Island,,41.17305,-71.5585,National Hotel,4.0,"Situated on Block Island, just off the coast of Rhode Island, this historic hotel offers stunning views, delicious on-site dining options and is moments from beautiful beaches and area attractions.

Popular area points of interest, including the historic Southeast Lighthouse can be found a short distance from the National Hotel. A number of charming shops, art galleries and local restaurants are also easily accessible.

Guests at the National can enjoy relaxing on the hotels large porch, offering beautiful views of the ocean. The hotel also features an on-site restaurant, the Tap & Grill, which offers a variety of fresh seafood dishes. Guests are required to show a photo identification and credit card upon check-in. Please note that all Special Requests are subject to availability and additional charges may apply.",Restaurant meeting/banquet facilities Bar Terrace Non-smoking rooms Fishing Family rooms internet services Hiking Cycling Heating Fax/photocopying Horse riding Luggage storage wifi Free WiFi Air conditioning designated smoking area ATM/cash machine on site Sun terrace concierge service shared lounge/TV area minimarket on site Daily housekeeping wifi available in all areas Kid meals Wine/champagne Outdoor furniture Outdoor fireplace Beach Walking tours Bike tours Live music/performance Live sport events (broadcast) 24-hour security Key access Security alarm Smoke alarms CCTV in common areas CCTV outside property Fire extinguishers use of cleaning chemicals that are effective against coronavirus linens  towels and laundry washed in accordance with local authority guidelines guest accommodation is disinfected between stays physical distancing in dining areas staff follow all safety protocols as directed by local authorities shared stationery such as printed menus  magazines  pens  and paper removed hand sanitizer in guest accommodation and key areas first aid kit available contactless check-in/check-out cashless payment available physical distancing rules followed screens or physical barriers placed between staff and guests in appropriate areas all plates  cutlery  glasses and other tableware have been sanitized guests have the option to cancel any cleaning services for their accommodation during their stay face masks for guests available,,One Historic Water Street Block IslandRhode Island 02807 ,02807,4014662901,https://www.booking.com/hotel/us/national.html
Rhode Island,,41.16798,-71.55485,The Inn at Spring House,5.0,"Set on Block Island, Spring House Hotel provides free WiFi and rooms with air conditioning in New Shoreham. Rooms are available at either the Mott House or the Main Building of the Spring House Hotel.

Guests can dine in the on-site restaurant, which serves a variety of American dishes, with an emphasis on farm-to-table dining. Breakfast, lunch and dinner are available during the months of June through September.

This property is located a short distance from attractions such as Southeast Lighthouse, Greenway Walking Trails, and Block Island Historical Society. Settler s Rock is 4.1 km from the hotel.  North Lighthouse is 3.9 km from the hotel. Guests are required to show a photo identification and credit card upon check-in. Please note that all Special Requests are subject to availability and additional charges may apply.",Parking Restaurant Non-smoking rooms Free parking internet services wifi Free WiFi Non-smoking throughout Air conditioning Daily housekeeping parking on site Private parking wifi available in all areas,,52 Spring Street P.O. Box 1790Block IslandRhode Island 02807 ,02807,4014665844,https://www.booking.com/hotel/us/the-inn-at-spring-house.html
Rhode Island,,41.17374,-71.56099,The Gothic Inn,2.0,"<p><b>Property Location</b> <br />With a stay at The Gothic Inn in Block Island, you'll be on the beach, just a 1-minute walk from Block Island Historical Society Museum and 6 minutes by foot from Nichols Park.  This beach bed & breakfast is 0.4 mi (0.6 km) from Crescent Beach and 0.4 mi (0.6 km) from Ballard's Beach.</p><p><b>Rooms</b> <br />Make yourself at home in one of the 9 guestrooms. Complimentary wireless Internet access is available to keep you connected. Shared bathrooms are provided. Conveniences include ceiling fans and irons/ironing boards, and housekeeping is provided daily.</p><p><b>Amenities</b> <br />Make use of convenient amenities such as complimentary wireless Internet access, a picnic area, and barbecue grills.</p><p><b>Dining</b> <br />A complimentary continental breakfast is served daily.</p><p><b>Business, Other Amenities</b> <br />The front desk is staffed during limited hours. Free self parking is available onsite.</p>",Barbecue grill(s) Free WiFi Free breakfast Free self parking Front desk (limited hours) Library Pets allowed Picnic area Smoke-free property Total number of rooms - 9,Distances are displayed to the nearest 0.1 mile and kilometer. <br /> <p>Block Island Historical Society Museum - 0.1 km / 0.1 mi <br /> Nichols Park - 0.5 km / 0.3 mi <br /> Crescent Beach - 0.6 km / 0.4 mi <br /> Ballard's Beach - 0.6 km / 0.4 mi <br /> Great Salt Pond - 1.5 km / 0.9 mi <br /> Nathan Mott Park - 2.3 km / 1.4 mi <br /> Southeast Light House - 2.9 km / 1.8 mi <br /> Mohegan Bluffs - 3 km / 1.9 mi <br /> Block Island National Wildlife Refuge - 4.1 km / 2.6 mi <br /> Mansion Beach - 4.2 km / 2.6 mi <br /> Rodman's Hollow - 4.4 km / 2.7 mi <br /> Coast Guard Beach - 4.5 km / 2.8 mi <br /> Lewis-Dickens Farm - 4.8 km / 3 mi <br /> Clay Head Preserve - 4.9 km / 3 mi <br /> Sacred Labyrinth - 5.2 km / 3.2 mi <br /> </p><p>The nearest airports are:<br />Block Island  RI (BID-Block Island State) - 2.2 km / 1.4 mi<br /> North Kingstown  RI (NCO-Quonset State) - 57.8 km / 35.9 mi<br /> Newport  RI (NPT-Newport State) - 65.1 km / 40.4 mi<br /> Westerly  RI (WST-Westerly State) - 66.6 km / 41.4 mi<br /> Providence  RI (PVD-T.F. Green) - 71.5 km / 44.4 mi<br /> </p><p></p>,440 Dodge Street PO Box 537Block IslandRhode Island 02807 ,02807,4014662918,http://www.thegothicinn.com/
Rhode Island,,41.16166,-71.58426,Avonlea Jewel of Sea,3.0,"<p><b>Property Location</b> <br />Located in Block Island, Avonlea, Jewel of Sea is by the ocean and minutes from Rodman''s Hollow and Nathan Mott Park. This beach bed & breakfast is within close proximity of Lewis-Dickens Farm and Block Island Historical Society Museum.</p><p><b>Rooms</b> <br />Make yourself at home in one of the 8 air-conditioned rooms featuring DVD players. Private bathrooms with shower/tub combinations feature complimentary toiletries and hair dryers. Housekeeping is provided daily, and both irons/ironing boards and cribs/infant beds (surcharge) are available on request.</p><p><b>Dining</b> <br />Meet other guests and eat at a complimentary reception. A complimentary full breakfast is served daily.</p><p><b>Business, Other Amenities</b> <br />The front desk is staffed during limited hours. Free self parking is available onsite.</p>",Free reception Beach sun loungers Free self parking Smoke-free property Free breakfast Beach towels Total number of rooms - 8 Front desk (limited hours) Free WiFi Pets allowed,Distances are calculated in a straight line from the property&apos;s location to the point of interest or attraction  and may not reflect actual travel distance. &lt;br /&gt;&lt;br /&gt; Distances are displayed to the nearest 0.1 mile and kilometer. &lt;p&gt;Rodman&apos;s Hollow - 0.7 km / 0.5 mi &lt;br /&gt;Nathan Mott Park - 0.8 km / 0.5 mi &lt;br /&gt;Lewis-Dickens Farm - 1.2 km / 0.7 mi &lt;br /&gt;Block Island Historical Society Museum - 2.3 km / 1.4 mi &lt;br /&gt;Dories Cove Beach - 2.3 km / 1.4 mi &lt;br /&gt;Nichols Park - 2.5 km / 1.6 mi &lt;br /&gt;Mohegan Bluffs - 2.6 km / 1.6 mi &lt;br /&gt;Ballard&apos;s Beach - 2.7 km / 1.7 mi &lt;br /&gt;Southeast Light House - 2.7 km / 1.7 mi &lt;br /&gt;Crescent Beach - 3.3 km / 2.1 mi &lt;br /&gt;Coast Guard Beach - 3.9 km / 2.4 mi &lt;br /&gt;Mansion Beach - 4.8 km / 3 mi &lt;br /&gt;Clay Head Preserve - 5.5 km / 3.4 mi &lt;br /&gt;Sacred Labyrinth - 6.4 km / 4 mi &lt;br /&gt;Sachem Pond - 6.8 km / 4.3 mi &lt;br /&gt;&lt;/p&gt;&lt;p&gt;The preferred airport for Avonlea  Jewel of Sea is Newport  RI (NPT-Newport State) - 48.2 km / 29.9 mi. &lt;/p&gt;,597 Corn Neck Road Block IslandRhode Island 02807 ,02807,,
Rhode Island,,41.17229,-71.55754,The Inn at Old Harbor,3.0,"Featuring a shared lounge, garden and views of sea, Inn at Old Harbor is located in New Shoreham, 2.3 km from Mohegan Bluffs Beach. The property is around 2.7 km from Block Island, 3.2 km from Southeast Lighthouse and less than 1 km from Greenway Walking Trails. The property is set 3.9 km from Settler s Rock.

The inn offers a terrace.

Block Island Historical Society is 1.4 km from Inn at Old Harbor, while North Lighthouse is 3.8 km away. The nearest airport is T.F. Green Airport, 62 km from the accommodation. Guests are required to show a photo identification and credit card upon check-in. Please note that all Special Requests are subject to availability and additional charges may apply.",linens  towels and laundry washed in accordance with local authority guidelines Non-smoking rooms shops (on site) Luggage storage guest accommodation is disinfected between stays Sun terrace guests have the option to cancel any cleaning services for their accommodation during their stay use of cleaning chemicals that are effective against coronavirus shared lounge/TV area Garden Terrace,,231 Water Street Block IslandRhode Island 02807 ,02807,9147073367,https://www.booking.com/hotel/us/inn-at-old-harbor.html
Rhode Island,,41.16887,-71.55872,The Rose Farm Inn,2.0,"<p><b>Property Location</b> <br />Located in Block Island, Rose Farm Inn is by the ocean, a 3-minute drive from Crescent Beach and 5 minutes from Mohegan Bluffs.  This bed & breakfast is 1.4 mi (2.3 km) from Great Salt Pond and 1.5 mi (2.4 km) from Southeast Light House.</p><p><b>Rooms</b> <br />Make yourself at home in one of the 20 individually decorated guestrooms. Complimentary wireless Internet access is available to keep you connected. Bathrooms have complimentary toiletries and hair dryers. Conveniences include fans, as well as phones with free local calls.</p><p><b>Amenities</b> <br />Take advantage of recreation opportunities such as bicycles to rent or take in the view from a terrace and a garden. Additional amenities at this Victorian bed & breakfast include complimentary wireless Internet access, wedding services, and a television in a common area.</p><p><b>Dining</b> <br />A complimentary continental breakfast is included.</p><p><b>Business, Other Amenities</b> <br />Featured amenities include multilingual staff, luggage storage, and laundry facilities. Free self parking is available onsite.</p>",Accessible bathroom Beach towels Coffee/tea in common areas Free WiFi Free breakfast Free self parking Front desk (limited hours) Garden In-room accessibility Laundry facilities Luggage storage Multilingual staff Number of buildings/towers - 2 Number of floors - 2 Roll-in shower Shared refrigerator Smoke-free property Television in common areas Terrace Total number of rooms - 20 Wedding services Year Built - 1994,Distances are displayed to the nearest 0.1 mile and kilometer. <br /> <p>Nichols Park - 0.4 km / 0.2 mi <br /> Ballard's Beach - 0.6 km / 0.4 mi <br /> Block Island Historical Society Museum - 0.9 km / 0.5 mi <br /> Crescent Beach - 1.4 km / 0.9 mi <br /> Mohegan Bluffs - 2.2 km / 1.4 mi <br /> Great Salt Pond - 2.3 km / 1.4 mi <br /> Southeast Light House - 2.4 km / 1.5 mi <br /> Nathan Mott Park - 2.8 km / 1.8 mi <br /> Rodman's Hollow - 4.3 km / 2.7 mi <br /> Lewis-Dickens Farm - 4.8 km / 3 mi <br /> Block Island National Wildlife Refuge - 5 km / 3.1 mi <br /> Mansion Beach - 5 km / 3.1 mi <br /> Clay Head Preserve - 5.7 km / 3.5 mi <br /> Coast Guard Beach - 6 km / 3.7 mi <br /> Sacred Labyrinth - 6 km / 3.8 mi <br /> </p><p>The nearest airports are:<br />Block Island  RI (BID-Block Island State) - 2.8 km / 1.7 mi<br /> North Kingstown  RI (NCO-Quonset State) - 57.9 km / 35.9 mi<br /> Newport  RI (NPT-Newport State) - 65.1 km / 40.5 mi<br /> Westerly  RI (WST-Westerly State) - 66.6 km / 41.4 mi<br /> Providence  RI (PVD-T.F. Green) - 71.5 km / 44.4 mi<br /> </p><p></p>,1005 High Street Block IslandRhode Island 02807 ,02807,4014662034,http://www.rosefarminn.com
Rhode Island,,41.17713,-71.57125,Payne's Harbor View Inn,5.0,"Providing free WiFi and a garden, Paynes Harbor View Inn offers rooms in New Shoreham, 700 metres from Fred Benson Town Beach and less than 1 km from Baby Beach. The property is around 1.4 km from Mosquito Beach, 1.5 km from Block Island and 35 km from Towers in Narragansett. Certain rooms at the property include a balcony with a sea view.

At the inn, each room comes with a wardrobe, a TV, a private bathroom, bed linen and towels.

Paynes Harbor View Inn offers a continental or buffet breakfast.

The nearest airport is Block Island State Airport, 1 km from the accommodation. Guests are required to show a photo identification and credit card upon check-in. Please note that all Special Requests are subject to availability and additional charges may apply.
Please inform Paynes Harbor View Inn in advance of your expected arrival time. You can use the Special Requests box when booking, or contact the property directly with the contact details provided in your confirmation.
In response to Coronavirus (COVID-19), additional safety and sanitation measures are in effect at this property.
Due to Coronavirus (COVID-19), this property is taking steps to help protect the safety of guests and staff. Certain services and amenities may be reduced or unavailable as a result.
Due to Coronavirus (COVID-19), wearing a face mask is mandatory in all indoor common areas.",meeting/banquet facilities Garden Non-smoking rooms Facilities for disabled guests internet services lift Luggage storage wifi Free WiFi Non-smoking throughout Adult only Daily housekeeping board games/puzzles Outdoor furniture use of cleaning chemicals that are effective against coronavirus linens  towels and laundry washed in accordance with local authority guidelines guest accommodation sealed after cleaning physical distancing in dining areas food can be delivered to guest accommodation staff follow all safety protocols as directed by local authorities hand sanitizer in guest accommodation and key areas first aid kit available cashless payment available all plates  cutlery  glasses and other tableware have been sanitized guests have the option to cancel any cleaning services for their accommodation during their stay face masks for guests available,,111 Beach Avenue PO Box 1781New ShorehamRhode Island 02807 ,02807,4014665758,https://www.booking.com/hotel/us/payne-39-s-harbor-view-inn.html
Rhode Island,,41.18092,-71.57486,Narragansett Inn,2.0,"<p><b>Property Location</b> <br />With a stay at Narragansett Inn in Block Island, you'll be steps from Great Salt Pond and a 3-minute drive from Block Island Historical Society Museum.  This inn is 1 mi (1.6 km) from Crescent Beach and 1.2 mi (1.9 km) from Nathan Mott Park.</p><p><b>Rooms</b> <br />Make yourself at home in one of the 15 individually decorated guestrooms. Bathrooms have showers and complimentary toiletries. Housekeeping is provided daily, and irons/ironing boards can be requested.</p><p><b>Amenities</b> <br />Take in the views from a garden.</p><p><b>Dining</b> <br />Enjoy a satisfying meal at Narragansett serving guests of Narragansett Inn. A complimentary buffet breakfast is served daily from 8 AM to 10 AM.</p><p><b>Business, Other Amenities</b> <br />Featured amenities include a 24-hour front desk and multilingual staff.</p>",24-hour front desk Free breakfast Garden Multilingual staff Restaurant - 1 Smoke-free property Total number of rooms - 15,Distances are displayed to the nearest 0.1 mile and kilometer. <br /> <p>Great Salt Pond - 0.1 km / 0.1 mi <br /> Block Island Historical Society Museum - 1.5 km / 0.9 mi <br /> Crescent Beach - 1.6 km / 1 mi <br /> Nathan Mott Park - 1.8 km / 1.1 mi <br /> Nichols Park - 2 km / 1.2 mi <br /> Ballard's Beach - 2.3 km / 1.4 mi <br /> Coast Guard Beach - 3.6 km / 2.2 mi <br /> Mansion Beach - 3.8 km / 2.3 mi <br /> Rodman's Hollow - 3.9 km / 2.4 mi <br /> Lewis-Dickens Farm - 4.4 km / 2.7 mi <br /> Southeast Light House - 4.4 km / 2.8 mi <br /> Mohegan Bluffs - 4.6 km / 2.8 mi <br /> Block Island National Wildlife Refuge - 5 km / 3.1 mi <br /> Clay Head Preserve - 5.2 km / 3.3 mi <br /> Sacred Labyrinth - 5.6 km / 3.5 mi <br /> </p><p>The nearest airports are:<br />Block Island  RI (BID-Block Island State) - 1.8 km / 1.1 mi<br /> North Kingstown  RI (NCO-Quonset State) - 59.4 km / 36.9 mi<br /> Newport  RI (NPT-Newport State) - 67.4 km / 41.9 mi<br /> Westerly  RI (WST-Westerly State) - 68.2 km / 42.3 mi<br /> Providence  RI (PVD-T.F. Green) - 73 km / 45.4 mi<br /> </p><p></p>,Ocean Avenue PO Box 186Block IslandRhode Island 02807 ,02807,4014662626,http://www.narragansettinn.net
Rhode Island,,41.17462,-71.56748,Dewey Cottage,2.0,"<p><b>Property Location</b> <br />With a stay at Dewey Cottage in Block Island, you'll be within a 15-minute walk of Block Island Historical Society Museum and Great Salt Pond.  This bed & breakfast is 0.6 mi (1 km) from Nichols Park and 0.6 mi (1 km) from Crescent Beach.</p><p><b>Rooms</b> <br />Make yourself at home in one of the 6 individually decorated guestrooms, featuring refrigerators and flat-screen televisions. Complimentary wireless Internet access keeps you connected, and satellite programming is available for your entertainment. Private bathrooms with bathtubs or showers feature complimentary toiletries and hair dryers. Conveniences include portable fans, housekeeping is provided daily, and irons/ironing boards can be requested.</p><p><b>Amenities</b> <br />Take in the views from a terrace and a garden and make use of amenities such as concierge services.</p><p><b>Dining</b> <br />A complimentary hot/cold buffet breakfast is served daily from 8 AM to 10 AM.</p><p><b>Business, Other Amenities</b> <br />Featured amenities include multilingual staff, luggage storage, and laundry facilities. Free self parking is available onsite.</p>",Concierge services Free breakfast Free self parking Garden Laundry facilities Luggage storage Multilingual staff Porter/bellhop Smoke-free property Terrace Total number of rooms - 6,Distances are displayed to the nearest 0.1 mile and kilometer. <br /> <p>Block Island Historical Society Museum - 0.5 km / 0.3 mi <br /> Great Salt Pond - 0.9 km / 0.6 mi <br /> Crescent Beach - 1 km / 0.6 mi <br /> Nichols Park - 1 km / 0.6 mi <br /> Ballard's Beach - 1.2 km / 0.7 mi <br /> Nathan Mott Park - 1.8 km / 1.1 mi <br /> Southeast Light House - 3.4 km / 2.1 mi <br /> Mohegan Bluffs - 3.6 km / 2.2 mi <br /> Mansion Beach - 3.8 km / 2.3 mi <br /> Rodman's Hollow - 3.9 km / 2.4 mi <br /> Coast Guard Beach - 4.1 km / 2.5 mi <br /> Lewis-Dickens Farm - 4.4 km / 2.7 mi <br /> Block Island National Wildlife Refuge - 4.5 km / 2.8 mi <br /> Clay Head Preserve - 5.2 km / 3.2 mi <br /> Sacred Labyrinth - 5.5 km / 3.4 mi <br /> </p><p>The nearest airports are:<br />Block Island  RI (BID-Block Island State) - 1.7 km / 1.1 mi<br /> North Kingstown  RI (NCO-Quonset State) - 58.5 km / 36.3 mi<br /> Newport  RI (NPT-Newport State) - 66.4 km / 41.3 mi<br /> Westerly  RI (WST-Westerly State) - 67.2 km / 41.8 mi<br /> Fishers Island  NY (FID-Elizabeth Field) - 71.9 km / 44.7 mi<br /> </p><p></p>,Ocean Avenue Block IslandRhode Island 02807 ,02807,,
Rhode Island,,41.17385,-71.56041,Dodge Cottage,2.0,"<p><b>Property Location</b> <br />With a stay at Dodge Cottage in Block Island, you'll be a 2-minute walk from Block Island Historical Society Museum and 5 minutes by foot from Nichols Park.  This inn is 0.4 mi (0.6 km) from Ballard's Beach and 0.4 mi (0.7 km) from Crescent Beach.</p><p><b>Rooms</b> <br />Make yourself at home in one of the 9 air-conditioned rooms featuring flat-screen televisions. Complimentary wireless Internet access keeps you connected, and cable programming is available for your entertainment. Private bathrooms with bathtubs or showers feature complimentary toiletries and hair dryers. Housekeeping is provided daily, and irons/ironing boards can be requested.</p><p><b>Amenities</b> <br />Make use of convenient amenities, which include complimentary wireless Internet access and concierge services.</p><p><b>Dining</b> <br />A complimentary hot/cold buffet breakfast is served daily from 8 AM to 10 AM.</p><p><b>Business, Other Amenities</b> <br />Featured amenities include multilingual staff and luggage storage.</p>",Concierge services Free WiFi Free breakfast Luggage storage Multilingual staff Porter/bellhop Smoke-free property Total number of rooms - 9,Distances are displayed to the nearest 0.1 mile and kilometer. <br /> <p>Block Island Historical Society Museum - 0.2 km / 0.1 mi <br /> Nichols Park - 0.4 km / 0.3 mi <br /> Ballard's Beach - 0.6 km / 0.4 mi <br /> Crescent Beach - 0.7 km / 0.4 mi <br /> Great Salt Pond - 1.5 km / 0.9 mi <br /> Nathan Mott Park - 2.3 km / 1.4 mi <br /> Southeast Light House - 2.8 km / 1.8 mi <br /> Mohegan Bluffs - 3 km / 1.8 mi <br /> Block Island National Wildlife Refuge - 4.2 km / 2.6 mi <br /> Mansion Beach - 4.2 km / 2.6 mi <br /> Rodman's Hollow - 4.4 km / 2.7 mi <br /> Coast Guard Beach - 4.6 km / 2.8 mi <br /> Lewis-Dickens Farm - 4.9 km / 3 mi <br /> Clay Head Preserve - 4.9 km / 3.1 mi <br /> Sacred Labyrinth - 5.3 km / 3.3 mi <br /> </p><p>The nearest airports are:<br />Block Island  RI (BID-Block Island State) - 2.3 km / 1.5 mi<br /> North Kingstown  RI (NCO-Quonset State) - 57.9 km / 36 mi<br /> Newport  RI (NPT-Newport State) - 65.8 km / 40.9 mi<br /> Westerly  RI (WST-Westerly State) - 66.6 km / 41.4 mi<br /> Fishers Island  NY (FID-Elizabeth Field) - 71.3 km / 44.3 mi<br /> </p><p></p>,Dodge Street Block IslandRhode Island 02807 ,02807,,
Rhode Island,,41.665123,-71.291813,Point Pleasant Inn & Resort,3.0,"<p>HeadLine : Near Coggeshall Farm Museum</p><p>Location : With a stay at Point Pleasant Inn & Resort in Bristol, you ll be within a 5-minute drive of Colt State Park and Coggeshall Farm Museum.  This bed & breakfast is 16.5 mi (26.5 km) from Thames Street and 16.8 mi (27 km) from Easton s Beach.</p><p>Rooms : Make yourself at home in one of the 7 air-conditioned rooms featuring DVD players. Complimentary wireless Internet access is available to keep you connected. Bathrooms have hair dryers and bathrobes. Conveniences include phones and complimentary bottled water, and housekeeping is provided daily.</p><p>Dining : Quench your thirst with your favorite drink at the bar/lounge. A complimentary buffet breakfast is served on weekends from 9 AM to 11 AM.</p><p>Renovations : This property is closed from May 11 2021 to December 31 2021 (dates subject to change).   The property is closed between October 31 and May 20.</p><p>CheckIn Instructions : <ul>  <li>Extra-person charges may apply and vary depending on property policy</li><li>Government-issued photo identification and a credit card, debit card, or cash deposit may be required at check-in for incidental charges</li><li>Special requests are subject to availability upon check-in and may incur additional charges; special requests cannot be guaranteed</li><li>This property accepts credit cards</li>  </ul></p><p>Special Instructions : Guests must contact the property for check-in instructions.</p>",Smoke-free property Garden Tennis on site Free newspapers in lobby Barbecue grill(s) Library Terrace Bar/lounge Luggage storage Fitness facilities Front desk (limited hours) Laundry facilities Free breakfast Business center Billiards or pool table Meeting rooms Free self parking Free WiFi Sauna Outdoor pool,Distances are displayed to the nearest 0.1 mile and kilometer. <br /> <p>Colt State Park - 0.7 km / 0.4 mi <br /> Coggeshall Farm Museum - 1.7 km / 1.1 mi <br /> Musee Patamecanique - 4.1 km / 2.6 mi <br /> Hope Street - 4.3 km / 2.7 mi <br /> Herreshoff Marine Museum - 5.2 km / 3.2 mi <br /> Blithewold Mansion Gardens and Arboretum - 6.4 km / 4 mi <br /> Roger Williams University - 7.7 km / 4.8 mi <br /> Newport Bridge - 9 km / 5.6 mi <br /> Green Animals Topiary Gardens - 14.8 km / 9.2 mi <br /> Fort Barton - 15.8 km / 9.8 mi <br /> Fantasyland - 17.3 km / 10.8 mi <br /> Seekonk Speedway - 17.5 km / 10.9 mi <br /> Crescent Park Looff Carousel - 17.6 km / 11 mi <br /> Seekonk Grand Prix - 19.5 km / 12.1 mi <br /> Cape Verdean Museum - 21.3 km / 13.2 mi <br /> </p><p>The nearest airports are:<br />T.F. Green Airport (PVD) - 42.1 km / 26.1 mi<br /> North Kingstown  RI (NCO-Quonset State) - 58.9 km / 36.6 mi<br /> Newport  RI (NPT-Newport State) - 22.7 km / 14.1 mi<br /> New Bedford  MA (EWB-New Bedford Regional) - 42.3 km / 26.3 mi<br /> Pawtucket  RI (SFZ-North Central State) - 44.5 km / 27.7 mi<br /> </p><p>The preferred airport for Point Pleasant Inn & Resort is T.F. Green Airport (PVD). </p>,Poppasquash Road 333 333 02809 Bristol BristolRhode Island 02809 ,02809,4012530627,http://www.pointpleasantinn.com/
Rhode Island,,41.66696,-71.27224,William's Grant Inn Bed and Breakfast,5.0,"This bed and breakfast is one block from Bristol Harbor, which is part of Narragansett Bay. The inn offers a daily homemade breakfast and free Wi-Fi.

Guestrooms at the Williams Grant Inn Bed and Breakfast are uniquely decorated in regional themes. Each room has a private bathroom with robes and a hair dryer.

The Williams Grant Inn perfectly located to explore the area. Colt State Park is 2 miles from the inn. Roger Williams University and Blithewold Mansion and Arboretum are within a 5-minute drive of the inn. Guests are required to show a photo identification and credit card upon check-in. Please note that all Special Requests are subject to availability and additional charges may apply.
Please inform Williams Grant Inn Bed and Breakfast in advance of your expected arrival time. You can use the Special Requests box when booking, or contact the property directly with the contact details provided in your confirmation.
In accordance with government guidelines to minimise transmission of the Coronavirus (COVID-19), this property currently isnt accepting guests from certain countries, during dates where such guidelines exist.
In response to Coronavirus (COVID-19), additional safety and sanitation measures are in effect at this property.
Due to Coronavirus (COVID-19), this property is taking steps to help protect the safety of guests and staff. Certain services and amenities may be reduced or unavailable as a result.
In accordance with government guidelines to minimise transmission of the Coronavirus (COVID-19), this property may request additional documentation from guests to validate identity, travel itinerary and other relevant information, during dates where such guidelines exist.",Parking Golf course (within 3 km) Garden Terrace Non-smoking rooms Games room Free parking internet services express check-in/check-out Heating Luggage storage wifi Allergy-free room Free WiFi Non-smoking throughout Air conditioning Sun terrace Private check-in/check-out Special diet menus (on request) shared lounge/TV area Adult only parking on site wifi available in all areas board games/puzzles Street parking Accessible parking Outdoor furniture Picnic area Key access Smoke alarms Fire extinguishers use of cleaning chemicals that are effective against coronavirus linens  towels and laundry washed in accordance with local authority guidelines guest accommodation is disinfected between stays guest accommodation sealed after cleaning physical distancing in dining areas staff follow all safety protocols as directed by local authorities shared stationery such as printed menus  magazines  pens  and paper removed hand sanitizer in guest accommodation and key areas process in place to check health of guests first aid kit available contactless check-in/check-out cashless payment available physical distancing rules followed invoice provided all plates  cutlery  glasses and other tableware have been sanitized guests have the option to cancel any cleaning services for their accommodation during their stay,,154 High Street BristolRhode Island 02809 ,02809,4012534222,https://www.booking.com/hotel/us/william-s-grant-inn.html
Rhode Island,,41.67055,-71.27812,Bristol Harbor Inn,4.0,"Featuring an on-site restaurant and bar, Bristol Harbor Inn is located in Bristol. Free WiFi access and free parking are available.

A refrigerator and cable TV are included in each guest room. The private bathrooms are equipped with a hairdryer. Select rooms have a fireplace.

Meeting facilities are available at the Harbor Inn Bristol.

Guests can enjoy fine dining at the waterfront restaurant. Refreshments are available at the waterfront pub.

Numerous shops and restaurant are located within walking distance. Roger Williams University is just 5 minutes drive. Newport is 22.2 km away. Guests are required to show a photo identification and credit card upon check-in. Please note that all Special Requests are subject to availability and additional charges may apply.
Please inform Bristol Harbor Inn in advance of your expected arrival time. You can use the Special Requests box when booking, or contact the property directly with the contact details provided in your confirmation.",Parking meeting/banquet facilities Non-smoking rooms Free parking internet services Heating wifi Free WiFi Air conditioning vending machine (drinks) vending machine (snacks) parking on site wifi available in all areas,,Thames Street 259 02809 Bristol BristolRhode Island 02809 ,02809,4012541444,http://www.bristolharborinn.com
Rhode Island,,41.70032,-71.28115,Bristol House Bed and Breakfast,5.0,"Located in a quiet, secluded suburban neighborhood, we are the ONLY B&B in Bristol that offers you immediate access to the water & the East Bay Bike Path, no hassle parking, modern amenities and a beautiful backyard garden and patio to relax and wind away the day - all at an affordable nightly rate!  And, now with UBER active in the Bristol area, the downtown area is a short, 3-minute, $5 trip away - so you dont have to drive to go out to dinner or attend your special event/wedding.  With our special concierge service, we can arrange dinner reservations, tickets to attractions and car service - including UBER!  
Our trained chef prepares breakfasts that have won numerous awards and we can adapt our menus to follow any dietary constraints or food allergies that you and your party may have.  
We hope to see you soon! This Bristol, Rhode Island bed and breakfast is 5 minutes drive from Colt State Park and boasts lush gardens and a daily gourmet breakfast.

Rooms at the Bristol House Bed & Breakfast are uniquely decorated in bright colours and feature a flat-screen TV and free Wi-Fi. A luxury spa bathrobe is provided for guests comfort.

The B&B Bristol House serves a full gourmet breakfast which includes locally grown produce, homemade baked goods, and a hot entree. Guests can relax on the large terrace or take advantage of on-site personal training services.

Both Providence and Newport are within 15 miles of the bed and breakfast. Roger Williams University is 7 minutes drive away. Please inform Bristol House Bed & Breakfast Inn in advance of your expected arrival time. You can use the Special Requests box when booking, or contact the property directly with the contact details provided in your confirmation.
Please contact Bristol House Bed & Breakfast if you are interested in a room with two twin beds. Accommodations can be made to the king room.

Please note that only children above the age of 6 years are allowed at the property.",Free self parking Golf course (within 3 km) Free newspapers in lobby Garden Terrace Non-smoking rooms Airport shuttle Fishing Business center Babysitting or childcare Family rooms Internet access Bicycle rental (additional charge) Library Business services Hiking BBQ facilities Packed lunches Car hire Cycling Heating Luggage storage Free WiFi Free WiFi Non-smoking throughout Air conditioning Concierge services Area shuttle (surcharge) Special diet menus (on request) Vending machine - Snacks & Drink Airport transportation (surcharge) Daily housekeeping Parking onsite Games Children's books Children television networks Street parking,,14 Aaron Avenue BristolRhode Island 02809 ,02809,4013969066,https://www.booking.com/hotel/us/bristol-house-bed.html
Rhode Island,,41.66196,-71.54984,Holiday Inn Express Coventry S West Warwick Area,2.0,"<p>HeadLine : In Coventry</p><p>Location : Located in Coventry, Holiday Inn Express Coventry S - West Warwick Area, an IHG Hotel is within a 10-minute drive of Nathanael Greene Homestead and Launch Trampoline Park.  This hotel is 13.4 mi (21.6 km) from Roger Williams Park Zoo and 18.7 mi (30.1 km) from University of Rhode Island.</p><p>Rooms : Stay in one of 90 guestrooms featuring LED televisions. Your pillowtop bed comes with Egyptian cotton sheets, and all rooms are furnished with sofa beds. Complimentary wired and wireless Internet access keeps you connected, and cable programming provides entertainment. Private bathrooms have deep soaking bathtubs and complimentary toiletries.</p><p>Dining : Mingle with other guests at the complimentary reception, held on select days. A complimentary on-the-go breakfast is served on weekdays from 6:00 AM to 9:00 AM and on weekends from 6:00 AM to 10:00 AM.</p><p>CheckIn Instructions : <ul>  <li>Extra-person charges may apply and vary depending on property policy</li><li>Government-issued photo identification and a credit card may be required at check-in for incidental charges</li><li>Special requests are subject to availability upon check-in and may incur additional charges; special requests cannot be guaranteed</li><li>This property accepts credit cards; cash is not accepted</li><li>Safety features at this property include a fire extinguisher, a smoke detector, and window guards</li>  </ul></p><p>Special Instructions : Front desk staff will greet guests on arrival.</p>",Gift shops or newsstand Wheelchair accessible (may have limitations) Wheelchair-accessible van parking Free reception Number of meeting rooms - 2 Swimming pool Television in common areas Wheelchair-accessible fitness center Free WiFi Wheelchair-accessible pool Number of indoor pools - 1 Picnic area In-room accessibility (in select rooms) Wheelchair accessible parking Stair-free path to entrance Roll-in shower (in select rooms) Accessible bathroom (in select rooms) Free breakfast to go Luggage storage Free breakfast Multilingual staff Business center 24-hour front desk Water dispenser Daily Wheelchair-accessible meeting spaces/business center Golfing nearby Safe-deposit box at front desk Coffee/tea in common areas Laundry facilities elevator Free self parking Fitness facilities Computer station Terrace 24-hour business center,Distances are displayed to the nearest 0.1 mile and kilometer. <br /> <p>Nathanael Greene Homestead - 6.2 km / 3.9 mi <br /> New England Wireless and Steam Museum - 7.2 km / 4.5 mi <br /> Launch Trampoline Park - 7.5 km / 4.7 mi <br /> Windmill Cottage - 9.2 km / 5.7 mi <br /> Kent Hospital - 9.7 km / 6 mi <br /> Varnum Memorial Armory - 9.7 km / 6 mi <br /> Hope Pond Beach - 9.7 km / 6 mi <br /> Varnum House Museum - 9.8 km / 6.1 mi <br /> Miracle Mile of Shopping - 10.1 km / 6.3 mi <br /> Armory of the Kentish Guards - 10.1 km / 6.3 mi <br /> Clouds Hill Victorian Museum - 11.3 km / 7 mi <br /> Warwick City Hall - 11.7 km / 7.2 mi <br /> Warwick Museum of Art - 11.7 km / 7.3 mi <br /> Goddard Memorial State Park - 12 km / 7.5 mi <br /> J L Curran Fishing Area - 12.1 km / 7.5 mi <br /> </p><p>The nearest airports are:<br />T.F. Green Airport (PVD) - 16 km / 10 mi<br /> Newport  RI (NPT-Newport State) - 43.2 km / 26.9 mi<br /> North Kingstown  RI (NCO-Quonset State) - 19.5 km / 12.1 mi<br /> Pawtucket  RI (SFZ-North Central State) - 40.2 km / 25 mi<br /> Westerly  RI (WST-Westerly State) - 47.4 km / 29.4 mi<br /> </p><p>The preferred airport for Holiday Inn Express Coventry S - West Warwick Area  an IHG Hotel is T.F. Green Airport (PVD). </p>,4 Universal Boulevard Center Of New England CoventryRhode Island 02816 ,02816,4018213322,https://www.ihg.com/holidayinnexpress/hotels/us/es/coventry/pvdcy/hoteldetail
Rhode Island,,41.661724,-71.54589,Hampton Inn Coventry Warwick Area,2.0,"<p>HeadLine : In the historical district</p><p>Location : With a stay at Hampton Inn Coventry - Warwick Area in Coventry, you ll be 13.6 mi (21.9 km) from Museum of Natural History and Planetarium and 16.1 mi (25.9 km) from Providence Performing Arts Center.  This hotel is 13.1 mi (21 km) from Roger Williams Park Zoo and 18.4 mi (29.6 km) from University of Rhode Island.</p><p>Rooms : Make yourself at home in one of the 124 guestrooms featuring refrigerators and minibars. Complimentary wired and wireless Internet access keeps you connected, and cable programming provides entertainment. Private bathrooms with shower/tub combinations feature designer toiletries and hair dryers. Conveniences include safes and desks, as well as phones with free local calls.</p><p>Dining : A complimentary on-the-go breakfast is served daily from 6:00 AM to 10:00 AM.</p><p>CheckIn Instructions : <ul>  <li>Extra-person charges may apply and vary depending on property policy</li><li>Government-issued photo identification and a credit card, debit card, or cash deposit may be required at check-in for incidental charges</li><li>Special requests are subject to availability upon check-in and may incur additional charges; special requests cannot be guaranteed</li><li>This property accepts credit cards, debit cards, and cash</li><li>Please note that cultural norms and guest policies may differ by country and by property; the policies listed are provided by the property</li>  </ul></p><p>Special Instructions : Front desk staff will greet guests on arrival.</p>",Free wired Internet Sailing nearby Scuba diving nearby Free WiFi Downhill skiing nearby Cross-country skiing nearby Number of spa tubs - 1 Braille or raised signage Assistive listening devices available Number of indoor pools - 1 Water skiing nearby In-room accessibility (in select rooms) Bicycle rentals nearby Wheelchair accessible parking Snowboarding Nearby Roll-in shower (in select rooms) Accessible bathroom (in select rooms) Free breakfast Snowmobiling Nearby Multilingual staff Parasailing nearby Daily Coffee/tea in common areas Laundry facilities Rafting nearby elevator Fitness facilities Snowshoeing Nearby Mountain biking nearby Wheelchair-accessible concierge desk Food and water bowls Express check-in Wheelchair-accessible van parking Wheelchair-accessible path to elevator Wheelchair-accessible registration desk Dry cleaning/laundry service Number of meeting rooms - 1 Swimming pool Television in common areas Windsurfing nearby Wheelchair-accessible fitness center Skydiving Nearby Wheelchair-accessible pool Well-lit path to entrance Stair-free path to entrance Free breakfast to go Express check-out Coin laundry on site 24-hour front desk Scooter/moped rentals nearby Golfing nearby Snorkeling nearby Safe-deposit box at front desk Smoke-free property Hiking/biking trails nearby Surfing/bodyboarding nearby Kayaking nearby Free self parking Wheelchair accessible path of travel,Distances are displayed to the nearest 0.1 mile and kilometer. <br /> <p>Nathanael Greene Homestead - 4.6 km / 2.9 mi <br /> New England Wireless and Steam Museum - 6.6 km / 4.1 mi <br /> Launch Trampoline Park - 7 km / 4.3 mi <br /> Windmill Cottage - 8.7 km / 5.4 mi <br /> Kent Hospital - 9.2 km / 5.7 mi <br /> Varnum Memorial Armory - 9.2 km / 5.7 mi <br /> Hope Pond Beach - 9.2 km / 5.7 mi <br /> Varnum House Museum - 9.3 km / 5.8 mi <br /> Miracle Mile of Shopping - 9.6 km / 5.9 mi <br /> Armory of the Kentish Guards - 9.6 km / 5.9 mi <br /> Clouds Hill Victorian Museum - 10.8 km / 6.7 mi <br /> Warwick City Hall - 11.1 km / 6.9 mi <br /> Warwick Museum of Art - 11.2 km / 7 mi <br /> Goddard Memorial State Park - 11.5 km / 7.1 mi <br /> J L Curran Fishing Area - 11.6 km / 7.2 mi <br /> </p><p>The nearest airports are:<br />T.F. Green Airport (PVD) - 15.5 km / 9.6 mi<br /> Newport  RI (NPT-Newport State) - 42.7 km / 26.5 mi<br /> North Kingstown  RI (NCO-Quonset State) - 18.9 km / 11.8 mi<br /> Pawtucket  RI (SFZ-North Central State) - 39.7 km / 24.7 mi<br /> Westerly  RI (WST-Westerly State) - 46.8 km / 29.1 mi<br /> </p><p>The preferred airport for Hampton Inn Coventry - Warwick Area is T.F. Green Airport (PVD). </p>,850 Centre Of New England Boulevard CoventryRhode Island 02816 ,02816,4018234041,http://hamptoninn3.hilton.com/en/hotels/rhode-island/hampton-inn-coventry-warwick-area
Rhode Island,,41.763226,-71.459625,Econo Lodge near TF Green State Airport,2.0,"<p>HeadLine : Near Garden City Center</p><p>Location : When you stay at Econo Lodge Cranston - Providence in Cranston, you ll be near the airport, within a 15-minute drive of Roger Williams Park Zoo and Brown University.  This hotel is 5.9 mi (9.4 km) from WaterFire Arts Center and 6 mi (9.6 km) from Providence Performing Arts Center.</p><p>Rooms : Stay in one of 65 guestrooms featuring flat-screen televisions. Complimentary wireless Internet access keeps you connected, and cable programming is available for your entertainment. Private bathrooms with shower/tub combinations feature complimentary toiletries and hair dryers. Conveniences include safes and desks, and you can also request rollaway/extra beds (surcharge).</p><p>CheckIn Instructions : <ul>  <li>Extra-person charges may apply and vary depending on property policy</li><li>Government-issued photo identification and a credit card, debit card, or cash deposit may be required at check-in for incidental charges</li><li>Special requests are subject to availability upon check-in and may incur additional charges; special requests cannot be guaranteed</li><li>This property accepts credit cards; cash is not accepted</li><li>Please note that cultural norms and guest policies may differ by country and by property; the policies listed are provided by the property</li>  </ul></p><p>Special Instructions : Front desk staff will greet guests on arrival.</p>",Wheelchair accessible (may have limitations) Wheelchair-accessible van parking Meeting rooms Handrails in stairways 24-hour front desk Free WiFi Braille or raised signage Well-lit path to entrance Assistive listening devices available Upper floors accessible by stairs only Safe-deposit box at front desk In-room accessibility (in select rooms) Coffee/tea in common areas Internet access in public areas - high speed Wheelchair accessible parking Stair-free path to entrance Internet access - wireless Accessible bathroom (in select rooms) RV  bus  truck parking Free self parking Wheelchair accessible path of travel 24-hour business center,Distances are displayed to the nearest 0.1 mile and kilometer. <br /> <p>Garden City Center - 0.7 km / 0.5 mi <br /> Mulligan s Island Golf and Entertainment - 2.9 km / 1.8 mi <br /> Governor Sprague Mansion - 4.1 km / 2.5 mi <br /> Lincoln Park Cemetery - 4.1 km / 2.6 mi <br /> Miracle Mile of Shopping - 4.5 km / 2.8 mi <br /> Warwick Mall - 5.2 km / 3.2 mi <br /> Roger Williams Park Zoo - 6.5 km / 4 mi <br /> Roger Williams Park Carousel Village - 6.9 km / 4.3 mi <br /> Museum of Natural History and Planetarium - 7.3 km / 4.5 mi <br /> Providence Bruins - 8.2 km / 5.1 mi <br /> Launch Trampoline Park - 8.3 km / 5.1 mi <br /> Warwick Pond - 8.3 km / 5.2 mi <br /> Warwick City Hall - 8.3 km / 5.2 mi <br /> Big Blue Bug - 8.4 km / 5.2 mi <br /> Pawtuxet Park - 8.6 km / 5.4 mi <br /> </p><p>The nearest airports are:<br />T.F. Green Airport (PVD) - 7.5 km / 4.7 mi<br /> Newport  RI (NPT-Newport State) - 51.5 km / 32 mi<br /> Pawtucket  RI (SFZ-North Central State) - 25.2 km / 15.7 mi<br /> North Kingstown  RI (NCO-Quonset State) - 27.7 km / 17.2 mi<br /> New Bedford  MA (EWB-New Bedford Regional) - 57.9 km / 36 mi<br /> </p><p>The preferred airport for Econo Lodge Cranston - Providence is T.F. Green Airport (PVD). </p>,101 New London Ave I-95 Exit 14B to 37W Exit 2B CranstonRhode Island 02920 ,02920,4019424200,https://www.choicehotels.com/rhode-island/cranston/econo-lodge-hotels/ri034
Rhode Island,,41.80786,-71.34564,Extended Stay America Providence East Providence,2.0,"<p>HeadLine : Near Cape Verdean Museum</p><p>Location : With a stay at Extended Stay America Premier Suites Providence E Providence in East Providence, you ll be a 4-minute drive from Brown University and 8 minutes from Roger Williams Park Zoo.  This hotel is 3.9 mi (6.3 km) from Providence Performing Arts Center and 4.3 mi (6.9 km) from Rhode Island Convention Center.</p><p>Rooms : Make yourself at home in one of the 100 guestrooms, featuring kitchens with refrigerators and stovetops. 49-inch flat-screen televisions with cable programming provide entertainment, while complimentary wireless Internet access keeps you connected. Conveniences include phones, as well as desks and microwaves.</p><p>Dining : A complimentary on-the-go breakfast is served daily from 6 AM to 9:30 AM.</p><p>CheckIn Instructions : <ul>  <li>Extra-person charges may apply and vary depending on property policy</li><li>Government-issued photo identification and a credit card may be required at check-in for incidental charges</li><li>Special requests are subject to availability upon check-in and may incur additional charges; special requests cannot be guaranteed</li><li>This property accepts credit cards; cash is not accepted</li>  </ul></p><p>Special Instructions : This property doesn t offer after-hours check-in. Front desk staff will greet guests on arrival. For more details, please contact the property using the information on the booking confirmation.</p>",Wheelchair accessible (may have limitations) Free breakfast to go Vending machine Luggage storage Free breakfast Front desk (limited hours) Sailing nearby Skydiving Nearby Free WiFi Daily Golfing nearby Housekeeping on request Water skiing nearby Safe-deposit box at front desk In-room accessibility (in select rooms) Hiking/biking trails nearby Laundry facilities Use of nearby fitness center (discount) elevator Free self parking Fitness facilities,Distances are displayed to the nearest 0.1 mile and kilometer. <br /> <p>Cape Verdean Museum - 0.8 km / 0.5 mi <br /> Seekonk Grand Prix - 2 km / 1.2 mi <br /> Monster Mini Golf - 3 km / 1.8 mi <br /> Fantasyland - 3 km / 1.9 mi <br /> East Providence Yacht Club - 4 km / 2.5 mi <br /> India Point Park - 5 km / 3.1 mi <br /> Seekonk Speedway - 5 km / 3.1 mi <br /> Providence River - 4.2 km / 2.6 mi <br /> Aldrich House - 5.1 km / 3.1 mi <br /> Benefit Street - 5.1 km / 3.2 mi <br /> Thayer Street - 5.3 km / 3.3 mi <br /> First Unitarian Church of Providence - 5.7 km / 3.6 mi <br /> Providence Children s Museum - 5.8 km / 3.6 mi <br /> Rhode Island School of Design - 5.9 km / 3.7 mi <br /> Brown University - 5.9 km / 3.7 mi <br /> </p><p>The nearest airports are:<br />T.F. Green Airport (PVD) - 18.8 km / 11.7 mi<br /> Pawtucket  RI (SFZ-North Central State) - 21.2 km / 13.2 mi<br /> Newport  RI (NPT-Newport State) - 37.4 km / 23.2 mi<br /> North Kingstown  RI (NCO-Quonset State) - 38 km / 23.6 mi<br /> New Bedford  MA (EWB-New Bedford Regional) - 46.2 km / 28.7 mi<br /> </p><p>The preferred airport for Extended Stay America Premier Suites Providence E Providence is T.F. Green Airport (PVD). </p>,1000 Warren Ave East ProvidenceRhode Island 02914 ,02914,4012721661,http://www.extendedstayamerica.com/hotels/ri/providence/east-providence
Rhode Island,,41.50837,-71.35936,Wyndham Newport Overlook,3.0,"<p>HeadLine : Near Conanicut Island Sanctuary</p><p>Location : When you stay at Club Wyndham Newport Overlook in Jamestown, you ll be by the ocean, within a 5-minute drive of Conanicut Island Sanctuary and Jamestown and Newport Ferry.  This hotel is 4.1 mi (6.7 km) from Thames Street and 5.6 mi (9 km) from Newport Mansions.</p><p>Rooms : Make yourself at home in one of the 19 guestrooms, featuring kitchens with refrigerators and ovens. Rooms have private patios. Complimentary wireless Internet access is available to keep you connected. Conveniences include microwaves and coffee/tea makers, and housekeeping is provided weekly.</p><p>CheckIn Instructions : <ul>  <li>Extra-person charges may apply and vary depending on property policy</li><li>Government-issued photo identification and a credit card, debit card, or cash deposit may be required at check-in for incidental charges</li><li>Special requests are subject to availability upon check-in and may incur additional charges; special requests cannot be guaranteed</li><li>This property accepts credit cards; cash is not accepted</li>  </ul></p><p>Special Instructions : The check-in location differs from the property location. To check in, go to Bay Voyage Resort If you arrive at the property after hours, you ll need to check in at an alternate location: Wyndham Bay Voyage ResortFront desk staff will greet guests on arrival.</p>",Number of spa tubs - 1 Number of outdoor pools - 1 Smoke-free property Wheelchair accessible (may have limitations) Parking (limited spaces) Free self parking 24-hour front desk Swimming pool Pool hoist on site Concierge services Free WiFi,Distances are displayed to the nearest 0.1 mile and kilometer. <br /> <p>Conanicut Island Sanctuary - 0.7 km / 0.5 mi <br /> Jamestown and Newport Ferry - 1.7 km / 1.1 mi <br /> Jamestown Fire Memorial Museum - 1.8 km / 1.1 mi <br /> Mackerel Cove - 3.3 km / 2.1 mi <br /> Fort Wetherill State Park - 3.5 km / 2.2 mi <br /> Rose Island Lightouse - 4 km / 2.5 mi <br /> Fort Getty Park - 5.6 km / 3.5 mi <br /> Head s Beach - 5.7 km / 3.6 mi <br /> Thames Street - 6.7 km / 4.1 mi <br /> Beavertail State Park - 6.8 km / 4.2 mi <br /> Newport Visitor Information Center - 7.2 km / 4.4 mi <br /> Jane Pickens Theater - 7.2 km / 4.5 mi <br /> Newport Ferry Terminal - 7.3 km / 4.5 mi <br /> Touro Synagogue - 7.3 km / 4.6 mi <br /> Queen Anne Square - 7.4 km / 4.6 mi <br /> </p><p>The nearest airports are:<br />T.F. Green Airport (PVD) - 37.1 km / 23 mi<br /> Newport  RI (NPT-Newport State) - 11.6 km / 7.2 mi<br /> North Kingstown  RI (NCO-Quonset State) - 21.7 km / 13.5 mi<br /> New Bedford  MA (EWB-New Bedford Regional) - 54.9 km / 34.1 mi<br /> Westerly  RI (WST-Westerly State) - 55.5 km / 34.5 mi<br /> </p><p></p>,150 Bay View Dr JamestownRhode Island 02835 ,02835,4014231886,http://www.extraholidays.com/newport-rhode-island/wyndham-newport-overlook.aspx
Rhode Island,,41.501451,-71.364537,Wyndham Bay Voyage Inn,3.0,"<p>HeadLine : Near Jamestown and Newport Ferry</p><p>Location : A stay at Club Wyndham Bay Voyage Inn places you in the heart of Jamestown, within a 10-minute walk of Jamestown and Newport Ferry and Conanicut Island Sanctuary.  This guesthouse is 5.6 mi (9.1 km) from Newport Mansions and 0.6 mi (0.9 km) from Jamestown Fire Memorial Museum.</p><p>Rooms : Make yourself at home in one of the 30 guestrooms, featuring kitchenettes with refrigerators and microwaves. Complimentary wireless Internet access keeps you connected, and DVD players are provided for your entertainment. Conveniences include phones, as well as coffee/tea makers and irons/ironing boards.</p><p>CheckIn Instructions : <ul>  <li>Extra-person charges may apply and vary depending on property policy</li><li>Government-issued photo identification and a credit card, debit card, or cash deposit may be required at check-in for incidental charges</li><li>Special requests are subject to availability upon check-in and may incur additional charges; special requests cannot be guaranteed</li><li>Be prepared: check the latest COVID-19 travel requirements and measures in place for this destination before you travel.</li>  </ul></p><p>Special Instructions : Front desk staff will greet guests on arrival.</p>",Wheelchair-accessible on-site restaurant Barbecue grill(s) Picnic area Visual alarms in hallways Number of outdoor pools - 1 elevator Pool hoist on site 24-hour front desk Free WiFi Smoke-free property Wheelchair accessible Terrace Concierge services Wheelchair accessible (may have limitations) Vending machine Wheelchair accessible path of travel 24-hour fitness facilities Wheelchair accessible parking In-room accessibility Wheelchair-accessible van parking Garden Wheelchair-accessible path to elevator Wheelchair-accessible pool Wheelchair-accessible fitness center Free newspapers in lobby Wheelchair-accessible meeting spaces/business center,Distances are displayed to the nearest 0.1 mile and kilometer. <br /> <p>Jamestown and Newport Ferry - 0.7 km / 0.4 mi <br /> Conanicut Island Sanctuary - 0.8 km / 0.5 mi <br /> Jamestown Fire Memorial Museum - 1 km / 0.6 mi <br /> Dutch Island - 1 km / 0.6 mi <br /> Mackerel Cove - 2.3 km / 1.4 mi <br /> Fort Wetherill State Park - 2.5 km / 1.5 mi <br /> Rose Island Lightouse - 3 km / 1.9 mi <br /> Beavertail State Park - 5.7 km / 3.6 mi <br /> Head s Beach - 5.9 km / 3.7 mi <br /> Thames Street - 6.7 km / 4.2 mi <br /> Newport Visitor Information Center - 7 km / 4.3 mi <br /> Jane Pickens Theater - 7.2 km / 4.5 mi <br /> Newport Ferry Terminal - 7.3 km / 4.5 mi <br /> Touro Synagogue - 7.4 km / 4.6 mi <br /> Queen Anne Square - 7.4 km / 4.6 mi <br /> </p><p>The nearest airports are:<br />T.F. Green Airport (PVD) - 37.4 km / 23.3 mi<br /> Newport  RI (NPT-Newport State) - 11.6 km / 7.2 mi<br /> North Kingstown  RI (NCO-Quonset State) - 21.8 km / 13.6 mi<br /> New Bedford  MA (EWB-New Bedford Regional) - 54.9 km / 34.1 mi<br /> Westerly  RI (WST-Westerly State) - 55.8 km / 34.7 mi<br /> </p><p>The preferred airport for Club Wyndham Bay Voyage Inn is T.F. Green Airport (PVD). </p>,150 Conanicus Ave JamestownRhode Island 02835 ,02835,4014232100,http://www.bayvoyageinn.com/about.php
Rhode Island,,41.935455,-71.471727,Courtyard by Marriott Providence Lincoln,3.0,"<p>HeadLine : Near Rustic Drive-in Theatre</p><p>Location : Located in Lincoln, Courtyard by Marriott Providence Lincoln is in the business district, within a 5-minute drive of Lincoln Woods State Park and Blackstone River Bikeway.  This hotel is 8.8 mi (14.2 km) from Brown University and 4.3 mi (6.9 km) from Twin River Casino.</p><p>Rooms : Make yourself at home in one of the 121 guestrooms featuring refrigerators and Smart televisions. Complimentary wired and wireless Internet access keeps you connected, and cable programming provides entertainment. Partially open bathrooms have complimentary toiletries and hair dryers. Conveniences include phones, as well as safes and desks.</p><p>Dining : Enjoy a meal at the restaurant or snacks in the hotel s coffee shop/cafe. Wrap up your day with a drink at the bar/lounge. Full breakfasts are served on weekdays from 6:30 AM to 9:30 AM for a fee.</p><p>Renovations : The following facilities or services will be unavailable from October 27 2022 to October 26 2024 (dates subject to change): <ul><li>Business center</li></ul></p><p>CheckIn Instructions : <ul>  <li>Extra-person charges may apply and vary depending on property policy</li><li>Government-issued photo identification and a credit card may be required at check-in for incidental charges</li><li>Special requests are subject to availability upon check-in and may incur additional charges; special requests cannot be guaranteed</li><li>Minimum Spring Break check-in age is 21 years old</li><li>Guests must contact this property in advance to reserve sofa beds and access to the heated pool</li><li>Onsite parties or group events are strictly prohibited</li><li>Be prepared: check the latest COVID-19 travel requirements and measures in place for this destination before you travel.</li>  </ul></p><p>Special Instructions : Front desk staff will greet guests on arrival.</p>",Wheelchair-accessible on-site restaurant Use of nearby fitness center (discount) Visual alarms in hallways Coffee/tea in common areas Number of indoor pools - 1 elevator Number of bars/lounges - 1 24-hour front desk Horse riding nearby Business center Express check-out Free self parking Dry cleaning/laundry service Free WiFi Smoke-free property Number of coffee shops/cafes - 1 Swimming pool Hiking/biking trails nearby Food and water bowls Safe-deposit box at front desk Number of meeting rooms - 1 Breakfast available (surcharge) Mountain biking nearby Snack bar/deli Laundry facilities Bicycle rentals nearby Wheelchair accessible path of travel Accessible bathroom 24-hour fitness facilities Roll-in shower Wheelchair accessible parking In-room accessibility Assistive listening devices available Braille or raised signage Wheelchair-accessible registration desk Wheelchair-accessible pool Wheelchair-accessible fitness center Wheelchair-accessible meeting spaces/business center,Distances are displayed to the nearest 0.1 mile and kilometer. <br /> <p>Blackstone River Bikeway - 3.9 km / 2.4 mi <br /> Rustic Drive-in Theatre - 5 km / 3.1 mi <br /> Lincoln Woods State Park - 5.1 km / 3.2 mi <br /> Bryant University - 5.9 km / 3.7 mi <br /> Hearthside House - 6.3 km / 3.9 mi <br /> Sunset Stables - 6.3 km / 3.9 mi <br /> Twin River Casino - 6.9 km / 4.3 mi <br /> Frank Moody State Beach - 7.5 km / 4.7 mi <br /> Blackstone River Theatre - 7.6 km / 4.7 mi <br /> Jedson Allison M - 7.7 km / 4.8 mi <br /> Chace Athletic Center - 8.2 km / 5.1 mi <br /> Hartley s Pork Pies - 9.6 km / 5.9 mi <br /> St Ann Arts and Cultural Center - 10.4 km / 6.4 mi <br /> Twin Rivers Beach East - 10.9 km / 6.8 mi <br /> Wide World of Indoor Sports - 10.9 km / 6.8 mi <br /> </p><p>The nearest airports are:<br />T.F. Green Airport (PVD) - 28.2 km / 17.5 mi<br /> Pawtucket  RI (SFZ-North Central State) - 3.1 km / 2 mi<br /> Norwood  MA (OWD-Norwood Memorial) - 48.2 km / 29.9 mi<br /> Worcester  MA (ORH-Worcester Regional) - 57.8 km / 35.9 mi<br /> North Kingstown  RI (NCO-Quonset State) - 47.7 km / 29.7 mi<br /> </p><p>The preferred airport for Courtyard by Marriott Providence Lincoln is T.F. Green Airport (PVD). </p>,636 George Washington Hwy LincolnRhode Island 02865 ,02865,4013333400,HTTP://WWW.MARRIOTT.COM/HOTELS/TRAVEL/PVDLN-COURTYARD-PROVIDENCE-LINCO
Rhode Island,,41.46659,-71.18595,Stone House 1854,3.0,"<p><b>Property Location</b> <br />With a stay at Stone House in Little Compton, you'll be by the ocean, just a 3-minute walk from Round Pond and a 4-minute drive from Wilbor House Museum.  This 4-star inn is 4.5 mi (7.3 km) from Goosewing Beach Preserve.</p><p><b>Rooms</b> <br />Make yourself at home in one of the 14 air-conditioned rooms featuring fireplaces and flat-screen televisions. Complimentary wireless Internet access keeps you connected, while iPod docking stations help you enjoy your music in the comfort of your room. Conveniences include phones, as well as desks and refrigerators.</p><p><b>Amenities</b> <br />Take advantage of recreation opportunities such as a private beach or take in the view from a terrace and a garden. Additional features at this inn include complimentary wireless Internet access, concierge services, and babysitting/childcare (surcharge).</p><p><b>Dining</b> <br />A complimentary continental breakfast is served daily from 7:30 AM to 9:30 AM.</p><p><b>Business, Other Amenities</b> <br />Featured amenities include complimentary wired Internet access, express check-in, and express check-out. Free self parking is available onsite.</p>",24-hour front desk Accessible bathroom Babysitting or childcare (surcharge) Coffee/tea in common areas Concierge services Designated smoking areas Express check-in Express check-out Free WiFi Free breakfast Free self parking Free wired Internet Garden In-room accessibility Luggage storage Meeting rooms - 3 Number of buildings/towers - 2 Number of floors - 3 On private beach Picnic area Roll-in shower Terrace Total number of rooms - 14 Year Built - 1854,Distances are displayed to the nearest 0.1 mile and kilometer. <br /> <p>Round Pond - 0.2 km / 0.1 mi <br /> Wilbor House Museum - 3.5 km / 2.2 mi <br /> Goosewing Beach Preserve - 7.3 km / 4.5 mi <br /> The Donovan Gallery - 13 km / 8.1 mi <br /> Four Corners Arts Center - 13 km / 8.1 mi <br /> Emilie Ruecker Wildlife Refuge - 15.9 km / 9.9 mi <br /> Dedee Shattuck Gallery - 19.1 km / 11.9 mi <br /> The Butterfly Zoo - 19.4 km / 12.1 mi <br /> Fort Barton - 19.8 km / 12.3 mi <br /> Handy House - 20.5 km / 12.8 mi <br /> Westport Town Farm - 21.5 km / 13.4 mi <br /> Westport Rivers Vineyard & Winery - 21.8 km / 13.5 mi <br /> Buzzards Bay Brewing - 22.7 km / 14.1 mi <br /> Newport Bridge - 26.6 km / 16.5 mi <br /> Demarest Lloyd State Park - 31.2 km / 19.4 mi <br /> </p><p>The nearest airports are:<br />Newport  RI (NPT-Newport State) - 39.2 km / 24.4 mi<br /> New Bedford  MA (EWB-New Bedford Regional) - 48.7 km / 30.2 mi<br /> Providence  RI (PVD-T.F. Green) - 70.4 km / 43.7 mi<br /> North Kingstown  RI (NCO-Quonset State) - 89.6 km / 55.6 mi<br /> Block Island  RI (BID-Block Island State) - 104.7 km / 65.1 mi<br /> </p><p>The preferred airport for Stone House is Providence  RI (PVD-T.F. Green). </p>,122 Sakonnet Point Road Little ComptonRhode Island 02837 ,02837,,
Rhode Island,,41.51503,-71.3012,Homewood Suites by Hilton Newport Middletown RI,3.0,"<p>HeadLine : Near Naval War College Museum</p><p>Location : When you stay at Homewood Suites by Hilton Newport Middletown, RI in Middletown, you ll be near the beach, within a 5-minute drive of Ocean Drive Historic District and Newport Vineyards.  This hotel is 3.4 mi (5.4 km) from Newport Mansions and 16.1 mi (25.9 km) from Narragansett Beach.</p><p>Rooms : Make yourself at home in one of the 92 air-conditioned rooms featuring kitchens with full-sized refrigerators/freezers and stovetops. Cable programming and MP3 docking stations are provided for your entertainment, while complimentary wired Internet access keeps you connected. Conveniences include safes and desks, as well as phones with free local calls.</p><p>Dining : Grab a bite from the snack bar/deli, or stay in and take advantage of the hotel s room service. A complimentary buffet breakfast is served daily from 6:00 AM to 10:30 AM.</p><p>CheckIn Instructions : <ul>  <li>Extra-person charges may apply and vary depending on property policy</li><li>Government-issued photo identification and a credit card, debit card, or cash deposit may be required at check-in for incidental charges</li><li>Special requests are subject to availability upon check-in and may incur additional charges; special requests cannot be guaranteed</li><li>This property accepts credit cards, debit cards, and cash</li><li>Safety features at this property include a smoke detector</li>  </ul></p><p>Special Instructions : Front desk staff will greet guests on arrival.</p>",Laundry facilities elevator Free self parking Fitness facilities ATM/banking Concierge services 24-hour business center Dry cleaning/laundry service Wheelchair accessible (may have limitations) Free grocery shopping service Wheelchair-accessible concierge desk Outdoor furniture Wheelchair-accessible van parking Fully fenced Outdoor entertainment area Meeting rooms Wheelchair-accessible path to elevator Swimming pool Wheelchair-accessible registration desk Free WiFi Braille or raised signage Well-lit path to entrance Number of indoor pools - 1 Water skiing nearby Garden In-room accessibility (in select rooms) Wheelchair accessible parking Stair-free path to entrance Free newspapers in lobby Roll-in shower (in select rooms) Tours/ticket assistance Accessible bathroom (in select rooms) Free Buffet Breakfast Luggage storage Free breakfast Grocery/convenience store Business center 24-hour front desk Daily Barbecue grill(s) Golfing nearby Safe-deposit box at front desk Snack bar/deli,Distances are displayed to the nearest 0.1 mile and kilometer. <br /> <p>Ocean Drive Historic District - 2.6 km / 1.6 mi <br /> Naval War College Museum - 2.8 km / 1.7 mi <br /> Thames Street - 3 km / 1.9 mi <br /> Newport Vineyards - 3 km / 1.9 mi <br /> White Horse Tavern - 3 km / 1.9 mi <br /> Jane Pickens Theater - 3.1 km / 2 mi <br /> Touro Synagogue - 3.2 km / 2 mi <br /> Newport Harbour - 3.4 km / 2.1 mi <br /> Newport Ferry Terminal - 3.5 km / 2.1 mi <br /> Newport Visitor Information Center - 3.5 km / 2.2 mi <br /> Queen Anne Square - 3.5 km / 2.2 mi <br /> Bowen s Wharf - 3.6 km / 2.2 mi <br /> Bannister s Wharf - 3.7 km / 2.3 mi <br /> St. Mary s Catholic Church - 3.7 km / 2.3 mi <br /> Cliff Walk - 3.8 km / 2.4 mi <br /> </p><p>The nearest airports are:<br />T.F. Green Airport (PVD) - 43.7 km / 27.1 mi<br /> Newport  RI (NPT-Newport State) - 2.7 km / 1.7 mi<br /> North Kingstown  RI (NCO-Quonset State) - 28 km / 17.4 mi<br /> New Bedford  MA (EWB-New Bedford Regional) - 45.8 km / 28.5 mi<br /> Block Island  RI (BID-Block Island State) - 64.9 km / 40.3 mi<br /> </p><p>The preferred airport for Homewood Suites by Hilton Newport Middletown  RI is T.F. Green Airport (PVD). </p>,348 West Main Road MiddletownRhode Island 02842 ,02842,4018482700,http://homewoodsuites3.hilton.com/en/hotels/rhode-island/homewood-suites-by-hilton-newport-middletown-ri-NPTMIHW/index.html
Rhode Island,,41.49589,-71.28372,Wyndham Newport Hotel,4.0,"<p>HeadLine : Near Atlantic Beach</p><p>Location : Located in Middletown, Wyndham Newport Hotel is connected to the convention center, a 5-minute drive from International Tennis Hall of Fame and Museum and 5 minutes from Newport Mansions.  This 4-star hotel is 2.3 mi (3.6 km) from Touro Synagogue and 2.6 mi (4.1 km) from Thames Street.</p><p>Rooms : Make yourself at home in one of the 143 air-conditioned rooms featuring LED televisions. Your pillowtop bed comes with premium bedding. Cable television is provided for your entertainment. Private bathrooms have designer toiletries and hair dryers.</p><p>Dining : Satisfy your appetite for lunch, dinner, or brunch at Johnny s Restaurant, a restaurant which specializes in American cuisine, or stay in and take advantage of the room service (during limited hours). Relax with a refreshing drink at one of the 2 bars/lounges. Cooked-to-order breakfasts are available daily from 7:30 AM to 11:00 AM for a fee.</p><p>CheckIn Instructions : <ul>  <li>Extra-person charges may apply and vary depending on property policy</li><li>Government-issued photo identification and a credit card, debit card, or cash deposit may be required at check-in for incidental charges</li><li>Special requests are subject to availability upon check-in and may incur additional charges; special requests cannot be guaranteed</li><li>This property accepts credit cards, debit cards, and cash</li><li>Noise-free guestrooms cannot be guaranteed</li><li>Safety features at this property include a carbon monoxide detector, a fire extinguisher, a smoke detector, a security system, a first aid kit, and window guards</li><li>Please note that cultural norms and guest policies may differ by country and by property; the policies listed are provided by the property</li>  </ul> <ul>  <li>Guests must contact this property in advance to reserve large truck or trailer parking.</li>  </ul></p><p>Special Instructions : Front desk staff will greet guests on arrival. For more details, please contact the property using the information on the booking confirmation.</p>",Golfing nearby Safe-deposit box at front desk Smoke-free property Hiking/biking trails nearby Surfing/bodyboarding nearby Kayaking nearby Free self parking Conference space Computer station Terrace ATM/banking Pool sun loungers Conference space size (feet) - 25000 24-hour business center Gift shops or newsstand Dry cleaning/laundry service Pool umbrellas Number of meeting rooms - 9 Conference space size (meters) - 2323 Sailing nearby Number of bars/lounges - 2 Number of indoor pools - 1 In-room accessibility (in select rooms) Bicycle rentals nearby Fireplace in lobby Golf lessons available nearby Firepit Conference center Breakfast available (surcharge) Laundry facilities elevator Fitness facilities Banquet hall Wheelchair accessible (may have limitations) Wheelchair accessible Ballroom Vending machine Reception hall Wheelchair-accessible registration desk Television in common areas Windsurfing nearby Skydiving Nearby Garden Free newspapers in lobby Wedding services Free area shuttle Luggage storage 24-hour front desk Scooter/moped rentals nearby,Distances are displayed to the nearest 0.1 mile and kilometer. <br /> <p>Atlantic Beach - 1 km / 0.6 mi <br /> Easton s Beach - 1.1 km / 0.7 mi <br /> Cliff Walk - 1.9 km / 1.2 mi <br /> Second Beach - 2.2 km / 1.4 mi <br /> Ocean Drive Historic District - 2.9 km / 1.8 mi <br /> Newport Art Museum - 3 km / 1.9 mi <br /> International Tennis Hall of Fame and Museum - 3.1 km / 1.9 mi <br /> Old Stone Mill - 3.2 km / 2 mi <br /> Salve Regina University - 3.2 km / 2 mi <br /> Kingscote Newport Mansion - 3.2 km / 2 mi <br /> St. Mary s Catholic Church - 3.3 km / 2.1 mi <br /> The Elms - 3.5 km / 2.2 mi <br /> Touro Synagogue - 3.5 km / 2.2 mi <br /> Queen Anne Square - 3.6 km / 2.2 mi <br /> Bowen s Wharf - 3.6 km / 2.3 mi <br /> </p><p>The nearest airports are:<br />T.F. Green Airport (PVD) - 45 km / 28 mi<br /> Newport  RI (NPT-Newport State) - 4.5 km / 2.8 mi<br /> North Kingstown  RI (NCO-Quonset State) - 29.7 km / 18.4 mi<br /> New Bedford  MA (EWB-New Bedford Regional) - 48.7 km / 30.3 mi<br /> Block Island  RI (BID-Block Island State) - 65.5 km / 40.7 mi<br /> </p><p>The preferred airport for Wyndham Newport Hotel is T.F. Green Airport (PVD). </p>,240 Aquidneck Avenue MiddletownRhode Island 02842 ,02842,4012362020,http://www.knightsinn.com/hotels/rhode-island/middletown/knights-inn-middletown/hotel-overview
Rhode Island,,41.490449,-71.285934,Newport Beach Hotel & Suites,3.0,"<p>HeadLine : Near Easton s Beach</p><p>Location : When you a stay at Newport Beach Hotel & Suites in Middletown, you ll be on the beach, within a 5-minute walk of Easton s Beach and Atlantic Beach.  This beach hotel is 1.9 mi (3.1 km) from Newport Mansions and 17.5 mi (28.2 km) from Narragansett Beach.</p><p>Rooms : Make yourself at home in one of the 71 guestrooms featuring refrigerators and microwaves. Your pillowtop bed comes with down comforters and premium bedding. 37-inch plasma televisions with satellite programming provide entertainment, while complimentary wireless Internet access keeps you connected. Private bathrooms with shower/tub combinations feature designer toiletries and hair dryers.</p><p>CheckIn Instructions : <ul>  <li>Extra-person charges may apply and vary depending on property policy</li><li>Government-issued photo identification and a credit card may be required at check-in for incidental charges</li><li>Special requests are subject to availability upon check-in and may incur additional charges; special requests cannot be guaranteed</li><li>This property accepts credit cards; cash is not accepted</li>  </ul></p><p>Special Instructions : Front desk staff will greet guests on arrival.</p>",Wheelchair accessible parking Roll-in shower (in select rooms) Accessible bathroom (in select rooms) Beach towels Free bicycles on site Yoga classes/instruction on site Rooftop terrace Luggage storage Business center 24-hour front desk Electric car charging station Golfing nearby Spa services on site Safe-deposit box at front desk Laundry facilities elevator Fitness facilities Dry cleaning/laundry service Number of meeting rooms - 1 Conference space size (meters) - 279 Sailing nearby Free WiFi Health club Spa treatment room(s) Designated smoking areas Braille or raised signage Assistive listening devices available Number of indoor pools - 1 Picnic area In-room accessibility (in select rooms) Conference space Terrace ATM/banking Wheelchair accessible path of travel Conference space size (feet) - 3000 Pilates classes on site,Distances are displayed to the nearest 0.1 mile and kilometer. <br /> <p>Easton s Beach - 0.3 km / 0.2 mi <br /> Atlantic Beach - 0.3 km / 0.2 mi <br /> Cliff Walk - 1.2 km / 0.7 mi <br /> Ocean Drive Historic District - 1.3 km / 0.8 mi <br /> Second Beach - 1.7 km / 1.1 mi <br /> International Tennis Hall of Fame and Museum - 2.3 km / 1.4 mi <br /> Newport Art Museum - 2.4 km / 1.5 mi <br /> Old Stone Mill - 2.4 km / 1.5 mi <br /> Salve Regina University - 2.4 km / 1.5 mi <br /> St. Mary s Catholic Church - 2.6 km / 1.6 mi <br /> Kingscote Newport Mansion - 2.6 km / 1.6 mi <br /> Bowen s Wharf - 2.8 km / 1.7 mi <br /> The Elms - 2.8 km / 1.8 mi <br /> Thames Street - 2.9 km / 1.8 mi <br /> Queen Anne Square - 2.9 km / 1.8 mi <br /> </p><p>The nearest airports are:<br />T.F. Green Airport (PVD) - 45.7 km / 28.4 mi<br /> Newport  RI (NPT-Newport State) - 5.3 km / 3.3 mi<br /> North Kingstown  RI (NCO-Quonset State) - 32 km / 19.9 mi<br /> New Bedford  MA (EWB-New Bedford Regional) - 49.6 km / 30.8 mi<br /> Block Island  RI (BID-Block Island State) - 66.8 km / 41.5 mi<br /> </p><p>The preferred airport for Newport Beach Hotel & Suites is T.F. Green Airport (PVD). </p>,1 Wave Avenue MiddletownRhode Island 02842 ,02842,4018460310,http://www.newportbeachhotelandsuites.com
Rhode Island,,41.5215,-71.28228,The Bay Willows Inn,3.0,"Only a few miles from beaches and the attractions of downtown Newport, Rhode Island, this cozy motel in Middletown offers relaxing guestrooms and convenient services in an ideal location.

The Bay Willows Inn is just minutes from fine restaurants, first-class shopping and art galleries. Visitors can explore the scenic shoreline or some of the areas famous historical homes.

Guests at the Bay Willows will appreciate air-conditioned guestrooms and free parking. After exploring the sites of nearby Newport, guests can cook dinner on the outside grill. Guests are required to show a photo identification and credit card upon check-in. Please note that all Special Requests are subject to availability and additional charges may apply.
Upon check-in photo identification and credit card are required. All special requests are subject to availability upon check-in. Special requests cannot be guaranteed and may incur additional charges.",Free self parking Pets allowed Golf course (within 3 km) Non-smoking rooms Fishing Internet access Heating Free WiFi Free WiFi Air conditioning Daily housekeeping Parking onsite Private parking,,1225 Aquidneck Avenue MiddletownRhode Island 02842 ,02842,4018478400,https://www.booking.com/hotel/us/the-bay-willows-inn.html
Rhode Island,,41.529068,-71.29938,Courtyard Newport Middletown,3.0,"<p>HeadLine : Near Newport Vineyards</p><p>Location : Located in Middletown, Sonesta Select Newport Middletown is in the business district, a 5-minute drive from Newport Vineyards and 6 minutes from Ocean Drive Historic District.  This hotel is 4.6 mi (7.4 km) from Newport Mansions and 17.6 mi (28.3 km) from Narragansett Beach.</p><p>Rooms : Make yourself at home in one of the 148 guestrooms featuring refrigerators and flat-screen televisions. Complimentary wireless Internet access keeps you connected, and cable programming is available for your entertainment. Private bathrooms with shower/tub combinations feature complimentary toiletries and hair dryers. Conveniences include phones, as well as desks and separate sitting areas.</p><p>Dining : Satisfy your appetite at The Commons, a restaurant which features a bar/lounge. Dining is also available at the coffee shop/cafe. To-go breakfasts are available daily from 7:00 AM to 10:00 AM for a fee.</p><p>CheckIn Instructions : <ul>  <li>Extra-person charges may apply and vary depending on property policy</li><li>Government-issued photo identification and a credit card, debit card, or cash deposit may be required at check-in for incidental charges</li><li>Special requests are subject to availability upon check-in and may incur additional charges; special requests cannot be guaranteed</li><li>This property accepts credit cards, debit cards, mobile payments, and cash</li><li>Safety features at this property include a smoke detector and window guards</li>  </ul></p><p>Special Instructions : Front desk staff will greet guests on arrival.</p>",Change of towels (on request) 24-hour fitness facilities Luggage storage Business center 24-hour front desk Golfing nearby Outdoor seasonal pool Housekeeping on request Safe-deposit box at front desk Smoke-free property Snack bar/deli Conference space Self parking (surcharge) Computer station Terrace Wheelchair accessible path of travel Pool sun loungers Conference space size (feet) - 1449 Concierge services 24-hour business center Dry cleaning/laundry service Conference space size (meters) - 135 Sailing nearby Free WiFi Number of bars/lounges - 1 Number of spa tubs - 1 Braille or raised signage Number of indoor pools - 1 Water skiing nearby In-room accessibility (in select rooms) Wheelchair accessible parking Roll-in shower (in select rooms) Accessible bathroom (in select rooms) Fireplace in lobby Wheelchair-accessible on-site restaurant Visual alarms in hallways Breakfast available (surcharge) Wheelchair-accessible meeting spaces/business center Number of coffee shops/cafes - 1 Laundry facilities elevator Fitness facilities Wheelchair accessible (may have limitations) Vending machine Wheelchair-accessible van parking Meeting rooms Change of bed sheets (on request) Wheelchair-accessible registration desk Television in common areas Wheelchair-accessible fitness center Wheelchair-accessible pool,Distances are displayed to the nearest 0.1 mile and kilometer. <br /> <p>Newport Vineyards - 3.8 km / 2.3 mi <br /> Ocean Drive Historic District - 4.6 km / 2.8 mi <br /> Naval War College Museum - 4.8 km / 3 mi <br /> Thames Street - 5 km / 3.1 mi <br /> White Horse Tavern - 5 km / 3.1 mi <br /> Atlantic Beach - 5.3 km / 3.3 mi <br /> Newport National Golf Club - 5.5 km / 3.4 mi <br /> Cliff Walk - 5.5 km / 3.4 mi <br /> Touro Synagogue - 5.7 km / 3.6 mi <br /> Easton s Beach - 6 km / 3.7 mi <br /> International Tennis Hall of Fame and Museum - 6.1 km / 3.8 mi <br /> Kingscote Newport Mansion - 6.4 km / 4 mi <br /> St. Mary s Catholic Church - 6.4 km / 4 mi <br /> Newport Visitor Information Center - 6.5 km / 4.1 mi <br /> Second Beach - 6.5 km / 4.1 mi <br /> </p><p>The nearest airports are:<br />T.F. Green Airport (PVD) - 45.8 km / 28.4 mi<br /> Newport  RI (NPT-Newport State) - 2.2 km / 1.4 mi<br /> North Kingstown  RI (NCO-Quonset State) - 32.3 km / 20.1 mi<br /> New Bedford  MA (EWB-New Bedford Regional) - 44.8 km / 27.8 mi<br /> Westerly  RI (WST-Westerly State) - 64.3 km / 39.9 mi<br /> </p><p>The preferred airport for Sonesta Select Newport Middletown is T.F. Green Airport (PVD). </p>,Nine Commerce Drive MiddletownRhode Island 02842 ,02842,4018498000,http://www.marriott.com/hotels/travel/pvdmd-courtyard-newport-middletown
Rhode Island,,41.531825,-71.293562,Days Inn by Wyndham Middletown/Newport Area ( Ex. Travelodge by Wyndham Middletown Newport Area),2.0,"Travelodge Newport is perfectly located for both business and leisure guests in Middletown (RI). The property offers a wide range of amenities and perks to ensure you have a great time. Service-minded staff will welcome and guide you at Travelodge Newport. Each guestroom is elegantly furnished and equipped with handy amenities. The property offers various recreational opportunities. For reliable service and professional staff, Travelodge Newport caters to your needs.",languages spoken accessibility Internet access things to do  ways to relax cleanliness and safety dining  drinking  and snacking services and conveniences for the kids access getting around available in all rooms,,1185 West Main Road MiddletownRhode Island 02842 ,02842,4018494700,https://www.booking.com/hotel/us/travelodge-newport.html
Rhode Island,,41.49356,-71.28403,The Sea Breeze Inn,4.0,"The Sea Breeze Inn is located in Middletown, 3.4 km from Whitehall Museum House. Free private parking is available on site. Eastons Beach is 645 metres from the property and Newport is 3.8 km away.

Every room includes a private bathroom, flat-screen TV, desk, wired internet connection and a private balcony.

The Sea Breeze Inn features free WiFi throughout the property. It offers an onsite café, where a complimentary breakfast is served every morning

Second Beach is 2.9 km from The Sea Breeze Inn, while Norman Bird Sanctuary is 4.3 km from the property. T.F. Green Airport is 47.5 km away. Guests are required to show a photo identification and credit card upon check-in. Please note that all Special Requests are subject to availability and additional charges may apply.
Please inform The Sea Breeze Inn in advance of your expected arrival time. You can use the Special Requests box when booking, or contact the property directly with the contact details provided in your confirmation.
In response to Coronavirus (COVID-19), additional safety and sanitation measures are in effect at this property.",Parking Restaurant Room service Garden Terrace Non-smoking rooms Facilities for disabled guests Family rooms breakfast in the room Free parking internet services lift Spa and wellness centre Soundproof rooms BBQ facilities Packed lunches Heating wifi Free WiFi Non-smoking throughout Air conditioning Sun terrace concierge service Private check-in/check-out staff follow all safety protocols as directed by local authorities shared stationery such as printed menus  magazines  pens  and paper removed hand sanitizer in guest accommodation and key areas process in place to check health of guests first aid kit available contactless check-in/check-out cashless payment available physical distancing rules followed mobile app for room service invoice provided all plates  cutlery  glasses and other tableware have been sanitized guests have the option to cancel any cleaning services for their accommodation during their stay breakfast takeaway containers delivered food is securely covered face masks for guests available Fire extinguishers use of cleaning chemicals that are effective against coronavirus linens  towels and laundry washed in accordance with local authority guidelines guest accommodation is disinfected between stays physical distancing in dining areas food can be delivered to guest accommodation Special diet menus (on request) Daily housekeeping parking on site Private parking wifi available in all areas secured parking Accessible parking coffee house on site Outdoor furniture Picnic area Beach Smoke alarms CCTV in common areas CCTV outside property,,147 Aquidneck Avenue MiddletownRhode Island 02842 ,02842,8772278400,https://www.booking.com/hotel/us/the-sea-breeze-inn.html
Rhode Island,,41.490599,-71.285003,Atlantic Beach Hotel And Suites,3.0,"<p>HeadLine : Near Atlantic Beach</p><p>Location : Located in Middletown, Atlantic Beach Hotel Newport is by the ocean, a 4-minute walk from Easton s Beach and 15 minutes by foot from Cliff Walk.  This beach hotel is 1.5 mi (2.4 km) from International Tennis Hall of Fame and Museum and 1.9 mi (3.1 km) from Newport Mansions.</p><p>Rooms : Make yourself at home in one of the 101 air-conditioned rooms featuring refrigerators and microwaves. Complimentary wireless Internet access keeps you connected, and cable programming is available for your entertainment. Private bathrooms with showers feature designer toiletries and hair dryers. Conveniences include desks and coffee/tea makers, as well as phones with free local calls.</p><p>Dining : Enjoy American cuisine at Tickets Bar & Grille, a restaurant which features a bar/lounge and an ocean view. You can also stay in and take advantage of the room service (during limited hours). Cooked-to-order breakfasts are available daily from 7:30 AM to 11:30 AM for a fee.</p><p>CheckIn Instructions : <ul>  <li>Extra-person charges may apply and vary depending on property policy</li><li>Government-issued photo identification and a credit card may be required at check-in for incidental charges</li><li>Special requests are subject to availability upon check-in and may incur additional charges; special requests cannot be guaranteed</li><li>The name on the credit card used at check-in to pay for incidentals must be the primary name on the guestroom reservation</li><li>This property accepts credit cards, debit cards, and mobile payments; cash is not accepted</li><li>Long-term renters welcome</li><li>This property uses solar energy, plus eco-friendly cleaning products</li><li>Please note that cultural norms and guest policies may differ by country and by property; the policies listed are provided by the property</li>  </ul></p><p>Special Instructions : Front desk staff will greet guests on arrival.</p>",Showcase for local artists Fishing nearby Vending machine Wheelchair-accessible path to elevator Wheelchair-accessible registration desk Windsurfing nearby Skydiving Nearby Surf lessons - nearby Vegetarian menu options available Multilingual staff Parasailing nearby Electric car charging station Well-lit path to entrance Breakfast available (surcharge) Stair-free path to entrance Marina nearby 24-hour fitness facilities Wheelchair-accessible meeting spaces/business center Boat tours nearby Segway rental/tour nearby Off-street parking Water-efficient toilets only Ecotours nearby Coffee/tea in common areas Laundry facilities elevator Covered parking Motor boating nearby secured parking Uncovered parking Wheelchair accessible (may have limitations) Coworking spaces Conference space size (meters) - 232 Swimming nearby Swimming pool Sailing nearby Scuba diving nearby Free WiFi Number of bars/lounges - 1 Braille or raised signage Number of indoor pools - 1 Water skiing nearby In-room accessibility (in select rooms) Bicycle rentals nearby Wheelchair accessible parking Tours/ticket assistance Accessible bathroom (in select rooms) Rooftop terrace Energy-saving switches Energy-saving features in guest rooms LED light bulbs Vegan menu options available Wheelchair-accessible on-site restaurant Gift shops or newsstand Dry cleaning/laundry service Renewable energy source - solar Vegetarian breakfast available Parking (limited spaces) Eco-friendly cleaning products used Outdoor furniture Outdoor entertainment area Number of meeting rooms - 2 Couples/private dining Luggage storage Water-efficient showers only Express check-out Coin laundry on site 24-hour front desk Scooter/moped rentals nearby Golfing nearby Snorkeling nearby Smoke-free property Hiking/biking trails nearby Surfing/bodyboarding nearby Kayaking nearby Conference space Computer station Pool sun loungers Conference space size (feet) - 2500 Concierge services 24-hour business center,Distances are displayed to the nearest 0.1 mile and kilometer. <br /> <p>Easton s Beach - 0.4 km / 0.2 mi <br /> Atlantic Beach - 0.4 km / 0.3 mi <br /> Cliff Walk - 1.2 km / 0.8 mi <br /> Ocean Drive Historic District - 1.3 km / 0.8 mi <br /> Second Beach - 1.9 km / 1.2 mi <br /> International Tennis Hall of Fame and Museum - 2.3 km / 1.5 mi <br /> Newport Art Museum - 2.4 km / 1.5 mi <br /> Old Stone Mill - 2.5 km / 1.5 mi <br /> Salve Regina University - 2.5 km / 1.6 mi <br /> Kingscote Newport Mansion - 2.5 km / 1.6 mi <br /> St. Mary s Catholic Church - 2.6 km / 1.6 mi <br /> The Elms - 2.8 km / 1.7 mi <br /> Touro Synagogue - 2.8 km / 1.7 mi <br /> Thames Street - 2.9 km / 1.8 mi <br /> Queen Anne Square - 2.9 km / 1.8 mi <br /> </p><p>The nearest airports are:<br />T.F. Green Airport (PVD) - 45.4 km / 28.2 mi<br /> Newport  RI (NPT-Newport State) - 5.1 km / 3.2 mi<br /> North Kingstown  RI (NCO-Quonset State) - 29.8 km / 18.5 mi<br /> New Bedford  MA (EWB-New Bedford Regional) - 49.4 km / 30.7 mi<br /> Block Island  RI (BID-Block Island State) - 65.8 km / 40.9 mi<br /> </p><p>The preferred airport for Atlantic Beach Hotel Newport is T.F. Green Airport (PVD). </p>,34 Wave Avenue MiddletownRhode Island 02842 ,02842,4018475330,http://www.atlanticbeachhotelandsuites.us
Rhode Island,,41.51426,-71.29909,Residence Inn by Marriott Newport Middletown,3.0,"<p>HeadLine : Near Naval War College Museum</p><p>Location : With a stay at Residence Inn by Marriott Newport/Middletown in Middletown, you ll be within a 5-minute drive of Ocean Drive Historic District and Newport Vineyards.  This hotel is 3.6 mi (5.7 km) from Newport Mansions and 16.6 mi (26.8 km) from Narragansett Beach.</p><p>Rooms : Make yourself at home in one of the 97 air-conditioned rooms featuring kitchens with full-sized refrigerators/freezers and stovetops. Your pillowtop bed comes with premium bedding, and all rooms are furnished with sofa beds. Wired and wireless Internet access is complimentary, while 37-inch LCD televisions with satellite programming provide entertainment. Conveniences include safes and desks, as well as phones with free local calls.</p><p>Dining : Grab a bite from the grocery/convenience store serving guests of Residence Inn by Marriott Newport/Middletown. Mingle with other guests at the complimentary reception, held on select days. Quench your thirst with your favorite drink at the bar/lounge. A complimentary breakfast is included.</p><p>CheckIn Instructions : <ul>  <li>Extra-person charges may apply and vary depending on property policy</li><li>Government-issued photo identification and a credit card, debit card, or cash deposit may be required at check-in for incidental charges</li><li>Special requests are subject to availability upon check-in and may incur additional charges; special requests cannot be guaranteed</li><li>This property accepts credit cards; cash is not accepted</li>  </ul></p><p>Special Instructions : Front desk staff will greet guests on arrival.</p>",Conference space Computer station Terrace ATM/banking Wheelchair accessible path of travel Basketball on site Wheelchair accessible (may have limitations) Free grocery shopping service Wheelchair-accessible registration desk Television in common areas Windsurfing nearby Wheelchair-accessible fitness center Wheelchair-accessible pool Picnic area Free newspapers in lobby 24-hour fitness facilities Boat tours nearby Area shuttle (surcharge) Luggage storage Grocery/convenience store Business center 24-hour front desk Scooter/moped rentals nearby Golfing nearby Safe-deposit box at front desk Smoke-free property Surfing/bodyboarding nearby Free self parking Dry cleaning/laundry service Free reception Number of meeting rooms - 1 Conference space size (meters) - 54 Free wired Internet Sailing nearby Free WiFi Number of bars/lounges - 1 Number of spa tubs - 1 Braille or raised signage Assistive listening devices available Number of indoor pools - 1 In-room accessibility (in select rooms) Bicycle rentals nearby Wheelchair accessible parking Roll-in shower (in select rooms) Accessible bathroom (in select rooms) Fireplace in lobby Free breakfast elevator Visual alarms in hallways Fitness facilities Multilingual staff Wheelchair-accessible meeting spaces/business center Barbecue grill(s) Coffee/tea in common areas Laundry facilities Conference space size (feet) - 578 Concierge services 24-hour business center,Distances are displayed to the nearest 0.1 mile and kilometer. <br /> <p>Ocean Drive Historic District - 2.5 km / 1.5 mi <br /> Naval War College Museum - 3 km / 1.9 mi <br /> Newport Vineyards - 3 km / 1.9 mi <br /> Thames Street - 3.2 km / 2 mi <br /> White Horse Tavern - 3.2 km / 2 mi <br /> Jane Pickens Theater - 3.3 km / 2.1 mi <br /> Touro Synagogue - 3.3 km / 2.1 mi <br /> Newport Harbour - 3.6 km / 2.2 mi <br /> Newport Ferry Terminal - 3.6 km / 2.3 mi <br /> Newport Visitor Information Center - 3.7 km / 2.3 mi <br /> Queen Anne Square - 3.7 km / 2.3 mi <br /> Bowen s Wharf - 3.7 km / 2.3 mi <br /> Bannister s Wharf - 3.9 km / 2.4 mi <br /> St. Mary s Catholic Church - 3.9 km / 2.4 mi <br /> Cliff Walk - 4 km / 2.5 mi <br /> </p><p>The nearest airports are:<br />T.F. Green Airport (PVD) - 44.3 km / 27.5 mi<br /> Newport  RI (NPT-Newport State) - 3.1 km / 1.9 mi<br /> North Kingstown  RI (NCO-Quonset State) - 30.7 km / 19.1 mi<br /> New Bedford  MA (EWB-New Bedford Regional) - 46.2 km / 28.7 mi<br /> Block Island  RI (BID-Block Island State) - 65.5 km / 40.7 mi<br /> </p><p>The preferred airport for Residence Inn by Marriott Newport/Middletown is T.F. Green Airport (PVD). </p>,325 W Main Rd MiddletownRhode Island 02842 ,02842,4018452005,http://www.marriott.com/hotels/travel/pvdnm-residence-inn-newport-middletown
Rhode Island,,41.49081,-71.28419,Rhea's Inn by the Sea,3.0,"This Rhode Island Inn is conveniently located just 2 miles from Newport city centre and all Newport attractions.

In fact, guests of the Rheas Inn by the Sea will have easy access to The Newport Mansions. Guests will also be within walking distance to the beach, restaurants and clubs. Rheas Inn by the Sea  is an uniquely, comfortable inn, with quaint guest rooms and Rhode Island charm.

The Rheas Inn by the Sea is ideal for holidays, business trips, and weekend getaways alike. Guests are required to show a photo identification and credit card upon check-in. Please note that all Special Requests are subject to availability and additional charges may apply.
Please inform Rheas Inn by the Sea in advance of your expected arrival time. You can use the Special Requests box when booking, or contact the property directly with the contact details provided in your confirmation.
In response to Coronavirus (COVID-19), additional safety and sanitation measures are in effect at this property.
Upon check-in photo identification and credit card are required. All special requests are subject to availability upon check-in. Special requests cannot be guaranteed and may incur additional charges.

Guests are kindly requested to inform the hotel of their estimated time of arrival. This can be noted in the Comments Box during booking or by contacting the hotel/property using the contact details found on the booking confirmation.

Please note, this property does not have a lift.",screens or physical barriers placed between staff and guests in appropriate areas guests have the option to cancel any cleaning services for their accommodation during their stay Parking Non-smoking rooms Free parking internet services Hot tub/jacuzzi Heating wifi Free WiFi Non-smoking throughout Air conditioning parking on site Accessible parking Beach Smoke alarms Fire extinguishers use of cleaning chemicals that are effective against coronavirus linens  towels and laundry washed in accordance with local authority guidelines guest accommodation is disinfected between stays guest accommodation sealed after cleaning physical distancing in dining areas staff follow all safety protocols as directed by local authorities shared stationery such as printed menus  magazines  pens  and paper removed hand sanitizer in guest accommodation and key areas process in place to check health of guests first aid kit available contactless check-in/check-out cashless payment available physical distancing rules followed,,42 Aquidneck Avenue MiddletownRhode Island 02842 ,02842,4018493548,https://www.booking.com/hotel/us/rhea-s-inn-by-the-sea.html
Rhode Island,,41.50647,-71.30151,Rodeway Inn,2.0,"<p>HeadLine : Near White Horse Tavern</p><p>Location : A stay at Rodeway Inn Middletown places you in the heart of Middletown, within a 5-minute drive of Ocean Drive Historic District and Naval War College Museum.  This motel is 2.8 mi (4.5 km) from Newport Mansions and 15.6 mi (25.1 km) from Narragansett Beach.</p><p>Rooms : Make yourself at home in one of the 40 air-conditioned rooms featuring refrigerators. Complimentary wireless Internet access keeps you connected, and cable programming is available for your entertainment. Private bathrooms with shower/tub combinations feature complimentary toiletries and hair dryers. Conveniences include desks and complimentary weekday newspapers, as well as phones with free local calls.</p><p>Dining : A complimentary continental breakfast is served daily from 7 AM to 10:00 AM.</p><p>CheckIn Instructions : <ul>  <li>Extra-person charges may apply and vary depending on property policy</li><li>Government-issued photo identification and a credit card, debit card, or cash deposit may be required at check-in for incidental charges</li><li>Special requests are subject to availability upon check-in and may incur additional charges; special requests cannot be guaranteed</li><li>This property accepts credit cards; cash is not accepted</li>  </ul></p><p>Special Instructions : Front desk staff will greet guests on arrival.</p>",Wheelchair accessible (may have limitations) Vending machine Free breakfast 24-hour front desk Wheelchair-accessible registration desk Free WiFi Daily Golfing nearby Smoke-free property Free newspapers in lobby Free self parking Free continental breakfast,Distances are displayed to the nearest 0.1 mile and kilometer. <br /> <p>Ocean Drive Historic District - 1.3 km / 0.8 mi <br /> White Horse Tavern - 2 km / 1.3 mi <br /> Naval War College Museum - 2.1 km / 1.3 mi <br /> Jane Pickens Theater - 2.2 km / 1.3 mi <br /> Thames Street - 2.2 km / 1.3 mi <br /> Touro Synagogue - 2.2 km / 1.4 mi <br /> Newport Visitor Information Center - 2.4 km / 1.5 mi <br /> Newport Ferry Terminal - 2.5 km / 1.5 mi <br /> Newport Harbour - 2.5 km / 1.6 mi <br /> Bowen s Wharf - 2.6 km / 1.6 mi <br /> Queen Anne Square - 2.6 km / 1.6 mi <br /> Old Stone Mill - 2.7 km / 1.7 mi <br /> Bannister s Wharf - 2.7 km / 1.7 mi <br /> St. Mary s Catholic Church - 2.7 km / 1.7 mi <br /> Cliff Walk - 2.8 km / 1.8 mi <br /> </p><p>The nearest airports are:<br />Logan International Airport (BOS) - 115.4 km / 71.7 mi<br /> Newport  RI (NPT-Newport State) - 3.7 km / 2.3 mi<br /> T.F. Green Airport (PVD) - 42.6 km / 26.5 mi<br /> North Kingstown  RI (NCO-Quonset State) - 27 km / 16.8 mi<br /> New Bedford  MA (EWB-New Bedford Regional) - 46.8 km / 29.1 mi<br /> </p><p>The preferred airport for Rodeway Inn Middletown is Logan International Airport (BOS). </p>,31 West Main Road MiddletownRhode Island 02842 ,02842,4018472735,http://www.choicehotels.com/rhode-island/middletow
Rhode Island,,41.520519,-71.285893,Ramada Middletown,2.0,"<p>HeadLine : Near Newport Vineyards</p><p>Location : Located in Middletown, The Pell Part of JVD by Hyatt is within a 10-minute drive of Easton s Beach and Naval War College Museum.  This hotel is 3.6 mi (5.7 km) from Touro Synagogue and 3.8 mi (6.1 km) from International Tennis Hall of Fame and Museum.</p><p>Rooms : Stay in one of 127 guestrooms featuring flat-screen televisions. Cable television is provided for your entertainment. Bathrooms have showers and hair dryers. Conveniences include desks and coffee/tea makers, and housekeeping is provided daily.</p><p>Dining : Grab a bite to eat at Helmway, a restaurant which features a bar/lounge, or stay in and take advantage of the room service (during limited hours). Buffet breakfasts are available daily from 7:00 AM to 10:00 AM for a fee.</p><p>CheckIn Instructions : <ul>  <li>Extra-person charges may apply and vary depending on property policy</li><li>Government-issued photo identification and a credit card, debit card, or cash deposit may be required at check-in for incidental charges</li><li>Special requests are subject to availability upon check-in and may incur additional charges; special requests cannot be guaranteed</li><li>This property accepts credit cards; cash is not accepted</li>  </ul></p><p>Special Instructions : Front desk staff will greet guests on arrival.</p>",Free long-term parking Casino nearby Wheelchair accessible (may have limitations) Wheelchair accessible Wheelchair-accessible van parking Number of meeting rooms - 1 Conference space size (meters) - 111 Change of bed sheets (on request) Free WiFi Number of bars/lounges - 1 No elevator (single level property) Braille or raised signage Assistive listening devices available Upper floors accessible by stairs only Garden In-room accessibility (in select rooms) Wheelchair accessible parking Roll-in shower (in select rooms) Accessible bathroom (in select rooms) RV  bus  truck parking 24-hour fitness facilities Nature reserve Water dispenser use by guests actively encouraged Luggage storage Express check-out Multilingual staff Business center 24-hour front desk Water dispenser Breakfast available (surcharge) Housekeeping on request Smoke-free property Number of coffee shops/cafes - 1 Free self parking Conference space Conference space size (feet) - 1200,Distances are displayed to the nearest 0.1 mile and kilometer. <br /> <p>Newport Vineyards - 1.5 km / 1 mi <br /> Newport National Golf Club - 3.7 km / 2.3 mi <br /> Ocean Drive Historic District - 4 km / 2.5 mi <br /> Naval War College Museum - 4.4 km / 2.8 mi <br /> Thames Street - 4.6 km / 2.9 mi <br /> White Horse Tavern - 4.7 km / 2.9 mi <br /> Atlantic Beach - 4.7 km / 2.9 mi <br /> Easton s Beach - 4.7 km / 2.9 mi <br /> Jane Pickens Theater - 4.8 km / 3 mi <br /> Touro Synagogue - 4.8 km / 3 mi <br /> Second Beach - 4.9 km / 3.1 mi <br /> Greenvale Vineyards - 5.1 km / 3.2 mi <br /> Newport International Polo - 5.3 km / 3.3 mi <br /> Cliff Walk - 5.4 km / 3.4 mi <br /> Newport Visitor Information Center - 5.9 km / 3.6 mi <br /> </p><p>The nearest airports are:<br />T.F. Green Airport (PVD) - 45.2 km / 28.1 mi<br /> Newport  RI (NPT-Newport State) - 1.3 km / 0.8 mi<br /> North Kingstown  RI (NCO-Quonset State) - 32.4 km / 20.1 mi<br /> New Bedford  MA (EWB-New Bedford Regional) - 45.5 km / 28.3 mi<br /> Block Island  RI (BID-Block Island State) - 64.8 km / 40.3 mi<br /> </p><p></p>,425 East Main Road MiddletownRhode Island 02842 ,02842,4018463555,http://www.wyndhamhotels.com/ramada/middletown-rhode-island/ramada-middletown/overview
Rhode Island,,41.50536,-71.297874,The Carriage House Inn an Ascend Hotel Collection Member,2.0,"<p>HeadLine : Near White Horse Tavern</p><p>Location : Located in Middletown, The Carriage House Inn, Ascend Hotel Collection is by the ocean, within a 5-minute drive of Cliff Walk and Thames Street.  This hotel is 1.5 mi (2.4 km) from Naval War College Museum and 2 mi (3.2 km) from International Tennis Hall of Fame and Museum.</p><p>Rooms : Make yourself at home in one of the 23 guestrooms featuring refrigerators and microwaves. Your room comes with a pillowtop bed. Complimentary wireless Internet access keeps you connected, and cable programming is available for your entertainment. Private bathrooms have complimentary toiletries and hair dryers.</p><p>Dining : A complimentary continental breakfast is served daily from 7:00 AM to 11:00 AM.</p><p>CheckIn Instructions : <ul>  <li>Extra-person charges may apply and vary depending on property policy</li><li>Government-issued photo identification and a credit card, debit card, or cash deposit may be required at check-in for incidental charges</li><li>Special requests are subject to availability upon check-in and may incur additional charges; special requests cannot be guaranteed</li><li>This property accepts credit cards, debit cards, and cash</li><li>This property uses solar energy</li>  </ul></p><p>Special Instructions : Front desk staff will greet guests on arrival.</p>",Terrace Concierge services Wheelchair-accessible meeting spaces/business center Safe-deposit box at front desk Smoke-free property Coffee/tea in common areas elevator Free self parking Computer station Renewable energy source - solar Wheelchair accessible (may have limitations) Vending machine Vegetarian breakfast available Parking (limited spaces) Outdoor furniture Wheelchair-accessible path to elevator Shared microwave Wheelchair-accessible registration desk Television in common areas Free WiFi Well-lit path to entrance Picnic area In-room accessibility (in select rooms) Wheelchair accessible parking Stair-free path to entrance Accessible bathroom (in select rooms) Free continental breakfast Energy-saving features in guest rooms LED light bulbs Wheelchair-accessible lounge Vegan menu options available Luggage storage Vegetarian menu options available Water-efficient showers only Free breakfast Coin laundry on site Multilingual staff Business center 24-hour front desk Electric car charging station Daily,Distances are displayed to the nearest 0.1 mile and kilometer. <br /> <p>Ocean Drive Historic District - 1.3 km / 0.8 mi <br /> Thames Street - 2.4 km / 1.5 mi <br /> White Horse Tavern - 2.4 km / 1.5 mi <br /> Naval War College Museum - 2.5 km / 1.6 mi <br /> Jane Pickens Theater - 2.5 km / 1.6 mi <br /> Touro Synagogue - 2.5 km / 1.6 mi <br /> Newport Harbour - 2.8 km / 1.8 mi <br /> Newport Ferry Terminal - 2.9 km / 1.8 mi <br /> Newport Visitor Information Center - 2.9 km / 1.8 mi <br /> Cliff Walk - 2.9 km / 1.8 mi <br /> Queen Anne Square - 2.9 km / 1.8 mi <br /> Bowen s Wharf - 3 km / 1.8 mi <br /> Newport Art Museum - 3 km / 1.9 mi <br /> Bannister s Wharf - 3.1 km / 1.9 mi <br /> St. Mary s Catholic Church - 3.1 km / 1.9 mi <br /> </p><p>The nearest airports are:<br />T.F. Green Airport (PVD) - 43 km / 26.7 mi<br /> Newport  RI (NPT-Newport State) - 4.3 km / 2.7 mi<br /> North Kingstown  RI (NCO-Quonset State) - 27.6 km / 17.2 mi<br /> New Bedford  MA (EWB-New Bedford Regional) - 47.4 km / 29.4 mi<br /> Block Island  RI (BID-Block Island State) - 64.2 km / 39.9 mi<br /> </p><p>The preferred airport for The Carriage House Inn  Ascend Hotel Collection is T.F. Green Airport (PVD). </p>,93 Miantonomi Ave MiddletownRhode Island 02842 ,02842,4018410018,http://www.ascendcollection.com/hotel-middletown-rhode_island-RI023
Rhode Island,,41.53598,-71.29183,Ambassador Inn & Suites,2.0,"<p>HeadLine : Near Newport Vineyards</p><p>Location : Located in Middletown, Red Roof Inn & Suites Newport - Middletown, RI is a 3-minute drive from Newport Vineyards and 5 minutes from Newport National Golf Club.  This hotel is 4.9 mi (7.9 km) from Newport Mansions and 17.9 mi (28.8 km) from Narragansett Beach.</p><p>Rooms : Make yourself at home in one of the 52 guestrooms featuring refrigerators. Complimentary wireless Internet access keeps you connected, and cable programming is available for your entertainment. Private bathrooms with shower/tub combinations feature complimentary toiletries and hair dryers. Conveniences include safes and desks, and housekeeping is provided daily.</p><p>CheckIn Instructions : <ul>  <li>Extra-person charges may apply and vary depending on property policy</li><li>Government-issued photo identification and a credit card, debit card, or cash deposit may be required at check-in for incidental charges</li><li>Special requests are subject to availability upon check-in and may incur additional charges; special requests cannot be guaranteed</li><li>The name on the credit card used at check-in to pay for incidentals must be the primary name on the guestroom reservation</li><li>This property accepts credit cards and cash</li><li>Please note that cultural norms and guest policies may differ by country and by property; the policies listed are provided by the property</li>  </ul> <ul>  <li>Daily housekeeping is included for stays of 6 nights or less. Limited housekeeping is provided for stays of 7 nights or more.</li>  </ul></p><p>Special Instructions : Front desk staff will greet guests on arrival.</p>",Wheelchair accessible (may have limitations) Free RV  bus  truck parking Vending machine Express check-out Multilingual staff Business center Handrails in stairways Handrails in hallways 24-hour front desk Television in common areas Wheelchair-accessible fitness center Free WiFi Wheelchair-accessible meeting spaces/business center Well-lit path to entrance Outdoor seasonal pool Upper floors accessible by stairs only Safe-deposit box at front desk In-room accessibility (in select rooms) Coffee/tea in common areas Wheelchair accessible parking Accessible bathroom (in select rooms) Free self parking,Distances are displayed to the nearest 0.1 mile and kilometer. <br /> <p>Newport Vineyards - 2.6 km / 1.6 mi <br /> Newport National Golf Club - 4.1 km / 2.6 mi <br /> Ocean Drive Historic District - 4.8 km / 3 mi <br /> Naval War College Museum - 5.3 km / 3.3 mi <br /> Greenvale Vineyards - 5.6 km / 3.5 mi <br /> Newport International Polo - 5.8 km / 3.6 mi <br /> Cliff Walk - 6 km / 3.7 mi <br /> Touro Synagogue - 6.3 km / 3.9 mi <br /> Atlantic Beach - 6.3 km / 3.9 mi <br /> Old Stone Mill - 6.6 km / 4.1 mi <br /> Thames Street - 6.6 km / 4.1 mi <br /> International Tennis Hall of Fame and Museum - 6.6 km / 4.1 mi <br /> Kingscote Newport Mansion - 6.9 km / 4.3 mi <br /> St. Mary s Catholic Church - 6.9 km / 4.3 mi <br /> Easton s Beach - 7 km / 4.4 mi <br /> </p><p>The nearest airports are:<br />T.F. Green Airport (PVD) - 46.3 km / 28.8 mi<br /> Newport  RI (NPT-Newport State) - 2.1 km / 1.3 mi<br /> North Kingstown  RI (NCO-Quonset State) - 31 km / 19.2 mi<br /> New Bedford  MA (EWB-New Bedford Regional) - 43.4 km / 27 mi<br /> Pawtucket  RI (SFZ-North Central State) - 56.1 km / 34.8 mi<br /> </p><p>The preferred airport for Red Roof Inn & Suites Newport - Middletown  RI is T.F. Green Airport (PVD). </p>,1359 West Main Road MiddletownRhode Island 02842 ,02842,4018492718,http://www.newportambassadorinn.com
Rhode Island,,41.51423,-71.30143,Hampton Inn & Suites Newport Middletown,2.0,"<p>HeadLine : Near Newport Playhouse</p><p>Location : Located in Middletown, Hampton Inn & Suites Newport/Middletown is within a 5-minute drive of Ocean Drive Historic District and Newport Playhouse.  This hotel is 3.3 mi (5.3 km) from Newport Mansions and 1.7 mi (2.7 km) from Naval War College Museum.</p><p>Rooms : Make yourself at home in one of the 95 guestrooms featuring refrigerators and LCD televisions. Your bed comes with premium bedding, and all rooms are furnished with sofa beds. Complimentary wired and wireless Internet access keeps you connected, and cable programming provides entertainment. Private bathrooms with shower/tub combinations feature complimentary toiletries and hair dryers.</p><p>Dining : You can enjoy a meal at the restaurant serving the guests of Hampton Inn & Suites Newport/Middletown, or stop in at the snack bar/deli. A complimentary continental breakfast is served daily from 6:00 AM to 10:00 AM.</p><p>CheckIn Instructions : <ul>  <li>Extra-person charges may apply and vary depending on property policy</li><li>Government-issued photo identification and a credit card may be required at check-in for incidental charges</li><li>Special requests are subject to availability upon check-in and may incur additional charges; special requests cannot be guaranteed</li><li>Safety features at this property include a carbon monoxide detector and a smoke detector</li><li>Be prepared: check the latest COVID-19 travel requirements and measures in place for this destination before you travel.</li>  </ul></p><p>Special Instructions : Front desk staff will greet guests on arrival.</p>",Area shuttle (surcharge) Golfing nearby Surfing/bodyboarding nearby 24-hour business center Laundry facilities Bicycle rentals nearby Wheelchair accessible path of travel Television in common areas Accessible bathroom Roll-in shower Wheelchair accessible parking Wheelchair-accessible concierge desk In-room accessibility Wheelchair-accessible van parking Braille or raised signage Wheelchair-accessible path to elevator Wheelchair-accessible registration desk Wheelchair-accessible pool Scooter/moped rentals nearby Free newspapers in lobby Daily Number of indoor pools - 1 elevator Fitness facilities Well-lit path to entrance Stair-free path to entrance Fishing nearby 24-hour front desk Business center Express check-out Free self parking Dry cleaning/laundry service Boat tours nearby Computer station Food and water bowls Luggage storage Free continental breakfast Parasailing nearby ATM/banking Concierge services Snack bar/deli Skydiving Nearby Coffee/tea in common areas Internet access in public areas - high speed Free breakfast Meeting rooms Free WiFi Free wired Internet Smoke-free property Hiking/biking trails nearby Kayaking nearby Sailing nearby Scuba diving nearby Safe-deposit box at front desk,Distances are displayed to the nearest 0.1 mile and kilometer. <br /> <p>Ocean Drive Historic District - 2.2 km / 1.4 mi <br /> Newport Playhouse - 2.3 km / 1.5 mi <br /> White Horse Tavern - 2.9 km / 1.8 mi <br /> Jane Pickens Theater - 3 km / 1.9 mi <br /> Thames Street - 3 km / 1.9 mi <br /> Touro Synagogue - 3.1 km / 1.9 mi <br /> Newport Vineyards - 3.1 km / 1.9 mi <br /> Naval War College Museum - 3.3 km / 2 mi <br /> Trinity Church - 3.3 km / 2.1 mi <br /> Newport Harbour - 3.4 km / 2.1 mi <br /> Newport Visitor Information Center - 3.4 km / 2.1 mi <br /> Queen Anne Square - 3.5 km / 2.2 mi <br /> Old Stone Mill - 3.6 km / 2.2 mi <br /> St. Mary s Catholic Church - 3.6 km / 2.3 mi <br /> Newport Art Museum - 3.7 km / 2.3 mi <br /> </p><p>The nearest airports are:<br />T.F. Green Airport (PVD) - 43.2 km / 26.9 mi<br /> Newport  RI (NPT-Newport State) - 2.8 km / 1.8 mi<br /> North Kingstown  RI (NCO-Quonset State) - 27.9 km / 17.3 mi<br /> New Bedford  MA (EWB-New Bedford Regional) - 45.9 km / 28.5 mi<br /> Block Island  RI (BID-Block Island State) - 63.6 km / 39.5 mi<br /> </p><p>The preferred airport for Hampton Inn & Suites Newport/Middletown is T.F. Green Airport (PVD). </p>,317 West Main Road MiddletownRhode Island 02842 ,02842,4018486555,http://www.newporthamptoninn.com/
Rhode Island,,41.526096,-71.29633,Holiday Inn Express Middletown newport,2.0,"<p>HeadLine : Near Newport Vineyards</p><p>Location : Located in Middletown, Holiday Inn Express Newport North - Middletown, an IHG Hotel is by the ocean, a 4-minute drive from Newport Vineyards and 5 minutes from Ocean Drive Historic District.  This hotel is 4.2 mi (6.8 km) from Newport Mansions and 17.2 mi (27.7 km) from Narragansett Beach.</p><p>Rooms : Make yourself at home in one of the 117 air-conditioned rooms featuring refrigerators and flat-screen televisions. Complimentary wired and wireless Internet access keeps you connected, and cable programming provides entertainment. Private bathrooms with shower/tub combinations feature complimentary toiletries and hair dryers. Conveniences include safes and desks, as well as phones with free local calls.</p><p>Dining : Grab a bite from the snack bar/deli serving guests of Holiday Inn Express Newport North - Middletown, an IHG Hotel. A complimentary buffet breakfast is included.</p><p>CheckIn Instructions : <ul>  <li>Extra-person charges may apply and vary depending on property policy</li><li>Government-issued photo identification and a credit card, debit card, or cash deposit may be required at check-in for incidental charges</li><li>Special requests are subject to availability upon check-in and may incur additional charges; special requests cannot be guaranteed</li><li>This property accepts credit cards and debit cards; cash is not accepted</li><li>Safety features at this property include a smoke detector and window guards</li>  </ul></p><p>Special Instructions : Front desk staff will greet guests on arrival.</p>",Snack bar/deli Laundry facilities elevator Free self parking Fitness facilities Terrace ATM/banking Wheelchair accessible path of travel Pool sun loungers Dry cleaning/laundry service Wheelchair accessible (may have limitations) Number of meeting rooms - 1 Free wired Internet Free WiFi Braille or raised signage Assistive listening devices available Number of indoor pools - 1 Picnic area In-room accessibility (in select rooms) Internet access in public areas - high speed Wheelchair accessible parking Free newspapers in lobby Roll-in shower (in select rooms) Accessible bathroom (in select rooms) Free Buffet Breakfast Luggage storage Free breakfast Grocery/convenience store Business center 24-hour front desk Golfing nearby Safe-deposit box at front desk,Distances are displayed to the nearest 0.1 mile and kilometer. <br /> <p>Newport Vineyards - 3.2 km / 2 mi <br /> Ocean Drive Historic District - 4 km / 2.5 mi <br /> Naval War College Museum - 4.2 km / 2.6 mi <br /> Thames Street - 4.4 km / 2.7 mi <br /> White Horse Tavern - 4.4 km / 2.7 mi <br /> Jane Pickens Theater - 4.5 km / 2.8 mi <br /> Touro Synagogue - 4.5 km / 2.8 mi <br /> Newport Harbour - 4.8 km / 3 mi <br /> Newport Ferry Terminal - 4.8 km / 3 mi <br /> Newport Visitor Information Center - 4.8 km / 3 mi <br /> Queen Anne Square - 4.9 km / 3 mi <br /> Bowen s Wharf - 4.9 km / 3.1 mi <br /> Atlantic Beach - 4.7 km / 2.9 mi <br /> Cliff Walk - 4.9 km / 3 mi <br /> Newport National Golf Club - 5.1 km / 3.2 mi <br /> </p><p>The nearest airports are:<br />T.F. Green Airport (PVD) - 45.3 km / 28.1 mi<br /> Newport  RI (NPT-Newport State) - 2.1 km / 1.3 mi<br /> North Kingstown  RI (NCO-Quonset State) - 31.7 km / 19.7 mi<br /> New Bedford  MA (EWB-New Bedford Regional) - 44.6 km / 27.7 mi<br /> Block Island  RI (BID-Block Island State) - 66.5 km / 41.3 mi<br /> </p><p>The preferred airport for Holiday Inn Express Newport North - Middletown  an IHG Hotel is T.F. Green Airport (PVD). </p>,855 West Main Road MiddletownRhode Island 02842 ,02842,4018487128,http://www.hiexpress.com
Rhode Island,,41.52824,-71.29591,Quality Inn & Suites Middletown Newport,2.0,"<p>HeadLine : Near Newport Vineyards</p><p>Location : Located in Middletown, Quality Inn & Suites Middletown - Newport is a 4-minute drive from Newport Vineyards and 5 minutes from Ocean Drive Historic District.  This hotel is 4.3 mi (7 km) from Newport Mansions and 17.2 mi (27.6 km) from Narragansett Beach.</p><p>Rooms : Make yourself at home in one of the 115 guestrooms featuring refrigerators and flat-screen televisions. Complimentary wireless Internet access keeps you connected, and cable programming is available for your entertainment. Bathrooms have complimentary toiletries and hair dryers. Conveniences include desks and complimentary newspapers, and housekeeping is provided daily.</p><p>Dining : Grab a bite from the snack bar/deli serving guests of Quality Inn & Suites Middletown - Newport. A complimentary buffet breakfast is served daily from 7:00 AM to 10:00 AM.</p><p>CheckIn Instructions : <ul>  <li>Extra-person charges may apply and vary depending on property policy</li><li>Government-issued photo identification and a credit card may be required at check-in for incidental charges</li><li>Special requests are subject to availability upon check-in and may incur additional charges; special requests cannot be guaranteed</li><li>This property accepts credit cards; cash is not accepted</li><li>Safety features at this property include a smoke detector</li>  </ul></p><p>Special Instructions : Front desk staff will greet guests on arrival.</p>",Coffee/tea in common areas Snack bar/deli Laundry facilities Surfing/bodyboarding nearby elevator Free self parking Fitness facilities Computer station ATM/banking 24-hour business center Wheelchair accessible Vending machine Sailing nearby Free WiFi Braille or raised signage Number of indoor pools - 1 Water skiing nearby Wheelchair accessible parking Free newspapers in lobby Accessible bathroom (in select rooms) RV  bus  truck parking Free Buffet Breakfast Luggage storage Free breakfast Express check-out Business center 24-hour front desk Daily Golfing nearby Smoke-free property,Distances are displayed to the nearest 0.1 mile and kilometer. <br /> <p>Newport Vineyards - 3.4 km / 2.1 mi <br /> Ocean Drive Historic District - 3.8 km / 2.4 mi <br /> Naval War College Museum - 4.3 km / 2.6 mi <br /> Thames Street - 4.5 km / 2.8 mi <br /> White Horse Tavern - 4.6 km / 2.8 mi <br /> Jane Pickens Theater - 4.7 km / 2.9 mi <br /> Touro Synagogue - 4.7 km / 2.9 mi <br /> Atlantic Beach - 4.8 km / 3 mi <br /> Newport Visitor Information Center - 4.9 km / 3 mi <br /> Easton s Beach - 4.9 km / 3.1 mi <br /> Newport Ferry Terminal - 5 km / 3.1 mi <br /> Newport National Golf Club - 5 km / 3.1 mi <br /> Queen Anne Square - 5 km / 3.1 mi <br /> Bowen s Wharf - 5.1 km / 3.2 mi <br /> International Tennis Hall of Fame and Museum - 5.7 km / 3.5 mi <br /> </p><p>The nearest airports are:<br />T.F. Green Airport (PVD) - 45.1 km / 28 mi<br /> Newport  RI (NPT-Newport State) - 1.8 km / 1.1 mi<br /> North Kingstown  RI (NCO-Quonset State) - 29.5 km / 18.3 mi<br /> New Bedford  MA (EWB-New Bedford Regional) - 44.3 km / 27.5 mi<br /> Westerly  RI (WST-Westerly State) - 63.5 km / 39.4 mi<br /> </p><p>The preferred airport for Quality Inn & Suites Middletown - Newport is T.F. Green Airport (PVD). </p>,936 W Main Road MiddletownRhode Island 02842 ,02842,4018467600,https://www.choicehotels.com/rhode-island/middletown/quality-inn-hotels/ri032
Rhode Island,,41.49373,-71.28459,Sea Whale Motel,3.0,"Located on the waterfront at Eastons Pond, this Middletown motel offers rooms with a cable TV. Eastons Beach is only 7 minutes walk away.

All rooms at Sea Whale Motel include refrigerators, microwaves, coffeemakers, flat screen TVs with cable, free WiFi, irons and boards, phones with free local calls, air conditioning, heating and outdoor furniture. En suite private bathrooms include a bath, shower, towels, toiletries and hair dryers.

Guests of Sea Whale Motel can relax in the waterfront lawn or enjoy refreshments from the propertys vending machines. Free parking is available to guests.

Sea Whale Motel is less than 2 km from Purgatory Chasm, overlooking Sachuest Bay. The Newport, Rhode Island city centre is 3 km away. Guests are required to show a photo identification and credit card upon check-in. Please note that all Special Requests are subject to availability and additional charges may apply.
Please inform Sea Whale Motel in advance of your expected arrival time. You can use the Special Requests box when booking, or contact the property directly with the contact details provided in your confirmation.
In response to Coronavirus (COVID-19), additional safety and sanitation measures are in effect at this property.
Please note, children cannot be accommodated in the Garden Level Economy Queen Room.

Please note, a maximum of two room reservations can be made per credit card per person.

Please note, a maximum of two cars can be parked per room.

Please note, no pets are allowed on property. This includes animals and pets left in cars parked overnight.",Parking Golf course (within 3 km) Free parking internet services Heating wifi Free WiFi Air conditioning designated smoking area vending machine (drinks) Daily housekeeping parking on site Private parking wifi available in all areas Outdoor furniture Picnic area Smoke alarms CCTV in common areas CCTV outside property Fire extinguishers use of cleaning chemicals that are effective against coronavirus linens  towels and laundry washed in accordance with local authority guidelines guest accommodation is disinfected between stays staff follow all safety protocols as directed by local authorities contactless check-in/check-out cashless payment available physical distancing rules followed guests have the option to cancel any cleaning services for their accommodation during their stay,,150 Aquidneck Avenue MiddletownRhode Island 02842 ,02842,4018467071,https://www.booking.com/hotel/us/sea-whale-motel.html
Rhode Island,,41.5089,-71.30218,Rhea's Kitchen,2.0,"Just 1 mile from downtown Newport, this Middletown inn offers free Wi-Fi and uniquely decorated rooms that feature cable TV. Aquidneck Shopping Center is 1 mile away.

An en suite bathroom and air-conditioning are offered in all rooms at Rheas Inn.

On the first floor is a Thai restaurant open 11:30am - 10:30pm daily. A full bar is also available.

Guest staying at this inn can enjoy on-site dining for lunch and dinner.

The Community College of Rhode Island  Newport County Campus is 2 miles from Rheas Inn. Several dining options are within 10 minutes drive. Guests are required to show a photo identification and credit card upon check-in. Please note that all Special Requests are subject to availability and additional charges may apply.
Please note: All reservations will be charged 3.95% on credit card payment, the room will be held with a credit card without fees.  No charge for cash or debit. we will not charge customer until they arrive.",Parking Restaurant Bar Tennis Court Golf course (within 3 km) Non-smoking rooms Fishing Free parking internet services Windsurfing Canoeing Hiking Cycling Heating Diving Horse riding Snorkelling wifi Free WiFi Non-smoking throughout Air conditioning Private check-in/check-out parking on site wifi available in all areas Stand-up comedy Live music/performance Live sport events (broadcast) Key access Security alarm Smoke alarms CCTV outside property Fire extinguishers use of cleaning chemicals that are effective against coronavirus linens  towels and laundry washed in accordance with local authority guidelines guest accommodation is disinfected between stays staff follow all safety protocols as directed by local authorities first aid kit available contactless check-in/check-out cashless payment available physical distancing rules followed invoice provided property is cleaned by professional cleaning companies all plates  cutlery  glasses and other tableware have been sanitized guests have the option to cancel any cleaning services for their accommodation during their stay,,120 West Main Road MiddletownRhode Island 02842 ,02842,4018415560,https://www.booking.com/hotel/us/rheas-inn-and-restaurant.html
Rhode Island,,41.50021,-71.27591,Sea Whale Cottages,3.0,"<p><b>Property Location</b> <br />When you stay at Sea Whale Cottages in Middletown, you'll be near the beach, within a 10-minute drive of International Tennis Hall of Fame and Museum and Touro Synagogue.  This cottage is 3.3 mi (5.2 km) from The Breakers and 3.3 mi (5.4 km) from Naval War College Museum.</p><p><b>Rooms</b> <br />Make yourself at home in one of the 3 guestrooms, featuring kitchens. Complimentary wireless Internet access is available to keep you connected.</p><p><b>Business, Other Amenities</b> <br />Free self parking is available onsite.</p>",Designated smoking areas Free WiFi Free self parking Parking (limited spaces) Total number of rooms - 3,Distances are displayed to the nearest 0.1 mile and kilometer. <br /> <p>Easton's Beach - 1.7 km / 1 mi <br /> Second Beach - 2.1 km / 1.3 mi <br /> Newport Grand Casino - 3.8 km / 2.4 mi <br /> Newport Art Museum - 3.8 km / 2.4 mi <br /> International Tennis Hall of Fame and Museum - 3.8 km / 2.4 mi <br /> Third Beach - 3.9 km / 2.4 mi <br /> Norman Bird Sanctuary - 3.9 km / 2.4 mi <br /> Touro Park - 3.9 km / 2.4 mi <br /> Old Stone Mill - 3.9 km / 2.4 mi <br /> Newport Vineyards - 4 km / 2.5 mi <br /> Chepstow - 4 km / 2.5 mi <br /> St. Mary's Catholic Church - 4.1 km / 2.6 mi <br /> Isaac Bell House - 4.2 km / 2.6 mi <br /> Firehouse Theater - 4.2 km / 2.6 mi <br /> Salve Regina University - 4.3 km / 2.6 mi <br /> </p><p>The nearest airports are:<br />Newport  RI (NPT-Newport State) - 4.2 km / 2.6 mi<br /> North Kingstown  RI (NCO-Quonset State) - 30.5 km / 19 mi<br /> Providence  RI (PVD-T.F. Green) - 45.9 km / 28.5 mi<br /> New Bedford  MA (EWB-New Bedford Regional) - 47.7 km / 29.6 mi<br /> Westerly  RI (WST-Westerly State) - 64.2 km / 39.9 mi<br /> </p><p></p>,222 Prospect Avenue MiddletownRhode Island 02842 ,02842,5085484747,http://seawhale.com/our-properties/
Rhode Island,,41.53121,-71.27165,The East Island Reserve Hotel,3.0,"Set in Newport County, Rhode Island, The East Island Reserve features keyless access, free WiFi access and free private parking. Guests can enjoy a seasonal outdoor pool and sun deck.

The cottages, suites and rooms all have private spa-like bathrooms with soaps and shampoos and come fully equipped with flat-screen TV and plush linens.

Newport Vineyards is 220 metres from The East Island Reserve, while Prescott Farm is 3.7 km away. The nearest airport is T.F. Green Airport, 48.4 km from the property. In response to Coronavirus (COVID-19), additional safety and sanitation measures are in effect at this property.
When travelling with pets, please note that an extra charge of $50 per pet, per night applies. Please note that a maximum of 2 pets are allowed.",secured parking Heated pool Salt-water pool Shallow end Outdoor furniture Fence around pool Spa Facilities Back massage Neck massage Couples massage Full body massage Swimming pool Smoke alarms CCTV in common areas Fire extinguishers Swimming pool Parking Pets allowed Non-smoking rooms Free parking internet services express check-in/check-out Spa and wellness centre Massage Hiking Heating wifi Outdoor pool Free WiFi Non-smoking throughout Air conditioning Sun terrace outdoor pool (seasonal) Private check-in/check-out shared lounge/TV area parking on site Private parking wifi available in all areas,,985 East Main Road MiddletownRhode Island 02842 ,02842,4016850233,https://www.booking.com/hotel/us/the-east-island-reserve.html
Rhode Island,,41.39218,-71.47104,The Anchor Motel,5.0,"The Anchor Motel is a small 15 room motel right on Scarborough State Beach. We are family owned and operated and have been for 20 years. Our rooms may be small but they are extremely clean and boast a lovely ocean view and personal porch outside! The Anchor Motel is located on the beachfront in Narragansett, 50 metres from Scarborough State Beach and 5 km from Towers in Narragansett. The property is around 60 metres from Scarborough Beach North and South, 2.7 km from Fishermen s Memorial State Park Campground and 3.5 km from Point Judith Lighthouse. The air-conditioned rooms provide a sea view and come with a wardrobe and free WiFi.

Guest rooms at the motel are equipped with a seating area, a flat-screen TV with cable channels and a private bathroom with a hairdryer and a shower. All units will provide guests with a fridge.

The Anchor Motel can conveniently provide information at the reception to help guests to get around the area.

Galilee is 5 km from the accommodation, while The Towers is 5 km away. The nearest airport is T.F. Green Airport, 46 km from The Anchor Motel. Guests are required to show a photo identification and credit card upon check-in. Please note that all Special Requests are subject to availability and additional charges may apply.
Please inform The Anchor Motel in advance of your expected arrival time. You can use the Special Requests box when booking, or contact the property directly with the contact details provided in your confirmation.
In response to Coronavirus (COVID-19), additional safety and sanitation measures are currently in effect at this property.
Due to Coronavirus (COVID-19), this property is taking steps to help protect the safety of guests and staff. Certain services and amenities may be reduced or unavailable as a result.
Due to Coronavirus (COVID-19), this property has reduced reception and service operating hours.
Food & beverage services at this property may be limited or unavailable due to Coronavirus (COVID-19).",guest accommodation is disinfected between stays all plates  cutlery  glasses and other tableware have been sanitized Parking access to health care professionals  24-hour security Fire extinguishers property is cleaned by professional cleaning companies screens or physical barriers placed between staff and guests in appropriate areas Family rooms use of cleaning chemicals that are effective against coronavirus Non-smoking rooms Allergy-free room Air conditioning internet services physical distancing rules followed cashless payment available first aid kit available Free WiFi Daily housekeeping On-site parking staff follow all safety protocols as directed by local authorities process in place to check health of guests contactless check-in/check-out wifi Heating Smoke alarms Beachfront wifi available in all areas Free parking Non-smoking throughout face masks for guests available guests have the option to cancel any cleaning services for their accommodation during their stay linens  towels and laundry washed in accordance with local authority guidelines Children television networks Private parking Facilities for disabled guests express check-in/check-out shared stationery such as printed menus  magazines  pens  and paper removed Private check-in/check-out 24-hour front desk physical distancing in dining areas,,825 Ocean Road NarragansettRhode Island 02882 ,02882,4017928550,https://www.booking.com/hotel/us/the-anchor-motel.html
Rhode Island,,41.3895,-71.47562,Scarborough Beach Motel,3.0,"Located steps from Scarborough State Beach, this motel offer rooms with a microwave and refrigerator. Free parking is also offered. Adventureland Amusement Park is 3 miles away.

All rooms are equipped with cable TV. Select rooms offer a kitchenette, seating area, or sofa bed.

Hot coffee and tea is offered each morning. Scarborough Motel also provides guests a vending facility with drinks.

Salt Pond Shopping Centre is a 10-minute drive. Narragansett Ocean Club Skating Rink is 3 miles away. Point Judith Country Club is 2 miles away from Scarborough Beach Motel. Guests are required to show a photo identification and credit card upon check-in. Please note that all Special Requests are subject to availability and additional charges may apply.
In response to Coronavirus (COVID-19), additional safety and sanitation measures are in effect at this property.
Due to Coronavirus (COVID-19), this property is taking steps to help protect the safety of guests and staff. Certain services and amenities may be reduced or unavailable as a result.
In accordance with government guidelines to minimise transmission of the Coronavirus (COVID-19), this property may request additional documentation from guests to validate identity, travel itinerary and other relevant information, during dates where such guidelines exist.
Upon check-in photo identification and credit card are required. All special requests are subject to availability upon check-in. Special requests cannot be guaranteed and may incur additional charges.

Please note, only 1 free parking space is allotted per room reservation. Additional charges apply for an extra vehicle.",Parking 24-hour front desk Golf course (within 3 km) Garden Terrace Non-smoking rooms Fishing Skiing Family rooms Free parking internet services Windsurfing Bowling Heating Fax/photocopying Diving Snorkelling wifi linens  towels and laundry washed in accordance with local authority guidelines use of cleaning chemicals that are effective against coronavirus Fire extinguishers CCTV outside property CCTV in common areas Smoke alarms Key card access 24-hour security Beach Picnic area Outdoor furniture Accessible parking secured parking wifi available in all areas Beachfront Private parking parking on site vending machine (drinks) grocery deliveries Private check-in/check-out designated smoking area Air conditioning Free WiFi Ski school Ski storage invoice provided screens or physical barriers placed between staff and guests in appropriate areas physical distancing rules followed cashless payment available first aid kit available staff follow all safety protocols as directed by local authorities guest accommodation is disinfected between stays,,901 Ocean Road NarragansettRhode Island 02882 ,02882,4017832063,https://www.booking.com/hotel/us/narragansett-901-ocean-road.html
Rhode Island,,41.42661,-71.456,Ocean Rose Inn,3.0,"<p>HeadLine : Near Narragansett Beach</p><p>Location : With a stay at The Shore House in Narragansett, you ll be 0.8 mi (1.2 km) from Narragansett Beach and 15.7 mi (25.3 km) from Touro Synagogue.  This hotel is 15.9 mi (25.7 km) from Naval War College Museum and 16.3 mi (26.2 km) from International Tennis Hall of Fame and Museum.</p><p>Rooms : Make yourself at home in one of the 31 air-conditioned rooms featuring refrigerators and flat-screen televisions. Complimentary wireless Internet access is available to keep you connected. Private bathrooms with showers feature complimentary toiletries and hair dryers. Conveniences include phones, as well as coffee/tea makers and irons/ironing boards.</p><p>Dining : Satisfy your appetite with seafood at Sea Craft, a restaurant where you can enjoy drinks at the bar/lounge, take in the ocean view, or dine alfresco.</p><p>Renovations : The property is closed between November 13 and April 1.</p><p>CheckIn Instructions : <ul>  <li>Extra-person charges may apply and vary depending on property policy</li><li>Government-issued photo identification and a credit card, debit card, or cash deposit may be required at check-in for incidental charges</li><li>Special requests are subject to availability upon check-in and may incur additional charges; special requests cannot be guaranteed</li><li>The name on the credit card used at check-in to pay for incidentals must be the primary name on the guestroom reservation</li><li>This property accepts credit cards and debit cards; cash is not accepted</li><li>Safety features at this property include a carbon monoxide detector and a smoke detector</li>  </ul></p><p>Special Instructions : Front desk staff will greet guests on arrival.</p>",Parking (limited spaces) Luggage storage Free parking nearby 24-hour front desk Free WiFi Number of bars/lounges - 1 Smoke-free property In-room accessibility (in select rooms) Wheelchair accessible parking Hiking/biking trails nearby Accessible bathroom (in select rooms) Free self parking Terrace Wheelchair accessible path of travel Free bicycles on site,Distances are displayed to the nearest 0.1 mile and kilometer. <br /> <p>The Towers - 0.4 km / 0.3 mi <br /> Narragansett Beach - 1.3 km / 0.8 mi <br /> North Beach Club House - 1.5 km / 0.9 mi <br /> Narragansett Indian Monument - 1.7 km / 1 mi <br /> Adventureland - 2.6 km / 1.6 mi <br /> Point Judith Country Club - 3.1 km / 1.9 mi <br /> Black Point Fishing Area - 3.4 km / 2.1 mi <br /> South County Hospital - 4 km / 2.5 mi <br /> Scarborough Beach - 4.2 km / 2.6 mi <br /> John H. Chafee National Wildlife Refuge - 4.5 km / 2.8 mi <br /> Bonnet Shores Beach - 6.3 km / 3.9 mi <br /> Fishermen s Memorial State Park - 6.7 km / 4.2 mi <br /> Fishermen s Memorial State Park Campground - 7 km / 4.3 mi <br /> Sand Hill Cove - 8.1 km / 5 mi <br /> Point Judith Lighthouse - 8.4 km / 5.2 mi <br /> </p><p>The nearest airports are:<br />T.F. Green Airport (PVD) - 40.1 km / 24.9 mi<br /> Newport  RI (NPT-Newport State) - 29.6 km / 18.4 mi<br /> North Kingstown  RI (NCO-Quonset State) - 26.2 km / 16.3 mi<br /> Westerly  RI (WST-Westerly State) - 36 km / 22.4 mi<br /> Block Island  RI (BID-Block Island State) - 35.2 km / 21.9 mi<br /> </p><p></p>,113 Ocean Road NarragansettRhode Island 02882 ,02882,4017834704,http://www.oceanroseinn.com/
Rhode Island,,41.37439,-71.48528,The Break,4.0,"Set in Narragansett, 7 km from Towers in Narragansett, The Break Hotel boasts an outdoor pool and fitness room. Guests can enjoy the on-site bar. Free private parking is available on site.

A flat-screen TV and iPads are featured. Certain units include a seating area for your convenience. The rooms are fitted with a private bathroom. The Break Hotel features free WiFi throughout the property.

There is concierge service and shops at the property.

Roger W Wheeler State Beach is 900 metres from The Break Hotel, while Scarborough Beach North and South is 2.3 km away. The nearest airport is T.F. Green Airport, 39 km from the property. Guests are required to show a photo identification and credit card upon check-in. Please note that all Special Requests are subject to availability and additional charges may apply.
Please inform The Break Hotel in advance of your expected arrival time. You can use the Special Requests box when booking, or contact the property directly with the contact details provided in your confirmation.
In response to Coronavirus (COVID-19), additional safety and sanitation measures are in effect at this property.
Due to Coronavirus (COVID-19), this property is taking steps to help protect the safety of guests and staff. Certain services and amenities may be reduced or unavailable as a result.
Due to Coronavirus (COVID-19), this property adheres to strict physical distancing measures.
Due to Coronavirus (COVID-19), wearing a face mask is mandatory in all indoor common areas.
Guests expecting to arrive after 19:00 must contact the property in advance to arrange check-in.",sun loungers or beach chairs Outdoor furniture Fence around pool Outdoor fireplace Spa Facilities Fitness Swimming pool Swimming pool bicycle rental use of cleaning chemicals that are effective against coronavirus linens  towels and laundry washed in accordance with local authority guidelines guest accommodation is disinfected between stays physical distancing in dining areas food can be delivered to guest accommodation staff follow all safety protocols as directed by local authorities hand sanitizer in guest accommodation and key areas process in place to check health of guests Salt-water pool Shallow end Pool cover Wine/champagne Parking Restaurant Room service meeting/banquet facilities Bar Sauna Fitness centre Non-smoking rooms Business centre Facilities for disabled guests Family rooms Free parking internet services lift Spa and wellness centre Massage Heating Luggage storage wifi Outdoor pool Free WiFi Non-smoking throughout Air conditioning Sun terrace outdoor pool (all year) concierge service Private check-in/check-out Daily housekeeping parking on site Private parking wifi available in all areas Public Bath board games/puzzles Heated pool face masks for guests available delivered food is securely covered breakfast takeaway containers guests have the option to cancel any cleaning services for their accommodation during their stay all plates  cutlery  glasses and other tableware have been sanitized physical distancing rules followed cashless payment available contactless check-in/check-out first aid kit available,,1208 Ocean Road NarragansettRhode Island 02882 ,02882,4013639800,https://www.booking.com/hotel/us/the-break.html
Rhode Island,,41.42462,-71.46014,Sheppard's Place Bed & Breakfast,4.0,"This Rhode Island bed and breakfast is 15 minutes walk from the Narragansett Town Beach. The ferry to Block Island is 9.6 km away.

Guests staying at Sheppards Place Bed and Breakfast can enjoy watching cable TV or drinking a hot coffee by the fireplace in the living room or relaxing on the sun terrace. Guests can also enjoy a walk by the on-site garden and pond.

Each room or suite at Sheppards Place is air-conditioned.  Free toiletries can also be found in each en suite bathroom. The large suite is separate from the main building and provides a living room, laundry facilities, a full kitchen and a private deck overlooking the garden.

The University of Rhode Island is 14 minutes drive from the property. Newport is 30.7 km away and Providence is 51.1 km away. Guests are required to show a photo identification and credit card upon check-in. Please note that all Special Requests are subject to availability and additional charges may apply.
This property will not accommodate hen, stag or similar parties.
You must show a valid photo ID and credit card upon check-in. Please note that all special requests cannot be guaranteed and are subject to availability upon check-in. Additional charges may apply.

Please note that breakfast is not included for guests staying in the suites.",Non-smoking throughout designated smoking area Free parking Library On-site parking 24-hour front desk Ironing service wifi available in all areas Parking Air conditioning Family rooms Free WiFi Special diet menus (on request) wifi Garden Laundry Non-smoking rooms Sun terrace Pets allowed internet services,,172 Boon Street NarragansettRhode Island 02882 ,02882,4017425903,https://www.booking.com/hotel/us/sheppard-s-place-bed-amp-breakfast.html
Rhode Island,,41.48778,-71.30959,Hotel Viking,4.0,"<p>HeadLine : In Newport (Historic Hill)</p><p>Location : With a stay at Hotel Viking, you ll be centrally located in Newport, within a 10-minute walk of Thames Street and International Tennis Hall of Fame and Museum.  This 4-star hotel is 0.5 mi (0.9 km) from Kingscote Newport Mansion and 0.7 mi (1.1 km) from Bannister s Wharf.</p><p>Rooms : Make yourself at home in one of the 208 air-conditioned rooms featuring LCD televisions. Your pillowtop bed comes with down comforters and premium bedding. Complimentary wireless Internet access keeps you connected, and digital programming is available for your entertainment. Conveniences include safes and desks, as well as phones with free local calls.</p><p>Dining : Enjoy American cuisine at One Bellevue Restaurant, one of the hotel s 2 restaurants, or stay in and take advantage of the room service (during limited hours). Snacks are also available at the coffee shop/cafe. Wrap up your day with a drink at the bar/lounge. Full breakfasts are available daily from 7 AM to 11 AM for a fee.</p><p>Renovations : The following facilities are closed on Tuesday and Wednesday: <ul><li>Full-service spa</li><li>Sauna</li></ul> The following facilities are closed on Tuesday: <ul><li>Dining venue(s)</li></ul></p><p>CheckIn Instructions : <ul>  <li>Extra-person charges may apply and vary depending on property policy</li><li>Government-issued photo identification and a credit card may be required at check-in for incidental charges</li><li>Special requests are subject to availability upon check-in and may incur additional charges; special requests cannot be guaranteed</li><li>This property accepts credit cards; cash is not accepted</li><li>Safety features at this property include a smoke detector</li><li>Please note that cultural norms and guest policies may differ by country and by property; the policies listed are provided by the property</li>  </ul></p><p>Special Instructions : Front desk staff will greet guests on arrival.</p>",Garden Full-service spa Wedding services Boat tours nearby Free bicycles on site Luggage storage Porter/bellhop 24-hour front desk Scooter/moped rentals nearby Golfing nearby Snorkeling nearby Safe-deposit box at front desk Smoke-free property Hiking/biking trails nearby Sauna Surfing/bodyboarding nearby Kayaking nearby Conference space Valet parking (surcharge) Free pool cabanas Terrace Outdoor furniture Number of meeting rooms - 10 Conference space size (meters) - 1338 Swimming pool Sailing nearby Scuba diving nearby Free WiFi Number of bars/lounges - 1 Number of spa tubs - 1 Braille or raised signage Number of indoor pools - 1 Water skiing nearby In-room accessibility (in select rooms) Wheelchair accessible parking Roll-in shower (in select rooms) Accessible bathroom (in select rooms) Fireplace in lobby Eco-friendly toiletries Wheelchair-accessible lounge Wheelchair-accessible on-site restaurant No accessible shuttle Firepit Parasailing nearby Handrails in stairways Handrails in hallways Conference center Electric car charging station Breakfast available (surcharge) Number of accessible parking spaces - 1 Wheelchair-accessible meeting spaces/business center Coffee/tea in common areas Number of coffee shops/cafes - 1 elevator Fitness facilities Banquet hall Uncovered parking Wheelchair accessible (may have limitations) Ballroom Wheelchair-accessible path to elevator Wheelchair-accessible registration desk Television in common areas Windsurfing nearby Wheelchair-accessible pool Spa treatment room(s) ATM/banking Wheelchair accessible path of travel Conference space size (feet) - 14400,Distances are displayed to the nearest 0.1 mile and kilometer. <br /> <p>Ocean Drive Historic District - 0.1 km / 0.1 mi <br /> Newport Art Museum - 0.3 km / 0.2 mi <br /> Touro Synagogue - 0.3 km / 0.2 mi <br /> Old Stone Mill - 0.3 km / 0.2 mi <br /> Jane Pickens Theater - 0.5 km / 0.3 mi <br /> Thames Street - 0.6 km / 0.4 mi <br /> Queen Anne Square - 0.6 km / 0.4 mi <br /> White Horse Tavern - 0.6 km / 0.4 mi <br /> International Tennis Hall of Fame and Museum - 0.6 km / 0.4 mi <br /> Bowen s Wharf - 0.7 km / 0.4 mi <br /> St. Mary s Catholic Church - 0.8 km / 0.5 mi <br /> Bannister s Wharf - 0.8 km / 0.5 mi <br /> Newport Harbour - 0.8 km / 0.5 mi <br /> Kingscote Newport Mansion - 0.9 km / 0.5 mi <br /> Newport Visitor Information Center - 0.9 km / 0.6 mi <br /> </p><p>The nearest airports are:<br />T.F. Green Airport (PVD) - 43 km / 26.7 mi<br /> Newport  RI (NPT-Newport State) - 6.4 km / 4 mi<br /> North Kingstown  RI (NCO-Quonset State) - 27.7 km / 17.2 mi<br /> New Bedford  MA (EWB-New Bedford Regional) - 50 km / 31.1 mi<br /> Block Island  RI (BID-Block Island State) - 63.4 km / 39.4 mi<br /> </p><p>The preferred airport for Hotel Viking is T.F. Green Airport (PVD). </p>,1 Bellevue Avenue NewportRhode Island 02840 ,02840,4018473300,http://www.hotelviking.com
Rhode Island,,41.48521,-71.30751,Attwater Hotel,4.0,"Featuring on-site fitness facilities, The Attwater is located in Newport. Free WiFi access is available. Eastons Beach is just 5 minutes drive from the property.

An iPad and a flat-screen cable TV are provided in each guest room. A refrigerator is also included. Select suites have a seating area with a sofa. The private bathrooms are equipped with a hairdryer and bathrobes.

Guests at Newport The Attwater have access to a shared lounge.

The Cliffwalk is 2.5 km away from the hotel. Newport Country Club is 11 minutes drive. The property offers free parking. Guests are required to show a photo identification and credit card upon check-in. Please note that all Special Requests are subject to availability and additional charges may apply.
Please inform The Attwater in advance of your expected arrival time. You can use the Special Requests box when booking, or contact the property directly with the contact details provided in your confirmation.",Parking Fitness centre Non-smoking rooms Family rooms Free parking internet services Massage Heating wifi Free WiFi Air conditioning Sun terrace shared lounge/TV area Daily housekeeping parking on site Private parking wifi available in all areas,,22 Liberty Street NewportRhode Island 02840 ,02840,4018467444,https://www.booking.com/hotel/us/attwater.html
Rhode Island,,41.46432,-71.35643,Oceancliff I & II,5.0,"Located on Ocean Drive, Oceancliff I & II offers magnificent views of Narragansett Bay. The resort is located just minutes from Newports finest shops, nightlife, famous museums and mansions, and beautiful waterfront. Some of the resorts amenities include tennis courts, swimming pool and bay views. Oceancliff invites you to come discover the many pleasures of this unique resort. Guests are required to show a photo identification and credit card upon check-in. Please note that all Special Requests are subject to availability and additional charges may apply.",Parking Facilities for disabled guests Family rooms Free parking internet services BBQ facilities Heating wifi Indoor pool Free WiFi Air conditioning parking on site Private parking Swimming pool Swimming pool invoice provided,,Ridge Road Newport NewportRhode Island 02840 ,02840,4105240295,https://www.booking.com/hotel/us/oceancliff-i-ii.html
Rhode Island,,41.51503,-71.3012,Homewood Suites by Hilton Newport Middletown RI,3.0,"<p>HeadLine : Near Naval War College Museum</p><p>Location : When you stay at Homewood Suites by Hilton Newport Middletown, RI in Middletown, you ll be near the beach, within a 5-minute drive of Ocean Drive Historic District and Newport Vineyards.  This hotel is 3.4 mi (5.4 km) from Newport Mansions and 16.1 mi (25.9 km) from Narragansett Beach.</p><p>Rooms : Make yourself at home in one of the 92 air-conditioned rooms featuring kitchens with full-sized refrigerators/freezers and stovetops. Cable programming and MP3 docking stations are provided for your entertainment, while complimentary wired Internet access keeps you connected. Conveniences include safes and desks, as well as phones with free local calls.</p><p>Dining : Grab a bite from the snack bar/deli, or stay in and take advantage of the hotel s room service. A complimentary buffet breakfast is served daily from 6:00 AM to 10:30 AM.</p><p>CheckIn Instructions : <ul>  <li>Extra-person charges may apply and vary depending on property policy</li><li>Government-issued photo identification and a credit card, debit card, or cash deposit may be required at check-in for incidental charges</li><li>Special requests are subject to availability upon check-in and may incur additional charges; special requests cannot be guaranteed</li><li>This property accepts credit cards, debit cards, and cash</li><li>Safety features at this property include a smoke detector</li>  </ul></p><p>Special Instructions : Front desk staff will greet guests on arrival.</p>",Laundry facilities elevator Free self parking Fitness facilities ATM/banking Concierge services 24-hour business center Dry cleaning/laundry service Wheelchair accessible (may have limitations) Free grocery shopping service Wheelchair-accessible concierge desk Outdoor furniture Wheelchair-accessible van parking Fully fenced Outdoor entertainment area Meeting rooms Wheelchair-accessible path to elevator Swimming pool Wheelchair-accessible registration desk Free WiFi Braille or raised signage Well-lit path to entrance Number of indoor pools - 1 Water skiing nearby Garden In-room accessibility (in select rooms) Wheelchair accessible parking Stair-free path to entrance Free newspapers in lobby Roll-in shower (in select rooms) Tours/ticket assistance Accessible bathroom (in select rooms) Free Buffet Breakfast Luggage storage Free breakfast Grocery/convenience store Business center 24-hour front desk Daily Barbecue grill(s) Golfing nearby Safe-deposit box at front desk Snack bar/deli,Distances are displayed to the nearest 0.1 mile and kilometer. <br /> <p>Ocean Drive Historic District - 2.6 km / 1.6 mi <br /> Naval War College Museum - 2.8 km / 1.7 mi <br /> Thames Street - 3 km / 1.9 mi <br /> Newport Vineyards - 3 km / 1.9 mi <br /> White Horse Tavern - 3 km / 1.9 mi <br /> Jane Pickens Theater - 3.1 km / 2 mi <br /> Touro Synagogue - 3.2 km / 2 mi <br /> Newport Harbour - 3.4 km / 2.1 mi <br /> Newport Ferry Terminal - 3.5 km / 2.1 mi <br /> Newport Visitor Information Center - 3.5 km / 2.2 mi <br /> Queen Anne Square - 3.5 km / 2.2 mi <br /> Bowen s Wharf - 3.6 km / 2.2 mi <br /> Bannister s Wharf - 3.7 km / 2.3 mi <br /> St. Mary s Catholic Church - 3.7 km / 2.3 mi <br /> Cliff Walk - 3.8 km / 2.4 mi <br /> </p><p>The nearest airports are:<br />T.F. Green Airport (PVD) - 43.7 km / 27.1 mi<br /> Newport  RI (NPT-Newport State) - 2.7 km / 1.7 mi<br /> North Kingstown  RI (NCO-Quonset State) - 28 km / 17.4 mi<br /> New Bedford  MA (EWB-New Bedford Regional) - 45.8 km / 28.5 mi<br /> Block Island  RI (BID-Block Island State) - 64.9 km / 40.3 mi<br /> </p><p>The preferred airport for Homewood Suites by Hilton Newport Middletown  RI is T.F. Green Airport (PVD). </p>,348 West Main Road MiddletownRhode Island 02842 ,02842,4018482700,http://homewoodsuites3.hilton.com/en/hotels/rhode-island/homewood-suites-by-hilton-newport-middletown-ri-NPTMIHW/index.html
Rhode Island,,41.497564,-71.30451,Windsome Bed & Breakfast,3.0,"<p>HeadLine : In Newport (Off Broadway)</p><p>Location : With a stay at Windsome Bed & Breakfast in Newport (Off Broadway), you ll be within a 5-minute drive of Touro Synagogue and Newport Visitor Information Center.  This bed & breakfast is 1.1 mi (1.7 km) from Cliff Walk and 1.2 mi (1.9 km) from Bowen s Wharf.</p><p>Rooms : Make yourself at home in one of the 2 air-conditioned rooms featuring Smart televisions. Complimentary wireless Internet access keeps you connected, and cable programming is available for your entertainment. Bathrooms feature shower/tub combinations, complimentary toiletries, and hair dryers. Conveniences include complimentary bottled water and ceiling fans.</p><p>Dining : Full breakfasts are available daily from 7:00 AM to 9:30 AM for a fee.</p><p>CheckIn Instructions : <ul>  <li>Extra-person charges may apply and vary depending on property policy</li><li>Government-issued photo identification and a credit card, debit card, or cash deposit may be required at check-in for incidental charges</li><li>Special requests are subject to availability upon check-in and may incur additional charges; special requests cannot be guaranteed</li><li>This property accepts credit cards, debit cards, and cash</li><li>Noise-free guestrooms cannot be guaranteed</li>  </ul></p><p>Special Instructions : There is no front desk at this property. This property doesn t offer after-hours check-in. Guests will receive an email with check-in instructions and key retrieval information prior to arrival. Guests can access their accommodation through a private entrance.</p>",Off-street parking Uncovered parking Casino nearby Parking (limited spaces) Express check-out Express check-in Shared microwave Breakfast available (surcharge) Shared refrigerator Smoke-free property Free self parking Fireplace in lobby,Distances are displayed to the nearest 0.1 mile and kilometer. <br /> <p>Ocean Drive Historic District - 0.4 km / 0.2 mi <br /> White Horse Tavern - 1.4 km / 0.9 mi <br /> Touro Synagogue - 1.5 km / 0.9 mi <br /> Jane Pickens Theater - 1.5 km / 0.9 mi <br /> Thames Street - 1.5 km / 1 mi <br /> Cliff Walk - 1.7 km / 1.1 mi <br /> Newport Art Museum - 1.7 km / 1.1 mi <br /> Newport Ferry Terminal - 1.9 km / 1.1 mi <br /> Newport Visitor Information Center - 1.9 km / 1.2 mi <br /> Easton s Beach - 1.9 km / 1.2 mi <br /> Queen Anne Square - 1.9 km / 1.2 mi <br /> Newport Harbour - 1.9 km / 1.2 mi <br /> Old Stone Mill - 1.9 km / 1.2 mi <br /> Bowen s Wharf - 2 km / 1.2 mi <br /> St. Mary s Catholic Church - 2 km / 1.3 mi <br /> </p><p>The nearest airports are:<br />T.F. Green Airport (PVD) - 43.2 km / 26.8 mi<br /> Newport  RI (NPT-Newport State) - 5.5 km / 3.4 mi<br /> North Kingstown  RI (NCO-Quonset State) - 27.8 km / 17.3 mi<br /> New Bedford  MA (EWB-New Bedford Regional) - 47.9 km / 29.8 mi<br /> Block Island  RI (BID-Block Island State) - 63.6 km / 39.5 mi<br /> </p><p>The preferred airport for Windsome Bed & Breakfast is T.F. Green Airport (PVD). </p>,81 Gibbs Avenue NewportRhode Island 02840 ,02840,4018463736,http://windsome.com/
Rhode Island,,41.48931,-71.31348,Clarkeston Inn,3.0,"Nestled in the center of Newports historic district, this fully restored inn is listed on the National Register of Historic Places and features unique guestrooms with fireplaces and spa baths. A cooked-to-order breakfast is on offer.

Each room at the Clarkeston Inn is named and decorated after famous personalities from the citys history.

Only 2 blocks from the vibrant shops and harbor of Newport, the Clarkeston provides guests with an ideal location. A variety of fine dining, antique shops and art galleries are nearby. Guests are required to show a photo identification and credit card upon check-in. Please note that all Special Requests are subject to availability and additional charges may apply.
Please note that the check-in location is the following:

Cleveland House
27 Clarke Street
Newport, RI 02840",Parking Non-smoking rooms Free parking internet services Heating wifi Free WiFi Air conditioning parking on site wifi available in all areas invoice provided,,28 Clarke Street NewportRhode Island 02840 ,02840,28035798728,https://www.booking.com/hotel/us/clarkeston-inn.html
Rhode Island,,41.48746,-71.30938,Hydrangea House Inn,4.0,"Situated within 500  metres of Touro Synagogue and the International Tennis Hall of Fame in Newport.

All air conditioned rooms feature a fireplace, flat-screen TV and bathrobes. Suites offer a refrigerator and spa bath.

A gourmet breakfast can be enjoyed at the property and homemade chocolate chip cookies are served nightly.

Complimentary wine and cheese is served daily in the parlor or on one of the porches at the property.

Rosecliff Mansion is 1 km from Hydrangea House Inn. The nearest airport is T.F. Green Airport, 28 km from the accommodation. Guests are required to show a photo identification and credit card upon check-in. Please note that all Special Requests are subject to availability and additional charges may apply.",Parking Garden Non-smoking rooms Free parking internet services wifi Free WiFi Non-smoking throughout Air conditioning concierge service Daily housekeeping parking on site use of cleaning chemicals that are effective against coronavirus linens  towels and laundry washed in accordance with local authority guidelines guest accommodation is disinfected between stays physical distancing in dining areas staff follow all safety protocols as directed by local authorities hand sanitizer in guest accommodation and key areas cashless payment available physical distancing rules followed property is cleaned by professional cleaning companies all plates  cutlery  glasses and other tableware have been sanitized guests have the option to cancel any cleaning services for their accommodation during their stay,,16 Bellevue Avenue NewportRhode Island 02840 ,02840,4018464435,https://www.booking.com/hotel/us/hydrangea-house-inn.html
Rhode Island,,41.508968,-71.312767,Mainstay Hotel And Conference Center,4.0,"<p>HeadLine : Near Bowen s Wharf</p><p>Location : With a stay at Wayfinder Hotel, you ll be centrally located in Newport, within a 10-minute drive of Thames Street and Bowen s Wharf.  This 4-star hotel is 2.7 mi (4.3 km) from Newport Mansions and 1.8 mi (3 km) from Newport Harbour.</p><p>Rooms : Make yourself at home in one of the 197 guestrooms. Your pillowtop bed comes with premium bedding. Complimentary wireless Internet access is available to keep you connected. Bathrooms feature showers, designer toiletries, and hair dryers.</p><p>Dining : Enjoy a meal at the restaurant or snacks in the coffee shop/cafe. The hotel also offers 24-hour room service. Quench your thirst with your favorite drink at the bar/lounge. Cooked-to-order breakfasts are available daily from 7:00 AM to 1:00 PM for a fee.</p><p>CheckIn Instructions : <ul>  <li>Extra-person charges may apply and vary depending on property policy</li><li>Government-issued photo identification and a credit card, debit card, or cash deposit may be required at check-in for incidental charges</li><li>Special requests are subject to availability upon check-in and may incur additional charges; special requests cannot be guaranteed</li><li>This property accepts credit cards, debit cards, and cash</li><li>This property reserves the right to pre-authorize the guest s credit card prior to arrival.</li>  </ul></p><p>Special Instructions : Front desk staff will greet guests on arrival.</p>",Wheelchair-accessible on-site restaurant Express check-in Handrails in stairways elevator Number of bars/lounges - 1 24-hour front desk Uncovered parking Tours/ticket assistance Free self parking Dry cleaning/laundry service Free WiFi Smoke-free property Number of coffee shops/cafes - 1 Outdoor seasonal pool Food and water bowls Safe-deposit box at front desk Luggage storage Free RV  bus  truck parking Breakfast available (surcharge) Concierge services Conference center Ballroom Wheelchair accessible (may have limitations) Reception hall Laundry facilities Wheelchair accessible path of travel Accessible bathroom 24-hour fitness facilities Roll-in shower Wheelchair accessible parking In-room accessibility Wheelchair-accessible van parking Wheelchair-accessible path to elevator Wheelchair-accessible pool,Distances are displayed to the nearest 0.1 mile and kilometer. <br /> <p>Newport Playhouse - 1 km / 0.6 mi <br /> Naval War College Museum - 1.3 km / 0.8 mi <br /> Firehouse Theater - 2.1 km / 1.3 mi <br /> Thames Street - 2.3 km / 1.4 mi <br /> Old Colony and Newport Railway - 2.4 km / 1.5 mi <br /> White Horse Tavern - 2.4 km / 1.5 mi <br /> Newport Visitor Information Center - 2.6 km / 1.6 mi <br /> Museum of Newport History - 2.6 km / 1.6 mi <br /> Hunter House - 2.7 km / 1.7 mi <br /> Storer Park - 2.7 km / 1.7 mi <br /> Jane Pickens Theater - 2.7 km / 1.7 mi <br /> Touro Synagogue - 2.8 km / 1.7 mi <br /> Newport Historical Society - 2.8 km / 1.7 mi <br /> Newport Ferry Terminal - 2.8 km / 1.8 mi <br /> Queen Anne Square - 2.9 km / 1.8 mi <br /> </p><p>The nearest airports are:<br />T.F. Green Airport (PVD) - 41.9 km / 26 mi<br /> Newport  RI (NPT-Newport State) - 4.7 km / 2.9 mi<br /> North Kingstown  RI (NCO-Quonset State) - 26.6 km / 16.5 mi<br /> New Bedford  MA (EWB-New Bedford Regional) - 47.6 km / 29.6 mi<br /> Block Island  RI (BID-Block Island State) - 62.3 km / 38.7 mi<br /> </p><p></p>,151 Admiral Kalbfus Road 02840 NewportRhode Island ,02840,4018499880,http://www.mainstayhotelnewport.com/
Rhode Island,,41.665123,-71.291813,Point Pleasant Inn & Resort,3.0,"<p>HeadLine : Near Coggeshall Farm Museum</p><p>Location : With a stay at Point Pleasant Inn & Resort in Bristol, you ll be within a 5-minute drive of Colt State Park and Coggeshall Farm Museum.  This bed & breakfast is 16.5 mi (26.5 km) from Thames Street and 16.8 mi (27 km) from Easton s Beach.</p><p>Rooms : Make yourself at home in one of the 7 air-conditioned rooms featuring DVD players. Complimentary wireless Internet access is available to keep you connected. Bathrooms have hair dryers and bathrobes. Conveniences include phones and complimentary bottled water, and housekeeping is provided daily.</p><p>Dining : Quench your thirst with your favorite drink at the bar/lounge. A complimentary buffet breakfast is served on weekends from 9 AM to 11 AM.</p><p>Renovations : This property is closed from May 11 2021 to December 31 2021 (dates subject to change).   The property is closed between October 31 and May 20.</p><p>CheckIn Instructions : <ul>  <li>Extra-person charges may apply and vary depending on property policy</li><li>Government-issued photo identification and a credit card, debit card, or cash deposit may be required at check-in for incidental charges</li><li>Special requests are subject to availability upon check-in and may incur additional charges; special requests cannot be guaranteed</li><li>This property accepts credit cards</li>  </ul></p><p>Special Instructions : Guests must contact the property for check-in instructions.</p>",Smoke-free property Garden Tennis on site Free newspapers in lobby Barbecue grill(s) Library Terrace Bar/lounge Luggage storage Fitness facilities Front desk (limited hours) Laundry facilities Free breakfast Business center Billiards or pool table Meeting rooms Free self parking Free WiFi Sauna Outdoor pool,Distances are displayed to the nearest 0.1 mile and kilometer. <br /> <p>Colt State Park - 0.7 km / 0.4 mi <br /> Coggeshall Farm Museum - 1.7 km / 1.1 mi <br /> Musee Patamecanique - 4.1 km / 2.6 mi <br /> Hope Street - 4.3 km / 2.7 mi <br /> Herreshoff Marine Museum - 5.2 km / 3.2 mi <br /> Blithewold Mansion Gardens and Arboretum - 6.4 km / 4 mi <br /> Roger Williams University - 7.7 km / 4.8 mi <br /> Newport Bridge - 9 km / 5.6 mi <br /> Green Animals Topiary Gardens - 14.8 km / 9.2 mi <br /> Fort Barton - 15.8 km / 9.8 mi <br /> Fantasyland - 17.3 km / 10.8 mi <br /> Seekonk Speedway - 17.5 km / 10.9 mi <br /> Crescent Park Looff Carousel - 17.6 km / 11 mi <br /> Seekonk Grand Prix - 19.5 km / 12.1 mi <br /> Cape Verdean Museum - 21.3 km / 13.2 mi <br /> </p><p>The nearest airports are:<br />T.F. Green Airport (PVD) - 42.1 km / 26.1 mi<br /> North Kingstown  RI (NCO-Quonset State) - 58.9 km / 36.6 mi<br /> Newport  RI (NPT-Newport State) - 22.7 km / 14.1 mi<br /> New Bedford  MA (EWB-New Bedford Regional) - 42.3 km / 26.3 mi<br /> Pawtucket  RI (SFZ-North Central State) - 44.5 km / 27.7 mi<br /> </p><p>The preferred airport for Point Pleasant Inn & Resort is T.F. Green Airport (PVD). </p>,Poppasquash Road 333 333 02809 Bristol BristolRhode Island 02809 ,02809,4012530627,http://www.pointpleasantinn.com/
Rhode Island,,41.66696,-71.27224,William's Grant Inn Bed and Breakfast,5.0,"This bed and breakfast is one block from Bristol Harbor, which is part of Narragansett Bay. The inn offers a daily homemade breakfast and free Wi-Fi.

Guestrooms at the Williams Grant Inn Bed and Breakfast are uniquely decorated in regional themes. Each room has a private bathroom with robes and a hair dryer.

The Williams Grant Inn perfectly located to explore the area. Colt State Park is 2 miles from the inn. Roger Williams University and Blithewold Mansion and Arboretum are within a 5-minute drive of the inn. Guests are required to show a photo identification and credit card upon check-in. Please note that all Special Requests are subject to availability and additional charges may apply.
Please inform Williams Grant Inn Bed and Breakfast in advance of your expected arrival time. You can use the Special Requests box when booking, or contact the property directly with the contact details provided in your confirmation.
In accordance with government guidelines to minimise transmission of the Coronavirus (COVID-19), this property currently isnt accepting guests from certain countries, during dates where such guidelines exist.
In response to Coronavirus (COVID-19), additional safety and sanitation measures are in effect at this property.
Due to Coronavirus (COVID-19), this property is taking steps to help protect the safety of guests and staff. Certain services and amenities may be reduced or unavailable as a result.
In accordance with government guidelines to minimise transmission of the Coronavirus (COVID-19), this property may request additional documentation from guests to validate identity, travel itinerary and other relevant information, during dates where such guidelines exist.",Parking Golf course (within 3 km) Garden Terrace Non-smoking rooms Games room Free parking internet services express check-in/check-out Heating Luggage storage wifi Allergy-free room Free WiFi Non-smoking throughout Air conditioning Sun terrace Private check-in/check-out Special diet menus (on request) shared lounge/TV area Adult only parking on site wifi available in all areas board games/puzzles Street parking Accessible parking Outdoor furniture Picnic area Key access Smoke alarms Fire extinguishers use of cleaning chemicals that are effective against coronavirus linens  towels and laundry washed in accordance with local authority guidelines guest accommodation is disinfected between stays guest accommodation sealed after cleaning physical distancing in dining areas staff follow all safety protocols as directed by local authorities shared stationery such as printed menus  magazines  pens  and paper removed hand sanitizer in guest accommodation and key areas process in place to check health of guests first aid kit available contactless check-in/check-out cashless payment available physical distancing rules followed invoice provided all plates  cutlery  glasses and other tableware have been sanitized guests have the option to cancel any cleaning services for their accommodation during their stay,,154 High Street BristolRhode Island 02809 ,02809,4012534222,https://www.booking.com/hotel/us/william-s-grant-inn.html
Rhode Island,,41.47693,-71.30614,Ivy Lodge,4.0,"This Victorian-style bed and breakfast in Newports Mansion District is less than 1 mile from Newport Harbor. It offers a terrace and elegant rooms with a fireplace and flat-screen TV.

Each of Ivy Lodges rooms provides a DVD player, CD player and free Wi-Fi. The rooms are brightly decorated.

The lodge features a 33-foot gothic oak entry hall and a fireplace in the spacious living room.

Guests can enjoy a full made-to-order breakfast that includes baked apples and homemade breads.

Ivy Lodge is less than 1 mile from Newport Art Museum, Rose Island Light House and Salve Regina University. Please inform Ivy Lodge in advance of your expected arrival time. You can use the Special Requests box when booking, or contact the property directly with the contact details provided in your confirmation.
Guests are required to show a photo identification and credit card upon check-in. Please note that all Special Requests are subject to availability and additional charges may apply.
In response to Coronavirus (COVID-19), additional safety and sanitation measures are in effect at this property.
In accordance with government guidelines to minimise transmission of the Coronavirus (COVID-19), this property may request additional documentation from guests to validate identity, travel itinerary and other relevant information, during dates where such guidelines exist.
The property offers one parking spot per reservation.",face masks for guests available shared lounge/TV area Daily housekeeping parking on site wifi available in all areas board games/puzzles secured parking Accessible parking Outdoor furniture Key access Smoke alarms Fire extinguishers bicycle rental use of cleaning chemicals that are effective against coronavirus linens  towels and laundry washed in accordance with local authority guidelines guest accommodation is disinfected between stays guest accommodation sealed after cleaning physical distancing in dining areas staff follow all safety protocols as directed by local authorities shared stationery such as printed menus  magazines  pens  and paper removed hand sanitizer in guest accommodation and key areas process in place to check health of guests first aid kit available contactless check-in/check-out cashless payment available physical distancing rules followed screens or physical barriers placed between staff and guests in appropriate areas invoice provided all plates  cutlery  glasses and other tableware have been sanitized guests have the option to cancel any cleaning services for their accommodation during their stay Parking Garden Terrace Non-smoking rooms Laundry Free parking internet services express check-in/check-out Heating Fax/photocopying wifi Free WiFi Non-smoking throughout Air conditioning designated smoking area concierge service Private check-in/check-out,,12 Clay Street NewportRhode Island 02840 ,02840,8008346865,https://www.booking.com/hotel/us/ivy-lodge.html
Rhode Island,,41.48895,-71.31358,Cleveland House Inn,3.0,"Located one block from the shops and harbor of Newport, this Victorian inn features private marble baths, off-street parking, and free Wi-Fi.

The rooms at The Cleveland House are furnished with canopy, sleigh, or 4-post beds.  They are equipped with a TV and air conditioning.

The staff at this Newport inn speak fluent French.  Breakfast is served in the mornings.

The United States War College is a mile from The Cleveland House.  Goat Island is 5 minutes from the property. Guests planning to arrive after 18:00 must contact the property in advance.",internet services Heating wifi Free WiFi Air conditioning parking on site wifi available in all areas Parking Non-smoking rooms Free parking,,27 Clarke St. NewportRhode Island 02840 ,02840,4018485300,https://www.booking.com/hotel/us/the-c-house-newport-rhode-island.html
Rhode Island,,41.48595,-71.31262,Newport Blues Inn,5.0,"Set 1.3 km from King Park Beach in Newport, Paws on Pelham offers accommodation with air conditioning and free WiFi.

The bed and breakfast offers a flat-screen TV and a private bathroom with free toiletries, a hairdryer and shower.

A continental breakfast is available every morning at Paws on Pelham.

Popular points of interest near the accommodation include Eastons Beach, International Tennis Hall of Fame and Rosecliff Mansion. The nearest airport is T.F. Green Airport, 43 km from Paws on Pelham. Guests are required to show a photo identification and credit card upon check-in. Please note that all Special Requests are subject to availability and additional charges may apply.
Please inform Paws on Pelham in advance of your expected arrival time. You can use the Special Requests box when booking, or contact the property directly with the contact details provided in your confirmation.
This property will not accommodate hen, stag or similar parties.
In response to Coronavirus (COVID-19), additional safety and sanitation measures are in effect at this property.",Parking Pets allowed Non-smoking rooms Free parking internet services express check-in/check-out Heating wifi Free WiFi Non-smoking throughout Air conditioning Private check-in/check-out Daily housekeeping wifi available in all areas secured parking Pet bowls Outdoor furniture Smoke alarms invoice provided,,Pelham Street 96 2840 Newport Newport 02840Rhode Island ,02840,4018474400,http://www.newportbluesinn.com/
Rhode Island,,41.492594,-71.320642,Sarah Kendall House,3.0,"<p>HeadLine : In Newport (The Point)</p><p>Location : With a stay at Sarah Kendall House in Newport (The Point), you ll be a 4-minute walk from Newport Harbour and 5 minutes by foot from Newport Visitor Information Center.  This bed & breakfast is 1.8 mi (2.9 km) from Newport Mansions and 15.6 mi (25.1 km) from Narragansett Beach.</p><p>Rooms : Treat yourself to a stay in one of the 5 individually decorated guestrooms, featuring fireplaces and flat-screen televisions. Complimentary wireless Internet access keeps you connected, and cable programming is available for your entertainment.</p><p>Dining : Cooked-to-order breakfasts are available daily from 8:00 AM to 9:30 AM for a fee.</p><p>CheckIn Instructions : <ul>  <li>Extra-person charges may apply and vary depending on property policy</li><li>Government-issued photo identification and a credit card, debit card, or cash deposit may be required at check-in for incidental charges</li><li>Special requests are subject to availability upon check-in and may incur additional charges; special requests cannot be guaranteed</li><li>This property accepts credit cards and debit cards; cash is not accepted</li><li>Safety features at this property include a carbon monoxide detector, a fire extinguisher, a smoke detector, a security system, and a first aid kit</li>  </ul></p><p>Special Instructions : The front desk is open daily from 9:00 AM - 4:00 PM. This property doesn t offer after-hours check-in. To make arrangements for check-in please contact the property at least 48 hours before arrival using the information on the booking confirmation. Guests must contact the property in advance for check-in instructions. Front desk staff will greet guests on arrival.</p>",Dry cleaning/laundry service Uncovered parking Wheelchair accessible  no Business center Front desk (limited hours) Breakfast available (surcharge) Free WiFi Upper floors accessible by stairs only Smoke-free property Bicycle rentals nearby Laundry facilities Internet access - wireless Kayaking nearby Free self parking,Distances are displayed to the nearest 0.1 mile and kilometer. <br /> <p>Newport Harbour - 0.3 km / 0.2 mi <br /> Newport Visitor Information Center - 0.4 km / 0.3 mi <br /> Thames Street - 0.5 km / 0.3 mi <br /> Regatta Place - 0.7 km / 0.5 mi <br /> White Horse Tavern - 0.7 km / 0.5 mi <br /> Jane Pickens Theater - 0.9 km / 0.5 mi <br /> Belle Mer - 0.9 km / 0.6 mi <br /> Queen Anne Square - 1 km / 0.6 mi <br /> Touro Synagogue - 1 km / 0.6 mi <br /> Bannister s Wharf - 1.1 km / 0.7 mi <br /> Bowen s Wharf - 1.1 km / 0.7 mi <br /> Ocean Drive Historic District - 1.4 km / 0.9 mi <br /> St. Mary s Catholic Church - 1.4 km / 0.9 mi <br /> Old Stone Mill - 1.6 km / 1 mi <br /> International Tennis Hall of Fame and Museum - 1.9 km / 1.2 mi <br /> </p><p>The nearest airports are:<br />T.F. Green Airport (PVD) - 42.6 km / 26.5 mi<br /> Newport  RI (NPT-Newport State) - 6.6 km / 4.1 mi<br /> North Kingstown  RI (NCO-Quonset State) - 27.3 km / 17 mi<br /> New Bedford  MA (EWB-New Bedford Regional) - 50.1 km / 31.1 mi<br /> Block Island  RI (BID-Block Island State) - 63.9 km / 39.7 mi<br /> </p><p>The preferred airport for Sarah Kendall House is T.F. Green Airport (PVD). </p>,Washington Street 47 47 02840 Newport NewportRhode Island 02840 ,02840,4018467976,http://www.sarahkendallhouse.com
Rhode Island,,41.47637,-71.31147,Artful Lodger,,"Situated on Newport Harbor, this guest accommodation is just a 4-minute walk from Elms Mansion.  It boasts a fresh-made breakfast each morning and offers free Wi-Fi in all guest rooms.

Every Artful Lodger room features individual décor and a private bathroom.  A cable TV and a telephone are included.

Guests will enjoy the Lodger Artful breakfast area where food is served by floor-to-ceiling windows with a view of the harbor.

Bellevue Shopping Center and Salve Regina University are each within a 2-minute drive of the guest accommodation.  Newport Naval Complex is 5 miles away. Guests are required to show a photo identification and credit card upon check-in. Please note that all Special Requests are subject to availability and additional charges may apply.
Please inform Artful Lodger in advance of your expected arrival time. You can use the Special Requests box when booking, or contact the property directly with the contact details provided in your confirmation.
In the event of an early departure, the property will charge you the full amount for your stay.
Payment before arrival via bank transfer is required. The property will contact you after you book to provide instructions.
Please note, only children that are 16 years of age or older can be accommodated at this property.

Please note, the property will contact you in advance of arrival with check-in and parking instructions.",cashless payment available Parking meeting/banquet facilities Tennis Court Garden Terrace Non-smoking rooms Fishing Free parking internet services express check-in/check-out Billiards Karaoke Windsurfing Canoeing Hiking Cycling Diving Squash Snorkelling wifi Allergy-free room Free WiFi Non-smoking throughout Air conditioning concierge service water sport facilities on site Adult only Daily housekeeping parking on site secured parking sun loungers or beach chairs Sun umbrellas Outdoor fireplace Fitness Beach Pub crawls,,503 Spring Street 02840 NewportRhode Island ,02840,4018463555,https://www.booking.com/hotel/us/artful-lodger.html
Rhode Island,,41.48417,-71.31362,Fair Street Guest House,3.0,"This historic 1700s bed and breakfast is just a 3-minute walk from Newport Harbor. It features a private pond, gardens and free Wi-Fi in each of its individually decorated rooms.

The bright rooms at Fair Street Guest House include cable TV and a seating area. They also provide ironing facilities and a hairdryer. Some rooms have a ceiling fan.

Guests can enjoy a cooked-to-order breakfast that includes eggs, seasonal fruits and pancakes or French toast. A kitchenette is available to guests, as is outdoor garden seating.

Fair Street Bed and Breakfast is 1 block from Classic Cruises of Newport and a 9-minute walk from the Museum of Newport History. Newport Country Club and Ocean Drive State Park are 3 miles away. Guests are required to show a photo identification and credit card upon check-in. Please note that all Special Requests are subject to availability and additional charges may apply.
Upon check-in photo identification and credit card is required. All special requests are subject to availability upon check-in. Special requests cannot be guaranteed and may incur additional charges.",Parking Garden Non-smoking rooms Free parking internet services Heating wifi Free WiFi Air conditioning designated smoking area Sun terrace shared lounge/TV area parking on site Private parking wifi available in all areas secured parking Outdoor furniture use of cleaning chemicals that are effective against coronavirus linens  towels and laundry washed in accordance with local authority guidelines guest accommodation is disinfected between stays guest accommodation sealed after cleaning physical distancing in dining areas food can be delivered to guest accommodation staff follow all safety protocols as directed by local authorities shared stationery such as printed menus  magazines  pens  and paper removed hand sanitizer in guest accommodation and key areas contactless check-in/check-out cashless payment available physical distancing rules followed property is cleaned by professional cleaning companies all plates  cutlery  glasses and other tableware have been sanitized guests have the option to cancel any cleaning services for their accommodation during their stay breakfast takeaway containers delivered food is securely covered face masks for guests available,,28 Fair Street 02840 NewportRhode Island ,02840,4016192800,https://www.booking.com/hotel/us/fair-street-guest-house.html
Rhode Island,,41.48117,-71.31233,Samuel Durfee House B&B,3.0,"Situated in Newport in the Rhode Island region, with King Park Beach and Eastons Beach nearby, Samuel Durfee House features accommodation with free WiFi and free private parking.

All units feature air conditioning and a cable flat-screen TV. There is a private bathroom with bath in some units, along with free toiletries, a hairdryer and bathrobes.

The bed and breakfast offers a continental or Full English/Irish breakfast.

Popular points of interest near Samuel Durfee House include International Tennis Hall of Fame, Rosecliff Mansion and The Preservation Society of Newport County. The nearest airport is T.F. Green Airport, 44 km from the accommodation. Guests are required to show a photo identification and credit card upon check-in. Please note that all Special Requests are subject to availability and additional charges may apply.
In response to Coronavirus (COVID-19), additional safety and sanitation measures are in effect at this property.
Due to Coronavirus (COVID-19), this property is taking steps to help protect the safety of guests and staff. Certain services and amenities may be reduced or unavailable as a result.",Parking Non-smoking rooms Free parking internet services Heating wifi Free WiFi Non-smoking throughout Air conditioning parking on site Private parking wifi available in all areas secured parking Fruits Outdoor furniture Smoke alarms CCTV in common areas CCTV outside property Fire extinguishers use of cleaning chemicals that are effective against coronavirus linens  towels and laundry washed in accordance with local authority guidelines guest accommodation is disinfected between stays guest accommodation sealed after cleaning physical distancing in dining areas food can be delivered to guest accommodation staff follow all safety protocols as directed by local authorities shared stationery such as printed menus  magazines  pens  and paper removed hand sanitizer in guest accommodation and key areas process in place to check health of guests first aid kit available contactless check-in/check-out cashless payment available physical distancing rules followed property is cleaned by professional cleaning companies all plates  cutlery  glasses and other tableware have been sanitized guests have the option to cancel any cleaning services for their accommodation during their stay breakfast takeaway containers delivered food is securely covered face masks for guests available,,Spring Street 352 352 02840 Newport 02840 NewportRhode Island ,02840,4018472750,https://www.booking.com/hotel/us/samuel-durfee-house-newport.html
Rhode Island,,41.48453,-71.3138,Burbank Rose Inn Bed & Breakfast,3.0,"Situated on Newport Harbor, this charming inn is one mile from the beach and a 1-minute walk from downtown Newports restaurants and shops.  It offers bright rooms and free Wi-Fi.

Each accommodation at the Newport Burbankrose Inn includes a private bathroom and a seating area.  The walls are decorated with works of art and the windows let in plenty of natural light.

The Newport Opera House is a 10-minute drive from the Burbankrose Inn Bed & Breakfast.  Newport State Airport is 5 miles from the property. Guests are required to show a photo identification and credit card upon check-in. Please note that all Special Requests are subject to availability and additional charges may apply.
This property will not accommodate hen, stag or similar parties.
Please note, parking is limited to one space per room. Charges may vary.

Please note, parking rates vary seasonally from USD 10 to USD 20. Contact the property for more information.",Parking Non-smoking rooms Family rooms internet services Heating wifi Free WiFi Non-smoking throughout Air conditioning Accessible parking Outdoor furniture Key access Smoke alarms Fire extinguishers use of cleaning chemicals that are effective against coronavirus linens  towels and laundry washed in accordance with local authority guidelines guest accommodation is disinfected between stays cashless payment available invoice provided delivered food is securely covered,,111 Memorial Boulevard West 02840 NewportRhode Island ,02840,4018499457,https://www.booking.com/hotel/us/burbankrose-inn-bed-breakfast.html
Rhode Island,,41.49589,-71.28372,Wyndham Newport Hotel,4.0,"<p>HeadLine : Near Atlantic Beach</p><p>Location : Located in Middletown, Wyndham Newport Hotel is connected to the convention center, a 5-minute drive from International Tennis Hall of Fame and Museum and 5 minutes from Newport Mansions.  This 4-star hotel is 2.3 mi (3.6 km) from Touro Synagogue and 2.6 mi (4.1 km) from Thames Street.</p><p>Rooms : Make yourself at home in one of the 143 air-conditioned rooms featuring LED televisions. Your pillowtop bed comes with premium bedding. Cable television is provided for your entertainment. Private bathrooms have designer toiletries and hair dryers.</p><p>Dining : Satisfy your appetite for lunch, dinner, or brunch at Johnny s Restaurant, a restaurant which specializes in American cuisine, or stay in and take advantage of the room service (during limited hours). Relax with a refreshing drink at one of the 2 bars/lounges. Cooked-to-order breakfasts are available daily from 7:30 AM to 11:00 AM for a fee.</p><p>CheckIn Instructions : <ul>  <li>Extra-person charges may apply and vary depending on property policy</li><li>Government-issued photo identification and a credit card, debit card, or cash deposit may be required at check-in for incidental charges</li><li>Special requests are subject to availability upon check-in and may incur additional charges; special requests cannot be guaranteed</li><li>This property accepts credit cards, debit cards, and cash</li><li>Noise-free guestrooms cannot be guaranteed</li><li>Safety features at this property include a carbon monoxide detector, a fire extinguisher, a smoke detector, a security system, a first aid kit, and window guards</li><li>Please note that cultural norms and guest policies may differ by country and by property; the policies listed are provided by the property</li>  </ul> <ul>  <li>Guests must contact this property in advance to reserve large truck or trailer parking.</li>  </ul></p><p>Special Instructions : Front desk staff will greet guests on arrival. For more details, please contact the property using the information on the booking confirmation.</p>",Golfing nearby Safe-deposit box at front desk Smoke-free property Hiking/biking trails nearby Surfing/bodyboarding nearby Kayaking nearby Free self parking Conference space Computer station Terrace ATM/banking Pool sun loungers Conference space size (feet) - 25000 24-hour business center Gift shops or newsstand Dry cleaning/laundry service Pool umbrellas Number of meeting rooms - 9 Conference space size (meters) - 2323 Sailing nearby Number of bars/lounges - 2 Number of indoor pools - 1 In-room accessibility (in select rooms) Bicycle rentals nearby Fireplace in lobby Golf lessons available nearby Firepit Conference center Breakfast available (surcharge) Laundry facilities elevator Fitness facilities Banquet hall Wheelchair accessible (may have limitations) Wheelchair accessible Ballroom Vending machine Reception hall Wheelchair-accessible registration desk Television in common areas Windsurfing nearby Skydiving Nearby Garden Free newspapers in lobby Wedding services Free area shuttle Luggage storage 24-hour front desk Scooter/moped rentals nearby,Distances are displayed to the nearest 0.1 mile and kilometer. <br /> <p>Atlantic Beach - 1 km / 0.6 mi <br /> Easton s Beach - 1.1 km / 0.7 mi <br /> Cliff Walk - 1.9 km / 1.2 mi <br /> Second Beach - 2.2 km / 1.4 mi <br /> Ocean Drive Historic District - 2.9 km / 1.8 mi <br /> Newport Art Museum - 3 km / 1.9 mi <br /> International Tennis Hall of Fame and Museum - 3.1 km / 1.9 mi <br /> Old Stone Mill - 3.2 km / 2 mi <br /> Salve Regina University - 3.2 km / 2 mi <br /> Kingscote Newport Mansion - 3.2 km / 2 mi <br /> St. Mary s Catholic Church - 3.3 km / 2.1 mi <br /> The Elms - 3.5 km / 2.2 mi <br /> Touro Synagogue - 3.5 km / 2.2 mi <br /> Queen Anne Square - 3.6 km / 2.2 mi <br /> Bowen s Wharf - 3.6 km / 2.3 mi <br /> </p><p>The nearest airports are:<br />T.F. Green Airport (PVD) - 45 km / 28 mi<br /> Newport  RI (NPT-Newport State) - 4.5 km / 2.8 mi<br /> North Kingstown  RI (NCO-Quonset State) - 29.7 km / 18.4 mi<br /> New Bedford  MA (EWB-New Bedford Regional) - 48.7 km / 30.3 mi<br /> Block Island  RI (BID-Block Island State) - 65.5 km / 40.7 mi<br /> </p><p>The preferred airport for Wyndham Newport Hotel is T.F. Green Airport (PVD). </p>,240 Aquidneck Avenue MiddletownRhode Island 02842 ,02842,4012362020,http://www.knightsinn.com/hotels/rhode-island/middletown/knights-inn-middletown/hotel-overview
Rhode Island,,41.490449,-71.285934,Newport Beach Hotel & Suites,3.0,"<p>HeadLine : Near Easton s Beach</p><p>Location : When you a stay at Newport Beach Hotel & Suites in Middletown, you ll be on the beach, within a 5-minute walk of Easton s Beach and Atlantic Beach.  This beach hotel is 1.9 mi (3.1 km) from Newport Mansions and 17.5 mi (28.2 km) from Narragansett Beach.</p><p>Rooms : Make yourself at home in one of the 71 guestrooms featuring refrigerators and microwaves. Your pillowtop bed comes with down comforters and premium bedding. 37-inch plasma televisions with satellite programming provide entertainment, while complimentary wireless Internet access keeps you connected. Private bathrooms with shower/tub combinations feature designer toiletries and hair dryers.</p><p>CheckIn Instructions : <ul>  <li>Extra-person charges may apply and vary depending on property policy</li><li>Government-issued photo identification and a credit card may be required at check-in for incidental charges</li><li>Special requests are subject to availability upon check-in and may incur additional charges; special requests cannot be guaranteed</li><li>This property accepts credit cards; cash is not accepted</li>  </ul></p><p>Special Instructions : Front desk staff will greet guests on arrival.</p>",Wheelchair accessible parking Roll-in shower (in select rooms) Accessible bathroom (in select rooms) Beach towels Free bicycles on site Yoga classes/instruction on site Rooftop terrace Luggage storage Business center 24-hour front desk Electric car charging station Golfing nearby Spa services on site Safe-deposit box at front desk Laundry facilities elevator Fitness facilities Dry cleaning/laundry service Number of meeting rooms - 1 Conference space size (meters) - 279 Sailing nearby Free WiFi Health club Spa treatment room(s) Designated smoking areas Braille or raised signage Assistive listening devices available Number of indoor pools - 1 Picnic area In-room accessibility (in select rooms) Conference space Terrace ATM/banking Wheelchair accessible path of travel Conference space size (feet) - 3000 Pilates classes on site,Distances are displayed to the nearest 0.1 mile and kilometer. <br /> <p>Easton s Beach - 0.3 km / 0.2 mi <br /> Atlantic Beach - 0.3 km / 0.2 mi <br /> Cliff Walk - 1.2 km / 0.7 mi <br /> Ocean Drive Historic District - 1.3 km / 0.8 mi <br /> Second Beach - 1.7 km / 1.1 mi <br /> International Tennis Hall of Fame and Museum - 2.3 km / 1.4 mi <br /> Newport Art Museum - 2.4 km / 1.5 mi <br /> Old Stone Mill - 2.4 km / 1.5 mi <br /> Salve Regina University - 2.4 km / 1.5 mi <br /> St. Mary s Catholic Church - 2.6 km / 1.6 mi <br /> Kingscote Newport Mansion - 2.6 km / 1.6 mi <br /> Bowen s Wharf - 2.8 km / 1.7 mi <br /> The Elms - 2.8 km / 1.8 mi <br /> Thames Street - 2.9 km / 1.8 mi <br /> Queen Anne Square - 2.9 km / 1.8 mi <br /> </p><p>The nearest airports are:<br />T.F. Green Airport (PVD) - 45.7 km / 28.4 mi<br /> Newport  RI (NPT-Newport State) - 5.3 km / 3.3 mi<br /> North Kingstown  RI (NCO-Quonset State) - 32 km / 19.9 mi<br /> New Bedford  MA (EWB-New Bedford Regional) - 49.6 km / 30.8 mi<br /> Block Island  RI (BID-Block Island State) - 66.8 km / 41.5 mi<br /> </p><p>The preferred airport for Newport Beach Hotel & Suites is T.F. Green Airport (PVD). </p>,1 Wave Avenue MiddletownRhode Island 02842 ,02842,4018460310,http://www.newportbeachhotelandsuites.com
Rhode Island,,41.48548,-71.31143,Adele Turner Inn,4.0,"This bed and breakfast is located in a historic hill neighborhood in a Victorian home built in 1855. Downtown Newport and its many shops and restaurants are only a few blocks away.

Rooms at the Serenity Inn Newport are inspired by European furnishings. All rooms have an en suite bathroom.

The 450-acre Norman Bird Sanctuary, with 7 miles of hiking trails, is 10 minutes from the Serenity Inn Newport. Newport State Airport is just over 5 minutes away and Newports city centre is within 4 minutes drive. Please inform Serenity Inn Newport in advance of your expected arrival time. You can use the Special Requests box when booking, or contact the property directly with the contact details provided in your confirmation.
Guests are required to show a photo identification and credit card upon check-in. Please note that all Special Requests are subject to availability and additional charges may apply.
In response to Coronavirus (COVID-19), additional safety and sanitation measures are in effect at this property.",Air conditioning Private check-in/check-out shared lounge/TV area parking on site Private parking wifi available in all areas Outdoor furniture Parking Non-smoking rooms Free parking internet services express check-in/check-out Heating wifi Free WiFi Non-smoking throughout Smoke alarms Fire extinguishers use of cleaning chemicals that are effective against coronavirus linens  towels and laundry washed in accordance with local authority guidelines guest accommodation sealed after cleaning physical distancing in dining areas staff follow all safety protocols as directed by local authorities contactless check-in/check-out cashless payment available physical distancing rules followed,,93 Pelham Street NewportRhode Island 02840 ,02840,4018488011,https://www.booking.com/hotel/us/serenity-inn-newport.html
Rhode Island,,41.5215,-71.28228,The Bay Willows Inn,3.0,"Only a few miles from beaches and the attractions of downtown Newport, Rhode Island, this cozy motel in Middletown offers relaxing guestrooms and convenient services in an ideal location.

The Bay Willows Inn is just minutes from fine restaurants, first-class shopping and art galleries. Visitors can explore the scenic shoreline or some of the areas famous historical homes.

Guests at the Bay Willows will appreciate air-conditioned guestrooms and free parking. After exploring the sites of nearby Newport, guests can cook dinner on the outside grill. Guests are required to show a photo identification and credit card upon check-in. Please note that all Special Requests are subject to availability and additional charges may apply.
Upon check-in photo identification and credit card are required. All special requests are subject to availability upon check-in. Special requests cannot be guaranteed and may incur additional charges.",Free self parking Pets allowed Golf course (within 3 km) Non-smoking rooms Fishing Internet access Heating Free WiFi Free WiFi Air conditioning Daily housekeeping Parking onsite Private parking,,1225 Aquidneck Avenue MiddletownRhode Island 02842 ,02842,4018478400,https://www.booking.com/hotel/us/the-bay-willows-inn.html
Rhode Island,,41.4893,-71.30889,Bayberry Inn Of Newport,4.0,"Located in the Historic District of Newport, Rhode Island, this Victorian hotel is a 10-minute walk from the International Tennis Hall of Fame. It offers elegant rooms with free Wi-Fi.

A fireplace is included in each of the guest rooms at The Bayberry. Guests can relax in the private spa bath or watch cable TV.

Breakfast is served in the mornings at this smoke-free Newport inn, along with tea in the afternoon. Free off-street parking is available.

The Famous Newport Cliff Walk is 1 mile away. Guests are required to show a photo identification and credit card upon check-in. Please note that all Special Requests are subject to availability and additional charges may apply.",Movie nights Walking tours Fire extinguishers Parking meeting/banquet facilities Garden Terrace Non-smoking rooms dry cleaning Free parking internet services Heating wifi Free WiFi Non-smoking throughout Air conditioning concierge service Special diet menus (on request) Adult only Daily housekeeping parking on site Private parking wifi available in all areas Accessible parking Wine/champagne Fruits coffee house on site Outdoor furniture Picnic area Stand-up comedy Outdoor fireplace temporary art galleries Pub crawls,,20 Kay Street NewportRhode Island 02840 ,02840,4018464693,https://www.booking.com/hotel/us/newport-20-kay-street.html
Rhode Island,,41.67055,-71.27812,Bristol Harbor Inn,4.0,"Featuring an on-site restaurant and bar, Bristol Harbor Inn is located in Bristol. Free WiFi access and free parking are available.

A refrigerator and cable TV are included in each guest room. The private bathrooms are equipped with a hairdryer. Select rooms have a fireplace.

Meeting facilities are available at the Harbor Inn Bristol.

Guests can enjoy fine dining at the waterfront restaurant. Refreshments are available at the waterfront pub.

Numerous shops and restaurant are located within walking distance. Roger Williams University is just 5 minutes drive. Newport is 22.2 km away. Guests are required to show a photo identification and credit card upon check-in. Please note that all Special Requests are subject to availability and additional charges may apply.
Please inform Bristol Harbor Inn in advance of your expected arrival time. You can use the Special Requests box when booking, or contact the property directly with the contact details provided in your confirmation.",Parking meeting/banquet facilities Non-smoking rooms Free parking internet services Heating wifi Free WiFi Air conditioning vending machine (drinks) vending machine (snacks) parking on site wifi available in all areas,,Thames Street 259 02809 Bristol BristolRhode Island 02809 ,02809,4012541444,http://www.bristolharborinn.com
Rhode Island,,41.49523,-71.30538,Beech Tree Inn and Cottage,3.0,"Originally constructed in the late 1880s, Beech Tree Inn and Cottages is situated in Newport, 1.1 km from Touro Synagogue.

Rooms are equipped with a private bathroom fitted with a shower, air-conditioning, cable TV, hair dryer, telephone including free local calls, ice machine and free WiFi.

Beech Tree Inn and Cottage offers an afternoon cup of tea or a glass of sherry to its guests. There is also a library of books available to guests or board games for children to play with. Breakfast is also offered as well as a bowl of candy, nuts or snacks to enjoy throughout the day.

International Tennis Hall of Fame is 1.4 km from Beech Tree Inn and Cottages, while Marble House is 1.8 km from the property. The nearest airport is T.F. Green Airport, 27 km from Beech Tree Inn and Cottages. Guests are required to show a photo identification and credit card upon check-in. Please note that all Special Requests are subject to availability and additional charges may apply.
In response to Coronavirus (COVID-19), additional safety and sanitation measures are in effect at this property.
Food & beverage services at this property may be limited or unavailable due to Coronavirus (COVID-19).
Due to Coronavirus (COVID-19), this property is taking steps to help protect the safety of guests and staff. Certain services and amenities may be reduced or unavailable as a result.
In accordance with government guidelines to minimise transmission of the Coronavirus (COVID-19), this property may request additional documentation from guests to validate identity, travel itinerary and other relevant information, during dates where such guidelines exist.
Due to Coronavirus (COVID-19), this property adheres to strict physical distancing measures.
A damage deposit of USD 100 is required on arrival. This will be collected by credit card. You should be reimbursed within 14 days of check-out. Your deposit will be refunded in full via credit card, subject to an inspection of the property.
Please note, children are accepted with prior arrangement, contact the property directly with the contact details provided in your confirmation.",Parking Non-smoking rooms Free parking internet services Heating wifi Free WiFi Air conditioning designated smoking area Sun terrace Shared kitchen Daily housekeeping parking on site Private parking wifi available in all areas board games/puzzles Outdoor furniture staff follow all safety protocols as directed by local authorities shared stationery such as printed menus  magazines  pens  and paper removed hand sanitizer in guest accommodation and key areas first aid kit available contactless check-in/check-out cashless payment available physical distancing rules followed,,34 Rhode Island Avenue NewportRhode Island 02840 ,02840,4018479794,https://www.booking.com/hotel/us/beech-tree-inn-and-cottage.html
Rhode Island,,41.529068,-71.29938,Courtyard Newport Middletown,3.0,"<p>HeadLine : Near Newport Vineyards</p><p>Location : Located in Middletown, Sonesta Select Newport Middletown is in the business district, a 5-minute drive from Newport Vineyards and 6 minutes from Ocean Drive Historic District.  This hotel is 4.6 mi (7.4 km) from Newport Mansions and 17.6 mi (28.3 km) from Narragansett Beach.</p><p>Rooms : Make yourself at home in one of the 148 guestrooms featuring refrigerators and flat-screen televisions. Complimentary wireless Internet access keeps you connected, and cable programming is available for your entertainment. Private bathrooms with shower/tub combinations feature complimentary toiletries and hair dryers. Conveniences include phones, as well as desks and separate sitting areas.</p><p>Dining : Satisfy your appetite at The Commons, a restaurant which features a bar/lounge. Dining is also available at the coffee shop/cafe. To-go breakfasts are available daily from 7:00 AM to 10:00 AM for a fee.</p><p>CheckIn Instructions : <ul>  <li>Extra-person charges may apply and vary depending on property policy</li><li>Government-issued photo identification and a credit card, debit card, or cash deposit may be required at check-in for incidental charges</li><li>Special requests are subject to availability upon check-in and may incur additional charges; special requests cannot be guaranteed</li><li>This property accepts credit cards, debit cards, mobile payments, and cash</li><li>Safety features at this property include a smoke detector and window guards</li>  </ul></p><p>Special Instructions : Front desk staff will greet guests on arrival.</p>",Change of towels (on request) 24-hour fitness facilities Luggage storage Business center 24-hour front desk Golfing nearby Outdoor seasonal pool Housekeeping on request Safe-deposit box at front desk Smoke-free property Snack bar/deli Conference space Self parking (surcharge) Computer station Terrace Wheelchair accessible path of travel Pool sun loungers Conference space size (feet) - 1449 Concierge services 24-hour business center Dry cleaning/laundry service Conference space size (meters) - 135 Sailing nearby Free WiFi Number of bars/lounges - 1 Number of spa tubs - 1 Braille or raised signage Number of indoor pools - 1 Water skiing nearby In-room accessibility (in select rooms) Wheelchair accessible parking Roll-in shower (in select rooms) Accessible bathroom (in select rooms) Fireplace in lobby Wheelchair-accessible on-site restaurant Visual alarms in hallways Breakfast available (surcharge) Wheelchair-accessible meeting spaces/business center Number of coffee shops/cafes - 1 Laundry facilities elevator Fitness facilities Wheelchair accessible (may have limitations) Vending machine Wheelchair-accessible van parking Meeting rooms Change of bed sheets (on request) Wheelchair-accessible registration desk Television in common areas Wheelchair-accessible fitness center Wheelchair-accessible pool,Distances are displayed to the nearest 0.1 mile and kilometer. <br /> <p>Newport Vineyards - 3.8 km / 2.3 mi <br /> Ocean Drive Historic District - 4.6 km / 2.8 mi <br /> Naval War College Museum - 4.8 km / 3 mi <br /> Thames Street - 5 km / 3.1 mi <br /> White Horse Tavern - 5 km / 3.1 mi <br /> Atlantic Beach - 5.3 km / 3.3 mi <br /> Newport National Golf Club - 5.5 km / 3.4 mi <br /> Cliff Walk - 5.5 km / 3.4 mi <br /> Touro Synagogue - 5.7 km / 3.6 mi <br /> Easton s Beach - 6 km / 3.7 mi <br /> International Tennis Hall of Fame and Museum - 6.1 km / 3.8 mi <br /> Kingscote Newport Mansion - 6.4 km / 4 mi <br /> St. Mary s Catholic Church - 6.4 km / 4 mi <br /> Newport Visitor Information Center - 6.5 km / 4.1 mi <br /> Second Beach - 6.5 km / 4.1 mi <br /> </p><p>The nearest airports are:<br />T.F. Green Airport (PVD) - 45.8 km / 28.4 mi<br /> Newport  RI (NPT-Newport State) - 2.2 km / 1.4 mi<br /> North Kingstown  RI (NCO-Quonset State) - 32.3 km / 20.1 mi<br /> New Bedford  MA (EWB-New Bedford Regional) - 44.8 km / 27.8 mi<br /> Westerly  RI (WST-Westerly State) - 64.3 km / 39.9 mi<br /> </p><p>The preferred airport for Sonesta Select Newport Middletown is T.F. Green Airport (PVD). </p>,Nine Commerce Drive MiddletownRhode Island 02842 ,02842,4018498000,http://www.marriott.com/hotels/travel/pvdmd-courtyard-newport-middletown
Rhode Island,,41.48858,-71.31493,America's Cup Inn Newport,2.0,"<p>HeadLine : Near Queen Anne Square</p><p>Location : A stay at Americas Cup Inn places you in the heart of Newport, steps from Thames Street and Queen Anne Square.  This hotel is 1.2 mi (1.9 km) from Newport Mansions and 15.8 mi (25.5 km) from Narragansett Beach.</p><p>Rooms : Make yourself at home in one of the 17 individually decorated guestrooms, featuring refrigerators and plasma televisions. Complimentary wireless Internet access keeps you connected, and cable programming is available for your entertainment. Private bathrooms with shower/tub combinations feature complimentary toiletries and hair dryers. Conveniences include desks and irons/ironing boards, and housekeeping is provided daily.</p><p>CheckIn Instructions : <ul>  <li>Extra-person charges may apply and vary depending on property policy</li><li>Government-issued photo identification and a credit card, debit card, or cash deposit may be required at check-in for incidental charges</li><li>Special requests are subject to availability upon check-in and may incur additional charges; special requests cannot be guaranteed</li><li>This property accepts credit cards; cash is not accepted</li>  </ul></p><p>Special Instructions : The front desk is open daily from 8:00 AM - 11:00 PM. To make arrangements for check-in please contact the property at least 24 hours before arrival using the information on the booking confirmation. If you are planning to arrive after 11:00 PM please contact the property in advance using the information on the booking confirmation. Guests planning to arrive outside of normal check-in hours must contact the property in advance for check-in instructions and key retrieval information. Front desk staff will greet guests on arrival.</p>",Luggage storage Express check-out Parasailing nearby Front desk (limited hours) Sailing nearby Television in common areas Scooter/moped rentals nearby Free WiFi Library Golfing nearby Smoke-free property In-room accessibility (in select rooms) Bicycle rentals nearby Hiking/biking trails nearby Surfing/bodyboarding nearby Tours/ticket assistance Kayaking nearby Offsite parking discounted rates available Self parking (surcharge) Boat tours nearby Terrace Rooftop terrace,Distances are displayed to the nearest 0.1 mile and kilometer. <br /> <p>Thames Street - 0.1 km / 0.1 mi <br /> Queen Anne Square - 0.1 km / 0.1 mi <br /> Bowen s Wharf - 0.2 km / 0.1 mi <br /> Jane Pickens Theater - 0.3 km / 0.2 mi <br /> Touro Synagogue - 0.3 km / 0.2 mi <br /> Bannister s Wharf - 0.3 km / 0.2 mi <br /> Newport Harbour - 0.4 km / 0.2 mi <br /> White Horse Tavern - 0.4 km / 0.3 mi <br /> Ocean Drive Historic District - 0.5 km / 0.3 mi <br /> Newport Visitor Information Center - 0.5 km / 0.3 mi <br /> St. Mary s Catholic Church - 0.6 km / 0.4 mi <br /> Old Stone Mill - 0.6 km / 0.4 mi <br /> Newport Art Museum - 0.8 km / 0.5 mi <br /> International Tennis Hall of Fame and Museum - 1.1 km / 0.7 mi <br /> Kingscote Newport Mansion - 1.1 km / 0.7 mi <br /> </p><p>The nearest airports are:<br />T.F. Green Airport (PVD) - 43 km / 26.7 mi<br /> Newport  RI (NPT-Newport State) - 6.1 km / 3.8 mi<br /> North Kingstown  RI (NCO-Quonset State) - 29.5 km / 18.3 mi<br /> New Bedford  MA (EWB-New Bedford Regional) - 49.8 km / 31 mi<br /> Block Island  RI (BID-Block Island State) - 62.6 km / 38.9 mi<br /> </p><p>The preferred airport for Americas Cup Inn is T.F. Green Airport (PVD). </p>,6 Mary Street NewportRhode Island 02840 ,02840,4018469200,http://www.americascupinn.com/
Rhode Island,,41.4837,-71.31543,Harborside Inn,3.0,"Situated directly on the waterfront, this Newport, Rhode Island inn is just steps from the colorful bustle of the shops and restaurants on Thames Street.

A view of the harbor or city can be found in each room or suite at Harborside Inn.  Many rooms sport private balconies as well. Wireless internet access is provided free of charge.

Guests of Harborside Inn can wake up each morning with a complimentary continental breakfast served in the Harbor Room, overlooking Newport Harbor. Fresh-baked cookies and tea are served in the Harbor Room in the afternoon.

Bowens Wharf is less than 5 minutes walk from Harborside Inn, which is less than 3 km from the Cliff Walk. Fort Adams State Park, home of the Newport Jazz Festival and Newport Folk Festival, is 5 km away. Bellevue Avenue and the International Tennis Hall of Fame are just 3 blocks away. Guests are required to show a photo identification and credit card upon check-in. Please note that all Special Requests are subject to availability and additional charges may apply.
Please note, parking is limited to one car per room.

Please note, all rooms are located on the 2nd or 3rd floor. The property does not have an elevator.

Rates are based on 2 guests. Two additional guests above the age of 12 will be charged an extra USD 25.00 per person per night.
Managed by a private host",Parking 24-hour front desk Golf course (within 3 km) Terrace Non-smoking rooms Fishing Family rooms Free parking internet services Heating wifi Free WiFi Non-smoking throughout Air conditioning Daily housekeeping parking on site Private parking wifi available in all areas use of cleaning chemicals that are effective against coronavirus linens  towels and laundry washed in accordance with local authority guidelines guest accommodation is disinfected between stays physical distancing in dining areas staff follow all safety protocols as directed by local authorities shared stationery such as printed menus  magazines  pens  and paper removed hand sanitizer in guest accommodation and key areas contactless check-in/check-out cashless payment available physical distancing rules followed screens or physical barriers placed between staff and guests in appropriate areas face masks for guests available,,Christie's Landing NewportRhode Island 02840 ,02840,4018466600,https://www.booking.com/hotel/us/newport-harborside-inn.html
Rhode Island,,41.463747,-71.360579,Castle Hill Inn,4.0,"<p>HeadLine : In Newport (Fifth Ward)</p><p>Location : With a stay at Castle Hill Inn in Newport (Fifth Ward), you ll be steps from Ocean Drive Historic District and 4 minutes by foot from Collins Beach.  This 4.5-star hotel is 3.8 mi (6.1 km) from Newport Mansions and 20.3 mi (32.7 km) from Narragansett Beach.</p><p>Rooms : Make yourself at home in one of the 33 individually decorated guestrooms, featuring espresso makers and flat-screen televisions. Complimentary wireless Internet access keeps you connected, and cable programming is available for your entertainment. Private bathrooms with bathtubs or showers feature complimentary toiletries and hair dryers. Conveniences include phones, as well as safes and complimentary newspapers.</p><p>Dining : Grab a bite at The Lawn, one of the hotel s 2 restaurants, or stay in and take advantage of the room service (during limited hours). Need to unwind? Take a break with a tasty beverage at one of the 2 bars/lounges. A complimentary full breakfast is served daily from 8:00 AM to 10 AM.</p><p>CheckIn Instructions : <ul>  <li>Extra-person charges may apply and vary depending on property policy</li><li>Government-issued photo identification and a credit card, debit card, or cash deposit may be required at check-in for incidental charges</li><li>Special requests are subject to availability upon check-in and may incur additional charges; special requests cannot be guaranteed</li><li>This property accepts credit cards; cash is not accepted</li>  </ul></p><p>Special Instructions : Front desk staff will greet guests on arrival.</p>",Dry cleaning/laundry service Free full breakfast Food and water bowls Beach umbrellas Number of meeting rooms - 3 Swimming nearby Sailing nearby Windsurfing nearby Scuba diving nearby Free WiFi Number of bars/lounges - 2 Spa treatment room(s) Garden Picnic area In-room accessibility (in select rooms) Free use of nearby fitness center Wheelchair accessible parking Wedding services Tours/ticket assistance Beach towels Boat tours nearby Fishing on site Free bicycles on site Yoga classes/instruction on site On private beach Luggage storage Free breakfast 24-hour front desk Scooter/moped rentals nearby Daily Spa services on site Smoke-free property Hiking/biking trails nearby Surfing/bodyboarding nearby Kayaking nearby Free self parking Free valet parking Motor boating on site Beach sun loungers Terrace Wheelchair accessible path of travel Concierge services,Distances are displayed to the nearest 0.1 mile and kilometer. <br /> <p>Ocean Drive Historic District - 0.1 km / 0.1 mi <br /> Collins Beach - 0.3 km / 0.2 mi <br /> Castle Hill Lighthouse - 0.5 km / 0.3 mi <br /> Castle Hill Beach - 0.6 km / 0.4 mi <br /> Brenton Point State Park - 1.1 km / 0.7 mi <br /> Newport Country Club - 1.8 km / 1.1 mi <br /> Sail Newport - 3.1 km / 1.9 mi <br /> Fort Adams State Park - 4 km / 2.5 mi <br /> Newport Harbour - 4.6 km / 2.9 mi <br /> Gooseberry Beach - 5 km / 3.1 mi <br /> Thames Street - 5.4 km / 3.3 mi <br /> The Breakers Stable & Carriage House - 5.6 km / 3.5 mi <br /> Salve Regina University - 5.7 km / 3.5 mi <br /> Rosecliff - 6 km / 3.7 mi <br /> Beechwood Mansion - 6.1 km / 3.8 mi <br /> </p><p>The nearest airports are:<br />T.F. Green Airport (PVD) - 50.2 km / 31.2 mi<br /> Newport  RI (NPT-Newport State) - 14.4 km / 9 mi<br /> North Kingstown  RI (NCO-Quonset State) - 34.6 km / 21.5 mi<br /> Block Island  RI (BID-Block Island State) - 70.6 km / 43.9 mi<br /> Westerly  RI (WST-Westerly State) - 68.6 km / 42.6 mi<br /> </p><p>The preferred airport for Castle Hill Inn is T.F. Green Airport (PVD). </p>,590 Ocean Drive NewportRhode Island 02840 ,02840,4018493800,http://www.castlehillinn.com
Rhode Island,,41.48727,-71.30946,Inns on Bellevue,2.0,"The Inn on Bellevue, located in Newport, Rhode Island, is within walking distance of the Touro Synagogue and is within the synagogues Eruv. Shopping and dining in the city centre waterfront area.

The Inn on Bellevue, is also just 4 blocks away from the beach and historic Newport Mansions. The bed and breakfast features Victorian era decor, and provides guests with  a daily continental breakfast served in the lobbys European café. Complimentary wireless Internet access is also available in the lobby.

The charming Inn on Bellevue features elegance and luxury combined with a host of modern amenities designed to meet the needs of both leisure and business travellers alike. Guests are required to show a photo identification and credit card upon check-in. Please note that all Special Requests are subject to availability and additional charges may apply.",Hand massage Parking Non-smoking rooms Free parking internet services Massage Heating wifi Free WiFi Non-smoking throughout Air conditioning Daily housekeeping parking on site Private parking Full body massage invoice provided wifi available in all areas secured parking Spa Facilities Back massage Neck massage Foot massage Couples massage Head massage,,30 Bellevue Ave NewportRhode Island  02840 ,02840,4018486242,https://www.booking.com/hotel/us/inns-on-bellevue.html
Rhode Island,,41.49101,-71.31426,Jailhouse Inn,3.0,"Situated just 1 block from Washington Square in Newport, Rhode Island city centre, this historic inn is a federal-style building that was once the Newport county jail and police station.

Jailhouse Inn is within walking distance of restaurants, fine dining and entertainment. The White Horse Tavern, New Englands oldest tavern and now a 5-star restaurant, is right across the street. The Cliff Walk, beaches and Ocean Drive are 2.3 km away.

Built for the city in 1772, the Jailhouse Inn features a free continental breakfast every morning. Tea and fresh-baked cookies are served every afternoon for guests to enjoy while watching the bustling Marlborough Street. Guests are required to show a photo identification and credit card upon check-in. Please note that all Special Requests are subject to availability and additional charges may apply.",face masks for guests available Parking 24-hour front desk Non-smoking rooms Fishing Family rooms Free parking internet services Cycling wifi Free WiFi Non-smoking throughout Air conditioning parking on site Private parking wifi available in all areas secured parking use of cleaning chemicals that are effective against coronavirus linens  towels and laundry washed in accordance with local authority guidelines guest accommodation is disinfected between stays physical distancing in dining areas staff follow all safety protocols as directed by local authorities shared stationery such as printed menus  magazines  pens  and paper removed hand sanitizer in guest accommodation and key areas contactless check-in/check-out cashless payment available physical distancing rules followed screens or physical barriers placed between staff and guests in appropriate areas,,13 Marlborough Street NewportRhode Island 02840 ,02840,4018474638,https://www.booking.com/hotel/us/jailhouse-inn.html
Rhode Island,,41.48957,-71.30845,La Farge Perry House,3.0,"<p><b>Property Location</b> <br />With a stay at La Farge Perry House in Newport, you'll be a 5-minute walk from Touro Synagogue and 11 minutes by foot from International Tennis Hall of Fame and Museum.  This bed & breakfast is 1.8 mi (3 km) from Beechwood Mansion and 1.9 mi (3 km) from The Breakers.</p><p><b>Rooms</b> <br />Make yourself at home in one of the 6 individually decorated guestrooms, featuring refrigerators and DVD players. Complimentary wireless Internet access is available to keep you connected. Bathrooms have complimentary toiletries and hair dryers. Conveniences include desks and complimentary bottled water, and housekeeping is provided daily.</p><p><b>Amenities</b> <br />Take in the views from a garden and make use of amenities such as complimentary wireless Internet access and concierge services. Additional features at this bed & breakfast include a fireplace in the lobby and discounted use of a nearby fitness facility.</p><p><b>Dining</b> <br />A complimentary full breakfast is included.</p><p><b>Business, Other Amenities</b> <br />The front desk is staffed during limited hours. Free self parking is available onsite.</p>",Concierge services Fireplace in lobby Free WiFi Free breakfast Free newspapers in lobby Free self parking Front desk (limited hours) Garden Meeting rooms - 2 Number of floors - 3 Smoke-free property Television in common areas Total number of rooms - 6 Tours/ticket assistance Use of nearby fitness center (discount),Distances are displayed to the nearest 0.1 mile and kilometer. <br /> <p>Newport Historical Society - 0.4 km / 0.3 mi <br /> Touro Synagogue - 0.4 km / 0.3 mi <br /> Newport Art Museum - 0.5 km / 0.3 mi <br /> Touro Park - 0.5 km / 0.3 mi <br /> Old Stone Mill - 0.5 km / 0.3 mi <br /> White Horse Tavern - 0.6 km / 0.3 mi <br /> Old Colony House - 0.6 km / 0.3 mi <br /> Thames Street - 0.6 km / 0.4 mi <br /> Jane Pickens Theater - 0.6 km / 0.4 mi <br /> Trinity Church - 0.7 km / 0.4 mi <br /> Museum of Newport History - 0.7 km / 0.4 mi <br /> Firehouse Theater - 0.7 km / 0.5 mi <br /> Queen Anne Square - 0.8 km / 0.5 mi <br /> International Tennis Hall of Fame and Museum - 0.9 km / 0.5 mi <br /> Bowen's Wharf - 0.9 km / 0.5 mi <br /> </p><p>The nearest airports are:<br />Newport  RI (NPT-Newport State) - 6.2 km / 3.8 mi<br /> North Kingstown  RI (NCO-Quonset State) - 27.9 km / 17.3 mi<br /> Providence  RI (PVD-T.F. Green) - 43.2 km / 26.9 mi<br /> New Bedford  MA (EWB-New Bedford Regional) - 49.1 km / 30.5 mi<br /> Westerly  RI (WST-Westerly State) - 61.6 km / 38.3 mi<br /> </p><p>The preferred airport for La Farge Perry House is Providence  RI (PVD-T.F. Green). </p>,24 Kay St NewportRhode Island 02840 ,02840,4018471300,http://www.lafargeperry.com/
Rhode Island,,41.49136,-71.3274,Gurney's Newport Resort & Marina,4.0,"<p>HeadLine : Near Regatta Place</p><p>Location : Located in Newport, Newport Harbor Island Resort is by the ocean, within a 5-minute drive of Thames Street and Bowen s Wharf.  This 4-star hotel is 1.3 mi (2.2 km) from St. Mary s Catholic Church and 1.6 mi (2.6 km) from International Tennis Hall of Fame and Museum.</p><p>Rooms : Make yourself at home in one of the 257 air-conditioned rooms featuring refrigerators. Complimentary wireless Internet access keeps you connected, and cable programming is available for your entertainment. Bathrooms have complimentary toiletries and hair dryers. Conveniences include phones, as well as safes and desks.</p><p>Dining : Enjoy Italian cuisine at Showfish, one of the hotel s 3 restaurants, or stay in and take advantage of the room service (during limited hours). Snacks are also available at the coffee shop/cafe. Relax with a refreshing drink from the poolside bar or one of the 3 bars/lounges.</p><p>Renovations : The property will be renovating from June 9 2023 to June 14 2023 (completion date subject to change). The following areas are affected:  <ul><li>Exterior</li><li>Parking area</li></ul> Renovation work will only be conducted during business hours. Every effort will be made to minimize noise and disturbance.</p><p>CheckIn Instructions : <ul>  <li>Extra-person charges may apply and vary depending on property policy</li><li>Government-issued photo identification and a credit card, debit card, or cash deposit may be required at check-in for incidental charges</li><li>Special requests are subject to availability upon check-in and may incur additional charges; special requests cannot be guaranteed</li><li>This property accepts credit cards; cash is not accepted</li>  </ul></p><p>Special Instructions : Front desk staff will greet guests on arrival.</p>",Kayaking nearby Conference space Pool cabanas (surcharge) Valet parking (surcharge) Computer station Terrace ATM/banking Wheelchair accessible path of travel Pool sun loungers Conference space size (feet) - 30000 Concierge services Pool umbrellas Conference space size (meters) - 2787 Sailing nearby Free WiFi Number of bars/lounges - 3 Yoga classes/instruction on site Luggage storage Porter/bellhop Business center Number of poolside bars - 1 24-hour front desk Braille or raised signage Scooter/moped rentals nearby Number of outdoor pools - 1 Spa services on site Assistive listening devices available Safe-deposit box at front desk Number of indoor pools - 1 Smoke-free property In-room accessibility (in select rooms) Sauna Wheelchair accessible parking Roll-in shower (in select rooms) Tours/ticket assistance Accessible bathroom (in select rooms) Fitness classes on site Multilingual staff Parasailing nearby Conference center Segway rental/tour nearby Coffee/tea in common areas Number of coffee shops/cafes - 1 elevator Fitness facilities Ballroom Reception hall Meeting rooms Spa treatment room(s) Marina on site Garden Picnic area Free newspapers in lobby Full-service spa Wedding services Boat tours nearby Free bicycles on site,Distances are displayed to the nearest 0.1 mile and kilometer. <br /> <p>Regatta Place - 0.1 km / 0.1 mi <br /> Newport Harbour - 0.1 km / 0.1 mi <br /> Belle Mer - 0.2 km / 0.2 mi <br /> Newport Visitor Information Center - 1 km / 0.6 mi <br /> Thames Street - 1.1 km / 0.7 mi <br /> White Horse Tavern - 1.2 km / 0.8 mi <br /> Jane Pickens Theater - 1.3 km / 0.8 mi <br /> Touro Synagogue - 1.5 km / 0.9 mi <br /> Queen Anne Square - 1.5 km / 0.9 mi <br /> Bannister s Wharf - 1.5 km / 1 mi <br /> Bowen s Wharf - 1.6 km / 1 mi <br /> St. Mary s Catholic Church - 1.9 km / 1.2 mi <br /> Old Stone Mill - 1.9 km / 1.2 mi <br /> International Tennis Hall of Fame and Museum - 2.3 km / 1.5 mi <br /> Kingscote Newport Mansion - 2.4 km / 1.5 mi <br /> </p><p>The nearest airports are:<br />T.F. Green Airport (PVD) - 43.4 km / 26.9 mi<br /> Newport  RI (NPT-Newport State) - 7.2 km / 4.5 mi<br /> North Kingstown  RI (NCO-Quonset State) - 28.1 km / 17.5 mi<br /> New Bedford  MA (EWB-New Bedford Regional) - 50.9 km / 31.6 mi<br /> Block Island  RI (BID-Block Island State) - 63.9 km / 39.7 mi<br /> </p><p>The preferred airport for Newport Harbor Island Resort is T.F. Green Airport (PVD). </p>,1 Goat Island NewportRhode Island 02840 ,02840,4018492600,http://www.gurneysresorts.com/newport
Rhode Island,,41.484371,-71.315245,Newport Bay Club And Hotel,2.0,"<p>HeadLine : In Newport (Yachting Village)</p><p>Location : A stay at Newport Bay Club and Hotel places you in the heart of Newport, steps from Newport Harbour and Thames Street.  This hotel is 0.9 mi (1.5 km) from Newport Mansions and 16.2 mi (26 km) from Narragansett Beach.</p><p>Rooms : Make yourself at home in one of the 36 guestrooms, featuring kitchenettes with refrigerators and microwaves. Your bed comes with premium bedding, and all rooms are furnished with queen sofa beds. 27-inch LCD televisions with digital programming provide entertainment, while complimentary wireless Internet access keeps you connected. Conveniences include safes and desks, as well as phones with free local calls.</p><p>Dining : Take advantage of the hotel s room service.</p><p>CheckIn Instructions : <ul>  <li>Extra-person charges may apply and vary depending on property policy</li><li>Government-issued photo identification and a credit card, debit card, or cash deposit may be required at check-in for incidental charges</li><li>Special requests are subject to availability upon check-in and may incur additional charges; special requests cannot be guaranteed</li><li>This property accepts credit cards; cash is not accepted</li>  </ul></p><p>Special Instructions : To make arrangements for check-in please contact the property ahead of time using the information on the booking confirmation. If you are planning to arrive after midnight please contact the property in advance using the information on the booking confirmation. Guests must contact the property in advance for check-in instructions. Front desk staff will greet guests on arrival.</p>",Wheelchair accessible (may have limitations) Wheelchair accessible Wheelchair-accessible registration desk Sailing nearby Windsurfing nearby Free WiFi Water skiing nearby Picnic area In-room accessibility (in select rooms) Bicycle rentals nearby Free newspapers in lobby Accessible bathroom (in select rooms) Off-street parking Business center 24-hour front desk Golfing nearby Safe-deposit box at front desk Smoke-free property Laundry facilities Surfing/bodyboarding nearby elevator Fitness facilities Self parking (surcharge) Terrace ATM/banking,Distances are displayed to the nearest 0.1 mile and kilometer. <br /> <p>Newport Harbour - 0.1 km / 0.1 mi <br /> Thames Street - 0.1 km / 0.1 mi <br /> St. Mary s Catholic Church - 0.2 km / 0.1 mi <br /> Bowen s Wharf - 0.2 km / 0.1 mi <br /> Bannister s Wharf - 0.4 km / 0.2 mi <br /> Queen Anne Square - 0.4 km / 0.2 mi <br /> Old Stone Mill - 0.7 km / 0.4 mi <br /> Kingscote Newport Mansion - 0.7 km / 0.4 mi <br /> International Tennis Hall of Fame and Museum - 0.7 km / 0.4 mi <br /> Newport Art Museum - 0.8 km / 0.5 mi <br /> Jane Pickens Theater - 0.8 km / 0.5 mi <br /> Touro Synagogue - 0.8 km / 0.5 mi <br /> Newport Visitor Information Center - 0.9 km / 0.5 mi <br /> Ocean Drive Historic District - 0.9 km / 0.6 mi <br /> White Horse Tavern - 1 km / 0.6 mi <br /> </p><p>The nearest airports are:<br />T.F. Green Airport (PVD) - 43.5 km / 27 mi<br /> Newport  RI (NPT-Newport State) - 8.1 km / 5 mi<br /> North Kingstown  RI (NCO-Quonset State) - 30 km / 18.6 mi<br /> New Bedford  MA (EWB-New Bedford Regional) - 51.6 km / 32.1 mi<br /> Block Island  RI (BID-Block Island State) - 63.1 km / 39.2 mi<br /> </p><p>The preferred airport for Newport Bay Club and Hotel is T.F. Green Airport (PVD). </p>,337 Thames Street NewportRhode Island 02840 ,02840,4018498600,http://www.newportbayclub.com
Rhode Island,,41.48778,-71.3156,Newport Harbor Hotel and Marina,3.0,"<p>HeadLine : Near Queen Anne Square</p><p>Location : A stay at The Newport Harbor Hotel & Marina places you in the heart of Newport, steps from Thames Street and Bowen s Wharf.  This hotel is 1.3 mi (2.1 km) from Newport Mansions and 15.9 mi (25.6 km) from Narragansett Beach.</p><p>Rooms : Make yourself at home in one of the 133 air-conditioned rooms featuring flat-screen televisions. Your room comes with a pillowtop bed. Complimentary wireless Internet access keeps you connected, and cable programming is available for your entertainment. Private bathrooms with shower/tub combinations feature complimentary toiletries and hair dryers.</p><p>Dining : Enjoy a meal at the restaurant or snacks in the hotel s coffee shop/cafe. Wrap up your day with a drink at the bar/lounge. To-go breakfasts are available daily from 7:00 AM to 11:00 AM for a fee.</p><p>Renovations : The following facilities are closed on Monday and Tuesday: <ul><li>Bar/lounge</li></ul></p><p>CheckIn Instructions : <ul>  <li>Extra-person charges may apply and vary depending on property policy</li><li>Government-issued photo identification and a credit card, debit card, or cash deposit may be required at check-in for incidental charges</li><li>Special requests are subject to availability upon check-in and may incur additional charges; special requests cannot be guaranteed</li><li>Minimum Spring Break check-in age is 21 years old</li><li>Guests must contact this property in advance to reserve cribs/infant beds and rollaway/extra beds</li><li>This property accepts credit cards; cash is not accepted</li><li>Please note that cultural norms and guest policies may differ by country and by property; the policies listed are provided by the property</li>  </ul></p><p>Special Instructions : Front desk staff will greet guests on arrival.</p>",Terrace ATM/banking Concierge services Dry cleaning/laundry service Banquet hall Wheelchair accessible (may have limitations) Ballroom Dock Outdoor furniture Outdoor entertainment area Meeting rooms Wheelchair-accessible registration desk Free WiFi Number of bars/lounges - 1 Marina on site Braille or raised signage Assistive listening devices available Number of indoor pools - 1 In-room accessibility (in select rooms) Roll-in shower (in select rooms) Wedding services Accessible bathroom (in select rooms) Free bicycles on site Walkway to water Luggage storage Express check-out Firepit Multilingual staff Business center 24-hour front desk Breakfast available (surcharge) Safe-deposit box at front desk Smoke-free property Number of coffee shops/cafes - 1 Laundry facilities elevator Computer station,Distances are displayed to the nearest 0.1 mile and kilometer. <br /> <p>Thames Street - 0.1 km / 0.1 mi <br /> Bowen s Wharf - 0.1 km / 0.1 mi <br /> Queen Anne Square - 0.2 km / 0.1 mi <br /> Bannister s Wharf - 0.2 km / 0.2 mi <br /> Newport Harbour - 0.3 km / 0.2 mi <br /> Newport Visitor Information Center - 0.4 km / 0.3 mi <br /> Jane Pickens Theater - 0.4 km / 0.3 mi <br /> Touro Synagogue - 0.5 km / 0.3 mi <br /> St. Mary s Catholic Church - 0.6 km / 0.3 mi <br /> White Horse Tavern - 0.6 km / 0.4 mi <br /> Ocean Drive Historic District - 0.6 km / 0.4 mi <br /> Old Stone Mill - 0.6 km / 0.4 mi <br /> Newport Art Museum - 0.7 km / 0.5 mi <br /> International Tennis Hall of Fame and Museum - 1.1 km / 0.7 mi <br /> Kingscote Newport Mansion - 1.1 km / 0.7 mi <br /> </p><p>The nearest airports are:<br />T.F. Green Airport (PVD) - 43.1 km / 26.8 mi<br /> Newport  RI (NPT-Newport State) - 6.4 km / 4 mi<br /> North Kingstown  RI (NCO-Quonset State) - 27.5 km / 17.1 mi<br /> New Bedford  MA (EWB-New Bedford Regional) - 50.7 km / 31.5 mi<br /> Block Island  RI (BID-Block Island State) - 63.6 km / 39.5 mi<br /> </p><p>The preferred airport for The Newport Harbor Hotel & Marina is T.F. Green Airport (PVD). </p>,Americaâ S Cup Avenue 49 NewportRhode Island 02840 ,02840,4018479000,https://www.newporthotel.com/
Rhode Island,,41.50837,-71.35936,Wyndham Newport Overlook,3.0,"<p>HeadLine : Near Conanicut Island Sanctuary</p><p>Location : When you stay at Club Wyndham Newport Overlook in Jamestown, you ll be by the ocean, within a 5-minute drive of Conanicut Island Sanctuary and Jamestown and Newport Ferry.  This hotel is 4.1 mi (6.7 km) from Thames Street and 5.6 mi (9 km) from Newport Mansions.</p><p>Rooms : Make yourself at home in one of the 19 guestrooms, featuring kitchens with refrigerators and ovens. Rooms have private patios. Complimentary wireless Internet access is available to keep you connected. Conveniences include microwaves and coffee/tea makers, and housekeeping is provided weekly.</p><p>CheckIn Instructions : <ul>  <li>Extra-person charges may apply and vary depending on property policy</li><li>Government-issued photo identification and a credit card, debit card, or cash deposit may be required at check-in for incidental charges</li><li>Special requests are subject to availability upon check-in and may incur additional charges; special requests cannot be guaranteed</li><li>This property accepts credit cards; cash is not accepted</li>  </ul></p><p>Special Instructions : The check-in location differs from the property location. To check in, go to Bay Voyage Resort If you arrive at the property after hours, you ll need to check in at an alternate location: Wyndham Bay Voyage ResortFront desk staff will greet guests on arrival.</p>",Number of spa tubs - 1 Number of outdoor pools - 1 Smoke-free property Wheelchair accessible (may have limitations) Parking (limited spaces) Free self parking 24-hour front desk Swimming pool Pool hoist on site Concierge services Free WiFi,Distances are displayed to the nearest 0.1 mile and kilometer. <br /> <p>Conanicut Island Sanctuary - 0.7 km / 0.5 mi <br /> Jamestown and Newport Ferry - 1.7 km / 1.1 mi <br /> Jamestown Fire Memorial Museum - 1.8 km / 1.1 mi <br /> Mackerel Cove - 3.3 km / 2.1 mi <br /> Fort Wetherill State Park - 3.5 km / 2.2 mi <br /> Rose Island Lightouse - 4 km / 2.5 mi <br /> Fort Getty Park - 5.6 km / 3.5 mi <br /> Head s Beach - 5.7 km / 3.6 mi <br /> Thames Street - 6.7 km / 4.1 mi <br /> Beavertail State Park - 6.8 km / 4.2 mi <br /> Newport Visitor Information Center - 7.2 km / 4.4 mi <br /> Jane Pickens Theater - 7.2 km / 4.5 mi <br /> Newport Ferry Terminal - 7.3 km / 4.5 mi <br /> Touro Synagogue - 7.3 km / 4.6 mi <br /> Queen Anne Square - 7.4 km / 4.6 mi <br /> </p><p>The nearest airports are:<br />T.F. Green Airport (PVD) - 37.1 km / 23 mi<br /> Newport  RI (NPT-Newport State) - 11.6 km / 7.2 mi<br /> North Kingstown  RI (NCO-Quonset State) - 21.7 km / 13.5 mi<br /> New Bedford  MA (EWB-New Bedford Regional) - 54.9 km / 34.1 mi<br /> Westerly  RI (WST-Westerly State) - 55.5 km / 34.5 mi<br /> </p><p></p>,150 Bay View Dr JamestownRhode Island 02835 ,02835,4014231886,http://www.extraholidays.com/newport-rhode-island/wyndham-newport-overlook.aspx
Rhode Island,,41.501451,-71.364537,Wyndham Bay Voyage Inn,3.0,"<p>HeadLine : Near Jamestown and Newport Ferry</p><p>Location : A stay at Club Wyndham Bay Voyage Inn places you in the heart of Jamestown, within a 10-minute walk of Jamestown and Newport Ferry and Conanicut Island Sanctuary.  This guesthouse is 5.6 mi (9.1 km) from Newport Mansions and 0.6 mi (0.9 km) from Jamestown Fire Memorial Museum.</p><p>Rooms : Make yourself at home in one of the 30 guestrooms, featuring kitchenettes with refrigerators and microwaves. Complimentary wireless Internet access keeps you connected, and DVD players are provided for your entertainment. Conveniences include phones, as well as coffee/tea makers and irons/ironing boards.</p><p>CheckIn Instructions : <ul>  <li>Extra-person charges may apply and vary depending on property policy</li><li>Government-issued photo identification and a credit card, debit card, or cash deposit may be required at check-in for incidental charges</li><li>Special requests are subject to availability upon check-in and may incur additional charges; special requests cannot be guaranteed</li><li>Be prepared: check the latest COVID-19 travel requirements and measures in place for this destination before you travel.</li>  </ul></p><p>Special Instructions : Front desk staff will greet guests on arrival.</p>",Wheelchair-accessible on-site restaurant Barbecue grill(s) Picnic area Visual alarms in hallways Number of outdoor pools - 1 elevator Pool hoist on site 24-hour front desk Free WiFi Smoke-free property Wheelchair accessible Terrace Concierge services Wheelchair accessible (may have limitations) Vending machine Wheelchair accessible path of travel 24-hour fitness facilities Wheelchair accessible parking In-room accessibility Wheelchair-accessible van parking Garden Wheelchair-accessible path to elevator Wheelchair-accessible pool Wheelchair-accessible fitness center Free newspapers in lobby Wheelchair-accessible meeting spaces/business center,Distances are displayed to the nearest 0.1 mile and kilometer. <br /> <p>Jamestown and Newport Ferry - 0.7 km / 0.4 mi <br /> Conanicut Island Sanctuary - 0.8 km / 0.5 mi <br /> Jamestown Fire Memorial Museum - 1 km / 0.6 mi <br /> Dutch Island - 1 km / 0.6 mi <br /> Mackerel Cove - 2.3 km / 1.4 mi <br /> Fort Wetherill State Park - 2.5 km / 1.5 mi <br /> Rose Island Lightouse - 3 km / 1.9 mi <br /> Beavertail State Park - 5.7 km / 3.6 mi <br /> Head s Beach - 5.9 km / 3.7 mi <br /> Thames Street - 6.7 km / 4.2 mi <br /> Newport Visitor Information Center - 7 km / 4.3 mi <br /> Jane Pickens Theater - 7.2 km / 4.5 mi <br /> Newport Ferry Terminal - 7.3 km / 4.5 mi <br /> Touro Synagogue - 7.4 km / 4.6 mi <br /> Queen Anne Square - 7.4 km / 4.6 mi <br /> </p><p>The nearest airports are:<br />T.F. Green Airport (PVD) - 37.4 km / 23.3 mi<br /> Newport  RI (NPT-Newport State) - 11.6 km / 7.2 mi<br /> North Kingstown  RI (NCO-Quonset State) - 21.8 km / 13.6 mi<br /> New Bedford  MA (EWB-New Bedford Regional) - 54.9 km / 34.1 mi<br /> Westerly  RI (WST-Westerly State) - 55.8 km / 34.7 mi<br /> </p><p>The preferred airport for Club Wyndham Bay Voyage Inn is T.F. Green Airport (PVD). </p>,150 Conanicus Ave JamestownRhode Island 02835 ,02835,4014232100,http://www.bayvoyageinn.com/about.php
Rhode Island,,41.531825,-71.293562,Days Inn by Wyndham Middletown/Newport Area ( Ex. Travelodge by Wyndham Middletown Newport Area),2.0,"Travelodge Newport is perfectly located for both business and leisure guests in Middletown (RI). The property offers a wide range of amenities and perks to ensure you have a great time. Service-minded staff will welcome and guide you at Travelodge Newport. Each guestroom is elegantly furnished and equipped with handy amenities. The property offers various recreational opportunities. For reliable service and professional staff, Travelodge Newport caters to your needs.",languages spoken accessibility Internet access things to do  ways to relax cleanliness and safety dining  drinking  and snacking services and conveniences for the kids access getting around available in all rooms,,1185 West Main Road MiddletownRhode Island 02842 ,02842,4018494700,https://www.booking.com/hotel/us/travelodge-newport.html
Rhode Island,,41.49356,-71.28403,The Sea Breeze Inn,4.0,"The Sea Breeze Inn is located in Middletown, 3.4 km from Whitehall Museum House. Free private parking is available on site. Eastons Beach is 645 metres from the property and Newport is 3.8 km away.

Every room includes a private bathroom, flat-screen TV, desk, wired internet connection and a private balcony.

The Sea Breeze Inn features free WiFi throughout the property. It offers an onsite café, where a complimentary breakfast is served every morning

Second Beach is 2.9 km from The Sea Breeze Inn, while Norman Bird Sanctuary is 4.3 km from the property. T.F. Green Airport is 47.5 km away. Guests are required to show a photo identification and credit card upon check-in. Please note that all Special Requests are subject to availability and additional charges may apply.
Please inform The Sea Breeze Inn in advance of your expected arrival time. You can use the Special Requests box when booking, or contact the property directly with the contact details provided in your confirmation.
In response to Coronavirus (COVID-19), additional safety and sanitation measures are in effect at this property.",Parking Restaurant Room service Garden Terrace Non-smoking rooms Facilities for disabled guests Family rooms breakfast in the room Free parking internet services lift Spa and wellness centre Soundproof rooms BBQ facilities Packed lunches Heating wifi Free WiFi Non-smoking throughout Air conditioning Sun terrace concierge service Private check-in/check-out staff follow all safety protocols as directed by local authorities shared stationery such as printed menus  magazines  pens  and paper removed hand sanitizer in guest accommodation and key areas process in place to check health of guests first aid kit available contactless check-in/check-out cashless payment available physical distancing rules followed mobile app for room service invoice provided all plates  cutlery  glasses and other tableware have been sanitized guests have the option to cancel any cleaning services for their accommodation during their stay breakfast takeaway containers delivered food is securely covered face masks for guests available Fire extinguishers use of cleaning chemicals that are effective against coronavirus linens  towels and laundry washed in accordance with local authority guidelines guest accommodation is disinfected between stays physical distancing in dining areas food can be delivered to guest accommodation Special diet menus (on request) Daily housekeeping parking on site Private parking wifi available in all areas secured parking Accessible parking coffee house on site Outdoor furniture Picnic area Beach Smoke alarms CCTV in common areas CCTV outside property,,147 Aquidneck Avenue MiddletownRhode Island 02842 ,02842,8772278400,https://www.booking.com/hotel/us/the-sea-breeze-inn.html
Rhode Island,,41.484745,-71.297796,The Chanler at Cliff Walk,4.0,"<p>HeadLine : In Newport (Bellevue Avenue Historic District)</p><p>Location : A stay at The Chanler at Cliff Walk places you in the heart of Newport, steps from Ocean Drive Historic District and Cliff Walk.  This 4.5-star hotel is 1.1 mi (1.8 km) from Newport Mansions and 17 mi (27.3 km) from Narragansett Beach.</p><p>Rooms : Treat yourself to a stay in one of the 20 individually decorated guestrooms, featuring fireplaces and flat-screen televisions. Your pillowtop bed comes with Egyptian cotton sheets. Complimentary wireless Internet access keeps you connected, and cable programming is available for your entertainment. Conveniences include safes and minibars (stocked with some free items), and housekeeping is provided daily.</p><p>Dining : Enjoy American cuisine at Cara, one of the hotel s 2 restaurants, or stay in and take advantage of the room service (during limited hours). Quench your thirst with your favorite drink at the bar/lounge. Full breakfasts are available daily from 8:00 AM to 10:00 AM for a fee.</p><p>CheckIn Instructions : <ul>  <li>Extra-person charges may apply and vary depending on property policy</li><li>Government-issued photo identification and a credit card, debit card, or cash deposit may be required at check-in for incidental charges</li><li>Special requests are subject to availability upon check-in and may incur additional charges; special requests cannot be guaranteed</li><li>This property accepts credit cards; cash is not accepted</li>  </ul></p><p>Special Instructions : This property offers transfers from the train station (surcharges may apply). Guests must contact the property with arrival details before travel, using the contact information on the booking confirmation. Front desk staff will greet guests on arrival.</p>",Concierge services Golfing nearby Safe-deposit box at front desk Smoke-free property Sauna Surfing/bodyboarding nearby Use of nearby fitness center (discount) Free self parking Beach cabanas (surcharge) Free valet parking Terrace Sailing nearby Limo or Town Car service available Windsurfing nearby Free WiFi Number of bars/lounges - 1 Garden Picnic area In-room accessibility (in select rooms) Free newspapers in lobby Roll-in shower (in select rooms) Wedding services Tours/ticket assistance Accessible bathroom (in select rooms) Fireplace in lobby Beach towels Boat tours nearby Free bicycles on site Free area shuttle Airport transportation (surcharge) Couples/private dining Wheelchair accessible  no Luggage storage Surf lessons - nearby Express check-out Porter/bellhop Multilingual staff 24-hour front desk Breakfast available (surcharge) Library Dry cleaning/laundry service Train station pickup (surcharge) Proposal/romance packages available Fishing nearby Number of meeting rooms - 2 Swimming nearby,Distances are displayed to the nearest 0.1 mile and kilometer. <br /> <p>Ocean Drive Historic District - 0.1 km / 0.1 mi <br /> Cliff Walk - 0.1 km / 0.1 mi <br /> Easton s Beach - 0.5 km / 0.3 mi <br /> International Tennis Hall of Fame and Museum - 1.2 km / 0.8 mi <br /> Newport Art Museum - 1.3 km / 0.8 mi <br /> Salve Regina University - 1.3 km / 0.8 mi <br /> Old Stone Mill - 1.3 km / 0.8 mi <br /> Atlantic Beach - 1.5 km / 0.9 mi <br /> St. Mary s Catholic Church - 1.5 km / 0.9 mi <br /> Kingscote Newport Mansion - 1.5 km / 0.9 mi <br /> Thames Street - 1.6 km / 1 mi <br /> The Elms - 1.7 km / 1 mi <br /> Bowen s Wharf - 1.7 km / 1 mi <br /> Newport Harbour - 1.8 km / 1.1 mi <br /> Queen Anne Square - 1.8 km / 1.1 mi <br /> </p><p>The nearest airports are:<br />T.F. Green Airport (PVD) - 44.8 km / 27.8 mi<br /> Newport  RI (NPT-Newport State) - 6.6 km / 4.1 mi<br /> North Kingstown  RI (NCO-Quonset State) - 31.3 km / 19.4 mi<br /> New Bedford  MA (EWB-New Bedford Regional) - 49.5 km / 30.7 mi<br /> Block Island  RI (BID-Block Island State) - 64.4 km / 40 mi<br /> </p><p>The preferred airport for The Chanler at Cliff Walk is T.F. Green Airport (PVD). </p>,117 Memorial Boulevard NewportRhode Island 02840 ,02840,4018471300,http://www.thechanler.com/
Rhode Island,,41.488853,-71.32016,Wyndham VR Inn on Long Wharf,2.0,"<p>HeadLine : In Newport (The Point)</p><p>Location : A stay at Club Wyndham Inn on Long Wharf places you in the heart of Newport, steps from Newport Harbour and 4 minutes by foot from Newport Ferry Terminal.  This hotel is 1.5 mi (2.4 km) from Newport Mansions and 16 mi (25.7 km) from Narragansett Beach.</p><p>Rooms : Make yourself at home in one of the 40 air-conditioned rooms featuring kitchenettes with full-sized refrigerators/freezers and microwaves. Complimentary wireless Internet access keeps you connected, and cable programming is available for your entertainment. Conveniences include phones, as well as coffee/tea makers and irons/ironing boards.</p><p>CheckIn Instructions : <ul>  <li>Extra-person charges may apply and vary depending on property policy</li><li>Government-issued photo identification and a credit card, debit card, or cash deposit may be required at check-in for incidental charges</li><li>Special requests are subject to availability upon check-in and may incur additional charges; special requests cannot be guaranteed</li><li>This property accepts credit cards; cash is not accepted</li>  </ul></p><p>Special Instructions : If you arrive at the property after hours, you ll need to check in at an alternate location: Long Wharf ResortFront desk staff will greet guests on arrival.</p>",Dry cleaning/laundry service Wheelchair accessible (may have limitations) Wheelchair accessible Vending machine Wheelchair-accessible path to elevator Swimming pool Wheelchair-accessible registration desk Pool hoist on site Free WiFi Wheelchair-accessible pool Arcade/game room Number of spa tubs - 2 Number of outdoor pools - 1 Number of indoor pools - 1 Wheelchair accessible parking Rooftop terrace Visual alarms in hallways 24-hour front desk Wheelchair-accessible meeting spaces/business center Barbecue grill(s) Housekeeping on request Smoke-free property Laundry facilities Sauna elevator Free self parking Fitness facilities Wheelchair accessible path of travel,Distances are displayed to the nearest 0.1 mile and kilometer. <br /> <p>Newport Harbour - 0.1 km / 0.1 mi <br /> Newport Ferry Terminal - 0.4 km / 0.2 mi <br /> Newport Visitor Information Center - 0.4 km / 0.3 mi <br /> Thames Street - 0.6 km / 0.4 mi <br /> Jane Pickens Theater - 0.6 km / 0.4 mi <br /> White Horse Tavern - 0.7 km / 0.4 mi <br /> Queen Anne Square - 0.7 km / 0.4 mi <br /> Touro Synagogue - 0.8 km / 0.5 mi <br /> Bannister s Wharf - 0.8 km / 0.5 mi <br /> Bowen s Wharf - 0.8 km / 0.5 mi <br /> Regatta Place - 0.9 km / 0.5 mi <br /> Belle Mer - 1.1 km / 0.7 mi <br /> St. Mary s Catholic Church - 1.1 km / 0.7 mi <br /> Ocean Drive Historic District - 1.1 km / 0.7 mi <br /> Old Stone Mill - 1.2 km / 0.8 mi <br /> </p><p>The nearest airports are:<br />T.F. Green Airport (PVD) - 43.2 km / 26.9 mi<br /> Newport  RI (NPT-Newport State) - 6.5 km / 4 mi<br /> North Kingstown  RI (NCO-Quonset State) - 29.4 km / 18.3 mi<br /> New Bedford  MA (EWB-New Bedford Regional) - 49.8 km / 31 mi<br /> Block Island  RI (BID-Block Island State) - 64.2 km / 39.9 mi<br /> </p><p></p>,142 Long Wharf NewportRhode Island 02840 ,02840,4018477800,https://www.extraholidays.com/newport-rhode-island/wyndham-inn-on-long-wharf.aspx
Rhode Island,,41.483715,-71.314664,Wyndham Inn on The Harbor,2.0,"<p>HeadLine : In Newport (Yachting Village)</p><p>Location : A stay at Club Wyndham Inn on the Harbor places you in the heart of Newport, steps from Thames Street and Newport Harbour.  This hotel is 0.9 mi (1.5 km) from Newport Mansions and 0.1 mi (0.2 km) from St. Mary s Catholic Church.</p><p>Rooms : Make yourself at home in one of the 58 air-conditioned rooms featuring kitchenettes with refrigerators and microwaves. Flat-screen televisions with satellite programming provide entertainment, while complimentary wireless Internet access keeps you connected. Conveniences include phones, as well as coffee/tea makers and irons/ironing boards.</p><p>CheckIn Instructions : <ul>  <li>Extra-person charges may apply and vary depending on property policy</li><li>Government-issued photo identification and a credit card, debit card, or cash deposit may be required at check-in for incidental charges</li><li>Special requests are subject to availability upon check-in and may incur additional charges; special requests cannot be guaranteed</li><li>Be prepared: check the latest COVID-19 travel requirements and measures in place for this destination before you travel.</li>  </ul></p><p>Special Instructions : Front desk staff will greet guests on arrival.</p>",Terrace Visual alarms in hallways elevator Rooftop terrace Wheelchair accessible (may have limitations) 24-hour front desk Laundry facilities Parking (limited spaces) Vending machine Wheelchair accessible path of travel Free self parking Free WiFi Wheelchair accessible parking Smoke-free property Wheelchair-accessible path to elevator Wheelchair accessible Wheelchair-accessible registration desk Wheelchair-accessible meeting spaces/business center,Distances are displayed to the nearest 0.1 mile and kilometer. <br /> <p>Thames Street - 0.1 km / 0.1 mi <br /> Newport Harbour - 0.2 km / 0.1 mi <br /> St. Mary s Catholic Church - 0.2 km / 0.1 mi <br /> Bowen s Wharf - 0.3 km / 0.2 mi <br /> Bannister s Wharf - 0.4 km / 0.2 mi <br /> Queen Anne Square - 0.4 km / 0.3 mi <br /> Trinity Church - 0.5 km / 0.3 mi <br /> Kingscote Newport Mansion - 0.6 km / 0.4 mi <br /> International Tennis Hall of Fame and Museum - 0.6 km / 0.4 mi <br /> Ocean Drive Historic District - 0.7 km / 0.4 mi <br /> Old Stone Mill - 0.7 km / 0.4 mi <br /> Museum of Newport History - 0.7 km / 0.4 mi <br /> Newport Art Museum - 0.8 km / 0.5 mi <br /> Jane Pickens Theater - 0.8 km / 0.5 mi <br /> Touro Synagogue - 0.8 km / 0.5 mi <br /> </p><p>The nearest airports are:<br />T.F. Green Airport (PVD) - 43.5 km / 27.1 mi<br /> Newport  RI (NPT-Newport State) - 8.4 km / 5.2 mi<br /> North Kingstown  RI (NCO-Quonset State) - 28.3 km / 17.6 mi<br /> New Bedford  MA (EWB-New Bedford Regional) - 51.1 km / 31.7 mi<br /> Block Island  RI (BID-Block Island State) - 64 km / 39.7 mi<br /> </p><p></p>,359 Thames Street 02840 Newport NewportRhode Island 02840 ,02840,4018496789,http://www.extraholidays.com/newport-rhode-island/wyndham-inn-on-the-harbor.aspx
Rhode Island,,41.48244,-71.3147,Wyndham Newport Onshore,3.0,"<p>HeadLine : In Newport (Yachting Village)</p><p>Location : With a stay at Club Wyndham Newport Onshore in Newport (Yachting Village), you ll be steps from Thames Street and Newport Harbour.  This hotel is 0.8 mi (1.2 km) from Newport Mansions and 16.3 mi (26.2 km) from Narragansett Beach.</p><p>Rooms : Make yourself at home in one of the 62 guestrooms, featuring kitchens with full-sized refrigerators/freezers and ovens. Rooms have private balconies. Cable programming and DVD players are provided for your entertainment, while complimentary wireless Internet access keeps you connected. Conveniences include microwaves and washers/dryers, and you can also request cribs/infant beds (complimentary).</p><p>CheckIn Instructions : <ul>  <li>Extra-person charges may apply and vary depending on property policy</li><li>Government-issued photo identification and a credit card may be required at check-in for incidental charges</li><li>Special requests are subject to availability upon check-in and may incur additional charges; special requests cannot be guaranteed</li><li>This property accepts credit cards; cash is not accepted</li><li>Please note that cultural norms and guest policies may differ by country and by property; the policies listed are provided by the property</li>  </ul></p><p>Special Instructions : The front desk is open daily from 9:00 AM - 5:00 PM. If you arrive at the property after hours, you ll need to check in at an alternate location: Wyndham Inn on the HarborFront desk staff will greet guests on arrival.</p>",Wheelchair accessible (may have limitations) Visual alarms in hallways Wheelchair-accessible path to elevator Front desk (limited hours) Pool hoist on site Free WiFi Wheelchair-accessible pool Wheelchair-accessible meeting spaces/business center Barbecue grill(s) Number of outdoor pools - 1 Number of indoor pools - 1 Smoke-free property Laundry facilities Children's pool Sauna Tours/ticket assistance Accessible bathroom (in select rooms) elevator Free self parking Fitness facilities Wheelchair accessible path of travel,Distances are displayed to the nearest 0.1 mile and kilometer. <br /> <p>Thames Street - 0.1 km / 0.1 mi <br /> Newport Harbour - 0.1 km / 0.1 mi <br /> St. Mary s Catholic Church - 0.3 km / 0.2 mi <br /> Bowen s Wharf - 0.4 km / 0.2 mi <br /> Kingscote Newport Mansion - 0.5 km / 0.3 mi <br /> Bannister s Wharf - 0.5 km / 0.3 mi <br /> Queen Anne Square - 0.6 km / 0.3 mi <br /> International Tennis Hall of Fame and Museum - 0.7 km / 0.4 mi <br /> Old Stone Mill - 0.8 km / 0.5 mi <br /> Ocean Drive Historic District - 0.9 km / 0.5 mi <br /> Newport Art Museum - 0.9 km / 0.6 mi <br /> Jane Pickens Theater - 0.9 km / 0.6 mi <br /> The Elms - 1 km / 0.6 mi <br /> Touro Synagogue - 1 km / 0.6 mi <br /> Newport Visitor Information Center - 1 km / 0.6 mi <br /> </p><p>The nearest airports are:<br />T.F. Green Airport (PVD) - 43.7 km / 27.1 mi<br /> Newport  RI (NPT-Newport State) - 8.3 km / 5.2 mi<br /> North Kingstown  RI (NCO-Quonset State) - 30.2 km / 18.8 mi<br /> New Bedford  MA (EWB-New Bedford Regional) - 51.8 km / 32.2 mi<br /> Block Island  RI (BID-Block Island State) - 63.3 km / 39.3 mi<br /> </p><p></p>,405 Thames St NewportRhode Island 02840 ,02840,4018491500,http://www.extraholidays.com/newport-rhode-island/wyndham-newport-onshore.aspx
Rhode Island,,41.48842,-71.31371,Grace Vanderbilt,4.0,"<p>HeadLine : Near Jane Pickens Theater</p><p>Location : A stay at Vanderbilt, Auberge Resorts Collection places you in the heart of Newport, steps from Thames Street and Jane Pickens Theater.  This 4.5-star hotel is 1.1 mi (1.8 km) from Newport Mansions and 15.8 mi (25.4 km) from Narragansett Beach.</p><p>Rooms : Make yourself at home in one of the 33 air-conditioned rooms featuring refrigerators and microwaves. DVD players and premium TV channels are available for your entertainment, while iPod docking stations help you enjoy your music in the comfort of your room. Bathrooms have designer toiletries and hair dryers. Conveniences include safes and minibars, as well as phones with free local calls.</p><p>Dining : Grab a bite at The Conservatory, one of the hotel s 2 restaurants, or stay in and take advantage of the room service (during limited hours). Quench your thirst with your favorite drink at the bar/lounge. Full breakfasts are available daily from 7:30 AM to 11 AM for a fee.</p><p>CheckIn Instructions : <ul>  <li>Extra-person charges may apply and vary depending on property policy</li><li>Government-issued photo identification and a credit card may be required at check-in for incidental charges</li><li>Special requests are subject to availability upon check-in and may incur additional charges; special requests cannot be guaranteed</li><li>This property accepts credit cards; cash is not accepted</li>  </ul></p><p>Special Instructions : This property offers transfers from the train station (surcharges may apply). Guests must contact the property with arrival details before travel, using the contact information on the booking confirmation. Front desk staff will greet guests on arrival.</p>",Wheelchair accessible parking Roll-in shower (in select rooms) Tours/ticket assistance Accessible bathroom (in select rooms) Fireplace in lobby Rooftop terrace Wheelchair-accessible lounge Wheelchair-accessible on-site restaurant Visual alarms in hallways Multilingual staff Dry cleaning/laundry service Train station pickup (surcharge) Pool umbrellas Number of meeting rooms - 1 Conference space size (meters) - 147 Free wired Internet Limo or Town Car service available Number of bars/lounges - 1 Designated smoking areas Assistive listening devices available Number of indoor pools - 1 In-room accessibility (in select rooms) Handrails in stairways Conference center Electric car charging station Breakfast available (surcharge) Wheelchair-accessible meeting spaces/business center Laundry facilities elevator Fitness facilities Wheelchair accessible (may have limitations) Wheelchair accessible Wheelchair-accessible concierge desk Food and water bowls Express check-in Wheelchair-accessible van parking Assistive listening devices in meeting rooms Wheelchair-accessible path to elevator Valet for wheelchair-equipped vehicle Wheelchair-accessible spa Wheelchair-accessible registration desk Pool hoist on site Wheelchair-accessible fitness center Wheelchair-accessible pool Wheelchair-accessible public washroom Health club Spa treatment room(s) Well-lit path to entrance Garden Picnic area Stair-free path to entrance Free newspapers in lobby Full-service spa Wedding services Luggage storage Express check-out Porter/bellhop Billiards or pool table Business center 24-hour front desk Library Spa services on site Outdoor seasonal pool Safe-deposit box at front desk Sauna Steam room Conference space Terrace Wheelchair accessible path of travel Conference space size (feet) - 1580 Concierge services 24-hour business center,Distances are displayed to the nearest 0.1 mile and kilometer. <br /> <p>Thames Street - 0.1 km / 0.1 mi <br /> Jane Pickens Theater - 0.2 km / 0.1 mi <br /> Queen Anne Square - 0.2 km / 0.1 mi <br /> Touro Synagogue - 0.2 km / 0.1 mi <br /> Bowen s Wharf - 0.3 km / 0.2 mi <br /> White Horse Tavern - 0.3 km / 0.2 mi <br /> Ocean Drive Historic District - 0.4 km / 0.2 mi <br /> Bannister s Wharf - 0.5 km / 0.3 mi <br /> Newport Harbour - 0.5 km / 0.3 mi <br /> Old Stone Mill - 0.5 km / 0.3 mi <br /> St. Mary s Catholic Church - 0.6 km / 0.3 mi <br /> Newport Visitor Information Center - 0.6 km / 0.4 mi <br /> Newport Art Museum - 0.6 km / 0.4 mi <br /> International Tennis Hall of Fame and Museum - 1 km / 0.6 mi <br /> Kingscote Newport Mansion - 1.1 km / 0.7 mi <br /> </p><p>The nearest airports are:<br />T.F. Green Airport (PVD) - 42.9 km / 26.6 mi<br /> Newport  RI (NPT-Newport State) - 6 km / 3.7 mi<br /> North Kingstown  RI (NCO-Quonset State) - 27.5 km / 17.1 mi<br /> New Bedford  MA (EWB-New Bedford Regional) - 50.4 km / 31.3 mi<br /> Block Island  RI (BID-Block Island State) - 63.3 km / 39.3 mi<br /> </p><p>The preferred airport for Vanderbilt  Auberge Resorts Collection is T.F. Green Airport (PVD). </p>,41 Mary Street NewportRhode Island 02840 ,02840,4018466200,http://www.gracehotels.com/vanderbilt
Rhode Island,,41.489742,-71.320368,Wyndham Vacation Resorts Long Wharf,2.0,"<p>HeadLine : In Newport (The Point)</p><p>Location : A stay at Club Wyndham Long Wharf places you in the heart of Newport, steps from Newport Harbour and 6 minutes by foot from Newport Visitor Information Center.  This hotel is 1.6 mi (2.5 km) from Newport Mansions and 0.4 mi (0.6 km) from Newport Ferry Terminal.</p><p>Rooms : Make yourself at home in one of the 102 air-conditioned rooms featuring kitchens with refrigerators and ovens. Complimentary wireless Internet access keeps you connected, and cable programming is available for your entertainment. Conveniences include phones, as well as separate sitting areas and microwaves.</p><p>CheckIn Instructions : <ul>  <li>Extra-person charges may apply and vary depending on property policy</li><li>Government-issued photo identification and a credit card may be required at check-in for incidental charges</li><li>Special requests are subject to availability upon check-in and may incur additional charges; special requests cannot be guaranteed</li><li>Be prepared: check the latest COVID-19 travel requirements and measures in place for this destination before you travel.</li>  </ul></p><p>Special Instructions : This property doesn t offer after-hours check-in. Front desk staff will greet guests on arrival.</p>",Barbecue grill(s) Visual alarms in hallways Number of indoor pools - 1 Number of outdoor pools - 1 Number of spa tubs - 1 elevator Fitness facilities Pool hoist on site 24-hour front desk Tours/ticket assistance Free self parking Free WiFi Sauna Smoke-free property Sailing nearby Safe-deposit box at front desk Water skiing nearby Golfing nearby Dock Concierge services Wheelchair accessible (may have limitations) Laundry facilities Wheelchair accessible path of travel Accessible bathroom Wheelchair accessible parking Arcade/game room In-room accessibility Braille or raised signage Wheelchair-accessible path to elevator Multilingual staff Wheelchair-accessible registration desk Wheelchair-accessible pool Wheelchair-accessible meeting spaces/business center,Distances are displayed to the nearest 0.1 mile and kilometer. <br /> <p>Newport Harbour - 0.1 km / 0.1 mi <br /> Newport Visitor Information Center - 0.5 km / 0.3 mi <br /> Thames Street - 0.5 km / 0.3 mi <br /> Jane Pickens Theater - 0.6 km / 0.4 mi <br /> White Horse Tavern - 0.7 km / 0.5 mi <br /> Queen Anne Square - 0.7 km / 0.5 mi <br /> Regatta Place - 0.8 km / 0.5 mi <br /> Touro Synagogue - 0.8 km / 0.5 mi <br /> Bowen s Wharf - 0.8 km / 0.5 mi <br /> Bannister s Wharf - 0.8 km / 0.5 mi <br /> Trinity Church - 0.9 km / 0.5 mi <br /> Belle Mer - 0.9 km / 0.6 mi <br /> St. Mary s Catholic Church - 1.1 km / 0.7 mi <br /> Ocean Drive Historic District - 1.2 km / 0.7 mi <br /> Old Stone Mill - 1.2 km / 0.8 mi <br /> </p><p>The nearest airports are:<br />T.F. Green Airport (PVD) - 42.9 km / 26.7 mi<br /> Newport  RI (NPT-Newport State) - 7.4 km / 4.6 mi<br /> North Kingstown  RI (NCO-Quonset State) - 27.6 km / 17.1 mi<br /> New Bedford  MA (EWB-New Bedford Regional) - 50.6 km / 31.4 mi<br /> Block Island  RI (BID-Block Island State) - 63.4 km / 39.4 mi<br /> </p><p></p>,5 Washington Street NewportRhode Island 02840 ,02840,4018477800,https://www.extraholidays.com/newport-rhode-island/wyndham-long-wharf.aspx
Rhode Island,,41.51852,-71.3114,Pineapple Inn,2.0,"Situated only minutes away from Newport, Rhode Island city centre, this conveniently located motel offers comfortable accommodation, just 10 minutes drive from the city centre.

The Pineapple Inn places guests only a short distance away from some of the areas top attractions. The legendary mansions of Newport, the Newport Harbor, various museums, restaurants and a vibrant nightlife are all nearby.

Guests at the Pineapple can enjoy a variety of modern amenities available at the motel, including complimentary wireless internet access. Guests are required to show a photo identification and credit card upon check-in. Please note that all Special Requests are subject to availability and additional charges may apply.
Upon check-in photo identification and credit card are required. All special requests are subject to availability upon check-in. Special requests cannot be guaranteed and may incur additional charges.",Parking Room service 24-hour front desk Non-smoking rooms Free parking internet services Heating Fax/photocopying wifi Free WiFi Air conditioning vending machine (drinks) parking on site Private parking wifi available in all areas,,372 Coddington Highway Off Route 114NewportRhode Island 02840 ,02840,4018472600,https://www.booking.com/hotel/us/pineapple-inn.html
Rhode Island,,41.490599,-71.285003,Atlantic Beach Hotel And Suites,3.0,"<p>HeadLine : Near Atlantic Beach</p><p>Location : Located in Middletown, Atlantic Beach Hotel Newport is by the ocean, a 4-minute walk from Easton s Beach and 15 minutes by foot from Cliff Walk.  This beach hotel is 1.5 mi (2.4 km) from International Tennis Hall of Fame and Museum and 1.9 mi (3.1 km) from Newport Mansions.</p><p>Rooms : Make yourself at home in one of the 101 air-conditioned rooms featuring refrigerators and microwaves. Complimentary wireless Internet access keeps you connected, and cable programming is available for your entertainment. Private bathrooms with showers feature designer toiletries and hair dryers. Conveniences include desks and coffee/tea makers, as well as phones with free local calls.</p><p>Dining : Enjoy American cuisine at Tickets Bar & Grille, a restaurant which features a bar/lounge and an ocean view. You can also stay in and take advantage of the room service (during limited hours). Cooked-to-order breakfasts are available daily from 7:30 AM to 11:30 AM for a fee.</p><p>CheckIn Instructions : <ul>  <li>Extra-person charges may apply and vary depending on property policy</li><li>Government-issued photo identification and a credit card may be required at check-in for incidental charges</li><li>Special requests are subject to availability upon check-in and may incur additional charges; special requests cannot be guaranteed</li><li>The name on the credit card used at check-in to pay for incidentals must be the primary name on the guestroom reservation</li><li>This property accepts credit cards, debit cards, and mobile payments; cash is not accepted</li><li>Long-term renters welcome</li><li>This property uses solar energy, plus eco-friendly cleaning products</li><li>Please note that cultural norms and guest policies may differ by country and by property; the policies listed are provided by the property</li>  </ul></p><p>Special Instructions : Front desk staff will greet guests on arrival.</p>",Showcase for local artists Fishing nearby Vending machine Wheelchair-accessible path to elevator Wheelchair-accessible registration desk Windsurfing nearby Skydiving Nearby Surf lessons - nearby Vegetarian menu options available Multilingual staff Parasailing nearby Electric car charging station Well-lit path to entrance Breakfast available (surcharge) Stair-free path to entrance Marina nearby 24-hour fitness facilities Wheelchair-accessible meeting spaces/business center Boat tours nearby Segway rental/tour nearby Off-street parking Water-efficient toilets only Ecotours nearby Coffee/tea in common areas Laundry facilities elevator Covered parking Motor boating nearby secured parking Uncovered parking Wheelchair accessible (may have limitations) Coworking spaces Conference space size (meters) - 232 Swimming nearby Swimming pool Sailing nearby Scuba diving nearby Free WiFi Number of bars/lounges - 1 Braille or raised signage Number of indoor pools - 1 Water skiing nearby In-room accessibility (in select rooms) Bicycle rentals nearby Wheelchair accessible parking Tours/ticket assistance Accessible bathroom (in select rooms) Rooftop terrace Energy-saving switches Energy-saving features in guest rooms LED light bulbs Vegan menu options available Wheelchair-accessible on-site restaurant Gift shops or newsstand Dry cleaning/laundry service Renewable energy source - solar Vegetarian breakfast available Parking (limited spaces) Eco-friendly cleaning products used Outdoor furniture Outdoor entertainment area Number of meeting rooms - 2 Couples/private dining Luggage storage Water-efficient showers only Express check-out Coin laundry on site 24-hour front desk Scooter/moped rentals nearby Golfing nearby Snorkeling nearby Smoke-free property Hiking/biking trails nearby Surfing/bodyboarding nearby Kayaking nearby Conference space Computer station Pool sun loungers Conference space size (feet) - 2500 Concierge services 24-hour business center,Distances are displayed to the nearest 0.1 mile and kilometer. <br /> <p>Easton s Beach - 0.4 km / 0.2 mi <br /> Atlantic Beach - 0.4 km / 0.3 mi <br /> Cliff Walk - 1.2 km / 0.8 mi <br /> Ocean Drive Historic District - 1.3 km / 0.8 mi <br /> Second Beach - 1.9 km / 1.2 mi <br /> International Tennis Hall of Fame and Museum - 2.3 km / 1.5 mi <br /> Newport Art Museum - 2.4 km / 1.5 mi <br /> Old Stone Mill - 2.5 km / 1.5 mi <br /> Salve Regina University - 2.5 km / 1.6 mi <br /> Kingscote Newport Mansion - 2.5 km / 1.6 mi <br /> St. Mary s Catholic Church - 2.6 km / 1.6 mi <br /> The Elms - 2.8 km / 1.7 mi <br /> Touro Synagogue - 2.8 km / 1.7 mi <br /> Thames Street - 2.9 km / 1.8 mi <br /> Queen Anne Square - 2.9 km / 1.8 mi <br /> </p><p>The nearest airports are:<br />T.F. Green Airport (PVD) - 45.4 km / 28.2 mi<br /> Newport  RI (NPT-Newport State) - 5.1 km / 3.2 mi<br /> North Kingstown  RI (NCO-Quonset State) - 29.8 km / 18.5 mi<br /> New Bedford  MA (EWB-New Bedford Regional) - 49.4 km / 30.7 mi<br /> Block Island  RI (BID-Block Island State) - 65.8 km / 40.9 mi<br /> </p><p>The preferred airport for Atlantic Beach Hotel Newport is T.F. Green Airport (PVD). </p>,34 Wave Avenue MiddletownRhode Island 02842 ,02842,4018475330,http://www.atlanticbeachhotelandsuites.us
Rhode Island,,41.51426,-71.29909,Residence Inn by Marriott Newport Middletown,3.0,"<p>HeadLine : Near Naval War College Museum</p><p>Location : With a stay at Residence Inn by Marriott Newport/Middletown in Middletown, you ll be within a 5-minute drive of Ocean Drive Historic District and Newport Vineyards.  This hotel is 3.6 mi (5.7 km) from Newport Mansions and 16.6 mi (26.8 km) from Narragansett Beach.</p><p>Rooms : Make yourself at home in one of the 97 air-conditioned rooms featuring kitchens with full-sized refrigerators/freezers and stovetops. Your pillowtop bed comes with premium bedding, and all rooms are furnished with sofa beds. Wired and wireless Internet access is complimentary, while 37-inch LCD televisions with satellite programming provide entertainment. Conveniences include safes and desks, as well as phones with free local calls.</p><p>Dining : Grab a bite from the grocery/convenience store serving guests of Residence Inn by Marriott Newport/Middletown. Mingle with other guests at the complimentary reception, held on select days. Quench your thirst with your favorite drink at the bar/lounge. A complimentary breakfast is included.</p><p>CheckIn Instructions : <ul>  <li>Extra-person charges may apply and vary depending on property policy</li><li>Government-issued photo identification and a credit card, debit card, or cash deposit may be required at check-in for incidental charges</li><li>Special requests are subject to availability upon check-in and may incur additional charges; special requests cannot be guaranteed</li><li>This property accepts credit cards; cash is not accepted</li>  </ul></p><p>Special Instructions : Front desk staff will greet guests on arrival.</p>",Conference space Computer station Terrace ATM/banking Wheelchair accessible path of travel Basketball on site Wheelchair accessible (may have limitations) Free grocery shopping service Wheelchair-accessible registration desk Television in common areas Windsurfing nearby Wheelchair-accessible fitness center Wheelchair-accessible pool Picnic area Free newspapers in lobby 24-hour fitness facilities Boat tours nearby Area shuttle (surcharge) Luggage storage Grocery/convenience store Business center 24-hour front desk Scooter/moped rentals nearby Golfing nearby Safe-deposit box at front desk Smoke-free property Surfing/bodyboarding nearby Free self parking Dry cleaning/laundry service Free reception Number of meeting rooms - 1 Conference space size (meters) - 54 Free wired Internet Sailing nearby Free WiFi Number of bars/lounges - 1 Number of spa tubs - 1 Braille or raised signage Assistive listening devices available Number of indoor pools - 1 In-room accessibility (in select rooms) Bicycle rentals nearby Wheelchair accessible parking Roll-in shower (in select rooms) Accessible bathroom (in select rooms) Fireplace in lobby Free breakfast elevator Visual alarms in hallways Fitness facilities Multilingual staff Wheelchair-accessible meeting spaces/business center Barbecue grill(s) Coffee/tea in common areas Laundry facilities Conference space size (feet) - 578 Concierge services 24-hour business center,Distances are displayed to the nearest 0.1 mile and kilometer. <br /> <p>Ocean Drive Historic District - 2.5 km / 1.5 mi <br /> Naval War College Museum - 3 km / 1.9 mi <br /> Newport Vineyards - 3 km / 1.9 mi <br /> Thames Street - 3.2 km / 2 mi <br /> White Horse Tavern - 3.2 km / 2 mi <br /> Jane Pickens Theater - 3.3 km / 2.1 mi <br /> Touro Synagogue - 3.3 km / 2.1 mi <br /> Newport Harbour - 3.6 km / 2.2 mi <br /> Newport Ferry Terminal - 3.6 km / 2.3 mi <br /> Newport Visitor Information Center - 3.7 km / 2.3 mi <br /> Queen Anne Square - 3.7 km / 2.3 mi <br /> Bowen s Wharf - 3.7 km / 2.3 mi <br /> Bannister s Wharf - 3.9 km / 2.4 mi <br /> St. Mary s Catholic Church - 3.9 km / 2.4 mi <br /> Cliff Walk - 4 km / 2.5 mi <br /> </p><p>The nearest airports are:<br />T.F. Green Airport (PVD) - 44.3 km / 27.5 mi<br /> Newport  RI (NPT-Newport State) - 3.1 km / 1.9 mi<br /> North Kingstown  RI (NCO-Quonset State) - 30.7 km / 19.1 mi<br /> New Bedford  MA (EWB-New Bedford Regional) - 46.2 km / 28.7 mi<br /> Block Island  RI (BID-Block Island State) - 65.5 km / 40.7 mi<br /> </p><p>The preferred airport for Residence Inn by Marriott Newport/Middletown is T.F. Green Airport (PVD). </p>,325 W Main Rd MiddletownRhode Island 02842 ,02842,4018452005,http://www.marriott.com/hotels/travel/pvdnm-residence-inn-newport-middletown
Rhode Island,,41.49081,-71.28419,Rhea's Inn by the Sea,3.0,"This Rhode Island Inn is conveniently located just 2 miles from Newport city centre and all Newport attractions.

In fact, guests of the Rheas Inn by the Sea will have easy access to The Newport Mansions. Guests will also be within walking distance to the beach, restaurants and clubs. Rheas Inn by the Sea  is an uniquely, comfortable inn, with quaint guest rooms and Rhode Island charm.

The Rheas Inn by the Sea is ideal for holidays, business trips, and weekend getaways alike. Guests are required to show a photo identification and credit card upon check-in. Please note that all Special Requests are subject to availability and additional charges may apply.
Please inform Rheas Inn by the Sea in advance of your expected arrival time. You can use the Special Requests box when booking, or contact the property directly with the contact details provided in your confirmation.
In response to Coronavirus (COVID-19), additional safety and sanitation measures are in effect at this property.
Upon check-in photo identification and credit card are required. All special requests are subject to availability upon check-in. Special requests cannot be guaranteed and may incur additional charges.

Guests are kindly requested to inform the hotel of their estimated time of arrival. This can be noted in the Comments Box during booking or by contacting the hotel/property using the contact details found on the booking confirmation.

Please note, this property does not have a lift.",screens or physical barriers placed between staff and guests in appropriate areas guests have the option to cancel any cleaning services for their accommodation during their stay Parking Non-smoking rooms Free parking internet services Hot tub/jacuzzi Heating wifi Free WiFi Non-smoking throughout Air conditioning parking on site Accessible parking Beach Smoke alarms Fire extinguishers use of cleaning chemicals that are effective against coronavirus linens  towels and laundry washed in accordance with local authority guidelines guest accommodation is disinfected between stays guest accommodation sealed after cleaning physical distancing in dining areas staff follow all safety protocols as directed by local authorities shared stationery such as printed menus  magazines  pens  and paper removed hand sanitizer in guest accommodation and key areas process in place to check health of guests first aid kit available contactless check-in/check-out cashless payment available physical distancing rules followed,,42 Aquidneck Avenue MiddletownRhode Island 02842 ,02842,4018493548,https://www.booking.com/hotel/us/rhea-s-inn-by-the-sea.html
Rhode Island,,41.50647,-71.30151,Rodeway Inn,2.0,"<p>HeadLine : Near White Horse Tavern</p><p>Location : A stay at Rodeway Inn Middletown places you in the heart of Middletown, within a 5-minute drive of Ocean Drive Historic District and Naval War College Museum.  This motel is 2.8 mi (4.5 km) from Newport Mansions and 15.6 mi (25.1 km) from Narragansett Beach.</p><p>Rooms : Make yourself at home in one of the 40 air-conditioned rooms featuring refrigerators. Complimentary wireless Internet access keeps you connected, and cable programming is available for your entertainment. Private bathrooms with shower/tub combinations feature complimentary toiletries and hair dryers. Conveniences include desks and complimentary weekday newspapers, as well as phones with free local calls.</p><p>Dining : A complimentary continental breakfast is served daily from 7 AM to 10:00 AM.</p><p>CheckIn Instructions : <ul>  <li>Extra-person charges may apply and vary depending on property policy</li><li>Government-issued photo identification and a credit card, debit card, or cash deposit may be required at check-in for incidental charges</li><li>Special requests are subject to availability upon check-in and may incur additional charges; special requests cannot be guaranteed</li><li>This property accepts credit cards; cash is not accepted</li>  </ul></p><p>Special Instructions : Front desk staff will greet guests on arrival.</p>",Wheelchair accessible (may have limitations) Vending machine Free breakfast 24-hour front desk Wheelchair-accessible registration desk Free WiFi Daily Golfing nearby Smoke-free property Free newspapers in lobby Free self parking Free continental breakfast,Distances are displayed to the nearest 0.1 mile and kilometer. <br /> <p>Ocean Drive Historic District - 1.3 km / 0.8 mi <br /> White Horse Tavern - 2 km / 1.3 mi <br /> Naval War College Museum - 2.1 km / 1.3 mi <br /> Jane Pickens Theater - 2.2 km / 1.3 mi <br /> Thames Street - 2.2 km / 1.3 mi <br /> Touro Synagogue - 2.2 km / 1.4 mi <br /> Newport Visitor Information Center - 2.4 km / 1.5 mi <br /> Newport Ferry Terminal - 2.5 km / 1.5 mi <br /> Newport Harbour - 2.5 km / 1.6 mi <br /> Bowen s Wharf - 2.6 km / 1.6 mi <br /> Queen Anne Square - 2.6 km / 1.6 mi <br /> Old Stone Mill - 2.7 km / 1.7 mi <br /> Bannister s Wharf - 2.7 km / 1.7 mi <br /> St. Mary s Catholic Church - 2.7 km / 1.7 mi <br /> Cliff Walk - 2.8 km / 1.8 mi <br /> </p><p>The nearest airports are:<br />Logan International Airport (BOS) - 115.4 km / 71.7 mi<br /> Newport  RI (NPT-Newport State) - 3.7 km / 2.3 mi<br /> T.F. Green Airport (PVD) - 42.6 km / 26.5 mi<br /> North Kingstown  RI (NCO-Quonset State) - 27 km / 16.8 mi<br /> New Bedford  MA (EWB-New Bedford Regional) - 46.8 km / 29.1 mi<br /> </p><p>The preferred airport for Rodeway Inn Middletown is Logan International Airport (BOS). </p>,31 West Main Road MiddletownRhode Island 02842 ,02842,4018472735,http://www.choicehotels.com/rhode-island/middletow
Rhode Island,,41.520519,-71.285893,Ramada Middletown,2.0,"<p>HeadLine : Near Newport Vineyards</p><p>Location : Located in Middletown, The Pell Part of JVD by Hyatt is within a 10-minute drive of Easton s Beach and Naval War College Museum.  This hotel is 3.6 mi (5.7 km) from Touro Synagogue and 3.8 mi (6.1 km) from International Tennis Hall of Fame and Museum.</p><p>Rooms : Stay in one of 127 guestrooms featuring flat-screen televisions. Cable television is provided for your entertainment. Bathrooms have showers and hair dryers. Conveniences include desks and coffee/tea makers, and housekeeping is provided daily.</p><p>Dining : Grab a bite to eat at Helmway, a restaurant which features a bar/lounge, or stay in and take advantage of the room service (during limited hours). Buffet breakfasts are available daily from 7:00 AM to 10:00 AM for a fee.</p><p>CheckIn Instructions : <ul>  <li>Extra-person charges may apply and vary depending on property policy</li><li>Government-issued photo identification and a credit card, debit card, or cash deposit may be required at check-in for incidental charges</li><li>Special requests are subject to availability upon check-in and may incur additional charges; special requests cannot be guaranteed</li><li>This property accepts credit cards; cash is not accepted</li>  </ul></p><p>Special Instructions : Front desk staff will greet guests on arrival.</p>",Free long-term parking Casino nearby Wheelchair accessible (may have limitations) Wheelchair accessible Wheelchair-accessible van parking Number of meeting rooms - 1 Conference space size (meters) - 111 Change of bed sheets (on request) Free WiFi Number of bars/lounges - 1 No elevator (single level property) Braille or raised signage Assistive listening devices available Upper floors accessible by stairs only Garden In-room accessibility (in select rooms) Wheelchair accessible parking Roll-in shower (in select rooms) Accessible bathroom (in select rooms) RV  bus  truck parking 24-hour fitness facilities Nature reserve Water dispenser use by guests actively encouraged Luggage storage Express check-out Multilingual staff Business center 24-hour front desk Water dispenser Breakfast available (surcharge) Housekeeping on request Smoke-free property Number of coffee shops/cafes - 1 Free self parking Conference space Conference space size (feet) - 1200,Distances are displayed to the nearest 0.1 mile and kilometer. <br /> <p>Newport Vineyards - 1.5 km / 1 mi <br /> Newport National Golf Club - 3.7 km / 2.3 mi <br /> Ocean Drive Historic District - 4 km / 2.5 mi <br /> Naval War College Museum - 4.4 km / 2.8 mi <br /> Thames Street - 4.6 km / 2.9 mi <br /> White Horse Tavern - 4.7 km / 2.9 mi <br /> Atlantic Beach - 4.7 km / 2.9 mi <br /> Easton s Beach - 4.7 km / 2.9 mi <br /> Jane Pickens Theater - 4.8 km / 3 mi <br /> Touro Synagogue - 4.8 km / 3 mi <br /> Second Beach - 4.9 km / 3.1 mi <br /> Greenvale Vineyards - 5.1 km / 3.2 mi <br /> Newport International Polo - 5.3 km / 3.3 mi <br /> Cliff Walk - 5.4 km / 3.4 mi <br /> Newport Visitor Information Center - 5.9 km / 3.6 mi <br /> </p><p>The nearest airports are:<br />T.F. Green Airport (PVD) - 45.2 km / 28.1 mi<br /> Newport  RI (NPT-Newport State) - 1.3 km / 0.8 mi<br /> North Kingstown  RI (NCO-Quonset State) - 32.4 km / 20.1 mi<br /> New Bedford  MA (EWB-New Bedford Regional) - 45.5 km / 28.3 mi<br /> Block Island  RI (BID-Block Island State) - 64.8 km / 40.3 mi<br /> </p><p></p>,425 East Main Road MiddletownRhode Island 02842 ,02842,4018463555,http://www.wyndhamhotels.com/ramada/middletown-rhode-island/ramada-middletown/overview
Rhode Island,,41.512608,-71.31734,Motel 6 Newport Rhode Island,2.0,"<p>HeadLine : Near Naval War College Museum</p><p>Location : When you stay at Motel 6 Newport, RI in Newport, you ll be near the airport, within a 5-minute drive of Naval War College Museum and Thames Street.  This motel is 3.2 mi (5.1 km) from Newport Mansions and 15.5 mi (25 km) from Narragansett Beach.</p><p>Rooms : Make yourself at home in one of the 76 guestrooms. Complimentary wireless Internet access keeps you connected, and cable programming is available for your entertainment. Bathrooms have shower/tub combinations and hair dryers. Conveniences include phones with free local calls, and housekeeping is provided daily.</p><p>Dining : Grab a bite from the snack bar/deli serving guests of Motel 6 Newport, RI.</p><p>CheckIn Instructions : <ul>  <li>Extra-person charges may apply and vary depending on property policy</li><li>Government-issued photo identification and a credit card may be required at check-in for incidental charges</li><li>Special requests are subject to availability upon check-in and may incur additional charges; special requests cannot be guaranteed</li><li>The name on the credit card used at check-in to pay for incidentals must be the primary name on the guestroom reservation</li><li>This property accepts credit cards, debit cards, and cash</li><li>Please note that cultural norms and guest policies may differ by country and by property; the policies listed are provided by the property</li>  </ul></p><p>Special Instructions : Front desk staff will greet guests on arrival.  This property allows guests 18 or over to check in with valid military ID.</p>",Wheelchair accessible (may have limitations) Vending machine Visual alarms in hallways Handrails in stairways 24-hour front desk Wheelchair-accessible registration desk Free WiFi Designated smoking areas Braille or raised signage Well-lit path to entrance Assistive listening devices available In-room accessibility (in select rooms) Wheelchair accessible parking Designated smoking areas (fines apply) Snack bar/deli Stair-free path to entrance Laundry facilities Roll-in shower (in select rooms) Accessible bathroom (in select rooms) RV  bus  truck parking Free self parking Wheelchair accessible path of travel,Distances are displayed to the nearest 0.1 mile and kilometer. <br /> <p>Naval War College Museum - 1.4 km / 0.9 mi <br /> Thames Street - 2.8 km / 1.8 mi <br /> Newport Visitor Information Center - 2.9 km / 1.8 mi <br /> Newport Harbour - 3 km / 1.8 mi <br /> Newport Ferry Terminal - 3.2 km / 2 mi <br /> White Horse Tavern - 3.2 km / 2 mi <br /> Ocean Drive Historic District - 3.3 km / 2 mi <br /> Jane Pickens Theater - 3.3 km / 2.1 mi <br /> Regatta Place - 3.4 km / 2.1 mi <br /> Bowen s Wharf - 3.4 km / 2.1 mi <br /> Queen Anne Square - 3.5 km / 2.2 mi <br /> Touro Synagogue - 3.5 km / 2.2 mi <br /> Belle Mer - 3.6 km / 2.2 mi <br /> Bannister s Wharf - 3.6 km / 2.2 mi <br /> St. Mary s Catholic Church - 3.9 km / 2.4 mi <br /> </p><p>The nearest airports are:<br />Newport  RI (NPT-Newport State) - 4.4 km / 2.7 mi<br /> T.F. Green Airport (PVD) - 42.4 km / 26.4 mi<br /> North Kingstown  RI (NCO-Quonset State) - 27.1 km / 16.8 mi<br /> New Bedford  MA (EWB-New Bedford Regional) - 47.5 km / 29.5 mi<br /> Block Island  RI (BID-Block Island State) - 63.6 km / 39.5 mi<br /> </p><p>The preferred airport for Motel 6 Newport  RI is Newport  RI (NPT-Newport State). </p>,249 Jt Connell Hwy NewportRhode Island 02840 ,02840,4018480600,http://www.motel6.com/en/motels.ri.newport.1219.html
Rhode Island,,41.48996,-71.3082,Marshall Slocum Inn,3.0,"<p>HeadLine : In Newport (Top of the Hill)</p><p>Location : With a stay at Marshall Slocum Inn in Newport (Top of the Hill), you ll be steps from Ocean Drive Historic District and 6 minutes by foot from Touro Synagogue.  This bed & breakfast is 1 mi (1.7 km) from Newport Mansions and 16 mi (25.8 km) from Narragansett Beach.</p><p>Rooms : Make yourself at home in one of the 5 air-conditioned rooms featuring iPads. Complimentary wireless Internet access is available to keep you connected. Private bathrooms with showers feature complimentary toiletries and hair dryers. Conveniences include desks and separate sitting areas, and housekeeping is provided daily.</p><p>Dining : Take advantage of the bed & breakfast s room service (during limited hours). Wrap up your day with a drink at the bar/lounge. Self-serve breakfasts are available daily from 6:30 AM to 10:30 AM for a fee.</p><p>CheckIn Instructions : <ul>  <li>Extra-person charges may apply and vary depending on property policy</li><li>Government-issued photo identification and a credit card, debit card, or cash deposit may be required at check-in for incidental charges</li><li>Special requests are subject to availability upon check-in and may incur additional charges; special requests cannot be guaranteed</li><li>This property accepts credit cards and debit cards; cash is not accepted</li>  </ul></p><p>Special Instructions : The front desk is open daily from 6 AM - 6 PM. To make arrangements for check-in please contact the property at least 24 hours before arrival using the information on the booking confirmation. If you are planning to arrive after 6 PM please contact the property in advance using the information on the booking confirmation. Guests planning to arrive outside of normal check-in hours must contact the property in advance for check-in instructions. Front desk staff will greet guests on arrival.</p>",Dry cleaning/laundry service Uncovered parking Express check-in Free wired Internet Sailing nearby Free WiFi Number of bars/lounges - 1 Well-lit path to entrance Upper floors accessible by stairs only Garden Picnic area Free newspapers in lobby Wedding services Wheelchair accessible  no Business center Front desk (limited hours) Breakfast available (surcharge) Golfing nearby Smoke-free property Hiking/biking trails nearby Laundry facilities Free self parking Terrace Concierge services,Distances are displayed to the nearest 0.1 mile and kilometer. <br /> <p>Ocean Drive Historic District - 0.1 km / 0.1 mi <br /> Touro Synagogue - 0.5 km / 0.3 mi <br /> Newport Art Museum - 0.6 km / 0.4 mi <br /> Jane Pickens Theater - 0.6 km / 0.4 mi <br /> White Horse Tavern - 0.6 km / 0.4 mi <br /> Old Stone Mill - 0.7 km / 0.4 mi <br /> Thames Street - 0.8 km / 0.5 mi <br /> Queen Anne Square - 0.9 km / 0.5 mi <br /> Bowen s Wharf - 1 km / 0.6 mi <br /> International Tennis Hall of Fame and Museum - 1 km / 0.6 mi <br /> Newport Ferry Terminal - 1 km / 0.6 mi <br /> Newport Visitor Information Center - 1 km / 0.6 mi <br /> St. Mary s Catholic Church - 1.1 km / 0.7 mi <br /> Bannister s Wharf - 1.1 km / 0.7 mi <br /> Newport Harbour - 1.2 km / 0.7 mi <br /> </p><p>The nearest airports are:<br />T.F. Green Airport (PVD) - 43.3 km / 26.9 mi<br /> Newport  RI (NPT-Newport State) - 6.3 km / 3.9 mi<br /> North Kingstown  RI (NCO-Quonset State) - 27.9 km / 17.3 mi<br /> New Bedford  MA (EWB-New Bedford Regional) - 49.8 km / 30.9 mi<br /> Block Island  RI (BID-Block Island State) - 63.7 km / 39.6 mi<br /> </p><p>The preferred airport for Marshall Slocum Inn is T.F. Green Airport (PVD). </p>,Kay St. 29 29 02840 Newport NewportRhode Island 02840 ,02840,4018415120,http://www.marshallslocuminn.com/index.htm
Rhode Island,,41.48885,-71.31368,Admiral Farragut Inn,2.0,"Situated in the historic district of Newport, Rhode Island, steps from the scenic harbor and popular area sites, this refurbished Colonial bed and breakfast offers comfortable accommodation and friendly service.

Only steps from the Admiral Farragut Inn are unique shops, antique stores and local restaurants. The Newport Art Museum as well as Beechwood Mansion and Fort Adams State Park are also only a short distance away

Charming rooms at the Admiral Farragut are furnished with four-poster beds, beautiful antiques and authentic Colonial paned windows. Guests can start the morning with the inns free full breakfast and relax in the evening in front of cosy fireplaces. Guests are required to show a photo identification and credit card upon check-in. Please note that all Special Requests are subject to availability and additional charges may apply.
Upon check-in photo identification and credit card are required. All special requests are subject to availability upon check-in. Special requests cannot be guaranteed and may incur additional charges.

Guests must check in at Cleveland House, located at 27 Clark Street in Newport.",Parking Non-smoking rooms Free parking internet services wifi Free WiFi Air conditioning parking on site wifi available in all areas invoice provided,,31 Clarke Street NewportRhode Island 02840 ,02840,4018497397,https://www.booking.com/hotel/us/admiral-farragut.html
Rhode Island,,41.4826,-71.31438,Admiral Fitzroy Inn,3.0,"<p>HeadLine : In Newport (Yachting Village)</p><p>Location : With a stay at Admiral Fitzroy Inn, you ll be centrally located in Newport, steps from Thames Street and Newport Harbour.  This hotel is 0.8 mi (1.4 km) from Newport Mansions and 1 mi (1.7 km) from Salve Regina University.</p><p>Rooms : Make yourself at home in one of the 18 individually decorated guestrooms. Complimentary wireless Internet access is available to keep you connected. Bathrooms have shower/tub combinations and hair dryers. Conveniences include electric kettles and free tea bags/instant coffee, as well as phones with free local calls.</p><p>Dining : A complimentary continental breakfast is served daily from 8 AM to 10 AM.</p><p>CheckIn Instructions : <ul>  <li>Extra-person charges may apply and vary depending on property policy</li><li>Government-issued photo identification and a credit card, debit card, or cash deposit may be required at check-in for incidental charges</li><li>Special requests are subject to availability upon check-in and may incur additional charges; special requests cannot be guaranteed</li><li>This property accepts credit cards; cash is not accepted</li><li>Safety features at this property include a fire extinguisher and a smoke detector</li>  </ul></p><p>Special Instructions : The front desk is open daily from 9:00 AM - 8:00 PM. To make arrangements for check-in please contact the property ahead of time using the information on the booking confirmation. If you are planning to arrive after 8:00 PM please contact the property in advance using the information on the booking confirmation. Guests must contact the property in advance for check-in instructions. Front desk staff will greet guests on arrival.</p>",Off-street parking Free breakfast Front desk (limited hours) Free WiFi Designated smoking areas Daily Change of towels (on request) Safe-deposit box at front desk Wheelchair accessible parking Wedding services Accessible bathroom (in select rooms) elevator Free self parking Computer station Terrace Free continental breakfast Wheelchair accessible path of travel Rooftop terrace,Distances are displayed to the nearest 0.1 mile and kilometer. <br /> <p>Thames Street - 0.1 km / 0.1 mi <br /> Newport Harbour - 0.1 km / 0.1 mi <br /> St. Mary s Catholic Church - 0.3 km / 0.2 mi <br /> Bowen s Wharf - 0.4 km / 0.2 mi <br /> Bannister s Wharf - 0.5 km / 0.3 mi <br /> Kingscote Newport Mansion - 0.5 km / 0.3 mi <br /> Queen Anne Square - 0.5 km / 0.3 mi <br /> International Tennis Hall of Fame and Museum - 0.7 km / 0.4 mi <br /> Old Stone Mill - 0.8 km / 0.5 mi <br /> Newport Art Museum - 0.9 km / 0.6 mi <br /> Jane Pickens Theater - 0.9 km / 0.6 mi <br /> Touro Synagogue - 0.9 km / 0.6 mi <br /> Ocean Drive Historic District - 0.9 km / 0.6 mi <br /> The Elms - 1 km / 0.6 mi <br /> Newport Visitor Information Center - 1 km / 0.6 mi <br /> </p><p>The nearest airports are:<br />T.F. Green Airport (PVD) - 43.7 km / 27.2 mi<br /> Newport  RI (NPT-Newport State) - 8.3 km / 5.2 mi<br /> North Kingstown  RI (NCO-Quonset State) - 30.2 km / 18.8 mi<br /> New Bedford  MA (EWB-New Bedford Regional) - 50.5 km / 31.4 mi<br /> Block Island  RI (BID-Block Island State) - 64.1 km / 39.8 mi<br /> </p><p>The preferred airport for Admiral Fitzroy Inn is T.F. Green Airport (PVD). </p>,398 Thames Street NewportRhode Island 02840 ,28400,4018488000,http://admiralfitzroy.com/
Rhode Island,,41.48688,-71.3055,Architects Inn George Champlin Mason House Bed And Breakfast,3.0,"Located in the Newport city centre, this self-catering accommodation is housed in a mid-19th Century historic mansion that was once owned by Newport socialites. Free WiFi access is provided.

Featuring Gothic Revival architecture and Steampunk-style décor, Tykhe offers apartments with a flat-screen TV and fireplace. An en suite bathroom comes with a hairdryer. Certain apartments include a kitchenette.

A garden and an outdoor terrace are provided at Tykhe. Free parking is available and cable channels are provided for guest enjoyment.

Numerous dining options are within walking distance of the apartments. Griswolds Restaurant is only 450 metres away, while La Forge Casino Restaurant is 8 minutes walk away.

Newport Harbor is only 1 km from Tykhe. Salve Regina University is 2 km away, while The Breakers is 6 minutes drive from the apartments. Guests are required to show a photo identification and credit card upon check-in. Please note that all Special Requests are subject to availability and additional charges may apply.
This property will not accommodate hen, stag or similar parties.",Free parking Airport shuttle cashless payment available On-site parking Pets allowed grocery deliveries concierge service airport shuttle (additional charge) Non-smoking throughout wifi guest accommodation is disinfected between stays Bridal suite wifi available in all areas express check-in/check-out hand sanitizer in guest accommodation and key areas Massage meeting/banquet facilities dry cleaning Soundproof rooms Car hire Bicycle rental (additional charge) Heating Air conditioning Free WiFi Terrace property is cleaned by professional cleaning companies mobile app for room service staff follow all safety protocols as directed by local authorities Garden guest accommodation sealed after cleaning Shared kitchen Parking Laundry CCTV outside property linens  towels and laundry washed in accordance with local authority guidelines Fire extinguishers use of cleaning chemicals that are effective against coronavirus Golf course (within 3 km) contactless check-in/check-out Sun terrace Smoke alarms first aid kit available physical distancing rules followed access to health care professionals  invoice provided Private parking Non-smoking rooms Family rooms physical distancing in dining areas shared stationery such as printed menus  magazines  pens  and paper removed internet services Private check-in/check-out guests have the option to cancel any cleaning services for their accommodation during their stay designated smoking area face masks for guests available process in place to check health of guests,,2 Sunnyside Place NewportRhode Island 02840 ,02840,8774662547,https://www.booking.com/hotel/us/tykhe.html
Rhode Island,,41.50536,-71.297874,The Carriage House Inn an Ascend Hotel Collection Member,2.0,"<p>HeadLine : Near White Horse Tavern</p><p>Location : Located in Middletown, The Carriage House Inn, Ascend Hotel Collection is by the ocean, within a 5-minute drive of Cliff Walk and Thames Street.  This hotel is 1.5 mi (2.4 km) from Naval War College Museum and 2 mi (3.2 km) from International Tennis Hall of Fame and Museum.</p><p>Rooms : Make yourself at home in one of the 23 guestrooms featuring refrigerators and microwaves. Your room comes with a pillowtop bed. Complimentary wireless Internet access keeps you connected, and cable programming is available for your entertainment. Private bathrooms have complimentary toiletries and hair dryers.</p><p>Dining : A complimentary continental breakfast is served daily from 7:00 AM to 11:00 AM.</p><p>CheckIn Instructions : <ul>  <li>Extra-person charges may apply and vary depending on property policy</li><li>Government-issued photo identification and a credit card, debit card, or cash deposit may be required at check-in for incidental charges</li><li>Special requests are subject to availability upon check-in and may incur additional charges; special requests cannot be guaranteed</li><li>This property accepts credit cards, debit cards, and cash</li><li>This property uses solar energy</li>  </ul></p><p>Special Instructions : Front desk staff will greet guests on arrival.</p>",Terrace Concierge services Wheelchair-accessible meeting spaces/business center Safe-deposit box at front desk Smoke-free property Coffee/tea in common areas elevator Free self parking Computer station Renewable energy source - solar Wheelchair accessible (may have limitations) Vending machine Vegetarian breakfast available Parking (limited spaces) Outdoor furniture Wheelchair-accessible path to elevator Shared microwave Wheelchair-accessible registration desk Television in common areas Free WiFi Well-lit path to entrance Picnic area In-room accessibility (in select rooms) Wheelchair accessible parking Stair-free path to entrance Accessible bathroom (in select rooms) Free continental breakfast Energy-saving features in guest rooms LED light bulbs Wheelchair-accessible lounge Vegan menu options available Luggage storage Vegetarian menu options available Water-efficient showers only Free breakfast Coin laundry on site Multilingual staff Business center 24-hour front desk Electric car charging station Daily,Distances are displayed to the nearest 0.1 mile and kilometer. <br /> <p>Ocean Drive Historic District - 1.3 km / 0.8 mi <br /> Thames Street - 2.4 km / 1.5 mi <br /> White Horse Tavern - 2.4 km / 1.5 mi <br /> Naval War College Museum - 2.5 km / 1.6 mi <br /> Jane Pickens Theater - 2.5 km / 1.6 mi <br /> Touro Synagogue - 2.5 km / 1.6 mi <br /> Newport Harbour - 2.8 km / 1.8 mi <br /> Newport Ferry Terminal - 2.9 km / 1.8 mi <br /> Newport Visitor Information Center - 2.9 km / 1.8 mi <br /> Cliff Walk - 2.9 km / 1.8 mi <br /> Queen Anne Square - 2.9 km / 1.8 mi <br /> Bowen s Wharf - 3 km / 1.8 mi <br /> Newport Art Museum - 3 km / 1.9 mi <br /> Bannister s Wharf - 3.1 km / 1.9 mi <br /> St. Mary s Catholic Church - 3.1 km / 1.9 mi <br /> </p><p>The nearest airports are:<br />T.F. Green Airport (PVD) - 43 km / 26.7 mi<br /> Newport  RI (NPT-Newport State) - 4.3 km / 2.7 mi<br /> North Kingstown  RI (NCO-Quonset State) - 27.6 km / 17.2 mi<br /> New Bedford  MA (EWB-New Bedford Regional) - 47.4 km / 29.4 mi<br /> Block Island  RI (BID-Block Island State) - 64.2 km / 39.9 mi<br /> </p><p>The preferred airport for The Carriage House Inn  Ascend Hotel Collection is T.F. Green Airport (PVD). </p>,93 Miantonomi Ave MiddletownRhode Island 02842 ,02842,4018410018,http://www.ascendcollection.com/hotel-middletown-rhode_island-RI023
Rhode Island,,41.53598,-71.29183,Ambassador Inn & Suites,2.0,"<p>HeadLine : Near Newport Vineyards</p><p>Location : Located in Middletown, Red Roof Inn & Suites Newport - Middletown, RI is a 3-minute drive from Newport Vineyards and 5 minutes from Newport National Golf Club.  This hotel is 4.9 mi (7.9 km) from Newport Mansions and 17.9 mi (28.8 km) from Narragansett Beach.</p><p>Rooms : Make yourself at home in one of the 52 guestrooms featuring refrigerators. Complimentary wireless Internet access keeps you connected, and cable programming is available for your entertainment. Private bathrooms with shower/tub combinations feature complimentary toiletries and hair dryers. Conveniences include safes and desks, and housekeeping is provided daily.</p><p>CheckIn Instructions : <ul>  <li>Extra-person charges may apply and vary depending on property policy</li><li>Government-issued photo identification and a credit card, debit card, or cash deposit may be required at check-in for incidental charges</li><li>Special requests are subject to availability upon check-in and may incur additional charges; special requests cannot be guaranteed</li><li>The name on the credit card used at check-in to pay for incidentals must be the primary name on the guestroom reservation</li><li>This property accepts credit cards and cash</li><li>Please note that cultural norms and guest policies may differ by country and by property; the policies listed are provided by the property</li>  </ul> <ul>  <li>Daily housekeeping is included for stays of 6 nights or less. Limited housekeeping is provided for stays of 7 nights or more.</li>  </ul></p><p>Special Instructions : Front desk staff will greet guests on arrival.</p>",Wheelchair accessible (may have limitations) Free RV  bus  truck parking Vending machine Express check-out Multilingual staff Business center Handrails in stairways Handrails in hallways 24-hour front desk Television in common areas Wheelchair-accessible fitness center Free WiFi Wheelchair-accessible meeting spaces/business center Well-lit path to entrance Outdoor seasonal pool Upper floors accessible by stairs only Safe-deposit box at front desk In-room accessibility (in select rooms) Coffee/tea in common areas Wheelchair accessible parking Accessible bathroom (in select rooms) Free self parking,Distances are displayed to the nearest 0.1 mile and kilometer. <br /> <p>Newport Vineyards - 2.6 km / 1.6 mi <br /> Newport National Golf Club - 4.1 km / 2.6 mi <br /> Ocean Drive Historic District - 4.8 km / 3 mi <br /> Naval War College Museum - 5.3 km / 3.3 mi <br /> Greenvale Vineyards - 5.6 km / 3.5 mi <br /> Newport International Polo - 5.8 km / 3.6 mi <br /> Cliff Walk - 6 km / 3.7 mi <br /> Touro Synagogue - 6.3 km / 3.9 mi <br /> Atlantic Beach - 6.3 km / 3.9 mi <br /> Old Stone Mill - 6.6 km / 4.1 mi <br /> Thames Street - 6.6 km / 4.1 mi <br /> International Tennis Hall of Fame and Museum - 6.6 km / 4.1 mi <br /> Kingscote Newport Mansion - 6.9 km / 4.3 mi <br /> St. Mary s Catholic Church - 6.9 km / 4.3 mi <br /> Easton s Beach - 7 km / 4.4 mi <br /> </p><p>The nearest airports are:<br />T.F. Green Airport (PVD) - 46.3 km / 28.8 mi<br /> Newport  RI (NPT-Newport State) - 2.1 km / 1.3 mi<br /> North Kingstown  RI (NCO-Quonset State) - 31 km / 19.2 mi<br /> New Bedford  MA (EWB-New Bedford Regional) - 43.4 km / 27 mi<br /> Pawtucket  RI (SFZ-North Central State) - 56.1 km / 34.8 mi<br /> </p><p>The preferred airport for Red Roof Inn & Suites Newport - Middletown  RI is T.F. Green Airport (PVD). </p>,1359 West Main Road MiddletownRhode Island 02842 ,02842,4018492718,http://www.newportambassadorinn.com
Rhode Island,,41.483744,-71.315821,Forty 1 North,4.0,"<p>HeadLine : In Newport (Yachting Village)</p><p>Location : A stay at Forty 1 North places you in the heart of Newport, steps from Newport Harbour and Thames Street.  This 4.5-star hotel is 1 mi (1.6 km) from Newport Mansions and 16.3 mi (26.2 km) from Narragansett Beach.</p><p>Rooms : Treat yourself to a stay in one of the 28 individually decorated guestrooms, featuring fireplaces and flat-screen televisions. Your Tempur-Pedic bed comes with down comforters and Frette Italian sheets. Complimentary wired Internet access keeps you connected, and digital programming is available for your entertainment. Conveniences include laptop-compatible safes and desks, as well as phones with free local calls.</p><p>Dining : Grab a bite at The Grill, one of the hotel s 2 restaurants, or stay in and take advantage of the room service (during limited hours). Wrap up your day with a drink at the bar/lounge. Cooked-to-order breakfasts are available daily from 8:00 AM to 11:00 AM for a fee.</p><p>CheckIn Instructions : <ul>  <li>Extra-person charges may apply and vary depending on property policy</li><li>Government-issued photo identification and a credit card may be required at check-in for incidental charges</li><li>Special requests are subject to availability upon check-in and may incur additional charges; special requests cannot be guaranteed</li><li>The name on the credit card used at check-in to pay for incidentals must be the primary name on the guestroom reservation</li><li>This property accepts credit cards; cash is not accepted</li>  </ul></p><p>Special Instructions : Front desk staff will greet guests on arrival.</p>",Ecotours nearby elevator Wheelchair accessible (may have limitations) Wheelchair accessible Beach umbrellas Meeting rooms Dry cleaning/laundry service Conference space size (meters) - 1533 Limo or Town Car service available Number of bars/lounges - 1 Braille or raised signage Water skiing nearby In-room accessibility (in select rooms) Roll-in shower (in select rooms) Tours/ticket assistance Accessible bathroom (in select rooms) Fireplace in lobby Sailing on site Golf lessons available nearby Multilingual staff Parasailing nearby Breakfast available (surcharge) Wheelchair-accessible registration desk Television in common areas Windsurfing nearby Skydiving Nearby Marina on site Garden Free use of nearby fitness center Full-service spa Wedding services Beach towels Free bicycles on site Yoga classes/instruction on site Luggage storage Porter/bellhop Billiards or pool table Personal motorized watercraft on site 24-hour front desk Scooter/moped rentals nearby Library Golfing nearby Safe-deposit box at front desk Smoke-free property Hiking/biking trails nearby Surfing/bodyboarding nearby Kayaking nearby Conference space Self parking (surcharge) Valet parking (surcharge) Motor boating on site Terrace Conference space size (feet) - 16500 Concierge services,Distances are displayed to the nearest 0.1 mile and kilometer. <br /> <p>Newport Harbour - 0.1 km / 0.1 mi <br /> Thames Street - 0.2 km / 0.1 mi <br /> St. Mary s Catholic Church - 0.3 km / 0.2 mi <br /> Bowen s Wharf - 0.4 km / 0.3 mi <br /> Bannister s Wharf - 0.5 km / 0.3 mi <br /> Queen Anne Square - 0.5 km / 0.3 mi <br /> Kingscote Newport Mansion - 0.7 km / 0.4 mi <br /> International Tennis Hall of Fame and Museum - 0.7 km / 0.5 mi <br /> Old Stone Mill - 0.8 km / 0.5 mi <br /> Newport Art Museum - 0.9 km / 0.5 mi <br /> Jane Pickens Theater - 0.9 km / 0.6 mi <br /> Touro Synagogue - 0.9 km / 0.6 mi <br /> Newport Visitor Information Center - 1 km / 0.6 mi <br /> White Horse Tavern - 1 km / 0.7 mi <br /> Newport Ferry Terminal - 1.1 km / 0.7 mi <br /> </p><p>The nearest airports are:<br />T.F. Green Airport (PVD) - 43.6 km / 27.1 mi<br /> Newport  RI (NPT-Newport State) - 8.5 km / 5.3 mi<br /> North Kingstown  RI (NCO-Quonset State) - 30.2 km / 18.8 mi<br /> New Bedford  MA (EWB-New Bedford Regional) - 51 km / 31.7 mi<br /> Block Island  RI (BID-Block Island State) - 64 km / 39.7 mi<br /> </p><p>The preferred airport for Forty 1 North is T.F. Green Airport (PVD). </p>,351 Thames Street NewportRhode Island 02840 ,02840,4018468018,http://contact.41north.com/
Rhode Island,,41.51423,-71.30143,Hampton Inn & Suites Newport Middletown,2.0,"<p>HeadLine : Near Newport Playhouse</p><p>Location : Located in Middletown, Hampton Inn & Suites Newport/Middletown is within a 5-minute drive of Ocean Drive Historic District and Newport Playhouse.  This hotel is 3.3 mi (5.3 km) from Newport Mansions and 1.7 mi (2.7 km) from Naval War College Museum.</p><p>Rooms : Make yourself at home in one of the 95 guestrooms featuring refrigerators and LCD televisions. Your bed comes with premium bedding, and all rooms are furnished with sofa beds. Complimentary wired and wireless Internet access keeps you connected, and cable programming provides entertainment. Private bathrooms with shower/tub combinations feature complimentary toiletries and hair dryers.</p><p>Dining : You can enjoy a meal at the restaurant serving the guests of Hampton Inn & Suites Newport/Middletown, or stop in at the snack bar/deli. A complimentary continental breakfast is served daily from 6:00 AM to 10:00 AM.</p><p>CheckIn Instructions : <ul>  <li>Extra-person charges may apply and vary depending on property policy</li><li>Government-issued photo identification and a credit card may be required at check-in for incidental charges</li><li>Special requests are subject to availability upon check-in and may incur additional charges; special requests cannot be guaranteed</li><li>Safety features at this property include a carbon monoxide detector and a smoke detector</li><li>Be prepared: check the latest COVID-19 travel requirements and measures in place for this destination before you travel.</li>  </ul></p><p>Special Instructions : Front desk staff will greet guests on arrival.</p>",Area shuttle (surcharge) Golfing nearby Surfing/bodyboarding nearby 24-hour business center Laundry facilities Bicycle rentals nearby Wheelchair accessible path of travel Television in common areas Accessible bathroom Roll-in shower Wheelchair accessible parking Wheelchair-accessible concierge desk In-room accessibility Wheelchair-accessible van parking Braille or raised signage Wheelchair-accessible path to elevator Wheelchair-accessible registration desk Wheelchair-accessible pool Scooter/moped rentals nearby Free newspapers in lobby Daily Number of indoor pools - 1 elevator Fitness facilities Well-lit path to entrance Stair-free path to entrance Fishing nearby 24-hour front desk Business center Express check-out Free self parking Dry cleaning/laundry service Boat tours nearby Computer station Food and water bowls Luggage storage Free continental breakfast Parasailing nearby ATM/banking Concierge services Snack bar/deli Skydiving Nearby Coffee/tea in common areas Internet access in public areas - high speed Free breakfast Meeting rooms Free WiFi Free wired Internet Smoke-free property Hiking/biking trails nearby Kayaking nearby Sailing nearby Scuba diving nearby Safe-deposit box at front desk,Distances are displayed to the nearest 0.1 mile and kilometer. <br /> <p>Ocean Drive Historic District - 2.2 km / 1.4 mi <br /> Newport Playhouse - 2.3 km / 1.5 mi <br /> White Horse Tavern - 2.9 km / 1.8 mi <br /> Jane Pickens Theater - 3 km / 1.9 mi <br /> Thames Street - 3 km / 1.9 mi <br /> Touro Synagogue - 3.1 km / 1.9 mi <br /> Newport Vineyards - 3.1 km / 1.9 mi <br /> Naval War College Museum - 3.3 km / 2 mi <br /> Trinity Church - 3.3 km / 2.1 mi <br /> Newport Harbour - 3.4 km / 2.1 mi <br /> Newport Visitor Information Center - 3.4 km / 2.1 mi <br /> Queen Anne Square - 3.5 km / 2.2 mi <br /> Old Stone Mill - 3.6 km / 2.2 mi <br /> St. Mary s Catholic Church - 3.6 km / 2.3 mi <br /> Newport Art Museum - 3.7 km / 2.3 mi <br /> </p><p>The nearest airports are:<br />T.F. Green Airport (PVD) - 43.2 km / 26.9 mi<br /> Newport  RI (NPT-Newport State) - 2.8 km / 1.8 mi<br /> North Kingstown  RI (NCO-Quonset State) - 27.9 km / 17.3 mi<br /> New Bedford  MA (EWB-New Bedford Regional) - 45.9 km / 28.5 mi<br /> Block Island  RI (BID-Block Island State) - 63.6 km / 39.5 mi<br /> </p><p>The preferred airport for Hampton Inn & Suites Newport/Middletown is T.F. Green Airport (PVD). </p>,317 West Main Road MiddletownRhode Island 02842 ,02842,4018486555,http://www.newporthamptoninn.com/
Rhode Island,,41.526096,-71.29633,Holiday Inn Express Middletown newport,2.0,"<p>HeadLine : Near Newport Vineyards</p><p>Location : Located in Middletown, Holiday Inn Express Newport North - Middletown, an IHG Hotel is by the ocean, a 4-minute drive from Newport Vineyards and 5 minutes from Ocean Drive Historic District.  This hotel is 4.2 mi (6.8 km) from Newport Mansions and 17.2 mi (27.7 km) from Narragansett Beach.</p><p>Rooms : Make yourself at home in one of the 117 air-conditioned rooms featuring refrigerators and flat-screen televisions. Complimentary wired and wireless Internet access keeps you connected, and cable programming provides entertainment. Private bathrooms with shower/tub combinations feature complimentary toiletries and hair dryers. Conveniences include safes and desks, as well as phones with free local calls.</p><p>Dining : Grab a bite from the snack bar/deli serving guests of Holiday Inn Express Newport North - Middletown, an IHG Hotel. A complimentary buffet breakfast is included.</p><p>CheckIn Instructions : <ul>  <li>Extra-person charges may apply and vary depending on property policy</li><li>Government-issued photo identification and a credit card, debit card, or cash deposit may be required at check-in for incidental charges</li><li>Special requests are subject to availability upon check-in and may incur additional charges; special requests cannot be guaranteed</li><li>This property accepts credit cards and debit cards; cash is not accepted</li><li>Safety features at this property include a smoke detector and window guards</li>  </ul></p><p>Special Instructions : Front desk staff will greet guests on arrival.</p>",Snack bar/deli Laundry facilities elevator Free self parking Fitness facilities Terrace ATM/banking Wheelchair accessible path of travel Pool sun loungers Dry cleaning/laundry service Wheelchair accessible (may have limitations) Number of meeting rooms - 1 Free wired Internet Free WiFi Braille or raised signage Assistive listening devices available Number of indoor pools - 1 Picnic area In-room accessibility (in select rooms) Internet access in public areas - high speed Wheelchair accessible parking Free newspapers in lobby Roll-in shower (in select rooms) Accessible bathroom (in select rooms) Free Buffet Breakfast Luggage storage Free breakfast Grocery/convenience store Business center 24-hour front desk Golfing nearby Safe-deposit box at front desk,Distances are displayed to the nearest 0.1 mile and kilometer. <br /> <p>Newport Vineyards - 3.2 km / 2 mi <br /> Ocean Drive Historic District - 4 km / 2.5 mi <br /> Naval War College Museum - 4.2 km / 2.6 mi <br /> Thames Street - 4.4 km / 2.7 mi <br /> White Horse Tavern - 4.4 km / 2.7 mi <br /> Jane Pickens Theater - 4.5 km / 2.8 mi <br /> Touro Synagogue - 4.5 km / 2.8 mi <br /> Newport Harbour - 4.8 km / 3 mi <br /> Newport Ferry Terminal - 4.8 km / 3 mi <br /> Newport Visitor Information Center - 4.8 km / 3 mi <br /> Queen Anne Square - 4.9 km / 3 mi <br /> Bowen s Wharf - 4.9 km / 3.1 mi <br /> Atlantic Beach - 4.7 km / 2.9 mi <br /> Cliff Walk - 4.9 km / 3 mi <br /> Newport National Golf Club - 5.1 km / 3.2 mi <br /> </p><p>The nearest airports are:<br />T.F. Green Airport (PVD) - 45.3 km / 28.1 mi<br /> Newport  RI (NPT-Newport State) - 2.1 km / 1.3 mi<br /> North Kingstown  RI (NCO-Quonset State) - 31.7 km / 19.7 mi<br /> New Bedford  MA (EWB-New Bedford Regional) - 44.6 km / 27.7 mi<br /> Block Island  RI (BID-Block Island State) - 66.5 km / 41.3 mi<br /> </p><p>The preferred airport for Holiday Inn Express Newport North - Middletown  an IHG Hotel is T.F. Green Airport (PVD). </p>,855 West Main Road MiddletownRhode Island 02842 ,02842,4018487128,http://www.hiexpress.com
Rhode Island,,41.49069,-71.31716,Newport Marriott,3.0,"<p>HeadLine : Near Newport Visitor Information Center</p><p>Location : A stay at Newport Marriott places you in the heart of Newport, steps from Newport Visitor Information Center and Newport Harbour.  This spa hotel is 1.4 mi (2.2 km) from Newport Mansions and 15.7 mi (25.3 km) from Narragansett Beach.</p><p>Rooms : Make yourself at home in one of the 317 air-conditioned rooms featuring Smart televisions. Your bed comes with down comforters and premium bedding. Wireless Internet access (surcharge) keeps you connected, and cable programming is available for your entertainment. Private bathrooms with showers feature complimentary toiletries and hair dryers.</p><p>Dining : Enjoy American cuisine at MainSail, one of the hotel s 2 restaurants, or stay in and take advantage of the room service (during limited hours). Quench your thirst with your favorite drink at the bar/lounge. Buffet breakfasts are served on weekdays from 6:30 AM to 11:30 AM and on weekends from 7:00 AM to noon for a fee.</p><p>Renovations : The property will be renovating from June 8 2023 to June 22 2023 (completion date subject to change). The following areas are affected:  <ul><li>Spa</li></ul> During renovations, the hotel will make every effort to minimize noise and disturbance.</p><p>CheckIn Instructions : <ul>  <li>Extra-person charges may apply and vary depending on property policy</li><li>Government-issued photo identification and a credit card, debit card, or cash deposit may be required at check-in for incidental charges</li><li>Special requests are subject to availability upon check-in and may incur additional charges; special requests cannot be guaranteed</li><li>This property accepts credit cards; cash is not accepted</li>  </ul></p><p>Special Instructions : This property doesn t offer after-hours check-in. Front desk staff will greet guests on arrival.</p>",Concierge services Conference space size (feet) - 24284 Pool sun loungers Wheelchair accessible path of travel ATM/banking Terrace Hair salon Valet parking (surcharge) Conference space Steam room Surfing/bodyboarding nearby Sauna Hiking/biking trails nearby Smoke-free property Safe-deposit box at front desk Spa services on site Golfing nearby Scooter/moped rentals nearby 24-hour front desk Business center Grocery/convenience store Express check-out Wedding services Full-service spa Free newspapers in lobby Spa treatment room(s) Wheelchair-accessible pool Wheelchair-accessible fitness center Wheelchair-accessible registration desk Wheelchair-accessible spa Wheelchair-accessible van parking Express check-in Wheelchair-accessible concierge desk Ballroom Wheelchair accessible (may have limitations) Banquet hall Bicycle rentals on site Fitness facilities elevator Laundry facilities Wheelchair-accessible meeting spaces/business center Breakfast available (surcharge) Electric car charging station Visual alarms in hallways No accessible shuttle Wheelchair-accessible on-site restaurant Wheelchair-accessible lounge Tours/ticket assistance Wheelchair accessible parking Number of indoor pools - 1 Assistive listening devices available Braille or raised signage Number of bars/lounges - 1 Free WiFi Sailing nearby Swimming pool Conference space size (meters) - 2256 Number of meeting rooms - 17 Dry cleaning/laundry service Gift shops or newsstand,Distances are displayed to the nearest 0.1 mile and kilometer. <br /> <p>Newport Visitor Information Center - 0.1 km / 0.1 mi <br /> Newport Harbour - 0.2 km / 0.1 mi <br /> Thames Street - 0.2 km / 0.1 mi <br /> White Horse Tavern - 0.3 km / 0.2 mi <br /> Jane Pickens Theater - 0.4 km / 0.2 mi <br /> Queen Anne Square - 0.5 km / 0.3 mi <br /> Touro Synagogue - 0.5 km / 0.3 mi <br /> Bowen s Wharf - 0.6 km / 0.4 mi <br /> Bannister s Wharf - 0.6 km / 0.4 mi <br /> Ocean Drive Historic District - 0.9 km / 0.6 mi <br /> St. Mary s Catholic Church - 0.9 km / 0.6 mi <br /> Old Stone Mill - 1 km / 0.6 mi <br /> Regatta Place - 1.1 km / 0.7 mi <br /> Newport Art Museum - 1.1 km / 0.7 mi <br /> Belle Mer - 1.3 km / 0.8 mi <br /> </p><p>The nearest airports are:<br />T.F. Green Airport (PVD) - 42.8 km / 26.6 mi<br /> Newport  RI (NPT-Newport State) - 6.1 km / 3.8 mi<br /> North Kingstown  RI (NCO-Quonset State) - 27.2 km / 16.9 mi<br /> New Bedford  MA (EWB-New Bedford Regional) - 50.3 km / 31.3 mi<br /> Block Island  RI (BID-Block Island State) - 63.2 km / 39.3 mi<br /> </p><p>The preferred airport for Newport Marriott is T.F. Green Airport (PVD). </p>,25 America's Cup Ave NewportRhode Island 02840 ,02840,4018491000,http://www.marriot.com
Rhode Island,,41.48657,-71.31206,Mill Street Inn,3.0,"<p>HeadLine : In Newport (Historic Hill)</p><p>Location : A stay at Mill Street Inn places you in the heart of Newport, within a 5-minute walk of Old Stone Mill and Queen Anne Square.  This luxury hotel is 0.9 mi (1.5 km) from Newport Mansions and 16.2 mi (26 km) from Narragansett Beach.</p><p>Rooms : Make yourself at home in one of the 23 guestrooms featuring refrigerators and LCD televisions. Your pillowtop bed comes with down comforters and premium bedding. Complimentary wireless Internet access keeps you connected, and cable programming is available for your entertainment. Private bathrooms with showers feature rainfall showerheads and designer toiletries.</p><p>Dining : A complimentary continental breakfast is served daily from 7:30 AM to 10:30 AM.</p><p>CheckIn Instructions : <ul>  <li>Extra-person charges may apply and vary depending on property policy</li><li>Government-issued photo identification and a credit card, debit card, or cash deposit may be required at check-in for incidental charges</li><li>Special requests are subject to availability upon check-in and may incur additional charges; special requests cannot be guaranteed</li><li>This property accepts credit cards; cash is not accepted</li>  </ul></p><p>Special Instructions : Front desk staff will greet guests on arrival.</p>",Wheelchair accessible Parking (limited spaces) Luggage storage Free breakfast 24-hour front desk Shared microwave Free WiFi Daily Spa services on site Safe-deposit box at front desk Smoke-free property Bicycle rentals nearby Tours/ticket assistance Free self parking Fitness facilities 24-hour fitness facilities Terrace Free continental breakfast Concierge services,Distances are displayed to the nearest 0.1 mile and kilometer. <br /> <p>Old Stone Mill - 0.2 km / 0.1 mi <br /> Queen Anne Square - 0.3 km / 0.2 mi <br /> Thames Street - 0.3 km / 0.2 mi <br /> Newport Art Museum - 0.3 km / 0.2 mi <br /> Touro Synagogue - 0.3 km / 0.2 mi <br /> Bowen s Wharf - 0.4 km / 0.2 mi <br /> St. Mary s Catholic Church - 0.4 km / 0.2 mi <br /> Ocean Drive Historic District - 0.5 km / 0.3 mi <br /> Bannister s Wharf - 0.5 km / 0.3 mi <br /> Jane Pickens Theater - 0.5 km / 0.3 mi <br /> Newport Harbour - 0.5 km / 0.3 mi <br /> White Horse Tavern - 0.6 km / 0.4 mi <br /> International Tennis Hall of Fame and Museum - 0.7 km / 0.4 mi <br /> Newport Visitor Information Center - 0.8 km / 0.5 mi <br /> Kingscote Newport Mansion - 0.9 km / 0.5 mi <br /> </p><p>The nearest airports are:<br />T.F. Green Airport (PVD) - 43.5 km / 27 mi<br /> Newport  RI (NPT-Newport State) - 7.1 km / 4.4 mi<br /> North Kingstown  RI (NCO-Quonset State) - 27.9 km / 17.3 mi<br /> New Bedford  MA (EWB-New Bedford Regional) - 50.6 km / 31.4 mi<br /> Block Island  RI (BID-Block Island State) - 63.9 km / 39.7 mi<br /> </p><p>The preferred airport for Mill Street Inn is T.F. Green Airport (PVD). </p>,75 Mill St NewportRhode Island 02840 ,02840,4018499500,http://www.millstreetinn.com/
Rhode Island,,41.52824,-71.29591,Quality Inn & Suites Middletown Newport,2.0,"<p>HeadLine : Near Newport Vineyards</p><p>Location : Located in Middletown, Quality Inn & Suites Middletown - Newport is a 4-minute drive from Newport Vineyards and 5 minutes from Ocean Drive Historic District.  This hotel is 4.3 mi (7 km) from Newport Mansions and 17.2 mi (27.6 km) from Narragansett Beach.</p><p>Rooms : Make yourself at home in one of the 115 guestrooms featuring refrigerators and flat-screen televisions. Complimentary wireless Internet access keeps you connected, and cable programming is available for your entertainment. Bathrooms have complimentary toiletries and hair dryers. Conveniences include desks and complimentary newspapers, and housekeeping is provided daily.</p><p>Dining : Grab a bite from the snack bar/deli serving guests of Quality Inn & Suites Middletown - Newport. A complimentary buffet breakfast is served daily from 7:00 AM to 10:00 AM.</p><p>CheckIn Instructions : <ul>  <li>Extra-person charges may apply and vary depending on property policy</li><li>Government-issued photo identification and a credit card may be required at check-in for incidental charges</li><li>Special requests are subject to availability upon check-in and may incur additional charges; special requests cannot be guaranteed</li><li>This property accepts credit cards; cash is not accepted</li><li>Safety features at this property include a smoke detector</li>  </ul></p><p>Special Instructions : Front desk staff will greet guests on arrival.</p>",Coffee/tea in common areas Snack bar/deli Laundry facilities Surfing/bodyboarding nearby elevator Free self parking Fitness facilities Computer station ATM/banking 24-hour business center Wheelchair accessible Vending machine Sailing nearby Free WiFi Braille or raised signage Number of indoor pools - 1 Water skiing nearby Wheelchair accessible parking Free newspapers in lobby Accessible bathroom (in select rooms) RV  bus  truck parking Free Buffet Breakfast Luggage storage Free breakfast Express check-out Business center 24-hour front desk Daily Golfing nearby Smoke-free property,Distances are displayed to the nearest 0.1 mile and kilometer. <br /> <p>Newport Vineyards - 3.4 km / 2.1 mi <br /> Ocean Drive Historic District - 3.8 km / 2.4 mi <br /> Naval War College Museum - 4.3 km / 2.6 mi <br /> Thames Street - 4.5 km / 2.8 mi <br /> White Horse Tavern - 4.6 km / 2.8 mi <br /> Jane Pickens Theater - 4.7 km / 2.9 mi <br /> Touro Synagogue - 4.7 km / 2.9 mi <br /> Atlantic Beach - 4.8 km / 3 mi <br /> Newport Visitor Information Center - 4.9 km / 3 mi <br /> Easton s Beach - 4.9 km / 3.1 mi <br /> Newport Ferry Terminal - 5 km / 3.1 mi <br /> Newport National Golf Club - 5 km / 3.1 mi <br /> Queen Anne Square - 5 km / 3.1 mi <br /> Bowen s Wharf - 5.1 km / 3.2 mi <br /> International Tennis Hall of Fame and Museum - 5.7 km / 3.5 mi <br /> </p><p>The nearest airports are:<br />T.F. Green Airport (PVD) - 45.1 km / 28 mi<br /> Newport  RI (NPT-Newport State) - 1.8 km / 1.1 mi<br /> North Kingstown  RI (NCO-Quonset State) - 29.5 km / 18.3 mi<br /> New Bedford  MA (EWB-New Bedford Regional) - 44.3 km / 27.5 mi<br /> Westerly  RI (WST-Westerly State) - 63.5 km / 39.4 mi<br /> </p><p>The preferred airport for Quality Inn & Suites Middletown - Newport is T.F. Green Airport (PVD). </p>,936 W Main Road MiddletownRhode Island 02842 ,02842,4018467600,https://www.choicehotels.com/rhode-island/middletown/quality-inn-hotels/ri032
Rhode Island,,41.49373,-71.28459,Sea Whale Motel,3.0,"Located on the waterfront at Eastons Pond, this Middletown motel offers rooms with a cable TV. Eastons Beach is only 7 minutes walk away.

All rooms at Sea Whale Motel include refrigerators, microwaves, coffeemakers, flat screen TVs with cable, free WiFi, irons and boards, phones with free local calls, air conditioning, heating and outdoor furniture. En suite private bathrooms include a bath, shower, towels, toiletries and hair dryers.

Guests of Sea Whale Motel can relax in the waterfront lawn or enjoy refreshments from the propertys vending machines. Free parking is available to guests.

Sea Whale Motel is less than 2 km from Purgatory Chasm, overlooking Sachuest Bay. The Newport, Rhode Island city centre is 3 km away. Guests are required to show a photo identification and credit card upon check-in. Please note that all Special Requests are subject to availability and additional charges may apply.
Please inform Sea Whale Motel in advance of your expected arrival time. You can use the Special Requests box when booking, or contact the property directly with the contact details provided in your confirmation.
In response to Coronavirus (COVID-19), additional safety and sanitation measures are in effect at this property.
Please note, children cannot be accommodated in the Garden Level Economy Queen Room.

Please note, a maximum of two room reservations can be made per credit card per person.

Please note, a maximum of two cars can be parked per room.

Please note, no pets are allowed on property. This includes animals and pets left in cars parked overnight.",Parking Golf course (within 3 km) Free parking internet services Heating wifi Free WiFi Air conditioning designated smoking area vending machine (drinks) Daily housekeeping parking on site Private parking wifi available in all areas Outdoor furniture Picnic area Smoke alarms CCTV in common areas CCTV outside property Fire extinguishers use of cleaning chemicals that are effective against coronavirus linens  towels and laundry washed in accordance with local authority guidelines guest accommodation is disinfected between stays staff follow all safety protocols as directed by local authorities contactless check-in/check-out cashless payment available physical distancing rules followed guests have the option to cancel any cleaning services for their accommodation during their stay,,150 Aquidneck Avenue MiddletownRhode Island 02842 ,02842,4018467071,https://www.booking.com/hotel/us/sea-whale-motel.html
Rhode Island,,41.48869,-71.31118,Yankee Peddler Inn,3.0,"Nestled among the streets of Newport, Rhode Island, this inn is less than 1.6 km from the waterfront and provides free WiFi.

The rooms at the Victorian-style Yankee Peddler Inn feature a flat-screen cable TV and private bathroom. Select rooms offer a mini-refrigerator.

Guests can discover a variety of shops, restaurants and architecture near Yankee Peddler Inn.

Guests at the inn can also enjoy a free continental breakfast in the morning, relax in the afternoon with tea and freshly baked biscuits or finish the evening on the inns rooftop deck. A 24-hour front desk and an on-site tour desk are offered at the property.

The international Tennis Hall of Fame and The Newport Art Museum are within 750 km of the property. The citys waterfront, including Bowens Wharf, is 1.3 km away. Guests are required to show a photo identification and credit card upon check-in. Please note that all Special Requests are subject to availability and additional charges may apply.
Please note that only one parking spot is available per room.",Free self parking 24-hour front desk Golf course (within 3 km) Free newspapers in lobby Garden Terrace Non-smoking rooms Fishing Family rooms Internet access Hiking Heating Tours/ticket assistance Luggage storage Free WiFi Free WiFi Non-smoking throughout Air conditioning Terrace Parking onsite Private parking,,113 Touro Street NewportRhode Island 02840 ,02840,4018482840,https://www.booking.com/hotel/us/yankee-peddler-inn.html
Rhode Island,,41.486198,-71.314358,Pelham Court Hotel,3.0,"<p>HeadLine : Near Queen Anne Square</p><p>Location : With a stay at Pelham Court Hotel in Newport, you ll be in a shopping district, within a 10-minute walk of Touro Synagogue and International Tennis Hall of Fame and Museum.  This hotel is 1.3 mi (2 km) from Newport Mansions and 1.3 mi (2.2 km) from Easton s Beach.</p><p>Rooms : Make yourself at home in one of the 14 individually decorated guestrooms, featuring kitchens with full-sized refrigerators/freezers and stovetops. Your pillowtop bed comes with premium bedding. 50-inch flat-screen televisions with digital programming provide entertainment, while complimentary wireless Internet access keeps you connected. Conveniences include microwaves and coffee/tea makers, and housekeeping is provided daily.</p><p>CheckIn Instructions : <ul>  <li>Extra-person charges may apply and vary depending on property policy</li><li>Government-issued photo identification and a credit card may be required at check-in for incidental charges</li><li>Special requests are subject to availability upon check-in and may incur additional charges; special requests cannot be guaranteed</li><li>Guests must contact this property in advance to reserve cribs/infant beds, rollaway/extra beds, and high chair</li><li>This property accepts credit cards, debit cards, and cash</li><li>This property reserves the right to pre-authorize the guest s credit card prior to arrival.</li><li>Long-term renters welcome</li><li>Safety features at this property include a carbon monoxide detector, a fire extinguisher, a smoke detector, a security system, and a first aid kit</li>  </ul></p><p>Special Instructions : The front desk is open daily from 8:00 AM - 7:30 PM. To make arrangements for check-in please contact the property at least 24 hours before arrival using the information on the booking confirmation. Prior to arrival, guests must complete online registration with the property via a secure link. Guests will receive an email 24 hours before arrival with check-in instructions and smart lock details. Front desk staff will greet guests on arrival.</p>",Covered parking secured parking Uncovered parking Carport Food and water bowls Parking (limited spaces) Sailing nearby Free WiFi Well-lit path to entrance Upper floors accessible by stairs only Garden In-room accessibility (in select rooms) Bicycle rentals nearby Accessible bathroom (in select rooms) Boat tours nearby Off-street parking Wheelchair accessible  no Express check-out Parasailing nearby Handrails in stairways Front desk (limited hours) Scooter/moped rentals nearby Golfing nearby Smoke-free property Coffee/tea in common areas Hiking/biking trails nearby Laundry facilities Kayaking nearby Free self parking Terrace Concierge services,Distances are displayed to the nearest 0.1 mile and kilometer. <br /> <p>Thames Street - 0.1 km / 0.1 mi <br /> Bowen s Wharf - 0.1 km / 0.1 mi <br /> Queen Anne Square - 0.2 km / 0.1 mi <br /> Bannister s Wharf - 0.3 km / 0.2 mi <br /> Newport Harbour - 0.3 km / 0.2 mi <br /> St. Mary s Catholic Church - 0.4 km / 0.2 mi <br /> Old Stone Mill - 0.4 km / 0.3 mi <br /> Newport Art Museum - 0.5 km / 0.3 mi <br /> Touro Synagogue - 0.6 km / 0.3 mi <br /> Jane Pickens Theater - 0.6 km / 0.3 mi <br /> Newport Visitor Information Center - 0.6 km / 0.4 mi <br /> Ocean Drive Historic District - 0.7 km / 0.4 mi <br /> White Horse Tavern - 0.7 km / 0.4 mi <br /> International Tennis Hall of Fame and Museum - 0.8 km / 0.5 mi <br /> Kingscote Newport Mansion - 0.8 km / 0.5 mi <br /> </p><p>The nearest airports are:<br />T.F. Green Airport (PVD) - 43.4 km / 26.9 mi<br /> Newport  RI (NPT-Newport State) - 6.4 km / 4 mi<br /> North Kingstown  RI (NCO-Quonset State) - 28 km / 17.4 mi<br /> New Bedford  MA (EWB-New Bedford Regional) - 50.9 km / 31.7 mi<br /> Block Island  RI (BID-Block Island State) - 63.8 km / 39.6 mi<br /> </p><p>The preferred airport for Pelham Court Hotel is T.F. Green Airport (PVD). </p>,14 Pelham Street NewportRhode Island 02840 ,02840,4016194950,http://www.pelhamcourthotel.com
Rhode Island,,41.48462,-71.31302,Wynstone Inn,3.0,"With a prime location just 1 block from the waterfront, this luxurious bed and breakfast in Newport, Rhode Island offers rooms with spa baths and fireplaces. A cooked-to-order breakfast is on offer.

Wynstone Inn features guestrooms with fine antiques and en suite bathrooms. After a restful nights sleep on a comfortable featherbed, guests will wake up to a delicious, full breakfast.

The heart of Newport is just steps from the Wynstone. Guests can walk to many unique shops and fine restaurants, or explore the various antique stores and art galleries. Guests are required to show a photo identification and credit card upon check-in. Please note that all Special Requests are subject to availability and additional charges may apply.
You must show a valid photo ID and credit card upon check-in. Please note that all special requests cannot be guaranteed and are subject to availability upon check-in. Additional charges may apply.

Please note that the check-in location is the following:

27 Clark Street
Newport, Rhode Island
02840",Parking Non-smoking rooms Free parking internet services Heating wifi Free WiFi Air conditioning parking on site wifi available in all areas,,232 Spring Street NewportRhode Island 02840 ,02840,4018497397,https://www.booking.com/hotel/us/wynstone-inn.html
Rhode Island,,41.48273,-71.31439,Francis Malbone House Inn,4.0,"Property Location With a stay at 1760 Francis Malbone House, you''ll be centrally located in Newport, steps from Whitehorne House and St. Mary''s Catholic Church. This bed & breakfast is within close proximity of Museum of Yachting and Bannister''s Wharf.Rooms Treat yourself to a stay in one of the 18 individually decorated guestrooms, featuring fireplaces and flat-screen televisions. Cable programming and iPod docking stations are provided for your entertainment, while complimentary wireless Internet access keeps you connected. Conveniences include phones, as well as desks and complimentary newspapers.Rec, Spa, Premium Amenities Take in the views from a garden and make use of amenities such as a fireplace in the lobby.Dining Meet other guests and eat at a complimentary reception. A complimentary full breakfast is served daily.Business, Other Amenities Featured amenities include laundry facilities and a library. Event facilities at this bed & breakfast consist of conference space and a meeting room. Free self parking is available onsite.",Library Free self parking Garden,Distances are calculated in a straight line from the property&apos;s location to the point of interest or attraction  and may not reflect actual travel distance. &lt;br /&gt;&lt;br /&gt; Distances are displayed to the nearest 0.1 mile and kilometer. &lt;p&gt;Whitehorne House - 0.1 km / 0 mi &lt;br /&gt;St. Mary&apos;s Catholic Church - 0.2 km / 0.1 mi &lt;br /&gt;Museum of Yachting - 0.2 km / 0.1 mi &lt;br /&gt;Ryan Family Amusements - 0.4 km / 0.3 mi &lt;br /&gt;Bannister&apos;s Wharf - 0.4 km / 0.3 mi &lt;br /&gt;Kingscote Newport Mansion - 0.4 km / 0.3 mi &lt;br /&gt;International Tennis Hall of Fame and Museum - 0.5 km / 0.3 mi &lt;br /&gt;Trinity Church - 0.5 km / 0.3 mi &lt;br /&gt;Queen Anne Square - 0.5 km / 0.3 mi &lt;br /&gt;Old Stone Mill - 0.5 km / 0.3 mi &lt;br /&gt;Touro Park - 0.5 km / 0.3 mi &lt;br /&gt;Isaac Bell House - 0.6 km / 0.4 mi &lt;br /&gt;Redwood Library and Athenauem - 0.6 km / 0.4 mi &lt;br /&gt;Newport Art Museum - 0.6 km / 0.4 mi &lt;br /&gt;The Elms - 0.7 km / 0.5 mi &lt;br /&gt;&lt;/p&gt;&lt;p&gt;The preferred airport for 1760 Francis Malbone House is Providence  RI (PVD-T.F. Green) - 28.9 km / 17.9 mi. &lt;/p&gt;,392 Thames St NewportRhode Island 02840 ,02840,401846039214018485956,http://www.malbone.com
Rhode Island,,41.48357,-71.30289,Victorian Ladies Inn,4.0,"Centrally located in the charming town of Newport, Rhode Island, this bed and breakfast offers elegant accommodations, beautiful on-site gardens and is within walking distance to the harbor and beaches.

Guests staying at the Town & Tide Inn will find easy access to many of the areas most popular points of interest. Historic Colonial homes and mansions, quaint local restaurants and the scenic waterfront are all only a short distance away.

Guests can also enjoy a daily gourmet breakfast served in the dining room or in the seasonal garden. Guests are required to show a photo identification and credit card upon check-in. Please note that all Special Requests are subject to availability and additional charges may apply.
Please inform Town & Tide Inn in advance of your expected arrival time. You can use the Special Requests box when booking, or contact the property directly with the contact details provided in your confirmation.
In response to Coronavirus (COVID-19), additional safety and sanitation measures are in effect at this property.",Free parking internet services express check-in/check-out Heating Luggage storage wifi Free WiFi Non-smoking throughout Air conditioning Special diet menus (on request) shared lounge/TV area Daily housekeeping parking on site Outdoor furniture Picnic area Smoke alarms CCTV in common areas Fire extinguishers use of cleaning chemicals that are effective against coronavirus linens  towels and laundry washed in accordance with local authority guidelines guest accommodation is disinfected between stays guest accommodation sealed after cleaning physical distancing in dining areas staff follow all safety protocols as directed by local authorities contactless check-in/check-out cashless payment available physical distancing rules followed invoice provided Parking Garden Non-smoking rooms,,63 Memorial Blvd NewportRhode Island 02840 ,02840,4018499960,https://www.booking.com/hotel/us/town-and-tide-inn.html
Rhode Island,,41.48785,-71.31296,The Pilgrim House Inn,3.0,"This proeprty features uniquely styled guestrooms with free Wi-Fi access. Enjoy views of Newport Harbor from the rooftop terrace. Newports Cliff Walk is 2.1 km away.

The Outlook Inn boasts costal-style rooms decorated with modern furnishings and high ceilings. Cable TV and an en suite bathroom are also available with each room.

Relax in the private garden at the The Outlook Inn. Guests can use the copy and fax services.

An American breakfast, including bread, scones, and fruit is served every morning in the dining room or on the terrace.

Tour Newports historic mansions, just 1.1 km from the inn. The International Tennis Hall of Fame & Museum is 900 metres away. Guests are required to show a photo identification and credit card upon check-in. Please note that all Special Requests are subject to availability and additional charges may apply.
This property will not accommodate hen, stag or similar parties.
In response to Coronavirus (COVID-19), additional safety and sanitation measures are in effect at this property.",Parking Terrace Non-smoking rooms Free parking internet services express check-in/check-out Heating wifi Free WiFi Non-smoking throughout Air conditioning Sun terrace Daily housekeeping wifi available in all areas Outdoor furniture invoice provided,,123 Spring Street NewportRhode Island 02840 ,02840,4018460040,https://www.booking.com/hotel/us/the-outlook-inn.html
Rhode Island,,41.493171692,-71.311630249,The Henry Collins Inn,2.0,"<p><b>Property Location</b> <br />With a stay at The Henry Collins Inn, you'll be centrally located in Newport, a 4-minute drive from Touro Synagogue and 5 minutes from International Tennis Hall of Fame and Museum.  This bed & breakfast is 1.7 mi (2.8 km) from Naval War College Museum and 2.4 mi (3.8 km) from Beechwood Mansion.</p><p><b>Rooms</b> <br />Make yourself at home in one of the 5 air-conditioned rooms featuring refrigerators. Complimentary wireless Internet access keeps you connected, and cable programming is available for your entertainment. Housekeeping is provided daily, and rollaway/extra beds (surcharge) can be requested.</p><p><b>Amenities</b> <br />Make use of convenient amenities, which include complimentary wireless Internet access and tour/ticket assistance.</p><p><b>Dining</b> <br />A complimentary cooked-to-order breakfast is included.</p><p><b>Business, Other Amenities</b> <br />Free self parking is available onsite.</p>",Free WiFi Free breakfast Free self parking Pets allowed Smoke-free property Total number of rooms - 5 Tours/ticket assistance,Distances are displayed to the nearest 0.1 mile and kilometer. <br /> <p>Firehouse Theater - 0.3 km / 0.2 mi <br /> White Horse Tavern - 0.3 km / 0.2 mi <br /> Old Colony House - 0.4 km / 0.3 mi <br /> Jane Pickens Theater - 0.5 km / 0.3 mi <br /> Touro Synagogue - 0.5 km / 0.3 mi <br /> Newport Historical Society - 0.5 km / 0.3 mi <br /> Thames Street - 0.5 km / 0.3 mi <br /> Museum of Newport History - 0.5 km / 0.3 mi <br /> Newport Visitor Information Center - 0.6 km / 0.4 mi <br /> Old Colony and Newport Railway - 0.7 km / 0.5 mi <br /> Newport Harbor Shuttle - 0.8 km / 0.5 mi <br /> Trinity Church - 0.8 km / 0.5 mi <br /> Newport Harbour - 0.8 km / 0.5 mi <br /> Queen Anne Square - 0.8 km / 0.5 mi <br /> Bowen's Wharf - 0.9 km / 0.5 mi <br /> </p><p>The nearest airports are:<br />Newport  RI (NPT-Newport State) - 5.6 km / 3.5 mi<br /> North Kingstown  RI (NCO-Quonset State) - 27.5 km / 17.1 mi<br /> Providence  RI (PVD-T.F. Green) - 42.8 km / 26.6 mi<br /> New Bedford  MA (EWB-New Bedford Regional) - 48.6 km / 30.2 mi<br /> Westerly  RI (WST-Westerly State) - 61.2 km / 38 mi<br /> </p><p>The preferred airport for The Henry Collins Inn is Providence  RI (PVD-T.F. Green). </p>,12 Collins Street NewportRhode Island 02840 ,02840,4018480708,http://henrycollinsinn.com
Rhode Island,,41.48105,-71.3044,Admiral Weaver Inn,4.0,"Originally built in 1863, this charming B&B features rooms with a refrigerator and cable TV. Free WiFi and free parking are available.

All rooms at the Admiral Weaver Inn are individually decorated and include a private bathroom.

Breakfast is served by reservation only - that can be made at check in. Coffee and tea are available anytime. There is a covered porch for relaxation.

The Inn Admiral Weaver is within easy walking distance of the International Tennis Hall of Fame, and Newport National Golf Club is 5.8 miles away. The Cliff Walk and Easton Beach is within 750 meters. Guests are required to show a photo identification and credit card upon check-in. Please note that all Special Requests are subject to availability and additional charges may apply.
Please inform Admiral Weaver Inn in advance of your expected arrival time. You can use the Special Requests box when booking, or contact the property directly with the contact details provided in your confirmation.
In response to Coronavirus (COVID-19), additional safety and sanitation measures are in effect at this property.
Due to Coronavirus (COVID-19), this property is taking steps to help protect the safety of guests and staff. Certain services and amenities may be reduced or unavailable as a result.
Due to Coronavirus (COVID-19), this property has reduced reception and service operating hours.
In accordance with government guidelines to minimise transmission of the Coronavirus (COVID-19), this property may request additional documentation from guests to validate identity, travel itinerary and other relevant information, during dates where such guidelines exist.
As a result of Coronavirus (COVID-19), this property has temporarily suspended its shuttle services.
Due to Coronavirus (COVID-19), this property adheres to strict physical distancing measures.
This property will not accommodate hen, stag or similar parties.
It is not possible to stay at this property for Coronavirus (COVID-19) quarantine purposes.
Due to Coronavirus (COVID-19), please ensure that you are only booking this property following the local government guidelines of the destination, including but not limited to the purpose of travel, and maximum allowed group size.
A damage deposit of USD 200 is required on arrival. This will be collected by credit card. You should be reimbursed within 7 days of check-out. Your deposit will be refunded in full via credit card, subject to an inspection of the property.
Please note that breakfast reservations will be made at check in.",Parking Terrace Non-smoking rooms Free parking internet services Heating wifi Free WiFi Non-smoking throughout Air conditioning designated smoking area Sun terrace Private check-in/check-out vending machine (drinks) vending machine (snacks) parking on site Private parking wifi available in all areas board games/puzzles 24-hour security Security alarm Smoke alarms CCTV in common areas CCTV outside property Fire extinguishers use of cleaning chemicals that are effective against coronavirus linens  towels and laundry washed in accordance with local authority guidelines guest accommodation is disinfected between stays guest accommodation sealed after cleaning physical distancing in dining areas staff follow all safety protocols as directed by local authorities hand sanitizer in guest accommodation and key areas first aid kit available cashless payment available physical distancing rules followed invoice provided all plates  cutlery  glasses and other tableware have been sanitized guests have the option to cancel any cleaning services for their accommodation during their stay,,28 Weaver Avenue NewportRhode Island 02840 ,02840,4018490051,https://www.booking.com/hotel/us/admiral-weaver-inn.html
Rhode Island,,41.47694,-71.31599,Wellington Resort,3.0,"Beloved by families for our waterfront location in downtown Newport, Rhode Island, The Wellington is an all-suite, vacation rental resort where every room is a room with a view...and then some! Spread out across seven acres overlooking Newport Harbor, and enjoy simple pursuits. Set out for a day of exploring: wander downtowns shops, restaurants, historic mansions, stroll along the coastline or hike the famed Cliff Walk, just steps away. Gather with loved ones for lifes most meaningful moments in a place that feels like home. Guests are required to show a photo identification and credit card upon check-in. Please note that all Special Requests are subject to availability and additional charges may apply.
In response to Coronavirus (COVID-19), additional safety and sanitation measures are in effect at this property.
Outdoor Swimming Pool is closed from Mon 09 Jan 2023 until Fri 19 May 2023
A damage deposit of USD 200 is required on arrival. This will be collected by credit card. You should be reimbursed on check-out. Your deposit will be refunded in full via credit card, subject to an inspection of the property.
Please note that payment is taken at time of booking.",Shallow end sun loungers or beach chairs Parking meeting/banquet facilities Sun umbrellas Fitness centre Outdoor furniture Garden Fitness fitness/spa locker rooms Swimming pool Key card access Security alarm Smoke alarms CCTV in common areas Non-smoking rooms CCTV outside property Business centre Fire extinguishers Facilities for disabled guests Swimming pool Family rooms use of cleaning chemicals that are effective against coronavirus Free parking linens  towels and laundry washed in accordance with local authority guidelines guest accommodation is disinfected between stays internet services guest accommodation sealed after cleaning lift staff follow all safety protocols as directed by local authorities express check-in/check-out hand sanitizer in guest accommodation and key areas Safety Deposit Box BBQ facilities Heating Fax/photocopying Luggage storage cashless payment available physical distancing rules followed guests have the option to cancel any cleaning services for their accommodation during their stay wifi Indoor pool Outdoor pool Free WiFi Non-smoking throughout Air conditioning Sun terrace outdoor pool (seasonal) indoor pool (all year) Private check-in/check-out vending machine (drinks) vending machine (snacks) Lockers shared lounge/TV area Daily housekeeping parking on site Private parking wifi available in all areas board games/puzzles Accessible parking Wheelchair accessible Toilet with grab rails Higher level toilet Lower bathroom sink Heated pool,,551 Thames Street P.O.Box 296NewportRhode Island 02840 ,02840,401849177014018476250,https://www.booking.com/hotel/us/wellington-resort.html
Rhode Island,,41.48106,-71.31261,The Newport Inn,3.0,"Featuring free WiFi throughout the property, The Newport Lofts - 353 Spring Street is conveniently located on Spring Street in the heart of historic Newport, Rhode Island, just steps away from Newport Harbor, world class shopping, fine dining and historical sites.

The Newport Lofts - 353 Spring Street features six guest rooms and one deluxe suite called The Seaview Suite. All rooms have their own private spa like bathrooms and come fully accessorized with flat screen televisions, plush linens, and soaps and shampoos. The Seaview Suite is located on the third floor and features a master bedroom, living area and a private balcony with views of both Newport Harbor and the downtown area.

In addition to The Newport Lofts - 353 Spring Streets six guest rooms & suite there is a reading room and business centre. Off street parking is available as well.

The Preservation Society of Newport County is 500 metres from The Newport Lofts - 353 Spring Street, while Touro Synagogue is 700 metres away. The nearest airport is T.F. Green Airport, 29 km from The Newport Lofts - 353 Spring Street. Please inform The Newport Lofts  353 Spring Street in advance of your expected arrival time. You can use the Special Requests box when booking, or contact the property directly with the contact details provided in your confirmation.
In response to Coronavirus (COVID-19), additional safety and sanitation measures are currently in effect at this property.
 A damage deposit of USD 2000 is required. The host charges this 14 days before arrival. This will be collected by credit card. You should be reimbursed within 14 days of check-out. Your deposit will be refunded in full via credit card, subject to an inspection of the property.
Please note, the property will contact guests for further details on the check-in process.

Please note, if arriving after 19:00 hours, contact the property directly with the contact details provided in your confirmation to coordinate your arrival.",Non-smoking rooms shared lounge/TV area Heating Free WiFi shared stationery such as printed menus  magazines  pens  and paper removed staff follow all safety protocols as directed by local authorities Private check-in/check-out guest accommodation is disinfected between stays Free parking Smoke alarms CCTV in common areas linens  towels and laundry washed in accordance with local authority guidelines Fire extinguishers concierge service On-site parking use of cleaning chemicals that are effective against coronavirus Private parking Daily housekeeping wifi available in all areas Air conditioning internet services cashless payment available express check-in/check-out Parking invoice provided property is cleaned by professional cleaning companies contactless check-in/check-out Bridal suite Non-smoking throughout physical distancing rules followed wifi,,353 Spring Street NewportRhode Island 02840-6821 ,02840,4016850259,https://www.booking.com/hotel/us/the-newport-inn.html
Rhode Island,,41.5089,-71.30218,Rhea's Kitchen,2.0,"Just 1 mile from downtown Newport, this Middletown inn offers free Wi-Fi and uniquely decorated rooms that feature cable TV. Aquidneck Shopping Center is 1 mile away.

An en suite bathroom and air-conditioning are offered in all rooms at Rheas Inn.

On the first floor is a Thai restaurant open 11:30am - 10:30pm daily. A full bar is also available.

Guest staying at this inn can enjoy on-site dining for lunch and dinner.

The Community College of Rhode Island  Newport County Campus is 2 miles from Rheas Inn. Several dining options are within 10 minutes drive. Guests are required to show a photo identification and credit card upon check-in. Please note that all Special Requests are subject to availability and additional charges may apply.
Please note: All reservations will be charged 3.95% on credit card payment, the room will be held with a credit card without fees.  No charge for cash or debit. we will not charge customer until they arrive.",Parking Restaurant Bar Tennis Court Golf course (within 3 km) Non-smoking rooms Fishing Free parking internet services Windsurfing Canoeing Hiking Cycling Heating Diving Horse riding Snorkelling wifi Free WiFi Non-smoking throughout Air conditioning Private check-in/check-out parking on site wifi available in all areas Stand-up comedy Live music/performance Live sport events (broadcast) Key access Security alarm Smoke alarms CCTV outside property Fire extinguishers use of cleaning chemicals that are effective against coronavirus linens  towels and laundry washed in accordance with local authority guidelines guest accommodation is disinfected between stays staff follow all safety protocols as directed by local authorities first aid kit available contactless check-in/check-out cashless payment available physical distancing rules followed invoice provided property is cleaned by professional cleaning companies all plates  cutlery  glasses and other tableware have been sanitized guests have the option to cancel any cleaning services for their accommodation during their stay,,120 West Main Road MiddletownRhode Island 02842 ,02842,4018415560,https://www.booking.com/hotel/us/rheas-inn-and-restaurant.html
Rhode Island,,41.4892,-71.31331,Chart House Inn,5.0,"Situated in Newport in the Rhode Island region, with King Park Beach and Eastons Beach nearby, Chart House Inn features accommodation with free private parking.

Some of the units have a cable flat-screen TV, a fully equipped kitchenette with a fridge, and a private bathroom with a shower and a hairdryer.

An American, vegetarian or vegan breakfast is available each morning at the property.

The bed and breakfast offers a terrace.

Popular points of interest near Chart House Inn include International Tennis Hall of Fame, Rosecliff Mansion and The Preservation Society of Newport County. The nearest airport is T.F. Green Airport, 43 km from the accommodation. Guests are required to show a photo identification and credit card upon check-in. Please note that all Special Requests are subject to availability and additional charges may apply.",Parking Terrace Free parking Heating Non-smoking throughout Air conditioning parking on site Private parking,,16 Clarke Street NewportRhode Island 02840 ,02840,4018465676,https://www.booking.com/hotel/us/chart-house-inn.html
Rhode Island,,41.47926,-71.31436,Bouchard Restaurant & Inn,4.0,"Located in downtown Newport, along Thames Street, this boutique-style inn features an on-site French restaurant and rooms with free Wi-Fi. Newport Mansions are 1 km away.

At Bouchard Restaurant & Inn guests can relax in their sitting area complete with a flat-screen TV with cable.The higher floors are accessible by stairs only.

A menu featuring dishes such as beef tartare, pâté and toast, and lobster bisque is offered at Newports Bouchard Restaurant & Inn. An extensive wine list is available. Coffee, juice, fresh made pastries & a yogurt parfait are available from breakfast each morning.

King Park Beach is a 550 metres walk from this inn. The harbour is just steps away. Guests are required to show a photo identification and credit card upon check-in. Please note that all Special Requests are subject to availability and additional charges may apply.
In response to Coronavirus (COVID-19), additional safety and sanitation measures are in effect at this property.
Due to Coronavirus (COVID-19), this property is taking steps to help protect the safety of guests and staff. Certain services and amenities may be reduced or unavailable as a result.
In accordance with government guidelines to minimise transmission of the Coronavirus (COVID-19), this property may request additional documentation from guests to validate identity, travel itinerary and other relevant information, during dates where such guidelines exist.
Due to Coronavirus (COVID-19), wearing a face mask is mandatory in all indoor common areas.
You must show a valid photo ID and credit card upon check-in. Please note that all special requests cannot be guaranteed and are subject to availability upon check-in. Additional charges may apply.

If you expect to arrive after 14:00, please inform the property in advance.

Please note that property does not have elevators.",Parking Restaurant Bar Non-smoking rooms Family rooms breakfast in the room Free parking internet services Heating Fax/photocopying wifi Free WiFi Non-smoking throughout Air conditioning Sun terrace Private check-in/check-out Daily housekeeping parking on site Private parking wifi available in all areas secured parking Smoke alarms use of cleaning chemicals that are effective against coronavirus linens  towels and laundry washed in accordance with local authority guidelines guest accommodation is disinfected between stays physical distancing in dining areas staff follow all safety protocols as directed by local authorities hand sanitizer in guest accommodation and key areas first aid kit available contactless check-in/check-out cashless payment available physical distancing rules followed screens or physical barriers placed between staff and guests in appropriate areas invoice provided all plates  cutlery  glasses and other tableware have been sanitized guests have the option to cancel any cleaning services for their accommodation during their stay breakfast takeaway containers delivered food is securely covered face masks for guests available,,505 Thames Street NewportRhode Island 02840 ,02840,4018460123,https://www.booking.com/hotel/us/bouchard-restaurant-amp-inn.html
Rhode Island,,41.70032,-71.28115,Bristol House Bed and Breakfast,5.0,"Located in a quiet, secluded suburban neighborhood, we are the ONLY B&B in Bristol that offers you immediate access to the water & the East Bay Bike Path, no hassle parking, modern amenities and a beautiful backyard garden and patio to relax and wind away the day - all at an affordable nightly rate!  And, now with UBER active in the Bristol area, the downtown area is a short, 3-minute, $5 trip away - so you dont have to drive to go out to dinner or attend your special event/wedding.  With our special concierge service, we can arrange dinner reservations, tickets to attractions and car service - including UBER!  
Our trained chef prepares breakfasts that have won numerous awards and we can adapt our menus to follow any dietary constraints or food allergies that you and your party may have.  
We hope to see you soon! This Bristol, Rhode Island bed and breakfast is 5 minutes drive from Colt State Park and boasts lush gardens and a daily gourmet breakfast.

Rooms at the Bristol House Bed & Breakfast are uniquely decorated in bright colours and feature a flat-screen TV and free Wi-Fi. A luxury spa bathrobe is provided for guests comfort.

The B&B Bristol House serves a full gourmet breakfast which includes locally grown produce, homemade baked goods, and a hot entree. Guests can relax on the large terrace or take advantage of on-site personal training services.

Both Providence and Newport are within 15 miles of the bed and breakfast. Roger Williams University is 7 minutes drive away. Please inform Bristol House Bed & Breakfast Inn in advance of your expected arrival time. You can use the Special Requests box when booking, or contact the property directly with the contact details provided in your confirmation.
Please contact Bristol House Bed & Breakfast if you are interested in a room with two twin beds. Accommodations can be made to the king room.

Please note that only children above the age of 6 years are allowed at the property.",Free self parking Golf course (within 3 km) Free newspapers in lobby Garden Terrace Non-smoking rooms Airport shuttle Fishing Business center Babysitting or childcare Family rooms Internet access Bicycle rental (additional charge) Library Business services Hiking BBQ facilities Packed lunches Car hire Cycling Heating Luggage storage Free WiFi Free WiFi Non-smoking throughout Air conditioning Concierge services Area shuttle (surcharge) Special diet menus (on request) Vending machine - Snacks & Drink Airport transportation (surcharge) Daily housekeeping Parking onsite Games Children's books Children television networks Street parking,,14 Aaron Avenue BristolRhode Island 02809 ,02809,4013969066,https://www.booking.com/hotel/us/bristol-house-bed.html
Rhode Island,,41.48148,-71.30611,Belle View Inn,2.0,"The Belle View Inn features free WiFi throughout the property and views of garden in Newport. Popular points of interest around the property include International Tennis Hall of Fame and Rosecliff Mansion. The Preservation Society of Newport County is 500 metres from the property.

All units at the inn are fitted with a seating area and a flat-screen TV. Each room is fitted with a coffee machine and a private bathroom, while selected rooms are equipped with a kitchen. The units at The Belle View Inn have air conditioning and a wardrobe.

Touro Synagogue is 900 metres from the accommodation. The nearest airport is T.F. Green Airport, 29 km from The Belle View Inn. Guests are required to show a photo identification and credit card upon check-in. Please note that all Special Requests are subject to availability and additional charges may apply.",Free self parking Garden Non-smoking rooms Internet access Heating Free WiFi Free WiFi Air conditioning Designated smoking areas Parking onsite Private parking,,22 Freebody St NewportRhode Island 02840 ,02840,8007226354,https://www.booking.com/hotel/us/the-belle-view-inn.html
Rhode Island,,41.48561,-71.31099,Historic Hill Inn,3.0,"This Newport Rhode Island bed and Breakfast is 5 minutes walk from Newport Harbor and offers free WiFi. Trinity Church is just 3 minutes walk away.

Rooms at the Historic Hill Inn all feature a cable TV, ironing facilities, and a private bathroom. They are decorated with antique accents and wooden flooring.

Relax on the terrace and admire the inns gardens. The Inn Historic Hill also offers concierge services.

Take a cruise around the harbour with Rum Runner II Excursion Tours, located a half-mile from the bed and breakfast. The Museum of Newport History is 5 minutes walk away. Guests are required to show a photo identification and credit card upon check-in. Please note that all Special Requests are subject to availability and additional charges may apply.
Please inform Historic Hill Inn in advance of your expected arrival time. You can use the Special Requests box when booking, or contact the property directly with the contact details provided in your confirmation.
This property will not accommodate hen, stag or similar parties.
In response to Coronavirus (COVID-19), additional safety and sanitation measures are in effect at this property.
Food & beverage services at this property may be limited or unavailable due to Coronavirus (COVID-19).
Due to Coronavirus (COVID-19), this property is taking steps to help protect the safety of guests and staff. Certain services and amenities may be reduced or unavailable as a result.
Due to Coronavirus (COVID-19), this property has reduced reception and service operating hours.",Parking Garden Terrace Non-smoking rooms Family rooms Free parking internet services express check-in/check-out Heating Luggage storage wifi Free WiFi Non-smoking throughout Air conditioning concierge service parking on site Private parking wifi available in all areas secured parking Outdoor furniture Smoke alarms Fire extinguishers use of cleaning chemicals that are effective against coronavirus linens  towels and laundry washed in accordance with local authority guidelines guest accommodation is disinfected between stays physical distancing in dining areas staff follow all safety protocols as directed by local authorities hand sanitizer in guest accommodation and key areas contactless check-in/check-out cashless payment available physical distancing rules followed invoice provided guests have the option to cancel any cleaning services for their accommodation during their stay all plates  cutlery  glasses and other tableware have been sanitized,,105 Pelham Street NewportRhode Island 02840 ,02840,4018493416,https://www.booking.com/hotel/us/newport-105-pelham-street.html
Rhode Island,,41.50021,-71.27591,Sea Whale Cottages,3.0,"<p><b>Property Location</b> <br />When you stay at Sea Whale Cottages in Middletown, you'll be near the beach, within a 10-minute drive of International Tennis Hall of Fame and Museum and Touro Synagogue.  This cottage is 3.3 mi (5.2 km) from The Breakers and 3.3 mi (5.4 km) from Naval War College Museum.</p><p><b>Rooms</b> <br />Make yourself at home in one of the 3 guestrooms, featuring kitchens. Complimentary wireless Internet access is available to keep you connected.</p><p><b>Business, Other Amenities</b> <br />Free self parking is available onsite.</p>",Designated smoking areas Free WiFi Free self parking Parking (limited spaces) Total number of rooms - 3,Distances are displayed to the nearest 0.1 mile and kilometer. <br /> <p>Easton's Beach - 1.7 km / 1 mi <br /> Second Beach - 2.1 km / 1.3 mi <br /> Newport Grand Casino - 3.8 km / 2.4 mi <br /> Newport Art Museum - 3.8 km / 2.4 mi <br /> International Tennis Hall of Fame and Museum - 3.8 km / 2.4 mi <br /> Third Beach - 3.9 km / 2.4 mi <br /> Norman Bird Sanctuary - 3.9 km / 2.4 mi <br /> Touro Park - 3.9 km / 2.4 mi <br /> Old Stone Mill - 3.9 km / 2.4 mi <br /> Newport Vineyards - 4 km / 2.5 mi <br /> Chepstow - 4 km / 2.5 mi <br /> St. Mary's Catholic Church - 4.1 km / 2.6 mi <br /> Isaac Bell House - 4.2 km / 2.6 mi <br /> Firehouse Theater - 4.2 km / 2.6 mi <br /> Salve Regina University - 4.3 km / 2.6 mi <br /> </p><p>The nearest airports are:<br />Newport  RI (NPT-Newport State) - 4.2 km / 2.6 mi<br /> North Kingstown  RI (NCO-Quonset State) - 30.5 km / 19 mi<br /> Providence  RI (PVD-T.F. Green) - 45.9 km / 28.5 mi<br /> New Bedford  MA (EWB-New Bedford Regional) - 47.7 km / 29.6 mi<br /> Westerly  RI (WST-Westerly State) - 64.2 km / 39.9 mi<br /> </p><p></p>,222 Prospect Avenue MiddletownRhode Island 02842 ,02842,5085484747,http://seawhale.com/our-properties/
Rhode Island,,41.53121,-71.27165,The East Island Reserve Hotel,3.0,"Set in Newport County, Rhode Island, The East Island Reserve features keyless access, free WiFi access and free private parking. Guests can enjoy a seasonal outdoor pool and sun deck.

The cottages, suites and rooms all have private spa-like bathrooms with soaps and shampoos and come fully equipped with flat-screen TV and plush linens.

Newport Vineyards is 220 metres from The East Island Reserve, while Prescott Farm is 3.7 km away. The nearest airport is T.F. Green Airport, 48.4 km from the property. In response to Coronavirus (COVID-19), additional safety and sanitation measures are in effect at this property.
When travelling with pets, please note that an extra charge of $50 per pet, per night applies. Please note that a maximum of 2 pets are allowed.",secured parking Heated pool Salt-water pool Shallow end Outdoor furniture Fence around pool Spa Facilities Back massage Neck massage Couples massage Full body massage Swimming pool Smoke alarms CCTV in common areas Fire extinguishers Swimming pool Parking Pets allowed Non-smoking rooms Free parking internet services express check-in/check-out Spa and wellness centre Massage Hiking Heating wifi Outdoor pool Free WiFi Non-smoking throughout Air conditioning Sun terrace outdoor pool (seasonal) Private check-in/check-out shared lounge/TV area parking on site Private parking wifi available in all areas,,985 East Main Road MiddletownRhode Island 02842 ,02842,4016850233,https://www.booking.com/hotel/us/the-east-island-reserve.html
Rhode Island,,41.47554,-71.31353,Cole's Court Newport,5.0,"Situated in Newport in the Rhode Island region, with Gooseberry Beach and The Preservation Society of Newport County nearby, Coles Court Newport features accommodation with free WiFi and free private parking.

Featuring a kitchen with a dishwasher and a microwave, each unit also comes with a cable flat-screen TV, ironing facilities, wardrobe and a seating area with a sofa. There is a private bathroom with bath or shower in all units, along with a hairdryer and free toiletries.

Popular points of interest near the apartment include Rosecliff Mansion, International Tennis Hall of Fame and Bellevue Avenue. The nearest airport is T.F. Green Airport, 29 km from Coles Court Newport. Guests are required to show a photo identification and credit card upon check-in. Please note that all Special Requests are subject to availability and additional charges may apply.
Please inform Coles Court Newport in advance of your expected arrival time. You can use the Special Requests box when booking, or contact the property directly with the contact details provided in your confirmation.
A security deposit of USD 300 is required upon arrival for incidentals. This deposit is fully refundable upon check-out and subject to a damage inspection of the accommodation.",Non-smoking rooms Parking Air conditioning wifi Heating Free parking Private parking On-site parking internet services Non-smoking throughout Free WiFi,,636 Thames Street NewportRhode Island 02840 ,02840,8007666016,https://www.booking.com/hotel/us/cole-39-s-court-newport.html
Rhode Island,,41.49125,-71.302,Armistead Cottage Bed & Breakfast,3.0,"Armistead Cottage Bed and Breakfast, featuring free WiFi, is a Victorian Style Inn furnished with antiques, stained glass and queen and king size bedrooms. Each bedroom has an en suite private bathroom with a shower and tub. Free on-site parking.

For your comfort, you will find free toiletries and a hairdryer, a fireplace, AC, flat screen TV with DVD player, a desk and seating area.

We provide a guest refrigerator filled with complimentary beverages as well as a coffee and tea maker in the Inn. Each morning a home made breakfast is served in our dining room. Our guests particularly love to relax on our wide front porch which also boasts a swing.

The property is 1.3 km from Eastons beach. Touro Synagogue is 1 km from Armistead Cottage Bed & Breakfast, while International Tennis Hall of Fame is 1.1 km from the property. The nearest airport is T.F. Green Airport, located 44.3 km from the property. Guests are required to show a photo identification and credit card upon check-in. Please note that all Special Requests are subject to availability and additional charges may apply.
Please inform Armistead Cottage Bed & Breakfast in advance of your expected arrival time. You can use the Special Requests box when booking, or contact the property directly with the contact details provided in your confirmation.",wifi Free WiFi Non-smoking throughout Air conditioning concierge service Private check-in/check-out Special diet menus (on request) Daily housekeeping parking on site Private parking wifi available in all areas Parking garage Outdoor furniture Beach Key access Smoke alarms Fire extinguishers use of cleaning chemicals that are effective against coronavirus linens  towels and laundry washed in accordance with local authority guidelines guest accommodation is disinfected between stays guest accommodation sealed after cleaning physical distancing in dining areas staff follow all safety protocols as directed by local authorities shared stationery such as printed menus  magazines  pens  and paper removed hand sanitizer in guest accommodation and key areas process in place to check health of guests first aid kit available contactless check-in/check-out cashless payment available physical distancing rules followed property is cleaned by professional cleaning companies all plates  cutlery  glasses and other tableware have been sanitized guests have the option to cancel any cleaning services for their accommodation during their stay thermometers for guests provided by property face masks for guests available Parking Garden Terrace Non-smoking rooms Free parking internet services Cycling Heating Fax/photocopying,,55 Hunter Avenue NewportRhode Island 02840 ,02840,4018487123,https://www.booking.com/hotel/us/armistead-cottage-bed-amp-breakfast.html
Rhode Island,,41.49083,-71.32679,Ocean Romance Dockside Bed & Breakfast Yacht,,"This 80-foot yacht located on Newports Goat Island is docked at the marina and boasts panoramic waterfront views. Free WiFi is available.

Each guestroom on the Ocean Romance Dockside Bed & Breakfast Yacht includes DirecTV and an en suite bathroom.

The Ocean Romance Yacht B&B offers free parking at the marina. A continental breakfast is offered. Guests have access to the common areas including main salon, flybridge lounge, bow and rear cockpit.

The Newport city centre is 1.4 km away from the dockside yacht. Newports historic mansions are 3.3 km away. Guests are required to show a photo identification and credit card upon check-in. Please note that all Special Requests are subject to availability and additional charges may apply.
This property will not accommodate hen, stag or similar parties.
Please note that the yacht will stay docked throughout the stay.

Please note that only registered guests are allowed on board the yacht.

Safety/Liability: A yacht is inherently dangerous and safety precautions must constantly be observed. Surfaces may be slippery when wet, especially the decks, ramps and/or boarding ladder, as well as the circular stairs leading up to the flybridge lounge from the main salon. Extreme care should be exercised when boarding and leaving the vessel and when using the exterior common areas of the Ocean Romance yacht.

Please note, Ocean Romance is not responsible for any injury or death suffered by a registered guest or any other person while boarding, disembarking or while on the Ocean Romance yacht. The Ocean Romance yacht is not appropriate for disabled persons or the elderly for safety reasons and it is not handicap accessible. Sleeping quarters are equipped with combination carbon monoxide, fire and smoke alarms, plus high water alarms are installed below the floors.",Free self parking Non-smoking rooms Family rooms Bridal suite Internet access Heating Free WiFi Free WiFi Non-smoking throughout Air conditioning Special diet menus (on request) Television in common areas,,Goat Island Marina Dock S At 5 Marina Plaza Goat Island Marina-Dock SNewport02840 Rhode Island ,02840,8885062991,https://www.booking.com/hotel/us/ocean-romance-dockside-bed-amp-breakfast-yacht.html
Rhode Island,,41.49093,-71.31619,Mudville Flats Guest House,3.0,"<p><b>Property Location</b> <br />With a stay at Mudville Flats Guest House in Newport, you'll be within a 5-minute drive of Touro Synagogue and International Tennis Hall of Fame and Museum.  This guesthouse is 1.6 mi (2.5 km) from Naval War College Museum and 2.3 mi (3.7 km) from Beechwood Mansion.</p><p><b>Rooms</b> <br />Make yourself at home in one of the 3 air-conditioned rooms featuring kitchens. Rooms have private balconies or patios. Flat-screen televisions with cable programming provide entertainment, while complimentary wireless Internet access keeps you connected. Conveniences include desks and separate sitting areas, and housekeeping is provided daily.</p><p><b>Amenities</b> <br />Make use of convenient amenities, which include complimentary wireless Internet access and concierge services.</p><p><b>Dining</b> <br />At Mudville Flats Guest House, enjoy a satisfying meal at the restaurant. Quench your thirst with your favorite drink at the bar/lounge.</p><p><b>Business, Other Amenities</b> <br />Featured amenities include dry cleaning/laundry services, luggage storage, and a safe deposit box at the front desk.</p>",Bar/lounge Concierge services Dry cleaning/laundry service Free WiFi Luggage storage Pets allowed Restaurant Safe-deposit box at front desk Total number of rooms - 3,Distances are displayed to the nearest 0.1 mile and kilometer. <br /> <p>Newport Visitor Information Center - 0.1 km / 0.1 mi <br /> Museum of Newport History - 0.2 km / 0.1 mi <br /> White Horse Tavern - 0.2 km / 0.1 mi <br /> Newport Harbor Shuttle - 0.3 km / 0.2 mi <br /> Newport Harbour - 0.3 km / 0.2 mi <br /> Old Colony and Newport Railway - 0.3 km / 0.2 mi <br /> Jane Pickens Theater - 0.3 km / 0.2 mi <br /> Old Colony House - 0.3 km / 0.2 mi <br /> Thames Street - 0.3 km / 0.2 mi <br /> Touro Synagogue - 0.5 km / 0.3 mi <br /> Queen Anne Square - 0.5 km / 0.3 mi <br /> Newport Historical Society - 0.5 km / 0.3 mi <br /> Bowen's Wharf - 0.5 km / 0.3 mi <br /> Hunter House - 0.6 km / 0.3 mi <br /> Ryan Family Amusements - 0.6 km / 0.4 mi <br /> </p><p>The nearest airports are:<br />Newport  RI (NPT-Newport State) - 7.8 km / 4.8 mi<br /> North Kingstown  RI (NCO-Quonset State) - 28.9 km / 18 mi<br /> Providence  RI (PVD-T.F. Green) - 42.6 km / 26.4 mi<br /> New Bedford  MA (EWB-New Bedford Regional) - 50.3 km / 31.3 mi<br /> Westerly  RI (WST-Westerly State) - 60.9 km / 37.8 mi<br /> </p><p></p>,8 West Marlborough Street NewportRhode Island 02840 ,02840,,
Rhode Island,,41.48992,-71.30182,Admiral Sims House,3.0,"<p><b>Property Location</b> <br />With a stay at Admiral Sims House on Catherine St and Mill St in Newport, you'll be by the ocean, within a 15-minute walk of Easton's Beach and Touro Synagogue.  This bed & breakfast is 0.8 mi (1.3 km) from International Tennis Hall of Fame and Museum and 1.3 mi (2.1 km) from Newport Mansions.</p><p><b>Rooms</b> <br />Make yourself at home in one of the 6 air-conditioned guestrooms. Complimentary wireless Internet access keeps you connected, and cable programming is available for your entertainment. Private bathrooms with shower/tub combinations feature complimentary toiletries and hair dryers. Conveniences include ceiling fans and irons/ironing boards.</p><p><b>Amenities</b> <br />Take in the views from a garden and make use of amenities such as complimentary wireless Internet access and an arcade/game room.</p><p><b>Dining</b> <br />A complimentary hot/cold buffet breakfast is served daily from 8:30 AM to 9:30 AM.</p><p><b>Business, Other Amenities</b> <br />Featured amenities include complimentary newspapers in the lobby, luggage storage, and coffee/tea in a common area. Free self parking is available onsite.</p>",Arcade/game room Beach towels Coffee/tea in common areas Designated smoking areas Free WiFi Free breakfast Free newspapers in lobby Free self parking Garden Luggage storage Pets allowed Smoke-free property Total number of rooms - 6 Year Built - 1883,Distances are displayed to the nearest 0.1 mile and kilometer. <br /> <p>Newport Art Museum - 0.8 km / 0.5 mi <br /> Easton's Beach - 0.9 km / 0.6 mi <br /> Touro Park - 0.9 km / 0.6 mi <br /> Old Stone Mill - 1 km / 0.6 mi <br /> Firehouse Theater - 1 km / 0.6 mi <br /> Newport Historical Society - 1 km / 0.6 mi <br /> Touro Synagogue - 1.1 km / 0.7 mi <br /> Trinity Church - 1.1 km / 0.7 mi <br /> Thames Street - 1.2 km / 0.7 mi <br /> Jane Pickens Theater - 1.2 km / 0.8 mi <br /> Queen Anne Square - 1.2 km / 0.8 mi <br /> Old Colony House - 1.2 km / 0.8 mi <br /> International Tennis Hall of Fame and Museum - 1.3 km / 0.8 mi <br /> Ryan Family Amusements - 1.3 km / 0.8 mi <br /> Museum of Newport History - 1.3 km / 0.8 mi <br /> </p><p>The nearest airports are:<br />Newport  RI (NPT-Newport State) - 6 km / 3.7 mi<br /> North Kingstown  RI (NCO-Quonset State) - 28.6 km / 17.7 mi<br /> Providence  RI (PVD-T.F. Green) - 43.9 km / 27.3 mi<br /> New Bedford  MA (EWB-New Bedford Regional) - 48.9 km / 30.4 mi<br /> Westerly  RI (WST-Westerly State) - 62.3 km / 38.7 mi<br /> </p><p>The preferred airport for Admiral Sims House on Catherine St and Mill St is Providence  RI (PVD-T.F. Green). </p>,73 Catherine Street NewportRhode Island 02840 ,02840,4018410009,http://www.admiralsimsnewport.com/
Rhode Island,,41.46673,-71.31734,Gardenview Bed & Breakfast,3.0,"<p>HeadLine : In Newport (Fifth Ward)</p><p>Location : With a stay at Gardenview Bed and Breakfast in Newport (Fifth Ward), you ll be steps from Ocean Drive Historic District and 10 minutes by foot from Thames Street.  This bed & breakfast is 1.1 mi (1.7 km) from Newport Mansions and 17.6 mi (28.3 km) from Narragansett Beach.</p><p>Rooms : Make yourself at home in one of the 2 air-conditioned guestrooms.</p><p>Dining : A complimentary breakfast is included.</p><p>CheckIn Instructions : <ul>  <li>Extra-person charges may apply and vary depending on property policy</li><li>Government-issued photo identification and a credit card, debit card, or cash deposit may be required at check-in for incidental charges</li><li>Special requests are subject to availability upon check-in and may incur additional charges; special requests cannot be guaranteed</li><li>This property accepts credit cards and cash</li>  </ul></p><p>Special Instructions : </p>",Cycling nearby Fishing nearby Free breakfast Horse riding nearby Ice skating nearby Karaoke Sailing nearby Windsurfing nearby Free WiFi Water skiing nearby Garden Smoke-free property Hiking/biking trails nearby Surfing/bodyboarding nearby Kayaking nearby Free self parking Terrace Birdwatching nearby,Distances are displayed to the nearest 0.1 mile and kilometer. <br /> <p>Ocean Drive Historic District - 0.1 km / 0.1 mi <br /> Thames Street - 0.9 km / 0.5 mi <br /> Salve Regina University - 1 km / 0.6 mi <br /> The Breakers Stable & Carriage House - 1.1 km / 0.7 mi <br /> Rosecliff - 1.4 km / 0.9 mi <br /> Beechwood Mansion - 1.4 km / 0.9 mi <br /> Marble House - 1.5 km / 1 mi <br /> Gooseberry Beach - 1.6 km / 1 mi <br /> Newport Mansions - 1.6 km / 1 mi <br /> Newport Harbour - 1.7 km / 1.1 mi <br /> The Breakers - 1.8 km / 1.1 mi <br /> Ruggles - 1.8 km / 1.1 mi <br /> The Elms - 1.9 km / 1.2 mi <br /> Bailey s Beach - 1.9 km / 1.2 mi <br /> Rough Point - 2.1 km / 1.3 mi <br /> </p><p>The nearest airports are:<br />T.F. Green Airport (PVD) - 45.8 km / 28.4 mi<br /> Newport  RI (NPT-Newport State) - 10.1 km / 6.3 mi<br /> North Kingstown  RI (NCO-Quonset State) - 32.4 km / 20.1 mi<br /> New Bedford  MA (EWB-New Bedford Regional) - 53.6 km / 33.3 mi<br /> Block Island  RI (BID-Block Island State) - 66.2 km / 41.1 mi<br /> </p><p></p>,8 Binney Street NewportRhode Island 02840 ,02840,4018495799,http://gardenviewbnb.com
Rhode Island,,41.47662,-71.31419,Firehouse Inn,5.0,"Providing free WiFi and a shared lounge, The Firehouse is located in Newport, 500 metres from The Preservation Society of Newport County. Keyless access is also available at this property.

Popular points of interest around the property include Rosecliff Mansion and International Tennis Hall of Fame. Attractions in the area include Bellevue Avenue, 900 metres away, or Chateau-sur-Mer, situated 1 km from the property.

Guest rooms are fitted with air conditioning, a shower, free toiletries and a wardrobe. Each private bathroom is fitted with a hairdryer. All rooms come with a flat-screen TV with satellite channels.

Other points of interest near The Firehouse include Touro Synagogue, Vinland Estate - McAuley Hall and The Breakers. The nearest airport is T.F. Green Airport, 29 km from the accommodation. Guests are required to show a photo identification and credit card upon check-in. Please note that all Special Requests are subject to availability and additional charges may apply.
This property will not accommodate hen, stag or similar parties.",Parking Free parking internet services express check-in/check-out Heating wifi Free WiFi Non-smoking throughout Air conditioning Private check-in/check-out Shared kitchen shared lounge/TV area parking on site Private parking wifi available in all areas invoice provided,,595 Thames Street NewportRhode Island 02840 ,02840,4013023312,https://www.booking.com/hotel/us/the-firehouse-inn.html
Rhode Island,,41.487309,-71.308618,Bellevue House,3.0,"<p>HeadLine : In Newport (Top of the Hill)</p><p>Location : With a stay at Bellevue House in Newport (Top of the Hill), you ll be steps from Ocean Drive Historic District and 3 minutes by foot from Newport Art Museum.  This bed & breakfast is 0.9 mi (1.4 km) from Newport Mansions and 15.9 mi (25.7 km) from Narragansett Beach.</p><p>Rooms : Make yourself at home in one of the 9 individually decorated guestrooms. Wireless Internet access (surcharge) keeps you connected, and cable programming is available for your entertainment. Bathrooms have showers and hair dryers. Housekeeping is provided daily, and irons/ironing boards can be requested.</p><p>Dining : For your convenience, a complimentary breakfast is served daily.</p><p>CheckIn Instructions : <ul>  <li>Extra-person charges may apply and vary depending on property policy</li><li>Government-issued photo identification and a credit card, debit card, or cash deposit may be required at check-in for incidental charges</li><li>Special requests are subject to availability upon check-in and may incur additional charges; special requests cannot be guaranteed</li><li>This property accepts credit cards; cash is not accepted</li>  </ul></p><p>Special Instructions : There is no front desk at this property. The check-in location differs from the property location. To check in, go to 30 Bellevue Avenue.</p>",Designated smoking areas Daily Wheelchair accessible  no Free breakfast Free self parking WiFi (surcharge),Distances are displayed to the nearest 0.1 mile and kilometer. <br /> <p>Ocean Drive Historic District - 0.1 km / 0.1 mi <br /> Newport Art Museum - 0.2 km / 0.2 mi <br /> Old Stone Mill - 0.3 km / 0.2 mi <br /> Touro Synagogue - 0.4 km / 0.3 mi <br /> Queen Anne Square - 0.6 km / 0.4 mi <br /> International Tennis Hall of Fame and Museum - 0.6 km / 0.4 mi <br /> Thames Street - 0.6 km / 0.4 mi <br /> Jane Pickens Theater - 0.7 km / 0.4 mi <br /> Bowen s Wharf - 0.7 km / 0.4 mi <br /> St. Mary s Catholic Church - 0.8 km / 0.5 mi <br /> Bannister s Wharf - 0.8 km / 0.5 mi <br /> White Horse Tavern - 0.8 km / 0.5 mi <br /> Newport Harbour - 0.8 km / 0.5 mi <br /> Kingscote Newport Mansion - 0.9 km / 0.5 mi <br /> Newport Ferry Terminal - 1 km / 0.6 mi <br /> </p><p>The nearest airports are:<br />T.F. Green Airport (PVD) - 43.1 km / 26.8 mi<br /> Newport  RI (NPT-Newport State) - 6.6 km / 4.1 mi<br /> North Kingstown  RI (NCO-Quonset State) - 27.8 km / 17.3 mi<br /> New Bedford  MA (EWB-New Bedford Regional) - 50.2 km / 31.2 mi<br /> Block Island  RI (BID-Block Island State) - 63.6 km / 39.5 mi<br /> </p><p>The preferred airport for Bellevue House is T.F. Green Airport (PVD). </p>,14 Catherine Street NewportRhode Island 02840 ,02840,4018486242,
Rhode Island,,41.49147,-71.32054,Captain Simeon Potter House,5.0,"This 300 year old house won the Newport Historic Preservation award.Set 1.3 km from Touro Synagogue, Captain Simeon Potter House offers barbecue facilities and free WiFi.

Offering a patio, air conditioned units and have a dining area and a seating area with a cable flat-screen TV. There is also a kitchen in some of the units equipped with a dishwasher and oven.

If you would like to discover the area, cycling and fishing are possible in the surroundings and the property can arrange a bicycle rental service.

International Tennis Hall of Fame is 1.9 km from the bed and breakfast, while The Preservation Society of Newport County is 2.4 km from the property. The nearest airport is T.F. Green Airport, 45 km from Captain Simeon Potter House. Guests are required to show a photo identification and credit card upon check-in. Please note that all Special Requests are subject to availability and additional charges may apply.
Please inform Captain Simeon Potter House in advance of your expected arrival time. You can use the Special Requests box when booking, or contact the property directly with the contact details provided in your confirmation.
In response to Coronavirus (COVID-19), additional safety and sanitation measures are in effect at this property.
Food & beverage services at this property may be limited or unavailable due to Coronavirus (COVID-19).
Due to Coronavirus (COVID-19), this property is taking steps to help protect the safety of guests and staff. Certain services and amenities may be reduced or unavailable as a result.
Payment before arrival via bank transfer is required. The property will contact you after you book to provide instructions.",Parking Golf course (within 3 km) Garden Non-smoking rooms Fishing Laundry dry cleaning Facilities for disabled guests Family rooms breakfast in the room Ironing service Free parking internet services Soundproof rooms Canoeing Hiking BBQ facilities Packed lunches Cycling Heating Fax/photocopying Horse riding Squash Luggage storage wifi Allergy-free room Free WiFi Non-smoking throughout Air conditioning Private check-in/check-out Special diet menus (on request) Daily housekeeping grocery deliveries parking on site Private parking wifi available in all areas Kid meals secured parking Street parking Accessible parking Wine/champagne Fruits Sun umbrellas Outdoor furniture Walking tours Key access Security alarm Smoke alarms Fire extinguishers use of cleaning chemicals that are effective against coronavirus linens  towels and laundry washed in accordance with local authority guidelines guest accommodation is disinfected between stays guest accommodation sealed after cleaning physical distancing in dining areas staff follow all safety protocols as directed by local authorities shared stationery such as printed menus  magazines  pens  and paper removed hand sanitizer in guest accommodation and key areas first aid kit available contactless check-in/check-out cashless payment available physical distancing rules followed all plates  cutlery  glasses and other tableware have been sanitized face masks for guests available,,37 Marsh Street NewportRhode Island 02840 ,02840,5082157500,http://www.simeonpotterhouse.com
Rhode Island,,41.48806,-71.30965,Hilltop Inn,3.0,"Located in Newport, 1.5 km from Eastons Beach and 1.8 km from King Park Beach, Hilltop Inn provides accommodation with free WiFi, air conditioning, a garden and a shared lounge. The accommodation features a hot tub and a spa bath.

The bed and breakfast offers a flat-screen TV and a private bathroom with free toiletries, a hairdryer and shower. Some units include a seating area and/or a balcony.

Hilltop Inn offers 3-star accommodation with a hot tub and terrace.

Both a bicycle rental service and a car rental service are available at the accommodation.

Popular points of interest near Hilltop Inn include International Tennis Hall of Fame, Rosecliff Mansion and The Preservation Society of Newport County. The nearest airport is T.F. Green, 43 km from the bed and breakfast, and the property offers a paid airport shuttle service. Guests are required to show a photo identification and credit card upon check-in. Please note that all Special Requests are subject to availability and additional charges may apply.
Please inform Hilltop Inn in advance of your expected arrival time. You can use the Special Requests box when booking, or contact the property directly with the contact details provided in your confirmation.
In response to Coronavirus (COVID-19), additional safety and sanitation measures are in effect at this property.
Food & beverage services at this property may be limited or unavailable due to Coronavirus (COVID-19).
Due to Coronavirus (COVID-19), this property is taking steps to help protect the safety of guests and staff. Certain services and amenities may be reduced or unavailable as a result.
Due to Coronavirus (COVID-19), this property has reduced reception and service operating hours.
In accordance with government guidelines to minimise transmission of the Coronavirus (COVID-19), this property may request additional documentation from guests to validate identity, travel itinerary and other relevant information, during dates where such guidelines exist.
Spa and gym facilities at this property are unavailable due to Coronavirus (COVID-19).",Parking meeting/banquet facilities Garden Terrace Non-smoking rooms Airport shuttle Laundry dry cleaning Family rooms Ironing service Free parking internet services express check-in/check-out Massage Hot tub/jacuzzi Car hire Heating Fax/photocopying Luggage storage wifi Free WiFi Non-smoking throughout Air conditioning concierge service Private check-in/check-out Special diet menus (on request) airport shuttle (additional charge) shared lounge/TV area Daily housekeeping parking on site Private parking wifi available in all areas board games/puzzles secured parking Outdoor furniture Picnic area bicycle rental contactless check-in/check-out cashless payment available physical distancing rules followed,,2 Kay Street NewportRhode Island 02840 ,02840,4016190054,https://www.booking.com/hotel/us/hilltop-inn-newport1.html
Rhode Island,,41.49416,-71.32117,Sanford Covell Villa Marina,3.0,"Sanford-Covell Villa Marina is listed on the National Register of Historic Places and is located in an 18th century Newport, Rhode Island neighborhood. The property offers panoramic views of Newport Harbor. Free WiFi access is provided to all guests. A complimentary continental breakfast is offered as well.

Rooms at this bed and breakfast feature views of Newport Harbor.

Dating back to 1869, the Victorian-era home that houses the B&B offers a wrap-around porch, private pier and a parlor. A grand piano, backgammon and chess can be enjoyed at the property. A seasonal outdoor heated saltwater pool is provided for guests wishing to take a swim.

Shuttle service is an 8 minutes walk away. Please inform Sanford-Covell Villa Marina in advance of your expected arrival time. You can use the Special Requests box when booking, or contact the property directly with the contact details provided in your confirmation.
This property will not accommodate hen, stag or similar parties.
In response to Coronavirus (COVID-19), additional safety and sanitation measures are in effect at this property.
Swimming pool #1 is closed from Sun 05 Sept 2021 until Fri 01 Jul 2022
Please note, there is no lift at the property. Guests may contact the hotel directly to request a room on a lower floor.

Please note, this is a non-smoking property.",Parking Garden Terrace Non-smoking rooms Family rooms Free parking internet services Heating wifi Outdoor pool Free WiFi Non-smoking throughout designated smoking area Sun terrace outdoor pool (seasonal) concierge service Daily housekeeping parking on site Private parking board games/puzzles Pool with view Heated pool Salt-water pool pool/beach towels Shallow end 24-hour security Security alarm Smoke alarms Fire extinguishers Swimming pool use of cleaning chemicals that are effective against coronavirus linens  towels and laundry washed in accordance with local authority guidelines guest accommodation is disinfected between stays guest accommodation sealed after cleaning physical distancing in dining areas staff follow all safety protocols as directed by local authorities shared stationery such as printed menus  magazines  pens  and paper removed hand sanitizer in guest accommodation and key areas process in place to check health of guests first aid kit available contactless check-in/check-out cashless payment available physical distancing rules followed screens or physical barriers placed between staff and guests in appropriate areas property is cleaned by professional cleaning companies all plates  cutlery  glasses and other tableware have been sanitized guests have the option to cancel any cleaning services for their accommodation during their stay thermometers for guests provided by property,,72 Washington Street NewportRhode Island 02840 ,02840,4018470206,https://www.booking.com/hotel/us/sanford-covell-villa-marina.html
Rhode Island,,41.46159,-71.30908,Murray House Bed & Breakfast,3.0,"Set in Newport, 3.2 km from Ocean Drive Historic District and 2 km from Vinland Estate - McAuley Hall, 1 Murray House offers accommodation with free WiFi, air conditioning and access to a garden with an outdoor swimming pool.

Each unit is fitted with a patio, a fully equipped kitchenette with a microwave, a fireplace, a seating area, a flat-screen TV and a private bathroom with bidet and a hair dryer. Some units feature a balcony and/or a terrace with lake or pool views.

The bed and breakfast offers a continental or American breakfast. Room service for breakfast is offered.

1 Murray House offers a hot tub.

If you would like to discover the area, hiking, snorkelling and windsurfing are possible in the surroundings.

Popular points of interest near the accommodation include Bellevue Avenue, Chateau-sur-Mer and Marble House. The nearest airport is T.F. Green Airport, 49 km from 1 Murray House. Guests are required to show a photo identification and credit card upon check-in. Please note that all Special Requests are subject to availability and additional charges may apply.
In accordance with government guidelines to minimise transmission of the Coronavirus (COVID-19), this property currently isnt accepting guests from certain countries, during dates where such guidelines exist.
In response to Coronavirus (COVID-19), additional safety and sanitation measures are in effect at this property.
Food & beverage services at this property may be limited or unavailable due to Coronavirus (COVID-19).
Due to Coronavirus (COVID-19), this property has reduced reception and service operating hours.
Spa and gym facilities at this property are unavailable due to Coronavirus (COVID-19).
Please inform 1 Murray House in advance of your expected arrival time. You can use the Special Requests box when booking, or contact the property directly with the contact details provided in your confirmation.
Due to Coronavirus (COVID-19), this property is taking steps to help protect the safety of guests and staff. Certain services and amenities may be reduced or unavailable as a result.
Due to Coronavirus (COVID-19), this property adheres to strict physical distancing measures.
Due to Coronavirus (COVID-19), wearing a face mask is mandatory in all indoor common areas.
Hot tub/jacuzzi is closed from Sat 31 Oct 2020 until Mon 31 May 2021
Hot tub/jacuzzi is closed from Mon 31 Oct 2022 until Mon 29 May 2023
Swimming pool #1 is closed from Sat 31 Oct 2020 until Mon 31 May 2021
Managed by a private host",Parking Pets allowed Tennis Court Golf course (within 3 km) Garden Terrace Non-smoking rooms Fishing breakfast in the room Free parking internet services express check-in/check-out Windsurfing Hot tub/jacuzzi Hiking Cycling Heating Horse riding Snorkelling wifi Outdoor pool Free WiFi Non-smoking throughout Air conditioning Sun terrace outdoor pool (seasonal) Private check-in/check-out Adult only parking on site Private parking wifi available in all areas secured parking Street parking Accessible parking Pool with view Shallow end Fruits sun loungers or beach chairs Sun umbrellas Outdoor furniture Fence around pool Picnic area Swimming pool Beach Live music/performance Key access Smoke alarms CCTV in common areas CCTV outside property Fire extinguishers Swimming pool use of cleaning chemicals that are effective against coronavirus linens  towels and laundry washed in accordance with local authority guidelines guest accommodation is disinfected between stays guest accommodation sealed after cleaning physical distancing in dining areas staff follow all safety protocols as directed by local authorities shared stationery such as printed menus  magazines  pens  and paper removed hand sanitizer in guest accommodation and key areas contactless check-in/check-out cashless payment available physical distancing rules followed screens or physical barriers placed between staff and guests in appropriate areas all plates  cutlery  glasses and other tableware have been sanitized guests have the option to cancel any cleaning services for their accommodation during their stay,,1 Murray Place NewportRhode Island 02840 ,02840,4018463337,https://www.booking.com/hotel/us/1-murray-house-bed-amp-breakfast.html
Rhode Island,,41.48564,-71.31305,Howland House Inn,3.0,"The Howland House Inn was built around 1765, and has been restored and renovated since. Guests can enjoy complimentary WiFi at this inn.

Each accommodation is a suite at the Howland House Inn and comes with a seating area and an en-suite bathroom.

The Howland House Inn is within 500 metres from various waterfront dining options like The Landing Restaurant, Diegos, The Black Pearl and others. The International Tennis Hall of Fame is 644 metres away. Guests are required to show a photo identification and credit card upon check-in. Please note that all Special Requests are subject to availability and additional charges may apply.
Please inform Howland House Inn in advance of your expected arrival time. You can use the Special Requests box when booking, or contact the property directly with the contact details provided in your confirmation.
In response to Coronavirus (COVID-19), additional safety and sanitation measures are in effect at this property.
Due to Coronavirus (COVID-19), this property is taking steps to help protect the safety of guests and staff. Certain services and amenities may be reduced or unavailable as a result.
Due to Coronavirus (COVID-19), this property has reduced reception and service operating hours.
In accordance with government guidelines to minimise transmission of the Coronavirus (COVID-19), this property may request additional documentation from guests to validate identity, travel itinerary and other relevant information, during dates where such guidelines exist.
Food & beverage services at this property may be limited or unavailable due to Coronavirus (COVID-19).
In accordance with government guidelines to minimise transmission of the Coronavirus (COVID-19), this property currently isnt accepting guests from certain countries, during dates where such guidelines exist.
Due to Coronavirus (COVID-19), please ensure that you are only booking this property following the local government guidelines of the destination, including but not limited to the purpose of travel, and maximum allowed group size.
Due to Coronavirus (COVID-19), wearing a face mask is mandatory in all indoor common areas.
Coronavirus (COVID-19) PCR tests are available at this property at no extra charge for those exhibiting symptoms consistent with the virus and have been confirmed by an accredited doctor.",Heating Non-smoking throughout designated smoking area Smoke alarms use of cleaning chemicals that are effective against coronavirus,,205 Spring Street NewportRhode Island 02840 ,02840,4012397741,https://www.booking.com/hotel/us/howland-house-inn.html
Rhode Island,,41.48637,-71.30678,Old Beach Inn,3.0,"Old Beach Inn offers accommodation in Newport. Free private parking is available on site.

Each room is equipped with a private bathroom fitted with a bath or shower. Old Beach Inn features free WiFi . A TV is provided.

International Tennis Hall of fame is 400 metres from Old Beach Inn, while Eastons Beach is 1.6 km from the property. Thames Street in Downtown Newport is 965.6 metres away. T.F. Green Airport is 28 km away. Guests are required to show a photo identification and credit card upon check-in. Please note that all Special Requests are subject to availability and additional charges may apply.
Please inform Old Beach Inn in advance of your expected arrival time. You can use the Special Requests box when booking, or contact the property directly with the contact details provided in your confirmation.
Please contact the property to make check-in arrangements.

Please note that the property cannot accept credit cards. Payments need to be made in cash.",Free self parking Internet access Free WiFi Free WiFi Air conditioning Parking onsite Private parking,,19 Old Beach Road NewportRhode Island 02840 ,02840,4018493479,https://www.booking.com/hotel/us/old-beach-inn.html
Rhode Island,,41.55382,-71.4405,Hamilton Village Inn,2.0,"Just 2 km from the beach, this North Kingstown hotel offers free Wi-Fi and rooms with a cable TV.

The air-conditioned rooms at the Hamilton Village Inn each feature a coffee machine, desk and ironing facilities. En suite bathrooms come with towels and linen.  Some rooms offer a kitchen or seating area.

The Hamilton Village Inn has plenty of outdoor space, offering guests a large terrace and a yard with picnic tables.

The historic Newport city centre is just 15 minutes drive from the Hamilton Village Inn. The University of Rhode Island and the West Kingston Amtrak Station are both within 20 km away. Guests are required to show a photo identification and credit card upon check-in. Please note that all Special Requests are subject to availability and additional charges may apply.
Please inform Hamilton Village Inn in advance of your expected arrival time. You can use the Special Requests box when booking, or contact the property directly with the contact details provided in your confirmation.
Please contact the Hamilton Village Inn to inquire about pet-friendly rooms if you wish to bring a pet.

Please note that there is a $25 per night charge for pets.

Please note that the lobby closes promptly at 5.00 PM(off season) and at 21.00 (in season). Please call the hotel to make arrangements to get your room key if you plan to arrive later, as you will not be able to get into your room otherwise.
.",staff follow all safety protocols as directed by local authorities shared stationery such as printed menus  magazines  pens  and paper removed first aid kit available contactless check-in/check-out cashless payment available physical distancing rules followed screens or physical barriers placed between staff and guests in appropriate areas invoice provided guests have the option to cancel any cleaning services for their accommodation during their stay thermometers for guests provided by property face masks for guests available Parking Pets allowed Terrace Non-smoking rooms Facilities for disabled guests Family rooms Free parking internet services express check-in/check-out Heating wifi Free WiFi Non-smoking throughout Air conditioning designated smoking area vending machine (drinks) Daily housekeeping parking on site wifi available in all areas Accessible parking Wheelchair accessible Toilet with grab rails Picnic area Key card access Smoke alarms Fire extinguishers use of cleaning chemicals that are effective against coronavirus linens  towels and laundry washed in accordance with local authority guidelines guest accommodation is disinfected between stays guest accommodation sealed after cleaning physical distancing in dining areas food can be delivered to guest accommodation,,642 Boston Neck Road North KingstownRhode Island 02853 ,02852,401295070014012949044,https://www.booking.com/hotel/us/hamilton-village-inn.html
Rhode Island,,41.60568,-71.45073,Towneplace Suites Providence North Kingstown,2.0,"<p>HeadLine : Near Biomes Marine Biology Center</p><p>Location : With a stay at TownePlace Suites Providence North Kingstown in North Kingstown, you ll be 12.6 mi (20.3 km) from University of Rhode Island and 13.7 mi (22 km) from Narragansett Beach.  This hotel is 14.7 mi (23.7 km) from Newport Harbour and 15.5 mi (25 km) from Newport Mansions.</p><p>Rooms : Make yourself at home in one of the 104 guestrooms, featuring kitchens with full-sized refrigerators/freezers and stovetops. Your bed comes with premium bedding, and all rooms are furnished with sofa beds. 32-inch flat-screen televisions with satellite programming provide entertainment, while complimentary wireless Internet access keeps you connected. Conveniences include safes and desks, as well as phones with free local calls.</p><p>Dining : Grab a bite from the snack bar/deli serving guests of TownePlace Suites Providence North Kingstown. A complimentary buffet breakfast is included.</p><p>CheckIn Instructions : <ul>  <li>Extra-person charges may apply and vary depending on property policy</li><li>Government-issued photo identification and a credit card, debit card, or cash deposit may be required at check-in for incidental charges</li><li>Special requests are subject to availability upon check-in and may incur additional charges; special requests cannot be guaranteed</li><li>This property accepts credit cards; cash is not accepted</li><li>Safety features at this property include a carbon monoxide detector, a fire extinguisher, a smoke detector, and a first aid kit</li>  </ul></p><p>Special Instructions : Front desk staff will greet guests on arrival.</p>",In-room accessibility (in select rooms) Bicycle rentals nearby Wheelchair accessible parking Accessible bathroom (in select rooms) RV  bus  truck parking Free Buffet Breakfast Free breakfast Golf lessons available nearby Dry cleaning/laundry service Conference space size (meters) - 28 Free wired Internet Sailing nearby Scuba diving nearby Free WiFi Designated smoking areas Braille or raised signage Assistive listening devices available Number of indoor pools - 1 Water skiing nearby Wheelchair accessible Wheelchair-accessible van parking Meeting rooms Wheelchair-accessible registration desk Television in common areas Windsurfing nearby Wheelchair-accessible fitness center Wheelchair-accessible pool Free newspapers in lobby 24-hour fitness facilities Luggage storage Business center Personal motorized watercraft on site 24-hour front desk Golfing nearby Snorkeling nearby Safe-deposit box at front desk Snack bar/deli Hiking/biking trails nearby Kayaking nearby Free self parking Conference space ATM/banking Wheelchair accessible path of travel Conference space size (feet) - 300 24-hour business center Visual alarms in hallways Multilingual staff Parasailing nearby Barbecue grill(s) Long-term parking Coffee/tea in common areas Laundry facilities Rafting nearby elevator Fitness facilities Wheelchair accessible (may have limitations),Distances are displayed to the nearest 0.1 mile and kilometer. <br /> <p>Biomes Marine Biology Center - 1.7 km / 1.1 mi <br /> Smith s Castle - 2.8 km / 1.7 mi <br /> Blue Beach - 5 km / 3.1 mi <br /> Vineyard Fast Ferry - 4.6 km / 2.8 mi <br /> Compass Rose Beach - 4.6 km / 2.9 mi <br /> Wickford Harbor - 5.3 km / 3.3 mi <br /> North Kingston Town Beach - 6 km / 3.7 mi <br /> Goddard Memorial State Park - 6.5 km / 4 mi <br /> Warzone Paintball & Airsoft Park - 11 km / 6.8 mi <br /> Launch Trampoline Park - 14 km / 8.7 mi <br /> Yawgoo Valley Ski Area and Water Park - 14.3 km / 8.9 mi <br /> Warwick City Hall - 14.7 km / 9.1 mi <br /> Warwick Mall - 16.3 km / 10.1 mi <br /> Head s Beach - 16.5 km / 10.2 mi <br /> Miracle Mile of Shopping - 16.5 km / 10.2 mi <br /> </p><p>The nearest airports are:<br />T.F. Green Airport (PVD) - 19 km / 11.8 mi<br /> Newport  RI (NPT-Newport State) - 27.6 km / 17.2 mi<br /> North Kingstown  RI (NCO-Quonset State) - 4.7 km / 2.9 mi<br /> Pawtucket  RI (SFZ-North Central State) - 43.3 km / 26.9 mi<br /> Westerly  RI (WST-Westerly State) - 60.8 km / 37.8 mi<br /> </p><p>The preferred airport for TownePlace Suites Providence North Kingstown is T.F. Green Airport (PVD). </p>,55 Gate Rd North KingstownRhode Island 02852 ,02852,4016677500,http://www.marriott.de/hotels/travel/pvdts-towneplace-suites-providence-north-kingstown/
Rhode Island,,41.62125,-71.458379,Americas Best Value Inn,1.0,"<p>HeadLine : Near Biomes Marine Biology Center</p><p>Location : Located in North Kingstown, Americas Best Value Inn North Kingstown is a 1-minute drive from Biomes Marine Biology Center and 6 minutes from Quonset Air Museum.  This motel is 11.9 mi (19.1 km) from University of Rhode Island and 13.7 mi (22 km) from Narragansett Beach.</p><p>Rooms : Make yourself at home in one of the 20 guestrooms featuring refrigerators and microwaves. Complimentary wireless Internet access keeps you connected, and cable programming is available for your entertainment. Conveniences include phones, and housekeeping is provided daily.</p><p>CheckIn Instructions : Extra-person charges may apply and vary depending on property policy. <br />Government-issued photo identification and a credit card, debit card, or cash deposit are required at check-in for incidental charges. <br />Special requests are subject to availability upon check-in and may incur additional charges. Special requests cannot be guaranteed. <ul>  </ul></p>",Tours/ticket assistance Free self parking Designated smoking areas Free WiFi,Distances are displayed to the nearest 0.1 mile and kilometer. <br /> <p>Biomes Marine Biology Center - 0.5 km / 0.3 mi <br /> Windmill Cottage - 5.7 km / 3.5 mi <br /> Quonset Air Museum - 5.8 km / 3.6 mi <br /> Historic Wickford Village - 6.4 km / 4 mi <br /> Wickford Harbor - 6.7 km / 4.2 mi <br /> Goddard Memorial State Park - 7.1 km / 4.4 mi <br /> Clouds Hill Victorian Museum - 7.2 km / 4.5 mi <br /> Warwick City Hall - 9.8 km / 6.1 mi <br /> Warwick Museum of Art - 9.8 km / 6.1 mi <br /> Warzone Paintball & Airsoft Park - 12.4 km / 7.7 mi <br /> Launch Trampoline Park - 12.6 km / 7.8 mi <br /> Casey Farm - 13.7 km / 8.5 mi <br /> Warwick City Park - 14.1 km / 8.8 mi <br /> Warwick Public Library - 14.7 km / 9.2 mi <br /> Miracle Mile of Shopping - 15.1 km / 9.4 mi <br /> </p><p>The nearest airports are:<br />North Kingstown  RI (NCO-Quonset State) - 6.2 km / 3.8 mi<br /> Providence  RI (PVD-T.F. Green) - 17.7 km / 11 mi<br /> Newport  RI (NPT-Newport State) - 29.2 km / 18.1 mi<br /> Pawtucket  RI (SFZ-North Central State) - 41.9 km / 26 mi<br /> Westerly  RI (WST-Westerly State) - 54.5 km / 33.9 mi<br /> </p><p>The preferred airport for Americas Best Value Inn North Kingstown is Providence  RI (PVD-T.F. Green). </p>,6481 Post Road North KingstownRhode Island 02852 ,02852,4018849300,https://www.redlion.com/north-kingstown
Rhode Island,,41.58495,-71.45883,Budget Inn North Kingstown,2.0,"<p>HeadLine : Near North Kingston Town Beach</p><p>Location : A stay at Budget Inn North Kingstown places you in the heart of North Kingstown, within a 5-minute drive of Biomes Marine Biology Center and North Kingston Town Beach.  This hotel is 11 mi (17.6 km) from University of Rhode Island and 11.1 mi (17.9 km) from Narragansett Beach.</p><p>Rooms : Make yourself at home in one of the 21 guestrooms featuring refrigerators and microwaves. Complimentary wireless Internet access keeps you connected, and cable programming is available for your entertainment. Bathrooms have shower/tub combinations and hair dryers. Conveniences include phones, as well as desks and coffee/tea makers.</p><p>Dining : At Budget Inn North Kingstown, enjoy a satisfying meal at the restaurant. Wrap up your day with a drink at the bar/lounge.</p><p>CheckIn Instructions : Extra-person charges may apply and vary depending on property policy Government-issued photo identification and a credit card, debit card, or cash deposit may be required at check-in for incidental charges Special requests are subject to availability upon check-in and may incur additional charges; special requests cannot be guaranteed This property accepts credit cards Please note that cultural norms and guest policies may differ by country and by property; the policies listed are provided by the property</p><p>Special Instructions : Front desk staff will greet guests on arrival. For more details, please contact the property using the information on the booking confirmation.  Guests planning to arrive outside of normal check-in hours must contact this property in advance to arrange check-in.</p>",Express check-in Bar/lounge Restaurant Luggage storage Free self parking Free WiFi 24-hour front desk,Distances are displayed to the nearest 0.1 mile and kilometer. <br /> <p>North Kingston Town Beach - 3.5 km / 2.1 mi <br /> Biomes Marine Biology Center - 3.8 km / 2.4 mi <br /> Quonset Air Museum - 5.8 km / 3.6 mi <br /> Warzone Paintball & Airsoft Park - 8.3 km / 5.2 mi <br /> Gilbert Stuart Birthplace and Museum - 8.6 km / 5.4 mi <br /> Goddard Memorial State Park - 9.1 km / 5.6 mi <br /> Armory of the Kentish Guards - 9.4 km / 5.9 mi <br /> Windmill Cottage - 9.8 km / 6.1 mi <br /> Clouds Hill Victorian Museum - 11.3 km / 7 mi <br /> Yawgoo Valley Ski Area and Water Park - 11.6 km / 7.2 mi <br /> Warwick City Hall - 16.6 km / 10.3 mi <br /> Warwick Museum of Art - 16.7 km / 10.4 mi <br /> Jamestown Fire Memorial Museum - 16.8 km / 10.5 mi <br /> Rose Island Lightouse - 17.3 km / 10.7 mi <br /> University of Rhode Island - 17.6 km / 11 mi <br /> </p><p>The nearest airports are:<br />T.F. Green Airport (PVD) - 21 km / 13 mi<br /> North Kingstown  RI (NCO-Quonset State) - 6.2 km / 3.9 mi<br /> Newport  RI (NPT-Newport State) - 25.1 km / 15.6 mi<br /> Pawtucket  RI (SFZ-North Central State) - 45.2 km / 28.1 mi<br /> Westerly  RI (WST-Westerly State) - 52.9 km / 32.9 mi<br /> </p><p>The preferred airport for Budget Inn North Kingstown is T.F. Green Airport (PVD). </p>,7825 Post Road North KingstownRhode Island 02852 ,02852,8605146306,
Rhode Island,,41.5898,-71.45705,Wickford Motor Inn,2.0,"<p>HeadLine : Near Smith s Castle</p><p>Location : With a stay at Wickford Motor Inn in North Kingstown, you ll be within a 5-minute drive of Smith s Castle and Biomes Marine Biology Center.  This motel is 11.4 mi (18.3 km) from University of Rhode Island and 12.4 mi (20 km) from Narragansett Beach.</p><p>Rooms : Make yourself at home in one of the 15 air-conditioned rooms featuring microwaves and LED televisions. Complimentary wireless Internet access keeps you connected, and cable programming is available for your entertainment. Bathrooms with bathtubs or showers are provided. Conveniences include desks, and housekeeping is provided daily.</p><p>CheckIn Instructions : <ul>  <li>Extra-person charges may apply and vary depending on property policy</li><li>Government-issued photo identification and a credit card, debit card, or cash deposit may be required at check-in for incidental charges</li><li>Special requests are subject to availability upon check-in and may incur additional charges; special requests cannot be guaranteed</li><li>The name on the credit card used at check-in to pay for incidentals must be the primary name on the guestroom reservation</li><li>This property accepts credit cards and cash</li>  </ul></p><p>Special Instructions : The front desk is open daily from 9:00 AM - 9:00 PM. To make arrangements for check-in please contact the property at least 48 hours before arrival using the information on the booking confirmation. Guests must contact the property in advance for check-in instructions. Front desk staff will greet guests on arrival.</p>",Smoke-free property Wheelchair accessible (may have limitations) Vending machine No accessible shuttle Free self parking Front desk (limited hours) Free WiFi,Distances are displayed to the nearest 0.1 mile and kilometer. <br /> <p>Smith s Castle - 0.8 km / 0.5 mi <br /> Biomes Marine Biology Center - 3.2 km / 2 mi <br /> Wickford Harbor - 3.3 km / 2 mi <br /> North Kingston Town Beach - 4 km / 2.5 mi <br /> Blue Beach - 5.1 km / 3.2 mi <br /> Vineyard Fast Ferry - 5.5 km / 3.4 mi <br /> Compass Rose Beach - 5.6 km / 3.5 mi <br /> Goddard Memorial State Park - 7.9 km / 4.9 mi <br /> Warzone Paintball & Airsoft Park - 9 km / 5.6 mi <br /> Yawgoo Valley Ski Area and Water Park - 12.3 km / 7.6 mi <br /> Head s Beach - 14.4 km / 9 mi <br /> Launch Trampoline Park - 14.9 km / 9.3 mi <br /> Bonnet Shores Beach - 15.5 km / 9.6 mi <br /> Conanicut Island Sanctuary - 15.8 km / 9.8 mi <br /> Warwick City Hall - 16.1 km / 10 mi <br /> </p><p>The nearest airports are:<br />T.F. Green Airport (PVD) - 20.5 km / 12.7 mi<br /> Newport  RI (NPT-Newport State) - 25.7 km / 16 mi<br /> North Kingstown  RI (NCO-Quonset State) - 5.6 km / 3.5 mi<br /> Pawtucket  RI (SFZ-North Central State) - 44.7 km / 27.8 mi<br /> Westerly  RI (WST-Westerly State) - 53.6 km / 33.3 mi<br /> </p><p></p>,7650 Post Road North KingstownRhode Island 02852 ,02852,4012944852,http://wickfordmotorinn.com/
Rhode Island,,41.83536,-71.573715,Americas Best Value Inn Providence North Scituate,2.0,"<p>HeadLine : In the city center</p><p>Location : With a stay at Americas Best Value Inn Providence North Scituate, you ll be centrally located in North Scituate, within a 15-minute drive of Brown University and Roger Williams Park Zoo.  This motel is 8.5 mi (13.7 km) from WaterFire Arts Center and 9.3 mi (14.9 km) from Providence College.</p><p>Rooms : Make yourself at home in one of the 20 guestrooms featuring refrigerators and microwaves. Complimentary wireless Internet access is available to keep you connected. Private bathrooms with shower/tub combinations feature complimentary toiletries and hair dryers. Conveniences include desks, housekeeping is provided daily, and microwaves can be requested.</p><p>Dining : Enjoy a satisfying meal at Cindys Diner serving guests of Americas Best Value Inn Providence North Scituate. Wrap up your day with a drink at the bar/lounge.</p><p>CheckIn Instructions : <ul>  <li>Extra-person charges may apply and vary depending on property policy</li><li>Government-issued photo identification and a credit card, debit card, or cash deposit may be required at check-in for incidental charges</li><li>Special requests are subject to availability upon check-in and may incur additional charges; special requests cannot be guaranteed</li><li>This property accepts credit cards, debit cards, mobile payments, and cash</li><li>This property reserves the right to pre-authorize the guest s credit card prior to arrival.</li><li>Noise-free guestrooms cannot be guaranteed</li>  </ul></p><p>Special Instructions : Front desk staff will greet guests on arrival.</p>",Casino nearby Wheelchair accessible (may have limitations) Proposal/romance packages available Coin laundry on site Visual alarms in hallways 24-hour front desk Free WiFi Number of bars/lounges - 1 Designated smoking areas Well-lit path to entrance Garden Picnic area Internet access in public areas - high speed Wheelchair accessible parking Stair-free path to entrance Tours/ticket assistance Free self parking Wheelchair accessible path of travel,Distances are displayed to the nearest 0.1 mile and kilometer. <br /> <p>Powder Mill Ledges Wildlife Refuge - 6.8 km / 4.2 mi <br /> Triggs Memorial Golf Course - 12.3 km / 7.7 mi <br /> Hope Pond Beach - 13 km / 8.1 mi <br /> Mowry Conservation Area - 13.5 km / 8.4 mi <br /> WaterFire Arts Center - 13.7 km / 8.5 mi <br /> Governor Sprague Mansion - 14 km / 8.7 mi <br /> Roger Williams Medical Center - 14.1 km / 8.8 mi <br /> Johnson and Wales University - 14.7 km / 9.1 mi <br /> Providence Public Library - 14.9 km / 9.2 mi <br /> Providence College - 14.9 km / 9.3 mi <br /> DePasquale Plaza - 14.9 km / 9.3 mi <br /> Our Lady of Fatima Hospital - 15.1 km / 9.4 mi <br /> Lifespan Health System - 15.5 km / 9.6 mi <br /> Providence Children s Museum - 15.6 km / 9.7 mi <br /> Rhode Island Convention Center - 15.7 km / 9.8 mi <br /> </p><p>The nearest airports are:<br />New Bedford  MA (EWB-New Bedford Regional) - 63.8 km / 39.7 mi<br /> T.F. Green Airport (PVD) - 22.8 km / 14.2 mi<br /> Pawtucket  RI (SFZ-North Central State) - 19.3 km / 12 mi<br /> Newport  RI (NPT-Newport State) - 62.3 km / 38.7 mi<br /> North Kingstown  RI (NCO-Quonset State) - 38.5 km / 23.9 mi<br /> </p><p>The preferred airport for Americas Best Value Inn Providence North Scituate is New Bedford  MA (EWB-New Bedford Regional). </p>,50 Hartford Avenue North ScituateRhode Island 02857-1853 ,02857,4019349831,http://www.americasbestvalueinn.com/bestv.cfm?idp=477
Rhode Island,,41.87391,-71.386635,Hampton Inn Pawtucket RI,2.0,"<p>HeadLine : Near Blackstone Valley Visitor Center</p><p>Location : With a stay at Hampton Inn Pawtucket, you ll be centrally located in Pawtucket, within a 15-minute drive of Brown University and Roger Williams Park Zoo.  This hotel is 17 mi (27.3 km) from Xfinity Center and 4.1 mi (6.6 km) from Providence College.</p><p>Rooms : Make yourself at home in one of the 135 air-conditioned rooms featuring refrigerators and LCD televisions. Complimentary wired and wireless Internet access keeps you connected, and cable programming provides entertainment. Bathrooms have bathtubs or showers and hair dryers. Conveniences include desks and complimentary weekday newspapers, and housekeeping is provided daily.</p><p>CheckIn Instructions : <ul>  <li>Extra-person charges may apply and vary depending on property policy</li><li>Government-issued photo identification and a credit card may be required at check-in for incidental charges</li><li>Special requests are subject to availability upon check-in and may incur additional charges; special requests cannot be guaranteed</li><li>The name on the credit card used at check-in to pay for incidentals must be the primary name on the guestroom reservation</li><li>This property accepts credit cards and debit cards; cash is not accepted</li><li>Please note that cultural norms and guest policies may differ by country and by property; the policies listed are provided by the property</li>  </ul></p><p>Special Instructions : Front desk staff will greet guests on arrival.</p>",Dry cleaning/laundry service Banquet hall Wheelchair accessible (may have limitations) Free RV  bus  truck parking Wheelchair-accessible concierge desk Wheelchair-accessible van parking Number of meeting rooms - 1 Wheelchair-accessible path to elevator Shared microwave Wheelchair-accessible registration desk Television in common areas Wheelchair-accessible fitness center Free WiFi Wheelchair-accessible pool Well-lit path to entrance Number of indoor pools - 1 In-room accessibility (in select rooms) Wheelchair accessible parking Stair-free path to entrance Free newspapers in lobby Roll-in shower (in select rooms) Accessible bathroom (in select rooms) Luggage storage Wheelchair-accessible on-site restaurant Express check-out Multilingual staff Business center 24-hour front desk Electric car charging station Wheelchair-accessible meeting spaces/business center Safe-deposit box at front desk Coffee/tea in common areas Laundry facilities elevator Free self parking Fitness facilities ATM/banking Wheelchair accessible path of travel,Distances are displayed to the nearest 0.1 mile and kilometer. <br /> <p>Blackstone Valley Visitor Center - 0.6 km / 0.4 mi <br /> Slater Mill Museum - 0.8 km / 0.5 mi <br /> Sandra Feinstein-Gamm Theatre - 1.1 km / 0.7 mi <br /> The Met - 2.3 km / 1.4 mi <br /> Hartley s Pork Pies - 3.3 km / 2.1 mi <br /> Sky Zone Indoor Trampoline Park - 3.4 km / 2.1 mi <br /> Slater Memorial Park - 3.4 km / 2.1 mi <br /> United Skates of America - 3.8 km / 2.4 mi <br /> Rhode Island Watercolor Society - 4.1 km / 2.6 mi <br /> Butler Hospital - 4.3 km / 2.7 mi <br /> Lincoln Woods State Park - 4.8 km / 3 mi <br /> Thayer Street - 4.9 km / 3.1 mi <br /> Blackstone River Theatre - 4.9 km / 3.1 mi <br /> Brown University Bookstore - 5.6 km / 3.5 mi <br /> Benefit Street - 5.7 km / 3.5 mi <br /> </p><p>The nearest airports are:<br />T.F. Green Airport (PVD) - 22.1 km / 13.8 mi<br /> Pawtucket  RI (SFZ-North Central State) - 12.9 km / 8 mi<br /> Newport  RI (NPT-Newport State) - 47.9 km / 29.7 mi<br /> North Kingstown  RI (NCO-Quonset State) - 41.3 km / 25.7 mi<br /> Norwood  MA (OWD-Norwood Memorial) - 43.9 km / 27.3 mi<br /> </p><p>The preferred airport for Hampton Inn Pawtucket is T.F. Green Airport (PVD). </p>,2 George St PawtucketRhode Island 02860 ,02860,4017236700,http://hamptoninn3.hilton.com/en/hotels/rhode-island/hampton-inn-pawtucket-PVDHXHX/index.html
Rhode Island,,41.92327,-71.50883,SureStay Plus Hotel by Best Western Smithfield (Ex. All Seasons Inn & Suites),2.0,"<p>HeadLine : Near Bryant University</p><p>Location : With a stay at SureStay Plus Hotel by Best Western Smithfield in Smithfield, you ll be in the business district, within a 15-minute drive of Brown University and Bryant University.  This hotel is 14.8 mi (23.8 km) from Roger Williams Park Zoo and 6.4 mi (10.3 km) from Twin River Casino.</p><p>Rooms : Stay in one of 108 guestrooms featuring flat-screen televisions. Complimentary wireless Internet access keeps you connected, and cable programming is available for your entertainment. Private bathrooms with shower/tub combinations feature deep soaking bathtubs and complimentary toiletries. Conveniences include safes and desks, and housekeeping is provided daily.</p><p>Dining : A complimentary breakfast is included.</p><p>CheckIn Instructions : <ul>  <li>Extra-person charges may apply and vary depending on property policy</li><li>Government-issued photo identification and a credit card, debit card, or cash deposit may be required at check-in for incidental charges</li><li>Special requests are subject to availability upon check-in and may incur additional charges; special requests cannot be guaranteed</li><li>The name on the credit card used at check-in to pay for incidentals must be the primary name on the guestroom reservation</li><li>This property accepts credit cards; cash is not accepted</li><li>Please note that cultural norms and guest policies may differ by country and by property; the policies listed are provided by the property</li>  </ul></p><p>Special Instructions : To make arrangements for check-in please contact the property at least 24 hours before arrival using the information on the booking confirmation. If you are planning to arrive after 4 PM please contact the property in advance using the information on the booking confirmation. Guests planning to arrive outside of normal check-in hours must contact the property in advance for check-in instructions. Front desk staff will greet guests on arrival.</p>",Uncovered parking Wheelchair accessible (may have limitations) Express check-in Wheelchair-accessible van parking Dog exercise area Number of meeting rooms - 1 Swimming pool Wheelchair-accessible registration desk Pool hoist on site Sailing nearby Free WiFi Wheelchair-accessible pool Braille or raised signage Well-lit path to entrance Upper floors accessible by stairs only Garden Bicycle rentals nearby Wheelchair accessible parking Stair-free path to entrance Free newspapers in lobby Roll-in shower (in select rooms) Accessible bathroom (in select rooms) Free breakfast Visual alarms in hallways Business center Handrails in stairways 24-hour front desk Playground on site Barbecue grill(s) Golfing nearby Outdoor seasonal pool Safe-deposit box at front desk Smoke-free property Coffee/tea in common areas Laundry facilities Use of nearby fitness center (discount) Free self parking Fitness facilities,Distances are displayed to the nearest 0.1 mile and kilometer. <br /> <p>Bryant University - 2.4 km / 1.5 mi <br /> Mowry Conservation Area - 4.8 km / 3 mi <br /> Blackstone River Bikeway - 7.2 km / 4.5 mi <br /> Powder Mill Ledges Wildlife Refuge - 8.3 km / 5.1 mi <br /> Rustic Drive-in Theatre - 8.4 km / 5.2 mi <br /> Lincoln Woods State Park - 8.5 km / 5.3 mi <br /> Twin Rivers Beach East - 8.9 km / 5.5 mi <br /> Twin River Casino - 10.3 km / 6.4 mi <br /> Frank Moody State Beach - 10.9 km / 6.8 mi <br /> Wide World of Indoor Sports - 11 km / 6.8 mi <br /> Blackstone River Theatre - 11 km / 6.8 mi <br /> Our Lady of Fatima Hospital - 11.2 km / 6.9 mi <br /> Providence College - 12 km / 7.5 mi <br /> Stage Right Studio for Arts & Wellness - 12.2 km / 7.6 mi <br /> Hartley s Pork Pies - 12.9 km / 8 mi <br /> </p><p>The nearest airports are:<br />T.F. Green Airport (PVD) - 29.2 km / 18.1 mi<br /> Pawtucket  RI (SFZ-North Central State) - 4.9 km / 3.1 mi<br /> Newport  RI (NPT-Newport State) - 69.2 km / 43 mi<br /> North Kingstown  RI (NCO-Quonset State) - 45.2 km / 28.1 mi<br /> Worcester  MA (ORH-Worcester Regional) - 58.7 km / 36.5 mi<br /> </p><p>The preferred airport for SureStay Plus Hotel by Best Western Smithfield is T.F. Green Airport (PVD). </p>,355 George Washington Hwy SmithfieldRhode Island 02917 ,02917,4012322400,http://www.allseasoninn.com
Rhode Island,,42.0059,-71.50734,Woonsocket Motor Inn,2.0,"<p>HeadLine : Near Genoa healthcare</p><p>Location : With a stay at Woonsocket Motor Inn in Woonsocket, you ll be within a 10-minute walk of Genoa healthcare and Stadium Theatre.  This motel is 7.9 mi (12.7 km) from Southwick s Zoo and 9.8 mi (15.8 km) from Wrentham Village Premium Outlets.</p><p>Rooms : Make yourself at home in one of the 39 air-conditioned rooms featuring flat-screen televisions. Complimentary wireless Internet access keeps you connected, and cable programming is available for your entertainment. Bathrooms have shower/tub combinations and complimentary toiletries. Conveniences include desks, housekeeping is provided daily, and microwaves can be requested.</p><p>CheckIn Instructions : <ul>  <li>Extra-person charges may apply and vary depending on property policy</li><li>Government-issued photo identification and a credit card, debit card, or cash deposit may be required at check-in for incidental charges</li><li>Special requests are subject to availability upon check-in and may incur additional charges; special requests cannot be guaranteed</li><li>This property accepts credit cards; cash is not accepted</li>  </ul></p><p>Special Instructions : Front desk staff will greet guests on arrival.</p>",No elevator (single level property) Designated smoking areas Wheelchair accessible (may have limitations) Wheelchair accessible parking Accessible bathroom (in select rooms) Free self parking Wheelchair-accessible van parking 24-hour front desk Concierge services Free WiFi,Distances are displayed to the nearest 0.1 mile and kilometer. <br /> <p>Genoa healthcare - 0.5 km / 0.3 mi <br /> Stadium Theatre - 0.5 km / 0.3 mi <br /> World War II Veterans Memorial State Park - 0.5 km / 0.3 mi <br /> St Ann Arts and Cultural Center - 0.6 km / 0.4 mi <br /> Woonsocket City Hall - 0.8 km / 0.5 mi <br /> Stacey s Sport Center - 0.9 km / 0.5 mi <br /> Flea Market Square - 0.9 km / 0.6 mi <br /> Museum of Work and Culture - 1.2 km / 0.8 mi <br /> Stage Right Studio for Arts & Wellness - 1.4 km / 0.8 mi <br /> New England Country Club - 3.2 km / 2 mi <br /> Jedson Allison M - 4.1 km / 2.6 mi <br /> Wide World of Indoor Sports - 6.2 km / 3.8 mi <br /> Rustic Drive-in Theatre - 7.5 km / 4.7 mi <br /> Bryant University - 11.8 km / 7.4 mi <br /> Wright s Chicken Farm Gift Shop - 12 km / 7.4 mi <br /> </p><p>The nearest airports are:<br />T.F. Green Airport (PVD) - 38.5 km / 23.9 mi<br /> Pawtucket  RI (SFZ-North Central State) - 14 km / 8.7 mi<br /> Norwood  MA (OWD-Norwood Memorial) - 47.8 km / 29.7 mi<br /> Worcester  MA (ORH-Worcester Regional) - 53.1 km / 33 mi<br /> North Kingstown  RI (NCO-Quonset State) - 56.5 km / 35.1 mi<br /> </p><p></p>,333 Clinton Street WoonsocketRhode Island 02895 ,02895,4017621224,http://woonsocketmotorinn.com/
Rhode Island,,41.72491,-71.43976,Hampton Inn & Suites Providence Warwick Airport,3.0,"<p>HeadLine : Near Lincoln Park Cemetery</p><p>Location : Located in Warwick, Hampton Inn & Suites Providence/Warwick-Airport is in the business district, within a 10-minute drive of Roger Williams Park Zoo and Johnson and Wales University.  This hotel is 7.3 mi (11.8 km) from Rhode Island Hospital and 8 mi (13 km) from Providence Performing Arts Center.</p><p>Rooms : Make yourself at home in one of the 173 air-conditioned rooms featuring refrigerators and flat-screen televisions. Wired and wireless Internet access is complimentary, while video-game consoles and cable programming provide entertainment. Private bathrooms with shower/tub combinations feature complimentary toiletries and hair dryers. Conveniences include safes and desks, as well as phones with free local calls.</p><p>Dining : Grab a bite from the snack bar/deli serving guests of Hampton Inn & Suites Providence/Warwick-Airport. Mingle with other guests at the complimentary reception, held on select days. A complimentary continental breakfast is served daily from 6 AM to 10 AM.</p><p>Renovations : The following facilities are closed seasonally each year. They will be closed from March 20 to December 31:<ul><li>Bar/Lounge</li><li>Fitness facilities</li></ul></p><p>CheckIn Instructions : <ul>  <li>Extra-person charges may apply and vary depending on property policy</li><li>Government-issued photo identification and a credit card may be required at check-in for incidental charges</li><li>Special requests are subject to availability upon check-in and may incur additional charges; special requests cannot be guaranteed</li><li>This property accepts credit cards and debit cards; cash is not accepted</li><li>This property reserves the right to pre-authorize the guest s credit card prior to arrival.</li><li>Safety features at this property include a carbon monoxide detector, a fire extinguisher, a smoke detector, a security system, a first aid kit, and window guards</li>  </ul></p><p>Special Instructions : Front desk staff will greet guests on arrival.</p>",Dry cleaning/laundry service Long-term parking (surcharge) Free grocery shopping service Vending machine Wheelchair-accessible van parking Free reception Number of meeting rooms - 1 Wheelchair-accessible path to elevator Free wired Internet Wheelchair-accessible registration desk Television in common areas Wheelchair-accessible fitness center Free WiFi Wheelchair accessible path of travel Wheelchair-accessible pool Braille or raised signage Well-lit path to entrance Assistive listening devices available In-room accessibility (in select rooms) Wheelchair accessible parking Stair-free path to entrance Free newspapers in lobby Roll-in shower (in select rooms) Wedding services Accessible bathroom (in select rooms) Fireplace in lobby Free continental breakfast Luggage storage Free breakfast Express check-out Multilingual staff Business center 24-hour front desk Daily Wheelchair-accessible meeting spaces/business center Golfing nearby Safe-deposit box at front desk Smoke-free property Coffee/tea in common areas Snack bar/deli Laundry facilities elevator Free self parking Fitness facilities Computer station ATM/banking,Distances are displayed to the nearest 0.1 mile and kilometer. <br /> <p>Lincoln Park Cemetery - 1.9 km / 1.2 mi <br /> Miracle Mile of Shopping - 3.5 km / 2.2 mi <br /> Warwick City Hall - 3.6 km / 2.2 mi <br /> Warwick Pond - 4 km / 2.5 mi <br /> Warwick City Park - 4.4 km / 2.8 mi <br /> Warwick Mall - 4.8 km / 3 mi <br /> Warwick Public Library - 5.9 km / 3.7 mi <br /> Pawtuxet Park - 6.4 km / 4 mi <br /> Garden City Center - 7.1 km / 4.4 mi <br /> Providence River - 7.2 km / 4.5 mi <br /> Mulligan s Island Golf and Entertainment - 7.5 km / 4.7 mi <br /> Launch Trampoline Park - 7.6 km / 4.7 mi <br /> Conimicut Point Park - 7.9 km / 4.9 mi <br /> Oakland Beach - 7.9 km / 4.9 mi <br /> Roger Williams Park Zoo - 8 km / 5 mi <br /> </p><p>The nearest airports are:<br />T.F. Green Airport (PVD) - 0.9 km / 0.6 mi<br /> Newport  RI (NPT-Newport State) - 48.1 km / 29.9 mi<br /> North Kingstown  RI (NCO-Quonset State) - 23.8 km / 14.8 mi<br /> Pawtucket  RI (SFZ-North Central State) - 29.6 km / 18.4 mi<br /> New Bedford  MA (EWB-New Bedford Regional) - 59.5 km / 36.9 mi<br /> </p><p></p>,2100 Post Road WarwickRhode Island 02886 ,02886,4017398888,http://hamptoninn3.hilton.com/en/hotels/rhode-island/hampton-inn-and-suites-providence-warwick-airport-WRWHSHX/index.html
Rhode Island,,41.81779,-71.39115,Hilton Garden Inn Providence,3.0,"<p>HeadLine : In Providence (Fox Point)</p><p>Location : With a stay at Hilton Garden Inn Providence in Providence (Fox Point), you ll be steps from India Point Park and a 2-minute drive from Brown University.  This hotel is 1.6 mi (2.6 km) from Kennedy Plaza and 1.6 mi (2.6 km) from East Providence Yacht Club.</p><p>Rooms : Make yourself at home in one of the 137 guestrooms featuring microwaves and flat-screen televisions. Complimentary wireless Internet access is available to keep you connected. Bathrooms have bathtubs or showers and complimentary toiletries. Conveniences include phones, as well as laptop-compatible safes and complimentary newspapers.</p><p>Dining : Enjoy a meal at the restaurant, or stay in and take advantage of the hotel s room service (during limited hours). Wrap up your day with a drink at the bar/lounge. Cooked-to-order breakfasts are available daily from 6:00 AM to 10:00 AM for a fee.</p><p>CheckIn Instructions : <ul>  <li>Extra-person charges may apply and vary depending on property policy</li><li>Government-issued photo identification and a credit card, debit card, or cash deposit may be required at check-in for incidental charges</li><li>Special requests are subject to availability upon check-in and may incur additional charges; special requests cannot be guaranteed</li><li>This property accepts credit cards, debit cards, and cash</li><li>Please note that cultural norms and guest policies may differ by country and by property; the policies listed are provided by the property</li>  </ul></p><p>Special Instructions : Front desk staff will greet guests on arrival.</p>",Gift shops or newsstand Dry cleaning/laundry service Number of meeting rooms - 1 Conference space size (meters) - 98 Sailing nearby Free WiFi Number of bars/lounges - 1 Braille or raised signage Assistive listening devices available Wheelchair accessible parking Roll-in shower (in select rooms) Internet access - wireless Accessible bathroom (in select rooms) Fireplace in lobby Wheelchair-accessible on-site restaurant Multilingual staff Electric car charging station Breakfast available (surcharge) Wheelchair-accessible meeting spaces/business center Coffee/tea in common areas Laundry facilities elevator Fitness facilities Wheelchair accessible (may have limitations) Express check-in Wheelchair-accessible path to elevator Wheelchair-accessible registration desk Television in common areas Arcade/game room Well-lit path to entrance Stair-free path to entrance Free newspapers in lobby Boat tours nearby Luggage storage Express check-out Grocery/convenience store Business center 24-hour front desk Golfing nearby Safe-deposit box at front desk Smoke-free property Snack bar/deli Kayaking nearby Conference space Self parking (surcharge) Terrace ATM/banking Conference space size (feet) - 1052 24-hour business center,Distances are displayed to the nearest 0.1 mile and kilometer. <br /> <p>India Point Park - 0.1 km / 0.1 mi <br /> Benefit Street - 0.8 km / 0.5 mi <br /> Thayer Street - 1.1 km / 0.7 mi <br /> Aldrich House - 1.3 km / 0.8 mi <br /> East Providence Yacht Club - 1.4 km / 0.9 mi <br /> Brown University - 1.7 km / 1 mi <br /> Brown University Bookstore - 1.7 km / 1.1 mi <br /> First Unitarian Church of Providence - 1.7 km / 1.1 mi <br /> Memorial Park - 1.8 km / 1.1 mi <br /> Providence Children s Museum - 1.9 km / 1.2 mi <br /> Lifespan Health System - 1.9 km / 1.2 mi <br /> Rhode Island School of Design - 1.9 km / 1.2 mi <br /> Rhode Island School of Design Museum of Art - 2 km / 1.2 mi <br /> Johnson and Wales University - 2.1 km / 1.3 mi <br /> Westminster Arcade - 2.1 km / 1.3 mi <br /> </p><p>The nearest airports are:<br />T.F. Green Airport (PVD) - 15.1 km / 9.4 mi<br /> Pawtucket  RI (SFZ-North Central State) - 17.6 km / 10.9 mi<br /> Newport  RI (NPT-Newport State) - 43.4 km / 26.9 mi<br /> North Kingstown  RI (NCO-Quonset State) - 34.1 km / 21.2 mi<br /> New Bedford  MA (EWB-New Bedford Regional) - 48 km / 29.8 mi<br /> </p><p>The preferred airport for Hilton Garden Inn Providence is T.F. Green Airport (PVD). </p>,220 India Street ProvidenceRhode Island 02903 ,02903,4012725577,HTTP://HILTONGARDENINN3.HILTON.COM
Rhode Island,,41.7252,-71.43994,Radisson Hotel Providence Airport,3.0,"<p>HeadLine : Near Lincoln Park Cemetery</p><p>Location : Located in Warwick, Radisson Hotel Providence Airport is within a 15-minute drive of Roger Williams Park Zoo and Johnson and Wales University.  This hotel is 7.3 mi (11.8 km) from Rhode Island Hospital and 8 mi (12.9 km) from Providence Performing Arts Center.</p><p>Rooms : Make yourself at home in one of the 112 air-conditioned rooms featuring flat-screen televisions. Your room comes with a pillowtop bed. Complimentary wired and wireless Internet access keeps you connected, and cable programming provides entertainment. Bathrooms have complimentary toiletries and hair dryers.</p><p>Dining : Grab a bite to eat at Libations Restaurant, a restaurant which features a bar/lounge, or stay in and take advantage of the room service (during limited hours). Full breakfasts are available daily from 6:30 AM to 9:30 AM for a fee.</p><p>Renovations : The following facilities are closed seasonally each year. They will be closed from September 30 to April 1:<ul><li>One of the dining venues</li><li>Bar/Lounge</li></ul></p><p>CheckIn Instructions : <ul>  <li>Extra-person charges may apply and vary depending on property policy</li><li>Government-issued photo identification and a credit card, debit card, or cash deposit may be required at check-in for incidental charges</li><li>Special requests are subject to availability upon check-in and may incur additional charges; special requests cannot be guaranteed</li><li>This property accepts credit cards; cash is not accepted</li><li>Safety features at this property include a carbon monoxide detector, a fire extinguisher, a smoke detector, a security system, a first aid kit, and window guards</li><li>Please note that cultural norms and guest policies may differ by country and by property; the policies listed are provided by the property</li>  </ul></p><p>Special Instructions : This property offers transfers from the airport. Guests must contact the property with arrival details before travel, using the contact information on the booking confirmation. Front desk staff will greet guests on arrival.  Due to COVID-19, this propertys food and beverage options may be limited pursuant to local regulations.</p>",Conference space Wheelchair accessible path of travel Conference space size (feet) - 10000 24-hour business center Free newspapers in lobby Roll-in shower (in select rooms) Wedding services Tours/ticket assistance Accessible bathroom (in select rooms) Fireplace in lobby Area shuttle (surcharge) Free airport transportation Luggage storage Express check-out Porter/bellhop Multilingual staff Business center 24-hour front desk Conference center Breakfast available (surcharge) Golfing nearby Safe-deposit box at front desk Smoke-free property Number of coffee shops/cafes - 1 Laundry facilities elevator Fitness facilities Gift shops or newsstand Dry cleaning/laundry service Banquet hall Number of meeting rooms - 4 Conference space size (meters) - 929 Free wired Internet Free WiFi Number of bars/lounges - 1 Braille or raised signage Assistive listening devices available Garden In-room accessibility (in select rooms) Wheelchair accessible parking,Distances are displayed to the nearest 0.1 mile and kilometer. <br /> <p>Lincoln Park Cemetery - 2.1 km / 1.3 mi <br /> Miracle Mile of Shopping - 3.9 km / 2.4 mi <br /> Warwick City Hall - 4.2 km / 2.6 mi <br /> Warwick Pond - 4.2 km / 2.6 mi <br /> Warwick Mall - 4.8 km / 3 mi <br /> Warwick City Park - 4.9 km / 3.1 mi <br /> Garden City Center - 6 km / 3.7 mi <br /> Warwick Public Library - 6.1 km / 3.8 mi <br /> Pawtuxet Park - 6.4 km / 3.9 mi <br /> Providence River - 7.2 km / 4.5 mi <br /> Launch Trampoline Park - 7.5 km / 4.7 mi <br /> Mulligan s Island Golf and Entertainment - 7.6 km / 4.7 mi <br /> Conimicut Point Park - 7.8 km / 4.9 mi <br /> Roger Williams Park Zoo - 8 km / 5 mi <br /> Oakland Beach - 8.1 km / 5 mi <br /> </p><p>The nearest airports are:<br />T.F. Green Airport (PVD) - 1.1 km / 0.7 mi<br /> Newport  RI (NPT-Newport State) - 46.6 km / 29 mi<br /> North Kingstown  RI (NCO-Quonset State) - 22.9 km / 14.2 mi<br /> Pawtucket  RI (SFZ-North Central State) - 28.5 km / 17.7 mi<br /> New Bedford  MA (EWB-New Bedford Regional) - 59.5 km / 36.9 mi<br /> </p><p>The preferred airport for Radisson Hotel Providence Airport is T.F. Green Airport (PVD). </p>,2081 Post Road WarwickRhode Island 02886 ,02886,4017393000,http://www.radisson.com/warwick-hotel-ri-02886/riproair
Rhode Island,,41.824352,-71.41336,Providence Biltmore,4.0,"<p>HeadLine : In Providence (Downtown Providence)</p><p>Location : With a stay at Graduate Providence, you ll be centrally located in Providence, a 1-minute drive from Brown University and 7 minutes from Roger Williams Park Zoo.  This 4-star hotel is 0.2 mi (0.4 km) from Rhode Island Convention Center and 0.3 mi (0.5 km) from Providence Performing Arts Center.</p><p>Rooms : Make yourself at home in one of the 294 air-conditioned rooms featuring refrigerators and LED televisions. Your pillowtop bed comes with premium bedding. Cable television is provided for your entertainment. Private bathrooms have designer toiletries and hair dryers.</p><p>Dining : Stop by the hotel s restaurant, Poindexter Coffee, for lunch, or grab snacks at the coffee shop/cafe. Wrap up your day with a drink at the bar/lounge. Continental breakfasts are available daily from 7:00 AM to 11:00 AM for a fee.</p><p>CheckIn Instructions : <ul>  <li>Extra-person charges may apply and vary depending on property policy</li><li>Government-issued photo identification and a credit card may be required at check-in for incidental charges</li><li>Special requests are subject to availability upon check-in and may incur additional charges; special requests cannot be guaranteed</li><li>The name on the credit card used at check-in to pay for incidentals must be the primary name on the guestroom reservation</li><li>This property accepts credit cards, debit cards, and cash</li>  </ul></p><p>Special Instructions : Front desk staff will greet guests on arrival.</p>",Wheelchair accessible (may have limitations) Number of meeting rooms - 17 Conference space size (meters) - 1672 Number of bars/lounges - 1 Assistive listening devices available In-room accessibility (in select rooms) Roll-in shower (in select rooms) Wedding services Accessible bathroom (in select rooms) 24-hour fitness facilities Luggage storage Multilingual staff 24-hour front desk Breakfast available (surcharge) Spa services on site Smoke-free property Number of coffee shops/cafes - 1 elevator Fitness facilities Conference space Self parking (surcharge) Terrace ATM/banking Conference space size (feet) - 18000,Distances are displayed to the nearest 0.1 mile and kilometer. <br /> <p>Providence City Hall - 0.1 km / 0.1 mi <br /> Lupo s Heartbreak Hotel - 0.2 km / 0.1 mi <br /> Kennedy Plaza - 0.2 km / 0.1 mi <br /> Bank of America Tower - 0.2 km / 0.1 mi <br /> Johnson and Wales University - 0.2 km / 0.1 mi <br /> Westminster Arcade - 0.3 km / 0.2 mi <br /> Rhode Island Convention Center - 0.3 km / 0.2 mi <br /> Providence Place Mall - 0.3 km / 0.2 mi <br /> Trinity Repertory Company - 0.4 km / 0.2 mi <br /> Providence River - 0.4 km / 0.2 mi <br /> Waterplace Park - 0.4 km / 0.3 mi <br /> Providence Performing Arts Center - 0.4 km / 0.3 mi <br /> Providence Public Library - 0.5 km / 0.3 mi <br /> Dunkin  Donuts Center - 0.5 km / 0.3 mi <br /> Memorial Park - 0.5 km / 0.3 mi <br /> </p><p>The nearest airports are:<br />T.F. Green Airport (PVD) - 15 km / 9.3 mi<br /> Pawtucket  RI (SFZ-North Central State) - 15 km / 9.3 mi<br /> Newport  RI (NPT-Newport State) - 44.6 km / 27.7 mi<br /> North Kingstown  RI (NCO-Quonset State) - 35.3 km / 21.9 mi<br /> New Bedford  MA (EWB-New Bedford Regional) - 49.3 km / 30.6 mi<br /> </p><p>The preferred airport for Graduate Providence is T.F. Green Airport (PVD). </p>,11 Dorrance Street ProvidenceRhode Island 02903 ,02930,4014210700,http://www.providencebiltmore.com
Rhode Island,,41.834718,-71.564738,Skyview Motor Inn,2.0,"<p>HeadLine : In Johnston</p><p>Location : With a stay at Sky View Motor Inn Johnston in Johnston, you ll be within a 15-minute drive of Providence Place Mall and Rhode Island Hospital.  This motel is 9.9 mi (16 km) from Brown University and 9.3 mi (15 km) from Rhode Island Convention Center.</p><p>Rooms : Make yourself at home in one of the 30 air-conditioned rooms featuring flat-screen televisions. Complimentary wireless Internet access keeps you connected, and cable programming is available for your entertainment. Bathrooms with showers are provided.</p><p>CheckIn Instructions : Extra-person charges may apply and vary depending on property policy. <br />Government-issued photo identification and a cash deposit may be required at check-in for incidental charges. <br />Special requests are subject to availability upon check-in and may incur additional charges. Special requests cannot be guaranteed. <ul> </ul></p><p>Special Instructions : Front desk staff will greet guests on arrival.</p>",Free self parking Free WiFi 24-hour front desk,Distances are displayed to the nearest 0.1 mile and kilometer. <br /> <p>Triggs Memorial Golf Course - 10.2 km / 6.4 mi <br /> Twin Rivers Beach East - 12.3 km / 7.6 mi <br /> Governor Sprague Mansion - 12.3 km / 7.7 mi <br /> The Wilbury Theatre Group - 13 km / 8.1 mi <br /> Trinity Repertory Company - 13.4 km / 8.3 mi <br /> WaterFire Providence - 13.5 km / 8.4 mi <br /> DePasquale Plaza - 13.6 km / 8.4 mi <br /> Providence Place Mall - 14.3 km / 8.9 mi <br /> Waterplace Park - 14.4 km / 8.9 mi <br /> Alex and Ani City Center - 14.4 km / 8.9 mi <br /> Providence City Hall - 14.4 km / 8.9 mi <br /> Lupo s Heartbreak Hotel - 14.5 km / 9 mi <br /> Kennedy Plaza - 14.5 km / 9 mi <br /> Bank of America Tower - 14.5 km / 9 mi <br /> Nickle Creek Vineyard - 14.7 km / 9.1 mi <br /> </p><p>The nearest airports are:<br />T.F. Green Airport (PVD) - 21.5 km / 13.3 mi<br /> Pawtucket  RI (SFZ-North Central State) - 18.5 km / 11.5 mi<br /> North Kingstown  RI (NCO-Quonset State) - 37.5 km / 23.3 mi<br /> Newport  RI (NPT-Newport State) - 61.7 km / 38.4 mi<br /> </p><p>The preferred airport for Sky View Motor Inn Johnston is T.F. Green Airport (PVD). </p>,2880 Hartford Avenue JohnstonRhode Island 02919 ,02919,4019341188,http://www.skyviewmotorinn.com
Rhode Island,,41.778102,-71.40159,Edgewood Manor,3.0,"<p>HeadLine : In Providence (Edgewood)</p><p>Location : With a stay at Edgewood Manor in Providence (Edgewood), you ll be a 5-minute drive from Rhode Island Hospital and 5 minutes from Johnson and Wales University.  This bed & breakfast is 3.6 mi (5.9 km) from Providence Place Mall and 3.9 mi (6.2 km) from Brown University.</p><p>Rooms : Make yourself at home in one of the 14 air-conditioned rooms featuring LCD televisions. Complimentary wireless Internet access keeps you connected, and cable programming is available for your entertainment. Bathrooms have designer toiletries and hair dryers. Conveniences include separate sitting areas and irons/ironing boards.</p><p>Dining : Grab a bite to eat at one of the bed & breakfast s many dining establishments, which include 2 restaurants and 2 coffee shops/cafes. A complimentary full breakfast is served daily from 8:30 AM to 9:30 AM.</p><p>CheckIn Instructions : <ul>  <li>Extra-person charges may apply and vary depending on property policy</li><li>Government-issued photo identification and a credit card, debit card, or cash deposit may be required at check-in for incidental charges</li><li>Special requests are subject to availability upon check-in and may incur additional charges; special requests cannot be guaranteed</li><li>Guests must contact this property in advance to reserve onsite parking</li><li>This property accepts credit cards; cash is not accepted</li><li>Safety features at this property include a carbon monoxide detector, a fire extinguisher, a smoke detector, a security system, a first aid kit, and window guards</li>  </ul></p><p>Special Instructions : There is no front desk at this property. To make arrangements for check-in please contact the property at least 24 hours before arrival using the information on the booking confirmation. If you are planning to arrive after 6:00 PM please contact the property in advance using the information on the booking confirmation. Guests planning to arrive outside of normal check-in hours must contact the property in advance for check-in instructions and an access code. The host will greet guests on arrival.</p>",24-hour business center Terrace Conference space Free self parking Number of coffee shops/cafes - 2 Coffee/tea in common areas Smoke-free property Daily Conference center Handrails in hallways Handrails in stairways Free breakfast Wheelchair accessible  no Off-street parking Stair-free path to entrance Picnic area Garden Upper floors accessible by stairs only Well-lit path to entrance Free WiFi Meeting rooms Parking (limited spaces) RV  bus  truck parking (surcharge) Free full breakfast Uncovered parking,Distances are displayed to the nearest 0.1 mile and kilometer. <br /> <p>Museum of Natural History and Planetarium - 2 km / 1.3 mi <br /> Providence Bruins - 2 km / 1.3 mi <br /> Pawtuxet Park - 2.1 km / 1.3 mi <br /> Roger Williams Park Carousel Village - 2.1 km / 1.3 mi <br /> Roger Williams Park Zoo - 2.6 km / 1.6 mi <br /> Big Blue Bug - 3.6 km / 2.2 mi <br /> Rhode Island Hospital - 4.2 km / 2.6 mi <br /> Lifespan Health System - 4.7 km / 2.9 mi <br /> Providence Children s Museum - 4.8 km / 3 mi <br /> Johnson and Wales University - 5 km / 3.1 mi <br /> Benefit Street - 5.2 km / 3.2 mi <br /> Lincoln Park Cemetery - 5.4 km / 3.3 mi <br /> Westminster Arcade - 5.4 km / 3.4 mi <br /> India Point Park - 5.5 km / 3.4 mi <br /> Kennedy Plaza - 5.5 km / 3.4 mi <br /> </p><p>The nearest airports are:<br />T.F. Green Airport (PVD) - 12.5 km / 7.8 mi<br /> Newport  RI (NPT-Newport State) - 48.1 km / 29.9 mi<br /> Pawtucket  RI (SFZ-North Central State) - 20.5 km / 12.7 mi<br /> North Kingstown  RI (NCO-Quonset State) - 30.5 km / 18.9 mi<br /> New Bedford  MA (EWB-New Bedford Regional) - 52.8 km / 32.8 mi<br /> </p><p></p>,232 Norwood Ave ProvidenceRhode Island 02905 ,02905,4017810099,http://www.providence-lodging.com
Rhode Island,,41.822401,-71.414101,Hotel Providence,4.0,"<p>HeadLine : In Providence (Downtown Providence)</p><p>Location : With a stay at Hotel Providence, Trademark Collection by Wyndham, you ll be centrally located in Providence, a 2-minute drive from Brown University and 7 minutes from Roger Williams Park Zoo.  This 4-star hotel is 0.3 mi (0.5 km) from Providence Performing Arts Center and 0.3 mi (0.5 km) from Rhode Island Convention Center.</p><p>Rooms : Stay in one of 80 guestrooms featuring LCD televisions. Your pillowtop bed comes with premium bedding. Complimentary wireless Internet access keeps you connected, and cable programming is available for your entertainment. Private bathrooms with bathtubs or showers feature designer toiletries and hair dryers.</p><p>Dining : Cooked-to-order breakfasts are served on weekends from 8:00 AM to 11:00 AM for a fee.</p><p>CheckIn Instructions : <ul>  <li>Extra-person charges may apply and vary depending on property policy</li><li>Government-issued photo identification and a credit card may be required at check-in for incidental charges</li><li>Special requests are subject to availability upon check-in and may incur additional charges; special requests cannot be guaranteed</li><li>The name on the credit card used at check-in to pay for incidentals must be the primary name on the guestroom reservation</li><li>This property accepts credit cards and debit cards; cash is not accepted</li><li>Safety features at this property include a carbon monoxide detector, a fire extinguisher, a smoke detector, and a first aid kit</li>  </ul></p><p>Special Instructions : Front desk staff will greet guests on arrival.</p>",Banquet hall Wheelchair accessible (may have limitations) Proposal/romance packages available Ballroom RV  bus  truck parking (surcharge) Vending machine Food and water bowls Reception hall Number of meeting rooms - 4 Coworking spaces Conference space size (meters) - 418 Free WiFi Garden Picnic area In-room accessibility (in select rooms) Wedding services Tours/ticket assistance Accessible bathroom (in select rooms) 24-hour fitness facilities Luggage storage Porter/bellhop Multilingual staff 24-hour front desk Conference center Breakfast available (surcharge) Library Golfing nearby Housekeeping on request Safe-deposit box at front desk Smoke-free property Hiking/biking trails nearby Rafting nearby elevator Fitness facilities Conference space Valet parking (surcharge) Computer station Terrace ATM/banking Conference space size (feet) - 4500 Concierge services 24-hour business center,Distances are displayed to the nearest 0.1 mile and kilometer. <br /> <p>Johnson and Wales University - 0.1 km / 0.1 mi <br /> Lupo s Heartbreak Hotel - 0.1 km / 0.1 mi <br /> Providence Performing Arts Center - 0.2 km / 0.1 mi <br /> Trinity Repertory Company - 0.2 km / 0.2 mi <br /> Rhode Island Convention Center - 0.3 km / 0.2 mi <br /> Providence Public Library - 0.3 km / 0.2 mi <br /> Providence City Hall - 0.4 km / 0.2 mi <br /> Westminster Arcade - 0.4 km / 0.2 mi <br /> Dunkin  Donuts Center - 0.4 km / 0.2 mi <br /> Kennedy Plaza - 0.4 km / 0.3 mi <br /> Bank of America Tower - 0.4 km / 0.3 mi <br /> Providence Place Mall - 0.6 km / 0.3 mi <br /> Memorial Park - 0.6 km / 0.4 mi <br /> Providence River - 0.7 km / 0.4 mi <br /> Waterplace Park - 0.7 km / 0.4 mi <br /> </p><p>The nearest airports are:<br />T.F. Green Airport (PVD) - 15.3 km / 9.5 mi<br /> Pawtucket  RI (SFZ-North Central State) - 14.9 km / 9.3 mi<br /> Newport  RI (NPT-Newport State) - 44.9 km / 27.9 mi<br /> North Kingstown  RI (NCO-Quonset State) - 34.5 km / 21.4 mi<br /> New Bedford  MA (EWB-New Bedford Regional) - 49.6 km / 30.8 mi<br /> </p><p>The preferred airport for Hotel Providence  Trademark Collection by Wyndham is T.F. Green Airport (PVD). </p>,139 Mathewson Street Providence 02903Rhode Island ,02903,4018618000,http://www.hotelprovidence.com
Rhode Island,,42.01184,-71.51883,Pillsbury House Bed & Breakfast,2.0,"<p>HeadLine : Near World War II Veterans Memorial State Park</p><p>Location : Located in Woonsocket, Pillsbury House Bed & Breakfast is in the suburbs, within a 5-minute drive of Museum of Work and Culture and Stadium Theatre.  This historic bed & breakfast is 1.4 mi (2.3 km) from St Ann Arts and Cultural Center and 2.5 mi (4 km) from New England Country Club.</p><p>Rooms : Make yourself at home in one of the 4 individually decorated guestrooms. Complimentary wireless Internet access is available to keep you connected. Bathrooms have showers and hair dryers. Conveniences include phones and complimentary bottled water, and housekeeping is provided on a limited basis.</p><p>Dining : A complimentary full breakfast is included.</p><p>CheckIn Instructions : Extra-person charges may apply and vary depending on property policy Government-issued photo identification and a credit card, debit card, or cash deposit may be required at check-in for incidental charges Special requests are subject to availability upon check-in and may incur additional charges; special requests cannot be guaranteed</p><p>Special Instructions : Guests must contact the property for check-in instructions.</p>",Front desk (limited hours) Free breakfast Free self parking Free WiFi Smoke-free property Hiking/biking trails nearby Fireplace in lobby,Distances are displayed to the nearest 0.1 mile and kilometer. <br /> <p>World War II Veterans Memorial State Park - 0.9 km / 0.5 mi <br /> Stadium Theatre - 1 km / 0.6 mi <br /> Woonsocket City Hall - 1.3 km / 0.8 mi <br /> Genoa healthcare - 1.5 km / 0.9 mi <br /> Museum of Work and Culture - 1.6 km / 1 mi <br /> St Ann Arts and Cultural Center - 1.8 km / 1.1 mi <br /> New England Country Club - 4 km / 2.5 mi <br /> Jedson Allison M - 4.4 km / 2.7 mi <br /> Wide World of Indoor Sports - 5.9 km / 3.7 mi <br /> Rustic Drive-in Theatre - 7.9 km / 4.9 mi <br /> Southwick s Zoo - 11.1 km / 6.9 mi <br /> Cormier Woods - 12.2 km / 7.6 mi <br /> Bryant University - 12.5 km / 7.8 mi <br /> Mowry Conservation Area - 12.9 km / 8 mi <br /> Chilson Beach - 13.6 km / 8.4 mi <br /> </p><p>The nearest airports are:<br />T.F. Green Airport (PVD) - 42.2 km / 26.2 mi<br /> Pawtucket  RI (SFZ-North Central State) - 15 km / 9.3 mi<br /> Norwood  MA (OWD-Norwood Memorial) - 48.2 km / 30 mi<br /> Worcester  MA (ORH-Worcester Regional) - 50.7 km / 31.5 mi<br /> North Kingstown  RI (NCO-Quonset State) - 58.2 km / 36.2 mi<br /> </p><p>The preferred airport for Pillsbury House Bed & Breakfast is T.F. Green Airport (PVD). </p>,341 Prospect Street WoonsocketRhode Island 02895 ,02895,4017667983,http://www.pillsburyhouse.com/
Rhode Island,,41.87391,-71.386635,Hampton Inn Pawtucket RI,2.0,"<p>HeadLine : Near Blackstone Valley Visitor Center</p><p>Location : With a stay at Hampton Inn Pawtucket, you ll be centrally located in Pawtucket, within a 15-minute drive of Brown University and Roger Williams Park Zoo.  This hotel is 17 mi (27.3 km) from Xfinity Center and 4.1 mi (6.6 km) from Providence College.</p><p>Rooms : Make yourself at home in one of the 135 air-conditioned rooms featuring refrigerators and LCD televisions. Complimentary wired and wireless Internet access keeps you connected, and cable programming provides entertainment. Bathrooms have bathtubs or showers and hair dryers. Conveniences include desks and complimentary weekday newspapers, and housekeeping is provided daily.</p><p>CheckIn Instructions : <ul>  <li>Extra-person charges may apply and vary depending on property policy</li><li>Government-issued photo identification and a credit card may be required at check-in for incidental charges</li><li>Special requests are subject to availability upon check-in and may incur additional charges; special requests cannot be guaranteed</li><li>The name on the credit card used at check-in to pay for incidentals must be the primary name on the guestroom reservation</li><li>This property accepts credit cards and debit cards; cash is not accepted</li><li>Please note that cultural norms and guest policies may differ by country and by property; the policies listed are provided by the property</li>  </ul></p><p>Special Instructions : Front desk staff will greet guests on arrival.</p>",Dry cleaning/laundry service Banquet hall Wheelchair accessible (may have limitations) Free RV  bus  truck parking Wheelchair-accessible concierge desk Wheelchair-accessible van parking Number of meeting rooms - 1 Wheelchair-accessible path to elevator Shared microwave Wheelchair-accessible registration desk Television in common areas Wheelchair-accessible fitness center Free WiFi Wheelchair-accessible pool Well-lit path to entrance Number of indoor pools - 1 In-room accessibility (in select rooms) Wheelchair accessible parking Stair-free path to entrance Free newspapers in lobby Roll-in shower (in select rooms) Accessible bathroom (in select rooms) Luggage storage Wheelchair-accessible on-site restaurant Express check-out Multilingual staff Business center 24-hour front desk Electric car charging station Wheelchair-accessible meeting spaces/business center Safe-deposit box at front desk Coffee/tea in common areas Laundry facilities elevator Free self parking Fitness facilities ATM/banking Wheelchair accessible path of travel,Distances are displayed to the nearest 0.1 mile and kilometer. <br /> <p>Blackstone Valley Visitor Center - 0.6 km / 0.4 mi <br /> Slater Mill Museum - 0.8 km / 0.5 mi <br /> Sandra Feinstein-Gamm Theatre - 1.1 km / 0.7 mi <br /> The Met - 2.3 km / 1.4 mi <br /> Hartley s Pork Pies - 3.3 km / 2.1 mi <br /> Sky Zone Indoor Trampoline Park - 3.4 km / 2.1 mi <br /> Slater Memorial Park - 3.4 km / 2.1 mi <br /> United Skates of America - 3.8 km / 2.4 mi <br /> Rhode Island Watercolor Society - 4.1 km / 2.6 mi <br /> Butler Hospital - 4.3 km / 2.7 mi <br /> Lincoln Woods State Park - 4.8 km / 3 mi <br /> Thayer Street - 4.9 km / 3.1 mi <br /> Blackstone River Theatre - 4.9 km / 3.1 mi <br /> Brown University Bookstore - 5.6 km / 3.5 mi <br /> Benefit Street - 5.7 km / 3.5 mi <br /> </p><p>The nearest airports are:<br />T.F. Green Airport (PVD) - 22.1 km / 13.8 mi<br /> Pawtucket  RI (SFZ-North Central State) - 12.9 km / 8 mi<br /> Newport  RI (NPT-Newport State) - 47.9 km / 29.7 mi<br /> North Kingstown  RI (NCO-Quonset State) - 41.3 km / 25.7 mi<br /> Norwood  MA (OWD-Norwood Memorial) - 43.9 km / 27.3 mi<br /> </p><p>The preferred airport for Hampton Inn Pawtucket is T.F. Green Airport (PVD). </p>,2 George St PawtucketRhode Island 02860 ,02860,4017236700,http://hamptoninn3.hilton.com/en/hotels/rhode-island/hampton-inn-pawtucket-PVDHXHX/index.html
Rhode Island,,41.723362,-71.43977,Best Western Airport Inn,2.0,"<p>HeadLine : Near Warwick Pond</p><p>Location : When you stay at Best Western Airport Inn in Warwick, you ll be near the airport, within a 15-minute drive of Roger Williams Park Zoo and Brown University.  This hotel is 8.2 mi (13.2 km) from Providence Performing Arts Center and 8.6 mi (13.9 km) from Rhode Island Convention Center.</p><p>Rooms : Make yourself at home in one of the 101 guestrooms featuring refrigerators. Complimentary wireless Internet access keeps you connected, and cable programming is available for your entertainment. Partially open bathrooms with shower/tub combinations feature complimentary toiletries and hair dryers. Conveniences include safes and desks, as well as phones with free local calls.</p><p>Dining : A complimentary buffet breakfast is served on weekdays from 4:00 AM to 9:30 AM and on weekends from 4:00 AM to 10:00 AM.</p><p>CheckIn Instructions : <ul>  <li>Extra-person charges may apply and vary depending on property policy</li><li>Government-issued photo identification and a credit card may be required at check-in for incidental charges</li><li>Special requests are subject to availability upon check-in and may incur additional charges; special requests cannot be guaranteed</li><li>The name on the credit card used at check-in to pay for incidentals must be the primary name on the guestroom reservation</li><li>This property accepts credit cards and debit cards; cash is not accepted</li><li>Please note that cultural norms and guest policies may differ by country and by property; the policies listed are provided by the property</li>  </ul></p><p>Special Instructions : This property offers transfers from the airport. Guests must contact the property with arrival details before travel, using the contact information on the booking confirmation. Front desk staff will greet guests on arrival. For more details, please contact the property using the information on the booking confirmation.</p>",Express check-out Coin laundry on site Business center 24-hour front desk Daily Safe-deposit box at front desk Smoke-free property Coffee/tea in common areas elevator Free self parking Fitness facilities Computer station Wheelchair accessible path of travel Vending machine Shared microwave Free WiFi Braille or raised signage In-room accessibility (in select rooms) Wheelchair accessible parking Free newspapers in lobby Roll-in shower (in select rooms) Accessible bathroom (in select rooms) Free Buffet Breakfast Free airport transportation Luggage storage Free breakfast,Distances are displayed to the nearest 0.1 mile and kilometer. <br /> <p>Lincoln Park Cemetery - 2.4 km / 1.5 mi <br /> Warwick City Hall - 4 km / 2.5 mi <br /> Miracle Mile of Shopping - 4.2 km / 2.6 mi <br /> Warwick Pond - 4.6 km / 2.8 mi <br /> Warwick City Park - 4.7 km / 2.9 mi <br /> Warwick Mall - 5.7 km / 3.5 mi <br /> Warwick Public Library - 5.8 km / 3.6 mi <br /> Garden City Center - 6.2 km / 3.9 mi <br /> Pawtuxet Park - 6.6 km / 4.1 mi <br /> Launch Trampoline Park - 7.3 km / 4.5 mi <br /> Providence River - 7.5 km / 4.6 mi <br /> Mulligan s Island Golf and Entertainment - 7.8 km / 4.8 mi <br /> Oakland Beach - 7.9 km / 4.9 mi <br /> Conimicut Point Park - 8.1 km / 5 mi <br /> Windmill Cottage - 8.1 km / 5.1 mi <br /> </p><p>The nearest airports are:<br />T.F. Green Airport (PVD) - 0.9 km / 0.5 mi<br /> Newport  RI (NPT-Newport State) - 46.4 km / 28.9 mi<br /> North Kingstown  RI (NCO-Quonset State) - 22.7 km / 14.1 mi<br /> Pawtucket  RI (SFZ-North Central State) - 27.4 km / 17 mi<br /> New Bedford  MA (EWB-New Bedford Regional) - 59.7 km / 37.1 mi<br /> </p><p>The preferred airport for Best Western Airport Inn is T.F. Green Airport (PVD). </p>,2138 Post Rd WarwickRhode Island 02886 ,02886,4017377400,http://www.bwprovidence.com
Rhode Island,,41.83536,-71.573715,Americas Best Value Inn Providence North Scituate,2.0,"<p>HeadLine : In the city center</p><p>Location : With a stay at Americas Best Value Inn Providence North Scituate, you ll be centrally located in North Scituate, within a 15-minute drive of Brown University and Roger Williams Park Zoo.  This motel is 8.5 mi (13.7 km) from WaterFire Arts Center and 9.3 mi (14.9 km) from Providence College.</p><p>Rooms : Make yourself at home in one of the 20 guestrooms featuring refrigerators and microwaves. Complimentary wireless Internet access is available to keep you connected. Private bathrooms with shower/tub combinations feature complimentary toiletries and hair dryers. Conveniences include desks, housekeeping is provided daily, and microwaves can be requested.</p><p>Dining : Enjoy a satisfying meal at Cindys Diner serving guests of Americas Best Value Inn Providence North Scituate. Wrap up your day with a drink at the bar/lounge.</p><p>CheckIn Instructions : <ul>  <li>Extra-person charges may apply and vary depending on property policy</li><li>Government-issued photo identification and a credit card, debit card, or cash deposit may be required at check-in for incidental charges</li><li>Special requests are subject to availability upon check-in and may incur additional charges; special requests cannot be guaranteed</li><li>This property accepts credit cards, debit cards, mobile payments, and cash</li><li>This property reserves the right to pre-authorize the guest s credit card prior to arrival.</li><li>Noise-free guestrooms cannot be guaranteed</li>  </ul></p><p>Special Instructions : Front desk staff will greet guests on arrival.</p>",Casino nearby Wheelchair accessible (may have limitations) Proposal/romance packages available Coin laundry on site Visual alarms in hallways 24-hour front desk Free WiFi Number of bars/lounges - 1 Designated smoking areas Well-lit path to entrance Garden Picnic area Internet access in public areas - high speed Wheelchair accessible parking Stair-free path to entrance Tours/ticket assistance Free self parking Wheelchair accessible path of travel,Distances are displayed to the nearest 0.1 mile and kilometer. <br /> <p>Powder Mill Ledges Wildlife Refuge - 6.8 km / 4.2 mi <br /> Triggs Memorial Golf Course - 12.3 km / 7.7 mi <br /> Hope Pond Beach - 13 km / 8.1 mi <br /> Mowry Conservation Area - 13.5 km / 8.4 mi <br /> WaterFire Arts Center - 13.7 km / 8.5 mi <br /> Governor Sprague Mansion - 14 km / 8.7 mi <br /> Roger Williams Medical Center - 14.1 km / 8.8 mi <br /> Johnson and Wales University - 14.7 km / 9.1 mi <br /> Providence Public Library - 14.9 km / 9.2 mi <br /> Providence College - 14.9 km / 9.3 mi <br /> DePasquale Plaza - 14.9 km / 9.3 mi <br /> Our Lady of Fatima Hospital - 15.1 km / 9.4 mi <br /> Lifespan Health System - 15.5 km / 9.6 mi <br /> Providence Children s Museum - 15.6 km / 9.7 mi <br /> Rhode Island Convention Center - 15.7 km / 9.8 mi <br /> </p><p>The nearest airports are:<br />New Bedford  MA (EWB-New Bedford Regional) - 63.8 km / 39.7 mi<br /> T.F. Green Airport (PVD) - 22.8 km / 14.2 mi<br /> Pawtucket  RI (SFZ-North Central State) - 19.3 km / 12 mi<br /> Newport  RI (NPT-Newport State) - 62.3 km / 38.7 mi<br /> North Kingstown  RI (NCO-Quonset State) - 38.5 km / 23.9 mi<br /> </p><p>The preferred airport for Americas Best Value Inn Providence North Scituate is New Bedford  MA (EWB-New Bedford Regional). </p>,50 Hartford Avenue North ScituateRhode Island 02857-1853 ,02857,4019349831,http://www.americasbestvalueinn.com/bestv.cfm?idp=477
Rhode Island,,41.935455,-71.471727,Courtyard by Marriott Providence Lincoln,3.0,"<p>HeadLine : Near Rustic Drive-in Theatre</p><p>Location : Located in Lincoln, Courtyard by Marriott Providence Lincoln is in the business district, within a 5-minute drive of Lincoln Woods State Park and Blackstone River Bikeway.  This hotel is 8.8 mi (14.2 km) from Brown University and 4.3 mi (6.9 km) from Twin River Casino.</p><p>Rooms : Make yourself at home in one of the 121 guestrooms featuring refrigerators and Smart televisions. Complimentary wired and wireless Internet access keeps you connected, and cable programming provides entertainment. Partially open bathrooms have complimentary toiletries and hair dryers. Conveniences include phones, as well as safes and desks.</p><p>Dining : Enjoy a meal at the restaurant or snacks in the hotel s coffee shop/cafe. Wrap up your day with a drink at the bar/lounge. Full breakfasts are served on weekdays from 6:30 AM to 9:30 AM for a fee.</p><p>Renovations : The following facilities or services will be unavailable from October 27 2022 to October 26 2024 (dates subject to change): <ul><li>Business center</li></ul></p><p>CheckIn Instructions : <ul>  <li>Extra-person charges may apply and vary depending on property policy</li><li>Government-issued photo identification and a credit card may be required at check-in for incidental charges</li><li>Special requests are subject to availability upon check-in and may incur additional charges; special requests cannot be guaranteed</li><li>Minimum Spring Break check-in age is 21 years old</li><li>Guests must contact this property in advance to reserve sofa beds and access to the heated pool</li><li>Onsite parties or group events are strictly prohibited</li><li>Be prepared: check the latest COVID-19 travel requirements and measures in place for this destination before you travel.</li>  </ul></p><p>Special Instructions : Front desk staff will greet guests on arrival.</p>",Wheelchair-accessible on-site restaurant Use of nearby fitness center (discount) Visual alarms in hallways Coffee/tea in common areas Number of indoor pools - 1 elevator Number of bars/lounges - 1 24-hour front desk Horse riding nearby Business center Express check-out Free self parking Dry cleaning/laundry service Free WiFi Smoke-free property Number of coffee shops/cafes - 1 Swimming pool Hiking/biking trails nearby Food and water bowls Safe-deposit box at front desk Number of meeting rooms - 1 Breakfast available (surcharge) Mountain biking nearby Snack bar/deli Laundry facilities Bicycle rentals nearby Wheelchair accessible path of travel Accessible bathroom 24-hour fitness facilities Roll-in shower Wheelchair accessible parking In-room accessibility Assistive listening devices available Braille or raised signage Wheelchair-accessible registration desk Wheelchair-accessible pool Wheelchair-accessible fitness center Wheelchair-accessible meeting spaces/business center,Distances are displayed to the nearest 0.1 mile and kilometer. <br /> <p>Blackstone River Bikeway - 3.9 km / 2.4 mi <br /> Rustic Drive-in Theatre - 5 km / 3.1 mi <br /> Lincoln Woods State Park - 5.1 km / 3.2 mi <br /> Bryant University - 5.9 km / 3.7 mi <br /> Hearthside House - 6.3 km / 3.9 mi <br /> Sunset Stables - 6.3 km / 3.9 mi <br /> Twin River Casino - 6.9 km / 4.3 mi <br /> Frank Moody State Beach - 7.5 km / 4.7 mi <br /> Blackstone River Theatre - 7.6 km / 4.7 mi <br /> Jedson Allison M - 7.7 km / 4.8 mi <br /> Chace Athletic Center - 8.2 km / 5.1 mi <br /> Hartley s Pork Pies - 9.6 km / 5.9 mi <br /> St Ann Arts and Cultural Center - 10.4 km / 6.4 mi <br /> Twin Rivers Beach East - 10.9 km / 6.8 mi <br /> Wide World of Indoor Sports - 10.9 km / 6.8 mi <br /> </p><p>The nearest airports are:<br />T.F. Green Airport (PVD) - 28.2 km / 17.5 mi<br /> Pawtucket  RI (SFZ-North Central State) - 3.1 km / 2 mi<br /> Norwood  MA (OWD-Norwood Memorial) - 48.2 km / 29.9 mi<br /> Worcester  MA (ORH-Worcester Regional) - 57.8 km / 35.9 mi<br /> North Kingstown  RI (NCO-Quonset State) - 47.7 km / 29.7 mi<br /> </p><p>The preferred airport for Courtyard by Marriott Providence Lincoln is T.F. Green Airport (PVD). </p>,636 George Washington Hwy LincolnRhode Island 02865 ,02865,4013333400,HTTP://WWW.MARRIOTT.COM/HOTELS/TRAVEL/PVDLN-COURTYARD-PROVIDENCE-LINCO
Rhode Island,,41.763226,-71.459625,Econo Lodge near TF Green State Airport,2.0,"<p>HeadLine : Near Garden City Center</p><p>Location : When you stay at Econo Lodge Cranston - Providence in Cranston, you ll be near the airport, within a 15-minute drive of Roger Williams Park Zoo and Brown University.  This hotel is 5.9 mi (9.4 km) from WaterFire Arts Center and 6 mi (9.6 km) from Providence Performing Arts Center.</p><p>Rooms : Stay in one of 65 guestrooms featuring flat-screen televisions. Complimentary wireless Internet access keeps you connected, and cable programming is available for your entertainment. Private bathrooms with shower/tub combinations feature complimentary toiletries and hair dryers. Conveniences include safes and desks, and you can also request rollaway/extra beds (surcharge).</p><p>CheckIn Instructions : <ul>  <li>Extra-person charges may apply and vary depending on property policy</li><li>Government-issued photo identification and a credit card, debit card, or cash deposit may be required at check-in for incidental charges</li><li>Special requests are subject to availability upon check-in and may incur additional charges; special requests cannot be guaranteed</li><li>This property accepts credit cards; cash is not accepted</li><li>Please note that cultural norms and guest policies may differ by country and by property; the policies listed are provided by the property</li>  </ul></p><p>Special Instructions : Front desk staff will greet guests on arrival.</p>",Wheelchair accessible (may have limitations) Wheelchair-accessible van parking Meeting rooms Handrails in stairways 24-hour front desk Free WiFi Braille or raised signage Well-lit path to entrance Assistive listening devices available Upper floors accessible by stairs only Safe-deposit box at front desk In-room accessibility (in select rooms) Coffee/tea in common areas Internet access in public areas - high speed Wheelchair accessible parking Stair-free path to entrance Internet access - wireless Accessible bathroom (in select rooms) RV  bus  truck parking Free self parking Wheelchair accessible path of travel 24-hour business center,Distances are displayed to the nearest 0.1 mile and kilometer. <br /> <p>Garden City Center - 0.7 km / 0.5 mi <br /> Mulligan s Island Golf and Entertainment - 2.9 km / 1.8 mi <br /> Governor Sprague Mansion - 4.1 km / 2.5 mi <br /> Lincoln Park Cemetery - 4.1 km / 2.6 mi <br /> Miracle Mile of Shopping - 4.5 km / 2.8 mi <br /> Warwick Mall - 5.2 km / 3.2 mi <br /> Roger Williams Park Zoo - 6.5 km / 4 mi <br /> Roger Williams Park Carousel Village - 6.9 km / 4.3 mi <br /> Museum of Natural History and Planetarium - 7.3 km / 4.5 mi <br /> Providence Bruins - 8.2 km / 5.1 mi <br /> Launch Trampoline Park - 8.3 km / 5.1 mi <br /> Warwick Pond - 8.3 km / 5.2 mi <br /> Warwick City Hall - 8.3 km / 5.2 mi <br /> Big Blue Bug - 8.4 km / 5.2 mi <br /> Pawtuxet Park - 8.6 km / 5.4 mi <br /> </p><p>The nearest airports are:<br />T.F. Green Airport (PVD) - 7.5 km / 4.7 mi<br /> Newport  RI (NPT-Newport State) - 51.5 km / 32 mi<br /> Pawtucket  RI (SFZ-North Central State) - 25.2 km / 15.7 mi<br /> North Kingstown  RI (NCO-Quonset State) - 27.7 km / 17.2 mi<br /> New Bedford  MA (EWB-New Bedford Regional) - 57.9 km / 36 mi<br /> </p><p>The preferred airport for Econo Lodge Cranston - Providence is T.F. Green Airport (PVD). </p>,101 New London Ave I-95 Exit 14B to 37W Exit 2B CranstonRhode Island 02920 ,02920,4019424200,https://www.choicehotels.com/rhode-island/cranston/econo-lodge-hotels/ri034
Rhode Island,,41.728657,-71.48354,Extended Stay America Providence Warwick,2.0,"<p>HeadLine : Near Warwick Mall</p><p>Location : When you stay at Extended Stay America Suites Providence Warwick in Warwick, you ll be near the airport, within a 15-minute drive of Roger Williams Park Zoo and Brown University.  This hotel is 8.3 mi (13.4 km) from WaterFire Arts Center and 9.1 mi (14.7 km) from Rhode Island Convention Center.</p><p>Rooms : Make yourself at home in one of the 104 guestrooms, featuring kitchens with full-sized refrigerators/freezers and stovetops. 32-inch flat-screen televisions with cable programming provide entertainment, while complimentary wireless Internet access keeps you connected. Conveniences include phones, as well as desks and microwaves.</p><p>Dining : A complimentary on-the-go breakfast is served daily from 6 AM to 9:30 AM.</p><p>CheckIn Instructions : <ul>  <li>Extra-person charges may apply and vary depending on property policy</li><li>Government-issued photo identification and a credit card may be required at check-in for incidental charges</li><li>Special requests are subject to availability upon check-in and may incur additional charges; special requests cannot be guaranteed</li><li>This property accepts credit cards; cash is not accepted</li>  </ul></p><p>Special Instructions : Front desk staff will greet guests on arrival. For more details, please contact the property using the information on the booking confirmation.</p>",Free long-term parking Wheelchair accessible (may have limitations) Free breakfast to go Free parking nearby Free breakfast 24-hour front desk Free WiFi Daily Housekeeping on request Safe-deposit box at front desk Smoke-free property In-room accessibility (in select rooms) Coffee/tea in common areas Laundry facilities Use of nearby fitness center (discount) Accessible bathroom (in select rooms) elevator Free self parking,Distances are displayed to the nearest 0.1 mile and kilometer. <br /> <p>Miracle Mile of Shopping - 0.4 km / 0.3 mi <br /> Warwick Mall - 0.9 km / 0.6 mi <br /> Mulligan s Island Golf and Entertainment - 3.6 km / 2.2 mi <br /> Launch Trampoline Park - 3.9 km / 2.4 mi <br /> Warwick City Hall - 4.8 km / 3 mi <br /> Garden City Center - 5.2 km / 3.2 mi <br /> Lincoln Park Cemetery - 6.7 km / 4.2 mi <br /> Warwick City Park - 6.7 km / 4.2 mi <br /> Warwick Public Library - 8.1 km / 5 mi <br /> Governor Sprague Mansion - 8.2 km / 5.1 mi <br /> Nathanael Greene Homestead - 8.4 km / 5.2 mi <br /> Warwick Pond - 8.5 km / 5.3 mi <br /> Windmill Cottage - 9 km / 5.6 mi <br /> Goddard Memorial State Park - 9.5 km / 5.9 mi <br /> Oakland Beach - 10.1 km / 6.3 mi <br /> </p><p>The nearest airports are:<br />T.F. Green Airport (PVD) - 6.5 km / 4 mi<br /> Newport  RI (NPT-Newport State) - 46.2 km / 28.7 mi<br /> North Kingstown  RI (NCO-Quonset State) - 22.4 km / 13.9 mi<br /> Pawtucket  RI (SFZ-North Central State) - 28.8 km / 17.9 mi<br /> New Bedford  MA (EWB-New Bedford Regional) - 62.3 km / 38.7 mi<br /> </p><p>The preferred airport for Extended Stay America Suites Providence Warwick is T.F. Green Airport (PVD). </p>,245 W Natick Rd WarwickRhode Island 02886 ,02886,4017322547,http://www.extendedstayamerica.com/hotels/ri/providence/warwick
Rhode Island,,41.66196,-71.54984,Holiday Inn Express Coventry S West Warwick Area,2.0,"<p>HeadLine : In Coventry</p><p>Location : Located in Coventry, Holiday Inn Express Coventry S - West Warwick Area, an IHG Hotel is within a 10-minute drive of Nathanael Greene Homestead and Launch Trampoline Park.  This hotel is 13.4 mi (21.6 km) from Roger Williams Park Zoo and 18.7 mi (30.1 km) from University of Rhode Island.</p><p>Rooms : Stay in one of 90 guestrooms featuring LED televisions. Your pillowtop bed comes with Egyptian cotton sheets, and all rooms are furnished with sofa beds. Complimentary wired and wireless Internet access keeps you connected, and cable programming provides entertainment. Private bathrooms have deep soaking bathtubs and complimentary toiletries.</p><p>Dining : Mingle with other guests at the complimentary reception, held on select days. A complimentary on-the-go breakfast is served on weekdays from 6:00 AM to 9:00 AM and on weekends from 6:00 AM to 10:00 AM.</p><p>CheckIn Instructions : <ul>  <li>Extra-person charges may apply and vary depending on property policy</li><li>Government-issued photo identification and a credit card may be required at check-in for incidental charges</li><li>Special requests are subject to availability upon check-in and may incur additional charges; special requests cannot be guaranteed</li><li>This property accepts credit cards; cash is not accepted</li><li>Safety features at this property include a fire extinguisher, a smoke detector, and window guards</li>  </ul></p><p>Special Instructions : Front desk staff will greet guests on arrival.</p>",Gift shops or newsstand Wheelchair accessible (may have limitations) Wheelchair-accessible van parking Free reception Number of meeting rooms - 2 Swimming pool Television in common areas Wheelchair-accessible fitness center Free WiFi Wheelchair-accessible pool Number of indoor pools - 1 Picnic area In-room accessibility (in select rooms) Wheelchair accessible parking Stair-free path to entrance Roll-in shower (in select rooms) Accessible bathroom (in select rooms) Free breakfast to go Luggage storage Free breakfast Multilingual staff Business center 24-hour front desk Water dispenser Daily Wheelchair-accessible meeting spaces/business center Golfing nearby Safe-deposit box at front desk Coffee/tea in common areas Laundry facilities elevator Free self parking Fitness facilities Computer station Terrace 24-hour business center,Distances are displayed to the nearest 0.1 mile and kilometer. <br /> <p>Nathanael Greene Homestead - 6.2 km / 3.9 mi <br /> New England Wireless and Steam Museum - 7.2 km / 4.5 mi <br /> Launch Trampoline Park - 7.5 km / 4.7 mi <br /> Windmill Cottage - 9.2 km / 5.7 mi <br /> Kent Hospital - 9.7 km / 6 mi <br /> Varnum Memorial Armory - 9.7 km / 6 mi <br /> Hope Pond Beach - 9.7 km / 6 mi <br /> Varnum House Museum - 9.8 km / 6.1 mi <br /> Miracle Mile of Shopping - 10.1 km / 6.3 mi <br /> Armory of the Kentish Guards - 10.1 km / 6.3 mi <br /> Clouds Hill Victorian Museum - 11.3 km / 7 mi <br /> Warwick City Hall - 11.7 km / 7.2 mi <br /> Warwick Museum of Art - 11.7 km / 7.3 mi <br /> Goddard Memorial State Park - 12 km / 7.5 mi <br /> J L Curran Fishing Area - 12.1 km / 7.5 mi <br /> </p><p>The nearest airports are:<br />T.F. Green Airport (PVD) - 16 km / 10 mi<br /> Newport  RI (NPT-Newport State) - 43.2 km / 26.9 mi<br /> North Kingstown  RI (NCO-Quonset State) - 19.5 km / 12.1 mi<br /> Pawtucket  RI (SFZ-North Central State) - 40.2 km / 25 mi<br /> Westerly  RI (WST-Westerly State) - 47.4 km / 29.4 mi<br /> </p><p>The preferred airport for Holiday Inn Express Coventry S - West Warwick Area  an IHG Hotel is T.F. Green Airport (PVD). </p>,4 Universal Boulevard Center Of New England CoventryRhode Island 02816 ,02816,4018213322,https://www.ihg.com/holidayinnexpress/hotels/us/es/coventry/pvdcy/hoteldetail
Rhode Island,,41.82387,-71.40993,Hampton Inn & Suites Providence Downtown,2.0,"<p>HeadLine : Near Brown University</p><p>Location : With a stay at Hampton Inn & Suites Providence Downtown, you ll be centrally located in Providence, a 1-minute drive from Brown University and 7 minutes from Roger Williams Park Zoo.  This hotel is 0.4 mi (0.6 km) from Providence Performing Arts Center and 0.5 mi (0.8 km) from Rhode Island Convention Center.</p><p>Rooms : Make yourself at home in one of the 110 air-conditioned rooms featuring refrigerators and LCD televisions. Digital programming and video-game consoles are provided for your entertainment, while complimentary wireless Internet access keeps you connected. Private bathrooms with bathtubs or showers feature complimentary toiletries and hair dryers. Conveniences include safes and microwaves, and housekeeping is provided daily.</p><p>Dining : Grab a bite from the snack bar/deli serving guests of Hampton Inn & Suites Providence Downtown. A complimentary continental breakfast is served daily from 6 AM to 10 AM.</p><p>CheckIn Instructions : <ul>  <li>Extra-person charges may apply and vary depending on property policy</li><li>Government-issued photo identification and a credit card may be required at check-in for incidental charges</li><li>Special requests are subject to availability upon check-in and may incur additional charges; special requests cannot be guaranteed</li><li>This property accepts credit cards and debit cards; cash is not accepted</li>  </ul></p><p>Special Instructions : This property offers transfers from the airport and train station (surcharges may apply). To arrange pick-up, guests must contact the property 72 hours prior to arrival, using the contact information on the booking confirmation. Front desk staff will greet guests on arrival.</p>",Free train station pickup Safe-deposit box at front desk Snack bar/deli Valet parking (surcharge) ATM/banking Wheelchair accessible path of travel Concierge services 24-hour business center Dry cleaning/laundry service Number of meeting rooms - 3 Free wired Internet Free WiFi Braille or raised signage Assistive listening devices available In-room accessibility (in select rooms) Wheelchair accessible parking Roll-in shower (in select rooms) Tours/ticket assistance Accessible bathroom (in select rooms) Free continental breakfast Airport transportation (surcharge) Free breakfast Multilingual staff Daily Wheelchair-accessible meeting spaces/business center Coffee/tea in common areas Laundry facilities elevator Fitness facilities Casino nearby Wheelchair accessible Covered parking Wheelchair-accessible concierge desk secured parking Express check-in Wheelchair-accessible path to elevator Valet for wheelchair-equipped vehicle Wheelchair-accessible registration desk Television in common areas Wheelchair-accessible fitness center Well-lit path to entrance Stair-free path to entrance Free newspapers in lobby Wedding services Free area shuttle Luggage storage Express check-out Grocery/convenience store Coin laundry on site Business center 24-hour front desk,Distances are displayed to the nearest 0.1 mile and kilometer. <br /> <p>Westminster Arcade - 0.1 km / 0.1 mi <br /> Johnson and Wales University - 0.2 km / 0.1 mi <br /> Providence River - 0.2 km / 0.2 mi <br /> Kennedy Plaza - 0.3 km / 0.2 mi <br /> Bank of America Tower - 0.3 km / 0.2 mi <br /> Memorial Park - 0.3 km / 0.2 mi <br /> Providence City Hall - 0.4 km / 0.2 mi <br /> Providence Performing Arts Center - 0.4 km / 0.2 mi <br /> Rhode Island School of Design - 0.4 km / 0.2 mi <br /> Benefit Street - 0.4 km / 0.3 mi <br /> Lupo s Heartbreak Hotel - 0.5 km / 0.3 mi <br /> Rhode Island School of Design Museum of Art - 0.5 km / 0.3 mi <br /> Waterplace Park - 0.6 km / 0.4 mi <br /> First Baptist Church of America - 0.6 km / 0.4 mi <br /> First Unitarian Church of Providence - 0.6 km / 0.4 mi <br /> </p><p>The nearest airports are:<br />T.F. Green Airport (PVD) - 14.9 km / 9.3 mi<br /> Pawtucket  RI (SFZ-North Central State) - 14.7 km / 9.2 mi<br /> Newport  RI (NPT-Newport State) - 44.1 km / 27.4 mi<br /> North Kingstown  RI (NCO-Quonset State) - 33.9 km / 21 mi<br /> New Bedford  MA (EWB-New Bedford Regional) - 48.7 km / 30.3 mi<br /> </p><p>The preferred airport for Hampton Inn & Suites Providence Downtown is T.F. Green Airport (PVD). </p>,58 Weybosset Street ProvidenceRhode Island 02903 ,02903,4016083500,https://hamptoninn3.hilton.com/en/hotels/rhode-island/hampton-inn-and-suites-providence-downtown-PVDWYHX/index.html
Rhode Island,,41.914883,-71.51597,Hampton Inn & Suites Providence Smithfield,3.0,"<p>HeadLine : Near Bryant University</p><p>Location : Located in Smithfield, Hampton Inn & Suites Providence/Smithfield is within a 15-minute drive of Twin River Casino and Providence College.  This hotel is 8 mi (12.9 km) from WaterFire Arts Center and 8.3 mi (13.4 km) from Providence Place Mall.</p><p>Rooms : Make yourself at home in one of the 101 guestrooms featuring refrigerators and LCD televisions. Complimentary wired and wireless Internet access keeps you connected, and cable programming provides entertainment. Private bathrooms with shower/tub combinations feature complimentary toiletries and hair dryers. Conveniences include safes and desks, and housekeeping is provided daily.</p><p>Dining : A complimentary on-the-go breakfast is served daily from 6:00 AM to 9:00 AM.</p><p>CheckIn Instructions : <ul>  <li>Extra-person charges may apply and vary depending on property policy</li><li>Government-issued photo identification and a credit card, debit card, or cash deposit may be required at check-in for incidental charges</li><li>Special requests are subject to availability upon check-in and may incur additional charges; special requests cannot be guaranteed</li><li>This property accepts credit cards, debit cards, and cash</li>  </ul></p><p>Special Instructions : Front desk staff will greet guests on arrival.</p>",Dry cleaning/laundry service Wheelchair-accessible concierge desk Wheelchair-accessible van parking Number of meeting rooms - 1 Wheelchair-accessible path to elevator Wheelchair-accessible registration desk Wheelchair-accessible fitness center Free WiFi Wheelchair-accessible pool Braille or raised signage Well-lit path to entrance Assistive listening devices available Number of indoor pools - 1 In-room accessibility (in select rooms) Wheelchair accessible parking Stair-free path to entrance Free newspapers in lobby Roll-in shower (in select rooms) Accessible bathroom (in select rooms) Free breakfast to go Luggage storage Free breakfast Business center 24-hour front desk Daily Wheelchair-accessible meeting spaces/business center Smoke-free property Coffee/tea in common areas Laundry facilities elevator Free self parking Fitness facilities ATM/banking Wheelchair accessible path of travel,Distances are displayed to the nearest 0.1 mile and kilometer. <br /> <p>Bryant University - 2.9 km / 1.8 mi <br /> Mowry Conservation Area - 4.3 km / 2.7 mi <br /> Powder Mill Ledges Wildlife Refuge - 6.9 km / 4.3 mi <br /> Twin Rivers Beach East - 7.5 km / 4.6 mi <br /> Twin River Casino - 8.6 km / 5.4 mi <br /> Blackstone River Bikeway - 9 km / 5.6 mi <br /> Sunset Stables - 9.2 km / 5.7 mi <br /> Our Lady of Fatima Hospital - 9.7 km / 6.1 mi <br /> Lincoln Woods State Park - 10.2 km / 6.4 mi <br /> Frank Moody State Beach - 10.4 km / 6.4 mi <br /> Wide World of Indoor Sports - 10.5 km / 6.5 mi <br /> Providence College - 10.6 km / 6.6 mi <br /> Rustic Drive-in Theatre - 10.7 km / 6.7 mi <br /> Stage Right Studio for Arts & Wellness - 11.7 km / 7.3 mi <br /> Woonsocket City Hall - 12.2 km / 7.6 mi <br /> </p><p>The nearest airports are:<br />T.F. Green Airport (PVD) - 28.3 km / 17.6 mi<br /> Pawtucket  RI (SFZ-North Central State) - 6.7 km / 4.2 mi<br /> Newport  RI (NPT-Newport State) - 67.8 km / 42.1 mi<br /> North Kingstown  RI (NCO-Quonset State) - 44 km / 27.4 mi<br /> Norwood  MA (OWD-Norwood Memorial) - 53.6 km / 33.3 mi<br /> </p><p>The preferred airport for Hampton Inn & Suites Providence/Smithfield is T.F. Green Airport (PVD). </p>,945 Douglas Pike SmithfieldRhode Island 02917 ,02917,4012329200,http://hamptoninn3.hilton.com/en/hotels/rhode-island/hampton-inn-and-suites-providence-smithfield-PVDSFHX/index.html
Rhode Island,,41.724934,-71.459564,Extended Stay America Providence Airport,2.0,"<p>HeadLine : Near Miracle Mile of Shopping</p><p>Location : When you stay at Extended Stay America Suites Providence Airport in Warwick, you ll be near the airport, within a 15-minute drive of Roger Williams Park Zoo and Brown University.  This hotel is 8.5 mi (13.7 km) from Providence Performing Arts Center and 9 mi (14.5 km) from Rhode Island Convention Center.</p><p>Rooms : Make yourself at home in one of the 95 guestrooms, featuring kitchens with refrigerators and stovetops. 32-inch flat-screen televisions with cable programming provide entertainment, while complimentary wireless Internet access keeps you connected. Conveniences include phones, as well as microwaves and coffee/tea makers.</p><p>Dining : A complimentary on-the-go breakfast is served daily from 6 AM to 9:30 AM.</p><p>CheckIn Instructions : <ul>  <li>Extra-person charges may apply and vary depending on property policy</li><li>Government-issued photo identification and a credit card may be required at check-in for incidental charges</li><li>Special requests are subject to availability upon check-in and may incur additional charges; special requests cannot be guaranteed</li><li>This property accepts credit cards; cash is not accepted</li><li>Please note that cultural norms and guest policies may differ by country and by property; the policies listed are provided by the property</li>  </ul></p><p>Special Instructions : Front desk staff will greet guests on arrival. For more details, please contact the property using the information on the booking confirmation.</p>",Fitness facilities Conference space Free long-term parking Free breakfast to go Vending machine Free breakfast 24-hour front desk Free WiFi Daily Barbecue grill(s) Housekeeping on request Safe-deposit box at front desk Picnic area In-room accessibility (in select rooms) Coffee/tea in common areas Wheelchair accessible parking Laundry facilities elevator Free self parking,Distances are displayed to the nearest 0.1 mile and kilometer. <br /> <p>Miracle Mile of Shopping - 1.3 km / 0.8 mi <br /> Warwick Mall - 2.2 km / 1.4 mi <br /> Warwick City Hall - 3.5 km / 2.2 mi <br /> Lincoln Park Cemetery - 4.1 km / 2.6 mi <br /> Mulligan s Island Golf and Entertainment - 5.1 km / 3.2 mi <br /> Warwick City Park - 5.8 km / 3.6 mi <br /> Launch Trampoline Park - 5.8 km / 3.6 mi <br /> Warwick Pond - 6.1 km / 3.8 mi <br /> Garden City Center - 6.5 km / 4.1 mi <br /> Warwick Public Library - 7.1 km / 4.4 mi <br /> Windmill Cottage - 8 km / 5 mi <br /> Pawtuxet Park - 8.4 km / 5.2 mi <br /> Roger Williams Park Zoo - 8.8 km / 5.5 mi <br /> Oakland Beach - 9.1 km / 5.7 mi <br /> Roger Williams Park Carousel Village - 9.3 km / 5.8 mi <br /> </p><p>The nearest airports are:<br />T.F. Green Airport (PVD) - 3.5 km / 2.2 mi<br /> Newport  RI (NPT-Newport State) - 46.1 km / 28.6 mi<br /> North Kingstown  RI (NCO-Quonset State) - 22.3 km / 13.8 mi<br /> Pawtucket  RI (SFZ-North Central State) - 30.2 km / 18.8 mi<br /> New Bedford  MA (EWB-New Bedford Regional) - 60.3 km / 37.5 mi<br /> </p><p>The preferred airport for Extended Stay America Suites Providence Airport is T.F. Green Airport (PVD). </p>,268 Metro Center Blvd WarwickRhode Island 02886 ,02886,4017326667,http://www.extendedstayamerica.com/hotels/ri/providence/airport
Rhode Island,,41.754257,-71.4343,Courtyard Providence Warwick,3.0,"<p>HeadLine : Near Lincoln Park Cemetery</p><p>Location : When you stay at Courtyard by Marriott Providence Warwick in Warwick, you ll be near the airport, a 4-minute drive from Roger Williams Park Zoo and 10 minutes from Brown University.  This hotel is 5.9 mi (9.4 km) from Providence Performing Arts Center and 6.3 mi (10.2 km) from Rhode Island Convention Center.</p><p>Rooms : Make yourself at home in one of the 92 guestrooms featuring refrigerators and Smart televisions. Complimentary wired and wireless Internet access keeps you connected, and cable programming provides entertainment. Private bathrooms with shower/tub combinations feature complimentary toiletries and hair dryers. Conveniences include phones, as well as safes and desks.</p><p>Dining : You can enjoy a meal at BistroEat.Drink.Connect serving the guests of Courtyard by Marriott Providence Warwick, or stop in at the snack bar/deli.</p><p>CheckIn Instructions : <ul>  <li>Extra-person charges may apply and vary depending on property policy</li><li>Government-issued photo identification and a credit card, debit card, or cash deposit may be required at check-in for incidental charges</li><li>Special requests are subject to availability upon check-in and may incur additional charges; special requests cannot be guaranteed</li><li>This property accepts credit cards and cash</li><li>Please note that cultural norms and guest policies may differ by country and by property; the policies listed are provided by the property</li>  </ul></p><p>Special Instructions : Front desk staff will greet guests on arrival.</p>",elevator Free self parking Computer station ATM/banking Wheelchair accessible path of travel 24-hour business center Wheelchair accessible (may have limitations) Vending machine Wheelchair-accessible van parking Number of meeting rooms - 1 Wheelchair-accessible path to elevator Free wired Internet Wheelchair-accessible registration desk Television in common areas Wheelchair-accessible fitness center Free WiFi Wheelchair-accessible pool Wheelchair-accessible public washroom Braille or raised signage Well-lit path to entrance Assistive listening devices available Picnic area In-room accessibility (in select rooms) Wheelchair accessible parking Stair-free path to entrance Roll-in shower (in select rooms) Accessible bathroom (in select rooms) Fireplace in lobby 24-hour fitness facilities Luggage storage Wheelchair-accessible on-site restaurant Grocery/convenience store Coin laundry on site Visual alarms in hallways Business center 24-hour front desk Wheelchair-accessible meeting spaces/business center Housekeeping on request Safe-deposit box at front desk Smoke-free property Snack bar/deli Laundry facilities,Distances are displayed to the nearest 0.1 mile and kilometer. <br /> <p>Lincoln Park Cemetery - 2.3 km / 1.4 mi <br /> Garden City Center - 3.9 km / 2.5 mi <br /> Roger Williams Park Zoo - 4.5 km / 2.8 mi <br /> Roger Williams Park Carousel Village - 5 km / 3.1 mi <br /> Museum of Natural History and Planetarium - 5.4 km / 3.4 mi <br /> Mulligan s Island Golf and Entertainment - 5.5 km / 3.4 mi <br /> Warwick Pond - 6 km / 3.7 mi <br /> Pawtuxet Park - 6.7 km / 4.2 mi <br /> Warwick Mall - 7.4 km / 4.6 mi <br /> Warwick City Hall - 7.4 km / 4.6 mi <br /> Providence Bruins - 7.4 km / 4.6 mi <br /> Big Blue Bug - 7.6 km / 4.7 mi <br /> Governor Sprague Mansion - 7.7 km / 4.8 mi <br /> Warwick Public Library - 7.9 km / 4.9 mi <br /> Miracle Mile of Shopping - 8 km / 5 mi <br /> </p><p>The nearest airports are:<br />T.F. Green Airport (PVD) - 4.6 km / 2.8 mi<br /> Newport  RI (NPT-Newport State) - 49.5 km / 30.8 mi<br /> North Kingstown  RI (NCO-Quonset State) - 25.7 km / 16 mi<br /> Pawtucket  RI (SFZ-North Central State) - 23.7 km / 14.7 mi<br /> New Bedford  MA (EWB-New Bedford Regional) - 56 km / 34.8 mi<br /> </p><p></p>,55 Jefferson Park Road WarwickRhode Island 02888 ,02888,4014676900,http://www.marriott.com/hotels/travel/pvdap-courtyard-providence-warwick/
Rhode Island,,41.75249,-71.43428,La Quinta Inn & Suites Warwick Providence Airport,2.0,"<p>HeadLine : Near Lincoln Park Cemetery</p><p>Location : When you stay at La Quinta Inn & Suites by Wyndham Warwick Providence Airport in Warwick, you ll be in the business district, a 4-minute drive from Roger Williams Park Zoo and 9 minutes from Brown University.  This hotel is 5.9 mi (9.4 km) from Providence Performing Arts Center and 6.3 mi (10.2 km) from Rhode Island Convention Center.</p><p>Rooms : Make yourself at home in one of the 115 guestrooms featuring refrigerators and flat-screen televisions. Complimentary wireless Internet access keeps you connected, and cable programming is available for your entertainment. Private bathrooms with shower/tub combinations feature complimentary toiletries and hair dryers. Conveniences include desks and microwaves, and housekeeping is provided daily.</p><p>Dining : A complimentary continental breakfast is served on weekdays from 6 AM to 9 AM and on weekends from 7 AM to 10 AM.</p><p>CheckIn Instructions : <ul>  <li>Extra-person charges may apply and vary depending on property policy</li><li>Government-issued photo identification and a credit card may be required at check-in for incidental charges</li><li>Special requests are subject to availability upon check-in and may incur additional charges; special requests cannot be guaranteed</li><li>This property accepts credit cards; cash is not accepted</li>  </ul></p><p>Special Instructions : Front desk staff will greet guests on arrival.</p>",Long-term parking (surcharge) Wheelchair accessible (may have limitations) Express check-in Television in common areas Free WiFi Number of outdoor pools - 1 In-room accessibility (in select rooms) Wheelchair accessible parking Accessible bathroom (in select rooms) Free continental breakfast Free airport transportation Free breakfast Express check-out Business center 24-hour front desk Daily Golfing nearby Smoke-free property Coffee/tea in common areas Laundry facilities Use of nearby fitness center (discount) elevator Free self parking Fitness facilities,Distances are displayed to the nearest 0.1 mile and kilometer. <br /> <p>Lincoln Park Cemetery - 1.9 km / 1.2 mi <br /> Garden City Center - 3.9 km / 2.4 mi <br /> Roger Williams Park Zoo - 4.5 km / 2.8 mi <br /> Roger Williams Park Carousel Village - 5 km / 3.1 mi <br /> Museum of Natural History and Planetarium - 5.4 km / 3.4 mi <br /> Mulligan s Island Golf and Entertainment - 5.5 km / 3.4 mi <br /> Warwick Pond - 5.7 km / 3.6 mi <br /> Pawtuxet Park - 6.5 km / 4.1 mi <br /> Warwick City Hall - 6.8 km / 4.2 mi <br /> Warwick Mall - 7.4 km / 4.6 mi <br /> Providence Bruins - 7.4 km / 4.6 mi <br /> Miracle Mile of Shopping - 7.5 km / 4.7 mi <br /> Big Blue Bug - 7.6 km / 4.7 mi <br /> Governor Sprague Mansion - 7.7 km / 4.8 mi <br /> Warwick Public Library - 7.7 km / 4.8 mi <br /> </p><p>The nearest airports are:<br />T.F. Green Airport (PVD) - 4.4 km / 2.7 mi<br /> Newport  RI (NPT-Newport State) - 49.7 km / 30.9 mi<br /> North Kingstown  RI (NCO-Quonset State) - 25.7 km / 16 mi<br /> Pawtucket  RI (SFZ-North Central State) - 23.7 km / 14.7 mi<br /> New Bedford  MA (EWB-New Bedford Regional) - 56 km / 34.8 mi<br /> </p><p>The preferred airport for La Quinta Inn & Suites by Wyndham Warwick Providence Airport is T.F. Green Airport (PVD). </p>,36 Jefferson Boulevard WarwickRhode Island 02888 ,02888,4019416600,http://www.laquintawarwick.com/
Rhode Island,,41.72647,-71.4722,NYLO Providence Warwick Hotel Tapestry Collection by Hilton,3.0,"<p>HeadLine : Near Warwick Mall</p><p>Location : With a stay at NYLO Providence Warwick Hotel, Tapestry Collection by Hilton in Warwick, you ll be on a river, within a 10-minute drive of Roger Williams Park Zoo and Miracle Mile of Shopping.  This boutique hotel is 10.1 mi (16.3 km) from Brown University and 8.3 mi (13.3 km) from WaterFire Arts Center.</p><p>Rooms : Make yourself at home in one of the 162 guestrooms featuring iPod docking stations and flat-screen televisions. Your pillowtop bed comes with down comforters. Complimentary wired and wireless Internet access keeps you connected, and cable programming provides entertainment. Private bathrooms with showers feature rainfall showerheads and designer toiletries.</p><p>Dining : Enjoy a satisfying meal at The Loft serving guests of NYLO Providence Warwick Hotel, Tapestry Collection by Hilton. Quench your thirst with your favorite drink at the bar/lounge.</p><p>CheckIn Instructions : <ul>  <li>Extra-person charges may apply and vary depending on property policy</li><li>Government-issued photo identification and a credit card may be required at check-in for incidental charges</li><li>Special requests are subject to availability upon check-in and may incur additional charges; special requests cannot be guaranteed</li><li>This property accepts credit cards, debit cards, and cash</li>  </ul></p><p>Special Instructions : This property offers transfers from the airport. Guests must contact the property with arrival details before travel, using the contact information on the booking confirmation. Front desk staff will greet guests on arrival.</p>",Gift shops or newsstand Dry cleaning/laundry service Wheelchair accessible (may have limitations) Wheelchair-accessible van parking Assistive listening devices in meeting rooms Meeting rooms Wheelchair-accessible path to elevator Conference space size (meters) - 130 Wheelchair-accessible registration desk Wheelchair-accessible fitness center Free WiFi Number of bars/lounges - 1 Braille or raised signage Well-lit path to entrance In-room accessibility (in select rooms) Wheelchair accessible parking Stair-free path to entrance Roll-in shower (in select rooms) Accessible bathroom (in select rooms) Free area shuttle Free airport transportation Wheelchair-accessible on-site restaurant Business center 24-hour front desk Library Wheelchair-accessible meeting spaces/business center Safe-deposit box at front desk Smoke-free property Laundry facilities Sauna elevator Free self parking Fitness facilities Conference space Computer station Terrace ATM/banking Conference space size (feet) - 1400 24-hour business center,Distances are displayed to the nearest 0.1 mile and kilometer. <br /> <p>Miracle Mile of Shopping - 0.3 km / 0.2 mi <br /> Warwick Mall - 0.8 km / 0.5 mi <br /> Warwick City Hall - 3.7 km / 2.3 mi <br /> Mulligan s Island Golf and Entertainment - 4 km / 2.5 mi <br /> Launch Trampoline Park - 4.5 km / 2.8 mi <br /> Garden City Center - 4.8 km / 3 mi <br /> Warwick City Park - 6 km / 3.7 mi <br /> Lincoln Park Cemetery - 6.7 km / 4.1 mi <br /> Warwick Public Library - 7.4 km / 4.6 mi <br /> Governor Sprague Mansion - 8.1 km / 5 mi <br /> Windmill Cottage - 8.3 km / 5.2 mi <br /> Goddard Memorial State Park - 8.8 km / 5.5 mi <br /> Warwick Pond - 8.9 km / 5.5 mi <br /> Nathanael Greene Homestead - 9.4 km / 5.8 mi <br /> Oakland Beach - 9.4 km / 5.8 mi <br /> </p><p>The nearest airports are:<br />T.F. Green Airport (PVD) - 5.8 km / 3.6 mi<br /> Newport  RI (NPT-Newport State) - 46.8 km / 29.1 mi<br /> North Kingstown  RI (NCO-Quonset State) - 22.6 km / 14 mi<br /> Pawtucket  RI (SFZ-North Central State) - 28.4 km / 17.6 mi<br /> New Bedford  MA (EWB-New Bedford Regional) - 62.2 km / 38.6 mi<br /> </p><p>The preferred airport for NYLO Providence Warwick Hotel  Tapestry Collection by Hilton is T.F. Green Airport (PVD). </p>,400 Knight St WarwickRhode Island 02886 ,02886,4017344460,http://www.nylohotels.com/warwick
Rhode Island,,41.67007,-71.50412,SpringHill Suites Providence West Warwick,2.0,"<p>HeadLine : Near the airport</p><p>Location : With a stay at Springhill Suites by Marriott Warwick in West Warwick, you ll be near the airport, within a 15-minute drive of Roger Williams Park Zoo and Launch Trampoline Park.  This hotel is 14.4 mi (23.2 km) from Brown University and 17.4 mi (28 km) from University of Rhode Island.</p><p>Rooms : Make yourself at home in one of the 108 guestrooms featuring refrigerators and microwaves. Complimentary wireless Internet access keeps you connected, and cable programming is available for your entertainment. Partially open bathrooms with shower/tub combinations feature complimentary toiletries and hair dryers. Conveniences include desks and separate sitting areas, and housekeeping is provided daily.</p><p>Dining : Grab a bite from the snack bar/deli serving guests of Springhill Suites by Marriott Warwick. Wrap up your day with a drink at the bar/lounge. A complimentary on-the-go breakfast is served daily from 6:00 AM to 9:00 AM.</p><p>CheckIn Instructions : <ul>  <li>Extra-person charges may apply and vary depending on property policy</li><li>Government-issued photo identification and a credit card, debit card, or cash deposit may be required at check-in for incidental charges</li><li>Special requests are subject to availability upon check-in and may incur additional charges; special requests cannot be guaranteed</li><li>This property accepts credit cards; cash is not accepted</li><li>Please note that cultural norms and guest policies may differ by country and by property; the policies listed are provided by the property</li>  </ul></p><p>Special Instructions : This property offers transfers from the airport. Guests must contact the property with arrival details before travel, using the contact information on the booking confirmation. Front desk staff will greet guests on arrival.</p>",Wheelchair-accessible van parking Wheelchair-accessible path to elevator Wheelchair-accessible registration desk Pool hoist on site Television in common areas Wheelchair-accessible fitness center Wheelchair-accessible pool Well-lit path to entrance Picnic area Stair-free path to entrance Free area shuttle Free breakfast to go Luggage storage Express check-out Business center 24-hour front desk Safe-deposit box at front desk Smoke-free property Snack bar/deli Free self parking ATM/banking Wheelchair accessible path of travel Pool sun loungers Accessible shuttle Free breakfast Visual alarms in hallways Number of accessible parking spaces - 5 Daily Wheelchair-accessible meeting spaces/business center Coffee/tea in common areas Laundry facilities elevator Fitness facilities Wheelchair accessible (may have limitations) Gift shops or newsstand Dry cleaning/laundry service Outdoor furniture Free WiFi Number of bars/lounges - 1 Number of spa tubs - 1 Braille or raised signage Assistive listening devices available Number of indoor pools - 1 In-room accessibility (in select rooms) Wheelchair accessible parking Roll-in shower (in select rooms) Accessible bathroom (in select rooms) Fireplace in lobby Free airport transportation Accessible airport shuttle Wheelchair-accessible lounge,Distances are displayed to the nearest 0.1 mile and kilometer. <br /> <p>Launch Trampoline Park - 3.9 km / 2.4 mi <br /> Windmill Cottage - 4.9 km / 3.1 mi <br /> Miracle Mile of Shopping - 6.4 km / 4 mi <br /> Warwick City Hall - 6.8 km / 4.2 mi <br /> New England Wireless and Steam Museum - 7.1 km / 4.4 mi <br /> Nathanael Greene Homestead - 7.6 km / 4.7 mi <br /> Warwick Mall - 7.7 km / 4.8 mi <br /> Goddard Memorial State Park - 8.3 km / 5.1 mi <br /> Ocean State Theatre - 8.6 km / 5.4 mi <br /> Warwick City Park - 10 km / 6.2 mi <br /> Biomes Marine Biology Center - 10.2 km / 6.4 mi <br /> Goddard Memorial State Park Beach - 10.6 km / 6.6 mi <br /> Mulligan s Island Golf and Entertainment - 10.6 km / 6.6 mi <br /> Seabee Museum and Memorial Park - 11.5 km / 7.2 mi <br /> Warwick Public Library - 11.8 km / 7.3 mi <br /> </p><p>The nearest airports are:<br />T.F. Green Airport (PVD) - 10.4 km / 6.4 mi<br /> Newport  RI (NPT-Newport State) - 39.1 km / 24.3 mi<br /> North Kingstown  RI (NCO-Quonset State) - 14.9 km / 9.2 mi<br /> Pawtucket  RI (SFZ-North Central State) - 34.1 km / 21.2 mi<br /> Westerly  RI (WST-Westerly State) - 51.3 km / 31.9 mi<br /> </p><p>The preferred airport for Springhill Suites by Marriott Warwick is T.F. Green Airport (PVD). </p>,14 James P. Murphy Industrial Highway West WarwickRhode Island 02893 ,02893,4018221244,http://www.marriott.com/hotels/travel/pvdsh-springhill-suites-providence-west-warwick/
Rhode Island,,41.83106,-71.41843,Christopher Dodge House,3.0,"This bed and breakfast, a brick mansion built in 1858, is within a 10 minute walk to Waterplace Park.

All rooms at the Christopher Dodge House have private bathrooms. The rooms are furnished with work desks, and include free Wi-Fi and cable TV.

Complimentary breakfast is served every morning at this bed and breakfast. Free off-street parking is available.

Brown University is just over a mile from The Christopher Dodge House. The Rhode Island State Capital is a five minute walk away. The Providence Place Mall is less than a mile from this bed and breakfast. Guests are required to show a photo identification and credit card upon check-in. Please note that all Special Requests are subject to availability and additional charges may apply.
Please inform Christopher Dodge House in advance of your expected arrival time. You can use the Special Requests box when booking, or contact the property directly with the contact details provided in your confirmation.
In response to Coronavirus (COVID-19), additional safety and sanitation measures are in effect at this property.
Food & beverage services at this property may be limited or unavailable due to Coronavirus (COVID-19).
Due to Coronavirus (COVID-19), this property is taking steps to help protect the safety of guests and staff. Certain services and amenities may be reduced or unavailable as a result.
This property will not accommodate hen, stag or similar parties.",Parking meeting/banquet facilities Garden Terrace Non-smoking rooms Business centre Family rooms breakfast in the room Free parking internet services express check-in/check-out Heating Luggage storage wifi Free WiFi Non-smoking throughout Air conditioning designated smoking area Snack Bar Private check-in/check-out Special diet menus (on request) vending machine (drinks) vending machine (snacks) shared lounge/TV area Daily housekeeping parking on site Private parking wifi available in all areas board games/puzzles secured parking Outdoor furniture Key access Smoke alarms CCTV outside property Fire extinguishers use of cleaning chemicals that are effective against coronavirus linens  towels and laundry washed in accordance with local authority guidelines guest accommodation is disinfected between stays guest accommodation sealed after cleaning physical distancing in dining areas food can be delivered to guest accommodation staff follow all safety protocols as directed by local authorities shared stationery such as printed menus  magazines  pens  and paper removed hand sanitizer in guest accommodation and key areas first aid kit available contactless check-in/check-out cashless payment available physical distancing rules followed invoice provided all plates  cutlery  glasses and other tableware have been sanitized guests have the option to cancel any cleaning services for their accommodation during their stay breakfast takeaway containers delivered food is securely covered,,11 West Park Street ProvidenceRhode Island 02908 ,02908,4013516111,https://www.booking.com/hotel/us/christopher-dodge-house.html
Rhode Island,,41.651775,-71.60749,Super 8 By Wyndham West Greenwich providence,2.0,"<p>HeadLine : In West Greenwich</p><p>Location : Located in West Greenwich, Super 8 by Wyndham West Greenwich/Providence is within a 15-minute drive of Nathanael Greene Homestead and Arcadia Wildlife Management Area.  This motel is 21.5 mi (34.7 km) from University of Rhode Island and 7.5 mi (12.1 km) from Hope Pond Beach.</p><p>Rooms : Make yourself at home in one of the 47 guestrooms featuring refrigerators and microwaves. Complimentary wireless Internet access keeps you connected, and cable programming is available for your entertainment. Bathrooms have shower/tub combinations and hair dryers. Conveniences include desks and irons/ironing boards, and housekeeping is provided daily.</p><p>Dining : A complimentary on-the-go breakfast is served daily from 6:00 AM to 10:00 AM.</p><p>CheckIn Instructions : <ul>  <li>Extra-person charges may apply and vary depending on property policy</li><li>Government-issued photo identification and a credit card, debit card, or cash deposit may be required at check-in for incidental charges</li><li>Special requests are subject to availability upon check-in and may incur additional charges; special requests cannot be guaranteed</li><li>This property accepts credit cards; cash is not accepted</li><li>Please note that cultural norms and guest policies may differ by country and by property; the policies listed are provided by the property</li>  </ul></p><p>Special Instructions : Front desk staff will greet guests on arrival.</p>",Wheelchair accessible (may have limitations) Free breakfast to go Vending machine Free breakfast Business center 24-hour front desk Water dispenser Wheelchair-accessible registration desk Free WiFi Daily Smoke-free property In-room accessibility (in select rooms) Wheelchair accessible parking RV  bus  truck parking Free self parking Computer station 24-hour business center,Distances are displayed to the nearest 0.1 mile and kilometer. <br /> <p>Nathanael Greene Homestead - 8.6 km / 5.3 mi <br /> Arcadia Wildlife Management Area - 10.1 km / 6.3 mi <br /> Hope Pond Beach - 12.1 km / 7.5 mi <br /> Leyden Farm Vineyards & Winery - 13.5 km / 8.4 mi <br /> Windmill Cottage - 13.8 km / 8.6 mi <br /> Varnum Memorial Armory - 14.3 km / 8.9 mi <br /> Varnum House Museum - 14.4 km / 8.9 mi <br /> J L Curran Fishing Area - 14.5 km / 9 mi <br /> Launch Trampoline Park - 14.6 km / 9 mi <br /> Armory of the Kentish Guards - 14.7 km / 9.1 mi <br /> Clouds Hill Victorian Museum - 15.9 km / 9.9 mi <br /> New England Wireless and Steam Museum - 16 km / 9.9 mi <br /> Warwick City Hall - 16.3 km / 10.1 mi <br /> Warwick Museum of Art - 16.3 km / 10.1 mi <br /> Arcadia Wildlife Management Area - 16.3 km / 10.1 mi <br /> </p><p>The nearest airports are:<br />T.F. Green Airport (PVD) - 20.6 km / 12.8 mi<br /> North Kingstown  RI (NCO-Quonset State) - 24 km / 14.9 mi<br /> Newport  RI (NPT-Newport State) - 47.8 km / 29.7 mi<br /> Pawtucket  RI (SFZ-North Central State) - 44.8 km / 27.9 mi<br /> Westerly  RI (WST-Westerly State) - 41.9 km / 26 mi<br /> </p><p>The preferred airport for Super 8 by Wyndham West Greenwich/Providence is T.F. Green Airport (PVD). </p>,101 Nooseneck Hill Rd. West GreenwichRhode Island 02817 ,02817,4013973381,https://www.wyndhamhotels.com/super-8/west-greenwich-rhode-island/super-8-west-greenwich-providence
Rhode Island,,41.829998,-71.41656,Renaissance Providence Downtown Hotel,4.0,"<p>HeadLine : In Providence (Downtown Providence)</p><p>Location : With a stay at Renaissance Providence Downtown Hotel in Providence (Downtown Providence), you ll be a 2-minute drive from Brown University and 7 minutes from Roger Williams Park Zoo.  This 4-star hotel is 0.5 mi (0.8 km) from Rhode Island Convention Center and 0.6 mi (0.9 km) from Dunkin  Donuts Center.</p><p>Rooms : Make yourself at home in one of the 272 guestrooms featuring refrigerators and LCD televisions. Premium TV channels provides entertainment, and wired and wireless Internet access is available for a surcharge. Private bathrooms with shower/tub combinations feature designer toiletries and hair dryers. Conveniences include safes and desks, as well as phones with free local calls.</p><p>Dining : Enjoy a meal at the restaurant or snacks in the coffee shop/cafe. The hotel also offers room service (during limited hours). Quench your thirst with your favorite drink at the bar/lounge.</p><p>CheckIn Instructions : <ul>  <li>Extra-person charges may apply and vary depending on property policy</li><li>Government-issued photo identification and a credit card, debit card, or cash deposit may be required at check-in for incidental charges</li><li>Special requests are subject to availability upon check-in and may incur additional charges; special requests cannot be guaranteed</li><li>This property accepts credit cards; cash is not accepted</li><li>Please note that cultural norms and guest policies may differ by country and by property; the policies listed are provided by the property</li>  </ul></p><p>Special Instructions : Front desk staff will greet guests on arrival.</p>",Gift shops or newsstand Dry cleaning/laundry service Distance from property (miles) - 0.1 Wheelchair accessible (may have limitations) Ballroom Express check-in Meeting rooms Wheelchair-accessible registration desk Sailing nearby Limo or Town Car service available Wheelchair-accessible fitness center Free WiFi Number of bars/lounges - 1 Braille or raised signage Assistive listening devices available In-room accessibility (in select rooms) Free newspapers in lobby Roll-in shower (in select rooms) Accessible bathroom (in select rooms) Fireplace in lobby 24-hour fitness facilities Distance from property (km) - 0.2 Luggage storage Wheelchair-accessible on-site restaurant Express check-out Porter/bellhop Visual alarms in hallways Multilingual staff Business center 24-hour front desk Wheelchair-accessible meeting spaces/business center Golfing nearby Safe-deposit box at front desk Smoke-free property Coffee/tea in common areas Snack bar/deli Number of coffee shops/cafes - 1 Hiking/biking trails nearby Laundry facilities elevator Fitness facilities Valet parking (surcharge) ATM/banking Wheelchair accessible path of travel,Distances are displayed to the nearest 0.1 mile and kilometer. <br /> <p>Veterans Memorial Auditorium - 0.1 km / 0.1 mi <br /> Providence Place Mall - 0.2 km / 0.1 mi <br /> Rhode Island State Capitol Building - 0.2 km / 0.1 mi <br /> Waterplace Park - 0.4 km / 0.3 mi <br /> Johnson and Wales University - 0.6 km / 0.4 mi <br /> Providence River - 0.8 km / 0.5 mi <br /> Rhode Island Convention Center - 0.8 km / 0.5 mi <br /> Providence City Hall - 0.8 km / 0.5 mi <br /> Benefit Street - 0.9 km / 0.5 mi <br /> Lupo s Heartbreak Hotel - 0.9 km / 0.6 mi <br /> Bank of America Tower - 0.9 km / 0.6 mi <br /> Kennedy Plaza - 0.9 km / 0.6 mi <br /> First Baptist Church of America - 0.9 km / 0.6 mi <br /> Providence Art Club - 0.9 km / 0.6 mi <br /> Dunkin  Donuts Center - 1 km / 0.6 mi <br /> </p><p>The nearest airports are:<br />T.F. Green Airport (PVD) - 16.2 km / 10.1 mi<br /> Pawtucket  RI (SFZ-North Central State) - 14.4 km / 8.9 mi<br /> Newport  RI (NPT-Newport State) - 45.4 km / 28.2 mi<br /> North Kingstown  RI (NCO-Quonset State) - 35.4 km / 22 mi<br /> New Bedford  MA (EWB-New Bedford Regional) - 50 km / 31.1 mi<br /> </p><p>The preferred airport for Renaissance Providence Downtown Hotel is T.F. Green Airport (PVD). </p>,5 Avenue of the Arts ProvidenceRhode Island 02903 ,02903,4019195000,http://www.marriott.com/hotels/travel/pvdbr-renaissance-providence-downtown-hotel/
Rhode Island,,41.72912,-71.45414,Sonesta ES Suites Providence Airport,3.0,"<p>HeadLine : Near Mulligan s Island Golf and Entertainment</p><p>Location : When you stay at Sonesta ES Suites Providence - Airport in Warwick, you ll be in the business district, within a 15-minute drive of Roger Williams Park Zoo and Brown University.  This hotel is 8 mi (12.9 km) from Providence Performing Arts Center and 8.6 mi (13.8 km) from Rhode Island Convention Center.</p><p>Rooms : Make yourself at home in one of the 96 guestrooms, featuring kitchens with full-sized refrigerators/freezers and stovetops. Flat-screen televisions with cable programming provide entertainment, while complimentary wireless Internet access keeps you connected. Conveniences include phones, as well as safes and desks.</p><p>Dining : Mingle with other guests at the complimentary reception, held on select days. A complimentary buffet breakfast is served daily from 7:00 AM to 9:00 AM.</p><p>CheckIn Instructions : <ul>  <li>Extra-person charges may apply and vary depending on property policy</li><li>Government-issued photo identification and a credit card may be required at check-in for incidental charges</li><li>Special requests are subject to availability upon check-in and may incur additional charges; special requests cannot be guaranteed</li><li>This property accepts credit cards; cash is not accepted</li><li>This property reserves the right to pre-authorize the guest s credit card prior to arrival.</li><li>Please note that cultural norms and guest policies may differ by country and by property; the policies listed are provided by the property</li>  </ul></p><p>Special Instructions : Front desk staff will greet guests on arrival.</p>",Free Buffet Breakfast Luggage storage Free breakfast Dry cleaning/laundry service Free reception Conference space size (meters) - 33 Sailing nearby Television in common areas Free WiFi Assistive listening devices available Number of indoor pools - 1 Water skiing nearby Picnic area In-room accessibility (in select rooms) Wheelchair accessible parking Accessible bathroom (in select rooms) Fireplace in lobby Multilingual staff Business center 24-hour front desk Daily Barbecue grill(s) Golfing nearby Safe-deposit box at front desk Smoke-free property Laundry facilities Free self parking Conference space Computer station Wheelchair accessible path of travel Basketball on site Conference space size (feet) - 350,Distances are displayed to the nearest 0.1 mile and kilometer. <br /> <p>Miracle Mile of Shopping - 1.8 km / 1.1 mi <br /> Warwick Mall - 3.1 km / 1.9 mi <br /> Lincoln Park Cemetery - 3.3 km / 2 mi <br /> Warwick City Hall - 4.4 km / 2.7 mi <br /> Warwick Pond - 5.3 km / 3.3 mi <br /> Mulligan s Island Golf and Entertainment - 5.9 km / 3.7 mi <br /> Warwick City Park - 6.1 km / 3.8 mi <br /> Launch Trampoline Park - 6.6 km / 4.1 mi <br /> Garden City Center - 7.1 km / 4.4 mi <br /> Warwick Public Library - 7.5 km / 4.6 mi <br /> Pawtuxet Park - 7.5 km / 4.7 mi <br /> Roger Williams Park Zoo - 8 km / 5 mi <br /> Roger Williams Park Carousel Village - 8.5 km / 5.3 mi <br /> Museum of Natural History and Planetarium - 8.9 km / 5.5 mi <br /> Providence River - 9 km / 5.6 mi <br /> </p><p>The nearest airports are:<br />T.F. Green Airport (PVD) - 2.7 km / 1.7 mi<br /> Newport  RI (NPT-Newport State) - 47.1 km / 29.3 mi<br /> North Kingstown  RI (NCO-Quonset State) - 22.9 km / 14.2 mi<br /> Pawtucket  RI (SFZ-North Central State) - 27.1 km / 16.9 mi<br /> New Bedford  MA (EWB-New Bedford Regional) - 59.4 km / 36.9 mi<br /> </p><p></p>,500 Kilvert Street WarwickRhode Island 02886 ,02886,4017377100,http://www.sonesta.com/us/rhode-island/warwick/sonesta-es-suites-providence-airport
Rhode Island,,41.753162,-71.43577,Motel 6 Warwick RI Providence Airport I 95,2.0,"<p>HeadLine : Near Lincoln Park Cemetery</p><p>Location : With a stay at Motel 6 Warwick, RI - Providence Airport - I-95 in Warwick, you ll be a 4-minute drive from Roger Williams Park Zoo and 9 minutes from Brown University.  This motel is 5.7 mi (9.2 km) from Providence Performing Arts Center and 6.2 mi (9.9 km) from Rhode Island Convention Center.</p><p>Rooms : Make yourself at home in one of the 121 guestrooms. Complimentary wireless Internet access keeps you connected, and cable programming is available for your entertainment. Bathrooms with showers are provided.</p><p>CheckIn Instructions : <ul>  <li>Extra-person charges may apply and vary depending on property policy</li><li>Government-issued photo identification and a credit card, debit card, or cash deposit may be required at check-in for incidental charges</li><li>Special requests are subject to availability upon check-in and may incur additional charges; special requests cannot be guaranteed</li><li>The name on the credit card used at check-in to pay for incidentals must be the primary name on the guestroom reservation</li><li>This property accepts credit cards, debit cards, and cash</li><li>Please note that cultural norms and guest policies may differ by country and by property; the policies listed are provided by the property</li>  </ul></p><p>Special Instructions : Front desk staff will greet guests on arrival.  This property allows guests 18 or over to check in with valid military ID.</p>",Wheelchair accessible (may have limitations) Vending machine Wheelchair-accessible van parking Visual alarms in hallways Handrails in stairways 24-hour front desk Wheelchair-accessible registration desk Free WiFi Designated smoking areas Braille or raised signage Well-lit path to entrance Assistive listening devices available In-room accessibility (in select rooms) Wheelchair accessible parking Stair-free path to entrance Laundry facilities Roll-in shower (in select rooms) Accessible bathroom (in select rooms) RV  bus  truck parking Free self parking Wheelchair accessible path of travel,Distances are displayed to the nearest 0.1 mile and kilometer. <br /> <p>Lincoln Park Cemetery - 2.1 km / 1.3 mi <br /> Garden City Center - 3.7 km / 2.3 mi <br /> Roger Williams Park Zoo - 4.3 km / 2.7 mi <br /> Roger Williams Park Carousel Village - 4.8 km / 3 mi <br /> Museum of Natural History and Planetarium - 5.2 km / 3.2 mi <br /> Mulligan s Island Golf and Entertainment - 5.3 km / 3.3 mi <br /> Warwick Pond - 5.8 km / 3.6 mi <br /> Pawtuxet Park - 6.5 km / 4.1 mi <br /> Warwick Mall - 7.1 km / 4.4 mi <br /> Providence Bruins - 7.2 km / 4.5 mi <br /> Warwick City Hall - 7.2 km / 4.5 mi <br /> Big Blue Bug - 7.4 km / 4.6 mi <br /> Governor Sprague Mansion - 7.4 km / 4.6 mi <br /> Warwick Public Library - 7.7 km / 4.8 mi <br /> Miracle Mile of Shopping - 7.8 km / 4.8 mi <br /> </p><p>The nearest airports are:<br />T.F. Green Airport (PVD) - 4.4 km / 2.7 mi<br /> Newport  RI (NPT-Newport State) - 49.3 km / 30.6 mi<br /> North Kingstown  RI (NCO-Quonset State) - 25.5 km / 15.8 mi<br /> Pawtucket  RI (SFZ-North Central State) - 23.4 km / 14.6 mi<br /> New Bedford  MA (EWB-New Bedford Regional) - 55.7 km / 34.6 mi<br /> </p><p>The preferred airport for Motel 6 Warwick  RI - Providence Airport - I-95 is T.F. Green Airport (PVD). </p>,20 Jefferson Blvd WarwickRhode Island 02888 ,02888,4014679800,http://www.motel6.com/en/motels.ri.warwick.8704.ht
Rhode Island,,41.663513,-71.50014,Extended Stay America Providence West Warwick,2.0,"<p>HeadLine : In East Greenwich</p><p>Location : With a stay at Extended Stay America Suites Providence  West Warwick in East Greenwich, you ll be within a 15-minute drive of Roger Williams Park Zoo and Launch Trampoline Park.  This hotel is 14.2 mi (22.9 km) from Brown University and 15.3 mi (24.7 km) from University of Rhode Island.</p><p>Rooms : Make yourself at home in one of the 104 guestrooms, featuring kitchens with refrigerators and stovetops. 32-inch flat-screen televisions with cable programming provide entertainment, while complimentary wireless Internet access keeps you connected. Conveniences include phones, as well as desks and microwaves.</p><p>Dining : A complimentary on-the-go breakfast is served daily from 6 AM to 9:30 AM.</p><p>CheckIn Instructions : <ul>  <li>Extra-person charges may apply and vary depending on property policy</li><li>Government-issued photo identification and a credit card may be required at check-in for incidental charges</li><li>Special requests are subject to availability upon check-in and may incur additional charges; special requests cannot be guaranteed</li><li>This property accepts credit cards; cash is not accepted</li><li>Please note that cultural norms and guest policies may differ by country and by property; the policies listed are provided by the property</li>  </ul></p><p>Special Instructions : Front desk staff will greet guests on arrival. For more details, please contact the property using the information on the booking confirmation.</p>",Free breakfast to go Vending machine Free breakfast 24-hour front desk Free WiFi Daily Golfing nearby Housekeeping on request Safe-deposit box at front desk Smoke-free property In-room accessibility (in select rooms) Coffee/tea in common areas Internet access in public areas - high speed Laundry facilities Roll-in shower (in select rooms) Use of nearby fitness center (discount) Accessible bathroom (in select rooms) elevator Free self parking Wheelchair accessible (may have limitations),Distances are displayed to the nearest 0.1 mile and kilometer. <br /> <p>Windmill Cottage - 4.2 km / 2.6 mi <br /> Launch Trampoline Park - 4.7 km / 2.9 mi <br /> New England Wireless and Steam Museum - 6 km / 3.7 mi <br /> Goddard Memorial State Park - 6.6 km / 4.1 mi <br /> Warwick City Hall - 7 km / 4.4 mi <br /> Miracle Mile of Shopping - 7 km / 4.4 mi <br /> Ocean State Theatre - 8.8 km / 5.5 mi <br /> Nathanael Greene Homestead - 8.9 km / 5.5 mi <br /> Warwick Mall - 9.1 km / 5.7 mi <br /> Biomes Marine Biology Center - 9.1 km / 5.7 mi <br /> Goddard Memorial State Park Beach - 9.5 km / 5.9 mi <br /> Seabee Museum and Memorial Park - 10.1 km / 6.3 mi <br /> Warwick City Park - 10.2 km / 6.3 mi <br /> Smith s Castle - 11.9 km / 7.4 mi <br /> Warwick Public Library - 12 km / 7.4 mi <br /> </p><p>The nearest airports are:<br />T.F. Green Airport (PVD) - 11.4 km / 7.1 mi<br /> Newport  RI (NPT-Newport State) - 37.8 km / 23.5 mi<br /> North Kingstown  RI (NCO-Quonset State) - 14 km / 8.7 mi<br /> Pawtucket  RI (SFZ-North Central State) - 35.6 km / 22.1 mi<br /> Westerly  RI (WST-Westerly State) - 52 km / 32.3 mi<br /> </p><p>The preferred airport for Extended Stay America Suites Providence  West Warwick is T.F. Green Airport (PVD). </p>,1235 Division Rd East GreenwichRhode Island 02818 ,02818,4018853161,http://www.extendedstayamerica.com/hotels/ri/providence/west-warwick
Rhode Island,,41.84946,-71.35419,Rumford Motor Inn,2.0,"This Rhode Island motel, located 4 miles from Brown University, features rooms with free Wi-Fi and cable TV with HBO. Americas Best Value Inn Providence offers a 24-hour front desk.

Guest rooms are furnished with seating areas and desks. They also provide microwaves, refrigerators and hairdryers.

The pet friendly Americas Best Value Inn - Providence/Rumford offers guests vending machines.

Providence Americas Best Value Inn is within walking distance of Wannamoisett Country Club. The motel is 3 miles from Slater Mill Museum and 7 miles from Crescent Amusement Park. Guests are required to show a photo identification and credit card upon check-in. Please note that all Special Requests are subject to availability and additional charges may apply.
Please inform Rumford Motor Inn in advance of your expected arrival time. You can use the Special Requests box when booking, or contact the property directly with the contact details provided in your confirmation.
Upon check-in photo identification is required. All special requests are subject to availability upon check-in. Special requests cannot be guaranteed and may incur additional charges.",physical distancing rules followed screens or physical barriers placed between staff and guests in appropriate areas property is cleaned by professional cleaning companies guests have the option to cancel any cleaning services for their accommodation during their stay Parking Pets allowed 24-hour front desk Golf course (within 3 km) Non-smoking rooms Facilities for disabled guests Free parking internet services Soundproof rooms Heating Fax/photocopying wifi Free WiFi Air conditioning vending machine (drinks) vending machine (snacks) parking on site secured parking Accessible parking Smoke alarms Fire extinguishers use of cleaning chemicals that are effective against coronavirus linens  towels and laundry washed in accordance with local authority guidelines guest accommodation is disinfected between stays guest accommodation sealed after cleaning staff follow all safety protocols as directed by local authorities shared stationery such as printed menus  magazines  pens  and paper removed hand sanitizer in guest accommodation and key areas first aid kit available contactless check-in/check-out cashless payment available,,400 Newport Avenue RumfordRhode Island  02916 ,02916,4014348000,https://www.booking.com/hotel/us/americas-best-value-inn-providence-rumford.html
Rhode Island,,41.6528,-71.60541,Best Western West Greenwich Inn,2.0,"<p>HeadLine : In West Greenwich</p><p>Location : Located in West Greenwich, Best Western West Greenwich Inn is within a 15-minute drive of Launch Trampoline Park and Warwick City Hall.  This hotel is 9.9 mi (16 km) from Warwick Museum of Art and 11 mi (17.7 km) from Ocean State Theatre.</p><p>Rooms : Make yourself at home in one of the 56 air-conditioned rooms featuring refrigerators and microwaves. Your room comes with a pillowtop bed. 32-inch flat-screen televisions with cable programming provide entertainment, while complimentary wireless Internet access keeps you connected. Bathrooms have shower/tub combinations and hair dryers.</p><p>Dining : A complimentary buffet breakfast is served daily from 6:00 AM to 10 AM.</p><p>CheckIn Instructions : <ul>  <li>Extra-person charges may apply and vary depending on property policy</li><li>Government-issued photo identification and a credit card, debit card, or cash deposit may be required at check-in for incidental charges</li><li>Special requests are subject to availability upon check-in and may incur additional charges; special requests cannot be guaranteed</li><li>Noise-free guestrooms cannot be guaranteed</li><li>Be prepared: check the latest COVID-19 travel requirements and measures in place for this destination before you travel.</li><li>Please note that cultural norms and guest policies may differ by country and by property; the policies listed are provided by the property</li>  </ul></p><p>Special Instructions : Front desk staff will greet guests on arrival.</p>",Wheelchair accessible (may have limitations) Laundry facilities Wheelchair accessible path of travel Television in common areas Accessible bathroom Wheelchair accessible parking In-room accessibility Barbecue grill(s) Picnic area Daily Fitness facilities 24-hour front desk Free breakfast Business center Express check-out Tours/ticket assistance Free self parking Free WiFi Smoke-free property Computer station Wheelchair accessible RV  bus  truck parking Free Buffet Breakfast 24-hour business center Wheelchair-accessible registration desk Fireplace in lobby Wheelchair-accessible meeting spaces/business center,Distances are displayed to the nearest 0.1 mile and kilometer. <br /> <p>Arcadia Wildlife Management Area - 9.7 km / 6 mi <br /> Hope Pond Beach - 11.8 km / 7.3 mi <br /> Leyden Farm Vineyards & Winery - 13.1 km / 8.2 mi <br /> Windmill Cottage - 13.5 km / 8.4 mi <br /> Varnum Memorial Armory - 14 km / 8.7 mi <br /> Varnum House Museum - 14 km / 8.7 mi <br /> Launch Trampoline Park - 14.2 km / 8.8 mi <br /> J L Curran Fishing Area - 14.2 km / 8.8 mi <br /> Armory of the Kentish Guards - 14.3 km / 8.9 mi <br /> New England Wireless and Steam Museum - 15.7 km / 9.7 mi <br /> Warwick City Hall - 15.9 km / 9.9 mi <br /> Warwick Museum of Art - 16 km / 9.9 mi <br /> Arcadia Wildlife Management Area - 16 km / 9.9 mi <br /> Kent Hospital - 16.2 km / 10.1 mi <br /> Goddard Memorial State Park - 16.2 km / 10.1 mi <br /> </p><p>The nearest airports are:<br />T.F. Green Airport (PVD) - 20.3 km / 12.6 mi<br /> North Kingstown  RI (NCO-Quonset State) - 23.4 km / 14.6 mi<br /> Newport  RI (NPT-Newport State) - 47.7 km / 29.6 mi<br /> Pawtucket  RI (SFZ-North Central State) - 44.5 km / 27.6 mi<br /> Westerly  RI (WST-Westerly State) - 41.6 km / 25.8 mi<br /> </p><p>The preferred airport for Best Western West Greenwich Inn is T.F. Green Airport (PVD). </p>,99 Nooseneck Hill Rd West GreenwichRhode Island 02817 ,02817,4013975494,http://bestwesternrhodeisland.com/hotels/best-western-west-greenwich-inn
Rhode Island,,41.72865,-71.435972,Fairfield Inn & Suites by Marriott Providence Airport,2.0,"<p>HeadLine : Near Lincoln Park Cemetery</p><p>Location : When you stay at Fairfield by Marriott Inn & Suites Providence Airport Warwick in Warwick, you ll be in the business district, within a 15-minute drive of Roger Williams Park Zoo and Brown University.  This hotel is 7.8 mi (12.6 km) from Providence Performing Arts Center and 8.3 mi (13.4 km) from Rhode Island Convention Center.</p><p>Rooms : Make yourself at home in one of the 202 guestrooms featuring refrigerators and flat-screen televisions. Your bed comes with down comforters and premium bedding. Complimentary wireless Internet access keeps you connected, and cable programming is available for your entertainment. Private bathrooms with bathtubs or showers feature complimentary toiletries and hair dryers.</p><p>Dining : Wrap up your day with a drink at the bar/lounge. A complimentary on-the-go breakfast is served daily from 6:00 AM to 11:00 AM.</p><p>CheckIn Instructions : <ul>  <li>Extra-person charges may apply and vary depending on property policy</li><li>Government-issued photo identification and a credit card may be required at check-in for incidental charges</li><li>Special requests are subject to availability upon check-in and may incur additional charges; special requests cannot be guaranteed</li><li>This property accepts credit cards, debit cards, and cash</li><li>Please note that cultural norms and guest policies may differ by country and by property; the policies listed are provided by the property</li>  </ul></p><p>Special Instructions : Front desk staff will greet guests on arrival.</p>",Gift shops or newsstand Dry cleaning/laundry service Long-term parking (surcharge) Sailing nearby Free WiFi Number of bars/lounges - 1 Braille or raised signage Assistive listening devices available In-room accessibility (in select rooms) Wheelchair accessible parking Roll-in shower (in select rooms) Accessible bathroom (in select rooms) RV  bus  truck parking Free airport transportation Wheelchair-accessible lounge Wheelchair-accessible on-site restaurant Free breakfast Visual alarms in hallways Multilingual staff Daily Wheelchair-accessible meeting spaces/business center Coffee/tea in common areas Laundry facilities elevator Fitness facilities Uncovered parking Wheelchair accessible (may have limitations) Wheelchair accessible Assistive listening devices in meeting rooms Meeting rooms Wheelchair-accessible registration desk Television in common areas Wheelchair-accessible fitness center Wheelchair-accessible pool Wheelchair-accessible public washroom Picnic area Free newspapers in lobby 24-hour fitness facilities Boat tours nearby Free breakfast to go Luggage storage Express check-out Business center 24-hour front desk Golfing nearby Safe-deposit box at front desk Smoke-free property Hiking/biking trails nearby Free self parking Computer station Terrace ATM/banking 24-hour business center,Distances are displayed to the nearest 0.1 mile and kilometer. <br /> <p>Lincoln Park Cemetery - 1.6 km / 1 mi <br /> Warwick Pond - 3.8 km / 2.3 mi <br /> Miracle Mile of Shopping - 4.1 km / 2.5 mi <br /> Warwick Mall - 4.9 km / 3.1 mi <br /> Warwick City Hall - 4.4 km / 2.7 mi <br /> Warwick City Park - 5.2 km / 3.2 mi <br /> Garden City Center - 5.6 km / 3.5 mi <br /> Warwick Public Library - 5.8 km / 3.6 mi <br /> Pawtuxet Park - 6 km / 3.7 mi <br /> Providence River - 6.9 km / 4.3 mi <br /> Mulligan s Island Golf and Entertainment - 7.2 km / 4.5 mi <br /> Conimicut Point Park - 7.5 km / 4.7 mi <br /> Roger Williams Park Zoo - 7.7 km / 4.8 mi <br /> Launch Trampoline Park - 8 km / 5 mi <br /> Roger Williams Park Carousel Village - 8.2 km / 5.1 mi <br /> </p><p>The nearest airports are:<br />T.F. Green Airport (PVD) - 1.6 km / 1 mi<br /> Newport  RI (NPT-Newport State) - 47.4 km / 29.4 mi<br /> North Kingstown  RI (NCO-Quonset State) - 23.4 km / 14.5 mi<br /> Pawtucket  RI (SFZ-North Central State) - 26.9 km / 16.7 mi<br /> New Bedford  MA (EWB-New Bedford Regional) - 59.1 km / 36.7 mi<br /> </p><p>The preferred airport for Fairfield by Marriott Inn & Suites Providence Airport Warwick is T.F. Green Airport (PVD). </p>,1940 Post Rd WarwickRhode Island 02886 ,02886,4017320470,http://www.choicehotels.com/rhode-island/warwick/rodeway-inn-hotels/ri400
Rhode Island,,41.918667,-71.52216,Holiday Inn Express and Suites,2.0,"<p>HeadLine : Near Bryant University</p><p>Location : With a stay at Holiday Inn Express and Suites, an IHG Hotel in Smithfield, you ll be within a 15-minute drive of Brown University and Bryant University.  This hotel is 14.9 mi (24 km) from Roger Williams Park Zoo and 5.6 mi (9.1 km) from Twin River Casino.</p><p>Rooms : Make yourself at home in one of the 84 guestrooms featuring refrigerators and flat-screen televisions. Complimentary wired and wireless Internet access keeps you connected, and premium TV channels provides entertainment. Bathrooms have shower/tub combinations and hair dryers. Conveniences include safes and desks, as well as phones with free local calls.</p><p>Dining : Satisfy your appetite at the hotel s coffee shop/cafe. A complimentary buffet breakfast is included.</p><p>CheckIn Instructions : <ul>  <li>Extra-person charges may apply and vary depending on property policy</li><li>Government-issued photo identification and a credit card, debit card, or cash deposit may be required at check-in for incidental charges</li><li>Special requests are subject to availability upon check-in and may incur additional charges; special requests cannot be guaranteed</li><li>This property accepts credit cards; cash is not accepted</li><li>Safety features at this property include a carbon monoxide detector, a fire extinguisher, a smoke detector, and window guards</li>  </ul></p><p>Special Instructions : Front desk staff will greet guests on arrival.</p>",Dry cleaning/laundry service Wheelchair accessible (may have limitations) Express check-in Wheelchair-accessible van parking Meeting rooms Free wired Internet Wheelchair-accessible registration desk Wheelchair-accessible fitness center Free WiFi Wheelchair-accessible pool Wheelchair-accessible public washroom Braille or raised signage Assistive listening devices available Number of indoor pools - 1 In-room accessibility (in select rooms) Free newspapers in lobby Roll-in shower (in select rooms) Accessible bathroom (in select rooms) Free Buffet Breakfast Luggage storage Free breakfast Multilingual staff Business center 24-hour front desk Wheelchair-accessible meeting spaces/business center Safe-deposit box at front desk Smoke-free property Coffee/tea in common areas Number of coffee shops/cafes - 1 Laundry facilities elevator Free self parking Fitness facilities Wheelchair accessible path of travel,Distances are displayed to the nearest 0.1 mile and kilometer. <br /> <p>Bryant University - 1.9 km / 1.2 mi <br /> Mowry Conservation Area - 3.5 km / 2.2 mi <br /> Powder Mill Ledges Wildlife Refuge - 7.3 km / 4.5 mi <br /> Twin Rivers Beach East - 7.9 km / 4.9 mi <br /> Blackstone River Bikeway - 8.6 km / 5.3 mi <br /> Twin River Casino - 9.1 km / 5.6 mi <br /> Wide World of Indoor Sports - 9.6 km / 6 mi <br /> Lincoln Woods State Park - 9.8 km / 6.1 mi <br /> Our Lady of Fatima Hospital - 10.2 km / 6.3 mi <br /> Stage Right Studio for Arts & Wellness - 10.9 km / 6.8 mi <br /> Providence College - 11 km / 6.9 mi <br /> Sunset Stables - 11.1 km / 6.9 mi <br /> Rustic Drive-in Theatre - 11.2 km / 7 mi <br /> Flea Market Square - 11.2 km / 7 mi <br /> Woonsocket City Hall - 11.3 km / 7 mi <br /> </p><p>The nearest airports are:<br />Logan International Airport (BOS) - 87.2 km / 54.2 mi<br /> Pawtucket  RI (SFZ-North Central State) - 6.3 km / 3.9 mi<br /> T.F. Green Airport (PVD) - 28.8 km / 17.9 mi<br /> North Kingstown  RI (NCO-Quonset State) - 44.5 km / 27.6 mi<br /> Norwood  MA (OWD-Norwood Memorial) - 54.1 km / 33.6 mi<br /> </p><p>The preferred airport for Holiday Inn Express and Suites  an IHG Hotel is Logan International Airport (BOS). </p>,1010 Douglas Pike SmithfieldRhode Island 02917 ,02917,4012316300,http://www.ihg.com/holidayinnexpress/hotels/us/en/smithfield/pvddp/hoteldetail
Rhode Island,,41.824225,-71.427067,Hotel Dolce Villa,3.0,"<p>HeadLine : Near Dunkin  Donuts Center</p><p>Location : A stay at Hotel Dolce Villa places you in the heart of Providence, within a 15-minute walk of Dunkin  Donuts Center and Rhode Island Convention Center.  This aparthotel is 1.7 mi (2.7 km) from Brown University and 0.9 mi (1.4 km) from Johnson and Wales University.</p><p>Rooms : Make yourself at home in one of the 24 guestrooms featuring refrigerators and microwaves. Your memory foam bed comes with down comforters. Complimentary wired and wireless Internet access keeps you connected, and cable programming provides entertainment. Detached private bathrooms with shower/tub combinations feature designer toiletries and hair dryers.</p><p>Dining : Grab a bite to eat at one of the aparthotel s 2 restaurants, or stay in and take advantage of the room service (during limited hours). Snacks are also available at the 2 coffee shops/cafés. Relax with a refreshing drink at one of the 2 bars/lounges.</p><p>Renovations : This property is closed from October 22 2021 to December 31 2021 (dates subject to change).</p><p>CheckIn Instructions : <ul>  <li>This property is managed by a professional host; the provision of housing is linked to their trade, business, or profession, within the meaning of article 155 of the French Tax Code</li><li>Extra-person charges may apply and vary depending on property policy</li><li>Government-issued photo identification and a credit card or cash deposit may be required at check-in for incidental charges</li><li>Special requests are subject to availability upon check-in and may incur additional charges; special requests cannot be guaranteed</li><li>The name on the credit card used at check-in to pay for incidentals must be the primary name on the guestroom reservation</li><li>This property accepts credit cards; cash is not accepted</li>  </ul></p><p>Special Instructions : The front desk is open daily from 10:00 AM - 6:00 PM. This property doesn t offer after-hours check-in. Front desk staff will greet guests on arrival.</p>",Safe-deposit box at front desk Distance from property (ft) - 600 Luggage storage Wheelchair accessible  no Distance from property (meters) - 183 Number of bars/lounges - 2 Concierge services Front desk (limited hours) Accessible bathroom Free WiFi Self parking (surcharge) In-room accessibility Smoke-free property Number of coffee shops/cafes - 2 Multilingual staff Off-street parking,Distances are displayed to the nearest 0.1 mile and kilometer. <br /> <p>DePasquale Plaza - 0.2 km / 0.1 mi <br /> Dunkin  Donuts Center - 0.9 km / 0.6 mi <br /> Providence Public Library - 1 km / 0.6 mi <br /> Trinity Repertory Company - 1.1 km / 0.7 mi <br /> Rhode Island Convention Center - 1.1 km / 0.7 mi <br /> Lupo s Heartbreak Hotel - 1.3 km / 0.8 mi <br /> Johnson and Wales University - 1.3 km / 0.8 mi <br /> Alex and Ani City Center - 1.4 km / 0.9 mi <br /> Providence Place Mall - 1.4 km / 0.9 mi <br /> Providence City Hall - 1.5 km / 0.9 mi <br /> Providence Performing Arts Center - 1.5 km / 0.9 mi <br /> Kennedy Plaza - 1.6 km / 1 mi <br /> Waterplace Park - 1.6 km / 1 mi <br /> Bank of America Tower - 1.6 km / 1 mi <br /> WaterFire Providence - 1.7 km / 1 mi <br /> </p><p>The nearest airports are:<br />T.F. Green Airport (PVD) - 15.7 km / 9.7 mi<br /> Pawtucket  RI (SFZ-North Central State) - 14.8 km / 9.2 mi<br /> North Kingstown  RI (NCO-Quonset State) - 34.6 km / 21.5 mi<br /> Newport  RI (NPT-Newport State) - 45.9 km / 28.5 mi<br /> New Bedford  MA (EWB-New Bedford Regional) - 50.5 km / 31.4 mi<br /> </p><p>The preferred airport for Hotel Dolce Villa is T.F. Green Airport (PVD). </p>,63 De Pasquale Plaza ProvidenceRhode Island 02903 ,02903,4013837031,http://www.dolcevillari.com/
Rhode Island,,41.67046,-71.50437,Comfort Suites West Warwick,2.0,"<p>HeadLine : In the business district</p><p>Location : Located in West Warwick, Comfort Suites West Warwick - Providence is in the business district, a 4-minute drive from Launch Trampoline Park and 7 minutes from Warwick City Hall.  This hotel is 4.8 mi (7.7 km) from Warwick Mall and 5 mi (8.1 km) from Nathanael Greene Homestead.</p><p>Rooms : Make yourself at home in one of the 88 guestrooms featuring refrigerators and microwaves. Complimentary wireless Internet access keeps you connected, and cable programming is available for your entertainment. Private bathrooms with shower/tub combinations feature complimentary toiletries and hair dryers. Conveniences include desks and separate sitting areas, as well as phones with free local calls.</p><p>Dining : A complimentary buffet breakfast is served on weekdays from 6:00 AM to 9:00 AM and on weekends from 7:00 AM to 10:00 AM.</p><p>CheckIn Instructions : <ul>  <li>Extra-person charges may apply and vary depending on property policy</li><li>Government-issued photo identification and a credit card, debit card, or cash deposit may be required at check-in for incidental charges</li><li>Special requests are subject to availability upon check-in and may incur additional charges; special requests cannot be guaranteed</li><li>This property accepts credit cards, debit cards, and cash</li><li>Safety features at this property include a fire extinguisher, a smoke detector, and a first aid kit</li><li>Please note that cultural norms and guest policies may differ by country and by property; the policies listed are provided by the property</li>  </ul></p><p>Special Instructions : Front desk staff will greet guests on arrival.</p>",Dry cleaning/laundry service Wheelchair accessible (may have limitations) Free WiFi Assistive listening devices available Garden Picnic area In-room accessibility (in select rooms) Wheelchair accessible parking Free newspapers in lobby Roll-in shower (in select rooms) Accessible bathroom (in select rooms) Free Buffet Breakfast Off-street parking Luggage storage Free breakfast 24-hour front desk Daily Safe-deposit box at front desk Smoke-free property Coffee/tea in common areas elevator Free self parking Terrace Wheelchair accessible path of travel 24-hour business center,Distances are displayed to the nearest 0.1 mile and kilometer. <br /> <p>Launch Trampoline Park - 3.9 km / 2.4 mi <br /> Windmill Cottage - 4.9 km / 3 mi <br /> Miracle Mile of Shopping - 6.4 km / 4 mi <br /> Warwick City Hall - 6.8 km / 4.2 mi <br /> New England Wireless and Steam Museum - 7.1 km / 4.4 mi <br /> Warwick Mall - 7.7 km / 4.8 mi <br /> Nathanael Greene Homestead - 8.1 km / 5 mi <br /> Goddard Memorial State Park - 8.2 km / 5.1 mi <br /> Ocean State Theatre - 8.6 km / 5.3 mi <br /> Warwick City Park - 10 km / 6.2 mi <br /> Biomes Marine Biology Center - 10.2 km / 6.4 mi <br /> Mulligan s Island Golf and Entertainment - 10.5 km / 6.5 mi <br /> Goddard Memorial State Park Beach - 10.5 km / 6.6 mi <br /> Seabee Museum and Memorial Park - 11.5 km / 7.1 mi <br /> Warwick Public Library - 11.8 km / 7.3 mi <br /> </p><p>The nearest airports are:<br />T.F. Green Airport (PVD) - 10.3 km / 6.4 mi<br /> Newport  RI (NPT-Newport State) - 39.1 km / 24.3 mi<br /> North Kingstown  RI (NCO-Quonset State) - 14.8 km / 9.2 mi<br /> Pawtucket  RI (SFZ-North Central State) - 34.1 km / 21.2 mi<br /> Westerly  RI (WST-Westerly State) - 51.3 km / 31.9 mi<br /> </p><p>The preferred airport for Comfort Suites West Warwick - Providence is T.F. Green Airport (PVD). </p>,10 Keyes Way West WarwickRhode Island 02893 ,02893,4018261800,http://htts://www.choicehotels.com/rhode-island/west-warwick/comfort-suites-hotels/ri016
Rhode Island,,41.82521,-71.41412,Courtyard Providence Downtown,3.0,"<p>HeadLine : In Providence (Downtown Providence)</p><p>Location : With a stay at Courtyard by Marriott Providence Downtown, you ll be centrally located in Providence, a 2-minute drive from Brown University and 7 minutes from Roger Williams Park Zoo.  This hotel is 0.1 mi (0.2 km) from Rhode Island Convention Center and 0.2 mi (0.4 km) from Dunkin  Donuts Center.</p><p>Rooms : Make yourself at home in one of the 219 guestrooms featuring refrigerators. Complimentary wireless Internet access keeps you connected, and satellite programming is available for your entertainment. Private bathrooms with showers feature complimentary toiletries and hair dryers. Conveniences include phones, as well as desks and complimentary newspapers.</p><p>Dining : Enjoy a meal at the restaurant or snacks in the hotel s coffee shop/cafe. Quench your thirst with your favorite drink at the bar/lounge. Cooked-to-order breakfasts are available for a fee.</p><p>CheckIn Instructions : <ul>  <li>Extra-person charges may apply and vary depending on property policy</li><li>Government-issued photo identification and a credit card, debit card, or cash deposit may be required at check-in for incidental charges</li><li>Special requests are subject to availability upon check-in and may incur additional charges; special requests cannot be guaranteed</li><li>The name on the credit card used at check-in to pay for incidentals must be the primary name on the guestroom reservation</li><li>This property accepts credit cards, debit cards, and cash</li><li>This property reserves the right to pre-authorize the guest s credit card prior to arrival.</li><li>Safety features at this property include a carbon monoxide detector, a fire extinguisher, a smoke detector, a security system, a first aid kit, and window guards</li><li>Please note that cultural norms and guest policies may differ by country and by property; the policies listed are provided by the property</li>  </ul></p><p>Special Instructions : Front desk staff will greet guests on arrival.</p>",Wheelchair accessible path of travel Conference space size (feet) - 3500 Concierge services 24-hour business center Dry cleaning/laundry service Number of meeting rooms - 4 Conference space size (meters) - 325 Free WiFi Number of bars/lounges - 1 Assistive listening devices available In-room accessibility (in select rooms) Wheelchair accessible parking Roll-in shower (in select rooms) Accessible bathroom (in select rooms) Wheelchair-accessible on-site restaurant Visual alarms in hallways Multilingual staff Handrails in stairways Breakfast available (surcharge) Wheelchair-accessible meeting spaces/business center Coffee/tea in common areas Number of coffee shops/cafes - 1 Laundry facilities elevator Fitness facilities Bicycle rentals on site Covered parking Uncovered parking Wheelchair accessible (may have limitations) Ballroom Food and water bowls Express check-in Wheelchair-accessible van parking Wheelchair-accessible path to elevator Change of bed sheets (on request) Wheelchair-accessible registration desk Wheelchair-accessible fitness center Well-lit path to entrance Change of towels (on request) Stair-free path to entrance Free newspapers in lobby Luggage storage Express check-out Business center 24-hour front desk Golfing nearby Housekeeping on request Safe-deposit box at front desk Smoke-free property Snack bar/deli Conference space Self parking (surcharge) ATM/banking,Distances are displayed to the nearest 0.1 mile and kilometer. <br /> <p>Providence Place Mall - 0.2 km / 0.1 mi <br /> Rhode Island Convention Center - 0.2 km / 0.1 mi <br /> Providence City Hall - 0.3 km / 0.2 mi <br /> Lupo s Heartbreak Hotel - 0.3 km / 0.2 mi <br /> Bank of America Tower - 0.3 km / 0.2 mi <br /> Waterplace Park - 0.3 km / 0.2 mi <br /> Kennedy Plaza - 0.3 km / 0.2 mi <br /> Dunkin  Donuts Center - 0.4 km / 0.2 mi <br /> Johnson and Wales University - 0.4 km / 0.2 mi <br /> Providence River - 0.4 km / 0.3 mi <br /> Westminster Arcade - 0.5 km / 0.3 mi <br /> Trinity Repertory Company - 0.5 km / 0.3 mi <br /> Providence Public Library - 0.6 km / 0.4 mi <br /> First Baptist Church of America - 0.6 km / 0.4 mi <br /> Memorial Park - 0.6 km / 0.4 mi <br /> </p><p>The nearest airports are:<br />T.F. Green Airport (PVD) - 15 km / 9.3 mi<br /> Pawtucket  RI (SFZ-North Central State) - 14 km / 8.7 mi<br /> Newport  RI (NPT-Newport State) - 44.8 km / 27.8 mi<br /> North Kingstown  RI (NCO-Quonset State) - 34.5 km / 21.4 mi<br /> New Bedford  MA (EWB-New Bedford Regional) - 49.4 km / 30.7 mi<br /> </p><p>The preferred airport for Courtyard by Marriott Providence Downtown is T.F. Green Airport (PVD). </p>,32 Exchange Terrace At Memorial Blvd ProvidenceRhode Island 02903 ,02903,4012721191,http://www.marriott.com/hotels/travel/pvddt-courtyard-providence-downtown
Rhode Island,,41.714185,-71.463708,Crowne Plaza Providence Warwick Airport,3.0,"<p>HeadLine : Near Miracle Mile of Shopping</p><p>Location : When you stay at Crowne Plaza Providence-Warwick Airport, an IHG Hotel in Warwick, you ll be near the airport, within a 15-minute drive of Roger Williams Park Zoo and Brown University.  This hotel is 9.3 mi (15 km) from Providence Performing Arts Center and 9.9 mi (15.9 km) from Rhode Island Convention Center.</p><p>Rooms : Stay in one of 266 guestrooms featuring Smart televisions. Your pillowtop bed comes with premium bedding. Complimentary wired and wireless Internet access keeps you connected, and digital programming provides entertainment. Private bathrooms with shower/tub combinations feature complimentary toiletries and hair dryers.</p><p>Dining : Grab a bite to eat at The Crossings, a restaurant which features a bar/lounge, or stay in and take advantage of the 24-hour room service. Full breakfasts are available daily from 6:30 AM to noon for a fee.</p><p>CheckIn Instructions : <ul>  <li>Extra-person charges may apply and vary depending on property policy</li><li>Government-issued photo identification and a credit card may be required at check-in for incidental charges</li><li>Special requests are subject to availability upon check-in and may incur additional charges; special requests cannot be guaranteed</li><li>This property accepts credit cards; cash is not accepted</li><li>Safety features at this property include a carbon monoxide detector, a fire extinguisher, a smoke detector, a security system, a first aid kit, and window guards</li><li>Please note that cultural norms and guest policies may differ by country and by property; the policies listed are provided by the property</li>  </ul></p><p>Special Instructions : Front desk staff will greet guests on arrival.  Guests booked in breakfast included rate plans receive breakfast for up to 2 adults who are sharing a guestroom. Breakfast fees apply for additional guests. Guests booked in dinner included rate plans receive dinner for up to 2 adults who are sharing a guestroom. Dinner fees apply for additional guests.</p>",Dry cleaning/laundry service Long-term parking (surcharge) Banquet hall Free RV  bus  truck parking Ballroom Vending machine Reception hall Meeting rooms Conference space size (meters) - 3060 Free wired Internet Free WiFi Number of bars/lounges - 1 Assistive listening devices available In-room accessibility (in select rooms) Bicycle rentals nearby Wheelchair accessible parking Free newspapers in lobby Roll-in shower (in select rooms) Wedding services Accessible bathroom (in select rooms) Luggage storage Porter/bellhop Multilingual staff Business center 24-hour front desk Conference center Water dispenser Breakfast available (surcharge) Golfing nearby Safe-deposit box at front desk Smoke-free property Snack bar/deli Hiking/biking trails nearby Children's pool elevator Free self parking Fitness facilities Conference space ATM/banking Wheelchair accessible path of travel Conference space size (feet) - 34000 24-hour business center,Distances are displayed to the nearest 0.1 mile and kilometer. <br /> <p>Miracle Mile of Shopping - 0.9 km / 0.6 mi <br /> Warwick City Hall - 1.9 km / 1.2 mi <br /> Warwick Mall - 2.6 km / 1.6 mi <br /> Launch Trampoline Park - 4.7 km / 2.9 mi <br /> Warwick City Park - 4.7 km / 2.9 mi <br /> Mulligan s Island Golf and Entertainment - 5.3 km / 3.3 mi <br /> Lincoln Park Cemetery - 5.3 km / 3.3 mi <br /> Warwick Public Library - 6 km / 3.7 mi <br /> Windmill Cottage - 6.4 km / 4 mi <br /> Garden City Center - 6.7 km / 4.2 mi <br /> Warwick Pond - 7.6 km / 4.7 mi <br /> Oakland Beach - 8.1 km / 5 mi <br /> Governor Sprague Mansion - 9.7 km / 6 mi <br /> Nathanael Greene Homestead - 9.8 km / 6.1 mi <br /> Pawtuxet Park - 9.8 km / 6.1 mi <br /> </p><p>The nearest airports are:<br />T.F. Green Airport (PVD) - 4.6 km / 2.8 mi<br /> Newport  RI (NPT-Newport State) - 45.3 km / 28.2 mi<br /> North Kingstown  RI (NCO-Quonset State) - 21.3 km / 13.2 mi<br /> Pawtucket  RI (SFZ-North Central State) - 30.2 km / 18.7 mi<br /> New Bedford  MA (EWB-New Bedford Regional) - 61.5 km / 38.2 mi<br /> </p><p>The preferred airport for Crowne Plaza Providence-Warwick Airport  an IHG Hotel is T.F. Green Airport (PVD). </p>,801 Greenwich Avenue WarwickRhode Island 02886 ,02886,4017326000,https://www.ihg.com/crowneplaza/hotels/us/en/warwick/wrwri/hoteldetail
Rhode Island,,41.80786,-71.34564,Extended Stay America Providence East Providence,2.0,"<p>HeadLine : Near Cape Verdean Museum</p><p>Location : With a stay at Extended Stay America Premier Suites Providence E Providence in East Providence, you ll be a 4-minute drive from Brown University and 8 minutes from Roger Williams Park Zoo.  This hotel is 3.9 mi (6.3 km) from Providence Performing Arts Center and 4.3 mi (6.9 km) from Rhode Island Convention Center.</p><p>Rooms : Make yourself at home in one of the 100 guestrooms, featuring kitchens with refrigerators and stovetops. 49-inch flat-screen televisions with cable programming provide entertainment, while complimentary wireless Internet access keeps you connected. Conveniences include phones, as well as desks and microwaves.</p><p>Dining : A complimentary on-the-go breakfast is served daily from 6 AM to 9:30 AM.</p><p>CheckIn Instructions : <ul>  <li>Extra-person charges may apply and vary depending on property policy</li><li>Government-issued photo identification and a credit card may be required at check-in for incidental charges</li><li>Special requests are subject to availability upon check-in and may incur additional charges; special requests cannot be guaranteed</li><li>This property accepts credit cards; cash is not accepted</li>  </ul></p><p>Special Instructions : This property doesn t offer after-hours check-in. Front desk staff will greet guests on arrival. For more details, please contact the property using the information on the booking confirmation.</p>",Wheelchair accessible (may have limitations) Free breakfast to go Vending machine Luggage storage Free breakfast Front desk (limited hours) Sailing nearby Skydiving Nearby Free WiFi Daily Golfing nearby Housekeeping on request Water skiing nearby Safe-deposit box at front desk In-room accessibility (in select rooms) Hiking/biking trails nearby Laundry facilities Use of nearby fitness center (discount) elevator Free self parking Fitness facilities,Distances are displayed to the nearest 0.1 mile and kilometer. <br /> <p>Cape Verdean Museum - 0.8 km / 0.5 mi <br /> Seekonk Grand Prix - 2 km / 1.2 mi <br /> Monster Mini Golf - 3 km / 1.8 mi <br /> Fantasyland - 3 km / 1.9 mi <br /> East Providence Yacht Club - 4 km / 2.5 mi <br /> India Point Park - 5 km / 3.1 mi <br /> Seekonk Speedway - 5 km / 3.1 mi <br /> Providence River - 4.2 km / 2.6 mi <br /> Aldrich House - 5.1 km / 3.1 mi <br /> Benefit Street - 5.1 km / 3.2 mi <br /> Thayer Street - 5.3 km / 3.3 mi <br /> First Unitarian Church of Providence - 5.7 km / 3.6 mi <br /> Providence Children s Museum - 5.8 km / 3.6 mi <br /> Rhode Island School of Design - 5.9 km / 3.7 mi <br /> Brown University - 5.9 km / 3.7 mi <br /> </p><p>The nearest airports are:<br />T.F. Green Airport (PVD) - 18.8 km / 11.7 mi<br /> Pawtucket  RI (SFZ-North Central State) - 21.2 km / 13.2 mi<br /> Newport  RI (NPT-Newport State) - 37.4 km / 23.2 mi<br /> North Kingstown  RI (NCO-Quonset State) - 38 km / 23.6 mi<br /> New Bedford  MA (EWB-New Bedford Regional) - 46.2 km / 28.7 mi<br /> </p><p>The preferred airport for Extended Stay America Premier Suites Providence E Providence is T.F. Green Airport (PVD). </p>,1000 Warren Ave East ProvidenceRhode Island 02914 ,02914,4012721661,http://www.extendedstayamerica.com/hotels/ri/providence/east-providence
Rhode Island,,41.661724,-71.54589,Hampton Inn Coventry Warwick Area,2.0,"<p>HeadLine : In the historical district</p><p>Location : With a stay at Hampton Inn Coventry - Warwick Area in Coventry, you ll be 13.6 mi (21.9 km) from Museum of Natural History and Planetarium and 16.1 mi (25.9 km) from Providence Performing Arts Center.  This hotel is 13.1 mi (21 km) from Roger Williams Park Zoo and 18.4 mi (29.6 km) from University of Rhode Island.</p><p>Rooms : Make yourself at home in one of the 124 guestrooms featuring refrigerators and minibars. Complimentary wired and wireless Internet access keeps you connected, and cable programming provides entertainment. Private bathrooms with shower/tub combinations feature designer toiletries and hair dryers. Conveniences include safes and desks, as well as phones with free local calls.</p><p>Dining : A complimentary on-the-go breakfast is served daily from 6:00 AM to 10:00 AM.</p><p>CheckIn Instructions : <ul>  <li>Extra-person charges may apply and vary depending on property policy</li><li>Government-issued photo identification and a credit card, debit card, or cash deposit may be required at check-in for incidental charges</li><li>Special requests are subject to availability upon check-in and may incur additional charges; special requests cannot be guaranteed</li><li>This property accepts credit cards, debit cards, and cash</li><li>Please note that cultural norms and guest policies may differ by country and by property; the policies listed are provided by the property</li>  </ul></p><p>Special Instructions : Front desk staff will greet guests on arrival.</p>",Free wired Internet Sailing nearby Scuba diving nearby Free WiFi Downhill skiing nearby Cross-country skiing nearby Number of spa tubs - 1 Braille or raised signage Assistive listening devices available Number of indoor pools - 1 Water skiing nearby In-room accessibility (in select rooms) Bicycle rentals nearby Wheelchair accessible parking Snowboarding Nearby Roll-in shower (in select rooms) Accessible bathroom (in select rooms) Free breakfast Snowmobiling Nearby Multilingual staff Parasailing nearby Daily Coffee/tea in common areas Laundry facilities Rafting nearby elevator Fitness facilities Snowshoeing Nearby Mountain biking nearby Wheelchair-accessible concierge desk Food and water bowls Express check-in Wheelchair-accessible van parking Wheelchair-accessible path to elevator Wheelchair-accessible registration desk Dry cleaning/laundry service Number of meeting rooms - 1 Swimming pool Television in common areas Windsurfing nearby Wheelchair-accessible fitness center Skydiving Nearby Wheelchair-accessible pool Well-lit path to entrance Stair-free path to entrance Free breakfast to go Express check-out Coin laundry on site 24-hour front desk Scooter/moped rentals nearby Golfing nearby Snorkeling nearby Safe-deposit box at front desk Smoke-free property Hiking/biking trails nearby Surfing/bodyboarding nearby Kayaking nearby Free self parking Wheelchair accessible path of travel,Distances are displayed to the nearest 0.1 mile and kilometer. <br /> <p>Nathanael Greene Homestead - 4.6 km / 2.9 mi <br /> New England Wireless and Steam Museum - 6.6 km / 4.1 mi <br /> Launch Trampoline Park - 7 km / 4.3 mi <br /> Windmill Cottage - 8.7 km / 5.4 mi <br /> Kent Hospital - 9.2 km / 5.7 mi <br /> Varnum Memorial Armory - 9.2 km / 5.7 mi <br /> Hope Pond Beach - 9.2 km / 5.7 mi <br /> Varnum House Museum - 9.3 km / 5.8 mi <br /> Miracle Mile of Shopping - 9.6 km / 5.9 mi <br /> Armory of the Kentish Guards - 9.6 km / 5.9 mi <br /> Clouds Hill Victorian Museum - 10.8 km / 6.7 mi <br /> Warwick City Hall - 11.1 km / 6.9 mi <br /> Warwick Museum of Art - 11.2 km / 7 mi <br /> Goddard Memorial State Park - 11.5 km / 7.1 mi <br /> J L Curran Fishing Area - 11.6 km / 7.2 mi <br /> </p><p>The nearest airports are:<br />T.F. Green Airport (PVD) - 15.5 km / 9.6 mi<br /> Newport  RI (NPT-Newport State) - 42.7 km / 26.5 mi<br /> North Kingstown  RI (NCO-Quonset State) - 18.9 km / 11.8 mi<br /> Pawtucket  RI (SFZ-North Central State) - 39.7 km / 24.7 mi<br /> Westerly  RI (WST-Westerly State) - 46.8 km / 29.1 mi<br /> </p><p>The preferred airport for Hampton Inn Coventry - Warwick Area is T.F. Green Airport (PVD). </p>,850 Centre Of New England Boulevard CoventryRhode Island 02816 ,02816,4018234041,http://hamptoninn3.hilton.com/en/hotels/rhode-island/hampton-inn-coventry-warwick-area
Rhode Island,,41.729115,-71.44353,Hilton Garden Inn Providence Airport Warwick,3.0,"<p>HeadLine : Near Lincoln Park Cemetery</p><p>Location : A stay at Hilton Garden Inn Providence Airport/Warwick places you in the heart of Warwick, a 7-minute drive from Roger Williams Park Zoo and 11 minutes from Johnson and Wales University.  This hotel is 6.8 mi (11 km) from Rhode Island Hospital and 7.5 mi (12.1 km) from Providence Performing Arts Center.</p><p>Rooms : Make yourself at home in one of the 166 air-conditioned rooms featuring microwaves and LED televisions. Complimentary wired Internet access keeps you connected, and cable programming is available for your entertainment. Private bathrooms with bathtubs or showers feature complimentary toiletries and hair dryers. Conveniences include desks and coffee/tea makers, and housekeeping is provided on request.</p><p>Dining : Satisfy your appetite for lunch or dinner at The Iron Works Tavern, a bar/lounge which specializes in American cuisine, or stay in and take advantage of the room service (during limited hours). Cooked-to-order breakfasts are served on weekdays from 6:00 AM to 10:00 AM and on weekends from 7:00 AM to 11:00 AM for a fee.</p><p>CheckIn Instructions : <ul>  <li>Extra-person charges may apply and vary depending on property policy</li><li>Government-issued photo identification and a credit card, debit card, or cash deposit may be required at check-in for incidental charges</li><li>Special requests are subject to availability upon check-in and may incur additional charges; special requests cannot be guaranteed</li><li>This property accepts credit cards and debit cards; cash is not accepted</li>  </ul></p><p>Special Instructions : This property offers transfers from the airport. Guests must contact the property with arrival details before travel, using the contact information on the booking confirmation. This property doesn t offer after-hours check-in. Front desk staff will greet guests on arrival.</p>",Housekeeping on request Safe-deposit box at front desk Conference space Self parking (surcharge) Computer station ATM/banking Wheelchair accessible path of travel Conference space size (feet) - 2000 24-hour business center Number of meeting rooms - 2 Conference space size (meters) - 186 Free WiFi Number of bars/lounges - 1 Braille or raised signage Assistive listening devices available Number of indoor pools - 1 In-room accessibility (in select rooms) Wheelchair accessible parking Roll-in shower (in select rooms) Accessible bathroom (in select rooms) Fireplace in lobby Free airport transportation Accessible airport shuttle Wheelchair-accessible on-site restaurant No accessible shuttle Visual alarms in hallways Handrails in stairways Breakfast available (surcharge) Number of accessible parking spaces - 6 Wheelchair-accessible meeting spaces/business center Laundry facilities elevator Uncovered parking Wheelchair accessible (may have limitations) Wheelchair-accessible van parking Dog exercise area Wheelchair-accessible path to elevator Wheelchair-accessible registration desk Television in common areas Wheelchair-accessible fitness center Wheelchair-accessible pool Wheelchair-accessible public washroom Well-lit path to entrance Stair-free path to entrance 24-hour fitness facilities Express check-out 24-hour front desk Golfing nearby,Distances are displayed to the nearest 0.1 mile and kilometer. <br /> <p>Lincoln Park Cemetery - 2.4 km / 1.5 mi <br /> Miracle Mile of Shopping - 3.2 km / 2 mi <br /> Warwick Mall - 4.1 km / 2.6 mi <br /> Warwick City Hall - 4.4 km / 2.7 mi <br /> Warwick Pond - 4.5 km / 2.8 mi <br /> Warwick City Park - 5.2 km / 3.2 mi <br /> Garden City Center - 6.4 km / 4 mi <br /> Warwick Public Library - 6.5 km / 4 mi <br /> Pawtuxet Park - 6.8 km / 4.2 mi <br /> Mulligan s Island Golf and Entertainment - 6.9 km / 4.3 mi <br /> Roger Williams Park Zoo - 7.2 km / 4.5 mi <br /> Roger Williams Park Carousel Village - 7.7 km / 4.8 mi <br /> Launch Trampoline Park - 7.7 km / 4.8 mi <br /> Museum of Natural History and Planetarium - 8.1 km / 5.1 mi <br /> Conimicut Point Park - 8.3 km / 5.1 mi <br /> </p><p>The nearest airports are:<br />T.F. Green Airport (PVD) - 1.9 km / 1.2 mi<br /> Newport  RI (NPT-Newport State) - 48.1 km / 29.9 mi<br /> North Kingstown  RI (NCO-Quonset State) - 24.3 km / 15.1 mi<br /> Pawtucket  RI (SFZ-North Central State) - 28.6 km / 17.8 mi<br /> New Bedford  MA (EWB-New Bedford Regional) - 58.7 km / 36.5 mi<br /> </p><p>The preferred airport for Hilton Garden Inn Providence Airport/Warwick is T.F. Green Airport (PVD). </p>,1 Thurber Street WarwickRhode Island 02886 ,02886,4017349600,http://hiltongardeninn.hilton.com/en/gi/hotels/index.jhtml?ctyhocn=PVDGIGI
Rhode Island,,41.99192,-71.48564,Holiday Inn Express Hotel & Suites Providence Woonsocket,2.0,"<p>HeadLine : Near Woonsocket City Hall</p><p>Location : Located in Woonsocket, Holiday Inn Express Hotel & Suites Providence-Woonsocket, an IHG Hotel is within a 10-minute drive of Wide World of Indoor Sports and Lincoln Woods State Park.  This hotel is 8.1 mi (13.1 km) from Bryant University and 8.5 mi (13.8 km) from Twin River Casino.</p><p>Rooms : Make yourself at home in one of the 88 air-conditioned rooms featuring refrigerators and flat-screen televisions. Complimentary wireless Internet access keeps you connected, and cable programming is available for your entertainment. Bathrooms have bathtubs or showers and hair dryers. Conveniences include desks and complimentary newspapers, as well as phones with free local calls.</p><p>Dining : A complimentary buffet breakfast is served on weekdays from 6:30 AM to 9:30 AM and on weekends from 7 AM to 10:30 AM.</p><p>CheckIn Instructions : <ul>  <li>Extra-person charges may apply and vary depending on property policy</li><li>Government-issued photo identification and a credit card may be required at check-in for incidental charges</li><li>Special requests are subject to availability upon check-in and may incur additional charges; special requests cannot be guaranteed</li><li>This property accepts credit cards; cash is not accepted</li><li>Safety features at this property include a carbon monoxide detector, a fire extinguisher, a smoke detector, a security system, a first aid kit, and window guards</li><li>Please note that cultural norms and guest policies may differ by country and by property; the policies listed are provided by the property</li>  </ul></p><p>Special Instructions : This property doesn t offer after-hours check-in. Front desk staff will greet guests on arrival.</p>",Gift shops or newsstand Dry cleaning/laundry service Wheelchair accessible (may have limitations) Free RV  bus  truck parking Vending machine Lockers available Outdoor furniture Number of meeting rooms - 2 Swimming pool Free wired Internet Wheelchair-accessible registration desk Television in common areas Free WiFi Braille or raised signage Assistive listening devices available Number of indoor pools - 1 In-room accessibility (in select rooms) Internet access in public areas - high speed Wheelchair accessible parking Free newspapers in lobby Roll-in shower (in select rooms) Internet access - wireless Accessible bathroom (in select rooms) 24-hour fitness facilities Free Buffet Breakfast Luggage storage Free breakfast Multilingual staff Business center 24-hour front desk Daily Safe-deposit box at front desk Coffee/tea in common areas Laundry facilities elevator Free self parking Fitness facilities Terrace 24-hour business center,Distances are displayed to the nearest 0.1 mile and kilometer. <br /> <p>World War II Veterans Memorial State Park - 3.3 km / 2.1 mi <br /> Woonsocket City Hall - 3.6 km / 2.2 mi <br /> Flea Market Square - 3.7 km / 2.3 mi <br /> Stadium Theatre - 3.7 km / 2.3 mi <br /> Stage Right Studio for Arts & Wellness - 4.1 km / 2.5 mi <br /> New England Country Club - 4.5 km / 2.8 mi <br /> Rustic Drive-in Theatre - 4.7 km / 2.9 mi <br /> Wide World of Indoor Sports - 10.6 km / 6.6 mi <br /> Blackstone River Bikeway - 10.9 km / 6.8 mi <br /> Blackstone River Theatre - 11.9 km / 7.4 mi <br /> Lincoln Woods State Park - 12.4 km / 7.7 mi <br /> Bryant University - 13.1 km / 8.1 mi <br /> Sunset Stables - 13.1 km / 8.2 mi <br /> Wright s Chicken Farm Gift Shop - 13.6 km / 8.5 mi <br /> Twin River Casino - 13.8 km / 8.5 mi <br /> </p><p>The nearest airports are:<br />T.F. Green Airport (PVD) - 35.7 km / 22.2 mi<br /> Pawtucket  RI (SFZ-North Central State) - 11.3 km / 7 mi<br /> Norwood  MA (OWD-Norwood Memorial) - 53.6 km / 33.3 mi<br /> Worcester  MA (ORH-Worcester Regional) - 58.1 km / 36.1 mi<br /> North Kingstown  RI (NCO-Quonset State) - 54.1 km / 33.6 mi<br /> </p><p>The preferred airport for Holiday Inn Express Hotel & Suites Providence-Woonsocket  an IHG Hotel is T.F. Green Airport (PVD). </p>,194 Fortin Drive WoonsocketRhode Island 02895 ,02895,4017695000,https://www.ihg.com
Rhode Island,,41.72289,-71.445206,Holiday Inn Express Hotel & Suites Warwick Providence Airport,2.0,"<p>HeadLine : Near Lincoln Park Cemetery</p><p>Location : When you stay at Holiday Inn Express Hotel & Suites Warwick-Providence (Arpt), an IHG Hotel in Warwick, you ll be near the airport, within a 15-minute drive of Roger Williams Park Zoo and Brown University.  This hotel is 8.5 mi (13.7 km) from Providence Performing Arts Center and 9 mi (14.4 km) from Rhode Island Convention Center.</p><p>Rooms : Make yourself at home in one of the 147 air-conditioned rooms featuring refrigerators and flat-screen televisions. Your pillowtop bed comes with premium bedding. Complimentary wireless Internet access keeps you connected, and cable programming is available for your entertainment. Private bathrooms with shower/tub combinations feature complimentary toiletries and hair dryers.</p><p>Dining : A complimentary buffet breakfast is served on weekdays from 6:00 AM to 9:30 AM and on weekends from 6:00 AM to 10:00 AM.</p><p>CheckIn Instructions : <ul>  <li>Extra-person charges may apply and vary depending on property policy</li><li>Government-issued photo identification and a credit card may be required at check-in for incidental charges</li><li>Special requests are subject to availability upon check-in and may incur additional charges; special requests cannot be guaranteed</li><li>This property accepts credit cards; cash is not accepted</li><li>Safety features at this property include a carbon monoxide detector, a smoke detector, a security system, and window guards</li>  </ul></p><p>Special Instructions : This property offers transfers from the airport. Guests must contact the property with arrival details before travel, using the contact information on the booking confirmation. Front desk staff will greet guests on arrival.</p>",Wheelchair accessible (may have limitations) Vending machine Wheelchair-accessible van parking Meeting rooms Wheelchair-accessible path to elevator Conference space size (meters) - 81 Wheelchair-accessible registration desk Television in common areas Wheelchair-accessible fitness center Free WiFi Braille or raised signage Well-lit path to entrance Assistive listening devices available Number of indoor pools - 1 In-room accessibility (in select rooms) Wheelchair accessible parking Stair-free path to entrance Roll-in shower (in select rooms) Accessible bathroom (in select rooms) Free Buffet Breakfast Free airport transportation Luggage storage Free breakfast Express check-out Multilingual staff Business center 24-hour front desk Daily Wheelchair-accessible meeting spaces/business center Safe-deposit box at front desk Coffee/tea in common areas Laundry facilities elevator Free self parking Conference space ATM/banking Wheelchair accessible path of travel Conference space size (feet) - 900 24-hour business center,Distances are displayed to the nearest 0.1 mile and kilometer. <br /> <p>Lincoln Park Cemetery - 2.8 km / 1.8 mi <br /> Miracle Mile of Shopping - 3.5 km / 2.1 mi <br /> Warwick City Hall - 3.5 km / 2.2 mi <br /> Warwick Mall - 4.3 km / 2.7 mi <br /> Warwick City Park - 4.9 km / 3 mi <br /> Warwick Pond - 5 km / 3.1 mi <br /> Warwick Public Library - 5.7 km / 3.5 mi <br /> Launch Trampoline Park - 6.9 km / 4.3 mi <br /> Garden City Center - 7 km / 4.4 mi <br /> Pawtuxet Park - 7.3 km / 4.5 mi <br /> Oakland Beach - 7.7 km / 4.8 mi <br /> Windmill Cottage - 7.8 km / 4.8 mi <br /> Providence River - 8.2 km / 5.1 mi <br /> Mulligan s Island Golf and Entertainment - 8.6 km / 5.3 mi <br /> Roger Williams Park Zoo - 8.8 km / 5.5 mi <br /> </p><p>The nearest airports are:<br />T.F. Green Airport (PVD) - 2.4 km / 1.5 mi<br /> Newport  RI (NPT-Newport State) - 46.1 km / 28.6 mi<br /> North Kingstown  RI (NCO-Quonset State) - 22.3 km / 13.8 mi<br /> Pawtucket  RI (SFZ-North Central State) - 27.9 km / 17.4 mi<br /> New Bedford  MA (EWB-New Bedford Regional) - 60.2 km / 37.4 mi<br /> </p><p>The preferred airport for Holiday Inn Express Hotel & Suites Warwick-Providence (Arpt)  an IHG Hotel is T.F. Green Airport (PVD). </p>,901 Jefferson Boulevard Warwick 02886Rhode Island ,02886,4017365000,http://www.ihg.com/holidayinnexpress/hotels/us/en/warwick/wrwjf/hoteldetail
Rhode Island,,41.72607,-71.45639,Homewood Suites by Hilton Providence Warwick,3.0,"<p>HeadLine : Near Miracle Mile of Shopping</p><p>Location : Located in Warwick, Homewood Suites by Hilton Providence/Warwick is in the business district, within a 15-minute drive of Roger Williams Park Zoo and Oakland Beach.  This hotel is 8.5 mi (13.7 km) from Providence Performing Arts Center and 8.9 mi (14.4 km) from Providence Place Mall.</p><p>Rooms : Make yourself at home in one of the 82 guestrooms, featuring kitchens with full-sized refrigerators/freezers and stovetops. 37-inch LCD televisions with cable programming provide entertainment, while complimentary wireless Internet access keeps you connected. Conveniences include desks and separate sitting areas, as well as phones with free local calls.</p><p>Dining : A complimentary buffet breakfast is served daily from 6:00 AM to 10:00 AM.</p><p>CheckIn Instructions : <ul>  <li>Extra-person charges may apply and vary depending on property policy</li><li>Government-issued photo identification and a credit card, debit card, or cash deposit may be required at check-in for incidental charges</li><li>Special requests are subject to availability upon check-in and may incur additional charges; special requests cannot be guaranteed</li><li>This property accepts credit cards, debit cards, and cash</li>  </ul></p><p>Special Instructions : Front desk staff will greet guests on arrival.</p>",Smoke-free property Conference space Self parking (surcharge) Tennis on site Wheelchair accessible path of travel Conference space size (feet) - 576 24-hour business center Dry cleaning/laundry service Shopping on site Number of meeting rooms - 1 Conference space size (meters) - 52 Free WiFi Number of spa tubs - 1 Braille or raised signage Assistive listening devices available Number of indoor pools - 1 In-room accessibility (in select rooms) Wheelchair accessible parking Fireplace in lobby Free Buffet Breakfast Free breakfast Outdoor tennis courts - 1 Multilingual staff Daily Wheelchair-accessible meeting spaces/business center Barbecue grill(s) Coffee/tea in common areas Laundry facilities elevator Fitness facilities Basketball on site Wheelchair accessible (may have limitations) Free grocery shopping service Vending machine Express check-in Wheelchair-accessible van parking Dog exercise area Wheelchair-accessible path to elevator Wheelchair-accessible registration desk Wheelchair-accessible fitness center Wheelchair-accessible pool Wheelchair-accessible public washroom Well-lit path to entrance Stair-free path to entrance Free newspapers in lobby Luggage storage Express check-out Business center 24-hour front desk Golfing nearby Safe-deposit box at front desk,Distances are displayed to the nearest 0.1 mile and kilometer. <br /> <p>Miracle Mile of Shopping - 1.3 km / 0.8 mi <br /> Warwick Mall - 2.6 km / 1.6 mi <br /> Lincoln Park Cemetery - 3.7 km / 2.3 mi <br /> Warwick City Hall - 3.9 km / 2.4 mi <br /> Mulligan s Island Golf and Entertainment - 5.5 km / 3.4 mi <br /> Warwick Pond - 6.1 km / 3.8 mi <br /> Warwick City Park - 6.1 km / 3.8 mi <br /> Launch Trampoline Park - 6.2 km / 3.8 mi <br /> Garden City Center - 6.9 km / 4.3 mi <br /> Warwick Public Library - 7.5 km / 4.7 mi <br /> Pawtuxet Park - 8.3 km / 5.2 mi <br /> Windmill Cottage - 8.4 km / 5.2 mi <br /> Roger Williams Park Zoo - 8.6 km / 5.3 mi <br /> Roger Williams Park Carousel Village - 9.1 km / 5.6 mi <br /> Museum of Natural History and Planetarium - 9.5 km / 5.9 mi <br /> </p><p>The nearest airports are:<br />T.F. Green Airport (PVD) - 3.4 km / 2.1 mi<br /> Newport  RI (NPT-Newport State) - 46.7 km / 29 mi<br /> North Kingstown  RI (NCO-Quonset State) - 22.4 km / 13.9 mi<br /> Pawtucket  RI (SFZ-North Central State) - 31 km / 19.2 mi<br /> New Bedford  MA (EWB-New Bedford Regional) - 60.2 km / 37.4 mi<br /> </p><p>The preferred airport for Homewood Suites by Hilton Providence/Warwick is T.F. Green Airport (PVD). </p>,33 International Way WarwickRhode Island 02886 ,02886,4017380008,http://homewoodsuites3.hilton.com/en/hotels/rhode-island/homewood-suites-by-hilton-providence-warwick-WRWHWHW/index.html
Rhode Island,,41.82485,-71.41475,Omni Providence Hotel,4.0,"<p>HeadLine : In Providence (Downtown Providence)</p><p>Location : With a stay at Omni Providence Hotel, you ll be centrally located in Providence, steps from Providence Place Mall and within a 5-minute walk of Rhode Island Convention Center.  This 4-star hotel is 0.2 mi (0.3 km) from Dunkin  Donuts Center and 0.2 mi (0.3 km) from Johnson and Wales University.</p><p>Rooms : Make yourself at home in one of the 564 guestrooms featuring refrigerators. Wireless Internet access (surcharge) is available to keep you connected. Private bathrooms with shower/tub combinations feature complimentary toiletries and hair dryers. Conveniences include phones, as well as safes and desks.</p><p>Dining : Grab a bite at Breakfast Dining, one of the hotel s 2 restaurants, or stay in and take advantage of the room service (during limited hours). Snacks are also available at the coffee shop/cafe. Quench your thirst with your favorite drink at the bar/lounge. Cooked-to-order breakfasts are available daily from 6:30 AM to 10:00 AM for a fee.</p><p>CheckIn Instructions : <ul>  <li>Extra-person charges may apply and vary depending on property policy</li><li>Government-issued photo identification and a credit card, debit card, or cash deposit may be required at check-in for incidental charges</li><li>Special requests are subject to availability upon check-in and may incur additional charges; special requests cannot be guaranteed</li><li>This property accepts credit cards, debit cards, and cash</li><li>Please note that cultural norms and guest policies may differ by country and by property; the policies listed are provided by the property</li>  </ul></p><p>Special Instructions : Front desk staff will greet guests on arrival.</p>",Gift shops or newsstand Covered parking Shopping on site Banquet hall Wheelchair accessible (may have limitations) Ballroom Covered parking Food and water bowls Number of meeting rooms - 11 Swimming pool Wheelchair-accessible registration desk Number of bars/lounges - 1 Braille or raised signage Well-lit path to entrance Assistive listening devices available Number of indoor pools - 1 In-room accessibility (in select rooms) Wheelchair accessible parking Stair-free path to entrance Roll-in shower (in select rooms) Accessible bathroom (in select rooms) Shopping mall on site Luggage storage Porter/bellhop Multilingual staff 24-hour front desk Conference center Breakfast available (surcharge) Golfing nearby Safe-deposit box at front desk Snack bar/deli Number of coffee shops/cafes - 1 Hiking/biking trails nearby elevator Fitness facilities Self parking (surcharge) Valet parking (surcharge) ATM/banking Concierge services,Distances are displayed to the nearest 0.1 mile and kilometer. <br /> <p>Providence Place Mall - 0.2 km / 0.1 mi <br /> Rhode Island Convention Center - 0.2 km / 0.1 mi <br /> Providence City Hall - 0.2 km / 0.1 mi <br /> Lupo s Heartbreak Hotel - 0.2 km / 0.1 mi <br /> Johnson and Wales University - 0.3 km / 0.2 mi <br /> Kennedy Plaza - 0.3 km / 0.2 mi <br /> Dunkin  Donuts Center - 0.3 km / 0.2 mi <br /> Bank of America Tower - 0.4 km / 0.2 mi <br /> Waterplace Park - 0.4 km / 0.2 mi <br /> Westminster Arcade - 0.4 km / 0.3 mi <br /> Trinity Repertory Company - 0.4 km / 0.3 mi <br /> Providence River - 0.5 km / 0.3 mi <br /> Providence Public Library - 0.5 km / 0.3 mi <br /> Providence Performing Arts Center - 0.5 km / 0.3 mi <br /> Memorial Park - 0.6 km / 0.4 mi <br /> </p><p>The nearest airports are:<br />T.F. Green Airport (PVD) - 14.9 km / 9.3 mi<br /> Pawtucket  RI (SFZ-North Central State) - 14 km / 8.7 mi<br /> Newport  RI (NPT-Newport State) - 44.7 km / 27.8 mi<br /> North Kingstown  RI (NCO-Quonset State) - 35.1 km / 21.8 mi<br /> New Bedford  MA (EWB-New Bedford Regional) - 49.4 km / 30.7 mi<br /> </p><p>The preferred airport for Omni Providence Hotel is T.F. Green Airport (PVD). </p>,1 West Exchange Street ProvidenceRhode Island 02903 ,02903,4015988000,http://www.starwoodhotels.com/westin/property/overview/index.html?propertyID=1049
Rhode Island,,41.82274,-71.41887,Hilton Providence,3.0,"<p>HeadLine : In Providence (Downtown Providence)</p><p>Location : With a stay at Hilton Providence, you ll be centrally located in Providence, a 2-minute drive from Brown University and 6 minutes from Roger Williams Park Zoo.  This hotel is 0.4 mi (0.7 km) from Rhode Island Convention Center and 0.5 mi (0.7 km) from Providence Performing Arts Center.</p><p>Rooms : Stay in one of 274 guestrooms featuring plasma televisions. Cable programming provides entertainment, and wired and wireless Internet access is available for a surcharge. Private bathrooms with showers feature complimentary toiletries and hair dryers. Conveniences include laptop-compatible safes and coffee/tea makers, and housekeeping is provided daily.</p><p>Dining : Satisfy your appetite at the hotel s coffee shop/cafe, or stay in and take advantage of the room service (during limited hours).</p><p>CheckIn Instructions : <ul>  <li>Extra-person charges may apply and vary depending on property policy</li><li>Government-issued photo identification and a credit card, debit card, or cash deposit may be required at check-in for incidental charges</li><li>Special requests are subject to availability upon check-in and may incur additional charges; special requests cannot be guaranteed</li><li>This property accepts credit cards, debit cards, and cash</li><li>Please note that cultural norms and guest policies may differ by country and by property; the policies listed are provided by the property</li>  </ul></p><p>Special Instructions : This property doesn t offer after-hours check-in. Front desk staff will greet guests on arrival.</p>",Gift shops or newsstand Dry cleaning/laundry service Shopping on site Wheelchair accessible (may have limitations) Ballroom Wheelchair-accessible concierge desk Wheelchair-accessible van parking Meeting rooms Wheelchair-accessible path to elevator Free wired Internet Wheelchair-accessible registration desk Sailing nearby Television in common areas Wheelchair-accessible fitness center Free WiFi Wheelchair-accessible pool Well-lit path to entrance Internet access in public areas - surcharge In-room accessibility (in select rooms) Bicycle rentals nearby Wheelchair accessible parking Stair-free path to entrance Free newspapers in lobby Internet access - wireless Wedding services Accessible bathroom (in select rooms) Luggage storage Wheelchair-accessible on-site restaurant Express check-out Multilingual staff Business center 24-hour front desk Wheelchair-accessible meeting spaces/business center Golfing nearby Safe-deposit box at front desk Number of coffee shops/cafes - 1 Hiking/biking trails nearby Laundry facilities elevator Fitness facilities Self parking (surcharge) ATM/banking Concierge services 24-hour business center,Distances are displayed to the nearest 0.1 mile and kilometer. <br /> <p>Dunkin  Donuts Center - 0.2 km / 0.1 mi <br /> Providence Public Library - 0.3 km / 0.2 mi <br /> Trinity Repertory Company - 0.3 km / 0.2 mi <br /> Rhode Island Convention Center - 0.3 km / 0.2 mi <br /> Lupo s Heartbreak Hotel - 0.5 km / 0.3 mi <br /> Johnson and Wales University - 0.5 km / 0.3 mi <br /> Providence City Hall - 0.7 km / 0.4 mi <br /> Providence Place Mall - 0.7 km / 0.4 mi <br /> Providence Performing Arts Center - 0.7 km / 0.4 mi <br /> Kennedy Plaza - 0.8 km / 0.5 mi <br /> Bank of America Tower - 0.8 km / 0.5 mi <br /> Waterplace Park - 0.8 km / 0.5 mi <br /> DePasquale Plaza - 0.9 km / 0.5 mi <br /> Westminster Arcade - 0.9 km / 0.5 mi <br /> Providence River - 0.9 km / 0.6 mi <br /> </p><p>The nearest airports are:<br />T.F. Green Airport (PVD) - 14.6 km / 9 mi<br /> Pawtucket  RI (SFZ-North Central State) - 14.1 km / 8.8 mi<br /> Newport  RI (NPT-Newport State) - 45.3 km / 28.2 mi<br /> North Kingstown  RI (NCO-Quonset State) - 34.1 km / 21.2 mi<br /> New Bedford  MA (EWB-New Bedford Regional) - 50 km / 31 mi<br /> </p><p>The preferred airport for Hilton Providence is T.F. Green Airport (PVD). </p>,21 Atwells Avenue ProvidenceRhode Island 02903 ,02903,4018313900,http://www3.hilton.com/en/hotels/location/PVDPRHF/
Rhode Island,,41.828701,-71.420618,Global Luxury Suites At The Mill,4.0,"<p>HeadLine : Near Providence Place Mall</p><p>Location : With a stay at Global Luxury Suites at the Mill in Providence (Smith Hill), you ll be within a 5-minute drive of Brown University and Providence Place Mall.  This 4-star apartment is 6.9 mi (11 km) from Twin River Casino and 1.3 mi (2.1 km) from Providence College.</p><p>Rooms : Make yourself at home in one of the 2 air-conditioned rooms featuring kitchens with full-sized refrigerators/freezers and stovetops. Your bed comes with premium bedding, and all rooms are furnished with double sofa beds. Flat-screen televisions with cable programming provide entertainment, while complimentary wireless Internet access keeps you connected. Conveniences include desks and microwaves, and you can also request cribs/infant beds (surcharge).</p><p>CheckIn Instructions : Extra-person charges may apply and vary depending on property policy. <br />Government-issued photo identification and a credit card, debit card, or cash deposit are required at check-in for incidental charges. <br />Special requests are subject to availability upon check-in and may incur additional charges. Special requests cannot be guaranteed. <ul> Guests must contact this property in advance to reserve onsite parking.  Please note that cultural norms and guest policies may differ by country and by property. The policies listed are provided by the property. </ul></p>",Fireplace in lobby Barbecue grill(s) Picnic area Rooftop terrace Concierge services Indoor pool Laundry facilities Business center Parking (limited spaces) One meeting room Free self parking Free WiFi Health club Smoke-free property Garden,Distances are displayed to the nearest 0.1 mile and kilometer. <br /> <p>Veterans Memorial Auditorium (The VETS) - 0.6 km / 0.4 mi <br /> Rhode Island State Capitol Building - 0.8 km / 0.5 mi <br /> Waterplace Park - 0.8 km / 0.5 mi <br /> Providence Place Mall - 0.9 km / 0.5 mi <br /> Bank of America Tower - 1.1 km / 0.7 mi <br /> Old State House - 1.1 km / 0.7 mi <br /> Alex and Ani City Center - 1.2 km / 0.7 mi <br /> Kennedy Plaza - 1.2 km / 0.7 mi <br /> Providence City Hall - 1.2 km / 0.8 mi <br /> First Baptist Church of America - 1.2 km / 0.8 mi <br /> Providence Art Club - 1.3 km / 0.8 mi <br /> Westminster Arcade - 1.3 km / 0.8 mi <br /> DePasquale Plaza - 1.3 km / 0.8 mi <br /> Roger Williams National Memorial - 1.3 km / 0.8 mi <br /> Lupo s Heartbreak Hotel - 1.4 km / 0.9 mi <br /> </p><p>The nearest airports are:<br />Providence  RI (PVD-T.F. Green) - 15.3 km / 9.5 mi<br /> Pawtucket  RI (SFZ-North Central State) - 15.8 km / 9.8 mi<br /> North Kingstown  RI (NCO-Quonset State) - 35.1 km / 21.8 mi<br /> Newport  RI (NPT-Newport State) - 57.3 km / 35.6 mi<br /> New Bedford  MA (EWB-New Bedford Regional) - 51.3 km / 31.9 mi<br /> </p><p></p>,255 Promenade Street ProvidenceRhode Island 02908 ,02908,8443727411,
Rhode Island,,41.828638,-71.412799,Global Luxury Suites at Downtown Providence,3.0,"<p>HeadLine : Near Brown University</p><p>Location : With a stay at Global Luxury Suites at Downtown Providence in Providence (Downtown), you ll be a 3-minute walk from Providence Place Mall and 13 minutes by foot from Brown University.  This apartment is 0.5 mi (0.8 km) from Rhode Island Convention Center and 0.6 mi (0.9 km) from Dunkin  Donuts Center.</p><p>Rooms : Make yourself at home in one of the 2 air-conditioned rooms featuring kitchens with refrigerators and stovetops. Your bed comes with premium bedding, and all rooms are furnished with double sofa beds. Flat-screen televisions with cable programming provide entertainment, while complimentary wireless Internet access keeps you connected. Conveniences include desks and microwaves, and you can also request cribs/infant beds (surcharge).</p><p>CheckIn Instructions : Extra-person charges may apply and vary depending on property policy. <br />Government-issued photo identification and a credit card, debit card, or cash deposit are required at check-in for incidental charges. <br />Special requests are subject to availability upon check-in and may incur additional charges. Special requests cannot be guaranteed.  <ul><li>No onsite parking is available. </li>Please note that cultural norms and guest policies may differ by country and by property. The policies listed are provided by the property. </ul> A mandatory cleaning fee is included in the final price displayed.</p>",Barbecue grill(s) Picnic area Terrace Fitness facilities Concierge services Indoor pool Laundry facilities Business center One meeting room Free self parking Dry cleaning/laundry service Free WiFi Outdoor pool Health club Smoke-free property Outdoor seasonal pool,Distances are displayed to the nearest 0.1 mile and kilometer. <br /> <p>Waterplace Park - 0.2 km / 0.1 mi <br /> Providence Place Mall - 0.3 km / 0.2 mi <br /> Rhode Island State Capitol Building - 0.4 km / 0.2 mi <br /> Old State House - 0.4 km / 0.3 mi <br /> First Baptist Church of America - 0.5 km / 0.3 mi <br /> Bank of America Tower - 0.5 km / 0.3 mi <br /> Providence Art Club - 0.5 km / 0.3 mi <br /> Alex and Ani City Center - 0.5 km / 0.3 mi <br /> Veterans Memorial Auditorium (The VETS) - 0.5 km / 0.3 mi <br /> Kennedy Plaza - 0.6 km / 0.3 mi <br /> Roger Williams National Memorial - 0.6 km / 0.4 mi <br /> Providence City Hall - 0.6 km / 0.4 mi <br /> Westminster Arcade - 0.6 km / 0.4 mi <br /> Rhode Island School of Design Museum of Art - 0.6 km / 0.4 mi <br /> Prospect Terrace Park - 0.7 km / 0.4 mi <br /> </p><p>The nearest airports are:<br />Providence  RI (PVD-T.F. Green) - 15.6 km / 9.7 mi<br /> Pawtucket  RI (SFZ-North Central State) - 14.3 km / 8.9 mi<br /> North Kingstown  RI (NCO-Quonset State) - 35.1 km / 21.8 mi<br /> Newport  RI (NPT-Newport State) - 44.7 km / 27.7 mi<br /> New Bedford  MA (EWB-New Bedford Regional) - 49.3 km / 30.6 mi<br /> </p><p></p>,50 Park Row West Providence Ri 02903 ProvidenceRhode Island 02903 ,02903,8443727411,
Rhode Island,,41.81517,-71.44128,Dye House Lofts,,"Situated in Providence, 2.3 km from Dunkin Donut Center, Dye House features accommodation with free WiFi and free private parking. The property is around 3.1 km from The VETS, 3.4 km from Rhode Island School of Design Museum of Art and 3.8 km from Brown University. The property is non-smoking and is set 3 km from Johnson and Wales University.

At the hotel, all rooms are fitted with a desk. Complete with a private bathroom fitted with a shower and free toiletries, all rooms at Dye House have a flat-screen TV and air conditioning, and some rooms are fitted with a patio. At the accommodation the rooms have bed linen and towels.

Providence College is 4.5 km from Dye House, while Pawtuxet Village is 8.4 km from the property. The nearest airport is T.F. Green Airport, 12 km from the hotel. Please inform Dye House in advance of your expected arrival time. You can use the Special Requests box when booking, or contact the property directly with the contact details provided in your confirmation.
In response to Coronavirus (COVID-19), additional safety and sanitation measures are in effect at this property.
When travelling with pets, please note that an extra charge of USD 50 per pet, per stay applies. Please note that the property can only allow pets with a maximum weight of 50 pounds.",food can be delivered to guest accommodation staff follow all safety protocols as directed by local authorities hand sanitizer in guest accommodation and key areas first aid kit available contactless check-in/check-out cashless payment available physical distancing rules followed property is cleaned by professional cleaning companies all plates  cutlery  glasses and other tableware have been sanitized delivered food is securely covered face masks for guests available Parking Pets allowed Non-smoking rooms Free parking internet services Heating wifi Free WiFi Non-smoking throughout Air conditioning parking on site Private parking Security alarm Smoke alarms CCTV in common areas CCTV outside property Fire extinguishers use of cleaning chemicals that are effective against coronavirus linens  towels and laundry washed in accordance with local authority guidelines guest accommodation is disinfected between stays,,46 Dike Street ProvidenceRhode Island 02909 ,02909,6072266698,https://www.booking.com/hotel/us/dye-house-lofts.html
Rhode Island,,41.828465,-71.421808,Global Luxury Suites next to Providence Place Shopping Mall,4.0,"<p>HeadLine : Near Providence Place Mall</p><p>Location : With a stay at Global Luxury Suites at Providence Place in Providence (Smith Hill), you ll be within a 5-minute drive of Brown University and Providence Place Mall.  This 4-star apartment is 6.7 mi (10.8 km) from Twin River Casino and 0.9 mi (1.4 km) from Rhode Island Convention Center.</p><p>Rooms : Make yourself at home in one of the 2 air-conditioned rooms featuring kitchens with full-sized refrigerators/freezers and stovetops. Flat-screen televisions with cable programming provide entertainment, while complimentary wireless Internet access keeps you connected. Conveniences include desks and microwaves.</p><p>CheckIn Instructions : Extra-person charges may apply and vary depending on property policy. <br />Government-issued photo identification and a credit card, debit card, or cash deposit are required at check-in for incidental charges. <br />Special requests are subject to availability upon check-in and may incur additional charges. Special requests cannot be guaranteed. <ul> Guests must contact this property in advance to reserve onsite parking.  Please note that cultural norms and guest policies may differ by country and by property. The policies listed are provided by the property. </ul> A mandatory cleaning fee is included in the final price displayed.</p>",Barbecue grill(s) Terrace Concierge services Laundry facilities Business center Parking (limited spaces) One meeting room Free self parking Free WiFi Health club Smoke-free property Outdoor seasonal pool,Distances are displayed to the nearest 0.1 mile and kilometer. <br /> <p>Veterans Memorial Auditorium (The VETS) - 0.7 km / 0.4 mi <br /> Rhode Island State Capitol Building - 0.9 km / 0.6 mi <br /> Waterplace Park - 1 km / 0.6 mi <br /> Providence Place Mall - 1 km / 0.6 mi <br /> DePasquale Plaza - 1.2 km / 0.7 mi <br /> Bank of America Tower - 1.3 km / 0.8 mi <br /> Old State House - 1.3 km / 0.8 mi <br /> Alex and Ani City Center - 1.3 km / 0.8 mi <br /> Kennedy Plaza - 1.3 km / 0.8 mi <br /> Providence City Hall - 1.4 km / 0.8 mi <br /> First Baptist Church of America - 1.4 km / 0.8 mi <br /> Providence Art Club - 1.4 km / 0.9 mi <br /> Westminster Arcade - 1.4 km / 0.9 mi <br /> Roger Williams National Memorial - 1.5 km / 0.9 mi <br /> Lupo s Heartbreak Hotel - 1.5 km / 0.9 mi <br /> </p><p>The nearest airports are:<br />Providence  RI (PVD-T.F. Green) - 16.3 km / 10.1 mi<br /> Pawtucket  RI (SFZ-North Central State) - 14.4 km / 8.9 mi<br /> North Kingstown  RI (NCO-Quonset State) - 35.8 km / 22.2 mi<br /> Newport  RI (NPT-Newport State) - 45.8 km / 28.5 mi<br /> New Bedford  MA (EWB-New Bedford Regional) - 50.5 km / 31.4 mi<br /> </p><p></p>,903 Providence Place Providence Ri 02903 ProvidenceRhode Island 02903 ,02903,8443727411,http://www.globalluxurysuites.com/accommodation/rhode-island/providence-rhode-island/global-luxury-suites-next-to-providence-place-shopping-mall/
Rhode Island,,41.843562,-71.412138,WoodSpring Suites Providence,2.0,"<p>HeadLine : Near Brown University</p><p>Location : With a stay at Extended Stay America Suites - Providence, you ll be centrally located in Providence, a 4-minute drive from Brown University and 10 minutes from Roger Williams Park Zoo.  This hotel is 1.3 mi (2.1 km) from Providence College and 1.7 mi (2.8 km) from Rhode Island Convention Center.</p><p>Rooms : Make yourself at home in one of the 121 guestrooms, featuring kitchens with full-sized refrigerators/freezers and stovetops. 34-inch flat-screen televisions with cable programming provide entertainment, while complimentary wireless Internet access keeps you connected. Conveniences include phones, as well as desks and separate sitting areas.</p><p>Dining : A complimentary on-the-go breakfast is served daily from 6:00 AM to 9:30 AM.</p><p>CheckIn Instructions : <ul>  <li>Extra-person charges may apply and vary depending on property policy</li><li>Government-issued photo identification and a credit card may be required at check-in for incidental charges</li><li>Special requests are subject to availability upon check-in and may incur additional charges; special requests cannot be guaranteed</li><li>The name on the credit card used at check-in to pay for incidentals must be the primary name on the guestroom reservation</li><li>This property accepts credit cards and debit cards; cash is not accepted</li><li>This property reserves the right to pre-authorize the guest s credit card prior to arrival.</li><li>Onsite parties or group events are strictly prohibited</li><li>Long-term renters welcome</li><li>Noise-free guestrooms cannot be guaranteed</li><li>Safety features at this property include a smoke detector and window guards</li>  </ul></p><p>Special Instructions : Front desk staff will greet guests on arrival.</p>",Parking (limited spaces) Swimming nearby Sailing nearby Scuba diving nearby Free WiFi Braille or raised signage Assistive listening devices available In-room accessibility (in select rooms) Bicycle rentals nearby Wheelchair accessible parking Roll-in shower (in select rooms) Accessible bathroom (in select rooms) Sledding nearby Snow Tubing Nearby Free breakfast Horse riding nearby Visual alarms in hallways Handrails in stairways Ice skating nearby Marina nearby Daily Coffee/tea in common areas Laundry facilities elevator Snowshoeing Nearby Motor boating nearby Uncovered parking Casino nearby Wheelchair accessible (may have limitations) Fishing nearby Vending machine Wheelchair-accessible van parking Wheelchair-accessible path to elevator Wheelchair-accessible registration desk Skydiving Nearby Wheelchair-accessible public washroom Well-lit path to entrance Stair-free path to entrance Rock climbing nearby Free breakfast to go Express check-out Coin laundry on site 24-hour front desk Scooter/moped rentals nearby Housekeeping on request Snorkeling nearby Smoke-free property Hiking/biking trails nearby Kayaking nearby Free self parking Wheelchair accessible path of travel,Distances are displayed to the nearest 0.1 mile and kilometer. <br /> <p>Benefit Street - 1.3 km / 0.8 mi <br /> Johnson and Wales University - 1.8 km / 1.1 mi <br /> Thayer Street - 2 km / 1.3 mi <br /> First Baptist Church of America - 2 km / 1.3 mi <br /> Rhode Island State Capitol Building - 2 km / 1.3 mi <br /> Providence Art Club - 2.1 km / 1.3 mi <br /> Prospect Terrace Park - 2.1 km / 1.3 mi <br /> Providence Place Mall - 2.1 km / 1.3 mi <br /> Waterplace Park - 2.1 km / 1.3 mi <br /> Providence River - 2.1 km / 1.3 mi <br /> Rhode Island School of Design Museum of Art - 2.2 km / 1.4 mi <br /> Veterans Memorial Auditorium - 2.2 km / 1.4 mi <br /> Providence College - 2.2 km / 1.4 mi <br /> Rhode Island School of Design - 2.4 km / 1.5 mi <br /> Memorial Park - 2.4 km / 1.5 mi <br /> </p><p>The nearest airports are:<br />T.F. Green Airport (PVD) - 18.3 km / 11.4 mi<br /> Pawtucket  RI (SFZ-North Central State) - 13 km / 8.1 mi<br /> Newport  RI (NPT-Newport State) - 46.5 km / 28.9 mi<br /> North Kingstown  RI (NCO-Quonset State) - 37.5 km / 23.3 mi<br /> New Bedford  MA (EWB-New Bedford Regional) - 51.2 km / 31.8 mi<br /> </p><p>The preferred airport for Extended Stay America Suites - Providence is T.F. Green Airport (PVD). </p>,181 Corliss Street ProvidenceRhode Island 02904 ,02904,4015199691,https://www.woodspring.com/extended-stay-hotels/lo
Rhode Island,,41.72633,-71.44361,Hyatt Place Warwick Providence Airport,3.0,"<p>HeadLine : Near Lincoln Park Cemetery</p><p>Location : When you stay at Hyatt Place Warwick / Providence Airport in Warwick, you ll be near the airport, within a 15-minute drive of Roger Williams Park Zoo and Brown University.  This hotel is 7.6 mi (12.3 km) from Providence Performing Arts Center and 8.2 mi (13.2 km) from Rhode Island Convention Center.</p><p>Rooms : Make yourself at home in one of the 125 guestrooms featuring refrigerators and flat-screen televisions. Your bed comes with premium bedding, and all rooms are furnished with sofa beds. Complimentary wireless Internet access is available to keep you connected. Private bathrooms have hair dryers and toothbrushes and toothpaste.</p><p>Dining : Enjoy a meal at the restaurant, or stay in and take advantage of the hotel s room service (during limited hours). Wrap up your day with a drink at the bar/lounge. A complimentary buffet breakfast is included.</p><p>CheckIn Instructions : <ul>  <li>Extra-person charges may apply and vary depending on property policy</li><li>Government-issued photo identification and a credit card, debit card, or cash deposit may be required at check-in for incidental charges</li><li>Special requests are subject to availability upon check-in and may incur additional charges; special requests cannot be guaranteed</li><li>This property accepts credit cards; cash is not accepted</li><li>Please note that cultural norms and guest policies may differ by country and by property; the policies listed are provided by the property</li>  </ul> <ul>  <li>It is Hyatts practice to enter any occupied guestroom at a minimum of once within a 24-hour period, even if a guest has requested privacy.  Appropriate efforts are made to provide advance notice to the registered guest before entering an occupied guestroom.</li>  </ul></p><p>Special Instructions : It is Hyatt s practice to enter any occupied guestroom at a minimum of once within a 24-hour period, even if a guest has requested privacy. Appropriate efforts are made to provide advance notice to the registered guest before entering an occupied guestroom.Front desk staff will greet guests on arrival.</p>",Number of indoor pools - 1 Garden In-room accessibility (in select rooms) Wheelchair accessible parking Wedding services Accessible bathroom (in select rooms) RV  bus  truck parking Free airport transportation - pickup 24-hour fitness facilities Free Buffet Breakfast Off-street parking Luggage storage Free breakfast Express check-out Business center Dry cleaning/laundry service Wheelchair accessible (may have limitations) Express check-in Number of meeting rooms - 3 Swimming pool Free WiFi Number of bars/lounges - 1 24-hour front desk Smoke-free property Laundry facilities elevator Free self parking Fitness facilities Conference space Conference space size (feet) - 1810 Concierge services 24-hour business center,Distances are displayed to the nearest 0.1 mile and kilometer. <br /> <p>Lincoln Park Cemetery - 2.4 km / 1.5 mi <br /> Warwick City Hall - 3.6 km / 2.2 mi <br /> Miracle Mile of Shopping - 3.7 km / 2.3 mi <br /> Warwick Mall - 4.4 km / 2.7 mi <br /> Warwick Pond - 4.6 km / 2.8 mi <br /> Warwick City Park - 4.8 km / 3 mi <br /> Warwick Public Library - 6.1 km / 3.8 mi <br /> Garden City Center - 6.5 km / 4.1 mi <br /> Pawtuxet Park - 6.9 km / 4.3 mi <br /> Roger Williams Park Zoo - 7.4 km / 4.6 mi <br /> Providence River - 7.8 km / 4.8 mi <br /> Roger Williams Park Carousel Village - 7.9 km / 4.9 mi <br /> Launch Trampoline Park - 7.9 km / 4.9 mi <br /> Mulligan s Island Golf and Entertainment - 8 km / 5 mi <br /> Oakland Beach - 8.1 km / 5.1 mi <br /> </p><p>The nearest airports are:<br />T.F. Green Airport (PVD) - 2.1 km / 1.3 mi<br /> Newport  RI (NPT-Newport State) - 47.8 km / 29.7 mi<br /> North Kingstown  RI (NCO-Quonset State) - 23.6 km / 14.6 mi<br /> Pawtucket  RI (SFZ-North Central State) - 26.6 km / 16.5 mi<br /> New Bedford  MA (EWB-New Bedford Regional) - 58.8 km / 36.6 mi<br /> </p><p>The preferred airport for Hyatt Place Warwick / Providence Airport is T.F. Green Airport (PVD). </p>,800 Jefferson Blvd Warwick 2886 Usa WarwickRhode Island 02886 ,02886,4017388700,https://warwickprovidenceairport.place.hyatt.com/e
Rhode Island,,41.83518,-71.42456,Providence Hostel & Guest House,1.0,"<p>HeadLine : In Providence (Smith Hill)</p><p>Location : With a stay at Providence Hostel and Guesthouse in Providence (Smith Hill), you ll be a 3-minute drive from Brown University and 8 minutes from Roger Williams Park Zoo.  This hostel is 0.7 mi (1.2 km) from WaterFire Arts Center and 0.7 mi (1.2 km) from Providence College.</p><p>Rooms : Make yourself at home in one of the 6 air-conditioned rooms featuring refrigerators and microwaves. Prepare your meals in the shared/communal kitchen. Complimentary wireless Internet access is available to keep you connected. Bathrooms with showers are provided.</p><p>CheckIn Instructions : <ul>  <li>Extra-person charges may apply and vary depending on property policy</li><li>Government-issued photo identification and a credit card, debit card, or cash deposit may be required at check-in for incidental charges</li><li>Special requests are subject to availability upon check-in and may incur additional charges; special requests cannot be guaranteed</li><li>The name on the credit card used at check-in to pay for incidentals must be the primary name on the guestroom reservation</li><li>This property accepts credit cards and cash</li><li>Safety features at this property include a first aid kit</li>  </ul></p><p>Special Instructions : There is no front desk at this property. To make arrangements for check-in please contact the property at least 48 hours before arrival using the information on the booking confirmation. If you are planning to arrive after 9:00 PM please contact the property in advance using the information on the booking confirmation. Guests must contact the property for check-in instructions.</p>",Self parking (surcharge) Offsite parking reservations required Smoke-free property Free WiFi,Distances are displayed to the nearest 0.1 mile and kilometer. <br /> <p>Providence College - 1 km / 0.6 mi <br /> Veterans Memorial Auditorium - 1 km / 0.6 mi <br /> Providence Place Mall - 1.1 km / 0.7 mi <br /> Rhode Island State Capitol Building - 1.1 km / 0.7 mi <br /> WaterFire Arts Center - 1.2 km / 0.7 mi <br /> Waterplace Park - 1.5 km / 0.9 mi <br /> Benefit Street - 1.5 km / 1 mi <br /> Johnson and Wales University - 1.6 km / 1 mi <br /> Providence River - 1.8 km / 1.1 mi <br /> Prospect Terrace Park - 1.8 km / 1.1 mi <br /> Rhode Island Convention Center - 1.9 km / 1.1 mi <br /> First Baptist Church of America - 1.9 km / 1.2 mi <br /> Providence Art Club - 1.9 km / 1.2 mi <br /> DePasquale Plaza - 1.9 km / 1.2 mi <br /> Providence City Hall - 1.9 km / 1.2 mi <br /> </p><p>The nearest airports are:<br />T.F. Green Airport (PVD) - 17 km / 10.6 mi<br /> Pawtucket  RI (SFZ-North Central State) - 13.5 km / 8.4 mi<br /> Newport  RI (NPT-Newport State) - 46.3 km / 28.7 mi<br /> North Kingstown  RI (NCO-Quonset State) - 36.5 km / 22.7 mi<br /> New Bedford  MA (EWB-New Bedford Regional) - 50.9 km / 31.6 mi<br /> </p><p></p>,62 Nolan Street ProvidenceRhode Island 02908 ,02908,4012168807,http://www.providencehostel.com/
Rhode Island,,41.84946,-71.35419,Rumford Motor Inn,2.0,"This Rhode Island motel, located 4 miles from Brown University, features rooms with free Wi-Fi and cable TV with HBO. Americas Best Value Inn Providence offers a 24-hour front desk.

Guest rooms are furnished with seating areas and desks. They also provide microwaves, refrigerators and hairdryers.

The pet friendly Americas Best Value Inn - Providence/Rumford offers guests vending machines.

Providence Americas Best Value Inn is within walking distance of Wannamoisett Country Club. The motel is 3 miles from Slater Mill Museum and 7 miles from Crescent Amusement Park. Guests are required to show a photo identification and credit card upon check-in. Please note that all Special Requests are subject to availability and additional charges may apply.
Please inform Rumford Motor Inn in advance of your expected arrival time. You can use the Special Requests box when booking, or contact the property directly with the contact details provided in your confirmation.
Upon check-in photo identification is required. All special requests are subject to availability upon check-in. Special requests cannot be guaranteed and may incur additional charges.",physical distancing rules followed screens or physical barriers placed between staff and guests in appropriate areas property is cleaned by professional cleaning companies guests have the option to cancel any cleaning services for their accommodation during their stay Parking Pets allowed 24-hour front desk Golf course (within 3 km) Non-smoking rooms Facilities for disabled guests Free parking internet services Soundproof rooms Heating Fax/photocopying wifi Free WiFi Air conditioning vending machine (drinks) vending machine (snacks) parking on site secured parking Accessible parking Smoke alarms Fire extinguishers use of cleaning chemicals that are effective against coronavirus linens  towels and laundry washed in accordance with local authority guidelines guest accommodation is disinfected between stays guest accommodation sealed after cleaning staff follow all safety protocols as directed by local authorities shared stationery such as printed menus  magazines  pens  and paper removed hand sanitizer in guest accommodation and key areas first aid kit available contactless check-in/check-out cashless payment available,,400 Newport Avenue RumfordRhode Island  02916 ,02916,4014348000,https://www.booking.com/hotel/us/americas-best-value-inn-providence-rumford.html
Rhode Island,,41.92327,-71.50883,SureStay Plus Hotel by Best Western Smithfield (Ex. All Seasons Inn & Suites),2.0,"<p>HeadLine : Near Bryant University</p><p>Location : With a stay at SureStay Plus Hotel by Best Western Smithfield in Smithfield, you ll be in the business district, within a 15-minute drive of Brown University and Bryant University.  This hotel is 14.8 mi (23.8 km) from Roger Williams Park Zoo and 6.4 mi (10.3 km) from Twin River Casino.</p><p>Rooms : Stay in one of 108 guestrooms featuring flat-screen televisions. Complimentary wireless Internet access keeps you connected, and cable programming is available for your entertainment. Private bathrooms with shower/tub combinations feature deep soaking bathtubs and complimentary toiletries. Conveniences include safes and desks, and housekeeping is provided daily.</p><p>Dining : A complimentary breakfast is included.</p><p>CheckIn Instructions : <ul>  <li>Extra-person charges may apply and vary depending on property policy</li><li>Government-issued photo identification and a credit card, debit card, or cash deposit may be required at check-in for incidental charges</li><li>Special requests are subject to availability upon check-in and may incur additional charges; special requests cannot be guaranteed</li><li>The name on the credit card used at check-in to pay for incidentals must be the primary name on the guestroom reservation</li><li>This property accepts credit cards; cash is not accepted</li><li>Please note that cultural norms and guest policies may differ by country and by property; the policies listed are provided by the property</li>  </ul></p><p>Special Instructions : To make arrangements for check-in please contact the property at least 24 hours before arrival using the information on the booking confirmation. If you are planning to arrive after 4 PM please contact the property in advance using the information on the booking confirmation. Guests planning to arrive outside of normal check-in hours must contact the property in advance for check-in instructions. Front desk staff will greet guests on arrival.</p>",Uncovered parking Wheelchair accessible (may have limitations) Express check-in Wheelchair-accessible van parking Dog exercise area Number of meeting rooms - 1 Swimming pool Wheelchair-accessible registration desk Pool hoist on site Sailing nearby Free WiFi Wheelchair-accessible pool Braille or raised signage Well-lit path to entrance Upper floors accessible by stairs only Garden Bicycle rentals nearby Wheelchair accessible parking Stair-free path to entrance Free newspapers in lobby Roll-in shower (in select rooms) Accessible bathroom (in select rooms) Free breakfast Visual alarms in hallways Business center Handrails in stairways 24-hour front desk Playground on site Barbecue grill(s) Golfing nearby Outdoor seasonal pool Safe-deposit box at front desk Smoke-free property Coffee/tea in common areas Laundry facilities Use of nearby fitness center (discount) Free self parking Fitness facilities,Distances are displayed to the nearest 0.1 mile and kilometer. <br /> <p>Bryant University - 2.4 km / 1.5 mi <br /> Mowry Conservation Area - 4.8 km / 3 mi <br /> Blackstone River Bikeway - 7.2 km / 4.5 mi <br /> Powder Mill Ledges Wildlife Refuge - 8.3 km / 5.1 mi <br /> Rustic Drive-in Theatre - 8.4 km / 5.2 mi <br /> Lincoln Woods State Park - 8.5 km / 5.3 mi <br /> Twin Rivers Beach East - 8.9 km / 5.5 mi <br /> Twin River Casino - 10.3 km / 6.4 mi <br /> Frank Moody State Beach - 10.9 km / 6.8 mi <br /> Wide World of Indoor Sports - 11 km / 6.8 mi <br /> Blackstone River Theatre - 11 km / 6.8 mi <br /> Our Lady of Fatima Hospital - 11.2 km / 6.9 mi <br /> Providence College - 12 km / 7.5 mi <br /> Stage Right Studio for Arts & Wellness - 12.2 km / 7.6 mi <br /> Hartley s Pork Pies - 12.9 km / 8 mi <br /> </p><p>The nearest airports are:<br />T.F. Green Airport (PVD) - 29.2 km / 18.1 mi<br /> Pawtucket  RI (SFZ-North Central State) - 4.9 km / 3.1 mi<br /> Newport  RI (NPT-Newport State) - 69.2 km / 43 mi<br /> North Kingstown  RI (NCO-Quonset State) - 45.2 km / 28.1 mi<br /> Worcester  MA (ORH-Worcester Regional) - 58.7 km / 36.5 mi<br /> </p><p>The preferred airport for SureStay Plus Hotel by Best Western Smithfield is T.F. Green Airport (PVD). </p>,355 George Washington Hwy SmithfieldRhode Island 02917 ,02917,4012322400,http://www.allseasoninn.com
Rhode Island,,41.914883,-71.51597,Hampton Inn & Suites Providence Smithfield,3.0,"<p>HeadLine : Near Bryant University</p><p>Location : Located in Smithfield, Hampton Inn & Suites Providence/Smithfield is within a 15-minute drive of Twin River Casino and Providence College.  This hotel is 8 mi (12.9 km) from WaterFire Arts Center and 8.3 mi (13.4 km) from Providence Place Mall.</p><p>Rooms : Make yourself at home in one of the 101 guestrooms featuring refrigerators and LCD televisions. Complimentary wired and wireless Internet access keeps you connected, and cable programming provides entertainment. Private bathrooms with shower/tub combinations feature complimentary toiletries and hair dryers. Conveniences include safes and desks, and housekeeping is provided daily.</p><p>Dining : A complimentary on-the-go breakfast is served daily from 6:00 AM to 9:00 AM.</p><p>CheckIn Instructions : <ul>  <li>Extra-person charges may apply and vary depending on property policy</li><li>Government-issued photo identification and a credit card, debit card, or cash deposit may be required at check-in for incidental charges</li><li>Special requests are subject to availability upon check-in and may incur additional charges; special requests cannot be guaranteed</li><li>This property accepts credit cards, debit cards, and cash</li>  </ul></p><p>Special Instructions : Front desk staff will greet guests on arrival.</p>",Dry cleaning/laundry service Wheelchair-accessible concierge desk Wheelchair-accessible van parking Number of meeting rooms - 1 Wheelchair-accessible path to elevator Wheelchair-accessible registration desk Wheelchair-accessible fitness center Free WiFi Wheelchair-accessible pool Braille or raised signage Well-lit path to entrance Assistive listening devices available Number of indoor pools - 1 In-room accessibility (in select rooms) Wheelchair accessible parking Stair-free path to entrance Free newspapers in lobby Roll-in shower (in select rooms) Accessible bathroom (in select rooms) Free breakfast to go Luggage storage Free breakfast Business center 24-hour front desk Daily Wheelchair-accessible meeting spaces/business center Smoke-free property Coffee/tea in common areas Laundry facilities elevator Free self parking Fitness facilities ATM/banking Wheelchair accessible path of travel,Distances are displayed to the nearest 0.1 mile and kilometer. <br /> <p>Bryant University - 2.9 km / 1.8 mi <br /> Mowry Conservation Area - 4.3 km / 2.7 mi <br /> Powder Mill Ledges Wildlife Refuge - 6.9 km / 4.3 mi <br /> Twin Rivers Beach East - 7.5 km / 4.6 mi <br /> Twin River Casino - 8.6 km / 5.4 mi <br /> Blackstone River Bikeway - 9 km / 5.6 mi <br /> Sunset Stables - 9.2 km / 5.7 mi <br /> Our Lady of Fatima Hospital - 9.7 km / 6.1 mi <br /> Lincoln Woods State Park - 10.2 km / 6.4 mi <br /> Frank Moody State Beach - 10.4 km / 6.4 mi <br /> Wide World of Indoor Sports - 10.5 km / 6.5 mi <br /> Providence College - 10.6 km / 6.6 mi <br /> Rustic Drive-in Theatre - 10.7 km / 6.7 mi <br /> Stage Right Studio for Arts & Wellness - 11.7 km / 7.3 mi <br /> Woonsocket City Hall - 12.2 km / 7.6 mi <br /> </p><p>The nearest airports are:<br />T.F. Green Airport (PVD) - 28.3 km / 17.6 mi<br /> Pawtucket  RI (SFZ-North Central State) - 6.7 km / 4.2 mi<br /> Newport  RI (NPT-Newport State) - 67.8 km / 42.1 mi<br /> North Kingstown  RI (NCO-Quonset State) - 44 km / 27.4 mi<br /> Norwood  MA (OWD-Norwood Memorial) - 53.6 km / 33.3 mi<br /> </p><p>The preferred airport for Hampton Inn & Suites Providence/Smithfield is T.F. Green Airport (PVD). </p>,945 Douglas Pike SmithfieldRhode Island 02917 ,02917,4012329200,http://hamptoninn3.hilton.com/en/hotels/rhode-island/hampton-inn-and-suites-providence-smithfield-PVDSFHX/index.html
Rhode Island,,41.918667,-71.52216,Holiday Inn Express and Suites,2.0,"<p>HeadLine : Near Bryant University</p><p>Location : With a stay at Holiday Inn Express and Suites, an IHG Hotel in Smithfield, you ll be within a 15-minute drive of Brown University and Bryant University.  This hotel is 14.9 mi (24 km) from Roger Williams Park Zoo and 5.6 mi (9.1 km) from Twin River Casino.</p><p>Rooms : Make yourself at home in one of the 84 guestrooms featuring refrigerators and flat-screen televisions. Complimentary wired and wireless Internet access keeps you connected, and premium TV channels provides entertainment. Bathrooms have shower/tub combinations and hair dryers. Conveniences include safes and desks, as well as phones with free local calls.</p><p>Dining : Satisfy your appetite at the hotel s coffee shop/cafe. A complimentary buffet breakfast is included.</p><p>CheckIn Instructions : <ul>  <li>Extra-person charges may apply and vary depending on property policy</li><li>Government-issued photo identification and a credit card, debit card, or cash deposit may be required at check-in for incidental charges</li><li>Special requests are subject to availability upon check-in and may incur additional charges; special requests cannot be guaranteed</li><li>This property accepts credit cards; cash is not accepted</li><li>Safety features at this property include a carbon monoxide detector, a fire extinguisher, a smoke detector, and window guards</li>  </ul></p><p>Special Instructions : Front desk staff will greet guests on arrival.</p>",Dry cleaning/laundry service Wheelchair accessible (may have limitations) Express check-in Wheelchair-accessible van parking Meeting rooms Free wired Internet Wheelchair-accessible registration desk Wheelchair-accessible fitness center Free WiFi Wheelchair-accessible pool Wheelchair-accessible public washroom Braille or raised signage Assistive listening devices available Number of indoor pools - 1 In-room accessibility (in select rooms) Free newspapers in lobby Roll-in shower (in select rooms) Accessible bathroom (in select rooms) Free Buffet Breakfast Luggage storage Free breakfast Multilingual staff Business center 24-hour front desk Wheelchair-accessible meeting spaces/business center Safe-deposit box at front desk Smoke-free property Coffee/tea in common areas Number of coffee shops/cafes - 1 Laundry facilities elevator Free self parking Fitness facilities Wheelchair accessible path of travel,Distances are displayed to the nearest 0.1 mile and kilometer. <br /> <p>Bryant University - 1.9 km / 1.2 mi <br /> Mowry Conservation Area - 3.5 km / 2.2 mi <br /> Powder Mill Ledges Wildlife Refuge - 7.3 km / 4.5 mi <br /> Twin Rivers Beach East - 7.9 km / 4.9 mi <br /> Blackstone River Bikeway - 8.6 km / 5.3 mi <br /> Twin River Casino - 9.1 km / 5.6 mi <br /> Wide World of Indoor Sports - 9.6 km / 6 mi <br /> Lincoln Woods State Park - 9.8 km / 6.1 mi <br /> Our Lady of Fatima Hospital - 10.2 km / 6.3 mi <br /> Stage Right Studio for Arts & Wellness - 10.9 km / 6.8 mi <br /> Providence College - 11 km / 6.9 mi <br /> Sunset Stables - 11.1 km / 6.9 mi <br /> Rustic Drive-in Theatre - 11.2 km / 7 mi <br /> Flea Market Square - 11.2 km / 7 mi <br /> Woonsocket City Hall - 11.3 km / 7 mi <br /> </p><p>The nearest airports are:<br />Logan International Airport (BOS) - 87.2 km / 54.2 mi<br /> Pawtucket  RI (SFZ-North Central State) - 6.3 km / 3.9 mi<br /> T.F. Green Airport (PVD) - 28.8 km / 17.9 mi<br /> North Kingstown  RI (NCO-Quonset State) - 44.5 km / 27.6 mi<br /> Norwood  MA (OWD-Norwood Memorial) - 54.1 km / 33.6 mi<br /> </p><p>The preferred airport for Holiday Inn Express and Suites  an IHG Hotel is Logan International Airport (BOS). </p>,1010 Douglas Pike SmithfieldRhode Island 02917 ,02917,4012316300,http://www.ihg.com/holidayinnexpress/hotels/us/en/smithfield/pvddp/hoteldetail
Rhode Island,,41.453346,-71.47028,Hampton Inn South Kingstown Newport Area,2.0,"<p>HeadLine : In South Kingstown (Wakefield-Peacedale)</p><p>Location : Located in South Kingstown (Wakefield-Peacedale), Hampton Inn South Kingstown - Newport Area is within a 10-minute drive of Narragansett Beach and University of Rhode Island.  This hotel is 7.2 mi (11.6 km) from Block Island Ferry and 7.3 mi (11.8 km) from Point Judith Lighthouse.</p><p>Rooms : Make yourself at home in one of the 100 guestrooms featuring refrigerators and LCD televisions. Wireless Internet access (surcharge) keeps you connected, and cable programming is available for your entertainment. Private bathrooms have hair dryers and toothbrushes and toothpaste. Conveniences include safes and complimentary newspapers, as well as phones with free local calls.</p><p>Dining : Grab a bite from the grocery/convenience store serving guests of Hampton Inn South Kingstown - Newport Area. Wrap up your day with a drink at the bar/lounge. A complimentary buffet breakfast is served daily from 6:00 AM to 10:00 AM.</p><p>CheckIn Instructions : <ul>  <li>Extra-person charges may apply and vary depending on property policy</li><li>Government-issued photo identification and a credit card, debit card, or cash deposit may be required at check-in for incidental charges</li><li>Special requests are subject to availability upon check-in and may incur additional charges; special requests cannot be guaranteed</li><li>This property accepts major credit cards, debit cards, and cash</li>  </ul></p><p>Special Instructions : Front desk staff will greet guests on arrival.</p>",Gift shops or newsstand Dry cleaning/laundry service Wheelchair accessible Wheelchair-accessible concierge desk Outdoor furniture Wheelchair-accessible van parking Number of meeting rooms - 1 Wheelchair-accessible path to elevator Conference space size (meters) - 153 Swimming pool Wheelchair-accessible registration desk Wheelchair-accessible fitness center Free WiFi Wheelchair-accessible pool Number of bars/lounges - 1 Well-lit path to entrance Assistive listening devices available Number of indoor pools - 1 In-room accessibility (in select rooms) Wheelchair accessible parking Stair-free path to entrance Free newspapers in lobby Roll-in shower (in select rooms) Accessible bathroom (in select rooms) Free Buffet Breakfast Luggage storage Free breakfast Express check-out Grocery/convenience store Business center 24-hour front desk Water dispenser Daily Wheelchair-accessible meeting spaces/business center Safe-deposit box at front desk Smoke-free property Coffee/tea in common areas Laundry facilities elevator Free self parking Fitness facilities Conference space Computer station Terrace Wheelchair accessible path of travel Conference space size (feet) - 1701 24-hour business center,Distances are displayed to the nearest 0.1 mile and kilometer. <br /> <p>John H. Chafee National Wildlife Refuge - 1.2 km / 0.8 mi <br /> Narragansett Indian Monument - 4.4 km / 2.8 mi <br /> Adventureland - 4.8 km / 3 mi <br /> South County Hospital - 5 km / 3.1 mi <br /> Narragansett Beach - 5.2 km / 3.2 mi <br /> The Towers - 5.3 km / 3.3 mi <br /> North Beach Club House - 5.5 km / 3.4 mi <br /> Point Judith Country Club - 6.4 km / 4 mi <br /> Bonnet Shores Beach - 7 km / 4.3 mi <br /> Black Point Fishing Area - 8.3 km / 5.2 mi <br /> Scarborough Beach - 8.6 km / 5.3 mi <br /> Warzone Paintball & Airsoft Park - 9.5 km / 5.9 mi <br /> University of Rhode Island - 9.5 km / 5.9 mi <br /> Fishermen s Memorial State Park Campground - 9.6 km / 6 mi <br /> Gilbert Stuart Birthplace and Museum - 9.8 km / 6.1 mi <br /> </p><p>The nearest airports are:<br />Logan International Airport (BOS) - 129.4 km / 80.4 mi<br /> T.F. Green Airport (PVD) - 35.4 km / 22 mi<br /> Newport  RI (NPT-Newport State) - 28.8 km / 17.9 mi<br /> North Kingstown  RI (NCO-Quonset State) - 21.8 km / 13.6 mi<br /> Westerly  RI (WST-Westerly State) - 35.9 km / 22.3 mi<br /> </p><p>The preferred airport for Hampton Inn South Kingstown - Newport Area is Logan International Airport (BOS). </p>,20 Hotel Drive South KingstownRhode Island 02879 ,02879,4017883500,http://hamptoninn3.hilton.com/en/hotels/rhode-island/hampton-inn-south-kingstown-newport-area-NPTSKHX/index.html
Rhode Island,,41.496033,-71.457748,Holiday Inn South Kingstown,3.0,"<p>HeadLine : Near Gilbert Stuart Birthplace and Museum</p><p>Location : Located in Saunderstown, Holiday Inn South Kingstown (Newport Area), an IHG Hotel is by the ocean, a 5-minute drive from John H. Chafee National Wildlife Refuge and 5 minutes from Gilbert Stuart Birthplace and Museum.  This hotel is 4.6 mi (7.4 km) from University of Rhode Island and 5.8 mi (9.3 km) from Yawgoo Valley Ski Area and Water Park.</p><p>Rooms : Stay in one of 107 guestrooms featuring flat-screen televisions. Cable programming and video-game consoles are provided for your entertainment, while complimentary wireless Internet access keeps you connected. Private bathrooms with shower/tub combinations feature complimentary toiletries and hair dryers. Conveniences include desks and complimentary newspapers, as well as phones with free local calls.</p><p>Dining : Grab a bite to eat at Locanda, a fine-dining restaurant which features a bar/lounge, or stay in and take advantage of the room service (during limited hours). Cooked-to-order breakfasts are available daily from 7 AM to 11 AM for a fee.</p><p>Renovations : The following facilities are closed seasonally each year. They will be closed from March 16 to March 30:<ul><li>Bar/Lounge</li><li>Dining venue(s)</li></ul></p><p>CheckIn Instructions : <ul>  <li>Extra-person charges may apply and vary depending on property policy</li><li>Government-issued photo identification and a credit card, debit card, or cash deposit may be required at check-in for incidental charges</li><li>Special requests are subject to availability upon check-in and may incur additional charges; special requests cannot be guaranteed</li><li>Minimum Spring Break check-in age is 21 years old</li><li>This property accepts credit cards and debit cards; cash is not accepted</li><li>Noise-free guestrooms cannot be guaranteed</li><li>Safety features at this property include a smoke detector and window guards</li><li>Please note that cultural norms and guest policies may differ by country and by property; the policies listed are provided by the property</li>  </ul></p><p>Special Instructions : Front desk staff will greet guests on arrival.  Guests booked in breakfast included rate plans receive breakfast for up to 2 adults who are sharing a guestroom. Breakfast fees apply for additional guests. Guests booked in dinner included rate plans receive dinner for up to 2 adults who are sharing a guestroom. Dinner fees apply for additional guests.</p>",Roll-in shower (in select rooms) Accessible bathroom (in select rooms) Fireplace in lobby Multilingual staff Breakfast available (surcharge) Coffee/tea in common areas Laundry facilities elevator Fitness facilities Casino nearby Ballroom Vending machine Television in common areas Free newspapers in lobby Private picnics Couples/private dining Luggage storage Coin laundry on site 24-hour front desk Golfing nearby Safe-deposit box at front desk Designated smoking areas (fines apply) Hiking/biking trails nearby Dry cleaning/laundry service Proposal/romance packages available Number of meeting rooms - 1 Conference space size (meters) - 181 Free WiFi Number of bars/lounges - 1 Designated smoking areas Braille or raised signage Number of outdoor pools - 1 Assistive listening devices available Water skiing nearby In-room accessibility (in select rooms) Wheelchair accessible parking Surfing/bodyboarding nearby Kayaking nearby Free self parking Conference space Computer station Terrace ATM/banking Wheelchair accessible path of travel Pool sun loungers Conference space size (feet) - 1950 Concierge services 24-hour business center,Distances are displayed to the nearest 0.1 mile and kilometer. <br /> <p>Warzone Paintball & Airsoft Park - 3.9 km / 2.4 mi <br /> Gilbert Stuart Birthplace and Museum - 5 km / 3.1 mi <br /> Bonnet Shores Beach - 5 km / 3.1 mi <br /> John H. Chafee National Wildlife Refuge - 5.6 km / 3.5 mi <br /> University of Rhode Island - 7.4 km / 4.6 mi <br /> Ryan Center - 7.8 km / 4.8 mi <br /> North Beach Club House - 8.1 km / 5 mi <br /> Narragansett Indian Monument - 8.2 km / 5.1 mi <br /> Adventureland - 8.3 km / 5.2 mi <br /> South County Hospital - 8.8 km / 5.4 mi <br /> Yawgoo Valley Ski Area and Water Park - 9.3 km / 5.8 mi <br /> Narragansett Beach - 9.6 km / 5.9 mi <br /> The Towers - 9.6 km / 6 mi <br /> Wickford Harbor - 10.4 km / 6.4 mi <br /> Point Judith Country Club - 10.8 km / 6.7 mi <br /> </p><p>The nearest airports are:<br />T.F. Green Airport (PVD) - 30.8 km / 19.1 mi<br /> Newport  RI (NPT-Newport State) - 24.4 km / 15.2 mi<br /> North Kingstown  RI (NCO-Quonset State) - 17.2 km / 10.7 mi<br /> Westerly  RI (WST-Westerly State) - 40.1 km / 24.9 mi<br /> Block Island  RI (BID-Block Island State) - 43 km / 26.7 mi<br /> </p><p>The preferred airport for Holiday Inn South Kingstown (Newport Area)  an IHG Hotel is T.F. Green Airport (PVD). </p>,3009 Tower Hill Road South KingstownRhode Island 02874 ,02874,4017891051,http://www.ihg.com/holidayinn/hotels/us/en/south-kingstown/sknri/hoteldetail
Rhode Island,,41.48296,-71.52656,Sheppard's Campus B&B,5.0,"Located in Kingston, 47 km from Preston, Sheppards Campus B&B provides a shared lounge and free WiFi.

There is a fully equipped private bathroom with shower and a hairdryer.

An American breakfast is available daily at the bed and breakfast.

Sheppards Campus B&B offers a terrace.

A childrens playground can be found at the accommodation, along with a garden.

Newport is 26 km from Sheppards Campus B&B, while Providence is 48 km away. The nearest airport is T.F. Green Airport, 28 km from the bed and breakfast. Guests are required to show a photo identification and credit card upon check-in. Please note that all Special Requests are subject to availability and additional charges may apply.",shared lounge/TV area Special diet menus (on request) Garden Free WiFi first aid kit available wifi shared stationery such as printed menus  magazines  pens  and paper removed Non-smoking throughout physical distancing in dining areas pool/beach towels Air conditioning Terrace Daily housekeeping invoice provided use of cleaning chemicals that are effective against coronavirus guest accommodation is disinfected between stays On-site parking contactless check-in/check-out hand sanitizer in guest accommodation and key areas Family rooms books  dvds  music for children Golf course (within 3 km) Kid-friendly buffet kids' outdoor play equipment Private check-in/check-out internet services Heating Smoke alarms face masks for guests available Fax/photocopying Children television networks Fire extinguishers Pets allowed Free parking guests have the option to cancel any cleaning services for their accommodation during their stay children's playground Non-smoking rooms all plates  cutlery  glasses and other tableware have been sanitized linens  towels and laundry washed in accordance with local authority guidelines Private parking staff follow all safety protocols as directed by local authorities cashless payment available physical distancing rules followed Sun terrace 24-hour security Parking,,16 Campus Avenue South KingstownRhode Island 02881 ,02881,4017425903,https://www.booking.com/hotel/us/sheppard-39-s-campus-b-amp-b.html
Rhode Island,,41.72491,-71.43976,Hampton Inn & Suites Providence Warwick Airport,3.0,"<p>HeadLine : Near Lincoln Park Cemetery</p><p>Location : Located in Warwick, Hampton Inn & Suites Providence/Warwick-Airport is in the business district, within a 10-minute drive of Roger Williams Park Zoo and Johnson and Wales University.  This hotel is 7.3 mi (11.8 km) from Rhode Island Hospital and 8 mi (13 km) from Providence Performing Arts Center.</p><p>Rooms : Make yourself at home in one of the 173 air-conditioned rooms featuring refrigerators and flat-screen televisions. Wired and wireless Internet access is complimentary, while video-game consoles and cable programming provide entertainment. Private bathrooms with shower/tub combinations feature complimentary toiletries and hair dryers. Conveniences include safes and desks, as well as phones with free local calls.</p><p>Dining : Grab a bite from the snack bar/deli serving guests of Hampton Inn & Suites Providence/Warwick-Airport. Mingle with other guests at the complimentary reception, held on select days. A complimentary continental breakfast is served daily from 6 AM to 10 AM.</p><p>Renovations : The following facilities are closed seasonally each year. They will be closed from March 20 to December 31:<ul><li>Bar/Lounge</li><li>Fitness facilities</li></ul></p><p>CheckIn Instructions : <ul>  <li>Extra-person charges may apply and vary depending on property policy</li><li>Government-issued photo identification and a credit card may be required at check-in for incidental charges</li><li>Special requests are subject to availability upon check-in and may incur additional charges; special requests cannot be guaranteed</li><li>This property accepts credit cards and debit cards; cash is not accepted</li><li>This property reserves the right to pre-authorize the guest s credit card prior to arrival.</li><li>Safety features at this property include a carbon monoxide detector, a fire extinguisher, a smoke detector, a security system, a first aid kit, and window guards</li>  </ul></p><p>Special Instructions : Front desk staff will greet guests on arrival.</p>",Dry cleaning/laundry service Long-term parking (surcharge) Free grocery shopping service Vending machine Wheelchair-accessible van parking Free reception Number of meeting rooms - 1 Wheelchair-accessible path to elevator Free wired Internet Wheelchair-accessible registration desk Television in common areas Wheelchair-accessible fitness center Free WiFi Wheelchair accessible path of travel Wheelchair-accessible pool Braille or raised signage Well-lit path to entrance Assistive listening devices available In-room accessibility (in select rooms) Wheelchair accessible parking Stair-free path to entrance Free newspapers in lobby Roll-in shower (in select rooms) Wedding services Accessible bathroom (in select rooms) Fireplace in lobby Free continental breakfast Luggage storage Free breakfast Express check-out Multilingual staff Business center 24-hour front desk Daily Wheelchair-accessible meeting spaces/business center Golfing nearby Safe-deposit box at front desk Smoke-free property Coffee/tea in common areas Snack bar/deli Laundry facilities elevator Free self parking Fitness facilities Computer station ATM/banking,Distances are displayed to the nearest 0.1 mile and kilometer. <br /> <p>Lincoln Park Cemetery - 1.9 km / 1.2 mi <br /> Miracle Mile of Shopping - 3.5 km / 2.2 mi <br /> Warwick City Hall - 3.6 km / 2.2 mi <br /> Warwick Pond - 4 km / 2.5 mi <br /> Warwick City Park - 4.4 km / 2.8 mi <br /> Warwick Mall - 4.8 km / 3 mi <br /> Warwick Public Library - 5.9 km / 3.7 mi <br /> Pawtuxet Park - 6.4 km / 4 mi <br /> Garden City Center - 7.1 km / 4.4 mi <br /> Providence River - 7.2 km / 4.5 mi <br /> Mulligan s Island Golf and Entertainment - 7.5 km / 4.7 mi <br /> Launch Trampoline Park - 7.6 km / 4.7 mi <br /> Conimicut Point Park - 7.9 km / 4.9 mi <br /> Oakland Beach - 7.9 km / 4.9 mi <br /> Roger Williams Park Zoo - 8 km / 5 mi <br /> </p><p>The nearest airports are:<br />T.F. Green Airport (PVD) - 0.9 km / 0.6 mi<br /> Newport  RI (NPT-Newport State) - 48.1 km / 29.9 mi<br /> North Kingstown  RI (NCO-Quonset State) - 23.8 km / 14.8 mi<br /> Pawtucket  RI (SFZ-North Central State) - 29.6 km / 18.4 mi<br /> New Bedford  MA (EWB-New Bedford Regional) - 59.5 km / 36.9 mi<br /> </p><p></p>,2100 Post Road WarwickRhode Island 02886 ,02886,4017398888,http://hamptoninn3.hilton.com/en/hotels/rhode-island/hampton-inn-and-suites-providence-warwick-airport-WRWHSHX/index.html
Rhode Island,,41.7252,-71.43994,Radisson Hotel Providence Airport,3.0,"<p>HeadLine : Near Lincoln Park Cemetery</p><p>Location : Located in Warwick, Radisson Hotel Providence Airport is within a 15-minute drive of Roger Williams Park Zoo and Johnson and Wales University.  This hotel is 7.3 mi (11.8 km) from Rhode Island Hospital and 8 mi (12.9 km) from Providence Performing Arts Center.</p><p>Rooms : Make yourself at home in one of the 112 air-conditioned rooms featuring flat-screen televisions. Your room comes with a pillowtop bed. Complimentary wired and wireless Internet access keeps you connected, and cable programming provides entertainment. Bathrooms have complimentary toiletries and hair dryers.</p><p>Dining : Grab a bite to eat at Libations Restaurant, a restaurant which features a bar/lounge, or stay in and take advantage of the room service (during limited hours). Full breakfasts are available daily from 6:30 AM to 9:30 AM for a fee.</p><p>Renovations : The following facilities are closed seasonally each year. They will be closed from September 30 to April 1:<ul><li>One of the dining venues</li><li>Bar/Lounge</li></ul></p><p>CheckIn Instructions : <ul>  <li>Extra-person charges may apply and vary depending on property policy</li><li>Government-issued photo identification and a credit card, debit card, or cash deposit may be required at check-in for incidental charges</li><li>Special requests are subject to availability upon check-in and may incur additional charges; special requests cannot be guaranteed</li><li>This property accepts credit cards; cash is not accepted</li><li>Safety features at this property include a carbon monoxide detector, a fire extinguisher, a smoke detector, a security system, a first aid kit, and window guards</li><li>Please note that cultural norms and guest policies may differ by country and by property; the policies listed are provided by the property</li>  </ul></p><p>Special Instructions : This property offers transfers from the airport. Guests must contact the property with arrival details before travel, using the contact information on the booking confirmation. Front desk staff will greet guests on arrival.  Due to COVID-19, this propertys food and beverage options may be limited pursuant to local regulations.</p>",Conference space Wheelchair accessible path of travel Conference space size (feet) - 10000 24-hour business center Free newspapers in lobby Roll-in shower (in select rooms) Wedding services Tours/ticket assistance Accessible bathroom (in select rooms) Fireplace in lobby Area shuttle (surcharge) Free airport transportation Luggage storage Express check-out Porter/bellhop Multilingual staff Business center 24-hour front desk Conference center Breakfast available (surcharge) Golfing nearby Safe-deposit box at front desk Smoke-free property Number of coffee shops/cafes - 1 Laundry facilities elevator Fitness facilities Gift shops or newsstand Dry cleaning/laundry service Banquet hall Number of meeting rooms - 4 Conference space size (meters) - 929 Free wired Internet Free WiFi Number of bars/lounges - 1 Braille or raised signage Assistive listening devices available Garden In-room accessibility (in select rooms) Wheelchair accessible parking,Distances are displayed to the nearest 0.1 mile and kilometer. <br /> <p>Lincoln Park Cemetery - 2.1 km / 1.3 mi <br /> Miracle Mile of Shopping - 3.9 km / 2.4 mi <br /> Warwick City Hall - 4.2 km / 2.6 mi <br /> Warwick Pond - 4.2 km / 2.6 mi <br /> Warwick Mall - 4.8 km / 3 mi <br /> Warwick City Park - 4.9 km / 3.1 mi <br /> Garden City Center - 6 km / 3.7 mi <br /> Warwick Public Library - 6.1 km / 3.8 mi <br /> Pawtuxet Park - 6.4 km / 3.9 mi <br /> Providence River - 7.2 km / 4.5 mi <br /> Launch Trampoline Park - 7.5 km / 4.7 mi <br /> Mulligan s Island Golf and Entertainment - 7.6 km / 4.7 mi <br /> Conimicut Point Park - 7.8 km / 4.9 mi <br /> Roger Williams Park Zoo - 8 km / 5 mi <br /> Oakland Beach - 8.1 km / 5 mi <br /> </p><p>The nearest airports are:<br />T.F. Green Airport (PVD) - 1.1 km / 0.7 mi<br /> Newport  RI (NPT-Newport State) - 46.6 km / 29 mi<br /> North Kingstown  RI (NCO-Quonset State) - 22.9 km / 14.2 mi<br /> Pawtucket  RI (SFZ-North Central State) - 28.5 km / 17.7 mi<br /> New Bedford  MA (EWB-New Bedford Regional) - 59.5 km / 36.9 mi<br /> </p><p>The preferred airport for Radisson Hotel Providence Airport is T.F. Green Airport (PVD). </p>,2081 Post Road WarwickRhode Island 02886 ,02886,4017393000,http://www.radisson.com/warwick-hotel-ri-02886/riproair
Rhode Island,,41.723362,-71.43977,Best Western Airport Inn,2.0,"<p>HeadLine : Near Warwick Pond</p><p>Location : When you stay at Best Western Airport Inn in Warwick, you ll be near the airport, within a 15-minute drive of Roger Williams Park Zoo and Brown University.  This hotel is 8.2 mi (13.2 km) from Providence Performing Arts Center and 8.6 mi (13.9 km) from Rhode Island Convention Center.</p><p>Rooms : Make yourself at home in one of the 101 guestrooms featuring refrigerators. Complimentary wireless Internet access keeps you connected, and cable programming is available for your entertainment. Partially open bathrooms with shower/tub combinations feature complimentary toiletries and hair dryers. Conveniences include safes and desks, as well as phones with free local calls.</p><p>Dining : A complimentary buffet breakfast is served on weekdays from 4:00 AM to 9:30 AM and on weekends from 4:00 AM to 10:00 AM.</p><p>CheckIn Instructions : <ul>  <li>Extra-person charges may apply and vary depending on property policy</li><li>Government-issued photo identification and a credit card may be required at check-in for incidental charges</li><li>Special requests are subject to availability upon check-in and may incur additional charges; special requests cannot be guaranteed</li><li>The name on the credit card used at check-in to pay for incidentals must be the primary name on the guestroom reservation</li><li>This property accepts credit cards and debit cards; cash is not accepted</li><li>Please note that cultural norms and guest policies may differ by country and by property; the policies listed are provided by the property</li>  </ul></p><p>Special Instructions : This property offers transfers from the airport. Guests must contact the property with arrival details before travel, using the contact information on the booking confirmation. Front desk staff will greet guests on arrival. For more details, please contact the property using the information on the booking confirmation.</p>",Express check-out Coin laundry on site Business center 24-hour front desk Daily Safe-deposit box at front desk Smoke-free property Coffee/tea in common areas elevator Free self parking Fitness facilities Computer station Wheelchair accessible path of travel Vending machine Shared microwave Free WiFi Braille or raised signage In-room accessibility (in select rooms) Wheelchair accessible parking Free newspapers in lobby Roll-in shower (in select rooms) Accessible bathroom (in select rooms) Free Buffet Breakfast Free airport transportation Luggage storage Free breakfast,Distances are displayed to the nearest 0.1 mile and kilometer. <br /> <p>Lincoln Park Cemetery - 2.4 km / 1.5 mi <br /> Warwick City Hall - 4 km / 2.5 mi <br /> Miracle Mile of Shopping - 4.2 km / 2.6 mi <br /> Warwick Pond - 4.6 km / 2.8 mi <br /> Warwick City Park - 4.7 km / 2.9 mi <br /> Warwick Mall - 5.7 km / 3.5 mi <br /> Warwick Public Library - 5.8 km / 3.6 mi <br /> Garden City Center - 6.2 km / 3.9 mi <br /> Pawtuxet Park - 6.6 km / 4.1 mi <br /> Launch Trampoline Park - 7.3 km / 4.5 mi <br /> Providence River - 7.5 km / 4.6 mi <br /> Mulligan s Island Golf and Entertainment - 7.8 km / 4.8 mi <br /> Oakland Beach - 7.9 km / 4.9 mi <br /> Conimicut Point Park - 8.1 km / 5 mi <br /> Windmill Cottage - 8.1 km / 5.1 mi <br /> </p><p>The nearest airports are:<br />T.F. Green Airport (PVD) - 0.9 km / 0.5 mi<br /> Newport  RI (NPT-Newport State) - 46.4 km / 28.9 mi<br /> North Kingstown  RI (NCO-Quonset State) - 22.7 km / 14.1 mi<br /> Pawtucket  RI (SFZ-North Central State) - 27.4 km / 17 mi<br /> New Bedford  MA (EWB-New Bedford Regional) - 59.7 km / 37.1 mi<br /> </p><p>The preferred airport for Best Western Airport Inn is T.F. Green Airport (PVD). </p>,2138 Post Rd WarwickRhode Island 02886 ,02886,4017377400,http://www.bwprovidence.com
Rhode Island,,41.728657,-71.48354,Extended Stay America Providence Warwick,2.0,"<p>HeadLine : Near Warwick Mall</p><p>Location : When you stay at Extended Stay America Suites Providence Warwick in Warwick, you ll be near the airport, within a 15-minute drive of Roger Williams Park Zoo and Brown University.  This hotel is 8.3 mi (13.4 km) from WaterFire Arts Center and 9.1 mi (14.7 km) from Rhode Island Convention Center.</p><p>Rooms : Make yourself at home in one of the 104 guestrooms, featuring kitchens with full-sized refrigerators/freezers and stovetops. 32-inch flat-screen televisions with cable programming provide entertainment, while complimentary wireless Internet access keeps you connected. Conveniences include phones, as well as desks and microwaves.</p><p>Dining : A complimentary on-the-go breakfast is served daily from 6 AM to 9:30 AM.</p><p>CheckIn Instructions : <ul>  <li>Extra-person charges may apply and vary depending on property policy</li><li>Government-issued photo identification and a credit card may be required at check-in for incidental charges</li><li>Special requests are subject to availability upon check-in and may incur additional charges; special requests cannot be guaranteed</li><li>This property accepts credit cards; cash is not accepted</li>  </ul></p><p>Special Instructions : Front desk staff will greet guests on arrival. For more details, please contact the property using the information on the booking confirmation.</p>",Free long-term parking Wheelchair accessible (may have limitations) Free breakfast to go Free parking nearby Free breakfast 24-hour front desk Free WiFi Daily Housekeeping on request Safe-deposit box at front desk Smoke-free property In-room accessibility (in select rooms) Coffee/tea in common areas Laundry facilities Use of nearby fitness center (discount) Accessible bathroom (in select rooms) elevator Free self parking,Distances are displayed to the nearest 0.1 mile and kilometer. <br /> <p>Miracle Mile of Shopping - 0.4 km / 0.3 mi <br /> Warwick Mall - 0.9 km / 0.6 mi <br /> Mulligan s Island Golf and Entertainment - 3.6 km / 2.2 mi <br /> Launch Trampoline Park - 3.9 km / 2.4 mi <br /> Warwick City Hall - 4.8 km / 3 mi <br /> Garden City Center - 5.2 km / 3.2 mi <br /> Lincoln Park Cemetery - 6.7 km / 4.2 mi <br /> Warwick City Park - 6.7 km / 4.2 mi <br /> Warwick Public Library - 8.1 km / 5 mi <br /> Governor Sprague Mansion - 8.2 km / 5.1 mi <br /> Nathanael Greene Homestead - 8.4 km / 5.2 mi <br /> Warwick Pond - 8.5 km / 5.3 mi <br /> Windmill Cottage - 9 km / 5.6 mi <br /> Goddard Memorial State Park - 9.5 km / 5.9 mi <br /> Oakland Beach - 10.1 km / 6.3 mi <br /> </p><p>The nearest airports are:<br />T.F. Green Airport (PVD) - 6.5 km / 4 mi<br /> Newport  RI (NPT-Newport State) - 46.2 km / 28.7 mi<br /> North Kingstown  RI (NCO-Quonset State) - 22.4 km / 13.9 mi<br /> Pawtucket  RI (SFZ-North Central State) - 28.8 km / 17.9 mi<br /> New Bedford  MA (EWB-New Bedford Regional) - 62.3 km / 38.7 mi<br /> </p><p>The preferred airport for Extended Stay America Suites Providence Warwick is T.F. Green Airport (PVD). </p>,245 W Natick Rd WarwickRhode Island 02886 ,02886,4017322547,http://www.extendedstayamerica.com/hotels/ri/providence/warwick
Rhode Island,,41.724934,-71.459564,Extended Stay America Providence Airport,2.0,"<p>HeadLine : Near Miracle Mile of Shopping</p><p>Location : When you stay at Extended Stay America Suites Providence Airport in Warwick, you ll be near the airport, within a 15-minute drive of Roger Williams Park Zoo and Brown University.  This hotel is 8.5 mi (13.7 km) from Providence Performing Arts Center and 9 mi (14.5 km) from Rhode Island Convention Center.</p><p>Rooms : Make yourself at home in one of the 95 guestrooms, featuring kitchens with refrigerators and stovetops. 32-inch flat-screen televisions with cable programming provide entertainment, while complimentary wireless Internet access keeps you connected. Conveniences include phones, as well as microwaves and coffee/tea makers.</p><p>Dining : A complimentary on-the-go breakfast is served daily from 6 AM to 9:30 AM.</p><p>CheckIn Instructions : <ul>  <li>Extra-person charges may apply and vary depending on property policy</li><li>Government-issued photo identification and a credit card may be required at check-in for incidental charges</li><li>Special requests are subject to availability upon check-in and may incur additional charges; special requests cannot be guaranteed</li><li>This property accepts credit cards; cash is not accepted</li><li>Please note that cultural norms and guest policies may differ by country and by property; the policies listed are provided by the property</li>  </ul></p><p>Special Instructions : Front desk staff will greet guests on arrival. For more details, please contact the property using the information on the booking confirmation.</p>",Fitness facilities Conference space Free long-term parking Free breakfast to go Vending machine Free breakfast 24-hour front desk Free WiFi Daily Barbecue grill(s) Housekeeping on request Safe-deposit box at front desk Picnic area In-room accessibility (in select rooms) Coffee/tea in common areas Wheelchair accessible parking Laundry facilities elevator Free self parking,Distances are displayed to the nearest 0.1 mile and kilometer. <br /> <p>Miracle Mile of Shopping - 1.3 km / 0.8 mi <br /> Warwick Mall - 2.2 km / 1.4 mi <br /> Warwick City Hall - 3.5 km / 2.2 mi <br /> Lincoln Park Cemetery - 4.1 km / 2.6 mi <br /> Mulligan s Island Golf and Entertainment - 5.1 km / 3.2 mi <br /> Warwick City Park - 5.8 km / 3.6 mi <br /> Launch Trampoline Park - 5.8 km / 3.6 mi <br /> Warwick Pond - 6.1 km / 3.8 mi <br /> Garden City Center - 6.5 km / 4.1 mi <br /> Warwick Public Library - 7.1 km / 4.4 mi <br /> Windmill Cottage - 8 km / 5 mi <br /> Pawtuxet Park - 8.4 km / 5.2 mi <br /> Roger Williams Park Zoo - 8.8 km / 5.5 mi <br /> Oakland Beach - 9.1 km / 5.7 mi <br /> Roger Williams Park Carousel Village - 9.3 km / 5.8 mi <br /> </p><p>The nearest airports are:<br />T.F. Green Airport (PVD) - 3.5 km / 2.2 mi<br /> Newport  RI (NPT-Newport State) - 46.1 km / 28.6 mi<br /> North Kingstown  RI (NCO-Quonset State) - 22.3 km / 13.8 mi<br /> Pawtucket  RI (SFZ-North Central State) - 30.2 km / 18.8 mi<br /> New Bedford  MA (EWB-New Bedford Regional) - 60.3 km / 37.5 mi<br /> </p><p>The preferred airport for Extended Stay America Suites Providence Airport is T.F. Green Airport (PVD). </p>,268 Metro Center Blvd WarwickRhode Island 02886 ,02886,4017326667,http://www.extendedstayamerica.com/hotels/ri/providence/airport
Rhode Island,,41.754257,-71.4343,Courtyard Providence Warwick,3.0,"<p>HeadLine : Near Lincoln Park Cemetery</p><p>Location : When you stay at Courtyard by Marriott Providence Warwick in Warwick, you ll be near the airport, a 4-minute drive from Roger Williams Park Zoo and 10 minutes from Brown University.  This hotel is 5.9 mi (9.4 km) from Providence Performing Arts Center and 6.3 mi (10.2 km) from Rhode Island Convention Center.</p><p>Rooms : Make yourself at home in one of the 92 guestrooms featuring refrigerators and Smart televisions. Complimentary wired and wireless Internet access keeps you connected, and cable programming provides entertainment. Private bathrooms with shower/tub combinations feature complimentary toiletries and hair dryers. Conveniences include phones, as well as safes and desks.</p><p>Dining : You can enjoy a meal at BistroEat.Drink.Connect serving the guests of Courtyard by Marriott Providence Warwick, or stop in at the snack bar/deli.</p><p>CheckIn Instructions : <ul>  <li>Extra-person charges may apply and vary depending on property policy</li><li>Government-issued photo identification and a credit card, debit card, or cash deposit may be required at check-in for incidental charges</li><li>Special requests are subject to availability upon check-in and may incur additional charges; special requests cannot be guaranteed</li><li>This property accepts credit cards and cash</li><li>Please note that cultural norms and guest policies may differ by country and by property; the policies listed are provided by the property</li>  </ul></p><p>Special Instructions : Front desk staff will greet guests on arrival.</p>",elevator Free self parking Computer station ATM/banking Wheelchair accessible path of travel 24-hour business center Wheelchair accessible (may have limitations) Vending machine Wheelchair-accessible van parking Number of meeting rooms - 1 Wheelchair-accessible path to elevator Free wired Internet Wheelchair-accessible registration desk Television in common areas Wheelchair-accessible fitness center Free WiFi Wheelchair-accessible pool Wheelchair-accessible public washroom Braille or raised signage Well-lit path to entrance Assistive listening devices available Picnic area In-room accessibility (in select rooms) Wheelchair accessible parking Stair-free path to entrance Roll-in shower (in select rooms) Accessible bathroom (in select rooms) Fireplace in lobby 24-hour fitness facilities Luggage storage Wheelchair-accessible on-site restaurant Grocery/convenience store Coin laundry on site Visual alarms in hallways Business center 24-hour front desk Wheelchair-accessible meeting spaces/business center Housekeeping on request Safe-deposit box at front desk Smoke-free property Snack bar/deli Laundry facilities,Distances are displayed to the nearest 0.1 mile and kilometer. <br /> <p>Lincoln Park Cemetery - 2.3 km / 1.4 mi <br /> Garden City Center - 3.9 km / 2.5 mi <br /> Roger Williams Park Zoo - 4.5 km / 2.8 mi <br /> Roger Williams Park Carousel Village - 5 km / 3.1 mi <br /> Museum of Natural History and Planetarium - 5.4 km / 3.4 mi <br /> Mulligan s Island Golf and Entertainment - 5.5 km / 3.4 mi <br /> Warwick Pond - 6 km / 3.7 mi <br /> Pawtuxet Park - 6.7 km / 4.2 mi <br /> Warwick Mall - 7.4 km / 4.6 mi <br /> Warwick City Hall - 7.4 km / 4.6 mi <br /> Providence Bruins - 7.4 km / 4.6 mi <br /> Big Blue Bug - 7.6 km / 4.7 mi <br /> Governor Sprague Mansion - 7.7 km / 4.8 mi <br /> Warwick Public Library - 7.9 km / 4.9 mi <br /> Miracle Mile of Shopping - 8 km / 5 mi <br /> </p><p>The nearest airports are:<br />T.F. Green Airport (PVD) - 4.6 km / 2.8 mi<br /> Newport  RI (NPT-Newport State) - 49.5 km / 30.8 mi<br /> North Kingstown  RI (NCO-Quonset State) - 25.7 km / 16 mi<br /> Pawtucket  RI (SFZ-North Central State) - 23.7 km / 14.7 mi<br /> New Bedford  MA (EWB-New Bedford Regional) - 56 km / 34.8 mi<br /> </p><p></p>,55 Jefferson Park Road WarwickRhode Island 02888 ,02888,4014676900,http://www.marriott.com/hotels/travel/pvdap-courtyard-providence-warwick/
Rhode Island,,41.75249,-71.43428,La Quinta Inn & Suites Warwick Providence Airport,2.0,"<p>HeadLine : Near Lincoln Park Cemetery</p><p>Location : When you stay at La Quinta Inn & Suites by Wyndham Warwick Providence Airport in Warwick, you ll be in the business district, a 4-minute drive from Roger Williams Park Zoo and 9 minutes from Brown University.  This hotel is 5.9 mi (9.4 km) from Providence Performing Arts Center and 6.3 mi (10.2 km) from Rhode Island Convention Center.</p><p>Rooms : Make yourself at home in one of the 115 guestrooms featuring refrigerators and flat-screen televisions. Complimentary wireless Internet access keeps you connected, and cable programming is available for your entertainment. Private bathrooms with shower/tub combinations feature complimentary toiletries and hair dryers. Conveniences include desks and microwaves, and housekeeping is provided daily.</p><p>Dining : A complimentary continental breakfast is served on weekdays from 6 AM to 9 AM and on weekends from 7 AM to 10 AM.</p><p>CheckIn Instructions : <ul>  <li>Extra-person charges may apply and vary depending on property policy</li><li>Government-issued photo identification and a credit card may be required at check-in for incidental charges</li><li>Special requests are subject to availability upon check-in and may incur additional charges; special requests cannot be guaranteed</li><li>This property accepts credit cards; cash is not accepted</li>  </ul></p><p>Special Instructions : Front desk staff will greet guests on arrival.</p>",Long-term parking (surcharge) Wheelchair accessible (may have limitations) Express check-in Television in common areas Free WiFi Number of outdoor pools - 1 In-room accessibility (in select rooms) Wheelchair accessible parking Accessible bathroom (in select rooms) Free continental breakfast Free airport transportation Free breakfast Express check-out Business center 24-hour front desk Daily Golfing nearby Smoke-free property Coffee/tea in common areas Laundry facilities Use of nearby fitness center (discount) elevator Free self parking Fitness facilities,Distances are displayed to the nearest 0.1 mile and kilometer. <br /> <p>Lincoln Park Cemetery - 1.9 km / 1.2 mi <br /> Garden City Center - 3.9 km / 2.4 mi <br /> Roger Williams Park Zoo - 4.5 km / 2.8 mi <br /> Roger Williams Park Carousel Village - 5 km / 3.1 mi <br /> Museum of Natural History and Planetarium - 5.4 km / 3.4 mi <br /> Mulligan s Island Golf and Entertainment - 5.5 km / 3.4 mi <br /> Warwick Pond - 5.7 km / 3.6 mi <br /> Pawtuxet Park - 6.5 km / 4.1 mi <br /> Warwick City Hall - 6.8 km / 4.2 mi <br /> Warwick Mall - 7.4 km / 4.6 mi <br /> Providence Bruins - 7.4 km / 4.6 mi <br /> Miracle Mile of Shopping - 7.5 km / 4.7 mi <br /> Big Blue Bug - 7.6 km / 4.7 mi <br /> Governor Sprague Mansion - 7.7 km / 4.8 mi <br /> Warwick Public Library - 7.7 km / 4.8 mi <br /> </p><p>The nearest airports are:<br />T.F. Green Airport (PVD) - 4.4 km / 2.7 mi<br /> Newport  RI (NPT-Newport State) - 49.7 km / 30.9 mi<br /> North Kingstown  RI (NCO-Quonset State) - 25.7 km / 16 mi<br /> Pawtucket  RI (SFZ-North Central State) - 23.7 km / 14.7 mi<br /> New Bedford  MA (EWB-New Bedford Regional) - 56 km / 34.8 mi<br /> </p><p>The preferred airport for La Quinta Inn & Suites by Wyndham Warwick Providence Airport is T.F. Green Airport (PVD). </p>,36 Jefferson Boulevard WarwickRhode Island 02888 ,02888,4019416600,http://www.laquintawarwick.com/
Rhode Island,,41.72647,-71.4722,NYLO Providence Warwick Hotel Tapestry Collection by Hilton,3.0,"<p>HeadLine : Near Warwick Mall</p><p>Location : With a stay at NYLO Providence Warwick Hotel, Tapestry Collection by Hilton in Warwick, you ll be on a river, within a 10-minute drive of Roger Williams Park Zoo and Miracle Mile of Shopping.  This boutique hotel is 10.1 mi (16.3 km) from Brown University and 8.3 mi (13.3 km) from WaterFire Arts Center.</p><p>Rooms : Make yourself at home in one of the 162 guestrooms featuring iPod docking stations and flat-screen televisions. Your pillowtop bed comes with down comforters. Complimentary wired and wireless Internet access keeps you connected, and cable programming provides entertainment. Private bathrooms with showers feature rainfall showerheads and designer toiletries.</p><p>Dining : Enjoy a satisfying meal at The Loft serving guests of NYLO Providence Warwick Hotel, Tapestry Collection by Hilton. Quench your thirst with your favorite drink at the bar/lounge.</p><p>CheckIn Instructions : <ul>  <li>Extra-person charges may apply and vary depending on property policy</li><li>Government-issued photo identification and a credit card may be required at check-in for incidental charges</li><li>Special requests are subject to availability upon check-in and may incur additional charges; special requests cannot be guaranteed</li><li>This property accepts credit cards, debit cards, and cash</li>  </ul></p><p>Special Instructions : This property offers transfers from the airport. Guests must contact the property with arrival details before travel, using the contact information on the booking confirmation. Front desk staff will greet guests on arrival.</p>",Gift shops or newsstand Dry cleaning/laundry service Wheelchair accessible (may have limitations) Wheelchair-accessible van parking Assistive listening devices in meeting rooms Meeting rooms Wheelchair-accessible path to elevator Conference space size (meters) - 130 Wheelchair-accessible registration desk Wheelchair-accessible fitness center Free WiFi Number of bars/lounges - 1 Braille or raised signage Well-lit path to entrance In-room accessibility (in select rooms) Wheelchair accessible parking Stair-free path to entrance Roll-in shower (in select rooms) Accessible bathroom (in select rooms) Free area shuttle Free airport transportation Wheelchair-accessible on-site restaurant Business center 24-hour front desk Library Wheelchair-accessible meeting spaces/business center Safe-deposit box at front desk Smoke-free property Laundry facilities Sauna elevator Free self parking Fitness facilities Conference space Computer station Terrace ATM/banking Conference space size (feet) - 1400 24-hour business center,Distances are displayed to the nearest 0.1 mile and kilometer. <br /> <p>Miracle Mile of Shopping - 0.3 km / 0.2 mi <br /> Warwick Mall - 0.8 km / 0.5 mi <br /> Warwick City Hall - 3.7 km / 2.3 mi <br /> Mulligan s Island Golf and Entertainment - 4 km / 2.5 mi <br /> Launch Trampoline Park - 4.5 km / 2.8 mi <br /> Garden City Center - 4.8 km / 3 mi <br /> Warwick City Park - 6 km / 3.7 mi <br /> Lincoln Park Cemetery - 6.7 km / 4.1 mi <br /> Warwick Public Library - 7.4 km / 4.6 mi <br /> Governor Sprague Mansion - 8.1 km / 5 mi <br /> Windmill Cottage - 8.3 km / 5.2 mi <br /> Goddard Memorial State Park - 8.8 km / 5.5 mi <br /> Warwick Pond - 8.9 km / 5.5 mi <br /> Nathanael Greene Homestead - 9.4 km / 5.8 mi <br /> Oakland Beach - 9.4 km / 5.8 mi <br /> </p><p>The nearest airports are:<br />T.F. Green Airport (PVD) - 5.8 km / 3.6 mi<br /> Newport  RI (NPT-Newport State) - 46.8 km / 29.1 mi<br /> North Kingstown  RI (NCO-Quonset State) - 22.6 km / 14 mi<br /> Pawtucket  RI (SFZ-North Central State) - 28.4 km / 17.6 mi<br /> New Bedford  MA (EWB-New Bedford Regional) - 62.2 km / 38.6 mi<br /> </p><p>The preferred airport for NYLO Providence Warwick Hotel  Tapestry Collection by Hilton is T.F. Green Airport (PVD). </p>,400 Knight St WarwickRhode Island 02886 ,02886,4017344460,http://www.nylohotels.com/warwick
Rhode Island,,41.72912,-71.45414,Sonesta ES Suites Providence Airport,3.0,"<p>HeadLine : Near Mulligan s Island Golf and Entertainment</p><p>Location : When you stay at Sonesta ES Suites Providence - Airport in Warwick, you ll be in the business district, within a 15-minute drive of Roger Williams Park Zoo and Brown University.  This hotel is 8 mi (12.9 km) from Providence Performing Arts Center and 8.6 mi (13.8 km) from Rhode Island Convention Center.</p><p>Rooms : Make yourself at home in one of the 96 guestrooms, featuring kitchens with full-sized refrigerators/freezers and stovetops. Flat-screen televisions with cable programming provide entertainment, while complimentary wireless Internet access keeps you connected. Conveniences include phones, as well as safes and desks.</p><p>Dining : Mingle with other guests at the complimentary reception, held on select days. A complimentary buffet breakfast is served daily from 7:00 AM to 9:00 AM.</p><p>CheckIn Instructions : <ul>  <li>Extra-person charges may apply and vary depending on property policy</li><li>Government-issued photo identification and a credit card may be required at check-in for incidental charges</li><li>Special requests are subject to availability upon check-in and may incur additional charges; special requests cannot be guaranteed</li><li>This property accepts credit cards; cash is not accepted</li><li>This property reserves the right to pre-authorize the guest s credit card prior to arrival.</li><li>Please note that cultural norms and guest policies may differ by country and by property; the policies listed are provided by the property</li>  </ul></p><p>Special Instructions : Front desk staff will greet guests on arrival.</p>",Free Buffet Breakfast Luggage storage Free breakfast Dry cleaning/laundry service Free reception Conference space size (meters) - 33 Sailing nearby Television in common areas Free WiFi Assistive listening devices available Number of indoor pools - 1 Water skiing nearby Picnic area In-room accessibility (in select rooms) Wheelchair accessible parking Accessible bathroom (in select rooms) Fireplace in lobby Multilingual staff Business center 24-hour front desk Daily Barbecue grill(s) Golfing nearby Safe-deposit box at front desk Smoke-free property Laundry facilities Free self parking Conference space Computer station Wheelchair accessible path of travel Basketball on site Conference space size (feet) - 350,Distances are displayed to the nearest 0.1 mile and kilometer. <br /> <p>Miracle Mile of Shopping - 1.8 km / 1.1 mi <br /> Warwick Mall - 3.1 km / 1.9 mi <br /> Lincoln Park Cemetery - 3.3 km / 2 mi <br /> Warwick City Hall - 4.4 km / 2.7 mi <br /> Warwick Pond - 5.3 km / 3.3 mi <br /> Mulligan s Island Golf and Entertainment - 5.9 km / 3.7 mi <br /> Warwick City Park - 6.1 km / 3.8 mi <br /> Launch Trampoline Park - 6.6 km / 4.1 mi <br /> Garden City Center - 7.1 km / 4.4 mi <br /> Warwick Public Library - 7.5 km / 4.6 mi <br /> Pawtuxet Park - 7.5 km / 4.7 mi <br /> Roger Williams Park Zoo - 8 km / 5 mi <br /> Roger Williams Park Carousel Village - 8.5 km / 5.3 mi <br /> Museum of Natural History and Planetarium - 8.9 km / 5.5 mi <br /> Providence River - 9 km / 5.6 mi <br /> </p><p>The nearest airports are:<br />T.F. Green Airport (PVD) - 2.7 km / 1.7 mi<br /> Newport  RI (NPT-Newport State) - 47.1 km / 29.3 mi<br /> North Kingstown  RI (NCO-Quonset State) - 22.9 km / 14.2 mi<br /> Pawtucket  RI (SFZ-North Central State) - 27.1 km / 16.9 mi<br /> New Bedford  MA (EWB-New Bedford Regional) - 59.4 km / 36.9 mi<br /> </p><p></p>,500 Kilvert Street WarwickRhode Island 02886 ,02886,4017377100,http://www.sonesta.com/us/rhode-island/warwick/sonesta-es-suites-providence-airport
Rhode Island,,41.753162,-71.43577,Motel 6 Warwick RI Providence Airport I 95,2.0,"<p>HeadLine : Near Lincoln Park Cemetery</p><p>Location : With a stay at Motel 6 Warwick, RI - Providence Airport - I-95 in Warwick, you ll be a 4-minute drive from Roger Williams Park Zoo and 9 minutes from Brown University.  This motel is 5.7 mi (9.2 km) from Providence Performing Arts Center and 6.2 mi (9.9 km) from Rhode Island Convention Center.</p><p>Rooms : Make yourself at home in one of the 121 guestrooms. Complimentary wireless Internet access keeps you connected, and cable programming is available for your entertainment. Bathrooms with showers are provided.</p><p>CheckIn Instructions : <ul>  <li>Extra-person charges may apply and vary depending on property policy</li><li>Government-issued photo identification and a credit card, debit card, or cash deposit may be required at check-in for incidental charges</li><li>Special requests are subject to availability upon check-in and may incur additional charges; special requests cannot be guaranteed</li><li>The name on the credit card used at check-in to pay for incidentals must be the primary name on the guestroom reservation</li><li>This property accepts credit cards, debit cards, and cash</li><li>Please note that cultural norms and guest policies may differ by country and by property; the policies listed are provided by the property</li>  </ul></p><p>Special Instructions : Front desk staff will greet guests on arrival.  This property allows guests 18 or over to check in with valid military ID.</p>",Wheelchair accessible (may have limitations) Vending machine Wheelchair-accessible van parking Visual alarms in hallways Handrails in stairways 24-hour front desk Wheelchair-accessible registration desk Free WiFi Designated smoking areas Braille or raised signage Well-lit path to entrance Assistive listening devices available In-room accessibility (in select rooms) Wheelchair accessible parking Stair-free path to entrance Laundry facilities Roll-in shower (in select rooms) Accessible bathroom (in select rooms) RV  bus  truck parking Free self parking Wheelchair accessible path of travel,Distances are displayed to the nearest 0.1 mile and kilometer. <br /> <p>Lincoln Park Cemetery - 2.1 km / 1.3 mi <br /> Garden City Center - 3.7 km / 2.3 mi <br /> Roger Williams Park Zoo - 4.3 km / 2.7 mi <br /> Roger Williams Park Carousel Village - 4.8 km / 3 mi <br /> Museum of Natural History and Planetarium - 5.2 km / 3.2 mi <br /> Mulligan s Island Golf and Entertainment - 5.3 km / 3.3 mi <br /> Warwick Pond - 5.8 km / 3.6 mi <br /> Pawtuxet Park - 6.5 km / 4.1 mi <br /> Warwick Mall - 7.1 km / 4.4 mi <br /> Providence Bruins - 7.2 km / 4.5 mi <br /> Warwick City Hall - 7.2 km / 4.5 mi <br /> Big Blue Bug - 7.4 km / 4.6 mi <br /> Governor Sprague Mansion - 7.4 km / 4.6 mi <br /> Warwick Public Library - 7.7 km / 4.8 mi <br /> Miracle Mile of Shopping - 7.8 km / 4.8 mi <br /> </p><p>The nearest airports are:<br />T.F. Green Airport (PVD) - 4.4 km / 2.7 mi<br /> Newport  RI (NPT-Newport State) - 49.3 km / 30.6 mi<br /> North Kingstown  RI (NCO-Quonset State) - 25.5 km / 15.8 mi<br /> Pawtucket  RI (SFZ-North Central State) - 23.4 km / 14.6 mi<br /> New Bedford  MA (EWB-New Bedford Regional) - 55.7 km / 34.6 mi<br /> </p><p>The preferred airport for Motel 6 Warwick  RI - Providence Airport - I-95 is T.F. Green Airport (PVD). </p>,20 Jefferson Blvd WarwickRhode Island 02888 ,02888,4014679800,http://www.motel6.com/en/motels.ri.warwick.8704.ht
Rhode Island,,41.72865,-71.435972,Fairfield Inn & Suites by Marriott Providence Airport,2.0,"<p>HeadLine : Near Lincoln Park Cemetery</p><p>Location : When you stay at Fairfield by Marriott Inn & Suites Providence Airport Warwick in Warwick, you ll be in the business district, within a 15-minute drive of Roger Williams Park Zoo and Brown University.  This hotel is 7.8 mi (12.6 km) from Providence Performing Arts Center and 8.3 mi (13.4 km) from Rhode Island Convention Center.</p><p>Rooms : Make yourself at home in one of the 202 guestrooms featuring refrigerators and flat-screen televisions. Your bed comes with down comforters and premium bedding. Complimentary wireless Internet access keeps you connected, and cable programming is available for your entertainment. Private bathrooms with bathtubs or showers feature complimentary toiletries and hair dryers.</p><p>Dining : Wrap up your day with a drink at the bar/lounge. A complimentary on-the-go breakfast is served daily from 6:00 AM to 11:00 AM.</p><p>CheckIn Instructions : <ul>  <li>Extra-person charges may apply and vary depending on property policy</li><li>Government-issued photo identification and a credit card may be required at check-in for incidental charges</li><li>Special requests are subject to availability upon check-in and may incur additional charges; special requests cannot be guaranteed</li><li>This property accepts credit cards, debit cards, and cash</li><li>Please note that cultural norms and guest policies may differ by country and by property; the policies listed are provided by the property</li>  </ul></p><p>Special Instructions : Front desk staff will greet guests on arrival.</p>",Gift shops or newsstand Dry cleaning/laundry service Long-term parking (surcharge) Sailing nearby Free WiFi Number of bars/lounges - 1 Braille or raised signage Assistive listening devices available In-room accessibility (in select rooms) Wheelchair accessible parking Roll-in shower (in select rooms) Accessible bathroom (in select rooms) RV  bus  truck parking Free airport transportation Wheelchair-accessible lounge Wheelchair-accessible on-site restaurant Free breakfast Visual alarms in hallways Multilingual staff Daily Wheelchair-accessible meeting spaces/business center Coffee/tea in common areas Laundry facilities elevator Fitness facilities Uncovered parking Wheelchair accessible (may have limitations) Wheelchair accessible Assistive listening devices in meeting rooms Meeting rooms Wheelchair-accessible registration desk Television in common areas Wheelchair-accessible fitness center Wheelchair-accessible pool Wheelchair-accessible public washroom Picnic area Free newspapers in lobby 24-hour fitness facilities Boat tours nearby Free breakfast to go Luggage storage Express check-out Business center 24-hour front desk Golfing nearby Safe-deposit box at front desk Smoke-free property Hiking/biking trails nearby Free self parking Computer station Terrace ATM/banking 24-hour business center,Distances are displayed to the nearest 0.1 mile and kilometer. <br /> <p>Lincoln Park Cemetery - 1.6 km / 1 mi <br /> Warwick Pond - 3.8 km / 2.3 mi <br /> Miracle Mile of Shopping - 4.1 km / 2.5 mi <br /> Warwick Mall - 4.9 km / 3.1 mi <br /> Warwick City Hall - 4.4 km / 2.7 mi <br /> Warwick City Park - 5.2 km / 3.2 mi <br /> Garden City Center - 5.6 km / 3.5 mi <br /> Warwick Public Library - 5.8 km / 3.6 mi <br /> Pawtuxet Park - 6 km / 3.7 mi <br /> Providence River - 6.9 km / 4.3 mi <br /> Mulligan s Island Golf and Entertainment - 7.2 km / 4.5 mi <br /> Conimicut Point Park - 7.5 km / 4.7 mi <br /> Roger Williams Park Zoo - 7.7 km / 4.8 mi <br /> Launch Trampoline Park - 8 km / 5 mi <br /> Roger Williams Park Carousel Village - 8.2 km / 5.1 mi <br /> </p><p>The nearest airports are:<br />T.F. Green Airport (PVD) - 1.6 km / 1 mi<br /> Newport  RI (NPT-Newport State) - 47.4 km / 29.4 mi<br /> North Kingstown  RI (NCO-Quonset State) - 23.4 km / 14.5 mi<br /> Pawtucket  RI (SFZ-North Central State) - 26.9 km / 16.7 mi<br /> New Bedford  MA (EWB-New Bedford Regional) - 59.1 km / 36.7 mi<br /> </p><p>The preferred airport for Fairfield by Marriott Inn & Suites Providence Airport Warwick is T.F. Green Airport (PVD). </p>,1940 Post Rd WarwickRhode Island 02886 ,02886,4017320470,http://www.choicehotels.com/rhode-island/warwick/rodeway-inn-hotels/ri400
Rhode Island,,41.714185,-71.463708,Crowne Plaza Providence Warwick Airport,3.0,"<p>HeadLine : Near Miracle Mile of Shopping</p><p>Location : When you stay at Crowne Plaza Providence-Warwick Airport, an IHG Hotel in Warwick, you ll be near the airport, within a 15-minute drive of Roger Williams Park Zoo and Brown University.  This hotel is 9.3 mi (15 km) from Providence Performing Arts Center and 9.9 mi (15.9 km) from Rhode Island Convention Center.</p><p>Rooms : Stay in one of 266 guestrooms featuring Smart televisions. Your pillowtop bed comes with premium bedding. Complimentary wired and wireless Internet access keeps you connected, and digital programming provides entertainment. Private bathrooms with shower/tub combinations feature complimentary toiletries and hair dryers.</p><p>Dining : Grab a bite to eat at The Crossings, a restaurant which features a bar/lounge, or stay in and take advantage of the 24-hour room service. Full breakfasts are available daily from 6:30 AM to noon for a fee.</p><p>CheckIn Instructions : <ul>  <li>Extra-person charges may apply and vary depending on property policy</li><li>Government-issued photo identification and a credit card may be required at check-in for incidental charges</li><li>Special requests are subject to availability upon check-in and may incur additional charges; special requests cannot be guaranteed</li><li>This property accepts credit cards; cash is not accepted</li><li>Safety features at this property include a carbon monoxide detector, a fire extinguisher, a smoke detector, a security system, a first aid kit, and window guards</li><li>Please note that cultural norms and guest policies may differ by country and by property; the policies listed are provided by the property</li>  </ul></p><p>Special Instructions : Front desk staff will greet guests on arrival.  Guests booked in breakfast included rate plans receive breakfast for up to 2 adults who are sharing a guestroom. Breakfast fees apply for additional guests. Guests booked in dinner included rate plans receive dinner for up to 2 adults who are sharing a guestroom. Dinner fees apply for additional guests.</p>",Dry cleaning/laundry service Long-term parking (surcharge) Banquet hall Free RV  bus  truck parking Ballroom Vending machine Reception hall Meeting rooms Conference space size (meters) - 3060 Free wired Internet Free WiFi Number of bars/lounges - 1 Assistive listening devices available In-room accessibility (in select rooms) Bicycle rentals nearby Wheelchair accessible parking Free newspapers in lobby Roll-in shower (in select rooms) Wedding services Accessible bathroom (in select rooms) Luggage storage Porter/bellhop Multilingual staff Business center 24-hour front desk Conference center Water dispenser Breakfast available (surcharge) Golfing nearby Safe-deposit box at front desk Smoke-free property Snack bar/deli Hiking/biking trails nearby Children's pool elevator Free self parking Fitness facilities Conference space ATM/banking Wheelchair accessible path of travel Conference space size (feet) - 34000 24-hour business center,Distances are displayed to the nearest 0.1 mile and kilometer. <br /> <p>Miracle Mile of Shopping - 0.9 km / 0.6 mi <br /> Warwick City Hall - 1.9 km / 1.2 mi <br /> Warwick Mall - 2.6 km / 1.6 mi <br /> Launch Trampoline Park - 4.7 km / 2.9 mi <br /> Warwick City Park - 4.7 km / 2.9 mi <br /> Mulligan s Island Golf and Entertainment - 5.3 km / 3.3 mi <br /> Lincoln Park Cemetery - 5.3 km / 3.3 mi <br /> Warwick Public Library - 6 km / 3.7 mi <br /> Windmill Cottage - 6.4 km / 4 mi <br /> Garden City Center - 6.7 km / 4.2 mi <br /> Warwick Pond - 7.6 km / 4.7 mi <br /> Oakland Beach - 8.1 km / 5 mi <br /> Governor Sprague Mansion - 9.7 km / 6 mi <br /> Nathanael Greene Homestead - 9.8 km / 6.1 mi <br /> Pawtuxet Park - 9.8 km / 6.1 mi <br /> </p><p>The nearest airports are:<br />T.F. Green Airport (PVD) - 4.6 km / 2.8 mi<br /> Newport  RI (NPT-Newport State) - 45.3 km / 28.2 mi<br /> North Kingstown  RI (NCO-Quonset State) - 21.3 km / 13.2 mi<br /> Pawtucket  RI (SFZ-North Central State) - 30.2 km / 18.7 mi<br /> New Bedford  MA (EWB-New Bedford Regional) - 61.5 km / 38.2 mi<br /> </p><p>The preferred airport for Crowne Plaza Providence-Warwick Airport  an IHG Hotel is T.F. Green Airport (PVD). </p>,801 Greenwich Avenue WarwickRhode Island 02886 ,02886,4017326000,https://www.ihg.com/crowneplaza/hotels/us/en/warwick/wrwri/hoteldetail
Rhode Island,,41.729115,-71.44353,Hilton Garden Inn Providence Airport Warwick,3.0,"<p>HeadLine : Near Lincoln Park Cemetery</p><p>Location : A stay at Hilton Garden Inn Providence Airport/Warwick places you in the heart of Warwick, a 7-minute drive from Roger Williams Park Zoo and 11 minutes from Johnson and Wales University.  This hotel is 6.8 mi (11 km) from Rhode Island Hospital and 7.5 mi (12.1 km) from Providence Performing Arts Center.</p><p>Rooms : Make yourself at home in one of the 166 air-conditioned rooms featuring microwaves and LED televisions. Complimentary wired Internet access keeps you connected, and cable programming is available for your entertainment. Private bathrooms with bathtubs or showers feature complimentary toiletries and hair dryers. Conveniences include desks and coffee/tea makers, and housekeeping is provided on request.</p><p>Dining : Satisfy your appetite for lunch or dinner at The Iron Works Tavern, a bar/lounge which specializes in American cuisine, or stay in and take advantage of the room service (during limited hours). Cooked-to-order breakfasts are served on weekdays from 6:00 AM to 10:00 AM and on weekends from 7:00 AM to 11:00 AM for a fee.</p><p>CheckIn Instructions : <ul>  <li>Extra-person charges may apply and vary depending on property policy</li><li>Government-issued photo identification and a credit card, debit card, or cash deposit may be required at check-in for incidental charges</li><li>Special requests are subject to availability upon check-in and may incur additional charges; special requests cannot be guaranteed</li><li>This property accepts credit cards and debit cards; cash is not accepted</li>  </ul></p><p>Special Instructions : This property offers transfers from the airport. Guests must contact the property with arrival details before travel, using the contact information on the booking confirmation. This property doesn t offer after-hours check-in. Front desk staff will greet guests on arrival.</p>",Housekeeping on request Safe-deposit box at front desk Conference space Self parking (surcharge) Computer station ATM/banking Wheelchair accessible path of travel Conference space size (feet) - 2000 24-hour business center Number of meeting rooms - 2 Conference space size (meters) - 186 Free WiFi Number of bars/lounges - 1 Braille or raised signage Assistive listening devices available Number of indoor pools - 1 In-room accessibility (in select rooms) Wheelchair accessible parking Roll-in shower (in select rooms) Accessible bathroom (in select rooms) Fireplace in lobby Free airport transportation Accessible airport shuttle Wheelchair-accessible on-site restaurant No accessible shuttle Visual alarms in hallways Handrails in stairways Breakfast available (surcharge) Number of accessible parking spaces - 6 Wheelchair-accessible meeting spaces/business center Laundry facilities elevator Uncovered parking Wheelchair accessible (may have limitations) Wheelchair-accessible van parking Dog exercise area Wheelchair-accessible path to elevator Wheelchair-accessible registration desk Television in common areas Wheelchair-accessible fitness center Wheelchair-accessible pool Wheelchair-accessible public washroom Well-lit path to entrance Stair-free path to entrance 24-hour fitness facilities Express check-out 24-hour front desk Golfing nearby,Distances are displayed to the nearest 0.1 mile and kilometer. <br /> <p>Lincoln Park Cemetery - 2.4 km / 1.5 mi <br /> Miracle Mile of Shopping - 3.2 km / 2 mi <br /> Warwick Mall - 4.1 km / 2.6 mi <br /> Warwick City Hall - 4.4 km / 2.7 mi <br /> Warwick Pond - 4.5 km / 2.8 mi <br /> Warwick City Park - 5.2 km / 3.2 mi <br /> Garden City Center - 6.4 km / 4 mi <br /> Warwick Public Library - 6.5 km / 4 mi <br /> Pawtuxet Park - 6.8 km / 4.2 mi <br /> Mulligan s Island Golf and Entertainment - 6.9 km / 4.3 mi <br /> Roger Williams Park Zoo - 7.2 km / 4.5 mi <br /> Roger Williams Park Carousel Village - 7.7 km / 4.8 mi <br /> Launch Trampoline Park - 7.7 km / 4.8 mi <br /> Museum of Natural History and Planetarium - 8.1 km / 5.1 mi <br /> Conimicut Point Park - 8.3 km / 5.1 mi <br /> </p><p>The nearest airports are:<br />T.F. Green Airport (PVD) - 1.9 km / 1.2 mi<br /> Newport  RI (NPT-Newport State) - 48.1 km / 29.9 mi<br /> North Kingstown  RI (NCO-Quonset State) - 24.3 km / 15.1 mi<br /> Pawtucket  RI (SFZ-North Central State) - 28.6 km / 17.8 mi<br /> New Bedford  MA (EWB-New Bedford Regional) - 58.7 km / 36.5 mi<br /> </p><p>The preferred airport for Hilton Garden Inn Providence Airport/Warwick is T.F. Green Airport (PVD). </p>,1 Thurber Street WarwickRhode Island 02886 ,02886,4017349600,http://hiltongardeninn.hilton.com/en/gi/hotels/index.jhtml?ctyhocn=PVDGIGI
Rhode Island,,41.72289,-71.445206,Holiday Inn Express Hotel & Suites Warwick Providence Airport,2.0,"<p>HeadLine : Near Lincoln Park Cemetery</p><p>Location : When you stay at Holiday Inn Express Hotel & Suites Warwick-Providence (Arpt), an IHG Hotel in Warwick, you ll be near the airport, within a 15-minute drive of Roger Williams Park Zoo and Brown University.  This hotel is 8.5 mi (13.7 km) from Providence Performing Arts Center and 9 mi (14.4 km) from Rhode Island Convention Center.</p><p>Rooms : Make yourself at home in one of the 147 air-conditioned rooms featuring refrigerators and flat-screen televisions. Your pillowtop bed comes with premium bedding. Complimentary wireless Internet access keeps you connected, and cable programming is available for your entertainment. Private bathrooms with shower/tub combinations feature complimentary toiletries and hair dryers.</p><p>Dining : A complimentary buffet breakfast is served on weekdays from 6:00 AM to 9:30 AM and on weekends from 6:00 AM to 10:00 AM.</p><p>CheckIn Instructions : <ul>  <li>Extra-person charges may apply and vary depending on property policy</li><li>Government-issued photo identification and a credit card may be required at check-in for incidental charges</li><li>Special requests are subject to availability upon check-in and may incur additional charges; special requests cannot be guaranteed</li><li>This property accepts credit cards; cash is not accepted</li><li>Safety features at this property include a carbon monoxide detector, a smoke detector, a security system, and window guards</li>  </ul></p><p>Special Instructions : This property offers transfers from the airport. Guests must contact the property with arrival details before travel, using the contact information on the booking confirmation. Front desk staff will greet guests on arrival.</p>",Wheelchair accessible (may have limitations) Vending machine Wheelchair-accessible van parking Meeting rooms Wheelchair-accessible path to elevator Conference space size (meters) - 81 Wheelchair-accessible registration desk Television in common areas Wheelchair-accessible fitness center Free WiFi Braille or raised signage Well-lit path to entrance Assistive listening devices available Number of indoor pools - 1 In-room accessibility (in select rooms) Wheelchair accessible parking Stair-free path to entrance Roll-in shower (in select rooms) Accessible bathroom (in select rooms) Free Buffet Breakfast Free airport transportation Luggage storage Free breakfast Express check-out Multilingual staff Business center 24-hour front desk Daily Wheelchair-accessible meeting spaces/business center Safe-deposit box at front desk Coffee/tea in common areas Laundry facilities elevator Free self parking Conference space ATM/banking Wheelchair accessible path of travel Conference space size (feet) - 900 24-hour business center,Distances are displayed to the nearest 0.1 mile and kilometer. <br /> <p>Lincoln Park Cemetery - 2.8 km / 1.8 mi <br /> Miracle Mile of Shopping - 3.5 km / 2.1 mi <br /> Warwick City Hall - 3.5 km / 2.2 mi <br /> Warwick Mall - 4.3 km / 2.7 mi <br /> Warwick City Park - 4.9 km / 3 mi <br /> Warwick Pond - 5 km / 3.1 mi <br /> Warwick Public Library - 5.7 km / 3.5 mi <br /> Launch Trampoline Park - 6.9 km / 4.3 mi <br /> Garden City Center - 7 km / 4.4 mi <br /> Pawtuxet Park - 7.3 km / 4.5 mi <br /> Oakland Beach - 7.7 km / 4.8 mi <br /> Windmill Cottage - 7.8 km / 4.8 mi <br /> Providence River - 8.2 km / 5.1 mi <br /> Mulligan s Island Golf and Entertainment - 8.6 km / 5.3 mi <br /> Roger Williams Park Zoo - 8.8 km / 5.5 mi <br /> </p><p>The nearest airports are:<br />T.F. Green Airport (PVD) - 2.4 km / 1.5 mi<br /> Newport  RI (NPT-Newport State) - 46.1 km / 28.6 mi<br /> North Kingstown  RI (NCO-Quonset State) - 22.3 km / 13.8 mi<br /> Pawtucket  RI (SFZ-North Central State) - 27.9 km / 17.4 mi<br /> New Bedford  MA (EWB-New Bedford Regional) - 60.2 km / 37.4 mi<br /> </p><p>The preferred airport for Holiday Inn Express Hotel & Suites Warwick-Providence (Arpt)  an IHG Hotel is T.F. Green Airport (PVD). </p>,901 Jefferson Boulevard Warwick 02886Rhode Island ,02886,4017365000,http://www.ihg.com/holidayinnexpress/hotels/us/en/warwick/wrwjf/hoteldetail
Rhode Island,,41.72607,-71.45639,Homewood Suites by Hilton Providence Warwick,3.0,"<p>HeadLine : Near Miracle Mile of Shopping</p><p>Location : Located in Warwick, Homewood Suites by Hilton Providence/Warwick is in the business district, within a 15-minute drive of Roger Williams Park Zoo and Oakland Beach.  This hotel is 8.5 mi (13.7 km) from Providence Performing Arts Center and 8.9 mi (14.4 km) from Providence Place Mall.</p><p>Rooms : Make yourself at home in one of the 82 guestrooms, featuring kitchens with full-sized refrigerators/freezers and stovetops. 37-inch LCD televisions with cable programming provide entertainment, while complimentary wireless Internet access keeps you connected. Conveniences include desks and separate sitting areas, as well as phones with free local calls.</p><p>Dining : A complimentary buffet breakfast is served daily from 6:00 AM to 10:00 AM.</p><p>CheckIn Instructions : <ul>  <li>Extra-person charges may apply and vary depending on property policy</li><li>Government-issued photo identification and a credit card, debit card, or cash deposit may be required at check-in for incidental charges</li><li>Special requests are subject to availability upon check-in and may incur additional charges; special requests cannot be guaranteed</li><li>This property accepts credit cards, debit cards, and cash</li>  </ul></p><p>Special Instructions : Front desk staff will greet guests on arrival.</p>",Smoke-free property Conference space Self parking (surcharge) Tennis on site Wheelchair accessible path of travel Conference space size (feet) - 576 24-hour business center Dry cleaning/laundry service Shopping on site Number of meeting rooms - 1 Conference space size (meters) - 52 Free WiFi Number of spa tubs - 1 Braille or raised signage Assistive listening devices available Number of indoor pools - 1 In-room accessibility (in select rooms) Wheelchair accessible parking Fireplace in lobby Free Buffet Breakfast Free breakfast Outdoor tennis courts - 1 Multilingual staff Daily Wheelchair-accessible meeting spaces/business center Barbecue grill(s) Coffee/tea in common areas Laundry facilities elevator Fitness facilities Basketball on site Wheelchair accessible (may have limitations) Free grocery shopping service Vending machine Express check-in Wheelchair-accessible van parking Dog exercise area Wheelchair-accessible path to elevator Wheelchair-accessible registration desk Wheelchair-accessible fitness center Wheelchair-accessible pool Wheelchair-accessible public washroom Well-lit path to entrance Stair-free path to entrance Free newspapers in lobby Luggage storage Express check-out Business center 24-hour front desk Golfing nearby Safe-deposit box at front desk,Distances are displayed to the nearest 0.1 mile and kilometer. <br /> <p>Miracle Mile of Shopping - 1.3 km / 0.8 mi <br /> Warwick Mall - 2.6 km / 1.6 mi <br /> Lincoln Park Cemetery - 3.7 km / 2.3 mi <br /> Warwick City Hall - 3.9 km / 2.4 mi <br /> Mulligan s Island Golf and Entertainment - 5.5 km / 3.4 mi <br /> Warwick Pond - 6.1 km / 3.8 mi <br /> Warwick City Park - 6.1 km / 3.8 mi <br /> Launch Trampoline Park - 6.2 km / 3.8 mi <br /> Garden City Center - 6.9 km / 4.3 mi <br /> Warwick Public Library - 7.5 km / 4.7 mi <br /> Pawtuxet Park - 8.3 km / 5.2 mi <br /> Windmill Cottage - 8.4 km / 5.2 mi <br /> Roger Williams Park Zoo - 8.6 km / 5.3 mi <br /> Roger Williams Park Carousel Village - 9.1 km / 5.6 mi <br /> Museum of Natural History and Planetarium - 9.5 km / 5.9 mi <br /> </p><p>The nearest airports are:<br />T.F. Green Airport (PVD) - 3.4 km / 2.1 mi<br /> Newport  RI (NPT-Newport State) - 46.7 km / 29 mi<br /> North Kingstown  RI (NCO-Quonset State) - 22.4 km / 13.9 mi<br /> Pawtucket  RI (SFZ-North Central State) - 31 km / 19.2 mi<br /> New Bedford  MA (EWB-New Bedford Regional) - 60.2 km / 37.4 mi<br /> </p><p>The preferred airport for Homewood Suites by Hilton Providence/Warwick is T.F. Green Airport (PVD). </p>,33 International Way WarwickRhode Island 02886 ,02886,4017380008,http://homewoodsuites3.hilton.com/en/hotels/rhode-island/homewood-suites-by-hilton-providence-warwick-WRWHWHW/index.html
Rhode Island,,41.72633,-71.44361,Hyatt Place Warwick Providence Airport,3.0,"<p>HeadLine : Near Lincoln Park Cemetery</p><p>Location : When you stay at Hyatt Place Warwick / Providence Airport in Warwick, you ll be near the airport, within a 15-minute drive of Roger Williams Park Zoo and Brown University.  This hotel is 7.6 mi (12.3 km) from Providence Performing Arts Center and 8.2 mi (13.2 km) from Rhode Island Convention Center.</p><p>Rooms : Make yourself at home in one of the 125 guestrooms featuring refrigerators and flat-screen televisions. Your bed comes with premium bedding, and all rooms are furnished with sofa beds. Complimentary wireless Internet access is available to keep you connected. Private bathrooms have hair dryers and toothbrushes and toothpaste.</p><p>Dining : Enjoy a meal at the restaurant, or stay in and take advantage of the hotel s room service (during limited hours). Wrap up your day with a drink at the bar/lounge. A complimentary buffet breakfast is included.</p><p>CheckIn Instructions : <ul>  <li>Extra-person charges may apply and vary depending on property policy</li><li>Government-issued photo identification and a credit card, debit card, or cash deposit may be required at check-in for incidental charges</li><li>Special requests are subject to availability upon check-in and may incur additional charges; special requests cannot be guaranteed</li><li>This property accepts credit cards; cash is not accepted</li><li>Please note that cultural norms and guest policies may differ by country and by property; the policies listed are provided by the property</li>  </ul> <ul>  <li>It is Hyatts practice to enter any occupied guestroom at a minimum of once within a 24-hour period, even if a guest has requested privacy.  Appropriate efforts are made to provide advance notice to the registered guest before entering an occupied guestroom.</li>  </ul></p><p>Special Instructions : It is Hyatt s practice to enter any occupied guestroom at a minimum of once within a 24-hour period, even if a guest has requested privacy. Appropriate efforts are made to provide advance notice to the registered guest before entering an occupied guestroom.Front desk staff will greet guests on arrival.</p>",Number of indoor pools - 1 Garden In-room accessibility (in select rooms) Wheelchair accessible parking Wedding services Accessible bathroom (in select rooms) RV  bus  truck parking Free airport transportation - pickup 24-hour fitness facilities Free Buffet Breakfast Off-street parking Luggage storage Free breakfast Express check-out Business center Dry cleaning/laundry service Wheelchair accessible (may have limitations) Express check-in Number of meeting rooms - 3 Swimming pool Free WiFi Number of bars/lounges - 1 24-hour front desk Smoke-free property Laundry facilities elevator Free self parking Fitness facilities Conference space Conference space size (feet) - 1810 Concierge services 24-hour business center,Distances are displayed to the nearest 0.1 mile and kilometer. <br /> <p>Lincoln Park Cemetery - 2.4 km / 1.5 mi <br /> Warwick City Hall - 3.6 km / 2.2 mi <br /> Miracle Mile of Shopping - 3.7 km / 2.3 mi <br /> Warwick Mall - 4.4 km / 2.7 mi <br /> Warwick Pond - 4.6 km / 2.8 mi <br /> Warwick City Park - 4.8 km / 3 mi <br /> Warwick Public Library - 6.1 km / 3.8 mi <br /> Garden City Center - 6.5 km / 4.1 mi <br /> Pawtuxet Park - 6.9 km / 4.3 mi <br /> Roger Williams Park Zoo - 7.4 km / 4.6 mi <br /> Providence River - 7.8 km / 4.8 mi <br /> Roger Williams Park Carousel Village - 7.9 km / 4.9 mi <br /> Launch Trampoline Park - 7.9 km / 4.9 mi <br /> Mulligan s Island Golf and Entertainment - 8 km / 5 mi <br /> Oakland Beach - 8.1 km / 5.1 mi <br /> </p><p>The nearest airports are:<br />T.F. Green Airport (PVD) - 2.1 km / 1.3 mi<br /> Newport  RI (NPT-Newport State) - 47.8 km / 29.7 mi<br /> North Kingstown  RI (NCO-Quonset State) - 23.6 km / 14.6 mi<br /> Pawtucket  RI (SFZ-North Central State) - 26.6 km / 16.5 mi<br /> New Bedford  MA (EWB-New Bedford Regional) - 58.8 km / 36.6 mi<br /> </p><p>The preferred airport for Hyatt Place Warwick / Providence Airport is T.F. Green Airport (PVD). </p>,800 Jefferson Blvd Warwick 2886 Usa WarwickRhode Island 02886 ,02886,4017388700,https://warwickprovidenceairport.place.hyatt.com/e
Rhode Island,,38.90946,-77.03087,1305 Rhode Island Apartement #1086,5.0,"In the centre of Washington, located within a short distance of Walter E Washington Convention Center and Phillips Collection, 1305 Rhode Island Apartement #1086 offers free WiFi, air conditioning and household amenities such as a fridge and coffee machine. The property is 2.7 km from US Holocaust Memorial Museum and 2.8 km from Newseum.

This apartment is equipped with 2 bedrooms, a kitchen with a dishwasher and a microwave, a TV, a seating area and 1 bathroom.

A childrens playground is available on site and cycling can be enjoyed within close proximity of the apartment.

White House is 2.1 km from 1305 Rhode Island Apartement #1086, while Washington Monument is 2.4 km away. The nearest airport is Ronald Reagan Washington National Airport, 7 km from the accommodation. Guests are required to show a photo identification and credit card upon check-in. Please note that all Special Requests are subject to availability and additional charges may apply.
Guests must be 25 years of age or older to check-in and must be staying at the property.",Cycling Heating Massage cashless payment available wifi available in all areas Free WiFi internet services use of cleaning chemicals that are effective against coronavirus grocery deliveries Air conditioning Non-smoking rooms Fishing Hiking wifi staff follow all safety protocols as directed by local authorities linens  towels and laundry washed in accordance with local authority guidelines children's playground physical distancing rules followed,,1305 Rhode Island Ave Nw  ,20005,,https://www.booking.com/hotel/us/1305-rhode-island-apartement-1086-apts.html
Rhode Island,,38.90946,-77.03087,1305 Northwest Rhode Island Apartment #1076 Apts,5.0,"In the centre of Washington, located within a short distance of Walter E Washington Convention Center and Phillips Collection, 1305 Northwest Rhode Island Apartment #1076 Apts offers free WiFi, air conditioning and household amenities such as a fridge and coffee machine. The property is 2.7 km from US Holocaust Memorial Museum and 2.8 km from Newseum.

The apartment features 2 bedrooms, a TV with satellite channels, an equipped kitchen with a dishwasher and a microwave, a washing machine, and 1 bathroom with a bath.

A childrens playground is available on site and cycling can be enjoyed within close proximity of the apartment.

White House is 2 km from 1305 Northwest Rhode Island Apartment #1076 Apts, while Washington Monument is 2.4 km away. The nearest airport is Ronald Reagan Washington National Airport, 7 km from the accommodation. Guests are required to show a photo identification and credit card upon check-in. Please note that all Special Requests are subject to availability and additional charges may apply.
Guests under the age of 25 can only check in with a parent or official guardian who is also staying in the unit.
Please note if the reservation is canceled, the total amount plus all fees (including the service charge and taxes) are non-refundable.",Non-smoking rooms cashless payment available Massage Hiking children's playground Cycling use of cleaning chemicals that are effective against coronavirus Non-smoking throughout Free WiFi Heating Fishing staff follow all safety protocols as directed by local authorities internet services physical distancing rules followed wifi available in all areas Air conditioning wifi linens  towels and laundry washed in accordance with local authority guidelines grocery deliveries,,1305 Rhode Island Ave Nw  ,20005,,https://www.booking.com/hotel/us/1305-northwest-rhode-island-apartment-1076-apts.html
Rhode Island,,38.90946,-77.03087,1305 Northwest Rhode Island Apartment #1071 Apts,5.0,"In the centre of Washington, located within a short distance of Walter E Washington Convention Center and Phillips Collection, 1305 Northwest Rhode Island Apartment #1071 Apts offers free WiFi, air conditioning and household amenities such as a fridge and coffee machine. This apartment is 2.7 km from US Holocaust Memorial Museum and 2.8 km from Newseum.

The apartment features 2 bedrooms, a TV with satellite channels, an equipped kitchen with a dishwasher and a microwave, a washing machine, and 1 bathroom with a bath.

A childrens playground is available on site and cycling can be enjoyed within close proximity of the apartment.

White House is 2 km from 1305 Northwest Rhode Island Apartment #1071 Apts, while Washington Monument is 2.4 km away. The nearest airport is Ronald Reagan Washington National Airport, 7 km from the accommodation. Guests are required to show a photo identification and credit card upon check-in. Please note that all Special Requests are subject to availability and additional charges may apply.
Guests under the age of 25 can only check in with a parent or official guardian who is also staying in the unit.
Please note if the reservation is canceled, the total amount plus all fees (including the service charge and taxes) are non-refundable.",Cycling wifi wifi available in all areas staff follow all safety protocols as directed by local authorities Heating children's playground physical distancing rules followed Fishing Hiking Free WiFi Massage linens  towels and laundry washed in accordance with local authority guidelines use of cleaning chemicals that are effective against coronavirus internet services Air conditioning grocery deliveries cashless payment available Non-smoking rooms,,1305 Rhode Island Ave Nw  ,20005,,https://www.booking.com/hotel/us/1305-northwest-rhode-island-apartment-1071-apts.html
Rhode Island,,41.651775,-71.60749,Super 8 By Wyndham West Greenwich providence,2.0,"<p>HeadLine : In West Greenwich</p><p>Location : Located in West Greenwich, Super 8 by Wyndham West Greenwich/Providence is within a 15-minute drive of Nathanael Greene Homestead and Arcadia Wildlife Management Area.  This motel is 21.5 mi (34.7 km) from University of Rhode Island and 7.5 mi (12.1 km) from Hope Pond Beach.</p><p>Rooms : Make yourself at home in one of the 47 guestrooms featuring refrigerators and microwaves. Complimentary wireless Internet access keeps you connected, and cable programming is available for your entertainment. Bathrooms have shower/tub combinations and hair dryers. Conveniences include desks and irons/ironing boards, and housekeeping is provided daily.</p><p>Dining : A complimentary on-the-go breakfast is served daily from 6:00 AM to 10:00 AM.</p><p>CheckIn Instructions : <ul>  <li>Extra-person charges may apply and vary depending on property policy</li><li>Government-issued photo identification and a credit card, debit card, or cash deposit may be required at check-in for incidental charges</li><li>Special requests are subject to availability upon check-in and may incur additional charges; special requests cannot be guaranteed</li><li>This property accepts credit cards; cash is not accepted</li><li>Please note that cultural norms and guest policies may differ by country and by property; the policies listed are provided by the property</li>  </ul></p><p>Special Instructions : Front desk staff will greet guests on arrival.</p>",Wheelchair accessible (may have limitations) Free breakfast to go Vending machine Free breakfast Business center 24-hour front desk Water dispenser Wheelchair-accessible registration desk Free WiFi Daily Smoke-free property In-room accessibility (in select rooms) Wheelchair accessible parking RV  bus  truck parking Free self parking Computer station 24-hour business center,Distances are displayed to the nearest 0.1 mile and kilometer. <br /> <p>Nathanael Greene Homestead - 8.6 km / 5.3 mi <br /> Arcadia Wildlife Management Area - 10.1 km / 6.3 mi <br /> Hope Pond Beach - 12.1 km / 7.5 mi <br /> Leyden Farm Vineyards & Winery - 13.5 km / 8.4 mi <br /> Windmill Cottage - 13.8 km / 8.6 mi <br /> Varnum Memorial Armory - 14.3 km / 8.9 mi <br /> Varnum House Museum - 14.4 km / 8.9 mi <br /> J L Curran Fishing Area - 14.5 km / 9 mi <br /> Launch Trampoline Park - 14.6 km / 9 mi <br /> Armory of the Kentish Guards - 14.7 km / 9.1 mi <br /> Clouds Hill Victorian Museum - 15.9 km / 9.9 mi <br /> New England Wireless and Steam Museum - 16 km / 9.9 mi <br /> Warwick City Hall - 16.3 km / 10.1 mi <br /> Warwick Museum of Art - 16.3 km / 10.1 mi <br /> Arcadia Wildlife Management Area - 16.3 km / 10.1 mi <br /> </p><p>The nearest airports are:<br />T.F. Green Airport (PVD) - 20.6 km / 12.8 mi<br /> North Kingstown  RI (NCO-Quonset State) - 24 km / 14.9 mi<br /> Newport  RI (NPT-Newport State) - 47.8 km / 29.7 mi<br /> Pawtucket  RI (SFZ-North Central State) - 44.8 km / 27.9 mi<br /> Westerly  RI (WST-Westerly State) - 41.9 km / 26 mi<br /> </p><p>The preferred airport for Super 8 by Wyndham West Greenwich/Providence is T.F. Green Airport (PVD). </p>,101 Nooseneck Hill Rd. West GreenwichRhode Island 02817 ,02817,4013973381,https://www.wyndhamhotels.com/super-8/west-greenwich-rhode-island/super-8-west-greenwich-providence
Rhode Island,,41.6528,-71.60541,Best Western West Greenwich Inn,2.0,"<p>HeadLine : In West Greenwich</p><p>Location : Located in West Greenwich, Best Western West Greenwich Inn is within a 15-minute drive of Launch Trampoline Park and Warwick City Hall.  This hotel is 9.9 mi (16 km) from Warwick Museum of Art and 11 mi (17.7 km) from Ocean State Theatre.</p><p>Rooms : Make yourself at home in one of the 56 air-conditioned rooms featuring refrigerators and microwaves. Your room comes with a pillowtop bed. 32-inch flat-screen televisions with cable programming provide entertainment, while complimentary wireless Internet access keeps you connected. Bathrooms have shower/tub combinations and hair dryers.</p><p>Dining : A complimentary buffet breakfast is served daily from 6:00 AM to 10 AM.</p><p>CheckIn Instructions : <ul>  <li>Extra-person charges may apply and vary depending on property policy</li><li>Government-issued photo identification and a credit card, debit card, or cash deposit may be required at check-in for incidental charges</li><li>Special requests are subject to availability upon check-in and may incur additional charges; special requests cannot be guaranteed</li><li>Noise-free guestrooms cannot be guaranteed</li><li>Be prepared: check the latest COVID-19 travel requirements and measures in place for this destination before you travel.</li><li>Please note that cultural norms and guest policies may differ by country and by property; the policies listed are provided by the property</li>  </ul></p><p>Special Instructions : Front desk staff will greet guests on arrival.</p>",Wheelchair accessible (may have limitations) Laundry facilities Wheelchair accessible path of travel Television in common areas Accessible bathroom Wheelchair accessible parking In-room accessibility Barbecue grill(s) Picnic area Daily Fitness facilities 24-hour front desk Free breakfast Business center Express check-out Tours/ticket assistance Free self parking Free WiFi Smoke-free property Computer station Wheelchair accessible RV  bus  truck parking Free Buffet Breakfast 24-hour business center Wheelchair-accessible registration desk Fireplace in lobby Wheelchair-accessible meeting spaces/business center,Distances are displayed to the nearest 0.1 mile and kilometer. <br /> <p>Arcadia Wildlife Management Area - 9.7 km / 6 mi <br /> Hope Pond Beach - 11.8 km / 7.3 mi <br /> Leyden Farm Vineyards & Winery - 13.1 km / 8.2 mi <br /> Windmill Cottage - 13.5 km / 8.4 mi <br /> Varnum Memorial Armory - 14 km / 8.7 mi <br /> Varnum House Museum - 14 km / 8.7 mi <br /> Launch Trampoline Park - 14.2 km / 8.8 mi <br /> J L Curran Fishing Area - 14.2 km / 8.8 mi <br /> Armory of the Kentish Guards - 14.3 km / 8.9 mi <br /> New England Wireless and Steam Museum - 15.7 km / 9.7 mi <br /> Warwick City Hall - 15.9 km / 9.9 mi <br /> Warwick Museum of Art - 16 km / 9.9 mi <br /> Arcadia Wildlife Management Area - 16 km / 9.9 mi <br /> Kent Hospital - 16.2 km / 10.1 mi <br /> Goddard Memorial State Park - 16.2 km / 10.1 mi <br /> </p><p>The nearest airports are:<br />T.F. Green Airport (PVD) - 20.3 km / 12.6 mi<br /> North Kingstown  RI (NCO-Quonset State) - 23.4 km / 14.6 mi<br /> Newport  RI (NPT-Newport State) - 47.7 km / 29.6 mi<br /> Pawtucket  RI (SFZ-North Central State) - 44.5 km / 27.6 mi<br /> Westerly  RI (WST-Westerly State) - 41.6 km / 25.8 mi<br /> </p><p>The preferred airport for Best Western West Greenwich Inn is T.F. Green Airport (PVD). </p>,99 Nooseneck Hill Rd West GreenwichRhode Island 02817 ,02817,4013975494,http://bestwesternrhodeisland.com/hotels/best-western-west-greenwich-inn
Rhode Island,,41.67007,-71.50412,SpringHill Suites Providence West Warwick,2.0,"<p>HeadLine : Near the airport</p><p>Location : With a stay at Springhill Suites by Marriott Warwick in West Warwick, you ll be near the airport, within a 15-minute drive of Roger Williams Park Zoo and Launch Trampoline Park.  This hotel is 14.4 mi (23.2 km) from Brown University and 17.4 mi (28 km) from University of Rhode Island.</p><p>Rooms : Make yourself at home in one of the 108 guestrooms featuring refrigerators and microwaves. Complimentary wireless Internet access keeps you connected, and cable programming is available for your entertainment. Partially open bathrooms with shower/tub combinations feature complimentary toiletries and hair dryers. Conveniences include desks and separate sitting areas, and housekeeping is provided daily.</p><p>Dining : Grab a bite from the snack bar/deli serving guests of Springhill Suites by Marriott Warwick. Wrap up your day with a drink at the bar/lounge. A complimentary on-the-go breakfast is served daily from 6:00 AM to 9:00 AM.</p><p>CheckIn Instructions : <ul>  <li>Extra-person charges may apply and vary depending on property policy</li><li>Government-issued photo identification and a credit card, debit card, or cash deposit may be required at check-in for incidental charges</li><li>Special requests are subject to availability upon check-in and may incur additional charges; special requests cannot be guaranteed</li><li>This property accepts credit cards; cash is not accepted</li><li>Please note that cultural norms and guest policies may differ by country and by property; the policies listed are provided by the property</li>  </ul></p><p>Special Instructions : This property offers transfers from the airport. Guests must contact the property with arrival details before travel, using the contact information on the booking confirmation. Front desk staff will greet guests on arrival.</p>",Wheelchair-accessible van parking Wheelchair-accessible path to elevator Wheelchair-accessible registration desk Pool hoist on site Television in common areas Wheelchair-accessible fitness center Wheelchair-accessible pool Well-lit path to entrance Picnic area Stair-free path to entrance Free area shuttle Free breakfast to go Luggage storage Express check-out Business center 24-hour front desk Safe-deposit box at front desk Smoke-free property Snack bar/deli Free self parking ATM/banking Wheelchair accessible path of travel Pool sun loungers Accessible shuttle Free breakfast Visual alarms in hallways Number of accessible parking spaces - 5 Daily Wheelchair-accessible meeting spaces/business center Coffee/tea in common areas Laundry facilities elevator Fitness facilities Wheelchair accessible (may have limitations) Gift shops or newsstand Dry cleaning/laundry service Outdoor furniture Free WiFi Number of bars/lounges - 1 Number of spa tubs - 1 Braille or raised signage Assistive listening devices available Number of indoor pools - 1 In-room accessibility (in select rooms) Wheelchair accessible parking Roll-in shower (in select rooms) Accessible bathroom (in select rooms) Fireplace in lobby Free airport transportation Accessible airport shuttle Wheelchair-accessible lounge,Distances are displayed to the nearest 0.1 mile and kilometer. <br /> <p>Launch Trampoline Park - 3.9 km / 2.4 mi <br /> Windmill Cottage - 4.9 km / 3.1 mi <br /> Miracle Mile of Shopping - 6.4 km / 4 mi <br /> Warwick City Hall - 6.8 km / 4.2 mi <br /> New England Wireless and Steam Museum - 7.1 km / 4.4 mi <br /> Nathanael Greene Homestead - 7.6 km / 4.7 mi <br /> Warwick Mall - 7.7 km / 4.8 mi <br /> Goddard Memorial State Park - 8.3 km / 5.1 mi <br /> Ocean State Theatre - 8.6 km / 5.4 mi <br /> Warwick City Park - 10 km / 6.2 mi <br /> Biomes Marine Biology Center - 10.2 km / 6.4 mi <br /> Goddard Memorial State Park Beach - 10.6 km / 6.6 mi <br /> Mulligan s Island Golf and Entertainment - 10.6 km / 6.6 mi <br /> Seabee Museum and Memorial Park - 11.5 km / 7.2 mi <br /> Warwick Public Library - 11.8 km / 7.3 mi <br /> </p><p>The nearest airports are:<br />T.F. Green Airport (PVD) - 10.4 km / 6.4 mi<br /> Newport  RI (NPT-Newport State) - 39.1 km / 24.3 mi<br /> North Kingstown  RI (NCO-Quonset State) - 14.9 km / 9.2 mi<br /> Pawtucket  RI (SFZ-North Central State) - 34.1 km / 21.2 mi<br /> Westerly  RI (WST-Westerly State) - 51.3 km / 31.9 mi<br /> </p><p>The preferred airport for Springhill Suites by Marriott Warwick is T.F. Green Airport (PVD). </p>,14 James P. Murphy Industrial Highway West WarwickRhode Island 02893 ,02893,4018221244,http://www.marriott.com/hotels/travel/pvdsh-springhill-suites-providence-west-warwick/
Rhode Island,,41.663513,-71.50014,Extended Stay America Providence West Warwick,2.0,"<p>HeadLine : In East Greenwich</p><p>Location : With a stay at Extended Stay America Suites Providence  West Warwick in East Greenwich, you ll be within a 15-minute drive of Roger Williams Park Zoo and Launch Trampoline Park.  This hotel is 14.2 mi (22.9 km) from Brown University and 15.3 mi (24.7 km) from University of Rhode Island.</p><p>Rooms : Make yourself at home in one of the 104 guestrooms, featuring kitchens with refrigerators and stovetops. 32-inch flat-screen televisions with cable programming provide entertainment, while complimentary wireless Internet access keeps you connected. Conveniences include phones, as well as desks and microwaves.</p><p>Dining : A complimentary on-the-go breakfast is served daily from 6 AM to 9:30 AM.</p><p>CheckIn Instructions : <ul>  <li>Extra-person charges may apply and vary depending on property policy</li><li>Government-issued photo identification and a credit card may be required at check-in for incidental charges</li><li>Special requests are subject to availability upon check-in and may incur additional charges; special requests cannot be guaranteed</li><li>This property accepts credit cards; cash is not accepted</li><li>Please note that cultural norms and guest policies may differ by country and by property; the policies listed are provided by the property</li>  </ul></p><p>Special Instructions : Front desk staff will greet guests on arrival. For more details, please contact the property using the information on the booking confirmation.</p>",Free breakfast to go Vending machine Free breakfast 24-hour front desk Free WiFi Daily Golfing nearby Housekeeping on request Safe-deposit box at front desk Smoke-free property In-room accessibility (in select rooms) Coffee/tea in common areas Internet access in public areas - high speed Laundry facilities Roll-in shower (in select rooms) Use of nearby fitness center (discount) Accessible bathroom (in select rooms) elevator Free self parking Wheelchair accessible (may have limitations),Distances are displayed to the nearest 0.1 mile and kilometer. <br /> <p>Windmill Cottage - 4.2 km / 2.6 mi <br /> Launch Trampoline Park - 4.7 km / 2.9 mi <br /> New England Wireless and Steam Museum - 6 km / 3.7 mi <br /> Goddard Memorial State Park - 6.6 km / 4.1 mi <br /> Warwick City Hall - 7 km / 4.4 mi <br /> Miracle Mile of Shopping - 7 km / 4.4 mi <br /> Ocean State Theatre - 8.8 km / 5.5 mi <br /> Nathanael Greene Homestead - 8.9 km / 5.5 mi <br /> Warwick Mall - 9.1 km / 5.7 mi <br /> Biomes Marine Biology Center - 9.1 km / 5.7 mi <br /> Goddard Memorial State Park Beach - 9.5 km / 5.9 mi <br /> Seabee Museum and Memorial Park - 10.1 km / 6.3 mi <br /> Warwick City Park - 10.2 km / 6.3 mi <br /> Smith s Castle - 11.9 km / 7.4 mi <br /> Warwick Public Library - 12 km / 7.4 mi <br /> </p><p>The nearest airports are:<br />T.F. Green Airport (PVD) - 11.4 km / 7.1 mi<br /> Newport  RI (NPT-Newport State) - 37.8 km / 23.5 mi<br /> North Kingstown  RI (NCO-Quonset State) - 14 km / 8.7 mi<br /> Pawtucket  RI (SFZ-North Central State) - 35.6 km / 22.1 mi<br /> Westerly  RI (WST-Westerly State) - 52 km / 32.3 mi<br /> </p><p>The preferred airport for Extended Stay America Suites Providence  West Warwick is T.F. Green Airport (PVD). </p>,1235 Division Rd East GreenwichRhode Island 02818 ,02818,4018853161,http://www.extendedstayamerica.com/hotels/ri/providence/west-warwick
Rhode Island,,41.67046,-71.50437,Comfort Suites West Warwick,2.0,"<p>HeadLine : In the business district</p><p>Location : Located in West Warwick, Comfort Suites West Warwick - Providence is in the business district, a 4-minute drive from Launch Trampoline Park and 7 minutes from Warwick City Hall.  This hotel is 4.8 mi (7.7 km) from Warwick Mall and 5 mi (8.1 km) from Nathanael Greene Homestead.</p><p>Rooms : Make yourself at home in one of the 88 guestrooms featuring refrigerators and microwaves. Complimentary wireless Internet access keeps you connected, and cable programming is available for your entertainment. Private bathrooms with shower/tub combinations feature complimentary toiletries and hair dryers. Conveniences include desks and separate sitting areas, as well as phones with free local calls.</p><p>Dining : A complimentary buffet breakfast is served on weekdays from 6:00 AM to 9:00 AM and on weekends from 7:00 AM to 10:00 AM.</p><p>CheckIn Instructions : <ul>  <li>Extra-person charges may apply and vary depending on property policy</li><li>Government-issued photo identification and a credit card, debit card, or cash deposit may be required at check-in for incidental charges</li><li>Special requests are subject to availability upon check-in and may incur additional charges; special requests cannot be guaranteed</li><li>This property accepts credit cards, debit cards, and cash</li><li>Safety features at this property include a fire extinguisher, a smoke detector, and a first aid kit</li><li>Please note that cultural norms and guest policies may differ by country and by property; the policies listed are provided by the property</li>  </ul></p><p>Special Instructions : Front desk staff will greet guests on arrival.</p>",Dry cleaning/laundry service Wheelchair accessible (may have limitations) Free WiFi Assistive listening devices available Garden Picnic area In-room accessibility (in select rooms) Wheelchair accessible parking Free newspapers in lobby Roll-in shower (in select rooms) Accessible bathroom (in select rooms) Free Buffet Breakfast Off-street parking Luggage storage Free breakfast 24-hour front desk Daily Safe-deposit box at front desk Smoke-free property Coffee/tea in common areas elevator Free self parking Terrace Wheelchair accessible path of travel 24-hour business center,Distances are displayed to the nearest 0.1 mile and kilometer. <br /> <p>Launch Trampoline Park - 3.9 km / 2.4 mi <br /> Windmill Cottage - 4.9 km / 3 mi <br /> Miracle Mile of Shopping - 6.4 km / 4 mi <br /> Warwick City Hall - 6.8 km / 4.2 mi <br /> New England Wireless and Steam Museum - 7.1 km / 4.4 mi <br /> Warwick Mall - 7.7 km / 4.8 mi <br /> Nathanael Greene Homestead - 8.1 km / 5 mi <br /> Goddard Memorial State Park - 8.2 km / 5.1 mi <br /> Ocean State Theatre - 8.6 km / 5.3 mi <br /> Warwick City Park - 10 km / 6.2 mi <br /> Biomes Marine Biology Center - 10.2 km / 6.4 mi <br /> Mulligan s Island Golf and Entertainment - 10.5 km / 6.5 mi <br /> Goddard Memorial State Park Beach - 10.5 km / 6.6 mi <br /> Seabee Museum and Memorial Park - 11.5 km / 7.1 mi <br /> Warwick Public Library - 11.8 km / 7.3 mi <br /> </p><p>The nearest airports are:<br />T.F. Green Airport (PVD) - 10.3 km / 6.4 mi<br /> Newport  RI (NPT-Newport State) - 39.1 km / 24.3 mi<br /> North Kingstown  RI (NCO-Quonset State) - 14.8 km / 9.2 mi<br /> Pawtucket  RI (SFZ-North Central State) - 34.1 km / 21.2 mi<br /> Westerly  RI (WST-Westerly State) - 51.3 km / 31.9 mi<br /> </p><p>The preferred airport for Comfort Suites West Warwick - Providence is T.F. Green Airport (PVD). </p>,10 Keyes Way West WarwickRhode Island 02893 ,02893,4018261800,http://htts://www.choicehotels.com/rhode-island/west-warwick/comfort-suites-hotels/ri016
Rhode Island,,41.35238,-71.7906,Aquastar Inn,3.0,"Featuring an outdoor swimming pool, Aquastar Inn is located in Westerly, Rhode Island. Free Wi-Fi access is available.

A flat-screen cable TV, coffee maker, microwave, refrigerator, and air conditioning/heating are included in each room. Hair dryers, alarm clocks, and irons are available upon request.

Westerlys Aquastar Inn has an on-site childrens playground. There is also a shared picnic area and an outdoor fireplace. The property offers free parking.

Vending machines provide additional refreshments.

Misquamicut Beach is 6.6 km away from the Aquastar Inn. Mystic Aquarium is 22 km away. Guests are required to show a photo identification and credit card upon check-in. Please note that all Special Requests are subject to availability and additional charges may apply.
Please inform Aquastar Inn in advance of your expected arrival time. You can use the Special Requests box when booking, or contact the property directly with the contact details provided in your confirmation.
Please be advised  that the lobby closes promptly at  5:00 PM (off season) and at 9:00 PM (in season).

Please call the hotel to make arrangements to get your room key if you plan to arrive later, as you will not be able to get into your room otherwise.",Parking Pets allowed Room service Golf course (within 3 km) Garden Non-smoking rooms Family rooms Free parking internet services express check-in/check-out children's playground BBQ facilities Heating wifi Outdoor pool Free WiFi Non-smoking throughout Air conditioning designated smoking area Private check-in/check-out vending machine (drinks) Daily housekeeping parking on site Private parking sun loungers or beach chairs Picnic area Outdoor fireplace Swimming pool Key card access Smoke alarms CCTV in common areas CCTV outside property Fire extinguishers Swimming pool use of cleaning chemicals that are effective against coronavirus linens  towels and laundry washed in accordance with local authority guidelines guest accommodation is disinfected between stays physical distancing rules followed invoice provided,,110 Post Road WesterlyRhode Island 02891 ,02891,4015962892,https://www.booking.com/hotel/us/aquastar-inn.html
Rhode Island,,41.33672,-71.79615,Winnapaug Inn,3.0,"Set in Westerly, 26 km from Mystic Seaport, Winnapaug Inn offers accommodation with a seasonal outdoor swimming pool, free private parking, a garden and a terrace. Offering a restaurant, the property also has a bar, as well as a hot tub. The accommodation features a 24-hour front desk and a concierge service for guests.

At the hotel, the rooms include a wardrobe. Complete with a private bathroom fitted with a bath and free toiletries, all guest rooms at Winnapaug Inn have a flat-screen TV and air conditioning, and certain rooms also offer a balcony. At the accommodation the rooms are equipped with bed linen and towels.

Guests at Winnapaug Inn can enjoy a continental breakfast.

Foxwoods Casinos is 27 km from the hotel, while Towers in Narragansett is 34 km from the property. The nearest airport is T.F. Green Airport, 61 km from Winnapaug Inn. Guests are required to show a photo identification and credit card upon check-in. Please note that all Special Requests are subject to availability and additional charges may apply.
Please inform Winnapaug Inn in advance of your expected arrival time. You can use the Special Requests box when booking, or contact the property directly with the contact details provided in your confirmation.
In the event of an early departure, the property will charge you the full amount for your stay.
Swimming pool #1 is closed from Sat 30 Sept 2023 until Mon 29 Apr 2024
A damage deposit of USD 100 is required on arrival. This will be collected by credit card. You should be reimbursed on check-out. Your deposit will be refunded in full via credit card, subject to an inspection of the property.",cashless payment available physical distancing rules followed screens or physical barriers placed between staff and guests in appropriate areas invoice provided guests have the option to cancel any cleaning services for their accommodation during their stay face masks for guests available Parking Restaurant meeting/banquet facilities Bar 24-hour front desk Golf course (within 3 km) Garden Terrace Non-smoking rooms Free parking internet services lift express check-in/check-out Hot tub/jacuzzi Soundproof rooms Heating Fax/photocopying wifi Outdoor pool Free WiFi Non-smoking throughout Air conditioning Private beach area Sun terrace outdoor pool (seasonal) concierge service Private check-in/check-out vending machine (drinks) vending machine (snacks) Daily housekeeping parking on site Private parking wifi available in all areas board games/puzzles kids' outdoor play equipment secured parking Pool with view Heated pool Shallow end Wine/champagne sun loungers or beach chairs Outdoor furniture Fence around pool Picnic area Swimming pool Beach Swimming pool use of cleaning chemicals that are effective against coronavirus linens  towels and laundry washed in accordance with local authority guidelines guest accommodation is disinfected between stays staff follow all safety protocols as directed by local authorities shared stationery such as printed menus  magazines  pens  and paper removed hand sanitizer in guest accommodation and key areas process in place to check health of guests first aid kit available,,169 Shore Road WesterlyRhode Island 02891 ,02891,4013488350,https://www.booking.com/hotel/us/winnapaug-inn.html
Rhode Island,,41.35066,-71.77942,The Coast,2.0,"<p>HeadLine : Near East Beach</p><p>Location : A stay at The Coast places you in the heart of Westerly, within a 5-minute drive of Fenway Beach and Babcock-Smith House.  This motel is 14.5 mi (23.3 km) from Mystic Aquarium and Institute for Exploration and 15 mi (24.1 km) from Mystic Seaport.</p><p>Rooms : Make yourself at home in one of the 33 guestrooms featuring refrigerators. Complimentary wireless Internet access keeps you connected, and cable programming is available for your entertainment. Bathrooms have shower/tub combinations and hair dryers. Conveniences include phones with free local calls, and housekeeping is provided daily.</p><p>CheckIn Instructions : <ul>  <li>Extra-person charges may apply and vary depending on property policy</li><li>Government-issued photo identification and a credit card, debit card, or cash deposit may be required at check-in for incidental charges</li><li>Special requests are subject to availability upon check-in and may incur additional charges; special requests cannot be guaranteed</li><li>Be prepared: check the latest COVID-19 travel requirements and measures in place for this destination before you travel.</li>  </ul></p><p>Special Instructions : Front desk staff will greet guests on arrival.</p>",Free self parking Golfing nearby Free WiFi Smoke-free property Internet access in public areas - high speed 24-hour front desk Barbecue grill(s) Picnic area Express check-out Wheelchair accessible  no,Distances are displayed to the nearest 0.1 mile and kilometer. <br /> <p>Fenway Beach - 3.5 km / 2.2 mi <br /> Babcock-Smith House - 4.5 km / 2.8 mi <br /> East Beach - 4.6 km / 2.9 mi <br /> Westerly Hospital - 4.4 km / 2.7 mi <br /> Weekapaug Beach - 4.5 km / 2.8 mi <br /> Wilcox Park - 5.5 km / 3.4 mi <br /> Granite Theatre - 5.5 km / 3.4 mi <br /> Westerly Public Library - 5.6 km / 3.5 mi <br /> Black Duck Gallery - 5.7 km / 3.5 mi <br /> Atlantic Beach Park - 5.8 km / 3.6 mi <br /> Misquamicut State Beach - 8 km / 5 mi <br /> Water Wizz of Westerly - 8.3 km / 5.1 mi <br /> East Beach - 8.5 km / 5.3 mi <br /> East Beach Watch Hill - 8.6 km / 5.3 mi <br /> Flying Horses Carousel - 8.9 km / 5.6 mi <br /> </p><p>The nearest airports are:<br />T.F. Green Airport (PVD) - 61.6 km / 38.3 mi<br /> Westerly  RI (WST-Westerly State) - 3.7 km / 2.3 mi<br /> New London  CT (GON-Groton - New London) - 33.3 km / 20.7 mi<br /> Fishers Island  NY (FID-Elizabeth Field) - 49.9 km / 31 mi<br /> Block Island  RI (BID-Block Island State) - 63.3 km / 39.4 mi<br /> </p><p>The preferred airport for The Coast is T.F. Green Airport (PVD). </p>,171 Post Road WesterlyRhode Island 02891 ,02891,4013222000,
Rhode Island,,41.322118307,-71.809857034,Sandy Shore Motel & Resort,2.0,"<p><b>Property Location</b> <br />With a stay at Sandy Shore Motel in Westerly, you'll be on the beach, just steps from Misquamicut State Beach and a 2-minute drive from Water Wizz of Westerly.  This beach motel is 16.2 mi (26.1 km) from Mystic Seaport - The Museum of America and the Sea and 0.9 mi (1.4 km) from Atlantic Beach Park.</p><p><b>Rooms</b> <br />Make yourself at home in one of the 34 air-conditioned rooms featuring refrigerators. Rooms have private balconies or patios. Complimentary wireless Internet access keeps you connected, and cable programming is available for your entertainment. Bathrooms have showers and hair dryers.</p><p><b>Amenities</b> <br />Make use of convenient amenities such as complimentary wireless Internet access, gift shops/newsstands, and a picnic area.</p><p><b>Dining</b> <br />Quench your thirst with your favorite drink at the bar/lounge.</p><p><b>Business, Other Amenities</b> <br />Featured amenities include express check-in, express check-out, and complimentary newspapers in the lobby. Free self parking is available onsite.</p>",ATM/banking Bar/lounge Beach sun loungers Beach umbrellas Designated smoking areas Express check-in Express check-out Free WiFi Free newspapers in lobby Free self parking Gift shops or newsstand Number of buildings/towers - 1 Number of floors - 2 Picnic area Total number of rooms - 34,Distances are displayed to the nearest 0.1 mile and kilometer. <br /> <p>Misquamicut State Beach - 0.1 km / 0.1 mi <br /> Water Wizz of Westerly - 1.3 km / 0.8 mi <br /> Atlantic Beach Park - 1.4 km / 0.9 mi <br /> East Beach Watch Hill - 3 km / 1.9 mi <br /> Babcock-Smith House - 6.2 km / 3.8 mi <br /> The Flying Horse Carousel - 6.3 km / 3.9 mi <br /> Napatree Point - 6.4 km / 4 mi <br /> Granite Theatre - 6.8 km / 4.2 mi <br /> Watch Hill Lighthouse - 6.8 km / 4.2 mi <br /> Westerly Public Library - 6.9 km / 4.3 mi <br /> Wilcox Park - 7 km / 4.3 mi <br /> East Beach - 12.9 km / 8 mi <br /> Saltwater Farm Vineyard - 13.1 km / 8.1 mi <br /> Elmridge Golf Course - 14.1 km / 8.8 mi <br /> Captain Nathaniel Brown Palmer House - 15.2 km / 9.4 mi <br /> </p><p>The nearest airports are:<br />Westerly  RI (WST-Westerly State) - 3.9 km / 2.4 mi<br /> New London  CT (GON-Groton - New London) - 35.2 km / 21.9 mi<br /> Fishers Island  NY (FID-Elizabeth Field) - 51.8 km / 32.2 mi<br /> North Kingstown  RI (NCO-Quonset State) - 57.6 km / 35.8 mi<br /> Providence  RI (PVD-T.F. Green) - 63.6 km / 39.5 mi<br /> </p><p>The preferred airport for Sandy Shore Motel is Providence  RI (PVD-T.F. Green). </p>,149 Atlantic Avenue WesterlyRhode Island 02891 ,02891,4015965616,http://sandyshore.com
Rhode Island,,41.3424,-71.76876,Langworthy Farm Bed and Breakfast,5.0,"Set in Westerly in the Rhode Island region, Langworthy Farm Bed & Breakfast offers accommodation with free WiFi and free private parking.

Guests at the bed and breakfast can enjoy an American breakfast.

Guests can also relax in the garden.

Westerly Town Beach is 2.1 km from Langworthy Farm Bed & Breakfast. The nearest airport is T.F. Green Airport, 66 km from the accommodation. Guests are required to show a photo identification and credit card upon check-in. Please note that all Special Requests are subject to availability and additional charges may apply.
Please inform Langworthy Farm Bed & Breakfast in advance of your expected arrival time. You can use the Special Requests box when booking, or contact the property directly with the contact details provided in your confirmation.
This property will not accommodate hen, stag or similar parties.",Air conditioning Garden On-site parking wifi available in all areas Parking Daily housekeeping Free WiFi Non-smoking throughout wifi Free parking Non-smoking rooms Private parking internet services,,308 Shore Road Route 1AWesterlyRhode Island 02891 ,02891,4013227791,https://www.booking.com/hotel/us/langworthy-farm-bed-amp-breakfast.html
Rhode Island,,41.320482,-71.81767,Pleasant View Inn,3.0,"<p>HeadLine : Near Misquamicut State Beach</p><p>Location : When you a stay at Pleasant View Inn in Westerly, you ll be on the beach, just steps from Misquamicut State Beach and East Beach.  This beach hotel is 13 mi (20.9 km) from Mystic Aquarium and Institute for Exploration and 13.6 mi (21.8 km) from Mystic Seaport.</p><p>Rooms : Make yourself at home in one of the 112 air-conditioned rooms featuring refrigerators and flat-screen televisions. Cable television is provided for your entertainment. Private bathrooms with shower/tub combinations feature complimentary toiletries and hair dryers. Conveniences include safes and irons/ironing boards, and you can also request cribs/infant beds (surcharge).</p><p>Dining : Enjoy a satisfying meal at The Kitchen serving guests of Pleasant View Inn. Quench your thirst with your favorite drink at the bar/lounge.</p><p>Renovations : The property is closed between October 25 and April 30.</p><p>CheckIn Instructions : <ul>  <li>Extra-person charges may apply and vary depending on property policy</li><li>Government-issued photo identification and a credit card, debit card, or cash deposit may be required at check-in for incidental charges</li><li>Special requests are subject to availability upon check-in and may incur additional charges; special requests cannot be guaranteed</li><li>This property accepts credit cards and debit cards; cash is not accepted</li><li>Safety features at this property include a carbon monoxide detector, a fire extinguisher, a smoke detector, and a security system</li>  </ul></p><p>Special Instructions : This property doesn t offer after-hours check-in. Front desk staff will greet guests on arrival.</p>",Uncovered parking Heated pool Wheelchair accessible  no Business center 24-hour front desk Television in common areas Number of bars/lounges - 1 Arcade/game room Number of outdoor pools - 1 Golfing nearby Upper floors accessible by stairs only Smoke-free property Free self parking Terrace ATM/banking Pool sun loungers,Distances are displayed to the nearest 0.1 mile and kilometer. <br /> <p>Misquamicut State Beach - 0.1 km / 0.1 mi <br /> East Beach - 0.2 km / 0.1 mi <br /> Atlantic Beach Park - 1.9 km / 1.2 mi <br /> Water Wizz of Westerly - 2 km / 1.3 mi <br /> Flying Horses Carousel - 4.2 km / 2.6 mi <br /> Ninigret - 4.4 km / 2.7 mi <br /> Watch Hill Lighthouse - 4.5 km / 2.8 mi <br /> East Beach Watch Hill - 4.6 km / 2.8 mi <br /> The Flying Horse Carousel - 4.6 km / 2.8 mi <br /> Napatree Point - 4.7 km / 2.9 mi <br /> Fenway Beach - 5.1 km / 3.1 mi <br /> Weekapaug Beach - 6.1 km / 3.8 mi <br /> Westerly Hospital - 6.2 km / 3.8 mi <br /> Babcock-Smith House - 7 km / 4.4 mi <br /> Wilcox Park - 7.4 km / 4.6 mi <br /> </p><p>The nearest airports are:<br />T.F. Green Airport (PVD) - 64.2 km / 39.9 mi<br /> Westerly  RI (WST-Westerly State) - 4.5 km / 2.8 mi<br /> New London  CT (GON-Groton - New London) - 30.9 km / 19.2 mi<br /> Fishers Island  NY (FID-Elizabeth Field) - 47.6 km / 29.6 mi<br /> Block Island  RI (BID-Block Island State) - 68.3 km / 42.5 mi<br /> </p><p>The preferred airport for Pleasant View Inn is T.F. Green Airport (PVD). </p>,65 Atlantic Avenue Westerly (Rhode Island) ,02891,4013488200,http://www.pvinn.com/
Rhode Island,,41.32201,-71.81018,Misquamicut Beach Front Inn,5.0,"Located in Misquamicut, within a few steps of Misquamicut State Beach and 1.3 km of Westerly Town Beach, Misquamicut Beach Front Inn provides accommodation with a private beach area and free WiFi as well as free private parking for guests who drive. The property is around 21 km from Mystic Seaport, 27 km from Foxwoods Casinos and 37 km from Towers in Narragansett. Rooms are fitted with a balcony.

All units in the motel are fitted with a flat-screen TV with cable channels. With a private bathroom equipped with a shower and a hairdryer, certain units at Misquamicut Beach Front Inn also provide guests with a sea view. At the accommodation every room comes with bed linen and towels.

The nearest airport is T.F. Green Airport, 61 km from Misquamicut Beach Front Inn. Guests are required to show a photo identification and credit card upon check-in. Please note that all Special Requests are subject to availability and additional charges may apply.
Please inform Misquamicut Beach Front Inn in advance of your expected arrival time. You can use the Special Requests box when booking, or contact the property directly with the contact details provided in your confirmation.
Please note that early/late check-in/out is not available at this property.

The property offers parking for guests only and it is offered between the check-in and check-out times only. There is a maximum of 1 vehicle per reservation for on-site parking.",Parking Non-smoking rooms wifi Free WiFi Air conditioning Private beach area Beachfront parking on site Private parking secured parking Beach Key access Key card access Security alarm Smoke alarms CCTV in common areas CCTV outside property Facilities for disabled guests Free parking internet services lift Heating Fire extinguishers use of cleaning chemicals that are effective against coronavirus linens  towels and laundry washed in accordance with local authority guidelines,,145 Atlantic Avenue WesterlyRhode Island 02891 ,02891,4012129212,https://www.booking.com/hotel/us/misquamicut-beach-front-inn.html
Rhode Island,,41.32379,-71.81045,Point 1 Motel,2.0,"Featuring rooms with a TV and free WiFi access for all guests, this Westerly motel is located just 2 minutes walk from the beach. Bayview Fun Park is 20 minutes drive from the motel.

A balcony is provided with each room at Point 1 Resort & Motel. Guestrooms feature air conditioning, a microwave and a refrigerator. An en suite bathroom is included and features a shower.

Guests of the Point 1 Resort & Motel can take advantage of the on-site barbeque facilities or enjoy refreshments from the propertys vending machine. Free parking is available on-site.

Westerly State Airport is just 6 minutes drive from Point 1 Resort & Motel. Winnapaug Golf Course is just 2.7 km away. Guests are required to show a photo identification and credit card upon check-in. Please note that all Special Requests are subject to availability and additional charges may apply.
If you plan on arriving after 10 pm, please contact the property ahead of time to arrange check in.",Free WiFi Air conditioning vending machine (drinks) Daily housekeeping parking on site Private parking Smoke alarms Fire extinguishers Parking Non-smoking rooms internet services BBQ facilities wifi,,"24 26 Winnapaug Rd. Misquamicut BeachWesterlyRhode Island, RI 02891 ",02891,401348032014013480320,https://www.booking.com/hotel/us/point1resort-amp-motel.html
Rhode Island,,41.33765,-71.79238,The Villa Bed And Breakfast,4.0,"Located in Westerly, 1.4 km from Westerly Town Beach and 1.6 km from Misquamicut State Beach, The Villa Bed and Breakfast provides accommodation with free WiFi, air conditioning and access to a garden with an outdoor swimming pool. The accommodation features a spa bath.

All units come with a seating area, a flat-screen TV with satellite channels and a private bathroom with bathrobes, hot tub, shower and bath. Some units include a patio and/or a balcony with pool or garden views.

A à la carte breakfast is available daily at the bed and breakfast.

The Villa Bed and Breakfast offers 4-star accommodation with a hot tub and terrace.

A car rental service is available at the accommodation, while cycling can be enjoyed nearby.

The nearest airport is T.F. Green, 68 km from The Villa Bed and Breakfast, and the property offers a paid airport shuttle service. Guests are required to show a photo identification and credit card upon check-in. Please note that all Special Requests are subject to availability and additional charges may apply.
Please inform The Villa Bed and Breakfast in advance of your expected arrival time. You can use the Special Requests box when booking, or contact the property directly with the contact details provided in your confirmation.
Hot tub/jacuzzi is closed from Sun 18 Sept 2022 until Fri 19 May 2023
Swimming pool #1 is closed from Sun 18 Sept 2022 until Fri 19 May 2023
If arriving after 6pm, please contact the property to make arrangements for check-in.",Parking Room service meeting/banquet facilities 24-hour front desk Tennis Court Golf course (within 3 km) Garden Terrace Non-smoking rooms Airport shuttle Fishing Business centre Family rooms breakfast in the room Free parking internet services Valet parking Massage Hot tub/jacuzzi Movie nights Walking tours Bike tours Cooking class Key access Security alarm Smoke alarms Fire extinguishers Swimming pool Swimming pool Beach Canoeing Hiking BBQ facilities Packed lunches Car hire Cycling Shuttle service Heating Fax/photocopying Snorkelling Luggage storage wifi Outdoor pool Free WiFi Air conditioning Sun terrace outdoor pool (seasonal) concierge service Private check-in/check-out shuttle service (additional charge) Special diet menus (on request) airport shuttle (additional charge) Daily housekeeping parking on site Private parking Open-air bath Swimming pool toys Accessible parking Pool with view Heated pool Shallow end Pool cover Wine/champagne Fruits Outdoor furniture Fence around pool Picnic area Outdoor fireplace Spa lounge/relaxation area Spa/wellness packages,,"190 Shore Road WesterlyRhode Island, RI 02891 ",02891,401596105414015966268,https://www.booking.com/hotel/us/the-villa-bed-and-breakfast-westerly.html
Rhode Island,,41.32194,-71.81137,The Hotel Maria,,"The Hotel Maria is located in Westerly and features a private beach area. This 5-star hotel offers a shared lounge and valet parking. Guests can make use of a terrace.

At the hotel, every room is equipped with a wardrobe. Each room includes a coffee machine, a flat-screen TV and free WiFi, while some rooms also feature a balcony and some have sea views. The rooms will provide guests with a private bathroom.

Guests can enjoy a meal at the on-site restaurant, which serves a variety of Italian dishes and also offers dairy-free options.

Mystic is 20 km from The Hotel Maria, while Preston is 35 km away. T.F. Green Airport is 66 km from the property. Guests are required to show a photo identification and credit card upon check-in. Please note that all Special Requests are subject to availability and additional charges may apply.",Free self parking Restaurant Bar/lounge Terrace Non-smoking rooms Facilities for disabled guests VIP room facilities Internet access Elevator/lift Safe-deposit box at front desk Free valet parking Massage Soundproof rooms Bicycle rental (additional charge) Heating Free WiFi Free WiFi Non-smoking throughout Air conditioning On private beach Terrace Television in common areas Daily housekeeping Parking onsite Private parking Children television networks,,132 Atlantic Avenue Westerly 02891Rhode Island ,02891,4016224000,https://www.booking.com/hotel/us/the-maria.html
Rhode Island,,41.32166,-71.81047,Sandcastle Beachfront Inn,2.0,"<p><b>Property Location</b> <br />With a stay at Sandcastle Beachfront Inn in Westerly, you'll be steps from Misquamicut State Beach and a 2-minute drive from Water Wizz of Westerly.  This motel is 16.2 mi (26.1 km) from Mystic Seaport - The Museum of America and the Sea and 0.9 mi (1.4 km) from Atlantic Beach Park.</p><p><b>Rooms</b> <br />Make yourself at home in one of the 26 guestrooms featuring refrigerators. Rooms have private furnished patios. Complimentary wireless Internet access keeps you connected, and cable programming is available for your entertainment. Bathrooms have showers and complimentary toiletries.</p><p><b>Amenities</b> <br />Take in the views from a terrace and make use of amenities such as a picnic area.</p><p><b>Business, Other Amenities</b> <br />The front desk is staffed during limited hours. Free self parking is available onsite.</p>",Designated smoking areas Designated smoking areas (fines apply) Free self parking Front desk (limited hours) Parking (limited spaces) Picnic area Private beach nearby Terrace Total number of rooms - 26,Distances are displayed to the nearest 0.1 mile and kilometer. <br /> <p>Misquamicut State Beach - 0.1 km / 0.1 mi <br /> Water Wizz of Westerly - 1.4 km / 0.9 mi <br /> Atlantic Beach Park - 1.4 km / 0.9 mi <br /> East Beach Watch Hill - 3 km / 1.8 mi <br /> The Flying Horse Carousel - 5.7 km / 3.5 mi <br /> Napatree Point - 5.7 km / 3.6 mi <br /> Watch Hill Lighthouse - 6.2 km / 3.8 mi <br /> Babcock-Smith House - 6.2 km / 3.9 mi <br /> Granite Theatre - 6.8 km / 4.2 mi <br /> Westerly Public Library - 6.9 km / 4.3 mi <br /> Wilcox Park - 7 km / 4.4 mi <br /> East Beach - 13 km / 8 mi <br /> Saltwater Farm Vineyard - 13.1 km / 8.2 mi <br /> Elmridge Golf Course - 14.2 km / 8.8 mi <br /> Captain Nathaniel Brown Palmer House - 15.2 km / 9.5 mi <br /> </p><p>The nearest airports are:<br />Westerly  RI (WST-Westerly State) - 3.9 km / 2.4 mi<br /> New London  CT (GON-Groton - New London) - 35.3 km / 21.9 mi<br /> Fishers Island  NY (FID-Elizabeth Field) - 51.9 km / 32.2 mi<br /> North Kingstown  RI (NCO-Quonset State) - 57.6 km / 35.8 mi<br /> Providence  RI (PVD-T.F. Green) - 63.7 km / 39.6 mi<br /> </p><p></p>,141 Atlantic Avenue WesterlyRhode Island 02891 ,02891,4015966900,http://www.sandcastlebeachfrontinn.com
Rhode Island,,42.0059,-71.50734,Woonsocket Motor Inn,2.0,"<p>HeadLine : Near Genoa healthcare</p><p>Location : With a stay at Woonsocket Motor Inn in Woonsocket, you ll be within a 10-minute walk of Genoa healthcare and Stadium Theatre.  This motel is 7.9 mi (12.7 km) from Southwick s Zoo and 9.8 mi (15.8 km) from Wrentham Village Premium Outlets.</p><p>Rooms : Make yourself at home in one of the 39 air-conditioned rooms featuring flat-screen televisions. Complimentary wireless Internet access keeps you connected, and cable programming is available for your entertainment. Bathrooms have shower/tub combinations and complimentary toiletries. Conveniences include desks, housekeeping is provided daily, and microwaves can be requested.</p><p>CheckIn Instructions : <ul>  <li>Extra-person charges may apply and vary depending on property policy</li><li>Government-issued photo identification and a credit card, debit card, or cash deposit may be required at check-in for incidental charges</li><li>Special requests are subject to availability upon check-in and may incur additional charges; special requests cannot be guaranteed</li><li>This property accepts credit cards; cash is not accepted</li>  </ul></p><p>Special Instructions : Front desk staff will greet guests on arrival.</p>",No elevator (single level property) Designated smoking areas Wheelchair accessible (may have limitations) Wheelchair accessible parking Accessible bathroom (in select rooms) Free self parking Wheelchair-accessible van parking 24-hour front desk Concierge services Free WiFi,Distances are displayed to the nearest 0.1 mile and kilometer. <br /> <p>Genoa healthcare - 0.5 km / 0.3 mi <br /> Stadium Theatre - 0.5 km / 0.3 mi <br /> World War II Veterans Memorial State Park - 0.5 km / 0.3 mi <br /> St Ann Arts and Cultural Center - 0.6 km / 0.4 mi <br /> Woonsocket City Hall - 0.8 km / 0.5 mi <br /> Stacey s Sport Center - 0.9 km / 0.5 mi <br /> Flea Market Square - 0.9 km / 0.6 mi <br /> Museum of Work and Culture - 1.2 km / 0.8 mi <br /> Stage Right Studio for Arts & Wellness - 1.4 km / 0.8 mi <br /> New England Country Club - 3.2 km / 2 mi <br /> Jedson Allison M - 4.1 km / 2.6 mi <br /> Wide World of Indoor Sports - 6.2 km / 3.8 mi <br /> Rustic Drive-in Theatre - 7.5 km / 4.7 mi <br /> Bryant University - 11.8 km / 7.4 mi <br /> Wright s Chicken Farm Gift Shop - 12 km / 7.4 mi <br /> </p><p>The nearest airports are:<br />T.F. Green Airport (PVD) - 38.5 km / 23.9 mi<br /> Pawtucket  RI (SFZ-North Central State) - 14 km / 8.7 mi<br /> Norwood  MA (OWD-Norwood Memorial) - 47.8 km / 29.7 mi<br /> Worcester  MA (ORH-Worcester Regional) - 53.1 km / 33 mi<br /> North Kingstown  RI (NCO-Quonset State) - 56.5 km / 35.1 mi<br /> </p><p></p>,333 Clinton Street WoonsocketRhode Island 02895 ,02895,4017621224,http://woonsocketmotorinn.com/
Rhode Island,,42.01184,-71.51883,Pillsbury House Bed & Breakfast,2.0,"<p>HeadLine : Near World War II Veterans Memorial State Park</p><p>Location : Located in Woonsocket, Pillsbury House Bed & Breakfast is in the suburbs, within a 5-minute drive of Museum of Work and Culture and Stadium Theatre.  This historic bed & breakfast is 1.4 mi (2.3 km) from St Ann Arts and Cultural Center and 2.5 mi (4 km) from New England Country Club.</p><p>Rooms : Make yourself at home in one of the 4 individually decorated guestrooms. Complimentary wireless Internet access is available to keep you connected. Bathrooms have showers and hair dryers. Conveniences include phones and complimentary bottled water, and housekeeping is provided on a limited basis.</p><p>Dining : A complimentary full breakfast is included.</p><p>CheckIn Instructions : Extra-person charges may apply and vary depending on property policy Government-issued photo identification and a credit card, debit card, or cash deposit may be required at check-in for incidental charges Special requests are subject to availability upon check-in and may incur additional charges; special requests cannot be guaranteed</p><p>Special Instructions : Guests must contact the property for check-in instructions.</p>",Front desk (limited hours) Free breakfast Free self parking Free WiFi Smoke-free property Hiking/biking trails nearby Fireplace in lobby,Distances are displayed to the nearest 0.1 mile and kilometer. <br /> <p>World War II Veterans Memorial State Park - 0.9 km / 0.5 mi <br /> Stadium Theatre - 1 km / 0.6 mi <br /> Woonsocket City Hall - 1.3 km / 0.8 mi <br /> Genoa healthcare - 1.5 km / 0.9 mi <br /> Museum of Work and Culture - 1.6 km / 1 mi <br /> St Ann Arts and Cultural Center - 1.8 km / 1.1 mi <br /> New England Country Club - 4 km / 2.5 mi <br /> Jedson Allison M - 4.4 km / 2.7 mi <br /> Wide World of Indoor Sports - 5.9 km / 3.7 mi <br /> Rustic Drive-in Theatre - 7.9 km / 4.9 mi <br /> Southwick s Zoo - 11.1 km / 6.9 mi <br /> Cormier Woods - 12.2 km / 7.6 mi <br /> Bryant University - 12.5 km / 7.8 mi <br /> Mowry Conservation Area - 12.9 km / 8 mi <br /> Chilson Beach - 13.6 km / 8.4 mi <br /> </p><p>The nearest airports are:<br />T.F. Green Airport (PVD) - 42.2 km / 26.2 mi<br /> Pawtucket  RI (SFZ-North Central State) - 15 km / 9.3 mi<br /> Norwood  MA (OWD-Norwood Memorial) - 48.2 km / 30 mi<br /> Worcester  MA (ORH-Worcester Regional) - 50.7 km / 31.5 mi<br /> North Kingstown  RI (NCO-Quonset State) - 58.2 km / 36.2 mi<br /> </p><p>The preferred airport for Pillsbury House Bed & Breakfast is T.F. Green Airport (PVD). </p>,341 Prospect Street WoonsocketRhode Island 02895 ,02895,4017667983,http://www.pillsburyhouse.com/
Rhode Island,,41.99192,-71.48564,Holiday Inn Express Hotel & Suites Providence Woonsocket,2.0,"<p>HeadLine : Near Woonsocket City Hall</p><p>Location : Located in Woonsocket, Holiday Inn Express Hotel & Suites Providence-Woonsocket, an IHG Hotel is within a 10-minute drive of Wide World of Indoor Sports and Lincoln Woods State Park.  This hotel is 8.1 mi (13.1 km) from Bryant University and 8.5 mi (13.8 km) from Twin River Casino.</p><p>Rooms : Make yourself at home in one of the 88 air-conditioned rooms featuring refrigerators and flat-screen televisions. Complimentary wireless Internet access keeps you connected, and cable programming is available for your entertainment. Bathrooms have bathtubs or showers and hair dryers. Conveniences include desks and complimentary newspapers, as well as phones with free local calls.</p><p>Dining : A complimentary buffet breakfast is served on weekdays from 6:30 AM to 9:30 AM and on weekends from 7 AM to 10:30 AM.</p><p>CheckIn Instructions : <ul>  <li>Extra-person charges may apply and vary depending on property policy</li><li>Government-issued photo identification and a credit card may be required at check-in for incidental charges</li><li>Special requests are subject to availability upon check-in and may incur additional charges; special requests cannot be guaranteed</li><li>This property accepts credit cards; cash is not accepted</li><li>Safety features at this property include a carbon monoxide detector, a fire extinguisher, a smoke detector, a security system, a first aid kit, and window guards</li><li>Please note that cultural norms and guest policies may differ by country and by property; the policies listed are provided by the property</li>  </ul></p><p>Special Instructions : This property doesn t offer after-hours check-in. Front desk staff will greet guests on arrival.</p>",Gift shops or newsstand Dry cleaning/laundry service Wheelchair accessible (may have limitations) Free RV  bus  truck parking Vending machine Lockers available Outdoor furniture Number of meeting rooms - 2 Swimming pool Free wired Internet Wheelchair-accessible registration desk Television in common areas Free WiFi Braille or raised signage Assistive listening devices available Number of indoor pools - 1 In-room accessibility (in select rooms) Internet access in public areas - high speed Wheelchair accessible parking Free newspapers in lobby Roll-in shower (in select rooms) Internet access - wireless Accessible bathroom (in select rooms) 24-hour fitness facilities Free Buffet Breakfast Luggage storage Free breakfast Multilingual staff Business center 24-hour front desk Daily Safe-deposit box at front desk Coffee/tea in common areas Laundry facilities elevator Free self parking Fitness facilities Terrace 24-hour business center,Distances are displayed to the nearest 0.1 mile and kilometer. <br /> <p>World War II Veterans Memorial State Park - 3.3 km / 2.1 mi <br /> Woonsocket City Hall - 3.6 km / 2.2 mi <br /> Flea Market Square - 3.7 km / 2.3 mi <br /> Stadium Theatre - 3.7 km / 2.3 mi <br /> Stage Right Studio for Arts & Wellness - 4.1 km / 2.5 mi <br /> New England Country Club - 4.5 km / 2.8 mi <br /> Rustic Drive-in Theatre - 4.7 km / 2.9 mi <br /> Wide World of Indoor Sports - 10.6 km / 6.6 mi <br /> Blackstone River Bikeway - 10.9 km / 6.8 mi <br /> Blackstone River Theatre - 11.9 km / 7.4 mi <br /> Lincoln Woods State Park - 12.4 km / 7.7 mi <br /> Bryant University - 13.1 km / 8.1 mi <br /> Sunset Stables - 13.1 km / 8.2 mi <br /> Wright s Chicken Farm Gift Shop - 13.6 km / 8.5 mi <br /> Twin River Casino - 13.8 km / 8.5 mi <br /> </p><p>The nearest airports are:<br />T.F. Green Airport (PVD) - 35.7 km / 22.2 mi<br /> Pawtucket  RI (SFZ-North Central State) - 11.3 km / 7 mi<br /> Norwood  MA (OWD-Norwood Memorial) - 53.6 km / 33.3 mi<br /> Worcester  MA (ORH-Worcester Regional) - 58.1 km / 36.1 mi<br /> North Kingstown  RI (NCO-Quonset State) - 54.1 km / 33.6 mi<br /> </p><p>The preferred airport for Holiday Inn Express Hotel & Suites Providence-Woonsocket  an IHG Hotel is T.F. Green Airport (PVD). </p>,194 Fortin Drive WoonsocketRhode Island 02895 ,02895,4017695000,https://www.ihg.com
Rhode Island,,41.51544,-71.7022,Stagecoach House Inn B&B,3.0,"Stagecoach House Inn offers air-conditioned accommodation in Wyoming. The inn also features free WiFi and free private parking.

At the inn, rooms come with a desk, a flat-screen TV and a private bathroom.

Guests at Stagecoach House Inn can enjoy a continental breakfast.

Newport is 46 km from the accommodation, while Mystic is 32 km from the property. The nearest airport is T.F. Green Airport, 39 km from Stagecoach House Inn. Guests are required to show a photo identification and credit card upon check-in. Please note that all Special Requests are subject to availability and additional charges may apply.",wifi available in all areas temporary art galleries Private parking Non-smoking rooms breakfast options Free WiFi Air conditioning On-site parking Parking wifi internet services Free parking,,1136 Main Street PO Box 828WyomingRhode Island 02898 ,02898,4015399600,http://www.stagecoachhouse.com
