State,City,Latitude,Longitude,HotelName,StarRating,Description,HotelFacilities,Attractions,Address,ZipCode,PhoneNumber,HotelWebsiteUrl
Tennessee,Alcoa,35.76532,-83.97059,Executive Lodge,3.0,"""This Alcoa", Tennessee Executive Lodge is 12.8 km from Interstate 140 Exit 11 and 6 minutes drive from McGhee Tyson Airport.,,,,,
Tennessee,Alcoa,35.81032,-83.98241,"""Tru By Hilton Alcoa Knoxville Airport"," Tn""",2.0,"""Featuring 2-star accommodation", Tru By Hilton Alcoa Knoxville Airport, Tn is located in Alcoa, 19 km from University of Tennessee and 19 km from Frank H McClung Museum. The property is set 19 km from University of Tennessee Neyland Stadium, 19 km from Knoxville Convention Center and 20 km from East Tennessee History Center. The hotel features a fitness centre, a 24-hour front desk and free WiFi.
Tennessee,Antioch,36.06547,-86.63057,InTown Suites Nashville Southeast,5.0,"""Situated 13 km from Lane Motor Museum", InTown Suites Extended Stay Nashville TN - Murfreesboro Pike features rooms with air conditioning in Antioch. The property is located 18 km from Johnny Cash Museum, 18 km from Bridgestone Arena and 18 km from Nissan Stadium. Vanderbilt University is 21 km away and Grand Ole Opry is 21 km from the hotel.,,,,
Tennessee,Ardmore,34.97103,-86.88233,Budget Inn Ardmore,2.0,"""Budget Inn Elkmont is situated in Elkmont", 38 km from Huntsville and 42 km from Decatur.,,,,,
Tennessee,Athens,35.46417,-84.64434,Scottish Inns Athens,2.0,"""Located in Athens", Tennessee, just 1.5 miles from Strikers Winery. Free Wi-Fi is included in all guest rooms.,,,,
Tennessee,Bolivar,35.25672,-89.00077,Travelers Inn,3.0,"""Set in Bolivar", 47 km from Rustys TV and Movie Car Museum, Rodeway Inn offers accommodation with free WiFi and free private parking. This 3-star hotel offers a 24-hour front desk.,,,,
Tennessee,Bristol,36.55703,-82.21117,Speedway Inn,2.0,"""Featuring free Wi-Fi and guest rooms with microwaves and small refrigerators", this property is located 5 minutes drive from Bristol Motor Speedway. South Holston Lake is 20 minutes drive away.,,,,,
Tennessee,Camden,36.30674,-88.2995,Super 8 Paris,2.0,"""Located in Paris", Tennessee, Super 8 by Wyndham Paris is under new management and newly renovated.,,,,
Tennessee,Camden,36.30578,-88.30111,Paris Inn & Suites,2.0,"""Situated in Paris", Tennessee, this hotel features an outdoor swimming pool. Free WiFi access is available.,,,,
Tennessee,Camden,36.2786,-88.30295,"""Hampton Inn Paris"," Tn""",2.0,"""Hampton Inn Paris", Tn is a 2-star property located in Paris. Featuring a seasonal outdoor swimming pool, the 2-star hotel has air-conditioned rooms with free WiFi, each with a private bathroom. The property is non-smoking and is set 39 km from Murray State University.,,
Tennessee,Caryville,43.09619,-75.62494,Creekside Inn,5.0,"""Set in Oneida", Creekside Inn offers free WiFi, and guests can enjoy a restaurant, a bar and a shared lounge.,,,
Tennessee,Caryville,36.301692963,-84.22051239,Budget Host Inn,2.0,,,,115 Woods Circle CaryvilleTennessee 37714 ,37714,4235629595,http://www.budgethost.com/hotels/Budget_Host_Inn_Caryville_TN.aspx
Tennessee,Caryville,36.229682922,-84.157844543,Scottish Inn Lake City,2.0,,,,530 North Main Street Lake CityTN 37769 ,37769,8654262336,
Tennessee,,36.28335,-87.16984,Little Eden B & B,2.0,,Barbecue grill(s) Coffee/tea in common areas Express check-out Fireplace in lobby Free RV  bus  truck parking Free airport transportation Free breakfast Free self parking Garden Laundry facilities Library Multilingual staff Number of buildings/towers - 1 Number of floors - 2 Picnic area Smoke-free property Snack bar/deli Television in common areas Total number of rooms - 3 Year Built - 2014,Distances are calculated in a straight line from the property&apos;s location to the point of interest or attraction  and may not reflect actual travel distance. &lt;br /&gt;&lt;br /&gt; Distances are displayed to the nearest 0.1 mile and kilometer. &lt;p&gt;Marrowbone Lake - 22.7 km / 14.1 mi &lt;br /&gt;Greystone Golf Club - 26.4 km / 16.4 mi &lt;br /&gt;Pebble Brook Golf Course - 26.9 km / 16.7 mi &lt;br /&gt;Sri Ganesha Temple - 30 km / 18.6 mi &lt;br /&gt;Clement Railroad Hotel Museum - 30.4 km / 18.9 mi &lt;br /&gt;The Renaissance Center - 31.5 km / 19.6 mi &lt;br /&gt;Austin Peay State University - 32.4 km / 20.1 mi &lt;br /&gt;Tennessee State University - 33 km / 20.5 mi &lt;br /&gt;Belle Meade Plantation - 33.5 km / 20.8 mi &lt;br /&gt;Hadley Park - 33.7 km / 20.9 mi &lt;br /&gt;Cheekwood - 34.7 km / 21.6 mi &lt;br /&gt;Centennial Park - 35.2 km / 21.8 mi &lt;br /&gt;Fisk University - 35.2 km / 21.9 mi &lt;br /&gt;Parthenon - 35.8 km / 22.2 mi &lt;br /&gt;Marathon Music Works - 36 km / 22.3 mi &lt;br /&gt;&lt;/p&gt;&lt;p&gt;The preferred airport for Little Eden B &amp; B is Nashville  TN (BNA-Nashville Intl.) - 48 km / 29.8 mi. &lt;/p&gt;,3890 Highway 49 East CharlotteTennessee 37036 ,37036,6154993003,http://edentn.com
Tennessee,Chattanooga,35.059757825633,-85.308635383844,Delta Queen Hotel,3.0,,NO Car park NO Wheelchair-accessible NO Garage NO Small pets allowed (under 5 kg) NO Smoking rooms NO Disability-friendly bathroom NO Connecting rooms NO Large pets allowed (over 5 kg),,100 River Street 37405 ChattanoogaTennessee ,37405,4234684500,http://www.deltaqueenhotel.net
Tennessee,Chattanooga,35.008082831874,-85.159028470516,ExecuStay The Reserve at Creekside Village,3.0,HotelDescription#Further information about this hotel will be available shortly,NO Small pets allowed (under 5 kg) NO Wheelchair-accessible NO Connecting rooms NO Car park NO Garage NO Disability-friendly bathroom NO Large pets allowed (over 5 kg) NO Smoking rooms,,1340 Reserve Way ChattanoogaTennessee 37421 ,37421,8778457522,http://www.execustay.com/furnished-apartments/chat
Tennessee,Chattanooga,35.01647683225,-85.168362557888,Marriott Execustay Amberleigh,3.0,HotelDescription#Further information about this hotel will be available shortly,NO Small pets allowed (under 5 kg) NO Car park NO Wheelchair-accessible NO Disability-friendly bathroom NO Large pets allowed (over 5 kg) NO Smoking rooms NO Connecting rooms NO Garage,,7205 Aventine Way ChattanoogaTennessee 37421 ,37421,8778457522,http://www.execustay.com/furnished-apartments/chat
Tennessee,Chattanooga,35.14003,-84.85484,Applegate Inn-cleveland,1.0,"""Located off the Appalachian Highway", this Tennessee hotel is 2 miles from Cleveland town centre. This hotel offers rooms with free Wi-Fi.,,,,,
Tennessee,Chattanooga,35.01,-85.22,Rode Inn,2.0,"""HotelDescription#This charming hotel offers a stunning location at the heart of Chattanooga within metres of the city centre where a diversity of restaurants are to be found. Famous Lookout Mountain is around 20 km from the hotel.",,,,,,
Tennessee,Chattanooga,35.02781,-85.31364,Motel 6 Chattanooga Downtown,2.0,"""Just 5 miles away from Lookout Mountain", this motel is located in downtown Chattanooga and offers comfortable guest rooms with free WiFi and free guest parking.,,,,,
Tennessee,Chattanooga,34.99759968370199,-85.20031001418829,Americas Best Value Inn Chattanooga East Ridge,2.0,"""The hotel is located just 10 minutes from the centre of Chattanooga. Guests will be at the centre of it all with plenty to see and lots of interesting", educational, and fun things to do in Chattanooga. The hotel's convenient location is near all the area's major attractions.,,,,
Tennessee,Chattanooga,35.19335,-84.89094,Best Western Plus Magnolia Inn & Suites,3.0,"""The Best Western Plus Magnolia Inn & Suites hotel is four miles from Lee University. Several local points of interest are close to this Cleveland", TN hotel, including Cleveland State Community College, the Cleveland Speedway and Bradley Square Mall.,,,
Tennessee,Chattanooga,35.21191,-84.87095,Classic Suites,2.0,"""The Cleveland Classic Suites is 4 miles from Bradley County Park and 2 miles from Bradley Square Mall. Guests will enjoy a 24-hour reception and free Wi-Fi.",,,,,,
Tennessee,Chattanooga,35.04597,-85.29427,Mayor's Mansion Inn Bed and Breakfast,5.0,"""Located in Chattanooga", within 1.9 km of Chattanooga Zoo and 2.4 km of Tennessee Aquarium, The Mayors Mansion Inn offers accommodation with free WiFi, air conditioning, a garden and a shared lounge. Featuring free private parking, the bed and breakfast is in an area where guests can engage in activities such as hiking, cycling and tennis.
Tennessee,Chattanooga,35.05509,-85.30498,Bluff View Inn,2.0,"""Bluff View Inn is set in the Bluff View Art District of Chattanooga", 500 metres from Tennessee Aquarium and 6 km from Lookout Mountain. Guests can enjoy the on-site restaurant.,,,,,
Tennessee,Chattanooga,35.00188,-85.25864,Cascades Motel Chattanooga,2.0,"""The Chattanooga Cascades Motel is 3 miles from from Lake Winnepesaukah Amusement Park and 6 miles from Tennessee Aquarium. Guests of the Cascades Motel will enjoy free WiFi.",,,,,,
Tennessee,Chattanooga,35.18929,-84.88491,Heritage Inn,1.0,"""guests will enjoy free Wi-Fi and a 24-hour reception.",,,,,,
Tennessee,Chattanooga,35.03607,-85.30477,The Crash Pad,1.0,"""Ideally situated in the Southside district of Chattanooga", The Crash Pad: An Uncommon Hostel is situated 3 km from Tennessee Aquarium, 3.7 km from Chattanooga Zoo and 7.3 km from Lookout Mountain. With a garden, the 1-star hostel has air-conditioned rooms with free WiFi. The accommodation features a shared kitchen, a concierge service and organising tours for guests.,,
Tennessee,Chattanooga,35.19021,-84.88574,Lincoln Inn Cleveland,2.0,"""Featuring guest rooms with cable TV and free Wi-Fi", this hotel is located off Interstate 75. Cleveland State Community College is 10 minutes drive away.,,,,,
Tennessee,Chattanooga,35.046,-85.15843,Home2 Suites by Hilton Chattanooga Hamilton Place,3.0,"""Located 14 km from Chattanooga Zoo", Home2 Suites By Hilton Chattanooga Hamilton Place offers 3-star accommodation in Chattanooga and features a fitness centre, a shared lounge and barbecue facilities. With a seasonal outdoor swimming pool, the 3-star hotel has air-conditioned rooms with free WiFi, each with a private bathroom. The accommodation provides a shared kitchen and a 24-hour front desk for guests.,,
Tennessee,Chattanooga,35.03546,-85.16204,Aloft Chattanooga Hamilton Place,5.0,"""Situated in Chattanooga", 16 km from Chattanooga Zoo, Aloft Chattanooga Hamilton Place has a number of amenities including a terrace, a restaurant and a bar. The property is set 21 km from Tennessee Aquarium, 23 km from Lookout Mountain and 13 km from Tennessee Riverpark. The hotel features an outdoor swimming pool, fitness centre, evening entertainment and a shared lounge.
Tennessee,Chattanooga,35.03519,-85.30899,Prime Location,5.0,"""Prime Location - 2 Bedroom - Sleeps 4 features a patio and is situated in Chattanooga", within just 400 metres of Chattanooga Whiskey Experimental Distillery and less than 1 km of Coker Tire Museum. The air-conditioned accommodation is 2.5 km from Tennessee Aquarium, and guests benefit from private parking available on site and free WiFi.,,,,
Tennessee,Chattanooga,35.04054,-85.29638,Sweet Magnolia,5.0,"""Located in Chattanooga", 1.8 km from Chattanooga Zoo and 2.9 km from Tennessee Aquarium, Sweet Magnolia provides air-conditioned accommodation with a patio and free WiFi. This holiday home is 8.2 km from Ruby Falls and 9.3 km from Tennessee Riverpark.,,,,
Tennessee,Clarksville,36.59769,-87.28742,WoodSpring Suites Clarksville Ft. Campbell,2.0,"""This Clarksville hotel is 24 kn from Fort Campbell and includes free WiFi access and rooms with a 32-inch flt-screen satellite TV with a movie channel. Dunbar Cave is 9 minutes drive away.",,,,,,
Tennessee,Clarksville,36.59793,-87.28801,Home Towne Suites Clarksville,2.0,"""InTowne Suites Clarksville is a self-catering accommodation located in Clarksville. The apartment will provide you with air conditioning and a seating area. There is a full kitchen with a microwave and a refrigerator. Private bathroom also comes with a bath or shower.",,,,,,
Tennessee,Clarksville,36.60293,-87.28004,"""Holiday Inn - Clarksville Northeast "," an IHG Hotel""",2.0,"""Holiday Inn - Clarksville Northeast", an IHG Hotel features a shared lounge, terrace, a restaurant and bar in Clarksville. Featuring a fitness centre, the 2-star hotel has air-conditioned rooms with free WiFi, each with a private bathroom. The hotel has an indoor pool and a 24-hour front desk.
Tennessee,Cleveland,35.14003,-84.85484,Applegate Inn-cleveland,1.0,"""Located off the Appalachian Highway", this Tennessee hotel is 2 miles from Cleveland town centre. This hotel offers rooms with free Wi-Fi.,,,,,
Tennessee,Cleveland,35.19335,-84.89094,Best Western Plus Magnolia Inn & Suites,3.0,"""The Best Western Plus Magnolia Inn & Suites hotel is four miles from Lee University. Several local points of interest are close to this Cleveland", TN hotel, including Cleveland State Community College, the Cleveland Speedway and Bradley Square Mall.,,,
Tennessee,Cleveland,35.21191,-84.87095,Classic Suites,2.0,"""The Cleveland Classic Suites is 4 miles from Bradley County Park and 2 miles from Bradley Square Mall. Guests will enjoy a 24-hour reception and free Wi-Fi.",,,,,,
Tennessee,Cleveland,35.18929,-84.88491,Heritage Inn,1.0,"""guests will enjoy free Wi-Fi and a 24-hour reception.",,,,,,
Tennessee,Cleveland,35.19021,-84.88574,Lincoln Inn Cleveland,2.0,"""Featuring guest rooms with cable TV and free Wi-Fi", this hotel is located off Interstate 75. Cleveland State Community College is 10 minutes drive away.,,,,,
Tennessee,Clinton,36.166801453,-84.084960938,Travelodge Clinton,3.0,HotelDescription#This comfortable Hotel can be found in North Area. This is not a pet-friendly establishment.,,,N Charles Seivers Blvd 2317 2317 ClintonTennessee 37716 ,37716,8654570565,
Tennessee,Clinton,36.16676,-84.08508,Fairfield by Marriott Inn & Suites Knoxville Clinton,3.0,"""Fairfield by Marriott Inn & Suites Knoxville Clinton is located in Clinton.",,,,,,
Tennessee,Columbia,35.6425123916332,-87.0136941969395,Extend a Suites Columbia,5.0,,,,1208 Nashville Highway 31 ColumbiaTennessee ,,,
Tennessee,Columbia,35.46447,-86.7776,Celebration Inn,1.0,"""This Lewisburg", Tennessee motel boasts free WiFi. Guests will be 1 mile from the Tennessee Walking Horse Association and 14 minutes walk from Jones Field.,,,,,
Tennessee,Columbia,35.45013,-86.7774,Walking Horse Lodge Lewisburg,3.0,"""Located on Route 31 and just 5 minutes from downtown Lewisburg", this hotel features a beautiful courtyard with an outdoor pool. A daily breakfast buffet is also available.,,,,,
Tennessee,Cookeville,36.14031,-85.2669,Bethel Inn & Suites,2.0,"""Enjoy a convenient and affordable place to stay at our Quality Inn & Suites® hotel in Monterey", TN, located halfway between Nashville and Knoxville.,,,,
Tennessee,Cookeville,36.0218,-85.73366,The Retreat At Center Hill Lake,3.0,"""Providing free WiFi throughout the property", a sun terrace with a swimming pool, restaurant and garden, The Retreat at Center Hill Lake is located in Smithville. Featuring family rooms, this property also provides guests with a childrens playground. Certain units at the property include a patio with a lake view.,,
Tennessee,Cookeville,36.13841,-85.529,"""Holiday Inn Cookeville"," an IHG Hotel""",5.0,"""Holiday Inn Cookeville", an IHG Hotel is situated in Cookeville, 3.7 km from Cookeville Depot Museum and 4.2 km from Cookeville History Museum. The property is located 4.4 km from Dogwood Park, 13 km from Hidden Hollow Park and 21 km from Cummins Falls State Park. Waterloo Falls is 22 km from the hotel.,,
Tennessee,Cosby,35.86744,-83.22601,Creekwalk Inn and Cabins,2.0,"""This Cosby", TN bed and breakfast is less than 10 minutes drive from the entrance of Great Smoky Mountains National Park. It features a daily breakfast, concierge services and rustic rooms.,,,,
Tennessee,Cosby,35.8167,-83.2468,Laurel Springs Resort,3.0,Guests can enjoy the convenience of 24-hour reception. Guests can enjoy access to the internet to stay connected to work or home. There is a laundry service. The property is wheelchair-accessible. The on-site car park may be useful to those arriving by car. Check-out is at . Pets are allowed at this establishment. Large pets are allowed on the premises.,NO Connecting rooms Vacation resort NO Disability-friendly bathroom NO Wheelchair-accessible NO Smoking rooms NO Small pets allowed (under 5 kg) NO Large pets allowed (over 5 kg) NO Car park NO Garage Laundry service Sauna Hot tub Waterskiing Horse riding Skiing,,4660 Hooper Hwy. P.O. Box 280 Cosby PO Box 280CosbyTennessee ,37722,4105240295,http://www.laurelspringsresortinc.com
Tennessee,Cosby,35.85113,-83.21795,Creekside Memories Cabin,5.0,"""Situated in Cosby in the Tennessee region", Creekside Memories Cabin features a balcony. The air-conditioned accommodation is 39 km from Sevierville, and guests benefit from private parking available on site and free WiFi.,,,,
Tennessee,Cosby,35.83763,-83.21133,Moosetrax Cabin,5.0,"""Situated in Cosby in the Tennessee region", Moosetrax Cabin features a patio. The air-conditioned accommodation is 39 km from Sevierville, and guests benefit from complimentary WiFi and private parking available on site.,,,,
Tennessee,Cosby,35.78714,-83.23298,Uwoduhi Pool Lodge,5.0,"""Uwoduhi Pool Lodge offers accommodation in Cosby. Gatlinburg is 27 km away.",,,,,,
Tennessee,Cosby,35.78878,-83.2317,Cherokee Pool Lodge Holiday home,5.0,"""Located in Jenkins Mill", this apartment features a patio. The unit is 27 km from Gatlinburg.,,,,,
Tennessee,Cosby,35.7882,-83.23295,Live Laugh Love Pool Lodge,5.0,"""Live", Laugh, Love Pool Lodge offers accommodation in Cosby. Gatlinburg is 27 km away.,,,,
Tennessee,Cosby,35.78688,-83.23365,Pool Movie 1,5.0,"""Located in Cosby", Pool Movie 1 offers accommodation with a private pool. The air-conditioned accommodation is 38 km from Sevierville.,,,,,
Tennessee,Cosby,35.79621,-83.2366,Home Sweet Home Cabin,5.0,"""Featuring a hot tub", Home Sweet Home Cabin is located in Cosby. The air-conditioned accommodation is 36 km from Sevierville, and guests benefit from complimentary WiFi and private parking available on site.,,,,
Tennessee,Cosby,35.77494,-83.24621,Garden of Eden Cabins,5.0,"""Offering a garden", Garden of Eden Cabins is located in Cosby. Gatlinburg is 26 km away. Free private parking is available on site.,,,,,
Tennessee,Cosby,35.8566,-83.22088,Take Me Fishing,5.0,"""Situated in Cosby in the Tennessee region", Take Me Fishing has a patio. The air-conditioned accommodation is 40 km from Sevierville.,,,,,
Tennessee,Cosby,35.85148,-83.21724,Wandering Creek Cabin,5.0,"""Set in Cosby in the Tennessee region", Wandering Creek Cabin features a patio. The air-conditioned accommodation is 39 km from Sevierville, and guests benefit from complimentary WiFi and private parking available on site.,,,,
Tennessee,Cosby,35.79531,-83.23591,Jon's Pond,5.0,"""Situated in Cosby in the Tennessee region", Jons Pond features a balcony. The air-conditioned accommodation is 36 km from Sevierville.,,,,,
Tennessee,Cosby,35.78695,-83.23325,Sweet Tranquility Pool Lodge,5.0,"""Sweet Tranquility Pool Lodge is located in Cosby", 27 km from Gatlinburg. Pigeon Forge is 29 km from the property.,,,,,
Tennessee,Cosby,35.78776,-83.23288,Indoor Pool Beauty,5.0,"""Set in Cosby", Indoor Pool Beauty provides accommodation with a private pool. The air-conditioned accommodation is 37 km from Sevierville.,,,,,
Tennessee,Counce,35.02948,-88.23108,Stone Brook Inn,1.0,"""Set in Counce", 26 km from Riverside City Park, Stonebrook Inn offers accommodation with a shared lounge and free private parking. The accommodation features a 24-hour front desk, a shuttle service, room service and free WiFi throughout the property.,,
Tennessee,Covington,35.58423,-89.63979,Executive Inn and Suites Covington,2.0,"""The Covington Executive Inn and Suites is less than 5 minutes drive from the city centre. Guests will have access to an outdoor pool and can enjoy a continental breakfast during their stay.",,,,,,
Tennessee,Covington,35.74485,-89.55571,Hunter Lodge,2.0,"""Featuring free WiFi", an indoor pool, and a hot tub, Super 8 Ripley offers pet-friendly accommodation in Ripley.,,,
Tennessee,Crossville,36.067212,-85.128577,Caryonah Hunting Lodge,3.0,,,,220 Wild Boar Lane CrossvilleTennessee 38571 ,38571,9312773113,https://www.caryonah.com/lodging/hunting-lodge/
Tennessee,Crossville,36.03217,-85.16124,Pandora's Forest Resort Adults Only,3.0,"""Pandoras Forest is nestled off the beaten path and offers each of our guests a relaxed experience that you cannot get anywhere else. We are located 1/4 mile off the highway in a wooded location with 12 individually uniquely themed lodge rooms. The clothing-optional", adult-only Pandoras Forest Resort is located in Crossville, Tennessee. Free WiFi access, a seasonal outdoor heated pool, and a restaurant are offered.,,
Tennessee,,36.6005,-83.66748,Hotel Cumberland Gap,3.0,Cumberland Gap Inn is a 3-star property situated in Cumberland Gap. The property features free private parking and free WiFi. Guests are required to show a photo identification and credit card upon check-in. Please note that all Special Requests are subject to availability and additional charges may apply.,On-site parking Non-smoking rooms wifi internet services wifi available in all areas Free WiFi Private parking Air conditioning Facilities for disabled guests Pets allowed Bridal suite Free parking Heating Parking Daily housekeeping Fax/photocopying vending machine (drinks),,630 Brooklyn Street Cumberland GapTennessee 37724-4760 ,37724,4238693996,http://www.hotelcumberlandgap.net
Tennessee,Dandridge,36.03612,-83.43979,Jefferson Inn Dandridge,2.0,"""Guests at this Tennessee motel can enjoy a daily continental breakfast and free property-wide Wi-Fi. The motel is off Interstate 40 Exit 417 and 25 miles from the Great Smoky Mountain National Park.",,,,,,
Tennessee,Decherd,35.1931,-86.04108,The Courtenay,5.0,"""Located 47 km from Great Stage Park", The Courtenay provides accommodation with a terrace, barbecue facilities and a shared kitchen for your convenience.,,,,
Tennessee,Dickson,36.073421,-87.36886,East Hills B&B Inn,2.0,,,,100 East Hill Terrace DicksonTennessee 37055 ,37055,6154419428,http://www.easthillsbb.com
Tennessee,Dickson,36.02205,-87.34026,South Aire Inn,3.0,"""Situated in Dickson", 49 km from Belle Meade Plantation, Rodeway Inn features accommodation with free WiFi and free private parking. This 3-star inn offers a 24-hour front desk.,,,,
Tennessee,Ducktown,35.03029,-84.38134,Ducktown Copper Inn,5.0,"""Situated in Ducktown", 3.6 km from Chanceytown, Ducktown Copper Inn, Murphy/Blue Ridge features accommodation with free WiFi and free private parking. The property is around 4 km from Isabella, 4.1 km from Staffordtown and 4.3 km from Postelle. Guests can enjoy mountain views.,,
Tennessee,Elizabethton,36.35194,-82.23475,Travelers Inn Elizabethton,2.0,"""Located in Elizabethton", Tennessee, this motel features an outdoor pool. Free continental breakfast is served each morning from 7:00 AM to 10:00 AM.,,,,
Tennessee,Etowah,35.32436,-82.60304,Etowah Valley Golf & Resort,3.0,"""The resort is 16 km from Asheville Airport and less than 20 minutes drive from DuPont State Forest. A heated outdoor pool", putting greens, and free WiFi are provided.,,,,
Tennessee,Franklin,35.93361,-86.82076,Drury Plaza Hotel Nashville Franklin,3.0,"""Located in Franklin", Tennessee, this hotel features a swimming pool and a daily hot breakfast. Free WiFi is also offered.,,,,
Tennessee,Franklin,35.93852,-86.82184,Staybridge Suites - Nashville - Franklin,5.0,"""Situated in Franklin", within 29 km of Bridgestone Arena and 29 km of Ryman Auditorium, Staybridge Suites - Nashville - Franklin, an IHG Hotel features accommodation with a fitness centre and free WiFi throughout the property as well as free private parking for guests who drive. The property is located 29 km from Lane Motor Museum, 29 km from Johnny Cash Museum and 29 km from Nissan Stadium. The hotel has family rooms.,,
Tennessee,Franklin,35.96232,-86.81352,Fairfield by Marriott Inn & Suites Franklin Cool Springs,3.0,"""Featuring 3-star accommodation", Fairfield by Marriott Inn & Suites Franklin Cool Springs is located in Franklin, 26 km from Bridgestone Arena and 26 km from Ryman Auditorium. The property is around 26 km from Lane Motor Museum, 26 km from Johnny Cash Museum and 26 km from Nissan Stadium. Grand Ole Opry is 37 km away and The Hermitage is 43 km from the hotel.,,,
Tennessee,Franklin,35.92981,-86.8607,207 Old Liberty Pike Home,5.0,"""Located in Franklin in the Tennessee region", 207 Old Liberty Pike Home features a patio. The air-conditioned accommodation is 500 metres from The Factory at Franklin, and guests benefit from complimentary WiFi and private parking available on site.,,,,
Tennessee,Gallatin,36.39084,-86.44783,Legacy Inn Sumner,3.0,"""This Tennessee motel is 2 miles from Long Hollow Golf Course and 7 miles from Bledsoe Creek State Park. Guests will enjoy free property-wide Wi-Fi and free on-site parking.",,,,,,
Tennessee,Gatlinburg,35.71185,-83.51795,Gatlinburg Inn,2.0,"""Featuring 2-star accommodation", Gatlinburg Inn is situated in Gatlinburg, 600 metres from Ripleys Aquarium of the Smokies and 11 km from Dolly Partons Stampede. This 2-star hotel offers luggage storage space. The hotel has an outdoor swimming pool and a 24-hour front desk and free WiFi throughout the property.,,,,
Tennessee,Gatlinburg,35.7132,-83.51184,Greystone Lodge On the River,4.0,"""Set in Gatlinburg", 300 metres from Ripleys Aquarium of the Smokies, Greystone Lodge on the River offers accommodation with a seasonal outdoor swimming pool, free private parking and a fitness centre. Among the facilities at this property are a 24-hour front desk and a business centre, along with free WiFi throughout the property. The property is non-smoking and is located 10 km from Dolly Partons Stampede.,,
Tennessee,Gatlinburg,35.72289,-83.49606,Sleepy Bear Motel,2.0,"""We are a family owned property", and have enjoyed serving Gatlinburg travelers for many years. We hope to make your stay memorable. Located 5 minutes drive from the Gatlinburg, Tennessee city centre, this motel offers an outdoor pool. Great Smoky Mountains National Park is 3.8 km from the property.,,,
Tennessee,Gatlinburg,35.70695,-83.52321,Bearskin Lodge on the River,3.0,"""Bearskin Lodge on the River features free WiFi and views of the river in Gatlinburg. The property is located within walking distance of Ripleys Aquarium of the Smokies. All rooms include a flat-screen TV with cable channels.",,,,,,
Tennessee,Gatlinburg,35.712283,-83.516842,Smokyland Motel,3.0,HotelDescription#Further information about this hotel will be available shortly,NO Connecting rooms NO Garage NO Large pets allowed (over 5 kg) NO Car park NO Wheelchair-accessible NO Small pets allowed (under 5 kg) NO Disability-friendly bathroom NO Smoking rooms,,Parkway 727 727 37738 Gatlinburg 37738 GatlinburgTennessee ,37738,8654365191,
Tennessee,Gatlinburg,35.72465,-83.51011,Appalachian Lodge,3.0,"""Situated in Gatlinburg and with Bill Gladwell", The Mentalist reachable within 2.1 km, Appalachian Lodge offers a seasonal outdoor swimming pool, non-smoking rooms, free WiFi and a fitness centre. This property is set a short distance from attractions such as Anakeesta and Ripleys Aquarium. The hotel has a hot tub and a 24-hour front desk.,,
Tennessee,Gatlinburg,35.70985,-83.52244,Old Creek Lodge,3.0,"""Situated outside the entrance of Great Smoky Mountains National Park", this lodge is located in downtown Gatlinburg and features a heated outdoor pool, complimentary continental breakfast and rustic-inspired guest rooms with free WiFi. Ober Gatlinburg is a 1 minutes drive away.,,,,
Tennessee,Gatlinburg,35.71048,-83.51254,Mountain House Motor Inn Downtown,2.0,"""This Gatlinburg motel is 1.6 km from the Gatlinburg Trial and the Great Smoky Mountains National Park. Extras include free WiFi access", seasonal outdoor pool, and mountain view from every room.,,,,
Tennessee,Gatlinburg,35.7159589594761,-83.5062405467033,Red Carpet Inn Gatlinburg,2.0,HotelDescription#Further information about this hotel will be available shortly,,,349 East Parkway GatlinburgTennessee 37738 ,37738,,
Tennessee,Gatlinburg,35.71626,-83.51116,Zoders Inn and Suites,2.0,"""An outdoor pool with a hot tub", indoor pool, and free WiFi are available to all guests of Gatlinburg Zoders Inn and Suites. Ripleys Aquarium of the Smokies is within 10 minutes walk. The property is a 5 minutes walk from the Ole Red restaurant and Landshark Bar and Grill.,,,,
Tennessee,Gatlinburg,35.70758,-83.52163,Clarion Inn & Suites,3.0,"""Located in Gatlinburg", this Tennessee hotel is only a 1-minute drive from the Great Smoky Mountains National Park. Free WiFi is available and a complimentary hot breakfast is offered daily.,,,,,
Tennessee,Gatlinburg,35.7632,-83.30862,Arrow Creek Camp And Cabins,5.0,"""Set in Gatlinburg in the Tennessee region and Ripleys Aquarium of the Smokies reachable within 22 km", Arrow Creek Camp and Cabins offers accommodation with free WiFi, a childrens playground, a seasonal outdoor swimming pool and free private parking.,,,
Tennessee,Gatlinburg,35.73471,-83.43953,Mountain Shadow Resort,4.0,"""Located just 6.4 km from Great Smoky Mountains National Park", these Gatlinburg cabins include access to a seasonal outdoor swimming pool with a hot tub. Free WiFi is provided as well.,,,,,
Tennessee,Gatlinburg,35.73835,-83.47758,Hugs n Kisses 1 Br cabin by RedAwning,3.0,"""Hugs n Kisses - One Bedroom enjoys a location in Gatlinburg", just 5 km from Ripleys Aquarium of the Smokies and 5 km from Gatlinburg Space Needle. The Smoky Mountain Winery and the Cooters Place are within 3.8 km and 5 km of the holiday home, and free WiFi is provided.,,,,
Tennessee, 74 km from Hugs n Kisses - One Bedroom. This vacation rental is being offered by VacayHome Connect in partnership with the professional property manager. Guests will receive a reservation confirmation e-mail from Booking.com, followed by a payment confirmation e-mail from VacayHome Connect.  The payment confirmation e-mail will provide  contact information for the professional property manager. The property manager will also send a welcome e-mail that contains terms and conditions related to your rental. The property manager will send an e-mail directly with a lease agreement which should be reviewed carefully, signed, and returned to the property manager.  They will also provide arrival instructions and optional services that may be available for purchase. Taxes and fees and service charges include County and lodging taxes, a cleaning fee," a reservation fee assessed by the local property manager and a damage waiver that covers in the event of accidental damage to the property. Homes with pools have a pool maintenance fee and homes with hot tubs have a one-time hot tub cleaning fee assessed by the local property manager. A per person fee may be charged at certain condo associations. Guests under the age of 25 can only check in with a parent or official guardian who is also staying in the unit. ID may be requested at check-in.""",Free self parking Internet access Billiards or pool table Hot tub/jacuzzi BBQ facilities Free WiFi Outdoor pool Free WiFi Parking onsite Private parking,,808 High Mountain Way GatlinburgTennessee 37738 ,37738,,https://www.booking.com/hotel/us/hugs-n-kisses-one-bedroom.html
Tennessee,Gatlinburg,35.70663,-83.5451,Million Dollar View by RedAwning,5.0,"""Set in Gatlinburg in the Tennessee region", Million Dollar View has a patio. The air-conditioned accommodation is 4 km from Ripleys Aquarium of the Smokies, and guests benefit from complimentary WiFi and private parking available on site.,,,,
Tennessee,Gatlinburg,35.7652,-83.32262,Livin It Up 1 Br cabin by RedAwning,5.0,"""Livin It Up offers accommodation in Rocky Grove", 19 km from Gatlinburg and 21 km from Pigeon Forge. The unit is 32 km from Cherokee.,,,,,
Tennessee,Gatlinburg,35.71751,-83.495,Roaring Fork Lodge,5.0,"""Boasting city views", Roaring Fork Lodge provides accommodation with a terrace and a balcony, around 12 km from Dolly Partons Stampede. Set 2.2 km from Ripleys Aquarium of the Smokies, the property offers a garden and free private parking.,,,
Tennessee,Gatlinburg,35.71009,-83.51985,LeConte Motor Lodge A Ramada by Wyndham,3.0,"""Set in Gatlinburg", within less than 1 km of Ripleys Aquarium of the Smokies and 11 km of Dolly Partons Stampede, LeConte Motor Lodge A Ramada by Wyndham offers accommodation with a seasonal outdoor swimming pool and free WiFi as well as free private parking for guests who drive. The property is located 16 km from The Grand Majestic Theater, 16 km from Country Tonite Theatre and 17 km from Dollywood. The motel features an indoor pool and a 24-hour front desk.,,,
Tennessee,Gatlinburg,35.76734,-83.33819,Catch of a Lifetime,5.0,"""Situated in Rocky Grove in the Tennessee Region", this chalet is 17 km from Gatlinburg. The air-conditioned unit is 20 km from Pigeon Forge.,,,,,
Tennessee,Gatlinburg,35.72308,-83.51236,Laurel Manor,3.0,"""Laurel Manor is set in Gatlinburg", 1.5 km from Ripleys Aquarium of the Smokies, and 1.5 km from Gatlinburg Space Needle. The air-conditioned accommodation is 300 metres from Cooters Place.,,,,
Tennessee,Gatlinburg,35.72867,-83.54478,Mossy Brook Lodge Home,5.0,"""Mossy Brook Lodge Home offers accommodation in Chalet Village", 3.1 km from Gatlinburg and 7 km from Pigeon Forge. The air-conditioned unit is 35 km from Cherokee.,,,,,
Tennessee,Gatlinburg,35.71615,-83.50714,East Side Motel,1.0,"""Set within 1.1 km of Ripleys Aquarium of the Smokies and 10 km of Dolly Partons Stampede", East Side Motel offers rooms with air conditioning and a private bathroom in Gatlinburg. The property is situated 15 km from The Grand Majestic Theater, 15 km from Country Tonite Theatre and 16 km from Smoky Mountain Opry. This property features both free WiFi and private parking free of charge.,,,,
Tennessee,Gatlinburg,35.70956,-83.5427,Bear Cave #385117 1 Br Cabin,5.0,"""Located in Gatlinburg", 3.9 km from Ripleys Aquarium of the Smokies and 3.3 km from Gatlinburg Space Needle, Bear Cave Cabin #385117 Cabin offers free WiFi and air conditioning. This holiday home is 3 km from Star Cars Museum and 3 km from Amazing Mirror Maze.,,,,
Tennessee,Gatlinburg,35.7505,-83.46004,Moonshiners View,5.0,"""Featuring air conditioning", Moonshiners View offers accommodation in Gatlinburg. Bill Gladwell, The Mentalist is 7 km away.,,,,
Tennessee,Gatlinburg,35.70522,-83.513,A Beary Wonderful Life Condo,5.0,"""A Beary Wonderful Life Condo is situated in Gatlinburg", 11 km from Dolly Partons Stampede and 16 km from The Grand Majestic Theater, in an area where cycling can be enjoyed. The air-conditioned accommodation is 1.1 km from Ripleys Aquarium of the Smokies, and guests benefit from complimentary WiFi and private parking available on site.,,,
Tennessee,Gatlinburg,35.76909,-83.31665,Grand View,5.0,"""Grand View is located in Rocky Grove", 19 km from Gatlinburg. Pigeon Forge is 22 km away.,,,,,
Tennessee,Gatlinburg,35.74935,-83.47808,Pool Time Paradise,5.0,"""Pool Time Paradise is an apartment set in Cartertown", 6 km from Gatlinburg. The air-conditioned unit is 8 km from Pigeon Forge.,,,,,
Tennessee,Gatlinburg,35.72961,-83.46063,17 Honeysuckle Lodge Cabin,5.0,"""17 Honeysuckle Lodge Cabin is located in Gatlinburg", 6 km from Ripleys Aquarium of the Smokies, 7 km from Gatlinburg Space Needle, as well as 5 km from Smoky Mountain Winery. The property is 6 km from Anakeesta and 6 km from Guinness World of Record Museum.,,,
Tennessee,Gatlinburg,35.70629,-83.56128,Splish Splash,5.0,"""Splish Splash offers accommodation in Chalet Village", 3.9 km from Gatlinburg and 9 km from Pigeon Forge. The air-conditioned unit is 34 km from Cherokee.,,,,,
Tennessee,Gatlinburg,35.73606,-83.46146,529 Reba Cabin,5.0,"""529 Reba Cabin is situated in Gatlinburg", 15 km from Dolly Partons Stampede, 20 km from The Grand Majestic Theater, and 20 km from Country Tonite Theatre. The accommodation is 6.2 km from Ripleys Aquarium of the Smokies, and guests benefit from private parking available on site and free WiFi.,,
Tennessee,Gatlinburg,35.7155,-83.50754,Gatlinburg Chateau Condo #106 by RedAwning,5.0,"""Located in Gatlinburg", less than 1 km from Ripleys Aquarium of the Smokies and 10 km from Dolly Partons Stampede, Gatlinburg Chateau Condo 106 offers free WiFi and air conditioning. Housed in a building dating from 1999, this apartment is 15 km from The Grand Majestic Theater and 15 km from Country Tonite Theatre.,,,
Tennessee,Gatlinburg,35.74707,-83.48609,Papa Bears Cabin by RedAwning,5.0,"""Offering free WiFi and mountain views", Papa Bears Cabin is an accommodation located in Gatlinburg. The holiday home is in an area where guests can engage in activities such as skiing and cycling.,,,,,
Tennessee,Gatlinburg,35.71232,-83.50072,443 Loop Road Home,5.0,"""443 Loop Road Home has a balcony and is set in Gatlinburg", within just less than 1 km of Smoky Mountain Winery and a 20-minute walk of Sweet Fanny Adams Theatre. This property offers access to a patio, free private parking and free WiFi.,,,,
Tennessee,Gatlinburg,35.75661,-83.45553,Natural Attractions,5.0,"""Located in Gatlinburg", Natural Attractions is 8 km from Bill Gladwell, The Mentalist. Ripleys Aquarium of the Smokies is 8 km from the property.,,,,
Tennessee,Gatlinburg,35.73173,-83.46047,203 Tranquility Cabin,5.0,"""203 Tranquility Cabin is situated in Gatlinburg", 7 km from Gatlinburg Space Needle, 6 km from Smoky Mountain Winery, and 6 km from Sweet Fanny Adams Theatre. The air-conditioned accommodation is 7 km from Ripleys Aquarium of the Smokies, and guests benefit from complimentary WiFi and private parking available on site.,,
Tennessee,Gatlinburg,35.75681,-83.44923,The Blue Heron 1 Br Cabin,5.0,"""Set in Gatlinburg in the Tennessee region", The Blue Heron Cabin has a patio. The air-conditioned accommodation is 10 km from Ripleys Aquarium of the Smokies, and guests benefit from private parking available on site and free WiFi.,,,,
Tennessee,Gatlinburg,35.708168,-83.514389,with Jacuzzi Nestled in the Heart of Gatlinburg by RedAwning,3.0,,,,354 East Holly Ridge Rd  ,37738,6367364042,
Tennessee,Gatlinburg,35.72041,-83.48885,Distiller's Den Cabin Cabin,5.0,"""Set in Gatlinburg", 3 km from Ripleys Aquarium of the Smokies and 12 km from Dolly Partons Stampede, DistillerS Den Cabin Cabin offers free WiFi and air conditioning. The Dollywood is within 19 km of the holiday home.,,,,
Tennessee,Gatlinburg,35.70798,-83.55957,Our Place in the Smokies,,"""This rustic-style Gatlinburg Our Place in the Smokies apartment features a balcony with a view of Mount LeConte", kitchen, and indoor pool access. Ober Gatlinburg Ski Area & Amusement Park is 3 km away.,,,,
Tennessee,Gatlinburg,35.72953,-83.4602,13 Serenity Home Cabin,5.0,"""13 Serenity Home Cabin is set in Gatlinburg", 6 km from Gatlinburg Space Needle, 5 km from Smoky Mountain Winery, as well as 6 km from Sweet Fanny Adams Theatre. The air-conditioned accommodation is 6 km from Ripleys Aquarium of the Smokies, and guests benefit from private parking available on site and free WiFi.,,
Tennessee,Gatlinburg,35.73875,-83.52622,Knotty By Nature,5.0,"""Immerse yourself in nature at Knotty By Nature. Located in Gatlinburg", this holiday home provides free WiFi access.,,,,,
Tennessee,Gatlinburg,35.70706,-83.54762,Mount Beautiful Cabin,5.0,"""Set in Gatlinburg", 5 km from Ripleys Aquarium of the Smokies and 4.3 km from Gatlinburg Space Needle, Mount Beautiful Cabin offers free WiFi and air conditioning. The property is 4 km from Star Cars Museum and 4 km from Amazing Mirror Maze.,,,,
Tennessee,Gatlinburg,35.73391,-83.46144,277 Birds Eye View Cabin,5.0,"""Set 7 km from Gatlinburg Space Needle", 5 km from Smoky Mountain Winery and 6 km from Sweet Fanny Adams Theatre, 277 Birds Eye View Cabin offers accommodation located in Gatlinburg. The air-conditioned accommodation is 6 km from Ripleys Aquarium of the Smokies, and guests benefit from private parking available on site and free WiFi.,,,
Tennessee,Gatlinburg,35.73,-83.45952,24 Bear Trax Cabin,5.0,"""24 Bear Trax Cabin is located in Gatlinburg", 7 km from Gatlinburg Space Needle, 5 km from Smoky Mountain Winery, as well as 6 km from Sweet Fanny Adams Theatre. The air-conditioned accommodation is 6 km from Ripleys Aquarium of the Smokies, and guests benefit from complimentary WiFi and private parking available on site.,,
Tennessee,Gatlinburg,35.72953,-83.4602,11 Above And Beyond Cabin,5.0,"""Set in Gatlinburg", 6 km from Ripleys Aquarium of the Smokies and 6 km from Gatlinburg Space Needle, 11 Above And Beyond Cabin offers free WiFi and air conditioning. The property is 6 km from Cooters Place and 6 km from Anakeesta.,,,,
Tennessee,Gatlinburg,35.73087,-83.46085,08 A Smoky Mountain Dream Cabin,5.0,"""Boasting a hot tub", 08 A Smoky Mountain Dream Cabin is situated in Gatlinburg. The Ripleys Aquarium of the Smokies and the Gatlinburg Space Needle are within 7 km and 7 km of the holiday home, and free WiFi is provided.,,,,
Tennessee,Gatlinburg,35.72693,-83.47748,Picture Perfect Holiday Home,5.0,"""Located 3.3 km from Gatlinburg", Picture Perfect Holiday home offers accommodation in Cartertown. The air-conditioned unit is 10 km from Pigeon Forge.,,,,,
Tennessee,Gatlinburg,35.75661,-83.45553,Four Seasons Holiday Home,5.0,"""Four Seasons Holiday home offers accommodation in Zion Grove", 7 km from Gatlinburg and 10 km from Pigeon Forge. The air-conditioned unit is 34 km from Cherokee.,,,,,
Tennessee,Gatlinburg,35.75661,-83.45553,Cupids Arrow Holiday Home,5.0,"""Located in Zion Grove", this air-conditioned apartment features a terrace. Guests benefit from balcony.,,,,,
Tennessee,Gatlinburg,35.74933,-83.47809,Mountain Splash Holiday home,5.0,"""Situated in Cartertown", this air-conditioned apartment features a terrace. Guests benefit from balcony.,,,,,
Tennessee,Gatlinburg,35.75077,-83.45967,Mountain Glory Holiday Home,5.0,"""Set in Glade", this apartment features a patio. The unit is 6 km from Gatlinburg.,,,,,
Tennessee,Gatlinburg,35.71143,-83.54558,Cozy Creek Holiday Home,5.0,"""Situated in Chalet Village", this air-conditioned apartment features a terrace. The unit is 3.2 km from Gatlinburg.,,,,,
Tennessee,Gatlinburg,35.74293,-83.47135,Life's A Bear Holiday Home,5.0,"""Located 5 km from Gatlinburg", Lifes a Bear Holiday home offers accommodation in Glade. Guests benefit from terrace.,,,,,
Tennessee,Gatlinburg,35.71426,-83.51016,Unforgettable Holiday Home,5.0,"""Unforgettable Holiday home offers accommodation in Gatlinburg", 800 metres from Bill Gladwell, The Mentalist and 1 km from Ripleys Aquarium of the Smokies. The air-conditioned unit is 800 metres from Gatlinburg Space Needle.,,,,
Tennessee,Gatlinburg,35.74293,-83.47135,Moonshiner's Legacy Holiday Home,5.0,"""Moonshiners Legacy Holiday home offers accommodation in Glade. Guests benefit from terrace.",,,,,,
Tennessee,Gatlinburg,35.76657,-83.31968,Mountain Memories Holiday Home,5.0,"""Mountain Memories Holiday home offers accommodation in Rocky Grove. Guests benefit from terrace.",,,,,,
Tennessee,Gatlinburg,35.75661,-83.45553,Southern Philosophy Holiday Home,5.0,"""Located 7 km from Gatlinburg and 10 km from Pigeon Forge", Southern Philosophy Holiday home offers accommodation in Zion Grove. The air-conditioned unit is 34 km from Cherokee.,,,,,
Tennessee,Gatlinburg,35.75661,-83.45553,Mountain Laurel Holiday Home,5.0,"""Mountain Laurel Holiday home offers accommodation in Zion Grove", 7 km from Gatlinburg. Guests benefit from terrace.,,,,,
Tennessee,Gatlinburg,35.76285,-83.32498,Creeksong Holiday Home,5.0,"""Creeksong Holiday home offers accommodation in Rocky Grove", 18 km from Gatlinburg and 21 km from Pigeon Forge. The air-conditioned unit is 32 km from Cherokee.,,,,,
Tennessee,Gatlinburg,35.7652,-83.32262,Ever After Holiday Home,5.0,"""Located in Rocky Grove", this air-conditioned apartment is 18 km from Gatlinburg. Guests benefit from terrace.,,,,,
Tennessee,Gatlinburg,35.76656,-83.32042,Wine Down Holiday Home,5.0,"""Wine Down Holiday home offers accommodation in Rocky Grove. The air-conditioned unit is 18 km from Gatlinburg.",,,,,,
Tennessee,Gatlinburg,35.75661,-83.45553,Sweet Dreams Holiday Home,5.0,"""Sweet Dreams Holiday home offers accommodation in Zion Grove", 7 km from Gatlinburg. The air-conditioned unit is 10 km from Pigeon Forge.,,,,,
Tennessee,Gatlinburg,35.75661,-83.45553,Finders Keepers Holiday Home,5.0,"""Finders Keepers Holiday home offers accommodation in Zion Grove", 7 km from Gatlinburg and 10 km from Pigeon Forge. The air-conditioned unit is 34 km from Cherokee.,,,,,
Tennessee,Gatlinburg,35.75661,-83.45553,Almost Heaven Holiday Home,5.0,"""Set in Zion Grove", this air-conditioned apartment is 7 km from Gatlinburg. The unit is 10 km from Pigeon Forge.,,,,,
Tennessee,Gatlinburg,35.75661,-83.45553,Summit Sanctuary Holiday Home,5.0,"""Summit Sanctuary Holiday home offers accommodation in Zion Grove", 7 km from Gatlinburg and 10 km from Pigeon Forge. The air-conditioned unit is 34 km from Cherokee.,,,,,
Tennessee,Gatlinburg,35.75599,-83.45463,Basswood Lodge Holiday Home,5.0,"""Basswood Lodge Holiday home offers accommodation in Zion Grove. Guests benefit from terrace.",,,,,,
Tennessee,Gatlinburg,35.76615,-83.31978,Cajun Hideaway Holiday Home,5.0,"""Cajun Hideaway Holiday home offers accommodation in Rocky Grove. The air-conditioned unit is 18 km from Gatlinburg.",,,,,,
Tennessee,Gatlinburg,35.71426,-83.51016,Mountain Elegance Holiday Home,5.0,"""Situated in Gatlinburg", this air-conditioned apartment features a terrace. The unit is 800 metres from Bill Gladwell, The Mentalist.,,,,
Tennessee,Gatlinburg,35.75661,-83.45553,Diamond In The Rough Holiday Home,5.0,"""Diamond In The Rough Holiday home offers accommodation in Zion Grove", 7 km from Gatlinburg. Guests benefit from terrace.,,,,,
Tennessee,Gatlinburg,35.75621,-83.45239,Urban Cowboy Holiday Home,5.0,"""Located in Zion Grove", this air-conditioned apartment is 7 km from Gatlinburg. Guests benefit from terrace.,,,,,
Tennessee,Gatlinburg,35.75661,-83.45553,Southern Comfort Holiday Home,5.0,"""Set 7 km from Gatlinburg and 10 km from Pigeon Forge", Southern Comfort Holiday home offers accommodation in Zion Grove. The air-conditioned unit is 34 km from Cherokee.,,,,,
Tennessee,Gatlinburg,35.71673,-83.49777,Riverside Escape,5.0,"""Located 1.8 km from Ripleys Aquarium of the Smokies in Gatlinburg", Riverside Escape & Roaring Romance provides accommodation with air conditioning and free WiFi.,,,,,
Tennessee,Gatlinburg,35.77014,-83.34096,837 Vixen Run Cabin,5.0,"""Located in Rocky Grove in the Tennessee region", Mountain View 3BR with Hot Tub features a patio. The air-conditioned accommodation is 36 km from Sevierville, and guests benefit from complimentary WiFi and private parking available on site.,,,,
Tennessee,Gatlinburg,35.77073,-83.33929,Livin 'on Love Holiday Home,5.0,"""Located 17 km from Gatlinburg", Livin On Love Holiday home offers accommodation in Rocky Grove. The unit is 20 km from Pigeon Forge.,,,,,
Tennessee,Gatlinburg,35.76857,-83.36132,Bearfoot Memories,5.0,"""Bearfoot Memories Holiday home offers accommodation in Pittman Center", 15 km from Gatlinburg and 18 km from Pigeon Forge. Guests benefit from terrace.,,,,,
Tennessee,Gatlinburg,35.7045,-83.5518,Alpine Ski Lodge Near Ober Gatlinburg Hot Tub,5.0,"""Located in Gatlinburg in the Tennessee region", Alpine Ski Lodge, 2 Bedrooms, Sleeps 6, Near Ober Gatlinburg, Hot Tub features a patio and mountain views. The accommodation is 5.9 km from the Ripleys Aquarium of the Smokies and has free WiFi throughout the property.,
Tennessee,Gatlinburg,35.71082,-83.5218,Oak Square Condo #309 by RedAwning,5.0,"""Located in Gatlinburg", 1.1 km from Ripleys Aquarium of the Smokies and 11 km from Dolly Partons Stampede, Oak Square 309 provides accommodation with amenities such as free WiFi and a TV. The Dollywood is within 18 km of the apartment.,,,,
Tennessee,Gatlinburg,35.70997,-83.52172,Oak Square Condo #210 by RedAwning,5.0,"""Set in Gatlinburg", 1.1 km from Ripleys Aquarium of the Smokies and 11 km from Dolly Partons Stampede, Oak Square 210 provides accommodation with amenities such as free WiFi and a TV. This apartment is 18 km from Dollywood.,,,,
Tennessee,Gatlinburg,35.71581,-83.50831,Gatlinburg Chateau Condo #403,5.0,"""Gatlinburg Chateau 105 in Gatlinburg features accommodation with free WiFi", 500 metres from Ripleys Aquarium of the Smokies, 1.1 km from Gatlinburg Space Needle and 200 metres from Sweet Fanny Adams Theatre. The property is 700 metres from Earthquake The Ride and less than 1 km from Mysterious Mansion.,,,,
Tennessee,Gatlinburg,35.75619,-83.43378,Stairway To Heaven Holiday Home,5.0,"""Stairway To Heaven Holiday home offers accommodation in Zion Grove", 8 km from Gatlinburg and 12 km from Pigeon Forge. Guests benefit from terrace.,,,,,
Tennessee,Gatlinburg,35.74448,-83.48779,Rast Court Cabin 1016,5.0,"""Rast Court Cabin 1016 Cabin is a holiday home with a barbecue", located in Gatlinburg, 5 km from Ripleys Aquarium of the Smokies. The air-conditioned unit is 5 km from Bill Gladwell, The Mentalist.,,,
Tennessee,Gatlinburg,35.74476,-83.48368,1065 E Foothills Dr Cabin,5.0,"""Set in Gatlinburg in the Tennessee region", 1065 E Foothills Dr Cabin has a patio. The air-conditioned accommodation is 6 km from Ripleys Aquarium of the Smokies, and guests benefit from complimentary WiFi and private parking available on site.,,,,
Tennessee,Gatlinburg,35.75612,-83.35628,White Oak Lodge And Resort Cabin #212,5.0,"""Situated in Pittman Center in the Tennessee Region", this holiday home is 15 km from Gatlinburg. The air-conditioned unit is 18 km from Pigeon Forge.,,,,,
Tennessee,Gatlinburg,35.76727,-83.36259,Gatlinburg Mansion Cabin,5.0,"""Gatlinburg Mansion Cabin is located in Pittman Center. The accommodation is 32 km from Sevierville", and guests benefit from complimentary WiFi and private parking available on site.,,,,,
Tennessee,Gatlinburg,35.73695,-83.47921,Black Bear Falls Cabin,5.0,"""Located in Gatlinburg", 5 km from Ripleys Aquarium of the Smokies and 6 km from Gatlinburg Space Needle, Black Bear Falls Cabin offers air conditioning. It is set 4 km from Smoky Mountain Winery and provides an ATM.,,,,
Tennessee,Gatlinburg,35.75621,-83.45239,Big Sky Lodge,5.0,"""Boasting a spa bath", Big Sky Lodge is situated in Zion Grove. It is set 11 km from Ripleys Aquarium of the Smokies and offers free WiFi plus an ATM.,,,,,
Tennessee,Gatlinburg,35.75599,-83.45463,A Desire Fulfilled Holiday Home,5.0,"""A Desire Fulfilled Holiday home offers accommodation in Zion Grove", 7 km from Gatlinburg and 10 km from Pigeon Forge. The air-conditioned unit is 34 km from Cherokee.,,,,,
Tennessee,Gatlinburg,35.75661,-83.45553,A Touch Of Class Holiday Home,5.0,"""Situated 7 km from Gatlinburg and 10 km from Pigeon Forge", A Touch of Class Holiday home offers accommodation in Zion Grove. The air-conditioned unit is 34 km from Cherokee.,,,,,
Tennessee,Gatlinburg,35.76496,-83.32266,Forever Young,5.0,"""Forever Young is situated in Rocky Grove", 29 km from Dolly Partons Stampede and 34 km from The Grand Majestic Theater, in an area where skiing can be enjoyed. It is set 21 km from Ripleys Aquarium of the Smokies and offers free WiFi plus an ATM.,,,,
Tennessee,Gatlinburg,35.70798,-83.55957,The Summit 6208,5.0,"""Gatlinburg Summit Condo #6208 provides free WiFi throughout the property and rooms with air conditioning in Gatlinburg. Featuring an ATM", this property also provides guests with a childrens playground. All rooms come with a balcony with a mountain view.,,,,,
Tennessee,Gatlinburg,35.71551,-83.50842,Gatlinburg Chateau Condo #304 by RedAwning,5.0,"""Set in Gatlinburg", 1 km from Ripleys Aquarium of the Smokies and 10 km from Dolly Partons Stampede, Gatlinburg Chateau Condo 304 provides accommodation with amenities such as free WiFi and a TV. This apartment is 17 km from Dollywood.,,,,
Tennessee,Gatlinburg,35.69993,-83.55189,Alpine Vista Cabin,5.0,"""Alpine Vista Cabin is a holiday home with a barbecue", located in Gatlinburg, 3.1 km from Ripleys Aquarium of the Smokies. The air-conditioned unit is 3.3 km from Bill Gladwell, The Mentalist.,,,
Tennessee,Gatlinburg,35.70306,-83.54801,Smoky Bear Hideaway,5.0,"""Set in Gatlinburg", 5.1 km from Ripleys Aquarium of the Smokies and 15 km from Dolly Partons Stampede, Smoky Bear Hideaway provides accommodation with amenities such as free WiFi and a TV. This holiday home is 21 km from Dollywood.,,,,
Tennessee,Gatlinburg,35.72763,-83.49246,Resort Way Cabin 808,5.0,"""Resort Way Cabin 808 Cabin is a holiday home is set in Gatlinburg is 3 km from Bill Gladwell", The Mentalist. Guests benefit from patio.,,,,,
Tennessee,Gatlinburg,35.71583,-83.50829,Gatlinburg Chateau Condo #506 by RedAwning,5.0,"""Set in Gatlinburg", 1 km from Ripleys Aquarium of the Smokies and 10 km from Dolly Partons Stampede, Gatlinburg Chateau Condo 506 offers free WiFi and air conditioning. This apartment is 17 km from Dollywood.,,,,
Tennessee,Gatlinburg,35.71848,-83.51689,Greystone Retreat Cabin,5.0,"""Situated in Gatlinburg", Greystone Retreat Cabin features accommodation with a private pool and free WiFi. This lodge is 2 km from Ripleys Aquarium of the Smokies and 12 km from Dolly Partons Stampede.,,,,,
Tennessee,Gatlinburg,35.73768,-83.46412,308 Elk Cove Way Cabin,5.0,"""308 Elk Cove Way Cabin offers accommodation in Gatlinburg", 6 km from Ripleys Aquarium of the Smokies and 7 km from Gatlinburg Space Needle. Guests staying at this holiday home have access to a patio.,,,,,
Tennessee,Gatlinburg,35.70997,-83.52172,Oak Square Condo #201 by RedAwning,5.0,"""Set in Gatlinburg", 1.1 km from Ripleys Aquarium of the Smokies and 11 km from Dolly Partons Stampede, Oak Square 201 provides accommodation with amenities such as free WiFi and a TV. The Dollywood is within 18 km of the apartment.,,,,
Tennessee,Gatlinburg,35.71551,-83.50842,Gatlinburg Chateau Condo #401 by RedAwning,5.0,"""Located in Gatlinburg", 1 km from Ripleys Aquarium of the Smokies and 10 km from Dolly Partons Stampede, Gatlinburg Chateau Condo 401 provides accommodation with amenities such as free WiFi and a TV. The apartment is 17 km from Dollywood.,,,,
Tennessee,Gatlinburg,35.71581,-83.50831,Gatlinburg Chateau Condo #302 by RedAwning,5.0,"""Situated in Gatlinburg", 1 km from Ripleys Aquarium of the Smokies and 10 km from Dolly Partons Stampede, Gatlinburg Chateau Condo 105 provides accommodation with amenities such as free WiFi and a TV. This apartment is 15 km from The Grand Majestic Theater and 16 km from Country Tonite Theatre.,,,,
Tennessee,Gatlinburg,35.75661,-83.45553,A Smoky Hideaway,5.0,"""Featuring air conditioning", A Smoky Hideaway offers accommodation in Zion Grove. Gatlinburg is 8 km from the property.,,,,,
Tennessee,Gatlinburg,35.76596,-83.33649,Another Day In Paradise,5.0,"""Another Day In Paradise is an apartment set in Rocky Grove", 18 km from Gatlinburg. The unit is 20 km from Pigeon Forge.,,,,,
Tennessee,Gatlinburg,35.73724,-83.46452,Hilltop Haven,5.0,"""Set in Gatlinburg", Hilltop Haven chalet offers accommodation with a private pool and free WiFi. Located 6.3 km from Ripleys Aquarium of the Smokies, the property provides a terrace and free private parking.,,,,
Tennessee,Gatlinburg,35.70718,-83.52458,Park Place Condos,5.0,"""Situated in the heart of Great Smoky Mountains National Park", these Gatlinburg accommodations feature a both a seasonal outdoor swimming pool and an outdoor hot tub. Each apartment boasts a balcony with a river view.,,,,,
Tennessee,Gatlinburg,35.76716,-83.35589,Amazing Views Retreat Holiday Home,5.0,"""Located in Pittman Center", this air-conditioned apartment is 15 km from Gatlinburg. Guests benefit from terrace.,,,,,
Tennessee,Gatlinburg,35.76493,-83.36164,Heavenly Heights Holiday Home,5.0,"""Situated in Pittman Center", this air-conditioned apartment features a terrace. Guests benefit from balcony.,,,,,
Tennessee,Gatlinburg,35.76857,-83.36132,Knotty Pine Delight Holiday Home,5.0,"""Located 15 km from Gatlinburg", Knotty Pine Delight Holiday home offers accommodation in Pittman Center. The air-conditioned unit is 18 km from Pigeon Forge.,,,,,
Tennessee,Gatlinburg,35.76857,-83.36132,Bearfoot Memories Holiday Home,5.0,"""Bearfoot Memories Holiday home offers accommodation in Pittman Center", 15 km from Gatlinburg and 18 km from Pigeon Forge. Guests benefit from terrace.,,,,,
Tennessee,Gatlinburg,35.70961,-83.52187,Downtown Gatlinburg Apartment,,"""Downtown Gatlinburg Apartment is set in Gatlinburg", 11 km from Dolly Partons Stampede and 16 km from The Grand Majestic Theater, in an area where hiking can be enjoyed. The 5-star apartment features city views and is 1.1 km from Ripleys Aquarium of the Smokies.,,,,
Tennessee,Gatlinburg,35.7317,-83.54045,Little Creek Cabin,5.0,"""Featuring air-conditioned accommodation with a balcony", Little Creek Cabin is set in Chalet Village. The property is 21 km from Sevierville and free private parking is featured.,,,,,
Tennessee,Gatlinburg,35.73064,-83.49552,Creekside Getaway,5.0,"""Set in Gatlinburg", 3.3 km from Ripleys Aquarium of the Smokies and 3.8 km from Gatlinburg Space Needle, Creekside Getaway offers accommodation with free WiFi, air conditioning, a seasonal outdoor swimming pool and a tennis court. Featuring free private parking, the holiday home is in an area where guests can engage in activities such as hiking, skiing and billiards.
Tennessee,Gatlinburg,35.74714,-83.47286,Honeymoon Hideaway,5.0,"""Set in Gatlinburg", 6.5 km from Ripleys Aquarium of the Smokies and 15 km from Dolly Partons Stampede, Honeymoon Hideaway offers accommodation with free WiFi, air conditioning, a seasonal outdoor swimming pool and barbecue facilities. Featuring free private parking, the holiday home is in an area where guests can engage in activities such as hiking and canoeing.,
Tennessee,Gatlinburg,35.70997,-83.52172,DreamCatcher Downtown Gatlinburg,5.0,"""Boasting city views", DreamCatcher Downtown Gatlinburg features accommodation with a balcony and a coffee machine, around 11 km from Dolly Partons Stampede. Set 1.1 km from Ripleys Aquarium of the Smokies, the property offers a seasonal outdoor swimming pool and free private parking.,,,
Tennessee,Gatlinburg,35.70798,-83.55957,It's All About The View,5.0,"""Situated in Gatlinburg", Its All About The View offers a balcony with city and mountain views, as well as an outdoor pool, indoor pool and hot tub. The air-conditioned accommodation is 7 km from Ripleys Aquarium of the Smokies, and guests benefit from complimentary WiFi and private parking available on site.,,
Tennessee,Gatlinburg,35.70573,-83.51777,Heart of Gatlinburg,3.0,"""This Gatlinburg property is divided into 3 distinct accommodations: Gatlinburg Town Square Resort (GTS)", Gatlinburg Town Village (GTV), and Gatlinburg Town Village Hotel (GTVH). Gatlinburg Town Village (GTV) and Gatlinburg Town Village Hotel (GTVH) are located just a short walk away from Gatlinburg Town Square Resort (GTS). Guests at both Gatlinburg Town Village (GTV) and Town Village Hotel (GTVH) can enjoy all the amenities located at Gatlinburg Town Square Resort (GTS).,,,,
Tennessee,Gatlinburg,35.71029,-83.54676,Buckberry Creek Chalet,5.0,"""Situated in Gatlinburg", Buckberry Creek Chalet offers a terrace with mountain and river views, as well as a seasonal outdoor pool, fitness centre and hot tub. Boasting free private parking, the chalet is in an area where guests can engage in activities such as hiking, skiing and billiards.,
Tennessee,Gatlinburg,35.76009,-83.46507,Secluded Romance,5.0,"""Featuring a hot tub", Secluded Romance is set in Gatlinburg. Guests benefit from a patio and a barbecue.,,,,,
Tennessee,Gatlinburg,35.73529,-83.48123,8 Bears Lodge,5.0,"""Boasting a spa bath", 8 Bears Lodge is situated in Gatlinburg. With free private parking, the property is 4.4 km from Ripleys Aquarium of the Smokies and 13 km from Dolly Partons Stampede.,,,,
Tennessee,Gatlinburg,35.74051,-83.45306,Four Season's Getaway,5.0,"""Four Seasons Getaway", a property with barbecue facilities, is located in Gatlinburg, 9 km from Ripleys Aquarium of the Smokies, 10 km from Gatlinburg Space Needle, as well as 8 km from Smoky Mountain Winery. This property offers access to a patio, free private parking and free WiFi.
Tennessee,Gatlinburg,35.74126,-83.45317,Windsong,5.0,"""Boasting a spa bath", Windsong is set in Gatlinburg. With free private parking, the property is 8.7 km from Ripleys Aquarium of the Smokies and 15 km from Dolly Partons Stampede.,,,,
Tennessee,Gatlinburg,35.7415,-83.4529,Truly Blessed,5.0,"""Located in Gatlinburg", 8.6 km from Ripleys Aquarium of the Smokies, 15 km from Dolly Partons Stampede and 19 km from The Grand Majestic Theater, Truly Blessed, 3 Bedrooms, Hot Tub, Sleeps 10 provides accommodation with a patio and free WiFi.
Tennessee,Gatlinburg,35.7432,-83.4805,Park View 1 Mountain View Hot Tub,5.0,"""Located in Gatlinburg in the Tennessee region", Park View 1, 2 Bedrooms, Mountain View, Hot Tub, Sleeps 4 has a patio. The air-conditioned accommodation is 5.6 km from Ripleys Aquarium of the Smokies, and guests benefit from complimentary WiFi and private parking available on site.
Tennessee,Gatlinburg,35.7432,-83.4805,Park View 2 Mountain View Hot Tub,3.0,"""Set in Gatlinburg in the Tennessee region", Park View 2, 2 Bedrooms, Mountain View, Hot Tub, Sleeps 4 has a patio. The air-conditioned accommodation is 5.6 km from Ripleys Aquarium of the Smokies, and guests benefit from complimentary WiFi and private parking available on site.
Tennessee,Gatlinburg,35.72978,-83.4616,23 The Cub House Cabin,5.0,"""Located in Gatlinburg in the Tennessee region", 23 The Cub House Cabin features a patio. The air-conditioned accommodation is 6 km from Ripleys Aquarium of the Smokies, and guests benefit from private parking available on site and free WiFi.,,,,
Tennessee,Gatlinburg,35.7081,-83.5596,Tennessee Sunshine Fireplace Wifi Pool Access,5.0,"""Set in Gatlinburg", 6.9 km from Ripleys Aquarium of the Smokies and 15 km from Dolly Partons Stampede, Tennessee Sunshine offers free WiFi and air conditioning. Boasting free private parking, the apartment is in an area where guests can engage in activities such as skiing and cycling.,,,
Tennessee,Gatlinburg,35.7397,-83.4776,Enchanted View Lodge Pool Access Mountain View 0,5.0,"""Situated in Gatlinburg", 5.3 km from Ripleys Aquarium of the Smokies and 14 km from Dolly Partons Stampede, Enchanted View Lodge, 3 Bedrooms, Sleeps 10, Pool Access, Mountain View offers free WiFi and air conditioning. The holiday home is in an area where guests can engage in activities such as skiing and cycling.
Tennessee,Gatlinburg,35.7637,-83.362,Dreamscapes Amazing Views Theater Pool Table 7,5.0,"""Offering free WiFi and mountain views", Dreamscapes is an accommodation situated in Gatlinburg. Boasting a patio, the holiday home is in an area where guests can engage in activities such as skiing and cycling.,,,,
Tennessee,Gatlinburg,35.7774,-83.3566,Big Bear Lodge View Hot Tub Privacy Jacuzzis 6,5.0,"""Located in Gatlinburg", 19 km from Ripleys Aquarium of the Smokies and 28 km from Dolly Partons Stampede, The Big Bear Escape Mtn View Hot Tub Game Room provides air-conditioned accommodation with a balcony and free WiFi. Featuring free private parking, the holiday home is in an area where guests can engage in activities such as hiking, golfing and billiards.,,
Tennessee,Goodlettsville,36.35437,-86.74333,Nashville TN Vacation Rentals,,"""Located in Nashville", Nashville TN Vacation Rentals offers self-catering accommodation features free WiFi and is 17 kilometres drive from Grand Ole Opry.,,,,,
Tennessee,Goodlettsville,36.35437,-86.74333,Executive 4bdr Country Getaway Bachelor Wedding Parties Welcome,5.0,"""Situated in Nashville", 24 km from Grand Ole Opry and 26 km from Nissan Stadium, Executive 4bdr Country Getaway-Bachelor(ette) Wedding Parties Welcome features accommodation with free WiFi, air conditioning, and a seasonal outdoor swimming pool. Featuring free private parking, the villa is in an area where guests can engage in activities such as hiking, cycling and billiards.
Tennessee,Greeneville,36.17821,-82.78538,Andrew Johnson Inn,1.0,"""Located in Greeneville", Tennessee, this motel features a seasonal outdoor pool and free guest parking. Free Wi-Fi can be accessed from every room.,,,,
Tennessee,Jackson,35.66081,-88.85453,M Star Hotel Jackson,1.0,"""This Tennessee motel is less than 1 minutes walk from the Casey Jones Home and Railroad Museum and 8 km from Cypress Grove Park. M Star Hotel Jackson guests will enjoy free WiFi.",,,,,,
Tennessee,Jackson,35.6669,-88.82866,Executive Inn and Suites Jackson,2.0,"""Located just off Interstate 40 and 7 minutes from the Jackson city centre", this hotel features a seasonal outdoor pool. Free Wi-Fi and a daily continental breakfast are also provided.,,,,,
Tennessee,Jackson,35.91672,-88.75475,Econo Lodge,2.0,This unpretentious hotel can be found in Milan Area. A total of 55 rooms are available for guests' convenience at Econo Lodge.,Hotel,,3022 S 1st. St. Milan ,38358,,https://www.choicehotels.com/tennessee/milan/econo-lodge-hotels/tn745
Tennessee,Jackson,35.65956,-88.42077,Lexington Inn,2.0,"""This motel is 2 miles from downtown Lexington and is 1 mile from the Beech Lake. The motel offers a 24-hour front desk and rooms with a refrigerator.",,,,,,
Tennessee,Jackson,44.43854,-68.37036,Open Hearth Inn,2.0,"""Open Hearth Inn provides air-conditioned rooms in Trenton. All rooms feature a flat-screen TV with cable channels and a private bathroom. There is a barbecue and guests can make use of free WiFi and free private parking.",,,,,,
Tennessee,Jackson,44.45181,-68.36641,Acadia Sunrise Motel,3.0,"""Featuring views of the mountains in Acadia National Park", the Acadia Sunrise Motel is located in Trenton. The property features an outdoor swimming pool. Free WiFi access is available.,,,,,
Tennessee,Jackson,35.25672,-89.00077,Travelers Inn,3.0,"""Set in Bolivar", 47 km from Rustys TV and Movie Car Museum, Rodeway Inn offers accommodation with free WiFi and free private parking. This 3-star hotel offers a 24-hour front desk.,,,,
Tennessee,Jackson,44.49119,-68.37393,Acadia Gateway Motel,2.0,"""Less than 20 minutes drive from Acadia National Park and the Bar Harbor town centre", this this Trenton, Acadia Gateway motel offers rooms with a cable TV. BBQ facilities are available and a reception is open until 22:00.,,,,
Tennessee,Jackson,44.43861,-68.36568,Narrows Too Camping Resort Cabin 1,5.0,"""Situated in Trenton", Narrows Too Camping Resort Cabin 1 offers accommodation with a patio.,,,,,
Tennessee,Jackson,35.67676,-88.78434,SpringHill Suites by Marriott Jackson,3.0,"""Featuring 3-star accommodation", SpringHill Suites by Marriott Jackson is located in Jackson, 9.3 km from Casey Jones Village and 11 km from Rustys TV and Movie Car Museum. The hotel features an outdoor swimming pool and a 24-hour front desk and free WiFi throughout the property.,,,,
Tennessee,Jackson,44.43861,-68.36568,Narrows Too Camping Resort Cottage 11,5.0,"""Situated 19 km from Agamont Park", Narrows Too Camping Resort Cottage 11 offers air-conditioned accommodation with a patio.,,,,,
Tennessee,Jackson,44.43861,-68.36568,Narrows Too Camping Resort Loft Cottage 12,5.0,"""Narrows Too Camping Resort Loft Cottage 12 features air-conditioned guest accommodation in Trenton", 19 km from Agamont Park, 16 km from Frenchman Bay and 19 km from The Abbe Museum.,,,,
Tennessee,Jackson,44.43861,-68.36568,Narrows Too Camping Resort Loft Cottage 13,5.0,"""Situated in Trenton", Narrows Too Camping Resort Loft Cottage 13 offers accommodation with a patio.,,,,,
Tennessee,Jackson,44.43861,-68.36568,Narrows Too Camping Resort Cabin 6,5.0,"""Set 19 km from Agamont Park", Narrows Too Camping Resort Cabin 6 offers accommodation with a patio, as well as a terrace.,,,,
Tennessee,Jackson,44.43861,-68.36568,Narrows Too Camping Resort Cabin 9,5.0,"""Located in Trenton", Narrows Too Camping Resort Cabin 9 offers accommodation with a patio.,,,,,
Tennessee,Jackson,44.40728,-68.4113,Acadia Ocean Front Garden Cottages,5.0,"""Situated on the sea shore with 60 metres of private shore and bay cove beach", Acadia Ocean Front Garden Cottages features conifer botanical garden as well as gardens of roses, azaleas, hydrangeas, apple trees and high bush blueberries.,,
Tennessee,Kingsport,36.56286,-82.56605,Travel Inn Kingsport,2.0,"""Set in Kingsport", 26 km from Hands On! Discovery Center, Travel Inn Kingsport offers accommodation with a garden, free private parking and a shared lounge. This 2-star motel offers a 24-hour front desk and free WiFi. Bristol Motor Speedway is 35 km from the motel and Tweetsie Trail is 40 km away.,,,
Tennessee,Kingston,35.88197,-84.50678,Lakeview Inn Kingston,2.0,"""Located off Interstate 40", this motel offers a free continental breakfast with 2 types of cereal and milk as well as free WiFi. The Kingston Waterfront Park is 1.6 km away.,,,,,
Tennessee,Knoxville,36.0107,-84.2688,Vista Inn Oak Ridge,2.0,,,,1590 Oak Ridge Turnpike Oak RidgeTN 37830 ,37830,,
Tennessee,Knoxville,36.166801453,-84.084960938,Travelodge Clinton,3.0,HotelDescription#This comfortable Hotel can be found in North Area. This is not a pet-friendly establishment.,,,N Charles Seivers Blvd 2317 2317 ClintonTennessee 37716 ,37716,8654570565,
Tennessee,Knoxville,35.94305,-83.91094,Executive Inn Knoxville,1.0,"""This Knoxville", Tennessee motel is 14 minutes walk from Fort Dickerson Park and 6 minutes drive from Knoxville city centre. Guests will be greeted by fresh cookies and coffee in the lobby.,,,,,
Tennessee,Knoxville,35.80575,-84.26181,Inn Of Lenoir Motor Lodge,1.0,"""Located in Lenoir City", Tennessee, this motel features a daily continental breakfast. It offers rooms with free Wi-Fi.,,,,
Tennessee,Knoxville,35.82592,-84.2751,Kings Inn,1.0,"""Offering an outdoor pool and a daily complimentary breakfast", this motel is located in Lenoir City, Tennessee. Free Wi-Fi access is available throughout the property.,,,,
Tennessee,Knoxville,35.92045,-84.09331,Quality Inn & Suites West Waterpark,2.0,"""The OYO Hotel Knoxville TN Cedar Bluff I-40 boasts is situated in Knoxville. This Tennessee hotel is minutes from local attractions like the Knoxville Zoo", the Knoxville Convention Center, the Knoxville Museum of Art, the University of Tennessee, Thompson-Boling Arena and Neyland Stadium.,,
Tennessee,Knoxville,36.0166836329678,-83.8241104781628,Gateway Inn Knoxville,1.0,HotelDescription#This charming Hotel is in Knoxville. The Hotel features a total of 35 rooms. No pets are allowed on the premises.,American Express Pets allowed Self Laundry Television Bathtub/Shower Combination Telephone Fridge MasterCard Discover Free Wireless Internet access Free local calls Cable / Satellite Television Private bathrooms Air Condition in rooms 24 Hour Front Desk Microwave Climate Control Visa Free self parking Free Wireless Internet access (inroom),Distances are calculated in a straight line from the property&apos;s location to the point of interest or attraction  and may not reflect actual travel distance. &lt;br /&gt;&lt;br /&gt; Distances are displayed to the nearest 0.1 mile and kilometer. &lt;p&gt;Knoxville Center - 4.9 km / 3.1 mi &lt;br /&gt;Chillhowe Park - 5.6 km / 3.5 mi &lt;br /&gt;Ramsey House Plantation - 5.6 km / 3.5 mi &lt;br /&gt;Knoxville Zoological Gardens - 5.8 km / 3.6 mi &lt;br /&gt;The Muse Knoxville - 5.9 km / 3.6 mi &lt;br /&gt;Knoxville Zoo - 6 km / 3.7 mi &lt;br /&gt;Knoxville Botanical Garden and Arboretum - 6.4 km / 4 mi &lt;br /&gt;Beck Cultural Exchange Center - 8.2 km / 5.1 mi &lt;br /&gt;Ijams Nature Center - 8.5 km / 5.3 mi &lt;br /&gt;Mabry Hazen House - 8.6 km / 5.4 mi &lt;br /&gt;Three Ridges Golf Course - 8.7 km / 5.4 mi &lt;br /&gt;Haley Heritage Square - 8.8 km / 5.5 mi &lt;br /&gt;Knoxville Municipal Stadium - 9 km / 5.6 mi &lt;br /&gt;House Mountain State Park - 9.4 km / 5.8 mi &lt;br /&gt;Knoxville Civic Auditorium and Coliseum - 9.7 km / 6 mi &lt;br /&gt;&lt;/p&gt;&lt;p&gt;The nearest major airport is Knoxville  TN (TYS-McGhee Tyson) - 27.7 km / 17.2 mi. &lt;/p&gt;,6300 Asheville Highway KnoxvilleTennessee 37924 ,37924,8655258001,http://www.magnusonhotels.com/hotel-detail.cfm?pco
Tennessee,Knoxville,35.96465,-83.91971,The Oliver Hotel,4.0,"""Well set in Knoxville", The Oliver Hotel Knoxville, by Oliver provides air-conditioned rooms, a fitness centre, free WiFi and a restaurant. This 4-star hotel offers a 24-hour front desk and a business centre. Private parking can be arranged at an extra charge.,,
Tennessee,Knoxville,36.00685,-84.26161,Days Inn Oak Ridge Knoxville,2.0,"""Featuring 2-star accommodation", Days Inn by Wyndham Oak Ridge Knoxville is situated in Oak Ridge, 38 km from University of Tennessee and 38 km from University of Tennessee Neyland Stadium. The 2-star hotel has air-conditioned rooms with a private bathroom and free WiFi. The hotel has family rooms.,,,,
Tennessee,Knoxville,36.02764,-83.9914,Days Inn by Wyndham Knoxville North,2.0,"""Located moments from Interstate 75", this motel is 9 miles from the Knoxville city centre. Offering a daily grab and go breakfast, each guest room is equipped with cable TV.,,,,
Tennessee,Knoxville,35.93838,-84.00628,Travelodge Knoxville West,2.0,"""Just 10 minutes drive from the University of Tennessee", Hilton Garden Inn Knoxville Papermill Drive, Tn offers rooms with free WiFi and cable TV with premium channels. Facilities include an outdoor swimming pool.,,,,
Tennessee,Knoxville,35.909977,-84.147919,Travelodge West Knoxville,3.0,,,,608 Lovell Road Knoxville Tennessee KnoxvilleTennessee 37932-3217 ,,9666781,
Tennessee,Knoxville,35.99324,-83.90083,Inn of Knoxville,2.0,"""This conveniently located Knoxville hotel is less than 10 minutes drive from the Discovery Center and Knoxville Zoological Gardens. It offers a 24-hour reception and free Wi-Fi throughout the hotel.",,,,,,
Tennessee,Knoxville,35.91615,-84.09135,Red Roof Inn Knoxville University of Tennessee,3.0,"""Featuring 3-star accommodation", Drury Inn & Suites Knoxville West is set in Knoxville, 17 km from University of Tennessee Neyland Stadium and 17 km from Knoxville Convention Center. Featuring a fitness centre, the 3-star hotel has air-conditioned rooms with free WiFi, each with a private bathroom. The property is non-smoking and is located 17 km from University of Tennessee.,,
Tennessee, while Market Square is 18 km away. The nearest airport is McGhee Tyson Airport, 26 km from the hotel. A damage deposit of USD 50 is required on arrival. This will be collected by credit card. You should be reimbursed within 14 days of check-out. Your deposit will be refunded in full via credit card," subject to an inspection of the property.""",wifi Outdoor pool Free WiFi Non-smoking throughout Air conditioning ATM/cash machine on site vending machine (drinks) vending machine (snacks) Daily housekeeping Parking Pets allowed meeting/banquet facilities 24-hour front desk Fitness centre Non-smoking rooms Business centre Laundry dry cleaning Family rooms Free parking internet services lift Hot tub/jacuzzi Heating parking on site Private parking wifi available in all areas electric vehicle charging station Accessible parking Fitness Swimming pool Swimming pool use of cleaning chemicals that are effective against coronavirus linens  towels and laundry washed in accordance with local authority guidelines guest accommodation is disinfected between stays staff follow all safety protocols as directed by local authorities first aid kit available contactless check-in/check-out cashless payment available all plates  cutlery  glasses and other tableware have been sanitized guests have the option to cancel any cleaning services for their accommodation during their stay,,209 Advantage Place KnoxvilleTN 37922 ,37922,,https://www.booking.com/hotel/us/red-roof-inn-knoxville-university-of-tennessee.html,,,
Tennessee,Knoxville,35.9634892414589,-83.9422135055065,Economy Inn,5.0,,,,2016 Ailor Avenue KnoxvilleTennessee 37921 ,37921,,
Tennessee,Knoxville,36.02592,-83.99887,Scottish Inn Knoxville,2.0,"""Located 11.2 km from downtown Knoxville and the University of Tennessee", this hotel features a seasonal outdoor pool. Rooms are furnished with a refrigerator and free WiFi.,,,,,
Tennessee,Knoxville,35.76532,-83.97059,Executive Lodge,3.0,"""This Alcoa", Tennessee Executive Lodge is 12.8 km from Interstate 140 Exit 11 and 6 minutes drive from McGhee Tyson Airport.,,,,,
Tennessee,Knoxville,35.72951,-83.99807,Mountain View Motel,5.0,"""Situated in Maryville", 28 km from University of Tennessee, Mountain View Motel features accommodation with free WiFi and free private parking. The property is around 28 km from Frank H McClung Museum, 29 km from University of Tennessee Neyland Stadium and 29 km from Knoxville Convention Center. East Tennessee History Center is 30 km from the motel and Market Square is 31 km away.,,,
Tennessee,Knoxville,35.81032,-83.98241,"""Tru By Hilton Alcoa Knoxville Airport"," Tn""",2.0,"""Featuring 2-star accommodation", Tru By Hilton Alcoa Knoxville Airport, Tn is located in Alcoa, 19 km from University of Tennessee and 19 km from Frank H McClung Museum. The property is set 19 km from University of Tennessee Neyland Stadium, 19 km from Knoxville Convention Center and 20 km from East Tennessee History Center. The hotel features a fitness centre, a 24-hour front desk and free WiFi.
Tennessee,Knoxville,36.16676,-84.08508,Fairfield by Marriott Inn & Suites Knoxville Clinton,3.0,"""Fairfield by Marriott Inn & Suites Knoxville Clinton is located in Clinton.",,,,,,
Tennessee,Knoxville,35.7451,-84.21672,Driftwood Oakmont 3bd 2ba Home,5.0,"""Driftwood - Oakmont - 3bd 2ba - Home is set in Lenoir City. Guests have access to free WiFi throughout the property.",,,,,,
Tennessee,Knoxville,35.92092,-83.87292,Sunset Motel,2.0,"""Sunset Motel is located in Knoxville", within 7 km of Knoxville Convention Center and 7 km of Market Square. With free WiFi, this 2-star hotel offers a 24-hour front desk and room service. Private parking can be arranged at an extra charge.,,,,
Tennessee,Lakeland,35.22497,-89.73813,Relax Inn Lakeland,1.0,"""This Tennessee motel is located off Interstate 40 Exit 20 and 24 miles from Graceland Mansion. Guests will enjoy free property-wide Wi-Fi and a picnic area.",,,,,,
Tennessee,Lawrenceburg,35.2724,-87.31857,Villa Inn,2.0,"""4.2 km from Mars Hill", Villa Inn is situated in Lawrenceburg and features air-conditioned rooms. All rooms boast a flat-screen TV with cable channels and a private bathroom. The motel has family rooms.,,,,,
Tennessee,Lawrenceburg,35.24017,-87.32811,David Crockett Motel,3.0,"""This motel in Lawrenceburg features free WiFi and provides a cable TV in every room. David Crockett State Park", for family fun, is 9 minutes drive away.,,,,
Tennessee,Lebanon,36.1802,-86.3013,Travel Inn,2.0,"""Travel Inn is situated in Lebanon", 43 km from Nashville and 38 km from Murfreesboro.,,,,,
Tennessee,Lebanon,36.18487,-86.41156,WoodSpring Suites Lebanon,2.0,"""This smoke-free WoodSpring Suites Lebanon is located in Lebanon", Tennessee and offers free WiFi access and rooms with a kitchenette. President Andrew Jacksons former home, the Hermitage, is located 18 minutes drive away from the property.,,,
Tennessee,Lenox,31.27014,-83.47026,Hope Inn,5.0,"""This Georgia hotel features an indoor pool and offers a microwave and mini-fridge in every room. Knights Inn Lenox is located just off Interstate 75.",,,,,,
Tennessee,Lewisburg,35.46447,-86.7776,Celebration Inn,1.0,"""This Lewisburg", Tennessee motel boasts free WiFi. Guests will be 1 mile from the Tennessee Walking Horse Association and 14 minutes walk from Jones Field.,,,,,
Tennessee,Lewisburg,35.45013,-86.7774,Walking Horse Lodge Lewisburg,3.0,"""Located on Route 31 and just 5 minutes from downtown Lewisburg", this hotel features a beautiful courtyard with an outdoor pool. A daily breakfast buffet is also available.,,,,,
Tennessee,Lexington,35.65956,-88.42077,Lexington Inn,2.0,"""This motel is 2 miles from downtown Lexington and is 1 mile from the Beech Lake. The motel offers a 24-hour front desk and rooms with a refrigerator.",,,,,,
Tennessee,Macon,33.10388,-88.54572,Oak Tree Inn,5.0,"""Oak Tree Inn is offering accommodation in Macon. The motel also offers free WiFi and free private parking.",,,,,,
Tennessee,Madisonville,35.50729,-84.37024,Motor Inns Of America,5.0,"""Motor Inns Of America features air-conditioned accommodation in Madisonville. Among the facilities at this property are room service and a 24-hour front desk", along with free WiFi throughout the property. The rooms come with a balcony.,,,,,
Tennessee,Manchester,35.50154,-86.08366,Hotel Econo Lodge Manchester,2.0,"""Set in Manchester", 6.3 km from Great Stage Park, Americas Best Value Inn-Manchester offers accommodation with free WiFi and free private parking.,,,,
Tennessee,Manchester,35.50111,-86.0847,Ambassador Inn,3.0,"""This Manchester", Tennessee hotel is located off Interstate 24 and is 10 minutes drive from Old Stone Fort State Park.  Guests can enjoy an outdoor pool and free Wi-Fi while staying here.,,,,,
Tennessee,Manchester,35.45639,-86.0466,Scottish Inn Manchester,2.0,"""Located off Interstate 24", the Scottish Inns Manchester is 15 minutes drive from Arnold Air Force Base. This motel offers free Wi-Fi and an outdoor pool with a sun terrace.,,,,,
Tennessee,Maryville,35.72951,-83.99807,Mountain View Motel,5.0,"""Situated in Maryville", 28 km from University of Tennessee, Mountain View Motel features accommodation with free WiFi and free private parking. The property is around 28 km from Frank H McClung Museum, 29 km from University of Tennessee Neyland Stadium and 29 km from Knoxville Convention Center. East Tennessee History Center is 30 km from the motel and Market Square is 31 km away.,,,
Tennessee,McMinnville,35.68934,-85.75817,Scottish Inns Mcminnville,2.0,"""Located 5 minutes drive from central McMinnville", this motel features free Wi-Fi. Cumberland Caverns is less than 10 miles from the motel.,,,,,
Tennessee,Memphis,35.07521,-89.90505,Holiday Inn Express Memphis East I 240,2.0,"""The Hampton Inn® hotel in Memphis-I-240 and Perkins is located only a few minutes from downtown Memphis and within about ten minutes of Beale Street", Graceland and many other major attractions.See the most famous attraction in these parts-Graceland. Elvis Presley's famous home will awe you with its excessive luxury as well as the hordes of adoring, passionate fans-and it's only minutes from our Memphis hotel. Walk the legendary Beale Street and see the Memphis Rock & Soul Museum and Sun Studio, the birthplace of rock n' roll that launched the careers of Elvis Presley, Johnny Cash and Roy Orbison.,,
Tennessee,Memphis,35.05,-89.983,Regency Inn & Suites Memphis Airport,3.0,"""HotelDescription#This hotel is located at Memphis airport", only some 10 minutes from downtown Memphis and Beale Street. Graceland, once Elvis Presley's residence, is about 5 minutes away.,,,
Tennessee,Memphis,35.14267,-90.05204,Peabody Memphis,4.0,"""Steps away from Beale Street", this famed hotel celebrates the Southern tradition and charm of its past while providing luxury accommodations, including fine dining options, an indoor pool, fitness centre and full-service spa.,,
Tennessee,Memphis,35.04435,-89.79806,Candlewood Suites Memphis,2.0,"""This hotel is 13 miles from Memphis International Airport and 16 miles from Graceland", the former home of Elvis Presley. It features a 24-hour gym, and free Wi-Fi.,,,,
Tennessee,Memphis,35.3383,-89.91456,Days Inn by Wyndham Millington,2.0,"""Featuring free WiFi", Your place Inn Millington is located just 500 metres from USA Baseball Stadium and 21 minutes drive from Memphis city centre.,,,,,
Tennessee,Memphis,35.07029,-89.98817,Econo Lodge Inn & Suites,1.0,Further information about this hotel will be available shortly,Housekeeping Self Laundry Concierge Desk Air Conditioned Free self parking Pets Not Allowed,,2745 Airways Blvd. MemphisTennessee 38132 ,38132,8774246423,https://www.budgethost.com/hotels/Budget_Host_Inn_and_Suites_Memphis_TN.aspx
Tennessee,Memphis,35.15463,-89.88556,Welcome Inn,2.0,"""Set in Memphis", within 17 km of Brown Park and 17 km of Stax Museum of American Soul Music, Hotel Elite offers accommodation with an outdoor swimming pool and free WiFi throughout the property as well as free private parking for guests who drive. The property is located 17 km from AutoZone Park, 17 km from FedExForum and 22 km from Fire Museum of Memphis. Graceland is 24 km from the hotel and Naval Support Activity Mid-South is 28 km away.,,,
Tennessee,Memphis,35.22925,-89.52175,Oakland Inn,1.0,"""The Oakland Inn of Tennessee is located 30 miles outside Memphis city centre. Free Wi-Fi is available in all rooms and guests will also enjoy a daily continental breakfast with waffles.",,,,,,
Tennessee,Memphis,35.06146,-90.02687,Super 7 Inn,1.0,"""The Super 7 Inn is just 10 minutes drive from the Memphis International Airport.",,,,,,
Tennessee,Memphis,35.16306,-89.86958,WoodSpring Suites Memphis Northeast,2.0,"""Offering free WiFi access", WoodSpring Suites Memphis Northeast is located in Memphis, Tennessee. Shelby Farms park is 11 minutes drive from the hotel.,,,,
Tennessee,Memphis,35.05182,-89.82409,WoodSpring Suites Memphis Southeast,2.0,"""WoodSpring Suites Memphis Southeast is located in Memphis", Tennessee. WiFi access is available to guests.,,,,,
Tennessee,Memphis,35.08157,-89.88871,Governors Inn & Suites,2.0,"""Located 3 miles from the University of Memphis just off Interstate 240", this hotel features cable TV and meeting and banquet facilities. Free WiFi is provided in the lobby.,,,,,
Tennessee,Memphis,35.14505,-90.04972,Econo Lodge Downtown,4.0,"""Well situated in Memphis", Hotel Indigo - Memphis Downtown, an IHG Hotel offers air-conditioned rooms, a seasonal outdoor swimming pool, free WiFi and a fitness centre. This 4-star hotel offers a shared lounge and a 24-hour front desk. Private parking is available on site.,,
Tennessee,Memphis,35.13832,-90.05609,Stay Alfred at Chisca on Main Street,4.0,"""Situated within 200 metres of Orpheum Theater in the middle of Memphis", Stay Alfred at Chisca provides accommodation with free WiFi and flat-screen TV.,,,,,
Tennessee,Memphis,35.14224,-90.05272,Talbot Heirs,3.0,"""Talbot Heirs Guesthouse is set in Memphis", 100 metres from AutoZone Park.,,,,,
Tennessee,Memphis,35.22497,-89.73813,Relax Inn Lakeland,1.0,"""This Tennessee motel is located off Interstate 40 Exit 20 and 24 miles from Graceland Mansion. Guests will enjoy free property-wide Wi-Fi and a picnic area.",,,,,,
Tennessee,Memphis,35.14263,-90.04776,Stay Alfred on 4th Street,4.0,"""Located adjacent to AutoZone Park in Memphis", Fielder Square by Stay Alfred offers a seasonal outdoor pool, fitness centre, and free WiFi. The property is also just 8 minutes walk from Beale Street.,,,
Tennessee,Memphis,35.1457,-90.05389,Stay Alfred Apartments On Madison Street,4.0,"""This Memphis", Tennessee apartment is opposite Mississippi River Park and 0.7 miles from the Beale Street nightclub and restaurant district. Features include a kitchen, free WiFi, and on-site restaurant.,,,
Tennessee,Memphis,35.20254,-89.77951,Home2 Suites by Hilton Memphis Wolfchase Galleria,3.0,"""Featuring 3-star accommodation", Home2 Suites By Hilton Memphis Wolfchase Galleria is located in Memphis, 30 km from Brown Park and 30 km from Stax Museum of American Soul Music. With a fitness centre, the 3-star hotel has air-conditioned rooms with free WiFi, each with a private bathroom. The property is non-smoking and is set 29 km from Fire Museum of Memphis.,,
Tennessee,Memphis,35.14273,-90.05123,Canopy by Hilton Memphis Downtown,4.0,"""Set in Memphis", a few steps from AutoZone Park, Canopy By Hilton Memphis Downtown offers accommodation with a fitness centre, private parking, a restaurant and a bar. With free WiFi, this 4-star hotel offers room service and a 24-hour front desk. The property is 600 metres from Orpheum Theater, and within 400 metres of the city centre.
Tennessee,Memphis,35.13453,-90.05889,ARRIVE Memphis,4.0,"""Conveniently situated in the centre of Memphis", ARRIVE Memphis provides air-conditioned rooms, a restaurant, free WiFi and a bar. This 4-star hotel offers a 24-hour front desk and luggage storage space. Private parking is available on site.,,,
Tennessee,Memphis,35.13623,-89.99116,The Memphian a Tribute Portfolio Hotel,5.0,"""Located within 5.6 km of Brown Park and 6 km of AutoZone Park", The Memphian a Tribute Portfolio Hotel provides rooms with air conditioning and a private bathroom in Memphis. The property is set 6.1 km from FedExForum, 6.2 km from Fire Museum of Memphis and 6.2 km from Stax Museum of American Soul Music. Private parking is available on site.,,,,
Tennessee,Memphis,35.14208,-90.04761,Heart Of Downtown Memphis,5.0,"""Within 600 metres of FedExForum and 600 metres of AutoZone Park", Walk to Downtown Memphis! provides free WiFi and a fitness centre. The Memphis Rock n Soul Museum is within 700 metres of the apartment.,,,,,
Tennessee,Memphis,35.14217,-90.04753,Two Bdrm Near Beale St.,5.0,"""Situated in Memphis", near AutoZone Park, FedExForum and Orpheum Theater, Abode Memphis - Downtown Near Beale Street features free WiFi, and guests can enjoy an outdoor swimming pool and a fitness centre.,,
Tennessee,Milan,35.91672,-88.75475,Econo Lodge,2.0,This unpretentious hotel can be found in Milan Area. A total of 55 rooms are available for guests' convenience at Econo Lodge.,Hotel,,3022 S 1st. St. Milan ,38358,,https://www.choicehotels.com/tennessee/milan/econo-lodge-hotels/tn745
Tennessee,Millington,35.3383,-89.91456,Days Inn by Wyndham Millington,2.0,"""Featuring free WiFi", Your place Inn Millington is located just 500 metres from USA Baseball Stadium and 21 minutes drive from Memphis city centre.,,,,,
Tennessee,Monteagle,35.22818,-85.82537,Economy Inn,2.0,"""Located in Monteagle", Red Roof Inn Monteagle - I-24 provides 2-star accommodation with private balconies. The 2-star motel has air-conditioned rooms with a private bathroom and free WiFi. The motel features family rooms.,,,,,
Tennessee,Monteagle,35.24018,-85.84985,Mountain Inn,2.0,"""Located in Monteagle", Tennessee, this motel features free Wi-Fi in each room. It is 9 minutes drive from Sewanee: The University of the South.,,,,
Tennessee,Monterey,36.14031,-85.2669,Bethel Inn & Suites,2.0,"""Enjoy a convenient and affordable place to stay at our Quality Inn & Suites® hotel in Monterey", TN, located halfway between Nashville and Knoxville.,,,,
Tennessee,Morristown,36.17821,-82.78538,Andrew Johnson Inn,1.0,"""Located in Greeneville", Tennessee, this motel features a seasonal outdoor pool and free guest parking. Free Wi-Fi can be accessed from every room.,,,,
Tennessee,Morristown,36.1414,-83.27925,Parkway Inn,3.0,"""The Parkway Inn is located off Interstate 81 and is less than 10 minutes drive from Morristown city centre. This hotel offers free Wi-Fi and coffee and donuts are available in the morning.",,,,,,
Tennessee,Morristown,36.40674,-83.00722,Hale Springs Inn,5.0,"""Set in Rogersville", 43 km from Kingsport, Hale Springs Inn features free WiFi access and free private parking. Guests can enjoy the on-site restaurant.,,,,
Tennessee,Morristown,36.03612,-83.43979,Jefferson Inn Dandridge,2.0,"""Guests at this Tennessee motel can enjoy a daily continental breakfast and free property-wide Wi-Fi. The motel is off Interstate 40 Exit 417 and 25 miles from the Great Smoky Mountain National Park.",,,,,,
Tennessee,Morristown,35.9523025939515,-83.1993448734283,Parkway Inn Newport,2.0,,Free local calls Cable / Satellite Television Private bathrooms Fridge 24 Hour Front Desk Microwave Climate Control Toiletries Free self parking Housekeeping Free Wireless Internet access (inroom) Pets allowed Cribs/infant beds (surcharge) designated smoking area Bathtub/Shower Combination Telephone Free Wireless Internet access,Distances are calculated in a straight line from the property&apos;s location to the point of interest or attraction  and may not reflect actual travel distance. &lt;br /&gt;&lt;br /&gt; Distances are displayed to the nearest 0.1 mile and kilometer. &lt;p&gt;Forbidden Caverns - 14.3 km / 8.9 mi &lt;br /&gt;Hen Wallow Falls - 21.9 km / 13.6 mi &lt;br /&gt;Foxfire Mountain - 22.1 km / 13.7 mi &lt;br /&gt;Bent Creek Golf Club - 25.1 km / 15.6 mi &lt;br /&gt;Smoky Mountain Deer Farm and Exotic Petting Zoo - 25.3 km / 15.7 mi &lt;br /&gt;Mountain Cove Marina - 30.6 km / 19 mi &lt;br /&gt;Ramsey Cascades - 31.2 km / 19.4 mi &lt;br /&gt;Tennessee Museum of Aviation - 31.9 km / 19.8 mi &lt;br /&gt;Mills Park - 32.8 km / 20.4 mi &lt;br /&gt;Parrot Mountain and Gardens - 32.8 km / 20.4 mi &lt;br /&gt;Panther Creek State Park - 33.8 km / 21 mi &lt;br /&gt;Chapel in the Glen - 33.9 km / 21.1 mi &lt;br /&gt;Adrenaline Park - 34.3 km / 21.3 mi &lt;br /&gt;Dollywood&apos;s Splash Country - 34.3 km / 21.3 mi &lt;br /&gt;Sevierville City Park - 34.4 km / 21.4 mi &lt;br /&gt;&lt;/p&gt;&lt;p&gt;The preferred airport for Parkway Inn Newport is Knoxville  TN (TYS-McGhee Tyson) - 73 km / 45.4 mi. &lt;/p&gt;,766 Cosby Highway NewportTN 37821 ,37821,,
Tennessee,Morristown,36.1975,-83.34324,Scottish Inns Morristown,2.0,"""The Morristown Scottish Inn is 15 minutes drive from Carson-Newman College and 3 miles from Morristown city centre. Guests will enjoy free WiFi and refrigerator in each room at this motel.",,,,,,
Tennessee,Morristown,36.22528,-83.25632,Fairfield Inn & Suites by Marriott Morristown,3.0,"""Fairfield Inn & Suites by Marriott Morristown is a 3-star property located in Morristown. This 3-star hotel offers a 24-hour front desk and a business centre. Smokies Stadium is 47 km from the hotel.",,,,,,
Tennessee,Murfreesboro,35.85497,-86.40363,Jackson Motel,2.0,"""Guests at this Murfreesboro", Tennessee motel will have access to free property-wide Wi-Fi and on-site parking throughout their stay. The Avenue Murfreesboro shopping mall is 3 miles away.,,,,,
Tennessee,Murfreesboro,35.84482,-86.41165,Crestwood Suites of Murfreesboro,2.0,"""Located 30 minutes drive from Nashville International Airport", InTown Suites Extended Stay Murfreesboro TN - MTSU offers free Wi-Fi and 24-hour laundry facilities. Each room also features a full kitchenette.,,,,,
Tennessee,Murfreesboro,35.85181,-86.43016,Comfort Suites,3.0,"""The Comfort Suites hotel is located off Interstate 24 in the prestigious Gateway District", less than one mile from the Stones River Mall. This Murfreesboro, TN hotel is two miles from Middle Tennessee State University and Stones River National Battlefield and is only minutes from the Nashville Superspeedway. The Nashville International Airport is a short distance away,,,,
Tennessee,Murfreesboro,35.84888,-86.44016,WoodSpring Suites Murfreesboro,2.0,"""This Murfreesboro WoodSpring Suites motel is non-smoking throughout and is located off Interstate 24 and Old Fort Parkway Exit 78. Features include rooms with free WiFi.",,,,,,
Tennessee,Murfreesboro,35.81231,-86.39944,Safari Inn Murfreesboro,2.0,"""Located just off Interstate 24 in Murfreesboro", Tennessee, this Pet-Free (Sorry NO Dogs, Cats, or Pets allowed) roadside motel features free WiFi access throughout the property.  A microwave and refrigerator come standard in each room.  Other amenities include an LED or LCD screen cable television, a work desk, and a telephone.  The property offers free parking.
Tennessee,Murfreesboro,35.86705,-86.4652,STAYBRIDGE SUITES NASHVILLE SE - MURFREESBORO,5.0,"""Located in Murfreesboro", 41 km from Lane Motor Museum, Staybridge Suites Nashville SE - Murfreesboro, an IHG Hotel provides accommodation with a seasonal outdoor swimming pool, free private parking, a garden and a shared lounge. Among the facilities at this property are a 24-hour front desk and a business centre, along with free WiFi throughout the property. The property is non-smoking and is situated 46 km from Johnny Cash Museum.
Tennessee,Murfreesboro,35.84958,-86.43957,MainStay Suites Murfreesboro,5.0,"""Located in Murfreesboro", within 44 km of Lane Motor Museum and 49 km of Johnny Cash Museum, MainStay Suites Murfreesboro provides accommodation with a fitness centre and free WiFi throughout the property as well as free private parking for guests who drive. The property is set 49 km from Nissan Stadium, 49 km from Ryman Auditorium and 41 km from Nashville Zoo. The property is non-smoking and is situated 49 km from Bridgestone Arena.,,,
Tennessee,Nashville,36.06547,-86.63057,InTown Suites Nashville Southeast,5.0,"""Situated 13 km from Lane Motor Museum", InTown Suites Extended Stay Nashville TN - Murfreesboro Pike features rooms with air conditioning in Antioch. The property is located 18 km from Johnny Cash Museum, 18 km from Bridgestone Arena and 18 km from Nissan Stadium. Vanderbilt University is 21 km away and Grand Ole Opry is 21 km from the hotel.,,,,
Tennessee,Nashville,36.16274,-86.78118,The Cumberland,3.0,"""Offering a fitness centre", these Nashville apartments are 3 minutes walk from the Country Music Hall of Fame. Free WiFi is provided. Tennessee State Capitol is 482 metres away.,,,,,
Tennessee,Nashville,36.20715,-86.77871,Regency Inn And Suites,2.0,"""Featuring free WiFi", Regency Inn & Suites offers accommodation in Nashville, 5 km from Nissan Stadium and 6 km from Johnny Cash Museum. The property is set 6 km from Ryman Auditorium and 6 km from Tootsies Orchid Lounge. The property is 7 km from Bridgestone Arena.,,,,
Tennessee,Nashville,35.85497,-86.40363,Jackson Motel,2.0,"""Guests at this Murfreesboro", Tennessee motel will have access to free property-wide Wi-Fi and on-site parking throughout their stay. The Avenue Murfreesboro shopping mall is 3 miles away.,,,,,
Tennessee,Nashville,35.93361,-86.82076,Drury Plaza Hotel Nashville Franklin,3.0,"""Located in Franklin", Tennessee, this hotel features a swimming pool and a daily hot breakfast. Free WiFi is also offered.,,,,
Tennessee,Nashville,36.39084,-86.44783,Legacy Inn Sumner,3.0,"""This Tennessee motel is 2 miles from Long Hollow Golf Course and 7 miles from Bledsoe Creek State Park. Guests will enjoy free property-wide Wi-Fi and free on-site parking.",,,,,,
Tennessee,Nashville,35.84482,-86.41165,Crestwood Suites of Murfreesboro,2.0,"""Located 30 minutes drive from Nashville International Airport", InTown Suites Extended Stay Murfreesboro TN - MTSU offers free Wi-Fi and 24-hour laundry facilities. Each room also features a full kitchenette.,,,,,
Tennessee,Nashville,36.14304,-86.74286,Scottish Inn Nashville,1.0,"""Scottish Inn is located in Nashville. Free WiFi access is available.",,,,,,
Tennessee,Nashville,36.29332,-86.69469,Crestwood Suites of Nashville Madison,2.0,"""The InTown Suites Nashville Madison is just 15 minutes drive from the Grand Ole Opry. Guests will enjoy suites that include a kitchenette during their stay.",,,,,,
Tennessee,Nashville,36.1802,-86.3013,Travel Inn,2.0,"""Travel Inn is situated in Lebanon", 43 km from Nashville and 38 km from Murfreesboro.,,,,,
Tennessee,Nashville,36.23575,-86.75839,Days Inn Nashville North Opryland Grand Ole Opry Area,2.0,"""Featuring an outdoor pool and a breakfast to go", this hotel is located off Interstate 65 just 10 minutes drive from the Grand Ole Opry.,,,,,
Tennessee,Nashville,36.087663,-86.697785,Knights Inn Nashville,3.0,HotelDescription#Further information about this hotel will be available shortly,,,350 Harding Place Nashville Nashville 37211 United States Of America NashvilleTennessee 37211 ,37211,6152599160,http://www.wyndhamhotels.com/knights-inn/nashville
Tennessee,Nashville,36.217491,-86.704365,Fairfield Nashville Resort,3.0,"""HotelDescription#The resort is 2 km from the outlet shops and restaurants of Opry Mills", 4 km from The Grand Ole Opry House and 25 km from The Country Music Hall of Fame.,,,,,
Tennessee,Nashville,35.85181,-86.43016,Comfort Suites,3.0,"""The Comfort Suites hotel is located off Interstate 24 in the prestigious Gateway District", less than one mile from the Stones River Mall. This Murfreesboro, TN hotel is two miles from Middle Tennessee State University and Stones River National Battlefield and is only minutes from the Nashville Superspeedway. The Nashville International Airport is a short distance away,,,,
Tennessee,Nashville,36.18487,-86.41156,WoodSpring Suites Lebanon,2.0,"""This smoke-free WoodSpring Suites Lebanon is located in Lebanon", Tennessee and offers free WiFi access and rooms with a kitchenette. President Andrew Jacksons former home, the Hermitage, is located 18 minutes drive away from the property.,,,
Tennessee,Nashville,35.84888,-86.44016,WoodSpring Suites Murfreesboro,2.0,"""This Murfreesboro WoodSpring Suites motel is non-smoking throughout and is located off Interstate 24 and Old Fort Parkway Exit 78. Features include rooms with free WiFi.",,,,,,
Tennessee,Nashville,36.2015,-86.777397,Travelodge Nashville Downtown Opry Area,3.0,,,,1360 Brick Church Pike NashvilleTN 37207 ,37207,2620526,
Tennessee,Nashville,36.130565,-86.715976,Quality Inn,2.0,,NO Connecting rooms YES Wheelchair-accessible NO Small pets allowed (under 5 kg) NO Large pets allowed (over 5 kg) NO Wheelchair-accessible NO Car park NO Garage Laundry service Hot tub Continental breakfast  ,,981 Murfreesboro Rd Nashville Tn United States  ,37217,6153679150,
Tennessee,Nashville,36.15483,-86.62556,Motel 6 Nashville Airport,2.0,"""Featuring 2-star accommodation", Motel 6-Nashville, TN - Airport is located in Nashville, 9.1 km from The Hermitage and 11 km from Lane Motor Museum. With free WiFi, this 2-star hotel offers a 24-hour front desk. Guests can have a drink at the snack bar.,,
Tennessee,Nashville,36.14468,-86.6662,Drury Inn & Suites Nashville Airport,3.0,"""Guests at this Nashville", Tennessee hotel can take advantage of the transfer service to Nashville International Airport, which less than 1.6 km away. An outdoor pool and a hot breakfast are provided.,,,,
Tennessee,Nashville,36.16469,-86.77616,Nashville Downtown Hostel,5.0,"""Located in Nashville", 500 metres from Johnny Cash Museum, Nashville Downtown Hostel provides air-conditioned rooms and a shared lounge. Among the facilities at this property are a 24-hour front desk and a shared kitchen, along with free WiFi throughout the property. The hostel features family rooms.,,,
Tennessee,Nashville,35.81231,-86.39944,Safari Inn Murfreesboro,2.0,"""Located just off Interstate 24 in Murfreesboro", Tennessee, this Pet-Free (Sorry NO Dogs, Cats, or Pets allowed) roadside motel features free WiFi access throughout the property.  A microwave and refrigerator come standard in each room.  Other amenities include an LED or LCD screen cable television, a work desk, and a telephone.  The property offers free parking.
Tennessee,Nashville,36.16039959999998,-86.78893833068844,Eleven North by Nashville Vacations,3.0,"""Fully equipped modern kitchens with granite counter tops (includes Coffee maker)",,,,,,
Tennessee,Nashville,36.13658231805579,-86.81564891534424,Amazing Nashville Four Bedroom Villa,5.0,"""HotelDescription#Beautifully decorated West End Villa nestled in a quiet neighborhood yet close to everything in Nashville!!!",,,,,,
Tennessee,Nashville,36.09078,-86.70206,Woodspring Suites Nashville South,2.0,"""Situated within 10 km of Lane Motor Museum and Johnny Cash Museum in Nashville", WoodSpring Suites Nashville South provides guests with free WiFi. All rooms boast a kitchenette and a private bathroom. The property is non-smoking throughout and is located 10 km from Bridgestone Arena.,,,,,
Tennessee,Nashville,36.15291214,-86.789482117,1505 Demonbreun by Sitsquare Suites,4.0,,Billiards / Pool Table Fitness Center Air Conditioned Free self parking Non-Smoking Hotel Pets Not Allowed Barbecue / Grill Business centre Garden,,1505 Demonbruen Street NashvilleTennessee 37203 ,37203,,
Tennessee,Nashville,36.19691,-86.77127,Apple Annie's Inn,2.0,"""Located right off Interstate 65", Apple Annies Inn is less than 10 minutes drive from Nashville city centre. Free Wi-Fi is available in every room.,,,,,
Tennessee,Nashville,36.13181,-86.81406,Daisy Hill Bed and Breakfast,3.0,"""Located off Interstate 440", the Daisy Hill Bed and Breakfast is 5 minutes drive from Vanderbilt University. Guests will enjoy free Wi-Fi and an American Breakfast is available every day.,,,,,
Tennessee,Nashville,35.981,-86.55581,Uptown Suites Extended Stay Nashville Tn Smyrna,5.0,"""Uptown Suites Smyrna is located in Smyrna", 28 km from Nashville. Free WiFi is provided throughout the property and free private parking is available on site.,,,,,
Tennessee,Nashville,36.15626,-86.77377,Sobro Guest House,5.0,"""This all-suite boutique hotel is located in the Downtown Nashville district in Nashville 1.4 km from Nissan Stadium Formerly LP Field.",,,,,,
Tennessee,Nashville,36.14987,-86.80616,Elliston 23,3.0,"""Boasting a fitness centre", Elliston 2 Bedroom #513 features accommodation in Nashville with free WiFi and pool views. The property is 500 metres from Vanderbilt University and 1.2 km from The Parthenon.,,,,,
Tennessee,Nashville,36.12138,-86.79456,Belmont Blvd Bed And Breakfast,3.0,"""Situated in Nashville", 4.4 km from Vanderbilt University, and The Parthenon reachable within 5 km, Belmont Blvd Bed and Breakfast offers a shared lounge, a garden and free WiFi.,,
Tennessee,Nashville,36.078552663,-86.949472946,Home2 Suites Nashville Bellevue,3.0,"""Settle in for a relaxing stay in a premier Nashville location. Our new Home2 Suites by Hilton Nashville Bellevue hotel is just 10 minutes from Nashville's historic downtown area in the vibrant Bellevue neighborhood", offering shopping, dining and entertainment just outside our front door.,,,,
Tennessee,Nashville,36.07915,-86.91958,InTown Suites Extended Stay Nashville TN Bellevue,2.0,"""Featuring 2-star accommodation", Intown Suites Extended Stay Nashville TN - Bellevue is set in Nashville, 15 km from Vanderbilt University and 16 km from The Parthenon. This 2-star hotel has air-conditioned rooms with a private bathroom. Johnny Cash Museum is 21 km away and Nissan Stadium is 21 km from the hotel.,,,,
Tennessee,Nashville,36.04575,-86.69977,InTown Suites Extended Stay Nashville TN - Bell Road,2.0,"""Featuring 2-star accommodation", InTown Suites Extended Stay Nashville TN - Bell Road is situated in Nashville, 14 km from Lane Motor Museum and 16 km from Bridgestone Arena. The property is around 16 km from Ryman Auditorium, 16 km from Johnny Cash Museum and 17 km from Nissan Stadium. Grand Ole Opry is 26 km away and The Hermitage is 28 km from the hotel.,,,
Tennessee,Nashville,36.15118,-86.78739,Infinity Music Row Apartments,5.0,"""Located in Nashville", 1.7 km from Bridgestone Arena and 1.3 km from the centre, Locale Music Row - Nashville provides air-conditioned accommodation with free WiFi, and a fitness centre. Private parking is available on site.,,,
Tennessee,Nashville,36.1553881,-86.7749305,Home2 Suites by Hilton Nashville Downtown Convention Center,3.0,"""The following services and amenities are available", but with reduced service: Valet Parking.Experience the finest southern hospitality at the new Home2 Suites by Hilton Nashville Downtown Convention Center, located in the heart of Downtown Nashville's Sobro District and just 16 minutes from the Nashville International Airport. Our ideal location makes exploring the city a breeze: only minutes from the Music City Convention Center, Bridgestone Arena, Nissan Stadium and within walking distance to multiple restaurants and shops.,,
Tennessee,Nashville,36.136875,-86.700855,GLo Best Western Nashville Airport West,3.0,"""The GLo by Best Western Nashville Airport West is located in Nashville", Tennessee by the Nashville International Airport and just minutes from Downtown or Opryland.  Perfect for leisure and business travelers!,,,,,
Tennessee,Nashville,35.93852,-86.82184,Staybridge Suites - Nashville - Franklin,5.0,"""Situated in Franklin", within 29 km of Bridgestone Arena and 29 km of Ryman Auditorium, Staybridge Suites - Nashville - Franklin, an IHG Hotel features accommodation with a fitness centre and free WiFi throughout the property as well as free private parking for guests who drive. The property is located 29 km from Lane Motor Museum, 29 km from Johnny Cash Museum and 29 km from Nissan Stadium. The hotel has family rooms.,,
Tennessee,Nashville,36.15651,-86.80643,Staybridge Suites - Nashville - Midtown,5.0,"""Set in Nashville", Staybridge Suites - Nashville - Vanderbilt, an IHG Hotel has a fitness centre, shared lounge, bar, and free WiFi throughout the property. The property is around 1.4 km from The Parthenon, 3.1 km from Bridgestone Arena and 3.1 km from Ryman Auditorium. The property is non-smoking and is situated 1.3 km from Vanderbilt University.
Tennessee,Nashville,35.86705,-86.4652,STAYBRIDGE SUITES NASHVILLE SE - MURFREESBORO,5.0,"""Located in Murfreesboro", 41 km from Lane Motor Museum, Staybridge Suites Nashville SE - Murfreesboro, an IHG Hotel provides accommodation with a seasonal outdoor swimming pool, free private parking, a garden and a shared lounge. Among the facilities at this property are a 24-hour front desk and a business centre, along with free WiFi throughout the property. The property is non-smoking and is situated 46 km from Johnny Cash Museum.
Tennessee,Nashville,36.14466,-86.67545,avid hotels - Nashville Airport,5.0,"""Set in Nashville", 8.1 km from Lane Motor Museum, avid hotels - Nashville Airport, an IHG Hotel features air-conditioned rooms and a fitness centre. The property is around 10 km from Grand Ole Opry, 12 km from The Hermitage and 12 km from Johnny Cash Museum. The accommodation offers a 24-hour front desk, airport transfers, a shared lounge and free WiFi throughout the property.
Tennessee,Nashville,36.16771,-86.76628,La Quinta Inn & Suites by Wyndham Nashville Downtown Stadium,3.0,"""Well situated in the centre of Nashville", La Quinta Inn & Suites by Wyndham Nashville Downtown Stadium offers air-conditioned rooms, a fitness centre, free WiFi and a shared lounge. Offering a restaurant, the property also has a bar, as well as an indoor pool. Private parking is available on site.,
Tennessee,Nashville,36.08009,-86.75951,"""Candlewood Suites - Nashville South"," an IHG Hotel""",3.0,"""Set in Nashville", 11 km from Bridgestone Arena, Candlewood Suites - Nashville South, an IHG Hotel offers accommodation with a fitness centre, free private parking and a shared lounge. This 3-star hotel offers room service and a 24-hour front desk. The property is non-smoking and is located 11 km from Ryman Auditorium.,
Tennessee,Nashville,36.15757,-86.78041,Embassy Suites by Hilton Nashville Downtown Convention Ctr,4.0,"""Featuring a fitness centre", a restaurant as well as a bar, Embassy Suites by Hilton Nashville is located in the centre of Nashville, 500 metres from Bridgestone Arena. The property is around 2.8 km from Vanderbilt University, 3.8 km from The Parthenon and 4.9 km from Lane Motor Museum. The accommodation provides evening entertainment and room service.,,
Tennessee,Nashville,36.16534,-86.51729,Tru by Hilton Mt. Juliet,2.0,"""Featuring 2-star accommodation", Tru By Hilton Mt. Juliet, TN is situated in Mount Juliet, 16 km from The Hermitage and 23 km from Lane Motor Museum. The 2-star hotel has air-conditioned rooms with a private bathroom and free WiFi. Nissan Stadium is 27 km away and Ryman Auditorium is 27 km from the hotel.,,,
Tennessee,Nashville,36.15459,-86.79407,Conrad Nashville,5.0,"""Conrad Nashville features an outdoor swimming pool", fitness centre, a garden and terrace in Nashville. Among the facilities of this property are a restaurant, room service and a 24-hour front desk, along with free WiFi throughout the property. The accommodation provides an ATM, a business centre and currency exchange for guests.,
Tennessee,Nashville,36.15727,-86.78011,1 HOTEL NASHVILLE,,"""Set in Nashville", 500 metres from Bridgestone Arena, 1 Hotel Nashville offers accommodation with free bikes, private parking, a fitness centre and a terrace. This 5-star hotel offers room service and a 24-hour front desk. The property is 400 metres from the city centre and 600 metres from Ryman Auditorium.,,
Tennessee,Nashville,35.84958,-86.43957,MainStay Suites Murfreesboro,5.0,"""Located in Murfreesboro", within 44 km of Lane Motor Museum and 49 km of Johnny Cash Museum, MainStay Suites Murfreesboro provides accommodation with a fitness centre and free WiFi throughout the property as well as free private parking for guests who drive. The property is set 49 km from Nissan Stadium, 49 km from Ryman Auditorium and 41 km from Nashville Zoo. The property is non-smoking and is situated 49 km from Bridgestone Arena.,,,
Tennessee,Nashville,36.15777,-86.7739,Drury Plaza Hotel Nashville Downtown,3.0,"""Attractively set in the centre of Nashville", Drury Plaza Hotel Nashville Downtown features air-conditioned rooms, a fitness centre, free WiFi and a terrace. Featuring a restaurant, the property also has a bar, as well as a hot tub. Private parking is available on site.,
Tennessee,Nashville,36.16027,-86.77312,Four Seasons Hotel Nashville,,"""Situated in the Nashville Broadway district in Nashville", Four Seasons Hotel Nashville offers 5-star rooms with free WiFi. The property is around 3.5 km from Vanderbilt University, 4.6 km from The Parthenon and 4.7 km from Lane Motor Museum. The property is 500 metres from Johnny Cash Museum, and within 500 metres of the city centre.,,,
Tennessee,Nashville,36.13936,-86.82095,Home2 Suites By Hilton Nashville West End Avenue,5.0,"""Home2 Suites By Hilton Nashville West End Avenue features a seasonal outdoor swimming pool", fitness centre, a shared lounge and terrace in Nashville. Among the facilities of this property are a restaurant, a 24-hour front desk and a business centre, along with free WiFi throughout the property. Guests can make use of a bar.,,
Tennessee,Nashville,36.13926,-86.82082,Hilton Garden Inn Nashville West End Avenue,5.0,"""Hilton Garden Inn Nashville West End Avenue has a seasonal outdoor swimming pool", fitness centre, a shared lounge and terrace in Nashville. Among the facilities of this property are a restaurant, a 24-hour front desk and a business centre, along with free WiFi. Guests can have a drink at the bar.,,
Tennessee,Nashville,36.1652519,-86.7778096,Bankers Alley Hotel Nashville  Tapestry Collection by Hilton+++,4.0,<p>Bankers Alley Hotel Nashville  Tapestry Collection by Hilton   </p>,,,221 2nd Avenue North Tennessee ,37201,6156106400,
Tennessee,Nashville,35.96232,-86.81352,Fairfield by Marriott Inn & Suites Franklin Cool Springs,3.0,"""Featuring 3-star accommodation", Fairfield by Marriott Inn & Suites Franklin Cool Springs is located in Franklin, 26 km from Bridgestone Arena and 26 km from Ryman Auditorium. The property is around 26 km from Lane Motor Museum, 26 km from Johnny Cash Museum and 26 km from Nissan Stadium. Grand Ole Opry is 37 km away and The Hermitage is 43 km from the hotel.,,,
Tennessee,Nashville,36.14535,-86.81413,Fairfield Inn & Suites Nashville Near Vanderbilt,3.0,"""Situated in Nashville", 600 metres from The Parthenon, Fairfield Inn & Suites Nashville Near Vanderbilt features accommodation with free bikes, private parking, an outdoor swimming pool and a fitness centre. This 3-star hotel offers a 24-hour front desk, a business centre and free WiFi. The property is non-smoking and is set 1.3 km from Vanderbilt University.,
Tennessee,Nashville,36.16104,-86.77539,Moxy Nashville Downtown,4.0,"""Situated in Nashville", a few steps from Johnny Cash Museum, Moxy Nashville Downtown features accommodation with a fitness centre, private parking, a bar and a shared lounge. Around 400 metres from Bridgestone Arena, the property is also 400 metres away from Ryman Auditorium and offers free WiFi. The accommodation offers evening entertainment and a 24-hour front desk.,
Tennessee,Nashville,36.17207,-86.73972,17th Street Home,5.0,"""311 S 17th Street Home Home is a holiday home with a balcony", situated in Nashville. The holiday home is 2.8 km from Nissan Stadium Formerly LP Field.,,,,,
Tennessee,Nashville,36.13369,-86.82454,House Nashville,5.0,"""Set in Nashville", 2.5 km from The Parthenon, 3 km from Vanderbilt University and 5 km from Bridgestone Arena, House Nashville offers accommodation with a patio and free WiFi. The property is 6 km from Johnny Cash Museum and 7 km from Nissan Stadium.,,,
Tennessee,Nashville,36.12841,-86.7864,12 South Home,5.0,"""Located in Nashville", 4.3 km from Vanderbilt University, 5 km from Bridgestone Arena and 5 km from Ryman Auditorium, 12 South Home provides accommodation with a patio and free WiFi. The property is 5 km from Johnny Cash Museum and 6 km from Nissan Stadium.,,,
Tennessee,Nashville,36.14546,-86.78654,Two Townhomes Unit A And B Townhouse,5.0,"""Two Townhomes Unit A and B Townhouse is located in Nashville", 2.4 km from Ryman Auditorium, 2.4 km from Tootsies Orchid Lounge, as well as 2.6 km from Johnny Cash Museum. The accommodation is 2.3 km from Bridgestone Arena, and guests benefit from complimentary WiFi and private parking available on site.,,
Tennessee,Nashville,36.14531,-86.78667,12th Ave S Home,5.0,"""1015 12th Ave S Home Home is a holiday home with a barbecue", situated in Nashville. The air-conditioned unit is 2.9 km from Nissan Stadium Formerly LP Field.,,,,,
Tennessee,Nashville,36.17023,-86.74859,Cottage East Nashville,5.0,"""Cottage East Nashville is a detached holiday home located in Nashville in the Tennessee Region and is 2 km from Nissan Stadium Formerly LP Field. The unit is 7 km from Grand Ole Opry.",,,,,,
Tennessee,Nashville,36.14071,-86.79099,Rental In Nashville House,5.0,"""Set in Nashville in the Tennessee Region", this detached holiday home is 3.6 km from Nissan Stadium Formerly LP Field. The holiday home is 12 km from Grand Ole Opry.,,,,,
Tennessee,Nashville,36.14494,-86.78455,1049 Archer Home,5.0,"""Situated in Nashville", within 2.5 km of Bridgestone Arena and 2.5 km of Ryman Auditorium, 1049 Archer Home offers accommodation with free WiFi, air conditioning, a restaurant and a garden. This property offers access to a patio and free private parking.,,
Tennessee,Nashville,36.20665,-86.7135,Fernwood Dr Home,5.0,"""Fernwood Dr Home is set in Nashville", 10 km from Johnny Cash Museum and 10 km from Ryman Auditorium, in an area where cycling can be enjoyed. It is located 8 km from Nissan Stadium and provides an ATM.,,,,
Tennessee,Nashville,36.35437,-86.74333,Nashville TN Vacation Rentals,,"""Located in Nashville", Nashville TN Vacation Rentals offers self-catering accommodation features free WiFi and is 17 kilometres drive from Grand Ole Opry.,,,,,
Tennessee,Nashville,36.15508,-86.77051,Chic Sobro Apartment Apts,5.0,"""Chic SoBro Apartment Apts has a patio and is situated in Nashville", within just 1.4 km of Bridgestone Arena and 1.4 km of Ryman Auditorium. The air-conditioned accommodation is less than 1 km from Johnny Cash Museum, and guests benefit from complimentary WiFi and private parking available on site.,,,,
Tennessee,Nashville,36.164883,-86.801331,8 BRs Comprised of 4 2BR Suites by Domio,4.0,,,,1601 Herman Street  ,37208,9179933107,
Tennessee,Nashville,36.164883,-86.801331,10 BRs Comprised of 2 5BR Suites by Domio,3.0,,,,1601 Herman Street  ,37208,9179933107,
Tennessee,Nashville,36.15747,-86.81659,617 27th Avenue N Townhouse,5.0,"""617 27th Avenue N Townhouse is situated in Nashville", 2.5 km from Vanderbilt University and 4.2 km from Bridgestone Arena, in an area where cycling can be enjoyed. The air-conditioned accommodation is 1.5 km from The Parthenon, and guests benefit from complimentary WiFi and private parking available on site.,,,
Tennessee,Nashville,36.14531,-86.78667,Skyline View Nashville Townhome,5.0,"""Located 2.9 km from Nissan Stadium Formerly LP Field and 11 km from Grand Ole Opry", Skyline View Nashville Townhome offers accommodation in Nashville. The air-conditioned unit is 1.5 km from Vanderbilt University.,,,,,
Tennessee,Nashville,36.18088,-86.71616,Potter Lane Home,5.0,"""Set in Nashville", this holiday home is situated 3.7 km from Grand Ole Opry. The holiday home is 5 km from Nissan Stadium Formerly LP Field.,,,,,
Tennessee,Nashville,36.14579,-86.78645,12th Ave S Home,5.0,"""Located in Nashville in the Tennessee region", 12th Ave S Home has a patio. The air-conditioned accommodation is 2.3 km from Bridgestone Arena, and guests benefit from complimentary WiFi and private parking available on site.,,,,
Tennessee,Nashville,35.87623,-87.00966,Full Circle Farm Inn,5.0,"""Situated in Franklin", this farm is 38 km from Nashville. The property boasts views of the garden and is 27 km from Brentwood. Free private parking is available on site.,,,,,
Tennessee,Nashville,36.20432,-86.71884,Stellar Days,5.0,"""Boasting air-conditioned accommodation with a private pool", Stellar Days is situated in Nashville. This holiday home features accommodation with a patio and free WiFi.,,,,,
Tennessee,Nashville,36.1474,-86.78912,Music Row House B,5.0,"""Situated in Nashville", this apartment is 2.9 km from Nissan Stadium Formerly LP Field. The apartment is 11 km from Grand Ole Opry.,,,,,
Tennessee,Nashville,36.14647,-86.78295,Southside Home,5.0,"""Set in Nashville", this air-conditioned holiday home is located 1.5 km from Bridgestone Arena. The unit is 1.7 km from Johnny Cash Museum.,,,,,
Tennessee,Nashville,36.21453,-86.68537,Music Valley Studio Opryland,3.0,"""Situated in Nashville", 1 km from Grand Ole Opry and 9 km from Nissan Stadium, Music Valley Studio - Opryland Area offers free WiFi.,,,,
Tennessee,Nashville,36.13267,-86.76563,505 Wedgewood Avenue Townhouse #h Townhouse,5.0,"""Set 5 km from Ryman Auditorium", 5 km from Tootsies Orchid Lounge and 5 km from Nissan Stadium, 505 Wedgewood Avenue Townhouse #H Townhouse offers accommodation situated in Nashville. The air-conditioned accommodation is 5 km from Bridgestone Arena, and guests benefit from private parking available on site and free WiFi.,,,
Tennessee,Nashville,36.13301,-86.76864,541 Wedgewood Ave Home,5.0,"""Set 4.7 km from Ryman Auditorium", 4.9 km from Johnny Cash Museum and 5 km from Lane Motor Museum, Renovated Pet-Friendly Nashville Home with Pvt Yard offers accommodation situated in Nashville. The accommodation is 4.7 km from the Bridgestone Arena and features free WiFi throughout the property.,,,,
Tennessee,Nashville,36.13279,-86.78102,2003 Beech Ave Townhouse,5.0,"""Set in Nashville in the Tennessee region", 2003 Beech Ave Townhouse has a patio. The air-conditioned accommodation is 3.6 km from Bridgestone Arena, and guests benefit from private parking available on site and free WiFi.,,,,
Tennessee,Nashville,36.24177,-86.5393,720 Veneta View Home,5.0,"""Located in Mount Juliet in the Tennessee region", 720 Veneta View Home features a garden. The air-conditioned accommodation is 42 km from Brentwood, and guests benefit from private parking available on site and free WiFi.,,,,
Tennessee,Nashville,36.16927,-86.75897,Downtown Nashville Shelby House,5.0,"""Downtown Nashville Shelby House is a holiday home situated in Nashville", 1.1 km from Nissan Stadium Formerly LP Field. The holiday home is 7 km from Grand Ole Opry.,,,,,
Tennessee,Nashville,36.16236,-86.77547,Nashville Riverfront Lofts,5.0,"""Offering accommodation with air conditioning", Nashville Riverfront Lofts is located in Nashville, 210 metres from Johnny Cash Museum. Ryman Auditorium is 300 metres from the property. Free WiFi is provided .,,,,
Tennessee,Nashville,36.14547,-86.78883,Skyline View Holiday Home 1013,5.0,"""Skyline View Holiday Home 1013 is a holiday home with a fitness centre", situated in Nashville, 3 km from Nissan Stadium Formerly LP Field. The air-conditioned unit is 11 km from Grand Ole Opry.,,,,
Tennessee,Nashville,36.12285,-86.75418,Kline Ave Nashville Home Unit B,5.0,"""Set 2.6 km from Lane Motor Museum in Nashville", this apartment features a balcony. The apartment is 5 km from Johnny Cash Museum.,,,,,
Tennessee,Nashville,36.1232,-86.78758,Nashville Cottage 1009,5.0,"""Located in Nashville in the Tennessee region", Nashville Cottage 1009 features a patio. The property is 5 km from Ryman Auditorium and 5 km from Tootsies Orchid Lounge.,,,,,
Tennessee,Nashville,36.16221,-86.85356,Louisiana Holiday Home 5402a,5.0,"""Located in Nashville in the Tennessee region", Louisiana Holiday Home 5402A has a patio. The air-conditioned accommodation is 5 km from The Parthenon, and guests benefit from private parking available on site and free WiFi.,,,,
Tennessee,Nashville,36.14615,-86.78228,Southside Place Home,5.0,"""Located in Nashville in the Tennessee region", Southside Place Home features a patio. The air-conditioned accommodation is 2.3 km from Bridgestone Arena, and guests benefit from private parking available on site and free WiFi.,,,,
Tennessee,Nashville,35.92981,-86.8607,207 Old Liberty Pike Home,5.0,"""Located in Franklin in the Tennessee region", 207 Old Liberty Pike Home features a patio. The air-conditioned accommodation is 500 metres from The Factory at Franklin, and guests benefit from complimentary WiFi and private parking available on site.,,,,
Tennessee,Nashville,36.13451,-86.78788,Grove House In 12 South Home,5.0,"""Set 4.1 km from Nissan Stadium Formerly LP Field and 12 km from Grand Ole Opry", Grove House in 12 South Home offers accommodation in Nashville. Guests benefit from patio.,,,,,
Tennessee,Nashville,36.12338,-86.80015,1909 Wildwood Ave Home,5.0,"""Located 5 km from The Parthenon", 6 km from Bridgestone Arena and 6 km from Ryman Auditorium, 1909 Wildwood Ave Home provides accommodation situated in Nashville. It is set 4.1 km from Vanderbilt University and offers free WiFi and free private parking.,,,,
Tennessee,Nashville,36.21456,-86.68382,Opryland Area Garden Level Apartment,4.0,"""Located in Nasvhille", this air-conditioned Opryland Area Apartment Amenities for Executive & Tourists walk-out basement apartment features free WiFi and private parking available on site.,,,,,
Tennessee,Nashville,36.123,-86.80923,The Sharondale,5.0,"""Set within 4.3 km of Vanderbilt University and 5 km of The Parthenon in Nashville", The Sharondale offers accommodation with a TV.,,,,,
Tennessee,Nashville,36.11279,-86.73281,House Downtown Nashville,5.0,"""Set in Nashville in the Tennessee region", Downtown Southern Charmer 3BR & Free Parking has a patio. The air-conditioned accommodation is 6 km from Lane Motor Museum, and guests benefit from private parking available on site and free WiFi.,,,,
Tennessee,Nashville,36.1477,-86.76583,Luxury Loft Private Rooftop,5.0,"""Located in Nashville in the Tennessee region", Luxury Loft Private Roof Top & Free Parking has a patio. The air-conditioned accommodation is 2.4 km from Bridgestone Arena, and guests benefit from private parking available on site and free WiFi.,,,,
Tennessee,Nashville,36.16488,-86.80133,Nashville's Herman Street Apartments,5.0,"""Located 2.7 km from Vanderbilt University in Nashville", Close to Music Row Apartments provides accommodation with air conditioning and free WiFi.,,,,,
Tennessee,Nashville,36.14911,-86.83299,Home In Sylvan Park,5.0,"""Situated 3.5 km from Vanderbilt University and 5.9 km from Bridgestone Arena in Nashville", 4 Bedroom Home in Sylvan Park offers accommodation with a kitchen. The accommodation is 2.9 km from The Parthenon, and guests benefit from private parking available on site and free WiFi.,,,,
Tennessee,Nashville,36.16339,-86.77859,Luxury Loft Downtown,5.0,"""Set in Nashville", within 300 metres of Ryman Auditorium and 500 metres of Bridgestone Arena, 1820 Loft 211 Oozing Charm Steps to Broadway-Sleeps 4 offers accommodation with free WiFi, air conditioning, a bar and a terrace. Guests staying at this apartment have access to a balcony.,,
Tennessee,Nashville,36.16345,-86.77812,1820's Downtown Luxury Loft,5.0,"""Set in Nashville", 400 metres from Ryman Auditorium and 400 metres from Tootsies Orchid Lounge, Rare Find 1820 Luxury 203 lofts Steps to Broadway-Sleeps 4 offers accommodation with free WiFi, air conditioning, a bar and a terrace. With city views, this accommodation provides a patio.,
Tennessee,Nashville,36.35437,-86.74333,Executive 4bdr Country Getaway Bachelor Wedding Parties Welcome,5.0,"""Situated in Nashville", 24 km from Grand Ole Opry and 26 km from Nissan Stadium, Executive 4bdr Country Getaway-Bachelor(ette) Wedding Parties Welcome features accommodation with free WiFi, air conditioning, and a seasonal outdoor swimming pool. Featuring free private parking, the villa is in an area where guests can engage in activities such as hiking, cycling and billiards.
Tennessee,Nashville,36.16502,-86.80053,Urban Retreat Minutes To The Gulch And Downtown,5.0,"""Situated in Nashville", 3.7 km from The Parthenon and 18 km from Grand Ole Opry, Urban Retreat Minutes to the Gulch and Downtown offers free WiFi and air conditioning. The property is 8 km from Lane Motor Museum and 3.2 km from Johnny Cash Museum.,,,,
Tennessee,Nashville,36.16489,-86.80135,Hip Urban Designer Apartment Free Parking,5.0,"""Situated in Nashville", 2.8 km from Vanderbilt University and 2.8 km from Bridgestone Arena, Hip Urban Designer Apartment offers free WiFi and air conditioning. The property is 3.3 km from Johnny Cash Museum and 3.9 km from The Parthenon.,,,,
Tennessee,Nashville,36.16502,-86.80053,Contemporary Condo Minutes To Downtown Gulch,5.0,"""Situated in Nashville", 2.7 km from Vanderbilt University and 2.9 km from Bridgestone Arena, Contemporary Condo Minutes To Downtown Gulch offers free WiFi and air conditioning. This apartment is 3.2 km from Johnny Cash Museum and 3.7 km from The Parthenon.,,,,
Tennessee,Nashville,36.16502,-86.80053,Explore Downtown Nashville Hip Designer Condo,5.0,"""Located in Nashville", 2.7 km from Vanderbilt University and 2.9 km from Bridgestone Arena, Explore Downtown Nashville Hip Designer Condo offers free WiFi and air conditioning. The property is 3.2 km from Johnny Cash Museum and 3.7 km from The Parthenon.,,,,
Tennessee,Nashville,36.1637,-86.7758,Studio 154 Luxury Hotel,5.0,"""Studio 154 Luxury Hotel is conveniently situated in the centre of Nashville", and provides a shared lounge, free WiFi and a terrace. The property is set 3.4 km from Vanderbilt University, 4.5 km from The Parthenon and 5.1 km from Lane Motor Museum. The property is non-smoking and is located 500 metres from Johnny Cash Museum.,,,
Tennessee,Nashville,36.12649,-86.77817,The Nashville Nest,5.0,"""Set in Nashville", 4.1 km from Bridgestone Arena, 4.2 km from Ryman Auditorium and 4.4 km from Johnny Cash Museum, Southbound Stays - Lonestar offers accommodation with a balcony and free WiFi. The property was built in 1950 and has accommodation with a patio.,,,
Tennessee,Nashville,36.12667,-86.77786,The Nook at Hillview,5.0,"""Located in Nashville", 4.1 km from Bridgestone Arena and 4.2 km from Ryman Auditorium, Southbound Stays - Lonestar Studio provides accommodation with free WiFi, air conditioning and a seasonal outdoor swimming pool. Guests have a private patio.,,,
Tennessee,Nashville,36.1772,-86.74978,Vandyke,3.0,"""Vandyke Bed & Beverage in Nashville provides adults-only accommodation with a bar", a garden and a terrace. The property is around 2.3 km from Nissan Stadium, 3.7 km from Ryman Auditorium and 3.7 km from Tootsies Orchid Lounge. Free WiFi is available and private parking can be arranged at an extra charge.,,,,
Tennessee,Newport,35.9523025939515,-83.1993448734283,Parkway Inn Newport,2.0,,Free local calls Cable / Satellite Television Private bathrooms Fridge 24 Hour Front Desk Microwave Climate Control Toiletries Free self parking Housekeeping Free Wireless Internet access (inroom) Pets allowed Cribs/infant beds (surcharge) designated smoking area Bathtub/Shower Combination Telephone Free Wireless Internet access,Distances are calculated in a straight line from the property&apos;s location to the point of interest or attraction  and may not reflect actual travel distance. &lt;br /&gt;&lt;br /&gt; Distances are displayed to the nearest 0.1 mile and kilometer. &lt;p&gt;Forbidden Caverns - 14.3 km / 8.9 mi &lt;br /&gt;Hen Wallow Falls - 21.9 km / 13.6 mi &lt;br /&gt;Foxfire Mountain - 22.1 km / 13.7 mi &lt;br /&gt;Bent Creek Golf Club - 25.1 km / 15.6 mi &lt;br /&gt;Smoky Mountain Deer Farm and Exotic Petting Zoo - 25.3 km / 15.7 mi &lt;br /&gt;Mountain Cove Marina - 30.6 km / 19 mi &lt;br /&gt;Ramsey Cascades - 31.2 km / 19.4 mi &lt;br /&gt;Tennessee Museum of Aviation - 31.9 km / 19.8 mi &lt;br /&gt;Mills Park - 32.8 km / 20.4 mi &lt;br /&gt;Parrot Mountain and Gardens - 32.8 km / 20.4 mi &lt;br /&gt;Panther Creek State Park - 33.8 km / 21 mi &lt;br /&gt;Chapel in the Glen - 33.9 km / 21.1 mi &lt;br /&gt;Adrenaline Park - 34.3 km / 21.3 mi &lt;br /&gt;Dollywood&apos;s Splash Country - 34.3 km / 21.3 mi &lt;br /&gt;Sevierville City Park - 34.4 km / 21.4 mi &lt;br /&gt;&lt;/p&gt;&lt;p&gt;The preferred airport for Parkway Inn Newport is Knoxville  TN (TYS-McGhee Tyson) - 73 km / 45.4 mi. &lt;/p&gt;,766 Cosby Highway NewportTN 37821 ,37821,,
Tennessee,Oakland,35.22925,-89.52175,Oakland Inn,1.0,"""The Oakland Inn of Tennessee is located 30 miles outside Memphis city centre. Free Wi-Fi is available in all rooms and guests will also enjoy a daily continental breakfast with waffles.",,,,,,
Tennessee,Oakridge,43.741,-122.45,Arbor Inn Motel,5.0,"""Set in Oakridge", in a building dating from 1950, Arbor Inn Motel Oakridge offers barbecue facilities and guestrooms with free WiFi. The motel features family rooms.,,,,
Tennessee,Oakridge,43.75797,-122.49525,Westfir Lodge,5.0,"""<p> With garden views", Westfir Lodge is located in Oakridge and has a restaurant, a concierge service, bar, garden, sun terrace and outdoor fireplace. Private parking is available on site at this sustainable property. Featuring family rooms, this property also provides guests with a children's playground.
Tennessee,Oneida,43.09619,-75.62494,Creekside Inn,5.0,"""Set in Oneida", Creekside Inn offers free WiFi, and guests can enjoy a restaurant, a bar and a shared lounge.,,,
Tennessee,Paris,36.30674,-88.2995,Super 8 Paris,2.0,"""Located in Paris", Tennessee, Super 8 by Wyndham Paris is under new management and newly renovated.,,,,
Tennessee,Paris,36.30578,-88.30111,Paris Inn & Suites,2.0,"""Situated in Paris", Tennessee, this hotel features an outdoor swimming pool. Free WiFi access is available.,,,,
Tennessee,Paris,36.2786,-88.30295,"""Hampton Inn Paris"," Tn""",2.0,"""Hampton Inn Paris", Tn is a 2-star property located in Paris. Featuring a seasonal outdoor swimming pool, the 2-star hotel has air-conditioned rooms with free WiFi, each with a private bathroom. The property is non-smoking and is set 39 km from Murray State University.,,
Tennessee,,35.793725,-83.560886,Grand Resort Hotel & Convention Center,3.0,General Description: Scenic Mountain views  Accessible to many local attractions  Ideal accommodations for a vacation getaway  Perfect location appropriate for both families and couples  Great combination for business and pleasure Location: Located in the heart of Pigeon Forge  Shopping area is just minutes away Local Attractions: Dixie Stampede Dinner Attraction - 5 minutes  Close to local attractions such as Dollywood theme park.  Great Smoky Mountains National Park  - 5 minutes  Dolly?s Splash Country - 5 minutes  Ripley''s Aquarium of the Smokies - 5 minutes  Black Bear Jamboree Dinner Show - 5 minutes  Comedy Barn Theater - 5 minutes  Miracle Theater - 5 minutes  Historic Old Mill - 1 blocks Recreation: Outdoor swimming pool  Indoor swimming pool  Relaxing spa/hot tub Restaurants & Lounges: Casual restaurant  Onsite restaurant Services: 24 hr front desk service  Business services available at front desk  Elevators Meeting Facilities:  Small conference room available  Event facilities  Accommodation: 425 guestrooms  Classic guest rooms  Special: Note:  Please note that the beverage is not included and customer must pay the hotel directly for their Beverage,,,3171 Parkway Pigeon ForgeTennessee 37863 ,37863,8654531000,
Tennessee, while Country Tonite Theatre is 8 km away. McGhee Tyson Airport is 60 km from the property. This vacation rental is being offered by VacayHome Connect in partnership with the professional property manager. Guests will receive a reservation confirmation e-mail from Booking.com, followed by a payment confirmation e-mail from VacayHome Connect.  The payment confirmation e-mail will provide  contact information for the professional property manager. The property manager will also send a welcome e-mail that contains terms and conditions related to your rental. The property manager will send an e-mail directly with a lease agreement which should be reviewed carefully, signed, and returned to the property manager.  They will also provide arrival instructions and optional services that may be available for purchase. Taxes and fees and service charges include County and lodging taxes, a cleaning fee," a reservation fee assessed by the local property manager and a damage waiver that covers in the event of accidental damage to the property. Homes with pools have a pool maintenance fee and homes with hot tubs have a one-time hot tub cleaning fee assessed by the local property manager. A per person fee may be charged at certain condo associations. Guests under the age of 25 can only check in with a parent or official guardian who is also staying in the unit. ID may be requested at check-in.""",Free self parking Pets allowed Internet access BBQ facilities Free WiFi Outdoor pool Free WiFi Parking onsite Private parking,,2131 Mossy Stone Way Pigeon ForgeTennessee 37863 ,37863,,https://www.booking.com/hotel/us/walnut-grove-2-three-bedroom.html
Tennessee, 60 km from Pine Needles (#6) - One Bedroom. This vacation rental is being offered by VacayHome Connect in partnership with the professional property manager. Guests will receive a reservation confirmation e-mail from Booking.com, followed by a payment confirmation e-mail from VacayHome Connect.  The payment confirmation e-mail will provide  contact information for the professional property manager. The property manager will also send a welcome e-mail that contains terms and conditions related to your rental. The property manager will send an e-mail directly with a lease agreement which should be reviewed carefully, signed, and returned to the property manager.  They will also provide arrival instructions and optional services that may be available for purchase. Taxes and fees and service charges include County and lodging taxes, a cleaning fee," a reservation fee assessed by the local property manager and a damage waiver that covers in the event of accidental damage to the property. Homes with pools have a pool maintenance fee and homes with hot tubs have a one-time hot tub cleaning fee assessed by the local property manager. A per person fee may be charged at certain condo associations. Guests under the age of 25 can only check in with a parent or official guardian who is also staying in the unit. ID may be requested at check-in.""",Free self parking Pets allowed Internet access Hot tub/jacuzzi BBQ facilities Free WiFi Outdoor pool Free WiFi Parking onsite Private parking,,2273 Arrow Wood Way Pigeon ForgeTennessee 37862 ,37862,,https://www.booking.com/hotel/us/pine-needles-6-one-bedroom.html
Tennessee,Portland,36.57685,-86.52559,Deerfield Inn Portland,2.0,"""Located in Portland city centre", this Tennessee hotel features a daily continental breakfast and free Wi-Fi. The Portland Municipal Airport is 5 minutes drive from the property.,,,,,
Tennessee,Powell,36.02592,-83.99887,Scottish Inn Knoxville,2.0,"""Located 11.2 km from downtown Knoxville and the University of Tennessee", this hotel features a seasonal outdoor pool. Rooms are furnished with a refrigerator and free WiFi.,,,,,
Tennessee,Pulaski,34.97103,-86.88233,Budget Inn Ardmore,2.0,"""Budget Inn Elkmont is situated in Elkmont", 38 km from Huntsville and 42 km from Decatur.,,,,,
Tennessee,Pulaski,35.20092,-87.04667,A Richland Inn Hotel,2.0,"""Offering a fitness centre", this Pulaski, Tennessee motel features free WiFi access and a daily hot breakfast. It is 17 minutes drive from historic Milky Way Farm.,,,,
Tennessee,Pulaski,35.21235,-87.02779,Budget Inn Pulaski,2.0,"""Situated in Pulaski", 45 km from Elm Springs, Budget Inn Pulaski features accommodation with free WiFi and free private parking. The accommodation provides room service and a 24-hour front desk for guests.,,,,
Tennessee,Pulaski,35.2724,-87.31857,Villa Inn,2.0,"""4.2 km from Mars Hill", Villa Inn is situated in Lawrenceburg and features air-conditioned rooms. All rooms boast a flat-screen TV with cable channels and a private bathroom. The motel has family rooms.,,,,,
Tennessee,Pulaski,35.24017,-87.32811,David Crockett Motel,3.0,"""This motel in Lawrenceburg features free WiFi and provides a cable TV in every room. David Crockett State Park", for family fun, is 9 minutes drive away.,,,,
Tennessee,Ripley,35.74485,-89.55571,Hunter Lodge,2.0,"""Featuring free WiFi", an indoor pool, and a hot tub, Super 8 Ripley offers pet-friendly accommodation in Ripley.,,,
Tennessee,Rogersville,36.40674,-83.00722,Hale Springs Inn,5.0,"""Set in Rogersville", 43 km from Kingsport, Hale Springs Inn features free WiFi access and free private parking. Guests can enjoy the on-site restaurant.,,,,
Tennessee,Savannah,35.21894,-88.24571,Savannah Lodge,1.0,"""Tennessee River Museum is a 13-minute walk from this hotel. Savannah Lodge features an outdoor pool and offers free Wi-Fi and cable TV with HBO in every room.",,,,,,
Tennessee,Savannah,35.15358,-88.57683,Star Plus Inn & Suites,3.0,"""Featuring an outdoor pool and free Wi-Fi access", this Selmer, Tennessee motel is located 3 minutes drive from McNairy Regional Hospital. The motel also offers a daily complimentary breakfast.,,,,
Tennessee,Savannah,35.20276,-88.24519,Days Inn Savannah,2.0,"""Situated in Savannah", 5.2 km from Riverside City Park, Days Inn by Wyndham Savannah features accommodation with a seasonal outdoor swimming pool, private parking and a garden. The accommodation offers a 24-hour front desk, airport transfers, a business centre and free WiFi.,
Tennessee,Savannah,35.02948,-88.23108,Stone Brook Inn,1.0,"""Set in Counce", 26 km from Riverside City Park, Stonebrook Inn offers accommodation with a shared lounge and free private parking. The accommodation features a 24-hour front desk, a shuttle service, room service and free WiFi throughout the property.,,
Tennessee,Savannah,35.22473,-88.25143,Savannah Motel,2.0,"""Situated in Savannah", Tennessee, this motel features  free morning coffee and free Wi-Fi.  It is 550 metres from Riverside City Park.,,,,
Tennessee,Selmer,35.15358,-88.57683,Star Plus Inn & Suites,3.0,"""Featuring an outdoor pool and free Wi-Fi access", this Selmer, Tennessee motel is located 3 minutes drive from McNairy Regional Hospital. The motel also offers a daily complimentary breakfast.,,,,
Tennessee,Sevierville,35.7858,-83.55255,Colonial House Motel,3.0,"""Situated in Pigeon Forge", within less than 1 km of Dolly Partons Stampede and 4.2 km of The Grand Majestic Theater, Colonial House Motel features accommodation with a seasonal outdoor swimming pool and free WiFi as well as free private parking for guests who drive. Boasting family rooms, this property also provides guests with a barbecue. Guests can use the indoor pool, or enjoy city views.,,
Tennessee,Sevierville,35.81831,-83.50185,Berry Springs Lodge,4.0,"""This Tennessee hotel is 15 minutes drive from Smokey Mountain National Park. Berry Springs Lodge guests will enjoy a 3-course breakfast", on-site fishing, and hiking.,,,,
Tennessee,Sevierville,35.81284,-83.58268,Vista Inn & Suites Pigeon Forge,2.0,"""Rodeway Inn is located 5 miles from Dollywood and features a seasonal outdoor pool on site. Guests will also enjoy free WiFi in every room during their stay.",,,,,,
Tennessee,Sevierville,35.80115,-83.570102,Valley Forge Inn,4.0,The Valley Forge Inn is a family owned property conveniently located on the Parkway in the center of Pigeon Forge. We are perfectly located for a trip to the mountains; the outlet malls; or any of the unique attractions in the area. Our property features 170 rooms with spacious standard rooms; fa...,,,2795 North Parkway Pigeon ForgeTN 37863 ,37863,8654537770,
Tennessee,Sevierville,35.89471,-83.5854,Club Wyndham Plus Resort - Wyndham Vacation Resorts Great Smokies Lodge,3.0,"""Located within 6 miles of expansive Douglas Lake", this Tennessee lodge features an indoor water park, seasonal outdoor water park, and fitness centre. Guests will also be 10 miles from historic Pigeon Forge city centre.,,,
Tennessee,Sevierville,35.81358,-83.57696,Spirit of the Smokies Pigeon Forge,2.0,"""This Pigeon Forge", Tennessee hotel is 1.6 km from Titanic Museum and 8 km from Parrot Mountain and Garden of Eden. Grand Smokies Resort Lodge guests will enjoy an indoor pool with a waterslide and smaller wading pool with a mushroom water feature for the kids.,,,,,
Tennessee,Sevierville,35.79378,-83.57389,Mountain Meadows,2.0,"""Located just 1.3 miles from Fast Tracks Amusement Park", this Pigeon Forge resort  features an outdoor swimming pool. Free Wi-Fi is also available.,,,,,
Tennessee,Sevierville,35.73927,-83.67144,Wavyleaf Retreat,5.0,"""Set in Sevierville", 25 km from Dollywood, 29 km from Parrot Mountain & Gardens and 30 km from Sevier Distilling Company, Appalachian Lookout offers accommodation with a patio and free WiFi.,,,
Tennessee,Sevierville,35.78336,-83.55206,Motel 6 Pigeon Forge Parkway,2.0,"""Located in Pigeon Forge", Briarstone Inn. features a seasonal outdoor pooland free WiFi. Dollywood is 10 minutes drive away, and Gatlinburg Golf Course is 1.5 km from the property.,,,,
Tennessee,Sevierville,35.81811,-83.57471,Mountain View Condos,5.0,"""Set in Pigeon Forge", 200 metres from Country Tonite Theatre and 600 metres from The Grand Majestic Theater, Mountain View Condos - 2605 offers a restaurant and air conditioning. With mountain views, this accommodation offers a balcony.,,,
Tennessee,Sevierville,35.793725,-83.560886,Grand Resort Hotel & Convention Center,3.0,General Description: Scenic Mountain views  Accessible to many local attractions  Ideal accommodations for a vacation getaway  Perfect location appropriate for both families and couples  Great combination for business and pleasure Location: Located in the heart of Pigeon Forge  Shopping area is just minutes away Local Attractions: Dixie Stampede Dinner Attraction - 5 minutes  Close to local attractions such as Dollywood theme park.  Great Smoky Mountains National Park  - 5 minutes  Dolly?s Splash Country - 5 minutes  Ripley''s Aquarium of the Smokies - 5 minutes  Black Bear Jamboree Dinner Show - 5 minutes  Comedy Barn Theater - 5 minutes  Miracle Theater - 5 minutes  Historic Old Mill - 1 blocks Recreation: Outdoor swimming pool  Indoor swimming pool  Relaxing spa/hot tub Restaurants & Lounges: Casual restaurant  Onsite restaurant Services: 24 hr front desk service  Business services available at front desk  Elevators Meeting Facilities:  Small conference room available  Event facilities  Accommodation: 425 guestrooms  Classic guest rooms  Special: Note:  Please note that the beverage is not included and customer must pay the hotel directly for their Beverage,,,3171 Parkway Pigeon ForgeTennessee 37863 ,37863,8654531000,
Tennessee,Sevierville,35.80374,-83.57447,Mountain Vista Inn & Suites,2.0,"""Situated within 194 meters of the Dolly Parton Pirate Show and 396 m from the island in Pigeon Forge", Mountain Vista Inn & Suites - Parkway offers rooms in Pigeon Forge. Located around 2.5 km from Smoky Mountain Opry, the hotel offers free WiFi. The property is set 2.8 km from Old Mill and 3.8 km from Dolly Partons Stampede.,,,,
Tennessee,Sevierville,35.79737,-83.56579,Americana Inn & Suites,2.0,"""Featuring an outdoor pool", Americana Inn a Travelodge by Wyndham hotel is located 10 minutes drive from Dollywood and Dollywoods Splash Country. WiFi access is provided.,,,,,
Tennessee,Sevierville,35.83205,-83.57406,The Lodge at Five Oaks,3.0,"""Featuring an outdoor pool with a waterslide and an outdoor seating area with fire pits and plush lounge seating", The Lodge at Five Oaks offers luxury rural-inspired accommodations in Sevierville, Tennessee, just outside of the Great Smoky Mountains National Park.,,,
Tennessee,Sevierville,35.83355,-83.57324,Oak Tree Lodge,3.0,"""Featuring heated indoor and outdoor pools with a water slide and aqua playground", Oak Tree Lodge offers pet-friendly and comfortable accommodations in Pigeon Forge, Tennessee, just outside of Great Smoky Mountains National Park. Free WiFi is available.,,,
Tennessee,Sevierville,35.79013,-83.55594,Rivergate Mountain Lodge,3.0,"""Situated along Little Pigeon River", this boutique vacation home is located in the heart of Pigeon Forge, just 1 block away from The Old Mill. Free WiFi is available.,,,,
Tennessee,Sevierville,35.8625,-83.5671,Riverview Inn & Suites,2.0,"""Located 24 km outside of Great Smoky Mountains National Park", this motel boasts an outdoor pool and rooms with scenic river views. Dollywood Amusement Park is 9 km away.,,,,,
Tennessee,Sevierville,35.79335,-83.55808,River Place Condos,2.0,"""Situated in Pigeon Forge and only 2.2 km from Dolly Partons Stampede", River Place Condos 401 2BD features accommodation with river views, free WiFi and free private parking. This holiday home is 6.9 km from Dollywood and 13 km from Ripleys Aquarium of the Smokies.,,,,
Tennessee,Sevierville,35.80946,-83.57644,The Inn at Christmas Place,4.0,"""The Bavarian-inspired The Inn at Christmas Place is opposite Christmas Place holiday store and 1.3 km from The Island in Pigeon Forge family entertainment centre. An outdoor pool with a 29-metre waterslide and large garden are on site.",,,,,,
Tennessee,Sevierville,35.86341,-83.56788,Landmark Inn,2.0,,,,401 Forks of the River Parkway SeviervilleTennessee 37862 ,37862,8654530318,http://www.landmarkinnthesmokies.com/
Tennessee,Sevierville,35.79589,-83.56518,Mountain Breeze Motel,2.0,"""Located opposite Fast Tracks Amusement Park", Pigeon Forge Mountain Breeze Motel has been family-owned and operated for over 50 years. Features include an outdoor heated pool, complimentary breakfast, and free WiFi.,,,
Tennessee,Sevierville,35.77798,-83.6035,Bentley Lodge by RedAwning,5.0,"""Situated in Sevierville in the Tennessee region", Bentley Lodge has a patio. The air-conditioned accommodation is 8.5 km from The Grand Majestic Theater, and guests benefit from complimentary WiFi and private parking available on site.,,,,
Tennessee,Sevierville,35.80673,-83.54341,Wildwood Falls 4 3 Br cabin by RedAwning,3.0,"""Wildwood Falls (#4) - Two Bedroom is set in Pigeon Forge", 5 km from Old Mill, 5 km from Dolly Partons Stampede, and 7 km from The Grand Majestic Theater. The accommodation is 8 km from the Country Tonite Theatre and has free WiFi.,,,
Tennessee,Sevierville,35.69737,-83.65966,Majestic Views 4 Br cabin by RedAwning,5.0,"""Featuring a spa bath", Majestic Views - Four Bedroom is situated in Line Spring. Guests have access to free WiFi.,,,,,
Tennessee,Sevierville,35.81384,-83.6158,Playhouse Cinema by RedAwning,5.0,"""Playhouse Cinema is situated in Sevierville", 4.5 km from The Grand Majestic Theater, 4.5 km from Country Tonite Theatre, and 9.3 km from Dolly Partons Stampede. This property offers access to a patio, free private parking and free WiFi.,,
Tennessee,Sevierville,35.80673,-83.54338,Walnut Grove 2 3 Br cabin by RedAwning,3.0,"""Set in Pigeon Forge", within 5 km of Old Mill, Walnut Grove (#2) - Three Bedroom offers accommodation with free WiFi and air conditioning. The accommodation is 5 km from Dolly Partons Stampede.,,,,
Tennessee, while Country Tonite Theatre is 8 km away. McGhee Tyson Airport is 60 km from the property. This vacation rental is being offered by VacayHome Connect in partnership with the professional property manager. Guests will receive a reservation confirmation e-mail from Booking.com, followed by a payment confirmation e-mail from VacayHome Connect.  The payment confirmation e-mail will provide  contact information for the professional property manager. The property manager will also send a welcome e-mail that contains terms and conditions related to your rental. The property manager will send an e-mail directly with a lease agreement which should be reviewed carefully, signed, and returned to the property manager.  They will also provide arrival instructions and optional services that may be available for purchase. Taxes and fees and service charges include County and lodging taxes, a cleaning fee," a reservation fee assessed by the local property manager and a damage waiver that covers in the event of accidental damage to the property. Homes with pools have a pool maintenance fee and homes with hot tubs have a one-time hot tub cleaning fee assessed by the local property manager. A per person fee may be charged at certain condo associations. Guests under the age of 25 can only check in with a parent or official guardian who is also staying in the unit. ID may be requested at check-in.""",Free self parking Pets allowed Internet access BBQ facilities Free WiFi Outdoor pool Free WiFi Parking onsite Private parking,,2131 Mossy Stone Way Pigeon ForgeTennessee 37863 ,37863,,https://www.booking.com/hotel/us/walnut-grove-2-three-bedroom.html
Tennessee,Sevierville,35.81099,-83.4676,Lasting Impressions 2 Br cabin by RedAwning,3.0,"""Located 18 km from Dollywood in Sevierville", Lasting Impressions #240 - Two Bedroom Cabin offers accommodation with a kitchen. The property is 13 km from Parrot Mountain & Gardens and 19 km from Sevier Distilling Company.,,,,,
Tennessee,Sevierville,35.7719,-83.66548,Black Bear Hideaway 5 Br cabin by RedAwning,5.0,"""Set in Waldens Creek", Black Bear Hideaway - Five Bedroom offers accommodation with a balcony and free WiFi. The air-conditioned accommodation is 25 km from Gatlinburg.,,,,,
Tennessee,Sevierville,35.81384,-83.61581,Echoes of Eden 4 Br cabin by RedAwning,5.0,"""Located in Sevierville", 14 km from Dollywood, 13 km from Parrot Mountain & Gardens and 12 km from Sevier Distilling Company, Echoes of Eden provides accommodation with a patio and free WiFi. The holiday home is 33 km from Seven Islands State Birding Park.,,,
Tennessee,Sevierville,35.79575,-83.6382,Smoky Cove Resort,5.0,"""Situated in Sevierville", 16 km from Dollywood, 16 km from Parrot Mountain & Gardens and 18 km from Wild Bear Falls Indoor Waterpark, Southern Hospitality features accommodation with a patio and free WiFi. The holiday home is 37 km from Seven Islands State Birding Park.,,,
Tennessee,Sevierville,35.79567,-83.64315,Mountain Majesty 2 Br cabin by RedAwning,5.0,"""Situated in Waldens Creek", Mountain Majesty - Two Bedroom provides accommodation with a balcony and free WiFi. Guests staying at this holiday home have access to a fully equipped kitchen.,,,,,
Tennessee, 54 km from Mountain Majesty - Two Bedroom. This vacation rental is being offered by VacayHome Connect in partnership with the professional property manager. Guests will receive a reservation confirmation e-mail from Booking.com, followed by a payment confirmation e-mail from VacayHome Connect.  The payment confirmation e-mail will provide  contact information for the professional property manager. The property manager will also send a welcome e-mail that contains terms and conditions related to your rental. The property manager will send an e-mail directly with a lease agreement which should be reviewed carefully, signed, and returned to the property manager.  They will also provide arrival instructions and optional services that may be available for purchase. Taxes and fees and service charges include County and lodging taxes, a cleaning fee," a reservation fee assessed by the local property manager and a damage waiver that covers in the event of accidental damage to the property. Homes with pools have a pool maintenance fee and homes with hot tubs have a one-time hot tub cleaning fee assessed by the local property manager. A per person fee may be charged at certain condo associations. Guests under the age of 25 can only check in with a parent or official guardian who is also staying in the unit. ID may be requested at check-in.""",Free self parking Pets allowed Internet access Billiards or pool table Hot tub/jacuzzi BBQ facilities Free WiFi Outdoor pool Free WiFi Parking onsite Private parking,,2810 Turkey Court SeviervilleTennessee 37862 ,37862,,https://www.booking.com/hotel/us/mountain-majesty-two-bedroom.html
Tennessee,Sevierville,35.73871,-83.668,Dream on High 1 Br cabin by RedAwning,5.0,"""Set in Sevierville in the Tennessee region", Dream on High features a patio. The air-conditioned accommodation is 18 km from The Grand Majestic Theater, and guests benefit from private parking available on site and free WiFi.,,,,
Tennessee,Sevierville,35.81514,-83.6172,A Time to Remember by RedAwning,5.0,"""A Time to Remember is situated in Sevierville", 4.7 km from The Grand Majestic Theater, 4.7 km from Country Tonite Theatre, as well as 10 km from Dolly Partons Stampede. This property offers access to a patio, free private parking and free WiFi.,,
Tennessee,Sevierville,35.80692,-83.5439,Cedar Falls 8 3 Br cabin by RedAwning,5.0,"""Located in Pigeon Forge in the Tennessee region", Cedar Falls #8 features a patio. The air-conditioned accommodation is 4.4 km from Dollywood, and guests benefit from private parking available on site and free WiFi.,,,,
Tennessee,Sevierville,35.81384,-83.61585,Sweet Surrender 1 Br cabin by RedAwning,5.0,"""Set in Sevierville", within 14 km of Dollywood, Sweet Surrender - One Bedroom offers accommodation with free WiFi, air conditioning and barbecue facilities. The property is 13 km from Parrot Mountain & Gardens.,,,
Tennessee, 50 km from the accommodation. This vacation rental is being offered by VacayHome Connect in partnership with the professional property manager. Guests will receive a reservation confirmation e-mail from Booking.com, followed by a payment confirmation e-mail from VacayHome Connect.  The payment confirmation e-mail will provide  contact information for the professional property manager. The property manager will also send a welcome e-mail that contains terms and conditions related to your rental. The property manager will send an e-mail directly with a lease agreement which should be reviewed carefully, signed, and returned to the property manager.  They will also provide arrival instructions and optional services that may be available for purchase. Taxes and fees and service charges include County and lodging taxes, a cleaning fee," a reservation fee assessed by the local property manager and a damage waiver that covers in the event of accidental damage to the property. Homes with pools have a pool maintenance fee and homes with hot tubs have a one-time hot tub cleaning fee assessed by the local property manager. A per person fee may be charged at certain condo associations. Guests under the age of 25 can only check in with a parent or official guardian who is also staying in the unit. ID may be requested at check-in.""",Free self parking Pets allowed Sauna Golf course (within 3 km) Arcade/game room Internet access Billiards or pool table Hot tub/jacuzzi BBQ facilities Free WiFi Golf course on site Indoor pool Outdoor pool Free WiFi Parking onsite Private parking,,2048 Bear Haven Way SeviervilleTennessee 37862 ,37862,,https://www.booking.com/hotel/us/sweet-surrender-one-bedroom.html
Tennessee,Sevierville,35.82447,-83.55232,Snow Bear by RedAwning,3.0,"""Situated in Pigeon Forge", 3.1 km from Country Tonite Theatre and 3.8 km from The Grand Majestic Theater, Snow Bear - Two Bedroom offers free WiFi and air conditioning. Guests staying at this holiday home have access to a fully equipped kitchen.,,,,
Tennessee,Sevierville,35.77864,-83.6013,Rising Eagle Lodge by RedAwning,5.0,"""Boasting air-conditioned accommodation with a balcony", Rising Eagle Lodge - Eight Bedroom is situated in Little Cove. It has mountain views and free WiFi.,,,,,
Tennessee,Sevierville,35.69471,-83.65622,Parkside Haven 2 Br cabin by RedAwning,3.0,"""Situated in Line Spring", Parkside Haven - Two Bedroom offers air-conditioned accommodation with a balcony and free WiFi. The accommodation is 33 km from Gatlinburg.,,,,,
Tennessee, 52 km from Parkside Haven - Two Bedroom. This vacation rental is being offered by VacayHome Connect in partnership with the professional property manager. Guests will receive a reservation confirmation e-mail from Booking.com, followed by a payment confirmation e-mail from VacayHome Connect.  The payment confirmation e-mail will provide  contact information for the professional property manager. The property manager will also send a welcome e-mail that contains terms and conditions related to your rental. The property manager will send an e-mail directly with a lease agreement which should be reviewed carefully, signed, and returned to the property manager.  They will also provide arrival instructions and optional services that may be available for purchase. Taxes and fees and service charges include County and lodging taxes, a cleaning fee," a reservation fee assessed by the local property manager and a damage waiver that covers in the event of accidental damage to the property. Homes with pools have a pool maintenance fee and homes with hot tubs have a one-time hot tub cleaning fee assessed by the local property manager. A per person fee may be charged at certain condo associations. Guests under the age of 25 can only check in with a parent or official guardian who is also staying in the unit. ID may be requested at check-in.""",Free self parking Internet access Hot tub/jacuzzi BBQ facilities Free WiFi Outdoor pool Free WiFi Parking onsite Private parking,,4357 Parkside Villages Drive SeviervilleTennessee 37862 ,37862,,https://www.booking.com/hotel/us/parkside-haven-two-bedroom.html
Tennessee,Sevierville,35.80695,-83.54398,Ivy Falls 9 6 Br cabin by RedAwning,3.0,"""Situated 5 km from Old Mill", Ivy Falls (#9) - Five Bedroom provides accommodation in Pigeon Forge with access to a hot tub. Located 5 km from Dolly Partons Stampede, the property features barbecue facilities and free WiFi.,,,,
Tennessee,Sevierville,35.80769,-83.54644,Cherry Blossom 11 3 Br cabin by RedAwning,3.0,"""Situated 5 km from Old Mill in Pigeon Forge", Cherry Blossom (#11) - Three Bedroom offers accommodation with a kitchen. Set 5 km from Dolly Partons Stampede, the property provides barbecue facilities and free WiFi.,,,,
Tennessee,Sevierville,35.81384,-83.6158,Moose Behaving 2 Br cabin by RedAwning,5.0,"""Boasting a sauna", Moose-Behaving is set in Sevierville. This property offers access to a patio, free private parking and free WiFi.,,,,
Tennessee,Sevierville,35.80769,-83.54644,Pine Needles 6 1 Br cabin by RedAwning,5.0,"""Pine Needles (#6) - One Bedroom offers accommodation in Pigeon Forge", 5 km from Old Mill. Guests have access to free WiFi.,,,,,
Tennessee, 60 km from Pine Needles (#6) - One Bedroom. This vacation rental is being offered by VacayHome Connect in partnership with the professional property manager. Guests will receive a reservation confirmation e-mail from Booking.com, followed by a payment confirmation e-mail from VacayHome Connect.  The payment confirmation e-mail will provide  contact information for the professional property manager. The property manager will also send a welcome e-mail that contains terms and conditions related to your rental. The property manager will send an e-mail directly with a lease agreement which should be reviewed carefully, signed, and returned to the property manager.  They will also provide arrival instructions and optional services that may be available for purchase. Taxes and fees and service charges include County and lodging taxes, a cleaning fee," a reservation fee assessed by the local property manager and a damage waiver that covers in the event of accidental damage to the property. Homes with pools have a pool maintenance fee and homes with hot tubs have a one-time hot tub cleaning fee assessed by the local property manager. A per person fee may be charged at certain condo associations. Guests under the age of 25 can only check in with a parent or official guardian who is also staying in the unit. ID may be requested at check-in.""",Free self parking Pets allowed Internet access Hot tub/jacuzzi BBQ facilities Free WiFi Outdoor pool Free WiFi Parking onsite Private parking,,2273 Arrow Wood Way Pigeon ForgeTennessee 37862 ,37862,,https://www.booking.com/hotel/us/pine-needles-6-one-bedroom.html
Tennessee,Sevierville,35.80673,-83.54338,Holly Grove 1 3 Br cabin by RedAwning,3.0,"""Situated in Pigeon Forge in the Tennessee region", Holly Grove (#1) - Three Bedroom features a balcony. Free WiFi is available in this holiday home, set 5 km from Old Mill and 5 km from Dolly Partons Stampede.,,,,
Tennessee,Sevierville,35.79743,-83.62455,Windsong 2 Br cabin by RedAwning,5.0,"""Windsong - Two Bedroom in Sevierville features accommodation with free WiFi", 15 km from Dollywood. Guests staying at this holiday home have access to a balcony.,,,,,
Tennessee,Sevierville,35.73086,-83.66918,His Amazing Grace 2 Br cabin by RedAwning,5.0,"""Located in Wear Valley", His Amazing Grace - Two Bedroom features accommodation with a balcony and free WiFi. The property features mountain views.,,,,,
Tennessee,Sevierville,35.75718,-83.43513,Mountain View Mansion,5.0,"""Set in Gatlinburg", Mountain View Mansion is 9 km from Bill Gladwell, The Mentalist. Ripleys Aquarium of the Smokies is 9 km from the property.,,,,
Tennessee,Sevierville,35.73929,-83.67696,Where Eagles Fly,5.0,"""Situated 35 km from Ripleys Aquarium of the Smokies", Where Eagles Fly features accommodation in Gatlinburg with access to an outdoor pool, free WiFi and a 24-hour front desk. Boasting free private parking, the holiday home is in an area where guests can engage in activities such as hiking, fishing and billiards.,,
Tennessee,Sevierville,35.76057,-83.55101,Shaconage Rest,5.0,"""Located in Pigeon Forge", 4.1 km from Dolly Partons Stampede and 9 km from The Grand Majestic Theater, Shaconage Rest offers free WiFi and air conditioning. It is situated 9.3 km from Country Tonite Theatre and provides an ATM.,,,,
Tennessee,Sevierville,35.8374,-83.63411,Fireside Memories - Two Bedroom,3.0,"""Set in Sevierville", Fireside Memories - Two Bedroom features air-conditioned accommodation with a balcony and free WiFi. The property is 21 km from Dollywood and 21 km from Parrot Mountain & Gardens.,,,,,
Tennessee,Sevierville,35.79054,-83.57204,Roscoe's Retreat,4.0,"""Situated in Pigeon Forge", 2.2 km from Old Mill and 3.2 km from Dolly Partons Stampede, Roscoes Retreat features air-conditioned accommodation with a patio and free WiFi. Boasting free private parking, the holiday home is in an area where guests can engage in activities such as hiking and billiards.,,,
Tennessee,Sevierville,35.78059,-83.56181,Majestic Forest,5.0,"""Located in Pigeon Forge", 1.7 km from Old Mill and 2.2 km from Dolly Partons Stampede, Majestic Forest provides accommodation with free WiFi, air conditioning, a seasonal outdoor swimming pool and barbecue facilities. Featuring free private parking, the holiday home is in an area where guests can engage in activities such as hiking, skiing and billiards.
Tennessee,Sevierville,35.7788,-83.44427,Bird's Perch View,5.0,"""Featuring mountain views", Birds Perch View offers accommodation with a patio and a coffee machine, around 15 km from Parrot Mountain & Gardens. The air-conditioned accommodation is 20 km from Dollywood, and guests benefit from complimentary WiFi and private parking available on site.,,,
Tennessee,Sevierville,35.78849,-83.55628,Bear Camp By The Night,5.0,"""Bear Camp By The Night offers air-conditioned rooms in Pigeon Forge. Around 200 metres from Old Mill", the property is also close to Dolly Partons Stampede. The Grand Majestic Theater is 3.1 km away.,,,,,
Tennessee,Sevierville,35.818,-83.5735,Unit 3405,5.0,"""Located in Pigeon Forge", within less than 1 km of The Grand Majestic Theater and a 10-minute walk of Country Tonite Theatre, MVC - Unit 5204 offers accommodation with free WiFi, air conditioning and a terrace. The property features mountain views and is 5.8 km from Dolly Partons Stampede and 10 km from Dollywood.,,,
Tennessee,Sevierville,35.818,-83.5746,Unit 2701 Sweet Bear,5.0,"""Situated in Pigeon Forge", less than 1 km from The Grand Majestic Theater and a 9-minute walk from Country Tonite Theatre, MVC - Unit 2701 - Sweet Bear features accommodation with free WiFi, air conditioning and a terrace. The property has mountain views and is 5.7 km from Dolly Partons Stampede and 10 km from Dollywood.,,,
Tennessee,Sevierville,35.8173,-83.5758,Mountain Memories Unit 1502,5.0,"""Located in Pigeon Forge", 700 metres from The Grand Majestic Theater and 600 metres from Country Tonite Theatre, MVC - Unit 1305 offers free WiFi, a terrace and air conditioning. This apartment is 16 km from Ripleys Aquarium of the Smokies and 44 km from Ijams Nature Center.,,,
Tennessee,Sevierville,35.8177,-83.5753,MVC Unit 2103 Berlin of the South,5.0,"""Situated in Pigeon Forge", within 800 metres of The Grand Majestic Theater and 700 metres of Country Tonite Theatre, MVC - Unit 2103 - Berlin of the South offers accommodation with free WiFi, air conditioning and a terrace. This apartment is 16 km from Ripleys Aquarium of the Smokies and 44 km from Ijams Nature Center.,,,
Tennessee,Sevierville,35.77724,-83.66329,Mountain Spirit Cabin,5.0,"""Set in Waldens Creek in the Tennessee region", Mountain Spirit Cabin has a patio. The air-conditioned accommodation is 17 km from Sevierville, and guests benefit from complimentary WiFi and private parking available on site.,,,,
Tennessee,Sevierville,35.7746,-83.48669,Hickory Lodge,5.0,"""Located in Oldham", 8 km from Dolly Partons Stampede and 12 km from The Grand Majestic Theater, Hickory Lodge offers free WiFi and air conditioning. It is situated 12 km from Country Tonite Theatre and provides an ATM.,,,,
Tennessee,Sevierville,35.80189,-83.42266,Smoky Waters,4.0,"""Set in Sevierville", 17 km from Dolly Partons Stampede and 20 km from Dollywood, Smoky Waters offers air-conditioned accommodation with a balcony and free WiFi. Boasting free private parking, the holiday home is in an area where guests can engage in activities such as hiking and billiards.,,,
Tennessee,Sevierville,35.81185,-83.46885,Legacy Vista,5.0,"""Offering accommodation with air conditioning", Legacy Vista is situated in Caton, 12 km from Gatlinburg. Pigeon Forge is 8 km from the property.,,,,
Tennessee,Sevierville,35.79421,-83.4865,Mountain Splash Lodge by RedAwning,5.0,"""Situated in Sevierville", 7.8 km from Dolly Partons Stampede and 12 km from The Grand Majestic Theater, Mountain Splash Lodge - Pigeon Forge, TN offers free WiFi, a terrace and air conditioning. This chalet has a private pool, a garden and free private parking.,
Tennessee,Sevierville,35.80023,-83.58378,Noelle's Nest Condominium,5.0,"""Noelles Nest Condominium is located in Pigeon Forge", 2 km from The Grand Majestic Theater and 2.7 km from Country Tonite Theatre, in an area where cycling can be enjoyed. This property offers access to a balcony, free private parking and free WiFi.,,,
Tennessee,Sevierville,35.82409,-83.48042,1664 Mountain Lodge Way Home,5.0,"""Set in Sevierville in the Tennessee region", 1664 Mountain Lodge Way Home features a patio. The air-conditioned accommodation is 11 km from Dollywood, and guests benefit from complimentary WiFi and private parking available on site.,,,,
Tennessee,Sevierville,35.75887,-83.59429,Paradise Point Pool Lodge,5.0,"""Located in Little Cove", 10 km from Dolly Partons Stampede and 13 km from The Grand Majestic Theater, Paradise Point Pool Lodge offers free WiFi and air conditioning. The property has mountain views and is 14 km from Country Tonite Theatre and 15 km from Dollywood.,,,,
Tennessee,Sevierville,35.77314,-83.54114,Honey Tree Cabin,5.0,"""Located 1 km from Dixie Stampede", Honey Tree Cabin offers accommodation in Pigeon Forge. The unit is 2.1 km from Old Mill.,,,,,
Tennessee,Sevierville,35.74086,-83.64261,Amore Mountain Retreat Cabin,5.0,"""Amore Mountain Retreat Cabin is a holiday home set in Hatchertown", 12 km from Gatlinburg. The air-conditioned unit is 10 km from Pigeon Forge.,,,,,
Tennessee,Sevierville,35.71138,-83.61312,Creek Song Cabin,5.0,"""Offering mountain views", Creek Song is an accommodation located in Sevierville, 16 km from The Grand Majestic Theater and 17 km from Country Tonite Theatre. This holiday home is 18 km from Smoky Mountain Opry and 19 km from Dolly Partons Stampede.,,,,
Tennessee,Sevierville,35.78335,-83.44352,Deer To My Heart Holiday Home,5.0,"""Featuring a spa bath", Deer To My Heart is located in Sevierville. The accommodation is 13 km from Dolly Partons Stampede, and guests benefit from private parking available on site and free WiFi.,,,,
Tennessee,Sevierville,35.73805,-83.66659,Appalachian Villas 2822 by RedAwning,5.0,"""Located in Sevierville and only 18 km from The Grand Majestic Theater", Appalachian Villa provides accommodation with mountain views, free WiFi and free private parking. This holiday home features accommodation with a balcony.,,,,
Tennessee,Sevierville,35.76908,-83.57206,Picture Perfect View Home,5.0,"""Set in Pigeon Forge in the Tennessee region", Picture Perfect View Home has a patio. The air-conditioned accommodation is 6 km from Dolly Partons Stampede, and guests benefit from private parking available on site and free WiFi.,,,,
Tennessee,Sevierville,35.76688,-83.57498,A Cabin To Remember,5.0,"""Located in Pigeon Forge in the Tennessee region", A Cabin to Remember features a patio. The air-conditioned accommodation is 6 km from Dolly Partons Stampede, and guests benefit from private parking available on site and free WiFi.,,,,
Tennessee,Sevierville,35.80723,-83.64129,Smoky Mountain Lodge Cabin,5.0,"""Located 10 km from Dollywood in Sevierville", this holiday home features a patio. The holiday home is 11 km from Parrot Mountain & Gardens.,,,,,
Tennessee,Sevierville,35.83011,-83.56133,Alone At Last,5.0,"""Featuring a spa bath", Alone At Last is set in Pigeon Forge. The accommodation is 4.6 km from Country Tonite Theatre, and guests benefit from complimentary WiFi and private parking available on site.,,,,
Tennessee,Sevierville,35.76147,-83.558,Mountain Ridge Chalet,5.0,"""Featuring a hot tub", Mountain Ridge is set in Pigeon Forge. With free private parking, the property is 4.7 km from Dolly Partons Stampede and 10 km from The Grand Majestic Theater.,,,,
Tennessee,Sevierville,35.76188,-83.50914,Smokies Edge Chalet,5.0,"""Smokies Edge is located in Sevierville", 5.1 km from Dolly Partons Stampede, 9.3 km from Ripleys Aquarium of the Smokies, as well as 10 km from The Grand Majestic Theater. This holiday home is 10 km from Country Tonite Theatre and 11 km from Smoky Mountain Opry.,,,
Tennessee,Sevierville,35.75936,-83.50965,Wandering Bear Lodge Chalet,5.0,"""Boasting a spa bath", Wandering Bear Lodge is situated in Sevierville. The accommodation is 4.7 km from Dolly Partons Stampede, and guests benefit from private parking available on site and free WiFi.,,,,
Tennessee,Sevierville,35.80317,-83.65084,Champagne Dreams Cabin,5.0,"""Featuring a patio", Champagne Dreams Cabin is a holiday home, situated in Sevierville. The holiday home is 11 km from Dollywood.,,,,
Tennessee,Sevierville,35.79244,-83.57989,Smoky Mtn Memories Cabin,5.0,"""Featuring a hot tub", Smoky Mtn Memories is located in Pigeon Forge. The accommodation is 3.3 km from The Grand Majestic Theater, and guests benefit from complimentary WiFi and private parking available on site.,,,,
Tennessee,Sevierville,35.72336,-83.67721,A Slice Of Heaven Cabin,5.0,"""A Slice of Heaven is set in Sevierville", 20 km from Country Tonite Theatre, 22 km from Dolly Partons Stampede, as well as 27 km from Dollywood. The air-conditioned accommodation is 19 km from The Grand Majestic Theater, and guests benefit from private parking available on site and free WiFi.,,
Tennessee,Sevierville,35.70308,-83.64961,Rhody Cottage,5.0,"""Offering mountain views", Rhody Cottage is an accommodation located in Sevierville, 18 km from Country Tonite Theatre and 19 km from Smoky Mountain Opry. The air-conditioned accommodation is 18 km from The Grand Majestic Theater, and guests benefit from private parking available on site and free WiFi.,,,
Tennessee,Sevierville,35.71228,-83.66605,Almost Camping Too Cabin,5.0,"""Situated in Sevierville", 25 km from Dollywood, 25 km from Parrot Mountain & Gardens and 26 km from Sevier Distilling Company, Almost Camping Too Cabin features accommodation with a patio and free WiFi. The holiday home is 46 km from Seven Islands State Birding Park.,,,
Tennessee,Sevierville,35.73218,-83.60481,Southern Charm Cabin,5.0,"""Situated in Sevierville", 23 km from Dollywood, 23 km from Parrot Mountain & Gardens and 24 km from Sevier Distilling Company, Southern Charm Cabin features accommodation with a patio and free WiFi. The holiday home is 45 km from Seven Islands State Birding Park.,,,
Tennessee,Sevierville,35.75485,-83.60781,Wild At Heart by RedAwning,5.0,"""Situated in Sevierville", 20 km from Dollywood, 19 km from Parrot Mountain & Gardens and 15 km from Wild Bear Falls Indoor Waterpark, Wild At Heart Cabin features accommodation with a patio and free WiFi. The holiday home is 41 km from Seven Islands State Birding Park.,,,
Tennessee,Sevierville,35.76144,-83.55754,Hillbilly Hilton by RedAwning,5.0,"""Situated 10 km from Country Tonite Theatre", 11 km from Dollywood and 13 km from Ripleys Aquarium of the Smokies, Hillbilly Hilton features accommodation set in Pigeon Forge. With free private parking, the property is 4.6 km from Dolly Partons Stampede and 10 km from The Grand Majestic Theater.,,,
Tennessee,Sevierville,35.7083,-83.62466,Smokies Edge Cabin 3126,5.0,"""Featuring a patio", Smokies Edge Cabin 3126 Cabin is a holiday home, set in Wear Valley. The air-conditioned unit is 10 km from Gatlinburg.,,,,
Tennessee,Sevierville,35.74775,-83.60255,Soaring Eagle Lodge,5.0,"""Soaring Eagle Lodge Cabin is situated in Little Cove. The air-conditioned accommodation is 20 km from Sevierville", and guests benefit from complimentary WiFi and private parking available on site.,,,,,
Tennessee,Sevierville,35.76824,-83.57447,Parkview Vista Way Home 1353,5.0,"""Boasting air-conditioned accommodation with a patio", Parkview Vista Way Home 1353 is situated in Pigeon Forge. This property offers access to a balcony.,,,,,
Tennessee,Sevierville,35.78325,-83.46552,Time Stands Still,5.0,"""Time Stands Still is set in Shady Grove", 14 km from The Grand Majestic Theater and 15 km from Country Tonite Theatre, in an area where skiing can be enjoyed. It is located 11 km from Dolly Partons Stampede and provides free WiFi plus an ATM.,,,,
Tennessee,Sevierville,35.81137,-83.56279,Alpine Pool Lodge,5.0,"""Featuring a spa bath", Alpine Pool Lodge is situated in Pigeon Forge. It is located 1.6 km from Country Tonite Theatre and provides free WiFi plus an ATM.,,,,,
Tennessee,Sevierville,35.7859,-83.4743,Sweet William Lakefront,5.0,"""Boasting mountain views", Heavenly Dream features accommodation with a balcony and a coffee machine, around 10 km from Dolly Partons Stampede. Guests staying at this holiday home have access to free WiFi and a patio.,,,,
Tennessee,Sevierville,35.77089,-83.66701,Poolin Around,5.0,"""Located in Waldens Creek", Poolin Around provides a private pool and free WiFi. The air-conditioned accommodation is 18 km from Sevierville.,,,,,
Tennessee,Sevierville,35.79347,-83.54873,The Pillars,5.0,"""Featuring a spa bath", The Pillars is set in Pigeon Forge. This holiday home offers free private parking, an ATM and free WiFi.,,,,
Tennessee,Sevierville,35.7853,-83.556,Whispering Pines 424,5.0,"""Whispering Pines 424 in Pigeon Forge provides accommodation with free WiFi", 1.3 km from Dolly Partons Stampede, 4.4 km from The Grand Majestic Theater and 4.7 km from Country Tonite Theatre. Featuring a balcony, the apartment is in an area where guests can engage in activities such as skiing and cycling.,,,
Tennessee,Sevierville,35.77936,-83.6667,Cats Paw Cabin Cabin,5.0,"""Situated in Dupont Springs in the Tennessee region", Cats Paw Cabin Cabin has a patio. The air-conditioned accommodation is 31 km from Knoxville, and guests benefit from complimentary WiFi and private parking available on site.,,,,
Tennessee,Sevierville,35.818,-83.5746,Unit 3606,5.0,"""Set 800 metres from Country Tonite Theatre", 1.4 km from Smoky Mountain Opry and 5.7 km from Dolly Partons Stampede, Unit 3606 - MVC offers accommodation located in Pigeon Forge. The accommodation is less than 1 km from The Grand Majestic Theater, and guests benefit from complimentary WiFi and private parking available on site.,,,
Tennessee,Sevierville,35.818,-83.5748,Mvc Sweet Penthouse,5.0,"""Situated in Pigeon Forge", within less than 1 km of The Grand Majestic Theater and a 9-minute walk of Country Tonite Theatre, MVC - Sweet Penthouse offers accommodation with free WiFi, air conditioning and a terrace. This apartment is 16 km from Ripleys Aquarium of the Smokies and 44 km from Ijams Nature Center.,,,
Tennessee,Sevierville,35.818,-83.5746,Unit 3707 Sweet Wilderness,5.0,"""Set in Pigeon Forge", within less than 1 km of The Grand Majestic Theater and a 9-minute walk of Country Tonite Theatre, MVC - Unit 3707 - Sweet Wilderness offers accommodation with free WiFi, air conditioning and a terrace. The property has mountain views and is 5.7 km from Dolly Partons Stampede and 10 km from Dollywood.,,,
Tennessee,Sevierville,35.8185,-83.5746,Berry Patch Penthouse 3706,5.0,"""Featuring an outdoor pool and mountain views", MVC - Unit 3706 - Sweet Berry Patch is located in Pigeon Forge. The air-conditioned accommodation is less than 1 km from Country Tonite Theatre, and guests benefit from private parking available on site and free WiFi.,,,,
Tennessee,Sevierville,35.8182,-83.5743,Sweet Retreat 3504,5.0,"""MVC - Unit 3504 - Sweet Retreat has a patio and is situated in Pigeon Forge", within just 1.3 km of Smoky Mountain Opry and 1.3 km of The Grand Majestic Theater. The air-conditioned accommodation is less than 1 km from Country Tonite Theatre, and guests benefit from private parking available on site and free WiFi.,,,,
Tennessee,Sevierville,35.75199,-83.60724,Little Bearadise 2 Bathrooms Cabin,5.0,"""Little Bearadise Cabin is set in Sevierville", 16 km from Wild Bear Falls Indoor Waterpark, 21 km from Sevier Distilling Company, as well as 41 km from Forbidden Caverns. With free private parking, the property is 20 km from Dollywood and 20 km from Parrot Mountain & Gardens.,,
Tennessee,Sevierville,35.75531,-83.46746,Rise N Shine 3 Bathrooms Cabin,5.0,"""Featuring a hot tub", Rise N Shine is located in Gatlinburg. The accommodation is 12 km from Ripleys Aquarium of the Smokies, and guests benefit from private parking available on site and free WiFi.,,,,
Tennessee,Sevierville,35.77067,-83.57293,A View To Remember House Home,5.0,"""Located in Pigeon Forge in the Tennessee region", A View To Remember House Home features a patio. The air-conditioned accommodation is 6 km from Dolly Partons Stampede, and guests benefit from complimentary WiFi and private parking available on site.,,,,
Tennessee,Sevierville,35.80224,-83.48074,Smoky Mountain Memories,5.0,"""Featuring a hot tub", Smoky Mountain Memories is set in Seaton Spring. The air-conditioned accommodation is 16 km from Sevierville, and guests benefit from private parking available on site and free WiFi.,,,,
Tennessee,Sevierville,35.8179,-83.5735,Unit 1504,5.0,"""Situated in Pigeon Forge", within less than 1 km of The Grand Majestic Theater and a 10-minute walk of Country Tonite Theatre, MVC - Unit 5601 offers accommodation with free WiFi, air conditioning and a terrace. The property has mountain views and is 5.8 km from Dolly Partons Stampede and 10 km from Dollywood.,,,
Tennessee,Sevierville,35.8177,-83.5753,Unit 2402 My Favorite Condo,5.0,"""Situated 700 metres from Country Tonite Theatre", MVC - Unit 2103 - Berlin of the South features accommodation in Pigeon Forge with access to a hot tub. The accommodation is 800 metres from The Grand Majestic Theater, and guests benefit from complimentary WiFi and private parking available on site.,,,,
Tennessee,Sevierville,35.818,-83.5735,Unit 5206,5.0,"""Set in Pigeon Forge", less than 1 km from Country Tonite Theatre, 5.8 km from Dolly Partons Stampede and 10 km from Dollywood, MVC - Unit 5204 offers accommodation with a balcony and free WiFi. Located less than 1 km from The Grand Majestic Theater, the property provides a garden and free private parking.,,
Tennessee,Sevierville,35.8182,-83.5743,Unit 3303,5.0,"""Located in Pigeon Forge", within less than 1 km of The Grand Majestic Theater and a 9-minute walk of Country Tonite Theatre, MVC - Unit 3303 offers accommodation with free WiFi, air conditioning and a terrace. The property features mountain views and is 5.7 km from Dolly Partons Stampede and 10 km from Dollywood.,,,
Tennessee,Sevierville,35.78889,-83.4231,Enchanted Primrose #3709 2 Br Chalet,5.0,"""Located in Sevierville", 23 km from Dollywood and 19 km from Parrot Mountain & Gardens, Enchanted Primrose Chalet #3709 Chalet offers free WiFi and air conditioning. The property is 35 km from Forbidden Caverns and 45 km from Seven Islands State Birding Park.,,,,
Tennessee,Sevierville,35.8175,-83.5759,Unit 1503,5.0,"""Situated in Pigeon Forge", within 700 metres of The Grand Majestic Theater and 700 metres of Country Tonite Theatre, MVC - Unit 1302 - The Cove offers accommodation with free WiFi, air conditioning and a terrace. The property has mountain views and is 5.8 km from Dolly Partons Stampede and 10 km from Dollywood.,,,
Tennessee,Sevierville,35.8176,-83.5752,Unit 2403,5.0,"""MVC - Unit 2403 - Love Nest has a patio and is set in Pigeon Forge", within just 1.2 km of Smoky Mountain Opry and 1.2 km of The Grand Majestic Theater. The air-conditioned accommodation is 700 metres from Country Tonite Theatre, and guests benefit from private parking available on site and free WiFi.,,,,
Tennessee,Sevierville,35.818,-83.5746,Mvc Unit 5404,5.0,"""Set in Pigeon Forge", less than 1 km from The Grand Majestic Theater and a 9-minute walk from Country Tonite Theatre, MVC - Unit 5404 - Pigeon Roost offers accommodation with free WiFi, air conditioning and a terrace. The property has mountain views and is 5.7 km from Dolly Partons Stampede and 10 km from Dollywood.,,,
Tennessee,Sevierville,35.8175,-83.5759,Unit 1302 The Cove,5.0,"""Situated 700 metres from The Grand Majestic Theater", 700 metres from Country Tonite Theatre and 1.1 km from Smoky Mountain Opry, MVC - Unit 1302 - The Cove features accommodation located in Pigeon Forge. The property is 16 km from Ripleys Aquarium of the Smokies and 44 km from Ijams Nature Center.,,,,
Tennessee,Sevierville,35.818,-83.5746,Mvc Unit 3507,5.0,"""Set in Pigeon Forge", less than 1 km from The Grand Majestic Theater and a 9-minute walk from Country Tonite Theatre, MVC - Unit 3507 offers accommodation with free WiFi, air conditioning and a terrace. The property has mountain views and is 5.7 km from Dolly Partons Stampede and 10 km from Dollywood.,,,
Tennessee,Sevierville,35.818,-83.5746,Unit 3105,5.0,"""Situated in Pigeon Forge", less than 1 km from The Grand Majestic Theater and a 9-minute walk from Country Tonite Theatre, MVC - Unit 3105 features accommodation with free WiFi, air conditioning and a terrace. The property has mountain views and is 5.7 km from Dolly Partons Stampede and 10 km from Dollywood.,,,
Tennessee,Sevierville,35.7593,-83.50914,Splash Country Cabin,5.0,"""Located 11 km from Parrot Mountain & Gardens", 6 km from Wild Bear Falls Indoor Waterpark and 18 km from Sevier Distilling Company, Splash Country Cabin provides accommodation set in Sevierville. It is situated 11 km from Dollywood and features free WiFi and free private parking.,,,,
Tennessee,Sevierville,35.8173,-83.5758,Unit 1305,5.0,"""MVC - Unit 1305 is located in Pigeon Forge", 700 metres from The Grand Majestic Theater, 600 metres from Country Tonite Theatre, and 5.5 km from Dolly Partons Stampede. This apartment is 44 km from Ijams Nature Center and 47 km from Knoxville Zoological Gardens.,,,
Tennessee,Sevierville,35.81679,-83.57707,Unit 2705,5.0,"""Situated in Pigeon Forge", 500 metres from The Grand Majestic Theater and 500 metres from Country Tonite Theatre, MVC - Unit 2705 offers free WiFi and air conditioning. This apartment is 5.4 km from Dolly Partons Stampede and 10 km from Dollywood.,,,,
Tennessee,Sevierville,35.818,-83.5735,Unit 5204,5.0,"""Located less than 1 km from Country Tonite Theatre", 5.8 km from Dolly Partons Stampede and 10 km from Dollywood, MVC - Unit 5204 provides accommodation set in Pigeon Forge. The accommodation is less than 1 km from The Grand Majestic Theater, and guests benefit from private parking available on site and free WiFi.,,,
Tennessee,Sevierville,35.8177,-83.5759,Unit 1605,5.0,"""MVC - Unit 1605 features a patio and is set in Pigeon Forge", within just 1.2 km of Smoky Mountain Opry and 1.2 km of The Grand Majestic Theater. The air-conditioned accommodation is 700 metres from Country Tonite Theatre, and guests benefit from private parking available on site and free WiFi.,,,,
Tennessee,Sevierville,35.8183,-83.5735,Unit 5602 Belks Lodge,5.0,"""Boasting an outdoor pool and mountain views", MVC - Unit 5602 - Belks Lodge is set in Pigeon Forge. The air-conditioned accommodation is less than 1 km from Country Tonite Theatre, and guests benefit from complimentary WiFi and private parking available on site.,,,,
Tennessee,Sevierville,35.8181,-83.5746,Unit 3203 Mountain Dew,5.0,"""MVC - Unit 3203 - Mountain Dew has a patio and is set in Pigeon Forge", within just 1.3 km of Smoky Mountain Opry and 1.3 km of The Grand Majestic Theater. The air-conditioned accommodation is less than 1 km from Country Tonite Theatre, and guests benefit from complimentary WiFi and private parking available on site.,,,,
Tennessee,Sevierville,35.77871,-83.60198,Black Bear Overlook 3 Br Cabin,5.0,"""Offering free WiFi and mountain views", Black Bear Overlook is an accommodation located in Pigeon Forge. Featuring a balcony, the holiday home is in an area where guests can engage in activities such as skiing and cycling.,,,,
Tennessee,Sevierville,35.79329,-83.57594,Bear Creek 2 Br Cabin,5.0,"""Boasting a spa bath", Time to Cuddle is set in Pigeon Forge. The accommodation is 3 km from The Grand Majestic Theater, and guests benefit from private parking available on site and free WiFi.,,,,
Tennessee,Sevierville,35.7593,-83.50914,Ultimate Seclusion Cabin,5.0,"""Set 6 km from Wild Bear Falls Indoor Waterpark", 18 km from Sevier Distilling Company and 38 km from Forbidden Caverns, Ultimate Seclusion Cabin offers accommodation situated in Sevierville. With free private parking, the property is 11 km from Dollywood and 11 km from Parrot Mountain & Gardens.,,,
Tennessee,Sevierville,35.818,-83.5734,Hawks Nest Unit 5707,5.0,"""Situated in Pigeon Forge", less than 1 km from The Grand Majestic Theater and a 10-minute walk from Country Tonite Theatre, MVC - Unit 5707 - Hawks Nest features accommodation with free WiFi, air conditioning and a terrace. The property has mountain views and is 5.8 km from Dolly Partons Stampede and 10 km from Dollywood.,,,
Tennessee,Sevierville,35.70765,-83.61283,Streamsong Cabin,5.0,"""Streamsong Cabin is situated in Hatchertown. The air-conditioned accommodation is 23 km from Sevierville", and guests benefit from complimentary WiFi and private parking available on site.,,,,,
Tennessee,Sevierville,35.73715,-83.63949,Hatcher's Mountain Cabin,5.0,"""Offering mountain views", Hatchers Mountain is an accommodation set in Sevierville, 14 km from Country Tonite Theatre and 15 km from Smoky Mountain Opry. The air-conditioned accommodation is 14 km from The Grand Majestic Theater, and guests benefit from complimentary WiFi and private parking available on site.,,,
Tennessee,Sevierville,35.75943,-83.54939,A Timeless Event by RedAwning,5.0,"""Set in Pigeon Forge", 2.9 km from Dolly Partons Stampede and 7.8 km from The Grand Majestic Theater, A Timeless Event provides accommodation with amenities such as free WiFi and a TV. The holiday home is in an area where guests can engage in activities such as skiing and cycling.,,,,
Tennessee,Sevierville,35.75292,-83.49567,A Secret Splash Holiday home,5.0,"""Set in Cartertown", this air-conditioned apartment is 5 km from Gatlinburg. Guests benefit from terrace.,,,,,
Tennessee,Sevierville,35.81039,-83.46751,Endless Views Holiday Home,5.0,"""Endless Views (#54) Holiday home offers accommodation in Caton", 11 km from Gatlinburg. Guests benefit from terrace.,,,,,
Tennessee,Sevierville,35.81039,-83.46751,Paradise View Holiday Home,5.0,"""Paradise View (#24) Holiday home offers accommodation in Caton", 11 km from Gatlinburg and 8 km from Pigeon Forge. Guests benefit from terrace.,,,,,
Tennessee,Sevierville,35.81039,-83.46751,Mountain Dreams Holiday Home,5.0,"""Situated in Caton", this air-conditioned apartment is 11 km from Gatlinburg. The unit is 8 km from Pigeon Forge.,,,,,
Tennessee,Sevierville,35.81078,-83.46812,Summit Views Holiday Home,5.0,"""Situated in Caton", this air-conditioned apartment is 11 km from Gatlinburg. Guests benefit from terrace.,,,,,
Tennessee,Sevierville,35.81071,-83.46742,Above The Clouds Holiday Home,5.0,"""Above the Clouds (#75) Holiday home offers accommodation in Caton. The air-conditioned unit is 11 km from Gatlinburg.",,,,,,
Tennessee,Sevierville,35.80978,-83.46706,Spectacular Views Holiday Home,5.0,"""Set 11 km from Gatlinburg and 8 km from Pigeon Forge", Spectacular Views (#51) Holiday home offers accommodation in Caton. Guests benefit from terrace.,,,,,
Tennessee,Sevierville,35.81173,-83.4686,Heavenly Views Holiday home,5.0,"""Located 12 km from Gatlinburg", Heavenly Views (#97) Holiday home offers accommodation in Caton. The air-conditioned unit is 8 km from Pigeon Forge.,,,,,
Tennessee,Sevierville,35.80978,-83.46706,Ridgetop Retreat Holiday Home,5.0,"""Situated 11 km from Gatlinburg and 8 km from Pigeon Forge", Ridgetop Retreat (#50) Holiday home offers accommodation in Caton. Guests benefit from terrace.,,,,,
Tennessee,Sevierville,35.76391,-83.53551,Secluded Hideaway Holiday home,5.0,"""Situated in Conner Heights", this air-conditioned apartment is 6 km from Gatlinburg. Guests benefit from terrace.,,,,,
Tennessee,Sevierville,35.81384,-83.61581,Mayberry,5.0,"""Mayberry is situated in Sevierville", 4.5 km from The Grand Majestic Theater, 4.5 km from Country Tonite Theatre, and 9.3 km from Dolly Partons Stampede. This property offers access to a patio, free private parking and free WiFi.,,
Tennessee,Sevierville,35.74861,-83.69153,Creekside Hideaway Holiday Home,5.0,"""Located in Hornet", this air-conditioned apartment features a terrace. Guests benefit from balcony.,,,,,
Tennessee,Sevierville,35.78087,-83.59931,Sweet Retreat Holiday Home,5.0,"""Situated in Little Cove", this air-conditioned apartment is 11 km from Gatlinburg. The unit is 4.1 km from Pigeon Forge.,,,,,
Tennessee,Sevierville,35.85044,-83.60919,Swimming In Paradise Holiday Home,5.0,"""Swimming in Paradise Holiday home offers accommodation in New Era", 18 km from Gatlinburg. The air-conditioned unit is 9 km from Pigeon Forge.,,,,,
Tennessee,Sevierville,35.75641,-83.4777,A Secret Hideaway Holiday Home,5.0,"""A Secret Hideaway Holiday home offers accommodation in Oldham", 6 km from Gatlinburg and 8 km from Pigeon Forge. Guests benefit from terrace.,,,,,
Tennessee,Sevierville,35.73932,-83.66337,Mountain Dreams,5.0,"""Mountain Dreams - Spacious Retreat with Views is situated in Sevierville", 13 km from Dollywood and 15 km from Parrot Mountain & Gardens, in an area where skiing can be enjoyed. This property is 13 km from Wild Bear Falls Indoor Waterpark.,,,,
Tennessee,Sevierville,35.78357,-83.45644,Lots Of Lovin Holiday Home,5.0,"""Situated 9 km from Gatlinburg and 9 km from Pigeon Forge", Lots of Lovin Holiday home offers accommodation in Shady Grove. The air-conditioned unit is 37 km from Cherokee.,,,,,
Tennessee,Sevierville,35.78381,-83.44083,Big Bear Lodge Holiday Home,5.0,"""Big Bear Lodge Holiday home offers accommodation in Shady Grove. The air-conditioned unit is 10 km from Gatlinburg.",,,,,,
Tennessee,Sevierville,35.79713,-83.64605,Pinnacle Vista Holiday Home,5.0,"""Pinnacle Vista Holiday home offers accommodation in Waldens Creek", 15 km from Gatlinburg and 8 km from Pigeon Forge. Guests benefit from terrace.,,,,,
Tennessee,Sevierville,35.80768,-83.54651,Poplar Point Condo Unit 12B,3.0,"""Situated 5 km from Old Mill", 5 km from Dolly Partons Stampede and 7 km from The Grand Majestic Theater, Poplar Point Condo Unit 12F provides accommodation located in Pigeon Forge. This property offers access to a patio, free private parking and free WiFi.,,,
Tennessee,Sevierville,35.80768,-83.54651,Poplar Point Condo Unit 12E,3.0,"""Poplar Point Condo Unit 12B is set in Pigeon Forge", 4.4 km from Dollywood, 5 km from Dolly Partons Stampede, as well as 7.7 km from The Grand Majestic Theater. This property offers access to a patio, free private parking and free WiFi.,,
Tennessee,Sevierville,35.7706,-83.57281,Lazy Bear Lodge Home,5.0,"""Located in Pigeon Forge in the Tennessee region", Lazy Bear Lodge Home features a patio. The air-conditioned accommodation is 6 km from Dolly Partons Stampede, and guests benefit from complimentary WiFi and private parking available on site.,,,,
Tennessee,Sevierville,35.81516,-83.61599,Hakuna Matata,5.0,"""Set in Pigeon Forge", 5 km from Country Tonite Theatre and 5 km from The Grand Majestic Theater, Hakuna Matata offers accommodation with free WiFi, air conditioning, a seasonal outdoor swimming pool and a garden. Featuring free private parking, the holiday home is in an area where guests can engage in activities such as hiking, fishing and billiards.
Tennessee,Sevierville,35.815524,-83.616698,Arden Hill,3.0,,,,2007 Cougar Crossing Way  ,37862,,
Tennessee,Sevierville,35.70587,-83.67517,Luvin Logs Lodge Cabin,5.0,"""Offering mountain views", Luvin Logs Lodge is an accommodation set in Sevierville, 19 km from Country Tonite Theatre and 20 km from Smoky Mountain Opry. The air-conditioned accommodation is 19 km from The Grand Majestic Theater, and guests benefit from private parking available on site and free WiFi.,,,
Tennessee,Sevierville,35.77809,-83.43699,Hawks Vue Holiday Home,5.0,"""Located 10 km from Gatlinburg", Hawks Vue Holiday home offers accommodation in Zion Grove. Guests benefit from terrace.,,,,,
Tennessee,Sevierville,35.77322,-83.54137,Twin Hearts Cabin,5.0,"""Twin Hearts Cabin is a holiday home set in Pigeon Forge", 900 metres from Dixie Stampede. The holiday home is 2.1 km from Old Mill.,,,,,
Tennessee,Sevierville,35.70376,-83.665,Windy Ridge by RedAwning,5.0,"""Windy Ridge is located in Sevierville", 18 km from Country Tonite Theatre, 20 km from Dolly Partons Stampede, and 25 km from Dollywood. The accommodation is 18 km from The Grand Majestic Theater, and guests benefit from complimentary WiFi and private parking available on site.,,
Tennessee,Sevierville,35.80417,-83.57922,On Eagles Wings,5.0,"""Boasting a spa bath", On Eagles Wings is situated in Pigeon Forge. The air-conditioned accommodation is 1.2 km from The Grand Majestic Theater, and guests benefit from complimentary WiFi and private parking available on site.,,,,
Tennessee,Sevierville,35.80417,-83.57922,Always and Forever,5.0,"""Situated in Pigeon Forge and only 1.2 km from The Grand Majestic Theater", Always and Forever features accommodation with mountain views, free WiFi and free private parking. Guests staying at this holiday home have access to a patio.,,,,
Tennessee,Sevierville,35.80219,-83.6325,Ridgecrest Drive Cabin 1606 1 Br cabin by RedAwning,5.0,"""Ridgecrest Drive Cabin 1606 Cabin is a holiday home situated in Sevierville in the Tennessee Region and is 9 km from Dollywood. The holiday home is 10 km from Parrot Mountain & Gardens.",,,,,,
Tennessee,Sevierville,35.85991,-83.39969,A View To Remember Holiday home,5.0,"""A View To Remember Holiday home offers accommodation in Crockettsville", 19 km from Gatlinburg and 16 km from Pigeon Forge. The air-conditioned unit is 44 km from Cherokee.,,,,,
Tennessee,Sevierville,35.80874,-83.62149,Bear Nook,5.0,"""Featuring a spa bath", Bear Nook is located in Sevierville. The air-conditioned accommodation is 14 km from Dollywood, and guests benefit from complimentary WiFi and private parking available on site.,,,,
Tennessee,Sevierville,35.77328,-83.54126,Sugar Plum Cabin,5.0,"""Set in Pigeon Forge in the Tennessee Region", this holiday home is 900 metres from Dixie Stampede. The holiday home is 2.1 km from Old Mill.,,,,,
Tennessee,Sevierville,35.72776,-83.70568,Mountain Medicine Cabin,5.0,"""Mountain Medicine Cabin is a holiday home situated in Park Settlement in the Tennessee Region and is 17 km from Gatlinburg. The unit is 15 km from Pigeon Forge.",,,,,,
Tennessee,Sevierville,35.69819,-83.66149,Sunset Magic Cabin,5.0,"""Offering mountain views", Sunset Magic is an accommodation set in Sevierville, 20 km from Country Tonite Theatre and 21 km from Smoky Mountain Opry. The air-conditioned accommodation is 19 km from The Grand Majestic Theater, and guests benefit from private parking available on site and free WiFi.,,,
Tennessee,Sevierville,35.74923,-83.64264,Smoky Mountain Views Cabin,5.0,"""Featuring a spa bath", Smoky Mountain Views is located in Sevierville. With free private parking, the property is 17 km from The Grand Majestic Theater and 18 km from Country Tonite Theatre.,,,,
Tennessee,Sevierville,35.72419,-83.67665,Absolute Heaven Cabin,5.0,"""Situated 14 km from Gatlinburg and 13 km from Pigeon Forge", Absolute Heaven Cabin offers accommodation in Park Settlement. The unit is 43 km from Cherokee.,,,,,
Tennessee,Sevierville,35.80982,-83.46591,Soaring High,5.0,"""Offering free WiFi and mountain views", Soaring High is an accommodation located in Pigeon Forge. The holiday home is in an area where guests can engage in activities such as skiing and cycling.,,,,,
Tennessee,Sevierville,35.80768,-83.5465,Poplar Point Condo Unit 12A,5.0,"""Located in Pigeon Forge in the Tennessee region", Poplar Point Condo Unit 12A features a patio. The air-conditioned accommodation is 4.4 km from Dollywood, and guests benefit from private parking available on site and free WiFi.,,,,
Tennessee,Sevierville,35.81472,-83.62636,Mountain Journey Cabin,5.0,"""Situated in Sevierville", 15 km from Dollywood and 15 km from Parrot Mountain & Gardens, Mountain Journey Cabin offers free WiFi and air conditioning. The property is 33 km from Forbidden Caverns and 33 km from Seven Islands State Birding Park.,,,,
Tennessee,Sevierville,35.7706,-83.57281,Mountain View Lodge Home,5.0,"""Located in Pigeon Forge", 6 km from Dolly Partons Stampede and 6 km from Old Mill, Mountain View Lodge Home provides air-conditioned accommodation with a patio and free WiFi. Guests staying at this holiday home have access to a balcony.,,,,
Tennessee,Sevierville,35.80768,-83.54651,Poplar Point Condo Unit 12D,3.0,"""Poplar Point Condo Unit 12D is located in Pigeon Forge", 4.4 km from Dollywood, 5 km from Dolly Partons Stampede, and 7.7 km from The Grand Majestic Theater. This property offers access to a patio, free private parking and free WiFi.,,
Tennessee,Sevierville,35.77998,-83.60082,Birdnest Way Cabin 1258,5.0,"""Situated 8.8 km from The Grand Majestic Theater", Nothin but a Good Time features accommodation in Sevierville with access to a hot tub. Set 7.9 km from Dolly Partons Stampede, the property offers a fitness centre and free private parking.,,,,
Tennessee,Sevierville,35.72658,-83.60636,Sugar Camp Cabin 3424,5.0,"""Sugar Camp Cabin 3424 Cabin is a holiday home with a barbecue", located in Hatchertown in the Tennessee Region. The air-conditioned unit is 8 km from Gatlinburg.,,,,,
Tennessee,Sevierville,35.71014,-83.67031,Hunter Jack's Cabin,5.0,"""Hunter Jacks Cabin is a holiday home situated in Wear Valley", 14 km from Gatlinburg. The air-conditioned unit is 14 km from Pigeon Forge.,,,,,
Tennessee,Sevierville,35.79569,-83.57086,Hoot N Holler Chalet,5.0,"""Boasting a hot tub", Hoot-N-Holler is situated in Pigeon Forge. The accommodation is 2.5 km from The Grand Majestic Theater, and guests benefit from complimentary WiFi and private parking available on site.,,,,
Tennessee,Sevierville,35.75967,-83.51052,Cuddle Up Cabin,5.0,"""Located in McCookville", this holiday home is 5 km from Gatlinburg. Guests benefit from patio.,,,,,
Tennessee,Sevierville,35.73082,-83.66713,Simple Pleasures Cabin,5.0,"""Simple Pleasures Cabin is set in Sevierville", 28 km from Dollywood, 27 km from Parrot Mountain & Gardens, as well as 28 km from Sevier Distilling Company. Guests staying at this holiday home have access to free WiFi and a fully equipped kitchen.,,,
Tennessee,Sevierville,35.74838,-83.61638,Mountain Tyme Lodge Cabin,5.0,"""Mountain Tyme Lodge Cabin is located in Little Cove. The air-conditioned accommodation is 19 km from Sevierville", and guests benefit from private parking available on site and free WiFi.,,,,,
Tennessee,Sevierville,35.75899,-83.55083,Vista Point by RedAwning,5.0,"""Boasting mountain views", Vista Point - Pigeon Forge, TN by TS provides accommodation with a terrace and a balcony, around 8.3 km from The Grand Majestic Theater. Situated 3.4 km from Dolly Partons Stampede, the property features an outdoor swimming pool and free private parking.,,
Tennessee,Sevierville,35.78367,-83.64228,Cottage By The Creek,4.0,"""Situated in Sevierville", 15 km from Dollywood and 15 km from Parrot Mountain & Gardens, Cottage by the Creek features accommodation with free WiFi, air conditioning, a garden and barbecue facilities. Boasting free private parking, the holiday home is in an area where guests can engage in activities such as hiking and billiards.,
Tennessee,Sevierville,35.79622,-83.4959,A View from the Top,5.0,,,,2274 Windy Ln  ,37876,,
Tennessee,Sevierville,35.8,-83.57328,Eagles Roost Cabin,5.0,"""Eagles Roost Cabin is a holiday home with a barbecue", located in Pigeon Forge. Guests benefit from patio.,,,,,
Tennessee,Sevierville,35.79149,-83.59867,Priscilla Heights Lane Cabin 3203,5.0,"""Priscilla Heights Lane Cabin 3203 Cabin is a holiday home with a patio", located in Pigeon Forge. The air-conditioned unit is 3.2 km from The Grand Majestic Theater.,,,,,
Tennessee,Sevierville,35.74589,-83.61083,Wears Mountain Lane Cabin 3668,5.0,"""Wears Mountain Lane Cabin 3668 Cabin is a holiday home situated in Little Cove in the Tennessee Region and is 9 km from Gatlinburg. Guests benefit from patio.",,,,,,
Tennessee,Sevierville,35.8132,-83.56593,Pure Country Cabin,5.0,"""Pure Country Cabin is a holiday home with a hot tub", located in Pigeon Forge. The holiday home is 800 metres from The Grand Majestic Theater.,,,,,
Tennessee,Sevierville,35.78826,-83.44503,Mountain Overlook Way Cabin 3403,5.0,"""Mountain Overlook Way Cabin 3403 Cabin is a holiday home with a barbecue", located in Caton. Guests benefit from patio.,,,,,
Tennessee,Sevierville,35.7115,-83.61887,Awestruck Cabin,5.0,"""Awestruck Cabin is a holiday home with a barbecue", located in Hatchertown. Guests benefit from balcony.,,,,,
Tennessee,Sevierville,35.75335,-83.65158,Emerald Springs Loop Cabin 3286,5.0,"""Situated in Hatchertown in the Tennessee Region", this holiday home is 13 km from Gatlinburg. Guests benefit from patio and a barbecue.,,,,,
Tennessee,Sevierville,35.8018,-83.58138,What A View,5.0,"""Situated in Pigeon Forge", What A View offers a terrace with city and mountain views, as well as a year-round outdoor pool, indoor pool and fitness centre. Boasting free private parking, the apartment is in an area where guests can engage in activities such as hiking and skiing.,,
Tennessee,Sevierville,35.76521,-83.53398,Moonshine Cabin,5.0,"""Situated in Pigeon Forge", 7 km from Dolly Partons Stampede and 8 km from Old Mill, Moonshine Cabin features air-conditioned accommodation with a patio and free WiFi. This property offers access to a pool table, ping-pong and free private parking.,,,
Tennessee,Sevierville,35.8047,-83.63919,New Song Cabin #363092,5.0,"""Set in Sevierville", 11 km from The Grand Majestic Theater and 11 km from Country Tonite Theatre, New Song Appalachian Chink Style Cabin provides accommodation with amenities such as free WiFi and a TV. This holiday home is 13 km from Dolly Partons Stampede and 18 km from Dollywood.,,,,
Tennessee,Sevierville,35.76983,-83.57406,Cherokee Wind Cabin 1225 Cabin,5.0,"""Featuring air-conditioned accommodation with a balcony", Cherokee Wind Cabin 1225 Cabin is situated in Pigeon Forge. This holiday home is 8 km from The Grand Majestic Theater and 8 km from Country Tonite Theatre.,,,,,
Tennessee,Sevierville,35.75563,-83.49801,1304 Pine Trail Cabin,5.0,"""Located in Pigeon Forge in the Tennessee region", 1304 Pine Trail Cabin features a patio. The air-conditioned accommodation is 6 km from Dolly Partons Stampede, and guests benefit from complimentary WiFi and private parking available on site.,,,,
Tennessee,Sevierville,35.81137,-83.46892,Incredible Views Holiday Home,5.0,"""Located in Caton", this air-conditioned apartment features a terrace. Guests benefit from balcony.,,,,,
Tennessee,Sevierville,35.79458,-83.6062,My Happy Place,5.0,"""Located 3.5 km from The Grand Majestic Theater in Pigeon Forge", this holiday home features free WiFi and a balcony. The air-conditioned unit is 3.7 km from Country Tonite Theatre. Free private parking is available on site.,,,,,
Tennessee,Sevierville,35.75905,-83.58875,Apple Farm Cabin,5.0,"""Apple Farm Cabin offers accommodation in Little Cove. Guests benefit from balcony.",,,,,,
Tennessee,Sevierville,35.70054,-83.66042,Bearmont Lodge Cabin,5.0,"""Bearmont Lodge Cabin is a holiday home with a patio", located in Line Spring. The air-conditioned unit is 13 km from Gatlinburg.,,,,,
Tennessee,Sevierville,35.73877,-83.64794,Changes in Latitude Cabin,5.0,"""Changes in Latitude Cabin is a holiday home with a barbecue", situated in Hatchertown in the Tennessee Region. The air-conditioned unit is 12 km from Gatlinburg.,,,,,
Tennessee,Sevierville,35.75395,-83.60793,Heaven's Cove Cabin,5.0,"""Heavens Cove Cabin is a holiday home with a hot tub", situated in Little Cove. Guests benefit from patio.,,,,,
Tennessee,Sevierville,35.80412,-83.57939,Rolling in the Hay,5.0,"""Boasting a spa bath", Rolling in the Hay is set in Pigeon Forge. This property offers access to a patio and free private parking.,,,,,
Tennessee,Sevierville,35.76768,-83.5743,A Suite Mountain View Home,5.0,"""Located in Pigeon Forge in the Tennessee region", A Suite Mountain View Home features a patio. The air-conditioned accommodation is 6 km from Dolly Partons Stampede, and guests benefit from private parking available on site and free WiFi.,,,,
Tennessee,Sevierville,35.77061,-83.57283,Bare Fu't Chateau Home,5.0,"""Situated in Pigeon Forge", Bare Fut Chateau Home features accommodation with a private pool. The air-conditioned accommodation is 6 km from Dolly Partons Stampede, and guests benefit from private parking available on site and free WiFi.,,,,
Tennessee,Sevierville,35.77068,-83.57296,Country Cozy Home,5.0,"""Located in Pigeon Forge in the Tennessee region", Country Cozy Home features a patio. The air-conditioned accommodation is 6 km from Dolly Partons Stampede, and guests benefit from complimentary WiFi and private parking available on site.,,,,
Tennessee,Sevierville,35.77057,-83.57326,Smoky Mountain Lodge Home,5.0,"""Featuring accommodation with a private pool", Smoky Mountain Lodge Home is located in Pigeon Forge. The air-conditioned accommodation is 6 km from Dolly Partons Stampede, and guests benefit from private parking available on site and free WiFi.,,,,
Tennessee,Sevierville,35.77057,-83.57347,A River Runs Through It Cabin,5.0,"""Set in Pigeon Forge in the Tennessee region", A River Runs Through It Cabin features a patio. The air-conditioned accommodation is 6 km from Dolly Partons Stampede, and guests benefit from private parking available on site and free WiFi.,,,,
Tennessee,Sevierville,35.76907,-83.57433,Soaring Spirit Home,5.0,"""Situated in Pigeon Forge in the Tennessee region", Soaring Spirit Home has a patio. This property offers access to a balcony, free private parking and free WiFi.,,,,
Tennessee,Sevierville,35.75746,-83.61387,Summit Pool Lodge,5.0,"""Set in Little Cove", 11 km from The Grand Majestic Theater and 11 km from Country Tonite Theatre, Summit Pool Lodge offers free WiFi and air conditioning. It is located 13 km from Dolly Partons Stampede and offers an ATM.,,,,
Tennessee,Sevierville,35.76687,-83.5693,A Mountain Paradise Cabin,5.0,"""Set in Pigeon Forge in the Tennessee region", A Mountain Paradise Cabin features a patio. The air-conditioned accommodation is 5 km from Dolly Partons Stampede, and guests benefit from complimentary WiFi and private parking available on site.,,,,
Tennessee,Sevierville,35.70108,-83.66304,Can't Wait to Hibernate,5.0,"""Cant Wait to Hibernate is located in Sevierville", 18 km from Country Tonite Theatre, 21 km from Dolly Partons Stampede, as well as 25 km from Dollywood. The air-conditioned accommodation is 18 km from The Grand Majestic Theater, and guests benefit from private parking available on site and free WiFi.,,
Tennessee,Sevierville,35.76448,-83.5461,Sugar Bear Mountain 3 Br cabin by RedAwning,5.0,"""Located 1.7 km from Dixie Stampede", Sugar Bear Mountain? Cabin offers accommodation in Pigeon Forge. Guests benefit from balcony.,,,,,
Tennessee,Sevierville,35.83566,-83.66384,Paw Prints,5.0,"""Paw Prints is located in Sevierville", 12 km from Country Tonite Theatre, 16 km from Dolly Partons Stampede, and 24 km from Dollywood. The air-conditioned accommodation is 12 km from The Grand Majestic Theater, and guests benefit from complimentary WiFi and private parking available on site.,,
Tennessee,Sevierville,35.80384,-83.57917,Hanky Panky,5.0,"""Hanky Panky is situated in Pigeon Forge", 1.1 km from The Grand Majestic Theater, 1.7 km from Country Tonite Theatre, and 2.8 km from Smoky Mountain Opry. This property offers access to a patio and free private parking.,,,
Tennessee,Sevierville,35.75076,-83.39362,Foxwood Mansion Cabin,5.0,"""Situated in Pittman Center", 13 km from Ripleys Aquarium of the Smokies and 21 km from Dolly Partons Stampede, Foxwood Mansion Cabin offers free WiFi and air conditioning. Boasting free private parking, the holiday home is in an area where guests can engage in activities such as skiing and cycling.,,,
Tennessee,Sevierville,35.73031,-83.60811,A Kings Lodge,5.0,"""Situated in Sevierville in the Tennessee region", A Kings Lodge has a patio. The air-conditioned accommodation is 15 km from The Grand Majestic Theater, and guests benefit from private parking available on site and free WiFi.,,,,
Tennessee,Sevierville,35.7706,-83.57281,A Suitetastic View Home,5.0,"""Situated in Pigeon Forge in the Tennessee region", A Suitetastic View Home has a balcony. This property offers access to a patio, free private parking and free WiFi.,,,,
Tennessee,Sevierville,35.76768,-83.5743,Place Of The Blue Smoke Home,5.0,"""Situated in Pigeon Forge in the Tennessee region", Place Of The Blue Smoke Home has a patio. This property offers access to a balcony, free private parking and free WiFi.,,,,
Tennessee,Sevierville,35.77047,-83.57355,Mountain Romance Home,5.0,"""Set in Pigeon Forge in the Tennessee region", Mountain Romance Home has a patio. The air-conditioned accommodation is 6 km from Dolly Partons Stampede, and guests benefit from complimentary WiFi and private parking available on site.,,,,
Tennessee,Sevierville,35.77057,-83.57322,Sleepy Shamrock Home,5.0,"""Set in Pigeon Forge in the Tennessee region", Sleepy Shamrock Home features a patio. The air-conditioned accommodation is 6 km from Dolly Partons Stampede, and guests benefit from private parking available on site and free WiFi.,,,,
Tennessee,Sevierville,35.72231,-83.67565,Bearadise Cabin,5.0,"""Bearadise Cabin is a holiday home situated in Park Settlement in the Tennessee Region and is 14 km from Gatlinburg. Guests benefit from patio and a barbecue.",,,,,,
Tennessee,Sevierville,35.81027,-83.46634,Bella Vista,5.0,"""Boasting a spa bath", Bella Vista is set in Sevierville. With free private parking, the property is 11 km from Dolly Partons Stampede and 15 km from The Grand Majestic Theater.,,,,
Tennessee,Sevierville,35.7677,-83.66861,Bearly Lovers,5.0,"""Set in Gatlinburg", just 12 km from The Grand Majestic Theater, Bearly Lovers offers accommodation with a garden, a terrace, barbecue facilities and free WiFi. Boasting free private parking, the holiday home is in an area where guests can engage in activities such as hiking, skiing and fishing.
Tennessee,Sevierville,35.71889,-83.69685,Wolfsong Lodge Cabin,5.0,"""Wolfsong Lodge Cabin is located in Park Settlement. The air-conditioned accommodation is 27 km from Sevierville", and guests benefit from complimentary WiFi and private parking available on site.,,,,,
Tennessee,Sevierville,35.73902,-83.6718,Morgan's Lookout,5.0,"""Extravagant View Cabin is located in Park Settlement. The air-conditioned accommodation is 29 km from Sevierville", and guests benefit from complimentary WiFi and private parking available on site.,,,,,
Tennessee,Sevierville,35.71228,-83.66605,Almost Camping by RedAwning,5.0,"""Almost Camping Cabin is a holiday home with a patio", situated in Wear Valley in the Tennessee Region. The unit is 13 km from Gatlinburg.,,,,,
Tennessee,Sevierville,35.7885,-83.5387,1502 Happy Time Bear by RedAwning,5.0,"""Boasting mountain views", Happy Time Bear 1502 provides accommodation with a balcony and a coffee machine, around 1.7 km from Dolly Partons Stampede. Featuring free private parking, the apartment is in an area where guests can engage in activities such as skiing and cycling.,,,
Tennessee,Sevierville,35.77426,-83.67099,Mountaintop Paradise,5.0,"""Located 10 km from The Grand Majestic Theater", Mountaintop Paradise offers accommodation in Pigeon Forge. You can relax by the seasonal outdoor pool in the garden and make use of the barbecue.,,,,,
Tennessee,Sevierville,35.81475,-83.61548,Enchanted Forest,5.0,"""Featuring free WiFi", Enchanted Forest is located in Sevierville, 9 km away from Pigeon Forge city centre. The accommodation boasts a spa bath in 1 of the 2 bathrooms and an outdoor hot tub.,,,,
Tennessee,Sevierville,35.7568,-83.59714,Mountain Memories,,"""Set in Pigeon Forge", 9 km from Old Mill and 10 km from Dolly Partons Stampede, Mountain Memories offers air-conditioned accommodation with a balcony and free WiFi. Featuring free private parking, the holiday home is in an area where guests can engage in activities such as hiking, skiing and billiards.,,
Tennessee,Sevierville,35.76986,-83.57404,Dream Catcher Home,5.0,"""Situated in Pigeon Forge in the Tennessee region", Dream Catcher Home has a patio. The air-conditioned accommodation is 6 km from Dolly Partons Stampede, and guests benefit from complimentary WiFi and private parking available on site.,,,,
Tennessee,Sevierville,35.89405,-83.48105,Mountain Lake Lodge Cabin,5.0,"""Mountain Lake Lodge Cabin is located in Sevierville", 15 km from Parrot Mountain & Gardens and 13 km from Sevier Distilling Company, in an area where cycling can be enjoyed. The air-conditioned accommodation is 19 km from Dollywood, and guests benefit from private parking available on site and free WiFi.,,,
Tennessee,Sevierville,35.69678,-83.65346,3506 Jakes Ridge Way Home,5.0,"""Located in Line Spring in the Tennessee region", 3506 Jakes Ridge Way Home features a patio. The air-conditioned accommodation is 26 km from Sevierville, and guests benefit from complimentary WiFi and private parking available on site.,,,,
Tennessee,Sevierville,35.74886,-83.69407,Foolin Around,5.0,"""Located 16 km from Gatlinburg", Foolin Around offers accommodation in Hornet. The unit is 13 km from Pigeon Forge.,,,,,
Tennessee,Sevierville,35.71328,-83.66782,Happy Hollow by RedAwning,5.0,"""Offering mountain views", Happy Hollow is an accommodation located in Sevierville, 18 km from Country Tonite Theatre and 19 km from Smoky Mountain Opry. The air-conditioned accommodation is 18 km from The Grand Majestic Theater, and guests benefit from complimentary WiFi and private parking available on site.,,,
Tennessee,Sevierville,35.76112,-83.51101,Bearly Rustic Cabin,5.0,"""Situated in McCookville", this holiday home is 6 km from Gatlinburg. The unit is 5 km from Pigeon Forge.,,,,,
Tennessee,Sevierville,35.7702,-83.64278,Eagles Ridge Cabin,5.0,"""Eagles Ridge Cabin offers accommodation in Cove Creek Cascades", 13 km from Gatlinburg and 8 km from Pigeon Forge. The unit is 44 km from Cherokee.,,,,,
Tennessee,Sevierville,35.76713,-83.57486,Tucked Away Home,5.0,"""Located in Pigeon Forge", 6 km from Dolly Partons Stampede and 7 km from Old Mill, Tucked Away Home provides air-conditioned accommodation with a patio and free WiFi. Guests staying at this holiday home have access to a balcony.,,,,
Tennessee,Sevierville,35.78511,-83.5705,Big Pine Lodge by RedAwning,5.0,"""Located in Pigeon Forge", 3.7 km from Dolly Partons Stampede, 4.3 km from The Grand Majestic Theater and 4.6 km from Country Tonite Theatre, Big Pine Lodge provides accommodation with a patio and free WiFi. The property is 14 km from Ripleys Aquarium of the Smokies and 48 km from Ijams Nature Center.,,,
Tennessee,Sevierville,35.7593,-83.5523,King's Mountain Lodge,5.0,"""Set in Pigeon Forge", 4.5 km from Dolly Partons Stampede and 9.4 km from The Grand Majestic Theater, Poolin Around with Private Hot Tub and Indoor Pool offers air-conditioned accommodation with a balcony and free WiFi. Featuring a private pool, the holiday home is in an area where guests can engage in activities such as horse riding, fishing and canoeing.,,
Tennessee,Sevierville,35.77054,-83.57349,Chateaux Nirvana Home,5.0,"""Situated in Pigeon Forge in the Tennessee region", Chateaux Nirvana Home has a patio. The air-conditioned accommodation is 6 km from Dolly Partons Stampede, and guests benefit from complimentary WiFi and private parking available on site.,,,,
Tennessee,Sevierville,35.79026,-83.57771,Smoochin' Moose by Hosteeva,5.0,"""Boasting a spa bath", Smoochin Moose is situated in Pigeon Forge. The accommodation is 3.7 km from The Grand Majestic Theater, and guests benefit from private parking available on site and free WiFi.,,,,
Tennessee,Sevierville,35.75367,-83.49292,Alone at Last by Hosteeva,5.0,"""Alone at Last - Sage Vacations", a property with a terrace and barbecue facilities, is located in Pigeon Forge, 11 km from Ripleys Aquarium of the Smokies, 12 km from The Grand Majestic Theater, as well as 12 km from Country Tonite Theatre. The air-conditioned accommodation is 6.7 km from Dolly Partons Stampede, and guests benefit from private parking available on site and free WiFi.
Tennessee,Sevierville,35.76874,-83.57435,Life Is Good Home,5.0,"""Situated in Pigeon Forge in the Tennessee region", Life Is Good Home has a patio. The air-conditioned accommodation is 6 km from Dolly Partons Stampede, and guests benefit from complimentary WiFi and private parking available on site.,,,,
Tennessee,Sevierville,35.73222,-83.65357,Moose Tracks Cabin,5.0,"""Moose Tracks Cabin is located in Sevierville", 24 km from Dollywood, 24 km from Parrot Mountain & Gardens, as well as 25 km from Sevier Distilling Company. The holiday home is 46 km from Seven Islands State Birding Park.,,,
Tennessee,Sevierville,35.75062,-83.66127,North Clear Fork Cabin 3161,5.0,"""Situated in Hatchertown in the Tennessee Region", this holiday home is 14 km from Gatlinburg. The air-conditioned unit is 11 km from Pigeon Forge.,,,,,
Tennessee,Sevierville,35.71524,-83.61193,Lookout Lodge Too Cabin,5.0,"""Lookout Lodge Too Cabin is situated in Hatchertown. The accommodation is 23 km from Sevierville", and guests benefit from private parking available on site and free WiFi.,,,,,
Tennessee,Sevierville,35.6942,-83.65482,Acorn Ridge Cabin,5.0,"""Acorn Ridge Cabin is located in Line Spring. The accommodation is 27 km from Sevierville", and guests benefit from complimentary WiFi and private parking available on site.,,,,,
Tennessee,Sevierville,35.74107,-83.64194,Spurling Hill Way Cabin 2830,5.0,"""Featuring a barbecue", Spurling Hill Way Cabin 2830 Cabin is a holiday home located in Hatchertown. The air-conditioned unit is 12 km from Gatlinburg.,,,,,
Tennessee,Sevierville,35.73979,-83.64074,Heintooga Cabin,5.0,"""Heintooga Cabin is a holiday home with a patio", set in Hatchertown. The air-conditioned unit is 12 km from Gatlinburg.,,,,,
Tennessee,Sevierville,35.80577,-83.64067,Cornerstone Cabin,5.0,"""Cornerstone Cabin is a holiday home located in Sevierville", 10 km from Dollywood. The air-conditioned unit is 11 km from Parrot Mountain & Gardens.,,,,,
Tennessee,Sevierville,35.81035,-83.46757,Breathtaking View by RedAwning,5.0,"""Boasting a seasonal outdoor swimming pool", a fitness centre, and a terrace, Breathtaking View, Free Wifi features accommodation in Sevierville with free WiFi and mountain views. Featuring free private parking, the holiday home is in an area where guests can engage in activities such as hiking and tennis.,
Tennessee,Sevierville,35.77065,-83.57289,Eagle's Nest Home,5.0,"""Situated in Pigeon Forge in the Tennessee region", Eagles Nest Home has a patio. The air-conditioned accommodation is 6 km from Dolly Partons Stampede, and guests benefit from complimentary WiFi and private parking available on site.,,,,
Tennessee,Sevierville,35.76138,-83.54855,Elegant Escape by RedAwning,5.0,"""Offering free WiFi and mountain views", Elegant Escape is an accommodation situated in Pigeon Forge. The holiday home is in an area where guests can engage in activities such as skiing and cycling.,,,,,
Tennessee,Sevierville,35.8177,-83.5753,Mountain View 2102 by RedAwning,5.0,"""Offering barbecue facilities and mountain view", MVC - Unit 2103 - Berlin of the South is situated in Pigeon Forge, 700 metres from Country Tonite Theatre and 1.2 km from Smoky Mountain Opry. This apartment provides air-conditioned accommodation with a patio and free WiFi.,,,,
Tennessee,Sevierville,35.76966,-83.57415,Smoky's Summit Home,5.0,"""Situated in Pigeon Forge in the Tennessee region", Smokys Summit Home has a patio. The air-conditioned accommodation is 6 km from Dolly Partons Stampede, and guests benefit from private parking available on site and free WiFi.,,,,
Tennessee,Sevierville,35.69541,-83.65626,Bear Hug Too Cabin,5.0,"""Bear Hug Too Cabin is located in Line Spring", 20 km from Country Tonite Theatre, 21 km from Smoky Mountain Opry, as well as 23 km from Dolly Partons Stampede. The accommodation is 20 km from The Grand Majestic Theater, and guests benefit from complimentary WiFi and private parking available on site.,,
Tennessee,Sevierville,35.79741,-83.64648,1939 Smoky Cove Cabin,5.0,"""1939 Smoky Cove Cabin", a property with a restaurant, is located in Waldens Creek, 10 km from Country Tonite Theatre, 12 km from Dolly Partons Stampede, as well as 17 km from Dollywood. The air-conditioned accommodation is 10 km from The Grand Majestic Theater, and guests benefit from complimentary WiFi and private parking available on site.
Tennessee,Sevierville,35.75409,-83.60901,Olde Tyme Way Cabins 3526,5.0,"""Olde Tyme Way Cabins 3526 Cabin is a holiday home with a barbecue", situated in Little Cove. The air-conditioned unit is 10 km from Gatlinburg.,,,,,
Tennessee,Sevierville,35.74431,-83.60293,Dogwood Cabin 2606 by RedAwning,5.0,"""Dogwood Cabin 2606 Cabin offers accommodation in Little Cove. Guests benefit from balcony and a barbecue.",,,,,,
Tennessee,Sevierville,35.8154,-83.61601,Mountain Blessings,5.0,"""Located in Sevierville in the Tennessee region", Mountain Blessings cabin features a patio. This holiday home is 12 km from Sevier Distilling Company and 17 km from Wild Bear Falls Indoor Waterpark.,,,,,
Tennessee,Sevierville,35.72703,-83.67567,Run To The Hills Cabin,5.0,"""Offering mountain views", Run to the Hills is an accommodation located in Sevierville, 21 km from Country Tonite Theatre and 22 km from Smoky Mountain Opry. The air-conditioned accommodation is 20 km from The Grand Majestic Theater, and guests benefit from complimentary WiFi and private parking available on site.,,,
Tennessee,Sevierville,35.7061,-83.63372,Dogwood Cabin,5.0,"""Set 10 km from Gatlinburg and 12 km from Pigeon Forge", Dogwood Cabin offers accommodation in Wear Valley. Guests benefit from patio.,,,,,
Tennessee,Sevierville,35.70666,-83.67549,Moonlight Magic Cabin,5.0,"""Offering mountain views", Moonlight Magic is an accommodation situated in Sevierville, 19 km from Country Tonite Theatre and 20 km from Smoky Mountain Opry. The air-conditioned accommodation is 19 km from The Grand Majestic Theater, and guests benefit from private parking available on site and free WiFi.,,,
Tennessee,Sevierville,35.76271,-83.6047,Around the Mountain,5.0,"""Around the Mountain is set in Sevierville", 8.4 km from Dolly Partons Stampede, 12 km from The Grand Majestic Theater, and 13 km from Country Tonite Theatre. This property offers access to a patio, free private parking and free WiFi.,,
Tennessee,Sevierville,35.77986,-83.60066,Splash Mountain Lodge,5.0,"""Featuring air conditioning", Splash Mountain Lodge is set in Little Cove, 11 km from Gatlinburg. Pigeon Forge is 4.3 km away.,,,,
Tennessee,Sevierville,35.81173,-83.4686,A Glimpse Of Heaven,5.0,"""A Glimpse of Heaven is set in Sevierville", 6 km from Dollywood. Parrot Mountain & Gardens is 5 km away.,,,,,
Tennessee,Sevierville,35.73301,-83.66853,Bear Haven Cabin,5.0,"""Bear Haven Cabin in Sevierville provides accommodation with free WiFi", 28 km from Dollywood, 28 km from Parrot Mountain & Gardens and 29 km from Sevier Distilling Company. The holiday home is 49 km from Seven Islands State Birding Park.,,,,
Tennessee,Sevierville,35.72844,-83.67239,Timberwolf Sevierville Cabin,5.0,"""Set in Park Settlement in the Tennessee region", Timberwolf - Sevierville Cabin features a patio. The accommodation is 27 km from Sevierville.,,,,,
Tennessee,Sevierville,35.7885,-83.5387,1103 Smoky Bear by RedAwning,5.0,"""Set in Pigeon Forge", 1.7 km from Dolly Partons Stampede and 5.6 km from The Grand Majestic Theater, Smoky Bear 1103 offers air conditioning. The property features mountain views and is 5.9 km from Country Tonite Theatre and 6.8 km from Dollywood.,,,,
Tennessee,Sevierville,35.80768,-83.54651,Briarstone Lodge Condo 13F,5.0,"""Set in Pigeon Forge in the Tennessee region", Briarstone Lodge Condo 13F features a patio. The air-conditioned accommodation is 4.4 km from Dollywood, and guests benefit from complimentary WiFi and private parking available on site.,,,,
Tennessee,Sevierville,35.78343,-83.6231,Knockin' On Heaven's Door,5.0,"""Offering a community outdoor pool and private hot tub", Knockin on Heavens Door is situated in Waldens Creek in the Tennessee Region 13 km from Gatlinburg. The accommodation is air conditioned and comes with a spa bath. Pigeon Forge is 6 km from the property. Free private parking is available on site.,,,,,
Tennessee,Sevierville,35.80778,-83.4668,On Eagle's Wings,5.0,"""Set in Sevierville", 12 km from Gatlinburg, On Eagles Wings offers barbecue facilities and free WiFi. The accommodation features a spa bath and a hot tub.,,,,
Tennessee,Sevierville,35.79113,-83.59902,Cabin Fever,5.0,"""Set 4.8 km from Country Tonite Theatre", Cabin Fever offers accommodation in Pigeon Forge with access to a hot tub. Located 4.5 km from The Grand Majestic Theater, the property provides a fitness centre and free private parking.,,,,
Tennessee,Sevierville,35.77798,-83.60326,Theatre In The Mountains by RedAwning,5.0,"""Featuring a garden", a terrace, and a bar, Theatre in the Mountains - Pigeon Forge, TN by TS provides accommodation in Sevierville with free WiFi and garden views. With free private parking, the property is 8.5 km from The Grand Majestic Theater and 8.8 km from Country Tonite Theatre.,
Tennessee,Sevierville,35.79944,-83.54554,Hidden Hollow Cabin,5.0,"""Set 2.7 km from Dolly Partons Stampede", 5 km from The Grand Majestic Theater and 6 km from Country Tonite Theatre, Hidden Hollow Cabin offers accommodation located in Pigeon Forge. The accommodation is 2.3 km from Old Mill, and guests benefit from complimentary WiFi and private parking available on site.,,,
Tennessee,Sevierville,35.76192,-83.6192,Choose Joy Cabin,5.0,"""Choose Joy Cabin is located in Cove Creek Cascades. The air-conditioned accommodation is 16 km from Sevierville.",,,,,,
Tennessee,Sevierville,35.80417,-83.57922,Sweetpea,5.0,"""Sweetpeas is set in Pigeon Forge", 1.7 km from Country Tonite Theatre, 4.2 km from Dolly Partons Stampede, and 9 km from Dollywood. The air-conditioned accommodation is 1.2 km from The Grand Majestic Theater, and guests benefit from complimentary WiFi and private parking available on site.,,
Tennessee,Sevierville,35.79743,-83.6245,Windsong,5.0,"""Located in Sevierville", 15 km from Dollywood, 15 km from Parrot Mountain & Gardens and 16 km from Sevier Distilling Company, Windsong provides accommodation with a patio and free WiFi. The holiday home is 50 km from Seven Islands State Birding Park.,,,
Tennessee,Sevierville,35.77395,-83.67376,Hogwartz of the Smokies Cabin,5.0,"""Offering accommodation with air conditioning", Hogwartz of the Smokies Cabin is situated in Dupont Springs, 16 km from Gatlinburg. Pigeon Forge is 11 km away.,,,,
Tennessee,Sevierville,35.77789,-83.66568,Heaven On A Hill,5.0,"""Offering free WiFi and mountain views", Heaven on a Hill is an accommodation situated in Dupont Springs. The air-conditioned accommodation is 17 km from Sevierville.,,,,,
Tennessee,Sevierville,35.6984,-83.65243,Arthur's Retreat,5.0,"""Situated in Line Spring in the Tennessee region", Arthurs Retreat features a patio and mountain views. The air-conditioned accommodation is 26 km from Sevierville.,,,,,
Tennessee,Sevierville,35.7263,-83.62353,Heavenly Daze,5.0,"""Heavenly Daze is located in Hatchertown. The air-conditioned accommodation is 20 km from Sevierville.",,,,,,
Tennessee,Sevierville,35.8025,-83.61395,An Indian Dream,5.0,"""Situated in Henderson Springs in the Tennessee region", An Indian Dream has a balcony and mountain views. The accommodation is 6.2 km from the The Grand Majestic Theater and features free WiFi throughout the property.,,,,,
Tennessee,Sevierville,35.74949,-83.61058,A Point Of View,5.0,"""Boasting mountain views", A Point of View features accommodation with a balcony, around 13 km from The Grand Majestic Theater. This holiday home is 14 km from Country Tonite Theatre and 16 km from Dolly Partons Stampede.,,,,
Tennessee,Sevierville,35.77838,-83.66617,A Little Bit Of Heaven,5.0,"""A Little Bit of Heaven is situated in Dupont Springs. The air-conditioned accommodation is 18 km from Sevierville.",,,,,,
Tennessee,Sevierville,35.71516,-83.63137,Smokies Sanctuary,5.0,"""Located in Hatchertown", 15 km from The Grand Majestic Theater, 16 km from Country Tonite Theatre and 18 km from Dolly Partons Stampede, Smokies Sanctuary provides accommodation with a balcony and free WiFi.,,,
Tennessee,Sevierville,35.77724,-83.66527,Touch of Elegance,5.0,"""Touch of Elegance is located in Waldens Creek", 11 km from The Grand Majestic Theater, 11 km from Country Tonite Theatre, as well as 14 km from Dolly Partons Stampede. It features mountain views and free WiFi throughout the property.,,,
Tennessee,Sevierville,35.78762,-83.47443,Running Bear Cabin,5.0,"""Running Bear Cabin is situated in Shady Grove", 10 km from Dolly Partons Stampede, 14 km from The Grand Majestic Theater, and 15 km from Country Tonite Theatre.,,,
Tennessee,Sevierville,35.77929,-83.6671,The Laughing Salamander,5.0,"""Situated 11 km from The Grand Majestic Theater", 12 km from Country Tonite Theatre and 14 km from Dolly Partons Stampede, The Laughing Salamander features accommodation located in Dupont Springs. It has mountain views and free WiFi throughout the property.,,,,
Tennessee,Sevierville,35.81325,-83.56747,Paw Prints,5.0,"""Situated in Pigeon Forge", 1.1 km from Country Tonite Theatre and 1.8 km from The Grand Majestic Theater, Peaceful Setting Cabin features air-conditioned accommodation with a balcony and free WiFi. The property features mountain views and is 2.3 km from Smoky Mountain Opry and 5 km from Old Mill.,,,,
Tennessee,Sevierville,35.78564,-83.57107,Papaw's Bear Den,5.0,"""Boasting an outdoor swimming pool", a terrace, and a bar, Arrowhead Log Cabin Resort Papaws Bear Den Cabin - by TS offers accommodation in Pigeon Forge with free WiFi and garden views. This holiday home has a private pool, a garden and free private parking.,,
Tennessee,Sevierville,35.79486,-83.64002,Mystic Falls Lodge,5.0,"""Situated in Waldens Creek", 8.8 km from The Grand Majestic Theater and 9.1 km from Country Tonite Theatre, Mystic Falls Lodge provides accommodation with amenities such as free WiFi and a TV. This holiday home is 11 km from Dolly Partons Stampede and 16 km from Dollywood.,,,,
Tennessee,Sevierville,35.7715,-83.66809,Serenity's View,5.0,"""Serenitys View is located in Waldens Creek. The air-conditioned accommodation is 18 km from Sevierville.",,,,,,
Tennessee,Sevierville,35.80295,-83.60272,Mountaintop Hideaway,5.0,"""Located 5.5 km from Country Tonite Theatre", Mountaintop Hideaway provides accommodation in Pigeon Forge with access to a hot tub. The accommodation is 5.1 km from The Grand Majestic Theater, and guests benefit from private parking available on site and free WiFi.,,,,
Tennessee,Sevierville,35.78955,-83.50119,Mountain View,5.0,"""Offering free WiFi and mountain views", Mountain View is an accommodation located in Williamsburg. The air-conditioned accommodation is 16 km from Sevierville.,,,,,
Tennessee,Sevierville,35.77873,-83.66685,Mountain Escape,5.0,"""Mountain Escape is situated in Dupont Springs", 11 km from The Grand Majestic Theater, 12 km from Country Tonite Theatre, and 14 km from Dolly Partons Stampede. It has mountain views and free WiFi throughout the property.,,,
Tennessee,Sevierville,35.81247,-83.55423,Dixie Delight,5.0,"""Located in Pigeon Forge", 3.2 km from Old Mill and 3.3 km from Country Tonite Theatre, Dixie Delight offers free WiFi and air conditioning. This holiday home is 5 km from The Grand Majestic Theater and 4.1 km from Comedy Barn.,,,,
Tennessee,Sevierville,35.78617,-83.57056,Brief Escape,5.0,"""Located in Pigeon Forge", 2.3 km from Old Mill and 3.2 km from Dolly Partons Stampede, Arrowhead Log Cabin Resort Brief Escape Cabin provides air-conditioned accommodation with a balcony and free WiFi. The property is 8 km from Country Tonite Theatre and 2.2 km from Comedy Barn.,,,,
Tennessee,Sevierville,35.74546,-83.63189,A View To Remember,5.0,"""Situated in Sevierville", 13 km from The Grand Majestic Theater and 13 km from Country Tonite Theatre, A View to Remember features air-conditioned accommodation with a balcony and free WiFi. The holiday home is 26 km from Ripleys Aquarium of the Smokies.,,,,
Tennessee,Sevierville,35.72974,-83.67505,Giddy Up,5.0,"""Giddy Up is located in Park Settlement", 22 km from The Grand Majestic Theater, 22 km from Country Tonite Theatre, as well as 25 km from Dolly Partons Stampede. It features mountain views and free WiFi throughout the property.,,,
Tennessee,Sevierville,35.69431,-83.65544,Foxfire Cove,5.0,"""Foxfire Cove is set in Line Spring. The air-conditioned accommodation is 27 km from Sevierville.",,,,,,
Tennessee,Sevierville,35.70338,-83.66922,Fit For Kings,5.0,"""Located in Line Spring", Fit For Kings provides accommodation with a patio and free WiFi. The air-conditioned accommodation is 25 km from Sevierville.,,,,,
Tennessee,Sevierville,35.72202,-83.67451,Fishin' Bear Retreat,5.0,"""Fishin Bear Retreat is located in Park Settlement. The air-conditioned accommodation is 25 km from Sevierville.",,,,,,
Tennessee,Sevierville,35.78636,-83.4749,Evening Shade,5.0,"""Evening Shade is a holiday home set in Shady Grove", 9 km from Gatlinburg. The air-conditioned unit is 7 km from Pigeon Forge, and guests benefit from private parking available on site.,,,,
Tennessee,Sevierville,35.69831,-83.65246,Cove Mountain Retreat,5.0,"""Cove Mountain Retreat is situated in Line Spring. The air-conditioned accommodation is 26 km from Sevierville.",,,,,,
Tennessee,Sevierville,35.71388,-83.61234,Chief Big Log,5.0,"""Chief Big Log is set in Hatchertown", 16 km from The Grand Majestic Theater, 16 km from Country Tonite Theatre, and 19 km from Dolly Partons Stampede.,,,
Tennessee,Sevierville,35.71334,-83.61784,Blue Ridge Retreat,5.0,"""Blue Ridge Retreat is located in Hatchertown", 17 km from The Grand Majestic Theater, 17 km from Country Tonite Theatre, and 20 km from Dolly Partons Stampede. It features mountain views and free WiFi throughout the property.,,,
Tennessee,Sevierville,35.7763,-83.66471,Big Daddy's Hideaway,5.0,"""Big Daddys Hideaway is situated in Waldens Creek", 11 km from Country Tonite Theatre, 13 km from Dolly Partons Stampede, as well as 18 km from Dollywood. The accommodation is 11 km from the The Grand Majestic Theater and has free WiFi throughout the property.,,,
Tennessee,Sevierville,35.73836,-83.66801,Bearslide Inn,5.0,"""Featuring a sauna", BearSlide Inn is located in Park Settlement. The air-conditioned accommodation is 29 km from Sevierville.,,,,,
Tennessee,Sevierville,35.77748,-83.6622,Bearfoot Retreat,5.0,"""Bearfoot Retreat is situated in Waldens Creek", 11 km from Country Tonite Theatre, 13 km from Dolly Partons Stampede, as well as 18 km from Dollywood. The accommodation is 11 km from the The Grand Majestic Theater and has free WiFi throughout the property.,,,
Tennessee,Sevierville,35.78034,-83.66386,Bearadise View,5.0,"""Bearadise View is situated in Dupont Springs. The air-conditioned accommodation is 18 km from Sevierville.",,,,,,
Tennessee,Sevierville,35.71481,-83.66934,Two Bears Cabin,5.0,"""Two Bears Cabin is situated in Wear Valley", 18 km from Country Tonite Theatre, 21 km from Dolly Partons Stampede, and 25 km from Dollywood. The accommodation is 18 km from the The Grand Majestic Theater and has free WiFi throughout the property.,,,
Tennessee,Sevierville,35.77819,-83.59449,Country Hearts,5.0,"""Country Hearts is situated in Wears Valley Area and offers a seasonal outdoor swimming pool and barbecue facilities. The property features mountain views.",,,,,,
Tennessee,Sevierville,35.77977,-83.59251,Honeymoon View #1,5.0,"""Situated in Little Cove in the Tennessee region", Honeymoon View #1 has a patio and mountain views. The air-conditioned accommodation is 15 km from Sevierville, and guests benefit from complimentary WiFi and private parking available on site.,,,,
Tennessee,Sevierville,35.77604,-83.59145,Honeymoon View #2,5.0,"""Featuring a seasonal outdoor swimming pool", a tennis court, and barbecue facilities, Honeymoon View #2 features accommodation in Little Cove with free WiFi and mountain views. Boasting free private parking, the holiday home is in an area where guests can engage in activities such as hiking, skiing and billiards.,
Tennessee,Sevierville,35.79928,-83.61489,Alpine Dreamcatcher Economy chalet,5.0,"""Boasting mountain views", Alpine Dreamcatcher Economy 1 bedroom chalet provides accommodation with a seasonal outdoor swimming pool and a patio, around 5.7 km from The Grand Majestic Theater. Featuring free private parking, the holiday home is in an area where guests can engage in activities such as hiking, skiing and tennis.,,
Tennessee,Sevierville,35.79994,-83.61477,Hartman House,5.0,"""Boasting a seasonal outdoor swimming pool", a tennis court, and barbecue facilities, Hartman House provides accommodation in Sevierville with free WiFi and mountain views. Featuring free private parking, the holiday home is in an area where guests can engage in activities such as hiking, skiing and fishing.,
Tennessee,Sevierville,35.7879,-83.59368,Almost Heaven #2,5.0,"""Featuring mountain views", Almost Heaven #2 features accommodation with barbecue facilities and a terrace, around 5 km from The Grand Majestic Theater. Boasting free private parking, the holiday home is in an area where guests can engage in activities such as hiking, skiing and tennis.,,
Tennessee,Sevierville,35.78759,-83.57142,Best of the Best,5.0,"""Best of the Best", a property with a seasonal outdoor swimming pool and barbecue facilities, is situated in Pigeon Forge, 3.1 km from Dolly Partons Stampede, 3.8 km from The Grand Majestic Theater, as well as 4.1 km from Country Tonite Theatre. Boasting free private parking, the holiday home is in an area where guests can engage in activities such as hiking and tennis.
Tennessee,Sevierville,35.76201,-83.59679,Cloud 9,5.0,"""Featuring a spa bath", Cloud 9 is located in Little Cove. The air-conditioned accommodation is 16 km from Sevierville.,,,,,
Tennessee,Sevierville,35.75199,-83.49602,A Tree House For 2,5.0,"""Featuring barbecue facilities", A Tree House for 2 offers accommodation in Sky Harbor with access to free WiFi and mountain views. This property offers access to a balcony.,,,,,
Tennessee,Sevierville,35.79344,-83.58061,Emerald Woods,5.0,"""Featuring mountain views", Emerald Woods offers accommodation with a seasonal outdoor swimming pool and a balcony, around 3.5 km from The Grand Majestic Theater. Boasting free private parking, the holiday home is in an area where guests can engage in activities such as hiking and tennis.,,,
Tennessee,Sevierville,35.78697,-83.51037,Rustic Get Away,5.0,"""Boasting mountain views", Rustic Get Away provides accommodation with a balcony and a coffee machine, around 6 km from Parrot Mountain & Gardens. The air-conditioned accommodation is 10 km from Dollywood, and guests benefit from private parking available on site and free WiFi.,,,
Tennessee,Sevierville,35.79119,-83.50121,Heaven's Gate,5.0,"""Located in Sevierville and only 6.4 km from Dolly Partons Stampede", Heavens Gate provides accommodation with mountain views, free WiFi and free private parking. The property is 12 km from Dollywood and 12 km from Smoky Mountain Opry.,,,,
Tennessee,Sevierville,35.89455,-83.63186,Southern Grace,5.0,"""Located 16 km from Country Tonite Theatre", Southern Grace provides accommodation in Sevierville with access to a hot tub. Situated 16 km from The Grand Majestic Theater, the property features a seasonal outdoor swimming pool and free private parking.,,,,
Tennessee,Sevierville,35.795,-83.60566,Mountain Blessings,5.0,"""Set in Pigeon Forge and only 4.7 km from The Grand Majestic Theater", Mountain Blessings offers accommodation with mountain views, free WiFi and free private parking. Guests benefit from a balcony and a barbecue.,,,,
Tennessee,Sevierville,35.74947,-83.66628,Dream A Little Dream,5.0,"""Situated in Pigeon Forge", within 14 km of The Grand Majestic Theater and 14 km of Country Tonite Theatre, Dream A Little Dream offers accommodation with free WiFi, air conditioning, a seasonal outdoor swimming pool and a tennis court. Featuring free private parking, the holiday home is in an area where guests can engage in activities such as hiking, skiing and billiards.
Tennessee,Sevierville,35.74895,-83.66644,What A Blessing,5.0,"""Set in Pigeon Forge", 14 km from The Grand Majestic Theater and 14 km from Country Tonite Theatre, What A Blessing offers accommodation with free WiFi, air conditioning, a seasonal outdoor swimming pool and a tennis court. Boasting free private parking, the holiday home is in an area where guests can engage in activities such as hiking, skiing and fishing.
Tennessee,Sevierville,35.74878,-83.67634,Heaven's Loft,5.0,"""Featuring an outdoor pool and mountain views", Heavens Loft is situated in Pigeon Forge. Boasting free private parking, the holiday home is in an area where guests can engage in activities such as skiing, fishing and tennis.,,,
Tennessee,Sevierville,35.75129,-83.65681,Smoky Mountain Blessing,5.0,"""Located in Pigeon Forge", within 14 km of The Grand Majestic Theater and 14 km of Country Tonite Theatre, Smoky Mountain Blessing offers accommodation with free WiFi, air conditioning, a seasonal outdoor swimming pool and a tennis court. Boasting free private parking, the holiday home is in an area where guests can engage in activities such as hiking, skiing and billiards.
Tennessee,Sevierville,35.74689,-83.67059,Beyond Blessed,5.0,"""Located in Pigeon Forge", within 15 km of The Grand Majestic Theater and 15 km of Country Tonite Theatre, Beyond Blessed offers accommodation with free WiFi, air conditioning, a seasonal outdoor swimming pool and a tennis court. Boasting free private parking, the holiday home is in an area where guests can engage in activities such as hiking, skiing and fishing.
Tennessee,Sevierville,35.75598,-83.6548,Creek Retreat,5.0,"""Set in Pigeon Forge", 12 km from The Grand Majestic Theater and 13 km from Country Tonite Theatre, Creek Retreat offers accommodation with free WiFi, air conditioning, a seasonal outdoor swimming pool and a tennis court. Featuring free private parking, the holiday home is in an area where guests can engage in activities such as hiking, skiing and fishing.
Tennessee,Sevierville,35.77824,-83.66004,Boogity Bear,5.0,"""Located in Pigeon Forge", within 10 km of The Grand Majestic Theater and 11 km of Country Tonite Theatre, Boogity Bear offers accommodation with free WiFi, air conditioning, a seasonal outdoor swimming pool and barbecue facilities. Boasting free private parking, the holiday home is in an area where guests can engage in activities such as hiking, skiing and fishing.
Tennessee,Sevierville,35.76228,-83.51476,Black Bear View Mtn Cabin,5.0,"""Located in Pigeon Forge in the Tennessee region", BLACK BEAR VIEW Mtn Cabin has a patio and mountain views. This holiday home features barbecue facilities.,,,,,
Tennessee,Sevierville,35.76228,-83.51476,Bear Tracks Morning Glory Mtn Cabin,5.0,"""Located in Pigeon Forge", 5 km from Dolly Partons Stampede and 6 km from Old Mill, Bear Tracks MORNING GLORY Mtn Cabin provides air-conditioned accommodation with a patio and free WiFi. Boasting free private parking, the holiday home is in an area where guests can engage in activities such as hiking and skiing.,,,
Tennessee,Sevierville,35.77981,-83.60066,Swim N Bear Honeymoon Cabin With Private Pool,5.0,"""Featuring air-conditioned accommodation with a private pool", mountain view and a patio, Honeymoon Cabin - Private Swimming Pool In Cabin - SWIM N BEAR is situated in Pigeon Forge. Boasting free private parking, the holiday home is in an area where guests can engage in activities such as hiking and billiards.,,,
Tennessee,Sevierville,35.76228,-83.51476,Bear Tracks Honeysuckle 2br Mountain Cabin,5.0,"""Set in Pigeon Forge", 5 km from Dolly Partons Stampede and 6 km from Old Mill, Bear Tracks HONEYSUCKLE 2Br Mountain Cabin offers air-conditioned accommodation with a patio and free WiFi. Featuring free private parking, the holiday home is in an area where guests can engage in activities such as hiking and billiards.,,,
Tennessee,Sevierville,35.76228,-83.51476,Bear Tracks Bear Oaks Cabin Between Pigeon Forge Gatlinburg,5.0,"""Set in Pigeon Forge in the Tennessee region", Bear Tracks BEAR OAKS Cabin in the Woods Between Pigeon Forge Gatlinburg features a patio and mountain views. The air-conditioned accommodation is 5 km from Dolly Partons Stampede, and guests benefit from private parking available on site and free WiFi.,,,,
Tennessee,Sevierville,35.76228,-83.51476,Bear Tracks Red Bud Cabin Mtn Setting Close To Parkway,5.0,"""Boasting a spa bath", A -Real- Mountain cabin- 3 mins to Town Hot tub Red Bud Cabin is situated in Pigeon Forge. This property offers access to a patio, free private parking and free WiFi.,,,,
Tennessee,Sevierville,35.76228,-83.51476,Dogwood Vacation Cabin Great Mtn Views,5.0,"""Featuring mountain views", DOGWOOD Vacation Cabin Great Mtn Views provides accommodation with a patio, around 6 km from Old Mill. The air-conditioned accommodation is 5 km from Dolly Partons Stampede, and guests benefit from complimentary WiFi and private parking available on site.,,,
Tennessee,Sevierville,35.76981,-83.55137,Country Charm Cabin with Firepit,5.0,"""Featuring city views", Country Charm Cabin with Firepit features accommodation with barbecue facilities and a patio, around 4 km from Old Mill. The air-conditioned accommodation is 2.7 km from Dolly Partons Stampede, and guests benefit from private parking available on site and free WiFi.,,,
Tennessee,Sevierville,35.76228,-83.51476,Bear Tracks Mountain Laurel Wood Fireplace Cabin,5.0,"""Boasting mountain views", Bear Tracks MOUNTAIN LAUREL Wood Fireplace cabin offers accommodation with a patio, around 6 km from Old Mill. The air-conditioned accommodation is 5 km from Dolly Partons Stampede, and guests benefit from private parking available on site and free WiFi.,,,
Tennessee,Sevierville,35.76085,-83.51682,Baby Bear Hideaway Cabin,5.0,"""Situated in Pigeon Forge in the Tennessee region", BABY BEAR HIDEAWAY Cabin features a patio and mountain views. The air-conditioned accommodation is 4.2 km from Dolly Partons Stampede, and guests benefit from complimentary WiFi and private parking available on site.,,,,
Tennessee,Sevierville,35.75935,-83.50912,Forest Fling Cabin,5.0,"""Located 8.9 km from Ripleys Aquarium of the Smokies and 10 km from The Grand Majestic Theater in Sevierville", Forest Fling offers accommodation with a kitchen. The accommodation is 4.8 km from Dolly Partons Stampede, and guests benefit from complimentary WiFi and private parking available on site.,,,,
Tennessee,Sevierville,35.75935,-83.50912,5 O' Clock Somewhere Cabin,5.0,"""Boasting a spa bath", 5 O Clock Somewhere is set in Sevierville. The accommodation is 4.8 km from Dolly Partons Stampede, and guests benefit from complimentary WiFi and private parking available on site.,,,,
Tennessee,Sevierville,35.75928,-83.5093,Majestic Springs Lodge Cabin,5.0,"""Majestic Springs Lodge Cabin is situated in McCookville. The property is 16 km from Sevierville", and complimentary private parking is available.,,,,,
Tennessee,Sevierville,35.75935,-83.50912,Heavenly View Cabin,5.0,"""Offering mountain views", Heavenly View is an accommodation located in Sevierville, 10 km from The Grand Majestic Theater and 10 km from Country Tonite Theatre. With free private parking, the property is 4.8 km from Dolly Partons Stampede and 8.9 km from Ripleys Aquarium of the Smokies.,,,
Tennessee,Sevierville,35.78829,-83.59927,Suite Sensations Cabin,5.0,"""Boasting a spa bath", Suite Sensations is situated in Pigeon Forge. The accommodation is 5 km from The Grand Majestic Theater, and guests benefit from complimentary WiFi and private parking available on site.,,,,
Tennessee,Sevierville,35.75935,-83.50912,Caught Ya Peek'n Cabin,5.0,"""Located in Sevierville and only 4.8 km from Dolly Partons Stampede", Caught Ya Peekn provides accommodation with mountain views, free WiFi and free private parking. This holiday home is 8.9 km from Ripleys Aquarium of the Smokies and 10 km from The Grand Majestic Theater.,,,,
Tennessee,Sevierville,35.75935,-83.50912,Secluded Memories Cabin,5.0,"""Situated in Sevierville and only 4.8 km from Dolly Partons Stampede", Secluded Memories features accommodation with mountain views, free WiFi and free private parking. This holiday home is 10 km from Country Tonite Theatre and 11 km from Dollywood.,,,,
Tennessee,Sevierville,35.75935,-83.50912,Party Hut Cabin,5.0,"""Boasting a spa bath", Party Hut is situated in Sevierville. With free private parking, the property is 4.8 km from Dolly Partons Stampede and 8.9 km from Ripleys Aquarium of the Smokies.,,,,
Tennessee,Sevierville,35.75935,-83.50912,Kiss Me Goodnight Cabin,5.0,"""Boasting a spa bath", Kiss Me Goodnight is situated in Sevierville. The accommodation is 4.8 km from Dolly Partons Stampede, and guests benefit from private parking available on site and free WiFi.,,,,
Tennessee,Sevierville,35.75935,-83.50912,Nine Bears Cabin,5.0,"""Located in Sevierville and only 4.8 km from Dolly Partons Stampede", Nine Bears provides accommodation with mountain views, free WiFi and free private parking. This holiday home is 10 km from Country Tonite Theatre and 11 km from Dollywood.,,,,
Tennessee,Sevierville,35.79032,-83.51086,Ladybug Resort Romantic Cabin With Mountain Views Game Room Close To Dollywood,5.0,"""Located in Sevierville in the Tennessee region", Ladybug Resort Romantic Cabin With Mountain Views, Game Room, Close to Dollywood features a terrace and mountain views. The air-conditioned accommodation is 5.5 km from Dolly Partons Stampede, and guests benefit from private parking available on site and free WiFi.,,
Tennessee,Sevierville,35.8175,-83.5759,Unit 1405 Bears Lair,5.0,"""Situated in Pigeon Forge", 700 metres from The Grand Majestic Theater and 700 metres from Country Tonite Theatre, MVC - Unit 1405 - Bears Lair features accommodation with free WiFi, air conditioning and a terrace. This apartment is 16 km from Ripleys Aquarium of the Smokies and 44 km from Ijams Nature Center.,,,
Tennessee,Sevierville,35.818,-83.5746,Unit 2507,5.0,"""Situated in Pigeon Forge", within less than 1 km of The Grand Majestic Theater and a 9-minute walk of Country Tonite Theatre, MVC - Unit 2507 offers accommodation with free WiFi, air conditioning and a terrace. The property has mountain views and is 5.7 km from Dolly Partons Stampede and 10 km from Dollywood.,,,
Tennessee,Sevierville,35.7897,-83.54794,A Cabin In The Woods,5.0,"""Set in Pigeon Forge in the Tennessee region with Dolly Partons Stampede nearby", A Cabin In The Woods offers accommodation with free private parking. The accommodation features a hot tub and a spa bath.,,,,,
Tennessee,Sevierville,35.75815,-83.55175,Chalet of Dreams Pool Table WiFi Hot Tub Mtn View,5.0,"""Chalet of Dreams is situated in Pigeon Forge", 8.4 km from The Grand Majestic Theater and 8.7 km from Country Tonite Theatre, in an area where skiing can be enjoyed. It is located 3.5 km from Dolly Partons Stampede and provides free WiFi plus an ATM.,,,,
Tennessee,Sevierville,35.8587,-83.3982,Absolutely Perfect Cabin,5.0,"""Set in Sevierville in the Tennessee region", 2 Bedroom Cabin for 8 features a balcony and mountain views. Located 21 km from Dolly Partons Stampede, the property provides a terrace and free private parking.,,,,
Tennessee,Sevierville,35.78321,-83.4777,Mountain Seclusion,5.0,"""Boasting a hot tub", Mountain Seclusion is situated in Sevierville. This property offers access to a balcony, a pool table, free private parking and free WiFi.,,,
Tennessee,Sevierville,35.74344,-83.6445,Sleepy Bear Cabin,5.0,"""Set in Hatchertown", Sleepy Bear Cabin offers accommodation with a patio and free WiFi. The accommodation is 23 km from Sevierville.,,,,,
Tennessee,Sevierville,35.7459,-83.65314,King Of The Mountain,5.0,"""Featuring a spa bath", King of the Mountain is set in Hatchertown. The air-conditioned accommodation is 21 km from Sevierville, and guests benefit from complimentary WiFi and private parking available on site.,,,,
Tennessee,Sevierville,35.74818,-83.65,As Good As It Gets,5.0,"""Boasting a hot tub", As Good As It Gets is situated in Hatchertown. The air-conditioned accommodation is 21 km from Sevierville.,,,,,
Tennessee,Sevierville,35.75557,-83.50272,Sleepin' Inn,5.0,"""Featuring a spa bath", Sleepin Inn is located in McCookville. The air-conditioned accommodation is 17 km from Sevierville.,,,,,
Tennessee,Sevierville,35.75368,-83.49058,Bearfootin',5.0,"""Boasting a hot tub", Bearfootin is set in Cartertown. The air-conditioned accommodation is 18 km from Sevierville, and guests benefit from complimentary WiFi and private parking available on site.,,,,
Tennessee,Sevierville,35.75471,-83.50425,The Honeymooner,5.0,"""Featuring a spa bath", The Honeymooner is located in McCookville. The air-conditioned accommodation is 17 km from Sevierville.,,,,,
Tennessee,Sevierville,35.74528,-83.65317,Appalachian Sunset,5.0,"""Featuring a spa bath", Appalachian Sunset is located in Hatchertown. The accommodation is 21 km from Sevierville, and guests benefit from complimentary WiFi and private parking available on site.,,,,
Tennessee,Sevierville,35.74488,-83.65019,Seminole Ridge,5.0,"""Boasting a spa bath", Seminole Ridge is set in Hatchertown. The air-conditioned accommodation is 21 km from Sevierville.,,,,,
Tennessee,Sevierville,35.69933,-83.66001,Big Bear Lodge,5.0,"""Set in Sevierville", 19 km from The Grand Majestic Theater and 19 km from Country Tonite Theatre, Big Bear Lodge offers air conditioning. This holiday home is 22 km from Dolly Partons Stampede and 27 km from Dollywood.,,,,
Tennessee,Sevierville,35.74585,-83.65785,Holy Smoky,5.0,"""Boasting a spa bath", Holy Smoky is set in Hatchertown. The accommodation is 21 km from Sevierville, and guests benefit from complimentary WiFi and private parking available on site.,,,,
Tennessee,Sevierville,35.75319,-83.66367,Valley View,5.0,"""Boasting a spa bath", Valley View is situated in Hatchertown. The air-conditioned accommodation is 20 km from Sevierville, and guests benefit from complimentary WiFi and private parking available on site.,,,,
Tennessee,Sevierville,35.75548,-83.66149,Smoky Retreat,5.0,"""Featuring air-conditioned accommodation with a balcony", Smoky Retreat is located in Hatchertown. The property is 19 km from Sevierville and free private parking is featured.,,,,,
Tennessee,Sevierville,35.76438,-83.63006,Always & Forever,5.0,"""Featuring a spa bath", Always & Forever is located in Cove Creek Cascades. The air-conditioned accommodation is 16 km from Sevierville, and guests benefit from complimentary WiFi and private parking available on site.,,,,
Tennessee,Sevierville,35.75946,-83.6543,Livin On Mountain Time,5.0,"""Located in Cove Creek Cascades", this holiday home is set 14 km from Gatlinburg. Guests benefit from patio and an outdoor pool.,,,,,
Tennessee,Sevierville,35.77538,-83.67306,Paradise Point,5.0,"""Boasting a hot tub", Paradise Point is situated in Dupont Springs. The air-conditioned accommodation is 18 km from Sevierville, and guests benefit from complimentary WiFi and private parking available on site.,,,,
Tennessee,Sevierville,35.80207,-83.6631,Bluff Mountain Lodge,5.0,"""Boasting a hot tub", Bluff Mountain Lodge is situated in Dupont Springs. The air-conditioned accommodation is 46 km from Knoxville, and guests benefit from private parking available on site and free WiFi.,,,,
Tennessee,Sevierville,35.7959,-83.62656,Inspiration Point,5.0,"""Boasting a spa bath", Inspiration Point is set in Waldens Creek. The air-conditioned accommodation is 42 km from Knoxville.,,,,,
Tennessee,Sevierville,35.79507,-83.64504,Serenity Cabin,5.0,"""Serenity Cabin offers accommodation in Waldens Creek. Gatlinburg is 15 km from the property.",,,,,,
Tennessee,Sevierville,35.77489,-83.67289,Tranquility,5.0,"""Tranquility offers accommodation in Dupont Springs. Gatlinburg is 16 km away.",,,,,,
Tennessee,Sevierville,35.74329,-83.60411,Misty Vista,5.0,"""Boasting mountain views", Misty Vista offers accommodation with a patio, around 15 km from Country Tonite Theatre. The air-conditioned accommodation is 15 km from The Grand Majestic Theater, and guests benefit from complimentary WiFi and private parking available on site.,,,
Tennessee,Sevierville,35.81355,-83.56686,Horse'n Around,5.0,"""Featuring a spa bath", Horsen Around is located in Pigeon Forge. The air-conditioned accommodation is 1.1 km from Country Tonite Theatre, and guests benefit from complimentary WiFi and private parking available on site.,,,,
Tennessee,Sevierville,35.77614,-83.5144,Secluded Romance,5.0,"""Boasting a spa bath", Secluded Romance is situated in Williamsburg. The air-conditioned accommodation is 17 km from Sevierville, and guests benefit from complimentary WiFi and private parking available on site.,,,,
Tennessee,Sevierville,35.80417,-83.57922,Above the Rest,5.0,"""Set in Pigeon Forge in the Tennessee region", Above the Rest has a patio and mountain views. The air-conditioned accommodation is 1.2 km from The Grand Majestic Theater, and guests benefit from private parking available on site and free WiFi.,,,,
Tennessee,Sevierville,35.77892,-83.66733,Million Dollar View Cabin,5.0,"""Million Dollar View Cabin is located in Dupont Springs", 15 km from Gatlinburg. Pigeon Forge is 10 km away.,,,,,
Tennessee,Sevierville,35.93544,-83.51592,Douglas Lake Lodge in the Smoky Mountains,5.0,"""Set in Sevierville", Douglas Lake Lodge in the Smoky Mountains offers a private pool and free WiFi. Guests benefit from a patio and an outdoor pool.,,,,,
Tennessee,Sevierville,35.76601,-83.41845,Ridge View Lodge Smoky Mountains Gatlinburg Pigeon Forge,5.0,"""Located just 15 km from Ripleys Aquarium of the Smokies", Ridge View Lodge - Smoky Mountains - Gatlinburg - Pigeon Forge provides accommodation in Gatlinburg with access to a garden, a terrace, as well as a shared kitchen. Featuring free private parking, the holiday home is in an area where guests can engage in activities such as hiking and billiards.,,
Tennessee,Sevierville,35.79185,-83.49929,Angel's View,5.0,"""Located in Sevierville and only 6.7 km from Dolly Partons Stampede", Angels View provides accommodation with mountain views, free WiFi and free private parking. The property is 12 km from Dollywood and 12 km from Smoky Mountain Opry.,,,,
Tennessee,Sevierville,35.8185,-83.5742,Making Memories 3301,5.0,"""Set in Pigeon Forge", less than 1 km from The Grand Majestic Theater and a 9-minute walk from Country Tonite Theatre, MVC - Unit 3301 - Making Memories offers free WiFi, a terrace and air conditioning. The property has mountain views and is 5.7 km from Dolly Partons Stampede and 10 km from Dollywood.,,,
Tennessee,Sevierville,35.8184,-83.5744,Unit 3406,5.0,"""Featuring barbecue facilities", MVC - Unit 3406 offers accommodation in Pigeon Forge, less than 1 km from Country Tonite Theatre and a 15-minute walk from Smoky Mountain Opry. The air-conditioned accommodation is 1.3 km from The Grand Majestic Theater, and guests benefit from complimentary WiFi and private parking available on site.,,,
Tennessee,Sevierville,35.8184,-83.5742,Mountain View Zodiac Unit 3201,5.0,"""Located in Pigeon Forge", less than 1 km from The Grand Majestic Theater and a 9-minute walk from Country Tonite Theatre, MVC - Unit 3201 - Mountain View Zodiac offers free WiFi, a terrace and air conditioning. The property features mountain views and is 5.7 km from Dolly Partons Stampede and 10 km from Dollywood.,,,
Tennessee,Sevierville,35.8179,-83.5751,Unit 2503,5.0,"""MVC - Unit 2503 is located in Pigeon Forge", 700 metres from Country Tonite Theatre, 5.6 km from Dolly Partons Stampede, and 10 km from Dollywood. The accommodation is 800 metres from The Grand Majestic Theater, and guests benefit from private parking available on site and free WiFi.,,
Tennessee,Sevierville,35.8185,-83.5742,Sweet Butterfly 1601,5.0,"""Located less than 1 km from Country Tonite Theatre", MVC - Unit 3107 - Brother Bear provides accommodation in Pigeon Forge with access to an indoor pool. Situated less than 1 km from The Grand Majestic Theater, the property features a seasonal outdoor swimming pool and free private parking.,,,,
Tennessee,Sevierville,35.78533,-83.49815,Heavenly View,5.0,"""Featuring a spa bath", Heavenly View is set in Williamsburg. With free private parking, the property is 5.9 km from Dolly Partons Stampede and 10 km from The Grand Majestic Theater.,,,,
Tennessee,Sevierville,35.77826,-83.60324,A Lover's Paradise,5.0,"""Situated in Little Cove in the Tennessee region", A Lovers Paradise features a patio and mountain views. The air-conditioned accommodation is 15 km from Sevierville, and guests benefit from complimentary WiFi and private parking available on site.,,,,
Tennessee,Sevierville,35.77817,-83.60333,Abundant Romance,5.0,"""Featuring a spa bath", Abundant Romance is located in Little Cove. The air-conditioned accommodation is 15 km from Sevierville, and guests benefit from private parking available on site and free WiFi.,,,,
Tennessee,Sevierville,35.78083,-83.61535,A Magical Experience,5.0,"""Boasting mountain views", A Magical Experience features accommodation with a balcony and a coffee machine, around 7.2 km from Country Tonite Theatre. Set 6.9 km from The Grand Majestic Theater, the property offers a seasonal outdoor swimming pool and free private parking.,,,
Tennessee,Sevierville,35.78118,-83.61483,Almost Heaven,5.0,"""Located in Waldens Creek", just 6.9 km from The Grand Majestic Theater, Almost Heaven provides accommodation with a seasonal outdoor swimming pool, a tennis court, barbecue facilities and free WiFi. Featuring free private parking, the holiday home is in an area where guests can engage in activities such as hiking and billiards.,
Tennessee,Sevierville,35.82173,-83.54465,Mountain Memories,5.0,"""Featuring a spa bath", Mountain Memories is set in Pigeon Forge. With free private parking, the property is 3.6 km from Country Tonite Theatre and 3.9 km from The Grand Majestic Theater.,,,,
Tennessee,Sevierville,35.7779,-83.60487,Wet N Wild Cabin,5.0,"""Featuring a seasonal outdoor swimming pool", a terrace, and a tennis court, Wild Mountain Honey 3 Bedroom/3 Bath Home with Home Theater features accommodation in Pigeon Forge with free WiFi and mountain views. Boasting free private parking, the holiday home is in an area where guests can engage in activities such as hiking, skiing and billiards.,
Tennessee,Sevierville,35.77947,-83.40221,Lite My Fire,5.0,"""Lite My Fire is a secluded accommodation situated in Laurel and is a 20-minute drive from Gatlinburg. Guests can enjoy a game of billiards and mountain views at the property.",,,,,,
Tennessee,Sevierville,35.78146,-83.56287,Ole Smoky Retreat,5.0,"""Boasting a spa bath", Ole Smoky Retreat is situated in Pigeon Forge. With free private parking, the property is 2.2 km from Dolly Partons Stampede and 5.3 km from The Grand Majestic Theater.,,,,
Tennessee,Sevierville,35.75193,-83.48398,Amazing View Lodge 5 Bath With Fantastic View,5.0,"""Boasting a terrace and a tennis court", Amazing View Lodge 5 Bedroom 5 Bath with Fantastic View offers accommodation in Cartertown with free WiFi and mountain views. Featuring free private parking, the holiday home is in an area where guests can engage in activities such as hiking, skiing and billiards.,,,
Tennessee,Sevierville,35.8177,-83.5752,Unit 2302,5.0,"""Situated in Pigeon Forge", within 800 metres of The Grand Majestic Theater and 700 metres of Country Tonite Theatre, MVC - Unit 2302 offers accommodation with free WiFi, air conditioning and a terrace. The property has mountain views and is 5.6 km from Dolly Partons Stampede and 10 km from Dollywood.,,,
Tennessee,Sevierville,35.75815,-83.55175,Chalet Of Dreams Cabin,5.0,"""Located in Pigeon Forge", 3.5 km from Dolly Partons Stampede and 8.4 km from The Grand Majestic Theater, Chalet of Dreams offers free WiFi and air conditioning. It is situated 8.7 km from Country Tonite Theatre and provides an ATM.,,,,
Tennessee,Sevierville,35.74733,-83.51528,Art Loft,5.0,"""Situated 5.6 km from Dolly Partons Stampede", Art Loft provides accommodation in Sevierville with access to a hot tub. Boasting free private parking, the holiday home is in an area where guests can engage in activities such as hiking, skiing and fishing.,,,
Tennessee,Sevierville,35.83948,-83.56782,River Crossing #405,5.0,"""Featuring air-conditioned accommodation with a private pool", river view and a balcony, River Crossing #405 is situated in Pigeon Forge. Featuring city and mountain views, this apartment also includes free WiFi.,,,
Tennessee,Sevierville,35.74507,-83.64852,Wild Turkey the Perfect Getaway,5.0,"""Set in Pigeon Forge", 15 km from The Grand Majestic Theater and 15 km from Country Tonite Theatre," Wild Turkey """"The Perfect Getaway"""" offers a seasonal outdoor swimming pool and air conditioning. Featuring free private parking", the holiday home is in an area where guests can engage in activities such as hiking and tennis.,,,
Tennessee,Sevierville,35.77553,-83.59134,Love Shack,5.0,"""Featuring a seasonal outdoor swimming pool", a tennis court, and barbecue facilities, Love Shack features accommodation in Pigeon Forge with free WiFi and mountain views. Boasting free private parking, the holiday home is in an area where guests can engage in activities such as hiking, skiing and cycling.,
Tennessee,Sevierville,35.74497,-83.61108,Skinny Dipping,5.0,"""Located in Little Cove", Skinny Dipping provides accommodation with a private pool and free WiFi. The air-conditioned accommodation is 20 km from Sevierville.,,,,,
Tennessee,Sevierville,35.78765,-83.45712,Three Bears Lodge,5.0,"""Boasting a spa bath", Three Bears Lodge is set in Shady Grove. The accommodation is 12 km from Dolly Partons Stampede, and guests benefit from complimentary WiFi and private parking available on site.,,,,
Tennessee,Sevierville,35.93079,-83.48374,Smokie Mountain Lake House,5.0,"""Featuring a seasonal outdoor swimming pool", a garden, and a terrace, Smokie Mountain Lake House features accommodation in Sevierville with free WiFi and lake views. Boasting free private parking, the holiday home is in an area where guests can engage in activities such as hiking, skiing and billiards.,
Tennessee,Sevierville,35.69383,-83.65067,Chestnut Ridge,5.0,"""Boasting a spa bath", Chestnut Ridge is situated in Sevierville. This property offers access to a balcony, free private parking and free WiFi.,,,,
Tennessee,Sevierville,35.7558,-83.50179,Sugar Bear Cabin,5.0,"""Set in Sevierville in the Tennessee region", Sugar Bear Cabin features a balcony and mountain views. The accommodation is 5.8 km from the Dolly Partons Stampede and has free WiFi throughout the property.,,,,,
Tennessee,Sevierville,35.79744,-83.56031,Tucked Away Cabin,5.0,"""Located in Pigeon Forge in the Tennessee region", Tucked Away Cabin has a patio. The air-conditioned accommodation is 2.6 km from Dolly Partons Stampede, and guests benefit from private parking available on site and free WiFi.,,,,
Tennessee,Sevierville,35.80963,-83.46539,Avalon Mist,5.0,"""Offering free WiFi and mountain views", Avalon Mist is an accommodation located in Pigeon Forge. The holiday home is in an area where guests can engage in activities such as skiing and cycling.,,,,,
Tennessee,Smithville,36.0218,-85.73366,The Retreat At Center Hill Lake,3.0,"""Providing free WiFi throughout the property", a sun terrace with a swimming pool, restaurant and garden, The Retreat at Center Hill Lake is located in Smithville. Featuring family rooms, this property also provides guests with a childrens playground. Certain units at the property include a patio with a lake view.,,
Tennessee,Smyrna,35.981,-86.55581,Uptown Suites Extended Stay Nashville Tn Smyrna,5.0,"""Uptown Suites Smyrna is located in Smyrna", 28 km from Nashville. Free WiFi is provided throughout the property and free private parking is available on site.,,,,,
Tennessee,Sweetwater,35.59908,-84.51124,Economy Inn Sweetwater,5.0,"""Economy inn provides accommodation in Sweetwater. The accommodation features room service and a 24-hour front desk for guests.",,,,,,
Tennessee,Townsend,35.67743,-83.75015,Highland Manor Inn,2.0,"""Offering an outdoor pool and free WiFi access", this inn is located in Townsend, Tennessee. The west entrance to Great Smoky Mountains National Park is just 4 minutes drive away from the property.,,,,
Tennessee,Townsend,35.67621,-83.754,Tremont Lodge & Resort,2.0,"""Situated in Townsend in the Tennessee Region", 36.6 km from Gatlinburg, Tremont Lodge & Resort boasts a two seasonal outdoor pools, a seasonal indoor heated pool and a hot tub.,,,
Tennessee,Townsend,35.66047,-83.75439,Horsin Around Tennessee,5.0,"""Horsin Around Tennessee Cabin offers accommodation in Townsend. The air-conditioned unit is 22 km from Gatlinburg.",,,,,,
Tennessee,Townsend,35.67251,-83.80318,Richmont Inn,2.0,"""Richmont Inn of the Great Smokies is situated in Townsend. With a terrace", the property also features a shared lounge. Both private parking and free WiFi are available at the inn.,,,,,
Tennessee,Townsend,35.69449,-83.69315,Bear Hug Cabin,5.0,"""Bearview Heights #244 is set in Townsend", 21 km from The Grand Majestic Theater and 21 km from Country Tonite Theatre, in an area where skiing can be enjoyed. This holiday home offers free private parking and a 24-hour front desk.,,,,
Tennessee,Townsend,35.68859,-83.75278,Cypress Ridge Home,5.0,"""Cypress Ridge Home is located in Townsend", 28 km from Country Tonite Theatre and 29 km from Smoky Mountain Opry, in an area where cycling can be enjoyed. The air-conditioned accommodation is 28 km from The Grand Majestic Theater, and guests benefit from private parking available on site and free WiFi.,,,
Tennessee,Townsend,35.66964,-83.76305,Tree House,5.0,"""Boasting a spa bath", Tree House is set in Townsend. The accommodation is 29 km from The Grand Majestic Theater, and guests benefit from private parking available on site and free WiFi.,,,,
Tennessee,Townsend,35.69461,-83.69199,Rocky Top Joy,5.0,"""Situated in Townsend and only 20 km from The Grand Majestic Theater", Rocky Top Joy features accommodation with mountain views, free WiFi and free private parking. This holiday home is 23 km from Dolly Partons Stampede and 28 km from Dollywood.,,,,
Tennessee,Townsend,35.67954,-83.75503,Webb Road Cabin 234 Cabin,5.0,"""Secluded Riverview with River Access is located in Townsend", 28 km from Country Tonite Theatre and 31 km from Dolly Partons Stampede, in an area where cycling can be enjoyed. The accommodation is 28 km from The Grand Majestic Theater, and guests benefit from complimentary WiFi and private parking available on site.,,,
Tennessee,Townsend,35.66292,-83.80667,Cabin Fever,5.0,"""Featuring mountain views", Cabin Fever offers accommodation with a balcony and a coffee machine, around 35 km from The Grand Majestic Theater. The accommodation is 35 km from the Country Tonite Theatre and features free WiFi throughout the property.,,,,
Tennessee,Townsend,35.68553,-83.79014,Lodge At Bradley Mountain,5.0,"""Located 32 km from Country Tonite Theatre", 33 km from Smoky Mountain Opry and 34 km from Dolly Partons Stampede, Lodge at Bradley Mtn provides accommodation set in Townsend. The accommodation is 32 km from The Grand Majestic Theater, and guests benefit from private parking available on site and free WiFi.,,,
Tennessee,Trenton,44.43854,-68.37036,Open Hearth Inn,2.0,"""Open Hearth Inn provides air-conditioned rooms in Trenton. All rooms feature a flat-screen TV with cable channels and a private bathroom. There is a barbecue and guests can make use of free WiFi and free private parking.",,,,,,
Tennessee,Trenton,44.45181,-68.36641,Acadia Sunrise Motel,3.0,"""Featuring views of the mountains in Acadia National Park", the Acadia Sunrise Motel is located in Trenton. The property features an outdoor swimming pool. Free WiFi access is available.,,,,,
Tennessee,Trenton,44.49119,-68.37393,Acadia Gateway Motel,2.0,"""Less than 20 minutes drive from Acadia National Park and the Bar Harbor town centre", this this Trenton, Acadia Gateway motel offers rooms with a cable TV. BBQ facilities are available and a reception is open until 22:00.,,,,
Tennessee,Trenton,44.43861,-68.36568,Narrows Too Camping Resort Cabin 1,5.0,"""Situated in Trenton", Narrows Too Camping Resort Cabin 1 offers accommodation with a patio.,,,,,
Tennessee,Trenton,44.43861,-68.36568,Narrows Too Camping Resort Cottage 11,5.0,"""Situated 19 km from Agamont Park", Narrows Too Camping Resort Cottage 11 offers air-conditioned accommodation with a patio.,,,,,
Tennessee,Trenton,44.43861,-68.36568,Narrows Too Camping Resort Loft Cottage 12,5.0,"""Narrows Too Camping Resort Loft Cottage 12 features air-conditioned guest accommodation in Trenton", 19 km from Agamont Park, 16 km from Frenchman Bay and 19 km from The Abbe Museum.,,,,
Tennessee,Trenton,44.43861,-68.36568,Narrows Too Camping Resort Loft Cottage 13,5.0,"""Situated in Trenton", Narrows Too Camping Resort Loft Cottage 13 offers accommodation with a patio.,,,,,
Tennessee,Trenton,44.43861,-68.36568,Narrows Too Camping Resort Cabin 6,5.0,"""Set 19 km from Agamont Park", Narrows Too Camping Resort Cabin 6 offers accommodation with a patio, as well as a terrace.,,,,
Tennessee,Trenton,44.43861,-68.36568,Narrows Too Camping Resort Cabin 9,5.0,"""Located in Trenton", Narrows Too Camping Resort Cabin 9 offers accommodation with a patio.,,,,,
Tennessee,Trenton,44.40728,-68.4113,Acadia Ocean Front Garden Cottages,5.0,"""Situated on the sea shore with 60 metres of private shore and bay cove beach", Acadia Ocean Front Garden Cottages features conifer botanical garden as well as gardens of roses, azaleas, hydrangeas, apple trees and high bush blueberries.,,
Tennessee,Tullahoma,35.50154,-86.08366,Hotel Econo Lodge Manchester,2.0,"""Set in Manchester", 6.3 km from Great Stage Park, Americas Best Value Inn-Manchester offers accommodation with free WiFi and free private parking.,,,,
Tennessee,Tullahoma,35.22818,-85.82537,Economy Inn,2.0,"""Located in Monteagle", Red Roof Inn Monteagle - I-24 provides 2-star accommodation with private balconies. The 2-star motel has air-conditioned rooms with a private bathroom and free WiFi. The motel features family rooms.,,,,,
Tennessee,Tullahoma,35.50111,-86.0847,Ambassador Inn,3.0,"""This Manchester", Tennessee hotel is located off Interstate 24 and is 10 minutes drive from Old Stone Fort State Park.  Guests can enjoy an outdoor pool and free Wi-Fi while staying here.,,,,,
Tennessee,Tullahoma,35.45639,-86.0466,Scottish Inn Manchester,2.0,"""Located off Interstate 24", the Scottish Inns Manchester is 15 minutes drive from Arnold Air Force Base. This motel offers free Wi-Fi and an outdoor pool with a sun terrace.,,,,,
Tennessee,Tullahoma,35.24018,-85.84985,Mountain Inn,2.0,"""Located in Monteagle", Tennessee, this motel features free Wi-Fi in each room. It is 9 minutes drive from Sewanee: The University of the South.,,,,
Tennessee,Tullahoma,35.37623,-86.22445,Executive Inn,2.0,"""Located in Tullahoma", Tennessee, this motel is just 3 minutes drive from the city centre and offers free Wi-Fi access. Big Spring Park is 2.3 km from the property.,,,,
Tennessee,Tullahoma,35.1931,-86.04108,The Courtenay,5.0,"""Located 47 km from Great Stage Park", The Courtenay provides accommodation with a terrace, barbecue facilities and a shared kitchen for your convenience.,,,,
Tennessee,Tullahoma,35.20961,-86.1402,Tim Fords Lake House Retreat,5.0,"""Situated in Winchester in the Tennessee region", Tim Fords - Lake House Retreat! features a patio. The air-conditioned accommodation is 31 km from Manchester, and guests benefit from complimentary WiFi and private parking available on site.,,,,
Tennessee,Winchester,35.20961,-86.1402,Tim Fords Lake House Retreat,5.0,"""Situated in Winchester in the Tennessee region", Tim Fords - Lake House Retreat! features a patio. The air-conditioned accommodation is 31 km from Manchester, and guests benefit from complimentary WiFi and private parking available on site.,,,,
Tennessee,Woodbury,41.53347015,-73.20618439,Curtis House,1.0,,,,506 Main Street South WoodburyConnecticut 06798 ,06798,2032632101,http://www.curtishouseinn.com
