State,City,Latitude,Longitude,HotelName,StarRating,Description,HotelFacilities,Attractions,Address,ZipCode,PhoneNumber,HotelWebsiteUrl
Texas,Abilene,32.40028,-99.75336,WoodSpring Suites Abilene,2.0,"""WoodSpring Suites Abilene offers accommodation in Abilene. Free WiFi is available throughout the property.",,,,,,
Texas,Abilene,32.453886,-99.732439,Civic Plaza Hotel ,3.0,This popular hotel provides the ideal base for exploring the area.,Garage,,505 Pine St. AbileneTexas 79601 ,79601,3256760222,http://www.civicplazahotel.net/
Texas,Abilene,32.41386,-99.7788,Wingate by Wyndham Abilene,3.0,"""Located in Abilene", Texas, this hotel is 7 miles from Hardin-Simmons University and boasts an outdoor pool and free Wi-Fi access. Frontier Texas is 15 minutes drive away.,,,,
Texas,Abilene,32.45059,-99.76602,Tower Motel Abilene,2.0,"""Conveniently located along Interstate 20", this Abilene motel is 2 miles from the Frontier Texas museum.  Free Wi-Fi is featured throughout the hotel, and each guest room includes cable TV.,,,,
Texas,Abilene,32.47417,-99.68939,Home2 Suites by Hilton Abilene,3.0,"""Home2 Suites By Hilton Abilene", TX in Abilene has 3-star accommodation with barbecue facilities. With an outdoor swimming pool, the 3-star hotel has air-conditioned rooms with free WiFi, each with a private bathroom. There is free private parking and the property features free airport shuttle service.,,,
Texas,Abilene,32.45437,-99.73421,DoubleTree by Hilton Abilene Downtown Convention Center,5.0,"""Located in Abilene", Doubletree By Hilton Abilene Downtown Convention Center provides a bar. Among the facilities of this property are a restaurant, a 24-hour front desk and a concierge service, along with free WiFi.,,,
Texas,Addison,32.95224,-96.8368,Holiday Inn Express & Suites Dallas Addison,3.0,"""Located 1 mile off the Dallas North Tollway", this hotel is 1.8 miles from Dallas Love Field Airport. It serves a hot breakfast every morning and features an outdoor pool.,,,,,
Texas,Alba,32.87533,-95.63303,Lake Fork Resort,2.0,"""Lake Fork Resort is set in Alba and has a seasonal outdoor swimming pool and barbecue facilities.",,,,,,
Texas,Alba,32.86658,-95.62542,Lake Fork Marina & Motel,2.0,"""Set in Emory", Lake Fork Marina & Motel provides barbecue facilities. The 2-star motel has air-conditioned rooms with a private bathroom and free WiFi. The property features a restaurant.,,,,,
Texas,Alice,27.74238,-98.08452,Scottish Inns Alice,2.0,"""Free WiFi is featured at this Alice", Texas motel. Alice Municipal Golf Course is 5 minutes drive away.,,,,,
Texas,Alice,27.74401,-98.08424,Alice Motor Inn,5.0,"""Situated in Alice", 15 km from San Diego County Courthouse, Alice Motor Inn features accommodation with free WiFi and free private parking. The accommodation provides room service and a 24-hour front desk for guests.,,,,
Texas,Allen,33.12066,-96.66896,Tru By Hilton Allen Dallas Tx,2.0,"""Featuring 2-star accommodation", Tru By Hilton Allen Dallas, Tx is set in Allen, 35 km from Gerald J. Ford Stadium and 35 km from Mockingbird Station. With free WiFi, this 2-star hotel offers a 24-hour front desk. The property is non-smoking and is located 13 km from Historic Downtown Plano.,,
Texas,Alpine,30.36543,-103.64135,Value Lodge,2.0,"""Featuring free Wi-Fi access", this motel is conveniently located just off U.S. Highway 90.,,,,,
Texas,Alpine,30.35419,-103.68698,Antelope Lodge,3.0,"""Located in Alpine", Antelope Lodge provides a garden. There is a barbecue and guests can make use of free WiFi and free private parking.,,,,,
Texas,Alpine,30.35743,-103.66295,The Holland Hotel,4.0,"""Featuring on-site dining", a full bar and free WiFi, this boutique hotel is 1.5 km from Sul Ross University in Alpine, Texas.,,,
Texas,Alpine,30.36099,-103.64998,The Maverick Inn,2.0,"""Located less than 1 mile from Sul Ross State University", this Alpine, Texas motel features a seasonal outdoor swimming pool and rooms with free Wi-Fi access.,,,,
Texas,Alpine,30.34764,-103.69633,Quarter Circle 7 Hotel,3.0,"""Located off Highway 90", this Alpine, Texas hotel features an indoor pool and Spacious guest rooms offer satellite TV and free Wi-Fi.,,,,
Texas,Alpine,29.48138,-103.36586,Terlingua Ranch Lodge,3.0,"""Offering an outdoor pool and free WiFi", Terlingua Ranch Lodge is a 425-acre resort located in Terlingua,Texas, 55 km from Big Bend National Park.,,,
Texas,Alvarado,32.42192,-97.2278,Super 8 Alvarado,2.0,"""A daily continental breakfast and an outdoor swimming pool are offered at this Alvarado motel", 3 miles from Diamond W Arena Complex.,,,,,
Texas,Amarillo,35.1945901,-101.7418222,Econo Lodge Inn & Suites,3.0,"""Simplify travel at the non-smoking Econo Lodge Inn & Suites® hotel in Amarillo", TX, an easy stop on the road where you can find a great place to stay near the Kwahadi Museum.,,,,
Texas,Amarillo,35.19017,-101.92077,The Executive Inn & Suites,2.0,"""Located 7.5 km from Austin Park", The Executive Inn & Suites offers 2-star accommodation in Amarillo and features barbecue facilities. Featuring a garden, the 2-star inn has air-conditioned rooms with free WiFi, each with a private bathroom.,,,
Texas,Amarillo,35.194363,-101.743696,Ramada Amarillo,2.0,,,,7909 I-40 East AmarilloTexas ,,,
Texas,Amarillo,34.98044,-101.91958,Buffalo Inn,2.0,"""This motel is located across the street from West Texas A&M University.  It features free Wi-FI.",,,,,,
Texas,Amarillo,35.18793,-101.93628,Drury Inn & Suites Amarillo,3.0,"""Located a 20 minutes drive away from Rick Husband Amarillo International Airport", this hotel features an indoor swimming pool and a hot tub. Free Wi-Fi is also offered.,,,,,
Texas,Amarillo,35.19291,-101.78345,WoodSpring Suites Amarillo,2.0,"""Featuring free WiFi throughout the property", WoodSpring Suites Amarillo offers accommodation off of Interstate I-40, 6.5 km from BNSF Railway.,,,,
Texas,Amarillo,35.22173,-101.80549,Route 66 Inn,1.0,"""Located just off Interstate 40", this Amarillo motel offers guests free Wi-Fi. A cable TV is also included in each room.,,,,,
Texas,Amarillo,35.19485,-101.81666,Best Western Plus Amarillo East Hotel,5.0,"""Situated in Amarillo", Texas region, Best Western Plus Amarillo East Hotel is located 5.2 km from Austin Park.,,,,
Texas,Angleton,29.19046,-95.43365,Scottish Inn and Suites,3.0,"""Free WiFi is featured at Scottish Inn & Suites Angleton. It offers easy access to US Highway 288", which is 2 miles away.,,,,,
Texas,Arlington,32.64712,-97.13455,InTown Suites Arlington South,2.0,"""Set 14 km from AT&T Stadium", InTown Suites Extended Stay Arlington TX  South offers rooms with air conditioning in Arlington. The property is situated 15 km from Globe Life Park in Arlington, 21 km from Six Flags Over Texas and 26 km from Fort Worth Convention Center. Dickies Arena is 31 km away and Dallas Zoo is 40 km from the hotel.,,,,
Texas,Arlington,32.77081,-97.09595,InTown Suites Six Flags,2.0,"""Set 3.2 km from AT&T Stadium", InTown Suites Extended Stay Arlington TX - Six Flags offers rooms with air conditioning in Arlington. The property is around 3.9 km from Globe Life Park in Arlington, 5.4 km from Six Flags Over Texas and 23 km from Fort Worth Convention Center. Dallas Holocaust Museum is 30 km away and American Airlines Center is 31 km from the hotel.,,,,
Texas,Arlington,32.73927,-97.09557,Americas Best Value Inn Arlington Dallas,2.0,"""Featuring 2-star accommodation", Budget Host Inn is set in Arlington, 1.3 km from AT&T Stadium and 2.3 km from Globe Life Park in Arlington. The 2-star motel has air-conditioned rooms with a private bathroom and free WiFi. Private parking is available on site.,,,,
Texas,Arlington,32.74108,-97.09798,Budget Host Inn of Arlington,2.0,"""The Cowboys Stadium is an 8-minute walk from this hotel in Arlington", Texas. The hotel offers classic guest rooms with free Wi-Fi and cable TV.,,,,,
Texas,Arlington,32.74326,-97.10725,The Sanford House Inn & Spa,4.0,"""Luxurious furnishings and elegant decorations invite you to indulge yourself at The Sanford House Inn & Spa. The on-site Restaurant506 serves gourmet cuisine with an artistic presentation. Free WiFi and a complimentary full breakfast are among the conveniences offered at this boutique hotel.",,,,,,
Texas,Arlington,32.75443,-97.06697,Ranger Inn & Suites,2.0,"""This motel is across from Six Flags over Texas . The motel features a seasonal outdoor pool and rooms with free WiFi.",,,,,,
Texas,Arlington,32.73598,-97.11634,The Thornton Inn Bed and Breakfast,3.0,"""Located at the edge of Arlingtons historic city centre", and across the street from University of Texas at Arlington, this bed and breakfast features a complimentary full country breakfast. Free WiFi access is also available.,,,,
Texas,Arlington,32.70188,-97.11966,InTown Suites Arlington Central,3.0,"""Set 6.9 km from AT&T Stadium", InTown Suites Extended Stay Arlington - Central offers rooms with air conditioning in Arlington. The property is around 8.2 km from Globe Life Park in Arlington, 11 km from Six Flags Over Texas and 27 km from Fort Worth Convention Center. Dallas Holocaust Museum is 37 km from the hotel and American Airlines Center is 38 km away.,,,,
Texas,Arlington,32.7391,-97.1161,Oasis Motel,1.0,"""Oasis Motel is offering accommodation in Arlington. The property is close to several well-known attractions", 800 metres from Arlington Museum of Art, 1.1 km from The University of Texas at Arlington and 1.2 km from Shimadzu Institute for Research Technologies. AT&T Stadium is 2.2 km away.,,,,
Texas,Arlington,32.73597,-97.05485,Abrams Inn Arlington,5.0,"""Set in Arlington", 4.7 km from Six Flags Over Texas and 5.3 km from AT&T Stadium, Abram Inn - Arlington offers air conditioning. It is situated 4.3 km from Globe Life Park in Arlington and features free WiFi plus a 24-hour front desk.,,,,
Texas,Arlington,32.75473,-97.0913,Entertainment District Home,5.0,"""Entertainment District Home", a property with a shared lounge and barbecue facilities, is set in Arlington, 2.2 km from Globe Life Park in Arlington, 2.7 km from Six Flags Over Texas, as well as 3.7 km from Arlington Museum of Art. The air-conditioned accommodation is 2 km from AT&T Stadium, and guests benefit from private parking available on site and free WiFi.
Texas,Athens,32.16292,-96.04565,Countryside Inn,5.0,"""Situated in Malakoff", Countryside Inn features free WiFi throughout the property. Boasting a 24-hour front desk, this property also provides guests with a barbecue. There is a restaurant serving Mexican cuisine, and free private parking is available.,,,
Texas,Athens,32.2211,-95.8195,Quality Inn & Suites Athens,2.0,HotelDescription#This charming Hotel is located in Canton area. Pets are not allowed at Quality Inn & Suites Athens.,,,Athens Texas ,75751,,
Texas,Austin,30.23597,-97.83668,Heart of Texas Motel,1.0,"""This hotel", located 8 miles from the Austin Bergstrom International Airport, offers free parking and WiFi.,,,,
Texas,Austin,30.26527,-97.74639,AMLI On 2nd,4.0,"""Featuring an outdoor swimming pool and a fitness centre", as well as a terrace, Kasa 2nd Street Austin is set in the heart of Austin, not far from Austin Convention Center. Complimentary WiFi is offered.,,,
Texas,Austin,30.25219,-97.74732,Hotel Saint Cecilia,,"""Located within 1.3 km of Austin Convention Center and 2.5 km of Barton Springs Pool", Hotel Saint Cecilia in Austin offers free bikes and rooms with free WiFi. Each accommodation at the 5-star hotel has pool views, and guests can enjoy access to an outdoor swimming pool featuring six poolside bungalows. The hotel provides a terrace and a 24-hour front desk.,,,,
Texas,Austin,30.25069,-97.74959,Hotel San Jose,4.0,"""Located 1.6 km from Austin Convention Center", Hotel San Jose offers 4-star accommodation in Austin and has an outdoor swimming pool. This property is set a short distance from attractions such as Palmer Events Center and Town Lake. Barton Springs Pool is 2.4 km away.,,,,,
Texas,Austin,30.245157,-97.73027,Execustay Amli South Shore,3.0,HotelDescription#Further information about this hotel will be available shortly,NO Garage NO Disability-friendly bathroom NO Smoking rooms NO Small pets allowed (under 5 kg) NO Car park NO Connecting rooms NO Large pets allowed (over 5 kg) NO Wheelchair-accessible,,1620 E Riverside Drive Austin 78741Texas ,78741,,http://www.amli.com/apartments/austin/central-east
Texas,Austin,30.37494,-97.67691,WoodSpring Suites Austin North I 35,2.0,"""Located at the intersection of I-35 North and East Braker Lane", WoodSpring Suites Austin North I-35 offers free WiFi access.,,,,,
Texas,Austin,30.3218,-97.95415,Mountain Star Lodge,5.0,"""Located 26 km from Austin Convention Center", Mountain Star Lodge offers a seasonal outdoor swimming pool, a garden and air-conditioned accommodation with a terrace and free WiFi.,,,,
Texas,Austin,30.43768,-97.77538,Crestwood Suites of Austin,2.0,"""Featuring 2-star accommodation", InTown Suites Extended Stay Austin TX - Research Blvd is located in Jollyville, 23 km from University of Texas at Austin and 23 km from Frank Erwin Center - University of Texas. Featuring a fitness centre, the 2-star motel has air-conditioned rooms with a private bathroom. Austin Convention Center is 25 km away and Dell Diamond is 26 km from the motel.,,,
Texas,Austin,30.3458012835437,-97.6966872811317,Austin Suites,1.0,,,,Austin Texas ,,5122835050,
Texas,Austin,30.338739395,-97.698669434,Days Inn Austin Crossroads,2.0,"""Facilities",,,,,,
Texas,Austin,30.230201,-97.742801,Suburban Extended Stay Austin South,2.0,The Hotel is centrally located in South Austin. We are Austins best affordable extended stay.,Hotel Fridge Laundry service Hotel safe Lift access Breakfast Non-smoking establishment,,16950 N I 35 AUSTIN ,78741,,
Texas,Austin,30.32842,-97.705,Drury Inn & Suites Austin North,3.0,"""Located 6.5 miles from Austin town centre", this hotel features an outdoor swimming pool. Free Wi-Fi is also provided.,,,,,
Texas,Austin,30.216862,-97.68972,Hawthorn Suites by Wyndham Austin Airport,3.0,,,,7800 East Riverside Drive AustinTexas 78744 ,78744,2476166,http://hawthorn-suites-airport.austinhotelsweb.com/en/
Texas,Austin,30.533131,-97.6930272,Holiday Inn Express Hotel & Suites Austin Round Rock,3.0,"""Escape the ordinary and stay with us at the Holiday Inn Express Hotel and Suites Austin and Round Rock. Prepare to explore Austin Round Rock with our Express Start Breakfast featuring a variety of breakfast items from healthy to indulgent. ",,,,,,
Texas,Austin,30.404253,-97.931552,Vintage Villas Hotel And Conference Center,1.0,,,,4209 Eck Lane AustinTexas 78734 ,78734,5122669333,http://www.vintagevillas.com
Texas,Austin,30.22953,-97.74443,The Grand Peers Hotel,3.0,"""Located just off Interstate 35 in Austin", TX, Peers Hotels features free WiFi.,,,,
Texas,Austin,30.29101,-97.74191,Drifter Jack's Hostel,2.0,"""Located 3 km from Austin city centre", Drifter Jacks Hostel provides free WiFi access.,,,,,
Texas,Austin,30.18229,-98.14748,Camp Lucy,4.0,"""Camp Lucy features an outdoor swimming pool", fitness centre and bar in Dripping Springs. All rooms boast a flat-screen TV with satellite channels and a private bathroom. The on-site restaurant serves American cuisine.,,,,,
Texas,Austin,30.18557,-97.77301,Austin Lone Star RV Resort,2.0,"""Situated in Austin", 10 km from Austin Convention Center, Austin Lone Star RV Resort offers an outdoor swimming pool and rooms with free WiFi access. The property is around 12 km from Capitol Building, 12 km from Frank Erwin Center - University of Texas and 12 km from Barton Springs Pool. Texas Memorial Stadium is 13 km away and University of Texas at Austin is 13 km from the resort.,,,
Texas,Austin,30.27757,-97.75476,Brava House B&b,5.0,"""Situated in Austin", 2 km from Shoal Beach and 1.6 km from Capitol Building, Brava House B&B features accommodation with free WiFi, air conditioning and access to a garden with a terrace.,,,
Texas,Austin,30.26823,-97.74114,Firehouse Lounge & Hostel,1.0,"""Located in Austins oldest standing fire station", this unique hostel offers conveniences such as free WiFi. The Texas Capitol Building is 0.5 miles away.,,,,,
Texas,Austin,30.25702,-97.72514,HK Austin,2.0,"""Come experience the hip East Side like nobody else. ",,,,,,
Texas,Austin,30.2694,-97.73595,Guild Red River,4.0,"""Situated in Austin", Guild Red River features accommodation with free WiFi, a flat-screen TV and a kitchen. The accommodation features a spa bath.,,,,
Texas,Austin,30.26472,-97.73196,Guild East 6th,4.0,"""Offering an outdoor pool and rooftop terrace", Guild East 6th is situated in Austin, less than 1 km from 6th Street. Austin Convention Center is 800 metres away and private parking is available on site.,,,,
Texas,Austin,30.2062,-97.75706,WoodSpring Suites Signature Austin South Central,2.0,"""WoodSpring Suites Austin South Central I-35 is situated in Austin", 6 km from Austin Convention Center and 7 km from Barton Springs Pool.,,,,,
Texas,Austin,30.37908,-97.67568,Austin Motor Inn,1.0,"""Featuring an outdoor swimming pool and free WiFi throughout the property", Austin Motor Inn offers accommodation in Austin, 11 km from University of Texas at Austin. Free private parking is available on site.,,,,
Texas,Austin,30.41559,-97.93042,La Hacienda,2.0,"""Sun Outdoors Lake Travis is situated in Hudson Bend", 33 km from University of Texas at Austin and features air-conditioned accommodation with free WiFi, as well as access to an outdoor swimming pool and a childrens playground.,,,,
Texas,Austin,30.25799,-97.72794,Heywood Hotel,5.0,"""Modern furnishings and convenient amenities such as free WiFi are featured in this eco-friendly hotel. The Texas Capitol is 6 minutes drive away.",,,,,,
Texas,Austin,30.30628,-97.7129,Deluxe Inn Austin,1.0,"""This Austin", Texas motel offers free on-site parking and rooms with a cable TV.,,,,,
Texas,Austin,30.24518,-97.72343,HI Austin Hostel,1.0,"""Located along the Ann and Roy Butler Hike-and-Bike Trail adjacent to Lady Bird Lake", this HI - Austin Hostel provides dormitory rooms with free WiFi. Guests have access to a shared kitchen and games room.,,,,,
Texas,Austin,30.49687,-97.83872,Beth & Bella Tx Concierge,5.0,,,,1304 David Cove Cedar ParkTexas 78613 ,78613,,
Texas,Austin,30.19274,-98.01758,Whitetail Ridge Retreat,5.0,"""Situated in Dripping Springs in the Texas region", Whitetail Ridge Retreat features accommodation with free WiFi.,,,,,
Texas,Austin,30.26269,-97.72588,Guild East 6th at The Arnold,4.0,"""Offering garden views", Guild East 6th @ The Arnold is situated in the East Austin district of Austin, 1.8 km from Austin Convention Center and 2.4 km from Capitol Building. Free WiFi is provided.,,,,
Texas,Austin,30.36922,-97.69293,InTown Suites Austin Lamar Blvd,2.0,"""Featuring 2-star accommodation", InTown Suites Extended Stay Austin TX - North Lamar is set in Austin, 12 km from University of Texas at Austin and 12 km from Frank Erwin Center - University of Texas. The property is situated 13 km from Texas Memorial Stadium, 13 km from Capitol Building and 14 km from Austin Convention Center. Dell Diamond is 24 km from the hotel and Circuit Of The Americas is 37 km away.,,,
Texas,Austin,30.17398,-98.08451,Outpost Motel,5.0,"""Situated in Dripping Springs", within 39 km of Austin Convention Center and 40 km of Capitol Building, Outpost Motel features accommodation with barbecue facilities and free WiFi as well as free private parking for guests who drive. The property is around 41 km from Frank Erwin Center - University of Texas, 41 km from Texas Memorial Stadium and 42 km from University of Texas at Austin. Umlauf Sculpture Garden and Museum is 37 km away and Palmer Events Center is 39 km from the motel.,,,
Texas,Austin,30.26091,-97.73796,Bates Motel,5.0,,,,123 Rainey Street AustinTexas 78701 ,78701,,
Texas,Austin,30.32576,-97.7553,Rosedale House,5.0,"""Rosedale House Home offers accommodation in Austin. The holiday home is 3.1 km from University of Texas at Austin.",,,,,,
Texas,Austin,30.26241,-97.71479,Hostel 512,5.0,"""Set in Austin", 2.7 km from Festival Beach, HOSTEL 512 offers accommodation with a garden, private parking, a shared lounge and a terrace. Among the facilities at this property are a shared kitchen and luggage storage space, along with free WiFi throughout the property. Austin Convention Center is 3 km from the hostel and Capitol Building is 3.4 km away.,
Texas,Austin,30.19692,-98.10959,Amici B&B,5.0,"""Located in Dripping Springs", Amici BnB offers accommodation with free WiFi.,,,,,
Texas,Austin,30.33204,-97.84941,Guesthouse Cabin Near The River,4.0,"""Set in Austin on 1.3 acres and located 11 km from downtown Austin", Lake Austin Luxury Guesthouse Cabin & Suite Retreat offers accommodation with free WiFi. The property offers a private heated pool, a hot tub, outdoor fireplace and private balconies.,,,
Texas,Austin,30.44075,-98.0204,Vela Villa,5.0,"""Vela Villa is set in Lago Vista. Guests may enjoy the free WiFi throughout the property.",,,,,,
Texas,Austin,30.18135,-98.18607,The Alexander at Creek Road,5.0,"""Situated in Dripping Springs", 47 km from Umlauf Sculpture Garden and Museum, The Alexander at Creek Road features accommodation with a garden, free private parking and barbecue facilities. Boasting family rooms, this property also provides guests with a sun terrace. The accommodation offers a concierge service and free WiFi.,,
Texas,Austin,30.51343,-97.67744,The Ruby Hotel,5.0,"""The Ruby Hotel features a fitness centre", garden, a terrace and restaurant in Round Rock. Providing a bar, the property is located within 5.6 km of Dell Diamond. Free WiFi is available and University of Texas at Austin is 29 km away.,,,
Texas,Austin,30.45668,-97.6685,Uptown Suites Extended Stay Austin TX  Round Rock,3.0,"""Set in Austin", within 14 km of Dell Diamond and 22 km of University of Texas at Austin, Uptown Suites Extended Stay Austin TX - Round Rock offers accommodation with a fitness centre and free WiFi as well as free private parking for guests who drive. This 3-star hotel offers a 24-hour front desk and luggage storage space. The property is non-smoking and is situated 22 km from Frank Erwin Center - University of Texas.,,,,
Texas,Austin,30.33801,-97.69532,Uptown Suites Extended Stay Austin TX Downtown,3.0,"""Situated in Austin", within 8.4 km of University of Texas at Austin and 8.7 km of Frank Erwin Center - University of Texas, Uptown Suites Extended Stay Austin TX - Downtown features accommodation with a fitness centre and as well as free private parking for guests who drive. This 3-star hotel offers a 24-hour front desk. The property is non-smoking and is located 9.2 km from Texas Memorial Stadium.,,,,
Texas,Austin,30.26478,-97.73069,East Austin Hotel,3.0,"""Conveniently located in Austin", East Austin Hotel offers air-conditioned rooms, an outdoor swimming pool, free WiFi and a terrace. This 3-star hotel offers a bar. Private parking is available on site.,,,
Texas,Austin,30.26224,-97.75875,The Carpenter Hotel,3.0,"""Located in Austin", 1 km from Shoal Beach, The Carpenter Hotel provides accommodation with an outdoor swimming pool, private parking, a terrace and a restaurant. Among the facilities at this property are room service and a 24-hour front desk, along with free WiFi throughout the property. Guests can have a drink at the bar.,
Texas,Austin,30.34781,-97.96689,La Quinta Inn & Suites by Wyndham Lakeway,3.0,"""La Quinta Inn & Suites by Wyndham Lakeway features a fitness centre", shared lounge, a restaurant and bar in Lakeway. Among the facilities at this property are a 24-hour front desk and an ATM, along with free WiFi throughout the property. The property is allergy-free and is located 30 km from Austin Convention Center.,,,
Texas,Austin,30.52524,-97.82427,Hampton Inn & Suites Cedar Park North Austin TX,5.0,"""Located within 22 km of Dell Diamond and 34 km of University of Texas at Austin", Hampton Inn & Suites Cedar Park North Austin, Tx provides rooms with air conditioning and a private bathroom in Cedar Park. The property is set 34 km from Frank Erwin Center - University of Texas, 34 km from Capitol Building and 35 km from Texas Memorial Stadium. Mount Bonnell is 28 km from the hotel and Lyndon Baines Johnson Library and Museum is 33 km away.,,,
Texas,Austin,30.2618,-97.72292,ARRIVE Austin,4.0,"""Set in Austin", 2 km from Festival Beach, ARRIVE Austin offers accommodation with a terrace, private parking, a restaurant and a bar. This 4-star hotel offers room service, a 24-hour front desk and free WiFi. The property is non-smoking and is situated 2.9 km from Shoal Beach.,
Texas,Austin,30.28217,-97.74305,AC Hotel by Marriott Austin-University,4.0,"""Attractively situated in the centre of Austin", AC Hotel by Marriott Austin-University features air-conditioned rooms, a fitness centre, free WiFi and a restaurant. This 4-star hotel offers a 24-hour front desk and an ATM. Private parking is available on site.,,,
Texas,Austin,30.33181,-97.96889,SpringHill Suites by Marriott Austin West/Lakeway,3.0,"""Located in Lakeway", 28 km from Austin Convention Center, SpringHill Suites by Marriott Austin West/Lakeway provides accommodation with a fitness centre, private parking, a shared lounge and a terrace. This 3-star hotel offers a 24-hour front desk and a business centre. The property is non-smoking and is situated 29 km from Capitol Building.,,
Texas,Austin,30.255525,-97.752196,Desirable Bouldin Suites By Sonder,3.0,"""<p>HeadLine : In Austin (Bouldin Creek)</p><p>Location : With a stay at Sonder Bouldin Creek in Austin (Bouldin Creek)", you ll be within a 5-minute drive of Sixth Street and South Congress Avenue.  This aparthotel is 2.8 mi (4.6 km) from University of Texas at Austin and 0.5 mi (0.9 km) from Lady Bird Lake.</p><p>Rooms : Make yourself at home in one of the 8 individually furnished guestrooms, featuring kitchens with full-sized refrigerators/freezers and ovens. 42-inch flat-screen televisions are provided, with digital programming available. Conveniences include desks and separate sitting areas.</p><p>CheckIn Instructions : <ul>  <li>Extra-person charges may apply and vary depending on property policy</li><li>Government-issued photo identification and a credit card may be required at check-in for incidental charges</li><li>Special requests are subject to availability upon check-in and may incur additional charges; special requests cannot be guaranteed</li><li>Guests must contact this property in advance to reserve cribs/infant beds</li><li>This property accepts credit cards; cash is not accepted</li>  </ul></p><p>Special Instructions : There is no front desk at this property. To make arrangements for check-in please contact the property at least 24 hours before arrival using the information on the booking confirmation. Guests will be asked to provide the property with a copy of their government-issued photo ID before arrival. ,,,
Texas,Austin,30.28123,-97.710697,Kasa East Austin Apartments,4.0,"""<p>HeadLine : In Austin (Chestnut)</p><p>Location : With a stay at this apartment in Austin (Chestnut)", you ll be within a 5-minute drive of University of Texas at Austin and Sixth Street.  This 4-star apartment is 2.5 mi (4.1 km) from Texas State Capitol and 2.7 mi (4.4 km) from Austin Convention Center.</p><p>Rooms : Make yourself comfortable in this individually decorated apartment, featuring a kitchen with a full-sized refrigerator/freezer and an oven. Your memory foam bed comes with a down comforter. There s a private balcony or patio. A 50-inch Smart television with satellite programming provides entertainment, while complimentary wireless Internet access keeps you connected.</p><p>CheckIn Instructions : <ul>  <li>Extra-person charges may apply and vary depending on property policy</li><li>Government-issued photo identification and a credit card may be required at check-in for incidental charges</li><li>Special requests are subject to availability upon check-in and may incur additional charges; special requests cannot be guaranteed</li><li>This property accepts credit cards; cash is not accepted</li><li>Onsite parties or group events are strictly prohibited</li><li>Safety features at this property include a carbon monoxide detector and a smoke detector</li>  </ul></p><p>Special Instructions : There is no front desk at this property. Prior to arrival, guests must complete online registration with the property via a secure link. Guests will be asked to provide the property with a copy of their government-issued photo ID before arrival. ,,
Texas,Austin,30.264254,-97.715553,East Austin Home By Domio,4.0,,,,2401 East 9Th Street  ,78702,9179933107,
Texas,Austin,30.26565,-97.74174,Railyard Condos by Onyx Hotels,3.0,"""This Austin apartment rental has an outdoor swimming pool with a sun terrace and free on-site parking. The property is located 3 miles from the University of Texas at Austin.",,,,,,
Texas,Austin,30.25481,-98.14777,4755 Fitzhugh Road Cabin And 5 Airstreams Cabin,5.0,"""Set in Dripping Springs in the Texas region", 4755 Fitzhugh Road Cabin And 5 Airstreams Cabin features a garden. Guests staying at this holiday home have access to a patio.,,,,,
Texas,Austin,30.38634,-97.98944,219 Comanche Home,5.0,"""Boasting air-conditioned accommodation with a patio", 219 Comanche Home is situated in Lago Vista. Guests benefit from a balcony and a childrens playground.,,,,,
Texas,Austin,30.23725,-97.74802,Austin Condo in Hip Travis Heights 1 Br condo by RedAwning,5.0,"""Located 2.9 km from Austin Convention Center and 3.7 km from Barton Springs Pool", Austin Condo in Hip Travis Heights Condo offers accommodation in Austin. The unit is 4 km from Capitol Building.,,,,,
Texas,Austin,30.24597,-97.75749,606 W Johanna Duplex Unit B 3 Br apts by RedAwning,5.0,"""606 W Johanna Townhouse Unit B Townhouse offers accommodation in Austin", 2.4 km from Barton Springs Pool and 2.5 km from Austin Convention Center. Guests benefit from patio.,,,,,
Texas,Austin,30.17298,-97.83435,10202 Wommack Rd Home,5.0,"""Located in Austin in the Texas Region", this holiday home is 12 km from Barton Springs Pool. The holiday home is 14 km from Austin Convention Center.,,,,,
Texas,Austin,30.17298,-97.83435,10202 Wommack Rd Cabin,5.0,"""Set in Austin in the Texas region", 10202 Wommack Rd Cabin features a balcony. The air-conditioned accommodation is 17 km from Austin Convention Center, and guests benefit from private parking available on site and free WiFi.,,,,
Texas,Austin,30.24348,-97.7604,Hip Austin Bungalow Home,5.0,"""Hip Austin Bungalow Home is a holiday home set in Austin in the Texas Region and is 2.5 km from Barton Springs Pool. Guests benefit from patio.",,,,,,
Texas,Austin,30.24574,-97.73297,Skyline View Austin House by RedAwning,5.0,"""Located in Austin", 2.5 km from Shoal Beach and 2.4 km from Austin Convention Center, Inglewood House provides air-conditioned accommodation with a patio and free WiFi. Guests staying at this holiday home have access to a balcony.,,,,
Texas,Austin,30.281876,-97.704613,Enjoy a Curated Designer Home With Rooftop Deck,3.0,,,,East 18Th 1 2 Street 3010  ,78702,9179933107,
Texas,Austin,30.33071,-97.78941,The Austin Country Club Estate,5.0,"""Set in Austin", 10 km from Barton Springs Pool and 13 km from Austin Convention Center, The Austin Country Club Estate offers air-conditioned accommodation with a patio and free WiFi. This holiday home features a private pool, a garden and free private parking.,,,
Texas,Austin,30.255192,-97.731766,4br 2.5ba Holly Heaven Home,3.0,,,,1407 Holly Street  ,78702,9179933107,
Texas,Austin,30.63311,-97.56548,Rocky Overlook at Scurlock Farms,5.0,"""Offering free bike rentals", Rocky Overlook at Scurlock Farms is 10 minutes drive away from Southwestern University. Fresh-baked muffins and fresh fruit are offered upon arrival.,,,,,
Texas,Austin,30.63303,-97.56462,The Palette Pad at Scurlock Farms,5.0,"""Offering muffins and fresh fruit upon arrival", The Palette Pad at Scurlock Farms is a 10-minute drive from Southwestern University. Free WiFi is available in this home.,,,,,
Texas,Austin,30.2268,-97.7615,Modern 2BR South Congress by WanderJaunt,5.0,"""Set in Austin", within 7 km of Austin Convention Center and 7 km of Barton Springs Pool, Modern 2BR in South Congress #477 by WanderJaunt offers accommodation with free WiFi, air conditioning and a fitness centre. This apartment is 9 km from Texas Memorial Stadium and 9 km from University of Texas at Austin.,,,
Texas,Austin,30.235088,-97.743729,Spacious 3 BR Near Downtown by Domio,4.0,,,,2210 Schriber Street  ,78704,9179933107,
Texas,Austin,30.284908,-97.710289,Chic 3BR Austin Home by Domio,3.0,,,,2206 Alexander Avenue  ,78722,9179933107,
Texas,Austin,30.405157,-97.713703,The Domain Premier Suites By Sonder,3.0,"""<p>HeadLine : In Austin (North Burnet)</p><p>Location : With a stay at Sonder at The Domain in Austin (North Burnet)", you ll be a 3-minute drive from St. David s North Austin Medical Center and 6 minutes from The Domain.  This aparthotel is 8 mi (12.9 km) from Lake Austin and 10.6 mi (17 km) from University of Texas at Austin.</p><p>Rooms : Make yourself at home in one of the 12 individually decorated guestrooms, featuring kitchens with full-sized refrigerators/freezers and ovens. Rooms have private balconies. Flat-screen televisions are provided for your entertainment. Conveniences include separate sitting areas and microwaves.</p><p>Renovations : The following facilities or services will be unavailable from July 1 2021 to September 1 2022 (dates subject to change): <ul><li>Dining venue(s)</li><li>Fitness facilities</li></ul></p><p>CheckIn Instructions : <ul>  <li>Extra-person charges may apply and vary depending on property policy</li><li>Government-issued photo identification and a credit card, debit card, or cash deposit may be required at check-in for incidental charges</li><li>Special requests are subject to availability upon check-in and may incur additional charges; special requests cannot be guaranteed</li><li>The name on the credit card used at check-in to pay for incidentals must be the primary name on the guestroom reservation</li><li>Guests must contact this property in advance to reserve cribs/infant beds</li><li>This property accepts credit cards; cash is not accepted</li>  </ul></p><p>Special Instructions : There is no front desk at this property. Guests will be asked to provide the property with a copy of their government-issued photo ID before arrival. ,,
Texas,Austin,30.29483,-97.77222,The Arrive Clarksville Retreat Home,5.0,"""Set in Austin in the Texas region", The Arrive Clarksville Retreat Home features a patio. The air-conditioned accommodation is 5 km from Capitol Building, and guests benefit from private parking available on site and free WiFi.,,,,
Texas,Austin,30.25444,-97.78217,Zilker Zen 3 Br Home,5.0,"""Located in Austin", 2.9 km from Barton Springs Pool and 6 km from Austin Convention Center, Zilker Zen House Home provides air-conditioned accommodation with a patio and free WiFi. This holiday home features a private pool, a garden and free private parking.,,,
Texas,Austin,30.30885,-97.88,The Angelwylde Serenity Estate 3 Br Home,5.0,"""Set in Austin", 15 km from Barton Springs Pool and 21 km from Austin Convention Center, The Angelwylde Serenity Estate Home offers air-conditioned accommodation with a patio and free WiFi. This holiday home features a private pool, a garden and free private parking.,,,
Texas,Austin,30.42611,-97.85861,12516 Verandah Home,5.0,"""Located in Four Points", 12516 Verandah Home provides accommodation with a private pool. The air-conditioned accommodation is 39 km from Georgetown, and guests benefit from complimentary WiFi and private parking available on site.,,,,
Texas,Austin,30.35993,-97.84872,The Arrive Playground Estate,5.0,"""Situated in River Hills", The Arrive Playground Estate features accommodation with a private pool. The air-conditioned accommodation is 47 km from Wimberley, and guests benefit from complimentary WiFi and private parking available on site.,,,,
Texas,Austin,30.34905,-97.87193,Big View Drive Home,5.0,"""Boasting a garden", private pool and lake views, Big View Drive Home is situated in River Hills. The air-conditioned accommodation is 42 km from Del Valle, and guests benefit from complimentary WiFi and private parking available on site.,,,
Texas,Austin,30.33491,-97.81884,The Arrive Emerald 5 Br Home,5.0,"""Located in Austin", 15 km from Barton Springs Pool and 20 km from Capitol Building, The Arrive Emerald Estate Home Home provides air-conditioned accommodation with a patio and free WiFi. This apartment features a private pool, a garden and free private parking.,,,
Texas,Austin,30.42585,-97.96525,Chardonnay Haus on Lake Travis,5.0,"""Chardonnay Haus on Lake Travis offers accommodation in North Shore Acres", 28 km from Austin. This holiday home boasts views of the lake and is 29 km from Round Rock.,,,,,
Texas,Austin,30.37505,-97.98221,Hill Country Lake Home,5.0,"""Located in Lakeway", Hill Country Lake Home provides accommodation with a patio and free WiFi. The accommodation is 44 km from Wimberley.,,,,,
Texas,Austin,30.24956,-97.75165,Soco Treehouse Studio,5.0,"""SoCo Treehouse Studio is a studio located in Austin", 1.8 km from Austin Convention Center. The apartment is 2.4 km from Barton Springs Pool.,,,,,
Texas,Austin,30.28298,-97.82893,The Canyon View Estate Home,5.0,"""Situated in Austin", The Canyon View Estate Home features a private pool. The air-conditioned accommodation is 10 km from Barton Springs Pool, and guests benefit from private parking available on site and free WiFi.,,,,
Texas,Austin,30.281591,-97.707153,New 4BR East Side Home by Domio,3.0,,,,1810 Sanchez Street  ,78702,9179933107,
Texas,Austin,30.42801,-97.96275,Shiraz Haus on Lake Travis,5.0,"""Shiraz Haus on Lake Travis offers accommodation in North Shore Acres", 28 km from Austin. this holiday home boasts views of the lake and is 29 km from Round Rock.,,,,,
Texas,Austin,30.29765,-97.7154,Light filled Charmer Home Home,5.0,"""Located 2.8 km from Texas Memorial Stadium and 3.8 km from Frank Erwin Center - University of Texas in Austin", Light-Filled Charmer Home Home offers accommodation with a kitchen. This holiday home features a garden.,,,,,
Texas,Austin,30.42536,-97.92638,6107 Hudson Bend Rd Home,5.0,"""Situated in Hudson Bend in the Texas region", 6107 Hudson Bend Rd Home has a patio. The air-conditioned accommodation is 28 km from Cedar Park, and guests benefit from complimentary WiFi and private parking available on site.,,,,
Texas,Austin,30.24597,-97.75749,606 W Johanna Street Duplex Unit A Apts,5.0,"""Situated 2.4 km from Barton Springs Pool in Austin", this air-conditioned apartment features a patio. The unit is 2.5 km from Austin Convention Center.,,,,,
Texas,Austin,30.2777,-97.76119,Tiny House,5.0,"""Situated in Austin", within 3.2 km of Capitol Building and 3.4 km of Frank Erwin Center - University of Texas, Tiny House features accommodation with free WiFi. The property is located within 4.2 km of University of Texas at Austin. The property is 4.3 km from Texas Memorial Stadium and 5 km from Barton Springs Pool.,,,,
Texas,Austin,30.259905,-97.706734,Ultimate Escape w Basketball Court by Domio,4.0,,,,3015 Garwood Street  ,78702,9179933107,
Texas,Austin,30.3356,-97.84668,The Arrive Sapphire Home Home,5.0,"""Located in Austin", 14 km from Barton Springs Pool and 21 km from Austin Convention Center, The Arrive Sapphire Home Home provides air-conditioned accommodation with a patio and free WiFi. This holiday home features a private pool, a garden and free private parking.,,,
Texas,Austin,30.31269,-97.86531,The Authentic Atx Experience Estate Home,5.0,"""Set in Austin", 13 km from Barton Springs Pool and 20 km from Austin Convention Center, The Authentic Atx Experience Estate Home offers air-conditioned accommodation with a patio and free WiFi. This holiday home has a private pool, a garden and free private parking.,,,
Texas,Austin,30.24554,-97.75553,412 W Johanna St Home,5.0,"""Set in Austin in the Texas region", 412 W Johanna St Home has a patio. The air-conditioned accommodation is 2.1 km from Shoal Beach, and guests benefit from private parking available on site and free WiFi.,,,,
Texas,Austin,30.3084,-97.79803,805 The High Road Home,5.0,"""805 The High Road Home is situated in Austin", 7 km from Barton Springs Pool, 10 km from Austin Convention Center, as well as 10 km from Capitol Building. Guests staying at this holiday home have access to a fully equipped kitchen and a patio.,,,
Texas,Austin,30.37522,-97.98196,Challenger Holiday Home,5.0,"""Located 26 km from Austin and 33 km from Round Rock", Challenger Holiday Home Home offers accommodation in Lakeway. Guests benefit from terrace.,,,,,
Texas,Austin,30.25831,-97.72996,Willow Householiday Home In Austin,5.0,"""Situated in Austin in the Texas Region", this detached holiday home is 1 km from Austin Convention Center. Guests benefit from terrace.,,,,,
Texas,Austin,30.37358,-97.98813,Lake House Lake Travis,5.0,"""Set in Point Venture in the Texas region", Lake House - Lake Travis features a garden. The air-conditioned accommodation is 44 km from Del Valle.,,,,,
Texas,Austin,30.24576,-97.75813,Sofi House Home,5.0,"""SoFi House Home is a detached holiday home set in Austin in the Texas Region and is 2.4 km from Barton Springs Pool. The holiday home is 2.5 km from Austin Convention Center.",,,,,,
Texas,Austin,30.27738,-98.04789,17514 Village Drive Home,5.0,"""Located in Fitzhugh", 17514 Village Drive Home provides accommodation with a patio and free WiFi. The accommodation is 49 km from Canyon Lake.,,,,,
Texas,Austin,30.30463,-97.86407,The Arrive Clifftop Estate Home,5.0,"""Situated in Austin", 14 km from Barton Springs Pool and 21 km from Austin Convention Center, The Arrive Clifftop Estate Home features air-conditioned accommodation with a patio and free WiFi. This holiday home has a private pool, a garden and free private parking.,,,
Texas,Austin,30.29607,-97.84098,Hill Country Home,5.0,"""Located in Austin", 9 km from Barton Springs Pool, 16 km from Austin Convention Center and 17 km from Capitol Building, Hill Country Home provides accommodation with a patio and free WiFi. This property offers access to a balcony.,,,
Texas,Austin,30.40207,-97.695,The Lodge On Walnut Creek,5.0,"""Set in Austin in the Texas Region", this detached holiday home is 12 km from University of Texas at Austin. The air-conditioned unit is 14 km from Texas Memorial Stadium.,,,,,
Texas,Austin,30.20292,-98.10636,Dripping Springs Home,5.0,"""Set in Dripping Springs in the Texas region", Dripping Springs Home features a patio. The air-conditioned accommodation is 47 km from Del Valle, and guests benefit from complimentary WiFi and private parking available on site.,,,,
Texas,Austin,30.272224,-97.724716,Divine 3br 2.5ba Downtown east side Home by Domio,3.0,,,,1195 Angelina Street  ,78702,9179933107,
Texas,Austin,30.296,-97.7414,3BR Townhome UT Austin by WanderJaunt,5.0,"""Set in Austin", 2.1 km from Texas Memorial Stadium and 2.1 km from University of Texas at Austin, 3BR Townhome near UT Austin by WanderJaunt offers free WiFi and air conditioning. The property is 5 km from Austin Convention Center and 7 km from Barton Springs Pool.,,,,
Texas,Austin,30.26008,-97.77145,1112 Robert E Lee Condo Unit B,5.0,"""1112 Robert E Lee Condo Unit B has a patio and is set in Austin", within just 1.4 km of Barton Springs Pool and 700 metres of Umlauf Sculpture Garden and Museum. The air-conditioned accommodation is 2.2 km from Shoal Beach, and guests benefit from complimentary WiFi and private parking available on site.,,,,
Texas,Austin,30.2488,-97.77336,Home And Guest House 2113,5.0,"""Home and Guest House 2113 Home is a holiday home with a terrace", located in Austin, 1.9 km from Barton Springs Pool. Guests benefit from balcony and a barbecue.,,,,
Texas,Austin,30.26193,-97.77459,Barton Hills Condominiums,5.0,"""Barton Hills Condo is set in the South Austin district of Austin", 4.2 km from Austin Convention Center, 6 km from Capitol Building and 6 km from Frank Erwin Center - University of Texas. The air-conditioned accommodation is 1.8 km from Barton Springs Pool, and guests benefit from complimentary WiFi and private parking available on site.,,,
Texas,Austin,30.27761,-97.76103,Urban Bungalow,5.0,"""Located in Austin", 3.1 km from Capitol Building and 3.4 km from Frank Erwin Center - University of Texas, Urban Bungalow provides air-conditioned accommodation with a patio and free WiFi. The property is 5 km from Barton Springs Pool and 5 km from Austin Convention Center.,,,,
Texas,Austin,30.4602,-97.98835,Casa Oasis,5.0,"""Casa Oasis is located in Lago Vista. The air-conditioned accommodation is 22 km from Cedar Park.",,,,,,
Texas,Austin,30.38069,-97.95857,The Nest on Lake Travis,5.0,"""The Nest on Lake Travis is set in Buffalo Gap", 35 km from University of Texas at Austin, 36 km from Capitol Building, as well as 36 km from Frank Erwin Center - University of Texas. The accommodation is 34 km from the Austin Convention Center and features free WiFi throughout the property.,,,
Texas,Austin,30.38069,-97.95857,The Perch on Lake Travis,5.0,"""The Perch on Lake Travis is situated in Buffalo Gap", 35 km from University of Texas at Austin, 36 km from Capitol Building, and 36 km from Frank Erwin Center - University of Texas. The accommodation is 34 km from the Austin Convention Center and has free WiFi throughout the property.,,,
Texas,Austin,30.45142,-97.99478,Backs To Lago Vista Golf Course,5.0,"""Backs to Lago Vista Golf Course is situated in Lago Vista. The air-conditioned accommodation is 23 km from Cedar Park.",,,,,,
Texas,Austin,30.29601,-97.77261,Tarrytown Retreat,5.0,"""Tarrytown Retreat offers accommodation in Austin", 5 km from Capitol Building and 5 km from Frank Erwin Center - University of Texas. Free WiFi is available in the holiday home, located 6 km from University of Texas at Austin.,,,,
Texas,Austin,30.41418,-97.89352,Comanche Trail Guest House,5.0,"""Comanche Trail Guest House is situated in Volente. The air-conditioned accommodation is 44 km from Del Valle.",,,,,,
Texas,Austin,30.23871,-97.7408,The Fairlawn,5.0,"""Situated in Austin", 4.4 km from Austin Convention Center and 5 km from Barton Springs Pool, The Fairlawn offers air conditioning. This holiday home is 7 km from Texas Memorial Stadium and 7 km from University of Texas at Austin.,,,,
Texas,Austin,30.44032,-98.0214,Texas On The Lake,5.0,"""Texas on the Lake is located in Lago Vista. The rooms come with a patio with lake views and free WiFi.",,,,,,
Texas,Austin,30.34212,-97.85551,Open Concept Cabin,5.0,"""Open-Concept Cabin Cabin is a holiday home situated in River Hills in the Texas Region and is 14 km from Austin. The air-conditioned unit is 25 km from Round Rock.",,,,,,
Texas,Austin,30.48267,-97.65343,Aloft Austin Round Rock,3.0,"""Situated in Round Rock", 7.7 km from Dell Diamond, Aloft Austin Round Rock features accommodation with free bikes, free private parking, an outdoor swimming pool and a fitness centre. Among the facilities of this property are a restaurant, a shared lounge and a 24-hour front desk, along with free WiFi throughout the property. The accommodation offers evening entertainment and a business centre.
Texas,Austin,30.23905,-97.74114,The Mariposa,5.0,"""Located in the South Austin district of Austin", just 4.4 km from Austin Convention Center, The Mariposa provides air conditioning and free WiFi. The accommodation is 5 km from Barton Springs Pool.,,,,
Texas,Austin,30.63542,-97.67393,Georgetown Sunday House,5.0,"""Georgetown Sunday House is situated in Georgetown. The accommodation is 24 km from Cedar Park.",,,,,,
Texas,Austin,30.38039,-97.95841,The Lookout Stewart Cove,5.0,"""The Lookout - Stewart Cove is located in Buffalo Gap", 35 km from University of Texas at Austin, 36 km from Capitol Building, and 36 km from Frank Erwin Center - University of Texas. The accommodation is 34 km from the Austin Convention Center and features free WiFi throughout the property.,,,
Texas,Austin,30.4602,-97.98835,The Island On Lake Travis 1BR Condo,5.0,"""The Island On Lake Travis - 1BR Condo is set in Lago Vista. Guests staying at this holiday home have access to a fully equipped kitchen.",,,,,,
Texas,Bandera,6.8720687,81.0508901,Mayan Dude Ranch,3.0,"""Facilities",,,,,,
Texas,Bandera,29.74374,-99.02299,Antler Oaks Lodge,5.0,,Supervised childcare/activities (surcharge) Total number of rooms - 15 Picnic area In-room accessibility Outdoor pool Laundry facilities Free self parking Free WiFi Library,Distances are calculated in a straight line from the property&apos;s location to the point of interest or attraction  and may not reflect actual travel distance. &lt;br /&gt;&lt;br /&gt; Distances are displayed to the nearest 0.1 mile and kilometer. &lt;p&gt;Frontier Times Museum - 5 km / 3.1 mi &lt;br /&gt;Mansfield Park - 8.2 km / 5.1 mi &lt;br /&gt;Hill Country State Natural Area - 20 km / 12.4 mi &lt;br /&gt;&lt;/p&gt;&lt;p&gt;The preferred airport for Antler Oaks Lodge is San Antonio  TX (SAT-San Antonio Intl.) - 58.2 km / 36.2 mi. &lt;/p&gt;,3862 Highway 16 N BanderaTexas 78003 ,78003,8307968111,http://www.antleroakslodge.com
Texas,Bandera,29.73119,-99.07879,River Oak Inn and Restaurant,2.0,"""The Medina River runs alongside this Texas hotel.  It features Wi-Fi access in all guest rooms and an on-site restaurant.",,,,,,
Texas,Bandera,29.72515,-99.07015,A Place to Stay,5.0,"""Offering a barbecue and picnic tables", A Place to Stay is situated in Bandera, 31 km from Comfort. Bandera City Park is 220 metres away.,,,,
Texas,Bandera,29.71573,-99.11614,Hunters Cabin,5.0,"""Hunters Cabin is located on a county-maintained clay road in Bandera", Texas, 19 km from Hill Country State Natural Area. The property features views of the mountain and is a 10-minute drive from central Bandera.,,,,
Texas,Bastrop,29.932846,-97.308766,9E Ranch Cabins,3.0,HotelDescription#Further information about this hotel will be available shortly,NO Wheelchair-accessible NO Small pets allowed (under 5 kg) NO Car park NO Garage NO Large pets allowed (over 5 kg) NO Connecting rooms NO Smoking rooms NO Disability-friendly bathroom,,2158 Highway 304 SmithvilleTexas 78957 ,78957,5124979502,http://www.9eranch.com/
Texas,Bastrop,30.10409,-97.32886,Bastrop Inn,1.0,"""This hotel offers a 24-hour front desk and rooms with free Wi-Fi. The hotel offers easy access to Highways 21 and 71. The property is also within a 5-minute drive of shopping and dining.",,,,,,
Texas,Bastrop,30.08023,-97.33395,The Perry Riverhouse,5.0,"""Set 41 km from Circuit Of The Americas", The Perry Riverhouse offers a garden, a shared lounge and air-conditioned accommodation with a terrace and free WiFi.,,,,
Texas,Baytown,29.8026,-94.98808,WoodSpring Suites Houston Baytown,2.0,"""Situated in Baytown", 17 km from Houston Raceway Park, WoodSpring Suites Houston Baytown features accommodation with free WiFi and free private parking. The property is around 39 km from George R. Brown Convention Center, 40 km from BBVA Stadium - Houston Dynamo and 40 km from Wortham Center. The property is non-smoking and is located 39 km from Minute Maid Park.,,,
Texas,Baytown,29.7653,-95.00705,Palace Inn and Suites Baytown,3.0,"""Located in Baytown", Texas, this hotel features a complimentary light breakfast and free WiFi. Houston Raceway Park is 9 miles away.,,,,
Texas,Baytown,29.80465,-94.97824,Palace Inn Baytown,2.0,"""Nestled in Baytown", Texas, this hotel is less than 5 minutes drive to shopping opportunities at San Jacinto Mall. Houston, Texas is 30 minutes drive away. Free Wi-Fi is available in rooms.,,,
Texas,Baytown,29.749493,-94.989044,Bays Inn & Suites Baytown,2.0,"""HotelDescription#Located between Houston and Beaumont just 5 miles south of I-10 on Spur 330. (25 miles from downtown Houston).",,,,,,
Texas,Baytown,29.74543,-94.97696,Deluxe Inn & Suites Baytown,2.0,"""Featuring 2-star accommodation", Deluxe Inn & Suites - Baytown is located in Baytown, 41 km from Minute Maid Park and 41 km from George R. Brown Convention Center. This 2-star motel offers room service, a 24-hour front desk and free WiFi. The property is allergy-free and is set 11 km from Houston Raceway Park.,,,
Texas,Baytown,29.77753,-95.03671,77545 Robin Road House 5.5 Bathrooms Home,5.0,"""Boasting accommodation with a private pool", 77545 Robin Road House is situated in Lynchburg. The air-conditioned accommodation is 45 km from Texas City, and guests benefit from private parking available on site and free WiFi.,,,,
Texas,Beaumont,30.06751,-94.13135,Regency Inn & Suites Beaumont,2.0,"""The Beaumont Amtrak is less than 1 mile from this Texas hotel. The hotel serves a daily continental breakfast and offers cable TV with HBO in every room.",,,,,,
Texas,Beaumont,30.09667,-94.1281,Merit Inn and Suites,3.0,"""Located just off Interstate 10", this hotel is 1.4 miles from historic downtown Beaumont. It features rooms with free internet access and a front desk that is staffed 24 hours a day.,,,,,
Texas,Beaumont,29.9264,-93.94409,Motel 6 Port Arthur Tx,2.0,"""Motel 6 Port Arthur TX offers pet-friendly accommodation in Port Arthur.",,,,,,
Texas,Beaumont,30.09685,-94.12973,Travel Inn Beaumont,1.0,"""This Beaumont motel is located just 7 miles from Lamar University. Free Wi-Fi is provided.",,,,,,
Texas,Beaumont,30.35673,-94.12561,Garden Inn And Suites Silsbee,2.0,"""This Silsbee motel offers free Wi-Fi in all guest rooms", as well as a convenient location, 13 miles from Village Creek State Park.,,,,
Texas,Beaumont,29.82972,-94.38446,Winnie Inn and Suites,2.0,"""The Winnie Inn and Suites is 20 minutes drive from the Ford Park Arena. Guests of this hotel will enjoy an outdoor pool on site and a daily continental breakfast is offered.",,,,,,
Texas,Beaumont,30.07948,-94.13502,Scottish Inn And Suites Beaumont,3.0,"""Just off I-10", this Beaumont hotel is 4.5 miles from the Edison Museum. The bright guest rooms are equipped with a microwave, refrigerator and free Wi-Fi.,,,,
Texas,Beaumont,30.37389,-94.31374,Relax Inn Motel Kountze,2.0,"""20 minutes drive from Big Thicket National Preserve in Kountze", Texas, this motel offers rooms with free Wi-Fi and TVs with premium cable channels.  Silsbee city centre is 10 miles away.,,,,
Texas,Beaumont,30.09366,-93.75688,Economy Inn Motel,5.0,"""Set within 22 km of Delta Downs Racetrack and Casino and 42 km of Beaumont Amtrak Station", Economy Inn Motel offers rooms with air conditioning and a private bathroom in Orange. Among the facilities at this property are room service and a 24-hour front desk, along with free WiFi throughout the property. All rooms are equipped with a balcony.,,,,
Texas,Beaumont,30.13014,-94.16417,Texas Inn Beaumont,2.0,"""Providing free Wi-Fi and rooms with a flat-screen TV", this Beaumont, Texas accommodation is just 13 miles from Lamar University.,,,,
Texas,Beaumont,30.18718,-94.15999,Book Nook Inn,5.0,"""This Lumberton", Texas Inn is located 15 miles from Lamar University, about an hours drive outside Houston.  The property features a well-stocked fishing pond and daily breakfast offerings.,,,,
Texas,Beaumont,29.8892,-94.04099,Royal Inn,3.0,"""Royal Inn is a 3-star property situated in Port Arthur. This 3-star hotel offers room service", a 24-hour front desk and free WiFi. Beaumont Amtrak Station is 34 km from the hotel.,,,,,
Texas,Bedford,32.839057,-97.141081,Home2 Suites By Hilton Bedford DFW West,3.0,"""Stay a while at our new", pet friendly Home2 Suites by Hilton Bedford DFW West. Conveniently located just a few minutes away from restaurants, Dallas/Fort Worth International Airport and offers easy access to both Dallas and Fort Worth.  You'll feel right at home in our spacious suites offering a well-equipped kitchen complete with a full-size refrigerator, dishes, microwave and flatware. Each suite features free WiFi, a dining table and a separate living area with a rollaway bed.,
Texas,Beeville,28.41597,-97.75586,Executive Inn & Suites Beeville,2.0,"""This Beeville hotel offers guest rooms with free WiFi. Daily newspapers are provided.",,,,,,
Texas,Beeville,28.41453,-97.75567,El Camino Motel,2.0,"""Free WiFi access is available at El Camino Motel in Beeville. Each room here will provide you with a flat-screen cable TV and air conditioning. A 24-hour desk is available.",,,,,,
Texas,Beeville,28.43421,-97.75994,Esquire Inn,2.0,"""This Beeville", Texas motel offers its guests free WiFi and a 24-hour front desk.  It is located less than 1 km from Coastal Bend College.,,,,,
Texas,Bellmead,31.58258,-97.10916,WoodSpring Suites Waco,2.0,"""WoodSpring Suites Waco near University is a 2-star property set in Waco. The property is non-smoking and is located 3.8 km from McLane Stadium.",,,,,,
Texas,Belton,31.05579,-97.45174,Knights Inn Belton Temple,2.0,"""Knights Inn - Belton/Temple is situated in Belton", 11 km from Temple. Guests can enjoy the on-site bar.,,,,,
Texas,Belton,31.0576,-97.44604,River Forest Inn,3.0,"""This Texas motel features rooms with microwaves and refrigerators. The hotel is located off Interstate 35 on the edge of downtown Belton", which features shopping and dining.,,,,,
Texas,,32.22783279418945,-101.47028350830078,Days Inn & Suites by Wyndham Big Spring,2.0,Days Inn & Suites Big Spring is conveniently located in the popular Big Spring area. The property has everything you need for a comfortable stay. Service-minded staff will welcome and guide you at Days Inn & Suites Big Spring. Each guestroom is elegantly furnished and equipped with handy amenities. The property offers various recreational opportunities. Days Inn & Suites Big Spring combines warm hospitality with a lovely ambiance to make your stay in Big Spring (TX) unforgettable.,things to do  ways to relax dining  drinking  and snacking services and conveniences getting around,,2701 South Gregg Street Big SpringTexas 79720 ,79720,4322675237,http://www.daysinn.com/hotels/texas/big-spring/days-inn-and-suites-big-spring/hotel-overview?cid=local
Texas,,32.257324219,-101.46461487,Bradbury Inn,2.0,HotelDescription#This charming Hotel is in Downtown. The property consists of 30 units. Pets are not allowed at Scottish Inns - Big Spring.,,,1202 East 3rd Street Big SpringTexas 79720 ,79720,4322672581,http://bookroomsnow.com/property/scottish-inns-big-spring-tx/
Texas,Blanco,30.09249,-98.42396,Blanco Riverside Cottages,5.0,"""Boasting a garden", Blanco Riverside Cottages is situated in Blanco. The hotel features both free WiFi and free private parking.,,,,,
Texas,Blanco,30.10242,-98.42004,Blanco County Inn And Guesthouses,5.0,"""Blanco County Inn & Guesthouses provides air-conditioned rooms in Blanco. All rooms feature a flat-screen TV with cable channels and a private bathroom. Free WiFi is available and private parking can be arranged at an extra charge.",,,,,,
Texas,Boerne,29.777381,-98.808987,Tapatio Springs Hill Country Resort,3.0,This lovely hotel is in Boerne.,Hotel,,1 Resort Way Boerne ,78006,,http://www.tapatioresort.com
Texas,Boerne,29.794,-98.73353,Ye Kendall Inn,2.0,"""Nestled in the Texas Hill Country", this historic inn features a selection of cottages, cabins, and guest rooms.,,,
Texas,Boerne,29.79308,-98.73153,The William Boerne,2.0,"""The William offers accommodation in Boerne.",,,,,,
Texas,Boerne,29.88076,-98.80056,Top of the Hill RV Resort & Cabins,1.0,"""Situated in Waring", Top of the Hill RV Resort & Cabins provides accommodation with free private parking. Complimentary WiFi is offered.,,,,,
Texas,Bonham,33.5758,-96.19307,Best Western Plus Bonham,3.0,"""Best Western Plus Bonham is a 3-star property situated in Bonham.",,,,,,
Texas,Borger,35.65421,-101.43947,Royal Inn Borger,2.0,"""Featuring rooms with wireless internet access", this Borger, Texas motel is situated on Texas Highway 136, just 5 miles from Conoco Philips.,,,
Texas,Bowie,33.5541,-97.86714,Americas Best Value Inn Bowie,3.0,"""Caddo-LBJ National Grasslands is 8.9-miles from this hotel located in Bowie. The hotel provides guest rooms with cable TV including the HBO channel and an outdoor pool is on site.",,,,,,
Texas,Brady,31.11448,-99.33441,Gold Key Inn,2.0,"""Located on Route 87 and less than 1.5 miles from downtown Brady", this inn features free Wi-Fi in all areas. A daily continental breakfast is also provided.,,,,,
Texas,Brady,31.116670608521,-99.335708618164,Brady Days Inn,3.0,,NO Disability-friendly bathroom NO Wheelchair-accessible NO Connecting rooms NO Large pets allowed (over 5 kg) NO Garage NO Smoking rooms NO Car park NO Small pets allowed (under 5 kg),,2108 S Bridge St BradyTexas ,,,
Texas,Breckenridge,32.75693,-98.93408,Ridge Motel,1.0,"""Located 4 miles from Hubbard Creek Lake", this Breckenridge motel features free Wi-Fi.,,,,,
Texas,Breckenridge,39.48052,-106.04388,Abbett Placer Inn,5.0,"""Ideally located in the centre of Breckenridge", Abbett Placer Historic Cabin home offers a balcony. Boasting free private parking, the holiday home is in an area where guests can engage in activities such as skiing and cycling.,,,,
Texas,Brenham,30.18355,-96.94043,Knights Inn Giddings,2.0,"""Located less than 5 minutes drive from Lee County Fair Grounds", guest rooms offer a private entrance and Wi-Fi access.,,,,,
Texas,Brenham,30.33787,-96.52247,Somerville Inn and Suites,1.0,"""Less than 5 minutes drive from Lake Somerville", this motel offers free Wi-Fi and cable TV in all guest rooms. A continental breakfast is served each morning.,,,,,
Texas,Brenham,30.10684,-96.11204,Hempstead Country Inn & Suites,2.0,"""Set in Hempstead in the Texas Region", 45 km from Katy, Hempstead Country Inn & Suites features a barbecue and sun terrace.,,,,
Texas,Brenham,30.137467,-96.394014,Baymont by Wyndham Brenham,4.0,,,"""                                                        ",,,,
Texas,Bridgeport,33.1808,-97.83484,Bay Landing Camping Resort Cabin 26,5.0,"""Set in Bridgeport in the Texas region", Bay Landing Camping Resort Cabin 26 offers accommodation with free WiFi.,,,,,
Texas,Bridgeport,33.1808,-97.83484,Bay Landing Camping Resort Cabin 1,5.0,"""Set in Bridgeport in the Texas region", Bay Landing Camping Resort Cabin 1 offers accommodation with free WiFi.,,,,,
Texas,Bridgeport,33.1808,-97.83484,Bay Landing Camping Resort Cabin 2,5.0,"""Situated in Bridgeport in the Texas region", Bay Landing Camping Resort Cabin 2 features accommodation with free WiFi.,,,,,
Texas,Bridgeport,33.1808,-97.83484,Bay Landing Camping Resort Cabin 3,5.0,"""Located in Bridgeport in the Texas region", Bay Landing Camping Resort Cabin 3 provides accommodation with free WiFi.,,,,,
Texas,Bridgeport,33.1808,-97.83484,Bay Landing Camping Resort Cabin 4,5.0,"""Located in Bridgeport in the Texas region", Bay Landing Camping Resort Cabin 4 provides accommodation with free WiFi.,,,,,
Texas,Bridgeport,33.1808,-97.83484,Bay Landing Camping Resort Cabin 5,5.0,"""Located in Bridgeport in the Texas region", Bay Landing Camping Resort Cabin 5 provides accommodation with free WiFi.,,,,,
Texas,Bridgeport,33.1808,-97.83484,Bay Landing Camping Resort Cabin 6,5.0,"""Bay Landing Camping Resort Cabin 1 is set in Bridgeport and offers air-conditioned accommodation with free WiFi", as well as access to an outdoor swimming pool.,,,,,
Texas,Bridgeport,33.1808,-97.83484,Bay Landing Camping Resort Cabin 7,5.0,"""Located in Bridgeport in the Texas region", Bay Landing Camping Resort Cabin 7 provides accommodation with free WiFi.,,,,,
Texas,Bridgeport,33.1808,-97.83484,Bay Landing Camping Resort Cabin 8,5.0,"""Set in Bridgeport in the Texas region", Bay Landing Camping Resort Cabin 8 offers accommodation with free WiFi.,,,,,
Texas,Bridgeport,33.1808,-97.83484,Bay Landing Camping Resort Cabin 10,5.0,"""Situated in Bridgeport in the Texas region", Bay Landing Camping Resort Cabin 10 features accommodation with free WiFi.,,,,,
Texas,Bridgeport,33.1808,-97.83484,Bay Landing Camping Resort Cabin 11,5.0,"""Set in Bridgeport in the Texas region", Bay Landing Camping Resort Cabin 1 offers accommodation with free WiFi.,,,,,
Texas,Bridgeport,33.1808,-97.83484,Bay Landing Camping Resort Cabin 12,5.0,"""Set in Bridgeport in the Texas region", Bay Landing Camping Resort Cabin 12 offers accommodation with free WiFi.,,,,,
Texas,Bridgeport,33.1808,-97.83484,Bay Landing Camping Resort Cabin 13,5.0,"""Situated in Bridgeport in the Texas region", Bay Landing Camping Resort Cabin 13 features accommodation with free WiFi.,,,,,
Texas,Bridgeport,33.1808,-97.83484,Bay Landing Camping Resort Cabin 14,5.0,"""Situated in Bridgeport in the Texas region", Bay Landing Camping Resort Cabin 14 features accommodation with free WiFi.,,,,,
Texas,Bridgeport,33.1808,-97.83484,Bay Landing Camping Resort Cabin 15,5.0,"""Located in Bridgeport in the Texas region", Bay Landing Camping Resort Cabin 15 provides accommodation with free WiFi.,,,,,
Texas,Bridgeport,33.1808,-97.83484,Bay Landing Camping Resort Cabin 16,5.0,"""Located in Bridgeport in the Texas region", Bay Landing Camping Resort Cabin 16 provides accommodation with free WiFi.,,,,,
Texas,Bridgeport,33.1808,-97.83484,Bay Landing Camping Resort Cabin 17,5.0,"""Located in Bridgeport in the Texas region", Bay Landing Camping Resort Cabin 17 provides accommodation with free WiFi.,,,,,
Texas,Bridgeport,33.1808,-97.83484,Bay Landing Camping Resort Cabin 18,5.0,"""Situated in Bridgeport in the Texas region", Bay Landing Camping Resort Cabin 18 features accommodation with free WiFi.,,,,,
Texas,Bridgeport,33.1808,-97.83484,Bay Landing Camping Resort Cabin 19,5.0,"""Situated in Bridgeport in the Texas region", Bay Landing Camping Resort Cabin 19 features accommodation with free WiFi.,,,,,
Texas,Bridgeport,33.1808,-97.83484,Bay Landing Camping Resort Cabin 20,5.0,"""Set in Bridgeport in the Texas region", Bay Landing Camping Resort Cabin 20 offers accommodation with free WiFi.,,,,,
Texas,Bridgeport,33.1808,-97.83484,Bay Landing Camping Resort Cabin 21,5.0,"""Located in Bridgeport in the Texas region", Bay Landing Camping Resort Cabin 21 provides accommodation with free WiFi.,,,,,
Texas,Bridgeport,33.1808,-97.83484,Bay Landing Camping Resort Cabin 22,5.0,"""Situated in Bridgeport in the Texas region", Bay Landing Camping Resort Cabin 22 features accommodation with free WiFi.,,,,,
Texas,Bridgeport,33.1808,-97.83484,Bay Landing Camping Resort Cabin 23,5.0,"""Located in Bridgeport in the Texas region", Bay Landing Camping Resort Cabin 23 provides accommodation with free WiFi.,,,,,
Texas,Bridgeport,33.1808,-97.83484,Bay Landing Camping Resort Cabin 24,5.0,"""Set in Bridgeport in the Texas region", Bay Landing Camping Resort Cabin 24 offers accommodation with free WiFi.,,,,,
Texas,Bridgeport,33.1808,-97.83484,Bay Landing Camping Resort Cabin 25,5.0,"""Set in Bridgeport in the Texas region", Bay Landing Camping Resort Cabin 25 offers accommodation with free WiFi.,,,,,
Texas,Bridgeport,33.1808,-97.83484,Bay Landing Camping Resort Deluxe Cabin 27,5.0,"""Set in Bridgeport in the Texas region", Bay Landing Camping Resort Deluxe Cabin 27 offers accommodation with free WiFi.,,,,,
Texas,Bridgeport,33.1808,-97.83484,Bay Landing Camping Resort Deluxe Cabin 28,5.0,"""Situated in Bridgeport in the Texas region", Bay Landing Camping Resort Deluxe Cabin 28 features accommodation with free WiFi.,,,,,
Texas,Bridgeport,33.1808,-97.83484,Bay Landing Camping Resort Deluxe Cabin 29,5.0,"""Located in Bridgeport in the Texas region", Bay Landing Camping Resort Deluxe Cabin 29 provides accommodation with free WiFi.,,,,,
Texas,Bridgeport,33.1808,-97.83484,Bay Landing Camping Resort Deluxe Cabin 30,5.0,"""Set in Bridgeport in the Texas region", Bay Landing Camping Resort Deluxe Cabin 30 offers accommodation with free WiFi.,,,,,
Texas,Brownfield,33.18108,-102.25966,Crystal Palace Inn Brownfield,1.0,"""Free WiFi and an on-site restaurant are featured at this Brownfield", Texas motel. Terry County Airport is 5 minutes drive away.,,,,,
Texas,Brownfield,33.18313,-102.27437,Budget Inn Of Brownfield,5.0,"""Budget Inn of Brownfield is offering accommodation in Brownfield. The motel also offers free WiFi and free private parking.",,,,,,
Texas,Brownsville,26.14062,-97.65622,Texas Inn San Benito,1.0,"""Conveniently located off Expressway 83", this hotel offers cable TV in every room. South Padre Island is 32 miles from the property.,,,,,
Texas,Brownsville,25.89848,-97.50162,University Inn & Suites Brownsville,2.0,"""Brownsville/South Padre Island International Airport is a 15-minute drive from this Texas motel. It offers cable TV in every room.",,,,,,
Texas,Brownsville,26.18911,-97.71614,Plaza Inn & Suites,2.0,"""Located off Highway 83", this hotel is just 5 miles from Rio Grande Valley International Airport.  It features a pet-friendly rooms with free Wi-Fi.,,,,,
Texas,Brownsville,25.9333,-97.4964,Holiday Inn Brownsville,3.0,"""The business-friendly hotel is located in Brownsville", where area attractions include Palo Alto Battlefield National Historic Site.,,,,,
Texas,Brownsville,25.932713,-97.495456,Magnuson Hotel Brownsville,2.0,,,,715 North Expressway 77 83 Brownsville 78520 BrownsvilleTexas 78520 ,78520,9565412201,http://www.daysinn.com/hotels/texas/brownsville/days-inn-brownsville-tx/hotel-overview
Texas,Brownsville,25.93468,-97.49747,Texas Inn North Brownsville,3.0,"""Conveniently located off Highway 77/ 83", this Brownsville hotel is 4 minutes drive to Resaca de la Palma National Battlefield. Guest rooms include free Wi-Fi and cable TV.,,,,,
Texas,Brownsville,26.03069,-97.53269,Deluxe 6 Inn & Suites,2.0,"""Deluxe 6 Inn & Suites is located in Brownsville", 38 km from South Padre Island and 18 km from Matamoros. Free WiFi is offered and free private parking is available on site.,,,,,
Texas,Brownsville,25.96847,-97.53876,La Copa Inn Brownsville,3.0,"""Offering an outdoor pool", La Copa Inn Brownsville is located adjacent to Resaca de La Palma Reservoir. Free WiFi access is available and each room comes with a cable TV.,,,,,
Texas,Brownsville,25.9294,-97.51136,Gran Mansion Hotel,2.0,"""Just 10 minutes drive from the University of Texas at Brownsville", this hotel offers free Wi-Fi. A microwave is included in each room.,,,,,
Texas,Brownsville,26.16332,-97.67848,Hudson House,2.0,"""Situated 8 km from Iwo Jima Memorial Museum", Hudson House features rooms with air conditioning in Harlingen. There is an outdoor pool and guests can make use of free WiFi and free private parking.,,,,,
Texas,Brownwood,31.83253,-99.09833,Flagship Inn,1.0,"""Located on the shore of Lake Brownwood next to Highway 279", this inn features an outdoor pool. Daily breakfast options are offered and free Wi-Fi is provided in all rooms.,,,,,
Texas,Brownwood,31.67706,-98.99975,Gate One Inn,1.0,"""This hotel is located just off US-377 in Brownwood", Texas. It serves a continental breakfast every morning and features an outdoor pool. Rooms have free Wi-Fi and cable TV.,,,,,
Texas,Brownwood,31.79595,-99.00197,Star of Texas Bed and Breakfast,3.0,"""Featuring a garden", Star of Texas Bed & Breakfast offers accommodation in Brownwood. The accommodation has a hot tub.,,,,,
Texas,Brownwood,31.73123,-98.97244,Budget Inn and Suites Brownwood,2.0,"""OYO Hotel Brownwood Hwy 67 is located 2 miles away from Howard Payne University. Tokyo Steak House and Silver Fox Lounge are on site. It is 5 miles from Camp Bowie military base and Gordonwood Stadium.",,,,,,
Texas,Brownwood,31.7395,-98.95153,Royal Inn,2.0,"""Royal Inn features air-conditioned accommodation in Early. Among the facilities at this property are a 24-hour front desk and room service", along with free WiFi throughout the property. Private parking can be arranged at an extra charge.,,,,,
Texas,Brownwood,31.73965,-98.95229,Avalon Motel,2.0,"""Avalon Motel is located in Early. The accommodation provides a 24-hour front desk and free WiFi is available throughout the property.",,,,,,
Texas,Brownwood,31.45497,-98.57134,Redbud Inn,2.0,"""Conveniently located just off US Highway 183 in Goldthwaite", Texas, this motel features free WiFi access.,,,,
Texas,Bryan,30.666,-96.32839,WoodSpring Suites College Station,2.0,"""WoodSpring Suites College Station is located in Bryan", TX, approximately 10 minutes from the campus of Texas A&M University. Offering free WiFi, each room also features a flat-screen TV with cable and premium movie channels.,,,
Texas,Burleson,32.455643,-97.38422,Motel 6 Joshua,2.0,,,,501 South Broadway Street JoshuaTexas 76058 ,76058,6824590040,http://www.lq.com/lq/properties/propertyProfile.do?propId=6417
Texas,Burleson,32.48439,-97.27872,Five Star Inn Burleson,2.0,"""This hotel serves a continental breakfast and offers spacious rooms with a cable TV with HBO. Located on Interstate 35 West", it is 10 minutes drive from Hidden Creek Golf Course.,,,,,
Texas,Burleson,32.57654,-97.3214,Magnuson Hotel Burleson,2.0,"""This pet-friendly hotel offers convenient access to Interstate 35 West in Burleson", Texas.  Free WiFi is available in all guest rooms and throughout the hotel.,,,,,
Texas,Burnet,30.86133,-98.41707,Painted Sky Inn,5.0,"""Painted Sky Inn is situated in Burnet and features a garden. There is a barbecue and guests can make use of free WiFi and free private parking.",,,,,,
Texas,Burnet,30.75804,-98.23001,Arrowhead Motel,1.0,"""Located within 15 minutes drive of Lake Buchanan this motel features a 24-hour front desk and free Wi-Fi access.",,,,,,
Texas,Burnet,30.67786,-98.39905,1328 Contour Dr Home,5.0,"""Located in Kingsland in the Texas region", 1328 Contour Dr Home features a patio and lake views. The air-conditioned accommodation is 24 km from Marble Falls, and guests benefit from complimentary WiFi and private parking available on site.,,,,
Texas,Caldwell,30.53969,-96.69787,Sunset Inn Caldwell,2.0,"""Situated in Caldwell", within 43 km of Bonfire Memorial and 44 km of Texas A&M University, Rodeway Inn features accommodation with barbecue facilities and as well as free private parking for guests who drive. With free WiFi, this 2-star hotel offers room service and a 24-hour front desk. Olsen Field at Blue Bell Park is 43 km from the hotel and Reed Arena is 43 km away.,,,
Texas,Caldwell,30.53793,-96.69344,The Surrey Inn,2.0,"""Offering an outdoor pool and onsite restaurant", The Surrey Inn is located in Caldwell. Free Wi-Fi access is available.,,,,,
Texas,Cameron,30.84651,-96.95915,Budget Host Inn and Suites Cameron,3.0,"""Conveniently located on US Highway 190", this motel features free Wi-Fi on the entire property.  A free continental breakfast is provided for all guests.,,,,,
Texas,Cameron,30.84844,-96.96836,Varsity Inn Motel,2.0,"""This Cameron", Texas motel offers convenient accommodation 10 miles from Sandow Power Plant.  A continental breakfast is served each morning and fresh coffee is available in the lobby.,,,,,
Texas,Canton,32.54354,-95.87072,Canton Motel,5.0,"""Canton Motel offers accommodation in Canton.",,,,,,
Texas,Canton,32.55482,-95.85412,The Buffalo Girls Hotel,5.0,"""Set in Canton", 5.8 km from Splash Kingdom Waterpark, Sweet Tweet Guesthouse Acorn Hideaway offers accommodation with free WiFi and free private parking. The rooms are fitted with a balcony.,,,,
Texas,Canton,32.54608,-95.92078,C&J Bee And Bee Farm,5.0,"""Situated in Canton", 12 km from Splash Kingdom Waterpark, C&J Bee & Bee Farm offers accommodation with a hot tub.,,,,
Texas,Canyon,34.98044,-101.91958,Buffalo Inn,2.0,"""This motel is located across the street from West Texas A&M University.  It features free Wi-FI.",,,,,,
Texas,Carrollton,32.94163,-96.90111,Lone Star Inn,2.0,"""This Carrollton motel is just off Interstate 35 and within a short drive of downtown Dallas. The motel offers a 24-hour front desk and guest rooms with free Wi-Fi.",,,,,,
Texas,Carrollton,32.96701,-96.91955,Deluxe Inn Carrollton,1.0,"""Dallas/Fort Worth International Airport is 20 minutes drive from this Carrollton", Texas hotel. It offers a 24-hour reception, a business centre, and rooms with free Wi-Fi.,,,
Texas,,30.49687,-97.83872,Beth & Bella Tx Concierge,5.0,,,,1304 David Cove Cedar ParkTexas 78613 ,78613,,
Texas,,30.52524,-97.82427,Hampton Inn & Suites Cedar Park North Austin TX,5.0,"""Located within 22 km of Dell Diamond and 34 km of University of Texas at Austin", Hampton Inn & Suites Cedar Park North Austin, Tx provides rooms with air conditioning and a private bathroom in Cedar Park. The property is set 34 km from Frank Erwin Center - University of Texas, 34 km from Capitol Building and 35 km from Texas Memorial Stadium. Mount Bonnell is 28 km from the hotel and Lyndon Baines Johnson Library and Museum is 33 km away.,,,
Texas,Center,31.53169,-94.12597,Budget Inn San Augustine,3.0,"""Free WiFi is among the convenient amenities offered at this San Augustine", Texas motel. It is located just off US Highway 96.,,,,,
Texas,Center,31.53221,-94.1271,San Augustine Inn,2.0,"""Boasting a seasonal outdoor swimming pool", San Augustine Inn is located in San Augustine. The property has a fitness centre, as well as a garden. The accommodation provides free WiFi.,,,,
Texas,Channelview,29.77741,-95.12929,Parkway Inn Channelview,2.0,"""Located off Interstate 10", this hotel is just 25 minutes drive from Central Houston. Features include cable TV and air conditioning. Free Wi-Fi is provided to all guests.,,,,,
Texas,Channelview,29.77759,-95.12877,Regency Inn Channelview,2.0,"""REGENCY INN - CHANNELVIEW is situated in Channelview", 23 km from Minute Maid Park and 24 km from George R. Brown Convention Center. The property is set 24 km from BBVA Stadium - Houston Dynamo, 24 km from Wortham Center and 24 km from Discovery Green Park. University of Houston is 26 km from the motel and Texas Southern University is 29 km away.,,,,
Texas,Channelview,29.77955,-95.12165,Extended Stay Inn & Suites,2.0,"""This Channelview motel has an outdoor swimming pool and guest rooms with free Wi-Fi. The property is located 1 miles from Kindred Hospital East Houston.",,,,,,
Texas,Channelview,29.773699,-95.144165,Clarion Inn Channelview,2.0,,,,15157 IH 10 East ChannelviewTexas 77530 ,77530,2814527304,http://www.clarionhotel.com/hotel-channelview-texas-TXE97
Texas,Channelview,29.77694,-95.13209,Luxury Inn,2.0,"""Featuring free Wi-Fi access and a 24-hour front desk", this motel is located in Channelview, Texas.,,,,
Texas,Channelview,29.77211,-95.14697,Star Light Inn,5.0,"""Set in Channelview", 23 km from Minute Maid Park, Star Light Inn offers accommodation with free WiFi and free private parking. The property is around 24 km from George R. Brown Convention Center, 24 km from BBVA Stadium - Houston Dynamo and 24 km from Wortham Center. The accommodation provides room service and a 24-hour front desk for guests.,,,
Texas,Childress,34.15256,-99.27271,Budget Host Inn,1.0,"""Budget Host Inn is a 1-star property set in Vernon. The 1-star hotel has air-conditioned rooms with a private bathroom and free WiFi. The hotel features family rooms.",,,,,,
Texas,Childress,34.15988,-99.29994,Green Tree Inn,1.0,"""Green bird Inn is a 1-star property situated in Vernon. This 1-star motel offers a 24-hour front desk and free WiFi.",,,,,,
Texas,Childress,34.73886,-100.5476,Budget Inn,5.0,"""Budget Inn is located in Memphis. Free WiFi access is available. Each room here will provide you with a TV", air conditioning and cable channels. Complete with a microwave, the dining area also has a refrigerator. Featuring a bath or shower, private bathroom also comes with free toiletries. Extras include a desk, bed linen and a fan.,,
Texas,Childress,34.9416,-100.89524,Western Skies Motel,5.0,"""Western Skies Motel is located in Clarendon. The motel also provides free WiFi and free private parking.",,,,,,
Texas,Childress,34.43724,-100.23324,Childress Inn,1.0,"""Situated 2 miles from Fair Park in Childress", Texas, this pet-friendly motel features a 24-hour front desk for continuous service.,,,,
Texas,Cisco,32.37564,-98.96794,Executive Inn Cisco,1.0,"""This Cisco", Texas motel is located near Highway 183.  The all non-smoking motel offers pet-friendly guest rooms with free Wi-Fi.  A 24-hour front desk and fax services are available.,,,,,
Texas,Clarendon,34.9416,-100.89524,Western Skies Motel,5.0,"""Western Skies Motel is located in Clarendon. The motel also provides free WiFi and free private parking.",,,,,,
Texas,Cleburne,32.37832,-97.39409,Sagamar Inn,2.0,"""This Cleburne", Texas motel is located just 16 miles from Cleburne State Park, which offers camping, hiking and bicycle trails.,,,
Texas,Cleburne,32.33095,-97.43414,Best Way Inn Cleburne,2.0,"""This Texas motel is located 13 miles from Cleburne State Park.  It offers a continental breakfast and rooms with free Wi-Fi.",,,,,,
Texas,Cleburne,32.34111,-97.40948,Delux Inn Cleburne,2.0,"""Located 2 miles from Splash Station Water Park", this Cleburne motel offers a daily breakfast and rooms with premium cable TV channels.,,,,,
Texas,Cleburne,32.42192,-97.2278,Super 8 Alvarado,2.0,"""A daily continental breakfast and an outdoor swimming pool are offered at this Alvarado motel", 3 miles from Diamond W Arena Complex.,,,,,
Texas,Cleveland,30.37618,-95.07093,Express Inn,5.0,"""Express Inn is located in Cleveland. The property provides free private parking and free WiFi.",,,,,,
Texas,Clifton,31.91318,-97.66295,American Inn & RV Park,1.0,"""This Meridian", Texas motel features free Wi-Fi access in every room.  Daily maid service is included.,,,,,
Texas,Clint,31.59889,-106.19804,Adobe Inn Motel,5.0,"""32 km from La Rodadora", Adobe Inn Motel is located in Clint and provides air-conditioned rooms with free WiFi. The property is situated 36 km from Monumento a la Mexicanidad, 37 km from Chamizal Park and 38 km from Benito Juarez Olympic Stadium. There is a restaurant serving American cuisine, and free private parking is available.,,,
Texas,Clute,29.04528,-95.16149,Peregrine Townhomes,5.0,"""Peregrine Townhomes is 8.6 km from Surfside Beach and offers accommodations with private balconies and a fully equipped kitchen. Free WiFi is at guests disposal throughout the property.",,,,,,
Texas,,30.63946,-96.22882,Trinity Cross Ranch,3.0,,Free Wireless Internet access Hairdryer Coffee/tea in lobby Private bathrooms Air Condition in rooms Billiards / Pool Table Self Laundry Fan Limited Time Reception Free self parking Free Wireless Internet access (inroom) Bottled Water Picnic area Individually decorated / furnished Barbecue / Grill Premium TV channels No elevators Limited housekeeping Outdoor Swimming Pool Non-Smoking Hotel Air Conditioned,,12578 Bonnie Ln College StationTexas 77845 ,77845,9794468413,http://www.trinitycrossranch.com/
Texas,Columbus,29.69334,-96.53998,Columbus Inn,2.0,"""Columbus Inn is located in Columbus. The motel features an outdoor swimming pool and a 24-hour front desk and free WiFi.",,,,,,
Texas,Columbus,29.90429,-96.87572,Oak Motel,5.0,"""Located in La Grange", The Oak Motel features a shared lounge, BBQ facilities and free WiFi. Featuring a 24-hour front desk, this property also provides guests with a sun terrace. Free private parking is available and the motel also provides free use of bicycles for guests who want to explore the surrounding area.,,,
Texas,Columbus,29.9012,-96.89948,River Valley Motor Inn,2.0,"""Conveniently located off Highway 71", this La Grange motel offers a microwave and a fridge in every room. Free Wi-Fi is available throughout the hotel.,,,,,
Texas,Columbus,29.69538,-97.10278,Carefree Inn Flatonia,2.0,"""An outdoor swimming pool and on-site BBQ facilities are featured at this Flatonia motel", located 12 miles from Schulenburg RV Campground.,,,,,
Texas,Columbus,29.90304,-96.90323,Executive Inn of LaGrange,2.0,"""This hotel located off Highway 71 features an outdoor pool and Wi-Fi access in all guest rooms.",,,,,,
Texas,Columbus,29.76244,-96.15138,America's Best Value Inn Sealy,3.0,"""Featuring a bar", this hotel is a 14-minute drive from Stephen F. Austin State Park. Its spacious rooms offer free Wi-Fi and cable TV with HBO.,,,,,
Texas,Columbus,29.76146,-96.1567,Super 8 By Wyndham Sealy,2.0,,,,267 Gebhardt Rd. SealyTX 77474 ,77474,9798852121,http://www.super8.com/hotels/texas/sealy/super-8-sealy/hotel-overview
Texas,Columbus,29.76355,-96.15096,Countryside Inn Sealy,2.0,"""Just 5 minutes drive from Blinn College Sealy Campus", this Texas motel offers a continental breakfast daily.  Wi-Fi access is available in all rooms.,,,,,
Texas,Columbus,29.9013,-96.89724,Cottonwood Inn,2.0,"""Cottonwood Inn is located in La Grange", 2 miles from the Texas Quilt Museum. Free WiFi access is available to all guests,,,,,
Texas,Columbus,29.46401,-96.93976,Hotel Texas Hallettsville,3.0,"""Hotel Texas Hallettsville in Hallettsville has 3-star accommodation with barbecue facilities. With free WiFi", this 3-star hotel offers a 24-hour front desk and a business centre. Guests can have a drink at the snack bar.,,,,,
Texas,Columbus,29.73097,-96.60774,Colorado River Rv Campground,5.0,"""Featuring free WiFi", Colorado River RV Campground offers pet-friendly accommodation in Columbus.,,,,,
Texas,Columbus,29.68794,-97.10025,Town Cottages,5.0,"""Located in Flatonia", Town Cottages provides free WiFi. All rooms boast a flat-screen TV with satellite channels and a private bathroom. Guests can make use of a garden.,,,,,
Texas,Columbus,29.43984,-96.9505,Budget Inn,5.0,"""Budget Inn is located in Hallettsville. Featuring a 24-hour front desk", this property also provides guests with a restaurant. There is a barbecue and guests can make use of free WiFi and free private parking.,,,,,
Texas,Columbus,39.97766,-83.00328,Graduate Columbus,4.0,"""Located in Columbus and with Italian Village reachable within 800 metres", Graduate Columbus provides express check-in and check-out, non-smoking rooms, a fitness centre, free WiFi throughout the property and a restaurant. This 4-star hotel offers luggage storage space. Private parking is available on site.,,
Texas,Comfort,30.04606,-99.05167,Trails End Guest House,3.0,"""Located on the end of a dead-end road", this property sits on top of one the highest points in Kerr County. Trails End Guest House operates on a goat ranch, with goats, burros and a pig nearby. Downtown Kerrville is just 7.5 miles away.,,,
Texas,Comfort,29.97733,-98.9042,Comfort Executive Inn,2.0,"""Comfort Executive Inn offers air-conditioned rooms in Comfort. The property is set 8 km from Bending Branch Winery. The accommodation features a 24-hour front desk as well as free WiFi.",,,,,,
Texas,Conroe,30.716991,-95.546106,Univ Hotel At  Sam Houston Sta,3.0,HotelDescription#Further information about this hotel will be available shortly,NO Wheelchair-accessible NO Car park NO Small pets allowed (under 5 kg) NO Garage NO Disability-friendly bathroom NO Large pets allowed (over 5 kg) NO Connecting rooms NO Smoking rooms,,1610 Bobby K Marks HuntsvilleTexas 77341 ,77341,9362912151,http://www.shsuhotel.org
Texas,Conroe,30.21357,-95.75405,Magnolia Inn And Suites,1.0,"""This Magnolia", Texas motel features a year round outdoor pool and hot tub, serves a daily continental breakfast and offers comfortable suites with free Wi-Fi.  Magnolia Stadium is 4 minutes drive away.,,,,
Texas,Conroe,30.40272,-95.56775,The Landing at Seven Coves,3.0,"""The Landing at Seven Coves offers accommodation in Willis.",,,,,,
Texas,Conroe,30.17186,-95.45215,Drury Inn & Suites The Woodlands,3.0,"""This hotel in The Woodlands", Texas offers a complimentary breakfast and guest rooms with free Wi-Fi access, all within 7 miles of Cynthia Woods Mitchell Pavilion.,,,,
Texas,Conroe,30.4035,-95.5684,Sunset Harbor Resort,3.0,Guests can enjoy the convenience of 24-hour reception. Guests can enjoy access to the internet to stay connected to work or home. There is a laundry service. The establishment is wheelchair-accessible. The on-site car park may be useful to those arriving by car. Check-out is at . Guests can make use of the car hire service to explore the surrounding area. This establishment allows pets. Large pets are allowed at this establishment.,NO Connecting rooms Vacation resort NO Disability-friendly bathroom NO Wheelchair-accessible NO Smoking rooms NO Small pets allowed (under 5 kg) NO Large pets allowed (over 5 kg) NO Car park NO Garage Car hire Laundry service Casino Sauna Hot tub Spa centre   Waterskiing Windsurfing Tennis,,7041 Kingston Cove Lane Willis WillisTexas 77318 ,77318,4105240295,http://www.sunset-harbor-resort.us/
Texas,Conroe,30.34482,-95.48314,WoodSpring Suites Conroe,2.0,"""WoodSpring Suites Conroe offers free WiFi to all guests. Rooms come equipped with cable TV and a telephone.",,,,,,
Texas,Conroe,30.09098,-95.63152,Palace Inn Tomball,3.0,"""Set 35 km from Cynthia Woods Mitchell Pavilion", Express Inn Tomball offers 3-star accommodation in Tomball and has barbecue facilities. The property is situated 40 km from CityCentre Plaza, 48 km from Memorial Park, Houston and 48 km from Houston Arboretum and Nature Center. The hotel offers a year-round outdoor pool, a 24-hour front desk, and free WiFi is available throughout the property.,
Texas,Conroe,30.10996,-95.60732,Maple Creek Bed&breakfast,5.0,"""Situated in Tomball", 21 km from Cynthia Woods Mitchell Pavilion and 43 km from CityCentre Plaza, Maple Creek Bed&Breakfast features accommodation with free WiFi, air conditioning, a seasonal outdoor swimming pool and a garden.,,
Texas,Conroe,30.36567,-95.48082,Scottish Inn & Suites Conroe,2.0,"""Scottish Inn & Suites - Conroe provides free WiFi throughout the property and rooms with air conditioning in Conroe. The property is around 24 km from The Woodlands Town Center", 44 km from National Museum of Funeral History and 23 km from Woodforest National Bank Stadium and Natatorium. The property is non-smoking and is located 25 km from Cynthia Woods Mitchell Pavilion.,,,,,
Texas,Conroe,30.37191,-95.61071,Sweetwater at Lake Conroe,5.0,"""Featuring an outdoor pool and hot tub", Sweetwater at Lake Conroe offers lakefront apartments. Each accommodation will provide you with a cable TV and telephone.,,,,,
Texas,Conroe,30.25624,-95.70193,Red Caboose Farm Bed & Breakfast,3.0,"""Situated in Magnolia", Red Caboose Farm Bed & Breakfast features free WiFi, and guests can enjoy a garden and a terrace.,,,,
Texas,Conroe,30.28296,-95.46108,Resort Style Apt Homes,5.0,"""Located in Conroe", this spacious, furnished apartment features 9-foot ceilings, ceramic tile entries and access to a resort-style pool. A washing machine, dryer, fully-equipped kitchen and private patio are also included.,
Texas,Conroe,30.37618,-95.07093,Express Inn,5.0,"""Express Inn is located in Cleveland. The property provides free private parking and free WiFi.",,,,,,
Texas,Conroe,30.13862,-95.47078,Resort Style Apartment Home The Woodlands,5.0,"""Offering accommodation with air conditioning", Resort Style Apartment/Home - The Woodlands is situated in The Woodlands, 2.7 km from Cynthia Woods Mitchell Pavilion. The Woodlands Town Center is 2.6 km away. Free WiFi is offered .,,,,
Texas,Conroe,30.3944,-95.52809,Lake Conroe Full Studio Cabin 1,5.0,"""Situated in Willis in the Texas region", Lake Conroe Full Studio Cabin 1 features accommodation with free WiFi.,,,,,
Texas,Conroe,30.3944,-95.52809,Lake Conroe Full Studio Cabin 2,5.0,"""Set in Willis in the Texas region", Lake Conroe Full Studio Cabin 2 offers accommodation with free WiFi.,,,,,
Texas,Conroe,30.3944,-95.52809,Lake Conroe Queen Studio Cabin 5,5.0,"""Located 32 km from Cynthia Woods Mitchell Pavilion in Willis", Lake Conroe Queen Studio Cabin 5 provides accommodation with air conditioning and free WiFi.,,,,,
Texas,Conroe,30.3944,-95.52809,Lake Conroe Queen Studio Cabin 6,5.0,"""Situated in Willis in the Texas region", Lake Conroe Queen Studio Cabin 6 features accommodation with free WiFi.,,,,,
Texas,Conroe,30.3944,-95.52809,Lake Conroe Queen Studio Cabin 7,5.0,"""Situated in Willis in the Texas region", Lake Conroe Queen Studio Cabin 7 features accommodation with free WiFi.,,,,,
Texas,Conroe,30.3944,-95.52809,Lake Conroe Queen Studio Cabin 8,5.0,"""Situated in Willis in the Texas region", Lake Conroe Queen Studio Cabin 8 features accommodation with free WiFi.,,,,,
Texas,Conroe,30.3944,-95.52809,Lake Conroe Queen Studio Cabin 9,5.0,"""Situated in Willis in the Texas region", Lake Conroe Queen Studio Cabin 9 features accommodation with free WiFi.,,,,,
Texas,Conroe,30.3944,-95.52809,Lake Conroe Queen Studio Cabin 10,5.0,"""Situated in Willis in the Texas region", Lake Conroe Queen Studio Cabin 10 features accommodation with free WiFi.,,,,,
Texas,Conroe,30.3944,-95.52809,Lake Conroe Queen Studio Cabin 11,5.0,"""Situated in Willis in the Texas region", Lake Conroe Queen Studio Cabin 11 features accommodation with free WiFi.,,,,,
Texas,Conroe,30.3944,-95.52809,Lake Conroe Queen Studio Cabin 12,5.0,"""Located in Willis in the Texas region", Lake Conroe Queen Studio Cabin 12 provides accommodation with free WiFi.,,,,,
Texas,Conroe,30.20692,-95.42758,Resort Style Apt Home Woodlands,5.0,"""Located in The Woodlands", 10 km from Cynthia Woods Mitchell Pavilion and 9 km from Market Street - The Woodlands, Resort Style Apt Home-Woodlands provides accommodation with free WiFi, a garden with an outdoor swimming pool, and access to a fitness room.,,
Texas,Conroe,30.21538,-95.44942,Luxurious House The Woodlands Tx,5.0,"""Located in Johnson in the Texas region", Luxurious 3 Bedroom House The Woodlands TX features a garden. The accommodation is 19 km from Spring, and guests benefit from private parking available on site and free WiFi.,,,,
Texas,,27.82609,-97.06384,Double Barr Cottages,5.0,"""Situated in Port Aransas", within 700 metres of Port Aransas Beach and 1.5 km of I. B. Magee Beach Park, Double Barr Cottage Inn features accommodation with a garden and free WiFi throughout the property as well as free private parking for guests who drive. The property is located 2.3 km from Port Aransas Marina, 2.6 km from The University of Texas Marine Science Institute and 3.6 km from Port Aransas Nature Preserve. The property is non-smoking and is set 33 km from Bob Hall Pier.,,,
Texas,,27.8239189,-97.3869078,Budget Inn Motel,1.0,,,,231 Stewart Place Corpus ChristiTexas 78402 ,78402,361883115513618830726,http://www.budgetinncorpuschristitx.com
Texas,,27.81698,-97.0665,Seaside Motel and Condominiums,5.0,,,,841 Sandcastle Drive Port AransasTexas 78373 ,78373,3617494105,http://www.portaseaside.com/
Texas,,27.78033,-97.1022,Texas Kahuna Rs160 Home,5.0,"""Located in Port Aransas", 2.3 km from Port Aransas Beach, 9 km from The University of Texas Marine Science Institute and 9 km from Port Aransas Marina, Texas Kahuna Rs160 Home provides accommodation with a patio and free WiFi. The property is 8 km from Port Aransas Museum and 8 km from Leonabelle Turnbull Birding Center.,,,
Texas,,27.83886,-97.05379,Channelview 215,5.0,"""Channelview 215 is situated in Port Aransas", 2.3 km from Port Aransas Beach, 35 km from Bob Hall Pier, and 200 metres from The University of Texas Marine Science Institute. It is set 1.2 km from I. B. Magee Beach Park and offers free WiFi plus an ATM.,,,
Texas,,27.83886,-97.05379,Channelview 206,5.0,"""Channelview 206 is set in Port Aransas", 2.3 km from Port Aransas Beach, 35 km from Bob Hall Pier, and 200 metres from The University of Texas Marine Science Institute. It is situated 1.2 km from I. B. Magee Beach Park and features free WiFi plus an ATM.,,,
Texas,,27.83506,-97.05979,Anchor 17 Studio Cottage,5.0,"""Set 2 km from Port Aransas Marina", 3.2 km from Port Aransas Nature Preserve and 100 metres from Port Aransas Museum, Anchor 17 Crash Pad Cottage offers accommodation located in Port Aransas. With free private parking, the property is less than 1 km from Port Aransas Beach and a 12-minute walk from The University of Texas Marine Science Institute.,,,
Texas,,27.83291,-97.0622,Casa Santorini Home,5.0,"""Casa Santorini SPV25 is set in Port Aransas", 1.3 km from Port Aransas Beach, 33 km from Bob Hall Pier, and 1.5 km from The University of Texas Marine Science Institute. It is located 1.3 km from I. B. Magee Beach Park and provides free WiFi plus an ATM.,,,
Texas,,27.72967,-97.13714,Mermaid Hideaway Bveb146 Home,5.0,"""Mermaid Hideaway Bveb146 Home is set in Port Aransas", 15 km from Port Aransas Marina, 16 km from Port Aransas Nature Preserve, as well as 14 km from Port Aransas Art Center. The accommodation is 15 km from The University of Texas Marine Science Institute, and guests benefit from complimentary WiFi and private parking available on site.,,
Texas,,27.83365,-97.07107,7 Palms,5.0,"""7 Palms is situated in Port Aransas", 1.8 km from I. B. Magee Beach Park, 1.4 km from Port Aransas Marina, and 2.2 km from The University of Texas Marine Science Institute. This property offers access to a patio and free private parking.,,,
Texas,,27.81958,-97.06929,Sugar Shack Cottage In Port A,5.0,"""Located in Port Aransas", 1.8 km from I. B. Magee Beach Park and 2.3 km from Port Aransas Nature Preserve, Sugar Shack provides accommodation with free WiFi, air conditioning and a garden. This holiday home is 2.5 km from Port Aransas Marina and 2.5 km from The University of Texas Marine Science Institute.,,,
Texas,,27.82943,-97.06087,Le Chateau Ts202,5.0,"""Le Chateau TS202 is set in Port Aransas", 1 km from I. B. Magee Beach Park, 33 km from Bob Hall Pier, and 1.7 km from The University of Texas Marine Science Institute. It is located less than 1 km from Port Aransas Beach and provides free WiFi plus an ATM.,,,
Texas,Corsicana,32.07851,-96.49026,Kingsway Inn Corsicana,1.0,"""This Corsicana", Texas motel offers free Wi-Fi and provides a microwave and fridge in every room. Kingsway Inn is a half mile from the Pearce Collections Museum.,,,,,
Texas,Cotulla,28.53593,-99.85054,Texan Inn Carrizo Springs,3.0,"""This motel is located 1 mile from Dimmit County Memorial Hospital in Carrizo Springs", TX.  Free Wi-Fi and an outdoor swimming pool are available to the motels guests.,,,,,
Texas,Cotulla,28.73075,-100.49583,Welcome Inn,2.0,"""Located on Route 277 and just 2 miles from Eagle Pass town centre", this motel features Free Wi-Fi and a continental breakfast.,,,,,
Texas,Cotulla,28.70894,-100.48588,Eagle Pass Inn,2.0,"""This Eagle Pass motel is 12 miles from Lucky Eagle Casino.  The motel has free Wi-Fi access and on-site parking.",,,,,,
Texas,Cotulla,28.44231,-99.24958,Cotulla Executive Inn,3.0,"""Featuring a complimentary hot breakfast", free parking with space for trucks, and free Wi-Fi access, Cotulla Executive Inn is located just off Interstate 35.,,,
Texas,Cotulla,28.73768,-100.49628,Country Hill Inn & Suite Eagle Pass,3.0,"""Free Wi-Fi access and continental breakfast are among the convenient amenities offered at this Eagle Pass motel. The US and Mexico border is 3 miles away.",,,,,,
Texas,Cotulla,28.66894,-99.17044,Whitehouse Inn Dilley,2.0,"""Hotel O Dilley Main St TX offers air-conditioned rooms in Dilley. Among the facilities at this property are a 24-hour front desk and room service", along with free WiFi throughout the property.,,,,,
Texas,Cotulla,28.68247,-99.18073,Sona Inn,3.0,"""Sona Inn is located in Dilley", Texas. Free WiFi access is available.,,,,,
Texas,Cotulla,28.44293,-99.24688,Village Inn Cotulla,2.0,"""Located less than 1 kilometer from Interstate 35", this Cotulla, Texas hotel features Free Wi-Fi, a complimentary hot breakfast and free parking with space for trucks.,,,
Texas,Cotulla,28.89676,-99.09388,Executive Inn Pearsall,1.0,"""This hotel is located in Pearsall", Texas, 5 minutes drive from Interstate 35. It features free Wi-Fi and a daily continental breakfast with coffee and donuts.,,,,
Texas,Cotulla,28.67989,-99.17938,Relax Inn Dilley,2.0,"""Relax Inn Dilley is a 2-star property situated in Dilley. With a restaurant", the 2-star motel has air-conditioned rooms with free WiFi, each with a private bathroom.,,,,
Texas,Cotulla,28.89733,-99.11218,Royal Inn Pearsall,2.0,"""This Pearsall motel", located off Interstate 35, features a Texas shaped outdoor pool. Longhorn Athletic Field is 15 minutes walk from the motel. Free Wi-Fi is available throughout the motel.,,,,
Texas,Cotulla,28.89524,-99.11717,Frio Inn,5.0,"""Frio Inn features air-conditioned rooms in Pearsall. The motel provides both free WiFi and free private parking.",,,,,,
Texas,Cotulla,28.89622,-99.11073,Pearsall Inn and Suites,2.0,"""Situated just off Interstate Highway 35", this motel features free Wi-Fi and a daily hot breakfast.,,,,,
Texas,Cotulla,28.89828,-99.11565,Southern Inn and Suites Pearsall,2.0,"""OYO Hotel Pearsall I-35 West is located just off IH 35", next to Petro Center and 8 miles from Pearsall Parks & Recreation.,,,,,
Texas,Cotulla,28.66546,-99.14977,Eagle Ford Village Suites,3.0,"""This accommodation in Dilley", Texas features one-bedroom, two-bedroom and five-bedroom units with wireless internet and convenient access to Interstate 35.,,,,
Texas,Cotulla,28.4444,-99.25366,Residency Suites,2.0,"""Featuring free WiFi", a year-round outdoor pool and a barbecue, Residency Suites offers accommodation in Cotulla. Free private parking is available on site.,,,,
Texas,Cotulla,28.52247,-99.84018,Oasis Lodge,5.0,"""Located on 3 acres and just 7 minutes drive from Carrizo Springs Golf Course", this lodge offers a flat-screen TV with satellite channels in every room.  Free Wi-Fi is available throughout the property.,,,,,
Texas,Cotulla,28.44242,-99.24132,Geocamps Cotulla,5.0,,Limited housekeeping Air Conditioned Free self parking Picnic area Self Laundry Pets Not Allowed Barbecue / Grill,,624 North Baylor Avenue CotullaTexas 78014 ,78014,,
Texas,Cotulla,28.89695,-99.11402,Garden Inn & Suites,2.0,"""This Pearsall", Texas motel features rooms with free wireless internet access. It is just 1 mile from Artesian Wells, Pearsall Sports Complex and Pearsall Regional Park.,,,,
Texas,Cotulla,28.65837,-100.41703,Casino Casita,5.0,"""Casino Casita is situated in Eagle Pass and offers free bikes", a casino and barbecue facilities. Guests benefit from private parking available on site and free WiFi.,,,,,
Texas,Crane,31.3974,-102.3503,La Bonita Inn & Suites,3.0,"""Located in Crane", La Bonita Inn & Suites - Crane offers 3-star accommodation with a restaurant. Featuring a shared lounge, the 3-star hotel has air-conditioned rooms with free WiFi, each with a private bathroom. Rooms come with a patio.,,,
Texas,Cresson,32.52783,-97.62216,Best Western Cresson Inn,2.0,"""Situated in Cresson", 37 km from Dickies Arena, Scottish Inns - Cresson features accommodation with a fitness centre, free private parking, a garden and a shared lounge. This 2-star motel offers a 24-hour front desk and free WiFi. The property is non-smoking and is set 41 km from Fort Worth Convention Center.,,
Texas,,28.622093200684,-99.856285095215,Double C Resort,5.0,,,,5241 FM 1407 Crystal CityTexas 78839 ,78839,8303749975,http://www.doublecresortvillage.com
Texas,Cuero,29.11159,-97.28121,Executive Inn Express & Suites Cuero,2.0,"""Executive Inn & Suites Cuero is a 2-star property set in Cuero. With an outdoor swimming pool", the 2-star hotel has air-conditioned rooms with free WiFi. The accommodation offers a 24-hour front desk and a business centre for guests.,,,,,
Texas,Cuero,29.11742,-97.29731,Cuero Oilfield Housing,3.0,"""Featuring an onsite basketball court", Cuero Oilfield Housing offers accommodation in Cuero.,,,,,
Texas,Cuero,29.11044,-97.28239,Hotel Texas,2.0,"""Located in Cuero", Hotel Texas Cuero offers 2-star accommodation with an outdoor swimming pool and barbecue facilities. With free WiFi, this 2-star motel offers a 24-hour front desk and a business centre.,,,,
Texas,Dalhart,36.06617,-102.5198,Sands Motel,1.0,"""Conveniently located just off U.S. Highway 54", this Dalhart, Texas motel features free Wi-Fi access.,,,,
Texas,Dalhart,36.06545,-102.52046,XIT Ranch Motel,2.0,"""XIT Ranch Motel is offering accommodation in Dalhart. All rooms boast a flat-screen TV with cable channels and a private bathroom. The property offers a 24-hour front desk and free WiFi is available.",,,,,,
Texas,Dalhart,36.07392,-102.508,Tri State Motel,2.0,"""Set in Dalhart", 2 km from Dalhart, Tri State Motel offers accommodation with free WiFi and free private parking. The property is around 7.5 km from Dalhart Municipal Airport, 7.7 km from Hitt and 13 km from Miller Airfield. Attractions in the area include Rehm, 18 km away, or Irwin, situated 22 km from the property.
Texas,Dalhart,36.06681,-102.51841,Budget Inn Motel Dalhart,1.0,"""This Dalhart", Texas motel features a continental breakfast and rooms with free Wi-Fi.  It is less than 1 mile from Dalhart Airport.,,,,,
Texas,Dalhart,36.031437,-102.48109,Holiday Inn Express & Suites Dalhart,2.0,Holiday Inn Express and Suites Dalhart is perfectly located for both business and leisure guests in Dalhart (TX). The property offers guests a range of services and amenities designed to provide comfort and convenience. Service-minded staff will welcome and guide you at Holiday Inn Express and Suites Dalhart. Each guestroom is elegantly furnished and equipped with handy amenities. The property offers various recreational opportunities. Discover all Dalhart (TX) has to offer by making Holiday Inn Express and Suites Dalhart your base.,languages spoken accessibility Internet access things to do  ways to relax cleanliness and safety dining  drinking  and snacking services and conveniences access getting around,,12012 Highway 87 South Dalhart ,79022,,http://www.ihg.com/holidayinnexpress/hotels/us/en/
Texas,Dalhart,36.06847,-102.51504,Hampton Inn & Suites Dalhart,5.0,"""Hampton Inn & Suites Dalhart is located in Dalhart.",,,,,,
Texas,Dallas,32.7766642,-96.7969879,The Daisy Polk Inn,3.0,HotelDescription#Further information about this hotel will be available shortly,NO Connecting rooms NO Smoking rooms NO Car park NO Garage NO Wheelchair-accessible NO Large pets allowed (over 5 kg) NO Small pets allowed (under 5 kg) NO Disability-friendly bathroom,,2917 Reagan Street DallasTexas 75219 ,75219,2145224692,http://daisypolkinn.com/
Texas,Dallas,32.82355,-96.86907,InTown Suites Dallas/Market Center,2.0,"""Located in Dallas", 6.4 km from Dallas World Trade Center, InTown Suites Extended Stay Dallas TX - Love Field Airport provides rooms with air conditioning. The property is situated 7.1 km from Highland Park Village, 7.9 km from American Airlines Center and 9.1 km from Sixth Floor Museum. AT&T Performing Arts Center is 9.2 km away and Meadows Museum is 9.2 km from the hotel.,,,
Texas,Dallas,32.67877,-97.04564,Heritage Inn Grand Prairie,1.0,"""Featuring free Wi-Fi access and convenient 24-hour reception", this hotel is located just off Interstate 20. An airport pick-up service is available on arrival to Dallas-Fort Worth Airport for a fee.,,,,,
Texas,Dallas,32.794865,-96.657362,Inn On the Creek Mesquite,3.0,HotelDescription#Further information about this hotel will be available shortly,NO Connecting rooms NO Smoking rooms NO Garage NO Large pets allowed (over 5 kg) NO Small pets allowed (under 5 kg) NO Disability-friendly bathroom NO Car park NO Wheelchair-accessible,,3911 US Highway East MesquiteTexas 75150 ,75150,9726136684,http://www.yellowpagecity.com/US/TX/Mesquite/Hotel
Texas,Dallas,32.935718536,-96.754898071,Quality Suites,2.0,,NO Connecting rooms Bathroom Hairdryer Direct dial telephone TV Kitchenette Fridge Mini fridge Microwave Tea and coffee making facilities Ironing set NO Small pets allowed (under 5 kg) NO Large pets allowed (over 5 kg) NO Wheelchair-accessible NO Car park NO Garage Wired Internet Laundry service Hotel safe Gym Restaurant Air conditioning in Restaurant   Conference room Sun loungers Hot tub Breakfast  ,,13636 Goldmark Dr. DallasTexas 75240 ,75240,8774246423,http://jmjdevelopment.net/amerigoldsuites.com/
Texas,Dallas,32.65666,-96.74908,Econo Lodge,1.0,"""Offering an outdoor pool", Executive Inn is located 11.1 km away from Dallas Zoo. Free WiFi access is available throughout. Each room features a flat-screen TV.,,,,,
Texas,Dallas,32.64712,-97.13455,InTown Suites Arlington South,2.0,"""Set 14 km from AT&T Stadium", InTown Suites Extended Stay Arlington TX  South offers rooms with air conditioning in Arlington. The property is situated 15 km from Globe Life Park in Arlington, 21 km from Six Flags Over Texas and 26 km from Fort Worth Convention Center. Dickies Arena is 31 km away and Dallas Zoo is 40 km from the hotel.,,,,
Texas,Dallas,32.77081,-97.09595,InTown Suites Six Flags,2.0,"""Set 3.2 km from AT&T Stadium", InTown Suites Extended Stay Arlington TX - Six Flags offers rooms with air conditioning in Arlington. The property is around 3.9 km from Globe Life Park in Arlington, 5.4 km from Six Flags Over Texas and 23 km from Fort Worth Convention Center. Dallas Holocaust Museum is 30 km away and American Airlines Center is 31 km from the hotel.,,,,
Texas,Dallas,32.88281,-96.89674,Best Western Plus Dallas I-35 at Walnut Hill,4.0,"""Located in Dallas", 11 km from Preston Center, Texas Inn & Suites Love Field Airport provides accommodation with a fitness centre, free private parking and a shared lounge. This 4-star hotel offers a 24-hour front desk, an ATM and free WiFi. The property is non-smoking and is set 13 km from Southern Methodist University.,,
Texas,Dallas,32.73927,-97.09557,Americas Best Value Inn Arlington Dallas,2.0,"""Featuring 2-star accommodation", Budget Host Inn is set in Arlington, 1.3 km from AT&T Stadium and 2.3 km from Globe Life Park in Arlington. The 2-star motel has air-conditioned rooms with a private bathroom and free WiFi. Private parking is available on site.,,,,
Texas,Dallas,-22.9820263,-43.20515,Quality Inn Market Center,3.0,"""This well appointed full service hotel is located in the popular Market Centre area of Dallas within 5 km of the city centre.",,,,,,
Texas,Dallas,32.94163,-96.90111,Lone Star Inn,2.0,"""This Carrollton motel is just off Interstate 35 and within a short drive of downtown Dallas. The motel offers a 24-hour front desk and guest rooms with free Wi-Fi.",,,,,,
Texas,Dallas,32.74108,-97.09798,Budget Host Inn of Arlington,2.0,"""The Cowboys Stadium is an 8-minute walk from this hotel in Arlington", Texas. The hotel offers classic guest rooms with free Wi-Fi and cable TV.,,,,,
Texas,Dallas,32.65781,-96.56222,Seagoville Inn Seagoville,2.0,"""This motel provides accommodations with free Wi-Fi and large vehicle parking", just 18 miles outside Dallas city centre.,,,,,
Texas,Dallas,32.92838,-96.7614,Bestway Inn Dallas,1.0,"""A 24-hour front desk and rooms with a flat-screen TV are offered at this Dallas motel", located 12 miles from Dallas Convention Center.,,,,,
Texas,Dallas,32.96701,-96.91955,Deluxe Inn Carrollton,1.0,"""Dallas/Fort Worth International Airport is 20 minutes drive from this Carrollton", Texas hotel. It offers a 24-hour reception, a business centre, and rooms with free Wi-Fi.,,,
Texas,Dallas,32.79386,-96.77515,Corinthian Bed And Breakfast,3.0,"""Featuring a garden as well as a terrace", The Corinthian Bed and Breakfast is set in Dallas, within 3.8 km of AT&T Performing Arts Center and 4.2 km of Dallas World Aquarium. Complimentary WiFi is offered.,,,,
Texas,Dallas,32.924842954,-96.901431084,Americas Best Value Inn & Suites,3.0,"""HotelDescription#The hotel enjoys an excellent location just 3 miles from Galleria Mall and the Texas Stadium. A range of restaurants is also within easy reach", as the hotel is just 2 miles from Restaurant Row. Downtown Dallas is an easy 9 miles away as the hotel is located at I35 and I635.,,,,,
Texas,Dallas,32.6051544565567,-96.8221771717072,Spanish Trails Inn,5.0,"""PROPERTY TYPE",,,,,,
Texas,Dallas,32.75883,-97.02685,Motel 6 Grand Prairie - Interstate 30,2.0,"""Free Wi-Fi is featured at this Grand Prairie hotel.  It is located less than 2 miles from Ripleys Believe it Or Not Museum.",,,,,,
Texas,Dallas,32.95224,-96.8368,Holiday Inn Express & Suites Dallas Addison,3.0,"""Located 1 mile off the Dallas North Tollway", this hotel is 1.8 miles from Dallas Love Field Airport. It serves a hot breakfast every morning and features an outdoor pool.,,,,,
Texas,Dallas,33.01863,-96.98398,La Quinta Inn Dallas Lewisville,3.0,"""La Quinta Inn & Suites by Wyndham Lewisville is located in Lewisville. Featuring a bar", this 3-star hotel has air-conditioned rooms with a private bathroom.,,,,,
Texas,Dallas,32.79229,-96.59954,"""OYO Hotel Mesquite TX"," Hwy 80 ( Ex. Microtel Inn & Suites By Wyndham Mesquite dallas At Highway)""",2.0,"""This Mesquite", Texas hotel is just 12 miles from Dallas Love Field Airport.  Free Wi-Fi access and a daily continental breakfast are provided to the hotels guests.,,,,
Texas,Dallas,32.83691,-97.09681,Regency Inn & Suites Dfw,3.0,"""This Euless hotel is 10 minutes drive from Dallas-Fort Worth International Airport and 20 miles west of Central Dallas. Free Wi-Fi and a continental breakfast are offered at this hotel.",,,,,,
Texas,Dallas,32.90773,-96.70307,Sun Suites of Dallas Garland,1.0,"""Located just 1 mile from Friendship Park", this Garland, Texas accommodation features suites with a kitchenette and free W-Fi.,,,,
Texas,Dallas,33.01582,-96.98435,InTown Suites DFW Airport,2.0,"""This Dallas area motel offers all-suite accommodations with a large HDTV and premium channels from Showtime", just 10 miles from Dallas/Fort Worth International Airport.,,,,,
Texas,Dallas,32.5998,-96.822,HWY Express Inn and Suites,2.0,,,,930 North Interstate 35 East I-35E & Beltline RoadLancasterDallas ,75146,,http://www.hotelscombined.com/Hotel/Hwy_Express_In
Texas,Dallas,33.0269,-96.9904,Super 8 Motel - Lewisville/DFW Airport/North,2.0,,,,1305 Stemmons Freeway LewisvilleTX 75067 ,75067,,
Texas,Dallas,32.74326,-97.10725,The Sanford House Inn & Spa,4.0,"""Luxurious furnishings and elegant decorations invite you to indulge yourself at The Sanford House Inn & Spa. The on-site Restaurant506 serves gourmet cuisine with an artistic presentation. Free WiFi and a complimentary full breakfast are among the conveniences offered at this boutique hotel.",,,,,,
Texas,Dallas,33.23574,-96.63184,WoodSpring Suites McKinney,2.0,"""WoodSpring Suites McKinney is located in McKinney. Free WiFi access is available. Each room here will provide you with a 32-inch flat-screen TV with cable and premium channels", air conditioning and a seating area.,,,,,
Texas,Dallas,32.75443,-97.06697,Ranger Inn & Suites,2.0,"""This motel is across from Six Flags over Texas . The motel features a seasonal outdoor pool and rooms with free WiFi.",,,,,,
Texas,Dallas,33.04172,-96.70443,Plano Inn & Suites,2.0,"""This Plano", Texas hotel is located right off US 75. It offers free Wi-Fi and cable TV with premium cable channels. A wide variety of restaurants are within walking distance.,,,,,
Texas,Dallas,32.66093,-96.88983,Super 7 Inn Dallas Southwest,1.0,"""This Dallas", Texas motel features rooms with expanded cable TV. Dallas town centre is a 15 minutes drive away.,,,,,
Texas,Dallas,32.80389,-96.67005,Mesquite Inn & Suites,1.0,"""Situated in Mesquite", within 14 km of AT&T Performing Arts Center and 14 km of Dallas Holocaust Museum, Mesquite Inn & Suites features accommodation with a seasonal outdoor swimming pool and free WiFi throughout the property as well as free private parking for guests who drive. This 1-star motel offers a 24-hour front desk and room service. The property is 14 km from John Fitzgerald Kennedy Memorial and 15 km from Mockingbird Station.,,,,
Texas,Dallas,32.76507,-96.84987,Inn Of The Dove,2.0,"""This hotel is located off Interstate 30 and is 11.2 km from downtown Dallas. The hotel features individual parking garages in all suites and offers free WiFi.",,,,,,
Texas,Dallas,32.91247,-97.0049,Quality Inn & Suites DFW North,2.0,"""Located in Irving", 16.1 km from Texas Stadium, OYO Hotel Irving DFW Airport North provides accommodations with free WiFi and free private parking. This 2-star hotel offers a concierge service and luggage storage space. The property has room service, an ATM and currency exchange for guests.,,,
Texas,Dallas,32.875160217,-96.684509277,The Regency Hotel,3.0,"""HotelDescription#The property is conveniently located at the S.W. corner of Jupiter Road and the LBJ Freeway in east Dallas. Guests are centrally located within minutes of several business disctricts", shopping and entertainment venues.,,,,,
Texas,Dallas,32.65553,-96.90883,Alla's Historical B & B,3.0,"""Located in Texas 13 miles from Dallas Convention Center", this bed and breakfast offers free laundry service. All charming guest rooms include a continental breakfast and free Wi-Fi.,,,,,
Texas,Dallas,32.70178,-96.74593,Romantic Inn & Suites,3.0,"""Featuring a Roman garden theme", this love hotel offers romantic accommodations for adults. Free WiFi access is also available.,,,,,
Texas,Dallas,32.742,-97.019,Crown Inn,1.0,"""Featuring free Wi-Fi access", this motel is 5 minutes drive from Lonestar Racepark.,,,,,
Texas,Dallas,32.66054,-96.88941,Royal Inn,2.0,"""13 km from Dallas Zoo", Royal Inn - Dallas is situated in Dallas and features air-conditioned rooms. 18 km from John Fitzgerald Kennedy Memorial, the property is also 18 km away from Dallas Holocaust Museum. The property offers a 24-hour front desk and free WiFi is available.,,,,
Texas,Dallas,32.73598,-97.11634,The Thornton Inn Bed and Breakfast,3.0,"""Located at the edge of Arlingtons historic city centre", and across the street from University of Texas at Arlington, this bed and breakfast features a complimentary full country breakfast. Free WiFi access is also available.,,,,
Texas,Dallas,32.73336,-96.61325,Scottish Inns & Suites,2.0,"""Located in Balch Springs", 18 km from Dallas, Scottish Inns & Suites features air-conditioned rooms and free private parking.,,,,
Texas,Dallas,32.64929,-96.70403,Gold Inn,2.0,"""This Hutchins", Texas motel is 2 miles from Trinity River Audubon Center. The motel offers free Wi-Fi and on-site parking.,,,,,
Texas,Dallas,32.86296,-96.88018,Anchor Motel,1.0,"""Located just a mile off the Stemmons Freeway", this motel is a 20-minute drive from downtown Dallas. It features rooms with free Wi-Fi access, local calls, and cable TV.,,,
Texas,Dallas,33.00422,-96.77641,Woodspring Suites Dallas North,5.0,"""Located in Plano", within 10 km of Historic Downtown Plano and 20 km of Gerald J. Ford Stadium, WoodSpring Suites Plano - North Dallas provides accommodation with a fitness centre and free WiFi as well as free private parking for guests who drive. The property is situated 20 km from Southern Methodist University, 20 km from Meadows Museum and 21 km from Preston Center. The property is non-smoking and is set 20 km from Mockingbird Station.,,,
Texas,Dallas,32.73417,-96.78611,All Seasons Inn & Suites,2.0,"""Featuring free WiFi", All Seasons Inn & Suites is situated in Dallas, 5 km from Dallas Zoo and 7 km from Dallas Holocaust Museum. The property is located 7 km from John Fitzgerald Kennedy Memorial and 7 km from Dallas World Aquarium. Sixth Floor Museum is 8 km from the property.,,,,
Texas,Dallas,32.70188,-97.11966,InTown Suites Arlington Central,3.0,"""Set 6.9 km from AT&T Stadium", InTown Suites Extended Stay Arlington - Central offers rooms with air conditioning in Arlington. The property is around 8.2 km from Globe Life Park in Arlington, 11 km from Six Flags Over Texas and 27 km from Fort Worth Convention Center. Dallas Holocaust Museum is 37 km from the hotel and American Airlines Center is 38 km away.,,,,
Texas,Dallas,33.10134,-96.82179,Drury Inn & Suites Dallas Frisco,3.0,"""Set in Frisco", Texas, 1.1 km from Ford Center at the Star, Drury Inn & Suites Dallas Frisco features a hot tub and fitness centre.,,,
Texas,Dallas,32.7804,-96.79464,Stay Alfred on Jackson Street,3.0,"""Sonder at Commerce is situated in the centre of Dallas", close to Dallas World Aquarium, Dallas Holocaust Museum and John Fitzgerald Kennedy Memorial. Free WiFi is available and private parking is available on site.,,,,
Texas,Dallas,32.7924,-96.8105,The Guild Victory Park,,"""Situated in Dallas", 300 metres from American Airlines Center and 1.5 km from Sixth Floor Museum, Locale Victory Park - Dallas features accommodation with free WiFi, air conditioning, an outdoor swimming pool and a fitness centre. Private parking is available on site.,,
Texas,Dallas,32.7391,-97.1161,Oasis Motel,1.0,"""Oasis Motel is offering accommodation in Arlington. The property is close to several well-known attractions", 800 metres from Arlington Museum of Art, 1.1 km from The University of Texas at Arlington and 1.2 km from Shimadzu Institute for Research Technologies. AT&T Stadium is 2.2 km away.,,,,
Texas,Dallas,32.80902,-96.94466,Jefferson Street Bed and Breakfast Inn,5.0,"""Located 15 minutes drive from Dallas/Fort Worth International Airport", this bed and breakfast is is furnished with traditional Texas decor and free WiFi. A complimentary continental breakfast is provided daily, and a full breakfast can be delivered to your room for a fee.,,,,
Texas,Dallas,32.7544,-96.82419,Chijmes Dallas,3.0,"""<p>HeadLine : In Dallas (Oak Cliff)</p><p>Location : With a stay at The Bishop Arts Hotel by Bluelofts in Dallas (Oak Cliff)", you ll be within a 5-minute drive of Kay Bailey Hutchison Convention Center and Reunion Tower.  This hotel is 3.2 mi (5.2 km) from American Airlines Center and 2.7 mi (4.3 km) from Dallas World Aquarium.</p><p>Rooms : Make yourself at home in one of the 12 air-conditioned rooms featuring flat-screen televisions. Complimentary wireless Internet access is available to keep you connected. Bathrooms feature showers, complimentary toiletries, and hair dryers.</p><p>CheckIn Instructions : <ul>  <li>Extra-person charges may apply and vary depending on property policy</li><li>Government-issued photo identification and a credit card, debit card, or cash deposit may be required at check-in for incidental charges</li><li>Special requests are subject to availability upon check-in and may incur additional charges; special requests cannot be guaranteed</li><li>This property accepts credit cards; cash is not accepted</li><li>Onsite parties or group events are strictly prohibited</li>  </ul></p><p>Special Instructions : There is no front desk at this property. This property doesn t offer after-hours check-in. Prior to arrival, guests must complete online registration with the property via a secure link. Guests will be asked to provide the property with a copy of their government-issued photo ID before arrival. 
Texas,Dallas,32.83614,-96.92887,Deluxe Inn Irving,1.0,"""6 km from Texas Stadium", Deluxe Inn Irving is set in Irving and features air-conditioned rooms. The motel offers an outdoor swimming pool and a 24-hour front desk and free WiFi throughout the property.,,,,,
Texas,Dallas,32.87766,-96.94206,Texican Court Hotel,4.0,"""Set in Irving", Texican Court, by Valencia Hotel Group offers 4-star accommodation with a restaurant and a bar. With a fitness centre, the 4-star hotel has air-conditioned rooms with free WiFi, each with a private bathroom. The accommodation offers a 24-hour front desk and a business centre for guests.,,
Texas,Dallas,32.839057,-97.141081,Home2 Suites By Hilton Bedford DFW West,3.0,"""Stay a while at our new", pet friendly Home2 Suites by Hilton Bedford DFW West. Conveniently located just a few minutes away from restaurants, Dallas/Fort Worth International Airport and offers easy access to both Dallas and Fort Worth.  You'll feel right at home in our spacious suites offering a well-equipped kitchen complete with a full-size refrigerator, dishes, microwave and flatware. Each suite features free WiFi, a dining table and a separate living area with a rollaway bed.,
Texas,Dallas,32.63349,-96.82187,Mainstay Suites Lancaster Dallas South,3.0,"""Featuring 3-star accommodation", MainStay Suites Lancaster Dallas South is set in Lancaster, 13 km from Dallas Zoo and 18 km from Sixth Floor Museum. With an outdoor swimming pool, the 3-star hotel has air-conditioned rooms with free WiFi, each with a private bathroom. The hotel offers a barbecue and a 24-hour front desk.,,
Texas,Dallas,32.73597,-97.05485,Abrams Inn Arlington,5.0,"""Set in Arlington", 4.7 km from Six Flags Over Texas and 5.3 km from AT&T Stadium, Abram Inn - Arlington offers air conditioning. It is situated 4.3 km from Globe Life Park in Arlington and features free WiFi plus a 24-hour front desk.,,,,
Texas,Dallas,32.98008,-96.70639,Waterwalk Dallas Richardson Apartments,5.0,"""Set in Richardson", 5.2 km from Historic Downtown Plano and 20 km from Gerald J. Ford Stadium, Waterwalk Dallas-Richardson offers accommodation with free WiFi, air conditioning, a seasonal outdoor swimming pool and a fitness centre.,,
Texas,Dallas,33.04118,-96.70774,Candlewood Suites Plano North,5.0,"""Candlewood Suites - Plano North", an IHG Hotel is set in Plano, within 3.1 km of Historic Downtown Plano and 25 km of Gerald J. Ford Stadium. The property is situated 25 km from Mockingbird Station, 26 km from Preston Center and 26 km from Southern Methodist University. The hotel has a fitness centre, a 24-hour front desk and free WiFi throughout the property.,,
Texas,Dallas,32.67358,-97.02292,STAYBRIDGE SUITES DALLAS - GRAND PRAIRIE,3.0,"""Set 14 km from Globe Life Park in Arlington", Staybridge Suites - Dallas - Grand Prairie, an IHG Hotel offers 3-star accommodation in Grand Prairie and features an outdoor swimming pool, a fitness centre and a shared lounge. With free WiFi, this 3-star hotel offers a 24-hour front desk and a business centre. The property is non-smoking and is located 14 km from Six Flags Over Texas.,,
Texas,Dallas,32.88665,-96.7688,Hilton Garden Inn Dallas-Central Expy/North Park Area  TX,3.0,"""Featuring 3-star accommodation", Hilton Garden Inn Dallas-Central Expy/North Park Area, Tx is situated in Dallas, 6.4 km from Gerald J. Ford Stadium and 6.6 km from Mockingbird Station. The property is set 6.6 km from Preston Center, 6.8 km from Southern Methodist University and 7.1 km from Meadows Museum. The hotel has a hot tub, a 24-hour front desk and free WiFi.,
Texas,Dallas,33.12066,-96.66896,Tru By Hilton Allen Dallas Tx,2.0,"""Featuring 2-star accommodation", Tru By Hilton Allen Dallas, Tx is set in Allen, 35 km from Gerald J. Ford Stadium and 35 km from Mockingbird Station. With free WiFi, this 2-star hotel offers a 24-hour front desk. The property is non-smoking and is located 13 km from Historic Downtown Plano.,,
Texas,Dallas,32.90445,-96.92289,Hampton Inn & Suites Farmers Branch Dallas Tx,2.0,"""Hampton Inn & Suites Farmers Branch Dallas", Tx is offering accommodation in Farmers Branch.,,,,,
Texas,Dallas,32.78981,-96.79699,"""HALL Arts Hotel Dallas"," Curio Collection by Hilton""",,"""Conveniently located in Dallas", HALL Arts Hotel Dallas, Curio Collection by Hilton offers air-conditioned rooms, a fitness centre, free WiFi and a garden. The property has a bar, as well as a restaurant serving American cuisine. Private parking is available on site.
Texas,Dallas,33.15795,-96.82916,La Quinta Inn & Suites Frisco Fieldhouse North,2.0,,languages spoken Internet access things to do  ways to relax services and conveniences access getting around,,9595 John W Elliott Dr. 75033 ,75033,4693403065,https://www.agoda.com/partners/partnersearch.aspx?hid=16625551
Texas,Dallas,32.7995,-96.82166,Tru By Hilton Dallas Market Center,2.0,"""Featuring 2-star accommodation", Tru By Hilton Dallas Market Center is situated in Dallas, less than 1 km from Dallas World Trade Center and 1.9 km from American Airlines Center. With a bar, the 2-star hotel has air-conditioned rooms with free WiFi, each with a private bathroom. Private parking is available on site.,,
Texas,Dallas,33.073638,-96.820748,Kasa Dallas Plano,3.0,"""<p>HeadLine : In Plano (Legacy Park)</p><p>Location : With a stay at Kasa Legacy Town Center Plano in Plano (Legacy Park)", you ll be within a 15-minute drive of Galleria Dallas and University of Texas at Dallas.  This apartment is 0.3 mi (0.5 km) from The Shops at Legacy and 1.9 mi (3.1 km) from Stonebriar Centre Mall.</p><p>Rooms : Make yourself at home in one of the 10 individually decorated guestrooms, featuring kitchens with full-sized refrigerators/freezers and ovens. Your memory foam bed comes with premium bedding. 49-inch Smart televisions with digital programming provide entertainment, while complimentary wireless Internet access keeps you connected. Conveniences include desks and separate sitting areas.</p><p>CheckIn Instructions : <ul>  <li>Extra-person charges may apply and vary depending on property policy</li><li>Government-issued photo identification and a credit card may be required at check-in for incidental charges</li><li>Special requests are subject to availability upon check-in and may incur additional charges; special requests cannot be guaranteed</li><li>This property accepts credit cards; cash is not accepted</li><li>Onsite parties or group events are strictly prohibited</li><li>Long-term renters welcome</li><li>Safety features at this property include a fire extinguisher, a smoke detector, and a first aid kit</li>  </ul></p><p>Special Instructions : There is no front desk at this property. Prior to arrival, guests must complete online registration with the property via a secure link. Guests will be asked to provide the property with a copy of their government-issued photo ID before arrival. 
Texas,Dallas,33.04317,-97.06639,Home2 Suites by Hilton Flower Mound Dallas,5.0,"""Located in Flower Mound", 26 km from Texas Motor Speedway, Home2 Suites By Hilton Flower Mound Dallas offers air-conditioned rooms and a terrace. The property is around 38 km from Six Flags Over Texas, 39 km from Globe Life Park in Arlington and 40 km from AT&T Stadium. The hotel provides an indoor pool, fitness centre and a shared lounge.,,
Texas,Dallas,32.80879,-96.83218,"""Home2 Suites By Hilton Dallas Medical District Lovefield"," Tx""",5.0,"""Home2 Suites By Hilton Dallas Medical District Lovefield", Tx is located in Dallas, 4.7 km from Sixth Floor Museum and 4.7 km from Dallas World Aquarium. The property is situated 1.2 km from Dallas World Trade Center, 3.6 km from American Airlines Center and 4.5 km from AT&T Performing Arts Center. Dallas Holocaust Museum is 4.8 km away and John Fitzgerald Kennedy Memorial is 5.3 km from the hotel.,,
Texas,Dallas,32.88873,-96.95753,Embassy Suites By Hilton Irving Las Colinas,5.0,"""Located in Irving", 19 km from Dallas World Trade Center, Embassy Suites By Hilton Irving Las Colinas provides air-conditioned rooms and a restaurant. The property is situated 20 km from American Airlines Center, 21 km from Highland Park Village and 21 km from Dallas World Aquarium. Meadows Museum is 25 km away and Gerald J. Ford Stadium is 25 km from the hotel.,,,
Texas,Dallas,32.90246,-96.45724,TownePlace Suites by Marriott Dallas Rockwall,5.0,"""Set within 38 km of American Airlines Center and 38 km of Gerald J. Ford Stadium", TownePlace Suites by Marriott Dallas Rockwall features rooms in Rockwall. The property is around 36 km from AT&T Performing Arts Center, 37 km from Dallas World Aquarium and 38 km from Mockingbird Station. The hotel offers an outdoor swimming pool and a 24-hour front desk and free WiFi.,,,,
Texas,Dallas,32.7993,-96.80721,Marriott Dallas Uptown,4.0,"""Marriott Dallas Uptown has an outdoor swimming pool", fitness centre, a restaurant and bar in Dallas. This 4-star hotel offers an ATM and luggage storage space. The accommodation offers room service, a 24-hour front desk and currency exchange for guests.,,,
Texas,Dallas,32.97989,-96.70636,Element Dallas Richardson,3.0,"""Set in Richardson", 5 km from Historic Downtown Plano, Element Dallas Richardson offers accommodation with free bikes, free private parking, an outdoor swimming pool and a fitness centre. With free WiFi, this 3-star hotel offers a shared lounge and a 24-hour front desk. The property is non-smoking and is situated 19 km from Gerald J. Ford Stadium.,
Texas,Dallas,33.21323,-96.66046,Fairfield by Marriott Inn & Suites Dallas McKinney,3.0,"""Situated in McKinney", 27 km from Historic Downtown Plano, Fairfield by Marriott Inn & Suites Dallas McKinney features accommodation with a seasonal outdoor swimming pool, free private parking, a fitness centre and a shared lounge. This 3-star hotel offers a 24-hour front desk and a business centre. The property is non-smoking and is set 49 km from Gerald J. Ford Stadium.,,
Texas,Dallas,32.75473,-97.0913,Entertainment District Home,5.0,"""Entertainment District Home", a property with a shared lounge and barbecue facilities, is set in Arlington, 2.2 km from Globe Life Park in Arlington, 2.7 km from Six Flags Over Texas, as well as 3.7 km from Arlington Museum of Art. The air-conditioned accommodation is 2 km from AT&T Stadium, and guests benefit from private parking available on site and free WiFi.
Texas,Dallas,32.89131,-96.77414,Designed To Relax,5.0,"""Featuring pool views", Designed to Relax-NO PARTIES ALLOWED provides accommodation with a fitness centre and a balcony, around 6.4 km from Preston Center. This apartment also features an outdoor pool and free WiFi.,,,,
Texas,Dallas,32.95052,-96.66874,Comfy Cozy Affordable Home Away Home,5.0,"""Offering barbecue facilities and garden view", Comfy Cozy Affordable Home Away Home is situated in Garland, 11 km from Historic Downtown Plano and 22 km from Gerald J. Ford Stadium. This property offers access to a patio, free private parking and free WiFi.,,,
Texas,Dallas,32.82316,-96.76404,1920s Urban Charm,5.0,"""Set in Dallas", 2.8 km from Mockingbird Station and 3.2 km from Gerald J. Ford Stadium, 1920s Urban Charm Aboretum Tickets Available provides accommodation with amenities such as free WiFi and a flat-screen TV. This apartment is 3.9 km from Meadows Museum and 4.7 km from Southern Methodist University.,,,,
Texas,Dallas,33.13824,-96.70767,Urbanliving at Craigranch Mckinney,5.0,"""Urbanliving at Craigranch Mckinney is set in McKinney. The air-conditioned accommodation is 12 km from Frisco.",,,,,,
Texas,Dallas,32.68314,-97.00938,Cheap Private Room In a House,5.0,"""Located in Grand Prairie", 11 km from Mountain Creek Lake and 14 km from International Wildlife Park, Cheap Private Room In a House offers free WiFi and air conditioning.,,,,
Texas,Dallas,32.8068,-96.8156,Lavish Apt Near Dining Shopping & Nightlife,5.0,"""Set in Dallas", 2.3 km from Dallas Market Center and 2.4 km from Dallas World Trade Center, Frontdesk 2525 Reagan St Apts Uptown Dallas provides accommodation with amenities such as free WiFi and a flat-screen TV. Guests staying at this apartment have access to a fully equipped kitchen.,,,,
Texas,Dallas,32.98621,-97.12325,Glamping on Lake Grapevine,5.0,"""Set in Southlake in the Texas region", Glamping on Lake Grapevine features a garden. The property is 38 km from Fort Worth and free private parking is featured.,,,,,
Texas,Dallas,32.67108,-96.74708,Private Room in a House,5.0,"""Situated 15 km from AT&T Performing Arts Center", Private Room in a House features accommodation with free WiFi and free private parking.,,,,,
Texas,Dallas,32.77734,-96.79548,Visit Dallas From A Spacious Loft,5.0,"""Located in the centre of Dallas", 1.2 km from John Fitzgerald Kennedy Memorial and 1.5 km from Sixth Floor Museum, Visit Dallas From A Spacious 2-Bdrm Loft! offers free WiFi, a fitness centre and air conditioning. This apartment is 2.5 km from American Airlines Center and 5 km from Dallas Zoo.,,,
Texas,Dallas,32.77734,-96.79548,Stylish & Walkable 2 Bdrm In Heart Of Downtown,5.0,"""Situated in the centre of Dallas", 1.2 km from John Fitzgerald Kennedy Memorial and 1.5 km from AT&T Performing Arts Center, Stylish & Walkable 2 BDRM in Heart of Downtown! offers a fitness centre and air conditioning. The property is 2.7 km from American Airlines Center and 5 km from Dallas Zoo.,,,,
Texas,Dallas,32.77734,-96.79548,Relaxing 1 Bed 1 Bath Dallas Downtown Apartment,5.0,"""In the Downtown Dallas district of Dallas", close to John Fitzgerald Kennedy Memorial, Relaxing 1 Bed, 1 Bath Dallas Downtown Apartment features free WiFi and a washing machine. The property is 1.6 km from Dallas World Aquarium and 2.7 km from American Airlines Center.,,,
Texas,Dallas,32.77734,-96.79548,Homey 1br Unit With Downtown Dallas Views,5.0,"""Set in Dallas", 1.2 km from John Fitzgerald Kennedy Memorial and 700 metres from the centre, Abode Dallas - Downtown Convention Center offers air-conditioned accommodation with free WiFi, and an outdoor swimming pool.,,,
Texas,Dallas,32.77734,-96.79548,Cozy Apartment Overlooking Downtown,5.0,"""In the Downtown Dallas district of Dallas", close to John Fitzgerald Kennedy Memorial, Cozy 1 Bedroom Apartment Overlooking Downtown has free WiFi and a washing machine. The property is 1.6 km from Dallas World Aquarium and 2.7 km from American Airlines Center.,,,,
Texas,Dallas,32.77734,-96.79548,Stunning Bright & Airy Space w Amazing Views,5.0,"""In the Downtown Dallas district of Dallas", close to John Fitzgerald Kennedy Memorial, Stunning Bright & Airy Space w/ Amazing Views! has free WiFi and a washing machine. This apartment is 1.6 km from Dallas World Aquarium and 2.7 km from American Airlines Center.,,,,
Texas,Dallas,32.77734,-96.79548,Live at a hip 1 Bdrm loft in the heart of Dallas,5.0,"""Live at a hip 1-Bdrm loft in the heart of Dallas offers accommodation in Dallas", 1.2 km from John Fitzgerald Kennedy Memorial and 1.5 km from AT&T Performing Arts Center. Guests staying at this apartment have access to a fully equipped kitchen.,,,,,
Texas,Dallas,32.7773,-96.7955,Spacious 2BR @ Heart of Downtown Convention Ctr,5.0,"""Located in Dallas", 1.2 km from John Fitzgerald Kennedy Memorial and 700 metres from the centre, FRONTDESK 500 Ervay Downtown Convention Ctr provides air-conditioned accommodation with free WiFi, and a fitness centre.,,,
Texas,Dallas,32.8073,-96.7966,Chic Central Uptown Loft 1BR @ Shopping Dining,,"""Chic Central Uptown Loft 1BR @ Shopping + Dining is situated in the Uptown Dallas district of Dallas", 3.5 km from Dallas World Aquarium, 3.5 km from American Airlines Center and 4 km from Sixth Floor Museum. It is set 3 km from AT&T Performing Arts Center and offers free WiFi plus a 24-hour front desk.,,,,
Texas,Dallas,32.8096,-96.7963,Unbeatable Location Near AA Center @ 1BR Parking,5.0,"""Unbeatable Location Near AA Center @ 1BR + Parking is situated in the Uptown Dallas district of Dallas", 3.6 km from AT&T Performing Arts Center, 3.6 km from American Airlines Center and 3.9 km from Dallas World Aquarium. It is set 3.3 km from Highland Park Village and offers free WiFi plus a 24-hour front desk.,,,,
Texas,Dallas,32.8253,-96.839874,Kasa Dallas Medical District Apartments,4.0,"""<p>HeadLine : In Dallas (Love Field)</p><p>Location : With a stay at Kasa Love Field-Medical District Dallas in Dallas (Love Field)", you ll be a 5-minute drive from Dallas Market Center and 6 minutes from American Airlines Center.  This 4-star apartment is 3.5 mi (5.7 km) from Southern Methodist University and 4.1 mi (6.5 km) from Dallas World Aquarium.</p><p>Rooms : Make yourself at home in one of the 14 individually decorated guestrooms, featuring kitchens with full-sized refrigerators/freezers and ovens. Your memory foam bed comes with premium bedding. 49-inch Smart televisions with digital programming provide entertainment, while complimentary wireless Internet access keeps you connected. Conveniences include desks and separate sitting areas.</p><p>CheckIn Instructions : <ul>  <li>Extra-person charges may apply and vary depending on property policy</li><li>Government-issued photo identification and a credit card may be required at check-in for incidental charges</li><li>Special requests are subject to availability upon check-in and may incur additional charges; special requests cannot be guaranteed</li><li>This property accepts credit cards; cash is not accepted</li><li>Onsite parties or group events are strictly prohibited</li><li>Safety features at this property include a fire extinguisher, a smoke detector, and a first aid kit</li>  </ul></p><p>Special Instructions : There is no front desk at this property. Prior to arrival, guests must complete online registration with the property via a secure link. Guests will be asked to provide the property with a copy of their government-issued photo ID before arrival. 
Texas,Dayton,39.63097,-84.22372,InTown Suites Dayton,2.0,"""Located within 16 km of Dayton Convention Center and 17 km of Benjamin and Marian Schuster Performing Arts Center", InTown Suites Extended Stay Select Dayton OH provides rooms with air conditioning and a private bathroom in Dayton. The property is set 17 km from Dayton Visual Arts Center, 17 km from Baujan Field and 17 km from Dayton Motor Car Company Historic District. Private parking can be arranged at an extra charge.,,,,
Texas,Dayton,39.84334,-84.19138,Drury Inn & Suites Dayton North,3.0,"""Off Interstate I-75", this hotel boasts free Wi-fi, an indoor-outdoor pool and rooms with a flat-screen cable TV. Dayton International Airport is 8 minutes drive away.,,,,
Texas,Dayton,39.75669,-84.18547,Inn Port D'Vino,5.0,"""Located in Dayton in the Ohio region", with Dayton Convention Center and Dayton Visual Arts Center nearby, Inn Port DVino provides accommodation with free WiFi and free private parking, as well as access to a hot tub.,,,
Texas,Dayton,30.04226,-94.89325,Executive Inn,5.0,"""This", Dayton accommodation serves its guests with a 24-hour front desk and free wireless internet throughout the property.,,,,,
Texas,Dayton,30.04882,-94.88357,Summit Inn,1.0,"""Set in Dayton", 34 km from Houston Raceway Park, Summit Inn offers accommodation with free WiFi and free private parking. The property is around 49 km from Houston Motorsports Park, 43 km from Redstone Golf Club and 43 km from San Jacinto Monument and Museum of History. The property is located 4 km from Cypress Lake and 5 km from City Park.,,,
Texas,Dayton,39.84937,-84.19556,Holiday Inn Express & Suites Dayton North,5.0,"""Set in Dayton", 11 km from RiverScape, Holiday Inn Express & Suites Dayton North - Vandalia, an IHG Hotel offers accommodation with a fitness centre, free private parking and a shared lounge. Featuring luggage storage space, this property also provides guests with a sun terrace. The hotel features an indoor pool, a 24-hour front desk and free WiFi throughout the property.
Texas,Decatur,33.5541,-97.86714,Americas Best Value Inn Bowie,3.0,"""Caddo-LBJ National Grasslands is 8.9-miles from this hotel located in Bowie. The hotel provides guest rooms with cable TV including the HBO channel and an outdoor pool is on site.",,,,,,
Texas,Decatur,33.1808,-97.83484,Bay Landing Camping Resort Cabin 26,5.0,"""Set in Bridgeport in the Texas region", Bay Landing Camping Resort Cabin 26 offers accommodation with free WiFi.,,,,,
Texas,Decatur,33.1808,-97.83484,Bay Landing Camping Resort Cabin 1,5.0,"""Set in Bridgeport in the Texas region", Bay Landing Camping Resort Cabin 1 offers accommodation with free WiFi.,,,,,
Texas,Decatur,33.1808,-97.83484,Bay Landing Camping Resort Cabin 2,5.0,"""Situated in Bridgeport in the Texas region", Bay Landing Camping Resort Cabin 2 features accommodation with free WiFi.,,,,,
Texas,Decatur,33.1808,-97.83484,Bay Landing Camping Resort Cabin 3,5.0,"""Located in Bridgeport in the Texas region", Bay Landing Camping Resort Cabin 3 provides accommodation with free WiFi.,,,,,
Texas,Decatur,33.1808,-97.83484,Bay Landing Camping Resort Cabin 4,5.0,"""Located in Bridgeport in the Texas region", Bay Landing Camping Resort Cabin 4 provides accommodation with free WiFi.,,,,,
Texas,Decatur,33.1808,-97.83484,Bay Landing Camping Resort Cabin 5,5.0,"""Located in Bridgeport in the Texas region", Bay Landing Camping Resort Cabin 5 provides accommodation with free WiFi.,,,,,
Texas,Decatur,33.1808,-97.83484,Bay Landing Camping Resort Cabin 6,5.0,"""Bay Landing Camping Resort Cabin 1 is set in Bridgeport and offers air-conditioned accommodation with free WiFi", as well as access to an outdoor swimming pool.,,,,,
Texas,Decatur,33.1808,-97.83484,Bay Landing Camping Resort Cabin 7,5.0,"""Located in Bridgeport in the Texas region", Bay Landing Camping Resort Cabin 7 provides accommodation with free WiFi.,,,,,
Texas,Decatur,33.1808,-97.83484,Bay Landing Camping Resort Cabin 8,5.0,"""Set in Bridgeport in the Texas region", Bay Landing Camping Resort Cabin 8 offers accommodation with free WiFi.,,,,,
Texas,Decatur,33.1808,-97.83484,Bay Landing Camping Resort Cabin 10,5.0,"""Situated in Bridgeport in the Texas region", Bay Landing Camping Resort Cabin 10 features accommodation with free WiFi.,,,,,
Texas,Decatur,33.1808,-97.83484,Bay Landing Camping Resort Cabin 11,5.0,"""Set in Bridgeport in the Texas region", Bay Landing Camping Resort Cabin 1 offers accommodation with free WiFi.,,,,,
Texas,Decatur,33.1808,-97.83484,Bay Landing Camping Resort Cabin 12,5.0,"""Set in Bridgeport in the Texas region", Bay Landing Camping Resort Cabin 12 offers accommodation with free WiFi.,,,,,
Texas,Decatur,33.1808,-97.83484,Bay Landing Camping Resort Cabin 13,5.0,"""Situated in Bridgeport in the Texas region", Bay Landing Camping Resort Cabin 13 features accommodation with free WiFi.,,,,,
Texas,Decatur,33.1808,-97.83484,Bay Landing Camping Resort Cabin 14,5.0,"""Situated in Bridgeport in the Texas region", Bay Landing Camping Resort Cabin 14 features accommodation with free WiFi.,,,,,
Texas,Decatur,33.1808,-97.83484,Bay Landing Camping Resort Cabin 15,5.0,"""Located in Bridgeport in the Texas region", Bay Landing Camping Resort Cabin 15 provides accommodation with free WiFi.,,,,,
Texas,Decatur,33.1808,-97.83484,Bay Landing Camping Resort Cabin 16,5.0,"""Located in Bridgeport in the Texas region", Bay Landing Camping Resort Cabin 16 provides accommodation with free WiFi.,,,,,
Texas,Decatur,33.1808,-97.83484,Bay Landing Camping Resort Cabin 17,5.0,"""Located in Bridgeport in the Texas region", Bay Landing Camping Resort Cabin 17 provides accommodation with free WiFi.,,,,,
Texas,Decatur,33.1808,-97.83484,Bay Landing Camping Resort Cabin 18,5.0,"""Situated in Bridgeport in the Texas region", Bay Landing Camping Resort Cabin 18 features accommodation with free WiFi.,,,,,
Texas,Decatur,33.1808,-97.83484,Bay Landing Camping Resort Cabin 19,5.0,"""Situated in Bridgeport in the Texas region", Bay Landing Camping Resort Cabin 19 features accommodation with free WiFi.,,,,,
Texas,Decatur,33.1808,-97.83484,Bay Landing Camping Resort Cabin 20,5.0,"""Set in Bridgeport in the Texas region", Bay Landing Camping Resort Cabin 20 offers accommodation with free WiFi.,,,,,
Texas,Decatur,33.1808,-97.83484,Bay Landing Camping Resort Cabin 21,5.0,"""Located in Bridgeport in the Texas region", Bay Landing Camping Resort Cabin 21 provides accommodation with free WiFi.,,,,,
Texas,Decatur,33.1808,-97.83484,Bay Landing Camping Resort Cabin 22,5.0,"""Situated in Bridgeport in the Texas region", Bay Landing Camping Resort Cabin 22 features accommodation with free WiFi.,,,,,
Texas,Decatur,33.1808,-97.83484,Bay Landing Camping Resort Cabin 23,5.0,"""Located in Bridgeport in the Texas region", Bay Landing Camping Resort Cabin 23 provides accommodation with free WiFi.,,,,,
Texas,Decatur,33.1808,-97.83484,Bay Landing Camping Resort Cabin 24,5.0,"""Set in Bridgeport in the Texas region", Bay Landing Camping Resort Cabin 24 offers accommodation with free WiFi.,,,,,
Texas,Decatur,33.1808,-97.83484,Bay Landing Camping Resort Cabin 25,5.0,"""Set in Bridgeport in the Texas region", Bay Landing Camping Resort Cabin 25 offers accommodation with free WiFi.,,,,,
Texas,Decatur,33.1808,-97.83484,Bay Landing Camping Resort Deluxe Cabin 27,5.0,"""Set in Bridgeport in the Texas region", Bay Landing Camping Resort Deluxe Cabin 27 offers accommodation with free WiFi.,,,,,
Texas,Decatur,33.1808,-97.83484,Bay Landing Camping Resort Deluxe Cabin 28,5.0,"""Situated in Bridgeport in the Texas region", Bay Landing Camping Resort Deluxe Cabin 28 features accommodation with free WiFi.,,,,,
Texas,Decatur,33.1808,-97.83484,Bay Landing Camping Resort Deluxe Cabin 29,5.0,"""Located in Bridgeport in the Texas region", Bay Landing Camping Resort Deluxe Cabin 29 provides accommodation with free WiFi.,,,,,
Texas,Decatur,33.1808,-97.83484,Bay Landing Camping Resort Deluxe Cabin 30,5.0,"""Set in Bridgeport in the Texas region", Bay Landing Camping Resort Deluxe Cabin 30 offers accommodation with free WiFi.,,,,,
Texas,Denton,33.23702,-97.17694,Woodspring Suites Denton,2.0,"""Featuring free WiFi access", WoodSpring Suites Denton is located in Denton.,,,,,
Texas,Denton,33.19297,-97.1177,Quality Inn & Suites,2.0,"""The Budget Host & Suites hotel is located with easy access to Interstate 35", minutes from local businesses and attractions. This hotel is convenient to the Texas Motor Speedway, North Central Texas College, Texas Womans University and the University of North Texas. The Dallas/Fort Worth International Airport and Dallas Love Field Airport are less than 30 miles from the hotel.,,,
Texas,Diboll,31.19565,-94.77894,Diboll Inn And Suites,5.0,"""This Texas motel is 5 minutes drive from Neches Pine Golf Course. It features a 24-hour front desk and rooms with Wi-Fi.",,,,,,
Texas,Dilley,28.66894,-99.17044,Whitehouse Inn Dilley,2.0,"""Hotel O Dilley Main St TX offers air-conditioned rooms in Dilley. Among the facilities at this property are a 24-hour front desk and room service", along with free WiFi throughout the property.,,,,,
Texas,Dilley,28.68247,-99.18073,Sona Inn,3.0,"""Sona Inn is located in Dilley", Texas. Free WiFi access is available.,,,,,
Texas,Dilley,28.67989,-99.17938,Relax Inn Dilley,2.0,"""Relax Inn Dilley is a 2-star property situated in Dilley. With a restaurant", the 2-star motel has air-conditioned rooms with free WiFi, each with a private bathroom.,,,,
Texas,Dilley,28.66546,-99.14977,Eagle Ford Village Suites,3.0,"""This accommodation in Dilley", Texas features one-bedroom, two-bedroom and five-bedroom units with wireless internet and convenient access to Interstate 35.,,,,
Texas,Donna,26.17928838,-98.03971543,Super 8 by Wyndham Donna,2.0,* Conveniently located between Mcallen and Harlingen * Easy on and off access from Hwy 83 * Free SuperStart Breakfast * Beautiful Outdoor Swimming Pool * Sorry NO pets * Complimentary 24 Hours Coffee service * Business center * Ample Truck and Bus Parking * 24 Hour Front Desk * Guest Laundry services * Ice and Vending Machines * Free High Speed Internet access * Friendliest staff in town,Hotel TV Desk Laundry service Air conditioning in public areas Meeting room Business centre Fax Breakfast Wyndham - Count on us,McAllen                     : within 15000 metre ,2005 East Expressway 83 Donna ,78537,,
Texas,,30.17398,-98.08451,Outpost Motel,5.0,"""Situated in Dripping Springs", within 39 km of Austin Convention Center and 40 km of Capitol Building, Outpost Motel features accommodation with barbecue facilities and free WiFi as well as free private parking for guests who drive. The property is around 41 km from Frank Erwin Center - University of Texas, 41 km from Texas Memorial Stadium and 42 km from University of Texas at Austin. Umlauf Sculpture Garden and Museum is 37 km away and Palmer Events Center is 39 km from the motel.,,,
Texas,Duncanville,32.65553,-96.90883,Alla's Historical B & B,3.0,"""Located in Texas 13 miles from Dallas Convention Center", this bed and breakfast offers free laundry service. All charming guest rooms include a continental breakfast and free Wi-Fi.,,,,,
Texas,Early,31.7395,-98.95153,Royal Inn,2.0,"""Royal Inn features air-conditioned accommodation in Early. Among the facilities at this property are a 24-hour front desk and room service", along with free WiFi throughout the property. Private parking can be arranged at an extra charge.,,,,,
Texas,Early,31.73965,-98.95229,Avalon Motel,2.0,"""Avalon Motel is located in Early. The accommodation provides a 24-hour front desk and free WiFi is available throughout the property.",,,,,,
Texas,Eastland,32.37564,-98.96794,Executive Inn Cisco,1.0,"""This Cisco", Texas motel is located near Highway 183.  The all non-smoking motel offers pet-friendly guest rooms with free Wi-Fi.  A 24-hour front desk and fax services are available.,,,,,
Texas,Eastland,32.47236,-98.66555,Relax Inn Ranger,2.0,"""Featuring free WiFi", RELAX INN offers pet-friendly accommodation in Ranger. Free private parking is available on site.,,,,,
Texas,Edinburg,26.28257,-98.16539,Edinburg Executive Inn,3.0,"""Located off Highway 281", this hotel is an 8-minute drive from University of Texas-Pan American.  It features an outdoor swimming pool and a picnic area.  Guest rooms offer free Wi-Fi.,,,,,
Texas,Edinburg,26.28437,-98.16713,Echo Hotel & Conference Center,3.0,"""Echo Hotel & Conference Center has a restaurant", outdoor swimming pool, a bar and shared lounge in Edinburg. With a garden, the property also features barbecue facilities. The accommodation features evening entertainment and room service.,,,
Texas,Edinburg,26.2636,-98.17197,Home2 Suites by Hilton Edinburg TX,3.0,"""Home2 Suites By Hilton Edinburg is a 3-star property situated in Edinburg. Featuring a fitness centre", the 3-star hotel has air-conditioned rooms with free WiFi. The hotel has an indoor pool and a 24-hour front desk.,,,,,
Texas,Edna,28.96473,-96.67567,Jackson Inn,3.0,"""Jackson Inn is located in Edna. Free Wi-Fi access is available.",,,,,,
Texas,Edna,28.97194,-96.65907,Texana Inn,2.0,"""Texana Inn Edna By OYO is a 2-star property situated in Edna. This 2-star hotel offers room service", a 24-hour front desk and free WiFi. The hotel has family rooms.,,,,,
Texas,,31.829041800479,-106.37942433357,Buildg 11345 & 11300 Series,3.0,HotelDescription#Further information about this hotel will be available shortly,NO Disability-friendly bathroom NO Small pets allowed (under 5 kg) NO Wheelchair-accessible NO Connecting rooms NO Car park NO Smoking rooms NO Large pets allowed (over 5 kg) NO Garage,,11340 Barksdale Street Fort BlissEl PasoTexas 79936 ,79936,9155657777,http://www.ihgarmyhotels.com/pal/en/us/hotel/MFBLC
Texas,,31.8236042,-106.428043,Guesthouse 1744,3.0,HotelDescription#Further information about this hotel will be available shortly,NO Connecting rooms NO Car park NO Large pets allowed (over 5 kg) NO Smoking rooms NO Wheelchair-accessible NO Garage NO Disability-friendly bathroom NO Small pets allowed (under 5 kg),,1744 Victory Avenue Fort BlissEl PasoTexas 79906 ,79906,9155657777,http://www.ihgarmyhotels.com/pal/en/us/hotel/MFBLA
Texas,Elgin,30.34855,-97.38363,Sunset Lodge of Elgin,2.0,"""This Elgin", Texas, hotel is 10 miles from Lost Pines Golf Course and 19 miles from Austin Bergstrom International Airport. Guests of Sunset Lodge of Elgin will enjoy an on-site restaurant and free Wi-Fi.,,,,
Texas,Euless,32.83691,-97.09681,Regency Inn & Suites Dfw,3.0,"""This Euless hotel is 10 minutes drive from Dallas-Fort Worth International Airport and 20 miles west of Central Dallas. Free Wi-Fi and a continental breakfast are offered at this hotel.",,,,,,
Texas,Fairfield,31.72664,-96.18248,Budget Inn Fairfield,2.0,"""Located just off I-45 and 1 mile from downtown Fairfield", this motel features hot coffee and free Wi-Fi in every room.,,,,,
Texas,Fairfield,31.7122081148176,-96.1770924925804,Budgetel Inn & Suites,2.0,,,,500 Interstate 45 South FairfieldTexas 75840 ,75840,9033892172,http://www.budgetel.com/hotel-details/bi-fairfield
Texas,Fairfield,31.35288,-96.1527,Regency Inn Jewett,2.0,"""Located 13.2 km from Interstate 45", Regency Inn Jewett offers accommodation in Jewett.,,,,,
Texas,Fairfield,31.68778,-96.49093,Kings Inn Mexia,1.0,"""Located 7 miles from Fort Parker State Park Lake", this Mexia motel features an outdoor pool and rooms with free Wi-Fi.  It offers a 24-hour reception and free guest parking for all size vehicles.,,,,,
Texas,Flatonia,29.69538,-97.10278,Carefree Inn Flatonia,2.0,"""An outdoor swimming pool and on-site BBQ facilities are featured at this Flatonia motel", located 12 miles from Schulenburg RV Campground.,,,,,
Texas,Flatonia,29.68794,-97.10025,Town Cottages,5.0,"""Located in Flatonia", Town Cottages provides free WiFi. All rooms boast a flat-screen TV with satellite channels and a private bathroom. Guests can make use of a garden.,,,,,
Texas,Flint,32.165354798,-95.4610607028,Holiday Inn Club Vacations Lake O the Woods Resort,3.0,"""Lake Palestine is one of the largest lakes in East Texas", home to one of the most unique outdoor vacation experiences we offer. The charming resort features only quaint cabins and RV campsites set among beautiful pines and hardwoods.,,,,,
Texas,,31.13695,-97.760635,Candlewood Suites Bldg 144 On Fort Hood,5.0,,,,Bldg 144 761st Tank BattalionFort HoodTexas ,76544,2545328233,http://www.ihg.com/armyhotels/hotels/us/en/fort-ho
Texas,,30.35743,-103.66295,The Holland Hotel,4.0,"""Featuring on-site dining", a full bar and free WiFi, this boutique hotel is 1.5 km from Sul Ross University in Alpine, Texas.,,,
Texas,,30.894272,-102.915964,Swiss Clock Inn,3.0,HotelDescription#Further information about this hotel will be available shortly,NO Small pets allowed (under 5 kg) NO Disability-friendly bathroom NO Wheelchair-accessible NO Large pets allowed (over 5 kg) NO Connecting rooms NO Garage NO Car park NO Smoking rooms,,3201 W Dickinson Boulevard Fort StocktonTexas ,,,
Texas,,32.455643,-97.38422,Motel 6 Joshua,2.0,,,,501 South Broadway Street JoshuaTexas 76058 ,76058,6824590040,http://www.lq.com/lq/properties/propertyProfile.do?propId=6417
Texas,,32.828827,-97.0619965,American Airlines Training & Conference Center,3.0,,,,4501 Highway 360 South Fort WorthTexas 76155 ,76155,8179561000,https://www.aaconferencecenter.com
Texas,,32.75906,-97.26303,Motel 6 Fort Worth East,2.0,"""Featuring 2-star accommodation", OYO Hotel Fort Worth East Gateway Ball Park is located in Fort Worth, 7 km from Fort Worth Convention Center and 12 km from Dickies Arena. Among the facilities at this property are a 24-hour front desk and room service, along with free WiFi throughout the property. The property is 20 km from Six Flags Over Texas and 40 km from Texas Motor Speedway.,,,
Texas,,32.73741078,-97.46810138,Relax Inn Forth Worth,1.0,,,,8701 Interstate 30 West Fort WorthTexas 76116 ,76116,8172440996,
Texas,,32.86945,-97.31528,Four Points by Sheraton Fort Worth North,5.0,"""Four Points by Sheraton Fort Worth North has a fitness centre", shared lounge, a restaurant and bar in Fort Worth. The property is around 21 km from Dickies Arena, 21 km from Texas Motor Speedway and 35 km from AT&T Stadium. The property is non-smoking and is situated 15 km from Fort Worth Convention Center.,,,
Texas,Franklin,35.93361,-86.82076,Drury Plaza Hotel Nashville Franklin,3.0,"""Located in Franklin", Tennessee, this hotel features a swimming pool and a daily hot breakfast. Free WiFi is also offered.,,,,
Texas,Franklin,35.93852,-86.82184,Staybridge Suites - Nashville - Franklin,5.0,"""Situated in Franklin", within 29 km of Bridgestone Arena and 29 km of Ryman Auditorium, Staybridge Suites - Nashville - Franklin, an IHG Hotel features accommodation with a fitness centre and free WiFi throughout the property as well as free private parking for guests who drive. The property is located 29 km from Lane Motor Museum, 29 km from Johnny Cash Museum and 29 km from Nissan Stadium. The hotel has family rooms.,,
Texas,Franklin,35.87623,-87.00966,Full Circle Farm Inn,5.0,"""Situated in Franklin", this farm is 38 km from Nashville. The property boasts views of the garden and is 27 km from Brentwood. Free private parking is available on site.,,,,,
Texas,Fredericksburg,30.14163,-98.83681,A Barn At The Quarry,2.0,"""Located in Fredericksburg in the Texas region and Rancho Ponte Vineyard reachable within 13 km", A Barn At The Quarry provides accommodation with free WiFi, BBQ facilities, a garden and free private parking.,,,
Texas,Fredericksburg,30.26047,-98.85562,Frederick Motel,5.0,"""Situated in Fredericksburg", 7.4 km from Rancho Ponte Vineyard, Frederick Motel features air-conditioned rooms with free WiFi and express check-in and check-out. The property is non-smoking and is set 31 km from Enchanted Rock State Natural Area.,,,,
Texas,Fredericksburg,30.26795,-98.87011,Peach Tree Inn & Suites,2.0,"""Featuring an outdoor pool and a daily breakfast", this hotel is located in Fredericksburg. Free Wi-Fi access is available.,,,,,
Texas,Fredericksburg,30.18498,-98.74896,Full Moon Inn,3.0,"""This inviting bed and breakfast in the Texas Hill Country is within 5 minutes drive of 10 wineries along Wine Road 290 in Fredericksburg", Texas.  Free Wi-Fi and an outdoor event stage are available on site.,,,,,
Texas,Fredericksburg,30.04606,-99.05167,Trails End Guest House,3.0,"""Located on the end of a dead-end road", this property sits on top of one the highest points in Kerr County. Trails End Guest House operates on a goat ranch, with goats, burros and a pig nearby. Downtown Kerrville is just 7.5 miles away.,,,
Texas,Fredericksburg,30.26578,-98.85948,Budget Host Deluxe Inn Fredericksburg,1.0,"""Located on Highway 290", this motel is less than 1 km from downtown and a 15-minute walk from Bell Mountain Wine Tasting Rm. The hotel features free WiFi access.,,,,,
Texas,Fredericksburg,29.97733,-98.9042,Comfort Executive Inn,2.0,"""Comfort Executive Inn offers air-conditioned rooms in Comfort. The property is set 8 km from Bending Branch Winery. The accommodation features a 24-hour front desk as well as free WiFi.",,,,,,
Texas,Fredericksburg,30.066377,-99.116461,Econo Lodge Kerville,2.0,"""Welcome to the Econo Lodge", a Kerrville hotel near Shonto Ranch The Econo Lodge hotel in Kerrville is ideally located in the heart of Texas Hill Country. This Kerrville hotel is close to area attractions including Kerrville-Schreiner Park, Picture Safari at Shonto Ranch and the Museum of Western Art. Schreiner University is only three miles away. Visitors will enjoy a variety of outdoor recreational activities like horseback riding, bird watching, golfing and tennis. The Guadalupe River provides tubing, rafting and fishing. There are several restaurants, cocktail lounges and specialty shops in the surrounding area. Solid Gold is located on the premises.
Texas,Fredericksburg,30.26428,-98.87905,Windcrest Inn and Suites,2.0,"""Set in Fredericksburg and within 10 km of Rancho Ponte Vineyard", Windcrest Inn and Suites has a seasonal outdoor swimming pool, non-smoking rooms, and free WiFi throughout the property.,,,
Texas,Fredericksburg,30.34848,-99.12679,Bella Vista Cottage,5.0,"""Boasting a spa bath", Bella Vista Cottage is situated in Tivydale. Guests staying at this holiday home have access to free WiFi and a fully equipped kitchen.,,,,,
Texas,Fredericksburg,30.28485,-98.8868,Friedhelms Bavarian Inn,2.0,"""Located in Fredericksburg", 2.2 km from Fredericksburg Visitor Information Center, Friedhelms Bavarian Inn features a garden and a bar. The property is around 1.2 km from Pontotoc Vineyard, 1.4 km from Fredericksburg Winery and 1.8 km from Narrow Path Winery. The restaurant serves seafood and local dishes.,,,
Texas,Fredericksburg,30.27047,-98.86621,Blacksmith Quarters on Barons Creek,5.0,"""The Blacksmith Quarters on Barons Creek is set in Fredericksburg", 400 metres from Fredericksburg Visitor Information Center and 400 metres from 290 Wine Shuttle.,,,,,
Texas,Fredericksburg,30.26477,-98.8791,Sunset Inn and Suites,2.0,"""Free Wi-Fi and an on-site restaurant are offered at this Fredericksburg motel. The property is less than 1 mile from Hill Country Memorial Hospital.",,,,,,
Texas,Fredericksburg,30.27508,-98.86942,Sugarberry Inn,5.0,,,,201 N Llano St 78264 Fredericksburg ,78264,8309923489,http://sugarberryinn.com/
Texas,Fredericksburg,30.2686,-98.88826,The Cottages At One Quilt Place,5.0,"""Located near Fredericksburg city centre", these self-catering cottages feature a full kitchen and free Wi-Fi. Rock Box Theater is 2.4 km away.,,,,,
Texas,Fredericksburg,30.2747881295999,-98.8653948381489,Carriage House Fredericksburg,5.0,,Microwave Tea/Coffee Making Facilities Cable / Satellite Television Private bathrooms Hair dryer (on request) Breakfast included Free self parking Housekeeping Pets allowed Bathtub or shower Kitchenette Fridge Garden,,321 E. Travis Street FredericksburgTexas 78624 ,78624,8304562623,http://www.carriagehousefredericksburg.com/
Texas,Fredericksburg,30.26772,-98.8645,Hoffman Haus,2.0,"""Located in Fredericksburg in the Texas region", with Fredericksburg Visitor Information Center and 290 Wine Shuttle nearby, Hoffman Haus provides accommodation with free WiFi and free private parking.,,,,
Texas,Fredericksburg,30.22362,-98.73011,Vineyard Trail Cottages,3.0,"""Situated 16.5 km from Fredericksburg city centre", Vineyard Trail Cottages features free WiFi access and free private parking.,,,,,
Texas,Fredericksburg,30.28124,-98.88387,Little Acorn,5.0,"""Little Acorn offers accommodation in Fredericksburg.",,,,,,
Texas,Fredericksburg,30.28145,-98.88572,Cherry Creek Retreat,4.0,"""Cherry-Creek Retreat offers accommodation in Fredericksburg.",,,,,,
Texas,Fredericksburg,30.27669,-98.87901,The Oak House,5.0,"""The Oak House is set in Fredericksburg", 1.2 km from Fredericksburg Visitor Information Center and 300 metres from Fredericksburg Winery.,,,,,
Texas,Fredericksburg,30.26442,-98.86062,The Peese Haus,5.0,"""The Peese Haus offers accommodation in Fredericksburg.",,,,,,
Texas,Fredericksburg,30.22421,-98.73211,Messina Hof Hill Country Full Property,5.0,"""Messina Hof Hill Country-Full Property is set in Blumenthal", 15 km from Fredericksburg. Comfort is 33 km from the property.,,,,,
Texas,Fredericksburg,30.26183,-99.03673,City on a Hill at Spring Creek,5.0,"""Situated in Fredericksburg", Texas, City on a Hill at Spring Creek features a terrace and views of the river. Free private parking is available on site.,,,,
Texas,Fredericksburg,30.22268,-98.7263,Mendelbaum Winery Guest Cabins,3.0,"""Mendelbaum Winery Loft West in Stonewall features accommodation with free WiFi", a few steps from Inwood Estates Winery & Bistro. This bed and breakfast offers barbecue facilities.,,,,,
Texas,Fredericksburg,30.27492,-98.86642,Calico Cottage,5.0,,,,301 East Travis Street FredericksburgTexas 78624 ,78624,,
Texas,Fredericksburg,30.26545,-98.85814,Hotel Kitsmiller On Main,1.0,"""Hotel Kitsmiller on Main in Fredericksburg features 1-star accommodation. Popular points of interest around the property include Fredericksburg Visitor Information Center and 290 Wine Shuttle. Every room is equipped with a flat-screen TV with satellite channels.",,,,,,
Texas,Fredericksburg,30.2683,-98.86595,Agape Cottages,5.0,"""Located less than a mile away from the shops and restaurants on Main Street", this Fredericksburg cottage offers free WiFi access. An outdoor patio with dining furniture and BBQ facilities for guests to enjoy at Agape Cottage.,,,,,
Texas,Fredericksburg,30.21682,-98.87307,River Road Ranch Resort,5.0,"""Located in Fredericksburg in the Texas region and Fredericksburg Visitor Information Center reachable within 7 km", River Road Ranch Resort provides accommodation with free WiFi, BBQ facilities, free bikes and free private parking. The accommodation features a spa bath.,,,
Texas,Fredericksburg,30.21459,-98.75326,Rarumpelpunzeldornaschenwittchen,3.0,"""Rarumpelpunzeldornaschenwittchen is set in Fredericksburg", Texas near popular Texas Wine Country wineries. A German themed bed and breakfast, guests will enjoy the on-site gardens, frog pond, and patios.,,
Texas,Fredericksburg,30.29913,-99.02859,Dry Creek,5.0,"""Dry Creek offers accommodation in Fredericksburg", Texas. Free private parking is available on site.,,,,,
Texas,Fredericksburg,30.20078,-98.65732,Rose Hill Manor Four Diamond Inn,4.0,"""Situated in Stonewall and with Pedernales Cellars reachable within a few steps", Rose Hill Retreat AAA Four Diamond Inn features express check-in and check-out, allergy-free rooms, a bar, free WiFi throughout the property and a shared lounge. Featuring a garden, the property is located within 3.4 km of Woodrose Winery. The property offers garden views, a terrace and a 24-hour front desk.
Texas,Fredericksburg,30.28063,-98.87912,Wine Country Cottages on the Main,5.0,"""Wine Country Cottages on Main is set in Fredericksburg", 1.4 km from Fredericksburg Visitor Information Center.,,,,,
Texas,Fredericksburg,30.27889,-98.87409,Town Creek Log Cabin,5.0,"""Town Creek Log Cabin offers accommodation in Fredericksburg.",,,,,,
Texas,Fredericksburg,29.9858,-99.1275,High Place,5.0,"""Situated in Kerrville", High Place features accommodation with a patio and free WiFi. The air-conditioned accommodation is 38 km from Comfort.,,,,,
Texas,Fredericksburg,30.28574,-98.86426,Angels Rest,5.0,"""Featuring air conditioning", Angels Rest offers accommodation in Fredericksburg. Fredericksburg Visitor Information Center is 1.4 km from the property.,,,,,
Texas,Fredericksburg,30.29662,-98.92788,Tanglewood Farms Will's Cabin,5.0,"""Tanglewood Farms-Full Property offers accommodation in Fredericksburg. Fredericksburg Visitor Information Center is 6 km from the property.",,,,,,
Texas,Fredericksburg,30.10648,-98.77821,Walnut Canyon Cabins,5.0,"""Situated within 18 km of Rancho Ponte Vineyard in Fredericksburg", Walnut Canyon Cabins features accommodation with seating area.,,,,,
Texas,Fredericksburg,30.27409,-98.87791,Studio B Guest House,5.0,"""Set in Fredericksburg in the Texas region", Studio B Guest House has a patio. This holiday home features a garden, barbecue facilities, free WiFi and free private parking.,,,
Texas,Fredericksburg,30.4429,-98.81297,Contigo Ranch,5.0,"""Set in Fredericksburg in the Texas region and Enchanted Rock State Natural Area reachable within 10 km", Contigo Ranch Fredericksburg offers accommodation with free WiFi, BBQ facilities, a garden and free private parking.,,,
Texas,Fredericksburg,30.29662,-98.92788,Tanglewood Farms,5.0,"""Tanglewood Farms-Full Property offers accommodation in Fredericksburg. Fredericksburg Visitor Information Center is 6 km from the property.",,,,,,
Texas,Fredericksburg,30.27837,-98.93667,Appian Way Provence Cottage,5.0,"""Appian Way Provence Cottage is located in Fredericksburg", 16 km from Rancho Ponte Vineyard and 34 km from Enchanted Rock State Natural Area, in an area where fishing can be enjoyed. Guests staying at this holiday home have access to a fully equipped kitchen.,,,,
Texas,Fredericksburg,30.04919,-99.13995,The Sleepy Side of Rails,5.0,"""The Sleepy Side of Rails is located in Kerrville and offers a restaurant", a bar and a garden. The air-conditioned accommodation is 39 km from Fredericksburg, and guests benefit from complimentary WiFi and private parking available on site.,,,,
Texas,Fredericksburg,30.28068,-98.86051,Burbank House,5.0,"""The Burbank House", a property with a garden and a bar, is located in Fredericksburg, 28 km from Enchanted Rock State Natural Area. The air-conditioned accommodation is 11 km from Rancho Ponte Vineyard, and guests benefit from private parking available on site and free WiFi.,,
Texas,Fredericksburg,30.26079,-98.85484,Crawford's Nest Home,5.0,"""Located 1.9 km from Fredericksburg Visitor Information Center in Fredericksburg", this holiday home features a barbecue. The air-conditioned unit is 1.9 km from 290 Wine Shuttle.,,,,,
Texas,Fredericksburg,30.29138,-98.86752,Humble House,5.0,"""Humble House is located in Fredericksburg", 1.9 km from Fredericksburg Visitor Information Center.,,,,,
Texas,Freeport,28.95306,-95.28211,Ocean Village Hotel,3.0,"""Located on 21 miles of pristine Texas shoreline", this beachfront inn boasts fishing and an on-site restaurant. The Quintana Neotropical Bird Sanctuary is only 11 miles from the resort.,,,,,
Texas,Freeport,29.07493,-95.12442,Attitude Adjustment Home,5.0,"""Set in Red Fish Cove", 50 metres from San Luis Pass Beach and 1.3 km from West Beach, Attitude Adjustment Home offers air conditioning. This beachfront property offers access to a patio, free private parking and free WiFi.,,,
Texas,Freeport,29.00583,-95.30364,Canal Paradise,5.0,"""Situated in Freeport", within 5.7 km of Oyster Creek and 11 km of Buccaneer Shore Facility Heliport, Canal Paradise offers accommodation with free WiFi, air conditioning, an outdoor swimming pool and a fitness centre. This beachfront property offers access to a pool table, ping-pong and free private parking.,
Texas,Freeport,28.97746,-95.25419,Casa del Agua,5.0,"""Featuring air-conditioned accommodation with a balcony", Casa del Agua is set in Freeport. This beachfront property offers access to a patio, free private parking and free WiFi.,,,,
Texas,Freer,27.88295,-98.60485,Freer Executive Inn,1.0,"""This Freer motel is just 1 mile from Duval-Freer Airport.  Free Wi-Fi and a 24-hour front desk are available for travellers.",,,,,,
Texas,Freer,27.88283,-98.60621,Freer Motel,2.0,"""This Freer", Texas motel offers accommodation with free Wi-Fi, on-site truck and RV parking, and convenient access to Highway 59. Continental breakfast is provided every morning.,,,
Texas,Freer,27.88294,-98.61333,Budget Inn And Suites,5.0,"""Set in Freer", Texas region, Budget Inn & Suites is located 40 km from San Diego County Courthouse. The motel offers a barbecue, a 24-hour front desk, and free WiFi is available.,,
Texas,Frisco,33.10134,-96.82179,Drury Inn & Suites Dallas Frisco,3.0,"""Set in Frisco", Texas, 1.1 km from Ford Center at the Star, Drury Inn & Suites Dallas Frisco features a hot tub and fitness centre.,,,
Texas,Frisco,33.15795,-96.82916,La Quinta Inn & Suites Frisco Fieldhouse North,2.0,,languages spoken Internet access things to do  ways to relax services and conveniences access getting around,,9595 John W Elliott Dr. 75033 ,75033,4693403065,https://www.agoda.com/partners/partnersearch.aspx?hid=16625551
Texas,Fulton,28.0579,-97.03414,Bayfront Cottages,2.0,"""This bayside motel in Rockport", Texas features an outdoor swimming pool and a private fishing pier.,,,,,
Texas,Fulton,28.07832,-97.03954,Pelican Bay Resort,5.0,"""Located in Rockport", Pelican Bay Resort has a shared lounge and barbecue facilities. The resort features an outdoor swimming pool and a shared kitchen and free WiFi.,,,,,
Texas,Gainesville,33.6416,-97.15896,Days Inn by Wyndham Gainesville,3.0,"""Boasting a garden", Days Inn Gainesville is situated in Gainesville. This 3-star motel offers a 24-hour front desk. Free WiFi is available throughout the property and on-site parking is provided.,,,,,
Texas,Gainesville,33.64441,-97.15527,Budget Host Motel Gainesville,2.0,"""The Budget Host Inn Gainesville is less than 10 minutes drive from the Winstar World Casino. Guests will enjoy free Wi-Fi in each room.",,,,,,
Texas,Galveston,29.31543,-94.75684,Islander East Condominiums,3.0,"""Offering an outdoor pool and views of the sea", Islander East Condominiums is located in Galveston, Texas, 1 minutes walk to the beach. Pleasure Pier is 5 km away. Free WiFi is provided and free private parking is available on site. The property has an electric vehicle charging station.,,,
Texas,Galveston,29.29006,-94.79143,Rosenberg Motel,2.0,"""Located 5 minutes walk from the attractions at Galveston Island Historic Pleasure Pier", this motel features free WiFi access.,,,,,
Texas,Galveston,29.28456,-94.79712,BeachTree Motel,1.0,"""This Galveston beachfront motel features free Wi-Fi and a 24-hour front desk", just 3 miles from shops and restaurants in The Strand Historic District.,,,,,
Texas,Galveston,29.29345,-94.79054,Avenue O Bed & Breakfast,5.0,"""With garden views", Avenue O Bed and Breakfast is situated in Galveston and has a restaurant, a shared kitchen, bar, garden, terrace and barbecue. Complimentary WiFi is offered throughout the property.,
Texas,Galveston,29.24328,-94.8679,Diamond Beach,4.0,"""Diamond Beach 316 by AB Sea Resorts is situated in the West End district of Galveston", 500 metres from Seawall Urban Park, 4.4 km from Schlitterbahn Galveston Island Waterpark and 5 km from Moody Gardens. This property offers access to a balcony, free private parking and free WiFi.,,,
Texas,Galveston,29.41029,-95.03869,WoodSpring Suites Texas City,2.0,"""Featuring 2-star accommodation", WoodSpring Suites Texas City is located in Texas City, 30 km from Moody Gardens and 32 km from Pleasure Pier. The 2-star hotel has air-conditioned rooms with a private bathroom and free WiFi. The property is non-smoking and is situated 30 km from Schlitterbahn Galveston Island Waterpark.,,,,
Texas,Galveston,29.26859,-94.82972,Motel 6 Galveston Seawall,2.0,"""Located on Galveston Beach along the popular Seawall", this motel features free WiFi.,,,,,
Texas,Galveston,29.3866,-94.95056,Best Western Texas City,3.0,"""Located 18 minutes from Galveston Island", Best Western Texas City features an outdoor pool and a fitness center. It offers free high-speed Internet access and a buffet breakfast is served daily.,,,,,
Texas,Galveston,29.28797,-94.83862,Rodeway Inn,2.0,"""This Galveston hotel is 3 miles from Moody Gardens.  Rooms come equipped with free Wi-Fi.",,,,,,
Texas,Galveston,29.26554,-94.82987,Victorian Condo Hotel Resort,5.0,"""Providing pool views", The Victorian Condo/Hotel in Galveston provides accommodation, an outdoor swimming pool, a fitness centre, a garden, a terrace and a tennis court. The accommodation is air conditioned and is equipped with a hot tub.,
Texas,Galveston,29.32602,-94.77205,Scottish Inns Galveston,2.0,"""Located on beautiful Galveston Island", this hotel offers classically furnished rooms with a cable TV and work desk.  It features an outdoor pool and is 8.5 miles from Scholes International Airport.,,,,,
Texas,Galveston,29.24222,-94.87156,Seascape Resort Condominiums,3.0,"""Situated within less than 1 km of Seawall Urban Park and 5 km of Schlitterbahn Galveston Island Waterpark in Galveston", Seascape Resort Beachfront Condos by AB Sea Resorts features accommodation with a TV. Free WiFi is offered and private parking is available on site.,,,,,
Texas,Galveston,29.28055,-94.80433,Gaido's Seaside Inn,3.0,"""Located adjacent to the Galveston Sea Wall", Gaidos Seaside Inn in Galveston offers an outdoor swimming pool and pool bar as well as complimentary breakfast featuring breakfast tacos. Pleasure Pier is within walking distance and Moody Gardens is 5 km from the property.,,,,,
Texas,Galveston,29.29488,-94.78243,Condo di Cocco,4.0,"""Condo di Cocco - Limendacocco is a apartment is located in Galveston is 1.1 km from Pleasure Pier. The property is 7 km from Moody Gardens and boasts views of the sea.",,,,,,
Texas,Galveston,29.30045,-94.7761,Pearl Inn,2.0,"""Offering an outdoor pool and a restaurant", Pearl Inn is located in Galveston. Free WiFi access is available.,,,,,
Texas,Galveston,29.2622,-94.83545,Babe's Beach Retreat Apartment,5.0,"""Featuring air conditioning", Babes Beach Retreat is set in Galveston, 1.9 km from Schlitterbahn Galveston Island Waterpark. Moody Gardens is 2 km away.,,,,
Texas,Galveston,29.1139,-95.083,Sunshine Dreams by RedAwning,5.0,"""Set in Galveston", 200 metres from West Beach and 1.7 km from Terramar Beach, Sunshine Dreams provides accommodation with amenities such as free WiFi and a TV. This holiday home is 35 km from Pleasure Pier and 36 km from Moody Mansion Museum.,,,,
Texas,Galveston,29.23679,-94.88341,Sunny Beach Sandcastle Cottage by RedAwning,5.0,"""Set in Galveston in the Texas region", Sunny Beach Sandcastle Cottage features a patio. The air-conditioned accommodation is 2.2 km from Seawall Urban Park, and guests benefit from complimentary WiFi and private parking available on site.,,,,
Texas,Galveston,29.23711,-94.88308,Attitude Adjustment,3.0,"""Set in Galveston", 800 metres from West Beach and 6 km from Schlitterbahn Galveston Island Waterpark, Attitude Adjustment offers free WiFi and air conditioning. The property is 12 km from Moody Mansion Museum and 13 km from Galveston Island Railroad Museum and Terminal.,,,,
Texas,Galveston,29.24902,-94.85853,Sol Mate by RedAwning,3.0,"""Set 3.5 km from Schlitterbahn Galveston Island Waterpark", 3.9 km from Moody Gardens and 8 km from Pleasure Pier, Sol Mate features accommodation situated in Galveston. This property offers access to a balcony.,,,,
Texas,Galveston,29.1456,-95.0463,Catch of the Day 3 Br home by RedAwning,5.0,"""Featuring sea views", Catch of the Day offers accommodation with a restaurant and a balcony, around 1.1 km from Galveston Island Beach. Guests staying at this holiday home have access to free WiFi and a patio.,,,,
Texas,Galveston,29.30147,-94.77612,Surf Motel and Apartments,2.0,"""Located less than a 5 minutes walk from Poretto Beach", this Galveston motel offers free WiFi. The property is 1.5 km from East End Historic District and 2 km from Moody Mansion Museum.,,,,,
Texas,Galveston,29.28474,-94.79609,Ocean Inn,5.0,"""Free WiFi and vending machines stocked with refreshments are among the conveniences offered at Ocean Inn. Located adjacent to the Galveston Seawall", this motel is just steps from the beach.,,,,,
Texas,Galveston,29.1005,-95.10009,Sand Swept,5.0,"""Offering accommodation with air conditioning", Sand Swept is situated in Galveston, 31 km from Schlitterbahn Galveston Island Waterpark. Moody Gardens is 31 km away.,,,,
Texas,Galveston,29.19612,-94.98014,Stolen Moments,3.0,"""Stolen Moments offers accommodation in Galveston. Schlitterbahn Galveston Island Waterpark is 15 km away.",,,,,,
Texas,Galveston,29.09489,-95.11081,Sunset Villa,5.0,"""Situated in Galveston", Sunset Villa is 32 km from Schlitterbahn Galveston Island Waterpark. Moody Gardens is 32 km from the property.,,,,,
Texas,Galveston,29.10279,-95.09739,A Great Escape,4.0,"""A Great Escape offers accommodation in Galveston. Schlitterbahn Galveston Island Waterpark is 30 km from the property.",,,,,,
Texas,Galveston,29.1046,-95.11038,Beach Retreat,5.0,"""Beach Retreat offers accommodation in Galveston. Schlitterbahn Galveston Island Waterpark is 32 km from the property.",,,,,,
Texas,Galveston,29.2184,-94.9109,Paradise Found,5.0,"""Boasting sea views", Paradise Found features accommodation with a patio and a coffee machine, around a few steps from Bermuda Beach. This beachfront property offers access to free WiFi.,,,,
Texas,Galveston,29.14073,-95.04643,Bayside Bungalow,5.0,"""Located in Galveston", this air-conditioned holiday home features a barbecue. The holiday home is 24 km from Schlitterbahn Galveston Island Waterpark.,,,,,
Texas,Galveston,29.2863,-94.798,Seaclusion,5.0,"""Located in Galveston", 700 metres from Seawall Urban Park and 2.8 km from Porretto Beach, Seaclusion provides accommodation with amenities such as free WiFi and a TV. This holiday home is 6.3 km from Moody Gardens and 2 km from Moody Mansion Museum.,,,,
Texas,Galveston,29.12985,-95.0613,Seahorse Retreat Home,3.0,"""Sonrise Retreat Home is a holiday home with a patio", situated in Galveston. The air-conditioned unit is 26 km from Schlitterbahn Galveston Island Waterpark.,,,,,
Texas,Galveston,29.31851,-94.74973,Be Here Now,4.0,"""Be Here Now Home is a holiday home with a patio", located in Galveston. The holiday home is 5 km from Pleasure Pier.,,,,,
Texas,Galveston,29.2081,-94.9302,All Decked Out,5.0,"""Situated in Galveston", 100 metres from Palm Beach and 2.1 km from Bermuda Beach, All Decked Out provides accommodation with amenities such as free WiFi and a TV. This holiday home is 18 km from Pleasure Pier and 19 km from Moody Mansion Museum.,,,,
Texas,Galveston,29.1097,-95.0903,Kathy's Kottage,5.0,"""Set in Galveston", 200 metres from West Beach, 2.7 km from Terramar Beach and 31 km from Schlitterbahn Galveston Island Waterpark, Kathys Kottage at Pointe West offers accommodation with a patio and free WiFi. This holiday home is 37 km from Moody Mansion Museum and 38 km from Galveston Island Railroad Museum and Terminal.,,,
Texas,Galveston,29.10198,-95.10448,Calypso Cottage,3.0,"""Calypso Cottage is situated in Galveston", 33 km from Schlitterbahn Galveston Island Waterpark, 33 km from Moody Gardens, as well as 37 km from Pleasure Pier. The property has sea views, plus is 39 km from Moody Mansion Museum.,,
Texas,Galveston,29.2166,-94.9142,Bermuda Bungalow,5.0,"""Featuring sea views", Bermuda Bungalow provides accommodation with a patio and a coffee machine, around 50 metres from Bermuda Beach. The accommodation is 1.3 km from the West Beach and features free WiFi throughout the property.,,,,
Texas,Galveston,26.18966,-98.22861,Holiday Inn McAllen  Medical Center Area,3.0,"""Conveniently located a 5 minutes drive from McAllen Miller International Airport", this hotel features an outdoor swimming pool. Free WiFi is also provided.,,,,,
Texas,Galveston,29.27695,-94.80868,Tru by Hilton Galveston  TX,5.0,"""Tru By Hilton Galveston", Tx is situated on the beachfront in Galveston, 500 metres from Seawall Urban Park and 2.2 km from Pleasure Pier. The property is around 5.3 km from Schlitterbahn Galveston Island Waterpark, 5.4 km from Moody Gardens and 3.6 km from Moody Mansion Museum. Free WiFi is available and private parking can be arranged at an extra charge.,,,
Texas,Galveston,29.27695,-94.80978,"""Home2 Suites Galveston"," Tx""",5.0,"""Home2 Suites Galveston", Tx is situated on the beachfront in Galveston, 500 metres from Seawall Urban Park and 2.3 km from Pleasure Pier. The property is set 5 km from Schlitterbahn Galveston Island Waterpark, 5.1 km from Moody Gardens and 3.8 km from Moody Mansion Museum. Free WiFi is available and private parking can be arranged at an extra charge.,,
Texas,Galveston,29.28794,-94.84008,La Quinta Inn & Suites by Wyndham Galveston North at I-45,2.0,"""Located in Galveston", 4.4 km from Schlitterbahn Galveston Island Waterpark, La Quinta Inn & Suites by Wyndham Galveston North at I-45 provides accommodation with an outdoor swimming pool, free private parking, a fitness centre and a shared lounge. Among the facilities at this property are a 24-hour front desk and a business centre, along with free WiFi throughout the property. Guests can have a drink at the bar.,
Texas,Galveston,29.299,-94.7867,Upscale Unit In Historical Home Walk To Beach Home,5.0,"""Featuring a childrens playground", Upscale Unit In Historical Home - Walk To Beach! Home is situated conveniently in East End district of Galveston, 2.1 km from Stewart Beach and 1.5 km from Pleasure Pier. This holiday home offers free private parking, an ATM and free WiFi.,,,
Texas,Galveston,29.24222,-94.87156,Octopus Gardens Condo #1942517 Condo,5.0,"""Set in Galveston", less than 1 km from Seawall Urban Park and 5 km from Schlitterbahn Galveston Island Waterpark, Octopus Gardens Condo #1942517 Condo offers free WiFi, a garden and air conditioning. This beachfront property offers access to a patio.,,,
Texas,Galveston,29.24222,-94.87156,Seascape 1118 Condo,5.0,"""Seascape 1118 Condo is located in the West End district of Galveston", less than 1 km from Seawall Urban Park, 5 km from Schlitterbahn Galveston Island Waterpark and 5 km from Moody Gardens. This property offers access to a balcony and free private parking.,,,,
Texas,Galveston,29.1384,-95.0536,Sol Of The Sea Home,5.0,"""Situated in Galveston", 800 metres from Sea Isle Beach and 1.1 km from Terramar Beach, Sol of the Sea provides accommodation with amenities such as free WiFi and a TV. Including a private pool, this holiday home also has a restaurant.,,,
Texas,Galveston,29.2432,-94.8682,Diamond Beach 304 Sapphire Condo,5.0,"""Boasting sea views", Diamond Beach 304-Sapphire features accommodation with a balcony and a coffee machine, around 600 metres from Seawall Urban Park. It has pool views and free WiFi throughout the property.,,,,
Texas,Galveston,29.26562,-94.82962,Victorian 6105 Morty's Place Condo,5.0,"""Set 2.3 km from Schlitterbahn Galveston Island Waterpark in Galveston", this apartment features a barbecue. The apartment is 2.3 km from Moody Gardens.,,,,,
Texas,Galveston,29.2432,-94.8682,Diamond Beach 312 Apartment,5.0,"""Boasting sea views", Diamond Beach 304-Sapphire features accommodation with a balcony and a coffee machine, around 600 metres from Seawall Urban Park. It has pool views and free WiFi throughout the property.,,,,
Texas,Galveston,29.2436,-94.8681,Diamond Beach 516 Apartment,5.0,"""Diamond Beach 307-Beach Getaway is a beachfront property situated in Galveston", 500 metres from West Beach and 500 metres from Seawall Urban Park. It has pool views and free WiFi throughout the property.,,,,,
Texas,Galveston,29.19998,-94.98666,Canal side Home,5.0,"""Boasting accommodation with a private pool", Canal-Side Home is situated in Galveston. The air-conditioned accommodation is 2.5 km from Galveston Island State Park, and guests benefit from complimentary WiFi and private parking available on site.,,,,
Texas,Galveston,29.2668,-94.82736,Casa Del Mar 119 carly's Casa Condo,3.0,"""Casa Del Mar 119-CarlyS Casa Condo features a balcony and is located in Galveston", within just 1.3 km of Seawall Urban Park and less than 1 km of Galveston Island Convention Center. The property is 5 km from Pleasure Pier and 6 km from Moody Mansion Museum.,,,,,
Texas,Galveston,29.26564,-94.82966,Victorian 3220 Coastal Morning Condo,5.0,"""Situated in Galveston", this air-conditioned apartment features a balcony. The apartment is 2.3 km from Schlitterbahn Galveston Island Waterpark.,,,,,
Texas,Galveston,29.2213,-94.9069,Summer Breeze by RedAwning,5.0,"""Boasting sea views", Summer Breeze features accommodation with a patio and a coffee machine, around a few steps from West Beach. The accommodation is 700 metres from the Bermuda Beach and has free WiFi throughout the property.,,,,
Texas,Galveston,29.2656,-94.8296,Victorian 8104 Gulf Dreams Condo,5.0,"""Boasting sea views", Victorian 8104-Gulf Dreams features accommodation with a balcony and a coffee machine, around 300 metres from Seawall Urban Park. The accommodation is 3.5 km from the Schlitterbahn Galveston Island Waterpark and has free WiFi throughout the property.,,,,
Texas,Galveston,29.243,-94.868,Diamond Beach 506 Seaglass Treasure Condo,5.0,"""Featuring sea views", Diamond Beach 506-Seaglass Treasure offers accommodation with a balcony and a coffee machine, around 600 metres from West Beach. It features pool views and free WiFi throughout the property.,,,,
Texas,Galveston,29.26692,-94.82745,Casa Del Mar 365 Sandpiper Condo,5.0,"""Casa Del Mar 365-Sandpiper Condo offers accommodation in Galveston", 2.5 km from Schlitterbahn Galveston Island Waterpark and 2.5 km from Moody Gardens. The air-conditioned unit is 4.3 km from Pleasure Pier.,,,,,
Texas,Galveston,29.26692,-94.82745,Casa Del Mar 145 Condo,5.0,"""Situated 200 metres from Seawall Urban Park", Casa Del Mar Unit 361 offers an outdoor swimming pool, a garden and air-conditioned accommodation with a balcony and free WiFi.,,,,
Texas,Galveston,29.21767,-94.95045,3328 Christmas Home,5.0,"""3328 Christmas Home Home is a holiday home with a balcony", located in Galveston in the Texas Region. The holiday home is 11 km from Schlitterbahn Galveston Island Waterpark.,,,,,
Texas,Galveston,29.20305,-94.94012,4131 Spoonbill Ln Home,5.0,"""Situated in Galveston in the Texas Region", this holiday home is 11 km from Schlitterbahn Galveston Island Waterpark. The air-conditioned unit is 12 km from Moody Gardens.,,,,,
Texas,Galveston,29.28912,-94.79256,2611 Avenue Q Home,5.0,"""2611 Avenue Q Home features a patio and is set in Galveston", within just 300 metres of Pleasure Pier and 1.5 km of Moody Mansion Museum. The air-conditioned accommodation is 200 metres from Seawall Urban Park, and guests benefit from complimentary WiFi and private parking available on site.,,,,
Texas,Galveston,29.1795,-94.9778,Barefoot Bungalow by RedAwning,5.0,"""Featuring sea views", Barefoot Bungalow provides accommodation with a balcony and a coffee machine, around 60 metres from Jamaica Beach. This beachfront property offers access to a patio and free WiFi.,,,,
Texas,Galveston,29.24222,-94.87156,Beachfront Condo at Seascape Resort by RedAwning,3.0,"""Situated 150 metres from West Beach", Seascape Resort Beachfront Condos by AB Sea Resorts features free WiFi and units fitted with a kitchen, balcony, seating area and TV. Private parking is available on site.,,,
Texas,Galveston,29.26692,-94.82745,Casa Del Mar 375,3.0,"""Situated in Galveston", 1.3 km from Seawall Urban Park and 3.9 km from Schlitterbahn Galveston Island Waterpark, Casa Del Mar 375 features air-conditioned accommodation with a balcony and free WiFi. The property is 6 km from Moody Mansion Museum and 7 km from Galveston Island Railroad Museum and Terminal.,,,,
Texas,Galveston,29.2622,-94.8354,Dawn 916 Hook Wine & Sinker Condo,5.0,"""Boasting sea views", Dawn 916-Hook, Wine & Sinker features accommodation with a balcony and a coffee machine, around 300 metres from Seawall Urban Park. It has pool views and free WiFi throughout the property.,,,
Texas,Galveston,29.1686,-94.9954,Indian Summer Home,5.0,"""Located in Galveston", a few steps from Galveston Island Beach, 2.3 km from Jamaica Beach and 20 km from Schlitterbahn Galveston Island Waterpark, Indian Summer by Ryson Vacation Rentals provides accommodation with a patio and free WiFi. This holiday home is 26 km from Moody Mansion Museum and 26 km from Galveston Island Railroad Museum and Terminal.,,,
Texas,Galveston,29.27867,-94.81442,4628 Woodrow Home,5.0,"""Boasting a childrens playground", 4628 Woodrow Home is conveniently located in East End district of Galveston, 2.8 km from Pleasure Pier and 4.4 km from Schlitterbahn Galveston Island Waterpark. The air-conditioned accommodation is 500 metres from Seawall Urban Park, and guests benefit from private parking available on site and free WiFi.,,,
Texas,Galveston,29.1606,-95.008,By The Sea by RedAwning,5.0,"""By the Sea is set in Galveston", a few steps from Galveston Island Beach and 21 km from Schlitterbahn Galveston Island Waterpark, in an area where cycling can be enjoyed. This beachfront property offers access to a patio and free WiFi.,,,,
Texas,Galveston,29.2177,-94.9126,A Salty Kiss by RedAwning,5.0,"""Boasting sea views", A Salty Kiss features accommodation with a balcony and a coffee machine, around 200 metres from Bermuda Beach. This holiday home offers accommodation with a patio and free WiFi.,,,,
Texas,Galveston,29.29827,-94.77935,1309 Ave N Home,5.0,"""Situated in Galveston in the Texas region", 1309 Ave N Home has a patio. The air-conditioned accommodation is 100 metres from Seawall Urban Park, and guests benefit from complimentary WiFi and private parking available on site.,,,,
Texas,Galveston,29.1931,-94.9813,Jamaica Cove Home,5.0,"""Located in Galveston", 2 km from Jamaica Beach, 2.1 km from Galveston Island State Park and 18 km from Schlitterbahn Galveston Island Waterpark, Island Life by VTrips provides accommodation with a patio and free WiFi. This holiday home is 25 km from Moody Mansion Museum and 25 km from Galveston Island Railroad Museum and Terminal.,,,
Texas,Galveston,29.1724,-94.9939,Beach Retreat Home,3.0,"""Featuring sea views", Beach Retreat provides accommodation with a balcony and a coffee machine, around 2.6 km from Jamaica Beach. The air-conditioned accommodation is 800 metres from Galveston Island Beach, and guests benefit from complimentary WiFi and private parking available on site.,,,
Texas,Galveston,29.26692,-94.82745,6102 Seawall Blvd Cottage Unit 268,5.0,"""6102 Seawall Blvd Cottage Unit 268 has a balcony and is set in Galveston", within just 100 metres of Seawall Urban Park and less than 1 km of Galveston Island Convention Center. This property offers access to a patio, free private parking and free WiFi.,,,,
Texas,Galveston,29.30028,-94.77695,1028 Avenue M 1 2 Home,3.0,"""Set in Galveston", 100 metres from Seawall Urban Park and 1.9 km from Pleasure Pier, 1028 Avenue M 1/2 Home offers a garden and air conditioning. Guests benefit from a patio and a childrens playground.,,,,
Texas,Galveston,29.27254,-94.81829,San Luis Resort Condos,5.0,"""San Luis Resort Condos is situated in Galveston", Texas, and is 3.2 km from Pleasure Pier. The property is 3.3 km from Schlitterbahn Galveston Island Waterpark and boasts views of the sea.,,,,
Texas,Galveston,29.2151,-94.9162,Betsy's Beachfront Home,5.0,"""Situated in Galveston", a few steps from Bermuda Beach and 1.3 km from West Beach, Betsys Beachfront Cottage offers air conditioning. This beachfront property offers access to a patio, free private parking and free WiFi.,,,
Texas,Galveston,29.1023,-95.10217,Sand N Sunsets,5.0,"""Located in Galveston at Pointe West Resort", Sand N Sunsets offers an outdoor pool and views of the bay. This self-catering accommodation features free WiFi.,,,,,
Texas,Galveston,29.26174,-94.83671,Dawn 935 Condo,5.0,"""Set 1.8 km from Schlitterbahn Galveston Island Waterpark in Galveston", this air-conditioned apartment features a barbecue. Guests benefit from balcony.,,,,,
Texas,Galveston,29.13802,-95.05785,Bridge Harbor Home Home,5.0,"""Situated in Galveston in the Texas region", Bridge Harbor Home Home features a patio. The air-conditioned accommodation is 2.1 km from West Beach, and guests benefit from complimentary WiFi and private parking available on site.,,,,
Texas,Galveston,29.26562,-94.82962,Victorian 5204 Walkin' on Sunshine Condo,3.0,"""Located in Galveston", 1.6 km from Seawall Urban Park and 4.1 km from Schlitterbahn Galveston Island Waterpark, Victorian 5204-Walkin on Sunshine Condo provides air-conditioned accommodation with a balcony and free WiFi. The property is 6 km from Moody Mansion Museum and 7 km from Galveston Island Railroad Museum and Terminal.,,,,
Texas,Galveston,29.24222,-94.87156,Seascape 2302,5.0,"""Featuring a terrace and a 24-hour front desk", Seascape 2302 is well located in West End district of Galveston, 200 metres from West Beach and less than 1 km from Seawall Urban Park. Private parking is available on site.,,,,
Texas,Galveston,29.26656,-94.8272,Casa Del Mar 214,5.0,"""Situated in Galveston", 70 metres from Seawall Urban Park and 3.8 km from Schlitterbahn Galveston Island Waterpark, Casa Del Mar 214 features air-conditioned accommodation with a balcony and free WiFi. The property is 6 km from Moody Mansion Museum and 7 km from Galveston Island Railroad Museum and Terminal.,,,,
Texas,Galveston,29.2656,-94.8296,Victorian 1205 Room with a View Condo,5.0,"""Featuring sea views", Victorian 1205-Room with a View provides accommodation with a balcony and a coffee machine, around 300 metres from Seawall Urban Park. The accommodation is 3.5 km from the Schlitterbahn Galveston Island Waterpark and features free WiFi throughout the property.,,,,
Texas,Galveston,29.2432,-94.8682,Diamond Beach 212 Beach Time Condo,5.0,"""Diamond Beach 212-Beach Time is a beachfront property set in Galveston", 600 metres from West Beach and 4.4 km from Schlitterbahn Galveston Island Waterpark. It features pool views and free WiFi throughout the property.,,,,,
Texas,Galveston,29.24222,-94.87156,Seascape 1104 1 Bathroom Hotel Room,5.0,"""Seascape 1104 Hotel Room is situated in the West End district of Galveston", 200 metres from West Beach, less than 1 km from Seawall Urban Park and 4.8 km from Schlitterbahn Galveston Island Waterpark. This beachfront property offers access to a balcony and free private parking.,,,,
Texas,Galveston,29.28868,-94.7924,2610 Avenue Q 1 2 Home,5.0,"""2610 Avenue Q 1 2 Home features a patio and is set in Galveston", within just 200 metres of Pleasure Pier and 1.6 km of Moody Mansion Museum. The air-conditioned accommodation is 200 metres from Seawall Urban Park, and guests benefit from complimentary WiFi and private parking available on site.,,,,
Texas,Galveston,29.2015,-94.9442,4121 Las Palmas Street Home by RedAwning,5.0,"""4121 Las Palmas Street Home? Home is a holiday home situated in Galveston", 12 km from Schlitterbahn Galveston Island Waterpark. The air-conditioned unit is 12 km from Moody Gardens.,,,,,
Texas,Galveston,29.1984,-94.9854,Texas Star Home,5.0,"""Texas Star Home is a holiday home set in Galveston in the Jamaica Beach district", 15 km from Schlitterbahn Galveston Island Waterpark. The unit is 15 km from Moody Gardens.,,,,,
Texas,Galveston,29.24877,-94.85823,Ocean Grove 701 by RedAwning,3.0,"""Located within the The Seawall district in Galveston", Seawall Condo #501 Condo has air conditioning, a balcony, and sea views. This beachfront property offers access to a patio, free private parking and free WiFi.,,
Texas,Galveston,29.2623,-94.8354,The Regal Seagull by RedAwning,5.0,"""Boasting sea views", Dawn 1037-The Regal Seagull features accommodation with a balcony and a coffee machine, around 500 metres from Seawall Urban Park. This beachfront property offers access to free WiFi.,,,,
Texas,Galveston,29.2059,-94.9345,Casa Rosa West by RedAwning,5.0,"""Located in Galveston", 200 metres from Palm Beach and 1.8 km from Bermuda Beach, Casa Rosa West provides accommodation with amenities such as free WiFi and a TV. This holiday home is 17 km from Pleasure Pier and 19 km from Moody Mansion Museum.,,,,
Texas,Galveston,29.29988,-94.78613,1812 Avenue L Cabin,5.0,"""1812 Avenue L Cabin has a patio and is situated in Galveston", within just 1.7 km of Pleasure Pier and 1.2 km of Moody Mansion Museum. The air-conditioned accommodation is 700 metres from Seawall Urban Park, and guests benefit from private parking available on site and free WiFi.,,,,
Texas,Galveston,29.26692,-94.82745,Casa Del Mar 289,5.0,"""Situated in Galveston", Casa Del Mar by Ryson Vacation Rentals features free WiFi and units fitted with a kitchenette.,,,,,
Texas,Galveston,29.21553,-94.91552,Bermuda Beachfront Home,5.0,"""Set in Galveston in the Texas Region", this detached holiday home is 9 km from Schlitterbahn Galveston Island Waterpark. The unit is 9 km from Moody Gardens.,,,,,
Texas,Galveston,29.26673,-94.82703,Casa Del Mar 215,5.0,"""Offering 2 swimming pools", one of which is heated in the winter, Casa Del Mar is situated in Galveston in the Texas Region, 2.5 km from Schlitterbahn Galveston Island Waterpark. Moody Gardens is 2.5 km away.,,,
Texas,Galveston,29.24858,-94.85827,Luxury Oceanfront Condo In Ocean Grove,5.0,"""Situated 2.5 km from Schlitterbahn Galveston Island Waterpark in Galvestons Ocean Grove gated community", this air-conditioned apartment features an outdoor pool. Guests benefit from balcony. Free WiFi is available.,,,,,
Texas,Galveston,29.1155,-95.0781,Honu Beachfront House,5.0,"""Located in Galveston", just a few steps from West Beach, Honu Beachfront by Ryson Vacation Rentals provides beachfront accommodation with free WiFi. This holiday home is 29 km from Schlitterbahn Galveston Island Waterpark and 30 km from Moody Gardens.,,,,
Texas,Galveston,29.20856,-94.94838,Blue Heron Cove,5.0,"""Offering accommodation with air conditioning", Blue Heron Cove is located in Galveston, 12 km from Schlitterbahn Galveston Island Waterpark. Moody Gardens is 12 km from the property.,,,,
Texas,Galveston,29.2137,-94.92019,Bermuda Hiding Place Home,3.0,"""Bermuda Hiding Place Holiday home is a detached holiday home located in Anderson Ways in the Texas Region and is 16 km from Galveston. The unit is 38 km from Kemah.",,,,,,
Texas,Galveston,29.1038,-95.0952,Beachfront Flamingo by RedAwning,5.0,"""Boasting sea views", Beachfront Flamingo features accommodation with a patio and a coffee machine, around 200 metres from West Beach. Situated on the beachfront, this property has free WiFi.,,,
Texas,Galveston,29.2197,-94.909,Once Upon A Tide Home,5.0,"""Boasting sea views", Once Upon a Tide features accommodation with a balcony and a coffee machine, around 300 metres from Bermuda Beach. Guests staying at this holiday home have access to free WiFi and a patio.,,,,
Texas,Galveston,29.1335,-95.0514,A Sunny Sandbar by RedAwning,5.0,"""In the West End district of Galveston", close to Sea Isle Beach, A Sunny Sandbar features a restaurant, free WiFi and a washing machine. This holiday home is 26 km from Schlitterbahn Galveston Island Waterpark and 27 km from Moody Gardens.,,,
Texas,Galveston,29.10041,-95.10005,Cozzzy on the Coast,5.0,"""Located in Galveston", 200 metres from West Beach and 33 km from Schlitterbahn Galveston Island Waterpark, Cozzzy on the Coast provides air-conditioned accommodation with a balcony and free WiFi. The property is 39 km from Moody Mansion Museum and 40 km from Galveston Island Railroad Museum and Terminal.,,,,
Texas,Galveston,29.24644,-94.86747,Paradise Cove,5.0,"""Situated in Galveston", within 400 metres of Seawall Urban Park and 3 km of Schlitterbahn Galveston Island Waterpark, Paradise at Cove View, Unit 1321 offers accommodation with free WiFi, air conditioning and a garden. It is located 3.3 km from Moody Gardens and features an ATM.,,
Texas,Galveston,29.16129,-95.00778,The Holiday House,5.0,"""Located in Galveston in the Texas region", The Holiday House features a patio and sea views. The accommodation is 60 metres from the Galveston Island Beach and has free WiFi throughout the property.,,,,,
Texas,Galveston,29.17202,-94.98857,Seaside Cottage,5.0,"""Set in Galveston", a few steps from Galveston Island Beach and 1.7 km from Jamaica Beach, Seaside Cottage offers air-conditioned accommodation with a balcony and free WiFi. Guests staying at this holiday home have access to a patio.,,,,
Texas,Galveston,29.28137,-94.80528,The Tui Nest,5.0,"""Situated in Galveston", 400 metres from Seawall Urban Park and 1.8 km from Pleasure Pier, The Tui Nest offers free WiFi, a garden and air conditioning. It is located 5.3 km from Schlitterbahn Galveston Island Waterpark and features an ATM.,,,
Texas,Galveston,29.21802,-94.9125,John Reynolds Road Home 12704,5.0,"""Located 8 km from Schlitterbahn Galveston Island Waterpark in Galveston", this holiday home features a barbecue. The holiday home is 9 km from Moody Gardens.,,,,,
Texas,Galveston,29.1451,-95.0459,Harry's Hideaway Condo,5.0,"""Located in Galveston and only 1 km from Galveston Island Beach", Harrys Hideaway by Ryson Vacation Rentals provides accommodation with sea views, free WiFi and free private parking. Guests staying at this holiday home have access to a balcony.,,,,
Texas,Galveston,29.243,-94.8682,Diamond Beach 702 King of Diamonds,5.0,"""Featuring sea views", Diamond Beach 702-King of Diamonds provides accommodation with a balcony and a coffee machine, around 600 metres from Seawall Urban Park. It features pool views and free WiFi throughout the property.,,,,
Texas,Galveston,29.20392,-94.93777,Second Wind House 4110,5.0,"""Located in Galveston in the Texas region", Second Wind House 4110 features a patio. The air-conditioned accommodation is 2.9 km from Galveston Island State Park, and guests benefit from private parking available on site and free WiFi.,,,,
Texas,Galveston,29.13232,-95.054,17601 San Luis Pass Road Home,5.0,"""17601 San Luis Pass Road Home Townhouse is a holiday home with a barbecue", set in Galveston in the Texas Region. The holiday home is 25 km from Schlitterbahn Galveston Island Waterpark.,,,,,
Texas,Galveston,29.24222,-94.87156,Termini San Luis Condo 10811,5.0,"""Located in Galveston", this air-conditioned apartment features an outdoor pool. Guests benefit from patio.,,,,,
Texas,Galveston,29.26216,-94.83562,Dawn 228 Vacation on Canvas Condo,5.0,"""Situated in Galveston", 1.9 km from Schlitterbahn Galveston Island Waterpark and 2 km from Moody Gardens, Dawn 228-Vacation on Canvas Condo offers air conditioning. The property is 5 km from Pleasure Pier and 6 km from Moody Mansion Museum.,,,,
Texas,Galveston,29.2306,-94.894,Beachside Haven by RedAwning,5.0,"""Boasting sea views", Beachside Haven features accommodation with a balcony and a coffee machine, around 200 metres from West Beach. This holiday home provides accommodation with a patio and free WiFi.,,,,
Texas,Galveston,29.23709,-94.88301,Sunny Beach,5.0,"""Located in Galveston", 2.1 km from Seawall Urban Park and 6 km from Schlitterbahn Galveston Island Waterpark, --OCEAN VIEWS ---3-MINUTE-WALK TO THE BEACH ---Near MOODY GARDENS -Schlitter Bahn -Pleasure Pier -Fishing Pier offers a garden and air conditioning. This beachfront property offers access to a patio, free private parking and free WiFi.,,,
Texas,Galveston,29.28518,-94.79717,3101 Avenue R 1 2 Home,5.0,"""3101 Avenue R 1 2 Home has a balcony and is situated in Galveston", within just 100 metres of Seawall Urban Park and less than 1 km of Pleasure Pier. This property offers access to a patio, free private parking and free WiFi.,,,,
Texas,Galveston,29.11475,-95.08494,Better Together Home,5.0,"""Offering free WiFi and free private parking", Better Together by Ryson Vacation Rentals is situated in Galveston, within just 400 metres of West Beach. The property is 35 km from Pleasure Pier and 35 km from Moody Mansion Museum.,,,,
Texas,Galveston,29.24222,-94.87156,Seascape 2113,4.0,"""Located in Galveston in the Texas region", Seascape 2113 by AB Sea Resorts features a balcony. The accommodation is 200 metres from West Beach, and guests benefit from private parking available on site and free WiFi.,,,,
Texas,Galveston,29.3033,-94.7742,Coastal Cottage 2 Across Street from Beach,5.0,"""Offering sea views and a restaurant", Coastal Cottages by Ryson Vacation Rentals offers accommodation conveniently located in Galveston, within a short distance of Stewart Beach, Seawall Urban Park and Porretto Beach.,,,
Texas,Galveston,29.24222,-94.87156,Seascape 2313,4.0,"""Set in Galveston in the Texas region", Seascape 2313 by AB Sea Resorts features a balcony. The accommodation is 200 metres from West Beach, and guests benefit from complimentary WiFi and private parking available on site.,,,,
Texas,Galveston,29.24194,-94.87104,Seascape 2216,5.0,"""Featuring a terrace and a 24-hour front desk", Seascape 2216 is in a prime location in West End district of Galveston, 4.8 km from Schlitterbahn Galveston Island Waterpark and 5.2 km from Moody Gardens. The air-conditioned accommodation is a few steps from West Beach, and guests benefit from complimentary WiFi and private parking available on site.,,,
Texas,Galveston,29.24222,-94.87156,Seascape 2121 Condo,5.0,"""Located in Galveston in the Texas region", Seascape 2121 Condo features a balcony. The air-conditioned accommodation is less than 1 km from Seawall Urban Park, and guests benefit from complimentary WiFi and private parking available on site.,,,,
Texas,Galveston,29.24222,-94.87156,Seascape 1203 Condo,5.0,"""Seascape 1203 Condo is set in the West End district of Galveston", 1.9 km from West Beach, 5 km from Schlitterbahn Galveston Island Waterpark and 5 km from Moody Gardens. This beachfront property offers access to a balcony and free private parking.,,,,
Texas,Galveston,29.24222,-94.87156,Seascape 1311 Condo,4.0,"""Set in Galveston in the Texas region", Seascape 1311 by AB Sea Resorts has a balcony. The accommodation is 200 metres from West Beach, and guests benefit from complimentary WiFi and private parking available on site.,,,,
Texas,Galveston,29.09937,-95.10148,4211 Point West Drive Condo Unit 303,5.0,"""Situated within the West End district in Galveston", 4211 Point West Drive Condo Unit 303 has air conditioning, a patio, and sea views. This property offers access to a balcony and free WiFi.,,,
Texas,Galveston,29.12368,-95.07046,The Golden Retreat,5.0,"""Located within the West End district in Galveston", The Golden Retreat has air conditioning, a patio, and sea views. Free WiFi is available in this holiday home, set 300 metres from West Beach and 29 km from Schlitterbahn Galveston Island Waterpark.,,
Texas,Galveston,29.26562,-94.82962,Victorian 5206 blue Sky Harbor Condo,3.0,"""Featuring air-conditioned accommodation with a balcony", Victorian 5206-Blue Sky Harbor Condo is located in Galveston. This apartment is 4.2 km from Moody Gardens and 5 km from Pleasure Pier.,,,,,
Texas,Galveston,29.2201,-94.9081,Chateau Soleil Apts,5.0,"""Château Soleil is situated in the West End district of Galveston", a few steps from Bermuda Beach, 600 metres from West Beach and 2.5 km from Palm Beach. This beachfront property offers access to a patio and free WiFi.,,,,
Texas,Galveston,29.19257,-94.98264,16634 Jamaica Cove Rd Home,3.0,"""Located in Galveston in the Texas region", 16634 Jamaica Cove Rd Home features a patio. This property offers access to a balcony.,,,,,
Texas,Galveston,29.231,-94.893,Neptune's Sanctuary Home,5.0,"""Set in Galveston", 400 metres from West Beach, 2.5 km from Bermuda Beach and 7.4 km from Schlitterbahn Galveston Island Waterpark, Neptunes Sanctuary offers accommodation with a patio and free WiFi. This holiday home is 7.8 km from Moody Gardens and 12 km from Pleasure Pier.,,,
Texas,Galveston,29.29441,-94.78531,Inn Seaclusion,5.0,"""Set in Galveston", near Seawall Urban Park, Stewart Beach and Pleasure Pier, Inn Seaclusion features free WiFi.,,,
Texas,Galveston,29.28859,-94.80027,3226 Avenue P Home,5.0,"""Set in Galveston", 600 metres from Seawall Urban Park and 1.4 km from Pleasure Pier, 3226 Avenue P Home offers accommodation with free WiFi, air conditioning and a garden. Guests benefit from a patio and a childrens playground.,,,
Texas,Galveston,29.24222,-94.87156,Seascape 2204 Condo,5.0,"""Situated in Galveston in the Texas region", Seascape 2204 Condo has a balcony. The air-conditioned accommodation is less than 1 km from Seawall Urban Park, and guests benefit from private parking available on site and free WiFi.,,,,
Texas,Galveston,29.24222,-94.87156,Seascape 1303 Condo,5.0,"""Seascape 1303 Condo is set in the West End district of Galveston", less than 1 km from Seawall Urban Park, 5 km from Schlitterbahn Galveston Island Waterpark and 5 km from Moody Gardens. This beachfront property offers access to a balcony, free private parking and free WiFi.,,,
Texas,Galveston,29.31584,-94.75467,Palisade Palms Beachfront,5.0,"""Located 100 metres from East Beach in Galveston", Palisade Palms provides accommodation with air conditioning and free WiFi. The accommodation features a sauna.,,,,,
Texas,Galveston,29.21625,-94.94498,Canalfront Galveston Home,5.0,"""Canalfront Galveston Home Home is a holiday home with a barbecue", located in Galveston, 11 km from Schlitterbahn Galveston Island Waterpark. Guests benefit from balcony.,,,,
Texas,Galveston,29.243,-94.8682,Diamond Beach 701 Queen of Diamonds,5.0,"""Boasting sea views", Diamond Beach 701-Queen of Diamonds offers accommodation with a balcony and a coffee machine, around 600 metres from Seawall Urban Park. This beachfront property offers access to a patio and free WiFi.,,,,
Texas,Galveston,29.24872,-94.85971,Maravilla 222 Mar y Sol Condo,3.0,"""Maravilla 222-Mar y Sol Condo is an apartment located in Galveston", 2.5 km from Schlitterbahn Galveston Island Waterpark. The air-conditioned unit is 2.8 km from Moody Gardens.,,,,,
Texas,Galveston,29.26562,-94.82962,Victorian 9306 Condo,5.0,"""Situated 2.3 km from Schlitterbahn Galveston Island Waterpark in Galveston", this apartment features a balcony. The unit is 2.3 km from Moody Gardens.,,,,,
Texas,Galveston,29.10167,-95.1045,Bay Escape Condo #1820023,5.0,"""Located in Galveston", 600 metres from West Beach and 33 km from Schlitterbahn Galveston Island Waterpark, Bay Escape Condo #1820023 provides accommodation with free WiFi, air conditioning, a restaurant and a garden. This property offers access to a patio.,,
Texas,Galveston,29.14019,-95.04722,4130 Hardin Drive Cottage,5.0,"""Located in Galveston in the Texas region", 4130 Hardin Drive Cottage has a patio. The air-conditioned accommodation is 2.9 km from West Beach, and guests benefit from complimentary WiFi and private parking available on site.,,,,
Texas,Galveston,29.1977,-94.985,Prager Bay View by RedAwning,5.0,"""Boasting sea views", Prager Bay View features accommodation with a patio and a coffee machine, around 2.9 km from Jamaica Beach. This holiday home also has a private pool and free WiFi.,,,,
Texas,Galveston,29.1809,-94.9755,Sweet Caroline by RedAwning,3.0,,,,16710 Jamaica Beach Rd  ,77554,,
Texas,Galveston,29.1977,-94.985,Reel Paradise by RedAwning,5.0,"""Set in the Jamaica Beach district of Galveston", Reel Paradise offers accommodation with a private pool and free WiFi. This holiday home is 19 km from Schlitterbahn Galveston Island Waterpark and 20 km from Moody Gardens.,,,,,
Texas,Galveston,29.2136,-94.9189,Sea Loft by RedAwning,5.0,"""Set in Galveston", just a few steps from Bermuda Beach, Sea Loft offers beachfront accommodation with free WiFi. This holiday home is 11 km from Schlitterbahn Galveston Island Waterpark and 11 km from Moody Gardens.,,,,
Texas,Galveston,29.1933,-94.9853,American Pride by RedAwning,5.0,"""Set in Galveston", 2.1 km from Galveston Island Beach and 2.5 km from Galveston Island State Park, American Pride provides accommodation with amenities such as free WiFi and a TV. This holiday home is 19 km from Moody Gardens and 24 km from Pleasure Pier.,,,,
Texas,Galveston,29.1998,-94.98654,4121 West Bayside Way Home,5.0,"""Situated in Galveston", 4121 West Bayside Way Home features accommodation with a private pool. The air-conditioned accommodation is 2.4 km from Galveston Island State Park, and guests benefit from complimentary WiFi and private parking available on site.,,,,
Texas,Galveston,29.2622,-94.8354,Dawn 824 Sea n' Swim Condo,5.0,"""Boasting sea views", Dawn 824-Sea n Swim features accommodation with a balcony and a coffee machine, around 300 metres from Seawall Urban Park. It has pool views and free WiFi throughout the property.,,,,
Texas,Galveston,29.16519,-95.00039,18811 W De Vaca Home,5.0,"""Set within the West End district in Galveston", 18811 W De Vaca Home has air conditioning, a balcony, and sea views. This beachfront property offers access to a patio, free private parking and free WiFi.,,
Texas,Galveston,29.13232,-95.054,Alwaysunny Condo Unit 2115,5.0,"""Featuring sea views", AlwaySunny Condo Unit 2115 offers accommodation with a balcony and a coffee machine, around 1.9 km from West Beach. This beachfront property offers access to a patio.,,,,
Texas,Galveston,29.26562,-94.82962,Victorian 3306 Condo,3.0,"""In the The Seawall district of Galveston", close to Seawall Urban Park, Victorian 3306 Condo features free WiFi and a washing machine. Guests have a private balcony.,,,,
Texas,Galveston,29.26692,-94.82745,Casa Del Mar C279 Hotel Room,5.0,"""Featuring sea views", Casa Del Mar C279 Hotel Room offers accommodation with a balcony, around 200 metres from Seawall Urban Park. The accommodation is 3.9 km from the Schlitterbahn Galveston Island Waterpark and features free WiFi throughout the property.,,,,
Texas,Galveston,29.26692,-94.82745,Casa Del Mar C341 Hotel Room,5.0,"""Boasting a terrace and a 24-hour front desk", Casa Del Mar C341 is attractively set in West End district of Galveston, 200 metres from Seawall Urban Park and 3.9 km from Schlitterbahn Galveston Island Waterpark. Private parking is available on site.,,,,
Texas,Galveston,29.24222,-94.87156,Seascape 2212 Condo,5.0,"""Seascape 2212 Condo is a beachfront property situated in Galveston", 5 km from Schlitterbahn Galveston Island Waterpark and 5 km from Moody Gardens. The air-conditioned accommodation is less than 1 km from Seawall Urban Park, and guests benefit from complimentary WiFi and private parking available on site.,,,,
Texas,Galveston,29.24222,-94.87156,Seascape 2207 Condo,5.0,"""Located in Galveston", 200 metres from West Beach, less than 1 km from Seawall Urban Park and 4.8 km from Schlitterbahn Galveston Island Waterpark, Seascape 2207 Condo provides accommodation with a balcony and free WiFi. Featuring free private parking, the apartment is in an area where guests can engage in activities such as skiing and cycling.,,
Texas,Galveston,29.24222,-94.87156,Seascape 1107 1.5 Bathroom Condo,5.0,"""Set in Galveston in the Texas region", Seascape 1107 Condo features a balcony. The air-conditioned accommodation is less than 1 km from Seawall Urban Park, and guests benefit from complimentary WiFi and private parking available on site.,,,,
Texas,Galveston,29.20095,-94.94226,14107 Duncan Way Home,3.0,"""Set in Galveston in the Texas region", 14107 Duncan Way Home features a patio. The air-conditioned accommodation is 1 km from Galveston Island State Park, and guests benefit from private parking available on site and free WiFi.,,,,
Texas,Galveston,29.28912,-94.79256,2611 Avenue Q Cottage,5.0,"""2611 Avenue Q Cottage has a patio and is situated in Galveston", within just 300 metres of Pleasure Pier and 1.5 km of Moody Mansion Museum. The air-conditioned accommodation is 200 metres from Seawall Urban Park, and guests benefit from complimentary WiFi and private parking available on site.,,,,
Texas,Galveston,29.29066,-94.79648,1821 Pleasure Pier Cottage,5.0,"""Set 600 metres from Pleasure Pier in Galveston", this air-conditioned holiday home features a childrens playground. The holiday home is 6 km from Moody Gardens.,,,,,
Texas,Galveston,29.1298,-95.06968,3913 2nd Street Home,5.0,"""Situated in Galveston in the Texas region", 3913 2nd Street Home has a patio. The air-conditioned accommodation is less than 1 km from West Beach, and guests benefit from private parking available on site and free WiFi.,,,,
Texas,Galveston,29.24222,-94.87156,Seascape 2217,5.0,"""Seascape 2217 offers accommodation in Galveston", 5 km from Schlitterbahn Galveston Island Waterpark and 5 km from Moody Gardens. The property has sea views and is 9 km from Pleasure Pier.,,,,,
Texas,Galveston,29.2622,-94.8354,Dawn 631 by RedAwning,5.0,"""Featuring sea views", Dawn 631 provides accommodation with a balcony and a coffee machine, around 500 metres from Seawall Urban Park. This apartment is 5.2 km from Pleasure Pier and 6.7 km from Moody Mansion Museum.,,,,
Texas,Galveston,29.17441,-94.98619,17603 Termini San Luis Pass Rd Townhouse,5.0,"""Set in Galveston in the Texas region", 17603 Termini San Luis Pass Rd Townhouse features a patio. The air-conditioned accommodation is 1.9 km from Galveston Island State Park, and guests benefit from private parking available on site and free WiFi.,,,,
Texas,Galveston,29.1695,-94.994,Sea Pearl Home,5.0,"""Situated in Galveston and only a few steps from Galveston Island Beach", Sea Pearl features accommodation with sea views, free WiFi and free private parking. Guests staying at this holiday home have access to a patio.,,,,
Texas,Galveston,29.27297,-94.81792,San Luis 1035 Condo,5.0,"""Located 3.2 km from Pleasure Pier", San Luis 1035 Condo offers accommodation in Galveston. San Luis 1035 Condo features views of the sea and is 3.3 km from Moody Gardens.,,,,,
Texas,Galveston,29.26562,-94.82962,Victorian 1304 Apts,5.0,"""Situated in Galveston", this air-conditioned apartment features a balcony. The apartment is 2.3 km from Schlitterbahn Galveston Island Waterpark.,,,,,
Texas,Galveston,29.24222,-94.87156,Seascape 2317 Condo,5.0,"""Seascape 2317 Condo is set in Galveston", less than 1 km from Seawall Urban Park and 5 km from Schlitterbahn Galveston Island Waterpark, in an area where cycling can be enjoyed. This beachfront property offers access to a balcony and free private parking.,,,,
Texas,Galveston,29.20186,-94.94328,Family Getaway,5.0,"""4110 Surf Dr House Home is a holiday home located in Galveston in the West End district", 12 km from Schlitterbahn Galveston Island Waterpark. The holiday home is 12 km from Moody Gardens.,,,,,
Texas,Galveston,29.1445,-95.04474,Pappy's Folly Home,5.0,"""Offering free WiFi and free private parking", Pappys Folly by Ryson Vacation Rentals is located in Galveston, within just 1.7 km of Terramar Beach. The property is 29 km from Pleasure Pier and 30 km from Moody Mansion Museum.,,,,
Texas,Galveston,29.243,-94.848,Diamond Beach 708 kohinoor Condo,5.0,"""Featuring sea views", Diamond Beach 708-Kohinoor provides accommodation with a balcony and a coffee machine, around 1.6 km from West Beach. It features pool views and free WiFi throughout the property.,,,,
Texas,Galveston,29.2622,-94.8356,Dawn 532,5.0,"""Boasting sea views", Dawn 532 features accommodation with a balcony and a coffee machine, around 300 metres from Seawall Urban Park. It has pool views and free WiFi throughout the property.,,,,
Texas,Galveston,29.1097,-95.0906,Memory Maker Home,4.0,"""Located in Galveston and only 300 metres from West Beach", Memory Maker provides accommodation with sea views, free WiFi and free private parking. This holiday home features accommodation with a patio.,,,,
Texas,Galveston,29.24879,-94.85978,Maravilla 111 Pelican's Roost Condo,3.0,"""Located in Galveston", this air-conditioned apartment is 2.5 km from Schlitterbahn Galveston Island Waterpark. The unit is 2.8 km from Moody Gardens.,,,,,
Texas,Galveston,29.2811,-94.82273,Bailey's Bungalow,5.0,"""Baileys Bungalow is a detached holiday home with a balcony", located in Galveston in the Texas Region. Guests benefit from patio.,,,,,
Texas,Galveston,29.12344,-95.06661,Bishop's Beach Home,5.0,"""Located 26 km from Schlitterbahn Galveston Island Waterpark", Bishops Beach Home offers accommodation in Galveston. Guests benefit from patio.,,,,,
Texas,Galveston,29.1921,-94.9798,Herons Nest 4 Br condo by RedAwning,5.0,"""Situated in Galveston", 1.7 km from Jamaica Beach, 1.8 km from Galveston Island State Park and 18 km from Schlitterbahn Galveston Island Waterpark, Herons Nest by VTrips features accommodation with a patio and free WiFi. This holiday home is 24 km from Moody Mansion Museum and 25 km from Galveston Island Railroad Museum and Terminal.,,,
Texas,Galveston,29.31475,-94.75664,Islander East 103 Condo,3.0,"""Set within the East End district in Galveston", Islander East 103 Condo has air conditioning, a patio, and sea views. This beachfront property offers access to a balcony.,,,
Texas,Galveston,29.28943,-94.79315,2626 Avenue Q Home,5.0,"""2626 Avenue Q Home features a patio and is set in Galveston", within just 400 metres of Pleasure Pier and 1.5 km of Moody Mansion Museum. The air-conditioned accommodation is 300 metres from Seawall Urban Park, and guests benefit from complimentary WiFi and private parking available on site.,,,,
Texas,Galveston,29.26692,-94.82745,Casa Del Mar 155 Sweet Memories Condo,5.0,"""Boasting air-conditioned accommodation with a balcony", Casa Del Mar 155-Sweet Memories Condo is set in Galveston. This apartment is 4.3 km from Moody Gardens and 5 km from Pleasure Pier.,,,,,
Texas,Galveston,29.24859,-94.85841,Seawall Condo with Birds Eye Views by RedAwning,3.0,"""Set in Galveston", within 50 metres of Seawall Urban Park and 3.4 km of Schlitterbahn Galveston Island Waterpark, Galveston Oceanfront offers accommodation with free WiFi, air conditioning, a seasonal outdoor swimming pool and a fitness centre. This beachfront property offers access to a balcony and free private parking.,,
Texas,Galveston,29.2622,-94.8356,Dawn 512 Tropical Lagoon Condo,5.0,"""Boasting sea views", Dawn 512-Tropical Lagoon features accommodation with a balcony and a coffee machine, around 500 metres from Seawall Urban Park. It has pool views and free WiFi throughout the property.,,,,
Texas,Galveston,29.141,-95.0397,Barefoot Pelican,5.0,"""Featuring sea views", Barefoot Pelican offers accommodation with a balcony and a coffee machine, around a few steps from Sea Isle Beach. This beachfront property offers access to a patio and free WiFi.,,,,
Texas,Galveston,29.3066,-94.77198,Emerald by the Sea 1012 by RedAwning,5.0,"""Located in Galveston", 500 metres from Stewart Beach and 2.8 km from Pleasure Pier, Emerald By The Sea #903 provides air-conditioned accommodation with a patio and free WiFi. This property offers access to a balcony.,,,,
Texas,Galveston,29.2306,-94.894,Beachside Haven,5.0,"""Boasting sea views", Beachside Haven features accommodation with a balcony and a coffee machine, around 200 metres from West Beach. This holiday home provides accommodation with a patio and free WiFi.,,,,
Texas,Galveston,29.19773,-94.985,Prager Bay View,3.0,"""Set in Galveston", 2.6 km from Galveston Island State Park and 19 km from Schlitterbahn Galveston Island Waterpark, Prager Bay View offers air-conditioned accommodation with a patio and free WiFi. This holiday home features a private pool, a garden and free private parking.,,,
Texas,Galveston,29.10003,-95.0999,Barefoot Bungalow,5.0,"""Set in Galveston", Barefoot Bungalow is 31 km from Schlitterbahn Galveston Island Waterpark. Moody Gardens is 31 km from the property.,,,,,
Texas,Galveston,29.10257,-95.10186,A Puerto Princessa,5.0,"""Featuring air conditioning", A Puerto Princessa is situated in Galveston, 31 km from Schlitterbahn Galveston Island Waterpark. Moody Gardens is 31 km from the property.,,,,
Texas,Galveston,29.19585,-94.98058,We Shell Sea,5.0,"""We Shell Sea offers accommodation in Galveston. Schlitterbahn Galveston Island Waterpark is 15 km away.",,,,,,
Texas,Galveston,29.10214,-95.10186,Suits Us,5.0,"""Suits Us is set in Galveston", 31 km from Schlitterbahn Galveston Island Waterpark. Moody Gardens is 31 km from the property.,,,,,
Texas,Galveston,29.09916,-95.10111,Sea Sunset,5.0,"""Featuring air conditioning", Sea Sunset is situated in Galveston, 31 km from Schlitterbahn Galveston Island Waterpark. Moody Gardens is 31 km away.,,,,
Texas,Galveston,29.09967,-95.10099,Resort West,5.0,"""Offering accommodation with air conditioning", Resort West is located in Galveston, 31 km from Schlitterbahn Galveston Island Waterpark. Moody Gardens is 31 km from the property.,,,,
Texas,Galveston,29.10333,-95.09824,Vista Del Mar,5.0,"""Pointe West is located in Galveston", 30 km from Schlitterbahn Galveston Island Waterpark. Moody Gardens is 30 km from the property.,,,,,
Texas,Galveston,29.10039,-95.10099,Ocean Retreat,5.0,"""Located in Galveston", Ocean Retreat is 31 km from Schlitterbahn Galveston Island Waterpark. Moody Gardens is 31 km away.,,,,,
Texas,Galveston,29.09916,-95.10111,Ocean Breeze,5.0,"""Featuring air conditioning", Ocean Breeze is set in Galveston, 31 km from Schlitterbahn Galveston Island Waterpark. Moody Gardens is 31 km from the property.,,,,
Texas,Galveston,29.1005,-95.10009,Nothing But Fun,5.0,"""Offering accommodation with air conditioning", Nothing But Fun is situated in Galveston, 31 km from Schlitterbahn Galveston Island Waterpark. Moody Gardens is 31 km away.,,,,
Texas,Galveston,29.24323,-94.86794,Diamond On The Beach,5.0,"""Diamond on the Beach is situated in Galveston", 3.3 km from Schlitterbahn Galveston Island Waterpark. Moody Gardens is 3.6 km away.,,,,,
Texas,Galveston,29.1005,-95.10009,6 Flip Flops At Pointe West,5.0,"""Located in Galveston", 200 metres from West Beach and 33 km from Schlitterbahn Galveston Island Waterpark, 6 Flip Flops at Pointe West provides air-conditioned accommodation with a balcony and free WiFi. The property is 39 km from Moody Mansion Museum and 40 km from Galveston Island Railroad Museum and Terminal.,,,,
Texas,Galveston,29.18863,-94.97895,Lime Inn,5.0,"""Lime Inn offers accommodation in Galveston. Schlitterbahn Galveston Island Waterpark is 15 km from the property.",,,,,,
Texas,Galveston,29.21537,-94.91718,Beach Oasis,5.0,"""13002 John Reynolds Dr is situated in Galveston", 9 km from Schlitterbahn Galveston Island Waterpark. Moody Gardens is 9 km away.,,,,,
Texas,Galveston,29.28679,-94.7968,Blues Away Escape,5.0,"""Blues Away Escape is located in Galveston", 600 metres from Pleasure Pier. Moody Gardens is 6 km away.,,,,,
Texas,Galveston,29.1122,-95.08791,Beachside Retreat,5.0,"""Located 29 km from Schlitterbahn Galveston Island Waterpark", Beachside Retreat offers accommodation in Galveston.,,,,,
Texas,Galveston,29.23577,-94.88168,Aqua Vista,5.0,"""Aqua Vista by Ryson Vacation Rentals is situated in the West End district of Galveston", 2.1 km from Seawall Urban Park, 5 km from Schlitterbahn Galveston Island Waterpark and 5 km from Moody Gardens. This property offers access to a balcony, free private parking and free WiFi.,,,
Texas,Galveston,29.1433,-95.0536,Reel Me In,5.0,"""Located in Galveston", 1.7 km from Sea Isle Beach, 2.2 km from Terramar Beach and 27 km from Schlitterbahn Galveston Island Waterpark, Reel Me In - As Seen on TV provides accommodation with a balcony and free WiFi. This holiday home features accommodation with a patio.,,,
Texas,Galveston,29.181,-94.97529,Sweet Caroline Home,3.0,"""Situated in Jamaica Beach in the Texas Region", this detached holiday home is 22 km from Galveston. The unit is 41 km from Kemah.,,,,,
Texas,Galveston,29.131,-95.0688,Bahia Azul Sunset Holiday Home,5.0,"""Situated in Galveston", less than 1 km from Terramar Beach, a 16-minute walk from West Beach and 2.1 km from Sea Isle Beach, Bahia Azul Sunset features accommodation with a patio and free WiFi. This holiday home is 33 km from Pleasure Pier and 35 km from Moody Mansion Museum.,,,
Texas,Galveston,29.2177,-94.9126,A Salty Kiss Home,5.0,"""Boasting sea views", A Salty Kiss features accommodation with a balcony and a coffee machine, around 200 metres from Bermuda Beach. This holiday home offers accommodation with a patio and free WiFi.,,,,
Texas,Galveston,29.30421,-94.78305,Galveston Victorian House,5.0,"""Featuring air conditioning", Galveston Victorian House offers accommodation in Galveston. Pleasure Pier is 1.9 km away.,,,,,
Texas,Galveston,29.2655,-94.8299,The Victorian,5.0,"""Situated in Galveston and only 200 metres from Seawall Urban Park", Victorian 3213 - Ocean View Oasis features accommodation with sea views, free WiFi and free private parking. With pool views, this accommodation offers a balcony.,,,
Texas,Galveston,29.29193,-94.802,Victorian Galveston House,5.0,"""Situated in Galveston", 1.7 km from Seawall Urban Park and 2.9 km from Porretto Beach, Victorian Galveston House features air-conditioned accommodation with a balcony and free WiFi. This holiday home offers accommodation with a patio.,,,,
Texas,Galveston,29.29488,-94.78243,Shimmy Shimmy Cocco Pop,5.0,"""Located 1.1 km from Pleasure Pier", Shimmy Shimmy Cocco Pop offers accommodation in Galveston. The property is 7 km from Moody Gardens and features views of the sea.,,,,,
Texas,Galveston,29.10214,-95.10186,Summer Winter Retreat,5.0,"""Featuring air conditioning", Summer Winter Retreat offers accommodation in Galveston. Schlitterbahn Galveston Island Waterpark is 31 km away.,,,,,
Texas,Galveston,29.30343,-94.77425,Coastal Cottage 1 Across Street from Beach,5.0,"""Located in Galveston", 250 metres from Stewart Beach and 500 metres from Seawall Urban Park, Coastal Cottage 1, Across Street from Beach offers air conditioning. The property is 9 km from Schlitterbahn Galveston Island Waterpark and 9 km from Moody Gardens.,,,
Texas,Galveston,29.28318,-94.80245,Coronado Palms Coastal Cottage,5.0,"""Set in Galveston", Texas, this detached holiday home is 1.3 km from Pleasure Pier. The holiday home is 5 km from Moody Gardens. Free WiFi is available throughout the property.,,,,
Texas,Galveston,29.18836,-94.98126,Jamaica Me Happy Home,5.0,"""Boasting air-conditioned accommodation with a patio", Jamaica Me Happy Home is set in Galveston. The property is 19 km from Moody Gardens and 23 km from Pleasure Pier.,,,,,
Texas,Galveston,29.1093,-95.08969,Reposado,5.0,"""Located in Galveston", 200 metres from West Beach and 2.5 km from Terramar Beach, Reposado offers a garden and air conditioning. With sea views, this accommodation provides a patio.,,,
Texas,Galveston,29.23637,-94.88288,Vista al Mar,5.0,"""Set within the West End district in Galveston", Vista al Mar has air conditioning, a patio, and sea views. The property is 7 km from Moody Gardens and 11 km from Pleasure Pier.,,,
Texas,Galveston,29.13216,-95.05347,Beachfront Haven,5.0,"""Featuring air conditioning", Beachfront Haven offers accommodation in Galveston. Schlitterbahn Galveston Island Waterpark is 25 km away.,,,,,
Texas,Galveston,29.12432,-95.06554,At The Beach,5.0,"""At The Beach is situated in Galveston", 26 km from Schlitterbahn Galveston Island Waterpark. Moody Gardens is 27 km from the property.,,,,,
Texas,Galveston,29.16844,-94.99416,Don't Worry Be Happy,5.0,"""Set in Galveston", 2.9 km from Galveston Island State Park and 20 km from Schlitterbahn Galveston Island Waterpark, Dont Worry, Be Happy offers a garden and air conditioning. Guests have a private balcony.,,,
Texas,Galveston,29.24859,-94.85841,Galveston Oceanfront,5.0,"""Boasting a terrace with city views", a seasonal outdoor swimming pool and a fitness centre, Galveston Luxury High Rise Oceanfront can be found in Galveston, close to Seawall Urban Park and 600 metres from West Beach. Featuring free private parking, the apartment is in an area where guests can engage in activities such as hiking and fishing.,,
Texas,Galveston,29.26681,-94.82711,Casa Del Mar 307,,"""Offering two outdoor pools", Casa Del Mar is set in Galveston, 2.5 km from Schlitterbahn Galveston Island Waterpark. Free private parking is available on site.,,,,
Texas,Galveston,29.24328,-94.8679,Diamond Beach 316,4.0,"""Diamond Beach 316 by AB Sea Resorts is situated in the West End district of Galveston", 500 metres from West Beach, 600 metres from Seawall Urban Park and 4.4 km from Schlitterbahn Galveston Island Waterpark. This property offers access to a balcony, free private parking and free WiFi.,,,
Texas,Galveston,29.2854,-94.81749,Luna Retreat,5.0,"""Situated in Galveston", within 1.3 km of Seawall Urban Park and 3 km of Pleasure Pier, Luna Retreat offers accommodation with free WiFi, air conditioning and a garden. This property offers access to a patio.,,,
Texas,Galveston,29.29488,-94.78243,Condo di Cocco Cocco Mo,5.0,"""Condo di Cocco - Cocco Mo is set on the beachfront in Galveston", 600 metres from Seawall Urban Park and less than 1 km from Porretto Beach. The property is located 7.9 km from Schlitterbahn Galveston Island Waterpark, 8 km from Moody Gardens and 2.6 km from Galveston Island Railroad Museum and Terminal. This pet-friendly hotel also has free WiFi.,,,,
Texas,Galveston,29.23687,-94.88365,Paradise At Last,5.0,"""Set in Galveston", 200 metres from West Beach and 2.4 km from Seawall Urban Park, Paradise At Last offers air-conditioned accommodation with a patio and free WiFi. This holiday home is 11 km from Pleasure Pier and 12 km from Moody Mansion Museum.,,,,
Texas,Galveston,29.30501,-94.78348,The Shaw House,5.0,"""Located in Galveston", 1.3 km from Porretto Beach and 1.4 km from Seawall Urban Park, The Shaw House provides accommodation with free WiFi, air conditioning and a garden. It is situated 1.4 km from Stewart Beach and features an ATM.,,,
Texas,Galveston,29.10299,-95.09792,Point West Resort,5.0,"""Offering accommodation with air conditioning", Seas The Day is situated in Galveston, 30 km from Schlitterbahn Galveston Island Waterpark. Moody Gardens is 30 km from the property.,,,,
Texas,Galveston,29.2193,-94.9107,Tan Camp,5.0,"""Tan Camp features a patio and is set in Galveston", within just 350 metres of West Beach and 1.9 km of Palm Beach. The air-conditioned accommodation is 150 metres from Bermuda Beach, and guests benefit from complimentary WiFi and private parking available on site.,,,,
Texas,Galveston,29.11184,-95.08779,Family Tides,5.0,"""Located in Galveston", 300 metres from West Beach and 2.3 km from Terramar Beach, Family Tides provides air-conditioned accommodation with a patio and free WiFi. This holiday home is 31 km from Schlitterbahn Galveston Island Waterpark and 31 km from Moody Gardens.,,,,
Texas,Galveston,29.2488,-94.8583,Crow's Nest,5.0,"""Located in Galveston", 50 metres from Seawall Urban Park and 600 metres from West Beach, Crow`s Nest offers a fitness centre and air conditioning. This beachfront property offers access to a balcony, free private parking and free WiFi.,,,
Texas,Galveston,29.1112,-95.0881,Sea Turtle Tango,5.0,"""Situated in Galveston", 300 metres from West Beach and 2.2 km from Terramar Beach, Sea Turtle Tango offers air conditioning. This property offers access to a balcony and free private parking.,,,,
Texas,Galveston,29.1386,-95.0448,The Hideaway,5.0,"""The Hideaway has a patio and is located in Galveston", within just 600 metres of Galveston Island Beach and 1.2 km of Terramar Beach. The air-conditioned accommodation is 100 metres from Sea Isle Beach, and guests benefit from private parking available on site and free WiFi.,,,,
Texas,Galveston,29.2052,-94.9357,Abby's Paradise,5.0,"""Situated in Galveston in the Texas region", Abby`s Paradise has a patio. The air-conditioned accommodation is 1.8 km from Galveston Island State Park, and guests benefit from private parking available on site and free WiFi.,,,,
Texas,Galveston,29.1266,-95.0656,The Beach The Bay The Breeze,5.0,"""In the West End district of Galveston", close to West Beach, The Beach, The Bay, The Breeze has barbecue facilities and a washing machine. The air-conditioned accommodation is 250 metres from Terramar Beach, and guests benefit from private parking available on site and free WiFi.,
Texas,Galveston,29.2487,-94.8597,Maravilla Hideaway #205 Condo,5.0,"""Featuring sea views", Maravilla Hideaway #205 Condo features accommodation with a patio, around 3.5 km from Schlitterbahn Galveston Island Waterpark. This apartment is 3.9 km from Moody Gardens and 8 km from Pleasure Pier.,,,,
Texas,Galveston,29.2422,-94.8716,Seascape 1307 a Sunny Seahorse Condo,5.0,"""Offering sea views", Seascape 1307-A Sunny Seahorse is an accommodation situated in Galveston, 200 metres from West Beach and less than 1 km from Seawall Urban Park. This beachfront property offers access to a balcony and free WiFi.,,,,
Texas,Galveston,29.24841,-94.85868,Sea Deuce by the Ocean,5.0,"""Sea Deuce", a property with a terrace, is located in Galveston, 1.5 Miles from Schlitterbahn Galveston Island Waterpark, 1.75 Miles from Moody Gardens, as well as 5 Miles from Pleasure Pier. This apartment is 5 Miles from Moody Mansion Museum.,
Texas,Galveston,29.28532,-94.79846,Asher House,5.0,"""Featuring a childrens playground", Asher House home is conveniently situated in East End district of Galveston, less than 1 km from Seawall Urban Park and 2.8 km from Porretto Beach. This property offers access to a patio, free private parking and free WiFi.,,,
Texas,Galveston,29.24321,-94.86799,Saintt Tropez Beach,4.0,"""Situated in Galveston", 500 metres from Seawall Urban Park and 4.4 km from Schlitterbahn Galveston Island Waterpark, Saintt Tropez Beach offers air conditioning. This beachfront property offers access to a balcony, free private parking and free WiFi.,,,
Texas,Galveston,29.24847,-94.85828,Ocean Grove 701,3.0,"""Ocean View at Ocean Grove offers accommodation in Galveston", 2.5 km from Schlitterbahn Galveston Island Waterpark. It offers 3 bedrooms and 2 bathrooms. The air-conditioned unit is 2.8 km from Moody Gardens. Free private parking is available on site.,,,,,
Texas,Galveston,29.26692,-94.82745,Neptune's Retreat,5.0,"""Boasting air-conditioned accommodation with a balcony", Neptunes Retreat is set in Galveston. The property is 4.3 km from Moody Gardens and 5 km from Pleasure Pier.,,,,,
Texas,Galveston,29.2807,-94.8051,Endless Summer,5.0,"""Featuring sea views", Endless Summer by Ryson Vacation Rentals provides accommodation with a balcony and a coffee machine, around 300 metres from Seawall Urban Park. This holiday home offers accommodation with a patio and free WiFi.,,,,
Texas,Galveston,29.3065,-94.772,Emerald 707,5.0,"""Boasting sea views", Emerald 707 features accommodation with a balcony and a coffee machine, around 300 metres from Porretto Beach. This beachfront property offers access to a patio and free WiFi.,,,,
Texas,Galveston,29.23656,-94.88342,Dreamcatcher 1,5.0,"""Set in Galveston in the Texas region", Dreamcatcher 1 has a patio. The air-conditioned accommodation is 700 metres from West Beach, and guests benefit from complimentary WiFi and private parking available on site.,,,,
Texas,Galveston,29.24301,-94.86796,Diamond Beach 306,5.0,"""Located in Galveston", 500 metres from Seawall Urban Park and 4.4 km from Schlitterbahn Galveston Island Waterpark, Diamond Beach 306 offers air conditioning. This beachfront property offers access to a balcony, free private parking and free WiFi.,,,
Texas,Galveston,29.2622,-94.8356,Dawn 625,5.0,"""Featuring sea views", Dawn 625 offers accommodation with a balcony and a coffee machine, around 500 metres from Seawall Urban Park. This beachfront property offers access to free WiFi.,,,,
Texas,Galveston,29.14818,-95.04783,Blue Marlin,3.0,"""Set in Galveston in the Texas region", Blue Marlin features a patio. The air-conditioned accommodation is 2 km from Terramar Beach, and guests benefit from private parking available on site and free WiFi.,,,,
Texas,Galveston,29.214,-94.9187,Bermuda Escape,5.0,"""Located in Galveston and only less than 1 km from Bermuda Beach", Bermuda Escape provides accommodation with sea views, free WiFi and free private parking. This holiday home features accommodation with a balcony.,,,,
Texas,Galveston,29.2622,-94.8356,Absolute Paradise,5.0,"""Featuring sea views", Absolute Paradise-Dawn 1031 by Ryson Vacation Rentals provides accommodation with a balcony and a coffee machine, around 500 metres from Seawall Urban Park. This beachfront property offers access to free WiFi.,,,,
Texas,Garland,32.95052,-96.66874,Comfy Cozy Affordable Home Away Home,5.0,"""Offering barbecue facilities and garden view", Comfy Cozy Affordable Home Away Home is situated in Garland, 11 km from Historic Downtown Plano and 22 km from Gerald J. Ford Stadium. This property offers access to a patio, free private parking and free WiFi.,,,
Texas,Gatesville,31.43509,-97.73125,Regency Inn,5.0,"""Regency Inn is set in Gatesville", Texas, less than 60 km from the cities of Waco, Temple, and Killeen.,,
Texas,Georgetown,30.63311,-97.56548,Rocky Overlook at Scurlock Farms,5.0,"""Offering free bike rentals", Rocky Overlook at Scurlock Farms is 10 minutes drive away from Southwestern University. Fresh-baked muffins and fresh fruit are offered upon arrival.,,,,,
Texas,Georgetown,30.63303,-97.56462,The Palette Pad at Scurlock Farms,5.0,"""Offering muffins and fresh fruit upon arrival", The Palette Pad at Scurlock Farms is a 10-minute drive from Southwestern University. Free WiFi is available in this home.,,,,,
Texas,Georgetown,30.63542,-97.67393,Georgetown Sunday House,5.0,"""Georgetown Sunday House is situated in Georgetown. The accommodation is 24 km from Cedar Park.",,,,,,
Texas,Giddings,30.18355,-96.94043,Knights Inn Giddings,2.0,"""Located less than 5 minutes drive from Lee County Fair Grounds", guest rooms offer a private entrance and Wi-Fi access.,,,,,
Texas,,32.224081294946,-97.773100733757,Anderson Creek Ranch,3.0,HotelDescription#Further information about this hotel will be available shortly,NO Smoking rooms NO Small pets allowed (under 5 kg) NO Car park NO Large pets allowed (over 5 kg) NO Wheelchair-accessible NO Disability-friendly bathroom NO Connecting rooms NO Garage,,1448 Moody Lane Glen RoseTexas 76043 ,76043,2148684318,http://www.andersoncreekranch.com
Texas,Goliad,28.66783,-97.40352,Antlers Inn Goliad,2.0,"""Privately owned and managed boutique motel with wonderful outdoor spaces", including long flower beds filled with varieties of blooming flowers in vibrant gold and pink. Outdoor plug ins to accommodate fishing vessels and other outdoor charging activities. A large outdoor kitchen with picnic tables and a barbecue pit right next to a garden filled with fresh vegetables. Fresh fruit every morning and fruit juices available all day. Free WiFi and a complimentary continental breakfast are featured at Antlers Inn. Goliad State Park & Historical Site is 1.5 miles away.,,,,,
Texas,Gonzales,29.49999,-97.44921,Belle Oaks Inn,5.0,"""Boasting a swimming pool", a garden, a terrace and views of the garden, Belle Oaks Inn is situated in Gonzales and features accommodation with free WiFi.,,,
Texas,Gonzales,29.50332,-97.45216,The Alcalde Hotel & Grill,3.0,"""The Alcalde Hotel by OYO is located in Gonzales. Free WiFi access is available.",,,,,,
Texas,Gonzales,29.52364,-97.44167,The Texas Lodge,2.0,"""In town for the night or needing an extended stay. The Texas Lodge is your perfect choice to meet your accommodation needs. Each spacious guest room features your preference of one king or two queen beds and comes standard with free Internet access/wi-fi", a flat-screen TV with cable and all the conveniences of home, including coffeemaker, iron and ironing board and front door parking. Offering outdoor pool and a complimentary breakfast, The Texas Lodge is located in Gonzales. Free Wi-Fi access is available.,,
Texas,Gonzales,29.50356,-97.44966,Boothe House Bed and Breakfast,3.0,"""With a garden and a terrace", Boothe House Bed and Breakfast is situated in Gonzales and provides free WiFi.,,,,,
Texas,Graham,33.20363,-98.15194,Relax Inn,2.0,"""OYO Hotel Jacksboro TX - Fort Richardson is just 30 miles from boating", fishing, and hiking at Lake Mineral Wells State Park. The motels guests will enjoy fresh morning coffee and tea in the lobby and rooms with free wireless internet.,,,,
Texas,Graham,32.75693,-98.93408,Ridge Motel,1.0,"""Located 4 miles from Hubbard Creek Lake", this Breckenridge motel features free Wi-Fi.,,,,,
Texas,Graham,33.08841,-98.58654,Knights Inn Graham,5.0,"""Guests at this Texas motel can go fishing or boating 4 miles away at Lake Eddleman. Free property-wide Wi-Fi is provided to all guests throughout their stay.",,,,,,
Texas,Graham,32.99738,-98.44335,Wildcatter Ranch And Resort,4.0,"""Located on a 1.500-acre property in Graham", Texas, this Western-style resort features many outdoor activities and on-site dining options.,,,,
Texas,Graham,39.48052,-106.04388,Abbett Placer Inn,5.0,"""Ideally located in the centre of Breckenridge", Abbett Placer Historic Cabin home offers a balcony. Boasting free private parking, the holiday home is in an area where guests can engage in activities such as skiing and cycling.,,,,
Texas,Granbury,32.44027,-97.78883,Inn On Lake Granbury,5.0,"""This relaxing retreat in Granbury", Texas boasts lake views, a saltwater swimming pool, and rooms with free Wi-Fi. It is located less than a half-mile from Granbury Historic Downtown Square.,,,
Texas,Granbury,32.23819,-97.75275,Lilly House,5.0,"""The Lilly House Historic Glen Rose Home with Porch! offers accommodation in Glen Rose", 8.3 km from Dinosaur Valley State Park. Guests staying at this holiday home have access to free WiFi, a fully equipped kitchen, and a patio.,,,
Texas,Granbury,32.23684,-97.74732,Country Woods Inn,3.0,"""This family-friendly property sits on 40 acres of land in Glen Rose", Texas, less than a mile from downtown and just 5 miles from Dinosaur Valley State Park.,,,,
Texas,Granbury,32.43785,-97.7916,Baker St. Harbour Waterfront Bed and Breakfast,5.0,"""Baker St. Harbour Waterfront Bed and Breakfast is located in Granbury. Free WiFi access is available. Each room here will provide you with air conditioning and a seating area. Featuring a shower", private bathroom also comes with a bath and a bath or shower. You can enjoy lake view from the room. Extras include bed linen and a fan.,,,,,
Texas,Granbury,32.43633,-97.7675,Granbury Inn & Suites,2.0,"""Granbury Inn and Suites is a 2-star property located in Granbury. The 2-star motel has air-conditioned rooms with a private bathroom and free WiFi. The motel features family rooms.",,,,,,
Texas,Granbury,32.52783,-97.62216,Best Western Cresson Inn,2.0,"""Situated in Cresson", 37 km from Dickies Arena, Scottish Inns - Cresson features accommodation with a fitness centre, free private parking, a garden and a shared lounge. This 2-star motel offers a 24-hour front desk and free WiFi. The property is non-smoking and is set 41 km from Fort Worth Convention Center.,,
Texas,Granbury,32.224081294946,-97.773100733757,Anderson Creek Ranch,3.0,HotelDescription#Further information about this hotel will be available shortly,NO Smoking rooms NO Small pets allowed (under 5 kg) NO Car park NO Large pets allowed (over 5 kg) NO Wheelchair-accessible NO Disability-friendly bathroom NO Connecting rooms NO Garage,,1448 Moody Lane Glen RoseTexas 76043 ,76043,2148684318,http://www.andersoncreekranch.com
Texas,Granbury,32.20474,-98.21298,Americas Best Value Inn Stephenville,2.0,"""This Stephenville", Texas hotel is less than 2 miles from the Lone Star Arena and Tarleton State University.  It offers an outdoor pool, continental breakfast, and rooms with free Wi-Fi.,,,
Texas,Granbury,32.44323,-97.78664,The Historic Nutt House Hotel,3.0,"""The Historic Nutt House Hotel building was built by Jesse", Jacob and David Nutt to house their Mercantile Store on the 1st floor and later the family run Hotel on the 2nd Floor.  Lodging on the Granbury Square has been provided here for 100 years! Located in Granbury, in a building dating from 19th century, The Historic Nutt House Hotel provides a shared lounge and guestrooms with free WiFi. All rooms boast a flat-screen TV with cable channels and a private bathroom. The accommodation features an ATM, and buying tickets for guests.,,
Texas,Granbury,32.23843,-97.75378,Live Oak B&B,5.0,"""Situated in Glen Rose in the Texas region and Dinosaur Valley State Park reachable within 8.1 km", Live Oak B&B features accommodation with free WiFi, BBQ facilities, a terrace and free private parking.,,,
Texas,Granbury,32.23253,-97.75725,PriceHouseInn,5.0,"""PriceHouseInn is located in Glen Rose. Free WiFi access is available. Each room here will provide you with air conditioning and a seating area. The private bathroom also comes with free toiletries. You can enjoy garden view from the room. Extras include bed linen and a fan.",,,,,,
Texas,Granbury,32.44337463378906,-97.78781127929688,Casa Farina,3.0,,languages spoken Internet access dining  drinking  and snacking cleanliness and safety services and conveniences getting around available in all rooms,,202 North Houston Street Granbury ,76048,8175795600,http://casafarina.com/
Texas,Greenville,33.11823,-96.09927,Royal Inn Greenville,2.0,"""Royal Inn Greenville is located off Interstate 30 at exit 94.  It offers free Wi-Fi and rooms with a 50"""" or 32"""" high-definition TV with premium cable channels.",,,,,,
Texas,Greenville,32.87533,-95.63303,Lake Fork Resort,2.0,"""Lake Fork Resort is set in Alba and has a seasonal outdoor swimming pool and barbecue facilities.",,,,,,
Texas,Greenville,33.1195665993715,-96.0984969433842,Travelodge Greenville,2.0,High Speed Internet Continental Breakfast Swimming Pool Cable With 50 Channels and 4 Showtimes Guest Laundry Exercise Room Pet Friendly Cocktail LoungeThe Knights Inn Greenville is a Tourist hotel. Located in GREENVILLE - TEXAS area. Shopping is within walking distance and the nightlife/restaurants are located in the hotel.,Air conditioning,,1216 Interstate 30 West GreenvilleTX 75402 ,75402,,http://travelodge-greenville-tx.hotel-mix.de/
Texas,Greenville,32.86658,-95.62542,Lake Fork Marina & Motel,2.0,"""Set in Emory", Lake Fork Marina & Motel provides barbecue facilities. The 2-star motel has air-conditioned rooms with a private bathroom and free WiFi. The property features a restaurant.,,,,,
Texas,Greenville,33.13583,-96.06752,Budget Inn Greenville,1.0,"""This Texas motel is off Interstate 30 and 6 miles from Greenville Sports Park. Guests will enjoy free property-wide Wi-Fi and a 24-hour reception.",,,,,,
Texas,Hallettsville,29.46401,-96.93976,Hotel Texas Hallettsville,3.0,"""Hotel Texas Hallettsville in Hallettsville has 3-star accommodation with barbecue facilities. With free WiFi", this 3-star hotel offers a 24-hour front desk and a business centre. Guests can have a drink at the snack bar.,,,,,
Texas,Hallettsville,29.43984,-96.9505,Budget Inn,5.0,"""Budget Inn is located in Hallettsville. Featuring a 24-hour front desk", this property also provides guests with a restaurant. There is a barbecue and guests can make use of free WiFi and free private parking.,,,,,
Texas,Hankamer,29.84144,-94.64532,Palace Inn,2.0,"""Located off Interstate 10", Lake Anahuac is less than 15 minutes drive from the property. Features of the hotel include free Wi-Fi and a free hot breakfast.,,,,,
Texas,Harlingen,26.18911,-97.71614,Plaza Inn & Suites,2.0,"""Located off Highway 83", this hotel is just 5 miles from Rio Grande Valley International Airport.  It features a pet-friendly rooms with free Wi-Fi.,,,,,
Texas,Harlingen,26.16332,-97.67848,Hudson House,2.0,"""Situated 8 km from Iwo Jima Memorial Museum", Hudson House features rooms with air conditioning in Harlingen. There is an outdoor pool and guests can make use of free WiFi and free private parking.,,,,,
Texas,Hawkins,32.67456,-95.21337,Brookhaven Retreat Center,2.0,"""Brookhaven Retreat Center is located in Hawkins. With a restaurant", the 2-star hotel has air-conditioned rooms with free WiFi. The hotel features family rooms.,,,,,
Texas,Hearne,30.8938,-96.6011,Budgetel Inn and Suites,1.0,"""This hotel in Hearne", Texas offers classically furnished suites with free Wi-Fi and a cable TV. It features a daily hot breakfast and is 2.6 miles from the Hearne Municipal Airport.,,,,,
Texas,Hebbronville,27.31925,-98.67742,Hebbronville Executive Inn,2.0,"""Located in southern Texas", this motel is less than a mile from historic Hebbronville town centre.,,,,,
Texas,Hebbronville,27.30488,-98.67847,Stockman Motel,2.0,"""With direct access to State Route 16 in central Hebbronville", this motel features free Wi-Fi in every room. The Jim Hogg County Swimming Pool is 10 minutes walk away.,,,,,
Texas,Hempstead,30.10684,-96.11204,Hempstead Country Inn & Suites,2.0,"""Set in Hempstead in the Texas Region", 45 km from Katy, Hempstead Country Inn & Suites features a barbecue and sun terrace.,,,,
Texas,Henderson,32.16638,-94.78585,Woodlawn Hills Motel,2.0,"""This Henderson", Texas motel offers free wireless internet and is only 2 miles from Henderson city centre.,,,,,
Texas,Henderson,32.1679,-94.78474,Budget Inn,5.0,"""Budget Inn is offering accommodation in Henderson.",,,,,,
Texas,Hico,31.98251,-98.03079,Hico Upstairs Inn,5.0,"""Upstairs Inn features accommodation in Hico. Among the facilities of this property are a restaurant", a shared kitchen and a shared lounge, along with free WiFi throughout the property. The property is non-smoking and is situated 45 km from Dinosaur Valley State Park.,,,,
Texas,Hico,31.9812,-98.03467,Hico Hills Inn,2.0,"""Hico Hills Inn is located at a walking distance to famous Koffee Cup Restaurant", Sonic, Jersey Lillys Family Restaurant and more. Hico Hills Inn is located on US Hwy 281 south, at the intersection of US Hwy 281, TX 6 and TX 220.,,
Texas,Hillsboro,31.90412,-97.33894,Arrowhead Resort,3.0,HotelDescription#Further information about this hotel will be available shortly,NO Disability-friendly bathroom NO Garage NO Connecting rooms NO Wheelchair-accessible NO Small pets allowed (under 5 kg) NO Large pets allowed (over 5 kg) NO Smoking rooms NO Car park,,Arrowhead Road 106 106 76692 Hillsboro P.O.Box 1802WhitneyTexas 76692 ,76692,3048104000,http://www.arrowheadatlakewhitney.com/
Texas,Hillsboro,32.01028,-97.0916,Super 8 By Wyndham Hillsboro Tx,2.0,"""Located off Interstate 35 and 3 miles from the centre of Hillsboro", this hotel features an indoor pool. Free Wi-Fi and free hot breakfast.,,,,,
Texas,Hillsboro,32.01681380675,-97.417642814093,White Bluff Resort,3.0,HotelDescription#Further information about this hotel will be available shortly,NO Garage NO Large pets allowed (over 5 kg) NO Small pets allowed (under 5 kg) NO Connecting rooms NO Car park NO Disability-friendly bathroom NO Smoking rooms NO Wheelchair-accessible,,1051 White Bluff Drive Whitney 76692Texas ,76692,,http://www.whitebluffresort.com/
Texas,Houston,29.749863677268,-95.378435254097,Execustay Metro Midtown,3.0,HotelDescription#Further information about this hotel will be available shortly,NO Garage NO Connecting rooms NO Car park NO Smoking rooms NO Small pets allowed (under 5 kg) NO Disability-friendly bathroom NO Wheelchair-accessible NO Large pets allowed (over 5 kg),,2350 Bagby Street HoustonTexas 77006 ,77006,2145744800,http://www.execustay.com/furnished-apartments/hous
Texas,Houston,29.78844,-95.39811,Sara's Inn on the Boulevard,5.0,"""Providing free WiFi", Saras Inn on the Boulevard offers accommodation in Houston, 3 km from Buffalo Bayou Park and 4 km from Downtown Aquarium. 4.1 km from Wortham Center, the property is also 4.2 km away from Theatre District Houston. The property is set 4.3 km from Alley Theater.,,,
Texas,Houston,29.91809,-95.61285,InTown Suites Houston Northwest/Cy-Fair,2.0,"""Featuring 2-star accommodation", InTown Suites Extended Stay Houston TX - Jersey Village is located in Houston, 20 km from CityCentre Plaza and 28 km from Memorial Park, Houston. The property is around 29 km from Houston Arboretum and Nature Center, 30 km from The Galleria Houston and 30 km from Waterwall Park. Wortham Center is 35 km from the hotel and Alley Theater is 35 km away.,,
Texas,Houston,30.01704,-95.43872,Grand Inn and Suites Houston,2.0,"""Offering free Wi-Fi and a 32-inch flat-screen TV in every room", this Houston hotel is less than 13 miles from George Bush Intercontinental Airport. The reception desk is available 24-hours a day.,,,,,
Texas,Houston,29.7604267,-95.3698028,Acker Vacation Homes-Houston,3.0,HotelDescription#Further information about this hotel will be available shortly,NO Connecting rooms NO Car park NO Disability-friendly bathroom NO Smoking rooms NO Garage NO Small pets allowed (under 5 kg) NO Wheelchair-accessible NO Large pets allowed (over 5 kg),,2002 Anvil Drive HoustonTexas 77090 ,77090,2813776781,http://ackervacationhomerentals.com/houston-tx/200
Texas,Houston,29.68418,-95.34783,Palace Inn South Loop East,1.0,"""This Houston", Texas motel features a continental breakfast and rooms with free WiFi. It is located 9.5 km from football games at NRG Stadium.,,,,,
Texas,Houston,29.85471,-95.3998,Town Inn Houston,2.0,"""Offering free WiFi and a satellite TV in every room", this hotel is less than 16 km from Houston city centre. A complimentary continental breakfast is provided each morning.,,,,,
Texas,Houston,29.96983,-95.56297,WoodSpring Suites Houston Willowbrook,2.0,"""Featuring free WiFi access",  WoodSpring Suites Houston Willowbrook is located 1.5 miles from Willowbrook Mall. Each room comes equipped with a desk," 2 chairs and a 32"""" flat-screen cable TV with access to film channels.",,,,
Texas,Houston,29.734216,-95.4583168,Hotel 31 Near Galleria formally HolidayInnGalleria,3.0,"""HotelDescription#The hotel is just 600 m from the Galleria Mall and in close proximity to other shops and restaurants. Downtown", museums and the theatre district are 14.5 km away.,,,,,
Texas,Houston,29.67055,-95.27666,Scottish Inn & Suites Hobby Airport,2.0,"""Free WiFi is among the convenient amenities featured at this Houston motel. The shops at the Houston Galleria are 23.5 away.",,,,,,
Texas,Houston,29.65478,-95.25398,Drury Inn and Suites Houston Hobby,3.0,"""This Houston Hobby Airport hotel offers a grab-and-go breakfast and pet-friendly rooms with free WiFI. The property is 8 miles from Port of Houston",,,,,,
Texas,Houston,29.75115,-95.45481,Drury Inn & Suites Houston Galleria,3.0,"""A daily hot breakfast and rooms with free Wi-Fi are offered to guests at this Houston Galleria hotel. The property is only 8 miles from the centre of Houston.",,,,,,
Texas,Houston,30.01536,-95.42994,Baymont Inn and Suites Houston I 45 North,2.0,"""Free WiFi is featured at Red Roof Inn Houston North - FM1960 & I-45. George Bush Intercontinental Airport is conveniently located 15 minutes drive away.",,,,,,
Texas,Houston,29.7840754,-95.577332,La Quinta Inn Wilcrest,3.0,"""Situated in Houston's Energy Corridor neighbourhood", the business hotel is in the same area as Bear Creek Park. Regional attractions also include Galleria Mall and Memorial Park. George Bush Intercontinental Airport is about 45 km away.,,,,,
Texas,Houston,29.78619,-95.64413,Best Western Plus Houston Energy Corridor,3.0,"""Featuring 3-star accommodation", Best Western Plus Houston Energy Corridor is located in Houston, 20 km from Constellation Field and 23 km from Memorial Park, Houston. With a fitness centre, the 3-star hotel has air-conditioned rooms with free WiFi, each with a private bathroom. The property is non-smoking and is set 9.1 km from CityCentre Plaza.,
Texas,Houston,29.62146,-95.5634,Scottish Inn and Suites Stafford,2.0,"""Located off US Highway 90", this motel offers free Wi-Fi and non-smoking rooms.  This property is less than 10 minutes walk from Stafford Centre.,,,,,
Texas,Houston,29.77741,-95.12929,Parkway Inn Channelview,2.0,"""Located off Interstate 10", this hotel is just 25 minutes drive from Central Houston. Features include cable TV and air conditioning. Free Wi-Fi is provided to all guests.,,,,,
Texas,Houston,29.54675,-95.13315,InTown Suites NASA,2.0,"""Featuring 2-star accommodation", InTown Suites Extended Stay Houston TX Webster - NASA is situated in Webster, 31 km from University of Houston and 33 km from BBVA Stadium - Houston Dynamo. The property is around 33 km from Houston Toyota Center, 33 km from Texas Southern University and 34 km from Discovery Green Park. George R. Brown Convention Center is 34 km away and Houston Zoo is 35 km from the hotel.,,,
Texas,Houston,29.64913,-95.14224,InTown Suites Pasadena,2.0,"""Featuring 2-star accommodation", InTown Suites Extended Stay Houston TX - Pasadena is set in Pasadena, 30 km from University of Houston and 32 km from Houston Toyota Center. This 2-star hotel has air-conditioned rooms with a private bathroom. Discovery Green Park is 32 km away and Minute Maid Park is 32 km from the hotel.,,,,
Texas,Houston,29.65443,-95.26343,Hampton Inn Houston Hobby Airport,3.0,"""This hotel is one block from the Houston Hobby Airport and one mile from Interstate 45. This hotel free Wi-Fi in every room.",,,,,,
Texas,Houston,29.82936,-95.33254,Knights Inn,5.0,"""Located in Houston", 9.3 km from Minute Maid Park, Regency Inn and Suites provides accommodation with free WiFi and free private parking. The property is around 10 km from Wortham Center, 10 km from George R. Brown Convention Center and 10 km from BBVA Stadium - Houston Dynamo. Alley Theater is 10 km away and Discovery Green Park is 10 km from the motel.,,,
Texas,Houston,29.74331,-95.38754,HI Houston The Morty Rich Hostel,4.0,"""This home was built about 1917 by Joseph Chappell Hucheson", Jr., the son of a congressman who brought the Ship Channel to Houston, and himself a city attorney, mayor during WWI, and then a federal judge until his death in 1973. ,
Texas,Houston,29.711027166667,-95.504095,Southwest Inn,2.0,,,,Houston Texas 77074 ,77074,,
Texas,Houston,29.54453,-95.10685,Econo Lodge Nasa,2.0,"""The Space Center Houston is just 15 minutes walk from this Houston Budgetel Inn. The hotel offers free coffee", as well as an in-room microwave and mini-fridge.,,,,,
Texas,Houston,29.8026,-94.98808,WoodSpring Suites Houston Baytown,2.0,"""Situated in Baytown", 17 km from Houston Raceway Park, WoodSpring Suites Houston Baytown features accommodation with free WiFi and free private parking. The property is around 39 km from George R. Brown Convention Center, 40 km from BBVA Stadium - Houston Dynamo and 40 km from Wortham Center. The property is non-smoking and is located 39 km from Minute Maid Park.,,,
Texas,Houston,29.71759,-95.49632,Great Value Inn Houston Galleria,2.0,"""Central Houston is just 20 minutes drive northeast of this hotel and The Galleria mall is 6.4 km away. The hotel features an outdoor pool and sun terrace as well as guest rooms with a flat-screen TV.",,,,,,
Texas,Houston,29.60955,-95.38797,Crystal Suites,2.0,"""Situated 13 km from NRG Stadium", this Houston motel features a daily continental breakfast and free WiFi in all rooms.,,,,,
Texas,Houston,29.55870853,-95.09477022,Brentwood Inn Nasa,3.0,"""HotelDescription#This hotel lies in an ideal location within easy reach of various sightseeing attractions. Houston Space Centre is in the immediate vicinity and Galveston beaches are around 30 minutes from the hotel.",,,,,,
Texas,Houston,29.82288,-95.47411,Woodland Inn and Suites,3.0,"""Woodland Inn and Suites features guest rooms with 32-inch flat-screen cable TVs", DVD players and free Wi-Fi. This Houston, Texas hotel serves breakfast and is 15 miles from Houston Zoo.,,,,
Texas,Houston,29.7653,-95.00705,Palace Inn and Suites Baytown,3.0,"""Located in Baytown", Texas, this hotel features a complimentary light breakfast and free WiFi. Houston Raceway Park is 9 miles away.,,,,
Texas,Houston,29.95124,-95.35737,Howard Johnson Houston,2.0,"""Located 21 km from Downtown Aquarium in Houston", Airway Inn features free private parking.,,,,,
Texas,Houston,29.83379,-95.64548,Bear Creek Inn,2.0,"""This Texas hotel is located 2 miles from Bear Creek Pioneers Park and 30 minutes west of downtown Houston. It offers free Wi-Fi", laundry facilities and free coffee in the lobby.,,,,,
Texas,Houston,29.80465,-94.97824,Palace Inn Baytown,2.0,"""Nestled in Baytown", Texas, this hotel is less than 5 minutes drive to shopping opportunities at San Jacinto Mall. Houston, Texas is 30 minutes drive away. Free Wi-Fi is available in rooms.,,,
Texas,Houston,29.563857,-95.04657,Beacon Hill Guest House Bed & Breakfast,3.0,HotelDescription#Further information about this hotel will be available shortly,NO Large pets allowed (over 5 kg) NO Connecting rooms NO Garage NO Small pets allowed (under 5 kg) NO Disability-friendly bathroom NO Smoking rooms NO Car park NO Wheelchair-accessible,,3701 NASA Parkway SeabrookTexas 77586 ,77586,2813267643,http://www.beaconhillbnb.com/
Texas,Houston,29.66659,-95.28886,Executive Inn & Suites Houston,2.0,"""Offering a free continental breakfast and high-speed internet access", this hotel is within 3 miles of William P. Hobby Airport.,,,,,
Texas,Houston,29.77143,-95.19172,Interstate Motor Lodge,2.0,"""This property is 15 minutes drive from Houston city centre. This hotel features an outdoor pool and hot tub.",,,,,,
Texas,Houston,29.73643,-95.34685,Scott Inn and Suites Houston,2.0,"""Located off Interstate 45 in central Houston", this hotel is less than 1 mile from the entrance of the University of Houston. This property offers rooms with free Wi-Fi. Front desk has limited hours.,,,,,
Texas,Houston,29.78684,-95.74008,Palace Inn Katy,1.0,"""Located along Interstate 10", this motel is just 2 miles from Katy Mills Mall.  It features a daily continental breakfast and an on-site business centre. Guest rooms offer free Wi-Fi.,,,,,
Texas,Houston,29.66512,-95.17878,Executive Inn Pasadena,2.0,"""Conveniently located just off Spencer Highway", this motel features free parking and a cable TV in each room.,,,,,
Texas,Houston,29.93852,-95.36865,Palace Inn Airport,1.0,"""This Houston", Texas motel is just 9 miles from George Bush Intercontinental Airport. It has free Wi-Fi and a daily continental breakfast.,,,,,
Texas,Houston,29.84417,-95.49797,Crestwood Suites of NW Houston,2.0,"""Located 10 minutes drive from The Galleria", this Houston, Texas hotel features a kitchenette in each room. George Bush Intercontinental Airport is 30 minutes drive away.,,,,
Texas,Houston,29.83164,-95.64666,Palace Inn,2.0,"""Featuring 2-star accommodation", Palace Inn is situated in Houston, 14 km from CityCentre Plaza and 24 km from Constellation Field. The 2-star hotel has air-conditioned rooms with a private bathroom and free WiFi. Memorial Park, Houston is 28 km from the hotel and Houston Arboretum and Nature Center is 28 km away.,,,
Texas,Houston,29.63487,-95.58326,Days Inn Sugarland stafford,3.0,"""Located just off the Southwest Freeway", this hotel is a 5-minute drive from the Fountains Shopping Center. It features a modern fitness center.,,,,,
Texas,Houston,29.75045,-95.3806,Oakwood at Archstone Midtown,5.0,"""Set in Houston", Oakwood at Midtown Arbor Place offers accommodation with a balcony and kitchen.,,,,,
Texas,Houston,29.67313,-95.02839,Plaza,2.0,The Plaza Hotel-La Porte is an elegant interior corridor hotel which is just minutes away from the oil refineries Cruise Line Terminal San Jacinto Monument Kemah Boardwalk Battlefield of Texas and NASA Johnson Space Center. All of our rooms are furnished with king or queen size beds marble vanity bathrooms work area free high speed internet cable TV hairdryers and irons with ironing boards microwaves refrigerators and all the comfort of a first class hotel. The Port Cafe will delight you with its famous Homemade Cooking Flavor.,ATM 24 Hour Front Desk Air Conditioned Restaurant RV/Truck Parking Free self parking Housekeeping Self Laundry Pets Not Allowed,Distances are calculated in a straight line from the property&apos;s location to the point of interest or attraction  and may not reflect actual travel distance. &lt;br /&gt;&lt;br /&gt; Distances are displayed to the nearest 0.1 mile and kilometer. &lt;p&gt;Sylvan Beach Park - 2.7 km / 1.7 mi &lt;br /&gt;Evergreen Point Golf Club - 7.5 km / 4.7 mi &lt;br /&gt;San Jacinto Community College - 8.4 km / 5.2 mi &lt;br /&gt;Pasadena Convention Center &amp; Fairgrounds - 8.6 km / 5.4 mi &lt;br /&gt;Baytown Nature Center - 9.1 km / 5.6 mi &lt;br /&gt;El Jardin Del Mar - 9.3 km / 5.8 mi &lt;br /&gt;Armand Bayou Nature Center - 9.4 km / 5.8 mi &lt;br /&gt;San Jacinto Monument and Museum of History - 9.8 km / 6.1 mi &lt;br /&gt;San Jacinto Monument - 9.9 km / 6.2 mi &lt;br /&gt;Battleship Texas - 10.6 km / 6.6 mi &lt;br /&gt;Goose Creek Country Club - 11 km / 6.8 mi &lt;br /&gt;IT&apos;z - 12 km / 7.5 mi &lt;br /&gt;University of Houston - Clear Lake - 12 km / 7.5 mi &lt;br /&gt;Pirates Bay Water Park - 13.2 km / 8.2 mi &lt;br /&gt;Kemah Boardwalk - 14 km / 8.7 mi &lt;br /&gt;&lt;/p&gt;&lt;p&gt;The nearest airports are:&lt;br /&gt;Houston  TX (EFD-Ellington Field) - 15.5 km / 9.6 mi&lt;br /&gt;Houston  TX (HOU-William P. Hobby) - 24.1 km / 15 mi&lt;br /&gt;&lt;/p&gt;&lt;p&gt;The preferred airport for Plaza Hotel is Houston  TX (HOU-William P. Hobby). &lt;/p&gt;,904 West Barbours Cut Boulevard La PorteTexas 77571 ,77571,,
Texas,Houston,29.6233,-95.60146,Drury Inn & Suites Houston Sugarland,3.0,"""Conveniently located just off U.S. Highway 59", this hotel features an indoor and outdoor swimming pool with a whirlpool. Free Wi-Fi is also included.,,,,,
Texas,Houston,29.77759,-95.12877,Regency Inn Channelview,2.0,"""REGENCY INN - CHANNELVIEW is situated in Channelview", 23 km from Minute Maid Park and 24 km from George R. Brown Convention Center. The property is set 24 km from BBVA Stadium - Houston Dynamo, 24 km from Wortham Center and 24 km from Discovery Green Park. University of Houston is 26 km from the motel and Texas Southern University is 29 km away.,,,,
Texas,Houston,30.00589,-95.42605,Amerihome Inn & Suites Houston Airport North,2.0,"""This motel is just 12 miles from Bush Intercontinental Airport in Houston", Texas.  Free breakfast and free Wi-Fi access are provided on location.,,,,,
Texas,Houston,29.65447,-95.03093,Fairway Inn La Porte,3.0,"""Free Wi-Fi and a continental breakfast are offered at this La Porte motel.  It is located 8 miles from the Kemah Boardwalk.",,,,,,
Texas,Houston,29.77955,-95.12165,Extended Stay Inn & Suites,2.0,"""This Channelview motel has an outdoor swimming pool and guest rooms with free Wi-Fi. The property is located 1 miles from Kindred Hospital East Houston.",,,,,,
Texas,Houston,29.749493,-94.989044,Bays Inn & Suites Baytown,2.0,"""HotelDescription#Located between Houston and Beaumont just 5 miles south of I-10 on Spur 330. (25 miles from downtown Houston).",,,,,,
Texas,Houston,29.95842,-95.41913,InTown Suites Greenpoint,1.0,"""Offering apartment-style suites", this motel is conveniently located 9 miles from George Bush Intercontinental Airport.,,,,,
Texas,Houston,29.61837,-95.21697,Sun Suites of Houston Hobby Airport,2.0,"""Located off Interstate 45", this all-suite hotel is 6 miles from Hobby Airport.  Each guest room includes a kitchenette.,,,,,
Texas,Houston,29.64269,-95.58123,Sun Suites of Sugar Land Stafford,2.0,"""This InTown Suites Sugarland-Stafford offers a convenient location 5 miles from First Colony Mall.",,,,,,
Texas,Houston,29.73088,-95.55831,InTown Suites Westchase,2.0,"""Offering accommodation 20 miles from William P. Hobby Airport", this Houston, Texas motel features free parking.,,,,
Texas,Houston,29.78322,-95.70105,WoodSpring Suites Houston I 10 West,5.0,"""Set in Katy", 14 km from CityCentre Plaza, WoodSpring Suites Houston I-10 West offers accommodation with free WiFi and free private parking. The property is situated 28 km from Memorial Park, Houston, 29 km from Houston Arboretum and Nature Center and 29 km from The Galleria Houston. The property is non-smoking and is located 25 km from Constellation Field.,,
Texas,Houston,29.98321,-95.42225,WoodSpring Suites Houston I 45 Airtex,2.0,"""WoodSpring Suites Houston I-45 Airtex is located in Houston. WiFi access is available.",,,,,,
Texas,Houston,29.71412,-95.55673,WoodSpring Suites Houston Westchase,2.0,"""Located 4 km away from Sharpstown Shopping Center", WoodSpring Suites Houston Westchase offers free WiFi access. Each room comes with a flat-screen cable TV and a seating area.,,,,,
Texas,Houston,29.65227,-95.03426,Value Place La Porte,2.0,"""Featuring free WiFi access", WoodSpring Suites Houston La Porte is located 9.6 miles away from NASAs Johnson Space Center. Each room here will provide you with a flat-screen cable TV and a seating area.,,,,,
Texas,Houston,29.67721,-95.27025,Moonlight Inn And Suites,2.0,"""Featuring free Wi-Fi and flat-screen cable TVs", this hotel is located off Interstate 45 just 2 miles from Glenbrook Park Golf Course. Central Houston is 15 minutes drive away.,,,,,
Texas,Houston,29.54307,-95.02042,Scottish Inn & Suites Kemah Boardwalk,3.0,"""This motel is located on the Kemah Boardwalk overlooking the marina", with close access to dining and entertainment.  This Kemah motel offers free Wifi.,,,,,
Texas,Houston,29.7129467964619,-95.311068892479,Red Carpet Inn & Suites Houston,2.0,HotelDescription#This charming Hotel is set in University Area. Pets are not allowed at Red Carpet Inn & Suites Houston.,,,6161 Gulf Freeway HoustonTX 77023 ,77023,,
Texas,Houston,29.70973,-95.50299,Red Carpet Inn Hornwood Drive,1.0,"""Located just off Route 59 and less than 20 minutes drive from Houston city centre", this inn features free WiFi and a daily continental breakfast. The popular Hermann Park is less than 16 km away.,,,,,
Texas,Houston,29.6962,-95.4137,Residence Inn by Marriott Medical Center Reliant Park,3.0,"""This is an all-suite hotel located 30 minutes from Hobby Airport", near Reliant Park and the Texas Medical Center, and it offers complimentary shuttle service within a 2-mile area.,,,,
Texas,Houston,29.6821,-95.39279,Scottish Inns & Suites Reliant Park/Texas Medical Center,2.0,"""Scottish Inn and Suites NRG Park/Texas Medical Center is located just 3 km from NRG Stadium and the Astrodome", and features free WiFi throughout the property.,,,,,
Texas, please ensure that you are only booking this property following the local government guidelines of the destination, including but not limited to the purpose of travel," and maximum allowed group size.""",Parking 24-hour front desk Non-smoking rooms Family rooms Free parking internet services Heating Fax/photocopying wifi Free WiFi Air conditioning parking on site wifi available in all areas use of cleaning chemicals that are effective against coronavirus linens  towels and laundry washed in accordance with local authority guidelines guest accommodation is disinfected between stays staff follow all safety protocols as directed by local authorities,,8510 Almeda Road Loop 610HoustonTexas 77054 ,77054,,https://www.booking.com/hotel/us/scottish-inn-amp-suites-reliant-park-texas-medical-center.html,,,
Texas,Houston,29.92925,-95.5045,Scottish Inns & Suites Willowbrook,2.0,"""Palace Inn TX-249 is located in Houston", 3 km from Sam Houston Race Park, and offers free WiFi. George Bush Intercontinental Airport is within a 20-minute drive.,,,,
Texas,Houston,29.68885,-95.64249,Scottish Inn and Suites Highway Six South,2.0,"""Houston Museum of Natural Science is 7 miles from this hotel. Scottish Inn and Suites Highway Six South serves a daily continental breakfast and offers a microwave and fridge in every room.",,,,,,
Texas,Houston,29.77607,-95.4285,Scottish Inns Westcott Street,1.0,"""Located off Interstate 10", this motel is 10 minutes drive from Central Houston and The Galleria Mall. It features spacious rooms with free Wi-Fi and a small fridge.,,,,,
Texas,Houston,29.73436,-95.55865,Motel 6 Houston Westchase,2.0,"""Surrounded by corporate offices", restaurants and shopping, this hotel in Houston, Texas offers convenient amenities and services for the contemporary traveler.,,,
Texas,Houston,29.88501,-95.57395,Red Roof Inn Houston  Jersey Village,2.0,"""This Houston motel is 1 mile from Jersey Meadows Golf Course and 15 minutes drive from The Galleria Mall. It features rooms with cable TV.",,,,,,
Texas,Houston,29.55929,-95.03839,Captain Inn and Suites,3.0,"""Captain Inn and Suites Seabrook-Kemah", a 3-star hotel, is a property situated in Seabrook. Featuring a fitness centre, the 3-star hotel has air-conditioned rooms with a private bathroom. The accommodation features an indoor pool, free WiFi throughout the property and a 24-hour front desk.,,
Texas,Houston,29.773699,-95.144165,Clarion Inn Channelview,2.0,,,,15157 IH 10 East ChannelviewTexas 77530 ,77530,2814527304,http://www.clarionhotel.com/hotel-channelview-texas-TXE97
Texas,Houston,29.71646,-95.31489,Houston Inn and Suites,2.0,"""This pet-friendly hotel is located just off Interstate 45 and has an outdoor pool and free WiFi. Downtown Houston is within a 10-minute drive.",,,,,,
Texas,Houston,29.676539,-95.423909,La Quinta Houston Medical Reliant Center,3.0,"""The hotel is centrally located 1 km west of Reliant Center", south of Downtown Houston near the prestigious Texas Medical Center and MD Anderson.,,,,,
Texas,Houston,29.65083,-95.56962,Symphony Inn and Suites,2.0,"""Easily accessible from major area motorways and close to Houston city centre", this hotel offers spacious guestrooms featuring microwaves and refrigerators. Coffee and juice is available at all times in the lobby.,,,,,
Texas,Houston,29.939902,-95.409708,Venetian Inn and Suites,2.0,"""With a stay at Studio 6 Houston", TX - Intercontinental Airport South in Houston (Greater Greenspoint), you'll be a 2-minute drive from Greenspoint Mall and 10 minutes from Willowbrook Mall.  This hotel is 9.6 mi (15.5 km) from Sam Houston Race Park and 9.7 mi (15.7 km) from Hurricane Harbor Splashtown.,,,,
Texas,Houston,29.96978,-95.28163,Budget Host Inn & Suites,2.0,"""Offering WiFi access free of charge", Budget Host Inn & Suites is located in Humble. All air-conditioned rooms come equipped with cable TV and DVD player.,,,,,
Texas,Houston,29.62942,-95.22918,Island Suites Hobby Airport,2.0,"""Just a 10-minute drive from William P. Hobby Airport", this all-suite Houston hotel features spacious accommodation with a flat-screen TV. Free WiFi is offered throughout the hotel.,,,,,
Texas,Houston,29.6017,-95.2867,Palace Inn,2.0,"""Featuring a continental breakfast and rooms with free WiFi", this Houston motel is just 5 miles from Hobby Airport.,,,,,
Texas,Houston,29.85582,-95.51869,Palace Inn 290 Fairbanks,1.0,"""Offering convenient access to Highway 290", this Houston, Texas motel has a 24-hour front desk and a free continental breakfast.,,,,
Texas,Houston,29.90375,-95.54602,Palace Inn Sam Houston Race Park,2.0,"""Situated in Houston", 15 km from CityCentre Plaza, Palace Inn Sam Houston Race Park west road features rooms with air conditioning. This 2-star hotel offers a 24-hour front desk and an ATM. Memorial Park, Houston is 24 km away and Houston Arboretum and Nature Center is 24 km from the hotel.,,,
Texas,Houston,30.03502,-95.25798,Palace Inn Kingwood,2.0,"""Palace Inn Kingwood is located just off of Highway 59. Free WiFi access is available and each room comes with satellite TV and a Blu-ray player.",,,,,,
Texas,Houston,29.93986,-95.27088,Regency Inn,2.0,"""Located 8 km away from George Bush Intercontinental Airport", the Regency Inn offers free WiFi access throughout the property. Each room comes equipped with a flat-screen TV with HD channels.,,,,,
Texas,Houston,29.67633,-95.42916,Home Place Inn,3.0,"""Located less than 2 km from NRG Stadium", this motel features a daily breakfast and free WiFi access.,,,,,
Texas,Houston,29.71107,-95.50494,Romana Hotel,2.0,"""This 8-storey Houston hotel showcases a glass elevator with views of the skyline and has rooms with free wireless internet. It is just 4.8 km from both Memorial Hermann Southwest Hospital and The Galleria shopping centre.",,,,,,
Texas,Houston,29.96264,-95.47983,Texan Inn and Suites,2.0,"""Featuring 2-star accommodation", Texan Inn & Suites is located in Houston, 26 km from Wortham Center and 26 km from Alley Theater. With free WiFi, this 2-star motel offers room service and a 24-hour front desk. The motel features family rooms.,,,
Texas,Houston,30.064672,-95.435321,Red Roof Inn Houston  Spring North,2.0,"""Located in Spring", Red Roof Inn Houston - Spring North is a perfect starting point from which to explore Spring (TX). Offering a variety of facilities and services," the property provides all you need for a good night's sleep. Service-minded staff will welcome and guide you at Red Roof Inn Houston - Spring North. Each guestroom is elegantly furnished and equipped with handy amenities. The property offers various recreational opportunities. A welcoming atmosphere and excellent service are what you can expect during your stay at Red Roof Inn Houston - Spring North.""",Hotel Laundry service Launderette Air conditioning in public areas Smoke detector Towels and bed linen Restaurant Business centre Early Check-in Non-smoking establishment Fitness Red Roof - RediClean,"""                            ",,
Texas,Houston,29.45652,-95.32263,Country Regency Inn & Suites,2.0,"""Featuring free WiFi throughout the property", Country Regency Inn & Suites offers accommodation in Manvel, 34 km from Houston.,,,,
Texas,Houston,29.74387,-95.46606,Montierra 235 Apartment,3.0,"""Situated in Houston", 800 metres from The Galleria and 1.5 km from Water Wall, Montierra 235 Apartment provides accommodation with amenities such as free WiFi and a flat-screen TV. This apartment is 4.2 km from Houston Arboretum and Nature Center and 5 km from Lakewood Church Central Campus.,,,,
Texas,Houston,29.71853,-95.64561,Palace Inn Westpark BLU,2.0,"""Offering free WiFi", Palace Inn Westpark BLU is set in Houston. The property is around 17 km from CityCentre, 20 km from Water Wall and 21 km from The Galleria. Attractions in the area include Lakewood Church Central Campus, 22 km away, or Houston Arboretum and Nature Center, located 24 km from the property.,
Texas,Houston,29.98116,-95.27481,WoodSpring Suites Signature Houston IAH Airport,2.0,"""Featuring 2-star accommodation", Woodspring Suites Houston IAH Airport is set in Humble, 28 km from Wortham Center and 28 km from George R. Brown Convention Center. With a fitness centre, the 2-star hotel has air-conditioned rooms with free WiFi, each with a private bathroom. The property is non-smoking and is located 28 km from Minute Maid Park.,,
Texas,Houston,29.70986,-95.31447,Lotus Inn,2.0,"""Offering free Wi-Fi and a complimentary continental breakfast", this Houston motel is just 5 miles from Hobby Airport.,,,,,
Texas,Houston,29.75376,-95.45935,Hanover Post Oak,4.0,"""Located in the heart of Houstons most upscale shopping district", Hanover Galleria offers a resort-style pool with private cabanas and a rooftop terrace overlooking the city. Each luxury apartment in this non-smoking accommodation features a full kitchen with stainless steel appliances and slab granite or quartzite countertops.,,,,,
Texas,Houston,29.6783,-95.41665,Sterling Inn and Suites at Reliant and Medical Center Houston,2.0,,,,2500 South Loop West Freeway HoustonTexas 77054 ,77054,7137815600,https://www.booking.com/hotel/us/sterling-inn-and-suites.html
Texas,Houston,29.67848,-95.43491,Raintree Inn and Suites,2.0,"""This Houston motel is located 9.5 km from upscale shopping at Houston Galleria. Free WiFi and parking are provided.",,,,,,
Texas,Houston,29.66587,-95.17156,Great Western Inn,2.0,"""Featuring free WiFi", this Pasadena motel is conveniently located 11 km from Hobby Airport.,,,,,
Texas,Houston,29.77694,-95.13209,Luxury Inn,2.0,"""Featuring free Wi-Fi access and a 24-hour front desk", this motel is located in Channelview, Texas.,,,,
Texas,Houston,29.66718,-95.43646,Crystal Inn,3.0,"""Set in Houston", 4.3 km from NRG Stadium, Crystal Inn offers air-conditioned rooms and a shared lounge. Located around 5.4 km from NRG Park, the motel with free WiFi is also 7.3 km away from Rice Stadium. The accommodation features room service and a 24-hour front desk for guests.,,,
Texas,Houston,29.64192,-95.40862,Tweetys 9 Diamond Inn,2.0,"""Offering convenient access to Highway 610", less than 5 miles drive from Reliant Park, this Houston motel offers free high-speed wireless internet access and a 24-hour front desk.,,,,
Texas,Houston,29.77563,-95.17817,Modo Inn,2.0,"""Featuring 2-star accommodation", Modo Inn is located in Houston, 19 km from Minute Maid Park and 19 km from George R. Brown Convention Center. With free WiFi, this 2-star motel offers room service and a 24-hour front desk. BBVA Stadium - Houston Dynamo is 19 km away and Wortham Center is 20 km from the motel.,,,
Texas,Houston,29.8568,-95.52155,InTown Suites Highway 290 Fairbanks,2.0,"""InTown Suites  Houston 290 Fairbanks features air-conditioned rooms with cable flat-screen TV in Houston. The property is around 9 km from CityCentre", 12 km from Houston Arboretum and Nature Center and 13 km from Memorial Park. The property is 14 km from The Galleria and 15 km from the Williams Water Wall.,,,,,
Texas,Houston,29.68265,-95.42505,Astro Best Inn,2.0,"""Featuring 2-star accommodation", Astro Best Inn is set in Houston, 4 km from NRG Park and 5 km from Rice Stadium. This 2-star motel offers a 24-hour front desk, a concierge service and free WiFi. The property is non-smoking and is located 1.8 km from NRG Stadium.,,,
Texas,Houston,30.01139,-95.45241,InTown Suites I-45 North,2.0,"""Offering air-conditioned rooms in the FM 1960 district of Houston", InTown Suites Extended Stay Houston TX - Cypress Station is 21 km from Cynthia Woods Mitchell Pavilion. The property is around 32 km from Buffalo Bayou Park, 33 km from Wortham Center and 33 km from Minute Maid Park. CityCentre Plaza is 34 km away and Discovery Green Park is 34 km from the hotel.,,,,
Texas,Houston,29.88801,-95.58005,Moonlight Inn & Suites,2.0,"""Located in Houston", 15 km from CityCentre Plaza, Moonlight Inn & Suites provides accommodation with free WiFi and free private parking. This 2-star motel offers a 24-hour front desk. The Galleria Houston is 25 km away and Waterwall Park is 25 km from the motel.,,,,
Texas,Houston,29.87896,-95.68478,Palace Inn,2.0,"""Palace Inn-529 features air-conditioned rooms with satellite flat-screen TV in the Northwest Houston district of Hot Wells. This 2-star motel offers room service", a 24-hour front desk and free WiFi. Memorial Park, Houston is 33 km away and Constellation Field is 33 km from the motel.,,,,
Texas,Houston,29.91273,-95.62595,InTown Suites Highway 6,5.0,"""Conveniently situated in the FM 1960 district of Houston", InTown Suites Extended Stay Houston TX - Highway 6 is located 19 km from CityCentre Plaza, 28 km from Memorial Park, Houston and 28 km from Houston Arboretum and Nature Center. The property is around 29 km from The Galleria Houston, 29 km from Waterwall Park and 32 km from Lakewood Church Central Campus. The hotel features family rooms.,,
Texas,Houston,29.74543,-94.97696,Deluxe Inn & Suites Baytown,2.0,"""Featuring 2-star accommodation", Deluxe Inn & Suites - Baytown is located in Baytown, 41 km from Minute Maid Park and 41 km from George R. Brown Convention Center. This 2-star motel offers room service, a 24-hour front desk and free WiFi. The property is allergy-free and is set 11 km from Houston Raceway Park.,,,
Texas,Houston,29.85161,-95.64617,InTown Suites Houston West,2.0,"""Featuring 2-star accommodation", InTown Suites Extended Stay Houston TX - West is situated in Houston, 16 km from CityCentre Plaza and 27 km from Constellation Field. This 2-star hotel has air-conditioned rooms with a private bathroom. The Galleria Houston is 31 km from the hotel and Waterwall Park is 31 km away.,,,,
Texas,Houston,29.72635,-95.64495,InTown Suites Katy,2.0,"""Set 13 km from Constellation Field", InTown Suites Extended Stay Houston TX - West Oak offers rooms with air conditioning in Houston. The property is located 15 km from CityCentre Plaza, 18 km from Smart Financial Centre and 21 km from Waterwall Park. Houston Arboretum and Nature Center is 24 km away and Rice Stadium is 26 km from the hotel.,,,,
Texas,Houston,29.84302,-95.56341,WoodSpring Suites Signature Houston Northwest,2.0,"""Located in Houston", WoodSpring Suites Houston Northwest provides a fitness centre. Located about 7 km from CityCentre, the hotel is also 14 km away from Houston Arboretum and Nature Center. Free WiFi is available.,,,,
Texas,Houston,29.67579,-95.04705,Wyman House Bed & Breakfast,3.0,"""Wyman House Bed & Breakfast features accommodation with an outdoor swimming pool and free WiFi.",,,,,,
Texas,Houston,29.71397,-95.55655,Grand Villa Inn And Suites Westchase,2.0,"""Conveniently situated in the Westchase district of Houston", Grand Villa Inn & Suites Chinatown is located 8 km from CityCentre Plaza, 11 km from Waterwall Park and 12 km from The Galleria Houston. With free WiFi, this 2-star motel offers a shared lounge and a tour desk. Guests can have a drink at the snack bar.,,,
Texas,Houston,29.74927,-95.36802,Stay Alfred on San Jacinto Street,3.0,"""Located 1.3 km from George R. Brown Convention Center in Houston", Stay Alfred on San Jacinto Street offers accommodation with a kitchen. The Toyota Center and the Discovery Green Park are within 1.4 km and 1.5 km of the apartment, and free WiFi is provided.,,,,
Texas,Houston,29.62286,-95.3847,WoodSpring Suites Houston 288 South Medical Center,3.0,"""Featuring 3-star accommodation", WoodSpring Suites Houston 288 South Medical Center is located in Houston, 10 km from NRG Stadium and 12 km from Houston Zoo. With a fitness centre, the 3-star hotel has air-conditioned rooms with free WiFi, each with a private bathroom. The property is non-smoking and is situated 9.3 km from NRG Park.,,
Texas,Houston,29.82026,-95.47395,Palace Inn Antoine,1.0,"""Free Wi-Fi access and a continental breakfast are provided to guests of this Houston motel.  It is located 12 miles from Houston city centre attractions", including Minute Maid Park and George R. Brown Convention Center.,,,,,
Texas,Houston,36.52538,-86.03795,Budget Inn,5.0,"""Budget Inn is offering accommodation in Lafayette. The motel also offers free WiFi and free private parking.",,,,,,
Texas,Houston,29.71947,-95.49998,Palace Inn Harwin,1.0,"""Palace Inn Harwin features air-conditioned rooms with cable flat-screen TV in the Southwest Houston district of Houston. This 1-star motel offers a 24-hour front desk and free WiFi. Lakewood Church Central Campus is 7.9 km away and Houston Arboretum and Nature Center is 9.1 km from the motel.",,,,,,
Texas,Houston,29.77433,-95.23872,Regency Inn & Suites,2.0,"""Located in Houston", within 12 km of Minute Maid Park and 13 km of George R. Brown Convention Center, REGENCY INN & SUITS provides accommodation with a garden and free WiFi throughout the property as well as free private parking for guests who drive. This 2-star hotel offers room service and a 24-hour front desk. Guests can have a drink at the snack bar.,,,,
Texas,Houston,29.93764,-95.3856,InTown Suites Houston Intercontinental,2.0,"""23 km from Minute Maid Park", InTown Suites Extended Stay Houston TX - IAH Airport is set in Houston and offers air-conditioned rooms. This 2-star hotel offers an ATM. Wortham Center is 24 km away and George R. Brown Convention Center is 24 km from the hotel.,,,,,
Texas,Houston,29.77425,-95.23739,Palace Inn,4.0,"""This Houston motel features free Wi-Fi and a continental breakfast.  It is 15 minutes drive from William P. Hobby Airport.",,,,,,
Texas,Houston,29.99084,-95.49394,InTown Suites Houston North,2.0,"""Featuring 2-star accommodation", InTown Suites Extended Stay Houston TX - Stuebner Airline Rd is situated in Houston, 26 km from Cynthia Woods Mitchell Pavilion and 29 km from CityCentre Plaza. This 2-star hotel has air-conditioned rooms with a private bathroom. Buffalo Bayou Park is 30 km from the hotel and Memorial Park, Houston is 30 km away.,,,
Texas,Houston,29.77211,-95.14697,Star Light Inn,5.0,"""Set in Channelview", 23 km from Minute Maid Park, Star Light Inn offers accommodation with free WiFi and free private parking. The property is around 24 km from George R. Brown Convention Center, 24 km from BBVA Stadium - Houston Dynamo and 24 km from Wortham Center. The accommodation provides room service and a 24-hour front desk for guests.,,,
Texas,Houston,29.90082,-95.46489,Atlantis Inn and Suites,5.0,"""Located in Houston", 20 km from Memorial Park, Houston, Atlantis Inn Suites provides accommodation with a garden, free private parking and a bar. Among the facilities at this property are room service and a 24-hour front desk, along with free WiFi throughout the property. Guests can enjoy garden views.,
Texas,Houston,29.68243,-95.55775,Palace Inn Bissonnet,2.0,"""Conveniently set in the Southwest Houston district of Houston", Palace Inn Bissonnet is located 11 km from CityCentre Plaza, 13 km from The Galleria Houston and 14 km from Waterwall Park. The 2-star motel has air-conditioned rooms with a private bathroom and free WiFi. Private parking can be arranged at an extra charge.,,,,
Texas,Houston,29.73523,-95.63044,Palace Inn Westheimer,5.0,"""Situated in Houston", 12 km from CityCentre Plaza, Palace Inn Westheimer features accommodation with free WiFi and free private parking. The property is around 15 km from Constellation Field, 20 km from Waterwall Park and 21 km from Smart Financial Centre. Houston Arboretum and Nature Center is 24 km from the motel and Rice Stadium is 26 km away.,,,
Texas,Houston,29.71979,-95.5042,Hotel Diamond,5.0,"""Situated in Houston", within 6 km of Waterwall Park and 6 km of The Galleria Houston, HOTEL DIAMOND features free WiFi. The property is around 8 km from Lakewood Church Central Campus, 10 km from Houston Arboretum and Nature Center and 11 km from Memorial Park, Houston. The property is located 13 km from CityCentre Plaza and 16 km from NRG Stadium.,,
Texas,Houston,29.9534,-95.55541,InTown Suites Extended Stay Houston Texas Willowbrook,2.0,"""Featuring 2-star accommodation", InTown Suites Extended Stay Houston TX - Willowbrook is located in Houston, 22 km from CityCentre Plaza and 30 km from Memorial Park, Houston. This 2-star hotel has air-conditioned rooms with a private bathroom. Waterwall Park is 32 km from the hotel and Wortham Center is 32 km away.,,,
Texas,Houston,29.83716,-95.48659,Platinum Inn and Suites,3.0,"""Situated in Houston", 11 km from Houston Arboretum and Nature Center, PLATINUM INN AND SUITES features express check-in and check-out and free WiFi throughout the property. The property is around 12 km from Memorial Park, Houston, 13 km from The Galleria Houston and 13 km from Waterwall Park. The motel has family rooms.,,
Texas,Houston,29.74956,-95.36639,The Apple Theory on Caroline,3.0,"""Located in Houston in the Texas region and Houston Toyota Center reachable within less than 1 km", Renu Downtown Houston - Relax, Revive,Renew provides accommodation with free WiFi, BBQ facilities, an outdoor swimming pool and free private parking.,
Texas,Houston,29.61369,-95.44901,Maxim III Motel,5.0,"""Located in Houston", within 11 km of NRG Stadium and 12 km of NRG Park, Maxim III Motel provides accommodation with a terrace and free WiFi throughout the property as well as free private parking for guests who drive. The property is set 14 km from Rice Stadium, 14 km from Houston Zoo and 15 km from Rice University. The motel features family rooms.,,,
Texas,Houston,29.59453,-95.38501,Home2 Suites by Hilton Houston Pearland,3.0,"""Located in Pearland", within 13 km of NRG Park and 14 km of NRG Stadium, Home2 Suites By Hilton Houston-Pearland, Tx provides accommodation with a fitness centre and free WiFi as well as free private parking for guests who drive. The property is set 15 km from Houston Zoo, 16 km from Houston Museum of Natural Science and 17 km from Rice University. The hotel features an indoor pool and a 24-hour front desk.,,
Texas,Houston,29.94028,-95.3863,Home2 Suites by Hilton Houston IAH Airport Beltway 8,3.0,"""Situated in Houston", within 23 km of Minute Maid Park and 24 km of Wortham Center, Home2 Suites by Hilton Houston Bush Intercontinental Airport Iah Beltway 8 features accommodation with an outdoor swimming pool and free WiFi throughout the property as well as free private parking for guests who drive. This 3-star hotel offers free shuttle service and a 24-hour front desk. The property is non-smoking and is located 24 km from George R. Brown Convention Center.,,,,
Texas,Houston,30.07407,-95.50041,Super 8 by Wyndham Spring/North Houston,2.0,"""Featuring 2-star accommodation", Super 8 by Wyndham Spring/North Houston is set in Spring, 42 km from Wortham Center and 42 km from Alley Theater. The 2-star hotel has air-conditioned rooms with a private bathroom and free WiFi. The property is non-smoking and is located 19 km from Cynthia Woods Mitchell Pavilion.,,,,
Texas,Houston,29.68049,-95.04627,Days Inn & Suites by Wyndham La Porte,2.0,"""22 km from Houston Raceway Park", Days Inn & Suites by Wyndham La Porte is set in La Porte and offers air-conditioned rooms. This 2-star hotel offers a 24-hour front desk. The property is non-smoking and is located 33 km from University of Houston.,,,,,
Texas,Houston,29.64287,-95.58196,Holiday Inn Express & Suites Stafford NW - Sugar Land,3.0,"""Featuring 3-star accommodation", Holiday Inn Express & Suites - Stafford NW - Sugar Land, an IHG Hotel is set in Stafford, 11 km from Smart Financial Centre and 18 km from Waterwall Park. This 3-star hotel offers a shared lounge and a 24-hour front desk. The property is non-smoking and is located 8.2 km from Constellation Field.,,,
Texas,Houston,29.74361,-95.45707,Holiday Inn Express - Houston - Galleria Area,3.0,"""Situated in Houston", 1.2 km from The Galleria Houston, Holiday Inn Express - Houston - Galleria Area, an IHG Hotel features accommodation with an outdoor swimming pool, private parking, a fitness centre and a shared lounge. With free WiFi, this 3-star hotel has a terrace and a restaurant. The property is non-smoking and is set 1.4 km from Waterwall Park.
Texas,Houston,29.77511,-95.81228,La Quinta Inn & Suites by Wyndham Katy,3.0,"""Situated in Katy and with CityCentre Plaza reachable within 26 km", La Quinta Inn & Suites Katy-Mills by Wyndham Katy features a fitness centre, non-smoking rooms, free WiFi throughout the property and a bar. This 3-star hotel offers a 24-hour front desk. Constellation Field is 34 km away and Smart Financial Centre is 36 km from the hotel.,,,
Texas,Houston,29.93388,-95.21213,Super 8 by Wyndham Humble/Fallcreek/Houston,4.0,"""30 km from Minute Maid Park", Super 8 by Wyndham Humble/Houston is located in Humble and provides air-conditioned rooms. This 4-star hotel offers room service, a 24-hour front desk and free WiFi. The hotel features family rooms.,,,,
Texas,Houston,29.73328,-95.55938,Baymont by Wyndham Houston / Westchase,3.0,"""This hotel is 11 km from the Galleria Shopping Center in Houston", Texas. It features a buffet breakfast and an outdoor pool with a hot tub.,,,,,
Texas,Houston,29.8242,-95.17,"""Hampton Inn & Suites Houston East Beltway 8"," Tx""",2.0,"""Featuring 2-star accommodation", Hampton Inn & Suites Houston East Beltway 8, Tx is located in Houston, 23 km from George R. Brown Convention Center and 24 km from BBVA Stadium - Houston Dynamo. This 2-star hotel offers a 24-hour front desk. The property is non-smoking and is situated 23 km from Minute Maid Park.,,
Texas,Houston,29.92743,-95.24537,Amazing Home with Patio! 13 mins to airport! 20 mins to Downtown!,5.0,"""Set in Houston in the Texas region", Amazing Home with Patio! 13 mins to airport! 20 mins to Downtown! has a patio. This villa offers free private parking, a shared lounge and free WiFi.,,,,
Texas,Houston,29.85214,-95.64499,Americas Best Value Inn & Suites Houston at Hwy 6,2.0,"""Americas Best Value Inn & Suites Houston at Hwy 6 features air-conditioned rooms with cable flat-screen TV in the Northwest Houston district of Houston. This 2-star hotel offers a 24-hour front desk. CityCentre Plaza is 16 km away and Constellation Field is 27 km from the hotel.",,,,,,
Texas,Houston,29.65721,-95.02883,Americas Best Value Inn & Suites La Porte/houston,4.0,"""Located 20 minutes from the Lyndon B. Johnson Space Center and 5 minutes from Sylvan Beach Park", this hotel is 30 miles from downtown Houston and features an outdoor pool.,,,,,
Texas,Houston,29.75322,-95.33471,Cloud9 Super-Luxe at East Downtown,5.0,"""Situated in Houston in the Texas region", Cloud9 Super-Luxe at East Downtown has a patio. This property offers access to a balcony and free private parking.,,,,,
Texas,Houston,29.75317,-95.33485,Clutch City Super-Luxe at East Downtown,5.0,"""Situated in Houston in the Texas region", Clutch City Super-Luxe at East Downtown has a patio. This property offers access to a balcony and free private parking.,,,,,
Texas,Houston,29.78073,-95.35906,Cosmic Studio at North Downtown,5.0,"""Cosmic Studio at North Downtown is situated in Houston", 3.2 km from Alley Theater, 3.6 km from Minute Maid Park, and 4 km from Buffalo Bayou Park. The accommodation is 3.1 km from Wortham Center, and guests benefit from complimentary WiFi and private parking available on site.,,
Texas,Houston,29.67947,-95.60056,Cozy Condo,5.0,"""Cozy Condo", a property with a seasonal outdoor swimming pool and a terrace, is located in Houston, 10 km from Constellation Field, 15 km from Smart Financial Centre, as well as 16 km from CityCentre Plaza. This apartment provides accommodation with a balcony.,
Texas,Houston,29.82075,-95.38953,Cozy Independence Heights Bungalow,5.0,"""Situated in Houston in the Texas region", Cozy Independence Heights Bungalow features a balcony. The air-conditioned accommodation is 8.7 km from Wortham Center, and guests benefit from private parking available on site and free WiFi.,,,,
Texas,Houston,29.7553,-95.38588,Cozy Studio in the Downtown/Montrose area,5.0,"""Located within 2.6 km of Alley Theater and 2.9 km of Wortham Center in Houston", Cozy Studio in the Downtown/Montrose area provides accommodation with free WiFi and a kitchenette.,,,,,
Texas,Houston,29.7579,-95.38357,Downtown Retreat! Fun & Amazing Location!,5.0,"""Situated in Houston", within 2.1 km of Alley Theater and 2.4 km of Wortham Center, Downtown Retreat! Fun & Amazing Location! offers accommodation with free WiFi, air conditioning, an outdoor swimming pool and a fitness centre. This property offers a private pool and free private parking.,,
Texas,Houston,29.74609,-95.34725,EaDo Signature by Dunyha,3.0,"""Situated in Houston in the Texas region", with BBVA Stadium - Houston Dynamo and George R. Brown Convention Center nearby, EaDo Signature by Dunyha features accommodation with free WiFi and free private parking.,,,,
Texas,Houston,29.73446,-95.33639,East Downtown Apartment,5.0,"""Offering free WiFi and free private parking", East Downtown Apartment is located in Houston, just 1.6 km from University of Houston. This apartment is 2.9 km from George R. Brown Convention Center and 3 km from Houston Toyota Center.,,,,
Texas,Houston,29.73864,-95.32931,East Downtown Blue Dream,5.0,"""Within 3.3 km of BBVA Stadium - Houston Dynamo and 3.3 km of University of Houston", East Downtown Blue Dream features free WiFi and a garden. This apartment is 3.8 km from Minute Maid Park and 4.3 km from George R. Brown Convention Center.,,,,,
Texas,Houston,29.73863,-95.32931,East Downtown Bungalow,5.0,"""East Downtown Bungalow", a property with a garden and a terrace, is situated in Houston, 3.3 km from BBVA Stadium - Houston Dynamo, 3.3 km from University of Houston, as well as 3.6 km from Houston Toyota Center. This apartment is 4.3 km from George R. Brown Convention Center and 5.3 km from Texas Southern University.,
Texas,Houston,29.73863,-95.32931,East Downtown Hideaway,5.0,"""Set in Houston in the Texas region", East Downtown Hideaway features a terrace. Guests staying at this apartment have access to a balcony.,,,,,
Texas,Houston,29.73863,-95.32931,East Downtown Mico-luxe Container living pod #8,5.0,"""Set in Houston in the Texas region", East Downtown Mico-luxe Container living pod #8 features a patio. The air-conditioned accommodation is 3.3 km from BBVA Stadium - Houston Dynamo, and guests benefit from complimentary WiFi and private parking available on site.,,,,
Texas,Houston,29.73863,-95.32931,East Downtown Micro-luxe Container Living Pod #10,5.0,"""Situated in Houston in the Texas region", East Downtown Micro-luxe Container Living Pod #10 has a terrace. The air-conditioned accommodation is 3.3 km from BBVA Stadium - Houston Dynamo, and guests benefit from private parking available on site and free WiFi.,,,,
Texas,Houston,29.73863,-95.32931,East Downtown Micro-luxe Container Living Pod #9,5.0,"""East Downtown Micro-luxe Container Living Pod #9", a property with a garden, a terrace and barbecue facilities, is set in Houston, 3.3 km from BBVA Stadium - Houston Dynamo, 3.3 km from University of Houston, as well as 3.6 km from Houston Toyota Center. Complimentary WiFi is offered throughout the property and private parking is available on site.
Texas,Houston,29.73863,-95.32931,East Downtown Modern Cabin,5.0,"""East Downtown Modern Cabin", a property with a garden, is set in Houston, 3.3 km from BBVA Stadium - Houston Dynamo, 3.3 km from University of Houston, as well as 3.6 km from Houston Toyota Center. This apartment is 4.3 km from George R. Brown Convention Center and 5.3 km from Texas Southern University.,
Texas,Houston,29.74538,-95.32407,East Downtown Modern Luxury Retreat,5.0,"""East Downtown Modern Luxury Retreat", a property with a garden, is set in Houston, 3.7 km from Minute Maid Park, 4.2 km from George R. Brown Convention Center, as well as 4.3 km from University of Houston. The air-conditioned accommodation is 3.2 km from BBVA Stadium - Houston Dynamo, and guests benefit from complimentary WiFi and private parking available on site.
Texas,Houston,29.74335,-95.33755,East Downtown Private Restored Historic Apartment,5.0,"""Featuring air-conditioned accommodation with a patio", East Downtown Private Restored Historic Apartment is located in Houston. The property features garden views and is 2 km from BBVA Stadium - Houston Dynamo and 2.7 km from Minute Maid Park.,,,,,
Texas,Houston,29.71146,-95.31548,East Downtown Rubiks Studio,5.0,"""East Downtown Rubiks Studio", a property with a garden and a terrace, is located in Houston, 4.8 km from University of Houston, 6 km from Texas Southern University, as well as 6.6 km from Houston Toyota Center. This apartment is 6.7 km from BBVA Stadium - Houston Dynamo and 7 km from Discovery Green Park.,
Texas,Houston,29.71146,-95.31548,East Downtown Treetop Terrace,5.0,"""East Downtown Treetop Terrace", a property with a garden and a terrace, is located in Houston, 4.8 km from University of Houston, 6 km from Texas Southern University, as well as 6.6 km from Houston Toyota Center. With garden views, this accommodation provides a balcony.
Texas,Houston,29.7447,-95.47979,Excellent Galleria Experience HPLE,5.0,"""Boasting a hot tub", Excellent Galleria Experience HPLE is situated in Houston. The air-conditioned accommodation is 2.4 km from The Galleria Houston, and guests benefit from complimentary WiFi and private parking available on site.,,,,
Texas,Houston,29.69432,-95.38898,Houston Medical Center Apartments 2BR & 2BA,5.0,"""Featuring an outdoor swimming pool", a fitness centre, a garden and a shared lounge, Spacious 2BR&2BA Med Center APT, Free parking&shuttle is located in the Medical Center district of Houston, only 2.5 km from NRG Park. This apartment provides free private parking, a business centre and free WiFi.
Texas,Houston,29.72649,-95.3282,Intergalactic Abode at East Downtown,5.0,"""Intergalactic Abode at East Downtown", a property with a terrace, is located in Houston, 4.8 km from Houston Toyota Center, 4.8 km from BBVA Stadium - Houston Dynamo, as well as 4.9 km from Texas Southern University. The air-conditioned accommodation is 2.9 km from University of Houston, and guests benefit from private parking available on site and free WiFi.
Texas,Houston,29.83398,-95.33317,OYO Hotel Houston I-69 &amp; I-610,2.0,"""OYO Hotel Houston I-69 & I-610 offers free WiFi throughout the property and rooms with air conditioning in Houston. The property is around 10 km from Minute Maid Park", 11 km from Wortham Center and 11 km from George R. Brown Convention Center. Discovery Green Park is 11 km from the hotel and Houston Toyota Center is 11 km away.,,,,,
Texas,Houston,29.68642,-95.39812,Lovely 2 bedrooms walk to the RODEO Med Ctr Downtown Galleria,5.0,"""Set in Houston", less than 1 km from NRG Park and a 16-minute walk from NRG Stadium, Lovely 2 bedrooms walk to the RODEO, Med Ctr, Downtown, Galleria offers barbecue facilities and air conditioning. It is situated 3 km from Houston Zoo and offers room service.,
Texas,Houston,29.74774,-95.35802,Luxury 3-Story Home in Downtown Houston,5.0,"""Situated in Houston", 1 km from Houston Toyota Center and less than 1 km from Discovery Green Park, Luxury 3-Story Home in Downtown Houston features accommodation with free WiFi, air conditioning, a restaurant and a terrace. Boasting free private parking, the apartment is in an area where guests can engage in activities such as hiking, cycling and fishing.
Texas,Houston,29.75105,-95.35034,Luxury 4 Story Home in Downtown Houston,5.0,"""Featuring a spa bath", Luxury 4 Story Home in Downtown Houston is set in Houston. Boasting free private parking, the holiday home is in an area where guests can engage in activities such as hiking, fishing and canoeing.,,,
Texas,Houston,,,Luxury 4 Story Home in East Downtown Houston,5.0,"""<p> Luxury 4 Story Home in East Downtown Houston is situated in Houston", 1.6 km from George R. Brown Convention Center and 1.6 km from Discovery Green Park, in an area where hiking can be enjoyed. Located 1.3 km from Houston Toyota Center, the property provides a garden and free private parking.,,,
Texas,Houston,29.67576,-95.41957,Medtropolis Medical Center/Downtown/Galleria/NRG,5.0,"""Set in Houston", 1.6 km from NRG Stadium, Medtropolis Medical Center/Downtown/Galleria/NRG offers accommodation with an outdoor swimming pool, free WiFi, a shared lounge, and a business centre. Featuring a balcony, the apartment is in an area where guests can engage in activities such as fishing and cycling.
Texas,Houston,29.73794,-95.38053,Midtown Luxury/Main Street Wonder,5.0,"""Situated in Houston", Midtown Luxury/Main Street Wonder features accommodation with free WiFi, air conditioning, a restaurant and access to a garden with a year-round outdoor pool. This apartment offers free private parking and a shared kitchen.,,,
Texas,Houston,29.7364,-95.38904,Montrose Hist District - 2Br with WD,5.0,"""In the Houston Museum District district of Houston", close to Hermann Park/Rice U Station, Montrose Hist District - 2Br with WD has a garden and a washing machine. The air-conditioned accommodation is 1.7 km from Houston Museum of Natural Science, and guests benefit from private parking available on site and free WiFi.,,,
Texas,Houston,29.74503,-95.40527,Morse Cottage,5.0,"""Situated in Houston and within 3.6 km of Rice University", Morse Cottage has a garden, non-smoking rooms, and free WiFi throughout the property. The property is set 4.1 km from Rice Stadium, 4.5 km from Houston Museum of Natural Science and 4.6 km from Lakewood Church Central Campus. All rooms are fitted with a terrace.,,
Texas,Houston,29.70912,-95.3825,Newly Furnished 1BR Apartment w/ Hermann Park View,5.0,"""In the Houston Museum District district of Houston", close to Houston Museum of Natural Science, Newly Furnished 1BR Apartment w/ Hermann Park View has a fitness centre and a washing machine. The air-conditioned accommodation is 1.6 km from Houston Zoo, and guests benefit from complimentary WiFi and private parking available on site.,,,
Texas,Houston,29.78073,-95.35906,North Downtown Casa Del Mandala ?EXCELLENCE+VALUE?,5.0,"""Within 3.2 km of Alley Theater and 3.6 km of Minute Maid Park", North Downtown Casa Del Mandala ?EXCELLENCE+VALUE? features free WiFi and a terrace. Located 3.1 km from Wortham Center, the property provides a garden and free private parking.,,,,
Texas,Houston,29.82429,-95.16781,Palace Inn Blue Houston East Beltway 8,5.0,"""Set in Houston", 22 km from Minute Maid Park, Palace Inn Blue Houston East Beltway 8 offers accommodation with free WiFi and free private parking. The property is located 23 km from BBVA Stadium - Houston Dynamo, 23 km from Wortham Center and 23 km from Discovery Green Park. The property is non-smoking and is situated 23 km from George R. Brown Convention Center.,,,
Texas,Houston,29.74428,-95.46486,Perfect Galleria Condo + Pool View (HPLE),5.0,"""Perfect Galleria Condo + Pool View (HPLE) is a property with a private pool", located in Houston, within just 1 km of The Galleria Houston and 1.9 km of Waterwall Park. Private parking is available on site.,,,,
Texas,Houston,29.74169,-95.5013,Perfect Galleria Hideaway (HPLE),5.0,"""Located 4.2 km from The Galleria Houston", 4.6 km from Waterwall Park and 7.2 km from Houston Arboretum and Nature Center, Perfect Galleria Hideaway (HPLE) provides accommodation situated in Houston. This property offers a private pool, free WiFi and free private parking.,,,
Texas,Houston,29.74405,-95.46367,"""Private Great 2bedroom"," 2bath Condo with great view!!""",5.0,"""Boasting city views", Private Great 2bedroom, 2bath Condo with great view!! features accommodation with a seasonal outdoor swimming pool and a patio, around less than 1 km from Waterwall Park. The air-conditioned accommodation is 500 metres from The Galleria Houston, and guests benefit from private parking available on site and free WiFi.,
Texas,Houston,29.74887,-95.30574,Pythagoras Place at East End Revitalized,5.0,,,,Houston TX ,77011,,
Texas,Houston,29.74887,-95.30574,Quantum Tiny Loft at East End Revitalized,5.0,,,,Houston TX ,77011,,
Texas,Houston,29.78397,-95.31408,Reflection House at East River,5.0,"""Reflection House at East River", a property with a garden, is located in Houston, 6.5 km from George R. Brown Convention Center, 6.6 km from BBVA Stadium - Houston Dynamo, as well as 6.8 km from Wortham Center. The air-conditioned accommodation is 5.8 km from Minute Maid Park, and guests benefit from complimentary WiFi and private parking available on site.
Texas,Houston,29.74689,-95.39373,Refuge in the Heart of Montrose,5.0,"""Located in Houston", 3.4 km from Houston Museum of Natural Science and 4.3 km from Alley Theater, Refuge in the Heart of Montrose provides accommodation with free WiFi, air conditioning, a garden and a terrace. With garden views, this accommodation offers a patio.,
Texas,Houston,29.75118,-95.37766,Relaxing Midtown Studio!,5.0,"""Featuring a restaurant", an outdoor swimming pool, a fitness centre and a bar, Relaxing Midtown Studio! is located in the Midtown district of Houston, only 2.1 km from Houston Toyota Center. This apartment provides air-conditioned accommodation with free WiFi.,,
Texas,Houston,30.00629,-95.46191,Scottish Inns & Suites Houston TX,4.0,"""Scottish Inns & Suites Houston", TX features air-conditioned rooms with cable flat-screen TV in the FM 1960 district of Houston. This 4-star hotel offers free WiFi. The property is non-smoking and is situated 22 km from Cynthia Woods Mitchell Pavilion.,,,,,
Texas,Houston,29.74467,-95.37055,Sleek Downtown Houston Condo - Self Check-in & Private Parking,5.0,,,,2501 Crawford St Houston TX ,77004,,
Texas,Houston,30.00629,-95.46191,Spacious 3 Bedroom Townhouse-NRG/Med Center/Downtown,4.0,"""Scottish Inns & Suites Houston", TX features air-conditioned rooms with cable flat-screen TV in the FM 1960 district of Houston. This 4-star hotel offers free WiFi. The property is non-smoking and is situated 22 km from Cynthia Woods Mitchell Pavilion.,,,,,
Texas,Houston,29.91889,-95.61425,Staybridge Suites - Houston NW Cypress Crossings an IHG Hotel,5.0,"""Boasting a fitness centre and a restaurant", Staybridge Suites - Houston NW Cypress Crossings, an IHG Hotel is set in Houston, 19 km from CityCentre Plaza and 28 km from Memorial Park, Houston. The property is around 28 km from Houston Arboretum and Nature Center, 29 km from The Galleria Houston and 29 km from Waterwall Park. Lakewood Church Central Campus is 32 km from the hotel and Buffalo Bayou Park is 34 km away.,
Texas,Houston,29.7306,-95.36736,Sweet Home Alabama Street in Houston Central,5.0,"""Set in Houston in the Texas region", Sweet Home Alabama Street in Houston Central has a patio and garden views. This property offers access to a balcony and free private parking.,,,,,
Texas,Houston,29.6904,-95.41907,The Relaxation Stay at Luxury Palace,5.0,"""Set in Houston", 1.2 km from NRG Stadium and 1.7 km from NRG Park, The Relaxation Stay at Luxury Palace offers accommodation with free WiFi, air conditioning, an outdoor swimming pool and a fitness centre. Guests have a private patio.,,
Texas,Houston,29.73719,-95.3269,The Yellow Brick Road House at East Downtown,5.0,"""Located in Houston", 3.6 km from University of Houston and 3.7 km from BBVA Stadium - Houston Dynamo, The Yellow Brick Road House at East Downtown offers free WiFi and air conditioning. The property has garden views and is 3.9 km from Houston Toyota Center and 4 km from Discovery Green Park.,,,,
Texas,Houston,29.72563,-95.37728,Unit 1 - Spacious & Renovated Apt Home in the Citys Action,5.0,"""Unit 1 - Spacious & Renovated Apt Home in the Citys Action", a property with a garden and barbecue facilities, is located in Houston, 2.2 km from Texas Southern University, 3.5 km from Houston Zoo, as well as 3.9 km from Rice University. The air-conditioned accommodation is 1.8 km from Houston Museum of Natural Science, and guests benefit from complimentary WiFi and private parking available on site.
Texas,Houston,29.72649,-95.3282,Universal Apartment at East Downtown,5.0,"""Situated in Houston", 2.9 km from University of Houston, 4.8 km from Houston Toyota Center and 4.8 km from BBVA Stadium - Houston Dynamo, Universal Apartment at East Downtown features accommodation with a balcony and free WiFi. This apartment offers accommodation with a patio.,,,
Texas,Houston,29.78099,-95.55998,Zen Heights at CityCentre,5.0,"""Set in Houston", 90 metres from CityCentre Plaza and 10 km from The Galleria Houston, Zen Heights at CityCentre offers accommodation with free WiFi, air conditioning, a bar and a shared lounge.,,
Texas,Houston,29.90224,-95.54017,TownePlace Suites by Marriott Houston Northwest Beltway 8,3.0,"""Located in Houston", 16 km from CityCentre Plaza, TownePlace Suites by Marriott Houston Northwest Beltway 8 provides accommodation with a seasonal outdoor swimming pool, free private parking and a shared lounge. This 3-star hotel offers a 24-hour front desk, a business centre and free WiFi. The property is non-smoking and is situated 23 km from Memorial Park, Houston.,
Texas,Houston,29.91983,-95.20248,Courtyard by Marriott Houston Northeast,3.0,"""Courtyard by Marriott Houston Northeast features a fitness centre", shared lounge, a restaurant and bar in Houston. Featuring an outdoor swimming pool, the 3-star hotel has air-conditioned rooms with free WiFi, each with a private bathroom. The accommodation offers a 24-hour front desk, a business centre and luggage storage for guests.,
Texas,Houston,29.78428,-95.65003,Fairfield Inn & Suites by Marriott Houston Energy Corridor/Katy Freeway,3.0,"""This Houston"," Texas hotel is off Interstate 10 West and is 20 minutes drive from downtown Houston. This hotel offers free WiFi and all rooms have a 32"""" LCD TV.",,,,,
Texas,Houston,29.75373,-95.45935,Camden Post Oak 2707 Apartment,5.0,"""Situated 2 km from The Galleria Houston", Camden Post Oak offers an outdoor swimming pool, a fitness centre and air-conditioned accommodation with a balcony and free WiFi.,,,,
Texas,Houston,29.73614,-95.39118,Modern Montrose Condo,5.0,"""Located 1.7 km from Houston Museum of Natural Sciences", Modern Montrose Condo offers accommodation in Houstons Museum District. The property is 1.8 km from Hermann Park/Rice U Station and free private parking is offered. Free WiFi is provided throughout the property.,,,,,
Texas,Houston,29.77753,-95.03671,77545 Robin Road House 5.5 Bathrooms Home,5.0,"""Boasting accommodation with a private pool", 77545 Robin Road House is situated in Lynchburg. The air-conditioned accommodation is 45 km from Texas City, and guests benefit from private parking available on site and free WiFi.,,,,
Texas,Houston,29.78002,-95.55978,Domain at CityCentre,,"""Located in Houston", 100 metres from CityCentre Plaza and 15 km from Memorial Park, Houston, Domain at CityCentre provides accommodation with free WiFi, air conditioning, a garden and a shared lounge. The accommodation features a hot tub.,
Texas,Houston,29.739375,-95.37942,Stunning Midtown Suites By Sonder,4.0,"""<p>HeadLine : In Houston (Midtown)</p><p>Location : With a stay at Sonder at Mid Main Lofts in Houston (Midtown)", you ll be within a 5-minute drive of Toyota Center and Minute Maid Park.  This 4-star aparthotel is 2.8 mi (4.6 km) from MD Anderson Cancer Center and 4.5 mi (7.2 km) from NRG Stadium.</p><p>Rooms : Make yourself at home in one of the 26 individually decorated guestrooms, featuring kitchens with full-sized refrigerators/freezers and ovens. Flat-screen televisions with satellite programming provide entertainment, while complimentary wireless Internet access keeps you connected. Conveniences include microwaves and coffee/tea makers, and you can also request cribs/infant beds (complimentary).</p><p>CheckIn Instructions : <ul>  <li>Extra-person charges may apply and vary depending on property policy</li><li>Government-issued photo identification and a credit card may be required at check-in for incidental charges</li><li>Special requests are subject to availability upon check-in and may incur additional charges; special requests cannot be guaranteed</li><li>This property accepts credit cards; cash is not accepted</li>  </ul></p><p>Special Instructions : There is no front desk at this property. Guests will be asked to provide the property with a copy of their government-issued photo ID before arrival. ,,
Texas,Houston,29.56308,-95.69213,Home2 Suites Home Suites By Hilton Rosenberg Sugar Land Area,3.0,"""Set in Sugar Land", 6.1 km from Smart Financial Centre, Home2 Suites By Hilton Sugar Land Rosenberg offers accommodation with a shared lounge, free private parking and barbecue facilities. Featuring a fitness centre, the 3-star hotel has air-conditioned rooms with free WiFi, each with a private bathroom. The property is non-smoking and is located 10 km from Constellation Field.,
Texas,Houston,29.70392,-95.41035,Resort Style Apt Home in Houston Medical Centre,5.0,"""Located in Houston", 1.7 km from Rice Stadium and 2.4 km from Houston Zoo, Resort Style Apt/Home in Houston Medical Centre provides accommodation with free WiFi, a garden with an outdoor swimming pool, and access to a fitness room.,,
Texas,Houston,29.81044,-95.51236,Villa Laverne Suite Furnished Condos,5.0,"""Located in Houston in the Texas region", Villa Laverne 3 Bedroom Suite Furnished Condos provides accommodation with free WiFi and free private parking.,,,,,
Texas,Houston,29.75217,-95.36853,Luxury Rentals Toyota Center,4.0,"""Set in Houston", less than 1 km from Houston Toyota Center and a 15-minute walk from George R. Brown Convention Center, Luxury Rentals Toyota Center offers accommodation with free WiFi, air conditioning, an outdoor swimming pool and a fitness centre.,,
Texas,Houston,29.75686,-95.40042,River Oak Retreat,5.0,"""Boasting a spa bath", River Oak Retreat is situated in Houston. This holiday home features free private parking, a 24-hour front desk and free WiFi.,,,,
Texas,Houston,29.75373,-95.45935,Camden Post Oak,5.0,"""Situated in Houston in the Texas region and The Galleria Houston reachable within 1.9 km", Camden Post Oak features accommodation with free WiFi, BBQ facilities, an outdoor swimming pool and free private parking.,,,
Texas,Houston,29.74414,-95.46374,Royal Corporate Housing,5.0,"""Located in Houston", less than 1 km from The Galleria Houston and a 14-minute walk from Waterwall Park, Dominion Post Oak provides accommodation with free WiFi, air conditioning, an outdoor swimming pool and a fitness centre.,,
Texas,Houston,29.66819,-95.5273,The Art Abbey,5.0,"""Located in Houston", The Art Abbey Bed & Breakfast provides accommodation with free WiFi, air conditioning, free bikes and access to a garden with a seasonal outdoor pool. Featuring free private parking, the bed and breakfast is in an area where guests can engage in activities such as hiking, fishing and cycling.,
Texas,Houston,29.69946,-95.42419,Lovely Braeswood Place Suites by Sonder,3.0,"""Set in Houston in the Texas region", Sonder  The Weston offers accommodation with free WiFi and free private parking.,,,,,
Texas,Humble,29.96978,-95.28163,Budget Host Inn & Suites,2.0,"""Offering WiFi access free of charge", Budget Host Inn & Suites is located in Humble. All air-conditioned rooms come equipped with cable TV and DVD player.,,,,,
Texas,Humble,30.03502,-95.25798,Palace Inn Kingwood,2.0,"""Palace Inn Kingwood is located just off of Highway 59. Free WiFi access is available and each room comes with satellite TV and a Blu-ray player.",,,,,,
Texas,Humble,29.93986,-95.27088,Regency Inn,2.0,"""Located 8 km away from George Bush Intercontinental Airport", the Regency Inn offers free WiFi access throughout the property. Each room comes equipped with a flat-screen TV with HD channels.,,,,,
Texas,Humble,29.98116,-95.27481,WoodSpring Suites Signature Houston IAH Airport,2.0,"""Featuring 2-star accommodation", Woodspring Suites Houston IAH Airport is set in Humble, 28 km from Wortham Center and 28 km from George R. Brown Convention Center. With a fitness centre, the 2-star hotel has air-conditioned rooms with free WiFi, each with a private bathroom. The property is non-smoking and is located 28 km from Minute Maid Park.,,
Texas,Humble,29.93388,-95.21213,Super 8 by Wyndham Humble/Fallcreek/Houston,4.0,"""30 km from Minute Maid Park", Super 8 by Wyndham Humble/Houston is located in Humble and provides air-conditioned rooms. This 4-star hotel offers room service, a 24-hour front desk and free WiFi. The hotel features family rooms.,,,,
Texas,Huntsville,30.716991,-95.546106,Univ Hotel At  Sam Houston Sta,3.0,HotelDescription#Further information about this hotel will be available shortly,NO Wheelchair-accessible NO Car park NO Small pets allowed (under 5 kg) NO Garage NO Disability-friendly bathroom NO Large pets allowed (over 5 kg) NO Connecting rooms NO Smoking rooms,,1610 Bobby K Marks HuntsvilleTexas 77341 ,77341,9362912151,http://www.shsuhotel.org
Texas,Hutto,30.52887,-97.62296,La Quinta Inn & Suites by Wyndham Round Rock East,3.0,"""Set 1 km from Dell Diamond", La Quinta Inn & Suites by Wyndham Round Rock near Kalahari offers 3-star accommodation in Round Rock and features a bar. Featuring a fitness centre, the 3-star hotel has air-conditioned rooms with a private bathroom. The property is non-smoking and is located 35 km from University of Texas at Austin.,,,,
Texas,Irving,32.91247,-97.0049,Quality Inn & Suites DFW North,2.0,"""Located in Irving", 16.1 km from Texas Stadium, OYO Hotel Irving DFW Airport North provides accommodations with free WiFi and free private parking. This 2-star hotel offers a concierge service and luggage storage space. The property has room service, an ATM and currency exchange for guests.,,,
Texas,Irving,32.80902,-96.94466,Jefferson Street Bed and Breakfast Inn,5.0,"""Located 15 minutes drive from Dallas/Fort Worth International Airport", this bed and breakfast is is furnished with traditional Texas decor and free WiFi. A complimentary continental breakfast is provided daily, and a full breakfast can be delivered to your room for a fee.,,,,
Texas,Irving,32.83614,-96.92887,Deluxe Inn Irving,1.0,"""6 km from Texas Stadium", Deluxe Inn Irving is set in Irving and features air-conditioned rooms. The motel offers an outdoor swimming pool and a 24-hour front desk and free WiFi throughout the property.,,,,,
Texas,Irving,32.87766,-96.94206,Texican Court Hotel,4.0,"""Set in Irving", Texican Court, by Valencia Hotel Group offers 4-star accommodation with a restaurant and a bar. With a fitness centre, the 4-star hotel has air-conditioned rooms with free WiFi, each with a private bathroom. The accommodation offers a 24-hour front desk and a business centre for guests.,,
Texas,Irving,32.88873,-96.95753,Embassy Suites By Hilton Irving Las Colinas,5.0,"""Located in Irving", 19 km from Dallas World Trade Center, Embassy Suites By Hilton Irving Las Colinas provides air-conditioned rooms and a restaurant. The property is situated 20 km from American Airlines Center, 21 km from Highland Park Village and 21 km from Dallas World Aquarium. Meadows Museum is 25 km away and Gerald J. Ford Stadium is 25 km from the hotel.,,,
Texas,Jacksboro,33.20363,-98.15194,Relax Inn,2.0,"""OYO Hotel Jacksboro TX - Fort Richardson is just 30 miles from boating", fishing, and hiking at Lake Mineral Wells State Park. The motels guests will enjoy fresh morning coffee and tea in the lobby and rooms with free wireless internet.,,,,
Texas,Jacksonville,31.77369,-95.62402,TexAnn Motel,2.0,"""This Palestine", Texas motel is less than a half mile from Dogwood Junction Family Park, where guests can enjoy miniature golf, go-karts, and arcade games. The motel features a continental breakfast and free Wi-Fi.,,
Texas,Jacksonville,31.79427,-95.13525,Executive Inn,2.0,"""Executive Inn is a 2-star property situated in Rusk. Featuring a garden", this 2-star hotel has air-conditioned rooms with a private bathroom. The accommodation features room service and a 24-hour front desk for guests.,,,,,
Texas,Jacksonville,31.96107,-95.26881,Trade Wind Motel,2.0,"""Motel 6 Jacksonville offers accommodation in Jacksonville.",,,,,,
Texas,Jasper,30.9043,-93.99299,Deluxe Inn,2.0,"""This motel is located just 2 miles off Highway 96 in Jasper", Texas.  Free Wi-Fi and premium satellite channels are included.,,,,,
Texas,Jasper,30.91553,-93.98615,Budget Inn Jasper,1.0,"""We have been managing this property for over 8 years", we are an independent business with a goal to serve our customers to the fullest extent possible. Budget Inn Jasper features rooms in Jasper. This 1-star motel offers a 24-hour front desk.,,,,,
Texas,Jefferson,32.75835,-94.3549,Inn of Jefferson,3.0,"""Guests can take advantage of wireless internet access at this Jefferson", Texas hotel located less than 1 mile from The House of the Season.,,,,,
Texas,Jefferson,32.75187,-94.34904,Bed of Roses Bed and Breakfast,3.0,"""Bed of Roses Bed and Breakfast is located in Jefferson", 46 km from Longview. Complimentary continental breakfast is included.,,,,,
Texas,Jefferson,32.75632,-94.34523,Historic Kahn Hotel,5.0,"""Historic Kahn Hotel features accommodation in Jefferson. The property is non-smoking and is situated 22 km from Caddo Lake State Park.",,,,,,
Texas,Jefferson,32.76032,-94.35489,Executive Inn And Suites,1.0,"""Executive Inn and Suites Jefferson is located in Jefferson. Free WiFi access is available. Each room here will provide you with a TV and air conditioning. Private bathroom also comes with a bath or shower. Extras include a desk", bed linen and ironing facilities.,,,,,
Texas,Jewett,31.35288,-96.1527,Regency Inn Jewett,2.0,"""Located 13.2 km from Interstate 45", Regency Inn Jewett offers accommodation in Jewett.,,,,,
Texas,Jourdanton,28.91659,-98.54567,Rodeway Inn,4.0,"""Free Wi-Fi access is available at this Jourdanton motel. Pleasanton Municipal Airport is 3.5 miles away.",,,,,,
Texas,Junction,37.98475,-120.38373,Bradford Place Inn,3.0,"""Bradford Place Inn is located in Sonora. Free WiFi access is available. A made-to-order breakfast is included.",,,,,,
Texas,Junction,37.97891,-120.39029,The Gold Lodge,3.0,"""Located in California Gold Country", this Sonora motel is 1 hours drive away from Yosemite National Park.  It serves a daily continental breakfast featuring cereal, coffee and juice. Free Wi-Fi is provided in every guest room.,,,,
Texas,Junction,30.56129,-100.63905,Holiday Host Motel,1.0,"""Caverns of Sonora is within 10 miles of this motel.  Free Wi-Fi access and a free continental breakfast are provided.",,,,,,
Texas,Junction,30.49062,-99.77614,The Hills Motel,1.0,"""Located in central Texas", this motel is 15 minutes walk from the shores of Lake Junction. It features an outdoor pool, a playground, and free Wi-Fi access.,,,
Texas,Katy,29.78684,-95.74008,Palace Inn Katy,1.0,"""Located along Interstate 10", this motel is just 2 miles from Katy Mills Mall.  It features a daily continental breakfast and an on-site business centre. Guest rooms offer free Wi-Fi.,,,,,
Texas,Katy,29.87896,-95.68478,Palace Inn,2.0,"""Palace Inn-529 features air-conditioned rooms with satellite flat-screen TV in the Northwest Houston district of Hot Wells. This 2-star motel offers room service", a 24-hour front desk and free WiFi. Memorial Park, Houston is 33 km away and Constellation Field is 33 km from the motel.,,,,
Texas,Katy,29.77511,-95.81228,La Quinta Inn & Suites by Wyndham Katy,3.0,"""Situated in Katy and with CityCentre Plaza reachable within 26 km", La Quinta Inn & Suites Katy-Mills by Wyndham Katy features a fitness centre, non-smoking rooms, free WiFi throughout the property and a bar. This 3-star hotel offers a 24-hour front desk. Constellation Field is 34 km away and Smart Financial Centre is 36 km from the hotel.,,,
Texas,Kaufman,32.57263,-96.30505,Countryside Inn,1.0,"""Conveniently located off Highway 175 in Kaufman", Texas, this motel features free wireless internet access and rooms with a microwave and refrigerator. Canton Flea Market is 28 miles away.,,,,
Texas,Kemah,29.54307,-95.02042,Scottish Inn & Suites Kemah Boardwalk,3.0,"""This motel is located on the Kemah Boardwalk overlooking the marina", with close access to dining and entertainment.  This Kemah motel offers free Wifi.,,,,,
Texas,Kenedy,28.82911,-97.86276,Days Inn by Wyndham Kenedy,5.0,"""Lone Star Inn features accommodation in Kenedy.",,,,,,
Texas,Kenedy,28.81602,-97.849,FieldHouse Inn & Conference Center,2.0,"""FieldHouse Inn & Conference Center offers accommodation in Kenedy. Free private parking is available on site.",,,,,,
Texas,Kenedy,28.809,-97.85772,Luxury Inn & RV Park,5.0,"""Located in Kenedy", 2.3 km from Karnes County Airport, Luxury Inn features rooms with air conditioning. All rooms feature a flat-screen TV with satellite channels and a private bathroom. The property provides a barbecue, a 24-hour front desk, and free WiFi is available throughout the property.,,
Texas,Kenedy,28.8325,-97.8666,Southern Inn & Suites,3.0,"""Located 1 mile from Karnes County Airport", this Kenedy, TX motel offers a continental breakfast and rooms with free wireless internet access.,,,,
Texas,Kenedy,28.810935,-97.857587,Kenedy Country Inn,2.0,"""Located in Kenedy", Kenedy Country Inn is within a 5-minute drive of Kenedy Ball Park and St. Matthews Church.  This hotel is 6.3 mi (10.2 km) from Karnes City Square and 26.3 mi (42.4 km) from Yorktown Museum.,,,,,
Texas,Kerrville,30.066377,-99.116461,Econo Lodge Kerville,2.0,"""Welcome to the Econo Lodge", a Kerrville hotel near Shonto Ranch The Econo Lodge hotel in Kerrville is ideally located in the heart of Texas Hill Country. This Kerrville hotel is close to area attractions including Kerrville-Schreiner Park, Picture Safari at Shonto Ranch and the Museum of Western Art. Schreiner University is only three miles away. Visitors will enjoy a variety of outdoor recreational activities like horseback riding, bird watching, golfing and tennis. The Guadalupe River provides tubing, rafting and fishing. There are several restaurants, cocktail lounges and specialty shops in the surrounding area. Solid Gold is located on the premises.
Texas,Kerrville,29.9858,-99.1275,High Place,5.0,"""Situated in Kerrville", High Place features accommodation with a patio and free WiFi. The air-conditioned accommodation is 38 km from Comfort.,,,,,
Texas,Kerrville,30.04919,-99.13995,The Sleepy Side of Rails,5.0,"""The Sleepy Side of Rails is located in Kerrville and offers a restaurant", a bar and a garden. The air-conditioned accommodation is 39 km from Fredericksburg, and guests benefit from complimentary WiFi and private parking available on site.,,,,
Texas,Kilgore,32.38757,-94.86894,Deluxe Inn Kilgore,2.0,"""Less than 1 mile from Kilgore College and the East Texas Oil Museum", this Motel features free Wi-Fi and a TV with cable channels in every room.,,,,,
Texas,Killeen,31.07173,-97.35886,Great Western Inn,2.0,"""Red Roof Inn Temple is a 2-star property set in Temple. With a seasonal outdoor swimming pool", the 2-star motel has air-conditioned rooms with free WiFi, each with a private bathroom.,,,,
Texas,Killeen,38.2695372480083,-122.034436315298,Budget Inn - Fairfield,5.0,The Budget Inn  located a few miles away from Travis Air Force Base is a unique motel that offers recently remodelled rooms with granite counter tops  flat screen TVs  microwaves  mini refrigerators and free HBO. The Budget Inn also offers Apartments that rent by the week which are fully furnishe...,,,2259 North Texas Street FairfieldCA 94533 ,94533,,
Texas,Killeen,31.09385,-97.73592,Scottish Inns Killeen,3.0,"""Positioned 4 miles outside Fort Hood and 15 minutes drive from the Killeen Fort Hood Regional Airport", this Killeen motel features a rooms with free WiFi.,,,,,
Texas,Killeen,31.07667,-97.72061,Premium Inn and Suites,3.0,"""Just 10 minutes drive from Fort hood", this Killeen residence offers free Wi-Fi and cable TV in every room. The military sleep center in Killeen is 2 minutes drive away.,,,,,
Texas,Killeen,31.092,-97.676,Scottish Inn Killeen,2.0,"""Featuring free WiFi access", this Killeen motel is located 12 miles from Killeen-Fort Hood Regional Airport. Free WiFi access is available.,,,,,
Texas,Killeen,31.092964,-97.732483,Baymont Inn and Suites Killeen,2.0,"""Welcome to the Baymont Inn and Suites of Killeen We are conveniently located just off Highway 190 at the Trimmier Rd Exit. There are several restaurants and shopping close by. Enjoy our Baymont Breakfast Corner complimentary breakfast and Free Wireless Internet access.",,,,,,
Texas,Killeen,31.08864,-97.39197,Budget Inn Temple,2.0,"""Air-conditioned rooms with a microwave and refrigerator are standard in this motel located on Interstate 35 in Temple", Texas. The hotel has a 24-hour reception service and offers a continental breakfast.,,,,,
Texas,Killeen,31.11712,-97.86893,Days Inn Copperas Cove,2.0,"""This Days Inn by Wyndham Copperas Cove hotel features free wireless internet in every guest room.  The property is just 6 miles from Fort Hood.",,,,,,
Texas,Killeen,31.05579,-97.45174,Knights Inn Belton Temple,2.0,"""Knights Inn - Belton/Temple is situated in Belton", 11 km from Temple. Guests can enjoy the on-site bar.,,,,,
Texas,Killeen,31.09902,-97.7386,WoodSpring Suites Killeen,3.0,"""This Killeen hotel offers hotel conveniences such as room cleaning", while providing apartment style accommodations with a stove and full refrigerator.,,,,,
Texas,Killeen,31.0576,-97.44604,River Forest Inn,3.0,"""This Texas motel features rooms with microwaves and refrigerators. The hotel is located off Interstate 35 on the edge of downtown Belton", which features shopping and dining.,,,,,
Texas,Killeen,31.11625,-97.72509,Motel 7,5.0,"""Set in Killeen", 7 km from Fort Hood, Motel 7 offers rooms with air conditioning. Among the facilities at this property are a 24-hour front desk and room service, along with free WiFi throughout the property.,,,
Texas,Killeen,31.13695,-97.760635,Candlewood Suites Bldg 144 On Fort Hood,5.0,,,,Bldg 144 761st Tank BattalionFort HoodTexas ,76544,2545328233,http://www.ihg.com/armyhotels/hotels/us/en/fort-ho
Texas,Killeen,31.11673,-97.72534,Sunrise Inn,2.0,"""Situated in Killeen", within 7 km of Fort Hood and 2.8 km of Jefferies Park, Sunrise Inn provides free WiFi. All rooms boast a TV with cable channels and a private bathroom. The accommodation offers a 24-hour front desk.,,,,
Texas,Killeen,31.11924,-97.73666,Friendship Inn Killeen Fort Hood,2.0,"""This Killeen motel offers guest rooms with free Wi-Fi and free on-site parking.",,,,,,
Texas,Killeen,31.09135,-97.67145,Heights Inn,2.0,"""Heights Inn is located in Harker Heights. Free Wi-Fi access is available.",,,,,,
Texas,Killeen,31.09364,-97.72551,Executive Inn & Suites,2.0,"""9 km from Fort Hood", Executive Inn & Suites is located in Killeen and features air-conditioned rooms. Featuring a garden, the property is located within 3.7 km of Jefferies Park. The property is 8 km from Kern Park.,,,,
Texas,Killeen,31.10834,-97.71615,High Five Inn,1.0,"""Featuring free WiFi access and 24-hour front desk service", this Killeen motel is just 16 km from Killeen-Fort Hood Regional Airport.,,,,,
Texas,Killeen,31.11987,-97.88551,Relax Inn Copperas Cove,1.0,"""Featuring free Wi-Fi and an outdoor pool", this motel is located just off US Highway 190 in Copperas Cove, Texas.,,,,
Texas,Killeen,31.12072,-97.88053,Luxury Inn and Suites Copperas Cove,1.0,"""Copperas Cove Municipal Golf Course is just 1 mile from this motel. It serves free morning coffee and offers colourful rooms with free Wi-Fi and cable TV with HBO.",,,,,,
Texas,Killeen,31.08338,-98.16729,Markward Manor Bed and Breakfast Inn,5.0,"""Set in Lampasas", Markward Manor Bed and Breakfast Inn offers accommodation with free WiFi, air conditioning and access to a garden.,,,,
Texas,Killeen,30.94301,-97.5386,Stagecoach Inn,3.0,"""Shady Villa Hotel has an outdoor swimming pool", garden, a restaurant and bar in Salado. This 3-star hotel offers a 24-hour front desk. The hotel features both free WiFi and free private parking.,,,,
Texas,Killeen,31.11495,-97.73229,Lone Star Inn & Suites,5.0,"""Set in Killeen", 16 km from Fort Hood, Lone Star Inn & Suites offers accommodation with free WiFi and free private parking. The motel features family rooms.,,,,
Texas,Killeen,31.09212,-97.67523,Day N Night Inn,1.0,"""Situated in Killeen", within 13 km of Fort Hood and 1.4 km of Kern Park, Day N Night Inn features accommodation with barbecue facilities and free WiFi as well as free private parking for guests who drive.,,,,
Texas,Killeen,31.08081,-97.36683,Home2 Suites By Hilton Temple,3.0,"""Home2 Suites By Hilton Temple is a 3-star property located in Temple. Featuring an outdoor swimming pool", the 3-star hotel has air-conditioned rooms with free WiFi, each with a private bathroom. The hotel provides a barbecue and a 24-hour front desk.,,,,
Texas,Killeen,31.06867,-97.66638,Hampton Inn Harker Heights,5.0,"""Set in Harker Heights", Texas region, Hampton Inn Harker Heights is located 25 km from Fort Hood.,,,,
Texas,Kingsville,27.34361,-97.82672,Riviera Inn and Suites,2.0,"""The Riviera Inn and Suites is 10 miles from Hays Lake and 5 miles from Riviera city centre. This hotel offers free WiFi in all rooms.",,,,,,
Texas,Kingsville,27.48476,-97.84978,Rodeway Inn Kingsville,2.0,"""The Knights Inn Kingsville is located close to Texas A&M University-Kingsville. This hotel is minutes from the King Ranch Museum", the Naval Air Station Kingsville and Baffin Bay. The Corpus Christi International Airport is about 30 minutes away.,,,,,
Texas,Kingsville,27.74238,-98.08452,Scottish Inns Alice,2.0,"""Free WiFi is featured at this Alice", Texas motel. Alice Municipal Golf Course is 5 minutes drive away.,,,,,
Texas,Kingsville,27.50339,-97.85612,Economy Inn Kingsville,2.0,"""This Kingsville Economy Inn is 4.8 km from Texas A&M University-Kingsville. King Ranch", known as the birthplace of the American Ranching Industry. Features include free WiFi and free private parking on site.,,,,,
Texas,Kingsville,27.50981,-97.85543,Budget Inn,5.0,"""Budget inn is located in Kingsville. The motel also provides free WiFi and free private parking.",,,,,,
Texas,Kingsville,27.74401,-98.08424,Alice Motor Inn,5.0,"""Situated in Alice", 15 km from San Diego County Courthouse, Alice Motor Inn features accommodation with free WiFi and free private parking. The accommodation provides room service and a 24-hour front desk for guests.,,,,
Texas,Kountze,30.37389,-94.31374,Relax Inn Motel Kountze,2.0,"""20 minutes drive from Big Thicket National Preserve in Kountze", Texas, this motel offers rooms with free Wi-Fi and TVs with premium cable channels.  Silsbee city centre is 10 miles away.,,,,
Texas,Kyle,30.04737,-97.93861,Sage Hill Inn & Spa,5.0,"""Located in Kyle", 31 km from Austin, Sage Hill Inn & Spa features air-conditioned rooms with free WiFi throughout the property. The inn has a year-round outdoor pool, terrace and sun terrace, and guests can enjoy a meal at the restaurant.,,
Texas,,29.67313,-95.02839,Plaza,2.0,The Plaza Hotel-La Porte is an elegant interior corridor hotel which is just minutes away from the oil refineries Cruise Line Terminal San Jacinto Monument Kemah Boardwalk Battlefield of Texas and NASA Johnson Space Center. All of our rooms are furnished with king or queen size beds marble vanity bathrooms work area free high speed internet cable TV hairdryers and irons with ironing boards microwaves refrigerators and all the comfort of a first class hotel. The Port Cafe will delight you with its famous Homemade Cooking Flavor.,ATM 24 Hour Front Desk Air Conditioned Restaurant RV/Truck Parking Free self parking Housekeeping Self Laundry Pets Not Allowed,Distances are calculated in a straight line from the property&apos;s location to the point of interest or attraction  and may not reflect actual travel distance. &lt;br /&gt;&lt;br /&gt; Distances are displayed to the nearest 0.1 mile and kilometer. &lt;p&gt;Sylvan Beach Park - 2.7 km / 1.7 mi &lt;br /&gt;Evergreen Point Golf Club - 7.5 km / 4.7 mi &lt;br /&gt;San Jacinto Community College - 8.4 km / 5.2 mi &lt;br /&gt;Pasadena Convention Center &amp; Fairgrounds - 8.6 km / 5.4 mi &lt;br /&gt;Baytown Nature Center - 9.1 km / 5.6 mi &lt;br /&gt;El Jardin Del Mar - 9.3 km / 5.8 mi &lt;br /&gt;Armand Bayou Nature Center - 9.4 km / 5.8 mi &lt;br /&gt;San Jacinto Monument and Museum of History - 9.8 km / 6.1 mi &lt;br /&gt;San Jacinto Monument - 9.9 km / 6.2 mi &lt;br /&gt;Battleship Texas - 10.6 km / 6.6 mi &lt;br /&gt;Goose Creek Country Club - 11 km / 6.8 mi &lt;br /&gt;IT&apos;z - 12 km / 7.5 mi &lt;br /&gt;University of Houston - Clear Lake - 12 km / 7.5 mi &lt;br /&gt;Pirates Bay Water Park - 13.2 km / 8.2 mi &lt;br /&gt;Kemah Boardwalk - 14 km / 8.7 mi &lt;br /&gt;&lt;/p&gt;&lt;p&gt;The nearest airports are:&lt;br /&gt;Houston  TX (EFD-Ellington Field) - 15.5 km / 9.6 mi&lt;br /&gt;Houston  TX (HOU-William P. Hobby) - 24.1 km / 15 mi&lt;br /&gt;&lt;/p&gt;&lt;p&gt;The preferred airport for Plaza Hotel is Houston  TX (HOU-William P. Hobby). &lt;/p&gt;,904 West Barbours Cut Boulevard La PorteTexas 77571 ,77571,,
Texas,Lakeway,30.34781,-97.96689,La Quinta Inn & Suites by Wyndham Lakeway,3.0,"""La Quinta Inn & Suites by Wyndham Lakeway features a fitness centre", shared lounge, a restaurant and bar in Lakeway. Among the facilities at this property are a 24-hour front desk and an ATM, along with free WiFi throughout the property. The property is allergy-free and is located 30 km from Austin Convention Center.,,,
Texas,Lakeway,30.33181,-97.96889,SpringHill Suites by Marriott Austin West/Lakeway,3.0,"""Located in Lakeway", 28 km from Austin Convention Center, SpringHill Suites by Marriott Austin West/Lakeway provides accommodation with a fitness centre, private parking, a shared lounge and a terrace. This 3-star hotel offers a 24-hour front desk and a business centre. The property is non-smoking and is situated 29 km from Capitol Building.,,
Texas,Lakeway,30.37505,-97.98221,Hill Country Lake Home,5.0,"""Located in Lakeway", Hill Country Lake Home provides accommodation with a patio and free WiFi. The accommodation is 44 km from Wimberley.,,,,,
Texas,Lakeway,30.37522,-97.98196,Challenger Holiday Home,5.0,"""Located 26 km from Austin and 33 km from Round Rock", Challenger Holiday Home Home offers accommodation in Lakeway. Guests benefit from terrace.,,,,,
Texas,Lakeway,30.37358,-97.98813,Lake House Lake Travis,5.0,"""Set in Point Venture in the Texas region", Lake House - Lake Travis features a garden. The air-conditioned accommodation is 44 km from Del Valle.,,,,,
Texas,Lakeway,30.38069,-97.95857,The Nest on Lake Travis,5.0,"""The Nest on Lake Travis is set in Buffalo Gap", 35 km from University of Texas at Austin, 36 km from Capitol Building, as well as 36 km from Frank Erwin Center - University of Texas. The accommodation is 34 km from the Austin Convention Center and features free WiFi throughout the property.,,,
Texas,Lakeway,30.38069,-97.95857,The Perch on Lake Travis,5.0,"""The Perch on Lake Travis is situated in Buffalo Gap", 35 km from University of Texas at Austin, 36 km from Capitol Building, and 36 km from Frank Erwin Center - University of Texas. The accommodation is 34 km from the Austin Convention Center and has free WiFi throughout the property.,,,
Texas,Lakeway,30.38039,-97.95841,The Lookout Stewart Cove,5.0,"""The Lookout - Stewart Cove is located in Buffalo Gap", 35 km from University of Texas at Austin, 36 km from Capitol Building, and 36 km from Frank Erwin Center - University of Texas. The accommodation is 34 km from the Austin Convention Center and features free WiFi throughout the property.,,,
Texas,Lamesa,32.75886,-101.94598,Southern Inn & Suites Lamesa,3.0,"""Southern Inn & Suites Lamesa is a 3-star property situated in Lamesa. This 3-star hotel offers a 24-hour front desk. There is a barbecue and guests can make use of free WiFi and free private parking.",,,,,,
Texas,Lampasas,31.08338,-98.16729,Markward Manor Bed and Breakfast Inn,5.0,"""Set in Lampasas", Markward Manor Bed and Breakfast Inn offers accommodation with free WiFi, air conditioning and access to a garden.,,,,
Texas,Lancaster,32.6051544565567,-96.8221771717072,Spanish Trails Inn,5.0,"""PROPERTY TYPE",,,,,,
Texas,Lancaster,32.5998,-96.822,HWY Express Inn and Suites,2.0,,,,930 North Interstate 35 East I-35E & Beltline RoadLancasterDallas ,75146,,http://www.hotelscombined.com/Hotel/Hwy_Express_In
Texas,Lancaster,32.63349,-96.82187,Mainstay Suites Lancaster Dallas South,3.0,"""Featuring 3-star accommodation", MainStay Suites Lancaster Dallas South is set in Lancaster, 13 km from Dallas Zoo and 18 km from Sixth Floor Museum. With an outdoor swimming pool, the 3-star hotel has air-conditioned rooms with free WiFi, each with a private bathroom. The hotel offers a barbecue and a 24-hour front desk.,,
Texas,Laredo,27.54633,-99.5057,La Hacienda Hotel,2.0,"""La Hacienda Hotel in Laredo features 2-star accommodation with a bar. Featuring an outdoor swimming pool", the 2-star hotel has air-conditioned rooms with free WiFi, each with a private bathroom. There is a restaurant serving American cuisine, and free private parking is available.,,,
Texas,Laredo,27.500941285408,-99.513267754631,Rio Grande Plaza Hotel,3.0,HotelDescription#This charming $hotel. getTypeHotel() is situated in Laredo. Rio Grande Plaza Hotel features a total of 207 guests rooms. This $hotel. getTypeHotel() does not accept pets.,,,1 South Main Avenue LaredoTX 78040 ,78040,,
Texas,Laredo,27.54563,-99.50471,Super 8 by Wyndham Laredo,5.0,"""Super 8 by Wyndham Laredo is offering accommodation in Laredo.",,,,,,
Texas,Laredo,27.54549,-99.50443,Baymont by Wyndham Laredo,2.0,"""Baymont by Wyndham Laredo is a 2-star property set in Laredo. Featuring an outdoor swimming pool", this 2-star inn has air-conditioned rooms with a private bathroom. The accommodation offers a shared lounge and a 24-hour front desk for guests.,,,,,
Texas,Lewisville,33.01863,-96.98398,La Quinta Inn Dallas Lewisville,3.0,"""La Quinta Inn & Suites by Wyndham Lewisville is located in Lewisville. Featuring a bar", this 3-star hotel has air-conditioned rooms with a private bathroom.,,,,,
Texas,Lewisville,33.01582,-96.98435,InTown Suites DFW Airport,2.0,"""This Dallas area motel offers all-suite accommodations with a large HDTV and premium channels from Showtime", just 10 miles from Dallas/Fort Worth International Airport.,,,,,
Texas,Lewisville,33.0269,-96.9904,Super 8 Motel - Lewisville/DFW Airport/North,2.0,,,,1305 Stemmons Freeway LewisvilleTX 75067 ,75067,,
Texas,Liberty,39.63097,-84.22372,InTown Suites Dayton,2.0,"""Located within 16 km of Dayton Convention Center and 17 km of Benjamin and Marian Schuster Performing Arts Center", InTown Suites Extended Stay Select Dayton OH provides rooms with air conditioning and a private bathroom in Dayton. The property is set 17 km from Dayton Visual Arts Center, 17 km from Baujan Field and 17 km from Dayton Motor Car Company Historic District. Private parking can be arranged at an extra charge.,,,,
Texas,Liberty,29.84144,-94.64532,Palace Inn,2.0,"""Located off Interstate 10", Lake Anahuac is less than 15 minutes drive from the property. Features of the hotel include free Wi-Fi and a free hot breakfast.,,,,,
Texas,Liberty,39.84334,-84.19138,Drury Inn & Suites Dayton North,3.0,"""Off Interstate I-75", this hotel boasts free Wi-fi, an indoor-outdoor pool and rooms with a flat-screen cable TV. Dayton International Airport is 8 minutes drive away.,,,,
Texas,Liberty,30.05694,-94.77249,Luxury Inn Liberty,3.0,"""Just off Route 90", this hotel is 4 miles east of downtown Liberty, Texas.   It offers guest rooms with free Wi-Fi and a  flat-screen LCD TV.,,,,
Texas,Liberty,30.05693,-94.79086,Travelers Inn and Suites Liberty,1.0,"""This downtown Liberty", Texas hotel features has rooms with refrigerators and free Wi-Fi. The Travelers Inn and Suites Liberty serves a daily continental breakfast and is 6 miles from Liberty Municipal Airport.,,,,,
Texas,Liberty,39.75669,-84.18547,Inn Port D'Vino,5.0,"""Located in Dayton in the Ohio region", with Dayton Convention Center and Dayton Visual Arts Center nearby, Inn Port DVino provides accommodation with free WiFi and free private parking, as well as access to a hot tub.,,,
Texas,Liberty,30.04226,-94.89325,Executive Inn,5.0,"""This", Dayton accommodation serves its guests with a 24-hour front desk and free wireless internet throughout the property.,,,,,
Texas,Liberty,30.04882,-94.88357,Summit Inn,1.0,"""Set in Dayton", 34 km from Houston Raceway Park, Summit Inn offers accommodation with free WiFi and free private parking. The property is around 49 km from Houston Motorsports Park, 43 km from Redstone Golf Club and 43 km from San Jacinto Monument and Museum of History. The property is located 4 km from Cypress Lake and 5 km from City Park.,,,
Texas,Liberty,39.84937,-84.19556,Holiday Inn Express & Suites Dayton North,5.0,"""Set in Dayton", 11 km from RiverScape, Holiday Inn Express & Suites Dayton North - Vandalia, an IHG Hotel offers accommodation with a fitness centre, free private parking and a shared lounge. Featuring luggage storage space, this property also provides guests with a sun terrace. The hotel features an indoor pool, a 24-hour front desk and free WiFi throughout the property.
Texas,Livingston,30.51259,-94.98761,Hometowner Inn & Suites,1.0,"""Free WiFi is among the convenient amenities offered at this Shepherd", Texas motel. Sam Houston National Forest is 25 minutes drive away.,,,,,
Texas,Llano,30.75431,-98.6742,Dabbs Railroad Hotel,,"""Located in Llano", 37 km from Enchanted Rock State Natural Area, Dabbs Hotel provides accommodation with a shared lounge, free private parking and a terrace. Certain rooms at the property include a balcony with a river view.,,,
Texas,Llano,30.75932,-98.68335,Lone Star Inn Llano,2.0,"""Llano Municipal Airport is 3 miles from this Texas hotel.  This pet-friendly hotel features free Wi-Fi access in all guest rooms.",,,,,,
Texas,Llano,30.57627,-98.46835,The Vineyard B&B at Lost Creek Ranch,5.0,"""Situated in Kingsland", 31 km from Marble Falls, The Vineyard B&B at Lost Creek Ranch features a restaurant and free WiFi.,,,,
Texas,Llano,30.75073,-98.67345,Mustard Seed B&B on the Llano,3.0,"""Situated 37 km from Enchanted Rock State Natural Area", Mustard Seed Bed and Breakfast on the Llano offers free bikes, a garden and accommodation with a patio and free WiFi.,,,,
Texas,Llano,30.74817,-98.66896,At Nana's Guest House,5.0,"""At Nanas Guesthouse is situated in Llano", within a 10-minute walk of historic Courthouse Square. Free private parking is available on site.,,,,,
Texas,Llano,30.74895,-98.67063,Sandstone Street Bed And Breakfast,5.0,"""With a garden and a shared lounge", Sandstone Street Bed and Breakfast features free WiFi and is situated in Llano, 37 km from Enchanted Rock State Natural Area.,,,,
Texas,Llano,30.75974,-98.65876,Texas T Bed & Breakfast,5.0,"""Set in Llano in the Texas region", Texas T Bed and Breakfast has a patio and mountain views. The air-conditioned accommodation is 39 km from Enchanted Rock State Natural Area, and guests benefit from private parking available on site and free WiFi.,,,,
Texas,Longview,32.16638,-94.78585,Woodlawn Hills Motel,2.0,"""This Henderson", Texas motel offers free wireless internet and is only 2 miles from Henderson city centre.,,,,,
Texas,Longview,32.50426,-94.71843,Majestic Inn,2.0,"""This hotel is located 3 miles from Maude Cobb Center/Longview Fairgrounds. It features rooms with free Wi-Fi.",,,,,,
Texas,Longview,32.75835,-94.3549,Inn of Jefferson,3.0,"""Guests can take advantage of wireless internet access at this Jefferson", Texas hotel located less than 1 mile from The House of the Season.,,,,,
Texas,Longview,32.44841,-94.72261,Express Inn,3.0,"""This Longview", Texas motel is pet-friendly.  The property is located 2 miles from Lake Letourneau.,,,,,
Texas,Longview,32.75187,-94.34904,Bed of Roses Bed and Breakfast,3.0,"""Bed of Roses Bed and Breakfast is located in Jefferson", 46 km from Longview. Complimentary continental breakfast is included.,,,,,
Texas,Longview,32.38757,-94.86894,Deluxe Inn Kilgore,2.0,"""Less than 1 mile from Kilgore College and the East Texas Oil Museum", this Motel features free Wi-Fi and a TV with cable channels in every room.,,,,,
Texas,Longview,32.75632,-94.34523,Historic Kahn Hotel,5.0,"""Historic Kahn Hotel features accommodation in Jefferson. The property is non-smoking and is situated 22 km from Caddo Lake State Park.",,,,,,
Texas,Longview,32.50397,-94.7679,Sunset Inn Longview,1.0,"""Sunset Inn Longview is a 1-star property set in Longview. The 1-star motel has air-conditioned rooms with a private bathroom and free WiFi.",,,,,,
Texas,Longview,32.76032,-94.35489,Executive Inn And Suites,1.0,"""Executive Inn and Suites Jefferson is located in Jefferson. Free WiFi access is available. Each room here will provide you with a TV and air conditioning. Private bathroom also comes with a bath or shower. Extras include a desk", bed linen and ironing facilities.,,,,,
Texas,Longview,32.53466,-94.35014,Texas Inn Motel,1.0,"""Texas Inn Motel is a 1-star property situated in Marshall. The property features a 24-hour front desk and free WiFi is available throughout the property.",,,,,,
Texas,Longview,32.1679,-94.78474,Budget Inn,5.0,"""Budget Inn is offering accommodation in Henderson.",,,,,,
Texas,Longview,32.4906,-94.75755,Studio 6 Longview,2.0,"""Studio 6-Longview", TX is a 2-star property located in Longview. This 2-star hotel offers a 24-hour front desk. Guests can have a drink at the snack bar.,,,,,
Texas,Longview,32.54203,-94.72621,Tru by Hilton Longview,3.0,"""Located in Longview", Tru By Hilton Longview offers 3-star accommodation with a shared lounge. With a fitness centre, the 3-star hotel has air-conditioned rooms with free WiFi, each with a private bathroom. Guests can have a drink at the snack bar.,,,
Texas,Longview,32.44831,-94.7078,Hampton Inn Longview,5.0,"""Hampton Inn Longview is located in Longview.",,,,,,
Texas,Lubbock,33.57745,-101.87477,Woodrow House Bed & Breakfast,5.0,"""Located about 2 miles off Interstate 27", this Lubbock, Texas B&B offers a daily breakfast and individually decorated rooms with free Wi-Fi and a private bathroom.  Texas Tech University is across the street.,,,,
Texas,Lubbock,33.55029,-101.85454,Rodeway Inn,2.0,"""This Lubbock motel is 5 miles from Texas Tech University and South Plains Mall. It features an outdoor pool and spacious rooms with free Wi-Fi and a refrigerator.",,,,,,
Texas,Lubbock,33.58697,-101.85545,Rodeway Inn,2.0,"""Raider Inn hotel in Lubbock is ideally located near Texas Tech University", the Lubbock Preston Smith International Airport, Buffalo Springs Lake and Texas Instruments. Close to the hotel is also the Buddy Holly Center.,,,,
Texas,Lubbock,34.21173,-101.73792,Reddy Hotel,3.0,"""This hotel is just off Interstate 27 and 7 minutes drive from downtown Plainview. It features cable TV with HBO", free WiFi, and an on-site bar, Mikes Sports Bar.,,,
Texas,Lubbock,33.19116,-101.37551,Hotel Garza,5.0,"""Built in 1915", this historic bed and breakfast is located in the Post, Texas city centre, next to the Garza Theatre. A hot, country-style breakfast is served every morning.,,
Texas,Lubbock,33.61217,-101.88399,Tech Inn,2.0,"""Tech Inn features air-conditioned rooms in Lubbock. The property is situated 3.9 km from Jones AT&T Stadium. The accommodation offers a 24-hour front desk and free WiFi.",,,,,,
Texas,Lubbock,33.18108,-102.25966,Crystal Palace Inn Brownfield,1.0,"""Free WiFi and an on-site restaurant are featured at this Brownfield", Texas motel. Terry County Airport is 5 minutes drive away.,,,,,
Texas,Lubbock,33.18313,-102.27437,Budget Inn Of Brownfield,5.0,"""Budget Inn of Brownfield is offering accommodation in Brownfield. The motel also offers free WiFi and free private parking.",,,,,,
Texas,Lubbock,34.18396,-101.72698,Budget Inn Plainview,2.0,"""Situated across from Wayland Baptist University", this Plainview motel offers its guests rooms with wireless internet access.,,,,,
Texas,Lubbock,33.56826,-101.94801,Aloft Lubbock,5.0,"""Set in Lubbock", 8.7 km from Jones AT&T Stadium, Aloft Lubbock offers accommodation with free bikes, free private parking, a fitness centre and a bar. Among the facilities at this property are a 24-hour front desk and a concierge service, along with free WiFi throughout the property. Guests can have a drink at the snack bar.,
Texas,Lubbock,33.6062,-101.9466,Homestead House In Shadow Hills Golf Course Division Home,5.0,"""Located in Lubbock in the Texas region", Homestead House - In Shadow Hills Golf Course Division Home has a patio. The air-conditioned accommodation is 8.4 km from Jones AT&T Stadium, and guests benefit from complimentary WiFi and private parking available on site.,,,,
Texas,Lubbock,34.18513,-101.719,Presidents House B & B,5.0,"""Presidents House B & B has garden views", free WiFi and free private parking, set in Plainview.,,,,
Texas,Lufkin,31.33927,-94.71686,Lufkin Inn,2.0,"""Featuring an on-site restaurant and lounge", this Lufkin motel offers accommodation with free Wi-Fi, less than 1 mile from Museum of East Texas.,,,,
Texas,Luling,29.49999,-97.44921,Belle Oaks Inn,5.0,"""Boasting a swimming pool", a garden, a terrace and views of the garden, Belle Oaks Inn is situated in Gonzales and features accommodation with free WiFi.,,,
Texas,Luling,29.67409,-97.63086,Coachway Inn,3.0,"""Free Wi-Fi access is available at this Luling", Texas motel. It is located just off US Highway 90, two kilometers from Interstate 10.,,,,
Texas,Luling,29.50332,-97.45216,The Alcalde Hotel & Grill,3.0,"""The Alcalde Hotel by OYO is located in Gonzales. Free WiFi access is available.",,,,,,
Texas,Luling,29.52364,-97.44167,The Texas Lodge,2.0,"""In town for the night or needing an extended stay. The Texas Lodge is your perfect choice to meet your accommodation needs. Each spacious guest room features your preference of one king or two queen beds and comes standard with free Internet access/wi-fi", a flat-screen TV with cable and all the conveniences of home, including coffeemaker, iron and ironing board and front door parking. Offering outdoor pool and a complimentary breakfast, The Texas Lodge is located in Gonzales. Free Wi-Fi access is available.,,
Texas,Luling,29.50356,-97.44966,Boothe House Bed and Breakfast,3.0,"""With a garden and a terrace", Boothe House Bed and Breakfast is situated in Gonzales and provides free WiFi.,,,,,
Texas,Luling,29.68128,-97.65762,Luling Inn,1.0,"""OYO Hotel Luling TX Downtown I-10/US-90 motel provides air-conditioned and is 25 miles from San Marcos", TX.  It offers guest rooms with Wi-Fi access.,,,,,
Texas,Lumberton,30.18718,-94.15999,Book Nook Inn,5.0,"""This Lumberton", Texas Inn is located 15 miles from Lamar University, about an hours drive outside Houston.  The property features a well-stocked fishing pond and daily breakfast offerings.,,,,
Texas,Magnolia,30.21357,-95.75405,Magnolia Inn And Suites,1.0,"""This Magnolia", Texas motel features a year round outdoor pool and hot tub, serves a daily continental breakfast and offers comfortable suites with free Wi-Fi.  Magnolia Stadium is 4 minutes drive away.,,,,
Texas,Magnolia,30.25624,-95.70193,Red Caboose Farm Bed & Breakfast,3.0,"""Situated in Magnolia", Red Caboose Farm Bed & Breakfast features free WiFi, and guests can enjoy a garden and a terrace.,,,,
Texas,Marfa,29.8618,-104.33351,Cibolo Creek Ranch,3.0,"""Situated on 30",000 acres of land in the Chinati and Ciénega Mountains of the Big Bend, this resort offers guests the unique opportunity to stay in restored 19th century adobe forts. Massages can be enjoyed at the on-site spa, and tours to the surrounding mountains and countryside can be arranged at the resort.,,,
Texas,Marfa,30.31078,-104.00994,Riata Inn Marfa,2.0,"""Located in Marfa", 41 km from Alpine Amtrak Station, Riata Inn - Marfa provides accommodation with free WiFi and free private parking. The motel features family rooms.,,,,
Texas,Marlin,31.32173,-96.88458,Relax Inn Marlin,2.0,"""Located just off Highway 6 and less than 2 miles from downtown Marlin", this motel features free Wi-Fi and parking right outside the door of each room.,,,,,
Texas,Marshall,32.53466,-94.35014,Texas Inn Motel,1.0,"""Texas Inn Motel is a 1-star property situated in Marshall. The property features a 24-hour front desk and free WiFi is available throughout the property.",,,,,,
Texas,McAllen,26.15504,-97.96771,Vali Ho Motel,2.0,"""Vali Ho Motel By OYO Weslaco Mercedes is located in Weslaco. Free Wi-Fi access is available.",,,,,,
Texas,McAllen,26.189445,-98.226755,Pear Tree Inn McAllen,3.0,This 2 star hotel is located close to the airport of Mcallen.,Elevator/lift Coffee/tea in lobby Safe-deposit box at front desk Accessible parking Laundry facilities Complimentary reception 24-hour front desk Accessible path of travel Business center Free breakfast Dry cleaning/laundry service Free self parking Complimentary newspapers in lobby Pets allowed Number of floors - 3 Outdoor pool Total number of rooms - 91 Free Wi-Fi Television in lobby In-room accessibility Express check-out,Distances are calculated in a straight line from the property&apos;s location to the point of interest or attraction  and may not reflect actual travel distance. &lt;br /&gt;&lt;br /&gt; Distances are displayed to the nearest 0.1 mile and kilometer. &lt;p&gt;McAllen Medical Center - 0.3 km / 0.2 mi &lt;br /&gt;Rio Grande Regional Hospital - 0.4 km / 0.3 mi &lt;br /&gt;La Plaza Mall - 1 km / 0.6 mi &lt;br /&gt;Quinta Mazatlan - 1.4 km / 0.9 mi &lt;br /&gt;Chase Texas Tower - 1.5 km / 0.9 mi &lt;br /&gt;McAllen Heritage Center - 1.6 km / 1 mi &lt;br /&gt;Cine El Rey Theatre - 1.8 km / 1.1 mi &lt;br /&gt;McAllen Chamber of Commerce - 1.8 km / 1.1 mi &lt;br /&gt;Fireman&apos;s Park - 1.8 km / 1.1 mi &lt;br /&gt;Douglas Clark Sculpture Studio - 2.5 km / 1.5 mi &lt;br /&gt;Nuevo Santander Gallery - 2.5 km / 1.6 mi &lt;br /&gt;The Zone Action Park - 2.6 km / 1.6 mi &lt;br /&gt;Palm View Golf Course - 3.6 km / 2.3 mi &lt;br /&gt;McAllen Convention Center - 3.7 km / 2.3 mi &lt;br /&gt;Smitty&apos;s Juke Box Museum - 4.2 km / 2.6 mi &lt;br /&gt;&lt;/p&gt;&lt;p&gt;The nearest airports are:&lt;br /&gt;McAllen  TX (MFE-Miller Intl.) - 1.6 km / 1 mi&lt;br /&gt;Reynosa  Tamaulipas (REX-General Lucio Blanco Intl.) - 19.7 km / 12.2 mi&lt;br /&gt;&lt;/p&gt;&lt;p&gt;The preferred airport for Pear Tree Inn McAllen is McAllen  TX (MFE-Miller Intl.). &lt;/p&gt;,300 West Expressway 83 78501 Mcallen McAllenTX 78501 ,78501,9566824900,
Texas,McAllen,26.28257,-98.16539,Edinburg Executive Inn,3.0,"""Located off Highway 281", this hotel is an 8-minute drive from University of Texas-Pan American.  It features an outdoor swimming pool and a picnic area.  Guest rooms offer free Wi-Fi.,,,,,
Texas,McAllen,26.18936,-98.22665,Drury Inn & Suites McAllen,3.0,"""Only a 30 minutes drive from the Santa Ana Wildlife Refuge", this hotel offers an outdoor pool and whirlpool. Free Wi-Fi is also included.,,,,,
Texas,McAllen,26.17928838,-98.03971543,Super 8 by Wyndham Donna,2.0,* Conveniently located between Mcallen and Harlingen * Easy on and off access from Hwy 83 * Free SuperStart Breakfast * Beautiful Outdoor Swimming Pool * Sorry NO pets * Complimentary 24 Hours Coffee service * Business center * Ample Truck and Bus Parking * 24 Hour Front Desk * Guest Laundry services * Ice and Vending Machines * Free High Speed Internet access * Friendliest staff in town,Hotel TV Desk Laundry service Air conditioning in public areas Meeting room Business centre Fax Breakfast Wyndham - Count on us,McAllen                     : within 15000 metre ,2005 East Expressway 83 Donna ,78537,,
Texas,McAllen,26.28437,-98.16713,Echo Hotel & Conference Center,3.0,"""Echo Hotel & Conference Center has a restaurant", outdoor swimming pool, a bar and shared lounge in Edinburg. With a garden, the property also features barbecue facilities. The accommodation features evening entertainment and room service.,,,
Texas,McAllen,26.20133,-98.21712,Aloha Inn,2.0,"""Situated 2 miles from La Plaza Mall", this McAllen motel features an outdoor swimming pool and a 24-hour front desk.,,,,,
Texas,McAllen,26.28321,-98.25091,Texan Guest Ranch,5.0,"""Located in McAllen", Texan Guest Ranch offers accommodation with a hot tub. Free WiFi is offered.,,,,,
Texas,McAllen,26.2636,-98.17197,Home2 Suites by Hilton Edinburg TX,3.0,"""Home2 Suites By Hilton Edinburg is a 3-star property situated in Edinburg. Featuring a fitness centre", the 3-star hotel has air-conditioned rooms with free WiFi. The hotel has an indoor pool and a 24-hour front desk.,,,,,
Texas,McCamey,31.13651,-102.22302,La Bonita Inn & Suites,3.0,"""Featuring free Wi-Fi and cable TV in each room", this McCamey motel is a 5 minutes drive from Upton County Airport.,,,,,
Texas,McGregor,31.434705,-97.412401,Lighthouse Bed and Breakfast,3.0,This property is conveniently situated in Lumberton . The establishment is wheelchair-accessible. The on-site car park may be useful to those arriving by car. Check-out is at . This establishment allows pets. Large pets are allowed on the premises.,NO Connecting rooms Hotel Visa NO Disability-friendly bathroom NO Wheelchair-accessible NO Smoking rooms NO Small pets allowed (under 5 kg) NO Large pets allowed (over 5 kg) NO Car park NO Garage,,S. Harrison St. 421 76657 1562 Lumberton McGregorTexas 76657-1562 ,,2547524400,http://www.thelighthousebandb.com/
Texas,McKinney,33.23574,-96.63184,WoodSpring Suites McKinney,2.0,"""WoodSpring Suites McKinney is located in McKinney. Free WiFi access is available. Each room here will provide you with a 32-inch flat-screen TV with cable and premium channels", air conditioning and a seating area.,,,,,
Texas,McKinney,33.21323,-96.66046,Fairfield by Marriott Inn & Suites Dallas McKinney,3.0,"""Situated in McKinney", 27 km from Historic Downtown Plano, Fairfield by Marriott Inn & Suites Dallas McKinney features accommodation with a seasonal outdoor swimming pool, free private parking, a fitness centre and a shared lounge. This 3-star hotel offers a 24-hour front desk and a business centre. The property is non-smoking and is set 49 km from Gerald J. Ford Stadium.,,
Texas,McKinney,33.13824,-96.70767,Urbanliving at Craigranch Mckinney,5.0,"""Urbanliving at Craigranch Mckinney is set in McKinney. The air-conditioned accommodation is 12 km from Frisco.",,,,,,
Texas,Memphis,34.73886,-100.5476,Budget Inn,5.0,"""Budget Inn is located in Memphis. Free WiFi access is available. Each room here will provide you with a TV", air conditioning and cable channels. Complete with a microwave, the dining area also has a refrigerator. Featuring a bath or shower, private bathroom also comes with free toiletries. Extras include a desk, bed linen and a fan.,,
Texas,Mesquite,32.794865,-96.657362,Inn On the Creek Mesquite,3.0,HotelDescription#Further information about this hotel will be available shortly,NO Connecting rooms NO Smoking rooms NO Garage NO Large pets allowed (over 5 kg) NO Small pets allowed (under 5 kg) NO Disability-friendly bathroom NO Car park NO Wheelchair-accessible,,3911 US Highway East MesquiteTexas 75150 ,75150,9726136684,http://www.yellowpagecity.com/US/TX/Mesquite/Hotel
Texas,Mesquite,32.79229,-96.59954,"""OYO Hotel Mesquite TX"," Hwy 80 ( Ex. Microtel Inn & Suites By Wyndham Mesquite dallas At Highway)""",2.0,"""This Mesquite", Texas hotel is just 12 miles from Dallas Love Field Airport.  Free Wi-Fi access and a daily continental breakfast are provided to the hotels guests.,,,,
Texas,Mesquite,32.80389,-96.67005,Mesquite Inn & Suites,1.0,"""Situated in Mesquite", within 14 km of AT&T Performing Arts Center and 14 km of Dallas Holocaust Museum, Mesquite Inn & Suites features accommodation with a seasonal outdoor swimming pool and free WiFi throughout the property as well as free private parking for guests who drive. This 1-star motel offers a 24-hour front desk and room service. The property is 14 km from John Fitzgerald Kennedy Memorial and 15 km from Mockingbird Station.,,,,
Texas,Mexia,31.68778,-96.49093,Kings Inn Mexia,1.0,"""Located 7 miles from Fort Parker State Park Lake", this Mexia motel features an outdoor pool and rooms with free Wi-Fi.  It offers a 24-hour reception and free guest parking for all size vehicles.,,,,,
Texas,Midland,31.90609,-102.29965,WoodSpring Suites Odessa,2.0,"""Located 5 km from University of Texas of the Permian Basin", WoodSpring Suites Odessa offers WiFi access free of charge. Each room features a 32-inch flat-screen TV with satellite and premium channels.,,,,,
Texas,Midland,31.94708,-102.40606,Budget Inn Odessa,2.0,"""Free Wi-Fi access and air-conditioned guest rooms are offered at this Odessa motel.  The property is situated 2 miles from Odessa-Schlemeyer Field.",,,,,,
Texas,Midland,31.97192,-102.07899,West Texas Inn & Suites Midland,1.0,"""West Texas Inn & Suites Midland is a 1-star property located in Midland. Featuring an outdoor swimming pool", the 1-star motel has air-conditioned rooms with free WiFi, each with a private bathroom. The accommodation provides an ATM, and luggage storage for guests.,,,
Texas,Midland,32.260593440411895,-101.48804515597476,Westerner Motel,3.0,"""Perfect for business and leisure travelers alike", the Best Western Palace Inn & Suites is the perfect place to relax and unwind at while on the road.,,,,,
Texas,Midland,32.22783279418945,-101.47028350830078,Days Inn & Suites by Wyndham Big Spring,2.0,Days Inn & Suites Big Spring is conveniently located in the popular Big Spring area. The property has everything you need for a comfortable stay. Service-minded staff will welcome and guide you at Days Inn & Suites Big Spring. Each guestroom is elegantly furnished and equipped with handy amenities. The property offers various recreational opportunities. Days Inn & Suites Big Spring combines warm hospitality with a lovely ambiance to make your stay in Big Spring (TX) unforgettable.,things to do  ways to relax dining  drinking  and snacking services and conveniences getting around,,2701 South Gregg Street Big SpringTexas 79720 ,79720,4322675237,http://www.daysinn.com/hotels/texas/big-spring/days-inn-and-suites-big-spring/hotel-overview?cid=local
Texas,Midland,31.978315,-102.110798,Studio 6 Midland #5017,2.0,"""HomeTowne Studios Midland features all the essentials you want at a price you will love. Our 92 live-in studios will make you feel right at home. You can select either a one- or two- bedroom studio for your stay. HomeTowne Studios by Red Roof properties feature kitchenettes with full-sized refrigerators FREE in-room WiFi HD flat-screen TVs with cable weekly housekeeping and more. Dishes are not provided in the rooms but kitchen kits and a coffee maker are available for purchase at the front desk for a low fee. Stay one night or many and discover our flexible daily weekly and monthly rates.",,,,,,
Texas,Midland,31.96497,-102.13533,Victorian Inn Midland,1.0,"""Located along Business Interstate 20", just a 15-minute drive from Midland International Airport, this motel offers a 24-hour reception desk and air-conditioned rooms with balconies and free Wi-Fi.,,,,
Texas,Midland,32.257324219,-101.46461487,Bradbury Inn,2.0,HotelDescription#This charming Hotel is in Downtown. The property consists of 30 units. Pets are not allowed at Scottish Inns - Big Spring.,,,1202 East 3rd Street Big SpringTexas 79720 ,79720,4322672581,http://bookroomsnow.com/property/scottish-inns-big-spring-tx/
Texas,Midland,31.98481,-102.10674,Luxury Inn,5.0,"""Luxury Inn is located in Midland. The motel also provides free WiFi and free private parking.",,,,,,
Texas,Midland,31.86113,-102.33544,Blue Star Inn,2.0,"""Free WiFi and parking are included at this Odessa motel", located 3.2 km from the Presidential Museum.,,,,,
Texas,Midland,32.72443,-102.66821,Seminole Inn,2.0,"""This Seminole", Texas motel has 24-hour front desk service and free Wi-Fi throughout the property.  Gaines County Golf Course is within 9 miles.,,,,,
Texas,Midland,32.75886,-101.94598,Southern Inn & Suites Lamesa,3.0,"""Southern Inn & Suites Lamesa is a 3-star property situated in Lamesa. This 3-star hotel offers a 24-hour front desk. There is a barbecue and guests can make use of free WiFi and free private parking.",,,,,,
Texas,Midland,31.84464,-102.36952,Imperial Motel,2.0,"""Featuring free WiFi", Imperial Motel offers accommodation in Odessa, 5 miles from The University of Texas of the Permian Basin.,,,,
Texas,Midland,31.97862,-102.1118,Sure Stay By Best Western Midland Texas (Ex. Executive Inn),2.0,"""This motel features a 24-hour front desk and is located in Midland", Texas. Free Wi-Fi access is included.,,,,,
Texas,Midland,31.82981,-102.35732,Delux Inn,2.0,"""Located in Odessa", Delux Inn provides 2-star accommodation with private balconies. The motel features family rooms.,,,,,
Texas,Midland,31.82865,-102.35916,Villa West Inn,1.0,"""Free Wi-Fi", free parking and a 24-hour front desk can be found at Villa West Inn, situated just 2 miles from Odessa College. Rooms include a flat-screen cable TV, a microwave and refrigerator.,,,
Texas,Midland,32.02515,-102.1507,WoodSpring Suites Midland,2.0,"""Located 5.3 km away from Midland Mall", WoodSpring Suites Midland offers free WiFi access. Each room comes equipped with cable TV and a telephone. Midland Airpark is 5.5 km from the property.,,,,,
Texas,Midland,31.86647,-102.31975,Hawthorn Suites By Wyndham Odessa,3.0,"""Hawthorn Suites By Wyndham Odessa features a fitness centre", shared lounge, a restaurant and bar in Odessa. With a seasonal outdoor swimming pool, the 3-star hotel has air-conditioned rooms with free WiFi, each with a private bathroom.,,
Texas,Midland,31.90356,-102.30248,Candlewood Suites - Odessa - Midland,2.0,"""Candlewood Suites - Odessa - Midland is located in Odessa. The accommodation provides a fitness centre", free WiFi throughout the property and family rooms.,,,,,
Texas,Monahans,31.59231,-102.90179,Texan Inn and Suites Monahans,1.0,"""Located off Interstate 20", this Monahans motel offers free Wi-Fi, an on-site launderette and in-room microwave and fridge. Monahans Sand Hills State Park is just 15 minutes drive away.,,,,
Texas,Montgomery,30.37191,-95.61071,Sweetwater at Lake Conroe,5.0,"""Featuring an outdoor pool and hot tub", Sweetwater at Lake Conroe offers lakefront apartments. Each accommodation will provide you with a cable TV and telephone.,,,,,
Texas,Nacogdoches,31.55924,-94.77889,Pine Creek Country Inn,3.0,"""Free WiFi and a complimentary continental breakfast weekdays", and a complimentary full country breakfast weekends are featured at Pine Creek Country Inn.,,,,,
Texas,Nacogdoches,31.63677,-94.65337,Victorian Inn & Suites,3.0,"""Conveniently situated 1 mile from Stephen F. Austin State University", this Nacogdoches motel features a seasonal outdoor swimming pool and rooms with a spa tub.,,,,,
Texas,Nacogdoches,31.19565,-94.77894,Diboll Inn And Suites,5.0,"""This Texas motel is 5 minutes drive from Neches Pine Golf Course. It features a 24-hour front desk and rooms with Wi-Fi.",,,,,,
Texas,Nacogdoches,31.62866,-94.65225,Continental Inn and Suites,2.0,"""This motel is just 3 minutes drive from Stephen F. Austin State University. All rooms feature free Wi-Fi.",,,,,,
Texas,Nacogdoches,31.33927,-94.71686,Lufkin Inn,2.0,"""Featuring an on-site restaurant and lounge", this Lufkin motel offers accommodation with free Wi-Fi, less than 1 mile from Museum of East Texas.,,,,
Texas,,29.723655461,-98.188274503,T Bar M,3.0,,,,2549 Highway 46 West New Braunfels New Braunfels 78132 United States Of America New BraunfelsTexas 78132 ,78132,8306257738,http://www.tbarm.com
Texas,,29.84457,-98.16579,Riverview Terrace RG 203 3 Br Condo,5.0,"""Situated in Canyon Lake", 20 km from Canyon Lake, 26 km from Schlitterbahn Waterpark Resort and 29 km from Comal River, Riverview Terrace RG 203 features accommodation with a balcony and free WiFi. This apartment is 30 km from Comal Park and 38 km from Texas State University.,,,
Texas,,29.79888,-98.14826,Blue Paradise Rr8554 Home,5.0,"""Located in Canyon Lake", 13 km from Schlitterbahn Waterpark Resort, 15 km from Comal River and 20 km from Comal Park, Blue Paradise RR 8554 provides accommodation with a patio and free WiFi. This holiday home is 28 km from Canyon Lake and 43 km from Texas State University.,,,
Texas,,29.70912,-98.11034,Guadalupe River Nut House WWI203 by RedAwning,5.0,"""Guadalupe River Nut House WW i203 is located in New Braunfels", 3.3 km from Comal River, 4.7 km from Comal Park, and 32 km from Texas State University. The accommodation is 2 km from the Schlitterbahn Waterpark Resort and features free WiFi throughout the property.,,,
Texas,,29.70912,-98.11034,Chateau on The River,5.0,"""Chateau on The River WW D30130 is situated in New Braunfels", 3.3 km from Comal River, 4.7 km from Comal Park, and 32 km from Texas State University. The accommodation is 2 km from the Schlitterbahn Waterpark Resort and has free WiFi throughout the property.,,,
Texas,,29.70912,-98.11034,Urban Bungalow Wwc301 2 Bathrooms Condo,5.0,"""Located in New Braunfels", 2 km from Schlitterbahn Waterpark Resort, 3.3 km from Comal River and 4.7 km from Comal Park, Urban Bungalow WW C301 provides accommodation with a balcony and free WiFi. This apartment is 32 km from Texas State University and 35 km from Canyon Lake.,,,
Texas,,29.70209,-98.1186,Inverness Condos 302,5.0,"""Ripley River Haus IC 302 is situated in New Braunfels", 2.3 km from Comal River, 3.4 km from Comal Park, and 32 km from Texas State University. The accommodation is 1.9 km from the Schlitterbahn Waterpark Resort and has free WiFi throughout the property.,,,
Texas,,29.70912,-98.11034,Guadalupe Getaway WWB201 by RedAwning,5.0,"""Guadalupe Getaway WW B201 is located in New Braunfels", 3.3 km from Comal River, 4.7 km from Comal Park, as well as 32 km from Texas State University. The accommodation is 2 km from the Schlitterbahn Waterpark Resort and features free WiFi throughout the property.,,,
Texas,,29.70013,-98.09808,Garden Inn & Suites New Braunfels,5.0,"""Located in New Braunfels", within 3.4 km of Comal Park and 4.6 km of Schlitterbahn Waterpark Resort, Garden Inn & Suites New Braunfels provides accommodation with barbecue facilities and free WiFi throughout the property as well as free private parking for guests who drive. The property is set 4.8 km from Comal River, 29 km from Texas State University and 37 km from Canyon Lake. The motel features family rooms.,,,
Texas,,36.642961341908,-87.444699704647,Turner Guesthouse,3.0,HotelDescription#Further information about this hotel will be available shortly,NO Connecting rooms NO Large pets allowed (over 5 kg) NO Smoking rooms NO Small pets allowed (under 5 kg) NO Wheelchair-accessible NO Garage NO Disability-friendly bathroom NO Car park,,82 Texas Avenue Fort CampbellKentucky  42223-5118 ,42223,2704392229,https://www.ihg.com/armyhotels/hotels/us/en/fort-c
Texas,Odessa,31.90609,-102.29965,WoodSpring Suites Odessa,2.0,"""Located 5 km from University of Texas of the Permian Basin", WoodSpring Suites Odessa offers WiFi access free of charge. Each room features a 32-inch flat-screen TV with satellite and premium channels.,,,,,
Texas,Odessa,31.94708,-102.40606,Budget Inn Odessa,2.0,"""Free Wi-Fi access and air-conditioned guest rooms are offered at this Odessa motel.  The property is situated 2 miles from Odessa-Schlemeyer Field.",,,,,,
Texas,Odessa,31.86113,-102.33544,Blue Star Inn,2.0,"""Free WiFi and parking are included at this Odessa motel", located 3.2 km from the Presidential Museum.,,,,,
Texas,Odessa,31.84464,-102.36952,Imperial Motel,2.0,"""Featuring free WiFi", Imperial Motel offers accommodation in Odessa, 5 miles from The University of Texas of the Permian Basin.,,,,
Texas,Odessa,31.82981,-102.35732,Delux Inn,2.0,"""Located in Odessa", Delux Inn provides 2-star accommodation with private balconies. The motel features family rooms.,,,,,
Texas,Odessa,31.82865,-102.35916,Villa West Inn,1.0,"""Free Wi-Fi", free parking and a 24-hour front desk can be found at Villa West Inn, situated just 2 miles from Odessa College. Rooms include a flat-screen cable TV, a microwave and refrigerator.,,,
Texas,Odessa,31.86647,-102.31975,Hawthorn Suites By Wyndham Odessa,3.0,"""Hawthorn Suites By Wyndham Odessa features a fitness centre", shared lounge, a restaurant and bar in Odessa. With a seasonal outdoor swimming pool, the 3-star hotel has air-conditioned rooms with free WiFi, each with a private bathroom.,,
Texas,Odessa,31.90356,-102.30248,Candlewood Suites - Odessa - Midland,2.0,"""Candlewood Suites - Odessa - Midland is located in Odessa. The accommodation provides a fitness centre", free WiFi throughout the property and family rooms.,,,,,
Texas,Orange,30.09366,-93.75688,Economy Inn Motel,5.0,"""Set within 22 km of Delta Downs Racetrack and Casino and 42 km of Beaumont Amtrak Station", Economy Inn Motel offers rooms with air conditioning and a private bathroom in Orange. Among the facilities at this property are room service and a 24-hour front desk, along with free WiFi throughout the property. All rooms are equipped with a balcony.,,,,
Texas,Ozona,30.70781,-101.20989,Hillcrest Inn And Suites,2.0,"""Hillcrest Inn & Suites Ozona serves a continental breakfast and offers spacious rooms with a microwave and fridge. Ozona Country Club is 3 km from the property.",,,,,,
Texas,Ozona,30.71068,-101.1946,Travelodge by Wyndham Ozona,3.0,"""Free Wi-Fi and a daily breakfast are included in guest stays at this Ozona motel.  Crocket County Fair Park Center is 1 mile away.",,,,,,
Texas,Palacios,28.71578,-96.2106,Deluxe Inn Palacios,2.0,"""Located just 0.5 miles from Palacios Community Medical Center", this motel features free Wi-Fi. Vending machines with snacks and refreshments are also available to guests.,,,,,
Texas,Palestine,31.77369,-95.62402,TexAnn Motel,2.0,"""This Palestine", Texas motel is less than a half mile from Dogwood Junction Family Park, where guests can enjoy miniature golf, go-karts, and arcade games. The motel features a continental breakfast and free Wi-Fi.,,
Texas,Pampa,35.53323,-100.94475,Black Gold Motel,1.0,"""Free WiFi is featured at this Pampa motel. It is located just off US Highway 60.",,,,,,
Texas,Paris,33.66102,-95.5404,Paris Extended Stay Suites,1.0,"""Set in Paris", Paris Extended Stay Suites offers 1-star accommodation with barbecue facilities. This 1-star motel offers room service, a 24-hour front desk and free WiFi. Guests can enjoy city views.,,,,
Texas,Paris,33.68735,-95.5549,American Inn & Suites,2.0,"""American Inn & Suites in Paris has 2-star accommodation with a garden. Among the facilities at this property are a 24-hour front desk and room service", along with free WiFi throughout the property. Private parking can be arranged at an extra charge.,,,,,
Texas,Pasadena,29.64913,-95.14224,InTown Suites Pasadena,2.0,"""Featuring 2-star accommodation", InTown Suites Extended Stay Houston TX - Pasadena is set in Pasadena, 30 km from University of Houston and 32 km from Houston Toyota Center. This 2-star hotel has air-conditioned rooms with a private bathroom. Discovery Green Park is 32 km away and Minute Maid Park is 32 km from the hotel.,,,,
Texas,Pasadena,29.66512,-95.17878,Executive Inn Pasadena,2.0,"""Conveniently located just off Spencer Highway", this motel features free parking and a cable TV in each room.,,,,,
Texas,Pasadena,29.66587,-95.17156,Great Western Inn,2.0,"""Featuring free WiFi", this Pasadena motel is conveniently located 11 km from Hobby Airport.,,,,,
Texas,Pasadena,36.52538,-86.03795,Budget Inn,5.0,"""Budget Inn is offering accommodation in Lafayette. The motel also offers free WiFi and free private parking.",,,,,,
Texas,Pearsall,28.89676,-99.09388,Executive Inn Pearsall,1.0,"""This hotel is located in Pearsall", Texas, 5 minutes drive from Interstate 35. It features free Wi-Fi and a daily continental breakfast with coffee and donuts.,,,,
Texas,Pearsall,28.89733,-99.11218,Royal Inn Pearsall,2.0,"""This Pearsall motel", located off Interstate 35, features a Texas shaped outdoor pool. Longhorn Athletic Field is 15 minutes walk from the motel. Free Wi-Fi is available throughout the motel.,,,,
Texas,Pearsall,28.89524,-99.11717,Frio Inn,5.0,"""Frio Inn features air-conditioned rooms in Pearsall. The motel provides both free WiFi and free private parking.",,,,,,
Texas,Pearsall,28.89622,-99.11073,Pearsall Inn and Suites,2.0,"""Situated just off Interstate Highway 35", this motel features free Wi-Fi and a daily hot breakfast.,,,,,
Texas,Pearsall,28.89828,-99.11565,Southern Inn and Suites Pearsall,2.0,"""OYO Hotel Pearsall I-35 West is located just off IH 35", next to Petro Center and 8 miles from Pearsall Parks & Recreation.,,,,,
Texas,Pearsall,28.89695,-99.11402,Garden Inn & Suites,2.0,"""This Pearsall", Texas motel features rooms with free wireless internet access. It is just 1 mile from Artesian Wells, Pearsall Sports Complex and Pearsall Regional Park.,,,,
Texas,Pecos,31.41815,-103.5172,Pecos Economy Inn,2.0,"""Alien Residence Inn is located in Pecos. Free WiFi access is available. Each room here will provide you with air conditioning. Complete with a microwave", the dining area also has a refrigerator. Featuring a shower, private bathroom also comes with free toiletries. Extras include a desk and bed linen.,,,,
Texas,Pecos,31.39561,-103.5011,Travelodge by Wyndham Pecos,2.0,"""Offering a fitness centre and free Wi-Fi", this hotel is located just off Interstate 20.,,,,,
Texas,Pecos,31.39743,-103.51662,La Bonita Inn & Suites,2.0,"""Offering free WiFi and parking", Red Roof Inn Pecos is 3 minutes drive from Maxey Park and Zoo. A flat-screen satellite TV is provided in each room at this motel.,,,,,
Texas,Pecos,31.41694,-103.52322,Budget Inn Pecos,3.0,"""Conveniently located off Interstate Highway 20", this Texas motel features free WiFi access.,,,,,
Texas,Pecos,31.38747,-103.53758,West Texas Lodge,2.0,"""West Texas Lodge in Pecos has 2-star accommodation with barbecue facilities. Featuring a shared lounge", the 2-star inn has air-conditioned rooms with free WiFi. There is a fitness centre, karaoke and a 24-hour front desk.,,,,
Texas,Pecos,31.41815,-103.5172,Howard Johnson by Wyndham Pecos,2.0,"""Alien Residence Inn is located in Pecos. Free WiFi access is available. Each room here will provide you with air conditioning. Complete with a microwave", the dining area also has a refrigerator. Featuring a shower, private bathroom also comes with free toiletries. Extras include a desk and bed linen.,,,,
Texas,Plainview,34.21173,-101.73792,Reddy Hotel,3.0,"""This hotel is just off Interstate 27 and 7 minutes drive from downtown Plainview. It features cable TV with HBO", free WiFi, and an on-site bar, Mikes Sports Bar.,,,
Texas,Plainview,34.18396,-101.72698,Budget Inn Plainview,2.0,"""Situated across from Wayland Baptist University", this Plainview motel offers its guests rooms with wireless internet access.,,,,,
Texas,Plainview,34.18513,-101.719,Presidents House B & B,5.0,"""Presidents House B & B has garden views", free WiFi and free private parking, set in Plainview.,,,,
Texas,Plano,33.04172,-96.70443,Plano Inn & Suites,2.0,"""This Plano", Texas hotel is located right off US 75. It offers free Wi-Fi and cable TV with premium cable channels. A wide variety of restaurants are within walking distance.,,,,,
Texas,Plano,33.04118,-96.70774,Candlewood Suites Plano North,5.0,"""Candlewood Suites - Plano North", an IHG Hotel is set in Plano, within 3.1 km of Historic Downtown Plano and 25 km of Gerald J. Ford Stadium. The property is situated 25 km from Mockingbird Station, 26 km from Preston Center and 26 km from Southern Methodist University. The hotel has a fitness centre, a 24-hour front desk and free WiFi throughout the property.,,
Texas,Plano,33.073638,-96.820748,Kasa Dallas Plano,3.0,"""<p>HeadLine : In Plano (Legacy Park)</p><p>Location : With a stay at Kasa Legacy Town Center Plano in Plano (Legacy Park)", you ll be within a 15-minute drive of Galleria Dallas and University of Texas at Dallas.  This apartment is 0.3 mi (0.5 km) from The Shops at Legacy and 1.9 mi (3.1 km) from Stonebriar Centre Mall.</p><p>Rooms : Make yourself at home in one of the 10 individually decorated guestrooms, featuring kitchens with full-sized refrigerators/freezers and ovens. Your memory foam bed comes with premium bedding. 49-inch Smart televisions with digital programming provide entertainment, while complimentary wireless Internet access keeps you connected. Conveniences include desks and separate sitting areas.</p><p>CheckIn Instructions : <ul>  <li>Extra-person charges may apply and vary depending on property policy</li><li>Government-issued photo identification and a credit card may be required at check-in for incidental charges</li><li>Special requests are subject to availability upon check-in and may incur additional charges; special requests cannot be guaranteed</li><li>This property accepts credit cards; cash is not accepted</li><li>Onsite parties or group events are strictly prohibited</li><li>Long-term renters welcome</li><li>Safety features at this property include a fire extinguisher, a smoke detector, and a first aid kit</li>  </ul></p><p>Special Instructions : There is no front desk at this property. Prior to arrival, guests must complete online registration with the property via a secure link. Guests will be asked to provide the property with a copy of their government-issued photo ID before arrival. 
Texas,Pleasanton,28.91659,-98.54567,Rodeway Inn,4.0,"""Free Wi-Fi access is available at this Jourdanton motel. Pleasanton Municipal Airport is 3.5 miles away.",,,,,,
Texas,Pleasanton,28.94288,-98.50977,Savannah Suites Pleasanton,3.0,"""Savannah Suites Pleasanton offers accommodation in Pleasanton. Free private parking is available on site.",,,,,,
Texas,Pleasanton,28.95866,-98.48399,Downtowner Motel,1.0,"""Located 18 km from the Poteet Strawberry Festival", this Pleasanton motel features guest rooms with free WiFi. A free continental breakfast is served daily.,,,,,
Texas,Pleasanton,28.94269,-98.50867,Pleasanton Executive Inn,5.0,"""Pleasanton Executive Inn features free WiFi access. Pleasanton city centre is 5 minutes drive away.",,,,,,
Texas,,27.82609,-97.06384,Double Barr Cottages,5.0,"""Situated in Port Aransas", within 700 metres of Port Aransas Beach and 1.5 km of I. B. Magee Beach Park, Double Barr Cottage Inn features accommodation with a garden and free WiFi throughout the property as well as free private parking for guests who drive. The property is located 2.3 km from Port Aransas Marina, 2.6 km from The University of Texas Marine Science Institute and 3.6 km from Port Aransas Nature Preserve. The property is non-smoking and is set 33 km from Bob Hall Pier.,,,
Texas,,27.81698,-97.0665,Seaside Motel and Condominiums,5.0,,,,841 Sandcastle Drive Port AransasTexas 78373 ,78373,3617494105,http://www.portaseaside.com/
Texas,,27.78033,-97.1022,Texas Kahuna Rs160 Home,5.0,"""Located in Port Aransas", 2.3 km from Port Aransas Beach, 9 km from The University of Texas Marine Science Institute and 9 km from Port Aransas Marina, Texas Kahuna Rs160 Home provides accommodation with a patio and free WiFi. The property is 8 km from Port Aransas Museum and 8 km from Leonabelle Turnbull Birding Center.,,,
Texas,,27.83886,-97.05379,Channelview 215,5.0,"""Channelview 215 is situated in Port Aransas", 2.3 km from Port Aransas Beach, 35 km from Bob Hall Pier, and 200 metres from The University of Texas Marine Science Institute. It is set 1.2 km from I. B. Magee Beach Park and offers free WiFi plus an ATM.,,,
Texas,,27.83886,-97.05379,Channelview 206,5.0,"""Channelview 206 is set in Port Aransas", 2.3 km from Port Aransas Beach, 35 km from Bob Hall Pier, and 200 metres from The University of Texas Marine Science Institute. It is situated 1.2 km from I. B. Magee Beach Park and features free WiFi plus an ATM.,,,
Texas,,27.83506,-97.05979,Anchor 17 Studio Cottage,5.0,"""Set 2 km from Port Aransas Marina", 3.2 km from Port Aransas Nature Preserve and 100 metres from Port Aransas Museum, Anchor 17 Crash Pad Cottage offers accommodation located in Port Aransas. With free private parking, the property is less than 1 km from Port Aransas Beach and a 12-minute walk from The University of Texas Marine Science Institute.,,,
Texas,,27.83291,-97.0622,Casa Santorini Home,5.0,"""Casa Santorini SPV25 is set in Port Aransas", 1.3 km from Port Aransas Beach, 33 km from Bob Hall Pier, and 1.5 km from The University of Texas Marine Science Institute. It is located 1.3 km from I. B. Magee Beach Park and provides free WiFi plus an ATM.,,,
Texas,,27.72967,-97.13714,Mermaid Hideaway Bveb146 Home,5.0,"""Mermaid Hideaway Bveb146 Home is set in Port Aransas", 15 km from Port Aransas Marina, 16 km from Port Aransas Nature Preserve, as well as 14 km from Port Aransas Art Center. The accommodation is 15 km from The University of Texas Marine Science Institute, and guests benefit from complimentary WiFi and private parking available on site.,,
Texas,,27.83365,-97.07107,7 Palms,5.0,"""7 Palms is situated in Port Aransas", 1.8 km from I. B. Magee Beach Park, 1.4 km from Port Aransas Marina, and 2.2 km from The University of Texas Marine Science Institute. This property offers access to a patio and free private parking.,,,
Texas,,27.81958,-97.06929,Sugar Shack Cottage In Port A,5.0,"""Located in Port Aransas", 1.8 km from I. B. Magee Beach Park and 2.3 km from Port Aransas Nature Preserve, Sugar Shack provides accommodation with free WiFi, air conditioning and a garden. This holiday home is 2.5 km from Port Aransas Marina and 2.5 km from The University of Texas Marine Science Institute.,,,
Texas,,27.82943,-97.06087,Le Chateau Ts202,5.0,"""Le Chateau TS202 is set in Port Aransas", 1 km from I. B. Magee Beach Park, 33 km from Bob Hall Pier, and 1.7 km from The University of Texas Marine Science Institute. It is located less than 1 km from Port Aransas Beach and provides free WiFi plus an ATM.,,,
Texas,Post,33.19116,-101.37551,Hotel Garza,5.0,"""Built in 1915", this historic bed and breakfast is located in the Post, Texas city centre, next to the Garza Theatre. A hot, country-style breakfast is served every morning.,,
Texas,Pottsboro,33.83142,-96.6899,HighPort Inn,5.0,"""Highport INN is offering accommodation in Pottsboro. The inn offers both free WiFi and free private parking.",,,,,,
Texas,Ranger,32.47236,-98.66555,Relax Inn Ranger,2.0,"""Featuring free WiFi", RELAX INN offers pet-friendly accommodation in Ranger. Free private parking is available on site.,,,,,
Texas,Richardson,32.98008,-96.70639,Waterwalk Dallas Richardson Apartments,5.0,"""Set in Richardson", 5.2 km from Historic Downtown Plano and 20 km from Gerald J. Ford Stadium, Waterwalk Dallas-Richardson offers accommodation with free WiFi, air conditioning, a seasonal outdoor swimming pool and a fitness centre.,,
Texas,Richardson,32.97989,-96.70636,Element Dallas Richardson,3.0,"""Set in Richardson", 5 km from Historic Downtown Plano, Element Dallas Richardson offers accommodation with free bikes, free private parking, an outdoor swimming pool and a fitness centre. With free WiFi, this 3-star hotel offers a shared lounge and a 24-hour front desk. The property is non-smoking and is situated 19 km from Gerald J. Ford Stadium.,
Texas,Robstown,27.77863,-97.66249,Executive Inn Robstown,3.0,"""Conveniently located just off Interstate 69E in Robstown", Texas, this motel features free WiFi and 24-hour reception.,,,,
Texas,Rockdale,30.65991,-96.99174,Rainbow Courts,2.0,"""This historic Rockdale hotel features antique furnishings and modern upgrades", including free wireless internet access in every unit.  It is conveniently located between Austin and College Station, about 50 miles from each.,,,,
Texas,Rockdale,30.66578,-96.98042,Regency Inn Rockdale,2.0,"""Regency Inn Rockdale is a 2-star property situated in Rockdale. This 2-star motel offers free WiFi. The property features a 24-hour front desk.",,,,,,
Texas,Rockport,28.0579,-97.03414,Bayfront Cottages,2.0,"""This bayside motel in Rockport", Texas features an outdoor swimming pool and a private fishing pier.,,,,,
Texas,Rockport,28.01732,-97.05215,Hunts Castle Hotel,3.0,"""This waterfront hotel in Rockport", Texas features an outdoor pool and hot tub.,,,,,
Texas,Rockport,28.0284,-97.04921,Blue Wave Inn,2.0,"""This motel is 5 minutes drive from Rockport Beach Park and the Rockport city centre. It features an outdoor pool and spacious rooms with free Wi-Fi.",,,,,,
Texas,Rockport,28.02481,-97.05216,Angel Rose Bed and Breakfast,3.0,"""Located less than 1 mile from Texas Maritime Museum in Rockport", Texas, this Victorian-style accommodation offers free Wi-Fi and a gourmet breakfast.,,,,
Texas,Rockport,28.07832,-97.03954,Pelican Bay Resort,5.0,"""Located in Rockport", Pelican Bay Resort has a shared lounge and barbecue facilities. The resort features an outdoor swimming pool and a shared kitchen and free WiFi.,,,,,
Texas,Rockport,28.03022,-97.04965,The Simpson House,3.0,"""The Simpson House is set in Rockport and offers a terrace. This holiday home provides air-conditioned accommodation with free WiFi.",,,,,,
Texas,Rockport,28.07824,-97.0905,103 Copano Ridge Home,5.0,"""Set in Rockport in the Texas region", 103 Copano Ridge Home has a patio. The air-conditioned accommodation is 32 km from Portland, and guests benefit from private parking available on site and free WiFi.,,,,
Texas,Rockport,28.03471,-97.06113,N Fuqua Studio #156318 Home,5.0,"""Situated in Rockport in the Texas region", N Fuqua Studio #156318 Home has a garden. The air-conditioned accommodation is 1.8 km from Rockport Beach Park, and guests benefit from private parking available on site and free WiFi.,,,,
Texas,Rockport,28.01678,-97.05444,819 S Magnolia St Home,5.0,"""Situated in Rockport in the Texas region", 819 S Magnolia St Home has a patio. The air-conditioned accommodation is 1.3 km from Rockport Beach Park, and guests benefit from complimentary WiFi and private parking available on site.,,,,
Texas,Rockport,28.04333,-97.03831,1804 Picton Lane Home,5.0,"""1804 Picton Lane Home is situated in Rockport. Set 1.4 km from Rockport Beach Park", the property features a garden and free private parking.,,,,,
Texas,Rockport,28.07829,-97.09099,Copano Ridge 3 Br Home,5.0,"""Set in Rockport in the Texas region", Copano Ridge Home Home features a patio. The air-conditioned accommodation is 32 km from Portland, and guests benefit from complimentary WiFi and private parking available on site.,,,,
Texas,Rockport,28.05323,-97.03543,Fulton Beach Four Bedroom House Home,5.0,"""Fulton Beach Four-Bedroom House offers accommodation in Fulton. Guests benefit from terrace.",,,,,,
Texas,Rockport,28.01035,-97.05665,1306 S Magnolia St Home,5.0,"""Located in Rockport", 1306 S Magnolia St Home provides accommodation with a patio and free WiFi. This property offers access to a balcony.,,,,,
Texas,Rockport,28.01421,-97.05791,South Pearl Sailfish Home,5.0,"""Situated in Rockport", 2.1 km from Rockport Beach Park, South Pearl Sailfish features accommodation with a garden, free WiFi and an ATM. This holiday home offers accommodation with a patio.,,,
Texas,Rockport,27.98188,-97.08692,3326 Tx 35 Bus Home Home,5.0,"""Located in Rockport", this holiday home is situated 17 km from Port Aransas. Guests benefit from balcony and a childrens playground.,,,,,
Texas,Rockport,28.012,-97.0602,Driftwood Chic In Rockport Home,5.0,"""Set in Rockport", Driftwood Chic in Rockport Home is a holiday home featuring a barbecue. Guests benefit from terrace.,,,,,
Texas,Rockport,27.96571,-97.09401,Fishin' And Jamin' 227rp Home,5.0,"""Located just 43 km from American Bank Center Convention Center", Fishin and Jamin 227RP provides accommodation in Rockport with access to a garden, a restaurant, as well as an ATM. This holiday home features accommodation with a balcony and free WiFi.,,,
Texas,Rockport,27.95942,-97.10468,Rahi Cottages,5.0,"""Set in Rockport", Rahi Cottages provides accommodation with a kitchen. Free WiFi is featured.,,,,,
Texas,Rockwall,32.90246,-96.45724,TownePlace Suites by Marriott Dallas Rockwall,5.0,"""Set within 38 km of American Airlines Center and 38 km of Gerald J. Ford Stadium", TownePlace Suites by Marriott Dallas Rockwall features rooms in Rockwall. The property is around 36 km from AT&T Performing Arts Center, 37 km from Dallas World Aquarium and 38 km from Mockingbird Station. The hotel offers an outdoor swimming pool and a 24-hour front desk and free WiFi.,,,,
Texas,Rosenberg,29.5351,-95.80847,Travelers Inn,2.0,"""Offering free wireless internet", this motel is conveniently located just off Highway 59 in Rosenberg, Texas.,,,,
Texas,,30.51343,-97.67744,The Ruby Hotel,5.0,"""The Ruby Hotel features a fitness centre", garden, a terrace and restaurant in Round Rock. Providing a bar, the property is located within 5.6 km of Dell Diamond. Free WiFi is available and University of Texas at Austin is 29 km away.,,,
Texas,Rusk,31.79427,-95.13525,Executive Inn,2.0,"""Executive Inn is a 2-star property situated in Rusk. Featuring a garden", this 2-star hotel has air-conditioned rooms with a private bathroom. The accommodation features room service and a 24-hour front desk for guests.,,,,,
Texas,Salado,30.94301,-97.5386,Stagecoach Inn,3.0,"""Shady Villa Hotel has an outdoor swimming pool", garden, a restaurant and bar in Salado. This 3-star hotel offers a 24-hour front desk. The hotel features both free WiFi and free private parking.,,,,
Texas,,29.414173143844,-98.48384052515,Marriott ExecuStay Refugio Place,3.0,HotelDescription#Further information about this hotel will be available shortly,NO Disability-friendly bathroom NO Small pets allowed (under 5 kg) NO Connecting rooms NO Car park NO Large pets allowed (over 5 kg) NO Smoking rooms NO Garage NO Wheelchair-accessible,,300 Labor Street San AntonioTexas 78210 ,78210,2145744800,http://www.execustay.com/furnished-apartments/san-
Texas,,29.598690033,-98.616783142,Oakwood At Mira Vista In La Ca,3.0,HotelDescription#Further information about this hotel will be available shortly,NO Car park NO Smoking rooms NO Small pets allowed (under 5 kg) NO Disability-friendly bathroom NO Large pets allowed (over 5 kg) NO Connecting rooms NO Garage NO Wheelchair-accessible,,La Cantera Parkway 16505 16505 San AntonioTexas 78256 ,78256,,
Texas,,29.457498,-98.420089,Powless House,3.0,HotelDescription#Further information about this hotel will be available shortly,NO Disability-friendly bathroom NO Smoking rooms NO Small pets allowed (under 5 kg) NO Large pets allowed (over 5 kg) NO Garage NO Car park NO Connecting rooms NO Wheelchair-accessible,,3298 George Beach Avenue Fort Sam HoustonSan AntonioTexas 78234 ,78234,2103572705,http://www.ihgarmyhotels.com/pal/en/us/hotel/MFSHB
Texas,,29.452722,-98.49502,1908 Ayres Inn,3.0,HotelDescription#Further information about this hotel will be available shortly,NO Wheelchair-accessible NO Disability-friendly bathroom NO Large pets allowed (over 5 kg) NO Small pets allowed (under 5 kg) NO Car park NO Connecting rooms NO Garage NO Smoking rooms,,124 West Woodlawn Avenue San AntonioTexas 78212 ,78212,2107364232,http://www.1908ayresinn.com/
Texas,,29.452126383886,-98.494758456945,Inn at Craig Place,3.0,HotelDescription#Further information about this hotel will be available shortly,NO Smoking rooms NO Disability-friendly bathroom NO Connecting rooms NO Garage NO Large pets allowed (over 5 kg) NO Small pets allowed (under 5 kg) NO Wheelchair-accessible NO Car park,,117 West Craig Place San AntonioTexas 78212 ,78212,2107361017,http://www.craigplace.com/
Texas,,29.355637,-98.526184,Baymont by Wyndham San Antonio South Park,2.0,,24-hour front desk Golfing nearby Safe-deposit box at front desk Coffee/tea in common areas Laundry facilities Free self parking Wheelchair accessible path of travel Pool sun loungers Wheelchair accessible (may have limitations) Free RV  bus  truck parking Vending machine Express check-in Wheelchair-accessible van parking Pool umbrellas Wheelchair-accessible registration desk Television in common areas Free WiFi Designated smoking areas Braille or raised signage Number of outdoor pools - 1 Assistive listening devices available In-room accessibility (in select rooms) Wheelchair accessible parking Roll-in shower (in select rooms) Accessible bathroom (in select rooms) Free continental breakfast Off-street parking Luggage storage Free breakfast Express check-out Multilingual staff,,7202 South Pan Am Expwy San AntonioTexas 78224-1415 ,78224,2109222111,http://www.lq.com
Texas,,29.52815,-98.39298,Extend a Suites San Antonio,2.0,,,,9735 North Interstate 35 San AntonioTexas 78233 ,78233,2105696791,http://www.extendasuites.com/texas/san-antonio-tx.aspx
Texas,Seabrook,29.563857,-95.04657,Beacon Hill Guest House Bed & Breakfast,3.0,HotelDescription#Further information about this hotel will be available shortly,NO Large pets allowed (over 5 kg) NO Connecting rooms NO Garage NO Small pets allowed (under 5 kg) NO Disability-friendly bathroom NO Smoking rooms NO Car park NO Wheelchair-accessible,,3701 NASA Parkway SeabrookTexas 77586 ,77586,2813267643,http://www.beaconhillbnb.com/
Texas,Seabrook,29.55929,-95.03839,Captain Inn and Suites,3.0,"""Captain Inn and Suites Seabrook-Kemah", a 3-star hotel, is a property situated in Seabrook. Featuring a fitness centre, the 3-star hotel has air-conditioned rooms with a private bathroom. The accommodation features an indoor pool, free WiFi throughout the property and a 24-hour front desk.,,
Texas,Seagoville,32.65781,-96.56222,Seagoville Inn Seagoville,2.0,"""This motel provides accommodations with free Wi-Fi and large vehicle parking", just 18 miles outside Dallas city centre.,,,,,
Texas,Sealy,29.76244,-96.15138,America's Best Value Inn Sealy,3.0,"""Featuring a bar", this hotel is a 14-minute drive from Stephen F. Austin State Park. Its spacious rooms offer free Wi-Fi and cable TV with HBO.,,,,,
Texas,Sealy,29.76146,-96.1567,Super 8 By Wyndham Sealy,2.0,,,,267 Gebhardt Rd. SealyTX 77474 ,77474,9798852121,http://www.super8.com/hotels/texas/sealy/super-8-sealy/hotel-overview
Texas,Sealy,29.76355,-96.15096,Countryside Inn Sealy,2.0,"""Just 5 minutes drive from Blinn College Sealy Campus", this Texas motel offers a continental breakfast daily.  Wi-Fi access is available in all rooms.,,,,,
Texas,Seguin,29.58064,-97.95605,Texas Inn,2.0,"""Featuring 2-star accommodation", Texas Inn Seguin is located in Seguin, 24 km from Comal Park and 25 km from Schlitterbahn Waterpark Resort. This 2-star hotel has air-conditioned rooms with a private bathroom. Strahan Coliseum is 36 km away and Bobcat Stadium is 37 km from the hotel.,,,,
Texas,Seguin,29.6287,-97.94229,Geronimo Creek Retreat,5.0,"""Geronimo Creek Retreat Getaway Cabin #6 is situated in Lauback. The air-conditioned accommodation is 44 km from Wimberley", and guests benefit from complimentary WiFi and private parking available on site.,,,,,
Texas,Seguin,29.6287,-97.94229,Geronimo Creek Retreat Getaway Cabin #1 1 Bathroom Cabin,5.0,"""Geronimo Creek Retreat Glamping Cabin #5 is an apartment set in Seguin. The property features sea views.",,,,,,
Texas,Seguin,29.6287,-97.94229,Geronimo Creek Retreat Getaway Cabin #0 1 Bathroom Cabin,5.0,"""Geronimo Creek Retreat Glamping Cabin #3 is an apartment set in Seguin. Guests staying at this apartment have access to a fully equipped kitchen.",,,,,,
Texas,Seguin,29.6287,-97.94229,Tipi 4 Soaring Eagle,5.0,"""Tipi 4 Soaring Eagle offers accommodation in Seguin", 28 km from San Marcos and 19 km from New Braunfels. The property is 36 km from Selma and features views of the sea.,,,,,
Texas,Seguin,29.6287,-97.94229,Geronimo Creek Retreat Glamping Cabin #2 Campsite,5.0,"""Geronimo Creek Retreat Glamping Cabin #1 is a holiday home situated in Seguin. The air-conditioned accommodation is 28 km from San Marcos.",,,,,,
Texas,Seguin,29.6287,-97.94229,Geronimo Creek Retreat Glamping Cabin #3,5.0,"""Geronimo Creek Retreat Glamping Cabin #3 is an apartment set in Seguin. Guests staying at this apartment have access to a fully equipped kitchen.",,,,,,
Texas,Seguin,29.6287,-97.94229,Geronimo Creek Retreat Glamping Cabin #5 Campsite,5.0,"""Geronimo Creek Retreat Glamping Cabin #0 is an apartment situated in Seguin. The apartment boasts sea views and is 28 km from San Marcos.",,,,,,
Texas,Seguin,29.6287,-97.94229,Laughing Water,5.0,"""Laughing Water is a holiday home situated in Seguin", 28 km from San Marcos. Guests benefit from terrace.,,,,,
Texas,Seguin,29.6287,-97.94229,Tipi 0 Bird Sings,5.0,"""Tipi 0 Bird Sings offers accommodation in Seguin. The property is 28 km from San Marcos and features views of the sea.",,,,,,
Texas,Seguin,29.6287,-97.94229,Prairie Flower,5.0,"""Situated in Seguin", this air-conditioned holiday home features a terrace with river views. Guests benefit from balcony and a barbecue.,,,,,
Texas,Seguin,29.6287,-97.94229,Tipi 2 Red Fox,5.0,"""Tipi 2 Red Fox offers accommodation in Seguin. The property features views of the sea and is 28 km from San Marcos.",,,,,,
Texas,Seguin,29.6287,-97.94229,Tipi 3 Jumping Fish,5.0,"""Located 28 km from San Marcos", Tipi 3 Jumping Fish offers accommodation in Seguin. The air-conditioned unit is 19 km from New Braunfels.,,,,,
Texas,Seguin,29.6287,-97.94229,Singing Cloud,5.0,"""Singing Cloud is a holiday home situated in Seguin in the Texas Region and is 28 km from San Marcos. The air-conditioned unit is 19 km from New Braunfels.",,,,,,
Texas,Seguin,29.6287,-97.94229,Geronimo Creek Retreat Glamping Cabin #1,5.0,"""Geronimo Creek Retreat Glamping Cabin #4 is an apartment set in Seguin. Guests staying at this apartment have access to a fully equipped kitchen.",,,,,,
Texas,Seguin,29.63319,-97.94229,Geronimo Creek Retreat Homestead Haus 2 Bathrooms Cabin,5.0,"""Offering a barbecue", Homestead Haus is set in Seguin, 28 km from San Marcos. The accommodation features a hot tub. New Braunfels is 19 km from the property.,,,,
Texas,Seguin,29.6287,-97.94229,Tipi 1 Prancing Deer,5.0,"""Tipi 1 Prancing Deer offers accommodation in Seguin", 28 km from San Marcos. The property boasts views of the sea and is 19 km from New Braunfels.,,,,,
Texas,Seminole,32.72443,-102.66821,Seminole Inn,2.0,"""This Seminole", Texas motel has 24-hour front desk service and free Wi-Fi throughout the property.  Gaines County Golf Course is within 9 miles.,,,,,
Texas,Shamrock,35.23255,-100.24494,Motel 6 Shamrock Tx,2.0,"""Situated in Shamrock", Irish Inn offers barbecue facilities and free WiFi. The accommodation features a 24-hour front desk and a shared lounge for guests.,,,,,
Texas,Shamrock,35.22648,-100.24224,Shamrock Country Inn,2.0,"""Featuring free WiFi throughout the property", Shamrock Country Inn offers pet-friendly accommodation in Shamrock.,,,,,
Texas,Shamrock,35.22638,-100.24482,Blarney Inn,5.0,"""Blarney Inn provides air-conditioned rooms in Shamrock. Among the facilities at this property are room service and a 24-hour front desk", along with free WiFi throughout the property. The motel features family rooms.,,,,,
Texas,Shamrock,35.22623,-100.24871,Western Motel,5.0,"""Located off Route 66 and Interstate 40", this Shamrock Western Motel offers free WiFi and rooms with a cable TV. The motel is opposite the historic Tower Station and the U-Drop Inn and Tower Café.,,,,,
Texas,Shepherd,30.51259,-94.98761,Hometowner Inn & Suites,1.0,"""Free WiFi is among the convenient amenities offered at this Shepherd", Texas motel. Sam Houston National Forest is 25 minutes drive away.,,,,,
Texas,Sherman,33.66659,-96.6129,Hampton Inn Sherman,3.0,"""This Sherman hotel offers classically furnished rooms equipped with free Wi-Fi and a cable TV.  It features an indoor pool and is just 6.2 miles from North Texas Regional Airport.",,,,,,
Texas,Sherman,33.63196,-96.61419,Travelers Inn,2.0,"""Travelers Inn is set in Sherman", 1.4 km from Wilson N Jones Memorial Hospital Heliport and 2.3 km from Department of Public Safety Heliport. Among the facilities at this property are a 24-hour front desk and room service, along with free WiFi throughout the property. Attractions in the area include Tribune, 6.3 km away, or Knollwood, located 6.4 km from the property.,
Texas,Sherman,33.83142,-96.6899,HighPort Inn,5.0,"""Highport INN is offering accommodation in Pottsboro. The inn offers both free WiFi and free private parking.",,,,,,
Texas,Sherman,33.5758,-96.19307,Best Western Plus Bonham,3.0,"""Best Western Plus Bonham is a 3-star property situated in Bonham.",,,,,,
Texas,Silsbee,30.35673,-94.12561,Garden Inn And Suites Silsbee,2.0,"""This Silsbee motel offers free Wi-Fi in all guest rooms", as well as a convenient location, 13 miles from Village Creek State Park.,,,,
Texas,Snyder,32.71505,-100.89936,Executive Inn,2.0,"""Free Wi-Fi access and a complimentary continental breakfast are provided at this Snyder", Texas motel. Scurry County Museum is 3 miles away.,,,,,
Texas,Snyder,32.71709,-100.90799,Travel Inn Snyder,2.0,"""Travel Inn Snyder is a 2-star property located in Snyder. This 2-star motel offers room service", a 24-hour front desk and free WiFi. The motel features family rooms.,,,,,
Texas,Snyder,32.70432,-100.88478,Extended Stay Snyder Motel,3.0,"""Extended Stay Motel - Snyder is a 3-star property set in Snyder. With a garden", the 3-star motel has air-conditioned rooms with free WiFi, each with a private bathroom. The accommodation offers room service and a 24-hour front desk for guests.,,,,
Texas,Snyder,32.70414,-100.86105,Beacon Lodge Motel,5.0,"""This retro-style motel in Snyder Texas offers accommodation with free Wi-Fi as well as on-site parking for trucks and recreation vehicles.  Cogdell Memorial Hospital is 5 minutes drive.",,,,,,
Texas,Somerville,30.33787,-96.52247,Somerville Inn and Suites,1.0,"""Less than 5 minutes drive from Lake Somerville", this motel offers free Wi-Fi and cable TV in all guest rooms. A continental breakfast is served each morning.,,,,,
Texas,Sonora,37.98475,-120.38373,Bradford Place Inn,3.0,"""Bradford Place Inn is located in Sonora. Free WiFi access is available. A made-to-order breakfast is included.",,,,,,
Texas,Sonora,37.97891,-120.39029,The Gold Lodge,3.0,"""Located in California Gold Country", this Sonora motel is 1 hours drive away from Yosemite National Park.  It serves a daily continental breakfast featuring cereal, coffee and juice. Free Wi-Fi is provided in every guest room.,,,,
Texas,Sonora,30.56129,-100.63905,Holiday Host Motel,1.0,"""Caverns of Sonora is within 10 miles of this motel.  Free Wi-Fi access and a free continental breakfast are provided.",,,,,,
Texas,Southlake,32.98621,-97.12325,Glamping on Lake Grapevine,5.0,"""Set in Southlake in the Texas region", Glamping on Lake Grapevine features a garden. The property is 38 km from Fort Worth and free private parking is featured.,,,,,
Texas,Spicewood,30.42914,-98.09297,4BR 3BA Spicewood House with Impressive Views by RedAwning,5.0,"""Spicewood House is a detached holiday home situated in Briarcliff in the Texas Region and is 38 km from Austin. The air-conditioned unit is 41 km from Round Rock.",,,,,,
Texas,Spicewood,30.42233,-98.094,7BR 5 5BA Spicewood Sanctuary by RedAwning,5.0,"""Spicewood Sanctuary is a holiday home situated in Briarcliff", 38 km from Austin. The air-conditioned unit is 41 km from Round Rock.,,,,,
Texas,Spicewood,30.44032,-98.1577,Hill Country Home 3 Br home by RedAwning,5.0,"""Hill Country Home Home is a holiday home with a barbecue", situated in Spicewood in the Texas Region. The air-conditioned unit is 44 km from Austin.,,,,,
Texas,Spicewood,30.4082,-97.99451,The Reserve at Lake Travis Cabin #5 by RedAwning,5.0,"""Situated in Edgewater Beach", The Reserve at Lake Travis Cabin 5 features accommodation with a patio and free WiFi.,,,,,
Texas,Spicewood,30.40917,-97.9922,2217 Seabiscuit Cove Villa Unit 119 4.5 Bathrooms Villa,5.0,"""2217 Seabiscuit Cove Villa Unit 119 is situated in Edgewater Beach. Guests benefit from a balcony and a childrens playground.",,,,,,
Texas,Spicewood,30.401,-98.06565,Sprawling River Home,5.0,"""Sprawling River Home is a holiday home situated in Briarcliff", 34 km from Austin. The air-conditioned unit is 39 km from Round Rock.,,,,,
Texas,Spicewood,30.409,-97.99245,2217 Seabiscuit Cove Villa #109 3.5 Bathrooms Villa,5.0,"""Located in Edgewater Beach", 2217 Seabiscuit Cove Villa #109 provides air-conditioned accommodation with a patio and free WiFi. This villa has a garden and free private parking.,,,,,
Texas,Spicewood,30.4082,-97.99451,The Reserve at Lake Travis Cabin #4,5.0,"""Situated in Edgewater Beach in the Texas region", The Reserve at Lake Travis Cabin #4 has a balcony. The air-conditioned accommodation is 40 km from Dripping Springs, and guests benefit from private parking available on site and free WiFi.,,,,
Texas,Spicewood,30.4082,-97.99451,The Reserve at Lake Travis Cabin #13 by RedAwning,5.0,"""Set in Edgewater Beach in the Texas region", The Reserve at Lake Travis Cabin 13 has a patio. Guests staying at this holiday home have access to a fully equipped kitchenette.,,,,,
Texas,Spicewood,30.40819,-97.99469,2113 Barbaro Way Cabin Unit 14,5.0,"""Located in Edgewater Beach in the Texas region", 2113 Barbaro Way Cabin Unit 14 Cabin is a holiday home featuring a patio. This holiday home provides a tennis court as well as a fitness centre.,,,,,
Texas,Spicewood,30.37127,-98.03518,The Lake House On The Cove,5.0,"""Located in Briarcliff in the Texas region", The Lake House on the Cove has a balcony and lake views. The air-conditioned accommodation is 43 km from Cedar Park.,,,,,
Texas,Spicewood,30.48402,-98.1278,1005 Coventry Rd Home 4 Bathrooms Home,5.0,"""Situated in Spicewood in the Texas region", 1005 Coventry Rd Home has a patio. The air-conditioned accommodation is 30 km from Marble Falls, and guests benefit from complimentary WiFi and private parking available on site.,,,,
Texas,Spicewood,30.40819,-97.99469,2113 Barbaro Way Cabin Unit 15 2 Bathrooms Cabin,5.0,"""Situated in Edgewater Beach in the Texas region", 2113 Barbaro Way Cabin Unit 15 has a patio. The accommodation is 40 km from Dripping Springs.,,,,,
Texas,Spicewood,30.41024,-97.99592,19412 Tabasco Cat Trail Home 3.5 Bathrooms Home,5.0,"""Located in Edgewater Beach in the Texas region", 19412 Tabasco Cat Trail Home features a patio. The air-conditioned accommodation is 40 km from Dripping Springs, and guests benefit from private parking available on site and free WiFi.,,,,
Texas,Spicewood,30.42723,-98.12785,Lake Views on the Patio by RedAwning,5.0,"""Located in Spicewood in the Texas region", Lake Views on the Patio features a patio. The air-conditioned accommodation is 33 km from Dripping Springs.,,,,,
Texas,Spicewood,30.40819,-97.99469,2113 Barbaro Way Cabin Unit 16,5.0,"""Featuring air-conditioned accommodation with a balcony", 2113 Barbaro Way Cabin Unit 16 is located in Edgewater Beach. This property offers access to a patio, free private parking and free WiFi.,,,,
Texas,Spicewood,30.409,-97.99245,Villa at the Reserve at Lake Travis by RedAwning,5.0,"""Set in Edgewater Beach", Villa at the Reserve at Lake Travis offers accommodation with a patio and free WiFi.,,,,,
Texas,Spicewood,30.4082,-97.99451,The Reserve at Lake Travis Cabin #12 by RedAwning,5.0,"""The Reserve at Lake Travis Cabin 12 is situated in Edgewater Beach. The air-conditioned accommodation is 40 km from Dripping Springs", and guests benefit from private parking available on site and free WiFi.,,,,,
Texas,Spring,30.064672,-95.435321,Red Roof Inn Houston  Spring North,2.0,"""Located in Spring", Red Roof Inn Houston - Spring North is a perfect starting point from which to explore Spring (TX). Offering a variety of facilities and services," the property provides all you need for a good night's sleep. Service-minded staff will welcome and guide you at Red Roof Inn Houston - Spring North. Each guestroom is elegantly furnished and equipped with handy amenities. The property offers various recreational opportunities. A welcoming atmosphere and excellent service are what you can expect during your stay at Red Roof Inn Houston - Spring North.""",Hotel Laundry service Launderette Air conditioning in public areas Smoke detector Towels and bed linen Restaurant Business centre Early Check-in Non-smoking establishment Fitness Red Roof - RediClean,"""                            ",,
Texas,Spring,30.07407,-95.50041,Super 8 by Wyndham Spring/North Houston,2.0,"""Featuring 2-star accommodation", Super 8 by Wyndham Spring/North Houston is set in Spring, 42 km from Wortham Center and 42 km from Alley Theater. The 2-star hotel has air-conditioned rooms with a private bathroom and free WiFi. The property is non-smoking and is located 19 km from Cynthia Woods Mitchell Pavilion.,,,,
Texas,Stafford,29.62146,-95.5634,Scottish Inn and Suites Stafford,2.0,"""Located off US Highway 90", this motel offers free Wi-Fi and non-smoking rooms.  This property is less than 10 minutes walk from Stafford Centre.,,,,,
Texas,Stafford,29.63487,-95.58326,Days Inn Sugarland stafford,3.0,"""Located just off the Southwest Freeway", this hotel is a 5-minute drive from the Fountains Shopping Center. It features a modern fitness center.,,,,,
Texas,Stafford,29.64269,-95.58123,Sun Suites of Sugar Land Stafford,2.0,"""This InTown Suites Sugarland-Stafford offers a convenient location 5 miles from First Colony Mall.",,,,,,
Texas,Stafford,29.64287,-95.58196,Holiday Inn Express & Suites Stafford NW - Sugar Land,3.0,"""Featuring 3-star accommodation", Holiday Inn Express & Suites - Stafford NW - Sugar Land, an IHG Hotel is set in Stafford, 11 km from Smart Financial Centre and 18 km from Waterwall Park. This 3-star hotel offers a shared lounge and a 24-hour front desk. The property is non-smoking and is located 8.2 km from Constellation Field.,,,
Texas,Stephenville,32.20474,-98.21298,Americas Best Value Inn Stephenville,2.0,"""This Stephenville", Texas hotel is less than 2 miles from the Lone Star Arena and Tarleton State University.  It offers an outdoor pool, continental breakfast, and rooms with free Wi-Fi.,,,
Texas,Stonewall,30.20078,-98.65732,Rose Hill Manor Four Diamond Inn,4.0,"""Situated in Stonewall and with Pedernales Cellars reachable within a few steps", Rose Hill Retreat AAA Four Diamond Inn features express check-in and check-out, allergy-free rooms, a bar, free WiFi throughout the property and a shared lounge. Featuring a garden, the property is located within 3.4 km of Woodrose Winery. The property offers garden views, a terrace and a 24-hour front desk.
Texas,Sweetwater,32.449,-100.40031,Ranch House Motel,2.0,"""Conveniently located off Interstate 20", this Sweetwater hotel features on-site horse stables. Guests can relax in the seasonal outdoor swimming pool. A complimentary full breakfast is served daily.,,,,,
Texas,Sweetwater,32.71505,-100.89936,Executive Inn,2.0,"""Free Wi-Fi access and a complimentary continental breakfast are provided at this Snyder", Texas motel. Scurry County Museum is 3 miles away.,,,,,
Texas,Sweetwater,32.71709,-100.90799,Travel Inn Snyder,2.0,"""Travel Inn Snyder is a 2-star property located in Snyder. This 2-star motel offers room service", a 24-hour front desk and free WiFi. The motel features family rooms.,,,,,
Texas,Sweetwater,32.70432,-100.88478,Extended Stay Snyder Motel,3.0,"""Extended Stay Motel - Snyder is a 3-star property set in Snyder. With a garden", the 3-star motel has air-conditioned rooms with free WiFi, each with a private bathroom. The accommodation offers room service and a 24-hour front desk for guests.,,,,
Texas,Sweetwater,32.41082,-100.85977,American Inn,2.0,"""Set in Colorado City", American Inn offers a seasonal outdoor swimming pool. Boasting a 24-hour front desk, this property also provides guests with a barbecue. Free WiFi is available.,,,,
Texas,Sweetwater,32.70414,-100.86105,Beacon Lodge Motel,5.0,"""This retro-style motel in Snyder Texas offers accommodation with free Wi-Fi as well as on-site parking for trucks and recreation vehicles.  Cogdell Memorial Hospital is 5 minutes drive.",,,,,,
Texas,Temple,31.07173,-97.35886,Great Western Inn,2.0,"""Red Roof Inn Temple is a 2-star property set in Temple. With a seasonal outdoor swimming pool", the 2-star motel has air-conditioned rooms with free WiFi, each with a private bathroom.,,,,
Texas,Temple,38.2695372480083,-122.034436315298,Budget Inn - Fairfield,5.0,The Budget Inn  located a few miles away from Travis Air Force Base is a unique motel that offers recently remodelled rooms with granite counter tops  flat screen TVs  microwaves  mini refrigerators and free HBO. The Budget Inn also offers Apartments that rent by the week which are fully furnishe...,,,2259 North Texas Street FairfieldCA 94533 ,94533,,
Texas,Temple,31.08864,-97.39197,Budget Inn Temple,2.0,"""Air-conditioned rooms with a microwave and refrigerator are standard in this motel located on Interstate 35 in Temple", Texas. The hotel has a 24-hour reception service and offers a continental breakfast.,,,,,
Texas,Temple,31.08081,-97.36683,Home2 Suites By Hilton Temple,3.0,"""Home2 Suites By Hilton Temple is a 3-star property located in Temple. Featuring an outdoor swimming pool", the 3-star hotel has air-conditioned rooms with free WiFi, each with a private bathroom. The hotel provides a barbecue and a 24-hour front desk.,,,,
Texas,Terlingua,29.32158660888672,-103.61602020263672,La Posada Milagro,2.0,,getting around services and conveniences dining  drinking  and snacking Internet access,,100 Milagro Road TerlinguaTexas 79852 ,79852,4323713044,http://www.laposadamilagro.net/home.html
Texas,Terlingua,29.31964,-103.60737,El Dorado Hotel,1.0,"""Located in the historic Terlingua Ghost Town", this hotel is just 7.5 miles from scenic Big Bend National Park. An on-site restaurant and free WiFi access is featured.,,,,,
Texas,Terrell,32.63378,-96.02546,Interstate Motel,2.0,"""Interstate Motel is located in Wills Point. Free Wi-Fi access is available.",,,,,,
Texas,Terrell,32.54354,-95.87072,Canton Motel,5.0,"""Canton Motel offers accommodation in Canton.",,,,,,
Texas,Terrell,32.57263,-96.30505,Countryside Inn,1.0,"""Conveniently located off Highway 175 in Kaufman", Texas, this motel features free wireless internet access and rooms with a microwave and refrigerator. Canton Flea Market is 28 miles away.,,,,
Texas,Terrell,32.55482,-95.85412,The Buffalo Girls Hotel,5.0,"""Set in Canton", 5.8 km from Splash Kingdom Waterpark, Sweet Tweet Guesthouse Acorn Hideaway offers accommodation with free WiFi and free private parking. The rooms are fitted with a balcony.,,,,
Texas,Terrell,32.54608,-95.92078,C&J Bee And Bee Farm,5.0,"""Situated in Canton", 12 km from Splash Kingdom Waterpark, C&J Bee & Bee Farm offers accommodation with a hot tub.,,,,
Texas,Texarkana,33.47143,-94.40895,Bostonian Inn,2.0,"""Bostonian Inn offers accommodation in New Boston.",,,,,,
Texas,Texarkana,33.47661,-94.40865,Texinn Motel New Boston,2.0,"""This hotel in New Boston", Texas is 11 miles from Red River Army Depot and offers a continental breakfast.,,,,,
Texas,Tomball,30.09098,-95.63152,Palace Inn Tomball,3.0,"""Set 35 km from Cynthia Woods Mitchell Pavilion", Express Inn Tomball offers 3-star accommodation in Tomball and has barbecue facilities. The property is situated 40 km from CityCentre Plaza, 48 km from Memorial Park, Houston and 48 km from Houston Arboretum and Nature Center. The hotel offers a year-round outdoor pool, a 24-hour front desk, and free WiFi is available throughout the property.,
Texas,Tomball,30.10996,-95.60732,Maple Creek Bed&breakfast,5.0,"""Situated in Tomball", 21 km from Cynthia Woods Mitchell Pavilion and 43 km from CityCentre Plaza, Maple Creek Bed&Breakfast features accommodation with free WiFi, air conditioning, a seasonal outdoor swimming pool and a garden.,,
Texas,Tyler,32.38096,-95.3292,Stratford Inn Tyler,3.0,"""Located 1.5 miles from Texas College", this Tyler motel features  free Wi-Fi.,,,,,
Texas,Tyler,32.33565,-95.34026,Rodeway Inn,2.0,Motel 6 Tyler is a 2-star property set in Tyler. This 2-star hotel offers a 24-hour front desk. Free WiFi is included. Guests are required to show a photo identification and credit card upon check-in. Please note that all Special Requests are subject to availability and additional charges may apply.,Free self parking 24-hour front desk Non-smoking rooms Airport shuttle Internet access Heating Free WiFi Free WiFi Air conditioning Parking onsite,,3393 S Southwest Loop 323 TylerTexas 75701 ,75701,9035091999,https://www.booking.com/hotel/us/windsor-inn-suites-tyler.html
Texas,Tyler,32.37745,-95.3315,Rest Inn Tyler,2.0,"""Featuring free WI-Fi", this motel is located 1 mile from the Caldwell Zoo in Tyler, Texas. Texas College is 5 minutes drive from the property.,,,,
Texas,Tyler,32.35028,-95.32105,American Inn Tyler,2.0,"""Free WiFi access is available at the American Inn in Tyler", Texas. A flat-screen high-definition TV is provided in each room.,,,,,
Texas,Tyler,32.37478,-95.28616,Town House Motel,2.0,"""Town House Motel is a 2-star property set in Tyler. The 2-star motel has air-conditioned rooms with a private bathroom and free WiFi.",,,,,,
Texas,Tyler,32.38217,-95.33054,Royal Inn & Suites,2.0,"""Royal Inn & Suites is a 2-star property situated in Tyler. The 2-star motel has air-conditioned rooms with a private bathroom and free WiFi.",,,,,,
Texas,Tyler,32.165354798,-95.4610607028,Holiday Inn Club Vacations Lake O the Woods Resort,3.0,"""Lake Palestine is one of the largest lakes in East Texas", home to one of the most unique outdoor vacation experiences we offer. The charming resort features only quaint cabins and RV campsites set among beautiful pines and hardwoods.,,,,,
Texas,Tyler,32.36962,-95.28929,Relax Inn Tyler,1.0,"""Relax Inn Tyler is a 1-star property set in Tyler. The 1-star motel has air-conditioned rooms with a private bathroom and free WiFi. The motel has family rooms.",,,,,,
Texas,Tyler,32.51245,-95.27327,Cora's Main Log Cabin,3.0,"""Situated in Winona in the Texas region", Coras Main Log Cabin has a patio. The air-conditioned accommodation is 20 km from Tyler, and guests benefit from private parking available on site and free WiFi.,,,,
Texas,Vernon,34.15256,-99.27271,Budget Host Inn,1.0,"""Budget Host Inn is a 1-star property set in Vernon. The 1-star hotel has air-conditioned rooms with a private bathroom and free WiFi. The hotel features family rooms.",,,,,,
Texas,Vernon,34.15988,-99.29994,Green Tree Inn,1.0,"""Green bird Inn is a 1-star property situated in Vernon. This 1-star motel offers a 24-hour front desk and free WiFi.",,,,,,
Texas,Victoria,28.806474,-96.995559,Comfort Inn Victoria,3.0,HotelDescription#Further information about this hotel will be available shortly,NO Garage NO Large pets allowed (over 5 kg) NO Disability-friendly bathroom NO Small pets allowed (under 5 kg) NO Wheelchair-accessible NO Car park NO Smoking rooms NO Connecting rooms,,Victoria Texas ,,,
Texas,Victoria,28.96473,-96.67567,Jackson Inn,3.0,"""Jackson Inn is located in Edna. Free Wi-Fi access is available.",,,,,,
Texas,Victoria,29.11159,-97.28121,Executive Inn Express & Suites Cuero,2.0,"""Executive Inn & Suites Cuero is a 2-star property set in Cuero. With an outdoor swimming pool", the 2-star hotel has air-conditioned rooms with free WiFi. The accommodation offers a 24-hour front desk and a business centre for guests.,,,,,
Texas,Victoria,28.66783,-97.40352,Antlers Inn Goliad,2.0,"""Privately owned and managed boutique motel with wonderful outdoor spaces", including long flower beds filled with varieties of blooming flowers in vibrant gold and pink. Outdoor plug ins to accommodate fishing vessels and other outdoor charging activities. A large outdoor kitchen with picnic tables and a barbecue pit right next to a garden filled with fresh vegetables. Fresh fruit every morning and fruit juices available all day. Free WiFi and a complimentary continental breakfast are featured at Antlers Inn. Goliad State Park & Historical Site is 1.5 miles away.,,,,,
Texas,Victoria,28.63506,-96.6231,Chaparral Motel,5.0,"""Chaparral Motel has a shared lounge", a restaurant and a sun terrace with swimming pool and buffet breakfast in Port Lavaca. Among the facilities at this property are room service and a 24-hour front desk, along with free WiFi throughout the property. The motel offers garden views and a barbecue.,,,,
Texas,Victoria,29.11742,-97.29731,Cuero Oilfield Housing,3.0,"""Featuring an onsite basketball court", Cuero Oilfield Housing offers accommodation in Cuero.,,,,,
Texas,Victoria,29.11044,-97.28239,Hotel Texas,2.0,"""Located in Cuero", Hotel Texas Cuero offers 2-star accommodation with an outdoor swimming pool and barbecue facilities. With free WiFi, this 2-star motel offers a 24-hour front desk and a business centre.,,,,
Texas,Victoria,28.97194,-96.65907,Texana Inn,2.0,"""Texana Inn Edna By OYO is a 2-star property situated in Edna. This 2-star hotel offers room service", a 24-hour front desk and free WiFi. The hotel has family rooms.,,,,,
Texas,Victoria,28.80567,-97.00225,Executive Inn,1.0,"""Located near the intersection of Highway 77 and Highway 87", this Victoria motel features free property-wide Wi-Fi. Triumph Hospital is within 1 mile from the property.,,,,,
Texas,Victoria,28.63438,-96.62461,Hampton Inn & Suites Port Lavaca TX,5.0,"""Located in Port Lavaca", 1.5 km from Lighthouse Beach, Hampton Inn & Suites Port Lavaca, Tx provides air-conditioned rooms and a seasonal outdoor swimming pool. All rooms feature a TV with cable channels and a private bathroom. The hotel features a terrace and a 24-hour front desk.,,,
Texas,Waco,31.45717,-97.17046,Robinson Inn and Suites,2.0,"""A full hot breakfast and rooms with wireless internet access are featured at this Texas motel", 7 miles from Baylor University.,,,,,
Texas,Waco,31.32173,-96.88458,Relax Inn Marlin,2.0,"""Located just off Highway 6 and less than 2 miles from downtown Marlin", this motel features free Wi-Fi and parking right outside the door of each room.,,,,,
Texas,Waco,31.55377,-97.12229,Executive Inn & Suites Waco,3.0,"""Featuring 3-star accommodation", SpringHill Suites Waco is situated in Waco, 1.1 km from Waco Convention Center and 2.2 km from McLane Stadium. Featuring a seasonal outdoor swimming pool, the 3-star hotel has air-conditioned rooms with free WiFi, each with a private bathroom. The hotel features a sun terrace and a 24-hour front desk.,,
Texas,Waco,31.434705,-97.412401,Lighthouse Bed and Breakfast,3.0,This property is conveniently situated in Lumberton . The establishment is wheelchair-accessible. The on-site car park may be useful to those arriving by car. Check-out is at . This establishment allows pets. Large pets are allowed on the premises.,NO Connecting rooms Hotel Visa NO Disability-friendly bathroom NO Wheelchair-accessible NO Smoking rooms NO Small pets allowed (under 5 kg) NO Large pets allowed (over 5 kg) NO Car park NO Garage,,S. Harrison St. 421 76657 1562 Lumberton McGregorTexas 76657-1562 ,,2547524400,http://www.thelighthousebandb.com/
Texas,Waco,31.58258,-97.10916,WoodSpring Suites Waco,2.0,"""WoodSpring Suites Waco near University is a 2-star property set in Waco. The property is non-smoking and is located 3.8 km from McLane Stadium.",,,,,,
Texas,Waco,31.56163,-97.1181,Scottish Inn,2.0,"""Located in Waco", 2.3 km from Waco Convention Center, OYO Hotel Waco University Area/ I-35r has accommodations with free WiFi , free private parking and 24-hour reception.,,,
Texas,Waco,31.63987,-97.09763,Motel 6 Waco Lacy Lakeview,2.0,"""This pet-friendly Lacy Lakeview motel has free Wi-Fi and on-site parking for all guests. The property is located 7 miles from Baylor University.",,,,,,
Texas,Waco,31.53526,-97.12886,Budget Inn,2.0,"""This Waco budget motel features an on-site restaurant and rooms with premium cable TV.  It is less than 2 miles from Baylor University.",,,,,,
Texas,Waco,31.62537,-97.12573,Bed & Breakfast On White Rock Creek,5.0,"""Situated in Waco", 8.9 km from Waco Convention Center and 10 km from McLane Stadium, Bed and Breakfast on White Rock Creek features accommodation with free WiFi, air conditioning and access to a garden with a terrace.,,,
Texas,Waco,31.50353,-97.19909,Staybridge Suites - Waco South - Woodway,5.0,"""Set in Woodway", Staybridge Suites Waco South - Woodway, an IHG Hotel features an outdoor swimming pool, fitness centre, bar, and free WiFi throughout the property. The property is non-smoking and is situated 10 km from Waco Convention Center.,
Texas,Waco,31.51401,-97.15076,Hyatt Place Waco - South,3.0,"""Situated in Waco", 7 km from McLane Stadium, Hyatt Place Waco - South features accommodation with a fitness centre, free private parking, a shared lounge and a bar. This 3-star hotel offers a 24-hour front desk, a business centre and free WiFi. The property is non-smoking and is located 8.3 km from Waco Convention Center.,
Texas,Waco,31.65571,-97.14345,Stunning CargoHome Near Waco Magnolia and Baylor,5.0,"""Located in Waco", 13 km from Waco Convention Center, 13 km from McLane Stadium and 48 km from Lake Whitney State Park, Stunning CargoHome Near Waco, Magnolia and Baylor provides accommodation with a patio and free WiFi.,,
Texas,Waxahachie,32.37307,-96.86214,Texas Inn Waxahachie,2.0,"""This Waxahachie hotel is just 2 miles from Ellis County Museum and the Scarborough Renaissance Festival.  Free Wi-Fi is available to all guests.",,,,,,
Texas,Weatherford,32.72625,-97.82459,Quality One Motel,2.0,"""Offering an outdoor pool and hot tub", this Weatherford, Texas motel is 4 miles from the Museum of the Americas. Traditional rooms include free Wi-Fi and cable TV.,,,,
Texas,Weatherford,32.75845,-97.81268,Angels Nest,4.0,"""Breakfast is served each morning at the charming Angels Nest in Weatherford. Free WiFi access is available throughout the traditionally-styled home. WiFi access is available free of charge throughout the property.",,,,,,
Texas,Weatherford,32.73099,-97.77977,Hampton Inn & Suites Weatherford,5.0,"""Located in Weatherford and with Dickies Arena reachable within 41 km", Hampton Inn & Suites Weatherford, Tx provides a fitness centre, non-smoking rooms, free WiFi throughout the property and a shared lounge. The property is situated 45 km from Fort Worth Convention Center, 43 km from Kimbell Art Museum and 34 km from Texas Civil War Museum. The hotel features a sun terrace and a 24-hour front desk.,
Texas,Weatherford,32.74301,-97.65797,SpringHill Suites by Marriott Weatherford Willow Park,3.0,"""Situated in Willow Park", 32 km from Dickies Arena, SpringHill Suites by Marriott Weatherford Willow Park features accommodation with a fitness centre, free private parking and a bar. This 3-star hotel offers a 24-hour front desk, a business centre and free WiFi. The property features an outdoor pool and is set 36 km from Fort Worth Convention Center.,,
Texas,Webster,29.54675,-95.13315,InTown Suites NASA,2.0,"""Featuring 2-star accommodation", InTown Suites Extended Stay Houston TX Webster - NASA is situated in Webster, 31 km from University of Houston and 33 km from BBVA Stadium - Houston Dynamo. The property is around 33 km from Houston Toyota Center, 33 km from Texas Southern University and 34 km from Discovery Green Park. George R. Brown Convention Center is 34 km away and Houston Zoo is 35 km from the hotel.,,,
Texas,Weslaco,26.15504,-97.96771,Vali Ho Motel,2.0,"""Vali Ho Motel By OYO Weslaco Mercedes is located in Weslaco. Free Wi-Fi access is available.",,,,,,
Texas,Wharton,29.32208,-96.10737,Express Inn,2.0,"""Located in Wharton", Express Inn provides 2-star accommodation with private balconies. This 2-star motel offers a 24-hour front desk.,,,,,
Texas,Willis,30.40272,-95.56775,The Landing at Seven Coves,3.0,"""The Landing at Seven Coves offers accommodation in Willis.",,,,,,
Texas,Willis,30.4035,-95.5684,Sunset Harbor Resort,3.0,Guests can enjoy the convenience of 24-hour reception. Guests can enjoy access to the internet to stay connected to work or home. There is a laundry service. The establishment is wheelchair-accessible. The on-site car park may be useful to those arriving by car. Check-out is at . Guests can make use of the car hire service to explore the surrounding area. This establishment allows pets. Large pets are allowed at this establishment.,NO Connecting rooms Vacation resort NO Disability-friendly bathroom NO Wheelchair-accessible NO Smoking rooms NO Small pets allowed (under 5 kg) NO Large pets allowed (over 5 kg) NO Car park NO Garage Car hire Laundry service Casino Sauna Hot tub Spa centre   Waterskiing Windsurfing Tennis,,7041 Kingston Cove Lane Willis WillisTexas 77318 ,77318,4105240295,http://www.sunset-harbor-resort.us/
Texas,Willis,30.3944,-95.52809,Lake Conroe Full Studio Cabin 1,5.0,"""Situated in Willis in the Texas region", Lake Conroe Full Studio Cabin 1 features accommodation with free WiFi.,,,,,
Texas,Willis,30.3944,-95.52809,Lake Conroe Full Studio Cabin 2,5.0,"""Set in Willis in the Texas region", Lake Conroe Full Studio Cabin 2 offers accommodation with free WiFi.,,,,,
Texas,Willis,30.3944,-95.52809,Lake Conroe Queen Studio Cabin 5,5.0,"""Located 32 km from Cynthia Woods Mitchell Pavilion in Willis", Lake Conroe Queen Studio Cabin 5 provides accommodation with air conditioning and free WiFi.,,,,,
Texas,Willis,30.3944,-95.52809,Lake Conroe Queen Studio Cabin 6,5.0,"""Situated in Willis in the Texas region", Lake Conroe Queen Studio Cabin 6 features accommodation with free WiFi.,,,,,
Texas,Willis,30.3944,-95.52809,Lake Conroe Queen Studio Cabin 7,5.0,"""Situated in Willis in the Texas region", Lake Conroe Queen Studio Cabin 7 features accommodation with free WiFi.,,,,,
Texas,Willis,30.3944,-95.52809,Lake Conroe Queen Studio Cabin 8,5.0,"""Situated in Willis in the Texas region", Lake Conroe Queen Studio Cabin 8 features accommodation with free WiFi.,,,,,
Texas,Willis,30.3944,-95.52809,Lake Conroe Queen Studio Cabin 9,5.0,"""Situated in Willis in the Texas region", Lake Conroe Queen Studio Cabin 9 features accommodation with free WiFi.,,,,,
Texas,Willis,30.3944,-95.52809,Lake Conroe Queen Studio Cabin 10,5.0,"""Situated in Willis in the Texas region", Lake Conroe Queen Studio Cabin 10 features accommodation with free WiFi.,,,,,
Texas,Willis,30.3944,-95.52809,Lake Conroe Queen Studio Cabin 11,5.0,"""Situated in Willis in the Texas region", Lake Conroe Queen Studio Cabin 11 features accommodation with free WiFi.,,,,,
Texas,Willis,30.3944,-95.52809,Lake Conroe Queen Studio Cabin 12,5.0,"""Located in Willis in the Texas region", Lake Conroe Queen Studio Cabin 12 provides accommodation with free WiFi.,,,,,
Texas,Wimberley,30.01922,-98.11698,The Lodge at Cypress Falls,2.0,"""The Lodge at Cypress Falls has an outdoor swimming pool", tennis court and BBQ facilities in Wimberley. This inn offers a 24-hour front desk and a shared lounge.,,,,,
Texas,Wimberley,29.95513,-98.09435,Mountain View Lodge,4.0,"""Offering an outdoor pool", The Bygone is set in Wimberley in Texas Hill Country. The lodge is on 2.2 hectares overlooking the Blanco River Valley.,,,,,
Texas,Wimberley,29.98576,-98.10874,7A Ranch,5.0,"""Located in Wimberley and with Texas State University reachable within 24 km", 7A Ranch provides an outdoor swimming pool, allergy-free rooms, free WiFi and a garden. The property is around 38 km from Schlitterbahn Waterpark Resort, 39 km from Comal River and 47 km from Canyon Lake. The accommodation offers evening entertainment and a 24-hour front desk.,,
Texas,Wimberley,29.99621,-98.09014,Wimberley Inn,3.0,"""Located in Wimberley", 24 km from Texas State University, Wimberley Inn provides accommodation with a garden, free private parking, a terrace and a bar. The 3-star hotel has air-conditioned rooms with a private bathroom and free WiFi. Guests can enjoy garden views.,,
Texas,Wimberley,30.07507,-98.12387,Hilltop Hideaway And Bunkhouse Combo Home,5.0,"""Hilltop Hideaway and Bunkhouse Combo Home is a holiday home located in Wimberley", 42 km from Austin. The unit is 28 km from San Marcos.,,,,,
Texas,Wimberley,30.02023,-98.11831,Creekside Country Cabin,5.0,"""Creekside Country Cabin is situated in Wimberley. The air-conditioned accommodation is 31 km from Gruene.",,,,,,
Texas,Wimberley,29.99744,-98.09862,Wimberley Log Cabins Resort and Suites Unit 1,5.0,"""Located in Wimberley in the Texas region", Wimberley Log Cabins Resort and Suites- Unit 1 features a patio. The air-conditioned accommodation is 25 km from Texas State University, and guests benefit from private parking available on site and free WiFi.,,,,
Texas,Wimberley,29.99744,-98.09862,Wimberley Log Cabins Resort and Suites Unit 2,5.0,"""Located in Wimberley in the Texas region", Wimberley Log Cabins Resort and Suites- Unit 1 features a patio. The air-conditioned accommodation is 25 km from Texas State University, and guests benefit from private parking available on site and free WiFi.,,,,
Texas,Wimberley,30.00603,-98.11054,Wimberley Log Cabins Resort and Suites Unit 3,5.0,"""Set in Wimberley in the Texas region", Wimberley Log Cabins Resort and Suites- Unit 3 features a patio. The air-conditioned accommodation is 26 km from Texas State University, and guests benefit from complimentary WiFi and private parking available on site.,,,,
Texas,Wimberley,29.99744,-98.09862,Wimberley Log Cabins Resort and Suites Unit 4,5.0,"""Wimberley Log Cabins Resort and Suites - Unit 4 is located in Wimberley. The air-conditioned accommodation is 21 km from Canyon Lake", and guests benefit from private parking available on site and free WiFi.,,,,,
Texas,Wimberley,29.99744,-98.09862,Wimberley Log Cabins Resort and Suites Unit 5,5.0,"""Wimberley Log Cabins Resort and Suites - Unit 5 is set in Wimberley. The accommodation is 29 km from Gruene", and guests benefit from private parking available on site and free WiFi.,,,,,
Texas,Wimberley,29.99744,-98.09862,Wimberley Log Cabins Resort and Suites Unit 6,5.0,"""Wimberley Log Cabins Resort and Suites - Unit 6 is located in Wimberley and offers an outdoor swimming pool. The air-conditioned accommodation is 23 km from Dripping Springs", and guests benefit from complimentary WiFi and private parking available on site.,,,,,
Texas,Wimberley,29.99744,-98.09862,Wimberley Log Cabins Resort and Suites Unit 7,5.0,"""Located in Wimberley in the Texas region", Wimberley Log Cabins Resort and Suites- Unit 1 features a patio. The air-conditioned accommodation is 25 km from Texas State University, and guests benefit from private parking available on site and free WiFi.,,,,
Texas,Wimberley,29.99744,-98.09862,Wimberley Log Cabins Resort and Suites Unit 8,5.0,"""Wimberley Log Cabins Resort and Suites - Unit 8 is located in Wimberley. The air-conditioned accommodation is 23 km from Dripping Springs", and guests benefit from complimentary WiFi and private parking available on site.,,,,,
Texas,Wimberley,29.99744,-98.09862,Wimberley Log Cabins Resort and Suites The Oak Lodge,5.0,"""Wimberley Log Cabins Resort and Suites - The Oak Lodge is located in Wimberley. The air-conditioned accommodation is 29 km from Gruene", and guests benefit from private parking available on site and free WiFi.,,,,,
Texas,Wimberley,29.99744,-98.09862,Wimberley Log Cabins Resort and Suites Reunion Cabin,5.0,"""Wimberley Log Cabins Resort and Suites - Reunion Cabin is located in Wimberley. The air-conditioned accommodation is 23 km from Dripping Springs", and guests benefit from complimentary WiFi and private parking available on site.,,,,,
Texas,Wimberley,30.01999,-98.01599,River Mountain Retreat,5.0,"""Featuring air conditioning", River Mountain Retreat is located in Wimberley, 38 km from Austin. San Marcos is 17 km from the property.,,,,
Texas,Winnie,29.82972,-94.38446,Winnie Inn and Suites,2.0,"""The Winnie Inn and Suites is 20 minutes drive from the Ford Park Arena. Guests of this hotel will enjoy an outdoor pool on site and a daily continental breakfast is offered.",,,,,,
Texas,Woodway,31.50353,-97.19909,Staybridge Suites - Waco South - Woodway,5.0,"""Set in Woodway", Staybridge Suites Waco South - Woodway, an IHG Hotel features an outdoor swimming pool, fitness centre, bar, and free WiFi throughout the property. The property is non-smoking and is situated 10 km from Waco Convention Center.,
Texas,Zapata,26.89145,-99.2615,Falcon Executive Inn,4.0,"""Falcon Executive Inn is a 4-star property located in Zapata. With an outdoor swimming pool", the 4-star motel has air-conditioned rooms with free WiFi, each with a private bathroom. Guests can enjoy city views.,,,,
