State,City,Latitude,Longitude,HotelName,StarRating,Description,HotelFacilities,Attractions,Address,ZipCode,PhoneNumber,HotelWebsiteUrl
Utah,Alta,40.588769294,-111.63872659,Goldminers Daughter Lodge,4.0,,,,10160 East Highway 210 AltaUtah 84092 ,84092,8017422300,http://www.goldminersdaughterlodge.com/
Utah,Alta,40.59103,-111.63318,The Snowpine Lodge,4.0,"""Featuring a hot tub", this Alta, Utah lodge features ski-in access of Alta Ski Lift and modern conveniences like an iHome docking station.,,,,
Utah,Alta,40.58955,-111.63673,Alta Lodge,5.0,"""Located at the base of the Alta Ski Area", Alta Lodge offers ski-in/ski-out accommodations. A free full breakfast and 4-course dinner are served daily.,,,,,
Utah,Beaver,38.28045,-112.64104,Delano Motel,4.0,"""DeLano Motel & RV Park in Downtown Beaver is 1 hour 45 minutes drive from Zion National Park. All rooms are equipped with a cable TV. There is also a fiber optic connection. Free WiFi is provided.",,,,,,
Utah,Blanding,37.61706,-109.47772,Prospector Motor Lodge,2.0,"""Located off Highway 191", this Blanding, Utah hotel offers rooms with a 32-inch flat-screen TV with digital streaming services, a refrigerator and a microwave.  Blanding Municipal Airport is 4-minutes drive from the hotel.,,,
Utah,Blanding,37.62551,-109.47925,Stone Lizard Lodging,3.0,"""Offering free Wi-Fi", this motel is 1 hour 5 minutes drive from Natural Bridges National Monument. All air-conditioned guest rooms feature an en suite bathroom. Free parking is provided on site.,,,,,
Utah,Blanding,37.62353,-109.47819,Cliff Palace Motel,3.0,"""Blue Sage Inn & Suites is a 3-star property situated in Blanding. This 3-star hotel offers a concierge service. The hotel features both free WiFi and free private parking.",,,,,,
Utah,Blanding,37.70591,-109.51128,Abajo Haven Guest Cabins,2.0,"""These guest cottages are 45 miles from Natural Bridges National Monument and 90 minutes drive from the 4 Corners. Free Wi-Fi is available in all cottages.",,,,,,
Utah,Blanding,37.62543,-109.47596,Four Corners Inn,2.0,"""Serving a free continental breakfast daily", Four Corners Inn is located in Blanding. All rooms are equipped with a flat-screen TV with satellite channels. Free WiFi access is available.,,,,,
Utah,Blanding,37.62756,-109.48501,Cedar Canyon Condos,5.0,"""Situated in Blanding in the Utah region", Cedar Canyon Condos features accommodation with free WiFi, as well as access to a hot tub.,,,,
Utah,Blanding,37.5972,-109.47875,Blue Mountain RV Park,5.0,"""Blue Mountain RV Park is situated in Blanding", 35 km from Bluff. Free WiFi is featured throughout the property.,,,,,
Utah,Blanding,37.66124,-109.48339,Cedars Cabin,5.0,"""Located in Blanding", The Cedars Country Cottage, Solitude, Amazing Night Skies!! provides air-conditioned accommodation with a patio and free WiFi. Featuring free private parking, the holiday home is in an area where guests can engage in activities such as hiking, fishing and tennis.,
Utah,Blanding,37.62394,-109.48729,Happy Trails Home Relaxing Comfortable,5.0,"""Happy Trails Home", 2 Bedroom, Relaxing, Comfortable is situated in Blanding and offers a garden and barbecue facilities. The accommodation is 42 km from Bluff, and guests benefit from complimentary WiFi and private parking available on site.,,
Utah,Blanding,37.62705,-109.48552,Canyonlands Lodging Grandma's House,5.0,"""Located in Blanding", 6 km from Blanding Heliport and 6 km from Blanding Municipal Airport, Hot Tub and Grandmas Cottage, Charming and Nostalgic offers a garden and air conditioning. This holiday home provides free private parking, a 24-hour front desk and free WiFi.,,
Utah,Blanding,37.61884,-109.48129,Cowboy Camp Home with Hot Tub,5.0,"""Hot Tub and Grandpas Cowboy Cottage near 14 Parks and Monuments is set in Blanding and offers a garden", barbecue facilities and a terrace. The air-conditioned accommodation is 31 km from Monticello, and guests benefit from private parking available on site and free WiFi.,,,,
Utah,Blanding,37.64158,-109.46408,Grayson Down,5.0,"""Set in Blanding in the Utah region", Grayson Down - An Artists Retreat has a garden. The air-conditioned accommodation is 28 km from Monticello, and guests benefit from private parking available on site and free WiFi.,,,,
Utah,Blanding,37.6554,-109.47439,Juniper Ridge Family Cabin,5.0,"""Featuring a shared lounge and barbecue facilities", Juniper Ridge 5 BR Family Cabin offers accommodation in Blanding with free WiFi and mountain views. Boasting free private parking, the holiday home is in an area where guests can engage in activities such as hiking, snorkelling and cycling.,,,
Utah,Blanding,37.67324,-109.40492,Mustang Mesa,5.0,"""Featuring a shared lounge", Wrap Around Deck, Mustang Mesa Cabin offers accommodation in Blanding with free WiFi and mountain views. Boasting free private parking, the holiday home is in an area where guests can engage in activities such as hiking and cycling.,,,
Utah,Bluff,37.28069,-109.5723,Desert Rose Inn & Cabins,3.0,"""Offering free Wi-Fi", this hotel is 40 minutes drive from Monument Valley. Each room features a flat-screen TV with cable channels.,,,,,
Utah,Bluff,37.28274,-109.55948,Kokopelli Inn,1.0,"""Offering a deli", this motel is 10 minutes walk from Cottonwood Wash. WiFi access is provided.,,,,,
Utah,Bluff,37.28597,-109.5505,La Posada Pintada,3.0,"""Located within 45 miles of Monument Valley", Natural Bridges National Park and Four Corners, this inn offers a continental breakfast. Free Wi-Fi and a private patio are included in each guest room.,,,,
Utah,Bluff,37.28132,-109.56864,Mokee Motel,2.0,"""Featuring free WiFi", Mokee Motel is located in Bluff. All rooms are equipped with a flat-screen satellite TV. Monument Valley is 75.5 km from the motel.,,,,,
Utah,Bluff,37.2823,-109.57057,Willow Street Cottages,5.0,"""Featuring an on-site vineyard", Willow Street Cottages offers pet-friendly accommodation in Bluff. Free private parking is available on site.,,,,,
Utah,Bluff,37.28296,-109.55195,Bluff Gardens,5.0,"""Set in Bluff", Utah within 24 km of Bears Ears National Monument, Bluff Gardens offers accommodation with air conditioning. This property offers access to a patio.,,,,
Utah,Bluff,37.28433,-109.55532,Jens Nielsen House in Bluff Utah,5.0,"""Located in Bluff in the Utah region", Amazing Jens Nielsens Pioneer Home in Bluff Utah features a garden. This holiday home provides free private parking, a 24-hour front desk and free WiFi.,,,,
Utah,Bluff,37.28448,-109.55128,Cliff Dweller Condo #4,5.0,"""Set in Bluff in the Utah region", Bluff Cliff Dweller #4 has a garden. The accommodation is 38 km from Blanding, and guests benefit from private parking available on site and free WiFi.,,,,
Utah,,37.69352,-112.8501,Aspens Whispering Hideaway,5.0,,,,312 South Highway 143 6A Brian HeadUtah 84719 ,84719,,https://www.booking.com/hotel/us/aspens-whispering-hideaway.html
Utah,,37.7374001,-113.0739975,Willow Glen Inn B And B,3.0,,NO Disability-friendly bathroom NO Large pets allowed (over 5 kg) NO Connecting rooms NO Car park NO Garage NO Small pets allowed (under 5 kg) NO Smoking rooms NO Wheelchair-accessible,,3308 N Bulldog Rd Cedar CityUtah 84721 ,84721,4355863275,http://www.willowgleninn.com
Utah,,37.69352,-112.8501,Aspens Whispering Hideaway,5.0,,,,312 South Highway 143 6A Brian HeadUtah 84719 ,84719,,https://www.booking.com/hotel/us/aspens-whispering-hideaway.html
Utah,Clearfield,41.11564,-112.02564,The Charin Inn,2.0,"""Conveniently located off Interstate 15", this Clearfield, Utah motel offers a covered patio area with a BBQ grill and rooms with free Wi-Fi.  Hill Air Force Base is 10 minutes drive away.,,,,
Utah,Durchesne,40.16204,-110.40151,Harrison Inn,2.0,"""Harrison Inn offers accommodation in Duchesne.",,,,,,
Utah,Durchesne,40.1634,-110.40175,Duchesne River Inn,5.0,,,,23 W Main Street DuchesneUtah 84021 ,84021,,
Utah,Eden,41.304741178723,-111.83036506176,The Red Moose Lodge,3.0,HotelDescription#Further information about this hotel will be available shortly,NO Wheelchair-accessible NO Car park NO Connecting rooms NO Large pets allowed (over 5 kg) NO Smoking rooms NO Garage NO Disability-friendly bathroom NO Small pets allowed (under 5 kg),,2547 N Valley Junction Drive P.O. Box 133EdenUtah 84310 ,84310,8017456667,http://www.theredmooselodge.com
Utah,Eden,41.37932,-111.78234,Powder Ridge Village,5.0,"""Located in Eden", Powder Ridge Village offers an indoor pool and a hot tub.  Sundown Ski Lift is 5 minutes walk from the property. Guests can enjoy a fireplace in each apartment.,,,,,
Utah,Eden,41.33234,-111.82613,Wolf Creek Village,5.0,"""Located in Wolf Creek", Wolf Creek Village offers an outdoor pool and a hot tub. Guests can enjoy a fireplace in each apartment. Powder Mountain Ski Area is 10 minutes drive from the property.,,,,,
Utah,Eden,41.32584,-111.8292,Wolf Lodge Condo #303,5.0,"""Located in Eden in the Utah region", Wolf Lodge Condo #303 has a patio. The air-conditioned accommodation is 24 km from Ogden, and guests benefit from private parking available on site and free WiFi.,,,,
Utah,Eden,41.32584,-111.8292,Wolf Lodge Condo #201,5.0,"""Set in Eden", Wolf Lodge Condo #201 provides accommodation with a patio and free WiFi. The air-conditioned accommodation is 26 km from Brigham City.,,,,,
Utah,Eden,41.32584,-111.8292,Wolf Lodge Condo #1111,5.0,"""Wolf Lodge Condo #1111 is a holiday home located in Eden in Utah.",,,,,,
Utah,Eden,41.32584,-111.8292,Wolf Lodge Condo #302,5.0,"""Offering a ski school and ski storage space", Wolf Lodge Condo #302 is situated in Eden in the Utah Region. The accommodation features a hot tub. Ogden is 17 km away. Free WiFi is featured throughout the property.,,,,,
Utah,Eden,41.32584,-111.8292,Wolf Lodge Condo #1408,5.0,"""Offering a hot tub and fitness centre", Wolf Lodge Condo #1408 is located in Eden. The accommodation boasts a hot tub.,,,,,
Utah,Eden,41.32484,-111.82467,Cascades Luxury Condo,5.0,"""Cascades-102 is a holiday home situated in Eden in Utah. Free WiFi is offered throughout the property.",,,,,,
Utah,Eden,41.323,-111.8261,Moose Hollow Condo #1106,5.0,"""Moose Hollow 1106 is located in Eden. The air-conditioned accommodation is 24 km from Ogden", and guests benefit from complimentary WiFi and private parking available on site.,,,,,
Utah,Eden,41.32376,-111.82531,Moose Hollow Condo #209,5.0,"""Set in Eden in Utah", this apartment is 850 metres from Wolf Creek Village.,,,,,
Utah,Eden,41.32315,-111.82558,Moose Hollow Condo #1206,5.0,"""Moose Hollow Condo #1206 is a apartment located in Eden", Utah, 850 metres from Wolf Creek Village.,,,,
Utah,Eden,41.32584,-111.8292,Wolf Lodge Condo #1211,5.0,"""Offering a seasonal pool and hot tub", Wolf Lodge #1211 is situated in Wolf Creek Resort in Eden, Utah.,,,,
Utah,Eden,41.32584,-111.8292,Wolf Lodge Condo #701,5.0,"""Offering a seasonal pool and hot tub", Wolf Lodge Condo #701 is situated in Wolf Creek Resort in Eden Utah.,,,,,
Utah,Eden,41.32584,-111.8292,Wolf Lodge Condo #801,5.0,"""Wolf Lodge Condo #801 offers accommodation in Eden", 17 km from Ogden. A seasonal outdoor pool and hot tub are available on-site.,,,,,
Utah,Eden,41.32332,-111.82595,Moose Hollow Condo #407,5.0,"""Situated 850 metres from Wolf Creek Village", Moose Hollow Condo #407 offers accommodation in Eden. The air-conditioned unit is 17 km from Ogden.,,,,,
Utah,Eden,41.32584,-111.8292,Wolf Lodge #811,5.0,"""Located in Eden", this air-conditioned apartment features a front patio with views of the pool and a private back balcony with views of Nordic Valley and Ben Lomond Peak. Free WiFi is available throughout the property. Powder Mountain is a 10 minute drive from the property.,,,,,
Utah,Eden,41.32584,-111.8292,Wolf Lodge Condo #410,5.0,"""Offering a hot tub and fitness centre", Wolf Lodge Condo #410  near Powder Mountain, Snowbasin, Nordic Valley and Pineview is set in Eden in the Utah Region. The accommodation features a hot tub.,,,
Utah,Eden,41.3247,-111.8306,Wl1106,5.0,"""Boasting a sauna", Wolf Lodge Condo #1106 is located in Eden. Complimentary WiFi is provided throughout the property.,,,,,
Utah,Eden,41.3243,-111.8303,Wl1204,5.0,"""Boasting air-conditioned accommodation with a patio", WL1204 is situated in Eden. This holiday home features accommodation with a balcony.,,,,,
Utah,Eden,41.323,-111.8261,Mh1106,5.0,"""Featuring air-conditioned accommodation with a terrace", Moose Hollow 1106 is situated in Eden. The property has lake views.,,,,,
Utah,Escalante,37.76757,-111.68117,Slot Canyons Inn,5.0,"""Set in Escalante", Slot Canyons Inn Bed & Breakfast has a restaurant, shared lounge, terrace, and free WiFi. Free private parking is available on site.,,
Utah,Escalante,37.76997,-111.60217,Cowboy Country Inn,2.0,"""Featuring free WiFi", this inn is 5 minutes drive from Escalante Petrified Forest State Park. Each themed room offers a patio with a view and a flat-screen cable TV.,,,,,
Utah,Escalante,37.77092,-111.60762,Prospector Inn,5.0,"""Prospector Inn features air-conditioned rooms in Escalante. All rooms feature a flat-screen TV with cable channels and a private bathroom. The motel provides both free WiFi and free private parking.",,,,,,
Utah,Escalante,37.77097,-111.60604,The Inn of Escalante Adults Only,4.0,"""The Inn of Escalante-Adults Only is 25 minutes drive from Phipps Arch. Free WiFi access is available. All rooms feature mountain views and a balcony or patio.",,,,,,
Utah,Escalante,37.7706,-111.60616,Escalante Outfitters,2.0,"""Set in Escalante", Escalante Outfitters has barbecue facilities, a picnic area and free WiFi. Concierge services are available.,,,,
Utah,Escalante,37.76631,-111.59625,Wild West Retreat,,"""Wild West Retreat has garden views", free WiFi and free private parking, situated in Escalante.,,,,
Utah,Escalante,37.77005,-111.59813,Canyons Bed & Breakfast,5.0,"""The Loubird Inn in Escalante has barbecue facilities and a garden. All rooms boast a flat-screen TV with Roku TV channels and a private bathroom. Free WiFi is included.",,,,,,
Utah,Escalante,37.78873,-111.59108,Escalante Yurts,5.0,"""Escalante Yurts Luxury Glamping has mountain views", free WiFi and free private parking, situated in Escalante.,,,,
Utah,Escalante,37.76017,-111.60057,Green Acres Escalante,5.0,"""Green Acres Escalante is a detached holiday home with a covered patio", located in Escalante in Utah. Guests benefit from free WiFi and private parking available on site.,,,,,
Utah,Glendale,37.31954,-112.59756,Apple Hollow Cabins,5.0,"""Situated in Glendale", 35 km from Zion National Park, Apple Hollow Cabins boasts a barbecue and views of the mountain. Bryce Canyon National Park is 81.7 km from the property.,,,,
Utah,Glendale,37.33982,-112.60621,The Cabin at Lydia's Canyon,5.0,"""Offering barbecue facilities and mountain view", The Cabin at Lydias Canyon is set in Glendale, 6.3 km from Tortoise and Hare Trailer Court and 9 km from Orderville. This property offers access to a patio and free private parking.,,,,
Utah,Hatch,37.65357,-112.43455,Bryce Zion Inn,2.0,"""Offering free WiFi", this motel is located in Hatch. All rooms feature mountain views. Bryce Canyon National Park is 30 minutes drive from the motel.,,,,,
Utah,Hatch,37.64788,-112.43451,Mountain Ridge Cabins & Lodging,3.0,"""Mountain Ridge Cabins and Lodging is located in Hatch. Free WiFi access is available. Bryce Canyon National Park is 39 km and Zion National Park is 77 km from the property.",,,,,,
Utah,Hatch,37.64688,-112.43434,Hatch Station Bryce Canyon,3.0,"""Situated in Hatch", 43 km from Sunrise Point, Hatch Station Bryce Canyon features accommodation with free WiFi and free private parking. This 3-star motel offers room service. The property is non-smoking and is set 47 km from Sunset Point.,,,,
Utah,Hatch,37.65579,-112.43089,The Lookout at Sevier River,5.0,"""Featuring river views", The Lookout at Sevier River features accommodation with a garden and a balcony, around 43 km from Sunrise Point. Boasting free private parking, the holiday home is in an area where guests can engage in activities such as hiking and fishing.,,,
Utah,Hatch,37.65331,-112.42949,Sevier River Retreat,5.0,"""Boasting barbecue facilities", Sevier River Retreat offers accommodation in Hatch with free WiFi and river views. Featuring a patio, the holiday home is in an area where guests can engage in activities such as hiking and fishing.,,,,
Utah,Hatch,37.64545,-112.42424,Sevier River Ranch & Cattle Company,5.0,"""Located in Hatch in the Utah region and Sunrise Point reachable within 44 km", Sevier River Ranch & Cattle Company provides accommodation with free WiFi, BBQ facilities, a garden and free private parking.,,,
Utah,Hatch,37.65344,-112.43421,Galaxy Of Hatch Diner & Motel,5.0,"""Situated in Hatch", 42 km from Sunrise Point, Galaxy of Hatch Between Bryce & Zion features accommodation with free WiFi and free private parking. The property is located 34 km from Daves Hollow Forest Service Station, 35 km from Pink Cliffs Village and 43 km from Three Wisemen. The property is non-smoking and is set 46 km from Sunset Point.,,,
Utah,Hatch,37.65475,-112.43358,Bear In The Bed and Breakfast,5.0,"""Serving a hot breakfast daily", this bed and breakfast is 69.4 km from Dixie National Forest. Each room offers free WiFi and mountain views. Guests can enjoy a shared lounge and TV area.,,,,,
Utah,Huntsville,41.24513,-111.76973,Jackson Fork Inn LLC,3.0,"""Jackson Fork Inn", LLC is situated in Huntsville, 14 km from Wolf Mountain Ski Area, and provides free WiFi. The property is located 3.2 km from Snowbasin Ski Area. Guests can enjoy mountain views.,,,
Utah,Huntsville,41.2609,-111.77198,Valley House Inn,3.0,"""Located 15 minutes drive from Snowbasin Ski Resort", this historic Utah hotel offers a hot tub and sauna. All guest rooms include a fireplace and free Wi-Fi.,,,,,
Utah,Huntsville,41.2508,-111.7922,Retreat Unit 86,5.0,"""Retreat Unit 86 is located in Huntsville. It is situated 12 km from Wolf Mountain Ski Area and features free WiFi plus a 24-hour front desk.",,,,,,
Utah,Hurricane,37.16498,-113.44196,Coral Springs Resort,4.0,"""Located in Saint George", Utah, 24 miles from Zion National Park, this luxury resort offers an outdoor pool and a gym. All guest accommodations boast a full kitchen and a spa bath. Free Wi-Fi is included.,,,
Utah,Hurricane,37.16967,-113.29548,Redhen Rental Near Zion National Park,5.0,"""Offering accommodations with free WiFi and a kitchen", Redhen Rental near Zion National Park is located in Hurricane, 38.3 km from Zion National Park. St. George is 30 km away. Free WiFi is featured throughout the property.,,,,
Utah,Hurricane,37.1393,-113.3864,Sand Hollow 4242,5.0,"""Boasting air-conditioned accommodation with a private pool", Sand Hollow 4242 is set in Hurricane. Featuring free private parking, the holiday home is in an area where guests can engage in activities such as hiking, cycling and table tennis.,,,
Utah,Hurricane,37.15952,-113.43866,Family Hideaway,4.0,"""Boasting a hot tub", Family Hideaway is situated in Washington. This property offers access to a patio, free private parking and free WiFi.,,,,
Utah,Hurricane,37.15991,-113.0615,Red Rock Oasis,5.0,"""Zion Red Rock Oasis features mountain views", free WiFi and free private parking, set in Grafton.,,,,
Utah,Ivins,37.19494,-113.62086,Fore The Record Book,5.0,"""Boasting a terrace and a 24-hour front desk", Red Rock Peace is situated conveniently in Ivins, 12 km from Brigham Young Winter Home Historical Site and 12 km from Pioneer Center for the Arts. The air-conditioned accommodation is 13 km from St George Temple, and guests benefit from private parking available on site and free WiFi.,,,
Utah,Ivins,37.1963,-113.62172,Quail Corner,5.0,"""Featuring a terrace and a 24-hour front desk", Quail Corner is well set in Ivins, 12 km from Brigham Young Winter Home Historical Site and 12 km from Pioneer Center for the Arts. The air-conditioned accommodation is 14 km from St George Temple, and guests benefit from private parking available on site and free WiFi.,,,
Utah,Ivins,37.19539,-113.62013,Gardiner's Getaway,5.0,"""Boasting a terrace and a 24-hour front desk", Western Sky is ideally situated in Ivins, 12 km from Brigham Young Winter Home Historical Site and 12 km from Pioneer Center for the Arts. The air-conditioned accommodation is 13 km from St George Temple, and guests benefit from private parking available on site and free WiFi.,,,
Utah,Ivins,37.16879,-113.64869,Snow Canyon Retreat #13,4.0,"""Snow Canyon Retreat #13 is located in Ivins", 11 km from St George Temple, 8.1 km from Jacob Hamblin House, and 10 km from Brigham Young Winter Home Historical Site. This property offers access to a patio, free private parking and free WiFi.,,
Utah,Kamas,40.68128,-111.43331,Sophisticated Condo #f Condo,5.0,"""Set in Heber City in the Utah region", Sophisticated Condo #F Condo features a patio. The air-conditioned accommodation is 10 km from Park City, and guests benefit from complimentary WiFi and private parking available on site.,,,,
Utah,Kamas,40.68205,-111.43542,14345 North Buckhorn Trail Condo by RedAwning,5.0,"""Located in Keetley Junction", this air-conditioned apartment is 7 km from Park City. Guests benefit from balcony.,,,,,
Utah,Kamas,40.67809,-111.43002,Council Fire 14021 Townhouse,5.0,"""Located in Keetley Junction", this holiday home is set 7 km from Park City. The air-conditioned unit is 40 km from Salt Lake City.,,,,,
Utah,Kamas,40.68216,-111.43358,14350 North Rendezvous Trail Home Unit A,5.0,"""Located in Keetley Junction in the Utah region", 14350 North Rendezvous Trail Home Unit A features a patio. The air-conditioned accommodation is 10 km from Park City, and guests benefit from private parking available on site and free WiFi.,,,,
Utah,Kamas,40.68175,-111.4337,14330 N Rendezvous Trail Townhouse,5.0,"""Set in Keetley Junction in the Utah region", 14330 N Rendezvous Trail Townhouse has a patio. The air-conditioned accommodation is 10 km from Park City, and guests benefit from complimentary WiFi and private parking available on site.,,,,
Utah,Kamas,40.68129,-111.43383,1176 W. Wintercress Trail Townhome Unit 33c Townhouse,5.0,"""Located in Keetley Junction in the Utah region", 1176 W. Wintercress Trail Townhome Unit 33C Townhouse has a balcony. The air-conditioned accommodation is 10 km from Park City, and guests benefit from complimentary WiFi and private parking available on site.,,,,
Utah,Kamas,40.68135,-111.43391,1182 W Wintercress Trail Townhouse,5.0,"""Situated in Keetley Junction in the Utah region", 1182 W Wintercress Trail Townhouse has a patio. The air-conditioned accommodation is 10 km from Park City, and guests benefit from private parking available on site and free WiFi.,,,,
Utah,Kanab,37.04228,-112.52682,Redrock Country Inn,2.0,"""Featuring a seasonal outdoor swimming pool", this motel is 10 minutes drive from Best Friends Animal Sanctuary. Each room offers free WiFi.,,,,,
Utah,Kanab,37.04221,-112.52617,Sun-n-Sands Motel,5.0,"""Set in Kanab", Sun -N- Sand Motel features a garden. There is a barbecue and guests can make use of free WiFi and free private parking.,,,,,
Utah,Kanab,37.05029,-112.53522,Quail Park Lodge A Canyons Collection Property,2.0,"""Located 30 minutes drive from the entrance of Zion National Park", this Kanab, Utah lodge features a seasonal outdoor pool. A free breakfast and free bicycles are offered daily.,,,,
Utah,Kanab,37.05242,-112.53047,Grand Circle Bed And Breakfast,5.0,"""Situated in Kanab", Grand Circle Lodge has a garden, shared lounge, terrace, and free WiFi. Boasting a shared kitchen, this property also provides guests with a barbecue. The guest house features family rooms.,
Utah,Kanab,37.05659,-112.5239,Black Feather Tipi,4.0,"""Offering a breakfast on a furnished garden patio", this Kanab B&B is located just 40 miles from Zion National Park. A hot tub is provided on site.,,,,,
Utah,Kanab,37.00445,-112.3945,Basecamp 37°,5.0,"""BaseCamp 37° is set in Kanab.",,,,,,
Utah,Kanab,37.05172,-112.53462,The Cowboy Bunkhouse,5.0,"""Situated in Kanab", The Cowboy Bunkhouse Hostel has a shared lounge, garden and free WiFi. The accommodation features a shared kitchen, and luggage storage for guests.,,,
Utah,Kanab,37.04093,-112.50946,Red Canyon Cabins,4.0,"""Situated in Kanab", Red Canyon Cabins features accommodation with free WiFi and a garden with a barbecue and mountain views.,,,,,
Utah,Kanab,37.01899,-112.54679,Kokopelli Kottage,5.0,"""Boasting a garden", a terrace, and a tennis court, Kokopelli Kottage offers accommodation in Kanab with free WiFi and mountain views. Featuring free private parking, the holiday home is in an area where guests can engage in activities such as hiking, skiing and fishing.,
Utah,Kanab,37.52774,-112.04641,Promise Rock HolmTown,3.0,"""@Holm Bryce features free WiFi and units fitted with a kitchenette.",,,,,,
Utah,Lehi,40.41895,-111.87819,Tru By Hilton Lehi,2.0,"""Featuring 2-star accommodation", Tru By Hilton Lehi, Ut is set in Lehi, 43 km from The Tabernacle and 43 km from Salt Palace. Featuring a fitness centre, the 2-star hotel has air-conditioned rooms with free WiFi, each with a private bathroom. The hotel has an indoor pool and a 24-hour front desk.,
Utah,Loa,38.40125,-111.64236,The Snuggle Inn,4.0,"""THE SNUGGLE INN is a 4-star property situated in Loa. With free WiFi", this 4-star hotel has a shared lounge and a terrace. Some rooms at the property have a balcony with a mountain view.,,,,,
Utah,Logan,41.74267,-111.81198,University Inn & Conference Center,2.0,"""Featuring free Wi-Fi", this hotel is located on the campus of Utah State University. All rooms offer mountain views. A free continental breakfast is served to guests daily.,,,,,
Utah,Logan,41.9504,-111.40008,Conestoga Ranch,3.0,"""Located 10 km from Bear Lake", Conestoga Ranch Glamping Resort provides accommodation with a restaurant, a bar and room service for your convenience. Both WiFi and private parking are available at the tented camp free of charge.,,,,
Utah,Logan,41.7317,-111.83061,The Anniversary Inn Logan,4.0,"""Featuring themed suites", this bed and breakfast is 5 minutes drive from Logan River Golf Course. A signature breakfast is served to each guestroom daily. Free cookies are offered upon check-in.,,,,,
Utah,Logan,41.71321,-112.16564,Marble Motel,2.0,"""Featuring free WiFi", Marble Motel offers pet-friendly accommodation in Tremonton. Free private parking is available on site.,,,,,
Utah,Logan,41.71057,-112.19824,Western Inn,3.0,"""Located in Tremonton", Utah, 10.5 miles from Crystal Hot Springs, this hotel offers a 24-hour reception and a continental breakfast. All guest rooms include free Wi-Fi.,,,
Utah,Logan,41.74072,-111.83436,TownePlace Suites by Marriott Logan,3.0,"""Set in Logan", TownePlace Suites by Marriott Logan features a terrace, BBQ facilities and free WiFi throughout the property. Offering a restaurant, the property also has free bikes, as well as an indoor pool and a fitness centre. Guests can have a drink at the snack bar.,,
Utah,Logan,41.93485,-111.42817,Shundahai Lodge at Bear Lake,5.0,"""Shundahai Lodge at Bear Lake is located in Garden City", 14 km from Bear Lake, in an area where skiing can be enjoyed. The property features mountain views.,,,,
Utah,Logan,41.9302,-111.40022,Two Moose Inn at Bear Lake,5.0,"""Located in Garden City and only 7 km from Bear Lake", Two Moose Inn at Bear Lake provides accommodation with mountain views, free WiFi and free private parking.,,,,
Utah,Logan,41.93174,-111.4283,Bear View Lodge,5.0,"""Set in Garden City", within 14 km of Bear Lake, Bear View Lodge offers accommodation with air conditioning. The property has mountain views.,,,,
Utah,Logan,41.93252,-111.42512,Elks Ridge Retreat,5.0,"""Located in Garden City in the Utah region", Elks Ridge Retreat features a balcony and mountain views. This holiday home provides an ATM and free WiFi.,,,,,
Utah,Logan,41.95969,-111.40875,Harbor Heights,5.0,"""Situated in Garden City", within 11 km of Bear Lake, Harbor Heights offers accommodation with free WiFi, air conditioning and a garden. The property has mountain views.,,,
Utah,Midvale,40.61919,-111.91064,Staybridge Suites Midvale,3.0,,,,747 West Blue Vista Lane MidvaleUT 84047 ,84047,8018710871,http://ichotelsgroup.com/redirect?path=hd&localeCode=en&hotelCode=SLCMV
Utah,Midvale,40.61698,-111.85614,Castle Creek Inn,5.0,"""Situated in Cottonwood Heights", 31 km from Park City, Castle Creek Inn features air-conditioned rooms with free WiFi throughout the property. Free private parking is available on site.,,,,
Utah,Midway,40.52752,-111.49066,WorldMark Midway,4.0,"""Set in Midway", within 30 km of Kimball Art Center and 29 km of Park City Museum, WorldMark Midway offers accommodation with a fitness centre and as well as free private parking for guests who drive. Guests can chill out in the indoor pool.,,,,
Utah,Midway,40.50628,-111.44707,13612 North Hillclimb Lane Townhouse,5.0,"""13612 North Hillclimb Lane Townhouse is situated in Heber City. The air-conditioned accommodation is 31 km from Park City.",,,,,,
Utah,Midway,40.52916,-111.49269,Golf Course Luxury Turnberry 23,5.0,"""Golf Course Luxury Turnberry 23 is situated in Midway. The accommodation is 31 km from Orem.",,,,,,
Utah,Moab,38.65457,-109.42252,Castle Valley Inn,5.0,"""Set in Moab in the Utah region and La Sal Mountain Loop reachable within 35 km", Castle Valley Inn offers accommodation with free WiFi, BBQ facilities, a garden and free private parking.,,,
Utah,Moab,38.67884,-109.44633,Red Cliffs Lodge,3.0,"""This Moab", Utah resort is on Scenic by Way 128 along the Colorado River and 15 miles from Arches National Park. Red Cliffs Lodge boasts a horse corral, Western film museum and Castle Creek Winery.,,,,
Utah,Moab,38.60127,-109.57577,Moab Valley RV Resort & Campground,2.0,"""Offering an outdoor pool and a hot tub", Moab Valley RV Resort & Campground is located in Moab. Free WiFi access is available at this camping area.,,,,,
Utah,Moab,38.58107,-109.55144,Adventure Inn Moab,2.0,"""Located in Moab", within 21 km of Mesa Arch and 23 km of Landscape Arch, Adventure Inn Moab provides accommodation with a garden and free WiFi throughout the property as well as free private parking for guests who drive. This 2-star motel offers room service and a 24-hour front desk. The property is non-smoking and is set 26 km from Delicate Arch.,,,,
Utah,Moab,38.57035,-109.55207,Gonzo Inn,3.0,"""Located in Moab and with Mesa Arch reachable within 22 km", The Gonzo Inn provides concierge services, non-smoking rooms, a seasonal outdoor swimming pool, free WiFi throughout the property and a terrace. The property is set 24 km from Landscape Arch, 28 km from Delicate Arch and 28 km from North Window. Guests can use the hot tub and the spa centre, or enjoy city views.
Utah,Moab,38.59238,-109.56419,Moab Springs Ranch,3.0,"""Situated in Moab", 19 km from Mesa Arch, Moab Springs Ranch features accommodation with a garden, free private parking, a terrace and a restaurant. This 3-star hotel offers luggage storage space and free WiFi. The hotel has family rooms.,,
Utah,Moab,38.55611,-109.53543,Lazy Lizard International Hostel,5.0,"""Located in Moab", The Lazy Lizard provides accommodation with a shared lounge. The property is 11 km from Arches National Park. Free WiFi is available.,,,,,
Utah,Moab,38.99536,-110.16033,Budget Inn Motel,2.0,"""This motel is 10 minutes walk from Green River State Recreational Area. Free Wi-Fi is available in all guest rooms. Parking is provided on site.",,,,,,
Utah,Moab,37.8759,-109.34264,Blue Mountain Horsehead Inn,2.0,"""Located 48 miles from Canyonlands National Park", this motel is 4 minutes drive from Monticello Golf Course. Each room has a TV with free movie channels. Free parking is provided on site.,,,,,
Utah,Moab,38.59698,-109.57152,Aarchway Inn,3.0,"""This unique Moab", Utah inn, is located off Highway 191 and is 5 minutes drive from Arches National Park Entrance Station. An outdoor pool, hot tub and a fitness course are featured. Free WiFi and free shuttle services are provided to guests.,,,
Utah,Moab,38.56522,-109.55031,Big Horn Lodge,2.0,"""Located on Route 191 in Moab", this lodge-style motel features a heated outdoor pool and free Wi-Fi. Arches National Park is just 4 miles away.,,,,,
Utah,Moab,37.8751,-109.34317,Canyonlands Motor Inn,2.0,"""This Monticello motel is within 48 miles of Canyonlands National Park. The motel offers guest rooms with free Wi-Fi", cable TV, microwave and refrigerator.,,,,
Utah,Moab,38.56514,-109.5499,Red Stone Inn,2.0,"""Featuring 2-star accommodation", Red Stone Inn is located in Moab, 22 km from Mesa Arch and 25 km from Landscape Arch. This 2-star inn offers a tour desk and luggage storage space. The inn features a hot tub, a 24-hour front desk and free WiFi throughout the property.,,,
Utah,Moab,38.58164,-109.55189,Inca Inn Motel,2.0,"""The Inca Inn offers free Wi-Fi and is 2.5 miles from Arches National Park. It features guest rooms that include a cable TV", fridge, and microwave.,,,,
Utah,Moab,38.99313,-110.1413,River Terrace Green River,3.0,"""Offering an outdoor pool and a restaurant", River Terrace Inn is located in Green River. Free WiFi access is available. Arches National Park is 40 minutes drive from the hotel.,,,,,
Utah,Moab,37.87979,-109.34317,Inn at the Canyons,2.0,"""This Monticello hotel", just 48 miles from Canyonlands National Park, offers an expansive indoor pool and hot tub. A daily continental breakfast and free Wi-Fi are provided for guests.,,,,
Utah,Moab,38.57167,-109.54842,Rustic Inn,2.0,"""Set against a backdrop of canyon walls", Rustic Inn provides self-catering accommodation in central Moab. The world-famous sandstone formations of Arches National Park are 4.5 miles from the property.,,,,,
Utah,Moab,37.87242,-109.33996,The Monticello Inn,2.0,"""This Monticello motel is within 90 minutes drive of Canyonlands National Park", Natural Bridges National Monument and Mesa Verde. It offers a cable TV in every room.,,,,,
Utah,Moab,38.56028,-109.54702,Silver Sage Inn Moab,2.0,"""This Moab", Utah hotel is within 5 miles of Arches National Park. This hotel features a barbecue area and private storage for outdoor gear.,,,,,
Utah,Moab,37.87265,-109.34293,Wayside Motor Inn,2.0,"""Located in Monticello", 43 km from Newspaper Rock State Historical Monument, Wayside Inn offers express check-in and check-out and free WiFi throughout the property. The property is non-smoking and is set 46 km from Wilson Arch.,,,,
Utah,Moab,38.57338,-109.54974,57 Robbers Roost,4.0,"""Offering free Wi-Fi", these apartments are located in the town centre of Moab. All rooms feature a flat-screen cable TV. Free parking is available to all guests.,,,,,
Utah,Moab,38.56457,-109.54968,Canyonlands RV Resort & Campground,1.0,"""Canyonlands RV Resort & Campground is located in Moab. Guests can enjoy a seasonal outdoor pool. Arches National Park is 10 minutes drive from the property.",,,,,,
Utah,Moab,38.57167,-109.54709,Cali Cochitta Bed & Breakfast,3.0,"""Located in Moab in the Utah region and Mesa Arch reachable within 22 km", Cali Cochitta Vacation Rentals provides accommodation with free WiFi, BBQ facilities, free bikes and free private parking. The accommodation features a hot tub.,,,
Utah,Moab,37.7639988107496,-109.399954005104,Monticello Cabins by Canyonlands Lodging,5.0,,,,6198 South Highway 191 MonticelloUtah ,,4352201050,http://www.canyonlandslodging.com/
Utah,Moab,38.99317,-110.14182,Skyfall Guestrooms,5.0,"""Located in Green River", 48 km from Half Moon Lake, Skyfall Guestrooms provides accommodation with a garden, free private parking and a restaurant. The air-conditioned rooms provide a mountain view and come with a desk and free WiFi.,,,
Utah,Moab,38.6761,-109.68876,Archview Rv Resort & Campground,5.0,"""Offering an outdoor pool", Archview RV Resort & Campground is located in Moab. A mini-market and gas station are available onsite. Free WiFi access is available in this camping area.,,,,,
Utah,Moab,38.57349,-109.5542,3 Dogs & A Moose,5.0,,Microwave Shower Cable / Satellite Television Private bathrooms Cookware  dishware  utensil-cutlery Flat screen TV (LCD  LED or Plasma TV) Climate Control Housekeeping Free Wireless Internet access (inroom) Pets allowed Spa tub Furnished balcony / patio Only service dogs are allowed Tea/Coffee Making Facilities Visa MasterCard Discover Free Wireless Internet access,,171 & 173 W. Center Street MoabUtah 84532 ,84532,4352601692,http://www.3dogsandamoosecottages.com/
Utah,Moab,38.53874,-109.50146,Moab Beds and Bagels Xpress,5.0,"""Featuring free WiFi throughout the property", Moab Beds Xpress Inn offers accommodation in Moab, 16 km from La Sal Mountain Loop. Free private parking is available on site. Guests can enjoy an in-room breakfast.,,,,
Utah,Moab,38.51724,-109.48277,Rim Village Townhomes,5.0,"""Boasting air-conditioned accommodation with a patio", Rim Village A2 is set in Moab. This holiday home is 15 km from La Sal Mountain Loop and 19 km from North Window.,,,,,
Utah,Moab,38.5747655599,-109.552982408,"""Hoodoo Moab"," Curio Collection by Hilton""",3.0,"""Welcome to Hoodoo Moab", Curio Collection by Hilton, just minutes from Arches National Park and a block from Main Street. Modern luxury meets Western style at this new hotel in Moab, Utah, where you can enjoy a relaxing stay and outdoor adventure. A tucked away gem in eastern Utah, our hotel is your destination for a desert escape.
Utah, and a fully equipped fitness center lets you work out while away. Relax with a massage or facial at our full-service day spa, perfect for couples or personal pampering. Our meeting room space features floor-to-ceiling glass windows with stunning views for the perfect wedding," conference or event in Moab and can seat up to 200 people. We also have a business center and market for your convenience.""",À la carte lunch Buffet dinner À la carte dinner Breakfast and dinner Breakfast and lunch Snacks Early Check-in Non-smoking establishment Canoeing Fitness Horse riding Cycling / mountain biking Billiards Bowling alley Golf Golf practice facility Hilton - CleanStay Launderette Bicycle hire service Multilingual staff Hotel American Express JCB Diners Club MasterCard Visa Bathtub Bathrobes Make-up mirror Direct dial telephone Cable TV Alarm clock Mini fridge Microwave Carpeted floors Fan Central heating Balcony Desk Housekeeping Fitness room Children playground Late Check-out Mobile phone coverage Local and international calls Secure parking Airport shuttle Room service Laundry service Restaurant Non-smoking area Smoking area Highchairs Poolside snack bar Banquet hall Air conditioning in Restaurant Breakfast room Conference room Meeting room Projector Conference hostess Printer Photocopier Business centre Audio-visual equipment rental Fax Sun loungers Parasols 24-hour security Bellboy service Air conditioning in public areas Fireplace Smoke detector Hotel safe Lift access Garden Terrace Bicycle storage Gym Newspapers Luggage room Dining area Clothes dryer Towels and bed linen Bar Children playground Sauna Hot tub Massage Spa treatments Spa centre ISO 50001  Energy management ISO 14001  Environmental management Hilton LightStay Breakfast Continental Breakfast Hot breakfast Breakfast a la carte Buffet lunch,,111 N. 100 West Moab ,84532,,https://curiocollection3.hilton.com/en/hotels/utah,,,
Utah,Moab,38.55383,-109.53441,Wingate by Wyndham Moab,3.0,"""Featuring 3-star accommodation", Wingate by Wyndham Moab is situated in Moab, 24 km from Mesa Arch and 27 km from Landscape Arch. Featuring a seasonal outdoor swimming pool, the 3-star hotel has air-conditioned rooms with free WiFi, each with a private bathroom. The hotel features a sun terrace and a 24-hour front desk.,,
Utah,Moab,38.99585,-110.17598,Holiday Inn Express & Suites - Green River,5.0,"""Holiday Inn Express & Suites - Green River", an IHG Hotel offers free WiFi throughout the property and rooms with air conditioning in Green River. Boasting a 24-hour front desk, this property also provides guests with a barbecue. A terrace, an in-house snack bar and shared lounge are available.,,,
Utah,Moab,37.75645,-109.39716,Primrose Cabin,5.0,"""Primrose Cabin Glamour Camping", Hot showers, Stunning Night Sky is set in Monticello. This holiday home offers free private parking, a shared kitchen and free WiFi.,,,
Utah,Moab,38.57397,-109.55503,Slot Canyon A 1 Bathroom Condo,5.0,"""Slot Canyon #A is situated in Moab", 24 km from Landscape Arch, 27 km from Delicate Arch, and 28 km from North Window. The accommodation is 22 km from the Mesa Arch and has free WiFi throughout the property.,,,
Utah,Moab,38.56157,-109.54806,Alta Vida #4 2 Bathrooms Condo,5.0,"""Located in Moab in the Utah region", La Dolce Vita Villas 6 has a balcony. The air-conditioned accommodation is 23 km from Mesa Arch, and guests benefit from private parking available on site and free WiFi.,,,,
Utah,Moab,38.51755,-109.48485,Desert Hideaway C2 by RedAwning,5.0,"""Desert Hideaway #C2 is set in the Moab South Valley district of Moab", 31 km from Mesa Arch, 33 km from Wilson Arch and 34 km from Landscape Arch. The air-conditioned accommodation is 27 km from La Sal Mountain Loop, and guests benefit from private parking available on site and free WiFi.,,,
Utah,Moab,38.57332,-109.54984,Vista Villa 3A5 by RedAwning,5.0,"""Vista Villa #3A5 is located in Moab", 24 km from Landscape Arch, 27 km from Delicate Arch, and 27 km from North Window. The accommodation is 22 km from the Mesa Arch and features free WiFi throughout the property.,,,
Utah,Moab,38.57613,-109.54993,Stellaruby Cottages,5.0,"""Within 21 km of Mesa Arch and 24 km of Landscape Arch", StellaRuby Cottages - Violet features free WiFi and a fitness centre. This holiday home is 36 km from La Sal Mountain Loop and 41 km from Wilson Arch.,,,,,
Utah,Moab,38.53825,-109.48591,Room With a View 3284 2 Bathrooms Home,5.0,"""Room with a View ~ 3284 is situated in the Moab South Valley district of Moab", 31 km from La Sal Mountain Loop, 33 km from Landscape Arch and 36 km from Delicate Arch. It is located 30 km from Mesa Arch and provides free WiFi and free private parking.,,,,
Utah,Moab,38.57979,-109.56346,Entrada at Moab #424b 3 Bathrooms Condo,5.0,"""Set in Moab and only 21 km from Mesa Arch", Entrada at Moab 424 offers accommodation with mountain views, free WiFi and free private parking. With pool views, this accommodation features a patio.,,,
Utah,Moab,38.53832,-109.48305,On The Green 3378 by RedAwning,5.0,"""On The Green #3378 is located in the Moab South Valley district of Moab", 31 km from La Sal Mountain Loop, 33 km from Landscape Arch and 36 km from Delicate Arch. The air-conditioned accommodation is 31 km from Mesa Arch, and guests benefit from private parking available on site and free WiFi.,,,
Utah,Moab,38.57937,-109.56429,Entrada 664,5.0,"""Situated 23 km from Landscape Arch", 26 km from Delicate Arch and 26 km from North Window, Entrada at Moab #664 features accommodation set in Moab. The air-conditioned accommodation is 21 km from Mesa Arch, and guests benefit from complimentary WiFi and private parking available on site.,,,
Utah,Moab,38.53849,-109.48679,Dreamcatcher 3253 by RedAwning,5.0,"""Dreamcatcher #3253 is located in the Moab South Valley district of Moab", 30 km from La Sal Mountain Loop, 33 km from Landscape Arch and 36 km from Delicate Arch. The air-conditioned accommodation is 30 km from Mesa Arch, and guests benefit from private parking available on site and free WiFi.,,,
Utah,Moab,38.53843,-109.48676,Golfing with Kokopelli 3282 by RedAwning,5.0,"""Adventure Villa #3282 is set in the Moab South Valley district of Moab", 30 km from La Sal Mountain Loop, 33 km from Landscape Arch and 36 km from Delicate Arch. The air-conditioned accommodation is 30 km from Mesa Arch, and guests benefit from private parking available on site and free WiFi.,,,
Utah,Moab,38.5309,-109.48633,Coyote Den 8 by RedAwning,5.0,"""Coyote Den #8 is located in the Moab South Valley district of Moab", 31 km from Mesa Arch, 33 km from Landscape Arch and 35 km from Wilson Arch. The accommodation is 29 km from La Sal Mountain Loop, and guests benefit from complimentary WiFi and private parking available on site.,,,
Utah,Moab,38.53843,-109.48653,Henning's Escape 3328 by RedAwning,5.0,"""Hennings Escape #3328 is set in the Moab South Valley district of Moab", 30 km from La Sal Mountain Loop, 33 km from Landscape Arch and 36 km from Delicate Arch. The air-conditioned accommodation is 30 km from Mesa Arch, and guests benefit from complimentary WiFi and private parking available on site.,,,
Utah,Moab,38.57047,-109.54979,Creekside Juanita's Place,5.0,"""Set in Moab", 22 km from Mesa Arch and 24 km from Landscape Arch, Creekside Juanitas Place offers free WiFi, a garden and air conditioning. It is situated 28 km from Delicate Arch and offers an ATM.,,,
Utah,Moab,38.57397,-109.55503,Slot Canyon B 1 Bathroom Condo,5.0,"""Slot Canyon B is located in Moab", 24 km from Landscape Arch, 27 km from Delicate Arch, and 28 km from North Window. It is situated 22 km from Mesa Arch and features free WiFi and free private parking.,,,
Utah,Moab,38.57402,-109.55726,Cottonwoods #327,5.0,"""Situated in Moab", 21 km from Mesa Arch and 24 km from Landscape Arch, Cottonwoods offers free WiFi and air conditioning. It is set 27 km from Delicate Arch and features an ATM.,,,,
Utah,Moab,38.57397,-109.55916,Cottonwoods #405 Apartment,5.0,"""Featuring air conditioning", Cottonwoods 405 is located in Moab, 13 km from Mesa Arch. North Window is 13 km from the property.,,,,
Utah,Moab,38.57398,-109.56055,Cottonwoods #469,5.0,"""Cottonwoods 469 is set in Moab", 23 km from Landscape Arch, 27 km from Delicate Arch, as well as 27 km from North Window. The air-conditioned accommodation is 21 km from Mesa Arch, and guests benefit from complimentary WiFi and private parking available on site.,,
Utah,Moab,38.59281,-109.56404,Moab Springs Ranch #2 Apartment,5.0,"""Situated in Moab", 19 km from Mesa Arch and 21 km from Landscape Arch, Moab Springs Ranch #2 offers free WiFi and air conditioning. This holiday home is 38 km from La Sal Mountain Loop and 44 km from Wilson Arch.,,,,
Utah,Moab,38.57937,-109.56385,Entrada 640,5.0,"""Entrada at Moab #640 is located in Moab", 23 km from Landscape Arch, 26 km from Delicate Arch, and 26 km from North Window. The air-conditioned accommodation is 21 km from Mesa Arch, and guests benefit from complimentary WiFi and private parking available on site.,,
Utah,Moab,38.57937,-109.56429,Entrada at Moab #598 3 Bathrooms Home,5.0,"""Situated 23 km from Landscape Arch", 26 km from Delicate Arch and 26 km from North Window, Entrada at Moab #664 features accommodation set in Moab. The air-conditioned accommodation is 21 km from Mesa Arch, and guests benefit from complimentary WiFi and private parking available on site.,,,
Utah,Moab,38.43975,-109.36366,Pack Creek Creekside East by RedAwning,5.0,"""Situated in Moab", 17 km from La Sal Mountain Loop and 34 km from Wilson Arch, Pack Creek ~ Creekside West offers free WiFi and air conditioning. The holiday home is 19 km from Cataract Canyon.,,,,
Utah,Moab,38.57054,-109.54959,Creekside Cowa bungalow Apartment,5.0,"""Creekside Cowa-Bungalow! is situated in Moab", 22 km from Mesa Arch and 24 km from Landscape Arch. The property is around 28 km from Delicate Arch, 28 km from North Window and 35 km from La Sal Mountain Loop. This pet-friendly hotel also has free WiFi.,,,,
Utah,Moab,38.57359,-109.55678,Cottonwoods 57,5.0,"""Set in Moab", 22 km from Mesa Arch, 24 km from Landscape Arch and 27 km from Delicate Arch, Cottonwoods 57 offers accommodation with a patio and free WiFi. This holiday home is 42 km from Wilson Arch and 48 km from Island in the Sky.,,,
Utah,Moab,38.57396,-109.55502,Slot Canyon D 3 Bathrooms Condo,5.0,"""Slot Canyon D is located in Moab", 24 km from Landscape Arch, 27 km from Delicate Arch, and 28 km from North Window. It is set 22 km from Mesa Arch and offers free WiFi and free private parking.,,,
Utah,Moab,38.57967,-109.56337,Entrada 420 3 Br townhouse by RedAwning,5.0,"""Located in Moab and only 21 km from Mesa Arch", Entrada at Moab 420b provides accommodation with mountain views, free WiFi and free private parking. This holiday home offers accommodation with a patio.,,,,
Utah,Moab,38.57397,-109.55503,Slot Canyon C 1 Bathroom Condo,5.0,"""Slot Canyon C is located in Moab", 24 km from Landscape Arch, 27 km from Delicate Arch, as well as 28 km from North Window. It is situated 22 km from Mesa Arch and features free WiFi and free private parking.,,,
Utah,Moab,38.53794,-109.48057,The Rock 3461 by RedAwning,5.0,"""The Rock #3461 is set in the Moab South Valley district of Moab", 31 km from La Sal Mountain Loop, 33 km from Landscape Arch and 36 km from Delicate Arch. The air-conditioned accommodation is 31 km from Mesa Arch, and guests benefit from private parking available on site and free WiFi.,,,
Utah,Moab,38.5741,-109.55863,Canyonlands West 381 by RedAwning,5.0,"""Adventure Base Camp #381 is situated in Moab", 24 km from Landscape Arch, 27 km from Delicate Arch, as well as 27 km from North Window. The air-conditioned accommodation is 21 km from Mesa Arch, and guests benefit from private parking available on site and free WiFi.,,
Utah,Moab,38.5385,-109.48682,Kokopelli Dream 3251 by RedAwning,5.0,"""Kokopelli Dream #3251 is located in the Moab South Valley district of Moab", 30 km from La Sal Mountain Loop, 33 km from Landscape Arch and 36 km from Delicate Arch. The air-conditioned accommodation is 30 km from Mesa Arch, and guests benefit from private parking available on site and free WiFi.,,,
Utah,Moab,38.53854,-109.48696,Kokopelli's Kiva 3230 by RedAwning,5.0,"""Kokopellis Kiva #3230 is situated in the Moab South Valley district of Moab", 30 km from La Sal Mountain Loop, 33 km from Landscape Arch and 36 km from Delicate Arch. The air-conditioned accommodation is 30 km from Mesa Arch, and guests benefit from private parking available on site and free WiFi.,,,
Utah,Moab,38.47712,-109.45763,Rim View Moab,5.0,"""Rim View Moab is situated in Spanish Valley", 23 km from La Sal Mountain Loop and features air-conditioned accommodation with free WiFi, as well as access to a terrace.,,,,
Utah,Moab,38.57979,-109.56346,Entrada at Moab #430 3 Bathrooms Condo,5.0,"""Set in Moab and only 21 km from Mesa Arch", Entrada at Moab 424 offers accommodation with mountain views, free WiFi and free private parking. With pool views, this accommodation features a patio.,,,
Utah,Moab,38.43975,-109.36366,Pack Creek Creekside West by RedAwning,5.0,"""Located in Moab", 17 km from La Sal Mountain Loop and 34 km from Wilson Arch, Pack Creek ~ Creekside East offers free WiFi and air conditioning. The holiday home is 19 km from Cataract Canyon.,,,,
Utah,Moab,38.51689,-109.48209,Arches Abode A3 by RedAwning,5.0,"""Arches Abode #A3 is located in the Moab South Valley district of Moab", 31 km from Mesa Arch, 33 km from Wilson Arch and 33 km from Landscape Arch. The air-conditioned accommodation is 27 km from La Sal Mountain Loop, and guests benefit from private parking available on site and free WiFi.,,,
Utah,Moab,38.524,-109.50128,Red Cliff 3J,5.0,"""Situated in Moab", Red Cliff 3J is 16 km from La Sal Mountain Loop. North Window is 18 km away.,,,,,
Utah,Moab,38.53856,-109.48693,Kayenta Springs 3243 by RedAwning,5.0,"""Kayenta Springs #3243 is set in the Moab South Valley district of Moab", 30 km from La Sal Mountain Loop, 33 km from Landscape Arch and 36 km from Delicate Arch. The accommodation is 30 km from Mesa Arch, and guests benefit from private parking available on site and free WiFi.,,,
Utah,Moab,38.51488,-109.48745,Rim Vista Place,5.0,"""Boasting a seasonal outdoor swimming pool", a terrace, and barbecue facilities, Rim Vista Place offers accommodation in Moab with free WiFi and mountain views. Featuring free private parking, the holiday home is in an area where guests can engage in activities such as hiking and tennis.,,
Utah,Moab,38.52438,-109.50148,Redcliff 6a,5.0,"""Red Cliff 6A is situated in the Moab South Valley district of Moab", 29 km from Mesa Arch, 32 km from Landscape Arch and 34 km from Wilson Arch. The air-conditioned accommodation is 28 km from La Sal Mountain Loop, and guests benefit from private parking available on site and free WiFi.,,,
Utah,Moab,38.43977,-109.36377,Pack Creek Lodge Suite by RedAwning,5.0,"""Pack Creek ~ Lodge Suite is set in Moab", 39 km from Wilson Arch, 45 km from Mesa Arch, and 47 km from Landscape Arch. It is situated 16 km from La Sal Mountain Loop and features free WiFi and free private parking.,,,
Utah,Moab,38.57418,-109.5583,Sunrise Terrace 369 2 Bathrooms Home,5.0,"""Sunrise Terrace ~ 369 is set in Moab", 24 km from Landscape Arch, 28 km from Delicate Arch, as well as 28 km from North Window. It is situated 22 km from Mesa Arch and features free WiFi and free private parking.,,,
Utah,Moab,38.57431,-109.55785,Cottonwood Retreat 347 by RedAwning,5.0,"""Cottonwood Retreat #347 is located in Moab", 24 km from Landscape Arch, 27 km from Delicate Arch, and 27 km from North Window. The accommodation is 21 km from Mesa Arch, and guests benefit from complimentary WiFi and private parking available on site.,,
Utah,Moab,38.51689,-109.48592,Rim Cove O2 2 Bathrooms Home,5.0,"""Offering mountain views", Rim Cove #O2 is an accommodation situated in Moab, 31 km from Mesa Arch and 33 km from Wilson Arch. The air-conditioned accommodation is 27 km from La Sal Mountain Loop, and guests benefit from complimentary WiFi and private parking available on site.,,,
Utah,Moab,38.53826,-109.48687,Sunset View 3234,5.0,"""Sunset View #3234 is located in the Moab South Valley district of Moab", 30 km from La Sal Mountain Loop, 33 km from Landscape Arch and 36 km from Delicate Arch. The air-conditioned accommodation is 30 km from Mesa Arch, and guests benefit from complimentary WiFi and private parking available on site.,,,
Utah,Moab,37.75658,-109.39727,Bluebell Cabin,5.0,"""Located in Monticello in the Utah region", Bluebell Cabin, Glamour Cabin Camping, Stunning Night Sky features a patio and mountain views. This holiday home provides free private parking, a 24-hour front desk and free WiFi.,,
Utah,Moab,37.75645,-109.39706,Horse Barn Silver Room,5.0,"""Situated in Monticello", Silver Cabin in The Western Barn offers garden, free WiFi, a 24-hour front desk, and a concierge service. Boasting free private parking, the holiday home is in an area where guests can engage in activities such as hiking, fishing and canoeing.
Utah,Moab,38.5301,-109.48231,Coyote Run 15,5.0,"""Featuring air conditioning", Coyote Run 15 is located in Spanish Valley, 8 km from Moab. La Sal is 32 km from the property.,,,,
Utah,Moab,38.5384,-109.48464,Solano Vallejo 3344,5.0,"""Solano Vallejo 3344 is situated in Moab", 31 km from La Sal Mountain Loop and 33 km from Landscape Arch, in an area where cycling can be enjoyed. It is located 30 km from Mesa Arch and features free WiFi plus an ATM.,,,,
Utah,Moab,38.5027,-109.47188,Spanish Valley Vinyard,5.0,"""Spanish Valley Vinyard is located in the Moab South Valley district in Moab", 14 km from La Sal Mountain Loop and 21 km from North Window.,,,,,
Utah,Moab,37.75664,-109.39729,Murdoch Africabin,5.0,"""Boasting air-conditioned accommodation with a balcony", Africa Decorated Cabin, Breakfast Deck overlooking the Canyon! is situated in Monticello. This holiday home features free private parking, a 24-hour front desk and free WiFi.,,,
Utah,Moab,37.75661,-109.39732,Pavilion Family Reunion Site,5.0,"""Boasting air-conditioned accommodation with a patio", Pavilion and Glamping Village, 3 Cabins, Tipi, Wagon, Kitchen is set in Monticello. This holiday home offers free private parking, a shared kitchen and free WiFi.
Utah,Moab,37.75654,-109.39722,Lupine Cabin,5.0,"""Set in Monticello in the Utah region", Lupine Cabin, Glamour Camping, Stunning Skies and Sunrise Views has a patio and mountain views. This holiday home offers free private parking, a shared kitchen and free WiFi.,,
Utah,Moab,38.53039,-109.48105,The Sanctuary by the Golf Course,5.0,"""Set in Moab", within 29 km of La Sal Mountain Loop and 31 km of Mesa Arch, The Sanctuary by the Golf Course offers accommodation with free WiFi, air conditioning, a terrace and water sports facilities. Featuring free private parking, the holiday home is in an area where guests can engage in activities such as hiking, fishing and canoeing.
Utah,Moab,38.48171,-109.4581,Desert Juniper Adobe Cabin at St. Danes Cabins,5.0,"""Set in Moab", 23 km from La Sal Mountain Loop, St Danes Desert Juniper Cabin offers accommodation with barbecue facilities, free WiFi and a 24-hour front desk. Featuring free private parking, the villa is in an area where guests can engage in activities such as hiking, horse riding and fishing.,
Utah,Moab,38.53831,-109.48445,Solano Vallejo 3352,5.0,"""In a prime location in the Moab South Valley district of Moab", Solano Vallejo 3352 is set 30 km from Mesa Arch, 31 km from La Sal Mountain Loop and 33 km from Landscape Arch. The property is situated 36 km from Delicate Arch, 36 km from North Window and 36 km from Wilson Arch. The rooms have a patio with mountain views and free WiFi.,,,
Utah,Moab,38.52099,-109.49509,Oleander Place,5.0,"""Featuring a seasonal outdoor community swimming pool and barbecue facilities", Oleander Place is situated in the Moab South Valley district in Moab. The property, housed in a building dating from 2013, has free WiFi and is 16 km from La Sal Mountain Loop and 19 km from North Window.,,,
Utah,Moab,38.57198,-109.54923,Moab Flats 4,5.0,"""Located in Moab", 22 km from Mesa Arch and 24 km from Landscape Arch, Moab Flats #4 offers free WiFi and air conditioning. This holiday home is 35 km from La Sal Mountain Loop and 41 km from Wilson Arch.,,,,
Utah,Moab,38.57198,-109.54923,Moab Flats 6,5.0,"""Located in Moab", 22 km from Mesa Arch and 24 km from Landscape Arch, Moab Flats #6 offers free WiFi and air conditioning. This holiday home is 35 km from La Sal Mountain Loop and 41 km from Wilson Arch.,,,,
Utah,Moab,38.57198,-109.54923,Moab Flats 8,5.0,"""Situated in Moab", 22 km from Mesa Arch and 24 km from Landscape Arch, Moab Flats #8 offers free WiFi and air conditioning. This holiday home is 35 km from La Sal Mountain Loop and 41 km from Wilson Arch.,,,,
Utah,Moab,38.57144,-109.54411,Purple Sage Flats 1,5.0,"""Purple Sage Flats #1 is set in Moab", 25 km from Landscape Arch, 28 km from Delicate Arch, and 28 km from North Window. The accommodation is 22 km from the Mesa Arch and features free WiFi throughout the property.,,,
Utah,Moab,38.57144,-109.54411,Purple Sage Flats 2,5.0,"""Purple Sage Flats #2 is situated in Moab", 25 km from Landscape Arch, 28 km from Delicate Arch, and 28 km from North Window. The accommodation is 22 km from the Mesa Arch and has free WiFi throughout the property.,,,
Utah,Moab,38.57144,-109.54411,Purple Sage Flats 3,5.0,"""Purple Sage Flats #3 is located in Moab", 25 km from Landscape Arch, 28 km from Delicate Arch, and 28 km from North Window. The accommodation is 22 km from the Mesa Arch and features free WiFi throughout the property.,,,
Utah,Moab,38.57144,-109.54411,Purple Sage Flats 4,5.0,"""Purple Sage Flats #4 is situated in Moab", 25 km from Landscape Arch, 28 km from Delicate Arch, as well as 28 km from North Window. The accommodation is 22 km from the Mesa Arch and has free WiFi throughout the property.,,,
Utah,Moab,38.57144,-109.54411,Purple Sage Flats 5,5.0,"""Purple Sage Flats #5 is set in Moab", 25 km from Landscape Arch, 28 km from Delicate Arch, as well as 28 km from North Window. The accommodation is 22 km from the Mesa Arch and has free WiFi throughout the property.,,,
Utah,Moab,38.57144,-109.54411,Purple Sage Flats 6,5.0,"""Situated 25 km from Landscape Arch", 28 km from Delicate Arch and 28 km from North Window, Purple Sage Flats #6 features accommodation set in Moab. The accommodation is 22 km from the Mesa Arch and has free WiFi throughout the property.,,,,
Utah,Moab,38.57144,-109.54411,Purple Sage Flats 7,5.0,"""Located 25 km from Landscape Arch", 28 km from Delicate Arch and 28 km from North Window, Purple Sage Flats #7 provides accommodation situated in Moab. The accommodation is 22 km from the Mesa Arch and features free WiFi throughout the property.,,,,
Utah,Moab,38.57144,-109.54411,Purple Sage Flats 8,5.0,"""Situated 25 km from Landscape Arch", 28 km from Delicate Arch and 28 km from North Window, Purple Sage Flats #8 features accommodation located in Moab. The accommodation is 22 km from the Mesa Arch and has free WiFi throughout the property.,,,,
Utah,Moab,38.55624,-109.5373,Gramma's House,5.0,"""Situated in Moab", 12 km from Arches National Park, Grammas House features air-conditioned rooms and barbecue facilities. Featuring a back yard area, the property is located within 15 km of Mesa Arch. The property is 55 km from Dead Horse Point State Park.,,,
Utah,Moab,38.55624,-109.5373,Watermelon House,5.0,"""Set in Moab", Watermelon House features 2-storeys with 4 bedrooms located upstairs and 4 bedrooms located downstairs that can be booked separately or together. The property is located 12 km from Arches National Park and 62 km from Mesa Arch. The property is 61 km from Canyonlands National Park.,,,,,
Utah,Moab,38.52383,-109.50026,Red Cliff 2J,5.0,"""Red Cliff 2J provides free WiFi throughout the property and rooms with air conditioning in Spanish Valley. The property is around 29 km from Mesa Arch", 31 km from Landscape Arch and 34 km from Wilson Arch. The property is non-smoking and is located 28 km from La Sal Mountain Loop.,,,,,
Utah,Moab,38.52512,-109.50205,#6 Desert Winds,5.0,"""Ideally set in Moab South Valley of Moab", #6 Desert Winds features a spacious patio with a private hot tub. The property is 15.6 km from Arches National Park.,,,,,
Utah,Moab,38.52508,-109.50214,#7 Desert Winds,5.0,"""Situated in Moab", 28 km from La Sal Mountain Loop and 29 km from Mesa Arch, #7 Desert Winds features accommodation with free WiFi, air conditioning and barbecue facilities. This property offers access to ping-pong, darts and free private parking.,,
Utah,Moab,38.52501,-109.5013,#19 Desert Winds,5.0,"""Boasting mountain views", #19 Desert Winds features accommodation with a patio and a coffee machine, around 29 km from Mesa Arch. The air-conditioned accommodation is 28 km from La Sal Mountain Loop, and guests benefit from complimentary WiFi and private parking available on site.,,,
Utah,Moab,38.57316,-109.55504,The Finca Moab's Hidden Gem,5.0,"""Located in Moab", 22 km from Mesa Arch and 24 km from Landscape Arch, The Finca - Moabs Hidden Gem provides accommodation with free WiFi, air conditioning, a terrace and water sports facilities. Featuring a patio, the holiday home is in an area where guests can engage in activities such as hiking, fishing and cycling.
Utah,Moab,38.52002,-109.49256,Tierra Del Sol #2,5.0,"""Featuring a seasonal outdoor swimming pool", Tierra Del Sol #2 is conveniently located in the Moab South Valley are of Moab, 16 km from La Sal Mountain Loop. The property has mountain views.,,,,
Utah,Moab,38.52485,-109.50157,Desert Wind 17,5.0,"""Featuring air conditioning", Desert Wind 17 offers accommodation in Spanish Valley. Moab is 7 km from the property.,,,,,
Utah,Moab,38.52088,-109.49318,3415 Tierra Norte Home,5.0,"""Featuring a terrace and a 24-hour front desk", 3415 Tierra Norte is well located in Moab South Valley district of Moab, 30 km from Mesa Arch and 32 km from Landscape Arch. The air-conditioned accommodation is 28 km from La Sal Mountain Loop, and guests benefit from private parking available on site and free WiFi.,,,
Utah,Moab,38.58161,-109.55114,Bella Casa Downstairs unit,5.0,"""Bella Casa- Downstairs unit offers accommodation in Moab. North Window is 13 km from the property.",,,,,,
Utah,Moab,38.5816,-109.55115,Bella Casa Retreat Entire home,5.0,"""Awesome In-Town Moab Retreat offers accommodation in Moab. North Window is 12 km from the property.",,,,,,
Utah,Moab,38.55562,-109.53385,Red Sands Habitation #4,5.0,"""Set in Moab", 24 km from Mesa Arch and 27 km from Landscape Arch, Red Sands Habitation offers free WiFi and air conditioning. The property has city and mountain views, and is 30 km from Delicate Arch.,,,
Utah,Moab,38.53048,-109.48093,Coyote Run 9,5.0,"""Located in Moab", 29 km from La Sal Mountain Loop and 31 km from Mesa Arch, Coyote Run 9 offers free WiFi and air conditioning. This holiday home is 37 km from Delicate Arch and 37 km from North Window.,,,,
Utah,Moab,38.48228,-109.45818,St. Danes Cabins,5.0,"""Situated in Moab", within 23 km of La Sal Mountain Loop and 28 km of Wilson Arch, St Danes Pinyon Pine Cabin features accommodation with barbecue facilities and free WiFi as well as free private parking for guests who drive. The property is located 35 km from Mesa Arch, 37 km from Landscape Arch and 40 km from Delicate Arch. Rooms include a patio with a mountain view.,,,
Utah,Moab,38.59252,-109.56369,Moab Springs Ranch 7,5.0,"""Moab Springs Ranch 7 is located in Moab", 11 km from Mesa Arch. North Window is 11 km away.,,,,,
Utah,Moab,38.51782,-109.48095,Rim Village R4 Red Rock Hideout,5.0,"""Well located in the Moab South Valley district of Moab", Rim Village R4 is located 27 km from La Sal Mountain Loop, 31 km from Mesa Arch and 32 km from Wilson Arch. Featuring an ATM, this property also provides guests with a childrens playground. Rooms come with a patio with mountain views and free WiFi.,,,
Utah,Moab,38.53862,-109.48592,Solano Vallejo 3283,5.0,"""Located in Moab", 30 km from Mesa Arch and 31 km from La Sal Mountain Loop, Solano Vallejo 3283 provides air-conditioned accommodation with a patio and free WiFi. This holiday home is 36 km from North Window and 36 km from Wilson Arch.,,,,
Utah,Moab,38.58028,-109.56268,Entrada 590,5.0,"""Entrada at Moab 590 is located in Moab", 23 km from Landscape Arch and 26 km from Delicate Arch, in an area where skiing can be enjoyed. The air-conditioned accommodation is 21 km from Mesa Arch, and guests benefit from private parking available on site and free WiFi.,,,
Utah,Moab,38.5803,-109.56286,Entrada 594,5.0,"""Entrada at Moab 594 is set in Moab", 23 km from Landscape Arch and 26 km from Delicate Arch, in an area where skiing can be enjoyed. The air-conditioned accommodation is 21 km from Mesa Arch, and guests benefit from private parking available on site and free WiFi.,,,
Utah,Moab,38.58028,-109.56268,Entrada 590 & 594,5.0,"""Entrada at Moab 590 is located in Moab", 23 km from Landscape Arch and 26 km from Delicate Arch, in an area where skiing can be enjoyed. The air-conditioned accommodation is 21 km from Mesa Arch, and guests benefit from private parking available on site and free WiFi.,,,
Utah,Moab,38.52129,-109.49487,Wingate Getaway,5.0,"""Set in Moab", 28 km from La Sal Mountain Loop and 30 km from Mesa Arch, Wingate Getaway offers air conditioning. The property has mountain views and is 32 km from Landscape Arch and 33 km from Wilson Arch.,,,,
Utah,Moab,37.85453,-109.33801,Horsehead Mountain Lodge,5.0,"""Set in Monticello", 48 km from Wilson Arch and 45 km from Newspaper Rock State Historical Monument, Horsehead Mountain Lodge, Stunning Log Cabin with Amazing Views offers air-conditioned accommodation with a balcony and free WiFi. Boasting free private parking, the holiday home is in an area where guests can engage in activities such as hiking and cycling.,,
Utah,Moab,38.52237,-109.48917,Ok Rv Park,5.0,"""OK RV Park Lodge is set in the Moab South Valley district of Moab", 28 km from La Sal Mountain Loop, 30 km from Mesa Arch and 33 km from Landscape Arch. Guests staying at this holiday home have access to free WiFi and a fully equipped kitchen.,,,,
Utah,Moab,38.52237,-109.48917,FunStays Glamping Setup Tent in RV Park #1 OKGT T1,5.0,"""Situated within 28 km of La Sal Mountain Loop and 30 km of Mesa Arch in Moab", FunStays Glamping Setup Tent in RV Park #1 OK-T1 features accommodation with free WiFi.,,,,,
Utah,Moab,38.57967,-109.56397,Entrada at Moab 665,5.0,"""Providing free WiFi throughout the property", Entrada at Moab Unit #665 is situated in Moab, 23 km from Landscape Arch and 26 km from Delicate Arch. The property is set 27 km from North Window, 37 km from La Sal Mountain Loop and 43 km from Wilson Arch. The property is non-smoking and is located 21 km from Mesa Arch.,,,
Utah,Moab,38.52431,-109.50122,Red Cliff 6I,5.0,"""Situated in Moab", 28 km from La Sal Mountain Loop and 29 km from Mesa Arch, Red Cliff Condos #6I offers free WiFi and air conditioning. This apartment is 32 km from Landscape Arch and 34 km from Wilson Arch.,,,,
Utah,Moab,38.52237,-109.48917,Outdoor Glamping Destination Residence Rv Okrv 64,5.0,"""Located in Moab", 28 km from La Sal Mountain Loop and 30 km from Mesa Arch, Outdoor Glamping Destination Residence RV OK40 provides accommodation with amenities such as free WiFi and a TV. This apartment is 36 km from Delicate Arch and 36 km from North Window.,,,,
Utah,Moab,38.52237,-109.48917,Ok Rv Wildwood Rr Okrv 42,5.0,"""Located in Moab", 27 km from La Sal Mountain Loop and 30 km from Mesa Arch, Destination RV II Fully Setup OK42 provides accommodation with amenities such as free WiFi and a TV. The property is 36 km from Delicate Arch and 36 km from North Window.,,,,
Utah,Moab,38.49242,-109.46564,Funstays Glamping Tiny House Double Loft Rrth 04,5.0,"""Located in Moab", 24 km from La Sal Mountain Loop and 29 km from Wilson Arch, FunStays Glamping Tiny House Double Loft Site 6 provides accommodation with amenities such as free WiFi and a TV. This apartment is 39 km from Delicate Arch and 39 km from North Window.,,,,
Utah,Moab,38.52237,-109.48917,Outdoor Glamping: Large 5th Wheel Setup Okrv 4a,5.0,"""Located in Moab", 28 km from La Sal Mountain Loop and 30 km from Mesa Arch, Outdoor Glamping Large 5th Wheel Setup OK4A offers free WiFi and air conditioning. Guests staying at this apartment have access to a fully equipped kitchen.,,,,
Utah,Moab,38.52237,-109.48917,Outdoor Glamping : 2017 Large Rv Setup Okrv 52,5.0,"""Set in Moab", 27 km from La Sal Mountain Loop and 30 km from Mesa Arch, Outdoor Glamping Large RV Setup OK52 provides accommodation with amenities such as free WiFi and a TV. The property is 36 km from Delicate Arch and 36 km from North Window.,,,,
Utah,Moab,38.52237,-109.48917,Outdoor Oasis :2017 Premier Trailer Okrv 37,5.0,"""Set in Moab", 27 km from La Sal Mountain Loop and 30 km from Mesa Arch, Outdoor Oasis Premier Trailer OK37 provides accommodation with amenities such as free WiFi and a TV. The property is 36 km from Delicate Arch and 36 km from North Window.,,,,
Utah,Moab,38.52237,-109.48917,Outdoor Fun Rv Fully Setup Okrv 28,5.0,"""Located in Moab", 27 km from La Sal Mountain Loop and 30 km from Mesa Arch, Outdoor Fun RV Fully Setup! OK28 provides accommodation with amenities such as free WiFi and a TV. The property is 36 km from Delicate Arch and 36 km from North Window.,,,,
Utah,Moab,38.52237,-109.48917,Ok Rv Rockwood Lite 2018 Rv Fully Setup Okrv 34,5.0,"""Situated in Moab", 27 km from La Sal Mountain Loop and 30 km from Mesa Arch, OK RV Rockwood Lite RV Fully Setup OK34 provides accommodation with amenities such as free WiFi and a TV. The property is 36 km from Delicate Arch and 36 km from North Window.,,,,
Utah,Moab,38.52237,-109.48917,Outdoor Fun Iii: Rv Fully Setup Okrv 30,5.0,"""Situated in Moab", 27 km from La Sal Mountain Loop and 30 km from Mesa Arch, Outdoor Fun III RV Fully Setup! OK30 provides accommodation with amenities such as free WiFi and a TV. This apartment is 36 km from Delicate Arch and 36 km from North Window.,,,,
Utah,Moab,38.52237,-109.48917,Ok Rv Salem 2018 Fully Setup Okrv 41,5.0,"""Set in Moab", 27 km from La Sal Mountain Loop and 30 km from Mesa Arch, Destination RV Fully Setup OK41 provides accommodation with amenities such as free WiFi and a TV. The property is 36 km from Delicate Arch and 36 km from North Window.,,,,
Utah,Moab,38.51861,-109.48968,Outdoor Experience Ii : Glamping Setup Okrv 33,5.0,"""Situated in Moab", 27 km from La Sal Mountain Loop and 30 km from Mesa Arch, Outdoor Experience II Glamping Setup OK33 provides accommodation with amenities such as free WiFi and a TV. This apartment is 32 km from Landscape Arch and 33 km from Wilson Arch.,,,,
Utah,Moab,38.52237,-109.48917,Outdoor Experience : 2018 Glamping Trailer Okrv 36,5.0,"""Set in Moab", 27 km from La Sal Mountain Loop and 30 km from Mesa Arch, Outdoor Experience Glamping Trailer OK36 provides accommodation with amenities such as free WiFi and a TV. The property is 36 km from Delicate Arch and 36 km from North Window.,,,,
Utah,Moab,38.52237,-109.48917,Ok Rv Premier 2017 Fully Setup Okrv 43,5.0,"""Located in Moab", 27 km from La Sal Mountain Loop and 30 km from Mesa Arch, Destination RV III Fully Setup OK43 provides accommodation with amenities such as free WiFi and a TV. This apartment is 36 km from Delicate Arch and 36 km from North Window.,,,,
Utah,Moab,38.52237,-109.48917,Outdoor Glamping : Premier 2017 Rv Okrv 53,5.0,"""Set in Moab", 27 km from La Sal Mountain Loop and 30 km from Mesa Arch, Outdoor Glamping Jayco RV OK53 provides accommodation with amenities such as free WiFi and a TV. The property is 36 km from Delicate Arch and 36 km from North Window.,,,,
Utah,Moab,38.52237,-109.48917,Outdoor Fun Iv: Rv Fully Setup Okrv 38,5.0,"""Set in Moab", 27 km from La Sal Mountain Loop and 30 km from Mesa Arch, Outdoor Fun IV RV Fully Setup! OK38 offers free WiFi and air conditioning. Guests staying at this apartment have access to a fully equipped kitchen.,,,,
Utah,Moab,38.49242,-109.46564,Funstays Glamping Tiny House W Loft Rrth 05,5.0,"""Located in Moab", 24 km from La Sal Mountain Loop and 29 km from Wilson Arch, FunStays Glamping Tiny House w Loft Site 7 provides accommodation with amenities such as free WiFi and a TV. This apartment is 39 km from Delicate Arch and 39 km from North Window.,,,,
Utah,Moab,38.52237,-109.48917,Outdoor Glamping : 2018 Rockwood Ii Okrv 61,5.0,"""Situated in Moab", 27 km from La Sal Mountain Loop and 30 km from Mesa Arch, Outdoor Glamping Rockwood II OK61 provides accommodation with amenities such as free WiFi and a TV. This apartment is 36 km from Delicate Arch and 36 km from North Window.,,,,
Utah,Moab,38.52123,-109.48857,Outdoor Glamping : 2017 Laredo Trailer Okrv 27,5.0,"""Located in Moab", 27 km from La Sal Mountain Loop and 30 km from Mesa Arch, Outdoor Glamping Rockwood Trailer OK27 provides accommodation with amenities such as free WiFi and a TV. This apartment is 36 km from Delicate Arch and 36 km from North Window.,,,,
Utah,Moab,38.52237,-109.48917,Outdoor Experience Iii : New 2018 Rv Okrv 62,5.0,"""Located in Moab", 27 km from La Sal Mountain Loop and 30 km from Mesa Arch, Outdoor Experience III OK62 provides accommodation with amenities such as free WiFi and a TV. The property is 36 km from Delicate Arch and 36 km from North Window.,,,,
Utah,Moab,38.52237,-109.48917,Ok Rv Wildwood Zg Okrv 44,5.0,"""Situated in Moab", 27 km from La Sal Mountain Loop and 30 km from Mesa Arch, Destination RV IV Fully Setup OK44 provides accommodation with amenities such as free WiFi and a TV. The property is 36 km from Delicate Arch and 36 km from North Window.,,,,
Utah,Moab,37.7589,-109.39637,White Pine Cabin,5.0,"""White Pine Cabin by Canyonlands Lodging is set in Monticello. This country house offers free private parking", a 24-hour front desk and free WiFi.,,,,,
Utah,Moab,37.75885,-109.39651,Western Town Cabin The Duke Room,5.0,"""Located in Monticello", 49 km from Newspaper Rock State Historical Monument, Stunning Duke Barn Cabin Suite provides accommodation with a shared lounge, free WiFi and a shared kitchen. Featuring free private parking, the farm stay is in an area where guests can engage in activities such as hiking, cycling and canoeing.,
Utah,Moab,38.51647,-109.48743,Rim Vista 4a8,5.0,"""Rim Vista 4A4 is situated in Moab", 31 km from Mesa Arch and 33 km from Wilson Arch, in an area where golfing can be enjoyed. The air-conditioned accommodation is 27 km from La Sal Mountain Loop, and guests benefit from private parking available on site and free WiFi.,,,
Utah,Moab,38.53817,-109.48316,Castillo De Las Rocas 3418,5.0,"""Castillo de Las Rocas 3418", a property with a fitness centre, is set in Moab, 31 km from La Sal Mountain Loop, 33 km from Landscape Arch, as well as 36 km from Delicate Arch. The air-conditioned accommodation is 31 km from Mesa Arch, and guests benefit from private parking available on site and free WiFi.
Utah,Moab,38.57405,-109.55945,Cottonwoods 419,5.0,"""Situated 24 km from Landscape Arch", 27 km from Delicate Arch and 27 km from North Window, Cottonwoods 419 features accommodation set in Moab. The air-conditioned accommodation is 21 km from Mesa Arch, and guests benefit from private parking available on site and free WiFi.,,,
Utah,Moab,38.51686,-109.48192,Rim Village O4,5.0,"""Situated in Moab", 32 km from Wilson Arch and 33 km from Landscape Arch, Rim Village M4 offers air conditioning. With free private parking, the property is 27 km from La Sal Mountain Loop and 31 km from Mesa Arch.,,,
Utah,Moab,38.51647,-109.48743,Rim Vista 4a4,5.0,"""Rim Vista 4A4 is situated in Moab", 31 km from Mesa Arch and 33 km from Wilson Arch, in an area where golfing can be enjoyed. The air-conditioned accommodation is 27 km from La Sal Mountain Loop, and guests benefit from private parking available on site and free WiFi.,,,
Utah,Moab,38.53816,-109.48578,Solano Vallejo 3288,5.0,"""Featuring air conditioning", Solano Vallejo 3288 is situated in Moab, 15 km from La Sal Mountain Loop. North Window is 17 km from the property.,,,,
Utah,Moab,38.5386,-109.48501,Solano Vallejo 3329,5.0,"""Featuring air conditioning", Solano Vallejo 3329 offers accommodation in Moab. La Sal Mountain Loop is 15 km from the property.,,,,,
Utah,Moab,38.53867,-109.48485,Solano Vallejo 3335,5.0,"""Set within the Moab South Valley district in Moab", Solano Vallejo 3335 in the beautiful red rock canyons of Moab! has air conditioning, a balcony, and mountain views. This holiday home is 36 km from Delicate Arch and 36 km from North Window.,,,
Utah,Moab,38.53818,-109.48469,Solano Vallejo 3340,5.0,"""Featuring air conditioning", Solano Vallejo 3340 is set in Moab, 15 km from La Sal Mountain Loop. North Window is 17 km from the property.,,,,
Utah,Moab,38.53864,-109.48465,Solano Vallejo 3343,5.0,"""Solano Vallejo 3343 offers accommodation in Moab. La Sal Mountain Loop is 15 km from the property.",,,,,,
Utah,Moab,38.59281,-109.56404,Moab Springs Ranch 3,5.0,"""Moab Springs Ranch 3 is located in Moab", 21 km from Landscape Arch, 25 km from Delicate Arch, and 25 km from North Window. It is set 19 km from Mesa Arch and offers free WiFi and free private parking.,,,
Utah,Moab,38.52237,-109.48917,Outdoor Fun Ii : Rv Fully Setup Okrv 29,5.0,"""Situated in Moab", 27 km from La Sal Mountain Loop and 30 km from Mesa Arch, Outdoor Fun II RV Fully Setup! OK29 provides accommodation with amenities such as free WiFi and a TV. This apartment is 36 km from Delicate Arch and 36 km from North Window.,,,,
Utah,Moab,38.49242,-109.46564,Funstays Fully Setup Rv Rrrv 1A,5.0,"""Providing accommodation with free WiFi", air conditioning and TV, FunStays Glamping RV Rockwood Setup R-1A is located 23 km from La Sal Mountain Loop and 29 km from Wilson Arch.,,,,
Utah,Moab,38.49242,-109.46564,Funstays Glamping: Fully Setup RV RRRV 1B,5.0,"""FunStays Glamping Tiny House w Loft - Site 3 is set in the Moab South Valley district of Moab", 24 km from La Sal Mountain Loop and 29 km from Wilson Arch. Free WiFi is featured throughout the property.,,,,,
Utah,Moab,38.49242,-109.46564,FunStays Glamping: 2019 Destination Large RV RRRV 3A,5.0,"""Providing accommodation with free WiFi", air conditioning and TV, FunStays Glamping Destination RV Site 4 is located 23 km from La Sal Mountain Loop and 29 km from Wilson Arch.,,,,
Utah,Moab,38.49242,-109.46564,FunStays Glamping: Destination Large RV RRRV 3B,5.0,"""Situated within 23 km of La Sal Mountain Loop and 29 km of Wilson Arch in Moab", FunStays Glamping Destination RV Site 5 features accommodation with free WiFi.,,,,,
Utah,Moab,38.49242,-109.46564,FunStays Glamping : New Tiny House w Large Loft RRTH 06,5.0,"""Located in Moab", 23 km from La Sal Mountain Loop and 29 km from Wilson Arch, FunStays Glamping Tiny House w Large Loft Site 8 provides accommodation with amenities such as free WiFi and a TV. The property is 39 km from Delicate Arch and 39 km from North Window.,,,,
Utah,Moab,38.52237,-109.48917,FunStays Glamping Setup Tent in RV Park #3 OKGT T3,5.0,"""FunStays Glamping Setup Tent in RV Park #3 OK-T3 in Moab features accommodation with free WiFi", 30 km from Mesa Arch, 33 km from Landscape Arch and 33 km from Wilson Arch. Set 28 km from La Sal Mountain Loop, the property offers a garden and free private parking.,,,
Utah,Moab,38.52237,-109.48917,FunStays Glamping Setup Tent in RV Park #4 OKGT T4,5.0,"""FunStays Glamping Setup Tent in RV Park #4 OK-T4 in Moab offers accommodation with free WiFi", 30 km from Mesa Arch, 33 km from Landscape Arch and 33 km from Wilson Arch. Situated 28 km from La Sal Mountain Loop, the property features a garden and free private parking.,,,
Utah,Monticello,37.8759,-109.34264,Blue Mountain Horsehead Inn,2.0,"""Located 48 miles from Canyonlands National Park", this motel is 4 minutes drive from Monticello Golf Course. Each room has a TV with free movie channels. Free parking is provided on site.,,,,,
Utah,Monticello,37.8751,-109.34317,Canyonlands Motor Inn,2.0,"""This Monticello motel is within 48 miles of Canyonlands National Park. The motel offers guest rooms with free Wi-Fi", cable TV, microwave and refrigerator.,,,,
Utah,Monticello,37.87979,-109.34317,Inn at the Canyons,2.0,"""This Monticello hotel", just 48 miles from Canyonlands National Park, offers an expansive indoor pool and hot tub. A daily continental breakfast and free Wi-Fi are provided for guests.,,,,
Utah,Monticello,37.87242,-109.33996,The Monticello Inn,2.0,"""This Monticello motel is within 90 minutes drive of Canyonlands National Park", Natural Bridges National Monument and Mesa Verde. It offers a cable TV in every room.,,,,,
Utah,Monticello,37.87265,-109.34293,Wayside Motor Inn,2.0,"""Located in Monticello", 43 km from Newspaper Rock State Historical Monument, Wayside Inn offers express check-in and check-out and free WiFi throughout the property. The property is non-smoking and is set 46 km from Wilson Arch.,,,,
Utah,Monticello,37.7639988107496,-109.399954005104,Monticello Cabins by Canyonlands Lodging,5.0,,,,6198 South Highway 191 MonticelloUtah ,,4352201050,http://www.canyonlandslodging.com/
Utah,Monticello,37.75645,-109.39716,Primrose Cabin,5.0,"""Primrose Cabin Glamour Camping", Hot showers, Stunning Night Sky is set in Monticello. This holiday home offers free private parking, a shared kitchen and free WiFi.,,,
Utah,Monticello,37.75658,-109.39727,Bluebell Cabin,5.0,"""Located in Monticello in the Utah region", Bluebell Cabin, Glamour Cabin Camping, Stunning Night Sky features a patio and mountain views. This holiday home provides free private parking, a 24-hour front desk and free WiFi.,,
Utah,Monticello,37.75645,-109.39706,Horse Barn Silver Room,5.0,"""Situated in Monticello", Silver Cabin in The Western Barn offers garden, free WiFi, a 24-hour front desk, and a concierge service. Boasting free private parking, the holiday home is in an area where guests can engage in activities such as hiking, fishing and canoeing.
Utah,Monticello,37.75664,-109.39729,Murdoch Africabin,5.0,"""Boasting air-conditioned accommodation with a balcony", Africa Decorated Cabin, Breakfast Deck overlooking the Canyon! is situated in Monticello. This holiday home features free private parking, a 24-hour front desk and free WiFi.,,,
Utah,Monticello,37.75661,-109.39732,Pavilion Family Reunion Site,5.0,"""Boasting air-conditioned accommodation with a patio", Pavilion and Glamping Village, 3 Cabins, Tipi, Wagon, Kitchen is set in Monticello. This holiday home offers free private parking, a shared kitchen and free WiFi.
Utah,Monticello,37.75654,-109.39722,Lupine Cabin,5.0,"""Set in Monticello in the Utah region", Lupine Cabin, Glamour Camping, Stunning Skies and Sunrise Views has a patio and mountain views. This holiday home offers free private parking, a shared kitchen and free WiFi.,,
Utah,Monticello,37.85453,-109.33801,Horsehead Mountain Lodge,5.0,"""Set in Monticello", 48 km from Wilson Arch and 45 km from Newspaper Rock State Historical Monument, Horsehead Mountain Lodge, Stunning Log Cabin with Amazing Views offers air-conditioned accommodation with a balcony and free WiFi. Boasting free private parking, the holiday home is in an area where guests can engage in activities such as hiking and cycling.,,
Utah,Monticello,37.7589,-109.39637,White Pine Cabin,5.0,"""White Pine Cabin by Canyonlands Lodging is set in Monticello. This country house offers free private parking", a 24-hour front desk and free WiFi.,,,,,
Utah,Monticello,37.75885,-109.39651,Western Town Cabin The Duke Room,5.0,"""Located in Monticello", 49 km from Newspaper Rock State Historical Monument, Stunning Duke Barn Cabin Suite provides accommodation with a shared lounge, free WiFi and a shared kitchen. Featuring free private parking, the farm stay is in an area where guests can engage in activities such as hiking, cycling and canoeing.,
Utah,Ogden,41.24513,-111.76973,Jackson Fork Inn LLC,3.0,"""Jackson Fork Inn", LLC is situated in Huntsville, 14 km from Wolf Mountain Ski Area, and provides free WiFi. The property is located 3.2 km from Snowbasin Ski Area. Guests can enjoy mountain views.,,,
Utah,Ogden,41.304741178723,-111.83036506176,The Red Moose Lodge,3.0,HotelDescription#Further information about this hotel will be available shortly,NO Wheelchair-accessible NO Car park NO Connecting rooms NO Large pets allowed (over 5 kg) NO Smoking rooms NO Garage NO Disability-friendly bathroom NO Small pets allowed (under 5 kg),,2547 N Valley Junction Drive P.O. Box 133EdenUtah 84310 ,84310,8017456667,http://www.theredmooselodge.com
Utah,Ogden,41.2609,-111.77198,Valley House Inn,3.0,"""Located 15 minutes drive from Snowbasin Ski Resort", this historic Utah hotel offers a hot tub and sauna. All guest rooms include a fireplace and free Wi-Fi.,,,,,
Utah,Ogden,41.25079,-111.88267,Alaskan Inn,4.0,"""Featuring accommodations along the Ogden River", this bed and breakfast is 14 miles from Snowbasin. A hot full breakfast is served to guests in bed daily. Free Wi-Fi access is available.,,,,,
Utah,Ogden,41.11564,-112.02564,The Charin Inn,2.0,"""Conveniently located off Interstate 15", this Clearfield, Utah motel offers a covered patio area with a BBQ grill and rooms with free Wi-Fi.  Hill Air Force Base is 10 minutes drive away.,,,,
Utah,Ogden,41.37932,-111.78234,Powder Ridge Village,5.0,"""Located in Eden", Powder Ridge Village offers an indoor pool and a hot tub.  Sundown Ski Lift is 5 minutes walk from the property. Guests can enjoy a fireplace in each apartment.,,,,,
Utah,Ogden,41.2508,-111.7922,Retreat Unit 86,5.0,"""Retreat Unit 86 is located in Huntsville. It is situated 12 km from Wolf Mountain Ski Area and features free WiFi plus a 24-hour front desk.",,,,,,
Utah,Ogden,41.33234,-111.82613,Wolf Creek Village,5.0,"""Located in Wolf Creek", Wolf Creek Village offers an outdoor pool and a hot tub. Guests can enjoy a fireplace in each apartment. Powder Mountain Ski Area is 10 minutes drive from the property.,,,,,
Utah,Ogden,41.32584,-111.8292,Wolf Lodge Condo #303,5.0,"""Located in Eden in the Utah region", Wolf Lodge Condo #303 has a patio. The air-conditioned accommodation is 24 km from Ogden, and guests benefit from private parking available on site and free WiFi.,,,,
Utah,Ogden,41.32584,-111.8292,Wolf Lodge Condo #201,5.0,"""Set in Eden", Wolf Lodge Condo #201 provides accommodation with a patio and free WiFi. The air-conditioned accommodation is 26 km from Brigham City.,,,,,
Utah,Ogden,41.32584,-111.8292,Wolf Lodge Condo #1111,5.0,"""Wolf Lodge Condo #1111 is a holiday home located in Eden in Utah.",,,,,,
Utah,Ogden,41.32584,-111.8292,Wolf Lodge Condo #302,5.0,"""Offering a ski school and ski storage space", Wolf Lodge Condo #302 is situated in Eden in the Utah Region. The accommodation features a hot tub. Ogden is 17 km away. Free WiFi is featured throughout the property.,,,,,
Utah,Ogden,41.32584,-111.8292,Wolf Lodge Condo #1408,5.0,"""Offering a hot tub and fitness centre", Wolf Lodge Condo #1408 is located in Eden. The accommodation boasts a hot tub.,,,,,
Utah,Ogden,41.32484,-111.82467,Cascades Luxury Condo,5.0,"""Cascades-102 is a holiday home situated in Eden in Utah. Free WiFi is offered throughout the property.",,,,,,
Utah,Ogden,41.323,-111.8261,Moose Hollow Condo #1106,5.0,"""Moose Hollow 1106 is located in Eden. The air-conditioned accommodation is 24 km from Ogden", and guests benefit from complimentary WiFi and private parking available on site.,,,,,
Utah,Ogden,41.32376,-111.82531,Moose Hollow Condo #209,5.0,"""Set in Eden in Utah", this apartment is 850 metres from Wolf Creek Village.,,,,,
Utah,Ogden,41.32315,-111.82558,Moose Hollow Condo #1206,5.0,"""Moose Hollow Condo #1206 is a apartment located in Eden", Utah, 850 metres from Wolf Creek Village.,,,,
Utah,Ogden,41.32584,-111.8292,Wolf Lodge Condo #1211,5.0,"""Offering a seasonal pool and hot tub", Wolf Lodge #1211 is situated in Wolf Creek Resort in Eden, Utah.,,,,
Utah,Ogden,41.32584,-111.8292,Wolf Lodge Condo #701,5.0,"""Offering a seasonal pool and hot tub", Wolf Lodge Condo #701 is situated in Wolf Creek Resort in Eden Utah.,,,,,
Utah,Ogden,41.32584,-111.8292,Wolf Lodge Condo #801,5.0,"""Wolf Lodge Condo #801 offers accommodation in Eden", 17 km from Ogden. A seasonal outdoor pool and hot tub are available on-site.,,,,,
Utah,Ogden,41.32332,-111.82595,Moose Hollow Condo #407,5.0,"""Situated 850 metres from Wolf Creek Village", Moose Hollow Condo #407 offers accommodation in Eden. The air-conditioned unit is 17 km from Ogden.,,,,,
Utah,Ogden,41.32584,-111.8292,Wolf Lodge #811,5.0,"""Located in Eden", this air-conditioned apartment features a front patio with views of the pool and a private back balcony with views of Nordic Valley and Ben Lomond Peak. Free WiFi is available throughout the property. Powder Mountain is a 10 minute drive from the property.,,,,,
Utah,Ogden,41.32584,-111.8292,Wolf Lodge Condo #410,5.0,"""Offering a hot tub and fitness centre", Wolf Lodge Condo #410  near Powder Mountain, Snowbasin, Nordic Valley and Pineview is set in Eden in the Utah Region. The accommodation features a hot tub.,,,
Utah,Ogden,41.3247,-111.8306,Wl1106,5.0,"""Boasting a sauna", Wolf Lodge Condo #1106 is located in Eden. Complimentary WiFi is provided throughout the property.,,,,,
Utah,Ogden,41.3243,-111.8303,Wl1204,5.0,"""Boasting air-conditioned accommodation with a patio", WL1204 is situated in Eden. This holiday home features accommodation with a balcony.,,,,,
Utah,Ogden,41.323,-111.8261,Mh1106,5.0,"""Featuring air-conditioned accommodation with a terrace", Moose Hollow 1106 is situated in Eden. The property has lake views.,,,,,
Utah,Panguitch,37.83391,-112.43684,Best Host Inn,1.0,"""Offering free Wi-Fi", this motel is 30 minutes drive from Bryce Canyon National Park.,,,,,
Utah,Panguitch,37.8248,-112.4355,Blue Pine Motel,3.0,"""Featuring free Wi-Fi", this motel is 30 minutes drive from Bryce Canyon National Park. All rooms are equipped with a flat-screen cable TV with satellite channels. Free parking is provided on site.,,,,,
Utah,Panguitch,37.82938,-112.43597,Bryce Way Motel,2.0,"""This Panguitch", Utah motel features cable TV and free Wi-Fi.  Located on Route 89, it is 30 minutes drive from Bryce Canyon National Park.,,,,
Utah,Panguitch,37.82864,-112.43552,Adobe Sands Motel,2.0,"""Just 24 miles from Bryce Canyon", this Panguitch motel offers air-conditioned accommodations. A picnic area complete with BBQ facilities is located on site. Zion National Park is 76 miles away. Red Canyon is 10 miles away.,,,,,
Utah,Panguitch,37.82259,-112.43325,Purple Sage Motel,3.0,"""Located off Highway 89", this Panguitch motel offers guest rooms with free Wi-Fi and free guest parking. Bryce Canyon National Park is 24 miles away.,,,,,
Utah,Panguitch,37.826,-112.43504,Canyon Lodge Motel,2.0,"""Offering free WiFi", this motel is located in Panguitch. All air-conditioned rooms are equipped with a cable TV. Bryce Canyon National Park is 30 minutes drive from the motel.,,,,,
Utah,Panguitch,37.82763,-112.43554,Bryce Canyon Motel,2.0,"""Offering free WiFi", this motel is 10 minutes drive from Panguitch Muni Airport. All rooms are equipped with a cable TV. Free parking is provided on site.,,,,,
Utah,Panguitch,37.74729,-112.3534,Harold's Place,3.0,"""With a stay at Bryce GatewayInn Cabins in Panguitch", you'll be within a 5-minute drive of Bunkhouse at Cottonwood Meadow Lodge and Red Canyon.  This hotel is 13.9 mi (22.4 km) from Bryce Canyon National Park and 7.2 mi (11.5 km) from Garfield Memorial Hospital.,,,,,
Utah,Panguitch,37.60211,-112.47249,Ridgetop Hideaway,5.0,"""Boasting garden views", Ridgetop Hideaway offers accommodation with a balcony and a coffee machine, around 41 km from Daves Hollow Forest Service Station. The air-conditioned accommodation is 50 km from Sunrise Point, and guests benefit from private parking available on site and free WiFi.,,,
Utah,Panguitch,37.82267,-112.43264,The Panguitch House,3.0,"""Offering a hot breakfast each morning", this bed and breakfast is 20 minutes drive from Panguitch Lake. All rooms are equipped with a flat-screen cable TV. Free WiFi access is available.,,,,,
Utah,Panguitch,37.82229,-112.43973,Wonder Inn Outback,5.0,"""Set in Panguitch", 41 km from Sunrise Point, Wonder Inn Outback offers accommodation with free WiFi and free private parking. The property is around 45 km from Sunset Point, 32 km from Daves Hollow Forest Service Station and 33 km from Pink Cliffs Village. The inn has family rooms.,,,
Utah,Panguitch,37.82534,-112.43558,Henrie's Hideout,5.0,"""Boasting city views", Henries Hideout provides accommodation with barbecue facilities and a patio, around 45 km from Sunset Point. Set 41 km from Sunrise Point, the property offers a terrace and free private parking.,,,
Utah,Panguitch,37.8234,-112.4278,Aspen Grove,5.0,"""Situated in Panguitch in the Utah region", Aspen Grove has a patio. The air-conditioned accommodation is 41 km from Bryce Canyon, and guests benefit from complimentary WiFi and private parking available on site.,,,,
Utah,Panguitch,37.71904,-112.38146,Log Cabin by Cottonwood Meadow Lodge,5.0,"""Located in Panguitch", 34 km from Sunrise Point and 37 km from Sunset Point, Cozy 1 BR with a Pullout Sofa bed and Kitchenette offers free WiFi and air conditioning. This holiday home is 34 km from Three Wisemen and 34 km from Inspiration Point.,,,,
Utah,Panguitch,37.71904,-112.38146,The Barn by Cottonwood Meadow Lodge,5.0,"""Located in Panguitch", 34 km from Sunrise Point and 37 km from Sunset Point, Cozy 1 BR with a Pullout Sofa bed and Kitchenette offers free WiFi and air conditioning. This holiday home is 34 km from Three Wisemen and 34 km from Inspiration Point.,,,,
Utah,Panguitch,37.7286,-112.6499,Panguitch Lakehome,5.0,"""Panguitch Lakehome is located in Panguitch Lake and offers a terrace. The air-conditioned accommodation is 31 km from Cedar Breaks National Monument", and guests benefit from private parking available on site and free WiFi.,,,,,
Utah,,40.684099,-111.499747,Cove at Park Meadows by ResortQuest,3.0,HotelDescription#Further information about this hotel will be available shortly,NO Connecting rooms NO Large pets allowed (over 5 kg) NO Car park NO Smoking rooms NO Small pets allowed (under 5 kg) NO Wheelchair-accessible NO Garage NO Disability-friendly bathroom,,2684 Gallivan Loop Park CityUtah ,,,http://www.wyndhamvacationrentals.com/vacation-ren
Utah,,40.644973,-111.496689,Park City Penthouse On Main Condo,4.0,General Description: Classic accommodations  Ideal accommodations for a vacation getaway  Close proximity to historic district  Mountain views and exceptional service  Perfect location appropriate for both families and couples Location: Conveniently located in Park City  Shopping area is just minutes away  Hotel within walking distance  of Park City Mountain Resort''s Town Lift  Local Attractions: Deer Valley Resort  - 1.5 miles  The Canyons Resort  - 4.5 miles  Solitude Mountain Resort  - 6 miles  Brighton Mountain Resort  - 6 miles  Alta Ski Resort  - 9 miles Recreation: Ski activities nearby  Outdoor activities Restaurants & Lounges: Nearby restaurant Services: Valet dry cleaning and laundry services  Room service  Concierge services  car rental services available  Accommodation: 25 guestrooms  Classic guest rooms   Scenic views  Comfortable rooms Parking: Off-site parking - contact hotel for details,,,545 Main Street Park CityUtah 84060 ,84060,4356496665,
Utah,,40.62807,-111.48664,Stag Lodge,5.0,"""Set in Park City and with Kimball Art Center reachable within 5.1 km", Stag Lodge #30 offers a shared lounge, non-smoking rooms, free WiFi throughout the property and a terrace. The property is located 48 km from Utah s Hogle Zoo, 49 km from Red Butte Garden and 4.8 km from Park City Museum. All rooms come with a balcony.,,
Utah,,40.6569925,-111.5040134,Park City Ski Resort & Lodging by Wyndham Vacation Rentals,2.0,Stay in Snow Park  the lower base area of Deer Valley  which offers the best of both worlds - close to both skiing at Deer Valley Resort and Historic Main Street  the heart of Park City,Computer station Tour desk Luggage storage Free self parking American Express Express Check In / Check Out Jacuzzi Business services Spa tub Car Parking Hot tub Limited Time Reception Visa Discover Diners Club Non-Smoking Hotel,Distances are calculated in a straight line from the property&apos;s location to the point of interest or attraction  and may not reflect actual travel distance. &lt;br /&gt;&lt;br /&gt; Distances are displayed to the nearest 0.1 mile and kilometer. &lt;p&gt;Park City Mountain Resort - 0.5 km / 0.3 mi &lt;br /&gt;Olympic Welcome Plaza - 0.6 km / 0.4 mi &lt;br /&gt;Alpine Coaster - 0.9 km / 0.5 mi &lt;br /&gt;Park City Golf Club - 1 km / 0.6 mi &lt;br /&gt;Kimball Art Center - 1.3 km / 0.8 mi &lt;br /&gt;George S. and Dolores Dorb Eccles Center For The Performing Arts - 1.3 km / 0.8 mi &lt;br /&gt;Park City Museum - 1.5 km / 0.9 mi &lt;br /&gt;Egyptian Theatre - 1.7 km / 1.1 mi &lt;br /&gt;Deer Valley Resort - 3 km / 1.8 mi &lt;br /&gt;Red Pine Adventures - 4.7 km / 2.9 mi &lt;br /&gt;Canyons Resort - 5.7 km / 3.5 mi &lt;br /&gt;Redstone - 7.7 km / 4.8 mi &lt;br /&gt;Swaner Preserve and EcoCenter - 7.8 km / 4.8 mi &lt;br /&gt;Utah Olympic Park - 7.9 km / 4.9 mi &lt;br /&gt;Jordanelle State Park - 7.9 km / 4.9 mi &lt;br /&gt;&lt;/p&gt;&lt;p&gt;The preferred airport for Park City Collection by Wyndham Vacation Rentals is Salt Lake City  UT (SLC-Salt Lake City Intl.) - 42.8 km / 26.6 mi. &lt;/p&gt;,1245 Deer Valley Drive Park CityUtah 84060 ,84060,4356496606,http://www.wyndhamvacationrentals.com/vacation-ren
Utah,,40.6549539,-111.505886,Sunflower,5.0,HotelDescription#Guests can enjoy the convenience of 24-hour reception. Guests can enjoy access to the internet to stay connected to work or home. The establishment is wheelchair-accessible. There is an on-site car park. Check-out is at . Pets are allowed at this establishment. Large pets are allowed at this establishment.,NO Connecting rooms Vacation condo or apartment NO Disability-friendly bathroom NO Wheelchair-accessible NO Smoking rooms NO Small pets allowed (under 5 kg) NO Large pets allowed (over 5 kg) NO Car park NO Garage,,1493 Park Avenue Park CityUtah 84060 ,84060,,
Utah,,40.63336945,-111.48944092,Abode On Navajo Trail,3.0,,Billiards or pool table Free self parking,Distances are calculated in a straight line from the property&apos;s location to the point of interest or attraction  and may not reflect actual travel distance. &lt;br /&gt;&lt;br /&gt; Distances are displayed to the nearest 0.1 mile and kilometer. &lt;p&gt;Deer Valley Resort - 1 km / 0.6 mi &lt;br /&gt;Egyptian Theatre - 1.1 km / 0.7 mi &lt;br /&gt;Park City Museum - 1.4 km / 0.9 mi &lt;br /&gt;Mountain Town Olive Oil - 1.5 km / 1 mi &lt;br /&gt;Kimball Art Center - 1.6 km / 1 mi &lt;br /&gt;Deer Crest - 2.1 km / 1.3 mi &lt;br /&gt;Alpine Coaster - 2.5 km / 1.6 mi &lt;br /&gt;Park City Mountain Resort - 2.6 km / 1.6 mi &lt;br /&gt;Silver Mountain Sports Club and Spa - 3.4 km / 2.1 mi &lt;br /&gt;Silverlode - 3.4 km / 2.1 mi &lt;br /&gt;Olympic Welcome Plaza - 3.4 km / 2.1 mi &lt;br /&gt;Sitka Super Park - 3.5 km / 2.2 mi &lt;br /&gt;Jupiter Peak - 3.7 km / 2.3 mi &lt;br /&gt;King Connector - 3.8 km / 2.3 mi &lt;br /&gt;Motherlode - 3.8 km / 2.4 mi &lt;br /&gt;&lt;/p&gt;&lt;p&gt;The nearest airports are:&lt;br /&gt;Salt Lake City  UT (SLC-Salt Lake City Intl.) - 44.9 km / 27.9 mi&lt;br /&gt;Provo  UT (PVU) - 50 km / 31.1 mi&lt;br /&gt;&lt;/p&gt;&lt;p&gt;&lt;/p&gt;,9 Bellevue Ct Park CityUtah 84060 ,84060,4357290022,
Utah,,40.62228,-111.50102,Arrowleaf,5.0,"""Situated in Park City", Utah region, Arrowleaf at Empire Pass is located 4.4 km from Park City Museum. The property is around 4.7 km from Kimball Art Center, 48 km from Utah s Hogle Zoo and 49 km from Red Butte Garden. Every room has a balcony with mountain views and free WiFi.,,,
Utah,,40.7994,-111.44637,"""The Lodge at Blue Sky"," Auberge Resorts Collection""",,"""The Lodge at Blue Sky has a restaurant", free bikes, an outdoor swimming pool and fitness centre in Park City. 23 km from Utah Olympic Park and 26 km from The Canyons Resort, the property provides a bar and a garden. The accommodation features a 24-hour front desk, airport transfers, room service and free WiFi throughout the property.
Utah,,40.68617,-111.55605,Grand Summit G408,5.0,"""Set in Park City", 48 km from The Tabernacle, Grand Summit G408 offers accommodation with a restaurant, free WiFi and an ATM. This apartment is 39 km from Red Butte Garden and 41 km from Utah Museum of Natural History.,,,
Utah,,40.68617,-111.55605,Grand Summit G431,5.0,"""Situated in Park City", 48 km from The Tabernacle, Grand Summit G431 features accommodation with a restaurant, free WiFi and an ATM. This apartment is 39 km from Red Butte Garden and 41 km from Utah Museum of Natural History.,,,
Utah,,40.68617,-111.55605,Grand Summit G704,5.0,"""Set in Park City", 48 km from The Tabernacle, Grand Summit G704 offers accommodation with a restaurant, free WiFi and an ATM. This apartment is 39 km from Red Butte Garden and 41 km from Utah Museum of Natural History.,,,
Utah,,40.68617,-111.55605,Grand Summit G507,5.0,"""Located in Park City", 48 km from The Tabernacle, Grand Summit G507 provides accommodation with a restaurant, free WiFi and an ATM. This apartment is 8.3 km from Kimball Art Center and 39 km from Utah s Hogle Zoo.,,,
Utah,,40.68617,-111.55605,Grand Summit G543 Ps,5.0,"""Located in Park City", 48 km from The Tabernacle, Grand Summit G543 provides accommodation with a restaurant, free WiFi and an ATM. This apartment is 39 km from Red Butte Garden and 41 km from Utah Museum of Natural History.,,,
Utah,,40.734,-111.55361,6975 N 2200 W Townhouse,5.0,"""Set in Park City", 6 km from The Canyons Resort, 11 km from Park City Mountain Resort and 13 km from Kimball Art Center, 6975 N 2200 W Townhouse offers accommodation with a patio and free WiFi. Located 4.1 km from Utah Olympic Park, the property provides a garden and free private parking.,,
Utah,,40.68617,-111.55605,Grand Summit G506,5.0,"""Located in Park City", 48 km from The Tabernacle, Grand Summit G506 provides accommodation with a restaurant, free WiFi and an ATM. This apartment is 39 km from Red Butte Garden and 41 km from Utah Museum of Natural History.,,,
Utah,,40.68617,-111.55605,Grand Summit G407,5.0,"""Located in Park City", 48 km from The Tabernacle, Grand Summit G407 provides accommodation with a restaurant, free WiFi and an ATM. This apartment is 39 km from Red Butte Garden and 41 km from Utah Museum of Natural History.,,,
Utah,,40.68556,-111.54818,3793 Blackstone Drive Condo Unit 1g,5.0,"""Situated in Park City", 48 km from The Tabernacle, Blackstone Condos Unit 1G features views of the mountain. The property is around 7.6 km from Kimball Art Center, 38 km from Utah s Hogle Zoo and 38 km from Red Butte Garden. This pet-friendly hotel also has free WiFi.,,,
Utah,,40.68617,-111.55605,Grand Summit G540,5.0,"""Situated in Park City", 48 km from The Tabernacle, Grand Summit G540 features accommodation with a restaurant, free WiFi and an ATM. This apartment is 39 km from Red Butte Garden and 41 km from Utah Museum of Natural History.,,,
Utah,Parowan,37.83554,-112.83344,Crimson Hills Motel,2.0,"""This hotel", nestled in the scenic town of Parowan, Utah, offers free Wi-Fi and express check-in/check-out.  It features all-suite accommodations that provide convenient amenities including a kitchenette and cable TV.,,,
Utah,Parowan,37.84404,-112.82504,Victoria's Bed & Breakfast,3.0,"""With a stay at Lizzie's Heritage Inn in Parowan", you'll be within a 15-minute drive of Dixie National Forest and Parowan Gap Dinosaur Tracks and Remains.  This inn is 11.6 mi (18.7 km) from Brian Head Ski Resort and 20.5 mi (33 km) from Southern Utah University.,,,,,
Utah,Price,39.60291,-110.82234,Legacy Inn,2.0,"""Located just 7 miles from Nine Mile Canyon Entrance", this Price motel offers free Wi-Fi and an expansive continental breakfast. All guest rooms include a microwave and small fridge.,,,,,
Utah,Price,39.60215,-110.83093,Surestay Plus Hotel By Best Western Price,3.0,"""Offering free shuttle service within a 5-mile (8 km) radius and free wireless internet access", this hotel in Price, Utah is only minutes from The College of Eastern Utah Prehistoric Museum. A free hot breakfast is served daily.,,,,
Utah,Price,39.54219,-110.72858,Pillow Talk Motel,2.0,"""Situated midway between Arches National Park in Moab and the ski slopes of Salt Lake City", this budget Wellington, Utah motel offers 24-hour reception and rooms with free Wi-Fi. Huntington Municipal Airport is 18 miles away.,,,,
Utah,Provo,40.23221,-111.66361,Aspenwood Manor,5.0,"""Offering free Wi-Fi", this guest house is 30 minutes walk from Bringham Young University. Laundry facilities are available on site. Free off-street parking is provided.,,,,,
Utah,Provo,40.22987,-111.66141,Provo Inn & Suites Provo,1.0,"""Located on Route 89 and a 9-minute walk from downtown Provo", this inn features free Wi-Fi. Brigham Young University is less than 2.5 miles away.,,,,,
Utah,Provo,40.23229,-111.66541,Hines Mansion,4.0,"""Set in Provo", less than 1 km from Utah Valley Convention Center and 2.8 km from Brigham Young University, Hines Mansion offers accommodation with free WiFi, air conditioning and access to a garden. The accommodation features a spa bath.,,,
Utah,Provo,40.232058125,-111.6588577,Travelodge Provo,3.0,,,,124 South University Avenue ProvoUT 84601 ,84601,,
Utah,Provo,40.41895,-111.87819,Tru By Hilton Lehi,2.0,"""Featuring 2-star accommodation", Tru By Hilton Lehi, Ut is set in Lehi, 43 km from The Tabernacle and 43 km from Salt Palace. Featuring a fitness centre, the 2-star hotel has air-conditioned rooms with free WiFi, each with a private bathroom. The hotel has an indoor pool and a 24-hour front desk.,
Utah,Richfield,39.4406,-111.47707,The Lazy Inn Bed & Breakfast,3.0,"""Offering free Wi-Fi", this bed and breakfast is 4.2 from Horseshoe Mountain. Breakfast is delivered to each room daily. Free parking is provided on site.,,,,,
Utah,Richfield,38.93529,-111.85368,Scenic Hills Super 8,2.0,"""Offering a seasonal outdoor swimming pool", this Salina, Utah motel is 20 miles away from Richfield Municipal Airport. Fishlake National Forest is 80 miles away.,,,,
Utah,Richfield,39.47499,-111.49631,Osborne Inn,5.0,"""The Osborne is offering accommodation in Spring City. Among the various facilities are free bikes. Guests can make use of a shared lounge.",,,,,,
Utah,Salina,38.93529,-111.85368,Scenic Hills Super 8,2.0,"""Offering a seasonal outdoor swimming pool", this Salina, Utah motel is 20 miles away from Richfield Municipal Airport. Fishlake National Forest is 80 miles away.,,,,
Utah,,40.588769294,-111.63872659,Goldminers Daughter Lodge,4.0,,,,10160 East Highway 210 AltaUtah 84092 ,84092,8017422300,http://www.goldminersdaughterlodge.com/
Utah,,40.648694,-111.937992,Thornhill Park,3.0,,NO Connecting rooms NO Garage NO Wheelchair-accessible NO Large pets allowed (over 5 kg) NO Car park NO Small pets allowed (under 5 kg) NO Smoking rooms NO Disability-friendly bathroom,,1680 West Thornhill Drive Salt Lake CityUtah 84123 ,84123,8012628678,http://www.mythornhillparkapartments.com/
Utah,,40.71957016,-111.87039948,Parrish Place B&B,3.0,HotelDescription#Further information about this hotel will be available shortly,NO Small pets allowed (under 5 kg) NO Wheelchair-accessible NO Disability-friendly bathroom NO Connecting rooms NO Garage NO Car park NO Large pets allowed (over 5 kg) NO Smoking rooms,,720 E Ashton Ave Salt Lake CityUtah 84106 ,84106,8558320970,http://www.parrishplace.com/
Utah,,40.6965,-111.8212,2436 East Evergreen Avenue Home,5.0,"""2436 East Evergreen Avenue Home is set in Salt Lake City", 14 km from The Tabernacle, 10 km from Utah Museum of Natural History, and 11 km from Utah s Hogle Zoo. The air-conditioned accommodation is 11 km from Red Butte Garden.,,,
Utah,Sandy,40.588769294,-111.63872659,Goldminers Daughter Lodge,4.0,,,,10160 East Highway 210 AltaUtah 84092 ,84092,8017422300,http://www.goldminersdaughterlodge.com/
Utah,Sandy,40.59103,-111.63318,The Snowpine Lodge,4.0,"""Featuring a hot tub", this Alta, Utah lodge features ski-in access of Alta Ski Lift and modern conveniences like an iHome docking station.,,,,
Utah,Sandy,40.58955,-111.63673,Alta Lodge,5.0,"""Located at the base of the Alta Ski Area", Alta Lodge offers ski-in/ski-out accommodations. A free full breakfast and 4-course dinner are served daily.,,,,,
Utah,Sandy,40.58144,-111.65911,Inn at Snowbird,2.0,"""Set in Utah", Inn at Snowbird is located 300 metres from Aerial Tram. Featuring an outdoor pool and a hot tub, the hotel has ski storage space.,,,,
Utah,Sandy,40.56174,-111.80091,10457 Wasatch Boulevard Home,5.0,"""Set in Sandy", 10 km from Mountain America Expo Center and 10 km from South Towne Expo Center, 10457 Wasatch Boulevard Home offers air conditioning. Guests staying at this holiday home have access to a fully equipped kitchen.,,,,
Utah,Sandy,40.5867,-111.7935,Ski Retreat Apartment,5.0,"""Ski Retreat Apartment offers accommodation in Canyon Place. The unit is 26 km from Park City.",,,,,,
Utah,Snowbird,40.58144,-111.65911,Inn at Snowbird,2.0,"""Set in Utah", Inn at Snowbird is located 300 metres from Aerial Tram. Featuring an outdoor pool and a hot tub, the hotel has ski storage space.,,,,
Utah,Solitude,40.61954,-111.59205,Powderhorn Lodge,5.0,"""Powderhorn Lodge 107: Columbine Suite is set in Solitude", 2 km from Brighton Ski Resort and 1 km from Eagle Express.,,,,,
Utah,Solitude,40.62017,-111.59214,Eagle Springs Lodge West,5.0,"""Eagle Springs West 403: Blackbird Suite offers accommodation in Solitude.",,,,,,
Utah,Solitude,40.6187,-111.5914,Alpine Creek 4 by Mount Majestic,5.0,"""Boasting a restaurant", a fitness centre, and a shared lounge, Alpine Creek #4 provides accommodation in Brighton with free WiFi and mountain views. Featuring free private parking, the holiday home is in an area where guests can engage in activities such as hiking, skiing and billiards.,
Utah,Solitude,40.6197,-111.5916,Wanderlust Suite,5.0,"""Wanderlust Suite is set in Solitude and offers a restaurant and a shared lounge. The accommodation is 37 km from Orem", and guests benefit from private parking available on site and free WiFi.,,,,,
Utah,Solitude,40.62031,-111.59147,Eagle Springs East 107: Lady Fern Suite,5.0,"""Eagle Springs East 107: Lady Fern Suite is located in Solitude", 2 km from Brighton Ski Resort.,,,,,
Utah,Solitude,40.62015,-111.59145,Eagle Springs East 101: Red wing Suite,5.0,"""Eagle Springs East 101: Red-wing Suite is situated in Solitude", 2 km from Brighton Ski Resort and 1 km from Eagle Express.,,,,,
Utah,Solitude,40.62,-111.59137,Eagle Springs East 207: Resting Moose Suite,5.0,"""Eagle Springs East 207: Resting Moose Suite is situated in Solitude", 2 km from Brighton Ski Resort and 1 km from Eagle Express.,,,,,
Utah,Solitude,40.61998,-111.59143,Eagle Springs East 302: Boxelder Suite,5.0,"""Eagle Springs East 302: Boxelder Suite is located in Solitude", 2 km from Brighton Ski Resort and 1 km from Eagle Express.,,,,,
Utah,Solitude,40.62,-111.59135,Eagle Springs East 307: Primrose Suite,5.0,"""Eagle Springs East 307: Primrose Suite offers accommodation in Solitude.",,,,,,
Utah,Solitude,40.61995,-111.59141,Eagle Springs East 315: Osprey Suite,5.0,"""Eagle Springs East 315: Osprey Suite is set in Solitude", 2 km from Brighton Ski Resort.,,,,,
Utah,Solitude,40.62006,-111.59138,Eagle Springs East 402: Buffaloberry Suite,5.0,"""Eagle Springs East 402: Buffaloberry Suite is situated in Solitude", 2 km from Brighton Ski Resort.,,,,,
Utah,Solitude,40.62017,-111.59295,Eagle Springs West 102: Song Sparrow Suite,5.0,"""Eagle Springs West 102: Song Sparrow Suite is located in Solitude", 2.1 km from Brighton Ski Resort.,,,,,
Utah,Solitude,40.62778,-111.60972,11373 Church Cabin Cabin,5.0,"""Situated in Solitude in the Utah region", 11373 Church Cabin Cabin has a patio. The air-conditioned accommodation is 30 km from Sandy, and guests benefit from complimentary WiFi and private parking available on site.,,,,
Utah,Solitude,40.62079338,-111.5926838,Solitude Resort and Lodging,3.0,,Hotel,,12082 Big Cottonwood Canyon SOLITUDE ,84121,,
Utah,Solitude,40.61954,-111.59205,Powderhorn Lodge 102: Sego Lily Suite,5.0,"""Powderhorn Lodge 102: Sego Lily Suite is situated in Solitude", 2 km from Brighton Ski Resort.,,,,,
Utah,Solitude,40.61954,-111.59205,Powderhorn Lodge 107: Columbine Suite,5.0,"""Powderhorn Lodge 107: Columbine Suite is set in Solitude", 2 km from Brighton Ski Resort and 1 km from Eagle Express.,,,,,
Utah,Solitude,40.61954,-111.59205,Powderhorn Lodge 311: Poppy Suite,5.0,"""Powderhorn Lodge 311: Poppy Suite offers accommodation in Solitude.",,,,,,
Utah,Solitude,40.61954,-111.59205,Powderhorn Lodge 413: Woodland Star Suite,5.0,"""Powderhorn Lodge 413: Woodland Star Suite is located in Solitude", 2 km from Brighton Ski Resort and 1 km from Eagle Express.,,,,,
Utah,Solitude,40.61925,-111.59205,Powderhorn Lodge 210: Blazing Star Suite,5.0,"""Powderhorn Lodge 210: Blazing Star Suite offers accommodation in Solitude.",,,,,,
Utah,Solitude,40.61899,-111.59205,Powderhorn Lodge 223: Pennyroyal Suite,5.0,"""Powderhorn Lodge 223: Pennyroyal Suite is located in Solitude", 2 km from Brighton Ski Resort.,,,,,
Utah,Solitude,40.61954,-111.59205,Powderhorn Lodge 408: Rustic Mountain Suite,5.0,"""Powderhorn Lodge 408: Rustic Mountain Suite offers accommodation in Solitude.",,,,,,
Utah,Solitude,40.61905,-111.59205,Powderhorn Lodge 419: Spearmint Suite,5.0,"""Powderhorn Lodge 419: Spearmint Suite is located in Solitude", 2 km from Brighton Ski Resort.,,,,,
Utah,Solitude,40.61983,-111.59162,Eagle Springs East 206: White Fir Suite,5.0,"""Eagle Springs East 206: White Fir Suite offers accommodation in Solitude.",,,,,,
Utah,Solitude,40.61984,-111.6145,Eagle Springs East 201: Horsetail Suite,5.0,"""Eagle Springs East 201: Horsetail Suite offers accommodation in Burnt Flat.",,,,,,
Utah,Solitude,40.61954,-111.59205,Powderhorn Lodge #209,5.0,"""Powderhorn Lodge 209 offers accommodation in Solitude.",,,,,,
Utah,Springdale,37.19472,-112.99313,Flanigan`s Inn,3.0,"""Located in Springdale", 1 km from Zion National Park, Flanigan`s Resort and Spa has rooms with free WiFi access. Featuring a bar, this 3-star inn has air-conditioned rooms with a private bathroom. Rooms have a flat-screen TV with satellite channels.,,,
Utah,Springdale,37.19134,-112.99325,Harvest House Bed and Breakfast,5.0,"""Set in Springdale in the Utah region", Harvest House Bed and Breakfast offers accommodation with free WiFi and free private parking, as well as access to a hot tub.,,,,
Utah,Springdale,37.17983,-113.00666,Driftwood Lodge Zion National Park Springdale,3.0,"""Situated in Springdale", Utah, this hotel is less than 2 miles from the entrance of Zion National Park. A seasonal outdoor pool, a hot tub and a picnic area. Access to the Virgin River is also available. Free WiFi is provided.,,,
Utah,Springdale,37.18027,-113.007313,Quality Inn & Suites Montclair,2.0,"""<p>HeadLine : Near DeZion Gallery</p><p>Location : With a stay at Montclair Inn & Suites at Zion National Park in Springdale", you ll be in a national park, within a 5-minute drive of Zion National Park and DeZion Gallery.  This hotel is 2 mi (3.3 km) from Zion National Park South Entrance and 2.3 mi (3.7 km) from Zion Canyon Visitor Center.</p><p>Rooms : Make yourself at home in one of the 35 guestrooms featuring refrigerators and microwaves. Complimentary wireless Internet access is available to keep you connected. Bathrooms have bathtubs or showers and hair dryers. Conveniences include coffee/tea makers and complimentary bottled water, and housekeeping is provided daily.</p><p>Renovations : The following facilities are closed seasonally each year. They will be closed from November 27 to May 1:<ul><li>Spa tub</li><li>Swimming pool</li></ul></p><p>CheckIn Instructions : <ul>  <li>Extra-person charges may apply and vary depending on property policy</li><li>Government-issued photo identification and a credit card, debit card, or cash deposit may be required at check-in for incidental charges</li><li>Special requests are subject to availability upon check-in and may incur additional charges; special requests cannot be guaranteed</li><li>This property accepts credit cards; cash is not accepted</li>  </ul></p><p>Special Instructions : There is no front desk at this property. This property doesn t offer after-hours check-in. Prior to arrival, guests must complete online registration with the property via a secure link. Guests will be asked to provide the property with a copy of their government-issued photo ID before arrival. 
Utah,Springdale,37.17004,-113.01297,Canyon Vista Lodge,3.0,"""Situated in Springdale in the Utah region", Canyon Vista Lodge features accommodation with free WiFi and free private parking, as well as access to a hot tub.,,,,
Utah,Springdale,37.18792,-113.00129,Red Rock Inn Bed and Breakfast Cottages,2.0,"""Offering a terrace and mountain views", Red Rock Inn Cottages is located in Springdale. Free breakfast is served daily. Zion National park is 2 km from the property.,,,,,
Utah,Springdale,37.18876,-112.99837,Zion Park Motel,2.0,"""Featuring a seasonal outdoor swimming pool", Zion Park Motel is set in Springdale, 1.7 km from Zion National Park and is 92 metres from the free shuttle to Zion National Park. This 2-star motel offers barbecue facilities. The property provides a childrens playground.,,,,
Utah,Springdale,37.29946,-113.10166,Zion Villa,,"""Set in Springdale", within 1.1 km of Zion National Park, Zion Villa offers accommodation with free WiFi, air conditioning and a garden. Boasting free private parking, the villa is in an area where guests can engage in activities such as skiing, cycling and fishing.,
Utah,,37.15955,-113.44017,Good Day Sunshine,4.0,"""Good Day Sunshine is situated in Washington", 11 km from Pine Valley Chapel, 16 km from Dixie State University, as well as 17 km from Daughters of Utah Pioneer Museum. The accommodation is 17 km from St George Temple, and guests benefit from complimentary WiFi and private parking available on site.,,
Utah,,37.19461,-113.62005,Escape To St. George,4.0,"""Escape to St. George is located in St. George", 12 km from Brigham Young Winter Home Historical Site, 12 km from Pioneer Center for the Arts, and 12 km from Daughters of Utah Pioneer Museum. The accommodation is 13 km from St George Temple, and guests benefit from private parking available on site and free WiFi.,,
Utah,,37.15936,-113.43944,A Cut Above,4.0,"""A Cut Above is set in Washington", 11 km from Pine Valley Chapel, 16 km from Dixie State University, and 17 km from Daughters of Utah Pioneer Museum. The accommodation is 17 km from St George Temple, and guests benefit from complimentary WiFi and private parking available on site.,,
Utah,,37.14631,-113.47841,Park Place,4.0,"""Park Place is located in Washington", 6 km from Pine Valley Chapel, 11 km from Dixie State University, and 12 km from Daughters of Utah Pioneer Museum. The accommodation is 12 km from St George Temple, and guests benefit from complimentary WiFi and private parking available on site.,,
Utah,Sundance,40.38726,-111.58728,Hidden Forest Home,5.0,"""Situated in Sundance in the Utah region", Hidden Forest Home has a patio. The air-conditioned accommodation is 26 km from Provo, and guests benefit from complimentary WiFi and private parking available on site.,,,,
Utah,Sundance,40.39283,-111.58757,Fox Hollow Home,5.0,"""Located in Sundance in the Utah region", Fox Hollow Home features a patio. The air-conditioned accommodation is 43 km from Provo.,,,,,
Utah,Sundance,40.39444,-111.5862,La Cabana Cabin,5.0,"""Set in Sundance in the Utah region", La Cabana Cabin has a patio. The property is 25 km from Provo and free private parking is offered.,,,,,
Utah,Sundance,40.39578,-111.59115,Boulder Ridge Home,5.0,"""Set in Sundance in the Utah region", Boulder Ridge Home features a patio. The holiday home is in an area where guests can engage in activities such as skiing and cycling.,,,,,
Utah,Sundance,40.39491,-111.57956,Lookout Pointe Home,5.0,"""Set in Sundance in the Utah region", Lookout Pointe Home features a patio. The air-conditioned accommodation is 26 km from Provo.,,,,,
Utah,Sundance,40.39893,-111.54649,Skydance Cabin,5.0,"""Featuring accommodation with a patio", Skydance Cabin is located in Sundance. Complimentary WiFi is available throughout the property.,,,,,
Utah,Sundance,40.40164,-111.59582,Canopy on the Stream Home,5.0,"""Set in Sundance in the Utah region", Canopy on the Stream Home features a balcony. Featuring a patio, the holiday home is in an area where guests can engage in activities such as skiing and cycling.,,,,
Utah,Sundance,40.39567,-111.57995,Stewart Heights Cabin,5.0,"""Situated in Sundance in the Utah region", Stewart Heights Cabin has a balcony. The accommodation is 26 km from Provo, and guests benefit from private parking available on site and free WiFi.,,,,
Utah,Sundance,40.38702,-111.58815,Ridgetop Cabin,5.0,"""Located in Sundance in the Utah region", Ridgetop Cabin features a balcony. The air-conditioned accommodation is 26 km from Provo.,,,,,
Utah,Sundance,40.39391,-111.58571,Carriage House Above the Stream,5.0,"""Carriage House Above the Stream is situated in Sundance. The accommodation is 23 km from LaVell Edwards Stadium", and guests benefit from private parking available on site and free WiFi.,,,,,
Utah,Taylorsville,40.648694,-111.937992,Thornhill Park,3.0,,NO Connecting rooms NO Garage NO Wheelchair-accessible NO Large pets allowed (over 5 kg) NO Car park NO Small pets allowed (under 5 kg) NO Smoking rooms NO Disability-friendly bathroom,,1680 West Thornhill Drive Salt Lake CityUtah 84123 ,84123,8012628678,http://www.mythornhillparkapartments.com/
Utah,Tooele,40.52182,-112.29776,Hampton Inn Tooele,3.0,This comfortable hotel is in West Valley City. A total of 51 accommodation units are available for guests' convenience. Wi-Fi internet connection is available on public areas. Hampton Inn Tooele offers 24-hour reception for guests' convenience. This establishment's common areas are disability-friendly. This is not a pet-friendly accommodation. Travellers arriving by car will appreciate parking available at Hampton Inn Tooele. Hampton Inn Tooele may charge a fee for some services.,Hotel Conference room Hot tub ISO 14001  Environmental management Hilton - CleanStay,,461 South Main Street TOOELE ,84074,,
Utah,Torrey,38.40125,-111.64236,The Snuggle Inn,4.0,"""THE SNUGGLE INN is a 4-star property situated in Loa. With free WiFi", this 4-star hotel has a shared lounge and a terrace. Some rooms at the property have a balcony with a mountain view.,,,,,
Utah,Torrey,38.34072,-111.54953,Aquarius Inn,3.0,"""Located on Highway 24", this central Bicknell Hotel features a seasonal indoor pool with hot tub. All guest rooms offer free Wi-Fi and a cable TV.,,,,,
Utah,Torrey,38.31867,-111.38298,The Rim Rock Inn,2.0,"""Offering a restaurant on site", this motel is 10 minutes drive from Capitol Reef National Park. Free Wi-Fi access is available. Parking is provided on site.,,,,,
Utah,Torrey,38.29896,-111.43024,Motel Torrey,4.0,"""Offering free WiFi", the Motel Torrey is 20 minutes drive from Capitol Reef National Park Visitor Center.,,,,,
Utah,Torrey,38.22199,-111.11937,Sunlit Oasis,5.0,"""Situated in Notom", 27 km from Torrey, Sunlit Oasis features a shared lounge and free WiFi.,,,,
Utah,Tremonton,41.71321,-112.16564,Marble Motel,2.0,"""Featuring free WiFi", Marble Motel offers pet-friendly accommodation in Tremonton. Free private parking is available on site.,,,,,
Utah,Tremonton,41.71057,-112.19824,Western Inn,3.0,"""Located in Tremonton", Utah, 10.5 miles from Crystal Hot Springs, this hotel offers a 24-hour reception and a continental breakfast. All guest rooms include free Wi-Fi.,,,
Utah,Tropic,37.62285,-112.08184,Bryce Pioneer Village,2.0,"""Featuring an on-site dinner theatre", this motel is 20 minutes drive from Bryce Canyon National Park. All rooms include free WiFi.,,,,,
Utah,Tropic,37.62443,-112.08189,Bryce Canyon Inn Cabins,3.0,"""Offering a restaurant on site", this inn is 15 minutes drive from Bryce Canyon National Park. All rooms feature mountain views. Free WiFi access is available.,,,,,
Utah,Tropic,37.62262,-112.09789,Stone Canyon Inn,3.0,"""Located in Tropic", Utah, this inn overlooks Bryce Canyon National Park and Grand Staircase Escalante National Monument.,,,,
Utah,Tropic,37.62355,-112.08158,Bybee's Steppingstone Motel,2.0,"""Offering free Wi-Fi", this motel provides an onsite check-in for Grand Stair Case ATV tours. A flat-screen cable TV with satellite channels is offered in all rooms.,,,,,
Utah,Tropic,37.61657,-112.07563,Bullberry Inn Bed & Breakfast,5.0,"""Set 21 km from Sunrise Point", Bullberry inn Bed & Breakfast offers accommodation with a garden, a terrace and room service for your convenience. Both WiFi and private parking are accessible at the bed and breakfast free of charge.,,,,
Utah,Tropic,37.64431,-112.0761,Bryce Vistas,5.0,"""Featuring a patio with mountain views", this apartment is located in Tropic. Free WiFi access is available. Dixie National Forest is 20 minutes drive from the apartment.,,,,,
Utah,Tropic,37.62663,-112.07993,Bryce Canyon Log Cabins,2.0,"""With free WiFi", this lodge is 15 minutes drive from Bryce Canyon National Park. All cottages feature a balcony with a view.,,,,,
Utah,Tropic,37.62528,-112.0812,Bryce Way Retreat,5.0,"""Bryce Way Retreat is a holiday home situated in Tropic", 16 km from Bryce Canyon National Park. The holiday home comes with air conditioning and free WiFi. Free private parking is available on site.,,,,,
Utah,Vernal,40.45581,-109.52966,Sage Motel,2.0,"""Serving a free continental breakfast daily", this motel is located in Vernal. All rooms are equipped with free WiFi and a flat-screen TV. Vernal Regional Airport is 5 minutes drive from the motel.,,,,,
Utah,Vernal,40.454502,-109.508881,Travelodge Vernal,2.0,12 Rooms With Kitchenette. Pets Allowed With 10.00 USD Per Pet Fee.,2 floors Coach parking Car parking (Payable to hotel  if applicable),2 kms to city centre 287 kms to the nearest airport (salt lake city international airport) Close to the beach,1015 East Highway 40 VernalUtah 84078 ,84078,4357899020,http://www.travelodge.com/hotels/utah/vernal/trave
Utah,Vernal,40.45542,-109.53673,Best Western Antlers,3.0,"""Featuring a seasonal outdoor heated pool and an indoor hot tub", this hotel is 25 minutes drive from Dinosaur National Monument. A free transfer service to Vernal Airport is offered.,,,,,
Utah,Vernal,40.4691,-109.52843,Dinosaurland Koa,5.0,"""Situated in Vernal", Dinosaurland KOA features accommodation with private balconies. Boasting a shared kitchen, this property also provides guests with a childrens playground. There is a seasonal outdoor pool and guests can make use of free WiFi and free private parking.,,,,
Utah,Washington,37.15639,-113.44086,Road Runner Retreat,4.0,"""Set in Washington in the Utah region", Road Runner Retreat has a patio. The accommodation is 18 km from St. George, and guests benefit from private parking available on site and free WiFi.,,,,
Utah,Washington,37.15716,-113.44079,Family Retreat,4.0,"""Family Retreat is located in Washington. Guests staying at this holiday home have access to a fully equipped kitchen.",,,,,,
Utah,Washington,37.15853,-113.44106,Zion Escapes,4.0,"""Situated in Washington in the Utah region", Zion Escapes has a patio. The accommodation is 18 km from St. George, and guests benefit from complimentary WiFi and private parking available on site.,,,,
Utah,Washington,37.15856,-113.44113,Life is Good,3.0,"""Life is Good is set in Washington. Complimentary WiFi is featured.",,,,,,
Utah,Washington,37.1582,-113.44035,Zions Den,4.0,"""Zions Den is set in Washington", 17 km from St George Temple, 11 km from Pine Valley Chapel, as well as 16 km from Dixie State University. This property offers access to a patio, free private parking and free WiFi.,,
Utah,Washington,37.15839,-113.44173,Coral Vista Villa,4.0,"""Set in Washington in the Utah region", Coral Vista Villa has a patio. The 4-star apartment is 17 km from St George Temple.,,,,,
Utah,Washington,37.15716,-113.44079,Desert Star,3.0,"""Desert Star is set in Washington. Guests staying at this holiday home have access to free WiFi.",,,,,,
Utah,Washington,37.15716,-113.44079,A Fairway to Heaven,4.0,"""A Fairway to Heaven is set in Washington. Complimentary WiFi is provided.",,,,,,
Utah,Washington,37.14504,-113.47802,Field of Dreams,4.0,"""Situated in Washington in the Utah region", Field of Dreams has a patio. The accommodation is 13 km from St. George, and guests benefit from complimentary WiFi and private parking available on site.,,,,
Utah,Washington,37.15761,-113.44107,Endless Summer,3.0,"""Featuring a hot tub", Endless Summer is situated in Washington. Guests are welcome to go for a swim in outdoor pool and enjoy the free WiFi.,,,,,
Utah,Washington,37.15931,-113.44022,Golfers Dream Near Zion,4.0,"""Located in Washington", Golfers Dream Near Zion offers an outdoor swimming pool, a garden and a barbecue. Providing free WiFi, the property also has a fitness centre and a terrace.,,,
Utah,Washington,37.15854,-113.44162,Coral Escape,4.0,"""Set in Washington in the Utah region", Coral Escape features a patio. The air-conditioned accommodation is 17 km from St George Temple, and guests benefit from private parking available on site and free WiFi.,,,,
Utah,Washington,37.15955,-113.44017,Good Day Sunshine,4.0,"""Good Day Sunshine is situated in Washington", 11 km from Pine Valley Chapel, 16 km from Dixie State University, as well as 17 km from Daughters of Utah Pioneer Museum. The accommodation is 17 km from St George Temple, and guests benefit from complimentary WiFi and private parking available on site.,,
Utah,Washington,37.14532,-113.47833,Red Cliffs Retreat,4.0,"""Located in Washington", Red Cliffs Retreat offers an outdoor swimming pool, a garden and a barbecue. Guests may enjoy free WiFi.,,,,
Utah,Washington,37.1576,-113.44197,Angels Landing Large with Spectacular View of Coral Canyon Golf Course,5.0,"""Angels Landing  Large 3 bedroom with Spectacular View of Coral Canyon Golf Course is situated in Washington and offers an outdoor swimming pool", a fitness centre and a garden. The air-conditioned accommodation is 18 km from St. George, and guests benefit from private parking available on site and free WiFi.,,,,
Utah,Washington,37.14706,-113.47814,About Time,5.0,"""Situated in Washington", About Time features air-conditioned accommodation with a patio and free WiFi. Boasting free private parking, the holiday home is in an area where guests can engage in activities such as hiking and golfing.,,,,
Utah,Washington,37.1624,-113.44817,Friends Gather Here #36,4.0,"""Boasting a hot tub", Friends Gather Here is set in Washington. This property offers access to a patio, free private parking and free WiFi.,,,,
Utah,Washington,37.1469,-113.47847,Zion's Desert Star,5.0,"""Located in Washington", 12 km from St George Temple and 6 km from Pine Valley Chapel, Zions Desert Star offers free WiFi and air conditioning. It is situated 12 km from Dixie State University and provides an ATM.,,,,
Utah,Washington,37.15638,-113.44075,Sunnyside,4.0,"""Situated 17 km from St George Temple", 11 km from Pine Valley Chapel and 16 km from Dixie State University, Sunnyside features accommodation located in Washington. This property offers access to a patio, free private parking and free WiFi.,,,
Utah,Washington,37.14719,-113.47845,Sun Villa,4.0,"""Sun Villa is located in Washington. The accommodation is 13 km from St. George", and guests benefit from complimentary WiFi and private parking available on site.,,,,,
Utah,Washington,37.15936,-113.43944,A Cut Above,4.0,"""A Cut Above is set in Washington", 11 km from Pine Valley Chapel, 16 km from Dixie State University, and 17 km from Daughters of Utah Pioneer Museum. The accommodation is 17 km from St George Temple, and guests benefit from complimentary WiFi and private parking available on site.,,
Utah,Washington,37.15626,-113.44117,Above Par,4.0,"""Set in Washington in the Utah region", Above Par has a balcony. This property offers access to a patio, free private parking and free WiFi.,,,,
Utah,Washington,37.14719,-113.47822,Angel's Landing,4.0,"""Boasting a hot tub", Angels Landing is situated in Washington.,,,,,
Utah,Washington,37.1354,-113.484,Ladera 370 N,5.0,"""Situated in Washington", Ladera 370 N features air-conditioned accommodation with a patio and free WiFi. Boasting free private parking, the holiday home is in an area where guests can engage in activities such as hiking, horse riding and cycling.,,,
Utah,Washington,37.15814,-113.44022,Vacation Station,5.0,"""Vacation Station is set in Washington and offers an outdoor swimming pool and barbecue facilities. Featuring free private parking", the holiday home is in an area where guests can engage in activities such as hiking and fishing.,,,,,
Utah,Washington,37.14631,-113.47841,Park Place,4.0,"""Park Place is located in Washington", 6 km from Pine Valley Chapel, 11 km from Dixie State University, and 12 km from Daughters of Utah Pioneer Museum. The accommodation is 12 km from St George Temple, and guests benefit from complimentary WiFi and private parking available on site.,,
Utah,Washington,37.14717,-113.47808,The Farmhouse,4.0,"""The Farmhouse is set in Washington", 12 km from St George Temple, 6.1 km from Pine Valley Chapel, as well as 12 km from Dixie State University. This property offers access to a patio, free private parking and free WiFi.,,
Utah,Washington,37.14662,-113.47793,The Modern Villa,4.0,"""The Modern Villa is situated in Washington.",,,,,,
Utah,Washington,37.16199,-113.4478,Town Center,5.0,"""Located 16 km from St George Temple", Town Center offers an outdoor swimming pool, and air-conditioned accommodation with a balcony and free WiFi.,,,,
Utah,Washington,37.1469,-113.47817,Cactus Flower,5.0,"""Set in Washington", within 12 km of St George Temple and 6.1 km of Pine Valley Chapel, Cactus Flower offers accommodation with free WiFi, air conditioning and a garden. Guests benefit from a patio and a childrens playground.,,,
Utah,Washington,37.14505,-113.47845,The Getaway at The Casitas,5.0,"""Featuring mountain views", The Getaway at The Casitas features accommodation with an outdoor swimming pool and a patio, around 12 km from St George Temple. Boasting free private parking, the holiday home is in an area where guests can engage in activities such as hiking and fishing.,,,
Utah,Wellington,39.54219,-110.72858,Pillow Talk Motel,2.0,"""Situated midway between Arches National Park in Moab and the ski slopes of Salt Lake City", this budget Wellington, Utah motel offers 24-hour reception and rooms with free Wi-Fi. Huntington Municipal Airport is 18 miles away.,,,,
Utah,Wendover,40.73786,-114.03529,Western Ridge Motel,2.0,"""Located off Interstate 80 in Wendover", Utah town centre, this motel offers a seasonal outdoor pool. The Bonneville Salt Flats are 5 miles away. Free WiFi is provided.,,,,
