State,City,Latitude,Longitude,HotelName,StarRating,Description,HotelFacilities,Attractions,Address,ZipCode,PhoneNumber,HotelWebsiteUrl
Virginia,Abingdon,36.71435,-81.94178,Alpine Motel,1.0,"""This motel located in Shenandoah Valley is just off Interstate 81 and 2 miles from the Virginia Creeper Trail. Facilities include free Wi-Fi.",,,,,,
Virginia,Abingdon,36.70272,-81.97586,Holiday Inn Express & Suites Abingdon,5.0,"""Situated in Abingdon", Virginia region, Holiday Inn Express & Suites - Abingdon, an IHG Hotel is set 38 km from Bristol Motor Speedway.,,,
Virginia,Abingdon,36.70067,-81.97157,"""Hampton Inn Abingdon"," Va""",5.0,"""Located in Abingdon", Virginia region, Hampton Inn Abingdon, Va is set 38 km from Bristol Motor Speedway. The accommodation provides a 24-hour front desk and luggage storage space for guests.,,
Virginia,Alexandria,38.799496,-77.067102,Marriott Execustay Carlyle Mill,3.0,HotelDescription#Further information about this hotel will be available shortly,NO Smoking rooms NO Connecting rooms NO Large pets allowed (over 5 kg) NO Garage NO Small pets allowed (under 5 kg) NO Car park NO Disability-friendly bathroom NO Wheelchair-accessible,,2201 Mill Road AlexandriaVirginia 22314 ,22314,,http://www.execustay.com/furnished-apartments/alex
Virginia,Alexandria,38.78473,-77.07303,Moon Inn,5.0,"""The Moon Inn is located 2.1 km from the Huntington Metro Station. Old Town Alexandria with its waterfront attractions", restaurants and shops is 4.2 km away.,,,,,
Virginia,Alexandria,38.8136,-77.04055,Crowne Plaza Old Town Alexandria,3.0,"""<p>HeadLine : Near Alexandria City Hall</p><p>Location : When you stay at Crowne Plaza Old Town Alexandria in Alexandria", you ll be in the historical district, within a 15-minute drive of Lincoln Memorial and National Museum of Natural History.  This hotel is 6 mi (9.7 km) from Washington Monument and 6.4 mi (10.3 km) from Smithsonian National Air and Space Museum.</p><p>Rooms : Make yourself at home in one of the 254 air-conditioned rooms featuring flat-screen televisions. Complimentary wireless Internet access keeps you connected, and satellite programming is available for your entertainment. Private bathrooms with bathtubs or showers feature complimentary toiletries and hair dryers. Conveniences include phones," as well as desks and coffee/tea makers.</p><p>Dining : Enjoy a meal at Chequers or snacks in the coffee shop/caf?. The hotel also offers room service (during limited hours). Quench your thirst with your favorite drink at the bar/lounge. Full breakfasts are available for a fee.</p><p>CheckIn Instructions : Extra-person charges may apply and vary depending on property policy. <br />Government-issued photo identification and a credit card are required at check-in for incidental charges. <br />Special requests are subject to availability upon check-in and may incur additional charges. Special requests cannot be guaranteed. <ul>  </ul></p>""",Bar/lounge Elevator/lift Fitness facilities Free airport transportation 24-hour front desk Conference space Porter/bellhop Tours/ticket assistance Express check-out Meeting rooms Restaurant Coffee shop or cafe Free WiFi Dry cleaning/laundry service Self parking (surcharge) Valet parking (surcharge) Computer station Smoke-free property Conference space size (meters) - 918 Safe-deposit box at front desk Free area shuttle Luggage storage ATM/banking Breakfast available (surcharge) 24-hour business center Conference space size (feet) - 10200 Ballroom Outdoor tennis court Banquet hall Laundry facilities Accessible bathroom Roll-in shower In-room accessibility Multilingual staff Free newspapers in lobby,"""                            Distances are displayed to the nearest 0.1 mile and kilometer. <br /> <p>Alexandria City Hall - 1.1 km / 0.7 mi <br /> Birchmere - 4 km / 2.5 mi <br /> United States Holocaust Memorial Museum - 9.2 km / 5.7 mi <br /> National Museum of African American History and Culture - 9.6 km / 6 mi <br /> Tanger Outlets - 9.7 km / 6 mi <br /> Washington Monument - 9.7 km / 6 mi <br /> Jefferson Memorial - 9.9 km / 6.1 mi <br /> L Enfant Plaza - 9.9 km / 6.1 mi <br /> District Wharf - 9.9 km / 6.1 mi <br /> Smithsonian Institution - 9.9 km / 6.1 mi <br /> Smithsonian Castle - 9.9 km / 6.1 mi <br /> Tomb of the Unknown Soldier - 10 km / 6.2 mi <br /> Hirshhorn Museum - 10 km / 6.2 mi <br /> National Aquarium - 10.1 km / 6.3 mi <br /> Fashion Center at Pentagon City - 10.1 km / 6.3 mi <br /> </p><p>The nearest airports are:<br />Washington  DC (DCA-Ronald Reagan Washington National) - 6.8 km / 4.2 mi<br /> College Park  MD (CGS) - 30.6 km / 19 mi<br /> Fort Meade  MD (FME-Tipton) - 48.6 km / 30.2 mi<br /> Washington  DC (IAD-Washington Dulles Intl.) - 50.4 km / 31.3 mi<br /> Manassas  VA (MNZ-Manassas Regional) - 61.6 km / 38.3 mi<br /> </p><p>The preferred airport for Crowne Plaza Old Town Alexandria is Washington  DC (IAD-Washington Dulles Intl.). </p>"
Virginia,Alexandria,38.801214,-77.069029,Meridian at Eisenhower Station,3.0,HotelDescription#Further information about this hotel will be available shortly,NO Disability-friendly bathroom NO Wheelchair-accessible NO Small pets allowed (under 5 kg) NO Large pets allowed (over 5 kg) NO Connecting rooms NO Smoking rooms NO Car park NO Garage,,2351 Eisenhower Avenue AlexandriaVirginia 22314 ,22314,,http://www.meridianeisenhower.com/alexandria-alexa
Virginia,Alexandria,38.81334,-77.04538,Towne Motel Alexandria,2.0,"""Ronald Reagan Washington National Airport is a 6-minute drive from this conveniently located Virginia motel. It offers guests free parking and features satellite TV with Showtime movie channel in every room.",,,,,,
Virginia,Alexandria,38.716864,-77.131025,Quality Inn & Suites Near Ft. Belvoir,2.0,"""The Quality Inn & Suites Near Ft. Belvoir hotel is ideally located just eleven kilometres from Old Town Alexandria", and less than 1,5 kilometres from the Woodlawn grand mansion," """"America's First Family Home."""" The hotel is also close to many area attractions and businesses including Fort Belvoir", George Washington's Mount Vernon Estate & Gardens, John F. Kennedy Center for the Performing Arts, the Marine Corps War Memorial (Iwo Jima Memorial) and the Potomac Mills shopping center. The Ronald Reagan Washington National Airport (Reagan National Airport) is 20 kilometres away.
Virginia, voice mail and access to fax services. All spacious guest rooms overlook the central courtyard and come equipped with cable television with HBO. In addition to standard amenities," efficiency rooms include microwaves and refrigerators.""",Hotel MasterCard Visa Bathroom Direct dial telephone TV Cable TV Fridge Mini fridge Microwave Ironing set Safe Lift access Gym Restaurant Conference room Breakfast,Pohick Bay Park: within 6400 metre  Woodlawn Plantation: within 0 metre  Mount Vernon: within 4800 metre  Old Town Alexandria: within 11300 metre  Gaylord National Harbor Hote: within 16100 metre ,"""Richmond Hwy"," 8849 ALEXANDRIA """,22309,,http://www.qualityinn.com/hotel-alexandria-virginia-VA162,,,
Virginia,Alexandria,38.79075,-77.062,Budget Host Travelers Motel,1.0,"""Centrally located in Alexandria", Virginia, this motel is just minutes from all the tourist attractions in Washington, D.C. Free WiFi access is offered.,,,
Virginia,Alexandria,38.8115524072624,-77.125825881958,Washington Suites Alexandria,3.0,General Description: 3 star accommodations  Affordable accommodations  Close proximity to historic district  Close proximity to major attractions  Close proximity to shopping district  Great combination for business and pleasure Location: Conveniently located in Alexandria Recreation: Fully equipped fitness center  Outdoor swimming pool Restaurants & Lounges: Onsite restaurant  Full service bar/lounge Services: Concierge services  Room service  Valet dry cleaning and laundry services  Elevators Meeting Facilities:  Fully equipped business center   Small conference room available Accommodation: 3 star accommodations  222 guestrooms  Affordable accommodations,,,100 South Reynolds Street AlexandriaVirginia 22304 ,22304,,
Virginia,Alexandria,38.73291,-77.0994,Red Carpet Inn Alexandria,2.0,"""Located in Alexandria", 5.1 km from Huntley Meadows Park, Red Carpet Inn, Alexandria provides rooms with air conditioning. The property is around 11 km from Gadsbys Tavern Museum, 11 km from Stabler-Leadbeater Apothecary Museum and 11 km from Carlyle House. The property is non-smoking and is situated 11 km from Alexandrias Christ Church.,,
Virginia,Alexandria,38.777475,-77.079361,Fairfield Inn & Suites Alexandria,2.0,Stop at Fairfield Inn & Suites Alexandria to discover the wonders of Alexandria (VA). The property has everything you need for a comfortable stay. Service-minded staff will welcome and guide you at Fairfield Inn & Suites Alexandria. Each guestroom is elegantly furnished and equipped with handy amenities. The property offers various recreational opportunities. Discover all Alexandria (VA) has to offer by making Fairfield Inn & Suites Alexandria your base.,languages spoken accessibility Internet access things to do  ways to relax cleanliness and safety dining  drinking  and snacking services and conveniences access getting around available in all rooms,,6421 Richmond Highway AlexandriaWashington 22306 ,22306,7037210600,HTTP://WWW.MARRIOTT.COM/HOTELS
Virginia,Alexandria,38.7814,-77.11284,The Classics Guest House B&B,3.0,"""Located 2.8 km from Huntley Meadows Park in Alexandria"," """"The Classics"""" Guest House B&B features free WiFi access and free private parking.",,,,,
Virginia,Alexandria,38.83719,-77.10528,Spacious 2br ba w Gym South Pentagon,5.0,"""Top Of The Line High-Rise Luxurious Loft in Alexandria provides accommodation with free WiFi", 6.8 km from Alexandrias Christ Church, 6.9 km from Gadsbys Tavern Museum and 6.9 km from Stabler-Leadbeater Apothecary Museum. Set 5 km from George Washington Masonic National Memorial, the property offers a garden and free private parking.,,,
Virginia,Alexandria,38.81217,-77.04588,Luxe On 5th Old Town Alexandria,5.0,"""Set in Alexandria", 1 km from Gadsbys Tavern Museum, 1.2 km from Carlyle House and 1.3 km from Stabler-Leadbeater Apothecary Museum, Suite Xcape - Old Town Alexandria 3-Bdrm Penthouse with King Beds offers accommodation with a balcony and free WiFi. Situated 800 metres from Alexandrias Christ Church, the property features a terrace and free private parking.,,
Virginia,Appomattox,37.35442,-78.82417,The Babcock House,5.0,"""With garden views", The Babcock House is situated in Appomattox and has a restaurant, a concierge service, bar, garden and terrace. Free WiFi is available throughout the property.,,
Virginia,Appomattox,37.35121,-78.8281,Longacre of Appomattox,5.0,"""Longacre is offering accommodation in Appomattox. All rooms feature a flat-screen TV with cable channels and a private bathroom. Free WiFi is provided.",,,,,,
Virginia,Appomattox,37.36166,-78.83112,Budget Inn - Appomattox,2.0,"""This Virginia motel is 1 mile from the Museum of the Confederacy Appomattox. Guests will enjoy the convenience of free property-wide Wi-Fi and on-site parking.",,,,,,
Virginia,Ararat,36.57878,-80.56622,Wolf Creek Farm,,"""The Wolf Creek Farm is spread of 102 acres. Indoor parking is provided for motorcycles and bicycles.",,,,,,
Virginia,Ararat,36.6133918762207,-80.4410247802734,The Farmhouse,5.0,,,,2386 Squirrel Creek Rd.  ,24053,,
Virginia,Arlington,38.880974,-77.106955,Korman Communities - Arlington,3.0,HotelDescription#Further information about this hotel will be available shortly,NO Car park NO Small pets allowed (under 5 kg) NO Wheelchair-accessible NO Garage NO Smoking rooms NO Connecting rooms NO Disability-friendly bathroom NO Large pets allowed (over 5 kg),,North Pollard St 880 22204 Arlington ,22204,,
Virginia,Arlington,38.86095,-77.05226,Americana Hotel,2.0,"""Americana Hotel is located in Arlington", VA, 5.2 km from Washington DC. Free WiFi access is available, as well as a free continental breakfast.,,,
Virginia,Arlington,38.87159,-77.11063,Madison at Ballston,4.0,"""Featuring free WiFi and air conditioning", BOQ Lodging-Ballston is set in Arlington, 3.5 km from Arlington House-Robert E Lee National Memorial. Tomb of the Unknowns is 3.6 km from the property. Private parking is available on site.,,,,
Virginia,Arlington,38.86075,-77.05574,The Gramercy,3.0,"""Situated in Arlington", 2.5 km from Air Force Memorial, Crystal Quarters Corporate Housing at The Gramercy features accommodation with a seasonal outdoor swimming pool, free WiFi, a 24-hour front desk, and a shared kitchen. Boasting a patio, the apartment is in an area where guests can engage in activities such as hiking and billiards.
Virginia,Arlington,38.885397969872,-77.079962790012,Wainwright Hall at Fort Myer ,3.0,HotelDescription#Further information about this hotel will be available shortly,NO Car park NO Garage NO Small pets allowed (under 5 kg) NO Wheelchair-accessible NO Disability-friendly bathroom NO Connecting rooms NO Large pets allowed (over 5 kg) NO Smoking rooms,,318 Jackson Avenue Fort MyerArlingtonVirginia 22211 ,22211,7036963576,http://www.ihgarmyhotels.com/pal/en/us/hotel/MFMYB
Virginia,Arlington,38.8496,-77.05101,Crystal Quarters Corporate Housing at the Concord,5.0,"""One mile from downtown Washington", D.C., this property in Arlington, Virginia offers fully furnished apartments with the comforts of home combined with the services of a hotel.,,,
Virginia,Arlington,38.8833268024244,-77.1001470834016,AKA Virginia Square,4.0,HotelDescription#Further information about this hotel will be available shortly,,,3409 Wilson Boulevard ArlingtonVirginia 22201 ,22201,7032946415,http://www.stayaka.com.au/locations/virginia_squar
Virginia,Arlington,38.891,-77.0767,The Inn Of Rosslyn,2.0,"""Featuring rooms with a flat-screen cable TV", The Inn of Rosslyn is located in Arlington, 1.6 km from the US Marine Corps War Memorial.,,,,
Virginia,Arlington,38.89188,-77.07586,Parc Rosslyn by Executive Apartments,4.0,"""Offering a seasonal outdoor pool and barbecue", BOQ Lodging in Rosslyn is set in Arlington in the Virginia Region, 600 meters from US Marine Corps War Memorial. Arlington Cemetery is 1.3 km away. Parking is available on-site.,,,,
Virginia,Arlington,38.856,-77.04999,Churchill at Crystal City,4.0,"""An outdoor pool and a sun terrace are available for guests of these Crystal City apartments", which also include free Wi-Fi. Ronald Reagan Washington National Airport is just 2 km away.,,,,,
Virginia,Arlington,38.86303,-77.05411,The Bartlett,3.0,"""Offering a seasonal outdoor pool", Global Luxury Suites at South Arlington is situated in Arlington. Arlington Cemetery is 2.5 km away. Free WiFi is provided.,,,,,
Virginia,Arlington,38.89361,-77.0738,Sedona-Slate by BOQ Lodging,4.0,"""Offering a garden and seasonal outdoor pool", BOQ Lodging Apartments In Rosslyn is situated in Arlington, 500 metres from US Marine Corps War Memorial. Theodore Roosevelt Island Park is 800 metres away. Free WiFi is featured .,,,,
Virginia,Arlington,38.86256,-77.05574,Global Luxury Suites at Metropolitan North,4.0,"""Located in the Pentagon City district in Arlington", Global Luxury Suites at Metropolitan North offers an outdoor pool and fitness centre. The Pentagon is 1 km from the property. Free WiFi is offered.,,,,,
Virginia,Arlington,38.85609,-77.05,Arlington Fully Furnished Apartments In Crystal City,5.0,"""Offering a garden and outdoor pool", Arlington Fully Furnished Apartments in Crystal City is situated in Arlington, 3.4 km from Arlington Cemetery. US Marine Corps War Memorial is 4.2 km away. Free WiFi is offered .,,,,
Virginia,Arlington,38.86075,-77.05574,Crystal Quarters Corporate Housing at The Gramercy,3.0,"""Boasting a seasonal outdoor swimming pool", a fitness centre, a shared lounge and a terrace, Crystal Quarters Corporate Housing at The Gramercy is situated in the Pentagon City district of Arlington, only 2.3 km from Air Force Memorial. Featuring a patio, the apartment is in an area where guests can engage in activities such as hiking and billiards.,
Virginia,Arlington,38.89533,-77.08614,Courthouse 2136,5.0,"""Courthouse 2136 is set in the Rosslyn district of Arlington", 3.8 km from Women in Military Service for America Memorial, 3.8 km from Tomb of the Unknowns and 3.9 km from Arlington Cemetery. The air-conditioned accommodation is 3.8 km from US Marine Corps War Memorial, and guests benefit from complimentary WiFi and private parking available on site.,,,
Virginia,Arlington,38.86135,-77.05603,Pentagon City Luxury Apartment,5.0,"""Set in Arlington", 2 km from Air Force Memorial and 3 km from Tomb of the Unknowns, Pentagon City Luxury Apartment offers accommodation with free WiFi and a shared lounge.,,,,
Virginia,Arlington,38.88751,-77.08458,Court House Residences,5.0,"""Located 3.2 km from US Marine Corps War Memorial", Court House Residences offers a seasonal outdoor swimming pool, a fitness centre and air-conditioned accommodation with a balcony and free WiFi. Private parking is available on site.,,,,
Virginia,Arlington,38.88356,-77.10218,National at Virginia Square,5.0,"""Set in Arlington in the Virginia region", National at Virginia Square offers accommodation with free WiFi and free private parking.,,,,,
Virginia,Arlington,38.85932,-77.05079,Intercontinental Luxury Suites,5.0,"""Offering city views", Global Suite in Arlington offers accommodation, a seasonal outdoor swimming pool, a fitness centre, a bar, a shared lounge and a garden. Free WiFi is offered and private parking is available on site.,
Virginia,Ashland,37.75355,-77.47164,Palm Leaf Motel,2.0,"""Located 10 minutes drive from Kings Dominion Amusement Park", this motel features free Wi-Fi access and rooms with cable TV channels. Central Richmond is 15 miles away.,,,,,
Virginia,Blacksburg,37.12643,-80.41218,Budget Inn Christiansburg,3.0,"""This budget-option motel is located 1 mile off Interstate 81. It features free Wi-Fi access and cable TV in every room. Virginia Polytechnic Institute is 15 minutes drive away.",,,,,,
Virginia,Blacksburg,37.22861,-80.41298,Main Street Inn Blacksburg,4.0,"""Located 5 minutes walk from Virginia Tech", this hotel offers free Wi-Fi and provides 24-hour front desk assistance. Blacksburg Municipal Golf Course is 4 minutes drive.,,,,,
Virginia,Blacksburg,37.32040650775,-80.686769441664,Inn at Riverbend,3.0,,Arcade/game room Coffee/tea in common areas Conference space Designated smoking areas Free WiFi Free breakfast Free self parking Gift shops or newsstand In-room accessibility Library Number of floors - 2 One meeting room Spa tub Television in common areas Total number of rooms - 7 Wedding services,Distances are calculated in a straight line from the property&apos;s location to the point of interest or attraction  and may not reflect actual travel distance. &lt;br /&gt;&lt;br /&gt; Distances are displayed to the nearest 0.1 mile and kilometer. &lt;p&gt;Giles Country Club - 3 km / 1.8 mi &lt;br /&gt;Carilion Giles Community Hospital - 3.1 km / 1.9 mi &lt;br /&gt;Giles County Historical Society - 4.5 km / 2.8 mi &lt;br /&gt;Cascade Falls - 11.2 km / 6.9 mi &lt;br /&gt;Bluestone Wildlife Management Area - 22.9 km / 14.2 mi &lt;br /&gt;Radford University - 23.5 km / 14.6 mi &lt;br /&gt;Museum of Geosciences - 25.2 km / 15.6 mi &lt;br /&gt;Historic Smithfield Plantation - 25.3 km / 15.7 mi &lt;br /&gt;Lyric Theatre - 26 km / 16.1 mi &lt;br /&gt;Virginia Tech University - 26 km / 16.1 mi &lt;br /&gt;Cassell Coliseum - 26.2 km / 16.3 mi &lt;br /&gt;Lane Stadium - 26.2 km / 16.3 mi &lt;br /&gt;Christiansburg Aquatic Center - 31.6 km / 19.6 mi &lt;br /&gt;Princeton Railroad Museum - 35.7 km / 22.2 mi &lt;br /&gt;Draper Mercantile - 35.8 km / 22.2 mi &lt;br /&gt;&lt;/p&gt;&lt;p&gt;The preferred airport for Inn at Riverbend is Roanoke  VA (ROA-Roanoke Regional) - 62.9 km / 39.1 mi. &lt;/p&gt;,125 River Ridge Drive BlacksburgVirginia 24134 ,24134,5409215211,http://www.innatriverbend.com
Virginia,Blacksburg,37.08145,-80.69034,Super 8 by Wyndham Dublin,2.0,"""Close to Interstate 81", this Dublin hotel offers free Wi-Fi and rooms that feature cable TV with HBO movie channel. Evelyn Alexander Water Park is 2 miles away.,,,,,
Virginia,Blacksburg,37.24477,-80.41612,Main & Henry Extended Stay Residences,5.0,,,,1307 North Main Street BlacksburgVirginia 24060 ,24060,5405531000,http://www.mainandhenry.com
Virginia,Blacksburg,37.14032,-80.35311,Wingate by Wyndham Christiansburg,3.0,"""Wingate by Wyndham Christiansburg provides free to-go breakfast and more. Stay connected with free in-room WiFi.",,,,,,
Virginia,Blacksburg,37.05297,-80.67642,Lake Rider Cabin,5.0,"""Set 45 km from Lane Stadium", 45 km from English Field and 23 km from Radford University, Lake Rider offers accommodation situated in Dublin. This holiday home is 44 km from Womens Softball Field and 44 km from Soccer/Lacrosse Field.,,,,
Virginia,Blackstone,37.07758,-77.99904,Wedgewood Motor Inn,2.0,"""Wedgewood Motor Inn is located in Blackstone. WiFi access is available. Private bathroom also comes with a shower. The property offers free parking.",,,,,,
Virginia,Blackstone,37.07388,-78.00077,The Grey Swan Inn,5.0,"""Located 49 km from Longwood University", The Grey Swan Inn LLC provides accommodation with free WiFi and free private parking.,,,,,
Virginia,Bristol,36.59843,-82.18529,Flos Hideaway,3.0,,NO Large pets allowed (over 5 kg) NO Smoking rooms NO Disability-friendly bathroom NO Connecting rooms NO Garage NO Small pets allowed (under 5 kg) NO Car park NO Wheelchair-accessible,,Solar Street 127 24201 Bristol Bristol 24201Virginia ,24201,2766449805,http://www.flo-s-hideaway.com
Virginia,Bristol,36.59637,-82.21012,Knights Inn Bristol,1.0,"""Featuring 1-star accommodation", Budget Inn Express Bristol is located in Bristol, 15 km from Bristol Motor Speedway and 43 km from Tweetsie Trail. The 1-star hotel has air-conditioned rooms with a private bathroom and free WiFi. Guests can enjoy mountain views.,,,,
Virginia,Bristol,36.6559827467487,-82.0808583498001,Red Carpet Inn Bristol,1.0,,,,15589 Lee Highway BristolVirginia 24202 ,24202,2766691151,http://bookroomsnow.com/property/red-carpet-inn-br
Virginia,Bristol,36.71435,-81.94178,Alpine Motel,1.0,"""This motel located in Shenandoah Valley is just off Interstate 81 and 2 miles from the Virginia Creeper Trail. Facilities include free Wi-Fi.",,,,,,
Virginia,Bristol,36.6555,-82.08213,Skyland Inn,1.0,"""Located off of Interstate 81", this Bristol motel is 16 miles from the Bristol Motor Speedway and is 11 minutes drive from the Virginia Creeper National Recreation Trail. Free Wi-Fi is accessible.,,,,,
Virginia,Bristol,36.70272,-81.97586,Holiday Inn Express & Suites Abingdon,5.0,"""Situated in Abingdon", Virginia region, Holiday Inn Express & Suites - Abingdon, an IHG Hotel is set 38 km from Bristol Motor Speedway.,,,
Virginia,Bristol,36.70067,-81.97157,"""Hampton Inn Abingdon"," Va""",5.0,"""Located in Abingdon", Virginia region, Hampton Inn Abingdon, Va is set 38 km from Bristol Motor Speedway. The accommodation provides a 24-hour front desk and luggage storage space for guests.,,
Virginia,Charlottesville,38.03132,-78.47833,Inn At Court Square,5.0,"""Inn at Court Square offers free WiFi throughout the property and rooms with air conditioning in Charlottesville. The property is set 3.4 km from Scott Stadium", 3.8 km from John Paul Jones Arena and 200 metres from Virginia Discovery Museum. Sheridan Snyder Tennis Center is 3.2 km away and University of Virginia is 3.4 km from the inn.,,,,,
Virginia,Charlottesville,38.23783,-78.11319,Inn on Poplar Hill,5.0,"""Situated in Orange in the Virginia region and James Madisons Montpelier reachable within 10 km", Inn on Poplar Hill features accommodation with free WiFi, BBQ facilities, a shared lounge and free private parking.,,,
Virginia,Charlottesville,38.27391,-78.13088,The Inn at Willow Grove,,"""Located in Orange", in a building dating from 18th century, The Inn at Willow Grove provides a garden and guestrooms with free WiFi. Featuring a 24-hour front desk, this property also provides guests with a terrace. The property has a restaurant and a shared lounge.,,,
Virginia,Charlottesville,38.01687,-78.36659,Keswick Hall & Golf Club,4.0,"""The property is located in the heart of Virginia hunt country", close to historic Charlottesville and only minutes from Thomas Jefferson's historic Monticello. Guests will find restaurants and bars in the immediate vicinity and the nearest shopping centres are 8 minutes' drive away in Downtown Charlottesville. The Greyhound Bus and Amtrak Rail stations are also 8 minutes by car. The Wintergreen ski area is roughly 45 minutes' drive and Richmond in around an hour by car.,,,,,
Virginia,Charlottesville,37.99031,-78.16518,Prospect Hill Plantation Inn,4.0,"""Standing on an authentic 18th Century plantation", this Louisa bed and breakfast features a 5-acre tree garden and a relaxing outdoor pool. Access to I-64 is less than 5 miles away.,,,,,
Virginia,Charlottesville,38.23287,-78.11737,The Mayhurst Inn,5.0,"""Located in Orange in the Virginia region and Scott Stadium reachable within 49 km", Mayhurst Estate provides accommodation with free WiFi, BBQ facilities, a terrace and free private parking.,,,
Virginia,Charlottesville,38.00857,-78.39706,The Clifton,,"""Located less than five miles from 64 and less than ten minutes to Monticello and the University of Virginia! Located in Charlottesville", The Clifton is 13 km from John Paul Jones Arena and features various facilities, such as a garden, a terrace and a shared lounge. This 5-star hotel offers a 24-hour front desk, a shared kitchen and free WiFi. The accommodation offers a concierge service and room service for guests.,,
Virginia,Charlottesville,38.072962,-78.483287,Red Carpet Inn Charlottesville,3.0,HotelDescription#Further information about this hotel will be available shortly,NO Connecting rooms NO Garage NO Large pets allowed (over 5 kg) NO Disability-friendly bathroom NO Smoking rooms NO Small pets allowed (under 5 kg) NO Car park NO Wheelchair-accessible,,405 Premier Circle CharlottesvilleVA 22901 ,22901,,
Virginia,Charlottesville,38.23617,-78.1116,Budget Inn Orange,2.0,"""Boasting free Wi-Fi and a daily continental breakfast", this Orange, Virginia motel is located 10 minutes drive from James Madisons Montpelier. Civil War battlefields at Fredericksburg are 20 miles away.,,,,
Virginia,Charlottesville,38.04054,-78.50667,Cavalier Inn at the University,3.0,This lovely hotel is situated in Downtown. The establishment features a total of 118 guests rooms. Pets are not allowed at this hotel.,Hotel,,North Emmet Street CHARLOTTESVILLE ,22903,28685931634,http://www.cavalierinn.com
Virginia,Charlottesville,38.26116,-78.12083,Round Hill Inn,3.0,"""Featuring a 24-hour business center", a gym and an outdoor pool, this hotel in Orange, Virginia provides free WiFi in the guest rooms. The hotel is 36.3 km from Interstate 64.,,,
Virginia,Charlottesville,38.02805,-78.46344,Fairhaven Guesthouse,3.0,"""Fairhaven Guesthouse is located in Charlottesville.  A complimentary continental breakfast and free Wi-Fi are available. University of VA is 9 minutes drive away.",,,,,,
Virginia,Charlottesville,38.07281,-78.48254,Royal Inn Motel,5.0,"""Royal Inn Motel-Charlottesville features free WiFi throughout the property and rooms with air conditioning in Charlottesville. The property is around 4 km from John Paul Jones Arena", 5.5 km from Scott Stadium and 4.4 km from Klockner Stadium. Virginia Discovery Museum is 6 km away and Monticello is 12 km from the motel.,,,,,
Virginia,Charlottesville,37.99854,-78.42247,Arcady Vineyard Bed & Breakfast,5.0,"""Boasting a private vineyard", Arcady Vineyard Bed & Breakfast is situated in Charlottesville, 4 km from Monticello. This bed and breakfast offers luggage storage space. The property is 9 km from John Paul Jones Arena and 1.6 km to Jefferson Winery.,,,,
Virginia,Charlottesville,38.096,-78.5089,Cabell Cottage,5.0,"""Set in Charlottesville in the Virginia region", Cabell Cottage has a patio. The air-conditioned accommodation is 11 km from John Paul Jones Arena, and guests benefit from complimentary WiFi and private parking available on site.,,,,
Virginia,Charlottesville,38.0405,-78.51,Cavalier Cove,5.0,"""Cavalier Cove", a property with a garden and a terrace, is located in Charlottesville, 1.5 km from Scott Stadium, 600 metres from Sheridan Snyder Tennis Center, as well as less than 1 km from Klockner Stadium. The air-conditioned accommodation is 1.2 km from John Paul Jones Arena, and guests benefit from private parking available on site and free WiFi.
Virginia,Charlottesville,38.0313,-78.4824,Townsman Hotel: Poe,5.0,"""Set in Charlottesville", 3.9 km from John Paul Jones Arena, Townsman Hotel: Poe offers accommodation with free WiFi and free private parking. The property is situated 4.1 km from Scott Stadium, 500 metres from Virginia Discovery Museum and 2.9 km from American Mountain Theater. Guests can enjoy city views.,,,
Virginia,Chilhowie,36.79354,-81.68035,Knights Inn Chilhowie,2.0,"""Featuring an on-site restaurant",  Motel 6 Chilhowie is located in Chilhowie, Virginia.,,,,
Virginia,Chincoteague,37.927072,-75.385799,Birchwood Motel ,2.0,,,,3650 Main Street Chincoteague Island 23336Virginia ,23336,7573366133,http://www.mybirchwoodmotel.com/
Virginia,Chincoteague,37.93944,-75.36983,Island Resort,2.0,"""Featuring an indoor pool and an outdoor pool", this motel is located in Chincoteague, Virginia, just 6 minutes drive from Chincoteague National Wildlife Refuge. Free WiFi access is provided.,,,
Virginia,Chincoteague,37.93016,-75.3826,Anchor Inn,2.0,"""Offering a complimentary continental  breakfast", Anchor Inn is located in Chincoteague. Free WiFi access is available.,,,,,
Virginia,Chincoteague,37.9346,-75.374,1848 Island Manor House Bed And Breakfast,5.0,"""Situated in Chincoteague", 1848 Island Manor House provides accommodation with free WiFi.,,,,,
Virginia,Chincoteague,37.93098,-75.3747,Sea Shell Motel,5.0,"""Situated in Chincoteague", within 8 km of Assateague Beach and 26 km of Mid-Atlantic Regional Spaceport, Sea Shell Motel features accommodation with a seasonal outdoor swimming pool and free WiFi throughout the property as well as free private parking for guests who drive. Boasting a shared kitchen, this property also provides guests with a barbecue. The motel has family rooms.,,,
Virginia,Chincoteague,37.9342,-75.37537,Channel Bass Inn,5.0,"""Located 3.8 km from the Assateague Island", the Channel Bass Inn is a bed and breakfast in Chincoteague Island. The Waterfront Park is 152 metres from the property.,,,,,
Virginia,Christiansburg,37.12643,-80.41218,Budget Inn Christiansburg,3.0,"""This budget-option motel is located 1 mile off Interstate 81. It features free Wi-Fi access and cable TV in every room. Virginia Polytechnic Institute is 15 minutes drive away.",,,,,,
Virginia,Christiansburg,37.14032,-80.35311,Wingate by Wyndham Christiansburg,3.0,"""Wingate by Wyndham Christiansburg provides free to-go breakfast and more. Stay connected with free in-room WiFi.",,,,,,
Virginia,Covington,38.03253,-79.80072,Roseloe Motel,2.0,"""Roseloe Motel offers air-conditioned rooms in Hot Springs. The motel also provides free WiFi and free private parking.",,,,,,
Virginia,Covington,37.79418,-79.99632,Budget Inn Near Westrock,2.0,"""Budget Inn near WestRock offers accommodation in Covington. Free private parking is available on site.",,,,,,
Virginia,Covington,37.87044,-79.96948,Cliff View Inn,5.0,"""Cliff View Inn is located in Covington. Among the facilities of this property are a restaurant", a shared kitchen and a shared lounge, along with free WiFi throughout the property. The inn provides mountain views and a barbecue.,,,,
Virginia,Covington,37.99417,-79.8322,Vine Cottage Inn,5.0,"""Vine Cottage Inn is set in Hot Springs. The accommodation offers a ski pass sales point and ski storage space", as well as a shared lounge and a garden. The property features free private parking and free WiFi.,,,,,
Virginia,Covington,37.77497,-79.96453,Americas Best Value Inn Covington VA,2.0,"""Americas Best Value Inn", situated directly off of Interstate 64 Westbound, which is convenient for those late night drives. We have 74 guest rooms, spread out between 3 different buildings! We offer ample car and truck parking, and have an adjacent lot for those larger trucks.,,
Virginia,Culpeper,38.44491,-78.01093,Red Carpet Inn Culpeper,3.0,"""Located directly off Routes 29 and 15", this motel is 2 miles from Culpeper town centre, and boasts free Wi-Fi and a daily continental breakfast. Culpeper Country Club is 8 minutes drive away.,,,,
Virginia,Culpeper,38.47301,-77.99618,Culpeper Center Suites,5.0,"""Set in Culpeper", Culpeper Center Suites features a fitness centre, restaurant, bar, and free WiFi throughout the property. The property is located 40 km from Old Jail Museum, 40 km from James Madisons Montpelier and 49 km from Pinnacles Viewpoint. The property is non-smoking and is situated 17 km from Brandy Station Battlefield Park.,
Virginia,Culpeper,38.46036,-78.1285,Walden Hall,,"""Located in Culpeper", 25 km from Brandy Station Battlefield Park, Walden Hall features air-conditioned rooms and free private parking.,,,,
Virginia,Culpeper,38.47241,-77.99409,Suites At 249,2.0,"""Located in downtown Culpeper", 13 km from Brandy Station Battlefield Park, Suites at 249 boasts air-conditioned rooms with free WiFi throughout the property.,,,,
Virginia,Culpeper,38.47106,-77.99596,East Stevens Home,5.0,"""Situated in Culpeper and only 17 km from Brandy Station Battlefield Park", East Stevens Home features accommodation with city views, free WiFi and free private parking. Guests benefit from a patio and a barbecue.,,,,
Virginia,Danville,36.63127,-79.39559,Red Carpet Inn And Suites Danville,3.0,"""Located 3 miles from U.S. Route 29", this motel in Danville, Virginia is 15 minutes drive from the Riverwalk Trail.  Guests can enjoy the convenience of a continental breakfast that is served daily and free Wi-Fi.,,,,
Virginia,Danville,36.54615,-79.4626,Economy Inn,1.0,"""Economy Inn is located off Highway 29 in Danville", Virginia. Free WiFi access is available. Danville Mall is 9.5 km from the property.,,,,,
Virginia,Danville,36.62711,-79.40027,Budget Inn Danville,3.0,"""Located in Danville", Virginia this motel is features free Wi-Fi and rooms with a microwave and refrigerator.  The American Armored Foundation Tank Museum is 5 minutes drive away.,,,,,
Virginia,Danville,36.54473,-79.46315,Travel Inn Danville,3.0,"""Travel Inn Danville is a 3-star property situated in Danville. This 3-star motel offers a 24-hour front desk", room service and free WiFi. The motel has a garden and provides an outdoor swimming pool.,,,,,
Virginia,Danville,36.94283,-79.36283,Gretna Motel,1.0,"""This Gretna motel offers free Wi-Fi", free parking, and rooms equipped with cable TV and air-conditioning. A microwave and refrigerator is also included.  Smith Mountain Lake State Park is 16 miles away.,,,,
Virginia,Danville,36.95198,-79.37744,Camber Inn,2.0,"""Located in the Blue Ridge Mountains", Hampton Inn Gretna, VA features an outdoor pool and gym. Guest rooms offer 32-inch flat-screen cable TVs with HBO and free Wi-Fi.,,,,
Virginia,Dublin,37.08145,-80.69034,Super 8 by Wyndham Dublin,2.0,"""Close to Interstate 81", this Dublin hotel offers free Wi-Fi and rooms that feature cable TV with HBO movie channel. Evelyn Alexander Water Park is 2 miles away.,,,,,
Virginia,Dublin,37.05297,-80.67642,Lake Rider Cabin,5.0,"""Set 45 km from Lane Stadium", 45 km from English Field and 23 km from Radford University, Lake Rider offers accommodation situated in Dublin. This holiday home is 44 km from Womens Softball Field and 44 km from Soccer/Lacrosse Field.,,,,
Virginia,Emporia,36.66507,-77.55247,Red Carpet Inn Emporia,2.0,"""Located close to Interstate 95", this Emporia motel offers free Wi-Fi and rooms equipped with cable TV and a work desk. Central Emporia is 10 minutes drive.,,,,,
Virginia,Fairfax,38.85202,-77.30816,Stafford House Bed & Breakfast,4.0,"""Located 18 miles west of Washington D.C.", this bed and breakfast offers free Wi-Fi and an American breakfast. Washington Dulles International Airport is a 23-minute drive.,,,,,
Virginia,Fairfax,38.8297091305267,-77.3146869242191,The Mason Inn Conference Center and Hotel,1.0,HotelDescription#This unpretentious Hotel is situated in Northside. Pets are not allowed at The Mason Inn.,NO Small pets allowed (under 5 kg) NO Wheelchair-accessible NO Garage NO Car park NO Large pets allowed (over 5 kg) NO Connecting rooms,,4352 Mason Pond Drive FairfaxVirginia 22030 ,22030,7038655705,http://www.themasoninnva.com
Virginia,,36.66738129,-80.69155121,Mountain Top Motel,5.0,,,,7791 Highway Fancy Gap 24328Virginia ,24328,2767289414,
Virginia,Franklin,36.69038,-76.90218,Country Host Inn Franklin,2.0,"""This Franklin", Virginia hotel offers guest rooms with a refrigerator and free WiFi, and is located 2.4 km from downtown Franklin.,,,,
Virginia,Fredericksburg,38.31047,-77.4649,Inn At The Olde Silk Mill,5.0,"""Situated in Fredericksburg", 10 km from Cannon Ridge Golf Club, Inn at the Olde Silk Mill features accommodation with a shared lounge, free private parking and a terrace. The property is around 1.8 km from Fredericksburg, VA Station, 4.6 km from Fredericksburg Expo and Conference Center and 33 km from The National Museum of the Marine Corps. Free WiFi is available throughout the property and University of Mary Washington is 1.9 km away.,
Virginia,Fredericksburg,38.244656,-77.49759,Knights Inn Fredericksburg,3.0,This comfortable hotel can be found in Fredericksburg. The establishment consists of 80 guest rooms. Knights Inn - Fredericksburg provides 24-hour reception. Communal areas are wheelchair accessible at this hotel. Knights Inn - Fredericksburg provides parking for guests' convenience. Knights Inn - Fredericksburg follows environmentally sustainable practices. Corporate travellers will appreciate the business facilities available at this establishment ideal to host any kind of event. Some services of Knights Inn - Fredericksburg may be payable.,Hotel TV Desk Air conditioning in public areas Hotel safe Lift access Gym Luggage room Restaurant Meeting room Business centre Fax Breakfast Continental Breakfast Fitness Red Lion - Safe Stay,Ronald Reagan National      : within 55000 metre ,5324 Jefferson Davis Highway Fredericksburg ,22408,,https://www.wyndhamhotels.com/knights-inn/fredericksburg-virginia/knights-inn-fredericksburg/overview
Virginia,Fredericksburg,38.29999,-77.50598,WoodSpring Suites Fredericksburg,2.0,"""Situated in Fredericksburg", within 14 km of Cannon Ridge Golf Club and 2.3 km of Fredericksburg Expo and Conference Center, WoodSpring Suites Fredericksburg features accommodation with a fitness centre and free WiFi throughout the property as well as free private parking for guests who drive. This 2-star hotel offers a 24-hour front desk. The hotel has family rooms.,,,,
Virginia,Fredericksburg,38.30088,-77.45781,The Richard Johnston Inn & 1890 Caroline House,,"""The Richard Johnston Inn & 1890 Caroline House offers accommodation in Fredericksburg", Virginia.,,,,,
Virginia,Fredericksburg,38.22176,-77.50522,Home2 Suites by Hilton Fredericksburg South,5.0,"""Home2 Suites By Hilton Fredericksburg South Spotsylvania", Va is located in Fredericksburg, 11 km from Fredericksburg, VA Station and 13 km from Fredericksburg Expo and Conference Center. The property is around 21 km from Cannon Ridge Golf Club, 49 km from Kings Dominion Amusement Park and 11 km from University of Mary Washington. The National Museum of the Marine Corps is 43 km from the hotel.,,
Virginia,Galax,36.66142,-80.93039,The Doctor's Inn,5.0,"""With free bikes and a garden", The Doctors Inn Virginia is located in Galax and provides free WiFi.,,,,,
Virginia,Galax,36.6692,-80.93065,New River Trail Cabins,5.0,"""Located in Galax", New River Trail Cabins provides accommodation with free WiFi and seating area. The accommodation is air conditioned and is equipped with a spa bath.,,,,,
Virginia,Gloucester,37.3433,-76.27653,New Point RV Resort,3.0,"""Located in Virginia", this New Point resort has access to a private beach area off of the Chesapeake Bay and offers on-site features like hiking trails and a swimming pool.,,,,,
Virginia,Gordonsville,37.99031,-78.16518,Prospect Hill Plantation Inn,4.0,"""Standing on an authentic 18th Century plantation", this Louisa bed and breakfast features a 5-acre tree garden and a relaxing outdoor pool. Access to I-64 is less than 5 miles away.,,,,,
Virginia,Gretna,36.94283,-79.36283,Gretna Motel,1.0,"""This Gretna motel offers free Wi-Fi", free parking, and rooms equipped with cable TV and air-conditioning. A microwave and refrigerator is also included.  Smith Mountain Lake State Park is 16 miles away.,,,,
Virginia,Gretna,36.95198,-79.37744,Camber Inn,2.0,"""Located in the Blue Ridge Mountains", Hampton Inn Gretna, VA features an outdoor pool and gym. Guest rooms offer 32-inch flat-screen cable TVs with HBO and free Wi-Fi.,,,,
Virginia,Hampton,37.04915,-76.40156,Monticello at Town Center Apartments,5.0,"""National at Monticello at Town Center features accommodation situated in Hampton", 35 km from Busch Gardens & Water Country and 44 km from Colonial Williamsburg.,,,,,
Virginia,Hampton,37.034332275,-76.413818359,Econo Lodge Coliseum and Convention Center,1.0,HotelDescription#The hotel is located in a short drive to Virginia Beach; Norfolk's tour of the Battleship Wisconsin.,NO Connecting rooms Fridge NO Small pets allowed (under 5 kg) NO Large pets allowed (over 5 kg) NO Wheelchair-accessible NO Car park NO Garage Laundry service Continental breakfast  ,,2708 W. Mercury Blvd. HamptonVA 23666 ,23666,8774246423,
Virginia,Hampton,37.0401359,-76.391345,Peninsula Plaza & Conference Center,3.0,,,,1815 West Mercury Boulevard HamptonVA 23666 ,23666,,
Virginia,Hampton,37.01767,-76.32159,Simply Panache Place,4.0,"""Simply Panache Place is located in Hampton", 2.6 km from Virginia Air Space Center and 4 km from Darling Stadium. The property is situated 7 km from Hampton Roads Convention Center and 9 km from Boo Williams Sportsplex. Guests can enjoy Seafood and Cajun Creole dishes at the restaurant or have a cocktail at the bar.,,,,,
Virginia,Hampton,37.02272,-76.35022,Magnolia House Inn,5.0,"""Located 40 km from Busch Gardens & Water Country", Magnolia House Inn provides accommodation with a garden, a shared lounge and a 24-hour front desk for your convenience. The bed and breakfast features both WiFi and private parking free of charge.,,,,
Virginia,Harrisonburg,38.419219971,-78.894706726,The Valley Suites Extended Stay Hotel,3.0,HotelDescription#Further information about this hotel will be available shortly,NO Connecting rooms NO Car park NO Wheelchair-accessible NO Disability-friendly bathroom NO Small pets allowed (under 5 kg) NO Large pets allowed (over 5 kg) NO Smoking rooms NO Garage,,South Main Street 2420 2420 Harrisonburg 22801Virginia ,22801,9564126900,http://www.extendedstayvalleysuites.com/
Virginia,Harrisonburg,38.40542,-78.90644,Tru by Hilton Harrisonburg,2.0,"""Set in Harrisonburg", 4.4 km from Zane Showker Field at Bridgeforth Stadium, Tru By Hilton Harrisonburg, Va offers air-conditioned rooms and a fitness centre. Among the facilities at this property are a 24-hour front desk and room service, along with free WiFi throughout the property. Local points of interest like Memorial Stadium and University Park are reachable within 5 km and 5 km, respectively.,
Virginia,Hillsville,36.66142,-80.93039,The Doctor's Inn,5.0,"""With free bikes and a garden", The Doctors Inn Virginia is located in Galax and provides free WiFi.,,,,,
Virginia,Hillsville,36.57878,-80.56622,Wolf Creek Farm,,"""The Wolf Creek Farm is spread of 102 acres. Indoor parking is provided for motorcycles and bicycles.",,,,,,
Virginia,Hillsville,36.76309,-80.72997,Knob Hill Motor Lodge,5.0,"""Knob Hill Motor Lodge features accommodation in Hillsville. Among the facilities at this property are a shared lounge and room service", along with free WiFi throughout the property.,,,,,
Virginia,Hillsville,36.66738129,-80.69155121,Mountain Top Motel,5.0,,,,7791 Highway Fancy Gap 24328Virginia ,24328,2767289414,
Virginia,Hillsville,36.6692,-80.93065,New River Trail Cabins,5.0,"""Located in Galax", New River Trail Cabins provides accommodation with free WiFi and seating area. The accommodation is air conditioned and is equipped with a spa bath.,,,,,
Virginia,Hillsville,36.6133918762207,-80.4410247802734,The Farmhouse,5.0,,,,2386 Squirrel Creek Rd.  ,24053,,
Virginia,Hopewell,37.30866,-77.29416,Riverside Inn and Suites,2.0,,,,711 West Randolph Road HopewellVirginia 23860 ,23860,,
Virginia,Irvington,37.65789,-76.38884,The Whispering Pines Motel Whitestone,2.0,"""The Whispering Pines Motel- Whitestone is located in Hawley. Each room here will provide you with a cable TV", air conditioning and a dining area with a microwave, refrigerator, and coffee machine.,,,
Virginia,Irvington,37.662184838767,-76.420710682869,The Hope and Glory Inn,3.0,HotelDescription#Further information about this hotel will be available shortly,NO Large pets allowed (over 5 kg) NO Smoking rooms NO Wheelchair-accessible NO Connecting rooms NO Car park NO Disability-friendly bathroom NO Small pets allowed (under 5 kg) NO Garage,,65 Tavern Road IrvingtonVirginia 22480 ,22480,8004978228,http://www.hopeandglory.com/
Virginia,Irvington,37.49089,-76.27442,Gwynns Island RV Resort and Campground,2.0,"""Situated in Gwynn", Gwynns Island RV Resort and Campground offers accommodation with free WiFi.,,,,,
Virginia,Keswick,38.01687,-78.36659,Keswick Hall & Golf Club,4.0,"""The property is located in the heart of Virginia hunt country", close to historic Charlottesville and only minutes from Thomas Jefferson's historic Monticello. Guests will find restaurants and bars in the immediate vicinity and the nearest shopping centres are 8 minutes' drive away in Downtown Charlottesville. The Greyhound Bus and Amtrak Rail stations are also 8 minutes by car. The Wintergreen ski area is roughly 45 minutes' drive and Richmond in around an hour by car.,,,,,
Virginia,Kilmarnock,37.70749,-76.38957,Back Inn Time,5.0,"""Situated in Kilmarnock", Back INN Time B&B features accommodation with free WiFi, air conditioning and access to a garden with a sun terrace.,,,,
Virginia,Leesburg,39.088655,-77.48921,The National Conference Center,3.0,,,,18980 Upper Belmont Place LeesburgVirginia 20176 ,20176,7037298000,http://www.conferencecenter.com/
Virginia,Leesburg,39.1147,-77.56495,Leesburg Colonial Inn,4.0,"""Leesburg Colonial Inn is located in historic downtown Leesburg", Virginia. The Inn walking distance to the Tally Ho Theatre, art galleries, antique stores, a spa, the Very Virginia store, and the Loudoun Museum.
Virginia,Leesburg,39.01778,-77.60636,The Manor At Courtland Farm,5.0,"""Situated in Aldie", The Manor at Courtland Farm offers accommodation with a terrace or a balcony, free WiFi and flat-screen TV, as well as a seasonal outdoor swimming pool and a fitness centre.,,,
Virginia,Leesburg,39.10855,-77.53295,"""Home2 Suites By Hilton Leesburg"," Va""",5.0,"""Home2 Suites By Hilton Leesburg", Va is set in Leesburg and features a shared lounge. There is a barbecue and guests can make use of free WiFi and free private parking.,,,,
Virginia,Lexington,37.67856,-79.5,Budget Inn Natural Bridge,2.0,,,,4331 South Lee Highway Natural BridgeVirginia 24578-3571 ,24578,5402912896,https://www.booking.com/hotel/us/budget-inn-natural-bridge.html
Virginia,Lexington,37.93856,-79.23191,Lexington Raphine Bed And Bagel,3.0,HotelDescription#Further information about this hotel will be available shortly,NO Car park NO Connecting rooms NO Smoking rooms NO Large pets allowed (over 5 kg) NO Wheelchair-accessible NO Small pets allowed (under 5 kg) NO Garage NO Disability-friendly bathroom,,Frost Lane 40 40 24472 Raphine RaphineVirginia 24472 ,24472,6617645117,http://www.lexingtonraphinebedandbagel.com
Virginia,Lexington,37.98766,-79.49858,Hummingbird Inn,4.0,"""Featuring a garden and a terrace", this Goshen, Virginia bed and breakfast offers free WiFi and a daily breakfast. The Maury River is formed in Goshen; Goshen Pass, the oldest state-managed natural area, is 13.1 km from the property.,,
Virginia,Lexington,37.6643,-79.50996,Relax Inn In Natural Bridge,3.0,"""Located in Buena Vista", Relax Inn in Natural Bridge features free WiFi, free on-site parking and a garden. A refrigerator is offered in each room. Virginia Safari Park is 4 minutes drive away.,,,,
Virginia,Lexington,37.78443,-79.44246,The Robert E. Lee Hotel,4.0,"""Located in Lexington", 23 km from Foamhenge, The Gin Hotel, Ascend Hotel Collection features free WiFi access and free private parking. The hotel has a fitness centre, and guests can enjoy a drink at the bar.,,
Virginia,Lexington,37.77979,-79.44672,Abigail Inn,5.0,"""Set in Lexington", within 28 km of Foamhenge and 1.2 km of Washington and Lee University, Abigail Inn offers accommodation with a garden and free WiFi throughout the property as well as free private parking for guests who drive. Boasting family rooms, this property also provides guests with a terrace. The property is 23 km from Natural Bridge of Virginia.,,,
Virginia,Lexington,37.78583,-79.44108,Sheridan Livery Inn And Restaurant,3.0,"""Located in Lexington", 28 km from Foamhenge, Sheridan Livery Inn provides accommodation with a restaurant, free private parking and a bar. Located around 300 metres from Washington and Lee University, the hotel with free WiFi is also 600 metres away from Virginia Military Institute.,,
Virginia,Lexington,37.777,-79.44926,A B&B At Llewellyn Lodge,5.0,"""Built in 1948", A B&B at Llewellyn Lodge, is located in Lexington and has a garden, a shared lounge and rooms with free WiFi access. The property is within 1.2 km of Washington and Lee University.,,,
Virginia,Lexington,37.75396,-79.435,Autumn Ridge,2.0,"""Set in Lexington", 27 km from Foamhenge, Autumn Ridge Cottages features free WiFi and mountain views. The accommodation is air conditioned and features a spa bath.,,,,
Virginia,Luray,38.66573,-78.46557,Budget Inn - Luray,5.0,"""Located in Luray", 2 km from Luray Caverns, Budget Inn provides accommodation with free WiFi and free private parking. The property is around 22 km from Pinnacles Viewpoint, 30 km from Endless Caverns and 41 km from Crosby Stadium. The motel features family rooms.,,,
Virginia,Luray,38.65964,-78.66378,Budget Inn,2.0,"""Located 10 km from Endless Caverns", Budget Inn provides accommodation with free WiFi in New Market.,,,,,
Virginia,Luray,38.665311065077,-78.456284701824,The Inn of the Shenandoah,3.0,HotelDescription#Further information about this hotel will be available shortly,NO Wheelchair-accessible NO Garage NO Large pets allowed (over 5 kg) NO Small pets allowed (under 5 kg) NO Connecting rooms NO Smoking rooms NO Disability-friendly bathroom NO Car park,,138 East Main Street LurayVirginia 22835 ,22835,5403009777,http://www.victorianinnluray.com/
Virginia,Luray,38.66757,-78.44216,Cardinal Inn By Silver Star,1.0,"""This Luray", Virginia inn has rooms with views of the Shenandoah Mountain and offers guests free Wi-Fi. The Luray Caverns are 8 minutes drive from the property.,,,,,
Virginia,Luray,38.66542,-78.46476,Hotel Laurance,,"""Set in Luray", within 1.8 km of Luray Caverns and 22 km of Pinnacles Viewpoint, Hotel Laurance offers accommodation with a terrace and free WiFi throughout the property as well as free private parking for guests who drive. Built in 19th century, this 5-star hotel is within 41 km of Crosby Stadium and 48 km of Massanutten Resort Water Park. The property is non-smoking and is located 30 km from Endless Caverns.,,,
Virginia,Luray,38.66307,-78.47741,Luray Caverns Motels,1.0,"""Located just 550 metres from Luray Caverns", this motel features a seasonal outdoor swimming pool. Free WiFi access is available.,,,,,
Virginia,Luray,38.66077,-78.46565,South Court Inn,5.0,"""Offering a free full breakfast", South Court Inn is located in Luray and features scenic gardens. There is a shared porch for guests enjoyment.,,,,,
Virginia,Luray,38.6054,-78.52107,Piney Hill B&B And Cottages,5.0,"""Situated in Luray", 10 km from Luray Caverns and 32 km from Pinnacles Viewpoint, Piney Hill B & B and Cottages features accommodation with free WiFi, air conditioning and access to a garden with a terrace.,,,
Virginia,Luray,38.66667,-78.46247,Hawksbill House,5.0,"""Located in Luray", Hawksbill House offers adult-only accommodation and includes a shared lounge. All rooms boast a flat-screen TV with satellite channels and a private bathroom. Both free WiFi and private parking are available at this property.,,,,,
Virginia,Luray,38.77736,-78.42029,Bear Valley,5.0,"""Featuring river views", Bear Valley features accommodation with a garden and a balcony, around 19 km from Luray Caverns. Boasting free private parking, the holiday home is in an area where guests can engage in activities such as hiking and canoeing.,,,
Virginia,Luray,38.59047,-78.43926,Sunridge Retreat,5.0,"""Set 13 km from Luray Caverns", Sunridge Retreat offers accommodation in Luray with access to a hot tub. This holiday home features a garden, barbecue facilities, free WiFi and free private parking.,,,
Virginia,Luray,38.50317,-78.4734,High Ridge,5.0,"""Featuring mountain views", High Ridge offers accommodation with a balcony and a kettle, around 26 km from Luray Caverns. This holiday home features a garden, barbecue facilities, free WiFi and free private parking.,,
Virginia,Lynchburg,37.40882,-79.19287,Acorn Hill Lodge and Spa,3.0,"""Located 3 miles from the Lynchburg city centre", this bed and breakfast serves a hot breakfast in the guest dining area each morning. Free Wi-Fi is accessible.,,,,,
Virginia,Lynchburg,37.35442,-78.82417,The Babcock House,5.0,"""With garden views", The Babcock House is situated in Appomattox and has a restaurant, a concierge service, bar, garden and terrace. Free WiFi is available throughout the property.,,
Virginia,Lynchburg,37.41178,-79.13819,Craddock Terry Hotel & Event Center,3.0,"""Overlooking the James River in historic Lynchburg", Craddock Terry Hotel, Lynchburg, a Tribute Portfolio Hotel is a boutique hotel with multiple on-site dining options and a bar. Once a shoe factory, this historic hotel now boasts designer furnishings and luxurious accommodations. Buster Brown, the hotels welcoming dog, will greet you upon your arrival.
Virginia,Lynchburg,37.35121,-78.8281,Longacre of Appomattox,5.0,"""Longacre is offering accommodation in Appomattox. All rooms feature a flat-screen TV with cable channels and a private bathroom. Free WiFi is provided.",,,,,,
Virginia,Lynchburg,37.385457,-79.165754,Quality Inn Lynchburg,2.0,HotelDescription#Meeting space and catering. Restaurant on premises. Packages available for Thomas Jefferson's Poplar Forest.,NO Connecting rooms Fridge NO Small pets allowed (under 5 kg) NO Large pets allowed (over 5 kg) NO Wheelchair-accessible NO Car park NO Garage Restaurant Conference room Continental breakfast  ,,3125 Albert Lankford Drive Lynchburg ,24501,,
Virginia,Lynchburg,37.38222,-79.11273,Eastside Suites,2.0,"""This all-suite property is located 10 minutes drive from central Lynchburg and 6 miles from Lynchburg College. It features free Wi-Fi access and rooms with cable TV with HBO channels.",,,,,,
Virginia,Lynchburg,37.36166,-78.83112,Budget Inn - Appomattox,2.0,"""This Virginia motel is 1 mile from the Museum of the Confederacy Appomattox. Guests will enjoy the convenience of free property-wide Wi-Fi and on-site parking.",,,,,,
Virginia,Lynchburg,37.4097706027656,-79.1463553905487,Federal Crest Inn Bed & Breakfast,5.0,,,,1101 Federal Street LynchburgVirginia 24504 ,24504,4348456155,http://www.federalcrest.com
Virginia,Lynchburg,37.4865,-79.14867,Winridge Manor Bed and Breakfast,3.0,"""Situated in Agricola in the Virginia region", Winridge Manor Bed and Breakfast offers accommodation with free WiFi.,,,,,
Virginia,Lynchburg,37.4461,-79.11948,Executive Inn,5.0,"""Executive Inn features air-conditioned rooms in Magruder Hills. This property offers both free WiFi and private parking free of charge.",,,,,,
Virginia,Manassas,38.80045,-77.52562,WoodSpring Suites Manassas,3.0,"""Featuring 3-star accommodation", WoodSpring Suites Manassas Battlefield Park I-66 is located in Manassas, 46 km from Air Force Memorial and 47 km from US Marine Corps War Memorial. With free WiFi, this 3-star hotel offers room service and a 24-hour front desk. George Washington Masonic National Memorial is 48 km from the hotel and The Pentagon is 49 km away.,,,
Virginia,Manassas,38.75483,-77.49508,Home Style Inn,1.0,"""Located 10 minutes drive from Interstate 66", this Manassas motel is 18 miles from the Washington Dulles International Airport and is 4 miles of Splash Down Waterpark.  This motel offers free Wi-Fi and there is a kitchenette in the rooms.,,,,,
Virginia,Manassas,38.74,-77.51222,Tru by Hilton Manassas,2.0,"""Tru By Hilton Manassas", Va is a 2-star property set in Manassas. This 2-star hotel offers a shared lounge, a 24-hour front desk and free WiFi. The hotel has family rooms.,,,,
Virginia,Manassas,38.80558,-77.51611,Hilton Garden Inn Manassas,3.0,"""Hilton Garden Inn Manassas features a fitness centre", terrace, a restaurant and bar in Manassas. This 3-star hotel offers room service, a 24-hour front desk and free WiFi. Women in Military Service for America Memorial is 47 km away and Arlington House-Robert E Lee National Memorial is 47 km from the hotel.,,,
Virginia,Marion,36.79354,-81.68035,Knights Inn Chilhowie,2.0,"""Featuring an on-site restaurant",  Motel 6 Chilhowie is located in Chilhowie, Virginia.,,,,
Virginia,Marion,36.832,-81.521,The Collins House Inn,3.0,"""Located in Marion", The Collins House Inn features accommodation with a flat-screen TV. Free WiFi is provided.,,,,,
Virginia,Martinsville,36.99983,-79.88949,The Claiborne House Bed And Breakfast,5.0,"""Set in Rocky Mount", 37 km from Mill Mountain Zoo and 41 km from Science Museum of Western Virginia Hopkins Planetarium, The Claiborne House offers accommodation with free WiFi, air conditioning, a garden and a shared lounge.,,
Virginia,Martinsville,36.70675,-79.90945,Deluxe Inn,2.0,"""This Martinsville motel offers free Wi-Fi and traditionally decorated rooms equipped with a microwave and refrigerator. The Martinsville Speedway is 10 minutes drive.",,,,,,
Virginia,Martinsville,36.99511,-79.89275,Early Inn at the Grove,5.0,"""With Mill Mountain Zoo reachable in 37 km", Early Inn at the Grove features accommodation, a restaurant, a garden, a shared lounge and a bar. Both WiFi and private parking are accessible at the bed and breakfast free of charge.,,
Virginia,Martinsville,36.63198,-79.85943,Travel Inn,5.0,"""Situated in Martinsville", 1.4 km from Martinsville Speedway, Travel Inn features accommodation with free WiFi and free private parking. Guests can enjoy pool views.,,,,
Virginia,Martinsville,36.60245,-79.86218,Kings Court Motel Ridgeway,5.0,"""Located in Martinsville", 5 km from Martinsville Speedway, Kings Court Motel Ridgeway has rooms with free WiFi access. All rooms boast a TV with cable channels and a private bathroom. The accommodation provides a 24-hour front desk.,,,,
Virginia,McLean,38.91964,-77.22385,VITA Tysons Corner Center,4.0,"""Offering a seasonal outdoor pool", BridgeStreet at VITA Tysons Corner Center Luxury Apartments is situated in Tysons Corner. Tysons Corner Center is 200 metres away. Free WiFi is provided and private parking is available on site.,,,,,
Virginia,McLean,38.93122,-77.22923,Tysons Palace in the heart of Tysons Corner,5.0,"""Located in McLean", 7 km from McLean Shopping Center and 10 km from Kimball Theatre, Tysons Palace in the heart of Tysons Corner provides accommodation with free WiFi, air conditioning, a seasonal outdoor swimming pool and a fitness centre. This apartment has a private pool, a garden and free private parking.,
Virginia,McLean,38.92812,-77.22987,National at Tysons Corner II,,"""Set in Tysons Corner in the Virginia region", with The Galleria at Tysons Shopping Center and Tysons Corner Center nearby, National at Tysons Corner II offers accommodation with free WiFi and free private parking.,,,,
Virginia,Middleburg,38.99431,-77.75276,Goodstone Inn & Restaurant,4.0,"""Located on 265 acres", this Middleburg inn features free Wi-Fi, a seasonal outdoor pool, and uniquely decorated rooms that feature English and French country style décor. The National Sporting Library & Museum is 3 miles away.,,,
Virginia,Middleburg,38.96925,-77.73544,The Red Fox Inn & Tavern,5.0,"""Located in Middleburg", 30 km from Dulles Expo Conference Center, The Red Fox Inn & Tavern provides accommodation with a garden, free private parking, a terrace and a restaurant. Among the facilities at this property are a 24-hour front desk and a concierge service, along with free WiFi throughout the property. Certain units at the property include a patio with a city view.,
Virginia,Mineral,40.2599351325362,-121.372529449754,St. Bernard Lodge,3.0,HotelDescription#This comfortable Hotel is in Paradise. Those wishing to escape the hustle and bustle of daily routine will find peace and tranquillity at this accommodation. This Hotel does not accept pets.,NO Connecting rooms NO Small pets allowed (under 5 kg) NO Smoking rooms NO Garage NO Large pets allowed (over 5 kg) NO Car park NO Disability-friendly bathroom NO Wheelchair-accessible,,44801 Highway 36E Mill Creek 96061 ,96061,5302583382,http://www.stbernardlodge.com/
Virginia,Mineral,40.36071,-121.49351,The Village at Childs Meadow,3.0,"""Village at Childs Meadow in Mill Creek has 3-star accommodation with a bar. Every room comes with a patio with mountain views.",,,,,,
Virginia,Moneta,37.1574,-79.65891,Halesford Harbour Inn,5.0,"""Located in Moneta", 27 km from National D Day Memorial, Halesford Harbour Resort - Smith Mountain Lake provides accommodation with a terrace, free private parking, a restaurant and a private beach area. Located around 44 km from Mill Mountain Zoo, the hotel with free WiFi is also 45 km away from Civic Center. The property is non-smoking and is situated 44 km from Science Museum of Western Virginia Hopkins Planetarium.,
Virginia,,37.67856,-79.5,Budget Inn Natural Bridge,2.0,,,,4331 South Lee Highway Natural BridgeVirginia 24578-3571 ,24578,5402912896,https://www.booking.com/hotel/us/budget-inn-natural-bridge.html
Virginia,Norfolk,36.94685,-76.23944,Ocean View Inn,2.0,"""Situated in Norfolk", within 50 metres of Ocean View Beach and 200 metres of Community Beach Park, Ocean View Inn features accommodation with a terrace and free WiFi as well as free private parking for guests who drive. 1.3 km from Ocean View Beach Park and 18 km from Topgolf Virginia Beach, the motel offers a private beach area. The motel has family rooms.,,,
Virginia,Norfolk,36.94924015448,-76.242856085301,Travelers Inn,3.0,HotelDescription#Further information about this hotel will be available shortly,NO Wheelchair-accessible NO Smoking rooms NO Garage NO Car park NO Connecting rooms NO Large pets allowed (over 5 kg) NO Disability-friendly bathroom NO Small pets allowed (under 5 kg),,800 E. Ocean View Avenue Norfolk 23503 ,23503,7575832335,http://www.norfolktravelersinn.com/
Virginia,Norfolk,36.949518501457,-76.244018293651,Howard Johnson Inn Norfolk,3.0,,,,719 East Ocean View Avenue NorfolkVirginie ,,,
Virginia,Norfolk,36.94554,-76.2382,Express Inn,2.0,"""Express INN is situated in Norfolk", 9 km from Old Dominion University. This 2-star motel offers a 24-hour front desk. The property is set 9 km from Ted Constant Convocation Center and 10 km from Virginia Wesleyan College.Norfolk Premium Outlets 12 Km,,,,,
Virginia,Norfolk,36.9514,-76.24835,Bay Inn Hotel,2.0,"""Bay Inn Hotel offers accommodation in Norfolk.",,,,,,
Virginia,Norfolk,36.8567,-76.29458,Page House Inn,5.0,"""Set in Norfolk", 1.3 km from Eastern Virginia Medical School and 1.8 km from Nauticus National Maritime Center, Page House Inn offers accommodation with free WiFi, air conditioning and access to a garden with a terrace.,,,
Virginia,Norfolk,36.93737,-76.22243,Beach Cottage Sand Suite,5.0,"""Beach Cottage Sand Suite (2 bd/1 bth condo 1 block from beach) in Norfolk offers accommodation with free WiFi", 200 metres from Ocean View Beach, 11 km from Norfolk Naval Base and 11 km from Virginia Wesleyan College. The property is 14 km from Ted Constant Convocation Center and 14 km from Old Dominion University.,,,,
Virginia,Norfolk,36.96584,-76.27249,Dune Cottage Tide Suite,5.0,"""Situated in Norfolk", 60 metres from Willoughby Beach and 13 km from Norfolk Naval Base, Dune Cottage Tide Suite (2-Bd/2-Bth Beach Condo) offers free WiFi and air conditioning. This apartment is 16 km from Nauticus National Maritime Center and 16 km from NAUTICUS The National Maritime Center.,,,,
Virginia,Norfolk,36.96584,-76.27249,Dune Cottage Isle Suite,5.0,"""Situated in Willoughby Beach", within 60 metres of Willoughby Beach, Dune Cottage Sun Suite (2 bed/2 bath beach condo) offers accommodation with free WiFi and air conditioning.,,,,
Virginia,Norfolk,36.96584,-76.27249,Dune Cottage Shell Suite,5.0,"""Situated in Norfolk", 60 metres from Willoughby Beach and 13 km from Norfolk Naval Base, Dune Cottage Shell Suite (2 bed/2 bath beach condo) offers free WiFi and air conditioning. The property is 16 km from Nauticus National Maritime Center and 16 km from NAUTICUS The National Maritime Center.,,,,
Virginia,Norfolk,36.96584,-76.27249,Dune Cottage Shore Suite,5.0,"""Located in Norfolk", 60 metres from Willoughby Beach and 9 km from Norfolk Naval Base, Dune Cottage Shore Suite (2-Bd/2-Bth Beach Condo) offers free WiFi and air conditioning. The property is 16 km from Nauticus National Maritime Center and 16 km from NAUTICUS The National Maritime Center.,,,,
Virginia,Norfolk,36.96549,-76.27993,Bay Breeze Seashell Suite,5.0,"""Situated in Willoughby Beach", within 300 metres of Willoughby Beach, Bay Breeze Seashell Suite (1 bed/1 bath condo with cabanas, fire pits, and pier) offers accommodation with free WiFi and air conditioning.,,
Virginia,Norfolk,36.96584,-76.27249,Dune Cottage Salt Suite,5.0,"""Situated in Willoughby Beach", within 60 metres of Willoughby Beach, Dune Cottage Salt Suite (2-Bd/2-Bth Beach Condo) offers accommodation with free WiFi and air conditioning.,,,,
Virginia,Norfolk,36.93737,-76.22243,Beach Cottage Coral Suite,5.0,"""Located in Cottage Park", within 200 metres of Ocean View Beach, Beach Cottage Coral Suite (2 bd/1 bth condo 1 block from beach) offers accommodation with free WiFi and air conditioning.,,,,
Virginia,Norfolk,36.96549,-76.27993,Light House Grand Suite,5.0,"""Located in Willoughby Beach", 300 metres from Willoughby Beach, Light House Grand Suite (Luxury Bayfront House Sleeps 10, Private Cabanas, Fire Pits and 100` Pier) provides air-conditioned accommodation with a patio and free WiFi.,,
Virginia,Norfolk,36.93737,-76.22243,Beach Cottage Pier Suite,5.0,"""Located in Cottage Park", within 200 metres of Ocean View Beach, Beach Cottage Pier Suite (1 bed/1 bath condo 1 block from beach) offers accommodation with free WiFi and air conditioning.,,,,
Virginia,Norfolk,36.96584,-76.27249,Dune House Beach Haven,5.0,"""Situated in Willoughby Beach", 60 metres from Willoughby Beach, Dune House Beach Haven (Beachfront Carriage House sleeps 10) features air-conditioned accommodation with a patio and free WiFi.,,,,
Virginia,Norfolk,36.96584,-76.27249,Dune Cottage Palm Suite,5.0,"""Dune Cottage Palm Suite (2 bed/2 bath beach condo) is situated in Willoughby Beach. The air-conditioned accommodation is 40 km from Virginia Beach.",,,,,,
Virginia,Norfolk,36.96584,-76.27249,Dune Cottage Sea Suite,5.0,"""Situated in Willoughby Beach", within 60 metres of Willoughby Beach, Dune Cottage Sea Suite (Beach Front 2-Bed/2-Bath) offers accommodation with free WiFi and air conditioning.,,,,
Virginia,Norfolk,36.93737,-76.22243,Beach Cottage Breeze Suite,5.0,"""Set in Cottage Park", within 200 metres of Ocean View Beach, Beach Cottage Breeze Suite (2 bed/1 bath condo 1 block from beach) offers accommodation with free WiFi and air conditioning.,,,,
Virginia,Norfolk,36.93737,-76.22243,Beach Cottage Wave Suite,5.0,"""Beach Cottage Wave Suite (2 bed/1 bath condo 1 block from beach) in Cottage Park features accommodation with free WiFi", 200 metres from Ocean View Beach.,,,,,
Virginia,Norfolk,36.93737,-76.22243,Beach Cottage Surf Suite,5.0,"""Set in Cottage Park", just 200 metres from Ocean View Beach, Beach Cottage Surf Suite (2 bd/1 bth condo 1 block from beach) offers accommodation with free WiFi.,,,,
Virginia,Norfolk,36.93737,-76.22243,Beach Cottage Reef Suite,5.0,"""Set in Cottage Park", just 200 metres from Ocean View Beach, Beach Cottage Reef Suite (2 bed/1 bath condo 1 block from beach) offers accommodation with free WiFi.,,,,
Virginia,Norfolk,36.96584,-76.27249,Dune Cottage Beach Suite,5.0,"""Set in Willoughby Beach", within 60 metres of Willoughby Beach, Dune Cottage Beach Suite (2 bed/2 bath beach condo) offers accommodation with free WiFi and air conditioning.,,,,
Virginia,Norfolk,36.96584,-76.27249,Dune House Coastal Getaway,5.0,"""Set in Willoughby Beach", 60 metres from Willoughby Beach, Dune House Coastal Getaway (Beach Front Carriage House Sleeps 10) offers air-conditioned accommodation with a patio and free WiFi.,,,,
Virginia,Norfolk,36.96584,-76.27248,Dune Cottage Ocean Suite,5.0,"""Situated in Willoughby Beach", within 60 metres of Willoughby Beach, Dune Cottage Ocean Suite (2-Bd/2-Bth Beach Condo) offers accommodation with free WiFi and air conditioning.,,,,
Virginia,Norfolk,36.96584,-76.27249,Dune Cottage Sun Suite,5.0,"""Dune Cottage Sun Suite (2 bed/2 bath beach condo) is set in Willoughby Beach. Guests staying at this apartment have access to a fully equipped kitchen.",,,,,,
Virginia,Norfolk,36.96549,-76.27993,Bay Breeze Compass Suite,5.0,"""Situated in Willoughby Beach", within 300 metres of Willoughby Beach, Bay Breeze Compass Suite (1 bed/1 bath condo with cabanas, fire pits, and pier) offers accommodation with free WiFi and air conditioning.,,
Virginia,Norfolk,36.96549,-76.27993,Bay Breeze Anchor Suite,5.0,"""Located in Willoughby Beach", within 300 metres of Willoughby Beach, Bay Breeze Anchor Suite (1 bed/1 bath condo with cabanas, fire pits, and pier) offers accommodation with free WiFi and air conditioning.,,
Virginia,Norfolk,36.96549,-76.27993,Bay Breeze Sailboat Suite,5.0,"""Set in Willoughby Beach", within 300 metres of Willoughby Beach, Bay Breeze Sailboat Suite (1 bed/1 bath condo with cabanas, fire pits, and pier) offers accommodation with free WiFi and air conditioning.,,
Virginia,Norfolk,36.96584,-76.27249,Dune Cottage Cove Suite,5.0,"""Dune Cottage Cove Suite (2-Bed/2-Bath Beach Condo) is located in Willoughby Beach. The air-conditioned accommodation is 40 km from Virginia Beach.",,,,,,
Virginia,Norfolk,36.96584,-76.27249,Dune Cottage Dune Suite,5.0,"""Located in Willoughby Beach", within 60 metres of Willoughby Beach, Dune Cottage Dune Suite (Beach Front 2-Bed/2-Bath) offers accommodation with free WiFi and air conditioning.,,,,
Virginia,Onley,37.68861,-75.72194,Shore Lodge,2.0,"""Regal Inn offers air-conditioned accommodation in Onley. All rooms boast a flat-screen TV with satellite channels and a private bathroom. The motel provides a barbecue", a 24-hour front desk, and free WiFi is available.,,,,
Virginia,Orange,38.23783,-78.11319,Inn on Poplar Hill,5.0,"""Situated in Orange in the Virginia region and James Madisons Montpelier reachable within 10 km", Inn on Poplar Hill features accommodation with free WiFi, BBQ facilities, a shared lounge and free private parking.,,,
Virginia,Orange,38.27391,-78.13088,The Inn at Willow Grove,,"""Located in Orange", in a building dating from 18th century, The Inn at Willow Grove provides a garden and guestrooms with free WiFi. Featuring a 24-hour front desk, this property also provides guests with a terrace. The property has a restaurant and a shared lounge.,,,
Virginia,Orange,38.23287,-78.11737,The Mayhurst Inn,5.0,"""Located in Orange in the Virginia region and Scott Stadium reachable within 49 km", Mayhurst Estate provides accommodation with free WiFi, BBQ facilities, a terrace and free private parking.,,,
Virginia,Orange,38.23617,-78.1116,Budget Inn Orange,2.0,"""Boasting free Wi-Fi and a daily continental breakfast", this Orange, Virginia motel is located 10 minutes drive from James Madisons Montpelier. Civil War battlefields at Fredericksburg are 20 miles away.,,,,
Virginia,Orange,38.26116,-78.12083,Round Hill Inn,3.0,"""Featuring a 24-hour business center", a gym and an outdoor pool, this hotel in Orange, Virginia provides free WiFi in the guest rooms. The hotel is 36.3 km from Interstate 64.,,,
Virginia,Petersburg,37.144639,-77.356876,Rodeway Inn,2.0,,languages spoken accessibility Internet access things to do  ways to relax cleanliness and safety dining  drinking  and snacking services and conveniences for the kids access getting around available in all rooms,,12205 South Crater Road PetersburgVirginia 23805 ,23805,8047330600,https://www.choicehotels.com/virginia/petersburg/rodeway-inn-hotels/va057
Virginia,Petersburg,37.22987,-77.3913,Loyalty Inn Petersburg,2.0,"""Offering free WiFi access", Hotel Petersburg VA I-95 & E Washington St is located 3 minutes drive off Interstate 95 in Petersburg. The property has a 24-hour front desk and free parking.,,,,,
Virginia,Petersburg,37.22888438,-77.39747424,Quality Broadway Inn,5.0,,NO Connecting rooms YES Wheelchair-accessible NO Small pets allowed (under 5 kg) NO Large pets allowed (over 5 kg) NO Wheelchair-accessible NO Car park NO Garage Laundry service Continental breakfast  ,,405 East Washington Street PetersburgVirginia 23803 ,23803,,
Virginia,Portsmouth,36.83624,-76.31071,Rodeway Inn near Naval Hospital,2.0,"""Offering guests free WiFi", this pet-friendly Motel 6 Portsmouth Va is just 2 minutes drive from The Naval Medical Center. Parking is available for trucks and buses.,,,,,
Virginia,Portsmouth,36.83956,-76.3063,Riverwalk Inn & Suites,2.0,"""This property is located in Portsmouth Olde Towne Historic District", just 7 minutes drive from the Norfolk Naval Shipyard. The Inn and Suites Portsmouth is also 4 minutes drive from the Virginia Sports Hall of Fame and 23 minutes drive to the Norfolk International Airport.,,,,,
Virginia,Portsmouth,36.83772,-76.33329,Econo Lodge Portsmouth,5.0,"""Set within 17 km of Topgolf Virginia Beach and 22 km of Mount Trashmore Park", Economy Lodge Portsmouth offers rooms with air conditioning and a private bathroom in Portsmouth. Among the facilities at this property are room service and a 24-hour front desk, along with free WiFi throughout the property. Owl Creek is 35 km away and Naval Air Station Oceana is 35 km from the motel.,,,,
Virginia,Portsmouth,36.8383,-76.3023,Mermaids Porch Bed & Breakfast,3.0,"""Offering a terrace and hot tub", Mermaids Porch Bed & Breakfast is located in Portsmouth in the Virginia Region, 500 metres from Tidewater Marina.,,,,
Virginia,Portsmouth,36.83867,-76.35594,The Big Brick,5.0,"""The Big Brick is situated in Portsmouth and provides accommodation with free bikes and free WiFi", 400 metres from Elizabeth River and 1 km from Bon Secours Maryview Medical Center.  .Complimentary private parking is available on site.,,,,,
Virginia,Raphine,37.93856,-79.23191,Lexington Raphine Bed And Bagel,3.0,HotelDescription#Further information about this hotel will be available shortly,NO Car park NO Connecting rooms NO Smoking rooms NO Large pets allowed (over 5 kg) NO Wheelchair-accessible NO Small pets allowed (under 5 kg) NO Garage NO Disability-friendly bathroom,,Frost Lane 40 40 24472 Raphine RaphineVirginia 24472 ,24472,6617645117,http://www.lexingtonraphinebedandbagel.com
Virginia,Reston,38.958074,-77.361007,Global Luxury Apartments at Reston Town Center,4.0,This lovely apartment is set in Reston.,Apartment Multilingual staff Terrace concierge Grill/BBQ Café Meeting room TV lounge Non-smoking establishment,,12025 Town Square St RESTON ,20190,,https://www.globalluxurysuites.com/accommodation/virginia/reston-virginia/global-luxury-suites-at-re
Virginia,Reston,38.95792,-77.36109,Bridgestreet at The Avant Apartments,5.0,"""Featuring a seasonal outdoor pool and a fitness room", National at Reston Town Center provides accommodation located in Reston, 46 km from Alexandria.,,,,
Virginia,Richmond,37.75355,-77.47164,Palm Leaf Motel,2.0,"""Located 10 minutes drive from Kings Dominion Amusement Park", this motel features free Wi-Fi access and rooms with cable TV channels. Central Richmond is 15 miles away.,,,,,
Virginia,Richmond,37.566745758,-77.475326538,Comfort Inn Conference Center Midtown,3.0,General Information:The Comfort Inn® Conference Center Midtown is ideally located just minutes from downtown Richmond. The hotel is only one mile from the Virginia Museum of Fine Arts; the Science Museum of Virginia and the Children''s Museum of Richmond.This Richmond hotel is also close to popular area attractions; like Richmond International Raceway; the Greater Richmond Convention Center and the Richmond Coliseum. The Richmond International Airport is just nine miles away.Visitors will enjoy browsing the shops at Willow Lawn Mall and Short Pump Town Center. For outdoor recreational activities; James River State Park offers canoeing; kayaking; rock climbing; fishing; boating; hiking; swimming and bird watching. A variety of restaurants and cocktail lounges are located nearby.Locations: The Comfort Inn® Conference Center Midtown is ideally located just minutes from downtown Richmond and Richmond International Airport is just nine miles away.Area Details:Additional local points of interest include University of Richmond; Medical College of Virginia Campus; Virginia Commonwealth University School of Medicine; Three Lakes Nature Center and Aquarium; Lewis Ginter Botanical Garden and Maymont .Recreations:This Richmond hotel has many full-service amenities and features; including a weekday hot breakfast; a weekend continental breakfast; coffee; a weekday newspaper and parking. Guests are invited to relax in the seasonal outdoor pool.Business travelers will appreciate conveniences like computer hook-ups; voice mail and access to fax and copy services. The on-site banquet and meeting rooms can accommodate up to 500 people. Catering services are available.Rooms: All well-appointed guest rooms come equipped with coffee makers; irons; ironing boards; hair dryers and cable television. Microwaves and refrigerators are available upon request. Handicap accessible and non-smoking rooms are offered.Coin-operated laundry facilities and valet cleaning services are provided for guest convenience.,Free self parking Coffee/tea in lobby Discover American Express Internet access Diners Club Free RV  bus  truck parking Visa,,3200 W. Broad St. RichmondVirginia 23230 ,23230,8043594061,http://qualityinnsuites-richmond.h-rez.com/index.htm?lbl=ggl-en&gclid=Cj0KEQjwwYK8BRC0ta6LhOPC0v0BEiQApv6jYQvq3ei4LQIpSa_aPleqAJOalkSN6mDlirwtGv9kIEQaArGq8P8HAQ
Virginia,Richmond,37.60826,-77.5165,WoodSpring Suites Richmond West,2.0,"""Located in Richmond", 12 km from Greater Richmond Convention Centre, WoodSpring Suites Richmond West I-64 provides accommodation with free WiFi and free private parking. This 2-star hotel offers a 24-hour front desk. Museum of Confederacy is 14 km away and Kings Dominion Amusement Park is 34 km from the hotel.,,,,
Virginia,Richmond,37.52426,-76.82506,Washington Burgess Inn,2.0,"""Featuring 2-star accommodation", Washington Burgess Inn is situated in West Point, 38 km from Colonial Williamsburg and 44 km from Busch Gardens & Water Country. With a restaurant, the 2-star hotel has air-conditioned rooms with free WiFi, each with a private bathroom. Duke of Gloucester Street is 39 km away and Cary Stadium is 39 km from the hotel.,,
Virginia,Richmond,37.51593,-77.34937,Airport Inn Motel Richmond,2.0,"""Located 2 miles from Richmond International Airport and nearby Interstate 64", this motel offers free Wi-Fi, a 24-hour front desk, and rooms equipped with a microwave and refrigerator. Richmond city centre is 15 minutes drive away.,,,
Virginia,Richmond,37.536625,-77.346742,Historic Mankin Mansion,3.0,HotelDescription#Further information about this hotel will be available shortly,NO Disability-friendly bathroom NO Garage NO Wheelchair-accessible NO Connecting rooms NO Small pets allowed (under 5 kg) NO Car park NO Smoking rooms NO Large pets allowed (over 5 kg),,4300 Oakleys Lane RichmondVirginia 23223 ,23223,8047377773,http://www.historicmankinmansion.com
Virginia,Richmond,37.51959,-77.33429,Americas Best Value Inn Richmond Airport Sandston,2.0,"""This Sandston hotel is located within one mile of the Richmond International Airport and the Virginia Aviation Museum. It features an outdoor pool and rooms with a microwave and refrigerator.",,,,,,
Virginia,Richmond,37.144639,-77.356876,Rodeway Inn,2.0,,languages spoken accessibility Internet access things to do  ways to relax cleanliness and safety dining  drinking  and snacking services and conveniences for the kids access getting around available in all rooms,,12205 South Crater Road PetersburgVirginia 23805 ,23805,8047330600,https://www.choicehotels.com/virginia/petersburg/rodeway-inn-hotels/va057
Virginia,Richmond,37.57343,-77.46011,Diamond Inn & Suites,2.0,"""Featuring 2-star accommodation", DIAMOND INN & SUITES is located in Richmond, 4.3 km from Greater Richmond Convention Centre and 4.1 km from Virginia Commonwealth University School of the Arts. This 2-star hotel offers a 24-hour front desk, an ATM and free WiFi. Free private parking is available and the hotel also provides car hire for guests who want to explore the surrounding area.,,,
Virginia,Richmond,37.22987,-77.3913,Loyalty Inn Petersburg,2.0,"""Offering free WiFi access", Hotel Petersburg VA I-95 & E Washington St is located 3 minutes drive off Interstate 95 in Petersburg. The property has a 24-hour front desk and free parking.,,,,,
Virginia,Richmond,37.6041343,-77.45382074,Travelodge Richmond,2.0,,,,5221 Brook Road RichmondVirginia 23227 ,23227,,
Virginia,Richmond,37.22888438,-77.39747424,Quality Broadway Inn,5.0,,NO Connecting rooms YES Wheelchair-accessible NO Small pets allowed (under 5 kg) NO Large pets allowed (over 5 kg) NO Wheelchair-accessible NO Car park NO Garage Laundry service Continental breakfast  ,,405 East Washington Street PetersburgVirginia 23803 ,23803,,
Virginia,Richmond,37.46412,-77.44217,Deluxe Motel,3.0,"""Offering rooms with flat-screen cable TVs", Deluxe Motel is located in Richmond. Free WiFi access is available.,,,,,
Virginia,Richmond,37.4442,-77.5776,Royal Inn Motel Richmond,3.0,"""Located 20 miles from the Richmond International Airport", this motel is 14 minutes drive from swimming, boating and hiking in the Pocahontas State Park.  All rooms are non-smoking and free Wi-Fi is available throughout the property.,,,,
Virginia,Richmond,37.30866,-77.29416,Riverside Inn and Suites,2.0,,,,711 West Randolph Road HopewellVirginia 23860 ,23860,,
Virginia,Richmond,37.60258,-77.45502,Town Motel,5.0,,,,5214 Brook Road RichmondVirginia 23227-2943 ,23227,,
Virginia,Richmond,37.54218,-77.44207,HI Richmond Hostel,1.0,"""Located in Richmond", 400 metres from Greater Richmond Convention Centre, HI Richmond Hostel boasts a patio and views of the city.,,,,
Virginia,Richmond,17.74462,-64.71559,Richmond Inn,2.0,"""Richmond Inn is a property in the Virgin Islands that offers its guests facilities with gardens", air conditioning, and sun terraces. Wireless internet access is available in the business centre for free.,,,,
Virginia,Richmond,37.47404,-77.4442,Sunrise Motel,2.0,"""Offering free WiFi", Sunrise Motel is set in Richmond, within 9 km of Greater Richmond Convention Centre. The property is situated 9 km from Museum of Confederacy. Virginia Commonwealth University School of the Arts is 9 km away and University Stadium is 13 km from the motel.,,,,
Virginia,Richmond,37.6588,-77.62455,Home2 Suites by Hilton Richmond Short Pump,5.0,"""Home2 Suites By Hilton Richmond Short Pump is set in Richmond", 23 km from Greater Richmond Convention Centre and 22 km from University Stadium. The property is located 22 km from Virginia Commonwealth University School of the Arts, 25 km from Museum of Confederacy and 44 km from Kings Dominion Amusement Park. The hotel offers a sun terrace and a 24-hour front desk.,,,,
Virginia,Richmond,37.60913,-77.52234,Home2 Suites by Hilton Richmond Glenside,5.0,"""Home2 Suites By Hilton Richmond Glenside is located in Richmond", within 12 km of Greater Richmond Convention Centre and 11 km of University Stadium. The property is around 12 km from Virginia Commonwealth University School of the Arts, 14 km from Museum of Confederacy and 35 km from Kings Dominion Amusement Park. Fan District is 8.5 km from the hotel and Carytown is 11 km away.,,,,
Virginia,Richmond,37.57026,-77.47951,Courtyard by Marriott Richmond Scotts Addition,5.0,"""Located within 5.1 km of Greater Richmond Convention Centre and 3.6 km of University Stadium", Courtyard by Marriott Richmond Scotts Addition provides rooms in Richmond. The property is set 3.7 km from Virginia Commonwealth University School of the Arts, 8.8 km from Museum of Confederacy and 34 km from Kings Dominion Amusement Park. Carytown is 3 km away and Hovey Field is 4.1 km from the hotel.,,,,
Virginia,Ridgeway,36.63198,-79.85943,Travel Inn,5.0,"""Situated in Martinsville", 1.4 km from Martinsville Speedway, Travel Inn features accommodation with free WiFi and free private parking. Guests can enjoy pool views.,,,,
Virginia,Ridgeway,36.60245,-79.86218,Kings Court Motel Ridgeway,5.0,"""Located in Martinsville", 5 km from Martinsville Speedway, Kings Court Motel Ridgeway has rooms with free WiFi access. All rooms boast a TV with cable channels and a private bathroom. The accommodation provides a 24-hour front desk.,,,,
Virginia,Roanoke,37.23682,-79.96898,Colony House Motor Lodge,2.0,"""Facilities",,,,,,
Virginia,Roanoke,37.25966,-79.94668,Black Lantern Inn,5.0,"""Situated in Roanoke", 2 km from Science Museum of Western Virginia Hopkins Planetarium and 3.2 km from Civic Center, Black Lantern Inn features accommodation with free WiFi, air conditioning, free bikes and a garden.,,
Virginia,Roanoke,37.25803,-80.17163,Blue Jay Motel,2.0,"""Located off Interstate 81",  OYO Hotel Salem-Roanoke I-81 offers simply furnished guest rooms with free Wi-Fi and mountain views.  It features vending machines with drinks on-site. Virginia Tech University is 30 miles away.,,,,,
Virginia,Roanoke,37.1574,-79.65891,Halesford Harbour Inn,5.0,"""Located in Moneta", 27 km from National D Day Memorial, Halesford Harbour Resort - Smith Mountain Lake provides accommodation with a terrace, free private parking, a restaurant and a private beach area. Located around 44 km from Mill Mountain Zoo, the hotel with free WiFi is also 45 km away from Civic Center. The property is non-smoking and is situated 44 km from Science Museum of Western Virginia Hopkins Planetarium.,
Virginia,Roanoke,37.38476,-79.904387,Travelodge Roanoke North,2.0,This unpretentious null is set in Daleville. null may contact the reception desk any time during the day.,Motel Laundry service,,2619 Lee Highway South I 81 Exit 150 A TROUTVILLE ,24175,,https://www.motel6.com/en/motels.va.troutville.8605.html
Virginia,Roanoke,37.2233,-79.88553,Shirley's Bed And Breakfast,5.0,"""Shirleys Bed And Breakfast has air-conditioned guest accommodation in Roanoke", 8.8 km from Science Museum of Western Virginia Hopkins Planetarium, 10 km from Civic Center and 10 km from Mill Mountain Zoo.,,,,
Virginia,Roanoke,37.26008,-79.94807,King George Inn,5.0,"""Located in Roanoke", 2.1 km from Science Museum of Western Virginia Hopkins Planetarium and 3.3 km from Civic Center, King George Inn provides accommodation with free WiFi, air conditioning, a shared lounge and a terrace.,,
Virginia,Salem,37.25803,-80.17163,Blue Jay Motel,2.0,"""Located off Interstate 81",  OYO Hotel Salem-Roanoke I-81 offers simply furnished guest rooms with free Wi-Fi and mountain views.  It features vending machines with drinks on-site. Virginia Tech University is 30 miles away.,,,,,
Virginia,Sandston,37.51959,-77.33429,Americas Best Value Inn Richmond Airport Sandston,2.0,"""This Sandston hotel is located within one mile of the Richmond International Airport and the Virginia Aviation Museum. It features an outdoor pool and rooms with a microwave and refrigerator.",,,,,,
Virginia,Spotsylvania,38.09384,-77.78563,Lake Anna Lodge,2.0,"""Adjacent to Sturgeon Creek Marina and 6 miles from Lake Anna State Park", this Spotsylvania motel features guest rooms with cable TVs and free Wi-Fi. Complimentary coffee is provided in the lobby each day.,,,,,
Virginia,Stafford,38.426782,-77.415736,Marriott Execustay Aventine at Courthouse Square,3.0,HotelDescription#Further information about this hotel will be available shortly,NO Connecting rooms NO Wheelchair-accessible NO Small pets allowed (under 5 kg) NO Garage NO Disability-friendly bathroom NO Car park NO Large pets allowed (over 5 kg) NO Smoking rooms,,26 Davenport Drive StaffordVirginia 22554 ,22554,8882200301,http://www.execustay.com/furnished-apartments/staf
Virginia,Stanley,38.50317,-78.4734,High Ridge,5.0,"""Featuring mountain views", High Ridge offers accommodation with a balcony and a kettle, around 26 km from Luray Caverns. This holiday home features a garden, barbecue facilities, free WiFi and free private parking.,,
Virginia,Staunton,38.15033,-79.07851,Ubon Thai Victorian Inn & Restaurant,5.0,"""This bed and breakfast features free Wi-Fi in each room. It is within 1 mile of Mary Baldwin College. The Gypsy Hill Golf Course is within a 7-minute drive.",,,,,,
Virginia,Staunton,38.06538,-78.89056,Belle Hearth Bed and Breakfast,3.0,"""With its gabled roof", wraparound porch (with swing), heart pine floors, pocket doors and seven working fireplaces, the Belle Hearth depicts the fine craftsmanship of the late Victorian/Neo Classical period.,,
Virginia,Staunton,38.12763,-79.03175,Red Roof Inn Staunton,5.0,"""Avid hotels - Staunton", an IHG Hotel offers free WiFi throughout the property and rooms with air conditioning in Staunton. The property is located 39 km from James Madison University, 40 km from Zane Showker Field at Bridgeforth Stadium and 40 km from Bridgeforth Stadium. The property is non-smoking and is set 39 km from University Park.,,,,
Virginia,Staunton,38.15082,-79.06846,Berkeley House Bed & Breakfast,,"""Berkeley House Bed & Breakfast is located in Staunton and provides air-conditioned accommodation with free WiFi", as well as access to a terrace.,,,,,
Virginia,Staunton,38.14919,-79.0716,The Storefront,,"""The Storefront is located in Staunton. Guests staying at this bed and breakfast have access to a fully equipped kitchen.",,,,,,
Virginia,Staunton,38.14517,-79.06737,The Blackburn Inn,5.0,"""Set in Staunton", 43 km from University Park, The Blackburn Inn and Conference Center offers accommodation with a garden, free private parking, a shared lounge and a terrace. Among the facilities of this property are a restaurant, a 24-hour front desk and a concierge service, along with free WiFi throughout the property. Guests can have a drink at the bar.
Virginia,Suffolk,36.44758,-76.605496,The Teacherage,2.0,"""<p>HeadLine : In the historical district</p><p>Location : Located in Sunbury", The Teacherage is in the historical district, within a 15-minute drive of Merchants Millpond State Park and Great Dismal Swamp National Wildlife Refuge.  This bed & breakfast is 19.8 mi (31.8 km) from Lake Drummond and 21.2 mi (34.1 km) from Planters Peanut Center.</p><p>Rooms : Make yourself at home in one of the 5 individually decorated guestrooms. Complimentary wireless Internet access is available to keep you connected. Conveniences include desks and complimentary bottled water, and you can also request irons/ironing boards.</p><p>Dining : Continental breakfasts are available daily from 8 AM to 11 AM for a fee.</p><p>CheckIn Instructions : <ul>  <li>Extra-person charges may apply and vary depending on property policy</li><li>Government-issued photo identification and a credit card, debit card, or cash deposit may be required at check-in for incidental charges</li><li>Special requests are subject to availability upon check-in and may incur additional charges; special requests cannot be guaranteed</li><li>The name on the credit card used at check-in to pay for incidentals must be the primary name on the guestroom reservation</li><li>This property accepts credit cards and debit cards; cash is not accepted</li><li>Safety features at this property include a fire extinguisher and a smoke detector</li>  </ul></p><p>Special Instructions : The front desk is open daily from 2:00 PM - 9:00 PM. To make arrangements for check-in please contact the property at least 72 hours before arrival using the information on the booking confirmation. Guests will be asked to provide the property with a copy of their government-issued photo ID before arrival. ,
Virginia,Tappahannock,38.09442,-76.80565,Washington & Lee Motel,2.0,"""Located near historic sites like the birthplace of George Washington and Robert E Lee", this East End motel offers free Wi-Fi, a pond and rooms with a private entrance.,,,,
Virginia,Tappahannock,37.92289,-76.8591,Southside Motel And Marina,2.0,"""Featuring an outdoor swimming pool", Southside Motel And Marina is located along Hoskins Creek in Tappahannock. Free WiFi access is available.,,,,,
Virginia,Tappahannock,37.9229,-76.85912,Budget Inn,1.0,"""Located in Tappahannock", Budget Inn has a garden. Both private parking and free WiFi are accessible on site.,,,,,
Virginia,Tappahannock,37.90951,-76.86177,Hampton Inn Tappahannock,5.0,"""Hampton Inn Tappahannock is located in Tappahannock. The hotel features a fitness centre and a 24-hour front desk.",,,,,,
Virginia,Troutville,37.38476,-79.904387,Travelodge Roanoke North,2.0,This unpretentious null is set in Daleville. null may contact the reception desk any time during the day.,Motel Laundry service,,2619 Lee Highway South I 81 Exit 150 A TROUTVILLE ,24175,,https://www.motel6.com/en/motels.va.troutville.8605.html
Virginia, voice mail and access to fax services. All spacious guest rooms overlook the central courtyard and come equipped with cable television with HBO. In addition to standard amenities," efficiency rooms include microwaves and refrigerators.""",Hotel MasterCard Visa Bathroom Direct dial telephone TV Cable TV Fridge Mini fridge Microwave Ironing set Safe Lift access Gym Restaurant Conference room Breakfast,Pohick Bay Park: within 6400 metre  Woodlawn Plantation: within 0 metre  Mount Vernon: within 4800 metre  Old Town Alexandria: within 11300 metre  Gaylord National Harbor Hote: within 16100 metre ,"""Richmond Hwy"," 8849 ALEXANDRIA """,22309,,http://www.qualityinn.com/hotel-alexandria-virginia-VA162,,,
Virginia,,36.8553361888854,-75.9770438075066,Sea Gull Inn Oceanfront,3.0,,,,2613 Atlantic Avenue Virginia BeachVA 23451 ,23451,,
Virginia,,36.8351,-76.12793,Residence Inn Virginia Beach Town Center,3.0,"""Located 3.7 km from Mount Trashmore Park", Residence Inn Virginia Beach Town Center offers 3-star accommodation in Virginia Beach and features a fitness centre, a shared lounge and a terrace. With free WiFi, this 3-star hotel offers a 24-hour front desk and an ATM. The property is non-smoking and is set 5.6 km from Topgolf Virginia Beach.,,,
Virginia,,36.90437,-75.99124,Not Too Crabby Home,5.0,"""Located in Virginia Beach", 2.8 km from Viginia Beach, 3.5 km from Cape Henry Lighthouse and 5 km from Neptunes Park, Not too Crabby Home provides accommodation with a patio and free WiFi. The property is 8 km from The Virginia Beach Convention Center and 10 km from Virginia Aquarium & Marine Science Center.,,,
Virginia,,36.82741,-75.97017,Seas the Day Home,5.0,"""Located in Virginia Beach", 100 metres from Croatan Beach, 1.9 km from Virginia Aquarium & Marine Science Center and 3 km from Ocean Breeze Waterpark, Seas the Day Home provides accommodation with a patio and free WiFi. This holiday home is 5 km from The Virginia Beach Convention Center and 6 km from Neptunes Park.,,,
Virginia,,36.91269,-75.99452,First Landing Home,5.0,"""Situated in Virginia Beach", 2.3 km from Cape Henry Lighthouse, 6 km from Neptunes Park and 8 km from Virginia Beach Fishing Pier, First Landing Home features accommodation with a patio and free WiFi. This holiday home is 11 km from Virginia Aquarium & Marine Science Center and 11 km from Owl Creek.,,,
Virginia,,36.90657,-75.99361,A Southern Comfort Cottage,5.0,"""Situated in Virginia Beach", 3.2 km from Cape Henry Lighthouse, 6 km from Neptunes Park and 8 km from Virginia Beach Fishing Pier, A Southern Comfort Cottage features accommodation with a patio and free WiFi. The property is 10 km from Virginia Aquarium & Marine Science Center and 11 km from Owl Creek.,,,
Virginia,,36.88338,-75.98865,Beach Hideaway Condo,5.0,"""Set in Virginia Beach", 700 metres from Viginia Beach, 3.1 km from Neptunes Park and 5 km from Virginia Beach Fishing Pier, Beach Hideaway Condo offers accommodation with a patio and free WiFi. This apartment is 6 km from The Virginia Beach Convention Center and 8 km from Virginia Aquarium & Marine Science Center.,,,
Virginia,,36.85577,-75.97958,A Shore Pleasure At Playa Rana Condo,5.0,"""Located in Virginia Beach", 2.7 km from Viginia Beach, 600 metres from Neptunes Park and 1.9 km from Virginia Beach Fishing Pier, A Shore Pleasure at Playa Rana Condo provides accommodation with a balcony and free WiFi. The property is 5 km from Virginia Aquarium & Marine Science Center and 5 km from Owl Creek.,,,
Virginia,,36.90274,-75.99172,Anchors Away Cottage,5.0,"""Situated in Virginia Beach", 300 metres from Viginia Beach, 3.1 km from Cape Henry Lighthouse and 5.1 km from Neptunes Park, Anchors Away Cottage features accommodation with a patio and free WiFi. This holiday home is 10 km from Virginia Aquarium & Marine Science Center and 10 km from Owl Creek.,,,
Virginia,,36.89183,-75.99067,Ne67 216 A Cottage,5.0,"""NE67 216 A Cottage is situated in Virginia Beach", 4.1 km from Neptunes Park, 4.4 km from Cape Henry Lighthouse, as well as 6 km from Virginia Beach Fishing Pier. The air-conditioned accommodation is 400 metres from Viginia Beach, and guests benefit from complimentary WiFi and private parking available on site.,,
Virginia,Warrenton,38.71118,-77.79649,Chilton House,5.0,"""Situated in Warrenton", 400 metres from Old Jail Museum, Chilton House Suites features accommodation with free WiFi, air conditioning and access to a garden.,,,
Virginia,Washington,38.71356,-78.15954,The Inn At Little Washington,,"""Featuring an on-site restaurant", The Inn at Little Washington is located in Washington, Virginia. Free WiFi access and free bike hire are available.,,,,
Virginia,Washington,38.68836,-78.19,The Blue Rock Inn,4.0,"""Situated in Smedley", 23 km from Pinnacles Viewpoint, Blue Rock features accommodation with a restaurant, free private parking and a bar. The property is located 33 km from Luray Caverns, 36 km from Crosby Stadium and 41 km from Old Jail Museum. Guests can enjoy mountain views.,,
Virginia,Washington,38.71231,-78.16025,White Moose Inn,5.0,"""Showcasing a sun terrace and views of the Blue Ridge Mountains", White Moose Inn is located in Washington, Virginia.,,,,
Virginia,Washington,38.71462,-78.15858,Colonial House in Little Washington VA,5.0,"""Across The INN Entire Colonial House with lovely porch swing and extremely fast Wi-Fi is located 162 metres from The Inn at Little Washington. Warrenton", VA is 36.2 km from the property.,,,,,
Virginia,Washington,38.68845,-78.18531,LeFay Cottage at Little Washington,5.0,"""Boasting a garden", a terrace, and ski-to-door access, LeFay Cottage at Little Washington provides accommodation in Washington, Virginia with free WiFi and mountain views. Featuring free private parking, the country house is in an area where guests can engage in activities such as hiking, skiing and fishing.
Virginia,Waynesboro,38.06538,-78.89056,Belle Hearth Bed and Breakfast,3.0,"""With its gabled roof", wraparound porch (with swing), heart pine floors, pocket doors and seven working fireplaces, the Belle Hearth depicts the fine craftsmanship of the late Victorian/Neo Classical period.,,
Virginia,Williamsburg,37.26528,-76.68038,Bassett Motel,2.0,"""This motel is only 1 mile from historic colonial Williamsburg and a 20-minute drive to the Jamestown Settlement. It features free Wi-Fi", free parking and a 24-hour front desk.,,,,,
Virginia,Williamsburg,37.265,-76.71905,Inn at 802,5.0,"""Situated in Williamsburg", Inn at 802 offers two separate rental homes.  Each home includes a private enclosed patio with a garden view.,,,,,
Virginia,Williamsburg,37.26502,-76.71815,A Williamsburg White House,3.0,"""Located in a century-old estate", this Williamsburg bed and breakfast offers a complimentary full breakfast to guests each morning. WiFi access is provided free of charge.,,,,,
Virginia,Williamsburg,37.29621,-76.7265,Williamsburg Travel Inn,3.0,HotelDescription#Further information about this hotel will be available shortly,NO Smoking rooms NO Large pets allowed (over 5 kg) NO Car park NO Wheelchair-accessible NO Connecting rooms NO Small pets allowed (under 5 kg) NO Disability-friendly bathroom NO Garage,,1800 Richmond Rd. WilliamsburgVirginia 23185 ,23185,,http://www.magnusonhotels.com/Williamsburg-Travel-
Virginia,Williamsburg,37.25601,-76.73006,Colonial Gardens Bed & Breakfast,4.0,"""Colonial Gardens is situated in Williamsburg", 5 km from Fourth of July at Colonial Williamsburg and 7 km from Historic Jamestowne. The property is around 3.2 km from Jamestown Settlement, 4.3 km from Visitor Center Colonial Williamsburg and 4.3 km from Colonial Williamsburg. All rooms are equipped with a patio with garden views.,,,,
Virginia,Williamsburg,37.23243,-76.72044,Wedmore Place,4.0,"""Located 8 km from historic Colonial Williamsburg", this hotel boasts on-site dining and a full-service spa. There is also an outdoor pool. Jamestown Beach is 15 minutes drive away.,,,,,
Virginia,Williamsburg,37.29631,-76.72615,Econo Lodge Central,5.0,Further information about this hotel will be available shortly  ## Location The hotel is located in the heart of the tourist district in Williamsburg on Richmond Road.,NO Connecting rooms Fridge YES Wheelchair-accessible NO Small pets allowed (under 5 kg) NO Large pets allowed (over 5 kg) NO Wheelchair-accessible NO Car park NO Garage Continental breakfast  ,,1800 Richmond Road WilliamsburgVA 23185 ,23185,,
Virginia,Williamsburg,37.2817035,-76.6885612,Quality Inn Lord Paget,2.0,"""The hotel is ideally located less than 1.6 km from Colonial Williamsburg", America's largest outdoor history museum. This hotel is a great place to experience the history of Williamsburg where beautiful homes, renowned gardens and costumed folk are a living museum that highlights America's culture during the second century. The hotel is only minutes from the Anheuser-Busch Williamsburg Brewery, Busch Gardens Europe theme park and the Williamsburg Pottery Factory shopping venue, offering a large collection of pottery, discount shops and outlet stores. Many restaurants nearby.,
Virginia,Williamsburg,37.27446,-76.713146,Williamsburg Hospitality House,3.0,,,,415 Richmond Road WilliamsburgVA 23185 ,23185,,
Virginia,Williamsburg,37.31244,-76.73104,Family Inns of America Williamsburg,3.0,"""This Williamsburg", Virginia motel is located 11 miles form Busch Gardens Amusement Park. It offers free Wi-Fi and has an outdoor pool. Colonial Williamsburg is 4 miles away.,,,,,
Virginia,Williamsburg,37.30686,-76.72865,Anvil Campground,5.0,"""Set in Williamsburg in the Virginia region and Colonial Williamsburg reachable within 5.1 km", Anvil Campground offers accommodation with free WiFi, a childrens playground, a seasonal outdoor swimming pool and free private parking.,,,
Virginia,Williamsburg,37.38834,-76.76985,Williamsburg RV & Camping Resort,5.0,"""Williamsburg Camping Resort One Bedroom Cabin 3 features accommodation situated in Croaker", 16 km from Colonial Williamsburg and 22 km from Busch Gardens & Water Country.,,,,,
Virginia,Williamsburg,37.22674,-76.66706,Stunning 2BR Kingsmill Condo in Williamsburg VA,5.0,"""Located in Williamsburg", 4.3 km from Busch Gardens & Water Country and 7 km from Fourth of July at Colonial Williamsburg, Stunning 2BR Kingsmill Condo in Williamsburg, VA provides accommodation with free WiFi, air conditioning and a seasonal outdoor swimming pool. Featuring free private parking, the apartment is in an area where guests can engage in activities such as hiking, cycling and fishing.
Virginia,Williamsburg,37.38834,-76.76985,Williamsburg Camping Resort 38 Ft. Park Model 1,5.0,"""Set in Croaker", Williamsburg Camping Resort 38 ft. Park Model 5 offers accommodation 16 km from Colonial Williamsburg and 22 km from Busch Gardens & Water Country.,,,,,
Virginia,Winchester,38.937,-78.19872,Relax Inn Motel,2.0,"""Located 30 minutes from Shenandoah Valley and 5 minutes from downtown Front Royal", Virginia, this motel features a picnic area and free WiFi in the guest rooms.,,,,
Virginia,Winchester,39.07088,-78.09367,L Auberge Provencale Bed and Breakfast,4.0,"""Modeled in the style of a French country inn", this Boyce bed and breakfast offers an on-site restaurant and free Wi-Fi access. Views of the Blue Ridge Mountains surround the property.,,,,,
Virginia,Winchester,39.184341,-78.139176,Americas Best Value Inn Winchester North,3.0,"""A stay at APM Inn & Suites places you in the heart of Winchester", within a 5-minute drive of George Washington's Office and Old Court House Civil War Museum.  This hotel is 1.5 mi (2.4 km) from Mt Hebron Cemetery and 1.6 mi (2.6 km) from Handley Regional Library.,,,,,
Virginia,Winchester,38.93557,-78.19536,Twi Lite Motel,5.0,"""Located in Front Royal", within 1.3 km of Crosby Stadium and 22 km of Cedar Creek and Belle Grove National Historical Park, Twi-Lite Inn provides accommodation with a seasonal outdoor swimming pool and free WiFi throughout the property as well as free private parking for guests who drive. The property is allergy-free and is situated 32 km from Alamo Drafthouse Cinema - Winchester.,,,,
Virginia,Winchester,38.9348,-78.19953,Blue Ridge Motel,2.0,"""Blue Ridge Motel features free WiFi and rooms with air conditioning in Front Royal. This property is located a short distance from attractions such as Crosby Stadium. All rooms are equipped with a flat-screen TV with cable channels.",,,,,,
Virginia,Winchester,38.93528,-78.19933,Front Royal Motel,2.0,"""Set 1.6 km from Crosby Stadium", Front Royal Motel in Front Royal provides rooms with air conditioning and free WiFi. The accommodation offers a 24-hour front desk.,,,,,
Virginia,Winchester,38.94518,-78.19418,Lackawanna Bed & Breakfast,2.0,"""Featuring free Wi-Fi", this Front Royal bed and breakfast offers rooms with a flat-screen TV and en suite bathroom. The entrance to the scenic and historic Skyline Drive is just 5 km away.,,,,,
Virginia,Winchester,39.21493,-78.13851,Microtel Inn & Suites by Wyndham Winchester,5.0,"""Situated within 5.6 km of Glen Burnie Historic House and Gardens and 14 km of Alamo Drafthouse Cinema - Winchester", Microtel Inn & Suites by Wyndham Winchester provides rooms with air conditioning and a private bathroom in Winchester. The property is located 29 km from Cedar Creek and Belle Grove National Historical Park, 37 km from Locust Hill Golf Course and 44 km from Crosby Stadium. The hotel features an indoor pool and a 24-hour front desk.,,,,
Virginia,Winchester,39.06236,-78.26234,Inn and Cabins at Vaucluse Spring,5.0,"""Set in Stephens City", Inn and Cabins at Vaucluse Spring offers accommodation with free WiFi, air conditioning and access to a garden with a terrace.,,,,
Virginia,Woodbridge,38.662979,-77.2481,Econo Lodge Woodbridge,2.0,Further information about this hotel will be available shortly,Suites Cafe Garage Market Air Conditioned Golf Course Fishing Safety Deposit Box Internet access Wireless Internet Access Car Parking Elevator / Lift Private garage,,13317 Gordon Blvd. 22191 Woodbridge WoodbridgeVA 22191 ,22191,8774246423,
Virginia,Woodbridge,38.6652157747077,-77.2447670996189,Inns of Virginia - Woodbridge,3.0,,,,951 Annapolis Way WoodbridgeVA 22191 ,22191,,
Virginia,Woodbridge,38.64888,-77.2886,Home2 Suites By Hilton Woodbridge Potomac Mills,3.0,"""Feel right at home at the newly built Home2 Suites by Hilton Woodbridge Potomac Mills hotel. Located just minutes from Fort Belvoir and Quantico", we make it easy to relax and stay awhile so you can focus on your work. Unwind at the end of the day with a large variety of restaurants and shops at Potomac Mills Outlet Mall.,,,,,
Virginia,Yorktown,37.18689,-76.48675,Crown Inn Motel Yorktown,2.0,"""Featuring free Wi-Fi and laundry facilities", this Yorktown motel offers rooms with a cable TV and air conditioning. The Yorktown Victory Center in historic Yorktown is just 6 minutes drive away.,,,,,
Virginia,Yorktown,37.23428,-76.50982,Marl Inn Bed and Breakfast,3.0,"""Located 5 km from Virginia Institute of Marine Science", Marl Inn Bed and Breakfast provides accommodation with free WiFi and free private parking.,,,,,
Virginia,Yorktown,37.19122,-76.39887,Bay Tree Manor,5.0,"""Featuring an outdoor pool and a hot tub", Bay Tree Manor provides accommodation located in Seaford, 11 km from Yorktown. Both WiFi and private parking are available at the bed and breakfast free of charge.,,,,
Virginia,Yorktown,37.23718,-76.50735,Duke of York Hotel,2.0,"""Set in Yorktown", less than 1 km from Gloucester Point Beach, Duke of York Hotel offers accommodation with free WiFi and free private parking. This 2-star hotel offers a 24-hour front desk and a concierge service. The property is allergy-free and is situated 5 km from Virginia Institute of Marine Science.,,,,
