State,City,Latitude,Longitude,HotelName,StarRating,Description,HotelFacilities,Attractions,Address,ZipCode,PhoneNumber,HotelWebsiteUrl
Washington,Aberdeen,47.01132,-124.16738,The Sands Resort,2.0,"""A heated indoor pool is featured at this Ocean Shores area resort. Rooms include a cable TV. Ocean Shores convention Center is less than 10 minutes walk away.",,,,,,
Washington,Aberdeen,46.89556,-124.105,Breakers Boutique Inn,5.0,"""Breakers Boutique Inn is located in Westport.",,,,,,
Washington,Aberdeen,46.88467,-124.11109,Pacific Motel & Rv Inc,5.0,"""Located in Westport", Pacific Motel and RV features a garden. The accommodation provides an outdoor swimming pool, a 24-hour front desk, where staff can assist guests, as well as free WiFi throughout the property.,,
Washington,Aberdeen,46.8881,-124.10286,Glenacres Inn,5.0,"""Glenacres Historic Inn is located in the center of Westport in-between the marina", harbour and ocean beaches. The inn boasts a sun terrace, harbor views and offers free on-site private parking.,,,,
Washington,Aberdeen,46.88652,-124.10634,Ocean Avenue Inn,2.0,"""Located in 5 minutes walk away from Grays Harbor Lighthouse", this Westport motel offers room with free WiFi. Free guest parking is available.,,,,,
Washington,Aberdeen,46.87818,-124.10461,McBee's Silver Sands Motel,5.0,"""Set in Westport", 1.9 km from Westport Beach, Silver Sands Motel offers express check-in and check-out and free WiFi throughout the property. The motel has family rooms.,,,,
Washington,Aberdeen,46.8865,-124.10717,Mariners Cove Inn,5.0,"""Featuring free WiFi", Mariners Cove Inn offers pet-friendly accommodation in Westport, 80.5 km from Ocean Shores. Free private parking is available on site.,,,,
Washington,Aberdeen,46.969755,-124.153946,Ocean Shores Gibsons Bed and Breakfast,3.0,HotelDescription#Further information about this hotel will be available shortly,NO Disability-friendly bathroom NO Wheelchair-accessible NO Garage NO Car park NO Large pets allowed (over 5 kg) NO Connecting rooms NO Small pets allowed (under 5 kg) NO Smoking rooms,,125 Taholah Street SE Ocean ShoresWashington 98569 ,98569,3602897960,http://www.thegibsonsbnb.com/Ocean_Shores_Gibsons_
Washington,Aberdeen,47.00307,-124.16705,Canterbury Inn,5.0,"""Located in Ocean Shores", 1.5 km from Ocean Shores Beach, Canterbury Inn provides accommodation with a fitness centre, free private parking and a shared lounge. The property is situated 4.9 km from Ocean City State Park, 700 metres from Chance A La Mer State Park and 16 km from Griffiths-Priday Ocean State Park. The resort features a hot tub, a 24-hour front desk and free WiFi.,
Washington,Aberdeen,47.0156,-124.16727,Judith Ann Inn,2.0,"""Located near the Pacific Ocean", this Ocean Shores, Washington inn is minutes away from the beach. A fireplace and spa bath are featured in each room.,,,,
Washington,Aberdeen,47.00977,-123.38708,Stay Beyond Inn And Suites,2.0,"""Featuring free Wi-Fi in every room", this Elma, Washington hotel is less than a mile away from Grays Harbor Fairgrounds & Events Center, Summit Pacific Medical Center and Grays Harbor Raceway.,,,
Washington,Aberdeen,46.95419,-123.80716,Grays Harbor Inn & Suites,2.0,"""This motel is located 3.7 km away from Aberdeen Museum of History. It features rooms with free Wi-Fi and free guest parking. A coin-operated laundry is available on site.",,,,,,
Washington,Aberdeen,47.00601,-124.16578,Oasis Motel,3.0,"""Located 1 block away from Ocean Shores Beach", this inn provides free Wi-Fi.,,,,,
Washington,Aberdeen,47.00502,-124.16645,Ocean Shores Motel,3.0,"""OCEAN SHORES RESORT - Brand New Rooms offers free WiFi in each guest room at this pet-free", child-free property.,,,,,
Washington,Aberdeen,46.90926,-124.11575,The Westport Inn & Cabins,3.0,"""Situated in Westport", within 1.1 km of Westhaven State Park Beach and 1.8 km of Westport Beach, Westport Inn Cabins features accommodation with barbecue facilities and free WiFi throughout the property as well as free private parking for guests who drive. This 3-star hotel offers room service. The hotel has family rooms.,,,,
Washington,Aberdeen,46.87624,-124.12086,Mandala Sands,5.0,"""This beachfront property", located in Westport, is a self-catering accommodation with panoramic beach and ocean views. A nautical décor theme, a fully equipped kitchen, and free Wi-Fi access are offered here at Mandala Sands.,,
Washington,Aberdeen,47.01033,-124.16405,Shorebirds Villas,3.0,"""Offering a garden", Shorebirds Villas is located in Ocean Shores. Ocean City State Park is 2.5 km from the property. Free WiFi is offered throughout the property.,,,,,
Washington,Aberdeen,46.91188,-124.11644,Westport Marina Cottages,5.0,"""Offering a barbecue and views of the water", Westport Marina Cottages is set in Westport. Free WiFi is featured throughout the property and free private parking is available on site.,,,,,
Washington,Aberdeen,46.87363,-124.10393,Loge Westport,5.0,"""Situated 10 minutes from the beach in Westport", LOGE Westport features various forms of accommodation, including a hostel, RV sites, campsites, and pet-friendly motel rooms. Free WiFi is included throughout the property.,
Washington,Aberdeen,47.01651,-124.16757,Ocean Surf,5.0,"""Situated in Ocean Shores", within 350 metres of Ocean Shores and 3.5 km of Ocean City State Park, Ocean Surf Condos features accommodation with a terrace and free WiFi as well as free private parking for guests who drive. The property is around 1.2 km from Chance A La Mer State Park, 1.3 km from Pacific Paradise Family Fun Center and 14 km from Griffiths-Priday Ocean State Park. Guests can enjoy sea views.,,,
Washington,Aberdeen,47.01139,-124.16565,Maris Stella Inn,5.0,"""Maris Stella Inn features accommodation in Ocean Shores. The property is around 2.4 km from Ocean City State Park and a 4-minute walk from Pacific Paradise Family Fun Center. Chance A La Mer State Park is 500 metres away.",,,,,,
Washington,Aberdeen,47.01091,-124.16408,Sea Breeze Cottages,5.0,"""Featuring free WiFi", Sea Breeze Cottages is set in Ocean Shores, 2.4 km from Ocean City State Park. Pacific Paradise Family Fun Center is 200 metres away. Free private parking is available on site.,,,,
Washington,Aberdeen,47.01563,-124.1656,Westerly Motel,1.0,"""Located 5 minutes walk away from Ocean Shores Beach Front", this motel offers rooms equipped with free Wi-Fi and a seating area. It offers free on-site parking.,,,,,
Washington,Aberdeen,47.01847,-124.16658,Chris By The Sea Motel,1.0,"""Set in Ocean Shores", 500 metres from Ocean Shores Beach, Chris by the Sea Motel offers accommodation with free WiFi and free private parking. The property is non-smoking and is situated 3.3 km from Ocean City State Park.,,,,
Washington,Aberdeen,46.95167,-124.133,The Siren of Discovery Inn & Suites,5.0,"""Set in Ocean Shores", The Siren of Discovery Inn & Suites features a fitness centre, BBQ facilities, garden, and free WiFi. The property is around 12 km from Ocean City State Park and 8 km from Pacific Paradise Family Fun Center. The property provides a shared lounge.,,
Washington,Aberdeen,46.95033,-124.15149,Wine Not Beach House,5.0,"""Offering sea views", Wine Time is an accommodation situated in Ocean Shores, 1.8 km from Ocean Shores and 11 km from Ocean City State Park. This beachfront property offers access to a patio, free private parking and free WiFi.,,,
Washington,Aberdeen,46.95025,-124.15213,Resting Place Beach House,5.0,"""Offering sea views", Happy as a Clam is an accommodation located in Ocean Shores, 1.7 km from Ocean Shores and 11 km from Ocean City State Park. This beachfront property offers access to a patio, free private parking and free WiFi.,,,
Washington,Aberdeen,46.95113,-124.14971,Perfecto Beach Cottage,5.0,"""Featuring accommodation with a patio", Ocean Adventure is set in Oyhut. This holiday home has a garden, barbecue facilities, free WiFi and free private parking.,,,
Washington,Aberdeen,47.08645,-124.17313,Sunny Boy Condo,3.0,"""Situated in Copalis Beach", 14 km from Ocean Shores, Sunny Boy Condo features a shared lounge and free WiFi.,,,,
Washington,Aberdeen,47.08642,-124.17317,Beach Comber's Hideaway,5.0,"""Beach Combers Hideaway features sea views", free WiFi and free private parking, set in Copalis Beach, 300 metres from Ocean Shores Beach.,,,
Washington,Aberdeen,47.08645,-124.17313,Shell Game Condo,5.0,"""Featuring sea views", Shell Game Condo provides accommodation with a balcony and a coffee machine, around 350 metres from Ocean Shores. This apartment features a garden, barbecue facilities, free WiFi and free private parking.,,
Washington,Aberdeen,46.95033,-124.15149,Seas The Day Beach House,5.0,"""Just Beachy is situated in Ocean Shores", 1.8 km from Ocean Shores and 11 km from Ocean City State Park, in an area where hiking can be enjoyed. This holiday home has a garden, barbecue facilities, free WiFi and free private parking.,,
Washington,Aberdeen,46.95049,-124.15376,Outlook Condos at Oyhut Bay,5.0,"""Located in Ocean Shores", 2.8 km from Oyhut State Wildlife Area, 11 km from Ocean City State Park and 7.6 km from Chance A La Mer State Park, NEW: Dune Buggy Condo at Oyhut Bay provides accommodation with a patio and free WiFi.,,,
Washington,Aberdeen,46.88479,-124.11372,Allee Beach House,5.0,"""Allee Beach House offers accommodation in Westport", 1.2 km from Westport Beach. This property offers access to a patio, free private parking and free WiFi.,,,,
Washington,Aberdeen,46.95102,-124.14981,Simply Comfy Cottage,5.0,"""Featuring accommodation with a patio", Starfish Cottage is set in Oyhut. This holiday home has a garden, barbecue facilities, free WiFi and free private parking.,,,
Washington,Aberdeen,46.95092,-124.15124,Twofer Cottage,5.0,"""Boasting accommodation with a patio", Cool Breeze Cottage is set in Oyhut. This holiday home features a garden, barbecue facilities, free WiFi and free private parking.,,,
Washington,Aberdeen,46.95087,-124.15147,Comforter Cottage,5.0,"""Boasting accommodation with a patio", Sandpiper Cottage is situated in Oyhut. This holiday home features a garden, barbecue facilities, free WiFi and free private parking.,,,
Washington,Aberdeen,46.95089,-124.1516,Room After Room Cottage,5.0,"""Boasting accommodation with a patio", Windswept Cottage is situated in Oyhut. This holiday home features a garden, barbecue facilities, free WiFi and free private parking.,,,
Washington,Aberdeen,47.00934,-124.16667,Sandy Days Condo,5.0,"""Waters Edge Condo", a property with barbecue facilities, is situated in Ocean Shores, 4.3 km from Ocean City State Park, 400 metres from Chance A La Mer State Park, as well as 15 km from Griffiths-Priday Ocean State Park. The accommodation is 1.1 km from Ocean Shores Beach, and guests benefit from complimentary WiFi and private parking available on site.
Washington,Aberdeen,47.00934,-124.16667,Shine On Condo,5.0,"""Waters Edge Condo", a property with barbecue facilities, is situated in Ocean Shores, 4.3 km from Ocean City State Park, 400 metres from Chance A La Mer State Park, as well as 15 km from Griffiths-Priday Ocean State Park. The accommodation is 1.1 km from Ocean Shores Beach, and guests benefit from complimentary WiFi and private parking available on site.
Washington,Aberdeen,47.00935,-124.16668,Blue Skys Condo,5.0,"""Blue Skys Condo", a property with barbecue facilities, is set in Ocean Shores, 1.1 km from Ocean Shores Beach, 4.3 km from Ocean City State Park, as well as 400 metres from Chance A La Mer State Park. This beachfront property offers access to free WiFi and free private parking.,
Washington,Aberdeen,46.87546,-124.10613,Crews Quarters,5.0,"""Situated in Westport in the Washington State region", Crews Quarters features a patio. Located 1.7 km from Westport Beach, the property provides a bar and free private parking.,,,,
Washington,Aberdeen,47.01294,-124.16734,Shipwreck House,5.0,"""Boasting a hot tub", Shipwreck House is set in Ocean Shores. This beachfront property offers access to free WiFi and free private parking.,,,,,
Washington,Aberdeen,47.01651,-124.16757,On Beyond Condo,5.0,"""Set 500 metres from Ocean Shores Beach", 3.5 km from Ocean City State Park and 1.2 km from Chance A La Mer State Park, On Beyond Condo offers accommodation situated in Ocean Shores. This property offers access to a patio, free private parking and free WiFi.,,,
Washington,Aberdeen,47.06058,-124.16899,Stargazer Landing,5.0,"""Stargazer Landing is set in Ocean City. The accommodation is 13 km from Ocean Shores", and guests benefit from complimentary WiFi and private parking available on site.,,,,,
Washington,Aberdeen,46.951,-124.1499,003 Sea Turtle Cottage,5.0,"""Sea Turtle Cottage - Oyhut Bay Seaside Village is located in Ocean Shores", 11 km from Ocean City State Park, 7.5 km from Chance A La Mer State Park, as well as 22 km from Griffiths-Priday Ocean State Park. This property offers access to a patio, free private parking and free WiFi.,,
Washington,Aberdeen,46.9506,-124.1531,024 Beach Please,5.0,"""Located 11 km from Ocean City State Park", 7.8 km from Chance A La Mer State Park and 22 km from Griffiths-Priday Ocean State Park, Beach, Please! - Oyhut Bay Seaside Village provides accommodation set in Ocean Shores. It is situated 2.9 km from Oyhut State Wildlife Area and features free WiFi and free private parking.,,,
Washington,Aberdeen,47.01139,-124.16565,Top Town Condo at Maris Stella,5.0,"""Offering sea views", Top Town Condo at Maris Stella is an accommodation set in Ocean Shores, 700 metres from Chance A La Mer State Park and 15 km from Griffiths-Priday Ocean State Park. With free private parking, the property is 1.6 km from Ocean Shores Beach and 3.9 km from Ocean City State Park.,,,
Washington,Aberdeen,47.00049,-124.16675,Tide Pool Cabin,5.0,"""Tide Pool Cabin", a Soquinomere Private Hotel on the Dunes, Downtown Ocean Shores is set in Ocean Shores, 5.2 km from Ocean City State Park, less than 1 km from Chance A La Mer State Park, and 16 km from Griffiths-Priday Ocean State Park. This beachfront property offers access to a balcony, free private parking and free WiFi.
Washington,Aberdeen,47.01651,-124.16757,Dances With Waves Condo,5.0,"""Offering garden views", Dances With Waves Condo is an accommodation set in Ocean Shores, 500 metres from Ocean Shores Beach and 3.5 km from Ocean City State Park. This beachfront property offers access to free WiFi and free private parking.,,,,
Washington,Aberdeen,46.8751,-124.12117,Jaeger,5.0,"""Featuring a hot tub", Jaeger is set in Westport. This beachfront property offers access to a balcony and free WiFi.,,,,,
Washington,Aberdeen,46.95017,-124.14098,Sandy Toes Cottage,5.0,"""Offering barbecue facilities and sea view", Sandy Toes Cottage is set in Ocean Shores, 11 km from Ocean City State Park and 7.5 km from Chance A La Mer State Park. This property offers access to a patio, free private parking and free WiFi.,,,
Washington,Aberdeen,46.88752,-124.11242,Crabbin Cabin You Won't Be Crabby After Staying Here,5.0,"""Crabbin Cabin - You Wont Be Crabby After Staying Here! is situated in Westport. The accommodation is 1.4 km from Westport Beach", and guests benefit from complimentary WiFi and private parking available on site.,,,,,
Washington,Aberdeen,46.84588,-124.1084,Spyglass Dunes,5.0,"""Spyglass Dunes", featuring barbecue facilities, is set in Pacific Beach, 70 metres from Grayland Beach and 1.6 km from Westport Beach. This property offers access to a patio, free private parking and free WiFi.,,
Washington, the holiday home has a kitchen with a fridge, an oven and a dishwasher, a living room, a dining area, 2 bedrooms," and 2 bathrooms with a shower. Towels and bed linen are offered in the holiday home. Guests are required to show a photo identification and credit card upon check-in. Please note that all Special Requests are subject to availability and additional charges may apply.""",Parking Picnic area Pets allowed Non-smoking rooms Fishing Laundry Family rooms Free parking internet services BBQ facilities Heating wifi Free WiFi Non-smoking throughout parking on site Private parking wifi available in all areas Outdoor furniture invoice provided,,4405 Washington 105  ,98547,,https://www.booking.com/hotel/us/spyglass-dunes.html
Washington,Aberdeen,46.97677,-123.86127,Leah's In Hoquiam,5.0,"""Located in Hoquiam", 30 km from Ocean City State Park and 33 km from Chance A La Mer State Park, Leahs Homestay in Hoquiam provides accommodation with free WiFi, air conditioning, a garden and a shared lounge.,,
Washington,Aberdeen,47.06232,-124.1687,Red Sky Cottage,5.0,"""Featuring a hot tub", Red Sky Cottage is located in Ocean Shores. The accommodation is 300 metres from Ocean Shores Beach, and guests benefit from private parking available on site and free WiFi.,,,,
Washington,Aberdeen,47.01888,-124.16479,Ten Pines Cottage,5.0,"""Situated 1.5 km from Chance A La Mer State Park and 14 km from Griffiths-Priday Ocean State Park", Ten Pines Cottage features accommodation located in Ocean Shores. With free private parking, the property is 700 metres from Ocean Shores Beach and 3.5 km from Ocean City State Park.,,,,
Washington,Aberdeen,46.86207,-124.06105,Bay City Bungalow,5.0,"""Set in Westport", 1.5 km from Laidlaw Island and 1.8 km from Laidlow, Bay City Bungalow offers air conditioning. Located 600 metres from Bay City, the property provides barbecue facilities and free private parking.,,,
Washington,Anacortes,48.49546,-122.61316,The Marina Inn,2.0,"""Located 10 minutes drive away from Anacortes ferry terminals offering whale watching tours and day trips to the San Juan Islands", this Washington motel features guest rooms equipped with a flat-screen cable TV. Free guest parking is offered on-site.,,,,,
Washington,Anacortes,48.4945,-122.61205,Islands Inn,3.0,"""Featuring a seasonal outdoor swimming pool", this Anacortes, Washington inn offers views of Mount Baker and unique European finishes; it is located on Fidalgo Island. The Island Adventures Whale Watching dock is less than one mile away. Anacortes Ferry is 10 minutes drive away.,,,,
Washington,Anacortes,48.50599,-122.61153,Sunrise Inn,3.0,"""A work desk and a sofa with a seating area are included in all of the European-styled accommodations at Sunrise Inn. Select accommodations offer fully equipped kitchens and relaxing spa baths. Views of Mount Baker are also featured from select villas.",,,,,,
Washington,Anacortes,48.46312,-122.58224,Fidalgo Country Inn,3.0,"""Situated in Anacortes", home of famous tulip fields, this hotel offers an outdoor pool and hot tub. Free WiFi is included in all rooms. Deception Pass is 5 miles away.,,,,
Washington,Anacortes,48.51728,-122.6143,San Juan Motel,2.0,"""Located 3 miles away from the ferry terminal to San Juan Island", this Anacortes motel offers simply furnished rooms equipped with kitchenettes.  It features a 24-hour reception and free guest parking.,,,,,
Washington,Anacortes,48.50024,-122.67559,Anacortes Ship Harbor Inn,3.0,"""Offering water views from all rooms", this Anacortes, Washington inn is less than 15 minutes walk to the Ferry Terminal. Washington Park is less than a 5 minutes drive away. Free WiFi is provided in every room.,,,,
Washington,Anacortes,48.44208,-122.6772,Seascape Panorama House,5.0,"""Seascape Panorama House is located in Anacortes", 38 km from Bellingham. Port Townsend is 37 km from the property.,,,,,
Washington,Anacortes,48.42734,-122.58808,Driftwood Retreat,5.0,"""Driftwood Retreat offers accommodation in Anacortes. Bellingham is 37 km away.",,,,,,
Washington,Anacortes,48.42632,-122.58892,Fidalgo Island Waterfront Stunner,5.0,"""Fidalgo Island Waterfront Stunner offers accommodation in Anacortes. Bellingham is 37 km away.",,,,,,
Washington,Arlington,48.18699,-122.19959,Arlington Motor Inn,2.0,"""This Arlington Motor Inn is right off exit 208 from Interstate 5 and less than 10 minutes drive from the Arlington Municipal Airport.",,,,,,
Washington,Arlington,48.13678,-122.05049,Arlingtons River Rock Inn Bed & Breakfast,,"""Situated in the quaint historic village of Arlington", this bed and breakfast serves a full daily breakfast and has rooms that feature a large soaking tub for 2.  Seattle Premium Outlets are 30 minutes drive away.,,,,,
Washington,Ashford,46.75754,-122.04925,Mountain Meadows Inn,4.0,"""Offering a sun terrace and views of the garden", Mountain Meadows Inn is located in Ashford. Free WiFi is offered throughout the property and free private parking is available on site.,,,,,
Washington,Ashford,46.75591,-121.96201,Copper Creek Inn,2.0,"""Situated near Mount Rainier National Park in Ashford", Copper Creek Inn features free WiFi access and free private parking. Guests can enjoy the on-site restaurant.,,,,,
Washington,Ashford,46.75123,-121.93741,Alexander's Country Inn,3.0,"""This Historic Ashford Lodge features a restaurant", fireplace and free Wi-Fi. The entrance to Mt. Rainer National Park is 10 minutes walk away.,,,,,
Washington,Ashford,46.7573,-122.01544,Nisqually Lodge,,"""This Ashford hotel", located 5 miles from Mt. Rainner National Park, features guest rooms with free Wi-Fi. Alder Lake Park is 14 miles away.,,,,
Washington,Ashford,46.75723,-121.9931,Cedar Springs,5.0,"""Boasting garden views", Cedar Springs offers accommodation with a patio and a coffee machine, around 36 km from Mt Rainier. There is an in-house restaurant, plus free private parking and free WiFi are available.,,,
Washington,Ashford,46.75116,-121.93597,Chalet at Mt. Rainier,5.0,"""Located in Ashford in the Washington State region", Chalet at Mt. Rainier features a patio and garden views. This property offers access to a terrace, free private parking and free WiFi.,,,,
Washington,Auburn,47.29695,-122.21673,The Auburn Motel,5.0,"""Situated in Auburn", 2.6 km from Muckleshoot Casino, Auburn Motel features accommodation with free WiFi and free private parking.,,,,
Washington,Belfair,47.44546,-122.8303,Belfair Motel,2.0,"""Located 4 km from Belfair State Park", this motel offers free Wi-Fi. A microwave and compact refrigerator are included in each guest room.,,,,,
Washington,Bellevue,47.61476,-122.20726,La Residence Suite Hotel,3.0,"""This hotel in Bellevue", Washington is 8.4-miles from the University of Washington. A gym is on site and guest suites feature fully equipped kitchens and free internet access.,,,,,
Washington,Bellevue,47.62099,-122.19776,Silver Cloud Inn Bellevue Downtown,3.0,"""Bellevue Square and Lincoln Shopping Centers are 12 minutes walk from this downtown Bellevue", Washington hotel," which offers free local shuttles and a fitness centre. A 55"""" flat-screen cable TV is featured in every room.",,,,
Washington,Bellevue,47.58007,-122.14376,Eastgate Hotel - BW Signature Collection,3.0,"""Welcome to the Eastgate Hotel", BW Signature Collection located in scenic Bellevue, Washington in the heart of the I-90 high-tech corridor just four miles from Microsofts main campus. Downtown Seattle is 12 miles away just across Lake Washington via floating bridge.,,,,
Washington,Bellevue,47.63379,-122.15994,A Cascade View Bed And Breakfast,5.0,"""Featuring free WiFi", A Cascade View Bed And Breakfast offers accommodation in Bellevue. Free private parking is available on site.,,,,,
Washington,Bellingham,48.72068,-122.50472,Fairhaven Village Inn,3.0,"""Located in the historic Fairhaven District", this old-world style hotel is 8 minutes walk from the Alaska State Ferry.  We offer free Wi-Fi in all rooms, private parking, We serve a daily morning coffee bar featuring locally-made baked goods and fresh fruits.  Gluten-free options are available.,,,
Washington,Bellingham,48.73692,-122.46926,Coachman Inn,2.0,"""Located 5 miles from Bellingham International Airport", this downtown Bellingham, Washington hotel features an outdoor pool and sauna. Coachman Inn offers guest rooms with expanded cable TV with HBO.,,,,
Washington,Bellingham,48.75421,-122.49676,Hotel Bellwether,4.0,"""Located at Bellingham Marina", this waterfront property offers views of Bellingham Bay. A spa and wellness centre and 2 restaurants are located on site. Free Wi-Fi is available in all guest rooms.,,,,,
Washington,Bellingham,48.78161,-122.4856,Econo Lodge Inn and Suites Bellingham,2.0,"""This hotel is 3 miles from Bellingham International Airport and across the street from Bellingham Country Club. The hotel serves a daily hot breakfast buffet and has rooms with free Wi-Fi.",,,,,,
Washington,Bellingham,48.91016,-122.75102,Driftwood Lodge,2.0,"""Set in Birch Bay", Driftwood Lodge has a seasonal outdoor swimming pool, BBQ facilities and free WiFi. Among the various facilities of this property are a garden and a terrace. The accommodation provides a 24-hour front desk.,,,,
Washington,Bellingham,48.98853,-122.75007,Anchor Inn Motel by Loyalty,1.0,"""Boasting air-conditioned rooms", the Anchor Inn Motel by Loyalty is located in Blaine, Washington. Free WiFi and free parking are available on site.,,,,
Washington,Bellingham,48.87454,-122.36524,Sundara West Bed and Breakfast,3.0,"""Located in Everson", Sundara West B&B features accommodation with free WiFi, mountain views, and access to a spa centre and a hot tub. The accommodation features a hot tub.,,,
Washington,Bellingham,48.79018,-122.52203,Shamrock Motel,5.0,"""Shamrock Motel is located in Bellingham", within 10 km of Western Washington University and 11 km of Fairhaven Amtrak Station. The property is set 12 km from Whatcom Falls Park, 41 km from Morgan Creek and 47 km from Northview Golf and Country Club.,,,,
Washington,Bellingham,48.94305,-122.45321,Inn At Lynden,5.0,"""Inn at Lynden is situated in Lynden", 13 miles from Bellingham and 4 miles from the Canadian border crossing. Guests can enjoy the on-site restaurant.,,,,,
Washington,Bellingham,48.94586,-122.40649,Oostema Farmstead Inn,5.0,"""The Tiny Farmhouse at Oostema Farmstead is situated in Lynden. The air-conditioned accommodation is 28 km from Bellingham", and guests benefit from complimentary WiFi and private parking available on site.,,,,,
Washington,Bellingham,48.74626,-122.39616,Moon Dance Bed & Breakfast,5.0,"""Located in Bellingham", Moon Dance Bed & Breakfast provides free WiFi, and guests can enjoy a shared lounge, a garden and a private beach area.,,,
Washington,Bellingham,48.73136,-122.49945,The Guest House,5.0,"""Situated in Bellingham", within 1.7 km of Western Washington University and 7 km of Whatcom Falls Park, The Guest House features accommodation with a garden and free WiFi as well as free private parking for guests who drive. Each room has a patio with views of the garden.,,,,
Washington,Bellingham,48.92189,-122.74424,Grand Bay Birch Bay,5.0,"""Offering free bikes and free WiFi", Beautiful Luxury Oceanfront Grand Bay Condo top floor with 2 OCEANVIEW decks provides accommodation in Blaine.,,,,,
Washington,Blaine,48.91016,-122.75102,Driftwood Lodge,2.0,"""Set in Birch Bay", Driftwood Lodge has a seasonal outdoor swimming pool, BBQ facilities and free WiFi. Among the various facilities of this property are a garden and a terrace. The accommodation provides a 24-hour front desk.,,,,
Washington,Blaine,48.98853,-122.75007,Anchor Inn Motel by Loyalty,1.0,"""Boasting air-conditioned rooms", the Anchor Inn Motel by Loyalty is located in Blaine, Washington. Free WiFi and free parking are available on site.,,,,
Washington,Blaine,48.92189,-122.74424,Grand Bay Birch Bay,5.0,"""Offering free bikes and free WiFi", Beautiful Luxury Oceanfront Grand Bay Condo top floor with 2 OCEANVIEW decks provides accommodation in Blaine.,,,,,
Washington,Bothell,47.7626,-122.20819,McMenamins Anderson School,3.0,"""Featuring a part indoor/outdoor pool and a historic movie theatre", McMenamins Anderson School offers pet-friendly accommodation in Bothell. Guests can enjoy 3 restaurants, including 2 with patios and fire pits.,,,,
Washington,Bremerton,47.56851,-122.67245,Flagship Inn,5.0,"""Flagship Inn is located in Bremerton. Every room comes with a balcony with sea views and free WiFi.",,,,,,
Washington,Burien,47.45108,-122.37409,Three Tree Point Bed & Breakfast,2.0,"""Located in Burien", Three Tree Point Bed and Breakfast features accommodation with seating area.,,,,,
Washington,Burien,47.45536,-122.36835,Olympic View Cottage,5.0,"""Featuring views of the Olympic Mountains and the Puget Sound", Olympic View Cottage is a detached holiday home located in Burien, Washington State. Guests can enjoy privacy on the deck with a hot tub.,,,,
Washington,Burien,47.46675,-122.36821,Sea To Sky,5.0,"""Featuring mountain views", Sea to Sky provides accommodation with a balcony and a coffee machine, around 2.4 km from Seahurst Beach Park. It features a garden, a terrace, sea views and free WiFi throughout the property.,,
Washington,Burien,47.45414,-122.3683,Island View Spectacular view of Puget Sound and the Olympic Mountains,5.0,"""Featuring accommodation with a patio", Island View-Spectacular view of Puget Sound and the Olympic Mountains is a holiday home located in Gregory Heights.,,,,,
Washington,Burlington,48.47128,-122.33957,Cocusa Motel,2.0,"""Located off Interstate 5 in the Skagit Valley", this Burlington motel features a beautiful private landscaped courtyard. It offers guest rooms equipped with free Wi-Fi and serves a daily continental breakfast.  Skagit Regional Airport is 10 minutes drive away.,,,,,
Washington,Burlington,48.46882,-122.3352,Sterling Motor Inn,2.0,"""Located seconds off of Interstate 5", this hotel is a 2-minute drive from the Childrens Museum of Skagit. It features a free Wi-Fi access.,,,,,
Washington,Burlington,48.45418,-122.33438,La Quinta Inn & Suites by Wyndham Burlington,3.0,"""Featuring 3-star accommodation", La Quinta Inn & Suites by Wyndham Burlington is set in Burlington, 39 km from Fairhaven Amtrak Station and 43 km from Whatcom Falls Park. With a fitness centre, the 3-star hotel has air-conditioned rooms with free WiFi, each with a private bathroom. The property is non-smoking and is located 40 km from Western Washington University.,,
Washington,Carson,45.72975,-121.82063,Carson Ridge Luxury Cabins,5.0,"""Panther Creek Falls and over 400 waterfalls are within 20 km of this cottage. Located 1.5 miles from the Columbia River", these private cottages offer guests beautiful gardens and relaxing patios.,,,,,
Washington,Cathlamet,46.20258,-123.38433,Hotel Cathlamet,4.0,"""Hotel Cathlamet offers accommodation in Cathlamet near the Columbia River.",,,,,,
Washington,Centralia,46.724143,-122.971125,Motel 6 Centralia WA East,2.0,"""OYO Hotel Centralia is located in Centralia", a 17-minute walk from Centralia Outlets and 4.5 km from Southwest Washington Fairgrounds. Among the facilities at this property are a 24-hour front desk and room service, along with free WiFi throughout the property. The hotel has family rooms.,,,,
Washington,Centralia,46.71503,-122.95623,Centralia Square Grand Ballroom And Hotel,3.0,"""Centralia Square Grand Ballroom and Vintage Hotel is located in Centralia. Free WiFi access is available at this family owned and operated hotel. Each room here will provide you with air conditioning and a terrace. Featuring bathrobes", private bathroom also comes with free toiletries. Extras include an outdoor seating area and bed linen.,,,,,
Washington,Centralia,46.71654,-122.95382,Mcmenamins Olympic Club,4.0,"""Situated 41 km from Hands on Childrens Museum in Centralia", McMenamins Olympic Club features accommodation with air conditioning and free WiFi.,,,,,
Washington,Chehalis,46.64811,-122.95635,Relax Inn Chehalis,1.0,"""Nestled off Highway 5 between Mount St. Helens and Mount Rainier", this Chehalis, Washington hotel offers comfortable rooms with free Wi-Fi.  Veterans Memorial Museum is 2 miles away.,,,,
Washington,Chehalis,46.62509,-122.7792,Chehalis Camping Resort Bunkhouse Cabin 6,5.0,"""Situated 25 km from Southwest Washington Fairgrounds in Onalaska", Chehalis Camping Resort Cottage 5 features accommodation with air conditioning and free WiFi.,,,,,
Washington,Chehalis,46.62509,-122.7792,Chehalis Camping Resort Cottage 1,5.0,"""Located 25 km from Southwest Washington Fairgrounds in Onalaska", Chehalis Camping Resort Cottage 1 provides accommodation with air conditioning and free WiFi.,,,,,
Washington,Chehalis,46.62509,-122.7792,Chehalis Camping Resort Studio Cabin 4,5.0,"""Located in Onalaska in the Washington State region", Chehalis Camping Resort Studio Cabin 4 provides accommodation with free WiFi.,,,,,
Washington,Chehalis,46.62509,-122.7792,Chehalis Camping Resort Cottage 5,5.0,"""Situated 25 km from Southwest Washington Fairgrounds in Onalaska", Chehalis Camping Resort Cottage 5 features accommodation with air conditioning and free WiFi.,,,,,
Washington,Chelan,47.83622,-120.05342,Chelan Resort Suites,5.0,"""Situated in Chelan", 1.7 km from Slidewaters, Chelan Resort Suites: Water Sunset (#303) features views of the lake. Boasting an ATM, this property also provides guests with a childrens playground. Each room includes a balcony with mountain views and free WiFi.,,,
Washington,Chelan,47.85269,-120.12881,Lake Chelan Motel,5.0,"""Situated in Chelan", 7 km from Slidewaters, Lake Chelan Dreams features air-conditioned accommodation with a patio and free WiFi. With lake views, this accommodation offers a balcony.,,,
Washington,Chelan,47.83991,-120.00903,Deep Water Inn,5.0,"""Situated on historic Woodin Avenue", this Chelan, Washington inn features a restaurant onsite. Lakeshore Park is 5 minutes drive away. Free Wi-Fi is provided throughout.,,,,
Washington,Chelan,47.83942,-120.00219,Apple Inn Motel,2.0,"""Lady of the Lake is less than 2 miles from this Chelan motel. A free transfer service is available from the boat and bus terminals. Guest rooms feature a TV and DVD player.",,,,,,
Washington,Chelan,47.83869,-120.01655,Riverwalk Inn,3.0,"""Situated in downtown Chelan and across the street from Riverwalk park and the shores of Lake Chelan", this hotel features free Wi-Fi and an on-site café offering fresh baked goods and healthy dining options.,,,,,
Washington,Chelan,47.83624,-120.05412,Lakeside Lodge And Suites,3.0,"""Overlooking Lake Chelan", this Chelan, Washington lake resort is 2 minutes walk to Lakeside Park. A seasonal outdoor swimming pool and indoor pool is featured. Free Wi-Fi is offered in all rooms.,,,,
Washington,Chelan,47.83984,-120.01933,Lakeview Hotel,,"""Just steps from the shores of Spaders Bay in Lake Chelan city centre", this hotel offers an on-site restaurant and bar. Each guest room features a fireplace. Free Wi-Fi is included.,,,,,
Washington,Chelan,47.90071,-120.21424,Collins Lakehouse,5.0,"""Collins Lakehouse is situated in Manson", 48 km from Leavenworth and 16 km from Chelan.,,,,,
Washington,Chelan,47.85552,-120.06077,Lake Chelan Shores Resort,5.0,"""Situated within 6.7 km of Slidewaters in Chelan", Lake Chelan Shores II features accommodation with free WiFi and TV.,,,,,
Washington,Chelan,47.84598,-120.02316,The Well Made Bed & Breakfast,4.0,"""Lake Chelan is less than 10 minutes walk from this bed and breakfast. Rooms all feature bathrobes and a full gourmet breakfast is included in most rooms.",,,,,,
Washington,Chelan,47.84923,-120.11804,Royal View On Lakeshore,5.0,"""Royal View on Lakeshore is located in Chelan", 6 km from Slidewaters.,,,,,
Washington,Chelan,47.84664,-120.1103,Tucker,5.0,"""Tucker is located in Chelan", 6 km from Slidewaters.,,,,,
Washington,Chelan,47.8347,-120.04753,Perfect View,5.0,"""Perfect View is located in Chelan", 800 metres from Slidewaters.,,,,,
Washington,Chelan,47.85272,-120.13133,South Cove Sunset,5.0,"""Featuring air conditioning", South Cove Sunset offers accommodation in Sunnybank. Leavenworth is 49 km from the property.,,,,,
Washington,Chelan,47.83512,-120.04876,Chelan Chalet,5.0,"""Featuring air conditioning", Chelan Chalet offers accommodation in Chelan. Slidewaters is 2.8 km from the property.,,,,,
Washington,Chelan,47.83352,-119.95995,Trinity Pride Estate,5.0,"""Featuring air conditioning", Trinity Pride Estate is located in Chelan, 6 km from Slidewaters.,,,,
Washington,Chelan,47.83683,-119.95901,River's Edge On Lake Entiat,5.0,"""Set in Chelan", Rivers Edge on Lake Entiat is 6 km from Slidewaters.,,,,,
Washington,Chelan,47.94872,-120.20958,Blue Lake Serenity,5.0,"""Blue Lake Serenity offers accommodation in Hollywood Beach. Chelan is 19 km from the property.",,,,,,
Washington,Chelan,47.99775,-120.25136,Deep Water Cabin,5.0,"""Deep Water Cabin offers accommodation in Hollywood Beach.",,,,,,
Washington,Cheney,47.4893,-117.57203,Willow Springs Motel,2.0,"""Located 5 minutes walk from Eastern Washington University", this Cheney, Washington motel features rooms with free Wi-Fi. Spokane International Airport is 15 miles away.,,,,
Washington,,47.19502,-120.94225,Timber Lodge Inn,2.0,"""Located in Cle Elum", Timber Lodge Inn provides 2-star accommodation with private balconies. Featuring barbecue facilities, the 2-star inn has air-conditioned rooms with free WiFi, each with a private bathroom. The property is non-smoking and is situated 42 km from Central Washington University.,,,
Washington,Colville,48.555438,-117.91956329345703,Comfort Inn,2.0,Stop at Comfort Inn Colville to discover the wonders of Seattle (WA). Both business travelers and tourists can enjoy the hotel's facilities and services. Service-minded staff will welcome and guide you at the Comfort Inn Colville. Each guestroom is elegantly furnished and equipped with handy amenities. The hotel offers various recreational opportunities. A welcoming atmosphere and excellent service are what you can expect during your stay at Comfort Inn Colville.,languages spoken things to do  ways to relax dining  drinking  and snacking available in all rooms,,166 N.E. Canning Dr. ColvilleWashington 99114 ,99114,5096842010,https://www.choicehotels.com/washington/colville/comfort-inn-hotels/wa717
Washington,Concrete,48.53914,-121.74551,Mt.Baker Hotel,3.0,"""Mt Baker Hotel is a 3-star property situated in Concrete. This 3-star hotel offers a 24-hour front desk. The hotel features both free WiFi and free private parking.",,,,,,
Washington,Coupeville,48.21991,-122.68594,Anchorage Inn B&B,3.0,"""Located in Coupeville", the Anchorage Inn B&B features a complimentary homemade daily breakfast and complimentary WiFi access. A wrap-around patio and a shared lounge area are available here.,,,,,
Washington,Coupeville,48.13625,-122.5971,249 Bon Air Escape,5.0,"""249 - Bon Air Escape is set in Keystone.",,,,,,
Washington,Coupeville,48.1612,-122.62015,216 Beach Look Out Retreat,5.0,"""216 - Beach Look Out Retreat is set in Keystone.",,,,,,
Washington,Coupeville,48.16321,-122.62762,222 Admirals Cove Seaside Getaway,5.0,"""222 - Admirals Cove Seaside Getaway is located in Keystone. The accommodation is 21 km from Langley.",,,,,,
Washington,Dayton,46.31642,-117.98839,Blue Mountain Motel,2.0,"""Located at the foot of the Blue Mountains in Dayton", Washington, Blue Mountain Motel offers guest rooms with free WiFi. The property offers free parking. A continental breakfast is served each morning.,,,,
Washington,Dayton,46.31538,-117.98927,Dayton Motel,5.0,"""Dayton Motel offers air-conditioned rooms in Dayton. The motel provides both free WiFi and free private parking.",,,,,,
Washington,,47.3931177565507,-122.292892501852,Kings Arms Motel,3.0,,,,23226 30th Avenue South Des MoinesWashington 98198 ,98198,2068240300,http://www.kingsarmswa.com/
Washington,Eastsound,48.6451,-122.87393,Rosario Resort & Spa,3.0,"""Rosario Resort & Spa is an oceanfront reseort locaded in Eastsound", Washington.,,,,,
Washington,Eastsound,48.59858,-122.94544,Orcas Hotel,1.0,"""Offering one on-site restaurant", Orcas Hotel is located in Orcas, Washington. Orcas Island Ferry Terminal is directly across the street from this hotel.,,,,
Washington,Eastsound,48.63211,-122.96153,Kingfish Inn,5.0,"""Kingfish at West Sound in Eastsound provides adults-only accommodation with a restaurant and a bar. Guests can have a drink at the snack bar.",,,,,,
Washington,Eastsound,48.69485,-122.90951,The Landmark Orcas Island,5.0,"""Located in Eastsound", The Landmark Orcas Island provides accommodation with free WiFi.,,,,,
Washington,Eastsound,48.70971,-122.90648,Kangaroo House B&B on Orcas Island,5.0,"""Set in Eastsound in the Washington State region", Kangaroo House Bed & Breakfast offers accommodation with free WiFi and free private parking, as well as access to a hot tub.,,,,
Washington,Eastsound,48.70539,-122.90625,Golden Tree Hostel,5.0,"""Just 2 minutes walk from the town centre of Eastsound", Washington, this hostel boasts a manicured garden with an outdoor kitchen and a pizza oven. After a long day of enjoying all the outdoor activities that Orcas Island has to offer, guests at Golden Tree Hostel can relax in the on-site hot tub or sauna.,,,
Washington,Eastsound,48.65824,-122.86894,Otters Pond Bed and Breakfast,3.0,"""Located on a protected nature reserve on Orcas Island", this eco-friendly Rosario B&B features a daily breakfast prepared by a chef and with local ingredients. Shopping and dining in Eastsound Village is 10 minutes drive away.,,,,,
Washington,Eastsound,48.63166,-122.9625,Blue Heron,5.0,"""Situated in Eastsound in the Orcas Island region", Orcas Blue Heron features accommodation with free WiFi and free private parking.,,,,,
Washington,Eastsound,48.6880123,-122.95777599999997,West Beach Resort,5.0,,languages spoken Internet access things to do  ways to relax cleanliness and safety dining  drinking  and snacking services and conveniences for the kids land sports access getting around available in all rooms,,190 Waterfront Way  ,98245,3603762240,https://www.agoda.com/partners/partnersearch.aspx?hid=10559429
Washington,Eastsound,48.66913,-122.87169,Discovery View Cabin,5.0,"""Whispering Pines Retreat offers accommodation in Eastsound. Victoria is 45 km away.",,,,,,
Washington,Ellensburg,47.19502,-120.94225,Timber Lodge Inn,2.0,"""Located in Cle Elum", Timber Lodge Inn provides 2-star accommodation with private balconies. Featuring barbecue facilities, the 2-star inn has air-conditioned rooms with free WiFi, each with a private bathroom. The property is non-smoking and is situated 42 km from Central Washington University.,,,
Washington,Ellensburg,47.19254,-120.91846,Cle Elum Travelers Inn,2.0,"""Located near the shops and restaurants of Highway 970", this pet-friendly motel offers an airport shuttle to Cle Elum Municipal Airport, 2 miles away.  It features a continental breakfast, free daily newspapers and free Wi-Fi.,,,
Washington,Ellensburg,47.19655,-120.95427,Stewart Lodge,2.0,"""Stewart Lodge is a 2-star property situated in Cle Elum. Featuring a garden", the 2-star motel has air-conditioned rooms with free WiFi, each with a private bathroom. The motel has family rooms.,,,,
Washington,Ellensburg,47.2651,-121.0504,Lookout Lodge,5.0,"""Lookout Lodge is situated in Ronald. Guests staying at this holiday home have access to a fully equipped kitchen and a patio.",,,,,,
Washington,Ellensburg,47.2016,-120.9919,Arrowhead Lodge in Suncadia,4.0,"""Arrowhead Lodge in Suncadia is located in Cle Elum and offers a tennis court and a fitness centre. The accommodation has free WiFi.",,,,,,
Washington,Ellensburg,47.2015,-121.0097,Pine Ridge Estate,4.0,"""Boasting air-conditioned accommodation with a patio", Pine Ridge Estate is located in Cle Elum. Offering free WiFi, the property also has a tennis court and a fitness centre.,,,,
Washington,Ellensburg,47.24575,-121.17575,Cabin In The Woods,5.0,"""Cabin in the Woods offers accommodation in Cabin Creek.",,,,,,
Washington,Ellensburg,47.15963,-121.00823,Bear Crossing,5.0,"""Offering accommodation with air conditioning", Bear Crossing is located in Nelson, 39 km from Ellensburg.,,,,
Washington,Ellensburg,47.24389,-121.03847,The Last Resort on Clearwater Loop,5.0,"""The Last Resort on Clearwater Loop is situated in Ronald. Complimentary WiFi is offered throughout the property.",,,,,,
Washington,Elma,47.00977,-123.38708,Stay Beyond Inn And Suites,2.0,"""Featuring free Wi-Fi in every room", this Elma, Washington hotel is less than a mile away from Grays Harbor Fairgrounds & Events Center, Summit Pacific Medical Center and Grays Harbor Raceway.,,,
Washington,Enumclaw,46.99211,-121.53126,Alta Crystal Resort,4.0,"""LOGE Alta Crystal Resort at Mt Rainier in Enumclaw has 4-star accommodation with a garden and barbecue facilities. This 4-star hotel offers a ski pass sales point and luggage storage space. The hotel features an outdoor swimming pool", hot tub, evening entertainment and a concierge service.,,,,
Washington,Enumclaw,46.93849,-121.4723,Crystal Chalets Condominiums,5.0,"""Situated in Greenwater", Crystal Chalets features accommodation with a seating area and flat-screen TV. Complimentary WiFi is provided.,,,,,
Washington,Enumclaw,47.10457,-121.59493,Getaway Chalet,3.0,"""Situated in Snoquera in the Washington State region", Getaway Chalet features a balcony. This holiday home features accommodation with a patio and free WiFi.,,,,,
Washington,Enumclaw,47.10433,-121.60331,Cozy Studio Apartment,5.0,"""Boasting a garden", a terrace, and barbecue facilities, Cozy Studio Apartment provides accommodation in Greenwater with free WiFi and garden views. Featuring free private parking, the apartment is in an area where guests can engage in activities such as hiking, skiing and fishing.,
Washington,Enumclaw,47.1096,-121.60855,Lindgren Haus,5.0,"""Located in Greenwater and only 48 km from White River Amphitheatre", Lindgren Haus provides accommodation with river views, free WiFi and free private parking.,,,,
Washington,Enumclaw,47.11189,-121.61148,Wonderland Lodge,5.0,"""Located in Greenwater and only 48 km from White River Amphitheatre", Wonderland Lodge provides accommodation with river views, free WiFi and free private parking. Guests staying at this holiday home have access to a patio.,,,,
Washington,Ephrata,47.3131,-119.55693,Ephrata Inn Motel,1.0,"""Situated in Ephrata and with The Gorge Amphitheatre reachable within 46 km", Ephrata Inn Motel features a garden, non-smoking rooms, free WiFi and barbecue facilities. The accommodation provides a 24-hour front desk and a business centre for guests.,,,
Washington,Everett,48.18699,-122.19959,Arlington Motor Inn,2.0,"""This Arlington Motor Inn is right off exit 208 from Interstate 5 and less than 10 minutes drive from the Arlington Municipal Airport.",,,,,,
Washington,Everett,47.91238,-122.08555,Inn at Snohomish,3.0,"""Featuring 3-star accommodation", Snohomish Inn is set in Snohomish, 48 km from Space Needle and 29 km from Future of Flight. This 3-star hotel has air-conditioned rooms with a private bathroom. International Fountain is 48 km away and University of Washington is 48 km from the hotel.,,,,
Washington,Everett,48.13678,-122.05049,Arlingtons River Rock Inn Bed & Breakfast,,"""Situated in the quaint historic village of Arlington", this bed and breakfast serves a full daily breakfast and has rooms that feature a large soaking tub for 2.  Seattle Premium Outlets are 30 minutes drive away.,,,,,
Washington,Everett,48.08799,-122.1889,Tulalip Resort Casino,4.0,"""Located adjacent to the Seattle Premium Outlets", this Marysville resort offers multiple dining options and a casino with 2500 slot machines and 60 gaming tables. Guest rooms include free Wi-Fi.,,,,,
Washington,Everett,47.94895,-122.30355,Silver Cloud Inn Mukilteo Waterfront,3.0,"""Located next to the Mukilteo-Clinton ferry", this elegant waterfront hotel features views of Possession Sound and Whidbey Island. A complimentary daily breakfast is available.,,,,,
Washington,Everett,47.86012,-121.97557,Fairground Inn,3.0,"""Offering guests free Wi-Fi and a free continental breakfast", this Monroe motel features rooms with a cable TV and refrigerator. The Evergreen State Fairgrounds are just 4 minutes drive away.,,,,,
Washington,Everett,48.05027,-122.1827,Village Inn & Suites Marysville,3.0,"""Located off Interstate 5 between Seattle and Vancouver", BC, this Marysville hotel offers guest rooms with free Wi-Fi. Seattle Premium Outlets are 4 miles away.,,,,
Washington,Everett,47.84524,-121.87298,Thunderbird Cabin 5,5.0,"""Set in Monroe in the Washington State region", Thunderbird One-Bedroom Cabin 5 features a patio. This holiday home offers free private parking, a shared lounge and free WiFi.,,,,
Washington,Everett,47.84524,-121.87298,Thunderbird Cabin 6,5.0,"""Situated in Monroe in the Washington State region", Thunderbird One-Bedroom Cabin 6 has a patio. This holiday home features free private parking, a shared lounge and free WiFi.,,,,
Washington,Fife,47.24338,-122.37765,Sunshine Motel,1.0,"""Located just off Interstate 5", this Fife, Washington hotel is 2 miles from the Emerald Queen Casino. It features rooms with free Wi-Fi access and on-site laundry facilities.,,,,
Washington,Fife,47.24423,-122.38836,Sunshine Motel Ii,5.0,"""Just 500 metres from the Interstate 5 motorway", the Sunshine Motel II is located in Fife, Washington. An outdoor swimming pool and free WiFi access are featured at this motel.,,,,
Washington,Forks,47.91511,-124.54488,Quillayute River Resort,5.0,"""Located on the banks of the Quillayute River", Quillayte River Resort offers accommodation in Forks. Each suite features a porch with river views. Rialto Beach is 4.5 miles away.,,,,,
Washington,Forks,47.94748,-124.3858,Pacific Inn Motel,3.0,"""Set in Forks", Pacific Inn Motel offers free WiFi. The motel features family rooms.,,,,,
Washington,Forks,47.93975,-124.38736,Town Motel,1.0,"""Situated in Forks", Town Motel is located 35 km from the Hoh Rain Forest Visitor Center. Lake Crescent is 57 km away.,,,,,
Washington,Forks,47.99114,-124.3904,Misty Valley Inn,5.0,"""Situated in Forks", Misty Valley Inn features accommodation with free WiFi, air conditioning and access to a garden with a terrace.,,,,
Washington,Forks,47.95333,-124.3848,Far West Motel,5.0,"""Far West Motel is offering accommodation in Forks. The motel also offers free WiFi and free private parking.",,,,,,
Washington,Forks,48.02871,-124.385,A Relaxing Get Away Solduc,5.0,"""Boasting a garden", a terrace, and barbecue facilities, A Relaxing Getaway SolDuc 1 offers accommodation in Forks with free WiFi and river views. Featuring free private parking, the holiday home is in an area where guests can engage in activities such as hiking and cycling.,,
Washington,Forks,47.81774,-124.15205,Hoh Valley Cabins at Elk Meadows,2.0,"""Situated in Forks", this air-conditioned double features a cedar deck. You can fire up the barbecue for a tasty meal and enjoy the garden in fair weather. Free private parking is available on site.,,,,,
Washington,,43.19236373901367,-88.72811889648438,Jesse Stone House B & B,2.0,,languages spoken Internet access things to do  ways to relax dining  drinking  and snacking services and conveniences getting around available in all rooms,,300 South Washington Street  ,53094,,https://www.agoda.com/partners/partnersearch.aspx?hid=18983765
Washington,Glacier,48.91507,-121.995,Glacier Springs,5.0,"""Set 24 km from Mt Baker Ski Area in Glacier", Glacier Springs #21 offers accommodation with a kitchen. The holiday home is in an area where guests can engage in activities such as skiing and cycling.,,,,,
Washington,Glacier,48.90326,-121.991,Mount Baker Cabin #2 by RedAwning,5.0,"""Mount Baker Cabin #2 is set in Glacier", 23 km from Mt Baker Ski Area, in an area where skiing can be enjoyed. Guests staying at this holiday home have access to a fully equipped kitchen and a patio.,,,,
Washington,Glacier,48.8976,-121.91976,Snowline,5.0,"""Three Bedroom Cabin - 34 is a holiday home with an outdoor pool", set in Glacier, 18 km from Mt Baker Ski Area. It provides free private parking.,,,,
Washington,Glacier,48.88267,-121.928,Mount Baker Rim 19 by RedAwning,5.0,"""Featuring a sauna", Mount Baker Rim #19 is located in Glacier. Guests staying at this holiday home have access to a fully equipped kitchen.,,,,,
Washington,Glacier,48.9141,-121.9948,Glacier Springs Cabin #54 Breathtaking Mountain Vistas Await You,5.0,"""Located in Warnick", Glacier Springs Cabin #54 - Breathtaking Mountain Vistas Await You! provides accommodation with a balcony and free WiFi. The property features mountain views and is 40 km from Abbotsford.,,,,,
Washington,Glacier,48.90473,-121.99202,Holiday Home 02MBH Cabin on Acreage with Hot Tub,5.0,"""Interhome is a vacation rental provider founded in 1965. We are an International entity with its head office located in Switzerland.",,,,,,
Washington,Glacier,48.90485,-121.99189,Holiday Home 03MBH The Glacier Lodge 6,5.0,"""Interhome is a vacation rental provider founded in 1965. We are an International entity with its head office located in Switzerland.",,,,,,
Washington,Glacier,48.91255,-121.9991,Holiday Home 12GS Cabin w sweet covered porch,5.0,"""Interhome is a vacation rental provider founded in 1965. We are an International entity with its head office located in Switzerland.",,,,,,
Washington,Glacier,48.8906,-121.9516,Condominium 31SW,5.0,"""Snowater Condo #38 - A great mountain retreat! offers accommodation in Glacier", 35 km from Mt Baker Ski Area.,,,,,
Washington,Glacier,48.8906,-121.9516,Snowater Condo #18 Peace and Tranquility Available Here,5.0,"""Featuring mountain views", Snowater Condo #18 - Peace and Tranquility Available Here! offers accommodation with a balcony and a coffee machine, around 35 km from Mt Baker Ski Area. Guests have access to free WiFi throughout the property.,,,,
Washington,Glacier,48.8937,-121.91925,Holiday Home 10SL Log Cabin at its best,5.0,"""Interhome is a vacation rental provider founded in 1965. We are an International entity with its head office located in Switzerland.",,,,,,
Washington,Glacier,48.91514,-121.99488,Holiday Home 21GS Cabin in the country,4.0,"""Interhome is a vacation rental provider founded in 1965. We are an International entity with its head office located in Switzerland.",,,,,,
Washington,Glacier,48.90992,-121.99776,Holiday Home 16GS Gingerbread Cottage w Hot Tub,5.0,"""Interhome is a vacation rental provider founded in 1965. We are an International entity with its head office located in Switzerland.",,,,,,
Washington,Glacier,48.8849,-121.92854,Holiday Home 11mbr Family Cabin With Hot Tub,3.0,"""Interhome is a vacation rental provider founded in 1965. We are an International entity with its head office located in Switzerland.",,,,,,
Washington,Glacier,48.89192,-121.92089,Apartment Snowline Condo #36 One Of A Kind,5.0,"""Apartment 36SLL-One-Of-A-Kind Condo! is located in Glacier", 32 km from Mt Baker Ski Area, in an area where cycling can be enjoyed.,,,,
Washington,Glacier,48.89472,-121.91894,Holiday Home 23SL Great Cabin w Hot Tub,5.0,"""Holiday Home 23SL Great Cabin w- Hot Tub is located in Glacier", 32 km from Mt Baker Ski Area, in an area where cycling can be enjoyed.,,,,
Washington,Glacier,48.89579,-121.9206,Holiday Home 26sl Two Story Cabin In The Woods,5.0,"""Holiday Home 26SL Two Story Cabin in the Woods is set in Glacier", 32 km from Mt Baker Ski Area, in an area where cycling can be enjoyed. The property features mountain views.,,,,
Washington,Glacier,48.89514,-121.91987,Holiday Home 01SL Perfect Family Retreat,5.0,"""Holiday Home 01SL Perfect Family Retreat is set in Glacier", 32 km from Mt Baker Ski Area, in an area where cycling can be enjoyed.,,,,
Washington,Glacier,48.88616,-121.92229,Apartment 32MBR Private Pet Friendly Cabin,5.0,"""Apartment 32MBR Private Pet Friendly Cabin is set in Glacier", 34 km from Mt Baker Ski Area, in an area where cycling can be enjoyed.,,,,
Washington,Glacier,48.8976,-121.91976,Holiday Home 34SL Private Cabin with a Hot Tub,5.0,"""Holiday Home 34SL Private Cabin with a Hot Tub is set in Glacier", 32 km from Mt Baker Ski Area, in an area where cycling can be enjoyed.,,,,
Washington,Glacier,48.89438,-121.91951,Holiday Home 35SL Pet Friendly Cabin near Skiing,5.0,"""Holiday Home 35SL Pet Friendly Cabin near Skiing is situated in Glacier", 32 km from Mt Baker Ski Area, in an area where cycling can be enjoyed.,,,,
Washington,Glacier,48.89208,-121.92076,Apartment 37SLL Budget Condo near Mt. Baker,5.0,"""Apartment 37SLL Budget Condo near Mt- Baker is situated in Glacier", 32 km from Mt Baker Ski Area, in an area where cycling can be enjoyed.,,,,
Washington,Glacier,48.91568,-121.9942,Holiday Home 39GS Cabin near Mt. Baker w WiFi,5.0,"""Holiday Home 39GS Cabin near Mt- Baker is set in Glacier", 40 km from Mt Baker Ski Area, in an area where cycling can be enjoyed.,,,,
Washington,Glacier,48.8849,-121.92853,Holiday Home 44mbr Rustic Cabin With A Hot Tub,5.0,"""Holiday Home 44MBR Rustic Cabin with a Hot Tub is set in Glacier", 33 km from Mt Baker Ski Area, in an area where cycling can be enjoyed.,,,,
Washington,Glacier,48.89208,-121.92076,Apartment 46sll Budget Condo Near Mt. Baker,5.0,"""Apartment 46SLL Budget Condo near Mt- Baker is located in Glacier", 32 km from Mt Baker Ski Area, in an area where cycling can be enjoyed.,,,,
Washington,Glacier,48.89559,-121.92222,Holiday Home 51sl Executive Style Cabin,5.0,"""Holiday Home 51SL Executive Style Cabin is set in Glacier", 32 km from Mt Baker Ski Area, in an area where cycling can be enjoyed.,,,,
Washington,Glacier,48.89208,-121.92076,Apartment 56sll Budget Condo Near Mt. Baker,5.0,"""Apartment 56SLL Budget Condo near Mt- Baker is located in Glacier", 32 km from Mt Baker Ski Area, in an area where cycling can be enjoyed.,,,,
Washington,Glacier,48.91372,-121.99837,Holiday Home 60gs,5.0,"""Holiday Home 60GS-Cottage With Hot Tub! is set in Glacier", 39 km from Mt Baker Ski Area, in an area where cycling can be enjoyed.,,,,
Washington,Glacier,48.88394,-121.92427,Chalet 63mbr Ski Chalet Near Mt. Baker,5.0,"""Chalet 63MBR Ski Chalet near Mt- Baker is located in Glacier", 34 km from Mt Baker Ski Area, in an area where cycling can be enjoyed.,,,,
Washington,Glacier,48.88616,-121.92229,Holiday Home 64mbr Cabin Near Skiing And Hiking,5.0,"""Holiday Home 64MBR Cabin near Skiing and Hiking is located in Glacier", 34 km from Mt Baker Ski Area, in an area where cycling can be enjoyed.,,,,
Washington,Glacier,48.9104,-121.99739,Holiday Home 95gs Pet Friendly Cabin W Hot Tub,5.0,"""Holiday Home 95GS Pet Friendly Cabin w- Hot Tub is set in Glacier", 39 km from Mt Baker Ski Area, in an area where cycling can be enjoyed.,,,,
Washington,Glacier,48.8851,-121.9231,Your Mt. Baker Family Destination,5.0,"""Offering free WiFi and mountain views", Your Mt. Baker Family Destination! is an accommodation situated in Glacier. The holiday home is 34 km from Mt Baker Ski Area.,,,,,
Washington,,34.849677,-82.397239,SpringHill Suites Greenville Downtown,2.0,Stop at SpringHill Suites by Marriott Greenville Downtown to discover the wonders of Greenville (SC). The property offers guests a range of services and amenities designed to provide comfort and convenience. Service-minded staff will welcome and guide you at SpringHill Suites by Marriott Greenville Downtown. Each guestroom is elegantly furnished and equipped with handy amenities. The property offers various recreational opportunities. A welcoming atmosphere and excellent service are what you can expect during your stay at SpringHill Suites by Marriott Greenville Downtown.,available in all rooms languages spoken accessibility Internet access things to do  ways to relax cleanliness and safety dining  drinking  and snacking services and conveniences for the kids access getting around sports equipment rental,,200 East Washington Street Greenville ,29601,8647202901,http://www.marriott.com/hotels/travel/gspgs-spring
Washington,Hoquiam,47.01847,-124.16658,Chris By The Sea Motel,1.0,"""Set in Ocean Shores", 500 metres from Ocean Shores Beach, Chris by the Sea Motel offers accommodation with free WiFi and free private parking. The property is non-smoking and is situated 3.3 km from Ocean City State Park.,,,,
Washington,Hoquiam,46.97677,-123.86127,Leah's In Hoquiam,5.0,"""Located in Hoquiam", 30 km from Ocean City State Park and 33 km from Chance A La Mer State Park, Leahs Homestay in Hoquiam provides accommodation with free WiFi, air conditioning, a garden and a shared lounge.,,
Washington,Hoquiam,47.01888,-124.16479,Ten Pines Cottage,5.0,"""Situated 1.5 km from Chance A La Mer State Park and 14 km from Griffiths-Priday Ocean State Park", Ten Pines Cottage features accommodation located in Ocean Shores. With free private parking, the property is 700 metres from Ocean Shores Beach and 3.5 km from Ocean City State Park.,,,,
Washington,Ilwaco,46.30919,-124.0421,Heidi's Inn,2.0,"""Located on Scenic 101 in the Ilwaco Town Centre", this Washington Coastal Motel features simply furnished rooms with Free WiFi.,,,,,
Washington,Ilwaco,46.30583,-124.04032,Salt Hotel,2.0,"""Located in Ilwaco and within 50 km of Seaside Civic Convention Center", Salt Hotel features a bar, non-smoking rooms, and free WiFi throughout the property.,,,
Washington,Ilwaco,46.3096,-124.04145,Inn At Harbour Village,5.0,"""Located 5 minutes walk to Columbia Pacific Heritage Museum", this Ilwaco, Washington boutique hotel is only 4 km from Cape Disappointment State Park and Lighthouse.,,,,
Washington,Ilwaco,46.30759,-124.04323,Col Pacific Motel,1.0,"""Featuring rooms with free Wi-Fi", this Ilwaco, Washington motel is across the street from Louis & Clark Discovery Trail. Boat parking is available onsite and sports fishing is accessible from the property.,,,,
Washington,Ilwaco,46.30215,-124.04707,China Beach Retreat,3.0,,,,222 Robert Gray Drive IlwacoWashington 98624 ,98624,3607773312,https://www.chinabeachretreat.com
Washington,Kalama,46.01159,-122.84854,McMenamins Kalama Harbor Lodge,3.0,"""Located in Kalama", 36 km from Clark County Event Center at the Fairgrounds, McMenamins Kalama Harbor Lodge provides accommodation with a garden, free private parking, a terrace and a restaurant. This 3-star hotel offers a 24-hour front desk, an ATM and free WiFi. Guests can make use of a bar.,
Washington,Kelso,46.14822,-122.91049,Econo Lodge Kelso,3.0,"""Located in downtown Kelso", Washington, near I-5, this hotel is 2 blocks from the Columbia River. It features basic rooms with free Wi-Fi and serves a daily continental breakfast.,,,
Washington,Kennewick,46.21594,-119.2183,SureStay Plus Hotel by Best Western Kennewick Tri-Cities,2.0,"""Located just 5 minutes walk from the Three Rivers Convention Center", Inn at Columbia Center Kennewick Tri-Cities offers guestrooms with free WiFi. A heated indoor pool is located on site.,,,,,
Washington,Kennewick,46.20716,-119.15999,Studio 6 Kennewick Tri Cities,2.0,"""Situated in Kennewick", Washington State region, Studio 6-Kennewick, WA - Tri-Cities is located 7 km from Three Rivers Convention Center. Guests can have a drink at the snack bar.,,,
Washington,Langley,48.07556,-122.46756,238 Bells Beach Getaway,5.0,"""238 - Bells Beach Getaway is set in Bells Beach.",,,,,,
Washington,Langley,48.03607,-122.47729,242 Dolly Mops Cabin,5.0,"""242 - Dolly Mops Cabin is set in Bay View. The accommodation is 5 km from Langley.",,,,,,
Washington,Langley,48.03471,-122.48443,248 Goss Lake Chalet,5.0,"""248 - Goss Lake Chalet is located in Bay View.",,,,,,
Washington,Leavenworth,47.79445,-120.71749,Kahler Glen Golf & Ski Resort,3.0,"""Just 3.2 km from Lake Wenatchee", this Leavenworth resort offers skiing and snowshoeing. All apartments boast a full kitchen and fireplace.,,,,,
Washington,Leavenworth,47.59385,-120.66635,Linderhof Inn,3.0,"""Just steps from Leavenworths Bavarian inspired town centre", Linderhof Inn offers guests complimentary parking, free WiFi access, and an 18 hole championship golf putting course.  A complimentary full hot breakfast buffet, an outdoor pool and hot tub are featured at this hotel.,,
Washington,Leavenworth,47.5622,-120.68088,Granite Hills Inn,4.0,"""Granite Hills Inn offers accommodation in Leavenworth. Free private parking is available on site.",,,,,,
Washington,Leavenworth,47.59543,-120.65971,Mrs. Anderson's Lodging House,5.0,"""Set in Leavenworth", Washington State region, Mrs. Andersons Lodging is located 36 km from Wenatchee Convention Center. There is a sun terrace and guests can make use of free WiFi and free private parking.,,,,
Washington,Leavenworth,47.58537,-120.66137,Run of the River,5.0,"""Run of the River Inn and Refuge is situated in Leavenworth and offers free bikes and a terrace. The air-conditioned accommodation is 37 km from Wenatchee", and guests benefit from complimentary WiFi and private parking available on site.,,,,,
Washington,Leavenworth,47.5935,-120.66693,Enzian Inn,3.0,"""Just steps away from Leavenworths Bavarian-inspired town centre", the Enzian Inn features an indoor and outdoor swimming pool and an indoor hot tub. A free breakfast buffet is served daily.,,,,,
Washington,Leavenworth,47.59583,-120.65964,Hotel Pension Anna,3.0,"""Just steps from Leavenworth city centre", this hotel offers a daily Bavarian-themed breakfast. Boasting unique furnishings, each room includes free Wi-Fi.,,,,
Washington,Leavenworth,47.59565,-120.65983,Obertal Inn,3.0,"""The Obertal Inn and Leavenworth Vacation Homes (a total of 55 units) are located in the quaint", Bavarian-style village of Leavenworth, Washington. We have properties and rooms for 2 to 10 people and for every budget.,,,,
Washington,Leavenworth,47.77744,-120.71347,Pine River Ranch Bed and Breakfast,3.0,"""Situated near Leavenworth", Pine River Ranch B&B is 4.1 km from Lake Wenatchee and within 15 km of Kahler Glen Golf & Ski Resort and Glacier View Campground. The Leavenworth Summer Theater and Leavenworth Golf Club are within 32 km.,,,,,
Washington,Leavenworth,47.55096,-120.68033,Sleeping Lady Mountain Resort,5.0,"""Situated in Leavenworth", 41 km from Wenatchee Convention Center, Sleeping Lady Mountain Resort features accommodation with a seasonal outdoor swimming pool, free private parking, a garden and a bar. Guests can have a drink at the snack bar.,,
Washington,Leavenworth,47.59454,-120.66018,The Adventure Inn,2.0,"""Boasting a bar and free WiFi", The Adventure Inn is situated in Leavenworth. There is a restaurant.,,,,,
Washington,Leavenworth,47.59444,-120.66375,Bavarian Ritz Hotel,3.0,"""Located in Leavenworth city centre", this hotel is 20 minutes drive from Wenachee National Forest. Free Wi-Fi is included in all rooms. Guest can relax on the spacious terrace complete with mountain views.,,,,,
Washington,Leavenworth,47.59141,-120.66948,Der Matterhorn,4.0,"""Located in the Bavarian town of Leavenworth", Der Sportsmann Suites suite offers a fully equipped kitchen.  Free Wi-Fi and free guest parking for 1 vehicle is provided. Wenatchee Wine Country is 25 miles away.,,,,,
Washington,Leavenworth,47.59635,-120.6586,Leavenworth Village Inn,3.0,"""Located adjacent to the Leavenworth Festhalle", this Leavenworth hotel offers an on-site wine bar. All guest rooms feature free Wi-Fi.,,,,,
Washington,Leavenworth,47.56225,-120.66599,Buddington Haus,5.0,"""Buddington Haus offers accommodation in Leavenworth. Wenatchee is 31 km from the property.",,,,,,
Washington,Leavenworth,47.75531,-120.73933,The Squirrel Tree,3.0,"""Squirrel Tree Resort is located at Coles Corner in Leavenworth. Guests can enjoy Squirrel Tree Restaurant and Lounge located on-site. Free WiFi is featured and free private parking is available on site.",,,,,,
Washington,Leavenworth,47.59249,-120.66602,Storybook Riverside Inn,4.0,"""Offering a terrace and views of the mountain", Storybook Riverside Inn is set in Leavenworth, Washington State on the Wenatchee River.,,,,
Washington,Leavenworth,47.60558,-120.62865,Cashmere Mountain Bed & Breakfast,3.0,"""Offering stunning mountain views", Cashmere Mountain Bed & Breakfast is 5 minutes drive from downtown Leavenworth in the Washington State Region, 31 km from Wenatchee.,,,,
Washington,Leavenworth,47.64078,-120.58522,Cottage on the Creek,3.0,"""Located in Leavenworth in the Washington State Region", this air-conditioned unit is 32 km from Wenatchee. Free private parking is available on site.,,,,,
Washington,Leavenworth,47.62001,-120.65002,Leavenworth Creekside Lodge,4.0,"""Set 2 miles from Leavenworth", this 4-bedroom home is 34 km from Wenatchee. Guests benefit from patio. Free WiFi is offered throughout the property.,,,,,
Washington,Leavenworth,47.58936,-120.62402,Leavenworth River Haus,4.0,"""Leavenworth River Haus is situated in Leavenworth. Guests have access to free WiFi.",,,,,,
Washington,Leavenworth,47.8287,-120.77151,Barking Fox Lodge,3.0,"""Barking Fox Lodge is set in Leavenworth. This property offers access to free WiFi.",,,,,,
Washington,Leavenworth,47.76219,-120.66013,Alpine Acres Lodge,5.0,"""Situated in Leavenworth in the Washington State region", Alpine Acres Lodge features a patio. The air-conditioned accommodation is 300 metres from Plain, and guests benefit from complimentary WiFi and private parking available on site.,,,,
Washington,Leavenworth,47.77564,-120.71127,Chipmunk Lodge,5.0,"""Set 5 km from Lake Wenatchee", 5 km from Emerald Island and 5.6 km from Winton, Chipmunk Lodge offers accommodation located in Leavenworth. The air-conditioned accommodation is 3.3 km from Coles Corner, and guests benefit from complimentary WiFi and private parking available on site.,,,
Washington,Leavenworth,47.59659,-120.65792,Bavarian Bungalow Escape D,3.0,"""Bavarian Bungalow Adventure (A) is a apartment set in Leavenworth in the Washington State Region and is 33 km from Wenatchee.",,,,,,
Washington,Leavenworth,47.59851,-120.64974,Loge Leavenworth,5.0,"""Featuring river views", LOGE Leavenworth Riverside in Leavenworth features accommodation, free bikes, a shared lounge, barbecue facilities and a terrace. The lodge features both WiFi and private parking free of charge.,,
Washington,Leavenworth,47.79955,-120.64826,Boulder Lodge,3.0,"""Boulder Lodge is set in Leavenworth. This lodge also features free WiFi.",,,,,,
Washington,Leavenworth,47.75599,-120.73703,Salmon Chalet,5.0,"""Salmon Chalet is located in Leavenworth. This holiday home provides air-conditioned accommodation with free WiFi.",,,,,,
Washington,Leavenworth,47.56974,-120.60662,River's Edge Lodge,1.0,"""Set in Leavenworth", 30 km from Wenatchee Convention Center, Rivers Edge Lodge offers accommodation with a private beach area and free private parking. Featuring a garden, the 1-star motel has air-conditioned rooms with free WiFi, each with a private bathroom. Guests can have a drink at the snack bar.,,
Washington,Leavenworth,47.59374,-120.66163,The Posthotel,4.0,"""PostHotel Leavenworth is an adults-exclusive hotel set in Leavenworth. Featuring a restaurant", the property also features free bikes. The property provides a year-round outdoor pool, a 24-hour front desk, and free WiFi is available throughout the property.,,,
Washington,Leavenworth,47.59699,-120.65747,Bavarian Mountain Suite,5.0,"""Set in Leavenworth in the Washington State region", Bavarian Mountain Suite has a patio. The air-conditioned accommodation is 35 km from Wenatchee Convention Center, and guests benefit from complimentary WiFi and private parking available on site.,,,,
Washington,Leavenworth,47.59543,-120.65924,Solstice Suites,5.0,"""Situated in Leavenworth", 36 km from Wenatchee Convention Center, Solstice Suites features accommodation with free WiFi and free private parking.,,,,
Washington,Leavenworth,47.58672,-120.67354,Alpine Villagers,5.0,"""Grizzly Hideaway provides accommodation in Leavenworth with access to free WiFi and mountain views. The accommodation is 33 km from Wenatchee and blocks away from downtown Leavenworth.",,,,,,
Washington,Leavenworth,47.63834,-120.60735,Bjork Creek Cabin,5.0,"""Situated in Leavenworth in the Washington State region", Bjork Creek Cabin features a patio. The air-conditioned accommodation is 42 km from Wenatchee Convention Center, and guests benefit from private parking available on site and free WiFi.,,,,
Washington,Leavenworth,47.8027,-120.64666,Thyme Out,5.0,"""Situated in Leavenworth in the Washington State region", Thyme Out has a patio. The air-conditioned accommodation is 7.8 km from Plain, and guests benefit from private parking available on site and free WiFi.,,,,
Washington,Leavenworth,47.78419,-120.66237,Rivers Edge,5.0,"""Set in Leavenworth in the Washington State region", Rivers Edge has a patio. The air-conditioned accommodation is 6.6 km from Plain, and guests benefit from complimentary WiFi and private parking available on site.,,,,
Washington,Leavenworth,47.73663,-120.66074,Tivoli Chalet,5.0,"""Boasting a hot tub", Tivoli Chalet is set in Leavenworth. It features mountain views and free WiFi throughout the property.,,,,,
Washington,Leavenworth,47.80179,-120.63722,Chiwawa River Chalet,5.0,"""Located in Leavenworth in the Washington State region", Chiwawa River Chalet has a patio. The air-conditioned accommodation is 7.3 km from Plain, and guests benefit from complimentary WiFi and private parking available on site.,,,,
Washington,Leavenworth,47.80017,-120.64167,Camp David,5.0,"""Situated in Leavenworth in the Washington State region", Camp David features a patio. The air-conditioned accommodation is 7 km from Plain, and guests benefit from private parking available on site and free WiFi.,,,,
Washington,Leavenworth,47.83108,-120.70224,Alpine Lake Escape On Fish Lake,5.0,"""Set in Leavenworth in the Washington State region", Alpine Lake Escape on Fish Lake features a patio. The air-conditioned accommodation is 3.1 km from Lake Wenatchee State Airport, and guests benefit from complimentary WiFi and private parking available on site.,,,,
Washington,Leavenworth,47.73831,-120.66367,Painted Pony Cabin,5.0,"""Painted Pony Cabin is located in Leavenworth", 4.4 km from Plain, 6.8 km from Pearly Gates Ranch Airport, and 14 km from Lake Wenatchee. This property offers access to a patio, free private parking and free WiFi.,,
Washington,Leavenworth,47.77595,-120.71199,Nason Chalet,5.0,"""Situated in Leavenworth in the Washington State region", Nason Chalet features a patio. The air-conditioned accommodation is 3.3 km from Coles Corner, and guests benefit from private parking available on site and free WiFi.,,,,
Washington,Leavenworth,47.74985,-120.63589,Beaver Hill Cabin Near Plain,5.0,"""Beaver Hill Cabin near Plain is situated in Leavenworth", 3.8 km from Plain, 6.2 km from Pearly Gates Ranch Airport, and 8.2 km from Chumstick. This property offers access to a patio, free private parking and free WiFi.,,
Washington,Leavenworth,47.82977,-120.70723,Journey's End On Fish Lake,5.0,"""Situated in Leavenworth in the Washington State region", Journeys End on Fish Lake features a patio. The air-conditioned accommodation is 3.1 km from Lake Wenatchee State Airport, and guests benefit from complimentary WiFi and private parking available on site.,,,,
Washington,Leavenworth,47.77153,-120.66442,Peterson Acres,5.0,"""Set in Leavenworth in the Washington State region", Peterson Acres features a patio. The air-conditioned accommodation is 1.4 km from Pearly Gates Ranch Airport, and guests benefit from complimentary WiFi and private parking available on site.,,,,
Washington,Leavenworth,47.75586,-120.73752,Paws In The Mountains,5.0,"""Set in Leavenworth in the Washington State region", Paws in the Mountains features a patio. The air-conditioned accommodation is a few steps from Coles Corner, and guests benefit from complimentary WiFi and private parking available on site.,,,,
Washington,Leavenworth,47.75644,-120.73728,Compass Cabin,5.0,"""Situated in Leavenworth in the Washington State region", Compass Cabin has a patio. The air-conditioned accommodation is a few steps from Coles Corner, and guests benefit from private parking available on site and free WiFi.,,,,
Washington,Leavenworth,47.80046,-120.6307,Leavenworth Camping Resort Lodge 1,5.0,"""Thousand Trails Leavenworth Lakeview Lodge 1 offers accommodation in Plain and an outdoor swimming pool. Leavenworth is 23 km from the property. Free private parking is available on site.",,,,,,
Washington,Leavenworth,47.80046,-120.6307,Leavenworth Camping Resort Lakeview Lodge 2,5.0,"""Offering an outdoor pool ", Thousand Trails Leavenworth Camping Resort Lakeview Lodge 2 is set in Plain. Leavenworth is 23 km away. Free WiFi is featured and free private parking is available on site.,,,,,
Washington,Leavenworth,47.80046,-120.6307,Leavenworth Camping Resort Lodge 3,5.0,"""Located in Plain", 23 km from Leavenworth,  Thousand Trails Leavenworth Camping Resort Lakeview Lodge 3 features an outdoor pool and views of the sea. Wenatchee is 48 km from the property. Free WiFi is featured and free private parking is available on site.,,,,
Washington,Leavenworth,47.80046,-120.6307,Leavenworth Camping Resort Lakeview Lodge 4,5.0,"""Offering an outdoor pool", Thousand Trails Leavenworth Camping Resort Lakeview Lodge 4 is located in Plain, 23 km from Leavenworth. Free private parking and free WiFi is available on site.,,,,
Washington,Leavenworth,47.80046,-120.6307,Leavenworth Camping Resort Cottage 5,5.0,"""Featuring free WiFi", Thousand Trails Leavenworth Cottage 5 offers accommodation in Plain. Leavenworth is 23 km from the property. Free private parking is available on site.,,,,,
Washington,Leavenworth,47.80046,-120.6307,Leavenworth Camping Resort Cottage 6,5.0,"""Situated in Plain", 23 km from Leavenworth, The Thousand Trails Leavenworth Cottage 6 features an outdoor pool and views of the lake. Wenatchee is 48 km away. Free WiFi is available and free private parking is available on site.,,,,
Washington,Leavenworth,47.80046,-120.6307,Leavenworth Camping Resort Cottage 7,5.0,"""Set in Plain", 23 km from Leavenworth, The Thousand Trails Leavenworth Cottage 7 boasts an outdoor pool and views of the lake. Wenatchee is 48 km away. Free WiFi is offered .,,,,
Washington,Leavenworth,47.80046,-120.6307,Leavenworth Camping Resort Cottage 8,5.0,"""Featuring free WiFi and air conditioning", Leavenworth Camping Resort Cottage 8 is set in Plain, 23 km from Leavenworth. Wenatchee is 48 km from the property. Free private parking is available on site.,,,,
Washington,Leavenworth,47.71167,-120.67197,Pine Tree Cottage,5.0,"""Located in Leavenworth in the Washington State region", Pine Tree Cottage features a patio. The air-conditioned accommodation is 8.1 km from Plain, and guests benefit from complimentary WiFi and private parking available on site.,,,,
Washington,Leavenworth,47.83118,-120.70189,Otter Chalet On Fish Lake,5.0,"""Located in Leavenworth in the Washington State region", Otter Chalet on Fish Lake has a patio. The air-conditioned accommodation is 3.1 km from Lake Wenatchee State Airport, and guests benefit from private parking available on site and free WiFi.,,,,
Washington,Leavenworth,47.58906,-120.65979,Leavenworth Vacation Rental,5.0,"""Set in Leavenworth in the Washington State region", Leavenworth Vacation Rental features a patio and mountain views. The air-conditioned accommodation is 36 km from Wenatchee, and guests benefit from complimentary WiFi and private parking available on site.,,,,
Washington,Leavenworth,47.76925,-120.80031,Round Top Ranch,5.0,"""Round Top Ranch is situated in Leavenworth. The property has river and mountain views.",,,,,,
Washington,Leavenworth,47.73919,-120.66518,Marie's Cabin,5.0,"""Maries Cabin is set in Leavenworth and offers barbecue facilities. This property offers access to a balcony and free private parking.",,,,,,
Washington,Leavenworth,47.79963,-120.63831,Log Hauler Haus,5.0,"""Located in Leavenworth in the Washington State region", Log Hauler Haus has a patio. The air-conditioned accommodation is 7.3 km from Plain, and guests benefit from private parking available on site and free WiFi.,,,,
Washington,Leavenworth,47.79083,-120.64292,Getaway Moose,5.0,"""Located in Leavenworth in the Washington State region", Getaway Moose has a patio. The air-conditioned accommodation is 7.3 km from Plain, and guests benefit from private parking available on site and free WiFi.,,,,
Washington,Leavenworth,47.72858,-120.65074,Das Tree Haus,5.0,"""Set in Leavenworth in the Washington State region", Das Tree Haus features a patio. The air-conditioned accommodation is 4.2 km from Plain, and guests benefit from complimentary WiFi and private parking available on site.,,,,
Washington,Leavenworth,47.8305,-120.70436,Doc Roys Legacy On Fish Lake,5.0,"""Located in Leavenworth in the Washington State region", Doc Roys Legacy on Fish Lake has a patio. The air-conditioned accommodation is 3.3 km from Lake Wenatchee State Airport, and guests benefit from complimentary WiFi and private parking available on site.,,,,
Washington,Leavenworth,47.63493,-120.63163,Bear Paw,5.0,"""Situated in Leavenworth in the Washington State region", Bear Paw features a patio. The air-conditioned accommodation is 41 km from Wenatchee Convention Center, and guests benefit from complimentary WiFi and private parking available on site.,,,,
Washington,Leavenworth,47.78188,-120.65795,Meadow Wood Lodge,5.0,"""Set in Leavenworth in the Washington State region", Meadow Wood Lodge features a patio. The air-conditioned accommodation is 6.5 km from Plain, and guests benefit from complimentary WiFi and private parking available on site.,,,,
Washington,Leavenworth,47.79749,-120.64539,Guten Cabin,5.0,"""Guten Cabin is situated in Leavenworth", 7 km from Plain, 7.6 km from Lake Wenatchee State Airport, as well as 9.1 km from Pearly Gates Ranch Airport. This property offers access to a patio, free private parking and free WiFi.,,
Washington,Leavenworth,47.77708,-120.71249,A Peace Of Pine,5.0,"""Located in Leavenworth", 3.2 km from Coles Corner, 4.2 km from Lake Wenatchee and 4.2 km from Emerald Island, A Peace of Pine provides accommodation with a patio and free WiFi. Featuring free private parking, the holiday home is in an area where guests can engage in activities such as hiking, skiing and windsurfing.,
Washington,Leavenworth,47.60851,-120.63883,Fox Hollow Lodge,5.0,"""Featuring air conditioning", Fox Hollow Lodge is situated in Leavenworth, 32 km from Wenatchee. A private hot tub is located on site.,,,,
Washington,Leavenworth,47.76007,-120.66545,Beach At Rivers Bend,5.0,"""Offering accommodation with air conditioning", Beach at Rivers Bend is set in Plain, 18 km from Leavenworth. Wenatchee is 46 km away.,,,,
Washington,Leavenworth,47.73255,-120.65825,Twenty Pines,5.0,"""Offering accommodation with air conditioning", Twenty Pines is set in Plain, 15 km from Leavenworth. Wenatchee is 43 km from the property.,,,,
Washington,Leavenworth,47.58157,-120.67329,White Water Cottage,5.0,"""Offering accommodation with air conditioning", White Water Cottage is set in Leavenworth, 33 km from Wenatchee.,,,,
Washington,Leavenworth,47.58633,-120.67224,European Escape,5.0,"""European Escape is situated in Leavenworth", 33 km from Wenatchee.,,,,,
Washington,Leavenworth,47.7382,-120.65457,Heaven Hideaway,5.0,"""Featuring a hot tub", Heaven Hideaway is situated in Leavenworth. Boasting free private parking, the holiday home is in an area where guests can engage in activities such as hiking, skiing and fishing.,,,
Washington,Leavenworth,47.79556,-120.64723,Relax Lodge,5.0,"""Featuring a hot tub", Relax Lodge is situated in Leavenworth. Boasting free private parking, the holiday home is in an area where guests can engage in activities such as hiking, skiing and fishing.,,,
Washington,Leavenworth,47.7274,-120.66077,Pine Acres,5.0,"""Pine Acres is set in Leavenworth", 6.3 km from Pearly Gates Ranch Airport, 14 km from Lake Wenatchee, as well as 14 km from Emerald Island. The air-conditioned accommodation is 5.9 km from Plain, and guests benefit from complimentary WiFi and private parking available on site.,,
Washington,Leavenworth,47.7284,-120.66093,Paradise Found,5.0,"""With mountain views", Paradise Found has accommodation with a kitchen situated in Plain.,,,,,
Washington,Leavenworth,47.79449,-120.71737,Orion Condo,5.0,"""Orion Condo is situated in Leavenworth and offers a restaurant", a bar and a tennis court. The air-conditioned accommodation is 43 km from Manson, and guests benefit from private parking available on site and free WiFi.,,,,
Washington,Leavenworth,47.79146,-120.72069,Borealis Condo,5.0,"""Featuring air-conditioned accommodation with a patio", Borealis Condo is situated in Leavenworth. There is an in-house restaurant, plus free private parking and free WiFi are available.,,,,
Washington,Leavenworth,47.79449,-120.71737,Cloud 9 Condo,5.0,"""Cloud 9 Condo is located in Leavenworth and offers a bar. The accommodation is 43 km from Manson", and guests benefit from complimentary WiFi and private parking available on site.,,,,,
Washington,Leavenworth,47.79146,-120.72069,Skyline Condo,5.0,"""Skyline Condo is situated in Leavenworth and offers a restaurant", a bar and a tennis court. The air-conditioned accommodation is 43 km from Manson, and guests benefit from complimentary WiFi and private parking available on site.,,,,
Washington,Leavenworth,47.79146,-120.72069,Bluebird Condo,5.0,"""Boasting air-conditioned accommodation with a balcony", Bluebird Condo is set in Leavenworth. There is an on-site restaurant, plus free private parking and free WiFi are available.,,,,
Washington,Leavenworth,47.79449,-120.71737,Polaris Condo,5.0,"""Polaris Condo is located in Leavenworth and offers a bar. This holiday home provides free private parking and free WiFi.",,,,,,
Washington,Leavenworth,47.7955,-120.62915,Leavenworth Camping Resort Tiny House Otto,5.0,"""Situated in Leavenworth", Leavenworth Camping Resort Tiny House Otto features accommodation with free WiFi and flat-screen TV.,,,,,
Washington,Leavenworth,47.7955,-120.62915,Leavenworth Camping Resort Tiny House Hanna,5.0,"""Situated in Leavenworth", Leavenworth Camping Resort Tiny House Hanna features accommodation with free WiFi and flat-screen TV.,,,,,
Washington,Leavenworth,47.7955,-120.62915,Leavenworth Camping Resort Tiny House Rudolf,5.0,"""Situated in Leavenworth", Leavenworth Camping Resort Tiny House Rudolf features accommodation with free WiFi and flat-screen TV.,,,,,
Washington,Leavenworth,47.7955,-120.62915,Leavenworth Camping Resort Tiny House Belle,5.0,"""Situated in Leavenworth", Leavenworth Camping Resort Tiny House Belle features accommodation with free WiFi and flat-screen TV.,,,,,
Washington,Leavenworth,47.84142,-120.81081,Lazy Bear Lodge,5.0,"""Situated in Leavenworth in the Washington State region", Lazy Bear Lodge features a balcony. The air-conditioned accommodation is less than 1 km from Telma, and guests benefit from private parking available on site and free WiFi.,,,,
Washington,Leavenworth,47.80489,-120.74241,Weekend Hideout,5.0,"""Weekend Hideout is situated in Leavenworth. The property features lake views.",,,,,,
Washington,Leavenworth,47.59689,-120.6579,Harlin Haus,5.0,"""Situated in Leavenworth and only 35 km from Wenatchee Convention Center", Harlin Haus features accommodation with city views, free WiFi and free private parking. This apartment offers accommodation with a balcony.,,,,
Washington,,46.30215,-124.04707,China Beach Retreat,3.0,,,,222 Robert Gray Drive IlwacoWashington 98624 ,98624,3607773312,https://www.chinabeachretreat.com
Washington,Lynden,48.87454,-122.36524,Sundara West Bed and Breakfast,3.0,"""Located in Everson", Sundara West B&B features accommodation with free WiFi, mountain views, and access to a spa centre and a hot tub. The accommodation features a hot tub.,,,
Washington,Lynden,48.94305,-122.45321,Inn At Lynden,5.0,"""Inn at Lynden is situated in Lynden", 13 miles from Bellingham and 4 miles from the Canadian border crossing. Guests can enjoy the on-site restaurant.,,,,,
Washington,Lynden,48.94586,-122.40649,Oostema Farmstead Inn,5.0,"""The Tiny Farmhouse at Oostema Farmstead is situated in Lynden. The air-conditioned accommodation is 28 km from Bellingham", and guests benefit from complimentary WiFi and private parking available on site.,,,,,
Washington,Lynnwood,47.81102,-122.3235,Rodeo Inn,3.0,,Hotel Wyndham - Count on us,,20707 Highway 99 LYNNWOOD ,98036,4257747700,
Washington,Lynnwood,47.83448,-122.30271,Best Lynnwood Inn,2.0,"""Featuring 2-star accommodation", Best Lynnwood Inn is located in Lynnwood, 28 km from Space Needle and 30 km from CenturyLink Field. The 2-star motel has air-conditioned rooms with a private bathroom and free WiFi. University of Washington is 24 km from the motel and Seattle Asian Art Museum is 26 km away.,,,,
Washington,Manson,47.88384,-120.15478,Mountain View Lodge,2.0,"""Located in the resort community of Manson", this hotel is just 3 blocks from Lake Chelan. It has an outdoor pool and hot tub and offers a complementary area shuttle.,,,,,
Washington,Manson,47.89306,-120.18785,Lakefront Getaway,5.0,"""Featuring air conditioning", Lakefront Getaway offers accommodation in Manson. Leavenworth is 48 km away.,,,,,
Washington,Manson,47.88825,-120.17025,Clearview Getaway,5.0,"""Featuring air conditioning", Clearview Getaway offers accommodation in Manson. Leavenworth is 49 km from the property.,,,,,
Washington,Manson,47.90572,-120.19657,Spitzer,5.0,"""Spitzer offers accommodation in Manson. Leavenworth is 49 km from the property.",,,,,,
Washington,Manson,47.87409,-120.15922,Wapato Point Paradise Point,5.0,"""Wapato Point Paradise Point is set in Manson", 49 km from Leavenworth. Chelan is 11 km from the property.,,,,,
Washington,Manson,47.89048,-120.13329,La Via Bella Retreat by the Lake,5.0,"""La Via Bella Retreat by the Lake offers accommodation in Manson. Chelan is 10 km away.",,,,,,
Washington,Manson,47.9104,-120.15535,Lake's Edge Tuscan Lodge,5.0,"""Featuring free WiFi", a seasonal outdoor pool and a sun terrace, Lakes Edge Tuscan Lodge offers accommodation in Manson, 13 km from Chelan. Free private parking is available on site.,,,
Washington,Manson,47.88613,-120.12186,Quail Run Manson,5.0,"""Featuring accommodation with a private pool", lake view and a patio, Quail Run Manson is located in Manson. The air-conditioned accommodation is 11 km from Chelan.,,,,
Washington,Manson,47.88593,-120.14913,Bay View,5.0,"""Bay View offers accommodation in Manson. Chelan is 11 km away.",,,,,,
Washington,Manson,47.87376,-120.16063,Wapato Point Star Of The Lake,5.0,"""Wapato Point Star of the Lake is set in Manson and offers free bikes. The air-conditioned accommodation is 14 km from Chelan.",,,,,,
Washington,Manson,47.91005,-120.19791,Clear Water,5.0,"""Clear Water is located in Shrine Beach", 49 km from Leavenworth. Chelan is 16 km away.,,,,,
Washington,Manson,47.89374,-120.18647,Evening Sunset Retreat,5.0,"""Featuring air conditioning", Evening Sunset Retreat is located in Granite Falls, 48 km from Leavenworth. Chelan is 14 km from the property.,,,,
Washington,Manson,47.88727,-120.15017,Relax In Manson,5.0,"""Relax in Manson is located in Manson", 11 km from Chelan.,,,,,
Washington,Manson,47.88243,-120.15688,Wapato Ridge: Parkway Point,5.0,"""Wapato Ridge: Parkway Point (202) offers accommodation in Manson. Leavenworth is 49 km away.",,,,,,
Washington,Manson,47.89397,-120.18744,Willow Point Hideaway,5.0,"""Offering accommodation with air conditioning", Willow Point Hideaway is situated in Manson, 48 km from Leavenworth. Chelan is 14 km from the property.,,,,
Washington,Manson,47.88251,-120.15617,Wapato Ridge: Cascade Hideaway,5.0,"""Wapato Ridge: Cascade Hideaway (235) is located in Manson", 49 km from Leavenworth. Chelan is 12 km away.,,,,,
Washington,Manson,47.88733,-120.15256,Manson's Bahama House,5.0,"""Featuring air conditioning", Mansons Bahama Pool House is set in Manson, 50 km from Leavenworth. Chelan is 12 km away.,,,,
Washington,Manson,47.88269,-120.15718,Wapato Ridge: Lake Breeze Abode,5.0,"""Wapato Ridge: Lake Breeze Abode (226) offers accommodation in Manson. Leavenworth is 49 km from the property.",,,,,,
Washington,Manson,47.90116,-120.14545,Serenity Lake Getaway,5.0,"""Featuring air conditioning", Serenity Lake Getaway is located in Manson, 12 km from Chelan.,,,,
Washington,Manson,47.88272,-120.158,Wapato Ridge: Kokanee's Hideaway,5.0,"""Wapato Ridge: Kokanees Hideaway (210) offers accommodation in Manson. Leavenworth is 49 km away.",,,,,,
Washington,Manson,47.8635,-120.09449,Point of View,5.0,"""Offering accommodation with air conditioning", Point of View is located in Sunnybank, 6 km from Chelan.,,,,
Washington,Manson,47.91998,-120.17383,Manson's Arrowhead Lake House,5.0,"""Mansons Arrowhead Lake House offers accommodation in Manson. Chelan is 15 km away.",,,,,,
Washington,Manson,47.88331,-120.15792,Wapato Ridge: Lair,5.0,"""Offering accommodation with air conditioning", Wapato Ridge: Lair (216) is situated in Manson, 49 km from Leavenworth. Chelan is 12 km away.,,,,
Washington,Marysville,48.08799,-122.1889,Tulalip Resort Casino,4.0,"""Located adjacent to the Seattle Premium Outlets", this Marysville resort offers multiple dining options and a casino with 2500 slot machines and 60 gaming tables. Guest rooms include free Wi-Fi.,,,,,
Washington,Marysville,48.05027,-122.1827,Village Inn & Suites Marysville,3.0,"""Located off Interstate 5 between Seattle and Vancouver", BC, this Marysville hotel offers guest rooms with free Wi-Fi. Seattle Premium Outlets are 4 miles away.,,,,
Washington,Mazama,48.59579,-120.43893,Freestone Inn,4.0,"""Located in the North Cascades", this lodge features a private lake and all guest rooms offer lake and mountain views. Fishing equipment and bicycles are available for hire from the property.,,,,,
Washington,Monroe,47.86012,-121.97557,Fairground Inn,3.0,"""Offering guests free Wi-Fi and a free continental breakfast", this Monroe motel features rooms with a cable TV and refrigerator. The Evergreen State Fairgrounds are just 4 minutes drive away.,,,,,
Washington,Monroe,47.84524,-121.87298,Thunderbird Cabin 5,5.0,"""Set in Monroe in the Washington State region", Thunderbird One-Bedroom Cabin 5 features a patio. This holiday home offers free private parking, a shared lounge and free WiFi.,,,,
Washington,Monroe,47.84524,-121.87298,Thunderbird Cabin 6,5.0,"""Situated in Monroe in the Washington State region", Thunderbird One-Bedroom Cabin 6 has a patio. This holiday home features free private parking, a shared lounge and free WiFi.,,,,
Washington,Mukilteo,47.94895,-122.30355,Silver Cloud Inn Mukilteo Waterfront,3.0,"""Located next to the Mukilteo-Clinton ferry", this elegant waterfront hotel features views of Possession Sound and Whidbey Island. A complimentary daily breakfast is available.,,,,,
Washington,,46.969755,-124.153946,Ocean Shores Gibsons Bed and Breakfast,3.0,HotelDescription#Further information about this hotel will be available shortly,NO Disability-friendly bathroom NO Wheelchair-accessible NO Garage NO Car park NO Large pets allowed (over 5 kg) NO Connecting rooms NO Small pets allowed (under 5 kg) NO Smoking rooms,,125 Taholah Street SE Ocean ShoresWashington 98569 ,98569,3602897960,http://www.thegibsonsbnb.com/Ocean_Shores_Gibsons_
Washington,Olympia,47.213405,-123.106522,Shelton Inn,2.0,"""<p>HeadLine : Near Mason County Historical Society Museum</p><p>Location : With a stay at Shelton Inn in Shelton", you ll be 6 mi (9.7 km) from Ridge Motorsport Park and 17.7 mi (28.5 km) from Hood Canal.  This motel is 30.3 mi (48.8 km) from Olympic National Park.</p><p>Rooms : Make yourself at home in one of the 32 air-conditioned rooms featuring refrigerators and microwaves. Complimentary wireless Internet access keeps you connected, and cable programming is available for your entertainment. Private bathrooms with shower/tub combinations feature complimentary toiletries and hair dryers. Conveniences include desks and coffee/tea makers, as well as phones with free local calls.</p><p>Dining : Enjoy a satisfying meal at Blondie s serving guests of Shelton Inn.</p><p>CheckIn Instructions : <ul>  <li>Extra-person charges may apply and vary depending on property policy</li><li>Government-issued photo identification and a credit card may be required at check-in for incidental charges</li><li>Special requests are subject to availability upon check-in and may incur additional charges; special requests cannot be guaranteed</li><li>The name on the credit card used at check-in to pay for incidentals must be the primary name on the guestroom reservation</li><li>Guests must contact this property in advance to reserve onsite parking</li><li>This property accepts credit cards; cash is not accepted</li><li>Only bookings from non-local guests are accepted; guests whose residence is within 50 mi (80 km) of the property will not be allowed to check in</li><li>Safety features at this property include a carbon monoxide detector, a fire extinguisher, and a smoke detector</li>  </ul></p><p>Special Instructions : The front desk is open daily from 8 AM - 9:30 PM. To make arrangements for check-in please contact the property at least 24 hours before arrival using the information on the booking confirmation. Prior to arrival, guests must complete online registration with the property via a secure link. Guests will be asked to provide the property with a copy of their government-issued photo ID before arrival. 
Washington,Olympia,47.19564,-122.96077,Arcadia Romantic Getaway,4.0,"""Featuring an outdoor pool and hot tub", Arcadia Romantic Getaway and Clothing-Optional Resort is an adult only, clothing optional lodge in Shelton, Washington. A tennis court and free WiFi access is available here.,,,
Washington,Olympia,47.37067,-123.1589,The Waterfront At Potlatch,5.0,"""Boasting barbecue facilities and a garden", The Waterfront at Potlatch is set in Shelton. All rooms feature a flat-screen TV with cable channels and a private bathroom. The property provides a 24-hour front desk.,,,,,
Washington,Omak,48.41705,-119.51782,Motel Nicholas,2.0,"""This Omak", Washington motel offers simply furnished rooms with free Wi-Fi and cable TV featuring HBO movie channels.  It is located off Route 97.,,,,,
Washington,Omak,48.42163,-119.50452,Omak Inn,2.0,"""This Omak", Washington motel offers fitness centre and rooms with free Wi-Fi.  Omak Airport is 10 minutes drive away.,,,,,
Washington,Packwood,46.64845,-121.61513,Packwood Lodge,1.0,"""Located in Packwood", Packwood Lodge & Cabins features a garden, shared lounge, BBQ facilities, and free WiFi throughout the property. The motel has family rooms.,,
Washington,Packwood,46.58929,-121.68757,Crest Trail Lodge,3.0,"""This Naches", Washington lodge is 25 minutes drive from Whitepass Ski Resort. An evening cocktail reception is offered daily.,,,,,
Washington,Packwood,46.61672,-121.6653,Mountain View Lodge,4.0,"""Offering free WiFi", Mountain View Lodge - No Pets allowed is 30 minutes drive from Packwood Lake.,,,,,
Washington,Packwood,46.61114,-121.67027,Cowlitz River Lodge,1.0,"""Boasting a garden and shared lounge", Cowlitz River Lodge is set in Packwood, 22 km from White Pass Ski Area. Each accommodation has mountain views and free WiFi. Rooms come with a flat-screen TV with satellite channels.,,,,
Washington,Packwood,46.63325,-121.6445,Alpine Adventure Lodge,5.0,"""Alpine Adventure Lodge offers accommodation in Packwood", 28 km from White Pass Ski Area. This property offers access to a patio, free private parking and free WiFi.,,,,
Washington,Poulsbo,47.70404,-122.62281,Grandview Gardens Bed and Breakfast,5.0,"""With sea views", Grandview Gardens Bed and Breakfast is located in Keyport and has free WiFi.,,,,,
Washington,Prosser,46.21575,-119.78733,Vintners Lodge,5.0,"""Set in Prosser", Super 8 by Wyndham Prosser Tri-Cities features a bar. Among the facilities at this property are a 24-hour front desk and a concierge service, along with free WiFi throughout the property. There is a restaurant serving American cuisine, and free private parking is available.,,,
Washington,Puyallup,47.17809,-122.29318,Northwest Motor Inn,1.0,"""A short walk from Good Samaritan Hospital", this Puyallup motel offers on-site laundry facilities, and free Wi-Fi.,,,,
Washington,Puyallup,47.17818,-122.29459,Motel Puyallup,1.0,"""Located 5 minutes walk from Washington State Fairgrounds", this motel offers free Wi-Fi and serves a daily continental breakfast in the lobby. Seattle-Tacoma International Airport is 30 minutes drive away.,,,,,
Washington,Quinault,47.46695,-123.84829,Lake Quinault Lodge,3.0,"""Offering free WiFi and a terrace", Lake Quinault Lodge is located in Quinault. Free private parking is available on site.,,,,,
Washington,Quincy,47.23356,-119.84578,Sundowner Motel,1.0,"""This Washington state motel features rooms with microwaves and refrigerators. The motel is located in downtown Quincy and is 1.5 miles from the Microsoft Corporate Headquarters.",,,,,,
Washington,Quincy,47.22287,-119.99866,Crescent Bar Camping Resort Studio Cabin 1,5.0,"""Set 41 km from The Gorge Amphitheatre and 42 km from Wenatchee Convention Center", Crescent Bar Camping Resort Studio Cabin 1 offers accommodation in Trinidad.,,,,,
Washington,Quincy,47.22287,-119.99866,Crescent Bar Camping Resort Studio Cabin 2,5.0,"""Crescent Bar Camping Resort Studio Cabin 2 features accommodation situated in Trinidad", 41 km from The Gorge Amphitheatre and 42 km from Wenatchee Convention Center.,,,,,
Washington,Quincy,47.22287,-119.99866,Crescent Bar Camping Resort Studio Cabin 3,5.0,"""Set 41 km from The Gorge Amphitheatre and 42 km from Wenatchee Convention Center", Crescent Bar Camping Resort Studio Cabin 1 offers accommodation in Trinidad.,,,,,
Washington,Quincy,47.22287,-119.99866,Crescent Bar Camping Resort Cottage 4,5.0,"""Crescent Bar Camping Resort Studio Cabin 2 features accommodation situated in Trinidad", 41 km from The Gorge Amphitheatre and 42 km from Wenatchee Convention Center.,,,,,
Washington,Redmond,47.67053,-122.054,Meritage Meadows Inn,3.0,"""When you turn into our private drive", you are in a forest of 100+ foot tall evergreens, Cottonwoods, Maples and Alder. Then you emerge to see the inn nestled in the meadows. The city seems miles away, but every luxury is present. Located 12 km away from Woodinville Wine Country, this inn gives guests a choice between a daily free continental or free full hot breakfast. Rooms include cotton waffle weave robes and free Wi-Fi.,
Washington,Redmond,47.62992,-122.13667,Silver Cloud Inn Redmond,3.0,"""Situated just 3 minutes drive from the Microsoft Campus in Redmond", the Silver Cloud Inn Redmond - Bellevue is located in the heart of the Pacific Northwests high-tech corridor. A complimentary hot breakfast buffet, free WiFi, and free parking are featured at this hotel.,,,
Washington,Redmond,47.6688712,-122.120621,Archer Hotel Redmond,4.0,"""Located in Redmond", 5 miles from Crossroads Bellevue, Archer Hotel Seattle/Redmond has accommodations with a restaurant, private parking, a fitness center and a bar. Among the facilities at this property are a 24-hour front desk and room service, along with free WiFi throughout the property.,
Washington,Ritzville,47.12351,-118.38093,Colwell Motor Inn,2.0,"""This downtown Ritzville motel is adjacent to the Ritzville Municipal Airport and 1 mile from Interstate 90. It features spacious rooms with free Wi-Fi.",,,,,,
Washington,SeaTac,47.43392,-122.29584,Wingate by Wyndham SeaTac Airport,3.0,"""Featuring 3-star accommodation", Zone Hotel SeaTac Airport is set in Seattle, 21 km from CenturyLink Field and 24 km from Space Needle. Featuring a fitness centre, the 3-star hotel has air-conditioned rooms with free WiFi, each with a private bathroom. There is free private parking and the property offers free airport shuttle service.,,
Washington,Seattle,47.6985,-122.34491,Crown Inn,2.0,"""Located on Highway 99", this Seattle motel is 3 miles from the Woodlawn Zoo.  It offers simply furnished rooms with free Wi-Fi. Free guest parking is available.,,,,,
Washington,Seattle,47.60962,-122.32654,The Baroness Hotel,2.0,"""Located across from Virginia Mason Medical Center", this hotel is ideally located for both patients and travelers alike. Suites with a full kitchen are offered. Dry cleaning services are also available. Pike Place Market is less than 2 km from the hotel, while the Washington State Convention Center is 750 metres away.,,,,
Washington,Seattle,47.66407,-122.31534,University Motel Suites,2.0,"""Located in the University District", just 1 mile away from University of Washington, this Seattle hotel features fully-equipped kitchens in each spacious apartment-style suite. Free Wi-Fi is provided.,,,,
Washington,Seattle,47.6173,-122.31311,Gaslight Inn,3.0,"""Seattle Gaslight Inn is a recognized Seattle landmark. It features free WiFi throughout the property", and is situated 2.3 km from Pike Place Market.,,,,,
Washington,Seattle,47.61878,-122.30823,Bed & Breakfast Inn Seattle,3.0,"""B & B Inn Seattle is located in Seattle", 2.7 km from Pike Place Market.,,,,,
Washington,Seattle,47.54777,-122.32098,Georgetown Inn Seattle,2.0,"""This Seattle hotel is within 15 minutes drive of the Space Needle and Pikes Place Market. Free Wi-Fi is provided in all rooms and a continental breakfast is served daily.",,,,,,
Washington,Seattle,47.69914,-122.34487,Columbus Motor Inn,2.0,"""NEW and IMPROVED FURNITURE in all of our rooms!!",,,,,,
Washington,Seattle,47.6086,-122.34,Green Tortoise Hostel Seattle,2.0,"""Across from downtown Seattles famous Pike Place Market and near the Seattle Art Museum", this hostel offers free wireless internet access and breakfast consisting of make-your-own oatmeal, fruit, juice, coffee, tea and hot cocoa. Accommodations include towels and linens.,
Washington,Seattle,47.67053,-122.054,Meritage Meadows Inn,3.0,"""When you turn into our private drive", you are in a forest of 100+ foot tall evergreens, Cottonwoods, Maples and Alder. Then you emerge to see the inn nestled in the meadows. The city seems miles away, but every luxury is present. Located 12 km away from Woodinville Wine Country, this inn gives guests a choice between a daily free continental or free full hot breakfast. Rooms include cotton waffle weave robes and free Wi-Fi.,
Washington,Seattle,47.61476,-122.20726,La Residence Suite Hotel,3.0,"""This hotel in Bellevue", Washington is 8.4-miles from the University of Washington. A gym is on site and guest suites feature fully equipped kitchens and free internet access.,,,,,
Washington,Seattle,47.68596,-122.314025,Inn Harmony Prosperity House Bed & Breakfast / Harmony House / Serenity House,3.0,HotelDescription#Further information about this hotel will be available shortly,NO Disability-friendly bathroom NO Smoking rooms NO Large pets allowed (over 5 kg) NO Wheelchair-accessible NO Connecting rooms NO Car park NO Small pets allowed (under 5 kg) NO Garage,,7842 Lake City Way NE SeattleWashington 98115 ,98115,2069223391,http://www.innharmonyguesthouse.com/
Washington,Seattle,47.65756,-122.34704,Marco Polo Motel,2.0,"""This motel is a 5-minute drive from downtown Seattle and the University of Washington. The motel offers free high speed Wi-Fi in every guest room.",,,,,,
Washington,Seattle,47.74729,-122.04723,Auberge de Seattle French Country Inn,3.0,"""Modeled after the boutique French chateaux of the Loire Valley", in Woodinville, Central Seattle is 15 miles away.,,,,
Washington,Seattle,47.56119,-122.37717,The Grove West Seattle Inn,2.0,"""Located in West Seattle", this motel is 10 minutes drive from Alki Beach and Central Seattle. It offers a continental breakfast, free Wi-Fi, and rooms with a 32-inch flat-screen TV.,,,
Washington,Seattle,47.621,-122.344,Seattle Pacific Hotel,2.0,"""This comfortable city hotel is situated within easy reach of Seattle. Space Needle tower is just a few minutes walk away and Pike Place Market is around 2 km from the hotel.",,,,,,
Washington,Seattle,47.62847,-122.32158,Bacon Mansion Bed And Breakfast,5.0,"""Located in Seattle", 3.1 km from Space Needle and 4.8 km from CenturyLink Field, Cecil Bacon Manor provides accommodation with free WiFi and access to a garden with a terrace.,,,,
Washington,Seattle,47.62092,-122.34367,Holiday Inn Express & Suites Seattle City Center,2.0,"""<p>HeadLine : Near Museum of Pop Culture</p><p>Location : A stay at Holiday Inn Express Hotel & Suites Seattle - City Center places you in the heart of Seattle", within a 10-minute walk of Seattle Center and Museum of Pop Culture.  This hotel is 0.5 mi (0.8 km) from Space Needle and 0.5 mi (0.8 km) from Chihuly Garden and Glass.</p><p>Rooms : Make yourself at home in one of the 195 air-conditioned rooms featuring refrigerators and microwaves. Flat-screen televisions with satellite programming provide entertainment, while complimentary wireless Internet access keeps you connected. Conveniences include desks and complimentary newspapers," as well as phones with free local calls.</p><p>Dining : A complimentary buffet breakfast is included.</p><p>CheckIn Instructions : Extra-person charges may apply and vary depending on property policy. <br />Government-issued photo identification and a credit card are required at check-in for incidental charges. <br />Special requests are subject to availability upon check-in and may incur additional charges. Special requests cannot be guaranteed. <ul>  </ul></p>""",Safe-deposit box at front desk Conference space size (meters) - 69 Elevator/lift Conference space size (feet) - 738 Gift shops or newsstand Indoor pool 24-hour front desk Business center Laundry facilities Free breakfast 24-hour fitness facilities Accessible bathroom One meeting room Roll-in shower Dry cleaning/laundry service Free WiFi Self parking (surcharge) In-room accessibility Smoke-free property Multilingual staff,"""                            Distances are displayed to the nearest 0.1 mile and kilometer. <br /> <p>Seattle Center - 0.4 km / 0.3 mi <br /> Museum of Pop Culture - 0.5 km / 0.3 mi <br /> Amazon Corporate Headquarters - 0.7 km / 0.4 mi <br /> Seattle Children s Museum - 0.7 km / 0.4 mi <br /> Space Needle - 0.8 km / 0.5 mi <br /> Chihuly Garden and Glass - 0.8 km / 0.5 mi <br /> Pacific Science Center - 0.8 km / 0.5 mi <br /> Seattle Waterfront - 0.9 km / 0.6 mi <br /> Marion Oliver McCaw Hall - 0.9 km / 0.6 mi <br /> Lake Union - 1.1 km / 0.7 mi <br /> Olympic Sculpture Park - 1.2 km / 0.7 mi <br /> Key Arena - 1.2 km / 0.7 mi <br /> Seattle Central Business District - 1.3 km / 0.8 mi <br /> Pier 69 - 1.3 km / 0.8 mi <br /> Bell Street Cruise Terminal at Pier 66 - 1.3 km / 0.8 mi <br /> </p><p>The nearest airports are:<br />Seattle  WA (LKE-Lake Union) - 1 km / 0.6 mi<br /> Seattle  WA (BFI-Boeing Field) - 12.6 km / 7.8 mi<br /> Kenmore  WA (KEH-Kenmore Air Harbor) - 20.6 km / 12.8 mi<br /> Renton  WA (RNT-Renton Municipal) - 22.3 km / 13.9 mi<br /> Seattle  WA (SEA-Seattle - Tacoma Intl.) - 24.8 km / 15.4 mi<br /> </p><p>The preferred airport for Holiday Inn Express Hotel & Suites Seattle - City Center is Seattle  WA (SEA-Seattle - Tacoma Intl.). </p>",
Washington,Seattle,47.638415,-122.32925,Lake Union Cottage,3.0,HotelDescription#Further information about this hotel will be available shortly,NO Smoking rooms NO Disability-friendly bathroom NO Garage NO Connecting rooms NO Wheelchair-accessible NO Large pets allowed (over 5 kg) NO Small pets allowed (under 5 kg) NO Car park,,58 East Boston Street SeattleWashington 98102 ,98102,2064373672,
Washington,Seattle,47.45108,-122.37409,Three Tree Point Bed & Breakfast,2.0,"""Located in Burien", Three Tree Point Bed and Breakfast features accommodation with seating area.,,,,,
Washington,Seattle,47.61485,-122.34076,Kings Inn,2.0,"""Centrally located in Seattle city centre", this convenient hotel is within walking distance of many of the citys attractions such as the Space Needle and Pike Place Market.,,,,,
Washington,Seattle,47.611609,-122.341281,The Moore,3.0,HotelDescription#Further information about this hotel will be available shortly,,,1926 2nd Avenue SeattleWA 98101 ,98101,,
Washington,Seattle,47.81102,-122.3235,Rodeo Inn,3.0,,Hotel Wyndham - Count on us,,20707 Highway 99 LYNNWOOD ,98036,4257747700,
Washington,Seattle,47.5927,-122.33368,Silver Cloud Hotel Seattle Stadium,4.0,"""This Seattle hotel is located across the street from T-Mobile Park", home of the Seattle Mariners, and next to Lumen Field, home of the Seattle Seahawks and Seattle Sounders. Free Wi-Fi is available in every guest room.,,,
Washington,Seattle,47.62099,-122.19776,Silver Cloud Inn Bellevue Downtown,3.0,"""Bellevue Square and Lincoln Shopping Centers are 12 minutes walk from this downtown Bellevue", Washington hotel," which offers free local shuttles and a fitness centre. A 55"""" flat-screen cable TV is featured in every room.",,,,
Washington,Seattle,47.62992,-122.13667,Silver Cloud Inn Redmond,3.0,"""Situated just 3 minutes drive from the Microsoft Campus in Redmond", the Silver Cloud Inn Redmond - Bellevue is located in the heart of the Pacific Northwests high-tech corridor. A complimentary hot breakfast buffet, free WiFi, and free parking are featured at this hotel.,,,
Washington,Seattle,47.58007,-122.14376,Eastgate Hotel - BW Signature Collection,3.0,"""Welcome to the Eastgate Hotel", BW Signature Collection located in scenic Bellevue, Washington in the heart of the I-90 high-tech corridor just four miles from Microsofts main campus. Downtown Seattle is 12 miles away just across Lake Washington via floating bridge.,,,,
Washington,Seattle,47.6145,-122.3487,Ace Hotel Seattle,3.0,"""Located in the Belltown neighborhood of Seattle", this modern hotel is 750 metres from Pike Place Market and 1.6 km from downtown Seattle. It offers contemporary rooms with free WiFi and a shared breakfast room.,,,,,
Washington,Seattle,47.61166,-122.32034,Silver Cloud Hotel Seattle Broadway,4.0,"""The Space Needle is 2 miles from this hotel in Seattle", Washington. Located in the Capitol Hill neighborhood, the hotel features an on-site restaurant and guest rooms with a 55-inch HD cable TV.,,,,
Washington,Seattle,47.6299,-122.32918,Silver Cloud Inn Seattle Lake Union,3.0,"""Featuring a 55-inch flat-screen cable TV in each room", this Seattle, Washington hotel also provides free WiFi.,,,,
Washington,Seattle,47.66581,-122.30029,Silver Cloud Hotel Seattle University of Washington District,3.0,"""The University of Washington is a half mile from this Seattle hotel"," which features a fitness centre. A 55"""" flat screen TV with cable channels and free Wi-Fi are included in every room.",,,,,
Washington,Seattle,47.61105,-122.34116,Oakwood at Viktoria,5.0,"""Situated in Seattle", 400 metres from Pike Place Market, Oakwood at Viktoria offers accommodation with free WiFi and access to a garden.,,,,
Washington,Seattle,47.3931177565507,-122.292892501852,Kings Arms Motel,3.0,,,,23226 30th Avenue South Des MoinesWashington 98198 ,98198,2068240300,http://www.kingsarmswa.com/
Washington,Seattle,47.7626,-122.20819,McMenamins Anderson School,3.0,"""Featuring a part indoor/outdoor pool and a historic movie theatre", McMenamins Anderson School offers pet-friendly accommodation in Bothell. Guests can enjoy 3 restaurants, including 2 with patios and fire pits.,,,,
Washington,Seattle,47.60529,-122.31897,First Hill Apartments Extended Stay Seattle,2.0,"""Centrally located in downtown Seattle", this extended-stay property is one block from Seattle University and 7 blocks from the Frye Art Museum. It features fully furnished apartments with a full kitchen.,,,,,
Washington,Seattle,47.62,-122.34722,Seattle Center Suites by Nspire,4.0,"""Located 200 metres from Space Needle", Seattle Center Suites by Nspire offers free WiFi.,,,,,
Washington,Seattle,47.61608,-122.33327,Aspira Apartments,4.0,,Private bathrooms Air Condition in rooms Air Conditioned American Express Bathtub or shower Separate living room Separate bedroom Non-Smoking Hotel Free Wireless Internet access Cable / Satellite Television Free Wireless Internet access (inroom) Tea/Coffee Making Facilities Barbecue / Grill Visa Pay Parking Discover Diners Club Terrace / Patio Flat screen TV (LCD  LED or Plasma TV) Toiletries Pets Not Allowed Kitchen MasterCard Fridge Iron & Board 24 Hour fitness facilities Sofa Bed Microwave Limited housekeeping,,1823 Terry Avenue SeattleWashington 98101 ,98101,8552631344,https://www.aspiraseattle.com/
Washington,Seattle,47.61066,-122.34221,Pensione Nichols,3.0,"""Located 5 minutes walk from Pike Place Market", this Seattle B&B offers a continental breakfast. Rooms offer city or mountain views. On the Seattle waterfront, Waterfront Park is 10 minutes walk.,,,,
Washington,Seattle,47.59075,-122.24342,English Tudor View,4.0,"""Offering a tennis court"," English Tudor View """"THE BAKERY"""" is located in Mercer Island. Free WiFi access is available.",,,,,
Washington,Seattle,47.63379,-122.15994,A Cascade View Bed And Breakfast,5.0,"""Featuring free WiFi", A Cascade View Bed And Breakfast offers accommodation in Bellevue. Free private parking is available on site.,,,,,
Washington,Seattle,47.36657,-122.30551,Travel Inn,1.0,"""Located 8 miles away from Seattle-Tacoma International Airport", this Washington motel offers simply furnished rooms equipped with free Wi-Fi.  Free guest parking is offered on-site.,,,,,
Washington,Seattle,47.83448,-122.30271,Best Lynnwood Inn,2.0,"""Featuring 2-star accommodation", Best Lynnwood Inn is located in Lynnwood, 28 km from Space Needle and 30 km from CenturyLink Field. The 2-star motel has air-conditioned rooms with a private bathroom and free WiFi. University of Washington is 24 km from the motel and Seattle Asian Art Museum is 26 km away.,,,,
Washington,Seattle,47.60015,-122.3352,Upscale Apartments in Stadium District,4.0,"""Featuring free WiFi and air conditioning", Upscale Apartments in Stadium District is set in Seattle. Each unit features a fully equipped kitchen with a dishwasher. CenturyLink Field is 800 metres away.,,,,,
Washington,Seattle,47.61692,-122.34695,Centennial Tower and Court Apartments,4.0,"""Offering a spa centre and hot tub", Wall Street Apartment by Stay Alfred is located in Seattle in the Washington State Region. The accommodation features a hot tub. Space Needle is 300 metres from the property.,,,,,
Washington,Seattle,47.6153,-122.34519,Stay Alfred at Moda,3.0,"""Providing barbecue facilities", Stay Alfred at Moda is situated in Seattle, not far from Space Needle and Pike Place Market. Complimentary WiFi is available.,,,,
Washington,Seattle,47.53598,-122.27839,Brighton Guesthouse,3.0,"""Located in Seattle", within a 9 km of CenturyLink Field and Pike Place Market, Brighton Retreat (Walk to Metro) provides accommodation with a garden and free WiFi throughout the property. The property is around 11 km from Space Needle, 11 km from Seattle Center and 7 km from Safeco Field. The property is 9 km from Columbia Center.,,,
Washington,Seattle,47.71723,-122.34554,Emerald Motel Seattle,1.0,"""Featuring 1-star accommodation", Emerald Motel Seattle is set in Seattle, 11 km from Space Needle and 15 km from CenturyLink Field. The 1-star motel has air-conditioned rooms with a private bathroom and free WiFi. The property is non-smoking and is situated 40 km from Tiger Mountain State Forest.,,,,
Washington,Seattle,47.61949,-122.3185,11th Avenue Inn Bed and Breakfast,3.0,"""11th Avenue Inn Bed and Breakfast is located in the Capitol Hill district of Seattle", 1.1 miles from the city centre. A complimentary hot breakfast is provided each morning. Free WiFi access and free parking are available.,,,,,
Washington,Seattle,47.63084,-122.31234,Mildred's Bed & Breakfast,3.0,"""Just opposite the Seattle Asian Art Museum", this boutique B&B offers a continental breakfast. Guests can enjoy free tea, coffee and biscuits. All charming guest rooms include free Wi-Fi.,,,,
Washington,Seattle,47.53674,-122.38498,The Gatewood Bed and Breakfast,3.0,"""Located in Seattle", this accommodation provides free Wi-Fi and daily breakfast. A flat-screen cable TV is offered in each guest room. Seattle city centre is 15 minutes drive away.,,,,,
Washington,Seattle,47.46107,-122.2456,WoodSpring Suites Seattle Tukwila,2.0,"""Featuring 2-star accommodation", WoodSpring Suites Seattle Tukwila is situated in Tukwila, 22 km from Space Needle and 30 km from Tiger Mountain State Forest. Featuring a fitness centre, the 2-star hotel has air-conditioned rooms with a private bathroom. The property is non-smoking and is located 20 km from CenturyLink Field.,,,
Washington,Seattle,47.40324,-122.29761,Legend Motel,5.0,"""Situated in Des Moines", 2.5 km from Des Moines Beach, Legend Motel features accommodation with free WiFi and free private parking. The accommodation provides a 24-hour front desk and a concierge service for guests.,,,,
Washington,Seattle,47.59843,-122.32676,HI Seattle at the American Hotel Hostel,2.0,"""Located 2 blocks from train and bus access", this hostel is situated in the Chinatown-International District of Seattle. It features dormitory guest rooms and is 15 minutes walk from Pike Place Market and Seattle Aquarium.,,,,,
Washington,Seattle,47.55065,-122.39281,Chittenden House Bed & Breakfast,5.0,"""Located in Seattle", Washington State region, Chittenden House Bed and Breakfast is situated 7 km from CenturyLink Field. Featuring a garden, the property is located within 8 km of Pike Place Market. Space Needle is 8 km from the bed and breakfast and Seattle Center is 9 km away.,,,
Washington,Seattle,47.75351,-122.13464,Hideaway Lodge Bed & Breakfast,5.0,"""Set in Woodinville", Hideaway Lodge B and B offers 3.5 acres of gardens and trails. All rooms feature a flat-screen TV with cable channels, a private bathroom, and garden views.,,,
Washington,Seattle,47.6688712,-122.120621,Archer Hotel Redmond,4.0,"""Located in Redmond", 5 miles from Crossroads Bellevue, Archer Hotel Seattle/Redmond has accommodations with a restaurant, private parking, a fitness center and a bar. Among the facilities at this property are a 24-hour front desk and room service, along with free WiFi throughout the property.,
Washington,Seattle,47.7158,-122.34441,Nites Inn Motel,1.0,"""Nites Inn Motel is set in the Northgate district in Seattle", 10 km from Seattle Center. Free WiFi is provided throughout the property and free private parking is available on site.,,,,,
Washington,Seattle,47.60602,-122.31568,The Art Inn Seattle,5.0,"""The ART INN Seattle is situated in Seattle", 2.4 km from CenturyLink Field and 3.5 km from Space Needle. Boasting a garden, the inn is close to several noted attractions, around 1.6 km from Seattle Center Monorail, 1.3 km from Columbia Center and 1.8 km from King Street Station. Free WiFi is available and private parking can be arranged at an extra charge.,,
Washington,Seattle,47.43392,-122.29584,Wingate by Wyndham SeaTac Airport,3.0,"""Featuring 3-star accommodation", Zone Hotel SeaTac Airport is set in Seattle, 21 km from CenturyLink Field and 24 km from Space Needle. Featuring a fitness centre, the 3-star hotel has air-conditioned rooms with free WiFi, each with a private bathroom. There is free private parking and the property offers free airport shuttle service.,,
Washington,Seattle,47.44886,-122.25499,"""Tru By Hilton Tukwila Seattle Airport"," Wa""",2.0,"""Located in Tukwila and within 20 km of CenturyLink Field", Tru By Hilton Tukwila Seattle Airport, Wa features a shared lounge, non-smoking rooms, and free WiFi throughout the property. This 2-star hotel offers free shuttle service and luggage storage space. Guests can have a drink at the snack bar.,
Washington,Seattle,47.6052,-122.33102,LOTTE HOTEL SEATTLE,,"""Situated in Seattle", 2.8 km from Pocket Beach, Lotte Hotel Seattle features accommodation with a fitness centre, private parking, a restaurant and a bar. This 5-star hotel offers room service, a 24-hour front desk and free WiFi. The property is 1.3 km from CenturyLink Field, and within 800 metres of the city centre.
Washington,Seattle,47.42927,-122.29695,SureStay Plus Hotel by Best Western SeaTac Airport,3.0,"""Set 21 km from CenturyLink Field", SureStay Plus Hotel by Best Western SeaTac Airport offers 3-star accommodation in SeaTac and has barbecue facilities. Featuring a shared lounge, the 3-star hotel has air-conditioned rooms with free WiFi, each with a private bathroom. The accommodation offers free shuttle service and luggage storage space for guests.,,,
Washington,Seattle,47.62034,-122.34324,Fairfield Inn & Suites by Marriott Seattle Downtown/Seattle Center,5.0,"""Well located in the centre of Seattle", Fairfield Inn & Suites by Marriott Seattle Downtown/Seattle Center provides continental breakfast and free WiFi throughout the property. The property is located 4.6 km from CenturyLink Field, 29 km from Tiger Mountain State Forest and 1.2 km from Westlake Center. Private parking is available on site.,,,,
Washington,Seattle,47.45341,-122.2494,Element Seattle Sea-Tac Airport,3.0,"""Element Seattle Sea-Tac Airport has a fitness centre", shared lounge, a terrace and bar in Seattle. Featuring free bikes, the 3-star hotel has air-conditioned rooms with free WiFi, each with a private bathroom. The hotel features an indoor pool, hot tub and a 24-hour front desk.,
Washington,Seattle,47.5778,-122.41499,Magpie On Alki,5.0,"""Located a few steps from Alki Beach", ALKI Magpie offers a garden, water sports facilities and air-conditioned accommodation with a patio and free WiFi.,,,,
Washington,Seattle,47.61716,-122.31389,Cozy 2 bdr Apt at heart of Capitol Hill Apt A,5.0,"""Set in Seattle", 3.2 km from Space Needle and 3.4 km from CenturyLink Field, Cozy 2 bdr Apt at heart of Capitol Hill - Apt A provides accommodation with amenities such as free WiFi and a flat-screen TV. This apartment is 28 km from Tiger Mountain State Forest and 2.2 km from Columbia Center.,,,,
Washington,Seattle,47.64501,-122.38843,2805 23rd Ave W Home,5.0,"""2805 23rd Ave W Home is set in Seattle. Guests staying at this holiday home have access to a patio.",,,,,,
Washington,Seattle,47.63979,-122.36879,2402 9th Ave W Duplex Duplex,5.0,"""Set in Seattle", 2.6 km from Pocket Beach, 3.2 km from Seattle Center and 3.8 km from Space Needle, 2402 9th Ave W Duplex Duplex offers accommodation with a patio and free WiFi. The property is 2.5 km from Smith Cove Cruise Terminal at Pier 91 and 2.9 km from International Fountain.,,,
Washington,Seattle,47.60309,-122.30675,Modern Home In Seattle,4.0,"""Boasting city views", Central Modern Home with Rooftop features accommodation with a patio and a kettle, around 3.3 km from Pike Place Market. The air-conditioned accommodation is 2.9 km from CenturyLink Field, and guests benefit from complimentary WiFi and private parking available on site.,,,
Washington,Seattle,47.52874,-122.3859,4126 Sw Thistle St Home,5.0,"""Located in Seattle in the Washington State region", 4126 SW Thistle St Home features a patio. The air-conditioned accommodation is 1.5 km from Lowman Beach, and guests benefit from complimentary WiFi and private parking available on site.,,,,
Washington,Seattle,47.63756,-122.36175,315 W Crockett St Home,5.0,"""Located 2.5 km from Seattle Center", 3.1 km from Space Needle and 4.3 km from Pike Place Market, 315 W Crockett St Home features accommodation situated in Seattle. The accommodation is 6 km from the CenturyLink Field.,,,,
Washington,Seattle,47.60317,-122.30671,Modern Home With Rooftop Oasis,5.0,"""Boasting mountain views", Modern Home with Rooftop Oasis features accommodation with a patio and a kettle, around 4.3 km from Space Needle. The air-conditioned accommodation is 2.9 km from CenturyLink Field, and guests benefit from private parking available on site and free WiFi.,,,
Washington,Seattle,47.53598,-122.27839,Brighton Retreat,3.0,"""Located in Seattle", within a 9 km of CenturyLink Field and Pike Place Market, Brighton Retreat (Walk to Metro) provides accommodation with a garden and free WiFi throughout the property. The property is around 11 km from Space Needle, 11 km from Seattle Center and 7 km from Safeco Field. The property is 9 km from Columbia Center.,,,
Washington,Seattle,47.61719,-122.31393,Beautiful 2 Br House Walking Distance From Downtown,4.0,"""Situated in Seattle", 2.6 km from Pike Place Market and 2.9 km from Space Needle, Beautiful 2 BR Apartment Walking Distance From Downtown offers free WiFi and air conditioning. The property is 1.5 km from Seattle Asian Art Museum and 1.8 km from Washington State Convention Center.,,,,
Washington,Seattle,47.61485,-122.34753,Belltown Court Studio,5.0,"""Situated less than 1 km from the centre of Seattle", a 13-minute walk from Pocket Beach, Belltown Court South features air-conditioned accommodation with a balcony, a restaurant and a casino.,,,
Washington,Seattle,47.61182,-122.31382,1106 C 14th Ave Townhouse,5.0,"""Set in Seattle", 2.6 km from Pike Place Market and 2.9 km from CenturyLink Field, 1106 C 14th Ave Townhouse offers air-conditioned accommodation with a patio and free WiFi. It is located 3.3 km from Space Needle and provides an ATM.,,,,
Washington,Seattle,47.58703,-122.301,The Seattle House Urban Retreat,5.0,"""Situated 5 km from Pike Place Market", 6 km from Space Needle and 7 km from Seattle Center, The Seattle House - Urban Retreat features accommodation located in Seattle. It is set 5 km from CenturyLink Field and offers free WiFi and free private parking.,,,,
Washington,Seattle,47.6371,-122.34122,Lake View 2 bdr Apt in Queen Anne APT A,4.0,"""Set in Seattle", 2.5 km from Space Needle and 3.1 km from Seattle Center, Hosteeva Modern Lake Union View Apt w Balcony offers air-conditioned accommodation with a balcony and free WiFi. The property is 2.2 km from Museum of Pop Culture and 2.9 km from International Fountain.,,,,
Washington,Seattle,47.45536,-122.36835,Olympic View Cottage,5.0,"""Featuring views of the Olympic Mountains and the Puget Sound", Olympic View Cottage is a detached holiday home located in Burien, Washington State. Guests can enjoy privacy on the deck with a hot tub.,,,,
Washington,Seattle,47.64168,-122.35772,Queen Anne Delight,5.0,"""Located in Seattle", Queen Anne Delight is 2.2 km from Seattle Center. Space Needle is 2.5 km away.,,,,,
Washington,Seattle,47.61716,-122.31389,Renovated Bright 1 BR in the heart of Capitol Hill APT B,4.0,"""Situated in Seattle in the Washington State region", Renovated Bright 1 BR in the heart of Capitol Hill  APT B is a 4-star property boasting free WiFi. The 4-star apartment is 3.2 km from Space Needle.,,,,,
Washington,Seattle,47.61716,-122.31389,Renovated Studio in heart of Capitol Hill Apt D,4.0,"""Renovated Studio in heart of Capitol HillApt D in Seattle features accommodation with free WiFi", 2.6 km from Pike Place Market, 2.9 km from Space Needle and 3.3 km from Seattle Center. This apartment is 2 km from Washington State Convention Center and 2.2 km from Columbia Center.,,,,
Washington,Seattle,47.6371,-122.34122,2 BR with Lake View in the Salt Lake Union neighborhood. APT B,3.0,"""Situated within the Queen Anne district in Seattle", Hosteeva 2BR Lake Union View Apartment 2A Steps to Seattle Host Spots has air conditioning, a balcony, and lake views. Free WiFi is available in this apartment, set 2.5 km from Space Needle and 3.1 km from Seattle Center.,,
Washington,Seattle,47.61215,-122.32971,Elektra,5.0,"""Hubble Place Condos features accommodation within 500 metres of the centre of Seattle", with free WiFi, and a kitchen with a fridge, a dishwasher and an oven.,,,
Washington,Seattle,47.46675,-122.36821,Sea To Sky,5.0,"""Featuring mountain views", Sea to Sky provides accommodation with a balcony and a coffee machine, around 2.4 km from Seahurst Beach Park. It features a garden, a terrace, sea views and free WiFi throughout the property.,,
Washington,Seattle,47.6871,-122.33679,Green Lake Awaits,5.0,"""Situated in Seattle", 8.3 km from Space Needle, 12 km from CenturyLink Field and 37 km from Tiger Mountain State Forest, Green Lake Awaits features accommodation with a patio and free WiFi. The property is 8.2 km from International Fountain and 8.7 km from Seattle Asian Art Museum.,,,
Washington,Seattle,47.65487,-122.35307,Fremont Favorite,5.0,"""Fremont Favorite provides accommodation with a kitchen", located in Seattle.,,,,,
Washington,Seattle,47.61454,-122.34822,1st Ave Condo Unit #416 Condo,5.0,"""1St Ave Condo Unit #416 Condo features a balcony and is set in Seattle", within just 800 metres of Pocket Beach and 800 metres of Space Needle. This property offers access to a patio, free private parking and free WiFi.,,,,
Washington,Seattle,47.39479,-122.38571,Home Port,5.0,"""Set in Des Moines in the Washington State region", Home Port has a patio and sea views. The accommodation is 40 km from Seattle.,,,,,
Washington,Seattle,47.73988,-122.34934,Forest Retreat Home Home,5.0,"""Situated in Shoreline in the Washington State region", Forest Retreat Home Home has a patio. The accommodation is 27 km from Bellevue, and guests benefit from complimentary WiFi and private parking available on site.,,,,
Washington,Seattle,47.62953,-122.36931,The Halcyon Suite Du Jour,5.0,"""Featuring garden views", The Halcyon Suite Du Jour provides accommodation with a balcony and a kettle, around 2 km from Seattle Center. Featuring sea and mountain views, this bed and breakfast also offers free WiFi.,,,
Washington,Seattle,47.45414,-122.3683,Island View Spectacular view of Puget Sound and the Olympic Mountains,5.0,"""Featuring accommodation with a patio", Island View-Spectacular view of Puget Sound and the Olympic Mountains is a holiday home located in Gregory Heights.,,,,,
Washington,Sequim,48.07986,-123.11986,Sequim West Inn,1.0,"""Featuring rooms with free Wi-Fi", this Sequim, Washington motel is 5 miles from Sequim Valley Airport. Rooms feature free Wi-Fi and a launderette is on site for guest convenience.,,,,
Washington,Sequim,48.14915,-123.16309,Juan de Fuca Cottages,3.0,"""Offering a private beach area", Juan de Fuca Cottages are located in Sequim. A flat-screen cable TV and DVD player are included in each room.,,,,,
Washington,Sequim,48.08043,-123.10959,Sundowner Motel Sequim,2.0,"""Located off Highway 101 in Sequim town centre", this Washington motel offers simply furnished rooms with free Wi-Fi.  It features free car, truck and RV parking.  7 Cedars Casino is 10 minutes drive away.,,,,
Washington,Sequim,48.05847,-123.17447,Bond Ranch Retreat,2.0,"""Bond Ranch Retreat is a 2-star property located in Sequim. Each accommodation at the 2-star guest house has garden views", and guests can enjoy access to a garden and to barbecue facilities. There is a terrace and guests can make use of free WiFi and free private parking.,,,,,
Washington,Sequim,48.0788,-123.09215,Great House Motel,5.0,"""Great House Motel provides accommodation in Sequim. The motel features both free WiFi and free private parking.",,,,,,
Washington,Sequim,48.14886,-123.1664,Dungeness Barn House Bed & Breakfast,5.0,"""Dungeness Barn House at Two Crows Farm has sea views", free WiFi and free private parking, situated in Sequim.,,,,
Washington,Shelton,47.213405,-123.106522,Shelton Inn,2.0,"""<p>HeadLine : Near Mason County Historical Society Museum</p><p>Location : With a stay at Shelton Inn in Shelton", you ll be 6 mi (9.7 km) from Ridge Motorsport Park and 17.7 mi (28.5 km) from Hood Canal.  This motel is 30.3 mi (48.8 km) from Olympic National Park.</p><p>Rooms : Make yourself at home in one of the 32 air-conditioned rooms featuring refrigerators and microwaves. Complimentary wireless Internet access keeps you connected, and cable programming is available for your entertainment. Private bathrooms with shower/tub combinations feature complimentary toiletries and hair dryers. Conveniences include desks and coffee/tea makers, as well as phones with free local calls.</p><p>Dining : Enjoy a satisfying meal at Blondie s serving guests of Shelton Inn.</p><p>CheckIn Instructions : <ul>  <li>Extra-person charges may apply and vary depending on property policy</li><li>Government-issued photo identification and a credit card may be required at check-in for incidental charges</li><li>Special requests are subject to availability upon check-in and may incur additional charges; special requests cannot be guaranteed</li><li>The name on the credit card used at check-in to pay for incidentals must be the primary name on the guestroom reservation</li><li>Guests must contact this property in advance to reserve onsite parking</li><li>This property accepts credit cards; cash is not accepted</li><li>Only bookings from non-local guests are accepted; guests whose residence is within 50 mi (80 km) of the property will not be allowed to check in</li><li>Safety features at this property include a carbon monoxide detector, a fire extinguisher, and a smoke detector</li>  </ul></p><p>Special Instructions : The front desk is open daily from 8 AM - 9:30 PM. To make arrangements for check-in please contact the property at least 24 hours before arrival using the information on the booking confirmation. Prior to arrival, guests must complete online registration with the property via a secure link. Guests will be asked to provide the property with a copy of their government-issued photo ID before arrival. 
Washington,Shelton,47.19564,-122.96077,Arcadia Romantic Getaway,4.0,"""Featuring an outdoor pool and hot tub", Arcadia Romantic Getaway and Clothing-Optional Resort is an adult only, clothing optional lodge in Shelton, Washington. A tennis court and free WiFi access is available here.,,,
Washington,Shelton,47.37067,-123.1589,The Waterfront At Potlatch,5.0,"""Boasting barbecue facilities and a garden", The Waterfront at Potlatch is set in Shelton. All rooms feature a flat-screen TV with cable channels and a private bathroom. The property provides a 24-hour front desk.,,,,,
Washington,Spokane,47.65623,-117.44116,E.J. Roberts Mansion,5.0,"""Set in Spokane", within 3 km of Spokane Center and 1.2 km of Knitting Factory, EJ Roberts Mansion offers accommodation with a garden and free WiFi throughout the property as well as free private parking for guests who drive. The property is situated 1.8 km from SkyRide, 2.4 km from Riverfront Park and 2.4 km from Spokane Convention Center.,,,
Washington,Spokane,47.653533,-117.41442,Days Inn Spokane,2.0,"""<p>HeadLine : Near Spokane Convention Center</p><p>Location : A stay at Days Inn by Wyndham Spokane places you in the heart of Spokane", within a 15-minute walk of Spokane Convention Center and First Interstate Center for the Arts.  This hotel is 1.7 mi (2.8 km) from Spokane Arena and 1 mi (1.5 km) from Knitting Factory.</p><p>Rooms : Make yourself at home in one of the 88 guestrooms featuring refrigerators and microwaves. Complimentary wireless Internet access keeps you connected, and satellite programming is available for your entertainment. Private bathrooms with shower/tub combinations feature complimentary toiletries and hair dryers. Conveniences include desks and separate sitting areas, as well as phones with free local calls.</p><p>Dining : At Days Inn by Wyndham Spokane," enjoy a satisfying meal at the restaurant. A complimentary continental breakfast is served daily.</p><p>CheckIn Instructions : Extra-person charges may apply and vary depending on property policy. <br />Government-issued photo identification and a credit card are required at check-in for incidental charges. <br />Special requests are subject to availability upon check-in and may incur additional charges. Special requests cannot be guaranteed.  <ul><li>No onsite parking is available. </li>Please note that cultural norms and guest policies may differ by country and by property. The policies listed are provided by the property. </ul></p>""",Luggage storage Water dispenser Concierge services Designated smoking areas 24-hour front desk Free breakfast Business center Vending machine Restaurant Express check-out Wheelchair accessible path of travel Accessible bathroom One meeting room Free WiFi In-room accessibility Computer station Fireplace in lobby,"""                            Distances are displayed to the nearest 0.1 mile and kilometer. <br /> <p>Interplayers Theatre - 0.7 km / 0.4 mi <br /> Sacred Heart Medical Center - 0.8 km / 0.5 mi <br /> Deaconess Medical Center - 0.9 km / 0.5 mi <br /> Spokane Convention Center - 0.9 km / 0.6 mi <br /> Steam Plant Square - 1 km / 0.6 mi <br /> First Interstate Center for the Arts - 1.1 km / 0.7 mi <br /> Looff Carousel - 1.2 km / 0.7 mi <br /> Cathedral of Saint John the Evangelist - 1.2 km / 0.7 mi <br /> Spokane Symphony - 1.2 km / 0.7 mi <br /> Bing Crosby Theater - 1.2 km / 0.7 mi <br /> Knitting Factory - 1.3 km / 0.8 mi <br /> River Park Square - 1.3 km / 0.8 mi <br /> Mobius Children s Museum - 1.3 km / 0.8 mi <br /> Martin Woldson Theater at the Fox - 1.3 km / 0.8 mi <br /> Barrister Winery - 1.3 km / 0.8 mi <br /> </p><p>The nearest airports are:<br />Spokane  WA (GEG-Spokane Intl.) - 11.9 km / 7.4 mi<br /> Spokane  WA (SFF-Felts Field) - 11.2 km / 7 mi<br /> </p><p>The preferred airport for Days Inn by Wyndham Spokane is Spokane  WA (GEG-Spokane Intl.). </p>"
Washington,Spokane,47.68604,-117.41181,Days Inn & Suites by Wyndham Spokane,2.0,"""Featuring 2-star accommodation", Days Inn & Suites by Wyndham Spokane is set in Spokane, 3 km from Spokane Center and 3.1 km from Spokane Convention Center. The 2-star hotel has air-conditioned rooms with a private bathroom and free WiFi. The hotel has family rooms.,,,,
Washington,Spokane,47.4893,-117.57203,Willow Springs Motel,2.0,"""Located 5 minutes walk from Eastern Washington University", this Cheney, Washington motel features rooms with free Wi-Fi. Spokane International Airport is 15 miles away.,,,,
Washington,Spokane,47.64365,-117.58952,Autumn Leaf Furnished Apartments,5.0,"""Located 16 km from Spokane Center", Autumn Leaf Suites offers a fitness centre, a garden and air-conditioned accommodation with a patio and free WiFi.,,,,
Washington,Spokane,47.64997,-117.41396,Hampton Inn & Suites Spokane Downtown-South,3.0,"""Featuring 3-star accommodation", Hampton Inn & Suites Spokane Downtown-South is situated in Spokane, 1.8 km from Riverfront Park and 1.7 km from Knitting Factory. This 3-star hotel offers a 24-hour front desk, a business centre and free WiFi. The property is allergy-free and is located 1.2 km from Spokane Center.,,,
Washington,Spokane,47.66653,-117.4372,Maple Leaf Manor Furnished Apartments,5.0,"""Set in Spokane", 3 km from Spokane Center and 1.3 km from SkyRide, Maple Leaf Manor Suites offers accommodation with free WiFi, a garden with a terrace, and access to an indoor swimming pool and a fitness room.,,
Washington,Spokane,47.67013,-117.18161,River House At The Trailhead,5.0,"""Located in Spokane Valley", River House at the Trailhead provides accommodation with an outdoor pool, free WiFi, a fitness centre and a shared lounge.,,,
Washington,Spokane,47.64363,-117.41053,Manito Flat,5.0,"""Boasting garden views", Manito Flat provides accommodation with a garden and a patio, around 2.8 km from Riverfront Park. The air-conditioned accommodation is 3 km from Spokane Center, and guests benefit from complimentary WiFi and private parking available on site.,,,
Washington,,38.759034,-90.437931,Red Roof Inn Bridgeton,2.0,"""A stay at this hotel means being only minutes away from all the St. Louis area attractions! It is just 6.4 kilometres away from the St. Louis Lambert International Airport and even closer to the concerts at Hollywood Casino Amphitheater", the best shopping deals at St. Louis Outlet Mall and the hiking trails of Saint Stanislaus Conservation Area. The property is also a short drive from the famous Gateway Arch, Saint Louis Zoo and the St. Louis Union Station as well as the campuses of the University of MissouriSt. Louis, Washington University in St. Louis and Saint Louis University.,,,
Washington,Stevenson,45.62467,-122.04616,Cascade Retreat In The Gorge,5.0,"""Offering accommodation with air conditioning", Cascade Retreat in the Gorge is located in Skamania, 49 km from Vancouver. Hood River is 42 km from the property.,,,,
Washington,Stevenson,45.7092,-121.90082,Mystic Mountain Cottage,5.0,"""Featuring a hot tub", Mystic Mountain Cottage is set in Stevenson. The property features mountain views and is 43 km from Troutdale.,,,,,
Washington,Sumner,47.20237,-122.22277,Sumner Motor Inn,4.0,"""Located 35 miles from Mt. Ranier National Park", this Sumner motel offers air-conditioned accommodations and on-site vending machines. Free Wi-Fi is included in all guest rooms.,,,,,
Washington,Sumner,47.23505,-122.24862,Candlewood Suites Sumner - Puyallup Area,5.0,"""Candlewood Suites Sumner Puyallup Area", an IHG Hotel is set in Sumner, within 19 km of Museum of Glass and 41 km of Seward Park. The property is around 47 km from Tiger Mountain State Forest, 47 km from CenturyLink Field and 50 km from Space Needle. The hotel offers a barbecue, a 24-hour front desk, and free WiFi is available.,
Washington,Sunnyside,46.32395,-120.0096,Sunnyside Inn Bed & Breakfast,3.0,"""Located within 15 miles of 9 Yakima Valley wineries", this Sunnyside bed and breakfast offers guest rooms with free Wi-Fi. A full country breakfast featuring fresh local produce is served daily.,,,,,
Washington,Tacoma,46.99211,-121.53126,Alta Crystal Resort,4.0,"""LOGE Alta Crystal Resort at Mt Rainier in Enumclaw has 4-star accommodation with a garden and barbecue facilities. This 4-star hotel offers a ski pass sales point and luggage storage space. The hotel features an outdoor swimming pool", hot tub, evening entertainment and a concierge service.,,,,
Washington,Tacoma,47.31405,-122.30098,Evergreen Inn Federal Way (Ex. Best Western Plus Seattle Federal Way),3.0,"""Located just off I-5 and less than 2 miles from the Pacific Rim Bonsai Collection", this hotel features a heated indoor pool and an on-site American restaurant.,,,,,
Washington,Tacoma,47.24338,-122.37765,Sunshine Motel,1.0,"""Located just off Interstate 5", this Fife, Washington hotel is 2 miles from the Emerald Queen Casino. It features rooms with free Wi-Fi access and on-site laundry facilities.,,,,
Washington,Tacoma,47.178903,-122.462879,Rodeway Inn Tacoma,3.0,HotelDescription#The hotel has easy access to I-5 Freeway and is located close to McCord Air Base and Fort Lewis Army Base.,NO Connecting rooms Fridge NO Small pets allowed (under 5 kg) NO Large pets allowed (over 5 kg) NO Wheelchair-accessible NO Car park NO Garage Continental breakfast  ,,8710 South Hosmer Street Tacoma TacomaWA 98444 ,98444,2535373995,
Washington,Tacoma,47.27647,-122.4674,Silver Cloud Inn Tacoma Waterfront,3.0,"""Located on the shores of Commencement Bay", this hotel offers waterfront lodging in Tacoma. All rooms feature views of the bay and free Wi-Fi.,,,,,
Washington,Tacoma,47.17809,-122.29318,Northwest Motor Inn,1.0,"""A short walk from Good Samaritan Hospital", this Puyallup motel offers on-site laundry facilities, and free Wi-Fi.,,,,
Washington,Tacoma,47.20237,-122.22277,Sumner Motor Inn,4.0,"""Located 35 miles from Mt. Ranier National Park", this Sumner motel offers air-conditioned accommodations and on-site vending machines. Free Wi-Fi is included in all guest rooms.,,,,,
Washington,Tacoma,47.17818,-122.29459,Motel Puyallup,1.0,"""Located 5 minutes walk from Washington State Fairgrounds", this motel offers free Wi-Fi and serves a daily continental breakfast in the lobby. Seattle-Tacoma International Airport is 30 minutes drive away.,,,,,
Washington,Tacoma,46.93849,-121.4723,Crystal Chalets Condominiums,5.0,"""Situated in Greenwater", Crystal Chalets features accommodation with a seating area and flat-screen TV. Complimentary WiFi is provided.,,,,,
Washington,Tacoma,47.10457,-121.59493,Getaway Chalet,3.0,"""Situated in Snoquera in the Washington State region", Getaway Chalet features a balcony. This holiday home features accommodation with a patio and free WiFi.,,,,,
Washington,Tacoma,47.24423,-122.38836,Sunshine Motel Ii,5.0,"""Just 500 metres from the Interstate 5 motorway", the Sunshine Motel II is located in Fife, Washington. An outdoor swimming pool and free WiFi access are featured at this motel.,,,,
Washington,Tacoma,47.34026,-122.58832,Waterfront Inn,5.0,"""Situated in Gig Harbor", 23 km from Museum of Glass, Waterfront Inn features accommodation with a garden, free private parking, a terrace and water sports facilities.,,
Washington,Tacoma,47.29695,-122.21673,The Auburn Motel,5.0,"""Situated in Auburn", 2.6 km from Muckleshoot Casino, Auburn Motel features accommodation with free WiFi and free private parking.,,,,
Washington,Tacoma,47.22257,-122.42943,Hidden Sound Hostel,1.0,"""Set in Tacoma", HiddenSound Hostel offers a garden and free WiFi. All rooms boast a kitchen and a shared bathroom. Museum of Glass is 4.4 km from the hostel and Tacoma Dome is 3.9 km away.,,,,,
Washington,Tacoma,47.23505,-122.24862,Candlewood Suites Sumner - Puyallup Area,5.0,"""Candlewood Suites Sumner Puyallup Area", an IHG Hotel is set in Sumner, within 19 km of Museum of Glass and 41 km of Seward Park. The property is around 47 km from Tiger Mountain State Forest, 47 km from CenturyLink Field and 50 km from Space Needle. The hotel offers a barbecue, a 24-hour front desk, and free WiFi is available.,
Washington,Tacoma,47.25806,-122.4408,McMenamins Elks Temple,5.0,"""Located in Tacoma and with Museum of Glass reachable within 1.8 km", McMenamins Elks Temple provides concierge services, allergy-free rooms, a restaurant, free WiFi throughout the property and a bar. The accommodation offers a 24-hour front desk, an ATM and luggage storage for guests.,
Washington,Tacoma,47.10433,-121.60331,Cozy Studio Apartment,5.0,"""Boasting a garden", a terrace, and barbecue facilities, Cozy Studio Apartment provides accommodation in Greenwater with free WiFi and garden views. Featuring free private parking, the apartment is in an area where guests can engage in activities such as hiking, skiing and fishing.,
Washington,Tacoma,47.1096,-121.60855,Lindgren Haus,5.0,"""Located in Greenwater and only 48 km from White River Amphitheatre", Lindgren Haus provides accommodation with river views, free WiFi and free private parking.,,,,
Washington,Tacoma,47.11189,-121.61148,Wonderland Lodge,5.0,"""Located in Greenwater and only 48 km from White River Amphitheatre", Wonderland Lodge provides accommodation with river views, free WiFi and free private parking. Guests staying at this holiday home have access to a patio.,,,,
Washington, while Smithsonian National Air and Space Museum is 2.8 km from the property. The nearest airport is Ronald Reagan Washington National Airport," 11 km from the hotel. Guests are required to show a photo identification and credit card upon check-in. Please note that all Special Requests are subject to availability and additional charges may apply.""",shared lounge/TV area minimarket on site Daily housekeeping grocery deliveries parking on site Private parking wifi available in all areas board games/puzzles Kid meals Parking garage electric vehicle charging station Accessible parking Wheelchair accessible Toilet with grab rails Higher level toilet Lower bathroom sink Wine/champagne Fruits Visual aids: Braille Visual aids: Tactile signs Auditory guidance Pet basket Pet bowls coffee house on site Outdoor furniture Outdoor fireplace Fitness Movie nights Walking tours Happy hour 24-hour security Security alarm Smoke alarms CCTV in common areas CCTV outside property Fire extinguishers bicycle rental use of cleaning chemicals that are effective against coronavirus linens  towels and laundry washed in accordance with local authority guidelines guest accommodation is disinfected between stays guest accommodation sealed after cleaning physical distancing in dining areas Parking Restaurant Pets allowed Room service meeting/banquet facilities Bar 24-hour front desk Fitness centre Golf course (within 3 km) Terrace Non-smoking rooms Business centre Laundry dry cleaning Facilities for disabled guests breakfast in the room Ironing service internet services lift express check-in/check-out Safety Deposit Box Valet parking Packed lunches Cycling Heating Fax/photocopying breakfast takeaway containers delivered food is securely covered face masks for guests available food can be delivered to guest accommodation staff follow all safety protocols as directed by local authorities shared stationery such as printed menus  magazines  pens  and paper removed hand sanitizer in guest accommodation and key areas process in place to check health of guests first aid kit available contactless check-in/check-out cashless payment available physical distancing rules followed screens or physical barriers placed between staff and guests in appropriate areas invoice provided all plates  cutlery  glasses and other tableware have been sanitized guests have the option to cancel any cleaning services for their accommodation during their stay Luggage storage wifi Free WiFi Non-smoking throughout Air conditioning ATM/cash machine on site concierge service Special diet menus (on request) vending machine (drinks) vending machine (snacks),,"""69 Q Street"," SW  """,,,https://www.booking.com/hotel/us/cambria-washington-dc-capitol-riverfront.html,,,
Washington,Tukwila,47.46107,-122.2456,WoodSpring Suites Seattle Tukwila,2.0,"""Featuring 2-star accommodation", WoodSpring Suites Seattle Tukwila is situated in Tukwila, 22 km from Space Needle and 30 km from Tiger Mountain State Forest. Featuring a fitness centre, the 2-star hotel has air-conditioned rooms with a private bathroom. The property is non-smoking and is located 20 km from CenturyLink Field.,,,
Washington,Tukwila,47.44886,-122.25499,"""Tru By Hilton Tukwila Seattle Airport"," Wa""",2.0,"""Located in Tukwila and within 20 km of CenturyLink Field", Tru By Hilton Tukwila Seattle Airport, Wa features a shared lounge, non-smoking rooms, and free WiFi throughout the property. This 2-star hotel offers free shuttle service and luggage storage space. Guests can have a drink at the snack bar.,
Washington,Union,47.35718,-123.1048,Union City Beach House at Hood Canal Waterfront Vacation Rental,5.0,"""Union City Beach House at Hood Canal", Waterfront Vacation Rental is a waterfront vacation rental home perched on the shores of Hood Canal in Union, Washington. The holiday home boasts views of the Olympic Mountain range and is 90 minutes drive from Seattle.,,,,
Washington,Vancouver,45.58573,-122.40498,Camas Hotel,3.0,"""Built in 1911", this historic boutique hotel in Camas, Washington offers a daily a la carte breakfast, complimentary WiFi and downtown parking.,,,
Washington,Vancouver,45.609557,-122.501077,Best Western Premier Hotel At Fisher's Landing,3.0,"""Situated in beautiful Vancouver", Washington, Best Western Premier Hotel at Fisher's Landing is an ideal choice for business and leisure travelers. Our Vancouver, WA hotel offers a truly refined atmosphere with superior comfort and service. Sleep peacefully on a plush bed and marvel at high-end amenities and luxury Nest bath products. All of our smoke-free rooms feature stylish furnishings and amenities including a plush sleeper sofa in each room, flat screen TVs with cable HD channels and free high-speed Internet. You will feel right at home with a convenient mini-refrigerator, microwave and Nespresso® coffee machine. Wake up to a complimentary hot breakfast and recharge at our modern fitness center featuring Life Fitness equipment with interactive video consoles. ,
Washington,Vancouver,45.62584,-122.68156,"""Hotel Indigo - Vancouver Dwtn - Portland Area"," an IHG Hotel""",5.0,"""Hotel Indigo - Vancouver Dwtn - Portland Area", an IHG Hotel features a fitness centre, terrace, a restaurant and bar in Vancouver. Located around 10 km from University of Portland, the hotel with free WiFi is also 12 km away from Moda Center. The accommodation provides room service and a 24-hour front desk for guests.,
Washington,Vancouver,45.61738,-122.18334,River Bend Lodge,5.0,"""Set in Washougal", River Bend Lodge is 6 km from Multnomah Falls.,,,,,
Washington,Vancouver,45.61701,-122.1833,Eva's Cottage Romancing the River,5.0,"""Evas Cottage - Romancing the River is a holiday home located in Washougal", 6 km from Multnomah Falls.,,,,,
Washington,Vancouver,45.62223,-122.55442,Rodeway Inn Vancouver,1.0,"""Portland International Airport is 10 minutes drive from Super 8 by Wyndham Vancouver East. Satellite TV with Showtime and free Wi-Fi are available in every room.",,,,,,
Washington, Virginia is 5.8 km from Blue Rock, while Five Forks is 7.1 km from the property. The nearest airport is Charlottesville Albemarle Airport," 74 km from the hotel. Guests are required to show a photo identification and credit card upon check-in. Please note that all Special Requests are subject to availability and additional charges may apply.""",invoice provided hand sanitizer in guest accommodation and key areas Fire extinguishers Smoke alarms Live music/performance Outdoor fireplace Outdoor furniture Wine/champagne wifi available in all areas Private parking parking on site Daily housekeeping Air conditioning Free WiFi wifi Horse riding Hiking Canoeing internet services Free parking breakfast in the room Non-smoking rooms Golf course (within 3 km) Bar Restaurant Parking,,12567 Lee Highway WashingtonVirginia 22747 ,22747,5409873388,http://www.bluerockinn.com/,,,
Washington,,38.895018,-77.02331,The Lexington at Market Square,3.0,HotelDescription#Further information about this hotel will be available shortly,NO Car park NO Disability-friendly bathroom NO Connecting rooms NO Wheelchair-accessible NO Small pets allowed (under 5 kg) NO Garage NO Smoking rooms NO Large pets allowed (over 5 kg),,400 8th Street North West WashingtonDistrict of Columbia 20004 ,20004,8882968969,https://www.bozzuto.com/apartments/communities/27-
Washington,,38.9077437,-77.0436557,Inn at Dupont Circle,3.0,HotelDescription#Further information about this hotel will be available shortly,NO Small pets allowed (under 5 kg) NO Disability-friendly bathroom NO Smoking rooms NO Large pets allowed (over 5 kg) NO Car park NO Wheelchair-accessible NO Connecting rooms NO Garage,,1312 19th Street NW WashingtonDistrict of Columbia 20036 ,20036,2024676777,http://www.thedupontcollection.com/dupontsouth.php
Washington,,38.9258,-77.05374,Woodley Park Guest House,4.0,"""Woodley Park Guest House is a beautiful home built in 1907", which underwent a major restoration in 2000. There are 14 charming guest rooms, a lovely dining area, and a comfortable front porch for enjoying gorgeous DCs beautiful weather. This quiet and relaxing bed and breakfast in Washington, D.C. boasts a daily continental breakfast and free internet access. The National Zoo is 5 minutes walk away and the Woodley Park Metro station is 2 minutes walk away.,,
Washington,,38.905010518,-77.059521675,Latham Hotel Georgetown,3.0,,Year of construction : 1976 NO Connecting rooms Hotel American Express Diners Club MasterCard Visa Bathroom Shower Bathtub Hairdryer Internet access Direct dial telephone TV Radio Fridge Tea and coffee making facilities Ironing set Carpeted floors Individually adjustable air conditioning   Individually adjustable heating NO Small pets allowed (under 5 kg) NO Large pets allowed (over 5 kg) NO Wheelchair-accessible YES Car park NO Garage 24-hour reception Room service Laundry service(Additional Fee) Air conditioning in public areas   Hotel safe Cloakroom Lift access Gym Bar Restaurant Non-smoking area Air conditioning in Restaurant   Conference room Breakfast   Set menu dinner,,3000 M Street Nw Washington 20007District of Columbia ,20007,2027265000,
Washington,,46.455430685725,-120.22961139679,Hawk Haven Guest Houses,3.0,HotelDescription#Further information about this hotel will be available shortly,NO Connecting rooms NO Garage NO Car park NO Wheelchair-accessible NO Smoking rooms NO Disability-friendly bathroom NO Large pets allowed (over 5 kg) NO Small pets allowed (under 5 kg),,2060 Bailey Road ZillahWashington 98953-9621 ,98953,5099456455,http://www.hawk-haven.com/home.asp
Washington,,38.93053,-77.02988,Gorgeous One,5.0,"""Situated in Washington", 3 km from Phillips Collection and 3.4 km from Walter E Washington Convention Center, Gorgeous Refurbished 2Bdrm Home provides accommodation with amenities such as free WiFi and a flat-screen TV. Housed in a building dating from 1995, this apartment is 4.4 km from White House and 4.8 km from Washington Monument.,,,
Washington,,38.90856,-77.04239,1347 Connecticut Northwest Apartment #1051 Apts,5.0,"""In a central area of Washington", located within a short distance of Phillips Collection and White House, 1347 Connecticut Northwest Apartment #1051 Apts offers free WiFi, air conditioning and household amenities such as a toaster and coffee machine. The property is 2.8 km from Washington Monument and 2.8 km from Vietnam Veterans Memorial.,,,
Washington,,38.91666,-77.02935,U Street Hostel,5.0,"""Located in Washington", 1.9 km from Phillips Collection, U Street Capsule Hostel features air-conditioned rooms with free WiFi and express check-in and check-out. The property is situated 2.1 km from Walter E Washington Convention Centre, 3.1 km from White House and 3.4 km from Washington Monument. The accommodation provides evening entertainment and a shared lounge.,,,
Washington,,38.90828,-77.04139,1331 Northwest Apartment #1070 Apts,5.0,"""In the heart of Washington", set within a short distance of Phillips Collection and White House, 1331 Northwest Apartment #1070 Apts offers free WiFi, air conditioning and household amenities such as a fridge and coffee machine. The property is 2.7 km from Washington Monument and 3 km from Vietnam Veterans Memorial.,,,
Washington,,38.90292,-77.04899,1004 Northwest Apartment #1083,5.0,"""Right in the heart of Washington", situated within a short distance of White House and Phillips Collection, 1004 Northwest Apartment #1083 offers free WiFi, air conditioning and household amenities such as a fridge and coffee machine. The property is 2.5 km from Walter E Washington Convention Center and 2.8 km from Washington Monument.,,,
Washington,,38.90522,-77.02672,1123 Northwest Apartment #1052 Apts,5.0,"""Right in the centre of Washington", situated within a short distance of Walter E Washington Convention Center and Newseum, 1123 Northwest Apartment #1052 Apts offers free WiFi, air conditioning and household amenities such as a fridge and coffee machine. The property is 2.1 km from National Gallery of Art and 2.2 km from Washington Monument.,,,
Washington,,38.90828,-77.04139,1331 Northwest Apartment #1066 Apts,5.0,"""Right in the heart of Washington", situated within a short distance of Phillips Collection and White House, 1331 Northwest Apartment #1066 Apts offers free WiFi, air conditioning and household amenities such as a fridge and coffee machine. The property is 2.7 km from Washington Monument and 3 km from Vietnam Veterans Memorial.,,,
Washington,,38.90522,-77.02672,1123 Northwest Apartment #1068 Apts,5.0,"""Right in the heart of Washington", situated within a short distance of Walter E Washington Convention Center and Newseum, 1123 Northwest Apartment #1068 Apts offers free WiFi, air conditioning and household amenities such as a fridge and coffee machine. This apartment is 2.1 km from National Gallery of Art and 2.2 km from Washington Monument.,,,
Washington,,38.90853,-77.04235,1347 Northwest Apartment #1053 Apts,5.0,"""Right in the centre of Washington", set within a short distance of Phillips Collection and White House, 1347 Northwest Apartment #1053 Apts offers free WiFi, air conditioning and household amenities such as a toaster and coffee machine. The property is 2.8 km from Washington Monument and 2.8 km from Vietnam Veterans Memorial.,,,
Washington,,38.90522,-77.02672,1123 Northwest Apartment #1014 Apts,5.0,"""Right in the centre of Washington", situated within a short distance of Walter E Washington Convention Center and Newseum, 1123 Northwest Apartment #1014 Apts offers free WiFi, air conditioning and household amenities such as a fridge and coffee machine. This apartment is 2.1 km from National Gallery of Art and 2.2 km from Washington Monument.,,,
Washington,,38.90522,-77.02672,1123 Northwest Apartment #1029 Apts,5.0,"""In the centre of Washington", located within a short distance of Walter E Washington Convention Center and Newseum, 1123 Northwest Apartment #1029 Apts offers free WiFi, air conditioning and household amenities such as a fridge and coffee machine. The property is 2.1 km from National Gallery of Art and 2.2 km from Washington Monument.,,,
Washington,,38.90828,-77.04139,1331 Northwest Apartment #1069 Apts,5.0,"""Right in the heart of Washington", situated within a short distance of Phillips Collection and White House, 1331 Northwest Apartment #1069 Apts offers free WiFi, air conditioning and household amenities such as a fridge and coffee machine. The property is 2.7 km from Washington Monument and 3 km from Vietnam Veterans Memorial.,,,
Washington,,38.90706,-77.03429,Apt ideally situated in DC walk to metro Dupont Logan & monuments,5.0,"""Apt ideally situated in DC walk to metro", Dupont, Logan, & monuments! is located in the Northwest district of Washington, 1.9 km from White House, 2.2 km from Washington Monument and 2.2 km from Phillips Collection. The air-conditioned accommodation is 1.4 km from Walter E Washington Convention Center, and guests benefit from private parking available on site and free WiFi.
Washington, Virginia is 5.8 km from Blue Rock, while Five Forks is 7.1 km from the property. The nearest airport is Charlottesville Albemarle Airport," 74 km from the hotel. Guests are required to show a photo identification and credit card upon check-in. Please note that all Special Requests are subject to availability and additional charges may apply.""",Parking Restaurant Bar Golf course (within 3 km) Non-smoking rooms breakfast in the room Free parking internet services Canoeing Hiking Horse riding wifi Free WiFi Air conditioning Daily housekeeping parking on site Private parking wifi available in all areas Wine/champagne Outdoor furniture Outdoor fireplace Live music/performance Smoke alarms Fire extinguishers hand sanitizer in guest accommodation and key areas invoice provided,,12567 Lee Highway WashingtonVirginia 22747 ,22747,5409873388,http://www.bluerockinn.com/,,,
Washington, while Smithsonian National Air and Space Museum is 2.8 km from the property. The nearest airport is Ronald Reagan Washington National Airport," 11 km from the hotel. Guests are required to show a photo identification and credit card upon check-in. Please note that all Special Requests are subject to availability and additional charges may apply.""",shared lounge/TV area minimarket on site Daily housekeeping grocery deliveries parking on site Private parking wifi available in all areas board games/puzzles Kid meals Parking garage electric vehicle charging station Accessible parking Wheelchair accessible Toilet with grab rails Higher level toilet Lower bathroom sink Wine/champagne Fruits Visual aids: Braille Visual aids: Tactile signs Auditory guidance Pet basket Pet bowls coffee house on site Outdoor furniture Outdoor fireplace Fitness Movie nights Walking tours Happy hour 24-hour security Security alarm Smoke alarms CCTV in common areas CCTV outside property Fire extinguishers bicycle rental use of cleaning chemicals that are effective against coronavirus linens  towels and laundry washed in accordance with local authority guidelines guest accommodation is disinfected between stays guest accommodation sealed after cleaning physical distancing in dining areas Parking Restaurant Pets allowed Room service meeting/banquet facilities Bar 24-hour front desk Fitness centre Golf course (within 3 km) Terrace Non-smoking rooms Business centre Laundry dry cleaning Facilities for disabled guests breakfast in the room Ironing service internet services lift express check-in/check-out Safety Deposit Box Valet parking Packed lunches Cycling Heating Fax/photocopying breakfast takeaway containers delivered food is securely covered face masks for guests available food can be delivered to guest accommodation staff follow all safety protocols as directed by local authorities shared stationery such as printed menus  magazines  pens  and paper removed hand sanitizer in guest accommodation and key areas process in place to check health of guests first aid kit available contactless check-in/check-out cashless payment available physical distancing rules followed screens or physical barriers placed between staff and guests in appropriate areas invoice provided all plates  cutlery  glasses and other tableware have been sanitized guests have the option to cancel any cleaning services for their accommodation during their stay Luggage storage wifi Free WiFi Non-smoking throughout Air conditioning ATM/cash machine on site concierge service Special diet menus (on request) vending machine (drinks) vending machine (snacks),,"""69 Q Street"," SW  """,,,https://www.booking.com/hotel/us/cambria-washington-dc-capitol-riverfront.html,,,
Washington,Washougal,45.61738,-122.18334,River Bend Lodge,5.0,"""Set in Washougal", River Bend Lodge is 6 km from Multnomah Falls.,,,,,
Washington,Washougal,45.61701,-122.1833,Eva's Cottage Romancing the River,5.0,"""Evas Cottage - Romancing the River is a holiday home located in Washougal", 6 km from Multnomah Falls.,,,,,
Washington,Wenatchee,47.429312071916,-120.32509401441,IvyWild Inn,3.0,HotelDescription#Further information about this hotel will be available shortly,NO Garage NO Small pets allowed (under 5 kg) NO Wheelchair-accessible NO Disability-friendly bathroom NO Connecting rooms NO Smoking rooms NO Car park NO Large pets allowed (over 5 kg),,410 North Miler Street WenatcheeWashington 98801 ,98801,5092935517,http://www.theivywildinn.com/
Washington,Wenatchee,47.47613,-120.37676,Warm Springs Inn & Winery,3.0,"""Offering a sun terrace and a private beach area", Warm Springs Inn & Winery is set in Wenatchee in the Washington State Region, 25 km from Leavenworth. Guests can enjoy the on-site bar. Free WiFi is offered throughout the property and free private parking is available on site.,,,,
Washington,Wenatchee,47.44751,-120.33061,Value Inn,2.0,"""avid  hotel Wenatchee offers free Wi-Fi and a complimentary breakfast consisting of waffles and coffee.",,,,,,
Washington,Wenatchee,47.4267313283,-120.308755073,Hilton Garden Inn Wenatchee,3.0,"""Due to the current travel environment", this hotel is currently not accepting guests for a short period. Reservations are available for future dates. Please see below for up-to-date policy information and ways to contact Hilton Guest Assistance. We look forward to welcoming you to the hotel soon.Enjoy a tranquil retreat at our Hilton Garden Inn Wenatchee hotel. As the city's only riverfront hotel, we offer a majestic setting on the banks of the Columbia River with the stunning backdrop of snow-capped mountains. The pedestrian bridge just outside our hotel links you to Wenatchee Convention Center and Historic Downtown, where you'll find quaint shops, restaurants, breweries and wine tasting rooms. Pybus Market is next door as well as access to the Apple Capital Loop Trail.,
Washington,Wenatchee,47.44751,-120.33061,avid hotels - Wenatchee,2.0,"""Offering a seasonal outdoor pool", this Wenatchee motel offers free Wi-Fi and a complimentary breakfast consisting of waffles and coffee.,,,,,
Washington,Westport,46.89556,-124.105,Breakers Boutique Inn,5.0,"""Breakers Boutique Inn is located in Westport.",,,,,,
Washington,Westport,46.88467,-124.11109,Pacific Motel & Rv Inc,5.0,"""Located in Westport", Pacific Motel and RV features a garden. The accommodation provides an outdoor swimming pool, a 24-hour front desk, where staff can assist guests, as well as free WiFi throughout the property.,,
Washington,Westport,46.8881,-124.10286,Glenacres Inn,5.0,"""Glenacres Historic Inn is located in the center of Westport in-between the marina", harbour and ocean beaches. The inn boasts a sun terrace, harbor views and offers free on-site private parking.,,,,
Washington,Westport,46.88652,-124.10634,Ocean Avenue Inn,2.0,"""Located in 5 minutes walk away from Grays Harbor Lighthouse", this Westport motel offers room with free WiFi. Free guest parking is available.,,,,,
Washington,Westport,46.87818,-124.10461,McBee's Silver Sands Motel,5.0,"""Set in Westport", 1.9 km from Westport Beach, Silver Sands Motel offers express check-in and check-out and free WiFi throughout the property. The motel has family rooms.,,,,
Washington,Westport,46.8865,-124.10717,Mariners Cove Inn,5.0,"""Featuring free WiFi", Mariners Cove Inn offers pet-friendly accommodation in Westport, 80.5 km from Ocean Shores. Free private parking is available on site.,,,,
Washington,Westport,46.90926,-124.11575,The Westport Inn & Cabins,3.0,"""Situated in Westport", within 1.1 km of Westhaven State Park Beach and 1.8 km of Westport Beach, Westport Inn Cabins features accommodation with barbecue facilities and free WiFi throughout the property as well as free private parking for guests who drive. This 3-star hotel offers room service. The hotel has family rooms.,,,,
Washington,Westport,46.87624,-124.12086,Mandala Sands,5.0,"""This beachfront property", located in Westport, is a self-catering accommodation with panoramic beach and ocean views. A nautical décor theme, a fully equipped kitchen, and free Wi-Fi access are offered here at Mandala Sands.,,
Washington,Westport,46.91188,-124.11644,Westport Marina Cottages,5.0,"""Offering a barbecue and views of the water", Westport Marina Cottages is set in Westport. Free WiFi is featured throughout the property and free private parking is available on site.,,,,,
Washington,Westport,46.87363,-124.10393,Loge Westport,5.0,"""Situated 10 minutes from the beach in Westport", LOGE Westport features various forms of accommodation, including a hostel, RV sites, campsites, and pet-friendly motel rooms. Free WiFi is included throughout the property.,
Washington,Westport,46.88479,-124.11372,Allee Beach House,5.0,"""Allee Beach House offers accommodation in Westport", 1.2 km from Westport Beach. This property offers access to a patio, free private parking and free WiFi.,,,,
Washington,Westport,46.87546,-124.10613,Crews Quarters,5.0,"""Situated in Westport in the Washington State region", Crews Quarters features a patio. Located 1.7 km from Westport Beach, the property provides a bar and free private parking.,,,,
Washington,Westport,46.8751,-124.12117,Jaeger,5.0,"""Featuring a hot tub", Jaeger is set in Westport. This beachfront property offers access to a balcony and free WiFi.,,,,,
Washington,Westport,46.88752,-124.11242,Crabbin Cabin You Won't Be Crabby After Staying Here,5.0,"""Crabbin Cabin - You Wont Be Crabby After Staying Here! is situated in Westport. The accommodation is 1.4 km from Westport Beach", and guests benefit from complimentary WiFi and private parking available on site.,,,,,
Washington,Westport,46.84588,-124.1084,Spyglass Dunes,5.0,"""Spyglass Dunes", featuring barbecue facilities, is set in Pacific Beach, 70 metres from Grayland Beach and 1.6 km from Westport Beach. This property offers access to a patio, free private parking and free WiFi.,,
Washington, the holiday home has a kitchen with a fridge, an oven and a dishwasher, a living room, a dining area, 2 bedrooms," and 2 bathrooms with a shower. Towels and bed linen are offered in the holiday home. Guests are required to show a photo identification and credit card upon check-in. Please note that all Special Requests are subject to availability and additional charges may apply.""",Parking Picnic area Pets allowed Non-smoking rooms Fishing Laundry Family rooms Free parking internet services BBQ facilities Heating wifi Free WiFi Non-smoking throughout parking on site Private parking wifi available in all areas Outdoor furniture invoice provided,,4405 Washington 105  ,98547,,https://www.booking.com/hotel/us/spyglass-dunes.html
Washington,Winthrop,48.47661,-120.18294,Hotel Rio Vista,3.0,"""Hotel Rio Vista is located in Winthrop. All rooms include views of the river. Free Wi-Fi access is available.",,,,,,
Washington,Winthrop,48.4699,-120.17661,Mt Gardner Inn,3.0,"""Located 1 km from the centre of Winthrop", this inn offers gorgeous sunset views of the Cascade Mountains. It offers rooms with free WiFi.  Ski passes are available on site.,,,,,
Washington,Winthrop,48.47971,-120.18614,River's Edge Resort,,"""Rivers Edge Resort is located in downtown Winthrop", Washington. The accommodations here provide guests with a private deck with a hot tub. Guests staying in the chalets can enjoy a full-sized kitchen, while the cottages feature a kitchenette.,,,,
Washington,Winthrop,48.46568,-120.17366,Winthrop Inn,2.0,"""Hot air balloon rides can be arranged on site at this unique Winthrop Inn. Free Wi-Fi and a seasonal hot tub are also available.",,,,,,
Washington,Winthrop,48.47644,-120.1987,River Run Inn,3.0,"""Located just 15 miles out of the beautiful North Cascade National Park and less than a 15 minute walk from the historic center of Winthrop", River Run Inn features a western frontier theme.,,,,,
Washington,Winthrop,48.47337,-120.17863,Methow River Lodge & Cabins,5.0,"""Situated in Winthrop", Methow River Lodge Cabins has free bikes, garden, terrace, and free WiFi throughout the property. The accommodation offers a ski pass sales point, as well as ski-to-door access and barbecue facilities. Guests can enjoy river views.,
Washington,Winthrop,48.47738,-120.18384,Duck Brand Hotel And Restaurant,5.0,"""Duck Brand Hotel & Cuisine now the Observatory Inn features free WiFi and views of river in Winthrop. The hotel offers garden views and a terrace.",,,,,,
Washington,Woodinville,47.74729,-122.04723,Auberge de Seattle French Country Inn,3.0,"""Modeled after the boutique French chateaux of the Loire Valley", in Woodinville, Central Seattle is 15 miles away.,,,,
Washington,Woodinville,47.75351,-122.13464,Hideaway Lodge Bed & Breakfast,5.0,"""Set in Woodinville", Hideaway Lodge B and B offers 3.5 acres of gardens and trails. All rooms feature a flat-screen TV with cable channels, a private bathroom, and garden views.,,,
Washington,Yakima,46.61172,-120.51103,Bali Hai Motel,1.0,"""Located off Route 82", this budget Yakima, Washington motel offers rooms with free Wi-Fi. Yakima Convention Center is 1 mile away.,,,,
Washington,Yakima,46.61622,-120.51291,Budget Inn Yakima,2.0,"""Econo Lodge is within 2 km from Yakima Capital Theatre and Yakima Mall. It offers a seasonal outdoor pool", a coin-operated laundrette and free parking on site.,,,,,
Washington,Yakima,46.62347,-120.51224,Sun Country Inn,2.0,"""Featuring barbecue facilities", The Hotel Y is set in Yakima in the Washington State region, 4.1 km from Yakima Convention Center. Boasting a 24-hour front desk, this property also provides guests with a sun terrace. There is a seasonal outdoor pool and guests can make use of free WiFi and free private parking.,,,
Washington,Zillah,46.455430685725,-120.22961139679,Hawk Haven Guest Houses,3.0,HotelDescription#Further information about this hotel will be available shortly,NO Connecting rooms NO Garage NO Car park NO Wheelchair-accessible NO Smoking rooms NO Disability-friendly bathroom NO Large pets allowed (over 5 kg) NO Small pets allowed (under 5 kg),,2060 Bailey Road ZillahWashington 98953-9621 ,98953,5099456455,http://www.hawk-haven.com/home.asp
