{"type": "FeatureCollection", "name": "Arkansas_park", "crs": {"type": "name", "properties": {"name": "urn:ogc:def:crs:EPSG::3857"}}, "features": [{"type": "Feature", "properties": {"OBJECTID": 244, "CreationDate": "2025-01-14T11:11:12Z", "Creator": "NPS_WASO_LANDS", "EditDate": "2025-01-14T11:11:12Z", "Editor": "NPS_WASO_LANDS", "GlobalID": "{25ABA371-803F-45B0-948F-72E0CB78F094}", "AreaID": 251, "UNIT_CODE": "WICL", "GIS_Notes": "Lands - http://landsnet.nps.gov/tractsnet/documents/WICL/Metadata/wicl_metadata.xml", "UNIT_NAME": "President William Jefferson Clinton Birthplace Home National Historic Site", "DATE_EDIT": "2024-09-18T00:00:00Z", "STATE": "AR", "REGION": "MW", "GNIS_ID": "2733433", "UNIT_TYPE": "National Historic Site", "CREATED_BY": "Lands", "METADATA": "https://irma.nps.gov/DataStore/Reference/Profile/2169653", "PARKNAME": "President William Jefferson Clinton Birthplace Home", "SHAPE_Length": 312.1922751594038, "SHAPE_Area": 3429.10649105841}, "geometry": {"type": "MultiPolygon", "coordinates": [[[[-10419109.0469, 3984204.8654000014], [-10419126.6308, 3984199.8762999997], [-10419132.8633, 3984221.4448999986], [-10419115.2471, 3984226.405199997], [-10419109.0469, 3984204.8654000014]]], [[[-10419064.1135, 3984247.293399997], [-10419134.3886, 3984227.0688000023], [-10419129.6278, 3984231.902800001], [-10419134.9063, 3984271.3158000037], [-10419124.1009, 3984276.538999997], [-10419111.9275, 3984281.8960999995], [-10419089.3142, 3984291.164800003], [-10419077.6248, 3984294.5579999983], [-10419068.2784, 3984261.8751000017], [-10419064.1135, 3984247.293399997]]]]}}, {"type": "Feature", "properties": {"OBJECTID": 275, "CreationDate": "2025-01-14T11:11:12Z", "Creator": "NPS_WASO_LANDS", "EditDate": "2025-01-14T11:11:12Z", "Editor": "NPS_WASO_LANDS", "GlobalID": "{4024A3E4-1EE5-4862-ADD7-25DBAE88E8B2}", "AreaID": 287, "UNIT_CODE": "ARPO", "GIS_Notes": "Lands - http://landsnet.nps.gov/tractsnet/documents/ARPO/Metadata/arpo_metadata.xml", "UNIT_NAME": "Arkansas Post National Memorial", "DATE_EDIT": "2010-12-13T00:00:00Z", "STATE": "AR", "REGION": "MW", "GNIS_ID": "2733432", "UNIT_TYPE": "National Memorial", "CREATED_BY": "Lands", "METADATA": "https://irma.nps.gov/DataStore/Reference/Profile/2167744", "PARKNAME": "Arkansas Post", "SHAPE_Length": 14849.87248826697, "SHAPE_Area": 4505848.735355703}, "geometry": {"type": "MultiPolygon", "coordinates": [[[[-10159225.3155, 4026067.8999999985], [-10159544.5199, 4025900.955799997], [-10159716.2163, 4025585.4965000004], [-10159779.3906, 4025589.4758], [-10159785.0805, 4025641.918200001], [-10159785.8984, 4025707.838200003], [-10159789.7592, 4025768.1797999963], [-10159796.5718, 4025835.8668000028], [-10159805.2722, 4025879.4420000017], [-10159819.873, 4025941.4201999977], [-10159833.0332, 4025961.3325999975], [-10159853.8096, 4025996.3786000013], [-10159868.542, 4026036.5508999974], [-10159882.1471, 4026054.3122000024], [-10159888.8313, 4026079.779100001], [-10159892.1087, 4026110.271499999], [-10159903.1018, 4026133.1843999997], [-10159916.2229, 4026158.697300002], [-10159931.4492, 4026189.8264999986], [-10159942.8905, 4026210.157499999], [-10159962.4112, 4026240.8866000026], [-10159980.6568, 4026269.883299999], [-10160009.1665, 4026303.6926999986], [-10160047.1141, 4026338.000699997], [-10160065.0859, 4026358.591799997], [-10160081.2777, 4026374.6489000022], [-10160102.2028, 4026389.016400002], [-10160127.8198, 4026407.2949], [-10160143.1786, 4026419.899099998], [-10160150.3906, 4026431.583300002], [-10160158.8745, 4026445.4310000017], [-10160171.6561, 4026458.4477000013], [-10160201.1322, 4026477.1846999973], [-10160226.722, 4026499.340599999], [-10160258.3317, 4026519.8161000013], [-10160288.3685, 4026544.4081000015], [-10160316.144, 4026560.9783999994], [-10160351.19, 4026581.0474999994], [-10160381.9479, 4026600.655100003], [-10160414.4501, 4026616.3972000033], [-10160458.5042, 4026636.9613000005], [-10160495.3273, 4026654.1498000026], [-10160541.5684, 4026675.5830999985], [-10160567.2265, 4026688.260300003], [-10160597.6046, 4026700.9711000025], [-10160619.0263, 4026705.8630999997], [-10160637.0958, 4026709.9892999977], [-10160636.9615, 4026729.0275000036], [-10160239.7316, 4026731.343500003], [-10160081.7242, 4027062.772500001], [-10159696.4101, 4027078.7261999995], [-10159223.9034, 4027360.5952999964], [-10158631.4732, 4027387.402099997], [-10158520.2996, 4027392.4290999994], [-10158164.9259, 4026876.7375999987], [-10158270.5213, 4026814.4404999986], [-10158736.4885, 4026535.8457999974], [-10158740.6111, 4026063.6406000033], [-10159225.3155, 4026067.8999999985]]], [[[-10168970.9323, 4030972.0430999994], [-10168975.5005, 4030975.097400002], [-10168989.2714, 4030977.6022000015], [-10169006.5688, 4030976.1745000035], [-10169018.6255, 4030972.9553000033], [-10169030.2248, 4030972.8093999997], [-10169040.4944, 4030975.292000003], [-10169052.2793, 4030979.8605000004], [-10169055.6088, 4030981.5130999982], [-10169293.5034, 4030742.5029999986], [-10169465.7517, 4030805.4799999967], [-10169539.7527, 4031274.735200003], [-10169548.9183, 4031297.162600003], [-10169580.334, 4031418.2102999985], [-10169597.6458, 4031508.0599000007], [-10169639.9552, 4031679.526299998], [-10169414.6533, 4032088.0103999972], [-10169250.1861, 4032386.186300002], [-10168906.4376, 4032386.2234999985], [-10168906.4445, 4032464.1828999966], [-10168300.203, 4032464.223099999], [-10168298.9307, 4032391.1472999975], [-10168226.1822, 4032391.149899997], [-10168226.1843, 4032464.2368], [-10167990.2773, 4032391.179899998], [-10167942.506, 4032391.180399999], [-10167820.5307, 4032391.1806999967], [-10167869.03, 4032306.787600003], [-10167869.0303, 4032103.799800001], [-10167869.0303, 4032088.1181999967], [-10167869.0313, 4031625.2566], [-10168301.9638, 4031564.119900003], [-10168371.1906, 4031069.1146000028], [-10168407.5704, 4031063.976300001], [-10168365.4244, 4031003.5113999993], [-10168337.8252, 4030896.315700002], [-10168251.448, 4030776.8838], [-10168222.9206, 4030669.9359000027], [-10168197.2041, 4030625.1894000024], [-10168164.3274, 4030608.722599998], [-10168112.3738, 4030556.529799998], [-10168075.0831, 4030492.9311999977], [-10168080.5124, 4030456.4299999997], [-10168078.6568, 4030451.7748000026], [-10168078.4957, 4030442.7651000023], [-10168079.6263, 4030437.0596999973], [-10168076.3206, 4030422.675499998], [-10168083.528, 4030312.1943999976], [-10168097.293, 4030296.8354], [-10168098.888, 4030282.606899999], [-10168104.4673, 4030250.276299998], [-10168111.8939, 4030229.1318000033], [-10168126.8732, 4030209.2656999975], [-10168139.5912, 4030205.173100002], [-10168157.3335, 4030202.4312999994], [-10168179.0005, 4030201.911799997], [-10168193.8532, 4030206.1821999997], [-10168208.9179, 4030211.552500002], [-10168222.4409, 4030218.4509999976], [-10168235.7227, 4030228.8632000014], [-10168246.3534, 4030243.213600002], [-10168259.4321, 4030262.2842999995], [-10168271.3829, 4030275.544399999], [-10168284.1825, 4030292.984700002], [-10168292.6672, 4030300.729500003], [-10168300.4941, 4030308.6898000017], [-10168308.042, 4030326.0962999985], [-10168316.9125, 4030341.973200001], [-10168324.5431, 4030346.4168], [-10168334.3172, 4030357.905100003], [-10168349.2797, 4030379.3144000024], [-10168362.7372, 4030396.538999997], [-10168376.5024, 4030411.467299998], [-10168387.3635, 4030424.0612000003], [-10168400.8533, 4030436.2326999977], [-10168418.9228, 4030450.850299999], [-10168437.1835, 4030469.8638999984], [-10168446.9673, 4030479.8144000024], [-10168456.0895, 4030490.6393000036], [-10168464.1327, 4030499.0405], [-10168487.0448, 4030519.091300003], [-10168513.9956, 4030548.0481999964], [-10168536.8281, 4030570.826200001], [-10168558.5844, 4030590.7412], [-10168583.4397, 4030614.278300002], [-10168602.8144, 4030630.2228000015], [-10168617.1453, 4030647.8928000033], [-10168630.8458, 4030661.3838], [-10168657.0288, 4030690.1863999963], [-10168798.3965, 4030810.4949999973], [-10168816.2822, 4030827.2419999987], [-10168874.315, 4030881.579599999], [-10168970.9323, 4030972.0430999994]]]]}}, {"type": "Feature", "properties": {"OBJECTID": 286, "CreationDate": "2025-01-14T11:11:12Z", "Creator": "NPS_WASO_LANDS", "EditDate": "2025-01-14T11:11:12Z", "Editor": "NPS_WASO_LANDS", "GlobalID": "{CEC47AB9-890D-4D75-9637-02CE144C91B9}", "AreaID": 298, "UNIT_CODE": "HOSP", "GIS_Notes": "Lands - http://landsnet.nps.gov/tractsnet/documents/HOSP/Metadata/hosp_metadata.xml", "UNIT_NAME": "Hot Springs National Park", "DATE_EDIT": "2020-06-15T00:00:00Z", "STATE": "AR", "REGION": "MW", "GNIS_ID": "56796", "UNIT_TYPE": "National Park", "CREATED_BY": "Lands", "METADATA": "https://irma.nps.gov/DataStore/Reference/Profile/2223244", "PARKNAME": "Hot Springs", "SHAPE_Length": 60153.82341713982, "SHAPE_Area": 32612774.313178934}, "geometry": {"type": "MultiPolygon", "coordinates": [[[[-10358108.7325, 4097792.9521000013], [-10358185.2731, 4097722.3794], [-10358255.1373, 4097758.9362000003], [-10358108.7325, 4097792.9521000013]]], [[[-10359576.867, 4098341.0606999993], [-10359583.3445, 4098335.101999998], [-10359644.4284, 4098336.0025999993], [-10359673.7729, 4098336.4351999983], [-10359747.8252, 4098330.028099999], [-10359827.8449, 4098323.1040999964], [-10359831.1758, 4098325.4426999986], [-10359832.3546, 4098351.027599998], [-10359751.0316, 4098351.3257], [-10359627.7072, 4098371.4525000006], [-10359605.3093, 4098368.5402000025], [-10359581.4154, 4098357.0166999996], [-10359576.867, 4098341.0606999993]]], [[[-10359859.8026, 4098320.5613999963], [-10359874.6369, 4098316.880900003], [-10359981.1935, 4098290.443099998], [-10359999.4585, 4098285.9113000035], [-10360092.4769, 4098270.087200001], [-10360128.9092, 4098263.889200002], [-10360167.1783, 4098251.985100001], [-10360190.2144, 4098244.8194999993], [-10360224.2162, 4098237.3552], [-10360281.7165, 4098218.127700001], [-10360342.275, 4098197.8774000034], [-10360385.6328, 4098183.3784999996], [-10360402.3756, 4098178.8927000016], [-10360413.0528, 4098176.031800002], [-10360487.278, 4098167.604800001], [-10360525.2393, 4098167.4431999996], [-10360544.3984, 4098167.3616999984], [-10360590.5742, 4098177.1361000016], [-10360643.487, 4098201.4032000005], [-10360704.7681, 4098216.6146000028], [-10360721.9671, 4098226.8796999976], [-10360716.6294, 4098249.5068999976], [-10360709.6677, 4098258.9070999995], [-10360699.4778, 4098261.6257999986], [-10360617.0819, 4098252.6055999994], [-10360548.1795, 4098225.9152999967], [-10360494.7279, 4098213.232500002], [-10360397.7009, 4098216.6687999964], [-10360336.7587, 4098238.7809000015], [-10360295.4422, 4098272.270300001], [-10360239.638, 4098319.3033000007], [-10360204.0327, 4098331.3005999997], [-10360172.2903, 4098333.8715000004], [-10360074.7206, 4098319.423100002], [-10359972.4216, 4098322.923299998], [-10359860.3932, 4098343.561300002], [-10359859.8026, 4098320.5613999963]]], [[[-10355636.9823, 4102660.8017000034], [-10355664.9047, 4102183.6435000002], [-10355671.2108, 4102075.8774999976], [-10355815.9879, 4101940.8537999988], [-10355787.1145, 4101877.0945999995], [-10355765.938, 4101847.9932999983], [-10355705.628, 4101777.9142000005], [-10355689.44, 4101757.0879999995], [-10355698.5322, 4101597.6340000033], [-10355717.5754, 4101211.7749999985], [-10355437.4928, 4101204.9503000006], [-10355396.2951, 4101203.945799999], [-10355218.5564, 4101199.610799998], [-10355226.9488, 4101014.979199998], [-10355241.3547, 4100698.0451999977], [-10354745.018, 4100703.5456999987], [-10354781.8777, 4099748.0798000023], [-10354800.4601, 4099266.3633999974], [-10355306.8377, 4099261.4672000036], [-10355310.836, 4099261.4856999964], [-10355816.5458, 4099263.8257], [-10355825.8285, 4098828.6766000018], [-10355942.1037, 4098831.085900001], [-10356084.0365, 4098825.1576000005], [-10356207.8165, 4098809.6339000016], [-10356385.82, 4098781.3455], [-10356408.706, 4098777.708300002], [-10356568.4839, 4098753.963299997], [-10356646.724, 4098742.335000001], [-10356647.5337, 4098742.161700003], [-10356664.9851, 4098738.4265], [-10356699.1042, 4098731.1237000003], [-10356742.6696, 4098714.7260000035], [-10356743.5521, 4098714.1871000007], [-10356759.4428, 4098704.4831999987], [-10356791.4314, 4098684.9487999976], [-10356828.5366, 4098653.5461999997], [-10356844.2804, 4098639.6132000014], [-10356844.4914, 4098639.400399998], [-10356896.0591, 4098587.417000003], [-10356941.6991, 4098527.1208000034], [-10356954.5882, 4098587.2097000033], [-10356969.5294, 4098656.8646000028], [-10356974.2077, 4098659.3385000005], [-10356997.6959, 4098671.7588], [-10357102.5902, 4098535.5265000015], [-10357139.4352, 4098458.3464], [-10357118.9228, 4098404.692900002], [-10357168.0935, 4098342.7342000008], [-10357201.5538, 4098321.555399999], [-10357239.2014, 4098288.539300002], [-10357297.3563, 4098224.0944000036], [-10357337.8965, 4098167.4597000033], [-10357361.238, 4098141.4970000014], [-10357394.5897, 4098109.7043000013], [-10357429.5951, 4098086.5436000004], [-10357466.1856, 4098069.3845999986], [-10357492.2547, 4098060.024099998], [-10357507.9846, 4098048.2436000034], [-10357529.1222, 4098020.4089], [-10357550.3712, 4097982.3015], [-10357568.5986, 4097954.467], [-10357581.565, 4097940.5659999996], [-10357596.3544, 4097927.4562000036], [-10357610.2351, 4097918.112800002], [-10357672.2246, 4097923.6061000004], [-10357756.1924, 4097990.9787999988], [-10357773.4054, 4097998.0912000015], [-10357788.7358, 4097998.5412999988], [-10357808.6742, 4097989.0210999995], [-10357994.9457, 4097846.0691], [-10358177.8753, 4097798.4706000015], [-10358493.5811, 4097716.316200003], [-10358624.075, 4097712.9233999997], [-10358670.453, 4097711.717299998], [-10358687.5183, 4097716.213399999], [-10358708.5581, 4097732.283200003], [-10358711.1923, 4097894.388700001], [-10358694.9288, 4098065.099399999], [-10358682.7795, 4098136.762599997], [-10358673.8743, 4098184.628200002], [-10358647.7819, 4098313.994099997], [-10358344.8406, 4098526.2364000008], [-10358348.6445, 4098532.5940999985], [-10358356.986, 4098546.5359999985], [-10358359.6456, 4098544.7573999986], [-10358386.7603, 4098526.6270999983], [-10358441.6785, 4098489.905100003], [-10358502.1171, 4098449.4913000017], [-10358530.7116, 4098495.901900001], [-10358533.3977, 4098500.261699997], [-10358493.7093, 4098533.324500002], [-10358617.1876, 4098656.099399999], [-10358600.7256, 4098701.5055000037], [-10358627.6625, 4098731.4065999985], [-10358701.8406, 4098661.3781000003], [-10358740.1754, 4098700.080600001], [-10358820.3356, 4098781.0090999976], [-10358756.9063, 4098841.3720000014], [-10358707.3513, 4098896.031800002], [-10358656.9154, 4099007.4305000007], [-10358643.5843, 4099032.1081999987], [-10358609.3931, 4099081.348700002], [-10358457.3578, 4099156.753700003], [-10358426.3183, 4099217.6489999965], [-10358361.7685, 4099257.1318000033], [-10358255.7631, 4099328.348200001], [-10358251.9654, 4099347.7590000033], [-10358149.4273, 4099385.0797000006], [-10358093.4907, 4099449.710500002], [-10358002.5736, 4099549.084899999], [-10357922.185, 4099548.355300002], [-10357917.9205, 4099613.776799999], [-10357826.0894, 4099635.595399998], [-10357753.9023, 4099756.020800002], [-10357546.4598, 4099940.4433000013], [-10357454.3876, 4099998.898500003], [-10357405.1554, 4100032.5967999995], [-10357380.7152, 4100049.9648], [-10357345.8792, 4100071.235600002], [-10357323.7776, 4100082.6994000003], [-10357273.2034, 4100108.931400001], [-10357236.227, 4100130.2118000016], [-10357217.5677, 4100142.0577000007], [-10357158.2427, 4100179.719899997], [-10357157.0164, 4100246.3549999967], [-10357359.1296, 4100250.9245999977], [-10357359.6, 4100276.554899998], [-10357371.1978, 4100282.630599998], [-10357381.0444, 4100290.6433999985], [-10357384.3809, 4100293.1204999983], [-10357392.6319, 4100299.2466999963], [-10357404.1623, 4100304.981200002], [-10357424.9967, 4100302.5511000007], [-10357456.6273, 4100300.552699998], [-10357473.5667, 4100300.8702000007], [-10357496.3451, 4100301.2971], [-10357492.0834, 4100306.1182999983], [-10357486.6576, 4100312.6765], [-10357481.0296, 4100321.5562999994], [-10357475.9776, 4100331.019299999], [-10357472.6468, 4100343.973099999], [-10357472.1622, 4100347.2808], [-10357470.4647, 4100358.867200002], [-10357436.7469, 4100381.2766000032], [-10357423.7001, 4100389.205799997], [-10357422.8292, 4100389.735200003], [-10357409.8698, 4100399.5525999963], [-10357393.4256, 4100412.839400001], [-10357390.8374, 4100415.2454999983], [-10357374.0083, 4100430.8901000023], [-10357365.1005, 4100440.1435000002], [-10357362.1862, 4100445.5507000014], [-10357360.0413, 4100451.3483999968], [-10357360.2127, 4100456.5749000013], [-10357362.2902, 4100467.228600003], [-10357327.7448, 4100502.2085999995], [-10357323.5248, 4100501.613300003], [-10357320.6071, 4100501.173799999], [-10357314.3176, 4100500.226599999], [-10357309.9031, 4100501.0053000003], [-10357304.7141, 4100501.9206999987], [-10357278.9359, 4100516.2632], [-10357281.252, 4100528.715400003], [-10357320.8435, 4100741.576200001], [-10357323.0366, 4100753.3669999987], [-10357745.9888, 4100765.927199997], [-10357730.6289, 4101019.1294], [-10357731.0749, 4101196.9860000014], [-10357731.2548, 4101268.6884000003], [-10357730.1327, 4101279.1806999967], [-10357773.633, 4101321.4350000024], [-10357785.6799, 4101333.6264000013], [-10357790.2483, 4101336.9565000013], [-10357798.8453, 4101341.2229999974], [-10357802.787, 4101342.6801000014], [-10357808.9105, 4101344.9437000006], [-10357821.9165, 4101346.652599998], [-10357840.7932, 4101346.913900003], [-10357890.5905, 4101336.977300003], [-10357914.0707, 4101331.922200002], [-10357925.9881, 4101330.866899997], [-10357933.6814, 4101332.0022], [-10357947.5813, 4101339.2336999997], [-10357950.2623, 4101337.714900002], [-10358008.906, 4101304.4927999973], [-10358067.0838, 4101306.0944000036], [-10358067.6875, 4101268.0537], [-10358175.5073, 4101271.5271999985], [-10358196.1895, 4101271.4984000027], [-10358198.1357, 4101179.234099999], [-10358201.0284, 4101042.106399998], [-10358203.2012, 4100939.1010999978], [-10358207.7221, 4100789.5672999993], [-10358207.9411, 4100782.324699998], [-10358225.331, 4100782.039099999], [-10358341.0667, 4100784.836599998], [-10358421.1385, 4100786.595200002], [-10358510.836, 4100788.204499997], [-10358589.0213, 4100789.4315000027], [-10358711.1158, 4100791.902599998], [-10358865.1145, 4100793.5177000016], [-10358880.3455, 4100758.3110999987], [-10358890.1596, 4100734.5736000016], [-10358892.2646, 4100729.4821000025], [-10358892.9477, 4100727.766900003], [-10358899.8315, 4100710.483000003], [-10358909.1731, 4100687.027999997], [-10358913.8637, 4100675.895499997], [-10358927.4972, 4100643.5374], [-10358954.4869, 4100632.679700002], [-10358934.8354, 4100599.3083000034], [-10358934.0978, 4100598.0557999983], [-10358934.8363, 4100550.141900003], [-10358935.3598, 4100515.4532999992], [-10358935.8667, 4100481.8691999987], [-10358935.9422, 4100476.265900001], [-10358936.2092, 4100456.4650000036], [-10358936.4316, 4100439.958300002], [-10358936.4545, 4100438.8213], [-10358936.9879, 4100412.4318000004], [-10358937.7349, 4100375.471500002], [-10358941.4266, 4100358.0766000003], [-10358966.8776, 4100324.764200002], [-10358967.633, 4100300.8726999983], [-10359011.0133, 4100301.5781000033], [-10359009.4212, 4100297.6526999995], [-10359078.4378, 4100298.309799999], [-10359127.0905, 4100298.1171000004], [-10359168.0771, 4100298.5090999976], [-10359239.8802, 4100299.2229999974], [-10359278.6239, 4100299.5439999998], [-10359286.5261, 4100286.7676], [-10359292.9809, 4100277.3202000037], [-10359305.202, 4100262.1679000035], [-10359320.8498, 4100244.537299998], [-10359335.5627, 4100229.7348000035], [-10359353.0051, 4100213.3976000026], [-10359373.1659, 4100196.1602], [-10359387.6401, 4100184.675999999], [-10359401.1525, 4100174.9756999984], [-10359415.5471, 4100164.6224000007], [-10359428.603, 4100156.1884000003], [-10359441.7844, 4100148.5461999997], [-10359452.5111, 4100141.3852000013], [-10359461.1058, 4100134.4036], [-10359469.728, 4100125.438000001], [-10359475.2385, 4100119.1987000033], [-10359484.0677, 4100109.8796000034], [-10359490.0241, 4100104.9245000035], [-10359500.7222, 4100098.1022000015], [-10359513.5782, 4100092.6252999976], [-10359513.7266, 4100062.5527999997], [-10359507.3137, 4100061.1204999983], [-10359496.3028, 4100057.056400001], [-10359489.302, 4100054.280500002], [-10359488.5684, 4100053.989699997], [-10359478.113, 4100048.6906000003], [-10359469.9424, 4100043.9931000024], [-10359454.2432, 4100033.6317000017], [-10359513.1868, 4099960.773500003], [-10359526.6554, 4099926.474600002], [-10359526.6622, 4099838.5922000036], [-10359533.9504, 4099837.0442999974], [-10359545.3817, 4099834.9394999966], [-10359553.1001, 4099832.963399999], [-10359560.5356, 4099830.2695000023], [-10359569.4018, 4099826.8646000028], [-10359576.9795, 4099824.3145999983], [-10359585.5506, 4099823.3451000005], [-10359593.9749, 4099823.3783000037], [-10359602.2527, 4099824.414099999], [-10359612.377, 4099827.893799998], [-10359619.3636, 4099830.5011000037], [-10359625.3767, 4099835.026100002], [-10359630.0729, 4099839.0577000007], [-10359636.0477, 4099844.8143000007], [-10359642.7235, 4099853.8699999973], [-10359650.0994, 4099873.503399998], [-10359690.3703, 4099785.258100003], [-10359706.5192, 4099743.023599997], [-10359879.9961, 4099746.031999998], [-10359956.7279, 4099635.0755999982], [-10360237.8148, 4099465.8057999983], [-10360268.2003, 4099278.9897999987], [-10360299.7878, 4099279.3232999966], [-10360440.0444, 4099238.5746000037], [-10360675.2292, 4098854.9844999984], [-10360676.6375, 4098825.7502000034], [-10360956.1868, 4098825.4301000014], [-10360957.2295, 4098781.1961999983], [-10360959.2878, 4098693.8737000003], [-10360960.1831, 4098655.893299997], [-10360965.0803, 4098649.231899999], [-10360972.5111, 4098644.757799998], [-10360983.8333, 4098644.7413000017], [-10361029.4843, 4098649.4389000013], [-10361076.2118, 4098646.9099999964], [-10361043.0003, 4098629.9931000024], [-10361001.7308, 4098608.971699998], [-10360995.0981, 4098603.6462000012], [-10360991.0727, 4098597.8647999987], [-10360989.8859, 4098589.6943000033], [-10360991.8018, 4098582.7941000015], [-10361007.0727, 4098567.5688999966], [-10361024.4582, 4098553.1257999986], [-10361041.0698, 4098543.1934999973], [-10361053.1846, 4098532.099200003], [-10361036.8124, 4098532.570600003], [-10361029.347, 4098533.4629999995], [-10361022.7264, 4098530.767999999], [-10361010.5431, 4098524.8562999964], [-10360999.1357, 4098521.031499997], [-10360986.264, 4098519.0725999996], [-10360982.8229, 4098517.181900002], [-10360985.6837, 4098511.454599999], [-10361016.7064, 4098454.1926999986], [-10360963.4397, 4098412.175499998], [-10360979.4206, 4098413.204599999], [-10360974.6956, 4098355.7014999986], [-10361118.324, 4098356.9054000005], [-10361204.436, 4098358.427500002], [-10361204.1781, 4098373.091600001], [-10361203.8881, 4098384.4421000034], [-10361202.9473, 4098420.512599997], [-10361201.0238, 4098508.2356999964], [-10361198.7519, 4098600.9838000014], [-10361255.8273, 4098577.9487999976], [-10361291.0147, 4098560.106399998], [-10361323.97, 4098565.4683], [-10361332.3656, 4098552.4826000035], [-10361327.4041, 4098528.565399997], [-10361366.9519, 4098496.2676], [-10361402.1145, 4098479.1291999966], [-10361434.5772, 4098451.6750999987], [-10361486.9604, 4098413.7048999965], [-10361501.5942, 4098408.1006999984], [-10361539.1415, 4098407.4570000023], [-10361550.3681, 4098410.095200002], [-10361562.6316, 4098406.789099999], [-10361570.9011, 4098402.726800002], [-10361580.4753, 4098391.579599999], [-10361598.678, 4098342.7048999965], [-10361660.1477, 4098342.0271999985], [-10361678.5609, 4098305.701399997], [-10361680.0875, 4098260.0381999984], [-10361674.3869, 4098270.8464], [-10361680.848, 4098239.7418000028], [-10361684.2062, 4098190.1093000025], [-10361702.3632, 4098181.003399998], [-10361677.3161, 4098108.768100001], [-10361672.1729, 4098093.5961000025], [-10361677.9332, 4098091.0176], [-10361680.3963, 4098049.7227], [-10361684.3294, 4098048.1827000007], [-10361674.3437, 4097997.398599997], [-10361673.2781, 4097991.9787999988], [-10361674.5409, 4097991.7282000035], [-10361709.3803, 4097983.3884000033], [-10361726.5757, 4097979.3298999965], [-10361741.6422, 4097975.7400999963], [-10361797.0544, 4097962.9900999963], [-10361815.1627, 4097958.697499998], [-10361849.1275, 4097950.8060000017], [-10361852.0483, 4097950.1291999966], [-10361848.9009, 4097936.4197999984], [-10361842.1254, 4097906.907899998], [-10361836.6725, 4097883.531300001], [-10361829.7944, 4097854.045000002], [-10361823.7548, 4097827.8156000003], [-10361819.1101, 4097807.567599997], [-10361696.6471, 4097835.4465999976], [-10361677.6588, 4097760.3091999963], [-10361729.6618, 4097619.217799999], [-10361737.2383, 4097598.6613000035], [-10361719.5222, 4097603.2255000025], [-10361679.9472, 4097615.092299998], [-10361681.8551, 4097541.4400999993], [-10361687.9573, 4097365.933799997], [-10361390.8547, 4097355.377700001], [-10361236.9276, 4097350.4284000024], [-10360729.1833, 4097333.649700001], [-10360717.8863, 4097755.4597999975], [-10360685.5081, 4097783.259999998], [-10360514.114, 4097779.2139], [-10360511.8782, 4097793.723099999], [-10360498.0731, 4097883.3071999997], [-10360510.5924, 4097922.1728999987], [-10360528.2348, 4098007.995099999], [-10360531.0688, 4098074.8693000004], [-10360524.8155, 4098136.0694999993], [-10360433.9407, 4098141.559799999], [-10360408.0332, 4098148.5706999972], [-10360390.394, 4098153.3440999985], [-10360330.4863, 4098169.5556000024], [-10360248.8043, 4098191.6587999985], [-10360212.3907, 4098201.5121000037], [-10360197.1655, 4098205.6319999993], [-10360149.5169, 4098218.525200002], [-10360122.7171, 4098225.776900001], [-10360093.99, 4098233.549900003], [-10360080.8345, 4098237.1096], [-10360041.1707, 4098247.8417000026], [-10360032.6942, 4098188.290100001], [-10360045.5858, 4098186.1807999983], [-10360043.1593, 4098168.7314999998], [-10360032.1887, 4098167.255400002], [-10360017.2677, 4098165.2476999983], [-10360001.9919, 4098163.1921000034], [-10359975.1273, 4098159.577399999], [-10359974.9496, 4098115.3253000006], [-10359996.3721, 4098114.042800002], [-10360010.466, 4098113.1991000026], [-10360030.4473, 4098112.0028000027], [-10360077.6333, 4098109.1777999997], [-10360075.4084, 4098084.114500001], [-10360055.8968, 4098002.6555999964], [-10360067.3988, 4097998.3193999976], [-10360127.7086, 4097975.582199998], [-10360115.561, 4097782.386500001], [-10360114.6667, 4097768.163999997], [-10359994.0962, 4097762.215400003], [-10359894.2513, 4097718.1106999964], [-10359794.7973, 4097741.5354999974], [-10359404.1844, 4098129.1103999987], [-10359395.3563, 4098120.7383999974], [-10359314.38, 4098200.5769999996], [-10359321.942, 4098210.6823000014], [-10359083.1206, 4098449.4108000025], [-10359096.0575, 4098462.471699998], [-10359051.5269, 4098505.153800003], [-10359024.1155, 4098478.5516000018], [-10359012.1452, 4098493.3696999997], [-10359011.0799, 4098494.6884000003], [-10358955.7902, 4098563.1313000023], [-10358792.847, 4098412.117700003], [-10358761.4731, 4098356.354199998], [-10358757.8871, 4098344.8310000002], [-10358757.4185, 4098343.325199999], [-10358747.9769, 4098312.986299999], [-10358739.8991, 4098237.3738999963], [-10358746.4227, 4098160.776100002], [-10358762.2618, 4098084.726499997], [-10358779.6342, 4098083.8039999977], [-10358819.6025, 4098014.3232999966], [-10358863.7461, 4097843.5637999997], [-10358878.9963, 4097739.197300002], [-10359014.8741, 4097634.411899999], [-10359190.1799, 4097547.030100003], [-10359171.5493, 4097497.467799999], [-10359243.0197, 4097435.088100001], [-10359304.6187, 4097353.851300001], [-10359311.9717, 4097346.3172999993], [-10359338.7799, 4097326.0396], [-10359382.6457, 4097298.882600002], [-10359398.0709, 4097287.5305999964], [-10359432.6885, 4097249.9443000033], [-10359446.389, 4097235.2180999964], [-10359452.6655, 4097227.468199998], [-10359482.7278, 4097190.347599998], [-10359507.3224, 4097159.8219000027], [-10359514.7118, 4097149.3774000034], [-10359527.3804, 4097133.692599997], [-10359553.8963, 4097110.4218999967], [-10359593.8446, 4097094.3650999963], [-10359609.0944, 4097094.206299998], [-10359651.2355, 4097097.7603999972], [-10359693.308, 4097099.1938999966], [-10359706.2404, 4097099.0590000004], [-10359708.642, 4097098.321999997], [-10359735.9978, 4097089.9255999997], [-10359760.8039, 4097083.1753999963], [-10359782.7229, 4097069.795500003], [-10359830.6334, 4097039.6273000017], [-10359879.3539, 4096980.6164999977], [-10359958.5634, 4096895.7317999974], [-10359999.5267, 4096875.4131999984], [-10359932.3288, 4096800.4540000036], [-10359967.8393, 4096788.2260999978], [-10359997.7398, 4096777.9299999997], [-10360039.9607, 4096770.248800002], [-10360065.9743, 4096765.5161999986], [-10360081.5094, 4096802.794200003], [-10360085.579, 4096858.132799998], [-10360170.9492, 4096869.7366999984], [-10360364.24, 4096818.1801000014], [-10360441.8707, 4096727.8172999993], [-10360744.4672, 4096634.4778999984], [-10360741.8115, 4096752.960900001], [-10360903.3468, 4096758.7106000036], [-10360901.9121, 4096641.2597000003], [-10360927.332, 4096638.713600002], [-10360914.8368, 4096606.839299999], [-10360915.2132, 4096548.4328000024], [-10360930.3898, 4096488.681599997], [-10360939.4025, 4096437.9908000007], [-10360938.9546, 4096395.1017000005], [-10360971.1785, 4096394.9821999967], [-10361002.6286, 4096394.8652999997], [-10361014.9577, 4096394.8193999976], [-10361254.9372, 4096393.9245999977], [-10361257.031, 4096281.783399999], [-10361348.8334, 4096283.7996999994], [-10361371.5004, 4096284.2973999977], [-10361404.6366, 4096285.024899997], [-10361449.1867, 4096286.0029999986], [-10361498.3923, 4096287.082999997], [-10361526.5014, 4096286.773699999], [-10361691.6088, 4096284.9547000006], [-10361691.9345, 4096262.133100003], [-10361692.4238, 4096227.8268000036], [-10361692.6902, 4096209.150799997], [-10361692.9787, 4096188.9271000028], [-10361697.8086, 4096188.1677], [-10361699.8278, 4096187.850299999], [-10361700.4506, 4096107.968699999], [-10361741.4333, 4096108.2861], [-10361779.2808, 4096108.5791999996], [-10361797.4095, 4096108.7194000036], [-10361818.8023, 4096108.884999998], [-10361838.1152, 4096109.034400001], [-10361856.315, 4096109.175300002], [-10361874.6077, 4096109.3166999966], [-10361929.9868, 4096109.846900001], [-10361951.9586, 4096110.0874999985], [-10362102.3399, 4096111.7331999987], [-10362107.6264, 4096008.7497999966], [-10362114.2073, 4096008.8967999965], [-10362169.63, 4096010.134800002], [-10362226.6869, 4096011.5720999986], [-10362241.1312, 4095974.5868000016], [-10362299.7277, 4095975.3379999995], [-10362338.8311, 4096044.3935000002], [-10362377.4261, 4096065.3051000014], [-10362407.1257, 4096055.0146000013], [-10362442.4603, 4096026.779799998], [-10362440.074, 4096073.278099999], [-10362597.5863, 4096070.255900003], [-10362595.8806, 4096038.4177], [-10362638.8507, 4096000.6432000026], [-10362654.4629, 4095979.7456], [-10362889.1064, 4095984.0678000003], [-10363064.5834, 4095988.1190000027], [-10363063.1474, 4096182.0605999976], [-10363270.3502, 4096178.7934999987], [-10363278.3382, 4095980.8792999983], [-10363714.2411, 4095993.842], [-10363981.9164, 4095997.4350000024], [-10364321.9156, 4096003.865699999], [-10364335.0723, 4096004.1142000034], [-10365297.3576, 4095993.1432000026], [-10365286.9939, 4096472.600100003], [-10365266.8189, 4097084.8508], [-10365279.3438, 4097088.4430000037], [-10365272.3233, 4097165.188500002], [-10365269.8475, 4097192.2529999986], [-10365269.8628, 4097192.7942999974], [-10365271.9292, 4097251.6564000025], [-10365276.2469, 4097404.800499998], [-10365353.23, 4097406.541100003], [-10365345.5777, 4097480.4944999963], [-10365344.7094, 4097488.8858999982], [-10365337.6335, 4097567.8681000024], [-10365324.1482, 4097718.3913000003], [-10365320.781, 4097755.9768999964], [-10365286.9284, 4097863.4390999973], [-10365275.0754, 4097888.3412000015], [-10365221.5451, 4098000.8018999994], [-10365137.5625, 4098127.4860000014], [-10365095.7346, 4098213.507299997], [-10365081.1583, 4098282.3180000037], [-10365081.2107, 4098298.1164999977], [-10365081.4003, 4098355.3610000014], [-10365083.393, 4098368.3095000014], [-10364969.2941, 4098369.276900001], [-10364969.1217, 4098429.723700002], [-10364966.4079, 4098658.815899998], [-10364707.7871, 4098856.070299998], [-10364489.95, 4098858.4350999966], [-10364489.1026, 4098937.293300003], [-10364181.7456, 4099329.5578000024], [-10364000.3758, 4099327.2876999974], [-10363934.5523, 4099326.359700002], [-10363493.6956, 4099320.1969000027], [-10363010.3792, 4099311.658399999], [-10362989.2735, 4099311.331799999], [-10362772.4601, 4099305.928000003], [-10362536.4883, 4099299.5178000033], [-10362517.2081, 4099298.4135999978], [-10362151.9502, 4099291.2555000037], [-10362145.1993, 4099696.972400002], [-10362145.0562, 4099705.5768000036], [-10362034.0633, 4099754.0544999987], [-10361995.7516, 4099770.7874], [-10361984.3798, 4099770.7908999994], [-10361662.132, 4099770.8885999992], [-10361386.5428, 4099770.964900002], [-10361184.0961, 4099771.0166999996], [-10361180.8476, 4099852.5459999964], [-10361176.2811, 4100146.7925999984], [-10361088.2159, 4100193.0471], [-10361004.2568, 4100245.1515000015], [-10360992.4037, 4100252.507299997], [-10360973.7674, 4100267.1265999973], [-10360776.2239, 4100264.3390000015], [-10360705.9787, 4100262.4338999987], [-10360638.5764, 4100262.8132999986], [-10359927.4145, 4100266.5622999966], [-10359921.1507, 4100473.916199997], [-10359913.4817, 4100469.4619999975], [-10359884.7504, 4100452.7793999985], [-10359865.0732, 4100435.9683], [-10359852.8606, 4100421.2564999983], [-10359838.8291, 4100402.132299997], [-10359828.4919, 4100388.9569000006], [-10359815.342, 4100373.224200003], [-10359788.4442, 4100356.6648999974], [-10359762.2314, 4100348.6330000013], [-10359687.9775, 4100338.1218999997], [-10359687.3671, 4100355.3483999968], [-10359681.6301, 4100513.6274999976], [-10359672.7158, 4100759.5547999963], [-10359470.2689, 4100761.6257999986], [-10359468.6026, 4101034.6652999967], [-10359183.4031, 4101035.6878999993], [-10359173.8954, 4101255.8630999997], [-10359165.1965, 4101765.0128000006], [-10358649.9736, 4101763.8029000014], [-10358613.3157, 4102246.5044], [-10357656.1747, 4102218.946999997], [-10357597.3479, 4103156.748800002], [-10357570.4017, 4104185.277099997], [-10356074.1018, 4104168.507299997], [-10355575.8353, 4104162.8791000023], [-10355594.679, 4103662.186300002], [-10355614.9265, 4103134.718000002], [-10355626.9241, 4102883.264200002], [-10355636.2712, 4102683.9826999977], [-10355525.5315, 4102683.2057000026], [-10355525.3145, 4102661.452799998], [-10355636.9823, 4102660.8017000034]]]]}}, {"type": "Feature", "properties": {"OBJECTID": 287, "CreationDate": "2025-01-14T11:11:12Z", "Creator": "NPS_WASO_LANDS", "EditDate": "2025-01-14T11:11:12Z", "Editor": "NPS_WASO_LANDS", "GlobalID": "{B4B7F877-B604-46E8-ADEC-9CC2E34B8C58}", "AreaID": 299, "UNIT_CODE": "CHSC", "GIS_Notes": "Lands - http://landsnet.nps.gov/tractsnet/documents/CHSC/Metadata/chsc_metadata.xml", "UNIT_NAME": "Little Rock Central High School National Historic Site", "DATE_EDIT": "2018-05-08T00:00:00Z", "STATE": "AR", "REGION": "MW", "GNIS_ID": "2091841", "UNIT_TYPE": "National Historic Site", "CREATED_BY": "Lands", "METADATA": "https://irma.nps.gov/DataStore/Reference/Profile/2165977", "PARKNAME": "Little Rock Central High School", "SHAPE_Length": 2185.0827712418277, "SHAPE_Area": 173527.83824989825}, "geometry": {"type": "MultiPolygon", "coordinates": [[[[-10274550.6446, 4128031.821999997], [-10274527.8733, 4128031.1353999972], [-10274520.2563, 4128030.9058], [-10274520.7558, 4128018.574000001], [-10274522.2679, 4127981.2427999973], [-10274541.8403, 4127981.929700002], [-10274552.7488, 4127982.3126000017], [-10274551.6162, 4128008.958800003], [-10274550.6446, 4128031.821999997]]], [[[-10274550.6446, 4128031.821999997], [-10274573.4099, 4128032.5666000023], [-10274617.1522, 4128033.9976999983], [-10274660.7504, 4128035.3357999995], [-10274683.5209, 4128036.034500003], [-10274706.2878, 4128036.744599998], [-10274793.8586, 4128039.476300001], [-10274816.6289, 4128040.186499998], [-10274839.3993, 4128040.878700003], [-10274902.6216, 4128042.8007000014], [-10274955.6186, 4128044.411899999], [-10274985.1673, 4128045.309600003], [-10275060.7183, 4128047.0964], [-10275083.4908, 4128047.634999998], [-10275082.1728, 4128070.4834999964], [-10275080.2365, 4128104.0517999977], [-10275078.8821, 4128168.3564999998], [-10275078.5379, 4128184.6959000006], [-10275077.4137, 4128207.552000001], [-10275075.2682, 4128251.168200001], [-10275073.7599, 4128294.903099999], [-10275072.9713, 4128317.7716000006], [-10275050.2087, 4128316.9244000018], [-10275005.7195, 4128315.2687000036], [-10274936.5695, 4128312.9349000007], [-10274892.1512, 4128311.4355000034], [-10274828.4025, 4128309.2839], [-10274805.634, 4128308.515299998], [-10274782.8643, 4128307.8790000007], [-10274720.2751, 4128306.1306999996], [-10274676.1359, 4128304.596500002], [-10274671.4117, 4128304.436499998], [-10274605.7527, 4128302.672799997], [-10274605.3351, 4128313.350400001], [-10274604.6105, 4128331.876199998], [-10274604.0052, 4128347.2392000034], [-10274603.1341, 4128369.5122999996], [-10274548.2177, 4128367.746100001], [-10274536.5985, 4128367.3724000007], [-10274534.9252, 4128409.8408999965], [-10274534.9461, 4128412.2656000033], [-10274535.1188, 4128432.586199999], [-10274524.7377, 4128432.2048000023], [-10274458.566, 4128429.773500003], [-10274458.9359, 4128420.284500003], [-10274459.1724, 4128414.2638000026], [-10274459.673, 4128401.746299997], [-10274459.8209, 4128397.9727], [-10274460.4099, 4128383.2205], [-10274460.7792, 4128373.853699997], [-10274461.016, 4128367.759999998], [-10274461.1353, 4128364.633299999], [-10274461.5038, 4128355.3396999985], [-10274461.7689, 4128348.720899999], [-10274461.8721, 4128346.1196999997], [-10274462.597, 4128327.5693000033], [-10274463.2306, 4128311.6570999995], [-10274463.2406, 4128285.8013999984], [-10274463.8429, 4128267.2016000003], [-10274464.5977, 4128248.8088999987], [-10274465.4035, 4128229.2805999964], [-10274466.1194, 4128211.9387999997], [-10274466.9368, 4128192.1357999966], [-10274467.7109, 4128173.3827000037], [-10274468.2981, 4128159.1598000005], [-10274468.6082, 4128150.723099999], [-10274469.2971, 4128131.992399998], [-10274469.9731, 4128113.606700003], [-10274536.3934, 4128116.8091999963], [-10274546.6145, 4128117.2990999967], [-10274549.5668, 4128054.6805000007], [-10274550.6446, 4128031.821999997]]]]}}, {"type": "Feature", "properties": {"OBJECTID": 288, "CreationDate": "2025-01-14T11:11:12Z", "Creator": "NPS_WASO_LANDS", "EditDate": "2025-01-14T11:11:12Z", "Editor": "NPS_WASO_LANDS", "GlobalID": "{6E457EEF-5303-441B-A373-B6D856CC719C}", "AreaID": 300, "UNIT_CODE": "FOSM", "GIS_Notes": "Lands - http://landsnet.nps.gov/tractsnet/documents/FOSM/Metadata/fosm_metadata.xml", "UNIT_NAME": "Fort Smith National Historic Site", "DATE_EDIT": "2017-03-14T00:00:00Z", "STATE": "AR", "REGION": "MW", "GNIS_ID": "56686", "UNIT_TYPE": "National Historic Site", "CREATED_BY": "Lands", "METADATA": "https://irma.nps.gov/DataStore/Reference/Profile/1048155", "PARKNAME": "Fort Smith", "SHAPE_Length": 7095.264116276234, "SHAPE_Area": 433548.564154934}, "geometry": {"type": "MultiPolygon", "coordinates": [[[[-10513920.2206, 4216073.145000003], [-10513947.9931, 4216069.437600002], [-10514002.5477, 4216137.913400002], [-10513976.6423, 4216140.130500004], [-10513960.398, 4216141.520800002], [-10513932.7633, 4216150.027900003], [-10513863.0919, 4216172.660099998], [-10513812.6568, 4216175.143799998], [-10513759.3641, 4216182.321400002], [-10513722.5772, 4216191.668499999], [-10513667.2435, 4216198.308200002], [-10513641.3119, 4216199.084100001], [-10513628.3654, 4216204.2971], [-10513537.5066, 4216240.8803], [-10513448.7715, 4216278.238600001], [-10513380.2816, 4216305.005400002], [-10513342.1279, 4216334.090000004], [-10513330.6732, 4216339.843599997], [-10513305.9064, 4216352.283500001], [-10513265.8593, 4216368.905199997], [-10513254.2009, 4216373.744400002], [-10513243.3851, 4216383.055399999], [-10513215.1182, 4216413.718800001], [-10513198.0555, 4216431.254699998], [-10513171.7523, 4216450.737899996], [-10513112.6164, 4216488.821999997], [-10513089.0202, 4216507.102899998], [-10513077.2582, 4216516.215599999], [-10513046.6115, 4216550.6483], [-10512970.7529, 4216632.6532000005], [-10512939.088, 4216681.4130000025], [-10512897.0347, 4216772.0973000005], [-10512880.7124, 4216807.605099998], [-10512826.5882, 4216925.347199999], [-10512783.8899, 4217015.032700002], [-10512768.0939, 4217052.313000001], [-10512743.7488, 4217109.770499997], [-10512737.5273, 4217124.453599997], [-10512709.1132, 4217201.136100002], [-10512688.6291, 4217256.417199999], [-10512684.0454, 4217268.7870000005], [-10512676.3976, 4217290.557300001], [-10512662.4497, 4217330.260300003], [-10512638.8805, 4217397.3505000025], [-10512624.7514, 4217428.240099996], [-10512577.5787, 4217509.394000001], [-10512556.8076, 4217536.7095], [-10512541.495, 4217556.846500002], [-10512473.6032, 4217504.756800003], [-10512516.1261, 4217461.477300003], [-10512536.1333, 4217435.569600001], [-10512557.5141, 4217399.576399997], [-10512577.4829, 4217343.4428], [-10512588.4058, 4217311.4212], [-10512609.8018, 4217248.696900003], [-10512620.7202, 4217219.100100003], [-10512622.9381, 4217213.087700002], [-10512643.11, 4217158.407399997], [-10512654.6744, 4217126.739], [-10512676.5801, 4217066.751199998], [-10512677.0354, 4217065.504299998], [-10512708.0605, 4216993.811499998], [-10512725.7856, 4216959.2070999965], [-10512770.429, 4216876.024800003], [-10512786.6101, 4216838.248599999], [-10512821.2505, 4216757.376900002], [-10512836.3317, 4216723.655299999], [-10512841.2256, 4216715.920000002], [-10512868.951, 4216664.232900001], [-10512889.0179, 4216626.822999999], [-10512906.752, 4216598.809600003], [-10512924.1681, 4216571.298600003], [-10512938.4495, 4216556.065399997], [-10512974.0221, 4216524.824500002], [-10512996.6572, 4216499.885300003], [-10513015.8322, 4216476.3653], [-10513031.513, 4216462.298], [-10513051.548, 4216444.172499999], [-10513070.2736, 4216427.231200002], [-10513125.9301, 4216388.2255000025], [-10513159.8224, 4216366.404299997], [-10513206.3506, 4216315.125699997], [-10513227.6143, 4216304.424599998], [-10513229.1434, 4216303.655000001], [-10513286.0463, 4216275.609999999], [-10513287.1607, 4216275.060599998], [-10513318.8682, 4216257.064099997], [-10513346.4109, 4216235.412699997], [-10513367.267, 4216224.3314], [-10513397.861, 4216213.814000003], [-10513444.2559, 4216197.864299998], [-10513495.2739, 4216179.109700002], [-10513533.8834, 4216160.688199997], [-10513563.244, 4216145.427100003], [-10513584.1945, 4216139.129199997], [-10513613.7843, 4216130.022], [-10513669.0888, 4216119.084700003], [-10513720.3226, 4216111.430600002], [-10513775.2501, 4216106.337800004], [-10513822.2024, 4216092.873999998], [-10513841.5586, 4216091.4026999995], [-10513879.6632, 4216088.506399997], [-10513920.2206, 4216073.145000003]]], [[[-10511781.4338, 4216658.824000001], [-10511805.0603, 4216629.756399997], [-10511824.4956, 4216605.845299996], [-10511879.5871, 4216650.956299998], [-10511949.8425, 4216565.375799999], [-10511960.7725, 4216552.061499998], [-10511968.3759, 4216542.799400002], [-10512010.5697, 4216491.401000001], [-10512010.3965, 4216497.994800001], [-10512082.1432, 4216499.895800002], [-10512082.6301, 4216483.544500001], [-10512082.7025, 4216481.1105], [-10512084.8949, 4216407.4771], [-10512086.5887, 4216350.5852999985], [-10512089.4669, 4216253.920500003], [-10512095.5432, 4216275.7195999995], [-10512099.6006, 4216290.276799999], [-10512116.4669, 4216350.785599999], [-10512144.8439, 4216407.911799997], [-10512190.3194, 4216484.303800002], [-10512201.1462, 4216484.6206], [-10512265.08, 4216570.9868], [-10512319.3523, 4216705.574600004], [-10512261.8441, 4216882.457500003], [-10512166.776, 4217036.253300004], [-10512078.8613, 4217182.213399999], [-10511986.5583, 4217106.566100001], [-10511914.6081, 4217047.598399997], [-10511889.6457, 4217027.1303], [-10511841.2146, 4216987.435900003], [-10511807.2788, 4216959.621799998], [-10511840.3826, 4216918.983199999], [-10511817.4539, 4216900.177299999], [-10511718.7159, 4216819.258400001], [-10511756.4762, 4216772.739600003], [-10511715.912, 4216739.433700003], [-10511734.1998, 4216716.934799999], [-10511757.8379, 4216687.853500001], [-10511759.9309, 4216685.278499998], [-10511771.6699, 4216670.836300001], [-10511781.4338, 4216658.824000001]]]]}}, {"type": "Feature", "properties": {"OBJECTID": 289, "CreationDate": "2025-01-14T11:11:12Z", "Creator": "NPS_WASO_LANDS", "EditDate": "2025-01-14T11:11:12Z", "Editor": "NPS_WASO_LANDS", "GlobalID": "{C84F7BA0-2D0D-46A6-8165-9DC5FB636F4D}", "AreaID": 301, "UNIT_CODE": "PERI", "GIS_Notes": "Lands - http://landsnet.nps.gov/tractsnet/documents/PERI/Metadata/peri_metadata.xml", "UNIT_NAME": "Pea Ridge National Military Park", "DATE_EDIT": "2023-09-22T00:00:00Z", "STATE": "AR", "REGION": "MW", "GNIS_ID": "53246", "UNIT_TYPE": "National Military Park", "CREATED_BY": "Lands", "METADATA": "https://irma.nps.gov/DataStore/Reference/Profile/2224526", "PARKNAME": "Pea Ridge", "SHAPE_Length": 29175.11340551506, "SHAPE_Area": 27683239.218772642}, "geometry": {"type": "MultiPolygon", "coordinates": [[[[-10469716.9928, 4358906.038900003], [-10469729.0098, 4358868.691399999], [-10469744.1792, 4358812.0167], [-10469757.7991, 4358745.814900003], [-10469773.3973, 4358675.577799998], [-10469778.4884, 4358612.694700003], [-10469791.674, 4358597.438100003], [-10469842.3292, 4358572.8364999965], [-10469859.3771, 4358572.479599997], [-10469892.8513, 4358576.058899999], [-10469936.2108, 4358576.577500001], [-10469999.0302, 4358556.000799999], [-10470072.1328, 4358537.300099999], [-10470121.5887, 4358523.422899999], [-10470160.2861, 4358504.7776999995], [-10470255.321, 4358495.6511999965], [-10470305.739, 4358493.880199999], [-10470376.0163, 4358490.265600003], [-10470449.9652, 4358505.451899998], [-10470473.5643, 4358600.888800003], [-10470477.089, 4358635.857500002], [-10470469.8435, 4358883.945699997], [-10470028.9014, 4358870.946199998], [-10470021.57, 4359121.627800003], [-10469668.1641, 4359111.252400003], [-10469681.6527, 4359088.202100001], [-10469700.2413, 4359025.0342999995], [-10469706.7091, 4358959.980300002], [-10469716.9928, 4358906.038900003]]], [[[-10469654.1761, 4365746.605599999], [-10469161.3607, 4365479.479099996], [-10469163.3661, 4365416.777599998], [-10467917.9184, 4365376.524400003], [-10467913.2162, 4365572.049000002], [-10467800.3828, 4365680.168099999], [-10467730.1563, 4365747.459399998], [-10467469.0184, 4365741.2875000015], [-10467155.1815, 4365482.8398], [-10467158.3072, 4365357.411700003], [-10466656.2562, 4365345.513899997], [-10465523.7246, 4365319.015600003], [-10464643.2945, 4365298.0035], [-10464642.3433, 4365338.141400002], [-10464423.9205, 4365332.917499997], [-10464435.9235, 4364823.746799998], [-10463936.7179, 4364811.838100001], [-10463972.1069, 4363300.384900004], [-10463994.7159, 4362315.362800002], [-10463995.3386, 4362292.739], [-10464737.9022, 4362297.815099999], [-10464765.2098, 4362297.905000001], [-10465237.4495, 4362299.450099997], [-10465238.0524, 4362277.104199998], [-10465244.2147, 4362048.680799998], [-10465596.6131, 4362059.552900001], [-10467357.6545, 4361404.250699997], [-10467386.525, 4361392.865699999], [-10467415.0185, 4361380.560000002], [-10467443.106, 4361367.346000001], [-10467470.7587, 4361353.237499997], [-10467497.9482, 4361338.248599999], [-10467524.647, 4361322.3945999965], [-10467550.8277, 4361305.692000002], [-10467576.4635, 4361288.1576000005], [-10467601.5284, 4361269.809500001], [-10467776.6541, 4361137.255599998], [-10467777.0986, 4361120.729099996], [-10467956.6186, 4361125.597499996], [-10467972.7769, 4361126.035499997], [-10467972.6411, 4361131.088500001], [-10467904.3789, 4361182.759000003], [-10467889.6402, 4361193.915299997], [-10467889.4345, 4361201.5669], [-10467886.3139, 4361317.656300001], [-10468092.731, 4361311.519199997], [-10468153.2687, 4361310.505999997], [-10468222.8911, 4361292.4804000035], [-10468270.4075, 4361311.3222], [-10468297.8801, 4361315.681400001], [-10468346.809, 4361347.263800003], [-10468430.4123, 4361323.8627], [-10468459.256, 4361294.462200001], [-10468510.4423, 4361277.668899998], [-10468563.9681, 4361279.117200002], [-10468569.1496, 4361085.927199997], [-10468775.0788, 4361091.4965], [-10468769.9107, 4361284.686999999], [-10469270.9723, 4361298.222099997], [-10469281.4949, 4360904.937399998], [-10470027.9594, 4360925.058200002], [-10470043.0849, 4360423.633100003], [-10470059.3116, 4360424.069899999], [-10470060.2569, 4360392.731600001], [-10470291.1759, 4360398.945], [-10470290.2314, 4360430.283399999], [-10470537.3782, 4360436.928000003], [-10470518.7902, 4360938.236199997], [-10470641.4955, 4360941.533200003], [-10470622.7182, 4361419.996699996], [-10470621.5961, 4361448.587399997], [-10471289.4321, 4361466.509099998], [-10471260.162, 4362469.505500004], [-10470760.7828, 4362456.106799997], [-10470731.4619, 4363459.191100001], [-10470709.5964, 4364133.5973000005], [-10470815.0911, 4364135.381800003], [-10470804.4093, 4364464.925099999], [-10471077.8145, 4364469.545199998], [-10471055.1898, 4365320.326499999], [-10471084.0022, 4365401.878600001], [-10470885.1675, 4365547.074600004], [-10470803.7938, 4365628.051899999], [-10470842.555, 4365678.357199997], [-10470530.7578, 4365491.442100003], [-10470361.7311, 4365769.378799997], [-10469654.1761, 4365746.605599999]]]]}}, {"type": "Feature", "properties": {"OBJECTID": 290, "CreationDate": "2025-01-14T11:11:12Z", "Creator": "NPS_WASO_LANDS", "EditDate": "2025-01-14T11:11:12Z", "Editor": "NPS_WASO_LANDS", "GlobalID": "{066359CB-7090-49E2-9F4A-744DEDE24590}", "AreaID": 302, "UNIT_CODE": "BUFF", "GIS_Notes": "Lands - http://landsnet.nps.gov/tractsnet/documents/BUFF/Metadata/buff_metadata.xml", "UNIT_NAME": "Buffalo National River", "DATE_EDIT": "2023-08-22T12:23:48Z", "STATE": "AR", "REGION": "MW", "GNIS_ID": "74272", "UNIT_TYPE": "National River", "CREATED_BY": "Lands", "METADATA": "https://irma.nps.gov/DataStore/Reference/Profile/1047916", "PARKNAME": "Buffalo", "SHAPE_Length": 458876.74777483323, "SHAPE_Area": 579918191.621803}, "geometry": {"type": "MultiPolygon", "coordinates": [[[[-10340114.7367, 4297372.935599998], [-10340109.143, 4297372.986199997], [-10339154.9063, 4297393.023699999], [-10339159.2486, 4297934.493900001], [-10338659.632, 4297929.168300003], [-10338170.9099, 4297918.137199998], [-10338178.3452, 4298449.536700003], [-10337851.7635, 4298437.000200003], [-10337845.6227, 4298436.764399998], [-10337725.8491, 4298432.164099999], [-10337690.8725, 4298430.821999997], [-10337559.7062, 4298425.794799998], [-10337544.9565, 4298425.229199998], [-10337194.348, 4298411.782899998], [-10337197.8761, 4297895.981600001], [-10336925.8997, 4297889.737300001], [-10336916.8262, 4297889.5288999975], [-10336713.3388, 4297884.852399997], [-10336728.6328, 4297392.106200002], [-10336242.7061, 4297374.059], [-10336254.1135, 4296879.7271], [-10335764.1667, 4296860.400200002], [-10334775.5245, 4296821.399300002], [-10334776.1034, 4296788.796099998], [-10334280.8236, 4296766.3407000005], [-10333785.5817, 4296743.864299998], [-10333712.5344, 4296740.550499998], [-10333697.9015, 4296739.886699997], [-10333292.1872, 4296721.4717999995], [-10332798.7949, 4296699.056999996], [-10332786.8878, 4297196.2795], [-10332774.4886, 4297714.036399998], [-10332762.0772, 4298232.201300003], [-10332289.3767, 4298218.517800003], [-10332280.0371, 4298719.278800003], [-10331785.7958, 4298704.692500003], [-10330796.6297, 4298675.476300001], [-10330301.3749, 4298659.392300002], [-10330294.2816, 4299157.337200001], [-10328808.4676, 4299103.498800002], [-10328312.9935, 4299084.9833], [-10327817.5209, 4299066.4454], [-10327322.0471, 4299047.884800002], [-10327313.6661, 4299539.729599997], [-10327305.2844, 4300031.596000001], [-10326808.987, 4300012.640100002], [-10326314.1132, 4300001.642800003], [-10325910.6766, 4299992.6608000025], [-10325819.2403, 4299990.623099998], [-10325324.3668, 4299979.625799999], [-10324829.4944, 4299968.606200002], [-10324355.2866, 4299953.4472], [-10324334.1916, 4299952.772399999], [-10324325.4871, 4300450.925899997], [-10324316.7819, 4300949.101800002], [-10323821.1983, 4300934.1098000035], [-10323573.658, 4300926.612999998], [-10323326.1182, 4300919.1105], [-10322876.8957, 4300905.4811], [-10322830.8779, 4300904.083899997], [-10322838.9992, 4300435.0309000015], [-10322333.7056, 4300424.798600003], [-10322308.3377, 4300424.2842999995], [-10322307.9572, 4300424.276600003], [-10322282.2089, 4300423.754500002], [-10322280.1061, 4299920.174400002], [-10322288.9985, 4299531.226099998], [-10322291.7627, 4299410.317900002], [-10321788.6188, 4299400.7632], [-10321786.4254, 4299147.6985], [-10321785.877, 4299084.4331], [-10321785.3286, 4299021.168099999], [-10321784.2319, 4298894.639300004], [-10321130.8359, 4298887.289999999], [-10321091.8422, 4298886.850199997], [-10321047.5994, 4298949.799599998], [-10320978.8315, 4299047.642499998], [-10320781.8356, 4299327.9212], [-10320781.3869, 4299387.0195999965], [-10320777.5633, 4299890.638899997], [-10320778.4336, 4300398.907700002], [-10320288.6053, 4300398.984399997], [-10320288.2432, 4300906.395900004], [-10319797.1816, 4300905.570500001], [-10319306.1195, 4300904.722999997], [-10318815.0574, 4300903.853399999], [-10318810.9958, 4301408.602499999], [-10318480.4312, 4301403.322899997], [-10318320.6734, 4301400.7676], [-10318320.1189, 4301451.516599998], [-10318317.9194, 4301652.784999996], [-10318315.1653, 4301904.8081], [-10318312.7983, 4302008.748499997], [-10318312.6132, 4302016.879799999], [-10318303.685, 4302408.927900001], [-10317812.1851, 4302399.6630000025], [-10317746.5465, 4302398.427000001], [-10317735.9654, 4302398.2277000025], [-10317594.3009, 4302395.558399998], [-10317586.2804, 4302395.407300003], [-10317439.4971, 4302392.6395], [-10317420.0878, 4302392.273400001], [-10317320.684, 4302390.3977999985], [-10317307.4911, 4302390.148699999], [-10317297.8883, 4302389.967500001], [-10316829.1827, 4302381.110399999], [-10316436.1974, 4302377.0383], [-10316422.5946, 4302376.897100002], [-10315833.5451, 4302370.766199999], [-10315335.7254, 4302365.582000002], [-10315321.8026, 4303374.303900003], [-10315817.147, 4303377.939400002], [-10316312.4906, 4303381.574199997], [-10316807.8345, 4303385.186499998], [-10316797.1605, 4303887.259400003], [-10316786.2705, 4304899.185400002], [-10315792.0975, 4304892.7509], [-10315295.0115, 4304889.499700002], [-10315046.4685, 4304887.865500003], [-10314797.9257, 4304886.2258], [-10314809.33, 4304381.009099998], [-10314317.8162, 4304365.098200001], [-10313826.3038, 4304349.164999999], [-10312843.2765, 4304317.2761999965], [-10312351.4231, 4304312.576300003], [-10312342.1587, 4304817.853399999], [-10312332.8938, 4305323.1316], [-10312824.4335, 4305331.270300001], [-10312815.0127, 4305838.302500002], [-10312807.374, 4306345.125699997], [-10312799.7346, 4306851.972000003], [-10311815.8083, 4306825.607299998], [-10311323.8468, 4306812.391800001], [-10310831.8883, 4306799.153999999], [-10310831.2955, 4306832.868500002], [-10310519.1983, 4306819.459200002], [-10310519.7904, 4306785.7447], [-10310534.3738, 4305823.350199997], [-10310141.6419, 4305821.018799998], [-10310142.2368, 4305787.307400003], [-10310150.6455, 4305310.948700003], [-10310159.7422, 4304796.657799996], [-10309648.8081, 4304785.274700001], [-10309393.3413, 4304779.574100003], [-10309137.8749, 4304773.8675], [-10309143.7742, 4304524.781400003], [-10309146.7237, 4304400.240500003], [-10309149.6731, 4304275.700900003], [-10308665.6674, 4304267.370399997], [-10308181.6625, 4304259.0185], [-10308163.6616, 4304768.586900003], [-10308145.6589, 4305278.178800002], [-10308110.6489, 4306269.125], [-10308092.8498, 4306772.885899998], [-10307609.5821, 4306756.434], [-10307126.3159, 4306739.960600004], [-10307113.81, 4307225.254900001], [-10307101.3032, 4307710.570600003], [-10307082.5526, 4308189.602600001], [-10307063.8003, 4308668.655500002], [-10307026.2908, 4309626.822800003], [-10307086.4704, 4309627.087899998], [-10307064.1491, 4310115.354599997], [-10307560.0996, 4310120.340999998], [-10308056.0506, 4310125.304899998], [-10308034.2792, 4310617.069499999], [-10308028.8332, 4310740.078500003], [-10308023.387, 4310863.0889], [-10308012.4944, 4311109.114], [-10307990.7077, 4311601.180200003], [-10307493.9469, 4311590.732500002], [-10307468.2642, 4312091.1000000015], [-10307344.5178, 4312088.808700003], [-10307220.7715, 4312086.515900001], [-10307097.0251, 4312084.2217999995], [-10306973.2789, 4312081.926200002], [-10306949.3743, 4312583.590400003], [-10306901.5584, 4313586.987499997], [-10306418.2706, 4313589.615999997], [-10306413.368, 4314068.957199998], [-10305926.2319, 4314071.516999997], [-10305438.0712, 4314073.3706], [-10305447.1226, 4313593.4758], [-10304959.2626, 4313594.706900001], [-10304468.1575, 4313573.472400002], [-10304481.0133, 4313066.908], [-10303989.6575, 4313048.950900003], [-10303006.9428, 4313013.014700003], [-10302994.8415, 4313509.769000001], [-10302988.078, 4314006.545900002], [-10302981.3139, 4314503.3451000005], [-10302974.55, 4315000.166599996], [-10303146.3938, 4315003.3464], [-10303147.2236, 4315003.361900002], [-10303463.7133, 4315009.211400002], [-10303459.6661, 4315278.287799999], [-10303456.3017, 4315501.962200001], [-10303447.9018, 4315986.929700002], [-10303936.3686, 4315990.425499998], [-10303927.9177, 4316473.9580999985], [-10303911.2343, 4317428.454700001], [-10303908.5399, 4317908.125399999], [-10304394.0125, 4317913.425099999], [-10304879.4855, 4317918.7029], [-10304868.9347, 4318398.1646], [-10305364.0199, 4318419.6526999995], [-10305352.4498, 4318905.8178], [-10305340.8786, 4319392.004299998], [-10305217.6233, 4319383.297799997], [-10305094.3682, 4319374.5898], [-10304847.8586, 4319357.169699997], [-10303900.4822, 4319342.551799998], [-10303903.1642, 4318865.1743], [-10303411.4806, 4318858.180699997], [-10302919.798, 4318851.164999999], [-10302448.6026, 4318852.174800001], [-10302330.8038, 4318852.424000002], [-10302213.0049, 4318852.671899997], [-10301977.4072, 4318853.164099999], [-10300997.8168, 4318839.933899999], [-10300992.9973, 4319082.110799998], [-10300988.1775, 4319324.2929000035], [-10298944.5073, 4319455.409599997], [-10298945.073, 4319435.235699996], [-10298409.8287, 4319425.068999998], [-10297874.599, 4319414.8763], [-10297378.4362, 4319405.404200003], [-10297368.0653, 4319653.386], [-10297357.6941, 4319901.373499997], [-10297336.95, 4320397.3649], [-10296840.0259, 4320385.422799997], [-10296551.6377, 4320373.518700004], [-10296355.8685, 4320365.433499999], [-10296338.2062, 4320871.197700001], [-10296320.5423, 4321376.984999999], [-10295843.7634, 4321362.4081000015], [-10294857.8582, 4321332.2848000005], [-10294846.2248, 4321331.870700002], [-10294350.6894, 4321321.6548999995], [-10293855.155, 4321311.416599996], [-10293843.1449, 4321811.182800002], [-10293831.1405, 4322310.685099997], [-10293819.1114, 4322811.200099997], [-10292825.1261, 4322790.955499999], [-10292330.5127, 4322781.482699998], [-10291835.904, 4322771.987599999], [-10291829.7333, 4323021.588299997], [-10291823.5622, 4323271.194499999], [-10290836.1477, 4323255.593699999], [-10290764.4882, 4323254.050800003], [-10290572.5756, 4323145.017800003], [-10290564.7708, 4323140.5836], [-10290465.0976, 4323124.909999996], [-10290333.5981, 4323172.8544000015], [-10290269.9344, 4323196.065300003], [-10290206.2399, 4323219.287100002], [-10290170.9238, 4323232.1625000015], [-10290167.3766, 4323235.1655], [-10289832.2598, 4323518.8587], [-10289822.3517, 4323524.623499997], [-10289735.6446, 4323575.071000002], [-10289605.2179, 4323689.476800002], [-10289481.7294, 4323828.1010000035], [-10289293.5323, 4323893.435000002], [-10289218.0024, 4323911.866499998], [-10289205.1936, 4323914.721199997], [-10289156.1687, 4323922.211900003], [-10289157.3662, 4323941.237599999], [-10289151.8476, 4323954.1351], [-10289141.8915, 4323972.0896999985], [-10289125.8291, 4323996.227899998], [-10289108.0687, 4324014.216700003], [-10289090.8646, 4324032.203199998], [-10289072.5781, 4324057.4711000025], [-10289052.5504, 4324067.073799998], [-10289033.0848, 4324077.793899998], [-10289016.4172, 4324090.740199998], [-10289004.2237, 4324107.025899999], [-10288993.1512, 4324124.9855], [-10288980.4267, 4324147.429799996], [-10288969.3793, 4324170.9868], [-10288961.0819, 4324186.135700002], [-10288949.9064, 4324205.174500003], [-10288814.8558, 4324202.458899997], [-10288312.8126, 4324192.349200003], [-10287810.7703, 4324182.216300003], [-10287308.729, 4324172.060400002], [-10286806.9171, 4324153.7919000015], [-10286806.6886, 4324161.881399997], [-10286445.7512, 4324154.678300001], [-10286451.8181, 4323914.569499999], [-10286460.3068, 4323578.608400002], [-10286470.8443, 4323161.544], [-10286491.8638, 4322657.663199998], [-10285992.1539, 4322644.126599997], [-10286013.0948, 4322141.192199998], [-10286032.7965, 4321667.992899999], [-10286533.3278, 4321664.5766], [-10286553.7846, 4321175.077200003], [-10286886.3893, 4321161.982500002], [-10287384.7748, 4321173.0249999985], [-10287384.7915, 4321172.233499996], [-10287395.3714, 4320668.586900003], [-10287405.967, 4320164.171700001], [-10287892.0092, 4320166.796300001], [-10288361.5012, 4320169.310999997], [-10288370.7866, 4319663.747100003], [-10288380.0714, 4319158.195600003], [-10288385.5472, 4318905.449199997], [-10288391.0228, 4318652.708700001], [-10288401.9731, 4318147.244900003], [-10288422.2375, 4317211.795999996], [-10288423.8752, 4317167.207199998], [-10288460.3273, 4316174.699500002], [-10288478.425, 4315681.906900004], [-10288495.0462, 4315229.298199996], [-10288587.8132, 4313247.067100003], [-10288653.4616, 4311252.875600003], [-10288685.1343, 4310772.090999998], [-10289151.9285, 4310761.621399999], [-10289135.2683, 4311249.340800002], [-10289635.4523, 4311266.586900003], [-10289615.6473, 4311761.014399998], [-10290117.4078, 4311778.494400002], [-10290619.69, 4311793.458999999], [-10291121.0811, 4311808.3741], [-10291121.9734, 4311808.4004999995], [-10291645.1615, 4311808.202600002], [-10291663.0868, 4311300.368199997], [-10292152.5035, 4311290.5427], [-10292167.1757, 4310802.2161], [-10292181.8467, 4310313.910899997], [-10292196.5164, 4309825.627099998], [-10292211.1848, 4309337.364799999], [-10293196.2941, 4309366.5803999975], [-10294191.3822, 4309365.1998], [-10294440.1543, 4309364.840499997], [-10294688.9262, 4309364.475400001], [-10295186.4701, 4309363.728500001], [-10295174.8477, 4309886.674199998], [-10295173.5097, 4309946.872599997], [-10295163.2243, 4310409.644500002], [-10295151.5997, 4310932.6395], [-10295139.974, 4311455.659100004], [-10295628.2801, 4311462.977300003], [-10295601.999, 4312403.894500002], [-10295601.8014, 4312410.9683], [-10295601.6112, 4312417.776799999], [-10295601.3088, 4312428.603100002], [-10295600.377, 4312461.963200003], [-10295590.031, 4312832.344899997], [-10295589.6922, 4312844.476800002], [-10295586.6232, 4312954.342100002], [-10295586.4244, 4312961.457199998], [-10295584.2365, 4313039.782700002], [-10295584.0173, 4313047.626800001], [-10295583.9914, 4313048.5559], [-10295580.7227, 4313165.567900002], [-10295580.4805, 4313174.2381], [-10295578.5243, 4313244.2673999965], [-10295578.2297, 4313254.813000001], [-10295572.4706, 4313460.973700002], [-10296067.4557, 4313464.736500002], [-10296562.4148, 4313468.4767], [-10296809.8944, 4313470.338399999], [-10296871.7644, 4313470.803000003], [-10296933.6343, 4313471.267099999], [-10296995.5043, 4313471.730899997], [-10297057.3743, 4313472.194499999], [-10297551.8339, 4313475.885899998], [-10298046.294, 4313479.555200003], [-10298031.7502, 4313965.698299997], [-10298017.2052, 4314451.8627], [-10299084.157, 4314473.794399999], [-10299580.1413, 4314483.9542], [-10299587.2867, 4313989.853], [-10299594.4313, 4313495.773900002], [-10300076.8305, 4313512.223200001], [-10300559.2292, 4313528.6511999965], [-10301041.6293, 4313545.057899997], [-10301054.88, 4313029.034699999], [-10301068.1294, 4312513.0353000015], [-10301094.6245, 4311481.1087], [-10301113.3607, 4310994.217200004], [-10302088.9608, 4311007.921999998], [-10302106.6435, 4310526.995399997], [-10302142.4914, 4309551.9548999965], [-10302628.9524, 4309561.1065], [-10303115.4141, 4309570.236500002], [-10304064.6544, 4309591.376900002], [-10304102.9008, 4309592.226999998], [-10304568.414, 4309602.562600002], [-10304579.3494, 4309109.2346], [-10304590.2838, 4308615.928499997], [-10304601.2173, 4308122.644299999], [-10304612.1498, 4307629.382100001], [-10304631.6314, 4307091.421999998], [-10305133.9153, 4307105.4881], [-10305142.741, 4306843.620399997], [-10305148.5143, 4306672.319200002], [-10305182.1275, 4305674.910700001], [-10305194.9467, 4305174.858400002], [-10305437.5828, 4305181.929899998], [-10305680.2194, 4305188.996100001], [-10305693.0154, 4304688.965099998], [-10305699.0728, 4304452.252999999], [-10305705.4701, 4304202.251199998], [-10305717.9237, 4303715.558600001], [-10306253.7992, 4303712.391400002], [-10306264.901, 4303209.515100002], [-10306276.0019, 4302706.661499999], [-10307699.5165, 4302742.236400001], [-10307947.7363, 4302748.420599997], [-10308195.9564, 4302754.599100001], [-10308692.3974, 4302766.939300001], [-10309176.2343, 4302778.944499999], [-10309190.9299, 4302779.308799997], [-10309864.5471, 4302790.295000002], [-10309865.005, 4302790.3024], [-10309874.851, 4302790.462800004], [-10310195.046, 4302795.6701000035], [-10310228.2652, 4301793.819700003], [-10310919.8414, 4301798.190499999], [-10311411.3992, 4301799.103399999], [-10311902.9572, 4301799.994199999], [-10312394.5152, 4301800.9070999995], [-10312640.2943, 4301801.355300002], [-10312886.0733, 4301801.797899999], [-10312868.17, 4302796.460500002], [-10313113.8395, 4302805.115599997], [-10313359.5095, 4302813.765100002], [-10313352.1079, 4303320.2217999995], [-10313843.7832, 4303337.045000002], [-10314335.1205, 4303353.856399998], [-10314337.2665, 4303184.1655], [-10314337.3991, 4303173.686399996], [-10314354.2407, 4301841.9059000015], [-10314398.6726, 4301843.1206], [-10314410.7909, 4301843.452], [-10314843.6298, 4301855.2754999995], [-10314849.2555, 4301602.435199998], [-10314854.8808, 4301349.600599997], [-10315103.7546, 4301353.0546], [-10315228.1916, 4301354.779299997], [-10315352.6286, 4301356.502700001], [-10315601.5027, 4301359.945200004], [-10315850.3771, 4301363.382100001], [-10315859.0098, 4300859.5956000015], [-10316852.961, 4300875.167999998], [-10317345.1334, 4300882.396600001], [-10317350.5782, 4300534.649899997], [-10317350.7034, 4300526.6477999985], [-10317353.0527, 4300376.601599999], [-10317418.2696, 4300377.557899997], [-10317635.6495, 4300380.742299996], [-10317706.055, 4300381.7729], [-10317844.2964, 4300383.794799998], [-10317851.2859, 4299878.008500002], [-10318337.2338, 4299886.215000004], [-10318769.3294, 4299893.513400003], [-10318823.1818, 4299894.421899997], [-10318823.577, 4299837.172799997], [-10318826.0152, 4299483.956699997], [-10318827.6623, 4299245.3587], [-10318827.8852, 4299213.056900002], [-10318830.2087, 4298876.444600001], [-10319318.9597, 4298878.222199999], [-10319807.7109, 4298879.977799997], [-10320296.4612, 4298881.7114999965], [-10320300.208, 4298376.781999998], [-10320419.8063, 4298377.534599997], [-10320429.9883, 4298377.5986], [-10320667.2865, 4298379.0876], [-10320677.8823, 4298379.154100001], [-10320789.0364, 4298379.849600002], [-10320789.153, 4298364.485200003], [-10320789.2197, 4298355.7075999975], [-10320792.8607, 4297876.299500003], [-10321001.7963, 4297879.4789], [-10321011.1416, 4297879.620999999], [-10321284.1975, 4297883.769900002], [-10321775.5349, 4297891.218099996], [-10322328.8969, 4297899.633199997], [-10322521.1015, 4297902.549500003], [-10322529.9481, 4297902.683600001], [-10322882.2619, 4297907.887199998], [-10323378.8476, 4297925.4147000015], [-10323380.1303, 4297925.460100003], [-10323874.9192, 4297942.9243], [-10323877.6307, 4297942.7575], [-10323880.0921, 4297760.255000003], [-10323880.1551, 4297755.582699999], [-10323881.2381, 4297675.2733], [-10323883.817, 4297484.055399999], [-10323884.5164, 4297432.196199998], [-10323886.1715, 4297309.468900003], [-10323887.1612, 4297236.072899997], [-10323887.8264, 4297186.743100002], [-10323889.99, 4297026.309], [-10323891.1365, 4296941.295400001], [-10323893.2004, 4296788.252800003], [-10323897.6748, 4296456.441500001], [-10324135.3968, 4296459.827100001], [-10324482.0822, 4296464.755199999], [-10324497.0267, 4296464.9673999995], [-10324512.5248, 4296465.1875], [-10324515.4106, 4296465.228500001], [-10324871.8762, 4296470.283], [-10325863.1049, 4296499.832900003], [-10325869.7533, 4296008.233499996], [-10326363.7181, 4296021.872599997], [-10326857.684, 4296035.489399999], [-10327848.415, 4296044.974699996], [-10328839.146, 4296054.4595], [-10329332.3883, 4296076.7064], [-10329825.6327, 4296098.931299999], [-10330318.8761, 4296121.167099997], [-10330336.0455, 4295626.7946000025], [-10330353.2135, 4295132.443899997], [-10330855.4053, 4295149.879600003], [-10330864.1353, 4294650.371299997], [-10331357.9286, 4294665.351599999], [-10331851.7234, 4294680.309699997], [-10332348.7598, 4294695.362300001], [-10332422.4292, 4294697.5913999975], [-10332428.8301, 4294697.784999996], [-10332845.7975, 4294710.392200001], [-10332855.9573, 4294278.6669000015], [-10332856.2158, 4294267.682099998], [-10332857.4959, 4294213.282399997], [-10332891.1044, 4294214.948100001], [-10332898.4059, 4294215.310000002], [-10333346.9238, 4294237.530599996], [-10333354.9971, 4293739.913999997], [-10333845.4896, 4293763.611400001], [-10334335.6791, 4293787.235100001], [-10334325.7796, 4294286.0271999985], [-10334820.1078, 4294310.518299997], [-10334819.7051, 4294333.196999997], [-10335313.734, 4294348.984999999], [-10335489.9337, 4294354.618600003], [-10335502.0438, 4294355.0057], [-10335807.7635, 4294364.773199998], [-10335859.808, 4294366.438900001], [-10335875.2224, 4294366.931999996], [-10336301.7933, 4294380.572899997], [-10336782.4266, 4294375.300300002], [-10337270.8363, 4294393.034100004], [-10337745.8477, 4294389.697400004], [-10338223.9771, 4294410.671899997], [-10338751.2803, 4294424.837200001], [-10338782.1473, 4292390.7764], [-10337763.4482, 4292388.032300003], [-10336784.738, 4292387.096600004], [-10336808.0368, 4291886.560800001], [-10336831.3336, 4291386.047600001], [-10336877.9207, 4290385.0901999995], [-10336898.1243, 4289384.222999997], [-10336906.1917, 4288984.540799998], [-10336906.393, 4288974.571099997], [-10336908.2246, 4288883.823799998], [-10337401.6968, 4288886.137900002], [-10337895.1692, 4288888.4296], [-10338385.5313, 4288895.176399998], [-10338875.8939, 4288901.901299998], [-10338867.791, 4289394.5647], [-10339349.2018, 4289410.222999997], [-10339830.6141, 4289425.860299997], [-10340322.9926, 4289441.831699997], [-10340815.3737, 4289457.7809000015], [-10341001.6351, 4289461.8235], [-10341002.3939, 4289461.839900002], [-10341014.3673, 4289462.099699996], [-10341027.8091, 4289462.391199999], [-10341199.0886, 4289466.1054000035], [-10341229.8611, 4289466.772500001], [-10341231.821, 4289466.814999998], [-10341315.8737, 4289468.636399999], [-10341816.3747, 4289479.468900003], [-10341795.4106, 4290450.7782000005], [-10341778.8688, 4290960.137900002], [-10341762.3254, 4291469.520900004], [-10341746.1084, 4291968.824100003], [-10342244.0285, 4291979.8587], [-10342230.3934, 4292476.705200002], [-10342683.7544, 4292490.7522], [-10342653.7475, 4294495.862599999], [-10342639.3449, 4295249.109099999], [-10342638.7463, 4295272.573700003], [-10342634.7917, 4295515.888999999], [-10343637.9124, 4295539.176100001], [-10344113.6257, 4295522.822300002], [-10344616.6075, 4295506.189900003], [-10344601.4499, 4296088.006399997], [-10345575.6884, 4296130.278300002], [-10345565.7822, 4296583.594300002], [-10345556.4922, 4297118.508400001], [-10345552.5344, 4297346.389200002], [-10345547.8888, 4297613.8618], [-10345917.2415, 4297621.974200003], [-10346144.9004, 4297626.9683], [-10346143.307, 4297693.108199999], [-10346620.3462, 4297665.592500001], [-10348075.6341, 4297581.5222999975], [-10348069.7382, 4298172.469800003], [-10348561.8939, 4298197.207199998], [-10348554.3976, 4298788.3851], [-10348545.9571, 4299290.698799998], [-10348527.9209, 4299792.926899999], [-10349014.4755, 4299796.170900002], [-10349987.3382, 4299802.592200004], [-10351465.4134, 4299824.468699999], [-10351482.5651, 4299320.953699999], [-10351973.5537, 4299326.985799998], [-10352957.8266, 4299335.340800002], [-10353456.6539, 4299339.472400002], [-10353955.4815, 4299343.581200004], [-10353963.9637, 4298841.291100003], [-10354462.1927, 4298845.984300002], [-10354960.4068, 4298850.655100003], [-10355434.2551, 4298861.568099998], [-10355908.1254, 4298872.460900001], [-10356387.9182, 4298883.510899998], [-10356417.9896, 4298379.579599999], [-10356447.9458, 4297877.553199999], [-10356464.614, 4297378.547799997], [-10356925.8357, 4297390.214400001], [-10356947.0001, 4296893.108199999], [-10357412.719, 4296906.661499999], [-10357427.7597, 4296417.289800003], [-10357443.208, 4295927.971900001], [-10357794.3315, 4295941.8072], [-10357794.1158, 4295950.2654], [-10358297.1935, 4295962.5358000025], [-10358290.7006, 4296210.264200002], [-10358284.2073, 4296457.998000003], [-10358271.2199, 4296953.482299998], [-10358258.1203, 4297449.025399998], [-10358756.7264, 4297465.4695999995], [-10359006.1973, 4297473.700400002], [-10359255.6687, 4297481.925399996], [-10359754.6125, 4297498.358400002], [-10359737.4926, 4297998.126800001], [-10359720.3709, 4298497.919100001], [-10360702.3975, 4298542.874700002], [-10360682.2162, 4299037.542999998], [-10361179.5883, 4299058.1536], [-10361180.6142, 4299058.196099997], [-10361674.2856, 4299078.645400003], [-10361638.2853, 4299576.5075], [-10362629.6076, 4299623.766500004], [-10362597.5837, 4300128.011100002], [-10362565.5597, 4300632.233599998], [-10363065.193, 4300662.1884], [-10363564.8289, 4300692.120499998], [-10363536.7837, 4301202.7227], [-10364039.3517, 4301227.9767], [-10364541.9194, 4301253.230599999], [-10364541.524, 4301767.627899997], [-10364541.4251, 4301896.2311], [-10364541.3263, 4302024.835600004], [-10364541.1286, 4302282.049199998], [-10364540.7332, 4302796.448399998], [-10364540.3378, 4303310.871399999], [-10364538.0663, 4303815.777400002], [-10365038.6474, 4303845.608599998], [-10365036.3036, 4304347.6065], [-10365536.8151, 4304374.483900003], [-10366035.0779, 4304383.248599999], [-10366032.5773, 4305130.720799997], [-10366031.7334, 4305382.984700002], [-10365982.8969, 4306058.070799999], [-10365967.7818, 4306267.004299998], [-10366006.8823, 4306269.382700004], [-10366226.7362, 4306282.753300004], [-10366267.4796, 4306285.230700001], [-10366485.6912, 4306298.496399999], [-10366462.7958, 4306751.081], [-10366449.1723, 4307020.373999998], [-10366439.8985, 4307203.684100002], [-10366787.6508, 4307237.8505000025], [-10366975.9652, 4307256.347599998], [-10366958.0683, 4307802.255099997], [-10367502.9243, 4307870.7355], [-10367561.534, 4307871.7918], [-10367614.7092, 4307872.75], [-10367770.5108, 4307875.555799998], [-10367864.3878, 4307877.245399997], [-10368404.1351, 4307886.9441], [-10368469.1961, 4307358.247400001], [-10369185.1549, 4307395.075900003], [-10369185.0666, 4307405.310199998], [-10369277.6672, 4307405.0934000015], [-10369414.3401, 4307404.7722999975], [-10369435.828, 4307404.721699998], [-10369561.2084, 4307404.425399996], [-10369686.5887, 4307404.127599999], [-10370188.1098, 4307402.921999998], [-10370689.6312, 4307401.739200003], [-10371191.1525, 4307400.533500001], [-10372197.6249, 4307414.6404], [-10372282.8507, 4307415.836599998], [-10372330.1562, 4307416.500299998], [-10372700.8611, 4307421.693899997], [-10372696.0571, 4307919.171999998], [-10373199.0086, 4307927.000699997], [-10373696.2527, 4307931.150899999], [-10374193.4972, 4307935.278499998], [-10374691.514, 4307939.410899997], [-10375189.5311, 4307943.520800002], [-10375186.1249, 4308439.278700002], [-10375179.5377, 4308943.875699997], [-10375659.977, 4308960.975699998], [-10375652.8723, 4309464.023800001], [-10376132.7956, 4309479.530000001], [-10376612.7178, 4309495.046899997], [-10376622.5867, 4309996.775399998], [-10377108.3915, 4310011.305699997], [-10377302.9571, 4310019.696599998], [-10378090.2179, 4310053.6127], [-10378072.5636, 4309563.003899999], [-10378093.6262, 4308566.273400001], [-10378114.6849, 4307569.632299997], [-10378605.348, 4307595.739600003], [-10379096.1346, 4307624.619400002], [-10379578.5338, 4307624.3543], [-10380061.2059, 4307624.067699999], [-10380899.2745, 4307623.519299999], [-10380907.5374, 4307333.274800003], [-10381401.7901, 4307369.992700003], [-10381895.5632, 4307405.290100001], [-10382386.8442, 4307423.7522], [-10382400.0963, 4306925.3873], [-10382413.0903, 4306425.9065999985], [-10382426.0741, 4305926.793300003], [-10382439.0567, 4305427.702299997], [-10382924.482, 4305440.7773], [-10383175.0372, 4305434.546999998], [-10383253.0447, 4305432.6061], [-10383425.592, 4305428.310900003], [-10383676.1467, 4305422.0691], [-10383926.701, 4305415.821500003], [-10383932.1175, 4304922.8461000025], [-10383937.711, 4304413.756899998], [-10383948.719, 4303411.7826000005], [-10384460.7313, 4303415.8517], [-10384707.0004, 4303417.800499998], [-10384972.744, 4303419.896899998], [-10386017.1829, 4303413.812899999], [-10386516.8123, 4303428.487199999], [-10387016.4431, 4303443.138899997], [-10388005.7361, 4303451.021700002], [-10387980.3286, 4303953.9476], [-10387954.919, 4304456.896300003], [-10388461.8078, 4304461.686899997], [-10388431.99, 4304959.152599998], [-10388934.2767, 4304962.325999998], [-10389427.4588, 4304977.085199997], [-10389920.6438, 4304991.8222], [-10389938.4518, 4304494.048500001], [-10390427.0963, 4304507.920500003], [-10390464.6304, 4303489.020999998], [-10390954.4977, 4303499.060000002], [-10390950.2274, 4303010.3442], [-10390945.9574, 4302521.6501], [-10391428.5831, 4302598.453400001], [-10391431.0571, 4302108.197999999], [-10391433.5309, 4301617.952500001], [-10391443.7545, 4301161.799000002], [-10391941.1909, 4301222.854800001], [-10392438.6237, 4301283.8345], [-10392451.4858, 4300802.623899996], [-10392477.3428, 4299835.163599998], [-10392919.454, 4299854.105599999], [-10393884.2706, 4299879.5869999975], [-10394125.4744, 4299885.965400003], [-10394366.6784, 4299892.338399999], [-10394831.3923, 4299891.913999997], [-10394855.3692, 4299323.250500001], [-10394874.4134, 4298738.214500003], [-10394903.3045, 4297850.6285], [-10394942.8963, 4296793.652500004], [-10394971.5017, 4295854.382399999], [-10395013.0033, 4294870.373000003], [-10396087.6865, 4294893.709399998], [-10396111.5965, 4293889.727300003], [-10396121.7061, 4293413.937799998], [-10396132.0445, 4292923.446599998], [-10396136.5429, 4292710.020900004], [-10396142.3821, 4292432.976899996], [-10396152.7187, 4291942.528800003], [-10396156.6973, 4291819.081299998], [-10396160.6757, 4291695.6351], [-10396168.6325, 4291448.746699996], [-10396667.4127, 4291457.071800001], [-10396682.0796, 4290963.939800002], [-10397179.6176, 4290972.870499998], [-10398176.9016, 4291000.5326000005], [-10398198.026, 4290014.969300002], [-10398693.8097, 4290028.489399999], [-10398733.5347, 4288056.711099997], [-10399227.2021, 4288069.511500001], [-10400214.3725, 4288102.736100003], [-10401201.8724, 4288120.713299997], [-10401178.4313, 4289091.160499997], [-10401164.9374, 4289599.600299999], [-10401150.7254, 4290132.6171], [-10401137.4717, 4290617.289999999], [-10401122.8582, 4291151.667999998], [-10400636.9376, 4291120.7951000035], [-10400610.8864, 4292134.106799997], [-10400585.8222, 4293124.286200002], [-10399618.5977, 4293048.835500002], [-10399618.0297, 4293071.287299998], [-10399597.7019, 4293904.870300002], [-10399595.2346, 4294005.2289], [-10399591.792, 4295012.175099999], [-10399038.7537, 4294993.6576000005], [-10399008.2675, 4295579.8347999975], [-10398997.073, 4295822.500799999], [-10398989.591, 4295976.304700002], [-10398957.6508, 4296498.609499998], [-10398929.6768, 4296996.940700002], [-10398904.2074, 4297483.368600003], [-10398879.9862, 4297926.745300002], [-10398865.5331, 4298184.5647], [-10398854.3391, 4298442.504900001], [-10398826.7054, 4298960.052699998], [-10398764.3424, 4299989.4668999985], [-10398741.0424, 4300528.691], [-10398265.5085, 4300513.253200002], [-10397779.7819, 4300495.302500002], [-10397294.0535, 4300477.3505000025], [-10397283.4517, 4300972.084100001], [-10396788.777, 4300954.3939], [-10396778.4139, 4301449.814300001], [-10396768.8482, 4301904.5293999985], [-10396749.4191, 4302935.940499999], [-10396738.6534, 4303431.319700003], [-10396727.8868, 4303926.720799997], [-10396720.4857, 4304174.898000002], [-10396713.0844, 4304423.080700003], [-10396219.4269, 4304406.310699999], [-10395725.7712, 4304389.518299997], [-10395736.1743, 4303898.223399997], [-10394744.4617, 4303869.726199999], [-10394372.7087, 4303865.5744], [-10394248.7908, 4303864.187600002], [-10394256.6483, 4303372.2685], [-10393772.2375, 4303360.426899999], [-10393277.4335, 4303339.900799997], [-10392782.6314, 4303319.352399997], [-10392763.0015, 4303809.541100003], [-10392762.8006, 4303814.637900002], [-10392727.1418, 4304799.373899996], [-10392700.1621, 4305530.533699997], [-10392642.5517, 4305549.127899997], [-10392587.6255, 4305567.9750000015], [-10392533.1993, 4305588.232799999], [-10392462.4916, 4305615.176700003], [-10392458.0075, 4305616.975199997], [-10392453.5881, 4305618.928900003], [-10392449.2388, 4305621.0352], [-10392444.9648, 4305623.2914], [-10392440.7711, 4305625.695299998], [-10392436.663, 4305628.243500002], [-10392432.6453, 4305630.933300003], [-10392428.7227, 4305633.761500001], [-10392424.9001, 4305636.724200003], [-10392421.182, 4305639.818499997], [-10392417.5729, 4305643.039999999], [-10392414.0772, 4305646.385499999], [-10392410.6989, 4305649.850599997], [-10392407.4423, 4305653.431000002], [-10392404.3111, 4305657.122900002], [-10392401.3091, 4305660.921400003], [-10392398.4401, 4305664.8222], [-10392395.7074, 4305668.820500001], [-10392393.1142, 4305672.911499999], [-10392373.1311, 4305705.677699998], [-10392369.5092, 4305711.433200002], [-10392365.7274, 4305717.084100001], [-10392361.7889, 4305722.6259], [-10392357.6967, 4305728.054200001], [-10392352.5775, 4305734.424900003], [-10392347.2466, 4305740.618100002], [-10392341.7102, 4305746.626699999], [-10392335.9747, 4305752.443599999], [-10392330.0465, 4305758.0625], [-10392323.9325, 4305763.476800002], [-10392317.6397, 4305768.680200003], [-10392311.1754, 4305773.667000003], [-10392304.5468, 4305778.431199998], [-10392297.7614, 4305782.967500001], [-10392290.8273, 4305787.270800002], [-10392283.7522, 4305791.336000003], [-10392276.5442, 4305795.158699997], [-10392269.2117, 4305798.734099999], [-10392261.763, 4305802.058499999], [-10392155.9706, 4305847.136799999], [-10392148.2248, 4305850.625200003], [-10392140.6012, 4305854.375200003], [-10392133.1085, 4305858.382600002], [-10392125.7553, 4305862.642800003], [-10392118.55, 4305867.150799997], [-10392111.501, 4305871.901500002], [-10392104.6164, 4305876.8895], [-10392097.904, 4305882.108800001], [-10392091.3716, 4305887.5537], [-10392085.0267, 4305893.218000002], [-10392078.8765, 4305899.094800003], [-10392071.8919, 4305906.197099999], [-10392065.1505, 4305913.532700002], [-10392058.6601, 4305921.093199998], [-10392052.4281, 4305928.870099999], [-10392046.4617, 4305936.854099996], [-10392040.7677, 4305945.036399998], [-10392035.3526, 4305953.4076000005], [-10392030.2225, 4305961.9580999985], [-10392025.3835, 4305970.678000003], [-10392020.841, 4305979.557400003], [-10392016.6001, 4305988.586099997], [-10392012.666, 4305997.753700003], [-10392009.0429, 4306007.049800001], [-10392005.735, 4306016.4636999965], [-10392002.7462, 4306025.984700002], [-10392000.0798, 4306035.6017], [-10391997.7389, 4306045.303900003], [-10391995.7263, 4306055.080200002], [-10391994.0441, 4306064.919200003], [-10391992.6944, 4306074.809799999], [-10391991.6786, 4306084.740599997], [-10391990.998, 4306094.700099997], [-10391990.6532, 4306104.6774], [-10391990.6449, 4306114.660400003], [-10391990.9728, 4306124.637999997], [-10391991.6366, 4306134.598899998], [-10391993.4593, 4306152.617799997], [-10391995.8265, 4306170.572800003], [-10391998.7362, 4306188.4472], [-10392002.1854, 4306206.224600002], [-10392062.6564, 4306498.298699997], [-10392072.626, 4306552.962099999], [-10392079.9886, 4306608.040799998], [-10392087.5652, 4306677.189499997], [-10392090.9711, 4306708.274700001], [-10392092.111, 4306717.2771999985], [-10392093.5489, 4306726.236599997], [-10392095.2833, 4306735.142700002], [-10392097.3122, 4306743.986000001], [-10392099.6333, 4306752.756499998], [-10392102.2441, 4306761.444300003], [-10392105.1417, 4306770.039999999], [-10392108.3229, 4306778.5339], [-10392111.7841, 4306786.916599996], [-10392115.5215, 4306795.178900003], [-10392119.5309, 4306803.311499998], [-10392123.8079, 4306811.305399999], [-10392128.3477, 4306819.151600003], [-10392167.8743, 4306887.0830999985], [-10392205.3473, 4306956.179099999], [-10392238.8716, 4307022.413999997], [-10392270.4811, 4307089.5923999995], [-10392300.1494, 4307157.6586000025], [-10392327.8519, 4307226.556000002], [-10392353.5657, 4307296.227300003], [-10392359.002, 4307312.413599998], [-10392363.8969, 4307328.7733], [-10392368.2449, 4307345.288199998], [-10392372.0411, 4307361.9397], [-10392375.2814, 4307378.709399998], [-10392377.9621, 4307395.578400001], [-10392380.0802, 4307412.528099999], [-10392381.6334, 4307429.539300002], [-10392382.6198, 4307446.5933], [-10392383.0385, 4307463.6708], [-10392382.8889, 4307480.752899997], [-10392382.1711, 4307497.8204], [-10392380.7242, 4307522.858000003], [-10392380.3575, 4307531.949600004], [-10392380.3064, 4307541.0484], [-10392380.5711, 4307550.143600002], [-10392381.1513, 4307559.223999999], [-10392382.0462, 4307568.278499998], [-10392383.2548, 4307577.2962], [-10392384.7756, 4307586.266099997], [-10392386.6068, 4307595.177500002], [-10392388.7461, 4307604.019199997], [-10392391.1909, 4307612.780599996], [-10392393.9382, 4307621.451200001], [-10392396.9848, 4307630.020300001], [-10392400.327, 4307638.477600001], [-10392403.9605, 4307646.812700003], [-10392408.7307, 4307656.834600002], [-10392413.8137, 4307666.700199999], [-10392419.2042, 4307676.399599999], [-10392424.897, 4307685.923299998], [-10392430.8863, 4307695.261600003], [-10392437.1663, 4307704.4054000005], [-10392499.5768, 4307790.298699997], [-10392523.0919, 4307825.636699997], [-10392543.6101, 4307862.810699999], [-10392608.1987, 4307992.216499999], [-10392627.1425, 4308030.170500003], [-10392633.5371, 4308043.570500001], [-10392639.4802, 4308057.178400002], [-10392644.9651, 4308070.979099996], [-10392649.9856, 4308084.957000002], [-10392654.5362, 4308099.096299998], [-10392658.6115, 4308113.381200001], [-10392662.2071, 4308127.795400001], [-10392665.3188, 4308142.322700001], [-10392667.9433, 4308156.946800001], [-10392673.4422, 4308187.311700001], [-10392680.0338, 4308217.4564], [-10392686.8305, 4308244.135399997], [-10392694.4831, 4308270.579499997], [-10392702.9835, 4308296.761200003], [-10392712.3228, 4308322.652900003], [-10392722.4914, 4308348.227799997], [-10392733.4784, 4308373.458800003], [-10392745.2725, 4308398.319600001], [-10392757.8613, 4308422.7842999995], [-10392771.2315, 4308446.827], [-10392844.2834, 4308573.117700003], [-10392853.6704, 4308589.990199998], [-10392862.4894, 4308607.168899998], [-10392870.7304, 4308624.634800002], [-10392878.3843, 4308642.368199997], [-10392885.4424, 4308660.349299997], [-10392891.8968, 4308678.557700001], [-10392897.7403, 4308696.973099999], [-10392902.9663, 4308715.574900001], [-10392907.5689, 4308734.342100002], [-10392911.543, 4308753.253700003], [-10392914.8841, 4308772.288400002], [-10392917.5885, 4308791.424800001], [-10392944.4501, 4309007.449000001], [-10392945.6906, 4309018.998599999], [-10392946.5446, 4309030.583300002], [-10392947.0111, 4309042.190300003], [-10392947.0895, 4309053.806599997], [-10392946.7798, 4309065.419], [-10392946.0823, 4309077.014399998], [-10392944.9977, 4309088.579800002], [-10392943.5274, 4309100.1022000015], [-10392941.6729, 4309111.568400003], [-10392939.4365, 4309122.965899996], [-10392936.8204, 4309134.281300001], [-10392933.8278, 4309145.502400003], [-10392930.462, 4309156.616300002], [-10392916.5326, 4309199.969800003], [-10392882.7464, 4309305.124700002], [-10392879.1253, 4309317.0814], [-10392875.9073, 4309329.154100001], [-10392873.0964, 4309341.328699999], [-10392870.6957, 4309353.591600001], [-10392868.7078, 4309365.928800002], [-10392867.1349, 4309378.326399997], [-10392865.979, 4309390.7700999975], [-10392865.2413, 4309403.245999999], [-10392864.9227, 4309415.739600003], [-10392865.0234, 4309428.237000003], [-10392865.5436, 4309440.723899998], [-10392867.5086, 4309466.4684000015], [-10392870.3858, 4309492.126100004], [-10392874.1715, 4309517.6647000015], [-10392878.861, 4309543.051700003], [-10392900.8009, 4309651.075199999], [-10392903.545, 4309693.040600002], [-10392908.4432, 4309767.945299998], [-10392907.7392, 4309775.752899997], [-10392906.7695, 4309783.5317], [-10392905.5351, 4309791.272600003], [-10392904.0374, 4309798.966499999], [-10392902.2783, 4309806.604500003], [-10392900.2597, 4309814.1774], [-10392897.9843, 4309821.676399998], [-10392895.4543, 4309829.092799999], [-10392892.673, 4309836.417800002], [-10392889.6435, 4309843.6428999975], [-10392886.3695, 4309850.759499997], [-10392882.8547, 4309857.759099998], [-10392879.1032, 4309864.633900002], [-10392872.2885, 4309876.182099998], [-10392865.1113, 4309887.5066], [-10392857.5788, 4309898.595899999], [-10392849.699, 4309909.439000003], [-10392841.4795, 4309920.024599999], [-10392832.9288, 4309930.342200004], [-10392824.0555, 4309940.381300002], [-10392814.8688, 4309950.131700002], [-10392805.3777, 4309959.5836], [-10392795.5919, 4309968.727300003], [-10392792.6517, 4309971.487999998], [-10392789.8082, 4309974.348999999], [-10392787.0645, 4309977.306599997], [-10392784.4239, 4309980.3576000035], [-10392781.8895, 4309983.497900002], [-10392779.4644, 4309986.724399999], [-10392777.1514, 4309990.0326000005], [-10392774.9534, 4309993.419100001], [-10392772.8728, 4309996.879699998], [-10392770.9123, 4310000.4102], [-10392769.074, 4310004.006499998], [-10392767.3603, 4310007.664300002], [-10392765.7731, 4310011.379299998], [-10392764.3142, 4310015.146899998], [-10392762.9855, 4310018.962800004], [-10392761.7886, 4310022.822499998], [-10392760.7249, 4310026.721299998], [-10392759.7954, 4310030.654700004], [-10392759.0016, 4310034.617799997], [-10392758.3443, 4310038.6061], [-10392757.438, 4310045.565099999], [-10392756.7682, 4310052.551100001], [-10392756.3355, 4310059.556000002], [-10392756.1404, 4310066.571599998], [-10392756.1831, 4310073.5898], [-10392756.4635, 4310080.602399997], [-10392756.9815, 4310087.601400003], [-10392757.7364, 4310094.578699999], [-10392758.7272, 4310101.5261999965], [-10392759.9529, 4310108.435699999], [-10392761.4119, 4310115.2993], [-10392763.1028, 4310122.109099999], [-10392765.0234, 4310128.857199997], [-10392767.1716, 4310135.535599999], [-10392769.5448, 4310142.136799999], [-10392772.1402, 4310148.652999997], [-10392774.9552, 4310155.076800004], [-10392777.986, 4310161.400600001], [-10392781.2294, 4310167.6171], [-10392784.6816, 4310173.7192], [-10392851.109, 4310286.472499996], [-10392870.4632, 4310316.042800002], [-10392882.1588, 4310331.965300001], [-10392899.1833, 4310351.9016999975], [-10392918.9454, 4310372.9070999995], [-10392940.9439, 4310394.331600003], [-10392962.9425, 4310415.756300002], [-10392981.5041, 4310436.849200003], [-10392998.5374, 4310462.262599997], [-10393010.9782, 4310488.691100001], [-10393019.3603, 4310517.068099998], [-10393031.2342, 4310579.370399997], [-10393039.4785, 4310642.261600003], [-10393042.2782, 4310669.546999998], [-10393052.0915, 4310765.185000002], [-10393053.4897, 4310834.277099997], [-10393046.764, 4310885.6721], [-10393034.4694, 4310936.016500004], [-10393022.6518, 4310968.497299999], [-10393008.2166, 4310999.885399997], [-10392962.6749, 4311089.067000002], [-10392944.6849, 4311120.929799996], [-10392924.0951, 4311151.175499998], [-10392901.0551, 4311179.582400002], [-10392875.7266, 4311205.950900003], [-10392848.2877, 4311230.0955], [-10392818.9315, 4311251.846500002], [-10392753.2824, 4311293.226499997], [-10392491.9892, 4311446.0249999985], [-10392484.3519, 4311450.68], [-10392476.8681, 4311455.5798999965], [-10392469.5458, 4311460.7201000005], [-10392462.3924, 4311466.094999999], [-10392455.4156, 4311471.699100003], [-10392448.6224, 4311477.526299998], [-10392440.9876, 4311477.296899997], [-10392436.4586, 4311481.3486], [-10392432.0647, 4311485.547499999], [-10392427.8106, 4311489.8891], [-10392423.7008, 4311494.368799999], [-10392419.7397, 4311498.981799997], [-10392415.9318, 4311503.722900003], [-10392412.2809, 4311508.587200001], [-10392408.7912, 4311513.569300003], [-10392405.4663, 4311518.664099999], [-10392402.3099, 4311523.865599997], [-10392399.3253, 4311529.1686], [-10392396.516, 4311534.567199998], [-10392393.8846, 4311540.055699997], [-10392391.4343, 4311545.627999999], [-10392310.4182, 4311724.354999997], [-10392307.9504, 4311729.561899997], [-10392305.3073, 4311734.681599997], [-10392302.4922, 4311739.707800001], [-10392299.5083, 4311744.634800002], [-10392296.359, 4311749.456799999], [-10392293.0481, 4311754.168300003], [-10392289.5792, 4311758.763899997], [-10392285.9566, 4311763.2381], [-10392282.1844, 4311767.585699998], [-10392278.2668, 4311771.801799998], [-10392274.2087, 4311775.881499998], [-10392270.0145, 4311779.819899999], [-10392265.6892, 4311783.612599999], [-10392261.2377, 4311787.255099997], [-10392256.6654, 4311790.743299998], [-10392251.9774, 4311794.072899997], [-10392247.1792, 4311797.240199998], [-10392242.2764, 4311800.241700001], [-10392237.2746, 4311803.073600002], [-10392232.1798, 4311805.732699998], [-10392226.9977, 4311808.215999998], [-10392221.7344, 4311810.5207], [-10392216.396, 4311812.6439], [-10392210.9888, 4311814.5832], [-10392205.5187, 4311816.3364999965], [-10392199.9926, 4311817.9016999975], [-10392194.4165, 4311819.276799999], [-10391942.9019, 4311876.757600002], [-10391935.5437, 4311878.570200004], [-10391928.2503, 4311880.630000003], [-10391921.0299, 4311882.934600003], [-10391913.8907, 4311885.481600001], [-10391906.8406, 4311888.267999999], [-10391899.8877, 4311891.290600002], [-10391893.0397, 4311894.545999996], [-10391886.3046, 4311898.030699998], [-10391879.6896, 4311901.740500003], [-10391873.2026, 4311905.671400003], [-10391866.8506, 4311909.818899997], [-10391860.6409, 4311914.178499997], [-10391854.5804, 4311918.744999997], [-10391848.676, 4311923.513400003], [-10391842.9345, 4311928.478100002], [-10391837.3622, 4311933.634000003], [-10391831.9654, 4311938.974799998], [-10391826.7503, 4311944.4947], [-10391821.7227, 4311950.187299997], [-10391816.8883, 4311956.046300001], [-10391812.2525, 4311962.065200001], [-10391807.797, 4311968.2711], [-10391803.5528, 4311974.624499999], [-10391799.5245, 4311981.118299998], [-10391795.7169, 4311987.744999997], [-10391537.4697, 4312455.243299998], [-10391260.4801, 4312445.380199999], [-10390283.1345, 4312410.522600003], [-10390275.6395, 4312909.3364999965], [-10389287.2086, 4312870.420999996], [-10388780.2334, 4312861.388599999], [-10388273.2592, 4312852.3325999975], [-10388288.5906, 4312342.159999996], [-10387797.6687, 4312333.5185], [-10387814.397, 4311836.285499997], [-10387322.2364, 4311824.558700003], [-10386827.8942, 4311812.7927], [-10386333.5532, 4311801.004299998], [-10386350.8884, 4311295.747500002], [-10386348.563, 4311295.682300001], [-10386211.5702, 4311291.200300001], [-10386215.9137, 4311166.331299998], [-10386235.3377, 4310607.907899998], [-10385262.4569, 4310600.8358], [-10385261.8726, 4310616.0211], [-10384767.4838, 4310598.129900001], [-10383751.911, 4310541.333800003], [-10382736.3491, 4310484.443300001], [-10382464.6007, 4310462.975100003], [-10382436.1127, 4311185.834600002], [-10382369.6785, 4311181.178099997], [-10382358.2576, 4311680.236699998], [-10382852.9188, 4311694.696800001], [-10382839.4185, 4312195.234899998], [-10382833.3708, 4312700.450599998], [-10382819.8365, 4313202.214299999], [-10382815.0416, 4313444.434600003], [-10382809.9503, 4313701.620099999], [-10382800.0631, 4314201.048500001], [-10382780.334, 4315197.257299997], [-10382285.149, 4315183.165899999], [-10381319.9597, 4315164.739500001], [-10380805.1925, 4315154.9125000015], [-10380290.426, 4315145.084100001], [-10379307.7841, 4315105.558700003], [-10379324.8682, 4314109.540299997], [-10378344.133, 4314078.203000002], [-10378363.9826, 4313080.017800003], [-10377947.2337, 4313068.1193], [-10377884.284, 4313066.320600003], [-10377821.3342, 4313064.521600001], [-10377515.3394, 4313055.771499999], [-10377375.4844, 4313051.769400001], [-10376881.2352, 4313037.645400003], [-10376889.2713, 4312536.521200001], [-10376897.3068, 4312035.419799998], [-10376401.9841, 4312021.270300001], [-10375904.7311, 4312008.453699999], [-10375407.4806, 4311995.591799997], [-10374910.2277, 4311982.752599999], [-10374919.2913, 4311482.2973000035], [-10374422.561, 4311469.639899999], [-10374432.1456, 4310969.435000002], [-10373665.5825, 4310950.502599999], [-10373439.5296, 4310944.8389], [-10373163.638, 4310937.9362], [-10373170.7388, 4310402.462300003], [-10373183.7409, 4309421.897500001], [-10372681.6445, 4309411.660899997], [-10372430.5966, 4309406.5339], [-10372179.5489, 4309401.4011999965], [-10371807.2887, 4309393.805399999], [-10371677.4528, 4309391.153099999], [-10371175.2419, 4309380.906999998], [-10371188.4643, 4310386.071500003], [-10370691.5126, 4310383.201200001], [-10370194.5611, 4310380.308399998], [-10369697.6098, 4310377.392999999], [-10369200.6589, 4310374.454800002], [-10369234.0937, 4310849.736900002], [-10368533.9568, 4310838.104199998], [-10368090.7317, 4310830.740199998], [-10368091.7231, 4310790.9011999965], [-10368083.8937, 4310782.709200002], [-10368057.9168, 4310786.109499998], [-10368036.2873, 4310784.147200003], [-10368020.1456, 4310760.8728], [-10368007.1713, 4310744.644500002], [-10367994.9212, 4310714.685099997], [-10367984.7094, 4310708.605999999], [-10367954.7136, 4310707.6259], [-10367948.6149, 4310707.186800003], [-10367917.6432, 4310704.957199998], [-10367887.7033, 4310708.8456000015], [-10367877.2237, 4310717.820600003], [-10367872.7918, 4310721.422700003], [-10367858.4384, 4310733.089100003], [-10367841.4673, 4310752.763300002], [-10367825.4237, 4310776.4108000025], [-10367812.0711, 4310804.011200003], [-10367805.2629, 4310825.998899996], [-10367542.9633, 4310821.637800001], [-10367458.7877, 4310226.850299999], [-10366969.2918, 4310214.0200999975], [-10366969.2913, 4310214.015600003], [-10366717.7234, 4310207.413199998], [-10366605.3903, 4310216.0336000025], [-10366552.5358, 4310218.763700001], [-10366506.4782, 4310223.964000002], [-10366476.0876, 4310230.258599997], [-10366454.9843, 4310234.747900002], [-10366419.3483, 4310226.236599997], [-10366369.7233, 4310215.337200001], [-10366334.4199, 4310208.9833], [-10366293.3522, 4310206.480300002], [-10366242.1317, 4310204.0933], [-10366137.7318, 4310192.169200003], [-10366103.8556, 4310188.299800001], [-10365974.3312, 4310171.0493], [-10365905.0482, 4309643.189400002], [-10365833.5569, 4309098.477499999], [-10365322.0426, 4309109.497599997], [-10365333.4612, 4308607.273699999], [-10365344.8787, 4308105.072499998], [-10364887.1066, 4308108.7082], [-10364429.3342, 4308112.324600004], [-10364405.4364, 4307596.011600003], [-10363961.2597, 4307621.684600003], [-10363931.0287, 4307127.616499998], [-10363979.7344, 4306232.817100003], [-10364005.3093, 4305771.138800003], [-10363518.0154, 4305760.144900002], [-10363530.515, 4305288.397], [-10363534.7729, 4304266.8358], [-10363044.7987, 4304215.880999997], [-10363041.1184, 4303708.097599998], [-10363037.4386, 4303200.337300003], [-10363036.8676, 4302692.640799999], [-10362535.268, 4302650.586000003], [-10362033.6656, 4302608.5309000015], [-10361532.0669, 4302566.452799998], [-10361036.3535, 4302557.429700002], [-10361047.282, 4301389.111699998], [-10361050.3317, 4301063.0484], [-10361082.9037, 4300561.818400003], [-10361115.4723, 4300060.610799998], [-10360628.6626, 4300046.807400003], [-10360141.8476, 4300032.982199997], [-10359655.0326, 4300019.135200001], [-10359677.3162, 4299507.979599997], [-10358695.3251, 4299458.004600003], [-10358712.2573, 4298955.9498], [-10358218.5858, 4298935.500600003], [-10357724.9145, 4298915.0515], [-10357329.7761, 4298906.004600003], [-10357326.6214, 4299399.833400004], [-10357323.4665, 4299893.677199997], [-10356992.3173, 4299887.176200002], [-10356871.5458, 4299884.8028], [-10355906.715, 4299865.793799996], [-10355422.827, 4299860.888700001], [-10354938.9399, 4299855.962099999], [-10354928.2699, 4300355.234399997], [-10354680.8144, 4300353.442199998], [-10354433.3589, 4300351.644299999], [-10354423.7661, 4300852.409000002], [-10354410.8426, 4301348.431999996], [-10353915.9582, 4301346.118000001], [-10353415.2019, 4301346.120099999], [-10352914.4467, 4301346.099399999], [-10352412.8627, 4301346.0820999965], [-10351911.2778, 4301346.041699998], [-10350920.8103, 4301321.651500002], [-10350424.7489, 4301309.420000002], [-10350410.5776, 4301806.808399998], [-10349914.5545, 4301792.046400003], [-10349432.0789, 4301790.280000001], [-10348949.606, 4301788.4925], [-10348936.655, 4302284.733000003], [-10348454.0096, 4302283.611599997], [-10348442.4145, 4302780.557400003], [-10347961.1259, 4302780.118600003], [-10347478.6185, 4302765.166000001], [-10347199.0492, 4302756.504699998], [-10347182.2636, 4302755.984399997], [-10346996.1111, 4302750.213100001], [-10346512.1933, 4302740.187299997], [-10346522.9998, 4302242.617799997], [-10346533.8053, 4301745.070699997], [-10346544.6098, 4301247.545699999], [-10346555.4135, 4300750.043200001], [-10346581.1279, 4299759.5951000005], [-10346094.4203, 4299749.530100003], [-10345617.036, 4299730.692100003], [-10344631.2184, 4299691.787100002], [-10344638.4418, 4299143.976599999], [-10344644.91, 4298697.251000002], [-10344644.3323, 4298697.229199998], [-10344544.2149, 4298693.425800003], [-10344064.0709, 4298675.172899999], [-10344081.7271, 4297595.5612], [-10344090.3307, 4297062.687399998], [-10343622.086, 4297075.945699997], [-10343151.2755, 4297089.221299998], [-10342680.464, 4297102.476499997], [-10342175.9241, 4297046.824299999], [-10342156.8312, 4297547.9877], [-10342137.178, 4298071.738399997], [-10341645.5026, 4298033.2875000015], [-10341126.0095, 4297992.073899999], [-10340766.811, 4297977.1532000005], [-10340759.0069, 4297976.915399998], [-10340651.4626, 4297976.718599997], [-10340635.3361, 4297792.203500003], [-10340634.5103, 4297782.754299998], [-10340598.679, 4297409.129900001], [-10340161.0262, 4297372.368100002], [-10340120.4061, 4297373.203900002], [-10340114.7367, 4297372.935599998]]]]}}]}