{"type": "FeatureCollection", "name": "Hawaii_park", "crs": {"type": "name", "properties": {"name": "urn:ogc:def:crs:EPSG::3857"}}, "features": [{"type": "Feature", "properties": {"OBJECTID": 16, "CreationDate": "2025-01-14T11:11:09Z", "Creator": "NPS_WASO_LANDS", "EditDate": "2025-01-14T11:11:09Z", "Editor": "NPS_WASO_LANDS", "GlobalID": "{4AAC6962-3DF4-4AA0-A16B-407574504D99}", "AreaID": 337, "UNIT_CODE": "PUHO", "GIS_Notes": "Lands - http://landsnet.nps.gov/tractsnet/documents/PUHO/Metadata/puho_metadata.xml", "UNIT_NAME": "Pu'uhonua o Honaunau National Historical Park", "DATE_EDIT": "2024-12-26T00:00:00Z", "STATE": "HI", "REGION": "PW", "GNIS_ID": "358732", "UNIT_TYPE": "National Historical Park", "CREATED_BY": "Lands", "METADATA": "https://irma.nps.gov/DataStore/Reference/Profile/2182236", "PARKNAME": "Pu`uhonua O Honaunau", "SHAPE_Length": 12571.431515469443, "SHAPE_Area": 1920559.0165389583}, "geometry": {"type": "MultiPolygon", "coordinates": [[[[-17353480.3099, 2202714.143199999], [-17353511.5134, 2202719.036200002], [-17353568.7854, 2202724.8132999986], [-17353618.973, 2202729.4015000015], [-17353704.0991, 2202746.488499999], [-17353723.6394, 2202751.1838000007], [-17353743.967, 2202754.4015000015], [-17353770.9368, 2202763.4930000007], [-17353785.2433, 2202764.6909999996], [-17353811.5085, 2202771.6763999984], [-17353841.2456, 2202777.6994999982], [-17353893.3262, 2202791.615699999], [-17353923.052500002, 2202797.8676999994], [-17353934.1659, 2202801.8117999993], [-17353945.7335, 2202803.445700001], [-17353957.8779, 2202808.4624999985], [-17353971.0153, 2202810.999400001], [-17353984.9076, 2202816.4857], [-17354015.5764, 2202825.017499998], [-17354038.4133, 2202828.6457], [-17354060.2319, 2202829.1724000014], [-17354092.8852, 2202839.6081999987], [-17354106.3673, 2202840.8187000006], [-17354126.0668, 2202845.9343000017], [-17354145.4194, 2202850.276900001], [-17354176.9054, 2202855.918400001], [-17354201.8298, 2202858.8451999985], [-17354227.5363, 2202863.6180999987], [-17354259.367200002, 2202871.6805000007], [-17354304.4028, 2202880.588799998], [-17354350.4058, 2202887.242800001], [-17354365.8446, 2202891.7228999995], [-17354376.2074, 2202893.056400001], [-17354398.8329, 2202897.3429000005], [-17354421.3075, 2202896.5890000015], [-17354432.2106, 2202898.3830999993], [-17354468.0486, 2202898.1933999993], [-17354483.9183, 2202896.772599999], [-17354505.7136, 2202896.373300001], [-17354539.0062, 2202897.0493], [-17354572.1367, 2202895.986200001], [-17354615.467100002, 2202894.157499999], [-17354631.468, 2202892.578499999], [-17354661.3249, 2202896.7941000015], [-17354694.8692, 2202897.0086999983], [-17354719.1968, 2202899.091400001], [-17354756.456, 2202900.213100001], [-17354790.3396, 2202899.150199998], [-17354834.3834, 2202899.6895000003], [-17354845.8916, 2202900.9023], [-17354864.7165, 2202898.500500001], [-17354887.5488, 2202894.411200002], [-17354911.7465, 2202894.6860000007], [-17354933.5026, 2202893.8282000013], [-17354963.1034, 2202900.787999999], [-17354968.5087, 2202891.722199999], [-17355006.6124, 2202892.919300001], [-17355019.1388, 2202891.9135], [-17355037.304700002, 2202893.854600001], [-17355064.6551, 2202892.033500001], [-17355077.8317, 2202888.4415000007], [-17355100.9839, 2202885.225200001], [-17355125.8347, 2202884.063099999], [-17355150.278, 2202880.6054], [-17355168.5359, 2202878.978500001], [-17355183.9159, 2202876.662799999], [-17355248.8282, 2202883.2815999985], [-17355454.0121, 2202876.9893000014], [-17355453.8094, 2202877.2512000017], [-17355452.8409, 2202878.7148], [-17355451.0041, 2202880.036600001], [-17355450.7257, 2202880.7566], [-17355450.8817, 2202881.476599999], [-17355452.1842, 2202882.456099998], [-17355453.1971, 2202883.2941999994], [-17355453.5089, 2202884.734099999], [-17355453.5423, 2202886.457199998], [-17355452.8409, 2202887.330699999], [-17355451.2936, 2202889.0775000006], [-17355449.7352, 2202889.6794000007], [-17355447.4531, 2202890.0097000003], [-17355445.7611, 2202891.178199999], [-17355442.3992, 2202895.1204000004], [-17355436.2321, 2202902.1193000004], [-17355434.8519, 2202904.798300002], [-17355433.9055, 2202907.973299999], [-17355433.7051, 2202912.8596], [-17355433.0371, 2202915.7511], [-17355430.989, 2202921.522599999], [-17355429.3414, 2202925.287700001], [-17355428.217, 2202926.597600002], [-17355427.0928, 2202927.3412999995], [-17355425.5342, 2202928.0846999995], [-17355424.6994, 2202929.678199999], [-17355424.5881, 2202931.401299998], [-17355424.7662, 2202933.702799998], [-17355425.5119, 2202935.4142000005], [-17355428.2839, 2202938.8132999986], [-17355433.6384, 2202943.168400001], [-17355436.9557, 2202945.1275999993], [-17355439.115199998, 2202945.9538000003], [-17355440.4066, 2202946.6503], [-17355441.1413, 2202947.5], [-17355441.5865, 2202948.928100001], [-17355441.3417, 2202950.8048], [-17355440.5068, 2202952.103], [-17355439.9502, 2202953.271499999], [-17355439.9613, 2202954.1330999993], [-17355439.9835, 2202955.1361999996], [-17355440.5736, 2202956.1275999993], [-17355444.1914, 2202959.3735000007], [-17355444.7702, 2202960.0108000003], [-17355439.0039, 2202964.9913999997], [-17355436.7442, 2202966.325199999], [-17355435.2081, 2202968.6503], [-17355434.9631, 2202970.7983999997], [-17355435.0187, 2202974.103100002], [-17355435.464, 2202975.1061999984], [-17355435.4974, 2202977.2544], [-17355434.6624, 2202978.5645000003], [-17355432.681, 2202979.3198000006], [-17355430.1207, 2202980.5117999986], [-17355428.5845, 2202982.5419000015], [-17355427.1706, 2202983.4389000013], [-17355426.4805, 2202984.5955], [-17355425.6679, 2202987.475299999], [-17355424.5436, 2202988.5020999983], [-17355423.1297, 2202989.2457999997], [-17355421.4489, 2202991.1460000016], [-17355418.4655, 2202992.1964000016], [-17355416.1946, 2202992.9518], [-17355413.8123, 2202995.147], [-17355411.5859, 2202998.923799999], [-17355409.0589, 2203001.6975000016], [-17355405.8085, 2203003.479699999], [-17355399.1516, 2203006.7490000017], [-17355396.8695, 2203007.221099999], [-17355395.8899, 2203008.0945000015], [-17355394.4984, 2203010.1363000013], [-17355394.097599998, 2203012.0011], [-17355393.9084, 2203017.7608000003], [-17355393.6523, 2203019.129900001], [-17355392.6617, 2203019.7201000005], [-17355390.8026, 2203020.0386999995], [-17355387.6857, 2203021.2424999997], [-17355379.0806, 2203027.4153999984], [-17355376.6761, 2203029.032299999], [-17355375.563, 2203030.9208000004], [-17355375.440700002, 2203031.9356999993], [-17355375.7633, 2203033.788800001], [-17355377.2549, 2203037.789900001], [-17355377.4554, 2203041.5194999985], [-17355377.2217, 2203044.1160999984], [-17355376.6538, 2203044.835999999], [-17355375.3849, 2203045.2963000014], [-17355372.2345, 2203045.0603], [-17355367.347599998, 2203043.4195999987], [-17355363.0618, 2203042.9120999984], [-17355361.2027, 2203043.089299999], [-17355359.366, 2203043.6911999993], [-17355357.8075, 2203044.4464999996], [-17355355.5476, 2203046.488400001], [-17355351.6515, 2203052.307], [-17355349.7369, 2203057.358600002], [-17355347.5105, 2203061.135499999], [-17355345.7516, 2203066.4820999987], [-17355344.0818, 2203069.2320999987], [-17355342.2785, 2203072.289000001], [-17355339.4954, 2203077.0691], [-17355333.9184, 2203084.5636], [-17355330.7012, 2203088.647500001], [-17355328.742, 2203090.9725], [-17355325.9033, 2203092.1763999984], [-17355323.6547, 2203094.6548999995], [-17355321.2724, 2203096.850299999], [-17355319.3021, 2203098.892099999], [-17355318.7454, 2203099.907200001], [-17355318.5005, 2203101.9252999984], [-17355318.5452, 2203104.5102000013], [-17355317.8884, 2203108.1099000014], [-17355316.3853, 2203112.0166999996], [-17355311.1203, 2203121.8720000014], [-17355309.0384, 2203125.5661000013], [-17355308.66, 2203128.3044000007], [-17355308.4373, 2203131.904199999], [-17355308.7489, 2203133.3324000016], [-17355309.6396, 2203135.4684999995], [-17355310.9419, 2203136.7432000004], [-17355317.7548, 2203142.6565000005], [-17355319.7918, 2203144.922600001], [-17355321.9848, 2203148.0502999984], [-17355322.7419, 2203150.7646999992], [-17355321.6509, 2203153.3614000008], [-17355317.6435, 2203153.219900001], [-17355314.3595, 2203152.8422], [-17355312.2111, 2203152.7358999997], [-17355310.4854, 2203152.1928999983], [-17355304.7193, 2203148.8411], [-17355300.5559, 2203147.613499999], [-17355297.3943, 2203146.3742000014], [-17355295.6801, 2203146.268100001], [-17355294.6783, 2203146.2798000015], [-17355293.4092, 2203147.165100001], [-17355292.4519, 2203149.4783999994], [-17355291.9287, 2203152.3583000004], [-17355292.1068, 2203154.659699999], [-17355292.7078, 2203156.229600001], [-17355293.0529, 2203159.522500001], [-17355292.6411, 2203160.820700001], [-17355291.9398, 2203161.6942000017], [-17355290.103, 2203162.874400001], [-17355288.2885, 2203164.9164000005], [-17355288.0213, 2203166.3680999987], [-17355288.0477, 2203166.524700001], [-17355288.333, 2203168.221099999], [-17355289.3682, 2203169.7908999994], [-17355292.5743, 2203174.039900001], [-17355295.6467, 2203178.583900001], [-17355295.669, 2203179.3038999997], [-17355295.413, 2203181.463799998], [-17355293.7431, 2203183.9305000007], [-17355280.5852, 2203199.5337000005], [-17355279.1825, 2203201.2804000005], [-17355278.4923, 2203202.8621000014], [-17355278.2475, 2203205.3170999996], [-17355279.304899998, 2203208.7397000007], [-17355281.075, 2203212.0210000016], [-17355284.4146, 2203215.479200002], [-17355287.7209, 2203216.2817], [-17355294.0325, 2203218.052099999], [-17355296.4705, 2203218.583299998], [-17355296.7599, 2203218.8665999994], [-17355296.7711, 2203219.5747999996], [-17355295.936300002, 2203220.8849], [-17355293.2533, 2203222.655099999], [-17355289.5464, 2203223.2925999984], [-17355288.7004, 2203223.8828000017], [-17355287.0195, 2203225.4877999984], [-17355286.474, 2203227.3643999994], [-17355286.9971, 2203232.9591000006], [-17355288.9008, 2203235.9452], [-17355292.9639, 2203239.615699999], [-17355298.4631, 2203243.8293000013], [-17355299.0419, 2203244.6790999994], [-17355299.2088, 2203246.2606000006], [-17355298.7971, 2203246.8390999995], [-17355297.3722, 2203247.0042000003], [-17355295.7913, 2203246.7445], [-17355292.0511, 2203245.080499999], [-17355289.6243, 2203244.6909000017], [-17355286.6187, 2203244.7498999983], [-17355284.2141, 2203245.7885], [-17355282.8116, 2203247.6889000013], [-17355281.4645, 2203252.1620999984], [-17355280.6965, 2203257.3434999995], [-17355280.2846, 2203258.2168000005], [-17355279.2827, 2203258.3702999987], [-17355276.5666, 2203258.134300001], [-17355264.1211, 2203256.906800002], [-17355250.963, 2203255.2663000003], [-17355241.3785, 2203254.7115], [-17355238.818, 2203255.3253000006], [-17355235.9905, 2203256.953899998], [-17355233.319, 2203259.0077], [-17355231.0702, 2203261.486200001], [-17355228.7102, 2203265.2632], [-17355227.619400002, 2203268.733100001], [-17355224.9699, 2203281.055300001], [-17355224.2909, 2203291.5595999993], [-17355224.9923, 2203299.3022999987], [-17355225.4487, 2203300.588799998], [-17355226.5062, 2203304.165100001], [-17355227.1406, 2203308.178100001], [-17355228.4876, 2203311.7424000017], [-17355230.4135, 2203315.873399999], [-17355232.7288, 2203317.8444], [-17355236.202, 2203320.3704000004], [-17355238.9295, 2203321.479800001], [-17355241.7903, 2203321.7159], [-17355243.5047, 2203321.975400001], [-17355244.2394, 2203323.2501999997], [-17355246.0316, 2203327.8178999983], [-17355252.1541, 2203343.4448000006], [-17355252.6662, 2203348.460999999], [-17355255.0708, 2203355.8966999985], [-17355255.5271, 2203357.7498000003], [-17355255.5606, 2203359.3313999996], [-17355249.0818, 2203373.235199999], [-17355248.1467, 2203376.9886000007], [-17355247.9018, 2203379.289999999], [-17355248.2134, 2203381.0014999993], [-17355248.525200002, 2203382.7245999984], [-17355249.8499, 2203385.285799999], [-17355252.9445, 2203390.903900001], [-17355254.9037, 2203397.1948000006], [-17355258.0096, 2203403.037300002], [-17355262.0282, 2203413.164000001], [-17355265.4122, 2203418.853100002], [-17355269.9653, 2203426.6783999987], [-17355272.047, 2203431.3878000006], [-17355272.5368, 2203434.8222999983], [-17355271.634999998, 2203441.0188999996], [-17355271.2566, 2203444.182], [-17355271.5126, 2203450.8508], [-17355272.714900002, 2203454.143599998], [-17355274.3403, 2203457.5546999983], [-17355276.3772, 2203459.9624000005], [-17355281.186300002, 2203465.781399999], [-17355284.6705, 2203469.0152000003], [-17355288.867399998, 2203472.2492000014], [-17355292.1736, 2203473.7718], [-17355294.9009, 2203474.444699999], [-17355298.3295, 2203474.8222000003], [-17355301.1793, 2203474.491799999], [-17355302.4595, 2203473.7481999993], [-17355308.2591, 2203470.490600001], [-17355311.2202, 2203468.4250999987], [-17355314.4375, 2203464.3532], [-17355315.9514, 2203461.1662999988], [-17355317.1647, 2203456.5513999984], [-17355317.9884, 2203454.8046999983], [-17355318.8347, 2203454.3680000007], [-17355324.2557, 2203453.5535999984], [-17355325.2354, 2203452.821899999], [-17355326.3486, 2203450.6383000016], [-17355328.6862, 2203445.716499999], [-17355330.7904, 2203442.954599999], [-17355332.0592, 2203442.3643000014], [-17355334.7754, 2203442.458900001], [-17355337.937, 2203443.8396999985], [-17355343.5363, 2203445.751699999], [-17355345.4065, 2203446.224100001], [-17355346.13, 2203446.7905], [-17355346.297, 2203448.0771999992], [-17355347.0985, 2203453.517999999], [-17355348.556900002, 2203455.371199999], [-17355352.4866, 2203459.75], [-17355354.6572, 2203461.1545], [-17355356.3825, 2203462.1341000013], [-17355357.1062, 2203462.830600001], [-17355357.7072, 2203464.5537], [-17355357.6072, 2203466.7019999996], [-17355356.4938, 2203468.590300001], [-17355354.6795, 2203471.0689999983], [-17355354.1229, 2203472.2258], [-17355354.1561, 2203474.3739], [-17355354.6461, 2203477.5251], [-17355356.2491, 2203479.6614000015], [-17355363.0618, 2203485.857999999], [-17355364.0636, 2203486.1294], [-17355365.2102, 2203486.2595000006], [-17355368.7725, 2203485.905299999], [-17355370.4757, 2203485.0201000012], [-17355371.6223, 2203484.9965000004], [-17355372.757600002, 2203485.1262000017], [-17355373.3477, 2203485.8346000016], [-17355373.5036, 2203486.8376], [-17355373.5369, 2203488.560899999], [-17355373.5592, 2203489.8475], [-17355374.4164, 2203490.1187999994], [-17355377.2772, 2203490.366700001], [-17355379.4258, 2203491.039500002], [-17355381.307099998, 2203492.3024999984], [-17355384.2347, 2203496.2798999995], [-17355384.8248, 2203497.849800002], [-17355384.847, 2203499.278000001], [-17355383.5891, 2203500.599800002], [-17355381.4518, 2203501.2135999985], [-17355379.615000002, 2203502.3938999996], [-17355378.9248, 2203503.479800001], [-17355378.5797, 2203508.3662], [-17355378.2011, 2203511.246100001], [-17355378.2235, 2203512.544399999], [-17355378.9694, 2203514.397399999], [-17355380.4165, 2203516.096999999], [-17355383.2884, 2203517.0529999994], [-17355385.8934, 2203518.8707000017], [-17355389.7672, 2203520.2399000004], [-17355394.3981, 2203523.3205000013], [-17355398.7396, 2203527.1327], [-17355401.211, 2203529.670400001], [-17355402.658, 2203530.8033999987], [-17355403.66, 2203530.921500001], [-17355407.0887, 2203530.8625000007], [-17355410.239, 2203531.2401], [-17355411.2408, 2203531.5117000006], [-17355411.8196, 2203532.0782999992], [-17355411.8309, 2203532.798300002], [-17355410.9959, 2203533.966699999], [-17355406.5876, 2203535.3242000006], [-17355403.1814, 2203536.397999998], [-17355402.0346, 2203536.4098999985], [-17355399.8974, 2203536.1620999984], [-17355396.5912, 2203534.9228000008], [-17355393.708, 2203533.2465999983], [-17355391.8379, 2203532.9987999983], [-17355388.2756, 2203532.9162999988], [-17355384.9916, 2203533.400199998], [-17355379.5705, 2203533.4946000017], [-17355377.9896, 2203533.0815000013], [-17355375.5407, 2203531.8304000013], [-17355373.6818, 2203531.2874], [-17355371.3995, 2203531.3346999995], [-17355368.2603, 2203532.1019], [-17355365.7223, 2203533.7305999994], [-17355358.6537, 2203538.1567], [-17355350.7499, 2203543.1728999987], [-17355346.2413, 2203546.843699999], [-17355344.1486, 2203550.3255000003], [-17355341.6661, 2203555.105700001], [-17355340.8313, 2203556.8407999985], [-17355340.5863, 2203558.717500001], [-17355340.7645, 2203561.0073000006], [-17355341.0652, 2203562.2936999984], [-17355341.143, 2203566.8260000013], [-17355341.3321, 2203569.6942000017], [-17355343.0019, 2203575.5601999983], [-17355345.3731, 2203580.2578999996], [-17355349.8815, 2203585.639899999], [-17355353.543899998, 2203591.034000002], [-17355359.6554, 2203597.820700001], [-17355364.720399998, 2203601.9045], [-17355368.6166, 2203603.8519], [-17355372.6352, 2203605.221000001], [-17355381.2401, 2203607.8059], [-17355387.4296, 2203610.284499999], [-17355392.7618, 2203613.3533000015], [-17355397.5487, 2203617.8739], [-17355400.198, 2203622.205600001], [-17355401.545, 2203626.4901], [-17355402.1795, 2203629.783], [-17355401.801, 2203632.662999999], [-17355401.0106, 2203637.1363999993], [-17355399.0959, 2203641.7630999982], [-17355397.5597, 2203644.2300000004], [-17355392.494599998, 2203648.7622000016], [-17355387.8972, 2203655.313000001], [-17355384.9361, 2203657.661800001], [-17355382.821, 2203659.2787000015], [-17355380.0269, 2203663.0557999983], [-17355378.089900002, 2203666.3960000016], [-17355376.9879, 2203669.287900001], [-17355377.166, 2203671.1525], [-17355377.6668, 2203675.1657], [-17355378.6911, 2203676.6526999995], [-17355380.2606, 2203676.6292000003], [-17355383.2663, 2203677.148600001], [-17355385.437, 2203678.9778999984], [-17355386.8843, 2203680.1110999994], [-17355388.1866, 2203681.2324], [-17355389.2109, 2203682.507100001], [-17355389.8229, 2203685.0801], [-17355391.3258, 2203689.659699999], [-17355391.938, 2203691.796100002], [-17355392.1051, 2203693.377799999], [-17355391.5486, 2203694.3927000016], [-17355390.8471, 2203695.2661000006], [-17355390.4462, 2203696.706099998], [-17355390.9028, 2203698.4294000007], [-17355392.3722, 2203700.5540000014], [-17355395.4335, 2203703.5165], [-17355397.2035, 2203704.2364000008], [-17355399.5746, 2203705.2514999993], [-17355401.3, 2203706.597100001], [-17355401.3222, 2203707.978], [-17355400.3538, 2203708.9813], [-17355399.0514, 2203709.0755999982], [-17355397.3482, 2203708.5091000013], [-17355394.6543, 2203707.3170000017], [-17355394.053, 2203707.423300002], [-17355392.9176, 2203707.8718999997], [-17355392.9288, 2203708.7333999984], [-17355393.8194, 2203710.5863999985], [-17355394.9993, 2203712.7228999995], [-17355395.7228, 2203713.1358999982], [-17355397.7267, 2203713.3955999985], [-17355400.5987, 2203714.210000001], [-17355401.6117, 2203715.343199998], [-17355404.3947, 2203719.7457000017], [-17355408.5024, 2203726.284600001], [-17355412.8884, 2203731.8084000014], [-17355419.768, 2203742.1125000007], [-17355421.8162, 2203745.0868999995], [-17355423.1409, 2203747.223099999], [-17355424.5881, 2203748.2029], [-17355426.3024, 2203748.320799999], [-17355427.1595, 2203748.3090000004], [-17355428.1614, 2203748.8636999987], [-17355428.884999998, 2203749.5720000006], [-17355429.052, 2203750.8585], [-17355428.7848, 2203751.578400001], [-17355426.8145, 2203753.337099999], [-17355425.5566, 2203754.942400001], [-17355425.1447, 2203755.9574000016], [-17355425.3004, 2203757.1022999994], [-17355426.1798, 2203758.5187], [-17355430.232, 2203761.6110999994], [-17355431.2561, 2203762.8858999982], [-17355431.8572, 2203765.0339], [-17355431.9686, 2203771.0654000007], [-17355432.7032, 2203772.3401000015], [-17355434.1504, 2203773.473200001], [-17355435.4639, 2203775.3145000003], [-17355436.221, 2203778.029199999], [-17355436.8332, 2203780.460499998], [-17355437.8573, 2203781.7353000008], [-17355439.5827, 2203782.4318999983], [-17355440.8963, 2203783.9897999987], [-17355441.0522, 2203785.276299998], [-17355440.952, 2203787.7903999984], [-17355440.4066, 2203789.2421000004], [-17355438.6031, 2203792.1457], [-17355437.913, 2203793.5857999995], [-17355437.8128, 2203796.1823999994], [-17355438.414, 2203798.177099999], [-17355440.028, 2203800.5966], [-17355441.3416, 2203802.154599998], [-17355441.798, 2203803.8660000004], [-17355442.388, 2203805.0111000016], [-17355443.5347, 2203805.4124], [-17355444.6812, 2203805.400600001], [-17355446.5292, 2203805.0819000006], [-17355447.6646, 2203804.6334000006], [-17355448.8112, 2203805.046500001], [-17355449.8241, 2203806.0260000005], [-17355454.2101, 2203811.703400001], [-17355454.5108, 2203812.9899999984], [-17355453.4198, 2203815.8817000017], [-17355451.3382, 2203819.3636000007], [-17355451.2268, 2203820.9452], [-17355452.2398, 2203822.3616000004], [-17355452.418, 2203823.9431999996], [-17355451.7389, 2203826.539900001], [-17355450.3585, 2203829.289999999], [-17355450.4253, 2203833.0315999985], [-17355451.6053, 2203835.451299999], [-17355453.1972, 2203836.4309], [-17355456.5035, 2203837.811900001], [-17355460.945, 2203839.0276000015], [-17355463.1156, 2203840.420400001], [-17355464.4292, 2203842.415100001], [-17355465.7318, 2203843.1114000008], [-17355467.8802, 2203843.7961999997], [-17355469.0491, 2203844.9173999988], [-17355469.494400002, 2203846.274700001], [-17355469.7727, 2203854.3126999997], [-17355470.529600002, 2203856.4607999995], [-17355471.2643, 2203857.7355999984], [-17355472.2661, 2203857.8652999997], [-17355474.1141, 2203857.405099999], [-17355477.3869, 2203856.7793999985], [-17355478.3665, 2203855.7525000013], [-17355479.2236, 2203855.4455999993], [-17355480.3591, 2203855.4338999987], [-17355480.6596, 2203856.0003999993], [-17355480.2367, 2203856.8739], [-17355479.7135, 2203859.4587000012], [-17355480.759800002, 2203862.468600001], [-17355482.2182, 2203864.156300001], [-17355484.132799998, 2203867.2842999995], [-17355484.8785, 2203869.7157000005], [-17355485.3464, 2203871.580499999], [-17355486.2033, 2203871.9937000014], [-17355487.4947, 2203871.828499999], [-17355489.1868, 2203870.6482000016], [-17355491.3019, 2203869.4679000005], [-17355491.7359, 2203869.5977], [-17355492.4595, 2203870.164099999], [-17355496.8122, 2203874.5430999994], [-17355498.2593, 2203875.239599999], [-17355499.4059, 2203875.511], [-17355500.1294, 2203876.0656999983], [-17355500.7195, 2203877.0689999983], [-17355501.442900002, 2203878.0606000014], [-17355502.7343, 2203878.4617], [-17355504.0144, 2203878.1548999995], [-17355505.016400002, 2203877.848099999], [-17355505.8736, 2203877.8363000005], [-17355506.4524, 2203878.402800001], [-17355506.4635, 2203879.2644000016], [-17355506.3633, 2203881.707800001], [-17355506.8087, 2203882.852600001], [-17355507.5322, 2203883.2655000016], [-17355509.3912, 2203883.3836999983], [-17355511.2503, 2203883.9266000018], [-17355513.9888, 2203885.0243000016], [-17355515.4135, 2203885.2958000004], [-17355518.7087, 2203885.8033000007], [-17355519.0094, 2203886.2399999984], [-17355519.4545, 2203887.2316000015], [-17355520.3339, 2203888.8013999984], [-17355521.0574, 2203889.6512], [-17355522.6383, 2203890.3357999995], [-17355524.4972, 2203890.1587000005], [-17355525.4769, 2203888.8486], [-17355527.2803, 2203886.0984000005], [-17355528.2599, 2203884.351500001], [-17355530.375, 2203882.7346], [-17355533.9262, 2203881.6722999997], [-17355538.8909, 2203879.8663000017], [-17355539.7592, 2203880.4919999987], [-17355539.9151, 2203881.4952999987], [-17355540.5717, 2203886.511599999], [-17355541.3176, 2203888.518100001], [-17355542.4866, 2203890.217700001], [-17355543.2213, 2203891.4924999997], [-17355544.5236, 2203891.9054999985], [-17355545.5143, 2203891.7520999983], [-17355547.2064, 2203890.1352000013], [-17355548.8984, 2203888.9549000002], [-17355550.4348, 2203887.066399999], [-17355550.958, 2203884.1864], [-17355551.971, 2203876.844700001], [-17355553.1286, 2203869.066399999], [-17355553.6628, 2203866.6114000008], [-17355554.3642, 2203865.8797000013], [-17355556.4904, 2203864.8409], [-17355558.1826, 2203863.660700001], [-17355559.8745, 2203862.1970999986], [-17355561.2663, 2203860.0133999996], [-17355561.6558, 2203858.2903000005], [-17355562.3348, 2203855.9769], [-17355564.038, 2203855.091699999], [-17355566.1752, 2203854.7613000013], [-17355569.7487, 2203854.985199999], [-17355571.7303, 2203854.3834999986], [-17355574.9918, 2203853.037799999], [-17355576.5391, 2203851.279100001], [-17355578.7656, 2203847.7972999997], [-17355579.979, 2203843.7487000003], [-17355581.0476, 2203839.1336999983], [-17355581.8824, 2203838.2602999993], [-17355583.0291, 2203838.2485000007], [-17355584.4651, 2203838.7914000005], [-17355588.083, 2203841.317400001], [-17355591.979, 2203844.268100001], [-17355596.9439, 2203850.217], [-17355597.4005, 2203851.940200001], [-17355597.8679, 2203854.2300000004], [-17355597.9793, 2203860.9695000015], [-17355598.3131, 2203864.1328999996], [-17355599.059100002, 2203865.844300002], [-17355600.8068, 2203867.673799999], [-17355603.1, 2203868.216699999], [-17355608.5324, 2203868.7005999982], [-17355610.269, 2203869.9635999985], [-17355612.8516, 2203871.0612999983], [-17355617.7609, 2203873.787799999], [-17355618.4844, 2203874.637600001], [-17355618.9296, 2203875.6290000007], [-17355619.0966, 2203877.3522000015], [-17355618.6958, 2203878.5089999996], [-17355617.7163, 2203880.102400001], [-17355617.7495, 2203881.8258999996], [-17355618.0726, 2203884.2690000013], [-17355619.2412, 2203885.8269999996], [-17355620.1319, 2203887.963399999], [-17355620.3434, 2203891.5515], [-17355620.9334, 2203892.838100001], [-17355622.091, 2203893.675999999], [-17355623.95, 2203893.935800001], [-17355627.9354, 2203893.1449000016], [-17355629.9168, 2203891.964499999], [-17355632.1432, 2203888.4825999998], [-17355635.0821, 2203885.1306000017], [-17355639.7241, 2203881.164900001], [-17355640.7148, 2203880.5746], [-17355641.4384, 2203880.846000001], [-17355642.0282, 2203881.849399999], [-17355642.9301, 2203884.847199999], [-17355643.3865, 2203886.5588000007], [-17355643.4199, 2203888.1404], [-17355642.1508, 2203889.3088000007], [-17355641.5943, 2203890.0407], [-17355641.6054, 2203891.1856999993], [-17355642.3401, 2203891.8938000016], [-17355643.9208, 2203892.4485], [-17355647.2159, 2203893.3927999996], [-17355649.2085, 2203893.2157999985], [-17355650.9006, 2203891.8938000016], [-17355652.5815, 2203889.568500001], [-17355652.9933, 2203889.1319000013], [-17355653.572300002, 2203889.4034], [-17355654.0286, 2203890.6898999996], [-17355654.9081, 2203892.1180999987], [-17355655.5204, 2203894.6911000013], [-17355655.8209, 2203895.3993999995], [-17355657.5463, 2203896.0956000015], [-17355659.9731, 2203896.3434999995], [-17355660.986, 2203896.7566], [-17355661.7209, 2203898.031399999], [-17355662.0548, 2203901.041200001], [-17355662.5556, 2203905.1959000006], [-17355663.591, 2203907.910599999], [-17355666.7859, 2203910.8731999993], [-17355668.2552, 2203913.4345000014], [-17355668.8786, 2203916.3026], [-17355669.7691, 2203918.439100001], [-17355670.938, 2203920.138700001], [-17355672.953, 2203921.1182999983], [-17355676.9715, 2203921.9092999995], [-17355678.9642, 2203921.590599999], [-17355681.5023, 2203920.103500001], [-17355686.5784, 2203915.7124999985], [-17355696.1742, 2203909.1499999985], [-17355699.1465, 2203907.5212000012], [-17355700.8495, 2203906.6358999982], [-17355702.6976, 2203906.458799999], [-17355703.844, 2203906.7304], [-17355704.2783, 2203907.2969999984], [-17355704.3006, 2203908.5834], [-17355703.3543, 2203911.7584000006], [-17355701.9851, 2203914.8038000017], [-17355700.7383, 2203917.2705999985], [-17355700.627, 2203918.8521], [-17355700.9497, 2203921.141899999], [-17355702.2856, 2203924.2817], [-17355704.4675, 2203926.8312], [-17355704.6455, 2203928.5425000004], [-17355704.3786, 2203929.6992000006], [-17355701.6844, 2203931.3282000013], [-17355699.7252, 2203933.5117999986], [-17355699.3357, 2203935.825100001], [-17355699.6474, 2203937.2534000017], [-17355701.1168, 2203939.531300001], [-17355705.7477, 2203943.1785999984], [-17355709.3433, 2203944.701200001], [-17355713.2617, 2203948.655099999], [-17355722.401, 2203957.5546999983], [-17355728.0895, 2203964.3533999994], [-17355729.1025, 2203965.4866000004], [-17355729.9708, 2203965.899700001], [-17355730.972599998, 2203966.029599998], [-17355732.5423, 2203965.852499999], [-17355734.1007, 2203965.392099999], [-17355738.9432, 2203964.7430000007], [-17355745.3551, 2203963.916700002], [-17355746.6241, 2203962.748300001], [-17355749.9861, 2203958.8060000017], [-17355750.6985, 2203958.652399998], [-17355751.5668, 2203959.207199998], [-17355752.4685, 2203961.7804999985], [-17355755.2626, 2203966.6196999997], [-17355759.3592, 2203972.8636000007], [-17355759.671, 2203974.515999999], [-17355760.2497, 2203974.9408], [-17355761.2627, 2203975.4957000017], [-17355763.144, 2203977.1834999993], [-17355763.7452, 2203978.7534000017], [-17355763.8008, 2203981.916700002], [-17355763.8565, 2203985.5047000013], [-17355764.880599998, 2203986.9211999997], [-17355766.1718, 2203987.4758], [-17355772.6396, 2203989.3762000017], [-17355774.3428, 2203989.352600001], [-17355776.6248, 2203988.7388999984], [-17355778.1609, 2203987.1336000003], [-17355785.0071, 2203978.104200002], [-17355786.0091, 2203977.655699998], [-17355788.1352, 2203977.1953000017], [-17355789.2819, 2203977.6083999984], [-17355790.595399998, 2203978.8713999987], [-17355791.3412, 2203981.0194999985], [-17355792.1094, 2203983.8759999983], [-17355792.8329, 2203984.442499999], [-17355793.8237, 2203984.2773], [-17355795.2374, 2203983.2503999993], [-17355795.9053, 2203980.795400001], [-17355795.8273, 2203975.6253999993], [-17355796.4842, 2203972.308699999], [-17355798.1318, 2203968.8385999985], [-17355800.937, 2203965.4866000004], [-17355804.2987, 2203961.5441999994], [-17355806.4139, 2203960.2223999985], [-17355809.119, 2203959.5967999995], [-17355812.6923, 2203959.6794000007], [-17355816.121, 2203959.9037000015], [-17355817.9911, 2203960.6000999995], [-17355820.8743, 2203961.9811000004], [-17355821.876199998, 2203962.689100001], [-17355822.1878, 2203963.6807000004], [-17355822.199, 2203964.8374000005], [-17355821.6424, 2203965.6988999993], [-17355820.2288, 2203966.1592999995], [-17355818.2249, 2203966.1948000006], [-17355815.2192, 2203965.3803000003], [-17355813.2154, 2203965.1325000003], [-17355810.6441, 2203965.3211999983], [-17355809.0856, 2203966.206599999], [-17355806.5474, 2203968.2602000013], [-17355805.0112, 2203970.3022000007], [-17355804.3322, 2203972.037300002], [-17355804.7998, 2203974.3271999992], [-17355805.5345, 2203975.7435999997], [-17355807.7275, 2203978.434700001], [-17355808.7294, 2203978.8477], [-17355813.5939, 2203979.343600001], [-17355818.4587, 2203979.6977000013], [-17355825.0264, 2203979.8746000007], [-17355828.1658, 2203980.028000001], [-17355829.9023, 2203980.8660999984], [-17355831.1936, 2203981.7041999996], [-17355831.4942, 2203982.270799998], [-17355831.8059, 2203983.6988000013], [-17355831.6946, 2203985.8588999994], [-17355831.1491, 2203987.1691000015], [-17355830.8931, 2203988.8924000002], [-17355831.0489, 2203989.8955999985], [-17355831.7725, 2203990.7454999983], [-17355834.0768, 2203991.5716999993], [-17355835.2233, 2203992.1264000013], [-17355835.524, 2203992.8345], [-17355835.5573, 2203994.5579000004], [-17355836.0026, 2203995.844300002], [-17355837.293899998, 2203996.3992], [-17355839.2977, 2203996.5053000003], [-17355841.4239, 2203995.7498999983], [-17355842.8598, 2203995.726300001], [-17355844.5742, 2203995.8444], [-17355845.5872, 2203996.8357999995], [-17355846.3442, 2203999.5505999997], [-17355847.1457, 2204004.7087000012], [-17355847.4574, 2204006.4200999998], [-17355848.4927, 2204007.9897999987], [-17355849.7729, 2204008.2496000007], [-17355850.7635, 2204007.659499999], [-17355852.6004, 2204006.4791], [-17355855.0159, 2204005.8654000014], [-17355857.4427, 2204005.5348000005], [-17355860.1589, 2204005.7709], [-17355865.736, 2204005.971500002], [-17355868.3076, 2204006.502700001], [-17355873.4838, 2204008.2848000005], [-17355878.9497, 2204010.9169999994], [-17355886.842100002, 2204012.9354000017], [-17355898.1523, 2204014.6114000008], [-17355901.6031, 2204015.768199999], [-17355904.2081, 2204018.3178000003], [-17355907.6811, 2204021.1268000007], [-17355908.2824, 2204022.5551000014], [-17355909.774, 2204026.4147999994], [-17355910.6424, 2204027.3944999985], [-17355912.5125, 2204028.232500002], [-17355917.5219, 2204028.716400001], [-17355923.099, 2204029.058600001], [-17355926.1158, 2204030.014800001], [-17355929.5778, 2204032.1039000005], [-17355932.7614, 2204035.066399999], [-17355935.8227, 2204038.7490000017], [-17355937.8822, 2204041.8770999983], [-17355939.9194, 2204044.142999999], [-17355942.3684, 2204045.8192000017], [-17355943.6708, 2204046.3739], [-17355946.5316, 2204046.7633999996], [-17355949.2368, 2204046.5628000014], [-17355952.7878, 2204045.0757], [-17355958.7324, 2204042.242899999], [-17355960.3021, 2204042.3610000014], [-17355961.4596, 2204043.1988999993], [-17355963.0404, 2204043.4585000016], [-17355965.7454, 2204042.9864000008], [-17355966.7364, 2204042.537999999], [-17355968.027400002, 2204042.797600001], [-17355968.6063, 2204043.3641999997], [-17355970.0536, 2204044.4855000004], [-17355972.0685, 2204045.3233999982], [-17355974.651, 2204046.208799999], [-17355976.9442, 2204046.7399999984], [-17355979.6603, 2204046.9877000004], [-17355980.6734, 2204047.5425999984], [-17355980.974, 2204048.404199999], [-17355981.4193, 2204049.8323], [-17355981.4527, 2204051.8390999995], [-17355981.0742, 2204054.4356000014], [-17355981.0628, 2204062.190299999], [-17355981.564, 2204066.9235000014], [-17355981.8645, 2204076.1063], [-17355982.0648, 2204079.1281000003], [-17355982.8107, 2204081.406100001], [-17355982.9888, 2204083.2709], [-17355982.3097, 2204085.5846000016], [-17355981.2078, 2204087.7562999986], [-17355980.9629, 2204090.0579000004], [-17355980.9851, 2204091.6394999996], [-17355981.8645, 2204092.9142999984], [-17355983.7346, 2204093.5988], [-17355987.0298, 2204094.2597999983], [-17355989.1671, 2204094.3779000007], [-17355992.028, 2204094.7555], [-17355993.4752, 2204095.8768999986], [-17355995.4789, 2204095.841499999], [-17355996.6144, 2204095.392999999], [-17356002.1691, 2204094.732000001], [-17356009.0043, 2204093.3154999986], [-17356011.998800002, 2204093.2683999985], [-17356013.5795, 2204093.8110999987], [-17356018.1547, 2204093.882199999], [-17356019.7243, 2204094.1416999996], [-17356021.4609, 2204095.1213999987], [-17356023.1862, 2204096.089299999], [-17356023.7764, 2204097.3757000007], [-17356025.3124, 2204103.962200001], [-17356027.0157, 2204111.6105999984], [-17356028.8079, 2204116.4734999985], [-17356031.4574, 2204121.0179000013], [-17356035.9881, 2204126.9783999994], [-17356041.6653, 2204133.4820999987], [-17356044.9826, 2204135.7247], [-17356052.185, 2204139.1950000003], [-17356056.3484, 2204140.5639999993], [-17356058.3633, 2204141.390299998], [-17356060.0999, 2204142.7949], [-17356060.9793, 2204143.928199999], [-17356061.5692, 2204145.4979000017], [-17356063.606399998, 2204147.6224999987], [-17356068.4042, 2204152.5681000017], [-17356075.4731, 2204157.1950000003], [-17356087.6403, 2204167.392999999], [-17356089.9447, 2204168.077799998], [-17356091.7924, 2204168.042100001], [-17356093.5069, 2204168.0187], [-17356094.6311, 2204166.7085000016], [-17356096.4345, 2204163.3680999987], [-17356097.5366, 2204161.1963], [-17356098.7944, 2204159.5911], [-17356099.6516, 2204159.4376000017], [-17356100.6536, 2204159.8508], [-17356101.3883, 2204161.125500001], [-17356102.0004, 2204163.5687000006], [-17356102.9022, 2204166.2716000006], [-17356103.492200002, 2204167.416700002], [-17356104.6498, 2204167.9714], [-17356105.7853, 2204167.5227999985], [-17356106.3308, 2204166.3660999984], [-17356107.7335, 2204164.3242000006], [-17356108.4237, 2204163.3090000004], [-17356109.4144, 2204162.8605000004], [-17356111.2846, 2204163.5452000014], [-17356113.1659, 2204165.0912999995], [-17356116.7948, 2204168.195700001], [-17356118.5538, 2204171.1818999983], [-17356119.322, 2204174.333299998], [-17356119.9564, 2204178.0513999984], [-17356120.0119, 2204181.6396999992], [-17356120.769, 2204184.2128], [-17356122.8506, 2204188.9222999997], [-17356124.0306, 2204191.4835], [-17356124.0641, 2204192.923700001], [-17356123.9526, 2204194.9419], [-17356122.6947, 2204196.830499999], [-17356121.2811, 2204197.5742000006], [-17356119.1438, 2204197.8927999996], [-17356116.3051, 2204198.5183000006], [-17356114.902400002, 2204200.1237000003], [-17356114.6463, 2204201.988499999], [-17356114.6687, 2204203.7118999995], [-17356115.3032, 2204207.4417999983], [-17356117.373800002, 2204211.714499999], [-17356117.396, 2204212.7179999985], [-17356116.7057, 2204213.8746000007], [-17356115.5814, 2204215.0430999994], [-17356113.1659, 2204215.8812000006], [-17356107.2103, 2204218.418900002], [-17356102.3902, 2204220.5199000016], [-17356100.9652, 2204220.5434999987], [-17356099.1062, 2204220.4252999984], [-17356097.5144, 2204219.445799999], [-17356092.4382, 2204214.5119999982], [-17356091.8482, 2204213.8038999997], [-17356090.9911, 2204213.8156000003], [-17356089.5663, 2204213.980700001], [-17356087.7405, 2204215.739500001], [-17356086.4715, 2204216.7663000003], [-17356082.3304, 2204216.5419999994], [-17356081.1838, 2204216.4241000004], [-17356080.0594, 2204217.0143], [-17356080.0706, 2204217.7342000008], [-17356080.5159, 2204218.7375999987], [-17356082.3859, 2204220.1422000006], [-17356083.9779, 2204220.8268], [-17356086.404600002, 2204221.0746], [-17356090.7016, 2204221.5821], [-17356091.8593, 2204222.4202000014], [-17356097.2696, 2204229.9387999997], [-17356101.9893, 2204238.909499999], [-17356105.7965, 2204244.7402999997], [-17356106.5311, 2204246.156800002], [-17356106.854, 2204248.1633], [-17356106.1862, 2204251.196800001], [-17356105.5515, 2204255.3751999997], [-17356106.6982, 2204255.9298], [-17356107.8337, 2204255.3279], [-17356111.6186, 2204251.243900001], [-17356114.3125, 2204250.4767999984], [-17356116.4497, 2204250.1581000015], [-17356117.8858, 2204250.2760999985], [-17356118.7541, 2204250.842700001], [-17356119.7783, 2204252.400800001], [-17356119.9564, 2204254.2657000013], [-17356120.5574, 2204256.555399999], [-17356121.8821, 2204258.3966999985], [-17356124.5092, 2204261.796100002], [-17356126.2681, 2204265.0775000006], [-17356126.3016, 2204267.083999999], [-17356125.3442, 2204269.256000001], [-17356123.8079, 2204271.4395000003], [-17356121.8378, 2204272.903099999], [-17356118.6985, 2204273.2454999983], [-17356113.1213, 2204272.773400001], [-17356111.5518, 2204272.5845], [-17356110.9839, 2204273.162900001], [-17356110.7057, 2204273.7410999984], [-17356110.8726, 2204274.8861000016], [-17356111.318, 2204276.031100001], [-17356113.0768, 2204278.297200002], [-17356114.6575, 2204279.1352999993], [-17356117.5295, 2204279.9497999996], [-17356119.1102, 2204280.492800001], [-17356120.4128, 2204281.6257999986], [-17356121.4369, 2204282.900600001], [-17356122.7281, 2204283.597199999], [-17356124.1643, 2204283.998399999], [-17356126.4574, 2204284.6829999983], [-17356127.6151, 2204285.3792999983], [-17356128.9287, 2204286.7958999984], [-17356129.2293, 2204287.7989999987], [-17356128.962, 2204289.085499998], [-17356127.4147, 2204290.7027000003], [-17356126.3016, 2204292.296100002], [-17356126.0454, 2204293.877799999], [-17356126.2014, 2204294.739599999], [-17356126.925, 2204295.1644], [-17356128.0716, 2204295.282299999], [-17356129.2181, 2204295.837299999], [-17356130.3869, 2204297.2534999996], [-17356130.2645, 2204298.693599999], [-17356129.8638, 2204300.2870999984], [-17356128.6169, 2204302.458799999], [-17356128.9287, 2204303.8871], [-17356130.0863, 2204305.3035000004], [-17356132.413, 2204307.5698000006], [-17356137.188500002, 2204311.217], [-17356140.3946, 2204314.7580999993], [-17356140.5504, 2204315.7611999996], [-17356140.7397, 2204318.912700001], [-17356141.107, 2204323.3627000004], [-17356142.1311, 2204324.9208000004], [-17356145.2035, 2204329.040100001], [-17356148.5544, 2204332.9351999983], [-17356151.8605, 2204334.7412], [-17356156.7697, 2204337.963399999], [-17356159.3635, 2204338.9312999994], [-17356161.5007, 2204339.037700001], [-17356163.36, 2204339.0023999996], [-17356166.632600002, 2204338.5183000006], [-17356169.3487, 2204338.329399999], [-17356170.64, 2204338.5890999995], [-17356171.9426, 2204339.5687999986], [-17356173.3897, 2204341.1270000003], [-17356173.412, 2204342.1301999986], [-17356172.733, 2204344.1603999995], [-17356171.475, 2204346.1906000003], [-17356170.7737, 2204347.0639999993], [-17356170.807099998, 2204348.9287], [-17356171.3971, 2204349.6369999982], [-17356172.5436, 2204350.1917999983], [-17356175.6829, 2204350.0031000003], [-17356193.9504, 2204349.259300001], [-17356202.6444, 2204348.5276000015], [-17356207.4646, 2204346.2967000008], [-17356208.3218, 2204346.143199999], [-17356209.1788, 2204346.2613000013], [-17356211.9174, 2204347.9492999986], [-17356217.9398, 2204349.566300001], [-17356223.695, 2204351.8324999996], [-17356224.6969, 2204351.820700001], [-17356226.2555, 2204351.218699999], [-17356227.802699998, 2204350.038400002], [-17356231.7434, 2204346.096099999], [-17356232.5894, 2204346.0841999985], [-17356233.8918, 2204347.0639999993], [-17356234.2258, 2204349.790600002], [-17356234.8938, 2204355.6686999984], [-17356235.417, 2204361.2635000013], [-17356235.0384, 2204364.1437], [-17356234.5263, 2204367.602000002], [-17356233.8474, 2204369.903499998], [-17356233.6136, 2204372.5003999993], [-17356234.5263, 2204375.7936000004], [-17356234.8381, 2204377.5051000006], [-17356234.5598, 2204378.2250999995], [-17356233.5691, 2204378.8150999993], [-17356232.0105, 2204379.417199999], [-17356231.3314, 2204381.0106999986], [-17356230.3631, 2204383.324099999], [-17356230.018, 2204387.9274000004], [-17356230.7749, 2204390.9373000003], [-17356231.8213, 2204393.6523], [-17356232.5672, 2204395.3636999987], [-17356233.4354, 2204396.0601000004], [-17356237.298299998, 2204396.567499999], [-17356247.4506, 2204397.405699998], [-17356254.1964, 2204399.011], [-17356258.9499, 2204401.5133000016], [-17356261.565899998, 2204404.346000001], [-17356268.8128, 2204411.0504], [-17356271.862999998, 2204414.1547], [-17356274.6125, 2204416.1141999997], [-17356275.9261, 2204417.8255999982], [-17356276.2266, 2204418.6754], [-17356276.2489, 2204419.8323], [-17356275.4474, 2204423.290600002], [-17356274.3787, 2204427.7641000003], [-17356274.1227, 2204429.0625], [-17356274.2785, 2204430.0658], [-17356275.0132, 2204431.199000001], [-17356275.436300002, 2204431.1871999986], [-17356276.8612, 2204430.5852000006], [-17356280.5236, 2204428.082800001], [-17356284.4976, 2204426.4422000013], [-17356288.2044, 2204425.8048], [-17356292.3457, 2204426.0172000006], [-17356295.3625, 2204427.2567000017], [-17356299.9933, 2204430.774099998], [-17356300.5834, 2204431.9070999995], [-17356300.7505, 2204433.0522000007], [-17356300.3495, 2204434.645799998], [-17356298.2457, 2204437.4076999985], [-17356296.008, 2204440.027899999], [-17356295.4514, 2204441.0430000015], [-17356295.195299998, 2204442.4948000014], [-17356295.2179, 2204443.9232], [-17356296.2419, 2204445.6345999986], [-17356298.1454, 2204448.1842], [-17356300.6056, 2204450.2971], [-17356302.0528, 2204450.9935999997], [-17356303.7671, 2204450.9580999985], [-17356305.7486, 2204450.3561000004], [-17356307.151, 2204448.8924000002], [-17356308.2309, 2204445.1389000006], [-17356309.1439, 2204439.9571], [-17356308.9212, 2204426.878800001], [-17356309.0436, 2204425.1556], [-17356309.4555, 2204424.577300001], [-17356310.3127, 2204424.565299999], [-17356311.4816, 2204425.981899999], [-17356313.1068, 2204428.9679999985], [-17356315.7674, 2204434.810800001], [-17356316.4241, 2204439.827399999], [-17356316.8138, 2204446.142099999], [-17356316.3017, 2204449.6008], [-17356313.6744, 2204454.8178000003], [-17356310.4574, 2204458.4651000015], [-17356304.1456, 2204465.1103000008], [-17356302.8765, 2204466.278999999], [-17356300.6055, 2204467.0342999995], [-17356297.3217, 2204467.376600001], [-17356293.0359, 2204466.881000001], [-17356289.585, 2204465.6415], [-17356286.8466, 2204463.8236999996], [-17356283.2287, 2204461.2978999987], [-17356281.7815, 2204460.022999998], [-17356280.6349, 2204459.7635000013], [-17356279.4995, 2204460.353599999], [-17356279.5106, 2204461.0736000016], [-17356280.5459, 2204463.3517000005], [-17356281.2916, 2204464.921599999], [-17356282.6052, 2204466.7628000006], [-17356285.0766, 2204469.0172999986], [-17356288.4384, 2204473.9985000007], [-17356292.2566, 2204480.1008], [-17356295.318, 2204483.783599999], [-17356298.9694, 2204488.327799998], [-17356299.5592, 2204489.8977999985], [-17356300.0379, 2204492.7540999986], [-17356299.9265, 2204494.4893999994], [-17356299.2252, 2204495.5044], [-17356298.0897, 2204495.8112999983], [-17356296.3755, 2204495.6931999996], [-17356295.4961, 2204494.4186000004], [-17356294.6278, 2204493.4268999994], [-17356292.0452, 2204493.1790999994], [-17356288.0487, 2204493.391399998], [-17356285.4997, 2204494.1587999985], [-17356282.2268, 2204494.7842999995], [-17356280.8017, 2204494.9496], [-17356279.2212, 2204494.5483999997], [-17356277.061499998, 2204493.4389000013], [-17356271.8184, 2204487.7848999985], [-17356270.248800002, 2204487.8084999993], [-17356267.6884, 2204488.1391000003], [-17356264.527, 2204487.3244999982], [-17356262.3451, 2204484.633299999], [-17356261.4768, 2204483.7952999994], [-17356260.3301, 2204483.665600002], [-17356259.1947, 2204484.2556999996], [-17356259.072300002, 2204485.2707], [-17356258.6493, 2204485.9908000007], [-17356256.8014, 2204486.3095000014], [-17356253.4952, 2204485.2236], [-17356251.335500002, 2204483.6772000007], [-17356250.0443, 2204483.4059000015], [-17356247.4839, 2204483.889800001], [-17356246.059, 2204484.633299999], [-17356244.8346, 2204487.6668], [-17356244.5897, 2204490.405200001], [-17356244.9459, 2204494.276900001], [-17356246.4265, 2204497.4047], [-17356251.536, 2204504.0736999996], [-17356253.2836, 2204506.623399999], [-17356253.4951, 2204510.0700000003], [-17356254.8199, 2204512.4897999987], [-17356255.1316, 2204514.4963999987], [-17356254.8644, 2204515.653000001], [-17356254.029600002, 2204516.3849], [-17356251.4581, 2204516.4321000017], [-17356250.311499998, 2204516.160599999], [-17356248.2632, 2204513.327799998], [-17356246.6491, 2204511.0496999994], [-17356246.3262, 2204508.9015000015], [-17356245.3021, 2204507.485100001], [-17356242.9755, 2204504.9354999997], [-17356241.9738, 2204504.664000001], [-17356241.4058, 2204505.1125000007], [-17356241.2945, 2204506.5408000015], [-17356242.4412, 2204515.582199998], [-17356245.0794, 2204519.123300001], [-17356248.8197, 2204521.141899999], [-17356251.112999998, 2204521.531300001], [-17356256.2671, 2204522.4519000016], [-17356257.5584, 2204522.5700000003], [-17356259.2727, 2204522.829599999], [-17356259.7069, 2204522.9712999985], [-17356258.860799998, 2204523.7030999996], [-17356253.4729, 2204525.945700001], [-17356252.059100002, 2204526.972600002], [-17356251.0796, 2204528.282900002], [-17356250.8125, 2204529.0146999992], [-17356251.112999998, 2204529.864599999], [-17356251.5471, 2204530.1477000006], [-17356252.972, 2204530.1240999997], [-17356253.8291, 2204530.2540000007], [-17356255.8442, 2204531.0802999996], [-17356258.0037, 2204531.906399999], [-17356259.005400002, 2204532.4613000005], [-17356260.2969, 2204532.4376999997], [-17356261.1315, 2204531.2809000015], [-17356261.9555, 2204529.392499998], [-17356262.935, 2204528.0821], [-17356264.0706, 2204527.775199998], [-17356266.6532, 2204528.601500001], [-17356273.6663, 2204529.3334], [-17356274.5235, 2204529.616700001], [-17356275.2471, 2204530.313000001], [-17356274.9799, 2204531.1864], [-17356273.1654, 2204533.6534], [-17356271.362, 2204536.557], [-17356270.8053, 2204537.8674000017], [-17356270.7498, 2204542.600499999], [-17356271.2173, 2204544.8905000016], [-17356273.1097, 2204547.4518], [-17356273.5773, 2204549.4584], [-17356273.6107, 2204551.748300001], [-17356272.5086, 2204553.9202000014], [-17356270.527, 2204555.1121999994], [-17356266.820299998, 2204555.313000001], [-17356263.2244, 2204554.0854], [-17356262.768, 2204552.5155999996], [-17356261.911, 2204552.3856000006], [-17356260.3413, 2204552.550999999], [-17356257.4692, 2204551.4530999996], [-17356253.8736, 2204550.0720999986], [-17356251.1574, 2204549.5527000017], [-17356250.0108, 2204549.7062], [-17356248.7418, 2204550.4497999996], [-17356247.495, 2204552.9168], [-17356246.1258, 2204556.3871], [-17356245.8699, 2204557.8269999996], [-17356246.3262, 2204559.833799999], [-17356251.2687, 2204564.7677000016], [-17356251.28, 2204565.345899999], [-17356250.1445, 2204565.652899999], [-17356247.8736, 2204566.549899999], [-17356245.6026, 2204567.458900001], [-17356242.931, 2204569.6543000005], [-17356239.4356, 2204574.458299998], [-17356235.7731, 2204577.6099000014], [-17356229.5392, 2204580.584399998], [-17356225.7098, 2204581.9417000003], [-17356223.427699998, 2204582.1306999996], [-17356222.3145, 2204583.5824999996], [-17356222.3369, 2204585.022599999], [-17356222.5039, 2204586.7459000014], [-17356223.3721, 2204587.4422000013], [-17356228.682099998, 2204589.0711999983], [-17356229.9957, 2204590.2043000013], [-17356230.7193, 2204591.195799999], [-17356230.7415, 2204592.3407000005], [-17356230.619, 2204593.9343000017], [-17356229.0939, 2204596.1061000004], [-17356227.3128, 2204600.591400001], [-17356226.3554, 2204603.6248999983], [-17356224.5409, 2204605.9503000006], [-17356220.4778, 2204610.329399999], [-17356218.6522, 2204612.229699999], [-17356216.9824, 2204614.850200001], [-17356216.4481, 2204617.0102000013], [-17356216.7709, 2204619.3000999987], [-17356218.975, 2204623.147999998], [-17356222.0474, 2204627.2558000013], [-17356222.6485, 2204628.8257], [-17356222.5262, 2204630.407400001], [-17356221.8359, 2204632.0009000003], [-17356220.4333, 2204633.1810999997], [-17356217.1606, 2204633.8775999993], [-17356215.1679, 2204634.349800002], [-17356213.4535, 2204634.2316999994], [-17356212.3068, 2204633.818599999], [-17356211.8617, 2204632.815200001], [-17356211.3719, 2204629.6636999995], [-17356211.4831, 2204627.5155000016], [-17356211.5945, 2204625.780200001], [-17356211.0046, 2204624.7886999995], [-17356209.1344, 2204623.8209999986], [-17356207.4201, 2204623.8444], [-17356206.4294, 2204624.2930999994], [-17356205.5943, 2204625.7448000014], [-17356204.6705, 2204630.0650999993], [-17356204.292, 2204633.0984999985], [-17356203.746600002, 2204634.5386000015], [-17356202.6222, 2204635.7071], [-17356200.0618, 2204636.037700001], [-17356192.5144, 2204637.3125], [-17356188.1063, 2204638.398400001], [-17356184.6997, 2204639.8856999986], [-17356181.8834, 2204642.3762000017], [-17356176.8405, 2204648.2190000005], [-17356173.7681, 2204652.4329000004], [-17356173.0779, 2204653.8847000003], [-17356172.232, 2204654.1796999983], [-17356171.5196, 2204654.1915999986], [-17356169.927699998, 2204653.2118000016], [-17356168.1576, 2204649.659000002], [-17356167.8349, 2204647.6523], [-17356167.8125, 2204646.0705999993], [-17356168.6474, 2204644.9021999985], [-17356170.473, 2204643.0018000007], [-17356170.4509, 2204641.5736000016], [-17356169.2819, 2204640.0154], [-17356166.0872, 2204636.7575999983], [-17356164.1836, 2204634.349800002], [-17356163.8719, 2204632.626600001], [-17356163.8497, 2204631.0566000007], [-17356165.7531, 2204625.8511999995], [-17356166.154, 2204624.2575999983], [-17356165.6752, 2204620.8227999993], [-17356164.8625, 2204615.2278999984], [-17356164.1168, 2204613.516399998], [-17356163.8164, 2204612.088199999], [-17356164.5064, 2204610.6363000013], [-17356165.619599998, 2204609.3260999992], [-17356165.7308, 2204607.3192999996], [-17356165.141, 2204606.032900002], [-17356163.8275, 2204604.6165000014], [-17356163.5156, 2204602.905000001], [-17356163.7716, 2204601.3114], [-17356165.3302, 2204600.1427999996], [-17356167.757, 2204600.237300001], [-17356170.9183, 2204601.476599999], [-17356171.9202, 2204601.6064999998], [-17356172.9111, 2204601.4532000013], [-17356173.3229, 2204600.142999999], [-17356173.1559, 2204598.572999999], [-17356173.5456, 2204596.5544999987], [-17356174.7812, 2204593.8044000007], [-17356178.9668, 2204587.9853000008], [-17356180.0912, 2204586.533399999], [-17356180.0689, 2204585.376600001], [-17356179.4678, 2204583.6651999988], [-17356177.1523, 2204581.5522999987], [-17356174.258, 2204579.5929000005], [-17356172.3655, 2204577.3266000003], [-17356170.3172, 2204574.1988000013], [-17356167.8238, 2204570.2916], [-17356166.5213, 2204569.158599999], [-17356164.5175, 2204568.910599999], [-17356161.0888, 2204569.2529999986], [-17356158.6844, 2204570.161899999], [-17356152.9182, 2204575.8629], [-17356146.617399998, 2204583.2874], [-17356140.1497, 2204589.2952999994], [-17356139.7267, 2204589.649700001], [-17356136.632, 2204589.8973000012], [-17356135.0624, 2204589.6614000015], [-17356132.279600002, 2204587.6783000007], [-17356130.899, 2204586.710499998], [-17356129.7301, 2204587.1235999987], [-17356128.8284, 2204588.1977000013], [-17356128.6616, 2204589.7085999995], [-17356129.8638, 2204591.2665], [-17356134.6504, 2204592.7657000013], [-17356136.3759, 2204594.111200001], [-17356136.453900002, 2204596.4483999982], [-17356136.1421, 2204596.967799999], [-17356134.8732, 2204598.2897000015], [-17356131.7785, 2204601.2172], [-17356130.6876, 2204603.8139000013], [-17356130.0197, 2204606.564100001], [-17356128.3721, 2204610.6127000004], [-17356126.3349, 2204616.6796999983], [-17356125.6782, 2204620.421500001], [-17356125.1994, 2204625.7448999994], [-17356124.398000002, 2204628.778499998], [-17356123.5743, 2204630.9503000006], [-17356122.8618, 2204631.3871], [-17356122.2941, 2204631.398699999], [-17356119.7114, 2204630.725900002], [-17356118.7096, 2204630.454599999], [-17356117.8524, 2204630.7613999993], [-17356116.2941, 2204631.363499999], [-17356114.6019, 2204632.5320000015], [-17356111.7521, 2204633.1576000005], [-17356109.1917, 2204633.2047999986], [-17356107.599799998, 2204632.508299999], [-17356104.4384, 2204630.702300001], [-17356102.5683, 2204630.300999999], [-17356100.1415, 2204630.4899000004], [-17356099.4513, 2204631.3632999994], [-17356097.2249, 2204635.128800001], [-17356094.4642, 2204640.995099999], [-17356092.6497, 2204643.615699999], [-17356090.9575, 2204644.642499998], [-17356089.5438, 2204645.386], [-17356087.4064, 2204645.5749000013], [-17356083.1206, 2204645.3506000005], [-17356080.8276, 2204644.961199999], [-17356077.8108, 2204644.0051000006], [-17356072.7903, 2204642.659499999], [-17356069.2058, 2204641.9985000007], [-17356066.9238, 2204642.0456999987], [-17356064.653, 2204643.084399998], [-17356057.9958, 2204646.3539000005], [-17356056.5042, 2204646.7434], [-17356054.7899, 2204646.8379000016], [-17356052.2072, 2204646.0942], [-17356041.0977, 2204643.5566000007], [-17356030.589, 2204642.2936000004], [-17356022.7187, 2204641.4673000015], [-17356019.4905, 2204640.652899999], [-17356017.9766, 2204639.968199998], [-17356016.8189, 2204638.9767000005], [-17356015.0265, 2204638.7172], [-17356003.8055, 2204637.9734000005], [-17356002.8037, 2204637.8554], [-17356001.8574, 2204636.934799999], [-17355999.3751, 2204633.169300001], [-17355995.746, 2204625.7567000017], [-17355993.5196, 2204620.5513999984], [-17355992.2173, 2204619.3238999993], [-17355990.2693, 2204618.1316], [-17355987.4751, 2204617.8247000016], [-17355981.6864, 2204617.4822999984], [-17355979.2597, 2204617.6711999997], [-17355976.4878, 2204618.509300001], [-17355973.0813, 2204619.9376000017], [-17355971.111, 2204621.2595999986], [-17355969.7086, 2204623.0064000003], [-17355969.0962, 2204624.7415999994], [-17355968.9849, 2204626.6774000004], [-17355969.1741, 2204629.1206], [-17355970.432, 2204631.611200001], [-17355975.3301, 2204643.2379], [-17355975.9536, 2204645.810899999], [-17355976.8996, 2204647.4516000003], [-17355978.3803, 2204650.2256000005], [-17355981.0185, 2204658.4761999995], [-17355981.9201, 2204660.978599999], [-17355982.6104, 2204664.271899998], [-17355982.6994, 2204669.371100001], [-17355982.8664, 2204675.036699999], [-17355982.4322, 2204679.109099999], [-17355981.6753, 2204684.7983999997], [-17355980.1501, 2204691.9985000007], [-17355978.1686, 2204701.3706], [-17355977.0555, 2204707.4613000005], [-17355976.1093, 2204710.849100001], [-17355974.806900002, 2204713.6818000004], [-17355973.4933, 2204716.4321999997], [-17355971.8123, 2204718.25], [-17355969.4078, 2204719.7371000014], [-17355966.925499998, 2204720.5634000003], [-17355964.0089, 2204721.2599], [-17355961.8158, 2204722.664500002], [-17355954.7694, 2204727.810899999], [-17355948.1569, 2204733.9959000014], [-17355946.8211, 2204735.447900001], [-17355946.1977, 2204736.1088999994], [-17355945.2737, 2204736.5573999994], [-17355943.9824, 2204736.5808999985], [-17355941.7672, 2204736.1088999994], [-17355938.8062, 2204734.5154], [-17355931.1251, 2204731.9067], [-17355927.5519, 2204731.6116000004], [-17355926.589, 2204731.6534], [-17355919.5452, 2204662.467500001], [-17355863.431900002, 2204671.507100001], [-17355868.5404, 2204684.293400001], [-17355847.964, 2204697.2267000005], [-17355843.183, 2204698.022599999], [-17355838.2086, 2204717.843899999], [-17355838.8297, 2204726.5643000007], [-17355829.9111, 2204739.0876], [-17355831.9477, 2204754.5857999995], [-17355778.4302, 2204805.8808000013], [-17355741.3621, 2204809.2401], [-17355679.772, 2204829.109700002], [-17355626.833, 2204813.331599999], [-17355617.2001, 2204819.288800001], [-17355601.291699998, 2204829.126699999], [-17355576.0758, 2204856.3106999993], [-17355403.5504, 2204408.188000001], [-17355402.8305, 2204406.318], [-17354998.218, 2203355.316300001], [-17354995.021, 2203346.9345999993], [-17353808.4647, 2203575.8434999995], [-17353460.8576, 2203562.974199999], [-17352636.3554, 2203532.4239999987], [-17352612.7501, 2203534.5801], [-17352613.6151, 2203518.1845999993], [-17352635.9207, 2203516.1473000012], [-17353461.2298, 2203546.727600001], [-17353464.1896, 2203417.5780000016], [-17353480.3099, 2202714.143199999]]]]}}, {"type": "Feature", "properties": {"OBJECTID": 319, "CreationDate": "2025-01-14T11:11:12Z", "Creator": "NPS_WASO_LANDS", "EditDate": "2025-01-14T11:11:12Z", "Editor": "NPS_WASO_LANDS", "GlobalID": "{8E40398D-BEA7-45B5-B1B9-366C94704282}", "AreaID": 333, "UNIT_CODE": "KALA", "GIS_Notes": "Lands - http://landsnet.nps.gov/tractsnet/documents/KALA/Metadata/kala_metadata.xml", "UNIT_NAME": "Kalaupapa National Historical Park", "DATE_EDIT": "2009-01-15T00:00:00Z", "STATE": "HI", "REGION": "PW", "GNIS_ID": "365030", "UNIT_TYPE": "National Historical Park", "CREATED_BY": "Lands", "METADATA": "https://irma.nps.gov/DataStore/Reference/Profile/1047996", "PARKNAME": "Kalaupapa", "SHAPE_Length": 54468.08773287642, "SHAPE_Area": 49785906.735394664}, "geometry": {"type": "MultiPolygon", "coordinates": [[[[-17474003.7306, 2412448.4519999996], [-17474037.7085, 2412430.7227], [-17474112.8462, 2412422.2014999986], [-17474182.1026, 2412435.361200001], [-17474251.9958, 2412467.579399999], [-17474402.897, 2412540.5780999996], [-17474527.0174, 2412593.847100001], [-17474676.625, 2412646.4613999985], [-17474950.3712, 2412706.3368000016], [-17475036.6102, 2412714.2448000014], [-17475396.6103, 2412694.615600001], [-17475478.2887, 2412689.3742000014], [-17475899.7145, 2412648.7194], [-17476115.3276, 2412607.3621000014], [-17476444.6288, 2412585.0771999992], [-17476572.0267, 2412581.1565999985], [-17476832.0715, 2412583.8264999986], [-17476847.7449, 2412584.478500001], [-17476874.5324, 2412579.234000001], [-17476889.5677, 2412572.654199999], [-17476967.9709, 2412526.0064999983], [-17477018.9413, 2412489.8673], [-17477078.4099, 2412441.900899999], [-17477086.8956, 2412435.3348000012], [-17477098.6613, 2412428.7672999986], [-17477143.0916, 2412423.5091000013], [-17477194.0502, 2412432.715999998], [-17477228.0228, 2412442.580600001], [-17477309.6858, 2412476.1114999987], [-17477350.1917, 2412484.6570999995], [-17477394.6235, 2412510.9448999986], [-17477492.616, 2412576.6816000007], [-17477505.035, 2412581.2809999995], [-17477572.9841, 2412579.3167000003], [-17477623.945100002, 2412583.2611000016], [-17477655.9536, 2412583.9252000004], [-17477708.8785, 2412579.9913000017], [-17477732.4004, 2412581.3024999984], [-17477793.815, 2412594.456700001], [-17477819.3014, 2412604.967799999], [-17477836.2877, 2412615.4897000007], [-17477857.8432, 2412635.212299999], [-17477868.2894, 2412662.158399999], [-17477870.2523, 2412707.498300001], [-17477866.3235, 2412767.9661], [-17477851.2909, 2412865.2316000015], [-17477844.7462, 2412928.3191], [-17477837.5563, 2412968.4010000005], [-17477790.5905, 2412982.6886], [-17477759.8052, 2412992.0537], [-17477785.2779, 2413024.2687], [-17477793.7728, 2413034.1229000017], [-17477827.7445, 2413051.8682999983], [-17477837.5454, 2413058.4398000017], [-17477929.673299998, 2413105.772999998], [-17478023.0996, 2413150.469999999], [-17478055.115199998, 2413169.527399998], [-17478106.0796, 2413199.1099999994], [-17478197.5506, 2413222.7782999985], [-17478248.5175, 2413233.2983999997], [-17478345.865000002, 2413237.9021000005], [-17478426.8859, 2413225.4255999997], [-17478481.7769, 2413222.1396999992], [-17478510.5293, 2413217.5425999984], [-17478596.7707, 2413216.225900002], [-17478615.7176, 2413212.292100001], [-17478664.728, 2413212.9530999996], [-17478752.9306, 2413225.4395999983], [-17478822.8441, 2413223.4738], [-17478863.3579, 2413219.531100001], [-17478887.5294, 2413222.1536], [-17478941.7604, 2413233.9849999994], [-17479001.2228, 2413256.998300001], [-17479065.902, 2413298.4065000005], [-17479106.4109, 2413320.7498999983], [-17479143.6606, 2413345.725900002], [-17479176.3323, 2413362.1591], [-17479233.8295, 2413395.012699999], [-17479400.4404, 2413433.7982], [-17479386.7194, 2413521.8671000004], [-17479335.794, 2413815.4197999984], [-17479335.7546, 2413815.647399999], [-17479261.0837, 2414246.0698999986], [-17479251.7181, 2414245.060800001], [-17479223.8601, 2414240.498300001], [-17479206.4868, 2414236.686900001], [-17479203.0668, 2414235.8621000014], [-17479195.3642, 2414239.1801999994], [-17479168.9702, 2414249.239599999], [-17479148.1431, 2414255.8156000003], [-17479142.1318, 2414257.546599999], [-17479135.9674, 2414259.2721999995], [-17479108.494, 2414265.780200001], [-17479080.6561, 2414270.4668999985], [-17479071.1344, 2414271.6411000006], [-17479066.3365, 2414272.1785000004], [-17479047.775, 2414273.849199999], [-17479019.5672, 2414274.8409], [-17479013.048, 2414274.8059], [-17479008.4503, 2414274.746199999], [-17478986.7577, 2414273.914900001], [-17478958.6624, 2414271.1944000013], [-17478930.8044, 2414266.6316], [-17478908.7166, 2414261.6543000005], [-17478895.1635, 2414262.7941999994], [-17478884.4996, 2414263.3874999993], [-17478880.9039, 2414263.5427], [-17478869.856, 2414263.8770000003], [-17478863.8783, 2414264.7249], [-17478835.7954, 2414267.5698999986], [-17478828.3151, 2414268.0139000006], [-17478806.1397, 2414269.1363000013], [-17478787.4813, 2414269.673799999], [-17478777.2955, 2414269.7452999987], [-17478747.0143, 2414268.8883000016], [-17478722.6307, 2414266.6341999993], [-17478715.25, 2414265.7388000004], [-17478711.5384, 2414265.272], [-17478683.6803, 2414260.7087000012], [-17478656.1786, 2414254.3224], [-17478636.9315, 2414248.6955999993], [-17478627.3913, 2414245.6631000005], [-17478620.0368, 2414243.2522], [-17478608.3037, 2414239.2881999984], [-17478607.8774, 2414239.144099999], [-17478581.4398, 2414229.201699998], [-17478555.7053, 2414217.541200001], [-17478549.8067, 2414214.5749000013], [-17478543.593, 2414211.390299998], [-17478534.505400002, 2414208.7052000016], [-17478529.7295, 2414207.2366000004], [-17478518.0741, 2414203.469799999], [-17478509.7688, 2414200.346500002], [-17478491.6367, 2414193.5273], [-17478465.9023, 2414181.866799999], [-17478465.8512, 2414181.841499999], [-17478464.0367, 2414180.9459999986], [-17478462.2246, 2414180.0463999994], [-17478459.474799998, 2414178.6735999994], [-17478436.4171, 2414166.2696], [-17478412.4159, 2414151.3301], [-17478390.5521, 2414135.696800001], [-17478381.0564, 2414128.4497000016], [-17478379.9421, 2414127.5966], [-17478376.263, 2414124.7380999997], [-17478358.0734, 2414110.446800001], [-17478345.6456, 2414100.3038000017], [-17478326.0006, 2414083.6525], [-17478309.7129, 2414069.900600001], [-17478307.603, 2414069.1041], [-17478306.6173, 2414068.7305999994], [-17478305.2117, 2414068.2903999984], [-17478297.3248, 2414066.892000001], [-17478288.9773, 2414065.3264000006], [-17478261.4761, 2414058.9395999983], [-17478255.1269, 2414057.1908], [-17478249.9505, 2414055.7225], [-17478229.2724, 2414049.2886000015], [-17478209.2175, 2414041.9288000017], [-17478203.451, 2414039.648499999], [-17478197.0687, 2414037.0654000007], [-17478171.3349, 2414025.4043999985], [-17478157.0206, 2414018.0062999986], [-17478149.905, 2414015.1477000006], [-17478149.3701, 2414015.114], [-17478141.3935, 2414014.5308], [-17478135.6641, 2414014.0579999983], [-17478124.873, 2414014.8575999998], [-17478122.3198, 2414015.0392999984], [-17478098.3136, 2414015.9998000003], [-17478090.3318, 2414016.0953], [-17478086.1305, 2414016.1248999983], [-17478080.1962, 2414016.0967000015], [-17478072.014, 2414016.0012000017], [-17478049.7367, 2414015.161699999], [-17478021.642, 2414012.4397], [-17477994.532, 2414008.022500001], [-17477990.146, 2414007.162900001], [-17477989.3984, 2414007.0157000013], [-17477961.8975, 2414000.6284000017], [-17477944.4269, 2413995.5612999983], [-17477937.0686, 2413993.257100001], [-17477930.5662, 2413991.164000001], [-17477928.429, 2413991.0331999995], [-17477926.6611, 2413990.9168], [-17477902.9272, 2413989.3049999997], [-17477897.4648, 2413988.899], [-17477876.914499998, 2413987.2393999994], [-17477856.0504, 2413985.0397000015], [-17477849.3573, 2413984.1143999994], [-17477835.8094, 2413982.1327], [-17477817.981, 2413979.1394999996], [-17477794.2555, 2413976.718199998], [-17477766.398000002, 2413972.1534], [-17477759.953, 2413970.8269999996], [-17477742.0302, 2413966.9943999983], [-17477733.3504, 2413965.0441999994], [-17477724.057, 2413963.5436000004], [-17477719.0809, 2413962.6838999987], [-17477708.8446, 2413960.787300002], [-17477681.3436, 2413954.399799999], [-17477666.9895, 2413950.295400001], [-17477659.4307, 2413947.9910000004], [-17477646.7582, 2413943.912300002], [-17477627.9359, 2413937.0370999984], [-17477622.1144, 2413936.335099999], [-17477618.065899998, 2413935.8271999992], [-17477601.9929, 2413933.423300002], [-17477593.0203, 2413931.9070999995], [-17477581.2361, 2413929.746100001], [-17477560.1512, 2413925.0199000016], [-17477550.0096, 2413922.4767000005], [-17477543.5937, 2413920.815200001], [-17477538.4626, 2413919.4098000005], [-17477529.1004, 2413916.7831000015], [-17477507.205, 2413910.0051000006], [-17477503.3114, 2413908.664000001], [-17477495.5636, 2413905.9538000003], [-17477473.0206, 2413897.351], [-17477447.2871, 2413885.689100001], [-17477446.0453, 2413885.074000001], [-17477436.516400002, 2413880.3341000006], [-17477429.8388, 2413876.9398999996], [-17477423.4935, 2413873.6448], [-17477406.4929, 2413864.3242000006], [-17477382.4932, 2413849.3834999986], [-17477373.8786, 2413843.4679000005], [-17477365.7633, 2413837.7490999997], [-17477357.2157, 2413831.5678999983], [-17477353.6154, 2413829.5102999993], [-17477335.5345, 2413818.4595], [-17477330.7811, 2413815.390999999], [-17477324.8625, 2413811.5012999997], [-17477306.4574, 2413798.478599999], [-17477297.1622, 2413791.530200001], [-17477292.5903, 2413788.0650999993], [-17477288.5228, 2413784.900699999], [-17477264.8003, 2413766.215999998], [-17477264.4083, 2413765.9070999995], [-17477251.751199998, 2413755.9142000005], [-17477246.2675, 2413751.5117999986], [-17477234.0112, 2413741.507100001], [-17477222.0991, 2413731.419300001], [-17477219.9073, 2413729.480700001], [-17477217.081, 2413726.9640000015], [-17477201.683, 2413722.0637999997], [-17477189.4238, 2413717.6988000013], [-17477186.6405, 2413716.6603000015], [-17477172.464, 2413711.080699999], [-17477158.1139, 2413704.8291000016], [-17477154.9301, 2413703.3726000004], [-17477145.4286, 2413698.8847000003], [-17477144.1981, 2413698.4354000017], [-17477142.3275, 2413697.7490000017], [-17477133.5331, 2413698.4382999986], [-17477105.326, 2413699.4268999994], [-17477099.0741, 2413699.3944999985], [-17477094.2872, 2413699.3346999995], [-17477081.0699, 2413698.965999998], [-17477060.8286, 2413700.826299999], [-17477052.3927, 2413701.3169], [-17477016.0349, 2413703.071800001], [-17477003.3801, 2413703.4954999983], [-17476995.872, 2413704.716499999], [-17476985.0627, 2413706.3759999983], [-17476977.177, 2413707.5117999986], [-17476972.7812, 2413708.0802000016], [-17476966.8303, 2413709.7435000017], [-17476939.3569, 2413716.2479000017], [-17476911.5192, 2413720.9310999997], [-17476883.4367, 2413723.772599999], [-17476874.4116, 2413724.291099999], [-17476865.0716, 2413726.288800001], [-17476848.0423, 2413729.3768999986], [-17476834.3953, 2413731.4373000003], [-17476815.5667, 2413733.3423999995], [-17476808.9975, 2413735.9239999987], [-17476799.9218, 2413739.8506999984], [-17476798.9884, 2413740.240699999], [-17476795.4038, 2413741.733100001], [-17476769.9426, 2413751.398699999], [-17476745.781, 2413758.9169000015], [-17476728.8427, 2413765.1405000016], [-17476701.8506, 2413773.438000001], [-17476696.512000002, 2413774.8521], [-17476690.9124, 2413776.2967000008], [-17476684.3991, 2413777.9230000004], [-17476674.9852, 2413781.2820000015], [-17476647.9934, 2413789.579399999], [-17476646.1009, 2413790.0890999995], [-17476643.7297, 2413790.7217999995], [-17476641.4398, 2413791.326299999], [-17476641.0654, 2413791.4241000004], [-17476638.9984, 2413791.9912], [-17476611.5247, 2413798.495000001], [-17476583.6869, 2413803.1776], [-17476583.4339, 2413803.2115], [-17476580.8221, 2413803.748300001], [-17476552.9842, 2413808.4307000004], [-17476547.6674, 2413809.1121999994], [-17476545.9894, 2413809.4551], [-17476541.2262, 2413810.3905000016], [-17476540.1825, 2413810.634300001], [-17476530.6832, 2413812.7401], [-17476528.9001, 2413813.3792000003], [-17476524.8547, 2413814.8191], [-17476519.8102, 2413817.0524999984], [-17476511.9214, 2413820.451699998], [-17476496.0188, 2413826.7470999993], [-17476493.2921, 2413827.7644000016], [-17476491.586, 2413828.414000001], [-17476491.5804, 2413828.416099999], [-17476486.106, 2413830.754999999], [-17476459.7112, 2413840.8099999987], [-17476456.5176, 2413841.8938000016], [-17476451.3858, 2413843.6130999997], [-17476442.9659, 2413846.3376], [-17476436.8098, 2413848.2597000003], [-17476434.3624, 2413849.015900001], [-17476431.1456, 2413850.1455000006], [-17476428.4631, 2413851.0775999986], [-17476425.5638, 2413852.0628000014], [-17476419.8753, 2413853.973000001], [-17476412.4122, 2413856.4036], [-17476407.9482, 2413857.8121999986], [-17476401.9514, 2413859.656800002], [-17476396.4521, 2413861.3044000007], [-17476385.8191, 2413864.341400001], [-17476358.3451, 2413870.844799999], [-17476357.296099998, 2413871.0555999987], [-17476341.6662, 2413877.9739999995], [-17476317.9075, 2413887.1130999997], [-17476317.7738, 2413887.171599999], [-17476315.8711, 2413888.2885], [-17476312.8746, 2413890.020799998], [-17476297.5122, 2413898.8198000006], [-17476291.945, 2413901.953899998], [-17476282.1043, 2413907.3981], [-17476270.8236, 2413913.4217999987], [-17476269.7439, 2413913.9778999984], [-17476266.542, 2413915.8550999984], [-17476265.7656, 2413916.3093000017], [-17476250.110799998, 2413925.0122999996], [-17476240.2033, 2413930.2536000013], [-17476230.9934, 2413934.9847999997], [-17476220.1166, 2413940.218800001], [-17476212.7581, 2413943.6334999986], [-17476197.9503, 2413950.1689999998], [-17476188.5165, 2413953.9915999994], [-17476187.4771, 2413954.6955000013], [-17476167.8457, 2413967.190299999], [-17476163.8605, 2413969.5782000013], [-17476159.5541, 2413972.124499999], [-17476134.6893, 2413985.558600001], [-17476124.2074, 2413990.609099999], [-17476115.757799998, 2414002.8238999993], [-17476115.3787, 2414003.6028000005], [-17476102.1247, 2414028.6679], [-17476087.2691, 2414052.807599999], [-17476076.5823, 2414068.230799999], [-17476063.3832, 2414086.7173000015], [-17476061.7802, 2414088.8423999995], [-17476060.8903, 2414090.017999999], [-17476043.0292, 2414112.000599999], [-17476034.946, 2414120.717099998], [-17476032.1441, 2414128.1152000017], [-17476020.5481, 2414153.9989], [-17476007.2935, 2414179.064100001], [-17475992.4378, 2414203.2038000003], [-17475976.044, 2414226.3145000003], [-17475958.1826, 2414248.297200002], [-17475938.9301, 2414269.0577999987], [-17475918.3688, 2414288.5075000003], [-17475916.8636, 2414289.7553000003], [-17475911.690700002, 2414296.9946000017], [-17475907.3579, 2414302.4767999984], [-17475907.3797, 2414302.6972999983], [-17475908.5225, 2414316.450100001], [-17475909.503200002, 2414344.8236000016], [-17475908.6371, 2414373.2010000013], [-17475905.9274, 2414401.4606], [-17475901.7391, 2414427.6576000005], [-17475901.561, 2414428.588799998], [-17475901.208300002, 2414430.4125999995], [-17475898.7371, 2414441.1717999987], [-17475901.375, 2414449.8550000004], [-17475907.8401, 2414477.4908999987], [-17475912.4945, 2414505.4932000004], [-17475915.0918, 2414531.476599999], [-17475921.7505, 2414546.179200001], [-17475931.7465, 2414572.7300999984], [-17475939.995, 2414599.8817999996], [-17475946.4602, 2414627.517999999], [-17475951.1147, 2414655.520399999], [-17475951.9854, 2414662.4996999986], [-17475952.119, 2414663.6459], [-17475954.072, 2414684.9153000005], [-17475955.0529, 2414713.2894], [-17475954.1869, 2414741.667300001], [-17475953.8319, 2414746.807500001], [-17475953.7539, 2414747.8462000005], [-17475952.4499, 2414762.095800001], [-17475952.6611, 2414774.8128000014], [-17475952.6599, 2414777.0595000014], [-17475952.6488, 2414780.593699999], [-17475951.7839, 2414806.724800002], [-17475949.0744, 2414834.985199999], [-17475947.8584, 2414843.7261999995], [-17475947.5097, 2414846.581700001], [-17475947.0153, 2414851.7360999994], [-17475942.4742, 2414879.7577], [-17475936.1206, 2414907.420600001], [-17475927.9818, 2414934.606400002], [-17475918.093, 2414961.1983999982], [-17475913.5272, 2414971.936900001], [-17475912.5477, 2414974.1576999985], [-17475905.516400002, 2414989.3040000014], [-17475892.2613, 2415014.3702000007], [-17475877.404600002, 2415038.511], [-17475861.009999998, 2415061.6226999983], [-17475855.6007, 2415068.594900001], [-17475853.5858, 2415071.1380000003], [-17475841.1327, 2415086.149500001], [-17475821.8792, 2415106.9109000005], [-17475801.3167, 2415126.3614000008], [-17475779.5337, 2415144.417300001], [-17475756.6232, 2415161.0018999986], [-17475754.4061, 2415162.488499999], [-17475751.9682, 2415164.112300001], [-17475730.2453, 2415177.667199999], [-17475726.7254, 2415179.5692000017], [-17475723.4035, 2415190.707199998], [-17475720.2545, 2415204.8669000007], [-17475717.8168, 2415215.0276000015], [-17475715.3802, 2415224.6953000017], [-17475712.1653, 2415236.219300002], [-17475710.8274, 2415241.4109000005], [-17475704.7408, 2415262.3167000003], [-17475703.2048, 2415267.1405000016], [-17475701.1523, 2415273.4206999987], [-17475691.8903, 2415298.472100001], [-17475691.4039, 2415299.7699999996], [-17475689.8566, 2415303.8772], [-17475689.3707, 2415305.160599999], [-17475689.4508, 2415306.3869999982], [-17475690.3727, 2415333.8759999983], [-17475690.3709, 2415336.2327000014], [-17475690.3246, 2415349.9661], [-17475690.5486, 2415354.7573999986], [-17475690.7713, 2415360.154100001], [-17475690.2753, 2415405.655699998], [-17475687.5652, 2415433.9169000015], [-17475686.8974, 2415438.875500001], [-17475686.1073, 2415444.4992999993], [-17475685.6466, 2415447.6911000013], [-17475684.8565, 2415453.028099999], [-17475681.443, 2415472.900199998], [-17475675.0888, 2415500.5639000013], [-17475674.9644, 2415501.0342999995], [-17475671.2153, 2415516.336599998], [-17475669.0606, 2415524.193], [-17475668.2433, 2415527.3332], [-17475662.5967, 2415546.8489000015], [-17475659.2186, 2415558.598099999], [-17475656.8253, 2415566.5023000017], [-17475652.9243, 2415578.734000001], [-17475651.8746, 2415581.826200001], [-17475650.5979, 2415585.6952], [-17475644.4192, 2415602.9166], [-17475642.7606, 2415607.2507999986], [-17475639.0495, 2415616.622200001], [-17475633.3163, 2415629.9838000014], [-17475632.0028, 2415632.9089], [-17475626.1381, 2415645.4329999983], [-17475612.8822, 2415670.5], [-17475604.8673, 2415683.9595], [-17475603.164, 2415686.7058000006], [-17475596.3213, 2415697.387600001], [-17475595.007799998, 2415699.3619999997], [-17475592.1469, 2415703.6367000006], [-17475577.304, 2415724.459399998], [-17475573.085, 2415730.023699999], [-17475572.846, 2415730.3387], [-17475568.6416, 2415735.782900002], [-17475566.8212, 2415738.2764], [-17475570.1287, 2415753.4217999987], [-17475572.8919, 2415768.649500001], [-17475573.4374, 2415771.992800001], [-17475575.3286, 2415784.7694000006], [-17475577.765, 2415807.739599999], [-17475577.8987, 2415809.4230999984], [-17475578.2855, 2415814.703400001], [-17475579.266, 2415843.0793000013], [-17475578.8687, 2415862.590300001], [-17475578.8131, 2415863.8916999996], [-17475578.4201, 2415871.5190000013], [-17475577.7637, 2415882.408399999], [-17475577.6871, 2415883.649799999], [-17475576.565, 2415897.7709], [-17475576.1976, 2415901.603500001], [-17475574.6096, 2415915.7446000017], [-17475570.0676, 2415943.7677000016], [-17475563.7129, 2415971.4321999997], [-17475555.5733, 2415998.6191999987], [-17475547.4938, 2416020.719700001], [-17475546.447499998, 2416023.358600002], [-17475544.6369, 2416027.8517000005], [-17475533.0386, 2416053.7377000004], [-17475519.7823, 2416078.8051999994], [-17475504.9241, 2416102.9470999986], [-17475488.5281, 2416126.059799999], [-17475487.1347, 2416127.8838], [-17475485.5206, 2416129.9853000008], [-17475469.0501, 2416150.1460000016], [-17475449.7949, 2416170.9081999995], [-17475447.6067, 2416173.102499999], [-17475440.2994, 2416180.6636999995], [-17475426.0413, 2416194.4180999994], [-17475421.7779, 2416198.3464], [-17475417.8321, 2416201.9109999985], [-17475430.1671, 2416217.1708000004], [-17475442.029, 2416233.4232], [-17475443.3649, 2416235.345400002], [-17475447.9913, 2416242.1396000013], [-17475462.9459, 2416266.2214], [-17475476.3026, 2416291.2355000004], [-17475488.0043, 2416317.0747999996], [-17475498.0008, 2416343.6284999996], [-17475501.748800002, 2416355.1884000003], [-17475513.0147, 2416371.273499999], [-17475527.9695, 2416395.3554], [-17475541.3265, 2416420.3698000014], [-17475553.0283, 2416446.2091000006], [-17475563.025, 2416472.7630999982], [-17475571.2737, 2416499.9177], [-17475577.7392, 2416527.557], [-17475582.393600002, 2416555.5625], [-17475583.1019, 2416561.1686999984], [-17475583.2577, 2416562.4701999985], [-17475585.373, 2416585.1158999987], [-17475586.2335, 2416604.1019], [-17475586.267, 2416605.5227999985], [-17475586.1926, 2416609.289099999], [-17475586.3868, 2416614.913800001], [-17475585.5201, 2416643.2945999987], [-17475582.8099, 2416671.5581], [-17475578.2676, 2416699.5824000016], [-17475571.9128, 2416727.2478], [-17475563.7728, 2416754.4362999983], [-17475553.8823, 2416781.0308], [-17475542.2837, 2416806.9179], [-17475532.5793, 2416825.645799998], [-17475532.212, 2416826.3145000003], [-17475528.6593, 2416832.655200001], [-17475513.8007, 2416856.7980000004], [-17475510.7923, 2416861.0386999995], [-17475510.7905, 2416861.0582999997], [-17475509.2385, 2416872.007100001], [-17475508.7932, 2416874.8847999983], [-17475505.8029, 2416891.9607999995], [-17475499.448, 2416919.626699999], [-17475491.3077, 2416946.815299999], [-17475481.417, 2416973.410100002], [-17475469.8182, 2416999.2974999994], [-17475456.561, 2417024.3663000017], [-17475455.7689, 2417025.7468000017], [-17475454.3997, 2417028.1229999997], [-17475440.3327, 2417050.8858000003], [-17475423.9357, 2417073.9996999986], [-17475406.0708, 2417095.9853999987], [-17475393.4897, 2417109.8561999984], [-17475393.1558, 2417110.270799998], [-17475391.653, 2417112.1336999983], [-17475381.5807, 2417124.1662999988], [-17475362.3244, 2417144.9296999983], [-17475341.7591, 2417164.3817999996], [-17475320.0801, 2417182.3564999998], [-17475318.4326, 2417183.6341999993], [-17475318.3256, 2417183.717099998], [-17475295.412, 2417200.3027999997], [-17475271.469, 2417215.3455], [-17475246.5991, 2417228.781100001], [-17475220.9088, 2417240.5516000018], [-17475207.6051, 2417245.6184], [-17475202.628, 2417248.7454000004], [-17475177.758, 2417262.1807000004], [-17475171.684299998, 2417265.1493999995], [-17475170.5376, 2417265.6986999996], [-17475155.4261, 2417272.4793], [-17475155.2617, 2417272.6000999995], [-17475154.4935, 2417273.137699999], [-17475148.5575, 2417277.2168999985], [-17475124.6143, 2417292.2595000006], [-17475099.7441, 2417305.6948000006], [-17475074.0536, 2417317.4651000015], [-17475050.3226, 2417326.592799999], [-17475046.4209, 2417328.5625], [-17475028.7533, 2417336.8751999997], [-17475027.217100002, 2417337.5559], [-17475019.1943, 2417341.0133999996], [-17475018.859, 2417341.1411000006], [-17475017.4041, 2417346.0003000014], [-17475007.5124, 2417372.5956000015], [-17474995.9126, 2417398.483100001], [-17474982.6545, 2417423.5522000007], [-17474979.1578, 2417429.2333999984], [-17474978.8224, 2417430.3533999994], [-17474968.9307, 2417456.9485], [-17474958.9619, 2417479.455699999], [-17474958.4832, 2417480.458999999], [-17474956.8522, 2417483.839299999], [-17474943.5938, 2417508.908399999], [-17474928.733599998, 2417533.0516000018], [-17474912.335500002, 2417556.1658999994], [-17474894.4695, 2417578.1515999995], [-17474889.753, 2417583.4935000017], [-17474889.1741, 2417584.1385000013], [-17474874.6333, 2417599.5599999987], [-17474854.0671, 2417619.0119999982], [-17474832.28, 2417637.0692999996], [-17474823.4324, 2417643.473200001], [-17474822.9687, 2417644.1268999986], [-17474805.1024, 2417666.1125999987], [-17474802.4815, 2417669.103], [-17474801.4463, 2417670.2732999995], [-17474784.8097, 2417688.0463999994], [-17474764.2769, 2417707.4684999995], [-17474762.8076, 2417708.7701000012], [-17474762.7738, 2417708.8000999987], [-17474740.9863, 2417726.857500002], [-17474740.104199998, 2417727.4959000014], [-17474739.9807, 2417727.647500001], [-17474720.7229, 2417748.4111], [-17474700.1562, 2417767.8630999997], [-17474678.3689, 2417785.920499999], [-17474655.454, 2417802.5058999993], [-17474631.5096, 2417817.5482], [-17474606.6384, 2417830.9833999984], [-17474592.4241, 2417837.7470000014], [-17474590.4759, 2417838.6308000013], [-17474578.9986, 2417843.6369000003], [-17474552.5967, 2417853.691399999], [-17474525.597599998, 2417861.9875999987], [-17474498.1168, 2417868.4897999987], [-17474470.2718, 2417873.1700999998], [-17474450.6278, 2417875.351300001], [-17474449.4033, 2417875.458799999], [-17474440.9578, 2417876.1160000004], [-17474412.7439, 2417877.1006000005], [-17474384.5263, 2417876.2267999984], [-17474356.4259, 2417873.498399999], [-17474345.43, 2417871.694600001], [-17474344.2631, 2417872.7980999984], [-17474322.4752, 2417890.8550000004], [-17474316.3993, 2417895.478100002], [-17474313.6497, 2417897.5320999995], [-17474296.8102, 2417909.4941000007], [-17474287.740000002, 2417915.4510999992], [-17474265.6964, 2417929.2172], [-17474240.8246, 2417942.6515999995], [-17474236.1099, 2417944.8115999997], [-17474234.9911, 2417945.8696000017], [-17474213.203, 2417963.9266000018], [-17474208.6335, 2417967.419500001], [-17474207.3977, 2417968.3508], [-17474189.0517, 2417981.443], [-17474165.1069, 2417996.4849999994], [-17474140.2349, 2418009.919500001], [-17474114.5428, 2418021.6887999997], [-17474088.1403, 2418031.742899999], [-17474078.4293, 2418034.9510000013], [-17474076.3588, 2418035.6077999994], [-17474059.070100002, 2418040.6950999983], [-17474031.5887, 2418047.1966000013], [-17474003.7435, 2418051.8762000017], [-17473975.6536, 2418054.7140000015], [-17473949.8497, 2418055.6864], [-17473946.6883, 2418055.7102000006], [-17473944.2779, 2418055.7217999995], [-17473916.0599, 2418054.847199999], [-17473887.9593, 2418052.1180999987], [-17473877.4845, 2418050.620000001], [-17473875.3359, 2418050.285500001], [-17473857.9478, 2418047.2117], [-17473853.3983, 2418046.154100001], [-17473853.0822, 2418046.123399999], [-17473825.2192, 2418041.5513999984], [-17473797.7134, 2418035.156100001], [-17473770.6822, 2418026.9651999995], [-17473744.2414, 2418017.0130999982], [-17473718.5045, 2418005.3434000015], [-17473693.5815, 2417992.0051000006], [-17473669.5792, 2417977.0559], [-17473662.7924, 2417972.4191000015], [-17473662.1244, 2417971.953400001], [-17473645.9325, 2417960.093899999], [-17473624.0754, 2417942.1213000007], [-17473603.4338, 2417922.7492000014], [-17473584.0963, 2417902.060800001], [-17473580.0193, 2417897.083299998], [-17473576.960500002, 2417896.156399999], [-17473550.52, 2417886.204399999], [-17473524.7835, 2417874.5342000015], [-17473508.5718, 2417865.857900001], [-17473504.5661, 2417865.911800001], [-17473498.7944, 2417865.8839999996], [-17473492.5928, 2417866.349800002], [-17473464.3788, 2417867.3326000012], [-17473448.063, 2417867.0533999987], [-17473445.0906, 2417866.9459000006], [-17473433.1889, 2417866.3499], [-17473405.0889, 2417863.620099999], [-17473377.2264, 2417859.0474999994], [-17473349.7207, 2417852.651700001], [-17473343.9136, 2417851.0546000004], [-17473341.6313, 2417850.4098000005], [-17473320.407899998, 2417843.815200001], [-17473293.968, 2417833.8627999984], [-17473284.7011, 2417829.660599999], [-17473269.7788, 2417825.1383999996], [-17473243.3387, 2417815.185899999], [-17473230.3821, 2417809.3104999997], [-17473223.8357, 2417808.236299999], [-17473213.2437, 2417805.9985999987], [-17473208.6683, 2417804.9716], [-17473191.755, 2417800.8132999986], [-17473164.7244, 2417792.621100001], [-17473138.2844, 2417782.6686000004], [-17473112.5482, 2417770.9979000017], [-17473087.626000002, 2417757.659000002], [-17473063.6245, 2417742.7091999985], [-17473040.6465, 2417726.212299999], [-17473040.1182, 2417725.8055000007], [-17473038.7712, 2417724.7666000016], [-17473017.4434, 2417707.200100001], [-17472996.8028, 2417687.8277000003], [-17472982.1049, 2417672.3539000005], [-17472970.9872, 2417660.1290999986], [-17472953.037299998, 2417638.2124000005], [-17472936.5509, 2417615.161699999], [-17472921.5984, 2417591.0760999992], [-17472908.2443, 2417566.0581], [-17472896.5455, 2417540.215300001], [-17472886.5522, 2417513.6581999995], [-17472884.7989, 2417508.384399999], [-17472884.387000002, 2417507.1185000017], [-17472877.8952, 2417485.2349999994], [-17472871.4335, 2417457.5929999985], [-17472866.7832, 2417429.5852999985], [-17472865.1856, 2417415.8993000016], [-17472865.0964, 2417415.0157000013], [-17472864.123800002, 2417403.4180999994], [-17472851.556900002, 2417393.0837000012], [-17472835.9552, 2417378.4400999993], [-17472817.559299998, 2417374.1620000005], [-17472790.5294, 2417365.969700001], [-17472764.0904, 2417356.0168000013], [-17472754.1508, 2417351.75], [-17472753.0488, 2417351.260400001], [-17472737.2529, 2417343.8561000004], [-17472712.3317, 2417330.517099999], [-17472688.331, 2417315.5670999996], [-17472683.1184, 2417311.8244999982], [-17472677.7719, 2417310.204], [-17472654.404600002, 2417301.5102000013], [-17472649.2505, 2417299.420400001], [-17472646.1787, 2417298.161200002], [-17472620.4435, 2417286.4899999984], [-17472595.5223, 2417273.150800001], [-17472571.5219, 2417258.2005999982], [-17472562.1455, 2417251.4684999995], [-17472559.9556, 2417250.1044999994], [-17472537.8428, 2417234.2701000012], [-17472536.5625, 2417233.2908000015], [-17472535.6985, 2417232.6281000003], [-17472521.6146, 2417221.0458000004], [-17472518.9161, 2417220.030000001], [-17472493.181, 2417208.358600002], [-17472468.2601, 2417195.019299999], [-17472444.2599, 2417180.0691], [-17472427.039, 2417167.9213999994], [-17472425.8812, 2417167.0615000017], [-17472420.1254, 2417162.712000001], [-17472398.2706, 2417144.7386000007], [-17472377.6313, 2417125.3660000004], [-17472358.296, 2417104.677000001], [-17472340.3472, 2417082.760400001], [-17472323.8621, 2417059.709899999], [-17472316.3129, 2417047.9869000018], [-17472315.2663, 2417046.303100001], [-17472307.8647, 2417033.9406999983], [-17472294.5118, 2417008.9230000004], [-17472282.8144, 2416983.080499999], [-17472272.8222, 2416956.524099998], [-17472267.1055, 2416938.3960999995], [-17472266.2038, 2416935.3033000007], [-17472263.6768, 2416926.2742], [-17472257.216, 2416898.6330999993], [-17472255.7449, 2416889.7705999985], [-17472236.3481, 2416877.6875], [-17472213.371799998, 2416861.1906000003], [-17472191.5178, 2416843.217], [-17472170.8793, 2416823.8445000015], [-17472170.0499, 2416823.011], [-17472168.9477, 2416821.9004000016], [-17472150.4423, 2416802.045000002], [-17472132.4941, 2416780.1286999993], [-17472116.0095, 2416757.0782999992], [-17472101.059, 2416732.992800001], [-17472092.2565, 2416716.9497999996], [-17472091.7333, 2416715.946800001], [-17472087.1835, 2416706.9725], [-17472075.4865, 2416681.1305], [-17472065.4948, 2416654.574099999], [-17472059.3882, 2416634.4563999996], [-17472049.6424, 2416618.7558000013], [-17472036.2901, 2416593.7386000007], [-17472031.1752, 2416582.9844000004], [-17472030.1067, 2416580.6559999995], [-17472023.5247, 2416565.5681000017], [-17472014.7277, 2416542.1867999993], [-17472013.3592, 2416539.5995000005], [-17472001.6624, 2416513.7575000003], [-17471995.7823, 2416498.7732999995], [-17471995.0145, 2416497.222199999], [-17471992.2193, 2416491.4395000003], [-17471991.8965, 2416490.7588], [-17471982.995, 2416470.6997000016], [-17471973.0038, 2416444.143599998], [-17471964.7604, 2416416.987399999], [-17471958.3006, 2416389.3467000015], [-17471953.6519, 2416361.340399999], [-17471952.9464, 2416355.7478], [-17471952.0157, 2416349.1253000014], [-17471949.198, 2416320.873300001], [-17471948.2234, 2416292.4963000007], [-17471949.096, 2416264.1160999984], [-17471951.812, 2416235.8539999984], [-17471954.822300002, 2416216.1028000005], [-17471954.9336, 2416215.469999999], [-17471956.4714, 2416207.1986000016], [-17471962.8315, 2416179.5348999985], [-17471970.9769, 2416152.349100001], [-17471974.6608, 2416142.4492999986], [-17471974.2565, 2416141.5584000014], [-17471967.2732, 2416125.5984000005], [-17471961.5353, 2416110.3484999985], [-17471951.7663, 2416101.1783999987], [-17471932.4325, 2416080.4902000017], [-17471919.7521, 2416065.3137000017], [-17471918.9617, 2416064.3225000016], [-17471913.695100002, 2416057.5832], [-17471897.2114, 2416034.5337000005], [-17471882.2618, 2416010.449000001], [-17471868.9104, 2415985.432599999], [-17471857.2142, 2415959.5912000015], [-17471847.2232, 2415933.0359000005], [-17471844.2451, 2415923.772599999], [-17471843.6994, 2415922.5670000017], [-17471839.9908, 2415915.617800001], [-17471836.228, 2415907.7809000015], [-17471834.7586, 2415904.6407000013], [-17471826.8253, 2415886.636500001], [-17471816.8346, 2415860.081099998], [-17471808.8975, 2415834.0588999987], [-17471807.6508, 2415829.462000001], [-17471807.3449, 2415828.328499999], [-17471800.8857, 2415800.6887999997], [-17471796.2375, 2415772.6834999993], [-17471794.054899998, 2415750.7978000008], [-17471792.6808, 2415748.583999999], [-17471780.3041, 2415736.9659], [-17471760.9709, 2415716.278000001], [-17471743.0243, 2415694.362399999], [-17471726.5413, 2415671.313000001], [-17471725.2524, 2415669.2364999987], [-17471713.7842, 2415653.1997999996], [-17471699.4249, 2415630.0659000017], [-17471679.5826, 2415611.4395999983], [-17471660.2497, 2415590.751699999], [-17471647.1957, 2415575.1054], [-17471646.8728, 2415574.6992999986], [-17471643.9648, 2415570.9728000015], [-17471643.4795, 2415570.624400001], [-17471621.6275, 2415552.6515000015], [-17471600.9909, 2415533.2797], [-17471582.055, 2415513.0445999987], [-17471581.5207, 2415512.4356999993], [-17471581.123800002, 2415511.9827999994], [-17471563.1778, 2415490.0670999996], [-17471546.695100002, 2415467.017999999], [-17471531.7465, 2415442.9338000007], [-17471530.6549, 2415440.8883000016], [-17471529.1382, 2415439.1964999996], [-17471511.1921, 2415417.281100001], [-17471494.7096, 2415394.232000001], [-17471479.7612, 2415370.1479], [-17471466.4107, 2415345.1317999996], [-17471454.7155, 2415319.2912999988], [-17471450.2046, 2415307.9444000013], [-17471449.1027, 2415305.0549000017], [-17471443.6236, 2415289.8473000005], [-17471436.4698, 2415266.672200002], [-17471433.175, 2415254.84], [-17471432.0871, 2415250.8599999994], [-17471426.0157, 2415225.1385000013], [-17471423.6671, 2415213.6407000013], [-17471423.2799, 2415211.723000001], [-17471420.1556, 2415194.217700001], [-17471418.9312, 2415186.4448999986], [-17471417.407899998, 2415175.945700001], [-17471416.9089, 2415172.0485999994], [-17471415.217, 2415158.3541], [-17471414.8755, 2415155.3740000017], [-17471412.5163, 2415149.3680000007], [-17471406.6255, 2415139.8038999997], [-17471405.7682, 2415138.371100001], [-17471402.1866, 2415132.2721999995], [-17471389.6497, 2415108.780299999], [-17471388.3825, 2415107.7380000018], [-17471367.746600002, 2415088.3663000017], [-17471348.4148, 2415067.6785000004], [-17471330.4694, 2415045.7632], [-17471313.9874, 2415022.714499999], [-17471299.039499998, 2414998.6306000017], [-17471286.1098, 2414974.465599999], [-17471284.6848, 2414971.588199999], [-17471284.2649, 2414970.7377000004], [-17471279.8018, 2414960.8764000013], [-17471276.3288, 2414956.0196], [-17471261.3811, 2414931.935899999], [-17471248.0313, 2414906.920400001], [-17471247.826700002, 2414906.5044], [-17471247.1699, 2414905.167199999], [-17471235.68, 2414879.7430999987], [-17471225.6906, 2414853.1889999993], [-17471221.4021, 2414839.0592], [-17471214.7398, 2414828.3246], [-17471201.3901, 2414803.3092], [-17471189.6957, 2414777.4692], [-17471179.7064, 2414750.9153000005], [-17471177.7672, 2414744.5254999995], [-17471175.1625, 2414741.033], [-17471174.4165, 2414740.0062000006], [-17471164.478, 2414725.7304], [-17471164.4128, 2414725.6253000014], [-17471157.0548, 2414718.717799999], [-17471137.7235, 2414698.030200001], [-17471119.7789, 2414676.1152000017], [-17471103.2975, 2414653.0665999986], [-17471096.9767, 2414643.3068000004], [-17471096.6538, 2414642.793400001], [-17471088.027400002, 2414628.469799999], [-17471074.6781, 2414603.454500001], [-17471062.9839, 2414577.614599999], [-17471056.0555, 2414559.7731], [-17471055.7218, 2414558.8537999988], [-17471053.7925, 2414553.431499999], [-17471045.0138, 2414529.832800001], [-17471036.773000002, 2414502.6788999997], [-17471030.3153, 2414475.0408999994], [-17471025.6686, 2414447.037300002], [-17471023.3898, 2414424.1752999984], [-17471017.2371, 2414397.8422], [-17471012.5904, 2414369.8387], [-17471011.9063, 2414362.9758], [-17471007.1404, 2414347.4981000014], [-17471006.684, 2414345.850499999], [-17471005.7518, 2414342.4312999994], [-17470999.2943, 2414314.7936000004], [-17470994.6477, 2414286.7903999984], [-17470991.8319, 2414258.5414000005], [-17470991.287299998, 2414248.7531999983], [-17470991.1648, 2414245.9952999987], [-17470990.7366, 2414227.4098000005], [-17470990.9156, 2414221.5975], [-17470990.108, 2414219.4626], [-17470989.7185, 2414218.328400001], [-17470989.2049, 2414216.8247999996], [-17470980.9644, 2414189.6713000014], [-17470974.5069, 2414162.0337000005], [-17470969.8604, 2414134.0306], [-17470969.0038, 2414127.154199999], [-17470968.8702, 2414126.0080999993], [-17470966.9111, 2414104.6356999986], [-17470965.9383, 2414076.2622000016], [-17470965.9454, 2414072.9001], [-17470965.9565, 2414071.025600001], [-17470966.8235, 2414046.0111999996], [-17470968.0564, 2414030.7905], [-17470968.1789, 2414029.5489000008], [-17470969.6632, 2414016.5111000016], [-17470974.2122, 2413988.4919999987], [-17470975.6695, 2413982.155000001], [-17470977.0574, 2413965.5295], [-17470977.2245, 2413963.917800002], [-17470978.353, 2413954.219799999], [-17470975.8429, 2413939.093199998], [-17470973.0272, 2413910.844900001], [-17470972.0544, 2413882.4716], [-17470972.4215, 2413866.953400001], [-17470971.443, 2413863.728700001], [-17470964.9856, 2413836.091699999], [-17470961.2906, 2413814.852499999], [-17470961.1679, 2413814.0286], [-17470960.2169, 2413807.265299998], [-17470958.5818, 2413790.8630000018], [-17470955.0952, 2413781.5942], [-17470946.8549, 2413754.4411999993], [-17470942.3588, 2413736.1021], [-17470942.0136, 2413734.5500000007], [-17470940.052699998, 2413725.2523000017], [-17470935.4062, 2413697.2498999983], [-17470932.5905, 2413669.0018000007], [-17470932.5079, 2413667.7380999997], [-17470932.252, 2413663.7386999987], [-17470931.362, 2413636.6295999996], [-17470932.0168, 2413611.9613999985], [-17470932.2284, 2413608.105300002], [-17470932.4477, 2413604.397399999], [-17470934.4939, 2413583.1191000007], [-17470934.257600002, 2413576.232500002], [-17470934.3208, 2413568.0165], [-17470934.391, 2413563.3365], [-17470934.0802, 2413554.2655999996], [-17470934.2258, 2413549.5359999985], [-17470921.9049, 2413541.7346], [-17470898.934299998, 2413525.2388999984], [-17470877.085500002, 2413507.267000001], [-17470856.4521, 2413487.896499999], [-17470837.1227, 2413467.210000001], [-17470829.6171, 2413458.3966000006], [-17470828.8156, 2413457.4296000004], [-17470818.3781, 2413444.3291000016], [-17470801.8981, 2413421.2817], [-17470786.9524, 2413397.1997000016], [-17470780.412, 2413384.943], [-17470775.9196, 2413382.1393], [-17470767.7053, 2413376.2402999997], [-17470765.1255, 2413374.8592000008], [-17470764.5722, 2413374.5385], [-17470763.626000002, 2413373.9893000014], [-17470740.1856, 2413359.3605000004], [-17470717.2154, 2413342.864500001], [-17470695.3671, 2413324.8927000016], [-17470674.7343, 2413305.5221000016], [-17470655.405, 2413284.8356], [-17470642.3866, 2413269.2322999984], [-17470641.741, 2413268.420400001], [-17470636.8165, 2413262.1099000014], [-17470620.3373, 2413239.0628000014], [-17470605.3918, 2413214.980799999], [-17470592.0443, 2413189.967], [-17470580.3517, 2413164.1290000007], [-17470572.8232, 2413144.6229999997], [-17470572.4338, 2413143.5364999995], [-17470569.9749, 2413136.4904999994], [-17470561.7353, 2413109.3385000005], [-17470555.279, 2413081.7025000006], [-17470551.0094, 2413055.9668000005], [-17470541.2479, 2413034.3955000006], [-17470540.059, 2413031.4930999987], [-17470539.7249, 2413030.669500001], [-17470530.9267, 2413007.0199999996], [-17470522.6872, 2412979.8680000007], [-17470516.2309, 2412952.2322000004], [-17470511.5856, 2412924.230799999], [-17470508.770800002, 2412895.9838000014], [-17470507.8757, 2412875.0997], [-17470507.8425, 2412873.3330000006], [-17470507.7653, 2412865.845400002], [-17470508.6402, 2412837.4706000015], [-17470511.327, 2412809.537300002], [-17470486.395800002, 2412812.094999999], [-17470461.8474, 2412814.467], [-17470442.9199, 2412815.3280999996], [-17470430.6633, 2412815.614599999], [-17470393.1752, 2412814.8511999995], [-17470390.4885, 2412814.6702000014], [-17470378.4655, 2412813.8225000016], [-17470355.3309, 2412811.5599999987], [-17470347.7054, 2412810.6048999988], [-17470345.435, 2412810.3143999986], [-17470319.5421, 2412806.1220999993], [-17470316.461, 2412805.6730999984], [-17470294.8938, 2412801.965500001], [-17470281.9513, 2412799.1909999996], [-17470270.6632, 2412796.5885000005], [-17470256.1091, 2412792.9640000015], [-17470229.0876, 2412784.7699000016], [-17470226.5029, 2412783.8830999993], [-17470218.8121, 2412781.217099998], [-17470215.0149, 2412779.9244000018], [-17470200.2015, 2412775.5034999996], [-17470193.5222, 2412773.3784000017], [-17470185.6499, 2412770.790100001], [-17470159.4919, 2412760.9486999996], [-17470152.0778, 2412757.8806000017], [-17470151.804899998, 2412757.7676], [-17470142.2972, 2412753.6904999986], [-17470133.191, 2412749.6554000005], [-17470125.5867, 2412746.1970000006], [-17470117.0151, 2412742.1977000013], [-17470108.4001, 2412738.0612000003], [-17470089.9959, 2412728.4114999995], [-17470080.7117, 2412723.2542999983], [-17470074.203, 2412719.5643000007], [-17470058.5599, 2412710.066399999], [-17470058.5039, 2412710.0359999985], [-17470031.7089, 2412695.5430999994], [-17470020.9581, 2412689.5276999995], [-17470007.9138, 2412681.6711999997], [-17469988.4055, 2412671.351599999], [-17469984.0528, 2412668.904199999], [-17469979.4799, 2412666.296], [-17469955.4877, 2412651.346099999], [-17469941.6522, 2412641.6838000007], [-17469941.5906, 2412641.6422000006], [-17469932.6924, 2412635.6169999987], [-17469925.2778, 2412630.6499999985], [-17469902.373800002, 2412614.1966999993], [-17469899.2773, 2412611.792800002], [-17469890.8837, 2412605.214899998], [-17469872.1336, 2412589.6468], [-17469857.128399998, 2412575.8139000013], [-17469838.9976, 2412558.289999999], [-17469830.2832, 2412549.906100001], [-17469820.6512, 2412540.794500001], [-17469818.7792, 2412539.0128000006], [-17469808.8161, 2412529.474399999], [-17469802.0292, 2412522.8324999996], [-17469794.6879, 2412517.4987000003], [-17469793.8488, 2412516.907900002], [-17469786.7766, 2412516.043200001], [-17469778.1594, 2412514.8277000003], [-17469773.4282, 2412514.1114999987], [-17469754.1923, 2412510.7496999986], [-17469737.3829, 2412507.0643000007], [-17469732.248999998, 2412505.9952999987], [-17469726.1254, 2412504.539099999], [-17469725.7886, 2412515.4442999996], [-17469723.419, 2412540.9246000014], [-17469723.3077, 2412541.8319000006], [-17469722.9581, 2412544.6072999984], [-17469718.4076, 2412572.6237999983], [-17469712.0452, 2412600.281100001], [-17469710.56, 2412605.2355000004], [-17469710.42, 2412605.8442], [-17469702.2728, 2412633.023600001], [-17469692.3757, 2412659.609099999], [-17469680.7712, 2412685.486299999], [-17469667.5088, 2412710.5449], [-17469652.6453, 2412734.6774000004], [-17469636.2447, 2412757.780299999], [-17469622.3863, 2412775.0736000016], [-17469621.6406, 2412775.9571], [-17469617.631, 2412780.6382], [-17469598.3726, 2412801.390299998], [-17469577.8059, 2412820.8310000002], [-17469556.0192, 2412838.8770000003], [-17469533.1057, 2412855.451200001], [-17469509.1636, 2412870.4824], [-17469489.2381, 2412881.4043000005], [-17469477.259800002, 2412887.6072999984], [-17469451.5718, 2412899.3665000014], [-17469425.1742, 2412909.410599999], [-17469398.1801, 2412917.6964000016], [-17469370.7048, 2412924.1886], [-17469342.8662, 2412928.8594000004], [-17469314.9396, 2412931.6732], [-17469291.7916, 2412935.5568999983], [-17469277.3084, 2412937.249400001], [-17469267.2451, 2412938.7206000015], [-17469247.6837, 2412940.888700001], [-17469243.0528, 2412941.294500001], [-17469234.5315, 2412941.9558000006], [-17469206.325, 2412942.931499999], [-17469178.1155, 2412942.0496000014], [-17469150.0238, 2412939.3134999983], [-17469122.1699, 2412934.735199999], [-17469103.4283, 2412930.579999998], [-17469099.6322, 2412929.648600001], [-17469090.8774, 2412927.4032999985], [-17469063.8562, 2412919.207199998], [-17469037.4257, 2412909.2511], [-17469015.4703, 2412899.417300001], [-17469010.1937, 2412896.874400001], [-17469006.4224, 2412895.034400001], [-17468981.509999998, 2412881.6931000017], [-17468957.5189, 2412866.7415999994], [-17468934.5509, 2412850.2437999994], [-17468912.7049, 2412832.270300001], [-17468910.3464, 2412830.181499999], [-17468907.6302, 2412827.7578999996], [-17468889.3583, 2412810.4747], [-17468870.0317, 2412789.786699999], [-17468852.2722, 2412768.0922], [-17468828.4871, 2412753.269099999], [-17468817.6493, 2412745.768199999], [-17468816.948, 2412745.2668000013], [-17468804.8182, 2412736.2699000016], [-17468782.972599998, 2412718.2961999997], [-17468777.0497, 2412712.9915000014], [-17468770.7274, 2412707.539900001], [-17468750.0972, 2412688.1677], [-17468742.0923, 2412679.9261000007], [-17468741.3021, 2412679.090399999], [-17468729.9805, 2412666.644099999], [-17468712.0408, 2412644.7289000005], [-17468695.5645, 2412621.6807000004], [-17468681.6015, 2412599.288899999], [-17468666.8077, 2412575.4288999997], [-17468662.0567, 2412566.9657999985], [-17468660.621, 2412564.339499999], [-17468652.0275, 2412547.788400002], [-17468640.3382, 2412521.9497999996], [-17468630.3539, 2412495.397599999], [-17468626.0894, 2412481.5604000017], [-17468620.4026, 2412481.7569999993], [-17468592.1938, 2412480.8739], [-17468585.483, 2412480.3894999996], [-17468582.384800002, 2412481.4662999995], [-17468576.4838, 2412483.4441], [-17468570.3165, 2412485.4617], [-17468550.5465, 2412491.4070999995], [-17468537.678, 2412496.0546000004], [-17468536.5038, 2412496.455699999], [-17468535.5909, 2412496.7661999986], [-17468509.7712, 2412504.6493999995], [-17468482.2963, 2412511.1400999986], [-17468454.4581, 2412515.8093999997], [-17468426.3761, 2412518.6374000013], [-17468398.1702, 2412519.6116000004], [-17468369.9613, 2412518.728500001], [-17468341.8703, 2412515.9913000017], [-17468314.0173, 2412511.411800001], [-17468286.522, 2412505.0097999983], [-17468261.4209, 2412497.4595], [-17468260.3856, 2412497.1132999994], [-17468258.4664, 2412496.466499999], [-17468258.1297, 2412496.351599999], [-17468255.7742, 2412498.6997999996], [-17468253.5923, 2412500.8486], [-17468236.7441, 2412516.579399999], [-17468226.735, 2412525.168200001], [-17468224.8983, 2412526.6964000016], [-17468218.8354, 2412531.6477999985], [-17468214.248800002, 2412535.3247999996], [-17468208.5331, 2412539.828499999], [-17468185.6189, 2412556.400600001], [-17468161.676, 2412571.4296999983], [-17468158.592100002, 2412573.1856999993], [-17468149.4554, 2412580.7523000017], [-17468126.541, 2412597.3242999986], [-17468102.5978, 2412612.353500001], [-17468077.7288, 2412625.775199998], [-17468077.5647, 2412625.850299999], [-17468065.3388, 2412632.4486000016], [-17468045.7492, 2412641.4144], [-17468039.6961, 2412647.1350000016], [-17468017.907899998, 2412665.1790999994], [-17467994.9933, 2412681.7509999983], [-17467971.05, 2412696.7798999995], [-17467946.1807, 2412710.201699998], [-17467936.9276, 2412714.672699999], [-17467925.93, 2412722.3409], [-17467919.1089, 2412726.8473999985], [-17467917.8178, 2412727.6831], [-17467900.695100002, 2412738.205600001], [-17467875.8258, 2412751.6270999983], [-17467850.1369, 2412763.3839000016], [-17467823.7386, 2412773.4252999984], [-17467796.7438, 2412781.708900001], [-17467769.2683, 2412788.1986000016], [-17467756.4945, 2412790.5746], [-17467754.1122, 2412790.9805999994], [-17467739.0472, 2412793.2727000006], [-17467710.9645, 2412796.0995000005], [-17467682.7581, 2412797.0727999993], [-17467670.592100002, 2412796.919399999], [-17467668.3655, 2412796.859700002], [-17467652.3224, 2412796.1286999993], [-17467624.2309, 2412793.3904], [-17467606.7659, 2412790.738499999], [-17467605.0404, 2412790.4400000013], [-17467594.652400002, 2412788.5111999996], [-17467567.1566, 2412782.1077999994], [-17467540.1364, 2412773.909600001], [-17467513.7068, 2412763.951200001], [-17467487.9815, 2412752.2753], [-17467484.6002, 2412750.586100001], [-17467482.8749, 2412749.7148], [-17467461.3451, 2412738.0606000014], [-17467437.355, 2412723.1070999987], [-17467414.3888, 2412706.6074], [-17467401.2571, 2412696.0909], [-17467399.5094, 2412694.634300001], [-17467390.7969, 2412687.1755999997], [-17467370.1681, 2412667.8016999997], [-17467350.8435, 2412647.112300001], [-17467334.8569, 2412627.726500001], [-17467333.8552, 2412626.4371000007], [-17467331.9036, 2412623.9065000005], [-17467315.4291, 2412600.856899999], [-17467300.4887, 2412576.772999998], [-17467287.1463, 2412551.7575999983], [-17467275.4591, 2412525.918299999], [-17467265.4768, 2412499.3652000017], [-17467259.9436, 2412481.8453], [-17467252.7792, 2412457.8869999982], [-17467246.3283, 2412430.2507000007], [-17467243.149, 2412412.3682999983], [-17467241.2082, 2412403.151900001], [-17467236.568, 2412375.1504999995], [-17467233.7585, 2412346.9037000015], [-17467233.7517, 2412346.7036000006], [-17467220.3321, 2412330.1752000004], [-17467215.1362, 2412323.2430999987], [-17467214.3125, 2412322.1209000014], [-17467203.0342, 2412306.0034999996], [-17467198.0961, 2412298.043200001], [-17467196.9889, 2412296.5595999993], [-17467195.9202, 2412295.091400001], [-17467185.6908, 2412280.4087999985], [-17467170.751000002, 2412256.3249999993], [-17467157.4089, 2412231.3101000004], [-17467145.7221, 2412205.471000001], [-17467143.3186, 2412199.0777000003], [-17467639.4884, 2411921.423799999], [-17467720.8375, 2411682.786899999], [-17467961.5933, 2410938.6845999993], [-17467974.5156, 2410885.2872], [-17467967.0251, 2410865.4382999986], [-17467957.4951, 2410852.4406000003], [-17467931.6338, 2410836.0144000016], [-17467911.9038, 2410836.012600001], [-17467894.889, 2410845.598000001], [-17467876.5145, 2410847.6620999984], [-17467856.7769, 2410840.814199999], [-17467826.8282, 2410798.3748000003], [-17467818.6566, 2410764.1576000005], [-17467808.4457, 2410736.7806], [-17467793.4754, 2410733.3594000004], [-17467777.831, 2410746.3693999983], [-17467768.31, 2410773.0650999993], [-17467758.7846, 2410777.8548999988], [-17467739.0414, 2410764.851500001], [-17467719.305, 2410738.1570000015], [-17467696.1716, 2410715.5683000013], [-17467674.3887, 2410701.2010000013], [-17467656.693, 2410696.406800002], [-17467627.4381, 2410717.634399999], [-17467608.3894, 2410744.3332], [-17467585.949500002, 2410797.7225], [-17467573.6947, 2410803.8883999996], [-17467559.4015, 2410797.047600001], [-17467515.1715, 2410768.3040999994], [-17467475.0153, 2410707.3812999986], [-17467450.5029, 2410661.5210000016], [-17467429.404, 2410630.0436000004], [-17467372.9232, 2410580.083999999], [-17467337.5394, 2410565.030099999], [-17467298.063500002, 2410554.7617999986], [-17467253.1511, 2410555.4497000016], [-17467226.6177, 2410552.036699999], [-17467200.0738, 2410536.2908999994], [-17467174.2156, 2410500.018199999], [-17467164.6882, 2410471.270799998], [-17467149.0308, 2410434.3139000013], [-17467136.0939, 2410417.1961999983], [-17467112.9582, 2410401.4525000006], [-17467047.627, 2410367.9230999984], [-17467010.882799998, 2410361.086599998], [-17466968.6913, 2410336.444699999], [-17466926.5052, 2410301.5401999988], [-17466902.6823, 2410276.904599998], [-17466835.3044, 2410189.2974000014], [-17466823.7362, 2410166.710999999], [-17466821.6918, 2410122.217], [-17466816.9194, 2410112.6352000013], [-17466806.7192, 2410105.1048999988], [-17466786.9845, 2410111.2677999996], [-17466750.2443, 2410126.335499998], [-17466725.0622, 2410127.0146999992], [-17466686.2778, 2410101.695700001], [-17466663.8133, 2410063.3663999997], [-17466654.9641, 2410027.093699999], [-17466634.557, 2410005.1878000014], [-17466616.8572, 2409994.2377000004], [-17466604.6069, 2409981.2364999987], [-17466559.0061, 2409876.5209], [-17466519.5308, 2409757.4318999983], [-17466463.0463, 2409674.6171999983], [-17466453.5205, 2409645.8713000007], [-17466446.7134, 2409611.653000001], [-17466437.1801, 2409596.5967999995], [-17466418.1341, 2409591.1158999987], [-17466388.8664, 2409590.4360999987], [-17466356.8977, 2409602.0736999996], [-17466299.0611, 2409630.8194000013], [-17466272.5225, 2409624.6673999988], [-17466158.2091, 2409560.3363000005], [-17466110.5785, 2409544.590500001], [-17466043.8943, 2409532.9565000013], [-17465975.1685, 2409502.161899999], [-17465943.8702, 2409474.1074], [-17465922.0881, 2409446.0394], [-17465908.476, 2409381.7104], [-17465899.6352, 2409356.3900999986], [-17465891.4619, 2409340.6400999986], [-17465877.8535, 2409324.214400001], [-17465864.2482, 2409321.4783999994], [-17465856.7675, 2409333.7967999987], [-17465850.6385, 2409350.9087000005], [-17465826.15, 2409358.4411000013], [-17465784.6423, 2409348.1761999987], [-17465744.5005, 2409322.848700002], [-17465728.8446, 2409297.524], [-17465719.9975, 2409265.3585], [-17465707.0654, 2409261.9417000003], [-17465679.175, 2409267.412999999], [-17465663.5239, 2409273.5755000003], [-17465641.7529, 2409270.8385000005], [-17465565.5486, 2409248.2542000003], [-17465468.9265, 2409232.511599999], [-17465441.036, 2409237.9935000017], [-17465416.5369, 2409245.5251], [-17465395.443, 2409260.5832], [-17465374.3572, 2409283.1653999984], [-17465263.448, 2409377.6248000003], [-17465252.5685, 2409389.2509999983], [-17465239.6354, 2409394.0478000008], [-17465231.4781, 2409384.4637], [-17465242.3598, 2409270.852499999], [-17465245.0746, 2409203.775699999], [-17465244.3939, 2409188.7184999995], [-17465264.8111, 2409172.9725], [-17465359.3845, 2409166.8060999997], [-17465411.0918, 2409151.067400001], [-17465476.4037, 2409125.0538999997], [-17465503.6264, 2409096.9912], [-17465539.0013, 2409072.3572000004], [-17465580.5006, 2409049.7666999996], [-17465617.9273, 2409005.961599998], [-17465655.337, 2408951.204599999], [-17465703.6459, 2408833.480300002], [-17465715.2102, 2408783.521400001], [-17465724.0399, 2408690.4420000017], [-17465723.3649, 2408643.8993000016], [-17465709.0641, 2408586.407299999], [-17465685.254, 2408543.976500001], [-17465652.5879, 2408520.711599998], [-17465609.052699998, 2408496.0733000003], [-17465592.713, 2408458.4310000017], [-17465593.3929, 2408422.1578], [-17465575.7022, 2408375.6158000007], [-17465567.5384, 2408337.9747], [-17465562.0948, 2408299.6477999985], [-17465569.568099998, 2408263.3685000017], [-17465677.063, 2408165.5040000007], [-17465706.3122, 2408142.9125999995], [-17465727.4119, 2408122.3795000017], [-17465746.4588, 2408095.0067000017], [-17465759.3802, 2408060.783500001], [-17465765.5017, 2408019.7223000005], [-17465774.3422, 2407990.284400001], [-17465784.546099998, 2407919.7978999987], [-17465804.2628, 2407835.6198000014], [-17465809.0307, 2407784.9695999995], [-17465808.3374, 2407739.7980000004], [-17465816.5068, 2407699.422200002], [-17465826.0241, 2407666.566399999], [-17465830.7823, 2407628.9261999987], [-17465826.697300002, 2407585.8115999997], [-17465811.7215, 2407503.0062000006], [-17465798.1176, 2407466.7391000018], [-17465747.0828, 2407361.348200001], [-17465739.5994, 2407321.649], [-17465736.1949, 2407280.5918999985], [-17465742.3136, 2407221.7375999987], [-17465759.3134, 2407211.465599999], [-17467415.1993, 2406940.2974000014], [-17467427.4537, 2406951.2375000007], [-17467458.067900002, 2406972.454399999], [-17467518.6154, 2406979.9683], [-17467602.9761, 2406981.328899998], [-17467650.6084, 2406975.1559999995], [-17467687.3346, 2406965.5733000003], [-17467713.8732, 2406964.8883000016], [-17467732.2421, 2406970.358100001], [-17467852.6731, 2407025.7721999995], [-17467949.9667, 2407055.1853], [-17468014.5967, 2407086.647], [-17468103.735, 2407143.4371999986], [-17468144.570100002, 2407187.9078], [-17468211.2453, 2407242.6451000012], [-17468256.1593, 2407281.650699999], [-17468334.4176, 2407380.1829999983], [-17468359.5974, 2407400.034400001], [-17468389.5446, 2407431.5029000007], [-17468435.8174, 2407501.2994999997], [-17468533.8155, 2407644.3194000013], [-17468565.1273, 2407701.1275000013], [-17468588.9593, 2407765.4574999996], [-17468612.7809, 2407814.0397000015], [-17468641.3613, 2407855.1072000004], [-17468722.3434, 2407925.5813999996], [-17468782.8951, 2407949.533300001], [-17468834.6157, 2407988.534600001], [-17468880.2058, 2408030.9582], [-17468948.9458, 2408102.811900001], [-17468953.0259, 2408113.7633999996], [-17468978.9109, 2408239.0022], [-17468980.9596, 2408259.5309999995], [-17468965.3199, 2408304.7052999996], [-17468949.0035, 2408337.560899999], [-17468940.1659, 2408366.3110999987], [-17468946.2922, 2408388.899], [-17468976.9165, 2408420.3790999986], [-17469028.6305, 2408464.1668], [-17469045.6563, 2408503.1750999987], [-17469096.012000002, 2408567.5119999982], [-17469146.3834, 2408657.1591], [-17469172.9413, 2408729.7095], [-17469181.1261, 2408807.731400002], [-17469268.2494, 2408919.282200001], [-17469301.5981, 2408958.9695999995], [-17469326.1001, 2409004.1352999993], [-17469354.0099, 2409049.3027999997], [-17469382.5964, 2409079.420000002], [-17469406.4179, 2409122.539500002], [-17469445.2225, 2409209.4494999982], [-17469469.733, 2409245.722199999], [-17469494.2371, 2409287.4712000005], [-17469515.3447, 2409333.3258000016], [-17469525.5626, 2409374.3911999986], [-17469548.7078, 2409424.357999999], [-17469571.8569, 2409459.9444000013], [-17469574.5848, 2409496.9010000005], [-17469586.1571, 2409511.9508999996], [-17469682.7858, 2409535.2117], [-17469697.0809, 2409554.3720000014], [-17469706.6177, 2409592.7010999992], [-17469722.2828, 2409622.8101999983], [-17469727.0451, 2409647.4508999996], [-17469743.3861, 2409681.6655], [-17469761.0873, 2409700.148499999], [-17469776.7493, 2409721.3641999997], [-17469778.7921, 2409739.156399999], [-17469773.3535, 2409760.3753999993], [-17469774.7244, 2409787.0738000013], [-17469785.6188, 2409804.8636999987], [-17469813.5236, 2409839.079500001], [-17469870.6904, 2409879.457699999], [-17469883.628200002, 2409895.8838], [-17469912.905, 2409960.8949999996], [-17469923.1126, 2409962.9477000013], [-17469959.8558, 2409949.9334000014], [-17469972.1087, 2409951.3016999997], [-17469985.720399998, 2409971.153900001], [-17470011.575, 2409984.8390999995], [-17470025.1986, 2410001.2635999992], [-17470029.9644, 2410023.1666], [-17470023.8545, 2410053.2815999985], [-17470032.6981, 2410065.6008], [-17470072.1674, 2410065.590599999], [-17470098.0251, 2410057.3704999983], [-17470133.4001, 2410053.2529999986], [-17470168.1101, 2410056.6728000008], [-17470187.1652, 2410060.771499999], [-17470203.4989, 2410068.9844000004], [-17470218.4758, 2410097.7267000005], [-17470231.4122, 2410113.4629000016], [-17470245.0268, 2410126.469900001], [-17470259.9881, 2410130.568500001], [-17470268.1577, 2410139.472199999], [-17470289.300499998, 2410283.8922000006], [-17470332.8835, 2410351.6466000006], [-17470336.2972, 2410387.9241000004], [-17470332.2389, 2410457.7492999993], [-17470335.6496, 2410496.7545000017], [-17470360.8566, 2410588.4816999994], [-17470365.621799998, 2410587.1103999987], [-17470417.3288, 2410548.0727999993], [-17470450.654, 2410508.3740000017], [-17470467.6498, 2410477.559700001], [-17470502.3461, 2410452.9067], [-17470531.6036, 2410437.841699999], [-17470563.5765, 2410416.613400001], [-17470572.4128, 2410384.4417999983], [-17470551.9955, 2410361.1798], [-17470522.7256, 2410333.8024000004], [-17470502.3006, 2410307.8022999987], [-17470496.1634, 2410282.474399999], [-17470507.7218, 2410242.7712000012], [-17470534.936, 2410229.0700000003], [-17470570.3122, 2410221.534499999], [-17470598.8864, 2410203.732999999], [-17470607.7163, 2410177.037999999], [-17470608.3904, 2410138.7014999986], [-17470611.1029, 2410120.216600001], [-17470623.3463, 2410110.6316], [-17470650.572300002, 2410135.2650999986], [-17470685.9817, 2410188.6488000005], [-17470727.4953, 2410206.4406000003], [-17470751.306, 2410205.749499999], [-17470777.1581, 2410195.469300002], [-17470803.008, 2410169.4496], [-17470824.0975, 2410142.7534000017], [-17470839.7293, 2410111.2639000006], [-17470846.5013, 2410024.3346000016], [-17470850.5707, 2409996.952399999], [-17470861.4566, 2409973.669500001], [-17470866.2092, 2409956.5588000007], [-17470855.318, 2409936.7102999985], [-17470844.4202, 2409925.7661000006], [-17470841.0153, 2409907.9668000005], [-17470878.4169, 2409851.8280999996], [-17470901.5528, 2409840.1862999983], [-17470949.1672, 2409821.6955999993], [-17470991.3571, 2409817.5791999996], [-17471021.3022, 2409822.357999999], [-17471066.2195, 2409838.7701000012], [-17471122.0107, 2409842.8621000014], [-17471180.5297, 2409833.9459000006], [-17471234.2786, 2409820.9246999994], [-17471268.2897, 2409808.594300002], [-17471282.5816, 2409807.228500001], [-17471314.684299998, 2409803.3123999983], [-17471411.3013, 2409817.7201000005], [-17471485.4619, 2409837.603100002], [-17471543.9745, 2409867.7496000007], [-17471591.5925, 2409899.2531999983], [-17471595.9658, 2409904.476500001], [-17471614.8972, 2409930.7661999986], [-17471656.6961, 2409947.2091999985], [-17471702.4303, 2409942.6396999992], [-17471734.427500002, 2409947.9059000015], [-17471753.3573, 2409986.0210000016], [-17471785.3614, 2410002.4657999985], [-17471819.3268, 2410009.708799999], [-17471844.8004, 2410028.1169999987], [-17471857.1974, 2410045.8596], [-17471887.2483, 2410049.160100002], [-17471912.7268, 2410059.6884000003], [-17471917.9398, 2410070.2016000003], [-17471912.710500002, 2410101.0826000012], [-17471899.6325, 2410124.725400001], [-17471891.1276, 2410153.6345000006], [-17471902.8715, 2410183.873399999], [-17471928.3357, 2410205.558699999], [-17471950.5481, 2410216.7452000007], [-17471970.794, 2410232.5201000012], [-17472008.0009, 2410296.2699000016], [-17472032.1616, 2410325.1931999996], [-17472089.6242, 2410388.9580999985], [-17472115.0743, 2410440.2234999985], [-17472126.8158, 2410494.103500001], [-17472145.7453, 2410534.860199999], [-17472167.9393, 2410574.2905], [-17472186.2231, 2410601.8981], [-17472205.1491, 2410635.421599999], [-17472208.3998, 2410685.3543], [-17472191.3756, 2410781.9503999986], [-17472193.3029, 2410845.6867000014], [-17472198.5047, 2410908.1180999987], [-17472206.9833, 2410966.6033999994], [-17472220.6926, 2410991.5758999996], [-17472227.1968, 2411040.2041999996], [-17472229.1512, 2411075.0392999984], [-17472220.6274, 2411150.5967000015], [-17472220.5992, 2411213.0260000005], [-17472223.846, 2411264.9439000003], [-17472230.3548, 2411314.8882], [-17472232.2994, 2411353.0009999983], [-17472242.7388, 2411389.8011000007], [-17472242.709, 2411464.0577000007], [-17472234.2001, 2411513.344300002], [-17472220.4615, 2411565.905200001], [-17472217.1666, 2411628.9943000004], [-17472225.6314, 2411683.5363], [-17472249.1315, 2411746.6279999986], [-17472266.0904, 2411805.786600001], [-17472274.5715, 2411846.529599998], [-17472276.5139, 2411874.789900001], [-17472274.5366, 2411916.1845000014], [-17472274.5229, 2411958.240699999], [-17472281.6926, 2411991.7654], [-17472274.4787, 2412080.474800002], [-17472274.4529, 2412125.161800001], [-17472271.1762, 2412156.707800001], [-17472266.5964, 2412189.5628999993], [-17472245.667, 2412221.095800001], [-17472222.1049, 2412345.9483999982], [-17472230.5731, 2412395.2419999987], [-17472242.3165, 2412434.0124999993], [-17472249.4839, 2412476.0768], [-17472269.7278, 2412518.1488999985], [-17472340.8908, 2412641.719700001], [-17472391.8096, 2412747.5518000014], [-17472400.2813, 2412791.5852999985], [-17472419.2123, 2412844.163800001], [-17472453.1661, 2412886.2419000007], [-17472589.0501, 2412936.2386000007], [-17472607.9991, 2412938.8773999996], [-17472665.4897, 2412946.7808], [-17472707.9562, 2412943.513700001], [-17472726.2543, 2412931.696899999], [-17472731.496, 2412907.3768000007], [-17472714.5354, 2412817.9943999983], [-17472702.7931, 2412779.8702000007], [-17472697.6023, 2412684.5815000013], [-17472685.8621, 2412628.7113000005], [-17472668.8948, 2412595.1882000007], [-17472604.2343, 2412526.159499999], [-17472589.2283, 2412483.443599999], [-17472589.242399998, 2412444.6744000018], [-17472595.7831, 2412411.8117999993], [-17472597.759999998, 2412379.612399999], [-17472590.5813, 2412355.951699998], [-17472561.8502, 2412323.7430000007], [-17472531.1405, 2412307.9604], [-17472525.9302, 2412267.8625999987], [-17472527.916699998, 2412213.9827999994], [-17472551.4809, 2412090.4459999986], [-17472576.9809, 2412045.1077000014], [-17472599.2137, 2411991.231899999], [-17472619.4823, 2411951.8093999997], [-17472627.9965, 2411892.0100000016], [-17472662.0128, 2411781.6228], [-17472673.7889, 2411729.057], [-17472689.5065, 2411633.1171999983], [-17472689.5253, 2411598.9532000013], [-17472675.812, 2411570.023699999], [-17472631.4125, 2411513.497299999], [-17472628.1535, 2411485.899799999], [-17472685.6629, 2411427.4365999997], [-17472692.8639, 2411405.7529999986], [-17472673.933, 2411368.2826000005], [-17472622.9784, 2411334.0956000015], [-17472611.2322, 2411318.9800999984], [-17472609.2794, 2411294.0088], [-17472600.796, 2411271.0012000017], [-17472578.5909, 2411253.2490999997], [-17472551.8162, 2411237.4756999984], [-17472532.877, 2411215.7775], [-17472543.3302, 2411204.6149999984], [-17472599.5141, 2411196.0923999995], [-17472638.0595, 2411206.6169000007], [-17472668.7553, 2411225.0282000005], [-17472704.6864, 2411229.6435000002], [-17472728.2032, 2411230.3143000007], [-17472773.9245, 2411245.4376999997], [-17472786.3458, 2411236.251600001], [-17472790.9287, 2411219.8167000003], [-17472775.9193, 2411169.8706], [-17472755.6827, 2411123.8671999983], [-17472731.5236, 2411092.970800001], [-17472643.3549, 2411012.1092000008], [-17472621.1558, 2410983.846999999], [-17472568.93, 2410886.579399999], [-17472546.7269, 2410857.0020000003], [-17472482.0689, 2410832.6642999984], [-17472456.5896, 2410816.217700001], [-17472423.9388, 2410802.4059000015], [-17472398.4573, 2410794.5190000013], [-17472361.2364, 2410770.1909999996], [-17472332.4999, 2410747.8379000016], [-17472250.867, 2410662.3715000004], [-17472241.0835, 2410641.342], [-17472233.9058, 2410617.683699999], [-17472218.8816, 2410596.6510000005], [-17472194.7255, 2410572.330600001], [-17472176.4441, 2410545.3806000017], [-17472160.7808, 2410513.182500001], [-17472157.5211, 2410479.0106999986], [-17472159.509, 2410410.0117999986], [-17472169.337700002, 2410352.196800001], [-17472171.2996, 2410327.881000001], [-17472162.8262, 2410298.309700001], [-17472159.5727, 2410272.029199999], [-17472162.845, 2410242.4593], [-17472160.9066, 2410193.8275999986], [-17472147.1972, 2410156.3731000014], [-17472154.392, 2410145.2014000006], [-17472189.67, 2410144.5590000004], [-17472240.6101, 2410163.641899999], [-17472285.0297, 2410172.1944999993], [-17472315.732, 2410189.9477000013], [-17472349.698, 2410197.1897], [-17472398.6917, 2410205.1006999984], [-17472434.6154, 2410214.3082000017], [-17472444.4108, 2410223.511599999], [-17472452.887000002, 2410253.7404000014], [-17472465.2954, 2410262.287700001], [-17472477.0528, 2410265.5769000016], [-17472492.0783, 2410274.783399999], [-17472500.559299998, 2410306.3275999986], [-17472503.8125, 2410329.3308999985], [-17472514.2575, 2410346.4120999984], [-17472529.2797, 2410366.786699999], [-17472548.1984, 2410437.7699999996], [-17472550.1433, 2410457.4794000015], [-17472556.6788, 2410466.026299998], [-17472575.6201, 2410473.2569999993], [-17472595.8559, 2410504.1448], [-17472646.804899998, 2410519.2815000005], [-17472691.2326, 2410520.610800002], [-17472745.4606, 2410508.149500001], [-17472791.1842, 2410515.391899999], [-17472831.6812, 2410541.6904999986], [-17472896.3409, 2410566.6843999997], [-17472923.7685, 2410582.4651000015], [-17472967.5289, 2410619.284000002], [-17473015.2085, 2410652.154199999], [-17473040.6778, 2410683.702300001], [-17473061.5604, 2410724.4518], [-17473094.8686, 2410757.3194999993], [-17473147.7712, 2410800.045600001], [-17473178.459, 2410834.2271], [-17473226.1396, 2410867.107900001], [-17473248.351999998, 2410886.8205000013], [-17473295.3772, 2410919.035100002], [-17473348.2793, 2410964.4021000005], [-17473380.2738, 2411001.209399998], [-17473416.1891, 2411046.561999999], [-17473494.5562, 2411130.7005000003], [-17473509.5774, 2411156.336100001], [-17473520.0226, 2411176.0480000004], [-17473540.265, 2411193.1374000013], [-17473543.5253, 2411220.7452999987], [-17473560.5035, 2411239.1510000005], [-17473576.177699998, 2411261.4959999993], [-17473580.7429, 2411294.3495999984], [-17473597.7195, 2411327.2118000016], [-17473601.6251, 2411361.3828000017], [-17473596.3862, 2411388.9891999997], [-17473599.6296, 2411471.783500001], [-17473621.7921, 2411609.1352999993], [-17473632.2401, 2411650.539000001], [-17473650.5112, 2411688.6581000015], [-17473657.691, 2411712.317499999], [-17473664.2098, 2411766.8663000017], [-17473686.4146, 2411804.9825999998], [-17473708.617399998, 2411836.533300001], [-17473740.5989, 2411920.001600001], [-17473764.757, 2411958.790100001], [-17473781.7278, 2412004.795600001], [-17473784.984, 2412058.0205000006], [-17473816.9634, 2412146.7509000003], [-17473867.9103, 2412189.4855000004], [-17473873.1403, 2412207.223200001], [-17473866.5967, 2412223.6556], [-17473847.6446, 2412249.9334999993], [-17473842.4059, 2412271.6224000007], [-17473846.3219, 2412296.5988], [-17473876.3643, 2412326.1812999994], [-17473884.8516, 2412340.640299998], [-17473881.5866, 2412359.6917999983], [-17473873.076, 2412392.5513999984], [-17473878.2926, 2412415.5502999984], [-17473895.282, 2412430.6686999984], [-17473912.2645, 2412437.9059999995], [-17473934.4776, 2412451.0538999997], [-17473993.9304, 2412444.509399999], [-17474003.7306, 2412448.4519999996]]]]}}, {"type": "Feature", "properties": {"OBJECTID": 323, "CreationDate": "2025-01-14T11:11:13Z", "Creator": "NPS_WASO_LANDS", "EditDate": "2025-01-14T11:11:13Z", "Editor": "NPS_WASO_LANDS", "GlobalID": "{55AABF85-1608-4B72-9C9F-11C60E3C0CAF}", "AreaID": 338, "UNIT_CODE": "HALE", "GIS_Notes": "Lands - http://landsnet.nps.gov/tractsnet/documents/HALE/Metadata/hale_metadata.xml", "UNIT_NAME": "Haleakala National Park", "DATE_EDIT": "2024-09-18T00:00:00Z", "STATE": "HI", "REGION": "PW", "GNIS_ID": "358382", "UNIT_TYPE": "National Park", "CREATED_BY": "Lands", "METADATA": "https://irma.nps.gov/DataStore/Reference/Profile/2185783", "PARKNAME": "Haleakala", "SHAPE_Length": 106564.33599256922, "SHAPE_Area": 157378508.42375773}, "geometry": {"type": "MultiPolygon", "coordinates": [[[[-17370413.6495, 2352011.273699999], [-17370419.0908, 2351990.4970000014], [-17370442.8265, 2352021.4349999987], [-17370422.7772, 2352055.2575000003], [-17370427.447300002, 2352060.828899998], [-17370415.8037, 2352090.7459000014], [-17370409.4216, 2352113.6831], [-17370408.2021, 2352151.3946], [-17370409.050499998, 2352180.7084], [-17370407.134999998, 2352205.0533999987], [-17370406.541699998, 2352219.168200001], [-17370402.9055, 2352238.842], [-17370392.6066, 2352254.9103000015], [-17370384.4731, 2352264.1515999995], [-17370371.967, 2352253.0146000013], [-17370383.6649, 2352234.9882999994], [-17370385.2567, 2352228.224100001], [-17370388.1878, 2352216.0425000004], [-17370389.6312, 2352210.043400001], [-17370392.8369, 2352173.0522000007], [-17370390.274, 2352145.0835999995], [-17370390.8601, 2352105.3597999997], [-17370394.8483, 2352091.472100001], [-17370394.798, 2352072.140900001], [-17370396.7004, 2352055.530200001], [-17370408.5067, 2352029.9727], [-17370413.6495, 2352011.273699999]]], [[[-17380876.2249, 2350023.155299999], [-17380878.6347, 2350022.8922000006], [-17380952.2425, 2350298.574000001], [-17380691.561300002, 2350333.3858000003], [-17380690.806900002, 2350333.4866000004], [-17380679.8676, 2350304.5364000015], [-17380586.9301, 2350058.5837000012], [-17380585.537, 2350054.896899998], [-17380770.2996, 2350034.7223999985], [-17380876.2249, 2350023.155299999]]], [[[-17392428.445, 2364359.2529000007], [-17392355.9908, 2364315.8647000007], [-17392333.2253, 2364316.7038000003], [-17392314.7646, 2364319.0075999983], [-17392301.3419, 2364318.5896999985], [-17392296.2575, 2364318.431499999], [-17392260.2011, 2364317.3092], [-17392251.6575, 2364318.363400001], [-17392234.3107, 2364315.916099999], [-17392225.0159, 2364316.9976000004], [-17392201.1602, 2364324.9745999984], [-17392178.0941, 2364322.3729999997], [-17392161.7841, 2364320.4673999995], [-17392145.8974, 2364309.8464], [-17392138.0363, 2364302.9981999993], [-17392126.7972, 2364299.556499999], [-17392125.2121, 2364297.7555], [-17392112.2776, 2364300.3823000006], [-17392103.3221, 2364298.9466000013], [-17392089.914, 2364293.1204999983], [-17392080.0882, 2364289.030099999], [-17392058.4525, 2364269.8348000012], [-17392046.0672, 2364253.089499999], [-17392025.0065, 2364233.4065999985], [-17392015.5516, 2364226.5874999985], [-17392010.6686, 2364208.7349999994], [-17392008.6075, 2364201.1504000016], [-17392000.7588, 2364195.3422], [-17391996.8869, 2364168.045400001], [-17391995.2192, 2364158.022999998], [-17391995.0846, 2364147.106899999], [-17391988.549, 2364142.9690999985], [-17391978.867200002, 2364115.5885000005], [-17391968.5677, 2364098.1849000007], [-17391958.4601, 2364078.8462000005], [-17391955.1961, 2364072.3883000016], [-17391900.369, 2364039.4395000003], [-17391871.0634, 2364021.7386000007], [-17391839.1626, 2364002.7357], [-17391703.7218, 2363920.1611], [-17391672.4728, 2363901.8033999987], [-17391643.8189, 2363884.769200001], [-17391562.4294, 2363834.9596999995], [-17391515.557, 2363806.1224000007], [-17391479.7383, 2363783.8378], [-17391449.141400002, 2363765.4913000017], [-17391324.777400002, 2363692.0909], [-17391283.1073, 2363665.212699998], [-17391254.4544, 2363648.1783999987], [-17391197.8118, 2363612.787999999], [-17391117.7271, 2363564.9453999996], [-17391088.433, 2363548.5551000014], [-17391056.5235, 2363528.8957], [-17390927.6055, 2363449.5901000015], [-17390890.494599998, 2363428.6154999994], [-17390865.1109, 2363412.2388999984], [-17390815.6243, 2363382.0874000005], [-17390726.421099998, 2363329.658300001], [-17390696.4776, 2363311.3004], [-17390665.8721, 2363292.2972999997], [-17390533.710500002, 2363211.6875], [-17390501.1617, 2363192.0163000003], [-17390467.2984, 2363172.354600001], [-17390352.7168, 2363101.5694000013], [-17390305.1856, 2363073.3852999993], [-17390277.8384, 2363055.6955000013], [-17390135.2673, 2362971.142099999], [-17390106.617, 2362953.4514999986], [-17390099.256, 2362948.7201999985], [-17390076.0135, 2362933.781100001], [-17389939.2951, 2362853.8205999993], [-17389911.3083, 2362835.4745000005], [-17389904.5813, 2362831.462000001], [-17389904.5724, 2362831.4778999984], [-17389904.4568, 2362831.658], [-17389904.3297, 2362831.8301], [-17389904.1918, 2362831.9932999983], [-17389904.0434, 2362832.1471999995], [-17389903.8854, 2362832.291000001], [-17389903.7184, 2362832.4241000004], [-17389903.5431, 2362832.5458999984], [-17389903.3602, 2362832.6559999995], [-17389903.1706, 2362832.7536999993], [-17389902.975, 2362832.8389], [-17389902.7743, 2362832.9109000005], [-17389902.5694, 2362832.9695999995], [-17389902.3611, 2362833.0146000013], [-17389902.1504, 2362833.0458999984], [-17389901.938, 2362833.063099999], [-17389901.7249, 2362833.0665000007], [-17389901.5121, 2362833.0557999983], [-17389901.300499998, 2362833.0309999995], [-17389901.0909, 2362832.9926000014], [-17389900.8842, 2362832.940299999], [-17389900.6814, 2362832.8746000007], [-17389900.6, 2362832.8440000005], [-17389896.5046, 2362831.240600001], [-17389892.4458, 2362830.257199999], [-17389888.6473, 2362829.867800001], [-17389882.9696, 2362831.3200999983], [-17389882.9556, 2362831.3236000016], [-17389882.7473, 2362831.3687999994], [-17389882.6802, 2362831.3801999986], [-17389876.3253, 2362832.3999000005], [-17389876.1817, 2362832.4195999987], [-17389875.9693, 2362832.4371000007], [-17389875.7688, 2362832.4404999986], [-17389868.2143, 2362832.3390999995], [-17389868.2016, 2362832.3389], [-17389868.0788, 2362832.3343], [-17389861.037, 2362831.9444000013], [-17389859.4787, 2362832.347100001], [-17389857.7521, 2362833.0769999996], [-17389856.15, 2362834.0524999984], [-17389854.5443, 2362835.3878000006], [-17389853.9991, 2362835.8572999984], [-17389853.9855, 2362835.868900001], [-17389853.8185, 2362836.0020000003], [-17389853.6431, 2362836.1239], [-17389853.553, 2362836.1801000014], [-17389852.9128, 2362836.5654000007], [-17389852.8202, 2362836.6191999987], [-17389852.630599998, 2362836.717], [-17389852.435, 2362836.802000001], [-17389852.4191, 2362836.8082999997], [-17389851.7234, 2362837.0799000002], [-17389851.5389, 2362837.1455999985], [-17389851.3339, 2362837.204399999], [-17389851.196, 2362837.2357], [-17389850.4651, 2362837.3856000006], [-17389850.3946, 2362837.3992], [-17389850.1839, 2362837.4305000007], [-17389849.9715, 2362837.4477999993], [-17389849.9191, 2362837.4499999993], [-17389849.1734, 2362837.4739999995], [-17389849.0127, 2362837.4750999995], [-17389848.8001, 2362837.4646000005], [-17389848.6245, 2362837.4450000003], [-17389847.8855, 2362837.342599999], [-17389847.8495, 2362837.3374000005], [-17389847.6398, 2362837.298799999], [-17389847.4331, 2362837.2465000004], [-17389847.2304, 2362837.1807999983], [-17389847.0322, 2362837.1017999984], [-17389846.8396, 2362837.0100999996], [-17389846.8057, 2362836.9923], [-17389845.2164, 2362836.145399999], [-17389845.0642, 2362836.0588999987], [-17389844.8852, 2362835.9426000006], [-17389844.7797, 2362835.8658999987], [-17389843.3438, 2362834.7762], [-17389843.2783, 2362834.7250999995], [-17389843.1159, 2362834.5865], [-17389842.9629, 2362834.4371999986], [-17389842.9566, 2362834.4305999987], [-17389841.7106, 2362833.1259000003], [-17389841.5739, 2362832.9736], [-17389841.4416, 2362832.8055999987], [-17389841.382799998, 2362832.723000001], [-17389840.3579, 2362831.2360999994], [-17389840.2957, 2362831.142499998], [-17389840.2435, 2362831.0582000017], [-17389838.5245, 2362828.1834000014], [-17389836.5906, 2362825.7030000016], [-17389834.5896, 2362823.7032999992], [-17389833.9939, 2362823.399799999], [-17389833.106399998, 2362823.107500002], [-17389832.185, 2362822.9538000003], [-17389831.2511, 2362822.9422999993], [-17389830.0805, 2362823.1083999984], [-17389829.9951, 2362823.1193999983], [-17389829.7826, 2362823.1367000006], [-17389829.5696, 2362823.1400000006], [-17389829.3653, 2362823.1301000006], [-17389827.0937, 2362822.9466000013], [-17389827.0852, 2362822.9459000006], [-17389826.8736, 2362822.9213000014], [-17389826.664, 2362822.8828000017], [-17389826.5787, 2362822.8629], [-17389824.3655, 2362822.3170999996], [-17389824.2439, 2362822.284600001], [-17389824.0411, 2362822.218899999], [-17389823.8705, 2362822.151900001], [-17389821.7722, 2362821.2575999983], [-17389821.744599998, 2362821.2457000017], [-17389821.552, 2362821.153900001], [-17389821.3658, 2362821.0496000014], [-17389821.3098, 2362821.0150000006], [-17389819.3802, 2362819.7952000014], [-17389819.2573, 2362819.7135999985], [-17389819.0863, 2362819.5857000016], [-17389818.9623, 2362819.4816000015], [-17389817.251000002, 2362817.967599999], [-17389817.2126, 2362817.9329999983], [-17389817.0596, 2362817.7837000005], [-17389816.9166, 2362817.6248999983], [-17389816.8882, 2362817.5907999985], [-17389815.5423, 2362815.9474], [-17389809.362999998, 2362809.7727000006], [-17389809.3161, 2362809.724800002], [-17389809.2701, 2362809.675900001], [-17389803.2378, 2362803.1312999986], [-17389803.1408, 2362803.021400001], [-17389803.0085, 2362802.853500001], [-17389802.8874, 2362802.6768999994], [-17389802.7989, 2362802.530299999], [-17389799.746600002, 2362797.160599999], [-17389796.1883, 2362792.1163000017], [-17389796.1057, 2362791.9934], [-17389795.9962, 2362791.8095000014], [-17389795.8991, 2362791.6187999994], [-17389795.8146, 2362791.4219999984], [-17389795.7429, 2362791.2201999985], [-17389795.6845, 2362791.0139999986], [-17389795.6719, 2362790.960900001], [-17389794.0109, 2362783.7567999996], [-17389793.983599998, 2362783.6264999993], [-17389792.6179, 2362776.3746000007], [-17389790.8064, 2362767.1964999996], [-17389790.7962, 2362767.1422000006], [-17389790.7651, 2362766.9301000014], [-17389790.7479, 2362766.716499999], [-17389790.744599998, 2362766.5022], [-17389790.7552, 2362766.2881000005], [-17389790.7797, 2362766.075199999], [-17389790.818099998, 2362765.8643000014], [-17389790.8701, 2362765.6565000005], [-17389790.9354, 2362765.4525999986], [-17389791.0139, 2362765.2533], [-17389791.1052, 2362765.0595999993], [-17389791.121799998, 2362765.0295], [-17389736.1687, 2362735.836599998], [-17389706.224799998, 2362720.1107], [-17389673.0241, 2362703.0603], [-17389609.7022, 2362670.7091999985], [-17389608.7526, 2362676.962299999], [-17389608.9051, 2362678.3500999995], [-17389608.921099998, 2362678.552099999], [-17389608.9244, 2362678.7663000003], [-17389608.9241, 2362678.7831000015], [-17389608.8834, 2362680.6099000014], [-17389608.8731, 2362680.8071999997], [-17389608.8486, 2362681.0201000012], [-17389608.845399998, 2362681.0414999984], [-17389608.5653, 2362682.8467999995], [-17389608.5302, 2362683.0363], [-17389608.4783, 2362683.2441999987], [-17389608.471, 2362683.269699998], [-17389607.9564, 2362685.0221000016], [-17389607.8985, 2362685.2005999982], [-17389607.82, 2362685.399700001], [-17389607.7287, 2362685.5934000015], [-17389607.625, 2362685.780699998], [-17389607.5094, 2362685.9607000016], [-17389607.3823, 2362686.1328000017], [-17389607.244400002, 2362686.296], [-17389607.2154, 2362686.3277000003], [-17389606.936499998, 2362686.6286000013], [-17389606.8634, 2362686.740600001], [-17389606.8103, 2362686.8632000014], [-17389606.7782, 2362686.9930000007], [-17389606.7555, 2362687.3018000014], [-17389606.7317, 2362689.3605999984], [-17389606.9208, 2362691.5130999982], [-17389606.9296, 2362691.6433999985], [-17389606.9329, 2362691.8577000014], [-17389606.9316, 2362691.911699999], [-17389606.8665, 2362693.8473000005], [-17389606.8572, 2362694.0073000006], [-17389606.8327, 2362694.2201000005], [-17389606.8053, 2362694.3781000003], [-17389606.4283, 2362696.2771999985], [-17389606.4174, 2362696.3301], [-17389606.3654, 2362696.537999999], [-17389606.3, 2362696.7419999987], [-17389606.2821, 2362696.7908999994], [-17389605.6032, 2362698.6032], [-17389605.5585, 2362698.7159], [-17389604.8283, 2362700.4657000005], [-17389604.8123, 2362700.5033], [-17389604.721, 2362700.6970000006], [-17389604.6173, 2362700.884399999], [-17389604.6156, 2362700.8869999982], [-17389603.642, 2362702.5133999996], [-17389603.5284, 2362702.6900999993], [-17389603.4013, 2362702.8621000014], [-17389603.3709, 2362702.8999999985], [-17389602.1749, 2362704.367800001], [-17389602.1321, 2362704.4191000015], [-17389600.6295, 2362706.188000001], [-17389600.5648, 2362706.2622000016], [-17389600.4164, 2362706.416000001], [-17389600.2901, 2362706.532400001], [-17389598.5444, 2362708.0588000007], [-17389598.5126, 2362708.086199999], [-17389598.3456, 2362708.219300002], [-17389598.1703, 2362708.3412000015], [-17389598.1582, 2362708.3489000015], [-17389596.2076, 2362709.599300001], [-17389596.1655, 2362709.6259000003], [-17389593.2162, 2362711.4536000006], [-17389590.4151, 2362713.5036000013], [-17389590.2609, 2362713.6096], [-17389587.2113, 2362715.5815000013], [-17389587.044, 2362715.6827000007], [-17389583.888, 2362717.464299999], [-17389582.5883, 2362718.2036000006], [-17389582.5647, 2362718.2168999985], [-17389582.3751, 2362718.3145999983], [-17389582.1796, 2362718.399799999], [-17389582.1491, 2362718.4114999995], [-17389580.7497, 2362718.950199999], [-17389580.5793, 2362719.0102999993], [-17389580.3744, 2362719.0689999983], [-17389580.2845, 2362719.0901999995], [-17389578.8209, 2362719.4135], [-17389578.7026, 2362719.4373999983], [-17389578.4918, 2362719.468699999], [-17389578.3403, 2362719.482500002], [-17389576.8835, 2362719.580699999], [-17389574.8759, 2362719.7639000006], [-17389574.7385, 2362719.773499999], [-17389574.5812, 2362719.7773], [-17389572.6151, 2362719.776999999], [-17389572.3354, 2362719.792199999], [-17389572.3167, 2362719.793200001], [-17389572.1036, 2362719.796500001], [-17389571.8907, 2362719.785799999], [-17389571.7965, 2362719.7765000015], [-17389571.4305, 2362719.735199999], [-17389571.3132, 2362719.719700001], [-17389571.1036, 2362719.6812999994], [-17389570.9016, 2362719.6303000003], [-17389570.5475, 2362719.5287999995], [-17389570.543899998, 2362719.527800001], [-17389570.3401, 2362719.4618000016], [-17389570.1419, 2362719.3828000017], [-17389570.043, 2362719.3376], [-17389569.7103, 2362719.1787], [-17389569.6168, 2362719.132100001], [-17389569.4306, 2362719.027800001], [-17389569.2517, 2362718.9114999995], [-17389569.2441, 2362718.906300001], [-17389568.9421, 2362718.6944999993], [-17389568.7786, 2362718.571800001], [-17389568.6164, 2362718.4329999983], [-17389568.527, 2362718.348299999], [-17389568.264, 2362718.089200001], [-17389568.2002, 2362718.024599999], [-17389568.0572, 2362717.865699999], [-17389567.925, 2362717.6977000013], [-17389567.9113, 2362717.6788999997], [-17389567.6942, 2362717.3797999993], [-17389567.5869, 2362717.2223000005], [-17389567.4775, 2362717.0381999984], [-17389567.4137, 2362716.9166], [-17389567.248800002, 2362716.585499998], [-17389567.2153, 2362716.5163000003], [-17389567.1308, 2362716.319600001], [-17389567.059100002, 2362716.1176999994], [-17389567.0481, 2362716.0821], [-17389566.9399, 2362715.728100002], [-17389566.8925, 2362715.557599999], [-17389566.8477, 2362715.348000001], [-17389566.8244, 2362715.1983999982], [-17389566.7756, 2362714.8313000016], [-17389566.7679, 2362714.7688999996], [-17389566.7507, 2362714.5551999994], [-17389566.7474, 2362714.3409], [-17389566.7485, 2362714.2969999984], [-17389566.8154, 2362712.103], [-17389566.8249, 2362711.9329000004], [-17389566.837700002, 2362711.807], [-17389567.1019, 2362709.6281999983], [-17389567.1136, 2362709.541099999], [-17389567.152, 2362709.3302999996], [-17389567.203900002, 2362709.1224999987], [-17389567.2692, 2362708.9184999987], [-17389567.3478, 2362708.7192], [-17389567.3873, 2362708.6312999986], [-17389567.9112, 2362707.5102000013], [-17389567.9629, 2362707.4045], [-17389568.0666, 2362707.2173000015], [-17389568.1657, 2362707.0612999983], [-17389568.8585, 2362706.0370000005], [-17389568.8749, 2362706.0130000003], [-17389569.002, 2362705.840999998], [-17389569.1399, 2362705.6776], [-17389569.1801, 2362705.6341000013], [-17389570.0244, 2362704.7322000004], [-17389570.132600002, 2362704.6218999997], [-17389570.2905, 2362704.478100002], [-17389570.405, 2362704.3850999996], [-17389571.3797, 2362703.6279999986], [-17389571.4323, 2362703.5879999995], [-17389571.6077, 2362703.4662999995], [-17389571.7905, 2362703.3563], [-17389571.8099, 2362703.3455], [-17389572.8909, 2362702.7520999983], [-17389573.061, 2362702.665100001], [-17389573.2566, 2362702.579999998], [-17389573.3599, 2362702.541000001], [-17389574.5202, 2362702.1262000017], [-17389574.6176, 2362702.0931], [-17389574.8226, 2362702.034400001], [-17389575.016400002, 2362701.9919999987], [-17389576.2272, 2362701.7657999992], [-17389576.2417, 2362701.7630999982], [-17389576.4526, 2362701.731899999], [-17389576.6649, 2362701.714499999], [-17389576.8779, 2362701.711199999], [-17389577.0907, 2362701.721900001], [-17389577.177500002, 2362701.7305999994], [-17389577.3426, 2362701.4584], [-17389577.4461, 2362701.2985999994], [-17389577.4601, 2362701.2786], [-17389578.742, 2362699.4481000006], [-17389578.8552, 2362699.296], [-17389578.9933, 2362699.1327], [-17389579.0497, 2362699.0716999993], [-17389580.1613, 2362697.9015000015], [-17389580.2531, 2362697.8088000007], [-17389580.411, 2362697.664999999], [-17389580.5751, 2362697.5341], [-17389581.7733, 2362696.6396000013], [-17389581.7757, 2362696.637699999], [-17389581.9511, 2362696.515900001], [-17389581.9954, 2362696.4877000004], [-17389583.4205, 2362695.5975], [-17389583.5387, 2362695.5271000005], [-17389584.595, 2362694.9279000014], [-17389584.6153, 2362694.9164000005], [-17389584.7005, 2362694.8706], [-17389585.0259, 2362694.7016000003], [-17389585.0763, 2362694.557500001], [-17389585.2987, 2362693.724199999], [-17389586.1333, 2362688.975299999], [-17389586.4637, 2362684.0813000016], [-17389585.6783, 2362671.475499999], [-17389585.245, 2362667.419300001], [-17389585.2299, 2362667.2271], [-17389585.2266, 2362667.0128000006], [-17389585.3459, 2362660.0606999993], [-17389585.3565, 2362659.8466], [-17389585.381, 2362659.6336999983], [-17389585.4194, 2362659.4228000008], [-17389585.4714, 2362659.215], [-17389585.5366, 2362659.0111000016], [-17389585.6151, 2362658.8117999993], [-17389585.7064, 2362658.6180999987], [-17389585.7791, 2362658.4869000018], [-17389542.1637, 2362636.203499999], [-17389507.0101, 2362616.5397000015], [-17389475.7538, 2362599.490600001], [-17389449.7176, 2362587.6904999986], [-17389334.483599998, 2362527.3907000013], [-17389301.9236, 2362510.9959000014], [-17389271.3305, 2362493.9580999985], [-17389155.4445, 2362434.9571], [-17389095.5481, 2362404.149099998], [-17389066.2587, 2362387.1017999984], [-17389010.2705, 2362358.9189999998], [-17388923.6779, 2362314.9981999993], [-17388891.1295, 2362298.6032], [-17388855.3265, 2362278.282900002], [-17388721.1189, 2362210.1493999995], [-17388278.9094, 2361981.0500000007], [-17387839.3301, 2361751.2908000015], [-17387399.0973, 2361521.5150000006], [-17386959.5283, 2361291.089499999], [-17386519.9705, 2361061.3134000003], [-17386021.1682, 2360801.4054999985], [-17385534.0758, 2360547.5944], [-17385522.3812, 2360541.500500001], [-17385134.9843, 2360538.9530999996], [-17384747.5859, 2360535.7325999998], [-17384360.1967, 2360533.1702999994], [-17383910.2849, 2360531.2490999997], [-17383459.7346, 2360528.671], [-17383009.8372, 2360526.082199998], [-17382641.9791, 2360524.1290000007], [-17381641.9443, 2359773.622299999], [-17381746.7624, 2359885.6141000018], [-17382065.7769, 2360228.7729], [-17382289.742399998, 2360467.162799999], [-17382343.1277, 2360522.821899999], [-17382110.0462, 2360521.5154], [-17381699.867200002, 2360519.543200001], [-17381675.117399998, 2360518.888700001], [-17381272.8883, 2360516.450199999], [-17381240.2013, 2360516.2514999993], [-17380805.2856, 2360514.259300001], [-17380370.3614, 2360511.6006999984], [-17379935.4494, 2360508.9321000017], [-17379487.5165, 2360506.911600001], [-17379040.2284, 2360504.212699998], [-17378654.1584, 2360502.170600001], [-17378592.9513, 2360502.158], [-17378145.6766, 2360499.4475999996], [-17377698.3921, 2360497.3704999983], [-17377309.0688, 2360494.649500001], [-17376863.8257, 2360212.2663000003], [-17376419.2604, 2359929.8779999986], [-17375974.0485, 2359647.4935999997], [-17375711.1063, 2359482.3740000017], [-17375660.3389, 2359442.4122], [-17375649.689, 2359432.5643999986], [-17375604.3673, 2359390.656300001], [-17375574.441, 2359355.9386], [-17375562.7297, 2359338.9125999995], [-17375560.7794, 2359315.9934], [-17375556.8836, 2359287.1834000014], [-17375547.7772, 2359264.252799999], [-17375547.7964, 2359218.420600001], [-17375553.6679, 2359179.7853000015], [-17375566.7004, 2359151.6363999993], [-17375576.4795, 2359107.1094999984], [-17375585.6074, 2359069.1347999983], [-17375585.629, 2359028.535599999], [-17375581.7259, 2358997.7597000003], [-17375582.3979, 2358957.8060000017], [-17375587.6129, 2358929.000500001], [-17375603.2394, 2358908.0544000007], [-17375618.2241, 2358881.2091000006], [-17375626.0383, 2358870.0804000013], [-17375629.9585, 2358856.3354], [-17375628.0111, 2358831.4505999982], [-17375597.4443, 2358749.580600001], [-17375589.6359, 2358729.9400000013], [-17375566.8611, 2358718.795499999], [-17375544.0771, 2358699.7971], [-17375517.3917, 2358689.9673999995], [-17375484.8424, 2358680.138799999], [-17375462.066, 2358670.3046999983], [-17375443.1944, 2358649.3466], [-17375441.2454, 2358632.315299999], [-17375418.4713, 2358607.4298], [-17375391.8045, 2358565.5102999993], [-17375357.3133, 2358520.967099998], [-17375340.3986, 2358498.7018], [-17375323.4831, 2358477.0808000006], [-17375300.0578, 2358452.1944999993], [-17375274.0239, 2358415.518599998], [-17375214.8326, 2358308.7555], [-17375174.4887, 2358251.1185999997], [-17375159.5317, 2358207.241799999], [-17375134.8106, 2358164.6812000014], [-17375102.2902, 2358103.7705999985], [-17375087.3262, 2358071.0231], [-17375071.7215, 2358038.2754000016], [-17375066.5217, 2358017.3183000013], [-17375060.6672, 2357998.3368000016], [-17375064.581, 2357988.513799999], [-17375069.7893, 2357977.3816], [-17375068.4949, 2357965.594799999], [-17375066.5427, 2357950.530099999], [-17375060.7008, 2357923.6851999983], [-17375048.9926, 2357898.7969999984], [-17375028.1713, 2357862.1301000006], [-17375009.3116, 2357828.0667999983], [-17374986.5363, 2357791.3973000012], [-17374963.7673, 2357771.0890999995], [-17374928.6364, 2357714.106800001], [-17374911.7237, 2357684.6336000003], [-17374894.1568, 2357657.1257000007], [-17374866.8322, 2357613.9065000005], [-17374839.5112, 2357575.2644000016], [-17374806.9724, 2357540.545000002], [-17374801.9535, 2357539.3154000007], [-17374791.5392, 2357526.8695], [-17374779.1592, 2357508.5436000004], [-17374762.882, 2357488.911800001], [-17374753.114, 2357479.7430999987], [-17374739.447300002, 2357477.7872], [-17374697.1335, 2357471.2512999997], [-17374660.0245, 2357469.3000000007], [-17374652.214, 2357471.274599999], [-17374580.6124, 2357473.918299999], [-17374548.7235, 2357473.2751], [-17374511.6068, 2357462.8154000007], [-17374424.3857, 2357449.093600001], [-17374380.762000002, 2357440.599300001], [-17374361.2362, 2357442.565200001], [-17374341.0599, 2357443.8852999993], [-17374313.7155, 2357439.962000001], [-17374302.6542, 2357438.0102000013], [-17374294.1886, 2357436.041099999], [-17374282.476999998, 2357433.4327999987], [-17374202.3991, 2357414.4683], [-17374176.3576, 2357404.0047999993], [-17374152.918, 2357389.6032], [-17374133.3913, 2357379.1396999992], [-17374093.0294, 2357374.5714999996], [-17374058.5372, 2357372.6127000004], [-17374016.2186, 2357375.9043000005], [-17373964.801, 2357392.286600001], [-17373944.6308, 2357409.3225999996], [-17373923.1621, 2357430.277899999], [-17373894.5206, 2357442.0788000003], [-17373867.8309, 2357442.7430999987], [-17373833.3327, 2357438.162700001], [-17373791.019, 2357425.7375999987], [-17373749.3572, 2357413.3139000013], [-17373718.1139, 2357403.5069999993], [-17373684.904, 2357388.454399999], [-17373660.8222, 2357368.8194999993], [-17373647.7955, 2357354.4241999984], [-17373626.3131, 2357338.7148], [-17373592.448, 2357313.186999999], [-17373473.3054, 2357218.2914000005], [-17373443.3574, 2357188.1728999987], [-17373414.7014, 2357158.0669], [-17373396.4647, 2357124.025899999], [-17373391.2447, 2357078.201200001], [-17373390.597599998, 2357075.5791000016], [-17373337.190700002, 2356980.0007000007], [-17373290.9501, 2356896.8638000004], [-17373208.894, 2356755.465300001], [-17373126.0696, 2356614.1077000014], [-17373077.8855, 2356525.7375000007], [-17372941.809, 2356289.410500001], [-17372915.1183, 2356241.6180000007], [-17372784.9044, 2356013.8115000017], [-17372734.1191, 2355924.7842999995], [-17372728.2649, 2355913.6462000012], [-17372661.854199998, 2355795.1611], [-17372629.9552, 2355740.1744999997], [-17372583.7245, 2355660.9629000016], [-17372557.6866, 2355613.1832000017], [-17372501.6946, 2355516.296599999], [-17372469.1413, 2355457.3781999983], [-17372366.286, 2355278.0157000013], [-17372282.947300002, 2355132.694600001], [-17372231.5183, 2355041.7041999996], [-17372200.9253, 2354986.0665999986], [-17372106.5321, 2354819.139199998], [-17372053.8031, 2354727.5036000013], [-17371934.0176, 2354519.343199998], [-17371899.5202, 2354456.5042000003], [-17371794.0594, 2354265.363400001], [-17371767.3705, 2354219.540600002], [-17371718.5564, 2354131.824099999], [-17371684.0561, 2354071.6066000015], [-17371659.9698, 2354027.7544], [-17371624.1691, 2353966.2247], [-17371733.6454, 2353891.7338000014], [-17371542.3573, 2353626.264899999], [-17370894.931, 2352683.3944000006], [-17370893.8688, 2352676.768100001], [-17370884.1039, 2352656.474300001], [-17370863.9327, 2352628.3330000006], [-17370820.9771, 2352582.5166000016], [-17370800.8062, 2352566.1565999985], [-17370792.4995, 2352560.3345], [-17370725.9983, 2352437.400699999], [-17370687.3108, 2352485.4948000014], [-17370684.3167, 2352481.7287999988], [-17370675.851999998, 2352462.7479000017], [-17370662.1832, 2352440.492899999], [-17370643.9595, 2352422.1602], [-17370626.392, 2352413.0003000014], [-17370611.2673, 2352408.3214999996], [-17370599.8306, 2352404.783399999], [-17370598.9572, 2352395.0562000014], [-17370588.4085, 2352376.336599998], [-17370569.4723, 2352344.828499999], [-17370552.519, 2352319.034000002], [-17370535.5272, 2352303.2448999994], [-17370512.8409, 2352290.2925999984], [-17370491.9779, 2352280.780699998], [-17370477.3841, 2352272.5264], [-17370468.8945, 2352262.964400001], [-17370465.3852, 2352256.6766999997], [-17370466.5884, 2352246.7556999996], [-17370479.4918, 2352216.788800001], [-17370490.4591, 2352197.7729], [-17370502.3734, 2352178.7606999986], [-17370517.6036, 2352160.714899998], [-17370541.8101, 2352137.675999999], [-17370553.8957, 2352126.9970999993], [-17370567.7166, 2352118.8861000016], [-17370565.566, 2352116.850200001], [-17370535.5036, 2352075.786600001], [-17370504.6433, 2352098.284699999], [-17370500.086, 2352093.028900001], [-17370516.5783, 2352075.0507000014], [-17370507.1038, 2352059.877700001], [-17370525.8815, 2352038.3161000013], [-17370552.2918, 2352007.6400999986], [-17370487.6827, 2351991.4274000004], [-17370451.5973, 2351982.344300002], [-17370423.104199998, 2351975.172200002], [-17370425.4054, 2351966.3852000013], [-17370424.7562, 2351943.284499999], [-17370416.8711, 2351929.1794999987], [-17370414.9505, 2351917.3315000013], [-17370420.139200002, 2351903.4659], [-17370418.9184, 2351861.662799999], [-17370418.8213, 2351858.338199999], [-17370414.2493, 2351852.8850999996], [-17370397.996, 2351843.9963999987], [-17370392.1287, 2351836.3717], [-17370401.2807, 2351824.726500001], [-17370412.9843, 2351819.5714000016], [-17370420.0699, 2351804.1297000013], [-17370423.4157, 2351774.1220999993], [-17370418.7697, 2351735.914099999], [-17370430.302, 2351723.6237000003], [-17370431.1525, 2351722.7173000015], [-17370425.268600002, 2351708.649099998], [-17370419.4138, 2351692.9706000015], [-17370413.559, 2351677.292100001], [-17370401.3106, 2351660.9596999995], [-17370348.5682, 2351633.1471000016], [-17370345.9682, 2351629.340999998], [-17370351.7948, 2351617.098099999], [-17370351.7612, 2351604.210900001], [-17370345.9887, 2351598.7358999997], [-17370339.4087, 2351586.2657999992], [-17370387.5428, 2351603.2551999986], [-17370395.3969, 2351596.955699999], [-17370408.3954, 2351593.972100001], [-17370431.2048, 2351601.9069], [-17370436.4465, 2351599.8548999988], [-17370449.4142, 2351576.467], [-17370454.5514, 2351572.8024999984], [-17370456.5093, 2351560.4888000004], [-17370471.5062, 2351565.058699999], [-17370484.4976, 2351555.0945999995], [-17370487.8353, 2351547.638700001], [-17370487.1056, 2351536.3495999984], [-17370482.5822, 2351528.2128], [-17370472.1891, 2351519.968600001], [-17370460.416, 2351506.8665999994], [-17370463.1158, 2351497.7881999984], [-17370460.4795, 2351488.6119999997], [-17370462.4346, 2351483.8154000007], [-17370468.9449, 2351478.0282000005], [-17370470.8249, 2351470.0084999986], [-17370473.5124, 2351468.9836999997], [-17370492.2905, 2351478.455499999], [-17370496.2927, 2351478.5286], [-17370525.5301, 2351470.4727], [-17370535.3294, 2351459.9133], [-17370535.8753, 2351451.8693000004], [-17370528.7811, 2351438.3161000013], [-17370533.947499998, 2351433.0412999988], [-17370536.5793, 2351427.7201000005], [-17370535.9538, 2351418.043900002], [-17370554.7831, 2351417.3145000003], [-17370565.8581, 2351410.0], [-17370566.45, 2351406.7892999984], [-17370558.7541, 2351396.983600002], [-17370550.9417, 2351393.6191000007], [-17370546.369599998, 2351388.166000001], [-17370545.0285, 2351381.1614999995], [-17370559.4096, 2351375.5183000006], [-17370563.8533, 2351365.934799999], [-17370588.6053, 2351377.1262000017], [-17370599.6802, 2351369.8117999993], [-17370599.0255, 2351361.7459000014], [-17370591.2254, 2351350.3275999986], [-17370589.3409, 2351343.8499], [-17370591.1749, 2351330.9970999993], [-17370601.6748, 2351333.3368999995], [-17370613.3391, 2351330.3286000006], [-17370615.3136, 2351324.4585000016], [-17370613.3733, 2351313.6843000017], [-17370618.5981, 2351305.1889999993], [-17370634.8926, 2351304.4131999984], [-17370643.2438, 2351292.7534000017], [-17370643.9037, 2351285.7853999995], [-17370640.0666, 2351276.5874000005], [-17370625.0556, 2351258.0573000014], [-17370619.7998, 2351246.1488000005], [-17370622.4776, 2351245.660799999], [-17370630.9375, 2351250.1108999997], [-17370648.5415, 2351265.4668000005], [-17370661.4427, 2351267.850499999], [-17370670.5456, 2351258.8891000003], [-17370676.5196, 2351260.6092000008], [-17370681.6253, 2351266.071899999], [-17370719.3755, 2351274.279100001], [-17370729.1236, 2351273.920400001], [-17370746.7158, 2351267.7989000008], [-17370763.6481, 2351268.645300001], [-17370778.6571, 2351265.161200002], [-17370779.8523, 2351261.6499000005], [-17370777.8935, 2351252.486299999], [-17370772.7999, 2351227.4690000005], [-17370766.2949, 2351218.2223000005], [-17370750.6214, 2351214.1772000007], [-17370748.0117, 2351210.907900002], [-17370737.0073, 2351206.9483000003], [-17370718.7773, 2351211.4472999983], [-17370713.6037, 2351209.7419999987], [-17370709.575, 2351203.7619999982], [-17370701.2172, 2351178.910599999], [-17370701.2099, 2351171.930399999], [-17370707.0336, 2351167.204500001], [-17370734.296099998, 2351165.0183000006], [-17370753.8284, 2351169.6706999987], [-17370792.8665, 2351173.0689000003], [-17370802.6921, 2351168.416200001], [-17370823.4543, 2351171.480300002], [-17370828.6763, 2351170.5018999986], [-17370836.5884, 2351160.981800001], [-17370835.1526, 2351151.8277000003], [-17370829.9887, 2351149.5857000016], [-17370813.0758, 2351147.6657], [-17370782.5488, 2351138.516899999], [-17370763.690700002, 2351140.856899999], [-17370720.0465, 2351148.6499999985], [-17370712.8817, 2351146.371199999], [-17370690.1697, 2351133.0698000006], [-17370684.322, 2351124.3720999993], [-17370686.8397, 2351117.9749], [-17370659.5605, 2351113.717799999], [-17370645.1945, 2351103.7903999984], [-17370643.2809, 2351098.9230999984], [-17370647.1982, 2351096.3099999987], [-17370659.4807, 2351095.9978], [-17370703.1197, 2351103.2386999987], [-17370707.063500002, 2351106.532299999], [-17370709.6053, 2351113.5588000007], [-17370729.8628, 2351115.0029999986], [-17370748.6554, 2351108.903499998], [-17370761.7288, 2351109.1424000002], [-17370788.4163, 2351116.6103000008], [-17370804.0266, 2351109.3784999996], [-17370833.8671, 2351119.5885999985], [-17370865.8254, 2351123.394099999], [-17370891.14, 2351132.9844000004], [-17370908.7659, 2351139.7496999986], [-17370910.6796, 2351144.6169000007], [-17370905.5544, 2351169.7589999996], [-17370923.0253, 2351214.6433999985], [-17370931.5606, 2351222.316399999], [-17370942.5359, 2351227.8863000013], [-17370949.1405, 2351224.248399999], [-17370964.7558, 2351231.513799999], [-17370989.4449, 2351231.4279000014], [-17371018.545, 2351249.6955000013], [-17371019.3974, 2351250.230700001], [-17371033.690899998, 2351249.4179], [-17371063.3357, 2351237.535500001], [-17371074.6889, 2351232.9849000014], [-17371097.5055, 2351218.3674999997], [-17371106.5428, 2351205.646400001], [-17371112.404600002, 2351139.7107999995], [-17371099.9713, 2351104.0461999997], [-17371094.8629, 2351076.569600001], [-17371086.3323, 2351053.8629], [-17371076.5964, 2351046.1680999994], [-17371070.7656, 2351043.913800001], [-17371061.6749, 2351044.8216999993], [-17371038.8707, 2351051.385499999], [-17371022.569, 2351045.181499999], [-17370999.801, 2350998.0533000007], [-17370995.9661, 2350981.338399999], [-17371004.3996, 2350979.8817999996], [-17371013.5072, 2350985.417199999], [-17371023.18, 2350981.835499998], [-17371023.8687, 2350973.257199999], [-17371018.6902, 2350957.0548], [-17371033.0199, 2350961.6119000018], [-17371038.8143, 2350958.4963000007], [-17371045.3193, 2350938.2118999995], [-17371042.7409, 2350925.8154999986], [-17371044.0095, 2350922.0802999996], [-17371049.212, 2350922.1752000004], [-17371051.1482, 2350919.3005999997], [-17371049.8522, 2350916.2808], [-17371033.0365, 2350908.9937999994], [-17371029.7889, 2350904.1022000015], [-17371030.3733, 2350893.9114000015], [-17371007.6128, 2350883.2941000015], [-17370989.4194, 2350863.6327], [-17370989.4509, 2350854.5056999996], [-17370995.1895, 2350847.0934999995], [-17371002.4633, 2350835.9510000013], [-17371011.5004, 2350823.2300000004], [-17371024.4861, 2350798.7688000016], [-17371038.1872, 2350771.6361000016], [-17371031.636, 2350757.5566000007], [-17371031.0756, 2350751.640299998], [-17371034.0128, 2350747.6834000014], [-17371034.2214, 2350747.4023], [-17371037.4607, 2350743.896499999], [-17371036.1604, 2350736.6992999986], [-17371027.8156, 2350725.2718], [-17371018.0218, 2350720.797600001], [-17370995.8897, 2350712.3398], [-17370990.6993, 2350704.1911999993], [-17370997.820299998, 2350694.1198999994], [-17370980.235799998, 2350677.691300001], [-17370953.5222, 2350664.3176000006], [-17370910.0247, 2350664.0601000004], [-17370903.5465, 2350660.720400002], [-17370897.609, 2350634.84], [-17370906.1197, 2350629.089400001], [-17370908.0552, 2350625.3663000017], [-17370897.0149, 2350616.0372], [-17370894.9581, 2350611.704399999], [-17370897.0002, 2350602.0771999992], [-17370902.2318, 2350600.561999999], [-17370913.8786, 2350591.1103999987], [-17370915.1203, 2350581.4684999995], [-17370924.8802, 2350573.0560999997], [-17370929.5199, 2350545.2214], [-17370934.7054, 2350538.8731999993], [-17370938.6127, 2350536.7969000004], [-17370941.2613, 2350537.9191000015], [-17370955.4887, 2350562.8768000007], [-17370958.7946, 2350564.5478999987], [-17370965.9615, 2350559.3095999993], [-17370977.0166, 2350553.068599999], [-17370982.1827, 2350547.7936999984], [-17370982.8035, 2350542.9728999995], [-17370988.103, 2350537.7005000003], [-17371007.567, 2350546.1094999984], [-17371023.128399998, 2350541.5615000017], [-17371029.0485, 2350531.4681], [-17371029.7082, 2350524.5003999993], [-17371025.1678, 2350509.9208999984], [-17371034.9372, 2350500.9717000015], [-17371035.5216, 2350490.7809999995], [-17371040.1638, 2350484.9598000012], [-17371045.8998, 2350485.0643999986], [-17371058.9606, 2350493.3564999998], [-17371073.9717, 2350511.885499999], [-17371079.7926, 2350514.6763000004], [-17371083.913, 2350514.1152999997], [-17371090.2267, 2350513.2558999993], [-17371095.4509, 2350504.7606999986], [-17371103.8185, 2350499.544399999], [-17371111.616, 2350488.9485], [-17371109.7531, 2350473.8812000006], [-17371096.6774, 2350451.628899999], [-17371083.0101, 2350432.587699998], [-17371065.4305, 2350401.1261], [-17371065.4619, 2350391.9992999993], [-17371071.9984, 2350392.1185000017], [-17371085.6122, 2350399.3467999995], [-17371094.7122, 2350397.9021999985], [-17371104.871600002, 2350399.6801999994], [-17371122.1143, 2350402.697999999], [-17371156.5648, 2350416.2129999995], [-17371163.6543, 2350415.2687], [-17371173.5085, 2350409.0056999996], [-17371175.4729, 2350403.672600001], [-17371176.734, 2350392.9574999996], [-17371183.2049, 2350389.3172000013], [-17371187.8253, 2350392.086199999], [-17371193.6537, 2350401.856899999], [-17371206.7243, 2350409.612399999], [-17371219.0818, 2350412.522599999], [-17371226.7514, 2350406.787799999], [-17371230.666699998, 2350412.6911000013], [-17371235.2159, 2350417.9287], [-17371263.8488, 2350459.8150999993], [-17371290.535099998, 2350497.7679000013], [-17371315.913, 2350533.109099999], [-17371325.679700002, 2350546.1948000006], [-17371328.9286, 2350550.1198999994], [-17371339.9995, 2350574.3434999995], [-17371355.6119, 2350608.3682000004], [-17371365.3805, 2350632.5896000005], [-17371392.7214, 2350693.4488000013], [-17371466.675499998, 2350830.916099999], [-17371474.0506, 2350844.0381999984], [-17371509.8441, 2350890.7096999995], [-17371525.5197, 2350909.6235999987], [-17371502.7539, 2350926.591499999], [-17371499.1962, 2350929.8189999983], [-17371489.8991, 2350938.2534999996], [-17371421.0051, 2350842.355799999], [-17371430.576700002, 2350836.088799998], [-17371396.3139, 2350783.3680999987], [-17371370.0243, 2350771.391899999], [-17371350.2602, 2350774.5683000013], [-17371328.4926, 2350786.4420000017], [-17371314.0338, 2350795.6394999996], [-17371305.7814, 2350810.9120000005], [-17371299.2181, 2350833.6006999984], [-17371319.5009, 2350872.5896000005], [-17371334.5813, 2350886.8521], [-17371288.309, 2350927.1345000006], [-17371344.6007, 2350967.0447999984], [-17371374.5414, 2350987.984099999], [-17371383.6469, 2350994.529100001], [-17371387.558, 2350998.4554000013], [-17371403.235, 2351016.8746999986], [-17371472.0512, 2350954.4453000017], [-17371472.6168, 2350953.9321999997], [-17371478.5887, 2350964.143199999], [-17371539.0188, 2351056.418400001], [-17371585.5514, 2351127.4727], [-17371689.2573, 2351284.195799999], [-17371637.0224, 2351318.4651000015], [-17371612.732, 2351287.0634999983], [-17371568.4833, 2351230.1248999983], [-17371514.456, 2351160.7553000003], [-17371467.606, 2351101.857999999], [-17371440.925, 2351066.5133000016], [-17371414.8832, 2351031.8247999996], [-17371402.8953, 2351017.1829999983], [-17371389.6989, 2351029.1543999985], [-17371249.7201, 2351165.025699999], [-17371218.3368, 2351194.6785999984], [-17371214.0148, 2351201.6116999984], [-17371176.9998, 2351238.2113000005], [-17371151.3724, 2351265.4239000008], [-17371142.1992, 2351275.1642999984], [-17371131.8984, 2351290.469300002], [-17371350.050499998, 2351439.648600001], [-17371443.145800002, 2351504.6411999986], [-17371448.0313, 2351508.0518000014], [-17371572.7018, 2351595.087000001], [-17371580.6796, 2351600.6565000005], [-17371691.217, 2351676.9805000015], [-17371694.8921, 2351679.518100001], [-17371785.970399998, 2351742.4054000005], [-17372066.5405, 2351932.217500001], [-17372349.3995, 2352145.3484000005], [-17372352.1462, 2352146.903999999], [-17372362.7091, 2352152.885400001], [-17372497.4335, 2352229.173300002], [-17372559.4301, 2352271.6598999985], [-17372629.8042, 2352325.159600001], [-17372729.4346, 2352400.899500001], [-17372831.2012, 2352475.599300001], [-17372937.734, 2352478.912300002], [-17373017.199500002, 2352509.4930000007], [-17373031.5242, 2352524.5418], [-17373209.873800002, 2352714.3291999996], [-17373269.7511, 2352777.8035999984], [-17373335.4893, 2352848.483600002], [-17373386.2666, 2352901.4935999997], [-17373525.5619, 2353048.7415999994], [-17373647.9414, 2353179.6380000003], [-17373743.6245, 2353281.0736000016], [-17373800.9091, 2353339.3145000003], [-17373917.384, 2353294.7721999995], [-17373964.2434, 2353277.0846999995], [-17373986.3579, 2353269.2267000005], [-17374026.0597, 2353253.503800001], [-17374078.9804, 2353233.782299999], [-17374079.9316, 2353233.4277999997], [-17374126.262000002, 2353216.162300002], [-17374200.194, 2353187.5394], [-17374200.1999, 2353187.5372], [-17374244.6924, 2353170.3117000014], [-17374358.4249, 2353127.1620000005], [-17374374.1893, 2353121.1810999997], [-17374377.9795, 2353119.7003999986], [-17374449.671, 2353091.6920999996], [-17374626.0044, 2353024.2151999995], [-17374663.9589, 2353010.5725000016], [-17375353.8543, 2353975.3291000016], [-17375304.5282, 2354004.6768000014], [-17375332.8833, 2354070.0709000006], [-17375454.0418, 2354099.667100001], [-17375532.8272, 2354176.4288999997], [-17375718.0744, 2354207.0091999993], [-17376087.818, 2354390.2019999996], [-17376072.2016, 2354372.520199999], [-17376058.552, 2354339.1275999993], [-17376043.597, 2354300.5025999993], [-17376027.9908, 2354261.865600001], [-17376011.0879, 2354219.306499999], [-17375996.133, 2354180.681400001], [-17375981.8258, 2354144.6673999988], [-17375969.481399998, 2354109.9668999985], [-17375955.1721, 2354075.2633000016], [-17375940.8649, 2354039.249499999], [-17375926.5688, 2354003.2360000014], [-17375916.1657, 2353977.0452999994], [-17375903.8055, 2353945.621199999], [-17375894.7115, 2353922.0527000017], [-17375881.0552, 2353886.695799999], [-17375868.7034, 2353857.2261999995], [-17375854.4001, 2353818.6026999988], [-17375836.8457, 2353776.699099999], [-17375820.593, 2353735.452300001], [-17375810.1911, 2353708.607000001], [-17375800.4355, 2353685.027399998], [-17375791.3303, 2353662.1147000007], [-17375784.1828, 2353643.780699998], [-17375775.0787, 2353620.213300001], [-17375769.8753, 2353608.4230999984], [-17375769.236, 2353600.5709000006], [-17375770.534, 2353589.4459000006], [-17375773.1476, 2353577.0018999986], [-17375771.8512, 2353565.8728], [-17375769.9041, 2353554.0984999985], [-17375766.0025, 2353542.965599999], [-17375759.4907, 2353535.1043], [-17375750.3859, 2353525.9397], [-17375739.9778, 2353517.417300001], [-17375734.779, 2353509.5689000003], [-17375730.8758, 2353499.746100001], [-17375725.6671, 2353491.232000001], [-17375720.4669, 2353477.476300001], [-17375718.5267, 2353468.3121999986], [-17375714.6293, 2353447.3625000007], [-17375708.776, 2353427.720400002], [-17375701.630599998, 2353408.087299999], [-17375698.3812, 2353396.3000999987], [-17375696.4339, 2353377.963199999], [-17375693.1808, 2353361.6011000015], [-17375689.9374, 2353345.894099999], [-17375680.8348, 2353314.4648], [-17375676.5169, 2353304.8297000006], [-17375640.3239, 2353214.832199998], [-17375643.0504, 2353128.1237000003], [-17375613.1682, 2353012.9444999993], [-17375573.6592, 2352825.9453000017], [-17375519.9606, 2352717.3541], [-17375427.3186, 2352558.793200001], [-17375387.1413, 2352392.631000001], [-17375350.391400002, 2352286.019200001], [-17375286.6555, 2352191.8060999997], [-17375228.8039, 2352137.5735], [-17375145.5922, 2352087.0419000015], [-17375135.5574, 2352074.671100002], [-17375188.5694, 2352221.1651999988], [-17375771.4874, 2353893.314199999], [-17375569.9072, 2354008.929200001], [-17375104.6144, 2353224.6455000006], [-17374629.054, 2352412.8456000015], [-17374426.1735, 2352028.025800001], [-17374521.4393, 2351992.5843], [-17374549.3335, 2351982.206799999], [-17374759.0658, 2351904.1807999983], [-17374807.210500002, 2351887.8037], [-17375048.5648, 2351812.3379000016], [-17375014.927, 2351724.3783], [-17375001.2332, 2351655.5813000016], [-17374960.8596, 2351549.7446000017], [-17374924.8912, 2351462.817499999], [-17374866.2545, 2351396.0890000015], [-17374807.277, 2351366.3724000007], [-17374764.5577, 2351369.1898999996], [-17374756.931900002, 2351355.672699999], [-17374751.078900002, 2351350.4334999993], [-17374743.2666, 2351341.9268000014], [-17374728.2945, 2351330.8095000014], [-17374699.6613, 2351303.3264000006], [-17374682.085, 2351284.9996999986], [-17374654.7418, 2351265.3792000003], [-17374633.9207, 2351253.598099999], [-17374619.597599998, 2351237.2413999997], [-17374607.2234, 2351210.4065000005], [-17374602.0163, 2351188.1581999995], [-17374593.5494, 2351161.3297000006], [-17374589.629, 2351128.6019], [-17374586.3777, 2351118.7815000005], [-17374583.7726, 2351105.0425999984], [-17374576.6038, 2351088.0207], [-17374576.609, 2351084.7454999983], [-17374565.5367, 2351065.1185999997], [-17374541.4575, 2351040.9076000005], [-17374503.7078, 2351013.4316000007], [-17374482.2224, 2350996.419399999], [-17374468.5596, 2350981.3636000007], [-17374449.0271, 2350951.2635999992], [-17374445.7712, 2350937.524099998], [-17374448.3654, 2350917.2316000015], [-17374452.2683, 2350899.561999999], [-17374454.8661, 2350883.8445999995], [-17374458.7641, 2350869.450199999], [-17374463.3065, 2350832.1402000003], [-17374463.9491, 2350796.7896], [-17374471.734, 2350727.4087000005], [-17374470.4201, 2350680.285700001], [-17374468.4557, 2350659.997299999], [-17374466.4986, 2350655.419399999], [-17374465.1998, 2350646.2575000003], [-17374458.0342, 2350627.2707], [-17374436.5555, 2350606.3396000005], [-17374404.6709, 2350583.4376999997], [-17374376.6768, 2350557.9211999997], [-17374326.561300002, 2350506.2324], [-17374312.234, 2350479.406300001], [-17374308.9859, 2350467.621100001], [-17374307.0185, 2350449.2980999984], [-17374308.319, 2350423.1196000017], [-17374318.0667, 2350389.072900001], [-17374316.7531, 2350362.2463000007], [-17374311.5425, 2350349.158500001], [-17374299.835, 2350333.4514000006], [-17374280.3056, 2350322.327399999], [-17374260.4879, 2350315.1433000006], [-17374243.0427, 2350310.3775000013], [-17374233.4528, 2350300.743999999], [-17374230.1966, 2350294.199000001], [-17374230.1857, 2350267.3638999984], [-17374233.4335, 2350238.5687999986], [-17374240.5807, 2350214.9987000003], [-17374251.6439, 2350219.5801], [-17374262.054899998, 2350224.8154999986], [-17374280.2804, 2350230.042100001], [-17374283.5333, 2350232.0122000016], [-17374291.3452, 2350240.5078999996], [-17374321.2767, 2350255.557], [-17374361.630400002, 2350275.830699999], [-17374377.8891, 2350275.824000001], [-17374409.7776, 2350288.9109999985], [-17374423.8601, 2350297.4996000007], [-17374431.8339, 2350304.7972999997], [-17374437.5023, 2350306.8869000003], [-17374446.8707, 2350305.2595999986], [-17374455.9868, 2350305.9076000005], [-17374467.0136, 2350309.0868000016], [-17374477.5238, 2350316.6961999983], [-17374491.3701, 2350326.300999999], [-17374498.5736, 2350332.557500001], [-17374507.5881, 2350337.522500001], [-17374523.5814, 2350339.3979], [-17374541.931, 2350338.6099000014], [-17374552.9442, 2350338.6088000014], [-17374601.0904, 2350332.0480000004], [-17374614.7527, 2350326.8077999987], [-17374622.5587, 2350325.488400001], [-17374631.0209, 2350320.9058], [-17374730.5612, 2350285.5282000005], [-17374771.0404, 2350262.2324], [-17374805.2962, 2350244.014199998], [-17374820.1612, 2350230.3112999983], [-17374843.0102, 2350214.9177], [-17374863.0221, 2350196.0747000016], [-17374865.3816, 2350173.7282], [-17374879.728, 2350145.693500001], [-17374892.3566, 2350119.9450000003], [-17374914.143, 2350087.6473000012], [-17374930.3295, 2350069.928100001], [-17374957.0893, 2350043.5144000016], [-17374982.5897, 2350022.397999998], [-17375004.0328, 2350008.7523999996], [-17375039.1349, 2349990.4778999984], [-17375067.400200002, 2349976.5452000014], [-17375111.2157, 2349961.310800001], [-17375161.2634, 2349950.8139999993], [-17375192.611, 2349942.5221000016], [-17375208.6983, 2349932.7342000008], [-17375217.6027, 2349924.978], [-17375222.8074, 2349921.045000002], [-17375237.7215, 2349901.0135000013], [-17375251.8701, 2349873.3035000004], [-17375267.2904, 2349830.0549999997], [-17375280.7303, 2349799.8506000005], [-17375287.8761, 2349795.8216999993], [-17375308.6651, 2349791.530099999], [-17375326.9849, 2349784.1105999984], [-17375331.2491, 2349779.9989], [-17375336.0073, 2349775.410500001], [-17375344.9989, 2349775.4428000003], [-17375360.1625, 2349783.6064999998], [-17375375.7684, 2349775.8115999997], [-17375416.4418, 2349738.8973000012], [-17375472.2954, 2349818.3073000014], [-17375482.4516, 2349828.2128], [-17375495.4584, 2349846.541200001], [-17375498.4686, 2349865.1941], [-17375499.9779, 2349876.7393999994], [-17375508.4563, 2349906.114500001], [-17375518.8567, 2349918.5544999987], [-17375520.16, 2349925.095400002], [-17375527.304899998, 2349951.2754000016], [-17375545.0975, 2349989.015999999], [-17375545.5125, 2349989.8960999995], [-17375560.4529, 2350028.5221999995], [-17375568.9085, 2350042.2694000006], [-17375592.9811, 2350063.8790999986], [-17375643.0642, 2350095.965500001], [-17375678.1918, 2350113.650600001], [-17375734.148000002, 2350123.4857], [-17375748.1807, 2350129.5073999986], [-17375769.279600002, 2350138.5612999983], [-17375780.9864, 2350148.3828000017], [-17375797.8982, 2350168.6717000008], [-17375807.5601, 2350185.0535999984], [-17375822.6132, 2350210.5775999986], [-17375829.759, 2350229.552099999], [-17375840.5625, 2350285.9345999993], [-17375840.7969, 2350287.158399999], [-17375847.9503, 2350308.1094000004], [-17375862.2583, 2350334.9444999993], [-17375865.5082, 2350346.0744000003], [-17375880.454, 2350374.8761], [-17375907.13, 2350404.9941999987], [-17375970.867, 2350467.201200001], [-17376011.842, 2350516.3051000014], [-17376024.8486, 2350535.289000001], [-17376041.759, 2350556.899099998], [-17376058.6665, 2350580.463100001], [-17376070.3767, 2350595.525199998], [-17376086.6301, 2350621.0533000007], [-17376099.639, 2350645.9327000007], [-17376100.2894, 2350653.783599999], [-17376104.8331, 2350670.8004], [-17376108.7341, 2350704.1821000017], [-17376114.5755, 2350724.476], [-17376123.6727, 2350752.6248999983], [-17376136.0277, 2350801.0643000007], [-17376146.4289, 2350827.905000001], [-17376167.8887, 2350863.2567999996], [-17376181.5352, 2350890.1022000015], [-17376191.2924, 2350905.161800001], [-17376201.0443, 2350923.4860999994], [-17376216.6576, 2350941.8189999983], [-17376236.0627, 2350960.1334999986], [-17376237.4787, 2350961.469900001], [-17376261.5446, 2350981.7591999993], [-17376312.9359, 2351026.949099999], [-17376345.4545, 2351063.6169999987], [-17376353.9066, 2351080.6290000007], [-17376354.5493, 2351115.3275999986], [-17376348.6801, 2351157.2115], [-17376347.3625, 2351189.286899999], [-17376349.3146, 2351197.7947000004], [-17376357.7676, 2351221.357900001], [-17376375.9662, 2351260.6358000003], [-17376398.726999998, 2351297.3004], [-17376408.4892, 2351309.084899999], [-17376417.5941, 2351317.6037999988], [-17376450.7808, 2351335.941399999], [-17376503.4824, 2351354.9415000007], [-17376535.3591, 2351371.311900001], [-17376550.3187, 2351384.414099999], [-17376556.8246, 2351396.1937000006], [-17376568.53, 2351415.1871000007], [-17376573.7269, 2351431.5505000018], [-17376576.326700002, 2351449.8751000017], [-17376581.517, 2351478.030099999], [-17376588.0151, 2351517.3018999994], [-17376591.2675, 2351527.1224000007], [-17376594.5073, 2351560.5047000013], [-17376596.4481, 2351584.0691], [-17376599.7021, 2351600.4298], [-17376600.3496, 2351617.4527000003], [-17376603.59, 2351635.7784], [-17376612.0396, 2351669.168200001], [-17376613.6748, 2351673.3387], [-17376621.7937, 2351694.044300001], [-17376645.2079, 2351722.849300001], [-17376664.7232, 2351752.9695999995], [-17376681.6289, 2351786.3616000004], [-17376705.0447, 2351836.1196000017], [-17376717.3993, 2351864.2643], [-17376731.0446, 2351893.0764000006], [-17376741.4503, 2351917.9536000006], [-17376744.7045, 2351941.5209], [-17376751.2042, 2351957.8869000003], [-17376762.2619, 2351974.9034], [-17376776.565700002, 2352006.326699998], [-17376787.6251, 2352022.044300001], [-17376797.378399998, 2352040.3803000003], [-17376797.3713, 2352060.0117000006], [-17376788.9012, 2352077.032299999], [-17376771.3285, 2352098.6251999997], [-17376759.6013, 2352123.4912], [-17376759.6012, 2352145.7544], [-17376762.8507, 2352150.3341999985], [-17376769.3558, 2352155.574000001], [-17376807.7489, 2352170.644699998], [-17376831.1688, 2352173.9224000014], [-17376842.8796, 2352182.434700001], [-17376847.4348, 2352192.2573999986], [-17376847.4222, 2352215.8200999983], [-17376844.1729, 2352225.641899999], [-17376830.4945, 2352241.3445999995], [-17376800.5541, 2352272.7567000017], [-17376781.0192, 2352292.3817000017], [-17376775.8133, 2352304.166099999], [-17376774.5057, 2352329.692499999], [-17376777.7587, 2352339.5135000013], [-17376787.4974, 2352389.918400001], [-17376791.3925, 2352427.8894000016], [-17376793.9903, 2352440.329399999], [-17376807.6447, 2352485.499499999], [-17376807.6271, 2352512.3379999995], [-17376804.3777, 2352522.160500001], [-17376803.7062, 2352558.1591], [-17376805.6642, 2352569.9437999986], [-17376815.4135, 2352583.6942999996], [-17376832.9826, 2352602.0317], [-17376860.3089, 2352628.8786000013], [-17376881.1111, 2352670.7732999995], [-17376893.4662, 2352698.9301000014], [-17376898.67, 2352725.765999999], [-17376896.0538, 2352748.0260000005], [-17376885.6345, 2352791.2282], [-17376891.4697, 2352846.2146999985], [-17376982.4963, 2352952.7375999987], [-17377011.1156, 2352996.587000001], [-17377055.6965, 2353085.5031999983], [-17377100.2475, 2353124.593699999], [-17377176.2057, 2353162.974100001], [-17377233.3488, 2353251.399], [-17377254.4355, 2353398.8839000016], [-17377284.0097, 2353446.5610000007], [-17377314.034, 2353530.077399999], [-17377376.6027, 2353643.643100001], [-17377457.4018, 2353757.201299999], [-17377596.1943, 2353917.019200001], [-17377624.3648, 2354015.3625000007], [-17377653.2725, 2354131.1055999994], [-17377720.8172, 2354203.5161999986], [-17377764.1525, 2354291.7815999985], [-17377781.9201, 2354327.9712000005], [-17377812.3057, 2354418.6367999986], [-17377814.0077, 2354425.6162], [-17377898.6611, 2354699.6977999993], [-17377968.7626, 2354904.1994999982], [-17377958.2509, 2354988.8090000004], [-17377959.9044, 2355028.4745999984], [-17378000.437, 2355015.4343000017], [-17378030.3812, 2355014.134300001], [-17378055.7673, 2355019.3803000003], [-17378087.0008, 2355027.899700001], [-17378106.5357, 2354994.5218], [-17378125.4196, 2354976.1917000003], [-17378147.5482, 2354966.3841999993], [-17378182.6987, 2354953.2972999997], [-17378212.6453, 2354934.971999999], [-17378230.8685, 2354923.1933000013], [-17378251.707, 2354912.0733999982], [-17378283.5946, 2354910.775600001], [-17378319.3928, 2354923.2217999995], [-17378338.271, 2354908.8227999993], [-17378368.8619, 2354887.8773999996], [-17378402.7153, 2354878.0645000003], [-17378441.7665, 2354878.0764000006], [-17378469.1022, 2354878.7375999987], [-17378483.4165, 2354882.6783000007], [-17378510.747, 2354895.1226999983], [-17378530.2741, 2354905.601399999], [-17378542.6404, 2354912.8048], [-17378573.2176, 2354933.1055999994], [-17378597.9532, 2354945.5571000017], [-17378635.0448, 2354949.4970999993], [-17378660.4339, 2354952.7764], [-17378670.195100002, 2354959.976], [-17378685.159, 2354980.9318000004], [-17378707.2821, 2355014.3257], [-17378737.8671, 2355028.7397999987], [-17378751.534, 2355045.7624000013], [-17378758.6933, 2355050.348299999], [-17378768.4522, 2355043.1543000005], [-17378791.237, 2355022.2080000006], [-17378808.811, 2355016.3137000017], [-17378834.8516, 2355011.7415999994], [-17378856.3272, 2355018.9466999993], [-17378869.3372, 2355024.184799999], [-17378893.4158, 2355049.074000001], [-17378927.9188, 2355040.5714000016], [-17378943.5345, 2355037.961199999], [-17378957.2031, 2355045.8211000003], [-17378981.9282, 2355066.7687], [-17378996.898000002, 2355091.656100001], [-17379007.314, 2355088.383200001], [-17379040.514200002, 2355056.311999999], [-17379060.0407, 2355043.8786000013], [-17379091.9356, 2355045.2003999986], [-17379117.3155, 2355055.675999999], [-17379129.0361, 2355051.094999999], [-17379138.1456, 2355034.7261999995], [-17379158.98, 2355018.3740999997], [-17379190.8691, 2355016.4087999985], [-17379207.7979, 2355013.8002000004], [-17379255.3165, 2354998.751699999], [-17379289.1595, 2354996.789099999], [-17379313.8862, 2355016.4365000017], [-17379320.3899, 2355015.789900001], [-17379334.064, 2355004.0036000013], [-17379355.5512, 2354986.3310000002], [-17379372.4761, 2354986.9877000004], [-17379389.3957, 2354999.4384000003], [-17379405.6612, 2355030.213199999], [-17379417.3629, 2355047.8878000006], [-17379423.225, 2355056.4032000005], [-17379428.4375, 2355047.2371999994], [-17379429.0822, 2355036.1094999984], [-17379437.5562, 2354999.4496], [-17379451.8801, 2354971.9494000003], [-17379470.7545, 2354960.1699], [-17379497.4482, 2354954.2870999984], [-17379528.035, 2354951.6746999994], [-17379540.3987, 2354945.1284000017], [-17379557.332, 2354922.8735000007], [-17379572.3081, 2354903.2366000004], [-17379580.7643, 2354896.029599998], [-17379596.3883, 2354886.8665999994], [-17379611.3644, 2354875.092500001], [-17379648.4579, 2354869.8572999984], [-17379665.3872, 2354875.100200001], [-17379675.7975, 2354884.2657000013], [-17379686.2102, 2354891.4761999995], [-17379693.3669, 2354890.1646], [-17379708.9909, 2354864.6314000003], [-17379728.5277, 2354852.1975999996], [-17379753.9058, 2354839.115699999], [-17379783.1976, 2354830.6044999994], [-17379815.0909, 2354816.8654000014], [-17379849.5945, 2354807.7058000006], [-17379918.5848, 2354793.972600002], [-17379938.115000002, 2354794.632100001], [-17379951.7775, 2354799.215], [-17379959.5892, 2354786.775899999], [-17379966.7594, 2354757.966499999], [-17379975.2165, 2354750.1147000007], [-17379999.2993, 2354731.1339999996], [-17380026.6401, 2354720.0095999986], [-17380040.9599, 2354720.007100001], [-17380054.6318, 2354725.9004000016], [-17380068.9472, 2354729.1843999997], [-17380078.0562, 2354720.6675999984], [-17380081.3146, 2354702.9915999994], [-17380093.689, 2354679.4305999987], [-17380107.3519, 2354675.5062000006], [-17380130.783, 2354673.5392999984], [-17380148.3566, 2354676.1613], [-17380163.9746, 2354687.954], [-17380180.2476, 2354722.0040000007], [-17380192.6054, 2354744.9208000004], [-17380199.7608, 2354752.7710000016], [-17380206.9267, 2354744.2624999993], [-17380212.7909, 2354725.934799999], [-17380216.0474, 2354701.0511000007], [-17380224.5109, 2354687.957800001], [-17380240.7794, 2354675.5295], [-17380258.3604, 2354672.2547999993], [-17380276.5777, 2354672.2569000013], [-17380296.7628, 2354670.296], [-17380309.7765, 2354655.8979], [-17380327.3519, 2354648.702399999], [-17380342.9672, 2354646.0801], [-17380367.7008, 2354644.1251999997], [-17380383.9827, 2354638.2276999988], [-17380399.6026, 2354640.2025999986], [-17380419.1269, 2354645.4373999983], [-17380433.4441, 2354638.8929000013], [-17380444.5037, 2354633.0097999983], [-17380460.134, 2354627.1114999987], [-17380484.8604, 2354622.5352], [-17380495.2783, 2354617.296100002], [-17380513.5005, 2354604.8594999984], [-17380526.5197, 2354603.5551000014], [-17380540.1878, 2354603.5615999997], [-17380547.9972, 2354617.9651000015], [-17380558.4136, 2354639.568599999], [-17380561.6599, 2354648.079999998], [-17380568.820100002, 2354652.0095999986], [-17380577.2784, 2354642.8473000005], [-17380590.306, 2354634.335099999], [-17380602.6652, 2354648.089299999], [-17380622.1849, 2354665.7624999993], [-17380641.0683, 2354671.0067999996], [-17380648.8749, 2354653.336199999], [-17380667.7523, 2354621.2544], [-17380680.123800002, 2354625.1799999997], [-17380698.3452, 2354621.916200001], [-17380704.8562, 2354606.8544999994], [-17380710.7228, 2354569.5359000005], [-17380719.828900002, 2354554.4880000018], [-17380739.3582, 2354547.2837999985], [-17380749.7746, 2354543.354699999], [-17380756.2867, 2354519.1308000013], [-17380758.6964, 2354491.3357000016], [-17380758.8979, 2354489.0157000013], [-17380754.9965, 2354466.0997], [-17380749.1327, 2354432.7190000005], [-17380743.9336, 2354397.3629], [-17380746.5479, 2354364.6272], [-17380756.9677, 2354306.358600002], [-17380758.2745, 2354242.8586999997], [-17380760.2364, 2354202.270300001], [-17380764.1498, 2354138.107999999], [-17380770.666699998, 2354066.7525000013], [-17380777.177, 2354000.6281999983], [-17380786.2973, 2353939.0940000005], [-17380806.4868, 2353803.579500001], [-17380849.8383, 2353801.340399999], [-17380895.0023, 2353799.0075999983], [-17380937.064, 2353795.532900002], [-17380950.3306, 2353794.436999999], [-17380968.5389, 2353792.9406000003], [-17381196.9959, 2353774.164000001], [-17381448.2134, 2353759.7901999988], [-17381877.7712, 2353731.0194000006], [-17381922.6764, 2353727.7432999983], [-17382174.5514, 2353708.1182000004], [-17382477.195100002, 2353683.9078], [-17382623.6327, 2353675.409499999], [-17382884.617200002, 2353654.4629999995], [-17382988.747, 2353647.266399998], [-17383027.794, 2353640.0604999997], [-17383104.601, 2353727.1281000003], [-17383208.7308, 2353846.277800001], [-17383338.2566, 2353992.932599999], [-17383434.582, 2354103.5676000006], [-17383551.0845, 2354229.9290000014], [-17383701.4379, 2354407.3500999995], [-17383847.2447, 2354574.9497000016], [-17384006.0646, 2354749.094700001], [-17384151.8729, 2354920.6268999986], [-17384197.4388, 2354972.3444], [-17384319.8136, 2355109.832800001], [-17384488.4077, 2355300.350900002], [-17384658.9581, 2355492.8268], [-17384832.1199, 2355693.1702000014], [-17384992.9166, 2355873.2184000015], [-17385039.787, 2355926.9032999985], [-17385117.9043, 2356013.3200000003], [-17385074.8835, 2352901.9584], [-17384780.1664, 2349912.468800001], [-17385050.819, 2349497.8729000017], [-17385554.384999998, 2349004.4488000013], [-17385487.811300002, 2348765.460000001], [-17385745.64, 2348247.706799999], [-17385825.6924, 2347728.8685000017], [-17385847.5389, 2347717.8946], [-17385866.4481, 2347615.5559], [-17385892.84, 2347472.7179000005], [-17385898.8358, 2347472.445700001], [-17385917.0502, 2347467.866799999], [-17385924.8613, 2347459.3592999987], [-17385932.0149, 2347445.611299999], [-17385946.3231, 2347429.2501000017], [-17385955.4333, 2347424.0078000017], [-17385976.9017, 2347422.041200001], [-17385985.3554, 2347410.9142999984], [-17385989.9094, 2347403.7139], [-17386000.3194, 2347401.092599999], [-17386012.677699998, 2347404.3572999984], [-17386140.8539, 2347397.1416000016], [-17386252.7596, 2347392.5297], [-17386287.2433, 2347387.289099999], [-17386367.263, 2347384.000599999], [-17386390.0385, 2347388.5736000016], [-17386498.6977, 2347410.1460999995], [-17386553.3503, 2347423.874499999], [-17386634.69, 2347449.3839999996], [-17386666.5695, 2347455.9191999994], [-17386674.3855, 2347465.7294999994], [-17386678.9444, 2347489.2916], [-17386684.7965, 2347499.110800002], [-17386703.0212, 2347507.6094999984], [-17386707.5813, 2347517.4279000014], [-17386710.832, 2347535.7487999983], [-17386716.0387, 2347550.807500001], [-17386721.2514, 2347559.3057000004], [-17386739.4696, 2347575.6642000005], [-17386773.9584, 2347589.406399999], [-17386785.6662, 2347592.0152000003], [-17386743.3955, 2347664.0166000016], [-17386729.7437, 2347687.5845], [-17386731.0414, 2347705.2490000017], [-17386734.302, 2347724.2360000014], [-17386738.2116, 2347745.832899999], [-17386741.4678, 2347770.0385], [-17386748.6429, 2347817.161699999], [-17386750.5973, 2347828.287999999], [-17386759.0686, 2347882.606899999], [-17386770.798299998, 2347958.522599999], [-17386776.0096, 2347993.2102000006], [-17386779.2692, 2348013.497200001], [-17386807.944, 2348196.0879000016], [-17386813.1586, 2348226.846099999], [-17386826.8439, 2348313.2452000007], [-17386833.3574, 2348360.3583000004], [-17386842.4775, 2348417.9547000006], [-17386848.3411, 2348451.333900001], [-17386859.4219, 2348525.2864000015], [-17386871.1556, 2348597.2853999995], [-17386878.9735, 2348642.435800001], [-17386882.8871, 2348671.8944999985], [-17386888.7493, 2348707.2278999984], [-17386898.5267, 2348770.066300001], [-17386906.9996, 2348823.0780999996], [-17386913.5179, 2348865.6184], [-17386916.1256, 2348886.5603], [-17386918.7355, 2348905.5375000015], [-17386925.2438, 2348946.7784], [-17386932.4131, 2348988.6644], [-17386940.2374, 2349039.0560999997], [-17386944.803, 2349067.8500000015], [-17386949.3612, 2349092.724199999], [-17386955.2215, 2349130.035], [-17386962.3991, 2349175.8409], [-17386970.2198, 2349230.1743], [-17386978.6824, 2349283.1871999986], [-17386985.8533, 2349323.7639000006], [-17387067.3222, 2349852.6132000014], [-17387077.7514, 2349916.101300001], [-17387086.224, 2349970.4274000004], [-17387090.7822, 2349995.9477000013], [-17387092.0946, 2350009.039999999], [-17387096.0052, 2350029.9847999997], [-17387102.5227, 2350073.8390999995], [-17387109.6857, 2350124.2441999987], [-17387118.1679, 2350179.881099999], [-17387125.9787, 2350221.771299999], [-17387129.893600002, 2350250.5667999983], [-17387133.8018, 2350274.7874], [-17387142.929700002, 2350336.965599999], [-17387148.7923, 2350372.3139000013], [-17387155.3103, 2350415.513799999], [-17387162.4821, 2350456.0934999995], [-17387166.3978, 2350483.5901999995], [-17387170.3059, 2350507.8002000004], [-17387182.0369, 2350585.038400002], [-17387191.8167, 2350646.574000001], [-17387199.6415, 2350697.6259999983], [-17387202.8987, 2350721.1915000007], [-17387206.8098, 2350742.1374999993], [-17387213.9735, 2350791.8784999996], [-17387219.8444, 2350830.503800001], [-17387223.7595, 2350859.299899999], [-17387228.3127, 2350878.281199999], [-17387232.8749, 2350899.227499999], [-17387241.345399998, 2350931.958900001], [-17387246.5564, 2350955.5265000015], [-17387251.1176, 2350977.7831999995], [-17387256.33, 2351000.030299999], [-17387265.4531, 2351043.8885000013], [-17387275.2177, 2351086.4371999986], [-17387283.0349, 2351121.7782000005], [-17387288.903, 2351151.2426999994], [-17387294.115000002, 2351174.1446], [-17387298.6784, 2351193.781199999], [-17387308.451, 2351239.6061999984], [-17387322.7879, 2351304.412799999], [-17387332.5605, 2351350.2272000015], [-17387340.3768, 2351386.8790000007], [-17387348.1954, 2351420.265900001], [-17387365.1376, 2351497.5122999996], [-17387376.8584, 2351550.524599999], [-17387386.6339, 2351593.0746], [-17387392.4926, 2351621.8742999993], [-17387397.7045, 2351644.7874], [-17387410.7436, 2351704.3532], [-17387421.8165, 2351753.4455999993], [-17387430.2824, 2351792.0747000016], [-17387436.8028, 2351820.875], [-17387442.6624, 2351848.364500001], [-17387447.2241, 2351870.6224000007], [-17387456.9984, 2351915.127799999], [-17387468.7294, 2351968.8077999987], [-17387478.5029, 2352013.9793], [-17387485.016400002, 2352038.8489000015], [-17387490.226999998, 2352063.7283000015], [-17387494.7893, 2352085.3313999996], [-17387503.2643, 2352125.9158999994], [-17387512.3802, 2352166.5012000017], [-17387522.1543, 2352211.662700001], [-17387531.932, 2352252.2489], [-17387539.0913, 2352283.6711999997], [-17387543.662299998, 2352307.2399999984], [-17387561.9034, 2352390.3770999983], [-17387573.6347, 2352444.7025000006], [-17387574.9327, 2352449.9450000003], [-17387584.0598, 2352489.8759000003], [-17387589.921, 2352516.0557999983], [-17387594.4833, 2352537.659499999], [-17387606.8628, 2352595.272599999], [-17387619.2359, 2352648.288800001], [-17387629.671, 2352694.7732999995], [-17387636.839, 2352728.8060999997], [-17387642.6983, 2352756.9629000016], [-17387658.3344, 2352827.661899999], [-17387670.0667, 2352880.689100001], [-17387680.492, 2352926.508200001], [-17387688.3105, 2352961.2082], [-17387694.1747, 2352984.1130000018], [-17387718.9333, 2353100.641899999], [-17387731.3136, 2353158.246100001], [-17387737.8262, 2353184.4382999986], [-17387741.7474, 2353206.6867999993], [-17387756.077, 2353269.534499999], [-17387766.5009, 2353317.331099998], [-17387777.5768, 2353364.462000001], [-17387786.0528, 2353405.0496999994], [-17387792.5651, 2353431.8867999986], [-17387801.6894, 2353475.7512999997], [-17387814.7206, 2353534.0122999996], [-17387823.8424, 2353581.153099999], [-17387834.272, 2353622.3981], [-17387840.7831, 2353650.5458000004], [-17387851.865000002, 2353703.575199999], [-17387855.1197, 2353718.626600001], [-17387868.8078, 2353782.7864999995], [-17387878.5853, 2353825.341600001], [-17387885.1036, 2353858.0656000003], [-17387890.9662, 2353882.9481000006], [-17387901.3895, 2353932.045600001], [-17387909.8573, 2353970.0135000013], [-17387918.9845, 2354011.258299999], [-17387926.1562, 2354041.373300001], [-17387933.3168, 2354072.1433999985], [-17387938.5363, 2354099.646400001], [-17387947.6535, 2354140.2360999994], [-17387961.9917, 2354207.0080999993], [-17387970.4699, 2354245.6317000017], [-17387978.2911, 2354278.3685999997], [-17387984.8008, 2354308.4833000004], [-17387990.6655, 2354331.400600001], [-17388000.4483, 2354380.4989], [-17388010.2129, 2354425.6763000004], [-17388018.6928, 2354462.335099999], [-17388025.8597, 2354498.9926000014], [-17388033.6796, 2354533.039900001], [-17388040.8487, 2354566.4321000017], [-17388049.9741, 2354610.2993], [-17388061.7013, 2354658.7448000014], [-17388070.8278, 2354701.3016999997], [-17388077.9974, 2354734.6831], [-17388083.8602, 2354759.5667000003], [-17388089.0715, 2354785.0940999985], [-17388101.4559, 2354839.4382000007], [-17388113.1889, 2354893.781800002], [-17388122.3045, 2354936.9835], [-17388132.0804, 2354982.1625000015], [-17388137.9533, 2355008.3464], [-17388148.3777, 2355056.8026], [-17388160.1127, 2355109.1812000014], [-17388170.538, 2355156.971500002], [-17388176.4003, 2355183.155299999], [-17388181.6114, 2355208.6939000003], [-17388188.134999998, 2355235.5342000015], [-17388199.21, 2355285.9464000016], [-17388211.5958, 2355338.9816999994], [-17388222.021, 2355387.4277000017], [-17388229.837700002, 2355426.053100001], [-17388236.3593, 2355455.514899999], [-17388247.4433, 2355507.8938000016], [-17388258.5189, 2355557.007199999], [-17388269.5934, 2355608.0757], [-17388276.1079, 2355633.605300002], [-17388285.8845, 2355678.7754000016], [-17388298.926, 2355740.3205000013], [-17388310.6511, 2355792.0447999984], [-17388320.4356, 2355839.8473000005], [-17388328.2469, 2355872.5760000013], [-17388334.1186, 2355900.0823], [-17388351.7155, 2355979.303100001], [-17388365.4052, 2356044.125500001], [-17388373.2162, 2356077.5097000003], [-17388373.8759, 2356080.1312999986], [-17388490.3891, 2356083.3773000017], [-17388720.8307, 2356090.509300001], [-17388892.2969, 2356098.4003], [-17388955.4338, 2356099.7410000004], [-17389107.755, 2356103.087200001], [-17389155.9198, 2356103.7597000003], [-17389187.1674, 2356105.0846000016], [-17389245.755, 2356106.4206999987], [-17389415.6452, 2356109.112399999], [-17389646.0772, 2356113.793400001], [-17389696.8474, 2356115.1328000017], [-17389946.1618, 2356119.8143000007], [-17390011.2533, 2356121.8077000007], [-17390105.64, 2356123.1466999985], [-17390211.0897, 2356125.8143999986], [-17390336.725, 2356127.8198999986], [-17390476.6805, 2356131.156300001], [-17390532.6629, 2356132.4860999994], [-17390567.1583, 2356133.1448], [-17390798.8961, 2356137.8136], [-17391067.084, 2356143.1493999995], [-17391124.3698, 2356144.4789000005], [-17391384.1002, 2356149.8040999994], [-17391466.7722, 2356151.138799999], [-17391485.643, 2356151.8068999983], [-17391681.5839, 2356155.795499999], [-17391714.777, 2356156.462000001], [-17391869.708300002, 2356159.1319000013], [-17391980.3715, 2356162.4382999986], [-17392177.6063, 2356165.7666000016], [-17392403.7482, 2356170.8132999986], [-17392482.257799998, 2356173.0494000018], [-17392492.0148, 2356179.608600002], [-17392531.070100002, 2356199.260499999], [-17392662.5506, 2356270.0097000003], [-17392816.1552, 2356351.2459000014], [-17392971.7148, 2356433.793400001], [-17393137.6955, 2356523.544500001], [-17393303.0174, 2356610.6724999994], [-17393572.5625, 2356755.296100002], [-17393666.2994, 2356803.770199999], [-17393720.3259, 2356833.8933999985], [-17393750.2756, 2356850.2727000006], [-17393860.2844, 2356909.219700001], [-17393863.7206, 2356912.137699999], [-17393889.5785, 2356934.096500002], [-17393920.1756, 2356958.3297000006], [-17393949.4591, 2356982.561999999], [-17393995.6859, 2357019.9004000016], [-17394027.5748, 2357046.0890999995], [-17394097.2255, 2357101.7580999993], [-17394123.9148, 2357124.033599999], [-17394148.0003, 2357143.6757999994], [-17394159.1275, 2357152.564100001], [-17394201.9198, 2357186.7468999997], [-17394214.4062, 2357196.7214], [-17394276.8949, 2357245.188099999], [-17394301.631, 2357266.796100002], [-17394372.975, 2357324.2978000008], [-17394422.7109, 2357364.3828000017], [-17394338.0718, 2357492.728], [-17394302.2616, 2357547.083999999], [-17394215.6656, 2357676.083900001], [-17394192.8754, 2357710.1301999986], [-17394082.8329, 2357878.4199], [-17394045.7167, 2357934.7419999987], [-17393940.2379, 2358092.548700001], [-17393920.043899998, 2358123.3302999996], [-17393845.1693, 2358235.308600001], [-17393761.816, 2358360.3795999996], [-17393649.1686, 2358529.3253999986], [-17393513.7129, 2358736.2619000003], [-17393424.5048, 2358871.8071000017], [-17393344.4039, 2358993.615600001], [-17393295.5565, 2359064.340500001], [-17393275.368, 2359099.0452999994], [-17393195.9213, 2359214.9563000016], [-17393164.6613, 2359258.1746000014], [-17393069.5786, 2359402.2388000004], [-17393020.0857, 2359476.2413999997], [-17393007.7141, 2359496.542100001], [-17392953.6624, 2359582.985199999], [-17393008.3353, 2359664.8541], [-17393100.1199, 2359795.206599999], [-17393135.9157, 2359846.9455000013], [-17393225.7493, 2359974.0205000006], [-17393271.9634, 2360039.5201000012], [-17393359.193, 2360165.9393000007], [-17393400.1989, 2360224.8924000002], [-17393488.7332, 2360352.6246000007], [-17393508.9181, 2360379.479200002], [-17393530.3916, 2360412.2342000008], [-17393618.9296, 2360537.3451000005], [-17393638.4616, 2360566.1664000005], [-17393658.634999998, 2360594.332199998], [-17393741.313699998, 2360712.896400001], [-17393771.2648, 2360755.467799999], [-17393876.0716, 2360905.477600001], [-17393918.3932, 2360968.355700001], [-17394014.740000002, 2361103.2956999987], [-17394051.8535, 2361157.6711999997], [-17394144.2926, 2361291.954500001], [-17394182.7094, 2361348.286699999], [-17394237.3968, 2361423.6169000007], [-17394204.822499998, 2361519.2404000014], [-17394165.7425, 2361631.2489], [-17394118.1857, 2361768.797600001], [-17394056.9492, 2361948.2619000003], [-17394033.5017, 2362015.726599999], [-17393982.0326, 2362169.6532999985], [-17393959.2291, 2362230.5634000003], [-17393907.77, 2362383.1810000017], [-17393876.494400002, 2362478.8093000017], [-17393841.970399998, 2362574.4367000014], [-17393821.7709, 2362637.9822000004], [-17393811.3465, 2362668.1105999984], [-17393774.211, 2362769.6371], [-17393744.8935, 2362857.4124], [-17393735.7724, 2362887.5418], [-17393686.9029, 2363026.3977000006], [-17393661.490199998, 2363103.697900001], [-17393617.1915, 2363227.5012000017], [-17393586.5638, 2363323.1334999986], [-17393535.7456, 2363464.613499999], [-17393486.8772, 2363612.651299998], [-17393445.8191, 2363725.9800999984], [-17393420.4068, 2363799.9937999994], [-17393391.7401, 2363883.1840000004], [-17393370.8861, 2363945.421599999], [-17393360.4568, 2363980.1407000013], [-17393314.1919, 2364113.771299999], [-17393256.8534, 2364285.3894000016], [-17393184.5219, 2364491.081700001], [-17393132.384999998, 2364645.0254000016], [-17393116.2864, 2364693.8396000005], [-17393101.8845, 2364737.5088], [-17393092.632600002, 2364765.5628000014], [-17393046.3986, 2364732.793400001], [-17393017.1011, 2364715.1044000015], [-17392883.6027, 2364635.1471999995], [-17392851.0489, 2364614.1779000014], [-17392820.4388, 2364595.1763999984], [-17392742.3167, 2364548.2269], [-17392721.3284, 2364535.6132000014], [-17392686.3016, 2364514.563000001], [-17392656.9949, 2364496.2179999985], [-17392625.7439, 2364477.2161], [-17392493.5624, 2364399.2258], [-17392460.9976, 2364380.2228000015], [-17392428.445, 2364359.2529000007]]]]}}, {"type": "Feature", "properties": {"OBJECTID": 324, "CreationDate": "2025-01-14T11:11:13Z", "Creator": "NPS_WASO_LANDS", "EditDate": "2025-01-14T11:11:13Z", "Editor": "NPS_WASO_LANDS", "GlobalID": "{5F21FD05-B534-4C36-B7F7-FF2BB988FE83}", "AreaID": 339, "UNIT_CODE": "HAVO", "GIS_Notes": "Lands - http://landsnet.nps.gov/tractsnet/documents/HAVO/Metadata/havo_metadata.xml", "UNIT_NAME": "Hawai'i Volcanoes National Park", "DATE_EDIT": "2022-03-03T00:00:00Z", "STATE": "HI", "REGION": "PW", "GNIS_ID": "365210", "UNIT_TYPE": "National Park", "CREATED_BY": "Lands", "METADATA": "https://irma.nps.gov/DataStore/Reference/Profile/2165326", "PARKNAME": "Hawaii Volcanoes", "SHAPE_Length": 359284.75274574803, "SHAPE_Area": 1682971752.901105}, "geometry": {"type": "MultiPolygon", "coordinates": [[[[-17332825.8239, 2162724.076699998], [-17332625.7181, 2162676.2443999983], [-17332574.0013, 2162661.194699999], [-17332371.8963, 2162498.9820999987], [-17332325.1142, 2162468.4375], [-17331791.8963, 2162149.0698999986], [-17331683.4295, 2162016.6862999983], [-17331649.4912, 2161992.5099], [-17331536.395, 2161951.4296000004], [-17331483.1325, 2161939.2038000003], [-17331494.4168, 2161927.8812000006], [-17332382.0484, 2161988.4869999997], [-17332436.240199998, 2161992.5722999983], [-17332490.369599998, 2161997.4263000004], [-17332544.425499998, 2162003.047699999], [-17332598.3972, 2162009.4356999993], [-17332652.2739, 2162016.5889], [-17332706.045, 2162024.5058999993], [-17332759.6997, 2162033.1849999987], [-17332813.2277, 2162042.6248000003], [-17332866.6175, 2162052.8231999986], [-17332919.8595, 2162063.7782000005], [-17332972.9426, 2162075.4871999994], [-17333025.8562, 2162087.9486000016], [-17333078.589900002, 2162101.159600001], [-17333131.133, 2162115.1176999994], [-17333183.4753, 2162129.8198000006], [-17333235.606399998, 2162145.2632], [-17333287.5158, 2162161.4448000006], [-17333339.193, 2162178.3616000004], [-17333390.628200002, 2162196.0097999983], [-17333441.8108, 2162214.3861999996], [-17334072.5586, 2162445.8938000016], [-17334014.1596, 2162458.315299999], [-17333942.597, 2162468.033300001], [-17333901.422, 2162481.1768999994], [-17333841.0121, 2162537.2654], [-17333820.554899998, 2162546.0522999987], [-17333640.7075, 2162575.0447000004], [-17333605.408, 2162595.91], [-17333577.2407, 2162642.0665999986], [-17333544.3636, 2162654.5447999984], [-17333468.6295, 2162656.477600001], [-17333326.1088, 2162692.721000001], [-17333167.5194, 2162690.1744000018], [-17333068.1921, 2162718.2030999996], [-17333037.8213, 2162724.189199999], [-17332869.3072, 2162729.7184999995], [-17332825.8239, 2162724.076699998]]], [[[-17298163.9356, 2214747.5826000012], [-17297544.3322, 2214256.6081999987], [-17297467.452, 2214194.8264000006], [-17297403.4932, 2214142.8026], [-17297360.8534, 2214108.3335000016], [-17297337.5902, 2214088.1829999983], [-17297313.0399, 2214065.4158999994], [-17297271.6947, 2214026.4065000005], [-17297220.0177, 2213976.983600002], [-17297179.3204, 2213941.8685000017], [-17297108.2563, 2213874.2347999997], [-17297036.5474, 2213805.9591999985], [-17296991.9731, 2213765.640299998], [-17296968.7113, 2213740.9354000017], [-17296938.9999, 2213713.622200001], [-17296880.2093, 2213656.3960000016], [-17296786.5408, 2213569.2622999996], [-17296750.3596, 2213534.7982], [-17296745.192, 2213527.533300001], [-17296427.5838, 2213217.821899999], [-17296309.7652, 2213102.9305000007], [-17295972.5486, 2212771.9767000005], [-17295958.3342, 2212758.971999999], [-17295949.1555, 2212746.025600001], [-17293336.576700002, 2210321.831599999], [-17292170.7564, 2209241.9307999983], [-17292016.953900002, 2209098.9864000008], [-17290586.8326, 2207768.9582], [-17290469.402400002, 2207659.7379], [-17287208.222599998, 2208487.2795], [-17286952.141, 2208071.498300001], [-17286447.2004, 2207251.6273999996], [-17286387.9326, 2207155.3916999996], [-17286123.9909, 2206726.8079000004], [-17285716.0477, 2206064.3717], [-17285662.4284, 2206086.463300001], [-17285628.8313, 2206100.7608000003], [-17285602.9972, 2206109.847600002], [-17285553.2456, 2206128.6889999993], [-17285542.9129, 2206131.9397], [-17285528.7057, 2206133.8883999996], [-17285517.0759, 2206135.1843999997], [-17285506.7371, 2206137.1347999983], [-17285493.1675, 2206138.4349000007], [-17285472.4974, 2206139.7234999985], [-17285420.1781, 2206142.3189999983], [-17285412.4271, 2206143.6163000017], [-17285406.6025, 2206145.5705000013], [-17285386.5827, 2206155.9657000005], [-17285376.8906, 2206161.159000002], [-17285352.3372, 2206187.7983999997], [-17285340.0653, 2206204.6898000017], [-17285337.6397, 2206207.6163999997], [-17285380.453900002, 2206247.669300001], [-17285399.2967, 2206271.7195000015], [-17285378.7093, 2206280.5405], [-17285358.842, 2206259.0254000016], [-17285324.1302, 2206222.105799999], [-17285317.8521, 2206228.7883], [-17285309.9531, 2206230.848000001], [-17285303.576, 2206232.8794], [-17285293.9706, 2206235.3385999985], [-17285276.5979, 2206241.085099999], [-17285275.4637, 2206240.9486999996], [-17285263.5283, 2206243.8784999996], [-17285244.9782, 2206246.9048000015], [-17285242.3961, 2206247.719900001], [-17285229.684299998, 2206249.843699999], [-17285213.7222, 2206254.4985999987], [-17285212.1685, 2206255.156300001], [-17285207.9789, 2206256.3867000006], [-17285196.667, 2206257.903900001], [-17285184.6299, 2206259.182500001], [-17285173.9047, 2206262.1680999994], [-17285170.3533, 2206264.8211999983], [-17285164.1701, 2206268.6787], [-17285152.7126, 2206275.9527000003], [-17285145.8314, 2206277.566300001], [-17285143.4241, 2206278.0304000005], [-17285140.6231, 2206280.480700001], [-17285131.0467, 2206287.159400001], [-17285116.7178, 2206295.1191999987], [-17285098.7096, 2206306.683600001], [-17285089.6132, 2206312.7542000003], [-17285089.0304, 2206313.5683000013], [-17285080.5069, 2206317.7622000016], [-17285069.8469, 2206324.1501], [-17285061.2213, 2206329.6854000017], [-17285059.3204, 2206330.527899999], [-17285051.8801, 2206334.7032999992], [-17285041.7102, 2206342.1651999988], [-17285034.2085, 2206347.8055000007], [-17285031.8984, 2206349.059799999], [-17285024.1717, 2206353.4003], [-17285005.888, 2206363.4054999985], [-17285003.5067, 2206364.752700001], [-17284995.7497, 2206368.6904999986], [-17284984.7432, 2206372.477600001], [-17284975.2795, 2206376.504900001], [-17284972.684, 2206377.717599999], [-17284967.6662, 2206380.2569000013], [-17284952.9397, 2206386.0808000006], [-17284945.703900002, 2206389.4307999983], [-17284945.3156, 2206389.5955], [-17284941.2075, 2206391.1765], [-17284931.027400002, 2206398.5040000007], [-17284920.4279, 2206407.140999999], [-17284913.7116, 2206414.4437000006], [-17284907.262000002, 2206419.1473000012], [-17284899.2904, 2206423.6724000014], [-17284893.0561, 2206427.1689999998], [-17284891.9625, 2206427.8790999986], [-17284879.2802, 2206432.5711000003], [-17284868.5802, 2206436.771499999], [-17284865.1053, 2206438.0034000017], [-17284855.1516, 2206441.8852000013], [-17284844.4108, 2206446.374499999], [-17284838.095, 2206448.1790000014], [-17284837.4818, 2206448.6937000006], [-17284832.6891, 2206451.0889], [-17284823.4907, 2206455.818500001], [-17284814.3339, 2206459.4332999997], [-17284807.3437, 2206461.8764000013], [-17284805.0647, 2206462.8110000007], [-17284796.3877, 2206466.3341999985], [-17284785.402400002, 2206470.3896999992], [-17284777.7069, 2206473.3781000003], [-17284776.2146, 2206473.8088999987], [-17284772.6791, 2206474.8544999994], [-17284762.051, 2206477.827300001], [-17284752.9659, 2206480.7305999994], [-17284746.16, 2206483.3183999993], [-17284743.5129, 2206484.170000002], [-17284738.5873, 2206485.4400999993], [-17284732.8544, 2206487.1532000005], [-17284728.6242, 2206487.537700001], [-17284720.8777, 2206489.648600001], [-17284714.1949, 2206491.1636000015], [-17284712.5596, 2206491.5736000016], [-17284709.1363, 2206492.4439000003], [-17284700.5014, 2206494.1308999993], [-17284691.4984, 2206495.734099999], [-17284685.0812, 2206496.816300001], [-17284684.008, 2206497.0722000003], [-17284678.7352, 2206498.3213], [-17284671.7764, 2206499.3095999993], [-17284662.2831, 2206500.664500002], [-17284653.413, 2206502.5676000006], [-17284650.1533, 2206503.315200001], [-17284642.2544, 2206504.445799999], [-17284630.4214, 2206505.3115999997], [-17284619.9471, 2206507.098000001], [-17284618.0157, 2206507.331700001], [-17284614.6534, 2206508.800999999], [-17284608.6035, 2206511.307500001], [-17284598.567900002, 2206515.0447000004], [-17284589.421099998, 2206518.278000001], [-17284586.7847, 2206519.0571999997], [-17284580.9085, 2206520.8521], [-17284568.0018, 2206524.346999999], [-17284558.6916, 2206527.497200001], [-17284551.4463, 2206528.8564999998], [-17284540.1649, 2206531.085000001], [-17284526.7781, 2206533.8462000005], [-17284523.0282, 2206533.7261000015], [-17284515.6709, 2206534.1251999997], [-17284501.0799, 2206532.5099], [-17284490.7801, 2206532.347199999], [-17284489.1505, 2206532.3652000017], [-17284485.9722, 2206531.775600001], [-17284479.8727, 2206529.1838000007], [-17284469.572, 2206525.3586999997], [-17284467.4036, 2206524.511], [-17284461.7102, 2206520.904199999], [-17284456.6004, 2206516.218800001], [-17284450.5223, 2206511.433699999], [-17284440.7197, 2206507.1116000004], [-17284438.8294, 2206506.354699999], [-17284432.0355, 2206504.252700001], [-17284420.6933, 2206501.6448], [-17284403.9314, 2206498.1176999994], [-17284389.9999, 2206494.1422000006], [-17284370.3973, 2206492.5511999987], [-17284354.0219, 2206494.175900001], [-17284343.2448, 2206496.3209999986], [-17284269.6048, 2206474.2069000006], [-17284218.5735, 2206457.954599999], [-17284192.7384, 2206443.6488999985], [-17283988.6164, 2206331.1832000017], [-17283965.3717, 2206318.836599998], [-17283955.0297, 2206314.9331], [-17283922.7388, 2206304.529199999], [-17283869.1181, 2206289.5689999983], [-17283799.3607, 2206270.056400001], [-17283585.5468, 2206213.475200001], [-17283558.4114, 2206214.7624000013], [-17283367.1886, 2206225.7712000012], [-17283256.7217, 2206230.2936999984], [-17283216.6751, 2206212.7419999987], [-17282932.4666, 2206088.542100001], [-17282859.4991, 2205987.1466000006], [-17282718.7172, 2205797.3475], [-17282701.279, 2205766.148600001], [-17282574.7406, 2205505.521899998], [-17282564.4034, 2205484.0801], [-17282552.141400002, 2205461.3310000002], [-17282519.8545, 2205408.035599999], [-17282257.0619, 2204997.258200001], [-17282242.855, 2204976.4543000013], [-17282237.0438, 2204971.253800001], [-17282222.8368, 2204966.7074999996], [-17282182.7893, 2204956.9477000013], [-17282043.7618, 2204921.8918000013], [-17282036.6555, 2204920.5997], [-17281672.9474, 2204828.4646000005], [-17281601.2335, 2204807.0511999987], [-17281600.8326, 2204806.3060000017], [-17281573.9076, 2204756.2522], [-17281551.6017, 2204714.7848000005], [-17281528.1916, 2204671.2643], [-17281487.5062, 2204691.4255999997], [-17281422.3831, 2204721.873399999], [-17281392.0854, 2204736.039000001], [-17281349.4325, 2204755.9805999994], [-17281172.7311, 2204791.6953999996], [-17281171.6615, 2204774.0755000003], [-17281170.1758, 2204758.3762000017], [-17281164.5263, 2204698.691399999], [-17281152.1098, 2204538.0945999995], [-17281078.5733, 2204479.3022999987], [-17281073.0612, 2204474.2963999994], [-17280903.906, 2204335.5716999993], [-17280651.8792, 2204131.1468], [-17280553.6457, 2204025.350900002], [-17280468.9953, 2203930.2377999984], [-17268083.2501, 2201933.259399999], [-17261049.9313, 2198255.0436999984], [-17261008.9978, 2198205.3467999995], [-17260983.416, 2198174.2881000005], [-17260958.2898, 2198143.782499999], [-17260933.1241, 2198113.2283999994], [-17260903.1391, 2198076.8236000016], [-17260872.724, 2198039.896400001], [-17260847.8456, 2198009.6909999996], [-17260822.4098, 2197978.8095000014], [-17260797.801, 2197948.9312000014], [-17260772.279600002, 2197917.9448000006], [-17260747.2792, 2197887.591499999], [-17260718.0624, 2197852.1182999983], [-17260686.4087, 2197813.686900001], [-17260654.6098, 2197775.0782000013], [-17260616.7348, 2197729.092799999], [-17260582.537299998, 2197687.5720999986], [-17260552.5677, 2197651.403099999], [-17260521.4071, 2197613.692400001], [-17260487.9871, 2197573.2474999987], [-17260453.7773, 2197531.846000001], [-17260416.4762, 2197486.7036999986], [-17260376.7779, 2197438.6598999985], [-17260335.7859, 2197389.0504], [-17260326.2856, 2197377.5526], [-17260277.199500002, 2197318.1473000012], [-17260222.6832, 2197252.1689999998], [-17260201.0652, 2197226.0062999986], [-17260164.1394, 2197165.264800001], [-17260119.3316, 2197091.5577000007], [-17260074.4896, 2197017.7930000015], [-17260040.5817, 2196956.1851000004], [-17260011.9438, 2196904.4970000014], [-17259983.1479, 2196852.523499999], [-17259954.5099, 2196800.8352000006], [-17259925.5746, 2196748.6094000004], [-17259904.3257, 2196703.705499999], [-17259886.255400002, 2196665.5174000002], [-17259869.2342, 2196629.547200002], [-17259862.3345, 2196614.9662999995], [-17259844.3347, 2196576.9268000014], [-17259830.9251, 2196493.345400002], [-17259809.9862, 2196364.4309], [-17259807.3722, 2196346.2217000015], [-17259784.4865, 2196204.0494999997], [-17259717.7882, 2195789.6959000006], [-17259675.5853, 2194840.6385000013], [-17259657.3856, 2194635.0275], [-17259637.3345, 2194385.9398000017], [-17259623.8185, 2194218.0298000015], [-17259579.9265, 2193719.2041000016], [-17259572.1784, 2193631.517999999], [-17258757.3266, 2193821.1108999997], [-17258686.6134, 2193880.41], [-17258150.4388, 2194089.6966999993], [-17258008.2987, 2194503.160500001], [-17258000.5203, 2194539.5601000004], [-17257997.0316, 2194549.3462000005], [-17257754.0504, 2194507.484099999], [-17257460.1243, 2194456.690299999], [-17257291.2516, 2194689.989500001], [-17257142.1115, 2194897.2305000015], [-17256936.3351, 2194572.2375000007], [-17256926.6521, 2194556.647599999], [-17256897.2785, 2194514.9734000005], [-17256876.2622, 2194485.157200001], [-17256760.9133, 2194321.5031000003], [-17256726.6916, 2194272.9494000003], [-17256355.3769, 2193746.1235000007], [-17256337.9494, 2193722.1041], [-17256351.5147, 2193711.7052999996], [-17256353.4572, 2193701.9661], [-17256356.6776, 2193697.421599999], [-17256379.9262, 2193688.9853000008], [-17256403.1746, 2193664.9519999996], [-17256415.4493, 2193672.103599999], [-17256426.425499998, 2193664.963399999], [-17256438.69, 2193667.5555999987], [-17256443.212, 2193665.605900001], [-17256446.443, 2193661.0610000007], [-17256456.1291, 2193657.8139999993], [-17256472.9121, 2193668.2041999996], [-17256481.3107, 2193666.2613000013], [-17256494.8688, 2193655.2228999995], [-17256505.1979, 2193652.6286999993], [-17256536.1964, 2193638.3363999985], [-17256556.8642, 2193635.7468999997], [-17256564.6109, 2193630.552000001], [-17256582.6879, 2193633.7996000014], [-17256585.2709, 2193631.8511999995], [-17256586.564, 2193622.7588], [-17256592.3706, 2193620.165100001], [-17256597.5376, 2193622.7562999986], [-17256600.7721, 2193617.5615000017], [-17256600.1313, 2193605.2217000015], [-17256602.714, 2193603.2738000005], [-17256624.6656, 2193602.6290000007], [-17256655.6572, 2193594.1853], [-17256679.5434, 2193594.1887000017], [-17256698.2739, 2193598.089400001], [-17256707.9634, 2193594.1920000017], [-17256711.8374, 2193594.838100001], [-17256716.9925, 2193600.0397000015], [-17256715.0556, 2193601.9805000015], [-17256716.3462, 2193604.585900001], [-17256723.4493, 2193603.286800001], [-17256742.1838, 2193592.889800001], [-17256747.3427, 2193592.892499998], [-17256753.1604, 2193596.7864999995], [-17256757.027, 2193596.7936000004], [-17256769.2988, 2193579.9109999985], [-17256783.4996, 2193589.6499000005], [-17256811.271, 2193581.212099999], [-17256824.8327, 2193580.5606999993], [-17256837.7432, 2193587.7047999986], [-17256844.2014, 2193588.352499999], [-17256862.9219, 2193583.1543999985], [-17256866.7966, 2193570.1746000014], [-17256873.2536, 2193568.8724999987], [-17256879.0702, 2193570.8169], [-17256893.2726, 2193557.8315000013], [-17256918.460500002, 2193555.8805], [-17256921.0434, 2193553.9316000007], [-17256931.372, 2193535.7509999983], [-17256942.3554, 2193533.8090999983], [-17256941.7108, 2193531.2065000013], [-17256948.8079, 2193531.2073], [-17256952.0371, 2193533.8110000007], [-17256957.8504, 2193507.1821999997], [-17256963.6615, 2193505.8878999986], [-17256972.7072, 2193510.424899999], [-17256991.4274, 2193509.775699999], [-17256997.2349, 2193513.6805999987], [-17257004.9855, 2193514.3247999996], [-17257020.4904, 2193505.8856999986], [-17257026.9447, 2193496.1468], [-17257030.1725, 2193487.7030000016], [-17257054.0666, 2193474.7223000005], [-17257064.402400002, 2193470.829399999], [-17257072.7946, 2193470.1766999997], [-17257086.3507, 2193457.1900999993], [-17257101.206, 2193453.946899999], [-17257114.7681, 2193435.1218999997], [-17257121.222, 2193434.4706000015], [-17257140.595, 2193414.3412999995], [-17257152.8625, 2193411.746100001], [-17257152.2224, 2193414.9924000017], [-17257163.2021, 2193418.2404999994], [-17257174.822, 2193418.2421000004], [-17257194.8351, 2193442.275699999], [-17257207.0947, 2193448.1185000017], [-17257216.7871, 2193443.5725000016], [-17257222.5977, 2193446.8279], [-17257252.947300002, 2193426.047200002], [-17257260.6908, 2193416.9640999995], [-17257276.1923, 2193413.7129999995], [-17257274.2524, 2193416.3139999993], [-17257282.6474, 2193424.1094999984], [-17257290.3887, 2193422.154199999], [-17257301.3736, 2193399.4276], [-17257309.7629, 2193399.4356999993], [-17257312.9984, 2193396.1904999986], [-17257311.7062, 2193391.6352999993], [-17257319.4542, 2193379.3026], [-17257328.4957, 2193378.002700001], [-17257338.828900002, 2193385.7969000004], [-17257342.0552, 2193384.501600001], [-17257352.384999998, 2193359.1728000008], [-17257364.6586, 2193355.277800001], [-17257366.5973, 2193346.1887000017], [-17257377.5739, 2193340.9985000007], [-17257397.5922, 2193339.0472999997], [-17257427.2891, 2193324.1226000004], [-17257433.101, 2193320.2184000015], [-17257437.630599998, 2193305.2817], [-17257436.9816, 2193301.3900000006], [-17257438.9243, 2193298.1389999986], [-17257460.2243, 2193300.7424999997], [-17257480.2425, 2193298.802000001], [-17257484.7591, 2193295.5522999987], [-17257480.89, 2193282.5579999983], [-17257496.393, 2193263.080699999], [-17257500.2671, 2193250.090599999], [-17257505.4272, 2193252.043200001], [-17257511.8885, 2193247.5029000007], [-17257526.0945, 2193222.1708000004], [-17257524.8072, 2193209.838300001], [-17257528.6853, 2193207.2353000008], [-17257544.8248, 2193212.4354999997], [-17257552.5711, 2193207.2410999984], [-17257568.0736, 2193192.3022999987], [-17257575.8138, 2193188.407400001], [-17257580.3364, 2193188.407400001], [-17257593.8977, 2193174.120000001], [-17257602.2946, 2193170.228], [-17257603.5882, 2193158.536200002], [-17257608.7531, 2193152.7007], [-17257628.7738, 2193154.6482000016], [-17257657.822499998, 2193142.3082999997], [-17257670.0914, 2193132.575100001], [-17257703.6748, 2193126.7338999994], [-17257716.5821, 2193129.9798999988], [-17257723.6836, 2193126.731800001], [-17257726.914, 2193117.6374999993], [-17257735.3048, 2193115.0452999994], [-17257758.553, 2193117.6466999985], [-17257783.0863, 2193105.9573], [-17257798.5825, 2193105.9657999985], [-17257812.148000002, 2193097.5161000006], [-17257834.7398, 2193095.576200001], [-17257839.9103, 2193092.979699999], [-17257851.5317, 2193094.9299000017], [-17257857.3392, 2193098.8247000016], [-17257863.1586, 2193077.3946], [-17257861.2139, 2193074.147], [-17257869.6151, 2193067.0051000006], [-17257874.7781, 2193059.209399998], [-17257880.5856, 2193058.5654000007], [-17257886.3996, 2193065.7091000006], [-17257890.276, 2193074.7938], [-17257904.4713, 2193081.295400001], [-17257935.4683, 2193073.5023999996], [-17257941.9267, 2193069.6118], [-17257954.8385, 2193069.6081999987], [-17257970.3303, 2193063.7674000002], [-17257976.1406, 2193067.0119999982], [-17257983.8973, 2193066.3662], [-17257996.163, 2193061.8205000013], [-17258000.6782, 2193061.170600001], [-17258018.1112, 2193045.5901000015], [-17258035.5473, 2193038.4477999993], [-17258052.9865, 2193039.7437000014], [-17258062.6619, 2193041.0458999984], [-17258071.7038, 2193037.1460000016], [-17258083.9759, 2193035.8499], [-17258093.6619, 2193032.603100002], [-17258134.9862, 2193029.364500001], [-17258155.0006, 2193032.6108999997], [-17258184.6994, 2193026.1220999993], [-17258202.7801, 2193017.033], [-17258241.5169, 2193009.8938000016], [-17258256.3683, 2193002.7496000007], [-17258268.6339, 2193002.742800001], [-17258293.1732, 2193007.9492000006], [-17258306.7321, 2192996.2606000006], [-17258316.4128, 2192987.1642999984], [-17258328.0368, 2192988.4646000005], [-17258342.2408, 2192979.3786000013], [-17258351.2812, 2192968.9793], [-17258368.7145, 2192967.035700001], [-17258400.3534, 2192976.132100001], [-17258430.6936, 2192977.433699999], [-17258444.25, 2192975.4831999987], [-17258464.2731, 2192967.691300001], [-17258484.283, 2192965.098700002], [-17258519.7931, 2192954.7052000016], [-17258535.9394, 2192942.3676999994], [-17258541.757, 2192932.6242000014], [-17258551.4377, 2192923.538400002], [-17258564.3521, 2192918.3455], [-17258581.1444, 2192906.0], [-17258591.4674, 2192888.468199998], [-17258597.2775, 2192882.624499999], [-17258614.070100002, 2192874.8297999986], [-17258623.7584, 2192875.4814999998], [-17258631.5028, 2192872.8856999986], [-17258647.6399, 2192862.499499999], [-17258679.9231, 2192865.0984000005], [-17258690.2575, 2192861.2047999986], [-17258722.546099998, 2192837.182599999], [-17258731.5766, 2192835.8819999993], [-17258759.3429, 2192837.1816000007], [-17258782.5913, 2192828.0845], [-17258791.6237, 2192828.743999999], [-17258809.7002, 2192820.2947000004], [-17258820.0379, 2192820.2993], [-17258828.4311, 2192817.057], [-17258829.0782, 2192809.911899999], [-17258835.5278, 2192800.822999999], [-17258862.0048, 2192801.4668999985], [-17258879.4382, 2192792.3746000007], [-17258898.1639, 2192778.7399000004], [-17258913.6533, 2192775.4978], [-17258917.5333, 2192779.3938000016], [-17258927.8648, 2192776.1492], [-17258953.0383, 2192751.476], [-17258964.017, 2192745.6248000003], [-17258984.0303, 2192735.245000001], [-17258986.621799998, 2192726.7983999997], [-17258988.5544, 2192716.4102], [-17259000.1808, 2192712.5111999996], [-17259026.6483, 2192710.5659000017], [-17259031.8155, 2192708.618999999], [-17259036.3361, 2192702.1204000004], [-17259042.7927, 2192700.8288000003], [-17259058.2837, 2192699.525600001], [-17259101.5391, 2192681.3478999995], [-17259171.9184, 2192644.9814999998], [-17259195.1608, 2192637.1939999983], [-17259242.2941, 2192604.7267000005], [-17259281.0398, 2192569.663899999], [-17259290.7253, 2192554.7302], [-17259306.2181, 2192543.6900000013], [-17259314.6142, 2192539.7864000015], [-17259321.7154, 2192541.0868999995], [-17259329.3487, 2192534.6889000013], [-17259356.5785, 2192511.8652000017], [-17259381.756, 2192516.4114999995], [-17259401.7662, 2192511.2190999985], [-17259408.8751, 2192513.1689999998], [-17259432.7628, 2192489.1383000016], [-17259457.9432, 2192469.6622], [-17259463.1114, 2192465.1154999994], [-17259476.6637, 2192459.2754999995], [-17259482.4734, 2192453.4219000004], [-17259487.6405, 2192451.4745000005], [-17259498.6182, 2192452.781300001], [-17259519.9284, 2192436.5471], [-17259539.9367, 2192429.4048000015], [-17259559.9519, 2192430.0500999987], [-17259575.4467, 2192420.9591000006], [-17259590.9482, 2192419.6548999995], [-17259594.8129, 2192415.113400001], [-17259607.7338, 2192413.168900002], [-17259625.8059, 2192412.5161000006], [-17259638.0712, 2192400.8214999996], [-17259663.9025, 2192387.1856999993], [-17259680.684, 2192383.9382000007], [-17259712.9645, 2192396.282499999], [-17259718.7775, 2192394.3271999992], [-17259737.5007, 2192394.9769], [-17259756.2216, 2192389.138700001], [-17259764.6178, 2192401.4701000005], [-17259769.7855, 2192404.0716999993], [-17259791.0895, 2192400.8227000013], [-17259804.6459, 2192407.967700001], [-17259812.3912, 2192407.3103], [-17259822.0791, 2192403.422600001], [-17259829.8224, 2192407.9640000015], [-17259836.9286, 2192403.414900001], [-17259845.3171, 2192391.7234999985], [-17259875.0158, 2192380.032299999], [-17259891.8053, 2192370.2958000004], [-17259897.6203, 2192370.2897999994], [-17259904.7199, 2192374.1886], [-17259911.1702, 2192374.185899999], [-17259930.5374, 2192361.201299999], [-17259947.3279, 2192360.5524000004], [-17259972.509800002, 2192347.5617999993], [-17259985.4179, 2192348.205600001], [-17259994.4581, 2192354.0518999994], [-17260006.083300002, 2192357.299899999], [-17260012.5369, 2192356.6471000016], [-17260029.9727, 2192339.7654], [-17260048.0485, 2192343.0106000006], [-17260060.957, 2192336.5165], [-17260086.7833, 2192333.2657000013], [-17260104.2112, 2192315.7342000008], [-17260112.6051, 2192309.891399998], [-17260121.6407, 2192307.2897999994], [-17260156.5031, 2192305.986200001], [-17260172.0044, 2192292.9946000017], [-17260184.9108, 2192291.6994999982], [-17260194.6032, 2192300.7872], [-17260208.1555, 2192299.4842000008], [-17260213.3266, 2192301.4354000017], [-17260219.7838, 2192309.2300999984], [-17260253.3464, 2192307.2817], [-17260270.141, 2192322.2069999985], [-17260295.3129, 2192325.451299999], [-17260319.8545, 2192330.0033], [-17260353.4177, 2192339.7410000004], [-17260370.8531, 2192341.6829000004], [-17260382.4705, 2192351.4186000004], [-17260402.4863, 2192356.6105000004], [-17260432.831100002, 2192356.6074], [-17260451.5598, 2192363.1037999988], [-17260455.4262, 2192367.6488999985], [-17260465.1183, 2192372.1981000006], [-17260496.1025, 2192376.086199999], [-17260504.498, 2192372.192499999], [-17260510.3056, 2192357.2507999986], [-17260518.703900002, 2192352.707199998], [-17260522.574500002, 2192354.002700001], [-17260525.1603, 2192363.0907999985], [-17260533.5475, 2192372.8332], [-17260540.6554, 2192377.3819999993], [-17260548.402400002, 2192378.673799999], [-17260552.2694, 2192376.080600001], [-17260558.0819, 2192362.4384999983], [-17260565.8282, 2192359.1922999993], [-17260583.2667, 2192360.4945], [-17260586.4876, 2192357.8988999985], [-17260593.5874, 2192342.962299999], [-17260621.9979, 2192325.425999999], [-17260629.0997, 2192319.5769999996], [-17260630.3882, 2192315.683600001], [-17260655.5715, 2192304.641399998], [-17260661.384, 2192302.6856999993], [-17260666.5444, 2192297.4888999984], [-17260671.0595, 2192282.552000001], [-17260681.3941, 2192276.0672000013], [-17260686.5627, 2192276.0582000017], [-17260691.7191, 2192281.2589000016], [-17260700.7606, 2192296.1920999996], [-17260705.9252, 2192299.4323000014], [-17260712.3864, 2192299.4395999983], [-17260716.8972, 2192294.8896999992], [-17260720.1329, 2192281.9070999995], [-17260719.4877, 2192279.3046000004], [-17260737.5621, 2192273.461599998], [-17260739.4995, 2192268.910599999], [-17260738.8563, 2192261.1202999987], [-17260740.1479, 2192256.577300001], [-17260745.3128, 2192252.6799000017], [-17260758.8677, 2192250.726300001], [-17260768.550499998, 2192245.5282000005], [-17260771.7738, 2192230.596099999], [-17260783.3999, 2192219.5573000014], [-17260793.083300002, 2192211.7595000006], [-17260799.5367, 2192196.8209000006], [-17260804.6998, 2192190.9842999987], [-17260816.3273, 2192189.0326999985], [-17260824.0696, 2192189.024700001], [-17260830.5259, 2192173.4463], [-17260833.7536, 2192159.8033999987], [-17260839.5599, 2192154.6092999987], [-17260845.3711, 2192129.280099999], [-17260861.5155, 2192121.4897000007], [-17260870.5559, 2192120.1875], [-17260884.1072, 2192107.1972000003], [-17260897.6714, 2192089.019299999], [-17260905.416699998, 2192081.2234999985], [-17260931.2386, 2192074.0720999986], [-17260946.7312, 2192060.4408], [-17260957.7117, 2192061.085999999], [-17260959.6478, 2192059.134300001], [-17260951.2474, 2192042.904599998], [-17260952.5454, 2192034.462299999], [-17260962.2251, 2192037.0617000014], [-17260988.6919, 2192032.5128999986], [-17260993.216, 2192027.3126000017], [-17260991.9222, 2192018.2195000015], [-17261003.543, 2192005.8817000017], [-17260996.4374, 2191996.145300001], [-17260997.0904, 2191992.2490000017], [-17261006.125, 2191985.098200001], [-17261009.3551, 2191977.953499999], [-17261007.4144, 2191964.3198000006], [-17261009.9948, 2191960.4213000014], [-17261022.2625, 2191959.7727000006], [-17261026.7843, 2191955.232999999], [-17261034.5239, 2191934.4510000013], [-17261031.9455, 2191918.864500001], [-17261036.4623, 2191913.014800001], [-17261045.5036, 2191887.6895999983], [-17261053.8931, 2191885.0956000015], [-17261061.6431, 2191885.7366999984], [-17261071.3241, 2191890.285500001], [-17261080.3679, 2191885.7342000008], [-17261099.0859, 2191885.0819999985], [-17261112.0023, 2191890.923700001], [-17261128.782899998, 2191880.5363], [-17261140.4026, 2191877.9349000007], [-17261149.4455, 2191883.1306999996], [-17261157.186499998, 2191878.5841000006], [-17261170.1021, 2191879.876699999], [-17261183.6562, 2191873.3847999983], [-17261186.2394, 2191861.699000001], [-17261193.9864, 2191855.852499999], [-17261206.258, 2191851.9543000013], [-17261210.1212, 2191838.314100001], [-17261223.0393, 2191831.8192999996], [-17261230.1383, 2191838.306400001], [-17261245.6324, 2191840.9098999985], [-17261252.0901, 2191834.408300001], [-17261257.2499, 2191836.359099999], [-17261274.689, 2191849.347600002], [-17261295.9907, 2191848.6953999996], [-17261306.9632, 2191855.8279], [-17261341.1861, 2191848.031399999], [-17261356.0317, 2191844.1336000003], [-17261383.7937, 2191843.4778999984], [-17261394.117200002, 2191836.9822999984], [-17261396.0554, 2191829.8423999995], [-17261399.9339, 2191824.6504000016], [-17261405.7377, 2191824.6437], [-17261433.5033, 2191844.772500001], [-17261448.3501, 2191849.9618000016], [-17261471.589, 2191837.621100001], [-17261477.4037, 2191837.6251999997], [-17261481.2733, 2191841.5199999996], [-17261484.5047, 2191860.3473999985], [-17261489.0263, 2191862.9455000013], [-17261508.388, 2191860.346000001], [-17261520.662, 2191855.797600001], [-17261526.4719, 2191847.3539000005], [-17261536.1558, 2191822.6810999997], [-17261542.6019, 2191818.7782999985], [-17261556.8116, 2191822.025899999], [-17261562.6164, 2191819.4200999998], [-17261569.7249, 2191821.3685000017], [-17261581.3418, 2191833.7025999986], [-17261598.7768, 2191835.654199999], [-17261600.0698, 2191825.9120999984], [-17261603.2884, 2191821.366700001], [-17261609.0981, 2191820.0711000003], [-17261616.2067, 2191822.0091999993], [-17261620.7195, 2191826.5566999987], [-17261627.1796, 2191829.1526999995], [-17261643.3232, 2191828.4985999987], [-17261647.8407, 2191820.059799999], [-17261662.0416, 2191818.1085], [-17261681.4092, 2191821.3575999998], [-17261698.1915, 2191827.1942999996], [-17261706.5853, 2191825.888799999], [-17261713.6861, 2191820.0496999994], [-17261718.2053, 2191799.2644999996], [-17261724.0179, 2191797.318500001], [-17261729.1805, 2191798.6196999997], [-17261744.679700002, 2191816.7978999987], [-17261750.4874, 2191820.690200001], [-17261755.0046, 2191829.1259000003], [-17261760.1778, 2191830.4272000007], [-17261765.9775, 2191826.532299999], [-17261771.1492, 2191818.7353000008], [-17261776.3107, 2191815.4877000004], [-17261791.1591, 2191825.2256999984], [-17261809.8781, 2191819.384300001], [-17261827.960500002, 2191825.8658000007], [-17261851.1999, 2191818.0731999986], [-17261869.2747, 2191831.0533000007], [-17261887.3538, 2191831.057500001], [-17261898.9774, 2191825.206799999], [-17261908.0115, 2191832.3519], [-17261915.114, 2191845.337299999], [-17261918.9874, 2191845.9825999998], [-17261925.4478, 2191838.8412999995], [-17261941.5859, 2191815.463799998], [-17261944.809100002, 2191812.2074999996], [-17261951.9141, 2191810.2674000002], [-17261962.2467, 2191816.1077000014], [-17261995.1706, 2191819.340999998], [-17262001.6274, 2191822.5867], [-17262017.7666, 2191820.643599998], [-17262019.6979, 2191824.5405], [-17262044.8775, 2191828.421599999], [-17262060.3759, 2191825.1757000014], [-17262069.416, 2191831.0212000012], [-17262092.0052, 2191829.0637000017], [-17262101.046099998, 2191825.1721], [-17262115.8905, 2191814.1253000014], [-17262121.7071, 2191816.0683999993], [-17262159.1425, 2191805.024099998], [-17262183.0389, 2191804.3715999983], [-17262190.7769, 2191800.474300001], [-17262196.5885, 2191793.979600001], [-17262195.2937, 2191784.8871], [-17262208.8511, 2191775.1448], [-17262214.019, 2191767.9974999987], [-17262220.47, 2191765.4048000015], [-17262224.3456, 2191767.9996999986], [-17262226.928, 2191773.1886], [-17262232.1007, 2191777.0887], [-17262239.2024, 2191775.787900001], [-17262260.5026, 2191763.4481999986], [-17262267.6072, 2191761.4976999983], [-17262277.9353, 2191763.4389000013], [-17262285.6836, 2191762.1407999992], [-17262309.5639, 2191736.1548000015], [-17262330.8642, 2191730.963399999], [-17262350.231, 2191719.9147000015], [-17262361.2115, 2191710.8220999986], [-17262382.5126, 2191710.168400001], [-17262389.612999998, 2191706.9180999994], [-17262408.9789, 2191705.6171999983], [-17262427.703, 2191691.3269000016], [-17262443.1969, 2191693.918900002], [-17262452.2289, 2191691.9661], [-17262498.7085, 2191664.032299999], [-17262505.1692, 2191654.2908000015], [-17262515.4959, 2191654.2934999987], [-17262522.5925, 2191651.6928999983], [-17262538.0857, 2191639.998399999], [-17262549.0598, 2191625.0672999993], [-17262557.4572, 2191620.5121], [-17262559.3942, 2191599.0857999995], [-17262576.1757, 2191580.899799999], [-17262585.8539, 2191562.0650999993], [-17262593.5957, 2191545.1816999987], [-17262605.8686, 2191543.2325999998], [-17262611.032899998, 2191539.3348000012], [-17262614.8974, 2191525.0447000004], [-17262619.4208, 2191512.706799999], [-17262622.6418, 2191490.6259999983], [-17262636.8437, 2191493.224199999], [-17262643.9509, 2191490.6240000017], [-17262665.2483, 2191449.713100001], [-17262678.1568, 2191430.8814999983], [-17262697.518, 2191418.5342000015], [-17262707.8491, 2191410.0890999995], [-17262713.0123, 2191401.6532000005], [-17262740.7645, 2191378.912999999], [-17262747.8673, 2191355.538800001], [-17262751.7423, 2191350.9860000014], [-17262760.78, 2191347.7443999983], [-17262769.1644, 2191341.2507999986], [-17262767.8742, 2191333.4574000016], [-17262771.1037, 2191328.9122], [-17262778.2064, 2191332.149599999], [-17262787.2455, 2191323.7093], [-17262791.763, 2191322.408], [-17262798.8638, 2191323.706700001], [-17262829.8518, 2191289.9334000014], [-17262871.1595, 2191260.0617999993], [-17262889.2332, 2191241.870099999], [-17262896.332, 2191238.6202000007], [-17262904.0751, 2191226.285799999], [-17262911.1831, 2191221.0865], [-17262935.7077, 2191214.5887], [-17262940.2338, 2191211.337699998], [-17262945.3965, 2191202.9015999995], [-17262953.7865, 2191195.108100001], [-17262989.2857, 2191180.807], [-17262996.3857, 2191165.220400002], [-17263000.904, 2191161.3302999996], [-17263016.3946, 2191154.8354], [-17263037.6958, 2191144.4351000004], [-17263048.0345, 2191146.3872000016], [-17263066.1044, 2191138.582699999], [-17263082.8915, 2191135.981800001], [-17263089.986, 2191131.4428000003], [-17263094.5077, 2191124.292800002], [-17263098.3723, 2191107.4136999995], [-17263111.9331, 2191101.5604000017], [-17263139.6938, 2191093.765900001], [-17263153.8973, 2191088.5648999996], [-17263206.8239, 2191080.113499999], [-17263225.5477, 2191082.708799999], [-17263232.6521, 2191078.159000002], [-17263245.5627, 2191058.6768999994], [-17263251.3699, 2191055.4318000004], [-17263262.3475, 2191054.126699999], [-17263272.6717, 2191049.5799000002], [-17263277.8327, 2191036.594900001], [-17263291.3905, 2191031.390900001], [-17263295.9036, 2191026.2014000006], [-17263328.8334, 2191022.945799999], [-17263352.7148, 2191015.7947999984], [-17263361.753200002, 2191009.953400001], [-17263379.1801, 2190989.170000002], [-17263385.632, 2190978.7690000013], [-17263393.381, 2190952.7974999994], [-17263414.6772, 2190948.2448999994], [-17263427.5873, 2190938.5007000007], [-17263432.1031, 2190932.660799999], [-17263435.3301, 2190923.566300001], [-17263445.6605, 2190917.719900001], [-17263449.5379, 2190912.526999999], [-17263449.5327, 2190891.7426999994], [-17263457.916699998, 2190885.2487000003], [-17263475.3496, 2190882.650199998], [-17263496.0015, 2190870.3073000014], [-17263522.4727, 2190830.035700001], [-17263525.0475, 2190815.100499999], [-17263525.043899998, 2190789.127799999], [-17263535.372, 2190778.7324], [-17263541.1832, 2190779.3753999993], [-17263545.6965, 2190774.1856000014], [-17263547.6295, 2190763.1466999985], [-17263550.2111, 2190761.1977000013], [-17263564.421099998, 2190761.844999999], [-17263575.3869, 2190753.4015999995], [-17263596.0408, 2190733.261], [-17263605.7231, 2190703.3885000013], [-17263607.0088, 2190694.9459999986], [-17263615.3991, 2190687.152399998], [-17263629.5993, 2190682.6011000015], [-17263637.3535, 2190674.8044000007], [-17263645.742, 2190659.8728], [-17263659.938, 2190651.4222999997], [-17263662.5192, 2190642.335999999], [-17263659.2962, 2190635.844799999], [-17263676.0735, 2190625.444699999], [-17263676.7156, 2190621.5485999994], [-17263671.5544, 2190615.059799999], [-17263672.8428, 2190608.5670999996], [-17263685.1106, 2190602.7179000005], [-17263688.9787, 2190592.326699998], [-17263697.3693, 2190591.670600001], [-17263708.9862, 2190584.5298999995], [-17263706.4012, 2190577.3812000006], [-17263715.4396, 2190568.9400999993], [-17263729.6419, 2190566.3378], [-17263744.4895, 2190556.6011000015], [-17263749.6492, 2190536.467700001], [-17263759.3339, 2190525.4191000015], [-17263783.8615, 2190515.6816000007], [-17263789.6632, 2190501.3889999986], [-17263794.1888, 2190498.137699999], [-17263798.0543, 2190498.1437], [-17263804.5141, 2190488.4026999995], [-17263800.634999998, 2190479.3095999993], [-17263803.868, 2190466.3159999996], [-17263810.9661, 2190465.6647000015], [-17263825.8095, 2190452.0287999995], [-17263829.6831, 2190440.3374000005], [-17263839.3677, 2190441.6363000013], [-17263845.8244, 2190444.8812000006], [-17263860.0148, 2190435.1306999996], [-17263874.2223, 2190433.8282000013], [-17263891.6562, 2190435.7782000005], [-17263907.7869, 2190427.974800002], [-17263918.7645, 2190414.343199998], [-17263920.6896, 2190402.6547], [-17263921.3395, 2190396.8088999987], [-17263927.1459, 2190396.152399998], [-17263940.0607, 2190385.1174000017], [-17263969.108, 2190370.8176999986], [-17263966.522, 2190356.5317], [-17263976.8425, 2190355.2338999994], [-17263982.660099998, 2190351.9880000018], [-17263985.8845, 2190331.207199998], [-17263993.6248, 2190324.0601999983], [-17264002.0222, 2190326.653000001], [-17264033.649, 2190320.8013000004], [-17264049.1408, 2190316.2551000006], [-17264053.0131, 2190309.7520000003], [-17264053.6559, 2190300.6673999988], [-17264051.722599998, 2190292.221900001], [-17264055.585, 2190283.1305], [-17264069.7892, 2190270.1407999992], [-17264094.3173, 2190264.9409000017], [-17264098.8322, 2190261.6898000017], [-17264105.9386, 2190249.3517999984], [-17264113.035, 2190244.1515000015], [-17264127.8777, 2190242.851500001], [-17264133.6888, 2190243.4943999983], [-17264143.3683, 2190231.1569], [-17264145.9542, 2190223.3592000008], [-17264145.3034, 2190209.7311000004], [-17264156.924, 2190196.7413000017], [-17264185.324500002, 2190182.4384999983], [-17264189.8351, 2190175.2991000004], [-17264221.4686, 2190148.0130000003], [-17264230.5016, 2190138.2721999995], [-17264241.4707, 2190136.316300001], [-17264242.7634, 2190133.7223999985], [-17264257.6135, 2190133.071899999], [-17264272.4537, 2190117.475499999], [-17264279.5511, 2190107.087099999], [-17264282.7753, 2190098.6427000016], [-17264282.1318, 2190088.252799999], [-17264287.2916, 2190077.8669999987], [-17264287.9338, 2190071.3709999993], [-17264308.5851, 2190044.091600001], [-17264318.2677, 2190040.8412000015], [-17264323.4395, 2190034.9932000004], [-17264338.9224, 2190025.2478], [-17264360.2224, 2190019.4048999995], [-17264368.6171, 2190010.310800001], [-17264377.6588, 2190008.3572999984], [-17264397.6682, 2190012.2454000004], [-17264413.802699998, 2190008.3407000005], [-17264424.1345, 2190014.1906999983], [-17264472.5468, 2190003.1361999996], [-17264492.5578, 2189996.6270000003], [-17264499.0124, 2189997.9323999994], [-17264512.5709, 2190007.013799999], [-17264553.8794, 2190010.2465000004], [-17264559.0429, 2190006.3484999985], [-17264563.5662, 2189998.5590000004], [-17264574.5381, 2189995.9525000006], [-17264595.1908, 2189997.894200001], [-17264599.0649, 2189995.9505999982], [-17264601.1759, 2189994.0146000013], [-17264628.1109, 2189969.313099999], [-17264648.7666, 2189968.015900001], [-17264670.0552, 2189930.341400001], [-17264685.5433, 2189916.6994999982], [-17264693.2919, 2189907.614599999], [-17264697.8167, 2189906.9628], [-17264702.3276, 2189909.5595999993], [-17264725.5642, 2189899.1559000015], [-17264738.4783, 2189888.1228], [-17264745.5762, 2189887.4712000005], [-17264755.9084, 2189893.3092], [-17264771.4004, 2189886.1642000005], [-17264792.6994, 2189885.5086999983], [-17264799.7982, 2189882.258200001], [-17264806.258, 2189882.2536000013], [-17264817.2229, 2189873.8112000003], [-17264822.393600002, 2189873.161899999], [-17264825.6229, 2189875.7529000007], [-17264830.7803, 2189875.7536999993], [-17264834.0059, 2189871.8585], [-17264847.5694, 2189869.902399998], [-17264852.7274, 2189864.7051], [-17264861.112999998, 2189847.8271000013], [-17264875.9572, 2189836.1312000006], [-17264898.5477, 2189838.079599999], [-17264911.4642, 2189841.3189999983], [-17264921.141400002, 2189839.3680000007], [-17264932.7661, 2189840.013700001], [-17264950.1905, 2189834.165100001], [-17264966.9798, 2189838.0491000004], [-17264979.2391, 2189831.5505000018], [-17264990.8614, 2189820.511500001], [-17265008.2822, 2189817.911699999], [-17265016.6823, 2189819.8537999988], [-17265037.3314, 2189812.7091999985], [-17265058.6318, 2189816.590599999], [-17265081.2319, 2189811.3922999986], [-17265116.0809, 2189797.096099999], [-17265140.612999998, 2189793.194600001], [-17265169.6536, 2189777.6066000015], [-17265192.8903, 2189776.9481000006], [-17265226.4548, 2189765.895199999], [-17265251.6339, 2189756.7980999984], [-17265264.5426, 2189759.3874999993], [-17265283.9058, 2189745.7503000014], [-17265291.6528, 2189744.4514000006], [-17265307.1474, 2189748.9899999984], [-17265313.5966, 2189748.9853999987], [-17265325.2124, 2189741.833900001], [-17265332.3129, 2189740.532200001], [-17265346.5115, 2189726.245000001], [-17265355.5519, 2189729.4897000007], [-17265359.4307, 2189728.846000001], [-17265365.8727, 2189710.6603000015], [-17265381.3619, 2189689.2324], [-17265389.7465, 2189672.3543], [-17265393.6229, 2189669.7507999986], [-17265399.4342, 2189670.404199999], [-17265408.4703, 2189667.151700001], [-17265430.4136, 2189647.019200001], [-17265453.6445, 2189635.327799998], [-17265467.1961, 2189623.6380000003], [-17265485.2786, 2189622.3302000016], [-17265490.443, 2189625.5797000006], [-17265505.931, 2189624.271899998], [-17265512.3815, 2189616.482000001], [-17265522.0711, 2189616.4804], [-17265542.0748, 2189589.203400001], [-17265562.0779, 2189579.457899999], [-17265573.046099998, 2189565.168400001], [-17265584.0228, 2189563.8729000017], [-17265591.7624, 2189556.7272999994], [-17265602.0929, 2189555.4296000004], [-17265609.1895, 2189547.6312999986], [-17265616.2877, 2189544.381000001], [-17265632.4273, 2189541.7870999984], [-17265645.3423, 2189535.2808], [-17265661.4763, 2189533.986299999], [-17265681.4816, 2189526.1900000013], [-17265691.815700002, 2189519.044500001], [-17265714.4017, 2189499.5535000004], [-17265723.438, 2189496.3112999983], [-17265745.3869, 2189499.5472999997], [-17265757.0068, 2189498.893599998], [-17265762.8053, 2189494.9989], [-17265789.2728, 2189489.146899998], [-17265798.9557, 2189480.6992999986], [-17265807.9898, 2189475.5078000017], [-17265814.448, 2189468.3665999994], [-17265834.4379, 2189424.2073], [-17265843.4804, 2189414.468199998], [-17265888.0114, 2189389.1371], [-17265908.0217, 2189382.6292999983], [-17265966.7541, 2189352.096900001], [-17265984.1781, 2189343.6499000005], [-17265989.344, 2189336.5143], [-17266004.1807, 2189333.9147999994], [-17266019.0297, 2189318.3202], [-17266048.0762, 2189305.981400002], [-17266063.563, 2189292.3389], [-17266071.9445, 2189278.6988999993], [-17266082.921099998, 2189272.2052999996], [-17266113.2515, 2189261.8106999993], [-17266122.9377, 2189247.525800001], [-17266128.0981, 2189244.2776999995], [-17266134.5499, 2189243.6235000007], [-17266145.5152, 2189227.384399999], [-17266169.3969, 2189211.7963999994], [-17266178.4381, 2189207.2547000013], [-17266188.111, 2189196.207699999], [-17266192.6247, 2189178.0238999985], [-17266204.8823, 2189159.202399999], [-17266248.1209, 2189128.6669000015], [-17266261.032899998, 2189125.419500001], [-17266297.8147, 2189094.2393999994], [-17266307.4948, 2189083.8526999988], [-17266335.2558, 2189079.9439000003], [-17266353.3282, 2189070.849399999], [-17266370.0985, 2189056.5621000007], [-17266388.817900002, 2189054.607000001], [-17266397.2138, 2189050.0621000007], [-17266412.057, 2189035.767099999], [-17266430.1311, 2189031.2206999995], [-17266435.282, 2189017.5878], [-17266452.0604, 2189001.340999998], [-17266461.7404, 2188990.9541999996], [-17266476.5903, 2188987.7041000016], [-17266483.6911, 2188981.2047000006], [-17266489.4958, 2188970.8227999993], [-17266494.0099, 2188967.5725000016], [-17266510.1432, 2188963.6675000004], [-17266515.3096, 2188953.932599999], [-17266527.5678, 2188944.834399998], [-17266547.5775, 2188940.9356000014], [-17266573.3986, 2188927.293299999], [-17266598.5588, 2188904.5524000004], [-17266606.9449, 2188892.2217000015], [-17266608.8837, 2188884.422600001], [-17266612.1088, 2188880.5271999985], [-17266626.95, 2188876.6270999983], [-17266633.4097, 2188876.6226000004], [-17266639.8621, 2188870.7808], [-17266674.7109, 2188855.8345], [-17266688.271, 2188851.9290999994], [-17266695.3637, 2188847.3900000006], [-17266701.173, 2188840.8949000016], [-17266742.4835, 2188827.8933000006], [-17266757.322, 2188827.2415999994], [-17266767.6535, 2188812.9483999982], [-17266773.4564, 2188810.352600001], [-17266795.4028, 2188809.0491999984], [-17266809.601999998, 2188799.2991999984], [-17266820.5714, 2188786.9580999985], [-17266852.839, 2188771.3715999983], [-17266858.002, 2188764.8746999986], [-17266861.2246, 2188756.4310000017], [-17266868.9694, 2188745.386500001], [-17266901.2342, 2188730.450100001], [-17266909.6295, 2188723.295600001], [-17266931.569, 2188713.5562000014], [-17266967.7132, 2188684.9705], [-17266989.0042, 2188673.2793000005], [-17267001.914, 2188660.285700001], [-17267021.9227, 2188656.3852999993], [-17267054.1824, 2188634.9514000006], [-17267070.3186, 2188627.7971], [-17267085.1663, 2188614.8115999997], [-17267101.3012, 2188615.4536000006], [-17267126.4702, 2188605.7063999996], [-17267134.8573, 2188603.0999], [-17267149.0587, 2188587.5122999996], [-17267151.6308, 2188575.1779999994], [-17267146.4692, 2188568.6917000003], [-17267147.1127, 2188566.734700002], [-17267140.6544, 2188553.7562000006], [-17267140.6523, 2188549.2080999985], [-17267221.964900002, 2188514.1206], [-17267234.229, 2188495.9367999993], [-17267244.5436, 2188460.2239999995], [-17267247.766400002, 2188449.181499999], [-17267257.440700002, 2188437.495000001], [-17267296.81, 2188422.544500001], [-17267309.0751, 2188416.694600001], [-17267315.5273, 2188410.852400001], [-17267336.8154, 2188366.6963], [-17267340.0413, 2188352.4056], [-17267352.2944, 2188334.2217000015], [-17267367.1357, 2188322.5348999985], [-17267390.3653, 2188300.4450000003], [-17267394.8776, 2188287.458999999], [-17267395.5266, 2188279.0260000005], [-17267383.8979, 2188271.8841999993], [-17267380.6746, 2188260.1975000016], [-17267383.8917, 2188255.6521000005], [-17267426.4936, 2188232.2683000006], [-17267449.715, 2188204.341499999], [-17267454.2266, 2188196.5423999988], [-17267467.1352, 2188191.344900001], [-17267480.0453, 2188195.882199999], [-17267499.4132, 2188185.4923], [-17267524.572499998, 2188160.161600001], [-17267533.6098, 2188161.4558999985], [-17267543.286, 2188154.306400001], [-17267545.2274, 2188145.8680000007], [-17267580.063, 2188105.5912999995], [-17267584.5747, 2188095.2041000016], [-17267594.9022, 2188086.7578000017], [-17267601.354, 2188083.5146000013], [-17267638.7888, 2188077.650899999], [-17267677.5075, 2188040.627700001], [-17267691.052500002, 2188019.8500000015], [-17267694.921, 2188006.2117], [-17267695.5575, 2187993.230799999], [-17267692.9741, 2187988.033599999], [-17267703.3039, 2187984.1349], [-17267709.7558, 2187975.6939000003], [-17267714.2773, 2187975.6909999996], [-17267719.444, 2187980.8779999986], [-17267723.955, 2187980.8751999997], [-17267746.5476, 2187963.9904000014], [-17267762.6741, 2187936.0661000013], [-17267765.2525, 2187934.7668000013], [-17267783.9729, 2187939.9453000017], [-17267813.6587, 2187941.2388000004], [-17267823.9834, 2187936.041200001], [-17267837.5381, 2187917.8517000005], [-17267830.434100002, 2187907.4695999995], [-17267831.0776, 2187902.9243], [-17267834.9455, 2187897.0823], [-17267873.67, 2187881.4776999988], [-17267891.740199998, 2187872.3814999983], [-17267905.9303, 2187856.793299999], [-17267921.4188, 2187860.0309000015], [-17267941.4293, 2187855.479699999], [-17267963.3648, 2187841.180300001], [-17267982.7254, 2187819.7551999986], [-17267994.3402, 2187797.020199999], [-17268000.7823, 2187772.9970000014], [-17268003.3635, 2187771.047600001], [-17268009.8171, 2187774.9404999986], [-17268044.6703, 2187763.2391999997], [-17268049.8248, 2187758.6911000013], [-17268058.8634, 2187744.402399998], [-17268065.957, 2187744.3993999995], [-17268076.929899998, 2187748.939100001], [-17268097.5862, 2187739.1926000006], [-17268111.1362, 2187714.5165], [-17268122.0987, 2187703.473700002], [-17268128.552699998, 2187702.1686000004], [-17268154.2627, 2187681.2848000005], [-17268163.9434, 2187680.643599998], [-17268172.3356, 2187674.149500001], [-17268181.3775, 2187646.2391000018], [-17268187.1946, 2187627.4109000005], [-17268191.0756, 2187623.518199999], [-17268202.0463, 2187620.9224999994], [-17268224.6354, 2187607.2985000014], [-17268235.6114, 2187598.216400001], [-17268276.278, 2187591.7397999987], [-17268286.6095, 2187597.5771000013], [-17268296.2909, 2187594.3368000016], [-17268315.6561, 2187584.6081999987], [-17268333.7261, 2187580.7214], [-17268343.407, 2187580.0694999993], [-17268351.8096, 2187570.9866999984], [-17268347.937, 2187565.1448], [-17268344.7103, 2187556.6959999986], [-17268348.5862, 2187551.5036999993], [-17268358.2728, 2187544.3652999997], [-17268366.0137, 2187531.382100001], [-17268373.7619, 2187534.631099999], [-17268387.3186, 2187531.396299999], [-17268465.4316, 2187490.5130999982], [-17268480.283, 2187478.8376], [-17268486.0856, 2187476.2415999994], [-17268491.2563, 2187465.2074000016], [-17268509.3342, 2187461.9703], [-17268516.4257, 2187465.216499999], [-17268529.3363, 2187461.968600001], [-17268532.5634, 2187457.4338999987], [-17268532.5744, 2187444.4395999983], [-17268524.8268, 2187433.405000001], [-17268526.773000002, 2187421.068599999], [-17268542.905, 2187422.371199999], [-17268555.1661, 2187430.1655], [-17268561.6173, 2187437.3176999986], [-17268577.1083, 2187439.917199999], [-17268584.8568, 2187435.3696000017], [-17268587.438699998, 2187420.436999999], [-17268590.025200002, 2187417.1992000006], [-17268599.7115, 2187417.8467000015], [-17268605.5109, 2187421.098299999], [-17268615.8404, 2187417.1999000013], [-17268619.0754, 2187408.1176999994], [-17268654.5804, 2187389.9455000013], [-17268673.9396, 2187381.515999999], [-17268679.1124, 2187372.4309], [-17268681.0536, 2187356.1964000016], [-17268690.7369, 2187354.905099999], [-17268705.5822, 2187357.501600001], [-17268714.6146, 2187352.309799999], [-17268724.3002, 2187355.5665000007], [-17268735.9086, 2187362.7080999985], [-17268741.0755, 2187360.1094000004], [-17268743.0135, 2187352.3211000003], [-17268745.5979, 2187336.7388999984], [-17268751.4135, 2187333.4932000004], [-17268763.6697, 2187337.399700001], [-17268779.1642, 2187336.750500001], [-17268808.217, 2187327.0187], [-17268841.1294, 2187321.1906999983], [-17268862.4317, 2187311.4585999995], [-17268871.4723, 2187291.3345], [-17268878.5804, 2187290.6926999986], [-17268897.306900002, 2187255.633200001], [-17268918.6091, 2187240.7146000005], [-17268933.4543, 2187230.327399999], [-17268969.607, 2187216.705600001], [-17268998.014200002, 2187191.3891000003], [-17269012.2165, 2187188.156800002], [-17269071.6035, 2187142.7212999985], [-17269094.1998, 2187137.5319], [-17269118.7313, 2187122.615699999], [-17269140.0273, 2187124.567499999], [-17269149.7134, 2187127.8134000003], [-17269162.6235, 2187124.5755999982], [-17269198.7595, 2187130.4228999987], [-17269227.1637, 2187126.535100002], [-17269249.103, 2187134.337000001], [-17269255.559299998, 2187134.9921000004], [-17269258.7887, 2187137.5826000012], [-17269277.5014, 2187139.534600001], [-17269313.0051, 2187134.3552], [-17269347.8522, 2187126.5749999993], [-17269380.1314, 2187125.280200001], [-17269407.8839, 2187122.6999999993], [-17269424.6644, 2187123.3440999985], [-17269454.3521, 2187139.591400001], [-17269509.2141, 2187133.7569000013], [-17269532.4536, 2187118.834899999], [-17269552.4551, 2187118.842599999], [-17269563.429899998, 2187127.9298], [-17269582.793899998, 2187131.1832999997], [-17269589.2373, 2187145.4712000005], [-17269613.1225, 2187151.320700001], [-17269633.7778, 2187154.568500001], [-17269644.7429, 2187168.853700001], [-17269661.5255, 2187174.0562000014], [-17269686.0432, 2187175.3603000008], [-17269693.1486, 2187180.5549999997], [-17269697.6673, 2187188.9979000017], [-17269714.4425, 2187201.3367], [-17269741.5494, 2187206.538800001], [-17269755.7433, 2187210.4312000014], [-17269808.0271, 2187205.9056], [-17269822.2238, 2187209.148499999], [-17269848.0364, 2187220.192499999], [-17269868.6945, 2187217.603599999], [-17269920.322499998, 2187226.0584000014], [-17269952.5961, 2187226.0626000017], [-17269973.2517, 2187221.5243999995], [-17269976.4734, 2187231.261599999], [-17269978.4113, 2187239.0555000007], [-17269985.5084, 2187243.600299999], [-17270003.5858, 2187229.9772999994], [-17270018.4284, 2187235.8211000003], [-17270029.3957, 2187241.6706999987], [-17270039.7276, 2187242.3200000003], [-17270053.9239, 2187235.1779999994], [-17270073.2955, 2187233.8828000017], [-17270093.2924, 2187240.3871], [-17270102.3325, 2187246.2283999994], [-17270112.6565, 2187243.6400999986], [-17270121.6989, 2187238.4472000003], [-17270146.217, 2187242.3495999984], [-17270160.4215, 2187235.8572000004], [-17270175.2741, 2187226.118999999], [-17270195.2758, 2187226.1257999986], [-17270217.2255, 2187213.147], [-17270230.7817, 2187212.4992000014], [-17270236.5945, 2187209.9026999995], [-17270259.8303, 2187190.4318999983], [-17270292.109, 2187178.751699999], [-17270297.2657, 2187176.162999999], [-17270303.7295, 2187159.286699999], [-17270312.7637, 2187150.8455], [-17270325.6764, 2187152.1438999996], [-17270341.8101, 2187134.6257999986], [-17270350.8473, 2187133.3205999993], [-17270358.5927, 2187137.2179999985], [-17270366.3411, 2187137.877799999], [-17270386.9962, 2187128.142000001], [-17270397.3275, 2187118.4065999985], [-17270408.2949, 2187116.4595], [-17270427.6626, 2187095.034600001], [-17270443.7991, 2187089.849199999], [-17270460.5819, 2187089.853599999], [-17270480.591, 2187077.526700001], [-17270508.9893, 2187077.524799999], [-17270532.2332, 2187069.0986], [-17270547.7209, 2187061.9510000013], [-17270572.2606, 2187023.6548999995], [-17270587.7519, 2186981.4673999995], [-17270592.2725, 2186976.2677999996], [-17270603.8906, 2186970.436900001], [-17270614.8713, 2186943.817400001], [-17270643.9249, 2186928.249499999], [-17270650.3724, 2186915.274], [-17270654.8954, 2186904.2388999984], [-17270668.4525, 2186887.3629], [-17270680.0741, 2186859.4574000016], [-17270696.2128, 2186853.612300001], [-17270703.9596, 2186836.0951999985], [-17270712.358599998, 2186830.2509999983], [-17270735.5965, 2186820.5166000016], [-17270749.1508, 2186801.7019999996], [-17270760.7739, 2186797.159400001], [-17270773.6779, 2186792.6218999997], [-17270785.9458, 2186777.6887000017], [-17270804.6632, 2186773.1537000015], [-17270815.632799998, 2186775.753800001], [-17270852.4283, 2186756.9371999986], [-17270858.8809, 2186745.25], [-17270876.9573, 2186739.412900001], [-17270907.9327, 2186735.523400001], [-17270926.6561, 2186740.0714000016], [-17270958.9281, 2186727.093600001], [-17271015.7189, 2186723.213399999], [-17271047.3533, 2186718.6772000007], [-17271071.8719, 2186706.3500000015], [-17271092.5312, 2186692.7287999988], [-17271106.0915, 2186680.3993000016], [-17271126.7489, 2186653.7870000005], [-17271162.251199998, 2186621.9954000004], [-17271174.5184, 2186604.4646000005], [-17271182.2695, 2186583.0494999997], [-17271185.4926, 2186571.3704000004], [-17271212.6023, 2186554.4954000004], [-17271233.2651, 2186529.1823000014], [-17271237.1424, 2186520.7534000017], [-17271248.1139, 2186520.105700001], [-17271253.278, 2186512.959899999], [-17271255.8602, 2186502.5777000003], [-17271259.084, 2186498.6829000004], [-17271279.0897, 2186494.7916], [-17271281.679, 2186496.090300001], [-17271288.7804, 2186491.5505999997], [-17271297.1728, 2186476.6235000007], [-17271309.4356, 2186468.1856000014], [-17271324.925499998, 2186462.9985000007], [-17271341.0603, 2186447.421100002], [-17271361.0715, 2186444.8286999986], [-17271385.595, 2186431.2018], [-17271406.2551, 2186430.5606999993], [-17271417.2207, 2186423.417300001], [-17271445.6227, 2186414.341699999], [-17271466.2753, 2186396.8231000006], [-17271477.2497, 2186395.5254000016], [-17271489.5141, 2186378.6543000005], [-17271503.7201, 2186371.5128000006], [-17271519.2027, 2186373.459899999], [-17271526.3019, 2186374.7661999986], [-17271537.2784, 2186370.2206999995], [-17271554.052699998, 2186369.5747000016], [-17271562.4482, 2186361.781800002], [-17271570.8391, 2186360.4842000008], [-17271577.9361, 2186362.4404999986], [-17271603.7524, 2186361.7985000014], [-17271617.9502, 2186356.605799999], [-17271623.7679, 2186350.1121000014], [-17271645.0626, 2186344.2771000005], [-17271655.3901, 2186335.1928000003], [-17271676.6871, 2186328.7082], [-17271694.7622, 2186298.847600002], [-17271726.3932, 2186292.3616000004], [-17271748.3378, 2186277.4351999983], [-17271774.1589, 2186272.8957], [-17271787.7129, 2186264.463199999], [-17271804.4917, 2186259.919500001], [-17271816.1044, 2186260.5731000006], [-17271840.6395, 2186243.6974], [-17271854.184, 2186240.461199999], [-17271861.934299998, 2186240.460000001], [-17271875.4853, 2186227.4805999994], [-17271888.3971, 2186223.5923999995], [-17271898.7206, 2186226.189199999], [-17271910.3442, 2186210.6143000014], [-17271921.9587, 2186208.0199999996], [-17271938.7359, 2186211.909699999], [-17271947.1246, 2186213.8599000014], [-17271978.7545, 2186202.1875], [-17271992.3059, 2186194.393599998], [-17272005.2144, 2186188.5566999987], [-17272016.838, 2186191.8081], [-17272030.3885, 2186197.644099999], [-17272047.8089, 2186199.5986], [-17272069.7568, 2186210.6327], [-17272078.792, 2186217.7710999995], [-17272087.8263, 2186219.7238], [-17272096.857, 2186230.7595999986], [-17272117.5122, 2186236.6026999988], [-17272144.615199998, 2186256.079999998], [-17272149.7803, 2186261.9254], [-17272175.5961, 2186258.684700001], [-17272203.9901, 2186256.7424999997], [-17272216.251000002, 2186256.7382000014], [-17272232.3859, 2186248.9541999996], [-17272245.939, 2186251.553199999], [-17272274.9852, 2186239.8702000007], [-17272289.1893, 2186241.1721], [-17272295.6353, 2186244.424800001], [-17272300.8043, 2186241.175900001], [-17272318.869599998, 2186240.523600001], [-17272334.3658, 2186244.429200001], [-17272351.1446, 2186239.8849], [-17272366.6351, 2186242.480799999], [-17272379.5383, 2186235.344300002], [-17272395.6729, 2186211.332199998], [-17272438.2733, 2186193.8139000013], [-17272456.3512, 2186187.3260999992], [-17272471.1938, 2186174.340399999], [-17272497.6562, 2186181.484000001], [-17272525.3997, 2186183.4362999983], [-17272547.3495, 2186204.8627999984], [-17272559.611, 2186207.4563999996], [-17272577.6839, 2186188.6371], [-17272620.28, 2186163.9734000005], [-17272637.0556, 2186157.4908999987], [-17272666.7436, 2186154.893199999], [-17272678.5097, 2186155.225299999], [-17272689.9816, 2186155.5493], [-17272700.3098, 2186154.248300001], [-17272726.1185, 2186158.151900001], [-17272773.8827, 2186154.9114000015], [-17272789.3734, 2186157.5069000013], [-17272802.9251, 2186168.539099999], [-17272810.6673, 2186181.5183999985], [-17272824.8662, 2186186.717700001], [-17272858.426, 2186193.207199998], [-17272873.9198, 2186184.1317000017], [-17272886.1801, 2186181.5284], [-17272907.478, 2186182.837200001], [-17272937.8055, 2186201.006099999], [-17272952.0003, 2186210.1022000015], [-17272983.6327, 2186216.594799999], [-17272990.0784, 2186217.2380000018], [-17273007.5021, 2186237.3685999997], [-17273035.9, 2186242.5599000007], [-17273084.3057, 2186232.175900001], [-17273110.7639, 2186238.0306], [-17273117.8639, 2186241.923799999], [-17273123.678, 2186249.709399998], [-17273132.0694, 2186251.0095999986], [-17273146.9059, 2186252.9529], [-17273177.2456, 2186251.666000001], [-17273201.1253, 2186245.179200001], [-17273221.7754, 2186249.7223000005], [-17273232.7467, 2186260.1048999988], [-17273239.8406, 2186260.1118], [-17273248.8765, 2186256.217799999], [-17273255.9791, 2186259.4613000005], [-17273266.3014, 2186267.893199999], [-17273292.1242, 2186273.7446999997], [-17273302.4482, 2186289.9712000005], [-17273326.9661, 2186285.4244999997], [-17273365.6969, 2186274.395300001], [-17273385.7035, 2186275.6983000003], [-17273407.6481, 2186282.1944999993], [-17273440.5611, 2186283.4946999997], [-17273478.639200002, 2186276.999400001], [-17273485.7371, 2186270.5097000003], [-17273499.295, 2186236.1141999997], [-17273518.0063, 2186224.4312000014], [-17273628.3725, 2186203.0218], [-17273642.5727, 2186199.7760000005], [-17273652.8972, 2186193.9277000017], [-17273658.0616, 2186183.5441000015], [-17273680.0085, 2186175.7600000016], [-17273686.462700002, 2186168.6187999994], [-17273689.6846, 2186148.4946999997], [-17273696.7863, 2186135.520399999], [-17273725.184299998, 2186121.234099999], [-17273740.6785, 2186117.343699999], [-17273776.8139, 2186103.7157999985], [-17273812.307099998, 2186094.6325999983], [-17273840.0616, 2186099.1812000014], [-17273882.007799998, 2186091.389899999], [-17273911.0535, 2186062.8258000016], [-17273932.9943, 2186053.7426999994], [-17273983.34, 2186047.9004000016], [-17274022.7014, 2186054.4001], [-17274065.300499998, 2186064.138700001], [-17274071.7557, 2186070.6275999993], [-17274075.6222, 2186078.4164000005], [-17274096.9269, 2186077.774700001], [-17274110.4787, 2186075.1757999994], [-17274131.7699, 2186083.6176999994], [-17274165.332, 2186069.9789000005], [-17274211.161, 2186060.2529999986], [-17274242.7762, 2186051.814199999], [-17274251.8145, 2186049.8684], [-17274261.4964, 2186037.5320000015], [-17274279.562, 2186028.4444000013], [-17274291.8312, 2186031.6970999986], [-17274315.7098, 2186044.6739999987], [-17274326.0362, 2186046.620099999], [-17274352.4948, 2186046.626600001], [-17274415.7421, 2186044.6776], [-17274442.8494, 2186035.5923000015], [-17274483.5065, 2186038.188000001], [-17274507.3838, 2186045.9789999984], [-17274530.6125, 2186043.385499999], [-17274539.648000002, 2186039.4908000007], [-17274560.3041, 2186039.485100001], [-17274573.2059, 2186032.347199999], [-17274593.2177, 2186026.5034999996], [-17274616.4503, 2186028.4563999996], [-17274628.0623, 2186020.663800001], [-17274640.3264, 2186005.7386000007], [-17274657.7516, 2185997.946800001], [-17274670.6653, 2185987.560899999], [-17274690.6664, 2185981.7173000015], [-17274711.3241, 2185986.9186999984], [-17274721.6464, 2185984.3172999993], [-17274729.3899, 2185980.4285000004], [-17274750.6924, 2185980.4252000004], [-17274759.7269, 2185973.9321999997], [-17274771.982, 2185972.6378000006], [-17274785.5427, 2185975.884300001], [-17274795.2188, 2185973.2806], [-17274800.3794, 2185969.3922999986], [-17274813.9386, 2185967.4422999993], [-17274829.4202, 2185975.232900001], [-17274842.3347, 2185984.3233999982], [-17274860.4051, 2185984.967500001], [-17274914.6104, 2185974.5802000016], [-17274964.951, 2185972.6328999996], [-17274986.2442, 2185977.8258999996], [-17275007.5406, 2185968.089499999], [-17275028.8379, 2185960.9510999992], [-17275050.7869, 2185963.548300002], [-17275070.7882, 2185960.3022999987], [-17275079.8298, 2185951.8603999987], [-17275080.4672, 2185940.1809], [-17275079.826, 2185930.4455999993], [-17275101.7634, 2185913.5658], [-17275117.2602, 2185911.6231000014], [-17275134.0347, 2185899.281399999], [-17275169.5267, 2185890.1950999983], [-17275182.440700002, 2185882.4069], [-17275195.3427, 2185869.4217999987], [-17275226.315700002, 2185865.5364000015], [-17275247.617200002, 2185857.0879999995], [-17275261.811499998, 2185846.7062], [-17275277.947499998, 2185823.9897999987], [-17275300.5322, 2185820.7432999983], [-17275333.4469, 2185823.9882999994], [-17275346.9972, 2185810.356400002], [-17275361.8397, 2185807.761500001], [-17275379.2641, 2185808.402899999], [-17275394.1085, 2185794.1262999997], [-17275409.5991, 2185774.0056000017], [-17275445.7357, 2185764.9103000015], [-17275457.9992, 2185741.550999999], [-17275465.742200002, 2185729.2173000015], [-17275495.4291, 2185720.778999999], [-17275512.2058, 2185707.7874], [-17275534.1499, 2185697.403099999], [-17275556.0944, 2185689.6165000014], [-17275572.2223, 2185660.4045], [-17275581.9057, 2185641.5821], [-17275612.2264, 2185599.3896000013], [-17275648.3702, 2185565.6314000003], [-17275657.4064, 2185550.0544000007], [-17275680.6337, 2185448.1488999985], [-17275690.3083, 2185397.519099999], [-17275695.462, 2185361.162700001], [-17275701.2754, 2185341.0478999987], [-17275707.084, 2185330.6554000005], [-17275717.4014, 2185323.5177000016], [-17275728.372, 2185322.8669000007], [-17275745.1581, 2185315.731800001], [-17275754.831, 2185305.343199998], [-17275757.4115, 2185297.547600001], [-17275784.5236, 2185278.0780000016], [-17275789.6766, 2185270.2919999994], [-17275805.8123, 2185221.6032], [-17275814.8382, 2185177.4673000015], [-17275849.045, 2185134.628899999], [-17275882.5999, 2185110.604600001], [-17275902.6015, 2185104.1099000014], [-17275926.479, 2185100.2173000015], [-17275956.1676, 2185085.2826999985], [-17275969.0732, 2185085.2886999995], [-17275986.4956, 2185111.9010999985], [-17275999.4027, 2185122.9287], [-17276003.9187, 2185132.6679], [-17276002.6354, 2185161.8720999993], [-17276008.4437, 2185194.329599999], [-17276033.6144, 2185230.0337000005], [-17276050.3967, 2185263.778499998], [-17276065.240199998, 2185286.4946999997], [-17276065.8829, 2185298.828499999], [-17276057.4949, 2185319.604600001], [-17276063.3073, 2185333.8847000003], [-17276066.5387, 2185339.0722999983], [-17276083.96, 2185354.653000001], [-17276145.2692, 2185380.6114000008], [-17276174.96, 2185385.152899999], [-17276180.7662, 2185383.8541], [-17276189.7947, 2185370.225400001], [-17276194.9656, 2185360.4912], [-17276204.6364, 2185359.1854000017], [-17276211.7354, 2185360.4793], [-17276246.5854, 2185352.6876000017], [-17276313.7026, 2185353.9831999987], [-17276330.4808, 2185354.6319000013], [-17276355.6477, 2185371.5089999996], [-17276389.2091, 2185371.507100001], [-17276427.2853, 2185384.4811000004], [-17276442.132, 2185386.4323000014], [-17276482.1401, 2185372.1422999986], [-17276500.2021, 2185368.8977000006], [-17276508.5978, 2185351.368900001], [-17276526.6657, 2185349.423300002], [-17276535.0494, 2185340.978100002], [-17276553.123, 2185340.3313999996], [-17276578.9253, 2185328.0], [-17276587.3206, 2185322.152899999], [-17276598.9292, 2185303.3260999992], [-17276610.549, 2185298.7797], [-17276625.3858, 2185305.916200001], [-17276637.0062, 2185303.9679000005], [-17276652.4908, 2185302.023499999], [-17276664.7504, 2185290.333799999], [-17276671.2024, 2185289.037300002], [-17276718.3125, 2185309.1570000015], [-17276732.507799998, 2185312.393599998], [-17276741.5392, 2185309.147599999], [-17276753.8083, 2185300.7051], [-17276776.3881, 2185298.1055000015], [-17276791.8754, 2185283.829599999], [-17276797.031, 2185283.826699998], [-17276804.1355, 2185286.419500001], [-17276815.7525, 2185282.522599999], [-17276824.137000002, 2185282.521499999], [-17276831.8793, 2185290.313099999], [-17276855.1117, 2185291.6129], [-17276871.246, 2185305.8889000006], [-17276892.546099998, 2185305.8823999986], [-17276914.482, 2185314.3231000006], [-17276960.297, 2185312.3621000014], [-17276987.4099, 2185320.799899999], [-17277103.5548, 2185329.225200001], [-17277119.6959, 2185321.4252000004], [-17277150.0241, 2185316.234000001], [-17277181.6423, 2185320.1202000007], [-17277197.1255, 2185315.5768], [-17277215.8366, 2185308.4365000017], [-17277235.846, 2185311.0229], [-17277257.1426, 2185303.2316000015], [-17277283.5991, 2185305.8203999996], [-17277298.4345, 2185296.0885999985], [-17277317.7936, 2185294.136500001], [-17277325.5381, 2185289.586100001], [-17277329.4103, 2185284.3927999996], [-17277347.4803, 2185275.9507], [-17277367.4841, 2185271.4021000005], [-17277385.5434, 2185257.1242999993], [-17277412.0059, 2185249.330499999], [-17277430.0709, 2185248.0337999985], [-17277442.9721, 2185222.715300001], [-17277457.8132, 2185214.271499999], [-17277465.5504, 2185199.9875000007], [-17277465.5537, 2185184.408300001], [-17277469.424, 2185174.018599998], [-17277478.4566, 2185167.5342999995], [-17277490.0721, 2185166.8850000016], [-17277504.9059, 2185172.0724], [-17277508.138, 2185168.175999999], [-17277506.1959, 2185157.7861], [-17277500.3912, 2185144.155299999], [-17277502.9632, 2185132.4723999985], [-17277510.707, 2185125.3341999985], [-17277521.678, 2185127.280000001], [-17277542.3344, 2185149.9952000007], [-17277552.6533, 2185150.6400999986], [-17277575.244599998, 2185144.791099999], [-17277604.9266, 2185145.442499999], [-17277624.2913, 2185150.6248999983], [-17277645.583, 2185149.9783000015], [-17277701.7257, 2185163.601300001], [-17277712.6922, 2185172.6818999983], [-17277718.5079, 2185180.4662000015], [-17277744.9667, 2185188.2512000017], [-17277749.4778, 2185196.6909999996], [-17277781.7511, 2185209.6724000014], [-17277791.4355, 2185227.8431], [-17277797.2348, 2185228.4926000014], [-17277814.6659, 2185223.9450000003], [-17277825.6369, 2185225.890900001], [-17277874.6747, 2185246.0047000013], [-17277894.0382, 2185248.588100001], [-17277924.3644, 2185240.7969000004], [-17277928.8825, 2185241.4415999986], [-17277942.437, 2185255.078899998], [-17277955.3478, 2185262.2074999996], [-17277965.0256, 2185282.3374999985], [-17277970.1858, 2185286.8717], [-17277996.6521, 2185292.707699999], [-17278003.7427, 2185299.1975999996], [-17278008.2613, 2185305.689100001], [-17278021.1766, 2185311.5282999985], [-17278048.2758, 2185318.0163000003], [-17278058.6001, 2185323.2080999985], [-17278068.2842, 2185344.6264999993], [-17278077.3251, 2185344.6273999996], [-17278087.6427, 2185330.9915000014], [-17278095.384999998, 2185327.1006999984], [-17278107.6412, 2185327.7415999994], [-17278117.3296, 2185336.1788000017], [-17278127.012000002, 2185354.9990999997], [-17278141.2092, 2185366.6790999994], [-17278183.1532, 2185384.2003999986], [-17278218.0041, 2185390.034400001], [-17278240.5932, 2185390.6807000004], [-17278299.9601, 2185376.3808999993], [-17278337.3841, 2185373.129999999], [-17278357.3819, 2185373.1279000007], [-17278385.138, 2185385.4532999992], [-17278399.337, 2185390.6482999995], [-17278429.0154, 2185389.3396999985], [-17278459.354199998, 2185401.663400002], [-17278478.0639, 2185418.535599999], [-17278494.8532, 2185457.4869000018], [-17278500.0282, 2185484.7463000007], [-17278509.6986, 2185489.2859000005], [-17278527.7683, 2185486.6889999993], [-17278535.5205, 2185491.8816], [-17278549.7145, 2185507.4596000016], [-17278559.3943, 2185515.2364999987], [-17278591.6666, 2185528.8669000007], [-17278616.1877, 2185534.056499999], [-17278639.4225, 2185534.6937999986], [-17278657.4864, 2185530.797699999], [-17278686.5228, 2185510.668400001], [-17278736.203900002, 2185493.1270000003], [-17278794.921, 2185476.8850000016], [-17278827.1901, 2185470.3882], [-17278873.6495, 2185471.6730000004], [-17278898.8122, 2185469.0692000017], [-17278929.796099998, 2185478.8071999997], [-17278938.1916, 2185508.666200001], [-17278944.648000002, 2185520.9891999997], [-17278964.0072, 2185533.9659], [-17278970.4598, 2185544.3506999984], [-17278981.4459, 2185578.105900001], [-17278988.5457, 2185585.245099999], [-17279065.9868, 2185606.0014999993], [-17279102.1251, 2185622.222600002], [-17279129.8751, 2185627.401799999], [-17279140.8496, 2185634.5441999994], [-17279173.1097, 2185645.5753999986], [-17279200.8643, 2185652.7032999992], [-17279230.5497, 2185649.4549000002], [-17279236.3572, 2185650.742899999], [-17279251.8487, 2185661.777800001], [-17279266.0495, 2185669.559700001], [-17279277.657, 2185674.1059999987], [-17279337.0295, 2185678.628899999], [-17279345.416699998, 2185674.7291], [-17279345.4074, 2185653.3128999993], [-17279349.2819, 2185644.221099999], [-17279362.1782, 2185634.479699999], [-17279369.2776, 2185632.534699999], [-17279384.7673, 2185631.8761], [-17279393.8028, 2185627.328499999], [-17279413.7948, 2185604.6094000004], [-17279431.2202, 2185592.2643], [-17279453.8022, 2185585.7732000016], [-17279494.4503, 2185586.4067], [-17279533.1695, 2185596.777399998], [-17279586.0955, 2185625.3233000003], [-17279597.7141, 2185629.868900001], [-17279608.032, 2185624.6658999994], [-17279615.77, 2185609.7413000017], [-17279626.0951, 2185611.6838999987], [-17279640.2963, 2185625.3117000014], [-17279650.6247, 2185623.3566999994], [-17279665.4603, 2185631.140299998], [-17279688.7004, 2185651.253899999], [-17279727.4183, 2185671.3682999983], [-17279768.7285, 2185685.6345999986], [-17279811.321, 2185723.9202999994], [-17279837.7821, 2185734.300900001], [-17279853.9149, 2185737.5414000005], [-17279870.0542, 2185747.928100001], [-17279891.9997, 2185766.0879999995], [-17279935.8852, 2185788.7978999987], [-17279951.3776, 2185808.9158999994], [-17279965.5773, 2185810.861200001], [-17279980.409, 2185798.5172000006], [-17279990.0953, 2185798.5188000016], [-17279997.8316, 2185799.1636999995], [-17280007.5103, 2185795.268100001], [-17280020.4267, 2185801.106400002], [-17280033.3334, 2185809.5328], [-17280046.8809, 2185813.4250000007], [-17280077.2067, 2185811.475499999], [-17280083.0144, 2185809.525899999], [-17280095.2772, 2185811.464400001], [-17280124.9609, 2185823.7831999995], [-17280146.2633, 2185828.9692], [-17280164.9758, 2185839.3544000015], [-17280172.0816, 2185851.0403999984], [-17280202.4174, 2185870.4963999987], [-17280236.6185, 2185877.6341999993], [-17280268.2367, 2185881.5146000013], [-17280317.2877, 2185901.6215999983], [-17280341.162299998, 2185897.722100001], [-17280363.7476, 2185905.5001000017], [-17280377.9465, 2185901.598700002], [-17280381.17, 2185897.0516999997], [-17280376.6447, 2185876.9294999987], [-17280379.8702, 2185871.732999999], [-17280391.4832, 2185871.7309999987], [-17280408.2696, 2185878.8713000007], [-17280422.4647, 2185885.3537999988], [-17280434.7179, 2185880.8060999997], [-17280443.7492, 2185874.3088000007], [-17280454.0837, 2185873.6636000015], [-17280465.7002, 2185887.9316000007], [-17280475.3883, 2185918.444699999], [-17280480.5622, 2185947.003899999], [-17280476.0519, 2185962.589899998], [-17280449.6041, 2185994.4045], [-17280447.6741, 2186013.8761], [-17280452.1986, 2186024.9146], [-17280463.1727, 2186038.5418], [-17280470.2761, 2186050.8773999996], [-17280469.6366, 2186076.839200001], [-17280461.2599, 2186105.4048000015], [-17280452.2361, 2186131.3801999986], [-17280453.5333, 2186148.2536999993], [-17280445.7973, 2186169.0260000005], [-17280441.2814, 2186180.0648999996], [-17280448.3853, 2186189.1526000015], [-17280462.5819, 2186189.148699999], [-17280472.9051, 2186182.656100001], [-17280485.802699998, 2186159.9211999997], [-17280492.257, 2186154.7249], [-17280515.4838, 2186154.720800001], [-17280539.3587, 2186154.0687000006], [-17280562.5972, 2186172.232999999], [-17280581.9617, 2186187.156399999], [-17280607.1323, 2186194.2837999985], [-17280612.2894, 2186200.1270999983], [-17280612.3034, 2186220.905000001], [-17280598.761, 2186249.474199999], [-17280592.9488, 2186249.475200001], [-17280588.4357, 2186256.6163999997], [-17280588.4529, 2186282.580699999], [-17280563.2905, 2186309.853100002], [-17280578.7907, 2186328.022], [-17280589.7538, 2186329.3170999996], [-17280620.0803, 2186327.366700001], [-17280636.8678, 2186331.248300001], [-17280656.2232, 2186339.6865000017], [-17280689.1398, 2186332.5265999995], [-17280723.3378, 2186337.714499999], [-17280745.928, 2186335.1092000008], [-17280779.4805, 2186337.046500001], [-17280822.7162, 2186349.3585], [-17280875.001000002, 2186365.567499999], [-17280913.7159, 2186365.5526], [-17280937.5925, 2186370.736299999], [-17280991.8077, 2186388.889800001], [-17281018.2597, 2186386.9365000017], [-17281041.4896, 2186379.785599999], [-17281077.623800002, 2186379.1220000014], [-17281131.1911, 2186385.6006999984], [-17281147.3282, 2186394.026799999], [-17281163.4651, 2186402.4640999995], [-17281222.8404, 2186425.810899999], [-17281262.2217, 2186454.3605000004], [-17281310.6239, 2186469.916099999], [-17281339.6681, 2186480.9428999983], [-17281368.065700002, 2186501.7019999996], [-17281376.4591, 2186517.929299999], [-17281377.759999998, 2186527.667800002], [-17281384.2192, 2186536.7531999983], [-17281417.1335, 2186555.5676999986], [-17281447.4735, 2186568.5370999984], [-17281479.7361, 2186582.8018000014], [-17281519.1107, 2186597.718800001], [-17281526.2165, 2186600.3203000017], [-17281545.5735, 2186595.764899999], [-17281583.6433, 2186592.4976999983], [-17281597.1906, 2186587.304200001], [-17281636.5482, 2186582.0929000005], [-17281669.464900002, 2186574.9417000003], [-17281681.7242, 2186571.682], [-17281713.3329, 2186559.9899999984], [-17281723.0109, 2186562.5791999996], [-17281732.056, 2186567.775199998], [-17281784.3073, 2186540.4869000018], [-17281797.8545, 2186532.034600001], [-17281830.7706, 2186528.1316], [-17281859.1658, 2186530.710000001], [-17281909.496799998, 2186530.040100001], [-17281924.975, 2186523.543200001], [-17281950.7821, 2186502.1072000004], [-17281959.1692, 2186501.454], [-17281970.7929, 2186504.699000001], [-17281983.0521, 2186504.6985], [-17281999.186300002, 2186504.6893000007], [-17282016.6015, 2186494.9400999993], [-17282032.7278, 2186481.2989000008], [-17282043.0523, 2186477.403999999], [-17282056.4566, 2186479.273699999], [-17282073.8822, 2186485.116799999], [-17282115.1817, 2186480.5945000015], [-17282157.7631, 2186488.399099998], [-17282189.3763, 2186483.864500001], [-17282215.1858, 2186496.2010000013], [-17282231.3186, 2186492.9659], [-17282249.384, 2186491.0260000005], [-17282275.8433, 2186502.065200001], [-17282286.8082, 2186499.472199999], [-17282308.1092, 2186485.8495000005], [-17282322.9503, 2186485.8475], [-17282375.2043, 2186513.781300001], [-17282406.8163, 2186538.459899999], [-17282426.8101, 2186555.345400002], [-17282477.1381, 2186583.2831000015], [-17282498.429700002, 2186594.976], [-17282512.6229, 2186605.3660000004], [-17282550.6864, 2186622.2496000007], [-17282609.3983, 2186672.9120999984], [-17282625.5307, 2186679.410700001], [-17282656.4939, 2186689.155200001], [-17282700.3699, 2186696.3134000003], [-17282739.0881, 2186697.6174999997], [-17282753.9229, 2186702.8121999986], [-17282810.6986, 2186740.484700002], [-17282832.6367, 2186758.6761999987], [-17282874.5753, 2186769.0755999982], [-17282897.802699998, 2186781.4133], [-17282922.3215, 2186803.4902000017], [-17282935.2172, 2186812.587200001], [-17282947.4777, 2186808.699099999], [-17282984.9112, 2186788.5797999986], [-17282999.7565, 2186774.3057999983], [-17283006.86, 2186758.0771999992], [-17283008.1531, 2186744.4387000017], [-17283015.8915, 2186731.460999999], [-17283030.7325, 2186721.723700002], [-17283083.0049, 2186692.527399998], [-17283102.3705, 2186684.7441000007], [-17283122.3734, 2186682.7989000008], [-17283138.5014, 2186674.3658000007], [-17283150.1225, 2186665.2776999995], [-17283169.473, 2186662.042300001], [-17283190.1193, 2186657.5003999993], [-17283223.6764, 2186664.0047000013], [-17283241.094, 2186662.711199999], [-17283277.2332, 2186649.7336999997], [-17283296.5966, 2186652.3445000015], [-17283319.176, 2186665.329399999], [-17283364.9873, 2186676.379900001], [-17283377.2442, 2186693.2597000003], [-17283389.4973, 2186734.167100001], [-17283396.5927, 2186762.7342000008], [-17283405.6164, 2186777.664999999], [-17283427.557, 2186798.443599999], [-17283449.4955, 2186806.889199998], [-17283470.7879, 2186808.8466], [-17283479.1762, 2186814.039900001], [-17283492.0729, 2186836.1195], [-17283504.9729, 2186847.154599998], [-17283508.8457, 2186857.541200001], [-17283504.9739, 2186866.6341000013], [-17283502.3932, 2186875.7212000005], [-17283504.968, 2186881.566399999], [-17283531.4267, 2186890.0056999996], [-17283581.1084, 2186899.1094999984], [-17283603.6925, 2186904.308600001], [-17283652.7346, 2186895.2404999994], [-17283719.1944, 2186894.601300001], [-17283743.7213, 2186888.1125000007], [-17283779.2106, 2186869.9450999983], [-17283790.173, 2186868.001699999], [-17283868.9036, 2186823.8746000007], [-17283881.1717, 2186807.6523], [-17283901.8218, 2186771.9464999996], [-17283911.5053, 2186756.3762000017], [-17283928.2739, 2186742.7463999987], [-17283952.7982, 2186730.410799999], [-17283972.8035, 2186731.0738000013], [-17283985.0629, 2186720.6882000007], [-17283995.3897, 2186712.245099999], [-17284017.3296, 2186707.0573000014], [-17284028.2923, 2186711.6099999994], [-17284049.5898, 2186725.2501000017], [-17284063.7788, 2186727.1933999993], [-17284079.9149, 2186719.408399999], [-17284088.303, 2186688.2520999983], [-17284097.989, 2186688.2523000017], [-17284102.496799998, 2186695.3927999996], [-17284116.692, 2186692.149500001], [-17284127.0269, 2186677.8695], [-17284129.6072, 2186645.4158000015], [-17284130.9027, 2186637.6237999983], [-17284147.0345, 2186631.1383999996], [-17284148.3188, 2186623.3464], [-17284143.1622, 2186603.8709000014], [-17284149.6182, 2186590.8885000013], [-17284153.4821, 2186590.890900001], [-17284163.8116, 2186594.780699998], [-17284191.5546, 2186595.4378000014], [-17284204.4625, 2186590.9014], [-17284209.6244, 2186595.4452], [-17284212.1996, 2186607.7762], [-17284237.3666, 2186612.983100001], [-17284251.565700002, 2186611.6779000014], [-17284301.8933, 2186600.663400002], [-17284320.5997, 2186596.7635999992], [-17284319.9616, 2186587.6763000004], [-17284321.2506, 2186581.8335000016], [-17284327.0619, 2186581.842500001], [-17284337.3791, 2186583.1339000016], [-17284341.2583, 2186568.203899998], [-17284340.612999998, 2186548.083299998], [-17284345.132799998, 2186548.0879999995], [-17284354.8032, 2186566.2573000006], [-17284357.3885, 2186568.8647999987], [-17284388.9986, 2186561.7278999984], [-17284405.1394, 2186559.1294], [-17284419.9725, 2186564.9835], [-17284426.4292, 2186561.7353999987], [-17284432.8834, 2186549.4025], [-17284438.684100002, 2186549.4003], [-17284444.4963, 2186555.8955000006], [-17284460.6246, 2186557.1950999983], [-17284472.244400002, 2186568.2353000008], [-17284486.4311, 2186567.590599999], [-17284505.7938, 2186563.703499999], [-17284538.0562, 2186561.1055000015], [-17284619.3587, 2186529.3178000003], [-17284659.3593, 2186509.8431], [-17284689.6886, 2186489.079500001], [-17284709.698, 2186494.9290000014], [-17284730.343, 2186504.018199999], [-17284750.9913, 2186505.3220999986], [-17284792.9238, 2186497.537300002], [-17284865.1918, 2186473.534000002], [-17284893.5898, 2186470.9422999993], [-17284911.0039, 2186463.7993], [-17284943.2713, 2186442.3797999993], [-17284954.2357, 2186426.1523], [-17284991.0149, 2186407.3354], [-17285003.2767, 2186389.1526999995], [-17285005.8569, 2186369.681400001], [-17285011.6708, 2186358.6451000012], [-17285014.89, 2186351.5091000013], [-17285052.3142, 2186329.4354000017], [-17285060.0648, 2186332.037700001], [-17285074.258, 2186335.9287], [-17285095.5463, 2186332.0359000005], [-17285112.9663, 2186322.954599999], [-17285151.0418, 2186295.6959999986], [-17285154.2647, 2186287.25], [-17285148.4582, 2186275.5692000017], [-17285143.9436, 2186267.129999999], [-17285145.8751, 2186258.6904000007], [-17285156.8485, 2186249.5988], [-17285179.4289, 2186221.6937999986], [-17285205.2387, 2186217.1444000006], [-17285240.0845, 2186197.032299999], [-17285265.2475, 2186185.9948000014], [-17285272.342, 2186188.594900001], [-17285272.3448, 2186208.064100001], [-17285268.4721, 2186258.7041999996], [-17285275.5627, 2186276.2364000008], [-17285303.9515, 2186286.6272], [-17285336.214900002, 2186300.257100001], [-17285354.278, 2186305.4596000016], [-17285398.7957, 2186334.029100001], [-17285422.0256, 2186345.7135000005], [-17285463.3268, 2186356.751600001], [-17285500.1012, 2186366.4985000007], [-17285534.2979, 2186367.8016000018], [-17285558.165, 2186365.2052999996], [-17285589.141, 2186363.909699999], [-17285617.5314, 2186356.7696], [-17285708.501199998, 2186325.622299999], [-17285747.2148, 2186310.697900001], [-17285783.3452, 2186306.1488000005], [-17285878.8396, 2186314.602400001], [-17285893.0324, 2186315.2547999993], [-17285919.4915, 2186309.4076000005], [-17285953.6806, 2186302.9241999984], [-17286002.7177, 2186293.8368000016], [-17286141.4448, 2186249.0588000007], [-17286189.8272, 2186239.3189999983], [-17286271.7714, 2186206.2234999985], [-17286294.3503, 2186191.9389000013], [-17286317.5804, 2186165.3231000006], [-17286333.7109, 2186134.169300001], [-17286354.9985, 2186109.4967], [-17286358.2252, 2186092.6158000007], [-17286361.449, 2186062.7628999986], [-17286370.479, 2186048.4778000005], [-17286380.806900002, 2186045.8801000006], [-17286385.3174, 2186052.3698000014], [-17286389.1986, 2186064.0544000007], [-17286395.0016, 2186066.6504000016], [-17286407.9034, 2186060.162999999], [-17286446.619, 2186043.9378999993], [-17286459.5217, 2186033.5522999987], [-17286482.0962, 2186020.5669], [-17286502.7513, 2186001.749499999], [-17286529.8463, 2185992.0058000013], [-17286553.7207, 2185990.0577000007], [-17286575.0105, 2185995.908300001], [-17286629.2001, 2186011.490600001], [-17286643.3985, 2186010.193500001], [-17286659.5315, 2186006.2936999984], [-17286675.0136, 2186010.8473999985], [-17286696.3101, 2186017.986299999], [-17286725.9831, 2186023.8313000016], [-17286740.8222, 2186020.587299999], [-17286755.664499998, 2186005.6493999995], [-17286761.4644, 2185995.2624999993], [-17286768.5651, 2185995.9136000015], [-17286780.1847, 2186003.7032999992], [-17286813.726999998, 2186014.7468999997], [-17286841.4773, 2186019.2859999985], [-17286867.2869, 2186007.6096], [-17286877.6089, 2185999.8143999986], [-17286883.4116, 2185999.1730999984], [-17286891.7966, 2185998.5177000016], [-17286893.0882, 2185991.375], [-17286898.8982, 2185988.1347000003], [-17286902.1245, 2185971.2536999993], [-17286905.342100002, 2185971.2533], [-17286909.8636, 2185977.742800001], [-17286915.6649, 2185980.9880999997], [-17286923.4099, 2185992.6741999984], [-17286934.3863, 2185992.6768999994], [-17286967.9335, 2185984.2408999987], [-17286996.9644, 2185964.1185000017], [-17287055.0275, 2185976.4530999996], [-17287075.0358, 2185979.0505999997], [-17287093.0999, 2185987.489], [-17287095.6765, 2185982.3000999987], [-17287095.6812, 2185966.718800001], [-17287097.6134, 2185964.7654], [-17287110.5182, 2185964.1240999997], [-17287130.5168, 2185955.6777999997], [-17287137.6154, 2185956.9778999984], [-17287140.8368, 2185969.9596999995], [-17287147.2963, 2185972.5571999997], [-17287160.2003, 2185968.6679], [-17287167.2883, 2185955.6865000017], [-17287172.4519, 2185956.331099998], [-17287177.618, 2185959.5742000006], [-17287194.3881, 2185958.2848999985], [-17287202.1334, 2185962.8249000013], [-17287216.9724, 2185959.5804000013], [-17287266.0068, 2185936.2082], [-17287273.7463, 2185921.279599998], [-17287306.6496, 2185905.045600001], [-17287329.8715, 2185880.3781000003], [-17287343.4169, 2185863.5086000003], [-17287350.5145, 2185854.414099999], [-17287384.0651, 2185844.6785999984], [-17287407.2868, 2185827.1468], [-17287415.6715, 2185819.366799999], [-17287433.0971, 2185814.8200999983], [-17287454.3847, 2185799.8915], [-17287466.6383, 2185783.0067000017], [-17287473.09, 2185766.7754000016], [-17287489.8619, 2185757.6898999996], [-17287504.0556, 2185736.274500001], [-17287512.4402, 2185728.4842999987], [-17287533.0909, 2185728.4842999987], [-17287556.309299998, 2185708.3539000005], [-17287571.1543, 2185692.1268999986], [-17287584.7006, 2185685.6405999996], [-17287591.1494, 2185688.2272999994], [-17287599.539, 2185682.385499999], [-17287613.7346, 2185681.737300001], [-17287618.2447, 2185677.842599999], [-17287618.8895, 2185667.460999999], [-17287629.8543, 2185664.214299999], [-17287647.2789, 2185663.565200001], [-17287659.5356, 2185649.2786], [-17287681.4708, 2185640.837000001], [-17287696.3065, 2185627.8574], [-17287707.2713, 2185617.465], [-17287714.3693, 2185604.4831999987], [-17287742.1164, 2185585.0150000006], [-17287753.7254, 2185571.3764000013], [-17287761.4667, 2185570.0797000006], [-17287775.6636, 2185572.679200001], [-17287805.9856, 2185562.931499999], [-17287848.5625, 2185539.5683999993], [-17287861.4623, 2185536.967], [-17287884.0511, 2185540.209399998], [-17287895.0149, 2185540.8608999997], [-17287928.5665, 2185523.3275000006], [-17287948.5586, 2185509.7038000003], [-17287950.4985, 2185498.015900001], [-17287949.846, 2185485.6816000007], [-17287957.5843, 2185481.7863], [-17287973.074, 2185476.593800001], [-17288003.3893, 2185447.3781999983], [-17288044.035, 2185425.3082999997], [-17288057.5847, 2185417.5113000013], [-17288060.8106, 2185403.8790999986], [-17288065.9693, 2185384.4054999985], [-17288073.0576, 2185374.6724000014], [-17288096.9303, 2185333.1149000004], [-17288119.4977, 2185274.6959999986], [-17288142.7176, 2185250.027399998], [-17288159.4938, 2185242.8905999996], [-17288173.0376, 2185218.863400001], [-17288204.0051, 2185205.230700001], [-17288225.9396, 2185185.7551999986], [-17288247.2271, 2185174.0736999996], [-17288258.1861, 2185161.7322999984], [-17288283.3492, 2185149.402399998], [-17288294.961, 2185138.3616999984], [-17288313.0178, 2185109.151299998], [-17288327.8553, 2185098.7600999996], [-17288342.7011, 2185092.916000001], [-17288374.3021, 2185065.0036999993], [-17288398.1745, 2185048.771899998], [-17288413.6513, 2185033.195799999], [-17288426.5502, 2185023.458999999], [-17288443.3228, 2185002.6794000007], [-17288461.3833, 2184983.2029], [-17288471.0611, 2184970.8682999983], [-17288478.1566, 2184947.5034000017], [-17288489.12, 2184937.1215999983], [-17288504.5983, 2184924.783300001], [-17288534.2776, 2184887.781100001], [-17288551.6869, 2184866.354200002], [-17288562.0036, 2184841.6893999986], [-17288571.6798, 2184818.9714], [-17288590.3833, 2184800.1361999996], [-17288603.2826, 2184782.614599999], [-17288629.7241, 2184748.8619000018], [-17288638.1116, 2184739.7710000016], [-17288640.0473, 2184725.485199999], [-17288646.4939, 2184710.5533000007], [-17288653.5834, 2184689.137600001], [-17288659.3866, 2184669.6565999985], [-17288658.0948, 2184651.4847999997], [-17288678.7361, 2184635.903499998], [-17288687.12, 2184617.079500001], [-17288694.222, 2184606.0469999984], [-17288709.6977, 2184594.3581999987], [-17288726.4709, 2184565.7947999984], [-17288741.9479, 2184546.3214999996], [-17288761.2925, 2184517.7544], [-17288769.0272, 2184489.1953999996], [-17288781.2794, 2184468.4239999987], [-17288799.3691, 2184446.879999999], [-17288819.9795, 2184422.333999999], [-17288839.3296, 2184402.8511999995], [-17288859.9764, 2184392.466600001], [-17288890.2937, 2184372.346000001], [-17288904.483, 2184362.6026999988], [-17288908.9983, 2184352.8720999993], [-17288906.4121, 2184332.098299999], [-17288912.867399998, 2184324.9508999996], [-17288928.3433, 2184320.4078], [-17288943.1854, 2184308.0780999996], [-17288943.1745, 2184286.0025999993], [-17288940.5918, 2184274.9728999995], [-17288949.6191, 2184267.8334], [-17288964.4594, 2184267.1752000004], [-17288970.912299998, 2184264.5854], [-17288980.586, 2184249.653000001], [-17288988.3218, 2184235.3742999993], [-17288997.3569, 2184232.771400001], [-17289003.1561, 2184225.6327], [-17289007.6727, 2184208.1070999987], [-17289035.4026, 2184178.2457999997], [-17289076.6847, 2184139.287999999], [-17289094.1067, 2184127.6048999988], [-17289116.677500002, 2184106.832899999], [-17289121.834, 2184091.2577], [-17289136.6655, 2184075.0205000006], [-17289152.791699998, 2184072.4279000014], [-17289163.1213, 2184072.427000001], [-17289168.9182, 2184065.9373999983], [-17289168.2746, 2184054.2542000003], [-17289177.945100002, 2184036.723000001], [-17289181.7828, 2184029.185800001], [-17289186.2976, 2184027.2404999994], [-17289199.8446, 2184030.475200001], [-17289219.2018, 2184027.2324], [-17289255.3241, 2184013.5951000005], [-17289268.2239, 2184000.6116000004], [-17289273.3871, 2183987.626699999], [-17289285.6434, 2183974.0025999993], [-17289299.1947, 2183972.7010000013], [-17289306.2934, 2183966.855900001], [-17289323.7111, 2183961.009399999], [-17289366.2839, 2183918.8132999986], [-17289379.8281, 2183912.9761999995], [-17289377.9008, 2183903.2388000004], [-17289377.8977, 2183894.1459], [-17289388.224, 2183885.0623999983], [-17289414.668, 2183866.231899999], [-17289421.764, 2183854.5513999984], [-17289437.8912, 2183838.3200000003], [-17289445.6332, 2183826.6415], [-17289448.8549, 2183808.465399999], [-17289457.2513, 2183803.922699999], [-17289466.9236, 2183794.1878999993], [-17289479.1766, 2183768.2239000015], [-17289480.474799998, 2183759.1345999986], [-17289483.0484, 2183755.2454000004], [-17289501.1156, 2183748.1017999984], [-17289514.0158, 2183735.1185999997], [-17289526.9165, 2183714.9910000004], [-17289532.0808, 2183691.6251000017], [-17289543.6946, 2183683.833299998], [-17289557.882, 2183681.8852000013], [-17289565.6226, 2183677.340599999], [-17289595.302699998, 2183655.9213000014], [-17289603.6879, 2183644.8838], [-17289623.0443, 2183618.2699999996], [-17289623.6828, 2183613.7256000005], [-17289627.5539, 2183611.1286000013], [-17289632.0671, 2183613.079999998], [-17289633.3593, 2183622.815200001], [-17289636.5876, 2183626.0511000007], [-17289640.4588, 2183623.4648], [-17289643.6842, 2183600.7424999997], [-17289653.3599, 2183583.213799998], [-17289689.4826, 2183559.1948999986], [-17289694.6476, 2183559.1992999986], [-17289708.1897, 2183554.0014000013], [-17289718.516, 2183544.9179], [-17289719.8036, 2183535.829399999], [-17289717.2243, 2183521.554200001], [-17289726.9053, 2183498.829999998], [-17289736.5744, 2183496.8784000017], [-17289740.4505, 2183499.4771], [-17289749.482, 2183498.1838000007], [-17289752.0664, 2183494.2837999985], [-17289759.8062, 2183489.7393000014], [-17289770.1299, 2183491.6860999987], [-17289794.6415, 2183478.045400001], [-17289808.8341, 2183478.0450999998], [-17289848.831100002, 2183460.5106000006], [-17289885.6033, 2183431.9470999986], [-17289894.6321, 2183421.5610000007], [-17289923.6622, 2183418.3145000003], [-17289924.9465, 2183413.7721000016], [-17289931.4014, 2183407.2753], [-17289940.4293, 2183407.2806], [-17289964.2996, 2183395.586100001], [-17289966.8858, 2183391.047600001], [-17289978.4996, 2183383.2562000006], [-17289992.6837, 2183385.8431], [-17290007.5279, 2183367.020300001], [-17290028.1679, 2183366.3680000007], [-17290040.4269, 2183358.578400001], [-17290039.7837, 2183344.298799999], [-17290048.8133, 2183340.407400001], [-17290057.198, 2183329.3702000007], [-17290061.7104, 2183328.0736000016], [-17290073.3262, 2183319.6328999996], [-17290090.7458, 2183313.136599999], [-17290113.3177, 2183310.5308], [-17290127.5107, 2183313.7776999995], [-17290146.224, 2183309.8825999983], [-17290159.7729, 2183312.4672], [-17290177.8362, 2183309.8696000017], [-17290190.7307, 2183305.3293000013], [-17290209.4439, 2183298.1766999997], [-17290217.8293, 2183293.6336999983], [-17290232.0238, 2183286.499400001], [-17290245.5677, 2183287.1356999986], [-17290254.6056, 2183283.8933000006], [-17290260.4115, 2183265.0654000007], [-17290269.4388, 2183261.8233000003], [-17290278.4712, 2183263.7666000016], [-17290292.022, 2183262.4646999985], [-17290293.952, 2183257.9244000018], [-17290297.8231, 2183255.3271999992], [-17290307.505, 2183255.9736], [-17290334.5995, 2183248.8235], [-17290353.3051, 2183250.773699999], [-17290357.8197, 2183248.8176000006], [-17290366.2047, 2183237.7908000015], [-17290384.9161, 2183237.7815999985], [-17290386.8462, 2183233.2410000004], [-17290411.3643, 2183219.5989000015], [-17290421.0504, 2183209.8636999987], [-17290426.2103, 2183208.5689999983], [-17290432.0237, 2183201.4202999994], [-17290438.4758, 2183203.3660999984], [-17290447.5051, 2183207.2575000003], [-17290471.3858, 2183201.4173999988], [-17290484.9308, 2183203.3519], [-17290487.5145, 2183206.595899999], [-17290499.128399998, 2183206.5975], [-17290533.3306, 2183191.013799999], [-17290556.5642, 2183189.0581], [-17290561.0781, 2183170.8861000016], [-17290579.1481, 2183174.771499999], [-17290592.0592, 2183169.580499999], [-17290599.1545, 2183152.0551000014], [-17290623.0283, 2183155.2863], [-17290636.581100002, 2183151.3966999985], [-17290641.7478, 2183137.7622999996], [-17290647.552500002, 2183129.9749], [-17290652.7185, 2183129.9684999995], [-17290661.1085, 2183135.1565000005], [-17290692.7259, 2183126.708999999], [-17290704.9845, 2183120.217700001], [-17290723.7027, 2183106.590500001], [-17290739.1879, 2183083.872299999], [-17290746.2889, 2183078.026299998], [-17290759.8424, 2183080.6206], [-17290769.5228, 2183079.3178000003], [-17290780.4874, 2183070.2249], [-17290779.8458, 2183055.2961999997], [-17290781.7836, 2183041.6739000008], [-17290794.6795, 2183034.5249999985], [-17290812.7496, 2183038.420499999], [-17290825.6643, 2183031.9200999998], [-17290839.8592, 2183032.5683000013], [-17290863.086, 2183029.313099999], [-17290879.8609, 2183020.8761], [-17290888.2521, 2183008.5392000005], [-17290907.6105, 2183006.5830000006], [-17290914.067900002, 2183000.0962999985], [-17290916.6514, 2182986.465], [-17290924.3867, 2182980.6209000014], [-17290938.5842, 2182980.6191000007], [-17290953.4349, 2182978.021299999], [-17290956.0087, 2182974.1215000004], [-17290965.048299998, 2182964.3845000006], [-17290992.1521, 2182960.4805999994], [-17291012.1551, 2182948.7945999987], [-17291030.8702, 2182946.1972000003], [-17291043.1285, 2182939.6953999996], [-17291050.8717, 2182928.017099999], [-17291056.0309, 2182920.2278999984], [-17291069.5873, 2182915.028499998], [-17291084.4239, 2182916.9769], [-17291096.0408, 2182909.1851000004], [-17291097.3257, 2182894.2514000013], [-17291136.0513, 2182890.9985000007], [-17291150.2496, 2182887.0997], [-17291178.6426, 2182870.221099999], [-17291192.8389, 2182866.971999999], [-17291196.7054, 2182869.559799999], [-17291206.3861, 2182885.1312000006], [-17291214.132, 2182889.6783000007], [-17291223.1665, 2182888.3739], [-17291238.0108, 2182870.848700002], [-17291245.1039, 2182857.2201999985], [-17291239.940899998, 2182852.670000002], [-17291246.395, 2182840.3385000005], [-17291256.0694, 2182830.6033000015], [-17291261.236, 2182830.6074], [-17291268.9796, 2182835.793200001], [-17291274.1461, 2182835.786600001], [-17291291.5641, 2182828.000500001], [-17291294.7935, 2182831.2357], [-17291294.7878, 2182836.4312000014], [-17291297.369599998, 2182840.3249999993], [-17291301.8879, 2182840.976500001], [-17291314.7987, 2182835.7753], [-17291325.1192, 2182826.042100001], [-17291352.2241, 2182818.240699999], [-17291357.3882, 2182805.2666999996], [-17291360.6166, 2182802.018199999], [-17291379.3298, 2182803.3066999987], [-17291392.8755, 2182798.1075999998], [-17291399.3344, 2182790.9712000005], [-17291421.9149, 2182784.477600001], [-17291427.719, 2182776.6796999983], [-17291428.371799998, 2182767.6000999995], [-17291423.208, 2182759.8132999986], [-17291418.0458, 2182741.6462000012], [-17291407.7116, 2182731.917800002], [-17291405.1356, 2182722.8288000003], [-17291408.359, 2182714.3955000006], [-17291428.3655, 2182701.3999999985], [-17291448.3675, 2182700.1050999984], [-17291470.9494, 2182703.342799999], [-17291479.9886, 2182703.985199999], [-17291485.7908, 2182696.8478999995], [-17291490.3128, 2182668.9351999983], [-17291494.1849, 2182666.3374999985], [-17291527.7431, 2182670.2234999985], [-17291546.4509, 2182666.316399999], [-17291567.0971, 2182655.2820999995], [-17291603.235, 2182626.0647], [-17291616.7887, 2182621.525199998], [-17291635.5027, 2182626.060899999], [-17291646.4676, 2182623.4519000016], [-17291670.9866, 2182616.314100001], [-17291687.1189, 2182606.5654999986], [-17291720.0289, 2182587.0909], [-17291746.4845, 2182559.826699998], [-17291753.5838, 2182547.4970999993], [-17291757.4537, 2182531.9217999987], [-17291764.5562, 2182525.4263000004], [-17291781.98, 2182518.9283999987], [-17291801.3298, 2182505.9417999983], [-17291813.5917, 2182484.5243999995], [-17291821.9785, 2182473.4866999984], [-17291851.014, 2182457.259399999], [-17291884.5748, 2182429.3440999985], [-17291891.0278, 2182417.0133000016], [-17291893.6026, 2182392.3423999995], [-17291887.79, 2182365.0929999985], [-17291889.7271, 2182351.4607999995], [-17291897.471, 2182346.2663000003], [-17291941.3538, 2182335.2228999995], [-17291956.833300002, 2182324.1842], [-17292013.6192, 2182303.404599998], [-17292029.753, 2182293.017099999], [-17292058.1455, 2182268.9948999994], [-17292100.7223, 2182193.699099999], [-17292118.151, 2182178.769299999], [-17292143.3141, 2182172.271899998], [-17292163.320299998, 2182176.161200002], [-17292191.7115, 2182169.662300002], [-17292203.3273, 2182161.8704999983], [-17292214.9334, 2182146.9351999983], [-17292231.7156, 2182118.376699999], [-17292235.5797, 2182094.3707999997], [-17292234.2933, 2182078.7919999994], [-17292219.4434, 2182047.0036999993], [-17292212.3442, 2182035.326299999], [-17292207.1796, 2182021.0461999997], [-17292202.661, 2181996.3878999986], [-17292205.2476, 2181981.469799999], [-17292225.2454, 2181950.3128000014], [-17292251.7038, 2181924.9974000007], [-17292271.6979, 2181898.375500001], [-17292302.022, 2181848.4048000015], [-17292327.8366, 2181801.668299999], [-17292338.7984, 2181793.2360000014], [-17292358.159, 2181797.123399999], [-17292360.7433, 2181793.223700002], [-17292365.9, 2181754.9349000007], [-17292371.7015, 2181737.4177], [-17292378.1549, 2181714.696800001], [-17292392.9994, 2181696.524], [-17292409.128, 2181687.4356999993], [-17292423.9614, 2181676.3957], [-17292442.677, 2181649.1424000002], [-17292456.2225, 2181636.8000000007], [-17292479.4508, 2181608.239500001], [-17292491.0641, 2181577.091600001], [-17292493.6465, 2181553.0819000006], [-17292502.0288, 2181512.194699999], [-17292505.2498, 2181462.8830000013], [-17292508.4746, 2181453.7903999984], [-17292515.5743, 2181447.9552999996], [-17292533.6399, 2181445.995000001], [-17292552.9998, 2181446.645300001], [-17292592.3587, 2181439.4858999997], [-17292605.9127, 2181438.182599999], [-17292614.9425, 2181427.7969000004], [-17292630.43, 2181417.4081999995], [-17292656.8777, 2181364.1917999983], [-17292685.2668, 2181302.539099999], [-17292691.7155, 2181260.359000001], [-17292698.8035, 2181248.0304999985], [-17292712.997, 2181207.1391000003], [-17292726.5434, 2181159.7628999986], [-17292734.2847, 2181075.410700001], [-17292731.6981, 2181052.048700001], [-17292734.2672, 2181014.4158999994], [-17292731.037, 2180990.413400002], [-17292735.5545, 2180980.6754], [-17292754.2601, 2180959.2577], [-17292759.4222, 2180935.896400001], [-17292762.6501, 2180932.6481], [-17292767.160099998, 2180918.3759000003], [-17292775.5437, 2180876.203499999], [-17292768.4447, 2180857.3850000016], [-17292771.0285, 2180853.485199999], [-17292793.6098, 2180845.6933999993], [-17292800.7006, 2180839.2098000012], [-17292811.67, 2180817.142000001], [-17292814.2479, 2180797.669500001], [-17292810.3697, 2180774.3148999996], [-17292797.461, 2180754.8521], [-17292795.5301, 2180745.776999999], [-17292801.3323, 2180727.601599999], [-17292814.2312, 2180708.1372000016], [-17292861.3299, 2180682.1587000005], [-17292901.3362, 2180656.192400001], [-17292914.882, 2180650.3440000005], [-17292938.114, 2180654.8801999986], [-17292941.3417, 2180651.6319000013], [-17292960.046099998, 2180602.3148000017], [-17292972.9461, 2180589.3330999985], [-17293011.0115, 2180567.906199999], [-17293037.4612, 2180547.787799999], [-17293060.0339, 2180517.9296000004], [-17293076.8095, 2180486.7773], [-17293083.9034, 2180454.3312], [-17293083.9009, 2180430.3280000016], [-17293078.7373, 2180422.5430000015], [-17293064.539, 2180416.7126], [-17293061.9571, 2180412.8202], [-17293054.2101, 2180394.649599999], [-17293057.4308, 2180365.4607000016], [-17293057.4256, 2180345.9919000007], [-17293061.2944, 2180326.523699999], [-17293066.4621, 2180318.7357], [-17293080.6578, 2180321.979200002], [-17293090.3354, 2180331.7038000003], [-17293099.3711, 2180332.9959000014], [-17293103.2339, 2180329.7496000007], [-17293110.9769, 2180317.4235999994], [-17293112.2679, 2180292.764199998], [-17293103.2286, 2180271.3543], [-17293094.8322, 2180254.4913000017], [-17293090.3191, 2180241.5135000013], [-17293093.5466, 2180238.2760999985], [-17293109.025, 2180240.8636000007], [-17293122.5791, 2180235.6647000015], [-17293130.3198, 2180231.120099999], [-17293132.254, 2180221.3856000006], [-17293127.7382, 2180212.9530999996], [-17293124.5033, 2180204.524500001], [-17293128.3725, 2180195.434700001], [-17293136.1155, 2180190.2408000007], [-17293150.955, 2180186.9932000004], [-17293179.3484, 2180192.8209000006], [-17293198.063699998, 2180189.5744999982], [-17293205.8051, 2180185.0304999985], [-17293216.1305, 2180169.4551], [-17293224.5063, 2180147.392099999], [-17293231.604199998, 2180113.6482000016], [-17293243.2173, 2180099.3649999984], [-17293247.0794, 2180085.740600001], [-17293252.2416, 2180072.7589000016], [-17293272.8873, 2180061.0768], [-17293304.5038, 2180048.0956000015], [-17293327.7334, 2180039.6466999985], [-17293331.6008, 2180031.216699999], [-17293329.6646, 2180013.0414000005], [-17293329.0065, 2179963.7353999987], [-17293333.5289, 2179955.9459000006], [-17293349.0045, 2179945.5584999993], [-17293401.9193, 2179925.4316999987], [-17293434.8227, 2179920.8740000017], [-17293458.054700002, 2179936.4378000014], [-17293476.1199, 2179941.6198999994], [-17293494.1945, 2179936.423300002], [-17293504.5159, 2179936.421], [-17293508.3825, 2179939.0185000002], [-17293532.2612, 2179936.4144], [-17293536.132799998, 2179933.8176000006], [-17293552.2604, 2179917.588100001], [-17293578.7162, 2179909.7971], [-17293587.7451, 2179899.4125000015], [-17293599.3591, 2179891.6218999997], [-17293611.617200002, 2179884.482500002], [-17293664.5211, 2179846.1854000017], [-17293685.1635, 2179835.142099999], [-17293694.8359, 2179825.408500001], [-17293712.9105, 2179820.2118999995], [-17293754.197300002, 2179776.080499999], [-17293756.1265, 2179771.5304000005], [-17293777.4184, 2179752.0584000014], [-17293798.7045, 2179741.6765], [-17293818.0638, 2179742.316300001], [-17293826.4505, 2179737.7738000005], [-17293836.1271, 2179704.6766999997], [-17293851.6041, 2179668.338300001], [-17293861.271, 2179631.355799999], [-17293870.2968, 2179614.478599999], [-17293894.1661, 2179593.055399999], [-17293908.3584, 2179590.455699999], [-17293927.0715, 2179591.1044000015], [-17293950.3035, 2179588.4981000014], [-17293959.3319, 2179585.2452999987], [-17293984.4883, 2179557.9924000017], [-17293991.5845, 2179545.6547], [-17293993.5184, 2179535.9316999987], [-17293997.3834, 2179502.8390000015], [-17294007.7041, 2179484.6668], [-17294018.0195, 2179475.5738999993], [-17294040.6043, 2179469.729800001], [-17294063.8301, 2179461.9397], [-17294079.3125, 2179445.0590999983], [-17294093.5121, 2179439.8616999984], [-17294150.9282, 2179413.8916999996], [-17294199.3068, 2179390.5146000013], [-17294213.5058, 2179378.185899999], [-17294228.3292, 2179332.7562000006], [-17294243.1754, 2179330.807], [-17294292.854199998, 2179326.2410999984], [-17294312.2027, 2179293.7993], [-17294315.4219, 2179274.978700001], [-17294319.9371, 2179273.033], [-17294317.3485, 2179263.9466999993], [-17294303.156, 2179252.2732000016], [-17294305.0849, 2179247.7338000014], [-17294314.7654, 2179245.7809000015], [-17294324.446, 2179243.8387], [-17294330.8981, 2179230.860199999], [-17294329.5984, 2179226.311900001], [-17294325.0834, 2179217.2305000015], [-17294325.7317, 2179212.6875], [-17294328.9485, 2179209.4503999986], [-17294333.4664, 2179210.0907999985], [-17294350.8921, 2179216.5786000006], [-17294360.5668, 2179216.574000001], [-17294363.7921, 2179213.9750999995], [-17294369.6022, 2179199.6966000013], [-17294370.8843, 2179180.8814000003], [-17294374.112, 2179177.6336000003], [-17294379.2666, 2179177.6372000016], [-17294387.6592, 2179174.3823000006], [-17294390.882, 2179165.3015], [-17294399.2679, 2179160.758299999], [-17294403.7819, 2179162.6975999996], [-17294412.176, 2179173.726300001], [-17294427.0095, 2179172.4268999994], [-17294443.7894, 2179163.979600001], [-17294452.8227, 2179162.6851000004], [-17294464.4356, 2179154.8937], [-17294484.4254, 2179141.9111], [-17294494.7508, 2179132.8178000003], [-17294513.4601, 2179130.8687999994], [-17294520.5563, 2179136.6999999993], [-17294529.5974, 2179139.9395000003], [-17294539.2672, 2179137.9976000004], [-17294548.304700002, 2179127.6129], [-17294557.9754, 2179117.8685000017], [-17294572.1636, 2179112.671100002], [-17294599.2582, 2179095.1415], [-17294622.4861, 2179078.920499999], [-17294676.0336, 2179075.6525], [-17294703.7758, 2179068.5022], [-17294743.1327, 2179052.9113], [-17294770.8731, 2179035.3830000013], [-17294778.6054, 2179018.512600001], [-17294788.2761, 2179008.778900001], [-17294796.0162, 2179004.234099999], [-17294805.0556, 2179004.227000002], [-17294830.8707, 2179015.900199998], [-17294845.0595, 2179013.9384999983], [-17294856.6722, 2179006.147], [-17294857.3138, 2178996.4202999994], [-17294852.143, 2178983.4419], [-17294856.6637, 2178975.6631000005], [-17294870.2117, 2178979.5430999994], [-17294894.7318, 2178977.588199999], [-17294897.3043, 2178973.6997000016], [-17294899.2377, 2178960.0702], [-17294908.2643, 2178949.685800001], [-17294936.661, 2178954.2129999995], [-17294954.7259, 2178951.612399999], [-17294972.7791, 2178930.842700001], [-17294978.589900002, 2178930.8374000005], [-17294985.686300002, 2178936.6794000007], [-17294990.8519, 2178936.6719999984], [-17295060.5199, 2178910.6906000003], [-17295148.9052, 2178883.3977000006], [-17295163.087, 2178865.2250999995], [-17295197.9242, 2178852.8885999992], [-17295217.9234, 2178839.9047], [-17295235.3367, 2178824.3275000006], [-17295249.5348, 2178819.1294], [-17295265.0158, 2178828.1977999993], [-17295273.409, 2178832.0951999985], [-17295282.4364, 2178828.8418000005], [-17295301.7915, 2178815.206700001], [-17295305.0134, 2178806.125599999], [-17295308.2399, 2178802.8775000013], [-17295312.7514, 2178802.2298999988], [-17295330.8154, 2178807.409600001], [-17295339.2072, 2178804.165100001], [-17295353.4014, 2178804.1611], [-17295376.6191, 2178798.3066999987], [-17295390.8158, 2178785.977400001], [-17295391.456100002, 2178787.916200001], [-17295394.678, 2178778.835499998], [-17295390.8082, 2178769.7567000017], [-17295394.6744, 2178761.3156000003], [-17295399.1957, 2178760.6680000015], [-17295407.5763, 2178765.2036999986], [-17295444.3566, 2178758.0450999998], [-17295475.3211, 2178745.0593000017], [-17295499.1888, 2178730.1268000007], [-17295501.7648, 2178721.044300001], [-17295499.8164, 2178706.1162], [-17295503.6839, 2178697.0372], [-17295512.7162, 2178695.7313], [-17295521.1093, 2178699.617800001], [-17295535.3033, 2178699.614], [-17295585.6227, 2178687.9147999994], [-17295613.3563, 2178679.4648], [-17295664.9645, 2178645.704500001], [-17295667.537, 2178641.8159999996], [-17295680.438, 2178634.6664999984], [-17295702.3699, 2178615.1948000006], [-17295716.562, 2178611.944600001], [-17295768.8294, 2178619.057599999], [-17295788.8286, 2178620.9956], [-17295797.2116, 2178617.0912000015], [-17295806.881, 2178607.357000001], [-17295810.1082, 2178588.547600001], [-17295820.4217, 2178571.6732], [-17295838.4768, 2178564.526900001], [-17295862.9873, 2178550.235100001], [-17295887.5117, 2178546.331099998], [-17295912.0232, 2178546.972100001], [-17295930.0888, 2178547.6063], [-17295958.4796, 2178550.1950000003], [-17295978.6625, 2178557.282400001], [-17296005.7581, 2178575.451200001], [-17296029.619599998, 2178580.657400001], [-17296052.1987, 2178574.8222000003], [-17296087.6849, 2178543.690200001], [-17296121.2391, 2178510.6043], [-17296140.5978, 2178494.3935000002], [-17296144.4711, 2178494.3933000006], [-17296159.9507, 2178487.910599999], [-17296175.4356, 2178479.4805000015], [-17296187.6947, 2178466.5069000013], [-17296205.7617, 2178458.072900001], [-17296225.7616, 2178458.7338999994], [-17296254.7945, 2178449.6482000016], [-17296275.4406, 2178446.4155], [-17296310.9169, 2178430.205600001], [-17296323.8211, 2178428.9098000005], [-17296348.3401, 2178429.5615999997], [-17296439.294, 2178420.5053000003], [-17296448.9687, 2178415.964899998], [-17296455.4259, 2178403.6356000006], [-17296461.8781, 2178404.9409999996], [-17296494.1244, 2178420.5150999986], [-17296526.3812, 2178420.517000001], [-17296556.0508, 2178418.585999999], [-17296576.0492, 2178412.093600001], [-17296592.1794, 2178415.351599999], [-17296601.2065, 2178411.458999999], [-17296630.8916, 2178384.215599999], [-17296667.0199, 2178377.0857000016], [-17296691.526, 2178374.4910000004], [-17296696.6923, 2178369.9488999993], [-17296701.8651, 2178339.457199998], [-17296708.9612, 2178337.518100001], [-17296715.4078, 2178340.7599], [-17296725.0813, 2178364.117899999], [-17296727.6585, 2178377.7490000017], [-17296737.9698, 2178380.342099998], [-17296781.1903, 2178380.3519], [-17296799.254, 2178381.007199999], [-17296821.8378, 2178373.223099999], [-17296867.6422, 2178368.6944999993], [-17296876.6729, 2178363.5031999983], [-17296876.6691, 2178353.1251999997], [-17296864.4205, 2178331.0590999983], [-17296865.0728, 2178324.578899998], [-17296875.3894, 2178321.3282999992], [-17296885.0695, 2178326.526799999], [-17296892.16, 2178345.9924999997], [-17296894.0922, 2178355.726399999], [-17296901.1879, 2178357.6719999984], [-17296917.9566, 2178355.726500001], [-17296941.1829, 2178360.9191999994], [-17296950.8557, 2178364.8198000006], [-17296976.6588, 2178364.1755999997], [-17297006.9816, 2178343.414999999], [-17297024.4006, 2178339.524], [-17297037.9469, 2178343.4239000008], [-17297050.8432, 2178360.9463], [-17297063.7382, 2178359.0011], [-17297079.8714, 2178349.2727999985], [-17297090.1896, 2178349.2685000002], [-17297104.382, 2178360.951200001], [-17297117.2824, 2178360.9536000006], [-17297130.1882, 2178355.1228], [-17297150.187, 2178340.200199999], [-17297167.6066, 2178336.3082000017], [-17297174.0553, 2178338.9114999995], [-17297179.2081, 2178355.1259999983], [-17297185.66, 2178356.431400001], [-17297199.2059, 2178344.7481000014], [-17297208.8908, 2178344.1033000015], [-17297237.268, 2178358.388799999], [-17297275.9732, 2178360.9824], [-17297285.6446, 2178365.5326000005], [-17297298.5424, 2178378.5100999996], [-17297313.3815, 2178377.8680999987], [-17297330.153, 2178370.7278999984], [-17297343.7045, 2178372.6796000004], [-17297357.8994, 2178363.595400002], [-17297410.7884, 2178353.229800001], [-17297503.0404, 2178340.914099999], [-17297567.5557, 2178320.168900002], [-17297641.7386, 2178289.0386999995], [-17297688.1823, 2178278.6662999988], [-17297713.9881, 2178272.8264999986], [-17297721.0902, 2178264.3935000002], [-17297726.2463, 2178251.4213999994], [-17297744.9612, 2178241.6884000003], [-17297761.7325, 2178234.5581], [-17297807.5393, 2178204.7146999985], [-17297827.5314, 2178200.1799999997], [-17297850.7605, 2178204.0725999996], [-17297873.9841, 2178198.2368], [-17297890.106399998, 2178192.4036], [-17297988.1665, 2178127.5286], [-17298035.9113, 2178100.9376999997], [-17298053.3238, 2178087.316399999], [-17298075.2659, 2178057.4756000005], [-17298099.1329, 2178019.8484999985], [-17298116.5522, 2178007.525899999], [-17298137.203, 2177993.902399998], [-17298141.7217, 2177977.682500001], [-17298150.7519, 2177972.5011], [-17298182.3606, 2177977.0434999987], [-17298202.3576, 2177970.5599999987], [-17298213.9643, 2177963.4272999987], [-17298240.4215, 2177938.770399999], [-17298255.904600002, 2177930.338199999], [-17298271.3862, 2177922.5557999983], [-17298287.5166, 2177913.4756000005], [-17298353.3055, 2177890.1237000003], [-17298393.9486, 2177867.4305000007], [-17298414.5932, 2177851.859000001], [-17298428.1482, 2177840.1856999993], [-17298444.918, 2177812.9387000017], [-17298451.3791, 2177786.335499998], [-17298464.2745, 2177779.844300002], [-17298463.6349, 2177769.4651999995], [-17298463.6286, 2177759.7369000018], [-17298479.1116, 2177751.3046000004], [-17298481.6998, 2177744.818500001], [-17298473.3171, 2177733.142099999], [-17298473.9579, 2177722.7553999983], [-17298489.4456, 2177712.375500001], [-17298513.311300002, 2177707.1898000017], [-17298519.1123, 2177702.6493000016], [-17298523.6382, 2177675.4026000015], [-17298521.0595, 2177661.782400001], [-17298509.4441, 2177648.1503], [-17298508.8064, 2177641.0174000002], [-17298516.5518, 2177633.2357], [-17298519.7738, 2177631.285599999], [-17298519.7694, 2177624.793299999], [-17298512.6803, 2177616.3662], [-17298512.6796, 2177612.4706000015], [-17298518.4871, 2177609.2283000015], [-17298536.5457, 2177607.2848999985], [-17298544.9347, 2177600.143199999], [-17298585.5746, 2177557.9827000014], [-17298599.1255, 2177531.3867999986], [-17298602.9961, 2177511.9191000015], [-17298603.0042, 2177508.672699999], [-17298609.4514, 2177495.7041999996], [-17298611.3928, 2177481.4257000014], [-17298632.6756, 2177468.452799998], [-17298650.0959, 2177455.480300002], [-17298677.833300002, 2177438.6176999994], [-17298690.7361, 2177421.0997], [-17298710.7362, 2177404.8872999996], [-17298721.0604, 2177389.960099999], [-17298731.3819, 2177364.0163000003], [-17298735.9199, 2177354.9387000017], [-17298739.1602, 2177351.6827999987], [-17298750.0763, 2177347.6887000017], [-17298806.2125, 2177306.923700001], [-17298822.9827, 2177299.1433000006], [-17298817.8158, 2177288.1143000014], [-17298828.137000002, 2177282.275800001], [-17298830.7259, 2177271.2454000004], [-17298838.4642, 2177269.9452], [-17298847.4928, 2177252.4384999983], [-17298851.3633, 2177245.2958999984], [-17298871.3585, 2177250.4871999994], [-17298886.8417, 2177245.3005999997], [-17298892.2773, 2177237.1427999996], [-17298893.2906, 2177231.033599999], [-17298906.193099998, 2177221.295600001], [-17298905.5477, 2177208.968600001], [-17298904.2551, 2177197.290100001], [-17298916.5203, 2177171.989599999], [-17298913.9378, 2177155.7732000016], [-17298912.6479, 2177147.340399999], [-17298933.2856, 2177141.5069000013], [-17298955.219, 2177121.392999999], [-17298975.2162, 2177125.9354999997], [-17298978.440700002, 2177118.8016000018], [-17298982.3121, 2177107.125], [-17298993.2804, 2177104.523699999], [-17298996.5058, 2177088.9607999995], [-17299003.5944, 2177085.0621000007], [-17299024.8763, 2177083.7643], [-17299049.3897, 2177076.6312000006], [-17299084.2228, 2177076.6341000013], [-17299115.1747, 2177067.5483999997], [-17299131.9457, 2177055.223099999], [-17299141.6212, 2177037.0579000004], [-17299145.4928, 2177029.276799999], [-17299161.62, 2177028.625599999], [-17299173.2287, 2177024.089200001], [-17299180.9682, 2177022.1394999996], [-17299194.5203, 2177006.5705000013], [-17299202.902, 2177005.921], [-17299210.6352, 2177006.5791999996], [-17299226.1184, 2176992.9519000016], [-17299245.4653, 2176999.4400000013], [-17299253.2078, 2177004.632100001], [-17299266.1012, 2177006.5802999996], [-17299276.4269, 2176998.794300001], [-17299289.3247, 2176982.574099999], [-17299301.5874, 2176978.6776], [-17299308.0323, 2176974.1383999996], [-17299319.6435, 2176976.7325999998], [-17299339.632600002, 2176996.8456999995], [-17299350.5991, 2176991.0091999993], [-17299366.7211, 2176992.3055000007], [-17299373.8143, 2176974.144200001], [-17299390.5896, 2176976.740699999], [-17299411.2294, 2176986.4673000015], [-17299418.3209, 2176989.721000001], [-17299428.6419, 2176996.2069999985], [-17299442.1809, 2176998.1460999995], [-17299451.8515, 2177006.589499999], [-17299467.3371, 2177008.5331000015], [-17299487.3286, 2177011.1272], [-17299495.7129, 2177013.7239000015], [-17299559.5586, 2177013.724199999], [-17299581.4945, 2177000.7514000013], [-17299589.2304, 2176996.2047000006], [-17299618.2497, 2177002.0463000014], [-17299644.056900002, 2177002.046599999], [-17299656.306, 2176999.458900001], [-17299674.3673, 2177007.890900001], [-17299684.039499998, 2177015.6741000004], [-17299695.6478, 2177019.5667000003], [-17299732.4138, 2177012.431400001], [-17299754.3344, 2177013.731400002], [-17299765.3063, 2177009.8313000016], [-17299781.4243, 2177008.541099999], [-17299794.3299, 2177009.8396000005], [-17299808.5137, 2176999.4549000002], [-17299823.3554, 2176979.9932000004], [-17299863.9818, 2176973.5062000006], [-17299871.7233, 2176970.9070999995], [-17299887.2076, 2176965.0703000017], [-17299902.0394, 2176957.9334000014], [-17299920.7425, 2176946.9109000005], [-17299936.2211, 2176939.1262000017], [-17299962.0256, 2176935.8801000006], [-17299968.4688, 2176923.549899999], [-17300006.5309, 2176906.0392999984], [-17300043.2967, 2176882.0342000015], [-17300052.9692, 2176869.0628000014], [-17300056.84, 2176848.9453999996], [-17300058.1327, 2176839.8592999987], [-17300076.8329, 2176830.1350000016], [-17300086.5143, 2176821.6975000016], [-17300110.3777, 2176811.964400001], [-17300120.0458, 2176804.835999999], [-17300132.303, 2176802.886500001], [-17300143.9143, 2176805.4802], [-17300156.8072, 2176795.103], [-17300174.2285, 2176793.1554999985], [-17300187.1209, 2176782.7677000016], [-17300207.1157, 2176775.6328000017], [-17300222.601999998, 2176773.0419999994], [-17300234.2069, 2176761.3630000018], [-17300277.4228, 2176760.0645000003], [-17300305.8028, 2176742.5513999984], [-17300331.594, 2176744.4987999983], [-17300341.2739, 2176736.7102000006], [-17300358.0371, 2176718.541000001], [-17300364.4957, 2176712.7027000003], [-17300366.429700002, 2176692.591499999], [-17300372.2283, 2176684.155099999], [-17300384.485, 2176695.190200001], [-17300403.8299, 2176693.8863000013], [-17300394.807, 2176680.261599999], [-17300396.7419, 2176672.4860000014], [-17300408.3484, 2176668.5874999985], [-17300430.926, 2176669.2386999987], [-17300449.625, 2176680.9177], [-17300470.9141, 2176693.241799999], [-17300492.1928, 2176688.6961000003], [-17300501.8656, 2176696.478500001], [-17300516.699, 2176692.5874999985], [-17300529.6029, 2176694.535], [-17300537.9817, 2176703.6237999983], [-17300550.8792, 2176703.623300001], [-17300561.846, 2176710.1105000004], [-17300596.0288, 2176711.3971000016], [-17300608.9273, 2176711.396499999], [-17300620.5374, 2176710.1050000004], [-17300636.0103, 2176717.2421999983], [-17300647.6188, 2176699.719700001], [-17300656.0096, 2176699.7184999995], [-17300666.3272, 2176707.5029999986], [-17300675.9969, 2176708.1543999985], [-17300685.0327, 2176699.725499999], [-17300705.0256, 2176676.3698000014], [-17300711.4701, 2176671.8194999993], [-17300730.8229, 2176650.409699999], [-17300735.9844, 2176630.3062999994], [-17300735.9825, 2176622.5157000013], [-17300746.9541, 2176610.1961999983], [-17300760.4917, 2176599.8090000004], [-17300777.2672, 2176581.000500001], [-17300782.4271, 2176565.420499999], [-17300783.072499998, 2176556.9926000014], [-17300793.3894, 2176544.011599999], [-17300805.6491, 2176494.709899999], [-17300830.1589, 2176467.4587000012], [-17300852.0861, 2176453.1865000017], [-17300856.6009, 2176437.615600001], [-17300866.2714, 2176429.1884000003], [-17300879.179899998, 2176412.3183999993], [-17300888.8485, 2176404.529599998], [-17300886.2761, 2176396.742899999], [-17300874.6684, 2176384.4217000008], [-17300881.7604, 2176374.690200001], [-17300884.9845, 2176346.142099999], [-17300896.5942, 2176324.0857000016], [-17300898.5288, 2176316.2994999997], [-17300905.6259, 2176313.0599000007], [-17300925.6209, 2176309.8088999987], [-17300938.5146, 2176298.782200001], [-17300955.283, 2176274.1305], [-17300973.987999998, 2176257.9131999984], [-17300983.0222, 2176258.5628000014], [-17300998.5007, 2176263.1019], [-17301005.5922, 2176257.904199999], [-17301006.2349, 2176246.2305000015], [-17301001.0772, 2176239.7468000017], [-17301001.078, 2176226.772999998], [-17301009.4618, 2176212.499400001], [-17301018.4976, 2176204.0595999993], [-17301036.5561, 2176192.3856000006], [-17301046.224799998, 2176184.5967999995], [-17301067.513, 2176184.594900001], [-17301097.817900002, 2176170.970400002], [-17301112.0063, 2176162.5328], [-17301119.7455, 2176160.5934000015], [-17301135.878200002, 2176140.4739000015], [-17301140.3926, 2176133.3433], [-17301187.4691, 2176102.1977999993], [-17301197.7941, 2176094.410599999], [-17301207.4675, 2176076.2448000014], [-17301215.8533, 2176056.787999999], [-17301244.8734, 2176045.107900001], [-17301297.1155, 2176034.0689999983], [-17301310.652400002, 2176023.6926999986], [-17301335.1634, 2176021.090399999], [-17301354.5074, 2176002.9266999997], [-17301369.9871, 2175981.518100001], [-17301393.212, 2175955.5727000013], [-17301462.8619, 2175904.961599998], [-17301479.6318, 2175896.5297], [-17301508.656, 2175891.3308999985], [-17301529.2937, 2175871.8718000017], [-17301540.9, 2175854.9987999983], [-17301554.4478, 2175844.6224999987], [-17301569.9173, 2175840.0837000012], [-17301578.9466, 2175821.2674000002], [-17301580.8906, 2175809.5863000005], [-17301588.6265, 2175808.9450000003], [-17301607.3271, 2175828.4032999985], [-17301623.449, 2175825.1537000015], [-17301649.2454, 2175807.6446], [-17301656.3378, 2175793.3680000007], [-17301666.664499998, 2175780.3871], [-17301673.1101, 2175775.1986999996], [-17301686.0103, 2175770.0146000013], [-17301696.9692, 2175762.2293], [-17301707.9401, 2175754.443599999], [-17301720.1922, 2175741.467700001], [-17301730.5091, 2175732.382199999], [-17301740.8322, 2175725.2443000004], [-17301751.1433, 2175705.782299999], [-17301755.6675, 2175694.7562000006], [-17301764.6879, 2175670.7463999987], [-17301790.4936, 2175649.3418999985], [-17301802.0943, 2175625.9869999997], [-17301804.674, 2175618.2027000003], [-17301815.6406, 2175611.7157999985], [-17301825.3144, 2175597.4349000007], [-17301831.1199, 2175577.333999999], [-17301836.9218, 2175571.4941000007], [-17301856.9132, 2175564.997200001], [-17301872.3957, 2175550.7302], [-17301889.8097, 2175525.4312000014], [-17301903.3488, 2175509.8616999984], [-17301925.2837, 2175483.2536000013], [-17301938.8239, 2175467.034600001], [-17301949.1432, 2175439.792300001], [-17301947.8508, 2175419.035700001], [-17301940.1132, 2175398.9235000014], [-17301952.372, 2175391.7798000015], [-17301959.4646, 2175385.9431999996], [-17301969.136, 2175376.8671999983], [-17301982.6822, 2175354.155699998], [-17301991.7097, 2175344.4283999987], [-17301993.0039, 2175317.1750000007], [-17301998.7992, 2175300.958900001], [-17301996.8724, 2175275.656399999], [-17301994.2889, 2175254.8971000016], [-17302002.6772, 2175234.1422999986], [-17302012.3511, 2175219.8724000007], [-17302021.380400002, 2175196.5119999982], [-17302023.3146, 2175175.753800001], [-17302032.9883, 2175161.4844000004], [-17302030.4059, 2175144.6215000004], [-17302048.4626, 2175116.0797999986], [-17302052.9751, 2175109.588199999], [-17302071.6758, 2175085.5821], [-17302082.6466, 2175047.3073999994], [-17302090.3836, 2175037.577799998], [-17302104.5669, 2175022.0102999993], [-17302126.4981, 2174975.3016000018], [-17302138.7531, 2174948.0551000014], [-17302156.1683, 2174943.5207], [-17302171.6383, 2174929.8933000006], [-17302192.9278, 2174920.1636000015], [-17302196.7962, 2174913.021400001], [-17302196.1441, 2174894.2157999985], [-17302205.2109, 2174895.5407], [-17302204.7993, 2174894.984099999], [-17302215.8816, 2174883.4486999996], [-17302215.9997, 2174883.4070000015], [-17302216.3017, 2174883.3004], [-17302220.1741, 2174881.9338000007], [-17302228.0778, 2174880.8966999985], [-17302249.8519, 2174871.680399999], [-17302254.9504, 2174870.2073], [-17302258.6239, 2174865.929200001], [-17302272.389200002, 2174824.631099999], [-17302277.9156, 2174808.0511000007], [-17302304.309299998, 2174767.792300001], [-17302331.349, 2174735.547699999], [-17302350.4736, 2174703.3973000012], [-17302355.4719, 2174693.2619000003], [-17302366.782, 2174670.3630999997], [-17302393.4875, 2174647.4877999984], [-17302427.4844, 2174604.636599999], [-17302437.8149, 2174595.1257999986], [-17302448.2233, 2174590.8830999993], [-17302459.2661, 2174590.1407000013], [-17302475.5522, 2174589.916700002], [-17302504.6441, 2174582.8775000013], [-17302511.4973, 2174581.2192], [-17302569.4501, 2174566.358100001], [-17302608.2116, 2174551.1787], [-17302651.9935, 2174520.7258], [-17302683.8532, 2174469.9433000013], [-17302714.5663, 2174377.606800001], [-17302730.1714, 2174348.121100001], [-17302742.3405, 2174325.127700001], [-17302763.5134, 2174300.8269000016], [-17302791.6772, 2174276.4318000004], [-17302862.1647, 2174242.6677], [-17302907.828, 2174221.5370000005], [-17302941.4413, 2174200.2716999985], [-17302942.6655, 2174199.497200001], [-17302950.6575, 2174192.9136999995], [-17302956.4556, 2174188.3726000004], [-17302969.356399998, 2174173.4510000013], [-17302977.0917, 2174172.7985999994], [-17302987.4139, 2174178.6433999985], [-17302991.9246, 2174172.8013000004], [-17302991.2778, 2174151.3992], [-17302999.6587, 2174128.6878000014], [-17303034.4854, 2174107.2831000015], [-17303047.3772, 2174091.712299999], [-17303060.2816, 2174070.9481999986], [-17303072.5364, 2174060.5687999986], [-17303078.9833, 2174050.1871000007], [-17303095.7469, 2174039.158599999], [-17303106.7121, 2174032.671100002], [-17303120.2531, 2174024.2421999983], [-17303158.2971, 2174019.6906000003], [-17303180.2239, 2173999.5753999986], [-17303185.3812, 2173993.095800001], [-17303201.5044, 2173988.546500001], [-17303218.2695, 2173976.868900001], [-17303239.5462, 2173976.215500001], [-17303253.7357, 2173966.4899000004], [-17303262.117200002, 2173952.2172], [-17303269.2102, 2173928.215399999], [-17303275.6588, 2173912.6400999986], [-17303304.0326, 2173895.125599999], [-17303338.8535, 2173880.2010000013], [-17303350.456100002, 2173876.9499999993], [-17303361.4214, 2173870.462699998], [-17303369.1613, 2173867.8731000014], [-17303393.0187, 2173876.303100001], [-17303409.7905, 2173870.4565000013], [-17303417.526, 2173860.726500001], [-17303420.1044, 2173839.970800001], [-17303434.9295, 2173834.1305], [-17303451.0583, 2173814.0227999985], [-17303458.7954, 2173803.633200001], [-17303477.4945, 2173792.6086999997], [-17303500.703, 2173784.8191], [-17303510.3842, 2173771.1986000016], [-17303513.6065, 2173764.0546000004], [-17303531.6562, 2173745.8988999985], [-17303568.4178, 2173724.4866000004], [-17303583.8894, 2173717.9882999994], [-17303600.0058, 2173698.5298999995], [-17303617.417, 2173690.7476999983], [-17303625.1543, 2173675.8247000016], [-17303651.953, 2173660.4880000018], [-17303565.3434, 2174137.5643000007], [-17303318.2289, 2174540.8907000013], [-17303310.1747, 2174554.0359999985], [-17303570.5345, 2174906.9712999985], [-17304031.1316, 2175563.0670999996], [-17305241.0179, 2176534.6950000003], [-17304567.6193, 2178248.068599999], [-17305269.0759, 2179032.216400001], [-17305569.8559, 2180050.1576000005], [-17305618.1046, 2180046.2925000004], [-17305627.2475, 2180161.7749999985], [-17305605.0656, 2180274.0577000007], [-17305615.6998, 2180282.078499999], [-17305533.5189, 2180487.4891999997], [-17305604.6919, 2180553.1363000013], [-17305528.7003, 2180706.455600001], [-17305513.7404, 2180780.9877999984], [-17305490.9205, 2180895.8548999988], [-17305821.0761, 2181228.7106], [-17305822.2377, 2181229.6352000013], [-17305823.5612, 2181230.2707], [-17305824.9833, 2181230.5867], [-17305826.436300002, 2181230.5681000017], [-17305827.8509, 2181230.2159], [-17305829.1595, 2181229.5467999987], [-17305830.2997, 2181228.592799999], [-17305831.217100002, 2181227.3993000016], [-17305830.8721, 2181227.993999999], [-17305815.1994, 2181254.9880000018], [-17305813.528, 2181257.866799999], [-17305360.7817, 2180801.4180000015], [-17304514.7136, 2180482.9932000004], [-17303515.9808, 2180091.287999999], [-17302463.8595, 2179664.0275], [-17302115.1228, 2179522.391899999], [-17302055.9736, 2179498.3861000016], [-17302045.9927, 2179508.6026999988], [-17302019.4328, 2179573.4034], [-17301994.5602, 2179656.359099999], [-17301982.4049, 2179725.416700002], [-17301950.5063, 2179841.6534], [-17301880.653, 2179952.5603], [-17301817.6561, 2180032.591600001], [-17301714.059100002, 2180119.6006000005], [-17301621.6989, 2180190.7036999986], [-17301564.5676, 2180273.5848000012], [-17301471.0009, 2180461.0436000004], [-17301437.5608, 2180571.443], [-17301413.9929, 2180658.2525999993], [-17301410.1093, 2180693.485100001], [-17301427.2283, 2180772.3966999985], [-17301427.8976, 2180820.7575999983], [-17301431.6017, 2180877.8707999997], [-17301448.4169, 2180934.8007999994], [-17301445.5474, 2181043.3088000007], [-17301455.3224, 2181117.9272000007], [-17301450.5094, 2181191.2842999995], [-17301388.5211, 2181344.595899999], [-17301379.259999998, 2181517.6919], [-17301345.1319, 2181683.8084999993], [-17301329.3033, 2182119.3880999982], [-17301313.4642, 2182238.3456000015], [-17301294.9918, 2182272.3194999993], [-17301208.6079, 2182769.002799999], [-17301208.4787, 2182772.6609999985], [-17301199.187, 2183035.9334999993], [-17301187.9982, 2183069.8068000004], [-17301174.139, 2183121.3090000004], [-17301171.6342, 2183256.211100001], [-17301184.8919, 2183371.8363000005], [-17301185.0471, 2183541.6920999996], [-17301118.4106, 2183727.533500001], [-17301083.9134, 2183867.2859999985], [-17301076.1857, 2183940.6942999996], [-17301056.6399, 2184002.5403999984], [-17301058.5837, 2184037.6974], [-17301031.1272, 2184159.7613000013], [-17300971.6227, 2184493.3845000006], [-17300949.0204, 2184545.0128000006], [-17300869.3155, 2184788.0287999995], [-17300788.8816, 2185083.8368000016], [-17300748.7959, 2185241.2705000006], [-17300700.9174, 2185362.1614999995], [-17300598.7428, 2185561.5174000002], [-17300506.8874, 2185769.527800001], [-17300458.319, 2185946.145399999], [-17300442.7565, 2185980.0846000016], [-17300421.2641, 2186006.776299998], [-17300405.6205, 2186034.852000002], [-17300388.8637, 2186087.8685000017], [-17300368.4647, 2186193.7184999995], [-17300336.145, 2186280.674800001], [-17300186.6453, 2186536.4164000005], [-17300093.8714, 2186678.468600001], [-17300091.382, 2186709.2941000015], [-17299977.4769, 2186904.4268999994], [-17299758.4425, 2187403.0788000003], [-17299751.8437, 2187453.0243999995], [-17299696.7694, 2187581.3594000004], [-17299688.5111, 2187616.665600002], [-17299684.8872, 2187670.9690000005], [-17299533.487999998, 2188038.3981], [-17298988.6687, 2189779.2098000012], [-17298857.1544, 2190206.768199999], [-17298019.2747, 2192862.818], [-17298017.2166, 2192869.342], [-17298003.1408, 2192886.3993999995], [-17298001.3082, 2192897.4257999994], [-17297793.2437, 2194000.1246999986], [-17297472.0614, 2195703.6380999982], [-17297378.7985, 2196195.4173999988], [-17297368.2756, 2196250.9036], [-17297215.4964, 2197056.4842999987], [-17297199.9816, 2197138.3233000003], [-17297195.4624, 2197140.9224999994], [-17297021.7496, 2197270.1416000016], [-17296879.6785, 2197373.397399999], [-17296834.4712, 2197405.218199998], [-17296824.1437, 2197421.4527000003], [-17296610.3571, 2197680.5810000002], [-17296524.4651, 2197784.4805999994], [-17296494.748999998, 2197818.2586999983], [-17296487.6459, 2197828.6515000015], [-17296472.1467, 2197841.6330999993], [-17296370.7596, 2197923.4569000006], [-17296042.0193, 2198216.3357000016], [-17295958.0585, 2198304.650699999], [-17295782.9099, 2198476.9239000008], [-17295690.6098, 2198577.000599999], [-17295665.4371, 2198610.1396999992], [-17295654.4645, 2198621.193500001], [-17295580.2607, 2198728.404199999], [-17295547.993, 2198780.200100001], [-17295543.515, 2198794.493999999], [-17295540.2899, 2198800.3462999985], [-17295532.5474, 2198815.936900001], [-17295523.5052, 2198830.2247], [-17295509.9592, 2198845.1713000014], [-17295501.5668, 2198858.160599999], [-17295488.009, 2198877.657499999], [-17295479.6199, 2198889.357500002], [-17295458.9742, 2198921.1864], [-17295436.3767, 2198945.8812999986], [-17295402.8196, 2198984.8693000004], [-17295388.6147, 2199004.3537999988], [-17295372.4765, 2199021.9048000015], [-17295364.0839, 2199030.993999999], [-17295349.2418, 2199051.1378999986], [-17295327.9472, 2199075.835999999], [-17295317.6145, 2199089.480700001], [-17295302.7694, 2199114.8143999986], [-17295264.0456, 2199156.3993999995], [-17295215.637000002, 2199214.8814000003], [-17295200.7848, 2199235.0254999995], [-17295179.4928, 2199258.412700001], [-17295169.1646, 2199270.107500002], [-17295160.1217, 2199280.5053999983], [-17295136.8861, 2199305.8486], [-17295097.5123, 2199348.7322000004], [-17295063.9388, 2199381.2203], [-17295056.8419, 2199389.023499999], [-17295048.4556, 2199399.4120000005], [-17295037.476, 2199413.0659000017], [-17295020.0434, 2199431.2529999986], [-17294987.775200002, 2199466.9946000017], [-17294956.139, 2199500.1372999996], [-17294941.2926, 2199517.6812000014], [-17294927.1016, 2199535.8658000007], [-17294917.4196, 2199547.5621999986], [-17294907.7338, 2199556.658500001], [-17294894.8189, 2199569.007100001], [-17294863.8432, 2199608.6413000003], [-17294853.5118, 2199625.536800001], [-17294846.4077, 2199635.9294000007], [-17294825.7564, 2199661.2688000016], [-17294793.4849, 2199702.2107999995], [-17294780.5738, 2199724.9494000003], [-17294769.6069, 2199741.842700001], [-17294759.9214, 2199754.8396000005], [-17294750.2378, 2199771.0760000013], [-17294741.2027, 2199790.5639999993], [-17294729.5857, 2199808.756000001], [-17294714.1015, 2199839.2991999984], [-17294700.5463, 2199865.286800001], [-17294678.6096, 2199912.0643999986], [-17294656.6649, 2199949.7412], [-17294639.886, 2199980.931499999], [-17294624.3993, 2200008.213799998], [-17294612.7847, 2200029.656100001], [-17294607.6223, 2200038.7540999986], [-17294598.5809, 2200052.4026999995], [-17294583.7451, 2200073.836100001], [-17294574.0539, 2200084.8828000017], [-17294563.0805, 2200095.9364], [-17294550.1705, 2200110.2245000005], [-17294539.8439, 2200125.1697999984], [-17294519.1868, 2200148.5702], [-17294486.2715, 2200192.100499999], [-17294449.4791, 2200243.4318000004], [-17294429.4604, 2200265.522999998], [-17294420.4316, 2200278.5216999985], [-17294406.2277, 2200301.2573999986], [-17294386.2208, 2200335.0394], [-17294370.7352, 2200361.6827999987], [-17294363.6309, 2200375.976], [-17294356.5354, 2200390.919500001], [-17294331.3723, 2200447.4406000003], [-17294326.8589, 2200463.6801999994], [-17294322.9841, 2200478.6215999983], [-17294318.4732, 2200489.6711999997], [-17294305.5629, 2200531.892099999], [-17294299.7611, 2200554.639899999], [-17294294.6045, 2200569.577799998], [-17294290.0884, 2200582.567499999], [-17294285.5708, 2200596.217799999], [-17294279.764, 2200608.5538999997], [-17294270.0808, 2200636.4919999987], [-17294247.4953, 2200687.8200999983], [-17294241.694, 2200702.116700001], [-17294230.723, 2200720.310800001], [-17294197.1509, 2200763.1900000013], [-17294185.5297, 2200778.782200001], [-17294168.1025, 2200798.2804999985], [-17294131.3178, 2200854.1635], [-17294111.9485, 2200878.8467000015], [-17294057.7274, 2200949.6772999987], [-17294018.9887, 2200999.0546000004], [-17293952.5005, 2201088.726500001], [-17293939.5922, 2201106.2655000016], [-17293926.6834, 2201123.815200001], [-17293896.9917, 2201165.3944999985], [-17293873.1041, 2201199.838300001], [-17293847.2826, 2201236.2272000015], [-17293828.5666, 2201262.2124999985], [-17293822.7559, 2201271.958999999], [-17293813.074, 2201283.0056999996], [-17293773.0535, 2201344.081700001], [-17293744.6541, 2201385.6646], [-17293698.8214, 2201448.6964000016], [-17293690.4221, 2201459.7467], [-17293666.5409, 2201495.4805999994], [-17293655.5686, 2201509.7743000016], [-17293638.789, 2201532.5146000013], [-17293614.8985, 2201559.8071999997], [-17293563.2463, 2201615.6937000006], [-17293551.6313, 2201628.6856000014], [-17293540.65, 2201642.329399999], [-17293481.9064, 2201711.2093], [-17293434.1288, 2201763.844300002], [-17293416.0578, 2201782.0408000015], [-17293405.0795, 2201794.384399999], [-17293390.2327, 2201811.278999999], [-17293375.3818, 2201829.473299999], [-17293359.239, 2201847.6752000004], [-17293326.9631, 2201884.0573000014], [-17293297.9025, 2201914.5973999985], [-17293265.6266, 2201950.9901], [-17293248.1957, 2201967.2379], [-17293226.2394, 2201991.924899999], [-17293202.9929, 2202011.4179], [-17293180.4045, 2202034.8134999983], [-17293165.5466, 2202051.7082], [-17293150.7013, 2202067.952300001], [-17293106.7956, 2202110.8467000015], [-17293092.597599998, 2202126.4420999996], [-17293079.6771, 2202140.091400001], [-17293060.3139, 2202157.6339999996], [-17293026.0933, 2202192.0711000003], [-17293007.361, 2202207.6655], [-17292938.9224, 2202259.657499999], [-17292911.152, 2202279.159699999], [-17292899.5378, 2202287.600200001], [-17292881.4565, 2202301.2564000003], [-17292855.6215, 2202318.1523], [-17292833.6713, 2202332.447999999], [-17292816.2399, 2202344.7949], [-17292791.7023, 2202359.743900001], [-17292734.2237, 2202394.191300001], [-17292720.0221, 2202399.3955999985], [-17292681.2775, 2202421.4888000004], [-17292632.8403, 2202450.7382999994], [-17292566.9832, 2202491.6843999997], [-17292546.9572, 2202503.374400001], [-17292530.1687, 2202520.9241999984], [-17292530.8306, 2202546.260400001], [-17292530.828900002, 2202558.602400001], [-17292528.8986, 2202574.8508], [-17292525.0224, 2202593.6838000007], [-17292524.3849, 2202606.034699999], [-17292519.8641, 2202624.226500001], [-17292515.3451, 2202637.8674000017], [-17292508.8918, 2202649.5625], [-17292502.4373, 2202661.9078], [-17292494.6867, 2202671.6598999985], [-17292487.5928, 2202685.304200001], [-17292479.2006, 2202704.7958999984], [-17292474.0333, 2202715.1840000004], [-17292469.5178, 2202727.5348000005], [-17292459.1939, 2202756.1235000007], [-17292449.5074, 2202776.2621], [-17292444.9882, 2202786.0124999993], [-17292440.4705, 2202795.1021], [-17292434.6589, 2202808.7498999983], [-17292409.4793, 2202849.0319], [-17292395.2828, 2202867.878899999], [-17292354.6099, 2202924.4146], [-17292344.9236, 2202936.7617000006], [-17292336.5295, 2202945.2007], [-17292322.3189, 2202953.656300001], [-17292312.6372, 2202960.1515999995], [-17292303.5972, 2202968.600400001], [-17292284.8709, 2202989.395799998], [-17292279.0533, 2202997.1922000013], [-17292268.731, 2203009.537700001], [-17292236.4446, 2203040.729800001], [-17292221.5167, 2203059.1493000016], [-17292206.7367, 2203078.420499999], [-17292198.990199998, 2203094.0133999996], [-17292193.1839, 2203105.710900001], [-17292188.0201, 2203114.8093000017], [-17292180.2778, 2203125.2010000013], [-17292165.4269, 2203146.646899998], [-17292149.2836, 2203164.1884000003], [-17292135.7239, 2203178.4860000014], [-17292126.68, 2203192.1356999986], [-17292109.8988, 2203225.918900002], [-17292102.7937, 2203243.4640999995], [-17292096.3386, 2203255.8099999987], [-17292084.7215, 2203268.8022000007], [-17292034.9899, 2203297.3982999995], [-17292015.625, 2203311.050900001], [-17291989.7897, 2203323.3957], [-17291981.3905, 2203329.8951000012], [-17291964.6074, 2203344.844700001], [-17291951.687, 2203357.8440999985], [-17291946.5195, 2203364.342], [-17291943.2964, 2203372.785100002], [-17291938.7819, 2203384.486200001], [-17291928.4503, 2203400.082800001], [-17291918.763, 2203416.320700001], [-17291911.0188, 2203427.3731999993], [-17291905.2012, 2203435.1697000004], [-17291899.392, 2203439.715500001], [-17291883.8955, 2203449.466600001], [-17291871.623, 2203457.9169000015], [-17291854.185, 2203472.214499999], [-17291834.1751, 2203489.1054], [-17291822.5488, 2203501.4580000006], [-17291808.3371, 2203517.6942999996], [-17291799.304899998, 2203530.6933000013], [-17291791.5501, 2203537.844999999], [-17291783.1558, 2203546.295000002], [-17291740.5365, 2203577.4904000014], [-17291731.4958, 2203585.9387999997], [-17291728.2672, 2203592.4312999994], [-17291728.915, 2203599.5744000003], [-17291728.2753, 2203608.6752999984], [-17291723.7506, 2203616.475499999], [-17291717.2932, 2203625.5705999993], [-17291711.4846, 2203637.9186000004], [-17291706.9683, 2203650.2591999993], [-17291706.3217, 2203658.0595999993], [-17291704.3838, 2203669.096900001], [-17291701.167, 2203682.741700001], [-17291694.7046, 2203705.490699999], [-17291689.5469, 2203719.780299999], [-17291686.9626, 2203730.8264999986], [-17291686.3193, 2203745.1180000007], [-17291687.6187, 2203754.213799998], [-17291688.2593, 2203767.8596], [-17291697.3186, 2203829.578400001], [-17291702.5018, 2203882.8555000015], [-17291707.6701, 2203906.895300001], [-17291715.4328, 2203927.6809], [-17291715.4342, 2203938.723700002], [-17291710.2718, 2203947.1724000014], [-17291703.163, 2203954.3260000013], [-17291695.4134, 2203959.526999999], [-17291689.5993, 2203962.1220000014], [-17291682.5028, 2203968.6251999997], [-17291679.9115, 2203974.4695999995], [-17291678.6313, 2203985.5194999985], [-17291676.686300002, 2203995.2666999996], [-17291671.525, 2204006.9562], [-17291663.129, 2204016.0566000007], [-17291654.095, 2204025.8051000014], [-17291643.1182, 2204036.849100001], [-17291635.365000002, 2204043.350499999], [-17291629.5579, 2204051.1473000012], [-17291621.8078, 2204064.139800001], [-17291616.641, 2204077.7903000005], [-17291607.5983, 2204090.7797], [-17291600.4982, 2204098.583299998], [-17291592.1056, 2204106.383299999], [-17291578.5413, 2204118.080600001], [-17291566.2719, 2204129.1316], [-17291550.7703, 2204140.1730000004], [-17291538.5009, 2204151.2239000015], [-17291524.94, 2204165.5221999995], [-17291514.6046, 2204174.6171000004], [-17291493.9438, 2204192.8176999986], [-17291451.9723, 2204230.5067999996], [-17291403.532899998, 2204269.4996999986], [-17291384.8061, 2204285.7443999983], [-17291361.5559, 2204305.2382000014], [-17291302.7929, 2204352.6860999987], [-17291282.7678, 2204370.877799999], [-17291260.164, 2204386.482900001], [-17291236.912299998, 2204402.7256000005], [-17291221.4156, 2204407.9257000014], [-17291214.3104, 2204409.8775999993], [-17291207.8484, 2204409.2302], [-17291199.456, 2204405.326200001], [-17291190.4082, 2204400.781300001], [-17291181.3678, 2204397.5364000015], [-17291171.6805, 2204398.1909999996], [-17291163.9237, 2204402.091699999], [-17291158.1164, 2204405.9869999997], [-17291151.6586, 2204415.082199998], [-17291146.4938, 2204424.1812999994], [-17291138.0937, 2204434.5823], [-17291119.3732, 2204456.0282000005], [-17291089.657899998, 2204483.3172999993], [-17291052.8464, 2204509.3169], [-17291041.8691, 2204520.3605999984], [-17291036.0645, 2204534.66], [-17291032.8387, 2204551.5560999997], [-17291032.190899998, 2204567.1488000005], [-17291032.197300002, 2204580.1427999996], [-17291030.2605, 2204598.3330999985], [-17291028.9714, 2204619.7762], [-17291024.461, 2204641.2203], [-17291017.3544, 2204658.7564999983], [-17291007.6677, 2204678.2569000013], [-17291000.561300002, 2204688.0009000003], [-17290988.9372, 2204699.0544000007], [-17290976.0222, 2204705.5518000014], [-17290957.9417, 2204710.1052], [-17290943.0831, 2204714.657499999], [-17290927.5858, 2204719.8577999994], [-17290882.3643, 2204728.9602999985], [-17290867.5088, 2204732.2118999995], [-17290848.1298, 2204738.712099999], [-17290837.1491, 2204743.2646000013], [-17290822.9411, 2204749.7584999986], [-17290815.8406, 2204753.660599999], [-17290809.3864, 2204761.456700001], [-17290804.2123, 2204769.905699998], [-17290796.4629, 2204782.2600000016], [-17290775.7986, 2204812.144299999], [-17290756.426, 2204838.792300001], [-17290723.4904, 2204883.6301000006], [-17290713.803, 2204899.2302], [-17290708.6376, 2204908.329599999], [-17290702.8235, 2204921.9684000015], [-17290698.3067, 2204941.4635999985], [-17290698.3147, 2204949.917300001], [-17290700.895800002, 2204959.0066], [-17290722.2175, 2204999.9389000013], [-17290728.6743, 2205017.4827000014], [-17290731.9151, 2205033.076699998], [-17290728.6873, 2205042.832199998], [-17290722.2256, 2205053.2287999988], [-17290707.3664, 2205068.8247999996], [-17290697.681, 2205079.8729000017], [-17290694.451, 2205090.268199999], [-17290695.7461, 2205100.664999999], [-17290699.6286, 2205114.310800001], [-17290698.9859, 2205127.954], [-17290693.814, 2205146.7974000014], [-17290680.2595, 2205169.549899999], [-17290674.4493, 2205177.9974000007], [-17290667.3408, 2205188.392000001], [-17290616.3124, 2205226.7397000007], [-17290606.6293, 2205233.2358999997], [-17290591.7764, 2205242.9901], [-17290576.9198, 2205250.1319999993], [-17290532.9991, 2205267.0414999984], [-17290515.5602, 2205276.7881999984], [-17290505.8714, 2205285.235199999], [-17290497.4682, 2205296.2870000005], [-17290480.0355, 2205326.171], [-17290472.9357, 2205337.2267000005], [-17290465.8252, 2205348.2716000006], [-17290451.616, 2205362.5691], [-17290325.678, 2205470.4497000016], [-17290310.168899998, 2205483.4532000013], [-17290303.0731, 2205489.295600001], [-17290290.1454, 2205496.4536999986], [-17290264.9567, 2205503.5977], [-17290245.5837, 2205511.3979], [-17290233.9526, 2205517.2485000007], [-17290215.2191, 2205523.7501000017], [-17290194.5579, 2205537.3993000016], [-17290153.2169, 2205567.2883], [-17290131.9018, 2205583.5364000015], [-17290164.2026, 2205594.579], [-17292252.1036, 2206294.6977999993], [-17295924.949500002, 2207519.0848000012], [-17295958.5469, 2207530.7608999982], [-17295966.9633, 2207533.959399998], [-17297067.9144, 2207902.180399999], [-17297069.5831, 2207902.738400001], [-17297192.9587, 2207944.3544999994], [-17297216.216, 2207950.8636999987], [-17298683.864, 2208440.5031000003], [-17300979.7525, 2209208.8662], [-17301012.6996, 2209219.914099999], [-17301032.0768, 2209214.0626999997], [-17301225.2375, 2209177.020300001], [-17306114.0857, 2208237.3627999984], [-17309830.671099998, 2207526.5069000013], [-17309873.2989, 2207517.3971000016], [-17309907.4264, 2207508.9342], [-17315959.0734, 2206343.520300001], [-17318917.0474, 2205773.5033], [-17318949.344, 2205765.0540000014], [-17318921.5624, 2205726.726500001], [-17318002.3817, 2204367.661699999], [-17316106.9395, 2201557.396499999], [-17314299.2318, 2198869.4191000015], [-17314261.7894, 2198811.6114999987], [-17314232.7405, 2198783.025800001], [-17314230.1614, 2198779.7820000015], [-17314202.4221, 2198738.6777000017], [-17313868.0091, 2198248.9365000017], [-17312386.6191, 2196052.960999999], [-17312282.0617, 2195895.7903000005], [-17312280.1257, 2195882.7991999984], [-17312272.3922, 2195848.3720000014], [-17312253.6759, 2195784.732000001], [-17312215.6133, 2195642.5034000017], [-17312149.7997, 2195397.0194999985], [-17312106.5839, 2195235.9580999985], [-17312099.4788, 2195211.9312000014], [-17313286.8107, 2193102.3464], [-17313292.6223, 2193091.3095000014], [-17313315.8585, 2193058.849399999], [-17314783.6771, 2191083.868999999], [-17316432.544, 2188866.888700001], [-17316699.6783, 2188504.0042999983], [-17316729.3623, 2188471.5494000018], [-17316745.4916, 2188454.6746999994], [-17316808.7279, 2188386.5130000003], [-17317345.5673, 2187806.819600001], [-17317890.110799998, 2187215.441399999], [-17318508.1648, 2186542.9375], [-17318729.4435, 2186302.7628999986], [-17318813.9512, 2186214.4794000015], [-17318866.21, 2186165.140999999], [-17318920.3938, 2186116.4552000016], [-17319391.9576, 2185665.3095999993], [-17319991.2172, 2185101.213100001], [-17320818.1375, 2184319.659699999], [-17321105.7932, 2184050.266899999], [-17321118.0374, 2184036.6459], [-17322349.7853, 2182859.0386999995], [-17323220.2607, 2182030.6796999983], [-17323400.1518, 2181858.6521000005], [-17323787.4904, 2181482.146899998], [-17323845.5486, 2181420.5221999995], [-17324311.9939, 2180966.4494000003], [-17324649.4067, 2180632.3739], [-17324675.8494, 2180607.072900001], [-17324687.4598, 2180596.6981999986], [-17324717.138, 2180581.780699998], [-17325223.4804, 2180337.9472999983], [-17325263.4708, 2180317.1873999983], [-17325274.447, 2180288.640900001], [-17325492.5467, 2179733.2994000018], [-17325502.873999998, 2179706.6900999993], [-17325518.9957, 2179692.4252999984], [-17325740.8911, 2179486.796100002], [-17325902.151, 2179337.6132999994], [-17325926.662299998, 2179314.258299999], [-17325958.9185, 2179282.4712999985], [-17326098.8838, 2179153.3907999992], [-17326347.2122, 2178952.307500001], [-17326761.2836, 2178624.7507000007], [-17326823.8391, 2178574.1503], [-17326983.7854, 2178448.3189000003], [-17327164.3794, 2178306.2690000013], [-17327455.2415, 2178072.7600000016], [-17327498.4444, 2178039.6772999987], [-17327463.0048, 2177859.3112000003], [-17327448.179700002, 2177778.221999999], [-17327548.7792, 2177714.0111999996], [-17328118.2186, 2177352.7344999984], [-17328514.8084, 2177095.8768000007], [-17329341.4958, 2176565.2861], [-17330124.2826, 2176064.5161000006], [-17330698.1329, 2175699.3126000017], [-17330721.3458, 2175684.394699998], [-17330698.1305, 2175658.4466999993], [-17330664.6021, 2175621.473299999], [-17330646.5477, 2175597.4782], [-17330620.755599998, 2175546.2311999984], [-17330471.1565, 2175260.816399999], [-17330447.3039, 2175217.3511999995], [-17330444.3017, 2175198.008200001], [-17330434.4068, 2175166.7564999983], [-17330422.7955, 2175099.9444999993], [-17330378.2995, 2174798.329], [-17330334.4547, 2174524.599199999], [-17330273.2056, 2174120.4970000014], [-17330133.2934, 2173213.0810000002], [-17329929.6003, 2171860.140900001], [-17329733.0179, 2170570.1878999993], [-17329559.6818, 2169458.0007999986], [-17329535.8406, 2169305.6019], [-17329535.2614, 2169304.333999999], [-17329523.0072, 2169243.3794], [-17329390.8548, 2168601.392000001], [-17329176.8588, 2167569.050900001], [-17328774.0863, 2165567.3968], [-17328746.3771, 2165437.0758000016], [-17328714.1621, 2165290.538800001], [-17328580.1486, 2164677.1631999984], [-17328567.257600002, 2164616.8674000017], [-17328559.533, 2164559.162999999], [-17328520.2394, 2164222.6691000015], [-17328493.1862, 2163997.041099999], [-17328453.9029, 2163681.2974999994], [-17328452.6126, 2163663.788400002], [-17328470.6555, 2163639.8033999987], [-17328568.0194, 2163512.1427000016], [-17328736.1656, 2163291.670600001], [-17328749.6981, 2163272.8709999993], [-17328782.5574, 2163252.7754999995], [-17328837.3042, 2163219.8046000004], [-17329360.5731, 2162904.6614999995], [-17329383.8996, 2162889.5771000013], [-17329387.6459, 2162887.1543000005], [-17329408.2637, 2162884.5621999986], [-17329421.7951, 2162884.567400001], [-17329421.1481, 2162775.652800001], [-17329421.149, 2162741.9222999997], [-17329421.1568, 2162500.125500001], [-17329425.4934, 2161950.508299999], [-17329439.8152, 2161945.7060000002], [-17329442.372, 2161944.4981999993], [-17329466.2168, 2161929.5942], [-17329467.315899998, 2161928.8187000006], [-17329497.5978, 2161904.8288000003], [-17329498.5803, 2161903.9596999995], [-17329531.1817, 2161871.8147], [-17329568.4448, 2161839.3999000005], [-17329621.1486, 2161802.1587000005], [-17329639.5264, 2161793.7628999986], [-17329657.823, 2161792.090999998], [-17329677.5197, 2161793.333299998], [-17329677.5958, 2161797.3693999983], [-17329678.0019, 2161797.408500001], [-17329867.1925, 2161800.6473000012], [-17329950.070299998, 2161804.5298999995], [-17329952.1364, 2161804.4935000017], [-17329990.2491, 2161801.351], [-17330078.2687, 2161807.2575999983], [-17330124.1996, 2161810.339899998], [-17330516.4367, 2161844.6911999993], [-17331353.815700002, 2161896.0482], [-17331358.4562, 2161903.719999999], [-17331361.606, 2161907.4877000004], [-17331377.0674, 2161921.1074], [-17331381.4486, 2161923.859700002], [-17331413.6752, 2161937.465500001], [-17331417.1005, 2161938.4804], [-17331468.0007, 2161947.554299999], [-17331510.628399998, 2161955.1240999997], [-17331576.2547, 2161977.336599998], [-17331641.0272, 2162001.607000001], [-17331657.5456, 2162009.648400001], [-17331676.9813, 2162030.9244999997], [-17331726.2373, 2162093.353], [-17331769.502, 2162147.2566], [-17331772.1739, 2162149.8905999996], [-17331792.1479, 2162165.4503000006], [-17331793.7427, 2162166.5452999994], [-17331934.8642, 2162251.4602999985], [-17332080.2474, 2162333.3566999994], [-17332228.2643, 2162416.221900001], [-17332256.2218, 2162433.092700001], [-17332404.9069, 2162548.4811999984], [-17332509.8671, 2162632.037799999], [-17332547.3616, 2162661.3027999997], [-17332550.3543, 2162663.1515999995], [-17332585.7938, 2162680.0025000013], [-17332588.7439, 2162681.0665000007], [-17332662.7187, 2162699.8154999986], [-17332781.7995, 2162732.1790000014], [-17332824.5333, 2162743.7283999994], [-17332837.6079, 2162748.1107], [-17332842.2144, 2162748.9345999993], [-17332863.4833, 2162749.5830999985], [-17332865.8067, 2162749.4857], [-17332910.0915, 2162744.3812999986], [-17332962.515, 2162743.7452999987], [-17332999.649, 2162744.3847999983], [-17333001.9811, 2162744.2545999996], [-17333072.2155, 2162735.166700002], [-17333110.8776, 2162728.577799998], [-17333113.0193, 2162728.0581], [-17333145.7396, 2162717.6974], [-17333159.9217, 2162717.1655], [-17333179.4975, 2162719.0018999986], [-17333182.8607, 2162718.962699998], [-17333248.1672, 2162711.3027999997], [-17333287.6965, 2162711.9318999983], [-17333288.8279, 2162711.910100002], [-17333312.6672, 2162710.603700001], [-17333315.4856, 2162710.1961999983], [-17333348.3486, 2162702.4109000005], [-17333447.2174, 2162677.0485999994], [-17333476.8867, 2162668.607999999], [-17333482.09, 2162667.3971000016], [-17333499.6459, 2162669.6052], [-17333516.1748, 2162672.1603999995], [-17333520.0412, 2162672.285700001], [-17333541.9469, 2162670.339400001], [-17333568.9059, 2162667.0320000015], [-17333572.4805, 2162666.1668], [-17333575.0256, 2162664.969900001], [-17333587.801, 2162656.857900001], [-17333590.2353, 2162654.9596999995], [-17333601.1864, 2162644.59], [-17333603.3712, 2162642.041700002], [-17333613.6816, 2162627.1295999996], [-17333615.0106, 2162624.8238000013], [-17333625.4333, 2162602.7357], [-17333630.7941, 2162598.927099999], [-17333640.5942, 2162595.966499999], [-17333662.6259, 2162591.037999999], [-17333786.677699998, 2162573.0020999983], [-17333824.990199998, 2162569.1394999996], [-17333830.2525, 2162567.673700001], [-17333852.1554, 2162557.292800002], [-17333853.7811, 2162556.404199999], [-17333885.9994, 2162536.3016999997], [-17333889.1663, 2162533.7140999995], [-17333902.6896, 2162519.4541999996], [-17333904.5444, 2162517.094700001], [-17333912.2561, 2162505.151999999], [-17333919.85, 2162496.555399999], [-17333933.0237, 2162489.4551], [-17333987.9351, 2162480.2316999994], [-17334047.0803, 2162473.8211999983], [-17334075.1096, 2162471.8911000006], [-17334079.4301, 2162470.9844000004], [-17334097.4705, 2162464.5029999986], [-17334101.3268, 2162462.4924000017], [-17334111.8796, 2162455.020300001], [-17334197.3973, 2162485.8559999987], [-17335267.0746, 2162878.430399999], [-17335828.391, 2163081.8330000006], [-17337339.551, 2163639.4464000016], [-17337565.6531, 2163723.592500001], [-17337679.378200002, 2163767.4893000014], [-17337692.3043, 2163772.9860999994], [-17337693.3123, 2163773.9974000007], [-17337695.6163, 2163775.615600001], [-17337698.0378, 2163776.759300001], [-17337738.9576, 2163792.069600001], [-17337664.7529, 2163940.8944000006], [-17335976.7989, 2167404.8748999983], [-17334625.924, 2170208.692400001], [-17334753.4291, 2170424.5494999997], [-17334709.8975, 2170630.8022000007], [-17334766.4424, 2170659.1323000006], [-17334787.3449, 2170979.5198], [-17334881.2274, 2170967.784000002], [-17334830.9663, 2171073.2804000005], [-17334768.1253, 2171205.1812000014], [-17334763.0595, 2171215.8137999997], [-17334746.3541, 2171250.8781000003], [-17334724.7188, 2171296.2894], [-17334664.0989, 2171423.5260000005], [-17334645.48, 2171459.739], [-17334587.8263, 2171578.534699999], [-17334565.8585, 2171623.798700001], [-17334547.8546, 2171660.896400001], [-17334532.2638, 2171693.020199999], [-17334518.5466, 2171721.284000002], [-17334504.503200002, 2171750.219999999], [-17334490.5677, 2171778.9338000007], [-17334489.114, 2171781.9298], [-17334516.3078, 2171794.9189999998], [-17334545.328900002, 2171808.7820000015], [-17334574.726, 2171822.8242000006], [-17334606.4839, 2171837.9941999987], [-17334644.6268, 2171856.2137], [-17334690.569, 2171878.1587999985], [-17334717.470399998, 2171886.390900001], [-17334833.775, 2171940.596900001], [-17334848.957, 2171947.953499999], [-17334924.7733, 2171984.6911000013], [-17334959.2703, 2172001.406800002], [-17334990.2073, 2172016.397500001], [-17335018.9609, 2172030.3304000013], [-17335036.5842, 2172038.870000001], [-17335064.9569, 2172052.6180999987], [-17335093.948, 2172066.665600002], [-17335125.2511, 2172081.833299998], [-17335161.8404, 2172099.5626999997], [-17335239.8097, 2172137.3423000015], [-17335250.9794, 2172143.4263000004], [-17335354.6233, 2172194.083999999], [-17335369.5624, 2172201.204399999], [-17335446.4376, 2172237.8444], [-17335481.242200002, 2172254.4329999983], [-17335511.9035, 2172269.046500001], [-17335541.003200002, 2172282.9158999994], [-17335569.653, 2172296.5705000013], [-17335570.9346, 2172297.181499999], [-17335599.902400002, 2172310.9877999984], [-17335629.2404, 2172324.970400002], [-17335660.401, 2172339.8216999993], [-17335697.5205, 2172357.512699999], [-17335775.6503, 2172394.749400001], [-17335792.7296, 2172402.0599999987], [-17335886.0724, 2172446.5944], [-17335901.747, 2172454.0727000013], [-17335971.0563, 2172487.1402000003], [-17336010.0498, 2172505.743999999], [-17336042.5057, 2172521.2289000005], [-17336070.9648, 2172534.8062000014], [-17336099.5597, 2172548.4486999996], [-17336112.4273, 2172554.5878], [-17336141.751000002, 2172568.5777000003], [-17336170.8497, 2172582.460000001], [-17336203.139, 2172597.8649999984], [-17336243.492, 2172617.1169000007], [-17336315.853, 2172651.9409999996], [-17336326.2247, 2172659.4004999995], [-17336406.8886, 2172699.6196000017], [-17336422.1917, 2172707.0940999985], [-17336485.9417, 2172738.230799999], [-17336527.139200002, 2172758.3528999984], [-17336561.0667, 2172774.9230999984], [-17336591.7997, 2172789.9343999997], [-17336620.2506, 2172803.8299000002], [-17336643.9906, 2172815.4250999987], [-17336672.8741, 2172829.532299999], [-17336704.1358, 2172844.8007000014], [-17336740.0618, 2172862.3467999995], [-17336783.2475, 2172883.439100001], [-17336844.6513, 2172914.0053000003], [-17336859.7375, 2172924.481400002], [-17336927.0253, 2172957.5122000016], [-17336942.1349, 2172965.4109000005], [-17337017.3864, 2173001.394699998], [-17337065.2909, 2173024.3013999984], [-17337103.6553, 2173042.646499999], [-17337137.5494, 2173058.853100002], [-17337145.8167, 2173062.806400001], [-17337175.9906, 2173077.2344999984], [-17337209.7461, 2173093.3753999993], [-17337249.961, 2173112.604699999], [-17337298.4811, 2173135.8048], [-17337371.1935, 2173174.216400001], [-17337396.592, 2173187.4613000005], [-17337445.1648, 2173214.0639999993], [-17337466.734, 2173224.3940000013], [-17337539.8641, 2173259.581099998], [-17337589.5294, 2173283.477499999], [-17337628.4466, 2173302.2027000003], [-17337662.3147, 2173318.4981000014], [-17337683.3836, 2173328.635400001], [-17337714.6876, 2173343.6972999983], [-17337748.9717, 2173360.1928000003], [-17337788.1212, 2173379.0297], [-17337837.6549, 2173402.8616999984], [-17337917.712700002, 2173441.3803999983], [-17337934.1125, 2173449.502700001], [-17337980.0743, 2173471.667100001], [-17337995.7156, 2173479.2102000006], [-17338071.897, 2173515.9474], [-17338120.186, 2173539.234000001], [-17338158.6812, 2173557.7974999994], [-17338193.4449, 2173574.5617000014], [-17338224.028, 2173589.3093000017], [-17338225.0822, 2173589.818], [-17338255.229, 2173604.3554], [-17338290.0829, 2173621.162700001], [-17338328.7783, 2173639.8220999986], [-17338434.4138, 2173690.761], [-17338858.3819, 2173897.3779000007], [-17338985.8418, 2173959.5045000017], [-17339072.071, 2174001.8724999987], [-17339427.1059, 2174176.3112000003], [-17339798.4107, 2174357.9957999997], [-17340349.3019, 2174629.7806], [-17340338.2693, 2174649.8257], [-17340300.3702, 2174718.4189999998], [-17339452.0381, 2176253.713799998], [-17339324.967, 2176493.6900999993], [-17340514.5967, 2176366.8059], [-17340515.8626, 2176459.564100001], [-17340506.757600002, 2176885.742899999], [-17340504.1756, 2176929.843899999], [-17340513.8388, 2176963.585099999], [-17340611.1416, 2177358.0029999986], [-17340678.7986, 2177635.0023000017], [-17340728.4088, 2177825.7357], [-17341108.6536, 2179299.0634000003], [-17340846.7462, 2179991.9217999987], [-17340893.8035, 2180143.0901000015], [-17341002.7501, 2180478.5293000005], [-17341007.9042, 2180499.9481999986], [-17341026.587700002, 2180625.1669000015], [-17341164.4673, 2181543.2908999994], [-17341253.171, 2181708.8709999993], [-17341350.8233, 2181797.8651], [-17341351.1512, 2181798.1964000016], [-17341208.9716, 2181833.950100001], [-17341237.9774, 2182036.390999999], [-17341243.7741, 2182066.8814000003], [-17341249.5802, 2182074.675999999], [-17341375.9728, 2182209.6468], [-17341403.7046, 2182241.4452], [-17341428.8568, 2182266.748399999], [-17342833.5517, 2183780.027800001], [-17342930.3037, 2183882.5500000007], [-17342969.0, 2183924.7322000004], [-17343070.9149, 2184035.0489000008], [-17343077.369599998, 2184036.9990999997], [-17343098.5526, 2184057.9483999982], [-17343396.9648, 2184378.1108999997], [-17337482.4724, 2185586.921100002], [-17337237.0865, 2190637.6050000004], [-17337099.8887, 2193774.4036], [-17337219.0732, 2196090.536800001], [-17337443.2941, 2200193.1075999998], [-17337520.1884, 2201599.8018999994], [-17337559.6499, 2202321.656199999], [-17337625.9534, 2203147.4692], [-17335178.315, 2204080.6849000007], [-17330812.703900002, 2205756.5757], [-17329379.7863, 2206308.1385999992], [-17325664.6705, 2207737.5964], [-17325642.706, 2207746.036800001], [-17325597.4857, 2207834.3918000013], [-17324043.2167, 2210793.2903999984], [-17323808.7409, 2211239.6173], [-17323788.0537, 2211277.305300001], [-17323781.9186, 2211285.7479000017], [-17323064.772, 2212636.5546999983], [-17323037.6571, 2212685.955699999], [-17323005.3757, 2212748.3592999987], [-17322624.503, 2213471.2470999993], [-17322591.5741, 2213532.3619999997], [-17322590.9248, 2213534.9629000016], [-17322574.1078, 2213565.3552], [-17320922.8013, 2216693.6768999994], [-17320887.2722, 2216757.399799999], [-17320787.7436, 2216705.4087000005], [-17316819.300499998, 2214583.3812000006], [-17316387.0231, 2214351.9595], [-17316359.8866, 2214337.0100000016], [-17316319.8288, 2214364.303100001], [-17314571.2473, 2215459.4998000003], [-17312010.6668, 2217060.8805], [-17309903.4282, 2218393.748300001], [-17309873.3121, 2218413.2630000003], [-17309855.8714, 2218424.3247000016], [-17308221.6735, 2219450.289099999], [-17308120.8614, 2219513.3889999986], [-17307999.990000002, 2219483.5144999996], [-17303277.6223, 2218291.284699999], [-17302401.8394, 2218068.3066999987], [-17302317.1708, 2218048.8035999984], [-17302198.2492, 2217958.4279999994], [-17301451.1303, 2217363.5025000013], [-17298163.9356, 2214747.5826000012]]]]}}, {"type": "Feature", "properties": {"OBJECTID": 325, "CreationDate": "2025-01-14T11:11:13Z", "Creator": "NPS_WASO_LANDS", "EditDate": "2025-01-14T11:11:13Z", "Editor": "NPS_WASO_LANDS", "GlobalID": "{FC160D1A-D510-4633-8AF9-7CFDC32CEB40}", "AreaID": 340, "UNIT_CODE": "PUHE", "GIS_Notes": "Lands - http://landsnet.nps.gov/tractsnet/documents/PUHE/Metadata/puhe_metadata.xml", "UNIT_NAME": "Pu'ukohola Heiau National Historic Site", "DATE_EDIT": "2008-06-18T00:00:00Z", "STATE": "HI", "REGION": "PW", "GNIS_ID": "1877550", "UNIT_TYPE": "National Historic Site", "CREATED_BY": "Lands", "METADATA": "https://irma.nps.gov/DataStore/Reference/Profile/1048187", "PARKNAME": "Puukohola Heiau", "SHAPE_Length": 3016.8867714829676, "SHAPE_Area": 396784.4726518209}, "geometry": {"type": "MultiPolygon", "coordinates": [[[[-17346081.563500002, 2275978.546], [-17346188.1705, 2275978.3374000005], [-17346220.7566, 2275978.2738999985], [-17346221.1908, 2275982.6224999987], [-17346225.2124, 2276021.0146999992], [-17346225.3173, 2276022.2366999984], [-17346225.3552, 2276022.9037999995], [-17346225.5939, 2276028.0201000012], [-17346225.798299998, 2276031.7501999997], [-17346225.8472, 2276033.4814999998], [-17346225.837, 2276034.3665000014], [-17346225.7479, 2276037.9208999984], [-17346225.693, 2276039.1697999984], [-17346225.4889, 2276041.2945999987], [-17346225.1473, 2276043.4014], [-17346224.6695, 2276045.481400002], [-17346224.4826, 2276046.159000002], [-17346223.9036, 2276048.1732], [-17346223.4786, 2276049.5397000015], [-17346222.8442, 2276051.2690000013], [-17346220.484, 2276057.1812000014], [-17346220.3749, 2276057.451299999], [-17346220.3048, 2276057.6209999993], [-17346218.3169, 2276062.398600001], [-17346216.6251, 2276066.6204999983], [-17346215.6654, 2276070.587099999], [-17346214.4773, 2276077.021299999], [-17346212.843, 2276086.8134999983], [-17346212.7635, 2276087.269200001], [-17346211.8371, 2276092.3746999986], [-17346211.815, 2276092.5725000016], [-17346211.9689, 2276092.9734000005], [-17346212.1947, 2276093.5791999996], [-17346215.5788, 2276102.9393000007], [-17346215.7906, 2276103.5436000004], [-17346216.4107, 2276105.585099999], [-17346216.8965, 2276107.6631000005], [-17346217.2461, 2276109.7688000016], [-17346217.3811, 2276110.9470000006], [-17346217.9043, 2276116.3852000013], [-17346217.981399998, 2276117.331099998], [-17346218.0543, 2276119.3060000017], [-17346221.166, 2276126.2474000007], [-17346221.2469, 2276126.4290999994], [-17346223.8072, 2276132.2349000014], [-17346224.1008, 2276132.9213999994], [-17346224.6059, 2276134.2195000015], [-17346227.0885, 2276141.020300001], [-17346227.3346, 2276141.718899999], [-17346227.9544, 2276143.760499999], [-17346228.2533, 2276144.9640000015], [-17346229.5, 2276150.4261000007], [-17346229.6872, 2276151.3007000014], [-17346269.1287, 2276331.5128999986], [-17346154.5006, 2276432.3024000004], [-17346130.8818, 2276453.069600001], [-17346125.4031, 2276461.6766999997], [-17346120.7441, 2276473.148699999], [-17346117.915, 2276483.1834000014], [-17346115.490000002, 2276492.3982000016], [-17346114.0881, 2276504.0681999996], [-17346113.915, 2276524.050900001], [-17346114.9628, 2276540.0144000016], [-17346117.2321, 2276556.1794999987], [-17346120.3088, 2276568.6587000005], [-17346124.8068, 2276579.703499999], [-17346133.007, 2276599.3902000003], [-17346108.8194, 2276743.598099999], [-17346107.1134, 2276746.4474], [-17346104.7305, 2276749.253899999], [-17346101.7487, 2276751.2622000016], [-17346096.3791, 2276753.474300001], [-17346092.4015, 2276754.682500001], [-17346088.888, 2276754.9937999994], [-17346091.0254, 2276757.8966000006], [-17346143.4708, 2276829.1149000004], [-17346105.5822, 2276831.168200001], [-17346047.3825, 2276834.3220999986], [-17346014.5922, 2276851.585999999], [-17346007.567900002, 2276862.0725999996], [-17346001.2547, 2276852.599100001], [-17345985.092, 2276863.4989], [-17345968.545, 2276838.6699], [-17345930.9143, 2276782.203499999], [-17345938.9956, 2276776.7536000013], [-17345884.8198, 2276695.460499998], [-17345887.5137, 2276693.6438000016], [-17345860.4259, 2276652.9974000007], [-17345855.0385, 2276656.6305], [-17345795.5434, 2276567.354699999], [-17345681.1727, 2276395.732500002], [-17345687.1582, 2276391.6961999983], [-17345704.1185, 2276380.2586999983], [-17345544.2159, 2276243.8889000006], [-17345490.577, 2276198.143199999], [-17345566.1432, 2276145.751600001], [-17345632.4141, 2276040.4651000015], [-17345706.2541, 2276010.0879999995], [-17345807.0728, 2275998.2468000017], [-17345922.5276, 2275861.1152000017], [-17345922.7518, 2275978.649], [-17346065.2669, 2275978.5757], [-17346081.563500002, 2275978.546]]]]}}, {"type": "Feature", "properties": {"OBJECTID": 326, "CreationDate": "2025-01-14T11:11:13Z", "Creator": "NPS_WASO_LANDS", "EditDate": "2025-01-14T11:11:13Z", "Editor": "NPS_WASO_LANDS", "GlobalID": "{42C0C5D6-EBA6-4F16-B50E-080B334864D6}", "AreaID": 341, "UNIT_CODE": "KAHO", "GIS_Notes": "Lands - http://landsnet.nps.gov/tractsnet/documents/KAHO/Metadata/kaho_metadata.xml", "UNIT_NAME": "Kaloko-Honokohau National Historical Park", "DATE_EDIT": "2019-05-08T00:00:00Z", "STATE": "HI", "REGION": "PW", "GNIS_ID": "1879023", "UNIT_TYPE": "National Historical Park", "CREATED_BY": "Lands", "METADATA": "https://irma.nps.gov/DataStore/Reference/Profile/2181917", "PARKNAME": "Kaloko-Honokohau", "SHAPE_Length": 12219.844212033222, "SHAPE_Area": 5746560.731335053}, "geometry": {"type": "MultiPolygon", "coordinates": [[[[-17367982.4061, 2235536.7355000004], [-17368079.4455, 2235511.020300001], [-17368086.0348, 2235558.537700001], [-17368097.1754, 2235605.7463999987], [-17368105.1695, 2235639.620099999], [-17368108.6279, 2235654.9948000014], [-17368013.0146, 2235675.9593], [-17368002.2673, 2235627.9276], [-17367997.976, 2235608.7492999993], [-17367982.4061, 2235536.7355000004]]], [[[-17370656.2807, 2236850.1294], [-17370624.6288, 2236802.3706], [-17370636.6652, 2236740.1774999984], [-17370619.6693, 2236732.0588999987], [-17370599.1901, 2236740.0702], [-17370566.9957, 2236738.8966999985], [-17370510.5669, 2236730.1083000004], [-17370467.5152, 2236714.2443999983], [-17370456.9921, 2236704.3550000004], [-17370437.4641, 2236706.0562000014], [-17370414.5377, 2236699.983600002], [-17370359.4396, 2236708.6292000003], [-17370280.4199, 2236704.3224], [-17370172.0532, 2236650.4996000007], [-17370114.9439, 2236569.4541999996], [-17370113.7499, 2236567.7600999996], [-17370100.6607, 2236578.6845999993], [-17370075.6577, 2236599.5526], [-17369964.1277, 2236569.2051], [-17369930.3369, 2236547.9208000004], [-17369836.9909, 2236451.9508999996], [-17369805.1607, 2236376.3834999986], [-17368982.6956, 2236598.6072999984], [-17368977.2861, 2236600.085099999], [-17368618.812, 2236661.489500001], [-17368500.6231, 2236460.1955000013], [-17368470.8546, 2236407.585000001], [-17368442.7793, 2236354.041099999], [-17368416.4259, 2236299.618900001], [-17368391.8218, 2236244.3742000014], [-17368368.992200002, 2236188.3641999997], [-17368347.9606, 2236131.646400001], [-17368328.7484, 2236074.279100001], [-17368311.3759, 2236016.3216999993], [-17368295.8604, 2235957.8335000016], [-17368282.2184, 2235898.875], [-17368206.1939, 2235544.8768999986], [-17368139.7587, 2235235.3422], [-17368136.4243, 2235219.8060000017], [-17368125.5669, 2235169.2190000005], [-17368109.7357, 2235101.1843999997], [-17368091.5743, 2235033.7415000014], [-17368071.1047, 2234966.971000001], [-17368048.3512, 2234900.9532999992], [-17368023.3415, 2234835.767000001], [-17367996.1052, 2234771.4904000014], [-17367966.675, 2234708.2003999986], [-17367935.0861, 2234645.9725], [-17367901.3764, 2234584.8812000006], [-17367865.5862, 2234524.9998000003], [-17367847.7548, 2234496.3044000007], [-17367694.9304, 2234250.344300002], [-17367808.8106, 2234229.8082000017], [-17368091.9132, 2234180.034000002], [-17368582.0673, 2234093.846500002], [-17368577.421, 2233940.2690000013], [-17368686.4935, 2233922.6415], [-17368760.0609, 2234037.6525], [-17369049.5649, 2233872.6953999996], [-17369000.5733, 2233771.4734999985], [-17368833.0586, 2233866.922200002], [-17368820.4837, 2233788.1854999997], [-17368814.0944, 2233789.2184000015], [-17368809.0486, 2233757.6242000014], [-17368815.4379, 2233756.5912999995], [-17368797.9872, 2233647.3247000016], [-17368919.117399998, 2233578.3060000017], [-17369237.5289, 2233396.8737999983], [-17369302.2396, 2233396.671], [-17369399.3054, 2233396.3660999984], [-17370709.2594, 2236356.1180999987], [-17370882.3288, 2236747.1130000018], [-17370804.8198, 2236806.2129000016], [-17370801.0197, 2236806.178100001], [-17370743.1329, 2236852.4065000005], [-17370738.184100002, 2236854.7366999984], [-17370725.3128, 2236860.7974000014], [-17370656.2807, 2236850.1294]]]]}}, {"type": "Feature", "properties": {"OBJECTID": 358, "CreationDate": "2025-01-14T11:11:13Z", "Creator": "NPS_WASO_LANDS", "EditDate": "2025-01-14T11:11:13Z", "Editor": "NPS_WASO_LANDS", "GlobalID": "{DA5EC93A-A2AF-4F8C-AB43-00D6705EED53}", "AreaID": 375, "UNIT_CODE": "PERL", "GIS_Notes": "Lands - http://landsnet.nps.gov/tractsnet/documents/PERL/Metadata/perl_metadata.xml", "UNIT_NAME": "Pearl Harbor National Memorial", "DATE_EDIT": "2019-08-29T00:00:00Z", "STATE": "HI", "REGION": "PW", "GNIS_ID": "need", "UNIT_TYPE": "National Memorial", "CREATED_BY": "Lands", "METADATA": "https://irma.nps.gov/DataStore/Reference/Profile/2266794 ", "PARKNAME": "Pearl Harbor", "SHAPE_Length": 3525.1571962327, "SHAPE_Area": 101961.17105396723}, "geometry": {"type": "MultiPolygon", "coordinates": [[[[-17583159.6872, 2435288.1876999997], [-17583158.6487, 2435287.0003999993], [-17583159.8566, 2435286.0128999986], [-17583159.6896, 2435282.3205000013], [-17583168.1388, 2435275.4131999984], [-17583172.143, 2435275.9684999995], [-17583173.0307, 2435275.2430000007], [-17583174.0691, 2435276.4301999994], [-17583173.443, 2435276.9419], [-17583172.8087, 2435284.2008000016], [-17583167.9456, 2435288.1763999984], [-17583160.3697, 2435287.6297000013], [-17583159.6872, 2435288.1876999997]]], [[[-17583094.9523, 2435340.3258999996], [-17583093.9139, 2435339.1385999992], [-17583095.1219, 2435338.1512], [-17583094.9549, 2435334.4587000012], [-17583103.4041, 2435327.5515], [-17583107.4084, 2435328.106800001], [-17583108.296099998, 2435327.381099999], [-17583109.3345, 2435328.5683999993], [-17583108.7085, 2435329.0802000016], [-17583108.0742, 2435336.3390999995], [-17583103.211, 2435340.3147], [-17583095.634800002, 2435339.767999999], [-17583094.9523, 2435340.3258999996]]], [[[-17582916.005, 2435484.3211000003], [-17582914.9665, 2435483.1339000016], [-17582916.1743, 2435482.146499999], [-17582916.007600002, 2435478.454], [-17582924.4568, 2435471.5467000008], [-17582928.4611, 2435472.1021], [-17582929.3489, 2435471.3764999993], [-17582930.3873, 2435472.5637000017], [-17582929.7612, 2435473.0755999982], [-17582929.1269, 2435480.334399998], [-17582924.2637, 2435484.3101000004], [-17582916.6875, 2435483.7632], [-17582916.005, 2435484.3211000003]]], [[[-17582979.9051, 2435433.0458000004], [-17582978.8667, 2435431.8583999984], [-17582980.074500002, 2435430.871100001], [-17582979.9075, 2435427.1785999984], [-17582988.3569, 2435420.271299999], [-17582992.3613, 2435420.826699998], [-17582993.248800002, 2435420.1011000015], [-17582994.2872, 2435421.2883], [-17582993.6613, 2435421.8000000007], [-17582993.0269, 2435429.0590999983], [-17582988.1637, 2435433.034699999], [-17582980.5876, 2435432.4877999984], [-17582979.9051, 2435433.0458000004]]], [[[-17584258.0694, 2435919.4175000004], [-17584241.3894, 2435898.3528999984], [-17584243.679899998, 2435896.7080999985], [-17584257.0893, 2435913.329500001], [-17584265.1062, 2435907.0791999996], [-17584268.3769, 2435911.357900001], [-17584258.0694, 2435919.4175000004]]], [[[-17582741.8359, 2435629.789000001], [-17582737.1993, 2435628.0308], [-17582736.8336, 2435628.3313000016], [-17582736.2128, 2435627.5667000003], [-17582737.5405, 2435626.4756000005], [-17582737.8172, 2435624.399799999], [-17582737.1963, 2435623.635400001], [-17582746.555, 2435615.944699999], [-17582747.176, 2435616.7091999985], [-17582749.2744, 2435616.833299998], [-17582750.4406, 2435615.8748999983], [-17582751.0617, 2435616.6393], [-17582750.6717, 2435616.9598000012], [-17582751.7048, 2435621.9591999985], [-17582750.5441, 2435625.1849000007], [-17582744.8512, 2435629.8630999997], [-17582741.8359, 2435629.789000001]]], [[[-17582805.828, 2435577.9602000006], [-17582801.1913, 2435576.2021000013], [-17582800.8257, 2435576.5023999996], [-17582800.2049, 2435575.7379], [-17582801.5326, 2435574.6468], [-17582801.8094, 2435572.5709000006], [-17582801.1883, 2435571.806400001], [-17582810.547, 2435564.1158999987], [-17582811.1681, 2435564.8803000003], [-17582813.266400002, 2435565.0044], [-17582814.4327, 2435564.046100002], [-17582815.0537, 2435564.8104999997], [-17582814.6638, 2435565.131000001], [-17582815.6968, 2435570.1303000003], [-17582814.5362, 2435573.3561000004], [-17582808.8433, 2435578.0342999995], [-17582805.828, 2435577.9602000006]]], [[[-17582895.1708, 2435416.962099999], [-17582889.3127, 2435408.686900001], [-17582876.0065, 2435417.153900001], [-17582873.208, 2435412.704500001], [-17582902.2494, 2435394.225299999], [-17582905.0477, 2435398.6746999994], [-17582891.9708, 2435406.9957000017], [-17582897.7001, 2435415.0887], [-17582901.5016, 2435412.2732000016], [-17582919.322300002, 2435440.5780999996], [-17582935.5095, 2435461.8077999987], [-17582926.0203, 2435468.057], [-17582911.632799998, 2435445.182500001], [-17582892.1756, 2435419.180399999], [-17582895.1708, 2435416.962099999]]], [[[-17583514.7497, 2435246.6413000003], [-17583514.921, 2435246.639800001], [-17583515.0922, 2435246.644200001], [-17583515.2631, 2435246.654599998], [-17583515.4335, 2435246.671100002], [-17583515.6034, 2435246.6933999993], [-17583515.7723, 2435246.721900001], [-17583515.94, 2435246.756099999], [-17583516.1067, 2435246.7961999997], [-17583516.2716, 2435246.842099998], [-17583516.4351, 2435246.8938999996], [-17583516.5965, 2435246.951299999], [-17583516.7559, 2435247.0144000016], [-17583516.9129, 2435247.0830000006], [-17583517.0676, 2435247.1570000015], [-17583517.2194, 2435247.2364999987], [-17583517.3686, 2435247.3211000003], [-17583517.5146, 2435247.4111], [-17583517.6574, 2435247.506099999], [-17583517.7969, 2435247.6061000004], [-17583517.9329, 2435247.7107999995], [-17583518.0652, 2435247.8203999996], [-17583518.1935, 2435247.9343000017], [-17583518.3178, 2435248.0529000014], [-17583518.4379, 2435248.1755999997], [-17583518.5537, 2435248.3026], [-17583518.665, 2435248.4334999993], [-17583518.7715, 2435248.5681999996], [-17583518.8735, 2435248.706599999], [-17583518.9707, 2435248.8484999985], [-17583519.0627, 2435248.9937000014], [-17583519.1498, 2435249.1422000006], [-17583519.2315, 2435249.293400001], [-17583519.3081, 2435249.4475999996], [-17583519.3792, 2435249.6043], [-17583519.4449, 2435249.7633999996], [-17583519.5049, 2435249.9246000014], [-17583519.559299998, 2435250.0879000016], [-17583519.6082, 2435250.2529999986], [-17583519.6512, 2435250.4199], [-17583519.6884, 2435250.5879000016], [-17583519.7196, 2435250.757199999], [-17583519.745, 2435250.9276], [-17583519.7646, 2435251.098700002], [-17583522.5004, 2435279.501699999], [-17583523.9328, 2435294.372200001], [-17583523.9462, 2435294.5438], [-17583523.9538, 2435294.715999998], [-17583523.9553, 2435294.8882], [-17583523.951, 2435295.0604999997], [-17583523.9405, 2435295.2324], [-17583523.9243, 2435295.403900001], [-17583523.9019, 2435295.5747000016], [-17583523.873800002, 2435295.7446000017], [-17583523.8397, 2435295.9133], [-17583523.7997, 2435296.0808000006], [-17583523.7542, 2435296.2468000017], [-17583523.7027, 2435296.411200002], [-17583523.6457, 2435296.5735], [-17583523.583, 2435296.7338000014], [-17583523.5147, 2435296.8918000013], [-17583523.4411, 2435297.0472999997], [-17583523.362, 2435297.200199999], [-17583523.2779, 2435297.3500999995], [-17583523.188500002, 2435297.4970999993], [-17583523.094, 2435297.6407999992], [-17583522.9947, 2435297.7809999995], [-17583522.8905, 2435297.917800002], [-17583522.7816, 2435298.0507000014], [-17583522.6682, 2435298.1798], [-17583522.5504, 2435298.3048], [-17583522.4284, 2435298.4257000014], [-17583522.3021, 2435298.542100001], [-17583522.172, 2435298.653999999], [-17583522.0381, 2435298.7613999993], [-17583521.9005, 2435298.8638999984], [-17583521.7593, 2435298.9617], [-17583521.615000002, 2435299.054200001], [-17583521.4675, 2435299.1416999996], [-17583521.3171, 2435299.2239999995], [-17583521.1639, 2435299.300999999], [-17583521.0081, 2435299.3724999987], [-17583520.8499, 2435299.4386], [-17583520.6895, 2435299.4990999997], [-17583520.5272, 2435299.5538000017], [-17583520.362999998, 2435299.6028000005], [-17583520.1972, 2435299.6460999995], [-17583520.0301, 2435299.6834999993], [-17583519.8617, 2435299.7151000015], [-17583519.6924, 2435299.740699999], [-17583519.5222, 2435299.7602999993], [-17583463.2318, 2435305.2456], [-17583462.3761, 2435305.3139000013], [-17583461.5185, 2435305.3519], [-17583460.660099998, 2435305.3597999997], [-17583459.8019, 2435305.3374000005], [-17583458.9452, 2435305.285], [-17583458.0906, 2435305.202399999], [-17583457.2397, 2435305.0898], [-17583456.393, 2435304.9472999983], [-17583455.5519, 2435304.7749000005], [-17583454.7172, 2435304.5733000003], [-17583453.8901, 2435304.3423000015], [-17583453.0714, 2435304.0824999996], [-17583452.2625, 2435303.7938], [-17583451.464, 2435303.477000002], [-17583450.6768, 2435303.1323000006], [-17583449.902400002, 2435302.7600999996], [-17583449.1413, 2435302.360800002], [-17583448.3945, 2435301.9349999987], [-17583447.663, 2435301.4831999987], [-17583446.9476, 2435301.0058999993], [-17583446.2493, 2435300.503899999], [-17583445.5688, 2435299.977499999], [-17583444.9072, 2435299.4274999984], [-17583444.2651, 2435298.8544000015], [-17583443.6431, 2435298.259300001], [-17583443.0424, 2435297.642499998], [-17583442.4635, 2435297.004999999], [-17583441.9071, 2435296.347600002], [-17583435.1659, 2435288.0944], [-17583430.0677, 2435280.420000002], [-17583429.917, 2435280.1843999997], [-17583429.7743, 2435279.943599999], [-17583429.6399, 2435279.6981999986], [-17583429.5138, 2435279.4483999982], [-17583429.3961, 2435279.1944000013], [-17583429.287299998, 2435278.9365999997], [-17583429.1872, 2435278.6750000007], [-17583429.096, 2435278.4102], [-17583429.0139, 2435278.142499998], [-17583428.940700002, 2435277.8720999993], [-17583428.8768, 2435277.5995000005], [-17583428.822300002, 2435277.3247000016], [-17583428.7771, 2435277.048300002], [-17583428.7411, 2435276.770399999], [-17583428.7147, 2435276.4913999997], [-17583428.6977, 2435276.2117], [-17583428.6902, 2435275.9316000007], [-17583428.6923, 2435275.6514], [-17583428.7036, 2435275.3715000004], [-17583428.7246, 2435275.092099998], [-17583428.755, 2435274.8136], [-17583428.7949, 2435274.536200002], [-17583428.844, 2435274.260400001], [-17583428.902400002, 2435273.9866000004], [-17583428.9701, 2435273.7148], [-17583429.047, 2435273.4455000013], [-17583429.1331, 2435273.1788999997], [-17583429.2279, 2435272.915600002], [-17583429.3318, 2435272.6554999985], [-17583429.4442, 2435272.3992], [-17583429.5654, 2435272.1468], [-17583429.695, 2435271.8988000005], [-17583429.8329, 2435271.6554000005], [-17583429.9791, 2435271.4169000015], [-17583430.1332, 2435271.1834000014], [-17583432.5962, 2435267.5876], [-17583432.6625, 2435267.4945], [-17583432.7318, 2435267.4037999995], [-17583432.8043, 2435267.3156000003], [-17583432.8798, 2435267.2298999988], [-17583432.958, 2435267.1468], [-17583433.0394, 2435267.0665999986], [-17583433.1232, 2435266.9893999994], [-17583433.2097, 2435266.914999999], [-17583433.2989, 2435266.843800001], [-17583433.3904, 2435266.775600001], [-17583433.4841, 2435266.710900001], [-17583433.5801, 2435266.6492], [-17583433.6781, 2435266.5911], [-17583433.7781, 2435266.5364999995], [-17583433.88, 2435266.4853000008], [-17583433.9835, 2435266.4378000014], [-17583434.0886, 2435266.3940000013], [-17583434.195100002, 2435266.353700001], [-17583434.3031, 2435266.3172000013], [-17583434.4121, 2435266.284600001], [-17583434.5223, 2435266.2558000013], [-17583434.6334, 2435266.230799999], [-17583434.7451, 2435266.209899999], [-17583434.8578, 2435266.1926999986], [-17583434.9708, 2435266.1794999987], [-17583435.0841, 2435266.1702999994], [-17583444.2947, 2435265.5846999995], [-17583443.539499998, 2435253.568599999], [-17583514.4078, 2435246.6625000015], [-17583514.5786, 2435246.649], [-17583514.7497, 2435246.6413000003]]], [[[-17581527.940700002, 2435617.8847000003], [-17581518.2025, 2435613.9908999987], [-17581508.5798, 2435609.8165999986], [-17581509.6507, 2435607.4147000015], [-17581494.034, 2435600.669300001], [-17581493.8239, 2435600.574099999], [-17581493.617200002, 2435600.471500002], [-17581493.4141, 2435600.3614999987], [-17581493.2151, 2435600.2446000017], [-17581493.0201, 2435600.1204000004], [-17581492.8299, 2435599.989599999], [-17581492.6441, 2435599.8522000015], [-17581492.4634, 2435599.7080000006], [-17581491.7049, 2435599.0595000014], [-17581490.9686, 2435598.3856000006], [-17581490.255400002, 2435597.686900001], [-17581489.5661, 2435596.964400001], [-17581488.9015, 2435596.218899999], [-17581488.2623, 2435595.4514000006], [-17581487.6493, 2435594.662300002], [-17581487.0631, 2435593.853], [-17581486.5046, 2435593.0242], [-17581485.9741, 2435592.1768000014], [-17581485.4725, 2435591.311999999], [-17581485.0001, 2435590.430399999], [-17581484.5576, 2435589.533399999], [-17581484.1456, 2435588.6218000017], [-17581483.7646, 2435587.696899999], [-17581483.4147, 2435586.759399999], [-17581483.0966, 2435585.8104999997], [-17581482.8106, 2435584.851500001], [-17581482.556900002, 2435583.8830999993], [-17581481.4586, 2435579.3836000003], [-17581508.441, 2435517.1361000016], [-17581513.0033, 2435514.91], [-17581531.4927, 2435524.0703000017], [-17581554.5739, 2435535.7668000013], [-17581557.3669, 2435544.0221000016], [-17581563.597, 2435545.4025], [-17581559.7798, 2435561.1543000005], [-17581561.3691, 2435561.5436000004], [-17581547.8974, 2435617.1744999997], [-17581546.3057, 2435616.7956999987], [-17581546.2492, 2435617.017999999], [-17581546.1851, 2435617.2382000014], [-17581546.1135, 2435617.456099998], [-17581546.0344, 2435617.6711999997], [-17581545.9478, 2435617.8834999986], [-17581545.8538, 2435618.092599999], [-17581545.7529, 2435618.298300002], [-17581545.6446, 2435618.5003000014], [-17581545.5297, 2435618.6983999982], [-17581545.4078, 2435618.8924000002], [-17581545.2793, 2435619.0819999985], [-17581545.1443, 2435619.266899999], [-17581545.0029, 2435619.4470999986], [-17581544.8554, 2435619.622200001], [-17581544.702, 2435619.7919000015], [-17581544.5427, 2435619.9562], [-17581544.3777, 2435620.1147999987], [-17581544.2075, 2435620.2676], [-17581544.0321, 2435620.414099999], [-17581543.8516, 2435620.5546000004], [-17581543.6665, 2435620.6886], [-17581543.4768, 2435620.8159999996], [-17581543.2828, 2435620.9367000014], [-17581543.0846, 2435621.0505000018], [-17581542.882799998, 2435621.157400001], [-17581542.6773, 2435621.257100001], [-17581542.4686, 2435621.3495000005], [-17581542.2566, 2435621.4345000014], [-17581542.0419, 2435621.5119000003], [-17581541.8246, 2435621.5819999985], [-17581541.6052, 2435621.644200001], [-17581541.3836, 2435621.6988999993], [-17581541.1603, 2435621.7456], [-17581540.9354, 2435621.784600001], [-17581540.7094, 2435621.8154999986], [-17581540.4823, 2435621.8385000005], [-17581540.2548, 2435621.853700001], [-17581540.0268, 2435621.8607], [-17581539.7987, 2435621.8599000014], [-17581539.5706, 2435621.850900002], [-17581539.3432, 2435621.8341000006], [-17581539.1164, 2435621.8092], [-17581538.8907, 2435621.7764], [-17581538.6661, 2435621.7357], [-17581538.4432, 2435621.6871999986], [-17581538.2221, 2435621.6308999993], [-17581538.003, 2435621.5667999983], [-17581537.7863, 2435621.4952000007], [-17581527.940700002, 2435617.8847000003]]], [[[-17581421.537, 2435717.7606000006], [-17581459.5183, 2435630.782299999], [-17581460.5493, 2435630.1981999986], [-17581461.5988, 2435629.648600001], [-17581462.6655, 2435629.1338], [-17581463.7487, 2435628.6547], [-17581464.8469, 2435628.2117], [-17581465.9588, 2435627.8051999994], [-17581467.0837, 2435627.4356999993], [-17581468.2198, 2435627.103500001], [-17581469.3663, 2435626.8092], [-17581470.5218, 2435626.5529999994], [-17581471.685, 2435626.334899999], [-17581472.8546, 2435626.1556], [-17581474.029600002, 2435626.0150000006], [-17581475.2085, 2435625.9133], [-17581475.8856, 2435625.8781000003], [-17581476.5638, 2435625.8662], [-17581477.2417, 2435625.8781000003], [-17581477.9191, 2435625.913400002], [-17581478.5947, 2435625.972199999], [-17581479.2678, 2435626.0544999987], [-17581479.9379, 2435626.1603000015], [-17581480.6038, 2435626.289000001], [-17581481.2649, 2435626.4411000013], [-17581481.9205, 2435626.6158000007], [-17581482.5696, 2435626.8132000007], [-17581483.2114, 2435627.0331000015], [-17581483.8455, 2435627.275199998], [-17581484.4708, 2435627.5392000005], [-17581498.2897, 2435633.6570000015], [-17581499.4945, 2435630.954599999], [-17581504.5456, 2435633.2848999985], [-17581509.6693, 2435635.4485], [-17581514.8604, 2435637.4433999993], [-17581520.1133, 2435639.2672999986], [-17581525.4224, 2435640.918299999], [-17581525.6398, 2435640.986200001], [-17581525.8547, 2435641.0617999993], [-17581526.067, 2435641.144699998], [-17581526.2763, 2435641.2349999994], [-17581526.4822, 2435641.3326000012], [-17581526.6847, 2435641.4375], [-17581526.8834, 2435641.5491000004], [-17581527.0782, 2435641.667800002], [-17581527.2688, 2435641.793200001], [-17581527.4548, 2435641.9252000004], [-17581527.6363, 2435642.0637000017], [-17581527.8127, 2435642.2085000016], [-17581527.9841, 2435642.359099999], [-17581528.1501, 2435642.5157999992], [-17581528.3108, 2435642.6783000007], [-17581528.4656, 2435642.8462000005], [-17581528.6144, 2435643.0194000006], [-17581528.7574, 2435643.197900001], [-17581528.894, 2435643.381000001], [-17581529.0241, 2435643.5689999983], [-17581529.1477, 2435643.7613999993], [-17581529.2645, 2435643.957899999], [-17581529.3745, 2435644.158500001], [-17581529.4776, 2435644.3627999984], [-17581529.5733, 2435644.5703999996], [-17581529.662, 2435644.7815000005], [-17581529.7432, 2435644.9954999983], [-17581529.817, 2435645.212000001], [-17581529.8834, 2435645.4312000014], [-17581529.9419, 2435645.652399998], [-17581529.9929, 2435645.8757000007], [-17581530.0362, 2435646.1006000005], [-17581530.0716, 2435646.3268], [-17581530.0991, 2435646.554200001], [-17581530.1188, 2435646.782400001], [-17581530.130599998, 2435647.0111000016], [-17581530.1344, 2435647.2401], [-17581530.1303, 2435647.4690000005], [-17581530.1183, 2435647.6977999993], [-17581530.0983, 2435647.925999999], [-17581530.0706, 2435648.1532000005], [-17581530.035, 2435648.3794], [-17581529.9916, 2435648.604200002], [-17581529.9404, 2435648.827399999], [-17581520.9829, 2435684.9921000004], [-17581511.1143, 2435724.8352000006], [-17581421.537, 2435717.7606000006]]], [[[-17583217.0367, 2435279.1668], [-17583224.7467, 2435255.9453999996], [-17583226.6981, 2435246.9433999993], [-17583248.025, 2435243.5524000004], [-17583294.9636, 2435242.7423], [-17583332.5156, 2435224.9404000007], [-17583344.2617, 2435268.0298000015], [-17583368.5467, 2435262.606899999], [-17583369.3639, 2435262.4102], [-17583370.1742, 2435262.1867000014], [-17583370.9767, 2435261.9362000003], [-17583371.7706, 2435261.659400001], [-17583372.554899998, 2435261.356400002], [-17583373.3291, 2435261.027800001], [-17583374.0919, 2435260.6735000014], [-17583374.800499998, 2435260.3165000007], [-17583375.4977, 2435259.9375], [-17583376.1827, 2435259.5370000005], [-17583376.8551, 2435259.1151], [-17583377.514200002, 2435258.6724999994], [-17583385.1255, 2435253.3880000003], [-17583385.3138, 2435253.2619999982], [-17583385.5065, 2435253.142499998], [-17583385.7031, 2435253.0298999995], [-17583385.9036, 2435252.9241000004], [-17583386.1075, 2435252.8253000006], [-17583386.3147, 2435252.7338000014], [-17583386.525, 2435252.6493999995], [-17583386.7378, 2435252.5725000016], [-17583386.9535, 2435252.5031000003], [-17583387.1712, 2435252.4409999996], [-17583387.3909, 2435252.3867999986], [-17583387.6125, 2435252.34], [-17583387.8354, 2435252.3011999987], [-17583388.0595, 2435252.2699999996], [-17583388.2846, 2435252.2467], [-17583388.5105, 2435252.2311000004], [-17583388.7367, 2435252.2234999985], [-17583388.963, 2435252.2239000015], [-17583389.1892, 2435252.232000001], [-17583389.4148, 2435252.2479000017], [-17583389.6399, 2435252.2718], [-17583389.864, 2435252.3033000007], [-17583390.087, 2435252.342799999], [-17583390.3084, 2435252.389899999], [-17583390.5279, 2435252.444699999], [-17583390.7457, 2435252.507100001], [-17583390.961, 2435252.5771999992], [-17583391.1738, 2435252.6545], [-17583391.3839, 2435252.7393000014], [-17583391.5909, 2435252.8313000016], [-17583391.7945, 2435252.930399999], [-17583391.9947, 2435253.036699999], [-17583392.191, 2435253.149799999], [-17583392.3835, 2435253.2694999985], [-17583392.5716, 2435253.3960000016], [-17583392.7553, 2435253.528999999], [-17583392.934299998, 2435253.668299999], [-17583393.1084, 2435253.8136], [-17583393.2775, 2435253.9651000015], [-17583393.4413, 2435254.1220999993], [-17583393.5995, 2435254.285], [-17583393.752, 2435254.4530999996], [-17583393.8987, 2435254.6264999993], [-17583408.4523, 2435272.444699999], [-17583408.5917, 2435272.6218000017], [-17583408.7252, 2435272.8033000007], [-17583408.8522, 2435272.9893999994], [-17583408.973, 2435273.1799000017], [-17583409.0871, 2435273.3742000014], [-17583409.1945, 2435273.5725000016], [-17583409.2952, 2435273.7743999995], [-17583409.3888, 2435273.979600001], [-17583409.4754, 2435274.188000001], [-17583409.554899998, 2435274.399099998], [-17583409.627, 2435274.6129], [-17583409.6919, 2435274.829], [-17583409.7493, 2435275.0472999997], [-17583409.7992, 2435275.267499998], [-17583409.8417, 2435275.4891999997], [-17583409.8766, 2435275.7124000005], [-17583409.9037, 2435275.9364], [-17583409.923299998, 2435276.1614000015], [-17583409.9353, 2435276.3867999986], [-17583409.9394, 2435276.6125999987], [-17583409.9358, 2435276.838399999], [-17583409.9247, 2435277.0639000013], [-17583409.9058, 2435277.288899999], [-17583409.8791, 2435277.5132], [-17583409.845, 2435277.736200001], [-17583409.8031, 2435277.9582], [-17583409.7539, 2435278.1785000004], [-17583409.697, 2435278.396899998], [-17583409.632799998, 2435278.6132000014], [-17583409.5612, 2435278.8271999992], [-17583405.0949, 2435291.4573], [-17583401.4345, 2435301.816300001], [-17583401.254, 2435302.2996999994], [-17583401.056900002, 2435302.7764], [-17583400.8433, 2435303.246100001], [-17583400.6138, 2435303.707800001], [-17583400.3682, 2435304.1613], [-17583400.1072, 2435304.605900001], [-17583399.8309, 2435305.041000001], [-17583399.5397, 2435305.4662999995], [-17583399.2339, 2435305.8808999993], [-17583398.9138, 2435306.284699999], [-17583398.5801, 2435306.677000001], [-17583398.2329, 2435307.0573999994], [-17583397.8727, 2435307.4252000004], [-17583397.5001, 2435307.780299999], [-17583397.1153, 2435308.122200001], [-17583396.7188, 2435308.450199999], [-17583396.311300002, 2435308.764199998], [-17583395.8932, 2435309.0637999997], [-17583395.4648, 2435309.3484999985], [-17583395.027, 2435309.617800001], [-17583394.5801, 2435309.8718000017], [-17583394.1245, 2435310.1099000014], [-17583393.661, 2435310.3319000006], [-17583393.1902, 2435310.5375000015], [-17583392.7125, 2435310.726599999], [-17583392.2286, 2435310.898600001], [-17583391.7389, 2435311.0537], [-17583391.2442, 2435311.191399999], [-17583390.745, 2435311.3117999993], [-17583390.2418, 2435311.414500002], [-17583389.7356, 2435311.4996000007], [-17583389.2266, 2435311.5669], [-17583370.5683, 2435313.6996], [-17583307.4281, 2435319.833299998], [-17583305.9291, 2435320.0056999996], [-17583304.437, 2435320.2304], [-17583302.9534, 2435320.5075999983], [-17583301.4806, 2435320.8367], [-17583300.0199, 2435321.2173000015], [-17583298.5735, 2435321.6492], [-17583297.1429, 2435322.1314999983], [-17583295.7298, 2435322.6636999995], [-17583294.3363, 2435323.2452999987], [-17583292.9636, 2435323.875599999], [-17583291.6139, 2435324.5537], [-17583290.2884, 2435325.2787999995], [-17583288.9889, 2435326.0500000007], [-17583287.7169, 2435326.8663999997], [-17583286.4743, 2435327.7271], [-17583285.2621, 2435328.6308000013], [-17583284.082, 2435329.5766000003], [-17583282.9356, 2435330.5632000007], [-17583281.8241, 2435331.5896000005], [-17583280.7491, 2435332.6545], [-17583279.7116, 2435333.7562999986], [-17583278.713, 2435334.8940000013], [-17583277.7546, 2435336.066300001], [-17583276.8373, 2435337.2712000012], [-17583254.0372, 2435368.3390000015], [-17583223.0344, 2435345.3194999993], [-17583217.0367, 2435279.1668]]], [[[-17581525.4347, 2435961.3896999992], [-17581491.5926, 2435948.8387], [-17581490.0145, 2435949.4692], [-17581484.9464, 2435947.0095999986], [-17581483.3349, 2435949.9411999993], [-17581459.3709, 2435936.613400001], [-17581466.2971, 2435920.852000002], [-17581472.791699998, 2435904.905699998], [-17581478.8502, 2435888.786600001], [-17581484.4676, 2435872.5069000013], [-17581499.3873, 2435827.279100001], [-17581509.6979, 2435781.5614], [-17581509.8063, 2435781.1169999987], [-17581509.93, 2435780.6765], [-17581510.0688, 2435780.240600001], [-17581510.2227, 2435779.809799999], [-17581510.3912, 2435779.3847999983], [-17581510.5743, 2435778.9657999985], [-17581510.7719, 2435778.5535000004], [-17581510.9835, 2435778.148400001], [-17581511.2092, 2435777.7509000003], [-17581511.4483, 2435777.3614999987], [-17581511.7008, 2435776.980900001], [-17581511.9663, 2435776.609099999], [-17581512.2443, 2435776.2468999997], [-17581512.535, 2435775.894699998], [-17581512.8375, 2435775.5527999997], [-17581513.1516, 2435775.2217000015], [-17581513.476999998, 2435774.901799999], [-17581513.8133, 2435774.5934000015], [-17581514.1599, 2435774.2971], [-17581514.5167, 2435774.0128999986], [-17581514.8831, 2435773.7415999994], [-17581515.2585, 2435773.482999999], [-17581515.6427, 2435773.2380000018], [-17581516.035099998, 2435773.0062999986], [-17581516.4354, 2435772.7885], [-17581516.843, 2435772.584899999], [-17581517.2573, 2435772.3957], [-17581517.677699998, 2435772.221099999], [-17581518.104199998, 2435772.0614], [-17581518.5358, 2435771.9164000005], [-17581527.3683, 2435736.256099999], [-17581555.4825, 2435621.1017000005], [-17581558.3755, 2435609.713300001], [-17581573.4214, 2435547.5791999996], [-17581587.396, 2435550.6755000018], [-17581613.8094, 2435570.4466999993], [-17581699.9652, 2435602.226399999], [-17581704.5766, 2435589.5780000016], [-17581759.8638, 2435609.9712999985], [-17581755.2525, 2435622.6195], [-17581793.2471, 2435636.6341000013], [-17581810.4514, 2435645.3269000016], [-17581809.5377, 2435656.1471000016], [-17581777.3488, 2435739.2391999997], [-17581744.0202, 2435737.5670999996], [-17581740.8949, 2435736.299899999], [-17581707.4632, 2435835.671500001], [-17581704.086, 2435833.5691], [-17581614.9534, 2435800.9177], [-17581573.7018, 2435915.0879000016], [-17581553.3191, 2435971.5], [-17581525.4347, 2435961.3896999992]], [[-17581576.6302, 2435808.0705999993], [-17581542.1558, 2435797.1226000004], [-17581536.5033, 2435819.1763999984], [-17581556.0151, 2435826.2831999995], [-17581557.1289, 2435823.189100001], [-17581569.833300002, 2435827.816399999], [-17581576.6302, 2435808.0705999993]]]]}}, {"type": "Feature", "properties": {"OBJECTID": 415, "CreationDate": "2025-01-14T11:11:14Z", "Creator": "NPS_WASO_LANDS", "EditDate": "2025-01-14T11:11:14Z", "Editor": "NPS_WASO_LANDS", "GlobalID": "{DB582007-42BF-476A-A37D-434C13F0CEE7}", "AreaID": 440, "UNIT_CODE": "HONO", "GIS_Notes": "Lands - http://landsnet.nps.gov/tractsnet/documents/HONO/Metadata/hono_metadata.xml", "UNIT_NAME": "Honouliuli National Historic Site", "DATE_EDIT": "2015-08-13T00:00:00Z", "STATE": "HI", "REGION": "PW", "GNIS_ID": "2767391", "UNIT_TYPE": "National Historic Site", "CREATED_BY": "Lands", "METADATA": "https://irma.nps.gov/DataStore/Reference/Profile/2224523", "PARKNAME": "Honouliuli", "SHAPE_Length": 7382.90954987412, "SHAPE_Area": 727877.6954399743}, "geometry": {"type": "MultiPolygon", "coordinates": [[[[-17594914.5972, 2437506.8101999983], [-17594915.0885, 2437506.6017999984], [-17594915.2049, 2437507.1920000017], [-17594923.3651, 2437548.5320999995], [-17594937.4707, 2437601.9932000004], [-17594980.1373, 2437742.9464999996], [-17594962.0207, 2437751.157400001], [-17594872.947, 2437777.1204999983], [-17594888.128200002, 2437885.4835], [-17594912.8414, 2437920.3055000007], [-17594923.8827, 2437947.7644999996], [-17594928.2612, 2437970.3770999983], [-17594945.0036, 2438019.226], [-17594974.3752, 2438073.589899998], [-17594976.9349, 2438094.495099999], [-17594973.6411, 2438132.528000001], [-17594973.6703, 2438212.1733999997], [-17595027.3761, 2438233.975200001], [-17595120.0509, 2438301.647], [-17595127.3352, 2438309.228500001], [-17595130.655, 2438312.6838000007], [-17595229.4617, 2438415.520300001], [-17595272.4766, 2438556.4023], [-17595253.2205, 2438584.2234999985], [-17595292.276, 2438710.5637999997], [-17595420.3416, 2438881.3660999984], [-17595276.9992, 2439059.5566999987], [-17595293.820299998, 2439066.026999999], [-17595315.2211, 2439091.3148000017], [-17595324.1593, 2439150.3715999983], [-17595417.029, 2439258.5681999996], [-17595432.2071, 2439310.9252999984], [-17594895.9553, 2439151.3764999993], [-17594894.0248, 2439063.8561000004], [-17594943.4573, 2438966.183600001], [-17595043.2608, 2438898.4175000004], [-17595075.7726, 2438707.6752999984], [-17595061.9085, 2438667.2258], [-17595045.5068, 2438659.0080999993], [-17595028.0203, 2438602.4376999997], [-17594993.8063, 2438546.3264000006], [-17594916.8786, 2438472.9525999986], [-17594712.6176, 2438412.1750000007], [-17594671.7342, 2438367.720899999], [-17594642.184, 2438269.0890000015], [-17594643.4345, 2438220.3962000012], [-17594660.0002, 2438143.523400001], [-17594574.314, 2438077.4378999993], [-17594588.6463, 2438057.3735000007], [-17594590.4775, 2438054.901700001], [-17594592.3926, 2438052.4952000007], [-17594594.3897, 2438050.1570000015], [-17594596.4664, 2438047.889800001], [-17594598.6199, 2438045.6966000013], [-17594600.8477, 2438043.5797999986], [-17594603.147, 2438041.5419000015], [-17594605.5153, 2438039.5857000016], [-17594607.9498, 2438037.7129000016], [-17594610.4472, 2438035.9263000004], [-17594613.0049, 2438034.228100002], [-17594615.6195, 2438032.620000001], [-17594618.288, 2438031.1041], [-17594621.0071, 2438029.6821000017], [-17594623.7736, 2438028.355900001], [-17594626.5843, 2438027.1270999983], [-17594629.4357, 2438025.9970999993], [-17594632.3243, 2438024.967099998], [-17594635.2465, 2438024.0386999995], [-17594638.1992, 2438023.2126], [-17594641.1783, 2438022.4901], [-17594644.1809, 2438021.872200001], [-17594647.2029, 2438021.359099999], [-17594650.2407, 2438020.9518], [-17594653.2908, 2438020.650800001], [-17594656.3493, 2438020.4563000016], [-17594659.4127, 2438020.3687999994], [-17594662.4774, 2438020.3880999982], [-17594665.539499998, 2438020.5144000016], [-17594668.5953, 2438020.7474000007], [-17594671.6413, 2438021.0868000016], [-17594674.6739, 2438021.532299999], [-17594677.6892, 2438022.083299998], [-17594680.6836, 2438022.7393000014], [-17594717.9867, 2438031.594799999], [-17594747.718, 2437973.4798999988], [-17594712.7691, 2437940.7227], [-17594658.0531, 2438013.8110999987], [-17594654.8118, 2438013.9470999986], [-17594651.577, 2438014.194600001], [-17594648.3525, 2438014.553100001], [-17594645.1421, 2438015.022399999], [-17594641.949500002, 2438015.6017000005], [-17594638.7785, 2438016.2903999984], [-17594635.6327, 2438017.0876], [-17594632.5159, 2438017.992899999], [-17594629.4316, 2438019.0045000017], [-17594626.3835, 2438020.1215999983], [-17594623.3752, 2438021.3429999985], [-17594620.4102, 2438022.667100001], [-17594617.4917, 2438024.0923999995], [-17594614.6237, 2438025.6169999987], [-17594611.8088, 2438027.239599999], [-17594609.0508, 2438028.957899999], [-17594606.353, 2438030.7699000016], [-17594603.7182, 2438032.673799999], [-17594601.1497, 2438034.6669999994], [-17594598.6505, 2438036.7474000007], [-17594596.2234, 2438038.9125999995], [-17594593.8713, 2438041.1598999985], [-17594591.5969, 2438043.4869000018], [-17594589.4031, 2438045.8905999996], [-17594587.292, 2438048.3684], [-17594585.2665, 2438050.9173999988], [-17594583.328900002, 2438053.534499999], [-17594568.9965, 2438073.5989999995], [-17594532.7312, 2438039.6066999994], [-17594450.5982, 2437885.983600002], [-17594442.4629, 2437823.9908999987], [-17594457.5983, 2437775.6492], [-17594508.7653, 2437708.529599998], [-17594573.3284, 2437674.3341999985], [-17594574.6493, 2437343.3933000006], [-17594356.6377, 2437131.7764], [-17594250.3613, 2437006.700100001], [-17594102.8926, 2436954.2278999984], [-17594073.3018, 2436923.8181999996], [-17594076.729199998, 2436900.974800002], [-17594090.2585, 2436890.1655], [-17594108.1187, 2436910.6849999987], [-17594109.224, 2436911.9547000006], [-17594112.1456, 2436910.7063000016], [-17594174.1168, 2436884.2234999985], [-17594211.7367, 2436884.8715000004], [-17594290.6882, 2436921.8706], [-17594293.293, 2436923.0912999995], [-17594302.3078, 2436935.3365], [-17594356.5709, 2437009.0461999997], [-17594405.171, 2437057.8971999995], [-17594434.3646, 2437074.1611], [-17594485.9613, 2437144.2474000007], [-17594561.524, 2437203.585999999], [-17594578.5246, 2437230.9309], [-17594644.2407, 2437305.590599999], [-17594720.572, 2437428.363400001], [-17594743.535, 2437491.7518000007], [-17594789.2999, 2437559.944600001], [-17594914.5972, 2437506.8101999983]]]]}}, {"type": "Feature", "properties": {"OBJECTID": 422, "CreationDate": "2025-01-14T11:11:14Z", "Creator": "NPS_WASO_LANDS", "EditDate": "2025-01-14T11:11:14Z", "Editor": "NPS_WASO_LANDS", "GlobalID": "{5DA82C64-FBEB-47CC-AFF7-0021B767DB63}", "AreaID": 447, "UNIT_CODE": "ALKA", "GIS_Notes": "Lands - https://landsnet.nps.gov/tractsnet/documents/Neph/Metadata/alka_metadata.xml", "UNIT_NAME": "Ala Kahakai National Historic Trail", "DATE_EDIT": "2023-12-15T00:00:00Z", "STATE": "HI", "REGION": "PW", "GNIS_ID": "828282", "UNIT_TYPE": "National Trails System", "CREATED_BY": "Lands", "METADATA": "https://irma.nps.gov/DataStore/Reference/Profile/2301819", "PARKNAME": "Ala Kahakai National Historic Trail", "SHAPE_Length": 8892.046318594399, "SHAPE_Area": 471648.55510971945}, "geometry": {"type": "MultiPolygon", "coordinates": [[[[-17352725.4464, 2203031.284499999], [-17352604.3079, 2203009.6706999987], [-17352607.1286, 2202993.6713000014], [-17352727.8816, 2203015.2162000015], [-17352783.0011, 2203022.3005000018], [-17352812.6793, 2203011.4393000007], [-17352836.581, 2202992.2454999983], [-17352850.0938, 2202973.659000002], [-17352862.0222, 2202948.3082000017], [-17352872.5491, 2202887.346000001], [-17352883.5371, 2202793.977400001], [-17352898.1655, 2202678.9415999986], [-17352912.5174, 2202579.7936000004], [-17352928.0463, 2202482.3830000013], [-17352964.2753, 2202438.168200001], [-17353012.5148, 2202419.393199999], [-17353056.4509, 2202425.1176999994], [-17353132.9523, 2202447.6149000004], [-17353214.1401, 2202471.5045999996], [-17353256.554, 2202477.716600001], [-17353315.2284, 2202486.137699999], [-17353393.2944, 2202489.7426000014], [-17353485.557, 2202482.8808999993], [-17353578.44, 2202473.649799999], [-17353654.3248, 2202472.5287000015], [-17353718.5612, 2202483.1085], [-17353804.6849, 2202510.012600001], [-17353867.2494, 2202538.410799999], [-17353984.8934, 2202590.3825999983], [-17354019.8276, 2202605.9195999987], [-17354081.3097, 2202629.275800001], [-17354155.7194, 2202646.219999999], [-17354222.183, 2202648.403000001], [-17354331.6959, 2202634.8433], [-17354374.4298, 2202629.326699998], [-17354422.4068, 2202623.1330999993], [-17354511.4401, 2202610.4382999986], [-17354592.5666, 2202590.9373999983], [-17354617.5583, 2202581.686900001], [-17354705.3535, 2202536.7661000006], [-17354772.619, 2202519.2432999983], [-17354893.7857, 2202506.090300001], [-17354892.513, 2202506.1259999983], [-17354891.2507, 2202505.9604], [-17354890.0298, 2202505.5973000005], [-17354888.8809, 2202505.045600001], [-17354887.8323, 2202504.3192999996], [-17354886.9103, 2202503.4360000007], [-17354886.1376, 2202502.4180000015], [-17354885.5337, 2202501.290600002], [-17354885.1133, 2202500.081700001], [-17354884.8871, 2202498.8213], [-17354876.8478, 2202418.037999999], [-17354868.1593, 2202330.7287999988], [-17354861.2393, 2202261.1898000017], [-17354861.1854, 2202259.3718000017], [-17354861.3843, 2202257.5639999993], [-17354861.8324, 2202255.8016999997], [-17354862.5204, 2202254.1196000017], [-17354863.435, 2202252.5507000014], [-17354864.5175, 2202250.6761000007], [-17354865.3124, 2202248.6613], [-17354865.802500002, 2202246.5502000004], [-17354865.9734, 2202244.640900001], [-17354865.8942, 2202242.725499999], [-17354865.4082, 2202240.2357], [-17354864.5016, 2202237.8680000007], [-17354863.2019, 2202235.6937000006], [-17354861.548299998, 2202233.777800001], [-17354859.5902, 2202232.1785000004], [-17354857.3869, 2202230.9437999986], [-17354855.0045, 2202230.110800002], [-17354852.5149, 2202229.704500001], [-17354849.993, 2202229.737300001], [-17354840.0988, 2202130.3090999983], [-17355176.7354, 2202121.3581999987], [-17355799.5964, 2202155.4695000015], [-17355784.3889, 2202208.643199999], [-17355765.2973, 2202231.530099999], [-17355766.0893, 2202253.5725999996], [-17355753.5684, 2202270.2509999983], [-17355725.5858, 2202284.659600001], [-17355710.2787, 2202311.3390000015], [-17355688.5604, 2202308.8742000014], [-17355675.0162, 2202327.721099999], [-17355683.2201, 2202358.5007999986], [-17355669.7369, 2202382.0879999995], [-17355650.4675, 2202398.921], [-17355650.6968, 2202429.4351999983], [-17355627.3296, 2202432.2399000004], [-17355609.253200002, 2202448.1327], [-17355633.0612, 2202478.048799999], [-17355619.0771, 2202495.2481999993], [-17355586.327, 2202522.455499999], [-17355563.4007, 2202535.0764000006], [-17355512.726, 2202549.128800001], [-17355486.5481, 2202566.6576999985], [-17355493.8636, 2202590.0848000012], [-17355490.7153, 2202599.7654], [-17355469.3148, 2202610.4277999997], [-17355465.302, 2202666.079999998], [-17355431.5747, 2202706.16], [-17355416.143600002, 2202742.6207000017], [-17355425.8431, 2202766.9277999997], [-17355419.2299, 2202792.6374000013], [-17355440.8334, 2202821.1515999995], [-17355440.1915, 2202829.770199999], [-17355451.4148, 2202847.796100002], [-17355444.3002, 2202862.004900001], [-17355448.7694, 2202876.3104999997], [-17355251.7566, 2202882.9510000013], [-17355224.7785, 2202609.0742000006], [-17355007.8164, 2202631.7919999994], [-17354995.7734, 2202519.5819000006], [-17354995.7367, 2202518.3071999997], [-17354995.8987, 2202517.042300001], [-17354996.255400002, 2202515.8187000006], [-17354996.7981, 2202514.666200001], [-17354997.5134, 2202513.613400001], [-17354998.3836, 2202512.6860000007], [-17354999.3873, 2202511.9070999995], [-17355000.4999, 2202511.2958999984], [-17355001.6938, 2202510.8674000017], [-17355002.9397, 2202510.6325000003], [-17354775.3641, 2202535.4943999983], [-17354711.0604, 2202552.782400001], [-17354618.7365, 2202599.9787999988], [-17354589.4941, 2202609.9756000005], [-17354514.2623, 2202626.4472000003], [-17354424.568099998, 2202639.236299999], [-17354376.4856, 2202645.4433999993], [-17354333.710500002, 2202650.965399999], [-17354222.9104, 2202664.6845000014], [-17354153.6544, 2202662.4098000005], [-17354076.6514, 2202644.8751000017], [-17354014.1214, 2202621.1207000017], [-17353978.383, 2202605.2533], [-17353860.6807, 2202553.2553999983], [-17353798.9468, 2202525.2344000004], [-17353714.8435, 2202498.9613000005], [-17353653.1293, 2202488.7969000004], [-17353579.354199998, 2202489.8867000006], [-17353486.9467, 2202499.070700001], [-17353393.5203, 2202506.0188999996], [-17353313.714, 2202502.333799999], [-17353254.2498, 2202493.7991999984], [-17353211.8131, 2202487.583900001], [-17353128.4205, 2202463.210900001], [-17353053.1276, 2202441.0692000017], [-17353014.5126, 2202436.0381000005], [-17352974.0482, 2202451.7870000005], [-17352943.3, 2202489.313000001], [-17352928.4842, 2202582.2509000003], [-17352914.1694, 2202681.1435000002], [-17352899.5684, 2202795.9635000005], [-17352888.538, 2202889.693500001], [-17352877.5606, 2202953.2646999992], [-17352864.0369, 2202982.0058999993], [-17352848.3445, 2203003.590500001], [-17352820.688, 2203025.7994000018], [-17352784.8408, 2203038.918200001], [-17352725.4464, 2203031.284499999]]]]}}]}