{"type": "FeatureCollection", "name": "Maryland_park", "crs": {"type": "name", "properties": {"name": "urn:ogc:def:crs:EPSG::3857"}}, "features": [{"type": "Feature", "properties": {"OBJECTID": 6, "CreationDate": "2025-01-14T11:11:09Z", "Creator": "NPS_WASO_LANDS", "EditDate": "2025-01-14T11:11:09Z", "Editor": "NPS_WASO_LANDS", "GlobalID": "{A25A0ECC-EFA7-4FBB-9BE0-E8C8E20106B5}", "AreaID": 105, "UNIT_CODE": "HAFE", "GIS_Notes": "Lands - http://landsnet.nps.gov/tractsnet/documents/HAFE/Metadata/hafe_metadata.xml", "UNIT_NAME": "Harpers Ferry National Historical Park", "DATE_EDIT": "2024-12-18T00:00:00Z", "STATE": "MD", "REGION": "NC", "GNIS_ID": "1556735", "UNIT_TYPE": "National Historical Park", "CREATED_BY": "Lands", "METADATA": "https://irma.nps.gov/DataStore/Reference/Profile/1048163", "PARKNAME": "Harpers Ferry", "SHAPE_Length": 132600.2456918085, "SHAPE_Area": 25056841.081641074}, "geometry": {"type": "MultiPolygon", "coordinates": [[[[-8657120.0477, 4764942.7858000025], [-8657121.6513, 4764941.2368], [-8657122.8312, 4764941.259999998], [-8657123.9959, 4764942.072400004], [-8657124.7748, 4764942.4826000035], [-8657127.0894, 4764944.8972999975], [-8657128.6246, 4764946.9021999985], [-8657129.0026, 4764947.699699998], [-8657129.7209, 4764951.269199997], [-8657129.6755, 4764953.638300002], [-8657129.2368, 4764956.0], [-8657126.7708, 4764961.482900001], [-8657124.7513, 4764964.2095], [-8657123.1401, 4764966.153300002], [-8657120.3491, 4764968.074500002], [-8657115.1983, 4764969.949699998], [-8657113.2241, 4764970.3068], [-8657114.1549, 4764962.8191], [-8657114.6089, 4764959.667300001], [-8657115.9326, 4764952.187100001], [-8657117.1885, 4764948.261200003], [-8657119.2383, 4764943.955300003], [-8657120.0477, 4764942.7858000025]]], [[[-8657233.8079, 4764775.911399998], [-8657234.2238, 4764774.734300002], [-8657235.3964, 4764775.152000003], [-8657236.5611, 4764775.964500003], [-8657237.3324, 4764776.769699998], [-8657238.4973, 4764777.5820999965], [-8657241.9688, 4764781.204599999], [-8657242.7174, 4764783.194300003], [-8657243.0576, 4764785.965999998], [-8657242.5887, 4764789.907300003], [-8657240.9093, 4764795.405299999], [-8657240.0167, 4764800.918499999], [-8657232.4684, 4764804.7228000015], [-8657230.9028, 4764804.297600001], [-8657228.558, 4764803.462300003], [-8657227.0076, 4764802.246799998], [-8657225.4723, 4764800.2421], [-8657224.3153, 4764799.034500003], [-8657224.353, 4764797.0603], [-8657224.7691, 4764795.883199997], [-8657228.3921, 4764791.608099997], [-8657232.8243, 4764786.163099997], [-8657234.0574, 4764783.421800002], [-8657233.7474, 4764779.070299998], [-8657233.8079, 4764775.911399998]]], [[[-8657203.8414, 4765004.848999999], [-8657204.6353, 4765004.4692], [-8657205.8153, 4765004.4921], [-8657206.5944, 4765004.902099997], [-8657206.9725, 4765005.6994], [-8657207.7364, 4765006.899400003], [-8657208.1071, 4765008.091700003], [-8657208.8026, 4765012.8456000015], [-8657208.7646, 4765014.820200004], [-8657208.3182, 4765017.576700002], [-8657206.6769, 4765021.100400001], [-8657205.0204, 4765025.413999997], [-8657202.509, 4765033.266000003], [-8657201.2838, 4765035.612800002], [-8657198.4548, 4765039.508400001], [-8657193.6518, 4765043.760899998], [-8657192.0482, 4765045.310000002], [-8657193.9245, 4765029.5446000025], [-8657194.3709, 4765026.788099997], [-8657195.3092, 4765018.905299999], [-8657196.6101, 4765012.609700002], [-8657198.6373, 4765009.488700002], [-8657201.8445, 4765006.3901999965], [-8657203.0395, 4765005.623099998], [-8657203.8414, 4765004.848999999]]], [[[-8655634.6794, 4766392.2751], [-8655635.466, 4766392.290299997], [-8655636.6387, 4766392.707999997], [-8655637.7957, 4766393.916100003], [-8655638.1659, 4766395.108499996], [-8655638.9223, 4766396.703699999], [-8655639.6175, 4766401.458400004], [-8655639.5716, 4766403.828100003], [-8655638.7543, 4766405.392499998], [-8655637.1425, 4766407.336599998], [-8655635.1377, 4766409.2727999985], [-8655631.9373, 4766411.9760000035], [-8655627.557, 4766414.656400003], [-8655621.5956, 4766417.7007], [-8655614.8473, 4766420.729999997], [-8655611.4597, 4766412.762000002], [-8655611.4979, 4766410.787299998], [-8655612.3152, 4766409.222999997], [-8655613.1172, 4766408.448299997], [-8655614.7136, 4766407.294299997], [-8655617.4977, 4766405.7678999975], [-8655619.0939, 4766404.613899998], [-8655625.0938, 4766399.5945999995], [-8655628.2788, 4766397.681100003], [-8655634.6794, 4766392.2751]]], [[[-8657243.646, 4764837.332000002], [-8657244.44, 4764836.952200003], [-8657246.0132, 4764836.982799999], [-8657248.3501, 4764838.213100001], [-8657249.1217, 4764839.017999999], [-8657250.6723, 4764840.233199999], [-8657251.8217, 4764841.835699998], [-8657252.1999, 4764842.6329], [-8657252.5706, 4764843.825300001], [-8657251.7159, 4764847.364200003], [-8657250.8836, 4764849.7183], [-8657248.8566, 4764852.839400001], [-8657246.421, 4764856.742399998], [-8657245.1958, 4764859.089100003], [-8657240.3248, 4764866.895400003], [-8657235.4914, 4764872.727600001], [-8657230.265, 4764878.552000001], [-8657227.852, 4764881.2705999985], [-8657229.569, 4764873.798], [-8657232.9579, 4764861.222499996], [-8657235.0685, 4764853.757600002], [-8657237.5646, 4764846.695200004], [-8657240.0003, 4764842.792099997], [-8657243.646, 4764837.332000002]]], [[[-8655513.5403, 4766429.816399999], [-8655514.327, 4766429.831699997], [-8655514.7051, 4766430.629299998], [-8655514.6745, 4766432.209100001], [-8655515.0372, 4766433.796499997], [-8655514.6133, 4766435.368500002], [-8655514.5598, 4766438.133299999], [-8655514.0901, 4766442.074900001], [-8655513.5894, 4766447.596699998], [-8655513.1578, 4766449.5638], [-8655511.8402, 4766456.649700001], [-8655510.9771, 4766460.584100001], [-8655509.6441, 4766468.460100003], [-8655507.933, 4766475.5383], [-8655506.6997, 4766478.280100003], [-8655503.4684, 4766482.563199997], [-8655496.2504, 4766489.534000002], [-8655497.9765, 4766481.665799998], [-8655499.6955, 4766474.192299999], [-8655500.5434, 4766471.048100002], [-8655502.2697, 4766463.18], [-8655502.7316, 4766459.633100003], [-8655504.4582, 4766451.764799997], [-8655504.9129, 4766448.612599999], [-8655506.624, 4766441.534400001], [-8655507.8651, 4766438.397600003], [-8655511.1112, 4766433.3248], [-8655512.3295, 4766431.372900002], [-8655512.7384, 4766430.590899996], [-8655513.5403, 4766429.816399999]]], [[[-8655395.4094, 4766474.526900001], [-8655396.9981, 4766473.767800003], [-8655400.9317, 4766473.844800003], [-8655404.0711, 4766474.301200002], [-8655412.3314, 4766474.462200001], [-8655418.2778, 4766472.207800001], [-8655421.841, 4766471.092200004], [-8655428.2035, 4766467.660700001], [-8655434.1727, 4766464.2211000025], [-8655430.1014, 4766471.253600001], [-8655428.8756, 4766473.600199997], [-8655424.4413, 4766479.045199998], [-8655422.4363, 4766480.981299996], [-8655417.5938, 4766487.208499998], [-8655413.622, 4766489.106299996], [-8655409.2951, 4766489.0217999965], [-8655406.9425, 4766488.580899999], [-8655401.8748, 4766486.111199997], [-8655399.5452, 4766484.485200003], [-8655398.7738, 4766483.679799996], [-8655396.8605, 4766480.876900002], [-8655395.7186, 4766478.879100002], [-8655394.9625, 4766477.283799998], [-8655394.5919, 4766476.0913999975], [-8655394.6073, 4766475.3015], [-8655395.4094, 4766474.526900001]]], [[[-8655939.8199, 4765548.005900003], [-8655941.0078, 4765547.633699998], [-8655943.7607, 4765547.687399998], [-8655944.9253, 4765548.500399999], [-8655945.3036, 4765549.297700003], [-8655945.674, 4765550.490099996], [-8655946.4302, 4765552.085000001], [-8655946.7778, 4765554.462200001], [-8655947.5035, 4765557.637100004], [-8655949.7261, 4765564.791500002], [-8655950.8224, 4765569.1586000025], [-8655950.7611, 4765572.317699999], [-8655950.3296, 4765574.284599997], [-8655948.3249, 4765576.221000001], [-8655942.7801, 4765578.088600002], [-8655938.423, 4765579.583999999], [-8655935.0281, 4765572.011500001], [-8655932.3968, 4765565.639200002], [-8655932.1027, 4765560.497400001], [-8655932.58, 4765556.160899997], [-8655933.4278, 4765553.017099999], [-8655934.6456, 4765551.0656], [-8655935.0545, 4765550.283299997], [-8655936.6506, 4765549.129199997], [-8655938.239, 4765548.369999997], [-8655939.8199, 4765548.005900003]]], [[[-8655782.3391, 4766183.778499998], [-8655783.5192, 4766183.801100001], [-8655785.0851, 4766184.226999998], [-8655787.3992, 4766186.6426], [-8655788.1631, 4766187.842600003], [-8655788.5334, 4766189.035400003], [-8655788.9117, 4766189.832500003], [-8655788.8888, 4766191.017499998], [-8655788.4725, 4766192.194700003], [-8655788.0637, 4766192.976899996], [-8655785.658, 4766195.3006], [-8655783.2595, 4766197.229099996], [-8655776.4429, 4766203.813000001], [-8655772.8418, 4766206.903499998], [-8655767.2279, 4766212.325400002], [-8655761.2207, 4766217.739500001], [-8655758.4213, 4766220.055600002], [-8655752.8079, 4766225.477600001], [-8655752.0134, 4766225.857000001], [-8655756.0843, 4766218.824699998], [-8655759.361, 4766212.1721], [-8655760.6019, 4766209.0353000015], [-8655761.5186, 4766202.3367], [-8655761.9807, 4766198.789899997], [-8655764.0084, 4766195.668899998], [-8655766.8307, 4766192.168099999], [-8655771.2187, 4766189.092600003], [-8655775.9922, 4766186.420000002], [-8655781.1514, 4766184.1501], [-8655782.3391, 4766183.778499998]]], [[[-8657229.1782, 4764812.165100001], [-8657231.5529, 4764811.420599997], [-8657232.7252, 4764811.838500001], [-8657233.1032, 4764812.635700002], [-8657233.0504, 4764815.400200002], [-8657232.6191, 4764817.3671], [-8657231.3407, 4764822.4777000025], [-8657230.4026, 4764830.359999999], [-8657229.0788, 4764837.840300001], [-8657228.6399, 4764840.202], [-8657227.3161, 4764847.682099998], [-8657225.6068, 4764854.759800002], [-8657223.9576, 4764858.678099997], [-8657222.7399, 4764860.629600003], [-8657217.3472, 4764854.6000000015], [-8657215.0254, 4764852.5798999965], [-8657208.8312, 4764847.324600004], [-8657208.0675, 4764846.124399997], [-8657208.1129, 4764843.755199999], [-8657208.5364, 4764842.183499999], [-8657211.7662, 4764837.9004999995], [-8657214.9808, 4764834.407300003], [-8657217.8248, 4764829.722000003], [-8657220.3283, 4764822.264700003], [-8657222.4162, 4764815.984499998], [-8657224.4131, 4764814.443000004], [-8657227.5973, 4764812.529100001], [-8657229.1782, 4764812.165100001]]], [[[-8655791.758, 4766347.925700001], [-8655792.9458, 4766347.553499997], [-8655793.7324, 4766347.568899997], [-8655795.2904, 4766348.3895], [-8655795.6689, 4766349.187399998], [-8655797.5745, 4766352.3851], [-8655798.7087, 4766354.777999997], [-8655798.6478, 4766357.937299997], [-8655797.4065, 4766361.074100003], [-8655796.1884, 4766363.025700003], [-8655794.1756, 4766365.356899999], [-8655793.7668, 4766366.139200002], [-8655789.7725, 4766369.2223000005], [-8655784.1968, 4766372.669299997], [-8655779.3772, 4766377.711599998], [-8655774.9357, 4766383.551399998], [-8655773.7176, 4766385.503300004], [-8655769.2607, 4766392.133000001], [-8655767.6491, 4766394.077299997], [-8655762.4363, 4766399.111699998], [-8655756.8301, 4766404.138999999], [-8655755.2337, 4766405.2929000035], [-8655761.8174, 4766390.407700002], [-8655764.7162, 4766382.957199998], [-8655767.607, 4766375.901600003], [-8655768.0235, 4766374.724600002], [-8655772.0713, 4766368.876999997], [-8655776.8986, 4766363.439800002], [-8655780.1065, 4766360.341700003], [-8655786.1442, 4766353.347400002], [-8655788.9587, 4766350.241599999], [-8655790.5627, 4766348.692400001], [-8655791.758, 4766347.925700001]]], [[[-8656865.3297, 4765196.607199997], [-8656872.4929, 4765192.400399998], [-8656873.6655, 4765192.818499997], [-8656874.4365, 4765193.623400003], [-8656875.2158, 4765194.033500001], [-8656876.3654, 4765195.635700002], [-8656878.294, 4765197.648500003], [-8656872.2956, 4765202.6679000035], [-8656865.9115, 4765207.284900002], [-8656863.09, 4765210.785599999], [-8656859.4363, 4765216.640500002], [-8656857.8328, 4765218.189599998], [-8656855.0491, 4765219.7161], [-8656850.7, 4765220.816699997], [-8656844.3994, 4765221.089900002], [-8656838.4846, 4765221.7651999965], [-8656831.3594, 4765223.997199997], [-8656828.591, 4765224.733800001], [-8656821.0801, 4765226.563500002], [-8656819.9077, 4765226.1455999985], [-8656819.5297, 4765225.3486], [-8656820.339, 4765224.178599998], [-8656820.7553, 4765223.001599997], [-8656821.9578, 4765221.840099998], [-8656823.1758, 4765219.888400003], [-8656825.1803, 4765217.952], [-8656827.5932, 4765215.233199999], [-8656831.1938, 4765212.142499998], [-8656832.7823, 4765211.383299999], [-8656837.9408, 4765209.1131], [-8656845.0506, 4765207.6708], [-8656850.5951, 4765205.803000003], [-8656856.5706, 4765201.968199998], [-8656862.9472, 4765197.746200003], [-8656865.3297, 4765196.607199997]]], [[[-8657209.145, 4764748.966799997], [-8657210.7407, 4764747.812600002], [-8657212.5555, 4764755.748300001], [-8657213.2211, 4764762.081799999], [-8657212.3434, 4764766.805299997], [-8657211.118, 4764769.151600003], [-8657207.9036, 4764772.645000003], [-8657205.8993, 4764774.581500001], [-8657201.0585, 4764780.808200002], [-8657199.0387, 4764783.534400001], [-8657196.5655, 4764789.411899999], [-8657194.8635, 4764796.0945999995], [-8657193.1844, 4764801.592600003], [-8657191.4671, 4764809.065099999], [-8657190.6276, 4764811.814000003], [-8657189.2809, 4764820.478699997], [-8657187.9799, 4764826.7739999965], [-8657185.5517, 4764830.282700002], [-8657182.7607, 4764832.203699999], [-8657180.3782, 4764833.342699997], [-8657178.7973, 4764833.7073], [-8657177.6175, 4764833.684299998], [-8657176.8385, 4764833.274099998], [-8657176.8766, 4764831.299800001], [-8657177.3001, 4764829.7277000025], [-8657177.739, 4764827.3662], [-8657178.9945, 4764823.439999998], [-8657181.0596, 4764818.344400004], [-8657181.4983, 4764815.983000003], [-8657183.223, 4764808.115500003], [-8657184.4787, 4764804.189499997], [-8657186.2032, 4764796.321900003], [-8657189.9478, 4764785.728299998], [-8657193.6086, 4764779.479099996], [-8657196.0519, 4764775.1809], [-8657198.1471, 4764768.505900003], [-8657199.3951, 4764764.974799998], [-8657202.277, 4764758.314800002], [-8657205.9226, 4764752.8549000025], [-8657209.145, 4764748.966799997]]], [[[-8657221.5048, 4764924.997199997], [-8657222.6847, 4764925.020000003], [-8657224.2502, 4764925.4454], [-8657225.4227, 4764925.8631], [-8657226.2017, 4764926.273100004], [-8657227.3742, 4764926.690800004], [-8657230.0742, 4764929.508500002], [-8657230.4372, 4764931.095700003], [-8657230.3008, 4764938.203599997], [-8657229.408, 4764943.717200004], [-8657228.5307, 4764948.440700002], [-8657227.9857, 4764956.330700003], [-8657227.0551, 4764963.818400003], [-8657225.7994, 4764967.744800001], [-8657222.9555, 4764972.429899998], [-8657218.5231, 4764977.875], [-8657215.2932, 4764982.157899998], [-8657211.6171, 4764989.197700001], [-8657209.2119, 4764991.521399997], [-8657205.6115, 4764994.611900002], [-8657204.4239, 4764994.984099999], [-8657203.6222, 4764995.758599997], [-8657202.8356, 4764995.743699998], [-8657202.0416, 4764996.123300001], [-8657200.8617, 4764996.100199997], [-8657200.0898, 4764995.295299999], [-8657198.6002, 4764990.920900002], [-8657203.0629, 4764983.896499999], [-8657205.9068, 4764979.211000003], [-8657208.7888, 4764972.550999999], [-8657211.6861, 4764965.101400003], [-8657212.1097, 4764963.529299997], [-8657215.3925, 4764956.482000001], [-8657217.8886, 4764949.4199], [-8657218.7283, 4764946.670599997], [-8657219.6437, 4764939.9727], [-8657220.1204, 4764935.636799999], [-8657220.6879, 4764926.561499998], [-8657220.7032, 4764925.7717999965], [-8657221.5048, 4764924.997199997]]], [[[-8655941.0496, 4765708.4274], [-8655941.859, 4765707.2579], [-8655942.6459, 4765707.273400001], [-8655943.4173, 4765708.078500003], [-8655944.1581, 4765710.463500001], [-8655944.9141, 4765712.058300003], [-8655945.2618, 4765714.435800001], [-8655946.335, 4765719.987499997], [-8655947.3853, 4765726.723999999], [-8655947.6717, 4765732.260600001], [-8655946.3775, 4765738.161700003], [-8655944.3649, 4765740.492799997], [-8655941.1496, 4765743.9859], [-8655937.9495, 4765746.689000003], [-8655932.722, 4765752.513300002], [-8655931.5114, 4765754.07], [-8655925.8827, 4765760.281900004], [-8655925.0808, 4765761.056199998], [-8655923.8932, 4765761.428099997], [-8655923.1065, 4765761.412900001], [-8655921.5483, 4765760.592299998], [-8655918.4399, 4765758.556400001], [-8655915.7324, 4765756.133199997], [-8655914.9535, 4765755.723099999], [-8655920.7498, 4765740.822800003], [-8655924.4119, 4765734.573399998], [-8655928.8684, 4765727.943800002], [-8655929.678, 4765726.7742], [-8655934.1341, 4765720.1448], [-8655935.7609, 4765717.411200002], [-8655940.2477, 4765709.201899998], [-8655941.0496, 4765708.4274]]], [[[-8655693.0109, 4766306.095899999], [-8655696.1729, 4766305.367399998], [-8655700.091, 4766306.233999997], [-8655700.8629, 4766307.0392], [-8655702.0047, 4766309.0370000005], [-8655703.1309, 4766311.824600004], [-8655703.4557, 4766315.387000002], [-8655703.7728, 4766319.343900003], [-8655703.3107, 4766322.890500002], [-8655702.0695, 4766326.0273], [-8655699.6481, 4766329.140799999], [-8655691.6284, 4766336.886399999], [-8655686.4078, 4766342.315899998], [-8655683.2074, 4766345.019400001], [-8655678.0327, 4766348.0792], [-8655670.8988, 4766350.705600001], [-8655668.1226, 4766351.836599998], [-8655671.8078, 4766344.401799999], [-8655674.6911, 4766337.741499998], [-8655675.5771, 4766332.622599997], [-8655674.8823, 4766327.867700003], [-8655674.1947, 4766322.7179000005], [-8655674.634, 4766320.355899997], [-8655675.8674, 4766317.614500001], [-8655678.2811, 4766314.8961], [-8655681.0961, 4766311.789999999], [-8655685.0905, 4766308.7070999965], [-8655689.4553, 4766306.8169], [-8655693.0109, 4766306.095899999]]], [[[-8655967.721, 4765610.9695999995], [-8655968.9008, 4765610.992399998], [-8655970.4665, 4765611.4179000035], [-8655975.1483, 4765613.4846], [-8655977.0921, 4765614.707699999], [-8655982.1442, 4765617.966499999], [-8655985.2375, 4765620.792300001], [-8655986.7497, 4765623.982299998], [-8655987.0974, 4765626.359700002], [-8655987.4601, 4765627.946800001], [-8655987.4068, 4765630.711300001], [-8655986.9906, 4765631.888400003], [-8655985.7879, 4765633.0502], [-8655984.1764, 4765634.994099997], [-8655981.7705, 4765637.317699999], [-8655978.502, 4765643.575099997], [-8655975.6573, 4765648.260300003], [-8655971.6552, 4765651.7381], [-8655967.6686, 4765654.426200002], [-8655963.3114, 4765655.921300001], [-8655958.9772, 4765656.232299998], [-8655956.2238, 4765656.178400002], [-8655955.1967, 4765648.257100001], [-8655954.5471, 4765641.133400001], [-8655954.6082, 4765637.9738000035], [-8655955.8949, 4765632.467799999], [-8655958.3694, 4765626.590099998], [-8655961.2749, 4765618.7456], [-8655963.3256, 4765614.439599998], [-8655964.937, 4765612.495800003], [-8655966.1399, 4765611.333899997], [-8655967.721, 4765610.9695999995]]], [[[-8655395.9713, 4766709.626199998], [-8655398.3314, 4766709.6723000035], [-8655399.504, 4766710.090300001], [-8655400.2753, 4766710.8957], [-8655401.7877, 4766714.0858], [-8655402.158, 4766715.278499998], [-8655402.0892, 4766718.8332], [-8655401.6729, 4766720.010399997], [-8655400.0766, 4766721.1647000015], [-8655392.904, 4766725.765900001], [-8655387.7061, 4766730.010799997], [-8655385.3151, 4766731.544200003], [-8655372.544, 4766740.777599998], [-8655368.9498, 4766743.473200001], [-8655362.1861, 4766747.2924000025], [-8655356.2088, 4766751.126599997], [-8655349.4452, 4766754.9454], [-8655346.2523, 4766757.253700003], [-8655342.6661, 4766759.554499999], [-8655339.8896, 4766760.685599998], [-8655337.5139, 4766761.429399997], [-8655334.7529, 4766761.7705999985], [-8655331.9992, 4766761.7168999985], [-8655330.441, 4766760.8961], [-8655330.0627, 4766760.0988000035], [-8655330.4716, 4766759.316299997], [-8655334.9135, 4766753.4767], [-8655337.3196, 4766751.152900003], [-8655343.3195, 4766746.133400001], [-8655346.1345, 4766743.027599998], [-8655356.5915, 4766731.3785], [-8655364.612, 4766723.632799998], [-8655370.2032, 4766719.3961], [-8655373.3809, 4766717.877400003], [-8655379.3426, 4766714.832999997], [-8655381.718, 4766714.089299999], [-8655389.2306, 4766712.260399997], [-8655394.3825, 4766710.385499999], [-8655395.9713, 4766709.626199998]]], [[[-8655610.3521, 4766429.334700003], [-8655612.3265, 4766428.978100002], [-8655615.8516, 4766429.836900003], [-8655617.0241, 4766430.254900001], [-8655617.4019, 4766431.052599996], [-8655617.7723, 4766432.245099999], [-8655618.4676, 4766436.999700002], [-8655618.0359, 4766438.967], [-8655617.5812, 4766442.118600003], [-8655616.3324, 4766445.650399998], [-8655614.2969, 4766449.166599996], [-8655613.0939, 4766450.328500003], [-8655609.5003, 4766453.024300002], [-8655603.5614, 4766454.884000003], [-8655596.4278, 4766457.5101], [-8655590.8367, 4766461.747199997], [-8655589.6413, 4766462.514200002], [-8655588.4152, 4766464.860799998], [-8655588.3542, 4766468.020400003], [-8655588.6329, 4766473.952299997], [-8655588.5105, 4766480.271600001], [-8655586.0512, 4766485.360200003], [-8655582.0028, 4766491.207500003], [-8655579.1576, 4766495.893200003], [-8655576.6523, 4766503.351300001], [-8655574.2081, 4766507.6499999985], [-8655570.9999, 4766510.747900002], [-8655565.8251, 4766513.807899997], [-8655559.0769, 4766516.8369999975], [-8655552.7371, 4766519.083899997], [-8655556.0219, 4766512.0363000035], [-8655559.7072, 4766504.601099998], [-8655564.164, 4766497.971199997], [-8655568.2276, 4766491.333700001], [-8655569.4535, 4766488.987199999], [-8655570.3551, 4766483.078299999], [-8655570.1221, 4766474.776600003], [-8655571.3939, 4766470.060099997], [-8655573.8152, 4766466.946699999], [-8655578.6041, 4766463.483999997], [-8655583.4085, 4766459.231799997], [-8655587.8424, 4766453.7870000005], [-8655591.5129, 4766447.141400002], [-8655593.5482, 4766443.625600003], [-8655597.2338, 4766436.190499999], [-8655598.8454, 4766434.246399999], [-8655601.637, 4766432.325400002], [-8655604.8144, 4766430.806999996], [-8655610.3521, 4766429.334700003]]], [[[-8657289.334, 4764650.180399999], [-8657290.5216, 4764649.8081], [-8657292.8813, 4764649.853799999], [-8657297.5554, 4764652.314099997], [-8657299.0981, 4764653.924199998], [-8657299.8619, 4764655.124200001], [-8657299.8166, 4764657.493600003], [-8657298.9996, 4764659.057700001], [-8657298.1599, 4764661.8068], [-8657296.5186, 4764665.330300003], [-8657296.1028, 4764666.5075], [-8657293.2211, 4764673.1669000015], [-8657290.7477, 4764679.0446000025], [-8657288.244, 4764686.501800001], [-8657286.1336, 4764693.966600001], [-8657285.6875, 4764696.722999997], [-8657283.9701, 4764704.195500001], [-8657282.6389, 4764712.070500001], [-8657281.7917, 4764715.214400001], [-8657278.9021, 4764722.2689], [-8657275.6272, 4764728.921099998], [-8657273.5774, 4764733.226800002], [-8657269.9013, 4764740.2663], [-8657268.2601, 4764743.789999999], [-8657264.5917, 4764750.434500001], [-8657260.5452, 4764756.281800002], [-8657255.7196, 4764761.718999997], [-8657249.7064, 4764767.527999997], [-8657251.0377, 4764759.652999997], [-8657251.991, 4764750.980800003], [-8657252.8687, 4764746.257600002], [-8657254.979, 4764738.792599998], [-8657258.3071, 4764729.376199998], [-8657261.1963, 4764722.321400002], [-8657262.8455, 4764718.4032000005], [-8657266.5214, 4764711.363600001], [-8657267.7619, 4764708.227300003], [-8657270.2579, 4764701.165100001], [-8657271.9067, 4764697.246600002], [-8657274.4106, 4764689.789399996], [-8657278.6463, 4764674.070200004], [-8657280.7567, 4764666.605599999], [-8657282.0047, 4764663.074199997], [-8657285.295, 4764655.6325], [-8657286.9288, 4764652.503899999], [-8657289.334, 4764650.180399999]]], [[[-8655450.2577, 4766487.056100003], [-8655453.4048, 4766487.1175], [-8655454.9704, 4766487.542999998], [-8655456.9221, 4766488.371399999], [-8655458.0867, 4766489.184100002], [-8655458.8506, 4766490.384599999], [-8655459.2133, 4766491.9717999995], [-8655459.5836, 4766493.1647000015], [-8655459.5073, 4766497.114100002], [-8655459.0681, 4766499.476199999], [-8655457.4181, 4766503.395000003], [-8655455.8066, 4766505.339000002], [-8655449.8373, 4766508.778499998], [-8655445.0712, 4766511.0559], [-8655439.1172, 4766513.705300003], [-8655434.729, 4766516.780699998], [-8655433.9192, 4766517.949900001], [-8655429.8555, 4766524.587399997], [-8655424.1343, 4766535.538599998], [-8655420.9187, 4766539.0317], [-8655414.9647, 4766541.681400001], [-8655409.8049, 4766543.951099999], [-8655407.0056, 4766546.267200001], [-8655402.5945, 4766550.527000003], [-8655399.016, 4766552.432599999], [-8655395.8307, 4766554.3461000025], [-8655392.6687, 4766555.074600004], [-8655391.8743, 4766555.4542], [-8655389.5065, 4766555.803199999], [-8655387.5397, 4766555.764700003], [-8655384.0147, 4766554.9054000005], [-8655382.8424, 4766554.487599999], [-8655381.6775, 4766553.674500003], [-8655380.528, 4766552.071699999], [-8655379.3709, 4766550.864299998], [-8655378.6299, 4766548.478699997], [-8655378.2521, 4766547.681100003], [-8655378.6758, 4766546.108999997], [-8655379.0844, 4766545.3266], [-8655380.2953, 4766543.770300001], [-8655382.6936, 4766541.8411], [-8655390.2672, 4766536.852799997], [-8655393.4676, 4766534.149400003], [-8655399.4674, 4766529.1303], [-8655402.6831, 4766525.637199998], [-8655406.3225, 4766520.5722], [-8655409.1452, 4766517.070900001], [-8655411.9294, 4766515.545199998], [-8655419.0175, 4766515.2885000035], [-8655421.7786, 4766514.947400004], [-8655424.1847, 4766512.6237], [-8655428.2484, 4766505.986000001], [-8655431.9032, 4766500.131200001], [-8655437.479, 4766496.684], [-8655443.4485, 4766493.244499996], [-8655445.8543, 4766490.920999996], [-8655447.4661, 4766488.976899996], [-8655448.6694, 4766487.815200001], [-8655450.2577, 4766487.056100003]]], [[[-8656906.4618, 4765185.553000003], [-8656907.3396, 4765180.8292], [-8656908.5497, 4765179.2722999975], [-8656909.745, 4765178.505500004], [-8656912.1275, 4765177.366700001], [-8656916.0835, 4765176.258199997], [-8656924.396, 4765173.653800003], [-8656927.5577, 4765172.925099999], [-8656934.6979, 4765169.902800001], [-8656939.8488, 4765168.027500004], [-8656947.375, 4765165.407799996], [-8656951.7392, 4765163.517200001], [-8656958.4862, 4765160.487499997], [-8656960.4755, 4765159.340999998], [-8656965.3014, 4765153.903700002], [-8656966.9126, 4765151.959600002], [-8656967.7068, 4765151.580200002], [-8656968.8943, 4765151.207999997], [-8656970.0668, 4765151.625799999], [-8656970.8305, 4765152.8257], [-8656972.3658, 4765154.830499999], [-8656975.0658, 4765157.648400001], [-8656976.2381, 4765158.066], [-8656977.8114, 4765158.096600004], [-8656979.7853, 4765157.740000002], [-8656982.5615, 4765156.608499996], [-8656986.5248, 4765155.105099998], [-8656994.4442, 4765152.492899999], [-8657001.9701, 4765149.873099998], [-8657010.6912, 4765146.486900002], [-8657015.0478, 4765144.990900002], [-8657017.0221, 4765144.634300001], [-8657018.5803, 4765145.454499997], [-8657018.5423, 4765147.428999998], [-8657016.4769, 4765152.524700001], [-8657014.8203, 4765156.838100001], [-8657014.0185, 4765157.612599999], [-8657011.1366, 4765164.2727999985], [-8657005.4708, 4765172.458899997], [-8657003.0578, 4765175.177599996], [-8656997.8613, 4765179.422600001], [-8656994.6619, 4765182.1259], [-8656986.7956, 4765181.973499998], [-8656978.9219, 4765182.2161], [-8656976.9478, 4765182.572899997], [-8656970.2235, 4765184.417999998], [-8656962.6976, 4765187.0375000015], [-8656958.3559, 4765187.7434], [-8656952.0706, 4765187.226499997], [-8656944.6281, 4765185.5022], [-8656939.1217, 4765185.395499997], [-8656933.1992, 4765186.4657000005], [-8656928.4567, 4765187.559500001], [-8656921.725, 4765189.799000002], [-8656920.1365, 4765190.558700003], [-8656912.1792, 4765195.144900002], [-8656910.1977, 4765195.896600001], [-8656909.0177, 4765195.873499997], [-8656907.8452, 4765195.456], [-8656907.4673, 4765194.658399999], [-8656906.3629, 4765190.686499998], [-8656906.4618, 4765185.553000003]]], [[[-8654629.7007, 4768940.4102], [-8654653.1255, 4768837.685199998], [-8654676.1029, 4768843.136], [-8654652.7306, 4768945.6329], [-8654629.7007, 4768940.4102]]], [[[-8655465.9325, 4766592.064599998], [-8655459.6389, 4766591.941600002], [-8655456.4842, 4766592.275300004], [-8655451.3704, 4766592.1756], [-8655448.2387, 4766591.323899999], [-8655443.9499, 4766589.264700003], [-8655442.0061, 4766588.041299999], [-8655441.2349, 4766587.236400001], [-8655440.8644, 4766586.0436], [-8655440.8872, 4766584.858599998], [-8655441.2958, 4766584.076499999], [-8655442.1057, 4766582.9070999995], [-8655443.3088, 4766581.745099999], [-8655445.6995, 4766580.2114999965], [-8655448.8998, 4766577.508199997], [-8655454.1053, 4766572.868699998], [-8655458.1613, 4766566.626100004], [-8655460.1739, 4766564.294799998], [-8655464.1535, 4766562.001800001], [-8655470.0848, 4766560.5370000005], [-8655477.6044, 4766558.313199997], [-8655483.9822, 4766554.091799997], [-8655484.769, 4766554.1071000025], [-8655485.548, 4766554.517200001], [-8655485.9031, 4766556.499899998], [-8655485.8725, 4766558.079700001], [-8655485.4409, 4766560.046599999], [-8655483.3213, 4766567.907499999], [-8655482.0648, 4766571.833899997], [-8655479.9602, 4766578.9048999995], [-8655479.1277, 4766581.259199999], [-8655476.229, 4766588.7095], [-8655474.5865, 4766592.233400002], [-8655471.6875, 4766599.683799997], [-8655470.8781, 4766600.853299998], [-8655467.5936, 4766607.9014], [-8655466.7535, 4766610.650899999], [-8655465.0573, 4766616.939300001], [-8655463.7778, 4766622.0506], [-8655460.8866, 4766629.105899997], [-8655459.2291, 4766633.420000002], [-8655458.3122, 4766640.118699998], [-8655457.4336, 4766644.843099996], [-8655455.337, 4766651.5189], [-8655453.2631, 4766657.0097], [-8655450.3717, 4766664.065300003], [-8655449.1305, 4766667.202], [-8655445.846, 4766674.249899998], [-8655442.168, 4766681.2902000025], [-8655440.541, 4766684.024099998], [-8655436.8629, 4766691.064499997], [-8655433.1925, 4766697.7097999975], [-8655431.5809, 4766699.6536], [-8655426.761, 4766704.696000002], [-8655421.5554, 4766709.335699998], [-8655419.1646, 4766710.869499996], [-8655414.3907, 4766713.542099997], [-8655409.2157, 4766716.601800002], [-8655408.051, 4766715.788599998], [-8655407.6728, 4766714.9912], [-8655406.508, 4766714.178099997], [-8655406.615, 4766708.648800001], [-8655407.0467, 4766706.681699999], [-8655408.2726, 4766704.334899999], [-8655410.7018, 4766700.826700002], [-8655411.5039, 4766700.052000001], [-8655415.5674, 4766693.414499998], [-8655418.7988, 4766689.131200001], [-8655424.4053, 4766684.104199998], [-8655430.3974, 4766679.479999997], [-8655433.2123, 4766676.373899996], [-8655436.073, 4766670.898400001], [-8655438.1622, 4766664.6175], [-8655439.4112, 4766661.0858], [-8655441.5234, 4766653.619999997], [-8655443.2419, 4766646.146399997], [-8655444.0823, 4766643.397100002], [-8655447.7528, 4766636.751699999], [-8655450.2044, 4766632.058600001], [-8655451.1059, 4766626.149400003], [-8655451.2514, 4766618.645199999], [-8655451.7366, 4766613.913199998], [-8655454.204, 4766608.430100001], [-8655457.0644, 4766602.954499997], [-8655459.8944, 4766599.058799997], [-8655465.1, 4766594.419299997], [-8655465.902, 4766593.6445999965], [-8655466.3107, 4766592.862000003], [-8655465.9325, 4766592.064599998]]], [[[-8655290.47, 4766853.757600002], [-8655296.4547, 4766849.527999997], [-8655298.8535, 4766847.5995000005], [-8655306.8737, 4766839.853799999], [-8655312.8739, 4766834.834200002], [-8655318.8664, 4766830.210199997], [-8655324.0413, 4766827.1504999995], [-8655330.4195, 4766822.928900003], [-8655332.4092, 4766821.782200001], [-8655341.9881, 4766814.857199997], [-8655347.9728, 4766810.627999999], [-8655350.78, 4766807.917099997], [-8655355.1989, 4766803.261799999], [-8655358.3844, 4766801.3486], [-8655364.3536, 4766797.908799998], [-8655367.5312, 4766796.390600003], [-8655375.0587, 4766793.772100002], [-8655376.262, 4766792.610200003], [-8655379.4397, 4766791.091499999], [-8655382.2161, 4766789.960600004], [-8655385.3708, 4766789.626900002], [-8655388.9187, 4766789.301200002], [-8655394.0172, 4766790.190899998], [-8655395.1819, 4766791.004000001], [-8655395.923, 4766793.389300004], [-8655395.4606, 4766796.9362], [-8655393.7801, 4766802.435000002], [-8655390.8735, 4766810.280299999], [-8655388.0049, 4766816.151000001], [-8655384.7205, 4766823.199199997], [-8655381.8673, 4766828.280000001], [-8655378.5901, 4766834.932800002], [-8655377.7882, 4766835.7073], [-8655374.5341, 4766841.175499998], [-8655370.9249, 4766844.6611], [-8655366.5442, 4766847.341300003], [-8655360.2118, 4766849.1932], [-8655352.6995, 4766851.022], [-8655347.9635, 4766851.719800003], [-8655341.2532, 4766852.7739999965], [-8655334.9671, 4766852.256399997], [-8655322.3791, 4766852.010399997], [-8655318.0368, 4766852.715599999], [-8655314.4733, 4766853.8314], [-8655313.278, 4766854.598399997], [-8655307.2778, 4766859.6175], [-8655289.2315, 4766877.045400001], [-8655283.6094, 4766882.861900002], [-8655281.6042, 4766884.798500001], [-8655276.7613, 4766891.025700003], [-8655271.5327, 4766896.850299999], [-8655267.9232, 4766900.336000003], [-8655262.6949, 4766906.160700001], [-8655259.047, 4766911.620899998], [-8655256.6255, 4766914.7346], [-8655254.2347, 4766916.268299997], [-8655249.8769, 4766917.763599999], [-8655247.9025, 4766918.120099999], [-8655244.3618, 4766918.051100001], [-8655243.583, 4766917.640699998], [-8655243.6058, 4766916.455799997], [-8655246.906, 4766908.618000001], [-8655248.1474, 4766905.4811], [-8655251.8256, 4766898.441200003], [-8655253.0594, 4766895.699299999], [-8655262.4592, 4766877.7075999975], [-8655264.8805, 4766874.593599997], [-8655269.3148, 4766869.148800001], [-8655272.9241, 4766865.6633], [-8655278.9166, 4766861.039099999], [-8655285.6959, 4766856.430100001], [-8655290.47, 4766853.757600002]]], [[[-8656151.3997, 4765431.2346], [-8656154.5692, 4765430.110799998], [-8656156.5358, 4765430.149300002], [-8656157.3147, 4765430.559699997], [-8656159.228, 4765433.362499997], [-8656159.9613, 4765436.141800001], [-8656160.6717, 4765440.106299996], [-8656160.5956, 4765444.055699997], [-8656160.1261, 4765447.996699996], [-8656158.8928, 4765450.738600001], [-8656156.8576, 4765454.2544], [-8656154.4444, 4765456.9728000015], [-8656149.6406, 4765461.2249], [-8656143.2636, 4765465.446800001], [-8656140.0639, 4765468.1501], [-8656136.0163, 4765473.997199997], [-8656133.1945, 4765477.497699998], [-8656128.7384, 4765484.1272], [-8656127.528, 4765485.683799997], [-8656122.6786, 4765492.305699997], [-8656118.2301, 4765498.540100001], [-8656110.9673, 4765507.8803], [-8656108.1457, 4765511.380800001], [-8656104.0828, 4765518.0178999975], [-8656102.8723, 4765519.574699998], [-8656098.462, 4765523.834399998], [-8656094.4677, 4765526.917300001], [-8656089.2402, 4765532.741599999], [-8656086.0249, 4765536.234300002], [-8656080.4347, 4765540.471500002], [-8656074.8594, 4765543.9186], [-8656069.3147, 4765545.786200002], [-8656063.7854, 4765546.863499999], [-8656061.8112, 4765547.2201000005], [-8656062.1087, 4765531.818499997], [-8656061.3983, 4765527.854099996], [-8656058.3582, 4765522.263899997], [-8656054.5472, 4765515.868799999], [-8656054.5928, 4765513.499300003], [-8656055.0089, 4765512.322400004], [-8656056.2193, 4765510.765299998], [-8656058.2242, 4765508.829300001], [-8656062.2108, 4765506.141400002], [-8656063.8221, 4765504.197400004], [-8656068.263, 4765498.357699998], [-8656072.7189, 4765491.728799999], [-8656073.9298, 4765490.171800002], [-8656079.5276, 4765485.539999999], [-8656085.9122, 4765480.9234], [-8656087.1227, 4765479.366700001], [-8656089.1884, 4765474.270999998], [-8656091.2616, 4765468.780299999], [-8656094.9082, 4765463.320699997], [-8656098.131, 4765459.4331], [-8656103.3507, 4765454.0035], [-8656105.3481, 4765452.461900003], [-8656109.7124, 4765450.571699999], [-8656115.658, 4765448.317000002], [-8656120.8473, 4765444.467299998], [-8656124.0321, 4765442.553999998], [-8656130.3938, 4765439.122400001], [-8656135.1518, 4765437.239500001], [-8656141.8766, 4765435.394900002], [-8656143.4648, 4765434.635700002], [-8656151.3997, 4765431.2346]]], [[[-8655957.4112, 4765941.050999999], [-8655958.9845, 4765941.081200004], [-8655960.5428, 4765941.902000003], [-8655960.9206, 4765942.699500002], [-8655961.2912, 4765943.891800001], [-8655961.1078, 4765953.370099999], [-8655962.1354, 4765961.292000003], [-8655962.7924, 4765968.020999998], [-8655961.937, 4765971.560099997], [-8655960.303, 4765974.688900001], [-8655957.0874, 4765978.181900002], [-8655952.2911, 4765982.039399996], [-8655949.0908, 4765984.742799997], [-8655943.4773, 4765990.164399996], [-8655941.4802, 4765991.706], [-8655936.2522, 4765997.5304000005], [-8655931.0168, 4766003.749799997], [-8655929.0043, 4766006.081200004], [-8655923.0052, 4766011.100199997], [-8655920.5994, 4766013.423900001], [-8655913.4047, 4766019.2102999985], [-8655908.994, 4766023.470399998], [-8655908.5701, 4766025.042300001], [-8655908.1539, 4766026.2192], [-8655908.5167, 4766027.806999996], [-8655908.8948, 4766028.604500003], [-8655910.0594, 4766029.417199999], [-8655914.3178, 4766033.055799998], [-8655914.6957, 4766033.853399999], [-8655914.6802, 4766034.643100001], [-8655914.2719, 4766035.4252], [-8655913.8556, 4766036.602600001], [-8655913.0461, 4766037.772100002], [-8655910.2392, 4766040.482799999], [-8655904.2629, 4766044.317500003], [-8655899.8903, 4766046.602499999], [-8655894.7385, 4766048.477799997], [-8655886.8412, 4766049.904200003], [-8655884.4659, 4766050.648100004], [-8655878.8981, 4766053.700400002], [-8655873.7085, 4766057.5502], [-8655870.493, 4766061.043399997], [-8655867.2469, 4766066.116300002], [-8655865.1964, 4766070.422499999], [-8655860.7398, 4766077.051899999], [-8655857.1005, 4766082.1171], [-8655852.6438, 4766088.7465], [-8655851.0171, 4766091.480499998], [-8655846.5681, 4766097.715400003], [-8655842.1421, 4766102.7654], [-8655837.3077, 4766108.5973000005], [-8655832.0797, 4766114.421800002], [-8655830.468, 4766116.365900002], [-8655824.4687, 4766121.384999998], [-8655823.6668, 4766122.159599997], [-8655818.8397, 4766127.596600004], [-8655815.6243, 4766131.0898], [-8655806.0005, 4766140.384599999], [-8655802.2045, 4766133.198899999], [-8655800.7152, 4766128.823899999], [-8655800.7688, 4766126.0594], [-8655801.6242, 4766122.520199999], [-8655802.888, 4766118.199100003], [-8655804.9769, 4766111.918099999], [-8655808.2228, 4766106.8455], [-8655811.809, 4766104.544799998], [-8655817.7472, 4766102.684900001], [-8655824.0941, 4766100.043200001], [-8655828.4973, 4766096.178199999], [-8655832.1214, 4766091.9026999995], [-8655834.1643, 4766087.991599999], [-8655835.0044, 4766085.242399998], [-8655834.6723, 4766082.075300001], [-8655834.3858, 4766076.538099997], [-8655835.2032, 4766074.973899998], [-8655838.827, 4766070.698799998], [-8655840.8318, 4766068.762400001], [-8655846.415, 4766064.920199998], [-8655849.6154, 4766062.217], [-8655855.2212, 4766057.189900003], [-8655860.8426, 4766051.373199999], [-8655863.6494, 4766048.662600003], [-8655870.42, 4766044.448399998], [-8655876.011, 4766040.211300001], [-8655877.2214, 4766038.654700004], [-8655879.2644, 4766034.7434], [-8655880.1503, 4766029.624600001], [-8655881.0514, 4766023.715899996], [-8655881.1352, 4766019.372000001], [-8655880.4784, 4766012.642499998], [-8655880.5242, 4766010.2729], [-8655881.773, 4766006.741499998], [-8655884.2093, 4766002.8379999995], [-8655887.8488, 4765997.7729], [-8655889.8763, 4765994.652000003], [-8655893.9392, 4765988.014600001], [-8655894.7489, 4765986.8451000005], [-8655899.1979, 4765980.610399999], [-8655901.997, 4765978.294200003], [-8655904.3799, 4765977.155699998], [-8655909.1075, 4765976.8527000025], [-8655913.0562, 4765976.138999999], [-8655920.1746, 4765974.302599996], [-8655922.9509, 4765973.171400003], [-8655926.9376, 4765970.483499996], [-8655930.9548, 4765966.215800002], [-8655933.3607, 4765963.892200001], [-8655937.4162, 4765957.649800003], [-8655941.4867, 4765950.617700003], [-8655943.4993, 4765948.286399998], [-8655949.0823, 4765944.444399998], [-8655952.6604, 4765942.5385000035], [-8655955.4292, 4765941.802199997], [-8655957.4112, 4765941.050999999]]], [[[-8652261.2729, 4768203.421899997], [-8652127.158, 4768197.021200001], [-8652042.2618, 4768197.996100001], [-8652154.7139, 4768177.264700003], [-8652265.0433, 4768170.3825], [-8652268.2144, 4768170.184799999], [-8652273.6357, 4768171.613899998], [-8652334.818, 4768187.742600001], [-8652372.8932, 4768208.436700001], [-8652381.4864, 4768213.107299998], [-8652387.7628, 4768216.518600002], [-8652390.3525, 4768218.682999998], [-8652388.8961, 4768218.510899998], [-8652336.993, 4768212.374700002], [-8652335.2835, 4768212.172200002], [-8652261.2729, 4768203.421899997]]], [[[-8656163.483, 4765457.543899998], [-8656165.9497, 4765452.060999997], [-8656168.0153, 4765446.965099998], [-8656170.1344, 4765439.1052], [-8656171.7838, 4765435.1866], [-8656174.6055, 4765431.685900003], [-8656178.5998, 4765428.603399999], [-8656181.391, 4765426.682300001], [-8656184.1671, 4765425.551100001], [-8656185.347, 4765425.574000001], [-8656187.6993, 4765426.014799997], [-8656190.8231, 4765427.261], [-8656197.8418, 4765430.557599999], [-8656201.0037, 4765429.829099998], [-8656206.5784, 4765426.381999999], [-8656212.5394, 4765423.337300003], [-8656214.4985, 4765423.770800002], [-8656215.6706, 4765424.188500002], [-8656217.2134, 4765425.798799999], [-8656219.5124, 4765429.003899999], [-8656221.4333, 4765431.4113000035], [-8656227.257, 4765435.475400001], [-8656231.1369, 4765438.316100001], [-8656238.9194, 4765442.8134], [-8656242.4136, 4765445.251400001], [-8656243.9488, 4765447.256800003], [-8656244.6974, 4765449.246600002], [-8656244.6746, 4765450.431199998], [-8656243.8423, 4765452.785599999], [-8656242.1928, 4765456.704000004], [-8656241.7613, 4765458.670999996], [-8656241.2689, 4765463.797499999], [-8656241.5483, 4765469.728500001], [-8656241.0025, 4765477.619099997], [-8656241.3578, 4765479.601400003], [-8656243.2099, 4765485.563299999], [-8656243.5273, 4765489.520300001], [-8656243.1189, 4765490.302299999], [-8656241.9157, 4765491.4641999975], [-8656239.934, 4765492.2157000005], [-8656236.7723, 4765492.944499999], [-8656230.857, 4765493.619599998], [-8656226.4848, 4765495.905100003], [-8656223.6555, 4765499.800499998], [-8656219.2071, 4765506.034900002], [-8656214.4034, 4765510.2874], [-8656209.6227, 4765513.354800001], [-8656203.6618, 4765516.399400003], [-8656197.323, 4765518.646499999], [-8656196.5287, 4765519.026000001], [-8656189.8041, 4765520.870700002], [-8656182.7014, 4765521.9179000035], [-8656174.4417, 4765521.756999999], [-8656171.6732, 4765522.493299998], [-8656170.8713, 4765523.267800003], [-8656170.4629, 4765524.050099999], [-8656170.0238, 4765526.4120000005], [-8656169.5315, 4765531.538199998], [-8656169.1229, 4765532.320299998], [-8656167.5116, 4765534.264200002], [-8656164.7204, 4765536.185199998], [-8656159.962, 4765538.068099998], [-8656154.7957, 4765540.733199999], [-8656153.7527, 4765533.601400003], [-8656154.1767, 4765532.0295], [-8656155.7879, 4765530.085699998], [-8656159.3812, 4765527.390000001], [-8656165.3802, 4765522.370999999], [-8656165.7886, 4765521.5889], [-8656166.2429, 4765518.436999999], [-8656166.3496, 4765512.908399999], [-8656167.5905, 4765509.7717999965], [-8656169.6257, 4765506.255999997], [-8656172.8409, 4765502.762900002], [-8656178.0378, 4765498.518200003], [-8656182.0242, 4765495.830600001], [-8656186.8508, 4765490.393399999], [-8656191.6926, 4765484.166500002], [-8656194.5068, 4765481.060699999], [-8656201.7238, 4765474.089900002], [-8656207.7226, 4765469.070799999], [-8656209.735, 4765466.739600003], [-8656216.142, 4765460.9384], [-8656215.7718, 4765459.745700002], [-8656214.6071, 4765458.933200002], [-8656213.8281, 4765458.5229], [-8656212.2624, 4765458.097400002], [-8656209.5091, 4765458.044100001], [-8656208.7073, 4765458.818400003], [-8656207.5121, 4765459.585199997], [-8656206.3092, 4765460.747000001], [-8656204.6901, 4765463.086000003], [-8656202.2693, 4765466.1994], [-8656194.281, 4765472.3649], [-8656189.4548, 4765477.802100003], [-8656187.45, 4765479.738300003], [-8656181.8674, 4765483.580200002], [-8656179.0836, 4765485.106600001], [-8656171.5494, 4765488.120399997], [-8656165.2029, 4765490.762400001], [-8656161.9953, 4765493.860600002], [-8656160.7544, 4765496.996799998], [-8656159.846, 4765503.3002], [-8656159.029, 4765504.864500001], [-8656156.5547, 4765510.742299996], [-8656153.7175, 4765515.032899998], [-8656150.5406, 4765516.551600002], [-8656146.2063, 4765516.862099998], [-8656138.34, 4765516.709100001], [-8656135.5715, 4765517.445299998], [-8656131.9782, 4765520.141000003], [-8656127.1747, 4765524.393200003], [-8656125.9716, 4765525.555], [-8656119.5869, 4765530.171499997], [-8656116.7882, 4765532.487400003], [-8656110.4264, 4765535.919299997], [-8656108.8453, 4765536.2836000025], [-8656101.697, 4765539.699900001], [-8656100.9104, 4765539.684900001], [-8656100.5475, 4765538.097400002], [-8656100.5625, 4765537.307499997], [-8656100.9713, 4765536.525300004], [-8656101.3949, 4765534.953400001], [-8656102.2123, 4765533.3891], [-8656103.0371, 4765531.429499999], [-8656103.8465, 4765530.260300003], [-8656105.8591, 4765527.928999998], [-8656109.8378, 4765525.636299998], [-8656110.6397, 4765524.861500002], [-8656120.2163, 4765517.936800003], [-8656123.4623, 4765512.864], [-8656125.8984, 4765508.960600004], [-8656129.1821, 4765501.913400002], [-8656132.0727, 4765494.8587], [-8656133.3059, 4765492.117399998], [-8656137.3534, 4765486.270000003], [-8656140.1677, 4765483.164300002], [-8656144.9941, 4765477.7272000015], [-8656148.9959, 4765474.249600001], [-8656154.609, 4765468.827799998], [-8656156.6215, 4765466.496600002], [-8656161.4555, 4765460.664800003], [-8656163.483, 4765457.543899998]]], [[[-8655213.9297, 4769164.165399998], [-8655278.9135, 4769163.365500003], [-8655238.8842, 4769334.874899998], [-8655182.6134, 4769327.2817], [-8655180.0759, 4769326.1985], [-8655213.9297, 4769164.165399998]]], [[[-8656005.8218, 4765797.789899997], [-8656001.5104, 4765796.915799998], [-8656000.3228, 4765797.287900001], [-8655998.7494, 4765797.256999999], [-8655994.7702, 4765799.5502], [-8655988.756, 4765805.359099999], [-8655984.716, 4765810.811499998], [-8655981.4854, 4765815.094499998], [-8655975.4711, 4765820.903499998], [-8655971.8775, 4765823.598999999], [-8655967.8906, 4765826.287199996], [-8655965.1375, 4765826.2333], [-8655964.7593, 4765825.435900003], [-8655963.988, 4765824.630599998], [-8655963.2317, 4765823.035599999], [-8655962.4908, 4765820.651000001], [-8655961.7806, 4765816.6862], [-8655961.4712, 4765812.334399998], [-8655961.9482, 4765807.997599997], [-8655963.2275, 4765802.886799999], [-8655965.2932, 4765797.790899999], [-8655966.9277, 4765794.662299998], [-8655970.5744, 4765789.202200003], [-8655975.4011, 4765783.765100002], [-8655977.4135, 4765781.433799997], [-8655987.0975, 4765768.980300002], [-8655987.907, 4765767.810500003], [-8655992.3558, 4765761.576099999], [-8655994.7845, 4765758.067500003], [-8656000.3902, 4765753.040899999], [-8656006.3893, 4765748.021600001], [-8656008.0007, 4765746.0776999965], [-8656010.8607, 4765740.602399997], [-8656012.9416, 4765734.716700003], [-8656014.6601, 4765727.243900001], [-8656015.8858, 4765724.897200003], [-8656017.8829, 4765723.3561], [-8656023.7982, 4765722.681199998], [-8656030.9085, 4765721.238899998], [-8656031.7181, 4765720.069700003], [-8656031.7412, 4765718.884900004], [-8656031.3858, 4765716.902400002], [-8656030.2974, 4765712.140299998], [-8656030.7517, 4765708.988700002], [-8656032.3783, 4765706.254900001], [-8656035.2003, 4765702.754100002], [-8656039.2326, 4765697.696599998], [-8656040.4431, 4765696.140000001], [-8656044.5135, 4765689.107799999], [-8656046.5262, 4765686.776799999], [-8656048.5002, 4765686.420199998], [-8656051.6395, 4765686.876500003], [-8656058.2955, 4765688.586000003], [-8656061.0564, 4765688.2447], [-8656062.2592, 4765687.082800001], [-8656063.0763, 4765685.518399999], [-8656063.9165, 4765682.769500002], [-8656064.4011, 4765678.037799999], [-8656064.4851, 4765673.693599999], [-8656064.2061, 4765667.762199998], [-8656063.1635, 4765660.630999997], [-8656062.4606, 4765656.271499999], [-8656061.4328, 4765648.3500000015], [-8656061.4863, 4765645.585600004], [-8656062.3492, 4765641.651500002], [-8656064.014, 4765636.943000004], [-8656065.6482, 4765633.814499997], [-8656068.9092, 4765627.951899998], [-8656073.335, 4765622.902099997], [-8656077.3217, 4765620.214100003], [-8656082.8587, 4765618.741700001], [-8656089.5755, 4765617.292199999], [-8656091.9432, 4765616.943099998], [-8656099.4468, 4765615.509099998], [-8656106.9431, 4765614.4695999995], [-8656108.9248, 4765613.718000002], [-8656114.4848, 4765611.060699999], [-8656120.4685, 4765606.8314], [-8656124.0541, 4765604.530699998], [-8656130.4313, 4765600.309199996], [-8656134.4253, 4765597.226400003], [-8656140.8101, 4765592.609499998], [-8656144.3882, 4765590.7038], [-8656151.1432, 4765587.279799998], [-8656158.2993, 4765583.468199998], [-8656159.1012, 4765582.693700001], [-8656163.5191, 4765578.038900003], [-8656165.9401, 4765574.925399996], [-8656171.931, 4765570.300999999], [-8656172.7255, 4765569.921400003], [-8656173.5123, 4765569.936800003], [-8656174.2836, 4765570.7421], [-8656174.2229, 4765573.9014], [-8656173.3294, 4765579.414800003], [-8656172.9132, 4765580.592100002], [-8656171.2715, 4765584.115599997], [-8656168.4419, 4765588.011299998], [-8656164.0392, 4765591.876400001], [-8656160.8315, 4765594.974399999], [-8656154.0232, 4765601.163099997], [-8656153.6147, 4765601.9454], [-8656154.787, 4765602.363200001], [-8656155.5734, 4765602.3785], [-8656156.7688, 4765601.611599997], [-8656160.3241, 4765600.890799999], [-8656162.2906, 4765600.928900003], [-8656162.6612, 4765602.120999999], [-8656160.9658, 4765608.409400001], [-8656161.3287, 4765609.9965], [-8656162.5009, 4765610.414499998], [-8656163.2801, 4765610.825000003], [-8656165.6402, 4765610.870700002], [-8656168.8018, 4765610.141999997], [-8656169.9892, 4765609.770300001], [-8656171.5779, 4765609.010899998], [-8656173.1817, 4765607.4619999975], [-8656176.4047, 4765603.5735], [-8656178.8482, 4765599.275399998], [-8656180.9293, 4765593.390100002], [-8656183.8275, 4765585.940200001], [-8656185.4692, 4765582.416599996], [-8656187.9816, 4765574.5638], [-8656190.849, 4765568.693700001], [-8656194.0567, 4765565.595700003], [-8656197.2337, 4765564.077399999], [-8656201.5754, 4765563.371600002], [-8656202.763, 4765562.999499999], [-8656209.4646, 4765562.339599997], [-8656215.7655, 4765562.067299999], [-8656219.2979, 4765562.5309000015], [-8656221.635, 4765563.761399999], [-8656222.0055, 4765564.9538], [-8656221.5893, 4765566.131099999], [-8656221.1576, 4765568.097999997], [-8656219.9245, 4765570.839400001], [-8656217.4885, 4765574.742700003], [-8656214.2504, 4765579.420400001], [-8656213.0325, 4765581.372199997], [-8656208.5838, 4765587.6071000025], [-8656206.9726, 4765589.550800003], [-8656202.5241, 4765595.785499997], [-8656200.1034, 4765598.898900002], [-8656195.269, 4765604.730700001], [-8656190.0415, 4765610.555299997], [-8656187.6282, 4765613.273800001], [-8656180.4111, 4765620.244400002], [-8656174.4048, 4765625.6589], [-8656171.9992, 4765627.982299998], [-8656166.7485, 4765634.991499998], [-8656163.9267, 4765638.492299996], [-8656161.9296, 4765640.033399999], [-8656159.9553, 4765640.3901999965], [-8656158.7755, 4765640.3671], [-8656156.8163, 4765639.934100002], [-8656154.8647, 4765639.105899997], [-8656151.7566, 4765637.070200004], [-8656151.0001, 4765635.475100003], [-8656151.0459, 4765633.105499998], [-8656152.3251, 4765627.9947], [-8656154.4441, 4765620.134499997], [-8656154.0737, 4765618.942100003], [-8656152.5078, 4765618.516800001], [-8656150.9346, 4765618.485799998], [-8656149.3535, 4765618.850100003], [-8656145.7908, 4765619.966300003], [-8656143.4005, 4765621.500100002], [-8656140.9796, 4765624.613600001], [-8656138.528, 4765629.306500003], [-8656135.6831, 4765633.991999999], [-8656130.849, 4765639.823799998], [-8656130.0472, 4765640.5986], [-8656125.2053, 4765646.825300001], [-8656122.3835, 4765650.326099999], [-8656118.714, 4765656.9711000025], [-8656117.4959, 4765658.922700003], [-8656113.8187, 4765665.9624999985], [-8656112.6006, 4765667.913800001], [-8656108.9313, 4765674.558799997], [-8656106.4872, 4765678.856899999], [-8656102.4245, 4765685.494099997], [-8656097.9682, 4765692.123599999], [-8656097.5521, 4765693.300700001], [-8656092.7027, 4765699.922600001], [-8656089.472, 4765704.205200002], [-8656084.6377, 4765710.0375000015], [-8656079.4103, 4765715.861699998], [-8656077.3977, 4765718.192900002], [-8656071.7843, 4765723.614799999], [-8656066.5568, 4765729.439300001], [-8656065.3617, 4765730.206], [-8656059.748, 4765735.627700001], [-8656053.7416, 4765741.042000003], [-8656050.9425, 4765743.358000003], [-8656045.715, 4765749.182300001], [-8656043.7024, 4765751.513400003], [-8656038.0966, 4765756.5405], [-8656036.0994, 4765758.081500001], [-8656030.0927, 4765763.495800003], [-8656027.2861, 4765766.206600003], [-8656020.8937, 4765771.218199998], [-8656019.2898, 4765772.767099999], [-8656015.6125, 4765779.807300001], [-8656015.5975, 4765780.596900001], [-8656016.7697, 4765781.014600001], [-8656017.9496, 4765781.037900001], [-8656021.9211, 4765779.139600001], [-8656026.2782, 4765777.644500002], [-8656032.1859, 4765777.364], [-8656036.4667, 4765779.818000004], [-8656037.2306, 4765781.017999999], [-8656038.002, 4765781.823200002], [-8656038.3725, 4765783.015600003], [-8656038.3571, 4765783.805399999], [-8656037.5477, 4765784.9750000015], [-8656037.1315, 4765786.152400002], [-8656035.921, 4765787.708700001], [-8656034.703, 4765789.660599999], [-8656033.0914, 4765791.604500003], [-8656028.6504, 4765797.444200002], [-8656026.6381, 4765799.775399998], [-8656021.7962, 4765806.002300002], [-8656019.7836, 4765808.3336], [-8656014.5635, 4765813.763099998], [-8656012.9521, 4765815.7070999965], [-8656007.3385, 4765821.128899999], [-8656004.1235, 4765824.622100003], [-8655998.1241, 4765829.641099997], [-8655995.7185, 4765831.964900002], [-8655990.1126, 4765836.991499998], [-8655986.1031, 4765840.864399999], [-8655980.8752, 4765846.688699998], [-8655974.46, 4765852.885300003], [-8655968.4759, 4765857.114500001], [-8655962.9005, 4765860.5616], [-8655963.4464, 4765852.670599997], [-8655963.8702, 4765851.0988000035], [-8655965.5428, 4765845.994900003], [-8655968.0018, 4765840.906999998], [-8655971.641, 4765835.8418999985], [-8655974.8562, 4765832.3488000035], [-8655980.4623, 4765827.321800001], [-8655986.4613, 4765822.302699998], [-8655989.6539, 4765819.9947], [-8656001.652, 4765809.956100002], [-8656003.2635, 4765808.012100004], [-8656008.8924, 4765801.800499998], [-8656009.3009, 4765801.018100001], [-8656009.316, 4765800.228399999], [-8656008.938, 4765799.4309], [-8656008.1665, 4765798.625799999], [-8656005.8218, 4765797.789899997]]], [[[-8657007.1266, 4765188.687899999], [-8657007.5576, 4765186.721199997], [-8657008.3821, 4765184.761799999], [-8657010.0085, 4765182.027999997], [-8657013.2234, 4765178.5348000005], [-8657017.255, 4765173.477399997], [-8657018.0568, 4765172.702600002], [-8657022.9052, 4765166.081], [-8657024.1157, 4765164.5239999965], [-8657029.3424, 4765158.6994], [-8657031.347, 4765156.762900002], [-8657036.5813, 4765150.543399997], [-8657038.6085, 4765147.422399998], [-8657039.8871, 4765142.3116], [-8657041.5665, 4765136.813500002], [-8657043.571, 4765134.8772], [-8657049.5388, 4765131.436999999], [-8657055.5372, 4765126.4177], [-8657057.5337, 4765124.876100004], [-8657063.5094, 4765121.041500002], [-8657066.2928, 4765119.514899999], [-8657073.4558, 4765115.308399998], [-8657078.6369, 4765111.853299998], [-8657080.649, 4765109.521899998], [-8657081.4963, 4765106.377800003], [-8657081.2016, 4765101.236599997], [-8657081.7542, 4765092.951200001], [-8657083.804, 4765088.6455999985], [-8657087.0415, 4765083.967500001], [-8657091.1033, 4765077.330200002], [-8657093.1384, 4765073.814499997], [-8657098.0401, 4765064.428099997], [-8657100.5364, 4765057.365699999], [-8657101.7919, 4765053.439400002], [-8657105.0669, 4765046.787100002], [-8657105.8841, 4765045.222900003], [-8657109.5301, 4765039.762699999], [-8657112.7676, 4765035.084899999], [-8657115.2487, 4765028.812100001], [-8657116.8977, 4765024.893600002], [-8657120.1728, 4765018.2412], [-8657121.4058, 4765015.5], [-8657125.8535, 4765009.2651999965], [-8657130.3086, 4765002.635600001], [-8657132.3435, 4764999.119900003], [-8657136.4053, 4764992.4826000035], [-8657139.6805, 4764985.830200002], [-8657140.5206, 4764983.081200004], [-8657142.6232, 4764976.011200003], [-8657144.3483, 4764968.144000001], [-8657145.5963, 4764964.612800002], [-8657148.8716, 4764957.9604], [-8657152.9334, 4764951.323100001], [-8657154.9756, 4764947.412199996], [-8657157.0786, 4764940.342100002], [-8657158.3344, 4764936.416199997], [-8657160.4447, 4764928.951200001], [-8657162.563, 4764921.091499999], [-8657163.3949, 4764918.737099998], [-8657165.8988, 4764911.280000001], [-8657167.1469, 4764907.7487], [-8657169.6506, 4764900.291500002], [-8657171.7687, 4764892.431900002], [-8657172.1849, 4764891.254500002], [-8657175.0743, 4764884.199900001], [-8657176.3226, 4764880.6686], [-8657178.826, 4764873.211400002], [-8657180.0818, 4764869.285499997], [-8657183.3723, 4764861.843500003], [-8657185.0287, 4764857.530199997], [-8657188.3193, 4764850.088299997], [-8657189.1133, 4764849.708499998], [-8657190.3085, 4764848.941399999], [-8657191.889, 4764848.577], [-8657194.2489, 4764848.622500002], [-8657197.7735, 4764849.480700001], [-8657202.8786, 4764849.974399999], [-8657201.5474, 4764857.8495000005], [-8657200.6167, 4764865.3374999985], [-8657200.9116, 4764870.478399999], [-8657201.9775, 4764876.424800001], [-8657203.4448, 4764881.983499996], [-8657209.4648, 4764896.321599998], [-8657209.7898, 4764899.883199997], [-8657209.699, 4764904.622000001], [-8657208.4207, 4764909.732500002], [-8657206.3481, 4764915.222999997], [-8657205.1224, 4764917.569499999], [-8657201.8702, 4764923.037199996], [-8657198.2243, 4764928.497100003], [-8657195.3425, 4764935.157399997], [-8657192.4529, 4764942.211900003], [-8657191.6286, 4764944.1712], [-8657187.9599, 4764950.815899998], [-8657184.2837, 4764957.8554000035], [-8657182.6575, 4764960.589299999], [-8657177.8243, 4764966.421300001], [-8657172.5977, 4764972.245899998], [-8657169.7762, 4764975.7465], [-8657166.1153, 4764981.9965], [-8657165.3134, 4764982.771300003], [-8657162.1368, 4764984.289800003], [-8657155.0347, 4764985.337399997], [-8657150.3073, 4764985.641000003], [-8657149.1124, 4764986.4081000015], [-8657148.3183, 4764986.787600003], [-8657148.2876, 4764988.367299996], [-8657149.7777, 4764992.741400003], [-8657150.9274, 4764994.343800001], [-8657151.3054, 4764995.141199999], [-8657152.8712, 4764995.566699997], [-8657153.6651, 4764995.186999999], [-8657154.8528, 4764994.814999998], [-8657160.8205, 4764991.375100002], [-8657163.9821, 4764990.646300003], [-8657167.9225, 4764990.327600002], [-8657171.0616, 4764990.783399999], [-8657172.2262, 4764991.596000001], [-8657172.9975, 4764992.400700003], [-8657172.9598, 4764994.375200003], [-8657170.9176, 4764998.285999998], [-8657168.8978, 4765001.012599997], [-8657166.0539, 4765005.697899997], [-8657164.8282, 4765008.044399999], [-8657161.538, 4765015.486400001], [-8657158.6485, 4765022.541599996], [-8657157.4155, 4765025.282700002], [-8657153.7468, 4765031.927500002], [-8657149.6774, 4765038.959600002], [-8657148.0359, 4765042.483199999], [-8657145.5474, 4765049.150899999], [-8657144.7227, 4765051.109999999], [-8657142.6199, 4765058.180100001], [-8657140.9405, 4765063.678199999], [-8657137.1962, 4765074.272399999], [-8657134.3064, 4765081.327200003], [-8657131.4091, 4765088.7766999975], [-8657129.3744, 4765092.2927], [-8657125.7136, 4765098.5427], [-8657124.9041, 4765099.712200001], [-8657120.0631, 4765105.939199999], [-8657118.0436, 4765108.6657000035], [-8657114.7682, 4765115.317900002], [-8657113.5429, 4765117.664399996], [-8657111.0616, 4765123.937100001], [-8657110.1993, 4765127.870899998], [-8657108.0886, 4765135.336199999], [-8657106.4245, 4765140.044399999], [-8657104.3136, 4765147.509199999], [-8657103.0657, 4765151.0407000035], [-8657101.4315, 4765154.1696000025], [-8657099.0113, 4765157.2831000015], [-8657096.9992, 4765159.614399999], [-8657092.1581, 4765165.841499999], [-8657089.3444, 4765168.947400004], [-8657084.1178, 4765174.771899998], [-8657076.5008, 4765182.1303], [-8657071.6444, 4765189.147399999], [-8657068.0133, 4765193.817500003], [-8657065.6235, 4765195.351499997], [-8657064.8292, 4765195.731200002], [-8657063.2559, 4765195.700900003], [-8657060.1323, 4765194.4551], [-8657055.4657, 4765191.599399999], [-8657048.439, 4765188.697999999], [-8657045.6706, 4765189.4344], [-8657042.0933, 4765191.340400003], [-8657036.9118, 4765194.795400001], [-8657035.3233, 4765195.555], [-8657027.7671, 4765199.754199997], [-8657023.0017, 4765202.032499999], [-8657019.8402, 4765202.761100002], [-8657017.4802, 4765202.715400003], [-8657015.9223, 4765201.8950999975], [-8657013.9859, 4765200.277400002], [-8657011.2858, 4765197.459700003], [-8657009.0018, 4765193.465000004], [-8657007.4893, 4765190.275200002], [-8657007.1266, 4765188.687899999]]], [[[-8652805.3716, 4768376.805100001], [-8652803.8831, 4768372.428499997], [-8652802.0476, 4768365.6743], [-8652801.7396, 4768361.321199998], [-8652802.5805, 4768358.571500003], [-8652803.8308, 4768355.039899997], [-8652806.2769, 4768350.7412], [-8652808.2906, 4768348.409999996], [-8652810.2884, 4768346.868699998], [-8652811.8698, 4768346.504799999], [-8652813.0503, 4768346.5282000005], [-8652814.6162, 4768346.954300001], [-8652816.1745, 4768347.775700003], [-8652818.504, 4768349.4023], [-8652821.6052, 4768351.835000001], [-8652825.0917, 4768354.6699], [-8652829.712, 4768359.898699999], [-8652833.9158, 4768366.3046], [-8652836.2298, 4768368.721500002], [-8652841.9997, 4768375.553599998], [-8652842.771, 4768376.359200001], [-8652843.9435, 4768376.777500004], [-8652844.738, 4768376.398199998], [-8652844.7536, 4768375.6083], [-8652845.1627, 4768374.825599998], [-8652845.2479, 4768370.480499998], [-8652845.7499, 4768364.957900003], [-8652846.9767, 4768362.611299999], [-8652848.9671, 4768361.465000004], [-8652851.3432, 4768360.721699998], [-8652854.4984, 4768360.388899997], [-8652858.0393, 4768360.458800003], [-8652861.9658, 4768360.931599997], [-8652865.4837, 4768362.186800003], [-8652869.7569, 4768365.037699997], [-8652872.8658, 4768367.074900001], [-8652879.4766, 4768371.157300003], [-8652885.6939, 4768375.231899999], [-8652892.6986, 4768379.3222], [-8652898.1444, 4768382.591499999], [-8652905.1643, 4768385.891900003], [-8652910.2325, 4768388.362899996], [-8652916.4498, 4768392.437600002], [-8652920.7154, 4768395.683399998], [-8652926.5243, 4768400.5405], [-8652928.0746, 4768401.756399997], [-8652933.8753, 4768407.008599997], [-8652937.7401, 4768410.6417], [-8652948.5394, 4768421.920199998], [-8652951.6327, 4768424.747699998], [-8652957.4333, 4768429.999399997], [-8652961.676, 4768434.430299997], [-8652967.0676, 4768440.4646999985], [-8652970.9091, 4768445.283], [-8652973.5471, 4768451.262400001], [-8652975.8147, 4768456.049800001], [-8652978.0359, 4768463.206699997], [-8652979.1389, 4768467.180500001], [-8652980.9588, 4768474.724399999], [-8652982.3931, 4768481.8662], [-8652986.0176, 4768497.745200001], [-8652987.8377, 4768505.2897000015], [-8652989.6419, 4768513.624200001], [-8652991.4544, 4768521.563699998], [-8652992.1948, 4768523.949500002], [-8652994.0148, 4768531.493900001], [-8652995.0789, 4768537.4428], [-8652996.1199, 4768544.576700002], [-8652995.8875, 4768556.4278], [-8652995.3856, 4768561.950199999], [-8652994.12, 4768566.2722999975], [-8652992.9087, 4768567.829000004], [-8652990.5016, 4768570.152800001], [-8652986.922, 4768572.0581], [-8652984.5381, 4768573.1963], [-8652982.1773, 4768573.149400003], [-8652979.8244, 4768572.7082], [-8652977.0936, 4768571.4684000015], [-8652973.9848, 4768569.431000002], [-8652969.3255, 4768566.177299999], [-8652967.775, 4768564.961099997], [-8652961.1638, 4768560.878700003], [-8652956.1191, 4768557.222599998], [-8652946.4379, 4768549.127400003], [-8652941.0302, 4768543.882799998], [-8652935.2529, 4768537.446099997], [-8652930.2543, 4768531.419299997], [-8652925.6493, 4768525.4004999995], [-8652923.7208, 4768523.386299998], [-8652918.7301, 4768516.964900002], [-8652913.7315, 4768510.938299999], [-8652911.8031, 4768508.9243], [-8652906.8049, 4768502.897600003], [-8652901.4053, 4768497.258299999], [-8652900.6416, 4768496.057800002], [-8652895.643, 4768490.031499997], [-8652890.6523, 4768483.609700002], [-8652885.6537, 4768477.582999997], [-8652881.0565, 4768471.169100001], [-8652879.1361, 4768468.759999998], [-8652869.9414, 4768455.932400003], [-8652868.4064, 4768453.926299997], [-8652863.408, 4768447.899599999], [-8652858.8107, 4768441.486000001], [-8652858.0396, 4768440.680100001], [-8652853.8356, 4768434.2742], [-8652849.9944, 4768429.456299998], [-8652844.9882, 4768423.824600004], [-8652840.7459, 4768419.393600002], [-8652834.9525, 4768413.746699996], [-8652829.9388, 4768408.509999998], [-8652823.7448, 4768403.250100002], [-8652818.7231, 4768398.4089], [-8652814.1104, 4768392.785099998], [-8652809.8989, 4768386.7739999965], [-8652808.0016, 4768383.179799996], [-8652805.3716, 4768376.805100001]]], [[[-8655782.0265, 4766240.665399998], [-8655784.0543, 4766237.543899998], [-8655784.8563, 4766236.769500002], [-8655787.2241, 4766236.420299999], [-8655791.543, 4766236.9001], [-8655799.3949, 4766237.843000002], [-8655801.7626, 4766237.494099997], [-8655804.161, 4766235.565499999], [-8655806.1888, 4766232.443999998], [-8655808.2472, 4766227.743100002], [-8655810.7295, 4766221.470200002], [-8655811.5391, 4766220.300499998], [-8655814.4375, 4766212.850100003], [-8655816.8893, 4766208.157200001], [-8655820.9143, 4766203.4947], [-8655826.9061, 4766198.870200001], [-8655830.5148, 4766195.384499997], [-8655834.9639, 4766189.149800003], [-8655839.0272, 4766182.512500003], [-8655839.8289, 4766181.737800002], [-8655843.9, 4766174.705600001], [-8655848.349, 4766168.470799997], [-8655849.5672, 4766166.519100003], [-8655857.1857, 4766159.1608000025], [-8655863.1928, 4766153.746600002], [-8655865.9997, 4766151.035899997], [-8655871.6287, 4766144.823899999], [-8655876.4328, 4766140.571400002], [-8655880.4044, 4766138.673100002], [-8655884.3532, 4766137.960199997], [-8655887.4998, 4766138.021499999], [-8655888.6723, 4766138.439400002], [-8655889.4514, 4766138.849600002], [-8655889.8292, 4766139.647200003], [-8655890.1922, 4766141.2346], [-8655889.8946, 4766156.6373], [-8655889.3562, 4766164.133500002], [-8655889.2954, 4766167.292800002], [-8655887.9702, 4766174.773800001], [-8655886.2519, 4766182.2469], [-8655885.3812, 4766186.576200001], [-8655883.6628, 4766194.049199998], [-8655882.8227, 4766196.798799999], [-8655879.9545, 4766202.669299997], [-8655875.8991, 4766208.911600001], [-8655872.6609, 4766213.589599997], [-8655868.2044, 4766220.2195999995], [-8655865.3363, 4766226.090099998], [-8655864.5038, 4766228.4441], [-8655864.4276, 4766232.393700004], [-8655865.4931, 4766238.340899996], [-8655866.929, 4766245.4804000035], [-8655867.2996, 4766246.672899999], [-8655867.5478, 4766254.184699997], [-8655867.0933, 4766257.336300001], [-8655865.4666, 4766260.070500001], [-8655863.0458, 4766263.184], [-8655858.6348, 4766267.443899997], [-8655858.2263, 4766268.226499997], [-8655855.8048, 4766271.3398], [-8655853.8153, 4766272.486199997], [-8655849.4656, 4766273.587099999], [-8655847.8693, 4766274.741099998], [-8655846.2652, 4766276.2902000025], [-8655845.8034, 4766279.8369999975], [-8655845.6889, 4766285.761200003], [-8655844.3942, 4766291.662299998], [-8655841.5643, 4766295.5581], [-8655837.146, 4766300.213299997], [-8655831.9484, 4766304.457999997], [-8655819.5179, 4766316.4639], [-8655814.6832, 4766322.2962], [-8655809.4473, 4766328.5154], [-8655807.4349, 4766330.8467999995], [-8655802.6002, 4766336.679099999], [-8655801.0037, 4766337.8332], [-8655797.433, 4766339.3440999985], [-8655791.926, 4766339.2368], [-8655783.6504, 4766339.865800001], [-8655782.0618, 4766340.624799997], [-8655778.8616, 4766343.328000002], [-8655775.6306, 4766347.611199997], [-8655771.5749, 4766353.853399999], [-8655770.3566, 4766355.805399999], [-8655765.1284, 4766361.630000003], [-8655760.3015, 4766367.067400001], [-8655757.865, 4766370.970799997], [-8655756.5855, 4766376.082199998], [-8655756.0394, 4766383.973399997], [-8655754.7599, 4766389.084700003], [-8655751.8996, 4766394.560500003], [-8655748.2526, 4766400.0205999985], [-8655745.0292, 4766403.908799998], [-8655734.2024, 4766414.3653], [-8655732.5756, 4766417.099399999], [-8655732.1136, 4766420.646200001], [-8655732.7933, 4766426.191100001], [-8655733.8206, 4766434.112899996], [-8655733.7902, 4766435.692699999], [-8655732.1176, 4766440.796700001], [-8655729.6579, 4766445.8847], [-8655726.8129, 4766450.570699997], [-8655725.6099, 4766451.732699998], [-8655720.8284, 4766454.800099999], [-8655713.6944, 4766457.426700003], [-8655708.5274, 4766460.091600001], [-8655704.4944, 4766465.1492], [-8655699.6367, 4766472.1664], [-8655696.4363, 4766474.869599998], [-8655686.9346, 4766477.8451000005], [-8655682.9399, 4766480.928300001], [-8655678.9146, 4766485.5907000005], [-8655677.7115, 4766486.752700001], [-8655667.2552, 4766498.401900001], [-8655665.6358, 4766500.741099998], [-8655660.0219, 4766506.1630000025], [-8655656.8064, 4766509.656099997], [-8655651.1922, 4766515.0779], [-8655645.5705, 4766520.894900002], [-8655637.9515, 4766528.2535], [-8655632.33, 4766534.070100002], [-8655631.5277, 4766534.8451000005], [-8655621.0711, 4766546.493799999], [-8655619.4595, 4766548.438100003], [-8655614.2234, 4766554.657399997], [-8655610.2136, 4766558.5304000005], [-8655605.0234, 4766562.3803], [-8655603.8357, 4766562.751999997], [-8655603.0413, 4766563.131700002], [-8655601.8689, 4766562.713799998], [-8655601.0897, 4766562.303400002], [-8655600.3183, 4766561.498300001], [-8655598.7677, 4766560.282499999], [-8655597.2401, 4766557.882100001], [-8655594.9184, 4766555.861299999], [-8655603.8319, 4766542.6017], [-8655605.0503, 4766540.649899997], [-8655607.9413, 4766533.594400004], [-8655610.4467, 4766526.136299998], [-8655612.0813, 4766523.007299997], [-8655616.1218, 4766517.554700002], [-8655621.3424, 4766512.125200003], [-8655623.7564, 4766509.4065999985], [-8655629.3702, 4766503.984700002], [-8655631.784, 4766501.266199999], [-8655635.0377, 4766495.797899999], [-8655637.9286, 4766488.742600001], [-8655643.6498, 4766477.791100003], [-8655646.4948, 4766473.105599999], [-8655651.2995, 4766468.8532000035], [-8655657.6846, 4766464.236599997], [-8655661.6796, 4766461.153800003], [-8655666.8999, 4766455.724100001], [-8655667.3085, 4766454.9419], [-8655672.9228, 4766449.519900002], [-8655676.1383, 4766446.026600003], [-8655681.3666, 4766440.202399999], [-8655683.387, 4766437.4758], [-8655687.4426, 4766431.233400002], [-8655691.1126, 4766424.588200003], [-8655693.5416, 4766421.079599999], [-8655697.9983, 4766414.449699998], [-8655702.8406, 4766408.222499996], [-8655704.8688, 4766405.101400003], [-8655708.5389, 4766398.456100002], [-8655710.6048, 4766393.359999999], [-8655714.8134, 4766379.218699999], [-8655718.4378, 4766374.943300001], [-8655723.643, 4766370.303599998], [-8655727.6605, 4766366.035899997], [-8655736.5587, 4766353.566299997], [-8655738.1627, 4766352.016999997], [-8655743.7383, 4766348.569899999], [-8655746.5222, 4766347.043799996], [-8655751.7277, 4766342.404299997], [-8655754.5496, 4766338.903300002], [-8655757.0092, 4766333.815099999], [-8655759.4912, 4766327.542000003], [-8655762.7757, 4766320.494099997], [-8655764.0016, 4766318.147600003], [-8655766.9, 4766310.697099999], [-8655768.1412, 4766307.560500003], [-8655771.0399, 4766300.110200003], [-8655772.3038, 4766295.788999997], [-8655774.4078, 4766288.7183], [-8655774.8703, 4766285.171300001], [-8655776.203, 4766277.295400001], [-8655776.642, 4766274.933399998], [-8655777.9749, 4766267.057499997], [-8655779.3152, 4766258.786700003], [-8655779.7695, 4766255.6347], [-8655781.1099, 4766247.364], [-8655782.0265, 4766240.665399998]]], [[[-8656483.9319, 4767369.3320999965], [-8656570.9218, 4767349.407899998], [-8656553.5101, 4767364.049900003], [-8656525.0803, 4767383.2201000005], [-8656511.5667, 4767392.818599999], [-8656495.4138, 4767404.3583], [-8656480.2778, 4767414.750299998], [-8656465.3615, 4767424.321999997], [-8656451.8341, 4767434.624300003], [-8656436.9044, 4767444.8999999985], [-8656436.772, 4767444.995499998], [-8656425.5214, 4767453.131099999], [-8656416.0231, 4767459.956799999], [-8656407.004, 4767467.562700003], [-8656394.9196, 4767475.7804000005], [-8656381.3228, 4767483.003700003], [-8656363.7113, 4767493.487599999], [-8656359.0253, 4767495.726999998], [-8656342.4702, 4767503.640100002], [-8656323.9992, 4767510.408799998], [-8656303.7899, 4767515.952500001], [-8656275.3292, 4767520.148199998], [-8656256.3708, 4767522.1543999985], [-8656200.8144, 4767521.074000001], [-8656181.5692, 4767516.712399997], [-8656166.7659, 4767487.313100003], [-8656249.3507, 4767452.494599998], [-8656327.8984, 4767420.0396], [-8656389.7858, 4767394.3728], [-8656413.1762, 4767388.151600003], [-8656483.9319, 4767369.3320999965]]], [[[-8654195.9746, 4768379.671400003], [-8654170.9582, 4768375.879600003], [-8654160.3064, 4768442.667499997], [-8654094.3774, 4768429.0097], [-8654063.6804, 4768422.650399998], [-8654045.7168, 4768419.298900001], [-8654003.9509, 4768411.5066], [-8654012.7851, 4768353.0726], [-8654022.5917, 4768288.207800001], [-8654046.6268, 4768291.890799999], [-8654064.1673, 4768294.590800002], [-8654083.6376, 4768297.519500002], [-8654116.9526, 4768302.569399998], [-8654227.7885, 4768319.369999997], [-8654217.6474, 4768382.956500001], [-8654207.2213, 4768453.282399997], [-8654185.8541, 4768449.062100001], [-8654195.9746, 4768379.671400003]]], [[[-8655112.1799, 4766915.862199999], [-8655111.4083, 4766915.056599997], [-8655110.6216, 4766915.041199997], [-8655109.4338, 4766915.413199998], [-8655108.2308, 4766916.575000003], [-8655106.6188, 4766918.519100003], [-8655101.3518, 4766926.3182], [-8655098.9303, 4766929.4318], [-8655095.3055, 4766933.707199998], [-8655092.884, 4766936.821000002], [-8655089.6602, 4766940.709200002], [-8655088.4572, 4766941.870899998], [-8655086.8682, 4766942.630099997], [-8655085.6806, 4766943.002099998], [-8655085.3025, 4766942.204300001], [-8655084.9321, 4766941.011699997], [-8655084.5999, 4766937.844400004], [-8655084.692, 4766933.104599997], [-8655085.9565, 4766928.783], [-8655088.4391, 4766922.5097], [-8655089.2644, 4766920.5502], [-8655092.9273, 4766914.300099999], [-8655097.3693, 4766908.460199997], [-8655101.7962, 4766903.410099998], [-8655105.4209, 4766899.134499997], [-8655108.2358, 4766896.0288999975], [-8655112.6701, 4766890.583899997], [-8655114.2897, 4766888.244900003], [-8655117.9602, 4766881.599600002], [-8655124.0139, 4766873.815700002], [-8655128.0475, 4766868.7579], [-8655130.8776, 4766864.862000003], [-8655132.9596, 4766858.976099998], [-8655133.414, 4766855.824199997], [-8655130.8058, 4766848.266000003], [-8655127.7665, 4766842.674800001], [-8655127.434, 4766839.507299997], [-8655128.714, 4766834.395900004], [-8655131.5749, 4766828.9201000035], [-8655136.032, 4766822.290600002], [-8655138.8701, 4766817.999700002], [-8655143.3196, 4766811.764799997], [-8655146.1652, 4766807.079099998], [-8655150.2289, 4766800.441500001], [-8655151.0463, 4766798.8772], [-8655155.1029, 4766792.634599999], [-8655157.9714, 4766786.7641], [-8655161.2485, 4766780.111000001], [-8655164.8885, 4766775.045599997], [-8655169.7315, 4766768.818499997], [-8655173.3482, 4766764.938199997], [-8655177.775, 4766759.8882], [-8655178.5773, 4766759.113799997], [-8655182.2553, 4766752.073799998], [-8655185.5323, 4766745.420900002], [-8655189.1723, 4766740.3552], [-8655193.6218, 4766734.1206], [-8655196.8607, 4766729.4428], [-8655201.3103, 4766723.207900003], [-8655203.77, 4766718.119499996], [-8655207.4404, 4766711.474299997], [-8655211.0805, 4766706.4089], [-8655215.931, 4766699.786799997], [-8655218.7611, 4766695.8913], [-8655223.2183, 4766689.261399999], [-8655225.6399, 4766686.1477999985], [-8655229.7038, 4766679.510300003], [-8655232.1327, 4766676.001599997], [-8655237.3691, 4766669.782300003], [-8655241.4329, 4766663.145000003], [-8655245.8823, 4766656.9102], [-8655247.0779, 4766656.143399999], [-8655253.0779, 4766651.124300003], [-8655254.2273, 4766652.726999998], [-8655254.0744, 4766660.6263], [-8655255.6323, 4766661.446900003], [-8655256.8123, 4766661.4701000005], [-8655258.7871, 4766661.113600001], [-8655261.9569, 4766659.990099996], [-8655267.4869, 4766658.912900001], [-8655275.3847, 4766657.486500002], [-8655276.164, 4766657.897399999], [-8655276.9278, 4766659.097400002], [-8655277.2982, 4766660.2902000025], [-8655277.2293, 4766663.844499998], [-8655276.7976, 4766665.8116], [-8655276.7669, 4766667.391500004], [-8655275.5333, 4766670.133199997], [-8655273.5052, 4766673.254600003], [-8655270.2895, 4766676.747500002], [-8655266.2717, 4766681.015100002], [-8655255.0431, 4766691.858800001], [-8655253.8244, 4766693.810599998], [-8655249.3673, 4766700.440499999], [-8655248.55, 4766702.0053], [-8655249.3214, 4766702.810199998], [-8655250.8795, 4766703.630999997], [-8655255.2065, 4766703.715400003], [-8655258.369, 4766702.987199999], [-8655261.9245, 4766702.266199999], [-8655264.7011, 4766701.135300003], [-8655266.7061, 4766699.198799998], [-8655268.7418, 4766695.682599999], [-8655270.4302, 4766689.789099999], [-8655273.2833, 4766684.708400004], [-8655278.0955, 4766680.060999997], [-8655284.0954, 4766675.041500002], [-8655286.1007, 4766673.1054000035], [-8655290.1492, 4766667.258000001], [-8655293.4339, 4766660.210100003], [-8655295.462, 4766657.089000002], [-8655299.14, 4766650.048799999], [-8655303.2037, 4766643.411399998], [-8655305.6252, 4766640.297600001], [-8655309.689, 4766633.660400003], [-8655314.1385, 4766627.4256], [-8655316.1435, 4766625.489299998], [-8655321.7348, 4766621.252300002], [-8655328.5061, 4766617.038599998], [-8655332.0922, 4766614.737899996], [-8655339.2878, 4766608.951800004], [-8655342.473, 4766607.0385000035], [-8655344.0691, 4766605.884199999], [-8655345.2495, 4766605.907300003], [-8655346.4219, 4766606.325499997], [-8655348.3504, 4766608.338500001], [-8655349.4847, 4766610.731200002], [-8655350.5959, 4766614.308899999], [-8655350.928, 4766617.476599999], [-8655350.8516, 4766621.425999999], [-8655350.0266, 4766623.385399997], [-8655346.4097, 4766627.265900001], [-8655345.1989, 4766628.822400004], [-8655344.3969, 4766629.596900001], [-8655345.1913, 4766629.2173999995], [-8655346.3868, 4766628.450999998], [-8655350.3815, 4766625.367799997], [-8655353.5896, 4766622.269400001], [-8655358.7801, 4766618.419799998], [-8655359.5743, 4766618.040100001], [-8655365.9371, 4766614.608900003], [-8655372.2767, 4766612.361900002], [-8655377.421, 4766610.881800003], [-8655383.7227, 4766610.6098000035], [-8655386.4762, 4766610.6635000035], [-8655392.0292, 4766608.401299998], [-8655395.9935, 4766606.898400001], [-8655396.7727, 4766607.308799997], [-8655397.945, 4766607.7267], [-8655399.511, 4766608.1523], [-8655402.9975, 4766610.986199997], [-8655403.7536, 4766612.5814], [-8655404.1241, 4766613.7739999965], [-8655403.7078, 4766614.951300003], [-8655402.8903, 4766616.515500002], [-8655396.4743, 4766622.711800002], [-8655391.2687, 4766627.351499997], [-8655389.2635, 4766629.2880000025], [-8655383.256, 4766634.702299997], [-8655381.6441, 4766636.646200001], [-8655376.0302, 4766642.068099998], [-8655371.1871, 4766648.295400001], [-8655368.7811, 4766650.619099997], [-8655363.5526, 4766656.443499997], [-8655363.1437, 4766657.2260000035], [-8655355.964, 4766662.221900001], [-8655354.3598, 4766663.7711], [-8655354.3443, 4766664.560800001], [-8655355.1081, 4766665.761299998], [-8655356.2655, 4766666.968999997], [-8655357.0292, 4766668.169399999], [-8655358.973, 4766669.392700002], [-8655360.1454, 4766669.810699999], [-8655360.9247, 4766670.220899999], [-8655361.7113, 4766670.236199997], [-8655362.9066, 4766669.469499998], [-8655363.7011, 4766669.089599997], [-8655369.7163, 4766663.2808], [-8655375.7088, 4766658.6565999985], [-8655378.9014, 4766656.3483000025], [-8655391.6575, 4766647.9048999995], [-8655394.056, 4766645.975900002], [-8655398.5055, 4766639.741700001], [-8655402.5613, 4766633.498899996], [-8655405.3534, 4766631.5779], [-8655409.3177, 4766630.0748], [-8655413.6674, 4766628.974399999], [-8655417.6087, 4766628.656499997], [-8655420.748, 4766629.112800002], [-8655421.9205, 4766629.530699998], [-8655422.6996, 4766629.941], [-8655422.6612, 4766631.915899999], [-8655421.4354, 4766634.262400001], [-8655419.8237, 4766636.206500001], [-8655417.8033, 4766638.932599999], [-8655417.001, 4766639.7073], [-8655412.598, 4766643.572499998], [-8655409.0039, 4766646.268200003], [-8655402.6412, 4766649.700099997], [-8655400.6437, 4766651.241099998], [-8655391.8214, 4766659.761100002], [-8655385.852, 4766663.200599998], [-8655378.7025, 4766666.6171], [-8655375.9107, 4766668.538099997], [-8655370.3195, 4766672.7751], [-8655362.7, 4766680.133299999], [-8655357.4715, 4766685.957999997], [-8655356.6619, 4766687.127499998], [-8655347.068, 4766694.842100002], [-8655342.695, 4766697.127300002], [-8655337.1725, 4766697.810000002], [-8655333.2236, 4766698.523000002], [-8655328.843, 4766701.203100003], [-8655323.6451, 4766705.447800003], [-8655318.4929, 4766707.3226], [-8655314.5209, 4766709.220700003], [-8655311.7062, 4766712.3266], [-8655307.2566, 4766718.561300002], [-8655305.2516, 4766720.497699998], [-8655303.2539, 4766722.0392], [-8655302.051, 4766723.200800002], [-8655301.6347, 4766724.378200002], [-8655300.825, 4766725.547600001], [-8655300.7944, 4766727.127300002], [-8655301.5354, 4766729.512699999], [-8655303.4486, 4766732.315800004], [-8655304.6055, 4766733.523699999], [-8655308.5239, 4766734.390699998], [-8655311.6709, 4766734.452], [-8655313.2366, 4766734.877800003], [-8655307.6148, 4766740.694700003], [-8655305.6097, 4766742.630999997], [-8655299.9875, 4766748.447899997], [-8655297.5812, 4766750.7717999965], [-8655291.5738, 4766756.185800001], [-8655286.7538, 4766761.228100002], [-8655281.5249, 4766767.052699998], [-8655278.695, 4766770.948399998], [-8655274.276, 4766775.603600003], [-8655268.3066, 4766779.0427], [-8655261.5657, 4766781.676799998], [-8655257.1772, 4766784.7522], [-8655256.7689, 4766785.534199998], [-8655252.7049, 4766792.171800002], [-8655251.8951, 4766793.3411], [-8655247.0598, 4766799.173500001], [-8655241.8312, 4766804.998000003], [-8655240.2271, 4766806.5471], [-8655233.8335, 4766811.558799997], [-8655227.8335, 4766816.5779], [-8655219.0107, 4766825.097999997], [-8655214.1907, 4766830.140500002], [-8655208.9622, 4766835.9648], [-8655206.5482, 4766838.683399998], [-8655201.3117, 4766844.902800001], [-8655198.4815, 4766848.799000002], [-8655193.6384, 4766855.025600001], [-8655192.8288, 4766856.195500001], [-8655187.9936, 4766862.0276999995], [-8655184.3612, 4766866.698100001], [-8655181.1146, 4766871.771300003], [-8655179.4725, 4766875.295199998], [-8655178.2462, 4766877.641999997], [-8655176.5883, 4766881.955700003], [-8655177.3447, 4766883.550800003], [-8655182.8748, 4766882.473700002], [-8655184.8495, 4766882.117399998], [-8655186.0295, 4766882.1404], [-8655186.8087, 4766882.550700001], [-8655187.1865, 4766883.3483000025], [-8655187.9503, 4766884.548600003], [-8655188.6759, 4766887.723899998], [-8655188.6297, 4766890.093599997], [-8655188.2136, 4766891.270800002], [-8655187.7896, 4766892.8429000005], [-8655182.1827, 4766897.869900003], [-8655178.1878, 4766900.952600002], [-8655171.4161, 4766905.166599996], [-8655166.2179, 4766909.411499999], [-8655163.3953, 4766912.912199996], [-8655159.7478, 4766918.372500002], [-8655158.9226, 4766920.332000002], [-8655156.4247, 4766927.395300001], [-8655154.3351, 4766933.676299997], [-8655152.6161, 4766941.1499999985], [-8655152.1308, 4766945.882200003], [-8655152.0617, 4766949.436700001], [-8655151.2369, 4766951.396200001], [-8655150.4269, 4766952.565700002], [-8655149.224, 4766953.727600001], [-8655141.3258, 4766955.153399996], [-8655137.7547, 4766956.6646], [-8655133.3891, 4766958.554399997], [-8655130.227, 4766959.282899998], [-8655129.0467, 4766959.2597], [-8655124.7347, 4766958.385399997], [-8655119.2582, 4766956.697800003], [-8655117.3067, 4766955.869099997], [-8655113.7967, 4766954.220200002], [-8655111.4597, 4766952.989], [-8655110.3025, 4766951.781000003], [-8655109.1684, 4766949.388099998], [-8655109.222, 4766946.623599999], [-8655110.5015, 4766941.511699997], [-8655113.0228, 4766933.263599999], [-8655113.8709, 4766930.119400002], [-8655115.1199, 4766926.587700002], [-8655115.5595, 4766924.225699998], [-8655115.2042, 4766922.243199997], [-8655115.227, 4766921.0581], [-8655114.093, 4766918.665100001], [-8655113.3294, 4766917.4648], [-8655112.9589, 4766916.272100002], [-8655112.1799, 4766915.862199999]]], [[[-8655147.2268, 4768740.977300003], [-8655097.8845, 4768626.5933], [-8655035.5418, 4768625.795400001], [-8655040.4127, 4768544.869000003], [-8655080.9657, 4768545.629199997], [-8655112.8554, 4768544.687700003], [-8655170.8652, 4768577.436800003], [-8655193.8973, 4768607.526000001], [-8655198.8519, 4768628.043899998], [-8655204.8274, 4768652.790600002], [-8655207.3776, 4768683.665299997], [-8655235.3514, 4768743.094999999], [-8655253.3611, 4768768.3440999985], [-8655285.7711, 4768781.443300001], [-8655268.0838, 4768867.196199998], [-8655125.3677, 4768834.812399998], [-8655147.2268, 4768740.977300003]]], [[[-8655461.2105, 4769168.314599998], [-8655461.2975, 4769118.2173999995], [-8655568.1143, 4769141.382600002], [-8655598.5027, 4769147.973099999], [-8655592.8859, 4769235.093800001], [-8655591.157, 4769261.9070999995], [-8655539.6922, 4769283.496299997], [-8655456.1895, 4769329.2007], [-8655381.6169, 4769350.254799999], [-8655317.203, 4769337.394900002], [-8655250.792, 4769335.810199998], [-8655284.1313, 4769192.963799998], [-8655461.2105, 4769168.314599998]]], [[[-8657522.4791, 4767101.352899998], [-8657706.7205, 4766704.552500002], [-8657848.7626, 4766944.7817], [-8657871.2842, 4767030.274099998], [-8657848.305, 4767155.616599999], [-8657770.0559, 4767147.053800002], [-8657522.4961, 4767101.356299996], [-8657522.4791, 4767101.352899998]]], [[[-8650667.4857, 4767759.0053], [-8650755.3982, 4767680.037100002], [-8650911.9918, 4767610.875699997], [-8651002.3294, 4767588.739600003], [-8651063.6677, 4767580.4102], [-8651238.021, 4767595.810199998], [-8651298.8619, 4767618.050499998], [-8651403.3028, 4767670.038599998], [-8651481.1255, 4767719.578599997], [-8651498.1399, 4767732.424000002], [-8651501.9483, 4767764.287100002], [-8651455.8149, 4767747.298], [-8651390.8931, 4767736.750299998], [-8651296.0357, 4767723.118299998], [-8651162.5623, 4767738.069799997], [-8651028.7398, 4767770.625299998], [-8650851.319, 4767787.6307], [-8650636.8881, 4767825.9098000005], [-8650639.9599, 4767818.632299997], [-8650667.4857, 4767759.0053]]], [[[-8656225.4227, 4765632.576899998], [-8656223.4638, 4765632.143700004], [-8656221.8906, 4765632.113200001], [-8656221.0963, 4765632.492799997], [-8656220.3097, 4765632.477399997], [-8656219.1143, 4765633.2443], [-8656215.8839, 4765637.5273], [-8656213.4782, 4765639.850900002], [-8656207.4947, 4765644.080200002], [-8656206.7003, 4765644.459700003], [-8656206.3298, 4765643.2676], [-8656207.1468, 4765641.703100003], [-8656208.3651, 4765639.751400001], [-8656210.3849, 4765637.025300004], [-8656216.0592, 4765628.4441], [-8656220.901, 4765622.217299998], [-8656221.7105, 4765621.047600001], [-8656224.5933, 4765614.387500003], [-8656226.6207, 4765611.266400002], [-8656229.8131, 4765608.958400004], [-8656235.3807, 4765605.906000003], [-8656241.3718, 4765601.281400003], [-8656245.7822, 4765597.0217999965], [-8656248.2185, 4765593.1184], [-8656248.6802, 4765589.571800001], [-8656249.5888, 4765583.268399999], [-8656251.6695, 4765577.3829], [-8656254.9459, 4765570.730300002], [-8656257.4047, 4765565.6426], [-8656259.5158, 4765558.177299999], [-8656260.7416, 4765555.830700003], [-8656263.9871, 4765550.757799998], [-8656264.7965, 4765549.588600002], [-8656265.5985, 4765548.813900001], [-8656266.3928, 4765548.434100002], [-8656267.1947, 4765547.659699999], [-8656267.9661, 4765548.4646999985], [-8656267.9432, 4765549.649599999], [-8656268.3212, 4765550.446999997], [-8656268.2605, 4765553.606299996], [-8656267.7985, 4765557.152900003], [-8656266.5195, 4765562.2641], [-8656264.0456, 4765568.1417], [-8656259.9446, 4765576.753600001], [-8656258.2875, 4765581.067100003], [-8656257.4553, 4765583.421599999], [-8656257.4323, 4765584.606200002], [-8656258.2037, 4765585.411200002], [-8656259.3765, 4765585.828900002], [-8656264.4895, 4765585.928900003], [-8656266.0779, 4765585.169200003], [-8656267.2732, 4765584.402400002], [-8656268.0904, 4765582.8379999995], [-8656268.9227, 4765580.483800001], [-8656269.392, 4765576.5419000015], [-8656270.2394, 4765573.3979], [-8656273.9013, 4765567.148400001], [-8656277.964, 4765560.511200003], [-8656279.205, 4765557.374499999], [-8656280.4993, 4765551.473899998], [-8656280.9838, 4765546.7425], [-8656281.5218, 4765539.246699996], [-8656280.88, 4765531.727899998], [-8656280.9714, 4765526.989100002], [-8656281.5169, 4765519.098499998], [-8656281.9482, 4765517.131499998], [-8656283.5672, 4765514.792599998], [-8656286.3584, 4765512.871399999], [-8656291.1166, 4765510.988600001], [-8656297.4706, 4765507.951800004], [-8656302.2894, 4765502.909599997], [-8656307.5244, 4765496.690399997], [-8656309.5291, 4765494.753799997], [-8656315.9289, 4765489.347400002], [-8656320.3391, 4765485.087300003], [-8656322.3742, 4765481.571599998], [-8656322.8286, 4765478.4196000025], [-8656322.9046, 4765474.4706000015], [-8656322.5341, 4765473.2782000005], [-8656321.7551, 4765472.868000001], [-8656320.1818, 4765472.8374999985], [-8656318.9944, 4765473.209399998], [-8656317.4057, 4765473.968699999], [-8656315.4239, 4765474.720399998], [-8656312.2392, 4765476.633900002], [-8656310.2572, 4765477.3851], [-8656302.7006, 4765481.584399998], [-8656301.9062, 4765481.9639], [-8656300.734, 4765481.545999996], [-8656299.9626, 4765480.740699999], [-8656299.5997, 4765479.153499998], [-8656299.6835, 4765474.809500001], [-8656300.1301, 4765472.052599996], [-8656300.9473, 4765470.488200001], [-8656302.5584, 4765468.544299997], [-8656305.3574, 4765466.228500001], [-8656310.1306, 4765463.555799998], [-8656314.1171, 4765460.867700003], [-8656320.8948, 4765456.258500002], [-8656324.8966, 4765452.7808], [-8656326.1221, 4765450.434299998], [-8656326.5614, 4765448.0726], [-8656326.6679, 4765442.543899998], [-8656327.477, 4765441.374499999], [-8656328.6725, 4765440.607500002], [-8656333.4303, 4765438.724699996], [-8656336.5921, 4765437.995899998], [-8656342.1213, 4765436.918399997], [-8656349.2012, 4765437.056000002], [-8656355.5018, 4765436.783500001], [-8656363.3911, 4765435.751400001], [-8656363.7997, 4765434.969300002], [-8656363.0284, 4765434.163999997], [-8656361.8635, 4765433.351199999], [-8656360.6913, 4765432.933600001], [-8656359.5265, 4765432.120800003], [-8656357.5753, 4765431.2927], [-8656355.238, 4765430.061899997], [-8656351.721, 4765428.808499999], [-8656348.5973, 4765427.562899999], [-8656342.3267, 4765426.255400002], [-8656336.8433, 4765424.964000002], [-8656330.2023, 4765422.464599997], [-8656329.0302, 4765422.046700001], [-8656321.5952, 4765419.926799998], [-8656318.0783, 4765418.6734], [-8656310.6509, 4765416.158699997], [-8656306.7481, 4765414.502400003], [-8656290.3886, 4765405.888300002], [-8656286.4783, 4765404.6272], [-8656283.725, 4765404.5735], [-8656280.5557, 4765405.697400004], [-8656276.1835, 4765407.982500002], [-8656270.6161, 4765411.034400001], [-8656269.421, 4765411.801700003], [-8656262.2727, 4765415.218099996], [-8656255.132, 4765418.239799999], [-8656253.1499, 4765418.990999997], [-8656246.4333, 4765420.441299997], [-8656244.0733, 4765420.3950999975], [-8656242.9011, 4765419.977300003], [-8656241.3431, 4765419.1567], [-8656239.4144, 4765417.144100003], [-8656236.3366, 4765413.528800003], [-8656235.5574, 4765413.118500002], [-8656229.7568, 4765407.869999997], [-8656224.6818, 4765405.795900002], [-8656219.9846, 4765404.519400001], [-8656216.0515, 4765404.442599997], [-8656210.9307, 4765404.738600001], [-8656204.2138, 4765406.188299999], [-8656196.7332, 4765406.437399998], [-8656190.8337, 4765406.3226], [-8656183.3759, 4765405.387599997], [-8656176.7047, 4765404.467699997], [-8656169.2467, 4765403.532499999], [-8656162.9385, 4765404.199900001], [-8656157.409, 4765405.2776999995], [-8656152.6509, 4765407.160400003], [-8656148.6571, 4765410.243000001], [-8656135.4261, 4765423.022600003], [-8656129.4349, 4765427.646899998], [-8656124.6465, 4765431.109300002], [-8656118.2695, 4765435.330899999], [-8656116.7039, 4765434.9054000005], [-8656115.1459, 4765434.085000001], [-8656110.8575, 4765432.026299998], [-8656108.8831, 4765432.382600002], [-8656107.6879, 4765433.149599999], [-8656106.4776, 4765434.706299998], [-8656105.2518, 4765437.0528], [-8656103.6023, 4765440.971299998], [-8656100.7424, 4765446.446400002], [-8656099.5397, 4765447.608199999], [-8656094.3122, 4765453.432400003], [-8656088.3057, 4765458.846500002], [-8656082.6847, 4765464.663199998], [-8656077.0714, 4765470.084700003], [-8656075.4602, 4765472.0286], [-8656070.6184, 4765478.2557], [-8656067.3879, 4765482.538199998], [-8656063.3251, 4765489.1752], [-8656062.0995, 4765491.521899998], [-8656057.2651, 4765497.353799999], [-8656055.253, 4765499.685000002], [-8656050.0255, 4765505.509099998], [-8656048.414, 4765507.453199998], [-8656043.9732, 4765513.292599998], [-8656043.133, 4765516.041699998], [-8656042.6939, 4765518.4036], [-8656043.4271, 4765521.183200002], [-8656044.9319, 4765524.7678999975], [-8656047.5938, 4765529.560599998], [-8656049.8621, 4765534.345399998], [-8656052.8638, 4765541.9103000015], [-8656053.9524, 4765546.6721], [-8656053.899, 4765549.4366], [-8656053.0589, 4765552.185800001], [-8656051.4248, 4765555.314400002], [-8656048.6028, 4765558.814999998], [-8656047.3922, 4765560.3719], [-8656042.9741, 4765565.026500002], [-8656040.1677, 4765567.737300001], [-8656035.3334, 4765573.569300003], [-8656031.2781, 4765579.811300002], [-8656030.4687, 4765580.980999999], [-8656027.5858, 4765587.641000003], [-8656025.1267, 4765592.728799999], [-8656021.8431, 4765599.776100002], [-8656017.78, 4765606.413400002], [-8656013.7552, 4765611.075800002], [-8656010.1696, 4765613.376400001], [-8656005.8125, 4765614.8719], [-8656001.4783, 4765615.182499997], [-8655998.725, 4765615.128899999], [-8655995.208, 4765613.875100002], [-8655991.3128, 4765611.823799998], [-8655987.4406, 4765608.588100001], [-8655984.3396, 4765606.157499999], [-8655979.3104, 4765601.713799998], [-8655977.3894, 4765599.305799998], [-8655975.8849, 4765595.720799997], [-8655974.789, 4765591.353799999], [-8655974.4717, 4765587.396899998], [-8655974.5633, 4765582.658], [-8655976.2433, 4765577.1598000005], [-8655978.3321, 4765570.8794], [-8655979.1566, 4765568.920299999], [-8655981.6614, 4765561.4626], [-8655984.1742, 4765553.610200003], [-8655986.2855, 4765546.144900002], [-8655986.7474, 4765542.5983000025], [-8655987.2706, 4765535.892499998], [-8655986.9763, 4765530.751000002], [-8655985.9261, 4765524.014399998], [-8655985.6013, 4765520.452600002], [-8655985.3378, 4765513.731200002], [-8655985.6122, 4765499.514399998], [-8655985.2874, 4765495.952200003], [-8655984.6458, 4765488.433799997], [-8655984.2828, 4765486.846500002], [-8655982.4002, 4765482.4641999975], [-8655979.3604, 4765476.874200001], [-8655977.8327, 4765474.474100001], [-8655972.456, 4765467.653099999], [-8655968.6143, 4765462.837700002], [-8655967.4954, 4765459.655599996], [-8655967.5183, 4765458.470700003], [-8655967.9497, 4765456.503700003], [-8655969.1907, 4765453.3675], [-8655972.0507, 4765447.892300002], [-8655973.7612, 4765440.814300001], [-8655974.2992, 4765433.318800002], [-8655975.17, 4765428.990000002], [-8655976.8883, 4765421.517300002], [-8655978.5985, 4765414.4397], [-8655979.9312, 4765406.564199999], [-8655980.8704, 4765398.681500003], [-8655981.7257, 4765395.142499998], [-8655984.2306, 4765387.685199998], [-8655987.1212, 4765380.6303], [-8655988.3696, 4765377.099399999], [-8655991.6608, 4765369.6570999995], [-8655993.7036, 4765365.746399999], [-8655997.7361, 4765360.689099997], [-8656002.1465, 4765356.429499999], [-8656007.729, 4765352.5876], [-8656014.4765, 4765349.558300003], [-8656019.6354, 4765347.288400002], [-8656033.1604, 4765339.6504999995], [-8656035.5433, 4765338.511699997], [-8656042.6764, 4765335.885200001], [-8656045.8456, 4765334.761699997], [-8656052.9788, 4765332.135200001], [-8656060.4977, 4765329.911200002], [-8656062.0785, 4765329.546999998], [-8656069.5971, 4765327.322999999], [-8656071.9648, 4765326.973899998], [-8656079.4604, 4765325.934600003], [-8656084.5811, 4765325.6391], [-8656091.7066, 4765323.407499999], [-8656099.2178, 4765321.578299999], [-8656106.3128, 4765320.926299997], [-8656114.179, 4765321.079599999], [-8656115.3664, 4765320.707400002], [-8656123.2404, 4765320.4657000005], [-8656131.1296, 4765319.434100002], [-8656138.6328, 4765317.999499999], [-8656144.1621, 4765316.9223000035], [-8656151.681, 4765314.697800003], [-8656154.8426, 4765313.969300002], [-8656161.9452, 4765312.9223000035], [-8656169.4258, 4765312.672799997], [-8656172.9732, 4765312.346600004], [-8656180.8624, 4765311.315200001], [-8656183.2297, 4765310.965999998], [-8656191.1038, 4765310.724200003], [-8656197.4046, 4765310.451499999], [-8656204.9004, 4765309.412299998], [-8656208.4553, 4765308.691299997], [-8656216.3519, 4765307.264799997], [-8656221.0948, 4765306.171800002], [-8656228.9916, 4765304.744999997], [-8656234.5283, 4765303.272600003], [-8656242.0393, 4765301.443300001], [-8656248.3628, 4765299.986100003], [-8656255.8815, 4765297.761600003], [-8656263.0144, 4765295.135200001], [-8656265.3971, 4765293.996299997], [-8656271.7586, 4765290.564599998], [-8656274.9432, 4765288.651000001], [-8656281.6829, 4765286.016599998], [-8656288.8083, 4765283.785099998], [-8656293.5509, 4765282.691799998], [-8656300.6533, 4765281.6448], [-8656307.7407, 4765281.387599997], [-8656318.3601, 4765281.593999997], [-8656326.211, 4765282.536700003], [-8656328.9566, 4765282.9848000035], [-8656336.4297, 4765283.130099997], [-8656341.1418, 4765283.616899997], [-8656348.9926, 4765284.559600003], [-8656356.0573, 4765285.487000003], [-8656362.7283, 4765286.406800002], [-8656365.4817, 4765286.460100003], [-8656370.6022, 4765286.1647000015], [-8656377.7504, 4765282.748199999], [-8656382.531, 4765279.680500001], [-8656386.0858, 4765278.959700003], [-8656390.3972, 4765279.833300002], [-8656397.0226, 4765283.122400001], [-8656400.9255, 4765284.7786], [-8656403.6785, 4765284.832000002], [-8656404.4727, 4765284.452500001], [-8656411.6134, 4765281.430500001], [-8656427.0515, 4765276.594899997], [-8656428.2314, 4765276.617700003], [-8656435.3718, 4765273.596000001], [-8656442.5049, 4765270.969499998], [-8656444.4867, 4765270.217500001], [-8656451.2337, 4765267.188199997], [-8656456.7782, 4765265.320500001], [-8656463.1091, 4765263.468500003], [-8656466.6567, 4765263.142300002], [-8656473.3581, 4765262.482299998], [-8656478.5017, 4765261.001999997], [-8656485.6269, 4765258.770199999], [-8656489.9684, 4765258.064099997], [-8656497.4717, 4765256.629799999], [-8656499.0528, 4765256.265299998], [-8656514.0899, 4765251.816799998], [-8656520.8291, 4765249.181999996], [-8656528.348, 4765246.957900003], [-8656531.9105, 4765245.841700003], [-8656539.4142, 4765244.407300003], [-8656543.7708, 4765242.911600001], [-8656550.4951, 4765241.066699997], [-8656555.23, 4765240.368799999], [-8656563.1116, 4765239.731600001], [-8656568.6409, 4765238.653999999], [-8656575.7507, 4765237.2114999965], [-8656582.0588, 4765236.544200003], [-8656586.3777, 4765237.0227999985], [-8656594.2212, 4765238.360100001], [-8656605.9975, 4765239.774099998], [-8656609.5299, 4765240.237499997], [-8656616.9877, 4765241.172499999], [-8656624.8463, 4765241.719899997], [-8656628.386, 4765241.788599998], [-8656636.2445, 4765242.336099997], [-8656640.1777, 4765242.4125000015], [-8656647.2497, 4765242.944899999], [-8656649.6021, 4765243.385399997], [-8656656.2655, 4765244.699699998], [-8656667.6718, 4765244.9212], [-8656671.9905, 4765245.3999999985], [-8656679.0626, 4765245.932499997], [-8656691.6941, 4765243.8072], [-8656696.7994, 4765244.300899997], [-8656699.9309, 4765245.151900001], [-8656706.1781, 4765247.643399999], [-8656711.2761, 4765248.532300003], [-8656717.554, 4765249.4441], [-8656721.1012, 4765249.118100002], [-8656728.597, 4765248.078299999], [-8656736.1079, 4765246.248800002], [-8656742.4011, 4765246.370899998], [-8656746.7349, 4765246.059900001], [-8656749.5034, 4765245.323399998], [-8656751.4926, 4765244.176700003], [-8656753.1039, 4765242.232900001], [-8656755.5549, 4765237.5396], [-8656756.3794, 4765235.580499999], [-8656756.864, 4765230.849100001], [-8656757.3106, 4765228.092500001], [-8656757.7341, 4765226.5207], [-8656758.1504, 4765225.343500003], [-8656758.9444, 4765224.9636999965], [-8656760.1321, 4765224.591799997], [-8656763.2786, 4765224.652599998], [-8656766.0241, 4765225.1010000035], [-8656769.1478, 4765226.3467999995], [-8656772.2564, 4765228.381999999], [-8656775.342, 4765231.602399997], [-8656777.6411, 4765234.807400003], [-8656779.1612, 4765237.602600001], [-8656779.5014, 4765240.374499999], [-8656779.8796, 4765241.171700001], [-8656779.8262, 4765243.935999997], [-8656779.38, 4765246.6928], [-8656778.5402, 4765249.442000002], [-8656776.9063, 4765252.570600003], [-8656771.6867, 4765258.000200003], [-8656767.7006, 4765260.688100003], [-8656763.3209, 4765263.368699998], [-8656760.9229, 4765265.297399998], [-8656759.7051, 4765267.248999998], [-8656758.888, 4765268.8134], [-8656758.4567, 4765270.780500002], [-8656758.3809, 4765274.729599997], [-8656758.7436, 4765276.316699997], [-8656759.9086, 4765277.129199997], [-8656761.8824, 4765276.772699997], [-8656770.2103, 4765273.378799997], [-8656774.5749, 4765271.487999998], [-8656778.9546, 4765268.807700001], [-8656781.7382, 4765267.281400003], [-8656784.9075, 4765266.1576000005], [-8656786.0874, 4765266.180600002], [-8656787.2522, 4765266.993199997], [-8656787.0927, 4765275.286200002], [-8656787.4633, 4765276.478699997], [-8656788.2346, 4765277.283500001], [-8656789.7927, 4765278.1039], [-8656791.7593, 4765278.142200001], [-8656794.9134, 4765277.807999998], [-8656799.2625, 4765276.707199998], [-8656805.6013, 4765274.459899999], [-8656811.1607, 4765271.8024], [-8656817.9382, 4765267.192900002], [-8656819.9273, 4765266.046700001], [-8656826.6897, 4765262.226899996], [-8656830.6686, 4765259.933799997], [-8656837.0374, 4765256.106600001], [-8656839.8209, 4765254.580499999], [-8656846.9613, 4765251.558399998], [-8656850.9323, 4765249.659999996], [-8656864.4568, 4765242.020999998], [-8656869.2449, 4765238.558700003], [-8656873.6247, 4765235.878200002], [-8656880.3412, 4765234.428099997], [-8656884.2971, 4765233.319600001], [-8656886.2862, 4765232.173], [-8656891.498, 4765227.137999997], [-8656892.7235, 4765224.791599996], [-8656892.8828, 4765216.498499997], [-8656894.5017, 4765214.159599997], [-8656897.6786, 4765212.640900001], [-8656903.2152, 4765211.168399997], [-8656905.976, 4765210.826700002], [-8656913.464, 4765210.181699999], [-8656917.0038, 4765210.250299998], [-8656922.5255, 4765209.567199998], [-8656926.8518, 4765209.650899999], [-8656929.9906, 4765210.106899999], [-8656932.328, 4765211.337200001], [-8656934.241, 4765214.1395], [-8656936.5253, 4765218.134300001], [-8656937.2968, 4765218.939800002], [-8656938.0757, 4765219.349600002], [-8656945.9798, 4765217.5276999995], [-8656949.5349, 4765216.806199998], [-8656957.4239, 4765215.773900002], [-8656964.5263, 4765214.726499997], [-8656969.2686, 4765213.633199997], [-8656974.0643, 4765209.7754999995], [-8656977.6877, 4765205.5], [-8656980.4863, 4765203.184100002], [-8656982.468, 4765202.432300001], [-8656984.8355, 4765202.0832], [-8656986.8022, 4765202.121200003], [-8656990.3266, 4765202.979699999], [-8656991.1059, 4765203.389899999], [-8656992.2704, 4765204.202299997], [-8656993.7828, 4765207.391999997], [-8656995.2651, 4765212.161399998], [-8656995.6206, 4765214.1435], [-8656996.3085, 4765219.292499997], [-8656995.8091, 4765224.813500002], [-8656994.5152, 4765230.714100003], [-8656993.2596, 4765234.6404], [-8656989.5984, 4765240.890299998], [-8656985.536, 4765247.527599998], [-8656984.3185, 4765249.4794000015], [-8656980.2637, 4765255.721500002], [-8656977.412, 4765260.801899999], [-8656974.5678, 4765265.487599999], [-8656971.0816, 4765269.931000002], [-8656962.2158, 4765273.5446000025], [-8656954.682, 4765276.558799997], [-8656951.5129, 4765277.682800002], [-8656944.3801, 4765280.309900001], [-8656938.4575, 4765281.380199999], [-8656934.1009, 4765282.876100004], [-8656930.9163, 4765284.789499998], [-8656925.3113, 4765289.816699997], [-8656923.3143, 4765291.358400002], [-8656918.4959, 4765296.400600001], [-8656916.8772, 4765298.739799999], [-8656912.8152, 4765305.376999997], [-8656911.1962, 4765307.715899996], [-8656908.3671, 4765311.611500002], [-8656906.3471, 4765314.337800004], [-8656903.5258, 4765317.838600002], [-8656902.7241, 4765318.613300003], [-8656902.3156, 4765319.395499997], [-8656901.5215, 4765319.775200002], [-8656901.5441, 4765318.590400003], [-8656901.9604, 4765317.413199998], [-8656904.4339, 4765311.5353000015], [-8656905.2812, 4765308.3913], [-8656906.1591, 4765303.6677], [-8656906.212, 4765300.903499998], [-8656905.4407, 4765300.0983000025], [-8656904.6542, 4765300.082900003], [-8656903.86, 4765300.462700002], [-8656898.2471, 4765305.884800002], [-8656891.8024, 4765313.660899997], [-8656889.7904, 4765315.991999999], [-8656884.17, 4765321.809199996], [-8656881.7567, 4765324.5276999995], [-8656876.1365, 4765330.344499998], [-8656870.5238, 4765335.7667], [-8656868.1111, 4765338.485299997], [-8656862.1201, 4765343.1098000035], [-8656858.9203, 4765345.813199997], [-8656852.9371, 4765350.0427], [-8656852.143, 4765350.422600001], [-8656844.9876, 4765354.234700002], [-8656839.8058, 4765357.689599998], [-8656833.4369, 4765361.516800001], [-8656828.6714, 4765363.794399999], [-8656821.932, 4765366.429399997], [-8656819.557, 4765367.173600003], [-8656811.6526, 4765368.995800003], [-8656804.5349, 4765370.832900003], [-8656800.5716, 4765372.336099997], [-8656793.8244, 4765375.365999997], [-8656793.03, 4765375.745499998], [-8656788.295, 4765376.443899997], [-8656785.5267, 4765377.180200003], [-8656783.938, 4765377.9397], [-8656782.3118, 4765380.673299998], [-8656781.4719, 4765383.422499999], [-8656781.0179, 4765386.574199997], [-8656782.099, 4765391.730599999], [-8656785.8954, 4765398.9155], [-8656788.149, 4765404.490000002], [-8656788.4512, 4765409.236599997], [-8656787.9365, 4765415.547399998], [-8656786.6274, 4765422.238200001], [-8656786.1811, 4765424.994900003], [-8656784.1003, 4765430.880400002], [-8656781.6494, 4765435.573700003], [-8656779.6297, 4765438.300099999], [-8656774.0319, 4765442.931900002], [-8656767.6551, 4765447.154200003], [-8656764.0623, 4765449.8499], [-8656757.2922, 4765454.064300001], [-8656753.3058, 4765456.752599999], [-8656748.51, 4765460.610100001], [-8656744.9323, 4765462.516000003], [-8656740.9838, 4765463.229599997], [-8656733.1477, 4765461.497299999], [-8656728.0421, 4765461.003399998], [-8656725.2662, 4765462.134499997], [-8656723.2768, 4765463.281300001], [-8656719.6304, 4765468.741400003], [-8656715.1748, 4765475.370899998], [-8656711.9675, 4765478.469300002], [-8656709.5697, 4765480.398199998], [-8656708.7527, 4765481.9626], [-8656707.9433, 4765483.131899998], [-8656707.8216, 4765489.450499997], [-8656708.5779, 4765491.045400001], [-8656716.1498, 4765486.056500003], [-8656716.9438, 4765485.677000001], [-8656722.5417, 4765481.0446000025], [-8656726.9746, 4765475.599799998], [-8656731.3922, 4765470.944799997], [-8656732.5872, 4765470.177900001], [-8656734.5844, 4765468.636399999], [-8656735.787, 4765467.4745000005], [-8656738.1623, 4765466.730300002], [-8656742.0651, 4765468.386399999], [-8656745.5746, 4765470.034599997], [-8656747.1403, 4765470.460000001], [-8656748.7136, 4765470.490599997], [-8656750.7028, 4765469.343800001], [-8656754.311, 4765465.858599998], [-8656760.3322, 4765459.654200003], [-8656763.1314, 4765457.338299997], [-8656769.9012, 4765453.123800002], [-8656775.8922, 4765448.4991], [-8656781.0812, 4765444.649400003], [-8656786.2855, 4765440.009499997], [-8656789.9167, 4765435.339100003], [-8656791.959, 4765431.427900001], [-8656794.433, 4765425.549999997], [-8656796.1354, 4765418.8671], [-8656796.2494, 4765412.943300001], [-8656796.0006, 4765405.432599999], [-8656796.5075, 4765399.5163], [-8656798.5958, 4765393.235799998], [-8656801.0468, 4765388.5429000035], [-8656803.8759, 4765384.647], [-8656807.0832, 4765381.548699997], [-8656809.4734, 4765380.0145], [-8656816.1978, 4765378.170000002], [-8656824.0944, 4765376.742600001], [-8656830.418, 4765375.285099998], [-8656836.7567, 4765373.0375000015], [-8656838.7458, 4765371.890900001], [-8656845.1226, 4765367.668899998], [-8656851.8924, 4765363.454599999], [-8656854.676, 4765361.928199999], [-8656861.8317, 4765358.116499998], [-8656868.5863, 4765354.691799998], [-8656870.969, 4765353.553099997], [-8656877.7238, 4765350.128200002], [-8656884.486, 4765346.308799997], [-8656887.6705, 4765344.395300001], [-8656893.6387, 4765340.955300003], [-8656897.239, 4765337.864799999], [-8656902.8443, 4765332.8374999985], [-8656904.0468, 4765331.675700001], [-8656909.6368, 4765327.4384], [-8656912.8212, 4765325.524700001], [-8656919.9691, 4765322.1076000035], [-8656926.7238, 4765318.683200002], [-8656928.7133, 4765317.536499999], [-8656935.0899, 4765313.3147], [-8656941.4739, 4765308.6976], [-8656947.4646, 4765304.072999999], [-8656948.2667, 4765303.298299998], [-8656954.2723, 4765297.884099998], [-8656958.2892, 4765293.616300002], [-8656962.6986, 4765289.3561], [-8656965.0817, 4765288.216799997], [-8656971.4429, 4765284.784900002], [-8656974.635, 4765282.476400003], [-8656980.2246, 4765278.239], [-8656985.0357, 4765273.591300003], [-8656987.4715, 4765269.688100003], [-8656990.7469, 4765263.035599999], [-8656991.3904, 4765261.6538999975], [-8656994.03, 4765255.988200001], [-8656995.2856, 4765252.062299997], [-8656998.1754, 4765245.006999999], [-8656999.0075, 4765242.652999997], [-8657001.0956, 4765236.372500002], [-8657002.3362, 4765233.236299999], [-8657005.1955, 4765227.760600001], [-8657008.4255, 4765223.477799997], [-8657011.6174, 4765221.169], [-8657013.6067, 4765220.022500001], [-8657021.1176, 4765218.192900002], [-8657024.6724, 4765217.4714], [-8657032.1757, 4765216.036499999], [-8657034.5432, 4765215.687399998], [-8657040.8363, 4765215.809299998], [-8657044.7771, 4765215.490699999], [-8657047.5377, 4765215.148900002], [-8657049.5193, 4765214.3972999975], [-8657050.3288, 4765213.227899998], [-8657050.4654, 4765206.1193], [-8657050.8813, 4765204.942400001], [-8657051.6753, 4765204.562799998], [-8657054.822, 4765204.623499997], [-8657056.3878, 4765205.049000002], [-8657059.5113, 4765206.295000002], [-8657060.2753, 4765207.494599998], [-8657060.2222, 4765210.258699998], [-8657059.3899, 4765212.612999998], [-8657056.9468, 4765216.911200002], [-8657052.4611, 4765225.1206], [-8657048.7772, 4765232.555200003], [-8657047.9681, 4765233.724699996], [-8657043.906, 4765240.362199999], [-8657039.8362, 4765247.394000001], [-8657034.5257, 4765257.562600002], [-8657032.8995, 4765260.296400003], [-8657028.8451, 4765266.538699999], [-8657024.0039, 4765272.766000003], [-8657022.3928, 4765274.710199997], [-8657017.5514, 4765280.936999999], [-8657015.5394, 4765283.268299997], [-8657010.305, 4765289.487999998], [-8657007.8842, 4765292.601400003], [-8657002.6577, 4765298.425999999], [-8656999.443, 4765301.919200003], [-8656993.8226, 4765307.736400001], [-8656989.806, 4765312.004000001], [-8656984.98, 4765317.441399999], [-8656978.8982, 4765326.804899998], [-8656977.6727, 4765329.1514], [-8656974.3973, 4765335.803900003], [-8656971.1674, 4765340.087099999], [-8656966.3336, 4765345.919100001], [-8656963.9132, 4765349.0326000005], [-8656958.2929, 4765354.8499], [-8656955.4713, 4765358.350599997], [-8656949.8511, 4765364.167599998], [-8656947.4382, 4765366.886299998], [-8656942.2112, 4765372.711000003], [-8656936.9992, 4765377.7456], [-8656935.4034, 4765378.8999999985], [-8656928.6333, 4765383.114399999], [-8656922.6578, 4765386.948899999], [-8656918.664, 4765390.032200001], [-8656913.4446, 4765395.4619999975], [-8656911.8332, 4765397.406199999], [-8656907.4157, 4765402.060900003], [-8656905.0104, 4765404.3847], [-8656890.7142, 4765411.218900003], [-8656888.3239, 4765412.752899997], [-8656881.5616, 4765416.572499998], [-8656874.7917, 4765420.786899999], [-8656872.0079, 4765422.313299999], [-8656859.2546, 4765430.757100001], [-8656858.4606, 4765431.1369], [-8656851.3048, 4765434.948700003], [-8656844.1569, 4765438.365900002], [-8656840.1705, 4765441.054200001], [-8656833.4081, 4765444.873400003], [-8656829.8152, 4765447.569399998], [-8656823.8315, 4765451.798900001], [-8656820.6472, 4765453.712399997], [-8656806.3662, 4765459.756899998], [-8656800.8143, 4765462.019299999], [-8656793.6737, 4765465.041599996], [-8656790.8974, 4765466.172799997], [-8656783.3638, 4765469.187200002], [-8656780.5877, 4765470.318499997], [-8656773.455, 4765472.945699997], [-8656769.1054, 4765474.046300001], [-8656762.7745, 4765475.899099998], [-8656759.9906, 4765477.4252], [-8656754.0226, 4765480.865099996], [-8656748.4326, 4765485.102600001], [-8656745.6262, 4765487.813299999], [-8656740.7995, 4765493.250500001], [-8656737.146, 4765499.105899997], [-8656735.5043, 4765502.629500002], [-8656733.4007, 4765509.699699998], [-8656730.9348, 4765515.182899997], [-8656730.1253, 4765516.352499999], [-8656726.895, 4765520.635600001], [-8656723.2867, 4765524.120899998], [-8656720.0946, 4765526.429300003], [-8656716.9252, 4765527.553000003], [-8656715.3443, 4765527.917499997], [-8656712.5839, 4765528.258900002], [-8656710.2235, 4765528.2136999965], [-8656706.6987, 4765527.354599997], [-8656705.9501, 4765525.365000002], [-8656706.4878, 4765517.8693], [-8656706.9496, 4765514.322499998], [-8656707.0026, 4765511.557999998], [-8656706.2312, 4765510.752899997], [-8656704.6503, 4765511.1175], [-8656703.4552, 4765511.884300001], [-8656697.0708, 4765516.5013], [-8656694.6806, 4765518.035099998], [-8656690.6638, 4765522.302900001], [-8656689.8622, 4765523.077399999], [-8656687.3577, 4765530.534999996], [-8656685.2845, 4765536.026000001], [-8656683.2575, 4765539.147100002], [-8656682.0622, 4765539.913900003], [-8656680.0804, 4765540.665600002], [-8656677.69, 4765542.199699998], [-8656676.8958, 4765542.579099998], [-8656675.3225, 4765542.548900001], [-8656674.15, 4765542.130800001], [-8656673.7794, 4765540.938600004], [-8656673.8173, 4765538.9639], [-8656674.7105, 4765533.450300001], [-8656675.5274, 4765531.885799997], [-8656677.971, 4765527.587800004], [-8656678.0166, 4765525.218199998], [-8656677.2603, 4765523.623300001], [-8656675.3317, 4765521.610699996], [-8656674.1671, 4765520.797799997], [-8656672.9947, 4765520.380000003], [-8656672.2156, 4765519.969700001], [-8656671.4289, 4765519.954499997], [-8656670.6347, 4765520.3342999965], [-8656665.4076, 4765526.158799998], [-8656662.9943, 4765528.877400003], [-8656661.383, 4765530.821400002], [-8656660.1804, 4765531.9833], [-8656658.9851, 4765532.750200003], [-8656658.191, 4765533.129799999], [-8656656.9955, 4765533.8967999965], [-8656656.209, 4765533.8816], [-8656654.3717, 4765527.129699998], [-8656653.6231, 4765525.140000001], [-8656653.2448, 4765524.3423999995], [-8656651.687, 4765523.522200003], [-8656650.5069, 4765523.499300003], [-8656648.9259, 4765523.863700002], [-8656646.9443, 4765524.6153], [-8656644.1605, 4765526.141599998], [-8656640.5749, 4765528.442299999], [-8656636.1723, 4765532.307599999], [-8656634.5535, 4765534.646700002], [-8656632.8437, 4765541.724399999], [-8656631.9733, 4765546.053400002], [-8656631.1409, 4765548.4076000005], [-8656629.9305, 4765549.964500003], [-8656627.5553, 4765550.708499998], [-8656622.8509, 4765549.827100001], [-8656619.7269, 4765548.581], [-8656616.6183, 4765546.545699999], [-8656614.7051, 4765543.742799997], [-8656613.6844, 4765535.426799998], [-8656612.6035, 4765530.2700999975], [-8656611.0681, 4765528.264700003], [-8656606.772, 4765526.601300001], [-8656598.5349, 4765525.256099999], [-8656596.1828, 4765524.815399997], [-8656589.5191, 4765523.501000002], [-8656585.5857, 4765523.424500003], [-8656577.7268, 4765522.876900002], [-8656560.8141, 4765522.549000002], [-8656556.4797, 4765522.859499998], [-8656553.3409, 4765522.403399996], [-8656551.0039, 4765521.173], [-8656547.5247, 4765517.945], [-8656544.0837, 4765512.742399998], [-8656541.0434, 4765507.1523], [-8656539.9319, 4765503.575300001], [-8656537.7014, 4765496.816100001], [-8656537.3612, 4765494.043700002], [-8656536.3259, 4765486.5176], [-8656535.9858, 4765483.745700002], [-8656535.2979, 4765478.596500002], [-8656534.1713, 4765475.809199996], [-8656532.2576, 4765473.006499998], [-8656529.5579, 4765470.188699998], [-8656527.236, 4765468.168200001], [-8656525.6779, 4765467.348099999], [-8656522.9397, 4765466.5044], [-8656519.8085, 4765465.6536], [-8656514.3018, 4765465.546700001], [-8656511.9344, 4765465.895900004], [-8656508.7497, 4765467.809299998], [-8656506.7528, 4765469.350699998], [-8656504.733, 4765472.077], [-8656503.9158, 4765473.641400002], [-8656506.139, 4765480.795599997], [-8656506.0933, 4765483.165100001], [-8656504.4744, 4765485.504100002], [-8656502.4468, 4765488.625299998], [-8656501.645, 4765489.3999999985], [-8656500.8509, 4765489.7795], [-8656499.6707, 4765489.756300002], [-8656498.5059, 4765488.943700001], [-8656495.1259, 4765480.582000002], [-8656493.621, 4765476.997100003], [-8656492.8725, 4765475.007299997], [-8656492.1011, 4765474.202100001], [-8656491.3218, 4765473.791699998], [-8656490.5278, 4765474.171599999], [-8656486.4652, 4765480.808700003], [-8656484.4149, 4765485.114600003], [-8656481.5552, 4765490.590000004], [-8656478.7336, 4765494.090800002], [-8656475.9194, 4765497.196800001], [-8656473.1203, 4765499.512800001], [-8656470.7301, 4765501.046400003], [-8656468.3551, 4765501.7902000025], [-8656466.3886, 4765501.752499998], [-8656458.5525, 4765500.019500002], [-8656453.8401, 4765499.5331000015], [-8656447.1613, 4765499.008299999], [-8656445.2098, 4765498.180399999], [-8656437.775, 4765496.060699999], [-8656433.0929, 4765493.9943], [-8656426.0742, 4765490.697499998], [-8656421.377, 4765489.421099998], [-8656413.942, 4765487.3015], [-8656407.6867, 4765485.204499997], [-8656402.2335, 4765482.3330999985], [-8656396.8109, 4765477.881999999], [-8656394.489, 4765475.861900002], [-8656389.4746, 4765470.628300004], [-8656386.0262, 4765465.820699997], [-8656382.6003, 4765459.828199998], [-8656380.7406, 4765454.261100002], [-8656380.0526, 4765449.112000003], [-8656380.2505, 4765438.8442], [-8656379.8876, 4765437.256999999], [-8656379.1086, 4765436.8467999995], [-8656378.3144, 4765437.226400003], [-8656376.2946, 4765439.952799998], [-8656372.2397, 4765446.194799997], [-8656371.4376, 4765446.969400004], [-8656368.5474, 4765454.024300002], [-8656368.139, 4765454.806400001], [-8656365.6724, 4765460.289399996], [-8656363.2364, 4765464.192599997], [-8656361.6327, 4765465.741899997], [-8656360.0212, 4765467.685900003], [-8656358.4326, 4765468.445299998], [-8656357.2376, 4765469.2119999975], [-8656356.0501, 4765469.584100001], [-8656355.2559, 4765469.963500001], [-8656353.6826, 4765469.932899997], [-8656346.679, 4765465.846199997], [-8656339.901, 4765470.455300003], [-8656337.9042, 4765471.996699996], [-8656335.8538, 4765476.302500002], [-8656333.3795, 4765482.180399999], [-8656332.5473, 4765484.534599997], [-8656328.8779, 4765491.179300003], [-8656327.2589, 4765493.518399999], [-8656323.1965, 4765500.155599996], [-8656319.1262, 4765507.187399998], [-8656317.9081, 4765509.139200002], [-8656313.4598, 4765515.3737], [-8656311.0236, 4765519.276799999], [-8656306.9609, 4765525.914099999], [-8656305.3346, 4765528.6477999985], [-8656302.0584, 4765535.3002], [-8656299.1605, 4765542.749899998], [-8656298.7365, 4765544.322400004], [-8656292.1695, 4765558.416699998], [-8656290.1345, 4765561.932800002], [-8656286.4573, 4765568.9723000005], [-8656284.8308, 4765571.706699997], [-8656281.1614, 4765578.351199999], [-8656278.7328, 4765581.859499998], [-8656273.0128, 4765592.8103], [-8656267.2324, 4765606.920299999], [-8656266.4077, 4765608.879799999], [-8656261.3984, 4765623.794699997], [-8656259.3634, 4765627.310699999], [-8656255.3384, 4765631.973499998], [-8656249.7404, 4765636.605300002], [-8656245.7388, 4765640.0832], [-8656241.2978, 4765645.922899999], [-8656236.8493, 4765652.157399997], [-8656234.4209, 4765655.665799998], [-8656230.3657, 4765661.908299997], [-8656228.7467, 4765664.247199997], [-8656223.9124, 4765670.079099998], [-8656221.4917, 4765673.192699999], [-8656217.028, 4765680.217], [-8656213.4043, 4765684.492700003], [-8656211.0062, 4765686.420999996], [-8656208.6308, 4765687.165100001], [-8656206.2637, 4765687.513999999], [-8656203.9112, 4765687.073200002], [-8656200.0006, 4765685.811899997], [-8656199.2444, 4765684.216799997], [-8656199.29, 4765681.8473000005], [-8656200.9471, 4765677.534000002], [-8656202.9747, 4765674.412699997], [-8656205.4108, 4765670.509400003], [-8656207.4385, 4765667.3882], [-8656211.0929, 4765661.533200003], [-8656213.5212, 4765658.0249999985], [-8656218.7486, 4765652.200599998], [-8656224.3622, 4765646.7786], [-8656225.5725, 4765645.222199999], [-8656230.8152, 4765638.607900001], [-8656231.2315, 4765637.430799998], [-8656231.2543, 4765636.245899998], [-8656230.8761, 4765635.448600002], [-8656230.1047, 4765634.643399999], [-8656228.9324, 4765634.225299999], [-8656227.7674, 4765633.4125000015], [-8656225.4227, 4765632.576899998]]], [[[-8656012.4226, 4769817.813000001], [-8656009.577, 4769812.4684000015], [-8656004.5299, 4769818.844999999], [-8656000.0718, 4769825.476999998], [-8655996.4082, 4769831.7294000015], [-8655992.7295, 4769838.772], [-8655990.7008, 4769841.894400001], [-8655986.2734, 4769846.9463], [-8655984.6536, 4769849.285999998], [-8655982.1936, 4769854.376400001], [-8655980.9292, 4769858.699500002], [-8655978.8242, 4769865.772500001], [-8655977.9841, 4769868.522500001], [-8655975.8716, 4769875.991099998], [-8655973.3655, 4769883.451700002], [-8655972.5101, 4769886.992200002], [-8655972.2276, 4769901.610399999], [-8655970.9937, 4769904.352799997], [-8655970.1993, 4769904.732500002], [-8655966.2184, 4769907.026600003], [-8655964.2433, 4769907.383400001], [-8655961.8825, 4769907.3374999985], [-8655961.1028, 4769906.927000001], [-8655959.5748, 4769904.526000001], [-8655958.8258, 4769902.535099998], [-8655958.1, 4769899.359099999], [-8655955.9071, 4769890.621200003], [-8655952.5104, 4769883.045699999], [-8655950.264, 4769877.073399998], [-8655950.3555, 4769872.332500003], [-8655951.196, 4769869.5820999965], [-8655954.8747, 4769862.539499998], [-8655956.1697, 4769856.636200003], [-8655957.0557, 4769851.5154], [-8655958.7825, 4769843.644199997], [-8655959.7069, 4769836.548100002], [-8655959.7602, 4769833.782499999], [-8655958.694, 4769827.833400004], [-8655957.2345, 4769821.876400001], [-8655955.3589, 4769817.097099997], [-8655952.3098, 4769811.899700001], [-8655947.6874, 4769806.671700001], [-8655938.4267, 4769797.005999997], [-8655933.0171, 4769791.7623], [-8655930.3007, 4769789.733400002], [-8655924.0888, 4769785.264899999], [-8655917.4758, 4769781.183700003], [-8655915.1455, 4769779.557800002], [-8655908.9337, 4769775.089100003], [-8655902.7295, 4769770.225400001], [-8655900.0132, 4769768.1963], [-8655894.2022, 4769763.340400003], [-8655885.3278, 4769754.077399999], [-8655880.7203, 4769748.059199996], [-8655877.6412, 4769744.442100003], [-8655872.6401, 4769738.4164], [-8655869.1753, 4769734.396399997], [-8655864.1745, 4769728.370499998], [-8655862.6386, 4769726.364600003], [-8655857.6379, 4769720.338799998], [-8655854.1652, 4769716.713799998], [-8655849.1644, 4769710.688100003], [-8655846.4711, 4769707.4738000035], [-8655840.6683, 4769702.222900003], [-8655834.8574, 4769697.366899997], [-8655831.7476, 4769695.3301], [-8655825.1346, 4769691.248999998], [-8655822.4107, 4769689.615000002], [-8655816.5927, 4769685.154200003], [-8655810.3962, 4769679.895499997], [-8655807.6798, 4769677.866499998], [-8655801.4757, 4769673.002899997], [-8655795.6653, 4769668.146700002], [-8655794.1215, 4769666.535899997], [-8655782.5158, 4769656.0339], [-8655781.3506, 4769655.2206000015], [-8655775.1387, 4769650.752099998], [-8655768.9346, 4769645.888599999], [-8655766.9901, 4769644.664899997], [-8655760.7939, 4769639.406300001], [-8655754.5896, 4769634.5427], [-8655747.9845, 4769630.066399999], [-8655741.3716, 4769625.985399999], [-8655739.8206, 4769624.769199997], [-8655733.6089, 4769620.300800003], [-8655727.0038, 4769615.824600004], [-8655723.9017, 4769613.392700002], [-8655717.2968, 4769608.916500002], [-8655714.187, 4769606.879900001], [-8655709.0683, 4769602.866899997], [-8655707.983, 4769602.0163], [-8655705.282, 4769599.197099999], [-8655700.2737, 4769593.566399999], [-8655694.8873, 4769587.1373], [-8655689.4931, 4769581.104000002], [-8655687.178, 4769578.687799998], [-8655681.738, 4769575.024700001], [-8655677.0621, 4769572.562100001], [-8655670.4417, 4769568.875699997], [-8655663.4201, 4769565.577100001], [-8655661.4681, 4769564.748800002], [-8655654.8551, 4769560.6677], [-8655648.2503, 4769556.191200003], [-8655645.1408, 4769554.1543999985], [-8655638.5279, 4769550.073299997], [-8655636.1899, 4769548.842200004], [-8655629.1837, 4769544.753200002], [-8655622.5559, 4769541.462200001], [-8655619.4384, 4769539.820500001], [-8655610.056, 4769536.475699998], [-8655602.6336, 4769533.564499997], [-8655599.9022, 4769532.325400002], [-8655589.3469, 4769528.562600002], [-8655581.9244, 4769525.651100002], [-8655580.5017, 4769525.169399999], [-8655574.494, 4769523.1351], [-8655572.5343, 4769522.701200001], [-8655565.0964, 4769520.5801], [-8655560.004, 4769519.295299999], [-8655552.1652, 4769517.5612], [-8655544.7121, 4769516.2302], [-8655541.1782, 4769515.766099997], [-8655533.7329, 4769514.039999999], [-8655531.7731, 4769513.6065], [-8655524.3199, 4769512.275300004], [-8655520.007, 4769511.400700003], [-8655512.1525, 4769510.456900001], [-8655504.6921, 4769509.520800002], [-8655501.9376, 4769509.467200004], [-8655494.0833, 4769508.523199998], [-8655486.6225, 4769507.587300003], [-8655483.8759, 4769507.138599999], [-8655476.0138, 4769506.589900002], [-8655466.177, 4769506.398000002], [-8655463.0217, 4769506.7315], [-8655455.152, 4769506.577799998], [-8655451.9965, 4769506.911399998], [-8655444.1191, 4769507.152999997], [-8655436.2342, 4769507.789300002], [-8655433.0789, 4769508.123099998], [-8655425.5876, 4769508.767099999], [-8655417.6949, 4769509.798600003], [-8655416.121, 4769509.767999999], [-8655408.2286, 4769510.799800001], [-8655400.3513, 4769511.040899999], [-8655398.7697, 4769511.405199997], [-8655390.8848, 4769512.041699998], [-8655382.6142, 4769512.275600001], [-8655373.1708, 4769512.090999998], [-8655365.7021, 4769511.549900003], [-8655353.9209, 4769510.134000003], [-8655346.4678, 4769508.8028], [-8655342.5481, 4769507.935900003], [-8655334.6941, 4769506.9921], [-8655326.454, 4769505.6457], [-8655319.0236, 4769503.129000001], [-8655311.586, 4769501.007700004], [-8655310.4131, 4769500.5896999985], [-8655302.9599, 4769499.258199997], [-8655295.1134, 4769497.919299997], [-8655291.5798, 4769497.4551], [-8655284.1268, 4769496.123599999], [-8655280.6008, 4769495.264399998], [-8655273.1553, 4769493.537900001], [-8655265.7176, 4769491.4164], [-8655261.798, 4769490.5493], [-8655254.7615, 4769488.040799998], [-8655247.339, 4769485.129199997], [-8655243.8206, 4769483.874399997], [-8655236.3905, 4769481.358199999], [-8655228.9681, 4769478.446599998], [-8655225.4498, 4769477.192299999], [-8655218.4284, 4769473.893200003], [-8655209.0463, 4769470.548100002], [-8655206.3071, 4769469.704000004], [-8655198.877, 4769467.187399998], [-8655196.1456, 4769465.948399998], [-8655188.708, 4769463.827], [-8655185.5754, 4769462.975199997], [-8655178.1532, 4769460.063699998], [-8655170.7231, 4769457.546999998], [-8655167.9916, 4769456.3081], [-8655160.1605, 4769454.178800002], [-8655152.7228, 4769452.057300001], [-8655151.1566, 4769451.631399997], [-8655143.3177, 4769449.8972999975], [-8655137.8398, 4769448.2092999965], [-8655129.6074, 4769446.467500001], [-8655061.3838, 4769388.650899999], [-8655035.2291, 4769401.148000002], [-8655030.9202, 4769397.469899997], [-8655019.5979, 4769395.309], [-8655012.16, 4769393.187299997], [-8655010.6014, 4769392.366599999], [-8655004.761, 4769389.090599999], [-8654999.3362, 4769384.637000002], [-8654996.2424, 4769381.810199998], [-8654990.0385, 4769376.9463], [-8654984.6299, 4769371.7026999965], [-8654982.7082, 4769369.293700002], [-8654978.1017, 4769363.2754999995], [-8654973.1094, 4769356.8543], [-8654971.1802, 4769354.840499997], [-8654965.7406, 4769351.177199997], [-8654961.8443, 4769349.124700002], [-8654955.6178, 4769345.446199998], [-8654948.5888, 4769342.542099997], [-8654945.85, 4769341.698100001], [-8654938.8059, 4769339.583899997], [-8654931.3604, 4769337.8574], [-8654929.7866, 4769337.826700002], [-8654921.9478, 4769336.0923999995], [-8654918.8151, 4769335.240800001], [-8654911.3623, 4769333.909400001], [-8654899.581, 4769332.493000001], [-8654894.8749, 4769331.610699996], [-8654887.0284, 4769330.271399997], [-8654883.5026, 4769329.412199996], [-8654876.0572, 4769327.685400002], [-8654872.1456, 4769326.423299998], [-8654864.2989, 4769325.083899997], [-8654859.6004, 4769323.806299999], [-8654853.7445, 4769321.320600003], [-8654849.0764, 4769318.462700002], [-8654846.3758, 4769315.643200003], [-8654845.2568, 4769312.459600002], [-8654843.8131, 4769305.712800004], [-8654841.8921, 4769303.304099999], [-8654838.7827, 4769301.266999997], [-8654833.7212, 4769298.4014], [-8654827.1169, 4769293.924599998], [-8654824.7867, 4769292.2984], [-8654820.5505, 4769287.4728000015], [-8654817.4794, 4769283.4604], [-8654811.6773, 4769278.209200002], [-8654802.372, 4769270.9133], [-8654801.2068, 4769270.099799998], [-8654796.5928, 4769264.4767], [-8654792.3491, 4769260.046099998], [-8654786.5393, 4769255.189900003], [-8654782.2571, 4769252.734700002], [-8654776.0459, 4769248.265699998], [-8654773.3146, 4769247.0266999975], [-8654760.1057, 4769238.0735], [-8654757.7755, 4769236.4472], [-8654751.1711, 4769231.9705], [-8654747.2824, 4769229.523000002], [-8654740.6548, 4769226.231299996], [-8654734.7989, 4769223.745499998], [-8654722.3308, 4769217.177900001], [-8654715.7109, 4769213.4912], [-8654712.9874, 4769211.8571000025], [-8654706.3828, 4769207.380400002], [-8654701.7227, 4769204.127300002], [-8654695.1183, 4769199.650899999], [-8654692.7882, 4769198.024300002], [-8654686.554, 4769194.740599997], [-8654681.4773, 4769192.664800003], [-8654670.9461, 4769187.716300003], [-8654663.9329, 4769184.0217999965], [-8654653.4014, 4769179.072899997], [-8654629.2447, 4769166.348099999], [-8654626.521, 4769164.7141999975], [-8654619.909, 4769160.6325], [-8654618.3504, 4769159.811399996], [-8654611.7385, 4769155.729699999], [-8654609.0071, 4769154.490400001], [-8654598.4987, 4769148.356600001], [-8654592.6813, 4769143.895400003], [-8654586.4933, 4769138.241099998], [-8654584.2093, 4769134.244099997], [-8654580.7608, 4769129.434100002], [-8654578.8316, 4769127.420199998], [-8654572.6054, 4769123.741700001], [-8654565.1986, 4769120.039399996], [-8654564.4195, 4769119.628700003], [-8654557.3986, 4769116.329400003], [-8654537.9176, 4769106.067400001], [-8654530.9121, 4769101.978], [-8654523.899, 4769098.283399999], [-8654521.1755, 4769096.649599999], [-8654504.8113, 4769088.029600002], [-8654498.1993, 4769083.947800003], [-8654491.1862, 4769080.253300004], [-8654486.9121, 4769077.402999997], [-8654479.899, 4769073.708499998], [-8654478.3479, 4769072.492600001], [-8654471.3426, 4769068.403099999], [-8654464.7231, 4769064.716499999], [-8654463.1645, 4769063.8955999985], [-8654456.1361, 4769060.991400003], [-8654448.7141, 4769058.079300001], [-8654444.417, 4769056.413999997], [-8654439.3402, 4769054.338399999], [-8654435.0274, 4769053.463500001], [-8654431.872, 4769053.796899997], [-8654423.9723, 4769055.222599998], [-8654422.3982, 4769055.191799998], [-8654414.8994, 4769056.230300002], [-8654407.7864, 4769057.671599999], [-8654403.0573, 4769057.9738000035], [-8654399.1224, 4769057.896700002], [-8654394.8174, 4769056.626699999], [-8654390.9137, 4769054.969300002], [-8654390.1346, 4769054.558799997], [-8654386.2614, 4769051.321000002], [-8654382.7973, 4769047.300999999], [-8654381.6552, 4769045.302699998], [-8654378.6537, 4769037.734899998], [-8654376.0378, 4769030.570100002], [-8654373.7849, 4769024.993000001], [-8654371.0999, 4769021.383199997], [-8654366.0311, 4769018.912699997], [-8654358.9796, 4769017.193499997], [-8654355.0835, 4769015.1413], [-8654354.3118, 4769014.3354], [-8654350.9016, 4769007.5502], [-8654347.8538, 4769002.352899998], [-8654342.0518, 4768997.101300001], [-8654337.7778, 4768994.250699997], [-8654331.1735, 4768989.773900002], [-8654329.2294, 4768988.550399996], [-8654322.2087, 4768985.250799999], [-8654315.1957, 4768981.556599997], [-8654307.3957, 4768977.846600004], [-8654300.3751, 4768974.547200002], [-8654296.093, 4768972.0918999985], [-8654289.0725, 4768968.792599998], [-8654282.4607, 4768964.710500002], [-8654277.7852, 4768962.247599997], [-8654271.1735, 4768958.165899999], [-8654264.1681, 4768954.076300003], [-8654260.2722, 4768952.0239999965], [-8654253.2668, 4768947.934299998], [-8654246.6474, 4768944.247599997], [-8654242.7589, 4768941.799800001], [-8654236.1473, 4768937.718099996], [-8654229.5279, 4768934.031099997], [-8654226.8045, 4768932.397100002], [-8654212.7784, 4768925.008199997], [-8654210.4485, 4768923.381700002], [-8654203.4356, 4768919.686899997], [-8654196.824, 4768915.6052], [-8654191.3694, 4768912.731600001], [-8654184.3642, 4768908.641999997], [-8654180.0976, 4768905.3967999965], [-8654174.2731, 4768901.330300003], [-8654170.7626, 4768899.680500001], [-8654163.3409, 4768896.768399999], [-8654155.9346, 4768893.066100001], [-8654147.3633, 4768888.5506], [-8654139.9493, 4768885.2434], [-8654132.9363, 4768881.548699997], [-8654122.4056, 4768876.599600002], [-8654115.7862, 4768872.912600003], [-8654114.6211, 4768872.0995000005], [-8654107.616, 4768868.009900004], [-8654094.3927, 4768859.8461000025], [-8654093.2275, 4768859.033], [-8654086.6083, 4768855.345799997], [-8654079.5955, 4768851.651500002], [-8654072.9684, 4768848.359399997], [-8654065.9556, 4768844.664800003], [-8654053.4574, 4768839.677000001], [-8654047.9644, 4768838.7786], [-8654041.2912, 4768837.8571000025], [-8654036.9634, 4768837.772100002], [-8654029.0867, 4768838.0123], [-8654023.1771, 4768838.291500002], [-8654015.6938, 4768838.539499998], [-8654008.9974, 4768838.803099997], [-8654001.5218, 4768838.6558], [-8653997.2015, 4768838.175800003], [-8653989.7413, 4768837.238899998], [-8653985.83, 4768835.976199999], [-8653978.7863, 4768833.861900002], [-8653971.7273, 4768832.5374], [-8653963.8812, 4768831.197400004], [-8653961.9219, 4768830.763700001], [-8653954.4846, 4768828.641599998], [-8653946.6541, 4768826.511600003], [-8653943.1365, 4768825.257100001], [-8653928.2777, 4768820.222400002], [-8653920.0694, 4768817.294399999], [-8653912.6474, 4768814.381999999], [-8653910.3021, 4768813.545500003], [-8653903.6753, 4768810.253799997], [-8653897.8506, 4768806.187299997], [-8653891.6404, 4768801.718000002], [-8653884.6429, 4768797.2333], [-8653878.0236, 4768793.5462], [-8653871.4197, 4768789.0691], [-8653864.8082, 4768784.987400003], [-8653862.8642, 4768783.763400003], [-8653856.6616, 4768778.8992], [-8653850.4511, 4768774.429399997], [-8653843.0528, 4768770.332000002], [-8653836.4335, 4768766.645199999], [-8653831.3882, 4768762.989100002], [-8653825.5789, 4768758.1325], [-8653818.5893, 4768753.252599999], [-8653813.1736, 4768748.4038999975], [-8653809.702, 4768744.7786], [-8653803.6186, 4768737.703199998], [-8653769.3928, 4768732.920000002], [-8653726.6305, 4768725.755199999], [-8653683.0891, 4768718.1796], [-8653639.5628, 4768709.8134], [-8653597.665, 4768698.713500001], [-8653555.8055, 4768685.637699999], [-8653513.1748, 4768671.7566], [-8653470.5673, 4768656.6897], [-8653393.2374, 4768625.9212], [-8653348.3779, 4768605.276799999], [-8653326.2053, 4768597.5907000005], [-8653326.4455, 4768599.706799999], [-8653326.3915, 4768602.471900001], [-8653325.9517, 4768604.8342999965], [-8653325.1185, 4768607.189099997], [-8653323.9069, 4768608.745800003], [-8653321.5155, 4768610.279299997], [-8653318.3522, 4768611.007200003], [-8653313.2379, 4768610.9065999985], [-8653306.1712, 4768609.976599999], [-8653304.204, 4768609.938000001], [-8653298.3334, 4768608.241099998], [-8653294.8002, 4768607.7764], [-8653291.637, 4768608.504199997], [-8653286.0672, 4768611.556100003], [-8653278.9, 4768615.761799999], [-8653267.7752, 4768621.0748], [-8653264.99, 4768622.600699998], [-8653257.8463, 4768625.621399999], [-8653250.6946, 4768629.036899999], [-8653243.1493, 4768632.444399998], [-8653235.9979, 4768635.859899998], [-8653228.854, 4768638.8803], [-8653221.718, 4768641.505800001], [-8653215.3687, 4768644.1467999965], [-8653207.8389, 4768646.764399998], [-8653202.2921, 4768648.631099999], [-8653189.2235, 4768652.7201000005], [-8653182.1102, 4768654.160499997], [-8653174.2258, 4768654.7951000035], [-8653167.5297, 4768655.057999998], [-8653161.2423, 4768654.538900003], [-8653153.3966, 4768653.198299997], [-8653145.9523, 4768651.4705], [-8653138.4996, 4768650.137900002], [-8653131.4487, 4768648.4177], [-8653124.0044, 4768646.689999998], [-8653117.3392, 4768645.372599997], [-8653109.8868, 4768644.0402000025], [-8653100.0896, 4768641.870700002], [-8653095.777, 4768640.995099999], [-8653094.6044, 4768640.576899998], [-8653087.1756, 4768638.058700003], [-8653080.1554, 4768634.758599997], [-8653078.5971, 4768633.937600002], [-8653071.1758, 4768631.024599999], [-8653064.1559, 4768627.724600002], [-8653062.5898, 4768627.298199996], [-8653055.5621, 4768624.393100001], [-8653048.1406, 4768621.480300002], [-8653041.5141, 4768618.187799998], [-8653034.4944, 4768614.887699999], [-8653029.4258, 4768612.416299999], [-8653023.2006, 4768608.736699998], [-8653018.5335, 4768605.878200002], [-8653014.6378, 4768603.825099997], [-8653011.9302, 4768601.400600001], [-8653010.3874, 4768599.789399996], [-8653009.6315, 4768598.193599999], [-8653009.2691, 4768596.605800003], [-8653010.9978, 4768588.736100003], [-8653011.8931, 4768583.221299998], [-8653012.8193, 4768576.1263], [-8653013.3212, 4768570.603799999], [-8653013.4607, 4768563.493100002], [-8653012.4119, 4768556.754100002], [-8653010.9235, 4768552.377700001], [-8653007.9233, 4768544.809699997], [-8653005.6863, 4768538.442599997], [-8653004.9769, 4768534.476800002], [-8653004.3137, 4768528.140900001], [-8653004.3681, 4768525.375600003], [-8653004.9165, 4768517.4826000035], [-8653005.4263, 4768511.564999998], [-8653006.3215, 4768506.050300002], [-8653007.1858, 4768502.115599997], [-8653008.8525, 4768497.406000003], [-8653010.0871, 4768494.664399996], [-8653011.3061, 4768492.712399997], [-8653012.5097, 4768491.550800003], [-8653013.7055, 4768490.783799998], [-8653014.8934, 4768490.412199996], [-8653016.853, 4768490.846299998], [-8653019.5914, 4768491.690899998], [-8653023.4949, 4768493.348499998], [-8653028.9334, 4768497.012599997], [-8653033.5616, 4768501.846299998], [-8653038.5679, 4768507.4777000025], [-8653044.3766, 4768512.334700003], [-8653050.2006, 4768516.401600003], [-8653054.8678, 4768519.259999998], [-8653058.3779, 4768520.9102], [-8653061.1086, 4768522.149599999], [-8653066.2232, 4768522.250799999], [-8653069.3865, 4768521.523000002], [-8653073.3516, 4768520.0205999985], [-8653076.9314, 4768518.115199998], [-8653078.9296, 4768516.574000001], [-8653080.5343, 4768515.0251], [-8653081.761, 4768512.678099997], [-8653081.7997, 4768510.703100003], [-8653081.4372, 4768509.115000002], [-8653079.9101, 4768506.7136999965], [-8653070.2678, 4768496.643600002], [-8653066.7887, 4768493.413699999], [-8653061.389, 4768487.7742], [-8653059.0823, 4768484.962300003], [-8653054.4851, 4768478.548600003], [-8653052.9501, 4768476.5424000025], [-8653047.5504, 4768470.903099999], [-8653043.7014, 4768466.480300002], [-8653040.6081, 4768463.652800001], [-8653039.0807, 4768461.251500003], [-8653037.1755, 4768458.052699998], [-8653037.2296, 4768455.287299998], [-8653038.4487, 4768453.335500002], [-8653040.8713, 4768450.2217999995], [-8653042.476, 4768448.672799997], [-8653043.6717, 4768447.906099997], [-8653045.2533, 4768447.542199999], [-8653047.2205, 4768447.581], [-8653049.9591, 4768448.425499998], [-8653054.248, 4768450.486199997], [-8653061.6381, 4768454.979099996], [-8653065.1481, 4768456.629100002], [-8653071.767, 4768460.316500001], [-8653075.2537, 4768463.1516999975], [-8653080.6765, 4768467.605700001], [-8653083.7932, 4768469.248199999], [-8653090.4196, 4768472.5405], [-8653095.8891, 4768474.624300003], [-8653097.3663, 4768475.125200003], [-8653114.3012, 4768455.424099997], [-8653105.4904, 4768449.061300002], [-8653098.3677, 4768443.979500003], [-8653088.9873, 4768436.6215], [-8653084.4865, 4768432.969899997], [-8653077.154, 4768426.437399998], [-8653071.3206, 4768421.8618], [-8653064.9875, 4768417.261], [-8653058.4688, 4768412.512500003], [-8653052.3227, 4768408.163900003], [-8653046.5218, 4768402.911899999], [-8653039.3418, 4768397.251900002], [-8653033.3578, 4768392.644900002], [-8653024.6061, 4768386.2531], [-8653017.82, 4768381.382299997], [-8653012.2106, 4768377.274899997], [-8653008.5073, 4768374.498099998], [-8653004.2805, 4768371.481200002], [-8652998.6013, 4768367.344999999], [-8652992.5934, 4768363.118600003], [-8652979.4681, 4768354.231299996], [-8652975.7503, 4768351.721299998], [-8652969.1902, 4768346.999399997], [-8652961.9227, 4768341.568300001], [-8652953.5621, 4768333.998499997], [-8652949.2362, 4768330.0363000035], [-8652944.0441, 4768325.0913999975], [-8652938.7906, 4768319.9855], [-8652927.4074, 4768309.736000001], [-8652923.3821, 4768305.882399999], [-8652917.3054, 4768298.3499], [-8652909.6642, 4768289.888400003], [-8652902.867, 4768282.309900001], [-8652899.5534, 4768275.197099999], [-8652922.9457, 4768278.578699999], [-8652939.1856, 4768279.352899998], [-8652939.0703, 4768285.2443], [-8652960.2309, 4768288.383000001], [-8652960.3655, 4768282.825400002], [-8652992.261, 4768290.421400003], [-8653002.7152, 4768293.221199997], [-8653046.8251, 4768307.610299997], [-8653055.0671, 4768310.548199996], [-8653063.3944, 4768313.990599997], [-8653076.2149, 4768319.317100003], [-8653111.6022, 4768335.565499999], [-8653132.8151, 4768346.5222999975], [-8653145.2746, 4768354.110399999], [-8653157.055, 4768361.294299997], [-8653168.0844, 4768368.049500003], [-8653179.3547, 4768375.179899998], [-8653195.2309, 4768385.7667], [-8653200.6207, 4768389.379699998], [-8653294.7183, 4768460.943599999], [-8653388.8061, 4768550.661799997], [-8653446.7081, 4768576.990199998], [-8653499.6094, 4768601.044399999], [-8653566.6935, 4768620.7905], [-8653632.8676, 4768640.268399999], [-8653793.6886, 4768656.342699997], [-8653906.8868, 4768667.655599996], [-8653911.0175, 4768669.273699999], [-8653914.8093, 4768670.810800001], [-8653922.8922, 4768674.2553], [-8653928.7743, 4768676.909000002], [-8653938.6151, 4768681.635200001], [-8653949.8927, 4768687.509599999], [-8653960.0906, 4768693.265299998], [-8653970.9397, 4768699.877999999], [-8653981.0486, 4768706.5222999975], [-8653991.5628, 4768713.9617], [-8654001.7631, 4768721.7337], [-8654010.7425, 4768729.063299999], [-8654017.9105, 4768735.2685], [-8654025.8332, 4768742.5207], [-8654032.2646, 4768748.735100001], [-8654041.3561, 4768758.065399997], [-8654048.2937, 4768765.655699998], [-8654164.0271, 4768840.243600003], [-8654261.1412, 4768902.8303999975], [-8654378.8627, 4768978.696199998], [-8654432.588, 4769009.8376], [-8654496.3301, 4769038.302100003], [-8654666.8828, 4769106.362199999], [-8654838.4128, 4769174.809100002], [-8654894.4068, 4769223.608400002], [-8654938.11, 4769240.318499997], [-8654972.8359, 4769271.090300001], [-8655058.5657, 4769360.236599997], [-8655157.3649, 4769435.944200002], [-8655219.514, 4769458.5009], [-8655322.0613, 4769488.565200001], [-8655397.9641, 4769492.023800001], [-8655487.0126, 4769487.438699998], [-8655535.0016, 4769489.165799998], [-8655583.2169, 4769500.503399998], [-8655591.8189, 4769502.526000001], [-8655639.8422, 4769522.828500003], [-8655742.3265, 4769576.6010000035], [-8655868.6202, 4769661.268700004], [-8655969.858, 4769718.571999997], [-8656046.379, 4769751.2848000005], [-8656108.4631, 4769777.392200001], [-8656144.1334, 4769785.200300001], [-8656152.5236, 4769799.1963], [-8656159.0768, 4769805.990099996], [-8656324.2604, 4769977.229199998], [-8656300.6945, 4770116.998499997], [-8656276.7016, 4770259.298699997], [-8656254.8211, 4770324.456200004], [-8656252.3113, 4770319.693400003], [-8656248.5056, 4770312.900200002], [-8656244.7078, 4770305.711800002], [-8656243.5805, 4770302.923], [-8656240.9632, 4770295.757700004], [-8656239.8435, 4770292.573799998], [-8656237.2337, 4770285.013499998], [-8656235.7435, 4770280.636600003], [-8656232.3315, 4770273.8510000035], [-8656230.4479, 4770269.466700003], [-8656227.1121, 4770258.730099998], [-8656224.8957, 4770251.1774], [-8656224.1622, 4770248.396499999], [-8656221.5447, 4770241.230800003], [-8656220.788, 4770239.6351], [-8656218.5719, 4770232.082500003], [-8656217.0968, 4770226.9155], [-8656215.2436, 4770220.950800002], [-8656212.611, 4770214.575499997], [-8656209.5695, 4770208.982900001], [-8656206.4977, 4770204.970899999], [-8656201.4508, 4770201.315200001], [-8656194.4361, 4770197.622000001], [-8656191.3341, 4770195.189999998], [-8656187.4905, 4770190.372400001], [-8656186.3709, 4770187.188699998], [-8656186.0307, 4770184.4152000025], [-8656186.4929, 4770180.866899997], [-8656186.9625, 4770176.923699997], [-8656186.706, 4770169.804300003], [-8656186.0566, 4770162.677199997], [-8656184.5815, 4770157.510499999], [-8656182.3272, 4770151.9331], [-8656180.8067, 4770149.1369], [-8656178.9761, 4770141.986500002], [-8656177.887, 4770137.222900003], [-8656175.2697, 4770130.057300001], [-8656172.2515, 4770123.279600002], [-8656171.4873, 4770122.078900002], [-8656168.0753, 4770115.2936], [-8656166.9327, 4770113.295000002], [-8656163.5286, 4770106.114600003], [-8656164.8743, 4770104.236599997], [-8656161.622, 4770102.915399998], [-8656159.746, 4770098.135899998], [-8656157.0828, 4770093.341300003], [-8656153.2773, 4770086.548100002], [-8656152.5134, 4770085.3477], [-8656146.0831, 4770071.784400001], [-8656142.2777, 4770064.9912], [-8656139.6071, 4770060.591300003], [-8656135.4082, 4770053.790799998], [-8656132.7224, 4770050.181500003], [-8656129.3103, 4770043.395999998], [-8656126.2765, 4770037.4081000015], [-8656122.0626, 4770031.397600003], [-8656120.5266, 4770029.391500004], [-8656115.5331, 4770022.9706000015], [-8656113.2258, 4770020.159100004], [-8656104.8275, 4770006.557400003], [-8656103.2994, 4770004.156199999], [-8656099.0931, 4769997.750799999], [-8656097.1715, 4769995.341700003], [-8656093.366, 4769988.548799999], [-8656091.8376, 4769986.147600003], [-8656087.2225, 4769980.5244999975], [-8656084.9073, 4769978.108000003], [-8656079.0962, 4769973.2522], [-8656075.9865, 4769971.2151999995], [-8656069.7823, 4769966.351800002], [-8656067.8452, 4769964.7333], [-8656062.8289, 4769959.497500002], [-8656060.12, 4769957.073100001], [-8656054.3013, 4769952.612300001], [-8656047.6959, 4769948.136200003], [-8656044.9721, 4769946.502499998], [-8656038.3665, 4769942.026100002], [-8656032.1543, 4769937.557599999], [-8656029.4459, 4769935.133500002], [-8656024.823, 4769929.905199997], [-8656021.0101, 4769923.507299997], [-8656019.4819, 4769921.106399998], [-8656016.456, 4769914.723700002], [-8656013.4455, 4769907.550999999], [-8656010.8512, 4769899.200300001], [-8656009.7164, 4769896.806900002], [-8656006.2816, 4769891.206699997], [-8656001.2806, 4769885.181000002], [-8655998.9885, 4769881.579099998], [-8655996.3558, 4769875.2042], [-8655995.9854, 4769874.011100002], [-8655995.2826, 4769869.649899997], [-8655995.3814, 4769864.513899997], [-8655995.8284, 4769861.755800001], [-8655996.3515, 4769855.0471], [-8655997.6162, 4769850.724299997], [-8655999.7131, 4769844.0458], [-8656000.1449, 4769842.078400001], [-8656002.6508, 4769834.617700003], [-8656004.3011, 4769830.697700001], [-8656007.9643, 4769824.444899999], [-8656012.4226, 4769817.813000001]]], [[[-8646862.8358, 4768266.572700001], [-8646855.826, 4768262.873300001], [-8646848.8082, 4768259.568800002], [-8646847.2507, 4768258.746399999], [-8646839.4222, 4768256.611299999], [-8646832.3885, 4768254.096699998], [-8646829.273, 4768252.452600002], [-8646822.6406, 4768249.551299997], [-8646821.4683, 4768249.132200003], [-8646815.9925, 4768247.439900003], [-8646811.6805, 4768246.561700001], [-8646805.3621, 4768247.618299998], [-8646801.0261, 4768247.925300002], [-8646799.0591, 4768247.884999998], [-8646795.1409, 4768247.014899999], [-8646791.6242, 4768245.757799998], [-8646790.0746, 4768244.540399998], [-8646784.6624, 4768239.688199997], [-8646781.1616, 4768237.640699998], [-8646774.1357, 4768234.731299996], [-8646768.2982, 4768231.4507], [-8646763.6813, 4768226.219499998], [-8646759.8107, 4768222.979000002], [-8646756.3099, 4768220.931999996], [-8646751.2275, 4768219.247500002], [-8646749.6618, 4768218.8204], [-8646741.7692, 4768219.844999999], [-8646736.6387, 4768220.530599996], [-8646733.114, 4768219.6686], [-8646728.8344, 4768217.210100003], [-8646724.2012, 4768212.768600002], [-8646721.9045, 4768209.5603], [-8646718.901, 4768202.386100002], [-8646715.4961, 4768195.598499998], [-8646712.8223, 4768191.592299998], [-8646709.008, 4768185.5867], [-8646707.498, 4768182.394699998], [-8646705.6669, 4768175.639200002], [-8646704.1892, 4768170.866999999], [-8646701.8845, 4768168.053900003], [-8646698.3838, 4768166.0066], [-8646695.2523, 4768165.152400002], [-8646692.5063, 4768164.701099999], [-8646689.7442, 4768165.0402000025], [-8646684.5981, 4768166.515799999], [-8646681.8361, 4768166.854599997], [-8646680.2704, 4768166.427500002], [-8646676.7615, 4768164.775399998], [-8646672.8914, 4768161.534900002], [-8646667.4954, 4768155.8923999965], [-8646664.0344, 4768151.869800001], [-8646660.2122, 4768146.259599999], [-8646658.6945, 4768143.462700002], [-8646655.6832, 4768136.683200002], [-8646654.5667, 4768133.498800002], [-8646652.7517, 4768125.953299999], [-8646650.9044, 4768119.988300003], [-8646648.2304, 4768115.9821000025], [-8646644.0068, 4768110.7588], [-8646639.3738, 4768106.317000002], [-8646633.5363, 4768103.036600001], [-8646628.8714, 4768100.175300002], [-8646625.4186, 4768095.758100003], [-8646621.219, 4768089.3495000005], [-8646619.316, 4768086.149099998], [-8646615.0923, 4768080.925999999], [-8646610.4353, 4768077.669699997], [-8646606.5649, 4768074.429200001], [-8646605.8022, 4768073.228], [-8646602.3896, 4768066.835699998], [-8646599.7875, 4768059.274400003], [-8646597.9003, 4768055.284199998], [-8646593.6527, 4768051.2456], [-8646587.0526, 4768046.764300004], [-8646585.1095, 4768045.539099999], [-8646578.895, 4768041.4602999985], [-8646576.165, 4768040.2192], [-8646568.7539, 4768036.9067], [-8646561.7365, 4768033.601999998], [-8646559.7935, 4768032.376900002], [-8646553.1855, 4768028.2902000025], [-8646546.9547, 4768025.001699999], [-8646543.0527, 4768023.3413999975], [-8646535.6098, 4768021.609099999], [-8646528.9616, 4768019.497299999], [-8646524.6741, 4768017.434], [-8646518.0662, 4768013.347599998], [-8646514.5653, 4768011.300099999], [-8646507.9493, 4768007.608499996], [-8646500.9478, 4768003.513999999], [-8646499.7756, 4768003.094899997], [-8646486.5596, 4767994.921599999], [-8646482.6815, 4767992.076499999], [-8646476.0816, 4767987.594899997], [-8646472.9822, 4767985.160400003], [-8646466.3822, 4767980.678800002], [-8646463.2829, 4767978.244400002], [-8646457.0683, 4767974.165799998], [-8646455.9119, 4767972.956799999], [-8646450.123, 4767967.306599997], [-8646446.2609, 4767963.670699999], [-8646433.928, 4767950.773800001], [-8646430.4352, 4767948.3314], [-8646423.0324, 4767944.623599999], [-8646417.2033, 4767940.948200002], [-8646411.358, 4767938.062600002], [-8646408.6202, 4767937.216300003], [-8646402.3575, 4767935.507600002], [-8646396.898, 4767933.025200002], [-8646393.0199, 4767930.179700002], [-8646390.7153, 4767927.366700001], [-8646386.5239, 4767920.563199997], [-8646383.1273, 4767913.380599998], [-8646381.1924, 4767911.760700002], [-8646373.3802, 4767908.835100003], [-8646369.0767, 4767907.561399996], [-8646362.0514, 4767904.6516999975], [-8646355.4274, 4767901.355300002], [-8646353.1069, 4767899.3320999965], [-8646346.9006, 4767894.858199999], [-8646341.1034, 4767889.602899998], [-8646338.0041, 4767887.1686], [-8646332.5926, 4767882.315899998], [-8646328.7066, 4767879.865400001], [-8646322.8854, 4767875.794799998], [-8646314.7921, 4767867.331100002], [-8646311.3155, 4767864.0988000035], [-8646305.92, 4767858.456], [-8646304.7718, 4767856.852300003], [-8646299.7778, 4767850.8226], [-8646296.3169, 4767846.800300002], [-8646290.9134, 4767841.5528], [-8646289.3718, 4767839.940499999], [-8646285.5019, 4767836.700000003], [-8646282.3864, 4767835.055799998], [-8646274.5503, 4767833.314999998], [-8646272.9848, 4767832.8882], [-8646265.5344, 4767831.549999997], [-8646259.6571, 4767830.244199999], [-8646254.5908, 4767827.770199999], [-8646251.8771, 4767825.738700002], [-8646247.2602, 4767820.507200003], [-8646241.8808, 4767814.0748], [-8646028.6723, 4767493.033], [-8646180.2268, 4767363.074900001], [-8646516.0963, 4767567.406400003], [-8646432.3911, 4767792.092], [-8646662.1565, 4768027.649400003], [-8646852.7493, 4767783.386500001], [-8647056.2124, 4767914.493600003], [-8647079.2979, 4767925.736900002], [-8647159.8963, 4767964.795500003], [-8647244.4297, 4767923.355599999], [-8647320.5925, 4767877.543099999], [-8647376.3294, 4767799.549599998], [-8647398.9651, 4767714.530199997], [-8647442.3424, 4767678.357900001], [-8647556.1614, 4767488.495499998], [-8647613.4886, 4767430.838100001], [-8647743.1257, 4767149.3037], [-8647734.9371, 4767146.6467999965], [-8647802.5502, 4767056.694200002], [-8647990.482, 4766869.001500003], [-8648142.7126, 4766673.357900001], [-8648325.6425, 4766461.696599998], [-8648483.2862, 4766364.507600002], [-8648632.5545, 4766272.308499999], [-8648806.152, 4766061.465899996], [-8649301.9454, 4766543.2228000015], [-8649566.9539, 4766931.634999998], [-8649604.7062, 4766928.569799997], [-8649658.6136, 4766932.8279], [-8649691.952, 4766929.824299999], [-8649669.3578, 4767097.646200001], [-8649586.6971, 4767222.634599999], [-8649508.9615, 4767297.7139], [-8649503.1788, 4767309.351300001], [-8649595.9081, 4767359.856899999], [-8649682.9448, 4767411.776799999], [-8649729.0904, 4767462.349699996], [-8649804.2834, 4767548.048799999], [-8649862.9256, 4767595.465499997], [-8649845.7192, 4767630.351499997], [-8649840.8139, 4767628.949500002], [-8649828.2881, 4767625.537100002], [-8649820.4515, 4767623.799099997], [-8649818.5003, 4767622.969300002], [-8649811.0647, 4767620.8445999995], [-8649809.1057, 4767620.409900002], [-8649801.2616, 4767619.0669], [-8649793.8103, 4767617.731799997], [-8649785.9896, 4767615.203900002], [-8649778.5542, 4767613.078500003], [-8649773.865, 4767611.403800003], [-8649766.4455, 4767608.488799997], [-8649760.9693, 4767606.798199996], [-8649753.9432, 4767603.890900001], [-8649739.9067, 4767597.286600001], [-8649734.4542, 4767594.4113000035], [-8649727.436, 4767591.109099999], [-8649725.0992, 4767589.876400001], [-8649718.0733, 4767586.969300002], [-8649710.2525, 4767584.441500001], [-8649703.2107, 4767582.324100003], [-8649698.9147, 4767580.657200001], [-8649691.8964, 4767577.354699999], [-8649688.002, 4767575.300700001], [-8649681.3929, 4767571.216499999], [-8649676.7272, 4767568.357000001], [-8649669.7169, 4767564.659699999], [-8649666.2078, 4767563.008299999], [-8649658.7962, 4767559.698299997], [-8649652.1715, 4767556.404100001], [-8649645.1532, 4767553.101400003], [-8649640.0864, 4767550.629100002], [-8649633.0603, 4767547.721600004], [-8649629.1576, 4767546.062600002], [-8649622.5094, 4767543.953199998], [-8649617.8045, 4767543.068499997], [-8649611.1245, 4767542.538900003], [-8649605.6091, 4767542.823299997], [-8649602.0685, 4767542.7522], [-8649598.1658, 4767541.093000002], [-8649587.6624, 4767534.954599999], [-8649581.8165, 4767532.071099997], [-8649577.505, 4767531.1941], [-8649570.4553, 4767529.471600004], [-8649567.7252, 4767528.231399998], [-8649553.6886, 4767521.626699999], [-8649549.3854, 4767520.354500003], [-8649541.95, 4767518.229599997], [-8649538.8266, 4767516.981399998], [-8649531.4151, 4767513.6712], [-8649524.4049, 4767509.973700002], [-8649518.1656, 4767507.082199998], [-8649515.0342, 4767506.2289], [-8649507.5833, 4767504.893799998], [-8649505.6163, 4767504.854099996], [-8649497.7562, 4767504.301100001], [-8649490.2817, 4767504.150700003], [-8649483.2085, 4767503.612999998], [-8649478.1179, 4767502.325400002], [-8649474.2156, 4767500.666199997], [-8649468.3855, 4767496.992700003], [-8649467.6067, 4767496.581799999], [-8649463.3345, 4767493.7299000025], [-8649460.636, 4767490.909500003], [-8649458.7872, 4767484.945200004], [-8649456.8911, 4767481.350699998], [-8649453.0284, 4767477.716799997], [-8649446.7734, 4767475.615099996], [-8649438.937, 4767473.877099998], [-8649435.4201, 4767472.620700002], [-8649427.9773, 4767470.890500002], [-8649420.5184, 4767469.950199999], [-8649413.0437, 4767469.799800001], [-8649407.1507, 4767469.2858000025], [-8649406.372, 4767468.875100002], [-8649399.7235, 4767466.7654], [-8649395.4435, 4767464.308399998], [-8649389.2123, 4767461.0217999965], [-8649384.9165, 4767459.3552], [-8649377.4814, 4767457.2299000025], [-8649373.9566, 4767456.3684], [-8649366.5137, 4767454.637800001], [-8649362.5956, 4767453.768600002], [-8649354.7513, 4767452.425399996], [-8649347.3083, 4767450.695200004], [-8649341.0535, 4767448.593599997], [-8649333.6263, 4767446.072899997], [-8649328.1661, 4767443.592299998], [-8649322.6981, 4767441.506499998], [-8649319.1653, 4767441.0402000025], [-8649311.3053, 4767440.486900002], [-8649305.4125, 4767439.972900003], [-8649297.9458, 4767439.427500002], [-8649294.0199, 4767438.953299999], [-8649286.1755, 4767437.610100001], [-8649282.2495, 4767437.135899998], [-8649274.4053, 4767435.792599998], [-8649268.1425, 4767434.0858], [-8649261.4705, 4767433.161200002], [-8649256.7499, 4767433.066399999], [-8649248.8741, 4767433.3028], [-8649241.7852, 4767433.555], [-8649235.892, 4767433.041299999], [-8649227.6704, 4767430.899899997], [-8649222.9732, 4767429.619999997], [-8649215.9395, 4767427.107299998], [-8649213.9962, 4767425.8829], [-8649207.3638, 4767422.983199999], [-8649201.5024, 4767420.8895], [-8649196.0188, 4767419.593599997], [-8649188.9987, 4767418.9772000015], [-8649181.8722, 4767418.518200003], [-8649179.1184, 4767418.462800004], [-8649171.6519, 4767417.917300001], [-8649157.4897, 4767417.631899998], [-8649153.1861, 4767416.359700002], [-8649145.7669, 4767413.444300003], [-8649139.5121, 4767411.342500001], [-8649136.7662, 4767410.891900003], [-8649128.9063, 4767410.3386999965], [-8649124.5789, 4767410.251500003], [-8649116.7191, 4767409.697899997], [-8649111.2036, 4767409.981799997], [-8649103.7211, 4767410.226199999], [-8649097.427, 4767410.099200003], [-8649093.5086, 4767409.2302], [-8649088.8039, 4767408.344899997], [-8649085.6886, 4767406.701499999], [-8649079.5204, 4767400.254900001], [-8649076.8062, 4767398.2245000005], [-8649071.7396, 4767395.751599997], [-8649066.6569, 4767394.068499997], [-8649061.5587, 4767393.175800003], [-8649056.4447, 4767393.072400004], [-8649048.9463, 4767394.106700003], [-8649041.0866, 4767393.553000003], [-8649030.0718, 4767393.331100002], [-8649022.1879, 4767393.962399997], [-8649014.3122, 4767394.198799998], [-8649009.9768, 4767394.506499998], [-8649002.0934, 4767395.137500003], [-8648998.9461, 4767395.074299999], [-8648991.857, 4767395.326700002], [-8648985.1536, 4767395.981700003], [-8648983.9736, 4767395.957800001], [-8648980.0157, 4767397.063500002], [-8648977.6397, 4767397.805799998], [-8648976.0504, 4767398.564000003], [-8648975.2241, 4767400.523199998], [-8648976.2302, 4767409.236500002], [-8648976.9144, 4767414.3873], [-8648976.4815, 4767416.354199998], [-8648974.0816, 4767418.281499997], [-8648969.7227, 4767419.7739999965], [-8648964.1914, 4767420.848200001], [-8648957.8971, 4767420.721199997], [-8648952.7912, 4767420.223099999], [-8648945.3402, 4767418.887400001], [-8648939.0695, 4767417.575499997], [-8648932.8069, 4767415.868600003], [-8648920.3449, 4767409.294699997], [-8648914.8848, 4767406.8138], [-8648910.1878, 4767405.533699997], [-8648903.1146, 4767404.995800003], [-8648895.6402, 4767404.845399998], [-8648891.3209, 4767404.362800002], [-8648883.8384, 4767404.6071000025], [-8648877.1348, 4767405.262199998], [-8648874.3732, 4767405.6017], [-8648867.2446, 4767407.828599997], [-8648864.074, 4767408.950000003], [-8648859.3059, 4767411.224799998], [-8648855.7493, 4767411.9432], [-8648850.2576, 4767411.042099997], [-8648843.2082, 4767409.319200002], [-8648831.4067, 4767409.081100002], [-8648828.2751, 4767408.227600001], [-8648820.8403, 4767406.101800002], [-8648817.3156, 4767405.2403], [-8648812.6184, 4767403.960100003], [-8648809.4715, 4767403.896499999], [-8648807.4965, 4767404.251900002], [-8648800.7613, 4767406.486900002], [-8648796.4103, 4767407.584600002], [-8648791.2803, 4767408.271300003], [-8648786.9532, 4767408.183899999], [-8648785.7809, 4767407.765000001], [-8648780.6904, 4767406.476999998], [-8648775.6318, 4767403.608999997], [-8648770.5888, 4767399.950800002], [-8648768.2759, 4767397.533200003], [-8648765.2159, 4767393.124899998], [-8648762.8874, 4767391.497299999], [-8648759.3782, 4767389.845799997], [-8648753.8867, 4767388.944700003], [-8648751.1328, 4767388.888999999], [-8648743.2492, 4767389.520300001], [-8648738.1273, 4767389.811899997], [-8648730.6369, 4767390.451099999], [-8648726.6871, 4767391.161499999], [-8648719.1812, 4767392.590499997], [-8648711.683, 4767393.624600001], [-8648703.7914, 4767394.650399998], [-8648700.6362, 4767394.9821000025], [-8648693.9249, 4767396.031900004], [-8648687.6069, 4767397.0898], [-8648671.7763, 4767401.511600003], [-8648665.8436, 4767402.972599998], [-8648658.3137, 4767405.5864999965], [-8648652.3733, 4767407.442299999], [-8648644.8434, 4767410.056400001], [-8648640.0911, 4767411.540899999], [-8648632.569, 4767413.7597], [-8648630.9877, 4767414.122900002], [-8648623.4657, 4767416.3418999985], [-8648615.9516, 4767418.1657000035], [-8648608.4216, 4767420.779700004], [-8648601.2852, 4767423.4014], [-8648599.7038, 4767423.764899999], [-8648592.5591, 4767426.781499997], [-8648585.407, 4767430.193300001], [-8648578.6481, 4767433.612899996], [-8648572.2904, 4767436.645800002], [-8648569.5209, 4767437.380099997], [-8648562.0067, 4767439.203900002], [-8648556.4675, 4767440.672600001], [-8648550.9124, 4767442.931100003], [-8648546.5376, 4767445.213799998], [-8648542.9495, 4767447.512100004], [-8648540.9271, 4767450.237099998], [-8648539.29, 4767453.365500003], [-8648537.9596, 4767460.8464], [-8648537.8883, 4767464.401000001], [-8648538.1469, 4767471.123899996], [-8648538.0678, 4767475.073700003], [-8648537.2255, 4767477.822700001], [-8648536.0137, 4767479.378700003], [-8648532.8346, 4767480.895199999], [-8648527.2956, 4767482.363700002], [-8648524.1087, 4767484.2749999985], [-8648520.5208, 4767486.573600002], [-8648518.1207, 4767488.500600003], [-8648515.2958, 4767491.999799997], [-8648514.4613, 4767494.353799999], [-8648514.4374, 4767495.538800001], [-8648517.1122, 4767499.544399999], [-8648518.6383, 4767501.945799999], [-8648519.3932, 4767503.5419000015], [-8648519.3458, 4767505.911899999], [-8648518.9128, 4767507.878799997], [-8648518.0785, 4767510.233000003], [-8648516.4496, 4767512.966200002], [-8648514.4348, 4767515.2962], [-8648512.8374, 4767516.449199997], [-8648511.2481, 4767517.207500003], [-8648510.06, 4767517.578599997], [-8648508.4785, 4767517.9419], [-8648506.5115, 4767517.902099997], [-8648504.5523, 4767517.4673999995], [-8648503.3803, 4767517.048699997], [-8648502.6014, 4767516.637900002], [-8648502.2475, 4767514.654799998], [-8648503.1453, 4767509.140799999], [-8648504.4602, 4767502.4498], [-8648504.13, 4767499.281999998], [-8648502.9893, 4767497.2831000015], [-8648500.2991, 4767494.067599997], [-8648497.9783, 4767492.0449], [-8648495.6498, 4767490.417199999], [-8648492.9116, 4767489.571699999], [-8648489.3791, 4767489.1052], [-8648486.2398, 4767488.646600001], [-8648483.0849, 4767488.977899998], [-8648478.3246, 4767490.857199997], [-8648472.3204, 4767495.873000003], [-8648466.7337, 4767499.7114999965], [-8648459.9587, 4767503.920999996], [-8648457.559, 4767505.8483000025], [-8648445.5509, 4767515.879600003], [-8648444.7483, 4767516.653499998], [-8648440.743, 4767520.128799997], [-8648437.5562, 4767522.040299997], [-8648433.5985, 4767523.1455999985], [-8648426.8949, 4767523.800300002], [-8648421.7411, 4767525.671800002], [-8648414.5965, 4767528.688699998], [-8648412.6137, 4767529.438699998], [-8648405.8863, 4767531.278399996], [-8648401.1416, 4767532.368000001], [-8648393.6354, 4767533.796700001], [-8648389.2924, 4767534.499300003], [-8648381.3848, 4767536.315200001], [-8648377.0336, 4767537.4124], [-8648369.5194, 4767539.236199997], [-8648364.7749, 4767540.3257], [-8648357.2607, 4767542.149599999], [-8648350.5412, 4767543.5942], [-8648343.0427, 4767544.627999999], [-8648341.4613, 4767544.991099998], [-8648333.5774, 4767545.6219], [-8648327.2752, 4767545.8895], [-8648319.3993, 4767546.125399999], [-8648307.5974, 4767545.886600003], [-8648300.8858, 4767546.936499998], [-8648292.9782, 4767548.751999997], [-8648290.2086, 4767549.486299999], [-8648275.1643, 4767553.923600003], [-8648273.1893, 4767554.278800003], [-8648265.6673, 4767556.497500002], [-8648262.9053, 4767556.836599998], [-8648255.0058, 4767558.257399999], [-8648250.6546, 4767559.354699999], [-8648235.5945, 4767564.5823], [-8648234.0128, 4767564.945299998], [-8648226.4749, 4767567.9538], [-8648223.3038, 4767569.075199999], [-8648215.7738, 4767571.688900001], [-8648214.1844, 4767572.446999997], [-8648206.6542, 4767575.060400002], [-8648199.1162, 4767578.069300003], [-8648191.594, 4767580.287900001], [-8648185.2599, 4767582.1351], [-8648178.1312, 4767584.361900002], [-8648172.5998, 4767585.435400002], [-8648165.0856, 4767587.259000003], [-8648161.1435, 4767587.574199997], [-8648154.8254, 4767588.631899998], [-8648150.4741, 4767589.729500003], [-8648143.3294, 4767592.745899998], [-8648136.2007, 4767594.972199999], [-8648128.6785, 4767597.191100001], [-8648122.3522, 4767598.643399999], [-8648114.8379, 4767600.467], [-8648112.8631, 4767600.8222], [-8648105.7344, 4767603.048900001], [-8648099.0147, 4767604.493199997], [-8648091.5163, 4767605.526799999], [-8648085.5837, 4767606.987300001], [-8648079.2495, 4767608.8345], [-8648073.6943, 4767611.093000002], [-8648071.2942, 4767613.0200999975], [-8648066.4542, 4767618.8495000005], [-8648061.2129, 4767625.065800004], [-8648058.7969, 4767627.783], [-8648053.1783, 4767633.201200001], [-8648047.1662, 4767638.6118], [-8648043.9634, 4767641.312799998], [-8648031.923, 4767652.923299998], [-8648025.9108, 4767658.333700001], [-8648024.3055, 4767659.881999999], [-8648017.9159, 4767664.4943], [-8648015.5236, 4767666.0264], [-8648009.1497, 4767669.8488000035], [-8648003.5787, 4767672.897200003], [-8647996.4259, 4767676.308799997], [-8647995.23, 4767677.074500002], [-8647988.4703, 4767680.494199999], [-8647983.2847, 4767683.945699997], [-8647976.895, 4767688.557899997], [-8647970.9304, 4767691.5983000025], [-8647964.1711, 4767695.0176], [-8647962.5816, 4767695.775799997], [-8647956.2076, 4767699.598099999], [-8647953.414, 4767701.517200001], [-8647947.0164, 4767706.524599999], [-8647943.8215, 4767708.830799997], [-8647937.8252, 4767713.451200001], [-8647935.8341, 4767714.5964], [-8647929.4524, 4767718.813699998], [-8647925.8641, 4767721.111699998], [-8647919.8757, 4767725.337300003], [-8647915.107, 4767727.611400001], [-8647909.5359, 4767730.659900002], [-8647906.7343, 4767732.973899998], [-8647901.1152, 4767738.391999997], [-8647899.9035, 4767739.948299997], [-8647895.0793, 4767744.9877], [-8647893.0566, 4767747.712300003], [-8647889.3728, 4767754.7509], [-8647885.6973, 4767761.393700004], [-8647882.864, 4767765.2880000025], [-8647878.0158, 4767771.512100004], [-8647874.7812, 4767775.793499999], [-8647869.5477, 4767781.614799999], [-8647858.7112, 4767792.064400002], [-8647854.2563, 4767798.296599999], [-8647850.1872, 4767804.931699999], [-8647848.9755, 4767806.4881], [-8647845.2995, 4767813.130900003], [-8647843.2768, 4767815.8561], [-8647838.4288, 4767822.0803999975], [-8647837.2248, 4767823.241300002], [-8647831.5978, 4767829.054899998], [-8647826.7656, 4767834.489], [-8647821.9016, 4767841.503300004], [-8647819.0684, 4767845.3972999975], [-8647814.6054, 4767852.024700001], [-8647808.1199, 4767861.376900002], [-8647806.8925, 4767863.722900003], [-8647803.6021, 4767870.769299999], [-8647802.3821, 4767872.720399998], [-8647798.706, 4767879.363700002], [-8647794.6448, 4767885.6039], [-8647792.2206, 4767888.715999998], [-8647786.9871, 4767894.536899999], [-8647782.9577, 4767899.197400004], [-8647777.3385, 4767904.615599997], [-8647774.9226, 4767907.332800001], [-8647769.6887, 4767913.154100001], [-8647764.4633, 4767918.580700003], [-8647760.4495, 4767922.450599998], [-8647754.8228, 4767928.263999999], [-8647754.0197, 4767929.038099997], [-8647748.3926, 4767934.851400003], [-8647743.9696, 4767939.503700003], [-8647738.7361, 4767945.325099997], [-8647737.9413, 4767945.704099998], [-8647732.3142, 4767951.517300002], [-8647728.2927, 4767955.782300003], [-8647723.0591, 4767961.603799999], [-8647720.2413, 4767964.707999997], [-8647715.3931, 4767970.9322], [-8647713.3786, 4767973.262400001], [-8647708.5623, 4767977.906499997], [-8647704.9656, 4767980.5999], [-8647698.1981, 4767984.414099999], [-8647695.0189, 4767985.930200003], [-8647688.6526, 4767989.357799999], [-8647687.063, 4767990.115800001], [-8647680.6731, 4767994.728100002], [-8647677.8791, 4767996.647399999], [-8647671.8746, 4768001.6624], [-8647665.862, 4768007.072700001], [-8647663.4619, 4768008.999899998], [-8647657.8507, 4768014.023400001], [-8647655.8436, 4768015.958400004], [-8647650.6098, 4768021.779700004], [-8647647.7926, 4768024.883699998], [-8647642.1654, 4768030.697099999], [-8647635.3419, 4768037.276500002], [-8647629.3293, 4768042.686800003], [-8647626.1183, 4768045.783], [-8647619.728, 4768050.3950999975], [-8647613.7394, 4768054.620700002], [-8647606.9638, 4768058.8298999965], [-8647603.7685, 4768061.136], [-8647597.3863, 4768065.3532000035], [-8647591.3817, 4768070.368699998], [-8647588.5641, 4768073.472900003], [-8647583.9521, 4768079.434699997], [-8647579.7099, 4768083.172399998], [-8647575.2947, 4768087.429399997], [-8647570.061, 4768093.250799999], [-8647567.6446, 4768095.9679000005], [-8647562.7964, 4768102.192199998], [-8647559.5695, 4768106.078299999], [-8647554.721, 4768112.302699998], [-8647552.7063, 4768114.6329], [-8647547.8578, 4768120.8571000025], [-8647546.2442, 4768122.800300002], [-8647541.7893, 4768129.0326000005], [-8647539.357, 4768132.5397000015], [-8647535.689, 4768138.7880000025], [-8647533.6261, 4768143.487999998], [-8647531.1701, 4768148.180399999], [-8647527.1485, 4768152.445799999], [-8647522.757, 4768155.5178999975], [-8647520.3727, 4768156.655100003], [-8647512.842, 4768159.268399999], [-8647506.5076, 4768161.1153], [-8647499.3779, 4768163.341300003], [-8647495.0105, 4768165.228799999], [-8647487.8493, 4768169.035099998], [-8647485.4652, 4768170.171899997], [-8647479.0985, 4768173.599399999], [-8647475.1325, 4768175.099399999], [-8647467.6178, 4768176.922899999], [-8647464.848, 4768177.656499997], [-8647458.1278, 4768179.101099998], [-8647454.5551, 4768180.608900003], [-8647448.6061, 4768182.859099999], [-8647443.8612, 4768183.948600002], [-8647436.7636, 4768184.5942], [-8647423.3873, 4768184.322700001], [-8647415.8964, 4768184.960600004], [-8647412.3476, 4768185.283799998], [-8647405.234, 4768186.7201000005], [-8647399.7179, 4768187.0031], [-8647391.8497, 4768186.843000002], [-8647389.4813, 4768187.1906], [-8647381.6052, 4768187.425099999], [-8647376.8759, 4768187.724399999], [-8647368.9756, 4768189.144299999], [-8647365.0334, 4768189.4595], [-8647357.1329, 4768190.879699998], [-8647354.3713, 4768191.218699999], [-8647346.8642, 4768192.646499999], [-8647343.3076, 4768193.364799999], [-8647335.7926, 4768195.187799998], [-8647331.4411, 4768196.284999996], [-8647323.9263, 4768198.108000003], [-8647321.5498, 4768198.8500000015], [-8647314.0267, 4768201.068099998], [-8647311.6502, 4768201.810099997], [-8647304.1356, 4768203.633199997], [-8647296.6126, 4768205.851499997], [-8647292.6546, 4768206.956600003], [-8647285.5253, 4768209.182300001], [-8647282.3695, 4768209.513700001], [-8647275.2644, 4768210.5546], [-8647273.2892, 4768210.909699999], [-8647265.4207, 4768210.749499999], [-8647257.5443, 4768210.984300002], [-8647252.4218, 4768211.275200002], [-8647244.931, 4768211.913599998], [-8647239.4072, 4768212.591499999], [-8647231.9002, 4768214.019400001], [-8647229.9249, 4768214.374399997], [-8647222.8036, 4768216.205700003], [-8647217.2478, 4768218.463799998], [-8647210.0943, 4768221.874399997], [-8647204.5465, 4768223.737499997], [-8647199.7936, 4768225.2217999995], [-8647192.6402, 4768228.632799998], [-8647185.5028, 4768231.253799997], [-8647174.4311, 4768233.794699997], [-8647171.6611, 4768234.5286], [-8647164.1382, 4768236.746799998], [-8647157.8115, 4768238.198700003], [-8647150.3048, 4768239.626599997], [-8647148.3293, 4768239.9815], [-8647140.437, 4768241.006899998], [-8647132.5527, 4768241.636600003], [-8647128.209, 4768242.338500001], [-8647120.3246, 4768242.9684000015], [-8647115.9888, 4768243.275300004], [-8647108.4979, 4768243.913099997], [-8647106.1373, 4768243.865099996], [-8647098.6701, 4768243.318000004], [-8647092.3675, 4768243.585199997], [-8647086.8437, 4768244.262900002], [-8647084.8685, 4768244.617700003], [-8647083.6804, 4768244.988600001], [-8647082.0906, 4768245.746799998], [-8647081.6732, 4768246.923799999], [-8647082.7818, 4768250.502999999], [-8647084.6771, 4768254.0983000025], [-8647085.0463, 4768255.291199997], [-8647085.0227, 4768256.476199999], [-8647084.204, 4768258.040399998], [-8647082.9837, 4768259.991400003], [-8647080.5831, 4768261.918399997], [-8647075.8063, 4768264.587399997], [-8647070.2346, 4768267.635499999], [-8647067.4648, 4768268.369400002], [-8647060.7367, 4768270.208400004], [-8647057.5811, 4768270.5392], [-8647049.6967, 4768271.169200003], [-8647046.1398, 4768271.887100004], [-8647038.6488, 4768272.524700001], [-8647031.9525, 4768272.783799998], [-8647028.8133, 4768272.324500002], [-8647021.378, 4768270.197300002], [-8647015.0992, 4768269.279299997], [-8647007.2068, 4768270.303800002], [-8647001.6909, 4768270.5867], [-8646996.199, 4768269.684500001], [-8646988.7636, 4768267.557499997], [-8646984.444, 4768267.074199997], [-8646979.3375, 4768266.575000003], [-8646977.3704, 4768266.534900002], [-8646970.6501, 4768267.979199998], [-8646962.7337, 4768270.1888], [-8646959.5623, 4768271.309699997], [-8646952.4327, 4768273.5353000015], [-8646945.3193, 4768274.971199997], [-8646941.7706, 4768275.294200003], [-8646926.0175, 4768275.763599999], [-8646924.0504, 4768275.723499998], [-8646916.174, 4768275.958400004], [-8646910.2645, 4768276.233099997], [-8646902.7816, 4768276.4758], [-8646898.855, 4768276.000600003], [-8646891.404, 4768274.6633], [-8646879.6493, 4768272.052500002], [-8646872.5995, 4768270.328199998], [-8646871.0418, 4768269.506099999], [-8646862.8358, 4768266.572700001]]], [[[-8657930.4744, 4767025.501800001], [-8657926.6895, 4766992.4868], [-8657922.2232, 4766953.525899999], [-8657891.2252, 4766896.2324], [-8657859.4558, 4766836.523199998], [-8657822.5976, 4766760.943499997], [-8657805.4401, 4766727.916100003], [-8657799.4915, 4766687.691200003], [-8657788.7385, 4766611.549999997], [-8657796.1172, 4766572.270800002], [-8657804.624, 4766533.822300002], [-8657816.7162, 4766494.938900001], [-8658036.113, 4766033.4023], [-8658054.2217, 4765989.237899996], [-8658079.8834, 4765940.164800003], [-8658080.0276, 4765939.861299999], [-8658085.8413, 4765928.199600004], [-8658092.047, 4765916.743600003], [-8658098.6381, 4765905.505800001], [-8658105.606, 4765894.500699997], [-8658105.6505, 4765894.433200002], [-8658113.0178, 4765883.693000004], [-8658120.7452, 4765873.211199999], [-8658128.8235, 4765862.999700002], [-8658139.1853, 4765853.421999998], [-8658146.4121, 4765844.9711000025], [-8658162.681, 4765825.946699999], [-8658189.0897, 4765795.4684000015], [-8658216.3471, 4765765.421300001], [-8658246.6402, 4765731.013599999], [-8658276.0499, 4765698.359099999], [-8658288.4417, 4765684.150200002], [-8658310.3144, 4765658.523800001], [-8658340.5091, 4765626.237599999], [-8658378.4167, 4765585.703400001], [-8658388.0968, 4765575.767999999], [-8658414.0192, 4765548.461199999], [-8658441.9553, 4765517.430200003], [-8658469.8914, 4765486.3989999965], [-8658495.9258, 4765457.479999997], [-8658525.7628, 4765424.336599998], [-8658555.7693, 4765390.844999999], [-8658581.449, 4765360.332400002], [-8658591.5775, 4765349.259400003], [-8658600.5222, 4765338.319899999], [-8658609.1169, 4765327.100599997], [-8658617.3528, 4765315.613499999], [-8658625.2219, 4765303.869800001], [-8658632.716, 4765291.881399997], [-8658639.8278, 4765279.660499997], [-8658646.5497, 4765267.219499998], [-8658652.8754, 4765254.570299998], [-8658658.7985, 4765241.726499997], [-8658664.3129, 4765228.700400002], [-8658670.913, 4765214.316600002], [-8658687.5999, 4765178.479699999], [-8658699.7414, 4765145.497299999], [-8658712.3724, 4765111.185900003], [-8658727.2806, 4765070.688500002], [-8658740.7389, 4765034.129299998], [-8658756.102, 4764992.395000003], [-8658769.2646, 4764956.639399998], [-8658782.8921, 4764919.620200001], [-8658796.8174, 4764881.7914], [-8658811.0583, 4764843.105700001], [-8658824.2585, 4764807.2465], [-8658838.3865, 4764768.866599999], [-8658852.1852, 4764731.381300002], [-8658867.2468, 4764690.465300001], [-8658876.9745, 4764651.911700003], [-8658885.8966, 4764624.689900003], [-8658896.282, 4764591.629699998], [-8658919.9709, 4764515.062299997], [-8658921.7035, 4764509.587700002], [-8658922.4005, 4764505.521899998], [-8658922.7623, 4764502.1701000035], [-8658922.9129, 4764496.235600002], [-8658922.6571, 4764491.435199998], [-8658922.4191, 4764489.392499998], [-8658922.1111, 4764487.359700002], [-8658921.7337, 4764485.338399999], [-8658921.2876, 4764483.3314], [-8658920.7734, 4764481.340999998], [-8658920.1915, 4764479.3693], [-8658919.5424, 4764477.418899998], [-8658918.8272, 4764475.4921], [-8658918.0461, 4764473.591200002], [-8658917.2011, 4764471.718000002], [-8658916.2925, 4764469.875], [-8658915.3214, 4764468.064599998], [-8658914.289, 4764466.288599998], [-8658913.1965, 4764464.549000002], [-8658912.0452, 4764462.848200001], [-8658910.8365, 4764461.188199997], [-8658909.572, 4764459.570699997], [-8658908.2529, 4764457.997699998], [-8658906.8807, 4764456.470899999], [-8658905.8859, 4764455.427199997], [-8658901.9176, 4764451.085900001], [-8658867.245, 4764421.606399998], [-8658833.6782, 4764395.450300001], [-8658831.1124, 4764394.101899996], [-8658825.4921, 4764389.156999998], [-8658820.5593, 4764384.506399997], [-8658816.0104, 4764379.928800002], [-8658811.6503, 4764375.251000002], [-8658807.0146, 4764369.913599998], [-8658803.4226, 4764365.5308], [-8658798.937, 4764359.627599999], [-8658794.9732, 4764354.018700004], [-8658791.5991, 4764348.929200001], [-8658791.3554, 4764348.548600003], [-8658788.6805, 4764345.099200003], [-8658831.2407, 4764362.835600004], [-8658877.0918, 4764379.977799997], [-8658922.9438, 4764397.119900003], [-8658972.0917, 4764413.7038], [-8658934.1798, 4764379.5154], [-8658893.2791, 4764344.9252], [-8658866.2679, 4764328.395300001], [-8658861.3325, 4764325.7311], [-8658819.541, 4764301.876199998], [-8658770.4398, 4764278.841200002], [-8658757.9105, 4764272.987300001], [-8658754.9181, 4764271.665899999], [-8658749.265, 4764269.380999997], [-8658748.216, 4764267.452799998], [-8658771.5809, 4764272.633500002], [-8658792.4291, 4764208.6941], [-8658843.8332, 4764234.538199998], [-8658840.5668, 4764240.7958], [-8658889.0699, 4764255.551700003], [-8658904.1061, 4764209.007700004], [-8658920.9854, 4764153.903499998], [-8658870.2814, 4764135.1241], [-8658894.0893, 4764099.129699998], [-8658922.7843, 4764050.4147000015], [-8658943.6953, 4764079.328000002], [-8658975.1824, 4764114.571699999], [-8659000.9122, 4764145.355499998], [-8659026.6421, 4764176.138899997], [-8659052.3722, 4764206.922499999], [-8659103.8327, 4764268.489500001], [-8659308.6927, 4764512.229999997], [-8659562.2274, 4763932.198399998], [-8659605.4505, 4763947.4553999975], [-8659618.8727, 4763952.1932], [-8659628.9326, 4763954.972599998], [-8659639.2693, 4763959.1686], [-8659649.4778, 4763963.669399999], [-8659660.7716, 4763969.101099998], [-8659665.6483, 4763971.617600001], [-8659672.8617, 4763975.467100002], [-8659679.2974, 4763979.033299997], [-8659688.9067, 4763984.7359], [-8659695.3611, 4763988.8292], [-8659698.3881, 4763990.749899998], [-8659707.6227, 4763997.0229], [-8659716.7034, 4764003.080700003], [-8659725.9796, 4764009.423100002], [-8659736.5635, 4764016.835500002], [-8659733.9124, 4764020.126400001], [-8659740.1316, 4764024.841799997], [-8659748.5191, 4764033.2114999965], [-8659758.9912, 4764044.313900001], [-8659766.781, 4764052.640600003], [-8659772.4899, 4764059.0053], [-8659776.257, 4764063.557499997], [-8659779.2412, 4764067.163400002], [-8659787.7138, 4764077.633100003], [-8659795.0554, 4764087.683899999], [-8659801.3686, 4764097.103600003], [-8659804.107, 4764100.935999997], [-8659808.5914, 4764107.212099999], [-8659813.6907, 4764114.824900001], [-8659818.9147, 4764122.668099999], [-8659824.4497, 4764131.465000004], [-8659828.4156, 4764138.0823], [-8659831.5378, 4764143.514899999], [-8659838.0995, 4764155.560900003], [-8659842.1574, 4764162.997299999], [-8659846.0831, 4764171.777000003], [-8659849.6472, 4764170.7311], [-8659852.0849, 4764177.549900003], [-8659854.4644, 4764184.8505000025], [-8659858.117, 4764198.267800003], [-8659861.4097, 4764213.523199998], [-8659863.8492, 4764224.650799997], [-8659864.8889, 4764230.234300002], [-8659865.9275, 4764235.810900003], [-8659867.6722, 4764247.028700002], [-8659869.0821, 4764258.293799996], [-8659870.633, 4764273.5151999965], [-8659871.0031, 4764276.5419000015], [-8659871.4348, 4764280.070799999], [-8659872.6719, 4764292.307800002], [-8659873.4073, 4764305.575199999], [-8659873.6022, 4764318.917999998], [-8659873.5073, 4764327.9142], [-8659873.3768, 4764340.4624999985], [-8659873.1472, 4764362.541699998], [-8659872.2413, 4764449.681699999], [-8659871.5535, 4764479.8367], [-8659870.4738, 4764495.8257], [-8659869.7975, 4764509.857500002], [-8659868.7691, 4764523.868199997], [-8659867.392, 4764537.808700003], [-8659865.6654, 4764551.709600002], [-8659863.5903, 4764565.5625], [-8659861.1683, 4764579.3587], [-8659858.4006, 4764593.0889], [-8659855.2894, 4764606.744800001], [-8659851.836, 4764620.317699999], [-8659848.0434, 4764633.799000002], [-8659843.9133, 4764647.180100001], [-8659839.4488, 4764660.452299997], [-8659834.6525, 4764673.6074], [-8659829.5277, 4764686.6369], [-8659824.795, 4764697.8345], [-8659818.3048, 4764712.286399998], [-8659814.7347, 4764720.7651999965], [-8659813.6178, 4764723.4177], [-8659815.5116, 4764723.3352999985], [-8659797.7858, 4764755.8352999985], [-8659791.6454, 4764766.994800001], [-8659778.5402, 4764786.134099998], [-8659766.6075, 4764803.445799999], [-8659755.0657, 4764820.907700002], [-8659730.0662, 4764852.687200002], [-8659699.2057, 4764892.551299997], [-8659679.0304, 4764915.789099999], [-8659679.69, 4764916.279700004], [-8659672.24, 4764925.935599998], [-8659661.4025, 4764939.981600001], [-8659650.3798, 4764958.3571000025], [-8659637.8703, 4764980.006399997], [-8659627.8088, 4764996.8697], [-8659617.9066, 4765018.161700003], [-8659611.605, 4765035.185000002], [-8659605.4219, 4765050.7927], [-8659599.3014, 4765068.434500001], [-8659593.7416, 4765085.477499999], [-8659589.3754, 4765103.6467999965], [-8659582.7535, 4765132.802900001], [-8659580.7066, 4765142.725199997], [-8659572.4459, 4765184.509099998], [-8659565.6755, 4765217.406099997], [-8659556.8731, 4765262.017099999], [-8659549.1427, 4765302.688500002], [-8659541.3407, 4765341.0352], [-8659533.6012, 4765381.4164], [-8659525.7456, 4765418.019900002], [-8659517.4984, 4765460.744000003], [-8659509.7112, 4765497.191799998], [-8659499.9635, 4765539.898599997], [-8659493.9749, 4765569.3500000015], [-8659490.7495, 4765568.861199997], [-8658988.1441, 4765480.087899998], [-8658647.0887, 4766674.202799998], [-8658717.6349, 4766647.899700001], [-8658687.9103, 4767030.984200001], [-8658673.3627, 4767030.309600003], [-8658582.0492, 4767072.414499998], [-8658505.7343, 4767091.494800001], [-8658338.0876, 4767145.076300003], [-8658208.094, 4767163.243900001], [-8658099.9716, 4767168.985200003], [-8658031.2096, 4767170.082699999], [-8657943.521, 4767162.143700004], [-8657906.301, 4767157.797499999], [-8657933.6154, 4767067.0502], [-8657930.4744, 4767025.501800001]]], [[[-8656165.3619, 4769766.247000001], [-8656082.9109, 4769714.448899999], [-8656031.169, 4769703.165899999], [-8655931.7029, 4769635.622299999], [-8655912.2936, 4769606.5493], [-8655874.893, 4769589.307899997], [-8655868.1405, 4769563.723099999], [-8655850.7604, 4769560.3112], [-8655749.7498, 4769499.7102999985], [-8655588.6468, 4769442.239100002], [-8655504.4714, 4769454.828199998], [-8655357.038, 4769455.9016999975], [-8655259.4998, 4769441.571699999], [-8655185.9757, 4769401.736599997], [-8655100.0589, 4769336.241700001], [-8655035.7072, 4769264.968900003], [-8654947.1587, 4769188.122400001], [-8654749.9836, 4769090.524800003], [-8654594.2432, 4769028.180600002], [-8654460.4723, 4768969.661200002], [-8654393.2169, 4768926.549500003], [-8654222.9784, 4768814.6043], [-8654197.2164, 4768797.8917], [-8654019.5227, 4768682.6127], [-8653923.3841, 4768652.490900002], [-8653836.959, 4768638.934900001], [-8653737.9853, 4768629.564999998], [-8653635.8531, 4768615.895800002], [-8653629.9014, 4768615.099100001], [-8653556.6918, 4768595.021499999], [-8653494.7075, 4768569.520499997], [-8653444.1724, 4768537.218199998], [-8653532.0249, 4768553.176700003], [-8653535.9164, 4768535.321900003], [-8653645.7475, 4768553.5419000015], [-8653747.7574, 4768570.463299997], [-8653969.7947, 4768607.472000003], [-8654207.8009, 4768657.786700003], [-8654219.1626, 4768668.945500001], [-8654238.7558, 4768688.1884], [-8654269.131, 4768718.0205999985], [-8654289.7794, 4768738.299500003], [-8654308.9467, 4768757.124300003], [-8654347.1303, 4768794.624799997], [-8654372.1684, 4768819.214299999], [-8654431.0877, 4768853.0239999965], [-8654537.0584, 4768917.447400004], [-8654607.0816, 4768948.685500003], [-8654663.5497, 4768960.862800002], [-8654665.7307, 4768948.581100002], [-8654688.6383, 4768846.1096], [-8654757.5703, 4768862.4617], [-8654734.8211, 4768964.248899996], [-8654732.2996, 4768975.687600002], [-8654857.8632, 4769002.762800001], [-8654849.9466, 4769039.928000003], [-8654861.5187, 4769042.380000003], [-8654917.2591, 4769090.349100001], [-8654965.5838, 4769173.446699999], [-8655009.6929, 4769202.706299998], [-8655066.4084, 4769247.104599997], [-8655118.5998, 4769312.9507], [-8655179.4605, 4769338.817100003], [-8655232.7434, 4769349.692100003], [-8655248.2696, 4769349.904100001], [-8655320.3875, 4769353.041199997], [-8655386.2442, 4769368.3330999985], [-8655463.0104, 4769344.154799998], [-8655545.9445, 4769296.116999999], [-8655602.4658, 4769270.009900004], [-8655604.5549, 4769218.373099998], [-8655611.6765, 4769219.8719], [-8655710.3175, 4769209.2742], [-8655714.0518, 4769300.439599998], [-8655762.8908, 4769329.934], [-8655780.5253, 4769372.8379999995], [-8655811.965, 4769400.825000003], [-8655865.5795, 4769384.033], [-8656087.9337, 4768912.2924000025], [-8656127.2303, 4768829.134900004], [-8656154.8116, 4768731.069499999], [-8656257.8007, 4768547.884099998], [-8656169.2917, 4768486.401000001], [-8656131.2849, 4768534.0271999985], [-8656080.7225, 4768449.307899997], [-8656224.0822, 4768157.437399998], [-8655946.4625, 4767806.084399998], [-8656010.586, 4767762.146499999], [-8656024.7969, 4767752.409100004], [-8656603.791, 4767355.648699999], [-8656645.3411, 4767336.581200004], [-8656694.9888, 4767318.8352999985], [-8656948.6487, 4767351.347599998], [-8656869.1977, 4767505.436700001], [-8656857.6563, 4767499.4706000015], [-8656821.6091, 4767573.058499999], [-8656824.5088, 4767567.885600001], [-8657214.2011, 4767761.154299997], [-8657230.0732, 4767726.371600002], [-8657236.7835, 4767729.452100001], [-8657243.924, 4767714.7958], [-8657264.419, 4767713.2163999975], [-8657294.3781, 4767655.883599997], [-8657316.6844, 4767614.6499999985], [-8657355.4219, 4767593.846299998], [-8657405.6387, 4767567.3807], [-8657479.2527, 4767530.860600002], [-8657595.0264, 4767485.312799998], [-8657672.4363, 4767455.4705], [-8657748.4741, 4767426.2092999965], [-8657762.8213, 4767405.089500003], [-8657797.8251, 4767388.733099997], [-8657820.8724, 4767344.627400003], [-8657838.2487, 4767300.312600002], [-8657877.7, 4767254.052500002], [-8658054.6746, 4767280.775600001], [-8658195.9857, 4767279.1499999985], [-8658223.2277, 4767274.537600003], [-8658179.8025, 4767508.412100002], [-8658185.9989, 4767513.668099999], [-8658523.9918, 4767517.006999999], [-8658625.5173, 4767207.592], [-8658640.7693, 4767212.626400001], [-8658545.8151, 4767487.000699997], [-8658242.8275, 4768371.461400002], [-8658305.786, 4768382.155599996], [-8657991.3503, 4769199.552100003], [-8657531.6254, 4769086.005099997], [-8657060.1659, 4768973.3543], [-8657119.7555, 4768828.704400003], [-8657117.8419, 4768823.432999998], [-8656808.8592, 4768717.159500003], [-8656783.6608, 4768707.239100002], [-8656797.4576, 4768671.557800002], [-8656818.8214, 4768624.656000003], [-8656645.3763, 4768558.950099997], [-8656604.844, 4768666.809100002], [-8656455.6446, 4768576.540299997], [-8656428.6095, 4768647.939900003], [-8656731.0203, 4768845.324699998], [-8656675.4411, 4768972.290100001], [-8656674.4061, 4768974.4991], [-8656619.5751, 4769092.4903], [-8656606.0721, 4769120.330300003], [-8656535.7451, 4769253.727799997], [-8656499.4445, 4769322.582999997], [-8656463.4915, 4769390.317500003], [-8656437.3609, 4769439.5462], [-8656414.329, 4769490.872400001], [-8656409.9756, 4769512.524899997], [-8656396.6255, 4769540.954300001], [-8656381.653, 4769572.838500001], [-8656372.3137, 4769587.6756], [-8656334.7883, 4769655.715499997], [-8656287.976, 4769735.826899998], [-8656279.2506, 4769739.214500003], [-8656263.4805, 4769740.488799997], [-8656223.7992, 4769736.555699997], [-8656165.3619, 4769766.247000001]], [[-8657211.5876, 4767766.881800003], [-8656838.8905, 4767581.647699997], [-8656799.6685, 4767667.919100001], [-8657176.2708, 4767843.5830999985], [-8657207.59, 4767775.6428999975], [-8657211.5876, 4767766.881800003]]], [[[-8651369.9001, 4771082.415799998], [-8650417.4947, 4770730.852600001], [-8650564.8821, 4770399.072999999], [-8650674.5705, 4770439.638899997], [-8650698.3929, 4770386.052199997], [-8650591.7308, 4770346.215999998], [-8650662.1152, 4770186.3972999975], [-8650779.0723, 4770228.566799998], [-8650857.527, 4770067.439599998], [-8650773.9109, 4769982.3455], [-8650838.4781, 4769839.010799997], [-8650945.5765, 4769878.615199998], [-8650969.903, 4769824.609300002], [-8650862.8053, 4769785.0053], [-8650877.4015, 4769752.6022000015], [-8651041.8889, 4769813.4278], [-8651045.458, 4769729.733499996], [-8651020.4563, 4769720.488399997], [-8651080.148, 4769553.730700001], [-8650986.3103, 4769519.031199999], [-8651109.4063, 4769171.9750000015], [-8651209.7036, 4769210.633100003], [-8651230.8262, 4769151.076800004], [-8651130.5297, 4769112.419], [-8651215.6137, 4768872.523699999], [-8651158.996, 4768692.400600001], [-8651161.3618, 4768587.824600004], [-8651144.3326, 4768525.247299999], [-8651121.2478, 4768488.9794000015], [-8651293.9426, 4768440.786600001], [-8651305.8263, 4768335.250299998], [-8651513.1782, 4768275.812799998], [-8651707.4877, 4768240.117600001], [-8651799.8402, 4768240.383400001], [-8651868.453, 4768254.750799999], [-8652024.722, 4768224.573899999], [-8652068.1842, 4768225.144000001], [-8652139.4766, 4768226.811300002], [-8652153.804, 4768227.426899999], [-8652198.0105, 4768229.325999998], [-8652242.2172, 4768231.2245000005], [-8652277.149, 4768232.724699996], [-8652286.4238, 4768233.123000003], [-8652289.0585, 4768233.970200002], [-8652346.9389, 4768240.023599997], [-8652383.4211, 4768249.472599998], [-8652413.2677, 4768258.807400003], [-8652432.0563, 4768249.985699996], [-8652440.454, 4768267.3103], [-8652441.1547, 4768267.529299997], [-8652518.8528, 4768420.156800002], [-8652575.8546, 4768522.185599998], [-8652577.8581, 4768525.771499999], [-8652619.2316, 4768568.007200003], [-8652673.9633, 4768623.879100002], [-8652749.2425, 4768700.727600001], [-8652903.9501, 4768858.661700003], [-8652909.4663, 4768864.292999998], [-8652935.9765, 4768882.534400001], [-8653076.7216, 4768979.379100002], [-8653116.9933, 4769007.0898], [-8653237.2495, 4769089.837399997], [-8653279.8704, 4769115.7936], [-8653398.783, 4769188.211199999], [-8653487.2643, 4769282.776100002], [-8653494.1246, 4769290.108000003], [-8653497.3293, 4769293.533200003], [-8653501.0958, 4769297.9472], [-8653371.5893, 4769460.3134], [-8653169.1739, 4769714.0934000015], [-8653151.2273, 4769736.5940999985], [-8652979.201, 4769739.638899997], [-8652700.3051, 4769516.299900003], [-8652624.59, 4769802.825400002], [-8652602.7289, 4769835.683499999], [-8652534.3311, 4769796.576099999], [-8652388.7075, 4770015.449600004], [-8652461.2478, 4770268.519100003], [-8652535.8246, 4770293.805500001], [-8652575.2247, 4770431.252400003], [-8652505.513, 4770638.514700003], [-8652820.7007, 4770755.006899998], [-8652820.605, 4770780.134300001], [-8652820.2517, 4770796.951200001], [-8652819.829, 4770817.068000004], [-8652806.6839, 4770857.3488000035], [-8652723.5281, 4770897.425499998], [-8652663.0134, 4770956.733499996], [-8652635.7686, 4771002.726800002], [-8652629.6364, 4770999.576899998], [-8652573.969, 4770979.828699999], [-8652515.0016, 4771154.476300001], [-8652350.4388, 4771094.25], [-8652174.8886, 4771379.880800001], [-8651369.9001, 4771082.415799998]]], [[[-8653014.7223, 4768276.668300003], [-8652998.9345, 4768272.1521999985], [-8652997.9321, 4768275.973099999], [-8652982.5731, 4768272.0163], [-8652967.1165, 4768268.462399997], [-8652951.5731, 4768265.314099997], [-8652953.4554, 4768255.619099997], [-8652932.3177, 4768252.001900002], [-8652911.0683, 4768249.1219], [-8652889.732, 4768246.983000003], [-8652890.0551, 4768243.045500003], [-8652867.7642, 4768225.896499999], [-8652829.7975, 4768195.112599999], [-8652798.0172, 4768169.9833], [-8652808.4868, 4768157.939999998], [-8652805.9939, 4768081.175499998], [-8652803.2169, 4768080.531099997], [-8652734.3822, 4768058.398400001], [-8652732.1421, 4768067.788900003], [-8652733.9815, 4768087.299599998], [-8652736.4328, 4768110.307700001], [-8652737.2464, 4768111.633500002], [-8652734.754, 4768114.719300002], [-8652735.8446, 4768115.574100003], [-8652731.1089, 4768121.491800003], [-8652727.1061, 4768125.048299998], [-8652723.5642, 4768127.623599999], [-8652717.2161, 4768131.760600001], [-8652709.0239, 4768136.5293999985], [-8652703.0855, 4768139.328900002], [-8652698.0615, 4768141.382399999], [-8652692.412, 4768143.562100001], [-8652686.1722, 4768145.689300001], [-8652676.3453, 4768149.106299996], [-8652665.1916, 4768153.122299999], [-8652656.6253, 4768155.8002], [-8652647.8169, 4768158.404200003], [-8652639.9321, 4768160.777500004], [-8652619.2054, 4768165.853600003], [-8652586.247, 4768173.839599997], [-8652545.0454, 4768183.459100001], [-8652502.0966, 4768193.051700003], [-8652493.9653, 4768195.058700003], [-8652479.3552, 4768201.736900002], [-8652470.9781, 4768205.566299997], [-8652469.1582, 4768204.9169000015], [-8652467.2642, 4768203.431000002], [-8652466.3447, 4768201.6382], [-8652459.7713, 4768203.079800002], [-8652457.5813, 4768203.552199997], [-8652454.5571, 4768204.204400003], [-8652453.202, 4768199.531300001], [-8652456.1877, 4768198.7722999975], [-8652456.6934, 4768201.213100001], [-8652465.6838, 4768199.441100001], [-8652465.4728, 4768197.202500001], [-8652465.4516, 4768197.1153], [-8652465.1723, 4768197.0244999975], [-8652463.7403, 4768196.5594], [-8652459.9379, 4768189.7663], [-8652456.1278, 4768183.368100002], [-8652451.5156, 4768177.744199999], [-8652450.7444, 4768176.938500002], [-8652445.3373, 4768171.694499999], [-8652439.5368, 4768166.442199998], [-8652436.8373, 4768163.622400001], [-8652430.6358, 4768158.757299997], [-8652427.2178, 4768155.662699997], [-8652436.3194, 4768151.155000001], [-8652674.5202, 4768033.184], [-8652677.9015, 4768040.545500003], [-8652678.2532, 4768035.627599999], [-8652680.7223, 4768030.144100003], [-8652682.3658, 4768026.620399997], [-8652686.8177, 4768020.385600001], [-8652692.8741, 4768012.6022000015], [-8652694.8877, 4768010.271200001], [-8652700.1263, 4768004.052299999], [-8652701.3376, 4768002.495499998], [-8652707.7876, 4767994.720200002], [-8652718.2491, 4767983.072099999], [-8652720.687, 4767979.1686], [-8652723.9664, 4767972.515699998], [-8652725.9954, 4767969.394400001], [-8652730.8405, 4767963.167999998], [-8652732.8696, 4767960.046700001], [-8652740.9318, 4767950.327299997], [-8652746.5485, 4767944.9059000015], [-8652750.5523, 4767941.428999998], [-8652756.9478, 4767936.418499999], [-8652761.3452, 4767932.948799998], [-8652767.3472, 4767927.930600002], [-8652771.3511, 4767924.453500003], [-8652776.9676, 4767919.032300003], [-8652781.3959, 4767913.982699998], [-8652787.0123, 4767908.561399996], [-8652793.4079, 4767903.550899997], [-8652799.4098, 4767898.532700002], [-8652800.6055, 4767897.766099997], [-8652806.2219, 4767892.344800003], [-8652811.8305, 4767887.318800002], [-8652815.0245, 4767885.010799997], [-8652821.7977, 4767880.798100002], [-8652828.5864, 4767875.795299999], [-8652835.3597, 4767871.582500003], [-8652840.9451, 4767867.741599999], [-8652847.3171, 4767863.915799998], [-8652853.6815, 4767860.485299997], [-8652860.8406, 4767856.675300002], [-8652867.5984, 4767853.252700001], [-8652874.7492, 4767849.837700002], [-8652881.515, 4767846.019900002], [-8652888.2649, 4767842.991899997], [-8652893.0325, 4767840.715300001], [-8652900.5615, 4767838.098200001], [-8652907.7049, 4767835.078000002], [-8652914.8407, 4767832.453100003], [-8652916.8308, 4767831.3068], [-8652923.9821, 4767827.892200001], [-8652930.7321, 4767824.864100002], [-8652934.6973, 4767823.361699998], [-8652941.8406, 4767820.3418999985], [-8652949.3698, 4767817.724200003], [-8652951.3523, 4767816.973099999], [-8652958.8813, 4767814.355999999], [-8652966.0247, 4767811.336400002], [-8652968.0073, 4767810.5847999975], [-8652975.5517, 4767807.177500002], [-8652982.6875, 4767804.552500002], [-8652985.4646, 4767803.421800002], [-8652992.5925, 4767801.191699997], [-8653000.1214, 4767798.574500002], [-8653004.0788, 4767797.467200004], [-8653011.5999, 4767795.245099999], [-8653021.1039, 4767792.271600001], [-8653028.2395, 4767789.646399997], [-8653035.7684, 4767787.028999999], [-8653037.7511, 4767786.277999997], [-8653052.0377, 4767780.237599999], [-8653054.4139, 4767779.4943], [-8653061.557, 4767776.474399999], [-8653076.615, 4767771.239500001], [-8653083.3493, 4767769.001599997], [-8653088.086, 4767768.305], [-8653095.9697, 4767767.670199998], [-8653097.1495, 4767767.693700001], [-8653105.0335, 4767767.059], [-8653112.5239, 4767766.416599996], [-8653117.2601, 4767765.719800003], [-8653123.1768, 4767765.046400003], [-8653130.6748, 4767764.008900002], [-8653145.6862, 4767761.144199997], [-8653152.0041, 4767760.0836], [-8653158.723, 4767758.635700002], [-8653163.8761, 4767756.761699997], [-8653170.8437, 4767754.0298999995], [-8653174.9612, 4767753.424000002], [-8653236.8035, 4767735.383100003], [-8653238.2934, 4767734.916500002], [-8653245.8147, 4767732.694200002], [-8653253.7292, 4767730.479699999], [-8653261.2428, 4767728.651900001], [-8653262.4307, 4767728.280199997], [-8653269.9364, 4767726.8478000015], [-8653277.8354, 4767725.422899999], [-8653284.5466, 4767724.370099999], [-8653292.4378, 4767723.340400003], [-8653297.9765, 4767721.868900001], [-8653305.4825, 4767720.4362], [-8653311.7845, 4767720.165799998], [-8653319.2748, 4767719.523100004], [-8653325.5924, 4767718.462099999], [-8653333.0983, 4767717.029600002], [-8653335.4663, 4767716.681299999], [-8653343.3501, 4767716.046499997], [-8653345.7104, 4767716.093099996], [-8653361.4623, 4767715.613499999], [-8653363.8227, 4767715.659999996], [-8653371.6987, 4767715.420199998], [-8653379.5669, 4767715.575599998], [-8653382.7217, 4767715.242600001], [-8653390.212, 4767714.5999], [-8653402.8009, 4767714.848200001], [-8653409.8902, 4767714.592799999], [-8653416.9945, 4767713.547600001], [-8653420.5508, 4767712.827600002], [-8653435.5931, 4767708.381999999], [-8653439.157, 4767707.266999997], [-8653446.6703, 4767705.439400002], [-8653451.8155, 4767703.960100003], [-8653459.3289, 4767702.1325], [-8653465.2531, 4767701.064000003], [-8653472.7589, 4767699.631099999], [-8653478.6755, 4767698.9575999975], [-8653484.5842, 4767698.6787], [-8653486.5514, 4767698.7179000005], [-8653494.0029, 4767700.049900003], [-8653498.7082, 4767700.9331], [-8653504.9719, 4767702.637199998], [-8653508.0958, 4767703.884099998], [-8653514.3211, 4767707.563199997], [-8653519.7515, 4767711.621799998], [-8653523.2225, 4767715.246600002], [-8653527.0563, 4767720.459200002], [-8653530.1494, 4767723.285999998], [-8653530.9286, 4767723.696900003], [-8653534.4462, 4767724.951399997], [-8653537.5778, 4767725.803400002], [-8653540.7173, 4767726.260399997], [-8653545.4615, 4767725.168499999], [-8653553.0057, 4767721.760600001], [-8653554.5949, 4767721.001599997], [-8653561.329, 4767718.763599999], [-8653566.4666, 4767717.679399997], [-8653573.1778, 4767716.626000002], [-8653575.9393, 4767716.285499997], [-8653583.0285, 4767716.030000001], [-8653586.1759, 4767716.092100002], [-8653593.2417, 4767717.021600001], [-8653595.2008, 4767717.455200002], [-8653602.6447, 4767719.182400003], [-8653610.0809, 4767721.3046], [-8653612.8193, 4767722.1489999965], [-8653619.8466, 4767725.053400002], [-8653622.585, 4767725.897500001], [-8653630.0135, 4767728.415100001], [-8653637.4342, 4767731.327100001], [-8653638.6068, 4767731.745499998], [-8653653.4636, 4767736.7798999995], [-8653657.3669, 4767738.437399998], [-8653664.3941, 4767741.342100002], [-8653671.8149, 4767744.254000001], [-8653677.6928, 4767745.555500001], [-8653685.1369, 4767747.282499999], [-8653689.8346, 4767748.560400002], [-8653697.2631, 4767751.077799998], [-8653701.9685, 4767751.9608], [-8653709.4124, 4767753.688000001], [-8653712.5366, 4767754.935099997], [-8653719.965, 4767757.452], [-8653723.8837, 4767758.319600001], [-8653731.3277, 4767760.046800002], [-8653739.1649, 4767761.781499997], [-8653743.8628, 4767763.059500001], [-8653751.3068, 4767764.786600001], [-8653756.7914, 4767766.079999998], [-8653763.8572, 4767767.009400003], [-8653783.1346, 4767767.388999999], [-8653790.9872, 4767768.333899997], [-8653800.4291, 4767768.519699998], [-8653808.305, 4767768.2793999985], [-8653813.8282, 4767767.5977], [-8653821.7118, 4767766.962700002], [-8653823.6866, 4767766.6065], [-8653831.5624, 4767766.3662], [-8653847.2988, 4767766.675899997], [-8653855.1748, 4767766.435699999], [-8653861.4771, 4767766.164399996], [-8653869.3607, 4767765.529299997], [-8653877.6378, 4767764.901900001], [-8653885.5135, 4767764.661799997], [-8653903.6106, 4767765.017700002], [-8653909.1106, 4767765.520800002], [-8653916.9711, 4767766.070699997], [-8653924.8395, 4767766.2255000025], [-8653928.7657, 4767766.697800003], [-8653936.634, 4767766.852600001], [-8653944.101, 4767767.394699998], [-8653947.2482, 4767767.456500001], [-8653955.1241, 4767767.216300003], [-8653962.9924, 4767767.371100001], [-8653966.541, 4767767.045500003], [-8653982.2929, 4767766.565099999], [-8653984.2597, 4767766.603799999], [-8653992.1434, 4767765.968599997], [-8654000.0195, 4767765.727799997], [-8654007.1159, 4767765.077399999], [-8654014.9921, 4767764.8369999975], [-8654017.7537, 4767764.495999999], [-8654025.6295, 4767764.255800001], [-8654031.1449, 4767763.968999997], [-8654037.8484, 4767763.310699999], [-8654041.8057, 4767762.2029], [-8654047.7452, 4767760.3442], [-8654048.9409, 4767759.576899998], [-8654055.3202, 4767755.355700001], [-8654061.3063, 4767751.126699999], [-8654065.6722, 4767749.2368], [-8654072.8152, 4767746.215800002], [-8654085.5276, 4767740.143399999], [-8654087.9187, 4767738.609899998], [-8654095.4476, 4767735.991700001], [-8654098.2245, 4767734.860699996], [-8654105.3597, 4767732.235200003], [-8654108.9312, 4767730.7245000005], [-8654116.4676, 4767727.711300001], [-8654120.8338, 4767725.821400002], [-8654127.5677, 4767723.5825999975], [-8654134.6876, 4767721.7469], [-8654142.1933, 4767720.313600004], [-8654149.3131, 4767718.477799997], [-8654156.8341, 4767716.254799999], [-8654163.5604, 4767714.411399998], [-8654171.0891, 4767711.7929000035], [-8654178.2167, 4767709.562100001], [-8654185.7455, 4767706.944200002], [-8654188.129, 4767705.805299997], [-8654195.6497, 4767703.5820999965], [-8654198.8278, 4767702.063900001], [-8654205.9633, 4767699.438000001], [-8654221.8534, 4767691.8473000005], [-8654225.4325, 4767689.941600002], [-8654228.261, 4767688.4164], [-8654112.5664, 4767544.285700001], [-8654111.0082, 4767543.464900002], [-8654110.2446, 4767542.264600001], [-8654109.8895, 4767540.281900004], [-8654110.3599, 4767536.3396999985], [-8654111.6865, 4767528.858199999], [-8654110.946, 4767526.472499996], [-8654109.4184, 4767524.071599998], [-8654106.711, 4767521.647600003], [-8654103.6022, 4767519.610799998], [-8654102.0364, 4767519.184600003], [-8654099.6914, 4767518.3488000035], [-8654094.5772, 4767518.248199999], [-8654092.209, 4767518.596900001], [-8654090.62, 4767519.355599999], [-8654088.7914, 4767520.409199998], [-8654086.6244, 4767522.438199997], [-8654084.2023, 4767525.552000001], [-8654082.9991, 4767526.7136999965], [-8654081.742, 4767530.6404], [-8654080.045, 4767536.929499999], [-8654077.1295, 4767545.170000002], [-8654075.9259, 4767546.331900001], [-8654075.1317, 4767546.711400002], [-8654073.1568, 4767547.067599997], [-8654069.6316, 4767546.208300002], [-8654065.3276, 4767544.938100003], [-8654061.0537, 4767542.088100001], [-8654057.1505, 4767540.431000002], [-8654055.5771, 4767540.4001], [-8654053.5946, 4767541.151100002], [-8654050.7945, 4767543.467], [-8654045.2254, 4767546.518799998], [-8654042.0782, 4767546.457000002], [-8654038.1596, 4767545.589500003], [-8654032.6826, 4767543.9014], [-8654030.7311, 4767543.072700001], [-8654023.2871, 4767541.345899999], [-8654015.8512, 4767539.223899998], [-8654013.4987, 4767538.782399997], [-8654005.6536, 4767537.4428], [-8653998.1942, 4767536.505900003], [-8653995.8338, 4767536.459600002], [-8653988.3902, 4767534.7326000035], [-8653985.2504, 4767534.275700003], [-8653977.4132, 4767532.541100003], [-8653970.3476, 4767531.611400001], [-8653962.495, 4767530.667099997], [-8653956.2158, 4767529.753399998], [-8653948.7567, 4767528.816200003], [-8653940.9041, 4767527.871699996], [-8653936.191, 4767527.383500002], [-8653928.3462, 4767526.044200003], [-8653920.8946, 4767524.712099999], [-8653915.4024, 4767523.813600004], [-8653907.9587, 4767522.086800002], [-8653900.5072, 4767520.754600003], [-8653892.6622, 4767519.414999999], [-8653886.399, 4767517.711099997], [-8653874.643, 4767515.109300002], [-8653864.0905, 4767511.3451000005], [-8653856.6622, 4767508.828299999], [-8653855.0964, 4767508.401900001], [-8653848.4547, 4767505.900600001], [-8653844.5437, 4767504.638099998], [-8653837.5012, 4767502.523900002], [-8653832.4101, 4767501.238300003], [-8653824.573, 4767499.503600001], [-8653818.294, 4767498.589599997], [-8653810.4568, 4767496.855099998], [-8653808.0966, 4767496.808499999], [-8653800.6449, 4767495.476400003], [-8653794.3506, 4767495.352600001], [-8653787.2538, 4767496.002999999], [-8653779.7561, 4767497.040899999], [-8653772.652, 4767498.0867], [-8653765.1542, 4767499.124399997], [-8653757.2629, 4767500.154700004], [-8653752.141, 4767500.448799998], [-8653732.4326, 4767502.0363000035], [-8653715.9097, 4767501.711300001], [-8653708.0341, 4767501.951499999], [-8653700.5438, 4767502.593999997], [-8653698.9704, 4767502.563199997], [-8653691.8584, 4767504.003399998], [-8653686.7055, 4767505.877999999], [-8653681.5294, 4767508.937100001], [-8653675.5283, 4767513.955700003], [-8653672.7435, 4767515.481399998], [-8653666.395, 4767518.122400001], [-8653660.0619, 4767519.9733000025], [-8653656.5137, 4767520.298799999], [-8653650.2117, 4767520.569600001], [-8653643.1382, 4767520.0352], [-8653641.9578, 4767520.012100004], [-8653634.4988, 4767519.0748], [-8653631.745, 4767519.0205999985], [-8653625.0496, 4767519.2839], [-8653617.5517, 4767520.321500003], [-8653614.3966, 4767520.654600002], [-8653606.5054, 4767521.684500001], [-8653598.9999, 4767523.1171], [-8653597.0254, 4767523.4736], [-8653589.1341, 4767524.5035], [-8653581.6285, 4767525.9362], [-8653577.6793, 4767526.648699999], [-8653570.1813, 4767527.686399996], [-8653562.2903, 4767528.716300003], [-8653559.9144, 4767529.459600002], [-8653554.5181, 4767530.433300003], [-8653552.0155, 4767530.8847], [-8653544.5022, 4767532.712200001], [-8653543.3222, 4767532.689000003], [-8653535.8009, 4767534.911700003], [-8653528.2877, 4767536.739200003], [-8653520.3733, 4767538.954300001], [-8653512.8601, 4767540.7817], [-8653510.8854, 4767541.1382], [-8653502.9709, 4767543.352799997], [-8653495.8586, 4767544.793399997], [-8653494.6787, 4767544.770000003], [-8653487.9832, 4767545.033200003], [-8653482.4832, 4767544.529700004], [-8653476.2118, 4767543.2206000015], [-8653472.3011, 4767541.9582], [-8653465.6594, 4767539.456299998], [-8653462.1422, 4767538.201300003], [-8653455.0995, 4767536.086800002], [-8653450.0008, 4767535.196099997], [-8653442.5495, 4767533.863799997], [-8653435.09, 4767532.926399998], [-8653432.7376, 4767532.4848000035], [-8653425.2551, 4767532.7326000035], [-8653418.1508, 4767533.777900003], [-8653409.8585, 4767535.194799997], [-8653402.3453, 4767537.022399999], [-8653400.3703, 4767537.378300004], [-8653392.4793, 4767538.408200003], [-8653384.9814, 4767539.446099997], [-8653382.2199, 4767539.786799997], [-8653366.8772, 4767539.483999997], [-8653362.9355, 4767539.801399998], [-8653355.4455, 4767540.443999998], [-8653347.5619, 4767541.078900002], [-8653345.1937, 4767541.427299999], [-8653329.4267, 4767542.696900003], [-8653328.2467, 4767542.673699997], [-8653312.4643, 4767544.732900001], [-8653310.4972, 4767544.694399998], [-8653294.7301, 4767545.963600002], [-8653293.5501, 4767545.940300003], [-8653285.6742, 4767546.180100001], [-8653278.5775, 4767546.830499999], [-8653270.694, 4767547.465099998], [-8653264.7775, 4767548.138499998], [-8653257.2799, 4767549.175899997], [-8653252.1501, 4767549.865400001], [-8653245.809, 4767552.111000001], [-8653240.6486, 4767554.379799999], [-8653240.2397, 4767555.1620000005], [-8653237.0306, 4767558.2601], [-8653234.1839, 4767562.9454], [-8653233.7673, 4767564.122599997], [-8653230.8896, 4767570.388400003], [-8653229.231, 4767574.702299997], [-8653226.3379, 4767581.757700004], [-8653223.877, 4767586.8461000025], [-8653220.5905, 4767593.8939], [-8653219.7729, 4767595.458300002], [-8653218.4532, 4767602.544799998], [-8653215.9614, 4767609.213100001], [-8653213.9633, 4767610.754199997], [-8653209.9906, 4767612.651600003], [-8653206.4188, 4767614.161700003], [-8653199.6848, 4767616.399700001], [-8653192.9581, 4767618.242700003], [-8653181.1174, 4767619.9846], [-8653178.7571, 4767619.937899999], [-8653177.978, 4767619.527400002], [-8653176.8131, 4767618.7141999975], [-8653175.6716, 4767616.715800002], [-8653173.0107, 4767611.921499997], [-8653171.8458, 4767611.108199999], [-8653170.2877, 4767610.2870000005], [-8653165.1736, 4767610.1862], [-8653161.2163, 4767611.293499999], [-8653155.6775, 4767612.764700003], [-8653148.5654, 4767614.204999998], [-8653141.8387, 4767616.047899999], [-8653133.9321, 4767617.867399998], [-8653126.4185, 4767619.694799997], [-8653125.6243, 4767620.074199997], [-8653120.0855, 4767621.545599997], [-8653112.5798, 4767622.977799997], [-8653107.4347, 4767624.456699997], [-8653099.5355, 4767625.881399997], [-8653092.0221, 4767627.708899997], [-8653086.098, 4767628.7771999985], [-8653071.071, 4767632.4318], [-8653065.5322, 4767633.9026999995], [-8653058.0191, 4767635.7302], [-8653050.49, 4767638.347599998], [-8653045.3449, 4767639.8266], [-8653038.2017, 4767642.846699998], [-8653030.6729, 4767645.464100003], [-8653019.5491, 4767650.776100002], [-8653012.7836, 4767654.593999997], [-8653009.2042, 4767656.498899996], [-8653002.0611, 4767659.5189], [-8652994.5243, 4767662.531199999], [-8652991.3539, 4767663.654100001], [-8652983.8327, 4767665.876199998], [-8652976.7049, 4767668.106600001], [-8652975.1158, 4767668.865599997], [-8652970.3252, 4767672.327], [-8652967.1159, 4767675.424699999], [-8652962.6725, 4767681.264200002], [-8652957.8429, 4767686.700900003], [-8652953.0603, 4767689.767700002], [-8652946.7114, 4767692.4081000015], [-8652943.5409, 4767693.5309000015], [-8652936.4129, 4767695.760899998], [-8652928.8996, 4767697.588100001], [-8652927.3106, 4767698.346900001], [-8652920.167, 4767701.367200002], [-8652913.4094, 4767704.789800003], [-8652912.2214, 4767705.161600001], [-8652905.0784, 4767708.181500003], [-8652897.5492, 4767710.798600003], [-8652896.3534, 4767711.565200001], [-8652888.8245, 4767714.182499997], [-8652881.6811, 4767717.202399999], [-8652877.7237, 4767718.309799999], [-8652870.1948, 4767720.927000001], [-8652863.0669, 4767723.156900004], [-8652859.8964, 4767724.279600002], [-8652852.3598, 4767727.2918], [-8652845.2162, 4767730.311800003], [-8652840.85, 4767732.201200001], [-8652833.3132, 4767735.213399999], [-8652826.1619, 4767738.628300004], [-8652821.7957, 4767740.517499998], [-8652814.6602, 4767743.1426], [-8652807.1236, 4767746.154799998], [-8652801.9704, 4767748.0288999975], [-8652786.9121, 4767753.262699999], [-8652782.5461, 4767755.152400002], [-8652775.4027, 4767758.1723000035], [-8652773.8135, 4767758.930799998], [-8652767.048, 4767762.748800002], [-8652761.4782, 4767765.799800001], [-8652754.7281, 4767768.827299997], [-8652749.1662, 4767771.483400002], [-8652743.1797, 4767775.711599998], [-8652740.3869, 4767777.632399999], [-8652735.2052, 4767782.275899999], [-8652672.4932, 4767807.901000001], [-8652606.5375, 4767819.635300003], [-8652519.6298, 4767836.091499999], [-8652470.2823, 4767843.8072], [-8652409.4672, 4767841.765000001], [-8652405.4081, 4767840.5458], [-8652397.9643, 4767838.817699999], [-8652392.8655, 4767837.926299997], [-8652385.4061, 4767836.9881], [-8652377.9392, 4767836.444700003], [-8652375.5787, 4767836.398000002], [-8652368.8751, 4767837.055200003], [-8652362.9429, 4767838.518399999], [-8652361.7551, 4767838.8901999965], [-8652356.5862, 4767841.5537], [-8652353.0145, 4767843.063699998], [-8652346.2641, 4767846.090899996], [-8652341.9131, 4767847.190099999], [-8652336.7912, 4767847.483599998], [-8652330.5044, 4767846.964000002], [-8652329.3243, 4767846.9406], [-8652321.4714, 4767845.994499996], [-8652316.7581, 4767845.505999997], [-8652310.4481, 4767846.171099998], [-8652296.2232, 4767849.0502], [-8652289.8818, 4767851.295500003], [-8652284.3118, 4767854.346199997], [-8652278.3251, 4767858.574100003], [-8652271.5747, 4767861.601599999], [-8652270.7803, 4767861.981299996], [-8652264.439, 4767864.226199999], [-8652259.3092, 4767864.914899997], [-8652254.5882, 4767864.8213], [-8652249.8751, 4767864.332400002], [-8652245.193, 4767862.263800003], [-8652241.699, 4767859.823799998], [-8652237.0479, 4767856.174800001], [-8652230.4377, 4767852.092200004], [-8652223.426, 4767848.3967999965], [-8652220.7034, 4767846.762000002], [-8652214.0932, 4767842.679099999], [-8652212.1572, 4767841.060199998], [-8652206.7429, 4767836.2108], [-8652204.4213, 4767834.189199999], [-8652199.7388, 4767832.120300002], [-8652193.4756, 4767830.4155], [-8652190.7295, 4767829.9657000005], [-8652183.6792, 4767828.245099999], [-8652175.8421, 4767826.509099998], [-8652174.662, 4767826.485600002], [-8652167.2259, 4767824.362499997], [-8652155.4702, 4767821.758199997], [-8652148.011, 4767820.819499999], [-8652140.1582, 4767819.873499997], [-8652134.2649, 4767819.361500002], [-8652110.6838, 4767817.707699999], [-8652103.2243, 4767816.769299999], [-8652095.3717, 4767815.823100001], [-8652089.4781, 4767815.311300002], [-8652081.6256, 4767814.3649], [-8652073.7652, 4767813.8138], [-8652065.118, 4767813.246799998], [-8652057.2654, 4767812.300700001], [-8652049.4048, 4767811.749399997], [-8652040.7652, 4767810.7875000015], [-8652025.0446, 4767809.685000002], [-8652001.0464, 4767809.208300002], [-8651993.1704, 4767809.447099999], [-8651991.5969, 4767809.416100003], [-8651983.7053, 4767810.444700003], [-8651976.1991, 4767811.876199998], [-8651967.1275, 4767812.881499998], [-8651959.6371, 4767813.5229], [-8651951.761, 4767813.7619], [-8651952.0322, 4767812.343800001], [-8651949.4161, 4767812.924599998], [-8651942.7826, 4767810.0266999975], [-8651937.3139, 4767807.942299999], [-8651932.6005, 4767807.453500003], [-8651931.0272, 4767807.422200002], [-8651925.8972, 4767808.110600002], [-8651921.145, 4767809.5967999995], [-8651917.5577, 4767811.8967999965], [-8651912.751, 4767816.1477999985], [-8651909.5647, 4767818.060199998], [-8651907.9834, 4767818.424199998], [-8651900.4852, 4767819.460600004], [-8651898.9116, 4767819.429300003], [-8651891.8147, 4767820.078500003], [-8651885.9136, 4767819.961099997], [-8651882.3807, 4767819.495700002], [-8651875.7238, 4767817.783], [-8651873.3787, 4767816.945900001], [-8651866.7376, 4767814.4428], [-8651863.6057, 4767813.590499997], [-8651855.7611, 4767812.249200001], [-8651853.0227, 4767811.404100001], [-8651845.5635, 4767810.465599999], [-8651842.8174, 4767810.016000003], [-8651835.3503, 4767809.472499996], [-8651832.9899, 4767809.425399996], [-8651826.3097, 4767808.897399999], [-8651820.4008, 4767809.175300002], [-8651817.2379, 4767809.9026999995], [-8651810.1021, 4767812.526900001], [-8651807.7259, 4767813.270000003], [-8651800.2122, 4767815.0964], [-8651793.4696, 4767817.728399999], [-8651785.9403, 4767820.344800003], [-8651782.762, 4767821.861900002], [-8651776.814, 4767824.115000002], [-8651770.4882, 4767825.569799997], [-8651762.9979, 4767826.211199999], [-8651749.2285, 4767825.937299997], [-8651741.3523, 4767826.175700001], [-8651732.6973, 4767826.003399998], [-8651727.5908, 4767825.506999999], [-8651724.8602, 4767824.266900003], [-8651713.0353, 4767821.865900002], [-8651727.3946, 4767747.654600002], [-8651735.0707, 4767705.536399998], [-8651624.7022, 4767694.0901999995], [-8651527.2108, 4767629.079499997], [-8651416.6246, 4767469.6087], [-8651703.4616, 4767492.704700001], [-8651764.4468, 4767413.7038], [-8651931.9351, 4767139.157300003], [-8652327.0706, 4767093.195600003], [-8652614.6181, 4766886.7689], [-8652976.4855, 4766630.383299999], [-8653265.1828, 4766423.956699997], [-8653420.443, 4766138.6708], [-8653602.2042, 4765857.302000001], [-8653760.5542, 4765525.983599998], [-8653969.7812, 4765540.155199997], [-8653980.2162, 4765540.344300002], [-8654211.5586, 4765659.7641], [-8654212.7753, 4765656.611000001], [-8654246.4586, 4765569.318700001], [-8654260.8103, 4765451.458999999], [-8654251.9559, 4765297.070799999], [-8654264.4031, 4765149.243900001], [-8654335.4927, 4765048.314300001], [-8654494.5239, 4764934.369800001], [-8654474.8342, 4764870.114399999], [-8654475.4054, 4764837.052299999], [-8654488.1574, 4764815.186800003], [-8654645.6244, 4764674.580300003], [-8654710.0738, 4764589.3028], [-8654775.0833, 4764532.065399997], [-8654866.4221, 4764396.797499999], [-8654927.8394, 4764333.9833], [-8655053.647, 4764122.095700003], [-8655180.4604, 4763857.484200001], [-8655270.4289, 4763521.446900003], [-8655335.1091, 4763344.8715], [-8655421.1252, 4763153.3972999975], [-8655531.3882, 4762946.510600001], [-8655526.5251, 4762827.7695999965], [-8655557.1748, 4762708.076300003], [-8655576.1065, 4762555.251100004], [-8655595.3404, 4762383.920699999], [-8655597.5486, 4762332.352499999], [-8655614.7555, 4762185.893399999], [-8655554.718, 4761697.958800003], [-8655578.4143, 4761649.9309], [-8655548.8372, 4761603.966200002], [-8655582.7383, 4761526.394000001], [-8655595.5937, 4761462.879199997], [-8655666.4514, 4761491.075099997], [-8655717.0317, 4761508.393600002], [-8655765.0389, 4761490.847400002], [-8655803.5954, 4761498.462899998], [-8655837.4863, 4761534.699600004], [-8655858.2862, 4761598.850699998], [-8655885.8461, 4761672.746200003], [-8655907.3638, 4761697.353100002], [-8655939.1026, 4761751.385799997], [-8655971.1269, 4761798.701300003], [-8655974.7382, 4761820.496600002], [-8655969.4902, 4762004.6844], [-8655978.2578, 4762024.198899999], [-8655905.1307, 4762046.979800001], [-8655924.57, 4762107.027500004], [-8655951.9322, 4762191.547799997], [-8656039.902, 4762276.1536], [-8656053.6553, 4762275.950900003], [-8656077.9402, 4762275.593000002], [-8656085.5939, 4762375.961800002], [-8656009.5585, 4762348.726599999], [-8655994.4403, 4762445.172899999], [-8655801.1817, 4762453.275700003], [-8655799.1836, 4762405.004500002], [-8655783.3753, 4762403.215599999], [-8655695.0648, 4762393.220299996], [-8655688.4186, 4762570.3094], [-8655682.4001, 4762730.674999997], [-8655729.812, 4762737.818599999], [-8655753.2764, 4762989.626900002], [-8655750.5873, 4763077.484999999], [-8655699.4782, 4763227.016199999], [-8655673.8503, 4763301.995399997], [-8655648.2232, 4763376.9714], [-8655600.6708, 4763516.0918999985], [-8655554.0713, 4763652.421999998], [-8655784.3325, 4763731.7223000005], [-8655779.4354, 4763746.579599999], [-8655769.5038, 4763774.156099997], [-8655758.5982, 4763801.3596], [-8655746.7326, 4763828.1548999995], [-8655733.9219, 4763854.508299999], [-8655720.1826, 4763880.385899998], [-8655705.532, 4763905.755099997], [-8655689.9892, 4763930.5830999985], [-8655685.8357, 4763936.898500003], [-8655633.7213, 4764015.350900002], [-8655605.0635, 4764067.937799998], [-8655602.2607, 4764073.515900001], [-8655598.5804, 4764082.752400003], [-8655595.8986, 4764092.329099998], [-8655594.246, 4764102.137500003], [-8655593.6408, 4764112.066699997], [-8655593.6445, 4764113.8957], [-8655593.7832, 4764125.7698], [-8655593.7906, 4764129.666000001], [-8655593.7214, 4764133.591799997], [-8655552.7585, 4764103.065800004], [-8655496.8174, 4764137.069700003], [-8655449.9226, 4764192.663999997], [-8655424.6392, 4764242.111699998], [-8655431.3351, 4764307.988799997], [-8655421.1839, 4764339.0320999995], [-8655429.0458, 4764346.837200001], [-8655483.3104, 4764371.001599997], [-8655471.1493, 4764401.786700003], [-8655412.9484, 4764377.720700003], [-8655392.4362, 4764427.717299998], [-8655344.8027, 4764408.0242], [-8655330.6685, 4764434.894299999], [-8655307.5366, 4764478.8697], [-8655273.1481, 4764523.489600003], [-8655241.5824, 4764566.677599996], [-8655220.4734, 4764609.519900002], [-8655194.9668, 4764661.288199998], [-8655226.4873, 4764710.818300001], [-8655190.2064, 4764738.1647000015], [-8655142.5496, 4764774.085100003], [-8655111.6182, 4764786.419299997], [-8655070.7441, 4764726.2324], [-8655010.6667, 4764772.410899997], [-8655004.8514, 4764764.783399999], [-8654963.1535, 4764796.8342999965], [-8654977.3881, 4764815.504799999], [-8654935.1534, 4764870.416100003], [-8654983.3749, 4764911.683799997], [-8655037.534, 4764880.254100002], [-8655079.007, 4764853.600299999], [-8655128.9229, 4765022.704099998], [-8655208.9763, 4765060.394400001], [-8655194.821, 4765098.927299999], [-8655193.1747, 4765103.0594], [-8655189.0006, 4765111.416699998], [-8655183.9048, 4765119.242200002], [-8655177.954, 4765126.433499999], [-8655171.2256, 4765132.896899998], [-8655163.8073, 4765138.548500001], [-8655155.796, 4765143.314199999], [-8655154.4011, 4765144.0222999975], [-8655157.0106, 4765149.330899999], [-8655248.8686, 4765182.572800003], [-8655215.875, 4765295.975299999], [-8655182.8049, 4765409.640000001], [-8655164.2822, 4765392.432099998], [-8655182.5325, 4765333.645499997], [-8655179.4127, 4765312.823200002], [-8655165.3434, 4765311.571900003], [-8655125.165, 4765425.4086000025], [-8655124.4645, 4765475.511], [-8655003.388, 4765356.841600001], [-8655053.0472, 4765285.115500003], [-8654999.6753, 4765254.993000001], [-8654982.8705, 4765278.258699998], [-8654966.5471, 4765304.308899999], [-8654951.6063, 4765343.1630000025], [-8654938.8223, 4765373.101400003], [-8654927.4944, 4765440.3517], [-8654876.9873, 4765576.6228], [-8654854.4803, 4765629.593999997], [-8654852.0353, 4765635.374799997], [-8654844.2244, 4765655.570500001], [-8654837.3942, 4765676.121600002], [-8654831.5608, 4765696.979800001], [-8654830.7809, 4765700.098499998], [-8654813.6265, 4765769.7053999975], [-8654810.7792, 4765781.593900003], [-8654803.845, 4765813.599799998], [-8654800.4146, 4765831.558899999], [-8654789.1378, 4765893.564300001], [-8654754.3378, 4766033.081299998], [-8654754.0937, 4766035.408399999], [-8654767.106, 4766041.0889], [-8654809.9936, 4766056.902099997], [-8654929.6523, 4765908.5427], [-8654948.8963, 4765884.682300001], [-8655100.8019, 4765696.334899999], [-8655209.5643, 4765738.658], [-8655245.7367, 4765750.914300002], [-8655266.3958, 4765757.914300002], [-8655308.6854, 4765772.243100002], [-8655516.1867, 4765847.9196000025], [-8655994.8315, 4765159.706600003], [-8656021.2189, 4765107.958300002], [-8656220.3166, 4765021.911499999], [-8656401.2603, 4765005.249700002], [-8656651.3988, 4764903.8222], [-8656680.6484, 4764869.167999998], [-8656828.0058, 4764959.386799999], [-8656900.3082, 4765003.652400002], [-8657024.8289, 4765079.886399999], [-8657033.8844, 4765086.098700002], [-8657028.2718, 4765091.520999998], [-8657025.4582, 4765094.626500003], [-8657019.861, 4765099.258599997], [-8657014.6722, 4765103.108599998], [-8657007.91, 4765106.928099997], [-8657004.7256, 4765108.841799997], [-8656998.7425, 4765113.071500003], [-8656992.3814, 4765116.503799997], [-8656987.6313, 4765117.991999999], [-8656982.087, 4765119.859399997], [-8656979.3035, 4765121.386], [-8656973.3131, 4765126.010600001], [-8656970.5066, 4765128.721699998], [-8656965.2799, 4765134.545900002], [-8656960.4766, 4765138.798199996], [-8656958.0942, 4765139.937399998], [-8656953.3212, 4765142.610299997], [-8656948.5712, 4765144.098700002], [-8656946.2037, 4765144.447700001], [-8656938.33, 4765144.690099999], [-8656935.9702, 4765144.644199997], [-8656928.0962, 4765144.887000002], [-8656923.7626, 4765145.197899997], [-8656915.8811, 4765145.8352999985], [-8656913.5212, 4765145.789899997], [-8656905.6399, 4765146.427000001], [-8656898.1519, 4765147.0722], [-8656893.417, 4765147.770400003], [-8656887.0859, 4765149.623000003], [-8656883.5238, 4765150.738899998], [-8656878.7583, 4765153.017200001], [-8656875.5664, 4765155.325300001], [-8656869.9537, 4765160.747100003], [-8656867.1399, 4765163.853100002], [-8656863.5241, 4765167.733499996], [-8656861.1186, 4765170.057400003], [-8656858.7285, 4765171.590999998], [-8656856.7542, 4765171.947999999], [-8656848.9187, 4765170.215800002], [-8656847.7385, 4765170.193099998], [-8656846.5284, 4765171.749799997], [-8656846.0816, 4765174.506200001], [-8656847.1174, 4765182.032399997], [-8656846.6103, 4765187.948399998], [-8656844.9686, 4765191.472099997], [-8656844.1366, 4765193.826200001], [-8656842.5027, 4765196.9551], [-8656841.7006, 4765197.7294000015], [-8656840.9065, 4765198.109099999], [-8656839.7266, 4765198.086199999], [-8656837.3972, 4765196.4608], [-8656835.0752, 4765194.4406], [-8656833.9334, 4765192.443400003], [-8656833.1771, 4765190.848499998], [-8656832.8446, 4765187.681400001], [-8656834.1308, 4765182.175999999], [-8656836.2567, 4765173.921099998], [-8656836.688, 4765171.954099998], [-8656837.9363, 4765168.422700003], [-8656838.3751, 4765166.060999997], [-8656838.4284, 4765163.296700001], [-8656837.6646, 4765162.0967999995], [-8656836.9083, 4765160.501900002], [-8656836.1444, 4765159.301700003], [-8656834.9871, 4765158.094400004], [-8656833.8147, 4765157.676600002], [-8656832.6272, 4765158.0484], [-8656831.4322, 4765158.815399997], [-8656826.5532, 4765167.016900003], [-8656825.3428, 4765168.573799998], [-8656821.2957, 4765174.420900002], [-8656818.4364, 4765179.896399997], [-8656815.5617, 4765186.161399998], [-8656813.8744, 4765192.054200001], [-8656813.7075, 4765200.742299996], [-8656813.2762, 4765202.709100001], [-8656810.8783, 4765204.637800001], [-8656807.3157, 4765205.754199997], [-8656801.8018, 4765206.042099997], [-8656795.1156, 4765205.9125000015], [-8656786.8788, 4765204.567500003], [-8656780.2155, 4765203.2535], [-8656775.8814, 4765203.564400002], [-8656769.9588, 4765204.634499997], [-8656768.3931, 4765204.2092999965], [-8656767.6141, 4765203.798900001], [-8656767.2512, 4765202.211599998], [-8656767.3045, 4765199.447499998], [-8656769.4456, 4765190.4026999995], [-8656769.9452, 4765184.881999999], [-8656770.8612, 4765178.183799997], [-8656772.1321, 4765173.467600003], [-8656773.7889, 4765169.1543999985], [-8656774.1973, 4765168.372100003], [-8656780.2036, 4765162.957999997], [-8656784.6133, 4765158.698100001], [-8656786.2245, 4765156.753799997], [-8656787.4271, 4765155.592299998], [-8656788.6528, 4765153.2456], [-8656788.6906, 4765151.270999998], [-8656787.9344, 4765149.676200002], [-8656787.1628, 4765148.871200003], [-8656786.7848, 4765148.073600002], [-8656786.0059, 4765147.663699999], [-8656784.8413, 4765146.8510000035], [-8656780.9078, 4765146.774599999], [-8656779.7204, 4765147.146700002], [-8656776.9446, 4765148.277900003], [-8656770.969, 4765152.112599999], [-8656766.9599, 4765155.985299997], [-8656764.1234, 4765160.276100002], [-8656762.8978, 4765162.622500002], [-8656761.9592, 4765170.5053], [-8656760.6351, 4765177.985399999], [-8656759.7953, 4765180.734499998], [-8656756.9055, 4765187.789399996], [-8656754.8403, 4765192.884900004], [-8656752.3966, 4765197.1831], [-8656750.3922, 4765199.119599998], [-8656744.0384, 4765202.1565999985], [-8656736.4971, 4765205.565800004], [-8656731.3155, 4765209.020800002], [-8656725.7334, 4765212.862999998], [-8656720.968, 4765215.141199999], [-8656717.0198, 4765215.854500003], [-8656709.5316, 4765216.499499999], [-8656705.9916, 4765216.430699997], [-8656698.5113, 4765216.680799998], [-8656691.8327, 4765216.156199999], [-8656684.3749, 4765215.221299998], [-8656682.8017, 4765215.190700002], [-8656675.745, 4765213.869000003], [-8656669.4899, 4765211.772200003], [-8656662.0626, 4765209.257700004], [-8656659.3323, 4765208.019699998], [-8656653.0773, 4765205.922799997], [-8656648.766, 4765205.049099997], [-8656640.9226, 4765203.7119999975], [-8656640.4931, 4765202.704499997], [-8656637.0046, 4765202.845799997], [-8656629.5546, 4765201.515900001], [-8656622.1123, 4765199.7914], [-8656619.7675, 4765198.955600001], [-8656604.9129, 4765193.926799998], [-8656601.3956, 4765192.6734], [-8656594.3471, 4765190.9564], [-8656587.6756, 4765190.036899999], [-8656586.1101, 4765189.611599997], [-8656578.6296, 4765189.861299999], [-8656570.7482, 4765190.498499997], [-8656567.5943, 4765190.8323], [-8656559.7051, 4765191.864299998], [-8656552.2096, 4765192.9038999975], [-8656546.6955, 4765193.1919], [-8656540.0016, 4765193.456900001], [-8656539.2076, 4765193.836599998], [-8656531.6964, 4765195.666000001], [-8656524.6016, 4765196.318499997], [-8656518.2935, 4765196.986000001], [-8656513.5433, 4765198.474100001], [-8656509.5419, 4765201.951800004], [-8656504.708, 4765207.7836000025], [-8656500.7143, 4765210.866499998], [-8656498.7323, 4765211.618199997], [-8656492.0156, 4765213.0678], [-8656484.1266, 4765214.0999], [-8656482.9389, 4765214.471900001], [-8656476.6384, 4765214.7447], [-8656471.8958, 4765215.837700002], [-8656469.914, 4765216.589100003], [-8656463.5526, 4765220.021200001], [-8656458.7873, 4765222.299099997], [-8656454.0295, 4765224.1818], [-8656449.6956, 4765224.492799997], [-8656441.8445, 4765223.549999997], [-8656435.1583, 4765223.420299999], [-8656430.0224, 4765224.5057], [-8656422.8895, 4765227.132700004], [-8656416.9594, 4765228.597400002], [-8656402.4069, 4765228.3147], [-8656395.312, 4765228.967100002], [-8656388.603, 4765230.021700002], [-8656382.6499, 4765232.671300001], [-8656376.6817, 4765236.111000001], [-8656372.3248, 4765237.6065], [-8656367.991, 4765237.917199999], [-8656360.5256, 4765237.3772], [-8656355.7981, 4765237.680500001], [-8656350.2844, 4765237.968199998], [-8656345.1939, 4765236.684199996], [-8656340.4971, 4765235.407899998], [-8656337.7364, 4765235.749200001], [-8656329.1956, 4765235.085600004], [-8656322.0039, 4765235.443499997], [-8656317.2919, 4765234.956900001], [-8656310.9911, 4765235.229500003], [-8656305.4694, 4765235.9124], [-8656297.5957, 4765236.1543999985], [-8656290.4934, 4765237.201300003], [-8656288.1181, 4765237.945200004], [-8656282.5587, 4765240.602600001], [-8656275.7885, 4765244.816299997], [-8656272.2182, 4765246.327299997], [-8656266.3034, 4765247.002300002], [-8656258.8379, 4765246.462099999], [-8656252.9307, 4765246.742399998], [-8656246.214, 4765248.192100003], [-8656243.8312, 4765249.330700003], [-8656243.4226, 4765250.1131], [-8656243.4074, 4765250.902599998], [-8656243.7856, 4765251.700199999], [-8656244.5494, 4765252.9004999995], [-8656246.4778, 4765254.9130000025], [-8656251.4994, 4765259.7513], [-8656253.004, 4765263.336000003], [-8656252.5957, 4765264.118199997], [-8656251.7863, 4765265.287600003], [-8656250.1747, 4765267.231700003], [-8656246.5892, 4765269.5320999995], [-8656241.8316, 4765271.414899997], [-8656240.2506, 4765271.7793999985], [-8656239.0706, 4765271.756300002], [-8656237.5126, 4765270.935900003], [-8656236.7566, 4765269.341300003], [-8656235.6451, 4765265.763999999], [-8656234.511, 4765263.371600002], [-8656233.7318, 4765262.961199999], [-8656232.5594, 4765262.543300003], [-8656230.9941, 4765262.118100002], [-8656229.0273, 4765262.079800002], [-8656225.8733, 4765262.413400002], [-8656219.5498, 4765263.870899998], [-8656213.6045, 4765266.125500001], [-8656212.4169, 4765266.497500002], [-8656204.5125, 4765268.318899997], [-8656198.5671, 4765270.573899999], [-8656196.5777, 4765271.719899997], [-8656195.3368, 4765274.856600001], [-8656194.4131, 4765281.9494], [-8656191.9159, 4765289.011699997], [-8656189.5256, 4765290.545500003], [-8656187.1507, 4765291.289399996], [-8656185.5697, 4765291.653800003], [-8656183.6032, 4765291.615699999], [-8656182.8316, 4765290.810699999], [-8656181.6976, 4765288.418200001], [-8656181.3575, 4765285.6461], [-8656180.6624, 4765280.891800001], [-8656178.7796, 4765276.509800002], [-8656175.2931, 4765273.6765], [-8656170.2182, 4765271.602399997], [-8656160.4236, 4765269.436899997], [-8656153.7523, 4765268.516900003], [-8656147.8602, 4765268.007200003], [-8656144.6985, 4765268.735799998], [-8656141.5139, 4765270.648800001], [-8656136.7181, 4765274.506300002], [-8656130.3336, 4765279.122500002], [-8656124.3958, 4765280.9826000035], [-8656119.2598, 4765282.067699999], [-8656111.3859, 4765282.309699997], [-8656103.8978, 4765282.9542], [-8656100.335, 4765284.069799997], [-8656097.9218, 4765286.788400002], [-8656093.0876, 4765292.620099999], [-8656091.1059, 4765293.371799998], [-8656088.3525, 4765293.318099998], [-8656084.4273, 4765292.846600004], [-8656078.5579, 4765291.152000003], [-8656075.8124, 4765290.703599997], [-8656060.1103, 4765288.8178], [-8656058.1437, 4765288.7795], [-8656050.3079, 4765287.046899997], [-8656042.4493, 4765286.498800002], [-8656037.321, 4765287.189300001], [-8656032.1774, 4765288.669100001], [-8656025.8388, 4765290.916199997], [-8656021.8599, 4765293.208999999], [-8656016.2849, 4765296.656000003], [-8656013.887, 4765298.5845], [-8656007.5101, 4765302.806100003], [-8656001.118, 4765307.817599997], [-8655998.7197, 4765309.745999999], [-8655994.2791, 4765315.585500002], [-8655989.8305, 4765321.819600001], [-8655987.8106, 4765324.545599997], [-8655983.362, 4765330.7798999995], [-8655979.3069, 4765337.022], [-8655978.0735, 4765339.763400003], [-8655975.5839, 4765346.431100003], [-8655974.3355, 4765349.961900003], [-8655971.082, 4765355.429399997], [-8655968.6688, 4765358.1479], [-8655965.0981, 4765359.658799998], [-8655959.1911, 4765359.938699998], [-8655951.6951, 4765360.977799997], [-8655950.4924, 4765362.139700003], [-8655949.2668, 4765364.4859], [-8655948.3963, 4765368.814800002], [-8655948.2664, 4765375.5282000005], [-8655947.396, 4765379.8571000025], [-8655945.292, 4765386.926899999], [-8655942.4017, 4765393.981799997], [-8655941.153, 4765397.513099998], [-8655936.6814, 4765404.931999996], [-8655933.4358, 4765410.004900001], [-8655932.5956, 4765412.753600001], [-8655932.9433, 4765415.1307], [-8655934.8336, 4765419.118199997], [-8655936.7546, 4765421.526000001], [-8655937.9191, 4765422.338799998], [-8655938.698, 4765422.748999998], [-8655939.4924, 4765422.3693], [-8655940.6877, 4765421.602499999], [-8655942.2916, 4765420.053599998], [-8655945.923, 4765415.383500002], [-8655951.5057, 4765411.541599996], [-8655952.6627, 4765412.749399997], [-8655953.8273, 4765413.562299997], [-8655956.512, 4765417.170000002], [-8655956.8899, 4765417.967600003], [-8655956.8518, 4765419.942100003], [-8655956.05, 4765420.716499999], [-8655955.2326, 4765422.2808], [-8655953.6291, 4765423.829999998], [-8655950.4291, 4765426.533], [-8655946.4045, 4765431.1954], [-8655943.5289, 4765437.4602999985], [-8655941.0318, 4765444.5227999985], [-8655939.768, 4765448.843900003], [-8655936.4765, 4765456.285999998], [-8655936.0524, 4765457.857900001], [-8655935.839, 4765468.9157000035], [-8655934.5446, 4765474.816100001], [-8655932.8721, 4765479.919399999], [-8655929.9893, 4765486.579400003], [-8655928.3398, 4765490.498000003], [-8655926.637, 4765497.180799998], [-8655925.7663, 4765501.509499997], [-8655925.6366, 4765508.223099999], [-8655926.3089, 4765514.162100002], [-8655926.6563, 4765516.5392], [-8655927.4199, 4765517.739299998], [-8655928.1916, 4765518.544699997], [-8655928.9781, 4765518.560000002], [-8655932.9647, 4765515.872100003], [-8655939.3724, 4765510.070900001], [-8655941.362, 4765508.924400002], [-8655942.1483, 4765508.939900003], [-8655942.9198, 4765509.744800001], [-8655943.2979, 4765510.542499997], [-8655943.6683, 4765511.7346], [-8655944.0233, 4765513.717100002], [-8655944.3558, 4765516.883900002], [-8655944.333, 4765518.068700001], [-8655943.9015, 4765520.035599999], [-8655942.668, 4765522.777000003], [-8655940.2395, 4765526.2853000015], [-8655936.2147, 4765530.947700001], [-8655934.5958, 4765533.286799997], [-8655930.533, 4765539.923699997], [-8655928.9136, 4765542.262500003], [-8655923.6784, 4765548.481600001], [-8655919.6539, 4765553.144000001], [-8655918.4202, 4765555.885600001], [-8655918.3975, 4765557.07], [-8655918.7527, 4765559.0524], [-8655919.8867, 4765561.444899999], [-8655922.1781, 4765565.0451000035], [-8655925.6111, 4765570.642999999], [-8655928.6281, 4765577.417800002], [-8655929.3538, 4765580.592299998], [-8655929.3002, 4765583.357000001], [-8655928.0442, 4765587.283299997], [-8655925.1838, 4765592.758299999], [-8655923.9277, 4765596.684500001], [-8655922.6029, 4765604.164899997], [-8655920.8846, 4765611.637699999], [-8655920.476, 4765612.420000002], [-8655917.2302, 4765617.4925], [-8655912.8043, 4765622.542499997], [-8655907.9856, 4765627.584200002], [-8655903.1355, 4765634.206200004], [-8655901.532, 4765635.755099997], [-8655897.0756, 4765642.384199999], [-8655895.0557, 4765645.1105], [-8655889.8353, 4765650.539899997], [-8655882.6181, 4765657.510600001], [-8655877.3829, 4765663.729500003], [-8655872.5484, 4765669.561399996], [-8655870.5283, 4765672.287600003], [-8655865.6861, 4765678.5145], [-8655860.451, 4765684.733599998], [-8655859.2407, 4765686.2905], [-8655848.7851, 4765697.938699998], [-8655846.7804, 4765699.874799997], [-8655837.0961, 4765712.328699999], [-8655835.0685, 4765715.4498], [-8655831.3987, 4765722.094400004], [-8655828.1146, 4765729.1417], [-8655826.8659, 4765732.673], [-8655823.5743, 4765740.1153], [-8655819.8969, 4765747.1548999995], [-8655818.2699, 4765749.888800003], [-8655814.2148, 4765756.130599998], [-8655808.9869, 4765761.954999998], [-8655808.1775, 4765763.124300003], [-8655803.7209, 4765769.754000001], [-8655802.5106, 4765771.310599998], [-8655798.4472, 4765777.947899997], [-8655797.229, 4765779.899300002], [-8655792.7727, 4765786.528800003], [-8655788.324, 4765792.7632], [-8655786.6971, 4765795.497199997], [-8655780.1596, 4765808.012100004], [-8655776.8677, 4765815.454499997], [-8655772.8277, 4765820.9065999985], [-8655769.5892, 4765825.5842999965], [-8655766.7291, 4765831.059799999], [-8655765.8661, 4765834.993699998], [-8655766.2212, 4765836.975900002], [-8655767.3477, 4765839.763499998], [-8655770.0324, 4765843.371600002], [-8655773.8665, 4765848.5825999975], [-8655775.0006, 4765850.974799998], [-8655777.6242, 4765857.742399998], [-8655778.743, 4765860.924599998], [-8655781.7907, 4765866.120200001], [-8655784.8532, 4765870.525600001], [-8655787.1674, 4765872.941299997], [-8655789.1113, 4765874.164499998], [-8655791.8572, 4765874.6131], [-8655793.4303, 4765874.6435], [-8655796.6075, 4765873.125299998], [-8655799.3763, 4765872.388999999], [-8655802.122, 4765872.8376], [-8655806.7809, 4765876.089100003], [-8655813.3759, 4765880.958400004], [-8655815.7284, 4765881.399400003], [-8655816.916, 4765881.027599998], [-8655819.3217, 4765878.704000004], [-8655821.3419, 4765875.977799997], [-8655822.1592, 4765874.413400002], [-8655822.182, 4765873.228500001], [-8655822.5906, 4765872.446400002], [-8655821.4411, 4765870.843599997], [-8655820.67, 4765870.038400002], [-8655816.3812, 4765867.979500003], [-8655812.4707, 4765866.718099996], [-8655807.0175, 4765863.846299998], [-8655805.8528, 4765863.033299997], [-8655799.6509, 4765858.171499997], [-8655795.4082, 4765853.743000001], [-8655793.8808, 4765851.342699997], [-8655792.3835, 4765847.362800002], [-8655792.0897, 4765842.2211000025], [-8655792.2041, 4765836.2971], [-8655792.6891, 4765831.565700002], [-8655793.6132, 4765824.472400002], [-8655794.923, 4765817.7817], [-8655796.5803, 4765813.468000002], [-8655799.4405, 4765807.993000001], [-8655803.8818, 4765802.153099999], [-8655805.9094, 4765799.031999998], [-8655814.8222, 4765785.7733], [-8655816.4491, 4765783.039300002], [-8655821.2988, 4765776.4177], [-8655822.5168, 4765774.465999998], [-8655826.9734, 4765767.836800002], [-8655831.4224, 4765761.601999998], [-8655833.4421, 4765758.876000002], [-8655837.891, 4765752.641400002], [-8655839.9112, 4765749.915399998], [-8655843.9742, 4765743.2782000005], [-8655852.9629, 4765726.070200004], [-8655853.7726, 4765724.900700003], [-8655858.2214, 4765718.666199997], [-8655863.0633, 4765712.439300001], [-8655864.2818, 4765710.487800002], [-8655869.1236, 4765704.261100002], [-8655871.56, 4765700.357799999], [-8655876.0164, 4765693.728299998], [-8655876.8183, 4765692.953900002], [-8655880.8888, 4765685.921800002], [-8655884.9518, 4765679.2848000005], [-8655886.9795, 4765676.163900003], [-8655891.8216, 4765669.936899997], [-8655896.6406, 4765664.894900002], [-8655897.4426, 4765664.120300002], [-8655903.018, 4765660.673299998], [-8655906.5959, 4765658.767499998], [-8655910.2199, 4765654.492399998], [-8655913.0419, 4765650.991800003], [-8655917.0972, 4765644.749700002], [-8655918.3305, 4765642.008299999], [-8655922.0002, 4765635.363399997], [-8655923.6269, 4765632.629900001], [-8655928.0755, 4765626.395400003], [-8655931.2907, 4765622.902400002], [-8655933.2956, 4765620.966200002], [-8655934.884, 4765620.206900001], [-8655936.4648, 4765619.842600003], [-8655938.8097, 4765620.678199999], [-8655940.3601, 4765621.893799998], [-8655944.2171, 4765625.919799998], [-8655946.1226, 4765629.117399998], [-8655947.2339, 4765632.694399998], [-8655947.5741, 4765635.4663999975], [-8655947.1273, 4765638.223200001], [-8655946.2644, 4765642.157399997], [-8655944.2216, 4765646.0682], [-8655940.5669, 4765651.923199996], [-8655940.1583, 4765652.7048999965], [-8655938.4632, 4765658.993299998], [-8655937.5389, 4765666.086300001], [-8655936.661, 4765670.810400002], [-8655934.5494, 4765678.2754999995], [-8655933.7171, 4765680.629600003], [-8655930.834, 4765687.2897000015], [-8655927.1566, 4765694.329400003], [-8655922.2307, 4765704.900600001], [-8655918.9545, 4765711.5528], [-8655918.1449, 4765712.722199999], [-8655914.12, 4765717.384599999], [-8655911.7066, 4765720.103299998], [-8655907.6588, 4765725.950499997], [-8655906.0321, 4765728.684199996], [-8655901.5832, 4765734.918700002], [-8655896.7415, 4765741.145400003], [-8655894.7138, 4765744.266599998], [-8655889.8713, 4765750.493500002], [-8655889.0546, 4765752.057999998], [-8655889.0319, 4765753.242700003], [-8655889.3868, 4765755.2249], [-8655890.1354, 4765757.2151999995], [-8655893.954, 4765763.215300001], [-8655896.6313, 4765767.218500003], [-8655900.8355, 4765773.621299997], [-8655901.6148, 4765774.031499997], [-8655902.7794, 4765774.844499998], [-8655905.9262, 4765774.905599996], [-8655911.4558, 4765773.828199998], [-8655915.0034, 4765773.502099998], [-8655915.7823, 4765773.912600003], [-8655916.1607, 4765774.710100003], [-8655916.107, 4765777.474399999], [-8655915.2823, 4765779.433799997], [-8655911.6051, 4765786.4736], [-8655909.5698, 4765789.989600003], [-8655905.5141, 4765796.231899999], [-8655901.0655, 4765802.4663999975], [-8655899.0531, 4765804.797600001], [-8655894.2185, 4765810.629500002], [-8655888.9832, 4765816.8488000035], [-8655886.9706, 4765819.180100001], [-8655882.9077, 4765825.817100003], [-8655880.8876, 4765828.543499999], [-8655876.0456, 4765834.770199999], [-8655871.5968, 4765841.004699998], [-8655870.7719, 4765842.964100003], [-8655868.282, 4765849.631800003], [-8655865.777, 4765857.089500003], [-8655864.1276, 4765861.008100003], [-8655859.6786, 4765867.242899999], [-8655855.6385, 4765872.695100002], [-8655854.3897, 4765876.226499997], [-8655854.7375, 4765878.603600003], [-8655856.1886, 4765884.953500003], [-8655855.7495, 4765887.315200001], [-8655854.5161, 4765890.056699999], [-8655852.1026, 4765892.775300004], [-8655848.4938, 4765896.260600001], [-8655844.8774, 4765900.141099997], [-8655833.6504, 4765910.9846], [-8655832.054, 4765912.138700001], [-8655826.4407, 4765917.560199998], [-8655821.2201, 4765922.989699997], [-8655820.4107, 4765924.159400001], [-8655817.9364, 4765930.037199996], [-8655815.4311, 4765937.494999997], [-8655813.8041, 4765940.228699997], [-8655809.7641, 4765945.681299999], [-8655804.9218, 4765951.908200003], [-8655802.5085, 4765954.626800001], [-8655798.8385, 4765961.271700002], [-8655795.1612, 4765968.311099999], [-8655793.9505, 4765969.867899999], [-8655789.5094, 4765975.707699999], [-8655784.2736, 4765981.926899999], [-8655782.6544, 4765984.265799999], [-8655778.9848, 4765990.9108000025], [-8655777.7588, 4765993.257299997], [-8655773.6957, 4765999.894500002], [-8655772.0765, 4766002.233499996], [-8655768.0058, 4766009.265600003], [-8655766.371, 4766012.394199997], [-8655762.3003, 4766019.426700003], [-8655758.6303, 4766026.071500003], [-8655757.3893, 4766029.207999997], [-8655754.1051, 4766036.255500004], [-8655752.8794, 4766038.6022000015], [-8655748.8236, 4766044.844300002], [-8655743.8974, 4766055.415899999], [-8655742.6717, 4766057.7623], [-8655739.0016, 4766064.407200001], [-8655736.1568, 4766069.092799999], [-8655731.7001, 4766075.7223000005], [-8655726.8576, 4766081.949299999], [-8655726.4491, 4766082.731799997], [-8655721.6065, 4766088.958400004], [-8655719.9953, 4766090.902400002], [-8655717.5205, 4766096.780599996], [-8655715.8098, 4766103.858800001], [-8655714.5458, 4766108.180100001], [-8655711.6549, 4766115.235399999], [-8655708.3708, 4766122.282899998], [-8655707.5534, 4766123.847199999], [-8655703.4899, 4766130.484700002], [-8655699.0256, 4766137.508900002], [-8655694.9548, 4766144.541100003], [-8655690.8916, 4766151.178400002], [-8655690.0817, 4766152.348200001], [-8655685.2472, 4766158.180100001], [-8655680.4048, 4766164.406999998], [-8655679.1789, 4766166.753700003], [-8655675.509, 4766173.398599997], [-8655671.8313, 4766180.4384], [-8655670.6207, 4766181.995300002], [-8655666.1869, 4766187.440300003], [-8655659.3701, 4766194.023800001], [-8655656.5556, 4766197.129600003], [-8655652.1217, 4766202.5744], [-8655651.7132, 4766203.356399998], [-8655648.8375, 4766209.622000001], [-8655646.3781, 4766214.710000001], [-8655642.7081, 4766221.355099998], [-8655640.6804, 4766224.476300001], [-8655637.4034, 4766231.129100002], [-8655636.9872, 4766232.3059], [-8655633.3249, 4766238.5559], [-8655630.495, 4766242.451899998], [-8655626.0687, 4766247.501800001], [-8655622.8684, 4766250.2048999965], [-8655616.892, 4766254.039399996], [-8655609.7428, 4766257.455799997], [-8655606.5426, 4766260.158799998], [-8655603.2306, 4766263.167199999], [-8655597.7206, 4766268.679099999], [-8655594.4974, 4766272.567100003], [-8655591.6369, 4766278.0424000025], [-8655589.1392, 4766285.105499998], [-8655587.4817, 4766289.419100001], [-8655579.3548, 4766302.693999998], [-8655578.129, 4766305.0405], [-8655576.0171, 4766312.505999997], [-8655573.5193, 4766319.568999998], [-8655572.3086, 4766321.125799999], [-8655568.7148, 4766323.821500003], [-8655561.9819, 4766326.060699999], [-8655557.6016, 4766328.741099998], [-8655554.3631, 4766333.418700002], [-8655551.5179, 4766338.104199998], [-8655547.061, 4766344.734399997], [-8655542.9974, 4766351.371399999], [-8655540.9771, 4766354.097599998], [-8655537.6928, 4766361.145300001], [-8655533.6139, 4766368.5726], [-8655529.5733, 4766374.025200002], [-8655524.3604, 4766379.059699997], [-8655520.3657, 4766382.142499998], [-8655514.3966, 4766385.581799999], [-8655507.6485, 4766388.611100003], [-8655505.6664, 4766389.362300001], [-8655498.5093, 4766393.173799999], [-8655491.7458, 4766396.993000001], [-8655489.7638, 4766397.7443], [-8655483.0308, 4766399.9833], [-8655475.5113, 4766402.2073], [-8655472.3416, 4766403.330700003], [-8655465.2074, 4766405.957000002], [-8655464.0275, 4766405.933899999], [-8655456.9087, 4766407.770400003], [-8655452.5589, 4766408.870899998], [-8655445.0471, 4766410.6998], [-8655442.6716, 4766411.443400003], [-8655436.3625, 4766412.110399999], [-8655432.4365, 4766411.638800003], [-8655428.5259, 4766410.3772], [-8655423.0648, 4766407.899899997], [-8655422.2779, 4766407.884499997], [-8655415.2512, 4766404.981399998], [-8655411.7262, 4766404.122599997], [-8655406.6128, 4766404.0227999985], [-8655401.8847, 4766404.325400002], [-8655399.5169, 4766404.6743], [-8655395.9462, 4766406.185199998], [-8655391.5656, 4766408.865099996], [-8655386.7536, 4766413.512400001], [-8655381.9183, 4766419.3445999995], [-8655376.7285, 4766423.193999998], [-8655371.5613, 4766425.858900003], [-8655365.2139, 4766428.500600003], [-8655360.8562, 4766429.995999999], [-8655345.8018, 4766435.233499996], [-8655343.8195, 4766435.984999999], [-8655336.2999, 4766438.2086], [-8655330.361, 4766440.068099998], [-8655322.8494, 4766441.896600001], [-8655320.0727, 4766443.0276999995], [-8655314.512, 4766445.684799999], [-8655310.9259, 4766447.985399999], [-8655306.1215, 4766452.2377], [-8655302.898, 4766456.125600003], [-8655297.6696, 4766461.950199999], [-8655295.6491, 4766464.676399998], [-8655290.4208, 4766470.500699997], [-8655288.0224, 4766472.429099999], [-8655282.8625, 4766474.699000001], [-8655278.0965, 4766476.9767], [-8655274.4875, 4766480.4619999975], [-8655267.9945, 4766490.607799999], [-8655265.5043, 4766497.275799997], [-8655264.2859, 4766499.227300003], [-8655261.0853, 4766501.930699997], [-8655255.9028, 4766505.385499999], [-8655253.5121, 4766506.918899998], [-8655247.512, 4766511.938100003], [-8655241.9055, 4766516.965000004], [-8655239.9004, 4766518.9011999965], [-8655235.0652, 4766524.7333], [-8655232.6514, 4766527.451800004], [-8655227.0525, 4766532.083700001], [-8655224.6542, 4766534.012400001], [-8655218.2609, 4766539.023599997], [-8655212.6543, 4766544.050300002], [-8655209.847, 4766546.761299998], [-8655206.1843, 4766553.011399999], [-8655202.8998, 4766560.059100002], [-8655200.4628, 4766563.9626], [-8655195.2496, 4766568.997100003], [-8655189.2495, 4766574.016099997], [-8655186.4348, 4766577.121799998], [-8655182.3787, 4766583.364200003], [-8655180.7592, 4766585.703299999], [-8655176.6953, 4766592.340599999], [-8655174.251, 4766596.639200002], [-8655169.4233, 4766602.076200001], [-8655165.0042, 4766606.730899997], [-8655159.7682, 4766612.950300001], [-8655156.5445, 4766616.838299997], [-8655152.0873, 4766623.468000002], [-8655147.6377, 4766629.703000002], [-8655144.8305, 4766632.413699999], [-8655139.2469, 4766636.255400002], [-8655132.483, 4766640.0744], [-8655129.6988, 4766641.600199997], [-8655124.0844, 4766647.022], [-8655119.6427, 4766652.861900002], [-8655116.3808, 4766658.724799998], [-8655111.8849, 4766667.329300001], [-8655109.0318, 4766672.409900002], [-8655106.1559, 4766678.6752], [-8655104.0973, 4766683.376199998], [-8655100.4265, 4766690.021399997], [-8655095.9691, 4766696.651100002], [-8655091.5042, 4766703.675700001], [-8655086.6612, 4766709.902900003], [-8655083.4223, 4766714.580700003], [-8655079.7515, 4766721.226099998], [-8655077.2994, 4766725.919299997], [-8655074.0145, 4766732.967], [-8655071.1461, 4766738.837899998], [-8655067.4756, 4766745.482799999], [-8655065.0156, 4766750.571099997], [-8655060.9439, 4766757.603600003], [-8655058.4918, 4766762.296700001], [-8655055.207, 4766769.344800003], [-8655053.1403, 4766774.440800004], [-8655050.2489, 4766781.4965], [-8655048.9844, 4766785.8178], [-8655046.0929, 4766792.873499997], [-8655043.5868, 4766800.331500001], [-8655042.3533, 4766803.073100001], [-8655039.076, 4766809.726099998], [-8655035.0044, 4766816.758400001], [-8655034.1868, 4766818.323100001], [-8655030.1228, 4766824.960500002], [-8655029.313, 4766826.130099997], [-8655025.6348, 4766833.170299999], [-8655019.0646, 4766847.265799999], [-8655018.2471, 4766848.8303999975], [-8655014.9623, 4766855.878200002], [-8655008.8318, 4766867.6118], [-8655006.7806, 4766871.9179000035], [-8655002.3308, 4766878.152800001], [-8654998.6906, 4766883.218099996], [-8654994.2333, 4766889.847999997], [-8654990.994, 4766894.526000001], [-8654986.151, 4766900.752999999], [-8654982.5263, 4766905.028499998], [-8654978.0765, 4766911.2632], [-8654974.8451, 4766915.546499997], [-8654965.1588, 4766928.000699997], [-8654960.7012, 4766934.630599998], [-8654957.0614, 4766939.696000002], [-8654952.6111, 4766945.930799998], [-8654951.4005, 4766947.4877], [-8654946.9504, 4766953.722400002], [-8654942.9017, 4766959.570100002], [-8654938.4519, 4766965.805], [-8654934.3954, 4766972.047499999], [-8654929.9452, 4766978.282499999], [-8654925.9044, 4766983.735200003], [-8654921.4467, 4766990.3649], [-8654917.8065, 4766995.430200003], [-8654912.5774, 4767001.254600003], [-8654907.7494, 4767006.692000002], [-8654902.914, 4767012.5242], [-8654897.6926, 4767017.953699999], [-8654892.0702, 4767023.770499997], [-8654886.8413, 4767029.594800003], [-8654882.4143, 4767034.645199999], [-8654877.1853, 4767040.4695999995], [-8654871.9792, 4767045.109200001], [-8654866.3566, 4767050.925899997], [-8654861.5442, 4767055.573399998], [-8654855.937, 4767060.600299999], [-8654850.3222, 4767066.021899998], [-8654844.3218, 4767071.041199997], [-8654839.1081, 4767076.075800002], [-8654833.1074, 4767081.094700001], [-8654827.9167, 4767084.944399998], [-8654821.9162, 4767089.9636999965], [-8654815.5376, 4767094.185199998], [-8654814.7356, 4767094.9597999975], [-8654807.9635, 4767099.1734], [-8654804.3773, 4767101.4738000035], [-8654797.9906, 4767106.090499997], [-8654794.0031, 4767108.7782000005], [-8654788.0024, 4767113.797499999], [-8654783.2052, 4767117.654700004], [-8654776.8268, 4767121.876400001], [-8654772.0449, 4767124.943800002], [-8654765.6583, 4767129.560099997], [-8654760.4755, 4767133.014799997], [-8654754.0967, 4767137.236199997], [-8654752.1067, 4767138.382700004], [-8654745.728, 4767142.604199998], [-8654743.3447, 4767143.743000001], [-8654736.9585, 4767148.359200001], [-8654731.7676, 4767152.208999999], [-8654724.9881, 4767156.817500003], [-8654718.6015, 4767161.434299998], [-8654717.4061, 4767162.201200001], [-8654711.4053, 4767167.220200002], [-8654709.4003, 4767169.156300001], [-8654701.4096, 4767175.321999997], [-8654695.0233, 4767179.938600004], [-8654693.0255, 4767181.4799000025], [-8654686.6468, 4767185.701300003], [-8654683.4613, 4767187.614699997], [-8654677.0826, 4767191.8358], [-8654671.4986, 4767195.678000003], [-8654665.1119, 4767200.294299997], [-8654658.3246, 4767205.298], [-8654651.9383, 4767209.9146], [-8654639.9369, 4767219.952600002], [-8654633.5503, 4767224.568899997], [-8654632.3549, 4767225.335900001], [-8654624.3643, 4767231.501400001], [-8654617.9779, 4767236.117600001], [-8654615.9801, 4767237.6592999995], [-8654609.5935, 4767242.2754999995], [-8654602.8216, 4767246.489399999], [-8654600.0294, 4767248.410400003], [-8654593.2573, 4767252.6241], [-8654590.465, 4767254.5449], [-8654584.4718, 4767259.169], [-8654580.469, 4767262.6467999965], [-8654574.4761, 4767267.270900004], [-8654568.0816, 4767272.282300003], [-8654566.886, 4767273.049199998], [-8654560.5075, 4767277.2705999985], [-8654559.7129, 4767277.6499999985], [-8654553.3343, 4767281.871600002], [-8654546.1685, 4767286.077299997], [-8654539.4042, 4767289.896200001], [-8654532.6317, 4767294.109899998], [-8654529.8474, 4767295.635799997], [-8654523.8544, 4767300.259900004], [-8654522.6589, 4767301.026799999], [-8654515.8864, 4767305.2403], [-8654511.8988, 4767307.928400002], [-8654505.1267, 4767312.141999997], [-8654501.1465, 4767314.434699997], [-8654494.76, 4767319.051100001], [-8654491.1733, 4767321.351800002], [-8654484.7869, 4767325.968000002], [-8654481.601, 4767327.881200001], [-8654476.441, 4767330.151100002], [-8654474.8595, 4767330.514700003], [-8654468.4654, 4767335.5261999965], [-8654465.6733, 4767337.447099999], [-8654459.2945, 4767341.6686], [-8654452.5143, 4767346.276900001], [-8654450.1233, 4767347.810999997], [-8654443.729, 4767352.8222], [-8654440.937, 4767354.743199997], [-8654434.5578, 4767358.964400001], [-8654430.169, 4767362.039399996], [-8654423.7902, 4767366.260700002], [-8654417.4036, 4767370.876900002], [-8654415.0048, 4767372.8059], [-8654409.3971, 4767377.832699999], [-8654403.7822, 4767383.254299998], [-8654401.7843, 4767384.795699999], [-8654395.7757, 4767390.209700003], [-8654389.7748, 4767395.228699997], [-8654387.9892, 4767396.760700002], [-8654386.1727, 4767398.319200002], [-8654380.1795, 4767402.943099998], [-8654373.7927, 4767407.559600003], [-8654372.5972, 4767408.326399997], [-8654366.604, 4767412.950400002], [-8654355.4273, 4767421.029299997], [-8654348.6704, 4767424.452799998], [-8654330.7752, 4767433.979999997], [-8654324.0103, 4767437.798500001], [-8654320.038, 4767439.696099997], [-8654312.8953, 4767442.717], [-8654305.367, 4767445.3352999985], [-8654299.0264, 4767447.581900001], [-8654291.8914, 4767450.207800001], [-8654284.3552, 4767453.220899999], [-8654282.575, 4767453.8955999985], [-8654280.3906, 4767454.723399997], [-8654273.2554, 4767457.349600002], [-8654265.7195, 4767460.362999998], [-8654263.7367, 4767461.113899998], [-8654256.9798, 4767464.537799999], [-8654249.8219, 4767468.3486], [-8654242.6712, 4767471.764300004], [-8654235.9065, 4767475.582900003], [-8654234.7109, 4767476.349699996], [-8654227.9384, 4767480.563299999], [-8654221.9529, 4767484.792499997], [-8654219.955, 4767486.3336], [-8654214.3473, 4767491.3605], [-8654208.3463, 4767496.3794], [-8654206.3407, 4767498.315499999], [-8654200.3319, 4767503.729500003], [-8654195.5342, 4767507.586800002], [-8654189.1473, 4767512.203199998], [-8654183.154, 4767516.827100001], [-8654180.7474, 4767519.150799997], [-8654177.8859, 4767524.626500003], [-8654175.857, 4767527.748099998], [-8654171.4144, 4767533.587800004], [-8654166.5702, 4767539.815099999], [-8654277.4078, 4767668.438600004], [-8654283.7407, 4767666.587099999], [-8654284.9286, 4767666.215300001], [-8654291.6395, 4767665.1620000005], [-8654299.1217, 4767664.913400002], [-8654302.6552, 4767665.377899997], [-8654310.1067, 4767666.709700003], [-8654316.4011, 4767666.833300002], [-8654319.9496, 4767666.507700004], [-8654327.4625, 4767664.679300003], [-8654332.1911, 4767664.376900002], [-8654340.0823, 4767663.346500002], [-8654342.0496, 4767663.3851], [-8654349.5473, 4767662.346500002], [-8654351.9152, 4767661.998099998], [-8654359.3979, 4767661.749799997], [-8654362.1594, 4767661.409100004], [-8654370.0351, 4767661.168499999], [-8654377.9033, 4767661.322700001], [-8654382.6321, 4767661.020499997], [-8654390.5078, 4767660.779600002], [-8654393.2615, 4767660.833800003], [-8654401.1452, 4767660.198100001], [-8654405.8737, 4767659.895900004], [-8654412.5691, 4767659.631899998], [-8654416.4956, 4767660.104199998], [-8654423.9474, 4767661.435999997], [-8654429.0464, 4767662.325999998], [-8654436.5057, 4767663.262900002], [-8654441.6123, 4767663.7579], [-8654449.0793, 4767664.299800001], [-8654451.833, 4767664.3539], [-8654459.7089, 4767664.113200001], [-8654461.6759, 4767664.151799999], [-8654469.5519, 4767663.910899997], [-8654477.034, 4767663.662600003], [-8654480.189, 4767663.329400003], [-8654495.9255, 4767663.637999997], [-8654503.778, 4767664.5825999975], [-8654506.5243, 4767665.031199999], [-8654513.9991, 4767665.177900001], [-8654519.5145, 4767664.890799999], [-8654523.8728, 4767663.3957], [-8654526.2793, 4767661.072099999], [-8654529.1329, 4767655.990900002], [-8654531.5396, 4767653.667300001], [-8654535.9131, 4767651.382100001], [-8654541.8526, 4767649.5229], [-8654548.1857, 4767647.6712], [-8654555.7065, 4767645.447899997], [-8654562.8338, 4767643.216600001], [-8654564.4229, 4767642.4575999975], [-8654569.9996, 4767639.010499999], [-8654571.5889, 4767638.251500003], [-8654576.4095, 4767633.208999999], [-8654580.0192, 4767629.723499998], [-8654585.997, 4767625.889300004], [-8654591.9596, 4767622.844999999], [-8654597.1124, 4767620.969999999], [-8654603.8389, 4767619.126199998], [-8654608.9761, 4767618.041500002], [-8654612.9099, 4767618.1184], [-8654616.4353, 4767618.9782000035], [-8654623.4015, 4767625.0419000015], [-8654624.9751, 4767625.072499998], [-8654625.7696, 4767624.692900002], [-8654626.9652, 4767623.926200002], [-8654628.5541, 4767623.167000003], [-8654632.5497, 4767620.084200002], [-8654637.3549, 4767615.831699997], [-8654641.7747, 4767611.176600002], [-8654646.6183, 4767604.949199997], [-8654648.6238, 4767603.012800001], [-8654653.8531, 4767597.188199997], [-8654656.6528, 4767594.8719], [-8654662.6464, 4767590.247599997], [-8654672.2264, 4767583.322700001], [-8654684.2281, 4767573.2839], [-8654686.6345, 4767570.960199997], [-8654693.029, 4767565.948700003], [-8654695.0266, 4767564.407200001], [-8654702.2461, 4767557.435999997], [-8654707.869, 4767551.619000003], [-8654712.6819, 4767546.9717999995], [-8654724.6834, 4767536.932800002], [-8654727.0896, 4767534.609300002], [-8654735.9906, 4767522.1391], [-8654738.0113, 4767519.412600003], [-8654747.6987, 4767506.957900003], [-8654749.7116, 4767504.626199998], [-8654754.5475, 4767498.793799996], [-8654755.7507, 4767497.631899998], [-8654760.201, 4767491.3967999965], [-8654761.8128, 4767489.452799998], [-8654767.05, 4767483.233099997], [-8654774.3154, 4767473.891599998], [-8654779.9381, 4767468.074900001], [-8654785.1674, 4767462.250100002], [-8654786.7794, 4767460.306000002], [-8654790.4429, 4767454.055799998], [-8654794.1216, 4767447.015000001], [-8654795.3401, 4767445.063199997], [-8654795.8194, 4767444.1457], [-8654799.0188, 4767438.022699997], [-8654803.0832, 4767431.384900004], [-8654804.7184, 4767428.255800001], [-8654809.5696, 4767421.633400001], [-8654811.5979, 4767418.512199998], [-8654816.4413, 4767412.284500003], [-8654817.66, 4767410.332699999], [-8654822.1176, 4767403.7029], [-8654823.3364, 4767401.751100004], [-8654827.4008, 4767395.1131], [-8654828.2259, 4767393.1536], [-8654831.9048, 4767386.112999998], [-8654833.1387, 4767383.371200003], [-8654836.8174, 4767376.330899999], [-8654840.4884, 4767369.6853], [-8654842.108, 4767367.346199997], [-8654847.3369, 4767361.521499999], [-8654852.5586, 4767356.0918999985], [-8654855.3738, 4767352.986000001], [-8654862.7159, 4767339.694700003], [-8654864.3355, 4767337.355800003], [-8654873.2508, 4767324.095799997], [-8654879.3053, 4767316.311700001], [-8654884.5344, 4767310.486900002], [-8654886.9485, 4767307.768399999], [-8654892.1777, 4767301.943300001], [-8654897.0211, 4767295.7161], [-8654899.4349, 4767292.997400001], [-8654903.1059, 4767286.3521], [-8654906.3912, 4767279.303900003], [-8654908.0262, 4767276.174900003], [-8654911.3191, 4767268.731700003], [-8654914.9822, 4767262.481299996], [-8654916.5943, 4767260.537100002], [-8654921.3993, 4767256.284599997], [-8654924.9859, 4767253.984200001], [-8654927.3693, 4767252.845200002], [-8654929.3513, 4767252.093800001], [-8654931.3184, 4767252.132299997], [-8654933.6633, 4767252.968599997], [-8654935.592, 4767254.981799997], [-8654938.6854, 4767257.808399998], [-8654939.8579, 4767258.226599999], [-8654941.4392, 4767257.862199999], [-8654943.8227, 4767256.723499998], [-8654947.4091, 4767254.422799997], [-8654953.78, 4767250.596299998], [-8654955.3613, 4767250.232000001], [-8654959.2796, 4767251.098899998], [-8654966.338, 4767252.422399998], [-8654968.7134, 4767251.678599998], [-8654975.8713, 4767247.867299996], [-8654983.0137, 4767244.846000001], [-8654984.5871, 4767244.876599997], [-8654986.1455, 4767245.697499998], [-8654987.6883, 4767247.308300003], [-8654989.9797, 4767250.909199998], [-8654991.5303, 4767252.125299998], [-8654997.0223, 4767253.022699997], [-8655000.9641, 4767252.704700001], [-8655005.3142, 4767251.6043], [-8655006.8953, 4767251.240199998], [-8655007.6974, 4767250.465599999], [-8655007.3348, 4767248.8781], [-8655006.5558, 4767248.467600003], [-8655005.3909, 4767247.654700004], [-8654999.9217, 4767245.571999997], [-8654995.2547, 4767242.714599997], [-8654993.6966, 4767241.894100003], [-8654983.2818, 4767231.021899998], [-8654980.9524, 4767229.395199999], [-8654977.4271, 4767228.536399998], [-8654972.7141, 4767228.049099997], [-8654967.5922, 4767228.343800001], [-8654963.2497, 4767229.049099997], [-8654957.7117, 4767230.521300003], [-8654954.5414, 4767231.644699998], [-8654947.399, 4767234.666199997], [-8654943.8355, 4767235.781800002], [-8654936.3152, 4767238.005400002], [-8654935.1349, 4767237.9824], [-8654934.3711, 4767236.781800002], [-8654933.9932, 4767235.984399997], [-8654934.0238, 4767234.4045], [-8654934.8797, 4767230.865099996], [-8654935.7122, 4767228.510499999], [-8654936.9464, 4767225.768600002], [-8654938.566, 4767223.4296], [-8654940.5711, 4767221.493100002], [-8654941.7668, 4767220.726499997], [-8654943.7413, 4767220.3697], [-8654947.6675, 4767220.841600001], [-8654951.208, 4767220.910899997], [-8654953.5912, 4767219.772200003], [-8654956.8152, 4767215.883900002], [-8654962.0521, 4767209.664300002], [-8654964.4353, 4767208.5254999995], [-8654967.5824, 4767208.587200001], [-8654972.3105, 4767208.284500003], [-8654973.1051, 4767207.904799998], [-8654973.5139, 4767207.1228], [-8654973.9302, 4767205.945600003], [-8654974.3697, 4767203.5830999985], [-8654975.2407, 4767199.254100002], [-8654978.117, 4767192.988200001], [-8654982.1661, 4767187.1401999965], [-8654984.6031, 4767183.236599997], [-8654989.4388, 4767177.4043999985], [-8654994.6525, 4767172.369499996], [-8654996.65, 4767170.828400001], [-8655002.6046, 4767168.178900003], [-8655010.1175, 4767166.350199997], [-8655014.884, 4767164.0726], [-8655022.0799, 4767158.286399998], [-8655028.4891, 4767152.4848000035], [-8655032.0907, 4767149.394400001], [-8655034.4819, 4767147.860399999], [-8655036.0632, 4767147.496200003], [-8655038.0299, 4767147.534599997], [-8655039.2025, 4767147.952600002], [-8655040.7531, 4767149.168399997], [-8655042.6969, 4767150.391900003], [-8655044.2322, 4767152.397399999], [-8655044.996, 4767153.597900003], [-8655045.3663, 4767154.790600002], [-8655045.3357, 4767156.370399997], [-8655044.881, 4767159.522399999], [-8655044.411, 4767163.4646999985], [-8655046.5568, 4767174.570200004], [-8655046.82, 4767181.2924000025], [-8655046.2963, 4767187.999499999], [-8655045.4405, 4767191.538999997], [-8655043.7443, 4767197.827799998], [-8655041.7006, 4767201.739200003], [-8655038.4616, 4767206.417499997], [-8655034.8367, 4767210.693099998], [-8655030.9204, 4767217.807800002], [-8655032.3381, 4767217.756499998], [-8655033.5339, 4767216.989399999], [-8655037.1433, 4767213.503799997], [-8655039.9585, 4767210.398199998], [-8655043.9614, 4767206.920000002], [-8655048.797, 4767201.087700002], [-8655053.2468, 4767194.852600001], [-8655056.0694, 4767191.351800002], [-8655060.9053, 4767185.519400001], [-8655066.1418, 4767179.299699999], [-8655067.7689, 4767176.565399997], [-8655071.4321, 4767170.315200001], [-8655072.6581, 4767167.9684000015], [-8655078.7658, 4767157.419299997], [-8655083.2081, 4767151.579000004], [-8655084.82, 4767149.635499999], [-8655090.4346, 4767144.212899998], [-8655096.8821, 4767136.436700001], [-8655098.8335, 4767136.850299999], [-8655102.5119, 4767130.224799998], [-8655104.5324, 4767127.498599999], [-8655108.9827, 4767121.263400003], [-8655113.4398, 4767114.633400001], [-8655114.6506, 4767113.076399997], [-8655120.2575, 4767108.049599998], [-8655126.2505, 4767103.4252], [-8655128.6488, 4767101.496600002], [-8655142.6856, 4767087.941500001], [-8655148.3078, 4767082.124899998], [-8655153.5367, 4767076.299999997], [-8655155.5574, 4767073.573700003], [-8655160.0069, 4767067.338600002], [-8655161.6266, 4767064.999600001], [-8655164.5104, 4767058.339000002], [-8655165.7366, 4767055.992200002], [-8655168.6357, 4767048.5414], [-8655170.6792, 4767044.630099997], [-8655176.3474, 4767036.443499997], [-8655181.1905, 4767030.215999998], [-8655182.409, 4767028.2641], [-8655186.8664, 4767021.634400003], [-8655188.8943, 4767018.513099998], [-8655193.7222, 4767013.075499997], [-8655194.5244, 4767012.300800003], [-8655199.7532, 4767006.476499997], [-8655202.9463, 4767004.168099999], [-8655208.5223, 4767000.721199997], [-8655212.1011, 4766998.815300003], [-8655218.8498, 4766995.7863000035], [-8655221.6264, 4766994.655199997], [-8655229.1619, 4766991.6417], [-8655233.936, 4766988.968900003], [-8655239.5201, 4766985.126699999], [-8655244.741, 4766979.697300002], [-8655247.9572, 4766976.204300001], [-8655258.4145, 4766964.554700002], [-8655260.4273, 4766962.2233000025], [-8655270.0522, 4766952.928499997], [-8655275.2809, 4766947.103799999], [-8655277.6947, 4766944.384900004], [-8655283.3014, 4766939.358199999], [-8655286.9109, 4766935.872599997], [-8655293.3043, 4766930.861299999], [-8655301.2944, 4766924.695100002], [-8655304.0941, 4766922.3794], [-8655308.9216, 4766916.941699997], [-8655312.9471, 4766912.278999999], [-8655318.5464, 4766907.647], [-8655321.3383, 4766905.725599997], [-8655327.7164, 4766901.504199997], [-8655330.0998, 4766900.365500003], [-8655334.8585, 4766898.482699998], [-8655339.5943, 4766897.784900002], [-8655345.0862, 4766898.682499997], [-8655352.1515, 4766899.6109], [-8655356.4941, 4766898.9054000005], [-8655361.253, 4766897.0227999985], [-8655364.4229, 4766895.8992], [-8655370.778, 4766892.862300001], [-8655374.3642, 4766890.561800003], [-8655381.5215, 4766886.750399999], [-8655383.118, 4766885.596299998], [-8655389.4964, 4766881.374600001], [-8655391.8949, 4766879.445900001], [-8655397.1156, 4766874.016099997], [-8655401.55, 4766868.571000002], [-8655403.9867, 4766864.667199999], [-8655407.6496, 4766858.417099997], [-8655410.1091, 4766853.328900002], [-8655413.7872, 4766846.288400002], [-8655417.0643, 4766839.635399997], [-8655420.349, 4766832.587399997], [-8655421.9759, 4766829.853399999], [-8655430.1036, 4766816.578100003], [-8655430.9362, 4766814.223700002], [-8655431.8375, 4766808.314599998], [-8655431.9829, 4766800.810500003], [-8655432.8538, 4766796.481299996], [-8655434.9356, 4766790.594899997], [-8655437.7962, 4766785.119199999], [-8655441.4283, 4766780.449000001], [-8655443.0248, 4766779.294500001], [-8655447.39, 4766777.404299997], [-8655454.91, 4766775.180200003], [-8655459.6993, 4766771.7179000005], [-8655463.7098, 4766767.844899997], [-8655469.7096, 4766762.825800002], [-8655473.3188, 4766759.340099998], [-8655478.5472, 4766753.515500002], [-8655484.1691, 4766747.698600002], [-8655485.7806, 4766745.7544], [-8655495.0041, 4766736.846900001], [-8655501.027, 4766730.642499998], [-8655506.6485, 4766724.825599998], [-8655511.8773, 4766719.000799999], [-8655517.4991, 4766713.184299998], [-8655523.1285, 4766706.972199999], [-8655526.3597, 4766702.689099997], [-8655530.8015, 4766696.849100001], [-8655533.6467, 4766692.163199998], [-8655537.317, 4766685.517999999], [-8655539.3602, 4766681.606600001], [-8655542.2514, 4766674.551399998], [-8655545.5129, 4766668.688199997], [-8655549.1298, 4766664.807700001], [-8655558.754, 4766655.512999997], [-8655561.5839, 4766651.617200002], [-8655563.2187, 4766648.487999998], [-8655565.3079, 4766642.207199998], [-8655565.7776, 4766638.2651999965], [-8655567.08, 4766631.9690999985], [-8655568.7528, 4766626.8653], [-8655571.2201, 4766621.381999999], [-8655577.2733, 4766613.597900003], [-8655579.7404, 4766608.114299998], [-8655581.7991, 4766603.413199998], [-8655583.4108, 4766601.468999997], [-8655588.6391, 4766595.644699998], [-8655592.2785, 4766590.579300001], [-8655595.1165, 4766586.2883], [-8655597.1368, 4766583.561800003], [-8655599.9209, 4766582.0361], [-8655605.4508, 4766580.958400004], [-8655606.631, 4766580.981399998], [-8655607.41, 4766581.3917], [-8655608.1967, 4766581.4070999995], [-8655609.3617, 4766582.219999999], [-8655609.732, 4766583.412600003], [-8655609.9802, 4766590.924599998], [-8655610.3201, 4766593.696900003], [-8655610.2284, 4766598.436300002], [-8655609.7586, 4766602.3781], [-8655608.1087, 4766606.296800002], [-8655604.4614, 4766611.757399999], [-8655599.256, 4766616.3972999975], [-8655593.2792, 4766620.231700003], [-8655590.0633, 4766623.724699996], [-8655588.845, 4766625.676600002], [-8655587.1798, 4766630.385499999], [-8655585.9156, 4766634.707000002], [-8655585.9002, 4766635.497000001], [-8655585.4536, 4766638.253899999], [-8655585.3924, 4766641.413800001], [-8655585.7627, 4766642.6065], [-8655586.5265, 4766643.806299999], [-8655590.021, 4766646.245399997], [-8655591.2012, 4766646.268399999], [-8655591.9802, 4766646.678499997], [-8655594.7338, 4766646.732299998], [-8655595.5283, 4766646.352899998], [-8655601.1348, 4766641.3257], [-8655603.9416, 4766638.614699997], [-8655608.391, 4766632.379900001], [-8655610.8047, 4766629.660999998], [-8655614.8531, 4766623.813299999], [-8655616.0791, 4766621.466600001], [-8655619.7492, 4766614.821400002], [-8655621.399, 4766610.902599998], [-8655624.2977, 4766603.452200003], [-8655627.1734, 4766597.186399996], [-8655630.0262, 4766592.105700001], [-8655631.2372, 4766590.548799999], [-8655635.6559, 4766585.894000001], [-8655638.0772, 4766582.780299999], [-8655640.9608, 4766576.1197], [-8655643.8517, 4766569.064099997], [-8655645.1158, 4766564.742799997], [-8655646.8268, 4766557.6642], [-8655648.9082, 4766551.7782000005], [-8655649.7178, 4766550.608599998], [-8655654.9461, 4766544.783799998], [-8655659.781, 4766538.9516], [-8655662.6263, 4766534.266099997], [-8655665.9109, 4766527.218099996], [-8655669.157, 4766522.1450999975], [-8655672.3725, 4766518.651900001], [-8655675.1719, 4766516.3358], [-8655678.7655, 4766513.6401999965], [-8655679.9688, 4766512.478299998], [-8655681.5573, 4766511.7190999985], [-8655682.3441, 4766511.734499998], [-8655683.1156, 4766512.5397000015], [-8655681.3893, 4766520.408299997], [-8655680.1252, 4766524.729599997], [-8655677.6197, 4766532.187600002], [-8655676.3786, 4766535.324500002], [-8655675.5691, 4766536.493900001], [-8655675.1528, 4766537.6712], [-8655675.1299, 4766538.856299996], [-8655675.5002, 4766540.0484], [-8655676.2793, 4766540.458800003], [-8655677.0661, 4766540.474100001], [-8655677.8452, 4766540.884499997], [-8655678.6318, 4766540.899800003], [-8655680.2131, 4766540.535400003], [-8655681.4008, 4766540.1635000035], [-8655682.2027, 4766539.388899997], [-8655685.8805, 4766532.348700002], [-8655687.9083, 4766529.2277000025], [-8655690.7993, 4766522.172200002], [-8655694.0761, 4766515.519299999], [-8655696.9212, 4766510.833400004], [-8655699.7436, 4766507.3325999975], [-8655702.1495, 4766505.008900002], [-8655705.3195, 4766503.885300003], [-8655709.6694, 4766502.7848000005], [-8655713.6716, 4766499.3068], [-8655718.8847, 4766494.272200003], [-8655720.4808, 4766493.118000001], [-8655725.6633, 4766489.6633], [-8655727.2672, 4766488.113799997], [-8655731.3233, 4766481.871299997], [-8655735.3865, 4766475.233999997], [-8655737.0133, 4766472.5], [-8655741.4701, 4766465.870099999], [-8655742.2952, 4766463.910599999], [-8655746.3585, 4766457.2733], [-8655748.3864, 4766454.151799999], [-8655752.8432, 4766447.521899998], [-8655757.2924, 4766441.287100002], [-8655759.3049, 4766438.955799997], [-8655764.9266, 4766433.138899997], [-8655769.7537, 4766427.701700002], [-8655771.774, 4766424.975199997], [-8655775.4439, 4766418.330200002], [-8655779.5073, 4766411.692599997], [-8655781.1189, 4766409.7487], [-8655785.9613, 4766403.521300003], [-8655790.7961, 4766397.689000003], [-8655794.428, 4766393.018799998], [-8655799.6562, 4766387.1941], [-8655801.6686, 4766384.862800002], [-8655806.5112, 4766378.635600001], [-8655811.7546, 4766372.020999998], [-8655816.5971, 4766365.793700002], [-8655821.0154, 4766361.138700001], [-8655825.0484, 4766356.081100002], [-8655826.2664, 4766354.1294], [-8655829.1496, 4766347.468999997], [-8655830.7843, 4766344.340000004], [-8655835.2253, 4766338.5], [-8655840.4537, 4766332.675399996], [-8655843.6769, 4766328.7874], [-8655849.2905, 4766323.3653], [-8655852.1051, 4766320.259499997], [-8655856.9322, 4766314.822099999], [-8655858.1428, 4766313.265500002], [-8655862.5917, 4766307.030599996], [-8655863.8252, 4766304.289099999], [-8655867.4952, 4766297.6439], [-8655870.386, 4766290.588299997], [-8655871.2185, 4766288.233999997], [-8655876.2287, 4766273.318000004], [-8655877.8937, 4766268.609499998], [-8655879.9825, 4766262.328699999], [-8655882.8809, 4766254.8785], [-8655883.7211, 4766252.128899999], [-8655885.4395, 4766244.655699998], [-8655887.9371, 4766237.592799999], [-8655889.1627, 4766235.246100001], [-8655893.2339, 4766228.2136999965], [-8655896.5027, 4766221.955799997], [-8655897.7513, 4766218.424500003], [-8655899.863, 4766210.958700001], [-8655901.528, 4766206.250100002], [-8655903.6396, 4766198.784599997], [-8655904.9038, 4766194.463100001], [-8655907.4086, 4766187.005099997], [-8655909.1194, 4766179.926899999], [-8655909.9595, 4766177.1778], [-8655910.8913, 4766169.689199999], [-8655912.2238, 4766161.813100003], [-8655912.6859, 4766158.2663], [-8655913.6251, 4766150.383199997], [-8655914.9425, 4766143.297200002], [-8655916.6227, 4766137.798699997], [-8655919.1275, 4766130.340400003], [-8655920.7848, 4766126.027099997], [-8655923.2748, 4766119.358900003], [-8655926.135, 4766113.883400001], [-8655927.7463, 4766111.939300001], [-8655933.746, 4766106.9201000035], [-8655938.1566, 4766102.660099998], [-8655940.2074, 4766098.3539], [-8655943.4989, 4766090.911499999], [-8655945.1333, 4766087.7826000005], [-8655953.2596, 4766074.508000001], [-8655955.2796, 4766071.781499997], [-8655960.122, 4766065.554700002], [-8655964.5707, 4766059.32], [-8655966.1975, 4766056.586000003], [-8655969.4738, 4766049.933399998], [-8655972.7578, 4766042.885600001], [-8655974.423, 4766038.177000001], [-8655976.9278, 4766030.7192], [-8655977.7527, 4766028.7601], [-8655980.6509, 4766021.309799999], [-8655981.4832, 4766018.955700003], [-8655984.775, 4766011.512900002], [-8655988.0589, 4766004.465599999], [-8655989.3001, 4766001.328900002], [-8655992.5915, 4765993.886500001], [-8655995.0736, 4765987.613399997], [-8655997.5636, 4765980.945500001], [-8655998.4111, 4765977.8015], [-8655999.7284, 4765970.715499997], [-8656000.2665, 4765963.219700001], [-8656000.6096, 4765945.4476], [-8656000.2393, 4765944.255000003], [-8655999.9984, 4765936.3488000035], [-8656000.1358, 4765929.2399], [-8656000.6053, 4765925.298100002], [-8656001.5293, 4765918.204999998], [-8656003.6181, 4765911.924500003], [-8656006.0771, 4765906.836099997], [-8656010.98, 4765897.449500002], [-8656015.0433, 4765890.8125], [-8656016.6701, 4765888.078699999], [-8656021.1186, 4765881.843900003], [-8656022.3367, 4765879.892300002], [-8656027.5722, 4765873.672899999], [-8656030.394, 4765870.171899997], [-8656035.2361, 4765863.945299998], [-8656037.2484, 4765861.613899998], [-8656042.4762, 4765855.7892], [-8656047.3107, 4765849.9575999975], [-8656049.3307, 4765847.230999999], [-8656053.787, 4765840.601899996], [-8656055.8071, 4765837.875399999], [-8656060.248, 4765832.035599999], [-8656062.2528, 4765830.099200003], [-8656068.2519, 4765825.079999998], [-8656075.8701, 4765817.7217999995], [-8656080.7045, 4765811.889799997], [-8656083.511, 4765809.178999998], [-8656089.1169, 4765804.151900001], [-8656089.9188, 4765803.377499998], [-8656095.1543, 4765797.158299997], [-8656097.1742, 4765794.4318], [-8656102.4019, 4765788.6074], [-8656105.2086, 4765785.896899998], [-8656110.8144, 4765780.8697], [-8656117.1991, 4765776.2531], [-8656119.5972, 4765774.324199997], [-8656125.9744, 4765770.1027000025], [-8656128.7656, 4765768.181400001], [-8656135.9217, 4765764.369900003], [-8656142.6846, 4765760.550499998], [-8656164.1532, 4765749.116300002], [-8656170.9084, 4765745.692199998], [-8656190.7655, 4765736.201399997], [-8656195.9245, 4765733.931500003], [-8656203.0653, 4765730.909699999], [-8656210.2139, 4765727.493100002], [-8656212.6045, 4765725.959200002], [-8656218.1948, 4765721.722099997], [-8656219.7986, 4765720.173100002], [-8656225.0186, 4765714.743600003], [-8656230.2307, 4765709.7092999965], [-8656236.1995, 4765706.269400001], [-8656238.9831, 4765704.7434], [-8656244.5278, 4765702.875699997], [-8656245.3144, 4765702.890900001], [-8656253.2039, 4765701.859099999], [-8656259.9209, 4765700.409500003], [-8656261.1086, 4765700.037600003], [-8656268.6425, 4765697.023400001], [-8656271.0256, 4765695.884499997], [-8656278.1665, 4765692.862800002], [-8656282.1301, 4765691.3596], [-8656289.6567, 4765688.7403], [-8656299.1576, 4765685.764399998], [-8656301.926, 4765685.028099999], [-8656309.4374, 4765683.198899999], [-8656311.0184, 4765682.834399998], [-8656318.5222, 4765681.3999999985], [-8656322.4703, 4765680.6866], [-8656330.3601, 4765679.654600002], [-8656337.8561, 4765678.6153], [-8656344.5579, 4765677.9553999975], [-8656352.0462, 4765677.310599998], [-8656353.6272, 4765676.946400002], [-8656361.5015, 4765676.704099998], [-8656365.4422, 4765676.386], [-8656372.9384, 4765675.346000001], [-8656380.4191, 4765675.0964], [-8656391.0164, 4765676.487800002], [-8656393.3764, 4765676.533500001], [-8656400.8115, 4765678.653300002], [-8656404.3362, 4765679.511799999], [-8656411.7868, 4765680.842], [-8656415.3113, 4765681.700499997], [-8656422.7694, 4765682.635600001], [-8656434.5238, 4765685.234200001], [-8656439.6218, 4765686.123599999], [-8656447.0646, 4765687.848399997], [-8656451.7769, 4765688.334600002], [-8656459.2273, 4765689.6647000015], [-8656462.3662, 4765690.120800003], [-8656469.8016, 4765692.240599997], [-8656472.5398, 4765693.083999999], [-8656479.9748, 4765695.203699999], [-8656481.9338, 4765695.636699997], [-8656489.3767, 4765697.361400001], [-8656492.5082, 4765698.2126], [-8656499.9436, 4765700.332199998], [-8656503.0674, 4765701.578199998], [-8656510.4947, 4765704.092799999], [-8656512.454, 4765704.526000001], [-8656519.4806, 4765707.4278], [-8656522.9979, 4765708.681599997], [-8656537.8532, 4765713.710699998], [-8656540.1976, 4765714.546400003], [-8656555.0532, 4765719.5757], [-8656558.1846, 4765720.426200002], [-8656573.055, 4765724.665799998], [-8656576.179, 4765725.911499999], [-8656583.1903, 4765729.603500001], [-8656593.7193, 4765734.548699997], [-8656600.7306, 4765738.240500003], [-8656607.7574, 4765741.142200001], [-8656610.1024, 4765741.9777000025], [-8656617.5374, 4765744.097599998], [-8656624.9804, 4765745.822499998], [-8656625.5114, 4765747.178499997], [-8656636.3338, 4765748.807899997], [-8656644.17, 4765750.540399998], [-8656646.9082, 4765751.383500002], [-8656654.3588, 4765752.713500001], [-8656658.6548, 4765754.377300002], [-8656666.075, 4765757.286600001], [-8656672.7314, 4765758.996100001], [-8656676.2561, 4765759.854599997], [-8656683.3284, 4765760.3869], [-8656690.4085, 4765760.5242], [-8656694.7426, 4765760.213200003], [-8656702.6323, 4765759.180799998], [-8656706.1873, 4765758.459600002], [-8656712.8971, 4765757.404700004], [-8656718.8046, 4765757.124200001], [-8656723.9101, 4765757.618100002], [-8656730.1654, 4765759.715000004], [-8656736.0274, 4765761.804300003], [-8656738.38, 4765762.244900003], [-8656746.2388, 4765762.792000003], [-8656752.9179, 4765763.316799998], [-8656759.9903, 4765763.848899998], [-8656765.8598, 4765765.542999998], [-8656772.8944, 4765768.049999997], [-8656778.7716, 4765769.349200003], [-8656783.0982, 4765769.4331], [-8656789.8003, 4765768.7727999985], [-8656793.3478, 4765768.446900003], [-8656800.8663, 4765766.2217999995], [-8656802.8409, 4765765.8653], [-8656810.3597, 4765763.640600003], [-8656812.3415, 4765762.888700001], [-8656819.8527, 4765761.059], [-8656829.3535, 4765758.082500003], [-8656843.6351, 4765752.0380000025], [-8656847.5988, 4765750.534900002], [-8656858.9391, 4765747.232299998], [-8656875.1934, 4765743.3358], [-8656903.707, 4765763.0075], [-8656917.2247, 4765772.3332], [-8656929.4502, 4765780.7676], [-8657019.4813, 4765842.879299998], [-8656964.7066, 4765962.214299999], [-8656950.1352, 4766052.280699998], [-8656894.9234, 4766184.521200001], [-8656810.6367, 4766245.4580999985], [-8656758.5197, 4766220.240699999], [-8656797.7842, 4766360.529600002], [-8656603.2458, 4766266.3298999965], [-8656410.1508, 4766675.846699998], [-8656499.2277, 4766857.609899998], [-8656537.8209, 4766891.565099999], [-8656513.2013, 4766919.276000001], [-8656414.934, 4767029.780599996], [-8656416.1669, 4767028.366400003], [-8656322.7021, 4766944.357000001], [-8656271.9476, 4766906.7776999995], [-8656265.3889, 4766915.8543], [-8656301.9253, 4766950.770300001], [-8656246.7167, 4766990.304799996], [-8656393.1417, 4767112.170199998], [-8656328.9771, 4767184.253700003], [-8656299.0799, 4767199.934600003], [-8656298.8765, 4767200.0419000015], [-8656291.574, 4767203.888899997], [-8656255.4807, 4767276.8386999965], [-8656156.3827, 4767355.724100001], [-8656040.8791, 4767399.016000003], [-8656024.531, 4767404.762999997], [-8656042.2988, 4767419.849399999], [-8656165.2408, 4767543.749700002], [-8656188.2548, 4767566.943000004], [-8656219.2684, 4767598.197499998], [-8656177.3899, 4767627.917000003], [-8656140.5517, 4767654.059100002], [-8656098.9521, 4767683.5798999965], [-8655950.4024, 4767710.576200001], [-8655935.8163, 4767620.411399998], [-8655409.5353, 4767655.886200003], [-8655255.1849, 4767572.5178999975], [-8655086.0421, 4767727.024899997], [-8654928.3877, 4767729.927900001], [-8654919.3039, 4767730.095200002], [-8654770.5776, 4767827.122199997], [-8654772.3429, 4767868.357500002], [-8654675.5728, 4767875.297799997], [-8654661.1162, 4767973.385399997], [-8654653.3771, 4767971.952399999], [-8654652.3997, 4767977.681500003], [-8654650.8364, 4767986.445500001], [-8654534.9987, 4767958.803400002], [-8654492.8913, 4767948.755000003], [-8654512.1199, 4767879.661600001], [-8654505.8104, 4767874.9169000015], [-8654492.2407, 4767907.075099997], [-8654464.0174, 4767916.419699997], [-8654458.0873, 4767990.084600002], [-8654519.5314, 4768007.886299998], [-8654505.5494, 4768058.983400002], [-8654453.8635, 4768045.324299999], [-8654453.7495, 4768071.402999997], [-8654628.6266, 4768125.412900001], [-8654620.7158, 4768163.273000002], [-8654608.2901, 4768199.701300003], [-8654449.7359, 4768156.284999996], [-8654449.7603, 4768175.253600001], [-8654422.3435, 4768168.392999999], [-8654382.2056, 4768157.847199999], [-8654368.2603, 4768237.380099997], [-8654298.1925, 4768227.059500001], [-8654219.3861, 4768215.138499998], [-8654207.7363, 4768296.296599999], [-8653954.7775, 4768258.0336000025], [-8653963.0249, 4768205.088100001], [-8653951.432, 4768202.792800002], [-8653907.8455, 4768196.199199997], [-8653916.175, 4768142.725199997], [-8653959.7616, 4768149.3191], [-8653971.4613, 4768150.9287], [-8653984.3398, 4768068.252599999], [-8653969.0725, 4768069.184199996], [-8653883.3716, 4768074.410999998], [-8653869.7247, 4768075.2434], [-8653863.8232, 4768113.129100002], [-8653860.571, 4768134.008500002], [-8653853.2313, 4768188.5559], [-8653844.2304, 4768242.432999998], [-8653820.4914, 4768237.630999997], [-8653797.1517, 4768234.063199997], [-8653813.7994, 4768126.884499997], [-8653754.7512, 4768117.890600003], [-8653738.202, 4768225.0524], [-8653621.4994, 4768207.2108], [-8653629.6515, 4768153.644299999], [-8653606.2866, 4768150.078900002], [-8653594.5512, 4768148.6448], [-8653586.4628, 4768201.856899999], [-8653434.024, 4768178.551600002], [-8653450.0386, 4768071.471900001], [-8653328.977, 4768053.030500002], [-8653195.4361, 4768036.554700002], [-8653179.5541, 4768175.523699999], [-8653178.2218, 4768187.050899997], [-8653160.0201, 4768152.965400003], [-8653153.0188, 4768142.984999999], [-8653145.2443, 4768134.484499998], [-8653132.9229, 4768122.719700001], [-8653109.759, 4768101.213100001], [-8653057.7873, 4768054.891999997], [-8653042.3864, 4768068.168700002], [-8653006.2937, 4768099.2826000005], [-8653018.2474, 4768118.618500002], [-8653041.1329, 4768155.8213], [-8653028.9321, 4768146.558799997], [-8652953.4893, 4768089.281999998], [-8652920.8394, 4768128.548299998], [-8652992.5305, 4768185.684500001], [-8653073.4559, 4768253.672200002], [-8653144.6854, 4768316.479599997], [-8653137.5402, 4768324.271399997], [-8653135.6243, 4768327.724299997], [-8653121.131, 4768319.927000001], [-8653106.4351, 4768312.522699997], [-8653091.5469, 4768305.516000003], [-8653076.5007, 4768298.923799999], [-8653061.2845, 4768292.739100002], [-8653045.9085, 4768286.965000004], [-8653030.3841, 4768281.607000001], [-8653014.7223, 4768276.668300003]], [[-8652711.666, 4768057.935400002], [-8652708.4594, 4768050.673699997], [-8652687.7826, 4768061.1976], [-8652690.6388, 4768066.300399996], [-8652691.4023, 4768067.501100004], [-8652694.4178, 4768074.278499998], [-8652696.6541, 4768080.6455999985], [-8652698.8673, 4768088.197400004], [-8652700.7413, 4768092.976599999], [-8652703.7957, 4768097.778999999], [-8652704.7019, 4768098.725900002], [-8652505.2241, 4768189.911899999], [-8652540.3622, 4768181.259800002], [-8652628.175, 4768160.547200002], [-8652643.5215, 4768156.120899998], [-8652653.3363, 4768153.329000004], [-8652663.8237, 4768149.833700001], [-8652677.551, 4768145.174500003], [-8652693.65, 4768139.589900002], [-8652701.9284, 4768136.043899998], [-8652709.7515, 4768132.448399998], [-8652716.1254, 4768128.615999997], [-8652725.5291, 4768122.065499999], [-8652726.7909, 4768120.6633], [-8652732.5551, 4768113.679499999], [-8652731.763, 4768112.975199997], [-8652732.8671, 4768110.637199998], [-8652729.7716, 4768088.6316], [-8652728.0925, 4768073.192299999], [-8652724.9083, 4768073.198700003], [-8652723.0675, 4768067.7073], [-8652718.5723, 4768063.015699998], [-8652711.666, 4768057.935400002]], [[-8654543.3633, 4766456.5031], [-8654617.895, 4766375.1472999975], [-8654706.1558, 4766297.185699999], [-8654721.1221, 4766274.993699998], [-8654732.4234, 4766246.237199999], [-8654744.2237, 4766134.944799997], [-8654749.7491, 4766076.8342999965], [-8654747.5018, 4766079.647100002], [-8654630.3616, 4766226.266900003], [-8654547.5919, 4766329.864], [-8654455.3295, 4766445.340999998], [-8654405.7358, 4766507.412199996], [-8654303.3087, 4766635.607299998], [-8654213.7474, 4766747.697899997], [-8654205.0712, 4766758.065099999], [-8654220.1389, 4766773.7973000035], [-8654232.1168, 4766786.3037], [-8654278.5637, 4766768.6074], [-8654356.1703, 4766724.374499999], [-8654412.0593, 4766672.885799997], [-8654480.5684, 4766572.826099999], [-8654496.5585, 4766538.194300003], [-8654513.4808, 4766499.451300003], [-8654543.3633, 4766456.5031]]]]}}, {"type": "Feature", "properties": {"OBJECTID": 111, "CreationDate": "2025-01-14T11:11:11Z", "Creator": "NPS_WASO_LANDS", "EditDate": "2025-01-14T11:11:11Z", "Editor": "NPS_WASO_LANDS", "GlobalID": "{8C9D4514-0146-40A9-807F-6381EED4054A}", "AreaID": 93, "UNIT_CODE": "CLBA", "GIS_Notes": "Lands - http://landsnet.nps.gov/tractsnet/documents/CLBA/Metadata/clba_metadata.xml", "UNIT_NAME": "Clara Barton National Historic Site", "DATE_EDIT": "2008-11-17T00:00:00Z", "STATE": "MD", "REGION": "NC", "GNIS_ID": "2733426", "UNIT_TYPE": "National Historic Site", "CREATED_BY": "Lands", "METADATA": "https://irma.nps.gov/DataStore/Reference/Profile/1048149", "PARKNAME": "Clara Barton", "SHAPE_Length": 1017.1115918994112, "SHAPE_Area": 55817.25320993351}, "geometry": {"type": "MultiPolygon", "coordinates": [[[[-8587266.2301, 4716945.046700001], [-8587269.3822, 4716946.385499999], [-8587275.6356, 4716950.295999996], [-8587283.2767, 4716956.488200001], [-8587288.4038, 4716961.799999997], [-8587294.3285, 4716969.662299998], [-8587341.3456, 4717020.763599999], [-8587347.9339, 4717027.924000002], [-8587329.7519, 4717061.553599998], [-8587303.9739, 4717047.607500002], [-8587295.3795, 4717063.5035], [-8587207.7755, 4717225.536600001], [-8587135.8286, 4717187.281400003], [-8587131.7618, 4717185.068899997], [-8587127.773, 4717182.717600003], [-8587123.8668, 4717180.2302], [-8587120.0479, 4717177.609700002], [-8587116.3207, 4717174.859300002], [-8587112.6897, 4717171.9821000025], [-8587109.1592, 4717168.981399998], [-8587105.7333, 4717165.860799998], [-8587102.416, 4717162.624300003], [-8587099.2113, 4717159.2751], [-8587096.123, 4717155.8178], [-8587112.7247, 4717054.563500002], [-8587090.6236, 4716998.6603000015], [-8587099.4529, 4716940.900799997], [-8587170.5176, 4716852.409500003], [-8587208.0682, 4716893.210100003], [-8587239.7069, 4716889.499600001], [-8587278.8118, 4716931.549599998], [-8587266.2301, 4716945.046700001]]]]}}, {"type": "Feature", "properties": {"OBJECTID": 113, "CreationDate": "2025-01-14T11:11:11Z", "Creator": "NPS_WASO_LANDS", "EditDate": "2025-01-14T11:11:11Z", "Editor": "NPS_WASO_LANDS", "GlobalID": "{7E63AAAC-C951-49C9-B49E-1AE404504F24}", "AreaID": 95, "UNIT_CODE": "FOWA", "GIS_Notes": "Lands - http://landsnet.nps.gov/tractsnet/documents/FOWA/Metadata/fowa_metadata.xml", "UNIT_NAME": "Fort Washington Park", "DATE_EDIT": "2023-03-14T16:28:58Z", "STATE": "MD", "REGION": "NC", "GNIS_ID": "597426", "UNIT_TYPE": "Other Designation", "CREATED_BY": "Lands", "METADATA": "https://irma.nps.gov/DataStore/Reference/Profile/1048158", "PARKNAME": "Fort Washington", "SHAPE_Length": 7194.448034270498, "SHAPE_Area": 2301943.2381122676}, "geometry": {"type": "MultiPolygon", "coordinates": [[[[-8574160.6101, 4681722.111299999], [-8573863.5452, 4681491.105599999], [-8574146.8382, 4680756.698399998], [-8574095.5419, 4680736.748999998], [-8574181.4211, 4680515.065399997], [-8574235.5748, 4680527.790600002], [-8574747.2962, 4679201.016999997], [-8574750.1356, 4679190.468900003], [-8574760.542, 4679190.162100002], [-8574771.833, 4679193.6647000015], [-8574777.8946, 4679198.980899997], [-8574782.4849, 4679207.5942], [-8574792.8611, 4679209.184600003], [-8574802.7417, 4679212.189900003], [-8574810.259, 4679215.157399997], [-8574821.1004, 4679217.229599997], [-8574824.8515, 4679219.187600002], [-8574839.512, 4679218.949100003], [-8574857.4128, 4679223.032499999], [-8574870.6401, 4679223.719700001], [-8574880.9935, 4679226.732699998], [-8574891.2185, 4679237.808700003], [-8574901.0614, 4679243.185699999], [-8574917.0113, 4679251.032799996], [-8574926.8239, 4679258.306999996], [-8574933.2902, 4679267.899400003], [-8574938.4139, 4679272.725900002], [-8574948.1661, 4679283.794399999], [-8574953.6567, 4679295.268700004], [-8574957.5478, 4679318.103399999], [-8574966.7063, 4679336.7531], [-8574967.7765, 4679358.593800001], [-8574972.5209, 4679386.433499999], [-8574973.7802, 4679455.719899997], [-8574973.4474, 4679476.589500003], [-8574980.2125, 4679497.0986], [-8574986.1607, 4679509.5293999985], [-8574999.8714, 4679543.730099998], [-8575035.2778, 4679606.450000003], [-8575061.8248, 4679661.436700001], [-8575068.7563, 4679671.511100002], [-8575085.074, 4679686.006499998], [-8575103.2406, 4679711.272399999], [-8575125.5372, 4679736.301299997], [-8575146.7222, 4679771.750299998], [-8575172.7401, 4679800.634599999], [-8575188.3376, 4679818.678000003], [-8575211.5876, 4679843.2478], [-8575222.2785, 4679854.806199998], [-8575234.8452, 4679867.343500003], [-8575247.5629, 4679870.394400001], [-8575268.7666, 4679875.004699998], [-8575288.0494, 4679881.481899999], [-8575302.5446, 4679891.677599996], [-8575309.5371, 4679897.957800001], [-8575340.4716, 4679915.059699997], [-8575357.3757, 4679922.4476], [-8575390.8248, 4679930.100599997], [-8575414.4677, 4679930.005400002], [-8575433.8863, 4679927.944499999], [-8575446.2521, 4679923.398199998], [-8575452.3972, 4679923.496600002], [-8575466.684, 4679917.083400004], [-8575469.6561, 4679908.590999998], [-8575482.0369, 4679903.096000001], [-8575483.1104, 4679895.047700003], [-8575487.0052, 4679887.993199997], [-8575499.3633, 4679883.9212], [-8575502.02, 4679876.445299998], [-8575507.3857, 4679866.0934000015], [-8575514.9791, 4679864.317199998], [-8575523.4726, 4679865.4023], [-8575528.162, 4679867.849600002], [-8575537.6989, 4679862.7836000025], [-8575541.0381, 4679860.939300001], [-8575546.2679, 4679859.125200003], [-8575548.7068, 4679854.4199], [-8575553.4715, 4679852.123999998], [-8575554.9273, 4679849.7751], [-8575555.483, 4679844.565099999], [-8575556.9162, 4679843.639200002], [-8575562.1535, 4679841.350900002], [-8575566.9484, 4679837.157700002], [-8575572.1858, 4679834.869199999], [-8575579.7264, 4679836.4133], [-8575586.6587, 4679846.487800002], [-8575589.2312, 4679863.134599999], [-8575595.203, 4679874.142300002], [-8575601.7304, 4679879.940300003], [-8575607.6948, 4679891.422600001], [-8575614.0566, 4679907.655599996], [-8575624.748, 4679919.2136999965], [-8575627.2754, 4679938.706600003], [-8575632.5714, 4679962.513800003], [-8575638.9556, 4679977.324000001], [-8575643.7554, 4679988.433899999], [-8575649.2622, 4679998.9597999975], [-8575652.4733, 4680005.179099999], [-8575664.0953, 4680017.700900003], [-8575684.5632, 4680038.9045], [-8575697.5581, 4680054.295000002], [-8575709.1759, 4680067.9679000005], [-8575723.0035, 4680090.488600001], [-8575726.499, 4680108.573899999], [-8575724.6594, 4680135.114100002], [-8575723.4204, 4680153.598099999], [-8575709.7202, 4680181.634800002], [-8575698.8763, 4680209.454400003], [-8575679.2821, 4680252.317000002], [-8575667.545, 4680276.801100001], [-8575668.4813, 4680307.181999996], [-8575661.0363, 4680329.362800002], [-8575662.0328, 4680355.948899999], [-8575664.2524, 4680366.243199997], [-8575663.0114, 4680414.6193], [-8575666.2733, 4680447.410099998], [-8575674.4136, 4680470.789499998], [-8575690.2907, 4680483.380000003], [-8575706.1077, 4680499.7651999965], [-8575708.2756, 4680512.136299998], [-8575715.8469, 4680511.7831000015], [-8575731.858, 4680545.726999998], [-8575728.9332, 4680552.695500001], [-8575726.4039, 4680563.093199998], [-8575716.8213, 4680571.006300002], [-8575694.5197, 4680575.868600003], [-8575652.7307, 4680587.061399996], [-8575593.2542, 4680610.307700001], [-8575537.8662, 4680644.057599999], [-8575497.6134, 4680677.575400002], [-8575492.8372, 4680692.417599998], [-8575461.9409, 4680732.253600001], [-8575420.86, 4680788.059], [-8575412.9641, 4680808.810000002], [-8575412.783, 4680820.194700003], [-8575406.089, 4680824.8323], [-8575405.8553, 4680839.537799999], [-8575399.0105, 4680853.662600003], [-8575382.2983, 4680863.8336], [-8575368.8574, 4680876.429300003], [-8575330.2329, 4680915.546700001], [-8575315.2605, 4680935.235299997], [-8575301.1279, 4680961.580200002], [-8575289.4118, 4680984.6426], [-8575274.4394, 4681004.331299998], [-8575266.5424, 4681020.525600001], [-8575258.714, 4681037.007399999], [-8575251.4415, 4681048.2786], [-8575234.1578, 4681064.6087], [-8575220.1835, 4681080.9921], [-8575202.48, 4681093.993799999], [-8575190.0069, 4681105.181400001], [-8575142.7881, 4681130.5211], [-8575124.6114, 4681143.5154], [-8575098.4583, 4681152.5854], [-8575074.1132, 4681166.903800003], [-8575052.4014, 4681181.996399999], [-8575026.1799, 4681195.335699998], [-8574983.5291, 4681230.7124999985], [-8574962.5911, 4681238.917199999], [-8574941.952, 4681258.040299997], [-8574942.2583, 4681268.484499998], [-8574910.7226, 4681288.855800003], [-8574881.369, 4681320.650600001], [-8574861.928, 4681341.027599998], [-8574844.4917, 4681366.845299996], [-8574821.1592, 4681376.909199998], [-8574787.8607, 4681389.1853], [-8574680.8175, 4681412.645800002], [-8574671.8651, 4681410.603600003], [-8574661.9898, 4681407.123000003], [-8574647.6551, 4681416.3825], [-8574637.6131, 4681423.338500001], [-8574632.4278, 4681422.305699997], [-8574623.0328, 4681418.3583], [-8574612.1061, 4681421.503899999], [-8574609.6057, 4681430.004900001], [-8574609.5221, 4681435.223200001], [-8574590.0854, 4681438.232000001], [-8574584.0, 4681434.3376], [-8574564.6465, 4681432.127700001], [-8574546.2007, 4681432.304899998], [-8574517.781, 4681435.168399997], [-8574490.3069, 4681438.047200002], [-8574471.7093, 4681447.7119999975], [-8574436.0081, 4681469.672799997], [-8574398.6688, 4681534.018700004], [-8574377.9906, 4681536.105999999], [-8574350.2904, 4681540.8517], [-8574324.6384, 4681545.597000003], [-8574296.3045, 4681551.028700002], [-8574283.9545, 4681553.3816], [-8574271.3355, 4681555.7858000025], [-8574255.1438, 4681557.136799999], [-8574243.685, 4681565.281499997], [-8574225.4473, 4681574.7744999975], [-8574219.4801, 4681579.532499999], [-8574205.8946, 4681590.364799999], [-8574193.0722, 4681605.953400001], [-8574183.6129, 4681614.758199997], [-8574171.5654, 4681610.329499997], [-8574169.2775, 4681618.2848000005], [-8574160.6101, 4681722.111299999]]]]}}, {"type": "Feature", "properties": {"OBJECTID": 116, "CreationDate": "2025-01-14T11:11:11Z", "Creator": "NPS_WASO_LANDS", "EditDate": "2025-01-14T11:11:11Z", "Editor": "NPS_WASO_LANDS", "GlobalID": "{1F7DE161-E666-4163-AE2B-D6FACF68B7A1}", "AreaID": 98, "UNIT_CODE": "GREE", "GIS_Notes": "Lands - http://landsnet.nps.gov/tractsnet/documents/GREE/Metadata/gree_metadata.xml", "UNIT_NAME": "Greenbelt Park", "DATE_EDIT": "2021-03-03T00:00:00Z", "STATE": "MD", "REGION": "NC", "GNIS_ID": "597496", "UNIT_TYPE": "Other Designation", "CREATED_BY": "Lands", "METADATA": "https://irma.nps.gov/DataStore/Reference/Profile/1048160", "PARKNAME": "Greenbelt", "SHAPE_Length": 22476.183686830118, "SHAPE_Area": 7707043.55144369}, "geometry": {"type": "MultiPolygon", "coordinates": [[[[-8559804.9289, 4717694.932899997], [-8559845.0609, 4717690.502999999], [-8559869.9832, 4717722.267999999], [-8559894.9057, 4717754.0331000015], [-8559919.8282, 4717785.7984], [-8559944.7508, 4717817.5638], [-8559969.6735, 4717849.329300001], [-8559994.5963, 4717881.094899997], [-8560019.5192, 4717912.8605], [-8560044.4344, 4717944.6184], [-8560026.9758, 4717980.968800001], [-8560009.5247, 4718017.317100003], [-8559992.0735, 4718053.6652000025], [-8559974.6223, 4718090.013499998], [-8559957.1709, 4718126.362000003], [-8559939.7195, 4718162.7108], [-8559922.268, 4718199.0594], [-8559904.8165, 4718235.408299997], [-8559887.3648, 4718271.757399999], [-8559868.8885, 4718309.821000002], [-8559850.4124, 4718347.884900004], [-8559831.936, 4718385.949000001], [-8559813.4594, 4718424.013099998], [-8559794.983, 4718462.077200003], [-8559776.5063, 4718500.141800001], [-8559758.0297, 4718538.206200004], [-8559739.5529, 4718576.2711], [-8559721.076, 4718614.336000003], [-8559702.5991, 4718652.4011999965], [-8559684.1222, 4718690.466499999], [-8559669.6033, 4718727.394000001], [-8559655.0844, 4718764.321699999], [-8559640.5654, 4718801.249600001], [-8559626.0462, 4718838.177699998], [-8559611.5272, 4718875.105700001], [-8559597.0081, 4718912.034000002], [-8559582.4889, 4718948.9624999985], [-8559567.9697, 4718985.891199999], [-8559553.4503, 4719022.820100002], [-8559538.9312, 4719059.748899996], [-8559524.4118, 4719096.677900001], [-8559513.1067, 4719137.1646], [-8559501.8015, 4719177.651500002], [-8559490.4964, 4719218.138599999], [-8559479.1912, 4719258.6259], [-8559467.8859, 4719299.113300003], [-8559456.5807, 4719339.6010000035], [-8559445.2755, 4719380.0886999965], [-8559433.9701, 4719420.576700002], [-8559422.6647, 4719461.064900003], [-8559411.3593, 4719501.553099997], [-8559400.0537, 4719542.041500002], [-8559388.7481, 4719582.530199997], [-8559373.417, 4719622.955300003], [-8559358.0856, 4719663.380500004], [-8559342.7542, 4719703.806199998], [-8559327.4228, 4719744.231700003], [-8559312.0913, 4719784.657700002], [-8559296.7597, 4719825.083700001], [-8559281.4281, 4719865.509800002], [-8559266.0964, 4719905.936300002], [-8559250.7647, 4719946.362800002], [-8559223.7458, 4719980.052100003], [-8559196.7267, 4720013.741499998], [-8559169.7077, 4720047.431000002], [-8559142.6886, 4720081.1206], [-8559115.6693, 4720114.810500003], [-8559088.6499, 4720148.500500001], [-8559061.6304, 4720182.190499999], [-8559034.6108, 4720215.880800001], [-8559006.7951, 4720244.344999999], [-8558978.9792, 4720272.809299998], [-8558951.1632, 4720301.273699999], [-8558923.347, 4720329.738200001], [-8558895.5309, 4720358.2029], [-8558867.7147, 4720386.667599998], [-8558839.8984, 4720415.132100001], [-8558812.0818, 4720443.597199999], [-8558784.2653, 4720472.061999999], [-8558756.4487, 4720500.527000003], [-8558728.6318, 4720528.991999999], [-8558726.1206, 4720480.696599998], [-8558723.6095, 4720432.4011999965], [-8558721.0985, 4720384.106200002], [-8558718.5874, 4720335.811300002], [-8558713.7342, 4720296.137100004], [-8558708.8808, 4720256.4629999995], [-8558704.0276, 4720216.7892], [-8558699.1746, 4720177.1153], [-8558694.3214, 4720137.441799998], [-8558689.4683, 4720097.768299997], [-8558684.6152, 4720058.0951000005], [-8558638.4044, 4720054.467799999], [-8558592.1937, 4720050.840099998], [-8558545.983, 4720047.212300003], [-8558503.8785, 4720043.9067], [-8558461.7739, 4720040.600900002], [-8558469.4819, 4719997.726499997], [-8558477.1897, 4719954.852300003], [-8558484.4257, 4719914.602300003], [-8558491.6618, 4719874.352399997], [-8558498.8977, 4719834.102899998], [-8558506.1337, 4719793.8532000035], [-8558513.3696, 4719753.603799999], [-8558521.508, 4719713.878200002], [-8558529.6466, 4719674.152500004], [-8558537.785, 4719634.426899999], [-8558545.9235, 4719594.701499999], [-8558554.0618, 4719554.976300001], [-8558562.2, 4719515.251199998], [-8558570.3382, 4719475.526299998], [-8558578.4763, 4719435.8015], [-8558586.6145, 4719396.076800004], [-8558594.7524, 4719356.352399997], [-8558602.8904, 4719316.627999999], [-8558611.0282, 4719276.903800003], [-8558619.1659, 4719237.179700002], [-8558627.3038, 4719197.455799997], [-8558635.4414, 4719157.732000001], [-8558643.5791, 4719118.008500002], [-8558651.7167, 4719078.285099998], [-8558673.5266, 4719044.475100003], [-8558695.3364, 4719010.6652000025], [-8558717.1462, 4718976.8554000035], [-8558738.9558, 4718943.045699999], [-8558760.7651, 4718909.236000001], [-8558782.5744, 4718875.4265], [-8558804.3836, 4718841.616700001], [-8558826.1926, 4718807.807300001], [-8558848.0015, 4718773.997900002], [-8558869.8102, 4718740.188600004], [-8558891.6187, 4718706.379299998], [-8558913.4271, 4718672.570100002], [-8558935.2353, 4718638.761], [-8558957.0434, 4718604.951800004], [-8558978.8514, 4718571.142800003], [-8559000.6593, 4718537.333800003], [-8559022.467, 4718503.524800003], [-8559044.2745, 4718469.716200002], [-8559066.0819, 4718435.907300003], [-8559087.8891, 4718402.098499998], [-8559109.6963, 4718368.290100001], [-8559131.5031, 4718334.481399998], [-8559153.3099, 4718300.672799997], [-8559175.1166, 4718266.864399999], [-8559196.9233, 4718233.0559], [-8559218.7296, 4718199.247699998], [-8559240.5358, 4718165.439300001], [-8559262.3419, 4718131.631200001], [-8559284.1479, 4718097.823100001], [-8559305.9537, 4718064.015000001], [-8559327.7593, 4718030.206900001], [-8559349.5648, 4717996.399099998], [-8559371.3703, 4717962.5911], [-8559393.1754, 4717928.783200003], [-8559414.9806, 4717894.975599997], [-8559436.7855, 4717861.167999998], [-8559458.5902, 4717827.360299997], [-8559480.395, 4717793.552699998], [-8559502.1994, 4717759.745200001], [-8559524.0037, 4717725.937700003], [-8559564.1361, 4717721.509000003], [-8559604.2683, 4717717.079999998], [-8559644.4004, 4717712.651000001], [-8559684.5326, 4717708.221699998], [-8559724.6647, 4717703.792199999], [-8559764.7969, 4717699.362800002], [-8559804.9289, 4717694.932899997]]], [[[-8558615.283, 4721008.512199998], [-8558600.9594, 4721008.402099997], [-8558586.6378, 4721008.659100004], [-8558572.3273, 4721009.283], [-8558558.0374, 4721010.273100004], [-8558543.7772, 4721011.629100002], [-8558529.5563, 4721013.350199997], [-8558515.3836, 4721015.434900001], [-8558501.2684, 4721017.882100001], [-8558487.2202, 4721020.690099999], [-8558473.2478, 4721023.8571000025], [-8558459.3605, 4721027.381099999], [-8558445.5672, 4721031.259800002], [-8558431.8772, 4721035.490500003], [-8558418.2989, 4721040.070600003], [-8558404.8414, 4721044.997199997], [-8558391.5137, 4721050.266900003], [-8558389.0803, 4721051.231299996], [-8558385.92, 4721052.371699996], [-8558382.7224, 4721053.4014], [-8558379.4911, 4721054.319300003], [-8558376.2301, 4721055.1241], [-8558372.9432, 4721055.814900003], [-8558369.6344, 4721056.390799999], [-8558366.3077, 4721056.851199999], [-8558362.9671, 4721057.195500001], [-8558359.6169, 4721057.4234], [-8558356.2605, 4721057.534400001], [-8558352.9024, 4721057.528499998], [-8558349.5466, 4721057.4058], [-8558346.1969, 4721057.166199997], [-8558342.8576, 4721056.810099997], [-8558339.5325, 4721056.338100001], [-8558336.2259, 4721055.750600003], [-8558334.8318, 4721055.467100002], [-8558329.9172, 4721054.294799998], [-8558325.834, 4721053.110200003], [-8558319.3526, 4721032.1162], [-8558354.8749, 4721013.833300002], [-8558390.3972, 4720995.5506], [-8558425.9192, 4720977.267800003], [-8558461.4412, 4720958.984999999], [-8558496.963, 4720940.702399999], [-8558532.4848, 4720922.419699997], [-8558568.0065, 4720904.136699997], [-8558603.528, 4720885.854000002], [-8558639.0496, 4720867.571400002], [-8558680.8522, 4720877.461000003], [-8558722.655, 4720887.3505000025], [-8558764.4578, 4720897.2399], [-8558806.2606, 4720907.129100002], [-8558848.0637, 4720917.017999999], [-8558889.8667, 4720926.906800002], [-8558931.6699, 4720936.795500003], [-8558973.4731, 4720946.684100002], [-8559015.2764, 4720956.572499998], [-8558965.4049, 4720919.2798999995], [-8558934.4338, 4720906.730300002], [-8558884.3838, 4720894.227899998], [-8558876.297, 4720842.010499999], [-8558868.2103, 4720789.793300003], [-8558865.1247, 4720789.396700002], [-8558830.6934, 4720741.8719], [-8558796.2624, 4720694.3473000005], [-8558799.1473, 4720691.7831000015], [-8558831.4673, 4720663.445500001], [-8558863.7871, 4720635.108099997], [-8558896.1067, 4720606.7707], [-8558928.4265, 4720578.433399998], [-8558960.7459, 4720550.096299998], [-8558993.065, 4720521.759300001], [-8559025.3844, 4720493.422200002], [-8559057.7034, 4720465.085199997], [-8559090.0224, 4720436.748499997], [-8559117.6849, 4720408.371200003], [-8559145.3472, 4720379.9943], [-8559173.0096, 4720351.616999999], [-8559200.6719, 4720323.240400001], [-8559228.3338, 4720294.863600001], [-8559255.9959, 4720266.486900002], [-8559283.658, 4720238.110299997], [-8559311.3197, 4720209.733800001], [-8559338.9814, 4720181.357199997], [-8559366.643, 4720152.980999999], [-8559388.9879, 4720116.9168], [-8559411.3329, 4720080.8527000025], [-8559433.6778, 4720044.788800001], [-8559456.0226, 4720008.724799998], [-8559478.3674, 4719972.661200002], [-8559500.7119, 4719936.5978000015], [-8559523.0564, 4719900.534400001], [-8559545.4006, 4719864.471000001], [-8559567.745, 4719828.408], [-8559585.1407, 4719789.520900004], [-8559602.5364, 4719750.634300001], [-8559619.9318, 4719711.747599997], [-8559637.3273, 4719672.861100003], [-8559654.7228, 4719633.974799998], [-8559672.118, 4719595.0886999965], [-8559689.5132, 4719556.202600002], [-8559704.7999, 4719517.0336000025], [-8559720.0866, 4719477.864699997], [-8559735.3732, 4719438.695900001], [-8559750.6596, 4719399.527500004], [-8559765.9461, 4719360.359099999], [-8559781.2324, 4719321.191100001], [-8559796.5188, 4719282.0229], [-8559811.8049, 4719242.855099998], [-8559827.0912, 4719203.687299997], [-8559825.5952, 4719154.828599997], [-8559824.0992, 4719105.969899997], [-8559822.6031, 4719057.111699998], [-8559821.1071, 4719008.253399998], [-8559832.2278, 4718967.0803999975], [-8559843.3485, 4718925.907700002], [-8559854.4691, 4718884.734999999], [-8559865.5898, 4718843.562399998], [-8559876.7103, 4718802.390100002], [-8559887.8308, 4718761.218099996], [-8559898.9513, 4718720.046400003], [-8559910.0718, 4718678.874399997], [-8559926.8118, 4718637.612199999], [-8559943.5515, 4718596.350299999], [-8559960.2912, 4718555.088500001], [-8559977.031, 4718513.826899998], [-8559993.7707, 4718472.565300003], [-8560020.537, 4718442.262400001], [-8560047.3031, 4718411.959600002], [-8560074.0692, 4718381.656800002], [-8560100.8354, 4718351.3544000015], [-8560127.6014, 4718321.051899999], [-8560154.3672, 4718290.749600001], [-8560181.133, 4718260.447400004], [-8560207.8986, 4718230.145400003], [-8560234.6642, 4718199.843199998], [-8560261.4297, 4718169.541299999], [-8560288.1951, 4718139.239699997], [-8560314.9603, 4718108.937899999], [-8560341.7256, 4718078.636299998], [-8560368.4904, 4718048.3347999975], [-8560395.2553, 4718018.033299997], [-8560422.0201, 4717987.731799997], [-8560458.7013, 4717964.773599997], [-8560495.3826, 4717941.815399997], [-8560532.0635, 4717918.8571000025], [-8560568.7445, 4717895.898699999], [-8560605.4251, 4717872.940499999], [-8560642.1057, 4717849.982199997], [-8560678.7947, 4717827.033200003], [-8560707.6662, 4717798.299999997], [-8560736.5304, 4717769.567900002], [-8560765.3945, 4717740.835900001], [-8560794.2585, 4717712.104099996], [-8560823.1225, 4717683.372100003], [-8560851.9862, 4717654.640500002], [-8560840.1556, 4717692.604699999], [-8560828.325, 4717730.569200002], [-8560816.4942, 4717768.533799998], [-8560804.6634, 4717806.498400003], [-8560792.8326, 4717844.463200003], [-8560781.0015, 4717882.428099997], [-8560769.1705, 4717920.393200003], [-8560757.3392, 4717958.358400002], [-8560745.508, 4717996.323700003], [-8560797.6651, 4717994.8303999975], [-8560849.8222, 4717993.336800002], [-8560901.9793, 4717991.8429000005], [-8560913.789, 4717953.938100003], [-8560925.5987, 4717916.033399999], [-8560937.4082, 4717878.128899999], [-8560949.2178, 4717840.224399999], [-8560961.0272, 4717802.320200004], [-8560972.8365, 4717764.416199997], [-8560984.6458, 4717726.512100004], [-8560996.4549, 4717688.608199999], [-8561008.2639, 4717650.704499997], [-8561054.6924, 4717652.498599999], [-8561101.1207, 4717654.292499997], [-8561147.5492, 4717656.086300001], [-8561193.9777, 4717657.879900001], [-8561240.4062, 4717659.673100002], [-8561284.8675, 4717663.068999998], [-8561329.3288, 4717666.464500003], [-8561373.7901, 4717669.859999999], [-8561419.7817, 4717675.336199999], [-8561465.7733, 4717680.8125], [-8561511.765, 4717686.2885000035], [-8561560.318, 4717691.122000001], [-8561608.8711, 4717695.955300003], [-8561657.4243, 4717700.788400002], [-8561705.9776, 4717705.621299997], [-8561747.4389, 4717703.937600002], [-8561788.9003, 4717702.253600001], [-8561830.3616, 4717700.569600001], [-8561871.823, 4717698.885399997], [-8561913.2844, 4717697.200999998], [-8561954.7456, 4717695.516400002], [-8561996.207, 4717693.831600003], [-8562037.6683, 4717692.146600001], [-8562079.1296, 4717690.461599998], [-8562113.9994, 4717698.353399999], [-8562111.0327, 4717704.941], [-8562108.5353, 4717703.807300001], [-8562098.7775, 4717725.584399998], [-8562101.2818, 4717726.702799998], [-8562072.2814, 4717795.141500004], [-8562045.5031, 4717864.487599999], [-8562020.9747, 4717934.668499999], [-8561998.7222, 4718005.610399999], [-8561978.7689, 4718077.239100002], [-8562013.4857, 4718087.620700002], [-8562001.2395, 4718134.064900003], [-8561988.9932, 4718180.509300001], [-8561976.7468, 4718226.954099998], [-8561964.5003, 4718273.398900002], [-8561953.8689, 4718314.213100001], [-8561943.2375, 4718355.027500004], [-8561932.6059, 4718395.8418999985], [-8561921.9745, 4718436.6565999985], [-8561911.3428, 4718477.471500002], [-8561906.244, 4718498.306199998], [-8561901.9027, 4718519.313299999], [-8561898.3244, 4718540.464900002], [-8561895.5139, 4718561.733199999], [-8561893.4749, 4718583.090000004], [-8561892.2103, 4718604.507100001], [-8561891.7216, 4718625.956200004], [-8561892.0093, 4718647.409000002], [-8561893.0733, 4718668.837300003], [-8561894.9121, 4718690.2124999985], [-8561897.5233, 4718711.506700002], [-8561900.9033, 4718732.691699997], [-8561901.0485, 4718733.515799999], [-8561901.8332, 4718738.5298999995], [-8561902.4513, 4718743.567299999], [-8561902.9023, 4718748.622500002], [-8561903.1858, 4718753.690099999], [-8561903.3011, 4718758.764300004], [-8561903.2484, 4718763.839400001], [-8561903.0277, 4718768.9102], [-8561902.6392, 4718773.970700003], [-8561902.0833, 4718779.0154], [-8561901.3608, 4718784.038900003], [-8561900.4722, 4718789.035400003], [-8561899.4187, 4718793.999499999], [-8561898.2014, 4718798.9256], [-8561896.8217, 4718803.808499999], [-8561895.281, 4718808.642499998], [-8561893.5811, 4718813.422399998], [-8561891.7239, 4718818.142999999], [-8561889.7113, 4718822.798900001], [-8561887.5458, 4718827.385200001], [-8561885.2295, 4718831.896600001], [-8561882.7652, 4718836.328100003], [-8561880.1554, 4718840.674999997], [-8561877.4032, 4718844.932300001], [-8561874.5115, 4718849.095399998], [-8561850.9037, 4718882.314199999], [-8561827.2959, 4718915.5331000015], [-8561803.6877, 4718948.751999997], [-8561780.0795, 4718981.971000001], [-8561756.4712, 4719015.189999998], [-8561732.8627, 4719048.409199998], [-8561709.2539, 4719081.628399998], [-8561685.6451, 4719114.847499996], [-8561662.0361, 4719148.066799998], [-8561638.4269, 4719181.285999998], [-8561628.359, 4719195.9760000035], [-8561618.7963, 4719211.002300002], [-8561609.7499, 4719226.3477], [-8561601.2302, 4719241.994000003], [-8561593.2474, 4719257.9234], [-8561585.8106, 4719274.116899997], [-8561578.9285, 4719290.555799998], [-8561572.6092, 4719307.220899999], [-8561566.86, 4719324.093099996], [-8561561.6875, 4719341.152599998], [-8561557.0981, 4719358.379100002], [-8561553.0967, 4719375.7531], [-8561544.4522, 4719415.308600001], [-8561535.8077, 4719454.864600003], [-8561527.1632, 4719494.420599997], [-8561518.5185, 4719533.976899996], [-8561509.8739, 4719573.5331000015], [-8561501.2291, 4719613.089599997], [-8561492.5843, 4719652.646300003], [-8561483.9394, 4719692.203100003], [-8561475.2946, 4719731.759900004], [-8561466.6495, 4719771.317000002], [-8561460.0786, 4719799.097599998], [-8561452.5618, 4719826.635600001], [-8561444.1082, 4719853.898599997], [-8561434.7279, 4719880.854099996], [-8561424.4315, 4719907.4706000015], [-8561413.2315, 4719933.716799997], [-8561401.141, 4719959.561399996], [-8561388.1743, 4719984.974399999], [-8561374.3464, 4720009.925800003], [-8561359.6739, 4720034.385700002], [-8561344.1739, 4720058.325999998], [-8561317.0778, 4720098.6448], [-8561289.9816, 4720138.9636999965], [-8561236.9877, 4720110.1061], [-8561185.3471, 4720081.984899998], [-8561168.7098, 4720073.6428999975], [-8561140.9282, 4720113.896399997], [-8561113.1463, 4720154.1499999985], [-8561085.3641, 4720194.403700002], [-8561057.5818, 4720234.657499999], [-8561055.5692, 4720237.058300003], [-8561041.4545, 4720238.663599998], [-8561038.9433, 4720237.024899997], [-8561036.3804, 4720235.468900003], [-8561033.7683, 4720233.997599997], [-8561031.1101, 4720232.612400003], [-8561028.4084, 4720231.3147], [-8560987.1902, 4720212.369099997], [-8561008.394, 4720176.570100002], [-8561029.5977, 4720140.771300003], [-8561050.8013, 4720104.972499996], [-8561072.0048, 4720069.173799999], [-8561093.208, 4720033.375299998], [-8561089.4306, 4719986.935500003], [-8561085.6531, 4719940.496100001], [-8561042.4601, 4719918.489299998], [-8560999.2673, 4719896.482299998], [-8560996.0521, 4719856.950000003], [-8560992.8369, 4719817.4179000035], [-8560989.6218, 4719777.886], [-8560986.4066, 4719738.354199998], [-8560983.1915, 4719698.822300002], [-8560979.9764, 4719659.290899999], [-8560828.3272, 4719677.080799997], [-8560828.6959, 4719680.006499998], [-8560833.6182, 4719719.066399999], [-8560838.5407, 4719758.126500003], [-8560843.463, 4719797.186800003], [-8560848.3854, 4719836.247100003], [-8560853.308, 4719875.307800002], [-8560858.2304, 4719914.368500002], [-8560841.8996, 4719952.926299997], [-8560825.5687, 4719991.484300002], [-8560809.2375, 4720030.042499997], [-8560792.9064, 4720068.6008], [-8560776.5749, 4720107.159199998], [-8560760.2434, 4720145.717699997], [-8560743.9119, 4720184.2764], [-8560727.5802, 4720222.835000001], [-8560711.2483, 4720261.3939], [-8560694.9164, 4720299.952799998], [-8560678.5842, 4720338.512000002], [-8560640.5849, 4720354.952100001], [-8560602.5853, 4720371.391900003], [-8560564.5858, 4720387.831600003], [-8560526.586, 4720404.271499999], [-8560488.5862, 4720420.711000003], [-8560450.5863, 4720437.150600001], [-8560412.5861, 4720453.590000004], [-8560374.5859, 4720470.029100001], [-8560336.5855, 4720486.4683], [-8560298.585, 4720502.907399997], [-8560260.5844, 4720519.346199997], [-8560200.9665, 4720557.420199998], [-8560168.4788, 4720585.951099999], [-8560135.9909, 4720614.4821000025], [-8560169.9167, 4720643.3456000015], [-8560203.8425, 4720672.208800003], [-8560237.7685, 4720701.071999997], [-8560281.1532, 4720700.5336000025], [-8560324.5378, 4720699.994800001], [-8560367.9224, 4720699.456], [-8560411.3071, 4720698.916699998], [-8560454.6916, 4720698.377599999], [-8560498.0762, 4720697.838100001], [-8560541.4609, 4720697.2984], [-8560584.8454, 4720696.758599997], [-8560628.23, 4720696.218599997], [-8560639.2352, 4720697.436499998], [-8560692.1289, 4720703.289899997], [-8560745.0227, 4720709.142999999], [-8560795.731, 4720724.3125], [-8560771.8162, 4720756.602399997], [-8560747.9013, 4720788.892499998], [-8560723.9863, 4720821.182499997], [-8560700.071, 4720853.472499996], [-8560691.7718, 4720865.100599997], [-8560683.8862, 4720877.0151999965], [-8560676.4239, 4720889.201800004], [-8560669.3941, 4720901.6448], [-8560662.8057, 4720914.3292], [-8560656.6668, 4720927.238700002], [-8560650.985, 4720940.357699998], [-8560643.8601, 4720937.099600002], [-8560636.5004, 4720953.322700001], [-8560571.8085, 4720944.109300002], [-8560566.3549, 4720983.053400002], [-8560619.6172, 4720990.5358000025], [-8560599.8805, 4721034.041299999], [-8560559.2642, 4721062.566200003], [-8560518.6478, 4721091.091200002], [-8560478.0312, 4721119.615900002], [-8560423.4115, 4721118.131499998], [-8560368.7918, 4721116.647100002], [-8560368.8979, 4721112.715599999], [-8560329.2384, 4721111.637500003], [-8560154.9332, 4721106.897], [-8560145.1448, 4721106.630599998], [-8560103.7568, 4721105.504500002], [-8560062.3691, 4721104.378300004], [-8560020.9813, 4721103.251999997], [-8559979.5936, 4721102.125399999], [-8559938.2057, 4721100.998599999], [-8559898.5412, 4721099.478], [-8559858.9197, 4721097.077], [-8559819.7252, 4721094.265000001], [-8559780.5307, 4721091.452799998], [-8559741.3362, 4721088.6404], [-8559702.1417, 4721085.8279], [-8559662.9472, 4721083.015299998], [-8559623.7527, 4721080.202399999], [-8559584.5582, 4721077.389399998], [-8559545.3639, 4721074.576200001], [-8559506.1695, 4721071.762999997], [-8559466.975, 4721068.949600004], [-8559427.7807, 4721066.136100002], [-8559388.5863, 4721063.322300002], [-8559349.3921, 4721060.508400001], [-8559310.1978, 4721057.694399998], [-8559271.0035, 4721054.8803], [-8559231.8093, 4721052.065899998], [-8559192.615, 4721049.251500003], [-8559153.4208, 4721046.436800003], [-8559114.2267, 4721043.622000001], [-8559075.0325, 4721040.807099998], [-8559035.8384, 4721037.991999999], [-8558996.6443, 4721035.176799998], [-8558957.4501, 4721032.361400001], [-8558918.2561, 4721029.545900002], [-8558879.0621, 4721026.730099998], [-8558839.868, 4721023.914300002], [-8558800.6741, 4721021.0983000025], [-8558761.48, 4721018.2820999995], [-8558722.2861, 4721015.465899996], [-8558683.0922, 4721012.6494999975], [-8558643.8982, 4721009.832800001], [-8558629.599, 4721008.989200003], [-8558615.283, 4721008.512199998]]]]}}, {"type": "Feature", "properties": {"OBJECTID": 119, "CreationDate": "2025-01-14T11:11:11Z", "Creator": "NPS_WASO_LANDS", "EditDate": "2025-01-14T11:11:11Z", "Editor": "NPS_WASO_LANDS", "GlobalID": "{38B69D71-4625-40B5-8C13-7C0A4810C7BC}", "AreaID": 101, "UNIT_CODE": "ANTI", "GIS_Notes": "Lands - http://landsnet.nps.gov/tractsnet/documents/ANTI/Metadata/anti_metadata.xml", "UNIT_NAME": "Antietam National Battlefield", "DATE_EDIT": "2023-09-15T12:54:13Z", "STATE": "MD", "REGION": "NC", "GNIS_ID": "589057", "UNIT_TYPE": "National Battlefield", "CREATED_BY": "Lands", "METADATA": "https://irma.nps.gov/DataStore/Reference/Profile/1048139", "PARKNAME": "Antietam", "SHAPE_Length": 34457.29677967695, "SHAPE_Area": 22204814.133616276}, "geometry": {"type": "MultiPolygon", "coordinates": [[[[-8640255.4743, 4789299.894199997], [-8640263.3602, 4789299.840599999], [-8640263.4136, 4789307.758299999], [-8640255.5276, 4789307.811800003], [-8640255.4743, 4789299.894199997]]], [[[-8656181.9054, 4787100.543200001], [-8656251.4406, 4787076.979699999], [-8656281.3562, 4787166.552000001], [-8656212.8467, 4787189.068700001], [-8656181.9054, 4787100.543200001]]], [[[-8654088.8699, 4792435.054099999], [-8654078.5292, 4792217.128600001], [-8654075.8618, 4791954.247599997], [-8654189.8756, 4791281.315499999], [-8654180.2966, 4791279.463200003], [-8654158.9476, 4791407.144000001], [-8654134.5917, 4791516.6603000015], [-8654060.1374, 4791942.445900001], [-8654066.3751, 4792220.073899999], [-8654072.1769, 4792425.487800002], [-8653679.4882, 4792882.485399999], [-8653179.9387, 4792651.133699998], [-8653599.3662, 4791766.657399997], [-8653417.1036, 4791662.2487], [-8653515.8802, 4791436.5211], [-8653543.9424, 4791372.394900002], [-8653368.436, 4791318.413599998], [-8653357.032, 4791314.9054000005], [-8653083.0246, 4791260.069899999], [-8653025.3803, 4791376.789899997], [-8653019.3244, 4791389.0528], [-8652958.0722, 4791374.0276999995], [-8652825.4104, 4791331.2875000015], [-8652733.6875, 4791272.353600003], [-8652664.912, 4791232.641900003], [-8652642.1625, 4791219.503300004], [-8652636.0126, 4791216.548699997], [-8652613.5081, 4791205.727600001], [-8652573.969, 4791183.322999999], [-8652541.8004, 4791165.094700001], [-8652534.8512, 4791128.0276999995], [-8652546.3781, 4791008.846500002], [-8652518.0519, 4790899.5385000035], [-8652539.5728, 4790672.999899998], [-8652574.2308, 4790629.835699998], [-8652590.5195, 4790605.685900003], [-8652602.4413, 4790588.009900004], [-8652621.4333, 4790570.748800002], [-8652661.6134, 4790534.230999999], [-8652683.1638, 4790458.982500002], [-8652708.8586, 4790369.261200003], [-8652709.3503, 4790345.780100003], [-8652709.4315, 4790341.960900001], [-8652698.5174, 4790325.433399998], [-8652625.1073, 4790214.252300002], [-8652591.2017, 4790194.970299996], [-8652551.4759, 4790172.377999999], [-8652322.6563, 4790179.450999998], [-8652302.9399, 4790179.608099997], [-8652294.5431, 4790208.479199998], [-8652281.6806, 4790252.704800002], [-8652251.5685, 4790308.244400002], [-8652240.528, 4790328.608400002], [-8652194.4683, 4790370.029700004], [-8652093.6259, 4790384.517499998], [-8651888.3397, 4790306.760499999], [-8651734.9266, 4790236.805799998], [-8651702.1324, 4790228.849699996], [-8651599.1052, 4790221.820799999], [-8651515.3548, 4790222.4815], [-8651424.3535, 4790221.2698], [-8651415.2433, 4790213.736500002], [-8651401.6204, 4790202.470299996], [-8651385.2428, 4790213.013499998], [-8651339.8235, 4790242.252599999], [-8651288.9024, 4790318.006300002], [-8651226.6737, 4790307.610299997], [-8651091.9861, 4790269.7139], [-8650982.3095, 4790241.962700002], [-8650682.4811, 4790166.093900003], [-8650751.8892, 4790064.662299998], [-8650616.5013, 4789965.673], [-8650710.008, 4789831.836800002], [-8650723.9401, 4789812.6963], [-8650744.7418, 4789784.135300003], [-8650750.887, 4789778.5449], [-8650753.3982, 4789776.266199999], [-8650759.1543, 4789768.888599999], [-8650770.9311, 4789753.811700001], [-8650936.6483, 4789519.663800001], [-8650941.6769, 4789514.055699997], [-8650955.8526, 4789498.800899997], [-8651212.0623, 4789194.935199998], [-8651324.7516, 4789063.4956], [-8651361.1836, 4789021.001800001], [-8651372.5283, 4789008.877499998], [-8651426.5849, 4788951.1061], [-8651472.3469, 4788903.7141999975], [-8651488.7202, 4788892.221900001], [-8651505.4911, 4788881.301799998], [-8651522.6117, 4788870.947499998], [-8651540.0325, 4788861.185199998], [-8651557.801, 4788852.014399998], [-8651557.966, 4788851.913599998], [-8651573.5975, 4788842.313100003], [-8651604.9994, 4788830.584899999], [-8651605.1134, 4788830.528999999], [-8651623.2163, 4788821.656400003], [-8651631.4241, 4788818.696999997], [-8651639.6833, 4788816.008699998], [-8651648.0435, 4788813.616800003], [-8651656.5046, 4788811.496299997], [-8651665.0166, 4788809.647399999], [-8651673.5805, 4788808.0951000005], [-8651682.196, 4788806.839400001], [-8651690.8629, 4788805.855300002], [-8651699.5323, 4788805.1928], [-8651708.2039, 4788804.802500002], [-8651716.9271, 4788804.708800003], [-8651725.6033, 4788804.912199996], [-8651838.3987, 4788801.816399999], [-8651838.4486, 4788801.822499998], [-8651963.07, 4788794.550300002], [-8651977.9663, 4788793.6822], [-8652041.5595, 4788779.576200001], [-8652076.4186, 4788771.844899997], [-8652076.4465, 4788771.832900003], [-8652096.1205, 4788764.301200002], [-8652115.5735, 4788756.133400001], [-8652134.7577, 4788747.3483000025], [-8652153.6537, 4788737.955300003], [-8652154.3101, 4788737.602600001], [-8652154.5556, 4788737.470799997], [-8652157.6286, 4788699.635399997], [-8652202.603, 4788528.623099998], [-8652373.5993, 4787978.258100003], [-8652566.5237, 4787590.519000001], [-8652687.2493, 4787129.3544000015], [-8652558.2165, 4787009.386799999], [-8652490.5624, 4786972.844700001], [-8652501.5204, 4786944.060599998], [-8652300.4237, 4786589.689900003], [-8652167.9429, 4786356.2333], [-8652319.6753, 4785915.028499998], [-8652347.3181, 4785834.6483], [-8652346.3292, 4785831.709399998], [-8652344.7952, 4785827.148800001], [-8652352.2666, 4785824.645800002], [-8652354.6941, 4785831.9157000035], [-8652795.3279, 4785669.4199], [-8652790.5769, 4785580.186399996], [-8652705.6636, 4785379.6492], [-8652642.9226, 4785253.239399999], [-8652631.9929, 4785190.407399997], [-8652630.0168, 4785179.047399998], [-8652647.5449, 4785139.141599998], [-8652657.3061, 4785116.923199996], [-8652786.7593, 4785100.4168], [-8652891.5739, 4785084.092100002], [-8652981.8778, 4785064.791599996], [-8653004.9112, 4785043.113399997], [-8653052.7107, 4785031.622400001], [-8653099.4483, 4785017.171300001], [-8653107.9041, 4785014.5568], [-8653128.6046, 4785002.460100003], [-8653146.4006, 4784992.060699999], [-8653199.5587, 4784954.655599996], [-8653254.5836, 4784922.775200002], [-8653302.8062, 4784913.757100001], [-8653306.1346, 4784913.1347], [-8653354.2043, 4784919.628600001], [-8653357.7836, 4784920.112099998], [-8653403.859, 4784921.569899999], [-8653453.4545, 4784900.838100001], [-8653490.1717, 4784883.920299999], [-8653536.2399, 4784877.982199997], [-8653595.1512, 4784870.109899998], [-8653639.2335, 4784851.281099997], [-8653702.4054, 4784833.725400001], [-8653748.2076, 4784800.085500002], [-8653775.8023, 4784780.9683], [-8653799.5053, 4784764.547600001], [-8653874.8242, 4784732.5], [-8653955.7203, 4784707.801700003], [-8653981.4607, 4784698.366700001], [-8654038.0163, 4784678.197499998], [-8654039.8719, 4784677.5358000025], [-8654044.2085, 4784676.490500003], [-8654063.7694, 4784671.776000001], [-8654069.5813, 4784693.7645], [-8654087.351, 4784760.994199999], [-8654135.1008, 4784944.794299997], [-8654144.0133, 4784991.091300003], [-8654181.5933, 4785186.318899997], [-8654285.3707, 4785236.491899997], [-8654473.9616, 4785319.3433], [-8654503.3919, 4785329.134400003], [-8654507.0733, 4785319.176200002], [-8654586.0141, 4785127.432300001], [-8654600.7546, 4785091.567000002], [-8654682.3858, 4785090.235600002], [-8654686.863, 4785113.812200002], [-8654694.3787, 4785147.339100003], [-8654708.2318, 4785220.933399998], [-8654713.3001, 4785260.515299998], [-8654715.8089, 4785280.110100001], [-8654724.8259, 4785364.801100001], [-8654725.2916, 4785370.612300001], [-8654727.301, 4785395.6083], [-8654728.6904, 4785403.753600001], [-8654730.1346, 4785414.653800003], [-8654733.3115, 4785438.7377], [-8654739.0374, 4785481.182999998], [-8654740.1785, 4785489.6589], [-8654741.479, 4785504.5978000015], [-8654744.8569, 4785543.4695999995], [-8654745.827, 4785560.463299997], [-8654746.1213, 4785565.621799998], [-8654744.9413, 4785596.993199997], [-8654743.9987, 4785612.032499999], [-8654743.7699, 4785615.655500002], [-8654733.7709, 4785670.501800001], [-8654727.1202, 4785688.761699997], [-8654721.8436, 4785703.957400002], [-8654721.7266, 4785704.2896], [-8654694.2902, 4785778.472599998], [-8654678.2749, 4785825.981700003], [-8654671.8278, 4785845.098999999], [-8654668.9447, 4785854.101800002], [-8654645.9743, 4785925.755500004], [-8654642.2876, 4785938.720299996], [-8654651.5623, 4785946.143100001], [-8654653.653, 4785955.053599998], [-8654660.239, 4785983.121699996], [-8654707.9498, 4786184.403800003], [-8654757.971, 4786543.224299997], [-8654758.1242, 4786548.610600002], [-8654758.1948, 4786551.285599999], [-8654672.5538, 4786539.153399996], [-8654679.7896, 4786629.4564], [-8654695.369, 4786823.821199998], [-8654759.1503, 4786844.007200003], [-8654671.803, 4787137.204400003], [-8654679.71, 4787206.293799996], [-8654659.9143, 4787146.226599999], [-8654570.7481, 4787193.743799999], [-8654592.141, 4787243.047899999], [-8654499.1528, 4787273.818700001], [-8654470.7669, 4787268.512500003], [-8654469.7366, 4787268.32], [-8654471.8313, 4787269.6448], [-8654430.1238, 4787311.863799997], [-8654377.635, 4787340.792499997], [-8654396.9358, 4787351.619199999], [-8654402.0606, 4787361.5898], [-8654403.495, 4787364.380400002], [-8654422.7061, 4787417.9573], [-8654478.3651, 4787578.343800001], [-8654483.3607, 4787592.742600001], [-8654320.397, 4787654.837099999], [-8654345.7515, 4787723.777599998], [-8654347.8098, 4787729.3785], [-8654280.3722, 4787763.874700002], [-8654276.8923, 4787765.756800003], [-8654115.4645, 4787854.012699999], [-8654114.4661, 4787861.810500003], [-8654113.8433, 4787866.667599998], [-8654065.5557, 4788018.801299997], [-8654581.2375, 4788205.0151999965], [-8654569.0848, 4788417.510799997], [-8654565.3155, 4788483.416299999], [-8654532.8249, 4789052.049400002], [-8654533.3348, 4789114.770300001], [-8654534.1327, 4789121.988799997], [-8654565.9026, 4789125.390500002], [-8654609.0605, 4789130.0227999985], [-8654609.1588, 4789130.033399999], [-8654607.2887, 4789078.148199998], [-8654606.4973, 4789056.295400001], [-8654810.1319, 4789052.916500002], [-8654808.5495, 4789120.877099998], [-8654807.6131, 4789161.090899996], [-8655120.2278, 4789199.7146999985], [-8655468.0694, 4789254.329300001], [-8655690.3184, 4789274.9758], [-8655691.0178, 4789270.313600004], [-8655703.8862, 4789272.250500001], [-8655699.3035, 4789289.653800003], [-8655588.7432, 4790011.755000003], [-8655777.5778, 4790048.754299998], [-8655734.5498, 4790268.0913999975], [-8655886.5443, 4790292.264300004], [-8655788.7406, 4790799.782399997], [-8656044.8261, 4790882.111299999], [-8656064.7683, 4790882.206], [-8656219.2994, 4790882.939300001], [-8656325.7892, 4790883.453400001], [-8656330.4843, 4790917.192699999], [-8656341.4645, 4790996.0973000005], [-8656359.8286, 4791064.3728], [-8656367.2092, 4791089.225100003], [-8656374.0295, 4791112.191299997], [-8656390.2491, 4791159.671700001], [-8656406.1616, 4791204.720399998], [-8656417.9666, 4791238.140299998], [-8656422.0036, 4791252.558899999], [-8656424.0636, 4791259.9177], [-8656434.3802, 4791344.472599998], [-8656442.9996, 4791415.136100002], [-8656444.697, 4791429.053000003], [-8656440.403, 4791529.224600002], [-8656430.3347, 4791599.103], [-8656381.9161, 4791752.7842999995], [-8656357.1086, 4791851.237400003], [-8656343.6374, 4791904.700000003], [-8656333.028, 4791999.881300002], [-8656327.6238, 4792048.362400003], [-8656306.1774, 4792309.739799999], [-8656159.8068, 4792269.9507], [-8655969.8473, 4792104.3675], [-8655604.8474, 4791936.2277000025], [-8655583.3099, 4791914.6928], [-8655563.0854, 4791894.4706000015], [-8655543.3267, 4792063.2136999965], [-8655482.8922, 4792240.626999997], [-8655467.07, 4792287.075499997], [-8655445.7847, 4792282.8213], [-8655178.5374, 4792232.707500003], [-8655157.5445, 4792229.7179000005], [-8655157.5093, 4792229.712899998], [-8655157.4373, 4792230.760399997], [-8655155.7473, 4792255.394500002], [-8655095.7265, 4792831.488799997], [-8655094.0791, 4792847.300899997], [-8655072.9516, 4793007.081299998], [-8655056.0161, 4793137.760300003], [-8654653.1044, 4793123.582699999], [-8654555.6221, 4793115.532700002], [-8653571.6396, 4793034.277599998], [-8653693.045, 4792893.626900002], [-8654088.8699, 4792435.054099999]], [[-8653195.9812, 4786226.218500003], [-8653184.154, 4786226.091200002], [-8653184.0027, 4786237.965899996], [-8653195.8298, 4786238.0933], [-8653195.9812, 4786226.218500003]], [[-8654422.5271, 4786746.3517], [-8654400.287, 4786738.345299996], [-8654392.2885, 4786760.699699998], [-8654414.5777, 4786768.705499999], [-8654422.5271, 4786746.3517]]]]}}, {"type": "Feature", "properties": {"OBJECTID": 122, "CreationDate": "2025-01-14T11:11:11Z", "Creator": "NPS_WASO_LANDS", "EditDate": "2025-01-14T11:11:11Z", "Editor": "NPS_WASO_LANDS", "GlobalID": "{357B43D9-EBC4-4400-B41B-DF465E9CFDCC}", "AreaID": 106, "UNIT_CODE": "CATO", "GIS_Notes": "Lands - http://landsnet.nps.gov/tractsnet/documents/CATO/Metadata/cato_metadata.xml", "UNIT_NAME": "Catoctin Mountain Park", "DATE_EDIT": "2022-01-26T00:00:00Z", "STATE": "MD", "REGION": "NC", "GNIS_ID": "583623", "UNIT_TYPE": "Other Designation", "CREATED_BY": "Lands", "METADATA": "https://irma.nps.gov/DataStore/Reference/Profile/2166419", "PARKNAME": "Catoctin Mountain", "SHAPE_Length": 51486.90632525594, "SHAPE_Area": 39359346.88215149}, "geometry": {"type": "MultiPolygon", "coordinates": [[[[-8618478.0995, 4811495.045500003], [-8618575.0448, 4811343.5286], [-8618581.2377, 4811348.783799998], [-8618582.0881, 4811352.087099999], [-8618582.8246, 4811355.417800002], [-8618583.4469, 4811358.772], [-8618583.9538, 4811362.145400003], [-8618584.3448, 4811365.534599997], [-8618584.6194, 4811368.9353], [-8618584.7775, 4811372.3434000015], [-8618584.8186, 4811375.754900001], [-8618584.7429, 4811379.165899999], [-8618584.5504, 4811382.572099999], [-8618584.2414, 4811385.969899997], [-8618583.816, 4811389.354800001], [-8618583.2752, 4811392.722999997], [-8618582.6191, 4811396.070799999], [-8618581.8487, 4811399.393700004], [-8618580.9649, 4811402.688100003], [-8618579.9689, 4811405.950000003], [-8618578.8617, 4811409.175700001], [-8618577.6447, 4811412.361100003], [-8618576.3192, 4811415.502700001], [-8618574.8869, 4811418.596699998], [-8618573.3495, 4811421.639399998], [-8618571.7087, 4811424.627099998], [-8618569.9666, 4811427.556500003], [-8618568.1252, 4811430.424000002], [-8618566.1866, 4811433.226199999], [-8618564.1533, 4811435.959700003], [-8618562.0273, 4811438.621600002], [-8618559.8115, 4811441.208300002], [-8618557.5084, 4811443.717100002], [-8618555.1208, 4811446.144699998], [-8618552.6513, 4811448.488499999], [-8618550.1031, 4811450.745800003], [-8618547.479, 4811452.913599998], [-8618544.7822, 4811454.989600003], [-8618542.0159, 4811456.971199997], [-8618494.6632, 4811489.672200002], [-8618493.7674, 4811488.364699997], [-8618478.0995, 4811495.045500003]]], [[[-8625527.6762, 4820504.037100002], [-8625814.8216, 4820832.804300003], [-8625956.5133, 4820877.780699998], [-8625868.62, 4821014.0842999965], [-8625834.7795, 4821063.8565], [-8625972.4845, 4821108.049199998], [-8626119.6408, 4821156.5858], [-8626133.9374, 4821230.001599997], [-8626113.1012, 4821196.535899997], [-8626113.5463, 4821165.376900002], [-8625987.8697, 4821120.466300003], [-8625922.9912, 4821100.442299999], [-8625829.4326, 4821070.856899999], [-8625808.2805, 4821137.862000003], [-8625782.0343, 4821132.8391999975], [-8625680.4909, 4821134.098999999], [-8625618.1411, 4821114.683799997], [-8625571.8632, 4821198.695200004], [-8625524.5091, 4821190.557800002], [-8625492.3165, 4821265.657499999], [-8625242.5347, 4821293.079599999], [-8624962.8638, 4821137.365599997], [-8625339.03, 4820534.371299997], [-8625440.0073, 4820617.402000003], [-8625493.4649, 4820665.6076000035], [-8625481.2632, 4820564.150899999], [-8625527.6762, 4820504.037100002]]], [[[-8625527.6762, 4820504.037100002], [-8625313.9832, 4820408.286799997], [-8625628.4964, 4820006.068800002], [-8625289.7088, 4819781.766999997], [-8625332.3826, 4819655.650399998], [-8625382.6278, 4819550.4169000015], [-8625216.1593, 4819431.311999999], [-8625111.9599, 4819425.613799997], [-8625024.8406, 4819355.303999998], [-8624956.2838, 4819273.3336], [-8624842.4624, 4819374.935800001], [-8624765.0462, 4819270.075000003], [-8624904.3015, 4818938.685199998], [-8625175.5376, 4818790.6919], [-8625070.8068, 4818520.888300002], [-8624826.9953, 4818363.281000003], [-8624764.1703, 4818360.793399997], [-8624781.7206, 4818125.837099999], [-8624833.1791, 4817995.617899999], [-8624589.6492, 4817744.558600001], [-8624381.1418, 4817457.0176], [-8624250.3516, 4817369.778300002], [-8624190.7176, 4817462.1998], [-8623890.2388, 4817251.262100004], [-8623727.0441, 4817347.596299998], [-8623489.2549, 4816957.282799996], [-8623324.6435, 4817188.564499997], [-8623202.0467, 4817381.4026999995], [-8622969.4163, 4817418.427699998], [-8622772.0171, 4817530.548900001], [-8622672.3671, 4817551.126699999], [-8622701.0254, 4817752.734999999], [-8622678.1524, 4817793.792000003], [-8622737.5127, 4817822.285700001], [-8622981.4291, 4817729.3508], [-8623043.5317, 4817895.828400001], [-8623021.0132, 4817927.050099999], [-8623115.5657, 4818180.062899999], [-8623025.8429, 4818223.495499998], [-8622845.4895, 4818249.557599999], [-8622808.6919, 4818269.0832], [-8622528.2828, 4818533.226300001], [-8622466.3164, 4818296.016000003], [-8622172.2929, 4818307.288900003], [-8622129.9404, 4818119.4432], [-8622113.3371, 4818038.471900001], [-8622104.6115, 4818005.489600003], [-8622069.0499, 4817923.737199999], [-8622043.9337, 4817874.942199998], [-8622052.7752, 4817800.4855], [-8622205.6528, 4817631.9921], [-8622037.0837, 4817309.881300002], [-8621948.1799, 4817395.879600003], [-8621753.602, 4817098.483800001], [-8621620.216, 4817136.305299997], [-8621581.8941, 4817146.151000001], [-8621569.6695, 4817128.6439], [-8621558.0372, 4817110.734700002], [-8621547.0104, 4817092.443499997], [-8621536.6016, 4817073.790899999], [-8621526.8224, 4817054.797899999], [-8621517.6839, 4817035.486100003], [-8621509.1964, 4817015.877300002], [-8621501.3694, 4816995.993299998], [-8621494.2118, 4816975.856700003], [-8621487.7316, 4816955.4903], [-8621416.8541, 4816800.8950999975], [-8621408.9967, 4816783.7566], [-8621400.1203, 4816771.386600003], [-8621388.1899, 4816752.924999997], [-8621320.8028, 4816667.724699996], [-8621313.5919, 4816657.720399998], [-8621218.1652, 4816512.039999999], [-8621205.9301, 4816495.561099999], [-8621154.9545, 4816434.727399997], [-8621146.3426, 4816425.057099998], [-8621137.1589, 4816415.349200003], [-8621173.4128, 4816357.621100001], [-8621141.3768, 4816303.596299998], [-8620972.1659, 4816083.223399997], [-8621059.2922, 4816018.5858], [-8620827.7506, 4815666.297700003], [-8620747.1288, 4815729.600199997], [-8620729.5219, 4815707.490000002], [-8620711.1573, 4815686.010499999], [-8620692.0573, 4815665.187399998], [-8620672.2452, 4815645.046599999], [-8620651.7448, 4815625.612099998], [-8620630.5816, 4815606.907899998], [-8620608.7811, 4815588.956699997], [-8620586.3697, 4815571.7804000005], [-8620563.3751, 4815555.399800003], [-8620539.825, 4815539.835000001], [-8620515.7482, 4815525.1049000025], [-8620491.1742, 4815511.2272000015], [-8620466.1327, 4815498.219300002], [-8620440.6545, 4815486.096900001], [-8620414.7703, 4815474.874499999], [-8620205.9836, 4815402.8653], [-8620129.4842, 4815363.178900003], [-8620109.0283, 4815268.243000001], [-8619985.1743, 4815225.5229], [-8619898.1223, 4815115.011200003], [-8619873.5967, 4815145.119099997], [-8619862.4992, 4815133.159999996], [-8619850.9926, 4815121.597199999], [-8619839.0909, 4815110.444499999], [-8619826.8086, 4815099.716300003], [-8619814.1607, 4815089.424999997], [-8619801.1627, 4815079.583300002], [-8619787.8304, 4815070.203299999], [-8619774.1799, 4815061.296599999], [-8619760.2281, 4815052.873400003], [-8619745.9919, 4815044.944799997], [-8619731.4886, 4815037.5200999975], [-8619716.736, 4815030.608000003], [-8619701.7519, 4815024.217699997], [-8619686.5549, 4815018.356299996], [-8619671.1632, 4815013.031300001], [-8619655.5957, 4815008.248999998], [-8619639.8714, 4815004.015500002], [-8619624.0096, 4815000.335600004], [-8619608.0295, 4814997.214100003], [-8619591.9503, 4814994.654799998], [-8619575.7922, 4814992.660499997], [-8619559.5744, 4814991.233999997], [-8619543.3168, 4814990.376699999], [-8619489.899, 4814681.602600001], [-8619538.6355, 4814229.7029], [-8619630.3003, 4814257.044299997], [-8619686.0321, 4814085.469999999], [-8618239.4237, 4813620.1010000035], [-8618218.7529, 4813509.345299996], [-8618105.1095, 4813477.479800001], [-8618089.1573, 4813398.136299998], [-8618734.1422, 4813616.099799998], [-8618768.1666, 4813515.7588], [-8618942.907, 4813573.950199999], [-8618985.2911, 4813447.380599998], [-8618415.9353, 4813252.769000001], [-8618393.5871, 4813113.421700001], [-8618657.4986, 4813203.548299998], [-8618771.361, 4812738.167000003], [-8618342.1165, 4812682.4353], [-8618378.6071, 4812447.218199998], [-8618661.0136, 4811971.623099998], [-8618967.9838, 4812042.023699999], [-8619102.5344, 4811738.598899998], [-8618967.294, 4811703.148199998], [-8618966.1942, 4811618.837399997], [-8618829.6318, 4811548.054399997], [-8618831.4354, 4811545.928199999], [-8618764.0016, 4811530.535899997], [-8618554.7207, 4811679.997000001], [-8618485.8965, 4811570.412100002], [-8618481.0946, 4811565.0151999965], [-8618465.851, 4811539.579700001], [-8618558.3658, 4811475.6906], [-8618561.7254, 4811473.2831000015], [-8618564.9993, 4811470.759400003], [-8618568.1841, 4811468.123000003], [-8618571.2753, 4811465.376699999], [-8618574.2694, 4811462.524099998], [-8618577.1629, 4811459.568599999], [-8618579.9521, 4811456.513700001], [-8618582.6336, 4811453.363200001], [-8618585.2042, 4811450.120700002], [-8618587.661, 4811446.7907000035], [-8618590.0007, 4811443.376599997], [-8618592.2207, 4811439.8829], [-8618594.3182, 4811436.313600004], [-8618596.2905, 4811432.673299998], [-8618598.1355, 4811428.966200002], [-8618599.851, 4811425.196900003], [-8618601.4344, 4811421.369900003], [-8618602.8845, 4811417.489799999], [-8618604.199, 4811413.561300002], [-8618605.3765, 4811409.589599997], [-8618606.4156, 4811405.5788], [-8618607.315, 4811401.5342999995], [-8618608.0737, 4811397.4608], [-8618608.6906, 4811393.363300003], [-8618609.165, 4811389.2465], [-8618609.4964, 4811385.115800001], [-8618609.6844, 4811380.9760000035], [-8618609.7287, 4811376.8320999965], [-8618609.6293, 4811372.689199999], [-8618609.3863, 4811368.552299999], [-8618609.0001, 4811364.426299997], [-8618608.471, 4811360.316399999], [-8618607.7997, 4811356.227499999], [-8618606.987, 4811352.164499998], [-8618606.2354, 4811326.147100002], [-8618606.6757, 4811325.5273], [-8618607.0946, 4811324.8926], [-8618607.4915, 4811324.243900001], [-8618607.8662, 4811323.582000002], [-8618608.2178, 4811322.907700002], [-8618608.5464, 4811322.2214], [-8618608.8513, 4811321.524400003], [-8618609.1323, 4811320.817199998], [-8618609.389, 4811320.1008], [-8618609.6211, 4811319.376100004], [-8618609.8283, 4811318.643700004], [-8618610.0104, 4811317.904700004], [-8618610.1672, 4811317.1598000005], [-8618610.2985, 4811316.409999996], [-8618610.404, 4811315.656000003], [-8618610.4839, 4811314.898900002], [-8618610.5377, 4811314.1395], [-8618610.5658, 4811313.378799997], [-8618610.5678, 4811312.617399998], [-8618610.5437, 4811311.8565], [-8618610.4938, 4811311.0967999995], [-8618610.418, 4811310.339400001], [-8618610.3164, 4811309.584899999], [-8618610.1889, 4811308.834399998], [-8618610.0362, 4811308.088600002], [-8618609.858, 4811307.348700002], [-8618609.6545, 4811306.6153], [-8618609.4264, 4811305.889200002], [-8618609.1734, 4811305.171499997], [-8618632.0507, 4811310.953500003], [-8618629.5976, 4811343.3330999985], [-8618862.3411, 4811223.560199998], [-8618961.005, 4811336.957199998], [-8618970.1267, 4811348.056500003], [-8618963.0739, 4811393.7754999995], [-8619491.6107, 4811533.317100003], [-8619540.7588, 4810855.4070999995], [-8619601.8116, 4810859.388999999], [-8619671.5793, 4810887.418099999], [-8619736.2501, 4810910.375100002], [-8619852.3651, 4810959.674500003], [-8619998.3249, 4811018.799999997], [-8620072.7803, 4811010.1351], [-8620160.5018, 4811006.390900001], [-8620225.1191, 4811017.712899998], [-8620327.8433, 4811035.4987], [-8620382.6868, 4811080.101300001], [-8620420.1446, 4811130.2809000015], [-8620435.0422, 4811187.056000002], [-8620413.6097, 4811266.634499997], [-8620410.5116, 4811277.7993], [-8620405.1789, 4811292.440300003], [-8620398.6494, 4811307.840400003], [-8620394.8958, 4811317.394299999], [-8620391.829, 4811325.2007], [-8620385.6046, 4811341.654299997], [-8620382.0512, 4811351.766599998], [-8620377.7559, 4811363.690399997], [-8620374.512, 4811375.759999998], [-8620370.0834, 4811391.1501], [-8620366.6944, 4811404.275399998], [-8620365.221, 4811410.008000001], [-8620362.7196, 4811420.416500002], [-8620360.2236, 4811432.030500002], [-8620358.3268, 4811443.340300001], [-8620356.1304, 4811454.802299999], [-8620355.1044, 4811459.930200003], [-8620353.0574, 4811471.240800001], [-8620351.0256, 4811485.715400003], [-8620348.9892, 4811499.285999998], [-8620347.5318, 4811508.333800003], [-8620345.9349, 4811519.641999997], [-8620344.3495, 4811533.361400001], [-8620342.9, 4811544.066299997], [-8620341.0074, 4811556.280299999], [-8620338.9604, 4811567.590899996], [-8620334.8468, 4811586.144000001], [-8620332.0544, 4811598.513099998], [-8620328.2181, 4811612.243100002], [-8620324.0793, 4811625.5227999985], [-8620320.0956, 4811639.856299996], [-8620315.9604, 4811653.889399998], [-8620312.5638, 4811665.508100003], [-8620309.4579, 4811675.015600003], [-8620307.1019, 4811684.5198], [-8620306.3774, 4811689.9476], [-8620305.6565, 4811696.128899999], [-8620305.0842, 4811702.008199997], [-8620305.5612, 4811707.581100002], [-8620306.4896, 4811713.453100003], [-8620308.9354, 4811722.783399999], [-8620313.6266, 4811730.897600003], [-8620318.1527, 4811735.8483000025], [-8620324.7775, 4811740.336800002], [-8620335.4611, 4811746.161799997], [-8620342.1257, 4811748.356700003], [-8620350.3424, 4811751.0625], [-8620374.2391, 4811758.18], [-8620391.2194, 4811762.618699998], [-8620405.3439, 4811766.1669000015], [-8620421.8666, 4811769.100599997], [-8620431.9166, 4811770.472499996], [-8620432.5293, 4811770.556199998], [-8620444.0903, 4811771.555200003], [-8620465.2599, 4811773.261100002], [-8620480.7206, 4811773.789099999], [-8620496.3299, 4811774.0151999965], [-8620507.8853, 4811773.808799997], [-8620515.9872, 4811773.317599997], [-8620529.3348, 4811771.294100001], [-8620561.2713, 4811764.9617], [-8620574.3156, 4811762.3369999975], [-8620590.9611, 4811759.544399999], [-8620600.2587, 4811757.992600001], [-8620611.2077, 4811756.583300002], [-8620622.1597, 4811755.777000003], [-8620632.3662, 4811756.0288999975], [-8620643.1799, 4811757.634000003], [-8620655.2083, 4811762.246799998], [-8620664.5305, 4811765.817900002], [-8620677.3224, 4811773.708400004], [-8620678.8306, 4811774.638700001], [-8620691.0266, 4811782.866800003], [-8620925.2609, 4811828.182099998], [-8621036.3446, 4811860.878200002], [-8621109.3322, 4811885.958700001], [-8621120.4934, 4811928.2456], [-8621114.624, 4811986.739500001], [-8621051.0311, 4812158.287100002], [-8621031.4609, 4812219.874700002], [-8620985.554, 4812313.167199999], [-8620990.7303, 4812356.352799997], [-8621020.7332, 4812397.755900003], [-8621108.9339, 4812490.394900002], [-8621309.8594, 4812638.010600001], [-8621309.8861, 4812638.029700004], [-8621330.944, 4812651.661399998], [-8621347.5244, 4812661.927599996], [-8621348.0561, 4812662.2575], [-8621348.1089, 4812662.290799998], [-8621348.1404, 4812662.310800001], [-8621348.1562, 4812662.318700001], [-8621348.2866, 4812662.400200002], [-8621348.4264, 4812662.487800002], [-8621348.6214, 4812662.607199997], [-8621348.892, 4812662.777400002], [-8621349.1498, 4812662.935500003], [-8621349.7548, 4812663.309600003], [-8621351.942, 4812664.663999997], [-8621373.4419, 4812676.812399998], [-8621548.0196, 4812770.883599997], [-8621565.1764, 4812779.5471], [-8621582.7671, 4812787.2836000025], [-8621600.7422, 4812794.071800001], [-8621619.0508, 4812799.891800001], [-8621637.6418, 4812804.727499999], [-8621656.4619, 4812808.565700002], [-8621675.4588, 4812811.394699998], [-8621694.5783, 4812813.2073], [-8621713.7667, 4812813.997900002], [-8621730.1263, 4812813.798900001], [-8621732.9698, 4812813.764600001], [-8621739.3791, 4812813.3442], [-8621739.671, 4812813.311800003], [-8621741.6478, 4812813.189199999], [-8621741.6262, 4812813.202399999], [-8621745.0, 4812813.1589], [-8621811.3969, 4812716.6985], [-8621839.1572, 4812704.027400002], [-8621851.2618, 4812698.5022], [-8621851.5059, 4812698.390799999], [-8621851.5106, 4812698.471299998], [-8621857.019, 4812792.211300001], [-8621857.1061, 4812793.445900001], [-8621858.1199, 4812793.241599999], [-8621877.2457, 4812789.3882], [-8621896.4576, 4812786.012699999], [-8621915.8127, 4812783.597499996], [-8621935.2631, 4812782.149300002], [-8621954.7613, 4812781.671300001], [-8621974.259, 4812782.164399996], [-8621993.7084, 4812783.627599999], [-8622013.0616, 4812786.057800002], [-8622030.5036, 4812787.657300003], [-8622034.5583, 4812787.931100003], [-8622033.6201, 4812788.542800002], [-8622129.3263, 4812813.564000003], [-8622220.2346, 4812781.531099997], [-8622323.717, 4812736.022600003], [-8622458.3676, 4812722.166299999], [-8622562.2861, 4812643.529600002], [-8622659.5976, 4812568.248999998], [-8622733.9038, 4812527.986299999], [-8622833.1266, 4812504.216600001], [-8622944.4179, 4812474.330200002], [-8623137.1296, 4812458.359899998], [-8623285.1271, 4812460.330300003], [-8623355.8365, 4812481.7744999975], [-8623415.7252, 4812511.450499997], [-8623440.3019, 4812538.582000002], [-8623497.5531, 4812583.262999997], [-8623594.0862, 4812610.0242], [-8623678.3523, 4812627.307700001], [-8623738.3649, 4812652.724399999], [-8623757.1548, 4812685.032399997], [-8623761.3253, 4812772.255800001], [-8623760.4789, 4812849.535400003], [-8623796.6521, 4812881.7544], [-8623844.3081, 4812871.515299998], [-8623883.9652, 4812841.892999999], [-8623916.3472, 4812800.396700002], [-8623962.7517, 4812745.417999998], [-8623993.142, 4812705.900300004], [-8624039.2582, 4812682.6657000035], [-8624114.101, 4812683.305699997], [-8624176.0587, 4812676.1494999975], [-8624254.7834, 4812659.327299997], [-8624291.7675, 4812661.0832], [-8624317.0429, 4812666.9683], [-8624339.4762, 4812670.798799999], [-8624357.1924, 4812675.047899999], [-8624376.4766, 4812678.499799997], [-8624400.9087, 4812688.634599999], [-8624426.1345, 4812700.3440999985], [-8624445.8602, 4812712.871600002], [-8624470.4786, 4812729.436899997], [-8624512.315, 4812759.610699996], [-8624541.5228, 4812780.771600001], [-8624564.4119, 4812796.834600002], [-8624585.3258, 4812810.934699997], [-8624612.1559, 4812828.555500001], [-8624631.4764, 4812838.716600001], [-8624655.2485, 4812850.799800001], [-8624676.8877, 4812863.223899998], [-8624783.8793, 4812911.675499998], [-8624912.4648, 4812963.431699999], [-8625020.5643, 4813006.175300002], [-8625118.4101, 4813042.133599997], [-8625241.0743, 4813101.035899997], [-8625307.4299, 4813126.6032000035], [-8625317.4263, 4813128.147699997], [-8625317.5186, 4813145.651799999], [-8625290.8626, 4813501.099299997], [-8625259.5307, 4813563.010300003], [-8625378.0582, 4813656.555799998], [-8625539.1105, 4813779.477499999], [-8625963.1004, 4814040.964599997], [-8625916.7041, 4814056.828000002], [-8625882.4822, 4814072.346000001], [-8625853.4384, 4814090.079599999], [-8625825.27, 4814111.369499996], [-8625803.6073, 4814131.396300003], [-8625781.4099, 4814155.272100002], [-8625750.681, 4814193.673799999], [-8625762.0382, 4814200.853100002], [-8626005.2876, 4814354.611400001], [-8625985.7457, 4814388.705899999], [-8626077.483, 4814439.855800003], [-8626092.5634, 4814412.570799999], [-8626268.0187, 4814540.6592999995], [-8626414.4105, 4814299.235799998], [-8626520.6503, 4814242.933399998], [-8626707.8501, 4814794.179200001], [-8626776.3977, 4814807.443300001], [-8626799.7954, 4814916.983400002], [-8626458.7123, 4815422.868199997], [-8626642.5001, 4815572.9287], [-8626659.5133, 4815582.711800002], [-8626892.9986, 4815716.9706000015], [-8626761.4357, 4815864.977499999], [-8626549.2406, 4815974.408399999], [-8626610.6154, 4816430.559799999], [-8626636.1876, 4816481.299400002], [-8626790.3438, 4816386.943999998], [-8627053.0513, 4816684.1197], [-8627396.0439, 4816386.576499999], [-8627416.4425, 4816412.837800004], [-8627394.6198, 4816709.649800003], [-8627550.9065, 4816823.080200002], [-8627757.8792, 4817034.822099999], [-8627796.8224, 4817019.271600001], [-8627798.8225, 4817122.267700002], [-8627762.786, 4817347.7315], [-8627747.8075, 4817401.291699998], [-8627700.9752, 4817568.752599999], [-8627585.4489, 4817765.262599997], [-8627510.131, 4817850.530199997], [-8627322.1007, 4818137.354800001], [-8627268.5145, 4818219.614], [-8627414.6488, 4818199.9353], [-8627556.5934, 4818197.229800001], [-8627549.0804, 4818301.159100004], [-8627457.3134, 4818416.966499999], [-8627342.8832, 4818323.467500001], [-8627252.3958, 4818249.542199999], [-8627190.8386, 4818324.300899997], [-8627137.3154, 4818376.157700002], [-8626908.6665, 4818453.172200002], [-8626863.7015, 4818468.316699997], [-8626799.0496, 4818517.013899997], [-8626748.1084, 4818532.7751], [-8626590.4764, 4818661.744900003], [-8626493.1768, 4818672.9692], [-8626494.888, 4818686.706299998], [-8626716.184, 4818844.928000003], [-8626805.6882, 4818908.919299997], [-8626717.8067, 4819100.8671], [-8626550.3141, 4819046.200300001], [-8626509.4734, 4819032.870200001], [-8626331.0406, 4819368.612999998], [-8626008.3739, 4819279.9833], [-8625911.0267, 4819226.3950999975], [-8625832.4209, 4819340.715400003], [-8625953.4308, 4819677.923600003], [-8626292.3281, 4819882.668200001], [-8626133.452, 4820069.3125], [-8626355.7405, 4820167.122199997], [-8626163.3289, 4820452.603299998], [-8625861.9303, 4820415.7962], [-8625705.5884, 4820296.257100001], [-8625527.6762, 4820504.037100002]]]]}}, {"type": "Feature", "properties": {"OBJECTID": 123, "CreationDate": "2025-01-14T11:11:11Z", "Creator": "NPS_WASO_LANDS", "EditDate": "2025-01-14T11:11:11Z", "Editor": "NPS_WASO_LANDS", "GlobalID": "{C83B87DC-8C9D-4ADE-B2CE-09434564E024}", "AreaID": 107, "UNIT_CODE": "GWMP", "GIS_Notes": "Lands - http://landsnet.nps.gov/tractsnet/documents/GWMP/Metadata/gwmp_metadata.xml", "UNIT_NAME": "George Washington Memorial Parkway", "DATE_EDIT": "2023-09-15T16:59:57Z", "STATE": "MD", "REGION": "NC", "GNIS_ID": "584569", "UNIT_TYPE": "Parkway", "CREATED_BY": "Lands", "METADATA": "https://irma.nps.gov/DataStore/Reference/Profile/1048162", "PARKNAME": "George Washington", "SHAPE_Length": 313357.5713496989, "SHAPE_Area": 44162529.76950083}, "geometry": {"type": "MultiPolygon", "coordinates": [[[[-8578920.8984, 4705662.401100002], [-8578929.1234, 4705652.456799999], [-8578937.9873, 4705661.018399999], [-8578920.8984, 4705662.401100002]]], [[[-8587601.7699, 4717643.347400002], [-8587540.2465, 4717599.3279], [-8587511.4502, 4717557.520499997], [-8587529.1231, 4717580.390299998], [-8587548.965, 4717601.3895], [-8587563.303, 4717614.247100003], [-8587578.4562, 4717626.124600001], [-8587602.5681, 4717641.991999999], [-8587601.7699, 4717643.347400002]]], [[[-8587601.7699, 4717643.347400002], [-8587619.8516, 4717653.252400003], [-8587638.5747, 4717661.873999998], [-8587657.8483, 4717669.1696000025], [-8587677.58, 4717675.1043], [-8587669.2684, 4717691.642300002], [-8587601.7699, 4717643.347400002]]], [[[-8586920.8597, 4716667.237099998], [-8586928.2476, 4716612.7086], [-8586954.88, 4716617.5200999975], [-8586972.045, 4716620.429200001], [-8586966.4423, 4716637.4048999995], [-8586955.3477, 4716674.360200003], [-8586938.2241, 4716670.212700002], [-8586920.8597, 4716667.237099998]]], [[[-8587914.2405, 4717761.739299998], [-8587757.4725, 4717708.137699999], [-8587679.5131, 4717682.0876], [-8587706.8883, 4717686.351099998], [-8587725.3066, 4717687.7601], [-8587744.7404, 4717687.985399999], [-8587765.1203, 4717687.088200003], [-8587808.7818, 4717705.271300003], [-8587852.447, 4717723.4538], [-8587896.1129, 4717741.635700002], [-8587922.9446, 4717746.978100002], [-8587984.3888, 4717744.817900002], [-8587997.7359, 4717736.194300003], [-8588002.7382, 4717751.491999999], [-8587914.2405, 4717761.739299998]]], [[[-8578006.1131, 4681460.579599999], [-8578009.8821, 4681449.345899999], [-8578432.7012, 4681532.825999998], [-8578430.443, 4681544.3583], [-8578006.1131, 4681460.579599999]]], [[[-8585813.1144, 4715172.0189], [-8585849.3388, 4715157.121799998], [-8585863.2243, 4715175.0788], [-8585875.2277, 4715190.601499997], [-8585886.1275, 4715208.653499998], [-8585909.4875, 4715238.700000003], [-8585924.6765, 4715318.218599997], [-8585890.7634, 4715328.0886999965], [-8585888.9434, 4715322.155500002], [-8585886.9282, 4715316.2861], [-8585884.7192, 4715310.487599999], [-8585882.3193, 4715304.766099997], [-8585879.7313, 4715299.127700001], [-8585876.9582, 4715293.578500003], [-8585874.0025, 4715288.125799999], [-8585870.868, 4715282.7742], [-8585867.5575, 4715277.5304000005], [-8585864.0754, 4715272.4004999995], [-8585860.4251, 4715267.388999999], [-8585856.6111, 4715262.5031], [-8585852.6373, 4715257.747100003], [-8585848.5079, 4715253.1259], [-8585844.2276, 4715248.645400003], [-8585858.3857, 4715235.132299997], [-8585825.5741, 4715195.361299999], [-8585813.1144, 4715172.0189]]], [[[-8584803.651, 4713323.655199997], [-8584885.6495, 4713292.781499997], [-8584907.5329, 4713349.728699997], [-8584941.6373, 4713435.705700003], [-8584958.6331, 4713478.075199999], [-8584943.3028, 4713484.0154], [-8584942.5042, 4713466.3772], [-8584934.0268, 4713451.987499997], [-8584923.3734, 4713442.4059000015], [-8584874.9409, 4713401.737400003], [-8584858.2765, 4713385.153499998], [-8584847.2496, 4713373.043200001], [-8584803.651, 4713323.655199997]]], [[[-8591785.817, 4718221.3697], [-8591839.9929, 4718028.564499997], [-8591854.5169, 4718047.8904], [-8591844.8423, 4718083.793300003], [-8591842.8914, 4718098.3967999965], [-8591843.0461, 4718108.716300003], [-8591844.1751, 4718117.491499998], [-8591846.6379, 4718127.511299998], [-8591850.2977, 4718137.155699998], [-8591856.6743, 4718148.772100002], [-8591864.7823, 4718159.243699998], [-8591939.8014, 4718235.702799998], [-8591785.817, 4718221.3697]]], [[[-8587868.8542, 4717653.574299999], [-8587923.6803, 4717650.193999998], [-8587951.9817, 4717657.6382], [-8587982.5997, 4717680.910099998], [-8587996.0352, 4717695.327], [-8587998.1124, 4717718.124399997], [-8587982.1369, 4717733.163400002], [-8587929.7288, 4717737.070900001], [-8587901.6367, 4717731.588500001], [-8587855.2921, 4717711.915600002], [-8587808.948, 4717692.2421], [-8587823.2205, 4717685.3684], [-8587840.7283, 4717671.299400002], [-8587868.8542, 4717653.574299999]]], [[[-8590154.1513, 4717573.663900003], [-8590142.8691, 4717570.9070999995], [-8590113.7622, 4717564.214299999], [-8590104.1911, 4717558.795500003], [-8590092.4104, 4717554.116099998], [-8590080.2939, 4717549.258500002], [-8590074.3092, 4717546.118199997], [-8590065.0466, 4717540.131999999], [-8590061.2327, 4717538.648500003], [-8590059.5052, 4717538.258599997], [-8590057.9384, 4717538.246200003], [-8590056.7097, 4717538.530299999], [-8590056.1343, 4717538.8554000035], [-8590053.8969, 4717540.156900004], [-8590052.8171, 4717540.896300003], [-8590051.7651, 4717542.2531], [-8590049.8431, 4717547.923799999], [-8590048.7731, 4717549.409000002], [-8590046.6908, 4717549.7348000035], [-8590043.3302, 4717549.100599997], [-8590029.8185, 4717547.860299997], [-8590023.0578, 4717545.453400001], [-8590022.355, 4717545.198299997], [-8590020.9927, 4717544.721299998], [-8590015.4489, 4717542.7377], [-8590011.0501, 4717541.924500003], [-8590004.5815, 4717540.706699997], [-8590000.3452, 4717539.879799999], [-8589994.9358, 4717539.426100001], [-8589990.072, 4717539.371399999], [-8589980.9662, 4717539.270800002], [-8589980.7642, 4717539.2717999965], [-8589977.572, 4717539.221500002], [-8589969.6117, 4717539.137599997], [-8589957.4624, 4717537.034999996], [-8589949.1119, 4717536.302599996], [-8589946.9386, 4717535.914899997], [-8589943.2297, 4717534.209600002], [-8589942.7886, 4717533.495899998], [-8589942.946, 4717532.264799997], [-8589945.101, 4717528.524300002], [-8589948.7923, 4717525.659199998], [-8589957.0606, 4717522.798699997], [-8589976.3829, 4717520.578299999], [-8589986.6716, 4717520.012100004], [-8590003.7403, 4717519.3006], [-8590024.9594, 4717524.162799999], [-8590029.9032, 4717524.483400002], [-8590048.602, 4717523.203699999], [-8590067.1637, 4717519.213399999], [-8590070.2831, 4717518.9120000005], [-8590074.0547, 4717518.597000003], [-8590074.7591, 4717518.538599998], [-8590075.5376, 4717518.5141], [-8590080.2167, 4717518.366700001], [-8590083.0073, 4717518.449000001], [-8590094.9152, 4717519.215800002], [-8590095.4789, 4717519.2973000035], [-8590095.9246, 4717519.361500002], [-8590098.4644, 4717519.704300001], [-8590102.0243, 4717520.197800003], [-8590105.7894, 4717521.115800001], [-8590115.8864, 4717525.126800001], [-8590124.7591, 4717529.061499998], [-8590130.0349, 4717530.941200003], [-8590134.3581, 4717531.983800001], [-8590137.9152, 4717532.139799997], [-8590151.2974, 4717530.334399998], [-8590153.469, 4717530.385399997], [-8590160.7556, 4717531.237099998], [-8590179.8059, 4717535.614], [-8590185.9186, 4717536.386399999], [-8590197.8111, 4717535.815899998], [-8590202.0456, 4717535.560800001], [-8590207.0808, 4717535.887400001], [-8590210.4095, 4717536.681199998], [-8590218.5907, 4717540.7678999975], [-8590224.1579, 4717543.747000001], [-8590227.5525, 4717545.241800003], [-8590227.9344, 4717545.409999996], [-8590232.518, 4717546.586000003], [-8590235.4686, 4717547.066699997], [-8590238.0564, 4717547.273900002], [-8590240.6661, 4717547.508100003], [-8590241.9442, 4717547.6228], [-8590242.5588, 4717547.659199998], [-8590248.8554, 4717547.824500002], [-8590257.2601, 4717548.124899998], [-8590266.8872, 4717546.433499999], [-8590269.2958, 4717546.316], [-8590273.3245, 4717546.323899999], [-8590275.5228, 4717546.7119999975], [-8590282.9053, 4717547.811700001], [-8590296.395, 4717547.183499999], [-8590300.0373, 4717547.934500001], [-8590303.4008, 4717549.460699998], [-8590305.323, 4717550.345299996], [-8590308.4426, 4717551.7809000015], [-8590321.1949, 4717556.694700003], [-8590329.3947, 4717559.079999998], [-8590336.0019, 4717561.251400001], [-8590338.0309, 4717562.225199997], [-8590341.3871, 4717564.488200001], [-8590343.2684, 4717566.713600002], [-8590343.7914, 4717567.551700003], [-8590344.5337, 4717569.016800001], [-8590344.9723, 4717570.2632], [-8590344.9622, 4717570.961000003], [-8590343.9405, 4717572.717500001], [-8590341.8572, 4717574.661700003], [-8590339.7306, 4717575.877499998], [-8590336.6805, 4717577.119099997], [-8590329.1186, 4717579.030100003], [-8590301.9245, 4717581.739399999], [-8590272.8641, 4717578.170699999], [-8590253.8957, 4717575.7875000015], [-8590228.3422, 4717574.381800003], [-8590220.4375, 4717575.012100004], [-8590217.2891, 4717575.475100003], [-8590203.4349, 4717578.921800002], [-8590201.1881, 4717579.371799998], [-8590200.6639, 4717579.467699997], [-8590197.7988, 4717580.044399999], [-8590196.8372, 4717580.239200003], [-8590195.8096, 4717580.440700002], [-8590195.5354, 4717580.494400002], [-8590193.3325, 4717580.542000003], [-8590191.8317, 4717580.558700003], [-8590190.2885, 4717580.582999997], [-8590188.3282, 4717580.6184], [-8590186.6361, 4717580.644900002], [-8590178.4682, 4717580.1897], [-8590175.5484, 4717579.5178999975], [-8590174.7779, 4717579.345200002], [-8590174.2845, 4717579.228399999], [-8590173.3775, 4717579.015000001], [-8590171.9936, 4717578.7282000035], [-8590154.1513, 4717573.663900003]]], [[[-8584934.7697, 4712258.545000002], [-8585068.6129, 4712102.455799997], [-8585107.8366, 4712158.308499999], [-8584972.5412, 4712316.0934000015], [-8584934.7697, 4712258.545000002]]], [[[-8588228.4584, 4717404.678000003], [-8588183.3185, 4717395.701899998], [-8588187.3326, 4717376.451800004], [-8588266.1124, 4717393.966300003], [-8588322.3309, 4717402.454599999], [-8588361.5179, 4717406.637000002], [-8588459.9654, 4717388.2579], [-8588532.0138, 4717374.937399998], [-8588588.2062, 4717373.7553], [-8588681.0327, 4717383.317299999], [-8588728.5781, 4717385.9177], [-8588698.418, 4717391.349699996], [-8588652.2775, 4717399.659199998], [-8588606.1374, 4717407.968999997], [-8588559.9968, 4717416.278800003], [-8588513.8564, 4717424.588200003], [-8588463.8638, 4717426.927100003], [-8588413.8714, 4717429.266199999], [-8588363.8788, 4717431.605099998], [-8588318.7385, 4717422.629299998], [-8588273.5984, 4717413.653800003], [-8588228.4584, 4717404.678000003]]], [[[-8595340.3368, 4718076.369099997], [-8595358.0337, 4718076.617600001], [-8595371.5661, 4718103.467], [-8595368.6838, 4718128.815300003], [-8595328.5588, 4718195.532300003], [-8595284.7999, 4718250.7727999985], [-8595258.0741, 4718270.562799998], [-8595246.3044, 4718264.092500001], [-8595254.6576, 4718236.384300001], [-8595245.1126, 4718195.626900002], [-8595233.8955, 4718184.043700002], [-8595229.2115, 4718157.318599999], [-8595237.0618, 4718138.387999997], [-8595260.2228, 4718109.516400002], [-8595300.8849, 4718094.855599999], [-8595340.3368, 4718076.369099997]]], [[[-8590264.2664, 4717489.3598000035], [-8590249.6592, 4717488.536399998], [-8590233.7799, 4717488.554300003], [-8590231.1638, 4717488.546800002], [-8590222.6111, 4717487.785999998], [-8590221.5739, 4717487.669299997], [-8590205.3143, 4717483.7179000005], [-8590199.4599, 4717482.1061], [-8590190.7121, 4717479.053300001], [-8590178.1483, 4717473.587800004], [-8590176.259, 4717471.931999996], [-8590175.5147, 4717469.5603], [-8590180.4236, 4717465.3825], [-8590183.0121, 4717464.292800002], [-8590185.6933, 4717463.163800001], [-8590193.3464, 4717460.946999997], [-8590203.0193, 4717458.092500001], [-8590227.8556, 4717450.915799998], [-8590245.0503, 4717446.316], [-8590272.9457, 4717438.452600002], [-8590276.2954, 4717437.567100003], [-8590277.347, 4717437.2678999975], [-8590278.0518, 4717437.079000004], [-8590280.5409, 4717436.3961], [-8590284.0989, 4717435.4120000005], [-8590289.6425, 4717433.991800003], [-8590292.8984, 4717433.123400003], [-8590294.8804, 4717432.719899997], [-8590299.2014, 4717431.7651999965], [-8590303.5441, 4717431.065300003], [-8590313.5486, 4717429.5320999995], [-8590322.8223, 4717427.7337], [-8590327.2184, 4717426.831200004], [-8590333.2185, 4717425.392099999], [-8590335.8047, 4717424.5402000025], [-8590356.3581, 4717414.778099999], [-8590360.0338, 4717412.9683], [-8590363.8877, 4717411.658200003], [-8590367.2362, 4717411.086000003], [-8590385.0604, 4717410.413800001], [-8590415.5694, 4717405.144199997], [-8590435.5742, 4717403.385799997], [-8590442.9981, 4717403.307499997], [-8590447.6883, 4717404.059100002], [-8590451.5081, 4717405.108199999], [-8590456.4188, 4717407.726199999], [-8590458.1326, 4717408.993299998], [-8590459.2532, 4717410.4881], [-8590462.6387, 4717418.169200003], [-8590468.1255, 4717425.9573], [-8590470.1275, 4717432.931299999], [-8590472.1161, 4717437.361199997], [-8590477.8489, 4717445.661700003], [-8590480.3776, 4717460.020800002], [-8590480.9251, 4717466.7623], [-8590478.3891, 4717472.409500003], [-8590476.3812, 4717474.367700003], [-8590474.273, 4717475.092299998], [-8590470.3656, 4717475.067599997], [-8590462.648, 4717474.1281], [-8590456.945, 4717474.2839], [-8590437.566, 4717478.453500003], [-8590427.6211, 4717479.0242], [-8590416.073, 4717478.2201000005], [-8590402.0504, 4717476.0682], [-8590398.0028, 4717476.298600003], [-8590391.2177, 4717477.700800002], [-8590388.0106, 4717478.722599998], [-8590386.6338, 4717479.313000001], [-8590373.8974, 4717485.215400003], [-8590370.3625, 4717485.847199999], [-8590364.6048, 4717486.198100001], [-8590356.747, 4717485.598499998], [-8590343.1135, 4717485.9278], [-8590332.105, 4717487.537299998], [-8590326.0733, 4717488.622000001], [-8590317.7311, 4717489.552299999], [-8590315.5906, 4717489.965300001], [-8590301.4894, 4717491.25], [-8590292.6309, 4717491.683600001], [-8590289.8174, 4717491.7676], [-8590289.5152, 4717491.846600004], [-8590283.73, 4717491.460100003], [-8590281.8116, 4717491.359200001], [-8590264.2664, 4717489.3598000035]]], [[[-8578007.3682, 4688753.779100001], [-8577918.3868, 4688627.644100003], [-8577932.3805, 4688628.9614999965], [-8578007.2712, 4688730.792999998], [-8578015.2898, 4688744.915299997], [-8578019.8679, 4688757.087300003], [-8578022.7147, 4688769.7804000005], [-8578023.7577, 4688786.002899997], [-8577902.973, 4690085.388999999], [-8577891.8204, 4690081.249799997], [-8578012.8008, 4688781.756099999], [-8578012.4828, 4688772.923900001], [-8578011.4449, 4688766.374899998], [-8578007.3682, 4688753.779100001]]], [[[-8595844.9894, 4717966.052199997], [-8595840.2594, 4717955.634000003], [-8595837.358, 4717944.561499998], [-8595833.5069, 4717918.260200001], [-8595831.7096, 4717909.6000000015], [-8595830.9003, 4717902.449100003], [-8595830.8682, 4717892.8565], [-8595876.9529, 4717863.8396999985], [-8595931.5534, 4717868.827600002], [-8595965.0114, 4717882.175099999], [-8596012.9636, 4717877.621799998], [-8596017.0283, 4717872.611299999], [-8596032.347, 4717874.832000002], [-8596057.2928, 4717899.249899998], [-8596059.3894, 4717916.022100002], [-8596058.8794, 4717921.281900004], [-8596036.8314, 4717961.402000003], [-8596034.6292, 4717963.248599999], [-8596032.0733, 4717963.956200004], [-8596016.3583, 4717962.437100001], [-8595970.4554, 4718023.7601], [-8595966.516, 4718026.829800002], [-8595961.2634, 4718028.225100003], [-8595904.4278, 4718021.180299997], [-8595866.7627, 4717999.3464], [-8595844.9894, 4717966.052199997]]], [[[-8575898.7494, 4695525.685900003], [-8575894.9449, 4695505.484099999], [-8575946.3809, 4695508.3248], [-8575966.1982, 4695508.6417], [-8575983.1788, 4695617.701800004], [-8576042.2671, 4695892.587300003], [-8576063.4961, 4695936.9661], [-8576077.9599, 4695974.389300004], [-8576084.5267, 4695996.9597999975], [-8576064.0788, 4695996.633000001], [-8576053.8212, 4695994.782200001], [-8576015.9182, 4695904.290899999], [-8575987.8219, 4695896.372299999], [-8575946.2227, 4695852.022200003], [-8575927.78, 4695823.7026999965], [-8575930.5898, 4695797.572800003], [-8575954.9463, 4695762.728500001], [-8575939.7561, 4695710.558399998], [-8575924.677, 4695651.3847], [-8575915.8614, 4695605.544], [-8575904.6916, 4695562.8191], [-8575898.7494, 4695525.685900003]]], [[[-8579053.1469, 4705948.103699997], [-8579038.3432, 4705937.264899999], [-8578999.7148, 4705940.470399998], [-8578983.7565, 4705941.795000002], [-8578987.5931, 4705927.256499998], [-8578989.4677, 4705918.792599998], [-8578991.0933, 4705910.2766999975], [-8578992.4685, 4705901.715999998], [-8578993.5924, 4705893.118500002], [-8578994.4639, 4705884.491800003], [-8578995.1295, 4705874.988499999], [-8578995.489, 4705865.468800001], [-8578995.5413, 4705855.943000004], [-8578995.2873, 4705846.419100001], [-8578994.7764, 4705837.580899999], [-8578994.0017, 4705828.761500001], [-8578992.9627, 4705819.969700001], [-8578991.661, 4705811.212800004], [-8578989.918, 4705801.604500003], [-8578987.8585, 4705792.0594], [-8578985.4848, 4705782.588299997], [-8578982.7996, 4705773.201499999], [-8578979.8059, 4705763.909000002], [-8578948.0912, 4705670.777500004], [-8578944.5861, 4705660.4837], [-8578996.1903, 4705656.3081], [-8579131.8327, 4705645.329700001], [-8579142.1833, 4705824.637900002], [-8579148.2481, 4705929.704000004], [-8579150.8791, 4705983.557899997], [-8579152.4655, 4706016.023800001], [-8579154.567, 4706059.0348000005], [-8579129.1458, 4706061.1445999965], [-8579108.1736, 4706009.545199998], [-8579083.4359, 4705970.281499997], [-8579053.1469, 4705948.103699997]]], [[[-8574196.923, 4689994.6316], [-8574204.4823, 4689965.4728000015], [-8574211.5257, 4689966.457800001], [-8574218.5974, 4689967.2104], [-8574225.6901, 4689967.7304000035], [-8574232.7954, 4689968.016500004], [-8574239.9066, 4689968.068899997], [-8574247.0156, 4689967.887500003], [-8574254.1147, 4689967.472000003], [-8574261.1971, 4689966.823600002], [-8574268.2537, 4689965.942100003], [-8574275.278, 4689964.829099998], [-8574282.2627, 4689963.485799998], [-8574322.0236, 4689955.1674000025], [-8574362.3529, 4689946.724699996], [-8574370.8854, 4689944.9661], [-8574371.655, 4689944.825599998], [-8574372.4291, 4689944.710699998], [-8574373.2064, 4689944.622500002], [-8574373.9863, 4689944.560800001], [-8574374.7679, 4689944.5261999965], [-8574375.5502, 4689944.518100001], [-8574376.3326, 4689944.536399998], [-8574377.1134, 4689944.581100002], [-8574377.8928, 4689944.653499998], [-8574378.6687, 4689944.751500003], [-8574379.4412, 4689944.8759], [-8574380.2089, 4689945.026900001], [-8574380.9712, 4689945.2042], [-8574381.7271, 4689945.4065999985], [-8574382.4753, 4689945.635200001], [-8574383.216, 4689945.8891], [-8574383.9469, 4689946.168300003], [-8574384.6686, 4689946.471699998], [-8574385.3796, 4689946.8002], [-8574386.0788, 4689947.1523], [-8574387.4746, 4689947.922200002], [-8574388.1964, 4689948.291599996], [-8574388.9308, 4689948.635700002], [-8574389.6761, 4689948.953900002], [-8574390.4321, 4689949.245999999], [-8574391.1979, 4689949.511799999], [-8574391.9722, 4689949.750699997], [-8574392.7542, 4689949.9626], [-8574393.5433, 4689950.148000002], [-8574394.3381, 4689950.305100001], [-8574395.1378, 4689950.434299998], [-8574395.9417, 4689950.5363000035], [-8574396.7486, 4689950.610299997], [-8574397.5573, 4689950.656099997], [-8574398.3673, 4689950.673199996], [-8574399.1775, 4689950.662799999], [-8574399.9864, 4689950.624499999], [-8574400.7938, 4689950.557800002], [-8574401.5986, 4689950.462899998], [-8574402.3994, 4689950.3401999995], [-8574403.1956, 4689950.190300003], [-8574403.9862, 4689950.0123], [-8574404.7701, 4689949.807099998], [-8574405.5467, 4689949.5744], [-8574406.3145, 4689949.315899998], [-8574407.073, 4689949.030299999], [-8574407.8269, 4689948.7161], [-8574408.5697, 4689948.375500001], [-8574409.3003, 4689948.009499997], [-8574410.0175, 4689947.617799997], [-8574410.7208, 4689947.201099999], [-8574411.4093, 4689946.760499999], [-8574412.0817, 4689946.296099998], [-8574412.738, 4689945.808200002], [-8574413.3766, 4689945.297499999], [-8574413.9976, 4689944.765100002], [-8574414.5994, 4689944.211400002], [-8574415.1812, 4689943.636699997], [-8574415.7435, 4689943.041699998], [-8574416.2846, 4689942.427900001], [-8574416.8039, 4689941.795299999], [-8574417.301, 4689941.145000003], [-8574417.7755, 4689940.477600001], [-8574418.2262, 4689939.794399999], [-8574418.6527, 4689939.0955], [-8574419.0552, 4689938.382100001], [-8574419.4325, 4689937.655199997], [-8574419.7844, 4689936.915899999], [-8574420.1103, 4689936.163900003], [-8574420.4101, 4689935.401100002], [-8574420.683, 4689934.628700003], [-8574420.929, 4689933.847099997], [-8574421.1476, 4689933.057499997], [-8574421.3391, 4689932.260399997], [-8574421.5025, 4689931.4570999965], [-8574421.638, 4689930.648900002], [-8574421.7454, 4689929.836199999], [-8574421.8247, 4689929.020499997], [-8574421.8755, 4689928.201899998], [-8574421.8977, 4689927.382799998], [-8574421.8916, 4689926.562700003], [-8574421.8573, 4689925.743799999], [-8574421.7941, 4689924.926399998], [-8574421.703, 4689924.112099998], [-8574421.5835, 4689923.300899997], [-8574421.4358, 4689922.4947], [-8574421.2608, 4689921.693999998], [-8574421.0572, 4689920.899599999], [-8574420.8267, 4689920.113499999], [-8574420.5689, 4689919.3358], [-8574420.2847, 4689918.567400001], [-8574419.9736, 4689917.809100002], [-8574419.6367, 4689917.062799998], [-8574419.2739, 4689916.328299999], [-8574418.8855, 4689915.607199997], [-8574418.4727, 4689914.9001], [-8574418.0352, 4689914.2075999975], [-8574417.5747, 4689913.531199999], [-8574417.0905, 4689912.870899998], [-8574416.584, 4689912.228299998], [-8574416.0552, 4689911.603399999], [-8574415.5051, 4689910.997699998], [-8574414.9344, 4689910.411700003], [-8574414.3436, 4689909.8456000015], [-8574413.7336, 4689909.300700001], [-8574413.1049, 4689908.777500004], [-8574412.4587, 4689908.276799999], [-8574411.7953, 4689907.7993], [-8574411.1159, 4689907.344800003], [-8574410.4211, 4689906.914099999], [-8574409.7114, 4689906.508500002], [-8574408.9885, 4689906.127599999], [-8574408.2526, 4689905.772399999], [-8574407.5046, 4689905.4432], [-8574406.7465, 4689905.140000001], [-8574405.9773, 4689904.863600001], [-8574405.1998, 4689904.614799999], [-8574404.4139, 4689904.392999999], [-8574403.6208, 4689904.198799998], [-8574402.8269, 4689904.0336000025], [-8574402.028, 4689903.896300003], [-8574401.2247, 4689903.786600001], [-8574400.418, 4689903.704800002], [-8574399.6091, 4689903.6514], [-8574398.7989, 4689903.625699997], [-8574397.9882, 4689903.628300004], [-8574397.1782, 4689903.659100004], [-8574396.3695, 4689903.718099996], [-8574395.5635, 4689903.804700002], [-8574394.7609, 4689903.919500001], [-8574393.963, 4689904.062299997], [-8574393.1703, 4689904.233099997], [-8574392.3839, 4689904.430699997], [-8574391.6045, 4689904.655599996], [-8574390.834, 4689904.907799996], [-8574390.0723, 4689905.1862], [-8574389.3206, 4689905.491099998], [-8574388.58, 4689905.822300002], [-8574387.8508, 4689906.178300001], [-8574387.1348, 4689906.559799999], [-8574386.4328, 4689906.965899996], [-8574385.7439, 4689907.3961], [-8574385.0713, 4689907.849699996], [-8574384.4144, 4689908.326700002], [-8574383.7742, 4689908.826300003], [-8574383.1515, 4689909.347900003], [-8574382.5477, 4689909.8901999965], [-8574381.9626, 4689910.453900002], [-8574381.3973, 4689911.037299998], [-8574380.8524, 4689911.640100002], [-8574380.3285, 4689912.261399999], [-8574379.8265, 4689912.900399998], [-8574379.3298, 4689913.545500003], [-8574378.8114, 4689914.173299998], [-8574378.2721, 4689914.783], [-8574377.7127, 4689915.373899996], [-8574377.1335, 4689915.945600003], [-8574376.5351, 4689916.497199997], [-8574375.9184, 4689917.0276999995], [-8574375.2846, 4689917.537100002], [-8574374.6333, 4689918.024300002], [-8574373.9662, 4689918.489699997], [-8574373.2837, 4689918.9318], [-8574372.5861, 4689919.349799998], [-8574371.8759, 4689919.7443], [-8574371.152, 4689920.113799997], [-8574370.4161, 4689920.458999999], [-8574369.6688, 4689920.778700002], [-8574368.9116, 4689921.072800003], [-8574368.1445, 4689921.340599999], [-8574367.3687, 4689921.582000002], [-8574366.5852, 4689921.797200002], [-8574365.7951, 4689921.985100001], [-8574278.6359, 4689940.224799998], [-8574272.5165, 4689941.438199997], [-8574266.3612, 4689942.453599997], [-8574260.1766, 4689943.2705999985], [-8574253.9694, 4689943.887100004], [-8574247.7455, 4689944.303999998], [-8574241.5111, 4689944.519299999], [-8574235.2733, 4689944.533500001], [-8574229.0384, 4689944.3461000025], [-8574222.8124, 4689943.9586], [-8574216.6024, 4689943.369999997], [-8574210.4141, 4689942.581200004], [-8574211.8627, 4689936.9934], [-8574209.3336, 4689923.262999997], [-8574222.5517, 4689843.140100002], [-8574238.9275, 4689828.9626], [-8574244.7782, 4689831.560999997], [-8574556.8504, 4689775.567299999], [-8574542.3243, 4689801.952100001], [-8574531.0938, 4689815.073100001], [-8574519.5424, 4689817.146399997], [-8574472.2016, 4689996.643299997], [-8574421.4872, 4690008.785499997], [-8574377.4255, 4690019.336900003], [-8574337.3351, 4690028.936800003], [-8574141.7869, 4690075.753200002], [-8574107.3652, 4690074.491300002], [-8574159.0672, 4690040.488899998], [-8574196.923, 4689994.6316]]], [[[-8585471.8096, 4714493.914999999], [-8585416.6119, 4714402.739100002], [-8585245.2299, 4714451.626999997], [-8585236.8077, 4714411.386299998], [-8585240.6788, 4714395.3583], [-8585251.3598, 4714379.125799999], [-8585261.8404, 4714358.204000004], [-8585267.0618, 4714333.576899998], [-8585268.0135, 4714317.943499997], [-8585267.2059, 4714296.060400002], [-8585261.7121, 4714262.655299999], [-8585252.7237, 4714235.3116], [-8585243.5503, 4714215.198299997], [-8585234.5772, 4714199.187600002], [-8585219.3166, 4714138.245499998], [-8585281.7577, 4714119.207699999], [-8585372.1738, 4714208.965999998], [-8585357.7908, 4714221.882200003], [-8585509.1636, 4714463.848999999], [-8585535.3269, 4714513.3967999965], [-8585580.3459, 4714595.569499999], [-8585443.6349, 4714631.075400002], [-8585435.6978, 4714556.4934], [-8585471.8096, 4714493.914999999]]], [[[-8594668.8098, 4718691.215800002], [-8594323.8561, 4718638.2102999985], [-8594328.2208, 4718579.396899998], [-8594502.619, 4718604.205799997], [-8594675.261, 4718632.498400003], [-8594885.3633, 4718639.560400002], [-8594884.9521, 4718647.389600001], [-8595145.2943, 4718661.6708], [-8595297.0049, 4718623.386200003], [-8595370.2787, 4718625.625100002], [-8595372.2893, 4718684.567100003], [-8595148.6961, 4718720.859099999], [-8594668.8098, 4718691.215800002]]], [[[-8581222.8807, 4707320.620899998], [-8581220.4418, 4707310.727499999], [-8581210.1126, 4707315.3347999975], [-8581177.7936, 4707244.120700002], [-8581175.0223, 4707234.860299997], [-8581259.9185, 4707205.123000003], [-8581258.9093, 4707171.516999997], [-8581271.4853, 4707131.486199997], [-8581336.212, 4707143.2619], [-8581389.6703, 4707146.7858000025], [-8581507.1002, 4707141.723399997], [-8581483.5974, 4707238.806900002], [-8581484.5469, 4707318.851800002], [-8581486.9951, 4707387.701300003], [-8581484.0143, 4707387.775399998], [-8581395.7549, 4707397.6096], [-8581402.612, 4707472.604999997], [-8581289.8698, 4707476.129000001], [-8581273.5285, 4707469.1589], [-8581259.6223, 4707456.184699997], [-8581250.0654, 4707441.445699997], [-8581245.1796, 4707425.215999998], [-8581247.1037, 4707402.751199998], [-8581222.8807, 4707320.620899998]]], [[[-8596258.036, 4718090.5298999995], [-8596207.1195, 4718068.182300001], [-8596159.4595, 4718070.2195999995], [-8596106.3335, 4718077.589599997], [-8596094.1793, 4718046.769299999], [-8596133.8048, 4717976.108599998], [-8596171.2575, 4717932.4608], [-8596207.6736, 4717898.715300001], [-8596282.6757, 4717869.114399999], [-8596351.2129, 4717852.044100001], [-8596418.3647, 4717870.109499998], [-8596470.0666, 4717900.579599999], [-8596518.674, 4717959.852799997], [-8596549.2988, 4717954.871699996], [-8596575.7558, 4717991.2993], [-8596558.6711, 4718056.867799997], [-8596535.5217, 4718106.125299998], [-8596502.725, 4718138.1206], [-8596357.2987, 4718126.173299998], [-8596258.036, 4718090.5298999995]]], [[[-8591335.8234, 4717491.246100001], [-8591331.3811, 4717485.9717999995], [-8591323.7713, 4717476.856299996], [-8591322.4752, 4717475.479699999], [-8591322.4468, 4717475.449600004], [-8591322.3122, 4717475.316600002], [-8591322.2414, 4717475.246100001], [-8591319.4428, 4717473.0022], [-8591311.3075, 4717467.425899997], [-8591307.5225, 4717465.1391], [-8591301.51, 4717461.510200001], [-8591287.2272, 4717451.1862], [-8591283.4386, 4717448.9848000035], [-8591280.2834, 4717447.4683], [-8591270.1259, 4717444.936300002], [-8591266.5922, 4717443.5934000015], [-8591264.1188, 4717441.460699998], [-8591257.6134, 4717434.778300002], [-8591256.3871, 4717434.034999996], [-8591254.7032, 4717433.444200002], [-8591252.3838, 4717433.003200002], [-8591240.4257, 4717431.796700001], [-8591237.0045, 4717430.612000003], [-8591231.4692, 4717427.911700003], [-8591228.9102, 4717427.022399999], [-8591226.0023, 4717426.7236], [-8591223.9585, 4717426.895800002], [-8591220.5794, 4717428.523800001], [-8591216.6754, 4717427.939300001], [-8591212.0559, 4717426.552599996], [-8591185.7703, 4717418.812299997], [-8591158.8869, 4717411.189800002], [-8591156.4164, 4717410.314400002], [-8591149.4882, 4717407.099600002], [-8591137.5735, 4717404.480099998], [-8591134.3599, 4717402.903300002], [-8591132.0172, 4717401.3292], [-8591130.6962, 4717400.276600003], [-8591125.6035, 4717396.127999999], [-8591122.1271, 4717393.317500003], [-8591121.5703, 4717392.853600003], [-8591121.2407, 4717392.6655], [-8591121.2458, 4717392.657700002], [-8591121.1069, 4717392.520199999], [-8591120.0071, 4717391.588100001], [-8591117.3894, 4717389.718000002], [-8591113.3417, 4717387.299400002], [-8591110.8959, 4717386.394299999], [-8591099.3786, 4717384.513400003], [-8591097.8493, 4717384.195100002], [-8591096.0881, 4717383.636399999], [-8591093.5098, 4717382.414499998], [-8591081.717, 4717373.832800001], [-8591075.5909, 4717369.1241], [-8591066.8959, 4717362.5419000015], [-8591061.8118, 4717359.210600004], [-8591053.5162, 4717354.441], [-8591046.5197, 4717351.646200001], [-8591044.47, 4717351.020400003], [-8591042.5891, 4717350.525799997], [-8591042.1813, 4717350.412199996], [-8591039.9461, 4717349.776000001], [-8591039.6265, 4717349.688000001], [-8591035.4592, 4717349.687700003], [-8591034.8742, 4717349.836000003], [-8591034.6639, 4717349.881700002], [-8591034.6488, 4717349.894100003], [-8591034.4704, 4717349.921599999], [-8591026.3026, 4717352.178000003], [-8591021.7299, 4717353.572400004], [-8591018.3206, 4717354.323899999], [-8591011.8564, 4717354.774400003], [-8591004.6578, 4717352.077100001], [-8591000.1914, 4717351.034400001], [-8590998.0943, 4717350.258500002], [-8590996.9337, 4717349.0792], [-8590996.9191, 4717345.2727999985], [-8590996.16, 4717343.701700002], [-8590995.2963, 4717342.496799998], [-8590993.8715, 4717341.114699997], [-8590992.3443, 4717339.939999998], [-8590990.4769, 4717338.350900002], [-8590988.1194, 4717336.914099999], [-8590982.2708, 4717334.0239999965], [-8590974.8367, 4717331.187100001], [-8590956.4179, 4717324.195299998], [-8590948.9525, 4717320.9092999995], [-8590947.0705, 4717320.0933], [-8590946.5605, 4717319.850599997], [-8590946.3027, 4717319.738799997], [-8590946.3045, 4717319.729800001], [-8590942.4772, 4717318.092200004], [-8590926.592, 4717311.0502], [-8590914.9794, 4717306.3803], [-8590900.1158, 4717307.5331000015], [-8590895.4493, 4717307.7566], [-8590883.5345, 4717307.947700001], [-8590881.5519, 4717308.039999999], [-8590875.3737, 4717307.5380000025], [-8590871.3743, 4717306.703699999], [-8590867.937, 4717305.3544000015], [-8590866.4535, 4717302.966700003], [-8590865.5584, 4717299.977799997], [-8590865.708, 4717298.4826000035], [-8590867.3456, 4717295.795000002], [-8590868.0909, 4717295.050499998], [-8590869.2974, 4717294.434500001], [-8590873.2824, 4717293.715999998], [-8590902.4701, 4717290.808300003], [-8590910.0374, 4717289.227600001], [-8590911.8844, 4717288.699699998], [-8590913.8425, 4717288.1494999975], [-8590913.8392, 4717288.071599998], [-8590914.1416, 4717288.049999997], [-8590914.3296, 4717287.991599999], [-8590916.2844, 4717287.430600002], [-8590921.0902, 4717285.641000003], [-8590925.6028, 4717283.245099999], [-8590928.8706, 4717281.076399997], [-8590933.0856, 4717278.311800003], [-8590936.171, 4717276.664099999], [-8590945.6458, 4717273.758199997], [-8590956.3055, 4717269.099699996], [-8590961.3023, 4717267.883500002], [-8590968.2827, 4717267.441200003], [-8590972.1252, 4717266.801200002], [-8590986.8437, 4717261.4833], [-8590991.8612, 4717260.391400002], [-8590996.914, 4717260.149300002], [-8590998.2661, 4717260.241700001], [-8591001.0082, 4717261.106299996], [-8591007.8237, 4717264.195200004], [-8591012.7802, 4717265.788599998], [-8591013.5439, 4717266.436300002], [-8591016.9663, 4717271.501000002], [-8591020.7036, 4717273.977499999], [-8591021.5865, 4717274.9375], [-8591021.6909, 4717276.2897000015], [-8591021.1233, 4717280.394000001], [-8591021.4443, 4717281.611599997], [-8591022.1851, 4717282.180500001], [-8591023.9825, 4717283.201200001], [-8591035.2603, 4717286.979500003], [-8591040.6408, 4717289.192599997], [-8591048.8903, 4717294.663900003], [-8591052.152, 4717295.829099998], [-8591055.4984, 4717295.380800001], [-8591071.0771, 4717291.693899997], [-8591083.1943, 4717287.832500003], [-8591087.8001, 4717285.849699996], [-8591095.0232, 4717282.538599998], [-8591103.0082, 4717277.810099997], [-8591108.9406, 4717273.921099998], [-8591118.0964, 4717269.5198], [-8591119.3456, 4717268.668499999], [-8591123.1644, 4717265.494499996], [-8591127.3701, 4717261.207800001], [-8591132.4977, 4717254.444399998], [-8591134.1599, 4717252.759000003], [-8591136.104, 4717251.745099999], [-8591138.7631, 4717251.767300002], [-8591141.3843, 4717252.147200003], [-8591143.2923, 4717252.5167], [-8591146.0409, 4717253.0612], [-8591147.9174, 4717253.381499998], [-8591150.4978, 4717253.2236], [-8591157.2733, 4717252.247100003], [-8591160.221, 4717251.3618], [-8591164.3161, 4717249.614100002], [-8591169.0429, 4717246.587099999], [-8591173.5288, 4717242.937899999], [-8591176.8715, 4717239.5266999975], [-8591179.8237, 4717235.066799998], [-8591180.878, 4717233.988300003], [-8591182.3856, 4717233.0942], [-8591184.8753, 4717232.6215], [-8591188.0854, 4717233.151299998], [-8591189.6357, 4717234.572800003], [-8591191.5982, 4717238.102799997], [-8591193.4249, 4717240.116800003], [-8591195.2078, 4717240.887900002], [-8591198.5345, 4717241.805500001], [-8591201.8106, 4717241.9772000015], [-8591204.6628, 4717241.4595], [-8591208.8403, 4717239.159999996], [-8591212.4019, 4717236.665299997], [-8591212.6235, 4717236.718500003], [-8591216.0916, 4717233.861699998], [-8591218.696, 4717232.806000002], [-8591220.2895, 4717232.9564], [-8591223.0343, 4717234.140799999], [-8591226.1963, 4717234.491899997], [-8591229.7719, 4717234.263700001], [-8591235.3558, 4717233.556000002], [-8591237.3327, 4717233.508299999], [-8591238.4451, 4717233.677100003], [-8591248.6761, 4717238.4738000035], [-8591249.841, 4717238.763999999], [-8591252.0728, 4717238.749700002], [-8591254.7067, 4717238.020900004], [-8591259.6887, 4717235.796999998], [-8591261.2077, 4717234.785599999], [-8591264.5319, 4717232.091200002], [-8591267.7664, 4717230.1504999995], [-8591270.4124, 4717230.5864999965], [-8591272.6909, 4717231.8116], [-8591273.6275, 4717232.739399999], [-8591276.8923, 4717236.9604], [-8591279.0855, 4717239.390699998], [-8591280.2265, 4717240.107299998], [-8591283.3866, 4717240.234700002], [-8591284.3139, 4717241.143299997], [-8591285.8235, 4717244.421300001], [-8591286.4469, 4717245.049099997], [-8591288.2082, 4717245.481600001], [-8591294.5737, 4717245.326399997], [-8591303.7871, 4717244.1624], [-8591315.2795, 4717244.864], [-8591319.9393, 4717244.442900002], [-8591323.8637, 4717243.278399996], [-8591325.4822, 4717242.357799999], [-8591329.497, 4717237.140799999], [-8591330.9587, 4717236.999200001], [-8591332.8796, 4717237.5967999995], [-8591334.1589, 4717238.858599998], [-8591335.332, 4717241.709700003], [-8591336.1385, 4717242.6382], [-8591337.2679, 4717243.488200001], [-8591340.9016, 4717245.439000003], [-8591352.8334, 4717250.244099997], [-8591355.8315, 4717251.894500002], [-8591358.3848, 4717253.962399997], [-8591364.101, 4717259.2689], [-8591368.0229, 4717262.556900002], [-8591370.3692, 4717263.506300002], [-8591375.1744, 4717265.029700004], [-8591379.1877, 4717265.680299997], [-8591385.405, 4717265.985600002], [-8591387.1661, 4717266.603600003], [-8591387.9059, 4717267.368100002], [-8591388.315, 4717268.774300002], [-8591387.8883, 4717272.490400001], [-8591388.1137, 4717273.527599998], [-8591389.6052, 4717277.237099998], [-8591389.2741, 4717278.783200003], [-8591387.8459, 4717282.622900002], [-8591387.7361, 4717285.482000001], [-8591388.2449, 4717288.315700002], [-8591388.9796, 4717289.739299998], [-8591390.3044, 4717291.302000001], [-8591391.8338, 4717292.665799998], [-8591393.338, 4717293.4103000015], [-8591395.8302, 4717293.111000001], [-8591397.1573, 4717292.534500003], [-8591398.2348, 4717291.768100001], [-8591399.136, 4717290.416699998], [-8591400.0151, 4717286.842500001], [-8591399.2644, 4717280.2271], [-8591399.2725, 4717278.135200001], [-8591401.809, 4717270.560999997], [-8591402.4099, 4717269.520000003], [-8591402.8582, 4717269.221900001], [-8591405.2641, 4717268.174699999], [-8591407.9308, 4717266.553599998], [-8591406.423, 4717273.138499998], [-8591406.4417, 4717274.310900003], [-8591407.0399, 4717275.195900001], [-8591409.2742, 4717274.897500001], [-8591410.1706, 4717275.043799996], [-8591412.7109, 4717277.2804000005], [-8591413.606, 4717277.578199998], [-8591414.9465, 4717277.131200001], [-8591415.845, 4717275.7919000015], [-8591417.188, 4717275.344800003], [-8591418.6731, 4717278.4646999985], [-8591418.7638, 4717278.554700002], [-8591419.8771, 4717279.5266999975], [-8591421.2197, 4717281.914499998], [-8591421.3721, 4717287.613300003], [-8591421.6558, 4717289.395999998], [-8591423.1529, 4717291.129699998], [-8591426.193, 4717293.622100003], [-8591427.9762, 4717294.883100003], [-8591429.7744, 4717296.629600003], [-8591430.8601, 4717297.505500004], [-8591432.0938, 4717298.824900001], [-8591433.57, 4717300.315700002], [-8591434.3834, 4717301.174900003], [-8591435.5496, 4717302.382299997], [-8591436.8787, 4717303.724799998], [-8591438.738, 4717305.746699996], [-8591441.9848, 4717308.5315999985], [-8591454.9145, 4717316.5079], [-8591462.2761, 4717320.199000001], [-8591495.8913, 4717331.026100002], [-8591503.1954, 4717332.380400002], [-8591507.4879, 4717332.379299998], [-8591508.1017, 4717332.234399997], [-8591509.0331, 4717331.308300003], [-8591509.45, 4717330.456100002], [-8591509.6062, 4717327.729800001], [-8591509.2977, 4717325.798600003], [-8591507.923, 4717323.991999999], [-8591506.6083, 4717322.816399999], [-8591502.9768, 4717320.861500002], [-8591497.2189, 4717319.829499997], [-8591494.8047, 4717318.636699997], [-8591494.3593, 4717317.715800002], [-8591493.9244, 4717315.637000002], [-8591494.3692, 4717314.301200002], [-8591495.712, 4717312.965499997], [-8591497.9618, 4717312.068899997], [-8591500.7901, 4717312.2192], [-8591501.7474, 4717311.782899998], [-8591506.2955, 4717308.764300004], [-8591509.3227, 4717306.135399997], [-8591510.0703, 4717305.406199999], [-8591509.5853, 4717301.0320999995], [-8591510.6192, 4717299.1272], [-8591513.1368, 4717296.687600002], [-8591513.9123, 4717296.395800002], [-8591514.336, 4717296.380099997], [-8591521.2194, 4717296.150799997], [-8591522.4454, 4717296.332999997], [-8591524.1444, 4717297.796800002], [-8591526.0637, 4717301.031800002], [-8591527.0605, 4717303.6259], [-8591527.676, 4717306.346500002], [-8591527.9865, 4717309.247900002], [-8591527.9198, 4717309.555299997], [-8591527.7772, 4717310.004799999], [-8591527.7036, 4717310.235699996], [-8591523.4249, 4717323.693099998], [-8591522.5091, 4717328.934799999], [-8591522.2837, 4717330.270000003], [-8591522.1382, 4717331.7776999995], [-8591522.9218, 4717334.910400003], [-8591523.9444, 4717337.299999997], [-8591524.669, 4717338.3488000035], [-8591526.4089, 4717339.812899999], [-8591529.747, 4717342.602899998], [-8591532.1287, 4717344.637400001], [-8591534.5374, 4717347.002999999], [-8591535.6557, 4717348.992799997], [-8591536.3052, 4717352.250799999], [-8591536.2328, 4717354.429200001], [-8591535.5814, 4717359.888700001], [-8591534.592, 4717363.204999998], [-8591533.4287, 4717367.218000002], [-8591532.3739, 4717369.382399999], [-8591530.6129, 4717372.235100001], [-8591527.9404, 4717375.856299996], [-8591523.2208, 4717382.243900001], [-8591520.3118, 4717388.040600002], [-8591518.5044, 4717394.141500004], [-8591516.5936, 4717404.599799998], [-8591516.6504, 4717417.759199999], [-8591516.0208, 4717421.697400004], [-8591515.434, 4717425.472199999], [-8591514.6089, 4717428.749700002], [-8591513.6738, 4717431.162299998], [-8591510.9861, 4717435.8112], [-8591507.6289, 4717440.221500002], [-8591501.9613, 4717445.426399998], [-8591500.2491, 4717447.7456], [-8591499.8999, 4717452.099299997], [-8591499.974, 4717458.350699998], [-8591500.4924, 4717463.751500003], [-8591500.1954, 4717465.838299997], [-8591498.8538, 4717467.330799997], [-8591492.8206, 4717471.7129999995], [-8591492.189, 4717472.339900002], [-8591491.9709, 4717472.573799998], [-8591491.6749, 4717473.000799999], [-8591491.6795, 4717473.137800001], [-8591491.5573, 4717474.346600004], [-8591490.7364, 4717476.755900003], [-8591489.1191, 4717478.0484], [-8591488.1147, 4717478.639300004], [-8591487.323, 4717480.838399999], [-8591487.0097, 4717482.570699997], [-8591487.3384, 4717483.4177], [-8591488.8187, 4717484.386399999], [-8591491.377, 4717485.554700002], [-8591491.6624, 4717488.113399997], [-8591490.9526, 4717489.101599999], [-8591488.6193, 4717489.2848000005], [-8591487.2088, 4717490.5446000025], [-8591486.7978, 4717492.307099998], [-8591486.9553, 4717495.374899998], [-8591486.1218, 4717496.171400003], [-8591485.4877, 4717495.943000004], [-8591484.8911, 4717495.446000002], [-8591484.2107, 4717493.751900002], [-8591482.9085, 4717493.312100001], [-8591481.6519, 4717493.737300001], [-8591480.3532, 4717494.875100002], [-8591478.4001, 4717496.599200003], [-8591474.2825, 4717499.305600002], [-8591471.0621, 4717501.109399997], [-8591468.3807, 4717502.468999997], [-8591465.9862, 4717503.791199997], [-8591460.9199, 4717505.814900003], [-8591457.2166, 4717507.0363000035], [-8591452.2837, 4717508.321699999], [-8591450.3994, 4717508.335600004], [-8591443.3053, 4717508.973399997], [-8591439.7302, 4717509.826300003], [-8591434.5445, 4717511.601599999], [-8591430.351, 4717512.733599998], [-8591426.4003, 4717514.074500002], [-8591423.3228, 4717514.482500002], [-8591419.3879, 4717514.713399999], [-8591415.9872, 4717514.828500003], [-8591412.3406, 4717514.940399997], [-8591407.2406, 4717517.176299997], [-8591399.0062, 4717519.667599998], [-8591391.2871, 4717521.061899997], [-8591381.2139, 4717519.309799999], [-8591375.6475, 4717517.0207], [-8591366.2115, 4717512.667599998], [-8591355.9972, 4717506.797499999], [-8591345.0144, 4717498.7075999975], [-8591341.1552, 4717495.941200003], [-8591335.8234, 4717491.246100001]]], [[[-8595397.8043, 4717212.426899999], [-8595391.793, 4717182.4899], [-8595385.0435, 4717184.935099997], [-8595382.8604, 4717162.930500001], [-8595346.0514, 4717122.113600001], [-8595383.3001, 4717020.028399996], [-8595491.7151, 4717108.137599997], [-8595963.3715, 4717162.6404], [-8595978.9811, 4717374.344800003], [-8595397.8043, 4717212.426899999]]], [[[-8581495.8476, 4707214.836099997], [-8581513.4292, 4707137.948600002], [-8581673.517, 4707118.892200001], [-8581798.5778, 4707102.9868], [-8581840.9056, 4707097.605999999], [-8581925.4487, 4707084.856299996], [-8581925.5296, 4707085.943300001], [-8581928.6375, 4707085.684900001], [-8581945.4636, 4707082.359200001], [-8582032.6412, 4707065.838100001], [-8582048.8619, 4707061.516800001], [-8582080.6597, 4707050.115999997], [-8582054.3848, 4707087.0845], [-8582040.3413, 4707106.493299998], [-8582050.4477, 4707159.855099998], [-8581961.7077, 4707171.402000003], [-8581936.1274, 4707175.752400003], [-8581932.2473, 4707175.938600004], [-8581880.8176, 4707182.942299999], [-8581882.4368, 4707206.134900004], [-8581928.1365, 4707199.016099997], [-8581999.2658, 4707187.870099999], [-8581929.6771, 4707217.2245000005], [-8581929.6939, 4707217.420999996], [-8581887.3509, 4707243.523500003], [-8581885.0892, 4707244.128899999], [-8581886.2457, 4707260.6932], [-8581493.5291, 4707404.136600003], [-8581493.1981, 4707387.797700003], [-8581490.1512, 4707237.3191], [-8581495.8476, 4707214.836099997]]], [[[-8597907.1105, 4723822.474799998], [-8597908.0821, 4723867.202399999], [-8597909.0543, 4723911.930299997], [-8597910.026, 4723956.658299997], [-8597910.9976, 4724001.386699997], [-8597920.4781, 4724003.429499999], [-8597923.0319, 4724081.185800001], [-8597904.8561, 4724123.026799999], [-8597886.6805, 4724164.866800003], [-8597883.9959, 4724171.046499997], [-8597868.5045, 4724206.7080999985], [-8597850.3287, 4724248.548600003], [-8597898.5402, 4724255.0282000005], [-8597909.9786, 4724302.3364999965], [-8597921.4169, 4724349.644299999], [-8597913.8173, 4724374.391599998], [-8597920.5609, 4724373.871200003], [-8597904.3145, 4724611.003600001], [-8597970.3173, 4724789.939999998], [-8597996.4481, 4724879.9353], [-8597926.5377, 4724749.761699997], [-8597710.565, 4724818.332500003], [-8597677.6988, 4724779.403300002], [-8597833.2155, 4724302.9318], [-8597773.8596, 4724231.233499996], [-8597907.1105, 4723822.474799998]]], [[[-8571905.6505, 4693435.021899998], [-8571954.8718, 4693381.8002], [-8571928.4933, 4693936.061800003], [-8571477.7492, 4693949.776100002], [-8571480.4681, 4693946.593999997], [-8571512.8261, 4693908.729699999], [-8571538.0913, 4693879.1646], [-8571630.2414, 4693771.331200004], [-8571631.371, 4693770.009400003], [-8571631.4585, 4693769.912600003], [-8571631.5391, 4693769.812700003], [-8571631.5726, 4693769.769699998], [-8571631.9455, 4693769.289999999], [-8571645.5419, 4693751.804799996], [-8571676.6747, 4693711.767099999], [-8571774.0155, 4693586.5836], [-8571774.4124, 4693586.072999999], [-8571784.7738, 4693572.747900002], [-8571790.4421, 4693565.4582], [-8571795.937, 4693558.509999998], [-8571817.3239, 4693531.465999998], [-8571819.118, 4693529.196999997], [-8571820.1966, 4693527.833999999], [-8571822.2799, 4693525.1985], [-8571823.3879, 4693523.798100002], [-8571905.6505, 4693435.021899998]]], [[[-8595692.5958, 4717044.4969], [-8595410.7463, 4716940.247000001], [-8595439.4223, 4716822.462399997], [-8595450.8922, 4716814.237899996], [-8595825.1004, 4716594.660700001], [-8595996.9768, 4716874.9070999995], [-8595981.3516, 4716901.252999999], [-8595899.0762, 4716870.177699998], [-8595849.9993, 4716952.927000001], [-8595785.6014, 4716947.785700001], [-8595738.1547, 4716964.528499998], [-8595704.3617, 4717005.7206000015], [-8595692.5958, 4717044.4969]]], [[[-8597208.5606, 4718963.100599997], [-8597205.9245, 4718947.039300002], [-8597232.8811, 4718944.262400001], [-8597271.6127, 4718950.056599997], [-8597347.5472, 4718910.044], [-8597380.5332, 4718888.854599997], [-8597397.7576, 4718890.562700003], [-8597406.182, 4718875.6976], [-8597438.9824, 4718854.219700001], [-8597465.0016, 4718824.835500002], [-8597484.0695, 4718790.494099997], [-8597513.3476, 4718764.384400003], [-8597559.811, 4718701.082800001], [-8597582.489, 4718669.029200003], [-8597589.8862, 4718646.018100001], [-8597617.8325, 4718631.806500003], [-8597633.1496, 4718635.538199998], [-8597627.2381, 4718650.1022000015], [-8597641.3423, 4718686.781000003], [-8597660.9725, 4718751.0559], [-8597665.2603, 4718752.986100003], [-8597666.8829, 4718717.637400001], [-8597659.8401, 4718678.9602999985], [-8597715.5869, 4718660.382799998], [-8597800.1917, 4718644.082800001], [-8597826.9834, 4718748.8917], [-8597805.1677, 4718771.465999998], [-8597782.4586, 4718777.516599998], [-8597746.0529, 4718791.998199999], [-8597713.7274, 4718814.190099999], [-8597703.9035, 4718833.434100002], [-8597704.5174, 4718838.963500001], [-8597702.3735, 4718878.2228000015], [-8597696.6606, 4718917.120499998], [-8597671.8521, 4718986.924999997], [-8597653.8376, 4719021.836599998], [-8597644.2721, 4719059.964400001], [-8597617.9986, 4719089.1206], [-8597564.608, 4719138.867399998], [-8597533.71, 4719140.4179000035], [-8597500.007, 4719160.439400002], [-8597437.2888, 4719166.902599998], [-8597399.4, 4719156.9641999975], [-8597376.7382, 4719124.898000002], [-8597352.5407, 4719099.169200003], [-8597317.4619, 4719081.692299999], [-8597223.7403, 4718993.505500004], [-8597208.5606, 4718963.100599997]]], [[[-8579372.1547, 4705626.394000001], [-8579514.5326, 4705615.172799997], [-8579515.459, 4705626.344899997], [-8579607.4804, 4705619.200599998], [-8579601.6461, 4705624.2250000015], [-8579595.9844, 4705629.444799997], [-8579590.5022, 4705634.8539], [-8579585.2055, 4705640.446800001], [-8579580.101, 4705646.216200002], [-8579575.1938, 4705652.156400003], [-8579570.4893, 4705658.259599999], [-8579565.9937, 4705664.519400001], [-8579561.7117, 4705670.928499997], [-8579557.6486, 4705677.4799000025], [-8579553.8087, 4705684.1657000035], [-8579550.1963, 4705690.977899998], [-8579546.816, 4705697.909199998], [-8579543.6718, 4705704.951300003], [-8579540.7664, 4705712.096500002], [-8579538.104, 4705719.336300001], [-8579535.6873, 4705726.662699997], [-8579533.5192, 4705734.067000002], [-8579531.6023, 4705741.540899999], [-8579529.9377, 4705749.075400002], [-8579528.5288, 4705756.6625000015], [-8579527.3768, 4705764.292999998], [-8579526.4829, 4705771.9586], [-8579525.8478, 4705779.649800003], [-8579525.4726, 4705787.358499996], [-8579525.3576, 4705795.075000003], [-8579525.5625, 4705898.626999997], [-8579529.2056, 4706085.380599998], [-8579529.2434, 4706095.219700001], [-8579528.973, 4706105.055], [-8579528.3947, 4706114.876800001], [-8579527.5091, 4706124.674999997], [-8579526.3168, 4706134.440700002], [-8579524.8193, 4706144.164300002], [-8579523.0177, 4706153.835600004], [-8579520.9146, 4706163.445], [-8579518.511, 4706172.983400002], [-8579500.647, 4706167.843599997], [-8579482.9738, 4706162.075800002], [-8579465.5135, 4706155.688699998], [-8579448.2873, 4706148.689099997], [-8579431.3169, 4706141.0858], [-8579414.6231, 4706132.888700001], [-8579398.2268, 4706124.1076000035], [-8579382.1475, 4706114.753200002], [-8579366.4056, 4706104.837899998], [-8579351.0203, 4706094.372900002], [-8579336.011, 4706083.371299997], [-8579321.396, 4706071.847199999], [-8579307.1934, 4706059.814800002], [-8579263.0898, 4706021.096500002], [-8579178.2626, 4705946.626500003], [-8579176.9983, 4705945.548500001], [-8579160.2028, 4705930.554200001], [-8579154.8994, 4705839.503200002], [-8579143.5334, 4705644.407700002], [-8579372.1547, 4705626.394000001]]], [[[-8594320.3692, 4717562.759000003], [-8594335.4366, 4717538.332699999], [-8594372.1344, 4717546.2447], [-8594540.6277, 4717605.301700003], [-8594608.8408, 4717640.762199998], [-8594638.8452, 4717677.234300002], [-8594775.2653, 4717847.6263], [-8594891.1377, 4717984.784500003], [-8594929.8771, 4718022.2918], [-8595015.4766, 4718043.2126], [-8595076.6435, 4718056.395499997], [-8595122.9199, 4718073.306400001], [-8595147.0398, 4718111.597499996], [-8595165.8078, 4718173.464100003], [-8595174.6923, 4718240.119400002], [-8595169.3376, 4718272.077399999], [-8595144.2849, 4718308.686499998], [-8595022.4361, 4718422.782700002], [-8594955.6353, 4718461.266599998], [-8594894.3623, 4718455.473700002], [-8594855.6557, 4718415.500699997], [-8594846.3932, 4718375.943300001], [-8594852.1977, 4718311.957999997], [-8594848.3604, 4718235.516099997], [-8594810.0345, 4718168.444200002], [-8594720.5635, 4718073.545199998], [-8594580.2264, 4717931.108900003], [-8594434.6749, 4717810.776000001], [-8594353.2633, 4717666.711300001], [-8594320.3692, 4717562.759000003]]], [[[-8600182.3661, 4719525.4256], [-8600224.512, 4719098.8204], [-8600832.4301, 4719557.0273], [-8600490.0183, 4719835.222199999], [-8600329.2339, 4719981.967500001], [-8600112.7072, 4719986.994999997], [-8600042.0466, 4719989.4274], [-8600052.3479, 4719947.791199997], [-8600096.3536, 4719846.642800003], [-8600110.5796, 4719812.4089], [-8600123.6672, 4719777.719700001], [-8600135.6024, 4719742.614699997], [-8600146.3718, 4719707.131499998], [-8600155.9635, 4719671.309600003], [-8600164.3677, 4719635.1884], [-8600171.5744, 4719598.8072], [-8600177.5762, 4719562.206299998], [-8600182.3661, 4719525.4256]]], [[[-8598959.2735, 4722624.618000001], [-8598974.2949, 4722587.1668], [-8598989.3161, 4722549.7161], [-8599004.3376, 4722512.265000001], [-8599019.3589, 4722474.8147], [-8599034.3799, 4722437.364399999], [-8599049.4013, 4722399.913900003], [-8599064.4224, 4722362.4636999965], [-8599079.4436, 4722325.013599999], [-8599094.4644, 4722287.564099997], [-8599109.4855, 4722250.114299998], [-8599124.5064, 4722212.664899997], [-8599139.5273, 4722175.215599999], [-8599154.5481, 4722137.766099997], [-8599169.5687, 4722100.317199998], [-8599188.1251, 4722064.617600001], [-8599206.6813, 4722028.917800002], [-8599225.2376, 4721993.218199998], [-8599243.7935, 4721957.5189], [-8599262.3496, 4721921.819700003], [-8599280.9056, 4721886.120200001], [-8599298.9715, 4722093.630099997], [-8599338.6504, 4722146.7355], [-8599341.6604, 4722150.763999999], [-8599357.3822, 4722227.134999998], [-8599339.4218, 4722275.903399996], [-8599312.4117, 4722342.053300001], [-8599258.2932, 4722369.3901999965], [-8599196.7689, 4722400.468199998], [-8599186.4265, 4722424.302599996], [-8599121.7637, 4722506.5336000025], [-8599118.417, 4722564.936399996], [-8599101.5852, 4722620.936899997], [-8599075.7296, 4722680.5205999985], [-8599048.168, 4722629.056699999], [-8599060.1603, 4722555.512199998], [-8599019.1589, 4722500.447499998], [-8598995.9612, 4722623.242200002], [-8599001.5073, 4722623.034599997], [-8598983.0866, 4722681.065099999], [-8598910.4052, 4722837.119999997], [-8598904.724, 4723010.2048999965], [-8598772.8631, 4723308.933899999], [-8598698.6741, 4723497.256399997], [-8598637.6602, 4723632.217699997], [-8598602.012, 4723845.354599997], [-8598575.1427, 4723895.7929000035], [-8598558.1739, 4723929.712899998], [-8598514.9577, 4723919.2206000015], [-8598471.7416, 4723908.7289], [-8598428.5257, 4723898.236599997], [-8598385.31, 4723887.744499996], [-8598342.0941, 4723877.252300002], [-8598298.8783, 4723866.7597], [-8598318.4195, 4723821.057999998], [-8598337.9604, 4723775.356399998], [-8598357.5016, 4723729.655100003], [-8598377.4405, 4723690.328599997], [-8598397.3797, 4723651.002300002], [-8598417.3188, 4723611.676399998], [-8598437.2579, 4723572.350599997], [-8598457.1969, 4723533.0249999985], [-8598477.1357, 4723493.699299999], [-8598497.0743, 4723454.373800002], [-8598517.0131, 4723415.048900001], [-8598537.2832, 4723377.288800001], [-8598557.5532, 4723339.528499998], [-8598577.8231, 4723301.768600002], [-8598598.093, 4723264.0088], [-8598618.3626, 4723226.2491], [-8598638.6325, 4723188.489600003], [-8598658.9021, 4723150.730300002], [-8598679.1716, 4723112.9711000025], [-8598699.441, 4723075.212099999], [-8598719.7103, 4723037.453299999], [-8598738.3556, 4723000.130199999], [-8598757.001, 4722962.807400003], [-8598775.6463, 4722925.484300002], [-8598794.2915, 4722888.161600001], [-8598808.6827, 4722850.856399998], [-8598823.0742, 4722813.550999999], [-8598837.4659, 4722776.245399997], [-8598851.8569, 4722738.940499999], [-8598866.248, 4722701.635799997], [-8598880.6391, 4722664.330600001], [-8598895.0298, 4722627.0261999965], [-8598959.2735, 4722624.618000001]]], [[[-8573054.8896, 4692055.983800001], [-8573007.6382, 4691722.549099997], [-8573167.7319, 4691719.175300002], [-8573368.6066, 4691737.502899997], [-8573533.2907, 4691916.669], [-8574499.2484, 4691921.0995000005], [-8574502.2913, 4692018.307499997], [-8574541.5011, 4692069.660999998], [-8574545.4524, 4692111.041000001], [-8574431.4, 4692111.715999998], [-8574423.2238, 4692098.820799999], [-8574385.4528, 4692098.6642], [-8574347.6846, 4692099.1391], [-8574309.9291, 4692100.244499996], [-8574272.1974, 4692101.982000001], [-8574234.4999, 4692104.349799998], [-8574196.8467, 4692107.3477], [-8574159.2489, 4692110.9749], [-8574121.716, 4692115.2299000025], [-8574014.6171, 4692122.732299998], [-8573988.2335, 4692125.390500002], [-8573961.7743, 4692127.143399999], [-8573935.2719, 4692127.988600001], [-8573908.7557, 4692127.925899997], [-8573882.2567, 4692126.955200002], [-8573855.8067, 4692125.077600002], [-8573829.4351, 4692122.295000002], [-8573803.1742, 4692118.611000001], [-8573777.0533, 4692114.029700004], [-8573751.1035, 4692108.556500003], [-8573725.3546, 4692102.197800003], [-8573690.8875, 4692092.2299000025], [-8573656.7305, 4692081.239200003], [-8573622.9135, 4692069.234899998], [-8573589.4667, 4692056.227600001], [-8573556.4193, 4692042.228500001], [-8573523.8004, 4692027.250500001], [-8573513.8001, 4692023.497500002], [-8573503.6773, 4692020.092799999], [-8573493.4435, 4692017.038999997], [-8573483.1113, 4692014.341200002], [-8573472.6925, 4692012.002099998], [-8573462.2, 4692010.023800001], [-8573451.6459, 4692008.409500003], [-8573441.0426, 4692007.160899997], [-8573430.4031, 4692006.278999999], [-8573419.7395, 4692005.7651999965], [-8573409.0647, 4692005.620499998], [-8573398.3912, 4692005.8440999985], [-8573387.7316, 4692006.4366], [-8573377.0984, 4692007.397200003], [-8573366.5045, 4692008.724600002], [-8573355.9631, 4692010.416699998], [-8573345.485, 4692012.472199999], [-8573335.0839, 4692014.888499998], [-8573324.7715, 4692017.662799999], [-8573314.5607, 4692020.791699998], [-8573304.4629, 4692024.271499999], [-8573294.4904, 4692028.098099999], [-8573284.6549, 4692032.267099999], [-8573274.968, 4692036.773000002], [-8573265.4414, 4692041.611100003], [-8573256.086, 4692046.775600001], [-8573246.9133, 4692052.260200001], [-8573237.9337, 4692058.058399998], [-8573229.1588, 4692064.1633], [-8573220.5974, 4692070.568000004], [-8573212.2609, 4692077.264300004], [-8573204.1591, 4692084.244800001], [-8573196.3003, 4692091.501400001], [-8573188.6957, 4692099.024899997], [-8573181.3534, 4692106.806999996], [-8573174.2819, 4692114.8376], [-8573167.4896, 4692123.108099997], [-8573160.9849, 4692131.608400002], [-8573154.7753, 4692140.3279], [-8573148.8679, 4692149.257399999], [-8573143.2703, 4692158.385700002], [-8573137.9888, 4692167.701700002], [-8573133.0296, 4692177.194799997], [-8573128.3985, 4692186.8532000035], [-8573124.1014, 4692196.666199997], [-8573120.1429, 4692206.622100003], [-8573116.5279, 4692216.708400004], [-8573113.2605, 4692226.914099999], [-8573110.3452, 4692237.226400003], [-8573107.7848, 4692247.633199997], [-8573105.5821, 4692258.1228], [-8573103.7405, 4692268.6818], [-8573102.2619, 4692279.298199996], [-8573101.1476, 4692289.9597999975], [-8573100.3997, 4692300.6532000005], [-8573100.0188, 4692311.366300002], [-8573100.005, 4692322.086199999], [-8573100.3579, 4692332.800399996], [-8573101.0789, 4692343.495800003], [-8573102.1656, 4692354.1602], [-8573103.6167, 4692364.780500002], [-8573105.4311, 4692375.344300002], [-8573107.6061, 4692385.839599997], [-8573073.9081, 4692403.393799998], [-8573040.371, 4692421.256899998], [-8573006.998, 4692439.4274], [-8572973.7919, 4692457.904200003], [-8572940.7557, 4692476.685199998], [-8572907.8919, 4692495.769000001], [-8572875.2032, 4692515.153700002], [-8572842.6925, 4692534.838500001], [-8572804.7686, 4692475.9054000005], [-8573007.2632, 4692271.198100001], [-8573037.3169, 4692133.3772], [-8573054.8896, 4692055.983800001]]], [[[-8575996.2976, 4692379.476999998], [-8575980.6362, 4692111.577299997], [-8575980.3804, 4692069.700599998], [-8575980.3745, 4692068.738399997], [-8575980.1566, 4692033.145000003], [-8575974.9391, 4692033.062100001], [-8575975.3908, 4692021.842699997], [-8575994.3216, 4692020.5370000005], [-8575990.3092, 4691823.1005000025], [-8575988.6838, 4691741.579099998], [-8575989.821, 4691734.935999997], [-8575986.9684, 4691714.741800003], [-8575990.3452, 4691701.626800001], [-8576001.6475, 4691694.0876], [-8576067.4213, 4691683.830899999], [-8576092.316, 4691686.237099998], [-8576104.7614, 4691679.82], [-8576149.2592, 4691670.0876], [-8576286.2793, 4691651.404600002], [-8576306.0982, 4691657.6237], [-8576316.0833, 4691684.574600004], [-8576317.404, 4691718.057499997], [-8576333.4675, 4691730.262000002], [-8576344.1284, 4691771.755599998], [-8576346.7358, 4691807.217100002], [-8576357.6425, 4691851.393399999], [-8576392.2966, 4691892.815300003], [-8576399.2003, 4691914.268399999], [-8576419.3216, 4691930.028800003], [-8576484.554, 4691958.757100001], [-8576489.5597, 4691981.549199998], [-8576496.4276, 4692012.819499999], [-8576521.6045, 4692016.639700003], [-8576545.8994, 4692028.048], [-8576571.026, 4692036.799599998], [-8576586.3066, 4692033.591799997], [-8576619.5993, 4692037.6620000005], [-8576635.3577, 4692036.987800002], [-8576645.8307, 4692030.2776999995], [-8576662.8012, 4692028.565899998], [-8576670.111, 4692026.141400002], [-8576677.9579, 4692017.6338], [-8576692.8301, 4692011.727600001], [-8576728.9883, 4692013.132100001], [-8576718.9044, 4692076.4287], [-8576704.7372, 4692153.565399997], [-8576662.9702, 4692386.738499999], [-8576567.9097, 4692373.1448], [-8576588.0698, 4692253.083499998], [-8576509.8626, 4692238.621600002], [-8576462.4579, 4692263.696900003], [-8576464.3713, 4692252.0682], [-8576462.8796, 4692251.800899997], [-8576445.1474, 4692248.618500002], [-8576444.3972, 4692257.243100002], [-8576436.9312, 4692343.094999999], [-8576406.0677, 4692338.561399996], [-8576400.4255, 4692369.351999998], [-8576305.4441, 4692503.023199998], [-8576016.5959, 4692468.809100002], [-8576014.47, 4692380.106700003], [-8575996.2976, 4692379.476999998]]], [[[-8584851.5808, 4712370.653399996], [-8584883.3575, 4712339.693300001], [-8585741.4944, 4713308.790600002], [-8585617.3521, 4713440.795999996], [-8585695.3381, 4713544.169500001], [-8585712.2076, 4713606.761100002], [-8585672.1885, 4714102.059299998], [-8585648.3711, 4714041.785700001], [-8585613.1677, 4714013.3072], [-8585577.9647, 4713984.828599997], [-8585552.5918, 4713947.261699997], [-8585527.2188, 4713909.694499999], [-8585521.9196, 4713867.229500003], [-8585516.6204, 4713824.764700003], [-8585511.3213, 4713782.299699999], [-8585506.0223, 4713739.8354], [-8585500.7232, 4713697.370899998], [-8585495.4242, 4713654.9070999995], [-8585490.1251, 4713612.442900002], [-8585484.8261, 4713569.978799999], [-8585479.5272, 4713527.5154], [-8585474.2283, 4713485.051799998], [-8585500.4335, 4713421.084600002], [-8585482.0172, 4713378.8461000025], [-8585463.6008, 4713336.607699998], [-8585445.1846, 4713294.3697], [-8585418.0089, 4713263.68], [-8585390.834, 4713232.990800001], [-8585363.6584, 4713202.3015], [-8585336.4832, 4713171.612499997], [-8585309.3082, 4713140.923600003], [-8585282.1333, 4713110.234700002], [-8585254.9585, 4713079.545900002], [-8585220.8367, 4713049.382799998], [-8585186.715, 4713019.219999999], [-8585152.5937, 4712989.057300001], [-8585118.4724, 4712958.894900002], [-8585084.3512, 4712928.732500002], [-8585048.189, 4712905.2788999975], [-8585012.0272, 4712881.8248], [-8584975.8654, 4712858.3715], [-8584939.8482, 4712827.087300003], [-8584903.8312, 4712795.802599996], [-8584867.8144, 4712764.519100003], [-8584831.7976, 4712733.234700002], [-8584803.3175, 4712703.764399998], [-8584774.8376, 4712674.294500001], [-8584746.3578, 4712644.824500002], [-8584717.8783, 4712615.3544000015], [-8584689.3986, 4712585.8847], [-8584660.9193, 4712556.4147000015], [-8584692.6966, 4712525.454499997], [-8584724.4735, 4712494.494099997], [-8584756.2507, 4712463.5336000025], [-8584788.0275, 4712432.573600002], [-8584819.8044, 4712401.613300003], [-8584851.5808, 4712370.653399996]]], [[[-8571973.55, 4685714.553400002], [-8571895.8161, 4685707.338200003], [-8571888.9891, 4685781.487899996], [-8571691.1324, 4685763.119900003], [-8571692.9524, 4685747.115699999], [-8571709.3655, 4685609.632600002], [-8571720.8289, 4685455.127499998], [-8571718.201, 4685351.726899996], [-8571695.867, 4685250.922799997], [-8571656.319, 4685164.786499999], [-8571969.2427, 4685009.372500002], [-8572099.2252, 4685103.120399997], [-8572333.7259, 4684914.681400001], [-8572314.0407, 4685104.912199996], [-8572264.2973, 4685195.4575999975], [-8572236.7092, 4685333.055200003], [-8572343.2403, 4685322.9212], [-8572300.9866, 4685529.478799999], [-8572347.3699, 4685828.478799999], [-8572189.0053, 4685809.3325999975], [-8571966.6339, 4685788.695299998], [-8571973.55, 4685714.553400002]]], [[[-8574410.3119, 4688146.462200001], [-8574759.7379, 4688041.449900001], [-8574767.4513, 4688055.0934000015], [-8574775.6287, 4688068.462099999], [-8574784.2601, 4688081.5397000015], [-8574793.3353, 4688094.311099999], [-8574802.8438, 4688106.760300003], [-8574812.7739, 4688118.873000003], [-8574823.1145, 4688130.6347], [-8574833.8519, 4688142.031900004], [-8574844.9747, 4688153.050399996], [-8574856.4691, 4688163.676700003], [-8574868.3217, 4688173.899599999], [-8574874.9347, 4688181.164099999], [-8574881.2977, 4688188.650399998], [-8574887.4032, 4688196.3500000015], [-8574893.244, 4688204.253399998], [-8574898.8136, 4688212.351999998], [-8574904.1056, 4688220.636600003], [-8574909.1132, 4688229.096900001], [-8574913.8314, 4688237.723899998], [-8574918.2539, 4688246.507200003], [-8574922.3765, 4688255.435999997], [-8574926.1939, 4688264.501000002], [-8574929.702, 4688273.691100001], [-8574932.8962, 4688282.995899998], [-8574935.7735, 4688292.404200003], [-8574938.3294, 4688301.9059000015], [-8574940.5624, 4688311.489100002], [-8574942.4688, 4688321.1435], [-8574944.0469, 4688330.856700003], [-8574945.2948, 4688340.618900001], [-8574946.9314, 4688354.746600002], [-8574949.0012, 4688368.816799998], [-8574951.5025, 4688382.816600002], [-8574953.5409, 4688393.878200002], [-8574955.2007, 4688405.003300004], [-8574956.4798, 4688416.179200001], [-8574957.3766, 4688427.392300002], [-8574957.89, 4688438.630199999], [-8574958.0198, 4688449.878799997], [-8574957.7655, 4688461.125200003], [-8574957.1273, 4688472.356200002], [-8574956.1065, 4688483.558700003], [-8574952.5462, 4688520.7092999965], [-8574949.4037, 4688557.8979], [-8574946.6792, 4688595.119499996], [-8574944.3739, 4688632.369499996], [-8574942.4867, 4688669.644400001], [-8574941.0187, 4688706.937799998], [-8574942.5378, 4688714.874499999], [-8574944.2937, 4688722.7619], [-8574946.2848, 4688730.5929000005], [-8574948.5089, 4688738.360799998], [-8574950.9638, 4688746.057899997], [-8574951.3857, 4688746.935800001], [-8574951.7782, 4688747.827399999], [-8574952.1412, 4688748.732000001], [-8574952.474, 4688749.647399999], [-8574952.7764, 4688750.574100003], [-8574953.0481, 4688751.509800002], [-8574953.2891, 4688752.454300001], [-8574953.4986, 4688753.4059000015], [-8574953.6768, 4688754.364399999], [-8574953.8235, 4688755.328199998], [-8574953.9381, 4688756.295999996], [-8574954.0209, 4688757.267499998], [-8574954.0716, 4688758.240800001], [-8574954.0906, 4688759.215099998], [-8574954.077, 4688760.190399997], [-8574954.0315, 4688761.1642], [-8574953.954, 4688762.135799997], [-8574953.8024, 4688763.822300002], [-8574953.5943, 4688765.502400003], [-8574953.3302, 4688767.174599998], [-8574953.0102, 4688768.836900003], [-8574952.6348, 4688770.487300001], [-8574952.2046, 4688772.124700002], [-8574951.7197, 4688773.7465], [-8574951.1809, 4688775.350900002], [-8574950.3091, 4688777.306400001], [-8574949.5017, 4688779.2896], [-8574948.7592, 4688781.298500001], [-8574948.083, 4688783.330799997], [-8574947.4734, 4688785.384300001], [-8574945.6729, 4688789.429300003], [-8574943.9969, 4688793.528399996], [-8574942.447, 4688797.676899999], [-8574941.0244, 4688801.871399999], [-8574939.7306, 4688806.107500002], [-8574938.567, 4688810.381200001], [-8574937.5346, 4688814.689599998], [-8574924.5553, 4688948.362199999], [-8574925.2623, 4688952.0375000015], [-8574926.0969, 4688955.685400002], [-8574927.0571, 4688959.302599996], [-8574928.1428, 4688962.883699998], [-8574929.3519, 4688966.424500003], [-8574930.6833, 4688969.920900002], [-8574932.1352, 4688973.368299998], [-8574933.7061, 4688976.762999997], [-8574935.3939, 4688980.100400001], [-8574937.1965, 4688983.377099998], [-8574939.1118, 4688986.588500001], [-8574941.1375, 4688989.730899997], [-8574943.2713, 4688992.8002], [-8574945.5107, 4688995.793399997], [-8574947.8515, 4688998.706], [-8574950.2928, 4689001.535099998], [-8574952.8308, 4689004.2764], [-8574955.4627, 4689006.928000003], [-8574958.1848, 4689009.4855], [-8574961.7049, 4689012.754000001], [-8574965.1129, 4689016.140500002], [-8574968.404, 4689019.641800001], [-8574971.5744, 4689023.252999999], [-8574974.6223, 4689026.969899997], [-8574977.5414, 4689030.7892], [-8574980.33, 4689034.705499999], [-8574982.9847, 4689038.714100003], [-8574985.5023, 4689042.811800003], [-8574987.8795, 4689046.9925], [-8574990.1144, 4689051.251800001], [-8574992.2037, 4689055.585100003], [-8574994.1456, 4689059.986900002], [-8574995.9369, 4689064.4529], [-8574997.5766, 4689068.976899996], [-8574999.0622, 4689073.554300003], [-8575000.3925, 4689078.1796], [-8575001.5652, 4689082.847599998], [-8575002.5794, 4689087.553499997], [-8575003.4341, 4689092.2907000035], [-8575004.1281, 4689097.054099999], [-8575004.6605, 4689101.8386999965], [-8575005.0306, 4689106.6391], [-8575005.2383, 4689111.448899999], [-8575005.2832, 4689116.262500003], [-8575005.0813, 4689125.164899997], [-8575004.577, 4689134.055299997], [-8575003.7703, 4689142.922899999], [-8575002.6625, 4689151.757799998], [-8575001.2545, 4689160.5493], [-8574999.549, 4689169.2874], [-8574997.5465, 4689177.962099999], [-8574995.2504, 4689186.5634], [-8574992.6631, 4689195.080499999], [-8574989.7873, 4689203.504000001], [-8574986.6268, 4689211.823899999], [-8574983.185, 4689220.030500002], [-8574979.4658, 4689228.114299998], [-8574975.4744, 4689236.066200003], [-8574971.2145, 4689243.876000002], [-8574966.6917, 4689251.5358000025], [-8574960.4673, 4689264.4089], [-8574953.808, 4689277.060500003], [-8574946.7222, 4689289.476599999], [-8574939.2175, 4689301.641999997], [-8574931.3029, 4689313.542499997], [-8574922.9877, 4689325.164300002], [-8574914.2814, 4689336.494099997], [-8574905.1946, 4689347.518100001], [-8574895.737, 4689358.223700002], [-8574885.9213, 4689368.5986], [-8574875.7579, 4689378.630000003], [-8574747.0268, 4689497.2786], [-8574730.2055, 4689284.815399997], [-8574737.8796, 4689082.904700004], [-8574766.5639, 4688937.8500000015], [-8574573.8415, 4688894.612599999], [-8574569.3189, 4688730.017200001], [-8574367.1965, 4688520.441200003], [-8574437.8519, 4688454.2214], [-8574410.3119, 4688146.462200001]]], [[[-8598836.1085, 4719513.1010000035], [-8598797.121, 4719445.803199999], [-8598786.6717, 4719493.648900002], [-8598776.222, 4719541.495300002], [-8598765.7725, 4719589.3413999975], [-8598757.2284, 4719628.592699997], [-8598748.6835, 4719667.843999997], [-8598740.139, 4719707.0955], [-8598731.5943, 4719746.3467999995], [-8598723.0498, 4719785.598700002], [-8598714.5051, 4719824.850900002], [-8598705.9606, 4719864.103100002], [-8598677.0821, 4719835.776600003], [-8598648.2039, 4719807.450400002], [-8598619.3257, 4719779.1241], [-8598590.4479, 4719750.798], [-8598561.5701, 4719722.472000003], [-8598532.6924, 4719694.1457], [-8598503.8148, 4719665.819899999], [-8598474.9374, 4719637.493900001], [-8598446.0599, 4719609.168200001], [-8598417.1828, 4719580.8423999995], [-8598388.3055, 4719552.516400002], [-8598359.4285, 4719524.191299997], [-8598330.5519, 4719495.865599997], [-8598301.6747, 4719467.539999999], [-8598272.7981, 4719439.214599997], [-8598243.9214, 4719410.889300004], [-8598215.045, 4719382.564199999], [-8598186.1688, 4719354.239100002], [-8598157.2926, 4719325.913699999], [-8598128.4164, 4719297.5889], [-8598099.5405, 4719269.263999999], [-8598058.4113, 4719252.7183], [-8598017.2825, 4719236.172899999], [-8597976.1534, 4719219.627400003], [-8597935.0247, 4719203.081900001], [-8597893.8962, 4719186.5363000035], [-8597852.7676, 4719169.990699999], [-8597811.6394, 4719153.444799997], [-8597764.4545, 4719157.727600001], [-8597717.2695, 4719162.0101], [-8597670.0848, 4719166.292599998], [-8597694.019, 4719141.9692], [-8597726.6704, 4719071.3561], [-8597764.5619, 4719046.558499999], [-8597725.8101, 4719012.472199999], [-8597753.0406, 4718950.0803999975], [-8597791.8446, 4718912.883699998], [-8597796.2357, 4718796.191200003], [-8597848.6585, 4718741.051299997], [-8597915.6261, 4718701.701200001], [-8598001.3256, 4718730.764799997], [-8598037.5274, 4718763.1087], [-8598091.5445, 4718845.557700001], [-8598304.899, 4718967.557999998], [-8598377.4418, 4719058.8354], [-8598591.3321, 4719179.896399997], [-8598628.5844, 4719212.022600003], [-8598652.209, 4719229.042199999], [-8598754.7502, 4719284.152400002], [-8598795.5249, 4719330.685900003], [-8598813.8374, 4719412.999600001], [-8598840.93, 4719459.472999997], [-8598836.1085, 4719513.1010000035]]], [[[-8597215.169, 4719094.558300003], [-8597179.9263, 4719074.8544000015], [-8597144.6837, 4719055.150600001], [-8597109.4414, 4719035.446500003], [-8597074.1989, 4719015.742600001], [-8597038.9568, 4718996.0385000035], [-8597003.7148, 4718976.334600002], [-8596968.4727, 4718956.6307], [-8596922.3829, 4718945.5956000015], [-8596876.2931, 4718934.560699999], [-8596830.2033, 4718923.525399998], [-8596816.7276, 4718917.666100003], [-8596769.4632, 4718897.185699999], [-8596731.5225, 4718871.1457], [-8596693.5822, 4718845.1054000035], [-8596667.0342, 4718809.6017], [-8596640.4865, 4718774.0977], [-8596613.9387, 4718738.594300002], [-8596587.3912, 4718703.0907000005], [-8596569.1594, 4718661.293399997], [-8596550.9276, 4718619.496399999], [-8596532.696, 4718577.699199997], [-8596514.4642, 4718535.902400002], [-8596496.2327, 4718494.105700001], [-8596462.8418, 4718463.544299997], [-8596429.4511, 4718432.9826000035], [-8596396.0605, 4718402.4208], [-8596362.6701, 4718371.859300002], [-8596322.1071, 4718378.849699996], [-8596281.5441, 4718385.840000004], [-8596240.9809, 4718392.8298999965], [-8596200.4177, 4718399.820200004], [-8596159.8546, 4718406.8103], [-8596119.2915, 4718413.800099999], [-8596078.7284, 4718420.790100001], [-8596037.9016, 4718431.696699999], [-8595997.0749, 4718442.603399999], [-8595956.2484, 4718453.509999998], [-8595915.4215, 4718464.4164], [-8595839.2471, 4718480.1603000015], [-8595793.1179, 4718470.611400001], [-8595746.9892, 4718461.062299997], [-8595700.8603, 4718451.513499998], [-8595650.8711, 4718438.3147], [-8595611.7, 4718430.147699997], [-8595572.5287, 4718421.980899997], [-8595533.3577, 4718413.8138], [-8595494.1869, 4718405.646499999], [-8595436.1314, 4718408.9749], [-8595378.076, 4718412.303000003], [-8595322.4009, 4718429.1455999985], [-8595266.7257, 4718445.987999998], [-8595223.6527, 4718468.278499998], [-8595180.58, 4718490.568999998], [-8595137.5069, 4718512.859300002], [-8595094.4338, 4718535.149400003], [-8595017.9137, 4718547.685099997], [-8594982.5314, 4718554.5825999975], [-8595028.5099, 4718518.326700002], [-8595094.8656, 4718478.061499998], [-8595182.9516, 4718392.212200001], [-8595217.7481, 4718375.0594], [-8595279.1224, 4718275.875299998], [-8595340.0964, 4718227.7902000025], [-8595434.3983, 4718185.336800002], [-8595497.0178, 4718038.443400003], [-8595541.9805, 4717945.153800003], [-8595581.825, 4717909.960500002], [-8595720.3742, 4717921.114500001], [-8595769.033, 4718093.589000002], [-8595836.2871, 4718134.841200002], [-8595972.0821, 4718146.480899997], [-8596107.3897, 4718143.358400002], [-8596264.4629, 4718158.321599998], [-8596595.0005, 4718196.965000004], [-8596603.7111, 4718242.125799999], [-8596695.228, 4718370.380000003], [-8596680.2235, 4718482.085600004], [-8596678.9524, 4718574.494099997], [-8596792.9105, 4718726.540600002], [-8596860.5616, 4718716.7190999985], [-8596941.556, 4718705.0845], [-8596964.3171, 4718836.343800001], [-8597036.2017, 4718899.386699997], [-8597159.9049, 4718938.293899998], [-8597204.5719, 4719034.2836000025], [-8597267.4858, 4719066.345700003], [-8597278.4656, 4719094.939599998], [-8597291.5318, 4719094.611900002], [-8597316.6659, 4719137.177199997], [-8597250.4117, 4719114.262699999], [-8597215.169, 4719094.558300003]]], [[[-8573937.3427, 4692233.4463], [-8573963.4977, 4692225.182899997], [-8573986.0626, 4692225.0419000015], [-8573986.8496, 4692225.0370000005], [-8573987.3091, 4692225.0342999995], [-8573987.49, 4692225.032899998], [-8573987.6397, 4692225.031800002], [-8573987.7017, 4692225.0304000005], [-8573987.9281, 4692225.0222999975], [-8573988.0686, 4692225.017800003], [-8573989.1882, 4692224.9799000025], [-8573989.5892, 4692224.966600001], [-8573989.9591, 4692224.954099998], [-8573990.1654, 4692224.946900003], [-8573990.577, 4692224.933600001], [-8573991.1279, 4692224.914399996], [-8573992.4099, 4692224.871299997], [-8574028.0563, 4692223.6696000025], [-8574048.5367, 4692222.9794000015], [-8574049.3485, 4692223.0940999985], [-8574106.1771, 4692231.124499999], [-8574111.4768, 4692231.873199999], [-8574138.9289, 4692231.873099998], [-8574164.8392, 4692231.873000003], [-8574169.4752, 4692231.7861], [-8574237.3574, 4692230.505099997], [-8574363.2375, 4692215.454300001], [-8574582.8187, 4692194.7421], [-8574653.6584, 4692353.426299997], [-8574617.3675, 4692504.3945999965], [-8574625.6905, 4692542.310900003], [-8574568.9415, 4692765.528499998], [-8574466.9745, 4692937.139700003], [-8574438.2924, 4693205.691500001], [-8574530.0412, 4693319.334700003], [-8574565.9509, 4693362.1404], [-8574534.7431, 4693432.883599997], [-8574422.7392, 4693540.010899998], [-8574404.9612, 4693547.838600002], [-8574347.0369, 4693626.282200001], [-8574305.1748, 4693762.315700002], [-8574162.8715, 4693883.965800002], [-8574161.9817, 4693876.874600001], [-8574143.9528, 4693677.969300002], [-8574143.6786, 4693674.959399998], [-8574122.9938, 4693640.320699997], [-8573946.9857, 4693160.542999998], [-8573981.6928, 4693160.215000004], [-8573791.0139, 4692617.107299998], [-8573721.4857, 4692611.884400003], [-8573721.3233, 4692609.5211], [-8573721.1609, 4692607.157499999], [-8573719.4471, 4692582.244400002], [-8573719.1166, 4692561.143299997], [-8573719.9432, 4692526.709899999], [-8573722.5065, 4692497.7820999995], [-8573724.6959, 4692474.138300002], [-8573728.1042, 4692459.8587], [-8573731.5126, 4692445.5792], [-8573746.8949, 4692402.3413999975], [-8573755.9762, 4692383.436899997], [-8573773.2395, 4692355.106899999], [-8573791.3357, 4692330.174800001], [-8573806.675, 4692313.236599997], [-8573829.8659, 4692290.943899997], [-8573846.6791, 4692277.283200003], [-8573865.2438, 4692265.373899996], [-8573887.9234, 4692253.004699998], [-8573913.5423, 4692241.5451000035], [-8573937.3427, 4692233.4463]]], [[[-8586114.7167, 4712273.333300002], [-8585913.5836, 4712268.4243], [-8585879.3672, 4712368.808200002], [-8585784.0624, 4712333.507100001], [-8585831.6853, 4712480.581200004], [-8585762.1394, 4712521.531800002], [-8585666.9303, 4712482.873099998], [-8585654.8048, 4712478.3684], [-8585642.8355, 4712473.461000003], [-8585631.0351, 4712468.1565999985], [-8585619.4169, 4712462.461000003], [-8585607.9937, 4712456.380400002], [-8585596.7789, 4712449.921999998], [-8585585.7839, 4712443.092100002], [-8585575.0211, 4712435.899700001], [-8585564.5026, 4712428.3510000035], [-8585498.6207, 4712384.744000003], [-8585492.3228, 4712379.947300002], [-8585485.8641, 4712375.371399999], [-8585479.2519, 4712371.0222999975], [-8585472.4944, 4712366.904799998], [-8585465.5987, 4712363.024099998], [-8585458.5742, 4712359.384000003], [-8585451.4288, 4712355.9903], [-8585444.1713, 4712352.8461000025], [-8585436.8094, 4712349.954999998], [-8585391.9557, 4712333.240699999], [-8585327.4301, 4712312.456], [-8585277.8512, 4712297.556999996], [-8585312.2313, 4712286.160899997], [-8585318.1446, 4712258.0572], [-8585304.9764, 4712192.0973000005], [-8585225.8016, 4712177.869499996], [-8585148.6587, 4712067.8222], [-8585103.1082, 4712003.363799997], [-8585035.3145, 4711907.138099998], [-8584971.4197, 4711952.533500001], [-8584893.3995, 4711842.663800001], [-8584793.0837, 4711671.170400001], [-8584761.3967, 4711626.4256], [-8584720.7348, 4711527.025300004], [-8584788.1406, 4711484.409500003], [-8584812.5824, 4711461.590599999], [-8584805.106, 4711445.597199999], [-8584790.6377, 4711311.259099998], [-8584931.0417, 4711430.230999999], [-8584939.3734, 4711428.1472999975], [-8584976.8987, 4711529.410499997], [-8585100.9703, 4711581.1439], [-8585147.5363, 4711599.524899997], [-8585177.9023, 4711662.855099998], [-8585250.1146, 4711718.191], [-8585340.0356, 4711542.4212], [-8585338.2803, 4711519.820500001], [-8585470.7924, 4711508.811999999], [-8585474.5983, 4711538.843599997], [-8585520.6841, 4711634.332400002], [-8585582.5445, 4711740.205200002], [-8585587.1135, 4711754.534199998], [-8585620.2907, 4711795.908799998], [-8585642.5101, 4711811.8191], [-8585682.6751, 4711837.332400002], [-8585715.5365, 4711902.0638], [-8585770.4217, 4711954.346900001], [-8585798.8665, 4711967.769100003], [-8585832.9322, 4711978.466300003], [-8585877.552, 4711965.350599997], [-8585970.7392, 4711976.7927], [-8586027.5792, 4712003.030599996], [-8586087.1214, 4711983.606299996], [-8586574.5119, 4712227.862999998], [-8586551.6639, 4712294.917800002], [-8586596.1434, 4712310.0396], [-8586553.4366, 4712348.299000002], [-8586561.2795, 4712358.863600001], [-8586568.7648, 4712369.687200002], [-8586575.8848, 4712380.756300002], [-8586582.6311, 4712392.058799997], [-8586588.9961, 4712403.582500003], [-8586594.973, 4712415.313500002], [-8586600.5546, 4712427.239100002], [-8586605.7349, 4712439.346299998], [-8586610.5079, 4712451.621200003], [-8586614.8686, 4712464.049400002], [-8586618.8116, 4712476.617399998], [-8586622.3326, 4712489.311700001], [-8586625.4278, 4712502.116999999], [-8586628.0937, 4712515.019400001], [-8586630.3273, 4712528.004199997], [-8586632.1261, 4712541.057300001], [-8586633.4878, 4712554.163400002], [-8586634.4111, 4712567.307800002], [-8586638.9076, 4712651.6712], [-8586665.8385, 4712671.2749999985], [-8586645.4302, 4712803.7831000015], [-8586671.9667, 4712820.4925], [-8586625.0542, 4712895.347599998], [-8586697.051, 4712940.833899997], [-8586635.3969, 4713037.0031], [-8586358.3904, 4712868.698600002], [-8586474.4275, 4712521.560500003], [-8586399.2207, 4712398.865500003], [-8586293.6071, 4712317.816100001], [-8586114.7167, 4712273.333300002]]], [[[-8594051.2014, 4718047.053400002], [-8594051.1302, 4718033.293399997], [-8594035.6202, 4718033.8719], [-8594004.4632, 4718009.0176], [-8593973.3066, 4717984.1633], [-8593942.1499, 4717959.309], [-8593910.9935, 4717934.454700001], [-8593879.8371, 4717909.600299999], [-8593848.6809, 4717884.746600002], [-8593817.5248, 4717859.892499998], [-8593786.3687, 4717835.0380000025], [-8593755.2127, 4717810.184100002], [-8593724.0571, 4717785.3301], [-8593691.9282, 4717761.428599998], [-8593659.7993, 4717737.526799999], [-8593627.6705, 4717713.625600003], [-8593595.5421, 4717689.724100001], [-8593563.4135, 4717665.822400004], [-8593531.2851, 4717641.920999996], [-8593492.5169, 4717622.0286], [-8593453.7483, 4717602.136299998], [-8593401.8295, 4717574.6567], [-8593349.9112, 4717547.176600002], [-8593309.3307, 4717538.324000001], [-8593268.7508, 4717529.471199997], [-8593228.1704, 4717520.618799999], [-8593156.2412, 4717508.293300003], [-8593109.272, 4717503.034400001], [-8593062.3029, 4717497.775600001], [-8593015.3337, 4717492.516999997], [-8592968.3647, 4717487.2579], [-8592915.2719, 4717486.115500003], [-8592862.1794, 4717484.9728000015], [-8592793.4592, 4717493.1428999975], [-8592754.3068, 4717499.025600001], [-8592715.1543, 4717504.908399999], [-8592676.002, 4717510.790899999], [-8592636.8497, 4717516.6734], [-8592597.697, 4717522.5559], [-8592558.5444, 4717528.438299999], [-8592519.3919, 4717534.320500001], [-8592480.239, 4717540.2026999965], [-8592441.0869, 4717546.087300003], [-8592401.934, 4717551.969400004], [-8592362.7814, 4717557.851199999], [-8592323.6285, 4717563.733099997], [-8592284.4756, 4717569.614799999], [-8592245.3231, 4717575.496600002], [-8592206.1701, 4717581.377999999], [-8592167.0171, 4717587.259800002], [-8592127.8642, 4717593.141199999], [-8592088.7118, 4717599.0295], [-8592049.5589, 4717604.910999998], [-8592010.4056, 4717610.792599998], [-8591971.252, 4717616.667499997], [-8591932.0987, 4717622.548699997], [-8591892.9458, 4717628.43], [-8591853.7924, 4717634.3116], [-8591814.6392, 4717640.192900002], [-8591775.486, 4717646.074299999], [-8591736.3326, 4717651.955300003], [-8591697.179, 4717657.833700001], [-8591658.0255, 4717663.7146999985], [-8591618.8721, 4717669.5956000015], [-8591579.7187, 4717675.476499997], [-8591540.5652, 4717681.357900001], [-8591501.4115, 4717687.238899998], [-8591462.2582, 4717693.119599998], [-8591423.1046, 4717699.000399999], [-8591383.9511, 4717704.881300002], [-8591342.0081, 4717709.740500003], [-8591300.0651, 4717714.600199997], [-8591258.1223, 4717719.4595], [-8591216.1793, 4717724.318599999], [-8591174.236, 4717729.1778], [-8591117.4311, 4717730.8989999965], [-8591060.6266, 4717732.620099999], [-8591020.4261, 4717728.759800002], [-8590980.2257, 4717724.899599999], [-8590940.0253, 4717721.038999997], [-8590899.825, 4717717.178599998], [-8590859.6248, 4717713.317900002], [-8590819.4246, 4717709.457400002], [-8590779.2244, 4717705.596699998], [-8590785.1294, 4717640.9441], [-8590733.8738, 4717635.915399998], [-8590682.6184, 4717630.886100002], [-8590676.5236, 4717695.414499998], [-8590625.2179, 4717690.472999997], [-8590573.9125, 4717685.531800002], [-8590522.6066, 4717680.590000004], [-8590482.3112, 4717683.060800001], [-8590442.0159, 4717685.531300001], [-8590401.7199, 4717688.001900002], [-8590361.4247, 4717690.472599998], [-8590312.9894, 4717692.241800003], [-8590264.5544, 4717694.011200003], [-8590218.8065, 4717690.660999998], [-8590173.059, 4717687.310599998], [-8590132.8833, 4717677.497199997], [-8590092.7077, 4717667.684], [-8590052.5322, 4717657.8706], [-8590012.3567, 4717648.056999996], [-8589972.1818, 4717638.243500002], [-8589935.9608, 4717621.4877], [-8589899.7404, 4717604.731399998], [-8589863.5204, 4717587.975400001], [-8589827.3001, 4717571.219300002], [-8589791.0803, 4717554.463299997], [-8589754.8604, 4717537.707199998], [-8590077.562, 4717572.892800003], [-8590129.4141, 4717587.364699997], [-8590199.4754, 4717603.362800002], [-8590268.5441, 4717607.337899998], [-8590326.6174, 4717603.697899997], [-8590360.3885, 4717600.764399998], [-8590361.1206, 4717588.247599997], [-8590368.1916, 4717586.892800003], [-8590371.7282, 4717584.711400002], [-8590377.8808, 4717579.613499999], [-8590379.9248, 4717578.3913], [-8590383.7778, 4717578.358000003], [-8590391.8825, 4717579.906199999], [-8590396.1805, 4717580.312100001], [-8590400.6622, 4717579.862300001], [-8590405.8465, 4717578.901600003], [-8590417.5882, 4717575.369099997], [-8590434.6363, 4717575.442599997], [-8590439.6237, 4717574.641800001], [-8590447.0399, 4717571.885300003], [-8590458.0538, 4717568.167300001], [-8590462.7291, 4717567.292300001], [-8590466.987, 4717566.375799999], [-8590471.0135, 4717564.618100002], [-8590478.0769, 4717560.968800001], [-8590490.2445, 4717555.7097999975], [-8590492.0853, 4717554.966700003], [-8590496.9291, 4717553.012100004], [-8590511.1155, 4717546.440899998], [-8590519.2885, 4717541.8781], [-8590527.5478, 4717536.129299998], [-8590534.0587, 4717531.018600002], [-8590542.4627, 4717523.373199999], [-8590583.0191, 4717481.237400003], [-8590589.3148, 4717474.450800002], [-8590602.7621, 4717458.052000001], [-8590612.474, 4717445.364799999], [-8590612.5085, 4717445.317299999], [-8590612.5332, 4717445.2831000015], [-8590612.633, 4717445.1516999975], [-8590612.8408, 4717444.883100003], [-8590613.9411, 4717443.468699999], [-8590614.9287, 4717442.187899999], [-8590619.7087, 4717436.5022], [-8590623.6849, 4717432.395000003], [-8590624.2791, 4717431.919100001], [-8590626.3175, 4717430.207900003], [-8590630.1119, 4717427.468699999], [-8590634.4466, 4717424.3967999965], [-8590634.4987, 4717424.4001], [-8590635.4306, 4717423.513499998], [-8590635.5384, 4717423.4943], [-8590638.1009, 4717421.924699999], [-8590655.8425, 4717411.442199998], [-8590666.9182, 4717404.943700001], [-8590674.2155, 4717400.300499998], [-8590684.625, 4717393.301600002], [-8590690.488, 4717388.9507], [-8590708.3967, 4717375.366700001], [-8590730.4466, 4717364.015000001], [-8590736.3567, 4717360.8955999985], [-8590746.6791, 4717356.223399997], [-8590751.99, 4717354.512199998], [-8590760.9068, 4717351.605899997], [-8590762.4122, 4717351.127499998], [-8590762.4547, 4717351.0726], [-8590774.8372, 4717347.887500003], [-8590774.8447, 4717347.8901999965], [-8590782.9053, 4717346.982900001], [-8590790.3521, 4717346.142099999], [-8590794.1371, 4717345.717600003], [-8590794.6417, 4717345.660599999], [-8590822.3046, 4717343.472400002], [-8590826.781, 4717343.067599997], [-8590827.6294, 4717342.987599999], [-8590827.7875, 4717342.9727], [-8590830.5164, 4717342.343099996], [-8590830.7129, 4717342.297499999], [-8590830.8681, 4717342.261100002], [-8590831.6658, 4717342.081900001], [-8590831.8258, 4717342.029100001], [-8590834.5255, 4717341.211000003], [-8590836.5924, 4717340.585100003], [-8590837.0779, 4717340.378799997], [-8590838.4892, 4717339.760700002], [-8590838.5773, 4717339.7250000015], [-8590838.5854, 4717339.721900001], [-8590838.6075, 4717339.712700002], [-8590840.047, 4717339.089599997], [-8590842.1306, 4717338.192699999], [-8590843.4613, 4717337.445799999], [-8590845.2807, 4717335.773599997], [-8590845.6943, 4717333.706], [-8590845.2517, 4717328.3330999985], [-8590843.6112, 4717322.807400003], [-8590843.0165, 4717319.979099996], [-8590843.0154, 4717318.3411], [-8590843.5923, 4717316.406499997], [-8590845.101, 4717314.0079], [-8590846.5538, 4717312.809199996], [-8590849.4464, 4717311.603500001], [-8590853.0302, 4717310.868500002], [-8590858.1106, 4717310.435400002], [-8590860.3513, 4717310.727899998], [-8590861.5248, 4717311.332000002], [-8590862.1257, 4717312.954700001], [-8590862.2538, 4717318.659100004], [-8590862.8552, 4717320.8741], [-8590864.73, 4717322.8781], [-8590864.8113, 4717322.965800002], [-8590864.8075, 4717322.9859], [-8590867.8058, 4717325.093999997], [-8590872.3993, 4717327.504500002], [-8590881.5875, 4717332.160999998], [-8590887.5192, 4717335.454599999], [-8590891.4666, 4717337.197800003], [-8590897.1768, 4717338.802100003], [-8590901.497, 4717340.262800001], [-8590904.0938, 4717341.945299998], [-8590907.1971, 4717345.444200002], [-8590909.8344, 4717347.127499998], [-8590914.974, 4717348.559100002], [-8590919.3511, 4717348.9103000015], [-8590921.8936, 4717348.659400001], [-8590927.2467, 4717346.639799997], [-8590930.1451, 4717344.461599998], [-8590930.3638, 4717343.477799997], [-8590929.1521, 4717342.308899999], [-8590921.2755, 4717337.548], [-8590919.5055, 4717337.036399998], [-8590916.8252, 4717335.692599997], [-8590916.5656, 4717332.877700001], [-8590919.3822, 4717331.714000002], [-8590922.4085, 4717329.8505000025], [-8590923.0747, 4717325.241999999], [-8590925.2999, 4717323.467500001], [-8590927.9147, 4717322.401100002], [-8590930.1138, 4717322.432999998], [-8590936.7372, 4717331.026100002], [-8590938.8097, 4717338.187899999], [-8590940.447, 4717340.010600001], [-8590945.4625, 4717342.781900004], [-8590957.9427, 4717347.075099997], [-8590965.4075, 4717348.596600004], [-8590979.0587, 4717351.557599999], [-8590997.7031, 4717358.831], [-8591005.2858, 4717361.061399996], [-8591019.6415, 4717363.968199998], [-8591028.1393, 4717364.862400003], [-8591032.6686, 4717365.827500001], [-8591035.7267, 4717366.771300003], [-8591039.5289, 4717369.3320999965], [-8591051.424, 4717383.189800002], [-8591053.6957, 4717385.407200001], [-8591061.578, 4717389.055299997], [-8591072.5292, 4717392.876400001], [-8591083.4612, 4717398.0462], [-8591092.6961, 4717402.217], [-8591109.4952, 4717407.322999999], [-8591126.7603, 4717412.592699997], [-8591149.2937, 4717420.919200003], [-8591159.5506, 4717428.832500003], [-8591176.6609, 4717436.019500002], [-8591182.3781, 4717438.929200001], [-8591184.8658, 4717439.4794000015], [-8591189.6782, 4717438.585199997], [-8591191.3375, 4717438.8662], [-8591197.5592, 4717442.297499999], [-8591200.3567, 4717443.558700003], [-8591203.0374, 4717444.0473000035], [-8591212.2901, 4717445.8517], [-8591217.5871, 4717446.828000002], [-8591221.8597, 4717447.853600003], [-8591223.9575, 4717448.8477], [-8591226.1769, 4717450.229099996], [-8591230.3226, 4717451.1888], [-8591232.4976, 4717451.220299996], [-8591233.3369, 4717450.7183], [-8591234.1323, 4717448.802299999], [-8591235.3431, 4717449.141099997], [-8591237.3051, 4717450.647200003], [-8591238.8112, 4717452.725100003], [-8591241.5344, 4717454.6919], [-8591245.3611, 4717455.582699999], [-8591247.3445, 4717455.611400001], [-8591249.0773, 4717455.2509], [-8591250.752, 4717454.504299998], [-8591251.6642, 4717453.361000001], [-8591252.7544, 4717453.183799997], [-8591254.6944, 4717456.231799997], [-8591256.4024, 4717457.605700001], [-8591263.0219, 4717460.078699999], [-8591270.3431, 4717462.690700002], [-8591271.7482, 4717462.903800003], [-8591274.828, 4717462.306000002], [-8591276.3605, 4717462.5207], [-8591277.6312, 4717463.181699999], [-8591279.4625, 4717464.878700003], [-8591281.1567, 4717467.216200002], [-8591283.0105, 4717471.804799996], [-8591284.6477, 4717473.627700001], [-8591289.8804, 4717474.667199999], [-8591294.1156, 4717473.828699999], [-8591295.7124, 4717474.044699997], [-8591298.0573, 4717475.620700002], [-8591302.3226, 4717477.160099998], [-8591302.307, 4717478.2522], [-8591301.6192, 4717481.583300002], [-8591303.4961, 4717484.566100001], [-8591308.0252, 4717489.7048999965], [-8591309.6634, 4717490.741899997], [-8591312.9407, 4717492.0612], [-8591315.5375, 4717495.127899997], [-8591317.269, 4717496.424900003], [-8591319.6107, 4717497.827799998], [-8591321.3848, 4717498.3923999965], [-8591322.7842, 4717498.381200001], [-8591325.3742, 4717496.892099999], [-8591326.4794, 4717496.592100002], [-8591327.8861, 4717497.191699997], [-8591329.8156, 4717499.7195999995], [-8591331.8062, 4717501.643299997], [-8591334.2356, 4717504.0471], [-8591337.7199, 4717509.650300004], [-8591339.3603, 4717514.0427], [-8591340.1828, 4717515.159999996], [-8591340.9924, 4717515.382200003], [-8591342.0143, 4717515.423299998], [-8591343.4597, 4717515.154600002], [-8591348.2946, 4717512.461400002], [-8591350.4009, 4717511.833899997], [-8591352.808, 4717512.105499998], [-8591354.988, 4717513.611000001], [-8591356.6126, 4717515.476599999], [-8591357.5227, 4717517.805600002], [-8591357.2539, 4717518.2754999995], [-8591355.625, 4717518.5414], [-8591355.0676, 4717519.033500001], [-8591355.1866, 4717519.418300003], [-8591355.2991, 4717525.834899999], [-8591355.351, 4717527.932800002], [-8591356.1983, 4717528.808499999], [-8591359.1715, 4717529.961800002], [-8591370.1025, 4717533.080600001], [-8591378.9705, 4717534.4287], [-8591378.9858, 4717534.431100003], [-8591379.2817, 4717534.477499999], [-8591379.7209, 4717534.547399998], [-8591379.831, 4717534.563900001], [-8591380.4268, 4717534.657700002], [-8591383.2993, 4717535.110100001], [-8591386.6728, 4717536.323299997], [-8591387.8213, 4717536.737099998], [-8591389.7114, 4717537.418099999], [-8591389.7961, 4717537.448399998], [-8591389.8708, 4717537.474600002], [-8591389.8796, 4717537.478500001], [-8591389.8949, 4717537.484099999], [-8591389.9197, 4717537.4925], [-8591390.764, 4717537.797399998], [-8591391.0346, 4717537.809799999], [-8591391.0668, 4717537.810699999], [-8591394.355, 4717537.9441], [-8591400.1201, 4717537.327600002], [-8591409.8655, 4717533.935400002], [-8591411.5135, 4717534.218199998], [-8591415.2437, 4717532.569200002], [-8591417.2735, 4717530.7048999965], [-8591419.6874, 4717529.7304000035], [-8591426.6986, 4717529.294399999], [-8591429.6874, 4717530.0704], [-8591434.022, 4717531.972999997], [-8591436.3023, 4717532.380099997], [-8591444.2246, 4717530.622500002], [-8591447.0156, 4717530.483599998], [-8591450.459, 4717528.954099998], [-8591460.0258, 4717523.3125], [-8591460.7657, 4717522.590599999], [-8591461.4153, 4717521.411499999], [-8591461.3723, 4717514.178800002], [-8591461.6759, 4717513.2973000035], [-8591463.0151, 4717511.055500001], [-8591464.112, 4717509.8418999985], [-8591464.8132, 4717509.424800001], [-8591468.8507, 4717507.940899998], [-8591469.6392, 4717507.952500001], [-8591470.0397, 4717508.249899998], [-8591470.193, 4717510.930699997], [-8591469.7394, 4717512.868799999], [-8591469.7238, 4717516.2764], [-8591470.0511, 4717517.054499999], [-8591470.9416, 4717517.494499996], [-8591471.8267, 4717517.3539], [-8591477.3466, 4717515.178000003], [-8591481.2156, 4717513.377999999], [-8591484.5667, 4717511.5053], [-8591487.4302, 4717509.7722999975], [-8591488.0408, 4717509.392200001], [-8591488.1576, 4717509.319700003], [-8591488.7009, 4717508.983199999], [-8591490.5125, 4717507.311399996], [-8591492.0403, 4717505.290299997], [-8591493.475, 4717502.5612], [-8591494.0799, 4717499.989600003], [-8591494.0885, 4717497.156400003], [-8591492.1238, 4717493.739500001], [-8591491.9906, 4717492.3904], [-8591492.3214, 4717491.247900002], [-8591494.3645, 4717489.568400003], [-8591499.0763, 4717486.7346], [-8591501.3643, 4717484.5419000015], [-8591503.7796, 4717481.754500002], [-8591507.2312, 4717475.7228000015], [-8591510.243, 4717469.962899998], [-8591512.5112, 4717464.7260000035], [-8591513.8409, 4717461.326200001], [-8591516.4227, 4717454.297600001], [-8591517.0691, 4717450.793099999], [-8591517.3652, 4717449.115900002], [-8591522.3448, 4717445.005000003], [-8591523.1934, 4717443.470700003], [-8591523.9436, 4717440.908200003], [-8591525.4248, 4717419.081100002], [-8591526.8877, 4717408.952], [-8591528.322, 4717402.561999999], [-8591528.8293, 4717400.737599999], [-8591529.6015, 4717398.128600001], [-8591531.1643, 4717395.312100001], [-8591533.562, 4717392.226099998], [-8591535.5784, 4717389.700999998], [-8591535.8502, 4717389.358099997], [-8591536.1937, 4717388.9179000035], [-8591536.6488, 4717388.201200001], [-8591537.415, 4717386.993799999], [-8591541.9977, 4717379.851199999], [-8591544.1934, 4717373.639700003], [-8591544.942, 4717371.520800002], [-8591546.9371, 4717365.9186], [-8591550.2113, 4717358.789800003], [-8591552.446, 4717355.213799998], [-8591557.2235, 4717351.034500003], [-8591562.1485, 4717349.988200001], [-8591570.1875, 4717351.626699999], [-8591580.7551, 4717352.456600003], [-8591582.8397, 4717352.619099997], [-8591583.3242, 4717352.658299997], [-8591587.3722, 4717352.9794000015], [-8591604.8436, 4717352.231700003], [-8591607.7109, 4717351.775200002], [-8591608.2561, 4717351.920400001], [-8591610.5084, 4717353.8671], [-8591611.4228, 4717354.329000004], [-8591614.8985, 4717355.2491], [-8591616.1019, 4717355.221900001], [-8591619.8528, 4717354.515799999], [-8591624.2819, 4717353.104099996], [-8591630.9822, 4717351.702799998], [-8591633.6228, 4717351.196999997], [-8591637.0963, 4717350.6608000025], [-8591644.977, 4717349.423], [-8591653.2041, 4717348.332699999], [-8591657.1886, 4717348.762400001], [-8591661.6708, 4717350.115999997], [-8591662.7464, 4717350.412799999], [-8591666.3578, 4717351.184199996], [-8591670.8237, 4717351.338399999], [-8591674.9374, 4717351.485699996], [-8591681.3304, 4717351.239100002], [-8591683.0122, 4717351.188500002], [-8591684.1718, 4717351.092699997], [-8591698.8839, 4717349.849299997], [-8591703.8066, 4717349.398599997], [-8591706.9115, 4717349.150399998], [-8591709.8425, 4717348.899599999], [-8591714.5637, 4717348.491499998], [-8591716.4159, 4717348.344700001], [-8591717.8258, 4717348.254000001], [-8591719.7881, 4717348.135799997], [-8591721.5469, 4717348.0288999975], [-8591722.7988, 4717347.950999998], [-8591725.8755, 4717347.748000003], [-8591732.1814, 4717347.641000003], [-8591734.4083, 4717347.605899997], [-8591740.8303, 4717348.548299998], [-8591742.5909, 4717348.461800002], [-8591746.5376, 4717348.093999997], [-8591750.6012, 4717347.347900003], [-8591756.8232, 4717345.134599999], [-8591760.7398, 4717343.760300003], [-8591763.3567, 4717342.970899999], [-8591766.3247, 4717342.521600001], [-8591769.7557, 4717342.369999997], [-8591773.6491, 4717342.627400003], [-8591781.4459, 4717343.969400004], [-8591793.4626, 4717346.087899998], [-8591797.9793, 4717346.701200001], [-8591804.0625, 4717346.860399999], [-8591826.6117, 4717344.624399997], [-8591835.6056, 4717341.637999997], [-8591839.4565, 4717340.878600001], [-8591846.5731, 4717341.286700003], [-8591857.6448, 4717342.519400001], [-8591860.2085, 4717342.617700003], [-8591862.3188, 4717342.6985], [-8591869.9528, 4717341.4001], [-8591873.4398, 4717340.488899998], [-8591876.525, 4717339.319700003], [-8591883.2721, 4717336.884199999], [-8591887.1252, 4717335.5375000015], [-8591890.3533, 4717334.3499], [-8591892.845, 4717333.5889], [-8591898.0372, 4717332.675800003], [-8591900.0291, 4717332.126900002], [-8591900.3035, 4717332.048199996], [-8591900.6739, 4717331.9485], [-8591900.8456, 4717331.902099997], [-8591900.8515, 4717331.900300004], [-8591902.3826, 4717331.478500001], [-8591903.8986, 4717330.552199997], [-8591906.8311, 4717327.745999999], [-8591908.0597, 4717326.994599998], [-8591909.3951, 4717327.141500004], [-8591910.446, 4717327.591799997], [-8591911.6292, 4717330.275300004], [-8591913.3859, 4717331.216200002], [-8591913.8759, 4717331.478500001], [-8591916.6955, 4717331.642200001], [-8591920.8531, 4717331.9023], [-8591924.8661, 4717332.3037], [-8591931.4538, 4717333.071099997], [-8591937.8048, 4717333.434500001], [-8591941.6713, 4717333.118199997], [-8591945.0805, 4717331.922499999], [-8591946.976, 4717331.906800002], [-8591951.5967, 4717332.674500003], [-8591956.8669, 4717332.879199997], [-8591961.2636, 4717332.370099999], [-8591965.5142, 4717331.100599997], [-8591966.5346, 4717330.514399998], [-8591967.1326, 4717329.753300004], [-8591967.9136, 4717328.7597], [-8591969.6151, 4717325.350100003], [-8591970.4729, 4717325.204999998], [-8591971.7753, 4717325.796099998], [-8591973.8069, 4717328.243699998], [-8591974.5667, 4717328.927199997], [-8591975.5314, 4717329.241599999], [-8591977.1134, 4717329.221500002], [-8591978.2715, 4717328.9661], [-8591982.4404, 4717327.438000001], [-8591985.1864, 4717327.563299999], [-8591989.3171, 4717331.443700001], [-8591999.1194, 4717333.1237], [-8592003.1898, 4717332.953699999], [-8592007.8587, 4717334.303000003], [-8592010.3507, 4717334.801100001], [-8592011.6603, 4717335.062799998], [-8592015.9254, 4717335.9575999975], [-8592018.3971, 4717335.9657000005], [-8592021.4876, 4717334.783], [-8592022.6371, 4717333.8517], [-8592024.6527, 4717332.2184000015], [-8592027.1862, 4717330.7302], [-8592028.8312, 4717330.5788], [-8592031.6699, 4717332.373300001], [-8592032.2691, 4717332.520400003], [-8592033.598, 4717329.690499999], [-8592035.0761, 4717328.498199999], [-8592035.7225, 4717328.3473000005], [-8592036.2616, 4717328.741899997], [-8592037.9895, 4717331.077399999], [-8592039.8671, 4717332.355899997], [-8592040.1839, 4717332.495999999], [-8592042.2582, 4717333.410499997], [-8592044.0707, 4717333.8675], [-8592048.3761, 4717334.317900002], [-8592051.8272, 4717334.027599998], [-8592052.2918, 4717333.365199998], [-8592052.5729, 4717332.964599997], [-8592053.3131, 4717330.434500001], [-8592053.7308, 4717330.007100001], [-8592054.8003, 4717329.535599999], [-8592056.0048, 4717329.379600003], [-8592058.7971, 4717330.106600001], [-8592064.36, 4717334.021300003], [-8592065.4111, 4717334.614500001], [-8592066.8968, 4717334.759599999], [-8592068.3928, 4717334.4782000035], [-8592068.7068, 4717334.151799999], [-8592069.8804, 4717330.448899999], [-8592071.2219, 4717328.052900001], [-8592072.4357, 4717327.302000001], [-8592073.6257, 4717327.302199997], [-8592073.9252, 4717327.7588], [-8592073.9233, 4717328.488600001], [-8592073.5207, 4717329.886500001], [-8592073.073, 4717331.443000004], [-8592072.5629, 4717333.274700001], [-8592072.5492, 4717334.234999999], [-8592073.1279, 4717336.848399997], [-8592073.6036, 4717338.322300002], [-8592075.6912, 4717341.592500001], [-8592077.6968, 4717343.096900001], [-8592082.9085, 4717345.384999998], [-8592087.6722, 4717346.8451000005], [-8592093.3321, 4717346.561800003], [-8592097.8167, 4717347.908200003], [-8592105.8576, 4717347.305], [-8592110.3507, 4717347.317599997], [-8592112.9686, 4717347.865800001], [-8592114.3483, 4717348.625399999], [-8592114.85, 4717349.122299999], [-8592114.686, 4717350.4120000005], [-8592113.3985, 4717353.185400002], [-8592111.689, 4717356.867799997], [-8592111.5339, 4717359.089299999], [-8592111.691, 4717359.689099997], [-8592113.2166, 4717360.914499998], [-8592114.3416, 4717362.181599997], [-8592115.5693, 4717364.147600003], [-8592116.6261, 4717367.450999998], [-8592117.3676, 4717368.511600003], [-8592118.1114, 4717369.102799997], [-8592119.2995, 4717369.252300002], [-8592121.5447, 4717368.6516999975], [-8592126.769, 4717366.112999998], [-8592130.7969, 4717365.8156], [-8592131.9942, 4717365.516000003], [-8592132.1007, 4717365.421300001], [-8592133.3377, 4717364.321599998], [-8592135.2458, 4717361.374899998], [-8592140.0976, 4717355.193300001], [-8592142.098, 4717353.1523], [-8592143.9223, 4717351.787799999], [-8592146.6078, 4717350.892800003], [-8592150.109, 4717350.209899999], [-8592152.7009, 4717349.7029], [-8592157.9797, 4717348.2007], [-8592163.6321, 4717345.360799998], [-8592167.6079, 4717344.406800002], [-8592171.5662, 4717343.461300001], [-8592171.8121, 4717343.388499998], [-8592173.0364, 4717342.9668999985], [-8592174.8505, 4717342.351199999], [-8592175.4931, 4717342.132299997], [-8592176.0315, 4717341.948399998], [-8592179.0434, 4717340.929099999], [-8592180.2383, 4717340.518600002], [-8592180.8048, 4717340.3279], [-8592186.6648, 4717338.3257], [-8592188.3678, 4717337.424900003], [-8592202.1658, 4717330.129600003], [-8592206.8224, 4717328.3226], [-8592219.7971, 4717325.513099998], [-8592224.2773, 4717324.911700003], [-8592226.5198, 4717324.826899998], [-8592231.703, 4717324.6316], [-8592233.0234, 4717324.3358], [-8592236.5063, 4717322.826399997], [-8592242.9163, 4717319.534400001], [-8592244.2585, 4717319.086000003], [-8592248.7379, 4717318.343800001], [-8592249.3406, 4717317.894100003], [-8592250.8267, 4717315.654299997], [-8592252.3054, 4717314.9130000025], [-8592253.3632, 4717314.607199997], [-8592258.8913, 4717314.010499999], [-8592259.4883, 4717313.712300003], [-8592260.3837, 4717312.965800002], [-8592261.405, 4717311.264399998], [-8592262.1755, 4717309.979800001], [-8592263.2208, 4717308.934699997], [-8592263.8181, 4717308.7853000015], [-8592264.7148, 4717309.083700001], [-8592265.3109, 4717309.677500002], [-8592265.7968, 4717310.650799997], [-8592266.5053, 4717312.069700003], [-8592266.9554, 4717312.218999997], [-8592272.7766, 4717313.115199998], [-8592276.657, 4717312.965499997], [-8592279.9411, 4717314.1603000015], [-8592282.781, 4717313.113700002], [-8592284.2736, 4717311.619000003], [-8592286.1984, 4717308.343800001], [-8592286.8866, 4717307.705300003], [-8592288.4627, 4717306.243299998], [-8592288.9057, 4717306.252599999], [-8592290.0602, 4717307.262199998], [-8592290.0948, 4717307.292599998], [-8592293.526, 4717311.936899997], [-8592297.1118, 4717313.118000001], [-8592300.8456, 4717313.116400003], [-8592304.1804, 4717311.8565], [-8592305.5625, 4717311.336199999], [-8592308.1483, 4717310.726599999], [-8592320.2582, 4717311.0407000035], [-8592326.3216, 4717310.7346], [-8592329.1374, 4717309.743199997], [-8592334.491, 4717307.317299999], [-8592340.0982, 4717305.350599997], [-8592344.0119, 4717304.7601], [-8592347.557, 4717304.759999998], [-8592348.6477, 4717304.306400001], [-8592349.6566, 4717303.407399997], [-8592349.9704, 4717302.818400003], [-8592350.2542, 4717300.145999998], [-8592350.832, 4717298.656000003], [-8592351.6941, 4717297.908399999], [-8592352.7867, 4717297.433600001], [-8592354.584, 4717298.032399997], [-8592356.3888, 4717299.537900001], [-8592357.4743, 4717299.834700003], [-8592358.7737, 4717299.686700001], [-8592374.583, 4717293.610399999], [-8592385.4605, 4717291.4614999965], [-8592391.2201, 4717290.073299997], [-8592398.4109, 4717288.308399998], [-8592404.692, 4717286.450999998], [-8592418.9667, 4717282.045299999], [-8592430.7306, 4717278.800700001], [-8592438.1326, 4717276.744599998], [-8592441.9242, 4717275.578000002], [-8592446.3621, 4717273.530100003], [-8592450.1201, 4717271.142099999], [-8592452.5739, 4717269.625399999], [-8592454.3579, 4717268.887900002], [-8592457.3131, 4717267.727899998], [-8592464.2709, 4717265.663999997], [-8592469.3208, 4717264.170000002], [-8592472.9659, 4717262.8182], [-8592480.0936, 4717259.471500002], [-8592489.021, 4717255.267200001], [-8592506.4867, 4717248.814099997], [-8592506.5293, 4717248.798199996], [-8592506.5454, 4717248.792300001], [-8592506.5684, 4717248.7836000025], [-8592512.9976, 4717246.4135000035], [-8592516.984, 4717245.461400002], [-8592524.57, 4717245.619000003], [-8592528.1349, 4717244.6445999965], [-8592536.2674, 4717241.156300001], [-8592536.6092, 4717241.010799997], [-8592536.7899, 4717240.933499999], [-8592537.3198, 4717240.708999999], [-8592538.8141, 4717239.660400003], [-8592539.2946, 4717239.069200002], [-8592540.7528, 4717237.2751], [-8592541.1755, 4717237.063600004], [-8592541.2631, 4717237.019699998], [-8592541.3553, 4717236.973899998], [-8592541.485, 4717236.909000002], [-8592541.6488, 4717236.827100001], [-8592542.2453, 4717236.827100001], [-8592543.7405, 4717237.722400002], [-8592544.0383, 4717239.219400004], [-8592544.4787, 4717246.223499998], [-8592545.5326, 4717248.928300001], [-8592546.2795, 4717249.377599999], [-8592558.0729, 4717253.777500004], [-8592562.4502, 4717254.213600002], [-8592564.8975, 4717253.9821000025], [-8592566.8725, 4717253.3434000015], [-8592567.9448, 4717252.665399998], [-8592569.3034, 4717250.5242], [-8592569.2559, 4717246.416000001], [-8592567.7491, 4717238.885499999], [-8592566.1723, 4717233.941200003], [-8592565.7436, 4717232.891900003], [-8592565.0935, 4717231.338100001], [-8592564.5336, 4717229.935699999], [-8592564.3353, 4717229.458999999], [-8592563.9725, 4717228.579000004], [-8592563.7322, 4717227.971699998], [-8592563.496, 4717227.244599998], [-8592563.0675, 4717225.894699998], [-8592562.905, 4717225.380999997], [-8592562.8409, 4717225.183600001], [-8592562.7746, 4717224.975299999], [-8592562.7565, 4717224.918099999], [-8592562.755, 4717224.912799999], [-8592562.7522, 4717224.9045], [-8592562.7483, 4717224.891999997], [-8592562.7369, 4717224.855499998], [-8592562.7264, 4717224.8222], [-8592562.6985, 4717224.734499998], [-8592561.8324, 4717219.249200001], [-8592561.8285, 4717219.2233000025], [-8592561.8274, 4717219.218000002], [-8592561.8268, 4717219.213600002], [-8592561.8027, 4717219.061700001], [-8592561.952, 4717218.165899999], [-8592562.6629, 4717217.721699998], [-8592562.7066, 4717217.694300003], [-8592562.7158, 4717217.688600004], [-8592562.7692, 4717217.655100003], [-8592562.7754, 4717217.651100002], [-8592562.7951, 4717217.638999999], [-8592562.8046, 4717217.633000001], [-8592562.8122, 4717217.628200002], [-8592562.8182, 4717217.624600001], [-8592562.8236, 4717217.620999999], [-8592562.8292, 4717217.617600001], [-8592562.8325, 4717217.615800001], [-8592562.8369, 4717217.612899996], [-8592562.843, 4717217.609099999], [-8592562.8541, 4717217.602300003], [-8592562.9461, 4717217.544200003], [-8592563.1463, 4717217.419399999], [-8592563.1901, 4717217.419399999], [-8592563.1983, 4717217.419399999], [-8592564.6391, 4717217.419399999], [-8592571.9545, 4717220.106600001], [-8592572.8503, 4717221.002499998], [-8592573.0564, 4717221.946000002], [-8592573.8953, 4717225.779700004], [-8592574.4925, 4717226.974100001], [-8592575.3891, 4717227.571699999], [-8592575.7768, 4717227.744000003], [-8592575.8428, 4717227.773199998], [-8592575.9139, 4717227.804899998], [-8592575.9445, 4717227.818499997], [-8592576.0167, 4717227.8510000035], [-8592576.0621, 4717227.870800003], [-8592576.7319, 4717228.168399997], [-8592579.7181, 4717228.765600003], [-8592586.8836, 4717228.168399997], [-8592587.6301, 4717229.213500001], [-8592588.5259, 4717233.692100003], [-8592589.123, 4717235.184900001], [-8592591.3624, 4717236.976800002], [-8592594.1988, 4717237.722999997], [-8592595.0947, 4717237.2751], [-8592596.5876, 4717234.886500001], [-8592598.9767, 4717232.647], [-8592604.7596, 4717228.353], [-8592607.842, 4717225.551399998], [-8592608.0893, 4717225.3266], [-8592609.8745, 4717224.4362], [-8592612.4127, 4717225.182800002], [-8592617.6379, 4717227.272699997], [-8592627.0428, 4717229.064300001], [-8592629.7302, 4717230.258500002], [-8592633.7608, 4717232.796400003], [-8592635.2538, 4717234.289300002], [-8592635.5526, 4717235.035999998], [-8592635.7018, 4717235.782200001], [-8592634.8053, 4717239.217200004], [-8592634.7504, 4717239.354500003], [-8592633.9891, 4717241.258900002], [-8592633.8613, 4717241.578100003], [-8592633.7399, 4717241.879799999], [-8592633.0145, 4717243.694600001], [-8592632.5668, 4717246.2321000025], [-8592632.7027, 4717247.978799999], [-8592633.1576, 4717249.796999998], [-8592634.2056, 4717251.4582], [-8592635.6536, 4717253.187799998], [-8592637.644, 4717255.044100001], [-8592639.8841, 4717256.686099999], [-8592642.8687, 4717258.326300003], [-8592645.555, 4717259.071699999], [-8592648.2498, 4717258.6241], [-8592650.4827, 4717257.577799998], [-8592651.8231, 4717256.387000002], [-8592654.3231, 4717251.403499998], [-8592655.1186, 4717249.803000003], [-8592655.559, 4717248.916699998], [-8592656.7519, 4717248.0239999965], [-8592658.3939, 4717248.024099998], [-8592659.4391, 4717248.770499997], [-8592660.3348, 4717250.860299997], [-8592660.6829, 4717252.656800002], [-8592661.2302, 4717255.486000001], [-8592661.822, 4717260.677900001], [-8592662.4249, 4717262.953100003], [-8592662.8729, 4717263.699500002], [-8592664.5163, 4717265.641599998], [-8592666.3069, 4717267.282899998], [-8592668.6955, 4717268.776100002], [-8592673.4515, 4717270.856200002], [-8592677.4538, 4717272.241499998], [-8592681.5384, 4717273.403700002], [-8592685.8177, 4717274.288400002], [-8592691.6843, 4717275.045900002], [-8592697.6283, 4717274.896200001], [-8592697.659, 4717274.895999998], [-8592707.3326, 4717273.7601], [-8592712.9358, 4717273.390100002], [-8592718.1141, 4717273.846000001], [-8592724.0412, 4717275.247500002], [-8592726.1098, 4717275.907899998], [-8592731.8318, 4717278.643600002], [-8592738.4079, 4717281.7984], [-8592741.247, 4717282.959899999], [-8592742.1401, 4717283.2773], [-8592742.8912, 4717283.553900003], [-8592747.3463, 4717285.176100001], [-8592750.8269, 4717286.090599999], [-8592752.8312, 4717286.587300003], [-8592754.8324, 4717286.989699997], [-8592758.567, 4717287.138599999], [-8592769.6153, 4717284.599600002], [-8592771.1031, 4717284.5986], [-8592772.7309, 4717285.035400003], [-8592774.7343, 4717285.8081], [-8592779.3323, 4717288.266999997], [-8592790.0557, 4717295.6373], [-8592791.9875, 4717296.987599999], [-8592795.3068, 4717298.790899999], [-8592801.3557, 4717301.068400003], [-8592806.3606, 4717302.506700002], [-8592813.6757, 4717304.2875000015], [-8592828.9173, 4717306.662900001], [-8592839.2535, 4717307.495300002], [-8592841.4025, 4717307.638599999], [-8592841.8925, 4717307.671499997], [-8592849.7824, 4717308.191], [-8592850.6753, 4717308.333899997], [-8592852.3264, 4717309.384000003], [-8592854.7173, 4717312.369499996], [-8592856.3592, 4717315.5035], [-8592856.9507, 4717317.328000002], [-8592857.413, 4717319.140699998], [-8592858.0066, 4717321.4833], [-8592858.5871, 4717325.812100001], [-8592858.7429, 4717329.393600002], [-8592858.594, 4717331.927599996], [-8592857.6862, 4717337.823100001], [-8592855.8808, 4717344.236000001], [-8592854.7133, 4717347.313900001], [-8592852.3225, 4717351.782700002], [-8592852.0383, 4717352.068400003], [-8592847.5745, 4717356.527599998], [-8592847.0949, 4717357.0066], [-8592845.4545, 4717361.187600002], [-8592844.7086, 4717365.949600004], [-8592845.305, 4717371.780599996], [-8592845.7543, 4717372.980300002], [-8592845.8222, 4717373.075599998], [-8592846.3708, 4717373.848200001], [-8592847.8864, 4717375.966700003], [-8592847.9931, 4717376.115900002], [-8592848.8893, 4717376.862000003], [-8592849.785, 4717377.160599999], [-8592850.382, 4717376.713100001], [-8592852.7711, 4717373.577600002], [-8592854.71, 4717369.8467999995], [-8592855.9061, 4717368.352499999], [-8592860.4092, 4717366.550800003], [-8592864.2361, 4717365.373400003], [-8592867.4029, 4717364.768100001], [-8592869.4916, 4717364.918700002], [-8592872.4769, 4717367.008699998], [-8592875.4747, 4717369.75], [-8592881.1779, 4717374.962200001], [-8592885.0171, 4717379.248000003], [-8592885.7428, 4717380.309299998], [-8592886.9498, 4717382.075000003], [-8592887.7059, 4717383.894400001], [-8592887.8551, 4717385.248099998], [-8592887.4087, 4717391.3477], [-8592887.8559, 4717392.389300004], [-8592889.6442, 4717393.283200003], [-8592892.4884, 4717393.882700004], [-8592897.8414, 4717394.034999996], [-8592899.9459, 4717393.732199997], [-8592901.7375, 4717393.134900004], [-8592906.6158, 4717389.147500001], [-8592910.8397, 4717388.065700002], [-8592912.1887, 4717386.412299998], [-8592912.1891, 4717384.7717999965], [-8592910.7726, 4717381.573299997], [-8592908.1557, 4717375.6647000015], [-8592904.5779, 4717370.145199999], [-8592903.5274, 4717369.3948], [-8592902.6221, 4717369.096699998], [-8592897.1305, 4717367.922700003], [-8592895.9274, 4717366.582699999], [-8592895.6172, 4717365.814900003], [-8592896.6627, 4717365.515900001], [-8592898.5981, 4717365.512999997], [-8592898.9018, 4717365.515799999], [-8592902.7854, 4717366.859700002], [-8592905.7683, 4717367.305799998], [-8592908.9032, 4717364.918300003], [-8592910.8476, 4717364.321800001], [-8592913.2237, 4717363.873499997], [-8592916.6673, 4717363.873899996], [-8592917.8616, 4717364.171899997], [-8592918.7574, 4717364.4706000015], [-8592919.9537, 4717365.519100003], [-8592920.909, 4717366.623400003], [-8592922.7885, 4717368.8002], [-8592923.5349, 4717372.084600002], [-8592924.2809, 4717373.279200003], [-8592925.0279, 4717373.5776999965], [-8592926.5207, 4717373.577799998], [-8592928.4604, 4717379.249899998], [-8592929.2076, 4717380.747299999], [-8592930.4015, 4717382.385300003], [-8592935.1746, 4717385.374499999], [-8592938.5549, 4717387.008000001], [-8592946.7512, 4717390.968999997], [-8592957.2714, 4717395.776000001], [-8592962.677, 4717397.611599997], [-8592964.5968, 4717397.915899999], [-8592966.8475, 4717397.760399997], [-8592968.4753, 4717398.065300003], [-8592972.1825, 4717399.526799999], [-8592975.5147, 4717400.8816], [-8592978.3948, 4717401.509099998], [-8592979.7985, 4717401.8226], [-8592983.6103, 4717402.3583], [-8592985.9426, 4717402.690899998], [-8592993.0943, 4717402.695900001], [-8592998.1775, 4717401.495399997], [-8593006.8084, 4717403.303599998], [-8593007.436, 4717403.435199998], [-8593010.503, 4717403.855300002], [-8593010.7166, 4717403.882399999], [-8593013.4074, 4717403.883599997], [-8593016.6917, 4717403.286600001], [-8593021.3168, 4717401.496299997], [-8593023.5424, 4717401.0254999995], [-8593025.5906, 4717400.752599999], [-8593028.9341, 4717400.897500001], [-8593032.5221, 4717402.691500001], [-8593034.0102, 4717403.734399997], [-8593034.5547, 4717404.545500003], [-8593034.9584, 4717405.242200002], [-8593037.168, 4717409.087399997], [-8593037.9776, 4717410.997100003], [-8593038.4461, 4717412.068999998], [-8593040.7379, 4717417.280000001], [-8593040.8543, 4717417.546999998], [-8593043.1179, 4717422.737000003], [-8593045.3468, 4717426.588299997], [-8593049.656, 4717430.5961000025], [-8593053.5538, 4717433.303800002], [-8593062.0438, 4717437.042599998], [-8593067.3333, 4717438.572800003], [-8593073.4784, 4717439.170400001], [-8593088.1227, 4717440.625], [-8593120.6802, 4717447.203199998], [-8593127.6342, 4717447.943400003], [-8593138.5321, 4717447.328299999], [-8593144.2822, 4717446.606799997], [-8593151.6195, 4717445.411600001], [-8593172.8508, 4717441.057099998], [-8593195.539, 4717441.505599998], [-8593201.8682, 4717441.050800003], [-8593204.6473, 4717440.462800004], [-8593206.3105, 4717439.748999998], [-8593206.6895, 4717439.584399998], [-8593207.0267, 4717439.420999996], [-8593207.9936, 4717438.928900003], [-8593211.7399, 4717437.023599997], [-8593215.2546, 4717435.222499996], [-8593218.3891, 4717433.8923999965], [-8593227.3427, 4717432.099699996], [-8593238.8335, 4717431.204400003], [-8593263.847, 4717432.776500002], [-8593267.1011, 4717432.473399997], [-8593271.87, 4717431.7645], [-8593280.8793, 4717430.317599997], [-8593283.4521, 4717429.784599997], [-8593286.8526, 4717429.076399997], [-8593290.1999, 4717428.393200003], [-8593301.4522, 4717426.293899998], [-8593309.5164, 4717424.827299997], [-8593317.9362, 4717423.309], [-8593323.0633, 4717422.620999999], [-8593324.9562, 4717422.423199996], [-8593325.9429, 4717422.3320999965], [-8593344.4364, 4717420.708700001], [-8593355.8101, 4717419.592], [-8593359.7697, 4717418.837800004], [-8593371.4204, 4717416.5669], [-8593386.5526, 4717410.636299998], [-8593408.1555, 4717398.512199998], [-8593413.3414, 4717395.8358], [-8593423.552, 4717391.855800003], [-8593433.5631, 4717388.6316], [-8593471.1264, 4717377.501400001], [-8593482.0387, 4717374.480300002], [-8593484.6116, 4717373.770999998], [-8593501.9642, 4717369.766900003], [-8593527.9538, 4717365.251800001], [-8593534.8389, 4717363.7487], [-8593545.8458, 4717360.132600002], [-8593552.6863, 4717357.697999999], [-8593555.1768, 4717356.689099997], [-8593569.9631, 4717350.9777000025], [-8593574.456, 4717349.238600001], [-8593574.6181, 4717349.185800001], [-8593575.4297, 4717348.9201000035], [-8593576.1325, 4717348.6985], [-8593580.5658, 4717347.235299997], [-8593582.6495, 4717346.559900001], [-8593587.2277, 4717345.809799999], [-8593589.068, 4717345.512800001], [-8593590.1879, 4717345.425099999], [-8593598.039, 4717344.75], [-8593615.9034, 4717344.013400003], [-8593630.5453, 4717344.0374], [-8593652.202, 4717344.4837], [-8593680.118, 4717345.543799996], [-8593697.9967, 4717346.887999997], [-8593717.4071, 4717349.125299998], [-8593727.2874, 4717351.331500001], [-8593731.2097, 4717352.828699999], [-8593738.096, 4717356.280599996], [-8593746.7365, 4717359.1049000025], [-8593749.4161, 4717359.5458], [-8593749.5371, 4717359.530500002], [-8593751.672, 4717359.248000003], [-8593755.0858, 4717358.798], [-8593756.2808, 4717358.350100003], [-8593757.7729, 4717357.155699998], [-8593760.4596, 4717352.5276999995], [-8593761.6546, 4717346.704300001], [-8593761.8031, 4717343.424099997], [-8593762.2515, 4717341.182099998], [-8593763.2968, 4717340.883000001], [-8593765.984, 4717343.570900001], [-8593767.3277, 4717346.4067], [-8593769.119, 4717348.1985], [-8593771.059, 4717349.541599996], [-8593778.2543, 4717352.539399996], [-8593781.2117, 4717354.468000002], [-8593783.7502, 4717357.007299997], [-8593784.3466, 4717358.051600002], [-8593784.4959, 4717359.544500001], [-8593782.8534, 4717368.352300003], [-8593783.1525, 4717371.636299998], [-8593783.5972, 4717373.431999996], [-8593784.9396, 4717377.751900002], [-8593786.8755, 4717382.0864999965], [-8593787.2518, 4717382.668300003], [-8593787.3633, 4717382.840899996], [-8593790.7656, 4717388.2092999965], [-8593792.9928, 4717391.035499997], [-8593795.097, 4717392.836900003], [-8593797.1881, 4717393.734200001], [-8593798.5291, 4717393.881399997], [-8593802.0065, 4717393.592], [-8593802.1134, 4717393.582999997], [-8593803.4561, 4717393.7304000035], [-8593805.6941, 4717394.4789], [-8593808.2381, 4717396.4223000035], [-8593811.2388, 4717399.270199999], [-8593812.1354, 4717400.346199997], [-8593812.2279, 4717400.455300003], [-8593812.4934, 4717400.771499999], [-8593812.6634, 4717400.9733000025], [-8593812.6737, 4717400.986000001], [-8593812.7026, 4717401.019699998], [-8593813.1958, 4717401.605800003], [-8593813.2912, 4717401.720299996], [-8593813.4066, 4717401.857299998], [-8593813.7072, 4717402.2136999965], [-8593813.791, 4717402.314300001], [-8593813.8168, 4717402.344800003], [-8593813.8421, 4717402.374799997], [-8593813.8607, 4717402.397200003], [-8593814.2571, 4717402.865999997], [-8593817.11, 4717406.260300003], [-8593818.6621, 4717408.109700002], [-8593820.375, 4717410.143600002], [-8593821.0509, 4717410.945100002], [-8593821.4007, 4717411.370999999], [-8593821.8326, 4717411.877999999], [-8593822.2087, 4717412.3314], [-8593822.7734, 4717412.914800003], [-8593825.4982, 4717415.797899999], [-8593827.8092, 4717417.491599999], [-8593832.9704, 4717420.609499998], [-8593834.2108, 4717421.180799998], [-8593836.7454, 4717422.405100003], [-8593885.2624, 4717438.473200001], [-8593890.5893, 4717441.177500002], [-8593900.006, 4717445.356399998], [-8593911.7671, 4717449.609899998], [-8593916.8191, 4717450.675499998], [-8593924.6893, 4717450.3320999965], [-8593928.505, 4717450.165600002], [-8593934.601, 4717451.75], [-8593942.7025, 4717455.065300003], [-8593944.1887, 4717455.866499998], [-8593944.7566, 4717456.171400003], [-8593950.1051, 4717459.042800002], [-8593954.9069, 4717461.591300003], [-8593961.7759, 4717462.960699998], [-8593965.5393, 4717462.775799997], [-8593967.9226, 4717462.0123], [-8593968.3337, 4717461.887400001], [-8593969.6476, 4717461.516900003], [-8593971.0236, 4717461.5022], [-8593972.0296, 4717462.5217999965], [-8593972.2948, 4717462.814599998], [-8593973.9633, 4717466.8354], [-8593976.7802, 4717470.106299996], [-8593983.7049, 4717473.964100003], [-8594003.1669, 4717478.316500001], [-8594015.4811, 4717482.373099998], [-8594026.7186, 4717480.494800001], [-8594035.0599, 4717485.271399997], [-8594042.0978, 4717486.5358000025], [-8594059.6954, 4717486.009400003], [-8594071.6847, 4717492.0348000005], [-8594076.4696, 4717494.086800002], [-8594088.267, 4717497.462700002], [-8594092.8183, 4717499.246600002], [-8594094.2761, 4717499.631999999], [-8594095.1485, 4717499.592299998], [-8594096.4723, 4717499.163099997], [-8594100.1816, 4717496.641900003], [-8594101.7842, 4717496.331200004], [-8594102.1684, 4717496.607900001], [-8594106.1642, 4717501.128700003], [-8594117.9605, 4717507.370099999], [-8594127.0887, 4717512.256800003], [-8594132.9353, 4717515.400799997], [-8594146.9568, 4717522.940800004], [-8594155.4629, 4717529.458700001], [-8594159.8363, 4717530.762900002], [-8594164.3195, 4717533.062399998], [-8594166.6542, 4717538.5612], [-8594167.6969, 4717543.606700003], [-8594172.1554, 4717547.6448], [-8594173.3054, 4717549.278499998], [-8594173.6314, 4717551.390000001], [-8594175.6378, 4717557.332699999], [-8594178.7609, 4717562.035099998], [-8594184.6688, 4717568.0385000035], [-8594189.1478, 4717572.566100001], [-8594199.0268, 4717584.836900003], [-8594207.8743, 4717589.640000001], [-8594212.8914, 4717590.950400002], [-8594213.2151, 4717591.383400001], [-8594216.3694, 4717592.555200003], [-8594218.5141, 4717594.3596], [-8594224.2859, 4717603.385200001], [-8594224.7851, 4717604.465300001], [-8594227.9882, 4717607.531800002], [-8594234.1654, 4717608.431999996], [-8594239.6397, 4717610.935699999], [-8594242.6801, 4717614.666500002], [-8594254.7553, 4717635.702299997], [-8594258.2812, 4717646.136399999], [-8594259.2258, 4717652.934699997], [-8594259.5695, 4717656.116300002], [-8594261.9293, 4717662.8276999965], [-8594265.9622, 4717667.5923999995], [-8594268.8175, 4717671.2729], [-8594270.0247, 4717672.721000001], [-8594271.9419, 4717677.120700002], [-8594273.251, 4717682.803800002], [-8594273.4455, 4717686.258199997], [-8594273.1424, 4717687.905299999], [-8594271.9802, 4717694.134000003], [-8594271.3231, 4717698.616400003], [-8594271.8248, 4717702.359999999], [-8594273.4854, 4717705.324900001], [-8594276.2793, 4717708.989299998], [-8594280.1005, 4717714.384999998], [-8594283.3602, 4717716.811800003], [-8594286.6659, 4717716.761299998], [-8594287.7647, 4717717.452500001], [-8594288.5546, 4717720.2227], [-8594291.7148, 4717729.195799999], [-8594294.5429, 4717734.282200001], [-8594297.214, 4717736.746200003], [-8594308.1552, 4717747.412699997], [-8594310.4772, 4717754.117299996], [-8594313.4373, 4717758.405000001], [-8594317.9095, 4717762.562700003], [-8594323.6258, 4717764.159999996], [-8594328.3739, 4717770.141199999], [-8594337.7879, 4717798.781800002], [-8594344.7203, 4717810.556100003], [-8594349.5455, 4717811.0792], [-8594347.1008, 4717829.1559000015], [-8594423.8951, 4717898.347000003], [-8594487.6297, 4717958.8999999985], [-8594553.1545, 4718005.741300002], [-8594599.8514, 4718089.251100004], [-8594631.4946, 4718133.884599999], [-8594768.0989, 4718308.547200002], [-8594762.1877, 4718439.327100001], [-8594785.3795, 4718480.0911], [-8594747.945, 4718466.699299999], [-8594710.5105, 4718453.307700001], [-8594673.0764, 4718439.915799998], [-8594635.6421, 4718426.524099998], [-8594593.4943, 4718404.224799998], [-8594551.3466, 4718381.925399996], [-8594509.1994, 4718359.6259], [-8594472.7647, 4718339.992700003], [-8594436.3306, 4718320.359499998], [-8594399.8967, 4718300.726099998], [-8594363.4627, 4718281.0929000005], [-8594327.0284, 4718261.459600002], [-8594293.5494, 4718236.366300002], [-8594260.0705, 4718211.2733], [-8594226.592, 4718186.18], [-8594193.1135, 4718161.087099999], [-8594157.6352, 4718132.578599997], [-8594122.1571, 4718104.0704], [-8594086.6792, 4718075.561899997], [-8594051.2014, 4718047.053400002]]], [[[-8591283.89, 4718101.1448], [-8591141.9551, 4718037.492299996], [-8591028.8494, 4718041.0249999985], [-8590940.938, 4717963.355499998], [-8590748.3935, 4717927.890699998], [-8590636.1157, 4717962.302299999], [-8590632.0579, 4717951.233599998], [-8590597.8711, 4717965.046300001], [-8590631.4963, 4717810.395400003], [-8590576.3557, 4717809.874300003], [-8590568.179, 4717809.797499999], [-8590568.0228, 4717826.455499999], [-8590458.1187, 4717825.392999999], [-8590450.2822, 4717825.317900002], [-8590412.4402, 4717825.089599997], [-8590407.4166, 4717825.149300002], [-8590371.8082, 4717825.338299997], [-8590354.4045, 4717823.603600003], [-8590352.5933, 4717833.0405], [-8590279.1367, 4717836.564000003], [-8590272.5804, 4717822.937200002], [-8590271.8823, 4717821.486299999], [-8590090.4408, 4717832.007200003], [-8590041.202, 4717835.206900001], [-8590033.9158, 4717835.607199997], [-8590034.0487, 4717853.193700001], [-8589947.8682, 4717856.314099997], [-8589898.1709, 4717843.4750000015], [-8589856.547, 4717832.721900001], [-8589778.9703, 4717813.669], [-8589782.5734, 4717796.833400004], [-8589769.6969, 4717793.486100003], [-8589691.5696, 4717769.696999997], [-8589657.1411, 4717748.967699997], [-8589615.5153, 4717723.7227], [-8589609.3006, 4717746.470399998], [-8589579.3293, 4717738.758599997], [-8589585.0214, 4717716.455499999], [-8589565.3273, 4717711.762100004], [-8589520.5914, 4717701.1008], [-8589453.8532, 4717685.195500001], [-8589445.3972, 4717683.179700002], [-8589406.4938, 4717673.908200003], [-8589042.8952, 4717606.391099997], [-8588867.7192, 4717593.568400003], [-8588672.9339, 4717594.614299998], [-8588665.5968, 4717595.336800002], [-8588658.4619, 4717597.203299999], [-8588648.1775, 4717602.262699999], [-8588639.4181, 4717609.669399999], [-8588632.7033, 4717618.983499996], [-8588629.9434, 4717624.954099998], [-8588628.2282, 4717630.4507], [-8588626.9615, 4717638.573700003], [-8588619.1083, 4717754.281199999], [-8588561.0398, 4717742.526600003], [-8588564.6769, 4717688.7311], [-8588564.557, 4717677.211900003], [-8588563.3416, 4717667.411399998], [-8588561.1123, 4717657.7924000025], [-8588557.8938, 4717648.459700003], [-8588553.7218, 4717639.516400002], [-8588547.7101, 4717629.704000004], [-8588540.5527, 4717620.700300001], [-8588532.355, 4717612.639899999], [-8588523.2404, 4717605.642700002], [-8588513.3445, 4717599.812799998], [-8588502.815, 4717595.237300001], [-8588491.8083, 4717591.984399997], [-8588480.4892, 4717590.102300003], [-8588294.6939, 4717575.059299998], [-8588288.1409, 4717575.2184000015], [-8588281.6737, 4717576.292499997], [-8588275.4182, 4717578.2588], [-8588268.7852, 4717581.491099998], [-8588259.6859, 4717588.472900003], [-8588252.9752, 4717596.760300003], [-8588248.0243, 4717607.129100002], [-8588245.7191, 4717618.392300002], [-8588245.8763, 4717627.593199998], [-8588256.7308, 4717722.0788], [-8588012.1768, 4717750.367299996], [-8588004.381, 4717728.616099998], [-8588010.7411, 4717719.9777000025], [-8588009.0127, 4717702.556400001], [-8588004.7042, 4717690.0874999985], [-8587992.7022, 4717673.939000003], [-8587979.3967, 4717661.513499998], [-8587949.9686, 4717645.0798999965], [-8587924.8786, 4717638.6096], [-8587895.6109, 4717638.9595], [-8587868.1037, 4717641.465800002], [-8587841.9524, 4717654.636], [-8587824.6879, 4717667.8059], [-8587813.4241, 4717678.002099998], [-8587792.3613, 4717682.934500001], [-8587770.0572, 4717673.185800001], [-8587738.6161, 4717672.031900004], [-8587703.4395, 4717666.805399999], [-8587694.8863, 4717666.4573], [-8587686.3927, 4717665.390600003], [-8587678.0189, 4717663.613399997], [-8587669.8244, 4717661.137999997], [-8587661.8669, 4717657.9824], [-8587654.2032, 4717654.168399997], [-8587646.8875, 4717649.723399997], [-8587639.9716, 4717644.678599998], [-8587626.9654, 4717638.8456000015], [-8587609.802, 4717629.822899997], [-8587593.2926, 4717619.642999999], [-8587577.515, 4717608.353799999], [-8587562.5431, 4717596.007600002], [-8587548.4468, 4717582.663199998], [-8587633.6678, 4717640.407399997], [-8587647.0676, 4717644.433399998], [-8587655.208, 4717644.913599998], [-8587663.3565, 4717644.5967999995], [-8587671.4351, 4717643.485699996], [-8587679.3666, 4717641.590999998], [-8587687.0752, 4717638.930799998], [-8587694.4871, 4717635.530599996], [-8587701.5316, 4717631.422899999], [-8587708.1414, 4717626.646899998], [-8587723.0105, 4717614.648000002], [-8587736.3124, 4717600.918799996], [-8587747.8488, 4717585.664999999], [-8587757.7586, 4717568.489], [-8587745.3531, 4717560.950599998], [-8587720.8554, 4717547.527800001], [-8587728.5065, 4717529.845700003], [-8587733.3145, 4717514.038599998], [-8587736.8082, 4717495.081799999], [-8587737.9728, 4717476.659599997], [-8587736.7775, 4717463.754100002], [-8587733.8718, 4717448.479199998], [-8587728.6757, 4717431.640299998], [-8587724.5211, 4717419.233800001], [-8587716.6434, 4717406.047499999], [-8587710.7457, 4717397.134099998], [-8587699.5054, 4717383.076499999], [-8587690.4238, 4717374.148100004], [-8587682.393, 4717367.513300002], [-8587672.8897, 4717360.913199998], [-8587662.8494, 4717355.1696000025], [-8587652.1659, 4717350.252700001], [-8587625.5602, 4717331.176799998], [-8587604.2432, 4717309.6184], [-8587590.2061, 4717297.493299998], [-8587589.7199, 4717285.254100002], [-8587546.6702, 4717240.996799998], [-8587524.8207, 4717208.3829], [-8587519.0421, 4717199.757700004], [-8587511.2545, 4717205.712200001], [-8587499.9006, 4717189.805699997], [-8587486.9674, 4717175.1652000025], [-8587467.3376, 4717157.114600003], [-8587453.3188, 4717146.1844], [-8587431.0387, 4717131.561099999], [-8587415.4428, 4717123.053099997], [-8587424.9136, 4717103.142800003], [-8587413.7583, 4717097.8358], [-8587388.1888, 4717085.671400003], [-8587399.0368, 4717062.867200002], [-8587374.0052, 4717045.494400002], [-8587365.7393, 4717037.862099998], [-8587341.3456, 4717020.763599999], [-8587294.3285, 4716969.662299998], [-8587288.4039, 4716961.800099999], [-8587283.2767, 4716956.488499999], [-8587275.6356, 4716950.296300001], [-8587269.3822, 4716946.385600001], [-8587266.2301, 4716945.046599999], [-8587278.8119, 4716931.549699999], [-8587239.707, 4716889.499899998], [-8587208.0683, 4716893.210199997], [-8587170.5174, 4716852.409699999], [-8587099.4529, 4716940.900899999], [-8587090.6236, 4716998.6603000015], [-8587112.7246, 4717054.563600004], [-8587096.1228, 4717155.817900002], [-8587099.2112, 4717159.2751], [-8587102.416, 4717162.624300003], [-8587105.7333, 4717165.861100003], [-8587109.1591, 4717168.9815], [-8587112.6898, 4717171.982199997], [-8587116.3207, 4717174.858900003], [-8587120.0477, 4717177.609899998], [-8587123.8668, 4717180.2304000035], [-8587127.773, 4717182.717699997], [-8587131.7619, 4717185.068999998], [-8587135.8284, 4717187.2815999985], [-8587207.7754, 4717225.536600001], [-8587202.2768, 4717235.958300002], [-8587161.9465, 4717214.513999999], [-8587121.6159, 4717193.069499999], [-8587081.2858, 4717171.624600001], [-8587067.3963, 4717133.571000002], [-8587053.5068, 4717095.5173999965], [-8587039.6173, 4717057.464000002], [-8587025.7279, 4717019.410099998], [-8587011.839, 4716981.357500002], [-8586997.9497, 4716943.304099999], [-8586984.0608, 4716905.251000002], [-8586970.1718, 4716867.198299997], [-8586956.283, 4716829.145300001], [-8586935.8856, 4716795.099299997], [-8586915.4884, 4716761.053499997], [-8586895.091, 4716727.008299999], [-8586858.2879, 4716698.454999998], [-8586821.485, 4716669.901900001], [-8586784.6821, 4716641.348499998], [-8586769.8998, 4716619.890100002], [-8586750.3853, 4716565.827500001], [-8586736.9419, 4716525.687200002], [-8586723.4985, 4716485.548100002], [-8586710.055, 4716445.408399999], [-8586629.1035, 4716368.246799998], [-8586629.2496, 4716298.114200003], [-8586593.6401, 4716235.684100002], [-8586594.9647, 4716234.552100003], [-8586592.1549, 4716231.407399997], [-8586589.322, 4716228.283399999], [-8586586.467, 4716225.179700002], [-8586583.5896, 4716222.0967999995], [-8586580.69, 4716219.035099998], [-8586577.7687, 4716215.994599998], [-8586574.8254, 4716212.975299999], [-8586571.8605, 4716209.977799997], [-8586568.8739, 4716207.001000002], [-8586565.866, 4716204.046700001], [-8586562.837, 4716201.113899998], [-8586559.787, 4716198.203599997], [-8586556.7162, 4716195.314900003], [-8586553.6244, 4716192.4494], [-8586550.5124, 4716189.605999999], [-8586547.3794, 4716186.784900002], [-8586544.2267, 4716183.987199999], [-8586541.0536, 4716181.212899998], [-8586537.8609, 4716178.461000003], [-8586534.6484, 4716175.732299998], [-8586531.4163, 4716173.0271999985], [-8586528.1648, 4716170.345399998], [-8586524.8935, 4716167.687600002], [-8586521.6041, 4716165.0537], [-8586466.2289, 4716114.163999997], [-8586404.9365, 4716032.167199999], [-8586330.6467, 4715914.476400003], [-8586205.9552, 4715752.984700002], [-8586178.3562, 4715707.0358000025], [-8586147.5512, 4715652.6499999985], [-8586120.8279, 4715605.3156], [-8586077.8569, 4715543.743199997], [-8586081.2069, 4715541.237899996], [-8586063.1004, 4715505.680100001], [-8586044.9947, 4715470.122400001], [-8586026.8888, 4715434.564900003], [-8586008.7831, 4715399.007399999], [-8585990.6777, 4715363.450300001], [-8585972.5721, 4715327.892800003], [-8585966.4467, 4715285.7553], [-8585960.3212, 4715243.617899999], [-8585956.0616, 4715224.178900003], [-8585881.7952, 4715131.7359], [-8585867.4933, 4715098.152000003], [-8585910.305, 4715080.696599998], [-8585885.7205, 4715009.671499997], [-8585879.7973, 4715004.531800002], [-8585871.3234, 4714980.050800003], [-8585818.6156, 4714961.9804000035], [-8585815.5177, 4714953.933899999], [-8585812.6959, 4714939.089500003], [-8585863.1559, 4714956.454400003], [-8585855.7441, 4714917.161499999], [-8585834.9254, 4714870.548799999], [-8585814.1068, 4714823.935900003], [-8585793.2879, 4714777.323299997], [-8585777.2411, 4714783.6674000025], [-8585767.1674, 4714787.6499999985], [-8585732.0446, 4714694.006999999], [-8585701.9437, 4714666.572499998], [-8585626.5525, 4714572.924999997], [-8585613.3711, 4714552.038199998], [-8585594.8262, 4714522.656499997], [-8585557.6155, 4714463.695500001], [-8585534.7776, 4714427.507799998], [-8585390.5704, 4714199.015000001], [-8585315.381, 4714123.801399998], [-8585284.1483, 4714089.0934000015], [-8585321.5447, 4714063.3386999965], [-8585331.7402, 4714054.511399999], [-8585365.3599, 4714029.433399998], [-8585333.9238, 4713990.968599997], [-8585339.7784, 4713985.749300003], [-8585323.3404, 4713967.2146999985], [-8585302.609, 4713941.211199999], [-8585316.1015, 4713942.136600003], [-8585317.8275, 4713917.0013], [-8585311.1772, 4713899.6461], [-8585311.764, 4713891.023900002], [-8585319.5746, 4713891.556100003], [-8585320.4975, 4713878.111900002], [-8585295.1132, 4713880.588299997], [-8585292.082, 4713871.620200001], [-8585284.0818, 4713849.836000003], [-8585279.5299, 4713835.768600002], [-8585271.8339, 4713813.699000001], [-8585258.1054, 4713777.0864999965], [-8585252.3352, 4713758.385899998], [-8585248.678, 4713748.009499997], [-8585243.4602, 4713733.372599997], [-8585235.9715, 4713711.077600002], [-8585230.4113, 4713696.263700001], [-8585222.5574, 4713673.6994], [-8585221.0091, 4713667.256099999], [-8585217.8431, 4713644.562899999], [-8585215.2935, 4713629.761299998], [-8585212.6821, 4713614.619099997], [-8585209.8819, 4713598.699900001], [-8585205.9693, 4713575.877400003], [-8585200.0193, 4713536.859899998], [-8585196.1463, 4713514.135899998], [-8585192.6798, 4713490.739699997], [-8585188.0368, 4713468.0779], [-8585184.7846, 4713447.2698], [-8585184.0507, 4713436.589400001], [-8585178.8933, 4713413.348700002], [-8585175.8919, 4713398.928900003], [-8585166.1154, 4713361.012800001], [-8585164.2339, 4713345.5145], [-8585162.491, 4713330.428900003], [-8585160.3014, 4713315.545500003], [-8585155.4348, 4713298.8094], [-8585152.527, 4713289.2399], [-8585148.6597, 4713271.442699999], [-8585142.628, 4713244.918200001], [-8585131.3436, 4713220.719999999], [-8585123.2561, 4713204.504799999], [-8585107.0483, 4713177.037600003], [-8585093.8713, 4713156.309600003], [-8585070.6465, 4713117.909699999], [-8585039.9425, 4713137.530199997], [-8585018.9531, 4713107.349100001], [-8585004.7153, 4713087.627899997], [-8584995.952, 4713074.8983], [-8584987.1798, 4713062.370499998], [-8584977.8543, 4713049.794699997], [-8584965.8899, 4713033.312899999], [-8584952.4815, 4713018.738700002], [-8584939.3081, 4713005.0735], [-8584925.3831, 4712990.8332], [-8584909.2602, 4712974.144900002], [-8584895.3319, 4712963.3728], [-8584870.4073, 4712949.636200003], [-8584855.7487, 4712944.053300001], [-8584849.6399, 4712942.810000002], [-8584835.4544, 4712936.415399998], [-8584831.0175, 4712933.5383], [-8584825.4688, 4712930.083300002], [-8584819.7993, 4712925.362099998], [-8584798.4952, 4712931.172499999], [-8584736.8773, 4712936.956699997], [-8584754.2964, 4712969.5612], [-8584753.1168, 4712983.0375000015], [-8584757.1101, 4713012.008599997], [-8584758.7282, 4713021.454099998], [-8584766.5833, 4713048.748800002], [-8584772.8548, 4713066.515299998], [-8584776.8351, 4713074.697800003], [-8584809.4181, 4713153.557400003], [-8584822.578, 4713158.867700003], [-8584837.8282, 4713153.256300002], [-8584855.7115, 4713173.310500003], [-8584858.4361, 4713177.204099998], [-8584852.4842, 4713208.755099997], [-8584849.9212, 4713205.050999999], [-8584838.6184, 4713196.031400003], [-8584814.879, 4713193.626900002], [-8584819.0824, 4713208.904600002], [-8584820.8527, 4713223.935500003], [-8584815.5101, 4713226.172499999], [-8584818.4223, 4713232.991800003], [-8584825.128, 4713247.6401999965], [-8584785.5895, 4713265.706], [-8584783.0781, 4713257.515500002], [-8584781.7011, 4713249.7831000015], [-8584775.4042, 4713177.756899998], [-8584772.4376, 4713155.1516999975], [-8584757.58, 4713149.336000003], [-8584757.8508, 4713152.006200001], [-8584769.4009, 4713280.620999999], [-8584781.3429, 4713323.743900001], [-8584862.2811, 4713411.4978], [-8584938.7515, 4713475.804099999], [-8584937.5638, 4713507.794799998], [-8584906.1553, 4713527.199600004], [-8584741.712, 4713544.232900001], [-8584714.0691, 4713529.459700003], [-8584605.5117, 4713480.141599998], [-8584580.3841, 4713469.218900003], [-8584608.0554, 4713394.3543], [-8584615.0811, 4713042.536899999], [-8584582.9694, 4713009.528300002], [-8584544.7282, 4712873.475699998], [-8584511.2157, 4712865.734200001], [-8584522.2089, 4712826.2245000005], [-8584525.3476, 4712810.481399998], [-8584527.3853, 4712794.556500003], [-8584528.3561, 4712770.499300003], [-8584526.8175, 4712746.471600004], [-8584522.7855, 4712722.737800002], [-8584516.4688, 4712700.0451000035], [-8584526.5847, 4712689.762900002], [-8584540.0752, 4712676.069399998], [-8584584.7227, 4712630.771399997], [-8584640.7804, 4712681.281300001], [-8584678.2688, 4712717.509000003], [-8584715.7572, 4712753.7368], [-8584745.7223, 4712782.861100003], [-8584775.6879, 4712811.985200003], [-8584805.6536, 4712841.109399997], [-8584843.9909, 4712866.575499997], [-8584882.3286, 4712892.041299999], [-8584920.6666, 4712917.507299997], [-8584959.0042, 4712942.9733000025], [-8584990.5964, 4712966.7858000025], [-8585022.1886, 4712990.598200001], [-8585053.781, 4713014.4111], [-8585076.7716, 4713051.699600004], [-8585099.7624, 4713088.988700002], [-8585122.7532, 4713126.277900003], [-8585145.7441, 4713163.5669], [-8585168.7354, 4713200.856399998], [-8585191.7263, 4713238.145999998], [-8585214.7174, 4713275.435599998], [-8585227.562, 4713329.921400003], [-8585237.1634, 4713370.648500003], [-8585240.407, 4713384.407899998], [-8585251.3119, 4713407.259000003], [-8585256.4099, 4713439.525799997], [-8585264.2653, 4713470.590000004], [-8585271.4586, 4713500.285700001], [-8585287.3408, 4713565.064099997], [-8585294.3255, 4713595.224200003], [-8585298.4962, 4713612.1822], [-8585301.8241, 4713626.818599999], [-8585304.3994, 4713636.516099997], [-8585305.3894, 4713641.823299997], [-8585311.2532, 4713665.110100001], [-8585316.4786, 4713688.326899998], [-8585317.1567, 4713691.053199999], [-8585320.2067, 4713703.313699998], [-8585326.0184, 4713726.441699997], [-8585329.9125, 4713742.745300002], [-8585332.603, 4713753.6511999965], [-8585333.5685, 4713758.054300003], [-8585347.0129, 4713812.294799998], [-8585360.4576, 4713866.5361], [-8585369.7838, 4713910.541500002], [-8585379.1104, 4713954.547600001], [-8585404.0389, 4714000.580799997], [-8585429.0463, 4714047.173799999], [-8585395.0356, 4714069.184699997], [-8585361.0248, 4714091.1963], [-8585406.2722, 4714153.7929000035], [-8585432.469, 4714187.476300001], [-8585469.5913, 4714235.843099996], [-8585522.8358, 4714193.862099998], [-8585551.6738, 4714244.834899999], [-8585568.9322, 4714278.4177], [-8585587.202, 4714309.064199999], [-8585605.9978, 4714342.593999997], [-8585624.368, 4714375.064800002], [-8585625.9852, 4714377.922700003], [-8585641.6223, 4714405.5581], [-8585645.9747, 4714413.250699997], [-8585665.9635, 4714448.579000004], [-8585685.9521, 4714483.9070999995], [-8585705.9412, 4714519.236199997], [-8585725.9302, 4714554.565099999], [-8585745.9192, 4714589.893799998], [-8585760.6499, 4714615.928999998], [-8585765.9085, 4714625.2227], [-8585785.8981, 4714660.551600002], [-8585810.83, 4714710.5402000025], [-8585835.762, 4714760.528999999], [-8585813.3428, 4714769.3926], [-8585829.4612, 4714805.481399998], [-8585845.5795, 4714841.57], [-8585861.6982, 4714877.6592999995], [-8585877.8169, 4714913.748199999], [-8585893.9354, 4714949.8374999985], [-8585920.7527, 4714973.108800001], [-8585925.122, 4714985.731399998], [-8585911.8122, 4715001.194799997], [-8585935.8778, 4715070.719499998], [-8585996.9581, 4715046.635499999], [-8586002.6666, 4715048.262000002], [-8586026.1423, 4715086.458400004], [-8586049.6186, 4715124.6548999995], [-8586073.0949, 4715162.851999998], [-8586096.5713, 4715201.048699997], [-8586120.0478, 4715239.245899998], [-8586128.8981, 4715278.443400003], [-8586137.7484, 4715317.640799999], [-8586146.5985, 4715356.838600002], [-8586155.4495, 4715396.036399998], [-8586164.2995, 4715435.234399997], [-8586173.1501, 4715474.432499997], [-8586194.8727, 4715511.149800003], [-8586216.5956, 4715547.8671], [-8586247.2182, 4715595.575499997], [-8586277.8413, 4715643.284199998], [-8586307.8102, 4715686.472400002], [-8586337.7794, 4715729.660599999], [-8586360.3338, 4715772.2695999965], [-8586382.8882, 4715814.878799997], [-8586405.4428, 4715857.487800002], [-8586427.9975, 4715900.0973000005], [-8586455.6951, 4715929.963799998], [-8586483.393, 4715959.830300003], [-8586511.0907, 4715989.697099999], [-8586538.7888, 4716019.564300001], [-8586566.4869, 4716049.431100003], [-8586594.1849, 4716079.298100002], [-8586621.8832, 4716109.1652000025], [-8586649.5815, 4716139.0326000005], [-8586677.2799, 4716168.8999999985], [-8586704.9785, 4716198.7673999965], [-8586726.8622, 4716223.2205], [-8586751.423, 4716266.034000002], [-8586775.984, 4716308.847499996], [-8586800.5449, 4716351.661499999], [-8586826.7259, 4716383.9045], [-8586852.9072, 4716416.147699997], [-8586879.0886, 4716448.391000003], [-8586908.5115, 4716475.686399996], [-8586937.9344, 4716502.9821000025], [-8586967.3574, 4716530.277400002], [-8586996.7806, 4716557.573399998], [-8587000.0686, 4716560.861299999], [-8587024.518, 4716585.310199998], [-8587010.0007, 4716599.476099998], [-8586986.1194, 4716623.7195999995], [-8586996.4451, 4716634.012699999], [-8587034.6839, 4716674.203599997], [-8587072.9224, 4716714.3950999975], [-8587092.5229, 4716693.555], [-8587095.3182, 4716690.582900003], [-8587124.3793, 4716720.432999998], [-8587153.4409, 4716750.2836000025], [-8587182.5028, 4716780.133599997], [-8587211.5644, 4716809.984300002], [-8587240.6267, 4716839.834600002], [-8587269.6887, 4716869.685199998], [-8587298.751, 4716899.535899997], [-8587327.8134, 4716929.386500001], [-8587356.8759, 4716959.237499997], [-8587385.9385, 4716989.088600002], [-8587415.0014, 4717018.939400002], [-8587444.0641, 4717048.790399998], [-8587473.127, 4717078.641800001], [-8587502.19, 4717108.493000001], [-8587531.2535, 4717138.344499998], [-8587560.3168, 4717168.195799999], [-8587575.369, 4717212.659500003], [-8587611.7688, 4717249.497599997], [-8587646.4473, 4717271.657200001], [-8587681.1265, 4717293.817000002], [-8587715.8055, 4717315.976599999], [-8587750.4848, 4717338.136500001], [-8587785.1641, 4717360.296400003], [-8587830.6829, 4717376.475599997], [-8587873.3888, 4717382.806599997], [-8587916.0947, 4717389.137999997], [-8587958.8007, 4717395.468900003], [-8588001.5065, 4717401.799699999], [-8588044.2125, 4717408.130599998], [-8588086.9186, 4717414.4614999965], [-8588162.3835, 4717432.161600001], [-8588205.8141, 4717445.564400002], [-8588244.978, 4717457.651000001], [-8588249.2441, 4717458.967699997], [-8588256.7118, 4717461.272100002], [-8588263.7172, 4717463.434], [-8588292.6753, 4717472.370800003], [-8588336.1059, 4717485.773900002], [-8588379.1204, 4717483.598399997], [-8588422.1349, 4717481.423199996], [-8588465.1494, 4717479.247599997], [-8588508.1639, 4717477.071800001], [-8588551.1783, 4717474.895999998], [-8588594.1927, 4717472.719999999], [-8588638.9662, 4717462.6413], [-8588649.6907, 4717460.2272000015], [-8588683.7399, 4717452.5625], [-8588720.7183, 4717444.238399997], [-8588728.5136, 4717442.483599998], [-8588732.6936, 4717441.542599998], [-8588766.8666, 4717433.8500000015], [-8588773.2872, 4717432.404700004], [-8588817.9991, 4717439.205499999], [-8588862.7113, 4717446.006399997], [-8588907.4237, 4717452.8072], [-8588952.1359, 4717459.608099997], [-8589008.2904, 4717467.048299998], [-8589022.3933, 4717468.9168], [-8589044.4034, 4717471.832999997], [-8589064.445, 4717474.488600001], [-8589083.9252, 4717476.270800002], [-8589221.2624, 4717488.851499997], [-8589226.1703, 4717489.301200002], [-8589260.9695, 4717492.595799997], [-8589323.801, 4717498.543899998], [-8589403.635, 4717514.112300001], [-8589407.6572, 4717514.896499999], [-8589444.2975, 4717522.0419000015], [-8589442.147, 4717532.664499998], [-8589429.2672, 4717596.283], [-8589440.289, 4717598.93], [-8589464.958, 4717604.8543], [-8589501.3859, 4717614.673900001], [-8589511.2096, 4717617.321800001], [-8589518.3925, 4717619.258100003], [-8589523.9929, 4717620.767700002], [-8589524.6595, 4717620.943599999], [-8589526.3865, 4717621.399400003], [-8589526.8635, 4717621.525200002], [-8589526.9702, 4717621.553199999], [-8589527.0391, 4717621.571599998], [-8589527.0568, 4717621.576399997], [-8589540.815, 4717563.2623], [-8589543.3804, 4717552.388899997], [-8589585.0807, 4717563.1477999985], [-8589616.7066, 4717571.3072], [-8589617.0196, 4717571.387999997], [-8589617.3556, 4717571.474600002], [-8589617.3971, 4717571.485299997], [-8589617.4716, 4717571.504699998], [-8589617.4846, 4717571.507799998], [-8589617.6067, 4717571.539300002], [-8589648.3258, 4717579.465000004], [-8589655.1931, 4717581.2368], [-8589656.2237, 4717581.502599999], [-8589688.5769, 4717589.849600002], [-8589692.0333, 4717590.741400003], [-8589674.6477, 4717662.7026999965], [-8589672.1247, 4717673.1467999965], [-8589672.4585, 4717673.312200002], [-8589678.2753, 4717676.194499999], [-8589712.744, 4717693.272600003], [-8589739.8905, 4717700.278300002], [-8589788.7147, 4717712.877899997], [-8589788.3937, 4717715.668200001], [-8589787.3236, 4717724.9736], [-8589799.0959, 4717728.094999999], [-8589799.2361, 4717728.131999999], [-8589799.2575, 4717728.137800001], [-8589798.3257, 4717732.742799997], [-8589837.2256, 4717742.9108000025], [-8589876.126, 4717753.078699999], [-8589915.9985, 4717763.696000002], [-8589922.7543, 4717765.495300002], [-8589943.5038, 4717771.020499997], [-8589950.5729, 4717772.9032000005], [-8589951.814, 4717768.584700003], [-8589955.8547, 4717769.656000003], [-8589959.241, 4717756.934], [-8589960.834, 4717750.958400004], [-8589983.965, 4717734.354199998], [-8589990.3385, 4717729.778800003], [-8589998.6504, 4717723.811999999], [-8590007.8323, 4717727.770499997], [-8590015.7902, 4717731.201499999], [-8590042.0857, 4717742.5385000035], [-8590043.493, 4717743.145300001], [-8590054.229, 4717733.779700004], [-8590076.2235, 4717714.5923999995], [-8590121.1676, 4717722.137699999], [-8590121.315, 4717722.162299998], [-8590121.3296, 4717722.165100001], [-8590121.3672, 4717722.171300001], [-8590160.3733, 4717728.719999999], [-8590180.1137, 4717732.034100004], [-8590244.0125, 4717731.784999996], [-8590261.0729, 4717793.4855], [-8590267.9066, 4717792.896200001], [-8590295.3256, 4717790.530500002], [-8590362.0343, 4717731.8495000005], [-8590362.0957, 4717731.859999999], [-8590363.7831, 4717721.385499999], [-8590405.4461, 4717721.303499997], [-8590447.1091, 4717721.221699998], [-8590488.772, 4717721.1391], [-8590530.435, 4717721.057099998], [-8590576.444, 4717728.821199998], [-8590646.9335, 4717739.394500002], [-8590689.4026, 4717747.553199999], [-8590731.8716, 4717755.711199999], [-8590774.3409, 4717763.8697], [-8590816.8101, 4717772.027800001], [-8590859.2794, 4717780.185800001], [-8590901.7488, 4717788.3440999985], [-8590944.2183, 4717796.502099998], [-8590986.6879, 4717804.659900002], [-8591029.1574, 4717812.818000004], [-8591069.3911, 4717815.256499998], [-8591109.625, 4717817.694799997], [-8591149.8589, 4717820.133400001], [-8591194.6202, 4717819.971699998], [-8591239.3816, 4717819.810099997], [-8591284.1433, 4717819.648400001], [-8591328.9047, 4717819.486599997], [-8591353.6016, 4717815.612199999], [-8591364.2205, 4717772.1712], [-8591371.8801, 4717817.852399997], [-8591415.1039, 4717810.527999997], [-8591458.3276, 4717803.203500003], [-8591498.6122, 4717796.376900002], [-8591501.5512, 4717795.878899999], [-8591617.7913, 4717853.872000001], [-8591407.3345, 4717903.349399999], [-8591331.3555, 4717913.215300001], [-8591329.6879, 4717913.431999996], [-8591289.7029, 4718077.32], [-8591283.89, 4718101.1448]], [[-8586908.5771, 4716597.703400001], [-8586886.0056, 4716596.643299997], [-8586852.1448, 4716597.960500002], [-8586829.7225, 4716600.7700999975], [-8586814.5697, 4716603.3451000005], [-8586797.9543, 4716606.536700003], [-8586780.3717, 4716611.193800002], [-8586787.4603, 4716619.552000001], [-8586794.7936, 4716627.694799997], [-8586802.365, 4716635.6149], [-8586810.1673, 4716643.305299997], [-8586818.1944, 4716650.759400003], [-8586826.4388, 4716657.970200002], [-8586855.7047, 4716680.049999997], [-8586871.3076, 4716679.003899999], [-8586887.7707, 4716678.272100002], [-8586912.4651, 4716679.2302], [-8586937.3383, 4716682.7214], [-8586962.5041, 4716688.947700001], [-8586979.0459, 4716628.287600003], [-8586964.2311, 4716607.085900001], [-8586931.024, 4716600.308700003], [-8586908.5771, 4716597.703400001]]], [[[-8584575.8804, 4711560.445900001], [-8584552.7781, 4711495.7707], [-8584536.4546, 4711432.846699998], [-8584509.3359, 4711400.992700003], [-8584482.2178, 4711369.138300002], [-8584455.0997, 4711337.284100004], [-8584427.9815, 4711305.429899998], [-8584400.8641, 4711273.575499997], [-8584373.7466, 4711241.7217999995], [-8584351.1564, 4711205.670299999], [-8584328.5672, 4711169.618799999], [-8584305.977, 4711133.5678], [-8584283.3877, 4711097.515900001], [-8584260.7985, 4711061.465400003], [-8584238.2099, 4711025.413999997], [-8584205.106, 4710985.687100001], [-8584172.0028, 4710945.9602999985], [-8584145.5583, 4710910.599200003], [-8584119.1141, 4710875.237999998], [-8584092.6697, 4710839.876900002], [-8584054.8282, 4710803.945699997], [-8584016.9866, 4710768.014300004], [-8583979.1453, 4710732.0832], [-8583945.9376, 4710695.913599998], [-8583912.7301, 4710659.743900001], [-8583879.5225, 4710623.574500002], [-8583846.6697, 4710592.716799997], [-8583813.8166, 4710561.859200001], [-8583780.9639, 4710531.001400001], [-8583748.111, 4710500.1439], [-8583715.2586, 4710469.285999998], [-8583682.6486, 4710429.241700001], [-8583650.0383, 4710389.1976], [-8583613.7348, 4710346.362499997], [-8583577.4317, 4710303.5273], [-8583551.3336, 4710268.650600001], [-8583525.2358, 4710233.773900002], [-8583499.138, 4710198.897100002], [-8583473.0405, 4710164.020499997], [-8583448.1301, 4710125.013599999], [-8583423.2196, 4710086.006099999], [-8583420.8239, 4710037.946900003], [-8583377.8774, 4709987.181500003], [-8583362.0413, 4709933.175899997], [-8583346.2056, 4709879.170299999], [-8583321.9247, 4709844.225199997], [-8583297.6437, 4709809.2804000005], [-8583273.363, 4709774.335900001], [-8583249.0825, 4709739.391199999], [-8583224.8025, 4709704.446199998], [-8583208.4103, 4709664.559600003], [-8583192.0182, 4709624.672899999], [-8583175.6265, 4709584.786899999], [-8583159.2345, 4709544.899899997], [-8583142.8429, 4709505.0141], [-8583126.4515, 4709465.1281], [-8583120.93, 4709414.643299997], [-8583115.4088, 4709364.159100004], [-8583109.8875, 4709313.674800001], [-8583096.7699, 4709263.459600002], [-8583083.6525, 4709213.244800001], [-8583056.0854, 4709182.911600001], [-8583028.5183, 4709152.578199998], [-8583000.9519, 4709122.245300002], [-8582973.3856, 4709091.9125000015], [-8582945.8192, 4709061.579499997], [-8582918.253, 4709031.246399999], [-8582878.139, 4709000.012400001], [-8582838.0252, 4708968.7786], [-8582797.9115, 4708937.5446000025], [-8582768.898, 4708910.215899996], [-8582739.8847, 4708882.887500003], [-8582710.8712, 4708855.559199996], [-8582681.8578, 4708828.230700001], [-8582652.8449, 4708800.901900001], [-8582626.9165, 4708769.640299998], [-8582600.9885, 4708738.379100002], [-8582575.0604, 4708707.1175], [-8582549.1325, 4708675.855999999], [-8582523.205, 4708644.594700001], [-8582497.2773, 4708613.333400004], [-8582468.8282, 4708568.011799999], [-8582434.4209, 4708538.471600004], [-8582400.0134, 4708508.931199998], [-8582365.606, 4708479.390799999], [-8582331.1996, 4708449.850299999], [-8582296.7928, 4708420.310099997], [-8582262.3865, 4708390.769299999], [-8582223.0248, 4708365.158], [-8582183.6636, 4708339.546599999], [-8582144.3024, 4708313.934900001], [-8582104.9413, 4708288.3235], [-8582065.5809, 4708262.711900003], [-8582017.9499, 4708237.1039], [-8581999.0991, 4708206.361299999], [-8581964.0982, 4708187.5079], [-8581929.0971, 4708168.6545], [-8581894.0961, 4708149.800899997], [-8581859.096, 4708130.9472], [-8581824.0956, 4708112.093500003], [-8581808.3454, 4708093.057300001], [-8581760.4567, 4708067.236900002], [-8581712.569, 4708041.416500002], [-8581670.6838, 4708010.259599999], [-8581628.7984, 4707979.102899998], [-8581586.9143, 4707947.946000002], [-8581550.9932, 4707932.1127], [-8581515.0726, 4707916.279700004], [-8581479.1521, 4707900.4463], [-8581442.7177, 4707878.660599999], [-8581406.2838, 4707856.874600001], [-8581369.8499, 4707835.089100003], [-8581304.2342, 4707815.365500003], [-8581265.3921, 4707800.126699999], [-8581226.5502, 4707784.887900002], [-8581187.7083, 4707769.648699999], [-8581141.4812, 4707759.151600003], [-8581095.2546, 4707748.654200003], [-8581049.0276, 4707738.156800002], [-8580970.8951, 4707737.538099997], [-8580894.47, 4707720.939900003], [-8580775.8932, 4707717.7048999965], [-8580696.5836, 4707707.823899999], [-8580564.2472, 4707707.566200003], [-8580473.9182, 4707707.447899997], [-8580344.3794, 4707707.2848000005], [-8580338.024, 4707706.176100001], [-8580243.8563, 4707691.674500003], [-8580172.6559, 4707670.890900001], [-8580145.2936, 4707658.048199996], [-8580001.207, 4707616.5418], [-8579964.2486, 4707604.9388], [-8579927.099, 4707593.968699999], [-8579889.769, 4707583.633900002], [-8579852.2695, 4707573.938100003], [-8579814.6114, 4707564.883900002], [-8579776.8054, 4707556.474299997], [-8579738.8621, 4707548.711199999], [-8579700.7936, 4707541.596699998], [-8579662.6095, 4707535.133599997], [-8579590.1175, 4707521.5222999975], [-8579582.7384, 4707514.288599998], [-8579538.6763, 4707525.0891999975], [-8579518.1795, 4707523.8116], [-8579496.714, 4707523.475900002], [-8579468.4449, 4707531.171899997], [-8579458.9121, 4707530.544399999], [-8579421.9429, 4707514.647200003], [-8579405.9623, 4707499.078500003], [-8579407.0167, 4707483.147699997], [-8579380.5626, 4707479.536600001], [-8579316.1527, 4707453.268299997], [-8579254.8906, 4707431.4657000005], [-8579246.9886, 4707429.851999998], [-8579232.0699, 4707404.822700001], [-8579196.5862, 4707345.290899999], [-8579156.7013, 4707333.890000001], [-8579132.8382, 4707309.867200002], [-8579120.2557, 4707256.495899998], [-8579115.4761, 4707225.170699999], [-8579117.9654, 4707206.572499998], [-8579118.5341, 4707155.428400002], [-8579109.0656, 4707089.476199999], [-8579093.6136, 4707014.656199999], [-8579084.8286, 4706960.998599999], [-8579078.1621, 4706939.8369999975], [-8579053.8047, 4706875.406900004], [-8579049.7157, 4706867.709100001], [-8579031.7155, 4706833.824299999], [-8578935.3851, 4706602.6941], [-8578943.9974, 4706588.1369], [-8578912.3861, 4706561.239699997], [-8578915.6211, 4706558.341499999], [-8578907.1437, 4706535.7086], [-8578890.3782, 4706509.726099998], [-8578876.9484, 4706480.703699999], [-8578854.7652, 4706445.262500003], [-8578832.2584, 4706361.674099997], [-8578815.6896, 4706302.633100003], [-8578823.6393, 4706297.494199999], [-8578824.5755, 4706297.341200002], [-8578846.3283, 4706293.795299999], [-8578848.1848, 4706293.492799997], [-8578839.1423, 4706256.5031], [-8578830.6046, 4706242.498800002], [-8578822.9426, 4706229.929700002], [-8578808.218, 4706164.777400002], [-8578806.6322, 4706157.2337], [-8578800.3642, 4706127.413900003], [-8578800.0771, 4706126.048199996], [-8578794.8842, 4706106.8950999975], [-8578789.3277, 4706086.400300004], [-8578771.8713, 4706084.371600002], [-8578758.8683, 4706077.149099998], [-8578747.7775, 4706059.428900003], [-8578741.0301, 4706043.531499997], [-8578729.9125, 4706027.565800004], [-8578734.597, 4706007.461199999], [-8578733.9008, 4705996.045400001], [-8578742.5601, 4706001.444899999], [-8578746.1797, 4705993.606600001], [-8578738.6401, 4705972.432999998], [-8578756.3158, 4705897.456600003], [-8578767.8847, 4705884.479099996], [-8578761.8886, 4705876.489299998], [-8578777.8557, 4705861.826200001], [-8578773.3349, 4705815.259199999], [-8578763.0498, 4705801.938100003], [-8578748.9272, 4705754.343699999], [-8578752.656, 4705739.488700002], [-8578740.9102, 4705707.722199999], [-8578730.8671, 4705679.799800001], [-8578725.944, 4705680.198200002], [-8578537.994, 4705313.280599996], [-8578421.1456, 4705099.043399997], [-8578336.1361, 4704922.881200001], [-8578262.9921, 4704748.156300001], [-8578203.9571, 4704621.955600001], [-8578156.44, 4704587.370200001], [-8578114.3126, 4704555.289399996], [-8578044.5931, 4704539.463500001], [-8577993.0304, 4704538.125100002], [-8577993.4463, 4704542.029200003], [-8577951.4534, 4704546.541500002], [-8577946.2198, 4704496.953400001], [-8577989.0488, 4704492.356200002], [-8577982.6858, 4704394.386200003], [-8577979.475, 4704296.2619], [-8577979.5815, 4704244.170999996], [-8577981.3976, 4704192.1127], [-8577984.9212, 4704140.143100001], [-8577988.8826, 4704145.580600001], [-8577988.9514, 4704144.647], [-8578098.1734, 4704295.299099997], [-8578121.3397, 4704277.583800003], [-8578091.0747, 4704235.979199998], [-8578233.5631, 4704412.268100001], [-8578306.8885, 4704506.1809], [-8578377.0789, 4704602.480599999], [-8578444.0571, 4704701.061099999], [-8578507.7499, 4704801.814199999], [-8578568.0868, 4704904.630000003], [-8578625.0023, 4705009.395400003], [-8578674.8201, 4704987.1477999985], [-8578674.8777, 4704987.255000003], [-8578677.9259, 4704993.909000002], [-8578722.0, 4705083.322099999], [-8578739.7888, 4705124.137100004], [-8578745.8908, 4705137.091200002], [-8578764.9873, 4705172.447899997], [-8578770.4266, 4705182.518299997], [-8578771.0351, 4705183.645199999], [-8578706.3978, 4705212.511500001], [-8578719.2768, 4705230.078900002], [-8578731.5936, 4705248.048299998], [-8578743.3354, 4705266.401500002], [-8578754.4906, 4705285.120099999], [-8578765.0477, 4705304.185199998], [-8578774.9965, 4705323.577299997], [-8578784.3261, 4705343.2771999985], [-8578793.0279, 4705363.265000001], [-8578801.093, 4705383.520199999], [-8578808.513, 4705404.0222999975], [-8578875.3878, 4705598.3759], [-8578865.0465, 4705584.179799996], [-8578855.0752, 4705569.719499998], [-8578845.4812, 4705555.004699998], [-8578881.2182, 4705658.863200001], [-8578883.8182, 4705667.424500003], [-8578899.9828, 4705687.393200003], [-8578919.0054, 4705710.8913], [-8578947.3409, 4705757.193700001], [-8578957.5955, 4705787.992200002], [-8578964.8146, 4705817.278499998], [-8578967.931, 4705859.716700003], [-8578967.0052, 4705887.1906], [-8578962.4503, 4705910.304700002], [-8578950.1656, 4705953.255599998], [-8578931.8783, 4705994.944799997], [-8578923.1075, 4706014.317900002], [-8578915.2281, 4706038.998899996], [-8578909.6753, 4706060.2727999985], [-8578903.6833, 4706096.454300001], [-8578905.0699, 4706138.568999998], [-8578909.6823, 4706165.822499998], [-8578978.4389, 4706423.1576000005], [-8579004.3335, 4706501.295599997], [-8579040.082, 4706586.603], [-8579066.8306, 4706642.044699997], [-8579124.7996, 4706797.217], [-8579133.5271, 4706821.984099999], [-8579146.2522, 4706859.171499997], [-8579185.3631, 4706961.9728000015], [-8579217.0478, 4707056.344300002], [-8579203.6252, 4707062.024800003], [-8579205.7233, 4707078.056000002], [-8579218.0154, 4707121.664999999], [-8579263.0747, 4707195.520999998], [-8579240.1554, 4707193.9169000015], [-8579240.7654, 4707218.182499997], [-8579240.3693, 4707225.1976], [-8579264.3669, 4707226.9848000035], [-8579262.0955, 4707268.160499997], [-8579266.9322, 4707273.462200001], [-8579324.3348, 4707276.148900002], [-8579332.1386, 4707276.706600003], [-8579334.6907, 4707230.432999998], [-8579418.3431, 4707237.924900003], [-8579606.0206, 4707246.662199996], [-8579600.9738, 4707360.982500002], [-8579692.8925, 4707392.534400001], [-8579734.0605, 4707396.241400003], [-8579763.8814, 4707390.421800002], [-8579798.8903, 4707378.005599998], [-8579841.9822, 4707348.825099997], [-8579868.0565, 4707328.850400001], [-8579883.0457, 4707316.956500001], [-8579882.0909, 4707310.1712], [-8579911.6721, 4707294.5273], [-8579950.0777, 4707265.2102999985], [-8579949.1772, 4707252.988600001], [-8579979.7953, 4707251.874700002], [-8579980.9537, 4707251.303300001], [-8579966.211, 4707309.611900002], [-8579956.9849, 4707346.101099998], [-8579954.0216, 4707357.821400002], [-8579952.7927, 4707364.777900003], [-8579947.6019, 4707415.114799999], [-8580000.8045, 4707450.151600003], [-8580053.0456, 4707468.355099998], [-8580054.2084, 4707460.982699998], [-8580059.4797, 4707429.546999998], [-8580146.4649, 4707433.503700003], [-8580172.8107, 4707436.618500002], [-8580166.3252, 4707496.501699999], [-8580254.2528, 4707525.5891999975], [-8580256.0937, 4707526.198200002], [-8580335.012, 4707532.9186], [-8580383.1906, 4707532.866599999], [-8580463.3595, 4707532.691100001], [-8580467.0662, 4707532.6844], [-8580529.2839, 4707525.061800003], [-8580545.9656, 4707509.9023], [-8580804.0301, 4707481.650899999], [-8580876.9252, 4707475.905000001], [-8580874.1142, 4707454.783500001], [-8580950.5109, 4707393.3396999985], [-8580953.2124, 4707363.241400003], [-8581013.5716, 4707318.201899998], [-8581053.2207, 4707301.0898], [-8581119.5177, 4707277.003200002], [-8581158.3664, 4707247.5964], [-8581162.9565, 4707258.553999998], [-8581195.8608, 4707324.5075], [-8581214.6284, 4707365.834100001], [-8581219.7671, 4707377.376199998], [-8581205.5, 4707384.648199998], [-8581191.4919, 4707392.411700003], [-8581188.3858, 4707394.18], [-8581185.3419, 4707396.053599998], [-8581182.3634, 4707398.031099997], [-8581179.4537, 4707400.109200001], [-8581176.3586, 4707402.6171], [-8581173.345, 4707405.223999999], [-8581170.4169, 4707407.927699998], [-8581167.5774, 4707410.724699996], [-8581164.8292, 4707413.612400003], [-8581162.1757, 4707416.587700002], [-8581159.135, 4707420.696099997], [-8581156.7872, 4707423.689900003], [-8581150.9391, 4707431.533699997], [-8581135.4829, 4707453.887900002], [-8581126.4986, 4707470.172600001], [-8581118.0289, 4707486.733099997], [-8581110.0823, 4707503.553199999], [-8581102.7071, 4707524.865800001], [-8581095.6475, 4707546.286200002], [-8581086.9718, 4707577.183200002], [-8581080.7808, 4707593.582900003], [-8581342.4033, 4707661.9826000035], [-8581601.1411, 4707729.813100003], [-8581680.6672, 4707789.285899997], [-8581722.3334, 4707820.445200004], [-8581852.7737, 4707737.997599997], [-8581834.6159, 4707828.928999998], [-8581806.2264, 4707881.678599998], [-8581839.7839, 4707906.491800003], [-8581873.344, 4707931.300099999], [-8581907.0262, 4707956.185500003], [-8581985.5198, 4707924.991800003], [-8581987.9764, 4707934.910899997], [-8581987.353, 4708015.569700003], [-8582007.5855, 4708030.5336000025], [-8582041.1463, 4708055.3418999985], [-8582091.3062, 4708092.418700002], [-8582141.9857, 4708073.051799998], [-8582206.4635, 4708048.4526999965], [-8582284.2457, 4708101.387800001], [-8582289.6112, 4708146.919200003], [-8582254.9323, 4708213.700099997], [-8582285.3697, 4708236.220799997], [-8582322.9601, 4708264.033699997], [-8582360.5509, 4708291.847099997], [-8582387.7219, 4708320.6071000025], [-8582404.373, 4708338.231399998], [-8582463.8229, 4708388.2104], [-8582485.2857, 4708406.585699998], [-8582577.6599, 4708467.949100003], [-8582606.9599, 4708478.625799999], [-8582626.0698, 4708463.449500002], [-8582640.9117, 4708490.8352999985], [-8582657.4051, 4708478.200300001], [-8582663.8829, 4708567.237000003], [-8582717.485, 4708628.528099999], [-8582818.7047, 4708658.195100002], [-8582795.1458, 4708706.155000001], [-8582848.993, 4708763.147100002], [-8582886.7506, 4708780.2815999985], [-8582965.89, 4708864.044399999], [-8583027.9988, 4708869.849399999], [-8583076.7593, 4708910.037699997], [-8583085.8729, 4708992.936800003], [-8583226.4279, 4709136.9745000005], [-8583276.8406, 4709188.910499997], [-8583369.1354, 4709252.357500002], [-8583330.7946, 4709361.104599997], [-8583408.5349, 4709541.223200001], [-8583475.5258, 4709714.850599997], [-8583498.3972, 4709774.130199999], [-8583619.967, 4709804.161200002], [-8583640.2135, 4709851.012100004], [-8583640.1956, 4709953.571400002], [-8583674.7436, 4710003.667999998], [-8583799.3523, 4710067.4991], [-8583756.8417, 4710116.9152000025], [-8583696.574, 4710186.996600002], [-8583678.3323, 4710211.796499997], [-8583727.8346, 4710264.610600002], [-8583754.8271, 4710293.409000002], [-8583780.7434, 4710321.0581], [-8583971.7472, 4710475.132600002], [-8584001.0464, 4710498.7651999965], [-8584086.3621, 4710606.9717999995], [-8584155.6809, 4710664.786499999], [-8584264.1195, 4710706.667599998], [-8584342.377, 4710736.889399998], [-8584715.9585, 4711100.298], [-8584769.2427, 4711101.423100002], [-8584772.165, 4711154.971900001], [-8584780.9591, 4711316.110100001], [-8584787.386, 4711433.802500002], [-8584776.5658, 4711468.859300002], [-8584681.9446, 4711528.681299999], [-8584680.1204, 4711529.821400002], [-8584679.9428, 4711529.5342999995], [-8584588.1448, 4711568.718699999], [-8584585.1147, 4711567.719300002], [-8584580.6746, 4711566.810199998], [-8584575.8804, 4711560.445900001]], [[-8578641.6792, 4705133.987499997], [-8578623.7328, 4705112.723200001], [-8578623.5504, 4705112.814599998], [-8578560.0505, 4705037.013599999], [-8578550.7529, 4705025.914499998], [-8578546.6691, 4705027.868000001], [-8578567.9064, 4705073.012000002], [-8578607.2954, 4705120.0309000015], [-8578651.3458, 4705172.616599999], [-8578653.918, 4705175.687299997], [-8578651.6995, 4705171.126100004], [-8578658.7868, 4705167.8037], [-8578655.3536, 4705160.4208], [-8578661.5176, 4705157.668099999], [-8578641.6792, 4705133.987499997]]], [[[-8572282.782, 4694718.534000002], [-8572391.3081, 4694600.112899996], [-8572408.2729, 4694630.474200003], [-8572413.3968, 4694620.836800002], [-8572414.222, 4694619.208899997], [-8572333.821, 4694475.689499997], [-8572335.7784, 4694380.438699998], [-8572243.0349, 4694310.437700003], [-8572149.7723, 4694211.931199998], [-8572067.6494, 4694050.560999997], [-8572064.0023, 4693960.027599998], [-8572085.5263, 4693790.5424000025], [-8571975.5487, 4693391.890699998], [-8571975.5289, 4693391.831600003], [-8571975.3227, 4693391.2007], [-8571963.6727, 4693355.5546], [-8571961.2305, 4693271.126800001], [-8571962.0052, 4693253.381999999], [-8571962.08, 4693251.674800001], [-8571962.097, 4693251.294399999], [-8572048.896, 4693234.533699997], [-8572293.6955, 4693104.8423999995], [-8572392.3886, 4693041.407499999], [-8572540.3215, 4692922.3891], [-8572619.281, 4692901.2064], [-8572709.3422, 4692834.710000001], [-8572798.468, 4692790.291199997], [-8572834.7656, 4692740.715300001], [-8572836.1563, 4692704.602399997], [-8572847.4125, 4692697.333899997], [-8572871.5113, 4692684.163599998], [-8572906.8189, 4692667.630800001], [-8572941.5663, 4692653.6193], [-8572974.352, 4692642.410899997], [-8573014.704, 4692632.0424000025], [-8573072.7095, 4692621.114], [-8573125.6419, 4692617.723899998], [-8573183.1091, 4692617.723899998], [-8573247.4176, 4692625.933399998], [-8573289.8338, 4692634.827], [-8573350.0378, 4692656.035599999], [-8573391.3205, 4692671.693800002], [-8573420.7438, 4692685.704999998], [-8573437.2071, 4692692.009599999], [-8573416.7596, 4692735.2513], [-8573561.8523, 4692840.204400003], [-8573696.6191, 4693020.800499998], [-8573697.8747, 4693162.556999996], [-8573697.8777, 4693162.892499998], [-8573698.0016, 4693162.891400002], [-8573699.3178, 4693162.879100002], [-8573753.3841, 4693162.369800001], [-8573754.5437, 4693162.358800001], [-8573755.046, 4693162.3539], [-8573860.0836, 4693161.363399997], [-8573883.4485, 4693205.913999997], [-8573892.3394, 4693223.167599998], [-8573929.4405, 4693295.1696000025], [-8574012.4598, 4693496.8072], [-8574026.5229, 4693558.436899997], [-8574042.6199, 4693627.9668999985], [-8574056.8645, 4693708.6624], [-8574059.1125, 4693724.6027000025], [-8574063.0276, 4693752.3605], [-8574062.7998, 4693756.671099998], [-8574071.0157, 4693872.693000004], [-8573955.5364, 4693860.6941], [-8573955.4935, 4693860.500600003], [-8573954.9603, 4693860.553400002], [-8573944.9614, 4693861.540799998], [-8573902.4701, 4693865.775899999], [-8573895.0975, 4693866.465000004], [-8573889.4795, 4693867.020000003], [-8573793.6382, 4693811.069799997], [-8573762.3214, 4693773.452299997], [-8573615.5661, 4693655.277000003], [-8573534.6664, 4693677.184199996], [-8573393.2695, 4693764.0145], [-8573261.9215, 4693923.828000002], [-8573259.1744, 4693955.203400001], [-8573161.418, 4694013.933899999], [-8573137.7501, 4694065.735299997], [-8573106.428, 4694183.315700002], [-8573084.4334, 4694261.168799996], [-8573094.8727, 4694322.247599997], [-8573094.8162, 4694322.833999999], [-8573290.7224, 4694353.990400001], [-8573333.8639, 4694474.294299997], [-8572647.9036, 4695139.382799998], [-8572269.7998, 4695505.943700001], [-8572232.6245, 4695293.953699999], [-8572213.4995, 4695273.1664], [-8572225.9722, 4695236.404799998], [-8572249.7312, 4695091.181999996], [-8572263.6248, 4695086.4274], [-8572310.532, 4694831.8455], [-8572350.2013, 4694780.827], [-8572282.782, 4694718.534000002]]], [[[-8598836.1085, 4719513.1010000035], [-8598903.2524, 4719590.1674000025], [-8598958.0576, 4719738.822899997], [-8598957.0278, 4719790.913999997], [-8599007.9647, 4719889.023500003], [-8599022.0369, 4719998.759999998], [-8599063.2466, 4720072.549599998], [-8599074.8736, 4720136.617600001], [-8599082.7357, 4720240.525300004], [-8599103.2395, 4720265.705200002], [-8599120.1751, 4720378.401799999], [-8599112.1444, 4720443.030100003], [-8599062.6344, 4720648.746799998], [-8599085.5445, 4720597.720399998], [-8599154.3997, 4720424.351800002], [-8599232.4862, 4720320.125600003], [-8599176.7085, 4720214.4021999985], [-8598800.6469, 4719171.803599998], [-8598720.9607, 4719102.024599999], [-8598572.1937, 4719098.522600003], [-8598324.7072, 4718947.169699997], [-8598284.6171, 4718822.577399999], [-8598173.2511, 4718754.468900003], [-8597881.8969, 4718375.3244], [-8597821.168, 4718352.124700002], [-8597758.5798, 4718245.019400001], [-8597764.3352, 4718210.031099997], [-8597777.7384, 4718092.7764], [-8597798.7999, 4718077.076200001], [-8597858.1317, 4718066.262100004], [-8597900.3482, 4718024.137400001], [-8598012.5689, 4718030.068400003], [-8598049.7301, 4718068.693800002], [-8598110.2368, 4718197.483499996], [-8598160.9667, 4718257.389899999], [-8598213.9897, 4718304.015500002], [-8598231.6277, 4718290.283799998], [-8598083.4934, 4718012.336199999], [-8598535.3104, 4717626.834399998], [-8598604.9482, 4717780.616899997], [-8598612.2559, 4718280.574000001], [-8598853.4273, 4718069.690800004], [-8598861.9248, 4718079.311300002], [-8598870.7251, 4718088.6536], [-8598879.8192, 4718097.7075999975], [-8598889.1972, 4718106.465000004], [-8598898.8501, 4718114.9157000035], [-8598908.7678, 4718123.051700003], [-8598918.9401, 4718130.864200003], [-8598964.8303, 4718160.669299997], [-8598976.0475, 4718166.950099997], [-8598976.9429, 4718167.472099997], [-8598977.8197, 4718168.0254999995], [-8598978.677, 4718168.608900003], [-8598979.5132, 4718169.221900001], [-8598980.328, 4718169.863799997], [-8598981.1198, 4718170.534400001], [-8598981.8878, 4718171.231700003], [-8598982.6312, 4718171.956], [-8598983.349, 4718172.705600001], [-8598984.0403, 4718173.4794000015], [-8598984.7044, 4718174.2773], [-8598985.3401, 4718175.097999997], [-8598985.9476, 4718175.940399997], [-8598986.5251, 4718176.803400002], [-8598987.0723, 4718177.686099999], [-8598987.5882, 4718178.5869999975], [-8598988.0731, 4718179.506300002], [-8598988.5258, 4718180.441699997], [-8598988.9455, 4718181.392300002], [-8598989.3321, 4718182.356700003], [-8598989.6847, 4718183.3345], [-8598990.0035, 4718184.323700003], [-8598990.2877, 4718185.323700003], [-8598990.5365, 4718186.332800001], [-8598990.7508, 4718187.350199997], [-8598990.9296, 4718188.374399997], [-8598991.0726, 4718189.404100001], [-8598991.1796, 4718190.438100003], [-8598991.2504, 4718191.476099998], [-8598991.286, 4718192.515000001], [-8598991.2853, 4718193.554799996], [-8598991.2484, 4718194.593500003], [-8598991.1752, 4718195.631099999], [-8598991.0663, 4718196.665100001], [-8598990.9215, 4718197.694899999], [-8598990.7412, 4718198.7184000015], [-8598990.5252, 4718199.7355], [-8598990.2742, 4718200.744499996], [-8598989.9885, 4718201.743799999], [-8598969.2305, 4718269.814400002], [-8598969.4219, 4718270.6778], [-8599086.4475, 4718396.5901999995], [-8599241.3026, 4718488.285599999], [-8599242.3023, 4718488.902000003], [-8599243.2797, 4718489.552599996], [-8599244.2344, 4718490.237099998], [-8599245.1643, 4718490.954000004], [-8599246.0689, 4718491.703400001], [-8599246.9469, 4718492.4846], [-8599247.797, 4718493.295400001], [-8599248.6188, 4718494.135899998], [-8599249.4105, 4718495.004299998], [-8599250.1717, 4718495.8999999985], [-8599250.9014, 4718496.821400002], [-8599251.5988, 4718497.768799998], [-8599252.2623, 4718498.739299998], [-8599252.8922, 4718499.732500002], [-8599253.4873, 4718500.747599997], [-8599254.0464, 4718501.7826000005], [-8599254.5693, 4718502.836599998], [-8599255.0554, 4718503.908399999], [-8599255.5037, 4718504.995899998], [-8599255.9143, 4718506.099399999], [-8599256.2861, 4718507.215899996], [-8599256.6188, 4718508.344899997], [-8599256.9125, 4718509.485200003], [-8599257.1658, 4718510.634999998], [-8599257.3792, 4718511.793099999], [-8599257.5526, 4718512.957400002], [-8599257.6853, 4718514.127499998], [-8599257.7772, 4718515.301299997], [-8599257.8281, 4718516.477600001], [-8599257.8385, 4718517.655299999], [-8599257.8077, 4718518.8320999965], [-8599257.7361, 4718520.007700004], [-8599257.6237, 4718521.1796], [-8599257.4707, 4718522.347400002], [-8599257.2769, 4718523.508699998], [-8599252.8934, 4718547.269199997], [-8599252.5714, 4718549.198899999], [-8599252.3161, 4718551.139200002], [-8599252.1278, 4718553.0864999965], [-8599252.0068, 4718555.039499998], [-8599251.9532, 4718556.9956], [-8599251.9665, 4718558.952200003], [-8599252.0474, 4718560.907200001], [-8599252.1958, 4718562.858599998], [-8599252.4113, 4718564.803199999], [-8599252.6937, 4718566.739699997], [-8599253.0425, 4718568.6646], [-8599253.4573, 4718570.576499999], [-8599253.9379, 4718572.472900003], [-8599254.4831, 4718574.351400003], [-8599255.093, 4718576.209899999], [-8599255.7665, 4718578.045999996], [-8599256.5029, 4718579.8574], [-8599257.3015, 4718581.6428999975], [-8599258.1606, 4718583.399099998], [-8599259.08, 4718585.124499999], [-8599260.0581, 4718586.8169], [-8599261.094, 4718588.474399999], [-8599262.1862, 4718590.094499998], [-8599263.3337, 4718591.676299997], [-8599264.5352, 4718593.2173999995], [-8599265.7889, 4718594.7151999995], [-8599267.0933, 4718596.168899998], [-8599268.4468, 4718597.576899998], [-8599269.8486, 4718598.9362], [-8599271.2961, 4718600.246699996], [-8599272.7879, 4718601.505800001], [-8599274.3218, 4718602.711800002], [-8599275.8967, 4718603.865199998], [-8599277.5105, 4718604.961900003], [-8599279.1612, 4718606.002800003], [-8599280.8462, 4718606.9855], [-8599282.5641, 4718607.909000002], [-8599284.3132, 4718608.772399999], [-8599286.0907, 4718609.574299999], [-8599287.8947, 4718610.314300001], [-8599289.7234, 4718610.991099998], [-8599291.5739, 4718611.6039], [-8599293.4448, 4718612.1523], [-8599295.3335, 4718612.6351], [-8599297.2376, 4718613.052299999], [-8599299.1551, 4718613.402999997], [-8599301.0832, 4718613.686899997], [-8599303.0197, 4718613.903800003], [-8599304.9634, 4718614.053199999], [-8599306.9102, 4718614.135399997], [-8599308.859, 4718614.149400003], [-8599310.807, 4718614.0961000025], [-8599312.7522, 4718613.9750000015], [-8599480.6088, 4718600.600400001], [-8599484.4612, 4718600.227799997], [-8599488.298, 4718599.7250000015], [-8599492.1171, 4718599.092799999], [-8599495.9118, 4718598.330700003], [-8599499.679, 4718597.441299997], [-8599503.414, 4718596.423699997], [-8599507.1127, 4718595.280699998], [-8599510.771, 4718594.012400001], [-8599514.3847, 4718592.621299997], [-8599517.949, 4718591.1083], [-8599521.4606, 4718589.4750000015], [-8599524.9153, 4718587.723999999], [-8599528.3093, 4718585.857299998], [-8599573.3952, 4718560.043300003], [-8599579.3945, 4718556.739399999], [-8599585.4993, 4718553.636], [-8599591.7029, 4718550.7368], [-8599597.9982, 4718548.0449], [-8599604.379, 4718545.5638], [-8599610.8375, 4718543.294500001], [-8599617.3675, 4718541.2421], [-8599746.1833, 4718506.159599997], [-8599747.8768, 4718506.137599997], [-8599749.5701, 4718506.174900003], [-8599751.261, 4718506.271499999], [-8599752.9475, 4718506.427100003], [-8599754.6277, 4718506.642099999], [-8599756.2993, 4718506.915600002], [-8599757.9607, 4718507.247400001], [-8599759.6098, 4718507.6373], [-8599761.2434, 4718508.084700003], [-8599762.861, 4718508.5891999975], [-8599764.4598, 4718509.149599999], [-8599766.0384, 4718509.766199999], [-8599767.5945, 4718510.4375], [-8599769.1266, 4718511.162900001], [-8599770.6323, 4718511.941600002], [-8599772.1099, 4718512.772200003], [-8599773.5579, 4718513.6545], [-8599774.9747, 4718514.586800002], [-8599776.3579, 4718515.5682], [-8599777.7062, 4718516.597599998], [-8599779.0178, 4718517.673299998], [-8599780.2916, 4718518.794200003], [-8599781.5254, 4718519.959399998], [-8599782.718, 4718521.1669000015], [-8599783.8678, 4718522.415299997], [-8599786.3344, 4718524.7161], [-8599787.6593, 4718525.775600001], [-8599788.9465, 4718526.880999997], [-8599790.1945, 4718528.0304000005], [-8599791.402, 4718529.222900003], [-8599846.9045, 4718585.993000001], [-8599850.6572, 4718589.956299998], [-8599854.2816, 4718594.038900003], [-8599857.7738, 4718598.235699996], [-8599861.13, 4718602.5424000025], [-8599864.3472, 4718606.9553999975], [-8599867.422, 4718611.469700001], [-8599870.3515, 4718616.080200002], [-8599873.1314, 4718620.782399997], [-8599875.7605, 4718625.572400004], [-8599878.2351, 4718630.4441], [-8599880.553, 4718635.3926], [-8600006.2769, 4718915.3838], [-8600009.216, 4718921.642300002], [-8600012.3653, 4718927.7973000035], [-8600015.7213, 4718933.840300001], [-8600019.2799, 4718939.766400002], [-8600023.0372, 4718945.566600002], [-8600026.9886, 4718951.236100003], [-8600031.13, 4718956.766800001], [-8600035.4564, 4718962.1536], [-8600039.9621, 4718967.388899997], [-8600044.6428, 4718972.467500001], [-8600049.4928, 4718977.383699998], [-8600054.5063, 4718982.131099999], [-8600059.6776, 4718986.705200002], [-8600065.0011, 4718991.099299997], [-8600070.4698, 4718995.309500001], [-8600076.0784, 4718999.330799997], [-8600081.8197, 4719003.158], [-8600185.3094, 4719069.626500003], [-8600188.5105, 4719071.6831], [-8600144.3816, 4719515.857699998], [-8600139.5861, 4719552.6369], [-8600133.5801, 4719589.236400001], [-8600126.3707, 4719625.616800003], [-8600117.9652, 4719661.737199999], [-8600108.3733, 4719697.559], [-8600097.6052, 4719733.0419000015], [-8600085.6727, 4719768.148100004], [-8600072.5889, 4719802.837700002], [-8600058.3682, 4719837.073899999], [-8600014.3622, 4719938.221600004], [-8600010.2073, 4719950.797499999], [-8600006.4762, 4719963.507100001], [-8600003.174, 4719976.335000001], [-8600000.3029, 4719989.267700002], [-8599997.8674, 4720002.289999999], [-8599995.8697, 4720015.3873], [-8599994.3123, 4720028.544799998], [-8599993.1974, 4720041.747400001], [-8599992.5252, 4720054.979999997], [-8599992.2971, 4720068.228299998], [-8599987.8153, 4720109.785499997], [-8600025.4199, 4720266.9771], [-8600019.9456, 4720330.990199998], [-8600046.1102, 4720420.863799997], [-8600016.3436, 4720713.124200001], [-8600042.5563, 4720718.179399997], [-8600018.2423, 4720877.435500003], [-8600008.8134, 4720914.313199997], [-8600012.32, 4720902.152400002], [-8600016.0481, 4720890.059], [-8600016.7116, 4720889.581799999], [-8600017.3916, 4720889.127700001], [-8600018.0865, 4720888.6976], [-8600018.7957, 4720888.2914], [-8600019.5183, 4720887.910599999], [-8600020.2537, 4720887.554300003], [-8600021.0012, 4720887.224799998], [-8600021.7591, 4720886.920400001], [-8600022.5269, 4720886.642999999], [-8600023.3043, 4720886.392200001], [-8600024.0897, 4720886.168399997], [-8600024.8824, 4720885.971600004], [-8600025.681, 4720885.803199999], [-8600026.4853, 4720885.661799997], [-8600027.2938, 4720885.549099997], [-8600028.1058, 4720885.4636999965], [-8600028.9201, 4720885.407300003], [-8600029.7359, 4720885.378700003], [-8600030.5523, 4720885.378700003], [-8600031.3681, 4720885.406499997], [-8600032.1824, 4720885.4624999985], [-8600032.9946, 4720885.546800002], [-8600033.8032, 4720885.659500003], [-8600034.6076, 4720885.799900003], [-8600035.4064, 4720885.967600003], [-8600036.199, 4720886.163900003], [-8600036.9849, 4720886.3869], [-8600037.7617, 4720886.6369], [-8600038.5304, 4720886.913999997], [-8600039.2887, 4720887.217500001], [-8600040.0364, 4720887.547200002], [-8600040.7717, 4720887.9023], [-8600041.4953, 4720888.282899998], [-8600042.2046, 4720888.688000001], [-8600042.8995, 4720889.117600001], [-8600043.5797, 4720889.571599998], [-8600044.2438, 4720890.047700003], [-8600044.8909, 4720890.547700003], [-8600045.5206, 4720891.069399998], [-8600046.132, 4720891.612599999], [-8600046.7242, 4720892.176399998], [-8600047.2968, 4720892.760300003], [-8600047.8494, 4720893.364100002], [-8600048.3803, 4720893.986699998], [-8600048.8898, 4720894.627099998], [-8600049.3769, 4720895.2848000005], [-8600049.8411, 4720895.958999999], [-8600050.282, 4720896.6489999965], [-8600050.6988, 4720897.3539], [-8600051.0912, 4720898.072800003], [-8600051.4591, 4720898.804200001], [-8600051.8005, 4720899.548699997], [-8600052.117, 4720900.3046], [-8600052.4069, 4720901.070600003], [-8600052.6705, 4720901.846199997], [-8600052.9074, 4720902.630900003], [-8600053.117, 4720903.423100002], [-8600053.2996, 4720904.222099997], [-8600053.4542, 4720905.026600003], [-8600058.0252, 4720919.487899996], [-8600063.5161, 4720938.5211], [-8600057.5994, 4720882.974799998], [-8600081.5192, 4720724.1635000035], [-8600163.3247, 4720737.705700003], [-8600171.6592, 4720926.352899998], [-8600366.6806, 4720907.528499998], [-8600385.8908, 4721107.6022000015], [-8600184.0609, 4721207.050499998], [-8600447.1179, 4721576.131399997], [-8600546.0669, 4721592.240000002], [-8600538.6009, 4721629.862000003], [-8600564.9109, 4721635.125699997], [-8600547.8216, 4721672.612300001], [-8600552.3849, 4721693.768200003], [-8600554.7935, 4721695.6118], [-8600581.0447, 4721715.702500001], [-8600555.9877, 4721725.982900001], [-8600556.3696, 4721735.691600002], [-8600518.5402, 4721743.468999997], [-8600482.5616, 4721832.016599998], [-8600839.8398, 4721829.872299999], [-8601092.4077, 4722543.385600001], [-8600097.0403, 4722639.822300002], [-8599951.6751, 4722653.177500002], [-8600029.1591, 4722402.8803], [-8600072.9993, 4721901.3728], [-8599851.1341, 4721406.455200002], [-8599829.5414, 4721207.969999999], [-8599828.9382, 4721206.178999998], [-8599828.2755, 4721204.409500003], [-8599827.5529, 4721202.663800001], [-8599826.7724, 4721200.9432], [-8599825.9348, 4721199.250100002], [-8599825.0406, 4721197.586000003], [-8599824.091, 4721195.953599997], [-8599823.0868, 4721194.3544000015], [-8599822.0299, 4721192.789499998], [-8599820.9209, 4721191.2619], [-8599819.7607, 4721189.772600003], [-8599818.5515, 4721188.323700003], [-8599817.2943, 4721186.9164], [-8599815.9905, 4721185.5524], [-8599814.6416, 4721184.233599998], [-8599813.2487, 4721182.9604], [-8599811.4498, 4721181.086900003], [-8599809.7134, 4721179.1538999975], [-8599808.0418, 4721177.1646], [-8599806.4368, 4721175.120899998], [-8599804.9001, 4721173.024300002], [-8599803.4334, 4721170.878399998], [-8599802.0383, 4721168.684100002], [-8599800.7164, 4721166.445], [-8599799.4692, 4721164.1635000035], [-8599798.2981, 4721161.8413999975], [-8599797.2041, 4721159.4811], [-8599796.1882, 4721157.086300001], [-8599795.2525, 4721154.659100004], [-8599794.3972, 4721152.201800004], [-8599793.6235, 4721149.7173999995], [-8599792.9325, 4721147.2086], [-8599792.3241, 4721144.678800002], [-8599791.8, 4721142.129000001], [-8599791.3253, 4721137.3320999965], [-8599791.0144, 4721132.521200001], [-8599790.868, 4721127.7026999965], [-8599790.8862, 4721122.8816], [-8599791.0691, 4721118.064099997], [-8599791.4161, 4721113.2557], [-8599791.9273, 4721108.462200001], [-8599792.6015, 4721103.6888], [-8599792.5322, 4721100.137699999], [-8599792.3398, 4721096.5911], [-8599792.0254, 4721093.053000003], [-8599791.5887, 4721089.528399996], [-8599791.03, 4721086.021200001], [-8599790.3503, 4721082.535400003], [-8599789.5504, 4721079.075800002], [-8599788.6315, 4721075.645499997], [-8599787.5945, 4721072.249700002], [-8599786.4408, 4721068.891500004], [-8599785.1713, 4721065.576700002], [-8599783.7879, 4721062.307700001], [-8599782.2925, 4721059.088600002], [-8599780.6864, 4721055.924099997], [-8599778.9718, 4721052.817000002], [-8599777.151, 4721049.771600001], [-8599775.226, 4721046.792000003], [-8599773.1988, 4721043.880999997], [-8599771.0721, 4721041.0429000035], [-8599768.8488, 4721038.280500002], [-8599766.5308, 4721035.597099997], [-8599764.1221, 4721032.995700002], [-8599761.6242, 4721030.4804000035], [-8599759.041, 4721028.053999998], [-8599756.3761, 4721025.718900003], [-8599753.6308, 4721023.4777000025], [-8599750.8104, 4721021.3342999965], [-8599747.9173, 4721019.290299997], [-8599736.6464, 4721011.022500001], [-8599725.1247, 4721003.111000001], [-8599713.3635, 4720995.562899999], [-8599701.3742, 4720988.386100002], [-8599689.1686, 4720981.587099999], [-8599676.7581, 4720975.171999998], [-8599664.1549, 4720969.148400001], [-8599651.3715, 4720963.520199999], [-8599650.6683, 4720962.897], [-8599649.9867, 4720962.249600001], [-8599649.3277, 4720961.5792], [-8599648.6917, 4720960.887000002], [-8599648.0799, 4720960.172899999], [-8599647.4928, 4720959.438500002], [-8599646.9312, 4720958.684100002], [-8599646.3953, 4720957.9111], [-8599645.8863, 4720957.119400002], [-8599645.4044, 4720956.311499998], [-8599644.9505, 4720955.487099998], [-8599644.5252, 4720954.647600003], [-8599644.1286, 4720953.794299997], [-8599643.7613, 4720952.927299999], [-8599643.4235, 4720952.048799999], [-8599643.1162, 4720951.158699997], [-8599642.8394, 4720950.258900002], [-8599642.5933, 4720949.349799998], [-8599642.3786, 4720948.432999998], [-8599562.1113, 4720893.944399998], [-8599497.0327, 4720986.171499997], [-8599496.8847, 4720986.303300001], [-8599582.6002, 4721036.3994999975], [-8599619.9161, 4721047.0961000025], [-8599631.1568, 4721040.705700003], [-8599649.6282, 4721056.533699997], [-8599654.0324, 4721075.564900003], [-8599626.3661, 4721098.046499997], [-8599445.1978, 4721116.017300002], [-8599576.1279, 4721163.072300002], [-8599603.8371, 4721301.9705], [-8599618.1944, 4721331.151500002], [-8599565.6507, 4721505.685000002], [-8599534.3366, 4721528.7228000015], [-8599525.1746, 4721776.080600001], [-8599502.9775, 4721850.983400002], [-8599441.1204, 4721950.2793999985], [-8599349.7623, 4721769.873800002], [-8599385.5297, 4721741.859499998], [-8599372.0271, 4721701.195799999], [-8599358.5246, 4721660.532200001], [-8599345.0222, 4721619.868900001], [-8599331.5194, 4721579.205300003], [-8599318.0169, 4721538.542099997], [-8599304.5145, 4721497.879100002], [-8599291.0121, 4721457.216200002], [-8599291.0551, 4721417.157499999], [-8599291.0979, 4721377.098200001], [-8599291.1407, 4721337.0397000015], [-8599291.1835, 4721296.981200002], [-8599291.2262, 4721256.922700003], [-8599291.2688, 4721216.864299998], [-8599273.9591, 4721180.054300003], [-8599256.6495, 4721143.2443], [-8599239.3396, 4721106.434500001], [-8599222.0298, 4721069.624700002], [-8599204.7202, 4721032.814900003], [-8599174.591, 4720999.475599997], [-8599144.4623, 4720966.136500001], [-8599114.334, 4720932.7971], [-8599083.7127, 4720898.860399999], [-8599053.0918, 4720864.924000002], [-8599022.471, 4720830.987899996], [-8599000.7901, 4720797.046800002], [-8598979.1094, 4720763.106200002], [-8598957.4288, 4720729.165399998], [-8598935.7482, 4720695.224799998], [-8598917.1459, 4720658.046800002], [-8598898.5437, 4720620.869499996], [-8598879.9417, 4720583.692100003], [-8598861.3397, 4720546.515000001], [-8598858.6556, 4720501.480099998], [-8598855.9717, 4720456.446199998], [-8598853.2876, 4720411.4120000005], [-8598850.6037, 4720366.377999999], [-8598847.9196, 4720321.344499998], [-8598845.2355, 4720276.310699999], [-8598847.9487, 4720235.568000004], [-8598850.6621, 4720194.825300001], [-8598853.375, 4720154.082999997], [-8598854.7164, 4720105.114600003], [-8598856.0578, 4720056.146499999], [-8598857.3991, 4720007.178499997], [-8598858.7404, 4719958.2108], [-8598848.7392, 4719888.306100003], [-8598871.287, 4719848.005000003], [-8598893.8347, 4719807.703599997], [-8598903.2728, 4719773.123400003], [-8598896.8602, 4719724.136799999], [-8598884.7097, 4719681.929300003], [-8598872.5593, 4719639.721699998], [-8598860.409, 4719597.514300004], [-8598848.2588, 4719555.307800002], [-8598836.1085, 4719513.1010000035]]], [[[-8597907.1105, 4723822.474799998], [-8597928.8527, 4723539.1054000035], [-8597906.6285, 4723435.795900002], [-8597954.811, 4723347.322400004], [-8598070.3292, 4723238.226800002], [-8598517.6156, 4722502.900700003], [-8598537.5642, 4721826.704700001], [-8598447.1254, 4721854.3147], [-8598412.1068, 4721858.000500001], [-8598371.5981, 4721851.647100002], [-8598334.6978, 4721841.5901999995], [-8598305.9974, 4721838.408799998], [-8598275.2284, 4721846.463600002], [-8598250.7234, 4721846.070699997], [-8598225.2212, 4721831.142999999], [-8598209.633, 4721803.058399998], [-8598197.4503, 4721689.360200003], [-8598169.2688, 4721622.315700002], [-8598091.8105, 4721536.014300004], [-8598102.2056, 4721410.916500002], [-8598102.5539, 4721388.640500002], [-8598129.2628, 4721229.683600001], [-8598118.9825, 4721144.725100003], [-8598105.1018, 4721125.692000002], [-8598076.2357, 4721104.743000001], [-8598043.5212, 4721089.611900002], [-8597965.0449, 4721069.668300003], [-8597881.8055, 4721071.7949], [-8597778.9181, 4721107.728299998], [-8597722.8487, 4721148.4322], [-8597667.1557, 4721180.487099998], [-8597618.086, 4721169.605800003], [-8597579.4698, 4721111.480599999], [-8597405.1106, 4721123.692199998], [-8597331.0365, 4721112.5682], [-8597341.6783, 4721087.921999998], [-8597221.9259, 4720992.722599998], [-8597192.009, 4720896.9706000015], [-8597161.1634, 4720824.272600003], [-8597123.4, 4720756.102899998], [-8597077.0774, 4720659.053599998], [-8597061.6836, 4720541.993900001], [-8597046.2468, 4720522.271200001], [-8596979.2856, 4720477.569899999], [-8596939.9767, 4720457.932099998], [-8596868.7426, 4720386.0298999995], [-8596844.2379, 4720350.6998], [-8596803.8095, 4720259.014700003], [-8596777.4474, 4720220.742600001], [-8596738.737, 4720171.509400003], [-8596734.9905, 4720148.899099998], [-8596735.4311, 4720105.233099997], [-8596751.9355, 4720008.662699997], [-8596795.0171, 4719943.174099997], [-8596785.7067, 4719785.201899998], [-8596797.2124, 4719722.018399999], [-8596799.8891, 4719684.004699998], [-8596831.1624, 4719621.943400003], [-8596836.378, 4719545.593999997], [-8596861.5112, 4719509.2852], [-8596863.5291, 4719503.023500003], [-8596877.8288, 4719463.250200003], [-8596889.6154, 4719418.319300003], [-8596894.923, 4719383.510600001], [-8596884.8599, 4719319.556999996], [-8596884.8976, 4719302.8627], [-8596883.5841, 4719292.925899997], [-8596880.3148, 4719279.801200002], [-8596878.8513, 4719270.900200002], [-8596877.7466, 4719257.416599996], [-8596877.9589, 4719243.889200002], [-8596874.6718, 4719214.7936], [-8596870.4884, 4719185.8138], [-8596865.4123, 4719156.9782000035], [-8596843.6928, 4719123.366499998], [-8596840.6339, 4719057.469300002], [-8596805.4409, 4719048.364500001], [-8596716.6283, 4719032.544], [-8596624.6601, 4719000.268299997], [-8596627.0095, 4718983.796599999], [-8596570.5678, 4718957.9059000015], [-8596275.865, 4718681.8576000035], [-8596218.8399, 4718663.9221], [-8596192.6706, 4718655.692199998], [-8595956.8779, 4718617.549500003], [-8595829.33, 4718619.481299996], [-8595814.5417, 4718656.195200004], [-8595748.2802, 4718631.4859], [-8595749.9277, 4718627.066600002], [-8595712.8405, 4718614.455899999], [-8595709.6665, 4718623.3301], [-8595625.8115, 4718590.589500003], [-8595624.7805, 4718592.692199998], [-8595618.9204, 4718590.4048999995], [-8595551.1101, 4718584.5594], [-8595394.9525, 4718588.8565], [-8595291.8213, 4718584.550800003], [-8595139.2634, 4718622.5898], [-8594998.1066, 4718614.406800002], [-8594885.1917, 4718599.989600003], [-8594676.3751, 4718593.174500003], [-8594524.0394, 4718568.129699998], [-8594478.8488, 4718561.688900001], [-8594322.008, 4718541.380500004], [-8594218.0417, 4718522.375399999], [-8594250.3449, 4718427.361100003], [-8594096.0141, 4718305.317199998], [-8593761.2941, 4718043.292999998], [-8593576.9202, 4717903.431500003], [-8593510.8993, 4717856.738200001], [-8593477.2902, 4717834.2663], [-8593394.3386, 4717782.423699997], [-8593363.0454, 4717764.873999998], [-8593315.0102, 4717740.632100001], [-8593265.7771, 4717718.947400004], [-8593215.4813, 4717699.878899999], [-8593164.261, 4717683.4802], [-8593129.6692, 4717674.052599996], [-8593081.2032, 4717663.015900001], [-8593035.6631, 4717655.140799999], [-8593005.1022, 4717651.2245000005], [-8592974.4234, 4717648.381700002], [-8592928.2666, 4717646.137500003], [-8592899.1013, 4717645.970399998], [-8592829.1218, 4717647.957400002], [-8592794.1686, 4717649.870300002], [-8592724.3888, 4717655.531099997], [-8592683.6618, 4717659.976099998], [-8592059.6524, 4717734.549400002], [-8591937.4717, 4717783.985600002], [-8591865.8223, 4718011.925899997], [-8591859.3761, 4718032.432400003], [-8591844.9941, 4718011.438000001], [-8591914.9026, 4717789.885799997], [-8591637.8802, 4717848.902800001], [-8591523.1472, 4717792.490699999], [-8591562.435, 4717785.599299997], [-8591601.7231, 4717778.7075999975], [-8591641.0108, 4717771.816], [-8591680.2985, 4717764.924400002], [-8591719.5864, 4717758.032799996], [-8591758.8741, 4717751.140799999], [-8591750.0796, 4717700.0451000035], [-8591791.0005, 4717694.001000002], [-8591831.9218, 4717687.957000002], [-8591872.8428, 4717681.9133], [-8591913.7639, 4717675.869199999], [-8591952.5258, 4717670.1445999965], [-8591954.6841, 4717669.814300001], [-8591993.8829, 4717663.721900001], [-8592033.0822, 4717657.629500002], [-8592072.2812, 4717651.5370000005], [-8592111.4803, 4717645.444499999], [-8592150.6795, 4717639.351899996], [-8592189.8783, 4717633.259199999], [-8592229.0773, 4717627.1664], [-8592268.2761, 4717621.073600002], [-8592307.4752, 4717614.981200002], [-8592346.6739, 4717608.887999997], [-8592385.8732, 4717602.795000002], [-8592425.0717, 4717596.702399999], [-8592464.27, 4717590.609399997], [-8592503.4686, 4717584.5163], [-8592542.6676, 4717578.423199996], [-8592581.8662, 4717572.330300003], [-8592621.0648, 4717566.237000003], [-8592660.2634, 4717560.1439], [-8592699.4619, 4717554.0506], [-8592749.9137, 4717546.667000003], [-8592800.3655, 4717539.283299997], [-8592840.3127, 4717540.217600003], [-8592880.2601, 4717541.151500002], [-8592920.2074, 4717542.0852999985], [-8592960.1547, 4717543.019000001], [-8593005.8948, 4717548.133400001], [-8593051.635, 4717553.248199999], [-8593097.3749, 4717558.362499997], [-8593143.1154, 4717563.476899996], [-8593188.8556, 4717568.5911], [-8593228.714, 4717579.632200003], [-8593268.5723, 4717590.673100002], [-8593308.4309, 4717601.714100003], [-8593348.2895, 4717612.754699998], [-8593390.567, 4717628.592600003], [-8593432.8445, 4717644.430600002], [-8593481.8369, 4717674.069300003], [-8593530.8297, 4717703.7086], [-8593562.5492, 4717728.177699998], [-8593594.2689, 4717752.647100002], [-8593625.9887, 4717777.116499998], [-8593660.8501, 4717807.519500002], [-8593695.7119, 4717837.922499999], [-8593730.5736, 4717868.325999998], [-8593765.4356, 4717898.7294000015], [-8593800.2977, 4717929.132600002], [-8593837.2501, 4717955.872400001], [-8593874.2026, 4717982.612000003], [-8593911.1555, 4718009.351400003], [-8593948.1084, 4718036.091200002], [-8593983.3201, 4718063.136399999], [-8594018.5314, 4718090.181999996], [-8594053.7431, 4718117.2272000015], [-8594088.9551, 4718144.2729], [-8594121.2247, 4718156.064000003], [-8594171.6748, 4718200.140000001], [-8594223.4811, 4718241.0363000035], [-8594256.0673, 4718264.959100001], [-8594288.6533, 4718288.881700002], [-8594295.6726, 4718294.034900002], [-8594321.2399, 4718312.804700002], [-8594353.8263, 4718336.7271], [-8594386.4127, 4718360.6501], [-8594436.5901, 4718385.789099999], [-8594486.7675, 4718410.928000003], [-8594531.0135, 4718435.291299999], [-8594569.6724, 4718455.677900001], [-8594608.3315, 4718476.064499997], [-8594646.9911, 4718496.451399997], [-8594685.6497, 4718516.8379999995], [-8594724.3091, 4718537.224799998], [-8594766.8228, 4718552.717299998], [-8594809.3364, 4718568.2097999975], [-8594851.851, 4718583.702799998], [-8594894.3648, 4718599.1954], [-8594937.2065, 4718603.6765], [-8594980.0486, 4718608.157300003], [-8595022.8905, 4718612.637999997], [-8595098.985, 4718597.7124999985], [-8595144.1688, 4718572.508299999], [-8595189.3526, 4718547.304300003], [-8595234.5362, 4718522.100299999], [-8595291.507, 4718510.405299999], [-8595348.4772, 4718498.710000001], [-8595394.9941, 4718498.256999999], [-8595441.5111, 4718497.8037], [-8595488.028, 4718497.350599997], [-8595534.5451, 4718496.897200003], [-8595581.0621, 4718496.443999998], [-8595624.868, 4718492.692299999], [-8595668.6732, 4718488.940499999], [-8595674.9428, 4718490.398400001], [-8595711.5525, 4718498.9086000025], [-8595754.4323, 4718508.876000002], [-8595797.3122, 4718518.8433], [-8595840.1919, 4718528.810800001], [-8595866.033, 4718528.359300002], [-8595884.5829, 4718528.0352], [-8595928.974, 4718527.259499997], [-8596000.9219, 4718508.201399997], [-8596054.5657, 4718488.902099997], [-8596108.2091, 4718469.602399997], [-8596133.1491, 4718471.0471], [-8596198.514, 4718453.493500002], [-8596239.4592, 4718459.084200002], [-8596280.4045, 4718464.674599998], [-8596321.3499, 4718470.265299998], [-8596362.2954, 4718475.855899997], [-8596392.5223, 4718507.041100003], [-8596422.7494, 4718538.2271], [-8596452.9769, 4718569.413099997], [-8596472.8357, 4718610.611199997], [-8596492.6948, 4718651.809799999], [-8596512.5538, 4718693.008000001], [-8596532.4131, 4718734.206900001], [-8596560.9672, 4718771.134900004], [-8596589.5215, 4718808.062899999], [-8596618.0757, 4718844.990599997], [-8596646.6304, 4718881.919], [-8596689.6392, 4718912.353799999], [-8596732.6484, 4718942.7885000035], [-8596799.8524, 4718981.807499997], [-8596844.8434, 4718990.912600003], [-8596889.8349, 4719000.017700002], [-8596934.8258, 4719009.122500002], [-8596969.4397, 4719029.589000002], [-8597004.0539, 4719050.055799998], [-8597038.6678, 4719070.5222999975], [-8597073.2821, 4719090.989100002], [-8597107.8965, 4719111.455899999], [-8597142.511, 4719131.922600001], [-8597177.1255, 4719152.389300004], [-8597211.74, 4719172.855999999], [-8597246.3548, 4719193.322800003], [-8597295.3009, 4719208.214400001], [-8597344.2472, 4719223.105700001], [-8597375.6855, 4719250.505500004], [-8597407.1242, 4719277.905699998], [-8597438.5626, 4719305.306100003], [-8597502.2907, 4719343.866899997], [-8597534.0126, 4719371.773599997], [-8597565.734, 4719399.680500001], [-8597597.4559, 4719427.587300003], [-8597629.1777, 4719455.494199999], [-8597672.1902, 4719465.748400003], [-8597715.2019, 4719476.002599999], [-8597758.214, 4719486.256499998], [-8597798.506, 4719481.284599997], [-8597838.7977, 4719476.312399998], [-8597879.0896, 4719471.340400003], [-8597886.8809, 4719477.769500002], [-8597931.6812, 4719510.017999999], [-8597976.4819, 4719542.266599998], [-8598000.7758, 4719506.548299998], [-8598025.0698, 4719470.829999998], [-8598049.3636, 4719435.111599997], [-8598078.3018, 4719463.420000002], [-8598107.24, 4719491.7277000025], [-8598136.1783, 4719520.0361], [-8598165.1169, 4719548.344400004], [-8598194.0555, 4719576.652800001], [-8598222.994, 4719604.961099997], [-8598251.933, 4719633.269400001], [-8598280.8717, 4719661.578000002], [-8598309.8112, 4719689.886699997], [-8598338.7502, 4719718.195299998], [-8598367.6898, 4719746.504199997], [-8598396.629, 4719774.813100003], [-8598425.5685, 4719803.1215], [-8598454.5083, 4719831.430799998], [-8598483.4478, 4719859.7399], [-8598512.3878, 4719888.048900001], [-8598541.3278, 4719916.3583], [-8598570.268, 4719944.6674000025], [-8598599.2082, 4719972.976800002], [-8598628.1485, 4720001.286399998], [-8598657.0891, 4720029.5955], [-8598686.0299, 4720057.905199997], [-8598714.9703, 4720086.2146999985], [-8598715.4871, 4720130.3323], [-8598716.0038, 4720174.449900001], [-8598716.5207, 4720218.568099998], [-8598717.0375, 4720262.686099999], [-8598714.9868, 4720304.399099998], [-8598712.9359, 4720346.112199999], [-8598728.8745, 4720386.134300001], [-8598744.8133, 4720426.156400003], [-8598760.7521, 4720466.179300003], [-8598776.6907, 4720506.201800004], [-8598792.6298, 4720546.224699996], [-8598808.5688, 4720586.247599997], [-8598824.5078, 4720626.2711], [-8598840.4468, 4720666.294200003], [-8598864.754, 4720702.9344], [-8598889.0614, 4720739.574699998], [-8598913.3692, 4720776.2151999995], [-8598937.6768, 4720812.855700001], [-8598961.9847, 4720849.4965], [-8598982.4478, 4720889.215899996], [-8599002.9107, 4720928.935400002], [-8599023.3739, 4720968.655000001], [-8599043.8372, 4721008.375], [-8599064.3006, 4721048.0951000005], [-8599084.764, 4721087.814999998], [-8599092.9625, 4721136.952], [-8599101.1606, 4721186.089000002], [-8599109.3592, 4721235.2267], [-8599125.4145, 4721271.178800002], [-8599141.4704, 4721307.131800003], [-8599157.5261, 4721343.0842999965], [-8599173.582, 4721379.0370000005], [-8599146.391, 4721379.9551], [-8599140.6493, 4721422.762100004], [-8599118.1516, 4721415.038999997], [-8599088.7145, 4721397.258299999], [-8599056.6865, 4721377.912699997], [-8599048.8869, 4721417.087200001], [-8599041.0881, 4721456.261399999], [-8599033.2889, 4721495.435900003], [-8599025.4896, 4721534.610799998], [-8599017.6904, 4721573.7853000015], [-8599009.891, 4721612.960500002], [-8599002.092, 4721652.135499999], [-8598994.2924, 4721691.310999997], [-8598986.4933, 4721730.486299999], [-8598978.6941, 4721769.661799997], [-8598970.8946, 4721808.8376], [-8598963.0953, 4721848.013400003], [-8598955.2959, 4721887.189499997], [-8598951.3982, 4721907.078500003], [-8598944.6031, 4721941.882700004], [-8599012.8705, 4721965.600900002], [-8599014.4678, 4721913.8794], [-8599016.0654, 4721862.158699997], [-8599013.2463, 4721826.3999999985], [-8599009.3624, 4721781.997000001], [-8599005.4788, 4721737.594400004], [-8599001.5951, 4721693.191799998], [-8599042.6607, 4721717.211000003], [-8599083.7269, 4721741.229999997], [-8599124.7929, 4721765.249399997], [-8599144.0976, 4721760.8565], [-8599145.0545, 4721733.689499997], [-8599154.186, 4721705.6536], [-8599194.5409, 4721718.904799998], [-8599234.896, 4721732.156199999], [-8599223.9721, 4721771.425800003], [-8599213.0485, 4721810.695799999], [-8599167.8317, 4721760.520999998], [-8599155.5393, 4721800.217600003], [-8599143.2468, 4721839.914399996], [-8599130.9544, 4721879.611299999], [-8599118.6618, 4721919.308600001], [-8599106.3691, 4721959.005400002], [-8599095.4436, 4721994.288699999], [-8599094.0764, 4721998.703400001], [-8599081.7836, 4722038.400700003], [-8599052.0824, 4722086.262400001], [-8599033.3096, 4722122.083499998], [-8599014.5369, 4722157.905500002], [-8598995.7639, 4722193.7272000015], [-8598973.5602, 4722237.545900002], [-8598951.3567, 4722281.364600003], [-8598934.871, 4722323.458300002], [-8598918.3856, 4722365.552100003], [-8598901.8998, 4722407.646200001], [-8598885.414, 4722449.740099996], [-8598870.6027, 4722486.7711], [-8598855.7902, 4722523.802500002], [-8598840.978, 4722560.834100001], [-8598826.166, 4722597.865400001], [-8598811.3538, 4722634.8972999975], [-8598794.5974, 4722673.6511999965], [-8598777.8407, 4722712.405599996], [-8598761.0844, 4722751.159699999], [-8598744.3277, 4722789.914399996], [-8598727.571, 4722828.668700002], [-8598710.814, 4722867.423500001], [-8598690.5302, 4722903.464100003], [-8598670.2462, 4722939.504299998], [-8598649.9621, 4722975.544500001], [-8598629.6779, 4723011.5854], [-8598607.4716, 4723048.458300002], [-8598585.2652, 4723085.331500001], [-8598563.0588, 4723122.204800002], [-8598540.8521, 4723159.078500003], [-8598518.6454, 4723195.951800004], [-8598496.4387, 4723232.825800002], [-8598474.2317, 4723269.6998], [-8598452.0249, 4723306.573700003], [-8598429.8179, 4723343.448100001], [-8598407.6108, 4723380.322700001], [-8598378.9222, 4723425.310400002], [-8598350.2333, 4723470.298799999], [-8598320.8221, 4723510.289499998], [-8598299.7221, 4723546.772399999], [-8598278.6218, 4723583.255000003], [-8598257.5217, 4723619.738200001], [-8598236.4217, 4723656.2211000025], [-8598217.5619, 4723698.466600001], [-8598198.7019, 4723740.711800002], [-8598179.8418, 4723782.9570999965], [-8597907.1105, 4723822.474799998]]], [[[-8591376.4319, 4717109.632100001], [-8591376.884, 4717108.882799998], [-8591377.8546, 4717108.5874999985], [-8591378.8164, 4717108.292000003], [-8591380.1678, 4717108.257200003], [-8591383.4815, 4717108.178599998], [-8591391.5107, 4717107.989], [-8591394.6476, 4717107.244900003], [-8591396.7721, 4717106.4837], [-8591398.3826, 4717105.925899997], [-8591400.4481, 4717104.423900001], [-8591400.8524, 4717103.3803], [-8591400.8558, 4717103.371200003], [-8591400.8823, 4717103.303000003], [-8591400.9233, 4717103.192400001], [-8591401.3641, 4717102.0173999965], [-8591401.9608, 4717098.437399998], [-8591402.1106, 4717094.702299997], [-8591402.0948, 4717094.702], [-8591402.0354, 4717094.700999998], [-8591387.6754, 4717094.559], [-8591387.141, 4717094.5537], [-8591386.9842, 4717094.5559], [-8591385.4633, 4717094.622100003], [-8591381.4522, 4717094.798100002], [-8591369.8635, 4717095.299400002], [-8591369.8559, 4717095.300700001], [-8591369.8491, 4717095.301899999], [-8591369.8012, 4717095.310099997], [-8591369.3816, 4717095.381800003], [-8591366.1463, 4717095.934100002], [-8591365.8708, 4717095.981200002], [-8591356.0763, 4717098.075999998], [-8591354.8227, 4717098.347900003], [-8591352.2472, 4717098.916699998], [-8591350.4602, 4717099.334700003], [-8591338.8049, 4717100.531800002], [-8591335.3856, 4717100.375600003], [-8591332.8459, 4717099.933300003], [-8591329.9437, 4717098.694499999], [-8591326.7187, 4717096.792300001], [-8591326.7097, 4717096.793300003], [-8591326.645, 4717096.800899997], [-8591326.3926, 4717096.830799997], [-8591326.13, 4717096.862300001], [-8591325.3066, 4717096.953900002], [-8591313.009, 4717098.412900001], [-8591306.7656, 4717099.2070999965], [-8591283.1483, 4717102.671499997], [-8591280.7026, 4717103.030299999], [-8591279.0782, 4717103.234700002], [-8591263.4193, 4717104.853699997], [-8591261.6287, 4717107.838600002], [-8591260.1351, 4717109.780100003], [-8591259.7563, 4717110.0832], [-8591259.3871, 4717110.3772], [-8591258.196, 4717110.526000001], [-8591254.6041, 4717110.088799998], [-8591252.0684, 4717109.479999997], [-8591246.5411, 4717107.535700001], [-8591242.7962, 4717106.7905], [-8591240.2549, 4717107.093900003], [-8591236.6933, 4717110.233999997], [-8591233.8643, 4717110.6721], [-8591231.181, 4717110.373000003], [-8591225.7877, 4717107.9921], [-8591219.0769, 4717108.275899999], [-8591218.102, 4717108.391999997], [-8591217.1369, 4717108.490099996], [-8591220.0554, 4717102.290799998], [-8591077.5037, 4717104.255099997], [-8590777.3282, 4717014.758199997], [-8590646.4459, 4716952.233999997], [-8590476.8654, 4716931.417599998], [-8590390.4854, 4716940.6457], [-8590345.1436, 4716948.3500000015], [-8590084.9094, 4717067.002899997], [-8589889.2896, 4717074.450099997], [-8589508.1422, 4716873.127999999], [-8589291.0787, 4716793.807499997], [-8589123.2677, 4716780.300499998], [-8589074.3963, 4716760.091700003], [-8588997.9232, 4716794.092500001], [-8588886.1405, 4716781.217699997], [-8588818.6845, 4716771.467600003], [-8588725.5438, 4716778.169], [-8588627.9994, 4716762.604699999], [-8588572.2156, 4716772.853799999], [-8588515.5419, 4716762.575999998], [-8588394.5533, 4716755.928499997], [-8588309.9576, 4716712.178099997], [-8588255.9034, 4716699.344899997], [-8588205.0307, 4716681.359999999], [-8588065.6687, 4716621.343900003], [-8587996.243, 4716593.205899999], [-8587934.7945, 4716531.9701000005], [-8587844.4319, 4716457.387599997], [-8587760.7707, 4716407.207500003], [-8587700.7224, 4716335.648900002], [-8587642.2059, 4716256.292499997], [-8587593.6221, 4716206.0788], [-8587539.5157, 4716129.875699997], [-8587545.3016, 4716122.438900001], [-8587461.6439, 4716020.894400001], [-8587403.7749, 4715934.269400001], [-8587346.3773, 4715841.982699998], [-8587288.1364, 4715748.934100002], [-8587225.1067, 4715687.225599997], [-8587076.1638, 4715558.886600003], [-8586994.6156, 4715433.7836000025], [-8586911.467, 4715361.8138], [-8586822.2041, 4715261.270400003], [-8586774.3086, 4715182.806100003], [-8586645.8237, 4715013.762699999], [-8586568.635, 4714854.363200001], [-8586566.8473, 4714849.742899999], [-8586785.9803, 4714582.687299997], [-8586757.7196, 4714002.550700001], [-8586744.6381, 4713835.1787], [-8586736.8134, 4713791.174500003], [-8586437.4428, 4713402.068700001], [-8586450.2202, 4713387.582400002], [-8586352.8421, 4713299.179099999], [-8586414.2554, 4713216.920500003], [-8586281.9198, 4713000.875100002], [-8586192.4181, 4713127.4548999965], [-8586177.4859, 4713117.619900003], [-8586153.6862, 4713149.022699997], [-8586134.3478, 4713164.094700001], [-8586105.6777, 4713225.282700002], [-8586068.3766, 4713233.3631], [-8585911.8006, 4713291.279799998], [-8585894.7026, 4713262.846500002], [-8585863.8382, 4713201.723399997], [-8585861.8975, 4713200.167599998], [-8585860.4898, 4713199.039399996], [-8585860.4738, 4713199.026600003], [-8585857.3587, 4713196.529299997], [-8585840.9552, 4713183.380500004], [-8585826.7877, 4713172.023500003], [-8585799.3445, 4713150.025200002], [-8585645.5556, 4713020.8596], [-8585616.419, 4713048.545900002], [-8585388.3313, 4712767.379600003], [-8585736.0137, 4712552.296800002], [-8585754.8223, 4712540.661200002], [-8585874.7558, 4712595.2739999965], [-8585876.6165, 4712591.817100003], [-8585998.011, 4712666.094499998], [-8586225.0192, 4712807.6391], [-8586273.9383, 4712834.160099998], [-8586342.239, 4712889.406000003], [-8586340.6706, 4712894.009900004], [-8586617.6778, 4713062.315399997], [-8586622.8798, 4713053.696999997], [-8586694.2282, 4713097.053300001], [-8586711.3281, 4713107.436099999], [-8586600.4493, 4713227.954000004], [-8586719.5747, 4713428.773699999], [-8586808.6079, 4713568.185699999], [-8586829.3613, 4713600.690700002], [-8586916.8878, 4713840.5293999985], [-8586946.1493, 4714057.180200003], [-8586968.1131, 4714355.385300003], [-8586956.8716, 4714370.004600003], [-8586967.063, 4714503.784400001], [-8586969.4597, 4714535.184500001], [-8586969.5971, 4714560.9067], [-8586980.162, 4714540.6445999965], [-8587044.0946, 4714551.866700001], [-8587083.8202, 4714547.276100002], [-8587176.5428, 4714519.558700003], [-8587199.2042, 4714498.7238000035], [-8587102.3364, 4714659.843900003], [-8587158.1451, 4715142.0779], [-8587546.9664, 4715488.921099998], [-8587547.2449, 4715488.991099998], [-8587555.7995, 4715490.8451000005], [-8587568.5162, 4715503.9899], [-8587720.955, 4715506.251000002], [-8587853.1611, 4715507.2858000025], [-8587822.6486, 4715545.3336], [-8587825.3069, 4715559.741700001], [-8587797.9231, 4715597.022399999], [-8587815.2963, 4715602.670999996], [-8588031.7932, 4715668.047499999], [-8588330.7301, 4715758.662600003], [-8588344.4459, 4715762.819899999], [-8588346.3183, 4715763.387400001], [-8588346.3262, 4715763.362499997], [-8588346.3682, 4715763.231600001], [-8588346.4328, 4715763.0298999995], [-8588347.3824, 4715760.066100001], [-8588349.0508, 4715754.8587], [-8588351.0926, 4715748.486199997], [-8588351.2128, 4715748.110600002], [-8588353.0989, 4715742.224200003], [-8588354.2744, 4715738.5546], [-8588355.3792, 4715735.1065], [-8588360.8988, 4715717.878200002], [-8588361.2517, 4715716.776900001], [-8588361.5343, 4715715.8950999975], [-8588365.8495, 4715702.425999999], [-8588479.3537, 4715348.145400003], [-8588480.9254, 4715343.239799999], [-8588482.2905, 4715338.9793], [-8588481.2953, 4715335.5612], [-8588463.6454, 4715274.944700003], [-8588486.6989, 4715221.484099999], [-8588487.7917, 4715221.839500003], [-8588490.86, 4715208.949600004], [-8588505.1613, 4715148.879900001], [-8588516.6922, 4715062.364799999], [-8588517.9324, 4715018.398500003], [-8588519.2487, 4714971.739100002], [-8588516.1992, 4714933.867399998], [-8588515.0186, 4714919.2129999995], [-8588514.1508, 4714908.435500003], [-8588513.8242, 4714904.377899997], [-8588512.4706, 4714887.5704], [-8588509.0657, 4714871.676899999], [-8588506.1324, 4714857.984099999], [-8588503.2443, 4714844.502999999], [-8588502.272, 4714839.9617], [-8588501.4319, 4714836.0424000025], [-8588498.3042, 4714821.442400001], [-8588497.1043, 4714818.142499998], [-8588494.1856, 4714810.1162], [-8588487.1507, 4714790.770999998], [-8588480.3574, 4714772.089500003], [-8588473.8959, 4714754.319799997], [-8588461.83, 4714731.7421], [-8588460.4123, 4714729.089299999], [-8588458.6214, 4714725.738600001], [-8588456.1218, 4714721.061399996], [-8588453.6748, 4714716.4824], [-8588435.1294, 4714682.277800001], [-8588418.8994, 4714655.359700002], [-8588405.3335, 4714632.859300002], [-8588395.7591, 4714616.9799000025], [-8588378.0119, 4714587.545599997], [-8588375.0382, 4714582.612999998], [-8588371.2502, 4714573.913599998], [-8588368.7894, 4714568.262199998], [-8588368.7785, 4714568.237000003], [-8588341.6017, 4714505.676600002], [-8588320.5105, 4714427.982299998], [-8588316.8874, 4714398.751100004], [-8588313.3046, 4714372.354000002], [-8588309.8334, 4714346.780299999], [-8588309.6113, 4714273.370099999], [-8588317.8769, 4714202.678099997], [-8588337.2654, 4714125.261100002], [-8588363.3182, 4714058.622199997], [-8588399.2083, 4713991.1316], [-8588446.789, 4713913.493500002], [-8588470.9737, 4713858.375200003], [-8588477.4278, 4713839.002499998], [-8588477.6025, 4713838.477899998], [-8588478.0519, 4713837.128399998], [-8588503.5058, 4713844.3178], [-8588966.9733, 4713975.206200004], [-8589057.0501, 4714000.642800003], [-8588983.1764, 4714304.241800003], [-8588972.7976, 4714346.894500002], [-8589093.5415, 4714378.581600003], [-8589147.8988, 4714392.846299998], [-8589182.1556, 4714401.0370000005], [-8589207.399, 4714407.033200003], [-8589250.2616, 4714417.215000004], [-8589252.442, 4714417.732900001], [-8589241.4696, 4714462.097599998], [-8589222.9583, 4714536.942599997], [-8589210.2573, 4714588.294500001], [-8589181.2072, 4714705.748300001], [-8589130.4952, 4714911.0022], [-8589042.8696, 4715265.931699999], [-8589042.3633, 4715267.951899998], [-8589051.8606, 4715284.470200002], [-8589063.1039, 4715304.025399998], [-8589073.8518, 4715322.718999997], [-8589075.2372, 4715325.128399998], [-8589077.0851, 4715328.3429000005], [-8589092.3611, 4715321.348399997], [-8589117.3361, 4715309.912600003], [-8589190.5873, 4715347.4597999975], [-8589259.1835, 4715345.2223000005], [-8589246.7301, 4715260.221699998], [-8589356.3941, 4715287.956200004], [-8589433.3828, 4715218.670000002], [-8589440.697, 4715210.5907000005], [-8589492.9495, 4715164.204099998], [-8589635.2916, 4715138.824699998], [-8589695.2331, 4715009.692299999], [-8589711.5171, 4714995.895999998], [-8589793.1029, 4714986.316200003], [-8589725.9611, 4715034.345799997], [-8589730.3462, 4715061.507200003], [-8589735.8831, 4715095.7984], [-8589805.6968, 4715111.3671], [-8589832.5904, 4715117.364500001], [-8589835.7809, 4715151.464100003], [-8589844.8717, 4715187.064800002], [-8589907.7117, 4715191.106700003], [-8589953.6784, 4715212.3222], [-8589990.4598, 4715155.243000001], [-8590013.8465, 4715128.5317], [-8590050.9248, 4715138.878300004], [-8590069.9978, 4715144.200400002], [-8590110.6015, 4715122.946900003], [-8590115.286, 4715067.075199999], [-8590118.0254, 4715067.113700002], [-8590120.7658, 4715067.121799998], [-8590123.8852, 4715067.076800004], [-8590127.0038, 4715066.989500001], [-8590130.1208, 4715066.860299997], [-8590133.2361, 4715066.688100003], [-8590128.7565, 4715131.392800003], [-8590120.7651, 4715136.113799997], [-8590106.4229, 4715144.5876], [-8590061.1958, 4715171.308799997], [-8590023.2075, 4715209.406400003], [-8589995.6799, 4715258.586099997], [-8589925.454, 4715300.538099997], [-8589921.8109, 4715311.8539], [-8589915.1694, 4715332.486100003], [-8589937.4362, 4715374.283399999], [-8589938.2136, 4715413.772500001], [-8589917.4581, 4715446.899599999], [-8589983.5641, 4715489.071000002], [-8589981.511, 4715492.305299997], [-8589915.3858, 4715450.2070999965], [-8589896.184, 4715480.8539], [-8589894.0456, 4715484.266900003], [-8589874.5423, 4715515.395800002], [-8589849.6764, 4715513.672499999], [-8589818.234, 4715511.493000001], [-8589789.6395, 4715482.0123], [-8589760.2537, 4715470.580899999], [-8589697.0128, 4715459.372299999], [-8589665.7816, 4715482.6472999975], [-8589630.8819, 4715508.657300003], [-8589571.1683, 4715479.3587], [-8589501.2499, 4715445.052500002], [-8589469.1742, 4715429.314099997], [-8589388.003, 4715389.4855], [-8589377.5739, 4715384.368100002], [-8589376.3315, 4715383.419399999], [-8589323.3122, 4715462.250799999], [-8589408.8216, 4715537.603600003], [-8589393.8547, 4715584.794], [-8589390.8902, 4715594.141500004], [-8589291.013, 4715565.0385000035], [-8589289.4487, 4715564.5825999975], [-8589250.2846, 4715622.715400003], [-8589255.2831, 4715670.832699999], [-8589249.3424, 4715705.809500001], [-8589228.5404, 4715750.4309], [-8589214.3519, 4715780.865900002], [-8589211.9991, 4715785.912799999], [-8589287.6299, 4715842.4582], [-8589378.8413, 4715824.119999997], [-8589440.4945, 4715867.211800002], [-8589418.3549, 4715982.505999997], [-8589415.277, 4716053.0594], [-8589377.8015, 4716065.086800002], [-8589355.0061, 4716072.4026999995], [-8589354.299, 4716078.362000003], [-8589347.6913, 4716080.482199997], [-8589337.996, 4716162.1457], [-8589335.0999, 4716217.596900001], [-8589334.1634, 4716229.200099997], [-8589333.5257, 4716240.823399998], [-8589333.1876, 4716252.459399998], [-8589333.1284, 4716260.219800003], [-8589333.0465, 4716268.623199999], [-8589333.2561, 4716277.025300004], [-8589333.7576, 4716285.4146], [-8589334.5494, 4716293.781300001], [-8589335.6306, 4716302.1149], [-8589337.0006, 4716310.406300001], [-8589338.6568, 4716318.644100003], [-8589340.5985, 4716326.819499999], [-8589342.822, 4716334.9221], [-8589345.3247, 4716342.941699997], [-8589348.1044, 4716350.869000003], [-8589351.1574, 4716358.6941], [-8589354.4801, 4716366.407799996], [-8589358.0681, 4716374.001400001], [-8589361.917, 4716381.464100003], [-8589366.0229, 4716388.7883], [-8589370.3803, 4716395.9639], [-8589374.9836, 4716402.9833], [-8589379.8279, 4716409.8369999975], [-8589384.9067, 4716416.5176], [-8589390.2142, 4716423.016400002], [-8589395.7438, 4716429.325599998], [-8589401.4894, 4716435.438100003], [-8589407.4426, 4716441.345700003], [-8589413.5976, 4716447.041599996], [-8589419.9462, 4716452.518799998], [-8589426.4809, 4716457.7705999985], [-8589433.1942, 4716462.790899999], [-8589440.0772, 4716467.5735], [-8589447.1215, 4716472.112199999], [-8589461.6615, 4716480.437899999], [-8589753.7291, 4716207.784999996], [-8589856.3465, 4716111.985200003], [-8589868.5291, 4716100.6118], [-8589871.4699, 4716097.866499998], [-8589873.046, 4716096.394900002], [-8589873.05, 4716096.391199999], [-8589873.3812, 4716098.501699999], [-8589877.6482, 4716125.694600001], [-8589878.3827, 4716130.374200001], [-8589921.438, 4716177.990099996], [-8589954.1892, 4716214.210199997], [-8589982.429, 4716245.440899998], [-8590041.0463, 4716310.265000001], [-8590050.9656, 4716321.235299997], [-8590062.8694, 4716427.493699998], [-8590064.0831, 4716438.326899998], [-8590065.2818, 4716449.025600001], [-8590064.9786, 4716456.1686], [-8590140.8541, 4716446.821400002], [-8590328.8847, 4716422.548199996], [-8590470.1579, 4716409.9848000035], [-8590657.3289, 4716395.292099997], [-8590782.7424, 4716045.168399997], [-8590809.7742, 4716071.294200003], [-8590927.8145, 4716060.6435], [-8590935.5658, 4716052.333800003], [-8590994.0029, 4716061.773599997], [-8591029.2898, 4716055.0792], [-8591046.2478, 4716047.848999999], [-8591109.2172, 4715997.639200002], [-8591146.7686, 4715949.197099999], [-8591148.118, 4716000.525600001], [-8591001.5792, 4716327.424800001], [-8591230.1807, 4716448.669], [-8591417.9361, 4716380.447300002], [-8591591.4432, 4716345.367700003], [-8591724.1253, 4716324.511699997], [-8591824.1936, 4716320.661799997], [-8591501.6283, 4716550.187799998], [-8591554.3361, 4716544.085500002], [-8591672.8763, 4716557.9978], [-8591676.2341, 4716587.014700003], [-8591661.5942, 4716669.379900001], [-8591586.5382, 4716873.320500001], [-8591585.199, 4716876.8596], [-8591583.8976, 4716880.4130000025], [-8591582.6332, 4716883.979500003], [-8591581.4061, 4716887.5594], [-8591580.2163, 4716891.1521999985], [-8591579.0644, 4716894.756700002], [-8591577.9503, 4716898.3737], [-8591576.8741, 4716902.002300002], [-8591575.836, 4716905.641500004], [-8591574.8353, 4716909.292199999], [-8591573.8741, 4716912.952600002], [-8591572.9506, 4716916.623099998], [-8591572.0652, 4716920.303499997], [-8591571.2189, 4716923.992799997], [-8591570.411, 4716927.690700002], [-8591569.6422, 4716931.397200003], [-8591568.912, 4716935.111299999], [-8591568.2203, 4716938.8330999985], [-8591567.5679, 4716942.5616], [-8591566.9544, 4716946.297200002], [-8591566.3804, 4716950.0392], [-8591565.8451, 4716953.786799997], [-8591565.3491, 4716957.539899997], [-8591564.8928, 4716961.298100002], [-8591564.4756, 4716965.060599998], [-8591553.0102, 4717046.785700001], [-8591553.002, 4717046.843099996], [-8591552.604, 4717049.681500003], [-8591547.0766, 4717089.078500003], [-8591543.266, 4717125.261699997], [-8591543.2565, 4717125.356399998], [-8591543.2473, 4717125.353399999], [-8591543.1629, 4717125.324699998], [-8591542.8316, 4717125.212399997], [-8591542.6564, 4717125.153300002], [-8591541.8667, 4717124.886500001], [-8591537.9101, 4717123.546700001], [-8591537.5095, 4717123.441399999], [-8591531.6528, 4717122.262699999], [-8591525.3933, 4717120.953100003], [-8591520.227, 4717120.117799997], [-8591513.6842, 4717119.023100004], [-8591493.5235, 4717117.092799999], [-8591465.9965, 4717112.209100001], [-8591455.9889, 4717110.928300001], [-8591449.6589, 4717110.658699997], [-8591446.4113, 4717110.983199999], [-8591443.8168, 4717111.746100001], [-8591440.8577, 4717113.390299998], [-8591437.3449, 4717116.0261999965], [-8591435.4254, 4717118.439900003], [-8591431.4852, 4717128.8961], [-8591430.2383, 4717130.269199997], [-8591428.2139, 4717130.677100003], [-8591427.0657, 4717130.6608000025], [-8591424.7265, 4717130.094899997], [-8591422.9011, 4717129.2870000005], [-8591420.436, 4717127.521700002], [-8591415.4282, 4717119.561700001], [-8591412.678, 4717116.1570999995], [-8591410.2912, 4717114.233900003], [-8591408.3559, 4717113.505800001], [-8591403.4116, 4717112.2946000025], [-8591398.653, 4717111.873300001], [-8591395.6724, 4717111.750100002], [-8591383.3925, 4717111.279100001], [-8591378.3748, 4717110.825499997], [-8591376.5819, 4717110.228], [-8591376.4319, 4717109.632100001]]], [[[-8576529.2888, 4703713.300700001], [-8576490.7193, 4703681.413599998], [-8576490.5986, 4703681.523500003], [-8576469.0442, 4703663.5163], [-8576467.6579, 4703662.347900003], [-8576424.0523, 4703619.9673999995], [-8576337.5325, 4703505.888999999], [-8576322.621, 4703492.688500002], [-8576307.0706, 4703474.460900001], [-8576228.686, 4703372.185199998], [-8576160.8789, 4703301.280500002], [-8576125.3579, 4703267.5424000025], [-8576114.8245, 4703274.279200003], [-8576033.5397, 4703326.263499998], [-8576027.7166, 4703336.487400003], [-8576013.1254, 4703328.299400002], [-8575967.1175, 4703277.993299998], [-8575832.8072, 4703021.989500001], [-8575797.1389, 4702941.8374999985], [-8575749.0983, 4702751.301899999], [-8575671.7612, 4702591.5537], [-8575664.5521, 4702438.869099997], [-8575690.4946, 4702292.2126], [-8575807.2906, 4702491.937100001], [-8575813.7502, 4702483.554099999], [-8575801.2583, 4702389.550399996], [-8575700.3169, 4702152.372699998], [-8576356.1778, 4702144.168700002], [-8576435.3913, 4702053.290899999], [-8576460.679, 4702023.477300003], [-8576485.1588, 4701992.991999999], [-8576508.8129, 4701961.857199997], [-8576531.6243, 4701930.0940999985], [-8576553.5764, 4701897.7267], [-8576574.6534, 4701864.778099999], [-8576593.6838, 4701833.304300003], [-8576611.9635, 4701801.385799997], [-8576629.4822, 4701769.0397000015], [-8576646.2303, 4701736.284999996], [-8576662.1981, 4701703.139799997], [-8576677.3765, 4701669.6228], [-8576691.7572, 4701635.752700001], [-8576705.3316, 4701601.5493], [-8576707.7747, 4701583.4855], [-8576709.677, 4701565.355899997], [-8576711.234, 4701537.7114999965], [-8576711.3196, 4701523.865599997], [-8576710.1054, 4701496.2042], [-8576707.0488, 4701468.686800003], [-8576704.8337, 4701455.020300001], [-8576699.042, 4701427.949699998], [-8576695.4721, 4701414.575499997], [-8576743.9951, 4701399.409900002], [-8576750.7021, 4701362.857799999], [-8576758.5566, 4701307.677900001], [-8576762.6058, 4701276.721600004], [-8576766.4878, 4701215.122599997], [-8576767.6565, 4701177.974699996], [-8576734.3202, 4701138.551700003], [-8576744.1929, 4700839.7667], [-8576748.5357, 4700768.818099998], [-8576754.93, 4700698.026600003], [-8576758.8947, 4700662.7086], [-8576768.3554, 4700592.264899999], [-8576811.1731, 4700546.4903], [-8576821.0389, 4700531.057099998], [-8576856.3686, 4700352.610600002], [-8576883.7714, 4700317.098399997], [-8576871.9924, 4700213.992700003], [-8576936.1056, 4699842.865400001], [-8576941.6045, 4699811.0326000005], [-8576941.6388, 4699810.834399998], [-8576946.8194, 4699780.844400004], [-8576965.8142, 4699760.4428], [-8576982.7376, 4699738.2782000005], [-8576992.7885, 4699722.626800001], [-8577005.9107, 4699698.002300002], [-8577016.5795, 4699672.210199997], [-8576997.7813, 4699648.475100003], [-8576996.927, 4699646.346699998], [-8576997.0882, 4699644.057499997], [-8576998.4832, 4699641.818800002], [-8577015.8864, 4699627.211199999], [-8577023.5743, 4699618.157899998], [-8577027.4206, 4699612.147500001], [-8577031.5718, 4699603.5867], [-8577035.5605, 4699589.889899999], [-8577037.6593, 4699567.5222999975], [-8577039.7088, 4699533.533399999], [-8577040.7108, 4699499.496799998], [-8577030.9412, 4699499.358400002], [-8577028.5965, 4699460.258100003], [-8577025.0569, 4699421.248999998], [-8577020.3261, 4699382.367600001], [-8577014.4087, 4699343.6504999995], [-8577007.31, 4699305.134400003], [-8576999.0364, 4699266.855599999], [-8576989.5967, 4699228.849799998], [-8576978.9989, 4699191.152999997], [-8576967.2535, 4699153.801299997], [-8576954.3711, 4699116.8292], [-8576940.3648, 4699080.271899998], [-8576925.2466, 4699044.163800001], [-8576909.0311, 4699008.539300002], [-8576888.1674, 4698968.7751], [-8576896.8956, 4698963.682800002], [-8576884.5382, 4698942.322499998], [-8576764.6727, 4698934.370099999], [-8576760.8395, 4698907.916599996], [-8576771.4679, 4698879.633299999], [-8576775.3108, 4698810.236699998], [-8576734.4808, 4698707.022], [-8576696.9427, 4698641.455200002], [-8576645.9279, 4698604.535499997], [-8576627.8454, 4698579.165100001], [-8576627.6794, 4698480.971600004], [-8576611.1012, 4698405.465899996], [-8575590.3144, 4698101.618500002], [-8575868.1392, 4697160.7277000025], [-8575867.7653, 4697127.152400002], [-8575876.2302, 4697078.793499999], [-8575909.4935, 4697002.021399997], [-8575919.4113, 4696968.041000001], [-8575920.0396, 4696928.418399997], [-8575906.2118, 4696888.568700001], [-8575909.1716, 4696849.768600002], [-8575929.3816, 4696733.5462], [-8575933.1349, 4696693.974299997], [-8575947.7194, 4696587.477499999], [-8575956.5525, 4696547.987400003], [-8575967.6787, 4696511.673900001], [-8576011.2205, 4696457.879100002], [-8576174.7622, 4696386.153099999], [-8576414.9963, 4696365.959100001], [-8576415.8307, 4696356.836300001], [-8576433.8458, 4696217.4868], [-8576429.3481, 4696162.445699997], [-8576442.2983, 4696161.378399998], [-8576458.8256, 4696016.679099999], [-8576462.995, 4695955.102899998], [-8576479.5641, 4695809.243500002], [-8576499.8518, 4695630.4548999965], [-8576512.626, 4695518.599799998], [-8576474.9659, 4695511.655699998], [-8576495.9111, 4695397.055699997], [-8576549.0485, 4695406.700499997], [-8576550.0697, 4695398.2146999985], [-8576496.2421, 4695388.459200002], [-8576508.6071, 4695320.820100002], [-8576552.9263, 4695328.033299997], [-8576674.0122, 4694609.005900003], [-8577093.9895, 4692127.998300001], [-8577103.351, 4692069.7522], [-8577107.9424, 4692066.409599997], [-8577123.6065, 4692008.5876], [-8577133.489, 4691983.360100001], [-8577144.8106, 4691947.121399999], [-8577156.9823, 4691911.161499999], [-8577169.9976, 4691875.5013], [-8577183.8492, 4691840.159900002], [-8577198.5294, 4691805.158], [-8577212.3595, 4691779.288400002], [-8577253.802, 4691705.117700003], [-8577292.6289, 4691639.574199997], [-8577322.3702, 4691589.367600001], [-8577315.3057, 4691584.159999996], [-8577313.4046, 4691581.433899999], [-8577311.7933, 4691577.540899999], [-8577311.6576, 4691572.9103000015], [-8577329.1328, 4691528.960100003], [-8577333.168, 4691516.072700001], [-8577335.158, 4691507.289099999], [-8577335.5162, 4691485.946099997], [-8577336.1886, 4691478.936800003], [-8577338.1779, 4691469.765500002], [-8577341.3812, 4691460.947899997], [-8577344.5461, 4691454.663800001], [-8577352.461, 4691442.622500002], [-8577366.8343, 4691425.382100001], [-8577377.1161, 4691416.781099997], [-8577392.4301, 4691407.991400003], [-8577399.4268, 4691403.1263], [-8577407.1212, 4691395.758500002], [-8577413.4344, 4691387.167800002], [-8577416.0171, 4691379.145000003], [-8577416.6476, 4691370.737899996], [-8577415.8789, 4691364.7579], [-8577412.7883, 4691353.849399999], [-8577412.1876, 4691344.758400001], [-8577413.4202, 4691337.0427], [-8577415.6433, 4691330.921499997], [-8577421.279, 4691322.189599998], [-8577440.6539, 4691303.543899998], [-8577451.9545, 4691289.775899999], [-8577467.8478, 4691257.092500001], [-8577486.276, 4691223.701300003], [-8577537.5432, 4691136.031999998], [-8577562.574, 4691089.935400002], [-8577564.3608, 4691080.679700002], [-8577564.5577, 4691071.252999999], [-8577565.6752, 4691061.120200001], [-8577567.8007, 4691051.1516999975], [-8577570.9123, 4691041.447300002], [-8577576.5391, 4691029.089299999], [-8577590.5473, 4690969.859499998], [-8577591.1852, 4690959.753700003], [-8577586.0035, 4690944.236699998], [-8577589.9169, 4690921.9553999975], [-8577595.5553, 4690903.2764], [-8577619.1338, 4690886.8992], [-8577619.82, 4690833.056900002], [-8577619.5319, 4690794.6228], [-8577633.0991, 4690775.3955999985], [-8577626.918, 4690765.588600002], [-8577625.6496, 4690761.414999999], [-8577625.2568, 4690757.069399998], [-8577626.8399, 4690749.263400003], [-8577633.6695, 4690738.022399999], [-8577636.8839, 4690729.806100003], [-8577638.4118, 4690719.629000001], [-8577637.7517, 4690710.826200001], [-8577635.8297, 4690703.7238000035], [-8577632.7195, 4690697.058600001], [-8577609.3523, 4690668.252099998], [-8577607.6706, 4690656.218000002], [-8577595.8117, 4690640.642200001], [-8577558.6168, 4690600.4103000015], [-8577549.4665, 4690588.676799998], [-8577541.7122, 4690573.856200002], [-8577538.5165, 4690565.703400001], [-8577523.9736, 4690534.994599998], [-8577518.9035, 4690515.636], [-8577501.3904, 4690480.590499997], [-8577480.0109, 4690447.7815999985], [-8577463.2062, 4690429.064499997], [-8577440.9582, 4690408.1932], [-8577411.367, 4690393.8631], [-8577404.6375, 4690382.449000001], [-8577413.2848, 4690364.347999997], [-8577405.4936, 4690351.0929000005], [-8577389.7991, 4690354.857000001], [-8577379.2577, 4690333.2776999995], [-8577387.3954, 4690317.7751], [-8577379.6443, 4690301.967500001], [-8577373.0954, 4690302.228600003], [-8577362.9224, 4690301.7026999965], [-8577350.3745, 4690289.835199997], [-8577317.8806, 4690259.949600004], [-8577245.161, 4690216.452500001], [-8577235.7461, 4690199.274400003], [-8577221.7718, 4690181.307800002], [-8577206.0084, 4690168.109300002], [-8577178.5395, 4690151.3961], [-8577156.2291, 4690115.409999996], [-8577145.2205, 4690071.656000003], [-8577099.0228, 4690014.386399999], [-8577073.4034, 4689976.016000003], [-8577030.0269, 4689955.356200002], [-8577023.8537, 4689946.490099996], [-8577023.044, 4689936.247699998], [-8577027.5509, 4689927.5515], [-8577048.0963, 4689912.1734], [-8577040.3989, 4689887.261799999], [-8577032.959, 4689886.619199999], [-8577024.7617, 4689865.114], [-8577002.7528, 4689840.742899999], [-8576992.0164, 4689826.244400002], [-8576977.5066, 4689802.257399999], [-8576970.8543, 4689789.913999997], [-8576957.077, 4689769.056900002], [-8576944.5605, 4689747.412900001], [-8576929.2206, 4689726.123000003], [-8576909.5385, 4689694.499499999], [-8576904.4498, 4689683.471600004], [-8576889.2919, 4689661.286399998], [-8576880.0622, 4689644.185199998], [-8576870.9917, 4689631.817100003], [-8576853.0022, 4689603.115699999], [-8576794.1871, 4689596.865500003], [-8576723.7315, 4689387.588600002], [-8576697.2654, 4689344.097400002], [-8576567.3482, 4689258.110600002], [-8576512.6659, 4689237.042099997], [-8576453.9456, 4689185.3527000025], [-8576299.7645, 4688958.749300003], [-8576274.2666, 4688862.110600002], [-8576233.4786, 4688822.685900003], [-8576195.0699, 4688552.488499999], [-8576196.2867, 4688446.489200003], [-8576351.417, 4687514.153800003], [-8576336.4099, 4687386.547499999], [-8576325.423, 4687301.0353000015], [-8576345.8518, 4687212.958300002], [-8576399.1698, 4687151.687100001], [-8576470.6367, 4687107.156999998], [-8576614.206, 4687016.093599997], [-8576655.4668, 4686970.627800003], [-8576671.2289, 4686876.505099997], [-8576657.1919, 4686797.632100001], [-8576627.1416, 4686730.0647], [-8576609.6833, 4686643.445699997], [-8576648.2235, 4686402.817900002], [-8576670.618, 4686346.0869999975], [-8576668.7833, 4686178.0876], [-8576696.5784, 4686092.036700003], [-8576729.5548, 4685983.139799997], [-8576854.9022, 4685770.553000003], [-8576935.6357, 4686010.103100002], [-8576997.7479, 4685988.813500002], [-8576971.2765, 4685827.693999998], [-8576914.8477, 4685826.748000003], [-8576905.0308, 4685778.4597999975], [-8576910.3383, 4685778.469400004], [-8576908.8099, 4685737.203699999], [-8576892.7078, 4685736.868299998], [-8576886.6078, 4685714.662600003], [-8576883.7961, 4685699.563500002], [-8576882.0043, 4685684.309100002], [-8576876.8275, 4685581.6494999975], [-8576876.9965, 4685559.373099998], [-8576883.4791, 4685534.453299999], [-8576907.3995, 4685534.892700002], [-8576897.8767, 4685476.753300004], [-8576911.8284, 4685474.941500001], [-8576832.5089, 4685035.2645], [-8576807.3952, 4684917.081799999], [-8576788.0949, 4684810.9070999995], [-8576760.2871, 4684655.251100004], [-8576759.5772, 4684651.274400003], [-8576795.1758, 4684624.5407000035], [-8576796.031, 4684629.5198], [-8576865.6806, 4684579.309699997], [-8576864.9706, 4684575.3332], [-8576811.8716, 4684256.432499997], [-8576789.3207, 4684116.003700003], [-8576669.4255, 4684102.722400002], [-8576664.2031, 4684054.154200003], [-8576661.3998, 4684014.337800004], [-8576659.8378, 4683974.453199998], [-8576659.5178, 4683934.538800001], [-8576660.4406, 4683894.634099998], [-8576662.6053, 4683854.778300002], [-8576666.2864, 4683811.416599996], [-8576671.2123, 4683760.485699996], [-8576675.0045, 4683732.9624999985], [-8576684.415, 4683733.628700003], [-8576696.3874, 4683672.8500000015], [-8576806.2008, 4683679.4771], [-8576825.3362, 4683616.224399999], [-8576846.0752, 4683553.4837], [-8576850.1929, 4683502.712899998], [-8576845.3455, 4683455.157899998], [-8576834.0513, 4683434.561099999], [-8576808.5551, 4683420.134300001], [-8576780.6824, 4683418.785899997], [-8576779.1568, 4683416.281300001], [-8576777.8957, 4683414.0044], [-8576797.9602, 4683401.337399997], [-8576658.8385, 4683378.121799998], [-8576655.4971, 4683399.858400002], [-8576593.0094, 4683423.8684], [-8576569.0232, 4683420.808799997], [-8576568.2603, 4683426.422799997], [-8576537.8563, 4683420.8037], [-8576538.123, 4683414.104800001], [-8576240.9435, 4683400.275200002], [-8576235.8171, 4683326.1809], [-8576234.2258, 4683303.370399997], [-8576235.6553, 4683248.815200001], [-8576242.8844, 4683186.308300003], [-8576234.3974, 4683115.307499997], [-8576248.9026, 4683022.401799999], [-8576236.2159, 4682843.498999998], [-8576237.6372, 4682593.003399998], [-8576215.5418, 4682504.025899999], [-8576303.8069, 4682188.577299997], [-8576311.8545, 4682086.1294], [-8576344.412, 4681846.223399997], [-8576387.7266, 4681652.321900003], [-8576400.5164, 4681595.0647], [-8576428.9127, 4681389.398900002], [-8576500.3754, 4681275.835199997], [-8576507.0283, 4681265.262500003], [-8576520.5094, 4681243.839100003], [-8576528.3597, 4681231.363600001], [-8576553.9419, 4681190.709899999], [-8576559.5476, 4681181.800899997], [-8576563.8293, 4681174.9965], [-8576570.9678, 4681163.652800001], [-8576680.1383, 4680990.1603000015], [-8576693.6464, 4680968.693099998], [-8576704.3202, 4680951.730800003], [-8576711.9603, 4680936.989799999], [-8576720.2509, 4680920.993699998], [-8576721.4196, 4680902.860600002], [-8576735.6906, 4680865.456600003], [-8576746.13, 4680845.2148], [-8576844.8531, 4680764.598200001], [-8576855.8039, 4680750.287900001], [-8576867.6283, 4680736.697300002], [-8576880.2803, 4680723.879900001], [-8576902.857, 4680705.305], [-8576912.0728, 4680695.066100001], [-8576918.7653, 4680684.747299999], [-8576926.115, 4680674.889799997], [-8576934.0897, 4680665.535099998], [-8576937.6233, 4680654.2771999985], [-8576959.0572, 4680634.9070999995], [-8576970.6138, 4680621.282899998], [-8576999.201, 4680604.486100003], [-8577029.5439, 4680585.818000004], [-8577047.743, 4680569.709200002], [-8577066.4551, 4680554.204499997], [-8577085.6599, 4680539.320100002], [-8577097.082, 4680531.050099999], [-8577105.3382, 4680525.071999997], [-8577167.9974, 4680484.2151999995], [-8577199.9426, 4680464.767800003], [-8577211.6256, 4680459.468199998], [-8577220.0289, 4680455.656099997], [-8577234.2015, 4680447.101800002], [-8577239.4329, 4680443.179200001], [-8577247.4506, 4680437.167199999], [-8577252.5965, 4680432.2443], [-8577268.1284, 4680417.3851], [-8577282.4235, 4680403.708899997], [-8577296.8809, 4680397.754199997], [-8577309.9048, 4680389.084700003], [-8577313.84, 4680385.646600001], [-8577326.1666, 4680372.197499998], [-8577339.6769, 4680359.9476], [-8577354.0752, 4680349.710900001], [-8577368.9963, 4680340.259499997], [-8577446.532, 4680224.131200001], [-8577462.8539, 4680213.435800001], [-8577499.7369, 4680189.2673999965], [-8577542.5604, 4680161.206], [-8577583.0279, 4680134.688299999], [-8577654.7092, 4680163.580899999], [-8577841.0155, 4680214.5956000015], [-8577934.152, 4680218.273900002], [-8577972.4785, 4680219.7870000005], [-8578027.1914, 4680201.227499999], [-8578065.8591, 4680208.481600001], [-8578065.4781, 4680197.393100001], [-8578065.413, 4680195.494400002], [-8578065.3974, 4680195.043399997], [-8578065.3789, 4680194.6061], [-8578065.4823, 4680194.604199998], [-8578065.9975, 4680194.593800001], [-8578070.7102, 4680194.527099997], [-8578071.2419, 4680194.520800002], [-8578075.0676, 4680194.510200001], [-8578075.7865, 4680194.514200002], [-8578078.893, 4680194.5320999995], [-8578082.7182, 4680194.586400002], [-8578086.5427, 4680194.674199998], [-8578090.3664, 4680194.794799998], [-8578094.1894, 4680194.948200002], [-8578174.0919, 4680192.810699999], [-8578277.2098, 4680185.092200004], [-8578291.862, 4680183.7654], [-8578347.44, 4680178.732199997], [-8578354.8344, 4680178.062600002], [-8578443.2312, 4680174.659900002], [-8578467.8363, 4680173.940300003], [-8578509.8396, 4680172.711599998], [-8578509.9979, 4680172.707000002], [-8578510.0657, 4680172.705200002], [-8578524.6256, 4680172.279200003], [-8578781.8818, 4680186.952799998], [-8578796.1578, 4680187.767200001], [-8578796.3225, 4680187.776600003], [-8578856.6647, 4680191.2173999995], [-8578929.4462, 4680195.367200002], [-8578947.8754, 4680196.4177], [-8578989.0472, 4680198.764799997], [-8578998.1938, 4680199.2863000035], [-8579056.7889, 4680202.626500003], [-8579136.0096, 4680207.1417], [-8579179.6874, 4680210.1039], [-8579197.7711, 4680211.330300003], [-8579206.0658, 4680211.940300003], [-8579248.5344, 4680214.9772000015], [-8579331.2018, 4680218.876999997], [-8579369.261, 4680220.034199998], [-8579394.0019, 4680220.760300003], [-8579490.5152, 4680221.856399998], [-8579513.4676, 4680222.831100002], [-8579517.3493, 4680222.953000002], [-8579521.2281, 4680223.138400003], [-8579525.1034, 4680223.3882], [-8579528.974, 4680223.702399999], [-8579532.8389, 4680224.080200002], [-8579536.6974, 4680224.521700002], [-8579540.5483, 4680225.026799999], [-8579544.3897, 4680225.595299996], [-8579548.2217, 4680226.227399997], [-8579552.0426, 4680226.922700003], [-8579555.8516, 4680227.681299999], [-8579559.6477, 4680228.501999997], [-8579563.4299, 4680229.385799997], [-8579567.1971, 4680230.332199998], [-8579570.9485, 4680231.340300001], [-8579574.6826, 4680232.410400003], [-8579578.3985, 4680233.542099997], [-8579582.0961, 4680234.734700002], [-8579585.773, 4680235.988700002], [-8579589.4288, 4680237.302699998], [-8579593.0629, 4680238.677599996], [-8579596.6739, 4680240.1118], [-8579600.261, 4680241.605800003], [-8579603.8229, 4680243.158699997], [-8579607.3589, 4680244.770400003], [-8579610.868, 4680246.439999998], [-8579614.3496, 4680248.1674000025], [-8579617.8023, 4680249.952200003], [-8579621.2251, 4680251.794], [-8579624.6171, 4680253.691799998], [-8579627.9781, 4680255.645499997], [-8579631.306, 4680257.654299997], [-8579634.601, 4680259.718000002], [-8579637.8614, 4680261.8354], [-8579641.0869, 4680264.006899998], [-8579644.2764, 4680266.2311], [-8579647.4292, 4680268.508100003], [-8579650.5437, 4680270.836599998], [-8579653.62, 4680273.2157000005], [-8579656.6569, 4680275.646300003], [-8579659.6532, 4680278.126199998], [-8579665.4797, 4680282.366300002], [-8579704.2092, 4680310.5528], [-8579714.3627, 4680317.942299999], [-8579717.2757, 4680320.334200002], [-8579720.1613, 4680322.759999998], [-8579723.0187, 4680325.218599997], [-8579725.8478, 4680327.7108], [-8579728.6485, 4680330.234899998], [-8579731.4196, 4680332.791299999], [-8579734.1615, 4680335.378700003], [-8579736.8735, 4680337.9987], [-8579739.556, 4680340.649300002], [-8579742.2074, 4680343.331], [-8579744.8278, 4680346.042599998], [-8579747.4171, 4680348.784500003], [-8579749.9751, 4680351.556400001], [-8579752.501, 4680354.357299998], [-8579754.9949, 4680357.187200002], [-8579755.9775, 4680358.2896], [-8579767.8445, 4680371.604099996], [-8579809.9828, 4680418.882299997], [-8579838.4406, 4680450.8112], [-8579839.1864, 4680451.230499998], [-8579842.4756, 4680453.7289], [-8579845.5124, 4680457.4651999995], [-8579848.8, 4680460.1494999975], [-8579849.879, 4680463.8116], [-8579849.4889, 4680467.402500004], [-8579850.4445, 4680471.125500001], [-8579852.7475, 4680474.670900002], [-8579856.0928, 4680477.975599997], [-8579858.0401, 4680479.722199999], [-8579859.9806, 4680482.6461], [-8579861.7293, 4680486.745800003], [-8579863.1764, 4680490.162600003], [-8579864.2562, 4680493.6382], [-8579864.8497, 4680496.5537], [-8579865.6109, 4680502.010499999], [-8579865.9559, 4680505.544], [-8579865.8064, 4680509.966799997], [-8579865.8052, 4680510.003399998], [-8579864.9856, 4680513.7771999985], [-8579864.5939, 4680517.616300002], [-8579863.7774, 4680520.956100002], [-8579864.0659, 4680523.745800003], [-8579864.4095, 4680527.465099998], [-8579865.8538, 4680531.314999998], [-8579866.3917, 4680533.424699999], [-8579865.0293, 4680535.894699998], [-8579863.0507, 4680539.1032000035], [-8579861.8196, 4680540.148699999], [-8579861.6217, 4680542.439800002], [-8579862.4649, 4680544.675399996], [-8579863.3101, 4680546.477600001], [-8579863.9666, 4680549.145300001], [-8579864.3453, 4680550.545699999], [-8579864.9233, 4680552.682700001], [-8579865.8093, 4680557.768200003], [-8579865.7823, 4680561.980599999], [-8579865.7602, 4680565.449900001], [-8579865.7364, 4680569.290899999], [-8579865.5912, 4680572.883299999], [-8579865.3259, 4680576.103100002], [-8579864.8751, 4680579.6932], [-8579863.3803, 4680582.2905], [-8579862.9565, 4680583.026900001], [-8579861.4085, 4680585.866899997], [-8579860.9517, 4680590.324900001], [-8579860.1997, 4680593.1076000035], [-8579859.0172, 4680596.197700001], [-8579856.8574, 4680599.034199998], [-8579853.5283, 4680602.8544000015], [-8579850.7501, 4680606.615800001], [-8579848.9496, 4680610.693700001], [-8579847.468, 4680612.666699998], [-8579844.2259, 4680617.230899997], [-8579835.1123, 4680630.865400001], [-8579833.9878, 4680632.686899997], [-8579927.769, 4680543.014600001], [-8579988.7462, 4680484.707900003], [-8579993.9717, 4680498.015799999], [-8580070.4234, 4680692.716200002], [-8580516.874, 4681076.402900003], [-8580537.6536, 4681057.583999999], [-8580851.1877, 4681102.9636999965], [-8580866.4841, 4681093.447700001], [-8580879.1723, 4681084.1752], [-8580891.204, 4681074.059500001], [-8580902.5244, 4681063.146600001], [-8580913.0807, 4681051.487000003], [-8580922.8245, 4681039.135200001], [-8580931.711, 4681026.147399999], [-8580939.6987, 4681012.583999999], [-8580941.2298, 4681009.652999997], [-8581012.9102, 4680801.620099999], [-8581074.2987, 4680863.067599997], [-8581078.0905, 4680845.482699998], [-8581044.3469, 4680752.310199998], [-8581062.0846, 4680394.4925], [-8581055.5383, 4680393.377499998], [-8581153.1924, 4680255.653800003], [-8581177.3353, 4680221.602899998], [-8581206.805, 4680248.5264], [-8581696.1458, 4680676.934900001], [-8581690.0293, 4680683.488499999], [-8581674.5564, 4680700.066699997], [-8581449.3306, 4680941.377599999], [-8581498.0713, 4681211.760399997], [-8581087.5781, 4681196.355899997], [-8581060.7699, 4681223.018100001], [-8581032.227, 4681247.797700003], [-8581002.0794, 4681270.5814], [-8580970.4656, 4681291.265299998], [-8580937.5306, 4681309.7531], [-8580920.6148, 4681318.147200003], [-8580903.4252, 4681325.961400002], [-8580868.3057, 4681339.816], [-8580832.333, 4681351.251999997], [-8580795.6721, 4681360.218699999], [-8580542.557, 4681451.128600001], [-8580470.4923, 4681548.663999997], [-8580467.8663, 4681719.064300001], [-8580433.3837, 4681712.408299997], [-8580314.8252, 4681533.546499997], [-8580244.9622, 4681428.146399997], [-8580113.3009, 4681547.370499998], [-8580031.5453, 4681385.2927], [-8579864.4087, 4681163.476400003], [-8579763.7132, 4681004.931400001], [-8579758.8776, 4680704.505999997], [-8579827.9529, 4680638.457400002], [-8579827.9119, 4680638.469999999], [-8579823.7541, 4680639.694200002], [-8579818.4166, 4680641.7053999975], [-8579814.6184, 4680642.239], [-8579809.4602, 4680644.994199999], [-8579805.9522, 4680648.008199997], [-8579801.9502, 4680651.762400001], [-8579797.888, 4680655.3298999965], [-8579793.823, 4680660.193999998], [-8579789.2767, 4680664.794200003], [-8579788.3429, 4680663.993900001], [-8579687.3575, 4680577.439300001], [-8579658.174, 4680552.755000003], [-8579657.6754, 4680552.333499998], [-8579657.6364, 4680552.300399996], [-8579657.6181, 4680552.284999996], [-8579655.0381, 4680550.102600001], [-8579645.5977, 4680542.1175], [-8579618.8338, 4680519.479699999], [-8579597.639, 4680501.552000001], [-8579551.1474, 4680462.2271], [-8579550.7344, 4680461.881899998], [-8579517.1908, 4680433.855099998], [-8579514.1805, 4680431.597599998], [-8579511.1756, 4680429.3323], [-8579508.1769, 4680427.059500001], [-8579505.1841, 4680424.778800003], [-8579502.1974, 4680422.490000002], [-8579499.2161, 4680420.193800002], [-8579496.2409, 4680417.889899999], [-8579493.3641, 4680415.5776999965], [-8579490.4753, 4680413.281000003], [-8579487.5745, 4680410.999899998], [-8579484.6616, 4680408.733599998], [-8579481.7367, 4680406.483499996], [-8579478.8003, 4680404.248800002], [-8579475.8518, 4680402.029600002], [-8579472.8917, 4680399.826099999], [-8579469.9203, 4680397.638400003], [-8579466.937, 4680395.4663999975], [-8579463.9428, 4680393.310599998], [-8579460.937, 4680391.170299999], [-8579457.92, 4680389.046400003], [-8579454.8917, 4680386.9384], [-8579451.6777, 4680384.726800002], [-8579448.4508, 4680382.533399999], [-8579445.2115, 4680380.3576000035], [-8579441.9614, 4680378.200599998], [-8579438.6982, 4680376.061800003], [-8579435.4236, 4680373.941399999], [-8579432.137, 4680371.839500003], [-8579428.8389, 4680369.755800001], [-8579425.6725, 4680368.230300002], [-8579422.5297, 4680366.656300001], [-8579419.4111, 4680365.034699999], [-8579416.3179, 4680363.364799999], [-8579413.2502, 4680361.648000002], [-8579410.2092, 4680359.884000003], [-8579407.1951, 4680358.0735], [-8579403.9214, 4680356.331699997], [-8579400.6266, 4680354.629600003], [-8579397.3122, 4680352.9668999985], [-8579393.9778, 4680351.343699999], [-8579390.6252, 4680349.760600001], [-8579387.2535, 4680348.217600003], [-8579383.864, 4680346.715000004], [-8579380.4568, 4680345.253399998], [-8579377.0325, 4680343.832500003], [-8579373.5913, 4680342.452399999], [-8579370.1347, 4680341.113899998], [-8579366.6622, 4680339.816399999], [-8579363.174, 4680338.560699999], [-8579359.6718, 4680337.347000003], [-8579356.1551, 4680336.175099999], [-8579352.6246, 4680335.0449], [-8579350.2218, 4680334.213200003], [-8579297.6516, 4680316.016199999], [-8579296.636, 4680315.791500002], [-8579258.5195, 4680307.355099998], [-8579247.3951, 4680306.772399999], [-8579190.7103, 4680305.713200003], [-8579146.3954, 4680304.8851], [-8579070.6367, 4680303.393600002], [-8579029.5612, 4680302.584399998], [-8579017.7602, 4680302.3521], [-8579008.8248, 4680302.176200002], [-8578947.2214, 4680300.9626], [-8578941.8466, 4680300.856799997], [-8578936.8375, 4680300.758299999], [-8578869.5699, 4680298.607000001], [-8578856.7768, 4680298.197800003], [-8578808.8582, 4680296.665399998], [-8578807.8561, 4680288.7421], [-8578804.4039, 4680288.555500001], [-8578804.4046, 4680288.562899999], [-8578804.3974, 4680288.562200002], [-8578803.6671, 4680288.524400003], [-8578686.9084, 4680282.4570999965], [-8578687.543, 4680287.099799998], [-8578658.0808, 4680284.724799998], [-8578541.6992, 4680275.342799999], [-8578533.703, 4680274.698200002], [-8578535.0161, 4680286.515699998], [-8578525.0692, 4680286.244000003], [-8578524.6265, 4680286.222599998], [-8578518.8481, 4680285.9278], [-8578518.8232, 4680285.9265], [-8578467.178, 4680283.290100001], [-8578447.6559, 4680282.293399997], [-8578417.376, 4680282.882399999], [-8578372.5524, 4680283.754299998], [-8578370.3312, 4680284.050999999], [-8578324.9117, 4680290.1131], [-8578302.6134, 4680293.089299999], [-8578280.7494, 4680295.5185], [-8578241.5135, 4680299.877800003], [-8578234.9786, 4680300.603500001], [-8578216.1319, 4680302.2729], [-8578197.3853, 4680303.933600001], [-8578177.9604, 4680305.6538999975], [-8578155.2916, 4680308.174599998], [-8578083.9923, 4680316.103500001], [-8578096.2752, 4680449.531300001], [-8578099.9301, 4680489.232299998], [-8578103.4984, 4680527.996100001], [-8578107.1705, 4680567.882299997], [-8578110.6272, 4680605.428199999], [-8578113.2547, 4680633.978100002], [-8578114.3574, 4680645.9529], [-8578114.7217, 4680649.910099998], [-8578122.0202, 4680729.190200001], [-8578200.6527, 4680768.2919000015], [-8578210.5995, 4680773.2381], [-8578203.9153, 4680801.360200003], [-8578188.2696, 4680867.180500001], [-8578181.9246, 4680892.601099998], [-8578164.0873, 4680976.261200003], [-8578163.7971, 4680977.6215], [-8578151.4188, 4681012.376699999], [-8578137.5854, 4681051.215599999], [-8578125.5278, 4681086.923500001], [-8578115.7604, 4681115.9899], [-8578105.6308, 4681146.131300002], [-8578096.2307, 4681174.103100002], [-8578055.8436, 4681294.2804000005], [-8578000.4813, 4681459.521200001], [-8577999.0075, 4681463.919200003], [-8577990.0829, 4681461.882700004], [-8577990.0288, 4681461.870399997], [-8577989.9503, 4681461.852600001], [-8577989.8585, 4681461.831500001], [-8577958.1164, 4681454.614299998], [-8577959.8793, 4681456.4629999995], [-8577962.1591, 4681460.756800003], [-8577963.1384, 4681464.902800001], [-8577963.1094, 4681469.164099999], [-8577958.4499, 4681500.430200003], [-8577880.0855, 4681485.5249999985], [-8577870.2701, 4681523.839299999], [-8577833.0873, 4681516.884800002], [-8577850.4571, 4681432.465499997], [-8577848.263, 4681432.014600001], [-8577812.2829, 4681424.623199999], [-8577795.4778, 4681509.821099997], [-8577779.0807, 4681507.363499999], [-8577758.8698, 4681493.802299999], [-8577765.8753, 4681457.8574], [-8577686.2424, 4681446.166299999], [-8577689.0263, 4681430.239799999], [-8577692.4669, 4681418.6109], [-8577694.6637, 4681413.253300004], [-8577696.9749, 4681410.184600003], [-8577700.2989, 4681407.501400001], [-8577700.9487, 4681407.051700003], [-8577704.1215, 4681404.855599999], [-8577710.0149, 4681403.613499999], [-8577698.0137, 4681401.1477999985], [-8577663.4046, 4681395.557099998], [-8577664.2734, 4681396.140900001], [-8577665.0904, 4681396.795199998], [-8577665.8512, 4681397.515799999], [-8577666.5486, 4681398.296999998], [-8577667.1793, 4681399.134300001], [-8577667.7378, 4681400.021399997], [-8577668.2211, 4681400.952100001], [-8577668.6258, 4681401.9201000035], [-8577668.9482, 4681402.9179000035], [-8577669.187, 4681403.939800002], [-8577669.3404, 4681404.978399999], [-8577669.4072, 4681406.025600001], [-8577669.3862, 4681407.075000003], [-8577669.2786, 4681408.118900001], [-8577669.1379, 4681408.867899999], [-8577669.0846, 4681409.150600001], [-8577668.806, 4681410.162299998], [-8577667.7337, 4681413.862800002], [-8577666.7237, 4681417.581200004], [-8577665.7763, 4681421.316299997], [-8577664.8921, 4681425.066600002], [-8577664.0712, 4681428.8320999965], [-8577663.3141, 4681432.6105], [-8577662.6207, 4681436.4014], [-8577661.9907, 4681440.203199998], [-8577661.4252, 4681444.015600003], [-8577660.9243, 4681447.837099999], [-8577660.4877, 4681451.666000001], [-8577660.115, 4681455.502099998], [-8577602.8221, 4681449.104599997], [-8577601.9675, 4681449.009400003], [-8577563.9678, 4681470.052500002], [-8577563.4417, 4681470.028399996], [-8577555.863, 4681469.682800002], [-8577549.6804, 4681469.399899997], [-8577543.9034, 4681469.136200003], [-8577547.5178, 4681458.387199998], [-8577548.2774, 4681456.1281], [-8577512.7078, 4681449.125699997], [-8577511.0586, 4681448.801200002], [-8577508.8558, 4681448.367399998], [-8577476.7492, 4681442.0471], [-8577470.6569, 4681440.847900003], [-8577444.3019, 4681435.659000002], [-8577433.9633, 4681433.623599999], [-8577409.3094, 4681428.769900002], [-8577389.8546, 4681424.939999998], [-8577228.438, 4681393.159500003], [-8577215.891, 4681387.094400004], [-8576951.6923, 4681256.950599998], [-8576927.0101, 4681244.7914], [-8576924.4549, 4681243.532399997], [-8576924.8928, 4681242.134199999], [-8576937.3244, 4681202.438100003], [-8576947.9816, 4681168.4070999995], [-8576892.6709, 4681162.222599998], [-8576865.0825, 4681146.2733], [-8576853.0544, 4681139.319799997], [-8576847.2962, 4681135.990699999], [-8576822.9544, 4681135.898599997], [-8576798.5498, 4681135.805399999], [-8576802.7064, 4681139.329000004], [-8576893.9147, 4681216.643799998], [-8576704.4178, 4681368.0955], [-8576653.5919, 4681486.939099997], [-8576636.3859, 4681640.775600001], [-8576623.1732, 4681956.2381], [-8576564.6747, 4681932.827500001], [-8576551.4612, 4682018.111699998], [-8576448.3313, 4682389.201899998], [-8576385.7797, 4682532.786899999], [-8576369.7477, 4682564.1620000005], [-8576448.6152, 4682594.9146], [-8576449.8019, 4682606.004199997], [-8576488.5479, 4682715.115699999], [-8576558.405, 4682843.333700001], [-8576425.4762, 4682843.400799997], [-8576437.5949, 4682865.405599996], [-8576499.6895, 4682967.720399998], [-8576592.0041, 4683060.657200001], [-8576714.7334, 4683164.3336], [-8576952.3347, 4683349.664800003], [-8576950.7485, 4683388.420999996], [-8577006.2944, 4683417.898900002], [-8577028.1381, 4683456.360799998], [-8577090.6885, 4683631.029100001], [-8577106.1472, 4683716.479599997], [-8577229.7141, 4683730.3379999995], [-8577230.8863, 4683735.315300003], [-8577238.3642, 4683878.069399998], [-8577237.0354, 4684019.376599997], [-8577214.1873, 4684163.337200001], [-8577175.2753, 4684340.669200003], [-8577061.2998, 4684315.32], [-8577107.0316, 4684398.4641999975], [-8577201.59, 4684327.425499998], [-8577262.3769, 4684436.219400004], [-8577137.1709, 4684529.986599997], [-8577131.8527, 4684553.853299998], [-8577128.814, 4684585.178599998], [-8577121.0003, 4684590.8398], [-8577119.3698, 4684820.802000001], [-8577119.8844, 4684841.4868], [-8577118.435, 4684859.053400002], [-8577056.8443, 4684870.125200003], [-8577082.3437, 4684991.0911], [-8577140.232, 4684982.3935], [-8577194.5307, 4685318.568999998], [-8577200.0458, 4685362.720899999], [-8577203.8697, 4685404.920999996], [-8577205.6004, 4685435.07], [-8577212.0635, 4685434.165799998], [-8577212.33, 4685441.966799997], [-8577181.6834, 4685445.912199996], [-8577189.6999, 4685495.674900003], [-8577168.1716, 4685498.4714], [-8577237.213, 4685909.126199998], [-8577145.0321, 4685939.411200002], [-8577202.2028, 4686110.419299997], [-8577217.9773, 4686206.319200002], [-8577206.0877, 4686418.195600003], [-8577203.2901, 4686447.625399999], [-8577199.6285, 4686476.960000001], [-8577195.1064, 4686506.173699997], [-8577222.6796, 4686512.310000002], [-8577135.6611, 4686778.080300003], [-8577126.6486, 4686807.666199997], [-8577118.6219, 4686837.536799997], [-8577111.5907, 4686867.659699999], [-8577105.5623, 4686898.000500001], [-8577100.543, 4686928.526500002], [-8577096.5393, 4686959.203500003], [-8577093.5547, 4686989.997299999], [-8577091.5934, 4687020.873899996], [-8577090.6568, 4687051.799199998], [-8577090.7464, 4687082.738700002], [-8577114.7037, 4687274.1027000025], [-8577115.364, 4687287.899599999], [-8577118.0852, 4687315.385399997], [-8577122.6631, 4687342.6219], [-8577129.0766, 4687369.482199997], [-8577137.2954, 4687395.842500001], [-8577147.2817, 4687421.580300003], [-8577152.9233, 4687434.1778], [-8577445.7083, 4687851.421499997], [-8577541.6738, 4687955.112199999], [-8577559.141, 4687975.866099998], [-8577569.6536, 4687990.592200004], [-8577583.6185, 4688013.866599999], [-8577591.6701, 4688030.081799999], [-8577600.4134, 4688050.830799997], [-8577607.7891, 4688072.108400002], [-8577613.7661, 4688093.824100003], [-8577618.3187, 4688115.885899998], [-8577621.4276, 4688138.198299997], [-8577623.3558, 4688171.930600002], [-8577624.1935, 4688299.926100001], [-8577622.4341, 4688443.6818], [-8577600.35, 4688605.615999997], [-8577864.8718, 4688635.573299997], [-8577927.6905, 4688704.3298999965], [-8577976.5281, 4688934.388099998], [-8577721.4745, 4688988.974600002], [-8577717.0244, 4689214.516099997], [-8577606.2733, 4689145.7853000015], [-8577467.7795, 4689143.995399997], [-8577429.3415, 4689328.830600001], [-8577399.1253, 4689542.911499999], [-8577398.0465, 4689660.955799997], [-8577400.0878, 4689697.306999996], [-8577403.1821, 4689733.583400004], [-8577407.327, 4689769.754000001], [-8577412.5189, 4689805.787900001], [-8577418.7536, 4689841.6554000005], [-8577426.0262, 4689877.325099997], [-8577434.3297, 4689912.7673999965], [-8577443.6577, 4689947.952], [-8577454.0016, 4689982.848999999], [-8577465.3533, 4690017.429200001], [-8577477.6577, 4690051.657399997], [-8577488.4163, 4690077.858400002], [-8577500.058, 4690103.676100001], [-8577512.5693, 4690129.080499999], [-8577525.9358, 4690154.041599996], [-8577540.1423, 4690178.531099997], [-8577555.1714, 4690202.520300001], [-8577571.0062, 4690225.980999999], [-8577631.9557, 4690312.991300002], [-8577640.4982, 4690325.174699999], [-8577658.3016, 4690355.656199999], [-8577673.3814, 4690385.512000002], [-8577680.1483, 4690400.811300002], [-8577692.0967, 4690432.0634], [-8577701.8855, 4690464.064000003], [-8577705.9551, 4690480.297600001], [-8577712.4213, 4690513.1382], [-8577715.484, 4690535.860399999], [-8577718.1959, 4690570.6477999985], [-8577718.6793, 4690596.506300002], [-8577717.189, 4690629.949199997], [-8577713.4209, 4690663.211400002], [-8577710.6879, 4690679.7258], [-8577710.8483, 4690757.172799997], [-8577717.9505, 4690781.5603], [-8577724.5137, 4690816.5282000005], [-8577728.1715, 4690826.019100003], [-8577734.1095, 4690836.345899999], [-8577735.3142, 4690841.0458], [-8577735.1371, 4690845.359300002], [-8577733.7966, 4690849.4614999965], [-8577725.3252, 4690860.840599999], [-8577720.3859, 4690870.635899998], [-8577717.2345, 4690880.919699997], [-8577715.8084, 4690889.375500001], [-8577715.7116, 4690896.238899998], [-8577716.8993, 4690904.731600001], [-8577719.5068, 4690912.898500003], [-8577725.8919, 4690926.011], [-8577726.9831, 4690931.936899997], [-8577726.8027, 4690937.1022000015], [-8577725.6216, 4690940.800099999], [-8577723.4047, 4690944.8917], [-8577719.8377, 4690948.973499998], [-8577713.7375, 4690953.898800001], [-8577710.9859, 4690957.979000002], [-8577709.361, 4690961.750200003], [-8577708.1171, 4690969.8413999975], [-8577709.8134, 4690981.422700003], [-8577710.0143, 4690988.200300001], [-8577708.169, 4690999.903099999], [-8577705.8919, 4691006.287199996], [-8577702.7751, 4691012.302699998], [-8577688.5538, 4691030.438699998], [-8577684.3036, 4691037.931999996], [-8577681.7723, 4691043.881700002], [-8577668.8384, 4691086.142499998], [-8577665.5656, 4691099.829099998], [-8577662.2815, 4691120.679099999], [-8577659.9784, 4691129.218500003], [-8577656.8338, 4691137.482699998], [-8577652.8791, 4691145.388099998], [-8577646.4157, 4691155.234499998], [-8577640.7399, 4691162.0013], [-8577623.1934, 4691179.899599999], [-8577610.8617, 4691193.457400002], [-8577607.3637, 4691198.638300002], [-8577605.3141, 4691203.434299998], [-8577603.8881, 4691210.590599999], [-8577604.4044, 4691218.908500001], [-8577606.2744, 4691224.879799999], [-8577612.2856, 4691236.073100001], [-8577615.2658, 4691244.147200003], [-8577617.0983, 4691252.558799997], [-8577617.722, 4691263.298600003], [-8577616.6679, 4691271.972900003], [-8577614.0346, 4691284.808600001], [-8577601.1374, 4691323.681500003], [-8577595.2805, 4691343.5031], [-8577592.1111, 4691356.781900004], [-8577590.3102, 4691367.852300003], [-8577588.3133, 4691373.8554000035], [-8577583.1852, 4691381.8068], [-8577573.1607, 4691391.561800003], [-8577559.5601, 4691408.445699997], [-8577549.6001, 4691418.608000003], [-8577545.1817, 4691421.131899998], [-8577539.5108, 4691422.862599999], [-8577535.2896, 4691423.244400002], [-8577524.3189, 4691422.725299999], [-8577515.3874, 4691424.408], [-8577510.8445, 4691426.512699999], [-8577505.6475, 4691430.000100002], [-8577498.8031, 4691437.295999996], [-8577496.2028, 4691441.587700002], [-8577493.3463, 4691448.891800001], [-8577489.0442, 4691463.971699998], [-8577487.0854, 4691475.574500002], [-8577483.9588, 4691510.690499999], [-8577482.0153, 4691519.5913999975], [-8577476.8563, 4691531.234300002], [-8577472.7278, 4691537.2346], [-8577467.8318, 4691542.621799998], [-8577459.2467, 4691549.340999998], [-8577443.1481, 4691558.318800002], [-8577426.9826, 4691569.168300003], [-8577405.0525, 4691588.321199998], [-8577398.8313, 4691593.034400001], [-8577377.9221, 4691603.649400003], [-8577373.1977, 4691607.592500001], [-8577368.6599, 4691613.036499999], [-8577366.4572, 4691614.721900001], [-8577362.3108, 4691615.800700001], [-8577357.0523, 4691614.931999996], [-8577347.5571, 4691605.099600002], [-8577311.7461, 4691653.939999998], [-8577277.1895, 4691703.991400003], [-8577258.2864, 4691736.117299996], [-8577239.2662, 4691772.0901999995], [-8577220.7189, 4691813.201200001], [-8577198.594, 4691864.407499999], [-8577179.689, 4691911.929499999], [-8577174.0756, 4691931.9987], [-8577162.6605, 4691962.248499997], [-8577150.6303, 4691999.971600004], [-8577128.0608, 4692075.441399999], [-8577116.7695, 4692125.006200001], [-8577100.074, 4692218.225100003], [-8576702.4833, 4694618.900600001], [-8576589.1072, 4695333.514200002], [-8576596.7181, 4695336.394699998], [-8576644.5257, 4695344.2007], [-8576646.7046, 4695377.474699996], [-8576629.635, 4695412.760899998], [-8576584.3484, 4695404.071400002], [-8576581.2326, 4695422.728500001], [-8576632.2928, 4695432.525700003], [-8576630.1655, 4695441.535700001], [-8576627.9962, 4695479.209399998], [-8576617.629, 4695535.930699997], [-8576585.224, 4695534.947099999], [-8576532.7514, 4696032.457500003], [-8576528.5791, 4696094.0392], [-8576521.6359, 4696154.840000004], [-8576531.6701, 4696154.152099997], [-8576531.4472, 4696156.1039], [-8576532.1905, 4696156.050800003], [-8576543.15, 4696155.261299998], [-8576553.2268, 4696154.5353000015], [-8576540.4931, 4696260.796599999], [-8576514.7852, 4696475.3279], [-8576513.3765, 4696489.1501], [-8576508.8079, 4696533.984200001], [-8576494.28, 4696676.535400003], [-8576484.9776, 4696788.5612], [-8576484.9341, 4696789.250600003], [-8576485.2427, 4696789.282399997], [-8576573.9885, 4696798.319300003], [-8576771.8772, 4696822.258400001], [-8576745.1524, 4697192.580600001], [-8576756.1188, 4697338.2119999975], [-8576772.2761, 4697381.360299997], [-8576782.0819, 4697422.194300003], [-8576805.1101, 4697576.265000001], [-8576806.251, 4697803.5392], [-8576787.1946, 4698007.726899996], [-8576766.5769, 4698005.037799999], [-8576764.1616, 4698004.675300002], [-8576749.0049, 4698002.402500004], [-8576741.9306, 4698001.3413999975], [-8576740.8822, 4698001.184], [-8576734.5375, 4698000.232500002], [-8576734.5406, 4698000.242899999], [-8576734.5498, 4698000.2826000005], [-8576734.9218, 4698001.443800002], [-8576735.8329, 4698004.204999998], [-8576739.5676, 4698016.149099998], [-8576742.3693, 4698025.897200003], [-8576742.4203, 4698026.081799999], [-8576742.4912, 4698026.339100003], [-8576742.5923, 4698026.707400002], [-8576742.6838, 4698027.041299999], [-8576742.7804, 4698027.395199999], [-8576742.8808, 4698027.763099998], [-8576742.8917, 4698027.8037], [-8576742.9192, 4698027.905199997], [-8576742.9524, 4698028.027000003], [-8576743.1229, 4698028.8440999985], [-8576743.135, 4698028.888599999], [-8576743.3382, 4698029.6395], [-8576745.0142, 4698036.012000002], [-8576746.5567, 4698042.211599998], [-8576746.5739, 4698042.281800002], [-8576749.885, 4698056.965400003], [-8576752.7427, 4698071.7447], [-8576753.6851, 4698077.238300003], [-8576753.6983, 4698077.317100003], [-8576755.7229, 4698090.695900001], [-8576757.3765, 4698104.126000002], [-8576757.7288, 4698107.4648], [-8576757.7482, 4698107.651500002], [-8576757.6345, 4698107.682499997], [-8576757.332, 4698110.040799998], [-8576756.6023, 4698116.131999999], [-8576755.6001, 4698124.498199999], [-8576755.5485, 4698124.928400002], [-8576755.3757, 4698126.6866], [-8576755.375, 4698126.693700001], [-8576755.3525, 4698126.932999998], [-8576755.2548, 4698127.968999997], [-8576755.2314, 4698128.217200004], [-8576755.2134, 4698128.407799996], [-8576751.5841, 4698166.881899998], [-8576751.2625, 4698171.683499999], [-8576750.3044, 4698185.985600002], [-8576749.6139, 4698199.123499997], [-8576749.1496, 4698211.011600003], [-8576749.2451, 4698211.0276999995], [-8576749.3395, 4698211.060400002], [-8576749.4269, 4698211.109099999], [-8576749.5051, 4698211.171599999], [-8576749.5713, 4698211.246699996], [-8576749.6242, 4698211.331900001], [-8576749.6617, 4698211.424500003], [-8576749.6837, 4698211.522699997], [-8576749.6878, 4698211.623000003], [-8576749.6758, 4698211.722400002], [-8576749.6467, 4698211.818700001], [-8576749.602, 4698211.908399999], [-8576749.5428, 4698211.989], [-8576749.4711, 4698212.058700003], [-8576749.3884, 4698212.1153], [-8576749.2974, 4698212.156800002], [-8576749.2006, 4698212.182400003], [-8576749.1477, 4698212.189199999], [-8576749.0938, 4698212.191100001], [-8576748.6674, 4698228.175499998], [-8576748.604, 4698253.294500001], [-8576748.8152, 4698262.3028], [-8576748.9224, 4698266.8785], [-8576748.9057, 4698267.1721], [-8576746.2229, 4698284.026000001], [-8576742.9981, 4698304.285999998], [-8576740.0312, 4698322.925999999], [-8576737.6904, 4698340.762500003], [-8576737.3823, 4698344.302699998], [-8576736.1307, 4698358.684600003], [-8576736.6607, 4698361.009099998], [-8576788.4923, 4698588.338500001], [-8576795.6061, 4698601.826300003], [-8576820.6205, 4698649.252300002], [-8576827.6918, 4698662.9201000035], [-8576837.403, 4698668.9639], [-8576860.855, 4698680.795599997], [-8576875.7523, 4698707.671599999], [-8576882.7781, 4698720.3467999995], [-8576893.1789, 4698739.110299997], [-8576914.55, 4698772.0264], [-8576934.324, 4698805.665399998], [-8576948.2811, 4698832.043399997], [-8576958.2772, 4698850.9353], [-8576961.3079, 4698849.325000003], [-8576961.4064, 4698849.272600003], [-8576962.5468, 4698848.6669000015], [-8576967.389, 4698857.990099996], [-8576982.0273, 4698856.538199998], [-8577004.3289, 4698927.777000003], [-8577012.2081, 4698952.958499998], [-8577003.6345, 4698952.519299999], [-8577004.4141, 4698955.755400002], [-8577006.2314, 4698961.304300003], [-8577006.754, 4698963.472599998], [-8577044.3417, 4699068.465999998], [-8577058.1582, 4699106.680299997], [-8577060.674, 4699113.638700001], [-8577067.9683, 4699131.750799999], [-8577067.974, 4699131.770199999], [-8577077.4302, 4699159.578400001], [-8577094.4442, 4699235.093900003], [-8577094.708, 4699236.203500003], [-8577106.4662, 4699280.5446000025], [-8577113.5483, 4699318.377400003], [-8577119.5292, 4699356.401799999], [-8577124.4026, 4699394.585000001], [-8577128.166, 4699432.894900002], [-8577130.8153, 4699471.299099997], [-8577132.3484, 4699509.764399998], [-8577132.7644, 4699548.258500002], [-8577132.0624, 4699586.748499997], [-8577130.2431, 4699625.202100001], [-8577129.6779, 4699628.140100002], [-8577129.4274, 4699628.897500001], [-8577129.3521, 4699629.124499999], [-8577129.2616, 4699629.3972999975], [-8577127.4388, 4699662.496200003], [-8577123.4355, 4699693.401000001], [-8577120.0779, 4699719.8401999995], [-8577126.4005, 4699710.379900001], [-8577132.4093, 4699700.715800002], [-8577138.0972, 4699690.858099997], [-8577143.6426, 4699680.4564], [-8577148.831, 4699669.870499998], [-8577153.6564, 4699659.113300003], [-8577158.1128, 4699648.1963], [-8577162.196, 4699637.133199997], [-8577165.8994, 4699625.936099999], [-8577169.2203, 4699614.619099997], [-8577172.1542, 4699603.194700003], [-8577174.6978, 4699591.675899997], [-8577176.8483, 4699580.076800004], [-8577178.6022, 4699568.410899997], [-8577179.9587, 4699556.691799998], [-8577180.9159, 4699544.932800002], [-8577181.4546, 4699533.514799997], [-8577178.0106, 4699494.1818], [-8577167.9631, 4699443.314099997], [-8577154.3672, 4699377.453000002], [-8577145.072, 4699336.3618], [-8577135.7773, 4699295.270400003], [-8577126.4821, 4699254.179700002], [-8577108.633, 4699177.669500001], [-8577091.8289, 4699131.987800002], [-8577076.5541, 4699085.768200003], [-8577062.8258, 4699039.062299997], [-8577050.6591, 4698991.922200002], [-8577055.1653, 4698991.651299998], [-8577039.1473, 4698951.877400003], [-8577080.9237, 4698948.851499997], [-8577122.7005, 4698945.825999998], [-8577164.4771, 4698942.799999997], [-8577206.2541, 4698939.7742], [-8577248.0299, 4698936.748199999], [-8577289.8069, 4698933.721500002], [-8577331.5834, 4698930.695299998], [-8577373.3598, 4698927.668700002], [-8577415.1363, 4698924.641900003], [-8577419.093, 4698963.852499999], [-8577423.0499, 4699003.063699998], [-8577427.0065, 4699042.274599999], [-8577430.9637, 4699081.485799998], [-8577434.9204, 4699120.697099999], [-8577438.8773, 4699159.908399999], [-8577442.8342, 4699199.120300002], [-8577446.7913, 4699238.332000002], [-8577450.7481, 4699277.543899998], [-8577454.7051, 4699316.756200001], [-8577458.6623, 4699355.968199998], [-8577462.6194, 4699395.180399999], [-8577461.4856, 4699419.240500003], [-8577459.5651, 4699443.250200003], [-8577456.8598, 4699467.183300003], [-8577453.3727, 4699491.014300004], [-8577426.9516, 4699529.088500001], [-8577400.53, 4699567.1624], [-8577355.5942, 4699595.634800002], [-8577310.6588, 4699624.1065], [-8577273.5438, 4699665.330899999], [-8577250.5426, 4699669.249200001], [-8577194.611, 4699683.746100001], [-8577198.8789, 4699739.939199999], [-8577190.6526, 4699811.606799997], [-8577183.5793, 4699852.012999997], [-8577176.5055, 4699892.419399999], [-8577169.4321, 4699932.825999998], [-8577162.3585, 4699973.232500002], [-8577155.2849, 4700013.639200002], [-8577148.211, 4700054.046599999], [-8577141.1371, 4700094.453299999], [-8577141.6033, 4700091.4903], [-8577141.9665, 4700088.512699999], [-8577142.2267, 4700085.5239999965], [-8577142.3831, 4700082.528399996], [-8577142.4358, 4700079.528800003], [-8577142.3845, 4700076.529600002], [-8577142.23, 4700073.533299997], [-8577141.9714, 4700070.545000002], [-8577141.6097, 4700067.567400001], [-8577141.1455, 4700064.604099996], [-8577140.5787, 4700061.658699997], [-8577139.9107, 4700058.7348000035], [-8577139.1416, 4700055.835699998], [-8577138.273, 4700052.965000004], [-8577137.3052, 4700050.127599999], [-8577136.2402, 4700047.3244], [-8577135.0786, 4700044.560699999], [-8577133.8224, 4700041.839000002], [-8577132.4723, 4700039.162900001], [-8577131.0307, 4700036.5352], [-8577129.499, 4700033.959399998], [-8577127.879, 4700031.439000003], [-8577126.1733, 4700028.976499997], [-8577124.3831, 4700026.574299999], [-8577122.5107, 4700024.236699998], [-8577120.5591, 4700021.965499997], [-8577118.5294, 4700019.7641], [-8577116.4251, 4700017.634599999], [-8577114.2484, 4700015.579400003], [-8577112.002, 4700013.602300003], [-8577109.6883, 4700011.704099998], [-8577107.3108, 4700009.887999997], [-8577104.8714, 4700008.1554000005], [-8577102.3735, 4700006.509499997], [-8577099.8206, 4700004.951200001], [-8577097.2152, 4700003.483599998], [-8577094.5603, 4700002.1074], [-8577091.8597, 4700000.824299999], [-8577089.1164, 4699999.636500001], [-8577086.3336, 4699998.545199998], [-8577083.5143, 4699997.551399998], [-8577080.6629, 4699996.6567], [-8577077.7819, 4699995.861699998], [-8577063.0862, 4699992.0820999965], [-8576916.3329, 4700626.933200002], [-8576909.3584, 4700660.9102], [-8576903.4314, 4700695.087399997], [-8576898.5565, 4700729.432099998], [-8576894.7396, 4700763.911399998], [-8576891.9836, 4700798.492899999], [-8576883.9894, 4700983.153700002], [-8576884.4685, 4701105.154200003], [-8576949.5631, 4701416.956299998], [-8576958.7344, 4701506.339900002], [-8576947.2451, 4701626.2233000025], [-8576914.4844, 4701732.159000002], [-8576842.7918, 4701751.546700001], [-8576852.0132, 4701851.462099999], [-8576869.9112, 4701871.179799996], [-8576918.4757, 4701932.407200001], [-8576937.0469, 4701973.638599999], [-8576964.107, 4702045.704000004], [-8576945.8016, 4702094.690700002], [-8576938.1177, 4702087.854699999], [-8576912.2732, 4702152.079700001], [-8576884.4959, 4702215.4868], [-8576891.4605, 4702234.455300003], [-8576922.0916, 4702259.475299999], [-8576945.2772, 4702292.1010000035], [-8577012.2454, 4702390.809100002], [-8577044.1516, 4702403.993699998], [-8577094.4898, 4702416.8429000005], [-8577110.1157, 4702403.579000004], [-8577112.6485, 4702428.1516999975], [-8577050.6282, 4702479.7236], [-8576828.9155, 4702644.682499997], [-8576796.7309, 4702737.504000001], [-8576774.6554, 4702709.474399999], [-8576840.3308, 4702611.759599999], [-8576759.8015, 4702577.052500002], [-8576709.9296, 4702529.832699999], [-8576696.3763, 4702517.007299997], [-8576685.0619, 4702500.4366], [-8576653.8017, 4702454.427500002], [-8576366.6605, 4702926.365999997], [-8576240.3233, 4703098.958400004], [-8576244.7883, 4703104.546800002], [-8576249.3956, 4703110.017300002], [-8576254.1427, 4703115.3662], [-8576275.7056, 4703144.907899998], [-8576301.6123, 4703171.635300003], [-8576283.3118, 4703198.5446000025], [-8576318.3965, 4703148.034500003], [-8576345.2396, 4703169.558799997], [-8576369.5074, 4703202.446699999], [-8576400.112, 4703226.986000001], [-8576629.8471, 4703393.132100001], [-8576629.6045, 4703404.777800001], [-8576637.2864, 4703422.983099997], [-8576638.1164, 4703424.186499998], [-8576670.1214, 4703447.2749999985], [-8576683.206, 4703456.108499996], [-8576706.7059, 4703457.149700001], [-8576726.5089, 4703396.9059000015], [-8576746.0006, 4703410.436800003], [-8576765.1333, 4703454.498000003], [-8576773.8818, 4703486.460500002], [-8576777.4283, 4703513.0363000035], [-8576770.2773, 4703547.398400001], [-8576759.245, 4703576.3945999965], [-8576758.8688, 4703600.256700002], [-8576759.7932, 4703625.465300001], [-8576804.2365, 4703677.000299998], [-8576842.4935, 4703736.587300003], [-8576847.3751, 4703769.882200003], [-8576838.9575, 4703789.408699997], [-8576826.6469, 4703798.703900002], [-8576793.0807, 4703827.321199998], [-8576771.901, 4703841.898800001], [-8576744.6723, 4703854.346299998], [-8576725.0035, 4703858.779200003], [-8576706.7507, 4703859.166500002], [-8576691.2643, 4703855.5309000015], [-8576671.1347, 4703846.397500001], [-8576623.1511, 4703803.602499999], [-8576529.2888, 4703713.300700001]], [[-8576844.0565, 4683616.638899997], [-8576843.7294, 4683616.605499998], [-8576842.6018, 4683619.830499999], [-8576833.0073, 4683649.988899998], [-8576824.2714, 4683680.409100004], [-8576942.8235, 4683685.257100001], [-8576940.2271, 4683697.868199997], [-8576963.0654, 4683700.430299997], [-8576942.4494, 4683639.009599999], [-8576935.2614, 4683625.423100002], [-8576844.9252, 4683616.689199999], [-8576844.0565, 4683616.638899997]], [[-8576890.2266, 4684496.0013], [-8576927.0444, 4684314.4023], [-8576819.5388, 4684118.938900001], [-8576809.1597, 4684117.748499997], [-8576872.0584, 4684499.331100002], [-8576890.2266, 4684496.0013]]]]}}, {"type": "Feature", "properties": {"OBJECTID": 134, "CreationDate": "2025-01-14T11:11:11Z", "Creator": "NPS_WASO_LANDS", "EditDate": "2025-01-14T11:11:11Z", "Editor": "NPS_WASO_LANDS", "GlobalID": "{1122B4E1-08CE-4ED5-A674-C31B52D185CB}", "AreaID": 118, "UNIT_CODE": "PISC", "GIS_Notes": "Lands - http://landsnet.nps.gov/tractsnet/documents/PISC/Metadata/pisc_metadata.xml", "UNIT_NAME": "Piscataway Park", "DATE_EDIT": "2024-05-16T00:00:00Z", "STATE": "MD", "REGION": "NC", "GNIS_ID": "1676813", "UNIT_TYPE": "Other Designation", "CREATED_BY": "Lands", "METADATA": "https://irma.nps.gov/DataStore/Reference/Profile/1048186", "PARKNAME": "Piscataway", "SHAPE_Length": 42735.976572534324, "SHAPE_Area": 30633450.3362352}, "geometry": {"type": "MultiPolygon", "coordinates": [[[[-8571746.7329, 4679617.825099997], [-8571881.0822, 4679250.949100003], [-8572115.8861, 4678608.824900001], [-8572176.2383, 4678645.789399996], [-8572268.0764, 4678615.949500002], [-8572321.7786, 4678609.599100001], [-8572466.5117, 4678562.679099999], [-8572557.324, 4678612.324199997], [-8572590.4913, 4678644.355499998], [-8572652.5438, 4678667.827100001], [-8572761.6771, 4678762.053599998], [-8572812.3463, 4678848.452299997], [-8572865.651, 4678889.360100001], [-8572968.0442, 4678943.774300002], [-8573007.1788, 4678982.018399999], [-8573057.7101, 4678993.815499999], [-8573104.5863, 4679048.905199997], [-8573166.7332, 4679100.051899999], [-8573205.7405, 4679100.112199999], [-8573322.5998, 4679157.059], [-8573447.3412, 4679174.856700003], [-8573556.4209, 4679253.3288], [-8573595.374, 4679259.257600002], [-8573634.5829, 4679255.387500003], [-8573728.0135, 4679241.844499998], [-8573817.8148, 4679268.4147000015], [-8573845.3601, 4679257.408699997], [-8573876.7372, 4679273.220899999], [-8573930.8103, 4679265.542800002], [-8574037.0232, 4679229.703599997], [-8574090.7831, 4679216.102799997], [-8574115.9622, 4679186.187899999], [-8574110.7636, 4679139.9463], [-8574334.5982, 4679149.187799998], [-8574362.6287, 4679179.746699996], [-8574588.6391, 4679189.072899997], [-8574623.9229, 4679200.303599998], [-8574713.9762, 4679187.670400001], [-8574683.9592, 4679270.4837], [-8574597.7785, 4679278.689400002], [-8574581.3967, 4679280.249200001], [-8574441.2295, 4679280.289300002], [-8574442.3274, 4679277.077500001], [-8574428.1955, 4679273.6669000015], [-8574427.2583, 4679280.294500001], [-8574405.8626, 4679280.300399996], [-8574263.9226, 4679256.480599999], [-8574209.1851, 4679263.879199997], [-8574184.8703, 4679280.334899999], [-8574125.0564, 4679267.184900001], [-8574076.4947, 4679271.327500001], [-8573982.5325, 4679328.828699999], [-8573868.3961, 4679599.8917], [-8573885.7062, 4679608.501199998], [-8573865.5988, 4679654.504500002], [-8573827.3457, 4679639.491700001], [-8573803.2533, 4679712.836199999], [-8573788.8569, 4679705.706100002], [-8573489.8022, 4679606.658], [-8573397.3481, 4679575.858400002], [-8573425.4702, 4679516.603100002], [-8573409.5216, 4679474.321500003], [-8573367.8039, 4679460.938900001], [-8573287.1255, 4679513.109999999], [-8573266.3328, 4679504.153700002], [-8573259.7311, 4679438.684799999], [-8573037.2482, 4679415.300700001], [-8573014.7526, 4679423.088600002], [-8572988.4425, 4679380.0176], [-8572672.0151, 4679284.299599998], [-8572666.4949, 4679527.284900002], [-8571960.374, 4679855.245999999], [-8571938.9792, 4679851.1338], [-8571980.3605, 4679750.363300003], [-8571820.6615, 4679677.400300004], [-8571746.7329, 4679617.825099997]]], [[[-8576454.5827, 4679088.456799999], [-8576435.0823, 4679076.078599997], [-8576428.8117, 4679066.503399998], [-8576426.0259, 4679065.654100001], [-8576380.7197, 4679051.8440999985], [-8576363.2441, 4679031.977499999], [-8576356.5706, 4679016.374300003], [-8576355.8551, 4679011.272399999], [-8576354.2775, 4679003.6642], [-8576350.839, 4678994.620999999], [-8576345.6821, 4678982.420000002], [-8576346.2799, 4678969.577799998], [-8576343.5722, 4678955.3510000035], [-8576363.1479, 4678939.080700003], [-8576363.8141, 4678919.4318], [-8576368.5368, 4678909.944200002], [-8576370.5609, 4678906.555399999], [-8576374.6116, 4678903.8434000015], [-8576380.6844, 4678893.6774], [-8576391.4852, 4678886.219400004], [-8576404.3159, 4678886.213399999], [-8576430.6515, 4678884.845700003], [-8576453.5776, 4678814.371399999], [-8576455.5906, 4678787.269199997], [-8576487.9859, 4678749.312200002], [-8576521.0706, 4678741.1657000035], [-8576566.4231, 4678742.052000001], [-8576517.0278, 4678759.460900001], [-8576491.3791, 4678784.5418], [-8576479.802, 4678820.123999998], [-8576480.9294, 4678854.679700002], [-8576482.0553, 4678885.8913], [-8576484.2918, 4678915.9877], [-8576486.5224, 4678933.822300002], [-8576486.5359, 4678961.690499999], [-8576476.5465, 4678982.875100002], [-8576476.631, 4678996.0436], [-8576495.9696, 4679005.878700003], [-8576522.951, 4679004.615699999], [-8576525.8229, 4679004.313199997], [-8576542.8441, 4678990.260899998], [-8576557.1943, 4678967.7924000025], [-8576556.2704, 4678941.832400002], [-8576556.2165, 4678907.975699998], [-8576561.2345, 4678880.207999997], [-8576564.9702, 4678854.789800003], [-8576565.4509, 4678851.801700003], [-8576572.1151, 4678837.293099999], [-8576577.979, 4678824.6699], [-8576586.4726, 4678806.656999998], [-8576595.8036, 4678780.249799997], [-8576610.9651, 4678744.2531], [-8576609.8169, 4678710.674599998], [-8576609.8103, 4678697.2129999995], [-8576608.623, 4678678.015299998], [-8576608.9552, 4678663.559500001], [-8576608.725, 4678637.6083], [-8576604.496, 4678616.253799997], [-8576599.0898, 4678594.378300004], [-8576595.38, 4678577.7936], [-8576591.4757, 4678566.060699999], [-8576574.5558, 4678513.913699999], [-8576550.49, 4678463.7260000035], [-8576527.0798, 4678425.9256], [-8576505.8437, 4678411.606799997], [-8576481.9049, 4678422.880599998], [-8576440.5083, 4678407.328199998], [-8576422.4653, 4678384.808600001], [-8576420.6596, 4678360.621600002], [-8576421.5582, 4678344.739799999], [-8576353.3227, 4678322.6065], [-8576338.3773, 4678321.309600003], [-8576298.09, 4678316.764799997], [-8576254.5528, 4678310.265699998], [-8576227.2607, 4678305.7148], [-8576173.1667, 4678302.770800002], [-8576103.3143, 4678296.748999998], [-8576062.7922, 4678293.305799998], [-8576027.4398, 4678290.725199997], [-8575986.3872, 4678290.2184000015], [-8575955.1975, 4678287.6241], [-8575922.7107, 4678290.245499998], [-8575870.0813, 4678293.5276999995], [-8575840.1933, 4678296.1479], [-8575824.5917, 4678278.552500002], [-8575800.3348, 4678266.534199998], [-8575790.143, 4678250.534100004], [-8575766.0373, 4678238.766500004], [-8575756.1358, 4678228.740900002], [-8575749.62, 4678183.761100002], [-8575720.3679, 4678151.177199997], [-8575692.4234, 4678138.802299999], [-8575676.1849, 4678151.847000003], [-8575648.2444, 4678149.250799999], [-8575634.474, 4678139.630000003], [-8575612.303, 4678144.2075999975], [-8575609.8731, 4678144.7095], [-8575569.6283, 4678159.060500003], [-8575540.4658, 4678179.898100004], [-8575527.7963, 4678185.465499997], [-8575512.879, 4678192.020199999], [-8575493.9137, 4678202.4089], [-8575471.5004, 4678215.394299999], [-8575449.0872, 4678228.379299998], [-8575428.3981, 4678240.4987], [-8575403.3941, 4678243.103600003], [-8575388.7332, 4678235.322999999], [-8575373.2115, 4678231.003200002], [-8575360.2772, 4678229.277900003], [-8575346.7965, 4678229.7861], [-8575207.1178, 4678256.917099997], [-8575178.39, 4678256.8182], [-8575151.5547, 4678256.725299999], [-8575123.8779, 4678256.629000001], [-8575130.6272, 4678265.647600003], [-8575136.5641, 4678271.600199997], [-8575143.2416, 4678273.830799997], [-8575161.7847, 4678264.8926], [-8575166.2377, 4678270.101300001], [-8575171.4348, 4678282.008500002], [-8575172.1821, 4678297.638899997], [-8575173.6674, 4678302.104099996], [-8575174.4126, 4678311.780299999], [-8575162.5476, 4678325.1822], [-8575155.872, 4678328.162100002], [-8575134.3581, 4678328.169500001], [-8575112.8408, 4678317.756200001], [-8575077.2376, 4678321.7733], [-8575048.7943, 4678312.9705], [-8574973.1439, 4678269.332999997], [-8574950.4287, 4678256.2302], [-8574905.1188, 4678230.093800001], [-8574876.9928, 4678217.499600001], [-8574873.9384, 4678216.559], [-8574838.9671, 4678208.4657000005], [-8574809.5916, 4678217.611299999], [-8574832.4095, 4678232.643299997], [-8574827.0401, 4678245.9472], [-8574802.053, 4678247.684299998], [-8574770.5967, 4678228.242600001], [-8574759.9341, 4678214.205300003], [-8574693.6954, 4678209.414099999], [-8574658.5948, 4678205.401900001], [-8574595.2154, 4678198.155500002], [-8574569.4218, 4678195.205700003], [-8574515.0483, 4678188.986000001], [-8574488.9723, 4678181.647200003], [-8574431.8283, 4678169.155100003], [-8574427.744, 4678167.923600003], [-8574359.3824, 4678145.774099998], [-8574330.8788, 4678136.538599998], [-8574305.3627, 4678128.2711], [-8574257.3817, 4678123.149700001], [-8574233.3206, 4678120.580799997], [-8574128.898, 4678109.426700003], [-8574082.4524, 4678077.0524], [-8574054.527, 4678057.587099999], [-8574015.0273, 4678056.554200001], [-8573997.651, 4678073.350299999], [-8573975.7595, 4678100.173699997], [-8573937.1216, 4678111.799500003], [-8573901.6946, 4678105.626000002], [-8573857.0277, 4678106.408699997], [-8573829.3012, 4678096.370200001], [-8573769.3888, 4678103.4855], [-8573763.0232, 4678104.883199997], [-8573720.5221, 4678105.7875000015], [-8573683.4514, 4678121.781199999], [-8573667.5842, 4678136.584100001], [-8573648.3322, 4678141.996600002], [-8573622.9157, 4678129.638999999], [-8573590.5748, 4678151.280500002], [-8573555.1484, 4678147.424000002], [-8573458.881, 4678136.624499999], [-8573424.222, 4678116.541100003], [-8573373.5622, 4678091.6455999985], [-8573340.7298, 4678072.276100002], [-8573327.2108, 4678064.528099999], [-8573304.0362, 4678056.781999998], [-8573284.7234, 4678046.451399997], [-8573259.6188, 4678044.518200003], [-8573221.7428, 4678034.828500003], [-8573160.2628, 4678040.7294000015], [-8573140.1755, 4678033.024899997], [-8573124.0848, 4678034.7632], [-8573111.1133, 4678028.8500000015], [-8573102.7437, 4678019.1635000035], [-8573087.9343, 4677990.102799997], [-8573083.4261, 4677974.603399999], [-8573077.6295, 4677950.7080999985], [-8573057.6706, 4677921.002499998], [-8573033.8512, 4677900.984899998], [-8572998.1939, 4677841.120899998], [-8572990.8324, 4677830.659900002], [-8572986.605, 4677823.039099999], [-8572978.8798, 4677814.644500002], [-8572969.1849, 4677791.829999998], [-8572969.8265, 4677775.0385000035], [-8572973.6855, 4677753.079700001], [-8572973.077, 4677744.249799997], [-8572969.1766, 4677728.538800001], [-8572967.6457, 4677726.849799998], [-8572962.7389, 4677721.435800001], [-8572936.3436, 4677689.1479], [-8572910.1999, 4677628.225699998], [-8572888.702, 4677615.530699998], [-8572867.4596, 4677606.491899997], [-8572843.6422, 4677593.578599997], [-8572817.2504, 4677584.540100001], [-8572778.6293, 4677578.732500002], [-8572766.657, 4677580.093699999], [-8572766.2984, 4677583.341799997], [-8572747.8989, 4677584.670199998], [-8572747.7222, 4677582.2465], [-8572744.5152, 4677582.611199997], [-8572728.3452, 4677587.946000002], [-8572683.4973, 4677614.505000003], [-8572656.0306, 4677636.200499997], [-8572652.0003, 4677613.752599999], [-8572651.597, 4677611.505500004], [-8572647.9088, 4677590.950599998], [-8572636.1792, 4677525.502300002], [-8572630.483, 4677493.671300001], [-8572627.8165, 4677478.708700001], [-8572626.6576, 4677472.205600001], [-8572620.1864, 4677435.894000001], [-8572619.0466, 4677429.497900002], [-8572616.9079, 4677417.513999999], [-8572602.8253, 4677338.6000000015], [-8572586.9796, 4677249.3314], [-8572581.5357, 4677218.571999997], [-8572567.2538, 4677137.622500002], [-8572561.7238, 4677106.170000002], [-8572527.853, 4676911.913099997], [-8572525.7551, 4676899.880900003], [-8572578.0087, 4676894.062899999], [-8572612.2092, 4676890.263499998], [-8572651.7191, 4676885.884800002], [-8572652.0771, 4676883.908799998], [-8572657.6189, 4676853.301899999], [-8572665.5273, 4676809.814000003], [-8572667.2648, 4676800.291699998], [-8572676.0098, 4676731.591600001], [-8572718.2658, 4676657.448100001], [-8572741.4265, 4676592.846500002], [-8572743.577, 4676581.501000002], [-8572750.3121, 4676546.052900001], [-8572751.0439, 4676542.207999997], [-8572775.6018, 4676469.244000003], [-8572793.3595, 4676441.659900002], [-8572820.9443, 4676400.709399998], [-8572849.3726, 4676297.411799997], [-8572870.7457, 4676196.070500001], [-8572878.0003, 4676206.633699998], [-8572896.1447, 4676215.0983000025], [-8572912.4927, 4676196.8847], [-8572930.6385, 4676176.644100003], [-8572955.5419, 4676144.670000002], [-8572956.3121, 4676141.992299996], [-8572967.7523, 4676112.372500002], [-8572980.826, 4676098.239399999], [-8572995.8211, 4676079.2258], [-8573005.1647, 4676046.8147], [-8573018.8629, 4676014.4526999965], [-8573040.3142, 4675988.252899997], [-8573060.8155, 4675966.492299996], [-8573114.3019, 4675924.676600002], [-8573128.9076, 4675917.1039], [-8573154.753, 4675903.6652000025], [-8573180.5481, 4675875.217100002], [-8573187.1198, 4675867.743600003], [-8573205.8582, 4675846.418300003], [-8573231.9894, 4675816.646300003], [-8573304.9985, 4675727.708300002], [-8573317.0019, 4675717.0380000025], [-8573335.134, 4675700.913699999], [-8573353.6584, 4675684.434199996], [-8573369.6495, 4675661.7346], [-8573384.5505, 4675642.966700003], [-8573393.6313, 4675631.5858], [-8573423.4745, 4675605.683399998], [-8573473.509, 4675565.372299999], [-8573483.9214, 4675549.7914], [-8573503.6372, 4675520.290399998], [-8573510.728, 4675510.160499997], [-8573528.2184, 4675485.173199996], [-8573538.8173, 4675470.030100003], [-8573557.7108, 4675443.926399998], [-8573573.7181, 4675422.696000002], [-8573605.9166, 4675382.835500002], [-8573630.7541, 4675327.4859], [-8573653.0416, 4675278.722199999], [-8573675.9874, 4675264.354699999], [-8573728.6625, 4675238.513899997], [-8573754.8884, 4675225.6294], [-8573758.1322, 4675224.035400003], [-8573772.6941, 4675216.879600003], [-8573834.8755, 4675279.018600002], [-8573866.9098, 4675242.674099997], [-8573936.4455, 4675239.535400003], [-8573940.0569, 4675212.902999997], [-8573944.9912, 4675176.512400001], [-8573960.9719, 4675179.215999998], [-8573967.0318, 4675180.241599999], [-8573999.693, 4675185.7531], [-8574061.0145, 4675196.062600002], [-8574095.5997, 4675201.860600002], [-8574113.0512, 4675204.773599997], [-8574297.2179, 4675235.513400003], [-8574310.874, 4675237.792599998], [-8574315.597, 4675238.580799997], [-8574354.4443, 4675245.0451000035], [-8574424.6629, 4675256.7184000015], [-8574466.9627, 4675263.744099997], [-8574608.6686, 4675287.617899999], [-8574679.9707, 4675299.630000003], [-8574711.1036, 4675304.918499999], [-8574727.9406, 4675307.776799999], [-8574739.0817, 4675252.849200003], [-8574746.1631, 4675219.196699999], [-8574751.2124, 4675194.929399997], [-8574816.6013, 4675204.375500001], [-8574884.0026, 4675142.089900002], [-8574879.1307, 4675045.673500001], [-8574878.0241, 4675023.706200004], [-8574877.0469, 4675004.2808], [-8574948.6479, 4675017.495099999], [-8574958.8281, 4675019.370999999], [-8574989.1815, 4675024.964500003], [-8575208.7488, 4675065.355300002], [-8575216.5335, 4675066.787199996], [-8575227.5453, 4675055.6027000025], [-8575229.1044, 4675050.4059000015], [-8575320.5594, 4675053.770300001], [-8575385.5561, 4675056.1608000025], [-8575461.9488, 4675058.953199998], [-8575644.4914, 4675077.054099999], [-8575661.7769, 4675078.7678999975], [-8575708.959, 4675083.4208], [-8575771.5044, 4675089.575800002], [-8575773.6219, 4675089.784100004], [-8575796.9055, 4675092.486900002], [-8575846.1991, 4675098.202299997], [-8576148.3458, 4675133.064300001], [-8576197.4839, 4675138.7082], [-8576290.8961, 4675149.4179000035], [-8576346.6368, 4675155.796700001], [-8576641.565, 4675189.390900001], [-8576696.4291, 4675195.609999999], [-8576778.3149, 4675204.872199997], [-8576813.4781, 4675208.842299998], [-8577011.6345, 4675231.122699998], [-8577054.1848, 4675235.884800002], [-8577068.285, 4675237.461099997], [-8577130.5326, 4675238.359399997], [-8577157.0959, 4675238.741800003], [-8577266.0616, 4675240.305600002], [-8577329.8663, 4675188.301899999], [-8577349.4953, 4675172.3248], [-8577396.0447, 4675134.4595], [-8577421.9923, 4675113.361500002], [-8577553.6818, 4675006.277500004], [-8577560.0858, 4675013.575199999], [-8577575.2734, 4675030.864399999], [-8577603.4573, 4675062.874300003], [-8577626.385, 4675044.916100003], [-8577766.3255, 4674935.122599997], [-8577794.5201, 4674912.9673999995], [-8577841.792, 4674875.808200002], [-8577868.1001, 4674855.125600003], [-8577888.0117, 4674839.472400002], [-8577880.1976, 4674897.8352999985], [-8577875.0659, 4674970.050099999], [-8577877.5127, 4675005.9969], [-8577879.6064, 4675036.757799998], [-8577883.7189, 4675063.479199998], [-8577888.0374, 4675091.197300002], [-8577890.0154, 4675103.765500002], [-8577908.551, 4675101.563900001], [-8577919.5314, 4675100.259599999], [-8577944.5419, 4675097.295699999], [-8577967.3475, 4675093.948600002], [-8578002.9685, 4675089.2946000025], [-8578219.0609, 4675061.245800003], [-8578255.1301, 4675056.546700001], [-8578287.9135, 4675052.267700002], [-8578316.79, 4675048.498599999], [-8578343.9248, 4675044.951499999], [-8578539.2208, 4675019.348099999], [-8578572.7699, 4675014.939400002], [-8578631.9613, 4675007.1538999975], [-8578670.085, 4675002.134900004], [-8578692.0432, 4674999.242600001], [-8578872.7539, 4675054.3125], [-8578896.3521, 4675061.479000002], [-8578934.316, 4675072.995899998], [-8578959.3484, 4675080.581], [-8578974.1317, 4675085.057099998], [-8579100.1295, 4675039.396700002], [-8579124.1984, 4675030.6669000015], [-8579166.6684, 4675015.259000003], [-8579192.8356, 4675005.7641], [-8579314.6579, 4674961.569499999], [-8579333.4623, 4674954.753399998], [-8579358.9036, 4674945.536700003], [-8579379.4329, 4674938.226800002], [-8579407.2171, 4674928.342299998], [-8579418.5267, 4674924.334600002], [-8579537.7978, 4674882.068899997], [-8579403.11, 4674541.2553], [-8579723.4052, 4674336.827600002], [-8579725.6341, 4674362.918700002], [-8579858.1289, 4674350.098899998], [-8579838.7361, 4674148.141099997], [-8579947.1386, 4674148.711400002], [-8580486.4952, 4674879.1413], [-8580520.5623, 4674855.809600003], [-8580546.745, 4674837.872299999], [-8580592.7705, 4674806.3292], [-8580616.078, 4674790.3505000025], [-8580765.0484, 4674688.153399996], [-8580793.7452, 4674729.507700004], [-8580815.4634, 4674760.8059], [-8580851.8944, 4674813.3081], [-8580879.4918, 4674853.081299998], [-8581007.0609, 4675036.967699997], [-8580982.8375, 4675053.598200001], [-8580949.382, 4675076.564099997], [-8580895.6861, 4675113.418099999], [-8580855.4272, 4675141.043799996], [-8580701.2261, 4675246.798900001], [-8580661.2822, 4675274.175999999], [-8580594.5977, 4675319.861000001], [-8580558.9364, 4675344.2809000015], [-8580511.3649, 4675376.815399997], [-8580539.8828, 4675435.574600004], [-8580550.8106, 4675458.091600001], [-8580584.2339, 4675526.954499997], [-8580622.0224, 4675604.8103], [-8580633.7896, 4675629.047799997], [-8580643.0854, 4675648.192599997], [-8580648.1745, 4675658.673199996], [-8580654.9756, 4675654.240900002], [-8580675.213, 4675641.048500001], [-8580832.6878, 4675538.284100004], [-8580860.3863, 4675520.193400003], [-8580912.3995, 4675486.2136999965], [-8580935.787, 4675470.931500003], [-8581087.8439, 4675371.531499997], [-8581122.3935, 4675348.938500002], [-8581177.6452, 4675312.803199999], [-8581209.0177, 4675292.2826000005], [-8581347.4699, 4675201.706699997], [-8581369.5233, 4675187.277400002], [-8581410.2569, 4675160.624399997], [-8581436.4459, 4675143.487599999], [-8581477.2344, 4675116.794699997], [-8581514.7752, 4675092.2272000015], [-8581593.5527, 4675040.672899999], [-8581617.4523, 4675025.0309000015], [-8581660.5789, 4674996.804300003], [-8581687.6318, 4674979.097199999], [-8581836.2879, 4674881.7836000025], [-8581856.3585, 4674868.640600003], [-8581864.5357, 4674863.285899997], [-8581848.3182, 4674828.656199999], [-8581838.1626, 4674806.9723000005], [-8581781.4846, 4674685.972499996], [-8581769.9512, 4674661.351999998], [-8581750.1314, 4674619.0429000035], [-8581737.8895, 4674592.910099998], [-8581725.7778, 4674567.055399999], [-8581846.5659, 4674449.355700001], [-8581872.3843, 4674424.188199997], [-8581915.3481, 4674382.2984], [-8581936.1575, 4674362.005400002], [-8582010.0088, 4674289.967], [-8582053.2853, 4674269.183399998], [-8582087.6338, 4674252.684199996], [-8582138.3273, 4674228.328400001], [-8582164.4901, 4674215.7557], [-8582205.9863, 4674195.810900003], [-8582283.1905, 4674315.794399999], [-8582302.5785, 4674345.931500003], [-8582334.1936, 4674395.0825999975], [-8582353.4235, 4674424.983999997], [-8582450.1503, 4674575.453000002], [-8582469.63, 4674605.769900002], [-8582496.6584, 4674647.8434000015], [-8582515.5869, 4674677.314199999], [-8582523.906, 4674690.267999999], [-8582657.4998, 4674806.985100001], [-8582689.2896, 4674834.774800003], [-8582727.0034, 4674867.750200003], [-8582755.8942, 4674893.016400002], [-8582885.0723, 4675006.032700002], [-8582915.0835, 4675032.2971], [-8582969.6524, 4675080.064900003], [-8583004.7964, 4675110.836800002], [-8583148.0367, 4675236.317500003], [-8583172.2842, 4675257.567299999], [-8583212.0907, 4675292.457400002], [-8583231.4251, 4675324.271700002], [-8583294.9042, 4675448.5266999975], [-8583255.9594, 4675493.488200001], [-8583234.9576, 4675517.744800001], [-8583190.2505, 4675569.409900002], [-8583174.5191, 4675587.599699996], [-8583074.2946, 4675703.658], [-8583057.5275, 4675723.110299997], [-8583030.6902, 4675754.2754999995], [-8583014.3195, 4675773.306400001], [-8582917.0746, 4675886.788199998], [-8582900.4381, 4675906.295699999], [-8582875.1662, 4675935.920699999], [-8582864.0273, 4675948.861199997], [-8582816.9223, 4676002.436800003], [-8582770.7684, 4675949.143799998], [-8582756.4269, 4675932.384300001], [-8582731.3903, 4675903.222599998], [-8582719.1808, 4675889.019000001], [-8582678.7472, 4675842.006399997], [-8582744.9288, 4675949.4201000035], [-8582758.3011, 4675971.3517], [-8582778.9711, 4676004.568999998], [-8582788.0397, 4676018.822899997], [-8582795.8528, 4676030.784599997], [-8582805.288, 4676045.229500003], [-8582878.1448, 4675961.593500003], [-8582914.5862, 4675990.5266999975], [-8582932.4236, 4676004.676200002], [-8582967.5193, 4676032.490900002], [-8582983.7848, 4676045.372100003], [-8583097.7248, 4676135.485699996], [-8583116.8526, 4676150.598899998], [-8583150.4107, 4676177.106899999], [-8583172.3098, 4676194.401500002], [-8583284.3522, 4676283.390500002], [-8583266.2196, 4676298.398800001], [-8583234.1098, 4676326.077100001], [-8583208.1188, 4676350.677000001], [-8583183.6476, 4676366.061399996], [-8583143.9091, 4676415.247500002], [-8583081.402, 4676481.3486], [-8583050.4349, 4676509.3972999975], [-8583035.1483, 4676526.306999996], [-8583016.8021, 4676544.7557], [-8582990.8168, 4676575.498400003], [-8582960.2515, 4676616.995800003], [-8582935.1009, 4676657.114299998], [-8582881.1434, 4676707.053800002], [-8582828.6006, 4676746.269500002], [-8582822.3903, 4676750.564800002], [-8582790.5506, 4676772.590000004], [-8582759.2087, 4676794.277599998], [-8582733.5189, 4676810.440300003], [-8582701.5906, 4676820.828599997], [-8582668.7963, 4676808.849299997], [-8582613.1211, 4676808.8456000015], [-8582570.1968, 4676816.341200002], [-8582518.5528, 4676830.772], [-8582515.603, 4676831.744499996], [-8582480.9785, 4676843.159199998], [-8582453.1556, 4676852.329999998], [-8582415.909, 4676858.156199999], [-8582389.4336, 4676862.120899998], [-8582353.9183, 4676867.088100001], [-8582342.4634, 4676854.154799998], [-8582262.4332, 4676876.405000001], [-8582225.2222, 4676899.8728], [-8582199.5141, 4676916.5803999975], [-8582177.1816, 4676918.774899997], [-8582166.2971, 4676933.086599998], [-8582139.3209, 4676952.426700003], [-8582141.8054, 4676968.759400003], [-8582127.1771, 4676977.5704], [-8582114.091, 4676984.419200003], [-8582069.9947, 4677005.146200001], [-8582008.805, 4677033.992899999], [-8581965.0889, 4677051.0691], [-8581939.9945, 4677064.3816], [-8581917.5705, 4677079.4076000005], [-8581897.3562, 4677096.2148], [-8581884.7363, 4677111.260200001], [-8581855.4064, 4677134.1395], [-8581775.9351, 4677148.778499998], [-8581735.3551, 4677155.146300003], [-8581714.4867, 4677159.722000003], [-8581706.737, 4677161.4212], [-8581681.5337, 4677169.941], [-8581662.7528, 4677176.659599997], [-8581654.9493, 4677179.4614999965], [-8581649.5617, 4677180.693999998], [-8581619.0014, 4677188.291599996], [-8581578.2755, 4677209.131800003], [-8581535.7359, 4677230.509099998], [-8581497.587, 4677249.883500002], [-8581474.7904, 4677259.055200003], [-8581454.4056, 4677264.909500003], [-8581446.5265, 4677267.172200002], [-8581424.027, 4677278.026299998], [-8581397.8416, 4677284.234899998], [-8581370.1184, 4677293.536399998], [-8581327.2567, 4677302.968999997], [-8581293.5838, 4677312.6963], [-8581254.4937, 4677325.058499999], [-8581235.2726, 4677329.122500002], [-8581208.1534, 4677334.854999997], [-8581204.6597, 4677335.593199998], [-8581177.4064, 4677343.260600001], [-8581168.4372, 4677345.784199998], [-8581156.7827, 4677342.432599999], [-8581132.9089, 4677349.411200002], [-8581072.0631, 4677361.061899997], [-8581037.4002, 4677363.412900001], [-8581003.6659, 4677368.200999998], [-8580975.6759, 4677375.324199997], [-8580951.425, 4677369.542300001], [-8580930.3512, 4677370.583300002], [-8580898.6642, 4677372.331799999], [-8580874.3222, 4677371.127700001], [-8580856.2384, 4677368.8226], [-8580829.9692, 4677368.1105], [-8580801.7586, 4677365.418200001], [-8580784.7278, 4677362.406199999], [-8580773.725, 4677354.254900001], [-8580757.3534, 4677352.001199998], [-8580733.033, 4677344.889200002], [-8580707.3125, 4677336.996299997], [-8580687.6629, 4677321.770800002], [-8580656.0721, 4677304.6061], [-8580618.409, 4677284.980999999], [-8580596.2036, 4677273.673500001], [-8580549.2071, 4677236.811999999], [-8580538.315, 4677230.943599999], [-8580522.1232, 4677213.954300001], [-8580515.9499, 4677201.5934000015], [-8580493.5876, 4677175.335000001], [-8580478.5174, 4677146.499499999], [-8580468.1308, 4677133.621299997], [-8580428.4332, 4677131.085699998], [-8580413.7999, 4677134.189999998], [-8580392.2356, 4677139.618799999], [-8580364.5109, 4677147.372000001], [-8580351.4207, 4677153.566299997], [-8580341.6483, 4677161.914899997], [-8580336.0254, 4677166.718599997], [-8580326.0173, 4677173.6831], [-8580297.2073, 4677196.483900003], [-8580293.0738, 4677208.1620000005], [-8580271.4779, 4677232.353699997], [-8580259.8709, 4677248.536700003], [-8580255.3707, 4677270.918899998], [-8580263.8105, 4677284.1696000025], [-8580265.5167, 4677318.659000002], [-8580280.6208, 4677332.946900003], [-8580297.3926, 4677336.297499999], [-8580319.1892, 4677332.913900003], [-8580329.2557, 4677338.794100001], [-8580346.0457, 4677363.1752], [-8580346.0651, 4677385.888800003], [-8580331.8272, 4677404.4086000025], [-8580324.2868, 4677411.1450999975], [-8580313.398, 4677423.773100004], [-8580300.8168, 4677418.736599997], [-8580308.4975, 4677404.6646], [-8580319.2353, 4677386.753200002], [-8580307.4826, 4677369.938600004], [-8580283.1605, 4677361.5471], [-8580234.5347, 4677366.636], [-8580187.5958, 4677383.500799999], [-8580168.8071, 4677399.686800003], [-8580164.136, 4677403.710699998], [-8580144.8539, 4677406.250699997], [-8580128.8875, 4677413.793899998], [-8580122.6324, 4677416.240500003], [-8580100.4382, 4677433.207900003], [-8580090.3817, 4677439.1052], [-8580058.4928, 4677453.813100003], [-8580022.3745, 4677494.945900001], [-8579995.9988, 4677522.410499997], [-8579976.8294, 4677533.064000003], [-8579944.1575, 4677567.5825999975], [-8579933.9549, 4677593.493500002], [-8579918.4046, 4677611.631300002], [-8579875.4649, 4677643.352600001], [-8579857.1348, 4677684.298900001], [-8579837.7771, 4677697.224699996], [-8579817.6659, 4677712.3838], [-8579800.9036, 4677721.651299998], [-8579772.4476, 4677741.842799999], [-8579751.4712, 4677768.802500002], [-8579734.7176, 4677789.006700002], [-8579705.5822, 4677812.953100003], [-8579680.9088, 4677833.833400004], [-8579666.6246, 4677846.230700001], [-8579637.3954, 4677857.336300001], [-8579616.6121, 4677867.783299997], [-8579604.5776, 4677875.4331], [-8579579.5874, 4677880.850299999], [-8579552.308, 4677893.258000001], [-8579515.9486, 4677926.533200003], [-8579489.9778, 4677950.674000002], [-8579475.5228, 4677969.758599997], [-8579457.9246, 4677983.232799999], [-8579432.7825, 4678000.078299999], [-8579414.7718, 4678011.337700002], [-8579388.1487, 4678032.871200003], [-8579366.7181, 4678047.229699999], [-8579346.4699, 4678069.9723000005], [-8579273.2047, 4678113.795999996], [-8579241.3903, 4678145.112099998], [-8579225.1515, 4678151.643600002], [-8579176.1008, 4678169.944899999], [-8579139.4014, 4678175.176799998], [-8579071.8388, 4678191.524899997], [-8578971.8367, 4678209.6976], [-8578957.5445, 4678209.779799998], [-8578925.0867, 4678209.966600001], [-8578903.7271, 4678204.830300003], [-8578871.8826, 4678195.726400003], [-8578842.6357, 4678184.6647000015], [-8578819.8808, 4678165.775399998], [-8578776.3255, 4678134.514300004], [-8578735.388, 4678129.979999997], [-8578706.1545, 4678137.823399998], [-8578673.6651, 4678135.238399997], [-8578640.8723, 4678148.4076000005], [-8578624.9325, 4678136.6404], [-8578591.1365, 4678120.301799998], [-8578548.2524, 4678119.679499999], [-8578526.8129, 4678122.953599997], [-8578508.6251, 4678130.789300002], [-8578467.8183, 4678147.812700003], [-8578433.6236, 4678164.084899999], [-8578387.8367, 4678184.194399998], [-8578358.0401, 4678196.3325999975], [-8578323.8057, 4678208.719400004], [-8578287.9052, 4678219.2236], [-8578279.4408, 4678225.517099999], [-8578263.8385, 4678213.141099997], [-8578240.447, 4678201.8499], [-8578219.3322, 4678189.595299996], [-8578187.4933, 4678188.312399998], [-8578147.3689, 4678197.7038], [-8578117.1817, 4678196.881999999], [-8578102.1389, 4678191.761299998], [-8578097.053, 4678190.164499998], [-8578088.6657, 4678186.804899998], [-8578071.8338, 4678183.171800002], [-8578046.4897, 4678177.320600003], [-8578034.7932, 4678176.0242], [-8578013.1898, 4678171.709200002], [-8578004.8008, 4678165.825499997], [-8577995.7728, 4678119.984099999], [-8577993.1598, 4678097.820699997], [-8577981.4506, 4678075.6630000025], [-8577938.313, 4678037.474100001], [-8577895.6484, 4678018.348899998], [-8577861.9221, 4678008.171800002], [-8577837.6027, 4678003.9804000035], [-8577825.2322, 4677996.473899998], [-8577814.1787, 4677983.442599997], [-8577777.786, 4677971.730700001], [-8577752.889, 4677961.967500001], [-8577729.4023, 4677947.679899998], [-8577711.6776, 4677927.1928], [-8577720.049, 4677904.472900003], [-8577722.56, 4677896.899899997], [-8577730.9293, 4677870.814599998], [-8577732.6011, 4677862.401000001], [-8577725.0451, 4677846.4212], [-8577706.5838, 4677822.035400003], [-8577692.3215, 4677808.5836], [-8577682.2642, 4677816.1611], [-8577698.2095, 4677839.7070999965], [-8577712.4739, 4677856.524099998], [-8577712.4899, 4677883.445100002], [-8577697.4168, 4677916.2645], [-8577679.6592, 4677945.061899997], [-8577659.5262, 4677960.067900002], [-8577643.9401, 4677973.115400001], [-8577614.7121, 4677990.733999997], [-8577600.4244, 4678001.825000003], [-8577591.6682, 4678011.815200001], [-8577578.6757, 4678015.734399997], [-8577565.0382, 4678028.1285], [-8577553.9972, 4678035.9580999985], [-8577543.6065, 4678045.090800002], [-8577536.4668, 4678058.133100003], [-8577522.1811, 4678073.135600001], [-8577511.7939, 4678088.135499999], [-8577508.5519, 4678099.872000001], [-8577496.2131, 4678110.9614999965], [-8577490.1423, 4678121.360600002], [-8577466.3457, 4678147.486299999], [-8577449.4722, 4678182.699600004], [-8577442.8449, 4678188.253700003], [-8577434.9878, 4678197.156900004], [-8577401.9437, 4678246.950000003], [-8577372.0802, 4678291.950000003], [-8577356.9722, 4678317.7782000005], [-8577345.2006, 4678335.978600003], [-8577312.175, 4678382.996699996], [-8577292.7015, 4678418.211599998], [-8577277.8293, 4678447.831600003], [-8577254.3982, 4678477.559199996], [-8577241.4195, 4678508.207699999], [-8577218.0466, 4678542.7733], [-8577205.0621, 4678562.990699999], [-8577189.4796, 4678585.165399998], [-8577171.748, 4678607.836800002], [-8577147.7254, 4678643.7070999965], [-8577129.8875, 4678663.296999998], [-8577122.4001, 4678673.710500002], [-8577112.6603, 4678686.754799999], [-8577106.8175, 4678696.537299998], [-8577094.4768, 4678706.323100001], [-8577076.9452, 4678729.8028], [-8577058.7625, 4678751.327200003], [-8577047.0737, 4678765.024599999], [-8577011.9932, 4678780.690499999], [-8576986.6597, 4678797.002700001], [-8576956.132, 4678821.1413], [-8576912.8296, 4678866.052699998], [-8576885.0469, 4678894.658399999], [-8576845.686, 4678935.843900003], [-8576833.6862, 4678951.523699999], [-8576807.0525, 4678980.105599999], [-8576774.8091, 4679004.932599999], [-8576755.2519, 4679019.321099997], [-8576732.4133, 4679032.302100003], [-8576712.2733, 4679040.788099997], [-8576640.8102, 4679073.422499999], [-8576581.0364, 4679091.055600002], [-8576550.4944, 4679089.766500004], [-8576526.9287, 4679082.104199998], [-8576501.6836, 4679092.212200001], [-8576471.4184, 4679092.2205], [-8576454.5827, 4679088.456799999]]]]}}, {"type": "Feature", "properties": {"OBJECTID": 137, "CreationDate": "2025-01-14T11:11:11Z", "Creator": "NPS_WASO_LANDS", "EditDate": "2025-01-14T11:11:11Z", "Editor": "NPS_WASO_LANDS", "GlobalID": "{0FD51819-E28B-422E-B5B6-1B5D00A40BFF}", "AreaID": 121, "UNIT_CODE": "MONO", "GIS_Notes": "Lands - http://landsnet.nps.gov/tractsnet/documents/MONO/Metadata/mono_metadata.xml", "UNIT_NAME": "Monocacy National Battlefield", "DATE_EDIT": "2023-12-18T00:00:00Z", "STATE": "MD", "REGION": "NC", "GNIS_ID": "588388", "UNIT_TYPE": "National Battlefield", "CREATED_BY": "Lands", "METADATA": "https://irma.nps.gov/DataStore/Reference/Profile/1048181", "PARKNAME": "Monocacy", "SHAPE_Length": 24375.343281258138, "SHAPE_Area": 10995173.205077546}, "geometry": {"type": "MultiPolygon", "coordinates": [[[[-8614656.3009, 4773482.381700002], [-8614690.8227, 4773463.378600001], [-8614732.0436, 4773538.870999999], [-8614697.5218, 4773557.874499999], [-8614656.3009, 4773482.381700002]]], [[[-8613913.4928, 4775217.243699998], [-8614193.2652, 4774946.494900003], [-8613285.1685, 4774459.460500002], [-8613272.4351, 4774462.057099998], [-8613270.8658, 4774371.648599997], [-8613270.775, 4774349.4221], [-8613268.4189, 4774251.6096], [-8613276.3816, 4774233.748899996], [-8613295.8501, 4774232.847499996], [-8613747.2021, 4774453.549999997], [-8614290.1953, 4773659.975100003], [-8614321.6578, 4773684.109499998], [-8614355.7558, 4773635.699500002], [-8614448.6866, 4773705.862800002], [-8614613.6512, 4773781.924900003], [-8614818.0792, 4774273.707500003], [-8614830.132, 4774256.326700002], [-8615006.7241, 4773862.1897], [-8615012.6442, 4773822.047399998], [-8614990.5898, 4773783.965300001], [-8614932.5262, 4773725.886100002], [-8614906.5965, 4773696.394900002], [-8614880.6667, 4773666.9036], [-8614872.7311, 4773660.097199999], [-8614760.2157, 4773538.924800001], [-8614708.109, 4773441.529700004], [-8614718.692, 4773426.357900001], [-8614734.0761, 4773403.247299999], [-8615013.7396, 4773003.372299999], [-8614989.4338, 4772989.411700003], [-8614921.1292, 4772950.180200003], [-8614633.7568, 4772785.363700002], [-8614648.0948, 4772771.354599997], [-8614804.0097, 4772620.235699996], [-8614726.1296, 4772570.074699998], [-8614719.9405, 4772566.194799997], [-8614625.2359, 4772494.118000001], [-8614567.2525, 4772449.965400003], [-8614455.3463, 4772379.515600003], [-8614802.3233, 4772070.652000003], [-8614820.8277, 4771920.481399998], [-8614890.0316, 4771970.5361], [-8615005.464, 4771986.511100002], [-8615158.7874, 4771890.971199997], [-8615243.7153, 4771839.255500004], [-8614838.2701, 4771213.2326000035], [-8614852.3778, 4771078.342], [-8615217.783, 4770806.793499999], [-8615424.8681, 4770970.6589], [-8615221.538, 4771273.422600001], [-8615556.2386, 4771511.2073], [-8615672.3526, 4771649.2907000035], [-8615728.8562, 4771739.2761999965], [-8615564.7269, 4771958.045400001], [-8615678.9095, 4772014.557099998], [-8615686.5917, 4772022.7798999995], [-8615730.5109, 4771959.805200003], [-8615874.7818, 4771635.010700002], [-8616123.0621, 4771313.535099998], [-8616687.7768, 4771593.858199999], [-8617034.3991, 4771780.679300003], [-8616917.8367, 4771963.561999999], [-8616974.8244, 4772109.239200003], [-8617156.4777, 4772347.409500003], [-8617338.1394, 4772585.582400002], [-8617414.1365, 4772779.827500001], [-8617395.349, 4773063.5581], [-8617449.2407, 4773086.3068], [-8617433.6469, 4773320.579499997], [-8617411.0251, 4773436.635200001], [-8617302.9904, 4773611.421599999], [-8617191.6491, 4773720.995499998], [-8617057.3683, 4773800.5363000035], [-8616969.4275, 4773838.999399997], [-8616880.9708, 4773877.048799999], [-8616881.486, 4773877.461900003], [-8617207.1997, 4774138.6044000015], [-8617175.1205, 4774160.132100001], [-8616471.8107, 4774596.641599998], [-8616438.7523, 4774615.043099999], [-8616422.0496, 4774623.043300003], [-8616350.3105, 4774649.649300002], [-8616356.2731, 4774674.383699998], [-8616485.9733, 4774968.214900002], [-8616551.3954, 4774930.393299997], [-8616595.5851, 4775005.6602], [-8616946.8027, 4775144.101499997], [-8616805.519, 4775591.8994999975], [-8616788.954, 4775585.416500002], [-8616695.2584, 4775540.003300004], [-8616364.8162, 4775410.663999997], [-8616165.4383, 4775531.189199999], [-8615812.0961, 4775744.7733], [-8615803.6625, 4775749.870999999], [-8615783.618, 4775762.326200001], [-8615870.6189, 4775938.606899999], [-8615709.056, 4775925.8401999995], [-8615510.5789, 4775910.152900003], [-8615499.6511, 4775883.6734], [-8615492.0177, 4775869.3442], [-8615463.4797, 4775830.109399997], [-8615330.6985, 4775684.1435], [-8615305.1835, 4775655.075199999], [-8615280.7297, 4775624.0858], [-8615259.2936, 4775592.344300002], [-8615240.0708, 4775559.433399998], [-8615220.8369, 4775521.3508], [-8615205.1296, 4775485.743600003], [-8615191.1594, 4775448.990800001], [-8615158.9565, 4775444.313600004], [-8615163.1497, 4775455.199600004], [-8615148.7115, 4775439.039499998], [-8615050.1144, 4775457.202100001], [-8614982.7556, 4775376.9855], [-8614807.8787, 4775245.203400001], [-8614771.6013, 4775198.053300001], [-8614685.4972, 4775194.497699998], [-8614615.4907, 4775359.694200002], [-8614533.0245, 4775536.886799999], [-8614443.8062, 4775709.083499998], [-8614423.9234, 4775799.292499997], [-8614321.8512, 4775992.494900003], [-8614218.809, 4776185.4067], [-8614198.6723, 4776227.254600003], [-8614180.593, 4776264.8266], [-8614162.5127, 4776302.398199998], [-8614106.2122, 4776419.392499998], [-8613925.5818, 4776318.6559000015], [-8614057.7165, 4776095.784000002], [-8614201.9727, 4775852.458400004], [-8613676.6379, 4775540.336000003], [-8613685.1068, 4775528.1325], [-8613791.8578, 4775369.758699998], [-8613913.4928, 4775217.243699998]]]]}}, {"type": "Feature", "properties": {"OBJECTID": 147, "CreationDate": "2025-01-14T11:11:11Z", "Creator": "NPS_WASO_LANDS", "EditDate": "2025-01-14T11:11:11Z", "Editor": "NPS_WASO_LANDS", "GlobalID": "{9EC0A29C-22D5-4C87-93EC-25857B62A797}", "AreaID": 134, "UNIT_CODE": "ASIS", "GIS_Notes": "Lands - http://landsnet.nps.gov/tractsnet/documents/ASIS/Metadata/asis_metadata.xml", "UNIT_NAME": "Assateague Island National Seashore", "DATE_EDIT": "2024-03-08T00:00:00Z", "STATE": "MD", "REGION": "NE", "GNIS_ID": "589056", "UNIT_TYPE": "National Seashore", "CREATED_BY": "Lands", "METADATA": "https://irma.nps.gov/DataStore/Reference/Profile/2301702", "PARKNAME": "Assateague Island", "SHAPE_Length": 176076.52793227555, "SHAPE_Area": 318765250.7115666}, "geometry": {"type": "MultiPolygon", "coordinates": [[[[-8381736.8598, 4599036.196199998], [-8381745.5558, 4599025.7667], [-8381750.7905, 4599032.7861], [-8381753.6468, 4599036.616300002], [-8381753.6746, 4599036.653700002], [-8381744.979499999, 4599047.083899997], [-8381736.8598, 4599036.196199998]]], [[[-8366536.4606, 4614154.625299998], [-8366547.931600001, 4614146.4772000015], [-8366556.453199999, 4614137.728799999], [-8366567.7257, 4614126.062200002], [-8366574.0781, 4614118.080799997], [-8366578.0627999995, 4614107.347999997], [-8366583.387700001, 4614096.912699997], [-8366586.4783, 4614090.487199999], [-8366590.3869, 4614083.537699997], [-8366600.8302, 4614072.935800001], [-8366609.077299999, 4614064.452], [-8366618.6534, 4614056.806299999], [-8366627.680500001, 4614049.690099999], [-8366635.7019, 4614039.039099999], [-8366642.0976, 4614028.895800002], [-8366648.5801, 4614014.428999998], [-8366654.206599999, 4614002.377899997], [-8366656.603599999, 4613990.261399999], [-8366660.696900001, 4613974.124200001], [-8366664.434, 4613962.305200003], [-8366667.736099999, 4613945.3411], [-8366670.983899999, 4613931.079099998], [-8366674.323999999, 4613912.223499998], [-8366674.2611, 4613901.949600004], [-8366674.850500001, 4613886.0119], [-8366675.263, 4613865.4750000015], [-8366675.5637, 4613837.0964], [-8366675.959899999, 4613817.370300002], [-8366676.701199999, 4613793.866499998], [-8366678.6686, 4613776.335000001], [-8366680.3993999995, 4613757.176600002], [-8366684.0030000005, 4613738.597000003], [-8366693.532299999, 4613719.866999999], [-8366701.716, 4613701.1098000035], [-8366711.702, 4613686.443999998], [-8366716.580600001, 4613671.4043999985], [-8366719.0263, 4613656.856399998], [-8366723.3883, 4613640.725199997], [-8366729.283500001, 4613628.679899998], [-8366734.6731, 4613615.002400003], [-8366738.0758, 4613606.420900002], [-8366741.886499999, 4613604.335500002], [-8366747.817500001, 4613603.914899997], [-8366753.990599999, 4613604.8508], [-8366764.167300001, 4613607.489699997], [-8366783.3003, 4613606.525399998], [-8366804.667400001, 4613601.5515], [-8366827.3961, 4613595.793899998], [-8366843.606899999, 4613592.8781], [-8366855.275699999, 4613588.248400003], [-8366870.986300001, 4613583.430100001], [-8366891.293099999, 4613577.623499997], [-8366903.236400001, 4613572.7289], [-8366913.0864, 4613564.818499997], [-8366920.316, 4613553.340800002], [-8366941.899700001, 4613537.557999998], [-8366965.301899999, 4613525.0559], [-8366988.715, 4613512.0132], [-8367002.693399999, 4613499.590800002], [-8367015.429300001, 4613482.006999999], [-8367025.8879, 4613470.5945999995], [-8367034.4572, 4613459.414399996], [-8367047.6446, 4613446.164999999], [-8367063.4847, 4613434.861400001], [-8367085.8862, 4613418.554300003], [-8367114.967700001, 4613391.299199998], [-8367136.987600001, 4613367.145199999], [-8367146.181600001, 4613351.652500004], [-8367153.1687, 4613338.818499997], [-8367160.5008000005, 4613322.206900001], [-8367167.439099999, 4613311.804700002], [-8367174.662799999, 4613300.597400002], [-8367184.680199999, 4613284.310500003], [-8367191.365700001, 4613273.092299998], [-8367201.0923999995, 4613257.880800001], [-8367205.3506000005, 4613246.8838], [-8367207.0803, 4613227.726499997], [-8367208.217700001, 4613211.260300003], [-8367206.180299999, 4613192.026799999], [-8367202.7487, 4613175.197999999], [-8367201.168199999, 4613160.0286], [-8367212.7828, 4613165.189099997], [-8367262.422800001, 4613187.244499996], [-8367291.884, 4613200.334200002], [-8367304.5482, 4613205.9608], [-8367287.7917, 4613243.989500001], [-8367261.780300001, 4613303.021499999], [-8367155.5888, 4613544.0163], [-8366998.0331999995, 4613750.6954], [-8367250.5233, 4613862.8816], [-8367260.644300001, 4613858.685999997], [-8367263.323899999, 4613857.575099997], [-8367260.432499999, 4613851.058200002], [-8367253.4352, 4613840.135200001], [-8367247.0647, 4613828.835199997], [-8367241.3412, 4613817.194200002], [-8367236.2828, 4613805.2491], [-8367231.9057, 4613793.037900001], [-8367228.2238, 4613780.599399999], [-8367225.2487, 4613767.973099999], [-8367222.9899, 4613755.199299999], [-8367221.454700001, 4613742.318400003], [-8367220.6479, 4613729.371600002], [-8367220.572000001, 4613716.399800003], [-8367221.227299999, 4613703.444300003], [-8367222.6117, 4613690.546400003], [-8367351.832699999, 4613332.556900002], [-8367351.0769, 4613324.646899998], [-8367349.6733, 4613321.585199997], [-8367348.819499999, 4613318.327100001], [-8367348.541200001, 4613314.9705], [-8367348.8467, 4613311.616300002], [-8367349.7269, 4613308.365199998], [-8367351.155300001, 4613305.314999998], [-8367353.089, 4613302.557300001], [-8367355.469900001, 4613300.174900003], [-8367358.226399999, 4613298.239500001], [-8367361.275699999, 4613296.809199996], [-8367364.5263, 4613295.927000001], [-8367367.8803, 4613295.619400002], [-8367371.2371, 4613295.8955999985], [-8367374.4957, 4613296.747400001], [-8367387.3662, 4613243.291100003], [-8367395.2213, 4613210.6655], [-8367397.890900001, 4613199.577600002], [-8367397.909499999, 4613199.500200003], [-8367410.686899999, 4613207.382799998], [-8367484.283299999, 4613252.785700001], [-8367579.327299999, 4613311.4186], [-8367607.1721, 4613328.595899999], [-8367692.930500001, 4613378.045599997], [-8367743.6007, 4613407.262500003], [-8367620.881999999, 4613538.265000001], [-8367327.3226, 4613851.627599999], [-8367302.0724, 4613878.580300003], [-8367269.125600001, 4613913.748300001], [-8366954.184599999, 4614249.910700001], [-8366941.772600001, 4614263.158699997], [-8366928.5415, 4614239.411700003], [-8366905.817, 4614198.626000002], [-8366903.0679, 4614196.000500001], [-8366896.548599999, 4614189.774400003], [-8366884.068499999, 4614180.483199999], [-8366857.628799999, 4614160.7993], [-8366851.631899999, 4614163.633400001], [-8366677.182399999, 4614246.071900003], [-8366633.0724, 4614266.916199997], [-8366483.6054, 4614308.285700001], [-8366482.934599999, 4614307.649700001], [-8366407.767899999, 4614236.384800002], [-8366404.318, 4614232.514200002], [-8366407.638900001, 4614228.249700002], [-8366409.878699999, 4614223.969700001], [-8366414.0132, 4614219.187399998], [-8366419.7678, 4614214.167599998], [-8366425.209899999, 4614211.304200001], [-8366435.2268, 4614208.5336000025], [-8366445.2653, 4614204.681900002], [-8366456.945800001, 4614199.512000002], [-8366472.141100001, 4614193.602300003], [-8366484.096000001, 4614188.167499997], [-8366498.5165, 4614180.619800001], [-8366510.2458, 4614173.017800003], [-8366524.171399999, 4614163.297399998], [-8366536.4606, 4614154.625299998]]], [[[-8358824.138499999, 4625093.004900001], [-8358787.047, 4625061.019000001], [-8358228.4339000005, 4625122.609300002], [-8358228.938999999, 4625113.335699998], [-8358230.6459, 4625090.961000003], [-8358232.8386, 4625068.629299998], [-8358235.515900001, 4625046.350900002], [-8358238.6765, 4625024.136299998], [-8358242.3188000005, 4625001.996600002], [-8358246.441299999, 4624979.941699997], [-8358251.042099999, 4624957.9826000035], [-8358256.1186999995, 4624936.129299998], [-8358261.6689, 4624914.3926], [-8358267.6899, 4624892.782799996], [-8358274.1788, 4624871.310099997], [-8358281.1327, 4624849.984499998], [-8358288.5484, 4624828.816399999], [-8358296.422, 4624807.816], [-8358304.7498, 4624786.992899999], [-8358313.528100001, 4624766.357199997], [-8358322.752699999, 4624745.918700002], [-8358332.419, 4624725.687200002], [-8358342.522500001, 4624705.672399998], [-8358353.0583, 4624685.883699998], [-8358357.649499999, 4624677.694700003], [-8358357.3598, 4624677.5227999985], [-8358369.4723000005, 4624656.964400001], [-8358369.5254, 4624656.995999999], [-8358375.4068, 4624647.022100002], [-8358387.208900001, 4624627.967600003], [-8358399.422, 4624609.176299997], [-8358412.0403, 4624590.656999998], [-8358425.0581, 4624572.4186], [-8358438.468900001, 4624554.469800003], [-8358452.2665, 4624536.818899997], [-8358466.444, 4624519.4745000005], [-8358480.994999999, 4624502.444799997], [-8358495.9125, 4624485.737800002], [-8358500.8452, 4624480.450199999], [-8358511.189300001, 4624469.3618], [-8358526.8182, 4624453.324000001], [-8358542.7916, 4624437.632600002], [-8358554.0977, 4624426.9318], [-8358554.4164, 4624426.560699999], [-8358558.5834, 4624421.829400003], [-8358606.862500001, 4624367.076700002], [-8358611.5778, 4624360.9604], [-8358668.758400001, 4624281.348200001], [-8358713.110099999, 4624208.474399999], [-8358714.262499999, 4624206.424599998], [-8358742.7480999995, 4624152.078100003], [-8358745.2129999995, 4624146.989699997], [-8358774.2487, 4624080.339100003], [-8358782.9725, 4624058.199500002], [-8358788.0605, 4624043.962399997], [-8358803.2062, 4623993.9564], [-8358830.0309999995, 4623888.730499998], [-8358842.7346, 4623843.2678999975], [-8358847.843, 4623826.964400001], [-8358856.8429000005, 4623799.053099997], [-8358869.707900001, 4623761.628799997], [-8358890.6305, 4623708.908799998], [-8358899.828299999, 4623687.476199999], [-8358923.519400001, 4623636.197400004], [-8358945.226500001, 4623594.7949], [-8358990.638, 4623512.763300002], [-8359004.146400001, 4623489.1049000025], [-8359018.2765, 4623465.8125], [-8359033.018300001, 4623442.902400002], [-8359048.3616, 4623420.390600003], [-8359064.295499999, 4623398.292999998], [-8359080.809, 4623376.625], [-8359178.7257, 4623251.617600001], [-8359187.7599, 4623240.250200003], [-8359233.5744, 4623183.432499997], [-8359250.365599999, 4623163.179200001], [-8359267.6701, 4623143.3627], [-8359285.476600001, 4623123.996100001], [-8359303.773499999, 4623105.092100002], [-8359322.548699999, 4623086.6630000025], [-8359353.916999999, 4623056.653099999], [-8359358.9759, 4623050.872699998], [-8359412.338300001, 4622979.0348000005], [-8359417.177300001, 4622972.573299997], [-8359569.671, 4622770.610100001], [-8359575.4968, 4622761.663999997], [-8359583.8138999995, 4622749.088100001], [-8359631.4849, 4622665.052000001], [-8359649.468, 4622630.298199996], [-8359738.556700001, 4622450.5151999965], [-8359751.594799999, 4622425.097999997], [-8359758.2378, 4622412.578199998], [-8359764.7356, 4622395.485299997], [-8359781.297599999, 4622354.577399999], [-8359813.8704, 4622279.017800003], [-8359820.806500001, 4622261.710699998], [-8359834.380100001, 4622222.457400002], [-8359840.345899999, 4622205.6752], [-8359854.0308, 4622170.247299999], [-8359883.0601, 4622099.025799997], [-8359908.878699999, 4622025.850100003], [-8359912.709899999, 4622015.178499997], [-8359923.3171, 4621987.387900002], [-8359969.8466, 4621870.567400001], [-8359999.3265, 4621792.225199997], [-8360007.4844, 4621771.243500002], [-8360027.914999999, 4621720.349600002], [-8360030.126599999, 4621711.831], [-8360041.6592, 4621670.8983], [-8360050.649599999, 4621642.7885000035], [-8360080.3083, 4621554.433200002], [-8360089.2809, 4621528.824600004], [-8360097.8759, 4621506.123999998], [-8360121.2939, 4621446.4059000015], [-8360128.4867, 4621428.555600002], [-8360142.6405, 4621394.3549000025], [-8360152.2689, 4621350.625], [-8360160.0359000005, 4621320.856200002], [-8360175.645300001, 4621264.484300002], [-8360182.8661, 4621239.6241], [-8360200.471000001, 4621186.886299998], [-8360240.295600001, 4621077.496799998], [-8360310.563100001, 4620857.642999999], [-8360318.9571, 4620832.498800002], [-8360334.178099999, 4620788.782700002], [-8360341.0275, 4620746.356899999], [-8360346.413699999, 4620717.797799997], [-8360354.2052, 4620680.318099998], [-8360375.296, 4620587.5353000015], [-8360381.4679000005, 4620561.902900003], [-8360388.2928, 4620536.436700001], [-8360395.7664, 4620511.1532000005], [-8360416.594900001, 4620443.8653], [-8360433.046599999, 4620395.065499999], [-8360440.197699999, 4620376.066], [-8360460.2853999995, 4620324.249300003], [-8360471.3433, 4620293.026000001], [-8360473.0385, 4620287.193800002], [-8360480.528899999, 4620254.942500003], [-8360486.580800001, 4620230.267800003], [-8360493.238500001, 4620205.749700002], [-8360500.4980999995, 4620181.402999997], [-8360509.7773, 4620151.6272], [-8360523.4604, 4620110.748400003], [-8360544.043400001, 4620053.2761999965], [-8360553.196799999, 4620025.939499997], [-8360564.814300001, 4619960.362300001], [-8360569.105699999, 4619937.625200003], [-8360573.9059, 4619914.990099996], [-8360579.2125, 4619892.4683], [-8360585.0229, 4619870.071199998], [-8360593.7358, 4619837.9714], [-8360602.3302, 4619808.096199997], [-8360617.9410999995, 4619760.878700003], [-8360628.8169, 4619730.4646999985], [-8360631.162900001, 4619723.972599998], [-8360647.7107, 4619681.584399998], [-8360672.0756, 4619623.022399999], [-8360676.6445, 4619611.030199997], [-8360704.0342, 4619529.294500001], [-8360713.1523, 4619503.247000001], [-8360715.9365, 4619495.713399999], [-8360719.665100001, 4619485.744199999], [-8360720.653000001, 4619482.496699996], [-8360748.4988, 4619375.428599998], [-8360758.4032000005, 4619339.957999997], [-8360767.4254, 4619309.740000002], [-8360768.920399999, 4619304.778099999], [-8360781.1798, 4619267.077799998], [-8360801.2951, 4619209.037299998], [-8360806.990900001, 4619193.030199997], [-8360808.9099, 4619187.818300001], [-8360845.987600001, 4619087.947800003], [-8360847.937000001, 4619082.051399998], [-8360853.6928, 4619052.036399998], [-8360864.8609, 4619000.858099997], [-8360865.631899999, 4618997.731399998], [-8360882.866699999, 4618928.315300003], [-8360892.8983, 4618890.926100001], [-8360915.2753, 4618813.368900001], [-8360919.453, 4618799.267499998], [-8360923.6702, 4618785.731700003], [-8360933.565400001, 4618754.7238000035], [-8360947.3017, 4618714.554499999], [-8360950.571699999, 4618705.724200003], [-8360974.870200001, 4618641.016400002], [-8360977.477700001, 4618630.043200001], [-8360982.5145, 4618610.325000003], [-8360999.3444, 4618547.049599998], [-8361009.286900001, 4618512.152000003], [-8361013.672499999, 4618498.088600002], [-8361037.1645, 4618424.6074], [-8361041.916999999, 4618402.962899998], [-8361047.536499999, 4618378.7645], [-8361054.194599999, 4618353.023699999], [-8361064.4859, 4618315.251500003], [-8361072.806399999, 4618286.377700001], [-8361078.3291, 4618268.779299997], [-8361104.989600001, 4618186.409500003], [-8361117.210999999, 4618144.513999999], [-8361120.5372, 4618133.346500002], [-8361127.855699999, 4618110.251900002], [-8361136.6799, 4618083.501800001], [-8361147.3126, 4618052.894400001], [-8361154.014699999, 4618035.0515], [-8361168.4333999995, 4617997.717500001], [-8361181.606899999, 4617965.260200001], [-8361194.459899999, 4617935.075099997], [-8361199.4453, 4617915.2148], [-8361209.628699999, 4617877.661200002], [-8361217.6142, 4617850.269900002], [-8361224.9706999995, 4617826.138300002], [-8361232.9157, 4617802.1941], [-8361241.444399999, 4617778.451499999], [-8361250.5516, 4617754.924699999], [-8361260.232000001, 4617731.627899997], [-8361276.2128, 4617694.563199997], [-8361299.080499999, 4617645.1633], [-8361314.862500001, 4617614.601099998], [-8361326.4254, 4617593.098099999], [-8361330.703199999, 4617576.885499999], [-8361340.2094, 4617543.186700001], [-8361348.644200001, 4617515.118699998], [-8361355.2491999995, 4617493.9663999975], [-8361362.307499999, 4617472.961000003], [-8361369.8158, 4617452.112300001], [-8361377.7707, 4617431.429799996], [-8361386.6087, 4617409.168399997], [-8361397.248500001, 4617383.391099997], [-8361403.868000001, 4617368.284900002], [-8361426.336200001, 4617318.107500002], [-8361431.104499999, 4617301.623099998], [-8361435.07, 4617288.2535], [-8361448.1481, 4617248.192199998], [-8361456.7575, 4617223.539499998], [-8361466.5973000005, 4617196.575599998], [-8361477.1843, 4617169.896300003], [-8361488.510500001, 4617143.5222999975], [-8361514.972999999, 4617084.195], [-8361571.3729, 4616941.531800002], [-8361576.2564, 4616927.685599998], [-8361587.072799999, 4616887.177699998], [-8361596.7381, 4616853.311700001], [-8361611.335000001, 4616808.930100001], [-8361620.698100001, 4616782.495899998], [-8361624.047800001, 4616773.181199998], [-8361634.6427, 4616745.408299997], [-8361671.4189, 4616653.0282000005], [-8361679.191400001, 4616634.055600002], [-8361702.7064, 4616578.245399997], [-8361732.043099999, 4616497.034900002], [-8361733.2225, 4616493.787299998], [-8361754.3376, 4616440.5814], [-8361763.1808, 4616420.0200999975], [-8361772.969799999, 4616383.136600003], [-8361780.182700001, 4616357.928800002], [-8361786.6821, 4616336.126599997], [-8361793.6612, 4616314.473099999], [-8361801.1165, 4616292.979000002], [-8361809.044399999, 4616271.654700004], [-8361830.987400001, 4616214.569899999], [-8361845.2797, 4616179.3429000005], [-8361867.0539, 4616128.394400001], [-8361867.916099999, 4616126.088500001], [-8361885.9792, 4616081.045900002], [-8361890.7567, 4616070.310599998], [-8361904.5417, 4616029.061999999], [-8361912.822699999, 4616007.643700004], [-8361918.615599999, 4615992.6608000025], [-8361933.364499999, 4615956.561700001], [-8361941.911499999, 4615933.730999999], [-8361955.4351, 4615881.7289], [-8361959.081700001, 4615868.090999998], [-8361998.155200001, 4615725.864], [-8362005.8719999995, 4615699.186700001], [-8362015.0605999995, 4615670.469400004], [-8362041.5112, 4615591.7863000035], [-8362045.8466, 4615567.600400001], [-8362047.306299999, 4615559.637500003], [-8362056.003799999, 4615517.983099997], [-8362063.0163, 4615487.550700001], [-8362066.2698, 4615473.858800001], [-8362078.243000001, 4615429.298799999], [-8362086.5199, 4615401.034400001], [-8362089.515699999, 4615390.993600003], [-8362102.183499999, 4615352.1022000015], [-8362144.0506, 4615231.7293], [-8362149.324100001, 4615216.931400001], [-8362154.6263999995, 4615202.729800001], [-8362206.716, 4615066.281000003], [-8362207.4627, 4615064.112400003], [-8362251.605799999, 4614926.121699996], [-8362261.863600001, 4614895.6972], [-8362284.931, 4614830.596699998], [-8362302.4659, 4614764.187700003], [-8362312.4256, 4614728.983800001], [-8362323.011, 4614693.955499999], [-8362338.2513, 4614647.638800003], [-8362402.8913, 4614465.799699999], [-8362405.8234, 4614457.659599997], [-8362411.6603, 4614442.059100002], [-8362458.3311, 4614320.327600002], [-8362479.081599999, 4614247.880500004], [-8362483.763599999, 4614232.015699998], [-8362497.0638, 4614191.306400001], [-8362506.2128, 4614165.156499997], [-8362510.8499, 4614152.181699999], [-8362521.7914, 4614123.5326000005], [-8362549.0744, 4614055.1652000025], [-8362559.065300001, 4614031.0233], [-8362628.849400001, 4613868.357000001], [-8362640.897299999, 4613841.350699998], [-8362644.480599999, 4613833.618600003], [-8362647.809599999, 4613823.123000003], [-8362662.0283, 4613781.411899999], [-8362666.7415, 4613768.754799999], [-8362725.638699999, 4613613.704499997], [-8362759.963099999, 4613511.255000003], [-8362765.351199999, 4613495.5918999985], [-8362794.7511, 4613412.308700003], [-8362812.573799999, 4613358.920900002], [-8362821.985300001, 4613331.976599999], [-8362823.634500001, 4613327.489699997], [-8362837.6909, 4613289.517999999], [-8362843.042300001, 4613275.381300002], [-8362867.279200001, 4613212.746600002], [-8362875.240900001, 4613192.792300001], [-8362924.081, 4613073.998599999], [-8362929.970000001, 4613059.9705], [-8362949.3518, 4613017.967200004], [-8362952.000700001, 4613009.0053], [-8362965.667199999, 4612967.244999997], [-8362975.4443, 4612939.392999999], [-8362979.7105, 4612927.474799998], [-8362992.055600001, 4612895.322700001], [-8363018.469699999, 4612829.822700001], [-8363026.172, 4612811.248199999], [-8363057.9168, 4612736.756200001], [-8363085.6910999995, 4612664.4375], [-8363095.732999999, 4612639.283500001], [-8363139.132200001, 4612534.592], [-8363142.186799999, 4612526.321500003], [-8363157.275699999, 4612487.859899998], [-8363163.3125, 4612473.3358], [-8363223.0571, 4612303.620200001], [-8363227.013900001, 4612292.580799997], [-8363236.7082, 4612267.067199998], [-8363270.7041, 4612181.044], [-8363314.1515999995, 4612064.120399997], [-8363321.154200001, 4612045.810800001], [-8363355.0041000005, 4611959.766900003], [-8363398.451300001, 4611836.753799997], [-8363402.046800001, 4611826.738499999], [-8363413.1543000005, 4611797.666599996], [-8363457.6098, 4611686.383500002], [-8363472.9475, 4611644.5929000005], [-8363501.195900001, 4611563.5385000035], [-8363506.2084, 4611549.483900003], [-8363517.696799999, 4611519.458700001], [-8363556.916099999, 4611421.5638], [-8363565.742900001, 4611400.227300003], [-8363619.339400001, 4611274.6752], [-8363631.8047, 4611241.9651999995], [-8363654.0469, 4611178.863200001], [-8363657.8495000005, 4611168.260200001], [-8363663.8149, 4611152.319200002], [-8363708.6492, 4611035.459899999], [-8363728.801200001, 4610979.030599996], [-8363731.182, 4610972.434900001], [-8363741.9877, 4610944.116499998], [-8363812.0605, 4610768.288699999], [-8363825.690300001, 4610729.324299999], [-8363838.4878, 4610682.612400003], [-8363841.2838, 4610673.556599997], [-8363859.9300999995, 4610614.134900004], [-8363868.658399999, 4610587.585600004], [-8363887.6777, 4610532.273500003], [-8363894.077099999, 4610514.210900001], [-8363897.919199999, 4610503.851999998], [-8363932.5646, 4610411.953699999], [-8363945.6708, 4610378.926399998], [-8363992.806399999, 4610265.875699997], [-8364002.0287, 4610240.0722], [-8364035.5231, 4610135.782799996], [-8364043.267200001, 4610112.617299996], [-8364092.789799999, 4609970.116599999], [-8364098.0792, 4609955.2641], [-8364102.912699999, 4609942.285099998], [-8364129.737500001, 4609871.709399998], [-8364141.767899999, 4609841.502400003], [-8364188.8026, 4609728.621600002], [-8364212.528100001, 4609665.558300003], [-8364251.954, 4609551.660599999], [-8364273.0404, 4609483.422799997], [-8364288.5057, 4609427.005999997], [-8364295.3081, 4609403.306699999], [-8364313.529999999, 4609342.572400004], [-8364320.9309, 4609318.943899997], [-8364328.9012, 4609295.5013], [-8364337.4362, 4609272.258299999], [-8364344.088500001, 4609251.794500001], [-8364355.989399999, 4609217.277599998], [-8364357.9421, 4609211.969300002], [-8364371.9694, 4609174.1576000005], [-8364402.51, 4609085.181000002], [-8364431.8368999995, 4608997.439499997], [-8364445.0242, 4608954.494099997], [-8364455.650599999, 4608921.838600002], [-8364479.386600001, 4608852.827299997], [-8364492.7256000005, 4608810.368299998], [-8364529.6872000005, 4608683.566799998], [-8364532.9684, 4608672.5396], [-8364547.677999999, 4608627.801700003], [-8364572.7698, 4608556.986100003], [-8364630.973300001, 4608385.686800003], [-8364702.195699999, 4608170.306900002], [-8364716.956, 4608123.227899998], [-8364734.9142, 4608058.785700001], [-8364741.5370000005, 4608036.035099998], [-8364743.1647, 4608030.725699998], [-8364769.052100001, 4607947.088299997], [-8364777.423900001, 4607921.251699999], [-8364833.0370000005, 4607757.034400001], [-8364858.993799999, 4607671.7487], [-8364890.774499999, 4607559.2839], [-8364896.383400001, 4607540.145000003], [-8364910.3155000005, 4607497.604699999], [-8364927.231000001, 4607449.5145], [-8364931.2116, 4607438.401500002], [-8364949.1677, 4607392.595200002], [-8364961.913000001, 4607362.237300001], [-8364973.235300001, 4607328.043200001], [-8364976.5715, 4607316.508400001], [-8365014.0934999995, 4607176.592200004], [-8365023.3616, 4607144.163099997], [-8365028.4398, 4607127.9201000035], [-8365064.8291, 4607014.815099999], [-8365077.0536, 4606973.890699998], [-8365078.381999999, 4606969.479099996], [-8365086.464500001, 4606944.045999996], [-8365110.981000001, 4606870.2271], [-8365113.8334, 4606861.761600003], [-8365149.061899999, 4606758.685900003], [-8365156.037599999, 4606738.934100002], [-8365158.4844, 4606732.295400001], [-8365218.0855, 4606572.273800001], [-8365244.694700001, 4606494.344499998], [-8365251.7619, 4606474.324199997], [-8365257.8584, 4606458.0339], [-8365307.0077, 4606330.008699998], [-8365311.6689, 4606316.1105], [-8365315.850099999, 4606301.217699997], [-8365321.9177, 4606280.446999997], [-8365328.6855999995, 4606258.997500002], [-8365337.5448, 4606231.9526999965], [-8365348.6852, 4606199.754799999], [-8365352.7841, 4606188.7102999985], [-8365418.2129999995, 4606015.456799999], [-8365435.3847, 4605955.611599997], [-8365454.580600001, 4605882.124700002], [-8365465.5484, 4605843.2678999975], [-8365472.1337, 4605822.375699997], [-8365506.1459, 4605718.340499997], [-8365515.537900001, 4605686.930699997], [-8365516.77, 4605682.840999998], [-8365527.228, 4605650.3364999965], [-8365575.4307, 4605508.6197], [-8365582.1688, 4605484.445799999], [-8365610.883199999, 4605364.928099997], [-8365611.851500001, 4605360.932700001], [-8365620.275900001, 4605328.737300001], [-8365640.8662, 4605254.936300002], [-8365647.3769000005, 4605232.579400003], [-8365650.814300001, 4605221.480599999], [-8365669.3048, 4605162.945799999], [-8365679.315300001, 4605132.875200003], [-8365706.0077, 4605056.6294], [-8365720.2785, 4605013.148599997], [-8365740.291099999, 4604945.0616], [-8365753.5207, 4604896.393299997], [-8365761.8495000005, 4604867.434100002], [-8365768.328299999, 4604846.865699999], [-8365786.954700001, 4604789.822899997], [-8365787.7169, 4604787.204499997], [-8365795.0912, 4604757.623099998], [-8365800.798800001, 4604728.431400001], [-8365811.1226, 4604681.475299999], [-8365815.627900001, 4604663.7304000035], [-8365832.008400001, 4604601.535599999], [-8365841.079700001, 4604569.237899996], [-8365850.943399999, 4604536.195900001], [-8365857.9004999995, 4604513.821599998], [-8365865.3651, 4604491.611599997], [-8365873.3335, 4604469.577200003], [-8365890.1645, 4604424.6401999965], [-8365896.407, 4604397.108499996], [-8365915.724099999, 4604291.698299997], [-8365916.397299999, 4604288.061399996], [-8365925.870200001, 4604242.995300002], [-8365942.2643, 4604172.831299998], [-8365944.7083, 4604162.607199997], [-8365949.503900001, 4604143.761299998], [-8365968.4593, 4604072.107799999], [-8365974.647399999, 4604049.739100002], [-8365992.978700001, 4603986.265600003], [-8365996.9264, 4603972.934], [-8365997.790999999, 4603970.0999], [-8366032.2852, 4603857.605999999], [-8366066.199999999, 4603731.516000003], [-8366075.0529, 4603700.541699998], [-8366084.194, 4603670.3544000015], [-8366093.1511, 4603634.568700001], [-8366104.656099999, 4603592.419799998], [-8366125.3901, 4603522.347199999], [-8366127.4465, 4603515.485200003], [-8366140.299799999, 4603476.013400003], [-8366176.557600001, 4603371.847999997], [-8366181.603599999, 4603357.685199998], [-8366189.9300999995, 4603336.034199998], [-8366190.5722, 4603333.5581], [-8366194.464500001, 4603319.366400003], [-8366198.535599999, 4603294.952799998], [-8366204.8467999995, 4603251.0380000025], [-8366211.913699999, 4603208.273500003], [-8366215.8796, 4603188.1677], [-8366225.0637, 4603143.929099999], [-8366232.9462, 4603109.019299999], [-8366278.6175999995, 4602921.935900003], [-8366284.0273, 4602900.765299998], [-8366303.526000001, 4602827.700099997], [-8366313.0769, 4602794.196000002], [-8366316.098999999, 4602784.412199996], [-8366367.649700001, 4602620.4186], [-8366403.352299999, 4602490.613200001], [-8366410.8478, 4602464.693899997], [-8366416.248400001, 4602447.442599997], [-8366466.4252, 4602291.962200001], [-8366470.140900001, 4602279.5101], [-8366483.3773, 4602229.949900001], [-8366494.5232, 4602182.692199998], [-8366496.4625, 4602174.615599997], [-8366502.179, 4602152.308399998], [-8366519.599300001, 4602087.359300002], [-8366528.8083999995, 4602055.129900001], [-8366530.9857, 4602048.0462], [-8366541.432399999, 4602014.488799997], [-8366552.3105999995, 4601981.515299998], [-8366591.9256, 4601867.912900001], [-8366605.716, 4601824.552100003], [-8366631.5254999995, 4601737.8461000025], [-8366661.8412999995, 4601622.823799998], [-8366666.32, 4601606.384300001], [-8366681.3982, 4601552.789999999], [-8366685.961999999, 4601537.050099999], [-8366696.603499999, 4601501.411600001], [-8366697.9142, 4601497.056599997], [-8366706.702, 4601469.493900001], [-8366741.4058, 4601365.706699997], [-8366747.192500001, 4601346.413199998], [-8366771.9308, 4601256.155500002], [-8366782.513599999, 4601211.9771], [-8366783.613299999, 4601207.431699999], [-8366789.2129, 4601185.558300003], [-8366799.319, 4601147.8094], [-8366817.0778, 4601066.616300002], [-8366822.7268, 4601042.214900002], [-8366824.928400001, 4601033.374399997], [-8366843.3445, 4600960.796899997], [-8366854.4441, 4600920.556699999], [-8366854.646299999, 4600919.823600002], [-8366927.857100001, 4600674.2924000025], [-8366940.014599999, 4600629.468599997], [-8366950.431600001, 4600587.572700001], [-8366958.0063000005, 4600558.880199999], [-8366984.749600001, 4600463.188199997], [-8366991.095899999, 4600441.408200003], [-8366993.0765, 4600434.956299998], [-8367031.7181, 4600310.527800001], [-8367062.186799999, 4600206.723700002], [-8367080.4286, 4600141.902599998], [-8367100.4286, 4600064.937299997], [-8367111.6337, 4600025.120800003], [-8367133.806399999, 4599951.998099998], [-8367149.7919, 4599895.585100003], [-8367161.164799999, 4599852.024899997], [-8367172.1076, 4599813.235299997], [-8367188.070599999, 4599764.944200002], [-8367213.221899999, 4599694.729000002], [-8367215.1461, 4599689.403099999], [-8367222.5328, 4599669.758500002], [-8367230.4377, 4599649.326399997], [-8367253.9234, 4599539.573100001], [-8367260.597100001, 4599510.426399998], [-8367265.184699999, 4599492.358800001], [-8367319.930600001, 4599284.6526999995], [-8367330.5896000005, 4599240.874600001], [-8367339.1654, 4599208.068300001], [-8367349.289000001, 4599171.793300003], [-8367355.7246, 4599149.690399997], [-8367357.9617, 4599142.4125000015], [-8367368.9552, 4599107.113399997], [-8367394.7126, 4599007.777800001], [-8367405.263800001, 4598970.055100001], [-8367409.1043, 4598957.267800003], [-8367435.1768, 4598853.582800001], [-8367454.0612, 4598765.752599999], [-8367460.4671, 4598737.852300003], [-8367462.0614, 4598731.4157000035], [-8367472.8006, 4598688.6501], [-8367476.664999999, 4598673.734999999], [-8367490.7444, 4598621.0205999985], [-8367499.0527, 4598591.665399998], [-8367546.741800001, 4598432.225100003], [-8367564.0243, 4598370.216700003], [-8367570.354699999, 4598348.434699997], [-8367600.107799999, 4598250.113899998], [-8367601.0582, 4598246.4629999995], [-8367612.176000001, 4598206.993699998], [-8367628.712200001, 4598157.100400001], [-8367630.9661, 4598150.840099998], [-8367633.2104, 4598136.834100001], [-8367637.748199999, 4598110.677599996], [-8367640.588099999, 4598096.0603], [-8367646.913000001, 4598064.717699997], [-8367654.9694, 4598028.224299997], [-8367706.4044, 4597813.7958], [-8367707.408500001, 4597809.647600003], [-8367710.104900001, 4597798.8609], [-8367723.786499999, 4597745.361199997], [-8367726.33, 4597735.614600003], [-8367747.2793000005, 4597656.911600001], [-8367756.952, 4597622.93], [-8367762.8397, 4597604.1652000025], [-8367795.379899999, 4597503.822700001], [-8367808.303400001, 4597458.582000002], [-8367813.019400001, 4597442.565899998], [-8367820.476500001, 4597419.001699999], [-8367827.819399999, 4597396.7315], [-8367841.111199999, 4597320.2236], [-8367843.4186, 4597307.422499999], [-8367854.1427, 4597257.026000001], [-8367876.272, 4597164.473999999], [-8367889.910800001, 4597098.649300002], [-8367895.039899999, 4597075.265900001], [-8367900.7114, 4597052.008100003], [-8367906.9224, 4597028.888599999], [-8367913.669399999, 4597005.919699997], [-8367920.948799999, 4596983.114], [-8367926.1543000005, 4596967.438000001], [-8367933.6437, 4596945.691399999], [-8367941.6337, 4596924.123800002], [-8367950.119899999, 4596902.7465], [-8367959.0978, 4596881.571000002], [-8367965.6511, 4596850.3456000015], [-8367972.0952, 4596822.712700002], [-8367977.8868, 4596799.137800001], [-8367984.232999999, 4596775.706], [-8367991.130000001, 4596752.430399999], [-8367998.574200001, 4596729.324100003], [-8368006.5614, 4596706.399700001], [-8368011.5008000005, 4596692.744000003], [-8368018.6239, 4596673.644000001], [-8368026.124500001, 4596654.689000003], [-8368033.999500001, 4596635.886500001], [-8368046.4374, 4596606.996200003], [-8368050.324899999, 4596596.728600003], [-8368059.456800001, 4596556.515100002], [-8368063.2893, 4596540.250600003], [-8368070.572799999, 4596512.1523], [-8368082.9717, 4596466.953199998], [-8368090.5974, 4596440.5424000025], [-8368102.4736, 4596403.8693], [-8368115.818399999, 4596365.1511999965], [-8368121.8188000005, 4596348.222999997], [-8368129.9958999995, 4596326.541100003], [-8368150.8967, 4596272.957400002], [-8368188.335899999, 4596165.665299997], [-8368193.046499999, 4596152.455899999], [-8368204.168099999, 4596123.310699999], [-8368254.1742, 4595998.002999999], [-8368263.8412, 4595974.618799999], [-8368264.8112, 4595972.359300002], [-8368316.7915, 4595851.675300002], [-8368327.874, 4595826.853], [-8368342.356899999, 4595795.534100004], [-8368354.418099999, 4595770.370399997], [-8368365.362199999, 4595743.5656], [-8368381.4662, 4595695.271899998], [-8368388.4801, 4595662.691600002], [-8368403.5737, 4595607.569399998], [-8368430.4092, 4595519.466499999], [-8368440.842599999, 4595487.1382], [-8368476.0374, 4595383.945500001], [-8368483.102, 4595363.9111], [-8368500.181299999, 4595320.159900002], [-8368535.4168, 4595235.649099998], [-8368539.123199999, 4595226.8741], [-8368553.6182, 4595194.547700003], [-8368582.4024, 4595133.207999997], [-8368591.677300001, 4595113.965800002], [-8368604.974099999, 4595087.116700001], [-8368627.5441, 4595041.542800002], [-8368630.496200001, 4595034.887599997], [-8368644.476399999, 4594991.6699], [-8368656.455499999, 4594956.7863000035], [-8368683.205600001, 4594883.211599998], [-8368694.2228999995, 4594854.2984], [-8368705.5262, 4594825.925399996], [-8368715.3989, 4594802.022100002], [-8368719.3532, 4594792.901799999], [-8368756.147600001, 4594709.148199998], [-8368759.401699999, 4594700.633299999], [-8368769.430400001, 4594668.833499998], [-8368778.902799999, 4594640.262000002], [-8368791.946599999, 4594602.763700001], [-8368796.965600001, 4594588.666299999], [-8368803.5648, 4594571.051899999], [-8368817.134, 4594535.816699997], [-8368831.317399999, 4594500.908200003], [-8368838.1029, 4594485.401799999], [-8368856.8115, 4594443.5891999975], [-8368871.0474, 4594413.347999997], [-8368872.982999999, 4594408.0380000025], [-8368873.8314, 4594405.8945999965], [-8368875.131999999, 4594398.467500001], [-8368877.747400001, 4594384.957800001], [-8368887.9113, 4594334.2739999965], [-8368897.1852, 4594292.543300003], [-8368907.683, 4594252.976300001], [-8368914.2598, 4594230.038599998], [-8368918.6634, 4594215.1071000025], [-8368936.516899999, 4594161.556900002], [-8368947.9068, 4594130.281400003], [-8368954.735400001, 4594112.07], [-8368979.085100001, 4594048.951800004], [-8368987.673, 4594027.417000003], [-8369024.2291, 4593938.670500003], [-8369029.6008, 4593925.875600003], [-8369044.011700001, 4593894.348399997], [-8369053.5458, 4593871.843900003], [-8369063.6259, 4593849.578599997], [-8369074.245999999, 4593827.565700002], [-8369085.399900001, 4593805.818499997], [-8369097.0809, 4593784.349699996], [-8369105.1609000005, 4593763.725400001], [-8369117.1768, 4593734.394000001], [-8369121.630799999, 4593724.136799999], [-8369135.728599999, 4593692.148500003], [-8369154.7151, 4593642.9826000035], [-8369168.5403, 4593608.999600001], [-8369170.26, 4593605.2249], [-8369178.438999999, 4593581.748199999], [-8369198.364399999, 4593531.229999997], [-8369264.0065, 4593376.878899999], [-8369278.3694, 4593344.739200003], [-8369300.3903, 4593297.6479], [-8369332.6623, 4593223.375], [-8369340.083000001, 4593206.702799998], [-8369382.1011, 4593114.512900002], [-8369395.9932, 4593085.263400003], [-8369412.8531, 4593052.643299997], [-8369421.3429000005, 4593036.9135000035], [-8369426.8311, 4593025.118600003], [-8369450.300100001, 4592969.997100003], [-8369474.2654, 4592917.9135000035], [-8369476.424699999, 4592913.571699999], [-8369506.236500001, 4592853.9824], [-8369550.0185, 4592761.1994], [-8369591.469799999, 4592667.528700002], [-8369624.412900001, 4592586.539300002], [-8369631.4802, 4592569.5995000005], [-8369634.129899999, 4592563.4597999975], [-8369677.771400001, 4592463.236100003], [-8369693.474099999, 4592428.910899997], [-8369749.0383, 4592313.121399999], [-8369809.1174, 4592181.551399998], [-8369819.9142, 4592158.657399997], [-8369828.5748, 4592140.864600003], [-8369831.9058, 4592132.846500002], [-8369842.158, 4592109.670500003], [-8369859.657500001, 4592071.394299999], [-8369873.026699999, 4592043.286700003], [-8369875.3725000005, 4592038.571800001], [-8369915.3323, 4591958.771300003], [-8369924.006999999, 4591941.8411], [-8369965.794299999, 4591862.114200003], [-8369989.6022, 4591813.724200003], [-8370003.4385, 4591787.168700002], [-8370008.5735, 4591774.6369], [-8370018.4714, 4591751.305100001], [-8370028.9419, 4591728.2245000005], [-8370039.978700001, 4591705.4092999995], [-8370051.574999999, 4591682.873400003], [-8370063.7238, 4591660.630400002], [-8370072.1625, 4591645.623899996], [-8370084.6678, 4591619.343699999], [-8370091.373500001, 4591605.519199997], [-8370107.414899999, 4591574.413599998], [-8370122.7521, 4591545.878300004], [-8370136.714500001, 4591516.011699997], [-8370146.411900001, 4591495.8442], [-8370157.8248, 4591473.667800002], [-8370167.2597, 4591452.971900001], [-8370181.345899999, 4591423.337200001], [-8370201.029100001, 4591383.635200001], [-8370206.022600001, 4591373.698600002], [-8370237.0228, 4591312.836000003], [-8370256.5002, 4591276.425099999], [-8370272.3704, 4591248.140500002], [-8370329.396600001, 4591140.838299997], [-8370350.6033, 4591096.297899999], [-8370357.1975, 4591082.706900001], [-8370360.454500001, 4591076.175999999], [-8370381.6603, 4591034.031300001], [-8370402.3752999995, 4590989.572400004], [-8370412.616, 4590968.239200003], [-8370421.078299999, 4590951.5053], [-8370475.6361, 4590846.021300003], [-8370479.6153, 4590835.9476], [-8370484.8024, 4590823.789499998], [-8370508.5879999995, 4590772.112000003], [-8370524.1555, 4590741.886500001], [-8370548.8440000005, 4590695.841200002], [-8370563.9925999995, 4590664.332699999], [-8370568.896, 4590654.274800003], [-8370577.081700001, 4590638.075300001], [-8370599.6644, 4590594.348899998], [-8370616.3528, 4590558.419500001], [-8370627.1031, 4590535.989500001], [-8370643.6373, 4590503.9641999975], [-8370657.6041, 4590478.038800001], [-8370667.4606, 4590460.170599997], [-8370687.4037, 4590426.377300002], [-8370710.350500001, 4590389.139799997], [-8370732.5572, 4590345.854199998], [-8370769.764799999, 4590269.966600001], [-8370779.2205, 4590251.171099998], [-8370789.0591, 4590232.573200002], [-8370799.2765, 4590214.180699997], [-8370811.5054, 4590192.689999998], [-8370838.016799999, 4590140.558300003], [-8370859.1424, 4590101.163999997], [-8370866.8883, 4590087.685199998], [-8370877.8456, 4590068.947899997], [-8370888.716700001, 4590048.798500001], [-8370898.260299999, 4590031.5097], [-8370927.585999999, 4589982.777500004], [-8370981.2458, 4589899.0380000025], [-8370990.328600001, 4589883.8401999995], [-8370997.195800001, 4589871.2641], [-8371020.8617, 4589831.473200001], [-8371036.4595, 4589806.545699999], [-8371043.038799999, 4589792.820200004], [-8371057.8803, 4589759.454800002], [-8371075.5361, 4589721.831200004], [-8371085.033500001, 4589703.0983000025], [-8371115.826199999, 4589643.872100003], [-8371132.7151999995, 4589612.714299999], [-8371140.283299999, 4589599.579999998], [-8371187.529999999, 4589497.529700004], [-8371198.7884, 4589474.000600003], [-8371205.993100001, 4589459.703299999], [-8371221.9438000005, 4589428.655299999], [-8371239.489800001, 4589395.968599997], [-8371254.0167, 4589370.042000003], [-8371268.385299999, 4589341.5955], [-8371290.7568, 4589299.738399997], [-8371298.6173, 4589286.062100001], [-8371309.1369, 4589268.080899999], [-8371326.172, 4589232.155299999], [-8371338.7074, 4589206.637999997], [-8371351.944499999, 4589181.477499999], [-8371365.873299999, 4589156.693300001], [-8371379.882300001, 4589132.555500001], [-8371400.116699999, 4589099.359700002], [-8371401.659700001, 4589096.278300002], [-8371429.9453, 4589040.530599996], [-8371451.4684, 4589000.347900003], [-8371477.9603, 4588956.062200002], [-8371500.304500001, 4588920.757299997], [-8371532.765000001, 4588863.5886999965], [-8371547.119000001, 4588839.103699997], [-8371565.9344999995, 4588808.002300002], [-8371577.855599999, 4588781.953500003], [-8371590.985099999, 4588754.356700003], [-8371612.431600001, 4588713.312799998], [-8371613.6438, 4588711.1153], [-8371616.222100001, 4588704.8989999965], [-8371620.5264, 4588694.678000003], [-8371638.601600001, 4588654.772600003], [-8371649.692399999, 4588631.614299998], [-8371655.2216, 4588620.2491], [-8371675.581499999, 4588581.179499999], [-8371693.8003, 4588547.977399997], [-8371702.524800001, 4588530.719300002], [-8371724.7171, 4588489.2119999975], [-8371726.449100001, 4588486.156199999], [-8371737.7782000005, 4588466.247100003], [-8371746.7190000005, 4588447.4597999975], [-8371753.3303, 4588433.827600002], [-8371777.214299999, 4588388.388400003], [-8371783.212099999, 4588377.639399998], [-8371790.1174, 4588362.7311], [-8371799.6143, 4588342.7927], [-8371809.537900001, 4588323.063299999], [-8371819.8836, 4588303.551799998], [-8371830.646600001, 4588284.2673999965], [-8371902.3774999995, 4588158.933799997], [-8371917.178200001, 4588130.266400002], [-8371935.375700001, 4588096.576399997], [-8371955.8408, 4588061.926600002], [-8371957.3511, 4588058.973499998], [-8371960.427300001, 4588052.799599998], [-8371977.408, 4588019.005900003], [-8372000.7096, 4587975.2949], [-8372025.1953, 4587934.187399998], [-8372028.282199999, 4587929.269699998], [-8372045.191, 4587896.759599999], [-8372061.958699999, 4587865.8279], [-8372065.1850000005, 4587860.1545], [-8372076.1383, 4587841.0352], [-8372090.6512, 4587812.135499999], [-8372114.057, 4587768.215400003], [-8372122.792300001, 4587753.044], [-8372161.9844, 4587686.298500001], [-8372177.2304, 4587654.821900003], [-8372180.7655, 4587647.595700003], [-8372203.526900001, 4587604.169799998], [-8372211.859999999, 4587589.1548999995], [-8372232.7862, 4587544.040399998], [-8372243.6843, 4587521.282399997], [-8372249.475500001, 4587509.744000003], [-8372299.4048, 4587411.805399999], [-8372319.988399999, 4587373.460900001], [-8372333.6854, 4587349.929399997], [-8372347.176200001, 4587327.443999998], [-8372362.549799999, 4587302.627700001], [-8372384.848300001, 4587269.2722999975], [-8372390.1305, 4587259.052699998], [-8372408.0886, 4587225.822099999], [-8372418.7193, 4587207.435000002], [-8372456.9333999995, 4587142.890000001], [-8372475.372400001, 4587112.929799996], [-8372477.139599999, 4587110.1756], [-8372487.0594999995, 4587094.768799998], [-8372514.6669, 4587054.069799997], [-8372519.7137, 4587047.0009], [-8372527.700300001, 4587030.213299997], [-8372539.4597, 4587006.300300002], [-8372551.835899999, 4586982.7007], [-8372564.820499999, 4586959.430299997], [-8372591.0932, 4586913.750200003], [-8372612.1807, 4586873.751900002], [-8372626.267200001, 4586847.935999997], [-8372637.6153, 4586828.338200003], [-8372639.272, 4586825.548600003], [-8372654.975500001, 4586793.048799999], [-8372665.1698, 4586772.5383], [-8372675.8192, 4586752.260499999], [-8372686.918400001, 4586732.225199997], [-8372698.4618999995, 4586712.442699999], [-8372715.1028, 4586684.6428999975], [-8372730.9925, 4586658.963200003], [-8372737.6154, 4586648.7918], [-8372749.547800001, 4586625.809500001], [-8372764.398800001, 4586598.557099998], [-8372777.081, 4586575.9679000005], [-8372790.329700001, 4586553.706200004], [-8372804.136399999, 4586531.7863000035], [-8372818.4924, 4586510.222000003], [-8372831.796700001, 4586490.774800003], [-8372841.3566, 4586473.637100004], [-8372843.856899999, 4586469.181000002], [-8372865.9879, 4586431.8364999965], [-8372885.741, 4586400.057499997], [-8372890.443700001, 4586390.890100002], [-8372909.333000001, 4586355.7651999965], [-8372925.5363, 4586326.9903], [-8372954.8442, 4586278.214500003], [-8372961.527000001, 4586267.8979], [-8372974.433700001, 4586248.2324], [-8372979.9472, 4586237.090499997], [-8373005.9936999995, 4586187.862599999], [-8373023.8533, 4586157.450099997], [-8373033.1263, 4586142.263400003], [-8373044.3309, 4586124.331699997], [-8373059.5472, 4586101.770800002], [-8373063.959799999, 4586093.434500001], [-8373077.226199999, 4586069.1686], [-8373085.886600001, 4586054.121600002], [-8373101.2568, 4586027.931599997], [-8373111.4617, 4586010.921999998], [-8373127.5679, 4585984.655100003], [-8373137.766000001, 4585968.367899999], [-8373151.411699999, 4585947.582000002], [-8373169.9476, 4585920.079800002], [-8373174.1129, 4585912.305200003], [-8373212.5241, 4585830.875200003], [-8373220.571799999, 4585814.205799997], [-8373242.557399999, 4585772.170500003], [-8373280.7828, 4585703.025899999], [-8373293.3858, 4585680.882600002], [-8373306.535, 4585659.059299998], [-8373320.222100001, 4585637.569200002], [-8373342.2893, 4585603.854000002], [-8373363.253699999, 4585573.059799999], [-8373437.2687, 4585468.477399997], [-8373444.7105, 4585454.630599998], [-8373454.910700001, 4585436.111199997], [-8373477.892899999, 4585397.3945999965], [-8373492.2655, 4585374.350100003], [-8373524.749600001, 4585318.056199998], [-8373548.9165, 4585278.287799999], [-8373551.854599999, 4585273.7184000015], [-8373612.5998, 4585179.786399998], [-8373627.018100001, 4585154.517999999], [-8373651.194700001, 4585114.312899999], [-8373676.295499999, 4585074.654299997], [-8373769.7162999995, 4584915.185699999], [-8373777.5403, 4584902.055699997], [-8373809.5393, 4584849.2531], [-8373870.212200001, 4584743.562200002], [-8373924.135399999, 4584645.594499998], [-8373929.400800001, 4584636.146600001], [-8373935.5711, 4584625.363899998], [-8373961.311899999, 4584581.006899998], [-8373984.196799999, 4584543.449900001], [-8373992.890699999, 4584530.078199998], [-8374008.516899999, 4584506.448200002], [-8374031.4856, 4584473.1613000035], [-8374033.830700001, 4584469.915600002], [-8374040.399, 4584460.862199999], [-8374102.569800001, 4584353.914800003], [-8374129.202099999, 4584304.344999999], [-8374139.430299999, 4584285.770400003], [-8374146.8573, 4584272.827500001], [-8374169.3532, 4584234.2771999985], [-8374190.616900001, 4584199.449299999], [-8374204.999399999, 4584176.912799999], [-8374216.135299999, 4584156.973200001], [-8374227.9562, 4584137.431900002], [-8374240.447899999, 4584118.3125], [-8374271.428200001, 4584070.829700001], [-8374284.480900001, 4584051.295299999], [-8374297.997400001, 4584032.079000004], [-8374311.969900001, 4584013.191600002], [-8374326.3905, 4583994.644100003], [-8374341.2509, 4583976.446999997], [-8374386.390699999, 4583903.923799999], [-8374400.969699999, 4583878.205600001], [-8374429.7173, 4583823.222400002], [-8374442.8529, 4583798.902599998], [-8374458.8522, 4583770.211800002], [-8374461.339400001, 4583765.7776999995], [-8374468.9945, 4583752.443400003], [-8374494.5933, 4583708.616899997], [-8374496.0987, 4583705.4663999975], [-8374507.9529, 4583681.466600001], [-8374520.429099999, 4583657.784199998], [-8374533.5187, 4583634.4353], [-8374561.025599999, 4583586.836599998], [-8374564.4802, 4583579.621100001], [-8374575.375399999, 4583557.548199996], [-8374586.7971, 4583535.743100002], [-8374598.738600001, 4583514.2183], [-8374611.193, 4583492.986100003], [-8374621.349300001, 4583476.138800003], [-8374631.0671, 4583457.959200002], [-8374641.873400001, 4583438.284699999], [-8374653.509400001, 4583412.990500003], [-8374660.843900001, 4583398.428599998], [-8374668.0298999995, 4583384.439599998], [-8374687.0481, 4583349.131999999], [-8374704.0436, 4583320.126500003], [-8374722.807600001, 4583289.273800001], [-8374733.3212, 4583272.411799997], [-8374734.860200001, 4583269.943499997], [-8374745.359999999, 4583253.961099997], [-8374756.777799999, 4583231.905299999], [-8374768.7478, 4583210.144299999], [-8374781.2623, 4583188.691699997], [-8374794.3135, 4583167.561399996], [-8374807.892899999, 4583146.766599998], [-8374810.2206999995, 4583142.286499999], [-8374822.162699999, 4583119.967600003], [-8374834.6765, 4583097.9641999975], [-8374847.753900001, 4583076.291000001], [-8374861.3861, 4583054.962399997], [-8374875.564099999, 4583033.992700003], [-8374894.0514, 4582999.005900003], [-8374907.1142, 4582976.520300001], [-8374942.3617, 4582917.580499999], [-8374958.344900001, 4582891.731399998], [-8374967.223999999, 4582878.0766], [-8375063.672700001, 4582732.299699999], [-8375101.602299999, 4582674.9789], [-8375111.4657000005, 4582660.348200001], [-8375156.163899999, 4582595.261500001], [-8375180.937899999, 4582555.622900002], [-8375186.409600001, 4582546.964599997], [-8375191.767100001, 4582538.668700002], [-8375236.619100001, 4582469.943800002], [-8375249.5437, 4582448.8015], [-8375260.3473000005, 4582431.517200001], [-8375269.6691, 4582417.193099998], [-8375317.7095, 4582344.702], [-8375387.305, 4582234.6052], [-8375433.6381, 4582152.441799998], [-8375446.7158, 4582130.0154], [-8375450.058, 4582123.432800002], [-8375471.2378, 4582083.885300003], [-8375491.7568, 4582049.123400003], [-8375498.923, 4582037.511399999], [-8375505.5844, 4582023.932700001], [-8375516.5085, 4582002.314800002], [-8375527.9397, 4581980.960699998], [-8375539.8716, 4581959.882200003], [-8375554.355, 4581934.987599999], [-8375582.1776, 4581881.013999999], [-8375600.4802, 4581847.0889], [-8375629.5362, 4581798.731899999], [-8375631.4122, 4581795.795900002], [-8375637.1219999995, 4581785.543399997], [-8375648.801200001, 4581765.126699999], [-8375660.945800001, 4581744.9833], [-8375673.5492, 4581725.123800002], [-8375686.605, 4581705.558700003], [-8375700.1061, 4581686.298199996], [-8375706.799000001, 4581676.979999997], [-8375723.8366, 4581648.814000003], [-8375729.0911, 4581640.520199999], [-8375733.155300001, 4581632.863899998], [-8375746.758199999, 4581608.069399998], [-8375761.039899999, 4581583.659599997], [-8375775.989600001, 4581559.653099999], [-8375791.596000001, 4581536.0682], [-8375807.847100001, 4581512.922899999], [-8375814.0887, 4581504.289499998], [-8375821.7457, 4581494.0961000025], [-8375834.8509, 4581471.5066], [-8375848.521, 4581449.254500002], [-8375862.7475000005, 4581427.353799999], [-8375877.521199999, 4581405.818499997], [-8375892.832800001, 4581384.662299998], [-8375907.7926, 4581360.954400003], [-8375923.395500001, 4581337.6647000015], [-8375939.630100001, 4581314.810800001], [-8375956.483999999, 4581292.4098000005], [-8375981.850199999, 4581250.188900001], [-8375993.830800001, 4581231.870499998], [-8376007.1598000005, 4581211.957800001], [-8376014.081900001, 4581200.301100001], [-8376026.778000001, 4581179.488899998], [-8376039.9657000005, 4581158.9846], [-8376053.637399999, 4581138.799900003], [-8376067.785599999, 4581118.946199998], [-8376077.677100001, 4581105.409599997], [-8376107.313100001, 4581066.812399998], [-8376109.5868, 4581064.138300002], [-8376126.744200001, 4581037.213399999], [-8376134.1349, 4581023.877700001], [-8376154.9395, 4580988.648199998], [-8376165.490499999, 4580971.569499999], [-8376173.7205, 4580958.469999999], [-8376202.081800001, 4580916.4081000015], [-8376222.381999999, 4580887.853], [-8376225.6622, 4580883.265699998], [-8376242.1445, 4580860.991300002], [-8376279.637399999, 4580811.730599999], [-8376288.494200001, 4580797.399800003], [-8376303.816299999, 4580773.361500002], [-8376319.8013, 4580749.758900002], [-8376336.436799999, 4580726.610100001], [-8376358.6614, 4580696.575000003], [-8376420.3145, 4580609.5358000025], [-8376424.599199999, 4580603.532799996], [-8376443.318700001, 4580578.3288], [-8376445.9802, 4580574.857799999], [-8376475.658500001, 4580532.863499999], [-8376491.420499999, 4580508.347999997], [-8376512.225400001, 4580477.252400003], [-8376590.5485, 4580364.690300003], [-8376603.5846, 4580344.239100002], [-8376619.7815000005, 4580319.642800003], [-8376635.7326, 4580296.161499999], [-8376646.0987, 4580279.494000003], [-8376658.8741999995, 4580259.473499998], [-8376672.110300001, 4580239.754500002], [-8376685.800000001, 4580220.347599998], [-8376706.471899999, 4580191.7522], [-8376713.761700001, 4580180.954400003], [-8376743.7104, 4580132.9296], [-8376749.6371, 4580123.5392], [-8376777.341700001, 4580082.3972999975], [-8376792.961100001, 4580060.372599997], [-8376818.7652, 4580021.7321000025], [-8376855.8617, 4579963.5276999995], [-8376868.693499999, 4579940.0995000005], [-8376882.1346, 4579917.015299998], [-8376896.1755, 4579894.291100003], [-8376910.8068, 4579871.942500003], [-8376926.0184, 4579849.9846], [-8376941.799799999, 4579828.432700001], [-8376950.7432, 4579813.847900003], [-8376957.644200001, 4579802.0929000005], [-8376971.624600001, 4579775.876000002], [-8376983.214500001, 4579754.744000003], [-8376989.8418000005, 4579743.166699998], [-8377003.8388, 4579719.079999998], [-8377026.238500001, 4579682.331799999], [-8377051.1039, 4579645.211900003], [-8377061.583000001, 4579630.2831000015], [-8377089.0189, 4579587.560000002], [-8377142.925899999, 4579495.309900001], [-8377204.1302000005, 4579382.554099999], [-8377212.1132, 4579368.125100002], [-8377239.556399999, 4579322.285099998], [-8377248.453500001, 4579308.2663], [-8377259.8901, 4579285.891400002], [-8377270.7644, 4579265.2016], [-8377282.1076, 4579244.765100002], [-8377293.913899999, 4579224.592500001], [-8377306.176999999, 4579204.694399998], [-8377318.8906, 4579185.081100002], [-8377332.0888, 4579165.220399998], [-8377353.568399999, 4579134.156000003], [-8377356.101399999, 4579130.791100003], [-8377371.1018, 4579105.822099999], [-8377387.2893, 4579080.489399999], [-8377388.388900001, 4579078.0901999995], [-8377401.008300001, 4579051.565200001], [-8377424.6850000005, 4579006.4419], [-8377444.801100001, 4578970.315399997], [-8377455.1886, 4578948.0458], [-8377464.6746, 4578924.467799999], [-8377474.015900001, 4578902.0207], [-8377483.886399999, 4578879.801299997], [-8377494.2805, 4578857.821900003], [-8377505.192500001, 4578836.094999999], [-8377516.855799999, 4578813.5429000035], [-8377528.0756, 4578792.4538], [-8377539.7838, 4578771.631800003], [-8377551.973999999, 4578751.088299997], [-8377564.639699999, 4578730.8345], [-8377577.7739, 4578710.881399997], [-8377590.131100001, 4578692.577399999], [-8377592.506999999, 4578688.2544], [-8377597.8937, 4578678.577799998], [-8377612.8639, 4578652.900600001], [-8377637.8456999995, 4578611.444799997], [-8377651.896400001, 4578588.799900003], [-8377671.489399999, 4578559.259900004], [-8377707.2852, 4578507.266999997], [-8377708.5393, 4578504.755400002], [-8377725.072799999, 4578473.0375000015], [-8377809.521600001, 4578317.700000003], [-8377820.2422, 4578298.474799998], [-8377831.3730999995, 4578279.484200001], [-8377842.909399999, 4578260.737099998], [-8377854.8456, 4578242.2421], [-8377892.614600001, 4578185.077299997], [-8377905.2588, 4578166.390600003], [-8377946.9638, 4578106.1941], [-8378005.6974, 4578007.144699998], [-8378014.850400001, 4577992.008199997], [-8378065.035499999, 4577910.609899998], [-8378073.6481, 4577896.884499997], [-8378075.4538, 4577894.138700001], [-8378077.9737, 4577888.871600002], [-8378090.228, 4577864.119599998], [-8378103.144300001, 4577839.706500001], [-8378116.713400001, 4577815.6501], [-8378127.751, 4577796.683799997], [-8378143.374600001, 4577771.067400001], [-8378154.574200001, 4577749.152599998], [-8378166.2994, 4577727.5145], [-8378178.543400001, 4577706.1657000035], [-8378191.2991, 4577685.118600003], [-8378204.559, 4577664.385499999], [-8378218.3155000005, 4577643.978500001], [-8378230.9617, 4577625.689900003], [-8378241.779200001, 4577610.3483000025], [-8378248.6394, 4577601.339900002], [-8378301.5386, 4577514.001900002], [-8378314.3609, 4577493.386699997], [-8378319.4815, 4577485.448700003], [-8378342.4944, 4577450.131300002], [-8378395.368899999, 4577363.272200003], [-8378406.9980999995, 4577344.6215], [-8378408.223099999, 4577342.707999997], [-8378422.1511, 4577321.001599997], [-8378443.395, 4577283.647100002], [-8378468.846000001, 4577241.303599998], [-8378491.1809, 4577206.095299996], [-8378509.111400001, 4577175.6712], [-8378588.697799999, 4577040.628300004], [-8378661.3631, 4576913.2918], [-8378670.4297, 4576897.722999997], [-8378714.0209, 4576824.360699996], [-8378737.135299999, 4576780.935999997], [-8378748.9987, 4576759.281300001], [-8378773.7454, 4576717.700000003], [-8378783.241699999, 4576702.568400003], [-8378803.9421999995, 4576666.489399999], [-8378817.8224, 4576643.026000001], [-8378868.040200001, 4576560.6567], [-8378896.210200001, 4576508.462800004], [-8378905.270300001, 4576492.0374], [-8378933.1611, 4576445.476599999], [-8378949.0473, 4576420.4826000035], [-8378985.150699999, 4576357.065300003], [-8378993.5363, 4576342.6109], [-8379069.4958999995, 4576214.102300003], [-8379087.9608, 4576184.055699997], [-8379134.081900001, 4576111.8325999975], [-8379150.0856, 4576083.425300002], [-8379179.385500001, 4576034.644100003], [-8379203.1346, 4575997.520900004], [-8379218.976199999, 4575970.0929000005], [-8379230.671599999, 4575950.3574], [-8379278.308700001, 4575871.983999997], [-8379290.2444, 4575852.825599998], [-8379300.634299999, 4575836.879600003], [-8379319.289799999, 4575808.821199998], [-8379498.499299999, 4575518.635399997], [-8379506.634099999, 4575505.680200003], [-8379510.799000001, 4575499.2097999975], [-8379547.5996, 4575442.506399997], [-8379596.494000001, 4575359.805600002], [-8379609.2468, 4575338.8138], [-8379661.6929, 4575254.770999998], [-8379667.291099999, 4575245.9014], [-8379670.1898, 4575241.386600003], [-8379756.7828, 4575107.2896], [-8379858.6899, 4574943.1237], [-8379907.5131, 4574861.3320999965], [-8379919.119000001, 4574842.359999999], [-8379960.056, 4574777.044100001], [-8379980.767000001, 4574742.263599999], [-8379997.4496, 4574715.2114999965], [-8380014.045299999, 4574690.037299998], [-8380037.2763, 4574655.9021999985], [-8380052.823999999, 4574631.365400001], [-8380157.5864, 4574456.052199997], [-8380173.4496, 4574430.372699998], [-8380182.4869, 4574416.4639], [-8380228.0757, 4574347.527900003], [-8380289.141100001, 4574249.295900002], [-8380295.6393, 4574238.9802], [-8380326.2918, 4574193.671800002], [-8380356.7831, 4574151.0983000025], [-8380388.704399999, 4574101.257200003], [-8380419.443299999, 4574055.974200003], [-8380428.543099999, 4574043.510399997], [-8380454.843800001, 4574008.051399998], [-8380475.8368999995, 4573978.064400002], [-8380544.1373, 4573873.8015], [-8380569.1349, 4573837.3807], [-8380579.014799999, 4573823.865999997], [-8380605.8583, 4573787.7707], [-8380654.633300001, 4573716.1796], [-8380661.208000001, 4573706.039300002], [-8380709.052200001, 4573626.951899998], [-8380722.0217, 4573606.0823], [-8380729.5371, 4573594.480300002], [-8380821.6645, 4573454.3342999965], [-8380859.9222, 4573393.712300003], [-8380862.702299999, 4573389.331600003], [-8380867.876599999, 4573381.306699999], [-8380971.1304, 4573222.792300001], [-8380984.7184, 4573202.466799997], [-8381029.5404, 4573137.122299999], [-8381049.0035, 4573105.575599998], [-8381057.2827, 4573092.381800003], [-8381066.0743, 4573078.842200004], [-8381129.222999999, 4572983.245300002], [-8381201.044399999, 4572869.760899998], [-8381203.1074, 4572866.514399998], [-8381220.364600001, 4572840.362800002], [-8381305.4321, 4572715.644400001], [-8381349.942399999, 4572644.409400001], [-8381355.1357, 4572636.185000002], [-8381362.645, 4572624.590499997], [-8381386.412900001, 4572588.429099999], [-8381410.4955, 4572553.395999998], [-8381414.263900001, 4572548.185400002], [-8381445.762399999, 4572504.919699997], [-8381448.667199999, 4572500.5119], [-8381462.055199999, 4572475.238300003], [-8381474.7399, 4572452.0217999965], [-8381481.8837, 4572439.544399999], [-8381493.035599999, 4572420.379100002], [-8381509.854699999, 4572392.503300004], [-8381569.794299999, 4572296.637800001], [-8381573.850099999, 4572289.613300003], [-8381588.0614, 4572263.384999998], [-8381630.565099999, 4572181.059900001], [-8381648.2512, 4572148.279200003], [-8381664.4297, 4572120.578000002], [-8381688.203299999, 4572081.298100002], [-8381705.3794, 4572047.488499999], [-8381726.1204, 4572008.7421], [-8381727.5184, 4572006.2678999975], [-8381755.365900001, 4571957.143399999], [-8381775.5078, 4571923.1567], [-8381865.023600001, 4571778.543499999], [-8381872.652899999, 4571765.569499999], [-8381875.1456, 4571760.656900004], [-8381895.496300001, 4571714.6307], [-8381913.5603, 4571675.971900001], [-8381935.241599999, 4571634.407300003], [-8381963.9559, 4571582.3024], [-8381986.6599, 4571523.824699998], [-8381999.2763, 4571492.8367], [-8382004.0756, 4571481.759400003], [-8382048.7961, 4571380.1822], [-8382067.509099999, 4571340.0506], [-8382073.233100001, 4571328.616999999], [-8382079.571900001, 4571316.150300004], [-8382081.763699999, 4571310.8461000025], [-8382086.172800001, 4571300.341200002], [-8382101.9494, 4571265.1774], [-8382117.328299999, 4571232.556000002], [-8382125.0634, 4571216.511299998], [-8382150.763, 4571167.721699998], [-8382191.1139, 4571095.875399999], [-8382203.413899999, 4571071.056299999], [-8382238.0089, 4570992.713100001], [-8382248.1850000005, 4570970.394900002], [-8382285.1226, 4570891.884000003], [-8382309.3813000005, 4570835.073899999], [-8382327.524700001, 4570794.988600001], [-8382338.5098, 4570772.042499997], [-8382343.615, 4570761.532899998], [-8382346.2577, 4570756.2092999965], [-8382395.891899999, 4570656.9498], [-8382419.531400001, 4570612.445500001], [-8382425.598099999, 4570601.952100001], [-8382446.4428, 4570566.575199999], [-8382462.986300001, 4570538.693300001], [-8382497.6284, 4570475.486000001], [-8382502.893300001, 4570464.948600002], [-8382525.3895, 4570414.920999996], [-8382540.803300001, 4570382.199100003], [-8382541.911599999, 4570379.9925], [-8382549.814300001, 4570356.299000002], [-8382558.314300001, 4570332.813100003], [-8382567.406099999, 4570309.549900003], [-8382577.084000001, 4570286.524400003], [-8382587.7245000005, 4570261.998199999], [-8382608.6247000005, 4570216.855700001], [-8382618.057399999, 4570198.196500003], [-8382625.995999999, 4570182.883000001], [-8382642.8431, 4570151.715899996], [-8382661.9156, 4570119.255500004], [-8382674.2258, 4570099.1592999995], [-8382684.1262, 4570083.323100001], [-8382688.5657, 4570076.7689], [-8382693.187999999, 4570064.531300001], [-8382702.872400001, 4570039.860100001], [-8382713.191299999, 4570015.447400004], [-8382724.137800001, 4569991.309600003], [-8382735.704600001, 4569967.462899998], [-8382747.884, 4569943.923100002], [-8382758.656400001, 4569923.746600002], [-8382769.7037, 4569903.602300003], [-8382788.0175, 4569872.381499998], [-8382797.543500001, 4569856.7804000005], [-8382819.0864, 4569809.162699997], [-8382833.527899999, 4569778.5942], [-8382850.896299999, 4569744.931000002], [-8382874.407, 4569701.358499996], [-8382881.7322, 4569687.7826000005], [-8382918.739399999, 4569614.398699999], [-8382919.867699999, 4569612.032300003], [-8382931.176100001, 4569586.205799997], [-8382955.5397, 4569523.200999998], [-8382968.6173, 4569491.013400003], [-8382969.7535, 4569488.357699998], [-8382985.5591, 4569451.557899997], [-8383007.925899999, 4569403.012199998], [-8383010.4451, 4569397.934799999], [-8383038.0233, 4569342.737499997], [-8383060.503799999, 4569300.264399998], [-8383073.874399999, 4569276.375500001], [-8383085.069399999, 4569253.855099998], [-8383098.860099999, 4569219.436499998], [-8383107.384, 4569198.815399997], [-8383121.2861, 4569167.642300002], [-8383131.751800001, 4569145.187200002], [-8383141.351500001, 4569125.159900002], [-8383153.0929000005, 4569102.070799999], [-8383170.847200001, 4569068.2236], [-8383185.3802000005, 4569041.490400001], [-8383188.4957, 4569035.9965], [-8383205.7357, 4569005.813100003], [-8383231.587300001, 4568963.0141], [-8383234.1196, 4568959.064199999], [-8383257.8703000005, 4568922.2029], [-8383288.1165, 4568865.530500002], [-8383296.1995, 4568850.681400001], [-8383330.5879999995, 4568788.7304000035], [-8383381.8631, 4568684.162299998], [-8383393.6853, 4568660.863600001], [-8383422.2502999995, 4568606.306400001], [-8383440.3247, 4568569.385899998], [-8383441.4669, 4568567.0603], [-8383451.444, 4568547.3488000035], [-8383475.1602, 4568501.7205], [-8383482.6961, 4568487.4965], [-8383571.7864, 4568322.4802], [-8383603.718800001, 4568258.2852], [-8383609.3157, 4568247.202500001], [-8383696.4431, 4568077.240400001], [-8383773.510500001, 4567919.347000003], [-8383775.1664, 4567915.970200002], [-8383776.648600001, 4567912.9736], [-8383857.949899999, 4567749.291199997], [-8383871.864600001, 4567722.288999997], [-8383907.0614, 4567656.405100003], [-8383913.9298, 4567643.762500003], [-8383968.5406, 4567544.903399996], [-8384017.8376, 4567444.289099999], [-8384018.8057, 4567442.318700001], [-8384025.5594999995, 4567428.858999997], [-8384049.8715, 4567381.283], [-8384111.6536, 4567254.357199997], [-8384128.421800001, 4567218.138700001], [-8384139.0765, 4567195.834899999], [-8384143.470899999, 4567187.021200001], [-8384242.5677000005, 4566990.6329], [-8384283.2184999995, 4566907.532499999], [-8384284.458799999, 4566905.005800001], [-8384296.6811, 4566880.994800001], [-8384350.952400001, 4566777.7579], [-8384362.3455, 4566756.687100001], [-8384365.724400001, 4566750.609099999], [-8384378.42, 4566722.549099997], [-8384392.776000001, 4566692.156499997], [-8384394.614, 4566688.443700001], [-8384406.291099999, 4566664.9772000015], [-8384430.715, 4566618.876199998], [-8384435.5087, 4566610.453199998], [-8384450.881100001, 4566583.737000003], [-8384475.0417, 4566543.874899998], [-8384479.481899999, 4566536.973399997], [-8384516.554, 4566479.853500001], [-8384525.856699999, 4566457.9498], [-8384549.618799999, 4566406.133199997], [-8384569.0349, 4566366.7368], [-8384595.189200001, 4566317.139600001], [-8384607.5813, 4566295.731799997], [-8384634.1512, 4566251.0842999965], [-8384650.7117, 4566224.207900003], [-8384659.7096, 4566210.376900002], [-8384670.3729, 4566183.304300003], [-8384680.284499999, 4566160.788999997], [-8384699.480699999, 4566118.5647], [-8384713.056, 4566089.891099997], [-8384733.8596, 4566049.897500001], [-8384748.069399999, 4566023.989600003], [-8384753.524700001, 4566014.171400003], [-8384776.005000001, 4565976.625], [-8384788.930400001, 4565950.953500003], [-8384811.1756, 4565909.200999998], [-8384814.5974, 4565903.169100001], [-8384851.4614, 4565838.6954], [-8384877.650900001, 4565783.195200004], [-8384885.098999999, 4565767.747699998], [-8384901.204, 4565736.418499999], [-8384921.4703, 4565698.607900001], [-8384931.6225000005, 4565680.126500003], [-8384951.4388, 4565646.437600002], [-8384987.548699999, 4565587.646300003], [-8384996.6818, 4565573.053000003], [-8385025.250700001, 4565530.625399999], [-8385043.5865, 4565504.812299997], [-8385048.8825, 4565490.910999998], [-8385056.313100001, 4565472.321599998], [-8385065.0677000005, 4565451.1118], [-8385086.9936, 4565403.1017], [-8385099.187999999, 4565378.123400003], [-8385116.5066, 4565338.923100002], [-8385134.538699999, 4565300.301200002], [-8385139.4351, 4565290.491700001], [-8385152.019400001, 4565265.614], [-8385188.1581, 4565188.593000002], [-8385196.5473, 4565171.144400001], [-8385216.635500001, 4565132.453299999], [-8385239.175799999, 4565091.2104], [-8385252.376, 4565063.092500001], [-8385303.3299, 4564947.113899998], [-8385322.2048, 4564906.577200003], [-8385343.620100001, 4564865.464900002], [-8385359.547700001, 4564836.506499998], [-8385364.385500001, 4564827.8112], [-8385381.877599999, 4564797.9221], [-8385429.035, 4564720.368799999], [-8385431.202099999, 4564716.135300003], [-8385478.4065000005, 4564617.263499998], [-8385483.8378, 4564606.063199997], [-8385499.012499999, 4564576.4695999995], [-8385515.7765, 4564545.044200003], [-8385518.7586, 4564537.8103], [-8385540.0666000005, 4564491.062899999], [-8385550.022600001, 4564470.596299998], [-8385560.2841, 4564450.089299999], [-8385571.0021, 4564429.817100003], [-8385582.1712, 4564409.789899997], [-8385593.785800001, 4564390.017800003], [-8385605.8401999995, 4564370.510700002], [-8385615.763900001, 4564354.8477], [-8385620.5055, 4564340.655500002], [-8385631.0503, 4564312.824199997], [-8385641.553099999, 4564286.2729], [-8385651.643100001, 4564261.701200001], [-8385667.180600001, 4564227.0145], [-8385678.221999999, 4564203.542000003], [-8385686.1622, 4564187.046999998], [-8385712.5802, 4564136.942199998], [-8385726.4333999995, 4564112.361400001], [-8385754.8826, 4564064.926299997], [-8385770.5757, 4564040.294500001], [-8385783.4297, 4564007.649899997], [-8385788.2752, 4563996.4564], [-8385798.626499999, 4563972.929399997], [-8385817.257300001, 4563932.942199998], [-8385833.352399999, 4563901.625], [-8385852.0474, 4563866.737499997], [-8385863.7214, 4563841.890000001], [-8385871.8577, 4563824.976599999], [-8385896.210100001, 4563778.555799998], [-8385902.6899, 4563766.936899997], [-8385909.0154, 4563752.365099996], [-8385929.669399999, 4563707.747100003], [-8385932.5295, 4563701.984200001], [-8385943.500600001, 4563680.051100001], [-8385966.887399999, 4563636.010700002], [-8385982.0046999995, 4563610.0427], [-8386001.921499999, 4563576.957000002], [-8386015.742900001, 4563554.649400003], [-8386042.341600001, 4563514.997400001], [-8386048.699200001, 4563505.9821000025], [-8386055.319499999, 4563481.193300001], [-8386062.6995, 4563456.619999997], [-8386070.832, 4563432.285400003], [-8386079.7095, 4563408.2126], [-8386087.299000001, 4563388.101199999], [-8386097.392000001, 4563362.406999998], [-8386108.173800001, 4563336.994199999], [-8386119.636600001, 4563311.881099999], [-8386131.7719, 4563287.086099997], [-8386144.571, 4563262.627099998], [-8386158.024599999, 4563238.521899998], [-8386172.1229, 4563214.7880000025], [-8386184.1734, 4563195.111699998], [-8386193.9255, 4563179.505000003], [-8386217.5943, 4563144.535499997], [-8386225.732799999, 4563124.678499997], [-8386243.278999999, 4563083.385399997], [-8386263.326099999, 4563039.190200001], [-8386275.273, 4563014.429099999], [-8386286.8665, 4562991.160099998], [-8386299.0469, 4562968.192900002], [-8386311.806399999, 4562945.542199999], [-8386325.136700001, 4562923.2228000015], [-8386343.467, 4562893.399899997], [-8386352.3554, 4562879.200300001], [-8386378.798699999, 4562840.1303], [-8386387.956599999, 4562820.162299998], [-8386392.3773, 4562811.291199997], [-8386422.812999999, 4562750.951399997], [-8386444.634400001, 4562710.0222999975], [-8386447.463199999, 4562705.027000003], [-8386463.734200001, 4562676.481899999], [-8386489.8390999995, 4562633.204700001], [-8386493.5053, 4562627.494999997], [-8386508.5425, 4562604.2456], [-8386517.5298, 4562586.927199997], [-8386529.5088, 4562564.5282000005], [-8386542.039899999, 4562542.433300003], [-8386555.115499999, 4562520.656300001], [-8386568.727499999, 4562499.2104], [-8386605.4705, 4562442.880000003], [-8386631.1807, 4562405.318000004], [-8386635.1203000005, 4562399.866400003], [-8386665.840500001, 4562357.6501], [-8386677.3122000005, 4562337.199100003], [-8386706.5603, 4562288.364200003], [-8386710.2601, 4562282.612400003], [-8386715.4586, 4562272.967200004], [-8386724.394099999, 4562256.742299996], [-8386735.7820999995, 4562237.016400002], [-8386746.408500001, 4562219.073600002], [-8386756.8334, 4562194.678199999], [-8386779.754000001, 4562144.786399998], [-8386802.7808, 4562100.7412], [-8386817.388499999, 4562074.378899999], [-8386828.2488, 4562055.2667], [-8386839.517100001, 4562036.392099999], [-8386851.188200001, 4562017.763899997], [-8386863.2568, 4561999.390799999], [-8386900.081, 4561944.622299999], [-8386913.5164, 4561923.414999999], [-8386928.6822, 4561897.343900003], [-8386944.292099999, 4561871.4004999995], [-8386994.919199999, 4561790.009099998], [-8387007.796700001, 4561769.836099997], [-8387021.1428, 4561749.9701000005], [-8387034.950300001, 4561730.421899997], [-8387044.538699999, 4561717.178599998], [-8387051.9617, 4561705.780699998], [-8387122.0657, 4561590.260899998], [-8387133.9333, 4561571.180399999], [-8387154.8839, 4561539.6131], [-8387167.097200001, 4561521.930600002], [-8387177.677999999, 4561506.9023], [-8387201.864399999, 4561474.5656], [-8387204.0294, 4561471.787199996], [-8387221.618100001, 4561444.302900001], [-8387252.1131, 4561399.3292], [-8387257.839, 4561391.429499999], [-8387279.9671, 4561361.205600001], [-8387291.6811, 4561343.526900001], [-8387313.293400001, 4561312.192699999], [-8387346.193, 4561268.830200002], [-8387399.6789, 4561202.1039], [-8387434.646299999, 4561160.8451000005], [-8387466.3859, 4561125.345700003], [-8387507.4103, 4561077.3028], [-8387554.871099999, 4561012.258299999], [-8387574.2623, 4560986.543700002], [-8387625.546599999, 4560920.719800003], [-8387637.711200001, 4560902.766900003], [-8387653.0342999995, 4560880.7788999975], [-8387701.685900001, 4560812.880900003], [-8387732.474199999, 4560767.270999998], [-8387749.18, 4560743.270499997], [-8387760.5436, 4560727.743299998], [-8387803.1961, 4560670.6000000015], [-8387807.722200001, 4560663.596600004], [-8387823.2194, 4560640.321900003], [-8387858.3314, 4560589.119499996], [-8387867.695499999, 4560575.695699997], [-8387904.6381, 4560523.630800001], [-8387907.7601, 4560519.255199999], [-8387930.3036, 4560489.0282000005], [-8387959.9209, 4560450.808600001], [-8387971.41, 4560436.256999999], [-8387987.350500001, 4560416.930299997], [-8388038.648399999, 4560356.266199999], [-8388059.1446, 4560332.765100002], [-8388080.457, 4560309.788199998], [-8388126.465, 4560261.689800002], [-8388164.6142, 4560218.164399996], [-8388215.4054000005, 4560155.288400002], [-8388247.280200001, 4560113.3024], [-8388264.9144, 4560090.7381], [-8388274.173, 4560079.3948], [-8388365.5233, 4559969.097499996], [-8388379.2563000005, 4559952.516000003], [-8388385.967800001, 4559944.496399999], [-8388439.9043000005, 4559880.712800004], [-8388511.217499999, 4559788.917599998], [-8388521.910700001, 4559775.3901999965], [-8388537.4246, 4559756.566100001], [-8388558.5644000005, 4559731.531199999], [-8388579.4826, 4559707.5282000005], [-8388583.885, 4559702.6642], [-8388593.3948, 4559692.225400001], [-8388602.317500001, 4559681.530599996], [-8388619.8992, 4559659.607900001], [-8388631.528, 4559644.054200001], [-8388653.6555, 4559615.523699999], [-8388674.0584, 4559590.952399999], [-8388684.1233, 4559579.209899999], [-8388705.1741, 4559552.311300002], [-8388713.6149, 4559541.6723000035], [-8388750.7071, 4559498.111299999], [-8388781.0006, 4559464.553999998], [-8388800.1424, 4559440.704800002], [-8388836.8932, 4559397.478699997], [-8388867.1338, 4559365.280000001], [-8388879.0055, 4559353.175700001], [-8388927.7876, 4559295.043899998], [-8388932.0404, 4559289.526100002], [-8388945.1037, 4559272.9344], [-8388950.6177, 4559266.358800001], [-8388974.2746, 4559237.996100001], [-8388989.1614, 4559219.5273], [-8389004.4732, 4559201.409400001], [-8389020.2018, 4559183.652000003], [-8389041.8601, 4559159.7651999965], [-8389057.2728, 4559143.424699999], [-8389083.3212, 4559109.578400001], [-8389089.2973, 4559102.217600003], [-8389105.033, 4559083.018600002], [-8389122.1914, 4559062.631800003], [-8389139.8763, 4559042.699900001], [-8389158.0757, 4559023.236699998], [-8389176.777, 4559004.2553], [-8389195.9677, 4558985.768799998], [-8389211.0313, 4558971.6329], [-8389230.1662, 4558954.128700003], [-8389238.8142, 4558946.7478], [-8389279.6186, 4558902.237300001], [-8389339.2765, 4558834.066600002], [-8389369.2567, 4558797.5123], [-8389391.9511, 4558770.790399998], [-8389412.3414, 4558747.6008], [-8389419.8676, 4558739.136399999], [-8389420.4659, 4558738.494999997], [-8389422.2215, 4558736.527500004], [-8389445.404, 4558711.762800001], [-8389462.6833, 4558693.9086000025], [-8389462.6883, 4558693.903300002], [-8389837.812, 4558288.788999997], [-8389876.4713, 4558249.243600003], [-8389925.8822, 4558204.409000002], [-8389945.4359, 4558188.215499997], [-8390349.5124, 4557861.965300001], [-8390382.1812, 4557836.664800003], [-8390405.774, 4557819.664999999], [-8390926.4557, 4557455.6532000005], [-8390957.6725, 4557434.676200002], [-8391014.8359, 4557400.379799999], [-8391074.1104, 4557369.910999998], [-8391135.2419, 4557343.3999999985], [-8391169.9017, 4557330.427500002], [-8391470.9087, 4557223.976300001], [-8391498.9754, 4557214.508599997], [-8391563.0282, 4557196.2348000035], [-8391628.1339, 4557182.206699997], [-8391694.0135, 4557172.484099999], [-8391751.0698, 4557167.598899998], [-8391925.5454, 4557157.613899998], [-8391934.8608, 4557157.1237], [-8391994.6627, 4557156.019699998], [-8392027.8048, 4557156.386200003], [-8392034.5827, 4557156.483900003], [-8392101.0854, 4557159.851999998], [-8392149.4732, 4557165.072499998], [-8392182.6306, 4557169.457400002], [-8392446.9442, 4557194.500799999], [-8392501.955, 4557201.234300002], [-8392567.4518, 4557213.2875000015], [-8392632.0237, 4557229.6162], [-8392695.394, 4557250.150399998], [-8392757.2915, 4557274.8024], [-8392786.4344, 4557288.083499998], [-8393042.243, 4557409.564199999], [-8393073.2606, 4557424.946900003], [-8393131.4266, 4557457.499499999], [-8393177.5001, 4557487.026100002], [-8393301.18, 4557571.063299999], [-8393311.0283, 4557577.8396999985], [-8393344.9129, 4557602.501400001], [-8393427.8697, 4557665.5304000005], [-8393447.4242, 4557680.766400002], [-8393498.1512, 4557724.088100001], [-8393545.9486, 4557770.648800001], [-8393577.7655, 4557805.304200001], [-8393730.1127, 4557979.117700003], [-8393742.9591, 4557994.0625], [-8393784.2979, 4558046.490199998], [-8393822.134, 4558101.520999998], [-8393856.3053, 4558158.919], [-8393886.6656, 4558218.4388], [-8393913.0847, 4558279.825199999], [-8393935.4495, 4558342.815800004], [-8393953.664, 4558407.140799999], [-8394424.4832, 4562269.491999999], [-8394333.6921, 4562383.466499999], [-8394269.5466, 4562463.990400001], [-8394258.9218, 4562477.328000002], [-8393889.7243, 4562940.771300003], [-8393484.9864, 4563448.787900001], [-8393446.8537, 4563496.6489999965], [-8393433.7717, 4563513.068400003], [-8393312.9276, 4563664.739699997], [-8393187.1433, 4563822.607500002], [-8393178.0673, 4563833.998300001], [-8393000.8611, 4564056.397100002], [-8392968.2271, 4564097.352899998], [-8392581.325, 4564582.895999998], [-8392205.2003, 4564687.372100003], [-8391587.2806, 4564858.979999997], [-8391347.7579, 4565473.349399999], [-8391317.2381, 4565551.629000001], [-8391238.4004, 4565753.835100003], [-8391543.8185, 4567186.538900003], [-8391555.3645, 4567240.696699999], [-8390595.4777, 4567443.883299999], [-8390030.6133, 4567239.3389], [-8388705.8191, 4567380.781199999], [-8388185.965600001, 4567580.751500003], [-8388076.6514, 4567622.7971], [-8388052.682499999, 4567632.016199999], [-8388040.696699999, 4567636.626000002], [-8388032.0337000005, 4567639.957900003], [-8388007.4712000005, 4567649.405299999], [-8387998.138800001, 4567652.994599998], [-8388004.7773, 4567673.7880000025], [-8388013.9856, 4567702.630900003], [-8388112.821900001, 4568012.207199998], [-8388124.1622, 4568047.726800002], [-8388125.235300001, 4568051.088500001], [-8388140.7425, 4568099.6589], [-8388141.5189, 4568102.090999998], [-8388149.6602, 4568127.590499997], [-8388199.2696, 4568282.971600004], [-8388205.9891, 4568304.0176], [-8388210.8949, 4568319.382799998], [-8388215.531400001, 4568333.904700004], [-8388218.562100001, 4568343.396899998], [-8388219.994899999, 4568347.884199999], [-8388234.0078, 4568391.773199998], [-8388197.263800001, 4568403.603299998], [-8388197.128900001, 4568403.1809], [-8388195.5934999995, 4568398.372000001], [-8388183.026900001, 4568359.012100004], [-8388177.328199999, 4568341.162699997], [-8388173.2652, 4568328.437200002], [-8388166.930400001, 4568308.596299998], [-8388160.4684, 4568288.356700003], [-8388111.239499999, 4568134.164899997], [-8388104.7762, 4568113.920699999], [-8388087.8882, 4568061.024599999], [-8388082.6204, 4568044.524700001], [-8387996.353700001, 4567774.316699997], [-8387962.052100001, 4567666.8741], [-8387871.6906, 4567701.627700001], [-8387789.1906, 4567733.357000001], [-8387502.717499999, 4567843.527800001], [-8386778.4354, 4569829.357199997], [-8384586.913000001, 4571069.207999997], [-8384335.192399999, 4571484.946999997], [-8385038.1876, 4572943.816600002], [-8384793.8135, 4574829.672700003], [-8384573.546499999, 4575032.8500000015], [-8382861.647399999, 4577096.197099999], [-8384079.9662999995, 4578082.005400002], [-8382861.544600001, 4579521.178099997], [-8382830.374299999, 4579557.9912], [-8381325.562000001, 4581334.958499998], [-8380860.3006, 4582740.077600002], [-8380858.749, 4582744.763099998], [-8380638.583000001, 4583409.598399997], [-8380627.5320999995, 4583442.967699997], [-8380588.2411, 4583561.609099999], [-8380405.633099999, 4584112.9859], [-8379408.203, 4587124.114100002], [-8379408.1998, 4587124.119999997], [-8378897.836200001, 4587795.001000002], [-8376074.408600001, 4591505.202100001], [-8376001.0833, 4591601.529799998], [-8375998.359999999, 4591895.053599998], [-8375997.2686, 4592012.681900002], [-8375974.8643, 4594427.266800001], [-8372992.5715, 4594426.159900002], [-8372992.568600001, 4594426.166500002], [-8370627.056700001, 4601205.7809000015], [-8370627.0539, 4601205.787199996], [-8371139.4814, 4603041.474399999], [-8371248.2578, 4603431.101499997], [-8371549.137800001, 4604508.7425], [-8369650.810799999, 4607157.1347], [-8365960.122300001, 4613713.340800002], [-8365781.438999999, 4613948.3434000015], [-8365645.233200001, 4614127.474399999], [-8365619.3958, 4614161.454099998], [-8365619.2991, 4614161.581200004], [-8365619.274499999, 4614161.613700002], [-8365619.3006, 4614161.636200003], [-8365619.346899999, 4614161.675800003], [-8365620.0568, 4614162.285599999], [-8365656.249399999, 4614193.375200003], [-8365656.273800001, 4614193.3961], [-8365762.4789, 4614284.625100002], [-8365839.980699999, 4614351.196999997], [-8365872.6866, 4614379.290299997], [-8365872.732000001, 4614379.209399998], [-8365873.101199999, 4614378.550700001], [-8365873.1446, 4614378.369199999], [-8365876.005100001, 4614366.435099997], [-8365876.2228, 4614365.527000003], [-8365876.4814, 4614364.447999999], [-8365877.2458999995, 4614363.138099998], [-8365880.747400001, 4614357.138099998], [-8365888.647299999, 4614348.318700001], [-8365896.336999999, 4614341.862499997], [-8365902.747400001, 4614337.770900004], [-8365909.3716, 4614333.678999998], [-8365918.5315000005, 4614328.719800003], [-8365920.911800001, 4614327.431100003], [-8365923.0055, 4614327.972400002], [-8365926.6896, 4614328.924999997], [-8365930.545, 4614332.140500002], [-8365931.193499999, 4614336.220399998], [-8365929.488600001, 4614340.089400001], [-8365926.7118, 4614342.456699997], [-8365924.799900001, 4614344.174900003], [-8365921.7612, 4614346.9058], [-8365919.729599999, 4614353.143399999], [-8365923.4618, 4614358.819899999], [-8365932.038699999, 4614364.182499997], [-8365943.5692, 4614370.486599997], [-8365974.6863, 4614379.535599999], [-8365988.166200001, 4614382.090899996], [-8366005.9954, 4614384.9636999965], [-8366011.9155, 4614385.917599998], [-8366025.080800001, 4614388.1796], [-8366051.6798, 4614390.600400001], [-8366078.0691, 4614389.940099999], [-8366080.8928, 4614389.623000003], [-8366101.998, 4614387.252400003], [-8366102.204600001, 4614387.229199998], [-8366110.9701000005, 4614386.168700002], [-8366122.8627, 4614384.729699999], [-8366130.9626, 4614383.611900002], [-8366133.9384, 4614383.201300003], [-8366151.4968, 4614380.7786], [-8366165.1996, 4614378.495899998], [-8366170.515799999, 4614376.843599997], [-8366175.801100001, 4614373.921599999], [-8366176.8518, 4614373.3407000005], [-8366180.0847, 4614372.369800001], [-8366180.763599999, 4614372.952799998], [-8366187.6423, 4614378.859099999], [-8366189.3266, 4614380.305399999], [-8366190.748400001, 4614381.526100002], [-8366400.3036, 4614561.4538], [-8366428.166999999, 4614584.664899997], [-8366465.7619, 4614616.8838], [-8366466.1405, 4614617.208300002], [-8366466.2618, 4614617.312200002], [-8366467.341399999, 4614618.237400003], [-8366468.0701, 4614618.861900002], [-8366468.945699999, 4614619.612300001], [-8366472.118799999, 4614622.331600003], [-8366471.8116, 4614622.674999997], [-8366468.7864, 4614626.055600002], [-8366468.724199999, 4614626.054300003], [-8366446.017200001, 4614652.793799996], [-8366439.5834, 4614660.349600002], [-8366431.598200001, 4614669.727499999], [-8366422.5907000005, 4614680.305699997], [-8366421.2984, 4614681.901900001], [-8366470.7161, 4614724.328100003], [-8366540.476199999, 4614784.221199997], [-8366636.0492, 4614866.274400003], [-8366646.6699, 4614875.392800003], [-8366646.9824, 4614875.6611], [-8366646.9953000005, 4614875.6721], [-8366571.0831, 4614978.572400004], [-8366533.552200001, 4614946.349399999], [-8366421.944399999, 4614850.524400003], [-8366308.8857, 4614753.451800004], [-8366274.6061, 4614724.214100003], [-8366175.236099999, 4614638.957500003], [-8366174.4147, 4614638.252300002], [-8366136.248299999, 4614605.480999999], [-8366007.069399999, 4614494.560800001], [-8365933.4221, 4614431.321900003], [-8365911.344799999, 4614412.364699997], [-8365908.835100001, 4614410.2095], [-8365896.486300001, 4614399.605700001], [-8365890.901699999, 4614394.8103], [-8365887.9915, 4614392.311399996], [-8365887.7886, 4614392.137100004], [-8365887.7829, 4614392.132299997], [-8365887.738, 4614392.184900001], [-8365887.7214, 4614392.204599999], [-8365885.214299999, 4614395.1504999995], [-8365849.9486, 4614436.5879999995], [-8365624.6963, 4614243.284000002], [-8365583.8366, 4614208.218599997], [-8365577.788799999, 4614216.1721], [-8365559.6214000005, 4614240.064300001], [-8365535.066299999, 4614272.356600001], [-8365437.5579, 4614538.929700002], [-8365432.3759, 4614553.096500002], [-8365430.162599999, 4614559.147699997], [-8365428.552100001, 4614563.549999997], [-8364487.0765, 4616046.0288999975], [-8364450.385399999, 4616103.797799997], [-8363348.9915, 4617837.688900001], [-8363348.988, 4617837.694799997], [-8363298.9476, 4620060.553800002], [-8361934.8335, 4621663.243699998], [-8361919.035499999, 4621681.8024], [-8361820.198000001, 4621797.908500001], [-8361785.0263, 4621839.2250000015], [-8361779.613500001, 4621845.583400004], [-8361751.875700001, 4621878.1669000015], [-8361750.1809, 4621880.157700002], [-8361750.0023, 4621880.3675], [-8361620.665999999, 4622373.5271999985], [-8361607.561799999, 4622423.4925], [-8361598.281099999, 4622458.8794], [-8361585.0812, 4622509.209100001], [-8361307.9421999995, 4623565.852600001], [-8361202.463500001, 4623793.253899999], [-8360915.6654, 4624411.530299999], [-8360307.6469, 4625120.648800001], [-8360016.925799999, 4625425.321800001], [-8359947.970899999, 4625497.583300002], [-8359933.850400001, 4625512.380900003], [-8359867.7486000005, 4625581.651299998], [-8359757.6489, 4625678.050999999], [-8359697.6032, 4625730.624200001], [-8359644.0196, 4625731.321900003], [-8359605.1917, 4625731.827600002], [-8359529.559599999, 4625701.324500002], [-8359146.8741999995, 4625371.306299999], [-8358898.028899999, 4625156.7236], [-8358873.285599999, 4625135.386500001], [-8358824.138499999, 4625093.004900001]]]]}}, {"type": "Feature", "properties": {"OBJECTID": 154, "CreationDate": "2025-01-14T11:11:11Z", "Creator": "NPS_WASO_LANDS", "EditDate": "2025-01-14T11:11:11Z", "Editor": "NPS_WASO_LANDS", "GlobalID": "{8745FD34-46B6-49A5-B19A-E09857CB2CAF}", "AreaID": 143, "UNIT_CODE": "FOMC", "GIS_Notes": "Lands - http://landsnet.nps.gov/tractsnet/documents/FOMC/Metadata/fomc_metadata.xml", "UNIT_NAME": "Fort McHenry National Monument and Historic Shrine", "DATE_EDIT": "2012-01-13T00:00:00Z", "STATE": "MD", "REGION": "NE", "GNIS_ID": "595218", "UNIT_TYPE": "National Monument", "CREATED_BY": "Lands", "METADATA": "https://irma.nps.gov/DataStore/Reference/Profile/2210703", "PARKNAME": "Fort McHenry", "SHAPE_Length": 2454.010046505898, "SHAPE_Area": 315838.46261274215}, "geometry": {"type": "MultiPolygon", "coordinates": [[[[-8525027.5898, 4759386.655699998], [-8525036.4241, 4759401.143399999], [-8525151.6397, 4759495.317900002], [-8525156.8719, 4759499.918799996], [-8525183.5886, 4759516.309600003], [-8525211.3071, 4759534.569499999], [-8525214.0901, 4759535.0009], [-8525215.3146, 4759535.719800003], [-8525217.875, 4759536.869999997], [-8525222.5505, 4759539.314300001], [-8525225.5559, 4759540.895800002], [-8525227.6698, 4759542.2377], [-8525232.1239, 4759545.065300003], [-8525236.7993, 4759546.934699997], [-8525239.8049, 4759547.653399996], [-8525241.586, 4759549.522600003], [-8525242.3653, 4759550.9604], [-8525244.369, 4759553.4045], [-8525247.9312, 4759556.280100003], [-8525251.1595, 4759558.580700003], [-8525255.2783, 4759561.3125], [-8525259.2858, 4759563.037799999], [-8525262.1801, 4759564.331900001], [-8525306.2627, 4759584.748599999], [-8525332.5341, 4759595.819600001], [-8525275.2045, 4759723.353299998], [-8525261.8463, 4759754.122599997], [-8525238.6916, 4759743.626400001], [-8525231.9012, 4759759.011200003], [-8525194.9433, 4759842.549099997], [-8525183.8112, 4759837.5167], [-8525108.854, 4759803.3741], [-8525094.8777, 4759797.008100003], [-8525023.0065, 4759764.270400003], [-8524954.1159, 4759732.890100002], [-8524951.4874, 4759731.692599997], [-8524898.7219, 4759849.882100001], [-8524746.944, 4759795.768299997], [-8524742.6519, 4759794.237999998], [-8524693.4487, 4759840.248599999], [-8524682.9847, 4759831.909100004], [-8524678.3092, 4759828.1708], [-8524664.8397, 4759817.387000002], [-8524631.7777, 4759791.362199999], [-8524582.0178, 4759639.672799997], [-8524581.2386, 4759640.104000002], [-8524580.1254, 4759640.2478], [-8524579.0121, 4759639.960100003], [-8524578.1217, 4759639.3851], [-8524577.1198, 4759636.653399996], [-8524576.5632, 4759636.078100003], [-8524574.3368, 4759629.8955999985], [-8524573.4462, 4759627.451300003], [-8524573.001, 4759626.588600002], [-8524572.5557, 4759625.2946000025], [-8524572.4444, 4759623.712899998], [-8524572.5557, 4759622.275200002], [-8524573.001, 4759620.837399997], [-8524572.333, 4759609.191200003], [-8524572.5557, 4759607.034500003], [-8524572.667, 4759604.446500003], [-8524572.4444, 4759601.858400002], [-8524571.8879, 4759599.270400003], [-8524571.1085, 4759596.826099999], [-8524570.5519, 4759595.3882], [-8524570.1067, 4759593.6630000025], [-8524569.7728, 4759591.937600002], [-8524569.6615, 4759590.212200001], [-8524569.6615, 4759588.486900002], [-8524569.8839, 4759586.761399999], [-8524570.3293, 4759585.036200002], [-8524569.9952, 4759584.029700004], [-8524569.8839, 4759582.5918999985], [-8524570.1067, 4759581.153999999], [-8524570.5519, 4759579.860100001], [-8524571.2199, 4759578.709899999], [-8524570.6633, 4759569.939300001], [-8524569.6615, 4759567.494999997], [-8524567.6575, 4759560.593599997], [-8524566.8784, 4759549.6664], [-8524566.6558, 4759547.5097], [-8524566.6558, 4759544.777900003], [-8524566.8784, 4759542.046099998], [-8524567.4351, 4759539.4580999985], [-8524568.2141, 4759536.869999997], [-8524569.3274, 4759534.281999998], [-8524570.6633, 4759531.9815], [-8524574.2255, 4759523.6423999965], [-8524575.45, 4759521.773400001], [-8524575.5613, 4759520.766800001], [-8524575.8953, 4759517.747400001], [-8524576.6745, 4759516.022100002], [-8524578.2331, 4759512.140100002], [-8524578.7896, 4759509.983400002], [-8524582.2405, 4759502.219300002], [-8524582.7972, 4759501.500399999], [-8524583.2424, 4759500.494000003], [-8524583.465, 4759499.4877], [-8524583.5762, 4759498.624899998], [-8524584.1329, 4759495.0304000005], [-8524585.1348, 4759491.435800001], [-8524586.3593, 4759488.129000001], [-8524588.0291, 4759484.822099999], [-8524596.4894, 4759465.124499999], [-8524596.4894, 4759464.1228], [-8524596.4894, 4759464.118100002], [-8524596.4894, 4759463.111599997], [-8524596.6007, 4759462.1052], [-8524596.8233, 4759461.0986], [-8524597.1573, 4759460.236199997], [-8524597.4913, 4759459.373400003], [-8524598.0477, 4759458.510700002], [-8524598.9384, 4759457.072899997], [-8524599.2724, 4759456.2102999985], [-8524599.6063, 4759455.491400003], [-8524599.7176, 4759454.628700003], [-8524599.829, 4759453.622299999], [-8524600.1629, 4759452.472000003], [-8524600.9422, 4759450.459100001], [-8524603.6138, 4759445.570699997], [-8524604.3931, 4759444.707999997], [-8524605.1723, 4759443.270400003], [-8524606.6195, 4759440.1071000025], [-8524608.1779, 4759436.656499997], [-8524609.291, 4759433.205700003], [-8524610.1817, 4759430.473999999], [-8524613.0761, 4759422.853799999], [-8524615.4137, 4759417.390299998], [-8524616.3043, 4759415.0898], [-8524616.9722, 4759413.077], [-8524617.6401, 4759411.351599999], [-8524620.2003, 4759407.325900003], [-8524620.757, 4759406.607000001], [-8524621.091, 4759405.7443], [-8524621.3136, 4759404.737899996], [-8524621.3136, 4759403.875200003], [-8524621.3136, 4759402.7250000015], [-8524621.8702, 4759401.431000002], [-8524622.4267, 4759399.130599998], [-8524623.54, 4759397.405199997], [-8524624.4306, 4759395.392499998], [-8524626.2118, 4759388.922399998], [-8524627.2136, 4759386.1906], [-8524629.8852, 4759380.008199997], [-8524631.1097, 4759377.995300002], [-8524633.1135, 4759374.400899999], [-8524633.5588, 4759373.250699997], [-8524635.1171, 4759371.525399998], [-8524637.5663, 4759367.643399999], [-8524639.6814, 4759365.343000002], [-8524640.0153, 4759364.6241], [-8524641.7963, 4759360.885899998], [-8524644.134, 4759357.291500002], [-8524644.6907, 4759355.709899999], [-8524646.9171, 4759353.122000001], [-8524647.3625, 4759352.115500003], [-8524648.8096, 4759349.527599998], [-8524650.9245, 4759346.7958], [-8524651.4812, 4759345.789399996], [-8524652.3718, 4759343.632700004], [-8524656.0453, 4759339.463200003], [-8524658.7171, 4759334.574699998], [-8524658.7171, 4759333.855899997], [-8524658.8283, 4759332.993299998], [-8524659.2736, 4759332.130500004], [-8524659.7189, 4759331.411600001], [-8524662.9471, 4759327.817299999], [-8524663.1698, 4759325.660700001], [-8524665.0623, 4759323.360299997], [-8524666.5094, 4759321.634999998], [-8524667.9565, 4759319.765900001], [-8524669.0698, 4759317.8967999965], [-8524669.9603, 4759315.883900002], [-8524671.6301, 4759313.727300003], [-8524673.5226, 4759310.2766999975], [-8524676.5281, 4759305.963399999], [-8524678.198, 4759303.375299998], [-8524678.6432, 4759302.369000003], [-8524683.5412, 4759294.317500003], [-8524684.8771, 4759292.736000001], [-8524687.3261, 4759288.566500001], [-8524687.7714, 4759287.847599998], [-8524687.8827, 4759286.984999999], [-8524688.2167, 4759286.122299999], [-8524688.6619, 4759285.403499998], [-8524689.2184, 4759284.684600003], [-8524690.2204, 4759283.9657000005], [-8524690.9996, 4759283.103], [-8524691.5561, 4759282.240400001], [-8524692.0014, 4759281.0901999995], [-8524696.8996, 4759272.895000003], [-8524703.1335, 4759265.418700002], [-8524704.4693, 4759263.4058], [-8524706.2504, 4759260.098999999], [-8524708.3656, 4759256.935900003], [-8524712.3731, 4759250.178499997], [-8524714.5994, 4759245.8653], [-8524716.4918, 4759242.702200003], [-8524717.3825, 4759241.552000001], [-8524721.5013, 4759236.088600002], [-8524722.9483, 4759233.500500001], [-8524725.7313, 4759228.612300001], [-8524728.9596, 4759223.867700003], [-8524730.9634, 4759221.567299999], [-8524731.7426, 4759220.560900003], [-8524739.9802, 4759214.953699999], [-8524742.5406, 4759213.659699999], [-8524744.8783, 4759212.078199998], [-8524747.1047, 4759210.209100001], [-8524749.1084, 4759208.1963], [-8524749.8878, 4759207.3336], [-8524752.1142, 4759206.0397000015], [-8524754.3405, 4759204.745700002], [-8524756.1216, 4759203.307899997], [-8524757.68, 4759202.3015], [-8524758.9046, 4759201.5825999975], [-8524760.0177, 4759200.719999999], [-8524761.0195, 4759199.713600002], [-8524761.7989, 4759198.850900002], [-8524764.6932, 4759196.981899999], [-8524768.9233, 4759194.537699997], [-8524777.161, 4759188.930399999], [-8524778.3855, 4759188.067900002], [-8524779.3873, 4759186.9177], [-8524784.508, 4759183.467100002], [-8524787.625, 4759181.454300001], [-8524791.4099, 4759178.147500001], [-8524794.5268, 4759175.847099997], [-8524800.5381, 4759172.540299997], [-8524803.5437, 4759171.246299997], [-8524804.4341, 4759170.527400002], [-8524805.4361, 4759170.0961000025], [-8524806.5493, 4759169.808600001], [-8524807.7738, 4759169.664800003], [-8524808.5531, 4759169.808600001], [-8524810.1115, 4759169.664800003], [-8524811.5587, 4759169.0896999985], [-8524813.2285, 4759168.514600001], [-8524814.3417, 4759167.652000003], [-8524815.5662, 4759167.076899998], [-8524816.5681, 4759166.9331], [-8524817.6813, 4759166.645499997], [-8524818.7945, 4759166.214100003], [-8524820.3529, 4759165.6391], [-8524821.5774, 4759165.064000003], [-8524822.802, 4759164.920299999], [-8524824.0265, 4759164.920299999], [-8524825.1397, 4759165.207800001], [-8524826.2529, 4759165.6391], [-8524827.4774, 4759166.070299998], [-8524831.7075, 4759166.501800001], [-8524832.1529, 4759167.2206000015], [-8524832.9319, 4759167.652000003], [-8524833.7113, 4759167.795699999], [-8524834.4905, 4759167.508199997], [-8524835.1583, 4759167.076899998], [-8524835.9377, 4759166.7892], [-8524836.717, 4759167.076899998], [-8524837.1622, 4759167.652000003], [-8524837.7188, 4759168.2272000015], [-8524838.7207, 4759168.514600001], [-8524839.8338, 4759168.370800003], [-8524840.7244, 4759168.083300002], [-8524841.5035, 4759167.939499997], [-8524842.3942, 4759168.083300002], [-8524843.1734, 4759168.514600001], [-8524865.8825, 4759171.677500002], [-8524869.2223, 4759172.252599999], [-8524876.6806, 4759173.6906], [-8524879.5749, 4759174.553099997], [-8524885.1409, 4759174.840599999], [-8524888.7031, 4759176.134599999], [-8524889.1484, 4759176.853500001], [-8524890.039, 4759177.141199999], [-8524890.8183, 4759176.709700003], [-8524891.7087, 4759176.709700003], [-8524892.5993, 4759176.853500001], [-8524893.3784, 4759177.2848000005], [-8524896.6068, 4759177.7161], [-8524897.9425, 4759178.003700003], [-8524899.1672, 4759178.435000002], [-8524900.2804, 4759179.1538999975], [-8524900.9483, 4759180.1603000015], [-8524904.6218, 4759183.754600003], [-8524905.6237, 4759184.329700001], [-8524906.2916, 4759185.192400001], [-8524906.7369, 4759186.198799998], [-8524907.0708, 4759187.205200002], [-8524907.6274, 4759188.068000004], [-8524908.0727, 4759188.786600001], [-8524908.7405, 4759189.505599998], [-8524909.4086, 4759190.080700003], [-8524910.4104, 4759191.230899997], [-8524911.1897, 4759192.524899997], [-8524911.6349, 4759194.106399998], [-8524913.4161, 4759199.857299998], [-8524913.8613, 4759201.438900001], [-8524914.1953, 4759203.020400003], [-8524914.3066, 4759204.745700002], [-8524914.3066, 4759206.327200003], [-8524914.084, 4759208.052500002], [-8524969.8519, 4759295.520499997], [-8524972.7617, 4759300.084200002], [-8525019.5036, 4759373.3945999965], [-8525027.5898, 4759386.655699998]]]]}}, {"type": "Feature", "properties": {"OBJECTID": 156, "CreationDate": "2025-01-14T11:11:11Z", "Creator": "NPS_WASO_LANDS", "EditDate": "2025-01-14T11:11:11Z", "Editor": "NPS_WASO_LANDS", "GlobalID": "{F98C387E-284B-4FB3-AE0F-17042138F8D1}", "AreaID": 145, "UNIT_CODE": "HAMP", "GIS_Notes": "Lands - http://landsnet.nps.gov/tractsnet/documents/HAMP/Metadata/hamp_metadata.xml", "UNIT_NAME": "Hampton National Historic Site", "DATE_EDIT": "2016-01-26T00:00:00Z", "STATE": "MD", "REGION": "NE", "GNIS_ID": "584846", "UNIT_TYPE": "National Historic Site", "CREATED_BY": "Lands", "METADATA": "https://irma.nps.gov/DataStore/Reference/Profile/2182232", "PARKNAME": "Hampton", "SHAPE_Length": 3921.1020691197923, "SHAPE_Area": 421003.34880885656}, "geometry": {"type": "MultiPolygon", "coordinates": [[[[-8525396.7673, 4782267.947099999], [-8525407.4651, 4782225.967600003], [-8525418.1628, 4782183.987999998], [-8525428.8604, 4782142.008599997], [-8525439.5578, 4782100.0295], [-8525450.2551, 4782058.050399996], [-8525460.9525, 4782016.071400002], [-8525471.6496, 4781974.092699997], [-8525482.3467, 4781932.114200003], [-8525487.8388, 4781932.674900003], [-8525493.3465, 4781933.046400003], [-8525498.8637, 4781933.228], [-8525504.384, 4781933.2195999995], [-8525509.9007, 4781933.021200001], [-8525515.4073, 4781932.633100003], [-8525520.8975, 4781932.055600002], [-8525526.3647, 4781931.289399996], [-8525531.8026, 4781930.335600004], [-8525537.2048, 4781929.195], [-8525542.5647, 4781927.869199999], [-8525547.8762, 4781926.359700002], [-8525553.1331, 4781924.668300003], [-8525558.3291, 4781922.796899997], [-8525627.9152, 4781896.446800001], [-8525642.9641, 4781934.866800003], [-8525658.0132, 4781973.287600003], [-8525673.0624, 4782011.7082], [-8525688.1117, 4782050.129000001], [-8525703.1609, 4782088.549900003], [-8525718.2106, 4782126.970799997], [-8525733.2602, 4782165.391999997], [-8525748.3098, 4782203.813199997], [-8525711.669, 4782218.365500003], [-8525675.0279, 4782232.9177], [-8525704.021, 4782306.484300002], [-8525689.3652, 4782312.306900002], [-8525674.8746, 4782275.512599997], [-8525660.3841, 4782238.718500003], [-8525619.6684, 4782254.888700001], [-8525578.9525, 4782271.058799997], [-8525538.2366, 4782287.228699997], [-8525497.5205, 4782303.398599997], [-8525456.8045, 4782319.5682], [-8525416.0882, 4782335.7377], [-8525375.3717, 4782351.906999998], [-8525386.0695, 4782309.927000001], [-8525396.7673, 4782267.947099999]]], [[[-8525489.8352, 4781914.016800001], [-8525472.5665, 4781910.361000001], [-8525472.9043, 4781910.426299997], [-8525473.2438, 4781910.479999997], [-8525473.5851, 4781910.521499999], [-8525473.928, 4781910.550899997], [-8525474.2714, 4781910.568499997], [-8525474.6153, 4781910.574100003], [-8525474.959, 4781910.567199998], [-8525475.3023, 4781910.548900001], [-8525475.645, 4781910.518200003], [-8525475.9863, 4781910.475699998], [-8525476.3258, 4781910.421099998], [-8525476.6633, 4781910.354599997], [-8525476.9982, 4781910.2766999975], [-8525477.3302, 4781910.186499998], [-8525477.659, 4781910.085000001], [-8525477.9839, 4781909.972199999], [-8525478.3047, 4781909.8477], [-8525478.6211, 4781909.712399997], [-8525478.9326, 4781909.566], [-8525479.2387, 4781909.4089], [-8525479.5393, 4781909.240900002], [-8525479.8337, 4781909.0625], [-8525480.1218, 4781908.874200001], [-8525480.4032, 4781908.6756], [-8525480.6775, 4781908.4673999995], [-8525480.9445, 4781908.249600001], [-8525481.2036, 4781908.022699997], [-8525481.4546, 4781907.786799997], [-8525481.6974, 4781907.542300001], [-8525481.9315, 4781907.289399996], [-8525482.1568, 4781907.028399996], [-8525482.3728, 4781906.759800002], [-8525482.5792, 4781906.483599998], [-8525482.776, 4781906.200400002], [-8525482.9628, 4781905.910499997], [-8525483.1393, 4781905.614200003], [-8525483.3055, 4781905.311899997], [-8525483.4612, 4781905.004100002], [-8525483.606, 4781904.691], [-8525483.7399, 4781904.372900002], [-8525483.8625, 4781904.050300002], [-8525483.974, 4781903.7236], [-8525484.0739, 4781903.393299997], [-8525484.1623, 4781903.059600003], [-8525484.2392, 4781902.723099999], [-8525493.0009, 4781860.952500001], [-8525501.7629, 4781819.181999996], [-8525510.5246, 4781777.411600001], [-8525519.2862, 4781735.641599998], [-8525528.0479, 4781693.8715], [-8525536.8095, 4781652.101599999], [-8525545.571, 4781610.332000002], [-8525554.3324, 4781568.562600002], [-8525521.7309, 4781507.287100002], [-8525517.6825, 4781462.440700002], [-8525513.6343, 4781417.594499998], [-8525509.5861, 4781372.748599999], [-8525505.5379, 4781327.902800001], [-8525501.4896, 4781283.057300001], [-8525497.4414, 4781238.211900003], [-8525493.3934, 4781193.366700001], [-8525499.1764, 4781158.754699998], [-8525551.4588, 4781168.225199997], [-8525554.2162, 4781168.705600001], [-8525603.3238, 4781177.262999997], [-8525652.4307, 4781185.82], [-8525701.5375, 4781194.376900002], [-8525706.4183, 4781178.327799998], [-8525763.2306, 4781191.429399997], [-8525764.4724, 4781187.600199997], [-8525772.0908, 4781189.621799998], [-8525770.7679, 4781193.3478000015], [-8525847.5997, 4781210.4287], [-8525846.1053, 4781216.5776999965], [-8525914.6639, 4781229.757399999], [-8525937.0768, 4781265.872599997], [-8525959.49, 4781301.987999998], [-8525981.9033, 4781338.103500001], [-8526004.3167, 4781374.2190999985], [-8526026.7304, 4781410.3347999975], [-8526049.1441, 4781446.450499997], [-8526071.5581, 4781482.566399999], [-8526093.9722, 4781518.6822], [-8526116.3865, 4781554.798100002], [-8526138.8009, 4781590.9142], [-8526161.2154, 4781627.030299999], [-8526122.1815, 4781648.43], [-8526083.1476, 4781669.829599999], [-8526044.1134, 4781691.229199998], [-8526005.0791, 4781712.6285], [-8525966.0445, 4781734.0276999995], [-8525927.0099, 4781755.426799998], [-8525887.9751, 4781776.825800002], [-8525850.5589, 4781790.994499996], [-8525813.1426, 4781805.162900001], [-8525775.7265, 4781819.331200004], [-8525738.31, 4781833.499300003], [-8525700.8936, 4781847.667499997], [-8525663.4771, 4781861.8354], [-8525626.0603, 4781876.003200002], [-8525588.6434, 4781890.1708], [-8525587.7322, 4781890.515900001], [-8525539.7882, 4781902.479000002], [-8525491.8439, 4781914.442000002], [-8525489.8576, 4781914.021499999], [-8525489.8352, 4781914.016800001]]]]}}, {"type": "Feature", "properties": {"OBJECTID": 169, "CreationDate": "2025-01-14T11:11:11Z", "Creator": "NPS_WASO_LANDS", "EditDate": "2025-01-14T11:11:11Z", "Editor": "NPS_WASO_LANDS", "GlobalID": "{BF06500A-2BA6-4B40-954E-0AFE985243FC}", "AreaID": 162, "UNIT_CODE": "THST", "GIS_Notes": "Lands - http://landsnet.nps.gov/tractsnet/documents/THST/Metadata/thst_metadata.xml", "UNIT_NAME": "Thomas Stone National Historic Site", "DATE_EDIT": "2009-07-28T00:00:00Z", "STATE": "MD", "REGION": "NE", "GNIS_ID": "1888967", "UNIT_TYPE": "National Historic Site", "CREATED_BY": "Lands", "METADATA": "https://irma.nps.gov/DataStore/Reference/Profile/1048411", "PARKNAME": "Thomas Stone", "SHAPE_Length": 6334.901450398608, "SHAPE_Area": 2172355.736703938}, "geometry": {"type": "MultiPolygon", "coordinates": [[[[-8575307.9711, 4653607.9081000015], [-8575489.3914, 4653650.895300001], [-8575463.4802, 4653420.859099999], [-8575697.874, 4653394.1303], [-8575805.2751, 4653458.321500003], [-8575910.9846, 4653762.909999996], [-8576216.6641, 4654022.991099998], [-8576607.4645, 4654570.588100001], [-8576630.6401, 4654740.359700002], [-8576487.3889, 4655240.651299998], [-8576455.7483, 4655495.557700001], [-8576067.3973, 4655524.913400002], [-8576065.5995, 4655501.510600001], [-8575891.2375, 4655514.685999997], [-8575892.9964, 4655538.038900003], [-8575816.1024, 4655543.848099999], [-8575775.8475, 4655468.783399999], [-8575757.9374, 4655435.385600001], [-8575746.8326, 4655414.677699998], [-8575742.1436, 4655403.3156], [-8575726.6848, 4655365.8554000035], [-8575569.5485, 4654985.071500003], [-8575396.9949, 4654760.838600002], [-8575346.3629, 4654728.283200003], [-8575270.6822, 4654634.958499998], [-8575179.011, 4654521.9133], [-8574892.4523, 4654026.516500004], [-8574858.7923, 4653859.965099998], [-8574853.3241, 4653789.704099998], [-8575307.9711, 4653607.9081000015]]]]}}, {"type": "Feature", "properties": {"OBJECTID": 406, "CreationDate": "2025-01-14T11:11:14Z", "Creator": "NPS_WASO_LANDS", "EditDate": "2025-01-14T11:11:14Z", "Editor": "NPS_WASO_LANDS", "GlobalID": "{6D38A494-93E6-4F67-BFDB-E141FE61FCF4}", "AreaID": 428, "UNIT_CODE": "HATU", "GIS_Notes": "Lands - https://landsnet.nps.gov/tractsnet/documents/HATU/Metadata/hatu_metadata.xml", "UNIT_NAME": "Harriet Tubman Underground Railroad National Historical Park", "DATE_EDIT": "2023-01-24T14:05:28Z", "STATE": "MD", "REGION": "NE", "GNIS_ID": "2783291", "UNIT_TYPE": "National Historical Park", "CREATED_BY": "Lands", "METADATA": "https://irma.nps.gov/DataStore/Reference/Profile/2296614", "PARKNAME": "Harriet Tubman Underground Railroad", "SHAPE_Length": 8681.590248435918, "SHAPE_Area": 3175701.3680075663}, "geometry": {"type": "MultiPolygon", "coordinates": [[[[-8487560.2056, 4650199.659599997], [-8487542.9258, 4649110.495200001], [-8487476.1996, 4649130.882200003], [-8487454.0642, 4649081.3869], [-8487424.0938, 4649020.518600002], [-8487402.7169, 4648985.626100004], [-8487371.1631, 4648938.782899998], [-8487350.2696, 4648915.743900001], [-8487343.9622, 4648681.4586], [-8487167.4184, 4648684.508699998], [-8487166.0609, 4648605.245899998], [-8486661.7197, 4648613.942000002], [-8486646.0982, 4647699.144500002], [-8488506.1431, 4647678.2896], [-8488523.63, 4647766.713399999], [-8488554.3256, 4647977.1545], [-8488758.9826, 4648209.983199999], [-8488936.3558, 4648504.226300001], [-8488938.4923, 4648521.514600001], [-8488933.141, 4648522.095399998], [-8488954.2104, 4648731.187600002], [-8488867.8214, 4648808.249600001], [-8488615.8119, 4649079.546899997], [-8488460.9667, 4649244.140900001], [-8488296.7232, 4649421.562200002], [-8487994.2694, 4649743.4833], [-8487959.9637, 4649691.768399999], [-8487825.1574, 4649897.750799999], [-8487725.8485, 4649838.592500001], [-8487666.0483, 4649930.680799998], [-8487749.7567, 4650003.8325999975], [-8487661.613, 4650097.526799999], [-8487636.9388, 4650123.730300002], [-8487611.8076, 4650149.4921], [-8487586.2271, 4650174.804499999], [-8487560.2056, 4650199.659599997]]]]}}]}