{"type": "FeatureCollection", "name": "Michigan_park", "crs": {"type": "name", "properties": {"name": "urn:ogc:def:crs:EPSG::3857"}}, "features": [{"type": "Feature", "properties": {"OBJECTID": 13, "CreationDate": "2025-01-14T11:11:09Z", "Creator": "NPS_WASO_LANDS", "EditDate": "2025-01-14T11:11:09Z", "Editor": "NPS_WASO_LANDS", "GlobalID": "{418E6562-376D-4646-885B-790D620BD0EF}", "AreaID": 261, "UNIT_CODE": "PIRO", "GIS_Notes": "Lands - http://landsnet.nps.gov/tractsnet/documents/PIRO/Metadata/piro_metadata.xml", "UNIT_NAME": "Pictured Rocks National Lakeshore", "DATE_EDIT": "2024-12-10T00:00:00Z", "STATE": "MI", "REGION": "MW", "GNIS_ID": "634820", "UNIT_TYPE": "National Lakeshore", "CREATED_BY": "Lands", "METADATA": "https://irma.nps.gov/DataStore/Reference/Profile/1048185", "PARKNAME": "Pictured Rocks", "SHAPE_Length": 234991.8421569102, "SHAPE_Area": 630285143.3102703}, "geometry": {"type": "MultiPolygon", "coordinates": [[[[-9647390.0926, 5846714.758500002], [-9647397.6969, 5846703.879799999], [-9647408.5407, 5846711.508500002], [-9647400.9364, 5846722.387100004], [-9647395.5145, 5846718.572800003], [-9647390.0926, 5846714.758500002]]], [[[-9647066.5589, 5847135.462300003], [-9647104.5256, 5847081.027000003], [-9647116.9455, 5847089.744900003], [-9647126.0694, 5847096.7793999985], [-9647141.0518, 5847116.485200003], [-9647150.6921, 5847132.376000002], [-9647099.3352, 5847159.737199999], [-9647083.0161, 5847146.879000001], [-9647066.5589, 5847135.462300003]]], [[[-9570337.5437, 5889575.340899996], [-9570336.9997, 5889559.449500002], [-9570432.2245, 5889576.3298999965], [-9570440.981, 5889576.374200001], [-9570450.2078, 5889576.475699998], [-9570473.9297, 5889567.738499999], [-9570474.1409, 5889569.989600003], [-9570475.9141, 5889588.886500001], [-9570513.9621, 5890070.115999997], [-9570514.7857, 5890081.165799998], [-9570488.7318, 5890086.272200003], [-9570471.1619, 5890089.7205], [-9570470.8795, 5890089.7711], [-9570441.9013, 5890092.954999998], [-9570440.4469, 5890093.056699999], [-9570431.0893, 5890093.711199999], [-9570400.6275, 5890095.842100002], [-9570320.2695, 5890103.1303], [-9570320.2124, 5890102.329300001], [-9570317.2776, 5890045.372699998], [-9570305.7026, 5889821.926799998], [-9570293.168, 5889577.496600002], [-9570294.1742, 5889577.4476], [-9570337.5437, 5889575.340899996]]], [[[-9574623.7122, 5886862.914300002], [-9574631.2675, 5885688.541199997], [-9574635.0437, 5885101.4130000025], [-9574638.8189, 5884514.323700003], [-9574642.5932, 5883927.2733], [-9574648.2529, 5883046.770800002], [-9572891.3849, 5883035.231399998], [-9572305.7642, 5883031.306500003], [-9572307.7283, 5882737.827100001], [-9572309.6923, 5882444.357199997], [-9574651.9397, 5882459.817199998], [-9575834.8285, 5882460.186700001], [-9575843.2754, 5880408.314599998], [-9577022.0148, 5880410.686700001], [-9577023.2406, 5879825.1426], [-9577025.6909, 5878654.170199998], [-9579358.1718, 5878676.311999999], [-9581696.6441, 5878689.193400003], [-9582867.1546, 5878697.3847], [-9582860.5489, 5880459.305], [-9583446.1764, 5880463.840400003], [-9584031.8049, 5880468.3367], [-9585133.6373, 5880470.6919], [-9586235.4714, 5880472.908200003], [-9586827.0642, 5880475.4081000015], [-9588601.8471, 5880482.667599998], [-9589182.7222, 5880485.116099998], [-9589763.598, 5880487.5261999965], [-9590344.4745, 5880489.897600003], [-9590925.3517, 5880492.230300002], [-9593254.9215, 5880521.426899999], [-9595609.1418, 5880520.449500002], [-9595628.0972, 5875827.078599997], [-9595630.4657, 5874645.613499999], [-9595631.6407, 5874059.191399999], [-9595632.8151, 5873472.8081], [-9595635.1624, 5872300.157700002], [-9596219.8269, 5872305.587399997], [-9596804.4925, 5872310.978], [-9597973.8268, 5872321.642200001], [-9599106.0964, 5872314.283], [-9599672.2308, 5872310.548600003], [-9600238.3652, 5872306.777400002], [-9600236.2271, 5872916.147], [-9600234.1693, 5873502.493699998], [-9600230.0401, 5874678.675700001], [-9601420.4872, 5874689.497299999], [-9602610.9386, 5874700.156900004], [-9602600.2558, 5869993.541599996], [-9604059.0303, 5869996.350199997], [-9604350.7855, 5869996.882700004], [-9604350.1833, 5868826.292199999], [-9604351.1138, 5868240.249200001], [-9604935.2734, 5868242.015600003], [-9607271.929, 5868239.0217999965], [-9607274.1327, 5866483.756700002], [-9609621.1868, 5866499.762199998], [-9609619.6262, 5865328.016400002], [-9611956.5164, 5865326.109899998], [-9613038.8676, 5865342.113399997], [-9613038.8835, 5864567.786499999], [-9613198.8667, 5864483.183200002], [-9613309.9112, 5864432.2654], [-9613339.2977, 5864418.7902000025], [-9613437.7386, 5864303.693499997], [-9613480.0186, 5864177.4223000035], [-9613482.9037, 5864168.806000002], [-9613550.604, 5863988.9736], [-9613612.6843, 5863811.9454], [-9613632.6812, 5863632.0242], [-9613789.5938, 5862465.971299998], [-9613794.993, 5862422.3829], [-9613809.6296, 5862304.219499998], [-9613826.7369, 5862163.682300001], [-9613885.8727, 5862048.532200001], [-9614032.0009, 5861916.685000002], [-9614071.3938, 5861879.608099997], [-9614162.4248, 5861820.822499998], [-9614216.2663, 5861786.052199997], [-9614331.3796, 5861675.377499998], [-9614438.0265, 5861539.0955], [-9614595.8957, 5861317.610200003], [-9614775.151, 5861032.193599999], [-9614897.7345, 5860846.697099999], [-9615133.5789, 5860488.449500002], [-9615309.2771, 5860255.457000002], [-9615399.0561, 5860147.3423999995], [-9615514.1101, 5860049.465400003], [-9615684.4808, 5859947.420999996], [-9615812.2783, 5859858.093099996], [-9615931.6081, 5859743.1642], [-9616038.1781, 5859623.948700003], [-9616127.7127, 5859513.233099997], [-9616142.0393, 5859495.942599997], [-9616432.9384, 5859495.094499998], [-9617016.4932, 5859503.5145], [-9617600.0493, 5859511.895499997], [-9618767.166, 5859528.541199997], [-9621132.1466, 5859518.0999], [-9621141.5841, 5857173.674000002], [-9621141.8789, 5857100.420699999], [-9621143.3525, 5856734.1630000025], [-9621143.942, 5856587.6642], [-9621146.4106, 5855974.0370000005], [-9621440.1933, 5855975.2214], [-9621733.9761, 5855976.3961], [-9623496.6762, 5855983.2368], [-9625830.1133, 5855983.182400003], [-9625832.8138, 5857153.707999997], [-9628044.659, 5857175.858999997], [-9630961.8646, 5857176.377999999], [-9630961.9233, 5851032.7858000025], [-9630961.9376, 5848985.865400001], [-9630961.9437, 5847988.8923999965], [-9630961.7783, 5847842.718199998], [-9632127.5954, 5847842.647500001], [-9632419.0082, 5847842.605499998], [-9632512.746, 5847842.592], [-9632703.6451, 5847841.851899996], [-9632704.8137, 5847949.4103000015], [-9632704.8475, 5848072.802100003], [-9632705.0272, 5849012.092600003], [-9632705.1389, 5849596.881200001], [-9632705.2503, 5850181.708400004], [-9632701.5532, 5851936.425300002], [-9632711.142, 5852485.989100002], [-9633294.4425, 5852494.870499998], [-9633877.5756, 5852494.701200001], [-9633877.7638, 5853079.719300002], [-9633877.9518, 5853664.7761999965], [-9637363.8361, 5853662.887400001], [-9637368.7927, 5852549.719700001], [-9638542.7081, 5852563.5788], [-9638536.1951, 5850801.9771], [-9638535.4322, 5850217.242799997], [-9639118.2343, 5850220.6888], [-9639210.1035, 5850221.217500001], [-9639701.0367, 5850224.0266999975], [-9639706.3296, 5849858.762900002], [-9639706.1859, 5849712.557300001], [-9639706.0421, 5849566.354000002], [-9639705.8983, 5849420.153300002], [-9639705.7546, 5849273.9548999965], [-9639705.6108, 5849127.759000003], [-9639705.467, 5848981.565399997], [-9639705.3754, 5848888.465000004], [-9639704.8916, 5848396.815099999], [-9639715.2338, 5848396.804899998], [-9639714.9214, 5848275.067900002], [-9639742.7351, 5848276.3072], [-9639758.4026, 5848276.291699998], [-9639790.5609, 5848276.259599999], [-9639798.9914, 5848277.1646], [-9639844.1899, 5848282.016099997], [-9639845.7725, 5848282.2348000035], [-9639881.5985, 5848287.1853], [-9639896.3708, 5848289.226499997], [-9639941.3128, 5848303.706699997], [-9639986.264, 5848326.902000003], [-9640015.2703, 5848347.208400004], [-9640042.8393, 5848379.137100004], [-9640060.1544, 5848396.456200004], [-9640077.6578, 5848413.963500001], [-9640106.6856, 5848454.606399998], [-9640153.8267, 5848487.958700001], [-9640191.5297, 5848508.255900003], [-9640235.0179, 5848516.925999999], [-9640270.5067, 5848519.734099999], [-9640271.2537, 5848519.793300003], [-9640319.0748, 5848513.932099998], [-9640363.9926, 5848503.716200002], [-9640437.87, 5848468.774400003], [-9640523.3302, 5848423.6516999975], [-9640552.0926, 5848409.568599999], [-9640579.9591, 5848395.905000001], [-9640642.0993, 5848356.702799998], [-9640679.7489, 5848327.609700002], [-9640714.479, 5848279.636299998], [-9640723.5715, 5848269.406900004], [-9640750.6659, 5848238.924199998], [-9640780.924, 5848202.015299998], [-9640811.4528, 5848164.775899999], [-9640812.5413, 5848221.6404], [-9640814.5742, 5848327.846500002], [-9640815.872, 5848395.644699998], [-9640834.3011, 5848395.6241], [-9640832.9566, 5848297.900700003], [-9640830.8266, 5848143.093199998], [-9640853.7994, 5848111.8684], [-9640906.777, 5848050.551399998], [-9640916.5214, 5848039.2727999985], [-9640920.3783, 5848034.808799997], [-9640943.5285, 5848001.374200001], [-9641005.763, 5847928.6774], [-9641068.0079, 5847866.148199998], [-9641107.3609, 5847847.144900002], [-9641387.9626, 5847846.817699999], [-9641949.1662, 5847846.136200003], [-9642233.3497, 5847845.777400002], [-9642304.3955, 5847845.686399996], [-9642500.7436, 5847881.975100003], [-9642508.0327, 5848156.0473000035], [-9642512.8925, 5848338.766900003], [-9642530.9259, 5848348.929799996], [-9642544.3492, 5848356.494900003], [-9642588.5305, 5848375.268200003], [-9642639.2937, 5848397.798900001], [-9642656.2271, 5848414.7250000015], [-9642655.3065, 5848428.8500000015], [-9642643.3262, 5848460.088600002], [-9642588.828, 5848602.191200003], [-9642615.1509, 5848614.397200003], [-9642640.0247, 5848551.836900003], [-9642684.4462, 5848440.110299997], [-9642685.3534, 5848415.627899997], [-9642673.3895, 5848388.9668999985], [-9642649.5897, 5848368.5964], [-9642601.5937, 5848346.744199999], [-9642585.6654, 5848339.491999999], [-9642547.8411, 5848319.966300003], [-9642543.9785, 5848173.928300001], [-9642542.0474, 5848100.9103000015], [-9642540.599, 5848046.147100002], [-9642536.2537, 5847881.859700002], [-9642625.464, 5847899.566399999], [-9642696.7482, 5847911.171800002], [-9642732.3847, 5847916.973200001], [-9642803.6254, 5847927.693899997], [-9642910.4603, 5847943.769699998], [-9642946.0648, 5847949.126999997], [-9642965.8011, 5847952.096500002], [-9643020.9883, 5848010.436999999], [-9643084.7489, 5848137.803599998], [-9643053.0625, 5848216.444899999], [-9643093.9026, 5848233.408799998], [-9643130.7767, 5848248.725299999], [-9643128.9192, 5848439.914899997], [-9643078.049, 5848441.0471], [-9643022.9527, 5848451.744199999], [-9642988.1326, 5848489.573600002], [-9642983.7966, 5848494.2842999995], [-9642918.9997, 5848586.4252], [-9642912.712, 5848639.542800002], [-9642900.171, 5848771.2717999965], [-9642891.7565, 5848819.082199998], [-9642871.6604, 5848849.913400002], [-9642824.9436, 5848943.127899997], [-9642710.3818, 5848872.1127], [-9642691.8863, 5848902.598700002], [-9642635.2593, 5848978.175899997], [-9642032.2294, 5849782.946699999], [-9642093.5722, 5849848.5227999985], [-9641817.6382, 5850138.919500001], [-9641674.479, 5850545.990699999], [-9641506.1207, 5850784.079800002], [-9641669.5987, 5850910.1635000035], [-9642125.0299, 5851261.392499998], [-9642103.095, 5851288.619999997], [-9641890.5872, 5851549.022699997], [-9641778.237, 5851708.105800003], [-9641656.7157, 5851872.184699997], [-9641652.8893, 5851884.090099998], [-9641627.152, 5851948.804300003], [-9641627.1834, 5851974.965300001], [-9641624.192, 5852033.268799998], [-9641635.8908, 5852106.953599997], [-9641643.9542, 5852257.0634], [-9641644.097, 5852375.861100003], [-9641649.335, 5852400.514799997], [-9641663.2791, 5852547.804099999], [-9641663.4786, 5852713.5830999985], [-9641643.3683, 5852774.293799996], [-9641660.6029, 5852813.0331000015], [-9641674.7252, 5852836.559199996], [-9642008.9311, 5853356.210600004], [-9641429.396, 5853744.4597999975], [-9641211.6144, 5853846.111599997], [-9641028.1597, 5853863.835600004], [-9640895.3374, 5853867.901299998], [-9640815.7437, 5853867.9903], [-9640719.8586, 5853871.196800001], [-9640608.7562, 5853871.318599999], [-9640514.1645, 5853865.496299997], [-9640343.1823, 5853838.907300003], [-9640224.8383, 5853800.7831000015], [-9640166.5075, 5853786.816500001], [-9640099.1678, 5853770.0176], [-9639984.7684, 5853745.570600003], [-9639950.5345, 5853770.902999997], [-9639818.7694, 5853913.411399998], [-9639645.6711, 5854056.207900003], [-9639617.5278, 5854081.735100001], [-9639558.4363, 5854297.919299997], [-9639500.2714, 5854502.702500001], [-9639437.7093, 5854697.148100004], [-9639376.4263, 5854892.294100001], [-9639242.0502, 5855075.432999998], [-9639177.5345, 5855163.030199997], [-9639111.1678, 5855268.107199997], [-9639017.1519, 5855414.978399999], [-9638761.4346, 5855846.427299999], [-9638311.316, 5855959.619099997], [-9637979.7935, 5856475.7097999975], [-9637832.4375, 5856688.784100004], [-9637599.0948, 5856933.7722999975], [-9637366.9911, 5857177.575999998], [-9637111.938, 5857454.462200001], [-9637054.6381, 5857523.356600001], [-9636950.2538, 5857683.706], [-9636793.25, 5857903.189099997], [-9636651.4563, 5858160.4771], [-9636432.6666, 5858550.882200003], [-9636285.658, 5858813.903099999], [-9636149.2244, 5859029.0603], [-9635932.7808, 5859367.639399998], [-9635715.954, 5859663.765299998], [-9635670.7771, 5859735.539999999], [-9635636.6555, 5859805.124399997], [-9635548.3264, 5859943.334200002], [-9635466.8528, 5860090.505500004], [-9635401.8388, 5860189.770000003], [-9635195.749, 5860624.070699997], [-9634695.1558, 5860536.157899998], [-9634343.2643, 5860697.041699998], [-9633533.6613, 5861065.896899998], [-9633318.9803, 5861174.363600001], [-9633217.1639, 5861181.192000002], [-9633161.056, 5861197.968800001], [-9633147.1365, 5861665.025799997], [-9632549.0682, 5861799.064300001], [-9632353.6899, 5861844.176700003], [-9632289.8096, 5861886.6479], [-9632264.7838, 5861901.241099998], [-9632278.1979, 5861989.3549000025], [-9632278.1987, 5862001.303300001], [-9632332.0421, 5862327.794299997], [-9631999.0172, 5862611.7151999995], [-9631968.6627, 5862626.930600002], [-9631922.5308, 5862656.0484], [-9631784.05, 5862754.598999999], [-9631615.8036, 5862872.93], [-9631745.6853, 5863473.219499998], [-9631548.9099, 5863586.3574], [-9631501.0389, 5864354.602899998], [-9630968.4494, 5864036.611599997], [-9630962.3067, 5864048.924199998], [-9630640.7522, 5864041.588600002], [-9630433.2179, 5864101.824000001], [-9630344.7693, 5864157.2190999985], [-9630283.8281, 5864170.301700003], [-9630240.8944, 5864198.6567], [-9630066.9959, 5864287.0788], [-9630015.2654, 5864318.178499997], [-9630007.9054, 5864324.384199999], [-9629902.4471, 5864454.914999999], [-9629807.2804, 5864491.078299999], [-9629741.0656, 5864646.9755000025], [-9629165.0397, 5865111.098999999], [-9629003.2096, 5865238.6906], [-9628972.4256, 5865262.860799998], [-9628907.789, 5865490.310699999], [-9628782.9614, 5865649.3440999985], [-9628759.8253, 5865849.140799999], [-9628470.0728, 5866307.734200001], [-9628395.9099, 5866484.103699997], [-9628183.0992, 5866645.789099999], [-9628080.3412, 5866711.941799998], [-9628026.5533, 5866752.340899996], [-9627983.4982, 5866789.632200003], [-9627966.1206, 5866821.252400003], [-9627909.0537, 5866896.242399998], [-9627885.1737, 5866937.1237], [-9627873.6075, 5866973.634199999], [-9627865.1781, 5867000.3510000035], [-9627862.9618, 5867029.819700003], [-9627855.4591, 5867127.094899997], [-9627818.5799, 5867316.539499998], [-9627785.8949, 5867512.619599998], [-9627748.1473, 5867735.641900003], [-9627664.1661, 5867939.1818], [-9627565.6515, 5868116.726800002], [-9627375.1928, 5868292.1831], [-9627280.1332, 5868339.764600001], [-9627252.8243, 5868369.159599997], [-9627156.3074, 5868470.255000003], [-9627020.6908, 5868591.595299996], [-9626891.6087, 5868701.920599997], [-9626666.9607, 5868853.876999997], [-9626584.0478, 5868866.816600002], [-9626540.5119, 5868929.7685], [-9626408.5134, 5868976.378600001], [-9626323.2585, 5869614.542999998], [-9625870.1692, 5869765.611400001], [-9625640.3187, 5869799.342], [-9625534.6207, 5869809.362800002], [-9625525.6513, 5869810.544299997], [-9625368.6037, 5869949.591300003], [-9624969.9285, 5869993.709600002], [-9624673.7036, 5869845.0088], [-9624561.3004, 5869736.706799999], [-9624553.9451, 5869730.378899999], [-9624401.288, 5869684.0], [-9624177.5159, 5869989.305500001], [-9623457.0495, 5869599.743199997], [-9623430.0227, 5869463.6972], [-9623365.3807, 5869443.918499999], [-9623297.0122, 5869609.910999998], [-9622779.8206, 5869155.504600003], [-9622751.2183, 5869163.814400002], [-9622693.178, 5869175.137800001], [-9622689.9845, 5869176.428199999], [-9622667.5153, 5869188.984200001], [-9622574.1243, 5869246.060400002], [-9622494.2367, 5869280.663400002], [-9622466.7751, 5869313.873800002], [-9622192.2734, 5869469.3697], [-9621990.1793, 5869536.654299997], [-9621865.0521, 5869574.133699998], [-9621752.7564, 5869625.573600002], [-9621555.3136, 5869694.594400004], [-9621479.2057, 5869701.444499999], [-9621459.5868, 5869711.2491], [-9621331.6798, 5869760.546999998], [-9621165.95, 5869808.614100002], [-9620976.9429, 5869896.751500003], [-9620937.1123, 5869948.523400001], [-9620655.1629, 5870031.274899997], [-9620542.566, 5870059.343500003], [-9620513.4443, 5870092.099399999], [-9620346.2351, 5870183.244599998], [-9620287.7318, 5870209.218000002], [-9620251.8747, 5870235.286499999], [-9620126.6137, 5870304.827600002], [-9620001.5206, 5870346.443400003], [-9619937.0678, 5870368.9604], [-9619920.4145, 5870377.279200003], [-9619827.4625, 5870470.201800004], [-9619744.9953, 5870514.145900004], [-9619641.9864, 5870699.4098000005], [-9619318.6187, 5870828.548900001], [-9619230.89, 5870828.43], [-9619144.7683, 5870931.226499997], [-9618960.5525, 5870997.939599998], [-9618787.6536, 5871076.4147000015], [-9618725.1572, 5871071.5075], [-9618476.8239, 5871236.922700003], [-9618246.713, 5871294.223099999], [-9618188.3676, 5871294.1369], [-9618128.9231, 5871323.815800004], [-9617952.1372, 5871345.6954], [-9617943.2021, 5871345.681999996], [-9617877.3419, 5871367.574199997], [-9617746.8023, 5871387.498999998], [-9617693.2382, 5871414.238600001], [-9617505.2948, 5871440.851599999], [-9617433.357, 5871445.595200002], [-9617377.7314, 5871469.3851], [-9617303.85, 5871495.171099998], [-9617288.7154, 5871503.671899997], [-9617223.9901, 5871548.119599998], [-9617194.7537, 5871567.587399997], [-9617140.1126, 5871623.895999998], [-9616989.1876, 5871725.4113000035], [-9616861.4412, 5871789.169100001], [-9616698.1873, 5871840.006700002], [-9616665.1487, 5871856.876599997], [-9616591.4558, 5871883.088299997], [-9616521.5869, 5871931.933300003], [-9616374.5742, 5872008.798699997], [-9616309.6297, 5872041.206799999], [-9616179.8567, 5872100.968999997], [-9616149.1417, 5872117.027000003], [-9616145.3532, 5872120.432700001], [-9615998.5863, 5872244.466499999], [-9615861.52, 5872299.1401999965], [-9615789.801, 5872418.4679000005], [-9615493.9824, 5872473.516000003], [-9615428.5363, 5872496.810000002], [-9615343.3468, 5872514.945600003], [-9615306.3962, 5872544.924900003], [-9615148.0641, 5872637.1074], [-9615043.3391, 5872700.986400001], [-9614925.6096, 5872762.516099997], [-9614821.0823, 5872821.473399997], [-9614712.8364, 5872886.2918], [-9614564.4875, 5872966.466700003], [-9614407.6814, 5873041.5358000025], [-9614373.8821, 5873055.517200001], [-9614215.9462, 5873156.143299997], [-9614121.615, 5873214.545999996], [-9614095.4857, 5873248.999200001], [-9613720.0303, 5873452.986299999], [-9613440.1091, 5873639.254199997], [-9613331.2735, 5873712.507799998], [-9613248.2616, 5873763.0266999975], [-9613000.2248, 5873941.108000003], [-9612813.2901, 5874039.397399999], [-9612699.7619, 5874117.392700002], [-9612602.0546, 5874161.462800004], [-9612548.0449, 5874199.383900002], [-9612432.4251, 5874273.530000001], [-9612352.4432, 5874319.109399997], [-9612272.0599, 5874388.166500002], [-9612092.1023, 5874475.0616], [-9611965.9897, 5874547.306000002], [-9611786.2152, 5874661.1501], [-9611643.2009, 5874766.4553999975], [-9611483.9471, 5874863.291100003], [-9611309.6896, 5874967.5462], [-9611100.8427, 5875103.0911], [-9610964.1557, 5875184.2793999985], [-9610802.8077, 5875306.753200002], [-9610549.1881, 5875465.702399999], [-9610347.5021, 5875591.803400002], [-9610125.2426, 5875722.717500001], [-9609941.1506, 5875833.504699998], [-9609800.3536, 5875936.538699999], [-9609671.081, 5876040.387900002], [-9609457.8002, 5876182.135499999], [-9609349.827, 5876234.591600001], [-9609275.9184, 5876295.584399998], [-9609184.4971, 5876351.4705], [-9608725.4453, 5876679.817199998], [-9608412.7579, 5876901.275899999], [-9607968.9532, 5877224.538800001], [-9607618.58, 5877444.7245000005], [-9607276.1898, 5877743.141099997], [-9606979.4717, 5877958.176200002], [-9606637.6146, 5878201.473399997], [-9606254.9333, 5878494.103500001], [-9605895.4876, 5878692.991099998], [-9605635.5912, 5878904.882600002], [-9605282.5813, 5879159.505500004], [-9605172.4364, 5879183.487300001], [-9604929.7122, 5879363.677299999], [-9604668.6779, 5879539.758000001], [-9604254.2734, 5879836.566100001], [-9603719.7891, 5880185.735600002], [-9603437.4117, 5880380.953000002], [-9603098.4861, 5880636.092799999], [-9602940.6812, 5880746.201800004], [-9602543.2066, 5881026.9419], [-9602384.6575, 5881081.216200002], [-9602031.8438, 5881341.512800001], [-9601717.6909, 5881541.1919], [-9601437.0157, 5881721.867399998], [-9601033.8677, 5881980.865000002], [-9600765.7979, 5882145.5286], [-9600608.9773, 5882259.001500003], [-9600558.5094, 5882298.088399999], [-9600201.7028, 5882564.884400003], [-9599841.7797, 5882801.128600001], [-9599255.3678, 5883196.177199997], [-9599123.4704, 5883340.398400001], [-9598880.5224, 5883503.092], [-9598486.4426, 5883778.0779], [-9598257.7425, 5883934.930200003], [-9597792.0545, 5884219.838500001], [-9597191.7198, 5884614.7260000035], [-9596801.3662, 5884842.019199997], [-9596465.5835, 5885089.006300002], [-9596160.6173, 5885288.715499997], [-9595940.2169, 5885452.7048999965], [-9595755.6009, 5885590.637100004], [-9595614.4285, 5885694.1162], [-9595392.5877, 5885868.4794000015], [-9595128.5373, 5886050.653499998], [-9594777.813, 5886296.156999998], [-9594409.6397, 5886550.854099996], [-9594183.7115, 5886741.685500003], [-9593743.5128, 5887233.789499998], [-9593520.6177, 5887275.7566], [-9593519.4793, 5887276.284900002], [-9593455.4171, 5887392.800099999], [-9593254.524, 5887622.333800003], [-9592834.0349, 5888015.519100003], [-9592568.2491, 5888176.101199999], [-9592531.0945, 5888188.331299998], [-9592486.6315, 5888246.431599997], [-9592150.8331, 5888589.020999998], [-9591755.8205, 5888826.2238000035], [-9591276.8799, 5888963.2250000015], [-9591042.4462, 5889054.813100003], [-9590775.3226, 5889097.168799996], [-9590379.2521, 5889146.516500004], [-9590260.711, 5889089.259900004], [-9590182.9811, 5889106.4054000005], [-9589780.1887, 5889424.7705999985], [-9589203.216, 5889464.8345], [-9588840.2632, 5889463.081100002], [-9588339.6159, 5889064.872199997], [-9588251.3138, 5888954.700499997], [-9588044.5503, 5888970.943300001], [-9587659.3352, 5888594.9256], [-9587425.9011, 5888574.253700003], [-9587301.2597, 5888273.370999999], [-9587107.6758, 5888139.6543999985], [-9587023.1372, 5887793.3467999995], [-9587001.3767, 5887672.3895], [-9586928.3181, 5887462.8116], [-9586929.0428, 5887318.934299998], [-9586853.4478, 5887107.259300001], [-9586832.9778, 5887048.387900002], [-9586570.729, 5886820.990199998], [-9586522.1727, 5886553.946000002], [-9586444.7768, 5886477.285099998], [-9586435.5406, 5886462.035599999], [-9586410.4844, 5886455.785099998], [-9586191.6033, 5886404.910700001], [-9586182.7489, 5886406.581100002], [-9586158.1256, 5886414.6664], [-9586093.6877, 5886440.114299998], [-9585966.6027, 5886481.842299998], [-9585698.0176, 5886555.115900002], [-9585507.5306, 5886473.558899999], [-9585442.5812, 5886461.001500003], [-9585308.3218, 5886448.330499999], [-9585160.4717, 5886425.167499997], [-9584922.4927, 5886421.230099998], [-9584732.4924, 5886423.0217999965], [-9584618.5967, 5886432.337200001], [-9584425.9072, 5886456.850599997], [-9584280.5088, 5886482.0691], [-9584126.0116, 5886521.121100001], [-9583850.5237, 5886566.163800001], [-9583653.6343, 5886584.0594], [-9583462.2663, 5886595.588500001], [-9583277.3164, 5886615.491899997], [-9583061.1655, 5886639.405500002], [-9582915.9515, 5886657.995700002], [-9582708.4738, 5886716.572499998], [-9582465.3507, 5886772.3037], [-9582285.9911, 5886835.159500003], [-9582066.6811, 5886894.472000003], [-9581887.3019, 5886934.8967999965], [-9581798.0609, 5886955.050099999], [-9581480.1199, 5887038.926399998], [-9581228.9262, 5887114.369599998], [-9580963.4754, 5887207.872000001], [-9580640.5477, 5887359.563699998], [-9580364.9022, 5887467.5123], [-9580108.259, 5887561.185699999], [-9579951.4721, 5887643.391999997], [-9579669.7921, 5887747.750299998], [-9579585.785, 5887799.053300001], [-9579404.0053, 5887880.670699999], [-9579245.6687, 5887937.008500002], [-9579121.7816, 5887988.956799999], [-9579019.4417, 5888048.2321000025], [-9578789.7654, 5888136.1712], [-9578590.8682, 5888202.4146], [-9578339.8808, 5888289.496100001], [-9578117.6219, 5888384.660400003], [-9577869.4387, 5888443.362300001], [-9577687.7304, 5888495.5361], [-9577385.4359, 5888572.904100001], [-9577095.8352, 5888621.860699996], [-9576823.7225, 5888681.650700003], [-9576595.107, 5888740.859099999], [-9576551.5651, 5888756.913999997], [-9576271.5764, 5888838.2315], [-9576065.7829, 5888892.498400003], [-9575862.2135, 5888949.401299998], [-9575652.6966, 5889004.171700001], [-9575470.0207, 5889068.890000001], [-9575243.262, 5889140.6043], [-9575054.3244, 5889187.5832], [-9574837.411, 5889235.935199998], [-9574641.4284, 5889240.952200003], [-9574415.067, 5889257.876999997], [-9574160.9656, 5889265.651299998], [-9573901.6373, 5889290.823700003], [-9573687.4939, 5889312.672799997], [-9573599.9877, 5889337.716799997], [-9573435.3517, 5889382.703900002], [-9573439.3597, 5888772.8693], [-9573441.7098, 5888415.254299998], [-9573444.2426, 5888029.773400001], [-9573448.1008, 5887442.491300002], [-9573451.958, 5886855.248099998], [-9574037.8347, 5886859.100900002], [-9574623.7122, 5886862.914300002]]]]}}, {"type": "Feature", "properties": {"OBJECTID": 247, "CreationDate": "2025-01-14T11:11:12Z", "Creator": "NPS_WASO_LANDS", "EditDate": "2025-01-14T11:11:12Z", "Editor": "NPS_WASO_LANDS", "GlobalID": "{31E07378-0EBA-4E0C-9BEC-BD606651650D}", "AreaID": 254, "UNIT_CODE": "KEWE", "GIS_Notes": "Lands - http://landsnet.nps.gov/tractsnet/documents/KEWE/Metadata/kewe_metadata.xml", "UNIT_NAME": "Keweenaw National Historical Park", "DATE_EDIT": "2017-09-19T00:00:00Z", "STATE": "MI", "REGION": "MW", "GNIS_ID": "1888937", "UNIT_TYPE": "National Historical Park", "CREATED_BY": "Lands", "METADATA": "https://irma.nps.gov/DataStore/Reference/Profile/2174270", "PARKNAME": "Keweenaw", "SHAPE_Length": 30353.90847222765, "SHAPE_Area": 16297962.70545283}, "geometry": {"type": "MultiPolygon", "coordinates": [[[[-9845771.0921, 5983576.378300004], [-9845773.3709, 5982997.127999999], [-9845629.7574, 5982997.522699997], [-9845527.1826, 5982997.3323], [-9845433.4017, 5983000.688699998], [-9845340.1871, 5983006.437700003], [-9845279.5623, 5983014.371799998], [-9845083.7114, 5983037.741300002], [-9844994.4716, 5983048.696199998], [-9844863.7821, 5983062.3059], [-9844760.8524, 5983077.7368], [-9844824.1123, 5982984.0308], [-9845630.0628, 5981790.060000002], [-9845843.2842, 5981474.144500002], [-9845857.3077, 5981275.274300002], [-9845863.1288, 5981265.067199998], [-9845906.4943, 5981189.0276999995], [-9846171.9047, 5980723.625399999], [-9846248.2127, 5980593.981399998], [-9846280.7006, 5980538.7852], [-9846404.1746, 5980377.693800002], [-9846584.7147, 5979786.917199999], [-9846798.3363, 5979482.103600003], [-9846799.5748, 5979480.1822], [-9846844.0743, 5979411.140500002], [-9846845.0894, 5979409.570200004], [-9846897.0237, 5979329.223200001], [-9847730.8424, 5979348.0867], [-9847751.8482, 5979320.419], [-9847767.4097, 5979293.496100001], [-9847776.9614, 5979269.441100001], [-9847783.9618, 5979247.241099998], [-9847788.3768, 5979226.0200999975], [-9847791.8153, 5979202.206699997], [-9847797.805, 5979176.538999997], [-9847803.1274, 5979156.159100004], [-9848121.4984, 5979390.828199998], [-9848177.5725, 5979412.918799996], [-9848197.9991, 5979413.527599998], [-9848196.8995, 5979427.297799997], [-9848183.4271, 5979595.985699996], [-9848180.4728, 5979628.757299997], [-9848155.6913, 5979692.681599997], [-9847818.0651, 5980259.290399998], [-9847808.6121, 5980278.776000001], [-9847673.2918, 5980573.537100002], [-9847658.3215, 5980605.2897000015], [-9847606.6274, 5980714.935599998], [-9847598.0834, 5980734.649700001], [-9847541.9553, 5980898.766599998], [-9847460.1146, 5981152.982299998], [-9847302.9181, 5981624.3477], [-9847341.5958, 5981790.490900002], [-9847404.898, 5982062.403300002], [-9847418.3095, 5982511.439400002], [-9847115.8255, 5982506.957900003], [-9847141.0481, 5982973.919], [-9847141.3106, 5982978.777800001], [-9847063.1247, 5982981.282499999], [-9847060.9233, 5983224.214400001], [-9846185.3391, 5983229.323899999], [-9846187.224, 5983307.981799997], [-9845866.7875, 5983514.659100004], [-9845771.0921, 5983576.378300004]]], [[[-9858055.3978, 5967554.6809], [-9858046.6914, 5967535.681199998], [-9857988.7205, 5967576.527400002], [-9857984.2053, 5967579.698299997], [-9857972.4985, 5967576.431000002], [-9857963.0188, 5967573.7852], [-9857819.3455, 5967529.3983], [-9858085.6829, 5967146.695600003], [-9857904.2072, 5966980.000299998], [-9858135.9936, 5966613.9256], [-9858215.386, 5966641.023500003], [-9858292.6807, 5966525.3549000025], [-9858379.9348, 5966394.7795], [-9858826.4904, 5965726.468999997], [-9859190.4756, 5965198.502300002], [-9858665.2007, 5964381.148800001], [-9858147.409, 5964379.843500003], [-9858111.4512, 5964405.5973000005], [-9858111.2594, 5964287.828299999], [-9858110.8907, 5963972.193000004], [-9858109.0008, 5962812.1633], [-9858108.197, 5962318.747900002], [-9859415.1744, 5962321.215400003], [-9859415.8506, 5962760.8816], [-9859415.9195, 5962805.771600001], [-9859415.9332, 5962814.630500004], [-9859643.9344, 5962814.126699999], [-9859782.3784, 5962815.287699997], [-9859818.3918, 5962815.351300001], [-9859822.7286, 5962967.625799999], [-9859831.6688, 5962967.369400002], [-9859872.6414, 5963103.187100001], [-9859875.8369, 5963113.7795], [-9859890.4713, 5963113.359899998], [-9859896.3615, 5963113.191200003], [-9859902.8529, 5963113.005000003], [-9859946.2464, 5963111.761], [-9860003.0222, 5963110.132799998], [-9860003.3026, 5963338.807099998], [-9860449.9693, 5963302.528300002], [-9860449.5874, 5963298.030000001], [-9860446.9938, 5963267.480899997], [-9860446.1746, 5963257.830700003], [-9860447.0611, 5963257.648599997], [-9860469.3408, 5963253.070100002], [-9860491.6206, 5963248.491599999], [-9860513.9002, 5963243.9130000025], [-9860540.6357, 5963238.418499999], [-9860565.0893, 5963233.393200003], [-9860583.8535, 5963229.536899999], [-9860952.0675, 5963153.855999999], [-9861101.6349, 5963278.623099998], [-9861168.6875, 5963276.691500001], [-9861168.5952, 5963281.792599998], [-9861167.8875, 5963320.928800002], [-9861167.7933, 5963326.129900001], [-9861167.4077, 5963347.450800002], [-9861155.9028, 5963983.5896999985], [-9861144.9093, 5964548.953699999], [-9861112.2501, 5964570.025700003], [-9860969.6894, 5964662.0066], [-9860911.5418, 5964766.197800003], [-9860745.1602, 5965064.318700001], [-9860717.7907, 5965113.357799999], [-9860682.3137, 5965176.923199996], [-9860095.594, 5966228.078299999], [-9860010.9883, 5966379.289099999], [-9859475.8167, 5966786.118299998], [-9859469.3115, 5966791.063000001], [-9859266.5939, 5966945.1523], [-9859249.5341, 5966958.1197], [-9858880.5219, 5967238.592], [-9858875.8588, 5967242.136], [-9858831.8117, 5967275.6131], [-9858493.7041, 5967532.571800001], [-9858461.4545, 5967557.079999998], [-9858161.0939, 5967785.332500003], [-9858055.3978, 5967554.6809]]]]}}, {"type": "Feature", "properties": {"OBJECTID": 251, "CreationDate": "2025-01-14T11:11:12Z", "Creator": "NPS_WASO_LANDS", "EditDate": "2025-01-14T11:11:12Z", "Editor": "NPS_WASO_LANDS", "GlobalID": "{0A0F9425-D853-407D-9C6E-FE8C97B93BA2}", "AreaID": 260, "UNIT_CODE": "ISRO", "GIS_Notes": "Lands - http://landsnet.nps.gov/tractsnet/documents/isro/Metadata/isro_metadata.xml", "UNIT_NAME": "Isle Royale National Park", "DATE_EDIT": "2023-09-21T00:00:00Z", "STATE": "MI", "REGION": "MW", "GNIS_ID": "1616980", "UNIT_TYPE": "National Park", "CREATED_BY": "Lands", "METADATA": "https://irma.nps.gov/DataStore/Reference/Profile/2301125", "PARKNAME": "Isle Royale", "SHAPE_Length": 346182.29914726637, "SHAPE_Area": 4985801155.378394}, "geometry": {"type": "MultiPolygon", "coordinates": [[[[-9866245.627, 5979092.404700004], [-9866253.9151, 5979088.990199998], [-9866266.1688, 5979118.921099998], [-9866257.8804, 5979122.3354], [-9866245.627, 5979092.404700004]]], [[[-9866273.0052, 5979169.303900003], [-9866284.0643, 5979165.107299998], [-9866294.8788, 5979193.784900002], [-9866283.82, 5979197.981600001], [-9866273.0052, 5979169.303900003]]], [[[-9858830.4649, 5962191.147699997], [-9858812.4281, 5962190.9155], [-9858796.8801, 5962192.632299997], [-9858793.4253, 5962192.9782000035], [-9858784.3309, 5962192.6391], [-9858775.2973, 5962192.888599999], [-9858764.1797, 5962191.100100003], [-9858756.5318, 5962189.726999998], [-9858749.3144, 5962191.363700002], [-9858730.1361, 5962187.674699999], [-9858707.8388, 5962185.484499998], [-9858687.2747, 5962181.367399998], [-9858672.4746, 5962177.431299999], [-9858669.855, 5962175.444799997], [-9858669.2354, 5962174.676100001], [-9858667.3029, 5962171.818400003], [-9858666.9166, 5962171.798600003], [-9858666.4883, 5962170.494099997], [-9858665.1561, 5962169.8336], [-9858665.0711, 5962168.695200004], [-9858666.2464, 5962167.737599999], [-9858667.5707, 5962167.883900002], [-9858668.1906, 5962166.090000004], [-9858666.8673, 5962165.649899997], [-9858666.9425, 5962159.484899998], [-9858666.3163, 5962159.227499999], [-9858662.5909, 5962158.775399998], [-9858662.9347, 5962156.243799999], [-9858664.0867, 5962156.375699997], [-9858665.5216, 5962155.422200002], [-9858665.4292, 5962154.596900001], [-9858664.0358, 5962152.643700004], [-9858664.3325, 5962147.940300003], [-9858662.9232, 5962144.731299996], [-9858659.888, 5962141.618100002], [-9858653.8956, 5962138.678300001], [-9858627.5015, 5962139.203500003], [-9858621.6412, 5962139.822300002], [-9858621.7949, 5962134.887000002], [-9858622.0068, 5962128.088299997], [-9858633.1303, 5962129.7119999975], [-9858644.3037, 5962130.945299998], [-9858655.513, 5962131.786600001], [-9858666.7448, 5962132.234899998], [-9858677.9854, 5962132.289800003], [-9858689.2211, 5962131.951300003], [-9858700.4381, 5962131.219300002], [-9858711.6228, 5962130.095399998], [-9858769.9344, 5962123.248300001], [-9858776.0141, 5962122.551600002], [-9858776.0959, 5962115.773100004], [-9858774.3603, 5962115.968500003], [-9858772.6247, 5962116.163999997], [-9858770.8896, 5962116.3649], [-9858769.1547, 5962116.565899998], [-9858710.8431, 5962123.412799999], [-9858699.7804, 5962124.514899999], [-9858688.6861, 5962125.227499999], [-9858677.5736, 5962125.549599998], [-9858666.4567, 5962125.480700001], [-9858655.3491, 5962125.020999998], [-9858644.2644, 5962124.171099998], [-9858633.2162, 5962122.931900002], [-9858622.2181, 5962121.305200003], [-9858624.7301, 5962040.678999998], [-9858740.1174, 5962037.2302], [-9858777.0583, 5962036.1259], [-9858776.4025, 5962090.3945999965], [-9858776.3066, 5962098.329499997], [-9858794.1932, 5962098.364399999], [-9858793.9764, 5962116.305500001], [-9858844.0676, 5962116.402599998], [-9858932.2667, 5962116.572800003], [-9858932.0785, 5962202.064900003], [-9858932.0745, 5962203.858000003], [-9858844.9535, 5962201.5132], [-9858845.235, 5962194.964500003], [-9858843.8954, 5962194.244000003], [-9858841.2855, 5962192.8401999995], [-9858830.4649, 5962191.147699997]]], [[[-9823363.9146, 6149953.582500003], [-9815569.5261, 6145508.178199999], [-9815628.871, 6145374.981600001], [-9816690.9079, 6143803.414999999], [-9818008.425, 6142439.944799997], [-9819572.08, 6141366.340099998], [-9819783.37, 6141200.632100001], [-9820721.5019, 6140786.0678], [-9820904.7385, 6140704.901600003], [-9821548.1898, 6140491.780299999], [-9821846.533, 6140387.053300001], [-9822580.05, 6140152.905599996], [-9823257.7917, 6139936.792000003], [-9823337.825, 6139915.250600003], [-9823555.0203, 6139985.220399998], [-9823688.7188, 6139963.5097], [-9824067.7722, 6139902.548699997], [-9824953.2475, 6139754.249300003], [-9825420.8008, 6139238.0581], [-9826293.0322, 6138344.0198], [-9826454.8903, 6138178.3803], [-9826595.2637, 6138034.111599997], [-9826764.8186, 6137909.550399996], [-9828106.1559, 6136895.781199999], [-9828292.4049, 6136800.959600002], [-9828372.8895, 6136759.892700002], [-9828783.7782, 6136635.011699997], [-9829224.0609, 6136327.175300002], [-9829304.7709, 6136285.941699997], [-9829819.4205, 6135877.794], [-9830468.6708, 6135362.165100001], [-9831443.4157, 6134700.524099998], [-9831978.7403, 6134438.761799999], [-9831980.3327, 6134419.298500001], [-9831981.6598, 6134404.336599998], [-9831984.3139, 6134374.4130000025], [-9831985.6939, 6134359.471299998], [-9831991.4799, 6134299.684299998], [-9831992.9661, 6134284.742399998], [-9831996.0448, 6134254.879000001], [-9831997.6903, 6134239.937299997], [-9832008.0943, 6134145.672399998], [-9832009.4213, 6134133.894199997], [-9832012.1284, 6134110.338200003], [-9832013.5616, 6134098.560099997], [-9832019.2413, 6134051.487899996], [-9832020.7276, 6134039.710000001], [-9832023.7001, 6134016.193999998], [-9832025.2396, 6134004.435800001], [-9832037.7136, 6133910.412100002], [-9832039.3061, 6133898.6543999985], [-9832042.5439, 6133875.178499997], [-9832044.1895, 6133863.440499999], [-9832050.9308, 6133816.489], [-9832052.6294, 6133804.7513], [-9832056.1328, 6133781.315300003], [-9832057.9377, 6133769.577399999], [-9832072.8534, 6133672.970200002], [-9832075.6137, 6133655.602399997], [-9832080.2317, 6133626.676100001], [-9832083.0981, 6133609.308399998], [-9832091.6973, 6133557.3451000005], [-9832094.5637, 6133540.415299997], [-9832099.341, 6133512.344800003], [-9832103.0566, 6133496.708300002], [-9832104.8084, 6133489.566299997], [-9832106.8254, 6133474.944200002], [-9832107.887, 6133468.618000001], [-9832112.3459, 6133444.4868], [-9832113.3544, 6133438.419200003], [-9832115.4245, 6133426.303900003], [-9832116.4332, 6133420.236400001], [-9832120.2019, 6133398.114500001], [-9832125.457, 6133370.024700001], [-9832128.9603, 6133352.4388], [-9832134.9055, 6133323.095799997], [-9832138.4618, 6133305.509999998], [-9832142.443, 6133286.1536], [-9832157.1465, 6133209.3455], [-9832159.482, 6133197.727799997], [-9832164.2594, 6133174.492600001], [-9832166.648, 6133162.894900002], [-9832176.4681, 6133116.504000001], [-9832178.9098, 6133104.9065999985], [-9832183.9525, 6133081.731200002], [-9832186.5005, 6133070.1536], [-9832207.0429, 6132977.592100002], [-9832209.6969, 6132966.014700003], [-9832214.952, 6132942.919299997], [-9832217.606, 6132931.361599997], [-9832228.3815, 6132885.191], [-9832231.1418, 6132873.653399996], [-9832236.6622, 6132850.598099999], [-9832239.4225, 6132839.0803999975], [-9832262.0351, 6132746.998999998], [-9832264.9015, 6132735.481399998], [-9832270.6873, 6132712.486199997], [-9832273.5537, 6132701.008400001], [-9832285.3908, 6132655.0776999965], [-9832288.3634, 6132643.619999997], [-9832294.3615, 6132620.684600003], [-9832297.4404, 6132609.226899996], [-9832322.0169, 6132517.6652000025], [-9832325.0956, 6132506.227499999], [-9832331.3592, 6132483.3522000015], [-9832334.544, 6132471.9344], [-9832347.3366, 6132426.283500001], [-9832350.5746, 6132414.885700002], [-9832357.0506, 6132392.090300001], [-9832360.3415, 6132380.712300003], [-9832386.9353, 6132289.690200001], [-9832390.2794, 6132278.332400002], [-9832397.0739, 6132255.616599999], [-9832400.4711, 6132244.259000003], [-9832414.2191, 6132198.9076000005], [-9832417.7225, 6132187.569700003], [-9832424.7291, 6132164.934], [-9832428.2856, 6132153.616099998], [-9832456.7902, 6132063.2129999995], [-9832460.3998, 6132051.915100001], [-9832467.672, 6132029.359300002], [-9832471.3345, 6132018.081200004], [-9832486.0911, 6131973.049500003], [-9832489.8068, 6131961.7914], [-9832497.2912, 6131939.315300003], [-9832501.1131, 6131928.077399999], [-9832531.5818, 6131838.313100003], [-9832533.4927, 6131832.783500001], [-9832537.2615, 6131821.684900001], [-9832539.1724, 6131816.135600001], [-9832546.8692, 6131793.998099998], [-9832548.78, 6131788.448700003], [-9832552.6551, 6131777.390100002], [-9832554.566, 6131771.860600002], [-9832571.0742, 6131724.920500003], [-9832576.807, 6131708.7302], [-9832586.4148, 6131681.859200001], [-9832591.9353, 6131666.663400002], [-9832595.1202, 6131657.852499999], [-9832599.5258, 6131645.878899999], [-9832601.7022, 6131639.891999997], [-9832610.1951, 6131616.939400002], [-9832612.3715, 6131611.211300001], [-9832616.618, 6131599.755000003], [-9832618.7944, 6131594.026799999], [-9832635.6743, 6131549.175999999], [-9832637.7974, 6131543.567199998], [-9832642.0439, 6131532.369599998], [-9832644.1671, 6131526.780699998], [-9832652.7133, 6131504.405100003], [-9832654.8897, 6131498.816299997], [-9832659.1891, 6131487.638400003], [-9832661.3654, 6131482.049599998], [-9832695.7091, 6131393.721900001], [-9832700.0618, 6131382.703400001], [-9832708.767, 6131360.646600001], [-9832713.1197, 6131349.6479], [-9832730.7958, 6131305.673699997], [-9832735.2545, 6131294.695100002], [-9832744.1722, 6131272.757700004], [-9832748.6842, 6131261.799000002], [-9832784.9918, 6131174.229500003], [-9832789.5568, 6131163.2907000035], [-9832798.7399, 6131141.453199998], [-9832803.3579, 6131130.554399997], [-9832821.9895, 6131086.9789], [-9832826.6606, 6131076.0801], [-9832836.1091, 6131054.342299998], [-9832840.8332, 6131043.4833], [-9832878.9987, 6130956.751199998], [-9832883.776, 6130945.9124], [-9832893.4368, 6130924.294100001], [-9832898.3204, 6130913.4750000015], [-9832917.8542, 6130870.318300001], [-9832922.7907, 6130859.5392], [-9832932.7169, 6130838.0207], [-9832937.6535, 6130827.261399999], [-9832977.7299, 6130741.386600003], [-9832982.7726, 6130730.667199999], [-9832992.9112, 6130709.248599999], [-9832997.9538, 6130698.548900001], [-9833018.4963, 6130655.830899999], [-9833023.6451, 6130645.151500002], [-9833033.9961, 6130623.8522000015], [-9833039.198, 6130613.212399997], [-9833081.0791, 6130528.234700002], [-9833086.3873, 6130517.615199998], [-9833096.9505, 6130496.435599998], [-9833102.2586, 6130485.855800003], [-9833123.7034, 6130443.576099999], [-9833129.0646, 6130433.036200002], [-9833139.8932, 6130411.956200004], [-9833145.3605, 6130401.436099999], [-9833189.0995, 6130317.395199999], [-9833194.5669, 6130306.895199999], [-9833205.6077, 6130285.954800002], [-9833211.1813, 6130275.4745000005], [-9833233.5286, 6130233.693300001], [-9833239.102, 6130223.2727999985], [-9833250.4084, 6130202.431999996], [-9833256.0351, 6130192.031499997], [-9833301.6318, 6130108.967], [-9833304.4451, 6130103.836400002], [-9833310.1248, 6130093.575300001], [-9833312.9381, 6130088.444600001], [-9833324.3507, 6130067.942199998], [-9833327.164, 6130062.8116], [-9833332.8966, 6130052.590300001], [-9833335.763, 6130047.479599997], [-9833358.7473, 6130006.594300002], [-9833361.6137, 6130001.603], [-9833367.2404, 6129991.600400001], [-9833370.1067, 6129986.609099999], [-9833381.466, 6129966.643799998], [-9833384.1731, 6129961.871200003], [-9833390.9146, 6129950.138700001], [-9833395.8511, 6129941.587700002], [-9833402.7518, 6129929.656400003], [-9833406.202, 6129923.710699998], [-9833419.6316, 6129900.742799997], [-9833423.0287, 6129895.015699998], [-9833429.77, 6129883.5418], [-9833433.1673, 6129877.814800002], [-9833459.8141, 6129832.873599999], [-9833463.1581, 6129827.266000003], [-9833469.8465, 6129816.0506], [-9833473.1906, 6129810.443000004], [-9833486.6732, 6129788.052100003], [-9833490.0174, 6129782.464299999], [-9833496.7586, 6129771.288599998], [-9833500.1027, 6129765.8401999995], [-9833543.2579, 6129694.969400004], [-9833546.018, 6129690.336300001], [-9833562.3671, 6129663.3125], [-9833568.1529, 6129653.7875000015], [-9833577.8138, 6129637.919399999], [-9833583.6527, 6129628.394400001], [-9833663.9646, 6129497.5326000005], [-9833669.4319, 6129488.683899999], [-9833680.4198, 6129471.006700002], [-9833685.8871, 6129462.177900001], [-9833707.969, 6129426.942599997], [-9833713.5426, 6129418.133699998], [-9833724.6896, 6129400.575900003], [-9833730.2631, 6129391.806699999], [-9833775.1168, 6129321.754299998], [-9833786.4232, 6129304.296099998], [-9833809.195, 6129269.4789], [-9833820.6606, 6129252.120099999], [-9833866.8413, 6129182.943700001], [-9833878.4662, 6129165.704499997], [-9833901.8749, 6129131.3451000005], [-9833913.7121, 6129114.225400001], [-9833961.2198, 6129045.944799997], [-9833967.1649, 6129037.4147000015], [-9833979.1082, 6129020.414300002], [-9833985.1063, 6129011.924000002], [-9834009.2053, 6128978.002899997], [-9834015.2035, 6128969.5524], [-9834027.359, 6128952.651600003], [-9834033.4102, 6128944.2211000025], [-9834121.5252, 6128822.615400001], [-9834127.0458, 6128815.039899997], [-9834138.1397, 6128799.8891], [-9834143.6602, 6128792.313500002], [-9834165.9543, 6128762.111400001], [-9834171.581, 6128754.575900003], [-9834182.781, 6128739.504500002], [-9834188.4076, 6128731.988899998], [-9834233.4737, 6128671.962800004], [-9834239.1534, 6128664.467], [-9834250.4598, 6128649.515100002], [-9834256.1393, 6128642.039300002], [-9834278.9643, 6128612.235200003], [-9834284.6971, 6128604.779299997], [-9834296.1627, 6128589.927100003], [-9834301.8954, 6128582.510799997], [-9834324.1365, 6128553.8999999985], [-9834333.2133, 6128542.328299999], [-9834348.3946, 6128523.042599998], [-9834357.4716, 6128511.510799997], [-9834384.9146, 6128476.935400002], [-9834394.0446, 6128465.423600003], [-9834409.385, 6128446.296899997], [-9834418.6211, 6128434.824900001], [-9834470.9593, 6128370.029299997], [-9834480.1424, 6128358.716300003], [-9834495.4829, 6128339.927900001], [-9834504.6658, 6128328.674599998], [-9834532.3744, 6128295.014600001], [-9834541.4512, 6128284.039899997], [-9834556.5263, 6128265.867899999], [-9834565.1255, 6128255.589100003], [-9834570.752, 6128248.869000003], [-9834578.8204, 6128239.246399999], [-9834582.9077, 6128234.4548999965], [-9834598.6198, 6128215.905299999], [-9834602.5477, 6128211.272699997], [-9834610.4038, 6128202.027800001], [-9834614.3848, 6128197.415299997], [-9834645.4374, 6128161.151299998], [-9834649.3124, 6128156.618500002], [-9834657.1152, 6128147.5722], [-9834661.0433, 6128143.059199996], [-9834676.6492, 6128125.006800003], [-9834680.5772, 6128120.493799999], [-9834688.4332, 6128111.507299997], [-9834692.3613, 6128107.0141], [-9834754.7318, 6128035.799199998], [-9834762.5348, 6128026.9322], [-9834778.2468, 6128009.198200002], [-9834786.1028, 6128000.371100001], [-9834817.6862, 6127965.101899996], [-9834825.5953, 6127956.314400002], [-9834841.4666, 6127938.7793999985], [-9834849.4287, 6127930.031900004], [-9834913.3386, 6127860.210000001], [-9834921.3539, 6127851.502099998], [-9834937.4375, 6127834.126400001], [-9834945.5059, 6127825.458300002], [-9834977.8324, 6127790.9058], [-9834985.9538, 6127782.277599998], [-9835002.1968, 6127765.100599997], [-9835010.3181, 6127756.512199998], [-9835075.7673, 6127688.123199999], [-9835083.9419, 6127679.594499998], [-9835100.3971, 6127662.576899998], [-9835108.6247, 6127654.088200003], [-9835141.6943, 6127620.251800001], [-9835150.0281, 6127611.802699998], [-9835166.6424, 6127594.964100003], [-9835174.9763, 6127586.574600004], [-9835241.8587, 6127519.6184], [-9835250.2454, 6127511.268700004], [-9835267.0193, 6127494.629199997], [-9835275.459, 6127486.319399998], [-9835309.2718, 6127453.219400004], [-9835317.7649, 6127444.949299999], [-9835334.7509, 6127428.488799997], [-9835343.2439, 6127420.2786], [-9835411.5595, 6127354.794699997], [-9835420.1586, 6127346.644000001], [-9835437.3039, 6127330.362599999], [-9835445.9031, 6127322.251699999], [-9835480.4059, 6127289.887800001], [-9835489.0581, 6127281.816799998], [-9835506.4158, 6127265.734300002], [-9835515.1211, 6127257.703000002], [-9835584.8168, 6127193.731200002], [-9835593.5752, 6127185.759599999], [-9835611.0921, 6127169.856200002], [-9835619.8504, 6127161.944399998], [-9835655.0964, 6127130.336400002], [-9835663.9079, 6127122.424599998], [-9835681.69, 6127106.680299997], [-9835690.5547, 6127098.828100003], [-9835704.9929, 6127086.164999999], [-9835737.6377, 6127055.5515], [-9835745.5999, 6127048.136500001], [-9835761.5244, 6127033.346699998], [-9835769.5396, 6127025.971699998], [-9835801.5475, 6126996.550899997], [-9835809.616, 6126989.215499997], [-9835825.6996, 6126974.584700003], [-9835833.768, 6126967.289399996], [-9835898.3679, 6126909.1044000015], [-9835902.4552, 6126905.466700003], [-9835910.5234, 6126898.210900001], [-9835914.6107, 6126894.5929000005], [-9835930.8005, 6126880.1215], [-9835934.8878, 6126876.503600001], [-9835943.0093, 6126869.2875000015], [-9835947.0965, 6126865.689599998], [-9835979.6884, 6126836.925499998], [-9835983.7757, 6126833.327399999], [-9835991.9501, 6126826.151299998], [-9835996.0374, 6126822.573200002], [-9836012.4394, 6126808.280599996], [-9836016.5267, 6126804.702500001], [-9836024.7544, 6126797.566100001], [-9836028.9479, 6126793.928499997], [-9836052.0381, 6126773.990599997], [-9836063.5569, 6126764.051299997], [-9836080.9144, 6126749.1228], [-9836092.5392, 6126739.203599997], [-9836121.5216, 6126714.4750000015], [-9836132.881, 6126704.834100001], [-9836149.814, 6126690.501900002], [-9836160.324, 6126681.656300001], [-9836167.9677, 6126675.235600002], [-9836183.149, 6126662.593199998], [-9836190.7927, 6126656.232199997], [-9836218.1825, 6126633.5713], [-9836225.03, 6126627.925899997], [-9836238.7781, 6126616.635300003], [-9836245.6787, 6126611.029799998], [-9836300.2993, 6126566.582900003], [-9836307.1468, 6126561.0568], [-9836320.8418, 6126550.004699998], [-9836327.7423, 6126544.478600003], [-9836355.2384, 6126522.493900001], [-9836362.0859, 6126517.007700004], [-9836375.887, 6126506.074699998], [-9836382.7876, 6126500.608400002], [-9836492.9313, 6126414.001800001], [-9836504.7684, 6126404.739], [-9836528.5488, 6126386.332400002], [-9836540.4391, 6126377.169100001], [-9836588.2121, 6126340.6543999985], [-9836600.1554, 6126331.570500001], [-9836624.1482, 6126313.501999997], [-9836636.1976, 6126304.497599997], [-9836683.2276, 6126269.553599998], [-9836723.8348, 6126237.988700002], [-9836734.8758, 6126229.481299996], [-9836756.9575, 6126212.526299998], [-9836768.0515, 6126204.098499998], [-9836812.4806, 6126170.486599997], [-9836823.6276, 6126162.118299998], [-9836845.9217, 6126145.441600002], [-9836857.122, 6126137.152999997], [-9836919.3332, 6126091.317199998], [-9836928.4631, 6126083.346600004], [-9836934.0898, 6126078.457000002], [-9836979.2089, 6126039.478799999], [-9836984.7823, 6126034.688600004], [-9836995.9294, 6126025.088200003], [-9837001.556, 6126020.297799997], [-9837023.9564, 6126001.196500003], [-9837029.4237, 6125996.545400001], [-9837040.4116, 6125987.263099998], [-9837045.6135, 6125982.8505000025], [-9837052.0894, 6125977.4441], [-9837064.4573, 6125967.128399998], [-9837070.6149, 6125961.980300002], [-9837094.8729, 6125941.885200001], [-9837100.9773, 6125936.8763], [-9837113.133, 6125926.8587], [-9837119.2373, 6125921.869800001], [-9837167.4881, 6125882.4750000015], [-9837173.5395, 6125877.565499999], [-9837185.6419, 6125867.746799998], [-9837191.6932, 6125862.8571000025], [-9837215.9514, 6125843.3386999965], [-9837222.0556, 6125838.4690999985], [-9837234.4236, 6125828.590599999], [-9837238.7233, 6125824.893700004], [-9837267.0686, 6125800.625], [-9837274.0754, 6125794.682099998], [-9837288.0356, 6125782.836000003], [-9837294.7771, 6125777.151500002], [-9837299.8197, 6125772.917800002], [-9837309.3213, 6125764.9476], [-9837314.0987, 6125760.972400002], [-9837332.7302, 6125745.508900002], [-9837337.3482, 6125741.652900003], [-9837346.6905, 6125733.941100001], [-9837351.3617, 6125730.105099998], [-9837388.147, 6125699.854099996], [-9837392.7651, 6125696.077600002], [-9837402.0013, 6125688.524899997], [-9837406.6194, 6125684.768399999], [-9837425.0917, 6125669.742200002], [-9837429.7097, 6125665.985699996], [-9837438.9989, 6125658.512400001], [-9837443.6169, 6125654.755999997], [-9837517.3468, 6125595.5066], [-9837526.5829, 6125588.132799998], [-9837545.1084, 6125573.424999997], [-9837554.3976, 6125566.090899996], [-9837591.5545, 6125536.873999998], [-9837600.8967, 6125529.579700001], [-9837619.5283, 6125515.070500001], [-9837628.9238, 6125507.836000003], [-9837703.8745, 6125450.217500001], [-9837713.2698, 6125443.042499997], [-9837732.1137, 6125428.7324], [-9837741.5622, 6125421.6171], [-9837779.3561, 6125393.215499997], [-9837788.8045, 6125386.140100002], [-9837807.8076, 6125372.028700002], [-9837817.3091, 6125365.012800001], [-9837893.5338, 6125309.0449], [-9837903.0885, 6125302.068899997], [-9837908.1313, 6125298.411700003], [-9837920.977, 6125284.618600003], [-9837934.1942, 6125270.626800001], [-9837960.6816, 6125242.762400001], [-9837973.952, 6125228.889600001], [-9838080.8578, 6125118.366999999], [-9838094.2872, 6125104.613899998], [-9838121.2525, 6125077.207199998], [-9838134.7883, 6125063.573299997], [-9838189.1965, 6125009.256899998], [-9838202.8915, 6124995.7425], [-9838230.3346, 6124968.832800001], [-9838244.0826, 6124955.437799998], [-9838354.8102, 6124848.794], [-9838361.7638, 6124842.136399999], [-9838375.6712, 6124828.860699996], [-9838382.6247, 6124822.242600001], [-9838410.5454, 6124795.8303999975], [-9838417.5521, 6124789.2324], [-9838431.5657, 6124776.096000001], [-9838438.5724, 6124769.537699997], [-9838494.8916, 6124717.1906], [-9838501.8982, 6124710.652099997], [-9838516.071, 6124697.634900004], [-9838523.1309, 6124691.136399999], [-9838551.5294, 6124665.221299998], [-9838558.6422, 6124658.762500003], [-9838572.868, 6124645.864699997], [-9838579.9809, 6124639.425800003], [-9838615.8108, 6124607.310400002], [-9838625.6308, 6124598.506700002], [-9838642.0859, 6124583.879799999], [-9838651.9591, 6124575.135700002], [-9838681.6846, 6124548.923], [-9838691.6108, 6124540.198600002], [-9838708.119, 6124525.691200003], [-9838718.0984, 6124517.026600003], [-9838774.577, 6124467.980099998], [-9838784.4499, 6124459.434699997], [-9838800.9582, 6124445.225599997], [-9838810.8845, 6124436.700099997], [-9838840.6631, 6124411.262900002], [-9838850.4301, 6124402.955899999], [-9838866.6198, 6124389.2238000035], [-9838875.9091, 6124381.413999997], [-9838882.3319, 6124375.988600001], [-9838891.8866, 6124367.999899998], [-9838896.6638, 6124364.025300004], [-9838915.2423, 6124348.564300001], [-9838919.9134, 6124344.709100001], [-9838929.2558, 6124337.018299997], [-9838933.8737, 6124333.162900001], [-9838970.7122, 6124302.9169000015], [-9838975.3303, 6124299.141099997], [-9838984.5134, 6124291.609499998], [-9838989.1314, 6124287.8336], [-9839007.6037, 6124272.809900001], [-9839012.2748, 6124269.074000001], [-9839021.5109, 6124261.582000002], [-9839026.1821, 6124257.845899999], [-9839099.8588, 6124198.606299996], [-9839109.0951, 6124191.213799998], [-9839127.6205, 6124176.508400001], [-9839136.9096, 6124169.175499998], [-9839174.0666, 6124139.963299997], [-9839183.3557, 6124132.670299999], [-9839202.0404, 6124118.1635000035], [-9839211.3827, 6124110.950000003], [-9839275.6641, 6124061.587700002], [-9839278.5836, 6124058.964599997], [-9839349.6594, 6123996.566799998], [-9839354.0652, 6123992.691699997], [-9839362.9297, 6123984.9815], [-9839367.3354, 6123981.1263], [-9839385.0647, 6123965.725599997], [-9839389.5235, 6123961.8904], [-9839398.388, 6123954.219800003], [-9839402.8469, 6123950.384599999], [-9839436.235, 6123921.670000002], [-9839442.817, 6123915.807800002], [-9839447.7536, 6123911.416199997], [-9839457.6798, 6123902.6131], [-9839462.6164, 6123898.2214], [-9839542.0791, 6123828.074900001], [-9839547.0156, 6123823.743000001], [-9839556.8888, 6123815.059], [-9839561.8253, 6123810.7271], [-9839581.6778, 6123793.419], [-9839586.6673, 6123789.1071000025], [-9839596.5935, 6123780.482799999], [-9839601.5831, 6123776.1906], [-9839641.4472, 6123741.8332], [-9839646.3838, 6123737.6005000025], [-9839656.2569, 6123729.1554000005], [-9839661.1934, 6123724.942599997], [-9839680.9397, 6123708.111500002], [-9839685.7701, 6123704.018100001], [-9839695.4308, 6123695.870999999], [-9839699.9959, 6123692.015900001], [-9839704.9855, 6123687.803400002], [-9839714.5401, 6123679.815099999], [-9839719.3175, 6123675.840899996], [-9839737.8959, 6123660.381200001], [-9839742.5671, 6123656.526299998], [-9839751.8562, 6123648.836099997], [-9839756.5274, 6123644.9811], [-9839793.3658, 6123614.737300001], [-9839797.9309, 6123610.961900003], [-9839807.167, 6123603.430799998], [-9839811.785, 6123599.655199997], [-9839830.2573, 6123584.6329], [-9839834.8754, 6123580.8972999975], [-9839844.1646, 6123573.4059000015], [-9839848.7827, 6123569.6701000035], [-9839922.5125, 6123510.4353], [-9839931.7487, 6123503.043399997], [-9839950.221, 6123488.339000002], [-9839959.5102, 6123481.006800003], [-9839996.7202, 6123451.796899997], [-9840006.0094, 6123444.5242], [-9840024.694, 6123429.998899996], [-9840034.0363, 6123422.785999998], [-9840108.9871, 6123365.161499999], [-9840118.3824, 6123357.988399997], [-9840137.2263, 6123343.701499999], [-9840146.6749, 6123336.568000004], [-9840184.4686, 6123308.173500001], [-9840193.9171, 6123301.099699996], [-9840212.9202, 6123287.011600003], [-9840222.4218, 6123279.9777000025], [-9840298.5934, 6123224.023199998], [-9840308.148, 6123217.048900001], [-9840327.3104, 6123203.159599997], [-9840336.865, 6123196.244900003], [-9840359.5837, 6123179.9516], [-9840376.7291, 6123164.7311], [-9840385.5936, 6123156.902400002], [-9840456.6694, 6123094.4912], [-9840461.0753, 6123090.636500001], [-9840469.8866, 6123082.927000001], [-9840474.3455, 6123079.072400004], [-9840492.0216, 6123063.673299998], [-9840496.4805, 6123059.838399999], [-9840505.345, 6123052.168799996], [-9840509.8037, 6123048.333999999], [-9840545.4214, 6123017.754600003], [-9840549.7741, 6123013.9991], [-9840558.5855, 6123006.488499999], [-9840562.9912, 6123002.733199999], [-9840580.6142, 6122987.771300003], [-9840584.8608, 6122984.135300003], [-9840593.4069, 6122976.902800001], [-9840597.4409, 6122973.524899997], [-9840602.4837, 6122969.292800002], [-9840611.9853, 6122961.325099997], [-9840616.7626, 6122957.331299998], [-9840635.394, 6122941.892800003], [-9840640.0122, 6122938.0380000025], [-9840649.3546, 6122930.3288], [-9840653.9726, 6122926.494000003], [-9840690.811, 6122896.232900001], [-9840695.429, 6122892.4777000025], [-9840704.612, 6122884.9274], [-9840709.2302, 6122881.1721], [-9840727.7024, 6122866.151000001], [-9840732.3204, 6122862.3955999985], [-9840741.6097, 6122854.905000001], [-9840746.2278, 6122851.169500001], [-9840819.9577, 6122791.939499997], [-9840829.1939, 6122784.568099998], [-9840847.6662, 6122769.865099996], [-9840856.9554, 6122762.533299997], [-9840894.1123, 6122733.306000002], [-9840903.4546, 6122726.034100004], [-9840922.086, 6122711.5298999995], [-9840931.4814, 6122704.297600001], [-9841006.4322, 6122646.697999999], [-9841015.8277, 6122639.525300004], [-9841034.6184, 6122625.219800003], [-9841044.0668, 6122618.106899999], [-9841081.8608, 6122589.694799997], [-9841091.3623, 6122582.6215], [-9841110.3123, 6122568.534599997], [-9841119.8138, 6122561.520999998], [-9841196.0385, 6122505.571400002], [-9841205.5932, 6122498.5977], [-9841224.7025, 6122484.709700003], [-9841234.2571, 6122477.795400001], [-9841272.688, 6122450.238200001], [-9841282.2956, 6122443.363799997], [-9841293.8142, 6122435.197899997], [-9841316.0554, 6122416.859499998], [-9841323.4336, 6122410.779700004], [-9841338.2432, 6122398.640299998], [-9841345.6747, 6122392.600400001], [-9841404.5949, 6122344.817699999], [-9841411.9733, 6122338.857299998], [-9841426.7298, 6122326.976199999], [-9841434.1611, 6122321.055600002], [-9841463.8336, 6122297.412699997], [-9841471.2651, 6122291.5317], [-9841486.1278, 6122279.770000003], [-9841493.5591, 6122273.909100004], [-9841612.4612, 6122180.868199997], [-9841627.377, 6122169.305299997], [-9841657.3148, 6122146.298600003], [-9841672.3368, 6122134.854999997], [-9841732.5841, 6122089.378200002], [-9841747.7123, 6122078.073600002], [-9841778.0747, 6122055.603600003], [-9841793.256, 6122044.418300003], [-9841915.343, 6121955.591799997], [-9841930.6304, 6121944.565700002], [-9841961.3112, 6121922.612599999], [-9841976.7579, 6121911.7053999975], [-9841996.5574, 6121897.7192], [-9842035.9967, 6121868.057899997], [-9842045.4982, 6121860.985100001], [-9842064.4482, 6121846.8994999975], [-9842073.9498, 6121839.886399999], [-9842150.1745, 6121783.921800002], [-9842159.5168, 6121777.0876], [-9842178.3076, 6121763.439099997], [-9842187.756, 6121756.644900002], [-9842225.4439, 6121729.566600002], [-9842234.8922, 6121722.831799999], [-9842253.8421, 6121709.381999999], [-9842263.3439, 6121702.687100001], [-9842339.3031, 6121649.3455], [-9842348.8578, 6121642.710199997], [-9842367.9139, 6121629.479199998], [-9842376.0352, 6121623.876800001], [-9842385.9616, 6121616.764700003], [-9842405.6546, 6121602.798699997], [-9842415.5279, 6121595.845299996], [-9842452.1008, 6121570.158299997], [-9842456.8781, 6121566.5227999985], [-9842466.0082, 6121559.6888], [-9842484.2681, 6121546.060699999], [-9842493.3981, 6121539.2861], [-9842566.7564, 6121485.171099998], [-9842571.3214, 6121481.793700002], [-9842580.5044, 6121475.059199996], [-9842585.1225, 6121471.701899998], [-9842603.4886, 6121458.272500001], [-9842608.1067, 6121454.915100001], [-9842617.3429, 6121448.220200002], [-9842621.9609, 6121444.882700004], [-9842658.9055, 6121418.2228000015], [-9842663.5236, 6121414.8851], [-9842672.7597, 6121408.25], [-9842677.3778, 6121404.932499997], [-9842695.9563, 6121391.701800004], [-9842700.5743, 6121388.403999999], [-9842709.8635, 6121381.808700003], [-9842714.5347, 6121378.511], [-9842754.9825, 6121349.963799998], [-9842759.9723, 6121346.4476], [-9842770.0046, 6121339.414999999], [-9842774.9941, 6121335.898800001], [-9842795.059, 6121321.8935], [-9842800.1017, 6121318.3972999975], [-9842810.1871, 6121311.424500003], [-9842815.2299, 6121307.947899997], [-9842855.5186, 6121280.156000003], [-9842860.5613, 6121276.679499999], [-9842870.6467, 6121269.766199999], [-9842875.7425, 6121266.309500001], [-9842895.9663, 6121252.542800002], [-9842901.0091, 6121249.1061], [-9842911.1477, 6121242.232500002], [-9842916.2435, 6121238.815800004], [-9842997.511, 6121184.166000001], [-9843007.6495, 6121177.372000001], [-9843028.0327, 6121163.823899999], [-9843038.2774, 6121157.069799997], [-9843079.203, 6121130.2119999975], [-9843089.4477, 6121123.517499998], [-9843109.9902, 6121110.207699999], [-9843120.2879, 6121103.572700001], [-9843202.7762, 6121050.771300003], [-9843213.074, 6121044.215800002], [-9843233.7758, 6121031.124700002], [-9843244.1266, 6121024.608999997], [-9843285.6891, 6120998.6853], [-9843296.04, 6120992.229199998], [-9843316.901, 6120979.376699999], [-9843327.358, 6120972.9802], [-9843406.8738, 6120924.569600001], [-9843449.8696, 6120890.005099997], [-9843459.1058, 6120882.635399997], [-9843477.578, 6120867.9157000035], [-9843486.8672, 6120860.605499998], [-9843524.0242, 6120831.3847], [-9843533.3664, 6120824.114299998], [-9843551.998, 6120809.613300003], [-9843561.3403, 6120802.382600002], [-9843636.291, 6120744.795599997], [-9843645.6864, 6120737.624600001], [-9843664.5303, 6120723.322300002], [-9843673.9256, 6120716.191], [-9843711.7195, 6120687.805], [-9843721.221, 6120680.733400002], [-9843740.1711, 6120666.649800003], [-9843749.6727, 6120659.637699999], [-9843825.8441, 6120603.680699997], [-9843835.399, 6120596.728299998], [-9843854.5082, 6120582.8434000015], [-9843864.1158, 6120575.930600002], [-9843902.4937, 6120548.3794], [-9843912.1012, 6120541.5066], [-9843931.3699, 6120527.840300001], [-9843941.0307, 6120521.026900001], [-9843949.6298, 6120515.0282000005], [-9843952.1777, 6120512.962300003], [-9843956.7958, 6120509.227899998], [-9844030.4727, 6120450.014200002], [-9844039.7088, 6120442.624899998], [-9844058.2342, 6120427.925800003], [-9844067.4702, 6120420.5961000025], [-9844104.6271, 6120391.3967999965], [-9844113.9694, 6120384.126800001], [-9844132.601, 6120369.626400001], [-9844141.9431, 6120362.395999998], [-9844216.894, 6120304.811999999], [-9844226.2895, 6120297.621699996], [-9844245.1332, 6120283.340000004], [-9844254.5287, 6120276.209100001], [-9844292.3225, 6120247.824600004], [-9844301.7709, 6120240.753200002], [-9844320.7741, 6120226.670199998], [-9844330.2756, 6120219.638700001], [-9844406.4473, 6120163.704400003], [-9844416.0018, 6120156.732500002], [-9844435.1112, 6120142.868299998], [-9844444.7189, 6120135.935999997], [-9844483.0967, 6120108.386299998], [-9844492.7043, 6120101.533399999], [-9844496.1015, 6120099.110399999], [-9844511.0705, 6120087.470799997], [-9844512.8222, 6120086.119999997], [-9844538.9381, 6120063.834100001], [-9844548.4928, 6120055.690099999], [-9844564.364, 6120042.243199997], [-9844573.441, 6120034.615900002], [-9844579.8638, 6120029.213200003], [-9844589.3653, 6120021.228399999], [-9844594.1427, 6120017.255900003], [-9844612.7211, 6120001.802900001], [-9844617.3922, 6119997.949500002], [-9844626.6814, 6119990.262599997], [-9844631.3526, 6119986.4092999995], [-9844668.138, 6119956.178499997], [-9844672.756, 6119952.4045], [-9844681.9921, 6119944.876800001], [-9844686.6102, 6119941.103], [-9844705.0825, 6119926.086800002], [-9844709.7005, 6119922.352799997], [-9844718.9367, 6119914.864600003], [-9844723.5548, 6119911.130500004], [-9844797.2315, 6119851.920900002], [-9844809.4934, 6119842.148800001], [-9844834.07, 6119822.703599997], [-9844846.3849, 6119813.010899998], [-9844895.8035, 6119774.478299998], [-9844908.1714, 6119764.884900004], [-9844933.0135, 6119745.797600001], [-9844945.4876, 6119736.283799998], [-9845045.3335, 6119660.649599999], [-9845057.8608, 6119651.235100001], [-9845064.6551, 6119646.170199998], [-9845070.8125, 6119640.946599998], [-9845081.4287, 6119631.949299999], [-9845091.0896, 6119623.905299999], [-9845104.2537, 6119612.862099998], [-9845112.9591, 6119605.6127], [-9845134.1384, 6119588.015100002], [-9845142.5784, 6119581.004100002], [-9845155.2648, 6119570.517099999], [-9845163.7047, 6119563.545699999], [-9845187.2197, 6119544.1608000025], [-9845191.5724, 6119540.585699998], [-9845200.1717, 6119533.5348000005], [-9845204.5243, 6119530.019500002], [-9845221.7758, 6119515.957500003], [-9845226.0753, 6119512.461900003], [-9845234.7275, 6119505.450800002], [-9845239.0801, 6119501.954999998], [-9845273.7423, 6119474.0101], [-9845278.0418, 6119470.534400001], [-9845286.7471, 6119463.563100003], [-9845291.0998, 6119460.087300003], [-9845308.5104, 6119446.2042], [-9845312.8632, 6119442.748499997], [-9845321.5685, 6119435.816799998], [-9845325.9211, 6119432.3807], [-9845395.8291, 6119377.226199999], [-9845408.2502, 6119367.494099997], [-9845433.0923, 6119348.149400003], [-9845436.2772, 6119345.6866], [-9845464.8348, 6119317.503799997], [-9845477.2559, 6119305.348899998], [-9845502.151, 6119281.1581000015], [-9845514.6782, 6119269.122500002], [-9845615.0548, 6119173.155199997], [-9845627.6351, 6119161.218900003], [-9845652.9549, 6119137.425999999], [-9845665.6414, 6119125.569300003], [-9845716.5992, 6119078.400399998], [-9845729.3919, 6119066.662900001], [-9845755.0301, 6119043.287299998], [-9845767.929, 6119031.649099998], [-9845871.3312, 6118938.961199999], [-9845877.7542, 6118933.201899998], [-9845890.6528, 6118921.7425], [-9845897.1287, 6118916.002899997], [-9845923.0324, 6118893.163800001], [-9845929.5084, 6118887.464100003], [-9845942.5132, 6118876.084399998], [-9845949.0422, 6118870.4043999985], [-9846001.168, 6118825.1237], [-9846007.6439, 6118819.543200001], [-9846020.5958, 6118808.381899998], [-9846027.0718, 6118802.821199998], [-9846053.0815, 6118780.617700003], [-9846059.4512, 6118775.176100001], [-9846072.2439, 6118764.3527000025], [-9846078.3482, 6118759.189099997], [-9846083.3909, 6118754.959100001], [-9846092.9455, 6118746.995200001], [-9846097.6698, 6118743.0035], [-9846116.2483, 6118727.572499998], [-9846120.9194, 6118723.719700001], [-9846130.2087, 6118716.014200002], [-9846134.8798, 6118712.181299999], [-9846171.6651, 6118681.935199998], [-9846176.2832, 6118678.181699999], [-9846185.4663, 6118670.6351], [-9846190.0844, 6118666.881700002], [-9846208.5566, 6118651.867799997], [-9846213.1747, 6118648.114399999], [-9846222.4638, 6118640.627400003], [-9846227.0819, 6118636.893799998], [-9846300.7589, 6118577.693000004], [-9846309.9949, 6118570.325199999], [-9846328.4672, 6118555.6294], [-9846337.7565, 6118548.301399998], [-9846374.9134, 6118519.088399999], [-9846384.2026, 6118511.82], [-9846402.8871, 6118497.322800003], [-9846412.2294, 6118490.0940999985], [-9846487.1271, 6118432.522699997], [-9846496.5225, 6118425.353699997], [-9846515.3664, 6118411.055299997], [-9846524.7618, 6118403.925800003], [-9846562.5556, 6118375.547499999], [-9846572.0041, 6118368.4777000025], [-9846591.0072, 6118354.3979], [-9846600.5088, 6118347.387699999], [-9846676.6273, 6118291.465800002], [-9846686.1819, 6118284.495399997], [-9846705.2912, 6118270.614100002], [-9846714.8989, 6118263.703299999], [-9846753.2766, 6118236.159500003], [-9846762.8844, 6118229.288400002], [-9846782.1529, 6118215.6259], [-9846791.8137, 6118208.814300001], [-9846869.1532, 6118154.561300002], [-9846878.867, 6118147.809500001], [-9846898.2948, 6118134.365400001], [-9846906.5753, 6118128.626400001], [-9846933.7, 6118106.7228000015], [-9846942.0337, 6118100.050499998], [-9846958.7012, 6118086.725699998], [-9846967.0351, 6118080.0929000005], [-9847000.5292, 6118053.622100003], [-9847008.9161, 6118047.029200003], [-9847025.6897, 6118033.863200001], [-9847034.1297, 6118027.310099997], [-9847101.5429, 6117975.024099998], [-9847109.9828, 6117968.510799997], [-9847126.9158, 6117955.523599997], [-9847135.4089, 6117949.049900003], [-9847169.3808, 6117923.254600003], [-9847177.8739, 6117916.820799999], [-9847194.966, 6117903.992700003], [-9847203.4591, 6117897.6184], [-9847271.9339, 6117846.683399998], [-9847280.533, 6117840.329000004], [-9847297.6783, 6117827.679700002], [-9847306.2774, 6117821.384900004], [-9847340.7803, 6117796.245200001], [-9847349.3794, 6117789.990099996], [-9847366.6839, 6117777.499700002], [-9847375.3892, 6117771.284199998], [-9847444.8196, 6117721.720399998], [-9847453.5249, 6117715.544699997], [-9847470.9355, 6117703.233199999], [-9847479.6409, 6117697.097199999], [-9847514.6214, 6117672.653099999], [-9847523.3799, 6117666.5568], [-9847540.8967, 6117654.424199998], [-9847549.7082, 6117648.387599997], [-9847620.094, 6117600.194499999], [-9847628.9054, 6117594.177699998], [-9847646.5816, 6117582.2238000035], [-9847655.3929, 6117576.2667], [-9847690.8513, 6117552.517800003], [-9847699.7159, 6117546.6005000025], [-9847717.4979, 6117534.805399999], [-9847726.4158, 6117528.9278], [-9847797.7039, 6117482.145199999], [-9847806.6746, 6117476.307300001], [-9847824.5629, 6117464.710900001], [-9847833.4807, 6117458.912699997], [-9847869.4167, 6117435.879000001], [-9847878.3875, 6117430.1404], [-9847896.382, 6117418.703000002], [-9847905.4058, 6117413.004199997], [-9847977.6494, 6117367.631899998], [-9847982.1613, 6117364.7924000025], [-9847991.1852, 6117359.153099999], [-9847995.697, 6117356.3336], [-9848013.8508, 6117345.074900001], [-9848018.3628, 6117342.275300004], [-9848019.796, 6117341.361699998], [-9848031.5799, 6117330.420900002], [-9848037.4188, 6117325.0], [-9848049.0968, 6117314.138599999], [-9848054.9888, 6117308.7377], [-9848102.0188, 6117265.5304000005], [-9848107.9108, 6117260.149300002], [-9848119.695, 6117249.3873], [-9848125.587, 6117244.026100002], [-9848149.2612, 6117222.601300001], [-9848155.2062, 6117217.259900004], [-9848167.0964, 6117206.597099997], [-9848173.0415, 6117201.255900003], [-9848268.3226, 6117116.272200003], [-9848274.2676, 6117111.010300003], [-9848286.1577, 6117100.486599997], [-9848292.1028, 6117095.224799998], [-9848315.9364, 6117074.276900001], [-9848321.9345, 6117069.054799996], [-9848333.8778, 6117058.610799998], [-9848339.876, 6117053.408500001], [-9848387.8615, 6117011.8505000025], [-9848393.8066, 6117006.707900003], [-9848405.75, 6116996.482199997], [-9848411.6951, 6116991.3794], [-9848435.5816, 6116970.987599999], [-9848441.4206, 6116966.023900002], [-9848453.1514, 6116956.115900002], [-9848458.725, 6116951.3901999965], [-9848463.7678, 6116947.160999998], [-9848473.2692, 6116939.198899999], [-9848478.0466, 6116935.2080999985], [-9848496.625, 6116919.780299999], [-9848501.2962, 6116915.928300001], [-9848510.5854, 6116908.224299997], [-9848515.2566, 6116904.392200001], [-9848552.0418, 6116874.152500004], [-9848556.6068, 6116870.380000003], [-9848565.8431, 6116862.8549000025], [-9848570.4612, 6116859.1022000015], [-9848588.9334, 6116844.091600001], [-9848593.5515, 6116840.339000002], [-9848602.7877, 6116832.853500001], [-9848607.4056, 6116829.120700002], [-9848681.0824, 6116769.932300001], [-9848690.3186, 6116762.566], [-9848708.7909, 6116747.853399999], [-9848718.0802, 6116740.546800002], [-9848755.2371, 6116711.340099998], [-9848764.5263, 6116704.073200002], [-9848783.1577, 6116689.579099998], [-9848792.5, 6116682.351899996], [-9848867.4509, 6116624.792800002], [-9848876.7931, 6116617.625100002], [-9848895.637, 6116603.329599999], [-9848905.0324, 6116596.201899998], [-9848942.8263, 6116567.829599999], [-9848952.2746, 6116560.761299998], [-9848971.2247, 6116546.684299998], [-9848980.7264, 6116539.675700001], [-9849056.8979, 6116483.745499998], [-9849066.4524, 6116476.796400003], [-9849085.5618, 6116462.918200001], [-9849095.1165, 6116456.008900002], [-9849133.4942, 6116428.450900003], [-9849143.1019, 6116421.601300001], [-9849162.3705, 6116407.941399999], [-9849172.0312, 6116401.131399997], [-9849240.0283, 6116353.461400002], [-9849241.6739, 6116340.298299998], [-9849243.2663, 6116328.0879999995], [-9849255.6874, 6116234.258100003], [-9849257.2798, 6116222.544299997], [-9849260.5176, 6116199.096900001], [-9849262.1632, 6116187.383199997], [-9849268.9046, 6116140.528399996], [-9849270.6032, 6116128.834700003], [-9849274.1065, 6116105.427299999], [-9849275.8582, 6116093.713600002], [-9849290.8271, 6115997.305299997], [-9849293.5343, 6115979.9733000025], [-9849298.1523, 6115951.106899999], [-9849300.9656, 6115933.774800003], [-9849309.5647, 6115881.918499999], [-9849312.4311, 6115865.023599997], [-9849317.2085, 6115836.991300002], [-9849319.9688, 6115821.168499999], [-9849321.6143, 6115811.936800003], [-9849323.8437, 6115799.369999997], [-9849325.0115, 6115793.0766], [-9849329.3641, 6115768.994999997], [-9849330.4789, 6115762.979599997], [-9849332.7083, 6115750.949000001], [-9849333.823, 6115744.933600001], [-9849343.2715, 6115694.964400001], [-9849346.6154, 6115677.335199997], [-9849352.2953, 6115647.973200001], [-9849355.7986, 6115630.364], [-9849374.8548, 6115534.616099998], [-9849378.0927, 6115518.893200003], [-9849384.5686, 6115487.467100002], [-9849387.9127, 6115471.7641], [-9849401.3954, 6115409.011799999], [-9849404.8456, 6115393.328900002], [-9849408.1899, 6115378.0825999975], [-9849411.2155, 6115362.935599998], [-9849430.3247, 6115267.210500002], [-9849432.6603, 6115255.6171], [-9849437.3845, 6115232.430500001], [-9849439.8262, 6115220.8571000025], [-9849449.5931, 6115174.563299999], [-9849452.0349, 6115162.990000002], [-9849457.0776, 6115139.863200001], [-9849459.6256, 6115128.309699997], [-9849480.115, 6115035.942000002], [-9849482.7159, 6115024.388800003], [-9849487.971, 6115001.321800001], [-9849490.678, 6114989.8081], [-9849501.4006, 6114943.734099999], [-9849504.1607, 6114932.2205], [-9849509.6812, 6114909.213600002], [-9849512.4414, 6114897.719999999], [-9849535.001, 6114805.811300002], [-9849537.8142, 6114794.3376], [-9849543.6001, 6114771.390500002], [-9849546.5196, 6114759.9169000015], [-9849558.2506, 6114714.101999998], [-9849561.2232, 6114702.648400001], [-9849567.2744, 6114679.7808], [-9849570.3001, 6114668.347199999], [-9849594.8235, 6114576.957000002], [-9849597.9023, 6114565.543399997], [-9849604.1658, 6114542.735699996], [-9849607.3508, 6114531.341799997], [-9849620.0902, 6114485.766500004], [-9849623.3282, 6114474.392499998], [-9849629.8041, 6114451.644699998], [-9849633.0953, 6114440.2907000035], [-9849659.6358, 6114349.458800003], [-9849662.9799, 6114338.124700002], [-9849669.7213, 6114315.456699997], [-9849673.1184, 6114304.122599997], [-9849686.8665, 6114258.8662], [-9849690.3168, 6114247.552100003], [-9849697.3235, 6114224.963600002], [-9849700.88, 6114213.669399999], [-9849729.3315, 6114123.4551], [-9849732.9412, 6114112.181000002], [-9849740.1601, 6114089.672200002], [-9849743.8227, 6114078.417999998], [-9849758.5794, 6114033.4802], [-9849762.2949, 6114022.245899998], [-9849769.7794, 6113999.796999998], [-9849773.5483, 6113988.6022000015], [-9849804.9193, 6113896.2667], [-9849810.599, 6113879.653499998], [-9849820.1535, 6113852.024599999], [-9849824.9839, 6113838.210199997], [-9849826.8949, 6113832.692299999], [-9849843.4032, 6113785.870300002], [-9849849.136, 6113769.693899997], [-9849858.6906, 6113742.879100002], [-9849864.158, 6113727.7151999995], [-9849867.3959, 6113718.922499999], [-9849871.7486, 6113706.973999999], [-9849873.978, 6113700.999799997], [-9849882.4179, 6113678.115000002], [-9849884.5411, 6113672.379000001], [-9849888.8407, 6113660.946500003], [-9849890.964, 6113655.2304000035], [-9849907.8438, 6113610.473399997], [-9849909.914, 6113604.8961], [-9849914.1604, 6113593.7217999995], [-9849916.2838, 6113588.124799997], [-9849924.8298, 6113565.7962], [-9849927.0061, 6113560.218999997], [-9849931.3058, 6113549.084399998], [-9849933.4821, 6113543.507200003], [-9849967.7727, 6113455.344300002], [-9849972.0723, 6113444.348999999], [-9849980.7776, 6113422.357900001], [-9849985.1302, 6113411.362599999], [-9850002.7532, 6113367.4802], [-9850007.212, 6113356.524599999], [-9850016.1296, 6113334.633100003], [-9850020.6415, 6113323.697300002], [-9850056.8431, 6113236.310800001], [-9850061.408, 6113225.395000003], [-9850070.5379, 6113203.603], [-9850075.1561, 6113192.726999998], [-9850093.7344, 6113149.242700003], [-9850097.2379, 6113141.145300001], [-9850101.3251, 6113130.308899999], [-9850103.4483, 6113124.712200001], [-9850107.6948, 6113113.538599998], [-9850109.8182, 6113107.9617], [-9850118.3642, 6113085.634199999], [-9850120.4875, 6113080.0572], [-9850124.7869, 6113068.903499998], [-9850126.9633, 6113063.3266], [-9850161.2538, 6112975.188600004], [-9850165.5534, 6112964.173799999], [-9850174.2588, 6112942.184199996], [-9850178.6115, 6112931.209200002], [-9850196.2343, 6112887.3094], [-9850200.6932, 6112876.354500003], [-9850209.6109, 6112854.464299999], [-9850214.1228, 6112843.529100001], [-9850250.3243, 6112756.1674000025], [-9850254.8892, 6112745.2522], [-9850264.0192, 6112723.4614999965], [-9850268.6372, 6112712.566200003], [-9850287.2157, 6112669.084200002], [-9850291.8869, 6112658.2289], [-9850301.3354, 6112636.5375000015], [-9850306.0595, 6112625.701800004], [-9850344.1188, 6112539.136], [-9850348.9492, 6112528.340300001], [-9850358.5569, 6112506.748599999], [-9850363.4403, 6112495.9526999965], [-9850382.9213, 6112452.888700001], [-9850387.8579, 6112442.132700004], [-9850397.731, 6112420.6603000015], [-9850402.6675, 6112409.924199998], [-9850442.6376, 6112324.2337], [-9850447.6804, 6112313.537299998], [-9850457.7659, 6112292.1646], [-9850462.8616, 6112281.488200001], [-9850483.298, 6112238.842], [-9850488.4469, 6112228.205200002], [-9850498.7977, 6112206.951700002], [-9850503.9996, 6112196.3347999975], [-9850545.7747, 6112111.519699998], [-9850551.4012, 6112103.720799997], [-9850562.2828, 6112080.542800002], [-9850567.5911, 6112069.926100001], [-9850588.8766, 6112027.677699998], [-9850595.3525, 6112014.600599997], [-9850608.3574, 6111988.485799998], [-9850614.9926, 6111975.547399998], [-9850641.4801, 6111925.9772000015], [-9850656.6083, 6111897.580600001], [-9850662.5535, 6111886.8649], [-9850672.6919, 6111865.235200003], [-9850678.1594, 6111854.936300002], [-9850700.5066, 6111813.304200001], [-9850705.4431, 6111804.136399999], [-9850715.3693, 6111785.820699997], [-9850720.3058, 6111776.6928], [-9850737.4512, 6111745.459100001], [-9850755.1803, 6111712.717299998], [-9850760.6477, 6111702.696500003], [-9850771.6354, 6111682.674599998], [-9850777.1559, 6111672.673500001], [-9850788.5152, 6111652.215000004], [-9850791.3817, 6111647.115400001], [-9850797.0613, 6111636.895999998], [-9850799.9278, 6111631.7962], [-9850822.8589, 6111590.9987], [-9850825.6722, 6111586.018100001], [-9850831.3519, 6111576.0370000005], [-9850834.1652, 6111571.056500003], [-9850845.5246, 6111551.134099998], [-9850848.2317, 6111546.351800002], [-9850854.973, 6111534.644400001], [-9850859.5912, 6111526.588200003], [-9850865.9608, 6111515.654700004], [-9850869.1457, 6111510.178000003], [-9850881.4074, 6111489.164399996], [-9850884.4863, 6111483.906099997], [-9850890.6437, 6111473.4092999995], [-9850893.7224, 6111468.170699999], [-9850918.0336, 6111427.096000001], [-9850921.1123, 6111421.956699997], [-9850927.2167, 6111411.698200002], [-9850930.2422, 6111406.578699999], [-9850942.5041, 6111386.1010000035], [-9850945.5827, 6111380.9815], [-9850951.7402, 6111370.762599997], [-9850954.8188, 6111365.663099997], [-9851003.866, 6111284.824600004], [-9851010.0235, 6111274.744800001], [-9851022.3915, 6111254.604800001], [-9851028.6019, 6111244.544799998], [-9851053.5502, 6111204.403700002], [-9851059.8138, 6111194.383500002], [-9851072.3938, 6111174.382399999], [-9851078.7106, 6111164.401900001], [-9851129.4563, 6111084.6765], [-9851135.8261, 6111074.715899996], [-9851148.6187, 6111054.854000002], [-9851155.0414, 6111044.953100003], [-9851180.8391, 6111005.368500002], [-9851187.3681, 6110995.487300001], [-9851200.3729, 6110975.764799997], [-9851206.9019, 6110965.923299998], [-9851259.3462, 6110887.310800001], [-9851265.9813, 6110877.509099998], [-9851279.1985, 6110857.9256], [-9851285.8338, 6110848.163599998], [-9851312.4805, 6110809.155599996], [-9851319.1689, 6110799.413400002], [-9851332.5983, 6110779.968999997], [-9851339.3927, 6110770.2863000035], [-9851393.5357, 6110692.846299998], [-9851400.3301, 6110683.183700003], [-9851413.9719, 6110663.8983], [-9851420.8194, 6110654.275399998], [-9851448.3686, 6110615.863600001], [-9851455.2691, 6110606.280500002], [-9851469.1235, 6110587.133900002], [-9851476.077, 6110577.590599999], [-9851531.9186, 6110501.3627], [-9851538.9253, 6110491.858999997], [-9851552.9917, 6110472.871399999], [-9851560.0515, 6110463.4076000005], [-9851588.344, 6110425.591600001], [-9851595.4568, 6110416.1674000025], [-9851609.7358, 6110397.339000002], [-9851616.9017, 6110387.954400003], [-9851674.3887, 6110312.9580999985], [-9851681.6077, 6110303.613499999], [-9851696.099, 6110284.943999998], [-9851703.3181, 6110275.619099997], [-9851732.5126, 6110238.4388], [-9851739.7848, 6110229.173500001], [-9851754.4884, 6110210.6630000025], [-9851761.8666, 6110201.4174000025], [-9851820.9461, 6110127.7126], [-9851824.6087, 6110123.149300002], [-9851831.9339, 6110114.043099999], [-9851835.6497, 6110109.499799997], [-9851850.353, 6110091.306599997], [-9851854.0689, 6110086.763300002], [-9851861.4471, 6110077.696699999], [-9851865.1628, 6110073.153499998], [-9851894.8352, 6110036.946000002], [-9851898.8163, 6110032.145000003], [-9851906.7255, 6110022.542599998], [-9851910.6534, 6110017.761299998], [-9851926.4717, 6109998.715499997], [-9851930.3997, 6109993.953900002], [-9851939.2642, 6109983.339900002], [-9851943.0861, 6109978.776799999], [-9851952.4815, 6109967.607299998], [-9851965.7518, 6109951.874600001], [-9851974.988, 6109940.903300002], [-9851999.1401, 6109912.414300002], [-9852002.9087, 6109907.990000002], [-9852010.3933, 6109899.2211000025], [-9852014.1089, 6109894.8565], [-9852029.0248, 6109877.4575999975], [-9852032.7404, 6109873.112800002], [-9852040.2249, 6109864.443099998], [-9852043.9406, 6109860.0983000025], [-9852073.9315, 6109825.479199998], [-9852077.6472, 6109821.154299997], [-9852085.1848, 6109812.524300002], [-9852088.9535, 6109808.2190999985], [-9852104.0285, 6109790.979000002], [-9852107.7974, 6109786.674099997], [-9852115.3879, 6109778.083800003], [-9852119.1568, 6109773.7786], [-9852179.8286, 6109705.175899997], [-9852187.4192, 6109696.625500001], [-9852202.6535, 6109679.544299997], [-9852210.3504, 6109671.033500001], [-9852241.0313, 6109637.049900003], [-9852248.7282, 6109628.5788], [-9852264.1748, 6109611.676399998], [-9852271.8715, 6109603.244999997], [-9852333.9766, 6109535.9331], [-9852341.7796, 6109527.5414], [-9852357.3855, 6109510.797799997], [-9852365.2415, 6109502.446000002], [-9852396.6125, 6109469.117700003], [-9852404.4686, 6109460.805500001], [-9852420.2868, 6109444.240699999], [-9852428.1959, 6109435.968099996], [-9852491.6811, 6109370.006499998], [-9852499.6434, 6109361.773699999], [-9852515.6208, 6109345.367600001], [-9852523.636, 6109337.174699999], [-9852555.6972, 6109304.541299999], [-9852563.7655, 6109296.387999997], [-9852579.9022, 6109280.160599999], [-9852587.9706, 6109272.0471], [-9852652.8358, 6109207.455600001], [-9852661.0105, 6109199.3816], [-9852677.3064, 6109183.332900003], [-9852685.4808, 6109175.318499997], [-9852718.2319, 6109143.3605], [-9852726.4597, 6109135.385799997], [-9852742.9149, 6109119.495999999], [-9852751.1955, 6109111.560999997], [-9852817.3878, 6109048.339400001], [-9852825.7217, 6109040.464100003], [-9852842.336, 6109024.752999999], [-9852850.6698, 6109016.9174000025], [-9852884.111, 6108985.653999999], [-9852892.4978, 6108977.858099997], [-9852909.3246, 6108962.325499997], [-9852917.7115, 6108954.569200002], [-9852985.284, 6108892.7771999985], [-9852993.7239, 6108885.080499999], [-9853010.7098, 6108869.706799999], [-9853019.2029, 6108862.049900003], [-9853053.281, 6108831.520999998], [-9853061.827, 6108823.903700002], [-9853078.9724, 6108808.728699997], [-9853087.5184, 6108801.151100002], [-9853156.3649, 6108740.8081], [-9853160.6113, 6108737.059], [-9853169.2105, 6108729.600599997], [-9853173.457, 6108725.871100001], [-9853190.6023, 6108710.993799999], [-9853194.9019, 6108707.264600001], [-9853203.501, 6108699.845799997], [-9853207.8006, 6108696.156099997], [-9853242.2503, 6108666.560099997], [-9853246.4969, 6108662.930100001], [-9853255.043, 6108655.670000002], [-9853259.2894, 6108652.039999999], [-9853276.3286, 6108637.5594], [-9853280.4688, 6108634.0682], [-9853288.6965, 6108627.066200003], [-9853292.5715, 6108623.813000001], [-9853297.3488, 6108619.825800002], [-9853306.2664, 6108612.3276999965], [-9853310.7783, 6108608.598499998], [-9853328.189, 6108594.0983000025], [-9853332.5417, 6108590.468099996], [-9853342.5741, 6108582.216499999], [-9853347.0859, 6108577.653999999], [-9853351.8101, 6108572.575900003], [-9853370.7071, 6108552.224200003], [-9853375.4312, 6108547.1461], [-9853384.9328, 6108537.009900004], [-9853389.6571, 6108531.9516], [-9853427.7694, 6108491.525899999], [-9853432.5468, 6108486.487499997], [-9853442.1013, 6108476.4108000025], [-9853446.8787, 6108471.372599997], [-9853466.0411, 6108451.298699997], [-9853471.243, 6108445.9032000005], [-9853477.8251, 6108439.039899997], [-9853512.7526, 6108402.304200001], [-9853519.8655, 6108394.885700002], [-9853534.5689, 6108379.552599996], [-9853541.9473, 6108371.8961], [-9853571.5666, 6108341.368900001], [-9853578.998, 6108333.752099998], [-9853593.8608, 6108318.5581], [-9853601.3453, 6108310.980899997], [-9853661.1679, 6108250.502499998], [-9853668.6523, 6108242.945200004], [-9853683.6743, 6108227.909999996], [-9853691.2118, 6108220.392300002], [-9853721.4151, 6108190.4608], [-9853729.0056, 6108182.983000003], [-9853744.187, 6108168.0867], [-9853751.7775, 6108160.668399997], [-9853788.2975, 6108125.163400002], [-9853795.3573, 6108118.3401999995], [-9853809.4769, 6108104.733199999], [-9853816.5367, 6108097.949699998], [-9853844.8821, 6108070.874899998], [-9853851.995, 6108064.111100003], [-9853866.2738, 6108050.643399999], [-9853893.9822, 6108024.877599999], [-9853937.8805, 6107984.712099999], [-9853967.9776, 6107956.308799997], [-9853985.4413, 6107939.984700002], [-9853999.8263, 6107926.6559000015], [-9854027.9595, 6107901.148500003], [-9854073.4501, 6107860.547200002], [-9854119.5777, 6107818.121399999], [-9854140.7572, 6107798.881999999], [-9854156.363, 6107784.918499999], [-9854211.4083, 6107732.218900003], [-9854218.8929, 6107725.0986], [-9854233.8617, 6107710.857500002], [-9854241.3992, 6107703.756899998], [-9854271.5493, 6107675.433799997], [-9854279.0869, 6107668.3728], [-9854294.2151, 6107654.270900004], [-9854301.8058, 6107647.249600001], [-9854362.5839, 6107591.178999998], [-9854370.1744, 6107584.1976], [-9854375.9603, 6107578.882100001], [-9854380.8438, 6107574.260799997], [-9854402.6602, 6107553.712800004], [-9854413.648, 6107543.478600003], [-9854501.4975, 6107461.9026999995], [-9854512.4853, 6107451.747900002], [-9854534.6202, 6107431.497900002], [-9854545.7142, 6107421.422600001], [-9854590.1964, 6107381.2399], [-9854601.3434, 6107371.243900001], [-9854623.7436, 6107351.311399996], [-9854634.9439, 6107341.374799997], [-9854705.9135, 6107279.098499998], [-9854710.3192, 6107275.231200002], [-9854719.1308, 6107267.535899997], [-9854723.5364, 6107263.688199997], [-9854741.2125, 6107248.317599997], [-9854745.6714, 6107244.489699997], [-9854754.5359, 6107236.834200002], [-9854759.5787, 6107232.490900002], [-9854769.2395, 6107223.228699997], [-9854804.0077, 6107190.087800004], [-9854821.5245, 6107173.626400001], [-9854892.335, 6107107.6625000015], [-9854901.1996, 6107099.4318], [-9854918.9817, 6107083.050099999], [-9854927.8995, 6107074.878899999], [-9854963.6762, 6107042.293899998], [-9854972.6469, 6107034.1625000015], [-9854990.5884, 6107017.979099996], [-9854999.6122, 6107009.907200001], [-9855092.9291, 6106926.789499998], [-9855098.768, 6106921.633100003], [-9855110.3928, 6106911.3401999995], [-9855116.2318, 6106906.203500003], [-9855139.5344, 6106885.696999997], [-9855145.4264, 6106880.580300003], [-9855157.1044, 6106870.386500001], [-9855162.9964, 6106865.2896], [-9855209.9733, 6106824.633699998], [-9855215.7591, 6106819.6162], [-9855227.4371, 6106809.6008], [-9855233.2759, 6106804.603299998], [-9855256.6318, 6106784.6721], [-9855262.3645, 6106779.813100003], [-9855273.777, 6106770.1153], [-9855279.2444, 6106765.494599998], [-9855284.9771, 6106760.714900002], [-9855295.8588, 6106751.612199999], [-9855301.3263, 6106747.070600003], [-9855322.6647, 6106729.380500004], [-9855327.973, 6106724.9580999985], [-9855338.6953, 6106716.152800001], [-9855344.0035, 6106711.750100002], [-9855386.0969, 6106677.302199997], [-9855448.0428, 6106620.444700003], [-9855456.7481, 6106612.472499996], [-9855474.265, 6106596.626800001], [-9855483.0233, 6106588.7141999975], [-9855518.1102, 6106557.181999996], [-9855526.9216, 6106549.3288], [-9855544.5977, 6106533.6620000005], [-9855553.4091, 6106525.8483000025], [-9855624.3257, 6106463.578000002], [-9855628.7316, 6106459.710699998], [-9855637.5961, 6106452.016199999], [-9855642.0019, 6106448.169100001], [-9855659.6778, 6106432.799800001], [-9855664.0837, 6106428.972400002], [-9855672.9482, 6106421.317599997], [-9855677.407, 6106417.490099996], [-9855712.9184, 6106386.969899997], [-9855717.3241, 6106383.202100001], [-9855726.0825, 6106375.7258], [-9855730.4883, 6106371.9777000025], [-9855748.0582, 6106357.0251], [-9855752.3048, 6106353.415899999], [-9855760.8508, 6106346.197300002], [-9855764.8849, 6106342.826099999], [-9855769.3438, 6106339.058200002], [-9855777.7838, 6106331.978600003], [-9855782.0302, 6106328.468500003], [-9855798.3792, 6106314.824699998], [-9855802.5195, 6106311.413800001], [-9855810.6941, 6106304.611900002], [-9855814.8344, 6106301.220700003], [-9855847.1609, 6106274.548199996], [-9855851.2482, 6106271.216700003], [-9855859.3165, 6106264.573299997], [-9855863.4038, 6106261.261600003], [-9855879.6468, 6106247.994599998], [-9855883.6809, 6106244.682999998], [-9855891.8554, 6106238.079400003], [-9855895.9427, 6106234.7875000015], [-9855960.5956, 6106182.513800003], [-9855968.717, 6106176.009300001], [-9855984.9599, 6106163.020400003], [-9855993.0815, 6106156.535599999], [-9856025.6732, 6106130.716300003], [-9856033.8478, 6106124.291299999], [-9856050.1968, 6106111.461000003], [-9856058.3713, 6106105.055699997], [-9856124.0329, 6106054.052000001], [-9856132.2604, 6106047.686399996], [-9856148.7688, 6106035.014799997], [-9856156.9963, 6106028.708800003], [-9856190.1192, 6106003.524400003], [-9856198.3998, 6105997.238200001], [-9856214.9611, 6105984.725299999], [-9856223.2948, 6105978.478799999], [-9856289.9119, 6105928.744800001], [-9856298.2987, 6105922.557899997], [-9856315.0193, 6105910.203900002], [-9856323.3531, 6105904.036700003], [-9856356.9534, 6105879.506999999], [-9856365.3404, 6105873.379699998], [-9856382.1671, 6105861.184299998], [-9856390.6072, 6105855.116300002], [-9856458.1796, 6105806.671999998], [-9856466.6195, 6105800.643799998], [-9856470.0697, 6105798.204800002], [-9856471.9808, 6105796.6184], [-9856476.758, 6105792.652500004], [-9856495.2833, 6105777.2250000015], [-9856499.9014, 6105773.377899997], [-9856509.2437, 6105765.7038], [-9856513.8618, 6105761.857000001], [-9856550.594, 6105731.676299997], [-9856555.212, 6105727.9086000025], [-9856564.3951, 6105720.393200003], [-9856569.0133, 6105716.625699997], [-9856587.4325, 6105701.634499997], [-9856592.0505, 6105697.9065999985], [-9856601.2867, 6105690.4309], [-9856605.9048, 6105686.703000002], [-9856679.4754, 6105627.591499999], [-9856688.7116, 6105620.2148], [-9856707.1839, 6105605.541199997], [-9856716.4199, 6105598.224200003], [-9856753.5237, 6105569.075300001], [-9856762.813, 6105561.817699999], [-9856781.4444, 6105547.322499998], [-9856790.7868, 6105540.124499999], [-9856793.0162, 6105538.399400003], [-9856802.73, 6105530.329000004], [-9856834.7381, 6105503.896899998], [-9856845.4075, 6105495.112499997], [-9856863.2428, 6105480.538199998], [-9856873.9121, 6105471.793700002], [-9856934.1593, 6105422.895499997], [-9856944.8286, 6105414.2897000015], [-9856962.5578, 6105399.993299998], [-9856973.2272, 6105391.427100003], [-9857005.3414, 6105365.828199998], [-9857016.0638, 6105357.321699999], [-9857033.9521, 6105343.163999997], [-9857044.6746, 6105334.697099999], [-9857081.6192, 6105305.727399997], [-9857089.1036, 6105299.877999999], [-9857104.1256, 6105288.199100003], [-9857111.6631, 6105282.369499996], [-9857141.8133, 6105259.150300004], [-9857149.4039, 6105253.360299997], [-9857164.479, 6105241.820200004], [-9857172.0696, 6105236.07], [-9857232.7946, 6105190.1472999975], [-9857240.3853, 6105184.436800003], [-9857255.6196, 6105173.015699998], [-9857263.2632, 6105167.344700001], [-9857293.785, 6105144.641400002], [-9857301.4287, 6105138.990400001], [-9857316.7691, 6105127.728], [-9857324.466, 6105122.096900001], [-9857447.4553, 6105032.454000004], [-9857462.8488, 6105021.310699999], [-9857493.7952, 6104999.162900001], [-9857509.348, 6104988.158399999], [-9857571.6124, 6104944.418300003], [-9857587.2183, 6104933.5528], [-9857618.5363, 6104911.9604], [-9857634.2483, 6104901.233599998], [-9857751.664, 6104821.843900003], [-9857770.4018, 6104807.944799997], [-9857783.7783, 6104798.1303], [-9857810.5843, 6104778.600299999], [-9857824.0138, 6104768.884900004], [-9857877.8914, 6104730.241400003], [-9857891.374, 6104720.625299998], [-9857918.4986, 6104701.511799999], [-9857932.0873, 6104692.0145], [-9858040.957, 6104616.3939], [-9858047.8044, 6104611.695], [-9858061.4464, 6104602.277099997], [-9858068.294, 6104597.597900003], [-9858095.6838, 6104578.901100002], [-9858102.5313, 6104574.241899997], [-9858116.2263, 6104564.943099998], [-9858123.1268, 6104560.303599998], [-9858178.1722, 6104523.346299998], [-9858185.0196, 6104518.7267], [-9858198.8207, 6104509.546899997], [-9858205.7213, 6104504.9668999985], [-9858233.3766, 6104486.686700001], [-9858240.3303, 6104482.126400001], [-9858254.1845, 6104473.0458], [-9858261.1381, 6104468.5254999995], [-9858289.3775, 6104450.165899999], [-9858295.2695, 6104446.359200001], [-9858307.0535, 6104438.765600003], [-9858312.9455, 6104434.958899997], [-9858336.5666, 6104419.851099998], [-9858342.4586, 6104416.083999999], [-9858354.2959, 6104408.549900003], [-9858360.1878, 6104404.802699998], [-9858407.5894, 6104374.864799999], [-9858413.5346, 6104371.137400001], [-9858425.4248, 6104363.702500001], [-9858431.3699, 6104359.9750000015], [-9858455.1503, 6104345.1647000015], [-9858461.0952, 6104341.4771], [-9858473.0386, 6104334.101800002], [-9858479.0368, 6104330.433799997], [-9858574.5831, 6104271.807499997], [-9858580.5282, 6104268.179099999], [-9858592.4715, 6104260.922799997], [-9858598.4167, 6104257.294699997], [-9858622.3032, 6104242.861199997], [-9858628.2482, 6104239.272699997], [-9858640.1915, 6104232.0956000015], [-9858646.1898, 6104228.507100001], [-9858694.1222, 6104199.9575999975], [-9858700.0673, 6104196.428499997], [-9858711.9575, 6104189.4102], [-9858717.9026, 6104185.900899999], [-9858741.736, 6104171.903700002], [-9858747.575, 6104168.493699998], [-9858759.2528, 6104161.673500001], [-9858764.8796, 6104158.4021999985], [-9858770.453, 6104155.2102999985], [-9858781.0692, 6104149.103799999], [-9858786.3774, 6104146.050700001], [-9858804.8497, 6104135.483499996], [-9858865.6809, 6104090.914999999], [-9858870.5112, 6104087.386], [-9858880.1719, 6104080.3478000015], [-9858885.0024, 6104076.818800002], [-9858904.3771, 6104062.802000001], [-9858909.2605, 6104059.2929000035], [-9858918.9214, 6104052.314400002], [-9858923.8049, 6104048.8248], [-9858962.7134, 6104020.969800003], [-9858967.5438, 6104017.500399999], [-9858977.3108, 6104010.561399996], [-9858982.1943, 6104007.092], [-9859001.6751, 6103993.293300003], [-9859006.5584, 6103989.843699999], [-9859016.3787, 6103982.9641999975], [-9859021.3152, 6103979.494900003], [-9859064.311, 6103949.419399999], [-9859074.4495, 6103942.341700003], [-9859089.7369, 6103931.715300001], [-9859099.9285, 6103924.657499999], [-9859125.4606, 6103907.012800001], [-9859135.7053, 6103899.9749], [-9859151.0458, 6103889.447700001], [-9859161.2374, 6103882.449199997], [-9859195.1032, 6103859.332900003], [-9859199.2967, 6103856.458300002], [-9859207.6305, 6103850.808200002], [-9859211.8239, 6103847.972999997], [-9859228.5444, 6103836.692599997], [-9859232.6848, 6103833.877300002], [-9859241.0717, 6103828.266800001], [-9859245.265, 6103825.451700002], [-9859278.7593, 6103803.0493], [-9859282.9528, 6103800.253799997], [-9859291.3396, 6103794.6633], [-9859295.533, 6103791.887699999], [-9859312.3068, 6103780.765699998], [-9859316.5001, 6103777.9903], [-9859324.9401, 6103772.439300001], [-9859329.1335, 6103769.663900003], [-9859396.5466, 6103725.493699998], [-9859409.1801, 6103717.266400002], [-9859434.4998, 6103700.9108000025], [-9859447.1863, 6103692.782499999], [-9859498.8874, 6103659.952600002], [-9859509.5567, 6103652.8554000035], [-9859519.0584, 6103646.550999999], [-9859538.1145, 6103634.001999997], [-9859547.6691, 6103627.757299997], [-9859585.8877, 6103602.8772], [-9859595.4422, 6103596.692100003], [-9859614.6577, 6103584.341200002], [-9859624.2654, 6103578.195500001], [-9859701.2332, 6103529.248800002], [-9859710.8409, 6103523.1625000015], [-9859730.1624, 6103511.0101], [-9859739.8232, 6103504.983599998], [-9859778.5727, 6103480.916699998], [-9859788.2866, 6103474.909999996], [-9859807.7143, 6103462.9758], [-9859817.4281, 6103457.048199996], [-9859859.9993, 6103431.217100002], [-9859913.5052, 6103379.951700002], [-9859921.9983, 6103371.803900003], [-9859939.1435, 6103355.568099998], [-9859947.7427, 6103347.479800001], [-9859982.1393, 6103315.206299998], [-9859990.7916, 6103307.157700002], [-9860008.043, 6103291.120200001], [-9860016.7483, 6103283.111299999], [-9860086.2848, 6103219.3182], [-9860094.9901, 6103211.368600003], [-9860112.4539, 6103195.509800002], [-9860121.2123, 6103187.619900003], [-9860156.2989, 6103156.100199997], [-9860165.1105, 6103148.250100002], [-9860182.7335, 6103132.589500003], [-9860191.5981, 6103124.7788999975], [-9860262.4616, 6103062.513400003], [-9860266.8673, 6103058.667599998], [-9860275.6788, 6103050.956200004], [-9860280.1376, 6103047.110699996], [-9860297.8137, 6103031.7673999965], [-9860302.2195, 6103027.941500001], [-9860311.084, 6103020.2698], [-9860315.4898, 6103016.463600002], [-9860351.0011, 6102985.935800001], [-9860355.4069, 6102982.189099997], [-9860364.1653, 6102974.696099997], [-9860368.571, 6102970.969400004], [-9860386.141, 6102956.022500001], [-9860390.3874, 6102952.414800003], [-9860398.9335, 6102945.199299999], [-9860402.9677, 6102941.8094], [-9860408.435, 6102937.2104], [-9860453.8196, 6102897.841799997], [-9860460.3485, 6102892.172399998], [-9860473.4597, 6102880.873300001], [-9860480.0417, 6102875.223700002], [-9860506.3701, 6102852.724600002], [-9860512.846, 6102847.2139], [-9860525.7978, 6102836.251800001], [-9860533.176, 6102830.027500004], [-9860539.4927, 6102824.734700002], [-9860549.1535, 6102816.6272], [-9860554.9394, 6102811.810199998], [-9860571.7131, 6102797.835199997], [-9860577.2866, 6102793.196699999], [-9860586.5758, 6102785.4855], [-9860592.2023, 6102780.847000003], [-9860623.3612, 6102755.116999999], [-9860628.8816, 6102750.597499996], [-9860638.0646, 6102743.045199998], [-9860643.5851, 6102738.5254999995], [-9860660.0935, 6102724.986599997], [-9860665.6139, 6102720.4868], [-9860674.8501, 6102712.973999999], [-9860680.3705, 6102708.474200003], [-9860708.6098, 6102687.422700003], [-9860712.4846, 6102684.072800003], [-9860720.3937, 6102677.729500003], [-9860724.2687, 6102674.439000003], [-9860739.9275, 6102661.296599999], [-9860743.8558, 6102658.006099999], [-9860750.2785, 6102652.634300001], [-9860755.6397, 6102648.332900003], [-9860787.2762, 6102622.8411], [-9860791.2573, 6102619.6696000025], [-9860799.1663, 6102613.286700003], [-9860803.2005, 6102610.2141999975], [-9860819.2311, 6102598.003700003], [-9860823.2652, 6102594.951099999], [-9860831.2805, 6102588.845700003], [-9860835.3147, 6102585.793099999], [-9860899.4899, 6102536.4553999975], [-9860907.5052, 6102530.3303999975], [-9860924.1197, 6102518.655199997], [-9860931.1264, 6102510.349799998], [-9860963.3468, 6102485.710900001], [-9860971.4151, 6102479.566100001], [-9860987.5518, 6102467.315899998], [-9860995.6733, 6102461.210699998], [-9861060.5385, 6102412.508199997], [-9861068.713, 6102406.442699999], [-9861084.9559, 6102394.351199999], [-9861093.1305, 6102388.325499997], [-9861125.7754, 6102364.2815999985], [-9861133.9499, 6102358.295299999], [-9861150.3521, 6102346.3429000005], [-9861158.5797, 6102340.396300003], [-9861224.3473, 6102292.943300001], [-9861228.4877, 6102289.969999999], [-9861236.7153, 6102284.063000001], [-9861240.8556, 6102281.109700002], [-9861257.364, 6102269.315800004], [-9861261.4512, 6102266.382200003], [-9861269.7319, 6102260.515100002], [-9861273.8721, 6102257.581299998], [-9861306.995, 6102234.1523], [-9861311.1353, 6102231.238499999], [-9861319.4159, 6102225.3913], [-9861323.5562, 6102222.477499999], [-9861341.7632, 6102209.7522], [-9861349.6193, 6102204.122900002], [-9861377.7522, 6102183.865400001], [-9861384.8121, 6102178.810800001], [-9861398.9317, 6102168.741700001], [-9861405.9916, 6102163.7070999965], [-9861519.3201, 6102083.569600001], [-9861526.4328, 6102078.5748], [-9861540.6587, 6102068.604699999], [-9861547.7715, 6102063.629600003], [-9861576.2231, 6102043.828299999], [-9861583.3891, 6102038.892800003], [-9861597.6681, 6102029.0418], [-9861604.8339, 6102024.1263], [-9861662.1087, 6101984.959899999], [-9861669.2747, 6101980.084100001], [-9861683.6597, 6101970.3521], [-9861690.8256, 6101965.495800003], [-9861719.6488, 6101946.1504999995], [-9861726.8677, 6101941.3342999965], [-9861741.3059, 6101931.701300003], [-9861748.525, 6101926.9243], [-9861773.2608, 6101910.592100002], [-9861780.8515, 6101905.220700003], [-9861785.6819, 6101901.8116], [-9861795.3957, 6101894.993299998], [-9861800.2261, 6101891.583999999], [-9861819.6538, 6101878.026600003], [-9861824.4843, 6101874.637199998], [-9861834.1982, 6101867.8785], [-9861835.3129, 6101867.125200003], [-9861837.0645, 6101865.618900001], [-9861859.3055, 6101846.650600001], [-9861864.7729, 6101842.032399997], [-9861875.6547, 6101832.815899998], [-9861880.8035, 6101828.435400002], [-9861885.8463, 6101824.233599998], [-9861895.3478, 6101816.265600003], [-9861900.125, 6101812.3015], [-9861918.6505, 6101796.881200001], [-9861923.3217, 6101793.035999998], [-9861932.6109, 6101785.365500003], [-9861937.2289, 6101781.520300001], [-9861973.9611, 6101751.353699997], [-9861978.5261, 6101747.587700002], [-9861987.7623, 6101740.075900003], [-9861992.3273, 6101736.329700001], [-9862010.7996, 6101721.3456000015], [-9862015.4176, 6101717.5995000005], [-9862024.6538, 6101710.1272], [-9862029.2718, 6101706.401100002], [-9862102.7894, 6101647.3169], [-9862111.9724, 6101639.943899997], [-9862130.4447, 6101625.277099997], [-9862139.6809, 6101617.963399999], [-9862176.7847, 6101588.8279], [-9862186.0739, 6101581.573899999], [-9862204.7055, 6101567.1052], [-9862214.0479, 6101559.890699998], [-9862288.7862, 6101502.413199998], [-9862298.1816, 6101495.258000001], [-9862316.9724, 6101480.987800002], [-9862326.3678, 6101473.892300002], [-9862364.0554, 6101445.570100002], [-9862373.504, 6101438.5141], [-9862392.4539, 6101424.442299999], [-9862401.9025, 6101417.446000002], [-9862477.9149, 6101361.634000003], [-9862489.5395, 6101353.151299998], [-9862512.8954, 6101336.265100002], [-9862524.5732, 6101327.861599997], [-9862571.391, 6101294.426399998], [-9862583.1219, 6101286.102300003], [-9862606.6901, 6101269.533299997], [-9862618.474, 6101261.2885000035], [-9862713.0118, 6101195.6472999975], [-9862724.849, 6101187.482000001], [-9862748.6293, 6101171.2302], [-9862760.5196, 6101163.144100003], [-9862767.3139, 6101158.486500002], [-9862770.4989, 6101155.810999997], [-9862785.1493, 6101143.404299997], [-9862794.9692, 6101135.100299999], [-9862800.3836, 6101130.561700001], [-9862811.0529, 6101121.623400003], [-9862816.4672, 6101117.124399997], [-9862834.9925, 6101101.725100003], [-9862839.6636, 6101097.880099997], [-9862848.953, 6101090.190499999], [-9862853.571, 6101086.365500003], [-9862890.3032, 6101056.181299999], [-9862894.8683, 6101052.415899999], [-9862904.0513, 6101044.904600002], [-9862908.6693, 6101041.158699997], [-9862927.1416, 6101026.175899997], [-9862931.7066, 6101022.430100001], [-9862940.9428, 6101014.958499998], [-9862945.6139, 6101011.2324], [-9863019.0785, 6100952.1532000005], [-9863028.3145, 6100944.800499998], [-9863046.7868, 6100930.1149], [-9863056.023, 6100922.821800001], [-9863093.1269, 6100893.668700002], [-9863102.4161, 6100886.415299997], [-9863120.9945, 6100871.947999999], [-9863130.3368, 6100864.734099999], [-9863205.1283, 6100807.2808], [-9863214.4706, 6100800.1065], [-9863233.2613, 6100785.857299998], [-9863242.6567, 6100778.742600001], [-9863280.3444, 6100750.422600001], [-9863289.7929, 6100743.367200002], [-9863308.743, 6100729.316299997], [-9863318.2444, 6100722.300800003], [-9863394.2038, 6100666.4934], [-9863403.7585, 6100659.537299998], [-9863422.8146, 6100645.684699997], [-9863432.3693, 6100638.788099997], [-9863470.694, 6100611.3006], [-9863480.3017, 6100604.463600002], [-9863499.517, 6100590.809100002], [-9863509.1248, 6100584.011699997], [-9863586.3581, 6100529.889700003], [-9863596.0188, 6100523.1516999975], [-9863615.3935, 6100509.715400003], [-9863625.1074, 6100503.017200001], [-9863664.0159, 6100476.382399999], [-9863673.7297, 6100469.743699998], [-9863693.2637, 6100456.525399998], [-9863703.0306, 6100449.946000002], [-9863781.3786, 6100397.509300001], [-9863791.1988, 6100390.989600003], [-9863810.8919, 6100377.969400004], [-9863820.7118, 6100371.509099998], [-9863860.2044, 6100345.7070999965], [-9863870.0774, 6100339.286399998], [-9863889.8768, 6100326.5044], [-9863899.803, 6100320.142999999], [-9863979.2657, 6100269.431400001], [-9863989.1919, 6100263.109700002], [-9864009.1504, 6100250.545699999], [-9864019.3952, 6100244.144900002], [-9864060.5331, 6100213.2700999975], [-9864072.4233, 6100204.412100002], [-9864096.3099, 6100186.7553], [-9864108.2532, 6100177.956500001], [-9864156.2387, 6100142.9602999985], [-9864168.2881, 6100134.260799997], [-9864192.3869, 6100116.941], [-9864204.4364, 6100108.320900001], [-9864301.3628, 6100039.676299997], [-9864307.4141, 6100035.3961], [-9864319.5166, 6100026.8552], [-9864325.6209, 6100022.5945999995], [-9864349.9322, 6100005.592], [-9864356.0365, 6100001.371200003], [-9864368.2453, 6099992.909599997], [-9864372.1733, 6099990.194799997], [-9864382.3119, 6099983.199699998], [-9864387.0891, 6099979.850599997], [-9864393.2996, 6099975.471199997], [-9864481.5737, 6099913.8825], [-9864492.6147, 6099906.213600002], [-9864514.8026, 6099890.935400002], [-9864525.8965, 6099883.345799997], [-9864570.3788, 6099853.106600001], [-9864581.5257, 6099845.576499999], [-9864603.8729, 6099830.575800002], [-9864615.0731, 6099823.125100002], [-9864704.8336, 6099763.7566], [-9864716.0868, 6099756.3653], [-9864738.5934, 6099741.661899999], [-9864749.8996, 6099734.330200002], [-9864795.1249, 6099705.200999998], [-9864806.4843, 6099697.968500003], [-9864829.2031, 6099683.542599998], [-9864840.5625, 6099676.369400002], [-9864931.756, 6099619.241099998], [-9864937.4357, 6099615.674400002], [-9864948.9013, 6099608.580499999], [-9864954.5811, 6099605.033299997], [-9864977.5121, 6099590.8851], [-9864983.1919, 6099587.377899997], [-9864994.6575, 6099580.3434000015], [-9865000.4432, 6099576.836099997], [-9865046.3586, 6099548.8369999975], [-9865052.1443, 6099545.3495000005], [-9865063.61, 6099538.394299999], [-9865069.3958, 6099534.906900004], [-9865092.4331, 6099521.056000002], [-9865098.219, 6099517.608199999], [-9865109.7908, 6099510.712399997], [-9865115.5765, 6099507.264700003], [-9865155.6528, 6099483.545900002], [-9865165.3136, 6099477.839000002], [-9865179.805, 6099469.298699997], [-9865189.4658, 6099463.6316], [-9865213.6176, 6099449.483599998], [-9865223.1192, 6099443.9749], [-9865237.1858, 6099435.7914], [-9865245.8381, 6099430.758500002], [-9865251.4116, 6099427.5484], [-9865262.3993, 6099421.207500003], [-9865267.9198, 6099418.037100002], [-9865287.4537, 6099406.881300002], [-9865292.2842, 6099404.107299998], [-9865302.051, 6099398.559], [-9865306.9876, 6099395.784900002], [-9865345.6308, 6099373.948700003], [-9865350.4612, 6099371.234099999], [-9865360.122, 6099365.785099998], [-9865365.0054, 6099363.090400003], [-9865384.3802, 6099352.271399997], [-9865389.2106, 6099349.576399997], [-9865398.9244, 6099344.186800003], [-9865403.7548, 6099341.4921], [-9865481.0412, 6099298.8904], [-9865490.7019, 6099293.599699996], [-9865510.0765, 6099283.038599998], [-9865519.7904, 6099277.787699997], [-9865558.6459, 6099256.883199997], [-9865568.3598, 6099251.691699997], [-9865587.8406, 6099241.328599997], [-9865597.6075, 6099236.176899999], [-9865675.7432, 6099195.1608000025], [-9865685.5101, 6099190.068499997], [-9865705.0972, 6099179.9036], [-9865714.9171, 6099174.8510000035], [-9865754.1974, 6099154.759000003], [-9865764.0174, 6099149.746200003], [-9865783.7105, 6099139.7993], [-9865793.5837, 6099134.845700003], [-9865872.5155, 6099095.435099997], [-9865882.3886, 6099090.540899999], [-9865902.1879, 6099080.792300001], [-9865912.0611, 6099075.937899999], [-9865951.7659, 6099056.638899997], [-9865961.6921, 6099051.843800001], [-9865981.5446, 6099042.293200001], [-9865991.5238, 6099037.537900001], [-9866071.2519, 6098999.7722999975], [-9866081.2311, 6098995.076300003], [-9866101.1896, 6098985.724100001], [-9866111.222, 6098981.0876], [-9866126.7218, 6098973.934900001], [-9866137.7096, 6098967.515000001], [-9866146.0964, 6098962.640900001], [-9866152.9439, 6098958.678000003], [-9866163.6133, 6098952.575300001], [-9866168.9215, 6098949.5239999965], [-9866189.7292, 6098937.635600001], [-9866194.9313, 6098934.663699999], [-9866205.3351, 6098928.758900002], [-9866210.5902, 6098925.8068], [-9866251.8874, 6098902.525399998], [-9866257.0363, 6098899.612800002], [-9866267.3872, 6098893.827399999], [-9866272.536, 6098890.934500001], [-9866293.2377, 6098879.402800001], [-9866298.4398, 6098876.529700004], [-9866308.7905, 6098870.803499997], [-9866313.9926, 6098867.930600002], [-9866396.587, 6098822.557300001], [-9866406.9377, 6098816.9102], [-9866427.6395, 6098805.676100001], [-9866437.9904, 6098800.088799998], [-9866479.553, 6098777.8379999995], [-9866489.9569, 6098772.310099997], [-9866510.7648, 6098761.313500002], [-9866521.2218, 6098755.825199999], [-9866604.7718, 6098712.255500004], [-9866615.2288, 6098706.8464], [-9866637.2043, 6098695.532899998], [-9866699.6811, 6098656.8178], [-9866707.0062, 6098652.280500002], [-9866721.6567, 6098643.2456], [-9866729.035, 6098638.728299998], [-9866758.4421, 6098620.757799998], [-9866765.8204, 6098616.2798999995], [-9866780.5239, 6098607.364200003], [-9866787.9021, 6098602.906099997], [-9866847.0348, 6098567.4406], [-9866854.3599, 6098563.061999999], [-9866869.0634, 6098554.324500002], [-9866876.4417, 6098549.965599999], [-9866905.9018, 6098532.609300002], [-9866913.174, 6098528.349600002], [-9866927.6652, 6098519.869800001], [-9866934.7251, 6098515.768399999], [-9866940.2453, 6098512.578500003], [-9866950.9147, 6098506.476199999], [-9866956.2228, 6098503.424900003], [-9866977.0308, 6098491.537299998], [-9866982.2327, 6098488.565200001], [-9866992.6366, 6098482.641400002], [-9866997.8918, 6098479.689199999], [-9867039.1358, 6098456.409000002], [-9867044.3379, 6098453.516400002], [-9867054.6356, 6098447.730999999], [-9867059.8375, 6098444.838399999], [-9867080.5393, 6098433.307400003], [-9867085.7411, 6098430.434500001], [-9867096.0921, 6098424.708700001], [-9867101.2941, 6098421.8358], [-9867183.8885, 6098376.4648], [-9867194.1862, 6098370.818099998], [-9867214.941, 6098359.5845], [-9867225.2918, 6098353.997299999], [-9867266.8545, 6098331.747900002], [-9867277.2053, 6098326.220299996], [-9867298.0663, 6098315.204400003], [-9867308.4702, 6098309.736199997], [-9867392.0732, 6098266.168700002], [-9867402.5303, 6098260.740099996], [-9867423.4444, 6098249.962300003], [-9867433.9543, 6098244.612899996], [-9867475.9416, 6098223.2751], [-9867487.6195, 6098217.4108000025], [-9867503.4377, 6098207.8413999975], [-9867513.4703, 6098201.679799996], [-9867593.9945, 6098152.743799999], [-9867599.0372, 6098149.692699999], [-9867609.0165, 6098143.6499999985], [-9867614.0591, 6098140.618699998], [-9867634.1239, 6098128.572999999], [-9867639.1666, 6098125.561700001], [-9867649.252, 6098119.558700003], [-9867654.2416, 6098116.567100003], [-9867694.5834, 6098092.653800003], [-9867699.52, 6098089.721699998], [-9867709.4993, 6098083.8376], [-9867714.489, 6098080.905500002], [-9867734.5006, 6098069.196599998], [-9867739.384, 6098066.343699999], [-9867749.151, 6098060.657700002], [-9867753.8223, 6098057.963200003], [-9867759.3426, 6098054.753700003], [-9867769.9589, 6098048.6516999975], [-9867775.267, 6098045.6005000025], [-9867796.0749, 6098033.713500001], [-9867801.2768, 6098030.741800003], [-9867811.7338, 6098024.837800004], [-9867816.9358, 6098021.885799997], [-9867858.2332, 6097998.607000001], [-9867863.382, 6097995.694700003], [-9867873.7328, 6097989.909599997], [-9867878.8816, 6097987.017200001], [-9867899.5834, 6097975.506700002], [-9867904.7854, 6097972.634000003], [-9867915.1362, 6097966.888499998], [-9867920.3381, 6097964.035700001], [-9868002.9326, 6097918.647200003], [-9868011.0009, 6097914.2294000015], [-9868027.1908, 6097905.432999998], [-9868036.2677, 6097900.539499998], [-9868066.471, 6097883.481799997], [-9868071.089, 6097880.886500001], [-9868080.272, 6097875.695900001], [-9868084.8901, 6097873.120499998], [-9868103.4155, 6097862.778800003], [-9868108.0336, 6097860.203400001], [-9868117.2697, 6097855.0722], [-9868121.8878, 6097852.496699996], [-9868195.5645, 6097811.804200001], [-9868200.1826, 6097809.268299997], [-9868209.3657, 6097804.196599998], [-9868213.9838, 6097801.680799998], [-9868232.4561, 6097791.596600004], [-9868237.0742, 6097789.080799997], [-9868246.3102, 6097784.048600003], [-9868250.9284, 6097781.5524], [-9868287.979, 6097761.563000001], [-9868292.5971, 6097759.066699997], [-9868301.8863, 6097754.0940999985], [-9868306.5044, 6097751.617700003], [-9868325.0829, 6097741.712200001], [-9868329.701, 6097739.235799998], [-9868338.9901, 6097734.3028], [-9868343.6613, 6097731.846199997], [-9868361.0719, 6097722.673699997], [-9868369.1402, 6097718.414300002], [-9868385.3831, 6097709.954999998], [-9868393.5047, 6097705.735100001], [-9868426.0434, 6097688.935400002], [-9868434.1648, 6097684.755099997], [-9868450.4609, 6097676.414899997], [-9868458.6355, 6097672.274300002], [-9868523.9253, 6097639.229800001], [-9868532.0999, 6097635.128899999], [-9868548.4488, 6097626.927100003], [-9868556.6234, 6097622.8461000025], [-9868589.4277, 6097606.620999999], [-9868597.6552, 6097602.559699997], [-9868614.1104, 6097594.516599998], [-9868622.2849, 6097590.514700003], [-9868754.0326, 6097526.664999999], [-9868770.4879, 6097518.760300003], [-9868803.5575, 6097503.0704], [-9868820.1189, 6097495.304700002], [-9868886.5236, 6097464.499200001], [-9868903.138, 6097456.872299999], [-9868936.473, 6097441.737000003], [-9868953.1937, 6097434.248599999], [-9869086.9584, 6097374.916599996], [-9869103.6789, 6097367.5669], [-9869137.2796, 6097353.0261999965], [-9869154.1063, 6097345.815399997], [-9869221.4663, 6097317.288800001], [-9869238.3462, 6097310.236199997], [-9869272.159, 6097296.250399999], [-9869289.0919, 6097289.336599998], [-9869401.9958, 6097243.773500003], [-9869414.5231, 6097236.344700001], [-9869419.9903, 6097233.135499999], [-9869430.819, 6097226.737000003], [-9869436.2862, 6097223.527599998], [-9869457.9434, 6097210.869099997], [-9869463.4109, 6097207.679700002], [-9869475.6196, 6097200.568000004], [-9869480.9277, 6097197.497400001], [-9869495.3658, 6097189.177299999], [-9869516.6514, 6097176.974399999], [-9869531.5673, 6097168.436300002], [-9869557.0462, 6097153.915799998], [-9869562.1419, 6097151.023500003], [-9869572.1213, 6097145.377800003], [-9869577.111, 6097142.5647], [-9869596.8571, 6097131.431599997], [-9869600.3606, 6097129.4706000015], [-9869600.626, 6097127.568800002], [-9869613.047, 6097033.948600002], [-9869614.5863, 6097022.260899998], [-9869617.8243, 6096998.865999997], [-9869619.4698, 6096987.178400002], [-9869626.2111, 6096940.428400002], [-9869627.9097, 6096928.760700002], [-9869631.36, 6096905.405599996], [-9869633.1648, 6096893.737999998], [-9869648.0275, 6096797.525300004], [-9869650.7877, 6096780.2321000025], [-9869655.4058, 6096751.4103000015], [-9869658.2192, 6096734.136799999], [-9869666.7651, 6096682.396200001], [-9869669.6316, 6096665.519400001], [-9869674.4089, 6096637.549599998], [-9869677.1692, 6096621.762199998], [-9869678.7615, 6096612.551200002], [-9869681.0441, 6096600.012500003], [-9869682.1587, 6096593.733000003], [-9869686.5645, 6096569.725299999], [-9869687.6261, 6096563.7233000025], [-9869689.8555, 6096551.719499998], [-9869690.9704, 6096545.7173999995], [-9869700.3657, 6096495.859899998], [-9869703.7628, 6096478.2700999975], [-9869709.4426, 6096448.953900002], [-9869712.8928, 6096431.384199999], [-9869731.949, 6096335.869900003], [-9869734.2846, 6096324.302199997], [-9869739.0088, 6096301.166599996], [-9869741.4505, 6096289.618699998], [-9869751.1644, 6096243.4070999995], [-9869753.6594, 6096231.879000001], [-9869758.6488, 6096208.803199999], [-9869761.1968, 6096197.275200002], [-9869781.6862, 6096105.0911], [-9869784.2341, 6096093.5830999985], [-9869789.4892, 6096070.5669], [-9869792.1432, 6096059.058899999], [-9869802.9187, 6096013.0864999965], [-9869805.6258, 6096001.618100002], [-9869811.1462, 6095978.641800001], [-9869813.9065, 6095967.173500001], [-9869836.413, 6095875.487199999], [-9869839.2263, 6095864.019000001], [-9869844.9591, 6095841.122400001], [-9869847.8785, 6095829.693999998], [-9869859.6095, 6095783.9602999985], [-9869862.582, 6095772.551700003], [-9869868.5802, 6095749.714599997], [-9869871.6059, 6095738.306199998], [-9869896.0763, 6095647.117399998], [-9869899.2081, 6095635.728699997], [-9869905.4186, 6095612.9714], [-9869908.6035, 6095601.6027000025], [-9869921.29, 6095556.147500001], [-9869924.5279, 6095544.778700002], [-9869931.0037, 6095522.081], [-9869934.2948, 6095510.752099998], [-9869962.1095, 6095421.051200002], [-9869964.9758, 6095409.385499999], [-9869971.6111, 6095386.688199997], [-9869974.9551, 6095375.359200001], [-9869988.4908, 6095330.083400004], [-9869991.8349, 6095318.715099998], [-9869998.5231, 6095295.998300001], [-9870002.0266, 6095284.709100001], [-9870030.9558, 6095195.980999999], [-9870035.0963, 6095184.434600003], [-9870041.1475, 6095160.906000003], [-9870044.7571, 6095149.676399998], [-9870059.4605, 6095104.8178], [-9870063.1761, 6095093.608000003], [-9870070.6606, 6095071.228500001], [-9870074.4295, 6095060.038599998], [-9870104.792, 6094970.679200001], [-9870106.6497, 6094965.1536], [-9870110.4715, 6094954.102600001], [-9870112.3294, 6094948.596900001], [-9870119.9731, 6094926.534500003], [-9870121.884, 6094921.009000003], [-9870125.759, 6094909.997500002], [-9870127.67, 6094904.491899997], [-9870144.1251, 6094857.753200002], [-9870149.8579, 6094841.612400003], [-9870159.4126, 6094814.856799997], [-9870164.8798, 6094799.7064], [-9870168.0648, 6094790.9529], [-9870172.4174, 6094779.0308], [-9870174.5938, 6094773.069600001], [-9870183.0867, 6094750.215499997], [-9870185.2101, 6094744.5119], [-9870189.4565, 6094733.104599997], [-9870191.5797, 6094727.401000001], [-9870208.4065, 6094682.742700003], [-9870210.5297, 6094677.177699998], [-9870214.7232, 6094666.027999997], [-9870216.8465, 6094660.443300001], [-9870225.3925, 6094638.183499999], [-9870227.5158, 6094632.5988000035], [-9870231.8154, 6094621.488899998], [-9870233.9918, 6094615.923900001], [-9870268.1761, 6094527.955200002], [-9870272.5287, 6094516.984099999], [-9870281.181, 6094495.041599996], [-9870285.5337, 6094484.070200004], [-9870303.1566, 6094440.284599997], [-9870307.5624, 6094429.353100002], [-9870316.4801, 6094407.509800002], [-9870320.9388, 6094396.598099999], [-9870357.0872, 6094309.404100001], [-9870361.6522, 6094298.512400001], [-9870370.7823, 6094276.768399999], [-9870375.4003, 6094265.896499999], [-9870393.9256, 6094222.5079], [-9870398.5967, 6094211.675700001], [-9870407.9922, 6094190.031000003], [-9870412.7164, 6094179.218699999], [-9870450.7227, 6094092.8386999965], [-9870455.4999, 6094082.066100001], [-9870465.1076, 6094060.5207], [-9870469.9381, 6094049.767800003], [-9870489.4189, 6094006.7764], [-9870494.3023, 6093996.043300003], [-9870504.1755, 6093974.6171], [-9870509.112, 6093963.903999999], [-9870548.976, 6093878.397500001], [-9870554.0188, 6093867.704300001], [-9870564.1041, 6093846.377499998], [-9870569.147, 6093835.743699998], [-9870589.5832, 6093793.189000003], [-9870594.679, 6093782.575199999], [-9870605.0299, 6093761.367200002], [-9870610.2318, 6093750.773100004], [-9870651.9538, 6093666.140000001], [-9870657.1557, 6093655.585699998], [-9870667.7188, 6093634.4771], [-9870673.027, 6093623.942599997], [-9870694.3656, 6093581.864200003], [-9870699.7268, 6093571.3495000005], [-9870710.5024, 6093550.359999999], [-9870715.9167, 6093539.884999998], [-9870759.4433, 6093456.204300001], [-9870764.9106, 6093445.749499999], [-9870775.9515, 6093424.878799997], [-9870781.4721, 6093414.463399999], [-9870803.6599, 6093372.861299999], [-9870809.2865, 6093362.485600002], [-9870820.4866, 6093341.733999997], [-9870826.1665, 6093331.378200002], [-9870871.4978, 6093248.6699], [-9870874.3112, 6093243.541500002], [-9870879.9377, 6093233.3244], [-9870882.8041, 6093228.215599999], [-9870894.1105, 6093207.801200002], [-9870896.9768, 6093202.712399997], [-9870902.6566, 6093192.515100002], [-9870905.5229, 6093187.426299997], [-9870928.401, 6093146.716300003], [-9870931.2143, 6093141.746299997], [-9870936.8408, 6093131.786600001], [-9870939.7073, 6093126.816699997], [-9870951.0136, 6093106.936999999], [-9870953.7208, 6093102.165100001], [-9870960.4089, 6093090.482900001], [-9870966.4602, 6093080.0678], [-9870975.5372, 6093064.405699998], [-9870980.102, 6093056.6044000015], [-9870997.9905, 6093026.191100001], [-9871002.4494, 6093018.6076000035], [-9871011.4201, 6093003.4406], [-9871015.932, 6092995.876999997], [-9871051.6557, 6092936.1598000005], [-9871056.1676, 6092928.714900002], [-9871065.1383, 6092913.825199999], [-9871069.6503, 6092906.380500004], [-9871087.7509, 6092876.680500001], [-9871092.316, 6092869.275300004], [-9871101.3929, 6092854.445299998], [-9871105.9578, 6092847.060000002], [-9871178.8384, 6092729.627800003], [-9871183.4034, 6092722.301799998], [-9871192.5335, 6092707.670199998], [-9871197.1515, 6092700.3440999985], [-9871215.5706, 6092671.139899999], [-9871220.2419, 6092663.834100001], [-9871229.478, 6092649.281400003], [-9871234.1491, 6092641.995300002], [-9871271.5184, 6092583.864500001], [-9871276.1895, 6092576.617899999], [-9871285.5849, 6092562.124899998], [-9871290.3091, 6092554.878399998], [-9871309.2061, 6092525.971699998], [-9871313.9833, 6092518.764600001], [-9871323.485, 6092504.331200004], [-9871328.2623, 6092497.144000001], [-9871337.1798, 6092483.740199998], [-9871341.3203, 6092477.5233], [-9871349.6009, 6092465.129199997], [-9871353.7943, 6092458.912199996], [-9871370.5149, 6092434.1635000035], [-9871374.7083, 6092427.966499999], [-9871383.1482, 6092415.631899998], [-9871387.3416, 6092409.454599999], [-9871421.1545, 6092360.155599996], [-9871425.3479, 6092353.998000003], [-9871433.8409, 6092341.703100003], [-9871438.0874, 6092335.565499999], [-9871455.1796, 6092311.034999996], [-9871459.4791, 6092304.9174000025], [-9871468.0251, 6092292.681699999], [-9871472.3248, 6092286.563900001], [-9871541.2773, 6092188.937899999], [-9871549.9296, 6092176.761799999], [-9871567.3403, 6092152.489200003], [-9871576.0456, 6092140.372500002], [-9871611.1854, 6092092.025399998], [-9871620.05, 6092079.9684000015], [-9871637.7792, 6092055.933600001], [-9871646.6968, 6092043.935999997], [-9871718.2504, 6091948.252599999], [-9871727.2741, 6091936.334399998], [-9871745.3219, 6091912.537600003], [-9871754.3987, 6091900.6589], [-9871790.8656, 6091853.322800003], [-9871799.9955, 6091841.5233], [-9871818.4147, 6091817.964299999], [-9871827.651, 6091806.224399999], [-9871901.8055, 6091712.582999997], [-9871906.4236, 6091706.782300003], [-9871915.7127, 6091695.181199998], [-9871920.3308, 6091689.3807], [-9871938.9092, 6091666.2575], [-9871943.5803, 6091660.496699996], [-9871952.8696, 6091648.954800002], [-9871957.5407, 6091643.193999998], [-9871995.0693, 6091597.2053999975], [-9871999.6873, 6091591.543399997], [-9872008.9234, 6091580.239399999], [-9872013.5946, 6091574.597199999], [-9872032.2261, 6091552.048699997], [-9872036.738, 6091546.564900003], [-9872045.868, 6091535.656800002], [-9872050.1145, 6091530.509599999], [-9872054.414, 6091525.402000003], [-9872062.4824, 6091515.8401999995], [-9872066.5166, 6091511.049400002], [-9872082.1755, 6091492.598700002], [-9872086.0505, 6091487.986199997], [-9872093.9065, 6091478.780699998], [-9872097.8346, 6091474.187799998], [-9872128.781, 6091438.0788], [-9872132.6558, 6091433.565099999], [-9872140.4057, 6091424.557599999], [-9872144.2807, 6091420.0638], [-9872159.8866, 6091402.088500001], [-9872163.7615, 6091397.594700001], [-9872171.5644, 6091388.6467999965], [-9872175.4925, 6091384.172600001], [-9872237.5976, 6091313.262000002], [-9872245.4005, 6091304.4130000025], [-9872261.0063, 6091286.774599999], [-9872268.8093, 6091277.984999999], [-9872300.2866, 6091242.866599999], [-9872308.1425, 6091234.116599999], [-9872323.9608, 6091216.636600003], [-9872331.923, 6091207.9265], [-9872395.5144, 6091138.402800001], [-9872403.5297, 6091129.732199997], [-9872419.5071, 6091112.430500001], [-9872427.5224, 6091103.819499999], [-9872459.7427, 6091069.394400001], [-9872467.811, 6091060.822899997], [-9872484.0009, 6091043.699600004], [-9872492.1223, 6091035.1677], [-9872557.2529, 6090967.050999999], [-9872565.4276, 6090958.558700003], [-9872581.7766, 6090941.613799997], [-9872590.0041, 6090933.161200002], [-9872622.9147, 6090899.4494], [-9872631.1953, 6090891.056199998], [-9872647.7566, 6090874.2896], [-9872656.0373, 6090865.935900003], [-9872722.6542, 6090799.265699998], [-9872730.988, 6090790.951700002], [-9872747.7086, 6090774.363300003], [-9872756.1486, 6090766.108900003], [-9872789.8021, 6090733.130400002], [-9872798.242, 6090724.9155], [-9872815.1219, 6090708.525200002], [-9872823.6148, 6090700.3500000015], [-9872891.6651, 6090635.1457], [-9872900.1581, 6090627.010200001], [-9872917.2502, 6090610.798199996], [-9872925.8494, 6090602.721900001], [-9872960.193, 6090570.496200003], [-9872968.7922, 6090562.459600002], [-9872986.0967, 6090546.445900001], [-9872994.7489, 6090538.448899999], [-9873064.1793, 6090474.750299998], [-9873072.8845, 6090466.812600002], [-9873090.2951, 6090450.9772000015], [-9873099.0535, 6090443.099100001], [-9873134.0873, 6090411.626100004], [-9873142.8987, 6090403.787600003], [-9873160.5218, 6090388.130400002], [-9873169.3332, 6090380.351400003], [-9873240.1437, 6090318.178099997], [-9873244.4963, 6090314.3379999995], [-9873253.3077, 6090306.637999997], [-9873257.7135, 6090302.798100002], [-9873275.3896, 6090287.477499999], [-9873279.7953, 6090283.637500003], [-9873288.6599, 6090275.997000001], [-9873293.0658, 6090272.176799998], [-9873328.524, 6090241.714000002], [-9873332.9297, 6090237.972900003], [-9873341.6881, 6090230.490900002], [-9873346.0408, 6090226.749899998], [-9873363.6106, 6090211.844999999], [-9873367.8572, 6090208.2228000015], [-9873376.4033, 6090201.0178999975], [-9873380.3843, 6090197.633100003], [-9873385.8517, 6090193.080600001], [-9873396.2026, 6090184.391199999], [-9873401.4045, 6090180.075999998], [-9873421.6817, 6090163.231600001], [-9873426.7774, 6090159.035499997], [-9873436.9159, 6090150.6428999975], [-9873442.0117, 6090146.466300003], [-9873482.1942, 6090113.470399998], [-9873487.2369, 6090109.373099998], [-9873497.3225, 6090101.159000002], [-9873502.3651, 6090097.042000003], [-9873522.5892, 6090080.672700003], [-9873527.6318, 6090076.595200002], [-9873537.7704, 6090068.440300003], [-9873542.8132, 6090064.3825], [-9873623.4967, 6089999.8364999965], [-9873633.582, 6089991.780599996], [-9873653.8592, 6089975.767800003], [-9873663.9976, 6089967.791199997], [-9873704.711, 6089936.003300004], [-9873714.9026, 6089928.086000003], [-9873735.3919, 6089912.310900003], [-9873745.6366, 6089904.453000002], [-9873827.8065, 6089841.867399998], [-9873838.1042, 6089834.0691], [-9873858.6998, 6089818.5515], [-9873869.0505, 6089810.812399998], [-9873910.5071, 6089780.014799997], [-9873920.911, 6089772.354999997], [-9873941.7189, 6089757.0748], [-9873952.1759, 6089749.454800002], [-9874035.779, 6089688.849799998], [-9874041.0338, 6089685.069200002], [-9874051.4909, 6089677.528300002], [-9874056.746, 6089673.7676], [-9874077.7662, 6089658.745099999], [-9874083.0212, 6089655.004299998], [-9874093.5314, 6089647.5031], [-9874098.7864, 6089643.7820999995], [-9874140.9861, 6089613.974600002], [-9874146.2411, 6089610.253600001], [-9874156.8042, 6089602.851300001], [-9874162.1123, 6089599.1501], [-9874183.2918, 6089584.3653], [-9874188.6, 6089580.683899999], [-9874199.2161, 6089573.321000002], [-9874204.5242, 6089569.659500003], [-9874215.8307, 6089561.841499999], [-9874236.7447, 6089547.4130000025], [-9874241.3097, 6089544.305600002], [-9874250.3334, 6089538.090800002], [-9874254.8452, 6089535.003300004], [-9874272.9991, 6089522.633199997], [-9874277.5641, 6089519.545500003], [-9874281.386, 6089516.913199998], [-9874287.6495, 6089512.3807], [-9874297.2043, 6089505.493000001], [-9874335.4758, 6089478.041299999], [-9874345.0304, 6089471.193300001], [-9874364.2459, 6089457.576399997], [-9874373.8535, 6089450.787699997], [-9874450.9806, 6089396.716200002], [-9874460.6414, 6089389.986699998], [-9874479.963, 6089376.567900002], [-9874489.6768, 6089369.898000002], [-9874528.5325, 6089343.277999997], [-9874538.2464, 6089336.647699997], [-9874557.7272, 6089323.446699999], [-9874567.4941, 6089316.875699997], [-9874645.7358, 6089264.507100001], [-9874655.556, 6089257.995499998], [-9874675.1959, 6089245.0123], [-9874685.016, 6089238.5405], [-9874724.4554, 6089212.791699998], [-9874734.3285, 6089206.379299998], [-9874754.0747, 6089193.593999997], [-9874764.001, 6089187.240900002], [-9874843.3574, 6089136.594800003], [-9874853.2836, 6089130.301200002], [-9874873.2421, 6089117.7337], [-9874883.1684, 6089111.499499999], [-9874923.1387, 6089086.601999998], [-9874933.171, 6089080.407399997], [-9874953.2357, 6089068.077600002], [-9874963.2681, 6089061.922499999], [-9875043.6862, 6089013.038599998], [-9875048.729, 6089010.010499999], [-9875058.7082, 6089003.954400003], [-9875063.751, 6089000.926399998], [-9875083.8157, 6088988.893399999], [-9875088.8053, 6088985.885300003], [-9875098.8907, 6088979.888599999], [-9875103.8804, 6088976.9001], [-9875144.1691, 6088953.012599997], [-9875149.1587, 6088950.083400004], [-9875159.0849, 6088944.205600001], [-9875164.0745, 6088941.2766999975], [-9875184.0331, 6088929.5801], [-9875188.9166, 6088926.7302], [-9875198.6835, 6088921.050300002], [-9875203.3547, 6088918.3587], [-9875211.1576, 6088913.8464], [-9875226.3389, 6088905.138499998], [-9875233.9825, 6088900.784500003], [-9875263.9736, 6088883.7645], [-9875271.4579, 6088879.509499997], [-9875286.4799, 6088871.058799997], [-9875294.0174, 6088866.843500003], [-9875353.7869, 6088833.515900001], [-9875361.2715, 6088829.3598000035], [-9875376.2404, 6088821.087300003], [-9875383.7779, 6088816.971000001], [-9875413.7689, 6088800.5449], [-9875421.3063, 6088796.448200002], [-9875436.3815, 6088788.294399999], [-9875443.919, 6088784.217600003], [-9875564.6258, 6088719.403999999], [-9875578.1085, 6088712.220200002], [-9875590.1048, 6088705.807999998], [-9875601.6766, 6088699.653099999], [-9875741.705, 6088625.420199998], [-9875750.5696, 6088620.749600001], [-9875768.3519, 6088611.428499997], [-9875777.2695, 6088606.797600001], [-9875812.8339, 6088588.353299998], [-9875821.7514, 6088583.762100004], [-9875841.3916, 6088573.708700001], [-9875849.0354, 6088569.631899998], [-9875864.0041, 6088561.577399999], [-9875871.4887, 6088557.560000002], [-9875991.2931, 6088493.658200003], [-9876006.262, 6088485.742600001], [-9876036.253, 6088470.049199998], [-9876051.2751, 6088462.2717999965], [-9876111.4692, 6088431.360200003], [-9876126.5972, 6088423.681699999], [-9876156.8005, 6088408.463600002], [-9876171.9288, 6088400.923600003], [-9876293.3255, 6088341.001000002], [-9876308.5069, 6088333.579800002], [-9876338.9754, 6088318.836800002], [-9876354.2098, 6088311.534400001], [-9876415.3594, 6088282.523100004], [-9876430.4877, 6088275.418899998], [-9876460.8501, 6088261.309100002], [-9876476.0843, 6088254.303499997], [-9876516.0016, 6088236.097499996], [-9876539.782, 6088224.560400002], [-9876585.6972, 6088202.633900002], [-9876608.6814, 6088191.829000004], [-9876700.9898, 6088149.084600002], [-9876724.1332, 6088138.537100002], [-9876770.5263, 6088117.6994], [-9876793.829, 6088107.428900003], [-9876886.8273, 6088067.000100002], [-9876898.4523, 6088061.9738000035], [-9876921.808, 6088052.000100002], [-9876933.4328, 6088047.053000003], [-9876980.1973, 6088027.382799998], [-9876991.8751, 6088022.494999997], [-9877015.3372, 6088012.798600003], [-9877027.068, 6088007.990000002], [-9877055.9974, 6087996.2157000005], [-9877091.8804, 6087981.235600002], [-9877103.7175, 6087976.328100003], [-9877121.4997, 6087968.966600001], [-9877133.7084, 6087963.960100003], [-9877151.3845, 6087956.678000003], [-9877169.0605, 6087949.494599998], [-9877241.6756, 6087919.990099996], [-9877250.4872, 6087909.818599999], [-9877254.3622, 6087905.3464], [-9877262.1651, 6087896.382299997], [-9877266.0932, 6087891.9102], [-9877328.1981, 6087821.0282000005], [-9877335.948, 6087812.202600002], [-9877351.607, 6087794.551600002], [-9877359.4099, 6087785.765600003], [-9877390.834, 6087750.6613000035], [-9877398.7433, 6087741.915100001], [-9877414.5084, 6087724.442100003], [-9877422.4704, 6087715.735399999], [-9877486.0619, 6087646.240000002], [-9877494.024, 6087637.572999999], [-9877510.0546, 6087620.298199996], [-9877518.0699, 6087611.670599997], [-9877550.2372, 6087577.259800002], [-9877558.3055, 6087568.691600002], [-9877574.4953, 6087551.575300001], [-9877582.6168, 6087543.046899997], [-9877647.6944, 6087474.957699999], [-9877655.8689, 6087466.468900003], [-9877672.2711, 6087449.531000003], [-9877680.4455, 6087441.081699997], [-9877713.356, 6087407.4036], [-9877721.6367, 6087398.993900001], [-9877738.1979, 6087382.233999997], [-9877746.4786, 6087373.8838], [-9877813.0426, 6087307.240599997], [-9877821.3763, 6087298.930100001], [-9877838.0969, 6087282.348499998], [-9877846.4838, 6087274.0973000005], [-9877880.1372, 6087241.132200003], [-9877888.5772, 6087232.920500003], [-9877905.51, 6087216.5370000005], [-9877913.9501, 6087208.365099996], [-9877981.9471, 6087143.187399998], [-9877990.4932, 6087135.055], [-9878007.5854, 6087118.849600002], [-9878016.1316, 6087110.776600003], [-9878050.4751, 6087078.564099997], [-9878059.1274, 6087070.530599996], [-9878076.3787, 6087054.523599997], [-9878085.031, 6087046.529799998], [-9878154.4082, 6086982.856899999], [-9878163.1136, 6086974.922600001], [-9878180.5774, 6086959.093699999], [-9878189.2826, 6086951.218599997], [-9878224.3163, 6086919.758500002], [-9878233.1278, 6086911.923199996], [-9878250.7507, 6086896.2722999975], [-9878259.5623, 6086888.496299997], [-9878330.3196, 6086826.3483000025], [-9878334.7253, 6086822.490099996], [-9878343.4838, 6086814.813100003], [-9878347.8895, 6086810.974600002], [-9878365.5655, 6086795.640500002], [-9878369.9713, 6086791.821800001], [-9878378.8359, 6086784.1844], [-9878383.2416, 6086780.365800001], [-9878418.6999, 6086749.9152000025], [-9878423.0527, 6086746.175899997], [-9878431.811, 6086738.696800001], [-9878436.2167, 6086734.957199998], [-9878453.7335, 6086720.038699999], [-9878457.98, 6086716.437799998], [-9878466.526, 6086709.235699996], [-9878471.9935, 6086704.625699997], [-9878480.115, 6086697.799599998], [-9878492.9076, 6086687.1351], [-9878500.4982, 6086680.784000002], [-9878522.8454, 6086662.2249], [-9878530.3298, 6086656.051799998], [-9878542.7508, 6086645.802900001], [-9878550.2354, 6086639.649599999], [-9878592.0103, 6086605.361199997], [-9878599.3885, 6086599.326700002], [-9878611.7035, 6086589.275600001], [-9878619.1349, 6086583.261], [-9878641.3228, 6086565.256200001], [-9878648.7541, 6086559.261299998], [-9878661.1221, 6086549.289499998], [-9878668.5536, 6086543.314099997], [-9878689.6798, 6086526.377899997], [-9878694.1917, 6086522.796800002], [-9878703.1625, 6086515.634499997], [-9878707.6744, 6086512.053400002], [-9878725.7219, 6086497.7883], [-9878730.1809, 6086494.226899996], [-9878739.2047, 6086487.123999998], [-9878743.7697, 6086483.562700003], [-9878779.918, 6086455.210500002], [-9878784.483, 6086451.6888], [-9878793.5068, 6086444.625500001], [-9878798.0718, 6086441.083899997], [-9878816.2256, 6086427.0167], [-9878820.7907, 6086423.494999997], [-9878829.8675, 6086416.491099998], [-9878834.4326, 6086412.989200003], [-9878907.3662, 6086357.076800004], [-9878911.9312, 6086353.5748], [-9878921.061, 6086346.6105], [-9878925.6791, 6086343.128300004], [-9878943.9922, 6086329.259300001], [-9878948.5572, 6086325.796899997], [-9878957.7403, 6086318.872199997], [-9878962.3053, 6086315.4296], [-9878999.0906, 6086287.849600002], [-9879003.7086, 6086284.4070999995], [-9879012.8918, 6086277.5418], [-9879017.5098, 6086274.119000003], [-9879035.982, 6086260.427900001], [-9879040.6001, 6086257.005199999], [-9879049.8363, 6086250.199299999], [-9879054.4543, 6086246.796300001], [-9879128.7151, 6086192.349100001], [-9879134.6071, 6086188.0361], [-9879146.4442, 6086179.429899998], [-9879152.3893, 6086175.136500001], [-9879176.0635, 6086158.0229], [-9879181.9556, 6086153.749600001], [-9879193.8458, 6086145.222499996], [-9879199.7909, 6086140.968800001], [-9879247.4047, 6086107.058399998], [-9879253.3499, 6086102.824500002], [-9879265.2932, 6086094.376500003], [-9879271.2914, 6086090.1625000015], [-9879295.178, 6086073.365599997], [-9879301.1761, 6086069.171400003], [-9879313.1726, 6086060.8226], [-9879319.1707, 6086056.648100004], [-9879415.2478, 6085990.113899998], [-9879427.2973, 6085981.8244], [-9879451.4492, 6085965.364100002], [-9879463.5518, 6085957.153700002], [-9879512.0681, 6085924.530000001], [-9879524.2237, 6085916.418499999], [-9879548.5879, 6085900.274800003], [-9879560.7967, 6085892.242600001], [-9879658.6254, 6085828.3411], [-9879670.8872, 6085820.387900002], [-9879695.4638, 6085804.580899999], [-9879707.7787, 6085796.726800002], [-9879757.1443, 6085765.429099999], [-9879769.5122, 6085757.654200003], [-9879794.3012, 6085742.163699999], [-9879806.7222, 6085734.468000002], [-9879906.3026, 6085673.238300003], [-9879912.4602, 6085669.439800002], [-9879924.8812, 6085661.8627], [-9879931.0916, 6085658.104000002], [-9879955.9868, 6085643.028999999], [-9879962.1973, 6085639.270300001], [-9879974.6714, 6085631.772600003], [-9879980.935, 6085628.033399999], [-9880030.8845, 6085598.2399], [-9880037.0418, 6085594.560099997], [-9880049.4629, 6085587.220799997], [-9880055.6734, 6085583.560800001], [-9880080.5155, 6085568.960900001], [-9880086.6198, 6085565.380000003], [-9880098.8285, 6085558.277999997], [-9880104.7205, 6085554.855499998], [-9880110.4532, 6085551.5123], [-9880121.6003, 6085545.141999997], [-9880127.1208, 6085541.957000002], [-9880148.8842, 6085529.533200003], [-9880154.3516, 6085526.447099999], [-9880165.2332, 6085520.254900001], [-9880170.7004, 6085517.168899998], [-9880213.8556, 6085492.855499998], [-9880219.2698, 6085489.809100002], [-9880230.0985, 6085483.775300004], [-9880235.5128, 6085480.748499997], [-9880257.1699, 6085468.720399998], [-9880262.5843, 6085465.713500001], [-9880273.4659, 6085459.719300002], [-9880278.8803, 6085456.731899999], [-9880365.3496, 6085409.3522000015], [-9880370.7639, 6085406.384800002], [-9880381.5925, 6085400.489600003], [-9880387.0068, 6085397.561899997], [-9880408.6639, 6085385.830600001], [-9880414.0782, 6085382.902800001], [-9880424.9598, 6085377.0669], [-9880430.3741, 6085374.158799998], [-9880473.9007, 6085350.973499998], [-9880479.3151, 6085348.0656], [-9880490.2499, 6085342.308799997], [-9880495.6641, 6085339.420599997], [-9880517.4805, 6085327.946699999], [-9880522.9478, 6085325.097999997], [-9880533.8826, 6085319.380900003], [-9880539.3501, 6085316.5320999995], [-9880576.0293, 6085297.5013], [-9880583.726, 6085293.5251], [-9880599.1726, 6085285.592200004], [-9880606.9225, 6085281.635799997], [-9880633.5162, 6085268.124499999], [-9880636.701, 6085266.166000001], [-9880646.9458, 6085259.973999999], [-9880652.0947, 6085256.888099998], [-9880672.584, 6085244.563600004], [-9880677.7329, 6085241.497400001], [-9880687.9776, 6085235.344999999], [-9880693.1265, 6085232.298500001], [-9880734.3175, 6085207.867399998], [-9880739.4133, 6085204.8605], [-9880749.6049, 6085198.846600004], [-9880754.7008, 6085195.8596], [-9880775.084, 6085183.8913], [-9880780.0735, 6085180.963500001], [-9880790.1059, 6085175.147600003], [-9880794.8301, 6085172.3781], [-9880800.4038, 6085169.193099998], [-9880811.02, 6085163.100100003], [-9880816.3281, 6085160.0537], [-9880837.0828, 6085148.184500001], [-9880842.2848, 6085145.217200004], [-9880852.6887, 6085139.3222], [-9880857.8909, 6085136.374600001], [-9880899.1349, 6085113.130599998], [-9880904.2838, 6085110.2227], [-9880914.5816, 6085104.4463], [-9880919.7835, 6085101.558200002], [-9880940.4321, 6085090.0449], [-9880945.6341, 6085087.176600002], [-9880955.9849, 6085081.459600002], [-9880961.1338, 6085078.591300003], [-9881043.6222, 6085033.2907000035], [-9881055.353, 6085026.9011999965], [-9881078.815, 6085014.181199998], [-9881090.5991, 6085007.851300001], [-9881137.6821, 6084982.7086], [-9881149.5193, 6084976.4573], [-9881173.1405, 6084964.034500003], [-9881184.9776, 6084957.8627], [-9881279.8338, 6084908.7645], [-9881303.6142, 6084896.638599999], [-9881351.3875, 6084872.663199998], [-9881375.327, 6084860.833999999], [-9881471.3512, 6084814.110200003], [-9881495.397, 6084802.557899997], [-9881527.4049, 6084787.484499998], [-9881535.5264, 6084783.607299998], [-9881536.5879, 6084782.934799999], [-9881541.6307, 6084779.947899997], [-9881581.8663, 6084756.091700003], [-9881586.856, 6084753.144100003], [-9881596.7822, 6084747.288999997], [-9881601.7717, 6084744.341600001], [-9881621.7303, 6084732.670699999], [-9881626.6138, 6084729.8222], [-9881636.3807, 6084724.145000003], [-9881640.9989, 6084721.435000002], [-9881646.5725, 6084718.250200003], [-9881657.1355, 6084712.137999997], [-9881662.4437, 6084709.111400001], [-9881683.2516, 6084697.242700003], [-9881688.4535, 6084694.275600001], [-9881698.8575, 6084688.3609], [-9881704.0594, 6084685.4135000035], [-9881745.3035, 6084662.1906], [-9881750.4524, 6084659.282899998], [-9881760.7502, 6084653.506800003], [-9881765.8991, 6084650.618699998], [-9881786.6008, 6084639.106200002], [-9881791.7497, 6084636.237999998], [-9881802.1005, 6084630.521300003], [-9881807.3025, 6084627.653099999], [-9881889.7377, 6084582.354800001], [-9881900.0885, 6084576.717299998], [-9881920.7372, 6084565.501500003], [-9881931.0881, 6084559.923500001], [-9881972.5976, 6084537.7095], [-9881982.9484, 6084532.190700002], [-9882003.7563, 6084521.192699999], [-9882014.1602, 6084515.733199999], [-9882097.6039, 6084472.2355], [-9882108.061, 6084466.815700002], [-9882128.975, 6084456.055200003], [-9882139.432, 6084450.714400001], [-9882181.3663, 6084429.410599999], [-9882191.8763, 6084424.129299998], [-9882211.0917, 6084414.516000003], [-9882289.2804, 6084371.533200003], [-9882302.6039, 6084364.254199997], [-9882329.3568, 6084349.7946000025], [-9882342.7333, 6084342.614500001], [-9882396.4516, 6084314.091300003], [-9882409.8811, 6084306.990199998], [-9882436.7933, 6084292.926600002], [-9882450.3291, 6084285.924199998], [-9882558.4556, 6084230.401500002], [-9882571.9915, 6084223.498400003], [-9882599.1159, 6084209.810599998], [-9882612.7046, 6084203.006200001], [-9882667.1661, 6084176.0066], [-9882680.808, 6084169.301200002], [-9882708.0918, 6084155.989500001], [-9882721.7867, 6084149.4026999995], [-9882731.129, 6084144.912699997], [-9882741.4268, 6084139.671099998], [-9882750.769, 6084134.923900001], [-9882769.4537, 6084125.5088], [-9882778.7961, 6084120.821000002], [-9882816.2714, 6084102.168700002], [-9882825.6137, 6084097.520400003], [-9882835.0091, 6084092.891999997], [-9882839.7332, 6084090.043700002], [-9882849.7127, 6084083.990999997], [-9882854.7553, 6084080.9846], [-9882874.82, 6084068.938699998], [-9882879.8097, 6084065.932300001], [-9882889.842, 6084059.939000003], [-9882894.8848, 6084056.952299997], [-9882935.1204, 6084033.098099999], [-9882940.1101, 6084030.151000001], [-9882950.0361, 6084024.276500002], [-9882955.0258, 6084021.348999999], [-9882974.9843, 6084009.678999998], [-9882979.8678, 6084006.830899999], [-9882989.6349, 6084001.134300001], [-9882994.2529, 6083998.444300003], [-9883000.835, 6083994.646700002], [-9883013.5215, 6083987.367799997], [-9883019.8911, 6083983.728399999], [-9883044.8925, 6083969.487099998], [-9883051.1029, 6083965.946699999], [-9883063.6301, 6083958.865800001], [-9883069.8938, 6083955.344999999], [-9883119.5778, 6083927.4758], [-9883125.7884, 6083924.014300004], [-9883138.2094, 6083917.091499999], [-9883144.4199, 6083913.6303], [-9883169.3681, 6083899.863799997], [-9883175.6317, 6083896.442100003], [-9883188.1057, 6083889.598499998], [-9883194.3162, 6083886.196400002], [-9883293.8967, 6083832.041000001], [-9883306.3708, 6083825.316200003], [-9883331.3721, 6083811.945600003], [-9883343.8992, 6083805.299800001], [-9883394.008, 6083778.894699998], [-9883406.5883, 6083772.328100003], [-9883431.7487, 6083759.274099998], [-9883444.3291, 6083752.806299999], [-9883545.2896, 6083701.302000001], [-9883557.9762, 6083694.913599998], [-9883583.2959, 6083682.195799999], [-9883595.9822, 6083675.886399999], [-9883646.7811, 6083650.8068], [-9883659.5206, 6083644.576700002], [-9883684.9995, 6083632.1954], [-9883685.9019, 6083631.759999998], [-9883686.3267, 6083631.5227999985], [-9883705.7544, 6083620.1501], [-9883710.4785, 6083617.380999997], [-9883719.9802, 6083611.843099996], [-9883724.492, 6083609.232299998], [-9883729.8002, 6083606.166599996], [-9883739.9918, 6083600.2924000025], [-9883745.0876, 6083597.384900004], [-9883765.0462, 6083585.972599998], [-9883770.0357, 6083583.144299999], [-9883780.015, 6083577.4679000005], [-9883785.0047, 6083574.6395], [-9883824.4973, 6083552.329400003], [-9883829.4869, 6083549.540600002], [-9883839.36, 6083544.002800003], [-9883844.2965, 6083541.2337], [-9883864.1489, 6083530.177599996], [-9883869.0854, 6083527.428400002], [-9883879.0116, 6083521.93], [-9883884.0013, 6083519.1809], [-9883962.9862, 6083475.668399997], [-9883972.9124, 6083470.2491], [-9883992.7118, 6083459.469999999], [-9884002.638, 6083454.110200003], [-9884042.3958, 6083432.769299999], [-9884052.322, 6083427.449000001], [-9884072.2805, 6083416.887500003], [-9884082.2068, 6083411.626699999], [-9884162.1471, 6083369.776100002], [-9884172.1265, 6083364.574500002], [-9884192.1911, 6083354.2108], [-9884202.2236, 6083349.068400003], [-9884242.4061, 6083328.558700003], [-9884252.4385, 6083323.456], [-9884272.6093, 6083313.310000002], [-9884282.6947, 6083308.266500004], [-9884363.4315, 6083268.0978000015], [-9884368.474, 6083265.585900001], [-9884378.6126, 6083260.582199998], [-9884383.6553, 6083258.110100001], [-9884403.9323, 6083248.161799997], [-9884408.9751, 6083245.689499997], [-9884419.1137, 6083240.745200001], [-9884424.1564, 6083238.2729], [-9884464.7636, 6083218.613799997], [-9884469.8593, 6083216.161399998], [-9884479.9978, 6083211.2761999965], [-9884485.0936, 6083208.843599997], [-9884505.4238, 6083199.112899996], [-9884510.5196, 6083196.700000003], [-9884520.7112, 6083191.854699999], [-9884525.8071, 6083189.441799998], [-9884588.9207, 6083159.6963], [-9884594.4411, 6083157.1054000035], [-9884605.535, 6083151.903800003], [-9884611.1087, 6083149.332699999], [-9884623.742, 6083143.439000003], [-9884628.2008, 6083141.184500001], [-9884632.872, 6083138.791500002], [-9884642.2673, 6083134.044699997], [-9884646.9384, 6083131.691200003], [-9884665.7292, 6083122.237599999], [-9884670.4005, 6083119.884099998], [-9884679.7959, 6083115.177000001], [-9884684.52, 6083112.8433], [-9884722.1015, 6083094.1338], [-9884726.8258, 6083091.8002], [-9884736.2743, 6083087.1523], [-9884740.9455, 6083084.818800002], [-9884743.1217, 6083083.770499997], [-9884743.8118, 6083083.4146], [-9884750.9779, 6083079.735799998], [-9884779.7478, 6083065.041299999], [-9884786.967, 6083061.382600002], [-9884800.4495, 6083054.579099998], [-9884807.4563, 6083050.742200002], [-9884816.4801, 6083045.8376], [-9884852.6815, 6083026.277800001], [-9884861.7053, 6083021.412600003], [-9884879.8592, 6083011.721699998], [-9884888.936, 6083006.8961], [-9884961.6574, 6082968.468999997], [-9884970.7342, 6082963.6831], [-9884988.9412, 6082954.170299999], [-9884998.0712, 6082949.423799999], [-9885034.6441, 6082930.576200001], [-9885043.7742, 6082925.869400002], [-9885062.0871, 6082916.534599997], [-9885071.2702, 6082911.886799999], [-9885144.6816, 6082874.864500001], [-9885153.8647, 6082870.256499998], [-9885172.2839, 6082861.0801], [-9885181.467, 6082856.511600003], [-9885218.3584, 6082838.356200002], [-9885227.5945, 6082833.827399999], [-9885246.0669, 6082824.8488000035], [-9885255.3561, 6082820.379199997], [-9885315.0724, 6082791.663400002], [-9885369.3217, 6082762.433399998], [-9885376.4344, 6082758.616599999], [-9885390.6602, 6082751.0222999975], [-9885397.7731, 6082747.244900003], [-9885426.2778, 6082732.135700002], [-9885433.4437, 6082728.3781], [-9885447.7226, 6082720.882799998], [-9885454.8887, 6082717.1450999975], [-9885512.1102, 6082687.381399997], [-9885519.2763, 6082683.683200002], [-9885533.6082, 6082676.286700003], [-9885540.8272, 6082672.608400002], [-9885569.5443, 6082657.954000004], [-9885576.7101, 6082654.295400001], [-9885591.1483, 6082647.0176], [-9885598.3142, 6082643.398599997], [-9885611.1598, 6082636.971299998], [-9885618.0605, 6082633.510399997], [-9885631.9147, 6082626.6479], [-9885638.8683, 6082623.226800002], [-9885666.5768, 6082609.581100002], [-9885673.5303, 6082606.1796], [-9885687.3846, 6082599.416100003], [-9885694.3382, 6082596.034400001], [-9885750.0205, 6082569.158399999], [-9885756.9742, 6082565.816200003], [-9885770.8815, 6082559.131999999], [-9885777.8882, 6082555.809600003], [-9885805.8089, 6082542.579300001], [-9885812.7625, 6082539.276600003], [-9885826.776, 6082532.711000003], [-9885833.7297, 6082529.428199999], [-9885936.1765, 6082481.748099998], [-9885959.5322, 6082469.862599999], [-9885973.4926, 6082462.782899998], [-9886004.1206, 6082447.456500001], [-9886019.461, 6082439.842799999], [-9886080.9291, 6082409.664800003], [-9886096.3228, 6082402.189499997], [-9886127.2161, 6082387.337899998], [-9886142.6627, 6082379.981200002], [-9886167.6639, 6082368.195], [-9886190.489, 6082357.0414], [-9886201.8483, 6082351.543799996], [-9886247.1266, 6082329.751100004], [-9886258.4861, 6082324.332500003], [-9886281.2049, 6082313.554700002], [-9886292.5641, 6082308.195500001], [-9886383.7048, 6082265.658299997], [-9886395.1174, 6082260.378200002], [-9886417.9421, 6082249.857699998], [-9886429.3546, 6082244.6567], [-9886475.1639, 6082223.912199996], [-9886486.6293, 6082218.751000002], [-9886509.6135, 6082208.527099997], [-9886521.0791, 6082203.425099999], [-9886605.1068, 6082166.5638], [-9886615.6168, 6082161.995700002], [-9886636.6901, 6082152.879299998], [-9886647.2003, 6082148.3706], [-9886689.3999, 6082130.375200003], [-9886699.963, 6082125.9059000015], [-9886721.0894, 6082117.026900001], [-9886731.7056, 6082112.616999999], [-9886816.4765, 6082077.555799998], [-9886827.0395, 6082073.205200002], [-9886848.3252, 6082064.5634], [-9886858.9415, 6082060.252400003], [-9886901.5126, 6082043.186700001], [-9886912.1288, 6082038.935099997], [-9886933.4675, 6082030.510899998], [-9886944.1368, 6082026.318700001], [-9887029.6508, 6081993.077], [-9887034.959, 6081991.020499997], [-9887045.6283, 6081986.9070999995], [-9887050.9364, 6081984.850699998], [-9887072.2752, 6081976.683700003], [-9887077.6364, 6081974.6467999965], [-9887088.3056, 6081970.593000002], [-9887093.6137, 6081968.575900003], [-9887136.3972, 6081952.4794000015], [-9887141.6523, 6081950.4821000025], [-9887152.2686, 6081946.527099997], [-9887157.5768, 6081944.549500003], [-9887178.8092, 6081936.679200001], [-9887184.0643, 6081934.7412], [-9887194.5213, 6081930.885300003], [-9887199.564, 6081929.0462], [-9887204.7129, 6081927.167599998], [-9887214.5859, 6081923.588299997], [-9887219.5757, 6081921.808700003], [-9887239.0565, 6081914.808399998], [-9887243.9399, 6081913.048500001], [-9887253.6538, 6081909.568099998], [-9887258.5372, 6081907.8477], [-9887297.2336, 6081894.1439], [-9887302.0639, 6081892.4432], [-9887311.7777, 6081889.042000003], [-9887316.6082, 6081887.341300003], [-9887335.9829, 6081880.598200001], [-9887340.8134, 6081878.9174000025], [-9887350.5272, 6081875.555699997], [-9887355.3577, 6081873.894699998], [-9887432.6439, 6081847.357000001], [-9887442.3047, 6081844.0744], [-9887461.6793, 6081837.529299997], [-9887471.3402, 6081834.286200002], [-9887510.1427, 6081821.393200003], [-9887519.8033, 6081818.189599998], [-9887539.231, 6081811.822300002], [-9887548.9449, 6081808.678199999], [-9887626.709, 6081783.623899996], [-9887636.476, 6081780.519400001], [-9887655.9038, 6081774.3499], [-9887665.6707, 6081771.2848000005], [-9887704.6855, 6081759.123599999], [-9887714.4524, 6081756.117700003], [-9887733.9332, 6081750.126100004], [-9887743.7533, 6081747.159999996], [-9887821.942, 6081723.589100003], [-9887831.762, 6081720.662600003], [-9887851.349, 6081714.8488000035], [-9887861.1159, 6081711.981600001], [-9887900.343, 6081700.571800001], [-9887910.163, 6081697.744199999], [-9887929.8031, 6081692.128399998], [-9887939.6231, 6081689.340099998], [-9888018.2896, 6081667.252499998], [-9888028.1096, 6081664.523599997], [-9888047.8029, 6081659.0858], [-9888057.676, 6081656.396399997], [-9888067.8145, 6081653.647699997], [-9888152.0013, 6081608.958499998], [-9888169.2527, 6081599.902000003], [-9888203.8087, 6081581.947099999], [-9888221.1663, 6081573.048900001], [-9888290.5966, 6081537.7722999975], [-9888308.0072, 6081529.012599997], [-9888342.8816, 6081511.690700002], [-9888360.3455, 6081503.108800001], [-9888500.48, 6081435.087399997], [-9888518.0498, 6081426.663900003], [-9888553.2427, 6081409.9551], [-9888570.8656, 6081401.689800002], [-9888641.5169, 6081368.944899999], [-9888659.246, 6081360.8379999995], [-9888694.7043, 6081344.801600002], [-9888712.4866, 6081336.852799997], [-9888736.1608, 6081326.4124], [-9888758.2958, 6081315.853500001], [-9888765.4086, 6081312.472099997], [-9888779.6875, 6081305.729599997], [-9888786.8534, 6081302.368100002], [-9888901.1905, 6081248.861699998], [-9888915.5224, 6081242.2179000005], [-9888944.2394, 6081229.049000002], [-9888958.6244, 6081222.523800001], [-9889016.1646, 6081196.601400003], [-9889030.6026, 6081190.175099999], [-9889059.4788, 6081177.421499997], [-9889073.9701, 6081171.114], [-9889189.8465, 6081120.969899997], [-9889204.3378, 6081114.760899998], [-9889233.4262, 6081102.442599997], [-9889247.9706, 6081096.332699999], [-9889306.3068, 6081072.111000001], [-9889320.9041, 6081066.119900003], [-9889350.1519, 6081054.216700003], [-9889364.8023, 6081048.324600004], [-9889482.1121, 6081001.6215], [-9889489.3842, 6080998.714900002], [-9889504.0346, 6080992.961199999], [-9889511.3597, 6080990.0744], [-9889540.7137, 6080978.6455999985], [-9889548.0389, 6080975.8182], [-9889562.7426, 6080970.1435], [-9889570.0676, 6080967.335900001], [-9889628.8818, 6080944.894100003], [-9889636.207, 6080942.126000002], [-9889650.8574, 6080936.609300002], [-9889658.1826, 6080933.861000001], [-9889687.4834, 6080922.926899999], [-9889694.7555, 6080920.237800002], [-9889709.2468, 6080914.879500002], [-9889716.3066, 6080912.289300002], [-9889722.1455, 6080910.1538999975], [-9889733.5049, 6080906.041299999], [-9889739.1847, 6080904.004799999], [-9889761.585, 6080895.9772000015], [-9889767.2116, 6080893.9802], [-9889778.4117, 6080889.986100003], [-9889783.9852, 6080888.008900002], [-9889828.5205, 6080872.329400003], [-9889834.0938, 6080870.371799998], [-9889845.241, 6080866.476800002], [-9889850.8145, 6080864.5392], [-9889873.1087, 6080856.827799998], [-9889878.6822, 6080854.909999996], [-9889889.8294, 6080851.074199997], [-9889895.4029, 6080849.176100001], [-9889984.4201, 6080818.904799998], [-9889995.5672, 6080815.148000002], [-9890017.8614, 6080807.7136999965], [-9890029.0085, 6080804.0163], [-9890073.7029, 6080789.365199998], [-9890084.8499, 6080785.7272000015], [-9890107.2503, 6080778.530100003], [-9890118.4503, 6080774.9711000025], [-9890208.0515, 6080746.657499999], [-9890219.3048, 6080743.137999997], [-9890241.7581, 6080736.178400002], [-9890252.9583, 6080732.7381], [-9890297.9712, 6080719.075499997], [-9890309.2245, 6080715.694700003], [-9890331.731, 6080708.972099997], [-9890342.9842, 6080705.6504999995], [-9890433.2223, 6080679.314199999], [-9890444.5286, 6080676.052000001], [-9890467.2475, 6080669.546999998], [-9890475.2096, 6080662.508299999], [-9890481.7917, 6080656.655599996], [-9890508.3322, 6080633.245899998], [-9890514.9675, 6080627.413199998], [-9890528.2378, 6080615.748000003], [-9890534.9261, 6080609.935000002], [-9890588.2727, 6080563.570500001], [-9890594.9079, 6080557.8367], [-9890608.1782, 6080546.4089], [-9890614.8134, 6080540.714599997], [-9890641.407, 6080517.9575999975], [-9890647.9361, 6080512.401799999], [-9890661.0471, 6080501.310099997], [-9890667.3107, 6080495.991499998], [-9890673.999, 6080490.376400001], [-9890686.8978, 6080479.640600003], [-9890693.3737, 6080474.2826000005], [-9890718.6403, 6080453.3248], [-9890725.0101, 6080448.0854], [-9890737.6966, 6080437.666000001], [-9890744.0663, 6080432.4463], [-9890794.4404, 6080391.3618], [-9890800.757, 6080386.240999997], [-9890813.3904, 6080376.019199997], [-9890819.7601, 6080370.918300003], [-9890845.0799, 6080350.573700003], [-9890851.4498, 6080345.492700003], [-9890864.1362, 6080335.369900003], [-9890870.5059, 6080330.308399998], [-9890971.9972, 6080250.117399998], [-9890984.7367, 6080240.133000001], [-9891010.2158, 6080220.283299997], [-9891023.0085, 6080210.397699997], [-9891074.391, 6080171.054099999], [-9891087.2367, 6080161.267499998], [-9891113.0342, 6080141.793399997], [-9891125.9861, 6080132.105899997], [-9891229.8131, 6080055.000799999], [-9891242.8179, 6080045.412199996], [-9891268.9339, 6080026.313900001], [-9891281.992, 6080016.824199997], [-9891334.4894, 6079979.043200001], [-9891347.6535, 6079969.652400002], [-9891374.0349, 6079950.969499998], [-9891387.2521, 6079941.677500002], [-9891493.3085, 6079867.717500001], [-9891499.9967, 6079863.111100003], [-9891513.267, 6079853.918099999], [-9891519.9023, 6079849.3314], [-9891546.6021, 6079831.0244999975], [-9891553.2372, 6079826.477399997], [-9891566.6138, 6079817.383400001], [-9891573.302, 6079812.836199999], [-9891626.914, 6079776.657300003], [-9891633.6023, 6079772.1499999985], [-9891647.0319, 6079763.154700004], [-9891653.7732, 6079758.6669000015], [-9891680.6854, 6079740.775399998], [-9891687.4267, 6079736.327200003], [-9891700.9095, 6079727.430699997], [-9891707.7038, 6079723.002300002], [-9891725.2207, 6079711.516199999], [-9891731.4311, 6079707.502899997], [-9891743.746, 6079699.496299997], [-9891749.9033, 6079695.502899997], [-9891774.6392, 6079679.588299997], [-9891780.8497, 6079675.614600003], [-9891793.2177, 6079667.706900001], [-9891799.4281, 6079663.752800003], [-9891849.1124, 6079632.260200001], [-9891855.3227, 6079628.325900003], [-9891867.7438, 6079620.497299999], [-9891873.9543, 6079616.582999997], [-9891898.9026, 6079601.004600003], [-9891905.1661, 6079597.129799999], [-9891917.6402, 6079589.3803], [-9891923.9038, 6079585.525200002], [-9892024.0682, 6079523.884599999], [-9892030.3318, 6079520.069200002], [-9892042.8059, 6079512.438299999], [-9892049.0695, 6079508.6426], [-9892074.0708, 6079493.460000001], [-9892080.3343, 6079489.684], [-9892092.9146, 6079482.151900001], [-9892099.1782, 6079478.3759], [-9892149.4462, 6079448.386299998], [-9892155.6566, 6079444.689499997], [-9892168.1308, 6079437.295900002], [-9892174.3944, 6079433.618900001], [-9892199.3956, 6079418.930600002], [-9892205.5, 6079415.332699999], [-9892217.8148, 6079408.156300001], [-9892223.76, 6079404.716700003], [-9892229.2803, 6079401.533799998], [-9892239.8436, 6079395.425300002], [-9892245.1517, 6079392.400600001], [-9892265.9595, 6079380.539300002], [-9892271.1085, 6079377.573899999], [-9892281.5123, 6079371.663099997], [-9892286.7144, 6079368.7173999995], [-9892327.9054, 6079345.509000003], [-9892333.1073, 6079342.602799997], [-9892343.4051, 6079336.830300003], [-9892348.554, 6079333.9441], [-9892369.2026, 6079322.4388], [-9892374.4047, 6079319.5722], [-9892384.7554, 6079313.859099999], [-9892389.9044, 6079310.9925], [-9892472.3396, 6079265.722400002], [-9892482.6373, 6079260.088299997], [-9892503.286, 6079248.879600003], [-9892513.6368, 6079243.304700002], [-9892555.0933, 6079221.104699999], [-9892565.4972, 6079215.589400001], [-9892586.252, 6079204.597999997], [-9892596.6559, 6079199.141800001], [-9892680.0466, 6079155.671300001], [-9892690.5037, 6079150.254799999], [-9892711.3646, 6079139.500699997], [-9892721.8747, 6079134.163199998], [-9892763.7558, 6079112.872699998], [-9892774.2658, 6079107.5945999995], [-9892795.286, 6079097.0581], [-9892805.7962, 6079091.819600001], [-9892890.0892, 6079050.187899999], [-9892901.4486, 6079044.633199997], [-9892924.1143, 6079033.602399997], [-9892935.4738, 6079028.106899999], [-9892980.9644, 6079006.302699998], [-9892992.3238, 6079000.886299998], [-9893015.1487, 6078990.112800002], [-9893026.5612, 6078984.7557], [-9893118.0202, 6078942.215000004], [-9893129.3266, 6078936.996399999], [-9893138.8812, 6078932.627599999], [-9893150.4529, 6078927.053099997], [-9893154.5402, 6078925.0961000025], [-9893162.7147, 6078921.182099998], [-9893166.8019, 6078919.244900003], [-9893192.2278, 6078907.127300002], [-9893198.0136, 6078904.3992], [-9893209.4793, 6078898.982900001], [-9893215.2651, 6078896.274599999], [-9893238.2494, 6078885.481399998], [-9893244.0352, 6078882.793099999], [-9893255.5538, 6078877.436099999], [-9893261.3397, 6078874.7673999965], [-9893307.5204, 6078853.457900003], [-9893313.2531, 6078850.809], [-9893324.8249, 6078845.511100002], [-9893330.6107, 6078842.862400003], [-9893353.7541, 6078832.345799997], [-9893359.54, 6078829.736599997], [-9893371.1648, 6078824.517999999], [-9893376.9506, 6078821.908699997], [-9893469.7898, 6078780.396700002], [-9893482.1577, 6078774.9212], [-9893506.8936, 6078764.049000002], [-9893519.2616, 6078758.632799998], [-9893565.8139, 6078738.529200003], [-9893648.6206, 6078699.864399999], [-9893659.2369, 6078694.922600001], [-9893680.6287, 6078685.078500003], [-9893691.298, 6078680.196000002], [-9893734.0816, 6078660.764600001], [-9893744.8039, 6078655.941500001], [-9893766.2488, 6078646.3544000015], [-9893777.0244, 6078641.590400003], [-9893861.2643, 6078604.447899997], [-9893870.8189, 6078599.249200001], [-9893891.9453, 6078587.804200001], [-9893902.5085, 6078582.111400001], [-9893944.8672, 6078559.478100002], [-9893955.4835, 6078553.844300002], [-9893976.7161, 6078542.636600003], [-9893987.3324, 6078537.062299997], [-9894072.5278, 6078492.744900003], [-9894083.1971, 6078487.2299000025], [-9894104.5889, 6078476.279100001], [-9894115.2582, 6078470.8235], [-9894158.1478, 6078449.1395], [-9894169.5073, 6078446.055699997], [-9894190.6867, 6078434.432999998], [-9894201.409, 6078428.997100003], [-9894287.3476, 6078385.668700002], [-9894292.7089, 6078382.940700002], [-9894303.4843, 6078377.465499997], [-9894308.8456, 6078374.796999998], [-9894330.5028, 6078364.597499996], [-9894335.9171, 6078362.047600001], [-9894346.7988, 6078356.967699997], [-9894352.213, 6078354.4177], [-9894395.5804, 6078334.137199998], [-9894401.0478, 6078331.587399997], [-9894405.5597, 6078329.492200002], [-9894411.8763, 6078326.7249], [-9894417.2907, 6078324.016800001], [-9894438.7886, 6078312.552299999], [-9894444.256, 6078310.002499998], [-9894455.0845, 6078304.9026999995], [-9894460.5519, 6078302.372699998], [-9894478.3872, 6078294.090400003], [-9894483.5893, 6078291.678999998], [-9894493.993, 6078286.855899997], [-9894499.2481, 6078284.444600001], [-9894520.1621, 6078274.877599999], [-9894525.3643, 6078272.485799998], [-9894535.8211, 6078267.722099997], [-9894541.0762, 6078265.350199997], [-9894583.0104, 6078246.414099999], [-9894588.2124, 6078244.042099997], [-9894598.7224, 6078239.337800004], [-9894603.9774, 6078237.005400002], [-9894624.9978, 6078227.636299998], [-9894630.2527, 6078225.303800002], [-9894640.7628, 6078220.6586000025], [-9894646.0179, 6078218.3461000025], [-9894730.2049, 6078181.363499999], [-9894740.7679, 6078176.777800001], [-9894761.8412, 6078167.6457], [-9894772.4044, 6078163.099699996], [-9894814.7101, 6078145.072999999], [-9894825.3264, 6078140.586099997], [-9894846.5058, 6078131.671599999], [-9894857.1221, 6078127.244099997], [-9894914.6622, 6078103.445900001], [-9894915.4054, 6078102.655199997], [-9894931.3828, 6078085.379799999], [-9894939.3982, 6078076.761799999], [-9894971.5653, 6078042.408799998], [-9894979.5807, 6078033.830499999], [-9894995.7705, 6078016.752800003], [-9895003.8919, 6078008.214000002], [-9895068.9165, 6077940.200400002], [-9895077.0378, 6077931.720799997], [-9895093.3869, 6077914.801799998], [-9895101.6145, 6077906.381499998], [-9895134.4717, 6077872.721000001], [-9895142.7526, 6077864.340499997], [-9895159.2606, 6077847.599299997], [-9895167.5415, 6077839.258299999], [-9895234.0522, 6077772.669100001], [-9895242.386, 6077764.367799997], [-9895259.1066, 6077747.824199997], [-9895267.4935, 6077739.562399998], [-9895301.0939, 6077706.6338], [-9895309.5339, 6077698.431199998], [-9895326.4136, 6077682.066], [-9895334.8536, 6077673.902999997], [-9895402.7976, 6077608.797399998], [-9895411.2907, 6077600.674099997], [-9895428.3828, 6077584.506700002], [-9895436.9289, 6077576.422799997], [-9895471.2726, 6077544.245800003], [-9895479.8716, 6077536.221500002], [-9895497.07, 6077520.231799997], [-9895505.7222, 6077512.247000001], [-9895575.0464, 6077448.6445999965], [-9895583.7518, 6077440.7192], [-9895601.1623, 6077424.9274], [-9895609.8677, 6077417.041299999], [-9895644.9013, 6077385.616099998], [-9895653.6597, 6077377.789499998], [-9895671.2297, 6077362.175700001], [-9895680.0943, 6077354.388499998], [-9895750.7455, 6077292.309299998], [-9895755.1511, 6077288.4750000015], [-9895763.9095, 6077280.7870000005], [-9895768.3153, 6077276.9526999965], [-9895785.9383, 6077261.655299999], [-9895790.3441, 6077257.821000002], [-9895799.2086, 6077250.192199998], [-9895803.6143, 6077246.377700001], [-9895839.0196, 6077215.961199999], [-9895843.4253, 6077212.225699998], [-9895852.1306, 6077204.755000003], [-9895856.5363, 6077201.019500002], [-9895874.0532, 6077186.117600001], [-9895878.2997, 6077182.5205999985], [-9895886.7927, 6077175.326499999], [-9895890.8269, 6077171.946900003], [-9895895.8165, 6077167.756999999], [-9895905.3181, 6077159.812100001], [-9895910.0422, 6077155.859300002], [-9895928.5146, 6077140.502800003], [-9895933.1327, 6077136.668499999], [-9895942.4219, 6077129.000299998], [-9895947.04, 6077125.185900003], [-9895983.666, 6077095.086000003], [-9895988.231, 6077091.350599997], [-9895997.4141, 6077083.840300001], [-9896001.979, 6077080.104999997], [-9896020.3983, 6077065.163800001], [-9896024.9633, 6077061.428400002], [-9896034.1994, 6077053.977499999], [-9896038.8175, 6077050.262199998], [-9896112.1227, 6076991.347199999], [-9896121.3058, 6076984.015000001], [-9896139.7251, 6076969.370300002], [-9896148.9081, 6076962.0776999965], [-9896185.9058, 6076933.025700003], [-9896195.1418, 6076925.792300001], [-9896213.7202, 6076911.365099996], [-9896223.0626, 6076904.171300001], [-9896297.5887, 6076846.8583], [-9896306.931, 6076839.723700002], [-9896325.6687, 6076825.494400002], [-9896335.0641, 6076818.419200003], [-9896372.6456, 6076790.177900001], [-9896382.041, 6076783.142300002], [-9896400.9379, 6076769.110799998], [-9896410.3864, 6076762.134499997], [-9896486.1865, 6076706.482299998], [-9896495.688, 6076699.545699999], [-9896514.6912, 6076685.7315], [-9896524.2457, 6076678.854099996], [-9896562.4644, 6076651.4432], [-9896572.0189, 6076644.605599999], [-9896591.1813, 6076631.0088], [-9896600.7889, 6076624.230300002], [-9896677.7568, 6076570.239200003], [-9896687.4176, 6076563.519900002], [-9896706.7391, 6076550.120999999], [-9896716.4, 6076543.461000003], [-9896755.2024, 6076516.8807], [-9896764.9163, 6076510.260399997], [-9896784.3971, 6076497.0788], [-9896794.164, 6076490.517800003], [-9896872.2998, 6076438.2272000015], [-9896882.0666, 6076431.725400001], [-9896901.6537, 6076418.761399999], [-9896911.4736, 6076412.2993], [-9896950.8599, 6076386.569200002], [-9896960.7331, 6076380.166199997], [-9896980.4793, 6076367.419799998], [-9896990.3525, 6076361.076099999], [-9897069.6028, 6076310.505500004], [-9897079.529, 6076304.201399997], [-9897099.4346, 6076291.672600001], [-9897109.3607, 6076285.427699998], [-9897149.2778, 6076260.587200001], [-9897159.2571, 6076254.401799999], [-9897179.2687, 6076242.070500001], [-9897189.3011, 6076235.944399998], [-9897269.666, 6076187.113399997], [-9897274.6559, 6076184.090000004], [-9897284.6351, 6076178.043099999], [-9897289.6246, 6076175.039099999], [-9897309.6895, 6076163.004600003], [-9897314.6792, 6076160.000600003], [-9897324.7115, 6076154.012900002], [-9897329.7542, 6076151.028999999], [-9897369.9367, 6076127.196699999], [-9897374.9264, 6076124.2522], [-9897384.8525, 6076118.402900003], [-9897389.8421, 6076115.4782000035], [-9897409.8007, 6076103.7993], [-9897414.6312, 6076100.953599997], [-9897424.398, 6076095.2820999995], [-9897429.0692, 6076092.574699998], [-9897444.5159, 6076083.721600004], [-9897474.9845, 6076066.391099997], [-9897490.2719, 6076057.795000002], [-9897551.1031, 6076023.9045], [-9897566.3373, 6076015.486100003], [-9897596.8592, 6075998.807800002], [-9897612.1996, 6075990.508100003], [-9897720.3793, 6075932.489699997], [-9897748.4062, 6075917.2936], [-9897757.2177, 6075912.511399999], [-9897771.9743, 6075904.587399997], [-9897780.8388, 6075899.844800003], [-9897812.5814, 6075882.850299999], [-9897823.3038, 6075877.159199998], [-9897841.1392, 6075867.693700001], [-9897851.9147, 6075862.042300001], [-9897861.4163, 6075857.0427], [-9897866.6181, 6075854.315800004], [-9897877.0221, 6075848.8618], [-9897882.2772, 6075846.154600002], [-9897903.1382, 6075835.325599998], [-9897908.3932, 6075832.638099998], [-9897918.8501, 6075827.243500002], [-9897924.1052, 6075824.556100003], [-9897965.9864, 6075803.135499999], [-9897971.2415, 6075800.4679000005], [-9897981.7515, 6075795.152099997], [-9897987.0065, 6075792.484399997], [-9898008.0266, 6075781.892800003], [-9898013.2817, 6075779.244800001], [-9898023.7918, 6075773.988499999], [-9898029.047, 6075771.360399999], [-9898036.2659, 6075767.7641], [-9898046.5637, 6075762.665799998], [-9898063.7089, 6075754.228], [-9898074.0068, 6075749.169299997], [-9898104.9, 6075734.072300002], [-9898115.1978, 6075729.053000003], [-9898132.4491, 6075720.7141999975], [-9898142.747, 6075715.734399997], [-9898223.4306, 6075677.023900002], [-9898228.7386, 6075674.494599998], [-9898239.3549, 6075669.435900003], [-9898244.663, 6075666.9065999985], [-9898265.8955, 6075656.868299998], [-9898271.2036, 6075654.358800001], [-9898281.873, 6075649.359200001], [-9898287.1811, 6075646.869599998], [-9898329.8055, 6075627.010499999], [-9898335.1134, 6075624.5207], [-9898345.7829, 6075619.580799997], [-9898351.1441, 6075617.1303], [-9898372.4827, 6075607.309600003], [-9898377.7909, 6075604.859200001], [-9898388.5133, 6075599.978500001], [-9898393.8745, 6075597.548], [-9898427.528, 6075582.2733], [-9898438.0381, 6075577.550700001], [-9898455.5549, 6075569.6862], [-9898466.0119, 6075565.002999999], [-9898497.5953, 6075550.973399997], [-9898508.1054, 6075546.329800002], [-9898525.6223, 6075538.603500001], [-9898536.1854, 6075533.979599997], [-9898566.0701, 6075520.938100003], [-9898577.5888, 6075515.958499998], [-9898596.7512, 6075507.679099999], [-9898605.8811, 6075503.7667], [-9898615.3827, 6075499.557800002], [-9898701.3212, 6075461.658200003], [-9898712.0967, 6075456.935599998], [-9898733.6478, 6075447.5891999975], [-9898744.4232, 6075442.945600003], [-9898787.6315, 6075424.450499997], [-9898798.4599, 6075419.866099998], [-9898820.1172, 6075410.737300001], [-9898830.9457, 6075406.212200001], [-9898917.7335, 6075370.209899999], [-9898928.6153, 6075365.7245000005], [-9898950.3254, 6075356.852399997], [-9898961.2603, 6075352.426299997], [-9899004.84, 6075334.8994999975], [-9899015.7217, 6075330.5524], [-9899037.5911, 6075321.897699997], [-9899048.5259, 6075317.609899998], [-9899136.0569, 6075283.505000003], [-9899141.5242, 6075281.390699998], [-9899152.4059, 6075277.162199996], [-9899157.8734, 6075275.0678], [-9899179.7429, 6075266.6897], [-9899185.2101, 6075264.615000002], [-9899196.1449, 6075260.445600003], [-9899201.6123, 6075258.390799999], [-9899245.4043, 6075241.8719], [-9899250.8186, 6075239.8367], [-9899261.7004, 6075235.7663], [-9899267.1678, 6075233.730999999], [-9899288.931, 6075225.669100001], [-9899294.2922, 6075223.693400003], [-9899304.9616, 6075219.741499998], [-9899310.1634, 6075217.844499998], [-9899316.7457, 6075215.453699999], [-9899329.5913, 6075210.810199998], [-9899336.0141, 6075208.518100001], [-9899361.3338, 6075199.448600002], [-9899367.6505, 6075197.196000002], [-9899380.3369, 6075192.710600004], [-9899386.6536, 6075190.478], [-9899437.0809, 6075172.793300003], [-9899443.3444, 6075170.600199997], [-9899455.9778, 6075166.213399999], [-9899462.2944, 6075164.039999999], [-9899487.5612, 6075155.365800001], [-9899493.8778, 6075153.192299999], [-9899506.5111, 6075148.904600002], [-9899512.8279, 6075146.750799999], [-9899613.7353, 6075112.784900002], [-9899626.3156, 6075108.576200001], [-9899651.6353, 6075100.237899996], [-9899664.2687, 6075096.108199999], [-9899714.9082, 6075079.747599997], [-9899727.5947, 6075075.6972], [-9899752.9675, 6075067.655199997], [-9899765.6539, 6075063.683799997], [-9899867.3577, 6075032.227600001], [-9899880.044, 6075028.334899999], [-9899905.5232, 6075020.629000001], [-9899918.2626, 6075016.7958], [-9899969.3268, 6075001.700000003], [-9899982.1194, 6074997.9657000005], [-9900007.6515, 6074990.5757], [-9900020.4441, 6074986.920500003], [-9900122.8909, 6074957.9738000035], [-9900129.2607, 6074956.175800003], [-9900142.1064, 6074952.5995000005], [-9900148.5292, 6074950.8213], [-9900174.1675, 6074943.747500002], [-9900180.5903, 6074941.989], [-9900193.4359, 6074938.472000003], [-9900199.8587, 6074936.7333], [-9900251.2415, 6074922.9021999985], [-9900257.6643, 6074921.183300003], [-9900270.51, 6074917.765000001], [-9900276.9328, 6074916.065700002], [-9900302.6772, 6074909.308200002], [-9900309.1001, 6074907.628700003], [-9900321.9988, 6074904.2896], [-9900328.4216, 6074902.629900001], [-9900336.5431, 6074900.555200003], [-9900341.4797, 6074899.310500003], [-9900351.3528, 6074896.800899997], [-9900356.2893, 6074895.556199998], [-9900376.0355, 6074890.5967999995], [-9900380.9721, 6074889.3719], [-9900390.8452, 6074886.921800002], [-9900395.7818, 6074885.696699999], [-9900435.3272, 6074875.975599997], [-9900440.264, 6074874.750399999], [-9900450.137, 6074872.359700002], [-9900455.1267, 6074871.1545], [-9900474.8729, 6074866.392700002], [-9900479.8626, 6074865.2070999965], [-9900489.7356, 6074862.836199999], [-9900494.7253, 6074861.670299999], [-9900573.9756, 6074842.959100001], [-9900583.9018, 6074840.6472999975], [-9900603.7011, 6074836.063299999], [-9900613.6273, 6074833.810999997], [-9900653.3322, 6074824.820799999], [-9900663.3114, 6074822.608000003], [-9900683.1637, 6074818.221500002], [-9900693.1431, 6074816.048100002], [-9900772.712, 6074798.8583], [-9900782.6913, 6074796.7245000005], [-9900802.5967, 6074792.515900001], [-9900812.576, 6074790.441200003], [-9900852.4401, 6074782.2217999995], [-9900862.4193, 6074780.186700001], [-9900882.3778, 6074776.175700001], [-9900892.3571, 6074774.200000003], [-9900972.2444, 6074758.511699997], [-9900977.2342, 6074757.543700002], [-9900987.2134, 6074755.6074], [-9900992.203, 6074754.639200002], [-9901012.1616, 6074750.825900003], [-9901017.1512, 6074749.877400003], [-9901027.1305, 6074748.000399999], [-9901032.1201, 6074747.052100003], [-9901072.0373, 6074739.622900002], [-9901077.0268, 6074738.694300003], [-9901086.9531, 6074736.856899999], [-9901091.9428, 6074735.947999999], [-9901111.8482, 6074732.351899996], [-9901116.7847, 6074731.462700002], [-9901126.6047, 6074729.684600003], [-9901131.4351, 6074728.8347999975], [-9901137.4334, 6074727.787799999], [-9901149.1644, 6074725.752700001], [-9901155.0033, 6074724.725199997], [-9901178.3059, 6074720.754000001], [-9901184.0919, 6074719.765900001], [-9901195.7696, 6074717.809900001], [-9901201.6086, 6074716.821900003], [-9901248.0017, 6074709.1558], [-9901253.8406, 6074708.187700003], [-9901265.4123, 6074706.310599998], [-9901271.2513, 6074705.381999999], [-9901294.4477, 6074701.667499997], [-9901300.2867, 6074700.738899998], [-9901311.9116, 6074698.9212], [-9901317.6974, 6074698.012199998], [-9901410.5365, 6074683.707400002], [-9901422.1614, 6074681.948899999], [-9901445.3579, 6074678.4912], [-9901456.9827, 6074676.792099997], [-9901503.4819, 6074670.153300002], [-9901515.1067, 6074668.513300002], [-9901538.3563, 6074665.312600002], [-9901550.0342, 6074663.751699999], [-9901643.1387, 6074651.462200001], [-9901654.7635, 6074649.960500002], [-9901678.0662, 6074647.016800001], [-9901689.744, 6074645.5940999985], [-9901736.3495, 6074639.943300001], [-9901748.0273, 6074638.579999998], [-9901771.3301, 6074635.892999999], [-9901783.0079, 6074634.5691], [-9901876.3778, 6074624.334399998], [-9901894.797, 6074622.3983], [-9901931.6886, 6074618.663900003], [-9901950.1077, 6074616.885700002], [-9902023.9438, 6074610.069300003], [-9902042.4161, 6074608.449100003], [-9902079.3606, 6074605.366999999], [-9902097.1959, 6074603.944300003], [-9902153.8337, 6074599.6765], [-9902188.7612, 6074596.8116], [-9902199.3774, 6074595.962200001], [-9902219.8668, 6074594.381499998], [-9902230.1115, 6074593.6109], [-9902300.3911, 6074588.513400003], [-9902368.4944, 6074585.747199997], [-9902386.7013, 6074584.463100001], [-9902412.9235, 6074582.981200002], [-9902455.4415, 6074581.341200002], [-9902478.0542, 6074580.708999999], [-9902532.1971, 6074578.397399999], [-9902542.654, 6074578.002099998], [-9902577.7407, 6074574.742200002], [-9902598.3364, 6074573.833300002], [-9902603.1136, 6074573.615800001], [-9902623.603, 6074572.766500004], [-9902645.791, 6074571.956200004], [-9902685.4427, 6074570.731200002], [-9902705.9321, 6074570.178000003], [-9902753.9175, 6074569.130900003], [-9902799.4613, 6074568.637100004], [-9902813.581, 6074568.617200002], [-9902820.4284, 6074568.637000002], [-9902832.1594, 6074568.6565999985], [-9902840.7585, 6074568.696099997], [-9902866.3967, 6074568.873999998], [-9902904.3499, 6074567.826800004], [-9902920.3274, 6074567.767499998], [-9902998.4099, 6074565.9498], [-9903048.3063, 6074565.376900002], [-9903060.0373, 6074565.396700002], [-9903083.5522, 6074565.534999996], [-9903095.2832, 6074565.633699998], [-9903142.207, 6074566.147500001], [-9903153.938, 6074566.305500001], [-9903177.453, 6074566.681000002], [-9903189.1841, 6074566.917999998], [-9903283.0317, 6074568.972900003], [-9903288.2337, 6074569.091300003], [-9903323.2673, 6074555.695600003], [-9903330.5925, 6074552.909699999], [-9903345.2961, 6074547.357699998], [-9903352.6742, 6074544.591700003], [-9903382.0814, 6074533.606399998], [-9903389.4597, 6074530.860100001], [-9903404.1631, 6074525.406999998], [-9903411.5415, 6074522.700099997], [-9903470.8864, 6074501.025899999], [-9903476.566, 6074498.951300003], [-9903487.8723, 6074494.881200001], [-9903493.499, 6074492.846299998], [-9903515.8992, 6074484.804899998], [-9903521.5258, 6074482.7897000015], [-9903532.726, 6074478.798699997], [-9903538.3527, 6074476.803099997], [-9903583.1002, 6074461.036399998], [-9903588.7268, 6074459.060800001], [-9903599.9269, 6074455.148800001], [-9903605.5005, 6074453.1928], [-9903627.9537, 6074445.427900001], [-9903633.5274, 6074443.491800003], [-9903644.7806, 6074439.639200002], [-9903650.4072, 6074437.722499996], [-9903740.0615, 6074407.217], [-9903751.2617, 6074403.4432], [-9903773.6089, 6074395.975100003], [-9903784.809, 6074392.260600001], [-9903829.6627, 6074377.561099999], [-9903840.8629, 6074373.9059000015], [-9903849.8867, 6074371.001699999], [-9903856.7341, 6074366.911799997], [-9903863.3693, 6074362.9802], [-9903876.5865, 6074355.136399999], [-9903883.1687, 6074351.2245000005], [-9903909.6562, 6074335.6559000015], [-9903916.1852, 6074331.842699997], [-9903929.1901, 6074324.236000001], [-9903935.5067, 6074320.580899999], [-9903941.9297, 6074316.866599999], [-9903954.2975, 6074309.753899999], [-9903960.508, 6074306.197800003], [-9903984.8723, 6074292.308499999], [-9903990.9768, 6074288.850900002], [-9904003.1855, 6074281.955600001], [-9904009.2897, 6074278.517800003], [-9904057.7528, 6074251.312299997], [-9904063.8041, 6074247.933799997], [-9904075.9598, 6074241.176899999], [-9904082.0111, 6074237.798600003], [-9904106.3223, 6074224.363499999], [-9904112.4266, 6074221.004900001], [-9904124.5822, 6074214.327100001], [-9904130.6867, 6074210.9881], [-9904227.7722, 6074158.1382], [-9904243.325, 6074149.761399999], [-9904274.4307, 6074133.126000002], [-9904290.0365, 6074124.887500003], [-9904352.5664, 6074092.150600001], [-9904368.2254, 6074084.030500002], [-9904399.6494, 6074067.928800002], [-9904415.3615, 6074059.9274], [-9904476.1396, 6074029.403300002], [-9904501.4594, 6074015.988600001], [-9904519.4008, 6074006.604199998], [-9904555.3368, 6073987.993600003], [-9904573.3846, 6073978.787199996], [-9904645.6812, 6073942.2575], [-9904654.7049, 6073937.713399999], [-9904672.8057, 6073928.664999999], [-9904681.8826, 6073924.160700001], [-9904718.1903, 6073906.2217999995], [-9904727.267, 6073901.7766999975], [-9904745.4741, 6073892.886500001], [-9904754.6039, 6073888.480700001], [-9904851.7427, 6073841.658500001], [-9904857.7939, 6073838.7544], [-9904869.9495, 6073832.926299997], [-9904910.8221, 6073814.553199999], [-9904963.001, 6073789.778999999], [-9904978.2353, 6073782.587800004], [-9905004.1922, 6073770.358800001], [-9905023.6729, 6073761.310599998], [-9905035.9346, 6073755.699900001], [-9905060.7237, 6073744.518100001], [-9905127.6591, 6073714.864299998], [-9905144.2736, 6073707.6734], [-9905186.1548, 6073688.115000002], [-9905199.7966, 6073682.109200001], [-9905206.6441, 6073679.126100004], [-9905261.424, 6073655.300700001], [-9905268.2715, 6073652.337300003], [-9905282.0195, 6073646.430299997], [-9905288.867, 6073643.486699998], [-9905316.3099, 6073631.771600001], [-9905323.2106, 6073628.847900003], [-9905336.9586, 6073623.0397000015], [-9905343.8593, 6073620.1554000005], [-9905454.0028, 6073574.045599997], [-9905460.9034, 6073571.181100003], [-9905474.7046, 6073565.452], [-9905481.6051, 6073562.607299998], [-9905487.2848, 6073560.2168999985], [-9905605.1252, 6073507.924099997], [-9905619.6695, 6073501.562899999], [-9905648.758, 6073488.899700001], [-9905663.3555, 6073482.6175], [-9905721.7448, 6073457.745499998], [-9905736.3422, 6073451.581900001], [-9905765.6431, 6073439.373099998], [-9905780.3465, 6073433.308300003], [-9905882.2626, 6073391.644699998], [-9905886.7745, 6073389.807499997], [-9905895.7983, 6073386.1526999995], [-9905900.3103, 6073384.3156], [-9905907.9008, 6073381.253600001], [-9905924.1968, 6073374.280000001], [-9905939.4842, 6073367.8596], [-9906000.5277, 6073342.336000003], [-9906015.815, 6073336.014300004], [-9906046.4429, 6073323.489799999], [-9906061.7835, 6073317.286799997], [-9906184.6666, 6073268.136500001], [-9906200.0071, 6073262.051899999], [-9906230.7411, 6073250.041100003], [-9906246.1347, 6073244.094899997], [-9906307.7621, 6073220.527400002], [-9906323.1026, 6073214.719499998], [-9906353.8897, 6073203.241999999], [-9906370.982, 6073196.940300003], [-9906381.8106, 6073192.989399999], [-9906399.4334, 6073186.648100004], [-9906409.9436, 6073182.874899998], [-9906441.2085, 6073171.713600002], [-9906451.6124, 6073168.019500002], [-9906469.0231, 6073161.875799999], [-9906479.427, 6073158.221199997], [-9906538.1879, 6073137.696199998], [-9906548.5919, 6073134.081200004], [-9906565.8963, 6073128.1153], [-9906576.2472, 6073124.5397000015], [-9906607.459, 6073113.891999997], [-9906617.8629, 6073110.355999999], [-9906635.1673, 6073104.508599997], [-9906645.6244, 6073100.992299996], [-9906664.8399, 6073094.5722], [-9906674.2353, 6073091.450900003], [-9906679.5965, 6073089.6928], [-9906761.9256, 6073057.611699998], [-9906767.3929, 6073055.497900002], [-9906778.3277, 6073051.290299997], [-9906783.7419, 6073049.196199998], [-9906805.6115, 6073040.820500001], [-9906811.0787, 6073038.726400003], [-9906822.0135, 6073034.578100003], [-9906827.4809, 6073032.503799997], [-9906871.2729, 6073015.989299998], [-9906876.6872, 6073013.954700001], [-9906887.5689, 6073009.8851], [-9906892.9831, 6073007.870399997], [-9906914.7465, 6072999.790799998], [-9906920.1078, 6072997.815399997], [-9906930.8301, 6072993.864600003], [-9906936.0321, 6072991.968099996], [-9906942.4549, 6072989.637199998], [-9906954.929, 6072985.133199997], [-9906961.1927, 6072982.881099999], [-9906985.8755, 6072974.051100001], [-9906992.0329, 6072971.8386999965], [-9907004.4008, 6072967.472999997], [-9907010.5582, 6072965.280299999], [-9907059.6583, 6072948.0546], [-9907065.8158, 6072945.901500002], [-9907078.1306, 6072941.634599999], [-9907084.2881, 6072939.501100004], [-9907108.8648, 6072931.026500002], [-9907115.0222, 6072928.912900001], [-9907127.337, 6072924.7250000015], [-9907133.4945, 6072922.631200001], [-9907186.1511, 6072904.872299999], [-9907218.2652, 6072893.9877], [-9907224.2104, 6072891.972999997], [-9907236.2068, 6072887.943099998], [-9907242.205, 6072885.947999999], [-9907266.1446, 6072877.967500001], [-9907272.1428, 6072875.991899997], [-9907284.1391, 6072872.041100003], [-9907290.1374, 6072870.085500002], [-9907338.1759, 6072854.420599997], [-9907344.1741, 6072852.465099998], [-9907356.1704, 6072848.5933], [-9907362.2217, 6072846.657399997], [-9907386.2676, 6072838.973099999], [-9907392.2657, 6072837.056900002], [-9907404.3151, 6072833.264200002], [-9907410.3134, 6072831.367799997], [-9907461.6429, 6072815.307999998], [-9907467.2695, 6072813.549999997], [-9907478.5228, 6072810.053499997], [-9907484.1494, 6072808.315200001], [-9907506.7089, 6072801.3816], [-9907512.3887, 6072799.6630000025], [-9907523.6419, 6072796.225900002], [-9907529.3215, 6072794.527099997], [-9907562.7628, 6072784.452600002], [-9907568.4425, 6072782.694600001], [-9907645.5696, 6072759.128399998], [-9907664.8911, 6072753.320799999], [-9907703.5342, 6072741.883500002], [-9907722.909, 6072736.253799997], [-9907800.5138, 6072714.129699998], [-9907819.8885, 6072708.697300002], [-9907840.8024, 6072702.929300003], [-9907853.8604, 6072698.504600003], [-9907864.4768, 6072694.889600001], [-9907885.8154, 6072687.758599997], [-9907896.4848, 6072684.2029], [-9907939.1621, 6072670.138499998], [-9907949.8314, 6072666.642099999], [-9907971.2231, 6072659.728399999], [-9907981.9455, 6072656.2914], [-9908067.7781, 6072630.513099998], [-9908078.5536, 6072627.036499999], [-9908099.9453, 6072620.162299998], [-9908110.6676, 6072616.725299999], [-9908153.6104, 6072603.0757], [-9908164.3329, 6072599.678199999], [-9908185.8307, 6072592.922399998], [-9908196.6063, 6072589.702799998], [-9908282.9165, 6072565.346900001], [-9908288.3307, 6072563.826099999], [-9908299.1593, 6072560.784000002], [-9908305.7414, 6072558.927199997], [-9908325.9654, 6072551.559199996], [-9908331.3796, 6072549.9987], [-9908342.1552, 6072546.897500001], [-9908347.5695, 6072545.356799997], [-9908390.8306, 6072533.090099998], [-9908396.2449, 6072531.5691], [-9908407.0206, 6072528.527000003], [-9908412.4348, 6072527.025799997], [-9908434.092, 6072521.001000002], [-9908439.5062, 6072519.499799997], [-9908450.3348, 6072516.517099999], [-9908455.8022, 6072515.035700001], [-9908467.4268, 6072511.855300002], [-9908473.3721, 6072510.2553], [-9908485.1561, 6072507.075099997], [-9908491.1013, 6072505.475100003], [-9908514.7224, 6072499.193599999], [-9908520.6674, 6072497.613399997], [-9908532.5046, 6072494.4925], [-9908538.3967, 6072492.951700002], [-9908585.7982, 6072480.625600003], [-9908591.7433, 6072479.085000001], [-9908603.5805, 6072476.043099999], [-9908609.5255, 6072474.522], [-9908633.2528, 6072468.497500002], [-9908639.1979, 6072466.996200003], [-9908651.035, 6072464.013400003], [-9908656.9803, 6072462.531900004], [-9908752.0487, 6072438.946999997], [-9908763.9389, 6072436.043300003], [-9908787.7194, 6072430.2754999995], [-9908799.6097, 6072427.431000002], [-9908847.2766, 6072416.171899997], [-9908859.2198, 6072413.406499997], [-9908883.0534, 6072407.915100001], [-9908894.9966, 6072405.208899997], [-9908990.5429, 6072383.796899997], [-9909002.4862, 6072381.149899997], [-9909026.4258, 6072375.935199998], [-9909038.3691, 6072373.3675], [-9909086.2485, 6072363.214500003], [-9909098.2449, 6072360.705799997], [-9909122.2376, 6072355.748000003], [-9909134.2339, 6072353.318300001], [-9909230.258, 6072334.098899998], [-9909236.2031, 6072332.894000001], [-9909248.1995, 6072330.543300003], [-9909254.1977, 6072329.3583], [-9909265.0263, 6072327.2645], [-9909330.1569, 6072291.986299999], [-9909343.4803, 6072284.855599999], [-9909370.0741, 6072270.693000004], [-9909383.3975, 6072263.641400002], [-9909436.7973, 6072235.671800002], [-9909450.1737, 6072228.738600001], [-9909477.0329, 6072214.931699999], [-9909490.4093, 6072208.0973000005], [-9909598.0051, 6072153.6796], [-9909611.4877, 6072146.924400002], [-9909638.506, 6072133.492899999], [-9909652.0419, 6072126.836300001], [-9909706.1848, 6072100.3882], [-9909719.7735, 6072093.810599998], [-9909746.9512, 6072080.7742], [-9909760.54, 6072074.315399997], [-9909869.6219, 6072022.920500003], [-9909876.4695, 6072019.7206000015], [-9909890.1114, 6072013.360399999], [-9909896.9588, 6072010.180500001], [-9909924.2958, 6071997.519500002], [-9909931.1431, 6071994.378799997], [-9909944.8382, 6071988.0978000015], [-9909951.6855, 6071984.957199998], [-9910006.6247, 6071960.0502], [-9910013.4723, 6071956.929399997], [-9910027.2202, 6071950.747000001], [-9910034.0677, 6071947.665799998], [-9910061.617, 6071935.399899997], [-9910068.5174, 6071932.358199999], [-9910082.3186, 6071926.254900001], [-9910089.2192, 6071923.232799999], [-9910182.8546, 6071882.267700002], [-9910190.6045, 6071878.909900002], [-9910206.0511, 6071872.233900003], [-9910213.7479, 6071868.9157000035], [-9910244.6942, 6071855.662199996], [-9910252.4441, 6071852.363799997], [-9910267.9439, 6071845.806299999], [-9910275.6937, 6071842.5471], [-9910337.7988, 6071816.534500003], [-9910345.5487, 6071813.314900003], [-9910361.1014, 6071806.8759], [-9910368.9044, 6071803.656499997], [-9910400.0632, 6071790.9168], [-9910407.8132, 6071787.7368], [-9910423.419, 6071781.416299999], [-9910431.2219, 6071778.275799997], [-9910556.1753, 6071728.225900002], [-9910563.9781, 6071725.124899998], [-9910579.584, 6071718.942699999], [-9910587.387, 6071715.881200001], [-9910618.6518, 6071703.635499999], [-9910626.4548, 6071700.593800001], [-9910642.1138, 6071694.549800001], [-9910649.9697, 6071691.527900003], [-9910712.6587, 6071667.549900003], [-9910720.4618, 6071664.587300003], [-9910736.0677, 6071658.6818], [-9910743.8706, 6071655.739], [-9910775.1354, 6071644.066], [-9910782.8853, 6071641.182300001], [-9910798.332, 6071635.474100001], [-9910805.9226, 6071632.689300001], [-9910811.39, 6071630.694399998], [-9910822.0593, 6071626.8627], [-9910827.3674, 6071624.927100003], [-9910848.2814, 6071617.421700001], [-9910853.5366, 6071615.545299999], [-9910863.9936, 6071611.812399998], [-9910869.2486, 6071609.955799997], [-9910910.8643, 6071595.2808], [-9910916.0662, 6071593.443899997], [-9910926.4702, 6071589.790100001], [-9910931.6722, 6071587.972900003], [-9910952.4799, 6071580.744099997], [-9910957.7351, 6071578.946599998], [-9910968.1391, 6071575.351899996], [-9910973.3409, 6071573.554799996], [-9911056.5192, 6071545.152800001], [-9911066.9232, 6071541.6373], [-9911087.7312, 6071534.645300001], [-9911098.1351, 6071531.169299997], [-9911139.8569, 6071517.402900003], [-9911150.3139, 6071513.966200002], [-9911171.1749, 6071507.191699997], [-9911181.6318, 6071503.834200002], [-9911265.3411, 6071477.130999997], [-9911275.7981, 6071473.832800001], [-9911296.7652, 6071467.255800001], [-9911307.2753, 6071463.996699996], [-9911349.2626, 6071451.079999998], [-9911359.7726, 6071447.8803], [-9911380.7929, 6071441.520499997], [-9911391.3028, 6071438.380199999], [-9911475.543, 6071413.3955999985], [-9911480.7979, 6071411.8354], [-9911491.308, 6071408.754199997], [-9911496.6162, 6071407.213799998], [-9911517.6895, 6071401.071199998], [-9911522.9445, 6071399.5506], [-9911528.6242, 6071397.911200002], [-9911542.6908, 6071389.240699999], [-9911552.0331, 6071383.512999997], [-9911567.639, 6071373.993299998], [-9911577.0344, 6071368.305200003], [-9911605.1674, 6071351.260600001], [-9911614.5627, 6071345.592100002], [-9911630.2218, 6071336.1712], [-9911639.6171, 6071330.5424000025], [-9911692.9639, 6071298.7245000005], [-9911702.3061, 6071293.174599998], [-9911717.8589, 6071283.951200001], [-9911727.2013, 6071278.441], [-9911755.2812, 6071261.949600004], [-9911764.4643, 6071256.557700001], [-9911779.7517, 6071247.650300004], [-9911788.5101, 6071242.5744], [-9911796.7908, 6071237.8147], [-9911810.0611, 6071230.171400003], [-9911816.6963, 6071226.3794], [-9911842.8653, 6071211.468000002], [-9911849.4474, 6071207.755000003], [-9911862.5586, 6071200.3488000035], [-9911869.1407, 6071196.6752], [-9911921.2133, 6071167.4846], [-9911927.7423, 6071163.8505000025], [-9911940.7472, 6071156.602300003], [-9911947.2763, 6071153.007700004], [-9911973.4452, 6071138.5901999995], [-9911979.9743, 6071134.995800003], [-9911993.0854, 6071127.846299998], [-9911999.6143, 6071124.271600001], [-9912104.1314, 6071067.648599997], [-9912117.1894, 6071060.617899999], [-9912143.4115, 6071046.634900004], [-9912156.5757, 6071039.7026999965], [-9912209.1791, 6071012.092799999], [-9912222.3435, 6071005.259300001], [-9912248.7778, 6070991.632100001], [-9912261.9951, 6070984.877700001], [-9912367.9984, 6070931.1589], [-9912381.2687, 6070924.4837], [-9912407.8625, 6070911.231899999], [-9912421.1858, 6070904.655199997], [-9912474.5326, 6070878.546499997], [-9912487.909, 6070872.048900001], [-9912514.715, 6070859.172499999], [-9912528.0916, 6070852.773599997], [-9912635.5281, 6070802.018100001], [-9912642.2694, 6070798.858099997], [-9912655.6989, 6070792.558200002], [-9912662.4403, 6070789.418200001], [-9912689.4056, 6070776.9169000015], [-9912696.147, 6070773.796599999], [-9912709.6295, 6070767.595299996], [-9912716.3708, 6070764.4947], [-9912770.4607, 6070739.8478000015], [-9912777.202, 6070736.786700003], [-9912790.7377, 6070730.6646], [-9912797.5322, 6070727.623099998], [-9912824.6566, 6070715.497199997], [-9912831.398, 6070712.475699998], [-9912844.9868, 6070706.452299997], [-9912851.7811, 6070703.450400002], [-9912889.3097, 6070686.999499999], [-9912897.1656, 6070683.543499999], [-9912913.0369, 6070676.670699999], [-9912920.9461, 6070673.2346], [-9912952.6356, 6070659.607699998], [-9912960.5978, 6070656.230700001], [-9912976.4691, 6070649.4767], [-9912984.4313, 6070646.119499996], [-9913048.0758, 6070619.379500002], [-9913056.0379, 6070616.061700001], [-9913071.9622, 6070609.426200002], [-9913079.9245, 6070606.1477999985], [-9913111.8265, 6070593.034699999], [-9913119.8417, 6070589.776100002], [-9913135.819, 6070583.2788999975], [-9913143.8344, 6070580.040100001], [-9913167.9863, 6070570.3434000015], [-9913200.5252, 6070538.4690999985], [-9913208.9651, 6070530.253799997], [-9913225.845, 6070513.901900001], [-9913234.285, 6070505.745800003], [-9913302.1758, 6070440.694499999], [-9913310.6689, 6070432.5779], [-9913327.7079, 6070416.423799999], [-9913336.254, 6070408.346699998], [-9913370.5444, 6070376.196599998], [-9913379.1436, 6070368.178800002], [-9913396.3951, 6070352.202500001], [-9913404.9943, 6070344.224299997], [-9913474.2654, 6070280.674900003], [-9913482.9707, 6070272.755999997], [-9913500.3283, 6070256.977399997], [-9913509.0867, 6070249.097999997], [-9913544.0672, 6070217.699000001], [-9913552.8256, 6070209.878700003], [-9913570.3955, 6070194.277900003], [-9913579.207, 6070186.497199997], [-9913649.8051, 6070124.469700001], [-9913654.2108, 6070120.638700001], [-9913662.9693, 6070112.957000002], [-9913667.375, 6070109.125799999], [-9913684.998, 6070093.821599998], [-9913689.4038, 6070090.010200001], [-9913698.2153, 6070082.387599997], [-9913702.6741, 6070078.576300003], [-9913738.0262, 6070048.185099997], [-9913742.3789, 6070044.432800002], [-9913751.1373, 6070036.9881], [-9913755.4899, 6070033.255999997], [-9913773.0068, 6070018.366300002], [-9913777.2532, 6070014.772200003], [-9913785.7462, 6070007.564599998], [-9913789.7804, 6070004.2075999975], [-9913794.7701, 6070000.020999998], [-9913804.2185, 6069992.0825999975], [-9913808.9959, 6069988.133199997], [-9913827.4682, 6069972.769900002], [-9913832.0862, 6069968.938699998], [-9913841.3224, 6069961.296499997], [-9913845.9404, 6069957.4657000005], [-9913882.5135, 6069927.410400003], [-9913887.1316, 6069923.658399999], [-9913896.2614, 6069916.174099997], [-9913900.8795, 6069912.4419], [-9913919.2458, 6069897.513099998], [-9913923.8105, 6069893.781000003], [-9913933.0468, 6069886.336300001], [-9913937.6118, 6069882.623899996], [-9914010.864, 6069823.758100003], [-9914020.0471, 6069816.412100002], [-9914038.4661, 6069801.799500003], [-9914047.6493, 6069794.512900002], [-9914084.5938, 6069765.484999999], [-9914093.8831, 6069758.257700004], [-9914112.4085, 6069743.822700001], [-9914121.6977, 6069736.654700004], [-9914196.2238, 6069679.389300004], [-9914205.566, 6069672.260799997], [-9914224.2506, 6069658.043300003], [-9914233.6461, 6069650.973999999], [-9914271.1746, 6069622.736500002], [-9914280.623, 6069615.706699997], [-9914299.4669, 6069601.706500001], [-9914308.9153, 6069594.736000001], [-9914384.6623, 6069539.110600002], [-9914394.1638, 6069532.1796], [-9914413.167, 6069518.396600001], [-9914422.6685, 6069511.505099997], [-9914460.8339, 6069484.117200002], [-9914470.3886, 6069477.304799996], [-9914489.551, 6069463.6998], [-9914499.1585, 6069456.946500003], [-9914576.0733, 6069403.000399999], [-9914585.7341, 6069396.266999997], [-9914605.0027, 6069382.8989999965], [-9914614.7166, 6069376.224799998], [-9914653.4659, 6069349.686300002], [-9914663.1267, 6069343.071699999], [-9914682.6074, 6069329.9011999965], [-9914692.3214, 6069323.345299996], [-9914770.404, 6069271.098200001], [-9914780.2239, 6069264.582199998], [-9914799.8109, 6069251.629000001], [-9914809.578, 6069245.1723000035], [-9914848.9112, 6069219.483099997], [-9914858.7844, 6069213.085500002], [-9914878.4775, 6069200.349799998], [-9914888.4036, 6069193.991599999], [-9914967.6009, 6069143.463100001], [-9914977.474, 6069137.184100002], [-9914997.3795, 6069124.645800002], [-9915007.3057, 6069118.425999999], [-9915047.1698, 6069093.586400002], [-9915057.149, 6069087.406099997], [-9915077.1606, 6069075.1049000025], [-9915087.193, 6069068.983800001], [-9915167.4519, 6069020.193400003], [-9915172.4415, 6069017.172499999], [-9915182.4208, 6069011.130500004], [-9915187.4634, 6069008.109499998], [-9915207.4752, 6068996.104500003], [-9915212.4648, 6068993.1032000035], [-9915222.4972, 6068987.120499998], [-9915227.4869, 6068984.1391], [-9915267.6693, 6068960.3068], [-9915272.6591, 6068957.384499997], [-9915282.5852, 6068951.520199999], [-9915287.5748, 6068948.598099999], [-9915307.4802, 6068936.928900003], [-9915312.3637, 6068934.085699998], [-9915322.0777, 6068928.418799996], [-9915326.6957, 6068925.713799998], [-9915334.4987, 6068921.231600001], [-9915349.6799, 6068912.544], [-9915357.2705, 6068908.219800003], [-9915387.1553, 6068891.239200003], [-9915394.6398, 6068886.994099997], [-9915409.6087, 6068878.563100003], [-9915417.1463, 6068874.3574], [-9915476.7034, 6068841.1467999965], [-9915484.1879, 6068837.000399999], [-9915499.1037, 6068828.7667], [-9915506.5882, 6068824.640299998], [-9915536.5261, 6068808.272], [-9915544.0105, 6068804.184699997], [-9915559.0326, 6068796.069799997], [-9915566.5168, 6068792.022100002], [-9915686.2682, 6068727.733999997], [-9915701.2373, 6068719.757200003], [-9915731.3344, 6068703.9223000035], [-9915746.4094, 6068696.064000003], [-9915806.7627, 6068664.868000001], [-9915821.8909, 6068657.128200002], [-9915852.2003, 6068641.767300002], [-9915867.3816, 6068634.145999998], [-9915989.097, 6068573.689199999], [-9916004.3313, 6068566.1866], [-9916034.853, 6068551.299500003], [-9916050.1935, 6068543.935099997], [-9916111.5023, 6068514.654700004], [-9916126.8429, 6068507.4086000025], [-9916157.6299, 6068493.0154], [-9916173.0767, 6068485.868000001], [-9916296.5968, 6068429.301899999], [-9916304.3467, 6068425.7678999975], [-9916319.7934, 6068418.758900002], [-9916327.5432, 6068415.264300004], [-9916358.5427, 6068401.364799999], [-9916366.2925, 6068397.909599997], [-9916381.8454, 6068391.019000001], [-9916389.5953, 6068387.583499998], [-9916451.8065, 6068360.2782000005], [-9916459.6094, 6068356.862599999], [-9916475.1621, 6068350.110299997], [-9916482.9652, 6068346.734200001], [-9916514.177, 6068333.328199998], [-9916521.9799, 6068329.991700001], [-9916537.6388, 6068323.3379999995], [-9916545.4418, 6068320.040899999], [-9916565.1882, 6068311.748599999], [-9916571.1332, 6068309.241099998], [-9916583.1296, 6068304.245999999], [-9916589.1277, 6068301.758500002], [-9916613.1205, 6068291.847199999], [-9916619.1187, 6068289.379199997], [-9916631.115, 6068284.463200003], [-9916637.1132, 6068282.014899999], [-9916685.2049, 6068262.488700002], [-9916691.203, 6068260.0407000035], [-9916703.2525, 6068255.203400001], [-9916709.3037, 6068252.794699997], [-9916733.4026, 6068243.159900002], [-9916739.4008, 6068240.770999998], [-9916751.4503, 6068235.993199997], [-9916757.5016, 6068233.623999998], [-9916854.1625, 6068195.7168999985], [-9916860.1608, 6068193.367600001], [-9916872.2102, 6068188.688299999], [-9916878.2614, 6068186.358599998], [-9916902.3603, 6068177.059699997], [-9916908.4117, 6068174.7299000025], [-9916920.4611, 6068170.129699998], [-9916926.5124, 6068167.819799997], [-9916974.9224, 6068149.517999999], [-9916980.9207, 6068147.267200001], [-9916992.917, 6068142.765799999], [-9916998.9153, 6068140.515100002], [-9917023.0141, 6068131.571500003], [-9917028.9591, 6068129.380000003], [-9917040.7963, 6068124.997000001], [-9917046.5822, 6068122.884499997], [-9917052.4212, 6068120.771899998], [-9917063.7805, 6068116.6655], [-9917069.4071, 6068114.631999999], [-9917091.8074, 6068106.616300002], [-9917097.381, 6068104.602499999], [-9917108.581, 6068100.634199999], [-9917114.1546, 6068098.659699999], [-9917158.5837, 6068083.003700003], [-9917164.1572, 6068081.049099997], [-9917175.3043, 6068077.159599997], [-9917180.8248, 6068075.2250000015], [-9917203.1188, 6068067.525300004], [-9917208.6924, 6068065.610200003], [-9917219.8395, 6068061.7798999995], [-9917225.413, 6068059.864799999], [-9917314.2711, 6068029.658299997], [-9917325.4181, 6068025.9070999995], [-9917347.6591, 6068018.464100003], [-9917358.8063, 6068014.7919000015], [-9917403.3946, 6068000.162600003], [-9917414.5415, 6067996.530000001], [-9917436.8888, 6067989.343500003], [-9917448.089, 6067985.770199999], [-9917537.5841, 6067957.498599999], [-9917548.7841, 6067954.004199997], [-9917571.1844, 6067947.0546], [-9917582.4377, 6067943.619499996], [-9917627.3444, 6067929.9575999975], [-9917638.5977, 6067926.581600003], [-9917661.0511, 6067919.888899997], [-9917672.3043, 6067916.572099999], [-9917762.4362, 6067890.255400002], [-9917773.6896, 6067886.9978], [-9917796.249, 6067880.542099997], [-9917807.5554, 6067877.343800001], [-9917852.7275, 6067864.688699998], [-9917864.0338, 6067861.549699999], [-9917886.6996, 6067855.350599997], [-9917898.0059, 6067852.270900004], [-9917988.6687, 6067827.948100001], [-9917999.9751, 6067824.927500002], [-9918022.6937, 6067818.965400003], [-9918034.0532, 6067816.023800001], [-9918079.4908, 6067804.3561], [-9918090.9033, 6067801.453900002], [-9918113.622, 6067795.748499997], [-9918125.0345, 6067792.9252], [-9918216.1751, 6067770.577100001], [-9918227.5876, 6067767.813000001], [-9918250.4125, 6067762.364200003], [-9918261.825, 6067759.659500003], [-9918307.5279, 6067748.979099996], [-9918318.9404, 6067746.353299998], [-9918341.8184, 6067741.141500004], [-9918353.2839, 6067738.555200003], [-9918444.9022, 6067718.220700003], [-9918456.3678, 6067715.693700001], [-9918479.299, 6067710.738600001], [-9918490.7645, 6067708.2905], [-9918536.6799, 6067698.616899997], [-9918548.1984, 6067696.228100002], [-9918571.1826, 6067691.5097], [-9918582.6482, 6067689.199900001], [-9918674.6912, 6067670.8596], [-9918680.4771, 6067669.714500003], [-9918691.9425, 6067667.464000002], [-9918697.6752, 6067666.338600002], [-9918720.6594, 6067661.876999997], [-9918726.4453, 6067660.771399997], [-9918737.9109, 6067658.5798999965], [-9918743.6968, 6067657.4943], [-9918789.7183, 6067648.8473000005], [-9918795.451, 6067647.781199999], [-9918806.9166, 6067645.6489999965], [-9918812.6494, 6067644.602799997], [-9918835.5805, 6067640.4174000025], [-9918841.2601, 6067639.390799999], [-9918852.6726, 6067637.337700002], [-9918858.2993, 6067636.350599997], [-9918866.4737, 6067634.9092999995], [-9918882.6636, 6067632.1061], [-9918890.7849, 6067630.724100001], [-9918923.0584, 6067625.275399998], [-9918931.1267, 6067623.932999998], [-9918947.2635, 6067621.267700002], [-9918955.3319, 6067619.945100002], [-9919019.7724, 6067609.580600001], [-9919027.7877, 6067608.2973000035], [-9919043.9246, 6067605.770499997], [-9919051.9929, 6067604.506899998], [-9919084.2132, 6067599.571599998], [-9919092.2816, 6067598.347400002], [-9919108.4183, 6067595.938900001], [-9919116.4865, 6067594.754500002], [-9919245.421, 6067575.979999997], [-9919261.1331, 6067573.7689], [-9919292.5041, 6067569.425800003], [-9919308.2162, 6067567.3330999985], [-9919371.0644, 6067559.120399997], [-9919386.7765, 6067557.126500003], [-9919418.2005, 6067553.276900001], [-9919433.9126, 6067551.4014], [-9919559.8214, 6067536.8517], [-9919575.5335, 6067535.094800003], [-9919607.0637, 6067531.699199997], [-9919622.7759, 6067530.040799998], [-9919685.8363, 6067523.703900002], [-9919701.6014, 6067522.183600001], [-9919733.1317, 6067519.242299996], [-9919750.6486, 6067517.682599999], [-9919763.7066, 6067516.340099998], [-9919784.5675, 6067514.227899998], [-9919867.9582, 6067506.193000004], [-9919888.8191, 6067504.277999997], [-9919930.5942, 6067500.665399998], [-9919951.4551, 6067498.967500001], [-9920035.0581, 6067492.571099997], [-9920045.5152, 6067491.7815999985], [-9920066.376, 6067490.281199999], [-9920076.833, 6067489.570600003], [-9920118.6611, 6067486.767200001], [-9920129.1181, 6067486.0961000025], [-9920150.0322, 6067484.793099999], [-9920160.4891, 6067484.181100003], [-9920315.5926, 6067475.317199998], [-9920325.3065, 6067474.803800002], [-9920344.6811, 6067473.7771999985], [-9920354.3951, 6067473.283799998], [-9920393.1975, 6067471.428000003], [-9920402.9114, 6067470.973999999], [-9920422.3391, 6067470.1448], [-9920431.9999, 6067469.730300002], [-9920509.6578, 6067466.7097999975], [-9920519.3717, 6067466.3544000015], [-9920538.7994, 6067465.703100003], [-9920548.4602, 6067465.387100004], [-9920587.3158, 6067464.2223000005], [-9920597.0297, 6067463.946000002], [-9920616.4573, 6067463.472199999], [-9920626.1712, 6067463.235299997], [-9920678.4031, 6067462.1494999975], [-9920686.79, 6067461.991499998], [-9920700.7504, 6067461.734899998], [-9920709.1372, 6067461.596600004], [-9920734.2447, 6067461.201899998], [-9920742.6315, 6067461.083499998], [-9920756.5919, 6067460.9058], [-9920764.9788, 6067460.807099998], [-9920812.4334, 6067460.313500002], [-9920820.8202, 6067460.2346], [-9920834.7805, 6067460.1162], [-9920843.1144, 6067460.076800004], [-9920868.2749, 6067459.938500002], [-9920876.6086, 6067459.899099998], [-9920890.569, 6067459.879199997], [-9920898.9558, 6067459.859499998], [-9920906.228, 6067459.859399997], [-9920917.9591, 6067459.8989999965], [-9920923.851, 6067459.918700002], [-9920947.2599, 6067460.056900002], [-9920953.1518, 6067460.0964], [-9920964.8828, 6067460.195100002], [-9920970.7218, 6067460.2346], [-9921017.6456, 6067460.747699998], [-9921023.5376, 6067460.826899998], [-9921035.2685, 6067460.9848000035], [-9921041.1074, 6067461.083400004], [-9921064.5695, 6067461.4586], [-9921070.4615, 6067461.5572], [-9921082.1925, 6067461.794100001], [-9921088.0315, 6067461.912600003], [-9921181.8791, 6067463.9657000005], [-9921193.557, 6067464.242200002], [-9921217.0188, 6067464.8935], [-9921228.7499, 6067465.248999998], [-9921275.6737, 6067466.788699999], [-9921287.4047, 6067467.203299999], [-9921310.8135, 6067468.091700003], [-9921322.5445, 6067468.5656], [-9921346.4311, 6067469.3945999965], [-9921365.1687, 6067462.2678999975], [-9921377.112, 6067457.885300003], [-9921383.5348, 6067455.555799998], [-9921396.2743, 6067450.936300002], [-9921402.7503, 6067448.606799997], [-9921425.0975, 6067440.591799997], [-9921430.7241, 6067438.597900003], [-9921441.8711, 6067434.610100001], [-9921447.4978, 6067432.636100002], [-9921491.9269, 6067416.980999999], [-9921497.5004, 6067415.026600003], [-9921508.5944, 6067411.137500003], [-9921514.1678, 6067409.202799998], [-9921536.462, 6067401.503700003], [-9921542.0355, 6067399.588799998], [-9921553.1295, 6067395.759099998], [-9921558.703, 6067393.843999997], [-9921647.6142, 6067363.639700003], [-9921658.7082, 6067359.888899997], [-9921681.0023, 6067352.446500003], [-9921692.0963, 6067348.774599999], [-9921736.7377, 6067334.146399997], [-9921747.8846, 6067330.513999999], [-9921770.2319, 6067323.328199998], [-9921781.379, 6067319.754900001], [-9921870.8741, 6067291.485600002], [-9921882.0743, 6067287.991499998], [-9921904.5275, 6067281.042599998], [-9921915.7277, 6067277.6076000035], [-9921960.6345, 6067263.966499999], [-9921971.8877, 6067260.571099997], [-9921994.3412, 6067253.878899999], [-9922005.5943, 6067250.562299997], [-9922095.7263, 6067224.247599997], [-9922106.9795, 6067220.9903], [-9922129.5392, 6067214.534999996], [-9922140.8454, 6067211.3369999975], [-9922186.0176, 6067198.682999998], [-9922197.3239, 6067195.544200003], [-9922219.9366, 6067189.345700003], [-9922231.296, 6067186.266000003], [-9922321.9057, 6067161.945299998], [-9922333.265, 6067158.924900003], [-9922355.9308, 6067152.963100001], [-9922367.2903, 6067150.021899998], [-9922412.7809, 6067138.354999997], [-9922424.1402, 6067135.453000002], [-9922446.9121, 6067129.748000003], [-9922458.2715, 6067126.924999997], [-9922549.412, 6067104.578500003], [-9922560.8245, 6067101.814800002], [-9922583.6494, 6067096.366300002], [-9922595.0619, 6067093.661799997], [-9922640.7649, 6067082.982199997], [-9922652.2304, 6067080.356799997], [-9922675.0553, 6067075.1450999975], [-9922686.521, 6067072.559100002], [-9922778.1394, 6067052.226300001], [-9922789.6049, 6067049.699500002], [-9922812.536, 6067044.744599998], [-9922824.0014, 6067042.296700001], [-9922869.9167, 6067032.623899996], [-9922881.4354, 6067030.235200003], [-9922904.4195, 6067025.517300002], [-9922915.8852, 6067023.2075999975], [-9923007.9281, 6067004.868799999], [-9923013.6608, 6067003.7238000035], [-9923025.1794, 6067001.4733000025], [-9923030.9122, 6067000.3483000025], [-9923053.8966, 6066995.886799999], [-9923059.6293, 6066994.781400003], [-9923071.148, 6066992.590300001], [-9923076.8807, 6066991.5044], [-9923122.9021, 6066982.858000003], [-9923128.6349, 6066981.792099997], [-9923140.1005, 6066979.6602], [-9923145.8333, 6066978.613899998], [-9923168.8176, 6066974.428900003], [-9923174.4971, 6066973.402599998], [-9923185.8566, 6066971.349399999], [-9923193.2349, 6066970.046599999], [-9923203.6918, 6066968.210699998], [-9923220.8901, 6066965.2299000025], [-9923231.1349, 6066963.472999997], [-9923261.8159, 6066958.261600003], [-9923272.0075, 6066956.544200003], [-9923289.0464, 6066953.701499999], [-9923299.2913, 6066952.003899999], [-9923357.0436, 6066942.567900002], [-9923367.2353, 6066940.9098000005], [-9923384.2212, 6066938.205499999], [-9923394.4129, 6066936.5867], [-9923425.0408, 6066931.770000003], [-9923435.2324, 6066930.190899998], [-9923452.2714, 6066927.585000001], [-9923462.463, 6066926.025600001], [-9923586.3018, 6066907.410599999], [-9923591.2383, 6066906.680200003], [-9923601.1645, 6066905.219300002], [-9923606.101, 6066904.488899998], [-9923625.9004, 6066901.606799997], [-9923630.8899, 6066900.876500003], [-9923640.763, 6066899.4750000015], [-9923645.7527, 6066898.764399998], [-9923685.4044, 6066893.1778], [-9923690.341, 6066892.4868], [-9923700.2673, 6066891.124700002], [-9923705.2038, 6066890.434], [-9923725.0562, 6066887.729599997], [-9923730.0458, 6066887.078000002], [-9923739.9189, 6066885.7359], [-9923744.9086, 6066885.0842999965], [-9923824.3181, 6066874.661399998], [-9923834.2443, 6066873.378300004], [-9923854.0968, 6066870.871299997], [-9923864.023, 6066869.627700001], [-9923903.7808, 6066864.7914], [-9923913.7071, 6066863.606899999], [-9923933.6125, 6066861.277599998], [-9923943.5387, 6066860.132700004], [-9924023.1076, 6066851.190499999], [-9924033.0869, 6066850.104599997], [-9924052.9923, 6066847.953100003], [-9924062.9185, 6066846.906900004], [-9924102.7294, 6066842.800800003], [-9924112.7087, 6066841.814000003], [-9924132.6142, 6066839.839900002], [-9924142.5935, 6066838.892200001], [-9924222.3216, 6066831.430500001], [-9924232.3009, 6066830.522500001], [-9924252.2594, 6066828.765699998], [-9924262.2388, 6066827.897100002], [-9924302.1028, 6066824.541199997], [-9924312.082, 6066823.712200001], [-9924332.0406, 6066822.133000001], [-9924342.0199, 6066821.3631], [-9924421.8541, 6066815.401600003], [-9924431.8865, 6066814.671300001], [-9924451.845, 6066813.2698], [-9924461.8242, 6066812.5986], [-9924501.7945, 6066809.992799997], [-9924511.7738, 6066809.361100003], [-9924531.7323, 6066808.137199998], [-9924541.7116, 6066807.5647], [-9924621.7051, 6066803.083800003], [-9924631.6843, 6066802.550899997], [-9924651.6961, 6066801.5244999975], [-9924661.6753, 6066801.031000003], [-9924701.6454, 6066799.175399996], [-9924711.6779, 6066798.721299998], [-9924731.6896, 6066797.892300002], [-9924741.6688, 6066797.477600001], [-9924821.6622, 6066794.4969], [-9924831.6946, 6066794.141599998], [-9924851.7063, 6066793.490199998], [-9924861.6855, 6066793.194200002], [-9924901.7089, 6066792.068999998], [-9924911.7412, 6066791.812399998], [-9924931.7529, 6066791.358199999], [-9924941.7321, 6066791.141199999], [-9925021.8317, 6066789.640900001], [-9925026.8214, 6066789.561800003], [-9925036.8008, 6066789.404100001], [-9925041.8433, 6066789.325000003], [-9925061.8551, 6066789.048699997], [-9925066.8446, 6066788.969800003], [-9925076.877, 6066788.851199999], [-9925081.8667, 6066788.811700001], [-9925121.89, 6066788.436700001], [-9925126.8796, 6066788.397399999], [-9925136.9121, 6066788.318400003], [-9925141.9016, 6066788.298600003], [-9925161.9133, 6066788.1998], [-9925166.9559, 6066788.180100001], [-9925176.9352, 6066788.1603000015], [-9925181.9779, 6066788.160400003], [-9925186.2776, 6066788.160400003], [-9925194.8767, 6066788.180299997], [-9925199.1763, 6066788.180299997], [-9925216.4277, 6066788.259099998], [-9925220.7273, 6066788.278700002], [-9925229.3795, 6066788.3379999995], [-9925233.6791, 6066788.357799999], [-9925268.182, 6066788.634000003], [-9925272.4815, 6066788.673600003], [-9925281.0807, 6066788.7722999975], [-9925285.3803, 6066788.811800003], [-9925302.6318, 6066789.0288999975], [-9925306.9312, 6066789.068499997], [-9925315.5836, 6066789.206500001], [-9925319.8831, 6066789.265799999], [-9925388.8357, 6066790.371299997], [-9925393.1353, 6066790.450099997], [-9925401.7875, 6066790.608199999], [-9925406.0871, 6066790.687200002], [-9925423.3386, 6066791.022699997], [-9925427.6381, 6066791.121299997], [-9925436.2374, 6066791.298900001], [-9925440.5369, 6066791.417499997], [-9925475.0397, 6066792.246600002], [-9925479.3393, 6066792.345399998], [-9925487.9384, 6066792.562399998], [-9925492.238, 6066792.680799998], [-9925509.4895, 6066793.174400002], [-9925513.7891, 6066793.292800002], [-9925522.4413, 6066793.5493], [-9925526.7409, 6066793.6875], [-9925638.477, 6066797.280199997], [-9925685.1885, 6066798.4648], [-9925690.1782, 6066798.602799997], [-9925700.2105, 6066798.879199997], [-9925705.2002, 6066799.017300002], [-9925725.2648, 6066799.629199997], [-9925730.2546, 6066799.787299998], [-9925740.2868, 6066800.103100002], [-9925745.2765, 6066800.2808], [-9925785.406, 6066801.6625000015], [-9925790.3955, 6066801.840099998], [-9925800.4281, 6066802.2151999995], [-9925805.4176, 6066802.412699997], [-9925825.4823, 6066803.202299997], [-9925830.472, 6066803.399700001], [-9925840.5042, 6066803.814199999], [-9925845.494, 6066804.031400003], [-9925925.6467, 6066807.564800002], [-9925935.626, 6066808.038699999], [-9925955.6907, 6066809.005900003], [-9925965.67, 6066809.519100003], [-9926005.7463, 6066811.6708], [-9926015.7256, 6066812.223399997], [-9926035.7372, 6066813.388099998], [-9926045.7696, 6066814.000100002], [-9926125.8162, 6066819.033699997], [-9926135.8485, 6066819.685199998], [-9926155.8071, 6066821.027599998], [-9926165.8394, 6066821.7184000015], [-9926205.8096, 6066824.620200001], [-9926215.842, 6066825.370300002], [-9926235.8537, 6066826.910099998], [-9926245.833, 6066827.699699998], [-9926325.7733, 6066834.214000002], [-9926335.7526, 6066835.062700003], [-9926355.7111, 6066836.780000001], [-9926365.7435, 6066837.668399997], [-9926405.6607, 6066841.3006], [-9926415.64, 6066842.228399999], [-9926435.5986, 6066844.143200003], [-9926445.5778, 6066845.130199999], [-9926525.412, 6066853.144699998], [-9926535.3912, 6066854.1712], [-9926555.2967, 6066856.263700001], [-9926565.276, 6066857.329499997], [-9926605.1402, 6066861.711900003], [-9926615.1194, 6066862.837099999], [-9926635.0249, 6066865.127099998], [-9926645.0042, 6066866.291599996], [-9926724.626, 6066875.786700003], [-9926734.6053, 6066877.010499999], [-9926754.5108, 6066879.478100002], [-9926764.437, 6066880.7217999995], [-9926804.248, 6066885.854099996], [-9926814.1742, 6066887.156900004], [-9926834.0267, 6066889.821800001], [-9926855.0467, 6066892.7238000035], [-9926928.9889, 6066903.343999997], [-9926946.9305, 6066905.870700002], [-9926952.3448, 6066906.620899998], [-9926991.9965, 6066912.286399998], [-9927006.9653, 6066914.477499999], [-9927026.8178, 6066917.458300002], [-9927047.4663, 6066920.656300001], [-9927087.2773, 6066927.012500003], [-9927123.7972, 6066933.171599999], [-9927160.848, 6066939.784500003], [-9927225.8725, 6066949.3587], [-9927235.7987, 6066951.036499999], [-9927240.7885, 6066951.885399997], [-9927260.6939, 6066955.320299998], [-9927265.7365, 6066956.1888], [-9927275.7691, 6066957.925999999], [-9927280.8647, 6066958.833999999], [-9927290.0478, 6066960.472400002], [-9927308.5201, 6066963.828400001], [-9927317.7562, 6066965.525899999], [-9927354.9132, 6066972.4155], [-9927364.2024, 6066974.1723000035], [-9927382.7278, 6066977.706], [-9927392.017, 6066979.4824], [-9927466.3307, 6066993.972000003], [-9927475.6199, 6066995.807800002], [-9927494.1984, 6066999.499300003], [-9927503.4877, 6067001.374600001], [-9927540.5915, 6067008.954800002], [-9927549.8277, 6067010.869800001], [-9927568.4061, 6067014.739], [-9927577.6422, 6067016.6932], [-9927725.9514, 6067048.317500003], [-9927735.1875, 6067050.311399996], [-9927753.7128, 6067054.358199999], [-9927763.002, 6067056.391400002], [-9927799.9997, 6067064.623300001], [-9927809.2357, 6067066.715800002], [-9927827.708, 6067070.900899999], [-9927836.9443, 6067073.032899998], [-9927910.8333, 6067090.148000002], [-9927920.0695, 6067092.319499999], [-9927938.4887, 6067096.682099998], [-9927947.7249, 6067098.873400003], [-9927984.5632, 6067107.7566], [-9927993.7994, 6067110.007200003], [-9928012.2186, 6067114.527900003], [-9928021.4018, 6067116.817699999], [-9928130.2715, 6067144.099299997], [-9928137.0659, 6067145.797200002], [-9928150.6015, 6067149.251800001], [-9928157.3959, 6067150.9692], [-9928184.4674, 6067157.957500003], [-9928191.2618, 6067159.714400001], [-9928204.7975, 6067163.228299998], [-9928211.5389, 6067165.005000003], [-9928265.6287, 6067179.317100003], [-9928272.4231, 6067181.113499999], [-9928285.9057, 6067184.726099998], [-9928292.647, 6067186.542300001], [-9928319.6654, 6067193.885899998], [-9928326.4066, 6067195.721900001], [-9928339.8892, 6067199.432999998], [-9928346.6306, 6067201.288800001], [-9928384.1059, 6067211.7119999975], [-9928409.1073, 6067216.7064], [-9928420.626, 6067219.016099997], [-9928443.6102, 6067223.734200001], [-9928455.0757, 6067226.122900002], [-9928500.991, 6067235.795999996], [-9928512.4566, 6067238.243799999], [-9928535.3876, 6067243.198899999], [-9928546.8532, 6067245.725699998], [-9928638.4715, 6067266.059], [-9928649.937, 6067268.645000003], [-9928672.8151, 6067273.856700003], [-9928684.2277, 6067276.4824], [-9928729.9306, 6067287.162299998], [-9928741.3431, 6067289.866899997], [-9928764.1681, 6067295.335000001], [-9928775.5806, 6067298.079000004], [-9928866.721, 6067320.425999999], [-9928878.1335, 6067323.2491], [-9928900.8523, 6067328.973999999], [-9928912.2648, 6067331.856200002], [-9928957.7024, 6067343.5233], [-9928969.0618, 6067346.4648], [-9928991.7805, 6067352.4265], [-9929003.0869, 6067355.446999997], [-9929093.7496, 6067379.768299997], [-9929105.056, 6067382.847999997], [-9929127.7216, 6067389.046700001], [-9929139.0279, 6067392.185599998], [-9929184.2001, 6067404.8596], [-9929195.5065, 6067408.038099997], [-9929218.066, 6067414.493500002], [-9929229.3192, 6067417.750699997], [-9929319.3981, 6067444.066200003], [-9929330.6514, 6067447.382700004], [-9929353.1579, 6067454.075199999], [-9929364.4111, 6067457.4706000015], [-9929409.3178, 6067471.112099998], [-9929420.518, 6067474.546999998], [-9929442.9182, 6067481.496100001], [-9929454.1184, 6067485.0101], [-9929543.6134, 6067513.280000001], [-9929554.8136, 6067516.8336], [-9929577.1609, 6067524.0195999965], [-9929588.3079, 6067527.652099997], [-9929632.8961, 6067542.280699998], [-9929644.0432, 6067545.952600002], [-9929666.3375, 6067553.395199999], [-9929677.4314, 6067557.146300003], [-9929766.2895, 6067587.370899998], [-9929771.863, 6067589.266000003], [-9929783.01, 6067593.096000001], [-9929788.5836, 6067595.010899998], [-9929810.8778, 6067602.7102999985], [-9929816.3981, 6067604.644900002], [-9929827.5453, 6067608.534100004], [-9929833.1187, 6067610.488499999], [-9929877.5477, 6067626.1439], [-9929883.1213, 6067628.118000001], [-9929894.3214, 6067632.105999999], [-9929899.8949, 6067634.1000000015], [-9929922.2952, 6067642.115099996], [-9929927.922, 6067644.148500003], [-9929939.2812, 6067648.254699998], [-9929945.1202, 6067650.367299996], [-9929951.3839, 6067652.657300003], [-9929964.1764, 6067657.395300001], [-9929970.5993, 6067659.7645], [-9929996.556, 6067669.418300003], [-9930003.0319, 6067671.846500002], [-9930016.0368, 6067676.7228000015], [-9930022.5127, 6067679.1708], [-9930074.6385, 6067698.972000003], [-9930081.1675, 6067701.459600002], [-9930094.1724, 6067706.434699997], [-9930100.7015, 6067708.941799998], [-9930126.7112, 6067719.010200001], [-9930133.2403, 6067721.537299998], [-9930146.1921, 6067726.6109], [-9930152.721, 6067729.157700002], [-9930256.8136, 6067770.221500002], [-9930263.3425, 6067772.807700001], [-9930276.3474, 6067777.980300002], [-9930282.8233, 6067780.566399999], [-9930308.7801, 6067791.0101], [-9930315.2559, 6067793.635799997], [-9930328.2608, 6067798.887400001], [-9930334.7369, 6067801.532700002], [-9930386.491, 6067822.736000001], [-9930392.967, 6067825.401299998], [-9930405.9189, 6067830.751400001], [-9930412.3946, 6067833.436499998], [-9930438.1923, 6067844.196000002], [-9930444.6681, 6067846.900700003], [-9930457.5669, 6067852.329800002], [-9930463.9897, 6067855.054300003], [-9930513.78, 6067876.1985], [-9930521.3706, 6067879.4362], [-9930536.4987, 6067885.931400001], [-9930544.0363, 6067889.208700001], [-9930574.2926, 6067902.317900002], [-9930581.8301, 6067905.6149], [-9930596.9053, 6067912.228500001], [-9930604.4428, 6067915.565099999], [-9930664.7432, 6067942.257200003], [-9930672.2277, 6067945.593599997], [-9930687.3027, 6067952.3257], [-9930694.7871, 6067955.721600004], [-9930724.8312, 6067969.2848000005], [-9930732.3155, 6067972.700300001], [-9930747.3377, 6067979.550999999], [-9930754.8222, 6067982.986199997], [-9930874.4673, 6068038.206799999], [-9930889.4362, 6068045.176100001], [-9930919.2678, 6068059.213200003], [-9930934.1306, 6068066.300899997], [-9930993.5285, 6068094.829599999], [-9931008.3913, 6068102.016000003], [-9931037.9577, 6068116.507399999], [-9931052.7673, 6068123.812299997], [-9931170.7139, 6068182.6862], [-9931185.4175, 6068190.1096], [-9931214.7713, 6068205.055299997], [-9931229.4748, 6068212.577500001], [-9931287.9704, 6068242.922899999], [-9931302.5678, 6068250.563500002], [-9931331.7094, 6068265.963399999], [-9931346.2536, 6068273.722499996], [-9931462.3425, 6068336.190800004], [-9931469.6145, 6068340.119800001], [-9931484.1588, 6068348.017200001], [-9931491.4309, 6068351.985799998], [-9931520.4665, 6068367.899099998], [-9931527.7386, 6068371.8873], [-9931542.1767, 6068379.883299999], [-9931549.4487, 6068383.910999998], [-9931607.2543, 6068416.172399998], [-9931614.5264, 6068420.239500001], [-9931629.0708, 6068428.4331], [-9931636.2897, 6068432.5397000015], [-9931665.3253, 6068449.025899999], [-9931672.7035, 6068453.231299996], [-9931687.407, 6068461.661799997], [-9931694.9976, 6068466.025300004], [-9931699.0849, 6068468.414300002], [-9931707.6841, 6068473.429300003], [-9931712.0366, 6068475.956500001], [-9931729.7659, 6068486.321999997], [-9931734.1715, 6068488.928199999], [-9931743.0363, 6068494.120700002], [-9931747.442, 6068496.726899996], [-9931783.2717, 6068517.912299998], [-9931787.7307, 6068520.557999998], [-9931796.6482, 6068525.869000003], [-9931801.1072, 6068528.534599997], [-9931818.9954, 6068539.215999998], [-9931823.4544, 6068541.881499998], [-9931832.3719, 6068547.251800001], [-9931836.8308, 6068549.936999999], [-9931908.4905, 6068593.255500004], [-9931917.4081, 6068598.7048999965], [-9931935.2966, 6068609.603699997], [-9931944.2143, 6068615.092500001], [-9931979.8317, 6068637.1074], [-9931988.6963, 6068642.635799997], [-9932006.4786, 6068653.712200001], [-9932015.3432, 6068659.280100003], [-9932086.1536, 6068704.001100004], [-9932094.965, 6068709.608400002], [-9932112.6411, 6068720.882399999], [-9932121.4526, 6068726.5293999985], [-9932156.6455, 6068749.2355], [-9932165.404, 6068754.921800002], [-9932182.9738, 6068766.3737], [-9932191.7323, 6068772.099699996], [-9932231.3308, 6068798.201899998], [-9932236.7452, 6068800.314599998], [-9932246.406, 6068804.066200003], [-9932265.7275, 6068811.628300004], [-9932271.5664, 6068813.898900002], [-9932278.3609, 6068816.426200002], [-9932300.1772, 6068824.6005000025], [-9932305.6446, 6068826.6538999975], [-9932316.5263, 6068830.760700002], [-9932321.9938, 6068832.834100001], [-9932365.5204, 6068849.439199999], [-9932370.9877, 6068851.512500003], [-9932381.8694, 6068855.698299997], [-9932387.2836, 6068857.7914], [-9932409.0471, 6068866.202600002], [-9932414.4613, 6068868.315200001], [-9932425.343, 6068872.560500003], [-9932430.7572, 6068874.692699999], [-9932518.182, 6068909.088299997], [-9932523.6496, 6068911.240500003], [-9932534.5842, 6068915.5842999965], [-9932540.0515, 6068917.756200001], [-9932561.8679, 6068926.483400002], [-9932567.3353, 6068928.675300002], [-9932578.2169, 6068933.078199998], [-9932583.6844, 6068935.270000003], [-9932627.2642, 6068952.981299996], [-9932632.7316, 6068955.192699999], [-9932643.6131, 6068959.655000001], [-9932649.0275, 6068961.886200003], [-9932670.7907, 6068970.850400001], [-9932676.205, 6068973.101300001], [-9932687.0867, 6068977.623000003], [-9932692.501, 6068979.8935], [-9932700.0386, 6068983.052699998], [-9932707.1514, 6068986.0342999995], [-9932721.3241, 6068992.036899999], [-9932728.384, 6068995.038099997], [-9932756.6764, 6069007.141800001], [-9932763.7892, 6069010.182400003], [-9932777.9087, 6069016.283799998], [-9932784.9687, 6069019.344300002], [-9932841.394, 6069043.946800001], [-9932848.4537, 6069047.026900001], [-9932862.5735, 6069053.226800002], [-9932869.5802, 6069056.346699998], [-9932897.7132, 6069068.845299996], [-9932904.7731, 6069071.9848000035], [-9932918.7865, 6069078.303400002], [-9932925.7933, 6069081.4624999985], [-9933004.0351, 6069116.905299999], [-9933009.3962, 6069119.333999999], [-9933020.0656, 6069124.211000003], [-9933025.4269, 6069126.659599997], [-9933046.7656, 6069136.473099999], [-9933052.0735, 6069138.921300001], [-9933062.7428, 6069143.857799999], [-9933068.051, 6069146.325900003], [-9933110.6753, 6069166.189800002], [-9933115.9834, 6069168.677599996], [-9933126.5997, 6069173.673199996], [-9933131.9078, 6069176.161200002], [-9933153.1403, 6069186.2117], [-9933158.4485, 6069188.739100002], [-9933169.0647, 6069193.774099998], [-9933174.3728, 6069196.321400002], [-9933209.6188, 6069213.2434], [-9933220.0228, 6069218.238899998], [-9933237.3273, 6069226.6109], [-9933247.6781, 6069231.665899999], [-9933278.7838, 6069246.830600001], [-9933289.1345, 6069251.924800001], [-9933306.333, 6069260.4155], [-9933316.6837, 6069265.529700004], [-9933337.5978, 6069275.935699999], [-9933341.5789, 6069277.9102], [-9933351.452, 6069282.846699998], [-9933371.1451, 6069292.739299998], [-9933382.9822, 6069298.722199999], [-9933418.3875, 6069316.691], [-9933430.1716, 6069322.713399999], [-9933449.8116, 6069332.783699997], [-9933461.5956, 6069338.845700003], [-9933494.8777, 6069356.103500001], [-9933499.6549, 6069358.571699999], [-9933509.1566, 6069363.527999997], [-9933513.9338, 6069366.015900001], [-9933532.9369, 6069375.9679000005], [-9933537.6611, 6069378.475599997], [-9933547.1626, 6069383.471299998], [-9933551.887, 6069385.979199998], [-9933589.787, 6069406.100199997], [-9933594.5112, 6069408.607799999], [-9933603.9597, 6069413.662799999], [-9933608.7369, 6069416.190300003], [-9933627.6339, 6069426.3398], [-9933632.3581, 6069428.887100004], [-9933641.7535, 6069434.001400001], [-9933646.4778, 6069436.548500001], [-9933728.9129, 6069481.352600001], [-9933735.1766, 6069484.7685], [-9933747.7037, 6069491.620499998], [-9933753.9673, 6069495.056199998], [-9933778.9686, 6069508.858900003], [-9933785.1791, 6069512.3342999965], [-9933797.6532, 6069519.265100002], [-9933803.9169, 6069522.760399997], [-9933853.7071, 6069550.681599997], [-9933859.9707, 6069554.216200002], [-9933872.5508, 6069561.324900001], [-9933878.8145, 6069564.879199997], [-9933903.8157, 6069579.136], [-9933910.1855, 6069582.7892], [-9933922.925, 6069590.095299996], [-9933929.5602, 6069593.906400003], [-9933934.1782, 6069596.591799997], [-9933943.8922, 6069602.259000003], [-9933948.7756, 6069605.102600001], [-9933968.6811, 6069616.772699997], [-9933973.6708, 6069619.695200004], [-9933983.597, 6069625.559900001], [-9933988.5866, 6069628.5022], [-9934028.769, 6069652.316399999], [-9934033.7588, 6069655.298199996], [-9934043.791, 6069661.281400003], [-9934048.7808, 6069664.282799996], [-9934068.8454, 6069676.288800001], [-9934073.8351, 6069679.310000002], [-9934083.8144, 6069685.352399997], [-9934088.804, 6069688.3737], [-9934169.063, 6069737.1679000035], [-9934179.0953, 6069743.289399996], [-9934199.1069, 6069755.591600001], [-9934209.0862, 6069761.7722999975], [-9934248.9501, 6069786.613700002], [-9934258.9296, 6069792.8539], [-9934278.7819, 6069805.373300001], [-9934288.7081, 6069811.652999997], [-9934367.9054, 6069862.185400002], [-9934377.7785, 6069868.543799996], [-9934397.5247, 6069881.2808], [-9934407.3447, 6069887.678900003], [-9934446.678, 6069913.369800001], [-9934456.4981, 6069919.827299997], [-9934476.0849, 6069932.781300001], [-9934485.9051, 6069939.297899999], [-9934563.9346, 6069991.549199998], [-9934576.0372, 6069999.685099997], [-9934590.5282, 6070009.519299999], [-9934594.5093, 6070012.066500001], [-9934673.7597, 6070062.600400001], [-9934683.6328, 6070068.939300001], [-9934703.326, 6070081.696199998], [-9934713.1991, 6070088.094499998], [-9934752.5324, 6070113.785999998], [-9934762.3525, 6070120.243600003], [-9934781.9393, 6070133.197800003], [-9934791.7062, 6070139.694899999], [-9934869.7888, 6070191.947300002], [-9934879.5559, 6070198.523400001], [-9934898.9836, 6070211.695200004], [-9934908.6974, 6070218.290899999], [-9934947.4468, 6070244.851899996], [-9934957.1075, 6070251.5266999975], [-9934976.4292, 6070264.895999998], [-9934986.0899, 6070271.610299997], [-9935063.0047, 6070325.561999999], [-9935072.6124, 6070332.335500002], [-9935091.7747, 6070345.9223000035], [-9935101.3294, 6070352.755199999], [-9935139.4948, 6070380.145900004], [-9935148.9964, 6070387.018299997], [-9935167.5217, 6070402.7971], [-9935177.0764, 6070409.333899997], [-9935186.3657, 6070415.929799996], [-9935253.0887, 6070463.937899999], [-9935262.5904, 6070470.7907000035], [-9935281.5403, 6070484.515799999], [-9935290.9358, 6070491.546499997], [-9935328.3049, 6070520.359399997], [-9935337.5942, 6070527.567599997], [-9935356.2257, 6070542.003799997], [-9935365.515, 6070549.231899999], [-9935384.4118, 6070563.944499999], [-9935440.4656, 6070605.298299998], [-9935449.7549, 6070612.486900002], [-9935468.3333, 6070626.903399996], [-9935477.5696, 6070634.1511999965], [-9935514.5141, 6070663.182099998], [-9935523.7502, 6070670.469300002], [-9935542.1695, 6070685.0836], [-9935551.3525, 6070692.430100001], [-9935624.6045, 6070751.301799998], [-9935629.1696, 6070755.014799997], [-9935638.4058, 6070762.460199997], [-9935642.9707, 6070766.173100002], [-9935661.3368, 6070781.103299998], [-9935665.955, 6070784.855700001], [-9935675.138, 6070792.3407000005], [-9935679.7031, 6070796.093000002], [-9935716.276, 6070826.1511999965], [-9935720.8941, 6070829.9826000035], [-9935730.1303, 6070837.625600003], [-9935734.8015, 6070841.456900001], [-9935753.2206, 6070856.821900003], [-9935757.9979, 6070860.7717999965], [-9935767.4463, 6070868.691200003], [-9935772.4891, 6070872.8977999985], [-9935778.1688, 6070877.696900003], [-9935790.059, 6070887.769100003], [-9935796.0042, 6070892.825099997], [-9935820.2622, 6070913.5222999975], [-9935826.3135, 6070918.716499999], [-9935838.363, 6070929.104699999], [-9935844.4142, 6070934.318499997], [-9935893.1429, 6070976.523199998], [-9935899.194, 6070981.816200003], [-9935911.3497, 6070992.402000003], [-9935917.4009, 6070997.714599997], [-9935941.6061, 6071019.004799999], [-9935947.6574, 6071024.337200001], [-9935959.7068, 6071035.0217999965], [-9935965.7579, 6071040.373999998], [-9936062.419, 6071126.700599998], [-9936074.4685, 6071137.523400001], [-9936098.4613, 6071159.2880000025], [-9936110.4045, 6071170.2294000015], [-9936158.1246, 6071214.114100002], [-9936170.0148, 6071225.134800002], [-9936193.6891, 6071247.254900001], [-9936205.4731, 6071258.354699999], [-9936299.5331, 6071347.546999998], [-9936311.2109, 6071358.7456], [-9936334.5666, 6071381.221699998], [-9936346.1915, 6071392.499200001], [-9936392.5314, 6071437.806999996], [-9936404.1033, 6071449.183499999], [-9936427.0874, 6071472.015100002], [-9936438.553, 6071483.4706000015], [-9936529.9058, 6071575.450400002], [-9936535.5856, 6071581.217799999], [-9936546.998, 6071592.772], [-9936552.6246, 6071598.539300002], [-9936575.2904, 6071621.726999998], [-9936580.97, 6071627.5141], [-9936592.2764, 6071639.147500001], [-9936597.9029, 6071644.974100001], [-9936642.8628, 6071691.665799998], [-9936648.4894, 6071697.5123], [-9936659.6896, 6071709.224600002], [-9936665.263, 6071715.090800002], [-9936687.5572, 6071738.594999999], [-9936693.1308, 6071744.480700001], [-9936704.2778, 6071756.292199999], [-9936709.7984, 6071762.197800003], [-9936732.6233, 6071786.590800002], [-9936737.6128, 6071791.943499997], [-9936747.5391, 6071802.648800001], [-9936752.4756, 6071808.001400001], [-9936772.275, 6071829.4714], [-9936777.2645, 6071834.863399997], [-9936787.0846, 6071845.628200002], [-9936792.0211, 6071851.020199999], [-9936831.3545, 6071894.237000003], [-9936836.2378, 6071899.648900002], [-9936846.058, 6071910.4925], [-9936850.9414, 6071915.924199998], [-9936870.4754, 6071937.670900002], [-9936875.3057, 6071943.1027000025], [-9936885.0727, 6071954.0057], [-9936889.9031, 6071959.476899996], [-9936967.3486, 6072046.958300002], [-9936972.2321, 6072052.488899998], [-9936975.5763, 6072055.6294], [-9936986.6702, 6072059.579800002], [-9936991.7661, 6072061.397], [-9937012.1492, 6072068.7250000015], [-9937017.3512, 6072070.601499997], [-9937027.7021, 6072074.3544000015], [-9937034.0718, 6072076.665399998], [-9937040.5477, 6072079.035700001], [-9937051.8542, 6072083.183600001], [-9937058.6484, 6072085.692100003], [-9937079.4032, 6072093.375699997], [-9937086.3569, 6072095.943499997], [-9937097.8756, 6072100.249399997], [-9937104.8291, 6072102.8369999975], [-9937144.3747, 6072117.670900002], [-9937151.3283, 6072120.297899999], [-9937162.9531, 6072124.7026999965], [-9937169.9599, 6072127.329800002], [-9937190.8739, 6072135.289899997], [-9937197.8275, 6072137.9564], [-9937209.4523, 6072142.400799997], [-9937216.406, 6072145.067299999], [-9937313.3325, 6072182.458400004], [-9937325.2756, 6072187.100299999], [-9937345.1812, 6072194.862899996], [-9937357.1245, 6072199.544200003], [-9937392.9013, 6072213.686800003], [-9937404.8444, 6072218.407700002], [-9937424.6969, 6072226.348200001], [-9937436.5871, 6072231.128300004], [-9937503.9472, 6072258.347199999], [-9937515.8374, 6072263.1866], [-9937535.6369, 6072271.2654], [-9937547.4738, 6072276.144400001], [-9937583.0384, 6072290.840300001], [-9937594.8755, 6072295.758699998], [-9937614.6218, 6072304.0151999965], [-9937626.4589, 6072308.973099999], [-9937683.8397, 6072333.229500003], [-9937688.0331, 6072335.026900001], [-9937696.5262, 6072338.641800001], [-9937700.7727, 6072340.439099997], [-9937717.7586, 6072347.6884], [-9937721.952, 6072349.5057], [-9937730.4451, 6072353.159900002], [-9937734.6917, 6072354.977300003], [-9937768.5044, 6072369.633699998], [-9937772.751, 6072371.470899999], [-9937781.1908, 6072375.144699998], [-9937785.4374, 6072376.981700003], [-9937802.3172, 6072384.388999999], [-9937806.5105, 6072386.245700002], [-9937814.9505, 6072389.959399998], [-9937819.1971, 6072391.816200003], [-9937886.6101, 6072421.682300001], [-9937890.8567, 6072423.558899999], [-9937899.2435, 6072427.312200002], [-9937903.4369, 6072429.188500002], [-9937920.2638, 6072436.734200001], [-9937924.5102, 6072438.630400002], [-9937932.8971, 6072442.423], [-9937937.0905, 6072444.319300003], [-9937970.6909, 6072459.548900001], [-9937974.8843, 6072461.445100002], [-9937983.2712, 6072465.2773], [-9937987.4646, 6072467.193300001], [-9938004.2383, 6072474.8772], [-9938008.4318, 6072476.812899999], [-9938016.7655, 6072480.664999999], [-9938020.9589, 6072482.600699998], [-9938088.8499, 6072514.067199998], [-9938094.3173, 6072516.615400001], [-9938105.305, 6072521.751199998], [-9938110.7725, 6072524.319200002], [-9938132.695, 6072534.6303], [-9938138.2154, 6072537.2377], [-9938149.1502, 6072542.4130000025], [-9938154.6175, 6072545.020499997], [-9938198.3566, 6072565.899700001], [-9938203.8239, 6072568.527000003], [-9938214.7586, 6072573.781199999], [-9938220.226, 6072576.408500001], [-9938242.0424, 6072586.976400003], [-9938247.4568, 6072589.623400003], [-9938258.3384, 6072594.936899997], [-9938263.8059, 6072597.603699997], [-9938350.8061, 6072640.3500000015], [-9938361.6876, 6072645.742700003], [-9938383.3449, 6072656.547700003], [-9938394.2264, 6072661.9799000025], [-9938437.4876, 6072683.847000003], [-9938448.2632, 6072689.338600002], [-9938469.8142, 6072700.400399998], [-9938480.5897, 6072705.951099999], [-9938566.6344, 6072750.6734], [-9938577.3569, 6072756.283500001], [-9938598.8017, 6072767.582500003], [-9938609.5241, 6072773.271600001], [-9938652.3077, 6072796.106899999], [-9938662.977, 6072801.835500002], [-9938684.3157, 6072813.371799998], [-9938694.932, 6072819.179300003], [-9938779.9151, 6072865.8182], [-9938785.2763, 6072868.761600003], [-9938795.9456, 6072874.648100004], [-9938801.2537, 6072877.591499999], [-9938822.5923, 6072889.443999998], [-9938827.9005, 6072892.406999998], [-9938838.5168, 6072898.3728], [-9938843.878, 6072901.355499998], [-9938886.343, 6072925.2776999995], [-9938891.7042, 6072928.319899999], [-9938902.4266, 6072934.384400003], [-9938907.7878, 6072937.4463], [-9938929.1796, 6072949.654200003], [-9938934.647, 6072952.7951000035], [-9938945.5817, 6072959.077], [-9938951.2614, 6072962.356299996], [-9938956.1449, 6072965.200800002], [-9938966.3896, 6072971.186300002], [-9938971.5384, 6072974.169299997], [-9938992.5056, 6072986.456299998], [-9938997.7605, 6072989.537900001], [-9939008.2176, 6072995.7211000025], [-9939013.4196, 6072998.802699998], [-9939055.6723, 6073023.890600003], [-9939060.9804, 6073027.051299997], [-9939071.4906, 6073033.352899998], [-9939076.7987, 6073036.493699998], [-9939097.8188, 6073049.175999999], [-9939103.0739, 6073052.3367], [-9939113.5839, 6073058.697700001], [-9939118.839, 6073061.8979], [-9939203.2382, 6073113.299000002], [-9939213.7483, 6073119.758599997], [-9939234.7685, 6073132.737199999], [-9939245.2786, 6073139.256499998], [-9939287.1596, 6073165.450999998], [-9939297.6167, 6073172.029299997], [-9939318.5308, 6073185.245200001], [-9939328.9346, 6073191.882700004], [-9939412.113, 6073245.240099996], [-9939422.5171, 6073251.936999999], [-9939443.2187, 6073265.390100002], [-9939453.5696, 6073272.146200001], [-9939494.8667, 6073299.289300002], [-9939505.1646, 6073306.1049000025], [-9939525.7069, 6073319.795000002], [-9939536.0048, 6073326.689599998], [-9939617.9623, 6073381.924599998], [-9939623.0581, 6073385.381800003], [-9939633.3027, 6073392.315899998], [-9939638.3986, 6073395.792800002], [-9939658.7818, 6073409.7201000005], [-9939663.8776, 6073413.216700003], [-9939674.0691, 6073420.210000001], [-9939679.165, 6073423.706699997], [-9939719.8253, 6073451.798699997], [-9939724.9211, 6073455.315300003], [-9939735.0596, 6073462.367899999], [-9939740.1023, 6073465.904100001], [-9939760.3793, 6073480.068599999], [-9939765.422, 6073483.624600001], [-9939775.5074, 6073490.736500002], [-9939780.6032, 6073494.2924000025], [-9939853.4839, 6073545.9133], [-9939858.0489, 6073549.133599997], [-9939867.1257, 6073555.593500003], [-9939871.6377, 6073558.833499998], [-9939883.3156, 6073567.189999998], [-9939941.8111, 6073575.783799998], [-9939949.4548, 6073576.929499999], [-9939964.7422, 6073579.240999997], [-9939972.439, 6073580.4065999985], [-9940003.0138, 6073585.127999999], [-9940010.6575, 6073586.3330999985], [-9940025.9449, 6073588.7434], [-9940033.5886, 6073589.968099996], [-9940094.7383, 6073599.865800001], [-9940102.4351, 6073601.130099997], [-9940117.7225, 6073603.658699997], [-9940125.4193, 6073604.9428], [-9940156.0472, 6073610.119000003], [-9940163.7439, 6073611.442599997], [-9940179.1375, 6073614.1096], [-9940186.9405, 6073615.472599998], [-9940192.514, 6073616.4604], [-9940203.9265, 6073618.515100002], [-9940209.6062, 6073619.542300001], [-9940232.5904, 6073623.730599999], [-9940238.3231, 6073624.777500004], [-9940249.7886, 6073626.911200002], [-9940255.5214, 6073627.978], [-9940301.596, 6073636.630999997], [-9940307.3289, 6073637.717600003], [-9940318.8475, 6073639.930200003], [-9940324.5801, 6073641.036600001], [-9940347.6174, 6073645.481700003], [-9940353.3504, 6073646.6076000035], [-9940364.869, 6073648.859700002], [-9940370.6017, 6073650.0057], [-9940462.6978, 6073668.3587], [-9940474.2164, 6073670.670199998], [-9940497.2006, 6073675.3917], [-9940508.7191, 6073677.782200001], [-9940554.6875, 6073687.4624999985], [-9940566.1531, 6073689.912299998], [-9940589.0842, 6073694.870899998], [-9940600.5498, 6073697.399700001], [-9940692.2743, 6073717.748199999], [-9940703.6867, 6073720.336199999], [-9940726.6179, 6073725.551799998], [-9940738.0303, 6073728.179300003], [-9940783.7863, 6073738.867299996], [-9940795.1988, 6073741.573799998], [-9940818.0238, 6073747.0264], [-9940829.4363, 6073749.792300001], [-9940920.683, 6073772.156099997], [-9940932.0423, 6073774.981200002], [-9940954.8673, 6073780.710500002], [-9940966.2267, 6073783.594800003], [-9940985.8668, 6073788.632600002], [-9940989.6887, 6073787.9608], [-9940995.5806, 6073786.933600001], [-9941018.8834, 6073782.9626], [-9941024.6693, 6073781.974799998], [-9941036.347, 6073780.019100003], [-9941042.1329, 6073779.050800003], [-9941088.5791, 6073771.365900002], [-9941094.3648, 6073770.417599998], [-9941105.9897, 6073768.520999998], [-9941111.7755, 6073767.592600003], [-9941135.0251, 6073763.878300004], [-9941140.8642, 6073762.949699998], [-9941152.4357, 6073761.132100001], [-9941158.2747, 6073760.2236], [-9941251.1139, 6073745.920199998], [-9941262.6857, 6073744.161899999], [-9941285.9352, 6073740.704700001], [-9941297.5601, 6073739.005599998], [-9941344.0061, 6073732.367700003], [-9941355.6309, 6073730.727899998], [-9941378.9336, 6073727.527400002], [-9941390.5583, 6073725.966700003], [-9941483.6631, 6073713.698299997], [-9941495.2878, 6073712.196800001], [-9941518.5905, 6073709.253300004], [-9941530.2152, 6073707.810900003], [-9941576.8737, 6073702.180600002], [-9941588.4986, 6073700.797700003], [-9941611.8542, 6073698.111000001], [-9941623.5321, 6073696.806900002], [-9941716.8491, 6073686.5537], [-9941735.2682, 6073684.617600001], [-9941772.1598, 6073680.883699998], [-9941790.632, 6073679.105899997], [-9941864.4151, 6073672.289999999], [-9941882.8874, 6073670.670199998], [-9941919.8319, 6073667.588200003], [-9941937.6672, 6073666.165799998], [-9941994.3049, 6073661.918300003], [-9942029.2324, 6073659.034000002], [-9942039.8487, 6073658.1844], [-9942060.338, 6073656.604099996], [-9942070.5826, 6073655.833499998], [-9942140.8092, 6073650.736599997], [-9942208.9126, 6073647.9706000015], [-9942227.1725, 6073646.706299998], [-9942253.3947, 6073645.204999998], [-9942295.8596, 6073643.565300003], [-9942319.3746, 6073642.8935], [-9942372.615, 6073640.621600002], [-9942383.0721, 6073640.226400003], [-9942418.1588, 6073636.966799997], [-9942438.7544, 6073636.0581], [-9942443.4786, 6073635.8605], [-9942464.0211, 6073634.9912], [-9942486.2091, 6073634.181199998], [-9942525.8077, 6073632.9564], [-9942546.297, 6073632.4032000005], [-9942594.3357, 6073631.356299996], [-9942639.8793, 6073630.862300001], [-9942653.999, 6073630.842600003], [-9942660.7934, 6073630.862300001], [-9942672.5243, 6073630.9016999975], [-9942681.1765, 6073630.941299997], [-9942707.4518, 6073631.099399999], [-9942714.4585, 6073630.901799999], [-9942750.6069, 6073629.696599998], [-9942784.5259, 6073628.886699997], [-9942852.3637, 6073627.819899999], [-9942886.2828, 6073627.543300003], [-9942897.4296, 6073627.582800001], [-9942919.7239, 6073627.701300003], [-9942930.871, 6073627.780500002], [-9942975.4061, 6073628.254600003], [-9942986.5532, 6073628.392800003], [-9943008.8474, 6073628.728600003], [-9943019.9413, 6073628.946000002], [-9943109.0647, 6073630.783399999], [-9943120.2118, 6073631.039999999], [-9943142.506, 6073631.632799998], [-9943153.6, 6073631.948799998], [-9943198.1882, 6073633.331699997], [-9943209.2823, 6073633.7070999965], [-9943231.5764, 6073634.517200001], [-9943242.7235, 6073634.951700002], [-9943331.7407, 6073638.6461], [-9943342.8878, 6073639.140000001], [-9943365.1289, 6073640.167199999], [-9943376.2759, 6073640.720399998], [-9943420.758, 6073643.031900004], [-9943431.9051, 6073643.644199997], [-9943454.1462, 6073644.9086000025], [-9943465.2933, 6073645.580300003], [-9943554.2044, 6073651.112000003], [-9943565.3514, 6073651.842799999], [-9943587.5925, 6073653.344300002], [-9943598.6865, 6073654.114799999], [-9943643.1155, 6073657.354699999], [-9943654.2625, 6073658.1844], [-9943676.4506, 6073659.922899999], [-9943687.5977, 6073660.811999999], [-9943776.4026, 6073668.200499997], [-9943787.4966, 6073669.148800001], [-9943809.6846, 6073671.124399997], [-9943820.7786, 6073672.132100001], [-9943865.1544, 6073676.280599996], [-9943876.2485, 6073677.347499996], [-9943898.4364, 6073679.5405], [-9943909.5304, 6073680.6664], [-9943998.1761, 6073689.8923999965], [-9944009.2702, 6073691.077799998], [-9944031.405, 6073693.487999998], [-9944042.446, 6073694.732500002], [-9944086.7687, 6073699.809900001], [-9944097.8098, 6073701.113799997], [-9944119.9447, 6073703.761100002], [-9944130.9854, 6073705.1043], [-9944219.4189, 6073716.1677], [-9944230.513, 6073717.5901999995], [-9944252.5947, 6073720.474600002], [-9944263.6356, 6073721.936499998], [-9944307.7992, 6073727.922399998], [-9944318.8402, 6073729.463399999], [-9944340.9219, 6073732.565099999], [-9944351.9098, 6073734.1455999985], [-9944440.1309, 6073747.0462], [-9944445.6513, 6073747.856200002], [-9944456.6392, 6073749.496100001], [-9944462.1596, 6073750.3257], [-9944484.1884, 6073753.6646], [-9944489.7089, 6073754.5141], [-9944500.7497, 6073756.2129999995], [-9944506.2171, 6073757.0625], [-9944550.2745, 6073763.957400002], [-9944555.742, 6073764.846500002], [-9944566.7829, 6073766.5847999975], [-9944572.2502, 6073767.473899998], [-9944594.2789, 6073771.049699999], [-9944599.7463, 6073771.9388], [-9944610.7342, 6073773.756300002], [-9944616.4669, 6073774.704599999], [-9944624.9599, 6073776.126900002], [-9944634.2492, 6073777.687600002], [-9944648.4218, 6073780.097999997], [-9944657.8173, 6073781.698200002], [-9944681.3853, 6073785.767999999], [-9944690.94, 6073787.407700002], [-9944705.2188, 6073789.916699998], [-9944715.0388, 6073791.635600001], [-9944721.2493, 6073792.741899997], [-9944733.9358, 6073794.994000003], [-9944740.3054, 6073796.159699999], [-9944763.2897, 6073800.347900003], [-9944769.0225, 6073801.3950999975], [-9944780.488, 6073803.5286], [-9944786.2208, 6073804.595299996], [-9944832.2954, 6073813.248599999], [-9944838.0281, 6073814.3352999985], [-9944849.5468, 6073816.528099999], [-9944855.2796, 6073817.634599999], [-9944878.3168, 6073822.0995000005], [-9944884.0496, 6073823.225400001], [-9944895.5682, 6073825.4777000025], [-9944901.301, 6073826.623499997], [-9944993.397, 6073844.976999998], [-9945004.9157, 6073847.2885000035], [-9945027.8999, 6073852.010200001], [-9945039.4186, 6073854.400700003], [-9945085.3868, 6073864.081100002], [-9945096.8524, 6073866.5309000015], [-9945119.7836, 6073871.489799999], [-9945131.2491, 6073873.998899996], [-9945222.9735, 6073894.367600001], [-9945234.4391, 6073896.955600001], [-9945257.3171, 6073902.171400003], [-9945268.7297, 6073904.798799999], [-9945314.4857, 6073915.487099998], [-9945325.8981, 6073918.193700001], [-9945348.7231, 6073923.646399997], [-9945360.1356, 6073926.412299998], [-9945451.3823, 6073948.7764], [-9945465.9797, 6073952.411700003], [-9945495.1213, 6073959.7808], [-9945509.7187, 6073963.514799997], [-9945567.9488, 6073978.6483], [-9945582.493, 6073982.480999999], [-9945611.5286, 6073990.245300002], [-9945626.0197, 6073994.196599998], [-9945742.0554, 6074026.0836], [-9945756.5466, 6074030.1338], [-9945785.4759, 6074038.313000001], [-9945799.914, 6074042.442000002], [-9945857.7194, 6074059.215400003], [-9945872.1576, 6074063.443499997], [-9945900.9808, 6074072.0375000015], [-9945915.3657, 6074076.384000003], [-9946005.3917, 6074103.865699999], [-9946017.6533, 6074107.6589], [-9946042.23, 6074115.304899998], [-9946054.4918, 6074119.177199997], [-9946103.4327, 6074134.7654], [-9946115.6945, 6074138.716600001], [-9946140.1119, 6074146.6589], [-9946152.3206, 6074150.669699997], [-9946222.1755, 6074173.824699998], [-9946230.0316, 6074176.452299997], [-9946243.1426, 6074180.818700001], [-9946250.9987, 6074183.4661], [-9946262.305, 6074187.298900001], [-9946337.9459, 6074212.805200003], [-9946344.634, 6074215.097000003], [-9946358.1167, 6074219.680600002], [-9946364.805, 6074221.992299996], [-9946391.664, 6074231.258299999], [-9946398.4053, 6074233.589599997], [-9946411.782, 6074238.252099998], [-9946418.5231, 6074240.6032000035], [-9946463.1645, 6074256.329999998], [-9946468.7381, 6074258.305699997], [-9946479.9382, 6074262.296599999], [-9946485.5117, 6074264.292099997], [-9946507.859, 6074272.3134], [-9946513.4856, 6074274.3288], [-9946524.7388, 6074278.398699999], [-9946530.3654, 6074280.433600001], [-9946535.0366, 6074282.152599998], [-9946540.3978, 6074284.1087], [-9946551.2795, 6074288.119199999], [-9946556.7468, 6074290.134499997], [-9946578.5101, 6074298.215300001], [-9946583.9776, 6074300.2304000035], [-9946594.8591, 6074304.300300002], [-9946600.2735, 6074306.3552], [-9946643.7471, 6074322.753600001], [-9946649.1613, 6074324.808300003], [-9946660.0429, 6074328.937600002], [-9946665.4573, 6074331.012100004], [-9946687.1676, 6074339.3103], [-9946692.5818, 6074341.4045], [-9946703.4105, 6074345.593099996], [-9946708.8247, 6074347.687299997], [-9946792.0029, 6074380.089400001], [-9946797.5235, 6074382.262800001], [-9946808.5644, 6074386.589500003], [-9946814.0849, 6074388.762900002], [-9946836.1666, 6074397.5154], [-9946841.6872, 6074399.708700001], [-9946852.728, 6074404.114299998], [-9946858.2484, 6074406.307599999], [-9946902.3059, 6074424.049800001], [-9946907.8264, 6074426.262599997], [-9946918.8142, 6074430.7277000025], [-9946924.3347, 6074432.9604], [-9946946.3104, 6074441.950099997], [-9946951.7777, 6074444.202500001], [-9946962.7655, 6074448.726999998], [-9946968.2329, 6074450.998999998], [-9946972.6386, 6074452.816699997], [-9946977.9999, 6074455.049400002], [-9946988.7223, 6074459.5342999995], [-9946994.0834, 6074461.786600001], [-9947015.4753, 6074470.815899998], [-9947020.8364, 6074473.068300001], [-9947031.5058, 6074477.612499997], [-9947036.8669, 6074479.884599999], [-9947079.5974, 6074498.160499997], [-9947084.9055, 6074500.452299997], [-9947095.5749, 6074505.055799998], [-9947100.9361, 6074507.367600001], [-9947122.2218, 6074516.614100002], [-9947127.5297, 6074518.945600003], [-9947138.1991, 6074523.608400002], [-9947143.5072, 6074525.9397], [-9947225.0932, 6074561.898800001], [-9947230.5075, 6074564.309299998], [-9947241.3892, 6074569.1105], [-9947246.8034, 6074571.5407000035], [-9947268.5137, 6074581.241800003], [-9947273.9279, 6074583.671999998], [-9947284.7565, 6074588.552199997], [-9947290.1178, 6074591.002099998], [-9947333.3791, 6074610.621799998], [-9947338.7933, 6074613.091700003], [-9947349.5688, 6074618.031099997], [-9947354.9831, 6074620.500699997], [-9947376.5871, 6074630.439000003], [-9947381.9483, 6074632.928499997], [-9947392.7238, 6074637.927299999], [-9947398.0851, 6074640.4366], [-9947402.4909, 6074642.491400003], [-9947407.7458, 6074644.961099997], [-9947418.256, 6074649.900700003], [-9947423.5111, 6074652.3901999965], [-9947444.5312, 6074662.348200001], [-9947449.7863, 6074664.837700002], [-9947460.2432, 6074669.8364999965], [-9947465.4982, 6074672.345799997], [-9947507.3795, 6074692.4793], [-9947512.6345, 6074695.008299999], [-9947523.0915, 6074700.066500001], [-9947528.2934, 6074702.595399998], [-9947549.2075, 6074712.770900004], [-9947554.4095, 6074715.339500003], [-9947564.8134, 6074720.456799999], [-9947570.0684, 6074723.005599998], [-9947649.9026, 6074762.462700002], [-9947655.2107, 6074765.0907000005], [-9947665.8802, 6074770.385899998], [-9947671.1883, 6074773.033500001], [-9947692.4207, 6074783.683300003], [-9947697.7288, 6074786.350599997], [-9947708.292, 6074791.685500003], [-9947713.6002, 6074794.372400001], [-9947755.9591, 6074815.869599998], [-9947761.2673, 6074818.5766], [-9947771.8304, 6074823.9706000015], [-9947777.1386, 6074826.6972], [-9947798.2648, 6074837.564499997], [-9947803.5199, 6074840.291000001], [-9947814.0831, 6074845.7443], [-9947819.3382, 6074848.490699999], [-9947823.7438, 6074850.782799996], [-9947828.8927, 6074853.469899997], [-9947839.1374, 6074858.883699998], [-9947844.2862, 6074861.5907000005], [-9947864.8288, 6074872.438100003], [-9947869.9777, 6074875.164800003], [-9947880.2223, 6074880.618000001], [-9947885.3712, 6074883.364600003], [-9947926.3499, 6074905.316200003], [-9947931.4458, 6074908.062700003], [-9947941.6904, 6074913.575400002], [-9947946.7862, 6074916.341700003], [-9947967.2225, 6074927.406400003], [-9947972.3184, 6074930.192599997], [-9947982.5099, 6074935.764300004], [-9947987.6058, 6074938.550300002], [-9948065.5821, 6074981.4070999995], [-9948070.7841, 6074984.252300002], [-9948081.135, 6074990.001999997], [-9948086.337, 6074992.867200002], [-9948107.0387, 6075004.386500001], [-9948112.1875, 6075007.291100003], [-9948122.5384, 6075013.0803999975], [-9948127.6872, 6075015.984999999], [-9948168.9846, 6075039.260899998], [-9948174.1865, 6075042.185199998], [-9948184.5373, 6075048.053599998], [-9948189.6861, 6075050.997599997], [-9948210.3879, 6075062.813600004], [-9948215.5368, 6075065.777400002], [-9948225.8345, 6075071.705200002], [-9948231.0365, 6075074.688699998], [-9948235.9199, 6075077.514300004], [-9948240.7504, 6075080.320100002], [-9948250.6766, 6075086.109399997], [-9948255.6131, 6075088.994199999], [-9948275.6778, 6075100.7311], [-9948280.6674, 6075103.6752], [-9948290.6999, 6075109.5832], [-9948295.6895, 6075112.5273], [-9948335.6597, 6075136.258100003], [-9948340.6493, 6075139.2217999995], [-9948350.6285, 6075145.169299997], [-9948355.6183, 6075148.153099999], [-9948375.5769, 6075160.126999997], [-9948380.5133, 6075163.130400002], [-9948390.4927, 6075169.137400001], [-9948395.4292, 6075172.140699998], [-9948471.3885, 6075218.298100002], [-9948476.4843, 6075221.4004999995], [-9948486.6229, 6075227.585100003], [-9948491.6656, 6075230.707199998], [-9948511.8895, 6075243.155500002], [-9948516.9322, 6075246.277599998], [-9948527.0708, 6075252.521399997], [-9948532.1134, 6075255.663199998], [-9948572.4022, 6075280.777400002], [-9948577.4449, 6075283.919200003], [-9948587.5303, 6075290.242299996], [-9948592.5731, 6075293.384099998], [-9948612.6379, 6075306.069700003], [-9948617.6805, 6075309.250799999], [-9948627.7129, 6075315.613499999], [-9948632.7025, 6075318.794699997], [-9948637.0551, 6075321.580799997], [-9948641.9386, 6075324.7227], [-9948651.7588, 6075331.006099999], [-9948656.6423, 6075334.148000002], [-9948676.1761, 6075346.754600003], [-9948681.0596, 6075349.916100003], [-9948690.7734, 6075356.259099998], [-9948695.6569, 6075359.420599997], [-9948734.5656, 6075384.870899998], [-9948739.4489, 6075388.052299999], [-9948749.163, 6075394.454499997], [-9948753.9931, 6075397.635700002], [-9948773.3678, 6075410.479699999], [-9948778.2514, 6075413.680600002], [-9948787.9122, 6075420.122199997], [-9948792.7426, 6075423.343199998], [-9948866.5256, 6075472.723200001], [-9948871.4622, 6075476.042800002], [-9948881.3352, 6075482.662299998], [-9948886.2187, 6075485.982000001], [-9948905.9119, 6075499.319799997], [-9948910.8485, 6075502.639600001], [-9948920.6153, 6075509.338200003], [-9948925.552, 6075512.677599996], [-9948964.7259, 6075539.551299997], [-9948969.6094, 6075542.910499997], [-9948979.4294, 6075549.648800001], [-9948984.3129, 6075553.027800001], [-9949003.7938, 6075566.563299999], [-9949008.6772, 6075569.9619999975], [-9949018.4441, 6075576.759599999], [-9949023.3277, 6075580.158299997], [-9949027.6273, 6075583.201399997], [-9949032.4045, 6075586.540799998], [-9949041.906, 6075593.239399999], [-9949046.6304, 6075596.5988000035], [-9949065.5804, 6075610.055399999], [-9949070.3577, 6075613.4344], [-9949079.8061, 6075620.192500003], [-9949084.5304, 6075623.571500003], [-9949122.3241, 6075650.702399999], [-9949127.0484, 6075654.101199999], [-9949136.4439, 6075660.898699999], [-9949141.168, 6075664.317199998], [-9949160.0119, 6075677.971500002], [-9949164.6832, 6075681.390100002], [-9949174.0784, 6075688.247100003], [-9949178.7496, 6075691.6853], [-9949250.2501, 6075744.169], [-9949255.0275, 6075747.7064], [-9949264.5821, 6075754.760799997], [-9949269.3594, 6075758.297899999], [-9949288.4156, 6075772.446400002], [-9949293.1929, 6075776.0035], [-9949302.6944, 6075783.117200002], [-9949307.4717, 6075786.674099997], [-9949345.4249, 6075815.208499998], [-9949350.2021, 6075818.7852], [-9949359.6507, 6075825.958400004], [-9949364.3749, 6075829.534900002], [-9949383.3248, 6075843.9208], [-9949388.0491, 6075847.517300002], [-9949397.4445, 6075854.730099998], [-9949402.1687, 6075858.346299998], [-9949406.4683, 6075861.626500003], [-9949411.0865, 6075865.183499999], [-9949420.2695, 6075872.297399998], [-9949424.8875, 6075875.8741], [-9949443.2537, 6075890.141400002], [-9949447.8186, 6075893.718199998], [-9949457.0017, 6075900.8913], [-9949461.5667, 6075904.468099996], [-9949498.1396, 6075933.220200002], [-9949502.7046, 6075936.8364999965], [-9949511.8347, 6075944.049199998], [-9949516.3995, 6075947.6655], [-9949534.6065, 6075962.130599998], [-9949539.1715, 6075965.766599998], [-9949548.2484, 6075973.018700004], [-9949552.7604, 6075976.655000001], [-9949621.819, 6076032.144100003], [-9949626.1186, 6076035.602300003], [-9949634.7178, 6076042.5385000035], [-9949638.9644, 6076046.016500004], [-9949656.1096, 6076059.928499997], [-9949660.356, 6076063.406300001], [-9949668.9021, 6076070.382100001], [-9949673.2018, 6076073.860100001], [-9949707.28, 6076101.862000003], [-9949711.6326, 6076105.418899998], [-9949720.2847, 6076112.5528], [-9949724.5844, 6076116.129600003], [-9949741.8358, 6076130.456600003], [-9949746.2947, 6076134.132100001], [-9949755.1061, 6076141.503200002], [-9949759.7242, 6076145.356700003], [-9949767.6864, 6076152.055699997], [-9949771.5082, 6076155.257200003], [-9949780.9037, 6076163.181599997], [-9949785.097, 6076166.699000001], [-9949801.9238, 6076181.006499998], [-9949806.1704, 6076184.603100002], [-9949814.6104, 6076191.815899998], [-9949818.8567, 6076195.412600003], [-9949852.988, 6076224.699299999], [-9949857.2875, 6076228.355300002], [-9949865.7807, 6076235.706500001], [-9949870.0802, 6076239.402099997], [-9949887.0662, 6076254.144100003], [-9949891.3126, 6076257.839599997], [-9949899.8056, 6076265.230499998], [-9949904.0522, 6076268.925899997], [-9949960.6369, 6076318.488499999], [-9949964.4587, 6076321.828299999], [-9949972.1024, 6076328.527500004], [-9949975.9244, 6076331.887000002], [-9949991.1056, 6076345.344899997], [-9949994.9274, 6076348.704400003], [-9950002.5179, 6076355.4629999995], [-9950006.3399, 6076358.842299998], [-9950036.6493, 6076385.876800001], [-9950040.4181, 6076389.255900003], [-9950047.9556, 6076396.034400001], [-9950051.7774, 6076399.433399998], [-9950066.8526, 6076413.029700004], [-9950070.6212, 6076416.428800002], [-9950078.1588, 6076423.246600002], [-9950081.9276, 6076426.665399998], [-9950095.888, 6076439.392300002], [-9950100.2406, 6076443.344700001], [-9950108.8928, 6076451.229999997], [-9950113.1925, 6076455.182400003], [-9950130.3908, 6076471.011799999], [-9950134.6904, 6076474.983999997], [-9950143.2895, 6076482.928300001], [-9950147.5892, 6076486.900600001], [-9950181.8796, 6076518.757399999], [-9950186.1792, 6076522.749399997], [-9950194.7253, 6076530.7333], [-9950198.9718, 6076534.745099999], [-9950216.064, 6076550.7722999975], [-9950220.3104, 6076554.7842999995], [-9950228.8035, 6076562.807700001], [-9950233.05, 6076566.839100003], [-9950277.8505, 6076609.387800001], [-9950281.5132, 6076612.885700002], [-9950288.8915, 6076619.881800003], [-9950292.554, 6076623.379699998], [-9950307.1514, 6076637.4111], [-9950310.8141, 6076640.9287], [-9950318.0862, 6076647.944499999], [-9950321.7487, 6076651.4821000025], [-9950350.8904, 6076679.663599998], [-9950354.5, 6076683.181299999], [-9950361.772, 6076690.256399997], [-9950365.4347, 6076693.794], [-9950379.9258, 6076707.943999998], [-9950383.5354, 6076711.501400001], [-9950390.7544, 6076718.596199997], [-9950394.3641, 6076722.153499998], [-9950417.4012, 6076744.8609], [-9950421.5947, 6076748.971699998], [-9950429.9285, 6076757.2324], [-9950434.0688, 6076761.362800002], [-9950450.6833, 6076777.943999998], [-9950454.8236, 6076782.074500002], [-9950463.1042, 6076790.3945999965], [-9950467.2446, 6076794.544699997], [-9950500.3142, 6076827.8455], [-9950504.4545, 6076832.0154], [-9950512.6821, 6076840.375200003], [-9950516.7694, 6076844.564900003], [-9950533.2246, 6076861.304200001], [-9950537.3119, 6076865.494099997], [-9950545.5395, 6076873.893299997], [-9950549.6267, 6076878.0832], [-9950583.3334, 6076912.806999996], [-9950586.8366, 6076916.443400003], [-9950593.8435, 6076923.716200002], [-9950597.3468, 6076927.3527000025], [-9950611.4134, 6076941.918300003], [-9950614.9167, 6076945.574500002], [-9950621.8703, 6076952.867299996], [-9950625.3738, 6076956.5233], [-9950653.2945, 6076985.812700003], [-9950656.7448, 6076989.468900003], [-9950663.6984, 6076996.800999999], [-9950667.2018, 6077000.4771], [-9950681.056, 6077015.181100003], [-9950684.5592, 6077018.857000001], [-9950691.4599, 6077026.228799999], [-9950694.9102, 6077029.924599998], [-9950726.1751, 6077063.344800003], [-9950730.3685, 6077067.8508], [-9950738.8083, 6077076.902400002], [-9950743.0018, 6077081.428400002], [-9950759.7755, 6077099.571400002], [-9950763.9689, 6077104.116999999], [-9950772.3027, 6077113.208300002], [-9950776.4961, 6077117.773599997], [-9950809.8312, 6077154.2377], [-9950813.9714, 6077158.803300001], [-9950822.3052, 6077167.9538], [-9950826.4455, 6077172.539099999], [-9950843.0068, 6077190.860200003], [-9950847.1472, 6077195.465000004], [-9950855.428, 6077204.655299999], [-9950859.5151, 6077209.240599997], [-9950883.6672, 6077236.2776999995], [-9950888.71, 6077241.949900001], [-9950897.0968, 6077251.397100002], [-9950902.1394, 6077257.069300003], [-9950917.2146, 6077274.105800003], [-9950922.2572, 6077279.778099999], [-9950930.6972, 6077289.383500002], [-9950936.4301, 6077295.925399996], [-9950945.3477, 6077306.084200002], [-9950959.5734, 6077322.369900003], [-9950998.7474, 6077367.471600004], [-9951002.0384, 6077371.266599998], [-9951010.1067, 6077380.595299996], [-9951026.0843, 6077399.114299998], [-9951035.5859, 6077410.221900001], [-9951062.5511, 6077441.805399999], [-9951065.789, 6077445.600299999], [-9951072.2119, 6077453.209399998], [-9951075.4499, 6077457.004299998], [-9951088.3487, 6077472.242600001], [-9951091.6927, 6077476.215300001], [-9951098.3809, 6077484.160700001], [-9951101.9905, 6077488.469499998], [-9951105.2285, 6077492.382600002], [-9951112.3414, 6077500.861599997], [-9951115.8446, 6077505.111100003], [-9951130.442, 6077522.760899998], [-9951134.1047, 6077527.168499999], [-9951141.3767, 6077536.0031], [-9951145.0393, 6077540.430500001], [-9951174.6057, 6077576.501000002], [-9951178.2683, 6077581.027099997], [-9951185.6466, 6077590.059600003], [-9951189.3623, 6077594.585600004], [-9951204.0127, 6077612.710100003], [-9951207.6753, 6077617.236199997], [-9951215.0005, 6077626.328100003], [-9951218.6631, 6077630.8741], [-9951277.5303, 6077704.300700001], [-9951284.8555, 6077713.491400003], [-9951299.5059, 6077731.932300001], [-9951306.778, 6077741.182400003], [-9951335.8136, 6077778.222199999], [-9951343.0325, 6077787.4921], [-9951357.4708, 6077806.091200002], [-9951364.6367, 6077815.420400001], [-9951421.9113, 6077890.113700002], [-9951429.0772, 6077899.482699998], [-9951443.3032, 6077918.240000002], [-9951450.3629, 6077927.628799997], [-9951478.6022, 6077965.302000001], [-9951485.6089, 6077974.730099998], [-9951499.6223, 6077993.645800002], [-9951506.6291, 6078003.113600001], [-9951562.2582, 6078079.053900003], [-9951569.1589, 6078088.581100002], [-9951582.96, 6078107.635399997], [-9951589.8605, 6078117.182300001], [-9951617.2504, 6078155.4692], [-9951624.0979, 6078165.055799998], [-9951637.6868, 6078184.268299997], [-9951644.428, 6078193.894400001], [-9951698.4117, 6078271.0222999975], [-9951705.1531, 6078280.688100003], [-9951718.5295, 6078300.059100002], [-9951725.2177, 6078309.744599998], [-9951751.7585, 6078348.625200003], [-9951758.3935, 6078358.350299999], [-9951771.5577, 6078377.859999999], [-9951778.1399, 6078387.624799997], [-9951830.4249, 6078465.940300003], [-9951836.9009, 6078475.744599998], [-9951849.8526, 6078495.392800003], [-9951856.3286, 6078505.236699998], [-9951882.0199, 6078544.671800002], [-9951888.4427, 6078554.555100001], [-9951901.1822, 6078574.342], [-9951907.552, 6078584.245200001], [-9951958.1385, 6078663.689499997], [-9951964.4021, 6078673.632200003], [-9951976.9291, 6078693.557800002], [-9951983.1928, 6078703.540299997], [-9952008.0347, 6078743.529700004], [-9952014.2454, 6078753.551799998], [-9952026.5603, 6078773.615699999], [-9952032.6646, 6078783.657499999], [-9952081.4994, 6078864.170900002], [-9952084.578, 6078869.271200001], [-9952090.7356, 6078879.451399997], [-9952093.761, 6078884.5515], [-9952105.9697, 6078904.951899998], [-9952109.0485, 6078910.051899999], [-9952115.0998, 6078920.271899998], [-9952118.1785, 6078925.372100003], [-9952142.3836, 6078966.3112], [-9952145.4622, 6078971.530000001], [-9952151.5666, 6078981.987199999], [-9952154.6454, 6078987.206], [-9952166.9071, 6079008.160099998], [-9952170.0389, 6079013.5964], [-9952176.3555, 6079024.488399997], [-9952181.0268, 6079032.514399998], [-9952187.7149, 6079044.1972], [-9952190.4221, 6079048.941500001], [-9952201.7284, 6079068.808600001], [-9952204.5418, 6079073.770400003], [-9952210.1684, 6079083.713799998], [-9952212.9816, 6079088.675700001], [-9952235.8067, 6079129.319300003], [-9952238.673, 6079134.399599999], [-9952244.3527, 6079144.580300003], [-9952247.219, 6079149.6608000025], [-9952258.5253, 6079170.0419000015], [-9952261.3387, 6079175.142200001], [-9952266.9654, 6079185.362499997], [-9952269.7787, 6079190.462800004], [-9952315.0569, 6079273.035999998], [-9952320.6835, 6079283.374899998], [-9952331.9368, 6079304.092500001], [-9952337.5103, 6079314.4711000025], [-9952359.6983, 6079356.005199999], [-9952365.2187, 6079366.4036], [-9952376.2066, 6079387.240099996], [-9952381.6739, 6079397.658299997], [-9952425.1475, 6079481.2217999995], [-9952430.5617, 6079491.679899998], [-9952441.2842, 6079512.635200001], [-9952446.6455, 6079523.1127], [-9952467.9311, 6079565.122400001], [-9952473.2392, 6079575.659400001], [-9952483.7493, 6079596.7136999965], [-9952489.0044, 6079607.2705999985], [-9952530.673, 6079691.7456], [-9952535.822, 6079702.322499998], [-9952546.1198, 6079723.515500002], [-9952551.2687, 6079734.112099998], [-9952571.5989, 6079776.577399999], [-9952576.6946, 6079787.2136999965], [-9952586.78, 6079808.505800001], [-9952591.7697, 6079819.161799997], [-9952631.5806, 6079904.548199996], [-9952636.5172, 6079915.243799999], [-9952646.3373, 6079936.6351], [-9952651.2206, 6079947.350699998], [-9952670.7016, 6079990.2717999965], [-9952675.5319, 6080001.006999999], [-9952685.1397, 6080022.517300002], [-9952689.9169, 6080033.272100002], [-9952727.817, 6080119.511], [-9952732.5411, 6080130.305799998], [-9952741.9367, 6080151.9152000025], [-9952746.6077, 6080162.729599997], [-9952765.0801, 6080206.067100003], [-9952769.6981, 6080216.901500002], [-9952778.8282, 6080238.609899998], [-9952783.3399, 6080249.483800001], [-9952819.4352, 6080336.535400003], [-9952823.8941, 6080347.429200001], [-9952832.8118, 6080369.2368], [-9952837.2175, 6080380.150600001], [-9952854.7873, 6080423.884499997], [-9952859.1401, 6080434.818000004], [-9952867.7923, 6080456.724600002], [-9952872.092, 6080467.697800003], [-9952906.2763, 6080555.502800003], [-9952908.3996, 6080561.058799997], [-9952912.6991, 6080572.170400001], [-9952914.8223, 6080577.7260000035], [-9952923.3685, 6080599.9690999985], [-9952925.4916, 6080605.5251], [-9952929.6852, 6080616.6565999985], [-9952931.8083, 6080622.232199997], [-9952948.5821, 6080666.797799997], [-9952950.7053, 6080672.4921], [-9952954.9518, 6080683.8807], [-9952957.075, 6080689.594700001], [-9952965.5149, 6080712.3917], [-9952967.6913, 6080718.343099996], [-9952972.0971, 6080730.245899998], [-9952975.2819, 6080738.985100001], [-9952980.6961, 6080754.110699996], [-9952990.2508, 6080780.822700001], [-9952995.9835, 6080796.936999999], [-9953012.3857, 6080843.599200003], [-9953014.3497, 6080849.096000001], [-9953018.1716, 6080860.109099999], [-9953020.0826, 6080865.605899997], [-9953027.6731, 6080887.632299997], [-9953029.5841, 6080893.148699999], [-9953033.3528, 6080904.1620000005], [-9953035.2637, 6080909.678499997], [-9953065.5732, 6080998.911700003], [-9953069.342, 6081010.0832], [-9953076.7733, 6081032.426299997], [-9953080.4889, 6081043.617799997], [-9953095.1394, 6081088.402900003], [-9953098.8021, 6081099.594300002], [-9953106.0211, 6081122.036499999], [-9953109.5776, 6081133.2676], [-9953137.976, 6081223.135899998], [-9953141.4793, 6081234.386799999], [-9953148.433, 6081256.888700001], [-9953151.8833, 6081268.159400001], [-9953165.5782, 6081313.2425], [-9953168.9754, 6081324.532899998], [-9953175.7169, 6081347.114299998], [-9953179.0609, 6081358.424599998], [-9953205.4423, 6081448.888400003], [-9953208.7334, 6081460.218800001], [-9953214.4131, 6081483.472599998], [-9953217.9696, 6081494.881999999], [-9953230.8152, 6081539.807999998], [-9953234.0001, 6081551.118799999], [-9953240.4228, 6081573.740000002], [-9953243.5015, 6081585.110100001], [-9953265.7958, 6081671.364399999], [-9953267.229, 6081676.426700003], [-9953269.8299, 6081687.954999998], [-9953277.0489, 6081710.260200001], [-9953280.0215, 6081721.670000002], [-9953291.6994, 6081767.309100002], [-9953294.619, 6081778.738799997], [-9953300.3516, 6081801.597900003], [-9953303.2181, 6081813.027599998], [-9953325.6714, 6081904.583899997], [-9953328.4317, 6081916.033500001], [-9953333.899, 6081938.952299997], [-9953336.6061, 6081950.421800002], [-9953347.3818, 6081996.3191], [-9953350.0358, 6082007.808399998], [-9953355.2376, 6082030.786899999], [-9953357.8387, 6082042.276000001], [-9953378.275, 6082134.2896], [-9953380.8228, 6082145.818499997], [-9953385.8125, 6082168.837099999], [-9953388.2542, 6082180.365999997], [-9953398.0212, 6082226.482199997], [-9953400.4098, 6082238.031000003], [-9953405.1341, 6082261.108999997], [-9953407.4697, 6082272.677599996], [-9953426.5258, 6082368.035599999], [-9953429.9761, 6082385.576800004], [-9953435.6559, 6082414.825400002], [-9953439.0, 6082432.386299998], [-9953448.3423, 6082482.182099998], [-9953449.4571, 6082488.1545], [-9953451.6865, 6082500.138700001], [-9953452.8011, 6082506.130800001], [-9953457.1537, 6082530.1193], [-9953458.3215, 6082536.368500002], [-9953460.5509, 6082548.886799999], [-9953462.1434, 6082557.7663], [-9953464.5321, 6082571.629299998], [-9953468.7786, 6082596.389300004], [-9953471.3265, 6082611.3204], [-9953478.9702, 6082657.241099998], [-9953481.5181, 6082672.587700002], [-9953485.6585, 6082698.1586000025], [-9953488.1002, 6082713.5251], [-9953500.1496, 6082790.0803999975], [-9953502.4321, 6082804.8336], [-9953505.3516, 6082824.017200001], [-9953506.3601, 6082830.424900003], [-9953508.2179, 6082842.8445999995], [-9953509.1204, 6082849.034900002], [-9953512.7828, 6082873.874499999], [-9953513.7384, 6082880.084600002], [-9953515.4901, 6082892.504500002], [-9953516.3924, 6082898.714500003], [-9953524.7262, 6082957.551100001], [-9953525.7879, 6082964.888499998], [-9953527.8049, 6082979.562899999], [-9953528.8135, 6082986.900399998], [-9953532.7416, 6083016.249700002], [-9953533.75, 6083023.606799997], [-9953535.661, 6083038.2815999985], [-9953536.6165, 6083045.619099997], [-9953538.2619, 6083058.414899997], [-9953540.226, 6083074.2566], [-9953543.464, 6083100.698899999], [-9953545.3749, 6083116.580300003], [-9953551.0015, 6083164.184799999], [-9953552.8592, 6083180.066200003], [-9953555.8319, 6083206.528700002], [-9953557.5836, 6083222.429899998], [-9953568.306, 6083321.7739999965], [-9953570.1639, 6083339.3961], [-9953573.1364, 6083368.746600002], [-9953574.9411, 6083386.368799999], [-9953580.0369, 6083439.255599998], [-9953581.6824, 6083456.8977999985], [-9953584.3896, 6083486.288400002], [-9953585.929, 6083503.930699997], [-9953590.1224, 6083552.6844], [-9953590.9186, 6083562.020000003], [-9953592.458, 6083580.690700002], [-9953593.2011, 6083590.026299998], [-9953596.0675, 6083627.387999997], [-9953596.7576, 6083636.7236], [-9953598.1377, 6083655.414499998], [-9953598.8278, 6083664.7698], [-9953603.9235, 6083739.513899997], [-9953604.5605, 6083748.869199999], [-9953605.7283, 6083767.5603], [-9953606.3121, 6083776.915899999], [-9953608.5416, 6083814.318099998], [-9953609.1255, 6083823.673500001], [-9953610.1341, 6083842.3847], [-9953610.6648, 6083851.740099996], [-9953613.2659, 6083902.8693], [-9953614.1151, 6083920.532200001], [-9953615.4421, 6083949.944200002], [-9953616.2384, 6083967.587300003], [-9953618.3616, 6084020.556900002], [-9953618.9987, 6084038.219899997], [-9953620.0603, 6084067.652000003], [-9953620.591, 6084085.315200001], [-9953623.5636, 6084185.401100002], [-9953624.0412, 6084202.886500001], [-9953624.7314, 6084232.042199999], [-9953625.1029, 6084249.527999997], [-9953626.0584, 6084302.004600003], [-9953626.3769, 6084319.490199998], [-9953626.7484, 6084348.646399997], [-9953626.9077, 6084363.224600002], [-9953626.9607, 6084369.435500003], [-9953627.067, 6084380.294799998], [-9953627.1201, 6084395.070900001], [-9953627.2262, 6084417.818300001], [-9953627.2793, 6084432.159199998], [-9953627.2794, 6084438.924000002], [-9953627.2794, 6084453.818899997], [-9953627.2261, 6084460.583899997], [-9953627.12, 6084486.1998], [-9953627.0139, 6084503.270300001], [-9953626.4831, 6084555.629799999], [-9953626.2708, 6084573.116099998], [-9953625.8462, 6084602.253300004], [-9953625.5275, 6084619.719700001], [-9953623.6167, 6084712.611500002], [-9953623.192, 6084730.098099999], [-9953622.4489, 6084759.275399998], [-9953621.9712, 6084776.762199998], [-9953620.3256, 6084829.241999999], [-9953619.7418, 6084846.748599999], [-9953618.6271, 6084875.906300001], [-9953617.937, 6084893.393399999], [-9953617.4061, 6084906.449199997], [-9953616.61, 6084924.292099997], [-9953615.1768, 6084954.043799996], [-9953614.2743, 6084971.886799999], [-9953611.4612, 6085025.396700002], [-9953610.4525, 6085043.239799999], [-9953608.7008, 6085072.952399999], [-9953607.6392, 6085090.795699999], [-9953601.6941, 6085183.692500003], [-9953600.5264, 6085201.100900002], [-9953598.5092, 6085230.121399999], [-9953597.2352, 6085247.5101], [-9953593.3072, 6085299.696099997], [-9953591.9802, 6085317.104800001], [-9953589.6447, 6085346.086099997], [-9953588.2115, 6085363.475199997], [-9953587.0968, 6085376.314099997], [-9953585.5044, 6085394.1778], [-9953582.7972, 6085423.931000002], [-9953581.1516, 6085441.7751], [-9953576.2683, 6085492.320299998], [-9953575.6313, 6085498.591600001], [-9953574.4104, 6085511.114200003], [-9953573.7733, 6085517.385300003], [-9953571.1725, 6085542.430699997], [-9953570.5355, 6085548.701899998], [-9953569.2085, 6085561.224600002], [-9953568.5184, 6085567.495899998], [-9953560.5561, 6085641.188299999], [-9953559.123, 6085654.185800001], [-9953556.6813, 6085675.828699999], [-9953555.195, 6085688.826499999], [-9953552.8063, 6085709.084600002], [-9953550.7893, 6085725.762199998], [-9953547.4451, 6085753.538099997], [-9953545.3749, 6085770.195900001], [-9953531.6799, 6085877.878399998], [-9953529.769, 6085892.202100001], [-9953525.9471, 6085920.849100001], [-9953523.9832, 6085935.172600001], [-9953515.9148, 6085992.427500002], [-9953513.8977, 6086006.7315], [-9953510.7129, 6086027.979599997], [-9953505.8294, 6086062.5031], [-9953502.4852, 6086085.334200002], [-9953488.5249, 6086176.6193], [-9953486.7201, 6086188.153700002], [-9953483.0575, 6086211.2026999965], [-9953481.1995, 6086222.737300001], [-9953473.662, 6086268.8156], [-9953471.698, 6086280.607299998], [-9953467.664, 6086304.151100002], [-9953465.5407, 6086316.437600002], [-9953464.0544, 6086324.826200001], [-9953460.8695, 6086342.612999998], [-9953459.2771, 6086351.516199999], [-9953452.5357, 6086388.137999997], [-9953450.8372, 6086397.298500001], [-9953447.3868, 6086415.579800002], [-9953445.6352, 6086424.7403], [-9953431.3563, 6086498.895199999], [-9953429.5516, 6086508.174400002], [-9953425.889, 6086526.693499997], [-9953424.0311, 6086535.953000002], [-9953416.5466, 6086572.9714], [-9953414.6888, 6086582.230999999], [-9953410.867, 6086600.7304000035], [-9953408.9029, 6086609.970299996], [-9953390.3244, 6086698.055799998], [-9953388.679, 6086705.890799999], [-9953385.2818, 6086721.581], [-9953383.5831, 6086729.416199997], [-9953376.7357, 6086760.776600003], [-9953375.037, 6086768.6118], [-9953371.5337, 6086784.262500003], [-9953369.782, 6086792.0977], [-9953355.6093, 6086854.680799998], [-9953353.8046, 6086862.516099997], [-9953350.195, 6086878.147100002], [-9953348.3903, 6086885.9626], [-9953341.0652, 6086917.204999998], [-9953339.2603, 6086925.0205999985], [-9953335.5446, 6086940.631899998], [-9953333.6337, 6086948.427699998], [-9953311.6581, 6087039.286799997], [-9953308.8447, 6087050.644199997], [-9953303.2712, 6087073.319600001], [-9953300.4048, 6087084.6570999995], [-9953288.9392, 6087129.988499999], [-9953286.0197, 6087141.306400001], [-9953280.1278, 6087163.922700003], [-9953277.2083, 6087175.240699999], [-9953253.2156, 6087265.6074], [-9953250.19, 6087276.9059000015], [-9953244.0856, 6087299.463200003], [-9953241.0068, 6087310.741800003], [-9953228.5328, 6087355.797200002], [-9953225.4011, 6087367.056199998], [-9953219.0312, 6087389.554200001], [-9953215.8463, 6087400.793499999], [-9953189.9428, 6087490.608499996], [-9953186.7047, 6087501.828000002], [-9953180.0696, 6087524.267200001], [-9953176.7785, 6087535.467], [-9953163.349, 6087580.2465], [-9953159.9518, 6087591.426600002], [-9953153.1043, 6087613.786799997], [-9953149.6541, 6087624.9472], [-9953121.8393, 6087714.210500002], [-9953117.0622, 6087729.328599997], [-9953107.4013, 6087759.5451000035], [-9953102.5178, 6087774.623499997], [-9953082.7184, 6087834.918300003], [-9953077.7288, 6087849.9575999975], [-9953067.6434, 6087880.035999998], [-9953064.0339, 6087890.603], [-9953048.3749, 6087938.2535], [-9953044.5, 6087949.988200001], [-9953036.6441, 6087973.437899999], [-9953032.6628, 6087985.1329], [-9953029.6903, 6087993.780599996], [-9953024.913, 6088007.711800002], [-9953016.8976, 6088030.884400003], [-9953012.0142, 6088044.795999996], [-9952997.3637, 6088086.510899998], [-9952992.321, 6088100.7588], [-9952984.7305, 6088122.0913999975], [-9952982.5541, 6088128.1467999965], [-9952978.3076, 6088139.9608], [-9952976.0782, 6088145.9965], [-9952970.2392, 6088162.104699999], [-9952960.5786, 6088188.4636999965], [-9952954.0495, 6088206.1554000005], [-9952919.3875, 6088299.4223000035], [-9952913.9731, 6088313.7695999965], [-9952903.1445, 6088342.2861], [-9952897.6772, 6088356.534599997], [-9952875.5954, 6088413.4296], [-9952870.0218, 6088427.638499998], [-9952858.8217, 6088456.017099999], [-9952853.142, 6088470.1866], [-9952807.439, 6088583.325400002], [-9952801.6532, 6088597.455499999], [-9952790.0284, 6088625.676200002], [-9952784.1362, 6088639.747199997], [-9952760.4621, 6088696.010700002], [-9952754.517, 6088710.042099997], [-9952742.4675, 6088738.084899999], [-9952736.4162, 6088752.096699998], [-9952698.6224, 6088838.502099998], [-9952693.8982, 6088849.287900001], [-9952684.3435, 6088870.840099998], [-9952679.5132, 6088881.606200002], [-9952660.1384, 6088924.611599997], [-9952655.255, 6088935.338100001], [-9952645.4881, 6088956.791500002], [-9952640.5515, 6088967.498499997], [-9952600.8998, 6089053.054899998], [-9952595.9102, 6089063.742200002], [-9952585.8778, 6089085.077100001], [-9952580.835, 6089095.724699996], [-9952560.5049, 6089138.295699999], [-9952555.4091, 6089148.923699997], [-9952545.1645, 6089170.140000001], [-9952540.0156, 6089180.748300001], [-9952498.506, 6089265.416299999], [-9952493.2509, 6089275.985100001], [-9952482.7939, 6089297.1027000025], [-9952477.4857, 6089307.651799999], [-9952456.3063, 6089349.768600002], [-9952450.9451, 6089360.277999997], [-9952440.2228, 6089381.2771999985], [-9952434.8615, 6089391.747000001], [-9952391.4942, 6089475.506800003], [-9952386.0268, 6089485.9570999965], [-9952375.092, 6089506.837700002], [-9952369.5715, 6089517.268399999], [-9952347.4367, 6089558.891400002], [-9952341.9162, 6089569.302100003], [-9952330.7161, 6089590.044500001], [-9952325.0894, 6089600.4157000035], [-9952279.9172, 6089683.187799998], [-9952277.1041, 6089688.4130000025], [-9952271.3712, 6089698.863499999], [-9952268.5048, 6089704.068999998], [-9952256.9862, 6089724.910599999], [-9952254.0667, 6089730.116099998], [-9952248.2809, 6089740.5271999985], [-9952245.3614, 6089745.712800004], [-9952222.1117, 6089787.257799998], [-9952219.1392, 6089792.562299997], [-9952213.1941, 6089803.1316], [-9952210.2216, 6089808.416299999], [-9952198.2252, 6089829.5353000015], [-9952195.0934, 6089835.018100001], [-9952188.8298, 6089845.963399999], [-9952184.2118, 6089854.019199997], [-9952177.4704, 6089865.677299999], [-9952174.7101, 6089870.427599996], [-9952163.2447, 6089890.181000002], [-9952160.3252, 6089895.1294], [-9952154.5924, 6089905.005999997], [-9952151.6729, 6089909.934600003], [-9952127.9987, 6089950.154299997], [-9952125.0262, 6089955.181699999], [-9952119.081, 6089965.2168999985], [-9952116.1085, 6089970.2245000005], [-9952104.1121, 6089990.275200002], [-9952101.1396, 6089995.282700002], [-9952095.1414, 6090005.298199996], [-9952092.1157, 6090010.305799998], [-9952043.3871, 6090091.023400001], [-9952037.2828, 6090101.0983000025], [-9952025.0209, 6090121.2086], [-9952018.8105, 6090131.263800003], [-9951994.0216, 6090171.365599997], [-9951987.811, 6090181.361500002], [-9951975.2838, 6090201.3532000035], [-9951969.0202, 6090211.329300001], [-9951918.5399, 6090290.960100003], [-9951912.2233, 6090300.896700002], [-9951899.4838, 6090320.750100002], [-9951893.114, 6090330.647100002], [-9951867.4227, 6090370.195699997], [-9951860.9998, 6090380.072999999], [-9951848.0481, 6090399.768299997], [-9951841.519, 6090409.605999999], [-9951789.3401, 6090488.130099997], [-9951782.8112, 6090497.928300001], [-9951769.647, 6090517.485299997], [-9951763.0119, 6090527.244099997], [-9951736.5242, 6090566.2195999995], [-9951729.836, 6090575.958499998], [-9951716.5126, 6090595.357199997], [-9951709.7713, 6090605.056500003], [-9951655.8939, 6090682.4146], [-9951649.1524, 6090692.074500002], [-9951635.5636, 6090711.335000001], [-9951628.7163, 6090720.955300003], [-9951601.3793, 6090759.337700002], [-9951594.4787, 6090768.9186], [-9951580.7308, 6090788.0407000035], [-9951573.7771, 6090797.582000002], [-9951518.254, 6090873.753899999], [-9951511.2473, 6090883.255599998], [-9951497.287, 6090902.219800003], [-9951490.2271, 6090911.681900002], [-9951462.041, 6090949.4516], [-9951454.9812, 6090958.874300003], [-9951440.7554, 6090977.699699998], [-9951433.6425, 6090987.082800001], [-9951376.421, 6091062.009599999], [-9951369.2549, 6091071.373000003], [-9951354.8698, 6091090.020499997], [-9951347.6508, 6091099.324600004], [-9951318.6154, 6091136.481399998], [-9951311.3432, 6091145.745999999], [-9951296.746, 6091164.255099997], [-9951289.4207, 6091173.480099998], [-9951230.6067, 6091247.1413], [-9951226.891, 6091251.773699999], [-9951219.4064, 6091261.057999998], [-9951215.6908, 6091265.670500003], [-9951200.7749, 6091284.180100001], [-9951197.0062, 6091288.792599998], [-9951189.5217, 6091298.017800003], [-9951185.7529, 6091302.630199999], [-9951155.7089, 6091339.4711000025], [-9951151.8339, 6091344.143100001], [-9951144.1903, 6091353.487199999], [-9951140.3154, 6091358.159100004], [-9951124.9219, 6091376.8072], [-9951120.9407, 6091381.617799997], [-9951112.9255, 6091391.238799997], [-9951108.679, 6091396.3662], [-9951103.4769, 6091402.5229], [-9951092.5954, 6091415.430299997], [-9951087.1811, 6091421.883900002], [-9951064.7808, 6091448.2727999985], [-9951059.1542, 6091454.845200002], [-9951047.9009, 6091467.990400001], [-9951042.2212, 6091474.562899999], [-9950996.4652, 6091527.578599997], [-9950990.7323, 6091534.210500002], [-9950979.2668, 6091547.414999999], [-9950973.4808, 6091554.007200003], [-9950950.3905, 6091580.337200001], [-9950944.6047, 6091586.9098000005], [-9950932.98, 6091600.015299998], [-9950927.1941, 6091606.5682], [-9950833.3995, 6091711.730499998], [-9950821.6154, 6091724.836300001], [-9950797.9412, 6091750.929099999], [-9950786.0509, 6091763.936099999], [-9950738.2778, 6091815.745800003], [-9950726.2814, 6091828.653999999], [-9950702.2356, 6091854.370899998], [-9950690.133, 6091867.179899998], [-9950592.9412, 6091969.2173999995], [-9950580.7326, 6091981.907899998], [-9950556.2621, 6092007.229199998], [-9950543.9472, 6092019.840599999], [-9950494.5285, 6092070.0682], [-9950482.1076, 6092082.560800001], [-9950457.2124, 6092107.486699998], [-9950444.7383, 6092119.8803], [-9950344.2555, 6092218.693599999], [-9950337.9919, 6092224.850900002], [-9950325.3586, 6092237.1457], [-9950319.0419, 6092243.283200003], [-9950293.7221, 6092267.793899998], [-9950287.4054, 6092273.891599998], [-9950274.719, 6092286.1074], [-9950268.3493, 6092292.185599998], [-9950217.285, 6092340.771499999], [-9950210.9153, 6092346.8298999965], [-9950198.1227, 6092358.927000001], [-9950191.6999, 6092364.945600003], [-9950166.0086, 6092389.040799998], [-9950159.5326, 6092395.039800003], [-9950146.6339, 6092407.037900001], [-9950140.158, 6092413.017200001], [-9950124.6052, 6092427.371299997], [-9950120.1994, 6092431.3904], [-9950111.441, 6092439.428900003], [-9950107.0352, 6092443.447999999], [-9950089.4654, 6092459.465400003], [-9950085.0596, 6092463.4648], [-9950076.2482, 6092471.4636999965], [-9950071.8423, 6092475.4432], [-9950036.4903, 6092507.299999997], [-9950032.0845, 6092511.2793999985], [-9950023.2199, 6092519.218999997], [-9950018.7611, 6092523.198600002], [-9950001.032, 6092539.017999999], [-9949996.5732, 6092542.977799997], [-9949987.6555, 6092550.858000003], [-9949983.1967, 6092554.798], [-9949911.8024, 6092617.719999999], [-9949907.3435, 6092621.679899998], [-9949898.3196, 6092629.579800002], [-9949893.8078, 6092633.5200999975], [-9949875.707, 6092649.280199997], [-9949871.1952, 6092653.200599998], [-9949862.1712, 6092661.060900003], [-9949857.6064, 6092664.961400002], [-9949821.2987, 6092696.264399998], [-9949816.6806, 6092700.224200003], [-9949807.4976, 6092708.144199997], [-9949802.8795, 6092712.084200002], [-9949784.3542, 6092727.844700001], [-9949779.5768, 6092731.903399996], [-9949770.0222, 6092739.981899999], [-9949764.9795, 6092744.238700002], [-9949761.3169, 6092747.327399999], [-9949753.4608, 6092753.901000001], [-9949749.5329, 6092757.207400002], [-9949733.237, 6092770.790100001], [-9949729.2027, 6092774.175899997], [-9949721.0282, 6092780.947300002], [-9949716.941, 6092784.332999997], [-9949683.712, 6092811.7754999995], [-9949679.5187, 6092815.200800002], [-9949671.1848, 6092822.051600002], [-9949667.0446, 6092825.476999998], [-9949650.324, 6092839.119099997], [-9949646.1836, 6092842.524599999], [-9949637.7968, 6092849.315899998], [-9949633.6033, 6092852.721600004], [-9949566.031, 6092907.389200002], [-9949557.591, 6092914.200300001], [-9949540.6049, 6092927.7831000015], [-9949532.1119, 6092934.554799996], [-9949498.0337, 6092961.562100001], [-9949489.5408, 6092968.274300002], [-9949472.4486, 6092981.698899999], [-9949463.8495, 6092988.3715], [-9949395.2154, 6093041.673699997], [-9949386.6162, 6093048.306900002], [-9949369.3647, 6093061.553300001], [-9949360.7126, 6093068.146899998], [-9949326.1566, 6093094.4614999965], [-9949317.4513, 6093101.015699998], [-9949300.0937, 6093114.064099997], [-9949291.3883, 6093120.578500003], [-9949221.6925, 6093172.475599997], [-9949212.9341, 6093178.950499997], [-9949195.4705, 6093191.8407000005], [-9949186.712, 6093198.256099999], [-9949151.5723, 6093223.8583], [-9949142.7608, 6093230.234200001], [-9949125.1378, 6093242.9463], [-9949116.3264, 6093249.2826000005], [-9949045.569, 6093299.754799999], [-9949036.7044, 6093306.051700003], [-9949018.9752, 6093318.585699998], [-9949010.1107, 6093324.822800003], [-9948974.4401, 6093349.712899998], [-9948965.5224, 6093355.910400003], [-9948947.6871, 6093368.2663], [-9948938.7164, 6093374.424500003], [-9948866.9504, 6093423.452], [-9948857.9796, 6093429.570600003], [-9948839.9852, 6093441.728500001], [-9948830.9613, 6093447.807499997], [-9948794.8661, 6093471.9651999995], [-9948785.7892, 6093477.9846], [-9948767.6885, 6093489.964500003], [-9948758.6116, 6093495.944399998], [-9948685.8902, 6093543.5273], [-9948668.798, 6093554.5766], [-9948634.5606, 6093576.556100003], [-9948617.3623, 6093587.447099999], [-9948548.4097, 6093630.733499996], [-9948531.1052, 6093641.465899996], [-9948496.443, 6093662.7924000025], [-9948479.0325, 6093673.366499998], [-9948473.8837, 6093676.495099999], [-9948461.728, 6093684.158399999], [-9948439.7524, 6093697.821699999], [-9948428.7646, 6093704.633599997], [-9948420.0592, 6093709.999899998], [-9948413.1055, 6093714.237599999], [-9948401.5339, 6093721.3068], [-9948394.5802, 6093725.544200003], [-9948333.2713, 6093762.8314], [-9948320.8503, 6093770.376000002], [-9948305.2444, 6093779.762100004], [-9948300.2017, 6093782.7919000015], [-9948290.4878, 6093788.633199997], [-9948285.6043, 6093791.544299997], [-9948266.1235, 6093803.167999998], [-9948261.24, 6093806.059199996], [-9948251.473, 6093811.841300003], [-9948246.5896, 6093814.732500002], [-9948232.1514, 6093823.247299999], [-9948222.3846, 6093828.9701000005], [-9948206.0354, 6093838.514700003], [-9948197.5956, 6093843.425700001], [-9948192.4998, 6093846.395999998], [-9948182.7327, 6093852.020000003], [-9948176.7347, 6093855.465400003], [-9948175.8853, 6093855.980300002], [-9948155.8737, 6093868.356600001], [-9948145.8412, 6093874.5151999965], [-9948065.37, 6093923.545599997], [-9948060.3275, 6093926.615000002], [-9948050.1888, 6093932.753799997], [-9948045.1461, 6093935.823200002], [-9948024.816, 6093948.041199997], [-9948019.7733, 6093951.070900001], [-9948009.5817, 6093957.150200002], [-9948004.4859, 6093960.1998], [-9947963.7726, 6093984.398400001], [-9947958.6236, 6093987.447999999], [-9947948.3259, 6093993.547200002], [-9947943.1769, 6093996.5967999995], [-9947922.4753, 6094008.715899996], [-9947917.2204, 6094011.805200003], [-9947906.6571, 6094017.983499996], [-9947901.0835, 6094021.191500001], [-9947896.5718, 6094023.825199999], [-9947887.017, 6094029.3303999975], [-9947882.2397, 6094032.063100003], [-9947862.5996, 6094043.291299999], [-9947857.7162, 6094046.1032000035], [-9947847.896, 6094051.687600002], [-9947842.9595, 6094054.479800001], [-9947803.2016, 6094076.9755000025], [-9947798.212, 6094079.7875000015], [-9947788.2329, 6094085.3917], [-9947783.2431, 6094088.183799997], [-9947763.2845, 6094099.332800001], [-9947758.2949, 6094102.125], [-9947748.3156, 6094107.669799998], [-9947743.326, 6094110.442100003], [-9947663.5979, 6094154.4043999985], [-9947656.432, 6094158.345200002], [-9947644.4887, 6094164.8999999985], [-9947637.3227, 6094168.820900001], [-9947615.7716, 6094180.564099997], [-9947608.6057, 6094184.485100001], [-9947596.6093, 6094190.960600004], [-9947589.3903, 6094194.861900002], [-9947584.2413, 6094197.653999999], [-9947578.9863, 6094200.4661], [-9947568.4763, 6094206.090099998], [-9947563.2212, 6094208.882299997], [-9947542.2011, 6094220.051200002], [-9947536.9459, 6094222.8434000015], [-9947526.4358, 6094228.388300002], [-9947521.1809, 6094231.160599999], [-9947478.9813, 6094253.2809000015], [-9947473.7262, 6094256.033399999], [-9947463.163, 6094261.538699999], [-9947457.9079, 6094264.271499999], [-9947436.7285, 6094275.222599998], [-9947431.4735, 6094277.935500003], [-9947420.8572, 6094283.381499998], [-9947415.6022, 6094286.0945999995], [-9947371.704, 6094308.4723000005], [-9947363.4764, 6094312.670500003], [-9947349.6753, 6094319.660999998], [-9947341.3947, 6094323.839500003], [-9947316.5525, 6094336.355099998], [-9947308.2719, 6094340.513899997], [-9947294.4177, 6094347.4054000005], [-9947289.7465, 6094349.762000002], [-9947281.2004, 6094354.098899998], [-9947264.6391, 6094362.475699998], [-9947256.3584, 6094366.634300001], [-9947223.2355, 6094383.210000001], [-9947214.9019, 6094387.348899998], [-9947198.2876, 6094395.567199998], [-9947190.0068, 6094399.666599996], [-9947123.3897, 6094432.262999997], [-9947115.056, 6094436.322700001], [-9947098.3884, 6094444.402599998], [-9947090.0547, 6094448.422799997], [-9947056.6135, 6094464.424099997], [-9947048.2267, 6094468.404600002], [-9947031.5061, 6094476.345799997], [-9947023.1193, 6094480.286700003], [-9946990.7928, 6094495.4366], [-9946985.4315, 6094497.9318], [-9946974.7622, 6094502.902500004], [-9946969.4011, 6094505.377899997], [-9946948.0093, 6094515.259999998], [-9946942.648, 6094517.7157000005], [-9946931.9787, 6094522.626999997], [-9946926.6174, 6094525.082699999], [-9946883.7279, 6094544.5891999975], [-9946878.3665, 6094547.0251], [-9946867.6442, 6094551.876999997], [-9946862.2298, 6094554.293200001], [-9946840.7851, 6094563.937600002], [-9946835.3708, 6094566.333899997], [-9946824.5953, 6094571.1263], [-9946819.2341, 6094573.5227999985], [-9946733.0301, 6094611.605499998], [-9946722.2546, 6094616.3386999965], [-9946700.6504, 6094625.745499998], [-9946689.875, 6094630.419200003], [-9946646.5607, 6094648.995499998], [-9946635.7321, 6094653.6098000035], [-9946614.0218, 6094662.779100001], [-9946603.1402, 6094667.333999999], [-9946516.14, 6094703.535899997], [-9946505.2583, 6094708.031300001], [-9946483.495, 6094716.943300001], [-9946472.5603, 6094721.379299998], [-9946428.8743, 6094739.005199999], [-9946417.9395, 6094743.381800003], [-9946396.017, 6094752.075900003], [-9946385.0823, 6094756.393399999], [-9946297.3389, 6094790.674599998], [-9946291.8185, 6094792.813500002], [-9946280.7776, 6094797.091200002], [-9946275.2572, 6094799.210199997], [-9946253.1753, 6094807.686399996], [-9946247.6548, 6094809.805500001], [-9946236.6139, 6094814.023900002], [-9946231.0935, 6094816.123099998], [-9946186.8237, 6094832.838100001], [-9946181.2502, 6094834.937200002], [-9946170.1032, 6094839.116099998], [-9946164.5295, 6094841.195600003], [-9946142.1823, 6094849.513499998], [-9946136.5027, 6094851.612599999], [-9946125.1432, 6094855.7914], [-9946119.3043, 6094857.930299997], [-9946114.1023, 6094859.831600003], [-9946103.3268, 6094863.733000003], [-9946097.9657, 6094865.673799999], [-9946076.0431, 6094873.5363000035], [-9946070.5757, 6094875.496799998], [-9946059.641, 6094879.398500003], [-9946054.1204, 6094881.3391999975], [-9946009.9038, 6094896.965099998], [-9946004.3833, 6094898.906000003], [-9945993.2894, 6094902.787600003], [-9945987.7689, 6094904.7086], [-9945965.6339, 6094912.3928999975], [-9945960.0604, 6094914.313900001], [-9945948.9665, 6094918.136200003], [-9945943.446, 6094920.037600003], [-9945854.3226, 6094950.4177], [-9945823.27, 6094960.736100003], [-9945761.0058, 6094980.917199999], [-9945729.7939, 6094990.759999998], [-9945640.6174, 6095018.189800002], [-9945633.3452, 6095020.506999999], [-9945620.1279, 6095024.705600001], [-9945613.4928, 6095026.785099998], [-9945545.8673, 6095048.016000003], [-9945531.8007, 6095052.373099998], [-9945503.6146, 6095060.988200001], [-9945489.495, 6095065.266099997], [-9945433.0695, 6095082.120200001], [-9945418.8969, 6095086.279200003], [-9945390.6576, 6095094.518100001], [-9945376.485, 6095098.597900003], [-9945353.9254, 6095104.994900003], [-9945346.8656, 6095106.995300002], [-9945332.6929, 6095110.956200004], [-9945325.5799, 6095112.936800003], [-9945297.1815, 6095120.7795], [-9945290.0687, 6095122.7403], [-9945275.896, 6095126.622199997], [-9945268.783, 6095128.543300003], [-9945177.8548, 6095153.002599999], [-9945170.7419, 6095154.903999999], [-9945156.5692, 6095158.6669000015], [-9945149.4562, 6095160.548299998], [-9945121.0047, 6095167.994999997], [-9945113.8919, 6095169.836900003], [-9945099.6661, 6095173.520800002], [-9945092.5532, 6095175.342799999], [-9945069.6222, 6095181.1655], [-9945055.3432, 6095184.750299998], [-9945026.8385, 6095191.800899997], [-9945012.5066, 6095195.286799997], [-9944955.338, 6095209.011799999], [-9944912.5545, 6095218.815499999], [-9944865.5246, 6095229.114200003], [-9944831.871, 6095236.996799998], [-9944815.6282, 6095240.7201000005], [-9944802.3578, 6095243.710699998], [-9944792.697, 6095245.869499996], [-9944744.6054, 6095256.584200002], [-9944735.4754, 6095258.5845], [-9944717.2154, 6095262.5656], [-9944708.0855, 6095264.526299998], [-9944647.0421, 6095277.538400002], [-9944566.3053, 6095295.204999998], [-9944541.4103, 6095300.493100002], [-9944491.6201, 6095310.7918], [-9944466.6719, 6095315.782799996], [-9944443.5284, 6095320.2588], [-9944437.6896, 6095321.387800001], [-9944426.1177, 6095323.605999999], [-9944420.3318, 6095324.6954], [-9944373.992, 6095333.429499999], [-9944368.1529, 6095334.519000001], [-9944356.5282, 6095336.677699998], [-9944350.6893, 6095337.747299999], [-9944327.3866, 6095342.005400002], [-9944321.5476, 6095343.074900001], [-9944309.7635, 6095345.1743], [-9944303.8185, 6095346.243799999], [-9944298.6696, 6095347.1548999995], [-9944288.2657, 6095348.957199998], [-9944283.0636, 6095349.868299998], [-9944261.9905, 6095353.492700003], [-9944256.7354, 6095354.384000003], [-9944246.1722, 6095356.1664], [-9944240.9172, 6095357.057700001], [-9944198.5582, 6095364.108400002], [-9944193.3033, 6095364.999700002], [-9944182.6869, 6095366.7228000015], [-9944177.3788, 6095367.594400004], [-9944156.1994, 6095371.0207], [-9944150.8913, 6095371.872400001], [-9944140.3281, 6095373.5559], [-9944135.02, 6095374.387599997], [-9944050.0368, 6095387.697099999], [-9944039.3676, 6095389.321199998], [-9944018.135, 6095392.549500003], [-9944007.4657, 6095394.134000003], [-9943964.9476, 6095400.352899998], [-9943954.2782, 6095401.8977999985], [-9943932.9926, 6095404.888400003], [-9943922.3234, 6095406.373899996], [-9943837.0748, 6095417.960199997], [-9943826.4056, 6095419.386299998], [-9943805.1199, 6095422.178800002], [-9943794.4505, 6095423.565300003], [-9943751.7732, 6095428.932700001], [-9943741.1039, 6095430.2399], [-9943719.7121, 6095432.8345], [-9943709.0428, 6095434.0823], [-9943623.5819, 6095443.985200003], [-9943618.2737, 6095444.599100001], [-9943607.5514, 6095445.807300001], [-9943602.2432, 6095446.401500002], [-9943580.8515, 6095448.758299999], [-9943575.4903, 6095449.352399997], [-9943564.8209, 6095450.5013], [-9943559.4597, 6095451.0757], [-9943516.6762, 6095455.5913999975], [-9943511.3151, 6095456.145999998], [-9943500.6457, 6095457.255099997], [-9943495.2844, 6095457.789899997], [-9943473.8927, 6095459.948600002], [-9943468.5315, 6095460.483499996], [-9943457.809, 6095461.533], [-9943452.501, 6095462.048100002], [-9943441.1416, 6095463.137400001], [-9943434.7719, 6095463.731700003], [-9943422.0854, 6095464.900200002], [-9943415.7157, 6095465.474600002], [-9943390.2366, 6095467.7522], [-9943383.8668, 6095468.326499999], [-9943371.1274, 6095469.415899999], [-9943364.7576, 6095469.9705], [-9943313.7996, 6095474.208899997], [-9943307.4299, 6095474.743600003], [-9943294.6903, 6095475.773599997], [-9943250.8452, 6095477.932499997], [-9943154.662, 6095485.676700003], [-9943115.3287, 6095488.489], [-9943089.8497, 6095490.073600002], [-9943058.744, 6095491.776799999], [-9943017.8184, 6095493.7179000005], [-9942999.3991, 6095514.850699998], [-9942991.5963, 6095523.723899998], [-9942975.9903, 6095541.390900001], [-9942968.1875, 6095550.224399999], [-9942936.7632, 6095585.3999999985], [-9942928.9073, 6095594.174199998], [-9942913.1421, 6095611.682899997], [-9942905.233, 6095620.417599998], [-9942841.6947, 6095690.096199997], [-9942833.6794, 6095698.791100003], [-9942817.702, 6095716.121799998], [-9942809.6867, 6095724.757399999], [-9942777.5725, 6095759.260300003], [-9942769.5042, 6095767.8565], [-9942753.3144, 6095785.008900002], [-9942745.246, 6095793.565399997], [-9942680.1684, 6095861.8391999975], [-9942672.047, 6095870.3561], [-9942655.6448, 6095887.350400001], [-9942647.4703, 6095895.807899997], [-9942614.5599, 6095929.5986], [-9942606.81, 6095937.521399997], [-9942591.2572, 6095953.327500001], [-9942583.4544, 6095961.210500002], [-9942534.3541, 6096010.609499998], [-9942451.919, 6096095.087399997], [-9942439.8164, 6096107.387699999], [-9942415.5582, 6096131.8697], [-9942403.3495, 6096144.071199998], [-9942355.2049, 6096191.8467999995], [-9942343.1553, 6096203.7513], [-9942318.8973, 6096227.4608], [-9942306.6885, 6096239.2663], [-9942238.7444, 6096304.631800003], [-9942230.2514, 6096312.7729], [-9942213.1593, 6096329.015299998], [-9942204.6132, 6096337.116700001], [-9942170.2697, 6096369.423500001], [-9942161.6705, 6096377.485399999], [-9942144.4191, 6096393.549599998], [-9942135.7669, 6096401.552100003], [-9942129.397, 6096407.395499997], [-9942127.1145, 6096411.357199997], [-9942122.9211, 6096418.547499999], [-9942105.6698, 6096448.021899998], [-9942101.317, 6096455.390500002], [-9942092.6648, 6096470.108099997], [-9942088.3121, 6096477.437200002], [-9942052.8538, 6096536.960900001], [-9942048.3951, 6096544.3891], [-9942039.4773, 6096559.225599997], [-9942034.9656, 6096566.634000003], [-9942017.0241, 6096596.247599997], [-9942012.512, 6096603.636200003], [-9942003.4352, 6096618.4135000035], [-9941998.9233, 6096625.7820999995], [-9941925.6181, 6096744.436300002], [-9941916.3819, 6096759.233599998], [-9941897.8035, 6096788.748800002], [-9941888.4611, 6096803.4668999985], [-9941850.8795, 6096862.2007], [-9941841.4312, 6096876.839599997], [-9941822.375, 6096906.058300003], [-9941812.8203, 6096920.618000001], [-9941735.7463, 6097036.839599997], [-9941726.0324, 6097051.320500001], [-9941706.4986, 6097080.2227], [-9941696.7316, 6097094.624300003], [-9941657.2391, 6097152.111900002], [-9941647.3129, 6097166.454300001], [-9941627.3544, 6097195.039899997], [-9941617.2689, 6097209.283299997], [-9941536.5323, 6097322.953199998], [-9941531.4365, 6097330.045400001], [-9941521.2979, 6097344.209700003], [-9941516.2021, 6097351.281999998], [-9941495.7658, 6097379.531300001], [-9941490.6702, 6097386.583899997], [-9941480.3723, 6097400.6888], [-9941475.2234, 6097407.721600004], [-9941433.9261, 6097463.884099998], [-9941428.7243, 6097470.897], [-9941418.3734, 6097484.902999997], [-9941413.1714, 6097491.896200001], [-9941392.2574, 6097519.829099998], [-9941387.0554, 6097526.782700002], [-9941376.5453, 6097540.7095], [-9941371.2902, 6097547.6630000025], [-9941367.4684, 6097552.655299999], [-9941363.7528, 6097557.548600003], [-9941356.2682, 6097567.315399997], [-9941352.5526, 6097572.208700001], [-9941337.5306, 6097591.722199999], [-9941333.7619, 6097596.5956000015], [-9941326.2243, 6097606.322800003], [-9941322.4554, 6097611.196199998], [-9941292.1993, 6097650.045400001], [-9941288.4304, 6097654.899099998], [-9941280.8398, 6097664.5867], [-9941277.0179, 6097669.420400001], [-9941261.7836, 6097688.775799997], [-9941257.9618, 6097693.590000004], [-9941250.318, 6097703.237899996], [-9941246.4962, 6097708.071800001], [-9941185.1342, 6097785.0776999965], [-9941181.2593, 6097789.931599997], [-9941173.4564, 6097799.6193], [-9941169.5815, 6097804.453100003], [-9941153.9756, 6097823.769199997], [-9941150.1007, 6097828.603299998], [-9941142.2446, 6097838.231600001], [-9941138.3697, 6097843.065399997], [-9941131.8406, 6097851.009800002], [-9941128.0719, 6097856.953299999], [-9941123.1884, 6097864.640000001], [-9941103.5483, 6097895.308200002], [-9941098.6118, 6097902.975299999], [-9941088.7386, 6097918.269900002], [-9941083.802, 6097925.917099997], [-9941043.9911, 6097986.956699997], [-9941039.0016, 6097994.564400002], [-9941028.9691, 6098009.799599998], [-9941023.9796, 6098017.387400001], [-9941003.8086, 6098047.739200003], [-9940998.7658, 6098055.307400003], [-9940988.6274, 6098070.443700001], [-9940983.5315, 6098077.991899997], [-9940901.8925, 6098198.686999999], [-9940891.6478, 6098213.7443], [-9940870.9992, 6098243.740000002], [-9940860.5954, 6098258.6985], [-9940818.7672, 6098318.353699997], [-9940808.2571, 6098333.232699998], [-9940787.0778, 6098362.872400001], [-9940776.4084, 6098377.652500004], [-9940690.7883, 6098495.538400002], [-9940680.0128, 6098510.219800003], [-9940658.3557, 6098539.5031], [-9940647.4739, 6098554.1054000035], [-9940603.6819, 6098612.316299997], [-9940592.641, 6098626.819399998], [-9940570.5061, 6098655.746799998], [-9940559.359, 6098670.170900002], [-9940469.8109, 6098785.068899997], [-9940464.1844, 6098792.281000003], [-9940452.878, 6098806.685400002], [-9940447.1984, 6098813.877899997], [-9940424.4264, 6098842.567900002], [-9940418.6937, 6098849.740400001], [-9940407.2812, 6098864.045999996], [-9940401.5485, 6098871.178999998], [-9940355.527, 6098928.203100003], [-9940349.6882, 6098935.3955999985], [-9940338.01, 6098949.760700002], [-9940332.1181, 6098956.933300003], [-9940308.6562, 6098985.564499997], [-9940302.6049, 6098992.8759], [-9940290.5024, 6099007.458999999], [-9940284.1857, 6099015.047799997], [-9940280.8947, 6099018.970899999], [-9940273.7817, 6099027.451399997], [-9940270.2254, 6099031.671899997], [-9940255.4158, 6099049.2271], [-9940251.7, 6099053.6061], [-9940244.2686, 6099062.363899998], [-9940240.553, 6099066.722999997], [-9940210.1903, 6099102.2897000015], [-9940206.3686, 6099106.728100002], [-9940198.7779, 6099115.604800001], [-9940194.9561, 6099120.023500003], [-9940179.6687, 6099137.737499997], [-9940175.8469, 6099142.156199999], [-9940168.2031, 6099150.973399997], [-9940164.3282, 6099155.391999997], [-9940102.3293, 6099226.466600001], [-9940094.5263, 6099235.343500003], [-9940078.9205, 6099253.018200003], [-9940071.1175, 6099261.835600004], [-9940039.6934, 6099297.046400003], [-9940031.8373, 6099305.8244], [-9940016.0191, 6099323.3407000005], [-9940008.1101, 6099332.079099998], [-9939944.5187, 6099401.787799999], [-9939936.5564, 6099410.486400001], [-9939920.579, 6099427.824600004], [-9939912.5637, 6099436.464000002], [-9939880.3964, 6099470.981899999], [-9939872.3282, 6099479.581699997], [-9939856.1383, 6099496.741599999], [-9939848.0699, 6099505.301799998], [-9939782.9923, 6099573.6052], [-9939774.287, 6099582.660599999], [-9939756.9294, 6099600.7126], [-9939748.2241, 6099609.708800003], [-9939713.1905, 6099645.5945999995], [-9939699.1239, 6099659.921400003], [-9939670.7785, 6099688.455700003], [-9939656.4997, 6099702.6635000035], [-9939605.7008, 6099752.876500003], [-9939600.9235, 6099757.6721], [-9939593.386, 6099765.261500001], [-9939568.7562, 6099789.932300001], [-9939564.3505, 6099794.311499998], [-9939555.539, 6099803.050300002], [-9939551.1864, 6099807.4098000005], [-9939533.3511, 6099825.006399997], [-9939524.3272, 6099833.903800003], [-9939513.1803, 6099844.862000003], [-9939507.5536, 6099850.331200004], [-9939460.9483, 6099897.394299999], [-9939443.5376, 6099914.773199998], [-9939408.5569, 6099949.292999998], [-9939390.9341, 6099966.4538], [-9939349.3183, 6100006.6017], [-9939338.9143, 6100016.608900003], [-9939317.9472, 6100036.524300002], [-9939307.4372, 6100046.472400002], [-9939223.1441, 6100125.619599998], [-9939212.5808, 6100135.488300003], [-9939191.3484, 6100155.126699999], [-9939180.7321, 6100164.916199997], [-9939138.0549, 6100203.935400002], [-9939127.3324, 6100213.665399998], [-9939105.8876, 6100233.026500002], [-9939095.1121, 6100242.657499999], [-9939008.7489, 6100319.527599998], [-9939003.2814, 6100324.362899996], [-9938992.3998, 6100333.994199999], [-9938986.9325, 6100338.789899997], [-9938965.063, 6100357.992600001], [-9938959.5955, 6100362.768600002], [-9938948.6608, 6100372.340400003], [-9938943.1404, 6100377.096500002], [-9938899.1891, 6100415.1853], [-9938893.6156, 6100419.980999999], [-9938882.4685, 6100429.5923999995], [-9938876.8949, 6100434.368500002], [-9938854.4946, 6100453.492200002], [-9938848.0718, 6100458.961900003], [-9938835.2792, 6100469.7820999995], [-9938828.8033, 6100475.271399997], [-9938817.8685, 6100484.427199997], [-9938800.2456, 6100499.191299997], [-9938788.3553, 6100509.1000000015], [-9938757.9929, 6100534.327799998], [-9938745.7842, 6100544.414899997], [-9938727.4712, 6100559.516000003], [-9938715.2624, 6100569.523900002], [-9938670.7804, 6100605.928999998], [-9938666.5338, 6100609.397], [-9938658.2001, 6100616.214400001], [-9938654.0067, 6100619.603299998], [-9938637.1799, 6100633.198200002], [-9938632.9864, 6100636.607000001], [-9938624.5996, 6100643.384499997], [-9938620.4062, 6100646.753700003], [-9938586.6996, 6100673.7852], [-9938582.453, 6100677.154299997], [-9938574.0132, 6100683.892499998], [-9938569.7666, 6100687.241599999], [-9938552.8867, 6100700.678300001], [-9938548.6403, 6100704.027400002], [-9938540.1474, 6100710.725900002], [-9938535.9008, 6100714.055299997], [-9938467.9569, 6100767.425399996], [-9938459.4637, 6100774.064300001], [-9938442.4247, 6100787.322700001], [-9938433.8786, 6100793.942100003], [-9938399.6412, 6100820.2804000005], [-9938391.0421, 6100826.840300001], [-9938373.8437, 6100839.920400001], [-9938365.2444, 6100846.4406], [-9938296.2389, 6100898.424199998], [-9938287.5865, 6100904.904799998], [-9938270.2821, 6100917.826499999], [-9938261.6299, 6100924.247599997], [-9938231.692, 6100946.345299996], [-9938214.8653, 6100966.0251], [-9938211.0965, 6100970.464500003], [-9938203.4528, 6100979.343199998], [-9938199.6309, 6100983.762699999], [-9938184.3436, 6101001.460699998], [-9938180.5216, 6101005.8803], [-9938172.8779, 6101014.719400004], [-9938169.0562, 6101019.1391], [-9938107.0041, 6101090.229000002], [-9938099.2012, 6101099.088100001], [-9938083.5952, 6101116.786399998], [-9938075.7924, 6101125.605800003], [-9938044.3682, 6101160.824199997], [-9938036.5121, 6101169.604000002], [-9938020.6939, 6101187.1241], [-9938012.7848, 6101195.864299998], [-9937949.1934, 6101265.588100001], [-9937941.2313, 6101274.2689], [-9937925.2008, 6101291.6307], [-9937917.1855, 6101300.271899998], [-9937885.0182, 6101334.7973000035], [-9937876.9498, 6101343.3989999965], [-9937860.8132, 6101360.562700003], [-9937852.6917, 6101369.124700002], [-9937787.614, 6101437.442900002], [-9937779.4396, 6101445.965300001], [-9937763.0905, 6101462.950800002], [-9937754.8628, 6101471.433600001], [-9937721.9525, 6101505.226300001], [-9937713.6718, 6101513.649800003], [-9937697.1635, 6101530.476899996], [-9937688.8298, 6101538.860600002], [-9937622.2659, 6101605.733199999], [-9937613.9322, 6101614.057800002], [-9937597.2115, 6101630.686800003], [-9937588.8247, 6101638.991300002], [-9937555.1712, 6101672.0515], [-9937546.7312, 6101680.296700001], [-9937529.8515, 6101696.747500002], [-9937521.3584, 6101704.953100003], [-9937453.3613, 6101770.360200003], [-9937444.8683, 6101778.506300002], [-9937427.7761, 6101794.759300001], [-9937419.177, 6101802.865900002], [-9937384.8334, 6101835.212899998], [-9937376.2342, 6101843.260200001], [-9937358.9296, 6101859.334600002], [-9937350.2775, 6101867.342100002], [-9937280.9002, 6101931.244199999], [-9937272.1949, 6101939.212300003], [-9937254.7311, 6101955.088600002], [-9937246.0258, 6101963.016999997], [-9937210.939, 6101994.571999997], [-9937202.1806, 6102002.440800004], [-9937184.5577, 6102018.139200002], [-9937175.7462, 6102025.9485], [-9937104.9357, 6102088.3257], [-9937100.477, 6102092.250200003], [-9937091.5593, 6102100.079499997], [-9937087.1004, 6102103.984399997], [-9937069.159, 6102119.583700001], [-9937064.7001, 6102123.488399997], [-9937055.7293, 6102131.278099999], [-9937051.2175, 6102135.143399999], [-9937015.2284, 6102166.183600001], [-9937010.6635, 6102170.108199999], [-9937001.4803, 6102177.937600002], [-9936996.9154, 6102181.862300001], [-9936978.5492, 6102197.5013], [-9936973.825, 6102201.505199999], [-9936964.3765, 6102209.532899998], [-9936959.3338, 6102213.754799999], [-9936955.3526, 6102217.124600001], [-9936946.7536, 6102224.299999997], [-9936942.507, 6102227.887699999], [-9936924.7778, 6102242.654700004], [-9936920.319, 6102246.341499999], [-9936911.4545, 6102253.695299998], [-9936906.9957, 6102257.381999999], [-9936870.9005, 6102287.154100001], [-9936866.3885, 6102290.880599998], [-9936857.3116, 6102298.293899998], [-9936852.7996, 6102302.000500001], [-9936834.6459, 6102316.7875000015], [-9936830.0809, 6102320.474399999], [-9936821.0039, 6102327.848099999], [-9936816.439, 6102331.5348000005], [-9936743.0275, 6102390.7425], [-9936733.8446, 6102398.116400003], [-9936715.3723, 6102412.824199997], [-9936706.1361, 6102420.158200003], [-9936669.0853, 6102449.355999999], [-9936659.8493, 6102456.6307], [-9936641.2177, 6102471.1206], [-9936631.9284, 6102478.355700001], [-9936626.1426, 6102482.7958], [-9936625.7181, 6102483.1131], [-9936618.8704, 6102488.6039], [-9936609.4752, 6102496.136100002], [-9936599.7612, 6102503.946099997], [-9936584.8453, 6102515.938500002], [-9936574.813, 6102523.986299999], [-9936551.5103, 6102542.619099997], [-9936546.4676, 6102546.662799999], [-9936537.2315, 6102554.135799997], [-9936526.456, 6102562.798100002], [-9936502.5695, 6102581.887100004], [-9936490.573, 6102591.4016999975], [-9936442.5345, 6102629.282300003], [-9936430.4851, 6102638.697899997], [-9936406.3331, 6102657.469800003], [-9936394.1774, 6102666.806299999], [-9936297.0387, 6102741.160700001], [-9936284.83, 6102750.4179000035], [-9936260.625, 6102768.6548999995], [-9936256.1662, 6102772.480599999], [-9936237.8, 6102788.120800003], [-9936233.0758, 6102792.125], [-9936223.6274, 6102800.1532000005], [-9936218.6376, 6102804.375699997], [-9936214.6035, 6102807.745399997], [-9936206.0574, 6102814.941], [-9936201.7579, 6102818.509199999], [-9936184.0287, 6102833.2771999985], [-9936179.623, 6102836.9641999975], [-9936170.7053, 6102844.318599999], [-9936166.2995, 6102848.005599998], [-9936130.1512, 6102877.779700004], [-9936125.6392, 6102881.5066], [-9936116.5623, 6102888.920299999], [-9936112.0505, 6102892.6272], [-9936093.8968, 6102907.415100001], [-9936089.3317, 6102911.102399997], [-9936080.2549, 6102918.476400003], [-9936075.6898, 6102922.163599998], [-9936002.2785, 6102981.375500001], [-9935993.0953, 6102988.749700002], [-9935974.6231, 6103003.4586], [-9935965.3869, 6103010.793099999], [-9935928.3362, 6103039.992899999], [-9935919.0469, 6103047.268100001], [-9935900.4685, 6103061.759099998], [-9935891.1262, 6103068.994499996], [-9935816.4409, 6103126.581699997], [-9935807.0985, 6103133.7579], [-9935788.3078, 6103148.050800003], [-9935778.9123, 6103155.1674000025], [-9935741.2778, 6103183.554899998], [-9935731.8293, 6103190.631999999], [-9935712.9323, 6103204.7267], [-9935703.4308, 6103211.7443], [-9935627.4715, 6103267.687200002], [-9935617.9699, 6103274.645300001], [-9935598.9138, 6103288.5419000015], [-9935589.3591, 6103295.460500002], [-9935551.0876, 6103323.015900001], [-9935541.4797, 6103329.874899998], [-9935522.2644, 6103343.553499997], [-9935513.8777, 6103349.500799999], [-9935477.6761, 6103374.994499996], [-9935416.6326, 6103419.380900003], [-9935407.3434, 6103426.081500001], [-9935389.1897, 6103439.125799999], [-9935380.0597, 6103445.648100004], [-9935343.5928, 6103471.558499999], [-9935334.4629, 6103478.021399997], [-9935316.2029, 6103490.8873], [-9935307.0198, 6103497.290600002], [-9935278.2497, 6103517.293399997], [-9935273.7378, 6103520.445500001], [-9935264.6079, 6103526.749700002], [-9935260.0429, 6103529.881899998], [-9935241.8361, 6103542.431000002], [-9935237.2179, 6103545.563199997], [-9935228.0879, 6103551.827600002], [-9935223.5231, 6103554.940099999], [-9935188.7016, 6103578.630599998], [-9935154.9951, 6103612.471199997], [-9935146.2366, 6103621.194200002], [-9935128.773, 6103638.560500003], [-9935119.9613, 6103647.204300001], [-9935084.7685, 6103681.739], [-9935075.957, 6103690.343099996], [-9935058.2279, 6103707.511299998], [-9935049.3633, 6103716.075599998], [-9935035.5091, 6103729.358400002], [-9934993.1502, 6103771.427199997], [-9934987.1521, 6103777.374600001], [-9934975.0495, 6103789.2695999965], [-9934969.0513, 6103795.197400004], [-9934944.7932, 6103818.868600003], [-9934938.7419, 6103824.7764], [-9934926.5862, 6103836.572400004], [-9934920.5351, 6103842.440899998], [-9934871.7534, 6103889.4067], [-9934865.5959, 6103895.275200002], [-9934853.3872, 6103906.952200003], [-9934847.2298, 6103912.800700001], [-9934822.6532, 6103936.075800002], [-9934816.4957, 6103941.9045], [-9934804.181, 6103953.482500002], [-9934798.0234, 6103959.271499999], [-9934767.0771, 6103988.137500003], [-9934762.0874, 6103992.756999999], [-9934752.1613, 6104001.995700002], [-9934747.1716, 6104006.595299996], [-9934727.16, 6104024.993199997], [-9934722.1703, 6104029.5929000005], [-9934712.191, 6104038.752300002], [-9934707.1482, 6104043.332000002], [-9934666.9658, 6104079.870899998], [-9934661.9761, 6104084.430699997], [-9934651.8907, 6104093.5506], [-9934646.8479, 6104098.0907000005], [-9934626.6241, 6104116.2315], [-9934621.5813, 6104120.751699999], [-9934611.4428, 6104129.792300001], [-9934606.4001, 6104134.312799998], [-9934525.1327, 6104206.380199999], [-9934520.0368, 6104210.900300004], [-9934509.7921, 6104219.9212], [-9934504.6433, 6104224.441699997], [-9934484.1008, 6104242.443800002], [-9934478.9519, 6104246.944200002], [-9934468.6542, 6104255.905699998], [-9934463.4522, 6104260.386399999], [-9934422.155, 6104296.133000001], [-9934416.9, 6104300.633599997], [-9934406.3897, 6104309.654700004], [-9934401.1348, 6104314.155199997], [-9934380.0615, 6104332.117899999], [-9934374.7004, 6104336.717699997], [-9934363.8716, 6104345.8972999975], [-9934358.192, 6104350.695200004], [-9934354.0517, 6104354.164899997], [-9934345.2933, 6104361.500699997], [-9934340.8876, 6104365.1884], [-9934322.7336, 6104380.2962], [-9934318.2219, 6104384.063100003], [-9934309.1449, 6104391.597099997], [-9934304.5799, 6104395.344400004], [-9934267.6354, 6104425.798], [-9934262.9642, 6104429.604599997], [-9934253.728, 6104437.198200002], [-9934249.0569, 6104440.984999999], [-9934230.5316, 6104456.112800002], [-9934225.8603, 6104459.879799999], [-9934216.5712, 6104467.433700003], [-9934211.9001, 6104471.181000002], [-9934136.737, 6104531.712099999], [-9934132.0658, 6104535.498999998], [-9934122.6173, 6104543.033200003], [-9934117.9461, 6104546.8002], [-9934099.0493, 6104561.829099998], [-9934094.325, 6104565.576399997], [-9934084.8765, 6104573.070900001], [-9934080.1523, 6104576.798500001], [-9934042.2523, 6104606.637900002], [-9934037.4749, 6104610.365500003], [-9934027.9734, 6104617.8006], [-9934023.2492, 6104621.508199997], [-9934004.1929, 6104636.338799998], [-9933999.4156, 6104640.026600003], [-9933989.9141, 6104647.402500004], [-9933985.1369, 6104651.090300001], [-9933930.5161, 6104693.1039], [-9933923.5625, 6104698.437399998], [-9933909.6021, 6104709.084600002], [-9933902.5955, 6104714.3983], [-9933874.5685, 6104735.573899999], [-9933867.5619, 6104740.867700003], [-9933853.5483, 6104751.3961], [-9933846.4884, 6104756.650300004], [-9933790.1692, 6104798.545500003], [-9933783.1095, 6104803.7798999995], [-9933768.9898, 6104814.189400002], [-9933761.877, 6104819.384199999], [-9933733.5315, 6104840.1237], [-9933726.4717, 6104845.278999999], [-9933712.246, 6104855.5891999975], [-9933705.133, 6104860.724600002], [-9933591.1144, 6104942.672399998], [-9933576.7825, 6104952.863799997], [-9933548.1186, 6104973.127899997], [-9933533.7337, 6104983.200499997], [-9933476.0874, 6105023.252800003], [-9933461.5962, 6105033.206299998], [-9933432.6139, 6105052.994800001], [-9933418.0696, 6105062.829499997], [-9933301.45, 6105141.011699997], [-9933286.7995, 6105150.7277000025], [-9933257.4986, 6105170.040399998], [-9933242.7951, 6105179.637199998], [-9933183.8218, 6105217.7870000005], [-9933169.0652, 6105227.264799997], [-9933139.4459, 6105246.101899996], [-9933124.5832, 6105255.461000003], [-9933005.4687, 6105329.8182], [-9932997.9844, 6105334.4580999985], [-9932983.0154, 6105343.737800002], [-9932975.5309, 6105348.358000003], [-9932945.487, 6105366.778999999], [-9932937.9493, 6105371.359300002], [-9932922.8743, 6105380.520199999], [-9932915.3368, 6105385.060999997], [-9932854.9833, 6105421.407200001], [-9932847.3397, 6105425.9679000005], [-9932832.1052, 6105435.069399998], [-9932824.4617, 6105439.590300001], [-9932793.8868, 6105457.6543999985], [-9932786.137, 6105462.234999999], [-9932770.531, 6105471.336400002], [-9932762.5157, 6105475.996200003], [-9932757.6322, 6105478.831900001], [-9932747.3345, 6105484.760799997], [-9932742.1857, 6105487.7151999995], [-9932721.1123, 6105499.791100003], [-9932715.8042, 6105502.7853000015], [-9932705.2411, 6105508.7936], [-9932699.986, 6105511.787799999], [-9932657.2025, 6105535.939499997], [-9932651.8413, 6105538.953400001], [-9932643.7198, 6105543.514300004], [-9932627.2116, 6105555.034999996], [-9932612.5611, 6105565.187600002], [-9932583.2072, 6105585.3737], [-9932568.5037, 6105595.387500003], [-9932509.4772, 6105635.244499996], [-9932494.6676, 6105645.159100004], [-9932464.9953, 6105664.849799998], [-9932450.1324, 6105674.625699997], [-9932318.7032, 6105760.229800001], [-9932310.4756, 6105765.564099997], [-9932293.9672, 6105776.192699999], [-9932285.7397, 6105781.487199999], [-9932252.6701, 6105802.586000003], [-9932244.3894, 6105807.840899996], [-9932227.828, 6105818.330799997], [-9932219.5474, 6105823.546099998], [-9932153.0365, 6105865.149099998], [-9932144.7559, 6105870.3248], [-9932128.0884, 6105880.656199999], [-9932119.7014, 6105885.811899997], [-9932086.3135, 6105906.296400003], [-9932077.9265, 6105911.4125000015], [-9932061.1529, 6105921.585100003], [-9932052.7129, 6105926.681500003], [-9931967.0398, 6105978.160599999], [-9931952.7077, 6105986.7073], [-9931931.263, 6105999.497599997], [-9931916.8779, 6106008.004799999], [-9931880.9419, 6106029.223200001], [-9931866.3446, 6106037.829599999], [-9931844.475, 6106050.620099999], [-9931832.1602, 6106057.798699997], [-9931825.7904, 6106061.4673999995], [-9931820.0047, 6106064.818599999], [-9931810.2376, 6106070.470299996], [-9931805.3012, 6106073.2863000035], [-9931785.1832, 6106084.787900001], [-9931780.1937, 6106087.663199998], [-9931770.1082, 6106093.394199997], [-9931765.0654, 6106096.249799997], [-9931724.2459, 6106119.332500003], [-9931719.1501, 6106122.207900003], [-9931708.9055, 6106127.958700001], [-9931703.8096, 6106130.814300001], [-9931683.3204, 6106142.2566], [-9931678.1714, 6106145.092200004], [-9931667.9267, 6106150.783699997], [-9931662.831, 6106153.619499996], [-9931580.1835, 6106199.1504999995], [-9931569.8326, 6106204.802199997], [-9931549.1308, 6106216.085900001], [-9931538.7799, 6106221.678099997], [-9931497.2174, 6106243.987800002], [-9931486.8134, 6106249.540600002], [-9931465.9524, 6106260.586099997], [-9931455.4954, 6106266.079300001], [-9931427.8402, 6106280.555799998], [-9931325.1809, 6106335.9833], [-9931310.7429, 6106343.717299998], [-9931281.7604, 6106359.066600002], [-9931267.2162, 6106366.6818], [-9931209.0922, 6106396.963799998], [-9931194.4949, 6106404.459899999], [-9931178.0395, 6106412.868199997], [-9931145.0231, 6106432.699500002], [-9931094.4366, 6106462.3671], [-9931085.8375, 6106467.761200003], [-9931050.8569, 6106489.198799998], [-9931010.3028, 6106512.183399998], [-9931002.0752, 6106517.617200002], [-9930981.5859, 6106529.912600003], [-9930972.5089, 6106535.4058], [-9930944.2166, 6106553.115500003], [-9930939.6516, 6106555.931500003], [-9930916.1366, 6106569.991999999], [-9930905.2018, 6106575.9811], [-9930893.5771, 6106585.321800001], [-9930882.0054, 6106592.5207], [-9930858.8089, 6106606.858900003], [-9930847.184, 6106613.978500001], [-9930766.6066, 6106663.081699997], [-9930761.5639, 6106666.175399996], [-9930751.4254, 6106672.323200002], [-9930746.3296, 6106675.377400003], [-9930725.9995, 6106687.613700002], [-9930720.9567, 6106690.6677], [-9930710.7651, 6106696.756099999], [-9930705.6693, 6106699.790399998], [-9930664.9028, 6106724.044699997], [-9930659.701, 6106727.0988000035], [-9930649.4033, 6106733.207000002], [-9930644.2012, 6106736.2412], [-9930623.5526, 6106748.3983], [-9930618.2444, 6106751.491999999], [-9930607.6283, 6106757.6796], [-9930600.3561, 6106761.903999999], [-9930589.3152, 6106768.25], [-9930570.2059, 6106779.217200004], [-9930558.7405, 6106785.801299997], [-9930525.5646, 6106804.661600001], [-9930521.6897, 6106806.862999998], [-9930513.8337, 6106811.285599999], [-9930509.9587, 6106813.506899998], [-9930494.2997, 6106822.312299997], [-9930490.3717, 6106824.513599999], [-9930482.5688, 6106828.896399997], [-9930478.6408, 6106831.097900003], [-9930415.4209, 6106866.339599997], [-9930411.4929, 6106868.541100003], [-9930403.5838, 6106872.923799999], [-9930399.6027, 6106875.105300002], [-9930383.7845, 6106883.851499997], [-9930379.8034, 6106886.052900001], [-9930371.8943, 6106890.3961], [-9930367.9132, 6106892.5776999965], [-9930336.1705, 6106909.9309], [-9930332.1894, 6106912.092699997], [-9930324.2804, 6106916.416100003], [-9930320.2993, 6106918.5776999965], [-9930304.3749, 6106927.185000002], [-9930300.3938, 6106929.3467999995], [-9930292.4316, 6106933.630500004], [-9930288.4506, 6106935.772500001], [-9930265.4132, 6106948.108099997], [-9930257.0264, 6106952.590300001], [-9930240.1996, 6106961.514899999], [-9930231.7597, 6106965.9772000015], [-9930198.0001, 6106983.687600002], [-9930189.5601, 6106988.090400003], [-9930172.6272, 6106996.876199998], [-9930164.1342, 6107001.239399999], [-9930096.3494, 6107036.065399997], [-9930087.8564, 6107040.388899997], [-9930070.8173, 6107049.016099997], [-9930062.3243, 6107053.319700003], [-9930028.246, 6107070.4353], [-9930019.7531, 6107074.679499999], [-9930002.661, 6107083.1679000035], [-9929994.1149, 6107087.392300002], [-9929857.2712, 6107154.605599999], [-9929840.126, 6107162.935500003], [-9929805.7825, 6107179.436399996], [-9929788.5841, 6107187.6076000035], [-9929719.5786, 6107220.014600001], [-9929702.2741, 6107228.046899997], [-9929667.6119, 6107243.933300003], [-9929650.2543, 6107251.807099998], [-9929579.1785, 6107283.659000002], [-9929571.8002, 6107287.149700001], [-9929566.7045, 6107289.529700004], [-9929538.5183, 6107307.716700003], [-9929524.1863, 6107316.879699998], [-9929495.4693, 6107335.086800002], [-9929481.0843, 6107344.1307], [-9929365.6325, 6107416.0266999975], [-9929358.4135, 6107420.509000003], [-9929343.8691, 6107429.473700002], [-9929336.5971, 6107433.956100002], [-9929307.5086, 6107451.7667], [-9929300.1833, 6107456.2095], [-9929285.6391, 6107465.055200003], [-9929278.3138, 6107469.4582], [-9929219.8182, 6107504.643100001], [-9929212.44, 6107509.0462], [-9929197.6303, 6107517.852300003], [-9929190.252, 6107522.255500004], [-9929160.6326, 6107539.7289], [-9929153.095, 6107544.171700001], [-9929137.967, 6107552.978], [-9929130.2171, 6107557.519900002], [-9929125.5989, 6107560.197499998], [-9929115.8321, 6107565.7905], [-9929110.9485, 6107568.587200001], [-9929090.99, 6107580.031300001], [-9929086.0004, 6107582.8873], [-9929075.968, 6107588.579700001], [-9929070.9784, 6107591.415799998], [-9929030.4242, 6107614.343999997], [-9929025.3815, 6107617.200000003], [-9929015.19, 6107622.912100002], [-9929010.1472, 6107625.748499997], [-9928989.8171, 6107637.113300003], [-9928984.7212, 6107639.929700002], [-9928974.5296, 6107645.582400002], [-9928969.4338, 6107648.398800001], [-9928887.3702, 6107693.6404], [-9928877.1255, 6107699.253399998], [-9928856.53, 6107710.459700003], [-9928846.2322, 6107716.0331000015], [-9928804.9881, 6107738.187899999], [-9928794.6372, 6107743.721600004], [-9928773.9356, 6107754.689900003], [-9928763.5846, 6107760.144400001], [-9928680.5655, 6107803.581600003], [-9928670.1616, 6107808.976499997], [-9928649.3538, 6107819.726899996], [-9928638.9498, 6107825.0820999965], [-9928597.1748, 6107846.344700001], [-9928586.7178, 6107851.620700002], [-9928565.8039, 6107862.1526999995], [-9928555.3468, 6107867.388899997], [-9928471.4254, 6107909.001999997], [-9928466.1703, 6107911.600299999], [-9928455.6602, 6107916.777099997], [-9928450.4051, 6107919.355700001], [-9928433.5784, 6107927.587099999], [-9928414.5752, 6107938.317599997], [-9928409.4795, 6107941.193499997], [-9928399.2349, 6107946.945699997], [-9928394.139, 6107949.801799998], [-9928373.6495, 6107961.2267], [-9928368.5538, 6107964.082800001], [-9928358.256, 6107969.775300004], [-9928353.1602, 6107972.6118], [-9928270.5127, 6108018.132799998], [-9928260.1618, 6108023.805399999], [-9928239.4602, 6108035.071599998], [-9928229.0562, 6108040.685000002], [-9928187.4936, 6108062.999300003], [-9928177.0896, 6108068.553000003], [-9928156.2818, 6108079.601099998], [-9928145.8248, 6108085.075599998], [-9928062.2219, 6108128.792199999], [-9928051.7647, 6108134.226999998], [-9928030.7976, 6108145.057099998], [-9928020.2876, 6108150.432400003], [-9927978.2471, 6108171.8345], [-9927967.7371, 6108177.150399998], [-9927946.4515, 6108187.821599998], [-9927908.4983, 6108213.290100001], [-9927898.6783, 6108219.8358], [-9927878.9851, 6108232.887500003], [-9927869.1652, 6108239.3737], [-9927829.6727, 6108265.239], [-9927819.7996, 6108271.685599998], [-9927800.0002, 6108284.499200001], [-9927790.0741, 6108290.886299998], [-9927710.6113, 6108341.764700003], [-9927700.6321, 6108348.092299998], [-9927680.7266, 6108360.687700003], [-9927670.7473, 6108366.975699998], [-9927630.7242, 6108391.968599997], [-9927620.6917, 6108398.1972], [-9927600.6271, 6108410.574699998], [-9927590.5415, 6108416.743500002], [-9927509.9642, 6108465.857000001], [-9927504.9215, 6108468.951499999], [-9927494.7829, 6108475.080700003], [-9927489.687, 6108478.155299999], [-9927469.357, 6108490.394000001], [-9927464.2611, 6108493.448899999], [-9927454.0697, 6108499.538400002], [-9927448.9738, 6108502.573399998], [-9927408.1543, 6108526.8527000025], [-9927400.2982, 6108532.644900002], [-9927395.3086, 6108536.314499997], [-9927375.3501, 6108551.012999997], [-9927370.3074, 6108554.682700001], [-9927360.3281, 6108562.002300002], [-9927355.2854, 6108565.6521999985], [-9927315.1559, 6108594.8112], [-9927310.1131, 6108598.441299997], [-9927300.0808, 6108605.701300003], [-9927295.038, 6108609.311399996], [-9927274.8672, 6108623.772200003], [-9927269.8244, 6108627.3825], [-9927259.739, 6108634.582900003], [-9927254.6963, 6108638.1932], [-9927155.6466, 6108708.354599997], [-9927150.6571, 6108711.905299999], [-9927140.6247, 6108718.9668999985], [-9927135.582, 6108722.4978], [-9927115.4641, 6108736.561899997], [-9927110.4214, 6108740.0929000005], [-9927100.3891, 6108747.095200002], [-9927095.3463, 6108750.586400002], [-9927054.9514, 6108778.516199999], [-9927049.9088, 6108782.007600002], [-9927039.8234, 6108788.950400002], [-9927034.7275, 6108792.421800002], [-9927014.4504, 6108806.267800003], [-9927009.4077, 6108809.719400004], [-9926999.2692, 6108816.622500002], [-9926994.1734, 6108820.054399997], [-9926912.7999, 6108874.9824], [-9926902.6082, 6108881.806299999], [-9926882.225, 6108895.434199996], [-9926871.9803, 6108902.1985], [-9926831.0016, 6108929.196599998], [-9926820.7038, 6108935.921300001], [-9926800.1613, 6108949.311399996], [-9926789.8106, 6108955.976599999], [-9926707.269, 6109009.0211], [-9926696.9182, 6109015.626800001], [-9926676.1635, 6109028.7788999975], [-9926665.8126, 6109035.325000003], [-9926624.1969, 6109061.371299997], [-9926613.793, 6109067.8583], [-9926592.932, 6109080.7722999975], [-9926582.475, 6109087.199699998], [-9926498.7128, 6109138.360399999], [-9926493.4577, 6109141.553999998], [-9926482.8946, 6109147.961599998], [-9926477.5864, 6109151.155500002], [-9926456.4601, 6109163.891099997], [-9926451.2051, 6109167.065099999], [-9926440.5887, 6109173.413099997], [-9926435.2806, 6109176.567299999], [-9926392.9217, 6109201.820500001], [-9926387.5606, 6109204.994499996], [-9926376.785, 6109211.342500001], [-9926371.4239, 6109214.516500004], [-9926349.926, 6109227.153099999], [-9926344.4055, 6109230.366899997], [-9926333.4176, 6109236.794399999], [-9926327.6318, 6109240.126999997], [-9926322.0583, 6109243.360600002], [-9926310.4335, 6109250.065700002], [-9926304.5945, 6109253.398500003], [-9926280.761, 6109267.007299997], [-9926274.8159, 6109270.3994999975], [-9926262.8726, 6109277.1642], [-9926256.8744, 6109280.536499999], [-9926208.5704, 6109307.714400001], [-9926202.5723, 6109311.106700003], [-9926190.4697, 6109317.851400003], [-9926184.4185, 6109321.2238000035], [-9926160.1604, 6109334.654200003], [-9926154.109, 6109338.006800003], [-9926141.9535, 6109344.692199998], [-9926135.9022, 6109348.0249999985], [-9926038.1265, 6109401.389200002], [-9926032.6592, 6109404.3649], [-9925970.7133, 6109447.949299999], [-9925961.0526, 6109454.7139], [-9925941.6779, 6109468.184199996], [-9925931.964, 6109474.889399998], [-9925893.0554, 6109501.6118], [-9925883.2885, 6109508.277400002], [-9925863.8076, 6109521.529299997], [-9925854.0406, 6109528.135399997], [-9925775.6396, 6109580.7271], [-9925765.8196, 6109587.273900002], [-9925746.1795, 6109600.327600002], [-9925736.3065, 6109606.814900003], [-9925696.8669, 6109632.6844], [-9925686.9408, 6109639.131800003], [-9925667.1415, 6109651.9673999995], [-9925657.2152, 6109658.355599999], [-9925577.7526, 6109709.222099997], [-9925567.7733, 6109715.5506], [-9925547.8147, 6109728.167999998], [-9925537.8355, 6109734.437100001], [-9925497.8121, 6109759.453900002], [-9925487.7799, 6109765.663599998], [-9925467.7151, 6109778.062799998], [-9925457.6827, 6109784.232799999], [-9925377.0523, 6109833.354099996], [-9925371.7441, 6109836.568099998], [-9925361.1279, 6109843.015699998], [-9925355.8198, 6109846.229699999], [-9925334.4811, 6109859.045699999], [-9925329.173, 6109862.259800002], [-9925318.5036, 6109868.627999999], [-9925313.1424, 6109871.8222], [-9925270.465, 6109897.156900004], [-9925265.1038, 6109900.331100002], [-9925254.4345, 6109906.640000001], [-9925249.0734, 6109909.794500001], [-9925227.7346, 6109922.273400001], [-9925222.3204, 6109925.447499998], [-9925211.598, 6109931.677199997], [-9925206.2898, 6109934.772100002], [-9925188.4546, 6109945.088500001], [-9925177.7853, 6109951.199000001], [-9925153.2616, 6109965.304899998], [-9925148.1658, 6109968.201499999], [-9925138.1334, 6109973.934900001], [-9925133.1438, 6109976.7919000015], [-9925113.1323, 6109988.139899999], [-9925108.0895, 6109990.976999998], [-9925098.0571, 6109996.611400001], [-9925093.0675, 6109999.428599998], [-9925060.6879, 6110017.561800003], [-9925050.4432, 6110023.751900002], [-9925046.3559, 6110026.231700003], [-9925038.1814, 6110031.151900001], [-9925034.0942, 6110033.592200004], [-9924982.1807, 6110064.641199999], [-9924972.6261, 6110070.315200001], [-9924956.7548, 6110079.7588], [-9924947.2002, 6110085.413099997], [-9924918.4832, 6110102.316500001], [-9924908.7162, 6110108.0304000005], [-9924892.4202, 6110117.573299997], [-9924882.1755, 6110123.525300004], [-9924875.6997, 6110127.2751], [-9924865.8796, 6110132.909400001], [-9924860.9961, 6110135.7267], [-9924840.8783, 6110147.2535], [-9924835.8357, 6110150.1303], [-9924825.7501, 6110155.864], [-9924820.7074, 6110158.721000001], [-9924779.8878, 6110181.814499997], [-9924774.7391, 6110184.691399999], [-9924764.5474, 6110190.4252], [-9924759.3985, 6110193.301799998], [-9924738.9623, 6110204.729699999], [-9924733.8135, 6110207.5867], [-9924723.5686, 6110213.280599996], [-9924718.4198, 6110216.117700003], [-9924635.7723, 6110261.650700003], [-9924625.4214, 6110267.324900001], [-9924604.7197, 6110278.593999997], [-9924594.3159, 6110284.208899997], [-9924552.7531, 6110306.5288999975], [-9924542.3492, 6110312.0842999965], [-9924521.4884, 6110323.1153], [-9924511.0313, 6110328.611000001], [-9924427.4282, 6110372.339000002], [-9924416.9713, 6110377.775200002], [-9924396.0041, 6110388.608000003], [-9924385.494, 6110393.9848000035], [-9924343.4537, 6110415.3926], [-9924332.8906, 6110420.7097999975], [-9924311.8172, 6110431.284699999], [-9924304.5451, 6110435.054399997], [-9924297.6977, 6110438.923299998], [-9924287.453, 6110444.677000001], [-9924282.304, 6110447.534100004], [-9924261.8677, 6110458.962300003], [-9924256.7188, 6110461.8191], [-9924246.4741, 6110467.513599999], [-9924241.3253, 6110470.350599997], [-9924158.6778, 6110515.904600002], [-9924145.6728, 6110523.007700004], [-9924119.663, 6110537.114399999], [-9924106.6049, 6110544.118100002], [-9924054.3729, 6110571.9943], [-9924041.2619, 6110578.918899998], [-9924015.0398, 6110592.668499999], [-9924001.9287, 6110599.493799999], [-9923933.4008, 6110634.850199997], [-9923869.4379, 6110668.8576000035], [-9923855.5836, 6110676.178900003], [-9923827.8222, 6110690.682599999], [-9923813.9149, 6110697.9048999995], [-9923758.1796, 6110726.515799999], [-9923744.2192, 6110733.638700001], [-9923716.2454, 6110747.745700002], [-9923702.2319, 6110754.749700002], [-9923617.6733, 6110796.634599999], [-9923607.057, 6110801.832900003], [-9923585.8777, 6110812.189999998], [-9923575.2613, 6110817.348999999], [-9923554.135, 6110827.6664], [-9923547.3406, 6110831.654600002], [-9923536.7244, 6110837.844999999], [-9923530.0892, 6110841.694200002], [-9923522.9764, 6110845.821400002], [-9923510.343, 6110853.0832], [-9923502.7524, 6110857.468099996], [-9923479.3436, 6110870.841300003], [-9923471.5406, 6110875.285700001], [-9923458.5357, 6110882.6866], [-9923450.7327, 6110887.131200001], [-9923405.879, 6110912.448899999], [-9923397.9699, 6110916.913400002], [-9923384.7528, 6110924.333999999], [-9923376.8436, 6110928.7588], [-9923353.0102, 6110942.032799996], [-9923345.101, 6110946.457500003], [-9923331.8306, 6110953.798900001], [-9923323.8685, 6110958.183899999], [-9923266.4877, 6110989.7717999965], [-9923261.9758, 6110992.232299998], [-9923252.9519, 6110997.172799997], [-9923248.44, 6110999.633199997], [-9923230.3924, 6111009.4548999965], [-9923225.8804, 6111011.9152000025], [-9923216.8036, 6111016.816100001], [-9923212.2916, 6111019.256700002], [-9923176.0902, 6111038.741499998], [-9923171.5253, 6111041.162100002], [-9923162.5015, 6111046.023500003], [-9923157.9364, 6111048.4441], [-9923139.7827, 6111058.087300003], [-9923135.2707, 6111060.508100003], [-9923126.1408, 6111065.309699997], [-9923121.6288, 6111067.710600004], [-9923048.8014, 6111105.985799998], [-9923039.6714, 6111110.747900002], [-9923021.4113, 6111120.2324], [-9923012.2813, 6111124.934900001], [-9922974.8591, 6111144.181699999], [-9922969.1263, 6111147.3961], [-9922958.8815, 6111153.130400002], [-9922953.7859, 6111156.007600002], [-9922933.2964, 6111167.436700001], [-9922928.1476, 6111170.293899998], [-9922917.9029, 6111175.968900003], [-9922912.7541, 6111178.826099999], [-9922830.1063, 6111224.364], [-9922819.7556, 6111230.038900003], [-9922799.0009, 6111241.3094], [-9922788.65, 6111246.924599998], [-9922747.0874, 6111269.247400001], [-9922736.6304, 6111274.803199999], [-9922715.8224, 6111285.835600004], [-9922705.3654, 6111291.331900001], [-9922636.9437, 6111327.127800003], [-9922629.0877, 6111331.552699998], [-9922611.7832, 6111341.2754999995], [-9922603.0779, 6111346.1171], [-9922533.1167, 6111384.968999997], [-9922524.3583, 6111389.790600002], [-9922506.8415, 6111399.434299998], [-9922498.03, 6111404.2163999975], [-9922462.8901, 6111423.324900001], [-9922454.0787, 6111428.087200001], [-9922436.4557, 6111437.552100003], [-9922427.6443, 6111442.254900001], [-9922285.811, 6111517.598200001], [-9922268.0819, 6111526.924400002], [-9922232.4114, 6111545.438000001], [-9922214.576, 6111554.605499998], [-9922142.9694, 6111590.938299999], [-9922125.0279, 6111599.946900003], [-9922089.0387, 6111617.785899997], [-9922070.9911, 6111626.635899998], [-9921988.7683, 6111666.501199998], [-9921976.6657, 6111672.573200002], [-9921956.0702, 6111682.851999998], [-9921945.7724, 6111687.951800004], [-9921863.231, 6111728.551399998], [-9921852.9332, 6111733.591600001], [-9921832.2315, 6111743.632399999], [-9921821.8807, 6111748.6329], [-9921780.3712, 6111768.476599999], [-9921769.9671, 6111773.417499997], [-9921749.2125, 6111783.240099996], [-9921738.8085, 6111788.121600002], [-9921655.4179, 6111826.955600001], [-9921644.9608, 6111831.777599998], [-9921624.0468, 6111841.381999999], [-9921613.5897, 6111846.144400001], [-9921571.7086, 6111865.115099996], [-9921561.1986, 6111869.818099998], [-9921540.2315, 6111879.204099998], [-9921529.7213, 6111883.847599998], [-9921445.5344, 6111920.8961], [-9921434.9712, 6111925.499799997], [-9921413.898, 6111934.6477999985], [-9921403.3349, 6111939.192199998], [-9921387.2512, 6111946.078199998], [-9921378.2804, 6111951.058899999], [-9921371.5391, 6111954.7695999965], [-9921344.6801, 6111969.612899996], [-9921337.9387, 6111973.303900003], [-9921324.4561, 6111980.685999997], [-9921317.7147, 6111984.357000001], [-9921209.2165, 6112043.194899999], [-9921195.6277, 6112050.497500002], [-9921168.397, 6112065.023599997], [-9921154.7552, 6112072.226999998], [-9921100.0815, 6112100.862400003], [-9921086.3865, 6112107.986400001], [-9921058.9435, 6112122.115599997], [-9921045.1954, 6112129.120499998], [-9920935.0518, 6112184.824000001], [-9920930.9115, 6112186.9076000005], [-9920925.6034, 6112189.8248], [-9920918.9682, 6112193.436499998], [-9920905.6978, 6112200.620300002], [-9920899.0628, 6112204.192100003], [-9920792.9002, 6112261.305100001], [-9920786.2118, 6112264.857299998], [-9920772.9416, 6112271.941799998], [-9920766.2533, 6112275.474200003], [-9920739.6066, 6112289.583800003], [-9920732.9713, 6112293.096199997], [-9920718.8517, 6112300.478500001], [-9920703.0335, 6112308.932499997], [-9920698.4155, 6112311.393100001], [-9920689.1793, 6112316.294799998], [-9920684.5613, 6112318.755500004], [-9920610.6191, 6112357.829999998], [-9920601.3829, 6112362.692100003], [-9920582.8574, 6112372.3565], [-9920573.5684, 6112377.178800002], [-9920536.4115, 6112396.369000003], [-9920527.1223, 6112401.131700002], [-9920508.4906, 6112410.637599997], [-9920499.1484, 6112415.360699996], [-9920424.4629, 6112452.987000003], [-9920415.1208, 6112457.670500003], [-9920396.436, 6112466.997599997], [-9920387.0406, 6112471.621399999], [-9920349.5123, 6112490.077500001], [-9920339.9576, 6112494.781000003], [-9920321.5384, 6112503.7311], [-9920310.2852, 6112509.684699997], [-9920226.629, 6112553.423699997], [-9920216.1721, 6112558.861299999], [-9920195.205, 6112569.677100003], [-9920184.695, 6112575.055100001], [-9920142.6013, 6112596.4684000015], [-9920132.0913, 6112601.7870000005], [-9920111.0181, 6112612.384300001], [-9920100.4549, 6112617.643399999], [-9920015.8433, 6112659.5375000015], [-9920001.5115, 6112666.582699999], [-9919972.7945, 6112680.534100004], [-9919958.4094, 6112687.460199997], [-9919900.7631, 6112714.9663999975], [-9919886.3251, 6112721.793399997], [-9919857.3957, 6112735.328100003], [-9919842.9045, 6112742.0361], [-9919726.8157, 6112795.3222], [-9919712.2715, 6112801.930799998], [-9919683.183, 6112815.029299997], [-9919668.5855, 6112821.5385000035], [-9919610.1431, 6112847.318700001], [-9919595.4927, 6112853.708999999], [-9919566.1918, 6112866.390699998], [-9919551.4884, 6112872.6620000005], [-9919496.2307, 6112896.080600001], [-9919479.6693, 6112903.1853], [-9919474.2551, 6112905.487400003], [-9919463.4265, 6112910.091799997], [-9919458.0652, 6112912.394000001], [-9919436.4081, 6112921.543099999], [-9919430.9939, 6112923.805500001], [-9919420.1652, 6112928.350299999], [-9919414.751, 6112930.612999998], [-9919339.4816, 6112961.930299997], [-9919334.0143, 6112964.192699999], [-9919323.0796, 6112968.717600003], [-9919317.6122, 6112970.980300002], [-9919295.6366, 6112979.950599998], [-9919290.1692, 6112982.193400003], [-9919279.1813, 6112986.658799998], [-9919273.714, 6112988.8816], [-9919229.7626, 6113006.624300003], [-9919224.2423, 6113008.827200003], [-9919213.2543, 6113013.233099997], [-9919207.7341, 6113015.416299999], [-9919191.0133, 6113022.0647], [-9919127.0504, 6113047.5079], [-9919119.9906, 6113050.326200001], [-9919105.7648, 6113055.922799997], [-9919098.6519, 6113058.701300003], [-9919070.1472, 6113069.815499999], [-9919063.0344, 6113072.574199997], [-9919048.7556, 6113078.071500003], [-9919041.6427, 6113080.810500003], [-9918984.5273, 6113102.601999998], [-9918977.3081, 6113105.321000002], [-9918962.9231, 6113110.759000003], [-9918955.7572, 6113113.4580999985], [-9918926.9339, 6113124.215000004], [-9918919.3965, 6113127.053099997], [-9918900.9773, 6113137.0559], [-9918896.4654, 6113139.516800001], [-9918887.3884, 6113144.419100001], [-9918882.8766, 6113146.860100001], [-9918846.5689, 6113166.409199998], [-9918842.0039, 6113168.850199997], [-9918832.927, 6113173.712800004], [-9918828.362, 6113176.134000003], [-9918809.8368, 6113184.469800003], [-9918805.3248, 6113187.0298999995], [-9918796.3009, 6113192.170299999], [-9918791.736, 6113194.611500002], [-9918718.9616, 6113233.729699999], [-9918709.8315, 6113238.453299999], [-9918691.4654, 6113247.662299998], [-9918682.2825, 6113252.2667], [-9918645.4971, 6113270.625100002], [-9918636.3141, 6113275.189999998], [-9918617.8948, 6113284.319600001], [-9918608.7649, 6113289.102899998], [-9918589.0716, 6113298.530100003], [-9918535.3004, 6113327.368100002], [-9918526.0642, 6113331.9526999965], [-9918507.5919, 6113341.122000001], [-9918498.3557, 6113345.686999999], [-9918461.3582, 6113363.807400003], [-9918452.069, 6113368.332699999], [-9918433.5436, 6113377.303599998], [-9918424.2542, 6113381.769100003], [-9918349.8874, 6113417.355499998], [-9918340.5452, 6113421.761600003], [-9918321.9137, 6113430.573899999], [-9918312.5713, 6113434.960199997], [-9918275.2021, 6113452.386100002], [-9918265.8598, 6113456.712800004], [-9918247.1751, 6113465.346500002], [-9918237.7798, 6113469.633500002], [-9918162.7229, 6113503.771200001], [-9918153.3275, 6113508.018600002], [-9918134.5367, 6113516.453900002], [-9918125.1413, 6113520.661499999], [-9918087.4536, 6113537.373199999], [-9918078.0051, 6113541.521300003], [-9918059.1613, 6113549.797899999], [-9918049.7129, 6113553.906400003], [-9917974.019, 6113586.5955], [-9917964.5705, 6113590.664399996], [-9917945.5674, 6113598.742399998], [-9917936.1189, 6113602.771499999], [-9917898.1127, 6113618.748899996], [-9917888.6112, 6113622.718500003], [-9917869.5549, 6113630.618000001], [-9917860.0534, 6113634.547799997], [-9917783.7225, 6113665.7885000035], [-9917774.221, 6113669.678599998], [-9917755.1117, 6113677.399400003], [-9917745.504, 6113681.2302], [-9917707.2324, 6113696.493199997], [-9917697.6778, 6113700.284199998], [-9917678.4625, 6113707.826300003], [-9917668.8547, 6113711.557899997], [-9917663.3342, 6113713.721299998], [-9917656.2743, 6113717.353600003], [-9917615.9857, 6113738.015299998], [-9917542.8396, 6113778.5254999995], [-9917533.5504, 6113783.646200001], [-9917514.8658, 6113793.868100002], [-9917505.5236, 6113798.968999997], [-9917468.1013, 6113819.214299999], [-9917458.7059, 6113824.255800001], [-9917439.9681, 6113834.299000002], [-9917430.5198, 6113839.281099997], [-9917355.3036, 6113879.057099998], [-9917345.8552, 6113883.999399997], [-9917327.0112, 6113893.8440999985], [-9917317.5627, 6113898.746699996], [-9917279.7158, 6113918.257700004], [-9917270.2674, 6113923.1206], [-9917251.3174, 6113932.786799997], [-9917241.8159, 6113937.590300001], [-9917165.7502, 6113975.858400002], [-9917161.0261, 6113978.2403], [-9917151.5245, 6113983.003899999], [-9917146.7472, 6113985.385799997], [-9917127.691, 6113994.853699997], [-9917122.9137, 6113997.215599999], [-9917113.3592, 6114001.9397], [-9917108.5817, 6114004.2817], [-9917070.4163, 6114023.038699999], [-9917065.639, 6114025.380999997], [-9917056.0844, 6114030.045400001], [-9917051.254, 6114032.387599997], [-9917032.1448, 6114041.676700003], [-9917027.3144, 6114043.979099996], [-9917017.7596, 6114048.604099996], [-9917012.9824, 6114050.906400003], [-9916918.1261, 6114096.320699997], [-9916912.2872, 6114099.099600002], [-9916900.6093, 6114104.657300003], [-9916894.7173, 6114107.4362], [-9916871.3086, 6114118.491999999], [-9916865.4164, 6114121.251000002], [-9916853.6855, 6114126.7293], [-9916847.7935, 6114129.4684000015], [-9916800.8165, 6114151.302299999], [-9916794.9245, 6114154.021600001], [-9916783.1405, 6114159.4406], [-9916777.2483, 6114162.140000001], [-9916763.182, 6114168.571099997], [-9916720.0799, 6114196.161399998], [-9916710.1006, 6114202.4934], [-9916690.1422, 6114215.117399998], [-9916680.1627, 6114221.389799997], [-9916640.1396, 6114246.399700001], [-9916630.1071, 6114252.6325], [-9916609.9893, 6114265.038199998], [-9916599.9571, 6114271.211400002], [-9916519.3266, 6114320.358400002], [-9916514.2308, 6114323.435199998], [-9916504.0921, 6114329.588399999], [-9916498.9964, 6114332.645300001], [-9916478.6663, 6114344.8923999965], [-9916473.5705, 6114347.949199997], [-9916463.3789, 6114354.042999998], [-9916458.2831, 6114357.0801], [-9916417.4636, 6114381.355999999], [-9916412.3148, 6114384.412799999], [-9916401.9638, 6114390.5264], [-9916396.7619, 6114393.583400004], [-9916376.0601, 6114405.731299996], [-9916370.752, 6114408.828000002], [-9916360.1889, 6114415.0211], [-9916354.6153, 6114418.236699998], [-9916350.6873, 6114420.519400001], [-9916342.3005, 6114425.3627], [-9916338.107, 6114427.764600001], [-9916320.8556, 6114437.649599999], [-9916316.5559, 6114440.1307], [-9916307.9038, 6114445.053599998], [-9916303.5512, 6114447.515000001], [-9916268.5176, 6114467.4045], [-9916264.1118, 6114469.885600001], [-9916255.3534, 6114474.848099999], [-9916250.9475, 6114477.3094], [-9916233.3777, 6114487.174800001], [-9916228.9719, 6114489.636299998], [-9916220.1605, 6114494.559], [-9916215.7547, 6114497.000500001], [-9916144.785, 6114536.402500004], [-9916135.9205, 6114541.305399999], [-9916118.1382, 6114551.071599998], [-9916109.2206, 6114555.934900001], [-9916073.5499, 6114575.288699999], [-9916064.6324, 6114580.112300001], [-9916046.744, 6114589.719700001], [-9916037.7731, 6114594.4837], [-9915966.0603, 6114632.536399998], [-9915957.0896, 6114637.280500002], [-9915939.1481, 6114646.709399998], [-9915930.1243, 6114651.394100003], [-9915894.1353, 6114670.093000002], [-9915885.1114, 6114674.737999998], [-9915867.0106, 6114684.008100003], [-9915857.9869, 6114688.613300003], [-9915785.584, 6114725.296700001], [-9915781.072, 6114727.599299997], [-9915771.9952, 6114732.164899997], [-9915767.4834, 6114734.4278], [-9915749.3295, 6114743.519299999], [-9915744.7645, 6114745.782300003], [-9915735.6877, 6114750.308300003], [-9915731.1757, 6114752.571199998], [-9915694.8151, 6114770.575599998], [-9915690.2501, 6114772.818700001], [-9915681.1201, 6114777.304799996], [-9915676.6082, 6114779.548100002], [-9915658.3482, 6114788.4608], [-9915653.7833, 6114790.684100002], [-9915644.6532, 6114795.110799998], [-9915640.0882, 6114797.333999999], [-9915628.145, 6114803.110600002], [-9915622.0937, 6114806.0286], [-9915609.938, 6114811.844700001], [-9915603.8869, 6114814.762900002], [-9915579.5756, 6114826.316], [-9915573.4713, 6114829.194200002], [-9915561.3157, 6114834.950999998], [-9915555.2113, 6114837.809500001], [-9915506.4826, 6114860.617899999], [-9915500.3783, 6114863.476400003], [-9915488.1697, 6114869.133900002], [-9915482.0653, 6114871.9526999965], [-9915457.6479, 6114883.207999997], [-9915451.4904, 6114886.026799999], [-9915439.2817, 6114891.6049000025], [-9915433.1243, 6114894.403800003], [-9915335.0833, 6114938.810099997], [-9915322.8214, 6114944.3288], [-9915298.2448, 6114955.2863000035], [-9915285.93, 6114960.7255000025], [-9915236.6176, 6114982.323399998], [-9915224.3026, 6114987.682999998], [-9915199.5668, 6114998.323200002], [-9915187.1988, 6115003.603600003], [-9915088.0429, 6115045.568800002], [-9915075.675, 6115050.769900002], [-9915050.7799, 6115061.0923999995], [-9915038.3589, 6115066.233900003], [-9914988.5156, 6115086.5814], [-9914976.0945, 6115091.643399999], [-9914951.0934, 6115101.668300003], [-9914938.566, 6115106.631099999], [-9914838.4548, 6115146.0955], [-9914832.1912, 6115148.557099998], [-9914819.6109, 6115153.4802], [-9914813.2943, 6115155.921899997], [-9914788.1337, 6115165.669], [-9914781.8171, 6115168.0907000005], [-9914769.1838, 6115172.934600003], [-9914762.9202, 6115175.3367], [-9914712.3867, 6115194.5132], [-9914706.07, 6115196.915100001], [-9914693.3307, 6115201.699199997], [-9914686.9608, 6115204.081600003], [-9914661.4818, 6115213.570500001], [-9914655.0059, 6115215.972499996], [-9914642.1072, 6115220.7368], [-9914635.4719, 6115223.178599998], [-9914600.5446, 6115235.585900001], [-9914586.531, 6115240.4296], [-9914575.1717, 6115244.757200003], [-9914565.1394, 6115250.811999999], [-9914560.0434, 6115253.888899997], [-9914539.7133, 6115266.137500003], [-9914534.6175, 6115269.194499999], [-9914524.426, 6115275.288999997], [-9914519.3302, 6115278.326399997], [-9914478.5106, 6115302.604999997], [-9914473.3618, 6115305.662199996], [-9914463.0109, 6115311.776600003], [-9914457.8089, 6115314.813900001], [-9914437.1073, 6115326.983000003], [-9914431.7992, 6115330.0798999965], [-9914421.236, 6115336.273599997], [-9914415.6625, 6115339.489699997], [-9914410.9913, 6115342.189300001], [-9914401.1713, 6115347.847099997], [-9914396.2878, 6115350.666100003], [-9914376.1169, 6115362.180200003], [-9914371.0741, 6115365.058700003], [-9914360.9887, 6115370.796099998], [-9914355.946, 6115373.6545], [-9914315.1265, 6115396.762199998], [-9914309.9776, 6115399.640699998], [-9914299.7329, 6115405.3979], [-9914294.6371, 6115408.256499998], [-9914274.1476, 6115419.691299997], [-9914268.9988, 6115422.549900003], [-9914258.7542, 6115428.247400001], [-9914253.6053, 6115431.086300001], [-9914170.9047, 6115476.646899998], [-9914160.5539, 6115482.324500002], [-9914139.799, 6115493.6005000025], [-9914129.4482, 6115499.218599997], [-9914087.8326, 6115521.5524], [-9914077.4286, 6115527.111199997], [-9914056.5676, 6115538.168899998], [-9914046.1106, 6115543.648000002], [-9913962.4545, 6115587.402500004], [-9913951.9443, 6115592.842], [-9913930.9774, 6115603.681500003], [-9913920.4673, 6115609.061499998], [-9913878.4268, 6115630.482299998], [-9913867.8636, 6115635.8028], [-9913846.7904, 6115646.4038999975], [-9913836.2273, 6115651.664800003], [-9913779.9079, 6115679.557800002], [-9913774.2284, 6115682.773800001], [-9913769.5572, 6115685.4142], [-9913760.2148, 6115690.6752], [-9913755.5437, 6115693.295599997], [-9913736.8591, 6115703.777900003], [-9913732.1349, 6115706.378600001], [-9913722.7925, 6115711.5999], [-9913718.1214, 6115714.200599998], [-9913642.6398, 6115755.970700003], [-9913633.1914, 6115761.172200002], [-9913614.2945, 6115771.515500002], [-9913604.7927, 6115776.677199997], [-9913566.8397, 6115797.1853], [-9913557.3381, 6115802.287299998], [-9913538.3351, 6115812.452], [-9913528.7805, 6115817.514600001], [-9913452.5027, 6115857.756499998], [-9913442.948, 6115862.779200003], [-9913423.8388, 6115872.7456], [-9913414.284, 6115877.708700001], [-9913375.9064, 6115897.442699999], [-9913366.3518, 6115902.3662], [-9913347.0833, 6115912.134000003], [-9913337.4755, 6115916.998099998], [-9913260.4016, 6115955.731700003], [-9913255.5711, 6115958.153800003], [-9913245.9634, 6115962.958300002], [-9913241.133, 6115965.360399999], [-9913221.8113, 6115974.949600004], [-9913216.981, 6115977.332000002], [-9913207.2671, 6115982.116599999], [-9913202.4367, 6115984.479199998], [-9913163.7405, 6116003.458899997], [-9913158.8571, 6116005.821400002], [-9913149.1963, 6116010.546499997], [-9913144.3127, 6116012.909100004], [-9913124.9382, 6116022.299699999], [-9913120.0546, 6116024.6423999965], [-9913110.3407, 6116029.307899997], [-9913105.4573, 6116031.630800001], [-9913064.5847, 6116051.166599996], [-9913058.7989, 6116053.926299997], [-9913047.174, 6116059.425700001], [-9913041.3882, 6116062.165399998], [-9913018.1916, 6116073.084899999], [-9913012.4057, 6116075.804799996], [-9913000.781, 6116081.2249], [-9912994.942, 6116083.924800001], [-9912948.3899, 6116105.485799998], [-9912942.604, 6116108.166000001], [-9912930.926, 6116113.526600003], [-9912925.0872, 6116116.186899997], [-9912901.7844, 6116126.828500003], [-9912895.9454, 6116129.468999997], [-9912884.2145, 6116134.7698], [-9912878.3757, 6116137.390699998], [-9912837.2376, 6116155.874300003], [-9912728.7394, 6116229.968599997], [-9912721.1488, 6116235.090999998], [-9912706.0738, 6116245.3156], [-9912698.4831, 6116250.418200001], [-9912668.2268, 6116270.728799999], [-9912660.6362, 6116275.791500002], [-9912645.4018, 6116285.897200003], [-9912637.8112, 6116290.920199998], [-9912576.8739, 6116331.045299999], [-9912569.2302, 6116336.048500001], [-9912553.996, 6116345.995399997], [-9912546.3522, 6116350.9789], [-9912515.6712, 6116370.773500003], [-9912508.0274, 6116375.717100002], [-9912492.687, 6116385.545000002], [-9912484.9903, 6116390.449100003], [-9912450.0627, 6116412.5864999965], [-9912445.5509, 6116415.465499997], [-9912436.4209, 6116421.203299999], [-9912431.9089, 6116424.062399998], [-9912413.702, 6116435.478600003], [-9912409.137, 6116438.337399997], [-9912400.0071, 6116444.0358000025], [-9912395.4421, 6116446.874799997], [-9912358.9223, 6116469.548600003], [-9912354.3572, 6116472.367899999], [-9912345.1741, 6116478.006700002], [-9912340.6092, 6116480.825900003], [-9912322.2961, 6116492.083499998], [-9912317.6781, 6116494.882799998], [-9912308.495, 6116500.481799997], [-9912303.93, 6116503.281300001], [-9912230.4125, 6116547.8945999965], [-9912225.7944, 6116550.6941], [-9912216.5051, 6116556.273199998], [-9912211.8872, 6116559.0726], [-9912193.3617, 6116570.211000003], [-9912188.6905, 6116572.970799997], [-9912179.4013, 6116578.530299999], [-9912174.7832, 6116581.289999999], [-9912137.5202, 6116603.3684], [-9912132.849, 6116606.148199998], [-9912123.4005, 6116611.707400002], [-9912118.6764, 6116614.487099998], [-9912099.7793, 6116625.566200003], [-9912094.9489, 6116628.4054000005], [-9912085.235, 6116634.064000003], [-9912080.1393, 6116637.022399999], [-9912075.4681, 6116639.722599998], [-9912065.6481, 6116645.361199997], [-9912060.7648, 6116648.180600002], [-9912040.5939, 6116659.716300003], [-9912035.5511, 6116662.595399998], [-9912025.4656, 6116668.333400004], [-9912020.4229, 6116671.192500003], [-9911979.5503, 6116694.3037], [-9911974.4544, 6116697.182700001], [-9911964.2099, 6116702.920599997], [-9911959.114, 6116705.799699999], [-9911938.5716, 6116717.236100003], [-9911933.4758, 6116720.095299996], [-9911923.1779, 6116725.793499999], [-9911918.0822, 6116728.6329], [-9911835.3285, 6116774.200199999], [-9911824.9775, 6116779.878899999], [-9911804.2759, 6116791.156499997], [-9911793.872, 6116796.775600001], [-9911752.2563, 6116819.1127], [-9911741.8524, 6116824.672200002], [-9911719.0805, 6116836.704400003], [-9911687.3379, 6116856.500200003], [-9911679.1104, 6116861.642700002], [-9911662.6551, 6116871.888099998], [-9911654.4274, 6116876.990900002], [-9911621.4109, 6116897.342699997], [-9911613.1302, 6116902.4058], [-9911596.5689, 6116912.492299996], [-9911588.2882, 6116917.535599999], [-9911521.9366, 6116957.623800002], [-9911513.5498, 6116962.6472999975], [-9911496.776, 6116972.674400002], [-9911488.3893, 6116977.658200003], [-9911454.7888, 6116997.533699997], [-9911446.2959, 6117002.557099998], [-9911429.2036, 6117012.564499997], [-9911420.3921, 6117017.687200002], [-9911415.721, 6117020.387500003], [-9911405.9009, 6117026.026600003], [-9911401.0174, 6117028.846000001], [-9911380.8466, 6117040.382200003], [-9911375.804, 6117043.261399999], [-9911365.7185, 6117048.999499999], [-9911360.6756, 6117051.858900003], [-9911319.8032, 6117074.9711000025], [-9911314.7073, 6117077.8500000015], [-9911304.4627, 6117083.588299997], [-9911299.3668, 6117086.467600003], [-9911278.8244, 6117097.9043999985], [-9911273.7286, 6117100.763700001], [-9911263.4308, 6117106.462399997], [-9911258.3351, 6117109.301899999], [-9911191.6649, 6117146.035400003], [-9911191.2402, 6117146.551600002], [-9911176.8022, 6117165.275799997], [-9911169.5301, 6117174.608199999], [-9911140.4414, 6117211.877999999], [-9911133.1693, 6117221.170599997], [-9911118.519, 6117239.716300003], [-9911111.1405, 6117248.969300002], [-9911052.1673, 6117322.854699999], [-9911048.3986, 6117327.520999998], [-9911040.9671, 6117336.813699998], [-9911037.1985, 6117341.460100003], [-9911022.2295, 6117360.006099999], [-9911018.4607, 6117364.652599998], [-9911010.9763, 6117373.905500002], [-9911007.2074, 6117378.532200001], [-9910977.0042, 6117415.465400003], [-9910973.1823, 6117420.151500002], [-9910965.4856, 6117429.543799996], [-9910961.6107, 6117434.210100003], [-9910946.1639, 6117452.934900001], [-9910942.1299, 6117457.760200001], [-9910934.1145, 6117467.410400003], [-9910929.868, 6117472.553300001], [-9910926.577, 6117476.484999999], [-9910919.411, 6117484.9636999965], [-9910915.8546, 6117489.213200003], [-9910900.9918, 6117506.786499999], [-9910897.2761, 6117511.174900003], [-9910889.8447, 6117519.951700002], [-9910886.129, 6117524.339900002], [-9910855.6605, 6117559.963100001], [-9910851.8917, 6117564.4111], [-9910844.248, 6117573.307099998], [-9910840.4261, 6117577.755000003], [-9910825.0857, 6117595.487199999], [-9910821.2637, 6117599.9155], [-9910813.6201, 6117608.751800001], [-9910809.7452, 6117613.180100001], [-9910747.587, 6117684.4076000005], [-9910739.784, 6117693.3037], [-9910724.125, 6117711.016199999], [-9910716.3221, 6117719.8527000025], [-9910684.8449, 6117755.139399998], [-9910676.9358, 6117763.936099999], [-9910661.1175, 6117781.4903], [-9910653.1554, 6117790.247299999], [-9910589.4579, 6117860.1061], [-9910581.4956, 6117868.823799998], [-9910565.465, 6117886.199199997], [-9910557.4498, 6117894.8571000025], [-9910525.1764, 6117929.4494], [-9910517.108, 6117938.0678], [-9910500.9183, 6117955.2645], [-9910492.7968, 6117963.843199998], [-9910427.56, 6118032.293499999], [-9910419.3854, 6118040.832500003], [-9910402.9833, 6118057.850900002], [-9910394.7557, 6118066.350199997], [-9910361.7922, 6118100.208300002], [-9910353.5116, 6118108.648000002], [-9910336.9503, 6118125.487800002], [-9910328.6165, 6118133.887900002], [-9910261.9463, 6118200.9098000005], [-9910253.6125, 6118209.250399999], [-9910236.839, 6118225.911600001], [-9910228.399, 6118234.232199997], [-9910194.6923, 6118267.356299996], [-9910186.2524, 6118275.617600001], [-9910169.3195, 6118292.100100003], [-9910160.8266, 6118300.321699999], [-9910092.7233, 6118365.835699998], [-9910084.1772, 6118374.017499998], [-9910067.032, 6118390.301799998], [-9910058.4328, 6118398.424099997], [-9910024.0361, 6118430.813900001], [-9910015.3838, 6118438.896499999], [-9909998.0793, 6118455.0022], [-9909989.4272, 6118463.025200002], [-9909919.8905, 6118527.050999999], [-9909911.1854, 6118535.014700003], [-9909893.7215, 6118550.941600002], [-9909884.9632, 6118558.865500003], [-9909849.8233, 6118590.5013], [-9909841.0118, 6118598.385499999], [-9909823.3888, 6118614.0942], [-9909814.5243, 6118621.938600004], [-9909743.6077, 6118684.416699998], [-9909739.1488, 6118688.348899998], [-9909730.1782, 6118696.193400003], [-9909725.7193, 6118700.105800003], [-9909707.7778, 6118715.755000003], [-9909703.266, 6118719.667300001], [-9909694.2953, 6118727.452399999], [-9909689.7832, 6118731.344800003], [-9909653.688, 6118762.4252], [-9909649.123, 6118766.357500002], [-9909639.94, 6118774.222000003], [-9909635.3749, 6118778.1543999985], [-9909616.9559, 6118793.803800002], [-9909612.2315, 6118797.835199997], [-9909602.73, 6118805.8785], [-9909597.7403, 6118810.108599998], [-9909593.7062, 6118813.4848000035], [-9909585.107, 6118820.674099997], [-9909580.8074, 6118824.2689], [-9909563.0783, 6118839.064499997], [-9909558.6194, 6118842.758299999], [-9909549.7549, 6118850.126400001], [-9909545.296, 6118853.800399996], [-9909509.0947, 6118883.630000003], [-9909504.5827, 6118887.363899998], [-9909495.5059, 6118894.7914], [-9909490.9409, 6118898.505400002], [-9909472.787, 6118913.320900001], [-9909468.222, 6118917.034699999], [-9909459.1452, 6118924.422600001], [-9909454.5802, 6118928.096900001], [-9909381.0094, 6118987.419299997], [-9909371.7734, 6118994.8072], [-9909353.301, 6119009.5436], [-9909344.0118, 6119016.891800001], [-9909306.9081, 6119046.146200001], [-9909297.6188, 6119053.434799999], [-9909278.9873, 6119067.972599998], [-9909269.6449, 6119075.201899998], [-9909194.8003, 6119132.896700002], [-9909185.405, 6119140.086300001], [-9909166.6141, 6119154.4059000015], [-9909157.2188, 6119161.555699997], [-9909119.4781, 6119189.976300001], [-9909110.0296, 6119197.066500001], [-9909091.0795, 6119211.187600002], [-9909081.578, 6119218.2183], [-9909005.5125, 6119274.265600003], [-9908995.9579, 6119281.2368], [-9908976.8487, 6119295.1592999995], [-9908967.2941, 6119302.0907000005], [-9908928.9693, 6119329.6976], [-9908919.3616, 6119336.569499999], [-9908900.0932, 6119350.253799997], [-9908890.4322, 6119357.086000003], [-9908813.146, 6119411.446099997], [-9908803.4852, 6119418.218800001], [-9908784.0574, 6119431.704499997], [-9908774.3436, 6119438.4177], [-9908735.4349, 6119465.190800004], [-9908725.6681, 6119471.8442], [-9908706.1342, 6119485.131399997], [-9908696.3141, 6119491.725599997], [-9908617.86, 6119544.398199998], [-9908603.1034, 6119554.229699999], [-9908573.4309, 6119573.773500003], [-9908558.5683, 6119583.485699996], [-9908498.9579, 6119622.096900001], [-9908484.042, 6119631.690099999], [-9908454.0511, 6119650.737599999], [-9908439.0292, 6119660.211599998], [-9908318.5878, 6119735.4287], [-9908303.4596, 6119744.803400002], [-9908273.0439, 6119763.453900002], [-9908257.8097, 6119772.689800002], [-9908196.7662, 6119809.454599999], [-9908181.3196, 6119818.650799997], [-9908150.3732, 6119836.924000002], [-9908135.5635, 6119845.603699997], [-9908129.0345, 6119849.476899996], [-9908116.1888, 6119857.104000002], [-9908109.766, 6119860.9177], [-9908084.0747, 6119876.0726], [-9908077.5988, 6119879.866300002], [-9908064.7, 6119887.413900003], [-9908058.2771, 6119891.167800002], [-9907998.1361, 6119926.0462], [-9907995.2165, 6119927.7544], [-9907987.5197, 6119932.203500003], [-9907971.7547, 6119941.260899998], [-9907962.3062, 6119946.683300003], [-9907935.2347, 6119962.156300001], [-9907929.4488, 6119965.433399998], [-9907922.8137, 6119969.2272000015], [-9907918.9389, 6119971.471699998], [-9907896.0077, 6119984.581100002], [-9907890.2219, 6119987.838500001], [-9907878.7563, 6119994.353500001], [-9907873.0235, 6119997.610799998], [-9907826.5244, 6120023.809699997], [-9907820.6853, 6120027.067199998], [-9907809.0606, 6120033.5820999965], [-9907803.2216, 6120036.839599997], [-9907779.8659, 6120049.7902000025], [-9907774.0269, 6120053.0276999995], [-9907762.349, 6120059.463200003], [-9907756.5101, 6120062.681100003], [-9907634.7947, 6120129.281000003], [-9907618.0742, 6120138.338500001], [-9907584.4737, 6120156.314499997], [-9907567.7, 6120165.233000003], [-9907500.2337, 6120200.608900003], [-9907483.3538, 6120209.368500002], [-9907449.488, 6120226.768700004], [-9907432.502, 6120235.3693], [-9907296.4546, 6120303.718699999], [-9907279.4156, 6120312.180500001], [-9907245.2312, 6120328.965099998], [-9907228.086, 6120337.287699997], [-9907159.4518, 6120370.241099998], [-9907142.2535, 6120378.405100003], [-9907107.8038, 6120394.593699999], [-9907090.5524, 6120402.618699998], [-9906965.8114, 6120459.845700003], [-9906958.0084, 6120463.401299998], [-9906942.3495, 6120470.512500003], [-9906934.5464, 6120474.028300002], [-9906903.2287, 6120488.092], [-9906895.4255, 6120491.607799999], [-9906879.7136, 6120498.560099997], [-9906871.8575, 6120502.0363000035], [-9906809.0624, 6120529.6668], [-9906801.2064, 6120533.103299998], [-9906785.4413, 6120539.936300002], [-9906777.5851, 6120543.352899998], [-9906746.055, 6120556.9201000035], [-9906738.1457, 6120560.296899997], [-9906722.3807, 6120567.010799997], [-9906714.4716, 6120570.347999997], [-9906665.2121, 6120591.085900001], [-9906659.4794, 6120593.489500001], [-9906648.0669, 6120598.256899998], [-9906642.3341, 6120600.640500002], [-9906619.4561, 6120610.115599997], [-9906613.7232, 6120612.4794000015], [-9906602.2577, 6120617.187299997], [-9906596.5249, 6120619.531300001], [-9906550.6097, 6120638.2233000025], [-9906544.8769, 6120640.567299999], [-9906533.3582, 6120645.195600003], [-9906527.6254, 6120647.519699998], [-9906504.6412, 6120656.736500002], [-9906498.8554, 6120659.020999998], [-9906487.3368, 6120663.609499998], [-9906481.6039, 6120665.874200001], [-9906389.4019, 6120702.225599997], [-9906383.6159, 6120704.490199998], [-9906372.0442, 6120709.019100003], [-9906366.2584, 6120711.263800003], [-9906343.0618, 6120720.242399998], [-9906337.276, 6120722.487099998], [-9906325.6512, 6120726.936800003], [-9906319.8654, 6120729.161499999], [-9906273.3661, 6120746.860699996], [-9906267.5271, 6120749.0656], [-9906255.8493, 6120753.495300002], [-9906250.0103, 6120755.680399999], [-9906226.5485, 6120764.4604], [-9906220.6564, 6120766.6655], [-9906208.7661, 6120771.055399999], [-9906202.8212, 6120773.240400001], [-9906172.2993, 6120784.4837], [-9906166.1419, 6120786.728500001], [-9906160.7808, 6120788.675099999], [-9906151.81, 6120791.932899997], [-9906147.3512, 6120793.5419000015], [-9906124.9508, 6120801.626699999], [-9906119.2712, 6120803.652800001], [-9906107.9649, 6120807.6853], [-9906102.3383, 6120809.691600002], [-9906057.0069, 6120825.7421], [-9906051.3271, 6120827.748499997], [-9906039.9678, 6120831.721500002], [-9906034.2881, 6120833.707999997], [-9906011.5163, 6120841.613899998], [-9906005.8365, 6120843.6005000025], [-9905994.4771, 6120847.513800003], [-9905988.7444, 6120849.4804000035], [-9905897.3915, 6120880.667800002], [-9905886.0851, 6120884.501699999], [-9905863.4725, 6120892.090000004], [-9905852.113, 6120895.844400004], [-9905806.7818, 6120910.7826000005], [-9905795.4223, 6120914.477499999], [-9905772.7036, 6120921.827500001], [-9905761.2912, 6120925.4626], [-9905670.2567, 6120954.326200001], [-9905658.8442, 6120957.901799999], [-9905636.0723, 6120964.993500002], [-9905624.6599, 6120968.5097], [-9905578.9569, 6120982.414899997], [-9905567.5444, 6120985.8715], [-9905544.6663, 6120992.7051], [-9905533.2008, 6120996.1021], [-9905442.591, 6121022.621699996], [-9905431.2316, 6121025.919299997], [-9905408.513, 6121032.435000002], [-9905397.1535, 6121035.6532000005], [-9905351.7159, 6121048.426200002], [-9905340.3565, 6121051.584899999], [-9905317.5846, 6121057.842299998], [-9905306.1723, 6121060.941299997], [-9905214.9785, 6121085.474699996], [-9905203.566, 6121088.5141], [-9905180.741, 6121094.533200003], [-9905169.3287, 6121097.512900002], [-9905123.5726, 6121109.273000002], [-9905112.107, 6121112.193300001], [-9905089.229, 6121117.954300001], [-9905077.7634, 6121120.795000002], [-9904986.092, 6121143.3418999985], [-9904974.5734, 6121146.123099998], [-9904951.6422, 6121151.625799999], [-9904940.1237, 6121154.3473000005], [-9904894.1554, 6121165.114200003], [-9904882.6899, 6121167.776299998], [-9904859.6525, 6121173.040600002], [-9904848.1338, 6121175.6428999975], [-9904755.9317, 6121196.163800001], [-9904744.4131, 6121198.686800003], [-9904721.3227, 6121203.692699999], [-9904709.804, 6121206.175899997], [-9904663.6233, 6121215.929899998], [-9904652.0516, 6121218.3336], [-9904628.9082, 6121223.081500001], [-9904617.3364, 6121225.425499998], [-9904524.7627, 6121243.940099999], [-9904518.9237, 6121245.072499998], [-9904507.3521, 6121247.356899999], [-9904501.5132, 6121248.509300001], [-9904478.3166, 6121252.998899996], [-9904472.4776, 6121254.131099999], [-9904460.8528, 6121256.356200002], [-9904455.0671, 6121257.448700003], [-9904408.5678, 6121266.2095], [-9904402.7288, 6121267.302000001], [-9904391.0509, 6121269.4673999995], [-9904385.212, 6121270.5402000025], [-9904361.8563, 6121274.8112], [-9904355.9643, 6121275.883900002], [-9904344.1801, 6121277.989699997], [-9904338.182, 6121279.0625], [-9904332.5553, 6121280.055699997], [-9904321.0898, 6121282.061999999], [-9904315.3571, 6121283.035400003], [-9904292.2136, 6121287.008599997], [-9904286.4279, 6121287.9821000025], [-9904274.856, 6121289.948700003], [-9904269.0702, 6121290.9023], [-9904222.5711, 6121298.610100001], [-9904216.7851, 6121299.563699998], [-9904205.1604, 6121301.470799997], [-9904199.3213, 6121302.4045], [-9904176.0718, 6121306.139200002], [-9904170.2328, 6121307.053000003], [-9904158.608, 6121308.880599998], [-9904152.7691, 6121309.794500001], [-9904059.4523, 6121324.2168999985], [-9904026.9665, 6121328.984700002], [-9903961.8889, 6121338.043499999], [-9903929.35, 6121342.314499997], [-9903836.7762, 6121353.757299997], [-9903829.0264, 6121354.7902000025], [-9903815.0662, 6121356.657700002], [-9903808.0594, 6121357.571400002], [-9903737.7266, 6121366.6699], [-9903723.0761, 6121368.5176], [-9903693.7753, 6121372.1131], [-9903679.1248, 6121373.841600001], [-9903620.4702, 6121380.635600001], [-9903605.7666, 6121382.264700003], [-9903576.4125, 6121385.4629999995], [-9903561.7622, 6121387.012500003], [-9903538.3003, 6121389.396499999], [-9903530.9751, 6121390.111599997], [-9903516.2715, 6121391.561700001], [-9903508.9463, 6121392.276900001], [-9903479.5393, 6121395.058300003], [-9903472.214, 6121395.7337], [-9903457.5105, 6121397.084600002], [-9903450.1323, 6121397.740099996], [-9903356.0723, 6121406.004299998], [-9903348.747, 6121406.640000001], [-9903334.0436, 6121407.871799998], [-9903326.6652, 6121408.487599999], [-9903297.2581, 6121410.871399999], [-9903289.9329, 6121411.4476], [-9903275.2294, 6121412.599699996], [-9903267.8511, 6121413.156000003], [-9903244.2831, 6121414.904200003], [-9903229.5796, 6121415.937299997], [-9903200.1195, 6121417.923799999], [-9903185.416, 6121418.8574], [-9903126.4957, 6121422.413599998], [-9903111.7391, 6121423.247900002], [-9903082.2791, 6121424.817299999], [-9903067.5754, 6121425.552199997], [-9902996.9243, 6121428.8500000015], [-9902990.2891, 6121429.148100004], [-9902977.0187, 6121429.724100001], [-9902970.3837, 6121430.002300002], [-9902943.8961, 6121431.075000003], [-9902937.261, 6121431.333300002], [-9902923.9906, 6121431.829999998], [-9902917.3555, 6121432.068400003], [-9902911.198, 6121432.267099999], [-9902899.5202, 6121432.664399996], [-9902809.1759, 6121435.425700001], [-9902743.302, 6121438.306199998], [-9902716.7082, 6121439.319499999], [-9902663.627, 6121440.9881], [-9902637.0863, 6121441.663599998], [-9902612.032, 6121442.140299998], [-9902603.1674, 6121442.2993], [-9902553.0056, 6121443.113799997], [-9902544.1411, 6121443.252800003], [-9902519.0867, 6121443.5907000005], [-9902504.3301, 6121443.749399997], [-9902474.8168, 6121443.948100001], [-9902460.0603, 6121444.0079], [-9902448.2231, 6121443.968000002], [-9902424.6551, 6121443.848899998], [-9902412.8179, 6121443.749399997], [-9902395.0357, 6121443.550899997], [-9902386.1712, 6121443.431500003], [-9902359.6304, 6121443.074100003], [-9902350.819, 6121442.935099997], [-9902300.6572, 6121442.1206], [-9902291.7926, 6121441.9614999965], [-9902283.0343, 6121441.782700002], [-9902259.0415, 6121441.206600003], [-9902208.5613, 6121440.6504999995], [-9902184.7277, 6121440.2531], [-9902137.1137, 6121439.2201000005], [-9902113.2802, 6121438.564499997], [-9902066.0911, 6121437.015000001], [-9902054.3071, 6121436.5978000015], [-9902030.6857, 6121435.684], [-9902018.9017, 6121435.2073], [-9901926.8589, 6121431.174400002], [-9901912.6331, 6121442.140299998], [-9901903.8747, 6121448.855099998], [-9901889.2241, 6121460.039499998], [-9901880.4657, 6121466.734399997], [-9901803.4979, 6121525.200300001], [-9901790.8645, 6121534.716200002], [-9901765.5449, 6121553.648500003], [-9901752.8584, 6121563.085100003], [-9901701.9534, 6121600.592500001], [-9901689.214, 6121609.929799996], [-9901663.5757, 6121628.484999999], [-9901650.7831, 6121637.722900003], [-9901547.8585, 6121711.248599999], [-9901535.0128, 6121720.3873], [-9901509.1092, 6121738.565300003], [-9901496.1574, 6121747.624399997], [-9901444.1908, 6121783.622900002], [-9901431.1328, 6121792.582699999], [-9901405.0167, 6121810.383400001], [-9901391.9589, 6121819.244000003], [-9901313.4517, 6121871.931000002], [-9901303.6315, 6121878.487000003], [-9901283.9384, 6121891.5396], [-9901274.0653, 6121898.056000002], [-9901234.5728, 6121923.9626], [-9901224.6467, 6121930.3994999975], [-9901204.7942, 6121943.2535], [-9901194.868, 6121949.650799997], [-9901115.2992, 6122000.5901999995], [-9901105.3199, 6122006.927900001], [-9901084.406, 6122020.139399998], [-9901044.8073, 6122046.682300001], [-9901034.9871, 6122053.238399997], [-9901015.294, 6122066.2914], [-9901005.4209, 6122072.807899997], [-9900965.8754, 6122098.715000004], [-9900956.0022, 6122105.171899997], [-9900936.15, 6122118.006300002], [-9900926.2238, 6122124.403700002], [-9900846.6018, 6122175.3442], [-9900836.6755, 6122181.701899998], [-9900816.664, 6122194.3178], [-9900806.6847, 6122200.615900002], [-9900766.6083, 6122225.649099998], [-9900756.576, 6122231.887699999], [-9900736.4581, 6122244.2852], [-9900726.3727, 6122250.464000002], [-9900645.6892, 6122299.656900004], [-9900640.5933, 6122302.736400001], [-9900630.4017, 6122308.895499997], [-9900625.359, 6122311.9750000015], [-9900604.9758, 6122324.233400002], [-9900599.88, 6122327.293300003], [-9900589.6885, 6122333.392700002], [-9900584.5925, 6122336.432499997], [-9900543.7199, 6122360.711300001], [-9900538.5711, 6122363.790899999], [-9900528.2203, 6122369.890299998], [-9900523.0183, 6122372.950000003], [-9900502.3166, 6122385.109300002], [-9900497.0084, 6122388.228600003], [-9900486.3922, 6122394.407499999], [-9900480.8187, 6122397.6461], [-9900476.1475, 6122400.348200001], [-9900466.3275, 6122405.990699999], [-9900461.444, 6122408.811999999], [-9900441.2732, 6122420.3554000035], [-9900436.2303, 6122423.236299999], [-9900426.1451, 6122428.9782000035], [-9900421.1023, 6122431.8391999975], [-9900380.1765, 6122454.965999998], [-9900375.0808, 6122457.8467999995], [-9900364.8361, 6122463.5886999965], [-9900359.6872, 6122466.469700001], [-9900339.1979, 6122477.913800001], [-9900334.049, 6122480.774899997], [-9900323.8042, 6122486.4573], [-9900318.6553, 6122489.2984], [-9900235.9018, 6122534.9164], [-9900222.7375, 6122542.088799998], [-9900196.4622, 6122556.3345], [-9900183.2981, 6122563.407700002], [-9900130.5354, 6122591.541500002], [-9900117.3182, 6122598.5352], [-9900090.8307, 6122612.403700002], [-9900077.6133, 6122619.298100002], [-9899991.9932, 6122663.446400002], [-9899962.6923, 6122682.858099997], [-9899949.1566, 6122691.779200003], [-9899921.9258, 6122709.522200003], [-9899908.3371, 6122718.343999997], [-9899853.6633, 6122753.412699997], [-9899839.9684, 6122762.1351], [-9899812.5254, 6122779.461000003], [-9899798.7775, 6122788.084100001], [-9899688.4745, 6122856.553199999], [-9899681.5209, 6122860.844800003], [-9899667.6666, 6122869.388700001], [-9899660.7129, 6122873.640799999], [-9899632.8453, 6122890.628899999], [-9899627.9088, 6122893.649099998], [-9899618.1949, 6122899.927699998], [-9899608.2687, 6122906.3257], [-9899528.6468, 6122957.270800002], [-9899518.6675, 6122963.609300002], [-9899498.7089, 6122976.246200003], [-9899488.7296, 6122982.524899997], [-9899448.6001, 6123007.580300003], [-9899438.5678, 6123013.799699999], [-9899418.45, 6123026.218199998], [-9899408.4176, 6123032.397500001], [-9899327.6811, 6123081.594899997], [-9899322.5853, 6123084.674699999], [-9899312.4466, 6123090.834200002], [-9899307.351, 6123093.914099999], [-9899286.9677, 6123106.1538999975], [-9899281.8718, 6123109.2139], [-9899271.6803, 6123115.3138], [-9899266.5844, 6123118.373800002], [-9899225.7119, 6123142.654799998], [-9899220.563, 6123145.7148], [-9899210.2122, 6123151.834700003], [-9899205.0633, 6123154.8945999965], [-9899184.3085, 6123167.055200003], [-9899179.0004, 6123170.154700004], [-9899168.3841, 6123176.354199998], [-9899161.749, 6123180.228799999], [-9899154.4769, 6123184.401500002], [-9899141.7372, 6123191.753399998], [-9899133.9874, 6123196.184500001], [-9899110.3662, 6123209.715899996], [-9899102.4572, 6123214.226400003], [-9899089.293, 6123221.7173999995], [-9899081.3839, 6123226.2080999985], [-9899035.9994, 6123251.840499997], [-9899027.9841, 6123256.3510000035], [-9899014.6077, 6123263.842100002], [-9899006.5923, 6123268.332800001], [-9898982.4935, 6123281.765000001], [-9898974.4252, 6123286.235699996], [-9898960.9956, 6123293.667300001], [-9898952.9802, 6123298.118199997], [-9898905.3133, 6123324.307300001], [-9898900.8015, 6123326.791000001], [-9898891.7776, 6123331.718800001], [-9898887.2657, 6123334.182800002], [-9898869.2181, 6123343.9987], [-9898864.7062, 6123346.4624999985], [-9898855.6292, 6123351.3508], [-9898851.1173, 6123353.7949], [-9898814.9158, 6123373.267800003], [-9898810.3509, 6123375.692000002], [-9898801.327, 6123380.540399998], [-9898796.762, 6123382.944700003], [-9898778.6083, 6123392.6017], [-9898774.0964, 6123395.005999997], [-9898764.9664, 6123399.814599998], [-9898760.4545, 6123402.218999997], [-9898687.6269, 6123440.469800003], [-9898678.4971, 6123445.218900003], [-9898660.2901, 6123454.697099999], [-9898651.107, 6123459.426399998], [-9898614.534, 6123478.204000004], [-9898605.4041, 6123482.873800002], [-9898587.038, 6123492.173100002], [-9898577.8549, 6123496.803199999], [-9898504.3374, 6123533.663199998], [-9898495.1542, 6123538.253600001], [-9898476.7351, 6123547.374200001], [-9898467.4989, 6123551.924599998], [-9898430.5544, 6123570.006999999], [-9898421.3182, 6123574.497900002], [-9898402.7929, 6123583.459700003], [-9898393.5568, 6123587.910599999], [-9898319.3491, 6123623.3605], [-9898310.0598, 6123627.771899998], [-9898291.4814, 6123636.554899998], [-9898282.1391, 6123640.9067], [-9898244.876, 6123658.293899998], [-9898235.5339, 6123662.605800003], [-9898216.9023, 6123671.209899999], [-9898207.5069, 6123675.482299998], [-9898161.0608, 6123696.6054000035], [-9898157.0265, 6123698.731600001], [-9898132.6622, 6123711.429300003], [-9898128.6812, 6123713.515699998], [-9898085.1014, 6123739.944499999], [-9898075.8122, 6123745.548199996], [-9898057.2338, 6123756.695900001], [-9898047.8914, 6123762.259900004], [-9898010.6284, 6123784.376800001], [-9898001.1799, 6123789.9406], [-9897982.2299, 6123801.048699997], [-9897972.516, 6123806.712099999], [-9897967.8448, 6123809.3948], [-9897958.0247, 6123815.058200002], [-9897953.0883, 6123817.880000003], [-9897932.9174, 6123829.4252], [-9897927.8746, 6123832.306699999], [-9897917.7893, 6123838.049400002], [-9897912.7465, 6123840.910999998], [-9897871.8209, 6123864.021499999], [-9897866.7251, 6123866.922899999], [-9897856.4804, 6123872.6657000035], [-9897851.3846, 6123875.5471], [-9897830.8421, 6123886.993100002], [-9897825.6933, 6123889.854599997], [-9897815.4486, 6123895.5380000025], [-9897810.2996, 6123898.379600003], [-9897727.4929, 6123944.005000003], [-9897717.1421, 6123949.668399997], [-9897696.3872, 6123960.9755000025], [-9897685.9832, 6123966.5792], [-9897644.3676, 6123988.935000002], [-9897633.9106, 6123994.499300003], [-9897613.0497, 6124005.5678], [-9897602.5927, 6124011.072400004], [-9897518.8304, 6124054.870099999], [-9897508.3733, 6124060.314900003], [-9897487.3532, 6124071.145300001], [-9897476.8431, 6124076.530699998], [-9897434.6966, 6124097.972499996], [-9897424.1864, 6124103.298299998], [-9897403.0601, 6124113.909999996], [-9897392.4969, 6124119.176100001], [-9897307.7792, 6124161.1263], [-9897297.2161, 6124166.352799997], [-9897275.9834, 6124176.7260000035], [-9897265.3142, 6124181.872900002], [-9897222.743, 6124202.381200001], [-9897212.0737, 6124207.488399997], [-9897190.735, 6124217.623400003], [-9897180.0657, 6124222.670900002], [-9897094.4987, 6124262.7535], [-9897083.7762, 6124267.741499998], [-9897062.3314, 6124277.638099998], [-9897051.556, 6124282.566399999], [-9897035.1537, 6124290.038599998], [-9897005.4283, 6124309.7124999985], [-9896990.0877, 6124319.7678999975], [-9896928.6728, 6124359.711900003], [-9896913.2792, 6124369.6285], [-9896882.3327, 6124389.342200004], [-9896866.8862, 6124399.139600001], [-9896742.6759, 6124476.9021999985], [-9896734.8729, 6124481.751199998], [-9896719.267, 6124491.449199997], [-9896711.4111, 6124496.278399996], [-9896680.0931, 6124515.5353000015], [-9896672.2371, 6124520.3248], [-9896656.5251, 6124529.883599997], [-9896648.669, 6124534.633299999], [-9896585.7146, 6124572.611000001], [-9896577.7525, 6124577.3605], [-9896561.8279, 6124586.860100001], [-9896553.8658, 6124591.590000004], [-9896522.0171, 6124610.449500002], [-9896513.8956, 6124615.2192], [-9896497.6527, 6124624.698799998], [-9896489.319, 6124629.567699999], [-9896484.6478, 6124632.270499997], [-9896474.8278, 6124637.9344], [-9896469.8912, 6124640.756499998], [-9896449.7205, 6124652.282899998], [-9896444.6776, 6124655.1646], [-9896434.5921, 6124660.9081000015], [-9896429.5494, 6124663.7698], [-9896388.6238, 6124686.9023], [-9896383.5281, 6124689.784199998], [-9896373.2833, 6124695.547499999], [-9896368.1345, 6124698.4092999995], [-9896347.6451, 6124709.856299996], [-9896342.4961, 6124712.718099996], [-9896332.2515, 6124718.421899997], [-9896327.1026, 6124721.263700001], [-9896301.5175, 6124735.354099996], [-9896281.9305, 6124748.033399999], [-9896272.0042, 6124754.432700001], [-9896192.3824, 6124805.388899997], [-9896182.403, 6124811.728500001], [-9896172.8484, 6124817.829800002], [-9896134.5769, 6124843.367600001], [-9896125.3937, 6124849.468900003], [-9896106.9215, 6124861.6118], [-9896097.7385, 6124867.6734], [-9896023.743, 6124915.907399997], [-9896014.5069, 6124921.909500003], [-9895995.9285, 6124933.873499997], [-9895986.6393, 6124939.8358], [-9895949.4293, 6124963.5852999985], [-9895940.14, 6124969.487999998], [-9895921.4555, 6124981.253399998], [-9895912.1132, 6124987.116400003], [-9895837.1625, 6125033.840499997], [-9895832.4913, 6125036.7421], [-9895823.0959, 6125042.565399997], [-9895818.4247, 6125045.467], [-9895799.634, 6125057.053800002], [-9895794.9097, 6125059.935599998], [-9895785.5144, 6125065.718900003], [-9895780.7902, 6125068.580899999], [-9895743.1024, 6125091.555699997], [-9895738.3782, 6125094.417499997], [-9895728.9828, 6125100.141400002], [-9895724.2586, 6125103.003399998], [-9895705.3086, 6125114.3913], [-9895700.5842, 6125117.233400002], [-9895691.1358, 6125122.897600003], [-9895686.3585, 6125125.759599999], [-9895628.0753, 6125160.460500002], [-9895617.2999, 6125166.840099998], [-9895601.1631, 6125176.3999999985], [-9895590.3875, 6125182.759800002], [-9895563.3692, 6125198.6395], [-9895552.3282, 6125205.0988000035], [-9895535.6077, 6125214.857299998], [-9895523.7706, 6125221.753799997], [-9895518.3031, 6125224.894000001], [-9895506.9438, 6125231.472599998], [-9895501.1049, 6125234.811499998], [-9895491.4442, 6125240.3565], [-9895468.4068, 6125255.958400004], [-9895455.7735, 6125264.484499998], [-9895430.4005, 6125281.437799998], [-9895417.6612, 6125289.864699997], [-9895315.692, 6125356.9624999985], [-9895302.9525, 6125365.309900001], [-9895277.3142, 6125381.905599996], [-9895264.4685, 6125390.153999999], [-9895213.0328, 6125422.987599999], [-9895200.134, 6125431.136399999], [-9895174.2834, 6125447.374300003], [-9895161.3317, 6125455.443800002], [-9895057.5578, 6125519.621200003], [-9895051.0287, 6125523.636], [-9895037.9707, 6125531.6657000035], [-9895031.3887, 6125535.660599999], [-9895005.2195, 6125551.580799997], [-9894998.6906, 6125555.556000002], [-9894985.5795, 6125563.486299999], [-9894978.9975, 6125567.421700001], [-9894926.3939, 6125598.9243], [-9894919.7588, 6125602.879699998], [-9894906.4353, 6125610.790100001], [-9894899.8001, 6125614.7255000025], [-9894873.1534, 6125630.427100003], [-9894866.359, 6125634.4023], [-9894852.7702, 6125642.332800001], [-9894845.7634, 6125646.427100003], [-9894841.0923, 6125649.130099997], [-9894831.2723, 6125654.794799998], [-9894826.3356, 6125657.617200002], [-9894806.1647, 6125669.145199999], [-9894801.122, 6125672.027099997], [-9894791.0367, 6125677.7711], [-9894785.9938, 6125680.633199997], [-9894745.0682, 6125703.768799998], [-9894739.9724, 6125706.650700003], [-9894729.7278, 6125712.4146], [-9894724.5788, 6125715.276900001], [-9894704.0365, 6125726.725199997], [-9894698.9406, 6125729.5874999985], [-9894688.6429, 6125735.2919000015], [-9894683.4939, 6125738.134000003], [-9894600.6872, 6125783.749499999], [-9894590.3364, 6125789.433899999], [-9894569.5814, 6125800.723399997], [-9894559.1776, 6125806.348499998], [-9894517.5088, 6125828.709100001], [-9894507.1049, 6125834.274400003], [-9894486.2438, 6125845.345399998], [-9894475.7868, 6125850.831200004], [-9894391.9716, 6125894.638400003], [-9894381.5146, 6125900.084399998], [-9894360.4943, 6125910.936899997], [-9894349.9843, 6125916.323299997], [-9894307.8377, 6125937.770000003], [-9894297.3277, 6125943.0967999995], [-9894276.2013, 6125953.691], [-9894265.5851, 6125958.978100002], [-9894180.9204, 6126000.937399998], [-9894173.1174, 6126004.773500003], [-9894157.5117, 6126012.406000003], [-9894149.7086, 6126016.222199999], [-9894118.4969, 6126031.368299998], [-9894110.6939, 6126035.144699998], [-9894095.0348, 6126042.658200003], [-9894087.1789, 6126046.414899997], [-9894043.8646, 6126067.007200003], [-9894006.2299, 6126092.270300001], [-9893996.4098, 6126098.829599999], [-9893976.7167, 6126111.888800003], [-9893966.8437, 6126118.408399999], [-9893927.298, 6126144.327600002], [-9893917.3719, 6126150.7875000015], [-9893897.5726, 6126163.628200002], [-9893887.5934, 6126170.028499998], [-9893807.9713, 6126220.993000001], [-9893797.9922, 6126227.353699997], [-9893777.9804, 6126239.975599997], [-9893768.0011, 6126246.2766999975], [-9893727.8718, 6126271.321800001], [-9893717.8394, 6126277.543300003], [-9893697.7215, 6126289.966600001], [-9893687.6362, 6126296.148400001], [-9893606.8995, 6126345.364399999], [-9893601.8569, 6126348.445299998], [-9893591.6652, 6126354.6074], [-9893586.5694, 6126357.688299999], [-9893566.1861, 6126369.952600002], [-9893561.0904, 6126373.013800003], [-9893550.8988, 6126379.1162], [-9893545.803, 6126382.157499999], [-9893504.9303, 6126406.4476], [-9893499.7284, 6126409.5286], [-9893489.3775, 6126415.630999997], [-9893484.2286, 6126418.692100003], [-9893463.4738, 6126430.857199997], [-9893458.1658, 6126433.978], [-9893447.5494, 6126440.1598000005], [-9893441.976, 6126443.3999999985], [-9893436.8271, 6126446.361699998], [-9893426.0515, 6126452.5634], [-9893420.6903, 6126455.664300002], [-9893398.6085, 6126468.266900003], [-9893393.1412, 6126471.407300003], [-9893382.0473, 6126477.688699998], [-9893377.1107, 6126480.491499998], [-9893365.7513, 6126487.269699998], [-9893358.0014, 6126491.861400001], [-9893327.055, 6126510.168899998], [-9893318.2435, 6126515.337099999], [-9893300.7798, 6126525.534199998], [-9893291.9683, 6126530.662799999], [-9893277.6364, 6126538.9120000005], [-9893255.0767, 6126551.872299999], [-9893240.0017, 6126560.499300003], [-9893204.3842, 6126580.754799999], [-9893198.5453, 6126584.074500002], [-9893188.8845, 6126589.5407000035], [-9893183.0986, 6126592.820699997], [-9893165.7411, 6126602.600599997], [-9893159.9552, 6126605.860600002], [-9893150.2414, 6126611.287299998], [-9893144.4554, 6126614.547200002], [-9893124.3376, 6126625.758500002], [-9893119.6664, 6126628.362400003], [-9893110.3242, 6126633.5704], [-9893105.5999, 6126636.1545], [-9893086.8622, 6126646.511], [-9893082.1911, 6126649.095200002], [-9893072.7956, 6126654.243600003], [-9893068.0714, 6126656.807700001], [-9893030.4899, 6126677.322099999], [-9893025.7658, 6126679.886200003], [-9893016.3704, 6126684.9750000015], [-9893011.646, 6126687.519400001], [-9892992.8021, 6126697.697099999], [-9892988.0779, 6126700.221500002], [-9892978.6296, 6126705.2905], [-9892973.9053, 6126707.7951000035], [-9892898.2644, 6126748.068300001], [-9892888.816, 6126753.077600002], [-9892869.866, 6126763.056699999], [-9892860.3644, 6126768.026100002], [-9892822.3582, 6126787.7853000015], [-9892812.8036, 6126792.695200004], [-9892793.7474, 6126802.475299999], [-9892784.246, 6126807.345399998], [-9892707.8089, 6126846.108499996], [-9892698.2543, 6126850.939000003], [-9892679.0918, 6126860.540100001], [-9892669.5371, 6126865.311099999], [-9892631.1064, 6126884.314900003], [-9892621.4988, 6126889.026100002], [-9892602.2832, 6126898.448700003], [-9892592.6225, 6126903.119999997], [-9892515.4953, 6126940.3527000025], [-9892505.8346, 6126944.984499998], [-9892486.4599, 6126954.2082], [-9892477.1175, 6126958.621299997], [-9892475.6845, 6126959.456200004], [-9892466.6075, 6126964.763800003], [-9892461.9363, 6126967.4673999995], [-9892452.1164, 6126973.1329], [-9892447.1798, 6126975.955700003], [-9892427.0088, 6126987.485299997], [-9892421.9661, 6126990.367700003], [-9892411.8807, 6126996.112800002], [-9892406.838, 6126998.975299999], [-9892365.9124, 6127022.114200003], [-9892360.8166, 6127024.996799998], [-9892350.5186, 6127030.761600003], [-9892345.423, 6127033.6241], [-9892324.8805, 6127045.0744], [-9892319.7848, 6127047.936899997], [-9892309.487, 6127053.642200001], [-9892304.3381, 6127056.4848000035], [-9892221.5313, 6127102.107199997], [-9892211.1803, 6127107.792599998], [-9892190.3725, 6127119.083999999], [-9892179.9685, 6127124.709899999], [-9892138.3528, 6127147.073899999], [-9892127.8958, 6127152.640000001], [-9892107.0349, 6127163.692699999], [-9892096.5779, 6127169.199299999], [-9892012.7626, 6127213.0132], [-9892002.3056, 6127218.460199997], [-9891981.2854, 6127229.294500001], [-9891970.7753, 6127234.7016], [-9891928.6287, 6127256.131700002], [-9891918.0656, 6127261.479099996], [-9891896.9393, 6127272.074900001], [-9891886.3761, 6127277.362899996], [-9891801.6583, 6127319.328400001], [-9891791.0421, 6127324.537100002], [-9891769.8095, 6127334.9142], [-9891759.1933, 6127340.082800001], [-9891716.5691, 6127360.5986], [-9891705.8998, 6127365.687899999], [-9891684.5609, 6127375.8266], [-9891673.8917, 6127380.876100004], [-9891588.2715, 6127420.973399997], [-9891577.5492, 6127425.963200003], [-9891556.1044, 6127435.863499999], [-9891545.3289, 6127440.7936], [-9891502.3329, 6127460.375200003], [-9891491.5575, 6127465.245800003], [-9891469.9534, 6127474.907499999], [-9891459.178, 6127479.7184000015], [-9891372.7086, 6127517.9278], [-9891356.2534, 6127525.124300003], [-9891323.3429, 6127539.358499996], [-9891306.8347, 6127546.395999998], [-9891240.6955, 6127574.3276999965], [-9891224.134, 6127581.226099998], [-9891190.9583, 6127594.9234], [-9891174.3438, 6127601.7026999965], [-9891086.8128, 6127636.950400002], [-9891075.7189, 6127641.5429000035], [-9891069.1899, 6127644.266400002], [-9890997.5831, 6127673.729099996], [-9890988.6124, 6127677.387100004], [-9890970.671, 6127684.6633], [-9890961.7002, 6127688.301399998], [-9890925.7642, 6127702.694799997], [-9890916.7404, 6127706.293099999], [-9890898.7458, 6127713.410499997], [-9890889.722, 6127716.949100003], [-9890801.6602, 6127751.3423999995], [-9890796.1397, 6127753.489600003], [-9890785.0989, 6127757.7839], [-9890779.5253, 6127759.910999998], [-9890757.3903, 6127768.419799998], [-9890751.8699, 6127770.5471], [-9890740.7759, 6127774.7817], [-9890735.2023, 6127776.869199999], [-9890690.8265, 6127793.648400001], [-9890685.253, 6127795.755800001], [-9890674.0528, 6127799.9507], [-9890668.4262, 6127802.057899997], [-9890646.0258, 6127810.387999997], [-9890640.3462, 6127812.495300002], [-9890628.9337, 6127816.690099999], [-9890623.0418, 6127818.837300003], [-9890617.8398, 6127820.745800003], [-9890607.0112, 6127824.662299998], [-9890601.65, 6127826.610699996], [-9890579.6742, 6127834.503399998], [-9890574.1538, 6127836.471500002], [-9890563.1659, 6127840.388099998], [-9890557.6455, 6127842.336300001], [-9890513.2696, 6127858.0222999975], [-9890507.6961, 6127859.9705], [-9890496.6021, 6127863.8473000005], [-9890491.0285, 6127865.795699999], [-9890468.7875, 6127873.509400003], [-9890463.214, 6127875.437899999], [-9890452.1199, 6127879.255000003], [-9890446.5464, 6127881.163400002], [-9890357.0513, 6127911.6608000025], [-9890345.8512, 6127915.4580999985], [-9890323.4509, 6127922.953299999], [-9890312.2507, 6127926.670999996], [-9890282.8437, 6127936.3332], [-9890271.0598, 6127946.114699997], [-9890257.5771, 6127957.168499999], [-9890203.0095, 6128001.682400003], [-9890189.3145, 6128012.756099999], [-9890161.8184, 6128034.784400001], [-9890148.0172, 6128045.739200003], [-9890036.8651, 6128133.376000002], [-9890022.9047, 6128144.2711], [-9889994.9308, 6128165.961800002], [-9889980.9175, 6128176.7377], [-9889924.5983, 6128219.6620000005], [-9889910.4786, 6128230.318700001], [-9889882.1332, 6128251.552299999], [-9889867.9605, 6128262.109399997], [-9889791.7888, 6128318.2161], [-9889782.2342, 6128325.194499999], [-9889763.125, 6128339.112000003], [-9889753.5173, 6128346.050700001], [-9889715.1396, 6128373.6866], [-9889705.5318, 6128380.565800004], [-9889686.2633, 6128394.284500003], [-9889676.6025, 6128401.123899996], [-9889599.21, 6128455.541199997], [-9889589.5492, 6128462.321099997], [-9889570.1215, 6128475.821099997], [-9889560.4075, 6128482.541500002], [-9889521.3928, 6128509.322899997], [-9889511.6258, 6128516.003399998], [-9889492.092, 6128529.284699999], [-9889482.2718, 6128535.905500002], [-9889403.7648, 6128588.613899998], [-9889393.8917, 6128595.195100002], [-9889374.1984, 6128608.257799998], [-9889364.3253, 6128614.759499997], [-9889324.7798, 6128640.706500001], [-9889314.8536, 6128647.1483], [-9889295.0012, 6128660.012400001], [-9889285.075, 6128666.414800003], [-9889205.4, 6128717.394000001], [-9889195.4207, 6128723.736699998], [-9889175.409, 6128736.382200003], [-9889165.4297, 6128742.665100001], [-9889125.3004, 6128767.717500001], [-9889115.2681, 6128773.960900001], [-9889095.1502, 6128786.387599997], [-9889085.0648, 6128792.5713], [-9889004.2751, 6128841.801700003], [-9888999.2323, 6128844.883699998], [-9888989.0407, 6128851.047399998], [-9888983.9448, 6128854.109300002], [-9888963.5617, 6128866.3772], [-9888958.4659, 6128869.439300001], [-9888948.2744, 6128875.543399997], [-9888943.1785, 6128878.585500002], [-9888902.2529, 6128902.9026999995], [-9888897.104, 6128905.9648], [-9888886.753, 6128912.088799998], [-9888881.5512, 6128915.150899999], [-9888860.7964, 6128927.319399998], [-9888855.4883, 6128930.421300001], [-9888844.872, 6128936.624700002], [-9888839.2985, 6128939.845799997], [-9888832.2386, 6128943.9419], [-9888817.5352, 6128952.372400001], [-9888810.2098, 6128956.5678], [-9888780.272, 6128973.5879999995], [-9888772.7875, 6128977.823100001], [-9888757.8187, 6128986.273599997], [-9888750.3342, 6128990.488799997], [-9888689.7685, 6129024.310699999], [-9888682.1778, 6129028.525899999], [-9888666.9966, 6129036.9168], [-9888659.4061, 6129041.0923999995], [-9888628.9905, 6129057.774800003], [-9888621.3998, 6129061.910599999], [-9888606.1656, 6129070.202], [-9888598.5217, 6129074.317900002], [-9888475.904, 6129140.252300002], [-9888459.7143, 6129148.881800003], [-9888427.2285, 6129165.981899999], [-9888410.9326, 6129174.452600002], [-9888388.7976, 6129185.885799997], [-9888375.1027, 6129197.975199997], [-9888368.9453, 6129206.386], [-9888361.9384, 6129215.930399999], [-9888347.8721, 6129234.979199998], [-9888340.8121, 6129244.483800001], [-9888312.5199, 6129282.422600001], [-9888305.407, 6129291.907399997], [-9888291.1282, 6129310.797399998], [-9888283.9621, 6129320.222599998], [-9888226.5282, 6129395.4846], [-9888219.3091, 6129404.870099999], [-9888204.871, 6129423.621100001], [-9888197.5989, 6129432.966700003], [-9888168.4573, 6129470.289999999], [-9888161.132, 6129479.596000001], [-9888146.4816, 6129498.168200001], [-9888139.1033, 6129507.454400003], [-9888080.0239, 6129581.445500001], [-9888076.3082, 6129586.098399997], [-9888068.8237, 6129595.404600002], [-9888065.0549, 6129600.057700001], [-9888050.0329, 6129618.630199999], [-9888046.3172, 6129623.2831000015], [-9888038.7797, 6129632.549599998], [-9888035.0109, 6129637.182800002], [-9888004.7545, 6129674.168899998], [-9888000.9327, 6129678.8816], [-9887993.2359, 6129688.2673999965], [-9887989.3611, 6129692.960199997], [-9887973.8613, 6129711.692000002], [-9887969.8802, 6129716.524099998], [-9887961.812, 6129726.2082], [-9887956.1321, 6129732.989], [-9887947.2146, 6129743.667300001], [-9887931.3963, 6129762.3992], [-9887921.8417, 6129773.654100001], [-9887894.1862, 6129806.166699998], [-9887890.9484, 6129809.984700002], [-9887884.4194, 6129817.620700002], [-9887881.1283, 6129821.438600004], [-9887868.0173, 6129836.690800004], [-9887864.7262, 6129840.508699998], [-9887858.1972, 6129848.104999997], [-9887854.9062, 6129851.903099999], [-9887801.6656, 6129913.309799999], [-9887794.9773, 6129920.965599999], [-9887781.6009, 6129936.257600002], [-9887774.8596, 6129943.873899996], [-9887748.0005, 6129974.318899997], [-9887741.206, 6129981.9152000025], [-9887727.7235, 6129997.0682], [-9887720.929, 6130004.644699998], [-9887666.5208, 6130065.018299997], [-9887659.7263, 6130072.554899998], [-9887646.0845, 6130087.5886999965], [-9887639.2369, 6130095.085699998], [-9887611.7409, 6130125.014300004], [-9887604.8402, 6130132.491499998], [-9887591.0391, 6130147.386200003], [-9887584.1385, 6130154.823600002], [-9887528.6155, 6130214.184], [-9887518.3177, 6130225.101499997], [-9887497.6691, 6130246.897], [-9887487.3183, 6130257.735100001], [-9887445.7026, 6130301.0079], [-9887435.2987, 6130311.806400001], [-9887414.3315, 6130333.2839], [-9887403.8214, 6130344.002599999], [-9887319.4223, 6130429.376199998], [-9887300.4723, 6130448.288699999], [-9887262.4129, 6130485.894699998], [-9887243.3037, 6130504.5088], [-9887201.0511, 6130545.197700001], [-9887185.6044, 6130560.2919000015], [-9887163.4695, 6130581.948899999], [-9887154.4457, 6130590.7192], [-9887136.345, 6130608.200199999], [-9887127.268, 6130616.910700001], [-9887090.9073, 6130651.673600003], [-9887081.7774, 6130660.324699998], [-9887063.5174, 6130677.606700003], [-9887054.3344, 6130686.218000002], [-9886993.6094, 6130742.897200003], [-9886988.3543, 6130747.769699998], [-9886977.8973, 6130757.4947], [-9886972.6422, 6130762.347199999], [-9886951.6221, 6130781.737599999], [-9886946.3139, 6130786.570299998], [-9886935.8039, 6130796.215800002], [-9886930.4957, 6130801.0286], [-9886888.19, 6130839.511299998], [-9886882.8819, 6130844.304300003], [-9886872.2656, 6130853.890100002], [-9886866.9574, 6130858.6831], [-9886845.6719, 6130877.775399998], [-9886840.3637, 6130882.548500001], [-9886829.6944, 6130892.055], [-9886824.1738, 6130896.9076000005], [-9886812.2837, 6130907.448100001], [-9886802.9415, 6130915.7016], [-9886788.7687, 6130928.171300001], [-9886779.1079, 6130936.6635000035], [-9886748.2146, 6130963.691200003], [-9886717.8521, 6130990.162299998], [-9886696.0358, 6131009.1554000005], [-9886686.1095, 6131017.747100003], [-9886669.6544, 6131031.967200004], [-9886659.7813, 6131040.4794000015], [-9886630.0556, 6131065.936399996], [-9886619.9172, 6131074.547899999], [-9886602.9843, 6131088.947099999], [-9886594.1727, 6131096.405100003], [-9886590.404, 6131099.587300003], [-9886585.3082, 6131103.863200001], [-9886574.6388, 6131112.813100003], [-9886569.2776, 6131117.2880000025], [-9886547.249, 6131135.5852999985], [-9886541.7285, 6131140.159599997], [-9886530.6875, 6131149.2685], [-9886525.1672, 6131153.822999999], [-9886480.3133, 6131190.576899998], [-9886474.7398, 6131195.171300001], [-9886463.4866, 6131204.32], [-9886457.86, 6131208.874499999], [-9886435.3535, 6131227.112300001], [-9886429.6739, 6131231.647], [-9886418.4206, 6131240.736000001], [-9886412.741, 6131245.2707], [-9886338.9049, 6131304.181199998], [-9886334.7115, 6131307.522600003], [-9886326.3246, 6131314.185199998], [-9886322.1312, 6131317.506700002], [-9886305.3045, 6131330.772699997], [-9886301.1111, 6131334.0940999985], [-9886292.6712, 6131340.6972], [-9886288.4778, 6131343.9987], [-9886254.771, 6131370.391400002], [-9886250.5245, 6131373.673], [-9886242.0846, 6131380.256300002], [-9886237.8381, 6131383.537900001], [-9886220.9052, 6131396.6448], [-9886216.6587, 6131399.9067], [-9886208.2188, 6131406.450000003], [-9886203.9723, 6131409.711900003], [-9886172.9198, 6131433.459399998], [-9886165.966, 6131438.769900002], [-9886152.0588, 6131449.3510000035], [-9886145.052, 6131454.621600002], [-9886117.1313, 6131475.684199996], [-9886110.1246, 6131480.935000002], [-9886096.1112, 6131491.396700002], [-9886089.1044, 6131496.607699998], [-9886032.8914, 6131538.256099999], [-9886025.8316, 6131543.447099999], [-9886011.7651, 6131553.8094], [-9886004.7052, 6131558.9608], [-9885976.4128, 6131579.566399999], [-9885969.353, 6131584.697800003], [-9885955.1273, 6131594.940700002], [-9885948.0675, 6131600.052500002], [-9885902.8953, 6131632.373000003], [-9885898.0649, 6131635.833899997], [-9885888.4042, 6131642.695699997], [-9885883.5737, 6131646.116599999], [-9885864.2521, 6131659.820500001], [-9885859.4217, 6131663.241700001], [-9885849.7078, 6131670.043899998], [-9885844.8775, 6131673.445], [-9885806.022, 6131700.614500001], [-9885801.1915, 6131704.015500002], [-9885791.4246, 6131710.777999997], [-9885786.5943, 6131714.159400001], [-9885767.0604, 6131727.624700002], [-9885762.1768, 6131730.986100003], [-9885752.463, 6131737.708800003], [-9885747.5265, 6131741.050499998], [-9885681.334, 6131786.299800001], [-9885670.9832, 6131793.360699996], [-9885653.6787, 6131805.075999998], [-9885643.2748, 6131812.097099997], [-9885612.063, 6131833.061099999], [-9885601.6591, 6131840.0427], [-9885584.3014, 6131851.618600003], [-9885573.8445, 6131858.5603], [-9885558.1855, 6131868.9032000005], [-9885553.249, 6131872.145300001], [-9885543.3758, 6131878.629500002], [-9885538.4393, 6131881.871600002], [-9885518.693, 6131894.780199997], [-9885513.7565, 6131898.002499998], [-9885503.8303, 6131904.427000001], [-9885498.8937, 6131907.629299998], [-9885459.242, 6131933.228], [-9885454.2523, 6131936.430500001], [-9885444.3262, 6131942.795400001], [-9885439.3365, 6131945.977899998], [-9885419.431, 6131958.667800002], [-9885414.4945, 6131961.850199997], [-9885404.5151, 6131968.1554000005], [-9885399.5256, 6131971.318000004], [-9885377.4437, 6131985.2214], [-9885368.5793, 6131990.7907000035], [-9885353.7696, 6132000.059799999], [-9885344.8518, 6132005.609300002], [-9885318.152, 6132022.197899997], [-9885309.2342, 6132027.7075999975], [-9885294.3716, 6132036.876999997], [-9885285.4539, 6132042.366700001], [-9885223.8796, 6132080.0396], [-9885218.2, 6132083.520400003], [-9885206.7874, 6132090.442400001], [-9885201.1077, 6132093.903300002], [-9885178.2827, 6132107.667599998], [-9885172.603, 6132111.108800001], [-9885161.1376, 6132117.971199997], [-9885155.4048, 6132121.372299999], [-9885109.6488, 6132148.622599997], [-9885103.9159, 6132152.044], [-9885092.3442, 6132158.866400003], [-9885086.6115, 6132162.267800003], [-9885063.5741, 6132175.7936], [-9885057.6821, 6132179.2148], [-9885046.1104, 6132185.9777000025], [-9885040.2184, 6132189.379100002], [-9885000.7791, 6132212.174000002], [-9884996.3201, 6132214.7597], [-9884987.4025, 6132219.891599998], [-9884982.9437, 6132222.437700003], [-9884965.1615, 6132232.601999998], [-9884960.6496, 6132235.187899999], [-9884951.6257, 6132240.299800001], [-9884947.1139, 6132242.865699999], [-9884939.7355, 6132247.062799998], [-9884930.977, 6132252.154799998], [-9884926.7306, 6132254.621399999], [-9884911.6555, 6132263.254000001], [-9884880.9746, 6132280.698600002], [-9884865.6341, 6132289.351199999], [-9884803.582, 6132323.961800002], [-9884788.0293, 6132332.554899998], [-9884756.8174, 6132349.6215], [-9884741.2115, 6132358.095200002], [-9884615.462, 6132425.546700001], [-9884599.7499, 6132433.9011999965], [-9884568.1665, 6132450.510600001], [-9884552.3484, 6132458.7456], [-9884488.9162, 6132491.427299999], [-9884473.045, 6132499.543200001], [-9884450.8569, 6132510.762100004], [-9884411.2582, 6132565.961599998], [-9884389.3357, 6132598.345399998], [-9884380.5774, 6132610.658299997], [-9884363.0075, 6132635.244599998], [-9884354.1429, 6132647.498199999], [-9884318.5784, 6132696.4125000015], [-9884309.6607, 6132708.606399998], [-9884291.7192, 6132732.934500001], [-9884282.6954, 6132745.068700001], [-9884226.217, 6132820.579800002], [-9884220.7495, 6132827.880199999], [-9884209.7088, 6132842.4811], [-9884204.1882, 6132849.761799999], [-9884182.0534, 6132878.864500001], [-9884176.4799, 6132886.125200003], [-9884165.386, 6132900.626900002], [-9884159.7591, 6132907.867600001], [-9884114.9587, 6132965.695600003], [-9884109.3852, 6132972.896700002], [-9884098.1319, 6132987.318999998], [-9884092.4522, 6132994.500299998], [-9884069.8396, 6133023.2255000025], [-9884063.6291, 6133031.023400001], [-9884049.9873, 6133048.190899998], [-9883999.4007, 6133111.549999997], [-9883995.7381, 6133116.065700002], [-9883988.3598, 6133125.256200001], [-9883984.6973, 6133129.851599999], [-9883969.8875, 6133148.212800004], [-9883966.1718, 6133152.788400002], [-9883958.7404, 6133161.939199999], [-9883955.0248, 6133166.514600001], [-9883925.1931, 6133203.0385000035], [-9883921.4243, 6133207.5940999985], [-9883913.9399, 6133216.7250000015], [-9883910.2241, 6133221.280599996], [-9883895.2022, 6133239.4629999995], [-9883891.4334, 6133244.018600002], [-9883883.8959, 6133253.109899998], [-9883880.074, 6133257.6853], [-9883871.8463, 6133267.532499999], [-9883868.29, 6133271.730099998], [-9883860.9117, 6133280.5229], [-9883857.196, 6133284.939300001], [-9883842.1209, 6133302.823600002], [-9883838.3522, 6133307.299599998], [-9883830.7615, 6133316.231799997], [-9883826.9397, 6133320.687899999], [-9883796.2586, 6133356.615599997], [-9883792.4368, 6133361.111599997], [-9883784.74, 6133370.0836], [-9883780.8651, 6133374.559699997], [-9883765.4184, 6133392.443999998], [-9883761.5966, 6133396.900200002], [-9883753.8467, 6133405.8325999975], [-9883749.9718, 6133410.288800001], [-9883694.4488, 6133473.869099997], [-9883690.5738, 6133478.285700001], [-9883682.8239, 6133487.138400003], [-9883678.949, 6133491.574900001], [-9883663.3432, 6133509.240599997], [-9883659.4681, 6133513.637100004], [-9883651.6123, 6133522.450199999], [-9883647.7372, 6133526.866599999], [-9883616.3663, 6133562.019400001], [-9883612.4382, 6133566.415899999], [-9883604.5821, 6133575.169299997], [-9883600.6011, 6133579.566], [-9883584.8359, 6133597.053000003], [-9883580.908, 6133601.4098000005], [-9883572.9987, 6133610.143200003], [-9883569.0177, 6133614.500200003], [-9883562.1172, 6133622.099699996], [-9883558.083, 6133626.496299997], [-9883550.0147, 6133635.2698], [-9883546.0334, 6133639.646399997], [-9883529.8968, 6133657.153300002], [-9883525.8626, 6133661.530100003], [-9883517.7413, 6133670.243900001], [-9883513.7071, 6133674.600599997], [-9883481.2213, 6133709.435699999], [-9883477.1872, 6133713.772600003], [-9883469.0657, 6133722.466600001], [-9883464.9785, 6133726.803599998], [-9883448.6295, 6133744.131700002], [-9883444.5422, 6133748.448700003], [-9883436.3676, 6133757.082999997], [-9883432.2804, 6133761.3999999985], [-9883373.9971, 6133822.575999998], [-9883369.91, 6133826.833300002], [-9883361.7885, 6133835.328500003], [-9883357.7012, 6133839.566], [-9883341.4052, 6133856.536200002], [-9883337.3178, 6133860.754000001], [-9883329.0904, 6133869.2092999965], [-9883325.0032, 6133873.446900003], [-9883292.1458, 6133907.1686], [-9883288.0586, 6133911.386200003], [-9883279.831, 6133919.781999998], [-9883275.6907, 6133923.979800001], [-9883259.1824, 6133940.7711], [-9883255.042, 6133944.949000001], [-9883246.7613, 6133953.324900001], [-9883242.6209, 6133957.502700001], [-9883235.455, 6133964.704800002], [-9883231.2616, 6133968.922399998], [-9883222.8216, 6133977.338100001], [-9883218.6283, 6133981.535899997], [-9883201.7483, 6133998.327299997], [-9883197.5019, 6134002.525200002], [-9883189.0088, 6134010.901000001], [-9883184.7625, 6134015.079000004], [-9883150.8434, 6134048.483000003], [-9883146.5438, 6134052.641099997], [-9883138.0509, 6134060.9772000015], [-9883133.8043, 6134065.135300003], [-9883116.7122, 6134081.727899998], [-9883112.4656, 6134085.886], [-9883103.8666, 6134094.1625000015], [-9883099.62, 6134098.300700001], [-9883038.6295, 6134156.932499997], [-9883034.3832, 6134161.010899998], [-9883025.8901, 6134169.128300004], [-9883021.6436, 6134173.187100001], [-9883004.6046, 6134189.401799999], [-9883000.3049, 6134193.460600004], [-9882991.7588, 6134201.538099997], [-9882987.5123, 6134205.577], [-9882953.2219, 6134237.827799998], [-9882948.9753, 6134241.846699998], [-9882940.3762, 6134249.884499997], [-9882936.0766, 6134253.903399996], [-9882918.8251, 6134269.919299997], [-9882914.5256, 6134273.938299999], [-9882905.9264, 6134281.916599996], [-9882901.5737, 6134285.915600002], [-9882894.1954, 6134292.719999999], [-9882889.7896, 6134296.738899998], [-9882881.0313, 6134304.796599999], [-9882876.6255, 6134308.815800004], [-9882859.0026, 6134324.851800002], [-9882854.5969, 6134328.850699998], [-9882845.7853, 6134336.8488000035], [-9882841.3265, 6134340.847900003], [-9882805.9213, 6134372.741099998], [-9882801.5156, 6134376.7201000005], [-9882792.651, 6134384.678599998], [-9882788.1921, 6134388.638099998], [-9882770.4099, 6134404.495200001], [-9882765.9511, 6134408.454400003], [-9882757.0334, 6134416.353100002], [-9882752.5747, 6134420.292499997], [-9882688.9833, 6134476.300099999], [-9882684.4712, 6134480.299400002], [-9882675.3945, 6134488.2579], [-9882670.8295, 6134492.217100002], [-9882652.6224, 6134508.094300002], [-9882648.0576, 6134512.0537], [-9882638.9276, 6134519.972400002], [-9882634.3626, 6134523.911799997], [-9882597.7364, 6134555.4476], [-9882593.1184, 6134559.406999998], [-9882583.9354, 6134567.325800002], [-9882579.2642, 6134571.2651999965], [-9882560.7919, 6134587.0233], [-9882556.0677, 6134591.022399999], [-9882546.6723, 6134598.980999999], [-9882541.8419, 6134603.059699997], [-9882533.2959, 6134610.2820999995], [-9882528.9963, 6134613.863499999], [-9882520.4501, 6134621.026299998], [-9882516.1506, 6134624.607699998], [-9882499.0584, 6134638.873400003], [-9882494.7589, 6134642.435000002], [-9882486.1596, 6134649.538099997], [-9882481.8601, 6134653.099600002], [-9882447.5696, 6134681.392499998], [-9882443.27, 6134684.934199996], [-9882434.6708, 6134691.977499999], [-9882430.3182, 6134695.499399997], [-9882413.1198, 6134709.566399999], [-9882408.7671, 6134713.0879999995], [-9882400.168, 6134720.091700003], [-9882395.8153, 6134723.593500003], [-9882332.1708, 6134774.987000003], [-9882328.1899, 6134778.190499999], [-9882320.2276, 6134784.557499997], [-9882316.2995, 6134787.740999997], [-9882300.3752, 6134800.4750000015], [-9882296.3941, 6134803.638599999], [-9882288.4319, 6134809.985799998], [-9882284.3978, 6134813.149300002], [-9882252.496, 6134838.458300002], [-9882248.4617, 6134841.622000001], [-9882240.4465, 6134847.909400001], [-9882236.4653, 6134851.073100001], [-9882220.4349, 6134863.648100004], [-9882216.4006, 6134866.771899998], [-9882208.3853, 6134873.039300002], [-9882204.3512, 6134876.183200002], [-9882194.6373, 6134883.744099997], [-9882186.9936, 6134889.653399996], [-9882174.2541, 6134899.502700001], [-9882166.5573, 6134905.392099999], [-9882143.573, 6134923.060999997], [-9882135.8763, 6134928.930600002], [-9882123.0838, 6134938.700300001], [-9882115.3869, 6134944.550099999], [-9882104.6114, 6134952.707800001], [-9882094.2605, 6134960.507600002], [-9882077.0623, 6134973.440899998], [-9882066.7114, 6134981.181000002], [-9882035.6058, 6135004.361500002], [-9882025.2019, 6135012.0616], [-9882007.8973, 6135024.875699997], [-9881997.4935, 6135032.5361], [-9881946.3231, 6135070.023100004], [-9881942.1827, 6135073.047499999], [-9881933.9553, 6135079.096500002], [-9881929.7617, 6135082.1010000035], [-9881913.2003, 6135094.1391], [-9881909.06, 6135097.143600002], [-9881900.7263, 6135103.1526999995], [-9881896.5859, 6135106.137400001], [-9881863.304, 6135130.054200001], [-9881859.1637, 6135133.039099999], [-9881850.8298, 6135139.008400001], [-9881846.6365, 6135141.973099999], [-9881829.9158, 6135153.8521], [-9881825.7755, 6135156.816799998], [-9881817.3888, 6135162.746399999], [-9881813.1953, 6135165.691200003], [-9881750.2939, 6135209.983800001], [-9881743.2872, 6135214.918499999], [-9881729.1677, 6135224.7678999975], [-9881722.1609, 6135229.662900001], [-9881693.8685, 6135249.242600001], [-9881686.8087, 6135254.117399998], [-9881672.636, 6135263.8477], [-9881665.5232, 6135268.682700001], [-9881608.7262, 6135307.384599999], [-9881601.6133, 6135312.1998], [-9881587.3875, 6135321.810699999], [-9881580.2215, 6135326.606200002], [-9881551.6638, 6135345.728399999], [-9881544.551, 6135350.483999997], [-9881530.219, 6135359.995499998], [-9881523.053, 6135364.731299996], [-9881518.7534, 6135367.516900003], [-9881514.4539, 6135370.362300001], [-9881505.8015, 6135376.013499998], [-9881501.5021, 6135378.839100003], [-9881484.1975, 6135390.101599999], [-9881479.8449, 6135392.907200001], [-9881471.1925, 6135398.538400002], [-9881466.84, 6135401.324100003], [-9881432.1248, 6135423.7097999975], [-9881427.7721, 6135426.4956], [-9881419.0668, 6135432.067000002], [-9881414.7141, 6135434.853], [-9881397.3035, 6135445.956200004], [-9881392.9508, 6135448.722199999], [-9881384.2455, 6135454.254000001], [-9881379.8927, 6135457.0198], [-9881309.6131, 6135501.333800003], [-9881302.978, 6135505.512500003], [-9881291.884, 6135512.4570999965], [-9881285.2489, 6135516.635799997], [-9881265.2372, 6135529.112300001], [-9881258.5491, 6135533.2711], [-9881247.455, 6135540.175999999], [-9881240.7667, 6135544.2949], [-9881197.5054, 6135570.9991], [-9881191.1358, 6135574.938900001], [-9881178.3431, 6135582.759099998], [-9881171.9733, 6135586.659400001], [-9881146.3352, 6135602.220200002], [-9881139.9122, 6135606.100400001], [-9881127.1197, 6135613.841200002], [-9881120.6969, 6135617.701499999], [-9881069.2611, 6135648.484999999], [-9881062.3075, 6135652.604099996], [-9881048.4533, 6135660.842299998], [-9881041.4996, 6135664.941500001], [-9881013.7912, 6135681.258599997], [-9881006.7313, 6135685.397600003], [-9880992.7711, 6135693.5363000035], [-9880985.7113, 6135697.635399997], [-9880968.7252, 6135707.425899997], [-9880921.0583, 6135734.846699998], [-9880916.7056, 6135737.334200002], [-9880908.1595, 6135742.209600002], [-9880903.913, 6135744.6570999995], [-9880886.9269, 6135754.2883], [-9880882.6804, 6135756.696000002], [-9880874.1874, 6135761.511699997], [-9880869.9409, 6135763.8994999975], [-9880834.1112, 6135784.057499997], [-9880823.1763, 6135790.186399996], [-9880805.3941, 6135800.116300002], [-9880743.4483, 6135834.700999998], [-9880727.6832, 6135843.397200003], [-9880696.1529, 6135860.6699], [-9880680.3346, 6135869.2465], [-9880554.0012, 6135937.044100001], [-9880538.1299, 6135945.461599998], [-9880506.4403, 6135962.157499999], [-9880490.5161, 6135970.435900003], [-9880426.7654, 6136003.290100001], [-9880410.7879, 6136011.449100003], [-9880378.78, 6136027.6076000035], [-9880362.7493, 6136035.6272], [-9880277.2885, 6136077.914499998], [-9880271.9273, 6136080.541299999], [-9880261.2049, 6136085.8147], [-9880255.8967, 6136088.421700001], [-9880234.4519, 6136098.8891], [-9880229.0907, 6136101.495999999], [-9880218.3683, 6136106.689800002], [-9880213.0071, 6136109.276799999], [-9880170.0113, 6136129.952799998], [-9880164.65, 6136132.520000003], [-9880153.8745, 6136137.6743], [-9880148.5132, 6136140.221299998], [-9880126.9622, 6136150.450099997], [-9880121.548, 6136152.997199997], [-9880110.7726, 6136158.071800001], [-9880105.3582, 6136160.598999999], [-9880078.4461, 6136173.195699997], [-9880073.0848, 6136175.683300003], [-9880062.4686, 6136180.618600003], [-9880057.1074, 6136183.086199999], [-9880035.8217, 6136192.9168], [-9880030.4606, 6136195.364600003], [-9880019.7912, 6136200.2601], [-9880014.43, 6136202.687799998], [-9879971.6996, 6136222.110600002], [-9879966.3383, 6136224.538199998], [-9879955.6691, 6136229.3543], [-9879950.3078, 6136231.762100004], [-9879928.863, 6136241.3741], [-9879923.5018, 6136243.7619], [-9879912.7794, 6136248.518200003], [-9879907.4181, 6136250.906199999], [-9879821.5327, 6136288.816399999], [-9879803.9627, 6136296.478], [-9879768.7698, 6136311.622199997], [-9879751.147, 6136319.124899998], [-9879680.5488, 6136348.796400003], [-9879662.8727, 6136356.139799997], [-9879627.4145, 6136370.667099997], [-9879609.6852, 6136377.851300001], [-9879564.3538, 6136395.980599999], [-9879552.2513, 6136400.975900002], [-9879529.161, 6136410.4287], [-9879517.5893, 6136415.1052], [-9879471.3554, 6136433.732500002], [-9879459.7307, 6136438.3693], [-9879436.5342, 6136447.543499999], [-9879424.9094, 6136452.120700002], [-9879377.5078, 6136470.568700001], [-9879364.4498, 6136475.623599999], [-9879317.1544, 6136493.852799997], [-9879308.2367, 6136497.275700003], [-9879290.4545, 6136504.022], [-9879281.5369, 6136507.385300003], [-9879245.9723, 6136520.7588], [-9879236.9485, 6136524.1022000015], [-9879218.9539, 6136530.769000001], [-9879209.7709, 6136534.152099997], [-9879201.1718, 6136537.256700002], [-9879183.655, 6136543.5852999985], [-9879174.8965, 6136546.709700003], [-9879139.4382, 6136559.327], [-9879130.5737, 6136562.451499999], [-9879112.7914, 6136568.680399999], [-9879103.8738, 6136571.804899998], [-9879056.1007, 6136588.322700001], [-9879042.8303, 6136592.880099997], [-9878994.4733, 6136609.418099999], [-9878982.7424, 6136613.3983], [-9878959.2804, 6136621.278999999], [-9878947.4963, 6136625.179700002], [-9878900.5194, 6136640.662799999], [-9878880.4016, 6136647.190399997], [-9878840.0599, 6136660.046700001], [-9878819.8359, 6136666.355300002], [-9878809.432, 6136669.559600003], [-9878770.3642, 6136682.555], [-9878748.4946, 6136689.699500002], [-9878704.7026, 6136703.750100002], [-9878695.3602, 6136706.695500001], [-9878692.2285, 6136710.078500003], [-9878686.8673, 6136715.8103], [-9878676.1979, 6136727.293399997], [-9878670.8367, 6136733.024800003], [-9878665.2101, 6136739.035099998], [-9878659.7428, 6136744.806599997], [-9878648.8611, 6136756.329499997], [-9878643.4468, 6136762.081], [-9878621.5773, 6136785.027599998], [-9878616.1099, 6136790.759099998], [-9878605.1222, 6136802.182800002], [-9878599.6546, 6136807.894500002], [-9878555.5972, 6136853.4692], [-9878550.0768, 6136859.161200002], [-9878539.036, 6136870.5251], [-9878533.5155, 6136876.196999997], [-9878511.3275, 6136898.825499997], [-9878505.7539, 6136904.457699999], [-9878494.66, 6136915.741999999], [-9878489.0864, 6136921.374200001], [-9878399.6975, 6137011.211800002], [-9878388.4974, 6137022.416599996], [-9878365.991, 6137044.7070999965], [-9878354.6847, 6137055.8323], [-9878309.3533, 6137100.094999999], [-9878297.9409, 6137111.120899998], [-9878275.1159, 6137133.0929000005], [-9878263.6503, 6137144.0392], [-9878171.7134, 6137231.232199997], [-9878160.1948, 6137242.098999999], [-9878137.0514, 6137263.733199999], [-9878125.4267, 6137274.500600003], [-9878078.8213, 6137317.430699997], [-9878067.0903, 6137328.118600003], [-9878043.6284, 6137349.4146], [-9878031.8975, 6137360.0229], [-9877937.4127, 6137444.4912], [-9877931.4676, 6137449.785400003], [-9877919.5774, 6137460.3539], [-9877913.5793, 6137465.648199998], [-9877889.6926, 6137486.705700003], [-9877883.6945, 6137491.960199997], [-9877871.698, 6137502.449299999], [-9877865.7, 6137507.683799997], [-9877817.6083, 6137549.440800004], [-9877811.504, 6137554.7151999995], [-9877799.2952, 6137565.224200003], [-9877793.1909, 6137570.478699997], [-9877768.7204, 6137591.417000003], [-9877762.4569, 6137596.751199998], [-9877749.8766, 6137607.3994999975], [-9877743.3476, 6137612.932800002], [-9877739.3133, 6137616.316299997], [-9877730.7142, 6137623.521499999], [-9877726.4146, 6137627.123800002], [-9877708.6325, 6137641.952], [-9877704.1736, 6137645.653999999], [-9877695.2559, 6137653.0383], [-9877690.7972, 6137656.7206000015], [-9877654.5427, 6137686.615699999], [-9877649.9776, 6137690.357699998], [-9877640.9007, 6137697.801700003], [-9877636.3358, 6137701.523500003], [-9877618.1288, 6137716.371699996], [-9877613.5639, 6137720.093800001], [-9877604.4338, 6137727.477899998], [-9877599.8689, 6137731.180200003], [-9877526.139, 6137790.6329], [-9877516.9029, 6137798.037100002], [-9877498.3775, 6137812.8059], [-9877489.0883, 6137820.170299999], [-9877451.9315, 6137849.488899998], [-9877442.589, 6137856.793700002], [-9877423.9045, 6137871.343599997], [-9877414.5621, 6137878.6087], [-9877339.5583, 6137936.430200003], [-9877330.163, 6137943.635600001], [-9877311.319, 6137957.986500002], [-9877301.8706, 6137965.132299997], [-9877264.0768, 6137993.635200001], [-9877254.5752, 6138000.740999997], [-9877235.572, 6138014.892999999], [-9877226.0705, 6138021.939199999], [-9877149.8458, 6138078.109899998], [-9877140.2912, 6138085.096199997], [-9877121.1289, 6138099.0293999985], [-9877111.5212, 6138105.976199999], [-9877073.0903, 6138133.643700004], [-9877063.4826, 6138140.530699998], [-9877044.2141, 6138154.265000001], [-9877034.5003, 6138161.092299998], [-9876957.0546, 6138215.591700003], [-9876947.3407, 6138222.379199997], [-9876927.9131, 6138235.894699998], [-9876918.1992, 6138242.622500002], [-9876879.1314, 6138269.434699997], [-9876869.3644, 6138276.122699998], [-9876849.7773, 6138289.419200003], [-9876839.9573, 6138296.047700003], [-9876761.344, 6138348.816100001], [-9876751.5239, 6138355.384800002], [-9876731.7778, 6138368.482500002], [-9876721.9045, 6138374.991499998], [-9876682.3059, 6138400.947999999], [-9876672.3797, 6138407.417300001], [-9876652.4743, 6138420.295999996], [-9876642.548, 6138426.685599998], [-9876562.767, 6138477.743100002], [-9876552.7876, 6138484.093000002], [-9876532.776, 6138496.752800003], [-9876522.7435, 6138503.043099999], [-9876482.6142, 6138528.123999998], [-9876472.5288, 6138534.374499999], [-9876452.411, 6138546.795599997], [-9876442.3255, 6138552.986199997], [-9876361.4297, 6138602.2727999985], [-9876356.3338, 6138605.3781], [-9876346.1954, 6138611.5288999975], [-9876341.0995, 6138614.614399999], [-9876320.6633, 6138626.896200001], [-9876315.5674, 6138629.961800002], [-9876305.3758, 6138636.072800003], [-9876300.227, 6138639.118500002], [-9876259.3012, 6138663.463399999], [-9876254.1524, 6138666.528999999], [-9876243.7484, 6138672.659900002], [-9876238.5466, 6138675.705499999], [-9876217.7917, 6138687.907799996], [-9876212.4835, 6138691.0132], [-9876201.8673, 6138697.223999999], [-9876196.2938, 6138700.448799998], [-9876191.6226, 6138703.1559000015], [-9876181.7495, 6138708.829099998], [-9876176.8129, 6138711.6558], [-9876156.6422, 6138723.201300003], [-9876151.5993, 6138726.087700002], [-9876141.5139, 6138731.840499997], [-9876136.4181, 6138734.707000002], [-9876095.4394, 6138757.877700001], [-9876090.3436, 6138760.763999999], [-9876080.0458, 6138766.516900003], [-9876074.9499, 6138769.403399996], [-9876054.4076, 6138780.8693], [-9876049.2587, 6138783.7359], [-9876038.9608, 6138789.429099999], [-9876033.8119, 6138792.295699999], [-9875950.8991, 6138837.980499998], [-9875940.4951, 6138843.673699997], [-9875919.6873, 6138854.9804000035], [-9875909.2834, 6138860.614], [-9875867.5614, 6138883.008699998], [-9875857.1044, 6138888.562600002], [-9875836.1905, 6138899.6504999995], [-9875825.7334, 6138905.1646], [-9875741.8118, 6138949.038699999], [-9875731.3549, 6138954.493100002], [-9875710.2816, 6138965.342200004], [-9875699.7714, 6138970.7368], [-9875657.5719, 6138992.216200002], [-9875647.0087, 6138997.550999999], [-9875625.8294, 6139008.181400001], [-9875615.266, 6139013.456500001], [-9875530.4422, 6139055.479800001], [-9875519.8261, 6139060.715400003], [-9875498.5404, 6139071.106700003], [-9875487.871, 6139076.262599997], [-9875445.2468, 6139096.806699999], [-9875434.5775, 6139101.922600001], [-9875413.1857, 6139112.075199999], [-9875402.4633, 6139117.1316], [-9875316.737, 6139157.284100004], [-9875306.0147, 6139162.280699998], [-9875284.5167, 6139172.194399998], [-9875273.7412, 6139177.131399997], [-9875230.6923, 6139196.740000002], [-9875219.9167, 6139201.597199999], [-9875198.3126, 6139211.292000003], [-9875187.4842, 6139216.109499998], [-9875100.9085, 6139254.371299997], [-9875090.08, 6139259.129199997], [-9875068.3697, 6139268.585199997], [-9875057.488, 6139273.263499998], [-9875014.0145, 6139291.9366], [-9875003.0797, 6139296.574900001], [-9874981.3165, 6139305.772100002], [-9874970.3816, 6139310.3510000035], [-9874882.9568, 6139346.721900001], [-9874872.022, 6139351.221000001], [-9874850.1525, 6139360.199299999], [-9874839.1648, 6139364.6586000025], [-9874795.2666, 6139382.356399998], [-9874784.2788, 6139386.756099999], [-9874762.3031, 6139395.495399997], [-9874751.2622, 6139399.815399997], [-9874663.0942, 6139434.255800001], [-9874657.5737, 6139436.405699998], [-9874650.7263, 6139439.073399998], [-9874646.9575, 6139441.263300002], [-9874641.6494, 6139444.348899998], [-9874631.9885, 6139449.923], [-9874612.1893, 6139461.250699997], [-9874602.263, 6139466.904600002], [-9874562.0275, 6139489.6391], [-9874551.9419, 6139495.292999998], [-9874531.7711, 6139506.560800001], [-9874524.1274, 6139510.900799997], [-9874518.3945, 6139514.324900001], [-9874510.2731, 6139519.222199999], [-9874506.186, 6139521.670900002], [-9874489.8369, 6139531.445900001], [-9874485.7496, 6139533.874499999], [-9874477.5221, 6139538.751999997], [-9874473.4348, 6139541.180799998], [-9874440.6836, 6139560.571099997], [-9874436.4902, 6139563.039800003], [-9874428.1565, 6139567.937100001], [-9874424.0161, 6139570.385700002], [-9874407.3486, 6139580.140699998], [-9874403.0489, 6139582.649099998], [-9874394.4499, 6139587.6461], [-9874389.9379, 6139590.2739999965], [-9874385.2667, 6139592.9815], [-9874375.3936, 6139598.655299999], [-9874370.457, 6139601.482299998], [-9874350.2861, 6139613.028800003], [-9874345.2435, 6139615.915600002], [-9874335.105, 6139621.669100001], [-9874330.0623, 6139624.535899997], [-9874289.0835, 6139647.708999999], [-9874283.9876, 6139650.5956000015], [-9874273.6899, 6139656.349100001], [-9874268.5942, 6139659.2359], [-9874247.9986, 6139670.7029], [-9874242.8497, 6139673.569799997], [-9874232.6051, 6139679.283500001], [-9874227.4562, 6139682.130400002], [-9874151.7092, 6139724.017499998], [-9874120.0728, 6139744.563000001], [-9874112.5883, 6139749.420699999], [-9874097.5132, 6139759.116099998], [-9874089.9756, 6139763.953900002], [-9874075.9622, 6139772.912699997], [-9874071.0786, 6139776.018399999], [-9874061.3117, 6139782.210000001], [-9874056.4282, 6139785.2958], [-9874036.8943, 6139797.638999999], [-9874032.0109, 6139800.704999998], [-9874022.244, 6139806.856700003], [-9874017.3073, 6139809.922799997], [-9873978.1333, 6139834.3706], [-9873973.1967, 6139837.416500002], [-9873963.3768, 6139843.508500002], [-9873958.4401, 6139846.5546], [-9873938.8002, 6139858.678999998], [-9873933.8635, 6139861.6853], [-9873923.9905, 6139867.737400003], [-9873919.1069, 6139870.743699998], [-9873840.122, 6139918.803499997], [-9873835.1856, 6139921.829700001], [-9873825.2063, 6139927.842200004], [-9873820.2165, 6139930.8483000025], [-9873800.3111, 6139942.833499998], [-9873795.3215, 6139945.819799997], [-9873785.3422, 6139951.772600003], [-9873780.3525, 6139954.758900002], [-9873740.3823, 6139978.510300003], [-9873735.3395, 6139981.496600002], [-9873725.201, 6139987.489200003], [-9873720.1584, 6139990.475699998], [-9873699.8283, 6140002.381200001], [-9873694.6793, 6140005.407399997], [-9873684.2755, 6140011.479800001], [-9873678.808, 6140014.645300001], [-9873674.1369, 6140017.332999997], [-9873664.3169, 6140023.007100001], [-9873659.3803, 6140025.833999999], [-9873639.1564, 6140037.4014], [-9873634.1137, 6140040.268299997], [-9873624.0281, 6140046.022], [-9873618.9855, 6140048.888999999], [-9873577.9537, 6140072.063199997], [-9873572.8578, 6140074.950099997], [-9873562.6131, 6140080.723899998], [-9873557.4642, 6140083.590599999], [-9873536.9219, 6140095.058300003], [-9873531.7728, 6140097.925300002], [-9873521.4752, 6140103.639300004], [-9873516.3263, 6140106.486199997], [-9873433.3603, 6140152.178199999], [-9873423.0094, 6140157.872400001], [-9873402.2016, 6140169.1809], [-9873391.7976, 6140174.815300003], [-9873350.0757, 6140197.213500001], [-9873339.6186, 6140202.788099997], [-9873318.7046, 6140213.857799999], [-9873307.8231, 6140219.591799997], [-9873285.3166, 6140233.4089], [-9873277.1421, 6140238.426299997], [-9873260.7399, 6140248.4208], [-9873252.5124, 6140253.3983], [-9873186.7976, 6140293.098200001], [-9873178.3047, 6140298.195], [-9873169.2808, 6140303.749799997], [-9873158.9831, 6140310.061099999], [-9873078.0873, 6140359.357900001], [-9873072.9914, 6140362.443800002], [-9873062.7998, 6140368.615900002], [-9873057.7041, 6140371.702], [-9873037.3207, 6140383.986400001], [-9873032.225, 6140387.052599996], [-9873021.9803, 6140393.164800003], [-9873016.8844, 6140396.211099997], [-9872975.959, 6140420.541199997], [-9872970.7569, 6140423.627300002], [-9872960.4061, 6140429.739600003], [-9872955.204, 6140432.805699997], [-9872934.3962, 6140444.990699999], [-9872929.0882, 6140448.116599999], [-9872918.4718, 6140454.308600001], [-9872912.8983, 6140457.553999998], [-9872908.2272, 6140460.261699997], [-9872898.3539, 6140465.916299999], [-9872893.4706, 6140468.7434], [-9872873.2466, 6140480.311399996], [-9872868.2039, 6140483.198200002], [-9872858.1185, 6140488.952200003], [-9872851.4302, 6140492.7749999985], [-9872810.9293, 6140520.549800001], [-9872801.1622, 6140527.219700001], [-9872781.5753, 6140540.5198], [-9872771.7552, 6140547.1499999985], [-9872693.0888, 6140599.952200003], [-9872683.2688, 6140606.522600003], [-9872663.5225, 6140619.603799999], [-9872653.6494, 6140626.134599999], [-9872613.9977, 6140652.0978000015], [-9872604.0715, 6140658.548900001], [-9872584.2191, 6140671.4309], [-9872574.2397, 6140677.842100002], [-9872494.4586, 6140728.893200003], [-9872484.4793, 6140735.2447], [-9872464.4678, 6140747.9081000015], [-9872454.4353, 6140754.199699998], [-9872414.2528, 6140779.2874], [-9872404.2204, 6140785.539399996], [-9872384.0496, 6140797.9837], [-9872373.964, 6140804.175999999], [-9872293.0682, 6140853.455700003], [-9872288.0255, 6140856.561700001], [-9872277.8338, 6140862.734099999], [-9872272.738, 6140865.800499998], [-9872252.3018, 6140878.085600004], [-9872247.2059, 6140881.151900001], [-9872236.9613, 6140887.2645], [-9872231.8655, 6140890.310999997], [-9872190.9398, 6140914.662299998], [-9872185.7378, 6140917.728600003], [-9872175.3871, 6140923.861400001], [-9872170.1851, 6140926.907799996], [-9872149.4303, 6140939.113399997], [-9872144.069, 6140942.219400004], [-9872133.4528, 6140948.431599997], [-9872127.8792, 6140951.657300003], [-9872123.1551, 6140954.385300003], [-9872113.2289, 6140960.099699996], [-9872108.2924, 6140962.967], [-9872087.9091, 6140974.615099996], [-9872082.8133, 6140977.522100002], [-9872072.6217, 6140983.316399999], [-9872067.5259, 6140986.203400001], [-9872026.2287, 6141009.5396], [-9872021.0797, 6141012.466499999], [-9872010.729, 6141018.260799997], [-9872005.527, 6141021.167800002], [-9871984.8252, 6141032.716499999], [-9871979.6233, 6141035.603600003], [-9871969.2723, 6141041.358099997], [-9871964.0705, 6141044.225400001], [-9871880.4675, 6141090.280599996], [-9871875.2656, 6141093.1479], [-9871864.8085, 6141098.882399999], [-9871859.5534, 6141101.729800001], [-9871838.5864, 6141113.1193], [-9871833.3313, 6141115.966600001], [-9871822.8743, 6141121.641400002], [-9871817.6192, 6141124.468999997], [-9871775.5258, 6141147.028800003], [-9871770.2706, 6141149.836300001], [-9871759.7606, 6141155.4516], [-9871754.5057, 6141158.259000003], [-9871733.3792, 6141169.409599997], [-9871728.1242, 6141172.1972], [-9871717.561, 6141177.752700001], [-9871712.306, 6141180.520499997], [-9871664.4267, 6141205.5295], [-9871657.7914, 6141208.974299997], [-9871644.5212, 6141215.863799997], [-9871618.2991, 6141228.826499999], [-9871594.6249, 6141241.749399997], [-9871559.7504, 6141260.3869], [-9871524.1329, 6141278.984700002], [-9871501.5733, 6141290.613300003], [-9871437.2919, 6141323.2095], [-9871409.5304, 6141337.586099997], [-9871387.9794, 6141348.557599999], [-9871243.1737, 6141421.396700002], [-9871213.395, 6141436.0918999985], [-9871177.1405, 6141453.6347], [-9871158.9868, 6141462.316699997], [-9871086.1592, 6141496.725400001], [-9871067.8993, 6141505.248000003], [-9871031.3262, 6141522.113799997], [-9871013.0133, 6141530.457400002], [-9870986.7911, 6141542.384900004], [-9870923.0405, 6141580.816299997], [-9870919.0594, 6141583.206], [-9870911.1503, 6141587.965000004], [-9870907.1691, 6141590.334600002], [-9870891.298, 6141599.8330999985], [-9870887.3167, 6141602.2026999965], [-9870879.3546, 6141606.921899997], [-9870875.3735, 6141609.271700002], [-9870843.5248, 6141628.109200001], [-9870839.4374, 6141630.498800002], [-9870831.3691, 6141635.258000001], [-9870827.335, 6141637.647399999], [-9870811.092, 6141647.126100004], [-9870806.9517, 6141649.575300001], [-9870798.034, 6141652.781300001], [-9870793.6283, 6141655.190800004], [-9870788.7979, 6141658.2773], [-9870779.6148, 6141663.653800003], [-9870773.5637, 6141667.258000001], [-9870752.6495, 6141679.583999999], [-9870747.4476, 6141682.670500003], [-9870736.9906, 6141688.823700003], [-9870731.7885, 6141691.8901999965], [-9870699.3029, 6141710.947099999], [-9870689.3767, 6141716.562399998], [-9870684.0686, 6141719.569300003], [-9870673.3992, 6141725.582999997], [-9870668.0912, 6141728.530299999], [-9870646.6463, 6141740.2192], [-9870641.3381, 6141743.126500003], [-9870630.6157, 6141748.961199999], [-9870625.2545, 6141751.8684], [-9870596.5907, 6141767.400600001], [-9870539.2097, 6141799.679899998], [-9870528.4342, 6141805.574100003], [-9870506.8301, 6141817.303199999], [-9870496.0016, 6141823.137800001], [-9870452.6873, 6141846.336800002], [-9870441.8056, 6141852.111500002], [-9870428.1105, 6141859.3401999995], [-9870389.7329, 6141880.4086000025], [-9870376.1972, 6141887.756399997], [-9870349.6566, 6141902.074299999], [-9870336.3863, 6141909.183399998], [-9870229.852, 6141965.678199999], [-9870216.5288, 6141972.7075999975], [-9870189.8288, 6141986.647100002], [-9870174.7538, 6141994.433399998], [-9870092.4246, 6142039.737300001], [-9870082.0207, 6142045.412600003], [-9870061.2129, 6142056.723700002], [-9870050.809, 6142062.359300002], [-9870009.087, 6142084.762400001], [-9869998.6301, 6142090.338200003], [-9869977.716, 6142101.430299997], [-9869967.2058, 6142106.946500003], [-9869883.2844, 6142150.817100003], [-9869872.7743, 6142156.273599997], [-9869851.7542, 6142167.146600001], [-9869841.1909, 6142172.543300003], [-9869798.9913, 6142194.030599996], [-9869788.4282, 6142199.367700003], [-9869767.2488, 6142210.001699999], [-9869756.6856, 6142215.278999999], [-9869671.8087, 6142257.318099998], [-9869661.1924, 6142262.535499997], [-9869639.9068, 6142272.931000002], [-9869629.2373, 6142278.1087], [-9869586.6131, 6142298.6602], [-9869575.8908, 6142303.758299999], [-9869554.499, 6142313.934600003], [-9869543.8297, 6142318.972999997], [-9869458.0503, 6142359.140500002], [-9869447.3279, 6142364.138999999], [-9869425.83, 6142374.056400001], [-9869415.0545, 6142378.995300002], [-9869371.9525, 6142398.611199997], [-9869361.177, 6142403.4903], [-9869339.5729, 6142413.1686], [-9869328.7444, 6142417.987999998], [-9869242.1156, 6142456.284000002], [-9869231.2871, 6142461.023699999], [-9869209.5769, 6142470.483199999], [-9869198.6951, 6142475.1831], [-9869155.1685, 6142493.8433], [-9869144.287, 6142498.483499996], [-9869122.4705, 6142507.704099998], [-9869111.5357, 6142512.264600001], [-9869024.1108, 6142548.6492], [-9869012.3799, 6142553.627899997], [-9869006.7001, 6142556.7346], [-9868969.8619, 6142576.649700001], [-9868965.2438, 6142579.138899997], [-9868956.0076, 6142584.097900003], [-9868951.3896, 6142586.567299999], [-9868932.9172, 6142596.445200004], [-9868928.2991, 6142598.894900002], [-9868919.0631, 6142603.813900001], [-9868914.445, 6142606.263499998], [-9868840.3436, 6142645.396700002], [-9868831.1074, 6142650.255999997], [-9868812.5289, 6142659.954700001], [-9868803.2397, 6142664.774099998], [-9868765.9767, 6142683.972499996], [-9868756.6874, 6142688.7522], [-9868738.0028, 6142698.251800001], [-9868728.6605, 6142702.991700001], [-9868653.869, 6142740.671599999], [-9868644.5267, 6142745.3517], [-9868625.789, 6142754.6919], [-9868616.3936, 6142759.3323], [-9868578.8121, 6142777.8138], [-9868569.3636, 6142782.4142], [-9868550.5729, 6142791.555600002], [-9868541.1243, 6142796.1162], [-9868465.5897, 6142832.322700001], [-9868456.1412, 6142836.843599997], [-9868437.2444, 6142845.805600002], [-9868427.7427, 6142850.2667], [-9868389.7896, 6142868.011699997], [-9868380.3411, 6142872.4130000025], [-9868361.285, 6142881.195799999], [-9868351.7835, 6142885.577200003], [-9868275.6118, 6142920.330300003], [-9868266.0572, 6142924.652000003], [-9868246.9479, 6142933.2359], [-9868237.3933, 6142937.517800003], [-9868199.1217, 6142954.525899999], [-9868189.567, 6142958.748199999], [-9868170.3517, 6142967.172600001], [-9868160.7971, 6142971.354999997], [-9868083.9352, 6143004.614600003], [-9868074.2746, 6143008.757299997], [-9868055.0591, 6143016.9826000035], [-9868045.3984, 6143021.065200001], [-9868006.8083, 6143037.3367], [-9867997.1474, 6143041.379699998], [-9867977.8258, 6143049.425800003], [-9867968.1651, 6143053.409100004], [-9867890.6664, 6143085.195200004], [-9867880.9525, 6143089.138700001], [-9867861.5247, 6143096.985799998], [-9867851.8109, 6143100.889200002], [-9867812.9554, 6143116.403999999], [-9867803.1884, 6143120.267800003], [-9867783.7076, 6143127.935400002], [-9867773.9407, 6143131.739500001], [-9867695.858, 6143162.012400001], [-9867690.9745, 6143163.904600002], [-9867681.1546, 6143167.668700002], [-9867676.218, 6143169.560800001], [-9867656.578, 6143177.069300003], [-9867651.6944, 6143178.941399999], [-9867641.8745, 6143182.665899999], [-9867636.9379, 6143184.517999999], [-9867597.5516, 6143199.355700001], [-9867592.615, 6143201.2080999985], [-9867582.6357, 6143204.932499997], [-9867577.6992, 6143206.784599997], [-9867557.7937, 6143214.153700002], [-9867552.751, 6143216.026000001], [-9867542.6123, 6143219.750200003], [-9867537.3574, 6143221.6822], [-9867532.2086, 6143223.534500003], [-9867521.6452, 6143227.378399998], [-9867516.3372, 6143229.290299997], [-9867494.7863, 6143237.0380000025], [-9867489.425, 6143238.969700001], [-9867478.6494, 6143242.8138], [-9867473.2352, 6143244.7258], [-9867429.7086, 6143260.101300001], [-9867424.2412, 6143262.013300002], [-9867413.3596, 6143265.837399997], [-9867407.8922, 6143267.7294000015], [-9867386.1288, 6143275.317599997], [-9867380.6614, 6143277.209700003], [-9867369.7268, 6143280.9542], [-9867364.2593, 6143282.826200001], [-9867276.516, 6143312.7809000015], [-9867265.5812, 6143316.505500004], [-9867243.6057, 6143323.874600001], [-9867232.5647, 6143327.539300002], [-9867188.5603, 6143342.038800001], [-9867177.5194, 6143345.643600002], [-9867155.4906, 6143352.773900002], [-9867144.4498, 6143356.3191], [-9867056.0694, 6143384.381899998], [-9867045.0286, 6143387.8675], [-9867022.8936, 6143394.758699998], [-9867011.8527, 6143398.184299998], [-9866967.4767, 6143411.748000003], [-9866956.4359, 6143415.093900003], [-9866934.1948, 6143421.766099997], [-9866923.1008, 6143425.072400004], [-9866834.1367, 6143451.2434], [-9866823.0426, 6143454.469800003], [-9866800.7485, 6143460.9032000005], [-9866789.6014, 6143464.07], [-9866745.0132, 6143476.677500002], [-9866733.8662, 6143479.804399997], [-9866711.5189, 6143485.9987], [-9866700.3187, 6143489.045999996], [-9866610.8768, 6143513.305200003], [-9866599.6767, 6143516.312700003], [-9866577.2762, 6143522.248000003], [-9866566.0761, 6143525.195799999], [-9866521.1694, 6143536.8473000005], [-9866509.9693, 6143539.735299997], [-9866487.5158, 6143545.431599997], [-9866476.2627, 6143548.259999998], [-9866386.2899, 6143570.587300003], [-9866375.0367, 6143573.335699998], [-9866352.5302, 6143578.813199997], [-9866341.2239, 6143581.501999997], [-9866296.1048, 6143592.197700001], [-9866284.8516, 6143594.826800004], [-9866262.2921, 6143600.0451000035], [-9866250.9857, 6143602.634300001], [-9866160.5351, 6143623.0298999995], [-9866149.229, 6143625.539399996], [-9866126.6164, 6143630.5189], [-9866115.257, 6143632.988600001], [-9866069.9255, 6143642.6884], [-9866062.0164, 6143644.381399997], [-9866054.7443, 6143646.9706000015], [-9866049.2237, 6143648.922600001], [-9866004.7417, 6143664.617600001], [-9865999.1681, 6143666.569600001], [-9865988.0742, 6143670.473399997], [-9865982.5006, 6143672.4054000005], [-9865960.2065, 6143680.153399996], [-9865954.6329, 6143682.065399997], [-9865943.486, 6143685.909500003], [-9865937.9124, 6143687.821500003], [-9865848.2581, 6143718.375299998], [-9865832.546, 6143723.673500001], [-9865801.0158, 6143734.1501], [-9865785.1974, 6143739.328699999], [-9865721.9777, 6143759.804300003], [-9865706.1595, 6143764.863399997], [-9865674.47, 6143774.862099998], [-9865658.5986, 6143779.801700003], [-9865619.9555, 6143791.672700003], [-9865610.6132, 6143795.218199998], [-9865605.0927, 6143797.329400003], [-9865560.6107, 6143814.1401999965], [-9865554.984, 6143816.251400001], [-9865543.7839, 6143820.454099998], [-9865538.1572, 6143822.545500003], [-9865515.7039, 6143830.891000003], [-9865509.9711, 6143833.002400003], [-9865498.5587, 6143837.2249], [-9865492.6665, 6143839.376100004], [-9865487.4646, 6143841.2883], [-9865476.636, 6143845.192199998], [-9865471.2218, 6143847.144199997], [-9865449.1931, 6143855.071400002], [-9865443.6725, 6143857.023500003], [-9865432.6847, 6143860.967299998], [-9865427.1643, 6143862.919200003], [-9865382.6823, 6143878.614699997], [-9865377.1087, 6143880.566500001], [-9865366.0147, 6143884.4705], [-9865360.4411, 6143886.422399998], [-9865338.1469, 6143894.150799997], [-9865332.5736, 6143896.062899999], [-9865321.4265, 6143899.9070999995], [-9865315.8528, 6143901.819200002], [-9865226.1987, 6143932.373599999], [-9865214.9985, 6143936.1581000015], [-9865192.5451, 6143943.687200002], [-9865181.2918, 6143947.4120000005], [-9865136.3319, 6143962.191299997], [-9865125.0789, 6143965.876199998], [-9865102.5193, 6143973.146399997], [-9865091.2659, 6143976.751699999], [-9865000.9747, 6144005.334200002], [-9864989.6684, 6144008.879799999], [-9864967.0558, 6144015.891000003], [-9864955.7494, 6144019.376699999], [-9864910.4711, 6144033.180299997], [-9864899.1117, 6144036.606200002], [-9864876.4459, 6144043.3785], [-9864865.0866, 6144046.724799998], [-9864774.2115, 6144073.335900001], [-9864762.799, 6144076.622400001], [-9864740.0803, 6144083.155699998], [-9864728.6678, 6144086.3825], [-9864689.1753, 6144097.497100003], [-9864677.3382, 6144104.269299999], [-9864667.0403, 6144110.1652000025], [-9864635.6162, 6144128.092200004], [-9864625.1063, 6144134.047700003], [-9864607.5895, 6144143.947400004], [-9864597.0262, 6144149.883100003], [-9864536.832, 6144183.585600004], [-9864526.2159, 6144189.521399997], [-9864508.4335, 6144199.381300002], [-9864497.7643, 6144205.2773], [-9864465.7561, 6144222.885399997], [-9864455.0868, 6144228.741599999], [-9864437.2516, 6144238.4619999975], [-9864426.5822, 6144244.278499998], [-9864386.7713, 6144265.790899999], [-9864378.119, 6144270.451700002], [-9864360.8145, 6144279.694300003], [-9864352.1091, 6144284.295500003], [-9864317.4471, 6144302.660999998], [-9864308.7418, 6144307.2223000005], [-9864291.3311, 6144316.325499997], [-9864282.6258, 6144320.847099997], [-9864212.93, 6144356.920599997], [-9864204.2248, 6144361.402500004], [-9864186.7079, 6144370.346199997], [-9864178.0026, 6144374.788199998], [-9864142.9689, 6144392.5163], [-9864134.2105, 6144396.918399997], [-9864116.6407, 6144405.702799998], [-9864107.8292, 6144410.065099999], [-9864035.6918, 6144445.760600001], [-9864027.6765, 6144451.756399997], [-9864019.8735, 6144457.553000003], [-9863988.6086, 6144480.699199997], [-9863980.8056, 6144486.456100002], [-9863965.1467, 6144497.949699998], [-9863957.2906, 6144503.686300002], [-9863831.5412, 6144595.057700001], [-9863823.6851, 6144600.754799999], [-9863807.92, 6144612.108999997], [-9863800.0108, 6144617.7663], [-9863768.3744, 6144640.3156], [-9863760.4122, 6144645.9529], [-9863744.5409, 6144657.147699997], [-9863736.6318, 6144662.745200001], [-9863672.9343, 6144707.306199998], [-9863664.9721, 6144712.863799997], [-9863648.9946, 6144723.919500001], [-9863640.9793, 6144729.437299997], [-9863608.9182, 6144751.428999998], [-9863600.9029, 6144756.907200001], [-9863584.8723, 6144767.843199998], [-9863576.804, 6144773.2815999985], [-9863490.7593, 6144831.229500003], [-9863485.1326, 6144834.994400002], [-9863473.8795, 6144842.524099998], [-9863468.1998, 6144846.289099999], [-9863445.6401, 6144861.269199997], [-9863440.0135, 6144865.014300004], [-9863428.7073, 6144872.464500003], [-9863423.0275, 6144876.189599998], [-9863377.7493, 6144905.870999999], [-9863372.0696, 6144909.576099999], [-9863360.7101, 6144916.966700003], [-9863355.0304, 6144920.652099997], [-9863332.2586, 6144935.353299998], [-9863326.5789, 6144939.018799998], [-9863315.1664, 6144946.3495000005], [-9863309.4867, 6144949.994999997], [-9863238.2517, 6144995.413999997], [-9863231.9881, 6145000.3543], [-9863218.5585, 6145010.872599997], [-9863191.6993, 6145031.769199997], [-9863178.2167, 6145042.167999998], [-9863124.18, 6145083.563299999], [-9863110.5912, 6145093.842600003], [-9863083.4136, 6145114.341200002], [-9863069.7717, 6145124.520800002], [-9862960.3712, 6145205.579599999], [-9862946.6762, 6145215.639799997], [-9862919.127, 6145235.700499997], [-9862905.379, 6145245.6611], [-9862850.0152, 6145285.344300002], [-9862836.1609, 6145295.2053999975], [-9862808.3464, 6145314.807999998], [-9862794.386, 6145324.569499999], [-9862682.4906, 6145402.144100003], [-9862675.4841, 6145406.965099998], [-9862661.4705, 6145416.6071000025], [-9862654.4638, 6145421.428199999], [-9862626.3307, 6145440.592699997], [-9862619.2708, 6145445.373899996], [-9862605.1512, 6145454.916599996], [-9862598.0914, 6145459.657899998], [-9862541.5599, 6145497.568999998], [-9862534.5, 6145502.290600002], [-9862520.3274, 6145511.713600002], [-9862513.2146, 6145516.415100001], [-9862484.8161, 6145535.1417], [-9862477.7032, 6145539.803499997], [-9862463.4243, 6145549.126999997], [-9862456.3114, 6145553.7487], [-9862422.074, 6145575.921999998], [-9862413.8464, 6145581.221299998], [-9862397.3911, 6145591.7798999995], [-9862389.1636, 6145597.039499998], [-9862356.147, 6145618.0173999965], [-9862347.8664, 6145623.237000003], [-9862331.3049, 6145633.656300001], [-9862323.0243, 6145638.835900001], [-9862256.6197, 6145680.174599998], [-9862248.1267, 6145685.433899999], [-9862231.1406, 6145695.913199998], [-9862222.5945, 6145701.112800002], [-9862188.5163, 6145721.891900003], [-9862179.9703, 6145727.071699999], [-9862162.9311, 6145737.391500004], [-9862154.3321, 6145742.531499997], [-9862076.9925, 6145788.731700003], [-9862059.4227, 6145799.210900001], [-9862025.6629, 6145819.2729], [-9862020.7265, 6145822.2016], [-9862010.9595, 6145827.939300001], [-9862006.1291, 6145830.8081], [-9861986.8605, 6145842.1043], [-9861982.0302, 6145844.9133], [-9861972.4224, 6145850.5317], [-9861967.5921, 6145853.3407000005], [-9861888.7665, 6145899.0634], [-9861883.0866, 6145902.370499998], [-9861871.4088, 6145909.0845], [-9861865.5168, 6145912.451300003], [-9861841.8956, 6145925.958999999], [-9861835.9505, 6145929.346000001], [-9861824.1134, 6145936.060000002], [-9861818.1682, 6145939.4070999995], [-9861770.4483, 6145966.302900001], [-9861766.414, 6145968.554200001], [-9861758.3987, 6145973.036899999], [-9861754.4176, 6145975.268200003], [-9861738.3872, 6145984.213600002], [-9861734.3529, 6145986.445100002], [-9861726.3376, 6145990.907700002], [-9861722.3035, 6145993.138999999], [-9861624.8462, 6146046.931299999], [-9861610.0897, 6146055.000399999], [-9861580.5234, 6146071.0185], [-9861565.7137, 6146078.967799999], [-9861506.3689, 6146110.566100001], [-9861491.453, 6146118.395800002], [-9861461.6745, 6146133.956100002], [-9861446.7054, 6146141.686300002], [-9861326.9011, 6146203.070200004], [-9861311.879, 6146210.681000002], [-9861281.7821, 6146225.783200003], [-9861266.7068, 6146233.294299997], [-9861206.3535, 6146263.0402000025], [-9861191.2254, 6146270.431999996], [-9861160.9159, 6146285.0757], [-9861145.7346, 6146292.328000002], [-9861037.0772, 6146343.7711], [-9861030.2828, 6146346.978699997], [-9861016.6942, 6146353.374499999], [-9861009.8466, 6146356.542300001], [-9860982.6159, 6146369.213799998], [-9860975.8214, 6146372.381800003], [-9860962.1797, 6146378.657700002], [-9860955.3321, 6146381.805799998], [-9860900.6584, 6146406.770499997], [-9860893.811, 6146409.878399998], [-9860880.1159, 6146416.074900001], [-9860873.2684, 6146419.163199998], [-9860845.8254, 6146431.456200004], [-9860838.978, 6146434.504600003], [-9860825.2299, 6146440.601400003], [-9860818.3825, 6146443.649800003], [-9860803.3073, 6146450.284500003], [-9860795.3451, 6146453.7711], [-9860779.4738, 6146460.684799999], [-9860771.5116, 6146464.1118], [-9860739.6629, 6146477.819600001], [-9860731.7007, 6146481.2267], [-9860715.7763, 6146488.020800002], [-9860707.814, 6146491.387800001], [-9860643.9573, 6146518.285499997], [-9860635.9421, 6146521.612899996], [-9860619.9646, 6146528.287600003], [-9860611.9493, 6146531.594999999], [-9860579.9413, 6146544.784900002], [-9860571.926, 6146548.0524], [-9860555.8425, 6146554.5874999985], [-9860547.8271, 6146557.835199997], [-9860419.2644, 6146609.558799997], [-9860411.1959, 6146612.786700003], [-9860395.0593, 6146619.202299997], [-9860386.991, 6146622.3901999965], [-9860354.6644, 6146635.1021], [-9860346.5429, 6146638.2700999975], [-9860330.3532, 6146644.546300001], [-9860322.2847, 6146647.674400002], [-9860257.4195, 6146672.560000002], [-9860249.245, 6146675.688299999], [-9860232.896, 6146681.865099996], [-9860224.7745, 6146684.953199998], [-9860192.0233, 6146697.207000002], [-9860183.7427, 6146700.275300004], [-9860167.2344, 6146706.412199996], [-9860158.7413, 6146709.520300001], [-9860153.5394, 6146711.413199998], [-9860142.7109, 6146715.338299997], [-9860137.2965, 6146717.290899999], [-9860115.2677, 6146725.201099999], [-9860109.7474, 6146727.173699997], [-9860098.7065, 6146731.098700002], [-9860093.186, 6146733.051399998], [-9860048.7039, 6146748.772100002], [-9860043.1304, 6146750.724699996], [-9860032.0365, 6146754.629799999], [-9860026.4629, 6146756.562600002], [-9860004.1687, 6146764.293399997], [-9859998.5951, 6146766.226099998], [-9859987.4481, 6146770.071699999], [-9859981.8746, 6146771.964400001], [-9859892.1672, 6146802.549099997], [-9859880.9671, 6146806.3347999975], [-9859858.5136, 6146813.846500002], [-9859847.2604, 6146817.592500001], [-9859802.2475, 6146832.376699999], [-9859790.9942, 6146836.042800002], [-9859768.4348, 6146843.315499999], [-9859757.1816, 6146846.921899997], [-9859666.8902, 6146875.514399998], [-9859655.5841, 6146879.060999997], [-9859632.9713, 6146886.094499998], [-9859621.612, 6146889.581299998], [-9859576.3335, 6146903.3895], [-9859564.9743, 6146906.796800002], [-9859542.3085, 6146913.571199998], [-9859530.9492, 6146916.938600004], [-9859440.0208, 6146943.558600001], [-9859428.6616, 6146946.846199997], [-9859405.8897, 6146953.381700002], [-9859394.4772, 6146956.609700002], [-9859348.8803, 6146969.421700001], [-9859337.4678, 6146972.5896999985], [-9859314.6429, 6146978.866300002], [-9859303.2304, 6146981.9745000005], [-9859211.7183, 6147006.602300003], [-9859200.3058, 6147009.630900003], [-9859177.3747, 6147015.668300003], [-9859165.9092, 6147018.656999998], [-9859120.0469, 6147030.453000002], [-9859108.5814, 6147033.381999999], [-9859085.5973, 6147039.160400003], [-9859074.1316, 6147042.0097], [-9858982.1418, 6147064.625100002], [-9858970.6231, 6147067.4146], [-9858947.5859, 6147072.934100002], [-9858936.0673, 6147075.663800001], [-9858889.9396, 6147086.463399999], [-9858878.421, 6147089.133500002], [-9858855.3307, 6147094.413800001], [-9858843.7589, 6147097.0239999965], [-9858751.3445, 6147117.607000001], [-9858735.42, 6147121.0940999985], [-9858703.5182, 6147127.928599998], [-9858687.5939, 6147131.295999996], [-9858623.7371, 6147144.506700002], [-9858607.7596, 6147147.7346], [-9858575.8046, 6147154.110799998], [-9858559.774, 6147157.219300002], [-9858515.1327, 6147165.767499998], [-9858509.0284, 6147166.962899998], [-9858494.4841, 6147169.8323], [-9858485.7789, 6147171.545900002], [-9858435.8824, 6147181.229800001], [-9858424.9477, 6147183.322099999], [-9858406.6876, 6147186.809], [-9858395.4344, 6147188.921099998], [-9858377.7052, 6147192.228699997], [-9858361.7277, 6147195.197700001], [-9858357.1629, 6147196.0546], [-9858348.2451, 6147197.6884], [-9858343.7864, 6147198.505500004], [-9858326.2696, 6147201.673600003], [-9858321.8107, 6147202.470799997], [-9858312.9462, 6147204.064800002], [-9858307.0541, 6147205.1010000035], [-9858298.4019, 6147206.6351], [-9858283.6983, 6147209.185699999], [-9858274.8869, 6147210.700099997], [-9858261.5635, 6147212.991499998], [-9858188.2582, 6147224.269500002], [-9858178.8629, 6147225.843699999], [-9858135.0177, 6147233.1565999985], [-9858116.7577, 6147236.125500001], [-9858109.751, 6147237.281099997], [-9858101.1519, 6147238.715800002], [-9858081.2994, 6147241.983599998], [-9858076.8406, 6147242.7808], [-9858071.5325, 6147243.737099998], [-9858043.5587, 6147248.499399997], [-9857987.3986, 6147257.665399998], [-9857959.2656, 6147262.068899997], [-9857916.8536, 6147268.445299998], [-9857911.5455, 6147269.222499996], [-9857900.9292, 6147270.796599999], [-9857895.6212, 6147271.573700003], [-9857874.3887, 6147274.642200001], [-9857869.0805, 6147275.399400003], [-9857858.4643, 6147276.913900003], [-9857853.1561, 6147277.671099998], [-9857768.226, 6147289.546899997], [-9857757.6098, 6147291.001599997], [-9857736.3243, 6147293.870899998], [-9857725.708, 6147295.265600003], [-9857683.1368, 6147300.7852], [-9857672.5205, 6147302.140299998], [-9857651.235, 6147304.7905], [-9857640.5656, 6147306.105499998], [-9857555.4233, 6147316.287799999], [-9857544.7539, 6147317.543099999], [-9857523.4682, 6147319.973999999], [-9857512.7989, 6147321.169500001], [-9857470.1217, 6147325.852300003], [-9857459.5054, 6147326.987899996], [-9857438.1666, 6147329.219700001], [-9857427.4974, 6147330.295699999], [-9857342.0895, 6147338.804200001], [-9857331.4202, 6147339.840300001], [-9857310.0816, 6147341.853], [-9857299.4123, 6147342.849200003], [-9857256.6817, 6147346.674999997], [-9857246.0124, 6147347.591700003], [-9857224.6206, 6147349.4048999995], [-9857213.9513, 6147350.2817], [-9857128.4374, 6147357.0766], [-9857117.715, 6147357.913400002], [-9857096.3232, 6147359.5075], [-9857085.6538, 6147360.264799997], [-9857042.8174, 6147363.253700003], [-9857032.1479, 6147363.971000001], [-9857010.7562, 6147365.345899999], [-9857000.0338, 6147366.023400001], [-9856914.4137, 6147371.124499999], [-9856903.6913, 6147371.722199999], [-9856882.2996, 6147372.8977999985], [-9856871.5771, 6147373.455899999], [-9856828.7405, 6147375.587899998], [-9856818.0181, 6147376.086099997], [-9856796.5734, 6147377.042599998], [-9856785.8508, 6147377.500799999], [-9856700.1246, 6147380.908200003], [-9856689.4554, 6147381.3068], [-9856668.0104, 6147382.044100001], [-9856657.288, 6147382.402800001], [-9856614.3984, 6147383.677900001], [-9856603.6759, 6147383.956900001], [-9856582.231, 6147384.494900003], [-9856571.5086, 6147384.734200001], [-9856485.7293, 6147386.427900001], [-9856480.368, 6147386.527500004], [-9856469.6456, 6147386.7267], [-9856464.2846, 6147386.806400001], [-9856442.8397, 6147387.125200003], [-9856437.4785, 6147387.2048999965], [-9856426.7561, 6147387.324500002], [-9856421.3948, 6147387.384199999], [-9856378.5051, 6147387.822800003], [-9856373.1439, 6147387.862599999], [-9856362.4216, 6147387.942199998], [-9856357.0603, 6147387.9821000025], [-9856335.6154, 6147388.081699997], [-9856330.2543, 6147388.101599999], [-9856319.5318, 6147388.1413], [-9856314.1707, 6147388.141400002], [-9856308.2256, 6147388.1215], [-9856296.3884, 6147388.101599999], [-9856290.4963, 6147388.081699997], [-9856266.8221, 6147387.942199998], [-9856260.8771, 6147387.902400002], [-9856249.0399, 6147387.8028], [-9856243.1479, 6147387.742899999], [-9856195.7463, 6147387.2249], [-9856189.8543, 6147387.165100001], [-9856178.0172, 6147387.005800001], [-9856172.072, 6147386.906099997], [-9856148.3978, 6147386.527500004], [-9856142.5059, 6147386.407799996], [-9856130.6687, 6147386.188699998], [-9856124.7235, 6147386.069200002], [-9856030.0266, 6147383.996699996], [-9856018.1895, 6147383.697999999], [-9855994.5683, 6147383.040299997], [-9855982.7311, 6147382.701700002], [-9855935.3826, 6147381.127400003], [-9855923.5455, 6147380.709100001], [-9855899.8712, 6147379.812399998], [-9855888.0341, 6147379.314300001], [-9855793.4433, 6147375.169500001], [-9855781.6062, 6147374.611500002], [-9855757.9319, 6147373.455899999], [-9855746.1479, 6147372.838200003], [-9855698.8525, 6147370.247699998], [-9855687.0154, 6147369.570299998], [-9855663.3942, 6147368.135600001], [-9855651.5571, 6147367.3983], [-9855557.0724, 6147361.181299999], [-9855545.2352, 6147360.364299998], [-9855521.6141, 6147358.670599997], [-9855509.8301, 6147357.794], [-9855462.5877, 6147354.167300001], [-9855450.8036, 6147353.230800003], [-9855427.1825, 6147351.297899999], [-9855415.3984, 6147350.2817], [-9855321.0199, 6147341.9925], [-9855309.236, 6147340.936499998], [-9855285.6678, 6147338.724600002], [-9855273.8838, 6147337.588799998], [-9855226.7476, 6147332.926100001], [-9855214.9635, 6147331.730499998], [-9855191.3954, 6147329.279600002], [-9855179.6645, 6147328.004299998], [-9855085.4983, 6147317.662699997], [-9855073.7143, 6147316.327600002], [-9855050.1993, 6147313.617600001], [-9855038.4683, 6147312.2227], [-9854991.4382, 6147306.5239999965], [-9854979.7074, 6147305.069399998], [-9854956.1923, 6147302.1005000025], [-9854944.4614, 6147300.586000003], [-9854850.5606, 6147288.1721], [-9854838.8296, 6147286.578100003], [-9854815.3676, 6147283.3500000015], [-9854733.4632, 6147270.457900003], [-9854705.0117, 6147266.5524], [-9854631.7065, 6147255.035400003], [-9854618.4893, 6147253.321599998], [-9854608.4038, 6147251.787199996], [-9854587.1712, 6147248.4397], [-9854562.3823, 6147244.494400002], [-9854549.3775, 6147242.4221], [-9854523.3676, 6147238.257600002], [-9854511.3712, 6147235.946099997], [-9854463.3858, 6147226.740500003], [-9854448.9475, 6147223.990699999], [-9854434.6157, 6147221.260899998], [-9854430.4223, 6147220.5634], [-9854395.0701, 6147216.299199998], [-9854377.341, 6147213.071400002], [-9854365.61, 6147210.899400003], [-9854359.7711, 6147209.803599998], [-9854313.1126, 6147201.036200002], [-9854307.2737, 6147199.920400001], [-9854295.6489, 6147197.688600004], [-9854289.8098, 6147196.572700001], [-9854266.5072, 6147192.049500003], [-9854260.6683, 6147190.913800001], [-9854249.0435, 6147188.622299999], [-9854243.2046, 6147187.466600001], [-9854150.3123, 6147168.915899999], [-9854138.7407, 6147166.564599998], [-9854115.5441, 6147161.782300003], [-9854103.9194, 6147159.371399999], [-9854061.5074, 6147150.404700004], [-9854000.5171, 6147177.364299998], [-9853989.6354, 6147182.126599997], [-9853967.9251, 6147191.5913999975], [-9853957.0435, 6147196.293899998], [-9853913.4106, 6147215.004100002], [-9853902.529, 6147219.646899998], [-9853880.6595, 6147228.872500002], [-9853869.7247, 6147233.455600001], [-9853782.1937, 6147269.880199999], [-9853771.2058, 6147274.403300002], [-9853749.2834, 6147283.389899999], [-9853738.2955, 6147287.873300001], [-9853694.3442, 6147305.607500002], [-9853683.3033, 6147310.011100002], [-9853661.2747, 6147318.758599997], [-9853650.2336, 6147323.102499999], [-9853561.9064, 6147357.5945999995], [-9853556.3859, 6147359.746699996], [-9853545.2919, 6147364.050700001], [-9853539.7183, 6147366.2026999965], [-9853517.4773, 6147374.7311], [-9853511.9569, 6147376.863300003], [-9853500.8098, 6147381.107500002], [-9853495.2363, 6147383.2195999995], [-9853450.7011, 6147400.037600003], [-9853445.1277, 6147402.149599999], [-9853433.8744, 6147406.373999998], [-9853428.2477, 6147408.466300003], [-9853405.7413, 6147416.8156], [-9853400.0615, 6147418.9476], [-9853388.596, 6147423.152000003], [-9853382.704, 6147425.323899999], [-9853378.2452, 6147426.957999997], [-9853368.8498, 6147430.345399998], [-9853364.1786, 6147432.039099999], [-9853345.1225, 6147438.913800001], [-9853340.3451, 6147440.627400003], [-9853330.7906, 6147444.0348000005], [-9853326.0132, 6147445.728500001], [-9853287.4231, 6147459.417999998], [-9853282.5927, 6147461.131700002], [-9853272.932, 6147464.538999997], [-9853268.1014, 6147466.232799999], [-9853248.78, 6147472.9679000005], [-9853243.9495, 6147474.661700003], [-9853234.2887, 6147478.009400003], [-9853229.4053, 6147479.6831], [-9853151.6412, 6147506.444499999], [-9853141.9273, 6147509.772100002], [-9853122.4465, 6147516.367899999], [-9853112.6796, 6147519.6558], [-9853073.6648, 6147532.667800002], [-9853063.8979, 6147535.895999998], [-9853044.3638, 6147542.312399998], [-9853034.5969, 6147545.500600003], [-9852956.3021, 6147570.7875000015], [-9852946.5352, 6147573.915899999], [-9852926.9481, 6147580.153099999], [-9852917.1281, 6147583.241599999], [-9852877.848, 6147595.516400002], [-9852868.028, 6147598.545400001], [-9852848.388, 6147604.603], [-9852838.5678, 6147607.592], [-9852759.7952, 6147631.3847], [-9852749.9753, 6147634.333899997], [-9852730.2291, 6147640.192299999], [-9852720.4089, 6147643.081699997], [-9852680.9165, 6147654.619199999], [-9852671.0434, 6147657.468900003], [-9852651.244, 6147663.1281], [-9852641.3709, 6147665.937799998], [-9852562.1736, 6147688.236100003], [-9852552.3005, 6147691.005900003], [-9852532.4481, 6147696.485799998], [-9852522.575, 6147699.195799999], [-9852482.8702, 6147709.956500001], [-9852472.944, 6147712.626599997], [-9852453.0385, 6147717.927199997], [-9852443.1124, 6147720.537699997], [-9852363.5435, 6147741.321699999], [-9852353.5641, 6147743.892099999], [-9852333.6587, 6147748.993500002], [-9852323.6794, 6147751.5242], [-9852283.8153, 6147761.5276999995], [-9852273.8362, 6147764.0185], [-9852253.8776, 6147768.920699999], [-9852243.8453, 6147771.351599999], [-9852163.9048, 6147790.621299997], [-9852153.9256, 6147792.992700003], [-9852133.8608, 6147797.715400003], [-9852123.8815, 6147800.0669], [-9852083.8052, 6147809.313000001], [-9852073.7728, 6147811.604699999], [-9852053.708, 6147816.128200002], [-9852043.6757, 6147818.379799999], [-9851963.3636, 6147836.115199998], [-9851958.3741, 6147837.211099997], [-9851948.2886, 6147839.4032000005], [-9851943.299, 6147840.499200001], [-9851923.1812, 6147844.8434000015], [-9851918.1385, 6147845.919500001], [-9851908.1061, 6147848.051600002], [-9851903.0634, 6147849.127700001], [-9851862.8278, 6147857.616700001], [-9851857.7852, 6147858.673], [-9851847.7527, 6147860.7651999965], [-9851842.71, 6147861.8015], [-9851822.5391, 6147865.9663999975], [-9851817.5495, 6147866.982699998], [-9851807.464, 6147869.035099998], [-9851802.4214, 6147870.051399998], [-9851773.492, 6147875.870200001], [-9851764.309, 6147877.703500003], [-9851749.0216, 6147880.7326000035], [-9851739.7854, 6147882.5458], [-9851712.2362, 6147887.906300001], [-9851703.0532, 6147889.699900001], [-9851687.7127, 6147892.629199997], [-9851678.5297, 6147894.3829], [-9851626.4038, 6147904.2469], [-9851617.1677, 6147905.980499998], [-9851601.7741, 6147908.830300003], [-9851592.4849, 6147910.543799996], [-9851564.7764, 6147915.625399999], [-9851555.4341, 6147917.319300003], [-9851539.8813, 6147920.109200001], [-9851530.3797, 6147921.803000003], [-9851523.1076, 6147923.0983000025], [-9851511.589, 6147925.090899996], [-9851505.8562, 6147926.087300003], [-9851482.6597, 6147930.072899997], [-9851476.8207, 6147931.0493], [-9851465.249, 6147933.002099998], [-9851459.4101, 6147933.978699997], [-9851412.8047, 6147941.710500002], [-9851406.9657, 6147942.6669000015], [-9851395.2879, 6147944.580200002], [-9851389.4489, 6147945.5167], [-9851366.1463, 6147949.243100002], [-9851360.3073, 6147950.179700002], [-9851348.6295, 6147952.012999997], [-9851342.7904, 6147952.929700002], [-9851249.1551, 6147967.397200003], [-9851237.4774, 6147969.170699999], [-9851214.0153, 6147972.6581000015], [-9851202.3374, 6147974.3719], [-9851155.4137, 6147981.087399997], [-9851143.6827, 6147982.741499998], [-9851120.2208, 6147985.969800003], [-9851108.4898, 6147987.563900001], [-9851014.589, 6147999.978799999], [-9851002.858, 6148001.4934], [-9850979.343, 6148004.482500002], [-9850967.6121, 6148005.937200002], [-9850920.5821, 6148011.616599999], [-9850908.8511, 6148013.011600003], [-9850885.2829, 6148015.741599999], [-9850873.5521, 6148017.056999996], [-9850779.3859, 6148027.419299997], [-9850767.6019, 6148028.674699999], [-9850744.0337, 6148031.145800002], [-9850732.2496, 6148032.3413999975], [-9850685.1135, 6148037.004500002], [-9850673.3295, 6148038.140500002], [-9850649.7613, 6148040.3325999975], [-9850637.9774, 6148041.408500001], [-9850543.5988, 6148049.6985], [-9850531.8147, 6148050.694899999], [-9850508.1935, 6148052.6477999985], [-9850496.4096, 6148053.584399998], [-9850449.1672, 6148057.211300001], [-9850437.3832, 6148058.088200003], [-9850413.7621, 6148059.762100004], [-9850401.925, 6148060.579000004], [-9850307.4402, 6148066.796599999], [-9850295.6031, 6148067.553900003], [-9850271.9819, 6148068.968800001], [-9850260.1448, 6148069.646200001], [-9850257.9153, 6148069.765900001], [-9850238.2752, 6148075.5251], [-9850226.916, 6148078.813000001], [-9850204.1441, 6148085.349399999], [-9850192.7316, 6148088.5776999965], [-9850147.1348, 6148101.391400002], [-9850135.7223, 6148104.559799999], [-9850112.8974, 6148110.837300003], [-9850101.4848, 6148113.945900001], [-9850009.9727, 6148138.576899998], [-9849998.5602, 6148141.605899997], [-9849975.629, 6148147.644100003], [-9849964.1636, 6148150.633299999], [-9849918.3014, 6148162.430799998], [-9849906.8359, 6148165.360100001], [-9849883.8516, 6148171.139300004], [-9849872.3329, 6148173.989], [-9849780.3432, 6148196.6074], [-9849768.8245, 6148199.3972999975], [-9849745.7872, 6148204.9174000025], [-9849734.2686, 6148207.647600003], [-9849688.141, 6148218.448700003], [-9849676.6224, 6148221.119099997], [-9849653.532, 6148226.4001], [-9849641.9603, 6148229.010600001], [-9849549.4926, 6148249.596600004], [-9849537.921, 6148252.127400003], [-9849514.7776, 6148257.149300002], [-9849503.2058, 6148259.640299998], [-9849456.8658, 6148269.425099999], [-9849445.2942, 6148271.8364999965], [-9849422.0976, 6148276.599399999], [-9849410.4727, 6148278.950900003], [-9849317.5806, 6148297.5239999965], [-9849311.7416, 6148298.659999996], [-9849300.1167, 6148300.951800004], [-9849294.2778, 6148302.1076000035], [-9849270.9752, 6148306.611400001], [-9849265.1362, 6148307.747400001], [-9849253.5114, 6148309.9794000015], [-9849247.6725, 6148311.075499997], [-9849201.014, 6148319.863799997], [-9849195.1752, 6148320.959899999], [-9849183.4442, 6148323.131999999], [-9849177.6052, 6148324.208300002], [-9849154.1433, 6148328.492799997], [-9849148.2513, 6148329.568899997], [-9849136.4142, 6148331.681400001], [-9849130.4159, 6148332.7575], [-9849122.0821, 6148334.232199997], [-9849105.1493, 6148337.141800001], [-9849096.6563, 6148338.596500002], [-9849062.6311, 6148344.335900001], [-9849054.1383, 6148345.7509], [-9849037.0991, 6148348.560800001], [-9849028.553, 6148349.955899999], [-9848960.1843, 6148360.936399996], [-9848951.6382, 6148362.291500002], [-9848934.4929, 6148364.9619999975], [-9848925.9469, 6148366.2773], [-9848891.7095, 6148371.498499997], [-9848883.1634, 6148372.793799996], [-9848866.0181, 6148375.324900001], [-9848857.472, 6148376.580300003], [-9848720.2038, 6148396.369400002], [-9848711.6048, 6148397.584899999], [-9848694.4594, 6148399.996299997], [-9848685.8603, 6148401.1721], [-9848651.5168, 6148405.855300002], [-9848642.9175, 6148407.011200003], [-9848625.7192, 6148409.2831000015], [-9848554.2187, 6148417.493600003], [-9848530.2259, 6148419.845299996], [-9848516.0533, 6148421.9575999975], [-9848497.5809, 6148424.189800002], [-9848492.8567, 6148424.847499996], [-9848475.8176, 6148427.119199999], [-9848433.9365, 6148432.320600003], [-9848408.086, 6148435.289899997], [-9848389.4014, 6148437.382600002], [-9848357.7117, 6148440.909900002], [-9848329.7379, 6148443.819499999], [-9848314.7692, 6148445.294299997], [-9848293.7488, 6148447.247100003], [-9848232.1216, 6148452.6479], [-9848213.3838, 6148454.262100004], [-9848188.9134, 6148456.334700003], [-9848167.2031, 6148457.8891], [-9848121.1817, 6148462.313299999], [-9848058.3333, 6148489.117700003], [-9848040.8166, 6148496.491300002], [-9848005.7299, 6148511.0792], [-9847988.1599, 6148518.313299999], [-9847847.3884, 6148575.449600004], [-9847829.6592, 6148582.544399999], [-9847794.1479, 6148596.594300002], [-9847776.3657, 6148603.549599998], [-9847705.1307, 6148631.011799999], [-9847687.1891, 6148637.827600002], [-9847651.2531, 6148651.319799997], [-9847633.0994, 6148658.0358000025], [-9847628.4812, 6148659.7097999975], [-9847618.9266, 6148663.177599996], [-9847614.1492, 6148664.911399998], [-9847593.713, 6148672.265299998], [-9847566.3231, 6148683.525300004], [-9847547.0016, 6148691.397399999], [-9847508.3051, 6148706.942100003], [-9847488.9306, 6148714.615000002], [-9847400.6563, 6148749.092699997], [-9847395.136, 6148751.245099999], [-9847384.0419, 6148755.549900003], [-9847378.4684, 6148757.682499997], [-9847356.2804, 6148766.212200001], [-9847350.7069, 6148768.344700001], [-9847339.6129, 6148772.569700003], [-9847334.0393, 6148774.682300001], [-9847289.5572, 6148791.502700001], [-9847283.9307, 6148793.6153], [-9847272.7305, 6148797.8204], [-9847267.1039, 6148799.9130000025], [-9847244.5975, 6148808.263400003], [-9847238.9177, 6148810.376000002], [-9847227.5053, 6148814.601099998], [-9847221.6132, 6148816.753300004], [-9847210.8909, 6148820.639799997], [-9847189.0744, 6148828.472099997], [-9847178.1397, 6148832.358400002], [-9847134.0822, 6148847.9234], [-9847123.0943, 6148851.769900002], [-9847101.0126, 6148859.442699999], [-9847089.9717, 6148863.249300003], [-9847001.1666, 6148893.522500001], [-9846990.0196, 6148897.289300002], [-9846967.7787, 6148904.742899999], [-9846956.2069, 6148908.589500003], [-9846942.9366, 6148912.973999999], [-9846929.8255, 6148917.697499998], [-9846923.5618, 6148919.969499998], [-9846897.9235, 6148929.137000002], [-9846891.5539, 6148931.428999998], [-9846878.7081, 6148935.972999997], [-9846872.2854, 6148938.225100003], [-9846820.6372, 6148956.381300002], [-9846814.1614, 6148958.633299999], [-9846801.2095, 6148963.137400001], [-9846794.7867, 6148965.369599998], [-9846773.9258, 6148972.544399999], [-9846375.511, 6149873.853500001], [-9845318.2645, 6151450.2245000005], [-9845058.7635, 6151747.7304000035], [-9844661.1185, 6152340.619800001], [-9843346.282, 6153709.678300001], [-9843216.8034, 6153821.248800002], [-9842695.9168, 6154262.0414], [-9841735.1988, 6154987.273199998], [-9841598.05, 6155079.454599999], [-9841156.0953, 6155361.539999999], [-9839452.9428, 6156196.461900003], [-9839158.7133, 6156280.797399998], [-9838693.8275, 6156509.033699997], [-9838282.5935, 6156627.173699997], [-9837980.3488, 6156775.596600004], [-9836156.3169, 6157254.534999996], [-9826627.0995, 6151815.375100002], [-9826081.6761, 6151504.1611], [-9825061.0557, 6150921.825099997], [-9824582.1831, 6150648.607500002], [-9823992.2643, 6150312.050999999], [-9823973.3009, 6150311.951300003], [-9823973.0222, 6150301.068000004], [-9823363.9146, 6149953.582500003]]]]}}, {"type": "Feature", "properties": {"OBJECTID": 252, "CreationDate": "2025-01-14T11:11:12Z", "Creator": "NPS_WASO_LANDS", "EditDate": "2025-01-14T11:11:12Z", "Editor": "NPS_WASO_LANDS", "GlobalID": "{54D3DE15-6103-4941-8544-2388AA21EBBE}", "AreaID": 262, "UNIT_CODE": "RIRA", "GIS_Notes": "Lands - http://landsnet.nps.gov/tractsnet/documents/RIRA/Metadata/rira_metadata.xml", "UNIT_NAME": "River Raisin National Battlefield Park", "DATE_EDIT": "2018-02-27T00:00:00Z", "STATE": "MI", "REGION": "MW", "GNIS_ID": "2733434", "UNIT_TYPE": "National Battlefield Park", "CREATED_BY": "Lands", "METADATA": "https://irma.nps.gov/DataStore/Reference/Profile/2221825", "PARKNAME": "River Raisin", "SHAPE_Length": 2434.0699825585984, "SHAPE_Area": 307034.4142029133}, "geometry": {"type": "MultiPolygon", "coordinates": [[[[-9281247.8322, 5148208.8649], [-9281256.5072, 5148187.950300001], [-9281147.2104, 5148149.321999997], [-9281090.4552, 5148124.7722999975], [-9281055.2968, 5148093.3992], [-9281205.1383, 5147728.6054000035], [-9281241.7939, 5147639.413400002], [-9281316.7065, 5147456.942500003], [-9281443.8216, 5147615.923799999], [-9281487.5786, 5147671.771499999], [-9281543.7761, 5147743.184600003], [-9281511.9099, 5147763.260600001], [-9281597.3887, 5147901.677599996], [-9281629.3355, 5147881.729800001], [-9281660.8877, 5147932.6521999985], [-9281734.8041, 5147988.386100002], [-9281762.7639, 5147999.138499998], [-9281749.8031, 5148031.2217999995], [-9281625.2509, 5148228.018200003], [-9281615.2441, 5148238.794], [-9281605.5637, 5148249.8662], [-9281596.2186, 5148261.225100003], [-9281579.7112, 5148282.767499998], [-9281563.8149, 5148304.767999999], [-9281554.8314, 5148319.8213], [-9281421.5699, 5148248.9212], [-9281247.8322, 5148208.8649]]]]}}, {"type": "Feature", "properties": {"OBJECTID": 268, "CreationDate": "2025-01-14T11:11:12Z", "Creator": "NPS_WASO_LANDS", "EditDate": "2025-01-14T11:11:12Z", "Editor": "NPS_WASO_LANDS", "GlobalID": "{3E96CD98-31A1-4672-B0B4-D946F9AC7F5A}", "AreaID": 279, "UNIT_CODE": "SLBE", "GIS_Notes": "Lands - http://landsnet.nps.gov/tractsnet/documents/SLBE/Metadata/slbe_metadata.xml", "UNIT_NAME": "Sleeping Bear Dunes National Lakeshore", "DATE_EDIT": "2024-09-18T00:00:00Z", "STATE": "MI", "REGION": "MW", "GNIS_ID": "638101", "UNIT_TYPE": "National Lakeshore", "CREATED_BY": "Lands", "METADATA": "https://irma.nps.gov/DataStore/Reference/Profile/2272027", "PARKNAME": "Sleeping Bear Dunes", "SHAPE_Length": 345192.24851414555, "SHAPE_Area": 570416633.5704583}, "geometry": {"type": "MultiPolygon", "coordinates": [[[[-9562460.9653, 5597454.190200001], [-9562461.4437, 5597410.587200001], [-9562461.9223, 5597366.984300002], [-9562462.4008, 5597323.381700002], [-9562462.8793, 5597279.779200003], [-9562463.3577, 5597236.176799998], [-9562463.8362, 5597192.5748], [-9562464.3148, 5597148.972999997], [-9562464.7931, 5597105.371399999], [-9562465.2716, 5597061.770000003], [-9562465.7501, 5597018.1686], [-9562466.2285, 5596974.567699999], [-9562466.707, 5596930.9668999985], [-9562467.1855, 5596887.366300002], [-9562467.6638, 5596843.766000003], [-9562468.1423, 5596800.1657000035], [-9562468.6207, 5596756.565700002], [-9562497.052, 5596722.113200001], [-9562525.4831, 5596687.6608000025], [-9562553.9139, 5596653.2082], [-9562582.3446, 5596618.755900003], [-9562610.775, 5596584.303499997], [-9562639.2052, 5596549.851099998], [-9562667.6351, 5596515.398900002], [-9562696.0649, 5596480.946699999], [-9562724.4944, 5596446.4943], [-9562752.9238, 5596412.042199999], [-9562781.3529, 5596377.590099998], [-9562809.7818, 5596343.137900002], [-9562838.2105, 5596308.685900003], [-9562866.6389, 5596274.233999997], [-9562895.0672, 5596239.781900004], [-9562923.4953, 5596205.329999998], [-9562923.78, 5596161.738399997], [-9562924.0649, 5596118.146899998], [-9562924.3495, 5596074.5559], [-9562924.6344, 5596030.9648], [-9562924.9192, 5595987.373999998], [-9562925.2039, 5595943.783399999], [-9562925.4887, 5595900.1932], [-9562925.7733, 5595856.603], [-9562926.0581, 5595813.012999997], [-9562926.343, 5595769.423199996], [-9562926.6276, 5595725.833700001], [-9562926.9124, 5595682.244499996], [-9562927.1971, 5595638.655299999], [-9562928.0267, 5595595.186899997], [-9562928.8564, 5595551.718699999], [-9562929.686, 5595508.250699997], [-9562930.5156, 5595464.783], [-9562931.3451, 5595421.315399997], [-9562932.1747, 5595377.848099999], [-9562933.0043, 5595334.380800001], [-9562933.8339, 5595290.913800001], [-9562934.6635, 5595247.447099999], [-9562935.493, 5595203.980499998], [-9562936.3225, 5595160.514300004], [-9562937.152, 5595117.048100002], [-9562937.9816, 5595073.5823], [-9562938.8142, 5595029.9582], [-9562939.6466, 5594986.334200002], [-9562940.4792, 5594942.710500002], [-9562941.3116, 5594899.087099999], [-9562942.1442, 5594855.463799998], [-9562942.9766, 5594811.840800002], [-9562943.8092, 5594768.218000002], [-9562944.6417, 5594724.595399998], [-9562945.4741, 5594680.972999997], [-9562946.3067, 5594637.3508], [-9562947.139, 5594593.728600003], [-9562947.9716, 5594550.106799997], [-9562948.8039, 5594506.485299997], [-9562949.6364, 5594462.8693], [-9562950.4687, 5594419.253399998], [-9562951.301, 5594375.637800001], [-9562952.1333, 5594332.0222999975], [-9562952.9656, 5594288.4070999995], [-9562953.7978, 5594244.792000003], [-9562954.6301, 5594201.177299999], [-9562955.4625, 5594157.562600002], [-9562956.2948, 5594113.948299997], [-9562957.127, 5594070.333999999], [-9562957.9593, 5594026.7201000005], [-9562958.7915, 5593983.106299996], [-9562959.6237, 5593939.492799997], [-9562960.4561, 5593895.8794], [-9562961.2883, 5593852.2663], [-9562962.1205, 5593808.653300002], [-9562962.9527, 5593765.040600002], [-9562963.7848, 5593721.428000003], [-9562964.617, 5593677.815800004], [-9562965.4492, 5593634.203599997], [-9562966.2815, 5593590.591799997], [-9562967.1136, 5593546.979999997], [-9562967.9458, 5593503.368600003], [-9562968.7779, 5593459.757299997], [-9562969.61, 5593416.146300003], [-9562970.4421, 5593372.535400003], [-9563014.275, 5593374.224200003], [-9563058.1078, 5593375.912600003], [-9563101.9407, 5593377.6008], [-9563145.7735, 5593379.288900003], [-9563189.6064, 5593380.9767], [-9563233.4393, 5593382.664300002], [-9563277.2721, 5593384.351800002], [-9563321.1051, 5593386.038999997], [-9563364.938, 5593387.725900002], [-9563408.771, 5593389.412799999], [-9563452.604, 5593391.099299997], [-9563496.437, 5593392.785599999], [-9563540.27, 5593394.4717999995], [-9563584.1029, 5593396.157700002], [-9563627.9359, 5593397.8433], [-9563671.769, 5593399.5288999975], [-9563715.6021, 5593401.214100003], [-9563759.4352, 5593402.899099998], [-9563803.2683, 5593404.584100001], [-9563847.1015, 5593406.268700004], [-9563890.9345, 5593407.953100003], [-9563934.7676, 5593409.637400001], [-9563978.6008, 5593411.3213], [-9564022.434, 5593413.005000003], [-9564066.2672, 5593414.688699998], [-9564110.1005, 5593416.372000001], [-9564155.2248, 5593418.306000002], [-9564200.3492, 5593420.239699997], [-9564245.4737, 5593422.173199996], [-9564290.5982, 5593424.1065], [-9564335.7227, 5593426.039499998], [-9564380.8472, 5593427.9723000005], [-9564425.9717, 5593429.905000001], [-9564471.0962, 5593431.837399997], [-9564522.323, 5593434.030699998], [-9564573.5497, 5593436.223899998], [-9564624.7764, 5593438.416699998], [-9564676.0031, 5593440.609300002], [-9564675.1073, 5593485.610200003], [-9564674.2115, 5593530.611400001], [-9564673.3156, 5593575.6127], [-9564672.4198, 5593620.614299998], [-9564671.5238, 5593665.6162], [-9564670.628, 5593710.618100002], [-9564669.662, 5593759.142499998], [-9564668.696, 5593807.6669000015], [-9564667.73, 5593856.191699997], [-9564666.7639, 5593904.716600001], [-9564665.7979, 5593953.241899997], [-9564664.8318, 5594001.767499998], [-9564663.9629, 5594045.4125000015], [-9564663.094, 5594089.057899997], [-9564662.2251, 5594132.703500003], [-9564661.3562, 5594176.349200003], [-9564660.4873, 5594219.995200001], [-9564659.6183, 5594263.641400002], [-9564658.7494, 5594307.287699997], [-9564657.8804, 5594350.9344], [-9564657.0114, 5594394.581200004], [-9564656.1426, 5594438.2282000035], [-9564655.2736, 5594481.875399999], [-9564654.4046, 5594525.5229], [-9564653.5356, 5594569.170400001], [-9564652.6665, 5594612.821500003], [-9564651.7974, 5594656.472499996], [-9564650.9285, 5594700.123800002], [-9564650.0594, 5594743.775300004], [-9564649.1904, 5594787.427100003], [-9564648.3212, 5594831.079000004], [-9564647.4521, 5594874.731200002], [-9564646.5831, 5594918.383500002], [-9564645.7139, 5594962.035999998], [-9564644.8449, 5595005.688900001], [-9564643.9757, 5595049.3418999985], [-9564643.1067, 5595092.994999997], [-9564642.2375, 5595136.648400001], [-9564641.3645, 5595180.495300002], [-9564640.4915, 5595224.342500001], [-9564639.6184, 5595268.1897], [-9564638.7454, 5595312.037299998], [-9564637.8724, 5595355.884900004], [-9564636.9994, 5595399.732900001], [-9564636.1264, 5595443.581100002], [-9564635.2532, 5595487.429399997], [-9564634.3802, 5595531.277999997], [-9564633.5071, 5595575.126800001], [-9564632.634, 5595618.975699998], [-9564631.7608, 5595662.825000003], [-9564630.8878, 5595706.6743], [-9564630.5347, 5595750.4641999975], [-9564630.1817, 5595794.254199997], [-9564629.8286, 5595838.044500001], [-9564629.4756, 5595881.834899999], [-9564629.1227, 5595925.625500001], [-9564628.7696, 5595969.4164], [-9564628.4165, 5596013.2075999975], [-9564628.0635, 5596056.998899996], [-9564627.7104, 5596100.790299997], [-9564627.3573, 5596144.582000002], [-9564627.0042, 5596188.373899996], [-9564626.6512, 5596232.166000001], [-9564626.2981, 5596275.958499998], [-9564625.945, 5596319.751000002], [-9564625.5919, 5596363.543799996], [-9564625.2388, 5596407.3367], [-9564624.8857, 5596451.129900001], [-9564624.5326, 5596494.923299998], [-9564624.1795, 5596538.716799997], [-9564623.8264, 5596582.510799997], [-9564623.4733, 5596626.304799996], [-9564623.1201, 5596670.098999999], [-9564622.767, 5596713.893399999], [-9564622.4139, 5596757.688100003], [-9564622.0609, 5596801.482900001], [-9564621.7078, 5596845.278099999], [-9564577.506, 5596843.455499999], [-9564533.3044, 5596841.632700004], [-9564489.1029, 5596839.809799999], [-9564444.9013, 5596837.986500002], [-9564400.6998, 5596836.163099997], [-9564356.4982, 5596834.339500003], [-9564312.2967, 5596832.515699998], [-9564311.7292, 5596876.2238000035], [-9564311.1618, 5596919.9322], [-9564310.5944, 5596963.640900001], [-9564310.027, 5597007.349600002], [-9564309.4595, 5597051.058700003], [-9564308.892, 5597094.7678999975], [-9564308.3245, 5597138.477399997], [-9564307.7571, 5597182.186999999], [-9564307.1896, 5597225.897], [-9564306.6222, 5597269.607000001], [-9564306.0547, 5597313.317299999], [-9564305.4871, 5597357.027800001], [-9564304.9196, 5597400.738399997], [-9564254.14, 5597398.634599999], [-9564203.3603, 5597396.5304000005], [-9564152.5808, 5597394.425899997], [-9564101.8012, 5597392.321199998], [-9564051.0216, 5597390.2161], [-9564050.6664, 5597433.933499999], [-9564050.3112, 5597477.6511999965], [-9564049.956, 5597521.369000003], [-9564049.6008, 5597565.087099999], [-9564049.2456, 5597608.805399999], [-9564048.8904, 5597652.523800001], [-9564048.5352, 5597696.242700003], [-9564048.18, 5597739.961599998], [-9564047.8248, 5597783.680699997], [-9564047.4696, 5597827.3999999985], [-9564047.1143, 5597871.119499996], [-9564046.7591, 5597914.839299999], [-9564046.4039, 5597958.559199996], [-9564002.1659, 5597957.064199999], [-9563957.9278, 5597955.5691], [-9563913.6899, 5597954.073799998], [-9563869.4518, 5597952.578199998], [-9563825.2139, 5597951.082400002], [-9563780.976, 5597949.586400002], [-9563736.738, 5597948.090099998], [-9563692.5002, 5597946.593699999], [-9563648.2622, 5597945.097000003], [-9563604.0243, 5597943.600100003], [-9563559.7865, 5597942.103], [-9563515.5486, 5597940.605800003], [-9563471.3108, 5597939.108199999], [-9563427.0729, 5597937.610399999], [-9563382.8351, 5597936.112400003], [-9563338.5974, 5597934.614200003], [-9563294.3595, 5597933.115800001], [-9563250.1218, 5597931.617200002], [-9563205.8839, 5597930.118299998], [-9563161.6463, 5597928.619199999], [-9563111.7915, 5597926.9296], [-9563061.9366, 5597925.239699997], [-9563012.0819, 5597923.549400002], [-9562962.2272, 5597921.858999997], [-9562912.3723, 5597920.168099999], [-9562866.7531, 5597917.175700001], [-9562821.1337, 5597914.182899997], [-9562775.5144, 5597911.189900003], [-9562729.8951, 5597908.196699999], [-9562684.2759, 5597905.203400001], [-9562638.6567, 5597902.209600002], [-9562593.0374, 5597899.2157000005], [-9562547.4184, 5597896.221699998], [-9562501.7992, 5597893.227300003], [-9562456.1801, 5597890.232699998], [-9562456.6587, 5597846.627499998], [-9562457.1371, 5597803.022600003], [-9562457.6157, 5597759.417800002], [-9562458.0943, 5597715.813299999], [-9562458.5727, 5597672.208899997], [-9562459.0513, 5597628.604699999], [-9562459.5298, 5597585.000799999], [-9562460.0082, 5597541.397100002], [-9562460.4868, 5597497.793700002], [-9562460.9653, 5597454.190200001]]], [[[-9586077.136, 5629568.771899998], [-9586043.682, 5629547.071800001], [-9586017.9571, 5629529.362400003], [-9585991.0936, 5629509.755199999], [-9585961.8225, 5629486.712300003], [-9585934.1163, 5629461.797799997], [-9585908.0938, 5629435.118500002], [-9585904.9865, 5629431.689099997], [-9585874.8077, 5629398.1083], [-9585853.6876, 5629373.207999997], [-9585852.2918, 5629371.456500001], [-9585824.8485, 5629352.486500002], [-9585804.1166, 5629336.489699997], [-9585765.75, 5629305.450199999], [-9585757.2115, 5629298.403999999], [-9585729.5065, 5629273.489399999], [-9585703.4851, 5629246.810099997], [-9585684.1114, 5629224.462399997], [-9585670.125, 5629221.050300002], [-9585615.2961, 5629213.407300003], [-9585607.885, 5629212.324100003], [-9585560.6162, 5629205.096699998], [-9585547.5843, 5629202.948299997], [-9585511.1752, 5629195.269400001], [-9585475.3448, 5629185.217699997], [-9585469.7097, 5629183.402999997], [-9585425.8186, 5629169.0151999965], [-9585396.3555, 5629158.448299997], [-9585362.1397, 5629143.789800003], [-9585328.9529, 5629126.9174000025], [-9585310.5842, 5629116.3565], [-9585286.7081, 5629102.030000001], [-9585246.9834, 5629082.000100002], [-9585241.9237, 5629079.417099997], [-9585233.1585, 5629074.8869], [-9585186.9315, 5629064.884599999], [-9585152.8739, 5629057.700099997], [-9585144.1422, 5629055.785899997], [-9585111.0004, 5629048.246600002], [-9585101.5949, 5629046.022399999], [-9585065.7656, 5629035.969300002], [-9585030.6684, 5629023.586300001], [-9584996.4538, 5629008.926700003], [-9584963.2682, 5628992.053300001], [-9584931.2538, 5628973.038099997], [-9584900.5475, 5628951.9629999995], [-9584878.2107, 5628934.658799998], [-9584854.2311, 5628915.110100001], [-9584847.3015, 5628909.369000003], [-9584840.2637, 5628903.3451000005], [-9584827.4534, 5628896.015100002], [-9584817.0846, 5628891.663900003], [-9584764.8897, 5628874.697999999], [-9584696.0367, 5628853.348399997], [-9584623.2179, 5628833.474399999], [-9584555.2625, 5628815.441200003], [-9584529.6531, 5628807.996399999], [-9584499.1222, 5628797.370200001], [-9584446.4018, 5628777.319200002], [-9584393.6817, 5628757.2678999975], [-9584331.3156, 5628743.777800001], [-9584327.2566, 5628742.884400003], [-9584245.5983, 5628724.5929000005], [-9584234.3066, 5628721.9419], [-9584228.5302, 5628720.490999997], [-9584161.7645, 5628703.347999997], [-9584096.2163, 5628689.977899998], [-9584062.018, 5628685.520400003], [-9584036.4858, 5628681.5986], [-9584002.0033, 5628674.382799998], [-9583936.6473, 5628658.568000004], [-9583900.8208, 5628648.510600001], [-9583898.0296, 5628647.6193], [-9583875.9999, 5628640.522100002], [-9583871.6539, 5628640.319799997], [-9583836.024, 5628637.5342999995], [-9583809.5028, 5628633.981299996], [-9583768.1611, 5628627.445600003], [-9583744.891, 5628625.265600003], [-9583702.7568, 5628624.346500002], [-9583642.3352, 5628627.0546], [-9583564.25, 5628636.967699997], [-9583553.6614, 5628638.2108], [-9583512.5376, 5628642.647], [-9583501.2243, 5628643.752700001], [-9583485.0944, 5628644.934199996], [-9583453.3365, 5628646.805299997], [-9583395.1185, 5628647.239], [-9583358.025, 5628644.385200001], [-9583321.1969, 5628639.103299998], [-9583284.7921, 5628631.415799998], [-9583252.0618, 5628622.325900003], [-9583223.6075, 5628613.497500002], [-9583220.5121, 5628612.527400002], [-9583185.4192, 5628600.137800001], [-9583151.2092, 5628585.471900001], [-9583139.7096, 5628579.930500001], [-9583112.3302, 5628566.3554000035], [-9583090.6493, 5628555.0173999965], [-9583058.6403, 5628535.996699996], [-9583027.94, 5628514.916000001], [-9582996.4382, 5628491.689800002], [-9582967.5662, 5628468.925700001], [-9582962.1489, 5628464.3046], [-9582956.7992, 5628459.683300003], [-9582935.4824, 5628447.621299997], [-9582926.6767, 5628442.5339], [-9582861.0488, 5628403.8314], [-9582811.761, 5628378.821599998], [-9582762.4735, 5628353.8116], [-9582746.7476, 5628347.5205999985], [-9582716.9124, 5628334.582000002], [-9582683.7335, 5628317.701399997], [-9582657.9875, 5628302.626800001], [-9582634.1158, 5628287.794299997], [-9582627.8546, 5628283.847199999], [-9582597.1561, 5628262.765699998], [-9582567.8979, 5628239.715000004], [-9582540.2049, 5628214.793499999], [-9582514.1961, 5628188.108400002], [-9582489.9827, 5628159.773500003], [-9582467.6682, 5628129.910499997], [-9582456.7257, 5628113.632100001], [-9582440.8921, 5628089.180299997], [-9582431.515, 5628074.195200004], [-9582413.2771, 5628041.6655], [-9582407.4667, 5628030.142200001], [-9582396.3218, 5628018.277400002], [-9582372.1091, 5627989.9428], [-9582349.7956, 5627960.0798999965], [-9582329.4767, 5627928.8169], [-9582312.7635, 5627899.206699997], [-9582300.7413, 5627876.342299998], [-9582282.581, 5627858.357299998], [-9582268.8312, 5627844.260700002], [-9582245.9361, 5627819.9617], [-9582239.7987, 5627813.343699999], [-9582215.5871, 5627785.009300001], [-9582193.2746, 5627755.1467999965], [-9582172.9566, 5627723.884099998], [-9582154.7203, 5627691.3552], [-9582152.0298, 5627686.099299997], [-9582140.5404, 5627663.365800001], [-9582116.9882, 5627619.560099997], [-9582114.5086, 5627614.896600001], [-9582094.4719, 5627576.7883], [-9582075.4384, 5627557.546700001], [-9582069.0837, 5627551.018799998], [-9582041.3806, 5627522.101499997], [-9582031.9797, 5627512.048199996], [-9582018.6899, 5627496.961000003], [-9581981.2432, 5627452.9058], [-9581970.3229, 5627439.659100004], [-9581948.0121, 5627409.797200002], [-9581931.6153, 5627384.9256], [-9581904.7871, 5627341.822499998], [-9581900.8677, 5627335.4322], [-9581889.7948, 5627316.2808], [-9581878.5383, 5627295.910999998], [-9581856.6328, 5627266.556100003], [-9581836.3171, 5627235.294299997], [-9581821.1811, 5627208.658500001], [-9581797.7436, 5627164.7086], [-9581794.6455, 5627158.816500001], [-9581778.5711, 5627125.1620000005], [-9581764.725, 5627090.524700001], [-9581758.678, 5627072.9494], [-9581717.2731, 5627017.699100003], [-9581701.1073, 5626999.006700002], [-9581693.5412, 5626992.2421], [-9581678.486, 5626978.285099998], [-9581674.6644, 5626974.577399999], [-9581613.33, 5626914.510300003], [-9581591.1492, 5626891.533799998], [-9581569.9017, 5626866.872000001], [-9581525.3446, 5626812.063299999], [-9581473.6212, 5626750.288199998], [-9581465.4102, 5626740.251500003], [-9581457.8959, 5626730.6413], [-9581444.5726, 5626713.220399998], [-9581429.7793, 5626692.969800003], [-9581409.4664, 5626661.709200002], [-9581391.235, 5626629.182499997], [-9581376.567, 5626598.707699999], [-9581374.9429, 5626595.060900003], [-9581362.9578, 5626573.127400003], [-9581346.8861, 5626539.474299997], [-9581345.6915, 5626536.727499999], [-9581339.5649, 5626525.230700001], [-9581323.4933, 5626491.577799998], [-9581309.6501, 5626456.942299999], [-9581308.6339, 5626454.114500001], [-9581302.3719, 5626436.542300001], [-9581291.8323, 5626403.900399998], [-9581282.6136, 5626367.748499997], [-9581275.7714, 5626331.069200002], [-9581271.3348, 5626294.019699998], [-9581269.3229, 5626256.758400001], [-9581269.0965, 5626246.139300004], [-9581269.5179, 5626208.825999998], [-9581272.3707, 5626171.620200001], [-9581277.6427, 5626134.681400001], [-9581285.3114, 5626098.1677], [-9581295.3436, 5626062.235600002], [-9581307.6967, 5626027.038699999], [-9581322.3176, 5625992.727899998], [-9581323.721, 5625989.734200001], [-9581327.1005, 5625982.579099998], [-9581342.5231, 5625952.2951000035], [-9581361.4821, 5625920.192599997], [-9581382.4932, 5625889.402999997], [-9581405.4661, 5625860.057999998], [-9581430.3026, 5625832.283299997], [-9581456.8962, 5625806.197999999], [-9581485.1332, 5625781.9135000035], [-9581514.8926, 5625759.5336000025], [-9581546.047, 5625739.154600002], [-9581578.4628, 5625720.863399997], [-9581612.0015, 5625704.738399997], [-9581646.5194, 5625690.848399997], [-9581681.8688, 5625679.253300004], [-9581717.898, 5625670.002400003], [-9581754.4532, 5625663.135499999], [-9581791.3775, 5625658.681699999], [-9581828.5131, 5625656.660400003], [-9581865.7009, 5625657.080200002], [-9581879.9639, 5625657.890100002], [-9581892.9331, 5625658.7907000035], [-9581915.751, 5625660.839599997], [-9581952.566, 5625666.125500001], [-9581988.9576, 5625673.8156], [-9582024.7701, 5625683.877300002], [-9582059.8501, 5625696.267200001], [-9582094.0473, 5625710.932400003], [-9582127.2155, 5625727.8103], [-9582159.2125, 5625746.828500003], [-9582174.2273, 5625756.770999998], [-9582204.7853, 5625765.103799999], [-9582215.0604, 5625768.009800002], [-9582269.7479, 5625784.034599997], [-9582298.7499, 5625791.068099998], [-9582327.5276, 5625798.950900003], [-9582376.7053, 5625813.823299997], [-9582425.8832, 5625828.695600003], [-9582428.1368, 5625829.382200003], [-9582478.7418, 5625844.915600002], [-9582529.347, 5625860.448700003], [-9582577.3068, 5625872.545900002], [-9582625.2665, 5625884.642999999], [-9582673.2266, 5625896.739799999], [-9582719.267, 5625906.5385000035], [-9582765.3076, 5625916.336800002], [-9582811.3483, 5625926.134999998], [-9582857.389, 5625935.932999998], [-9582912.9085, 5625947.368100002], [-9582968.4282, 5625958.803000003], [-9583023.9481, 5625970.237499997], [-9583070.5186, 5625978.596600004], [-9583117.0892, 5625986.9553999975], [-9583140.4335, 5625991.6536], [-9583196.6955, 5626004.212099999], [-9583222.424, 5626007.731200002], [-9583261.9822, 5626011.732500002], [-9583325.9828, 5626010.782499999], [-9583375.7589, 5626008.622699998], [-9583384.0705, 5626007.734300002], [-9583448.3608, 5625997.096699998], [-9583498.5748, 5625987.8935], [-9583548.7887, 5625978.689900003], [-9583591.2833, 5625969.204099998], [-9583619.0914, 5625959.839400001], [-9583636.1594, 5625952.515100002], [-9583688.1294, 5625926.1439], [-9583731.7892, 5625904.009400003], [-9583743.3605, 5625896.734099999], [-9583775.3371, 5625871.119099997], [-9583807.9084, 5625843.665299997], [-9583840.3939, 5625808.575199999], [-9583868.2082, 5625775.128700003], [-9583896.0223, 5625741.6822], [-9583937.8169, 5625681.915600002], [-9583979.527, 5625616.659500003], [-9584001.9405, 5625574.917599998], [-9584024.3539, 5625533.176100001], [-9584057.9442, 5625466.385700002], [-9584075.1958, 5625424.993199997], [-9584092.4475, 5625383.600900002], [-9584116.1044, 5625307.414800003], [-9584128.5232, 5625252.5075], [-9584140.9419, 5625197.600599997], [-9584151.9149, 5625144.932400003], [-9584162.8876, 5625092.264300004], [-9584173.977, 5625014.2733], [-9584175.4363, 5624968.504000001], [-9584176.8955, 5624922.734999999], [-9584176.1949, 5624845.711300001], [-9584171.6141, 5624799.630900003], [-9584167.0335, 5624753.550499998], [-9584159.8333, 5624702.874899998], [-9584143.7002, 5624620.745300002], [-9584133.2888, 5624576.129199997], [-9584122.8774, 5624531.513400003], [-9584110.2097, 5624488.723999999], [-9584097.542, 5624445.935000002], [-9584079.6825, 5624401.987000003], [-9584061.8231, 5624358.039300002], [-9584043.7749, 5624316.9859], [-9584025.7267, 5624275.932700001], [-9584004.596, 5624229.586199999], [-9583983.4654, 5624183.2399], [-9583952.0533, 5624127.833800003], [-9583919.1769, 5624075.503899999], [-9583881.4859, 5624019.604099996], [-9583877.3985, 5624018.373099998], [-9583839.7034, 5624006.864600003], [-9583834.1917, 5624005.151000001], [-9583799.1158, 5623992.770300001], [-9583795.5045, 5623991.346500002], [-9583763.3378, 5623978.536899999], [-9583732.7557, 5623965.3046], [-9583703.7633, 5623950.710500002], [-9583676.4955, 5623935.992399998], [-9583672.3233, 5623933.7179000005], [-9583640.3296, 5623914.708899997], [-9583609.6436, 5623893.641199999], [-9583607.4632, 5623892.0286], [-9583585.0953, 5623875.402999997], [-9583558.0292, 5623853.979099996], [-9583542.9149, 5623840.788099997], [-9583511.3067, 5623812.204099998], [-9583498.7389, 5623800.488799997], [-9583492.8873, 5623794.785400003], [-9583449.0275, 5623751.417199999], [-9583428.8804, 5623730.451200001], [-9583405.2255, 5623702.818700001], [-9583371.7572, 5623661.095299996], [-9583349.4512, 5623631.249399997], [-9583347.5677, 5623628.532799996], [-9583307.8857, 5623570.941600002], [-9583303.5351, 5623564.534699999], [-9583282.3512, 5623532.877999999], [-9583268.273, 5623510.7557], [-9583250.0413, 5623478.244099997], [-9583233.968, 5623444.605700001], [-9583220.122, 5623409.984700002], [-9583208.5627, 5623374.529299997], [-9583206.8943, 5623368.665299997], [-9583195.7826, 5623328.803199999], [-9583188.2276, 5623298.5295], [-9583181.38, 5623261.864], [-9583180.7095, 5623257.368199997], [-9583173.1858, 5623205.504000001], [-9583169.4134, 5623172.963600002], [-9583167.3945, 5623135.715400003], [-9583166.4403, 5623091.417099997], [-9583166.8134, 5623055.055399999], [-9583167.6728, 5623034.631899998], [-9583167.7666, 5623022.5907000005], [-9583168.2952, 5623002.058499999], [-9583171.1393, 5622964.865099996], [-9583176.4016, 5622927.938100003], [-9583184.0598, 5622891.435500003], [-9583194.0809, 5622855.513700001], [-9583206.4222, 5622820.3266], [-9583221.0305, 5622786.024700001], [-9583237.8435, 5622752.754900001], [-9583247.5865, 5622735.007200003], [-9583256.8853, 5622716.759000003], [-9583272.1937, 5622684.329499997], [-9583279.6795, 5622669.064300001], [-9583280.9815, 5622661.356399998], [-9583284.0231, 5622645.400600001], [-9583288.6609, 5622622.820200004], [-9583293.2769, 5622602.274400003], [-9583303.2973, 5622566.353699997], [-9583315.6375, 5622531.167499997], [-9583330.245, 5622496.866400003], [-9583347.0572, 5622463.597400002], [-9583363.7737, 5622435.038999997], [-9583378.0158, 5622412.250799999], [-9583380.2439, 5622408.714599997], [-9583401.2398, 5622377.931999996], [-9583424.1972, 5622348.593199998], [-9583449.0177, 5622320.8235], [-9583475.5951, 5622294.741899997], [-9583479.3203, 5622291.3486], [-9583487.3376, 5622284.109999999], [-9583502.6728, 5622268.856600001], [-9583518.9023, 5622253.338600002], [-9583540.1262, 5622234.781099997], [-9583598.7294, 5622186.049900003], [-9583600.5624, 5622184.5320999995], [-9583630.079, 5622160.195799999], [-9583635.2422, 5622155.989200003], [-9583664.9841, 5622133.611199997], [-9583683.0388, 5622121.440800004], [-9583720.9619, 5622096.921300001], [-9583734.0441, 5622088.7129999995], [-9583759.5743, 5622074.067199998], [-9583796.7922, 5622053.980700001], [-9583803.6604, 5622050.3345], [-9583819.3235, 5622042.461599998], [-9583850.6396, 5622027.322400004], [-9583868.4974, 5622019.0682], [-9583898.7462, 5622006.746399999], [-9583942.056, 5621990.5424000025], [-9583946.3074, 5621988.971000001], [-9583977.1021, 5621978.718199998], [-9584010.1326, 5621968.762199998], [-9584014.6696, 5621967.415299997], [-9584050.6818, 5621958.1586000025], [-9584085.5973, 5621951.537699997], [-9584138.383, 5621943.236400001], [-9584175.2909, 5621938.774599999], [-9584187.4091, 5621937.8429000005], [-9584214.1249, 5621936.0766], [-9584220.2743, 5621935.405000001], [-9584222.6428, 5621934.873000003], [-9584259.1808, 5621927.998599999], [-9584295.4838, 5621923.589599997], [-9584314.0896, 5621921.9375], [-9584354.3198, 5621911.955899999], [-9584364.0849, 5621909.624600001], [-9584383.0583, 5621905.2722999975], [-9584406.2528, 5621896.221600004], [-9584441.5836, 5621884.620200001], [-9584472.6645, 5621876.481700003], [-9584494.3484, 5621871.455899999], [-9584521.35, 5621851.265799999], [-9584552.4839, 5621830.884800002], [-9584584.8797, 5621812.590499997], [-9584602.9076, 5621803.579099998], [-9584604.5683, 5621802.785700001], [-9584616.898, 5621793.875299998], [-9584627.5192, 5621786.592600003], [-9584640.6021, 5621777.838100001], [-9584659.3035, 5621761.645499997], [-9584664.4367, 5621756.839000002], [-9584669.031, 5621751.397500001], [-9584692.1454, 5621725.649899997], [-9584718.7174, 5621699.566399999], [-9584735.3449, 5621684.868500002], [-9584756.1022, 5621667.229199998], [-9584765.2001, 5621659.659599997], [-9584766.3922, 5621657.0776999965], [-9584783.1976, 5621623.809100002], [-9584802.1352, 5621591.714299999], [-9584823.1244, 5621560.931199998], [-9584846.0749, 5621531.591200002], [-9584870.8885, 5621503.819399998], [-9584897.4589, 5621477.735299997], [-9584911.6134, 5621465.149700001], [-9584937.8849, 5621439.378399998], [-9584940.486, 5621437.001699999], [-9584948.8895, 5621429.370899998], [-9584974.5019, 5621407.462700002], [-9585004.2376, 5621385.081200004], [-9585035.3684, 5621364.699100003], [-9585067.7611, 5621346.403300002], [-9585101.2769, 5621330.272399999], [-9585135.7724, 5621316.375200003], [-9585171.0997, 5621304.771399997], [-9585190.3695, 5621299.502099998], [-9585200.8678, 5621296.829300001], [-9585205.804, 5621295.346900001], [-9585209.7183, 5621294.1866], [-9585245.7262, 5621284.925700001], [-9585267.9195, 5621280.4516], [-9585300.3569, 5621274.5842999965], [-9585314.6982, 5621272.18], [-9585351.6026, 5621267.713500001], [-9585388.7192, 5621265.678300001], [-9585397.1935, 5621265.555799998], [-9585404.4288, 5621265.5053], [-9585407.7778, 5621265.113300003], [-9585441.3897, 5621260.207400002], [-9585473.6185, 5621256.4428], [-9585479.7016, 5621255.941500001], [-9585487.6453, 5621255.329800002], [-9585510.7743, 5621251.263800003], [-9585546.1703, 5621246.931000002], [-9585581.8338, 5621238.611599997], [-9585587.4778, 5621237.325400002], [-9585624.0118, 5621230.445600003], [-9585646.2649, 5621227.4575999975], [-9585677.9657, 5621223.839100003], [-9585679.1915, 5621222.496399999], [-9585687.6773, 5621213.4038999975], [-9585714.2444, 5621187.3182], [-9585742.4549, 5621163.0315999985], [-9585772.188, 5621140.648199998], [-9585780.626, 5621134.831799999], [-9585796.3893, 5621124.174400002], [-9585801.3466, 5621120.860600002], [-9585820.181, 5621100.116700001], [-9585846.7475, 5621074.0309000015], [-9585874.9573, 5621049.744199999], [-9585877.4307, 5621047.763300002], [-9585902.203, 5621023.549400002], [-9585925.5084, 5621003.2579], [-9585949.0782, 5620983.836800002], [-9585953.9822, 5620979.841600001], [-9585983.7141, 5620957.457900003], [-9586014.8412, 5620937.073299997], [-9586031.4823, 5620927.3222], [-9586048.4127, 5620917.784100004], [-9586056.1547, 5620913.501699999], [-9586077.0442, 5620902.158500001], [-9586085.0503, 5620897.893600002], [-9586118.5627, 5620881.759599999], [-9586151.5525, 5620868.410599999], [-9586172.8902, 5620860.548799999], [-9586208.2144, 5620848.941399999], [-9586244.2196, 5620839.676899999], [-9586280.7515, 5620832.794699997], [-9586317.6538, 5620828.324699998], [-9586321.7406, 5620827.980099998], [-9586347.9556, 5620823.293799996], [-9586367.714, 5620820.594400004], [-9586371.7502, 5620819.680399999], [-9586376.3378, 5620818.679099999], [-9586379.3016, 5620818.045000002], [-9586398.4459, 5620812.07], [-9586421.7932, 5620805.234399997], [-9586457.798, 5620795.968999997], [-9586494.3296, 5620789.086099997], [-9586531.2315, 5620784.615099996], [-9586552.5872, 5620783.1426], [-9586573.1314, 5620782.116099998], [-9586578.7092, 5620781.8649], [-9586593.4087, 5620780.3781], [-9586595.6271, 5620780.187399998], [-9586604.0017, 5620777.727300003], [-9586640.0062, 5620768.461400002], [-9586676.5375, 5620761.577600002], [-9586713.4393, 5620757.105899997], [-9586750.5536, 5620755.065099999], [-9586775.2245, 5620755.057499997], [-9586788.3707, 5620755.340000004], [-9586800.8676, 5620755.7465], [-9586837.9298, 5620758.583400004], [-9586857.155, 5620761.025399998], [-9586870.9095, 5620763.012199998], [-9586888.4824, 5620765.8330999985], [-9586924.8586, 5620773.499300003], [-9586960.6573, 5620783.5361], [-9586995.7252, 5620795.900300004], [-9587016.4469, 5620804.455700003], [-9587031.4439, 5620810.997500002], [-9587035.5093, 5620812.789800003], [-9587049.9927, 5620816.141199999], [-9587081.1238, 5620824.724100001], [-9587087.1211, 5620825.750500001], [-9587123.4977, 5620833.415899999], [-9587159.2968, 5620843.451899998], [-9587172.2365, 5620847.713600002], [-9587189.5056, 5620853.632100001], [-9587211.6345, 5620861.734099999], [-9587232.3451, 5620870.284100004], [-9587233.5062, 5620870.7905], [-9587235.397, 5620871.3763], [-9587251.051, 5620875.9538], [-9587256.6876, 5620876.847499996], [-9587323.3382, 5620884.352600001], [-9587332.2576, 5620877.9529], [-9587363.3816, 5620857.5638], [-9587395.7676, 5620839.260700002], [-9587429.2774, 5620823.1219], [-9587455.3926, 5620812.352799997], [-9587464.1076, 5620803.0053], [-9587490.6685, 5620776.915399998], [-9587518.8729, 5620752.624300003], [-9587548.6004, 5620730.236100003], [-9587579.7232, 5620709.846600004], [-9587612.1084, 5620691.542999998], [-9587645.6173, 5620675.403700002], [-9587656.0345, 5620670.924699999], [-9587669.0544, 5620665.4804000035], [-9587693.1262, 5620656.053300001], [-9587728.4477, 5620644.440200001], [-9587764.4505, 5620635.1699], [-9587800.9804, 5620628.2817], [-9587812.4041, 5620626.632799998], [-9587829.2526, 5620624.3759], [-9587840.4322, 5620622.520400003], [-9587846.5338, 5620621.542000003], [-9587883.4345, 5620617.065499999], [-9587897.8755, 5620615.978799999], [-9587924.1029, 5620614.342299998], [-9587945.9026, 5620598.224799998], [-9587977.0242, 5620577.834200002], [-9587989.0426, 5620570.712399997], [-9587995.2478, 5620567.137900002], [-9588015.6134, 5620555.954999998], [-9588049.121, 5620539.814300001], [-9588079.7335, 5620527.339900002], [-9588092.7647, 5620522.467799999], [-9588096.6401, 5620521.034999996], [-9588131.9605, 5620509.420400001], [-9588141.2534, 5620506.784900002], [-9588161.6955, 5620501.174999997], [-9588188.4045, 5620494.538599998], [-9588205.8255, 5620490.943000004], [-9588249.561, 5620482.629900001], [-9588253.8387, 5620481.806599997], [-9588268.9236, 5620477.1598000005], [-9588304.9252, 5620467.8873], [-9588341.454, 5620460.997199997], [-9588367.0531, 5620457.629500002], [-9588386.9997, 5620455.466799997], [-9588398.3004, 5620454.355899997], [-9588435.413, 5620452.308300003], [-9588472.5796, 5620452.700300001], [-9588509.6411, 5620455.530299999], [-9588546.4388, 5620460.786200002], [-9588582.8153, 5620468.4454], [-9588618.6145, 5620478.475100003], [-9588622.8119, 5620479.8191], [-9588655.7744, 5620486.864799999], [-9588691.5738, 5620496.894199997], [-9588726.6429, 5620509.251500003], [-9588750.4437, 5620519.155500002], [-9588768.9058, 5620527.335100003], [-9588779.2938, 5620532.063100003], [-9588812.4557, 5620548.906999998], [-9588844.4487, 5620567.891199999], [-9588875.1359, 5620588.934], [-9588904.386, 5620611.9454], [-9588932.0735, 5620636.827100001], [-9588958.08, 5620663.472499996], [-9588965.8623, 5620672.163199998], [-9588970.9293, 5620673.493000001], [-9589006.8813, 5620681.061099999], [-9589042.0229, 5620688.184500001], [-9589056.3581, 5620688.6241], [-9589093.4207, 5620691.451700002], [-9589130.2198, 5620696.705300003], [-9589135.1977, 5620697.606600001], [-9589146.9063, 5620699.780299999], [-9589193.7162, 5620699.8715], [-9589230.7789, 5620702.6985], [-9589267.5781, 5620707.9516], [-9589303.9561, 5620715.608099997], [-9589339.7572, 5620725.635399997], [-9589374.8281, 5620737.9903], [-9589386.1802, 5620742.554899998], [-9589400.5957, 5620748.532700002], [-9589423.4341, 5620758.597999997], [-9589456.5981, 5620775.440099999], [-9589488.5933, 5620794.4223000035], [-9589519.2829, 5620815.463399999], [-9589548.5352, 5620838.473499998], [-9589564.8555, 5620852.739100002], [-9589575.9333, 5620862.801299997], [-9589587.303, 5620873.415899999], [-9589592.0865, 5620877.9855], [-9589616.2282, 5620896.7478], [-9589636.5964, 5620913.4750000015], [-9589641.7074, 5620917.7227], [-9589644.9903, 5620920.504900001], [-9589674.6115, 5620940.861699998], [-9589679.0206, 5620944.134599999], [-9589690.1985, 5620952.516599998], [-9589727.592, 5620972.263700001], [-9589755.0474, 5620985.473399997], [-9589810.5464, 5621012.037600003], [-9589819.7828, 5621016.561800003], [-9589835.5823, 5621024.4793], [-9589853.4893, 5621031.1098000035], [-9589869.2143, 5621037.508299999], [-9589884.3078, 5621043.9147000015], [-9589907.7604, 5621053.033699997], [-9589927.1771, 5621060.423199996], [-9589931.3055, 5621062.012800001], [-9589965.4982, 5621076.641099997], [-9589998.6643, 5621093.481799997], [-9590030.6617, 5621112.462800004], [-9590057.6413, 5621130.798100002], [-9590061.9197, 5621133.888899997], [-9590085.1198, 5621145.807099998], [-9590099.1778, 5621153.280000001], [-9590117.4633, 5621163.7786], [-9590148.0434, 5621176.9846], [-9590163.071, 5621184.276299998], [-9590165.5424, 5621185.520800002], [-9590171.424, 5621186.927900001], [-9590193.5181, 5621192.813699998], [-9590228.0111, 5621197.806000002], [-9590264.3919, 5621205.459200002], [-9590300.196, 5621215.483000003], [-9590335.2701, 5621227.835000001], [-9590369.4642, 5621242.461900003], [-9590402.6316, 5621259.301399998], [-9590434.6304, 5621278.281300001], [-9590465.3238, 5621299.3204], [-9590491.6034, 5621319.8429000005], [-9590506.8316, 5621327.394900002], [-9590533.8525, 5621335.192599997], [-9590539.8801, 5621337.132299997], [-9590570.3146, 5621331.557300001], [-9590607.2166, 5621327.069200002], [-9590644.3324, 5621325.0123], [-9590661.4637, 5621324.626199998], [-9590698.634, 5621325.009099998], [-9590735.6998, 5621327.8301], [-9590772.5023, 5621333.077399999], [-9590808.8842, 5621340.728399999], [-9590841.5974, 5621349.784000002], [-9590853.679, 5621353.521600001], [-9590856.7709, 5621354.487800002], [-9590891.8464, 5621366.837700002], [-9590926.0417, 5621381.462899998], [-9590959.2108, 5621398.300399996], [-9590991.2112, 5621417.278800003], [-9591021.9063, 5621438.316200003], [-9591051.1646, 5621461.322800003], [-9591066.0845, 5621474.316500001], [-9591075.9981, 5621483.2579], [-9591088.7743, 5621495.141800001], [-9591114.7896, 5621521.783500001], [-9591139.0122, 5621550.074500002], [-9591161.339, 5621579.8945999965], [-9591181.6743, 5621611.1162], [-9591190.9056, 5621626.922700003], [-9591204.5918, 5621651.245300002], [-9591213.6174, 5621667.928000003], [-9591224.1563, 5621689.2839], [-9591235.5589, 5621713.658399999], [-9591241.1198, 5621725.920199998], [-9591249.4889, 5621746.7929000035], [-9591250.7197, 5621748.983199999], [-9591266.8199, 5621782.601199999], [-9591280.6943, 5621817.204000004], [-9591286.8142, 5621834.939199999], [-9591301.3487, 5621861.193700001], [-9591317.4492, 5621894.812100001], [-9591320.1499, 5621901.059600003], [-9591340.4667, 5621948.8369999975], [-9591351.6409, 5621977.192699999], [-9591363.2306, 5622012.6325], [-9591367.4623, 5622027.951700002], [-9591380.6208, 5622078.303099997], [-9591385.6437, 5622099.108599998], [-9591392.5241, 5622135.763400003], [-9591397.0002, 5622172.791500002], [-9591399.0531, 5622210.0342999995], [-9591400.1898, 5622260.6589], [-9591399.8106, 5622297.957000002], [-9591397.0008, 5622335.150600001], [-9591391.7726, 5622372.080300003], [-9591390.9876, 5622376.465000004], [-9591380.4601, 5622433.974399999], [-9591380.0857, 5622436.714599997], [-9591380.1752, 5622440.700999998], [-9591386.3527, 5622512.3345], [-9591396.2881, 5622570.883599997], [-9591397.6743, 5622579.445699997], [-9591399.31, 5622590.816100001], [-9591407.9857, 5622655.7443], [-9591410.8264, 5622681.4038999975], [-9591412.8124, 5622715.9485], [-9591414.1389, 5622764.7531], [-9591415.4655, 5622813.557800002], [-9591416.792, 5622862.362899996], [-9591418.6753, 5622901.008199997], [-9591419.2091, 5622916.007100001], [-9591419.2039, 5622941.9177], [-9591418.3126, 5622980.911600001], [-9591419.1962, 5623020.265799999], [-9591421.1469, 5623067.094899997], [-9591425.5804, 5623127.623999998], [-9591426.9572, 5623156.250500001], [-9591428.2309, 5623211.620700002], [-9591427.8518, 5623248.922600001], [-9591425.0419, 5623286.120099999], [-9591422.1377, 5623308.698799998], [-9591419.0982, 5623329.109899998], [-9591417.4459, 5623345.814999998], [-9591415.1867, 5623408.278099999], [-9591415.037, 5623412.065899998], [-9591413.5882, 5623435.061800003], [-9591409.8801, 5623479.596699998], [-9591406.1719, 5623524.131700002], [-9591402.4638, 5623568.6668], [-9591401.4874, 5623579.211800002], [-9591399.3017, 5623600.654200003], [-9591400.8879, 5623671.302500002], [-9591400.9914, 5623690.966600001], [-9591400.1745, 5623759.433499999], [-9591399.6918, 5623777.073299997], [-9591396.8816, 5623814.2729], [-9591395.6767, 5623824.520900004], [-9591392.6767, 5623848.192100003], [-9591388.6526, 5623874.879799999], [-9591381.0268, 5623911.3935], [-9591371.0372, 5623947.3288], [-9591358.7264, 5623982.531900004], [-9591351.3447, 5624000.685000002], [-9591347.3171, 5624027.3989999965], [-9591340.2687, 5624061.515299998], [-9591334.8897, 5624084.060900003], [-9591334.3122, 5624086.458899997], [-9591324.3221, 5624122.3948], [-9591312.0109, 5624157.598399997], [-9591297.4311, 5624191.918799996], [-9591281.1706, 5624224.244599998], [-9591278.8743, 5624238.408799998], [-9591271.2478, 5624274.923900001], [-9591270.6207, 5624277.4771], [-9591264.1443, 5624303.588600002], [-9591254.7809, 5624336.972099997], [-9591242.469, 5624372.176399998], [-9591227.8886, 5624406.497599997], [-9591211.1021, 5624439.788599998], [-9591209.9475, 5624441.893200003], [-9591208.6516, 5624447.447099999], [-9591203.2722, 5624469.993600003], [-9591202.6945, 5624472.391500004], [-9591192.7036, 5624508.3288], [-9591180.3912, 5624543.533699997], [-9591165.8105, 5624577.8554000035], [-9591149.0233, 5624611.147], [-9591130.1019, 5624643.265799999], [-9591112.9924, 5624668.712700002], [-9591091.6188, 5624716.187799998], [-9591070.2448, 5624763.6630000025], [-9591067.5484, 5624769.562799998], [-9591065.2906, 5624774.3706], [-9591046.577, 5624813.742600001], [-9591027.8633, 5624853.114699997], [-9591009.1495, 5624892.486900002], [-9590990.8076, 5624938.548600003], [-9590972.4654, 5624984.6105], [-9590947.5815, 5625048.959600002], [-9590929.4672, 5625096.898199998], [-9590927.8702, 5625101.0748], [-9590913.2875, 5625135.398199998], [-9590896.4984, 5625168.691100001], [-9590877.5749, 5625200.811399996], [-9590856.598, 5625231.621100001], [-9590833.6576, 5625260.988499999], [-9590831.9519, 5625263.021200001], [-9590817.8877, 5625279.701499999], [-9590815.3951, 5625285.148400001], [-9590798.6054, 5625318.441799998], [-9590779.6812, 5625350.562399998], [-9590778.3508, 5625352.650700003], [-9590739.332, 5625413.601800002], [-9590730.1979, 5625434.8276999965], [-9590724.1585, 5625448.374799997], [-9590695.5873, 5625510.2858000025], [-9590687.6217, 5625526.756800003], [-9590665.0769, 5625571.529100001], [-9590642.532, 5625616.3015], [-9590633.707, 5625633.124700002], [-9590619.2643, 5625658.058899999], [-9590582.5562, 5625717.896300003], [-9590570.3898, 5625741.061899997], [-9590558.5051, 5625770.240199998], [-9590554.5166, 5625779.784100004], [-9590531.0181, 5625834.612000003], [-9590524.1422, 5625850.022399999], [-9590507.3504, 5625883.317299999], [-9590497.3948, 5625900.809900001], [-9590457.8804, 5625967.476999998], [-9590436.2221, 5626011.6603000015], [-9590414.5635, 5626055.843800001], [-9590397.0799, 5626096.639200002], [-9590379.5962, 5626137.434799999], [-9590362.1121, 5626178.230599999], [-9590341.1057, 5626238.7808], [-9590338.6744, 5626245.647], [-9590317.6061, 5626303.9639], [-9590313.318, 5626315.446599998], [-9590284.166, 5626391.0239999965], [-9590275.1019, 5626413.0722], [-9590247.7906, 5626475.754199997], [-9590227.214, 5626534.635499999], [-9590204.1288, 5626603.6096], [-9590195.1705, 5626628.452799998], [-9590181.2875, 5626661.2553], [-9590158.9158, 5626709.837099999], [-9590136.5436, 5626758.419200003], [-9590116.2378, 5626808.808300003], [-9590095.9318, 5626859.1976], [-9590079.1882, 5626904.9065999985], [-9590062.4443, 5626950.615500003], [-9590058.8049, 5626960.279299997], [-9590044.2158, 5626994.6083], [-9590037.8237, 5627007.928000003], [-9590010.7921, 5627062.435999997], [-9589998.8332, 5627090.869099997], [-9589978.143, 5627156.373499997], [-9589977.799, 5627157.566100001], [-9589975.1134, 5627191.889200002], [-9589974.1611, 5627200.104099996], [-9589968.1787, 5627248.6428999975], [-9589963.894, 5627277.376599997], [-9589956.2595, 5627313.902800001], [-9589946.2606, 5627349.849799998], [-9589940.0082, 5627368.637599997], [-9589931.1647, 5627393.751100004], [-9589921.7714, 5627427.898599997], [-9589912.4784, 5627472.8323], [-9589903.1853, 5627517.7663], [-9589898.8244, 5627537.148800001], [-9589895.9711, 5627548.379000001], [-9589875.271, 5627626.525200002], [-9589868.1157, 5627655.352399997], [-9589864.2108, 5627677.487199999], [-9589856.6932, 5627713.345700003], [-9589846.6933, 5627749.294100001], [-9589834.3714, 5627784.5097], [-9589819.4983, 5627819.447499998], [-9589821.5644, 5627856.924199998], [-9589821.1784, 5627894.244999997], [-9589818.3604, 5627931.4608], [-9589817.1306, 5627941.8904], [-9589815.1327, 5627957.593999997], [-9589811.1244, 5627984.115800001], [-9589803.4889, 5628020.6445999965], [-9589793.4884, 5628056.5942], [-9589781.1657, 5628091.810699999], [-9589766.5738, 5628126.1435], [-9589749.7749, 5628159.445299998], [-9589730.841, 5628191.573600002], [-9589725.6291, 5628199.640299998], [-9589715.3767, 5628215.219400004], [-9589699.6008, 5628237.969700001], [-9589676.6488, 5628267.343699999], [-9589672.8638, 5628271.827100001], [-9589653.3526, 5628294.698600002], [-9589632.3198, 5628318.020199999], [-9589588.4456, 5628364.017800003], [-9589580.9575, 5628371.7214], [-9589549.8582, 5628403.117700003], [-9589530.9112, 5628421.381300002], [-9589502.6877, 5628445.698200002], [-9589472.9395, 5628468.111100003], [-9589449.7721, 5628483.569899999], [-9589409.1243, 5628509.276000001], [-9589401.1458, 5628514.2299000025], [-9589397.3357, 5628516.5317], [-9589386.8439, 5628525.5375000015], [-9589373.0845, 5628552.3928999975], [-9589354.1485, 5628584.521600001], [-9589333.1585, 5628615.3391999975], [-9589310.2044, 5628644.713299997], [-9589285.3845, 5628672.518399999], [-9589271.4366, 5628687.140699998], [-9589244.9944, 5628713.113700002], [-9589216.7691, 5628737.430500001], [-9589187.0191, 5628759.843099996], [-9589155.8717, 5628780.255500004], [-9589123.46, 5628798.580200002], [-9589089.9233, 5628814.738700002], [-9589055.405, 5628828.661899999], [-9589026.6862, 5628838.302900001], [-9588989.2522, 5628849.766500004], [-9588983.1793, 5628851.5891999975], [-9588958.0852, 5628858.967799999], [-9588927.125, 5628868.734200001], [-9588915.9395, 5628872.136200003], [-9588879.9047, 5628881.419100001], [-9588846.7492, 5628887.779100001], [-9588833.261, 5628889.952100001], [-9588803.2996, 5628902.089000002], [-9588785.1293, 5628909.089000002], [-9588749.7765, 5628920.7161], [-9588713.7413, 5628929.998400003], [-9588677.1783, 5628936.895999998], [-9588646.5754, 5628940.7852], [-9588638.7658, 5628943.373999998], [-9588577.7075, 5628964.810199998], [-9588537.2468, 5628981.494800001], [-9588496.7861, 5628998.179300003], [-9588433.5752, 5629024.7863000035], [-9588375.9796, 5629052.174199998], [-9588334.8762, 5629075.6655], [-9588293.7727, 5629099.1565999985], [-9588252.6689, 5629122.647500001], [-9588249.3977, 5629124.502700001], [-9588211.7995, 5629145.660999998], [-9588174.2013, 5629166.8191], [-9588113.764, 5629205.611599997], [-9588102.4917, 5629212.6620000005], [-9588070.0766, 5629230.9837], [-9588063.8436, 5629234.193000004], [-9588010.2656, 5629261.362999998], [-9587982.958, 5629274.308899999], [-9587948.4363, 5629288.228500001], [-9587936.3875, 5629292.479599997], [-9587882.7073, 5629310.742799997], [-9587816.1165, 5629336.044399999], [-9587812.9119, 5629337.2509], [-9587777.1631, 5629350.587399997], [-9587749.8958, 5629363.4102], [-9587708.207, 5629385.478100002], [-9587705.5833, 5629386.858099997], [-9587686.3649, 5629396.444899999], [-9587651.164, 5629413.180399999], [-9587598.3806, 5629440.6096], [-9587555.6431, 5629462.610799998], [-9587525.27, 5629477.121100001], [-9587490.7466, 5629491.0392], [-9587455.3899, 5629502.661899999], [-9587396.5947, 5629519.706100002], [-9587362.0029, 5629528.561899997], [-9587325.4365, 5629535.454499997], [-9587288.4989, 5629539.932700001], [-9587251.3485, 5629541.977300003], [-9587236.4391, 5629542.111199997], [-9587183.4369, 5629555.616499998], [-9587145.73, 5629565.4969], [-9587100.8624, 5629580.7333], [-9587055.9946, 5629595.969700001], [-9586979.4242, 5629626.478399999], [-9586927.3644, 5629649.5896999985], [-9586873.3844, 5629675.549099997], [-9586856.7311, 5629683.229099996], [-9586822.206, 5629697.145000003], [-9586786.8476, 5629708.7654], [-9586758.8946, 5629716.177699998], [-9586726.0857, 5629723.987999998], [-9586717.9984, 5629725.850699998], [-9586681.4305, 5629732.740699999], [-9586644.4919, 5629737.2163999975], [-9586607.3405, 5629739.258400001], [-9586552.0086, 5629740.479699999], [-9586514.8037, 5629740.079099998], [-9586478.434, 5629737.317299999], [-9586423.3941, 5629731.350400001], [-9586386.5598, 5629726.080300003], [-9586350.148, 5629718.404299997], [-9586314.3146, 5629708.3554000035], [-9586279.2131, 5629695.976400003], [-9586244.9938, 5629681.320299998], [-9586211.8034, 5629664.450199999], [-9586179.7839, 5629645.438000001], [-9586149.0725, 5629624.365500003], [-9586135.0741, 5629613.732900001], [-9586095.5277, 5629582.719899997], [-9586082.5943, 5629572.268399999], [-9586080.3935, 5629570.8693], [-9586077.136, 5629568.771899998]]], [[[-9573947.0951, 5605167.243900001], [-9573896.4974, 5605166.771700002], [-9573834.0121, 5605170.637599997], [-9573776.2738, 5605183.207900003], [-9573718.5355, 5605195.777900003], [-9573674.0175, 5605205.466200002], [-9573629.4994, 5605215.154299997], [-9573584.9813, 5605224.842200004], [-9573540.463, 5605234.5298999995], [-9573529.0143, 5605181.727799997], [-9573517.5659, 5605128.925999999], [-9573513.0903, 5605108.283699997], [-9573468.2211, 5605118.050300002], [-9573423.3519, 5605127.816600002], [-9573378.4826, 5605137.582699999], [-9573333.6131, 5605147.348700002], [-9573288.7437, 5605157.114299998], [-9573237.0791, 5605156.8323], [-9573185.4146, 5605156.550099999], [-9573133.75, 5605156.267499998], [-9573085.1003, 5605155.966600001], [-9573032.4873, 5605155.640799999], [-9572979.8745, 5605155.3147], [-9572982.5163, 5605146.1972], [-9572920.7319, 5605128.7355], [-9572858.9478, 5605111.273500003], [-9572876.4471, 5605049.066299997], [-9572884.1466, 5605021.6954], [-9572893.8426, 5604969.211800002], [-9572900.909, 5604926.076300003], [-9572904.0771, 5604894.128899999], [-9572907.423, 5604860.390100002], [-9572906.5207, 5604829.679399997], [-9572904.8353, 5604772.324000001], [-9572903.6109, 5604765.1756], [-9572892.6996, 5604701.475699998], [-9572891.7271, 5604695.797700003], [-9572871.7668, 5604640.435599998], [-9572849.1056, 5604578.110799998], [-9572817.9209, 5604577.989799999], [-9572515.9247, 5604576.811800003], [-9572395.6654, 5604576.340000004], [-9572394.657, 5604547.830499999], [-9572392.789, 5604495.023199998], [-9572395.7783, 5604494.994999997], [-9572393.4836, 5604430.218099996], [-9572391.195, 5604365.613200001], [-9572388.9087, 5604300.996799998], [-9572386.6303, 5604236.458499998], [-9572383.6597, 5604236.410400003], [-9572383.6059, 5604234.900600001], [-9572381.704, 5604181.496399999], [-9572379.8021, 5604128.092600003], [-9572377.9002, 5604074.689000003], [-9572375.9983, 5604021.285899997], [-9572374.3071, 5603974.7579], [-9572372.616, 5603928.230099998], [-9572370.9249, 5603881.702600002], [-9572369.2339, 5603835.175499998], [-9572367.7016, 5603791.946099997], [-9572366.1696, 5603748.717], [-9572364.6374, 5603705.4881], [-9572363.1053, 5603662.259499997], [-9572361.5732, 5603619.0309000015], [-9572360.8864, 5603606.785599999], [-9572359.6955, 5603594.579000004], [-9572358.0024, 5603582.431900002], [-9572355.81, 5603570.3649], [-9572353.1227, 5603558.4011999965], [-9572349.9443, 5603546.558399998], [-9572346.2802, 5603534.856799997], [-9572342.1367, 5603523.316299997], [-9572337.5223, 5603511.9608], [-9572332.4433, 5603500.805500001], [-9572326.9082, 5603489.869199999], [-9572320.9265, 5603479.170699999], [-9572320.7561, 5603478.880500004], [-9572294.7559, 5603434.704599999], [-9572268.7561, 5603390.528999999], [-9572240.9837, 5603343.341700003], [-9572206.1297, 5603284.121399999], [-9572205.8979, 5603283.727799997], [-9572201.3426, 5603275.329000004], [-9572197.3616, 5603266.643200003], [-9572193.9728, 5603257.7097999975], [-9572191.1916, 5603248.568899997], [-9572189.0304, 5603239.2619], [-9572180.5247, 5603240.0858], [-9572180.2614, 5603238.656999998], [-9572178.779, 5603228.365599997], [-9572178.0083, 5603217.9965], [-9572177.9529, 5603207.599100001], [-9572178.613, 5603197.222400002], [-9572179.9856, 5603186.915799998], [-9572182.0641, 5603176.728], [-9572184.8387, 5603166.707400002], [-9572188.5046, 5603156.375100002], [-9572192.9113, 5603146.336300001], [-9572221.8292, 5603086.431400001], [-9572239.6148, 5603049.587700002], [-9572258.3361, 5603010.804899998], [-9572279.9958, 5602965.935099997], [-9572290.9344, 5602942.902000003], [-9572311.3014, 5602900.015100002], [-9572331.6684, 5602857.1285], [-9572401.945, 5602858.0506], [-9572402.0193, 5602791.059100002], [-9572592.5438, 5602788.235200003], [-9572592.5061, 5602742.2148], [-9572592.4682, 5602696.194700003], [-9572592.4305, 5602650.174699999], [-9572592.3928, 5602604.155100003], [-9572592.356, 5602560.346900001], [-9572592.3192, 5602516.538900003], [-9572592.2824, 5602472.731299996], [-9572644.2679, 5602472.296899997], [-9572696.2535, 5602471.862199999], [-9572748.2389, 5602471.427100003], [-9572800.2244, 5602470.991899997], [-9572799.7411, 5602407.310999997], [-9572799.2577, 5602343.630800001], [-9572798.9791, 5602306.937200002], [-9572886.5645, 5602308.526000001], [-9572899.5071, 5602233.575199999], [-9572932.7597, 5602178.846699998], [-9572981.8106, 5602179.1521999985], [-9573030.8616, 5602179.457500003], [-9573052.2153, 5602109.373099998], [-9573072.5839, 5602116.184900001], [-9573088.1264, 5602070.277000003], [-9573103.6686, 5602024.369499996], [-9573119.2107, 5601978.462099999], [-9573134.7527, 5601932.554799996], [-9573094.0016, 5601918.9485], [-9573053.2506, 5601905.342100002], [-9573012.4998, 5601891.7355], [-9572971.7491, 5601878.128700003], [-9572972.159, 5601816.431199998], [-9572972.5689, 5601754.733999997], [-9572927.4671, 5601753.686499998], [-9572882.3652, 5601752.638899997], [-9572837.2632, 5601751.590899996], [-9572844.5021, 5601726.043799996], [-9572863.7976, 5601725.691799998], [-9572866.135, 5601677.813199997], [-9572868.4725, 5601629.934600003], [-9572870.8098, 5601582.056299999], [-9572873.1473, 5601534.178400002], [-9572875.8857, 5601480.249499999], [-9572878.6241, 5601426.321099997], [-9572881.3625, 5601372.3928999975], [-9572884.1756, 5601316.741400003], [-9572886.9888, 5601261.0901999995], [-9572905.398, 5601261.056100003], [-9572905.3123, 5601222.676700003], [-9572905.2057, 5601174.921099998], [-9572883.8052, 5601174.817599997], [-9572883.6336, 5601118.701200001], [-9572883.4618, 5601062.585199997], [-9572883.2903, 5601006.4695999995], [-9572883.1729, 5600951.505999997], [-9572883.0553, 5600896.542999998], [-9572882.9379, 5600841.580200002], [-9572931.173, 5600841.445200004], [-9572979.408, 5600841.309900001], [-9572979.2708, 5600791.542499997], [-9572979.1337, 5600741.775300004], [-9572978.9966, 5600692.008500002], [-9572978.8594, 5600642.241899997], [-9573022.3565, 5600643.644299999], [-9573065.8535, 5600645.046499997], [-9573109.3506, 5600646.4485], [-9573152.8477, 5600647.850299999], [-9573196.3446, 5600649.252099998], [-9573239.8417, 5600650.653399996], [-9573283.3388, 5600652.0546], [-9573326.836, 5600653.455600001], [-9573370.3331, 5600654.856299996], [-9573369.4545, 5600621.886], [-9573421.0599, 5600648.9256], [-9573472.6656, 5600675.964900002], [-9573494.4221, 5600687.364399999], [-9573524.3783, 5600703.060599998], [-9573569.7854, 5600729.054499999], [-9573569.9184, 5600734.055399999], [-9573571.0629, 5600734.710600004], [-9573617.1463, 5600761.090999998], [-9573663.2301, 5600787.4714], [-9573709.3141, 5600813.851599999], [-9573749.3522, 5600836.7705999985], [-9573754.5839, 5600839.7654], [-9573766.0254, 5600846.677900001], [-9573777.1615, 5600854.072300002], [-9573787.9719, 5600861.935099997], [-9573788.0378, 5600861.985399999], [-9573800.028, 5600871.581299998], [-9573811.534, 5600881.752599999], [-9573822.5284, 5600892.4749], [-9573832.6475, 5600903.341200002], [-9573884.2671, 5600961.210199997], [-9573930.6719, 5601006.2793999985], [-9573930.6086, 5600996.866300002], [-9573958.6239, 5601029.9130000025], [-9573986.6393, 5601062.959700003], [-9574014.655, 5601096.006300002], [-9574042.6708, 5601129.053000003], [-9574070.6868, 5601162.099799998], [-9574098.703, 5601195.146700002], [-9574113.2977, 5601211.088799998], [-9574128.1733, 5601226.5211], [-9574143.4395, 5601241.567100003], [-9574143.4464, 5601241.573600002], [-9574159.1431, 5601256.268399999], [-9574175.2126, 5601270.5546], [-9574191.6371, 5601284.416599996], [-9574208.4128, 5601297.851499997], [-9574208.4311, 5601297.865800001], [-9574223.8312, 5601309.592], [-9574239.499, 5601320.957999997], [-9574255.426, 5601331.957800001], [-9574296.0205, 5601359.303800002], [-9574331.6977, 5601383.3369999975], [-9574367.3752, 5601407.370200001], [-9574403.0526, 5601431.4032000005], [-9574438.7304, 5601455.4362], [-9574470.2192, 5601476.6472999975], [-9574472.7541, 5601478.3596], [-9574490.5115, 5601490.618500002], [-9574508.0481, 5601503.191200003], [-9574508.0535, 5601503.195100002], [-9574508.0591, 5601503.199299999], [-9574525.3769, 5601516.087700002], [-9574542.4628, 5601529.281900004], [-9574542.4681, 5601529.285999998], [-9574559.3229, 5601542.7870000005], [-9574575.9349, 5601556.585500002], [-9574575.94, 5601556.590000004], [-9574592.3108, 5601570.687600002], [-9574608.4283, 5601585.074100003], [-9574612.4624, 5601588.7566], [-9574637.0571, 5601611.308700003], [-9574668.7791, 5601640.395999998], [-9574700.5013, 5601669.4833], [-9574732.2238, 5601698.570600003], [-9574763.9463, 5601727.658], [-9574795.6697, 5601756.7447], [-9574829.1999, 5601787.487400003], [-9574862.7304, 5601818.2304000035], [-9574896.2611, 5601848.973099999], [-9574942.2703, 5601888.1774], [-9574988.2798, 5601927.381399997], [-9575054.3087, 5601979.438199997], [-9575064.0906, 5601987.150399998], [-9575075.8755, 5601996.745999999], [-9575087.3487, 5602006.712300003], [-9575097.8761, 5602016.444899999], [-9575108.1063, 5602026.489299998], [-9575118.0302, 5602036.8364999965], [-9575127.168, 5602046.940300003], [-9575136.0139, 5602057.3006], [-9575144.5608, 5602067.9089], [-9575171.0498, 5602101.7776999995], [-9575191.4261, 5602127.830700003], [-9575196.7124, 5602134.516999997], [-9575210.3565, 5602151.151100002], [-9575224.4246, 5602167.428300001], [-9575238.9048, 5602183.334700003], [-9575253.79, 5602198.8627], [-9575269.8378, 5602214.741800003], [-9575286.3093, 5602230.1809], [-9575286.3175, 5602230.1884], [-9575304.0114, 5602245.874700002], [-9575322.1429, 5602261.053000003], [-9575322.1528, 5602261.060999997], [-9575339.887, 5602275.088200003], [-9575357.9952, 5602288.629100002], [-9575358.0042, 5602288.635600001], [-9575396.2582, 5602316.443599999], [-9575434.5126, 5602344.251500003], [-9575472.7671, 5602372.059199996], [-9575502.9493, 5602393.998999998], [-9575512.2735, 5602400.7447], [-9575547.3633, 5602425.581], [-9575582.8538, 5602449.8386999965], [-9575618.7353, 5602473.511299998], [-9575654.9982, 5602496.5923999995], [-9575685.8277, 5602515.567900002], [-9575693.0525, 5602519.9256], [-9575731.9099, 5602542.889399998], [-9575771.1082, 5602565.261399999], [-9575810.6386, 5602587.036499999], [-9575850.4919, 5602608.2097999975], [-9575890.6591, 5602628.776500002], [-9575931.1309, 5602648.731799997], [-9575971.8984, 5602668.071199998], [-9576012.9518, 5602686.790399998], [-9576054.282, 5602704.884999998], [-9576095.8795, 5602722.350900002], [-9576109.9068, 5602728.074600004], [-9576124.8727, 5602734.148900002], [-9576130.8108, 5602736.5956000015], [-9576146.5425, 5602743.518700004], [-9576162.0259, 5602750.980800003], [-9576177.2453, 5602758.974399999], [-9576192.1797, 5602767.488399997], [-9576192.2629, 5602767.537699997], [-9576206.3321, 5602776.205799997], [-9576220.1062, 5602785.335500002], [-9576233.5702, 5602794.916599996], [-9576246.7092, 5602804.9388], [-9576246.8377, 5602805.0402000025], [-9576262.0456, 5602817.547499999], [-9576276.7484, 5602830.6448], [-9576290.9234, 5602844.311700001], [-9576304.5483, 5602858.526900001], [-9576329.0906, 5602885.284900002], [-9576366.8004, 5602884.327399999], [-9576416.6192, 5602938.446699999], [-9576469.2273, 5602902.8314], [-9576521.8349, 5602867.216200002], [-9576550.026, 5602893.486000001], [-9576567.4451, 5602907.9011999965], [-9576582.8362, 5602916.770999998], [-9576600.2299, 5602926.7951000035], [-9576618.0854, 5602936.1774], [-9576623.8289, 5602939.195299998], [-9576653.2943, 5602951.4507], [-9576667.5549, 5602957.381999999], [-9576689.9185, 5602968.805200003], [-9576714.2573, 5602981.237199999], [-9576746.1429, 5602997.688600004], [-9576787.2308, 5603018.887599997], [-9576807.9236, 5603025.620700002], [-9576827.9712, 5603029.978], [-9576841.0528, 5603028.807400003], [-9576857.3719, 5603025.776799999], [-9576872.9972, 5603032.317500003], [-9576888.7845, 5603046.619800001], [-9576892.402, 5603062.969499998], [-9576894.5124, 5603078.4551], [-9576896.2564, 5603090.663099997], [-9576907.7821, 5603100.575099997], [-9576921.7955, 5603115.5119], [-9576938.1107, 5603138.940399997], [-9576944.4082, 5603155.233999997], [-9576945.8421, 5603166.851300001], [-9576951.4693, 5603179.575300001], [-9576966.2453, 5603188.224399999], [-9576976.2438, 5603194.644500002], [-9576983.6014, 5603204.644199997], [-9576983.7635, 5603212.4059000015], [-9576983.4547, 5603226.1504999995], [-9576991.1599, 5603238.531999998], [-9576999.1503, 5603250.310400002], [-9577008.8525, 5603258.468900003], [-9577021.1407, 5603262.093099996], [-9577045.7063, 5603283.0801], [-9577064.199, 5603298.520199999], [-9577094.6459, 5603319.768200003], [-9577127.3928, 5603333.116400003], [-9577133.4122, 5603334.431699999], [-9577164.7976, 5603341.289300002], [-9577230.0296, 5603355.447099999], [-9577262.3662, 5603358.6131], [-9577272.7127, 5603359.626100004], [-9577300.3652, 5603357.251900002], [-9577313.4047, 5603354.004799999], [-9577325.2569, 5603351.053300001], [-9577356.9529, 5603342.620700002], [-9577365.0037, 5603339.370999999], [-9577378.8108, 5603333.797899999], [-9577393.1878, 5603323.340599999], [-9577408.66, 5603305.861199997], [-9577418.0126, 5603297.301700003], [-9577418.0481, 5603284.757299997], [-9577419.2618, 5603271.590899996], [-9577421.7431, 5603265.824000001], [-9577425.227, 5603257.726800002], [-9577435.4544, 5603248.252999999], [-9577451.2384, 5603233.883599997], [-9577465.1675, 5603216.268100001], [-9577474.8656, 5603195.755000003], [-9577480.358, 5603173.538999997], [-9577485.0424, 5603139.185199998], [-9577485.4793, 5603117.374399997], [-9577486.5744, 5603098.536200002], [-9577492.9411, 5603075.405699998], [-9577500.4362, 5603049.2651999965], [-9577506.9709, 5603033.7026999965], [-9577560.9368, 5603033.939999998], [-9577614.9029, 5603034.177000001], [-9577647.3125, 5603003.891099997], [-9577679.7217, 5602973.605300002], [-9577712.1308, 5602943.319399998], [-9577744.5397, 5602913.033500001], [-9577755.0722, 5602902.883100003], [-9577765.2837, 5602892.409900002], [-9577775.1643, 5602881.623899996], [-9577784.7075, 5602870.532399997], [-9577793.9011, 5602859.1494999975], [-9577802.7363, 5602847.486100003], [-9577811.2072, 5602835.5502], [-9577819.3029, 5602823.356799997], [-9577827.0158, 5602810.917599998], [-9577834.3404, 5602798.241300002], [-9577841.2677, 5602785.343599997], [-9577847.791, 5602772.236900002], [-9577853.9056, 5602758.930799998], [-9577859.6041, 5602745.441200003], [-9577864.881, 5602731.781199999], [-9577869.7323, 5602717.961199999], [-9577874.1524, 5602703.997299999], [-9577878.137, 5602689.902999997], [-9577878.1862, 5602689.717699997], [-9577889.6124, 5602646.6652000025], [-9577901.0384, 5602603.612800002], [-9577912.4565, 5602560.584600002], [-9577923.8743, 5602517.556500003], [-9577935.2921, 5602474.5286], [-9577946.7097, 5602431.500799999], [-9577991.9694, 5602430.445500001], [-9578006.0315, 5602375.946599998], [-9578020.0935, 5602321.447899997], [-9578034.1551, 5602266.9494], [-9578047.9663, 5602215.994999997], [-9578061.7772, 5602165.040899999], [-9578075.588, 5602114.086900003], [-9578121.9478, 5602113.045000002], [-9578168.3076, 5602112.002800003], [-9578214.6674, 5602110.9602999985], [-9578261.0272, 5602109.917599998], [-9578307.387, 5602108.874700002], [-9578353.7467, 5602107.831500001], [-9578400.1065, 5602106.788099997], [-9578446.4662, 5602105.744400002], [-9578446.1426, 5602062.173699997], [-9578445.8191, 5602018.6032000035], [-9578445.4954, 5601975.032799996], [-9578445.1718, 5601931.462700002], [-9578444.8481, 5601887.892800003], [-9578444.5245, 5601844.323100001], [-9578444.201, 5601800.753600001], [-9578443.8774, 5601757.1844], [-9578443.5538, 5601713.6153], [-9578443.2301, 5601670.046400003], [-9578442.9067, 5601626.477799997], [-9578442.583, 5601582.9092999995], [-9578442.2594, 5601539.3411], [-9578441.9358, 5601495.773100004], [-9578441.6122, 5601452.205300003], [-9578441.2887, 5601408.637599997], [-9578440.9651, 5601365.070200004], [-9578440.6415, 5601321.503200002], [-9578440.3179, 5601277.9362], [-9578439.9945, 5601234.369400002], [-9578439.6709, 5601190.802900001], [-9578439.3473, 5601147.236500002], [-9578439.0237, 5601103.670299999], [-9578438.7002, 5601060.1044000015], [-9578438.3767, 5601016.538599998], [-9578438.0531, 5600972.973099999], [-9578437.7296, 5600929.407799996], [-9578437.406, 5600885.842699997], [-9578437.0826, 5600842.277800001], [-9578436.759, 5600798.713100001], [-9578436.4355, 5600755.148599997], [-9578436.1119, 5600711.5842999965], [-9578435.7884, 5600668.020199999], [-9578392.0128, 5600668.5370000005], [-9578348.2372, 5600669.053499997], [-9578304.4616, 5600669.569899999], [-9578249.222, 5600670.220299996], [-9578186.0251, 5600670.964100003], [-9578122.828, 5600671.7073], [-9578110.8732, 5600652.408299997], [-9578098.6317, 5600633.289899997], [-9578086.1075, 5600614.358099997], [-9578073.3022, 5600595.6153], [-9578073.2984, 5600595.609899998], [-9578058.8517, 5600575.161700003], [-9578044.0703, 5600554.9542], [-9578028.9598, 5600534.995099999], [-9578013.5226, 5600515.2875000015], [-9577997.7647, 5600495.839100003], [-9577981.6886, 5600476.652900003], [-9577965.3003, 5600457.736400001], [-9577948.6026, 5600439.092500001], [-9577931.6019, 5600420.728299998], [-9577914.3008, 5600402.6467999965], [-9577914.285, 5600402.630599998], [-9577866.2799, 5600358.859499998], [-9577823.1638, 5600319.545999996], [-9577780.0482, 5600280.232500002], [-9577742.8828, 5600250.216200002], [-9577705.7176, 5600220.200000003], [-9577668.5527, 5600190.183600001], [-9577631.388, 5600160.167099997], [-9577594.2236, 5600130.150700003], [-9577557.0593, 5600100.134199999], [-9577552.953, 5600096.817500003], [-9577513.0669, 5600064.600699998], [-9577473.1811, 5600032.3838], [-9577433.2954, 5600000.167099997], [-9577393.4102, 5599967.950099997], [-9577381.9353, 5599958.361400001], [-9577370.7861, 5599948.395999998], [-9577359.9747, 5599938.064900003], [-9577349.5096, 5599927.3763], [-9577339.4059, 5599916.345399998], [-9577329.6748, 5599904.984499998], [-9577329.6273, 5599904.927100003], [-9577287.523, 5599879.853799999], [-9577245.4189, 5599854.780500002], [-9577203.3153, 5599829.7070999965], [-9577189.8313, 5599821.696500003], [-9577146.5364, 5599795.975100003], [-9577103.2417, 5599770.253799997], [-9577059.9472, 5599744.532200001], [-9577013.5248, 5599716.820100002], [-9576956.6345, 5599682.858999997], [-9576914.2888, 5599657.5801], [-9576913.4912, 5599656.986000001], [-9576870.3193, 5599624.832199998], [-9576830.2762, 5599595.008400001], [-9576787.1373, 5599562.878399998], [-9576738.5777, 5599526.710900001], [-9576728.8515, 5599511.932599999], [-9576729.0139, 5599537.187799998], [-9576692.8845, 5599511.136200003], [-9576656.7552, 5599485.084600002], [-9576620.6261, 5599459.032899998], [-9576584.4974, 5599432.9811], [-9576548.3687, 5599406.929200001], [-9576512.2404, 5599380.877400003], [-9576476.1121, 5599354.825400002], [-9576439.9841, 5599328.773400001], [-9576403.8564, 5599302.721199997], [-9576367.7288, 5599276.669], [-9576331.5492, 5599250.579099998], [-9576295.3699, 5599224.489100002], [-9576259.1907, 5599198.3989999965], [-9576223.0117, 5599172.308700003], [-9576186.8331, 5599146.218500003], [-9576150.6545, 5599120.128200002], [-9576113.0415, 5599093.003399998], [-9576075.4289, 5599065.8785], [-9576037.8163, 5599038.753600001], [-9576000.2042, 5599011.628700003], [-9575962.5921, 5598984.503600001], [-9575924.9804, 5598957.378399998], [-9575881.4046, 5598925.961000003], [-9575837.8291, 5598894.543700002], [-9575794.2539, 5598863.126100004], [-9575750.6792, 5598831.7086], [-9575715.326, 5598806.204800002], [-9575679.9733, 5598780.700999998], [-9575644.6207, 5598755.197300002], [-9575609.2682, 5598729.693400003], [-9575579.7623, 5598730.5331000015], [-9575536.2245, 5598730.291199997], [-9575492.6867, 5598730.049199998], [-9575449.1488, 5598729.806999996], [-9575405.611, 5598729.564499997], [-9575362.0733, 5598729.321999997], [-9575318.5355, 5598729.079099998], [-9575274.9976, 5598728.835900001], [-9575231.4598, 5598728.592699997], [-9575187.9221, 5598728.349200003], [-9575144.3843, 5598728.105599999], [-9575100.8464, 5598727.861599997], [-9575057.3087, 5598727.6175], [-9575013.7709, 5598727.373199999], [-9574970.2332, 5598727.128600001], [-9574926.6953, 5598726.883900002], [-9574900.7094, 5598726.7377], [-9574890.4084, 5598735.3204], [-9574879.6656, 5598743.3433], [-9574868.5114, 5598750.783699997], [-9574868.1347, 5598751.020199999], [-9574856.1475, 5598758.080600001], [-9574843.7883, 5598764.467600003], [-9574831.095, 5598770.161799997], [-9574818.1064, 5598775.1457], [-9574804.8622, 5598779.404100001], [-9574748.5599, 5598796.513800003], [-9574705.5715, 5598809.577200003], [-9574662.5832, 5598822.640600003], [-9574619.5947, 5598835.703599997], [-9574619.424, 5598785.074900001], [-9574619.2532, 5598734.446500003], [-9574619.0823, 5598683.818400003], [-9574618.9115, 5598633.1906], [-9574571.7536, 5598633.350199997], [-9574524.5958, 5598633.5097], [-9574477.4379, 5598633.668899998], [-9574430.28, 5598633.8276999965], [-9574383.1221, 5598633.986400001], [-9574335.9644, 5598634.1448], [-9574288.8065, 5598634.303000003], [-9574241.6486, 5598634.461000003], [-9574241.7748, 5598673.395499997], [-9574197.2118, 5598673.200000003], [-9574152.6486, 5598673.0044], [-9574108.0854, 5598672.808499999], [-9574063.5222, 5598672.612499997], [-9574063.6814, 5598721.988600001], [-9574015.8295, 5598721.7146999985], [-9573967.9775, 5598721.4406], [-9573920.1256, 5598721.166100003], [-9573872.2737, 5598720.891500004], [-9573826.4177, 5598720.628399998], [-9573780.5619, 5598720.3649], [-9573734.7059, 5598720.101199999], [-9573688.85, 5598719.837399997], [-9573642.994, 5598719.573200002], [-9573597.1382, 5598719.308700003], [-9573545.4077, 5598719.010300003], [-9573493.6773, 5598718.7114999965], [-9573460.1947, 5598718.517999999], [-9573409.4404, 5598718.224200003], [-9573409.4738, 5598674.812899999], [-9573358.7719, 5598673.771899998], [-9573308.0702, 5598672.730499998], [-9573257.3684, 5598671.6888], [-9573256.7009, 5598717.338799998], [-9573255.9229, 5598769.439099997], [-9573255.1448, 5598821.5396], [-9573254.3665, 5598873.640299998], [-9573253.5884, 5598925.741499998], [-9573201.4171, 5598925.625200003], [-9573149.2458, 5598925.508500002], [-9573148.8643, 5598976.185199998], [-9573148.4827, 5599026.862099998], [-9573148.1013, 5599077.5392], [-9573147.9294, 5599100.365800001], [-9573128.1866, 5599093.236100003], [-9573128.2363, 5599098.081], [-9573099.2069, 5599097.861699998], [-9573057.6778, 5599082.881999999], [-9573016.149, 5599067.9021999985], [-9572974.6202, 5599052.9223000035], [-9572933.0917, 5599037.942199998], [-9572886.2633, 5599021.051600002], [-9572839.435, 5599004.1608000025], [-9572792.607, 5598987.2698], [-9572745.7791, 5598970.378600001], [-9572744.0118, 5598969.7522], [-9572728.9, 5598961.821800001], [-9572714.1026, 5598953.319300003], [-9572699.6411, 5598944.257200003], [-9572685.5317, 5598934.645499997], [-9572671.7999, 5598924.501699999], [-9572658.4657, 5598913.840599999], [-9572658.3794, 5598913.768799998], [-9572615.6569, 5598878.2337], [-9572572.9348, 5598842.698600002], [-9572530.213, 5598807.163400002], [-9572490.9732, 5598774.354999997], [-9572451.7335, 5598741.546499997], [-9572412.4943, 5598708.7381], [-9572378.7176, 5598680.769299999], [-9572344.9413, 5598652.8006], [-9572311.1651, 5598624.831900001], [-9572277.3891, 5598596.862999998], [-9572272.087, 5598592.066399999], [-9572267.1991, 5598586.8483000025], [-9572262.7587, 5598581.244599998], [-9572258.7961, 5598575.293300003], [-9572255.3384, 5598569.0352], [-9572252.4092, 5598562.512999997], [-9572250.0246, 5598555.7645], [-9572248.204, 5598548.842500001], [-9572246.9599, 5598541.794], [-9572246.3007, 5598534.667000003], [-9572246.2309, 5598527.509900004], [-9572246.7509, 5598520.371399999], [-9572247.8561, 5598513.3024], [-9572249.5402, 5598506.3486], [-9572251.7919, 5598499.557300001], [-9572254.5959, 5598492.974699996], [-9572257.9329, 5598486.6457], [-9572261.7804, 5598480.613399997], [-9572263.3661, 5598478.4147000015], [-9572293.1958, 5598438.392200001], [-9572298.9656, 5598430.228399999], [-9572304.2958, 5598421.770900004], [-9572309.1715, 5598413.043499999], [-9572313.5789, 5598404.070600003], [-9572317.5354, 5598394.774300002], [-9572320.9905, 5598385.280199997], [-9572323.9343, 5598375.615400001], [-9572326.3584, 5598365.807300001], [-9572328.256, 5598355.883900002], [-9572328.3049, 5598355.5842999965], [-9572282.2206, 5598392.946500003], [-9572236.1361, 5598430.308600001], [-9572201.8898, 5598441.808499999], [-9572162.1512, 5598411.708899997], [-9572122.4127, 5598381.609399997], [-9572082.6746, 5598351.5097], [-9572042.9367, 5598321.409900002], [-9572005.2906, 5598300.489600003], [-9571967.6445, 5598279.568999998], [-9571929.9986, 5598258.6483], [-9571894.3137, 5598234.479000002], [-9571858.629, 5598210.3094], [-9571822.9444, 5598186.140000001], [-9571794.006, 5598231.452399999], [-9571778.7132, 5598255.398000002], [-9571742.9584, 5598311.383100003], [-9571713.9019, 5598293.091200002], [-9571691.3916, 5598273.309100002], [-9571678.2882, 5598261.7936], [-9571662.24, 5598243.5436], [-9571641.2819, 5598223.662199996], [-9571634.957, 5598217.662199996], [-9571602.2131, 5598189.6316], [-9571589.3852, 5598178.2355], [-9571565.5114, 5598157.0261999965], [-9571533.0654, 5598130.8323], [-9571493.7485, 5598103.064400002], [-9571473.5887, 5598089.789399996], [-9571464.2899, 5598083.6664], [-9571457.1611, 5598064.388599999], [-9571454.6427, 5598057.578299999], [-9571443.3908, 5598036.665899999], [-9571430.2177, 5598025.522600003], [-9571400.9395, 5598000.7557], [-9571363.2633, 5597969.525700003], [-9571342.4082, 5597952.809], [-9571321.4377, 5597930.3807], [-9571287.9, 5597906.494400002], [-9571267.1609, 5597895.489299998], [-9571245.4097, 5597890.790299997], [-9571224.1128, 5597880.367799997], [-9571193.3015, 5597855.630000003], [-9571173.0053, 5597838.330300003], [-9571163.1016, 5597827.675700001], [-9571137.8516, 5597819.047899999], [-9571119.334, 5597805.1404], [-9571111.5009, 5597784.158399999], [-9571094.1457, 5597771.369800001], [-9571075.6049, 5597756.32], [-9571053.9735, 5597729.333899997], [-9571052.9677, 5597727.719300002], [-9571039.7413, 5597706.487899996], [-9571018.133, 5597680.644199997], [-9571002.5103, 5597668.963200003], [-9570993.5036, 5597646.291100003], [-9570981.9375, 5597637.955899999], [-9570973.3638, 5597637.494400002], [-9570966.5342, 5597637.126599997], [-9570963.3973, 5597622.9059000015], [-9570961.8194, 5597601.2255000025], [-9570953.5558, 5597587.109099999], [-9570936.0971, 5597569.180399999], [-9570926.0996, 5597560.860100001], [-9570883.5378, 5597525.439099997], [-9570872.8135, 5597516.513999999], [-9570828.6462, 5597480.660499997], [-9570817.1941, 5597471.364200003], [-9570759.9354, 5597429.675800003], [-9570730.4346, 5597407.992200002], [-9570721.8287, 5597404.0308], [-9570694.7718, 5597391.576200001], [-9570653.3897, 5597374.133599997], [-9570604.4758, 5597350.558799997], [-9570560.8801, 5597331.248800002], [-9570517.2844, 5597311.9384], [-9570473.6889, 5597292.6281], [-9570430.0938, 5597273.317400001], [-9570389.7448, 5597256.195600003], [-9570349.3962, 5597239.073700003], [-9570309.0477, 5597221.9516], [-9570268.6994, 5597204.829400003], [-9570228.3512, 5597187.707000002], [-9570184.8155, 5597169.058200002], [-9570141.2799, 5597150.409000002], [-9570114.1864, 5597134.960100003], [-9570076.4769, 5597130.010700002], [-9570034.3025, 5597129.7223000005], [-9570001.1387, 5597124.109200001], [-9569978.1819, 5597116.003799997], [-9569965.2203, 5597115.385899998], [-9569944.5288, 5597114.399700001], [-9569928.739, 5597115.199500002], [-9569906.9575, 5597116.302900001], [-9569884.69, 5597118.671400003], [-9569867.1534, 5597120.536600001], [-9569854.6794, 5597122.128799997], [-9569828.98, 5597125.409000002], [-9569803.2804, 5597128.689099997], [-9569802.5389, 5597085.353699997], [-9569801.7975, 5597042.018700004], [-9569801.0561, 5596998.683799997], [-9569801.4992, 5596928.485299997], [-9569801.516, 5596925.829099998], [-9569814.3775, 5596870.1483], [-9569827.239, 5596814.467799999], [-9569827.4585, 5596770.675899997], [-9569827.6779, 5596726.884099998], [-9569827.9017, 5596682.2042], [-9569828.1256, 5596637.5244999975], [-9569828.3494, 5596592.844999999], [-9569828.5733, 5596548.1655], [-9569828.7971, 5596503.486500002], [-9569829.021, 5596458.807599999], [-9569829.2448, 5596414.129000001], [-9569829.4687, 5596369.450599998], [-9569829.6925, 5596324.7722999975], [-9569829.9164, 5596280.094300002], [-9569830.1402, 5596235.416599996], [-9569830.3641, 5596190.739], [-9569830.588, 5596146.061700001], [-9569830.8118, 5596101.384599999], [-9569831.0357, 5596056.7075999975], [-9569831.2594, 5596012.031000003], [-9569831.4833, 5595967.354500003], [-9569831.7071, 5595922.678300001], [-9569831.931, 5595878.002300002], [-9569832.1547, 5595833.326399997], [-9569832.7309, 5595789.780000001], [-9569833.3071, 5595746.233900003], [-9569833.8833, 5595702.688100003], [-9569834.4594, 5595659.1423999965], [-9569835.0357, 5595615.596900001], [-9569835.6119, 5595572.051600002], [-9569836.1881, 5595528.506499998], [-9569836.7642, 5595484.961599998], [-9569837.3404, 5595441.417000003], [-9569837.9165, 5595397.872500002], [-9569838.4926, 5595354.328199998], [-9569839.0688, 5595310.784199998], [-9569839.6449, 5595267.2403], [-9569840.221, 5595223.696800001], [-9569840.7971, 5595180.1536], [-9569841.3732, 5595136.6105], [-9569841.9493, 5595093.067599997], [-9569842.5254, 5595049.524899997], [-9569843.1015, 5595005.9826000035], [-9569843.6776, 5594962.440399997], [-9569844.2537, 5594918.8983], [-9569844.8298, 5594875.3565], [-9569845.4058, 5594831.814900003], [-9569845.9819, 5594788.273500003], [-9569846.558, 5594744.732199997], [-9569847.134, 5594701.191200003], [-9569891.7384, 5594702.181299999], [-9569936.3428, 5594703.1712], [-9569980.9473, 5594704.1608000025], [-9570025.5518, 5594705.150200002], [-9570070.1563, 5594706.139300004], [-9570114.7607, 5594707.128300004], [-9570159.3652, 5594708.116999999], [-9570203.9697, 5594709.105599999], [-9570248.5741, 5594710.093800001], [-9570293.1788, 5594711.081900001], [-9570337.7833, 5594712.069799997], [-9570382.3878, 5594713.057400003], [-9570426.9923, 5594714.044799998], [-9570474.7284, 5594715.101400003], [-9570522.4644, 5594716.157799996], [-9570570.2003, 5594717.214100003], [-9570617.9364, 5594718.269900002], [-9570665.6725, 5594719.325599998], [-9570713.4086, 5594720.380900003], [-9570761.1446, 5594721.435999997], [-9570810.286, 5594722.516900003], [-9570859.4274, 5594723.597599998], [-9570908.5687, 5594724.677900001], [-9570957.7103, 5594725.7579], [-9571006.8516, 5594726.837899998], [-9571055.728, 5594726.6774], [-9571104.6044, 5594726.516599998], [-9571153.4808, 5594726.355599999], [-9571196.6474, 5594726.205700003], [-9571239.8141, 5594726.055699997], [-9571282.9808, 5594725.905500002], [-9571326.1473, 5594725.755099997], [-9571369.3139, 5594725.6044000015], [-9571412.4806, 5594725.453500003], [-9571455.6473, 5594725.302500002], [-9571498.8138, 5594725.1511999965], [-9571541.9804, 5594724.999799997], [-9571585.1471, 5594724.847999997], [-9571629.6315, 5594724.691500001], [-9571674.116, 5594724.534699999], [-9571718.6003, 5594724.377800003], [-9571763.0849, 5594724.2206000015], [-9571807.5692, 5594724.063199997], [-9571852.0537, 5594723.905500002], [-9571896.5381, 5594723.7478], [-9571941.0225, 5594723.589599997], [-9571985.507, 5594723.431400001], [-9572029.9914, 5594723.2727999985], [-9572074.4759, 5594723.114200003], [-9572118.9602, 5594722.955200002], [-9572163.4447, 5594722.796099998], [-9572207.9289, 5594722.636600003], [-9572252.4133, 5594722.4771], [-9572296.8975, 5594722.317199998], [-9572341.3819, 5594722.157200001], [-9572385.8661, 5594721.9969], [-9572430.3504, 5594721.8364999965], [-9572474.8346, 5594721.675700001], [-9572519.319, 5594721.514799997], [-9572563.8032, 5594721.353600003], [-9572608.2875, 5594721.192299999], [-9572652.7717, 5594721.030699998], [-9572697.2561, 5594720.869000003], [-9572741.7404, 5594720.706900001], [-9572786.2246, 5594720.544500001], [-9572830.7089, 5594720.381999999], [-9572875.1933, 5594720.219300002], [-9572919.6776, 5594720.056100003], [-9572964.1619, 5594719.892999999], [-9573008.6463, 5594719.729500003], [-9573053.1304, 5594719.565800004], [-9573097.6148, 5594719.401900001], [-9573142.0991, 5594719.237800002], [-9573186.5834, 5594719.0735], [-9573231.0677, 5594718.9089], [-9573275.5521, 5594718.744199999], [-9573320.0362, 5594718.5792], [-9573364.0552, 5594719.061099999], [-9573408.0742, 5594719.5427], [-9573452.0931, 5594720.024099998], [-9573496.1121, 5594720.5053], [-9573540.1311, 5594720.986299999], [-9573584.1501, 5594721.467100002], [-9573628.1691, 5594721.9476], [-9573672.1881, 5594722.428000003], [-9573716.2071, 5594722.9081000015], [-9573760.2261, 5594723.387999997], [-9573804.245, 5594723.867700003], [-9573848.264, 5594724.347199999], [-9573892.2831, 5594724.826399997], [-9573936.3021, 5594725.305500001], [-9573980.3211, 5594725.7842999995], [-9574024.3402, 5594726.262900002], [-9574068.3592, 5594726.741300002], [-9574112.3782, 5594727.219499998], [-9574156.3973, 5594727.697499998], [-9574200.4164, 5594728.175399996], [-9574244.4354, 5594728.652900003], [-9574288.4544, 5594729.130199999], [-9574332.4734, 5594729.6074], [-9574376.4925, 5594730.084200002], [-9574420.5116, 5594730.560900003], [-9574464.5307, 5594731.0374], [-9574508.5498, 5594731.513599999], [-9574552.5689, 5594731.989699997], [-9574596.5878, 5594732.465499997], [-9574640.6069, 5594732.941100001], [-9574684.626, 5594733.416599996], [-9574728.645, 5594733.891800001], [-9574772.6641, 5594734.366800003], [-9574816.6832, 5594734.841499999], [-9574860.7022, 5594735.316], [-9574904.7214, 5594735.790299997], [-9574948.7405, 5594736.264600001], [-9574992.7596, 5594736.738499999], [-9575036.7786, 5594737.212099999], [-9575080.7978, 5594737.685599998], [-9575124.8168, 5594738.158799998], [-9575168.8358, 5594738.631800003], [-9575212.855, 5594739.104599997], [-9575256.874, 5594739.577399999], [-9575300.8932, 5594740.049699999], [-9575344.9122, 5594740.521899998], [-9575388.9313, 5594740.993799999], [-9575432.9505, 5594741.465599999], [-9575476.9695, 5594741.937100001], [-9575520.9886, 5594742.408399999], [-9575565.0078, 5594742.879500002], [-9575609.0268, 5594743.3505000025], [-9575665.079, 5594742.4695999995], [-9575721.1312, 5594741.588399999], [-9575777.1834, 5594740.706699997], [-9575822.5967, 5594739.992299996], [-9575868.0099, 5594739.277500004], [-9575913.4231, 5594738.562600002], [-9575958.8363, 5594737.8473000005], [-9576004.2494, 5594737.131999999], [-9576047.6069, 5594736.448600002], [-9576090.9644, 5594735.7651999965], [-9576134.3218, 5594735.081500001], [-9576177.6793, 5594734.397600003], [-9576221.0367, 5594733.713500001], [-9576264.3941, 5594733.029200003], [-9576307.7515, 5594732.3445999995], [-9576351.1091, 5594731.6598000005], [-9576394.4665, 5594730.9750000015], [-9576437.8239, 5594730.289800003], [-9576481.1813, 5594729.604500003], [-9576524.5387, 5594728.918899998], [-9576567.8961, 5594728.233199999], [-9576611.2535, 5594727.5471], [-9576654.6108, 5594726.860799998], [-9576697.9682, 5594726.174500003], [-9576741.3255, 5594725.487800002], [-9576785.414, 5594724.789399996], [-9576829.5025, 5594724.090800002], [-9576873.591, 5594723.391999997], [-9576917.6794, 5594722.692900002], [-9576961.7679, 5594721.993699998], [-9577005.8563, 5594721.294100001], [-9577049.9449, 5594720.594400004], [-9577094.0333, 5594719.894500002], [-9577138.1217, 5594719.194300003], [-9577194.5714, 5594718.2695999965], [-9577251.0211, 5594717.344499998], [-9577307.4708, 5594716.419100001], [-9577356.5033, 5594715.656000003], [-9577405.5356, 5594714.892800003], [-9577454.5681, 5594714.129199997], [-9577503.6004, 5594713.365400001], [-9577552.6329, 5594712.601400003], [-9577598.0687, 5594711.877499998], [-9577643.5048, 5594711.153399996], [-9577688.9408, 5594710.429099999], [-9577734.3766, 5594709.704700001], [-9577779.8126, 5594708.9799000025], [-9577825.2486, 5594708.254900001], [-9577894.4574, 5594707.202100001], [-9577939.9157, 5594706.589500003], [-9577985.3741, 5594705.976499997], [-9578030.8326, 5594705.363399997], [-9578076.291, 5594704.75], [-9578121.7492, 5594704.136500001], [-9578167.2076, 5594703.522600003], [-9578212.666, 5594702.9086000025], [-9578258.1244, 5594702.294200003], [-9578303.5826, 5594701.679700002], [-9578349.041, 5594701.064999998], [-9578394.4993, 5594700.449900001], [-9578439.9577, 5594699.8347999975], [-9578483.5221, 5594699.244900003], [-9578527.0867, 5594698.655000001], [-9578570.6512, 5594698.064800002], [-9578614.2157, 5594697.474299997], [-9578657.7802, 5594696.883699998], [-9578701.3446, 5594696.292800002], [-9578744.9091, 5594695.701800004], [-9578788.4737, 5594695.1105], [-9578832.038, 5594694.519000001], [-9578875.6026, 5594693.927299999], [-9578919.1671, 5594693.3354], [-9578962.7314, 5594692.743299998], [-9579006.2959, 5594692.150899999], [-9579049.8604, 5594691.558499999], [-9579093.4248, 5594690.965599999], [-9579136.9893, 5594690.372699998], [-9579180.5536, 5594689.7795], [-9579224.1181, 5594689.1862], [-9579267.6824, 5594688.592600003], [-9579311.2468, 5594687.9987], [-9579354.8113, 5594687.404799998], [-9579398.3756, 5594686.810500003], [-9579441.9401, 5594686.2161], [-9579485.5043, 5594685.621399999], [-9579529.0688, 5594685.026600003], [-9579572.6331, 5594684.431400001], [-9579615.7196, 5594684.169], [-9579658.806, 5594683.906400003], [-9579701.8923, 5594683.643600002], [-9579744.9787, 5594683.380599998], [-9579788.0651, 5594683.117200002], [-9579831.1514, 5594682.853799999], [-9579874.2378, 5594682.5901999995], [-9579917.3243, 5594682.326399997], [-9579960.4107, 5594682.062200002], [-9580003.497, 5594681.797899999], [-9580046.5834, 5594681.533500001], [-9580092.706, 5594681.362899996], [-9580138.8286, 5594681.192199998], [-9580184.9512, 5594681.021200001], [-9580231.0737, 5594680.8500000015], [-9580277.1963, 5594680.678499997], [-9580323.3189, 5594680.506899998], [-9580369.4415, 5594680.334899999], [-9580415.5641, 5594680.162799999], [-9580461.6867, 5594679.9903], [-9580506.0928, 5594679.827200003], [-9580550.4988, 5594679.663900003], [-9580594.9047, 5594679.500399999], [-9580648.157, 5594679.297700003], [-9580701.4094, 5594679.094899997], [-9580754.6617, 5594678.891800001], [-9580807.9139, 5594678.6884], [-9580843.8533, 5594678.552500002], [-9580846.4515, 5594678.5427], [-9580890.0752, 5594678.695200004], [-9580933.6989, 5594678.8477], [-9580977.3225, 5594679.0], [-9581020.9462, 5594679.152000003], [-9581064.5699, 5594679.3037], [-9581108.1936, 5594679.4553999975], [-9581151.8173, 5594679.606799997], [-9581195.4411, 5594679.758000001], [-9581239.0648, 5594679.909000002], [-9581282.6884, 5594680.059600003], [-9581326.3121, 5594680.210199997], [-9581369.9358, 5594680.3605], [-9581413.5596, 5594680.510700002], [-9581413.1709, 5594715.0407000035], [-9581412.8032, 5594722.349399999], [-9581411.3731, 5594747.542999998], [-9581408.8609, 5594820.093699999], [-9581410.2472, 5594858.3178], [-9581415.3622, 5594913.4673999995], [-9581420.4396, 5594957.1844], [-9581425.5173, 5595000.901600003], [-9581427.1882, 5595017.370999999], [-9581429.0043, 5595047.574100003], [-9581431.5995, 5595124.957199998], [-9581433.4781, 5595147.888800003], [-9581434.115, 5595156.4575999975], [-9581437.3774, 5595205.318800002], [-9581438.5141, 5595231.125200003], [-9581438.3149, 5595262.683600001], [-9581437.8809, 5595275.449500002], [-9581443.5622, 5595318.327399999], [-9581446.366, 5595343.909100004], [-9581448.3726, 5595381.045500003], [-9581447.9543, 5595418.234200001], [-9581446.9817, 5595439.323899999], [-9581448.5769, 5595453.178000003], [-9581450.1823, 5595469.080799997], [-9581451.7391, 5595492.686099999], [-9581454.6196, 5595556.500600003], [-9581457.5002, 5595620.315700002], [-9581461.3841, 5595664.089500003], [-9581465.2678, 5595707.863499999], [-9581467.0549, 5595737.214400001], [-9581469.8977, 5595818.3401999995], [-9581469.6991, 5595863.3178], [-9581467.243, 5595915.270800002], [-9581467.3915, 5595953.605099998], [-9581468.311, 5595976.270300001], [-9581468.4793, 5595977.5879999995], [-9581471.6478, 5595991.762999997], [-9581478.4689, 5596028.321500003], [-9581482.8923, 5596065.249499999], [-9581484.5919, 5596092.237000003], [-9581487.0313, 5596154.467299998], [-9581487.1748, 5596158.492399998], [-9581490.5463, 5596178.207199998], [-9581494.9699, 5596215.135799997], [-9581495.84, 5596226.466499999], [-9581499.103, 5596275.333400004], [-9581501.9289, 5596319.861400001], [-9581504.7547, 5596364.389600001], [-9581509.4359, 5596400.809900001], [-9581516.8452, 5596448.490099996], [-9581524.2545, 5596496.170500003], [-9581531.6639, 5596543.851099998], [-9581535.6174, 5596575.634000003], [-9581540.9982, 5596631.704700001], [-9581546.7105, 5596667.076300003], [-9581554.4328, 5596697.9608], [-9581561.2548, 5596734.522100002], [-9581562.8745, 5596745.867799997], [-9581570.811, 5596805.759499997], [-9581573.6155, 5596831.344800003], [-9581575.6229, 5596868.487300001], [-9581575.7243, 5596886.422499999], [-9581575.1793, 5596940.5546], [-9581575.2574, 5596942.346000001], [-9581576.437, 5596949.700599998], [-9581577.071, 5596953.747000001], [-9581581.4954, 5596990.6787], [-9581583.5029, 5597027.821800001], [-9581583.7475, 5597039.257600002], [-9581584.5851, 5597043.1483], [-9581590.7985, 5597076.916699998], [-9581595.2228, 5597113.848899998], [-9581597.2304, 5597150.9925], [-9581597.3608, 5597163.0942], [-9581597.3641, 5597182.902900003], [-9581599.132, 5597198.3571000025], [-9581600.6895, 5597213.840099998], [-9581604.367, 5597257.180600002], [-9581618.2279, 5597332.4212], [-9581620.5908, 5597346.192699999], [-9581627.641, 5597390.534699999], [-9581634.6912, 5597434.876900002], [-9581635.203, 5597438.157200001], [-9581638.3909, 5597462.475599997], [-9581643.9085, 5597512.9690999985], [-9581649.4264, 5597563.462899998], [-9581650.2435, 5597571.4617], [-9581655.2544, 5597624.191399999], [-9581660.2655, 5597676.921499997], [-9581660.6853, 5597681.538199998], [-9581662.6933, 5597718.684100002], [-9581662.532, 5597749.1281], [-9581662.2445, 5597758.1076000035], [-9581669.9572, 5597802.076399997], [-9581677.67, 5597846.045299999], [-9581679.6833, 5597858.306299999], [-9581684.1085, 5597895.241599999], [-9581685.3728, 5597913.017300002], [-9581688.3878, 5597967.4076000005], [-9581695.4472, 5597995.902400002], [-9581699.4418, 5598015.666000001], [-9581706.9758, 5598056.6635000035], [-9581709.8049, 5598073.466300003], [-9581714.2302, 5598110.402400002], [-9581716.2385, 5598147.550099999], [-9581716.3667, 5598158.082500003], [-9581716.4388, 5598182.690700002], [-9581717.0971, 5598187.841600001], [-9581730.3386, 5598265.504500002], [-9581731.2133, 5598270.784500003], [-9581738.4655, 5598315.868199997], [-9581745.7177, 5598360.952], [-9581752.9701, 5598406.0361], [-9581753.6446, 5598410.333999999], [-9581756.4927, 5598431.614799999], [-9581762.2215, 5598481.552699998], [-9581767.9505, 5598531.490999997], [-9581773.6796, 5598581.429700002], [-9581779.4086, 5598631.3684], [-9581785.1377, 5598681.307599999], [-9581786.6111, 5598695.777500004], [-9581790.7554, 5598742.364399999], [-9581794.8997, 5598788.9516], [-9581799.044, 5598835.539099999], [-9581803.1884, 5598882.126699999], [-9581807.3329, 5598928.714500003], [-9581811.4772, 5598975.302599996], [-9581811.726, 5598978.181100003], [-9581818.6628, 5599060.902900003], [-9581823.9076, 5599110.574900001], [-9581829.1525, 5599160.247000001], [-9581830.1665, 5599170.7861], [-9581832.1755, 5599207.938000001], [-9581832.2664, 5599226.895400003], [-9581831.4387, 5599296.893399999], [-9581834.3594, 5599327.933200002], [-9581834.5946, 5599330.494800001], [-9581837.5537, 5599363.540399998], [-9581847.012, 5599428.330200002], [-9581850.6289, 5599458.829499997], [-9581855.0531, 5599507.251699999], [-9581859.4773, 5599555.674000002], [-9581866.2136, 5599603.102499999], [-9581872.9501, 5599650.531199999], [-9581879.6865, 5599697.960199997], [-9581880.8088, 5599706.302599996], [-9581886.6135, 5599752.006200001], [-9581892.4184, 5599797.710100003], [-9581898.2233, 5599843.4142], [-9581900.1241, 5599860.4152000025], [-9581905.114, 5599912.0458], [-9581910.104, 5599963.676899999], [-9581910.6096, 5599969.187200002], [-9581912.5106, 5600002.033299997], [-9581913.8384, 5600047.851800002], [-9581915.1662, 5600093.670500003], [-9581916.494, 5600139.489399999], [-9581919.1648, 5600182.739], [-9581921.8354, 5600225.988600001], [-9581924.5062, 5600269.238499999], [-9581927.1771, 5600312.488600001], [-9581929.8478, 5600355.738899998], [-9581933.4363, 5600381.534500003], [-9581945.8101, 5600453.3631], [-9581947.5232, 5600463.8950999975], [-9581951.9507, 5600500.840800002], [-9581956.145, 5600551.159100004], [-9581960.3393, 5600601.477499999], [-9581963.1349, 5600617.051200002], [-9581965.5421, 5600631.529100001], [-9581969.0818, 5600659.144699998], [-9581974.6822, 5600713.279600002], [-9581980.2825, 5600767.4147000015], [-9581981.1704, 5600776.745700002], [-9581982.5299, 5600796.276600003], [-9581985.8976, 5600860.559199996], [-9581989.2654, 5600924.842100002], [-9581994.0738, 5600970.755599998], [-9581998.8825, 5601016.669399999], [-9581999.8449, 5601026.717500001], [-9582000.4676, 5601034.502400003], [-9582004.0255, 5601083.173699997], [-9582010.1258, 5601130.429399997], [-9582016.2261, 5601177.685400002], [-9582022.3264, 5601224.941600002], [-9582028.427, 5601272.197899997], [-9582034.5274, 5601319.454599999], [-9582040.6281, 5601366.711599998], [-9582041.163, 5601370.982299998], [-9582047.0035, 5601419.0792], [-9582052.8441, 5601467.176399998], [-9582058.6847, 5601515.273699999], [-9582060.7043, 5601534.668799996], [-9582062.7148, 5601571.830300003], [-9582063.6535, 5601615.881499998], [-9582064.5923, 5601659.932899997], [-9582065.531, 5601703.984399997], [-9582066.4698, 5601748.036200002], [-9582067.4087, 5601792.088200003], [-9582068.3474, 5601836.140500002], [-9582068.4324, 5601855.435000002], [-9582067.8905, 5601898.765100002], [-9582067.3485, 5601942.095200002], [-9582066.8067, 5601985.4256], [-9582066.2648, 5602028.756200001], [-9582065.7229, 5602072.0869999975], [-9582065.1811, 5602115.417999998], [-9582064.8656, 5602161.639600001], [-9582064.5501, 5602207.861500002], [-9582064.2348, 5602254.083400004], [-9582063.9193, 5602300.305799998], [-9582063.604, 5602346.528399996], [-9582063.7858, 5602396.690200001], [-9582063.9677, 5602446.852399997], [-9582067.4825, 5602491.612800002], [-9582070.9974, 5602536.373499997], [-9582074.5123, 5602581.134400003], [-9582075.6665, 5602599.707500003], [-9582079.446, 5602682.251599997], [-9582083.1459, 5602730.819499999], [-9582086.8459, 5602779.387500003], [-9582090.5459, 5602827.955700003], [-9582094.2459, 5602876.524300002], [-9582095.7637, 5602907.642800003], [-9582095.8576, 5602926.399700001], [-9582095.2785, 5602977.055], [-9582094.6996, 5603027.710500002], [-9582094.5939, 5603033.955899999], [-9582093.4601, 5603084.623800002], [-9582092.3262, 5603135.2918], [-9582091.9219, 5603147.509199999], [-9582090.3135, 5603172.079400003], [-9582084.9676, 5603233.4130000025], [-9582083.7346, 5603245.9564], [-9582082.6337, 5603255.862899996], [-9582084.1207, 5603298.872900002], [-9582084.3302, 5603306.359899998], [-9582084.0059, 5603341.390000001], [-9582082.1193, 5603388.5869999975], [-9582080.2327, 5603435.7842999995], [-9582080.6753, 5603499.179200001], [-9582080.1421, 5603528.153300002], [-9582077.3005, 5603565.268399999], [-9582076.7981, 5603569.698399998], [-9582074.767, 5603587.001999997], [-9582076.195, 5603602.967799999], [-9582078.2061, 5603640.137800001], [-9582078.3066, 5603646.461199999], [-9582078.8251, 5603696.5402000025], [-9582079.3437, 5603746.619499996], [-9582079.2187, 5603765.8627], [-9582078.0607, 5603815.421899997], [-9582076.9027, 5603864.981299996], [-9582076.5111, 5603876.637599997], [-9582075.483, 5603894.026500002], [-9582071.8169, 5603943.2673999965], [-9582068.1508, 5603992.508599997], [-9582064.4846, 5604041.750200003], [-9582060.8182, 5604090.991899997], [-9582059.0047, 5604110.719999999], [-9582053.5076, 5604159.258599997], [-9582048.0106, 5604207.7973000035], [-9582044.1898, 5604262.435999997], [-9582040.3688, 5604317.075199999], [-9582039.7488, 5604325.122599997], [-9582033.5546, 5604398.727499999], [-9582032.1758, 5604412.972499996], [-9582026.9203, 5604449.825099997], [-9582024.7618, 5604461.386200003], [-9582017.2757, 5604499.311800003], [-9582012.9218, 5604545.091300003], [-9582008.568, 5604590.871100001], [-9582004.2139, 5604636.651000001], [-9581999.86, 5604682.431299999], [-9581995.5059, 5604728.2117], [-9581994.6804, 5604736.283299997], [-9581993.1551, 5604748.9135000035], [-9581986.8223, 5604796.856399998], [-9581980.4897, 5604844.799599998], [-9581974.1568, 5604892.743000001], [-9581971.4048, 5604945.843800001], [-9581970.5549, 5604959.208700001], [-9581964.5027, 5605039.495099999], [-9581962.7276, 5605058.705700003], [-9581960.4386, 5605076.906099997], [-9581953.4289, 5605126.225900002], [-9581946.4192, 5605175.5458], [-9581939.4094, 5605224.866099998], [-9581932.3994, 5605274.186700001], [-9581929.4323, 5605292.842100002], [-9581928.5021, 5605297.986599997], [-9581913.5704, 5605378.467500001], [-9581911.3581, 5605389.755800001], [-9581897.2737, 5605457.972599998], [-9581892.7684, 5605477.972400002], [-9581891.9487, 5605481.285700001], [-9581874.5583, 5605550.687700003], [-9581869.5364, 5605569.377999999], [-9581855.0703, 5605619.790600002], [-9581840.6039, 5605670.203500003], [-9581836.4388, 5605684.053199999], [-9581831.8209, 5605698.0933], [-9581817.0968, 5605740.979199998], [-9581802.3726, 5605783.8653], [-9581799.914, 5605790.8772], [-9581775.8149, 5605858.199199997], [-9581775.0217, 5605860.401100002], [-9581754.1302, 5605918.015000001], [-9581736.8534, 5605977.570600003], [-9581723.834, 5606023.020000003], [-9581710.8143, 5606068.469499998], [-9581697.7946, 5606113.919399999], [-9581694.4494, 5606125.159199998], [-9581670.5631, 5606202.499600001], [-9581669.6686, 5606205.368799999], [-9581657.3448, 5606240.490999997], [-9581643.1206, 5606273.948200002], [-9581627.8008, 5606307.0119], [-9581610.2811, 5606359.408399999], [-9581592.7613, 5606411.805200003], [-9581575.2412, 5606464.202399999], [-9581566.2247, 5606489.213799998], [-9581548.1278, 5606535.966799997], [-9581530.0309, 5606582.719999999], [-9581511.9337, 5606629.4736], [-9581493.8363, 5606676.2272000015], [-9581475.7387, 5606722.9811], [-9581457.6409, 5606769.735100001], [-9581446.3202, 5606796.822400004], [-9581420.3487, 5606854.726099998], [-9581394.3769, 5606912.630199999], [-9581391.109, 5606919.783200003], [-9581385.4477, 5606931.595799997], [-9581359.8996, 5606983.366800003], [-9581334.3513, 5607035.138099998], [-9581323.2228, 5607056.535499997], [-9581311.6956, 5607076.617399998], [-9581281.0338, 5607127.6049000025], [-9581250.3715, 5607178.592500001], [-9581242.9796, 5607190.548], [-9581222.871, 5607220.0978000015], [-9581173.4589, 5607288.017800003], [-9581150.5331, 5607317.3037], [-9581144.6975, 5607324.1646], [-9581103.5105, 5607371.818599999], [-9581084.5598, 5607392.676299997], [-9581058.0198, 5607418.708999999], [-9581034.2146, 5607439.388400003], [-9580993.828, 5607472.549000002], [-9580989.4529, 5607476.105099998], [-9580967.4898, 5607492.910999998], [-9580935.6423, 5607516.071800001], [-9580914.7962, 5607534.3583], [-9580896.3004, 5607549.899099998], [-9580884.3369, 5607559.263300002], [-9580838.8243, 5607593.9152000025], [-9580793.3113, 5607628.567100003], [-9580747.276, 5607663.868299998], [-9580701.2403, 5607699.169299997], [-9580683.846, 5607715.896300003], [-9580674.3816, 5607724.791699998], [-9580646.1993, 5607749.026600003], [-9580617.1157, 5607770.9256], [-9580571.4707, 5607803.052599996], [-9580525.8255, 5607835.179700002], [-9580485.3727, 5607864.1039], [-9580444.9198, 5607893.027999997], [-9580404.4664, 5607921.952100001], [-9580358.0866, 5607955.281800002], [-9580311.7064, 5607988.611400001], [-9580306.541, 5607992.279799998], [-9580275.4453, 5608012.615800001], [-9580256.1014, 5608023.8631], [-9580193.5287, 5608058.609999999], [-9580180.5178, 5608065.614600003], [-9580147.0423, 5608081.7038], [-9580129.1708, 5608089.219999999], [-9580049.8734, 5608120.9824], [-9580033.2921, 5608127.324199997], [-9579998.0096, 5608138.891099997], [-9579972.1716, 5608145.7739999965], [-9579911.3927, 5608160.4353], [-9579850.6137, 5608175.096199997], [-9579840.4905, 5608177.439800002], [-9579833.3601, 5608178.973499998], [-9579764.3982, 5608193.342299998], [-9579745.4321, 5608197.9016999975], [-9579704.0141, 5608211.682599999], [-9579662.596, 5608225.463299997], [-9579614.7375, 5608241.218999997], [-9579566.879, 5608256.974200003], [-9579519.0202, 5608272.7294000015], [-9579469.3962, 5608291.547899999], [-9579419.772, 5608310.365999997], [-9579370.1475, 5608329.184], [-9579318.7206, 5608348.4684000015], [-9579267.2933, 5608367.752499998], [-9579215.8659, 5608387.0363000035], [-9579210.9687, 5608388.846900001], [-9579198.9228, 5608393.083999999], [-9579155.3519, 5608407.860100001], [-9579111.7806, 5608422.635799997], [-9579068.2092, 5608437.411499999], [-9579024.6377, 5608452.186800003], [-9578979.7766, 5608467.726899996], [-9578934.9152, 5608483.266599998], [-9578890.0538, 5608498.806299999], [-9578845.1921, 5608514.345799997], [-9578800.3303, 5608529.8851], [-9578773.593, 5608538.4098000005], [-9578759.7051, 5608542.269900002], [-9578699.0006, 5608558.311999999], [-9578638.2958, 5608574.353699997], [-9578578.7516, 5608590.627099998], [-9578573.9691, 5608591.911700003], [-9578514.3188, 5608607.6538999975], [-9578454.6682, 5608623.3957], [-9578432.7632, 5608628.711900003], [-9578396.2746, 5608635.553000003], [-9578359.418, 5608639.9848000035], [-9578322.3515, 5608641.988300003], [-9578304.0734, 5608642.079700001], [-9578252.4102, 5608641.502400003], [-9578200.7469, 5608640.924800001], [-9578181.9072, 5608640.399800003], [-9578144.8973, 5608637.531099997], [-9578108.1536, 5608632.239600003], [-9578088.4719, 5608628.380999997], [-9578008.1345, 5608611.145999998], [-9577991.4962, 5608607.312899999], [-9577983.6115, 5608605.3103], [-9577908.779, 5608585.730800003], [-9577880.9232, 5608577.674099997], [-9577845.915, 5608565.290899999], [-9577832.6324, 5608559.901500002], [-9577792.289, 5608542.933799997], [-9577751.9459, 5608525.9661], [-9577731.1027, 5608516.701200001], [-9577698.0053, 5608499.838799998], [-9577688.4091, 5608494.424000002], [-9577632.7366, 5608462.293099999], [-9577577.0645, 5608430.1620000005], [-9577521.7192, 5608398.881300002], [-9577466.3742, 5608367.600199997], [-9577452.1652, 5608359.294799998], [-9577409.4168, 5608333.467100002], [-9577396.8557, 5608325.652500004], [-9577366.2365, 5608304.598899998], [-9577337.0556, 5608281.581], [-9577332.9068, 5608278.048], [-9577290.4463, 5608241.535499997], [-9577247.9861, 5608205.023100004], [-9577203.8399, 5608167.430100001], [-9577159.694, 5608129.836800002], [-9577156.6565, 5608127.2315], [-9577111.9771, 5608088.637000002], [-9577067.298, 5608050.042499997], [-9577062.6961, 5608046.023699999], [-9577014.8274, 5608003.7654], [-9576978.3993, 5607973.844800003], [-9576972.7153, 5607969.113700002], [-9576945.0992, 5607944.229999997], [-9576919.1644, 5607917.587200001], [-9576895.0221, 5607889.299500003], [-9576885.3657, 5607876.855999999], [-9576855.4126, 5607837.134300001], [-9576825.4599, 5607797.412799999], [-9576805.7227, 5607772.145999998], [-9576786.9616, 5607755.524899997], [-9576769.7877, 5607739.667099997], [-9576743.854, 5607713.024300002], [-9576709.8558, 5607675.568800002], [-9576675.8579, 5607638.113200001], [-9576641.8603, 5607600.6576000005], [-9576623.5176, 5607579.418300003], [-9576587.1623, 5607535.159000002], [-9576550.8074, 5607490.899700001], [-9576514.2102, 5607456.112800002], [-9576477.613, 5607421.325999998], [-9576475.092, 5607418.914800003], [-9576459.9828, 5607403.818000004], [-9576425.2356, 5607367.768399999], [-9576390.4888, 5607331.7190999985], [-9576354.8503, 5607300.540899999], [-9576319.2119, 5607269.3627], [-9576271.8108, 5607236.366300002], [-9576224.4098, 5607203.369999997], [-9576183.1457, 5607176.388400003], [-9576141.8819, 5607149.406400003], [-9576100.6185, 5607122.424599998], [-9576059.3552, 5607095.442599997], [-9576018.0921, 5607068.4604], [-9575976.8293, 5607041.4782000035], [-9575937.7981, 5607017.609099999], [-9575898.767, 5606993.739699997], [-9575859.7362, 5606969.870399997], [-9575820.7056, 5606946.0009], [-9575781.6752, 5606922.131200001], [-9575771.6424, 5606915.850699998], [-9575741.0319, 5606894.7949], [-9575728.9255, 5606885.616499998], [-9575693.1465, 5606857.7289], [-9575642.5553, 5606826.384400003], [-9575635.316, 5606821.823200002], [-9575604.706, 5606800.767099999], [-9575592.2817, 5606791.340499997], [-9575566.298, 5606771.057400003], [-9575544.7363, 5606758.947899997], [-9575497.2319, 5606734.441600002], [-9575449.7275, 5606709.935199998], [-9575402.2234, 5606685.428400002], [-9575335.3765, 5606655.0276999995], [-9575329.2849, 5606652.213600002], [-9575296.1988, 5606635.3456000015], [-9575270.0112, 5606619.964299999], [-9575246.8925, 5606605.538699999], [-9575215.3082, 5606594.243600003], [-9575181.1939, 5606579.582500003], [-9575148.1084, 5606562.714299999], [-9575126.0306, 5606549.872599997], [-9575107.6401, 5606543.0392], [-9575073.5262, 5606528.377800003], [-9575040.441, 5606511.509199999], [-9575031.0226, 5606506.193300001], [-9575012.2787, 5606501.310999997], [-9574983.6554, 5606493.044299997], [-9574948.6592, 5606480.6526999995], [-9574914.5457, 5606465.990900002], [-9574883.8314, 5606450.422600001], [-9574872.9804, 5606444.501199998], [-9574802.6381, 5606420.865500003], [-9574816.4911, 5606379.359899998], [-9574830.344, 5606337.8544000015], [-9574844.1968, 5606296.349100001], [-9574858.0495, 5606254.843999997], [-9574871.9021, 5606213.339000002], [-9574885.7545, 5606171.8342999965], [-9574899.6068, 5606130.329599999], [-9574913.4589, 5606088.825199999], [-9574927.311, 5606047.320900001], [-9574941.1629, 5606005.816799998], [-9574955.0147, 5605964.312899999], [-9574968.8664, 5605922.808899999], [-9574982.7178, 5605881.305299997], [-9574982.2541, 5605847.838299997], [-9574982.0944, 5605836.310099997], [-9574981.4708, 5605791.315200001], [-9574980.8472, 5605746.3204], [-9574980.2236, 5605701.325900003], [-9574979.6, 5605656.331600003], [-9574978.9764, 5605611.337399997], [-9574977.8699, 5605530.514300004], [-9574977.7973, 5605525.206799999], [-9574977.2791, 5605487.352499999], [-9574976.6882, 5605444.190800004], [-9574976.0974, 5605401.029299997], [-9574976.0261, 5605395.884199999], [-9574975.4974, 5605357.738499999], [-9574974.8976, 5605314.447899997], [-9574974.2978, 5605271.157499999], [-9574973.6979, 5605227.867299996], [-9574973.6368, 5605223.456799999], [-9574973.0393, 5605180.3505000025], [-9574927.4719, 5605179.603799999], [-9574881.9045, 5605178.856899999], [-9574836.3372, 5605178.1098000035], [-9574790.7698, 5605177.362400003], [-9574745.2025, 5605176.614799999], [-9574699.6352, 5605175.866999999], [-9574654.0678, 5605175.119000003], [-9574608.5005, 5605174.3706], [-9574562.9333, 5605173.622199997], [-9574517.3659, 5605172.873400003], [-9574471.7987, 5605172.124499999], [-9574428.2586, 5605171.720700003], [-9574384.7185, 5605171.316600002], [-9574341.1785, 5605170.912299998], [-9574297.6385, 5605170.508000001], [-9574254.0984, 5605170.103299998], [-9574210.5584, 5605169.698399998], [-9574167.0184, 5605169.293200001], [-9574123.4782, 5605168.887900002], [-9574079.9383, 5605168.482500002], [-9574036.3983, 5605168.076800004], [-9573992.8582, 5605167.6708], [-9573947.0951, 5605167.243900001]]], [[[-9564535.315, 5617219.7733], [-9564515.5901, 5617217.910099998], [-9564478.8194, 5617212.558700003], [-9564461.0992, 5617209.090099998], [-9564427.2768, 5617201.907499999], [-9564408.654, 5617197.623000003], [-9564398.1652, 5617194.916000001], [-9564364.9903, 5617186.014700003], [-9564339.7196, 5617178.6000000015], [-9564327.0022, 5617174.378700003], [-9564302.9112, 5617166.064499997], [-9564296.874, 5617163.9868], [-9564232.1642, 5617152.2601], [-9564197.6139, 5617144.878200002], [-9564150.7288, 5617133.319700003], [-9564145.5619, 5617132.012800001], [-9564100.084, 5617120.281400003], [-9564069.4919, 5617111.465599999], [-9564044.7092, 5617102.926299997], [-9564004.2311, 5617087.922399998], [-9563959.677, 5617071.855999999], [-9563902.7872, 5617053.630900003], [-9563890.4461, 5617049.520400003], [-9563842.8359, 5617033.053099997], [-9563834.0892, 5617029.947300002], [-9563827.1141, 5617028.343099996], [-9563817.7481, 5617026.1049000025], [-9563781.9898, 5617015.9811], [-9563746.9682, 5617003.532200001], [-9563741.2044, 5617001.231299996], [-9563663.3626, 5616969.660999998], [-9563654.8702, 5616966.136200003], [-9563641.7056, 5616960.546599999], [-9563611.5187, 5616950.657700002], [-9563588.0354, 5616942.388899997], [-9563545.8806, 5616926.496100001], [-9563538.5677, 5616923.681199998], [-9563509.0024, 5616911.086099997], [-9563447.0635, 5616882.5983000025], [-9563405.7348, 5616865.951499999], [-9563364.4062, 5616849.304499999], [-9563338.9036, 5616838.298100002], [-9563297.3671, 5616819.151100002], [-9563255.8309, 5616800.003899999], [-9563252.1561, 5616798.294], [-9563220.796, 5616783.564900003], [-9563190.479, 5616771.196000002], [-9563168.5883, 5616761.722900003], [-9563111.7923, 5616735.7117], [-9563106.3707, 5616733.193999998], [-9563073.2705, 5616716.263099998], [-9563065.908, 5616712.115400001], [-9563035.9779, 5616694.958700001], [-9563011.4148, 5616680.039499998], [-9562980.8009, 5616658.918099999], [-9562975.3788, 5616654.8587], [-9562958.5814, 5616642.125799999], [-9562942.7111, 5616634.2260000035], [-9562938.1663, 5616631.938299999], [-9562877.0896, 5616600.8486], [-9562835.504, 5616580.263300002], [-9562793.9186, 5616559.6778], [-9562752.3334, 5616539.092], [-9562707.2145, 5616518.917999998], [-9562662.0957, 5616498.743799999], [-9562616.9772, 5616478.569200002], [-9562606.8848, 5616473.937299997], [-9562592.0211, 5616466.671599999], [-9562549.3712, 5616445.046800002], [-9562506.7215, 5616423.421599999], [-9562464.0721, 5616401.796400003], [-9562459.2093, 5616399.301200002], [-9562420.3053, 5616379.101199999], [-9562381.4013, 5616358.900799997], [-9562342.4976, 5616338.700499997], [-9562303.594, 5616318.5], [-9562264.6907, 5616298.2993], [-9562188.054, 5616260.5264], [-9562147.5815, 5616241.606799997], [-9562107.1093, 5616222.686999999], [-9562102.969, 5616220.716700003], [-9562031.0581, 5616186.137599997], [-9562023.3441, 5616182.355999999], [-9561954.9912, 5616148.202200003], [-9561933.7494, 5616137.020199999], [-9561921.3806, 5616129.966499999], [-9561882.8454, 5616107.344899997], [-9561844.3106, 5616084.723399997], [-9561824.7585, 5616072.707199998], [-9561812.6954, 5616064.734099999], [-9561757.752, 5616027.404700004], [-9561739.2061, 5616014.253700003], [-9561719.8967, 5615999.319499999], [-9561688.8282, 5615974.2048999965], [-9561654.699, 5615947.408799998], [-9561617.5339, 5615919.686300002], [-9561590.2112, 5615897.967699997], [-9561562.6131, 5615873.0154], [-9561560.6386, 5615871.099699996], [-9561527.0129, 5615838.319600001], [-9561503.0753, 5615813.525300004], [-9561501.249, 5615811.505400002], [-9561451.5671, 5615769.480099998], [-9561423.9698, 5615744.5276999995], [-9561399.4903, 5615719.388300002], [-9561389.8839, 5615708.893700004], [-9561385.2883, 5615704.555500001], [-9561361.1304, 5615684.304499999], [-9561359.0769, 5615682.574900001], [-9561331.48, 5615657.622500002], [-9561305.569, 5615630.9125000015], [-9561281.4547, 5615602.559299998], [-9561271.78, 5615590.046800002], [-9561268.8937, 5615586.693599999], [-9561254.877, 5615569.758400001], [-9561247.3734, 5615560.116899997], [-9561239.7917, 5615550.156499997], [-9561217.7368, 5615528.649599999], [-9561193.8483, 5615503.901600003], [-9561186.7927, 5615495.988300003], [-9561157.7528, 5615462.800899997], [-9561122.4425, 5615423.708700001], [-9561119.6001, 5615420.538199998], [-9561083.7943, 5615380.295599997], [-9561063.6181, 5615356.3213], [-9561048.3275, 5615336.201700002], [-9561040.032, 5615327.264700003], [-9561015.9194, 5615298.911700003], [-9561010.2144, 5615291.620099999], [-9560965.2446, 5615233.169799998], [-9560932.4847, 5615192.205899999], [-9560915.2387, 5615169.373800002], [-9560884.1366, 5615125.971000001], [-9560879.1702, 5615118.9287], [-9560875.3577, 5615113.364399999], [-9560846.6555, 5615070.939099997], [-9560830.2514, 5615045.235299997], [-9560818.8795, 5615025.431000002], [-9560804.7135, 5614999.5748], [-9560797.9503, 5614986.851599999], [-9560782.1491, 5614953.604199998], [-9560770.4135, 5614926.705300003], [-9560759.1435, 5614902.139300004], [-9560741.4861, 5614869.247299999], [-9560738.7672, 5614864.119999997], [-9560728.0045, 5614846.917800002], [-9560725.2278, 5614842.248599999], [-9560705.1896, 5614808.184299998], [-9560689.832, 5614780.326499999], [-9560673.8571, 5614746.679200001], [-9560672.3628, 5614743.215800002], [-9560658.4786, 5614710.739200003], [-9560654.1277, 5614700.275700003], [-9560645.8624, 5614679.828199998], [-9560637.9604, 5614659.131800003], [-9560635.7144, 5614652.770499997], [-9560630.3149, 5614637.184799999], [-9560621.1001, 5614608.094700001], [-9560620.0424, 5614604.369800001], [-9560588.8586, 5614547.902800001], [-9560582.6072, 5614537.275300004], [-9560575.3942, 5614526.7311], [-9560557.3291, 5614498.5842999965], [-9560544.7798, 5614476.618299998], [-9560525.7443, 5614441.512400001], [-9560520.1605, 5614430.952200003], [-9560514.534, 5614419.734499998], [-9560512.6262, 5614415.823799998], [-9560506.137, 5614404.870399997], [-9560492.7818, 5614382.275300004], [-9560476.8133, 5614353.380000003], [-9560462.4097, 5614323.306400001], [-9560451.5838, 5614298.895900004], [-9560445.7945, 5614287.361599997], [-9560439.407, 5614275.726199999], [-9560433.9415, 5614267.297200002], [-9560429.9922, 5614261.119900003], [-9560414.9118, 5614237.1941], [-9560408.5888, 5614226.922799997], [-9560390.4568, 5614194.397200003], [-9560385.5751, 5614184.700199999], [-9560383.0281, 5614181.059600003], [-9560362.8149, 5614149.793700002], [-9560349.4791, 5614126.370800003], [-9560338.6054, 5614106.176700003], [-9560318.1121, 5614079.8391999975], [-9560299.6778, 5614054.762699999], [-9560279.4652, 5614023.497000001], [-9560261.3341, 5613990.972000003], [-9560245.3621, 5613957.326700002], [-9560238.2293, 5613940.183799997], [-9560231.3599, 5613929.0471], [-9560213.2291, 5613896.522100002], [-9560209.7261, 5613889.610299997], [-9560191.2928, 5613860.923500001], [-9560173.1623, 5613828.398800001], [-9560165.581, 5613813.131999999], [-9560160.3116, 5613805.7836000025], [-9560155.2145, 5613798.557700001], [-9560135.003, 5613767.292499997], [-9560116.873, 5613734.768100001], [-9560114.9849, 5613731.071500003], [-9560110.1014, 5613721.423900001], [-9560100.7626, 5613707.612999998], [-9560084.408, 5613681.978399999], [-9560075.2224, 5613666.124200001], [-9560067.1248, 5613651.614799999], [-9560058.1806, 5613634.944700003], [-9560042.2099, 5613601.300399996], [-9560035.5849, 5613585.430799998], [-9560022.738, 5613553.303099997], [-9560011.9597, 5613529.007399999], [-9560010.4282, 5613525.604599997], [-9560000.9401, 5613507.255599998], [-9559998.7997, 5613503.059799999], [-9559992.325, 5613492.546999998], [-9559974.1961, 5613460.023199998], [-9559971.8722, 5613455.463799998], [-9559948.5482, 5613409.189000003], [-9559934.9022, 5613380.104800001], [-9559926.8829, 5613360.7139], [-9559912.9444, 5613325.172899999], [-9559907.9134, 5613311.7863000035], [-9559907.6184, 5613311.0451000035], [-9559896.6939, 5613287.433200002], [-9559892.6096, 5613277.809199996], [-9559875.451, 5613250.987599999], [-9559859.7654, 5613223.1504999995], [-9559856.1817, 5613218.9362], [-9559844.3363, 5613204.534000002], [-9559822.1325, 5613174.6635000035], [-9559815.387, 5613164.7179000005], [-9559799.9828, 5613141.4821000025], [-9559786.5196, 5613120.163999997], [-9559784.9601, 5613117.553499997], [-9559779.7171, 5613110.4045], [-9559771.0316, 5613098.229500003], [-9559758.2066, 5613078.915299997], [-9559753.373, 5613071.304200001], [-9559718.3663, 5613031.156999998], [-9559683.3599, 5612991.009800002], [-9559646.8269, 5612951.049400002], [-9559607.877, 5612908.637100004], [-9559577.4206, 5612880.128300004], [-9559536.1822, 5612849.041299999], [-9559511.0675, 5612828.9690999985], [-9559505.3461, 5612824.059], [-9559464.2804, 5612788.341600001], [-9559405.5799, 5612743.962899998], [-9559370.852, 5612722.5], [-9559332.1189, 5612702.6586000025], [-9559293.386, 5612682.8169], [-9559233.4024, 5612656.539800003], [-9559211.8952, 5612647.989500001], [-9559196.4946, 5612643.6972], [-9559151.3239, 5612631.3046], [-9559128.8222, 5612624.626400001], [-9559093.8237, 5612612.165299997], [-9559062.7423, 5612598.851300001], [-9559013.5709, 5612576.027800001], [-9559009.9052, 5612574.310400002], [-9558984.8953, 5612566.9498], [-9558980.663, 5612565.579300001], [-9558936.8911, 5612551.213799998], [-9558893.1192, 5612536.848200001], [-9558886.1226, 5612535.741599999], [-9558874.339, 5612533.750100002], [-9558846.3853, 5612527.990400001], [-9558762.6458, 5612508.522], [-9558713.7644, 5612498.149700001], [-9558669.6017, 5612491.932499997], [-9558625.4392, 5612485.715000004], [-9558562.6304, 5612478.463299997], [-9558499.8219, 5612471.211300001], [-9558479.0818, 5612468.426799998], [-9558399.084, 5612456.176100001], [-9558325.872, 5612445.720399998], [-9558285.9641, 5612442.369400002], [-9558242.0032, 5612441.222400002], [-9558230.3404, 5612440.797799997], [-9558193.3211, 5612437.8464], [-9558187.7267, 5612437.186800003], [-9558108.757, 5612427.4758], [-9558033.0144, 5612422.706299998], [-9558005.1163, 5612420.254600003], [-9557989.8545, 5612420.663699999], [-9557963.6987, 5612420.553800002], [-9557919.6756, 5612419.350400001], [-9557908.699, 5612418.943599999], [-9557871.6799, 5612415.990800001], [-9557852.4649, 5612413.487499997], [-9557850.2862, 5612413.1655], [-9557771.4243, 5612416.967200004], [-9557728.8082, 5612419.6329], [-9557704.1865, 5612420.634999998], [-9557692.5962, 5612420.735299997], [-9557626.6597, 5612420.629199997], [-9557601.1176, 5612420.011], [-9557589.7835, 5612419.366300002], [-9557562.0499, 5612417.509099998], [-9557539.1609, 5612417.576899998], [-9557511.0279, 5612416.960100003], [-9557503.6619, 5612416.567100003], [-9557477.193, 5612414.9811], [-9557445.0688, 5612420.287600003], [-9557437.5177, 5612421.4826000035], [-9557400.6355, 5612425.831200004], [-9557386.2003, 5612426.8684], [-9557352.3912, 5612428.863200001], [-9557292.6073, 5612429.225400001], [-9557268.9201, 5612427.616499998], [-9557216.4417, 5612433.907399997], [-9557163.9633, 5612440.198100001], [-9557161.5215, 5612440.4855], [-9557098.2928, 5612447.7858000025], [-9557081.1532, 5612449.500600003], [-9557044.0664, 5612451.417999998], [-9557012.5479, 5612451.132700004], [-9556975.4421, 5612458.019199997], [-9556938.5595, 5612462.365800001], [-9556931.6609, 5612462.9076000005], [-9556880.9591, 5612466.576499999], [-9556858.5354, 5612467.7522], [-9556839.8976, 5612468.3587], [-9556799.596, 5612475.946900003], [-9556779.5273, 5612479.352899998], [-9556742.6446, 5612483.698700003], [-9556705.5575, 5612485.614699997], [-9556699.3889, 5612485.730599999], [-9556653.9078, 5612495.169399999], [-9556623.5507, 5612500.610799998], [-9556602.1698, 5612503.428800002], [-9556522.4575, 5612512.391800001], [-9556506.9555, 5612513.919], [-9556494.851, 5612514.812700003], [-9556484.2259, 5612515.4826000035], [-9556459.6679, 5612520.1558], [-9556449.2682, 5612522.0342999995], [-9556401.9448, 5612530.126699999], [-9556354.6213, 5612538.218800001], [-9556320.31, 5612544.537100002], [-9556250.0382, 5612560.474799998], [-9556246.0028, 5612561.374600001], [-9556209.4815, 5612568.1294], [-9556172.5981, 5612572.472900003], [-9556159.4508, 5612573.4309], [-9556140.4755, 5612579.047600001], [-9556136.9789, 5612580.0704], [-9556100.9759, 5612589.207000002], [-9556064.4544, 5612595.961199999], [-9556027.5707, 5612600.304300003], [-9556021.3532, 5612600.795500003], [-9556009.1416, 5612601.6928], [-9555979.3943, 5612611.186099999], [-9555943.391, 5612620.3222], [-9555910.2787, 5612626.549800001], [-9555890.7042, 5612629.630900003], [-9555887.2947, 5612630.156900004], [-9555855.6415, 5612634.032399997], [-9555833.0505, 5612641.075599998], [-9555813.8087, 5612646.270800002], [-9555787.5305, 5612652.871399999], [-9555770.7685, 5612656.811700001], [-9555734.2465, 5612663.564599998], [-9555697.3625, 5612667.906400003], [-9555688.6698, 5612668.573799998], [-9555685.6709, 5612669.667599998], [-9555650.3395, 5612681.1457], [-9555623.6327, 5612688.161499999], [-9555573.271, 5612700.086099997], [-9555522.909, 5612712.010399997], [-9555468.0162, 5612726.0845], [-9555448.5526, 5612730.7097999975], [-9555432.6727, 5612733.950400002], [-9555424.646, 5612735.468900003], [-9555378.8021, 5612749.7075999975], [-9555368.0233, 5612752.9384], [-9555352.5917, 5612757.161399998], [-9555324.2942, 5612764.477300003], [-9555303.7212, 5612769.387800001], [-9555268.4614, 5612775.946699999], [-9555233.2273, 5612787.2016], [-9555218.0959, 5612791.803099997], [-9555182.0911, 5612800.936099999], [-9555179.1636, 5612801.569200002], [-9555162.7242, 5612805.078400001], [-9555151.4496, 5612808.589599997], [-9555150.2011, 5612809.117600001], [-9555122.1555, 5612820.107199997], [-9555086.8228, 5612831.583300002], [-9555050.8177, 5612840.715800002], [-9555036.8372, 5612843.593099996], [-9554988.1997, 5612861.293799996], [-9554970.0395, 5612867.5119], [-9554941.1031, 5612876.875100002], [-9554923.9303, 5612882.132299997], [-9554887.9249, 5612891.264399998], [-9554871.4844, 5612894.6096], [-9554807.459, 5612917.414800003], [-9554749.3583, 5612940.575400002], [-9554739.7097, 5612944.319799997], [-9554679.2025, 5612967.1669000015], [-9554674.7509, 5612968.826499999], [-9554604.8197, 5612994.5634], [-9554601.7145, 5612995.695799999], [-9554566.3805, 5613007.170000002], [-9554560.0127, 5613008.968900003], [-9554515.9434, 5613021.140900001], [-9554515.0977, 5613021.511699997], [-9554480.5869, 5613035.279799998], [-9554472.3571, 5613038.182400003], [-9554452.0324, 5613045.175499998], [-9554380.086, 5613076.547899999], [-9554322.4279, 5613101.614299998], [-9554289.1106, 5613114.861000001], [-9554280.3209, 5613117.955799997], [-9554206.1204, 5613143.396899998], [-9554157.0571, 5613164.423199996], [-9554107.9935, 5613185.449199997], [-9554088.4831, 5613193.384099998], [-9554044.5863, 5613210.2929000035], [-9554000.6893, 5613227.201399997], [-9553996.6084, 5613228.755400002], [-9553952.5834, 5613245.324299999], [-9553879.5848, 5613275.693999998], [-9553809.7797, 5613304.415399998], [-9553759.7885, 5613326.068000004], [-9553709.797, 5613347.720299996], [-9553690.2334, 5613355.7632], [-9553645.7065, 5613373.1043], [-9553601.1795, 5613390.445100002], [-9553534.1842, 5613419.4318], [-9553468.3059, 5613449.554499999], [-9553461.7015, 5613452.5233], [-9553424.9217, 5613468.775700003], [-9553403.5102, 5613481.6941], [-9553371.3546, 5613499.6963], [-9553341.8198, 5613513.924699999], [-9553290.6202, 5613536.789399996], [-9553236.5453, 5613562.427599996], [-9553226.0284, 5613569.885300003], [-9553222.3754, 5613572.4542], [-9553191.2, 5613592.709700003], [-9553178.2176, 5613600.318899997], [-9553154.7656, 5613613.649400003], [-9553135.3188, 5613624.206600003], [-9553125.4311, 5613629.205200002], [-9553065.0244, 5613659.005099997], [-9553041.1393, 5613679.204400003], [-9553011.35, 5613701.462200001], [-9552980.1737, 5613721.717299998], [-9552947.7437, 5613739.883199997], [-9552942.8687, 5613742.377899997], [-9552924.4625, 5613751.684799999], [-9552904.5208, 5613761.753799997], [-9552865.3173, 5613784.545500003], [-9552809.4327, 5613821.013300002], [-9552773.2878, 5613844.9147000015], [-9552737.1428, 5613868.816], [-9552728.2827, 5613876.046499997], [-9552698.4922, 5613898.3037], [-9552667.3144, 5613918.558300003], [-9552648.579, 5613929.392099999], [-9552632.214, 5613944.220700003], [-9552595.2983, 5613979.011], [-9552558.3822, 5614013.801200002], [-9552551.7636, 5614019.940200001], [-9552515.7755, 5614052.6044000015], [-9552479.7871, 5614085.268399999], [-9552450.8319, 5614114.877300002], [-9552444.359, 5614122.552000001], [-9552437.8436, 5614130.140600003], [-9552399.3395, 5614174.197800003], [-9552381.1843, 5614194.006899998], [-9552372.15, 5614203.197499998], [-9552338.3932, 5614236.768799998], [-9552304.6361, 5614270.340000004], [-9552270.8789, 5614303.911200002], [-9552234.7756, 5614340.130000003], [-9552198.672, 5614376.348899998], [-9552156.3203, 5614423.843000002], [-9552113.9683, 5614471.337399997], [-9552104.9744, 5614481.188100003], [-9552071.7701, 5614516.710600004], [-9552040.9855, 5614485.6027000025], [-9552010.2013, 5614454.495099999], [-9551979.4172, 5614423.387199998], [-9551948.6334, 5614392.2793999985], [-9551917.8496, 5614361.171700001], [-9551887.0661, 5614330.063900001], [-9551856.283, 5614298.956100002], [-9551825.4999, 5614267.848399997], [-9551794.7172, 5614236.740599997], [-9551763.9345, 5614205.632799998], [-9551733.152, 5614174.5251], [-9551702.3699, 5614143.417300001], [-9551671.5879, 5614112.309500001], [-9551662.4086, 5614112.322300002], [-9551621.8427, 5614112.379100002], [-9551572.0975, 5614112.448399998], [-9551522.3522, 5614112.517499998], [-9551472.607, 5614112.586300001], [-9551422.8618, 5614112.654799998], [-9551373.1165, 5614112.722999997], [-9551357.9305, 5614112.743799999], [-9551275.044, 5614112.919699997], [-9551229.0792, 5614112.9663999975], [-9551183.1145, 5614113.012699999], [-9551137.1498, 5614113.058899999], [-9551091.185, 5614113.104699999], [-9551043.5734, 5614113.168300003], [-9550995.9617, 5614113.231700003], [-9550948.3501, 5614113.294699997], [-9550900.7384, 5614113.3576000035], [-9550853.1267, 5614113.4201000035], [-9550805.5149, 5614113.482500002], [-9550805.3941, 5614069.035400003], [-9550805.2731, 5614024.588500001], [-9550805.1522, 5613980.141900003], [-9550805.0314, 5613935.695299998], [-9550804.9104, 5613891.2491], [-9550804.7895, 5613846.803099997], [-9550804.6652, 5613801.106799997], [-9550804.5408, 5613755.410599999], [-9550804.4165, 5613709.7146999985], [-9550804.2922, 5613664.019000001], [-9550804.168, 5613618.3235], [-9550804.0437, 5613572.628300004], [-9550803.9194, 5613526.933300003], [-9550803.7949, 5613481.238499999], [-9550803.6706, 5613435.544], [-9550803.5463, 5613389.849600002], [-9550803.422, 5613344.155500002], [-9550803.2978, 5613298.4617], [-9550803.1735, 5613252.767999999], [-9550803.0492, 5613207.074600004], [-9550802.9249, 5613161.381499998], [-9550802.877, 5613143.776100002], [-9550802.7874, 5613110.832800001], [-9550802.6498, 5613060.284500003], [-9550802.5123, 5613009.736199997], [-9550802.3259, 5612941.211099997], [-9550802.3117, 5612936.012000002], [-9550802.2307, 5612906.235100001], [-9550802.1017, 5612858.820799999], [-9550801.9727, 5612811.406800002], [-9550801.8437, 5612763.993000001], [-9550801.7147, 5612716.579499997], [-9550801.5857, 5612669.166199997], [-9550801.4568, 5612621.7531], [-9550801.3278, 5612574.340300001], [-9550801.2001, 5612527.376100004], [-9550801.0723, 5612480.412100002], [-9550800.9446, 5612433.448200002], [-9550800.8169, 5612386.484700002], [-9550800.6891, 5612339.521499999], [-9550800.5614, 5612292.558499999], [-9550800.4336, 5612245.5956000015], [-9550800.306, 5612198.633000001], [-9550800.1783, 5612151.670699999], [-9550800.0858, 5612117.6774], [-9550800.0424, 5612101.740400001], [-9550799.9109, 5612053.341700003], [-9550799.7792, 5612004.943099998], [-9550799.656, 5611959.651100002], [-9550799.5329, 5611914.359399997], [-9550799.4096, 5611869.067900002], [-9550799.2865, 5611823.776600003], [-9550799.1633, 5611778.4855], [-9550799.0402, 5611733.194499999], [-9550798.917, 5611687.9038999975], [-9550798.7938, 5611642.613499999], [-9550798.6707, 5611597.323299997], [-9550798.5475, 5611552.033299997], [-9550798.4244, 5611506.743600003], [-9550798.2308, 5611435.579999998], [-9550871.8294, 5611435.781099997], [-9550916.7235, 5611435.903499998], [-9550961.6175, 5611436.025600001], [-9551006.5115, 5611436.147500001], [-9551051.4055, 5611436.269199997], [-9551096.2994, 5611436.390600003], [-9551141.1934, 5611436.5119], [-9551186.0874, 5611436.6329], [-9551230.9815, 5611436.753700003], [-9551275.8753, 5611436.874200001], [-9551320.7694, 5611436.994499996], [-9551365.6634, 5611437.114699997], [-9551409.3121, 5611437.231200002], [-9551452.9607, 5611437.347599998], [-9551496.6094, 5611437.4636999965], [-9551540.2581, 5611437.579599999], [-9551583.9068, 5611437.695299998], [-9551627.5555, 5611437.810900003], [-9551671.2041, 5611437.926200002], [-9551714.8528, 5611438.041199997], [-9551758.5015, 5611438.156000003], [-9551802.1502, 5611438.270800002], [-9551845.7987, 5611438.385200001], [-9551889.4474, 5611438.499399997], [-9551933.0961, 5611438.613399997], [-9551933.3597, 5611394.059199996], [-9551933.6232, 5611349.505199999], [-9551933.8867, 5611304.951399997], [-9551934.1502, 5611260.397699997], [-9551934.4138, 5611215.844400004], [-9551934.6773, 5611171.291299999], [-9551934.9407, 5611126.738399997], [-9551935.2043, 5611082.185599998], [-9551935.4678, 5611037.633100003], [-9551935.7312, 5610993.080899999], [-9551935.9948, 5610948.528700002], [-9551936.2583, 5610903.976899996], [-9551936.5217, 5610859.425300002], [-9551936.784, 5610813.0242], [-9551937.0462, 5610766.623300001], [-9551937.3085, 5610720.2227], [-9551937.5706, 5610673.8222], [-9551937.8328, 5610627.4221], [-9551938.0951, 5610581.022100002], [-9551938.3717, 5610536.918399997], [-9551938.6482, 5610492.814900003], [-9551938.9248, 5610448.711400002], [-9551939.3716, 5610377.4789], [-9551939.6323, 5610333.376400001], [-9551939.8931, 5610289.2742], [-9551985.2426, 5610289.179700002], [-9552030.5921, 5610289.085199997], [-9552075.9416, 5610288.9903], [-9552121.2909, 5610288.895400003], [-9552166.6404, 5610288.799999997], [-9552211.9899, 5610288.704400003], [-9552257.3394, 5610288.608800001], [-9552302.6889, 5610288.512699999], [-9552348.0383, 5610288.416599996], [-9552393.3877, 5610288.320100002], [-9552438.7372, 5610288.2236], [-9552484.0866, 5610288.126599997], [-9552529.4361, 5610288.0293999985], [-9552530.0167, 5610242.175099999], [-9552530.5972, 5610196.321000002], [-9552531.1777, 5610150.467200004], [-9552574.6664, 5610151.854999997], [-9552618.1551, 5610153.2425], [-9552661.6439, 5610154.629900001], [-9552705.1327, 5610156.016999997], [-9552748.6213, 5610157.403999999], [-9552792.1101, 5610158.790600002], [-9552835.5989, 5610160.177199997], [-9552879.0877, 5610161.563600004], [-9552922.5766, 5610162.949600004], [-9552966.0654, 5610164.335500002], [-9553009.5542, 5610165.7211000025], [-9553053.043, 5610167.106600001], [-9553096.5319, 5610168.491800003], [-9553144.2887, 5610171.266500004], [-9553192.0454, 5610174.0407000035], [-9553184.8386, 5610196.760700002], [-9553228.0932, 5610196.823700003], [-9553271.3477, 5610196.886500001], [-9553314.6022, 5610196.949000001], [-9553357.8568, 5610197.011399999], [-9553401.1113, 5610197.073600002], [-9553444.3658, 5610197.135499999], [-9553445.6173, 5610197.119000003], [-9553457.0483, 5610197.373300001], [-9553468.4397, 5610198.358900003], [-9553479.7445, 5610200.071800001], [-9553490.9165, 5610202.504900001], [-9553501.9142, 5610205.649400003], [-9553512.6882, 5610209.490999997], [-9553523.1944, 5610214.013999999], [-9553533.3898, 5610219.199699998], [-9553543.2398, 5610225.0309000015], [-9553552.6972, 5610231.4794000015], [-9553561.7234, 5610238.518799998], [-9553570.2815, 5610246.120399997], [-9553578.3438, 5610254.259599999], [-9553585.8706, 5610262.896300003], [-9553592.8313, 5610271.995499998], [-9553599.1976, 5610281.520000003], [-9553604.9485, 5610291.438299999], [-9553610.0563, 5610301.7026999965], [-9553614.5001, 5610312.271499999], [-9553618.2619, 5610323.101800002], [-9553634.0697, 5610381.167300001], [-9553649.8778, 5610439.2333], [-9553652.9031, 5610450.3456000015], [-9553655.5806, 5610460.728500001], [-9553658.5893, 5610471.020300001], [-9553658.7223, 5610471.448399998], [-9553662.5983, 5610483.138099998], [-9553666.9019, 5610494.677299999], [-9553671.6274, 5610506.0502], [-9553676.7682, 5610517.241499998], [-9553682.3154, 5610528.231700003], [-9553688.2637, 5610539.0101], [-9553694.605, 5610549.562100001], [-9553701.3307, 5610559.873400003], [-9553708.4286, 5610569.9252], [-9553715.8922, 5610579.7086], [-9553723.7114, 5610589.210100003], [-9553731.8757, 5610598.4168], [-9553740.3698, 5610607.311800003], [-9553749.1865, 5610615.8873], [-9553758.3136, 5610624.131499998], [-9553767.7387, 5610632.033299997], [-9553777.4446, 5610639.578100003], [-9553787.4225, 5610646.759099998], [-9553797.6589, 5610653.566699997], [-9553808.1398, 5610659.991499998], [-9553849.2239, 5610683.163199998], [-9553890.3081, 5610706.335000001], [-9553893.7237, 5610708.2324], [-9553900.5099, 5610711.394000001], [-9553907.5621, 5610713.9065999985], [-9553914.8186, 5610715.748099998], [-9553922.2157, 5610716.9023], [-9553929.6882, 5610717.359099999], [-9553937.1707, 5610717.114399999], [-9553944.5975, 5610716.170500003], [-9553951.9076, 5610714.532700002], [-9553959.0327, 5610712.218699999], [-9553965.9102, 5610709.248899996], [-9553972.4801, 5610705.649300002], [-9553978.6847, 5610701.451300003], [-9553984.4698, 5610696.691699997], [-9553989.7847, 5610691.412299998], [-9554030.755, 5610645.088399999], [-9554031.4842, 5610644.268399999], [-9554038.0037, 5610637.435999997], [-9554044.9415, 5610631.028700002], [-9554052.27, 5610625.072300002], [-9554059.9599, 5610619.590300001], [-9554067.9806, 5610614.604800001], [-9554076.3, 5610610.135600001], [-9554084.8849, 5610606.200499997], [-9554092.8786, 5610603.1061], [-9554101.0369, 5610600.4760000035], [-9554142.7508, 5610588.358900003], [-9554184.4645, 5610576.241700001], [-9554237.1227, 5610560.945100002], [-9554289.7808, 5610545.648100004], [-9554310.3254, 5610538.820299998], [-9554330.9397, 5610532.206200004], [-9554351.6222, 5610525.806199998], [-9554372.3701, 5610519.621299997], [-9554418.365, 5610504.307300001], [-9554464.3597, 5610488.993100002], [-9554510.3544, 5610473.6787], [-9554557.2595, 5610457.769400001], [-9554604.1643, 5610441.859999999], [-9554651.069, 5610425.950300001], [-9554661.7047, 5610422.033], [-9554672.0956, 5610417.506399997], [-9554682.2071, 5610412.385700002], [-9554692.0051, 5610406.688199997], [-9554701.4634, 5610400.428900003], [-9554710.544, 5610393.633299999], [-9554719.2164, 5610386.323899999], [-9554727.4517, 5610378.525300004], [-9554727.7385, 5610378.237099998], [-9554752.6753, 5610353.097599998], [-9554761.9072, 5610343.790799998], [-9554767.1735, 5610338.993600003], [-9554772.8106, 5610334.638099998], [-9554778.7815, 5610330.752800003], [-9554785.0471, 5610327.363300003], [-9554791.5664, 5610324.491599999], [-9554798.0098, 5610322.244999997], [-9554804.6082, 5610320.505800001], [-9554811.3218, 5610319.284500003], [-9554818.11, 5610318.588500001], [-9554824.9318, 5610318.421999998], [-9554832.3206, 5610318.582699999], [-9554875.2975, 5610319.516599998], [-9554902.9488, 5610320.117200002], [-9554913.1805, 5610320.693700001], [-9554923.3522, 5610321.940800004], [-9554933.4202, 5610323.853], [-9554943.3408, 5610326.4221], [-9554953.0714, 5610329.637000002], [-9554962.5699, 5610333.483800001], [-9554963.3043, 5610333.811800003], [-9554972.2709, 5610337.8434000015], [-9554990.8619, 5610346.202], [-9555000.7682, 5610350.259800002], [-9555010.9253, 5610353.641500004], [-9555021.2869, 5610356.331799999], [-9555031.8062, 5610358.318400003], [-9555042.4353, 5610359.5923999995], [-9555053.1261, 5610360.1479], [-9555054.0097, 5610360.161600001], [-9555061.4686, 5610360.246600002], [-9555085.3338, 5610360.518299997], [-9555094.9134, 5610360.327100001], [-9555104.4614, 5610359.525799997], [-9555113.6059, 5610358.177599996], [-9555122.6504, 5610356.270000003], [-9555131.5605, 5610353.810199998], [-9555140.3026, 5610350.807599999], [-9555147.5558, 5610348.060199998], [-9555190.6963, 5610331.7190999985], [-9555197.9705, 5610328.963799998], [-9555204.6895, 5610326.781499997], [-9555211.5842, 5610325.2421], [-9555218.5934, 5610324.359399997], [-9555225.6545, 5610324.141199999], [-9555232.7048, 5610324.589500003], [-9555246.6307, 5610326.124600001], [-9555287.6062, 5610330.641599998], [-9555302.4574, 5610331.888999999], [-9555316.5678, 5610332.340400003], [-9555330.683, 5610332.080300003], [-9555344.7671, 5610331.109300002], [-9555355.525, 5610329.884499997], [-9555366.2275, 5610328.244800001], [-9555376.8586, 5610326.192900002], [-9555429.5243, 5610314.931500003], [-9555471.9119, 5610305.867600001], [-9555514.2996, 5610296.803599998], [-9555556.6871, 5610287.739299998], [-9555599.0745, 5610278.674699999], [-9555641.4618, 5610269.609399997], [-9555683.8491, 5610260.543899998], [-9555726.2363, 5610251.4782000035], [-9555768.6235, 5610242.4124], [-9555811.0104, 5610233.3464], [-9555853.3974, 5610224.2795], [-9555895.7842, 5610215.212200001], [-9555938.171, 5610206.144699998], [-9555992.3824, 5610194.5473000035], [-9556046.5937, 5610182.949699998], [-9556052.7334, 5610181.636100002], [-9556101.2902, 5610171.248800002], [-9556149.8467, 5610160.861500002], [-9556198.4033, 5610150.473700002], [-9556246.9597, 5610140.085600004], [-9556247.572, 5610139.9553999975], [-9556260.7242, 5610137.522399999], [-9556273.9832, 5610135.762000002], [-9556287.3146, 5610134.6787], [-9556300.6839, 5610134.275200002], [-9556314.0564, 5610134.5528], [-9556327.3974, 5610135.510600001], [-9556380.8094, 5610140.713799998], [-9556434.2214, 5610145.916500002], [-9556434.5107, 5610145.944700003], [-9556449.8731, 5610147.111100003], [-9556465.2712, 5610147.622299999], [-9556480.6771, 5610147.4772000015], [-9556496.0629, 5610146.676100001], [-9556511.4006, 5610145.2205], [-9556522.9666, 5610143.6844], [-9556575.7832, 5610135.758000001], [-9556628.5998, 5610127.8314], [-9556631.1821, 5610127.444399998], [-9556631.1914, 5610127.443099998], [-9556672.2301, 5610121.629900001], [-9556713.3517, 5610116.436099999], [-9556742.8845, 5610112.939199999], [-9556802.6756, 5610105.858900003], [-9556847.8287, 5610100.5119], [-9556892.9818, 5610095.164499998], [-9556938.135, 5610089.817100003], [-9556983.2881, 5610084.469400004], [-9557028.441, 5610079.121299997], [-9557040.4231, 5610077.436899997], [-9557040.526, 5610077.420000002], [-9557051.7381, 5610075.347199999], [-9557062.8546, 5610072.811300002], [-9557073.8564, 5610069.816600002], [-9557084.7246, 5610066.368299998], [-9557094.7447, 5610062.740900002], [-9557104.6168, 5610058.728100002], [-9557114.3261, 5610054.336099997], [-9557153.8906, 5610035.496399999], [-9557193.4548, 5610016.656400003], [-9557193.5277, 5610016.621699996], [-9557206.7295, 5610010.043799996], [-9557219.6936, 5610003.009099998], [-9557232.4043, 5609995.5261999965], [-9557244.85, 5609987.601800002], [-9557257.0116, 5609979.248000003], [-9557268.8745, 5609970.475100003], [-9557310.6404, 5609938.458400004], [-9557352.4061, 5609906.441399999], [-9557394.1715, 5609874.4243], [-9557396.641, 5609872.590899996], [-9557403.7831, 5609867.932800002], [-9557411.314, 5609863.933700003], [-9557419.1731, 5609860.625799999], [-9557427.2971, 5609858.035599999], [-9557435.6205, 5609856.184199996], [-9557444.0764, 5609855.086199999], [-9557452.5967, 5609854.750699997], [-9557461.1127, 5609855.180299997], [-9557541.3135, 5609862.9179000035], [-9557541.4006, 5609862.926200002], [-9557556.1379, 5609864.066100001], [-9557570.907, 5609864.6696000025], [-9557585.6882, 5609864.735799998], [-9557600.4622, 5609864.264700003], [-9557615.2093, 5609863.256899998], [-9557629.9101, 5609861.7136999965], [-9557651.9787, 5609859.004199997], [-9557695.3435, 5609853.679700002], [-9557715.6076, 5609851.481700003], [-9557736.7938, 5609849.678099997], [-9557758.0167, 5609848.375100002], [-9557779.2644, 5609847.5735], [-9557779.2909, 5609847.572800003], [-9557804.828, 5609846.840000004], [-9557854.3587, 5609845.418700002], [-9557868.9992, 5609844.874799997], [-9557883.6197, 5609843.9366], [-9557898.2096, 5609842.6049000025], [-9557898.2333, 5609842.602499999], [-9557912.7828, 5609840.877499998], [-9557927.2806, 5609838.761100002], [-9557941.7161, 5609836.255000003], [-9557941.7394, 5609836.250600003], [-9557992.4891, 5609826.467799999], [-9558043.2386, 5609816.684600003], [-9558093.9881, 5609806.901299998], [-9558110.2119, 5609804.111000001], [-9558126.5386, 5609802.005099997], [-9558142.9394, 5609800.587300003], [-9558159.3854, 5609799.860100001], [-9558175.8473, 5609799.824900001], [-9558176.1498, 5609799.830799997], [-9558218.1247, 5609800.693400003], [-9558276.2802, 5609801.8882], [-9558334.4358, 5609803.082699999], [-9558339.7885, 5609803.0066], [-9558347.5938, 5609802.221000001], [-9558355.279, 5609800.6472999975], [-9558362.7648, 5609798.301700003], [-9558369.9739, 5609795.208300002], [-9558376.8318, 5609791.399300002], [-9558383.2676, 5609786.913800001], [-9558389.215, 5609781.798299998], [-9558394.6124, 5609776.105499998], [-9558399.4041, 5609769.894299999], [-9558444.4254, 5609771.787699997], [-9558489.4467, 5609773.680699997], [-9558534.4679, 5609775.5735], [-9558579.4893, 5609777.466200002], [-9558624.5106, 5609779.358499996], [-9558677.6661, 5609780.184], [-9558730.8216, 5609781.009400003], [-9558783.9773, 5609781.8342999965], [-9558784.4993, 5609737.850599997], [-9558785.0215, 5609693.866999999], [-9558785.5434, 5609649.883699998], [-9558786.0656, 5609605.9004999995], [-9558786.5877, 5609561.9177], [-9558787.1097, 5609517.934900001], [-9558787.6318, 5609473.952500001], [-9558788.1538, 5609429.9701000005], [-9558788.6759, 5609385.988200001], [-9558789.198, 5609342.006200001], [-9558789.7199, 5609298.024700001], [-9558790.242, 5609254.043200001], [-9558790.7639, 5609210.061999999], [-9558791.0304, 5609166.276900001], [-9558791.2969, 5609122.491899997], [-9558791.5634, 5609078.7073], [-9558791.8299, 5609034.922799997], [-9558792.0965, 5608991.138499998], [-9558792.3629, 5608947.3544000015], [-9558792.6294, 5608903.570699997], [-9558792.8959, 5608859.7870000005], [-9558793.1623, 5608816.0035], [-9558793.4288, 5608772.220299996], [-9558793.6953, 5608728.437299997], [-9558793.9617, 5608684.6545], [-9558794.2282, 5608640.8719], [-9558794.6988, 5608597.097499996], [-9558795.1695, 5608553.323299997], [-9558795.6401, 5608509.549400002], [-9558796.1107, 5608465.7754999995], [-9558796.5814, 5608422.001900002], [-9558797.052, 5608378.228600003], [-9558797.5226, 5608334.4553999975], [-9558797.9932, 5608290.682599999], [-9558798.4639, 5608246.9098000005], [-9558798.9345, 5608203.137400001], [-9558799.4051, 5608159.365000002], [-9558799.8757, 5608115.593000002], [-9558800.3463, 5608071.821000002], [-9558800.8167, 5608028.0493], [-9558801.2873, 5607984.277900003], [-9558801.7578, 5607940.5066], [-9558802.2282, 5607896.7355], [-9558802.6988, 5607852.9646999985], [-9558803.1692, 5607809.193999998], [-9558803.6396, 5607765.423600003], [-9558804.1102, 5607721.653399996], [-9558804.5806, 5607677.883400001], [-9558805.051, 5607634.113700002], [-9558805.5216, 5607590.343999997], [-9558805.992, 5607546.574600004], [-9558806.4624, 5607502.805500001], [-9558806.9327, 5607459.036499999], [-9558807.4033, 5607415.2678999975], [-9558807.8737, 5607371.499300003], [-9558808.344, 5607327.7311], [-9558808.8146, 5607283.9629999995], [-9558809.2849, 5607240.195100002], [-9558809.7553, 5607196.427500002], [-9558810.2258, 5607152.660099998], [-9558810.6961, 5607108.892800003], [-9558811.1665, 5607065.125799999], [-9558811.6368, 5607021.358900003], [-9558812.1073, 5606977.592299998], [-9558812.5777, 5606933.825999998], [-9558856.3734, 5606935.215099998], [-9558900.1692, 5606936.6039], [-9558943.9649, 5606937.992600001], [-9558987.7607, 5606939.380999997], [-9559031.5565, 5606940.769299999], [-9559075.3523, 5606942.157300003], [-9559119.1481, 5606943.5451000035], [-9559162.944, 5606944.932700001], [-9559206.7398, 5606946.32], [-9559250.5357, 5606947.707199998], [-9559294.3315, 5606949.0942], [-9559338.1274, 5606950.480899997], [-9559381.9233, 5606951.867399998], [-9559382.051, 5606908.089100003], [-9559382.1786, 5606864.310900003], [-9559382.3062, 5606820.532899998], [-9559382.4337, 5606776.755199999], [-9559382.5614, 5606732.977600001], [-9559382.689, 5606689.200300001], [-9559382.8166, 5606645.423100002], [-9559382.9441, 5606601.646300003], [-9559383.0717, 5606557.869599998], [-9559383.1994, 5606514.093000002], [-9559383.3269, 5606470.316799998], [-9559383.4545, 5606426.5407000035], [-9559383.582, 5606382.764899999], [-9559434.6775, 5606384.8561], [-9559485.7729, 5606386.946800001], [-9559536.8684, 5606389.0374], [-9559587.9639, 5606391.127700001], [-9559639.0593, 5606393.217799999], [-9559683.4732, 5606395.042599998], [-9559727.8869, 5606396.8671], [-9559772.3007, 5606398.691600002], [-9559816.7144, 5606400.515799999], [-9559861.1282, 5606402.3396999985], [-9559905.542, 5606404.163400002], [-9559949.956, 5606405.987000003], [-9559993.2025, 5606407.765500002], [-9560036.4488, 5606409.543799996], [-9560079.6954, 5606411.321800001], [-9560122.9419, 5606413.099699996], [-9560166.1884, 5606414.877300002], [-9560209.435, 5606416.654799998], [-9560252.6816, 5606418.431999996], [-9560295.9282, 5606420.208999999], [-9560339.1748, 5606421.985799998], [-9560382.4215, 5606423.762400001], [-9560425.6681, 5606425.538800001], [-9560468.9148, 5606427.314999998], [-9560512.1615, 5606429.090999998], [-9560555.4082, 5606430.866800003], [-9560598.6548, 5606432.6423999965], [-9560641.9015, 5606434.4177], [-9560685.1483, 5606436.192900002], [-9560728.3949, 5606437.967799999], [-9560771.6417, 5606439.742600001], [-9560814.8885, 5606441.517099999], [-9560858.1354, 5606443.2914], [-9560901.3821, 5606445.0656], [-9560944.6289, 5606446.839500003], [-9560987.8758, 5606448.613200001], [-9561031.1225, 5606450.386699997], [-9561074.3695, 5606452.159999996], [-9561117.6164, 5606453.932999998], [-9561160.8632, 5606455.705899999], [-9561204.1101, 5606457.478600003], [-9561247.3571, 5606459.251199998], [-9561290.604, 5606461.023400001], [-9561333.851, 5606462.795500003], [-9561377.098, 5606464.567500003], [-9561420.3449, 5606466.339100003], [-9561463.592, 5606468.1105], [-9561506.8391, 5606469.881700002], [-9561550.086, 5606471.652900003], [-9561593.3332, 5606473.423699997], [-9561636.5801, 5606475.194300003], [-9561635.8526, 5606519.136699997], [-9561635.125, 5606563.0792], [-9561634.3975, 5606607.022], [-9561633.6699, 5606650.965099998], [-9561632.9423, 5606694.908200003], [-9561632.2147, 5606738.8517], [-9561631.4871, 5606782.795299999], [-9561630.7595, 5606826.739100002], [-9561630.0319, 5606870.683200002], [-9561629.3043, 5606914.627499998], [-9561628.5767, 5606958.571900003], [-9561627.849, 5607002.5167], [-9561627.1214, 5607046.461599998], [-9561626.4068, 5607105.0424000025], [-9561625.6922, 5607163.623800002], [-9561625.1356, 5607209.261100002], [-9561624.5789, 5607254.898900002], [-9561624.0223, 5607300.536700003], [-9561623.4655, 5607346.174900003], [-9561622.9088, 5607391.813199997], [-9561622.3521, 5607437.451899998], [-9561621.7954, 5607483.090599999], [-9561621.2386, 5607528.729800001], [-9561620.682, 5607574.369000003], [-9561620.1252, 5607620.008500002], [-9561620.2335, 5607668.488600001], [-9561620.3418, 5607716.968999997], [-9561619.7881, 5607762.565200001], [-9561619.2344, 5607808.161499999], [-9561618.6807, 5607853.758199997], [-9561618.127, 5607899.355099998], [-9561617.5733, 5607944.952100001], [-9561617.0196, 5607990.549500003], [-9561616.4658, 5608036.147100002], [-9561615.9123, 5608081.744800001], [-9561615.3585, 5608127.342799999], [-9561614.965, 5608159.685699999], [-9561614.5526, 5608193.6492], [-9561614.0265, 5608236.9749], [-9561613.5004, 5608280.300899997], [-9561612.9743, 5608323.626900002], [-9561612.4481, 5608366.953299999], [-9561611.9221, 5608410.279700004], [-9561611.3959, 5608453.606399998], [-9561610.8697, 5608496.933399998], [-9561610.3436, 5608540.260399997], [-9561609.8174, 5608583.587800004], [-9561609.2913, 5608626.915299997], [-9561608.7651, 5608670.243100002], [-9561608.239, 5608713.570900001], [-9561607.7128, 5608756.899099998], [-9561607.1867, 5608800.227600001], [-9561606.6605, 5608843.556000002], [-9561606.1342, 5608886.884900004], [-9561605.6081, 5608930.2136999965], [-9561605.0819, 5608973.542999998], [-9561604.5558, 5609016.872400001], [-9561604.0295, 5609060.201899998], [-9561603.5034, 5609103.531800002], [-9561602.9771, 5609146.861699998], [-9561602.0156, 5609195.364699997], [-9561601.0541, 5609243.868000001], [-9561600.0928, 5609292.371600002], [-9561599.1313, 5609340.875299998], [-9561642.6701, 5609341.739600003], [-9561686.2089, 5609342.603699997], [-9561729.748, 5609343.467600003], [-9561773.2868, 5609344.331299998], [-9561816.8257, 5609345.194700003], [-9561860.3647, 5609346.057999998], [-9561903.9036, 5609346.920999996], [-9561947.4425, 5609347.7839], [-9561990.9816, 5609348.646499999], [-9562034.5205, 5609349.508900002], [-9562078.0594, 5609350.371100001], [-9562121.5985, 5609351.233099997], [-9562165.1374, 5609352.094899997], [-9562208.6765, 5609352.956500001], [-9562252.2155, 5609353.817699999], [-9562295.7546, 5609354.678900003], [-9562339.2937, 5609355.539800003], [-9562382.8327, 5609356.400600001], [-9562426.3718, 5609357.260899998], [-9562469.9108, 5609358.121299997], [-9562513.45, 5609358.981399998], [-9562556.9892, 5609359.841300003], [-9562600.5282, 5609360.700900003], [-9562644.0674, 5609361.5603], [-9562687.6064, 5609362.419500001], [-9562731.1456, 5609363.2786], [-9562774.6848, 5609364.137400001], [-9562818.2239, 5609364.995899998], [-9562861.7631, 5609365.8543], [-9562905.3022, 5609366.7124999985], [-9562948.8414, 5609367.5704], [-9562992.3806, 5609368.428199999], [-9563035.9197, 5609369.285700001], [-9563079.459, 5609370.143100001], [-9563122.9983, 5609371.000100002], [-9563166.5374, 5609371.8571000025], [-9563210.0767, 5609372.713799998], [-9563253.6158, 5609373.570200004], [-9563297.1551, 5609374.4265], [-9563340.6943, 5609375.2826000005], [-9563384.2335, 5609376.138499998], [-9563427.7727, 5609376.994000003], [-9563471.3118, 5609377.8495000005], [-9563514.851, 5609378.704800002], [-9563558.3904, 5609379.559799999], [-9563601.9296, 5609380.414499998], [-9563645.4688, 5609381.269100003], [-9563689.0081, 5609382.123499997], [-9563732.5473, 5609382.977799997], [-9563776.0866, 5609383.831600003], [-9563819.6258, 5609384.685400002], [-9563863.1651, 5609385.538999997], [-9563906.788, 5609386.762599997], [-9563950.4109, 5609387.986100003], [-9563994.0337, 5609389.2092999965], [-9564037.6566, 5609390.432300001], [-9564081.2795, 5609391.655100003], [-9564124.9025, 5609392.877899997], [-9564168.5255, 5609394.100199997], [-9564212.1483, 5609395.322400004], [-9564255.7713, 5609396.544399999], [-9564299.3943, 5609397.766099997], [-9564343.0173, 5609398.9877], [-9564386.6402, 5609400.208999999], [-9564430.2632, 5609401.430100001], [-9564473.8863, 5609402.6467999965], [-9564517.5095, 5609403.863200001], [-9564561.1326, 5609405.079499997], [-9564604.7557, 5609406.295500003], [-9564648.3789, 5609407.511299998], [-9564692.0021, 5609408.726899996], [-9564735.6252, 5609409.942299999], [-9564779.2484, 5609411.157499999], [-9564822.8716, 5609412.372400001], [-9564866.4948, 5609413.587200001], [-9564910.1181, 5609414.801700003], [-9564953.7413, 5609416.015900001], [-9564997.3646, 5609417.230099998], [-9564998.111, 5609372.448700003], [-9564998.8576, 5609327.667599998], [-9564999.6041, 5609282.886699997], [-9565000.3507, 5609238.105999999], [-9565001.0971, 5609193.325599998], [-9565001.8437, 5609148.545299999], [-9565002.5901, 5609103.765299998], [-9565003.3366, 5609058.9855], [-9565004.083, 5609014.205899999], [-9565004.8296, 5608969.426399998], [-9565005.576, 5608924.6472999975], [-9565006.3225, 5608879.8684], [-9565007.0689, 5608835.0896999985], [-9565050.6983, 5608835.841300003], [-9565094.3275, 5608836.592699997], [-9565137.9568, 5608837.343900003], [-9565181.586, 5608838.094899997], [-9565225.2153, 5608838.8456000015], [-9565268.8447, 5608839.596199997], [-9565312.474, 5608840.346500002], [-9565356.1033, 5608841.096699998], [-9565399.7326, 5608841.846600004], [-9565443.3619, 5608842.596299998], [-9565486.9914, 5608843.345799997], [-9565530.6207, 5608844.0951000005], [-9565574.25, 5608844.8442], [-9565574.9966, 5608799.7848000005], [-9565575.7433, 5608754.725599997], [-9565576.4899, 5608709.666599996], [-9565577.2365, 5608664.607900001], [-9565577.9831, 5608619.549400002], [-9565578.7296, 5608574.491099998], [-9565579.4762, 5608529.4331], [-9565580.2228, 5608484.375299998], [-9565580.9693, 5608439.317699999], [-9565581.7159, 5608394.260300003], [-9565582.4625, 5608349.203199998], [-9565583.209, 5608304.146200001], [-9565583.9556, 5608259.089500003], [-9565584.7244, 5608212.683499999], [-9565585.4933, 5608166.277800001], [-9565586.262, 5608119.872299999], [-9565587.0025, 5608075.180500001], [-9565587.7429, 5608030.488799997], [-9565588.4834, 5607985.797499999], [-9565589.2238, 5607941.106399998], [-9565589.9643, 5607896.415299997], [-9565590.7046, 5607851.724699996], [-9565591.445, 5607807.034199998], [-9565592.1855, 5607762.343900003], [-9565592.9258, 5607717.653800003], [-9565593.6663, 5607672.964000002], [-9565594.4066, 5607628.274300002], [-9565595.1469, 5607583.585000001], [-9565595.8874, 5607538.895800002], [-9565596.6277, 5607494.206799999], [-9565597.3681, 5607449.518100001], [-9565598.1084, 5607404.829599999], [-9565598.8488, 5607360.141199999], [-9565599.5891, 5607315.453199998], [-9565600.3293, 5607270.765299998], [-9565601.0697, 5607226.0776999965], [-9565601.81, 5607181.3901999965], [-9565602.5503, 5607136.703000002], [-9565654.5485, 5607137.652000003], [-9565706.5467, 5607138.600699998], [-9565758.5449, 5607139.549000002], [-9565810.5431, 5607140.497000001], [-9565855.4281, 5607141.315200001], [-9565900.3132, 5607142.133000001], [-9565945.1981, 5607142.950800002], [-9565990.0831, 5607143.768299997], [-9566034.9681, 5607144.5854], [-9566079.853, 5607145.402500004], [-9566124.7381, 5607146.2192], [-9566169.623, 5607147.0358000025], [-9566170.3775, 5607103.204099998], [-9566171.132, 5607059.372500002], [-9566171.8864, 5607015.541199997], [-9566172.6409, 5606971.7102999985], [-9566173.3952, 5606927.8794], [-9566174.1496, 5606884.048699997], [-9566174.9041, 5606840.218199998], [-9566175.6585, 5606796.388099998], [-9566176.4129, 5606752.5581], [-9566177.1672, 5606708.7282000035], [-9566177.9216, 5606664.898599997], [-9566178.676, 5606621.069200002], [-9566179.4304, 5606577.240099996], [-9566180.1846, 5606533.4111], [-9566180.939, 5606489.582400002], [-9566181.6934, 5606445.753799997], [-9566182.4478, 5606401.9256], [-9566183.2021, 5606358.097400002], [-9566183.9563, 5606314.269500002], [-9566184.7107, 5606270.441699997], [-9566185.465, 5606226.614200003], [-9566186.2193, 5606182.7870000005], [-9566186.9736, 5606138.959899999], [-9566187.7278, 5606095.133100003], [-9566188.4821, 5606051.306400001], [-9566144.8824, 5606049.760399997], [-9566101.2828, 5606048.2141999975], [-9566057.683, 5606046.667599998], [-9566014.0833, 5606045.120999999], [-9565970.4837, 5606043.574199997], [-9565926.8841, 5606042.027000003], [-9565883.2845, 5606040.479699999], [-9565839.6849, 5606038.9322], [-9565796.0852, 5606037.384400003], [-9565752.4857, 5606035.8364999965], [-9565708.8861, 5606034.288400002], [-9565665.2865, 5606032.740000002], [-9565621.6871, 5606031.191399999], [-9565622.4439, 5605987.468800001], [-9565623.2006, 5605943.746399999], [-9565623.9574, 5605900.024300002], [-9565624.7141, 5605856.302299999], [-9565625.4709, 5605812.580499999], [-9565626.2276, 5605768.858900003], [-9565626.9844, 5605725.137699999], [-9565627.7411, 5605681.416500002], [-9565628.4978, 5605637.695600003], [-9565629.2545, 5605593.974799998], [-9565630.0112, 5605550.254500002], [-9565630.7679, 5605506.534100004], [-9565631.5246, 5605462.814000003], [-9565587.9289, 5605461.2914], [-9565544.3333, 5605459.768600002], [-9565500.7376, 5605458.245800003], [-9565457.142, 5605456.722499996], [-9565413.5464, 5605455.199100003], [-9565369.9507, 5605453.675499998], [-9565326.3552, 5605452.151600003], [-9565282.7597, 5605450.627499998], [-9565239.164, 5605449.103299998], [-9565195.5685, 5605447.5788], [-9565151.9731, 5605446.054200001], [-9565108.3776, 5605444.529299997], [-9565064.782, 5605443.004199997], [-9565065.6485, 5605393.221000001], [-9565066.5151, 5605343.438299999], [-9565067.3816, 5605293.655599996], [-9565068.1912, 5605247.135700002], [-9565069.001, 5605200.615800001], [-9565069.8107, 5605154.096199997], [-9565070.6203, 5605107.577], [-9565071.4301, 5605061.057899997], [-9565072.2397, 5605014.539099999], [-9565073.0494, 5604968.020400003], [-9565073.859, 5604921.501999997], [-9565074.6686, 5604874.983999997], [-9565075.1775, 5604830.884599999], [-9565075.6863, 5604786.785700001], [-9565076.1951, 5604742.686700001], [-9565076.704, 5604698.588200003], [-9565077.2128, 5604654.489699997], [-9565077.7216, 5604610.391599998], [-9565078.2304, 5604566.293499999], [-9565078.7392, 5604522.195699997], [-9565079.248, 5604478.098200001], [-9565079.7568, 5604434.000799999], [-9565080.2656, 5604389.903700002], [-9565080.7744, 5604345.806699999], [-9565081.2831, 5604301.710100003], [-9565124.814, 5604303.056900002], [-9565168.3448, 5604304.403499998], [-9565211.8757, 5604305.75], [-9565255.4064, 5604307.096199997], [-9565298.9374, 5604308.442100003], [-9565342.4683, 5604309.7880000025], [-9565385.9991, 5604311.133500002], [-9565429.5301, 5604312.479000002], [-9565473.0611, 5604313.824100003], [-9565516.5919, 5604315.169], [-9565560.1229, 5604316.513800003], [-9565603.6538, 5604317.8583], [-9565647.1848, 5604319.202600002], [-9565690.7159, 5604320.546800002], [-9565734.2468, 5604321.890600003], [-9565777.7779, 5604323.234399997], [-9565821.3088, 5604324.5779], [-9565864.8399, 5604325.921099998], [-9565908.371, 5604327.264200002], [-9565951.902, 5604328.607000001], [-9565995.4331, 5604329.949600004], [-9566038.9642, 5604331.292099997], [-9566039.2021, 5604278.149800003], [-9566039.44, 5604225.007799998], [-9566047.441, 5604226.189099997], [-9566048.7091, 5604181.320299998], [-9566049.9773, 5604136.451800004], [-9566051.2456, 5604091.583400004], [-9566052.5138, 5604046.715400003], [-9566098.3718, 5604065.950900003], [-9566144.2298, 5604085.1862], [-9566190.0882, 5604104.421099998], [-9566201.1704, 5604109.069499999], [-9566256.5977, 5604130.604999997], [-9566312.0252, 5604152.1401999965], [-9566350.0318, 5604150.071900003], [-9566391.4158, 5604147.046400003], [-9566450.3242, 5604143.778099999], [-9566496.2652, 5604141.769699998], [-9566534.3371, 5604140.605099998], [-9566536.4366, 5604193.270199999], [-9566538.4692, 5604244.254500002], [-9566540.5018, 5604295.239200003], [-9566542.5345, 5604346.224100001], [-9566544.2163, 5604390.7272000015], [-9566545.8982, 5604435.230700001], [-9566547.58, 5604479.734399997], [-9566549.2619, 5604524.238200001], [-9566550.9437, 5604568.742299996], [-9566552.6256, 5604613.246600002], [-9566554.3075, 5604657.751100004], [-9566555.9895, 5604702.255800001], [-9566557.6715, 5604746.760799997], [-9566559.7598, 5604802.019000001], [-9566559.7702, 5604802.292099997], [-9566561.0354, 5604835.771300003], [-9566562.7175, 5604880.277000003], [-9566564.3995, 5604924.782700002], [-9566566.0006, 5604947.572800003], [-9567013.9201, 5604958.384099998], [-9567055.07, 5605015.900700003], [-9567130.9261, 5605121.9256], [-9567142.8409, 5605141.7007], [-9567169.3901, 5605185.764399998], [-9567195.9396, 5605229.828100003], [-9567223.2748, 5605272.297499999], [-9567250.61, 5605314.767099999], [-9567277.9456, 5605357.2368], [-9567305.2814, 5605399.706600003], [-9567305.5013, 5605400.129000001], [-9567313.4115, 5605414.4837], [-9567321.9771, 5605428.457199998], [-9567331.1799, 5605442.019500002], [-9567340.9961, 5605455.135799997], [-9567351.4089, 5605467.783699997], [-9567362.3961, 5605479.935900003], [-9567373.929, 5605491.560800001], [-9567385.9882, 5605502.638700001], [-9567398.5477, 5605513.145999998], [-9567411.575, 5605523.055299997], [-9567425.0479, 5605532.349699996], [-9567438.9373, 5605541.009300001], [-9567453.2078, 5605549.011799999], [-9567467.8344, 5605556.3433], [-9567482.7856, 5605562.987899996], [-9567498.0241, 5605568.929200001], [-9567513.5221, 5605574.156300001], [-9567529.2461, 5605578.657899998], [-9567585.5222, 5605595.344400004], [-9567641.7986, 5605612.030699998], [-9567641.8049, 5605612.0326000005], [-9567669.6499, 5605620.292599998], [-9567697.3656, 5605628.976499997], [-9567716.4875, 5605635.069700003], [-9567735.4839, 5605641.5436], [-9567754.3473, 5605648.395400003], [-9567773.0726, 5605655.623400003], [-9567791.6498, 5605663.2238000035], [-9567810.0717, 5605671.193499997], [-9567810.1044, 5605671.2082], [-9567857.847, 5605696.311999999], [-9567905.2604, 5605721.242399998], [-9567952.6741, 5605746.172600001], [-9567996.4125, 5605769.163099997], [-9568040.1511, 5605792.153300002], [-9568083.8899, 5605815.143399999], [-9568127.6289, 5605838.133299999], [-9568127.7366, 5605838.201499999], [-9568140.4671, 5605846.005800001], [-9568153.408, 5605853.456200004], [-9568166.5493, 5605860.546999998], [-9568179.8782, 5605867.271200001], [-9568193.3874, 5605873.625200003], [-9568207.0668, 5605879.604099996], [-9568220.9032, 5605885.202299997], [-9568234.8888, 5605890.416500002], [-9568249.013, 5605895.242799997], [-9568263.2627, 5605899.676700003], [-9568277.6293, 5605903.715599999], [-9568292.1019, 5605907.356399998], [-9568306.6678, 5605910.595899999], [-9568321.3175, 5605913.431900002], [-9568336.04, 5605915.862400003], [-9568336.0701, 5605915.8662], [-9568417.7843, 5605931.239399999], [-9568439.2394, 5605939.188500002], [-9568471.2349, 5605951.042599998], [-9568482.1494, 5605955.786499999], [-9568492.8631, 5605960.443099998], [-9568487.3197, 5605939.782300003], [-9568479.7662, 5605902.8112], [-9568470.0633, 5605855.319300003], [-9568460.3605, 5605807.8276999965], [-9568450.212, 5605758.156900004], [-9568440.0637, 5605708.486500002], [-9568429.9156, 5605658.816200003], [-9568427.0998, 5605645.034500003], [-9568412.4864, 5605573.509000003], [-9568403.724, 5605529.035899997], [-9568394.9617, 5605484.563100003], [-9568386.1994, 5605440.090300001], [-9568377.4373, 5605395.617899999], [-9568368.6752, 5605351.1455999985], [-9568359.9133, 5605306.673600003], [-9568351.1514, 5605262.201700002], [-9568342.3896, 5605217.730099998], [-9568333.5509, 5605174.708700001], [-9568326.2038, 5605132.9516], [-9568369.2369, 5605133.345700003], [-9568412.27, 5605133.739500001], [-9568455.3032, 5605134.133199997], [-9568498.3364, 5605134.526500002], [-9568541.3696, 5605134.919799998], [-9568584.4027, 5605135.312799998], [-9568627.4359, 5605135.705600001], [-9568670.469, 5605136.098200001], [-9568713.5022, 5605136.490599997], [-9568756.5353, 5605136.882700004], [-9568799.5686, 5605137.274800003], [-9568842.6018, 5605137.666500002], [-9568895.473, 5605137.918200001], [-9568948.3443, 5605138.1696000025], [-9569001.2155, 5605138.420599997], [-9569047.0569, 5605138.784699999], [-9569092.8984, 5605139.148400001], [-9569138.7398, 5605139.511799999], [-9569184.5813, 5605139.875200003], [-9569230.4228, 5605140.238200001], [-9569274.4558, 5605140.262699999], [-9569318.4886, 5605140.287199996], [-9569362.5214, 5605140.3112], [-9569406.5543, 5605140.335100003], [-9569458.9215, 5605140.623999998], [-9569511.2888, 5605140.912799999], [-9569563.656, 5605141.201099999], [-9569612.94, 5605141.340999998], [-9569662.224, 5605141.480700001], [-9569711.5081, 5605141.620099999], [-9569760.7921, 5605141.759199999], [-9569813.2195, 5605142.061999999], [-9569865.647, 5605142.364399999], [-9569918.0744, 5605142.666500002], [-9569970.5019, 5605142.9684000015], [-9570013.8833, 5605143.169500001], [-9570057.2647, 5605143.370499998], [-9570100.6461, 5605143.571199998], [-9570144.0276, 5605143.771600001], [-9570187.409, 5605143.971900001], [-9570230.7904, 5605144.171899997], [-9570274.1718, 5605144.371699996], [-9570317.5533, 5605144.571400002], [-9570360.9348, 5605144.770800002], [-9570404.3161, 5605144.9701000005], [-9570447.6976, 5605145.169100001], [-9570491.0791, 5605145.367899999], [-9570534.4605, 5605145.566500001], [-9570581.8181, 5605145.783200003], [-9570629.1759, 5605145.999499999], [-9570676.5335, 5605146.2157000005], [-9570723.8911, 5605146.431599997], [-9570771.2489, 5605146.647200003], [-9570770.8048, 5605191.6696000025], [-9570770.361, 5605236.692199998], [-9570769.9169, 5605281.7151999995], [-9570769.4729, 5605326.738200001], [-9570769.029, 5605371.761500001], [-9570768.585, 5605416.7852], [-9570768.1411, 5605461.808899999], [-9570767.697, 5605506.832800001], [-9570767.253, 5605551.8571000025], [-9570766.809, 5605596.881499998], [-9570766.365, 5605641.906300001], [-9570765.921, 5605686.931100003], [-9570765.477, 5605731.956100002], [-9570765.0329, 5605776.981600001], [-9570764.589, 5605822.007100001], [-9570728.2712, 5605863.764700003], [-9570691.9529, 5605905.522200003], [-9570655.6344, 5605947.2798999995], [-9570609.9688, 5605918.056900002], [-9570564.3037, 5605888.833899997], [-9570518.6386, 5605859.610600002], [-9570517.5803, 5605907.374300003], [-9570516.5219, 5605955.138300002], [-9570515.4635, 5606002.902599998], [-9570514.4049, 5606050.667000003], [-9570513.3465, 5606098.431699999], [-9570512.2739, 5606146.835199997], [-9570511.2013, 5606195.239], [-9570510.1287, 5606243.642999999], [-9570509.056, 5606292.0471], [-9570552.3341, 5606292.245399997], [-9570595.6123, 5606292.443499997], [-9570638.8904, 5606292.641400002], [-9570602.958, 5606331.298], [-9570567.0254, 5606369.954800002], [-9570554.2559, 5606411.775300004], [-9570541.4865, 5606453.596199997], [-9570528.7168, 5606495.417199999], [-9570515.9471, 5606537.238399997], [-9570570.4204, 5606537.396300003], [-9570624.8937, 5606537.553900003], [-9570622.1062, 5606541.558399998], [-9570612.9923, 5606549.6052], [-9570603.4729, 5606557.1679000035], [-9570593.5737, 5606564.226099998], [-9570583.3213, 5606570.760799997], [-9570583.1711, 5606570.8510000035], [-9570525.6671, 5606605.375100002], [-9570517.5743, 5606610.5418], [-9570509.7772, 5606616.1448], [-9570502.2993, 5606622.167199999], [-9570495.1631, 5606628.590899996], [-9570488.3902, 5606635.396499999], [-9570481.9948, 5606642.569600001], [-9570476.0019, 5606650.0823], [-9570470.4294, 5606657.9120000005], [-9570465.2942, 5606666.035099998], [-9570460.6117, 5606674.427299999], [-9570460.3312, 5606674.966200002], [-9570435.7458, 5606722.4058], [-9570411.1599, 5606769.8456000015], [-9570386.574, 5606817.285599999], [-9570361.9876, 5606864.7258], [-9570318.9476, 5606864.527900003], [-9570275.9078, 5606864.3298999965], [-9570232.8678, 5606864.131499998], [-9570189.8278, 5606863.9331], [-9570146.7878, 5606863.734499998], [-9570147.5273, 5606820.182400003], [-9570148.2669, 5606776.630500004], [-9570149.0063, 5606733.078900002], [-9570149.7459, 5606689.527400002], [-9570150.4854, 5606645.976199999], [-9570151.225, 5606602.424999997], [-9570151.9645, 5606558.8741], [-9570152.7039, 5606515.3235], [-9570153.4434, 5606471.773100004], [-9570154.1829, 5606428.222900003], [-9570154.9224, 5606384.672899999], [-9570155.6619, 5606341.123099998], [-9570156.4013, 5606297.5735], [-9570157.1407, 5606254.024099998], [-9570157.8802, 5606210.4749], [-9570112.6093, 5606185.479000002], [-9570067.3387, 5606160.483000003], [-9570022.0682, 5606135.486699998], [-9570022.716, 5606097.450000003], [-9570023.5267, 5606049.8330999985], [-9570024.3375, 5606002.2163999975], [-9570025.1483, 5605954.600100003], [-9570025.9592, 5605906.983900003], [-9570026.77, 5605859.367899999], [-9570027.5808, 5605811.752400003], [-9570028.3916, 5605764.1369], [-9570029.2022, 5605716.5217999965], [-9569957.7701, 5605716.190700002], [-9569956.7904, 5605760.285999998], [-9569955.8106, 5605804.381499998], [-9569954.8307, 5605848.477300003], [-9569953.8509, 5605892.573299997], [-9569952.871, 5605936.669399999], [-9569951.8911, 5605980.765799999], [-9569950.9112, 5606024.862499997], [-9569949.9313, 5606068.9592999965], [-9569948.9514, 5606113.056299999], [-9569947.9715, 5606157.153700002], [-9569946.9915, 5606201.251100004], [-9569946.0116, 5606245.348700002], [-9569945.0316, 5606289.446699999], [-9569944.0477, 5606333.7238000035], [-9569943.0638, 5606378.0013], [-9569942.0799, 5606422.278999999], [-9569941.0959, 5606466.556900002], [-9569940.112, 5606510.835000001], [-9569939.128, 5606555.113300003], [-9569938.1441, 5606599.391800001], [-9569937.1601, 5606643.670500003], [-9569936.1761, 5606687.949500002], [-9569935.2051, 5606731.647100002], [-9569934.234, 5606775.344899997], [-9569933.2629, 5606819.042999998], [-9569932.2919, 5606862.741400003], [-9569931.229, 5606910.562200002], [-9569930.1662, 5606958.383299999], [-9569929.1035, 5607006.204599999], [-9569928.0407, 5607054.0261999965], [-9569926.9778, 5607101.847999997], [-9569925.9151, 5607149.6701000035], [-9569924.8522, 5607197.4925], [-9569923.7893, 5607245.315099999], [-9569922.644, 5607296.8517], [-9569921.4986, 5607348.388700001], [-9569920.3531, 5607399.925899997], [-9569919.2077, 5607451.463399999], [-9569873.0441, 5607450.619000003], [-9569826.8804, 5607449.7742], [-9569780.7168, 5607448.929200001], [-9569734.5532, 5607448.083999999], [-9569688.3894, 5607447.238499999], [-9569642.2258, 5607446.392800003], [-9569596.0623, 5607445.546999998], [-9569549.8987, 5607444.700900003], [-9569503.7351, 5607443.8544000015], [-9569457.5716, 5607443.007799998], [-9569411.408, 5607442.160899997], [-9569365.2445, 5607441.3138], [-9569364.1882, 5607490.9014], [-9569363.1321, 5607540.489200003], [-9569362.0759, 5607590.077399999], [-9569361.0197, 5607639.665799998], [-9569359.9635, 5607689.254500002], [-9569358.9073, 5607738.8434000015], [-9569357.9447, 5607784.0348000005], [-9569356.9821, 5607829.226199999], [-9569356.0195, 5607874.4179000035], [-9569355.0569, 5607919.609899998], [-9569354.0944, 5607964.802100003], [-9569353.1317, 5608009.994599998], [-9569352.1998, 5608053.741499998], [-9569351.268, 5608097.488499999], [-9569350.3361, 5608141.235799998], [-9569349.4043, 5608184.9833], [-9569348.4724, 5608228.7311], [-9569347.5405, 5608272.479099996], [-9569346.6086, 5608316.2272000015], [-9569345.6768, 5608359.9755000025], [-9569344.7449, 5608403.724100001], [-9569343.813, 5608447.472900003], [-9569342.8811, 5608491.221900001], [-9569341.9491, 5608534.9711000025], [-9569341.0172, 5608578.7205], [-9569340.0852, 5608622.4684000015], [-9569339.1533, 5608666.216499999], [-9569338.2213, 5608709.9646999985], [-9569337.2894, 5608753.713299997], [-9569336.3575, 5608797.461900003], [-9569335.4255, 5608841.210900001], [-9569334.4936, 5608884.960000001], [-9569333.5615, 5608928.709399998], [-9569332.6296, 5608972.458899997], [-9569331.6977, 5609016.208700001], [-9569330.7656, 5609059.9586], [-9569329.8336, 5609103.708700001], [-9569328.9015, 5609147.459200002], [-9569380.2515, 5609148.414399996], [-9569431.6012, 5609149.3693], [-9569482.9512, 5609150.323899999], [-9569534.3011, 5609151.278399996], [-9569585.651, 5609152.2324], [-9569584.6761, 5609203.5874999985], [-9569583.7013, 5609254.943099998], [-9569582.7262, 5609306.299000002], [-9569581.621, 5609360.359300002], [-9569580.5157, 5609414.4199], [-9569579.4104, 5609468.480899997], [-9569578.4029, 5609518.995499998], [-9569577.3955, 5609569.510200001], [-9569576.3879, 5609620.025300004], [-9569575.3803, 5609670.540600002], [-9569574.3727, 5609721.056299999], [-9569622.1623, 5609721.946000002], [-9569669.9518, 5609722.835500002], [-9569699.6985, 5609723.3891], [-9569750.022, 5609724.325300001], [-9569800.3454, 5609725.261299998], [-9569850.1621, 5609726.1875], [-9569899.9789, 5609727.113499999], [-9569949.7957, 5609728.0392], [-9569999.6125, 5609728.964599997], [-9570049.4293, 5609729.889799997], [-9570060.9436, 5609730.103600003], [-9570099.2462, 5609730.8147], [-9570144.8884, 5609731.661700003], [-9570190.5308, 5609732.508599997], [-9570236.1732, 5609733.355300002], [-9570281.8155, 5609734.201700002], [-9570327.4578, 5609735.048], [-9570373.1002, 5609735.8939], [-9570418.7426, 5609736.739600003], [-9570464.385, 5609737.585199997], [-9570510.0274, 5609738.430399999], [-9570555.6697, 5609739.2754999995], [-9570601.3122, 5609740.120300002], [-9570646.9546, 5609740.9648], [-9570636.1513, 5609793.4912], [-9570625.3478, 5609846.017999999], [-9570614.5441, 5609898.545000002], [-9570603.7404, 5609951.072300002], [-9570601.7139, 5609957.622299999], [-9570599.9974, 5609962.963299997], [-9570584.1422, 5610011.476800002], [-9570578.4629, 5610033.053000003], [-9570565.6088, 5610090.802199997], [-9570562.7765, 5610102.903800003], [-9570552.7203, 5610138.762699999], [-9570551.5472, 5610142.432300001], [-9570533.0189, 5610199.720399998], [-9570518.5043, 5610247.999899998], [-9570516.1485, 5610255.641500004], [-9570503.7759, 5610290.764200002], [-9570489.4545, 5610324.325599998], [-9570479.4696, 5610345.793300003], [-9570462.6334, 5610378.995499998], [-9570452.4862, 5610396.723099999], [-9570441.9858, 5610437.0836], [-9570433.8489, 5610465.349600002], [-9570432.489, 5610470.9155], [-9570422.4319, 5610506.775700003], [-9570410.0586, 5610541.8992], [-9570395.4222, 5610576.135799997], [-9570391.2327, 5610584.916699998], [-9570385.0036, 5610597.6906], [-9570372.3563, 5610622.1127], [-9570353.3911, 5610654.139799997], [-9570332.3787, 5610684.853799999], [-9570311.8127, 5610711.239299998], [-9570300.5552, 5610724.8379999995], [-9570298.1516, 5610727.722000003], [-9570273.3231, 5610755.421499997], [-9570257.4943, 5610771.318599999], [-9570241.9388, 5610786.336199999], [-9570218.5346, 5610812.344400004], [-9570217.2057, 5610813.728100002], [-9570203.7504, 5610832.892700002], [-9570180.78, 5610862.162199996], [-9570155.9508, 5610889.862000003], [-9570129.369, 5610915.872900002], [-9570111.0732, 5610931.931900002], [-9570107.0108, 5610935.3464], [-9570094.6316, 5610947.000299998], [-9570088.2132, 5610953.701899998], [-9570086.244, 5610956.673900001], [-9570070.7566, 5610978.883599997], [-9570047.7854, 5611008.153399996], [-9570032.4149, 5611025.726499997], [-9570023.5095, 5611038.521399997], [-9570021.6946, 5611041.374600001], [-9570009.4442, 5611071.713600002], [-9569997.4083, 5611099.388300002], [-9569980.5692, 5611132.592500001], [-9569974.3461, 5611143.636399999], [-9569969.1891, 5611152.555100001], [-9569959.5446, 5611171.198200002], [-9569950.8178, 5611189.292599998], [-9569937.0799, 5611215.9604], [-9569928.6542, 5611230.7798999995], [-9569910.859, 5611261.016999997], [-9569900.3167, 5611278.2258], [-9569879.3013, 5611308.940899998], [-9569856.3287, 5611338.211300001], [-9569839.1708, 5611357.735200003], [-9569818.1605, 5611380.568599999], [-9569810.4868, 5611388.744900003], [-9569801.7032, 5611397.7201000005], [-9569797.5972, 5611402.6699], [-9569783.2222, 5611419.147], [-9569780.9285, 5611422.148100004], [-9569776.9926, 5611429.443499997], [-9569758.0235, 5611461.472099997], [-9569737.0072, 5611492.1875], [-9569734.5725, 5611495.482699998], [-9569722.7297, 5611514.911700003], [-9569721.6076, 5611516.665299997], [-9569711.5164, 5611534.332000002], [-9569699.5119, 5611568.2836000025], [-9569684.8712, 5611602.5229], [-9569668.0298, 5611635.728299998], [-9569649.06, 5611667.757399999], [-9569628.0429, 5611698.473200001], [-9569605.0685, 5611727.744199999], [-9569600.2256, 5611733.438900001], [-9569589.8118, 5611745.522699997], [-9569584.1017, 5611752.231899999], [-9569561.8243, 5611776.908], [-9569535.2383, 5611802.919799998], [-9569507.0134, 5611827.131200001], [-9569477.2707, 5611849.438600004], [-9569475.9838, 5611850.336900003], [-9569458.5469, 5611869.399800003], [-9569431.9602, 5611895.411499999], [-9569413.5473, 5611911.566600002], [-9569410.9933, 5611914.940099999], [-9569407.4162, 5611919.872599997], [-9569384.4405, 5611949.143799998], [-9569359.6059, 5611976.844499998], [-9569333.0186, 5612002.856299996], [-9569304.7925, 5612027.067699999], [-9569280.4434, 5612045.551700003], [-9569269.1129, 5612054.887100004], [-9569239.3689, 5612077.194300003], [-9569217.4591, 5612091.785599999], [-9569205.1569, 5612099.5726], [-9569189.3174, 5612111.991700001], [-9569164.1546, 5612133.2146999985], [-9569153.4372, 5612142.032200001], [-9569130.4847, 5612159.5101], [-9569115.168, 5612170.570100002], [-9569110.5741, 5612174.825900003], [-9569099.7662, 5612184.477600001], [-9569088.8999, 5612193.935099997], [-9569071.4806, 5612208.494599998], [-9569041.7355, 5612230.8015], [-9569010.5999, 5612251.108599998], [-9569007.4964, 5612252.977399997], [-9569002.0269, 5612256.854099996], [-9568975.5972, 5612274.275799997], [-9568967.9722, 5612281.363200001], [-9568964.971, 5612284.132700004], [-9568946.9904, 5612299.922700003], [-9568925.2449, 5612318.222199999], [-9568914.9976, 5612326.643200003], [-9568890.8793, 5612344.9597999975], [-9568876.6415, 5612355.185400002], [-9568868.619, 5612361.874300003], [-9568842.2511, 5612385.474600002], [-9568819.562, 5612404.735699996], [-9568791.4343, 5612427.372699998], [-9568790.5079, 5612428.139700003], [-9568787.6559, 5612431.1401999965], [-9568779.4323, 5612439.553000003], [-9568755.6067, 5612463.427599996], [-9568741.9862, 5612477.957800001], [-9568718.0631, 5612506.477799997], [-9568694.3924, 5612532.9553999975], [-9568656.8986, 5612572.347400002], [-9568619.8586, 5612614.816200003], [-9568616.8113, 5612618.744099997], [-9568598.5206, 5612648.497000001], [-9568593.5903, 5612656.372500002], [-9568589.675, 5612662.429700002], [-9568546.4035, 5612728.451300003], [-9568540.0502, 5612737.936300002], [-9568508.4177, 5612784.151600003], [-9568497.663, 5612799.326499999], [-9568494.8271, 5612803.1589], [-9568464.0176, 5612844.430100001], [-9568452.4177, 5612859.4406], [-9568446.76, 5612866.514799997], [-9568432.5455, 5612890.046499997], [-9568417.6775, 5612912.206699997], [-9568398.2711, 5612939.715300001], [-9568396.8481, 5612941.821000002], [-9568369.5475, 5612998.360699996], [-9568355.8725, 5613024.885799997], [-9568346.429, 5613041.421499997], [-9568328.2114, 5613072.1184], [-9568320.266, 5613087.805100001], [-9568311.3926, 5613104.622000001], [-9568292.415, 5613136.6536], [-9568278.0256, 5613158.133400001], [-9568259.6274, 5613184.293300003], [-9568225.3875, 5613255.6796], [-9568218.3972, 5613269.7531], [-9568196.5182, 5613312.318599999], [-9568174.6391, 5613354.884199999], [-9568173.1446, 5613357.771399997], [-9568157.7671, 5613387.273100004], [-9568125.4366, 5613451.105300002], [-9568116.5542, 5613467.939099997], [-9568097.5751, 5613499.971600004], [-9568092.5066, 5613507.780299999], [-9568061.753, 5613554.322700001], [-9568052.0153, 5613568.585000001], [-9568036.9514, 5613589.945200004], [-9568016.0063, 5613627.932999998], [-9568001.9559, 5613656.108599998], [-9567991.4715, 5613676.129600003], [-9567982.5545, 5613691.774899997], [-9567960.9086, 5613728.396499999], [-9567946.345, 5613753.6329], [-9567933.2855, 5613775.150600001], [-9567925.3814, 5613787.2086], [-9567898.31, 5613827.388899997], [-9567885.1861, 5613846.049999997], [-9567862.2006, 5613875.3235], [-9567860.742, 5613877.053800002], [-9567853.2902, 5613888.065899998], [-9567836.4005, 5613912.408], [-9567830.327, 5613920.990999997], [-9567791.9199, 5613974.2184000015], [-9567789.27, 5613977.860399999], [-9567783.5065, 5613985.578400001], [-9567777.3649, 5613993.6592999995], [-9567773.5395, 5614001.3301], [-9567763.053, 5614021.353799999], [-9567753.6846, 5614037.760600001], [-9567727.9261, 5614081.183700003], [-9567714.9235, 5614105.484399997], [-9567713.6506, 5614108.068599999], [-9567710.4142, 5614116.1548999995], [-9567702.0091, 5614136.055], [-9567683.2046, 5614178.325900003], [-9567664.3998, 5614220.596900001], [-9567639.037, 5614278.781999998], [-9567632.9627, 5614292.239100002], [-9567627.1802, 5614304.251599997], [-9567604.6672, 5614349.653999999], [-9567582.1539, 5614395.056699999], [-9567566.2816, 5614428.236599997], [-9567565.0213, 5614431.077200003], [-9567557.2269, 5614455.325000003], [-9567543.1628, 5614504.3191], [-9567540.7724, 5614512.419799998], [-9567520.3984, 5614579.629699998], [-9567513.9165, 5614605.314800002], [-9567512.0487, 5614612.5176], [-9567498.2405, 5614664.375799999], [-9567484.4321, 5614716.234200001], [-9567474.5048, 5614759.277000003], [-9567464.5774, 5614802.32], [-9567455.6158, 5614841.832699999], [-9567443.8235, 5614910.3266], [-9567443.2933, 5614913.357799999], [-9567440.2865, 5614929.005800001], [-9567431.1538, 5614973.2016], [-9567422.0209, 5615017.397500001], [-9567412.5787, 5615068.950099997], [-9567402.289, 5615132.456], [-9567400.8296, 5615141.047899999], [-9567395.6352, 5615166.818300001], [-9567380.293, 5615234.816600002], [-9567377.773, 5615245.505800001], [-9567369.1984, 5615276.566399999], [-9567352.5061, 5615330.995899998], [-9567343.8034, 5615360.897], [-9567340.3085, 5615374.0896999985], [-9567333.1135, 5615410.160999998], [-9567328.8234, 5615439.756999999], [-9567323.518, 5615498.648199998], [-9567322.3279, 5615510.4811], [-9567321.7412, 5615515.554200001], [-9567313.2585, 5615586.145199999], [-9567308.5232, 5615617.961400002], [-9567303.2636, 5615644.020199999], [-9567294.5057, 5615682.741499998], [-9567292.0503, 5615693.144199997], [-9567282.4295, 5615727.578000002], [-9567281.0773, 5615733.754100002], [-9567268.3592, 5615790.346199997], [-9567267.7823, 5615820.1065], [-9567264.8762, 5615857.266999997], [-9567259.5541, 5615894.157499999], [-9567251.8385, 5615930.619900003], [-9567248.1714, 5615944.749300003], [-9567244.0481, 5615959.840999998], [-9567237.6393, 5615981.5898], [-9567225.2462, 5616016.7302], [-9567210.589, 5616050.982199997], [-9567193.7304, 5616084.199299999], [-9567191.6733, 5616087.911399998], [-9567182.8017, 5616103.780500002], [-9567165.8709, 5616132.108199999], [-9567149.2994, 5616156.663099997], [-9567142.5789, 5616167.4848000035], [-9567133.7674, 5616181.325900003], [-9567112.7312, 5616212.051200002], [-9567089.7373, 5616241.3303999975], [-9567064.8839, 5616269.037900001], [-9567062.8126, 5616271.189000003], [-9567047.2352, 5616297.108800001], [-9567026.1985, 5616327.834200002], [-9567003.2039, 5616357.113600001], [-9566996.498, 5616364.954700001], [-9566989.6328, 5616372.8364999965], [-9566979.7369, 5616386.754900001], [-9566956.742, 5616416.034199998], [-9566931.8878, 5616443.741899997], [-9566909.6255, 5616465.738600001], [-9566899.7097, 5616482.885499999], [-9566886.2051, 5616505.329499997], [-9566878.3939, 5616517.936800003], [-9566857.3562, 5616548.662600003], [-9566851.5903, 5616556.382200003], [-9566842.6375, 5616568.159199998], [-9566825.4078, 5616589.7192], [-9566800.5526, 5616617.427100003], [-9566773.9443, 5616643.444700003], [-9566761.1121, 5616654.844300002], [-9566747.976, 5616666.163599998], [-9566732.5611, 5616678.979699999], [-9566702.7956, 5616701.289999999], [-9566697.0025, 5616705.289300002], [-9566675.8535, 5616719.697400004], [-9566650.4903, 5616736.007100001], [-9566641.9034, 5616741.108900003], [-9566607.9328, 5616760.889600001], [-9566597.879, 5616766.705499999], [-9566593.4831, 5616769.968599997], [-9566565.0834, 5616791.643799998], [-9566541.6314, 5616810.694600001], [-9566538.8553, 5616812.935199998], [-9566522.1479, 5616825.831299998], [-9566473.5293, 5616861.937200002], [-9566461.4601, 5616870.656999998], [-9566415.5041, 5616902.949299999], [-9566404.4077, 5616910.5176], [-9566360.2459, 5616939.878899999], [-9566348.8514, 5616947.259599999], [-9566321.317, 5616964.630599998], [-9566297.977, 5616980.574500002], [-9566272.0008, 5616997.300899997], [-9566239.5858, 5617015.5211], [-9566235.6948, 5617017.524099998], [-9566227.4898, 5617021.708300002], [-9566218.1904, 5617027.5776999965], [-9566209.4233, 5617033.000500001], [-9566187.6041, 5617045.570299998], [-9566153.944, 5617063.9789], [-9566143.3477, 5617069.629100002], [-9566109.814, 5617085.682700001], [-9566104.1575, 5617088.1294], [-9566066.3695, 5617104.2315], [-9566037.5173, 5617115.603299998], [-9566023.5831, 5617120.4548999965], [-9565972.0448, 5617137.6499999985], [-9565960.2072, 5617141.455499999], [-9565923.6853, 5617152.7557], [-9565914.1216, 5617155.622699998], [-9565898.2698, 5617159.974399999], [-9565858.3268, 5617170.318300001], [-9565838.1671, 5617175.147], [-9565810.326, 5617180.551399998], [-9565768.9553, 5617187.511399999], [-9565760.2636, 5617188.904200003], [-9565723.366, 5617193.2892], [-9565706.7479, 5617194.466600001], [-9565650.3326, 5617197.629699998], [-9565643.9847, 5617197.661799997], [-9565629.8464, 5617198.406400003], [-9565623.4, 5617198.497000001], [-9565617.3327, 5617198.547899999], [-9565614.1248, 5617198.846199997], [-9565568.3405, 5617204.957400002], [-9565541.757, 5617207.868100002], [-9565523.76, 5617209.120800003], [-9565474.1289, 5617211.781000003], [-9565419.0789, 5617216.859499998], [-9565415.3761, 5617217.188900001], [-9565400.9403, 5617218.239100002], [-9565341.0213, 5617221.829000004], [-9565305.8839, 5617226.008000001], [-9565297.8933, 5617226.900899999], [-9565220.989, 5617234.940899998], [-9565210.4164, 5617235.946000002], [-9565191.5267, 5617237.245200001], [-9565106.8961, 5617241.644100003], [-9565097.7304, 5617242.045999996], [-9565033.813, 5617244.329400003], [-9564987.611, 5617244.0923999995], [-9564960.3751, 5617242.180200003], [-9564909.5876, 5617237.3807], [-9564899.7825, 5617236.367899999], [-9564896.1129, 5617235.944399998], [-9564883.9441, 5617234.499600001], [-9564878.6762, 5617234.394299999], [-9564831.3243, 5617233.6668], [-9564825.957, 5617233.558899999], [-9564749.3695, 5617231.655000001], [-9564737.4175, 5617231.231299996], [-9564711.846, 5617229.473200001], [-9564688.5496, 5617227.340599999], [-9564659.5887, 5617225.7685], [-9564620.5483, 5617225.214000002], [-9564602.5595, 5617224.6723000035], [-9564585.2437, 5617223.608800001], [-9564535.315, 5617219.7733]]], [[[-9578466.2145, 5591023.5308], [-9578465.7964, 5590978.775300004], [-9578465.3783, 5590934.020300001], [-9578464.96, 5590889.265299998], [-9578464.5419, 5590844.510499999], [-9578464.1238, 5590799.755999997], [-9578463.7057, 5590755.001800001], [-9578463.2875, 5590710.247699998], [-9578419.7481, 5590711.387599997], [-9578376.2087, 5590712.527400002], [-9578332.6693, 5590713.6669000015], [-9578289.1299, 5590714.806100003], [-9578245.5904, 5590715.945200004], [-9578202.051, 5590717.084200002], [-9578158.5114, 5590718.2228000015], [-9578114.9719, 5590719.361199997], [-9578071.4324, 5590720.499600001], [-9578027.893, 5590721.637599997], [-9577984.3535, 5590722.775399998], [-9577940.8139, 5590723.912900001], [-9577897.2744, 5590725.050399996], [-9577896.8633, 5590680.758299999], [-9577896.4521, 5590636.4663999975], [-9577896.0411, 5590592.174699999], [-9577895.63, 5590547.883199997], [-9577895.219, 5590503.591799997], [-9577894.8079, 5590459.300700001], [-9577894.3967, 5590415.009900004], [-9577893.9857, 5590370.719300002], [-9577893.5746, 5590326.428900003], [-9577893.1636, 5590282.138700001], [-9577892.7525, 5590237.848700002], [-9577892.3416, 5590193.558899999], [-9577891.9305, 5590149.269400001], [-9577891.5194, 5590104.9799000025], [-9577891.1083, 5590060.690499999], [-9577890.6973, 5590016.4014], [-9577890.2862, 5589972.112499997], [-9577889.8751, 5589927.823899999], [-9577889.4642, 5589883.5353000015], [-9577889.0531, 5589839.247100003], [-9577888.642, 5589794.958999999], [-9577888.231, 5589750.671300001], [-9577887.82, 5589706.383599997], [-9577887.409, 5589662.096199997], [-9577886.9979, 5589617.809], [-9577886.5868, 5589573.522100002], [-9577886.1759, 5589529.235299997], [-9577885.7649, 5589484.948799998], [-9577885.3538, 5589440.6624], [-9577884.9428, 5589396.376400001], [-9577884.5319, 5589352.090400003], [-9577884.1209, 5589307.804799996], [-9577883.7098, 5589263.519299999], [-9577883.299, 5589219.234099999], [-9577882.8879, 5589174.949000001], [-9577882.4769, 5589130.664300002], [-9577882.0659, 5589086.379600003], [-9577881.655, 5589042.095299996], [-9577881.244, 5588997.810999997], [-9577924.7799, 5588997.165799998], [-9577968.3159, 5588996.520300001], [-9578011.8519, 5588995.874799997], [-9578055.3877, 5588995.2289], [-9578098.9237, 5588994.582900003], [-9578142.4595, 5588993.9366], [-9578185.9954, 5588993.290100001], [-9578229.5312, 5588992.6435], [-9578273.0672, 5588991.996600002], [-9578316.6031, 5588991.349399999], [-9578360.1389, 5588990.702100001], [-9578403.6748, 5588990.0546], [-9578447.2106, 5588989.406800002], [-9578446.5721, 5588945.490400001], [-9578445.9334, 5588901.574000001], [-9578445.2948, 5588857.657899998], [-9578444.6563, 5588813.741999999], [-9578444.0176, 5588769.826300003], [-9578443.379, 5588725.9108000025], [-9578442.7405, 5588681.9956], [-9578442.1019, 5588638.080499999], [-9578441.4633, 5588594.1657000035], [-9578440.8248, 5588550.251000002], [-9578440.1862, 5588506.336599998], [-9578439.5476, 5588462.422399998], [-9578438.9092, 5588418.508500002], [-9578438.2706, 5588374.594700001], [-9578437.6321, 5588330.681100003], [-9578436.9936, 5588286.767700002], [-9578436.3551, 5588242.854500003], [-9578435.7165, 5588198.941600002], [-9578435.078, 5588155.028999999], [-9578434.4396, 5588111.116400003], [-9578433.801, 5588067.204099998], [-9578433.1625, 5588023.292000003], [-9578432.5241, 5587979.380099997], [-9578431.8856, 5587935.4684000015], [-9578431.2471, 5587891.556999996], [-9578430.6087, 5587847.645800002], [-9578387.0802, 5587848.420400001], [-9578343.5517, 5587849.194799997], [-9578300.0231, 5587849.968999997], [-9578256.4948, 5587850.743000001], [-9578212.9662, 5587851.516800001], [-9578169.4377, 5587852.290399998], [-9578125.9091, 5587853.063699998], [-9578082.3807, 5587853.836900003], [-9578038.8521, 5587854.6098000035], [-9577995.3235, 5587855.382600002], [-9577951.7949, 5587856.155199997], [-9577908.2663, 5587856.927500002], [-9577864.7379, 5587857.699600004], [-9577864.103, 5587813.851999998], [-9577863.4683, 5587770.004699998], [-9577862.8335, 5587726.157499999], [-9577862.1987, 5587682.310599998], [-9577861.564, 5587638.463799998], [-9577860.9293, 5587594.617399998], [-9577860.2944, 5587550.770999998], [-9577859.6598, 5587506.924999997], [-9577859.0251, 5587463.079099998], [-9577858.3904, 5587419.233499996], [-9577857.7556, 5587375.387900002], [-9577857.1209, 5587331.542800002], [-9577856.4863, 5587287.6976], [-9577855.8515, 5587243.852899998], [-9577855.2168, 5587200.008199997], [-9577854.582, 5587156.163900003], [-9577853.9474, 5587112.319600001], [-9577853.3126, 5587068.475699998], [-9577852.6779, 5587024.631899998], [-9577852.0433, 5586980.788400002], [-9577851.4085, 5586936.944899999], [-9577850.7739, 5586893.101899996], [-9577850.1392, 5586849.258900002], [-9577849.5046, 5586805.416199997], [-9577848.8699, 5586761.573600002], [-9577848.2353, 5586717.731399998], [-9577891.7598, 5586717.0559], [-9577935.2844, 5586716.3803], [-9577978.8089, 5586715.704300001], [-9578022.3334, 5586715.028300002], [-9578065.858, 5586714.351899996], [-9578109.3825, 5586713.675399996], [-9578152.907, 5586712.998800002], [-9578196.4315, 5586712.321800001], [-9578239.9559, 5586711.644699998], [-9578283.4803, 5586710.967200004], [-9578327.0048, 5586710.2897000015], [-9578370.5293, 5586709.611900002], [-9578414.0538, 5586708.934], [-9578413.8519, 5586665.354199998], [-9578413.65, 5586621.774599999], [-9578413.448, 5586578.195200004], [-9578413.2462, 5586534.615999997], [-9578413.0442, 5586491.0370000005], [-9578412.8423, 5586447.458300002], [-9578412.6404, 5586403.879699998], [-9578412.4368, 5586359.927599996], [-9578412.2331, 5586315.975599997], [-9578412.0295, 5586272.0239999965], [-9578411.8259, 5586228.072499998], [-9578411.6222, 5586184.121299997], [-9578411.4186, 5586140.170199998], [-9578411.215, 5586096.219400004], [-9578411.0114, 5586052.268799998], [-9578410.8078, 5586008.318400003], [-9578410.6042, 5585964.368199997], [-9578410.4006, 5585920.418200001], [-9578410.1969, 5585876.4683], [-9578409.9933, 5585832.518799998], [-9578409.7897, 5585788.569399998], [-9578409.5861, 5585744.620300002], [-9578409.3826, 5585700.671400003], [-9578409.179, 5585656.7227], [-9578408.9754, 5585612.7742], [-9578408.7718, 5585568.825900003], [-9578408.5682, 5585524.877800003], [-9578408.3647, 5585480.929799996], [-9578408.1611, 5585436.982199997], [-9578407.9574, 5585393.0348000005], [-9578407.7538, 5585349.0874999985], [-9578407.5502, 5585305.140500002], [-9578407.3467, 5585261.193700001], [-9578407.1444, 5585217.5254999995], [-9578406.9422, 5585173.857199997], [-9578406.7398, 5585130.189400002], [-9578406.5375, 5585086.521600001], [-9578406.3352, 5585042.854099996], [-9578406.133, 5584999.186899997], [-9578405.9307, 5584955.519699998], [-9578405.7284, 5584911.852899998], [-9578405.5261, 5584868.186300002], [-9578405.3239, 5584824.519699998], [-9578405.1216, 5584780.853500001], [-9578404.9193, 5584737.1875], [-9578404.717, 5584693.521600001], [-9578404.5148, 5584649.8561], [-9578404.3125, 5584606.1906], [-9578404.1102, 5584562.525399998], [-9578403.9081, 5584518.8605], [-9578403.7058, 5584475.195600003], [-9578403.5035, 5584431.531099997], [-9578403.3012, 5584387.866800003], [-9578403.0991, 5584344.202500001], [-9578402.8968, 5584300.538599998], [-9578402.6945, 5584256.874799997], [-9578402.4922, 5584213.211300001], [-9578402.2901, 5584169.548], [-9578402.0878, 5584125.884800002], [-9578402.0175, 5584082.402900003], [-9578401.9472, 5584038.921099998], [-9578401.8769, 5583995.439499997], [-9578401.8067, 5583951.9580999985], [-9578401.7364, 5583908.476999998], [-9578401.6661, 5583864.995999999], [-9578401.5958, 5583821.515299998], [-9578401.5256, 5583778.034699999], [-9578401.4553, 5583734.554399997], [-9578401.385, 5583691.074299999], [-9578401.3147, 5583647.594400004], [-9578401.2445, 5583604.114600003], [-9578401.1742, 5583560.6351], [-9578401.1039, 5583517.1559000015], [-9578401.0337, 5583473.676799998], [-9578400.9634, 5583430.197899997], [-9578400.8931, 5583386.7192], [-9578400.8229, 5583343.240699999], [-9578400.7526, 5583299.762500003], [-9578400.6823, 5583256.284400001], [-9578400.6121, 5583212.806599997], [-9578400.5418, 5583169.329000004], [-9578400.4715, 5583125.851499997], [-9578400.4013, 5583082.374300003], [-9578400.331, 5583038.8972999975], [-9578400.2607, 5582995.420500003], [-9578400.1905, 5582951.943000004], [-9578400.1202, 5582908.465800002], [-9578400.0499, 5582864.988799997], [-9578399.9796, 5582821.512100004], [-9578399.9095, 5582778.035499997], [-9578399.8392, 5582734.559], [-9578399.7689, 5582691.082800001], [-9578399.6987, 5582647.606799997], [-9578399.6285, 5582604.130999997], [-9578399.5583, 5582560.655500002], [-9578399.488, 5582517.180100001], [-9578399.4177, 5582473.7048999965], [-9578399.3474, 5582430.229999997], [-9578399.277, 5582386.754199997], [-9578399.2064, 5582343.2786], [-9578399.136, 5582299.803099997], [-9578399.0654, 5582256.327799998], [-9578398.995, 5582212.852799997], [-9578398.9244, 5582169.377999999], [-9578398.854, 5582125.903300002], [-9578398.7834, 5582082.428999998], [-9578398.713, 5582038.954800002], [-9578398.6424, 5581995.480800003], [-9578398.572, 5581952.006999999], [-9578398.5014, 5581908.533399999], [-9578398.431, 5581865.060000002], [-9578398.2509, 5581821.485299997], [-9578398.071, 5581777.910599999], [-9578397.891, 5581734.336099997], [-9578397.711, 5581690.761799999], [-9578397.531, 5581647.187899999], [-9578397.3511, 5581603.614100002], [-9578397.171, 5581560.040399998], [-9578396.9911, 5581516.467], [-9578396.8111, 5581472.8939], [-9578396.6311, 5581429.320900001], [-9578396.4511, 5581385.748099998], [-9578396.2712, 5581342.175499998], [-9578396.0911, 5581298.6032000035], [-9578395.8925, 5581250.510499999], [-9578395.6938, 5581202.418300003], [-9578395.4952, 5581154.326099999], [-9578395.2965, 5581106.234200001], [-9578395.0979, 5581058.142700002], [-9578394.8992, 5581010.051299997], [-9578394.7079, 5580963.739699997], [-9578394.5166, 5580917.428300001], [-9578394.3252, 5580871.1171], [-9578394.1339, 5580824.806000002], [-9578393.9426, 5580778.495300002], [-9578393.7513, 5580732.184799999], [-9578393.57, 5580688.309500001], [-9578393.3889, 5580644.434500001], [-9578393.2078, 5580600.559600003], [-9578393.0265, 5580556.685099997], [-9578392.8453, 5580512.810599998], [-9578392.6641, 5580468.936399996], [-9578392.4829, 5580425.062399998], [-9578392.3017, 5580381.188699998], [-9578392.1205, 5580337.315099999], [-9578391.8844, 5580280.1445999965], [-9578391.6484, 5580222.974600002], [-9578391.4122, 5580165.805], [-9578391.2323, 5580122.238899998], [-9578391.0523, 5580078.673199996], [-9578390.8724, 5580035.107699998], [-9578390.6924, 5579991.542300001], [-9578390.5126, 5579947.9772000015], [-9578390.3326, 5579904.412100002], [-9578390.1527, 5579860.847499996], [-9578389.9727, 5579817.283], [-9578389.7928, 5579773.718599997], [-9578389.6129, 5579730.1545], [-9578389.4329, 5579686.590499997], [-9578389.2531, 5579643.026900001], [-9578389.0731, 5579599.463299997], [-9578389.2701, 5579555.9597999975], [-9578389.4672, 5579512.4564], [-9578389.6642, 5579468.953199998], [-9578389.8612, 5579425.450199999], [-9578390.0582, 5579381.947400004], [-9578390.2552, 5579338.444799997], [-9578390.4522, 5579294.942500003], [-9578390.6493, 5579251.440300003], [-9578390.8463, 5579207.938299999], [-9578391.0433, 5579164.436700001], [-9578391.2403, 5579120.935099997], [-9578391.4373, 5579077.433799997], [-9578391.6343, 5579033.932700001], [-9578435.5216, 5579033.514300004], [-9578479.4089, 5579033.095799997], [-9578523.2961, 5579032.677000001], [-9578566.8602, 5579033.377700001], [-9578610.4242, 5579034.078100003], [-9578653.9882, 5579034.778399996], [-9578697.5524, 5579035.478500001], [-9578740.7999, 5579035.395300001], [-9578784.0477, 5579035.311899997], [-9578827.2952, 5579035.228399999], [-9578870.543, 5579035.144699998], [-9578913.7906, 5579035.060699999], [-9578957.0383, 5579034.976599999], [-9578957.2346, 5578991.017200001], [-9578957.431, 5578947.057899997], [-9578957.6273, 5578903.0988000035], [-9578957.8238, 5578859.139899999], [-9578958.0202, 5578815.181199998], [-9578958.2165, 5578771.2228000015], [-9578958.413, 5578727.2645], [-9578958.6094, 5578683.306599997], [-9578958.8057, 5578639.3488000035], [-9578959.0573, 5578583.042599998], [-9578959.3089, 5578526.7368], [-9578959.5603, 5578470.431299999], [-9579003.0499, 5578470.5845], [-9579046.5396, 5578470.7377], [-9579090.0292, 5578470.890600003], [-9579133.5188, 5578471.043200001], [-9579177.0084, 5578471.195799999], [-9579220.4982, 5578471.347999997], [-9579263.9878, 5578471.500100002], [-9579307.4774, 5578471.651900001], [-9579350.967, 5578471.803599998], [-9579394.4567, 5578471.954999998], [-9579437.9463, 5578472.106200002], [-9579481.4359, 5578472.257299997], [-9579524.9255, 5578472.408], [-9579525.1167, 5578429.053300001], [-9579525.3077, 5578385.698700003], [-9579525.4988, 5578342.344300002], [-9579525.6898, 5578298.990199998], [-9579525.8809, 5578255.636200003], [-9579526.0719, 5578212.282499999], [-9579526.263, 5578168.928900003], [-9579526.454, 5578125.575599998], [-9579526.6451, 5578082.222499996], [-9579526.836, 5578038.869499996], [-9579527.0271, 5577995.516900003], [-9579527.2181, 5577952.164300002], [-9579527.4092, 5577908.811999999], [-9579572.656, 5577909.0446000025], [-9579617.9028, 5577909.277000003], [-9579663.1496, 5577909.509199999], [-9579708.3965, 5577909.740999997], [-9579753.6432, 5577909.9728000015], [-9579798.89, 5577910.204300001], [-9579844.1369, 5577910.435500003], [-9579889.3836, 5577910.666599996], [-9579934.6305, 5577910.8972999975], [-9579979.8773, 5577911.127899997], [-9580025.1242, 5577911.358199999], [-9580034.8236, 5577900.430500001], [-9580044.0713, 5577889.117899999], [-9580052.852, 5577877.439099997], [-9580061.1546, 5577865.4089], [-9580068.9622, 5577853.051600002], [-9580076.262, 5577840.387800001], [-9580076.3144, 5577840.2924000025], [-9580098.6123, 5577799.617799997], [-9580120.9101, 5577758.943400003], [-9580143.2077, 5577718.269100003], [-9580165.5051, 5577677.594999999], [-9580187.5586, 5577637.502099998], [-9580209.612, 5577597.409400001], [-9580231.6652, 5577557.316699997], [-9580254.9191, 5577510.797499999], [-9580278.1729, 5577464.278300002], [-9580301.4264, 5577417.759400003], [-9580324.6796, 5577371.240599997], [-9580332.0987, 5577356.385200001], [-9580364.8215, 5577290.862400003], [-9580387.1085, 5577249.233599998], [-9580409.3955, 5577207.6052], [-9580431.6821, 5577165.9767], [-9580453.9686, 5577124.348499998], [-9580476.2548, 5577082.720399998], [-9580498.5409, 5577041.0923999995], [-9580520.8267, 5576999.464500003], [-9580527.6413, 5576987.659500003], [-9580536.9159, 5576972.990099996], [-9580550.0154, 5576954.4777000025], [-9580560.3479, 5576941.355599999], [-9580573.5786, 5576926.117299996], [-9580585.161, 5576914.005900003], [-9580604.2325, 5576895.3596], [-9580616.7415, 5576884.438100003], [-9580640.0698, 5576866.4196000025], [-9580654.4356, 5576856.6633], [-9580668.1997, 5576848.170999996], [-9580682.638, 5576840.092699997], [-9580698.6373, 5576832.063199997], [-9580720.2486, 5576822.645900004], [-9580732.9526, 5576817.829499997], [-9580766.0129, 5576807.625299998], [-9580811.011, 5576796.424599998], [-9580856.0092, 5576785.2236], [-9580901.0073, 5576774.022600003], [-9580946.0052, 5576762.8213], [-9580991.0031, 5576751.619599998], [-9581041.2071, 5576739.165600002], [-9581091.411, 5576726.711199999], [-9581141.6147, 5576714.256499998], [-9581191.8182, 5576701.801700003], [-9581191.4779, 5576656.711800002], [-9581191.1376, 5576611.622199997], [-9581190.7974, 5576566.532799996], [-9581190.4571, 5576521.443499997], [-9581190.1168, 5576476.354500003], [-9581189.7766, 5576431.265799999], [-9581189.4363, 5576386.177299999], [-9581189.0961, 5576341.089000002], [-9581215.2654, 5576331.713200003], [-9581248.6116, 5576315.489600003], [-9581275.3091, 5576298.301200002], [-9581288.1691, 5576279.7487], [-9581298.6313, 5576252.3869], [-9581313.4392, 5576221.608599998], [-9581341.8636, 5576207.705799997], [-9581378.8175, 5576205.249700002], [-9581415.9606, 5576211.650300004], [-9581455.1818, 5576211.913999997], [-9581489.951, 5576210.612099998], [-9581517.0858, 5576213.904799998], [-9581545.8059, 5576213.840400003], [-9581581.0442, 5576208.6511999965], [-9581612.757, 5576193.569200002], [-9581631.4743, 5576176.329599999], [-9581642.35, 5576168.342], [-9581668.7904, 5576165.0035], [-9581703.031, 5576164.819700003], [-9581756.9852, 5576147.723999999], [-9581798.3692, 5576128.982799999], [-9581850.5081, 5576113.4597999975], [-9581889.385, 5576097.668700002], [-9581940.2175, 5576072.758599997], [-9581972.1422, 5576055.7852], [-9581998.9088, 5576041.9164], [-9582028.1566, 5576040.731399998], [-9582058.9063, 5576032.314499997], [-9582100.4716, 5576013.141800001], [-9582141.0157, 5575997.867700003], [-9582168.067, 5575997.283500001], [-9582193.9666, 5575994.508900002], [-9582215.8115, 5575982.960900001], [-9582234.0709, 5575958.7531], [-9582252.4014, 5575937.866499998], [-9582322.7011, 5575915.508500002], [-9582323.4945, 5575965.169799998], [-9582324.288, 5576014.831500001], [-9582325.0815, 5576064.4934], [-9582325.8749, 5576114.155500002], [-9582326.6684, 5576163.818099998], [-9582327.4619, 5576213.480800003], [-9582339.1396, 5576213.6263], [-9582379.774, 5576187.811099999], [-9582420.4082, 5576161.995700002], [-9582461.0421, 5576136.180200003], [-9582501.6757, 5576110.364699997], [-9582566.8313, 5576073.780500002], [-9582621.1993, 5576052.489500001], [-9582676.7283, 5576030.388499998], [-9582748.759, 5576012.185599998], [-9582801.5908, 5576003.952799998], [-9582854.4226, 5575995.719800003], [-9582890.4515, 5575989.376699999], [-9582933.4434, 5575981.807700001], [-9582976.4352, 5575974.238399997], [-9583019.427, 5575966.669], [-9583071.1963, 5575957.553900003], [-9583122.9655, 5575948.4384], [-9583174.7347, 5575939.3226], [-9583221.6182, 5575931.0669], [-9583268.5016, 5575922.810900003], [-9583315.3849, 5575914.554700002], [-9583362.2683, 5575906.298100002], [-9583409.1515, 5575898.041500002], [-9583456.0345, 5575889.784599997], [-9583499.2993, 5575882.604199998], [-9583542.5641, 5575875.423699997], [-9583558.6866, 5575872.889300004], [-9583574.8791, 5575870.848999999], [-9583591.1263, 5575869.3046], [-9583607.4124, 5575868.257700004], [-9583623.7229, 5575867.709200002], [-9583640.0426, 5575867.659599997], [-9583656.3562, 5575868.108999997], [-9583672.6484, 5575869.056900002], [-9583688.904, 5575870.502400003], [-9583705.109, 5575872.444300003], [-9583721.247, 5575874.8807], [-9583737.303, 5575877.809199996], [-9583737.4369, 5575877.8358], [-9583782.4706, 5575886.893100001], [-9583827.5044, 5575895.950199999], [-9583872.5383, 5575905.007100001], [-9583917.5722, 5575914.0638], [-9583970.4593, 5575924.702500001], [-9584023.3467, 5575935.340999998], [-9584022.9584, 5575888.351999998], [-9584022.5701, 5575841.363399997], [-9584022.1818, 5575794.375100002], [-9584021.7935, 5575747.386799999], [-9584021.4052, 5575700.398900002], [-9584021.0168, 5575653.4113000035], [-9584067.5954, 5575653.575800002], [-9584114.1741, 5575653.740199998], [-9584160.7527, 5575653.904200003], [-9584207.3314, 5575654.068000004], [-9584207.034, 5575712.248400003], [-9584206.7367, 5575770.428999998], [-9584254.7107, 5575770.5823], [-9584302.6846, 5575770.735299997], [-9584350.6586, 5575770.887900002], [-9584398.6325, 5575771.040399998], [-9584446.6065, 5575771.192699999], [-9584494.5804, 5575771.344499998], [-9584542.5544, 5575771.496200003], [-9584590.5282, 5575771.647600003], [-9584590.8632, 5575815.677900001], [-9584591.1981, 5575859.708300002], [-9584591.5329, 5575903.739100002], [-9584591.8678, 5575947.769900002], [-9584592.2027, 5575991.800899997], [-9584592.5375, 5576035.8323], [-9584638.5415, 5576041.0792], [-9584684.5454, 5576046.325999998], [-9584730.5493, 5576051.572499998], [-9584776.5534, 5576056.818899997], [-9584822.5576, 5576062.064900003], [-9584868.5617, 5576067.310699999], [-9584914.566, 5576072.556199998], [-9584959.9407, 5576077.7129999995], [-9585005.3154, 5576082.8697], [-9585050.6901, 5576088.026000001], [-9585096.065, 5576093.182099998], [-9585141.4399, 5576098.337899998], [-9585166.1494, 5576101.149099998], [-9585200.2272, 5576105.033299997], [-9585243.9547, 5576110.0173999965], [-9585287.6824, 5576115.001100004], [-9585331.41, 5576119.9846], [-9585375.1378, 5576124.968000002], [-9585418.8655, 5576129.951099999], [-9585464.1685, 5576135.113899998], [-9585509.4137, 5576140.2700999975], [-9585556.478, 5576145.633100003], [-9585575.6773, 5576147.820900001], [-9585582.3998, 5576148.291299999], [-9585589.1379, 5576148.181999996], [-9585595.8416, 5576147.494000003], [-9585602.4614, 5576146.232199997], [-9585607.137, 5576144.9771], [-9585611.7262, 5576143.435699999], [-9585647.2061, 5576130.3072], [-9585691.7653, 5576113.818599999], [-9585754.7118, 5576090.525700003], [-9585806.2586, 5576071.449299999], [-9585857.8052, 5576052.3728], [-9585871.5861, 5576047.4826000035], [-9585885.496, 5576042.972199999], [-9585899.5243, 5576038.844800003], [-9585913.6585, 5576035.1044000015], [-9585927.8899, 5576031.752999999], [-9585942.2079, 5576028.793300003], [-9585956.6003, 5576026.227600001], [-9585971.0576, 5576024.057700001], [-9585985.569, 5576022.2853000015], [-9586000.1227, 5576020.911799997], [-9586014.7085, 5576019.938100003], [-9586029.3156, 5576019.365000002], [-9586029.414, 5576019.362599999], [-9586079.7854, 5576018.100299999], [-9586130.1569, 5576016.8379999995], [-9586180.5283, 5576015.575300001], [-9586238.299, 5576014.126500003], [-9586237.1279, 5575979.462700002], [-9586235.7113, 5575937.531800002], [-9586330.6057, 5576011.809900001], [-9586348.9929, 5576026.202100001], [-9586387.142, 5576051.451800004], [-9586394.8661, 5576010.196500003], [-9586410.7914, 5576009.796499997], [-9586417.8044, 5575972.639899999], [-9586452.516, 5575999.258699998], [-9586457.3701, 5576002.738799997], [-9586461.2764, 5576005.9054000005], [-9586467.3399, 5576003.861199997], [-9586473.2168, 5576001.3301], [-9586478.8682, 5575998.329099998], [-9586484.7949, 5575994.498899996], [-9586490.3546, 5575990.1532000005], [-9586503.5441, 5575978.708700001], [-9586508.8676, 5575985.469999999], [-9586557.0316, 5575947.985200003], [-9586552.0139, 5575936.638599999], [-9586581.7662, 5575910.814400002], [-9586580.677, 5575906.875200003], [-9586580.158, 5575903.137599997], [-9586595.3423, 5575899.030699998], [-9586676.4798, 5575877.085000001], [-9586665.9524, 5575837.741400003], [-9586690.0205, 5575816.851300001], [-9586687.1907, 5575802.5446000025], [-9586723.145, 5575788.099299997], [-9586766.2704, 5575774.0249999985], [-9586750.8537, 5575716.543899998], [-9586735.4371, 5575659.063199997], [-9586721.7929, 5575616.453000002], [-9586708.1487, 5575573.843099996], [-9586694.5047, 5575531.233199999], [-9586653.4313, 5575544.317599997], [-9586612.3578, 5575557.401799999], [-9586598.5748, 5575515.784100004], [-9586584.7919, 5575474.166599996], [-9586626.2338, 5575460.806400001], [-9586667.6756, 5575447.446099997], [-9586654.4308, 5575406.082400002], [-9586613.6499, 5575346.939099997], [-9586646.6352, 5575317.325800002], [-9586679.6203, 5575287.7126], [-9586712.6052, 5575258.099299997], [-9586745.0417, 5575289.846699998], [-9586777.4785, 5575321.5940999985], [-9586809.9157, 5575353.341499999], [-9586842.3529, 5575385.0889], [-9586874.7904, 5575416.836300001], [-9586907.2281, 5575448.583700001], [-9586939.666, 5575480.331100002], [-9586972.1042, 5575512.078500003], [-9587004.5426, 5575543.825900003], [-9587037.0642, 5575515.5929000005], [-9587069.5855, 5575487.359899998], [-9587075.0411, 5575482.220799997], [-9587080.0765, 5575476.669299997], [-9587084.6607, 5575470.739799999], [-9587088.7654, 5575464.468800001], [-9587111.2739, 5575427.055799998], [-9587133.7822, 5575389.6428999975], [-9587156.2904, 5575352.230099998], [-9587178.7983, 5575314.817400001], [-9587201.3059, 5575277.404799998], [-9587205.4253, 5575270.557599999], [-9587223.8136, 5575239.992299996], [-9587244.518, 5575205.577], [-9587267.7075, 5575167.0298999995], [-9587290.8967, 5575128.483000003], [-9587312.8475, 5575091.994599998], [-9587314.0857, 5575089.9362], [-9587315.2834, 5575087.945299998], [-9587336.365, 5575052.899700001], [-9587358.6442, 5575015.863399997], [-9587386.1431, 5574970.158500001], [-9587413.6418, 5574924.453699999], [-9587441.1402, 5574878.7491], [-9587464.8445, 5574839.3451000005], [-9587488.5486, 5574799.941200003], [-9587512.2525, 5574760.5375000015], [-9587515.1604, 5574755.201800004], [-9587517.6503, 5574749.658799998], [-9587519.7076, 5574743.941], [-9587521.32, 5574738.082199998], [-9587533.0967, 5574688.740900002], [-9587544.1464, 5574642.445299998], [-9587555.1959, 5574596.1499999985], [-9587566.2454, 5574549.854999997], [-9587576.4415, 5574507.1347], [-9587586.6377, 5574464.414499998], [-9587590.0944, 5574451.031400003], [-9587594.0491, 5574437.786899999], [-9587598.4962, 5574424.699500002], [-9587603.4294, 5574411.7875000015], [-9587608.8401, 5574399.073600002], [-9587614.7226, 5574386.571000002], [-9587621.0688, 5574374.297200002], [-9587627.8697, 5574362.269400001], [-9587627.9754, 5574362.090599999], [-9587636.4826, 5574348.3926], [-9587645.5804, 5574335.079499997], [-9587655.2515, 5574322.176799998], [-9587665.4731, 5574309.714900002], [-9587676.23, 5574297.7119999975], [-9587687.5018, 5574286.191299997], [-9587687.6014, 5574286.093999997], [-9587697.0057, 5574277.217799999], [-9587706.7161, 5574268.677599996], [-9587716.7208, 5574260.483999997], [-9587727.0073, 5574252.647200003], [-9587737.5582, 5574245.180399999], [-9587748.3654, 5574238.089500003], [-9587759.4153, 5574231.383199997], [-9587770.6943, 5574225.069799997], [-9587782.184, 5574219.159699999], [-9587793.8748, 5574213.657799996], [-9587805.752, 5574208.571000002], [-9587817.8009, 5574203.905599996], [-9587830.0029, 5574199.668799996], [-9587842.3465, 5574195.864600003], [-9587854.8166, 5574192.497699998], [-9587867.3975, 5574189.5722], [-9587867.7309, 5574189.5009], [-9587914.8529, 5574179.475299999], [-9587961.9748, 5574169.4494], [-9588004.2506, 5574160.452799998], [-9588046.5262, 5574151.455899999], [-9588088.8016, 5574142.458899997], [-9588131.0771, 5574133.4617], [-9588173.3525, 5574124.4641999975], [-9588198.5889, 5574119.502599999], [-9588223.9655, 5574115.316500001], [-9588249.4568, 5574111.909900002], [-9588275.0406, 5574109.285899997], [-9588275.0724, 5574109.2831000015], [-9588323.4173, 5574105.071599998], [-9588371.7622, 5574100.859899998], [-9588420.1072, 5574096.648000002], [-9588468.4521, 5574092.435800001], [-9588518.4804, 5574088.055699997], [-9588568.5085, 5574083.675499998], [-9588618.5367, 5574079.2949], [-9588668.5647, 5574074.913999997], [-9588716.635, 5574070.715599999], [-9588764.7052, 5574066.516999997], [-9588812.7754, 5574062.318099998], [-9588860.8456, 5574058.118900001], [-9588908.9157, 5574053.919500001], [-9588990.3947, 5574046.799599998], [-9589043.5419, 5574042.155199997], [-9589096.6892, 5574037.510399997], [-9589111.804, 5574036.4016999975], [-9589126.9442, 5574035.7233000025], [-9589142.0976, 5574035.475699998], [-9589157.2519, 5574035.659100004], [-9589172.3948, 5574036.2733], [-9589187.5141, 5574037.317900002], [-9589202.5984, 5574038.792000003], [-9589217.6346, 5574040.694399998], [-9589232.6107, 5574043.023599997], [-9589247.5159, 5574045.777900003], [-9589262.3368, 5574048.954800002], [-9589277.0614, 5574052.551700003], [-9589277.1677, 5574052.5792], [-9589321.1443, 5574064.008699998], [-9589365.121, 5574075.438100003], [-9589409.0979, 5574086.867200002], [-9589453.0748, 5574098.296300001], [-9589474.2406, 5574103.543399997], [-9589495.5158, 5574108.3279], [-9589516.889, 5574112.6472999975], [-9589538.3513, 5574116.499700002], [-9589538.3648, 5574116.501900002], [-9589555.8402, 5574119.4476], [-9589608.3965, 5574128.307300001], [-9589660.9529, 5574137.166699998], [-9589713.5096, 5574146.025799997], [-9589766.0662, 5574154.884599999], [-9589838.5184, 5574155.977899998], [-9589885.6114, 5574156.688199997], [-9589932.7042, 5574157.3983], [-9589979.797, 5574158.108099997], [-9590026.89, 5574158.8178], [-9590073.9828, 5574159.527099997], [-9590121.0757, 5574160.236299999], [-9590170.7271, 5574160.983400002], [-9590220.3785, 5574161.7304000035], [-9590270.0297, 5574162.4771], [-9590319.6811, 5574163.223399997], [-9590369.3326, 5574163.969499998], [-9590403.6331, 5574164.4848000035], [-9590376.7524, 5574058.504699998], [-9590299.2692, 5573753.011699997], [-9590260.9911, 5573602.087899998], [-9590118.5789, 5573261.910599999], [-9590123.1282, 5573264.1853], [-9590128.3101, 5573267.028300002], [-9590136.1413, 5573268.864200003], [-9590144.9154, 5573270.567400001], [-9590154.4594, 5573270.467500001], [-9590175.9362, 5573268.495999999], [-9590190.1789, 5573262.771499999], [-9590212.2803, 5573246.961900003], [-9590228.9956, 5573231.273900002], [-9590237.4095, 5573205.864399999], [-9590235.01, 5573178.896499999], [-9590227.2453, 5573152.950400002], [-9590217.9053, 5573136.9476], [-9590198.5511, 5573114.8649], [-9590186.5584, 5573100.723399997], [-9590175.5045, 5573088.361699998], [-9590173.3675, 5573073.097599998], [-9590162.3735, 5573063.437100001], [-9590143.4008, 5573058.459600002], [-9590130.6317, 5573049.739600003], [-9590123.2896, 5573042.699000001], [-9590125.2474, 5573030.253300004], [-9590137.0896, 5573017.169], [-9590142.1137, 5573000.8434000015], [-9590139.8963, 5572981.978600003], [-9590131.4547, 5572965.955700003], [-9590118.1777, 5572956.997199997], [-9590097.8176, 5572947.796899997], [-9590077.0502, 5572942.8596], [-9590059.9541, 5572941.442500003], [-9590040.9414, 5572934.6642], [-9590034.3359, 5572920.401500002], [-9590020.3276, 5572896.397500001], [-9590003.9979, 5572875.752400003], [-9589991.6915, 5572861.874600001], [-9589984.2913, 5572846.471600004], [-9589983.2229, 5572830.218900003], [-9589981.4011, 5572811.8598000035], [-9589965.5369, 5572796.647], [-9589943.9349, 5572777.316600002], [-9589924.4332, 5572757.231799997], [-9589905.7472, 5572742.0823], [-9589884.0983, 5572720.6303], [-9589859.7063, 5572702.777999997], [-9589835.9894, 5572692.320600003], [-9589813.9021, 5572674.837099999], [-9589807.6133, 5572665.603100002], [-9589797.7292, 5572660.939499997], [-9589768.032, 5572642.098499998], [-9589748.5833, 5572630.120800003], [-9589736.3826, 5572626.338600002], [-9589729.2066, 5572621.432999998], [-9589723.6031, 5572607.631399997], [-9589714.3476, 5572599.986599997], [-9589702.9482, 5572598.212099999], [-9589684.7524, 5572597.3467999995], [-9589678.0037, 5572588.887199998], [-9589674.5386, 5572568.962300003], [-9589671.225, 5572567.516099997], [-9589649.1393, 5572561.925899997], [-9589611.3403, 5572541.997000001], [-9589551.6727, 5572521.857900001], [-9589551.6078, 5571808.788900003], [-9588981.5251, 5571801.169], [-9588980.5291, 5571517.732500002], [-9588421.7408, 5571220.209100001], [-9588421.7965, 5571156.2355], [-9588378.4104, 5571155.612199999], [-9588335.0244, 5571154.988799997], [-9588291.6382, 5571154.3649], [-9588248.2522, 5571153.741099998], [-9588248.9207, 5571106.509199999], [-9588249.5894, 5571059.2776999995], [-9588250.258, 5571012.046300001], [-9588250.9265, 5570964.815300003], [-9588251.5952, 5570917.584399998], [-9588252.2637, 5570870.353799999], [-9588188.0791, 5570869.306500003], [-9588123.8946, 5570868.258699998], [-9588124.8072, 5570803.8539], [-9588125.7197, 5570739.4494], [-9588061.5361, 5570738.4011999965], [-9587973.0428, 5570736.955200002], [-9587983.8481, 5570722.706100002], [-9587994.2311, 5570708.146399997], [-9588004.1829, 5570693.288599998], [-9588013.9051, 5570677.799699999], [-9588023.159, 5570662.026500002], [-9588031.9364, 5570645.9833], [-9588032.543, 5570644.833499998], [-9587866.7892, 5570639.2788999975], [-9587866.1928, 5570756.6664], [-9587825.0402, 5570755.976899996], [-9587771.5585, 5570755.080499999], [-9587772.3821, 5570697.108199999], [-9587773.2376, 5570636.897200003], [-9587627.4, 5570633.182499997], [-9587530.9099, 5570630.723399997], [-9587508.9001, 5570630.162299998], [-9587459.5112, 5570628.9032000005], [-9587410.1222, 5570627.643799998], [-9587360.7333, 5570626.383900002], [-9587311.3443, 5570625.123999998], [-9587310.6366, 5570701.456299998], [-9587310.1941, 5570749.182499997], [-9587309.7516, 5570796.9089], [-9587309.309, 5570844.635700002], [-9587308.7753, 5570902.1888], [-9587265.795, 5570901.533], [-9587222.8147, 5570900.877099998], [-9587179.8346, 5570900.221000001], [-9587132.3073, 5570899.565800004], [-9587084.7802, 5570898.910499997], [-9587037.253, 5570898.254799999], [-9586989.7259, 5570897.598999999], [-9586942.1988, 5570896.9428], [-9586894.6716, 5570896.286499999], [-9586847.1446, 5570895.629799999], [-9586799.6174, 5570894.972900003], [-9586752.0903, 5570894.315700002], [-9586714.1329, 5570867.843599997], [-9586676.1758, 5570841.371399999], [-9586638.2188, 5570814.8989999965], [-9586600.2621, 5570788.426600002], [-9586562.3057, 5570761.9542], [-9586524.3493, 5570735.4815], [-9586486.3932, 5570709.008900002], [-9586448.4373, 5570682.536200002], [-9586410.4818, 5570656.063199997], [-9586372.5264, 5570629.590400003], [-9586334.5712, 5570603.117399998], [-9586287.4251, 5570602.241400003], [-9586240.279, 5570601.365199998], [-9586193.1328, 5570600.488700002], [-9586145.9867, 5570599.612000003], [-9586098.8407, 5570598.734999999], [-9586051.6945, 5570597.857799999], [-9586004.5484, 5570596.980499998], [-9585957.4024, 5570596.102799997], [-9585910.2563, 5570595.224799998], [-9585862.614, 5570594.337300003], [-9585814.9719, 5570593.449699998], [-9585767.3296, 5570592.561899997], [-9585719.6873, 5570591.673600003], [-9585672.0451, 5570590.7852], [-9585624.4029, 5570589.896499999], [-9585625.4179, 5570542.674000002], [-9585626.4328, 5570495.451899998], [-9585627.4478, 5570448.2299000025], [-9585628.4626, 5570401.008100003], [-9585629.4775, 5570353.786600001], [-9585630.4925, 5570306.565300003], [-9585631.5073, 5570259.344300002], [-9585632.5223, 5570212.123499997], [-9585633.5371, 5570164.9032000005], [-9585590.0123, 5570163.965400003], [-9585546.4877, 5570163.027599998], [-9585502.963, 5570162.089500003], [-9585459.4382, 5570161.1511999965], [-9585415.9136, 5570160.212700002], [-9585372.3889, 5570159.2739999965], [-9585328.8642, 5570158.335000001], [-9585285.3397, 5570157.395900004], [-9585241.815, 5570156.456600003], [-9585198.2903, 5570155.517099999], [-9585154.7656, 5570154.577299997], [-9585111.2411, 5570153.6373], [-9585067.7165, 5570152.6972], [-9585024.857, 5570141.089000002], [-9584981.9977, 5570129.480700001], [-9584939.1384, 5570117.872100003], [-9584896.2794, 5570106.263400003], [-9584853.4203, 5570094.6543999985], [-9584810.5613, 5570083.045400001], [-9584767.7026, 5570071.4362], [-9584724.8439, 5570059.8266], [-9584681.9854, 5570048.217100002], [-9584639.1269, 5570036.6071000025], [-9584596.2685, 5570024.997100003], [-9584553.4103, 5570013.386799999], [-9584510.5521, 5570001.776500002], [-9584472.4827, 5569981.8434000015], [-9584434.4134, 5569961.909999996], [-9584396.3443, 5569941.9767], [-9584358.2754, 5569922.043300003], [-9584320.2066, 5569902.109700002], [-9584282.1381, 5569882.175899997], [-9584244.0696, 5569862.2421], [-9584206.0014, 5569842.308200002], [-9584167.9333, 5569822.374200001], [-9584129.8654, 5569802.439900003], [-9584091.7976, 5569782.505599998], [-9584053.7301, 5569762.571199998], [-9584015.6626, 5569742.636699997], [-9583977.5954, 5569722.702], [-9583939.5283, 5569702.767200001], [-9583905.9552, 5569668.628300004], [-9583872.3826, 5569634.489500001], [-9583838.8101, 5569600.350599997], [-9583805.2378, 5569566.211800002], [-9583771.6659, 5569532.072899997], [-9583738.0943, 5569497.934100002], [-9583704.5227, 5569463.795199998], [-9583670.9515, 5569429.656300001], [-9583621.324, 5569428.981899999], [-9583571.6966, 5569428.3072], [-9583522.0691, 5569427.632200003], [-9583472.4417, 5569426.956900001], [-9583422.8143, 5569426.281400003], [-9583373.1868, 5569425.605599999], [-9583327.4991, 5569424.9833], [-9583281.8113, 5569424.360600002], [-9583236.1237, 5569423.7377], [-9583190.436, 5569423.114699997], [-9583144.7483, 5569422.491300002], [-9583099.0605, 5569421.867799997], [-9583098.8495, 5569466.514600001], [-9583098.6385, 5569511.161600001], [-9583098.4274, 5569555.808899999], [-9583049.5386, 5569555.245899998], [-9583000.6498, 5569554.682800002], [-9582951.761, 5569554.119400002], [-9582902.8723, 5569553.555699997], [-9582853.9835, 5569552.991700001], [-9582805.0947, 5569552.427599996], [-9582761.6218, 5569551.999200001], [-9582718.1488, 5569551.570600003], [-9582674.6759, 5569551.1417], [-9582631.203, 5569550.712700002], [-9582587.7301, 5569550.283500001], [-9582544.2573, 5569549.854000002], [-9582500.7843, 5569549.424400002], [-9582457.3115, 5569548.994499996], [-9582413.8385, 5569548.564400002], [-9582370.3657, 5569548.134099998], [-9582326.8929, 5569547.703599997], [-9582283.4199, 5569547.2729], [-9582239.9471, 5569546.842], [-9582240.0843, 5569501.262599997], [-9582240.2215, 5569455.683399998], [-9582240.3587, 5569410.104500003], [-9582197.5318, 5569409.8684], [-9582154.7049, 5569409.632100001], [-9582111.878, 5569409.3957], [-9582069.0511, 5569409.159000002], [-9582026.2241, 5569408.921999998], [-9581983.3972, 5569408.684900001], [-9581940.5703, 5569408.447700001], [-9581897.7434, 5569408.210100003], [-9581854.9166, 5569407.972400002], [-9581812.0897, 5569407.734399997], [-9581769.2627, 5569407.496299997], [-9581726.4358, 5569407.258000001], [-9581683.6089, 5569407.019500002], [-9581637.444, 5569406.763999999], [-9581591.279, 5569406.508400001], [-9581545.1141, 5569406.252400003], [-9581498.9491, 5569405.996200003], [-9581452.7843, 5569405.7399], [-9581406.6194, 5569405.483199999], [-9581360.4545, 5569405.226300001], [-9581314.2895, 5569404.969300002], [-9581268.1246, 5569404.711900003], [-9581221.9597, 5569404.454300001], [-9581175.7947, 5569404.196500003], [-9581129.6298, 5569403.9384], [-9581098.7432, 5569370.950000003], [-9581067.8567, 5569337.961800002], [-9581036.9706, 5569304.973399997], [-9581006.0845, 5569271.985200003], [-9580975.1988, 5569238.9969], [-9580944.3132, 5569206.008599997], [-9580913.4278, 5569173.020400003], [-9580882.5428, 5569140.0320999995], [-9580851.6578, 5569107.043799996], [-9580831.1675, 5569060.069899999], [-9580810.6773, 5569013.0961000025], [-9580790.1873, 5568966.122699998], [-9580771.4897, 5568923.2575], [-9580752.7922, 5568880.392700002], [-9580734.0948, 5568837.527999997], [-9580670.5838, 5568836.331799999], [-9580607.0728, 5568835.1351], [-9580576.2414, 5568836.006499998], [-9580576.2848, 5568792.3451000005], [-9580576.328, 5568748.684], [-9580576.3713, 5568705.023000002], [-9580576.4146, 5568661.362199999], [-9580576.4578, 5568617.7016], [-9580576.5012, 5568574.041299999], [-9580576.5445, 5568530.381099999], [-9580576.5877, 5568486.721199997], [-9580576.631, 5568443.061499998], [-9580576.6744, 5568399.402000003], [-9580576.7177, 5568355.742600001], [-9580576.7609, 5568312.083499998], [-9580576.8042, 5568268.424699999], [-9580622.954, 5568268.405599996], [-9580669.1038, 5568268.386200003], [-9580715.2537, 5568268.366599999], [-9580761.4034, 5568268.3467999995], [-9580807.5532, 5568268.326800004], [-9580853.703, 5568268.306500003], [-9580899.8528, 5568268.285899997], [-9580946.0027, 5568268.2651999965], [-9580992.1524, 5568268.244199999], [-9581038.3022, 5568268.222900003], [-9581084.452, 5568268.201499999], [-9581130.6019, 5568268.179799996], [-9581161.3453, 5568300.038699999], [-9581192.089, 5568331.8977999985], [-9581222.833, 5568363.756700002], [-9581253.5771, 5568395.615699999], [-9581284.3214, 5568427.474799998], [-9581315.0661, 5568459.333700001], [-9581345.8108, 5568491.1928], [-9581376.5558, 5568523.051799998], [-9581407.3011, 5568554.910899997], [-9581438.0465, 5568586.769900002], [-9581468.7921, 5568618.628899999], [-9581499.538, 5568650.4881], [-9581530.2841, 5568682.347099997], [-9581561.0303, 5568714.206200004], [-9581591.777, 5568746.065300003], [-9581622.5236, 5568777.924400002], [-9581653.2705, 5568809.783500001], [-9581684.0178, 5568841.6426], [-9581683.9855, 5568886.325300001], [-9581683.9532, 5568931.008400001], [-9581683.9209, 5568975.691600002], [-9581726.9107, 5568976.179300003], [-9581769.9006, 5568976.6668], [-9581812.8906, 5568977.153999999], [-9581855.8805, 5568977.641099997], [-9581898.8703, 5568978.127999999], [-9581941.8603, 5568978.614799999], [-9581984.8502, 5568979.101199999], [-9582027.8401, 5568979.5874999985], [-9582070.8301, 5568980.0735], [-9582113.82, 5568980.559299998], [-9582156.81, 5568981.045000002], [-9582199.7999, 5568981.5304000005], [-9582242.7898, 5568982.015600003], [-9582288.0289, 5568982.618699998], [-9582333.2681, 5568983.221299998], [-9582378.5072, 5568983.823899999], [-9582423.7463, 5568984.426100001], [-9582468.9853, 5568985.028300002], [-9582514.2245, 5568985.630199999], [-9582524.488, 5568978.113799997], [-9582581.0758, 5568931.224600002], [-9582650.3732, 5568891.118699998], [-9582722.9043, 5568851.431699999], [-9582806.6175, 5568852.641400002], [-9582850.3644, 5568853.273100004], [-9582894.1115, 5568853.904700004], [-9582937.8584, 5568854.535999998], [-9582981.6054, 5568855.167099997], [-9583025.3523, 5568855.797899999], [-9583069.0994, 5568856.428599998], [-9583112.8464, 5568857.059], [-9583156.5934, 5568857.689300001], [-9583200.3404, 5568858.319399998], [-9583244.0875, 5568858.949199997], [-9583287.8344, 5568859.5788], [-9583331.5815, 5568860.208300002], [-9583375.3285, 5568860.8374999985], [-9583419.0756, 5568861.466499999], [-9583462.8228, 5568862.095200002], [-9583506.5699, 5568862.7238000035], [-9583550.3169, 5568863.352300003], [-9583594.064, 5568863.9804000035], [-9583637.8112, 5568864.608400002], [-9583681.5583, 5568865.236100003], [-9583725.3054, 5568865.863600001], [-9583769.0525, 5568866.490900002], [-9583812.7997, 5568867.117899999], [-9583856.5469, 5568867.744800001], [-9583900.2939, 5568868.3715], [-9583944.0411, 5568868.997900002], [-9583944.3045, 5568820.308799997], [-9583944.5681, 5568771.619900003], [-9583944.8314, 5568722.931199998], [-9583945.0948, 5568674.242899999], [-9583945.3584, 5568625.554700002], [-9583945.6218, 5568576.866999999], [-9583915.3745, 5568546.168399997], [-9583885.1274, 5568515.469800003], [-9583854.8804, 5568484.7711], [-9583824.6337, 5568454.072499998], [-9583794.3872, 5568423.373800002], [-9583764.1408, 5568392.6752], [-9583733.8947, 5568361.976599999], [-9583703.6489, 5568331.277900003], [-9583673.4031, 5568300.579300001], [-9583703.4752, 5568269.4733000025], [-9583733.547, 5568238.3671], [-9583763.6188, 5568207.261100002], [-9583793.6901, 5568176.1548999995], [-9583823.7613, 5568145.048900001], [-9583853.8324, 5568113.942900002], [-9583883.9032, 5568082.836800002], [-9583913.9739, 5568051.730800003], [-9583944.0443, 5568020.624799997], [-9583977.3626, 5568052.686399996], [-9584010.6812, 5568084.747900002], [-9584044.0, 5568116.8094], [-9584077.319, 5568148.871100001], [-9584110.6384, 5568180.932599999], [-9584143.9579, 5568212.994099997], [-9584177.2776, 5568245.055600002], [-9584210.5975, 5568277.1171], [-9584243.9178, 5568309.1787], [-9584282.7514, 5568329.334200002], [-9584321.5853, 5568349.489699997], [-9584360.4192, 5568369.644900002], [-9584399.2533, 5568389.8002], [-9584438.0876, 5568409.955200002], [-9584476.9221, 5568430.110100001], [-9584515.7568, 5568450.265000001], [-9584546.1537, 5568481.293700002], [-9584576.551, 5568512.322400004], [-9584606.9484, 5568543.3510000035], [-9584637.3461, 5568574.379699998], [-9584667.7439, 5568605.408399999], [-9584698.142, 5568636.437100001], [-9584728.5403, 5568667.465899996], [-9584758.9388, 5568698.494599998], [-9584789.3373, 5568729.523199998], [-9584819.7363, 5568760.551899999], [-9584850.1354, 5568791.580700003], [-9584880.5347, 5568822.609399997], [-9584910.9342, 5568853.6382], [-9584941.3339, 5568884.6669000015], [-9584986.5263, 5568885.7304000035], [-9585031.7186, 5568886.7936], [-9585076.9108, 5568887.8565], [-9585077.2654, 5568934.690200001], [-9585077.62, 5568981.5242], [-9585077.9745, 5569028.3583], [-9585078.3291, 5569075.192699999], [-9585078.6837, 5569122.027400002], [-9585079.0383, 5569168.862199999], [-9585078.0006, 5569215.998099998], [-9585076.963, 5569263.134300001], [-9585075.9255, 5569310.2707], [-9585074.8879, 5569357.407300003], [-9585073.8503, 5569404.544100001], [-9585072.8128, 5569451.681299999], [-9585072.4711, 5569498.668300003], [-9585072.1296, 5569545.6554000005], [-9585071.7879, 5569592.6428999975], [-9585071.4464, 5569639.630500004], [-9585071.1047, 5569686.618500002], [-9585070.7632, 5569733.606600001], [-9585118.1438, 5569734.212200001], [-9585165.5244, 5569734.817500003], [-9585212.9051, 5569735.422600001], [-9585260.2857, 5569736.027400002], [-9585307.6663, 5569736.631899998], [-9585355.047, 5569737.236299999], [-9585375.3272, 5569697.464000002], [-9585395.6071, 5569657.691799998], [-9585415.8869, 5569617.919799998], [-9585436.1666, 5569578.1477999985], [-9585456.4459, 5569538.376100004], [-9585476.7252, 5569498.6044000015], [-9585497.0042, 5569458.832900003], [-9585517.2832, 5569419.061499998], [-9585537.562, 5569379.2902000025], [-9585557.8404, 5569339.519100003], [-9585578.1188, 5569299.748000003], [-9585598.3969, 5569259.9772000015], [-9585618.675, 5569220.2064], [-9585638.9529, 5569180.435800001], [-9585682.3443, 5569181.255199999], [-9585725.7359, 5569182.0744], [-9585769.1275, 5569182.8935], [-9585812.519, 5569183.712099999], [-9585855.9106, 5569184.530699998], [-9585899.3022, 5569185.349100001], [-9585942.6937, 5569186.167300001], [-9585986.0853, 5569186.985299997], [-9586029.4769, 5569187.803099997], [-9586072.8686, 5569188.6206], [-9586116.2602, 5569189.438000001], [-9586159.6519, 5569190.255000003], [-9586203.0434, 5569191.071900003], [-9586202.68, 5569238.0484], [-9586202.3165, 5569285.0251], [-9586201.953, 5569332.001900002], [-9586201.5895, 5569378.979199998], [-9586201.226, 5569425.956500001], [-9586200.8626, 5569472.934100002], [-9586246.7788, 5569473.788699999], [-9586292.695, 5569474.643100001], [-9586338.6112, 5569475.497299999], [-9586373.5657, 5569511.361599997], [-9586408.5205, 5569547.2260000035], [-9586443.4755, 5569583.090400003], [-9586478.431, 5569618.954700001], [-9586513.4106, 5569654.817500003], [-9586548.3903, 5569690.680399999], [-9586583.3705, 5569726.543200001], [-9586618.3509, 5569762.406099997], [-9586638.6427, 5569803.091200002], [-9586658.9346, 5569843.776500002], [-9586679.2266, 5569884.461900003], [-9586699.519, 5569925.147500001], [-9586719.8115, 5569965.8332], [-9586740.1042, 5570006.519000001], [-9586760.3971, 5570047.204999998], [-9587315.0002, 5570062.103], [-9587855.4953, 5570076.590099998], [-9587869.6058, 5570076.967699997], [-9587881.1702, 5570077.2773], [-9588052.2641, 5570081.931199998], [-9588700.7378, 5570379.82], [-9588699.9589, 5570660.447499998], [-9588978.6328, 5570950.8935], [-9589265.3218, 5571099.190800004], [-9589551.527, 5571105.771899998], [-9589837.776, 5571109.577], [-9590123.7515, 5571249.530299999], [-9590392.3232, 5571520.750600003], [-9590408.1433, 5571536.726199999], [-9590451.7536, 5571624.853299998], [-9590483.5068, 5571649.449699998], [-9590515.0052, 5571677.853399999], [-9590537.1156, 5571697.791500002], [-9590556.702, 5571743.998899996], [-9590556.9825, 5571822.139799997], [-9590549.3337, 5571822.038400002], [-9590404.1163, 5572387.031199999], [-9590524.5173, 5573034.995999999], [-9590532.7397, 5573077.002700001], [-9590543.2574, 5573120.719899997], [-9590553.7751, 5573164.437100001], [-9590564.2929, 5573208.154700004], [-9590574.8107, 5573251.872400001], [-9590585.3287, 5573295.590400003], [-9590595.8469, 5573339.308499999], [-9590606.3651, 5573383.026900001], [-9590616.8834, 5573426.745499998], [-9590685.1404, 5573608.294299997], [-9590786.1817, 5573852.824000001], [-9590840.6947, 5573984.747400001], [-9590866.6614, 5574022.396600001], [-9590892.6284, 5574060.0458], [-9590918.5957, 5574097.695100002], [-9590944.5631, 5574135.344300002], [-9590970.5309, 5574172.993799999], [-9590970.1974, 5574249.311399996], [-9590970.734, 5574324.501100004], [-9591010.4417, 5574327.689199999], [-9591054.3024, 5574331.2104], [-9591098.1631, 5574334.731399998], [-9591142.0239, 5574338.252099998], [-9591185.8847, 5574341.772699997], [-9591185.9523, 5574341.777400002], [-9591202.2042, 5574342.562899999], [-9591218.4748, 5574342.647399999], [-9591234.734, 5574342.030699998], [-9591253.3702, 5574341.109899998], [-9591296.7426, 5574338.966799997], [-9591340.115, 5574336.8235], [-9591383.4873, 5574334.68], [-9591426.8596, 5574332.5363000035], [-9591470.232, 5574330.392300002], [-9591516.7956, 5574328.114], [-9591563.3592, 5574325.835500002], [-9591609.9229, 5574323.556599997], [-9591656.4864, 5574321.277599998], [-9591703.0499, 5574318.998300001], [-9591749.6135, 5574316.718800001], [-9591796.177, 5574314.439000003], [-9591843.2923, 5574293.2029], [-9591854.0438, 5574288.357000001], [-9591884.1319, 5574274.0647], [-9591883.7339, 5574321.855300002], [-9591883.3357, 5574369.645999998], [-9591882.9375, 5574417.436899997], [-9591882.5394, 5574465.228100002], [-9591882.1413, 5574513.019699998], [-9591892.5691, 5574507.993199997], [-9591939.8542, 5574485.200000003], [-9591987.139, 5574462.406900004], [-9592028.7218, 5574442.362099998], [-9592034.4227, 5574439.731399998], [-9592045.8215, 5574435.0874999985], [-9592057.4795, 5574431.138800003], [-9592069.3541, 5574427.899599999], [-9592081.4023, 5574425.381700002], [-9592081.6373, 5574425.340099998], [-9592093.2849, 5574423.629299998], [-9592105.0117, 5574422.593099996], [-9592116.7788, 5574422.234899998], [-9592128.5469, 5574422.556000002], [-9592128.7553, 5574422.5678], [-9592137.9107, 5574423.298699997], [-9592147.024, 5574424.440800004], [-9592156.0767, 5574425.991899997], [-9592175.7902, 5574429.798], [-9592222.8099, 5574438.875699997], [-9592266.2231, 5574447.256499998], [-9592309.6365, 5574455.637199998], [-9592353.0499, 5574464.017499998], [-9592396.4633, 5574472.3977999985], [-9592439.8769, 5574480.777800001], [-9592483.2907, 5574489.157499999], [-9592532.1668, 5574498.5911], [-9592560.2332, 5574503.683200002], [-9592577.3887, 5574506.465499997], [-9592594.5819, 5574509.004699998], [-9592638.6072, 5574515.168200001], [-9592703.9122, 5574524.3103], [-9592770.6016, 5574533.645800002], [-9592824.6977, 5574541.219400004], [-9592884.9847, 5574549.6624], [-9592932.8975, 5574556.371699996], [-9592980.8106, 5574563.080799997], [-9593028.7236, 5574569.7897000015], [-9593099.5577, 5574579.702100001], [-9593162.0332, 5574588.444300003], [-9593231.3697, 5574598.1461], [-9593235.7586, 5574598.7601], [-9593255.9603, 5574601.010700002], [-9593276.2147, 5574602.724600002], [-9593296.5074, 5574603.9004999995], [-9593316.8241, 5574604.537600003], [-9593316.9, 5574604.538999997], [-9593349.9902, 5574605.613499999], [-9593428.2321, 5574608.153499998], [-9593504.9269, 5574610.642700002], [-9593556.0343, 5574612.301200002], [-9593567.876, 5574612.860399999], [-9593583.1743, 5574614.147], [-9593598.4063, 5574616.065700002], [-9593613.5458, 5574618.613200001], [-9593628.5668, 5574621.7852], [-9593643.4437, 5574625.576300003], [-9593643.7074, 5574625.649400003], [-9593687.8386, 5574637.9684000015], [-9593731.9698, 5574650.287299998], [-9593776.1011, 5574662.605899997], [-9593820.2325, 5574674.924400002], [-9593879.1246, 5574691.3627], [-9593938.017, 5574707.8006], [-9593941.7039, 5574708.829599999], [-9593997.5917, 5574721.979999997], [-9593997.734, 5574677.951200001], [-9593997.8762, 5574633.922600001], [-9593998.0185, 5574589.894199997], [-9593998.1607, 5574545.8662], [-9593998.3031, 5574501.838200003], [-9593998.4454, 5574457.810400002], [-9593998.5876, 5574413.782899998], [-9593998.7299, 5574369.7557], [-9593998.8721, 5574325.728600003], [-9593999.0144, 5574281.701700002], [-9593999.1566, 5574237.675099999], [-9593955.0145, 5574237.156999998], [-9593910.8723, 5574236.638599999], [-9593866.7302, 5574236.120200001], [-9593822.588, 5574235.601400003], [-9593778.4459, 5574235.0823], [-9593734.3037, 5574234.563199997], [-9593707.2081, 5574208.190899998], [-9593666.3583, 5574168.431100003], [-9593625.509, 5574128.671499997], [-9593600.0471, 5574103.888700001], [-9593574.7788, 5574079.294], [-9593549.6864, 5574054.870499998], [-9593524.7547, 5574030.6032000035], [-9593509.025, 5574015.292800002], [-9593497.9148, 5574009.947300002], [-9593490.7119, 5574006.481700003], [-9593478.7596, 5574003.182099998], [-9593468.5777, 5573992.561499998], [-9593465.0733, 5573988.906000003], [-9593458.0983, 5573969.415299997], [-9593448.6598, 5573961.462099999], [-9593442.9622, 5573956.6611], [-9593422.2279, 5573945.821099997], [-9593414.2413, 5573934.094400004], [-9593411.2188, 5573927.456699997], [-9593403.6851, 5573910.911799997], [-9593451.9457, 5573864.813100003], [-9593474.3659, 5573843.397100002], [-9593460.4123, 5573766.353600003], [-9593467.0107, 5573719.797499999], [-9593432.8064, 5573719.498599999], [-9593433.5707, 5573705.349699996], [-9593433.827, 5573651.693499997], [-9593434.0833, 5573598.037600003], [-9593434.3395, 5573544.382200003], [-9593434.5958, 5573490.726899996], [-9593435.1424, 5573443.3411], [-9593435.6889, 5573395.955700003], [-9593436.2354, 5573348.5704], [-9593436.7819, 5573301.1853], [-9593436.6798, 5573257.1000000015], [-9593436.5777, 5573213.014700003], [-9593436.4755, 5573168.929799996], [-9593436.3735, 5573124.844899997], [-9593437.0166, 5573079.820200004], [-9593437.6599, 5573034.7958], [-9593438.3031, 5572989.771499999], [-9593438.9463, 5572944.747400001], [-9593439.5895, 5572899.723700002], [-9593440.2327, 5572854.700000003], [-9593440.8759, 5572809.676600002], [-9593441.5191, 5572764.653499998], [-9593442.1622, 5572719.630599998], [-9593484.979, 5572720.3352999985], [-9593527.7958, 5572721.039899997], [-9593571.2973, 5572721.739299998], [-9593614.799, 5572722.438600004], [-9593658.3005, 5572723.137599997], [-9593701.802, 5572723.836400002], [-9593745.3035, 5572724.5348000005], [-9593788.8051, 5572725.233199999], [-9593832.3066, 5572725.931400001], [-9593875.8081, 5572726.629299998], [-9593919.3097, 5572727.327100001], [-9593962.8114, 5572728.024599999], [-9593991.3656, 5572728.482299998], [-9594006.313, 5572728.721900001], [-9594051.6712, 5572729.450599998], [-9594097.0294, 5572730.178900003], [-9594102.785, 5572730.271300003], [-9594135.6196, 5572730.798600003], [-9594147.2986, 5572730.986400001], [-9594174.2096, 5572731.418799996], [-9594180.684, 5572731.5229], [-9594212.7999, 5572732.0396], [-9594217.9214, 5572732.1219], [-9594255.6002, 5572732.727499999], [-9594298.4005, 5572733.415299997], [-9594352.1408, 5572734.276100002], [-9594405.8811, 5572735.136600003], [-9594444.4579, 5572735.754100002], [-9594459.9221, 5572736.001599997], [-9594513.9631, 5572736.8662], [-9594568.004, 5572737.730700001], [-9594611.7817, 5572737.254500002], [-9594655.5593, 5572736.777999997], [-9594699.337, 5572736.301399998], [-9594743.1146, 5572735.824600004], [-9594786.8923, 5572735.347499996], [-9594830.6699, 5572734.870200001], [-9594874.4476, 5572734.3928999975], [-9594918.2252, 5572733.9152000025], [-9594962.0029, 5572733.437200002], [-9595005.7804, 5572732.959100001], [-9595048.5877, 5572732.481799997], [-9595091.395, 5572732.004299998], [-9595134.2024, 5572731.526600003], [-9595138.0402, 5572731.493500002], [-9595166.0801, 5572731.251699999], [-9595239.293, 5572730.6197], [-9595282.1032, 5572730.2465], [-9595324.9135, 5572729.866800003], [-9595367.7238, 5572729.487000003], [-9595399.8314, 5572729.202], [-9595443.2891, 5572728.815899998], [-9595486.7467, 5572728.429700002], [-9595530.2044, 5572728.042999998], [-9595573.662, 5572727.656400003], [-9595617.1197, 5572727.269400001], [-9595660.5773, 5572726.882200003], [-9595699.2848, 5572726.537199996], [-9595699.5717, 5572771.6467999965], [-9595699.8587, 5572816.7566], [-9595700.1458, 5572861.866700001], [-9595700.4327, 5572906.9771], [-9595700.7196, 5572952.0876], [-9595701.0066, 5572997.198299997], [-9595701.2936, 5573042.309199996], [-9595701.5807, 5573087.420500003], [-9595701.8676, 5573132.531900004], [-9595701.9341, 5573177.941299997], [-9595702.0005, 5573223.350900002], [-9595702.067, 5573268.760700002], [-9595701.5551, 5573325.317699999], [-9595701.0431, 5573381.875100002], [-9595700.5312, 5573438.432899997], [-9595700.9631, 5573489.745899998], [-9595701.3951, 5573541.059100002], [-9595701.8271, 5573592.372500002], [-9595702.2591, 5573643.686300002], [-9595702.6909, 5573695.000500001], [-9595702.7544, 5573738.268399999], [-9595702.8177, 5573781.536600001], [-9595702.881, 5573824.805200003], [-9595702.9443, 5573868.073799998], [-9595703.0076, 5573911.342600003], [-9595703.071, 5573954.611599997], [-9595703.1344, 5573997.880800001], [-9595703.1977, 5574041.150300004], [-9595703.2611, 5574084.420000002], [-9595703.3244, 5574127.689800002], [-9595703.3877, 5574170.9597999975], [-9595703.451, 5574214.2302], [-9595703.5145, 5574257.500600003], [-9595703.5808, 5574302.801200002], [-9595703.6472, 5574348.101899996], [-9595703.7135, 5574393.402800001], [-9595703.7799, 5574438.7042], [-9595703.8462, 5574484.005599998], [-9595703.9125, 5574529.3072], [-9595703.9789, 5574574.609099999], [-9595704.0452, 5574619.911200002], [-9595704.1116, 5574665.213500001], [-9595704.1779, 5574710.516099997], [-9595704.2443, 5574755.818899997], [-9595704.3106, 5574801.1219], [-9595704.3768, 5574846.425099999], [-9595704.4432, 5574891.728500001], [-9595704.5095, 5574937.032200001], [-9595704.5759, 5574982.336199999], [-9595704.6422, 5575027.640299998], [-9595742.6908, 5575040.855499998], [-9595788.8956, 5575057.3543], [-9595835.1007, 5575073.852899998], [-9595881.306, 5575090.351199999], [-9595927.5113, 5575106.849299997], [-9595973.7169, 5575123.347099997], [-9596016.7244, 5575138.703000002], [-9596059.7321, 5575154.058700003], [-9596079.3634, 5575161.0678], [-9596126.0806, 5575173.386100002], [-9596172.7979, 5575185.7042], [-9596219.5152, 5575198.022], [-9596266.2327, 5575210.3396999985], [-9596266.2587, 5575255.7689], [-9596266.2847, 5575301.198299997], [-9596266.3107, 5575346.627899997], [-9596266.3368, 5575392.057700001], [-9596265.6863, 5575435.073700003], [-9596265.0359, 5575478.090000004], [-9596264.3854, 5575521.106399998], [-9596263.735, 5575564.123099998], [-9596263.0845, 5575607.139899999], [-9596262.434, 5575650.156900004], [-9596261.7835, 5575693.174199998], [-9596261.1332, 5575736.191600002], [-9596260.4827, 5575779.2092999965], [-9596259.8322, 5575822.2271], [-9596259.1817, 5575865.245300002], [-9596258.5312, 5575908.263499998], [-9596257.8807, 5575951.281999998], [-9596257.2239, 5575994.715999998], [-9596256.567, 5576038.150399998], [-9596255.9101, 5576081.584899999], [-9596255.2533, 5576125.019699998], [-9596254.5965, 5576168.454499997], [-9596253.9396, 5576211.889700003], [-9596253.2827, 5576255.325099997], [-9596252.6259, 5576298.760700002], [-9596251.969, 5576342.196500003], [-9596251.312, 5576385.632399999], [-9596250.6552, 5576429.068599999], [-9596249.9983, 5576472.505000003], [-9596261.7666, 5576514.401299998], [-9596273.5351, 5576556.297499999], [-9596285.3036, 5576598.1941], [-9596297.0723, 5576640.090899996], [-9596308.8411, 5576681.9877], [-9596320.61, 5576723.884800002], [-9596332.3789, 5576765.7820999995], [-9596344.1481, 5576807.6796], [-9596355.9173, 5576849.577100001], [-9596367.6866, 5576891.4750000015], [-9596379.456, 5576933.373000003], [-9596391.2256, 5576975.270999998], [-9596402.9952, 5577017.169399999], [-9596378.58, 5577023.752800003], [-9596362.7695, 5577028.763800003], [-9596343.8144, 5577034.465899996], [-9596337.9891, 5577036.7839], [-9596323.6097, 5577042.280000001], [-9596288.4688, 5577053.871399999], [-9596273.0986, 5577058.152599998], [-9596235.3095, 5577068.104000002], [-9596187.7797, 5577081.877300002], [-9596139.1454, 5577096.343500003], [-9596090.511, 5577110.809600003], [-9596081.2708, 5577113.439199999], [-9596038.9147, 5577125.104000002], [-9596012.333, 5577131.733800001], [-9595982.6187, 5577137.549099997], [-9595961.5532, 5577145.754299998], [-9595926.4114, 5577157.3445999995], [-9595899.6331, 5577164.501900002], [-9595853.3697, 5577175.6558], [-9595847.5407, 5577177.028399996], [-9595806.2002, 5577186.531800002], [-9595802.9852, 5577187.260899998], [-9595794.977, 5577188.991400003], [-9595787.1551, 5577191.924800001], [-9595752.0129, 5577203.514300004], [-9595739.6392, 5577206.996799998], [-9595718.7438, 5577212.621100001], [-9595674.1127, 5577228.692400001], [-9595642.0072, 5577239.178099997], [-9595632.7672, 5577241.8072], [-9595577.4475, 5577257.039099999], [-9595533.7566, 5577272.770999998], [-9595490.0656, 5577288.502499998], [-9595457.9606, 5577298.987400003], [-9595422.1375, 5577308.2447], [-9595406.7142, 5577311.468900003], [-9595386.5037, 5577315.399800003], [-9595374.9227, 5577318.9717999995], [-9595352.8675, 5577326.518700004], [-9595305.698, 5577348.8549000025], [-9595292.7093, 5577354.805200003], [-9595258.3965, 5577368.674599998], [-9595236.6312, 5577376.152000003], [-9595183.6629, 5577393.148400001], [-9595164.8381, 5577401.560400002], [-9595130.5249, 5577415.429399997], [-9595095.381, 5577427.0167], [-9595059.557, 5577436.272699997], [-9595017.7964, 5577445.533699997], [-9594990.2215, 5577456.470299996], [-9594955.0772, 5577468.057099998], [-9594936.1072, 5577473.2705999985], [-9594920.963, 5577480.2465], [-9594886.6491, 5577494.114600003], [-9594864.5091, 5577501.711000003], [-9594810.5557, 5577518.979599997], [-9594806.3792, 5577520.298600003], [-9594753.7571, 5577536.691299997], [-9594692.659, 5577557.388499998], [-9594672.2787, 5577563.864200003], [-9594628.1739, 5577576.962700002], [-9594582.0611, 5577596.431900002], [-9594556.7303, 5577606.413699999], [-9594544.7544, 5577610.649800003], [-9594502.3097, 5577625.127099998], [-9594451.942, 5577645.4551], [-9594401.5741, 5577665.782799996], [-9594377.3486, 5577675.473700002], [-9594372.2011, 5577678.2839], [-9594363.5927, 5577682.8873], [-9594330.2544, 5577698.975900002], [-9594295.9388, 5577712.842100002], [-9594292.9004, 5577713.9454], [-9594248.5063, 5577729.923199996], [-9594216.3984, 5577740.404200003], [-9594207.158, 5577743.031900004], [-9594147.852, 5577759.351300001], [-9594121.2662, 5577765.976300001], [-9594084.9135, 5577772.857900001], [-9594063.9223, 5577775.718800001], [-9594061.2719, 5577776.509199999], [-9594037.6848, 5577786.192000002], [-9594017.8604, 5577793.896600001], [-9594004.2028, 5577798.910400003], [-9593998.0951, 5577802.149300002], [-9593995.4863, 5577803.524099998], [-9593962.147, 5577819.611500002], [-9593953.4894, 5577823.358199999], [-9593899.3893, 5577846.235100001], [-9593873.7302, 5577856.3532000035], [-9593838.583, 5577867.936300002], [-9593806.905, 5577876.244000003], [-9593776.1618, 5577883.358900003], [-9593772.0128, 5577884.302599996], [-9593764.9278, 5577885.838200003], [-9593746.7847, 5577893.013999999], [-9593713.2211, 5577905.621799998], [-9593698.4973, 5577911.921300001], [-9593670.6324, 5577922.9771], [-9593635.4848, 5577934.559299998], [-9593611.8813, 5577940.935000002], [-9593608.0875, 5577942.262199998], [-9593569.2164, 5577956.248999998], [-9593543.7907, 5577964.7211000025], [-9593516.8103, 5577977.528300002], [-9593482.4924, 5577991.391800001], [-9593456.1747, 5578000.303000003], [-9593433.952, 5578007.2223000005], [-9593425.1215, 5578009.8926], [-9593389.2935, 5578019.1426], [-9593386.3333, 5578019.795699999], [-9593361.865, 5578029.4103000015], [-9593330.9929, 5578039.718000002], [-9593320.0846, 5578047.132399999], [-9593296.7586, 5578062.163400002], [-9593264.537, 5578080.4023], [-9593231.1953, 5578096.487599999], [-9593196.8765, 5578110.350100003], [-9593182.7181, 5578115.323299997], [-9593152.0461, 5578125.640299998], [-9593131.0556, 5578132.247699998], [-9593098.8414, 5578140.676600002], [-9593095.5174, 5578141.442199998], [-9593094.3557, 5578141.860100001], [-9593087.4868, 5578145.0678], [-9593074.5049, 5578154.4846], [-9593043.5403, 5578174.798500001], [-9593037.3945, 5578178.494999997], [-9592994.279, 5578204.055399999], [-9592968.2021, 5578218.597199999], [-9592951.2223, 5578227.125], [-9592941.5407, 5578231.785099998], [-9592938.9847, 5578233.832000002], [-9592904.4384, 5578261.333899997], [-9592877.7406, 5578281.330200002], [-9592846.7752, 5578301.643700004], [-9592814.5519, 5578319.8816], [-9592781.2085, 5578335.965599999], [-9592746.8881, 5578349.826899998], [-9592737.4764, 5578353.179200001], [-9592734.5579, 5578355.883900002], [-9592727.8482, 5578361.965499997], [-9592707.5617, 5578380.059299998], [-9592686.2127, 5578398.172799997], [-9592656.6368, 5578420.474600002], [-9592625.6703, 5578440.787699997], [-9592606.6801, 5578451.871600002], [-9592549.8797, 5578483.557999998], [-9592530.6623, 5578502.114699997], [-9592502.6026, 5578526.309500001], [-9592473.0258, 5578548.611000001], [-9592442.0585, 5578568.923699997], [-9592409.8333, 5578587.160499997], [-9592376.4883, 5578603.243600003], [-9592358.2539, 5578610.932999998], [-9592341.4892, 5578623.199100003], [-9592311.5688, 5578642.870999999], [-9592306.9309, 5578647.1906], [-9592278.8701, 5578671.3851], [-9592249.2923, 5578693.686399996], [-9592218.3239, 5578713.9987], [-9592204.1252, 5578722.3781], [-9592180.6266, 5578748.637699999], [-9592154.2023, 5578774.621799998], [-9592126.515, 5578798.513899997], [-9592085.3189, 5578831.802299999], [-9592055.7399, 5578854.1032000035], [-9592027.8101, 5578872.548], [-9592024.9699, 5578874.305100001], [-9592019.2036, 5578881.222199999], [-9592016.3389, 5578884.626100004], [-9591997.5398, 5578916.5449], [-9591976.6744, 5578947.2026999965], [-9591969.701, 5578956.557800002], [-9591948.9974, 5578983.744000003], [-9591933.1515, 5579003.6118], [-9591931.0977, 5579006.057599999], [-9591896.5242, 5579046.995700002], [-9591889.2093, 5579056.248199999], [-9591875.8665, 5579082.268100001], [-9591857.0433, 5579114.2299000025], [-9591836.1771, 5579144.887900002], [-9591813.6326, 5579173.780500002], [-9591769.769, 5579226.395999998], [-9591759.8345, 5579237.973899998], [-9591737.0051, 5579274.0484], [-9591716.138, 5579304.706799999], [-9591712.919, 5579309.0748], [-9591701.3685, 5579324.592600003], [-9591693.6412, 5579339.255999997], [-9591681.8368, 5579359.849299997], [-9591660.3201, 5579395.630800001], [-9591640.6245, 5579431.1844], [-9591623.5219, 5579460.014899999], [-9591602.6539, 5579490.673500001], [-9591595.6792, 5579500.029600002], [-9591576.3217, 5579525.4463], [-9591573.2528, 5579531.145999998], [-9591554.4276, 5579563.108599998], [-9591548.547, 5579572.193499997], [-9591532.054, 5579597.1479], [-9591517.0661, 5579618.7217999995], [-9591494.2437, 5579647.945699997], [-9591484.1445, 5579659.709700003], [-9591464.6457, 5579681.803999998], [-9591431.4481, 5579722.150399998], [-9591428.8316, 5579725.306999996], [-9591424.6947, 5579730.2048999965], [-9591370.6883, 5579793.4146], [-9591350.1461, 5579816.180299997], [-9591332.6412, 5579833.766999997], [-9591296.5365, 5579868.484700002], [-9591273.2974, 5579894.1131], [-9591246.318, 5579925.251199998], [-9591228.3286, 5579945.049500003], [-9591201.8981, 5579971.0342999995], [-9591173.8302, 5579995.228699997], [-9591144.2454, 5580017.529600002], [-9591113.27, 5580037.840999998], [-9591081.037, 5580056.075999998], [-9591047.6842, 5580072.1567], [-9591013.3545, 5580086.013899997], [-9590989.322, 5580094.201200001], [-9590956.5101, 5580104.560999997], [-9590945.3831, 5580107.948399998], [-9590909.5442, 5580117.1906], [-9590873.1796, 5580124.060999997], [-9590836.445, 5580128.530100003], [-9590799.4977, 5580130.578599997], [-9590762.4959, 5580130.197999999], [-9590725.5982, 5580127.389799997], [-9590688.9627, 5580122.166000001], [-9590676.642, 5580119.852799997], [-9590647.7325, 5580114.091700003], [-9590623.8365, 5580108.787799999], [-9590588.194, 5580098.810099997], [-9590553.2781, 5580086.514700003], [-9590519.2386, 5580071.9542], [-9590486.2211, 5580055.190800004], [-9590463.0227, 5580041.7124999985], [-9590432.7615, 5580023.155699998], [-9590424.1059, 5580017.739799999], [-9590417.9752, 5580013.7700999975], [-9590397.7239, 5580000.471000001], [-9590380.2571, 5579996.486900002], [-9590344.6153, 5579986.508400001], [-9590309.7001, 5579974.212200001], [-9590275.6615, 5579959.650799997], [-9590242.6449, 5579942.886699997], [-9590218.1978, 5579928.6395], [-9590216.2259, 5579928.150600001], [-9590183.8319, 5579919.086000003], [-9590132.6981, 5579903.1184], [-9590081.5645, 5579887.1504999995], [-9590021.8187, 5579873.785099998], [-9590010.7806, 5579871.198899999], [-9589996.7739, 5579867.577299997], [-9589918.5159, 5579846.262999997], [-9589875.8615, 5579834.469499998], [-9589833.207, 5579822.6756], [-9589772.9565, 5579808.664399996], [-9589712.7061, 5579794.652800001], [-9589630.0041, 5579778.777000003], [-9589597.9761, 5579777.065200001], [-9589566.7895, 5579774.528499998], [-9589545.4323, 5579771.778999999], [-9589468.9735, 5579760.446999997], [-9589419.6754, 5579755.159100004], [-9589370.3775, 5579749.870999999], [-9589288.3186, 5579742.695500001], [-9589276.1297, 5579741.496100001], [-9589266.4959, 5579740.358199999], [-9589194.8789, 5579731.273699999], [-9589167.8795, 5579727.181699999], [-9589131.6657, 5579719.559], [-9589096.0263, 5579709.575900003], [-9589072.7859, 5579701.675300002], [-9589040.7754, 5579690.010200001], [-9589013.991, 5579683.132299997], [-9588984.3982, 5579674.665899999], [-9588949.4863, 5579662.364799999], [-9588940.7214, 5579658.864699997], [-9588899.8465, 5579642.144000001], [-9588858.9717, 5579625.423100002], [-9588833.7013, 5579614.357000001], [-9588831.5633, 5579613.352399997], [-9588785.7695, 5579591.716499999], [-9588739.9759, 5579570.080300003], [-9588672.3517, 5579542.094999999], [-9588602.5046, 5579515.608400002], [-9588554.1142, 5579504.0973000005], [-9588504.3803, 5579495.0634], [-9588454.6464, 5579486.029200003], [-9588418.994, 5579484.4432], [-9588353.9097, 5579486.690099999], [-9588347.0224, 5579486.885700002], [-9588301.6375, 5579487.897], [-9588256.2524, 5579488.907899998], [-9588180.4376, 5579492.547499999], [-9588128.9631, 5579492.664499998], [-9588125.2004, 5579492.488399997], [-9588042.8558, 5579488.358999997], [-9588004.7429, 5579487.291100003], [-9587999.1944, 5579487.933399998], [-9587983.8714, 5579489.495200001], [-9587981.4236, 5579489.705600001], [-9587929.2928, 5579494.071099997], [-9587914.596, 5579495.108499996], [-9587853.9188, 5579498.594899997], [-9587797.1188, 5579498.990699999], [-9587760.2246, 5579496.170599997], [-9587727.6513, 5579491.636500001], [-9587704.8432, 5579487.780199997], [-9587687.7567, 5579486.604599997], [-9587634.5454, 5579487.7863000035], [-9587615.7193, 5579487.889700003], [-9587551.7519, 5579487.1723000035], [-9587533.5791, 5579486.674999997], [-9587522.29, 5579486.070299998], [-9587447.5747, 5579481.315800004], [-9587421.9698, 5579479.098999999], [-9587406.7732, 5579477.224200003], [-9587333.006, 5579467.104000002], [-9587311.5715, 5579463.741800003], [-9587293.5421, 5579460.253399998], [-9587249.9268, 5579451.074600004], [-9587206.3116, 5579441.8955999985], [-9587201.4205, 5579440.8434000015], [-9587151.0223, 5579429.768700004], [-9587100.6243, 5579418.693800002], [-9587093.5165, 5579418.429099999], [-9587056.6228, 5579415.6061], [-9587054.5827, 5579415.378600001], [-9587035.633, 5579417.529700004], [-9587021.4864, 5579418.955200002], [-9587007.1082, 5579420.035599999], [-9586964.2016, 5579422.708400004], [-9586939.1348, 5579427.615199998], [-9586884.1264, 5579438.419500001], [-9586861.6496, 5579442.363300003], [-9586854.8568, 5579443.371699996], [-9586815.384, 5579448.985200003], [-9586798.0201, 5579453.507799998], [-9586765.4831, 5579463.2579], [-9586762.0212, 5579464.283200003], [-9586726.1806, 5579473.508100003], [-9586689.8154, 5579480.361100003], [-9586668.9056, 5579483.195100002], [-9586636.3233, 5579494.678099997], [-9586607.2783, 5579504.038999997], [-9586571.4374, 5579513.263300002], [-9586549.3439, 5579517.720799997], [-9586525.2164, 5579522.088600002], [-9586513.8675, 5579525.7249], [-9586500.1939, 5579529.915399998], [-9586464.8538, 5579539.027599998], [-9586433.1421, 5579546.118100002], [-9586400.7205, 5579556.055799998], [-9586393.848, 5579558.114600003], [-9586370.9764, 5579564.289499998], [-9586335.3503, 5579573.109099999], [-9586317.7044, 5579580.704999998], [-9586303.4419, 5579586.614600003], [-9586258.0062, 5579604.716200002], [-9586242.8199, 5579610.514300004], [-9586207.6562, 5579622.069700003], [-9586177.8797, 5579629.907200001], [-9586137.5829, 5579639.345200002], [-9586131.5176, 5579640.7304000035], [-9586104.1229, 5579646.120099999], [-9586102.4061, 5579646.413999997], [-9586090.5871, 5579650.9846], [-9586084.5625, 5579653.274899997], [-9586030.9255, 5579673.3156], [-9586014.4921, 5579680.864399999], [-9585990.7335, 5579693.067500003], [-9585960.8796, 5579707.311899997], [-9585926.5436, 5579721.149300002], [-9585913.4328, 5579725.757100001], [-9585885.2045, 5579735.288599998], [-9585860.487, 5579746.927599996], [-9585852.1257, 5579750.540100001], [-9585809.4186, 5579768.583300002], [-9585766.7113, 5579786.6263], [-9585744.1662, 5579798.555600002], [-9585741.5567, 5579799.927599996], [-9585708.1954, 5579815.987999998], [-9585676.6992, 5579828.7782000005], [-9585669.1706, 5579833.7294000015], [-9585652.5876, 5579844.227600001], [-9585620.3442, 5579862.442599997], [-9585586.9824, 5579878.502700001], [-9585552.6452, 5579892.338799998], [-9585540.4031, 5579896.651900001], [-9585539.1598, 5579897.074000001], [-9585497.3992, 5579917.814999998], [-9585446.8384, 5579944.871200003], [-9585437.0814, 5579951.798100002], [-9585434.8469, 5579953.376400001], [-9585403.859, 5579973.667999998], [-9585373.6808, 5579990.797799997], [-9585371.7382, 5579992.168799996], [-9585340.7501, 5580012.4602999985], [-9585311.115, 5580029.302699998], [-9585280.076, 5580045.724299997], [-9585225.1277, 5580075.555100001], [-9585191.0412, 5580098.774599999], [-9585164.1651, 5580120.091600001], [-9585140.4414, 5580137.914499998], [-9585088.4824, 5580174.858099997], [-9585036.523, 5580211.801299997], [-9585033.9433, 5580213.624700002], [-9585018.9212, 5580223.823100001], [-9584960.3525, 5580262.225699998], [-9584921.17, 5580291.358199999], [-9584881.9871, 5580320.490500003], [-9584833.0831, 5580361.154600002], [-9584826.2147, 5580366.7749999985], [-9584796.613, 5580389.0559], [-9584776.7903, 5580402.366700001], [-9584755.783, 5580426.908299997], [-9584735.2901, 5580449.581600003], [-9584708.8396, 5580475.548699997], [-9584680.753, 5580499.724299997], [-9584651.1504, 5580522.004900001], [-9584620.1589, 5580542.2951000035], [-9584599.0123, 5580554.551100001], [-9584581.9613, 5580566.495200001], [-9584573.748, 5580573.234499998], [-9584559.4452, 5580587.773900002], [-9584539.0186, 5580607.522100002], [-9584519.6338, 5580624.545699999], [-9584503.151, 5580638.368299998], [-9584496.5733, 5580645.688900001], [-9584485.0519, 5580658.131700002], [-9584458.6, 5580684.098700002], [-9584430.5121, 5580708.274099998], [-9584427.9265, 5580710.343599997], [-9584411.5779, 5580723.3510000035], [-9584398.1594, 5580735.492299996], [-9584382.248, 5580752.792000003], [-9584375.15, 5580760.368900001], [-9584348.6975, 5580786.335900001], [-9584328.9062, 5580803.746799998], [-9584304.2026, 5580831.394199997], [-9584284.0404, 5580851.488899998], [-9584279.2234, 5580857.687200002], [-9584266.4588, 5580873.5176], [-9584241.7548, 5580901.164800003], [-9584233.8659, 5580909.269199997], [-9584206.7417, 5580936.5830999985], [-9584202.9507, 5580940.364500001], [-9584184.2057, 5580964.029200003], [-9584160.4568, 5580990.672799997], [-9584132.199, 5581020.432499997], [-9584114.6364, 5581043.179300003], [-9584102.4989, 5581058.354699999], [-9584056.8673, 5581113.445200004], [-9584028.9927, 5581147.926100001], [-9584001.118, 5581182.407200001], [-9583977.5914, 5581213.4036], [-9583934.097, 5581279.593199998], [-9583901.0674, 5581334.164800003], [-9583894.811, 5581345.717699997], [-9583890.8144, 5581356.340300001], [-9583884.1532, 5581372.7588], [-9583860.8245, 5581427.782499999], [-9583852.9473, 5581445.5132], [-9583847.3049, 5581457.2949], [-9583823.9212, 5581504.715099998], [-9583823.2753, 5581506.474600002], [-9583819.6462, 5581516.092699997], [-9583805.1075, 5581550.242399998], [-9583803.7151, 5581553.2151999995], [-9583793.5215, 5581574.816200003], [-9583778.1802, 5581604.965899996], [-9583767.2975, 5581623.983599998], [-9583760.875, 5581634.721199997], [-9583751.1593, 5581654.176100001], [-9583749.5552, 5581658.4646999985], [-9583747.1432, 5581664.797700003], [-9583733.5614, 5581696.877400003], [-9583716.5088, 5581733.947899997], [-9583708.9411, 5581760.210100003], [-9583696.6588, 5581795.241599999], [-9583693.3715, 5581803.527400002], [-9583677.1762, 5581843.432099998], [-9583665.9238, 5581869.296899997], [-9583651.5311, 5581898.093699999], [-9583644.8992, 5581916.0942], [-9583630.3592, 5581950.245099999], [-9583627.591, 5581956.111699998], [-9583623.887, 5581968.375], [-9583611.604, 5582003.4070999995], [-9583597.0638, 5582037.558200002], [-9583580.3284, 5582070.6822], [-9583573.7939, 5582082.303599998], [-9583559.4056, 5582107.2038], [-9583547.0814, 5582127.537199996], [-9583543.3629, 5582133.3147], [-9583539.2028, 5582141.0625], [-9583523.8739, 5582167.386799999], [-9583522.8199, 5582170.140100002], [-9583506.9089, 5582211.383599997], [-9583490.9979, 5582252.627300002], [-9583476.4564, 5582286.778700002], [-9583475.0647, 5582289.749799997], [-9583458.752, 5582324.313000001], [-9583447.7491, 5582346.373499997], [-9583428.2898, 5582383.357500002], [-9583413.7963, 5582411.428599998], [-9583399.2791, 5582445.0913999975], [-9583392.7605, 5582459.6423999965], [-9583376.0234, 5582492.766999997], [-9583357.1628, 5582524.722499996], [-9583343.3161, 5582545.4987], [-9583331.687, 5582562.1426], [-9583294.4521, 5582624.055100001], [-9583274.8581, 5582658.867899999], [-9583257.2391, 5582697.879600003], [-9583254.1694, 5582706.555699997], [-9583248.2697, 5582722.470399998], [-9583233.7266, 5582756.623199999], [-9583216.9883, 5582789.748599999], [-9583198.1266, 5582821.704700001], [-9583177.2221, 5582852.354599997], [-9583174.4209, 5582856.153300002], [-9583165.4749, 5582873.186099999], [-9583152.4237, 5582895.7951000035], [-9583119.7136, 5582949.566799998], [-9583084.3212, 5583007.9626], [-9583046.9062, 5583079.968999997], [-9583013.0192, 5583145.248400003], [-9583007.1672, 5583159.365999997], [-9582997.4928, 5583181.377300002], [-9582980.753, 5583214.503899999], [-9582972.8303, 5583228.511699997], [-9582954.2757, 5583260.259599999], [-9582933.3554, 5583306.0132], [-9582898.7287, 5583381.603699997], [-9582897.3709, 5583384.545299999], [-9582880.6304, 5583417.6723000035], [-9582861.7661, 5583449.629900001], [-9582853.9629, 5583461.579400003], [-9582834.8547, 5583507.393700004], [-9582815.7461, 5583553.2080999985], [-9582808.3229, 5583570.2190999985], [-9582777.4643, 5583637.898500003], [-9582767.7292, 5583668.319399998], [-9582756.3036, 5583700.634999998], [-9582752.4994, 5583710.186999999], [-9582725.3135, 5583776.691399999], [-9582719.2268, 5583796.906800002], [-9582717.1768, 5583803.567400001], [-9582709.8263, 5583825.386600003], [-9582690.6562, 5583878.700499997], [-9582685.7172, 5583891.918899998], [-9582682.2667, 5583900.603299998], [-9582662.5163, 5583949.145199999], [-9582642.7657, 5583997.687399998], [-9582631.6691, 5584023.159500003], [-9582618.649, 5584049.370800003], [-9582594.0521, 5584111.284500003], [-9582577.4403, 5584153.448399998], [-9582574.0107, 5584170.529799998], [-9582568.1894, 5584197.386699997], [-9582564.8651, 5584211.815399997], [-9582554.8848, 5584247.585699998], [-9582542.7033, 5584282.343099996], [-9582524.2861, 5584358.111199997], [-9582519.2616, 5584377.241599999], [-9582507.2777, 5584419.8433], [-9582495.2936, 5584462.445200004], [-9582490.1405, 5584494.507700004], [-9582488.736, 5584502.849600002], [-9582481.1082, 5584539.1994], [-9582478.7847, 5584548.3838], [-9582461.0438, 5584616.132299997], [-9582456.7421, 5584631.659699999], [-9582446.3272, 5584667.284599997], [-9582442.7169, 5584689.184299998], [-9582441.6797, 5584695.2695999965], [-9582434.0517, 5584731.620099999], [-9582429.9942, 5584747.2700999975], [-9582412.7287, 5584810.174199998], [-9582398.9175, 5584867.991599999], [-9582397.2633, 5584885.6448], [-9582392.0207, 5584922.418799996], [-9582390.7139, 5584929.575000003], [-9582384.0094, 5584965.007799998], [-9582377.6876, 5584994.203199998], [-9582375.5184, 5585002.796899997], [-9582363.7997, 5585047.742899999], [-9582352.0808, 5585092.689400002], [-9582350.1663, 5585118.783299997], [-9582348.3132, 5585139.065899998], [-9582347.3355, 5585147.428000003], [-9582337.6811, 5585225.025899999], [-9582331.2859, 5585280.979199998], [-9582329.4794, 5585323.1647000015], [-9582328.0566, 5585372.442699999], [-9582326.6338, 5585421.720899999], [-9582325.7524, 5585473.9353], [-9582325.2881, 5585489.244599998], [-9582322.4531, 5585526.286399998], [-9582319.2015, 5585550.989500001], [-9582315.167, 5585577.1963], [-9582312.094, 5585636.778300002], [-9582311.0066, 5585653.230099998], [-9582306.8175, 5585705.171300001], [-9582309.3621, 5585787.816200003], [-9582309.5009, 5585793.1241], [-9582309.5957, 5585798.920599997], [-9582310.1869, 5585851.309900001], [-9582310.7781, 5585903.6994], [-9582310.8129, 5585908.826700002], [-9582310.9133, 5585952.7962], [-9582311.4476, 5585965.175099999], [-9582312.8724, 5585975.9529], [-9582317.1119, 5585995.749799997], [-9582333.3302, 5586056.935699999], [-9582338.9619, 5586080.135399997], [-9582341.0886, 5586090.204999998], [-9582351.8313, 5586143.446099997], [-9582356.5217, 5586169.894699998], [-9582360.944, 5586206.782300003], [-9582362.5014, 5586230.363700002], [-9582364.5315, 5586275.237899996], [-9582364.9824, 5586288.7557], [-9582365.081, 5586307.076899998], [-9582364.3717, 5586373.400600001], [-9582363.8589, 5586392.231399998], [-9582363.4645, 5586400.017700002], [-9582359.3035, 5586472.366899997], [-9582360.3933, 5586523.126900002], [-9582361.483, 5586573.887000002], [-9582361.6106, 5586584.047200002], [-9582361.8451, 5586648.644699998], [-9582362.053, 5586705.891999997], [-9582362.2609, 5586763.139600001], [-9582362.4687, 5586820.387800001], [-9582362.7903, 5586876.606600001], [-9582363.1119, 5586932.825900003], [-9582363.4335, 5586989.045400001], [-9582369.5092, 5587037.506200001], [-9582371.1318, 5587051.936999999], [-9582377.835, 5587119.266999997], [-9582382.2928, 5587162.532200001], [-9582386.7509, 5587205.797499999], [-9582391.2088, 5587249.063000001], [-9582392.0693, 5587258.1228], [-9582392.5289, 5587263.733199999], [-9582396.4485, 5587314.655299999], [-9582401.8606, 5587346.533799998], [-9582403.0732, 5587353.973999999], [-9582411.1217, 5587405.505800001], [-9582419.1705, 5587457.037699997], [-9582428.1787, 5587505.804300003], [-9582437.1869, 5587554.570900001], [-9582448.8004, 5587600.086900003], [-9582460.4141, 5587645.603], [-9582464.7144, 5587663.682999998], [-9582466.8042, 5587673.569899999], [-9582477.9533, 5587728.7267], [-9582489.1025, 5587783.883900002], [-9582500.2519, 5587839.0414], [-9582500.8461, 5587842.022100002], [-9582510.5429, 5587891.3477], [-9582520.2398, 5587940.673500001], [-9582529.937, 5587989.999600001], [-9582541.8021, 5588045.765000001], [-9582553.6674, 5588101.530699998], [-9582561.4888, 5588137.484300002], [-9582572.3837, 5588179.0342999995], [-9582573.3763, 5588182.873800002], [-9582585.6246, 5588230.946999997], [-9582597.8731, 5588279.020400003], [-9582599.2341, 5588284.474600002], [-9582613.2719, 5588341.935699999], [-9582627.31, 5588399.397200003], [-9582630.1991, 5588411.825199999], [-9582631.9443, 5588420.019100003], [-9582642.3333, 5588470.619900003], [-9582652.7224, 5588521.220799997], [-9582666.462, 5588573.746600002], [-9582680.2018, 5588626.272500001], [-9582703.4264, 5588699.9067], [-9582707.231, 5588712.472499996], [-9582712.414, 5588731.563100003], [-9582724.688, 5588780.090400003], [-9582732.5111, 5588800.446699999], [-9582744.0253, 5588835.769699998], [-9582749.4981, 5588856.010799997], [-9582758.8349, 5588893.251100004], [-9582762.5494, 5588909.0132], [-9582765.4633, 5588923.052900001], [-9582771.5533, 5588954.3728], [-9582775.4604, 5588976.862199999], [-9582779.8856, 5589013.761], [-9582781.8963, 5589050.871399999], [-9582782.7706, 5589091.5053], [-9582782.358, 5589128.668499999], [-9582779.524, 5589165.725199997], [-9582773.0665, 5589223.189499997], [-9582768.0111, 5589258.283699997], [-9582767.4561, 5589261.387199998], [-9582758.87, 5589308.645999998], [-9582751.7942, 5589341.911700003], [-9582747.9606, 5589356.746399999], [-9582729.1689, 5589425.623800002], [-9582723.0174, 5589446.5798999965], [-9582710.7204, 5589481.638999999], [-9582704.4868, 5589497.0407000035], [-9582671.9577, 5589574.155100003], [-9582663.6351, 5589592.930799998], [-9582659.8042, 5589601.002300002], [-9582638.8597, 5589644.250799999], [-9582617.9152, 5589687.499300003], [-9582613.5687, 5589696.280699998], [-9582581.8387, 5589759.020900004], [-9582578.1992, 5589766.093900003], [-9582569.8484, 5589782.048], [-9582562.2187, 5589801.0167], [-9582550.259, 5589828.619900003], [-9582547.6538, 5589834.1439], [-9582514.934, 5589902.570200004], [-9582500.7851, 5589930.196099997], [-9582485.9092, 5589955.7808], [-9582472.1663, 5589978.061399996], [-9582464.4096, 5589992.997900002], [-9582458.6174, 5590003.862400003], [-9582454.9915, 5590010.387400001], [-9582441.4856, 5590034.321500003], [-9582425.2391, 5590068.075599998], [-9582407.9822, 5590106.5229], [-9582405.4237, 5590112.141400002], [-9582379.951, 5590167.283299997], [-9582359.7261, 5590212.236599997], [-9582356.7581, 5590218.7245000005], [-9582340.5068, 5590250.952200003], [-9582319.8944, 5590288.791500002], [-9582297.6409, 5590335.2678999975], [-9582297.1617, 5590336.494800001], [-9582292.9608, 5590355.534199998], [-9582290.0815, 5590367.925499998], [-9582280.0934, 5590403.719800003], [-9582267.7934, 5590438.781999998], [-9582262.7127, 5590451.4287], [-9582239.3732, 5590507.571699999], [-9582229.8946, 5590529.1052], [-9582224.2447, 5590540.896700002], [-9582204.4703, 5590580.977899998], [-9582171.194, 5590655.407700002], [-9582155.5509, 5590690.258199997], [-9582138.2432, 5590733.795900002], [-9582114.1931, 5590800.553999998], [-9582109.3543, 5590813.491099998], [-9582106.7129, 5590820.174800001], [-9582081.2636, 5590883.3994999975], [-9582069.3445, 5590910.8972999975], [-9582033.1898, 5590988.461099997], [-9582001.0773, 5591065.314599998], [-9581973.9696, 5591129.620300002], [-9581968.7564, 5591141.599600002], [-9581943.8933, 5591196.985600002], [-9581904.1843, 5591179.039300002], [-9581864.4755, 5591161.0929000005], [-9581824.7668, 5591143.146300003], [-9581785.0584, 5591125.199600004], [-9581745.3501, 5591107.252800003], [-9581705.6419, 5591089.305799998], [-9581665.9338, 5591071.3587], [-9581626.226, 5591053.4113000035], [-9581586.5182, 5591035.4639], [-9581546.8107, 5591017.5163], [-9581507.1032, 5590999.568700001], [-9581467.396, 5590981.620800003], [-9581427.689, 5590963.672899999], [-9581383.8568, 5590964.256899998], [-9581340.0246, 5590964.8407000005], [-9581296.1923, 5590965.4243], [-9581252.3602, 5590966.007700004], [-9581208.528, 5590966.590899996], [-9581164.6957, 5590967.173799999], [-9581120.8636, 5590967.7566], [-9581077.0312, 5590968.3391999975], [-9581033.1991, 5590968.921400003], [-9580989.3669, 5590969.5035], [-9580945.5346, 5590970.085500002], [-9580901.7024, 5590970.667199999], [-9580857.8702, 5590971.248499997], [-9580814.0378, 5590971.829800002], [-9580770.2056, 5590972.410899997], [-9580726.3732, 5590972.991800003], [-9580682.541, 5590973.572300002], [-9580638.7088, 5590974.1526999995], [-9580594.8764, 5590974.732900001], [-9580551.0442, 5590975.313000001], [-9580507.2118, 5590975.8926], [-9580463.3795, 5590976.472199999], [-9580419.5473, 5590977.051600002], [-9580375.7149, 5590977.630599998], [-9580331.8826, 5590978.2095], [-9580322.2224, 5590969.603500001], [-9580055.2725, 5590972.189099997], [-9580051.4324, 5590981.909699999], [-9580000.6378, 5590982.5788], [-9579949.8433, 5590983.247699998], [-9579905.0668, 5590983.9991], [-9579860.2902, 5590984.750299998], [-9579815.5138, 5590985.5013], [-9579770.7373, 5590986.251999997], [-9579725.9607, 5590987.002499998], [-9579681.1842, 5590987.752800003], [-9579636.4076, 5590988.502899997], [-9579637.1749, 5591036.037900001], [-9579637.9423, 5591083.573200002], [-9579638.7096, 5591131.1087], [-9579639.477, 5591178.644400001], [-9579640.2443, 5591226.180399999], [-9579641.0117, 5591273.716600001], [-9579634.9612, 5591273.811700001], [-9579589.5691, 5591274.5251], [-9579544.1771, 5591275.238300003], [-9579498.785, 5591275.951200001], [-9579453.393, 5591276.663999997], [-9579406.8857, 5591277.3939], [-9579360.3783, 5591278.1237], [-9579313.871, 5591278.8532000035], [-9579267.3637, 5591279.582400002], [-9579220.8563, 5591280.311399996], [-9579174.3491, 5591281.0402000025], [-9579127.8417, 5591281.768700004], [-9579081.3344, 5591282.497000001], [-9579034.827, 5591283.225100003], [-9578991.2806, 5591283.9065999985], [-9578947.7343, 5591284.587800004], [-9578904.1879, 5591285.2689], [-9578860.6415, 5591285.949699998], [-9578817.095, 5591286.6303], [-9578773.5488, 5591287.310800001], [-9578730.0023, 5591287.990900002], [-9578686.4559, 5591288.670900002], [-9578642.9094, 5591289.350699998], [-9578599.3629, 5591290.030199997], [-9578555.8166, 5591290.7095], [-9578512.2701, 5591291.388800003], [-9578468.7237, 5591292.067599997], [-9578468.3055, 5591247.310900003], [-9578467.8872, 5591202.554499999], [-9578467.4691, 5591157.798199996], [-9578467.0509, 5591113.042099997], [-9578466.6328, 5591068.286399998], [-9578466.2145, 5591023.5308]]], [[[-9578280.3608, 5647199.557899997], [-9578266.2338, 5647196.862599999], [-9578234.4792, 5647197.5336000025], [-9578213.4067, 5647197.5876], [-9578190.3252, 5647197.218500003], [-9578176.639, 5647197.465599999], [-9578141.1055, 5647196.994599998], [-9578103.9371, 5647194.1127], [-9578067.0361, 5647188.797700003], [-9578030.5606, 5647181.072700001], [-9577994.6669, 5647170.970700003], [-9577982.5764, 5647166.986000001], [-9577957.7179, 5647168.055699997], [-9577931.6624, 5647168.6054000035], [-9577894.3858, 5647168.167599998], [-9577857.2175, 5647165.284599997], [-9577820.3168, 5647159.968599997], [-9577783.8416, 5647152.242799997], [-9577761.9636, 5647146.387900002], [-9577750.3384, 5647147.763599999], [-9577732.7941, 5647149.563900001], [-9577713.9104, 5647150.889200002], [-9577687.1348, 5647152.32], [-9577631.5165, 5647152.564300001], [-9577594.3482, 5647149.680200003], [-9577557.4477, 5647144.363200001], [-9577535.6306, 5647140.042599998], [-9577513.9138, 5647135.298], [-9577499.256, 5647131.8917], [-9577487.9114, 5647128.972000003], [-9577433.9979, 5647114.502300002], [-9577409.4496, 5647107.3178], [-9577374.2926, 5647094.879799999], [-9577359.0854, 5647088.677000001], [-9577344.7822, 5647082.600400001], [-9577319.4472, 5647083.133199997], [-9577310.7354, 5647084.493500002], [-9577273.7207, 5647088.9384], [-9577248.1098, 5647090.581799999], [-9577205.7764, 5647092.3386999965], [-9577156.8858, 5647092.260799997], [-9577119.718, 5647089.374799997], [-9577093.9177, 5647085.9164], [-9577069.6265, 5647082.091799997], [-9577058.5268, 5647080.231200002], [-9577022.0527, 5647072.5022], [-9576989.5043, 5647063.446099997], [-9576975.893, 5647065.066299997], [-9576967.1728, 5647066.962899998], [-9576932.6327, 5647073.363499999], [-9576895.6179, 5647077.806900002], [-9576858.3927, 5647079.811700001], [-9576821.1165, 5647079.369499996], [-9576783.9489, 5647076.4821000025], [-9576764.6621, 5647074.009900004], [-9576743.8466, 5647070.978699997], [-9576726.2335, 5647068.130500004], [-9576689.7598, 5647060.400200002], [-9576659.3765, 5647052.010399997], [-9576638.5525, 5647051.100900002], [-9576601.3851, 5647048.212800004], [-9576564.4856, 5647042.891800001], [-9576528.012, 5647035.1608000025], [-9576492.1206, 5647025.053099997], [-9576456.9649, 5647012.611599997], [-9576422.6959, 5646997.890000001], [-9576420.0026, 5646996.618199997], [-9576400.7904, 5646987.484300002], [-9576393.7533, 5646984.079300001], [-9576343.5212, 5646986.375], [-9576329.4745, 5646986.842799999], [-9576314.0886, 5646986.956100002], [-9576282.0907, 5646986.758000001], [-9576260.2007, 5646986.200199999], [-9576223.0337, 5646983.310500003], [-9576192.3844, 5646979.064099997], [-9576172.4989, 5646975.754600003], [-9576134.0344, 5646974.298600003], [-9576056.3419, 5646971.645000003], [-9576050.3074, 5646971.406800002], [-9576037.5112, 5646970.688500002], [-9575978.6309, 5646966.716300003], [-9575954.2604, 5646964.544], [-9575917.3616, 5646959.220299996], [-9575905.827, 5646957.044399999], [-9575846.7844, 5646945.273500003], [-9575821.8465, 5646939.715800002], [-9575785.9562, 5646929.605099998], [-9575752.5215, 5646917.830899999], [-9575751.2125, 5646917.323399998], [-9575741.4518, 5646917.527000003], [-9575704.1763, 5646917.080200002], [-9575667.0097, 5646914.188199997], [-9575630.1113, 5646908.863499999], [-9575593.639, 5646901.128899999], [-9575557.7492, 5646891.017499998], [-9575522.5955, 5646878.572700001], [-9575488.3283, 5646863.847599998], [-9575465.0028, 5646852.245700002], [-9575452.3652, 5646845.594800003], [-9575449.3303, 5646844.828100003], [-9575407.2135, 5646834.475100003], [-9575365.0968, 5646824.1219], [-9575315.6354, 5646811.884800002], [-9575266.1741, 5646799.647500001], [-9575213.928, 5646787.7007], [-9575161.6818, 5646775.753700003], [-9575104.0087, 5646764.468500003], [-9575046.3356, 5646753.182899997], [-9575031.8364, 5646750.148800001], [-9574979.2576, 5646738.428300001], [-9574975.8102, 5646737.943999998], [-9574928.3972, 5646737.7951000035], [-9574891.2316, 5646734.8999999985], [-9574877.6642, 5646733.2282000035], [-9574849.9176, 5646729.469400004], [-9574826.5878, 5646725.8134], [-9574790.1171, 5646718.075800002], [-9574754.2288, 5646707.961300001], [-9574745.7353, 5646705.190099999], [-9574716.2771, 5646701.592600003], [-9574646.7826, 5646693.661499999], [-9574627.5824, 5646691.842699997], [-9574622.7202, 5646691.734700002], [-9574617.2195, 5646692.237999998], [-9574579.9953, 5646694.233400002], [-9574553.5436, 5646694.1652000025], [-9574516.3436, 5646693.202299997], [-9574505.5207, 5646692.818800002], [-9574468.3555, 5646689.921999998], [-9574462.1902, 5646689.203100003], [-9574427.3298, 5646684.944700003], [-9574384.4879, 5646681.809600003], [-9574311.8586, 5646676.3456000015], [-9574252.5028, 5646673.991800003], [-9574226.0437, 5646677.2124999985], [-9574203.6077, 5646679.4103000015], [-9574197.2123, 5646680.000399999], [-9574159.9882, 5646681.994099997], [-9574122.7137, 5646681.5407000035], [-9574085.5487, 5646678.642200001], [-9574048.6521, 5646673.3112], [-9574012.1821, 5646665.5704], [-9574009.8125, 5646664.980099998], [-9573990.6923, 5646660.173900001], [-9573957.1749, 5646650.646700002], [-9573922.0242, 5646638.195799999], [-9573916.161, 5646635.862300001], [-9573907.9636, 5646633.6765], [-9573897.1943, 5646630.691100001], [-9573860.6636, 5646620.176299997], [-9573845.7833, 5646615.671899997], [-9573810.6331, 5646603.220799997], [-9573798.7304, 5646598.403999999], [-9573789.1152, 5646594.385899998], [-9573725.437, 5646573.320600003], [-9573661.4435, 5646557.1197], [-9573586.8074, 5646539.645300001], [-9573511.9597, 5646522.707500003], [-9573483.7564, 5646517.107299998], [-9573458.2514, 5646511.4322], [-9573422.3665, 5646501.316299997], [-9573387.2183, 5646488.8671], [-9573352.9572, 5646474.137900002], [-9573319.73, 5646457.1919], [-9573292.1949, 5646440.9663999975], [-9573266.7953, 5646425.0217999965], [-9573262.2793, 5646422.1570999995], [-9573242.7234, 5646409.044799998], [-9573226.8326, 5646403.6774], [-9573213.2031, 5646400.398000002], [-9573202.6341, 5646399.2201000005], [-9573169.5721, 5646394.5473000035], [-9573124.4553, 5646386.811499998], [-9573120.8078, 5646386.173900001], [-9573084.341, 5646378.432999998], [-9573051.5561, 5646369.2907000035], [-9573028.063, 5646361.974100001], [-9573024.9639, 5646360.9991], [-9572989.8167, 5646348.548600003], [-9572972.0823, 5646341.256099999], [-9572943.7218, 5646329.031099997], [-9572915.555, 5646318.150899999], [-9572913.0929, 5646317.1932], [-9572878.8332, 5646302.4624999985], [-9572852.6031, 5646289.3138], [-9572791.1695, 5646256.508699998], [-9572784.174, 5646252.709899999], [-9572762.1977, 5646239.927599996], [-9572714.3777, 5646210.664800003], [-9572703.624, 5646204.977300003], [-9572673.8441, 5646194.611299999], [-9572668.5748, 5646192.748000003], [-9572627.4782, 5646177.987899996], [-9572606.3703, 5646172.575000003], [-9572575.4381, 5646163.701800004], [-9572540.2924, 5646151.249700002], [-9572535.1558, 5646149.209100001], [-9572504.455, 5646136.838600002], [-9572478.8497, 5646131.140600003], [-9572442.9675, 5646121.021300003], [-9572407.8221, 5646108.568700001], [-9572373.564, 5646093.836300001], [-9572340.3399, 5646076.887400001], [-9572308.2922, 5646057.794399999], [-9572302.1184, 5646053.7798999995], [-9572288.0978, 5646044.533500001], [-9572263.5376, 5646027.392700002], [-9572234.2488, 5646004.265799999], [-9572206.5306, 5645979.2663], [-9572180.5017, 5645952.5013], [-9572156.2736, 5645924.085500002], [-9572135.9343, 5645896.973999999], [-9572089.3509, 5645872.866099998], [-9572082.5345, 5645869.279700004], [-9572038.8334, 5645845.907700002], [-9572032.1156, 5645842.256700002], [-9572001.9898, 5645824.388899997], [-9571963.4073, 5645799.8697], [-9571961.487, 5645798.644000001], [-9571953.9174, 5645793.705600001], [-9571935.6285, 5645781.565899998], [-9571912.4657, 5645765.3483000025], [-9571883.1786, 5645742.220899999], [-9571855.4622, 5645717.221000001], [-9571834.5565, 5645696.0053], [-9571818.3812, 5645678.708999999], [-9571813.2597, 5645673.159500003], [-9571789.0335, 5645644.743500002], [-9571766.7119, 5645614.798500001], [-9571758.1436, 5645602.125], [-9571742.7222, 5645578.642999999], [-9571730.969, 5645559.970899999], [-9571712.7348, 5645527.358800001], [-9571696.6657, 5645493.6197], [-9571682.8306, 5645458.898500003], [-9571679.9812, 5645450.818700001], [-9571670.6402, 5645423.687100001], [-9571661.9479, 5645396.211900003], [-9571652.7487, 5645359.975699998], [-9571645.9314, 5645323.213299997], [-9571641.5252, 5645286.082199998], [-9571639.5491, 5645248.741499998], [-9571639.6583, 5645221.003399998], [-9571628.6557, 5645205.489399999], [-9571625.6913, 5645201.269299999], [-9571605.3712, 5645169.924599998], [-9571587.1382, 5645137.313600004], [-9571571.0703, 5645103.575800002], [-9571557.2363, 5645068.855700001], [-9571545.6954, 5645033.302100003], [-9571543.9587, 5645027.162900001], [-9571537.4346, 5645003.598399997], [-9571532.2929, 5644983.637699999], [-9571509.3587, 5644956.6435], [-9571487.0397, 5644926.700000003], [-9571466.7207, 5644895.355899997], [-9571448.4887, 5644862.7456], [-9571432.4217, 5644829.008500002], [-9571426.8099, 5644815.7051], [-9571418.5588, 5644795.434699997], [-9571410.3375, 5644774.019000001], [-9571398.7976, 5644738.4663999975], [-9571389.6001, 5644702.232500002], [-9571382.7844, 5644665.472599998], [-9571378.3796, 5644628.343999997], [-9571377.2999, 5644613.468199998], [-9571353.8786, 5644589.8741], [-9571336.943, 5644572.061899997], [-9571312.7212, 5644543.648100004], [-9571309.2877, 5644539.299599998], [-9571276.9618, 5644497.948299997], [-9571258.0783, 5644472.3543], [-9571237.761, 5644441.011299998], [-9571229.2169, 5644426.7119999975], [-9571210.2198, 5644411.419], [-9571165.1723, 5644375.302100003], [-9571120.125, 5644339.185099997], [-9571069.646, 5644303.7102999985], [-9571058.938, 5644295.998300001], [-9571036.0618, 5644278.200000003], [-9571027.3773, 5644273.523900002], [-9570994.6247, 5644255.519699998], [-9570962.5863, 5644236.425499998], [-9570931.8614, 5644215.269699998], [-9570913.4794, 5644201.116800003], [-9570899.8019, 5644190.135300003], [-9570888.9044, 5644181.161399998], [-9570861.1954, 5644156.162600003], [-9570835.1757, 5644129.398900002], [-9570810.9567, 5644100.984999999], [-9570788.6421, 5644071.042499997], [-9570768.3275, 5644039.6998], [-9570764.0895, 5644032.550800003], [-9570728.7618, 5644001.678099997], [-9570693.4343, 5643970.805299997], [-9570655.2092, 5643939.416299999], [-9570648.3872, 5643935.7082], [-9570616.3505, 5643916.613499999], [-9570585.6277, 5643895.457199998], [-9570556.3499, 5643872.330200002], [-9570537.6279, 5643855.802199997], [-9570518.4549, 5643838.113899998], [-9570509.4699, 5643829.6428999975], [-9570483.4522, 5643802.879100002], [-9570459.2352, 5643774.465099998], [-9570436.9225, 5643744.5227999985], [-9570416.6097, 5643713.180500001], [-9570398.3839, 5643680.571999997], [-9570396.2737, 5643676.447999999], [-9570384.844, 5643653.886100002], [-9570370.8935, 5643624.275600001], [-9570357.0663, 5643589.559299998], [-9570345.5319, 5643554.009800002], [-9570336.3398, 5643517.7793999985], [-9570329.5292, 5643481.023400001], [-9570325.1293, 5643443.8989999965], [-9570323.6777, 5643422.002999999], [-9570322.3094, 5643392.948799998], [-9570322.2582, 5643340.128399998], [-9570323.663, 5643318.283799998], [-9570312.3214, 5643261.177000001], [-9570304.2388, 5643222.524599999], [-9570298.5925, 5643191.203599997], [-9570294.1929, 5643154.0803999975], [-9570291.1015, 5643117.825900003], [-9570289.1452, 5643080.655699998], [-9570289.0345, 5643066.7163999975], [-9570289.1702, 5643034.489399999], [-9570289.3471, 5643022.464599997], [-9570290.6277, 5642971.645000003], [-9570290.912, 5642958.380599998], [-9570289.9756, 5642942.845700003], [-9570289.0535, 5642919.890699998], [-9570289.4022, 5642885.295199998], [-9570290.6599, 5642854.075999998], [-9570290.2788, 5642842.162199996], [-9570287.7474, 5642833.179099999], [-9570279.5655, 5642800.489799999], [-9570272.7558, 5642763.736699998], [-9570269.6681, 5642740.074900001], [-9570264.865, 5642696.1603000015], [-9570263.5536, 5642682.700599998], [-9570261.5835, 5642645.369999997], [-9570262.0512, 5642607.990099996], [-9570263.739, 5642582.873400003], [-9570266.3041, 5642554.145000003], [-9570267.5199, 5642541.992299996], [-9570272.8465, 5642504.993299998], [-9570280.1881, 5642470.001500003], [-9570282.8845, 5642458.8882], [-9570280.6847, 5642440.5726], [-9570278.6815, 5642421.084100001], [-9570277.1074, 5642396.448600002], [-9570275.6131, 5642361.113300003], [-9570275.6848, 5642311.0407000035], [-9570278.5881, 5642273.772699997], [-9570283.9145, 5642236.774800003], [-9570291.6413, 5642200.205499999], [-9570297.4251, 5642178.503799997], [-9570303.1053, 5642158.755000003], [-9570306.5052, 5642146.398900002], [-9570307.9051, 5642134.823700003], [-9570312.6635, 5642098.576499999], [-9570316.6012, 5642073.051799998], [-9570322.8834, 5642042.5035], [-9570325.6752, 5642007.591799997], [-9570331.0012, 5641970.594999999], [-9570331.4411, 5641968.1467999965], [-9570336.5191, 5641940.2315], [-9570333.191, 5641906.763899997], [-9570332.4641, 5641898.906099997], [-9570330.494, 5641861.5788], [-9570330.9615, 5641824.202], [-9570331.292, 5641817.700199999], [-9570331.596, 5641812.325300001], [-9570328.0622, 5641781.859099999], [-9570319.5847, 5641718.7946000025], [-9570314.3085, 5641690.313500002], [-9570311.8847, 5641682.5331000015], [-9570287.1182, 5641610.620999999], [-9570278.3849, 5641583.0145], [-9570269.195, 5641546.7919000015], [-9570267.1731, 5641537.175899997], [-9570250.6284, 5641455.000100002], [-9570245.8415, 5641427.868100002], [-9570242.1454, 5641398.363600001], [-9570239.3069, 5641369.691699997], [-9570235.7818, 5641352.897], [-9570224.8301, 5641299.9081000015], [-9570213.9411, 5641264.632799998], [-9570210.3297, 5641254.202100001], [-9570191.0613, 5641217.438699998], [-9570159.4751, 5641160.5852999985], [-9570151.3367, 5641145.4021999985], [-9570135.2812, 5641111.676399998], [-9570123.7232, 5641083.1325], [-9570100.542, 5641021.138599999], [-9570098.2776, 5641014.975299999], [-9570086.7476, 5640979.435500003], [-9570077.559, 5640943.214900002], [-9570071.7401, 5640912.750299998], [-9570069.0579, 5640896.303300001], [-9570068.0693, 5640890.022], [-9570067.2631, 5640884.5293999985], [-9570057.5326, 5640859.4322], [-9570050.9742, 5640840.197099999], [-9570040.9422, 5640808.9701000005], [-9570035.9709, 5640792.665799998], [-9570026.7829, 5640756.446000002], [-9570019.9756, 5640719.700900003], [-9570015.5784, 5640682.5874999985], [-9570013.6098, 5640645.265100002], [-9570013.2944, 5640629.556199998], [-9570013.763, 5640592.184500001], [-9570016.6668, 5640554.923500001], [-9570021.9933, 5640517.932800002], [-9570029.7197, 5640481.370800003], [-9570039.8127, 5640445.393799998], [-9570052.2292, 5640410.156300001], [-9570066.916, 5640375.808700003], [-9570083.8101, 5640342.498300001], [-9570102.8392, 5640310.367799997], [-9570123.9219, 5640279.5546], [-9570146.9678, 5640250.190700002], [-9570171.8782, 5640222.401799999], [-9570198.5464, 5640196.3068], [-9570226.8584, 5640172.0176], [-9570231.929, 5640167.994900003], [-9570241.1873, 5640160.7355], [-9570265.9509, 5640142.3785], [-9570297.1798, 5640122.004299998], [-9570329.6699, 5640103.7227], [-9570344.427, 5640096.314999998], [-9570352.3826, 5640087.832000002], [-9570379.05, 5640061.737000003], [-9570402.0108, 5640041.795299999], [-9570416.7414, 5640025.806500003], [-9570421.1368, 5640021.265000001], [-9570425.9169, 5640012.371100001], [-9570444.9441, 5639980.241099998], [-9570466.0249, 5639949.428300001], [-9570471.1212, 5639942.585600004], [-9570483.6142, 5639926.071199998], [-9570500.0006, 5639898.3483000025], [-9570521.0061, 5639856.695299998], [-9570524.1893, 5639843.8935], [-9570533.8868, 5639809.508699998], [-9570546.3005, 5639774.2729], [-9570556.5595, 5639749.643700004], [-9570581.7686, 5639692.8882], [-9570608.4426, 5639627.892200001], [-9570631.0543, 5639569.810800001], [-9570638.0612, 5639547.968999997], [-9570639.9337, 5639534.858599998], [-9570642.9855, 5639515.7918], [-9570650.7084, 5639479.233199999], [-9570654.1138, 5639466.045299999], [-9570675.3685, 5639387.6008], [-9570688.7983, 5639334.185900003], [-9570694.923, 5639292.7315], [-9570699.6364, 5639261.384000003], [-9570697.0324, 5639201.5961000025], [-9570694.4769, 5639144.189400002], [-9570691.9216, 5639086.783200003], [-9570688.7747, 5639041.251699999], [-9570687.5276, 5639013.294], [-9570686.6236, 5638968.437200002], [-9570687.0895, 5638931.072400004], [-9570689.7423, 5638896.095799997], [-9570696.1509, 5638836.0458], [-9570699.8607, 5638794.568999998], [-9570701.8955, 5638757.121699996], [-9570702.9599, 5638717.657700002], [-9570702.9882, 5638703.556100003], [-9570702.4172, 5638696.9186], [-9570700.3851, 5638682.376900002], [-9570693.1082, 5638646.7233000025], [-9570688.0247, 5638618.136], [-9570683.6258, 5638581.0315999985], [-9570682.7405, 5638569.262900002], [-9570680.5016, 5638534.751199998], [-9570679.8819, 5638471.8433], [-9570680.9876, 5638447.944200002], [-9570683.8575, 5638411.359200001], [-9570689.1801, 5638374.376800001], [-9570696.9018, 5638337.822800003], [-9570706.9899, 5638301.853699997], [-9570708.1945, 5638298.086900003], [-9570716.4274, 5638272.646899998], [-9570726.5838, 5638243.899700001], [-9570727.2675, 5638239.8583], [-9570728.047, 5638235.359499998], [-9570735.7686, 5638198.806000002], [-9570745.8563, 5638162.837399997], [-9570758.2669, 5638127.607699998], [-9570772.9474, 5638093.267700002], [-9570774.7318, 5638089.4804000035], [-9570778.1634, 5638073.818999998], [-9570781.4153, 5638059.820200004], [-9570786.814, 5638039.460199997], [-9570801.7712, 5637986.968900003], [-9570809.0392, 5637960.9397], [-9570814.5519, 5637942.409999996], [-9570826.7291, 5637904.295500003], [-9570838.5749, 5637870.842200004], [-9570842.5264, 5637860.966600001], [-9570851.3143, 5637839.583499998], [-9570859.3505, 5637815.124700002], [-9570865.3642, 5637790.681599997], [-9570875.879, 5637747.285899997], [-9570883.6178, 5637702.715400003], [-9570889.9232, 5637672.061700001], [-9570901.787, 5637621.4366], [-9570909.1775, 5637583.775799997], [-9570911.0548, 5637561.593099996], [-9570912.4948, 5637546.8522000015], [-9570917.8158, 5637509.873199999], [-9570923.3449, 5637482.5766], [-9570924.8352, 5637476.041000001], [-9570926.6904, 5637422.6708], [-9570927.1393, 5637377.949000001], [-9570927.6936, 5637328.944899999], [-9570928.2383, 5637309.623300001], [-9570930.4546, 5637278.8803], [-9570936.0248, 5637222.726400003], [-9570936.7075, 5637216.221699998], [-9570942.0284, 5637179.244099997], [-9570948.1485, 5637149.382799998], [-9570952.1893, 5637132.028700002], [-9570952.4947, 5637128.7809000015], [-9570955.994, 5637092.677199997], [-9570959.4408, 5637042.945299998], [-9570960.8381, 5637026.305600002], [-9570964.2541, 5636991.684299998], [-9570964.9662, 5636984.884199999], [-9570968.73, 5636957.121100001], [-9570978.7823, 5636894.517700002], [-9570980.3389, 5636885.303999998], [-9570983.5374, 5636868.699100003], [-9570990.9, 5636833.2993], [-9570993.2097, 5636821.5820999965], [-9570996.5156, 5636796.0634], [-9570997.4851, 5636787.684600003], [-9570997.5137, 5636785.287699997], [-9570998.0538, 5636766.349699996], [-9571000.9523, 5636729.104099996], [-9571004.4358, 5636703.1049000025], [-9571008.9948, 5636674.134300001], [-9571010.8318, 5636663.157799996], [-9571015.3444, 5636640.403499998], [-9571021.9379, 5636610.360100001], [-9571025.1443, 5636596.567100003], [-9571025.7829, 5636593.991700001], [-9571035.7788, 5636554.081100002], [-9571045.2249, 5636520.693999998], [-9571045.6432, 5636519.375500001], [-9571048.2601, 5636503.291599996], [-9571049.5246, 5636496.406300001], [-9571049.9392, 5636494.224799998], [-9571050.2702, 5636472.1567], [-9571048.6998, 5636441.510300003], [-9571046.1756, 5636392.711900003], [-9571045.5277, 5636374.688900001], [-9571045.7978, 5636342.078299999], [-9571047.126, 5636305.955700003], [-9571047.3202, 5636301.211800002], [-9571048.9568, 5636276.651000001], [-9571053.5868, 5636224.1875], [-9571054.8484, 5636211.504799999], [-9571055.1654, 5636208.704800002], [-9571053.2954, 5636164.830700003], [-9571052.8926, 5636152.004699998], [-9571053.2674, 5636116.718999997], [-9571055.2781, 5636068.214500003], [-9571057.2024, 5636014.772399999], [-9571058.633, 5635978.306400001], [-9571058.7717, 5635975.018399999], [-9571060.0904, 5635954.1985], [-9571063.8016, 5635908.747100003], [-9571065.3808, 5635892.324600004], [-9571067.4092, 5635876.1219], [-9571067.28, 5635870.9045], [-9571067.1736, 5635855.907300003], [-9571067.3733, 5635822.579400003], [-9571066.8641, 5635813.258000001], [-9571066.1281, 5635793.5803999975], [-9571066.1057, 5635771.619099997], [-9571066.9746, 5635723.770400003], [-9571067.461, 5635708.379900001], [-9571070.3589, 5635671.138599999], [-9571070.842, 5635666.919799998], [-9571077.1106, 5635613.902000003], [-9571079.3158, 5635597.329999998], [-9571086.5103, 5635548.703100003], [-9571090.4217, 5635519.965300001], [-9571094.3783, 5635490.701099999], [-9571098.0125, 5635467.435599998], [-9571100.8469, 5635452.594700001], [-9571102.6584, 5635443.744800001], [-9571102.634, 5635436.002899997], [-9571099.2464, 5635396.538800001], [-9571098.313, 5635384.0293999985], [-9571094.2811, 5635320.645900004], [-9571093.763, 5635311.293399997], [-9571091.3641, 5635260.472900003], [-9571091.1473, 5635255.406099997], [-9571090.1785, 5635230.131800003], [-9571090.339, 5635182.4108000025], [-9571093.1325, 5635146.120300002], [-9571094.0816, 5635137.414999999], [-9571094.3025, 5635122.5638], [-9571094.6595, 5635103.238899998], [-9571094.4107, 5635097.0449], [-9571094.5296, 5635048.267099999], [-9571095.208, 5635036.094899997], [-9571097.0839, 5635007.8539], [-9571095.491, 5634996.5913999975], [-9571094.9778, 5634992.8759], [-9571083.6179, 5634908.581], [-9571080.5766, 5634880.9651999995], [-9571080.1897, 5634876.2157000005], [-9571077.7065, 5634844.075400002], [-9571076.1217, 5634811.526500002], [-9571076.0455, 5634806.771200001], [-9571075.3896, 5634751.600699998], [-9571075.9299, 5634719.008299999], [-9571077.9451, 5634690.325800002], [-9571079.8381, 5634670.512999997], [-9571080.7205, 5634661.958300002], [-9571080.8093, 5634661.159999996], [-9571079.5436, 5634656.841200002], [-9571075.9945, 5634643.994599998], [-9571065.5477, 5634604.387999997], [-9571059.9108, 5634581.040399998], [-9571056.6196, 5634564.933300003], [-9571051.026, 5634535.4023], [-9571050.5298, 5634532.927000001], [-9571042.6921, 5634503.459899999], [-9571036.7514, 5634478.964900002], [-9571036.0424, 5634475.687100001], [-9571033.8653, 5634465.4755000025], [-9571030.2108, 5634456.531000003], [-9571014.7511, 5634417.759199999], [-9571008.696, 5634401.892999999], [-9570984.7525, 5634336.233400002], [-9570977.2559, 5634314.057099998], [-9570971.3857, 5634295.445100002], [-9570957.5203, 5634260.650300004], [-9570956.1194, 5634256.728600003], [-9570954.4824, 5634253.239799999], [-9570945.5897, 5634235.195200004], [-9570939.3752, 5634224.142300002], [-9570930.9478, 5634209.948799998], [-9570914.6711, 5634180.604800001], [-9570910.0301, 5634171.424000002], [-9570905.013, 5634161.273599997], [-9570902.235, 5634156.641800001], [-9570884.6569, 5634125.116599999], [-9570870.6711, 5634096.078699999], [-9570860.6429, 5634073.661899999], [-9570842.5317, 5634041.442100003], [-9570836.094, 5634029.6677], [-9570822.816, 5634004.690200001], [-9570810.2143, 5633982.372199997], [-9570800.1719, 5633963.7929000035], [-9570784.1267, 5633930.0945999995], [-9570779.2402, 5633918.561700001], [-9570773.4508, 5633909.781300001], [-9570757.8624, 5633886.7403], [-9570741.7462, 5633861.519000001], [-9570730.6874, 5633842.337800004], [-9570717.8766, 5633819.0874999985], [-9570714.4517, 5633813.8979], [-9570700.9154, 5633795.419], [-9570692.7979, 5633784.048100002], [-9570676.2324, 5633758.835900001], [-9570658.2189, 5633729.774599999], [-9570654.4931, 5633723.678800002], [-9570636.2863, 5633691.106200002], [-9570632.7873, 5633684.222400002], [-9570625.2193, 5633674.250500001], [-9570611.3161, 5633655.119900003], [-9570603.3707, 5633643.388499998], [-9570583.0285, 5633612.535700001], [-9570570.6834, 5633592.959399998], [-9570552.4772, 5633560.387100004], [-9570543.4713, 5633542.174999997], [-9570540.2551, 5633535.369099997], [-9570524.9871, 5633517.434299998], [-9570498.868, 5633490.825199999], [-9570484.1607, 5633475.267999999], [-9570462.6506, 5633450.2206000015], [-9570428.3519, 5633407.858999997], [-9570394.0536, 5633365.497599997], [-9570358.8697, 5633325.240000002], [-9570355.3751, 5633321.203500003], [-9570328.9058, 5633290.338399999], [-9570309.7714, 5633271.047799997], [-9570263.0995, 5633226.776000001], [-9570259.8779, 5633223.696199998], [-9570246.6336, 5633210.508500002], [-9570198.8689, 5633161.362000003], [-9570186.1268, 5633147.8156], [-9570177.1271, 5633137.690399997], [-9570153.3322, 5633110.270000003], [-9570131.9306, 5633088.564000003], [-9570101.4993, 5633058.000799999], [-9570075.9913, 5633033.439599998], [-9570037.3209, 5632997.245200001], [-9569998.6508, 5632961.0506], [-9569956.5859, 5632922.941], [-9569914.5215, 5632884.831500001], [-9569854.736, 5632832.739200003], [-9569833.8369, 5632813.593500003], [-9569780.9867, 5632762.700800002], [-9569755.5786, 5632739.853100002], [-9569746.3475, 5632732.795500003], [-9569711.8428, 5632706.8483000025], [-9569688.2211, 5632688.0842999965], [-9569627.1092, 5632636.8391999975], [-9569579.9214, 5632597.436899997], [-9569532.7339, 5632558.034400001], [-9569530.2454, 5632555.944300003], [-9569515.3321, 5632542.894400001], [-9569459.7546, 5632492.526600003], [-9569446.9982, 5632480.604599997], [-9569441.882, 5632475.611599997], [-9569407.6155, 5632441.7478], [-9569373.3492, 5632407.884000003], [-9569338.3293, 5632375.393600002], [-9569303.3096, 5632342.9032000005], [-9569295.4496, 5632335.470799997], [-9569282.6953, 5632322.784100004], [-9569247.1408, 5632286.282700002], [-9569211.5866, 5632249.781499997], [-9569171.5201, 5632209.4789], [-9569154.2134, 5632191.285400003], [-9569138.1642, 5632172.8737], [-9569115.1452, 5632145.295000002], [-9569107.0124, 5632135.324699998], [-9569084.7327, 5632105.416699998], [-9569077.6903, 5632095.046800002], [-9569057.8333, 5632065.105099998], [-9569046.3407, 5632047.049599998], [-9569024.7374, 5632011.662600003], [-9569013.1471, 5631995.8649], [-9569004.7178, 5631984.064300001], [-9568995.469, 5631970.341499999], [-9568988.5154, 5631959.694499999], [-9568963.038, 5631928.921499997], [-9568956.3541, 5631920.693800002], [-9568952.1208, 5631915.316699997], [-9568917.8894, 5631871.2951000035], [-9568902.1803, 5631851.685099997], [-9568879.902, 5631821.7773], [-9568859.811, 5631790.786600001], [-9568847.2913, 5631770.0331000015], [-9568829.095, 5631737.463799998], [-9568825.2898, 5631729.962700002], [-9568811.915, 5631703.1096], [-9568799.6863, 5631676.9168], [-9568786.6702, 5631644.410999998], [-9568778.7541, 5631622.740599997], [-9568772.1423, 5631606.1052], [-9568770.2212, 5631602.3303999975], [-9568753.1199, 5631573.5911], [-9568725.6061, 5631531.664399996], [-9568713.8791, 5631513.019500002], [-9568702.1719, 5631492.647], [-9568671.6277, 5631436.868600003], [-9568665.1396, 5631424.672399998], [-9568649.1067, 5631390.9794000015], [-9568630.8877, 5631349.079800002], [-9568612.6687, 5631307.180399999], [-9568587.6004, 5631251.630400002], [-9568584.7183, 5631245.136699997], [-9568570.9168, 5631210.4641999975], [-9568561.3171, 5631181.443000004], [-9568545.2101, 5631127.998499997], [-9568543.2981, 5631121.515799999], [-9568536.3954, 5631095.269900002], [-9568529.2571, 5631065.251199998], [-9568526.9875, 5631055.313900001], [-9568520.1935, 5631018.606399998], [-9568515.8071, 5630981.5317], [-9568514.7983, 5630967.757600002], [-9568505.8913, 5630935.892099999], [-9568502.9959, 5630925.130199999], [-9568496.3501, 5630899.4331], [-9568491.3763, 5630878.6000000015], [-9568484.5827, 5630841.893200003], [-9568480.1965, 5630804.8191], [-9568478.6541, 5630780.794], [-9568477.8947, 5630763.179200001], [-9568477.9005, 5630757.977399997], [-9568477.477, 5630749.921899997], [-9568477.9515, 5630712.590599999], [-9568480.8585, 5630675.370399997], [-9568486.1854, 5630638.420599997], [-9568493.9095, 5630601.8994999975], [-9568503.9976, 5630565.963500001], [-9568515.2544, 5630533.747199997], [-9568519.5301, 5630522.5913999975], [-9568520.6823, 5630519.610299997], [-9568535.3589, 5630485.302699998], [-9568552.2402, 5630452.0315999985], [-9568571.2541, 5630419.939300001], [-9568592.319, 5630389.163400002], [-9568615.3449, 5630359.835600004], [-9568640.2329, 5630332.0814], [-9568666.8766, 5630306.019699998], [-9568673.9445, 5630299.652800001], [-9568687.2051, 5630287.906300001], [-9568708.4224, 5630270.0154], [-9568738.2281, 5630247.665600002], [-9568769.4265, 5630227.319300003], [-9568801.8841, 5630209.063699998], [-9568835.4621, 5630192.9767], [-9568853.386, 5630185.464599997], [-9568889.0864, 5630171.215899996], [-9568905.7168, 5630164.878600001], [-9568941.0997, 5630153.326200001], [-9568967.4231, 5630146.3583], [-9568986.1439, 5630141.880900003], [-9568995.8805, 5630139.642700002], [-9569032.4632, 5630132.822300002], [-9569069.4118, 5630128.417000003], [-9569106.5684, 5630126.4454], [-9569143.7738, 5630126.916299999], [-9569180.8687, 5630129.827399999], [-9569217.6943, 5630135.166100003], [-9569254.0928, 5630142.909900002], [-9569274.1599, 5630148.2645], [-9569284.8525, 5630151.328299999], [-9569300.6011, 5630156.089400001], [-9569335.6806, 5630168.533399999], [-9569369.8739, 5630183.252499998], [-9569403.0345, 5630200.184], [-9569435.0203, 5630219.255199999], [-9569465.6944, 5630240.384499997], [-9569467.4797, 5630241.707900003], [-9569497.8206, 5630257.3046], [-9569509.6509, 5630264.028499998], [-9569512.7061, 5630265.321099997], [-9569539.0879, 5630276.263400003], [-9569563.0195, 5630286.8423999995], [-9569596.1808, 5630303.773400001], [-9569610.9621, 5630312.233400002], [-9569645.8118, 5630332.879000001], [-9569680.8138, 5630351.722000003], [-9569737.2845, 5630380.381800003], [-9569793.7555, 5630409.041100003], [-9569811.4168, 5630418.398699999], [-9569817.6311, 5630421.883599997], [-9569858.404, 5630445.086099997], [-9569899.1772, 5630468.288400002], [-9569942.1079, 5630491.404600002], [-9569985.0387, 5630514.520499997], [-9570023.467, 5630533.259900004], [-9570101.4895, 5630563.734200001], [-9570115.8316, 5630569.583700001], [-9570159.963, 5630588.288800001], [-9570225.9887, 5630614.380400002], [-9570272.4185, 5630630.248499997], [-9570296.0014, 5630638.8955999985], [-9570303.2347, 5630641.788400002], [-9570355.8454, 5630663.249200001], [-9570372.2484, 5630668.454300001], [-9570378.2473, 5630669.8500000015], [-9570405.3389, 5630675.097199999], [-9570433.5764, 5630681.317199998], [-9570437.5329, 5630682.3103], [-9570468.6157, 5630690.230599999], [-9570478.6779, 5630692.893200003], [-9570516.2388, 5630703.201700002], [-9570571.545, 5630713.2535], [-9570574.585, 5630713.289899997], [-9570593.4696, 5630713.831200004], [-9570599.8677, 5630714.1576000005], [-9570643.0886, 5630716.6076000035], [-9570674.5478, 5630717.794100001], [-9570678.8587, 5630717.973200001], [-9570715.9565, 5630720.877899997], [-9570727.6338, 5630722.302000001], [-9570751.4618, 5630725.459100001], [-9570767.591, 5630725.742799997], [-9570800.0448, 5630723.804200001], [-9570811.0496, 5630723.254199997], [-9570850.7005, 5630721.658299997], [-9570905.245, 5630716.724799998], [-9570907.596, 5630716.517099999], [-9570920.8659, 5630715.529200003], [-9570936.0502, 5630714.577799998], [-9570954.8417, 5630711.011299998], [-9570961.1163, 5630709.8571000025], [-9571005.4529, 5630701.957999997], [-9571019.2119, 5630699.680699997], [-9571056.162, 5630695.266900003], [-9571057.2858, 5630695.1712], [-9571088.8709, 5630687.237599999], [-9571125.4542, 5630680.408299997], [-9571133.2611, 5630679.2700999975], [-9571138.8317, 5630678.497599997], [-9571171.7207, 5630671.3323], [-9571196.8877, 5630666.442500003], [-9571244.9684, 5630658.223999999], [-9571317.9454, 5630640.466700003], [-9571349.3447, 5630629.376800001], [-9571376.841, 5630605.826200001], [-9571391.696, 5630594.298900001], [-9571402.1773, 5630586.4397], [-9571413.5676, 5630576.128200002], [-9571432.4691, 5630552.336099997], [-9571457.3491, 5630524.573600002], [-9571483.9852, 5630498.503200002], [-9571512.2635, 5630474.236199997], [-9571542.0629, 5630451.876599997], [-9571559.0207, 5630440.449100003], [-9571564.004, 5630437.219800003], [-9571567.3839, 5630431.785899997], [-9571570.656, 5630426.588100001], [-9571591.7108, 5630395.805399999], [-9571614.7269, 5630366.469999999], [-9571639.6058, 5630338.707699999], [-9571666.2409, 5630312.637199998], [-9571694.5182, 5630288.370200001], [-9571724.3165, 5630266.010499999], [-9571755.5084, 5630245.6538999975], [-9571787.9601, 5630227.387599997], [-9571821.5328, 5630211.2896], [-9571856.0829, 5630197.428999998], [-9571891.3882, 5630185.886399999], [-9571905.0494, 5630181.9102], [-9571941.1065, 5630172.692400001], [-9571977.6872, 5630165.859999999], [-9572004.6504, 5630162.394100003], [-9572028.6024, 5630159.897399999], [-9572031.2979, 5630159.622900002], [-9572032.6036, 5630159.241400003], [-9572068.6605, 5630150.023000002], [-9572105.2408, 5630143.190200001], [-9572142.1881, 5630138.772200003], [-9572153.0525, 5630137.9388], [-9572169.4183, 5630135.1888], [-9572173.3502, 5630134.601199999], [-9572227.3477, 5630126.7255000025], [-9572232.8306, 5630125.953100003], [-9572273.3887, 5630120.441299997], [-9572290.2612, 5630118.4054000005], [-9572293.0629, 5630117.378300004], [-9572328.4413, 5630105.812600002], [-9572364.4977, 5630096.593099996], [-9572377.7266, 5630093.8342999965], [-9572408.9904, 5630083.437899999], [-9572429.5019, 5630077.0458], [-9572457.6582, 5630069.631399997], [-9572495.254, 5630060.756399997], [-9572503.1538, 5630058.950999998], [-9572539.7336, 5630052.116599999], [-9572561.094, 5630049.261500001], [-9572578.6483, 5630047.253899999], [-9572607.3948, 5630041.060099997], [-9572634.9081, 5630035.839400001], [-9572664.1374, 5630031.0375000015], [-9572686.2168, 5630025.2951000035], [-9572707.8068, 5630018.526299998], [-9572714.766, 5630014.484399997], [-9572739.586, 5629990.129799999], [-9572749.0898, 5629970.573700003], [-9572762.0374, 5629945.523900002], [-9572781.0354, 5629913.424900003], [-9572802.0849, 5629882.641099997], [-9572805.8374, 5629877.5798999965], [-9572812.0183, 5629856.354999997], [-9572815.749, 5629844.059900001], [-9572828.1403, 5629808.859899998], [-9572842.7996, 5629774.548100002], [-9572859.6639, 5629741.2717999965], [-9572867.6573, 5629727.178000003], [-9572872.335, 5629719.196099997], [-9572883.3389, 5629701.191500001], [-9572904.3877, 5629670.408200003], [-9572927.3976, 5629641.071800001], [-9572952.2706, 5629613.308300003], [-9572978.8997, 5629587.236000001], [-9573007.1713, 5629562.9668999985], [-9573036.9641, 5629540.604699999], [-9573068.1505, 5629520.245300002], [-9573100.597, 5629501.9758], [-9573134.1647, 5629485.874200001], [-9573168.71, 5629472.009800002], [-9573204.0847, 5629460.441600002], [-9573240.1377, 5629451.2192], [-9573276.7144, 5629444.382399999], [-9573313.6582, 5629439.960000001], [-9573350.8111, 5629437.971199997], [-9573388.0139, 5629438.4243], [-9573425.1072, 5629441.3178], [-9573461.9324, 5629446.638700001], [-9573498.332, 5629454.365199998], [-9573534.1499, 5629464.464900002], [-9573569.233, 5629476.893200003], [-9573603.4307, 5629491.5967999995], [-9573606.112, 5629492.863799997], [-9573618.3306, 5629498.677199997], [-9573648.8155, 5629514.326300003], [-9573669.5299, 5629526.338399999], [-9573690.5029, 5629536.320799999], [-9573749.3965, 5629564.6005000025], [-9573819.6868, 5629595.382799998], [-9573833.1624, 5629601.494599998], [-9573837.8881, 5629603.739200003], [-9573894.6658, 5629631.029299997], [-9573951.4438, 5629658.318899997], [-9574013.6177, 5629681.774300002], [-9574017.6808, 5629683.324900001], [-9574062.6024, 5629700.665899999], [-9574107.524, 5629718.0066], [-9574110.0664, 5629718.995099999], [-9574118.3723, 5629722.322999999], [-9574195.8607, 5629754.0814], [-9574221.7546, 5629765.455300003], [-9574244.7653, 5629776.8967999965], [-9574304.7049, 5629808.410899997], [-9574314.8625, 5629813.883699998], [-9574346.8576, 5629832.938199997], [-9574354.4056, 5629837.860100001], [-9574403.17, 5629870.2119999975], [-9574451.9346, 5629902.563600004], [-9574475.0715, 5629918.754600003], [-9574504.3146, 5629941.8358], [-9574513.0704, 5629949.3781], [-9574553.8014, 5629985.190300003], [-9574593.4671, 5630019.816600002], [-9574633.1332, 5630054.442699999], [-9574643.6626, 5630063.866999999], [-9574697.315, 5630113.101400003], [-9574707.2272, 5630122.4179000035], [-9574723.9014, 5630139.1492], [-9574774.9533, 5630192.5462], [-9574808.9781, 5630223.841200002], [-9574843.0031, 5630255.136100002], [-9574852.4293, 5630264.0057], [-9574868.3735, 5630279.9745000005], [-9574892.0048, 5630304.598899998], [-9574899.2609, 5630308.714900002], [-9574925.4667, 5630324.527400002], [-9574956.1542, 5630345.639600001], [-9574985.3999, 5630368.720399998], [-9574992.9589, 5630375.2126], [-9575013.2929, 5630392.988600001], [-9575033.4125, 5630411.446699999], [-9575059.4055, 5630438.1598000005], [-9575083.6017, 5630466.521700002], [-9575104.6854, 5630494.676600002], [-9575127.7166, 5630527.5013], [-9575148.0163, 5630558.789300002], [-9575166.2332, 5630591.342600003], [-9575182.289, 5630625.021499999], [-9575196.115, 5630659.682099998], [-9575207.6521, 5630695.175899997], [-9575211.8392, 5630710.434799999], [-9575225.7153, 5630745.2095], [-9575237.2526, 5630780.703599997], [-9575239.3457, 5630788.124600001], [-9575251.7767, 5630833.364500001], [-9575258.8826, 5630862.118900001], [-9575265.7038, 5630898.820699997], [-9575268.0869, 5630916.268700004], [-9575268.8899, 5630922.907300003], [-9575277.7406, 5630950.803099997], [-9575286.9324, 5630986.945], [-9575294.0313, 5631009.751699999], [-9575296.7605, 5631018.781400003], [-9575304.4567, 5631038.877599999], [-9575315.9948, 5631074.372699998], [-9575319.1324, 5631085.647200003], [-9575326.285, 5631099.030699998], [-9575337.0224, 5631120.9111], [-9575342.6621, 5631130.062399998], [-9575360.8808, 5631162.617299996], [-9575372.6073, 5631186.638400003], [-9575392.2626, 5631216.997100003], [-9575410.4817, 5631249.552199997], [-9575426.5395, 5631283.233199999], [-9575440.3675, 5631317.895900004], [-9575447.3241, 5631338.334399998], [-9575459.4917, 5631360.618799999], [-9575475.55, 5631394.300099999], [-9575489.3783, 5631428.963100001], [-9575497.7448, 5631453.878399998], [-9575500.2477, 5631458.659599997], [-9575516.3064, 5631492.341200002], [-9575530.1351, 5631527.004500002], [-9575541.6747, 5631562.5013], [-9575543.6278, 5631569.413199998], [-9575549.4876, 5631582.2168999985], [-9575553.447, 5631591.065800004], [-9575559.0079, 5631604.227399997], [-9575561.9492, 5631609.554399997], [-9575570.1262, 5631624.551700003], [-9575575.9175, 5631635.451899998], [-9575591.9767, 5631669.134199999], [-9575605.8061, 5631703.798100002], [-9575616.2474, 5631735.546999998], [-9575635.3377, 5631775.358400002], [-9575642.6873, 5631790.791500002], [-9575647.6466, 5631798.701499999], [-9575652.765, 5631807.0222999975], [-9575670.9862, 5631839.579000004], [-9575672.4806, 5631842.4868], [-9575688.5125, 5631867.555], [-9575706.7339, 5631900.111900002], [-9575719.2548, 5631925.866300002], [-9575730.1004, 5631949.673900001], [-9575733.6397, 5631957.602399997], [-9575742.7033, 5631979.558899999], [-9575744.891, 5631983.318000004], [-9575761.8387, 5632012.694300003], [-9575767.0767, 5632021.9728000015], [-9575797.8864, 5632077.755900003], [-9575805.1668, 5632091.369199999], [-9575809.2867, 5632099.487099998], [-9575823.1779, 5632127.408299997], [-9575841.9439, 5632156.636699997], [-9575859.8564, 5632182.1822], [-9575890.6793, 5632226.219300002], [-9575910.9856, 5632257.511600003], [-9575929.2086, 5632290.069200002], [-9575942.3477, 5632317.183600001], [-9575959.8631, 5632342.7793999985], [-9575995.4203, 5632393.9146], [-9576036.5982, 5632448.092500001], [-9576066.2718, 5632481.718999997], [-9576095.9456, 5632515.3456000015], [-9576128.9386, 5632551.522399999], [-9576161.9317, 5632587.699299999], [-9576202.8656, 5632629.943000004], [-9576243.8, 5632672.186800003], [-9576285.8702, 5632712.148900002], [-9576288.5434, 5632714.7048999965], [-9576310.3695, 5632736.887999997], [-9576342.2496, 5632771.110600002], [-9576374.1299, 5632805.333300002], [-9576378.3073, 5632809.866499998], [-9576380.138, 5632811.884499997], [-9576437.1313, 5632875.010399997], [-9576451.6278, 5632891.706799999], [-9576473.9441, 5632918.439099997], [-9576506.3193, 5632947.758599997], [-9576518.9177, 5632959.519699998], [-9576523.9372, 5632964.409699999], [-9576572.1341, 5633011.943400003], [-9576593.1196, 5633033.770000003], [-9576598.1645, 5633039.3781], [-9576649.6902, 5633097.424699999], [-9576681.1764, 5633130.667199999], [-9576712.6629, 5633163.9098000005], [-9576767.1186, 5633216.7848000005], [-9576783.5818, 5633233.440800004], [-9576818.8561, 5633270.626500003], [-9576854.1307, 5633307.812100001], [-9576861.8211, 5633316.081799999], [-9576902.8058, 5633361.163800001], [-9576914.1035, 5633367.2302], [-9576946.1166, 5633386.283], [-9576976.8192, 5633407.3955999985], [-9576990.0183, 5633417.423699997], [-9576995.3876, 5633418.957500003], [-9577011.1584, 5633423.710900001], [-9577046.2617, 5633436.131099999], [-9577080.4802, 5633450.828199998], [-9577113.6674, 5633467.739], [-9577145.6813, 5633486.791199997], [-9577176.3849, 5633507.903399996], [-9577205.6465, 5633530.985100001], [-9577233.3409, 5633555.937399998], [-9577245.4469, 5633567.938600004], [-9577255.3426, 5633578.046800002], [-9577269.2454, 5633592.761699997], [-9577293.457, 5633621.127400003], [-9577315.7678, 5633651.021300003], [-9577336.0823, 5633682.315099999], [-9577351.7061, 5633709.8999999985], [-9577355.6627, 5633712.648100004], [-9577371.6337, 5633723.842], [-9577382.6175, 5633731.736900002], [-9577411.8804, 5633754.818499997], [-9577439.5762, 5633779.770800002], [-9577465.5861, 5633806.487199999], [-9577489.7989, 5633834.853], [-9577512.1109, 5633864.747100003], [-9577532.4265, 5633896.041299999], [-9577546.9476, 5633921.555500001], [-9577568.3785, 5633950.342699997], [-9577591.3903, 5633983.4142], [-9577619.7568, 5634023.330200002], [-9577620.3696, 5634023.9629999995], [-9577632.1111, 5634036.4573], [-9577656.325, 5634064.8235], [-9577678.6381, 5634094.717799999], [-9577692.2381, 5634115.1624], [-9577702.8795, 5634131.930600002], [-9577709.5963, 5634142.780500002], [-9577727.8295, 5634175.341499999], [-9577743.9013, 5634209.029299997], [-9577752.0526, 5634228.6404], [-9577756.7039, 5634240.445], [-9577768.4378, 5634259.060699999], [-9577786.6715, 5634291.6219], [-9577802.7437, 5634325.309900001], [-9577807.5519, 5634336.6272], [-9577813.7938, 5634351.769400001], [-9577828.5852, 5634381.880400002], [-9577829.141, 5634382.798799999], [-9577847.3752, 5634415.360399999], [-9577853.8908, 5634428.3440999985], [-9577860.1634, 5634441.250200003], [-9577867.4601, 5634452.094499998], [-9577882.5409, 5634475.741099998], [-9577885.1804, 5634480.113300003], [-9577907.2813, 5634508.398199998], [-9577925.8344, 5634533.531099997], [-9577946.1529, 5634564.826700002], [-9577964.388, 5634597.388700001], [-9577979.3962, 5634628.6586000025], [-9577987.6562, 5634647.298100002], [-9577988.7214, 5634649.717200004], [-9578002.5645, 5634684.388999999], [-9578006.5816, 5634695.8693], [-9578016.9148, 5634726.439000003], [-9578048.3873, 5634804.365400001], [-9578051.1652, 5634811.376500003], [-9578066.5807, 5634851.044200003], [-9578079.7999, 5634879.726400003], [-9578081.5836, 5634883.312399998], [-9578093.9144, 5634903.571800001], [-9578112.1507, 5634936.1347], [-9578116.0413, 5634943.7875000015], [-9578140.2609, 5634992.326200001], [-9578172.0829, 5635050.459899999], [-9578203.3157, 5635100.138899997], [-9578234.5487, 5635149.818000004], [-9578264.3658, 5635196.938900001], [-9578300.0554, 5635243.991899997], [-9578317.935, 5635260.458899997], [-9578327.9599, 5635270.095299996], [-9578346.054, 5635288.301700003], [-9578359.055, 5635301.986500002], [-9578366.9778, 5635310.498199999], [-9578390.2412, 5635337.672399998], [-9578444.0374, 5635384.138499998], [-9578447.5682, 5635387.2086], [-9578457.1526, 5635391.898199998], [-9578480.4021, 5635403.545400001], [-9578500.2581, 5635413.9877], [-9578532.2819, 5635433.0392], [-9578562.9954, 5635454.1511999965], [-9578592.2668, 5635477.233499996], [-9578605.918, 5635489.118699998], [-9578625.0471, 5635506.315399997], [-9578634.9464, 5635515.428300001], [-9578667.0647, 5635545.703500003], [-9578671.2186, 5635549.658799998], [-9578697.2374, 5635576.376699999], [-9578704.926, 5635584.980099998], [-9578717.1312, 5635595.607500002], [-9578727.5517, 5635604.944300003], [-9578752.2567, 5635618.1351], [-9578758.9739, 5635621.7798999995], [-9578780.0575, 5635634.000299998], [-9578813.7882, 5635654.5295], [-9578824.7299, 5635661.359999999], [-9578847.4665, 5635676.6998], [-9578878.6499, 5635698.850599997], [-9578926.3622, 5635727.285700001], [-9578951.7971, 5635741.363799997], [-9578972.176, 5635741.903499998], [-9579005.5414, 5635744.375299998], [-9579015.2498, 5635745.383100003], [-9579019.0057, 5635745.785599999], [-9579055.8603, 5635751.089599997], [-9579092.2904, 5635758.800399996], [-9579128.1399, 5635768.884999998], [-9579163.2551, 5635781.3002], [-9579197.486, 5635795.993100002], [-9579230.6859, 5635812.900600001], [-9579254.8345, 5635826.998199999], [-9579278.7, 5635833.992899999], [-9579313.8159, 5635846.407700002], [-9579348.0473, 5635861.1000000015], [-9579381.2477, 5635878.007100001], [-9579413.275, 5635897.056500003], [-9579423.198, 5635903.554499999], [-9579438.8926, 5635908.281800002], [-9579474.009, 5635920.696099997], [-9579508.2408, 5635935.387900002], [-9579541.4419, 5635952.2946000025], [-9579573.4699, 5635971.343599997], [-9579604.1875, 5635992.453299999], [-9579622.2042, 5636006.286899999], [-9579636.9849, 5636018.112000003], [-9579648.2442, 5636027.358499996], [-9579675.953, 5636052.310400002], [-9579701.9762, 5636079.026900001], [-9579726.2022, 5636107.394000001], [-9579748.5272, 5636137.290100001], [-9579768.8557, 5636168.587200001], [-9579787.1006, 5636201.1511999965], [-9579803.1838, 5636234.8429000005], [-9579812.5098, 5636256.244900003], [-9579820.2253, 5636274.839900002], [-9579830.9431, 5636288.7993], [-9579848.6072, 5636307.3103], [-9579850.8348, 5636309.766400002], [-9579881.4049, 5636343.670500003], [-9579927.8714, 5636393.271700002], [-9579932.9895, 5636398.807899997], [-9579953.8954, 5636423.057599999], [-9579983.5081, 5636459.421899997], [-9580021.6543, 5636500.067100003], [-9580044.1151, 5636520.317000002], [-9580057.4994, 5636532.779100001], [-9580083.5251, 5636559.496100001], [-9580107.7536, 5636587.863600001], [-9580117.7818, 5636600.789399996], [-9580153.376, 5636648.051899999], [-9580188.9707, 5636695.314499997], [-9580219.7346, 5636734.943999998], [-9580250.4988, 5636774.573299997], [-9580278.7888, 5636810.471199997], [-9580307.0789, 5636846.368900001], [-9580325.7526, 5636871.447999999], [-9580354.4961, 5636912.342699997], [-9580383.2396, 5636953.237599999], [-9580396.477, 5636969.199199997], [-9580418.8064, 5636999.096500002], [-9580422.1032, 5637003.877099998], [-9580442.1026, 5637033.195799999], [-9580459.1389, 5637059.7139], [-9580477.388, 5637092.279799998], [-9580489.8152, 5637117.791199997], [-9580516.3306, 5637175.840400003], [-9580544.9673, 5637233.369199999], [-9580556.8492, 5637258.783500001], [-9580563.9095, 5637275.631200001], [-9580580.8687, 5637317.9848000035], [-9580597.828, 5637360.338600002], [-9580604.6249, 5637378.168899998], [-9580616.192, 5637413.6822], [-9580617.0531, 5637416.681999996], [-9580631.4526, 5637467.370200001], [-9580639.819, 5637500.567000002], [-9580646.6672, 5637537.2918], [-9580650.6642, 5637569.525799997], [-9580655.5796, 5637621.1021], [-9580666.3658, 5637695.689999998], [-9580669.0918, 5637717.4826000035], [-9580674.7763, 5637771.282399997], [-9580680.4608, 5637825.082699999], [-9580681.2668, 5637833.2742], [-9580688.3653, 5637911.149899997], [-9580693.5945, 5637953.9174000025], [-9580703.5726, 5638019.345399998], [-9580704.2896, 5638024.1862], [-9580712.818, 5638083.503600001], [-9580715.9632, 5638109.625299998], [-9580722.9604, 5638181.641099997], [-9580723.5037, 5638187.550700001], [-9580725.516, 5638224.8609], [-9580725.0918, 5638262.223399997], [-9580724.2427, 5638280.030100003], [-9580724.366, 5638282.466700003], [-9580727.8108, 5638321.6567], [-9580730.9241, 5638344.367200002], [-9580735.9133, 5638367.741999999], [-9580741.9484, 5638400.718199998], [-9580748.4861, 5638444.072099999], [-9580753.001, 5638468.548], [-9580755.9217, 5638485.866700001], [-9580760.3622, 5638522.966200002], [-9580762.3747, 5638560.2776999995], [-9580761.9505, 5638597.6417], [-9580759.0917, 5638634.8979], [-9580757.7661, 5638645.989200003], [-9580754.4237, 5638671.814900003], [-9580752.8366, 5638692.077500001], [-9580751.2921, 5638722.583999999], [-9580751.7708, 5638745.088299997], [-9580751.3467, 5638782.453000002], [-9580748.4877, 5638819.710000001], [-9580747.9286, 5638824.613399997], [-9580739.7142, 5638894.009499997], [-9580734.9915, 5638926.096199997], [-9580729.8745, 5638951.700800002], [-9580719.3665, 5638998.680200003], [-9580716.8017, 5639009.640100002], [-9580707.1907, 5639044.224699996], [-9580697.6678, 5639074.7421], [-9580685.2944, 5639109.988399997], [-9580670.6497, 5639144.347199999], [-9580653.7966, 5639177.671800002], [-9580635.4542, 5639208.798699997], [-9580627.0014, 5639227.8631], [-9580610.148, 5639261.187700003], [-9580593.2254, 5639290.058399998], [-9580587.5991, 5639299.043399997], [-9580582.752, 5639308.363499999], [-9580581.5128, 5639310.857699998], [-9580579.6764, 5639319.119900003], [-9580576.9416, 5639330.8413999975], [-9580567.0734, 5639366.246399999], [-9580553.2778, 5639410.229599997], [-9580541.5301, 5639443.855300002], [-9580539.5309, 5639455.952600002], [-9580536.7767, 5639470.478399999], [-9580529.2697, 5639507.456900001], [-9580526.1498, 5639531.325199999], [-9580522.2851, 5639556.515600003], [-9580516.3611, 5639585.671999998], [-9580509.6445, 5639614.827], [-9580501.3675, 5639661.4619999975], [-9580499.269, 5639672.639899999], [-9580493.5019, 5639701.760899998], [-9580492.2705, 5639711.032700002], [-9580492.7823, 5639735.130900003], [-9580492.5779, 5639766.850699998], [-9580491.9987, 5639783.809500001], [-9580492.4625, 5639805.640799999], [-9580492.7333, 5639811.213299997], [-9580493.6054, 5639816.742200002], [-9580503.4371, 5639861.304899998], [-9580515.6239, 5639914.4582], [-9580529.2066, 5639966.306299999], [-9580534.4738, 5639988.152599998], [-9580540.9095, 5640022.222400002], [-9580542.3547, 5640031.385399997], [-9580542.6933, 5640032.914899997], [-9580549.543, 5640069.649899997], [-9580553.9834, 5640106.755999997], [-9580555.9954, 5640144.074100003], [-9580556.1098, 5640160.394100003], [-9580556.0444, 5640169.401299998], [-9580557.9161, 5640177.6044000015], [-9580564.7397, 5640214.168200001], [-9580566.9658, 5640228.697899997], [-9580573.9256, 5640251.598700002], [-9580576.012, 5640258.625600003], [-9580583.8988, 5640288.8904], [-9580587.9663, 5640306.234399997], [-9580607.4787, 5640348.3522000015], [-9580608.5768, 5640350.737099998], [-9580631.3497, 5640400.4903], [-9580642.2235, 5640423.228299998], [-9580660.5589, 5640453.7151999995], [-9580678.7008, 5640482.0955], [-9580691.9785, 5640500.3596], [-9580712.3201, 5640531.669500001], [-9580730.5773, 5640564.247500002], [-9580738.5329, 5640580.202399999], [-9580744.872, 5640593.427599996], [-9580753.011, 5640611.178800002], [-9580759.2819, 5640626.064900003], [-9580764.7953, 5640635.003600001], [-9580783.0528, 5640667.581699997], [-9580799.1478, 5640701.288199998], [-9580813.011, 5640735.978799999], [-9580824.5832, 5640771.505000003], [-9580833.8149, 5640807.714599997], [-9580840.6663, 5640844.452500001], [-9580845.1082, 5640881.561499998], [-9580846.5675, 5640903.0864999965], [-9580850.2428, 5640924.414899997], [-9580854.6849, 5640961.524300002], [-9580856.6983, 5640998.845799997], [-9580857.4347, 5641033.448100001], [-9580857.0109, 5641070.822099999], [-9580856.615, 5641078.612800002], [-9580853.509, 5641132.505599998], [-9580851.0455, 5641161.981600001], [-9580849.9577, 5641171.2124999985], [-9580848.8326, 5641180.135499999], [-9580849.1361, 5641188.310599998], [-9580848.977, 5641234.7513], [-9580846.1176, 5641272.018299997], [-9580844.9938, 5641281.533200003], [-9580839.289, 5641326.600100003], [-9580835.13, 5641354.085000001], [-9580832.0382, 5641370.264300004], [-9580821.6055, 5641420.898900002], [-9580817.0138, 5641441.294], [-9580810.3726, 5641466.051600002], [-9580811.0735, 5641486.5264], [-9580813.415, 5641516.4081000015], [-9580814.1631, 5641527.2831000015], [-9580819.0434, 5641609.7214], [-9580821.851, 5641660.109099999], [-9580824.6587, 5641710.497000001], [-9580828.9999, 5641770.369199999], [-9580836.2482, 5641846.890000001], [-9580836.6586, 5641851.414899997], [-9580838.6722, 5641888.740000002], [-9580838.7667, 5641894.570699997], [-9580839.1026, 5641924.833499998], [-9580844.6226, 5641973.435599998], [-9580850.4547, 5642023.064000003], [-9580856.2868, 5642072.692699999], [-9580867.7565, 5642134.052900001], [-9580868.9038, 5642140.3873], [-9580878.5583, 5642195.455300003], [-9580879.4163, 5642200.4799000025], [-9580881.798, 5642214.813500002], [-9580891.3723, 5642248.538699999], [-9580899.7115, 5642281.637999997], [-9580901.5285, 5642290.188500002], [-9580911.6717, 5642339.780100003], [-9580919.0957, 5642376.218800001], [-9580925.512, 5642394.767499998], [-9580942.2938, 5642441.334700003], [-9580950.8147, 5642466.8413999975], [-9580970.6464, 5642531.197499998], [-9580988.6587, 5642581.859099999], [-9580998.6171, 5642605.351899996], [-9581007.2278, 5642626.867799997], [-9581026.3461, 5642677.597199999], [-9581039.1963, 5642711.946400002], [-9581041.2566, 5642717.542599998], [-9581042.7767, 5642721.790799998], [-9581066.1095, 5642787.817699999], [-9581075.5997, 5642813.6611], [-9581077.5404, 5642816.651299998], [-9581087.1845, 5642832.040600002], [-9581103.4285, 5642858.900899999], [-9581115.4369, 5642876.149400003], [-9581135.5517, 5642907.131300002], [-9581153.8152, 5642939.716799997], [-9581169.9156, 5642973.431100003], [-9581173.0083, 5642980.624799997], [-9581184.5313, 5643005.313199997], [-9581198.3996, 5643040.012100004], [-9581209.9764, 5643075.546800002], [-9581219.2119, 5643111.765100002], [-9581225.6146, 5643145.606799997], [-9581227.3678, 5643151.531300001], [-9581236.6035, 5643187.75], [-9581243.4584, 5643224.497299999], [-9581247.9032, 5643261.615800001], [-9581249.4814, 5643285.663800001], [-9581250.6437, 5643311.761], [-9581251.0811, 5643325.043799996], [-9581250.6588, 5643362.427299999], [-9581247.8005, 5643399.703199998], [-9581243.8871, 5643428.601300001], [-9581243.3743, 5643447.0261999965], [-9581240.5157, 5643484.3024], [-9581235.2335, 5643521.311399996], [-9581227.4695, 5643558.221600004], [-9581225.1778, 5643586.454300001], [-9581223.6456, 5643602.5211], [-9581218.3631, 5643639.530500002], [-9581212.1824, 5643669.807999998], [-9581199.3487, 5643725.0326000005], [-9581197.8455, 5643731.339100003], [-9581187.7931, 5643767.340599999], [-9581184.5219, 5643777.407899998], [-9581174.2668, 5643808.004299998], [-9581165.1599, 5643833.202], [-9581158.6278, 5643849.303999998], [-9581143.0503, 5643886.0901999995], [-9581134.9319, 5643904.365900002], [-9581118.0714, 5643937.7086], [-9581112.6376, 5643947.410099998], [-9581105.6522, 5643959.602399997], [-9581102.3478, 5643967.135399997], [-9581097.127, 5643978.6884], [-9581087.5877, 5643998.211199999], [-9581086.8051, 5644000.004100002], [-9581080.4933, 5644021.519299999], [-9581076.6359, 5644033.325599998], [-9581065.2336, 5644066.9848000035], [-9581062.6554, 5644074.426899999], [-9581050.0798, 5644109.9344], [-9581049.2929, 5644112.141999997], [-9581045.2901, 5644127.457000002], [-9581040.2264, 5644145.792000003], [-9581034.4706, 5644165.279100001], [-9581022.0915, 5644200.545400001], [-9581007.4399, 5644234.924000002], [-9580990.5784, 5644268.2676], [-9580974.2564, 5644296.180500001], [-9580967.9292, 5644317.751199998], [-9580955.5496, 5644353.0178999975], [-9580940.8976, 5644387.397], [-9580939.4944, 5644390.389600001], [-9580929.1738, 5644412.237499997], [-9580927.3689, 5644418.621799998], [-9580922.5463, 5644434.768100001], [-9580902.2658, 5644498.751900002], [-9580891.8127, 5644534.1467999965], [-9580887.9975, 5644547.640299998], [-9580886.1113, 5644558.634499997], [-9580885.6658, 5644561.196099997], [-9580878.4858, 5644595.696099997], [-9580871.7263, 5644623.8112], [-9580869.3154, 5644641.241300002], [-9580864.6295, 5644678.979999997], [-9580860.2993, 5644707.828400001], [-9580852.6131, 5644744.416100003], [-9580850.8068, 5644751.6049000025], [-9580839.6087, 5644794.983499996], [-9580833.9524, 5644815.336599998], [-9580832.0307, 5644821.787799999], [-9580830.5571, 5644829.808300003], [-9580823.6075, 5644862.302199997], [-9580813.5524, 5644898.307800002], [-9580811.2872, 5644905.344999999], [-9580809.3444, 5644921.380199999], [-9580806.7033, 5644940.482699998], [-9580802.4389, 5644967.916000001], [-9580800.5419, 5644979.356200002], [-9580798.3724, 5644990.9648], [-9580791.2598, 5645026.965999998], [-9580785.7425, 5645051.946199998], [-9580775.6869, 5645087.952399999], [-9580763.3056, 5645123.222000003], [-9580748.6515, 5645157.603600003], [-9580731.7874, 5645190.950099997], [-9580724.3191, 5645204.1721], [-9580718.4393, 5645214.266900003], [-9580708.8, 5645248.579700001], [-9580696.4182, 5645283.849799998], [-9580681.7634, 5645318.231899999], [-9580677.8258, 5645326.519100003], [-9580676.7026, 5645335.704300001], [-9580673.0121, 5645363.989200003], [-9580669.7855, 5645395.2733], [-9580669.3947, 5645398.945900001], [-9580664.1089, 5645435.962300003], [-9580656.4214, 5645472.5528], [-9580653.0474, 5645485.6818], [-9580640.6876, 5645531.519299999], [-9580634.0051, 5645554.3983], [-9580623.6982, 5645584.240400001], [-9580601.3242, 5645643.660400003], [-9580599.2484, 5645649.089500003], [-9580596.6627, 5645655.631399997], [-9580578.7239, 5645700.212700002], [-9580566.6538, 5645728.054200001], [-9580558.4179, 5645745.015100002], [-9580540.3852, 5645780.644699998], [-9580531.7552, 5645797.032200001], [-9580512.7511, 5645829.202399999], [-9580491.6905, 5645860.056900002], [-9580475.3118, 5645881.373000003], [-9580458.1682, 5645902.629900001], [-9580438.649, 5645931.072099999], [-9580415.6217, 5645960.478799999], [-9580401.0841, 5645977.174000002], [-9580358.4427, 5646024.268100001], [-9580348.085, 5646035.405599996], [-9580334.731, 5646048.928099997], [-9580306.8234, 5646076.262100004], [-9580293.5206, 5646088.879000001], [-9580265.2165, 5646113.213399999], [-9580235.3866, 5646135.6382], [-9580204.1586, 5646156.057700001], [-9580171.666, 5646174.384199999], [-9580138.0483, 5646190.539399996], [-9580103.5956, 5646204.400700003], [-9580073.3758, 5646215.426100001], [-9580037.9436, 5646227.040299997], [-9580001.8302, 5646236.3046], [-9580000.2008, 5646237.006899998], [-9579955.2488, 5646277.527000003], [-9579936.3223, 5646296.426299997], [-9579902.4544, 5646333.748099998], [-9579867.7791, 5646372.409699999], [-9579841.9283, 5646405.278399996], [-9579809.8348, 5646448.068700001], [-9579770.3295, 5646507.212099999], [-9579756.3068, 5646527.262599997], [-9579749.7267, 5646536.075800002], [-9579705.3814, 5646594.292599998], [-9579688.9301, 5646614.886200003], [-9579664.0308, 5646642.718800001], [-9579656.3735, 5646650.581600003], [-9579640.3482, 5646666.7233000025], [-9579621.3448, 5646684.999600001], [-9579593.0372, 5646709.333499998], [-9579587.8288, 5646713.472099997], [-9579581.3344, 5646720.719300002], [-9579568.9758, 5646734.075800002], [-9579542.3146, 5646760.214900002], [-9579522.5253, 5646777.561099999], [-9579515.2559, 5646785.313600004], [-9579488.5946, 5646811.4526999965], [-9579460.2861, 5646835.786399998], [-9579433.6922, 5646855.920000002], [-9579431.2499, 5646858.142200001], [-9579404.8609, 5646880.721199997], [-9579375.0262, 5646903.145000003], [-9579343.7936, 5646923.563199997], [-9579311.3549, 5646941.857699998], [-9579304.6503, 5646947.446099997], [-9579282.603, 5646965.5385000035], [-9579278.2163, 5646969.101999998], [-9579248.3812, 5646991.525700003], [-9579235.4448, 5647000.338200003], [-9579187.9184, 5647031.766900003], [-9579151.1557, 5647056.2776999995], [-9579131.0628, 5647069.075499997], [-9579128.7405, 5647070.479500003], [-9579086.8386, 5647095.6787], [-9579056.6627, 5647112.598999999], [-9579023.0395, 5647128.751599997], [-9578988.4352, 5647142.663199998], [-9578957.1523, 5647153.045299999], [-9578911.3709, 5647166.7786], [-9578907.4942, 5647167.9265], [-9578896.6037, 5647172.021499999], [-9578861.1663, 5647183.632299997], [-9578825.0477, 5647192.892700002], [-9578788.4028, 5647199.7632], [-9578765.1817, 5647202.843500003], [-9578709.1731, 5647209.100400001], [-9578673.7088, 5647214.483800001], [-9578637.7299, 5647218.7764], [-9578600.5043, 5647220.7883], [-9578589.7622, 5647220.9142], [-9578557.6351, 5647220.986199997], [-9578531.1006, 5647220.4252], [-9578508.2803, 5647218.947999999], [-9578468.1999, 5647215.541599996], [-9578457.609, 5647214.5414], [-9578395.5567, 5647208.094400004], [-9578354.4307, 5647207.752899997], [-9578317.2621, 5647204.871799998], [-9578280.3608, 5647199.557899997]]]]}}, {"type": "Feature", "properties": {"OBJECTID": 411, "CreationDate": "2025-01-14T11:11:14Z", "Creator": "NPS_WASO_LANDS", "EditDate": "2025-01-14T11:11:14Z", "Editor": "NPS_WASO_LANDS", "GlobalID": "{79443342-87A9-41B3-956D-840CB098F441}", "AreaID": 434, "UNIT_CODE": "NOCO", "GIS_Notes": "Lands - http://landsnet.nps.gov/tractsnet/documents/NOCO/Metadata/noco_metadata.xml", "UNIT_NAME": "North Country National Scenic Trail", "DATE_EDIT": "2021-03-04T00:00:00Z", "STATE": "MI", "REGION": "MW", "GNIS_ID": "1622686", "UNIT_TYPE": "National Scenic Trail", "CREATED_BY": "Lands", "METADATA": "https://irma.nps.gov/DataStore/Reference/Profile/2278886", "PARKNAME": "North Country", "SHAPE_Length": 14221.743409712162, "SHAPE_Area": 2393637.3512778403}, "geometry": {"type": "MultiPolygon", "coordinates": [[[[-9500719.021, 5214550.965400003], [-9500810.6699, 5214533.982799999], [-9500813.565, 5214805.547200002], [-9500816.5806, 5215088.495899998], [-9500586.7437, 5215088.156800002], [-9500584.6241, 5214805.094300002], [-9500361.9135, 5214804.649300002], [-9500312.9005, 5214804.548], [-9500321.7987, 5214804.0722], [-9500330.5906, 5214802.615199998], [-9500339.1689, 5214800.194600001], [-9500347.4292, 5214796.840099998], [-9500355.2711, 5214792.592699997], [-9500362.5989, 5214787.504000001], [-9500369.3235, 5214781.635700002], [-9500374.6149, 5214776.527000003], [-9500497.0205, 5214636.228799999], [-9500506.191, 5214626.400899999], [-9500515.9953, 5214617.210000001], [-9500526.3898, 5214608.697300002], [-9500537.3278, 5214600.9011999965], [-9500548.7607, 5214593.855999999], [-9500560.6369, 5214587.593599997], [-9500572.9037, 5214582.141800001], [-9500585.506, 5214577.525200002], [-9500598.3877, 5214573.764300004], [-9500611.4908, 5214570.875799999], [-9500628.8818, 5214567.658399999], [-9500719.021, 5214550.965400003]]], [[[-9500541.5166, 5212361.170299999], [-9500782.7392, 5212155.658799998], [-9500783.1248, 5212184.532700002], [-9500783.168, 5212187.765500002], [-9500784.263, 5212269.721199997], [-9500788.7063, 5212602.3046], [-9500796.1485, 5213159.317699999], [-9500801.2267, 5213641.334700003], [-9500821.0308, 5213641.421700001], [-9500932.7598, 5213641.927699998], [-9500933.5287, 5213711.058700003], [-9500938.665, 5214174.2250000015], [-9500939.5703, 5214255.8374999985], [-9500939.5947, 5214257.9344], [-9500939.627, 5214260.715899996], [-9500942.2373, 5214495.7282000035], [-9500942.3852, 5214509.571199998], [-9500913.5765, 5214514.908], [-9500913.4714, 5214501.060099997], [-9500911.6607, 5214260.593900003], [-9500807.7509, 5214260.139799997], [-9500716.8272, 5214259.630500004], [-9500539.7686, 5214258.639300004], [-9500535.959, 5213913.971699998], [-9500533.7024, 5213709.377999999], [-9500527.623, 5213158.943300001], [-9500519.1462, 5212764.382299997], [-9500584.9141, 5212758.525799997], [-9500580.7974, 5212605.074900001], [-9500579.0888, 5212534.4344], [-9500567.9999, 5212455.111900002], [-9500541.5166, 5212361.170299999]]], [[[-10219136.3252, 5843420.1598000005], [-10219159.6969, 5842841.517700002], [-10219722.8785, 5842846.890799999], [-10220286.1054, 5842852.226599999], [-10220263.9683, 5843430.844300002], [-10220830.673, 5843436.247199997], [-10220812.0123, 5844015.006099999], [-10220793.3952, 5844593.801399998], [-10220219.6917, 5844588.374399997], [-10220241.8311, 5844009.590400003], [-10219677.2642, 5844004.281499997], [-10219700.0715, 5843425.521899998], [-10219136.3252, 5843420.1598000005]]]]}}]}