{"type": "FeatureCollection", "name": "Minnesota_park", "crs": {"type": "name", "properties": {"name": "urn:ogc:def:crs:EPSG::3857"}}, "features": [{"type": "Feature", "properties": {"OBJECTID": 22, "CreationDate": "2025-01-14T11:11:09Z", "Creator": "NPS_WASO_LANDS", "EditDate": "2025-01-14T11:11:09Z", "Editor": "NPS_WASO_LANDS", "GlobalID": "{52CFB48F-2B32-412E-A823-3ABF429CDB6F}", "AreaID": 281, "UNIT_CODE": "VOYA", "GIS_Notes": "Lands - http://landsnet.nps.gov/tractsnet/documents/VOYA/Metadata/voya_metadata.xml", "UNIT_NAME": "Voyageurs National Park", "DATE_EDIT": "2024-12-18T00:00:00Z", "STATE": "MN", "REGION": "MW", "GNIS_ID": "660491", "UNIT_TYPE": "National Park", "CREATED_BY": "Lands", "METADATA": "https://irma.nps.gov/DataStore/Reference/Profile/2224529", "PARKNAME": "Voyageurs", "SHAPE_Length": 386650.1622220539, "SHAPE_Area": 1882513932.424693}, "geometry": {"type": "MultiPolygon", "coordinates": [[[[-10369357.3935, 6202943.570699997], [-10369361.2853, 6202943.1096], [-10369366.7821, 6202946.316500001], [-10369371.3642, 6202951.358599998], [-10369371.8253, 6202956.403499998], [-10369371.6, 6202961.907300003], [-10369370.9165, 6202967.182099998], [-10369364.968, 6202973.607000001], [-10369357.4156, 6202978.198399998], [-10369350.0905, 6202979.808200002], [-10369341.3901, 6202979.1259], [-10369335.6638, 6202975.001699999], [-10369335.2013, 6202967.892999999], [-10369336.3418, 6202961.012599997], [-10369342.9767, 6202953.8994999975], [-10369349.1545, 6202948.1625000015], [-10369353.0451, 6202945.866700001], [-10369357.3935, 6202943.570699997]]], [[[-10367773.6887, 6201218.162199996], [-10367781.9786, 6201206.1778], [-10367801.254, 6201206.199199997], [-10367820.5643, 6201215.901799999], [-10367831.5673, 6201232.944899999], [-10367829.7202, 6201250.462899998], [-10367812.2542, 6201249.986900002], [-10367800.7749, 6201246.755000003], [-10367782.4137, 6201234.2836000025], [-10367773.6887, 6201218.162199996]]], [[[-10369266.5745, 6202971.629600003], [-10369270.1322, 6202967.6633], [-10369285.2941, 6202969.045599997], [-10369294.0223, 6202982.884099998], [-10369292.6295, 6202999.013700001], [-10369290.3174, 6203016.5361], [-10369292.101, 6203022.118000001], [-10369293.9905, 6203028.078100003], [-10369301.3445, 6203039.602600001], [-10369292.6146, 6203046.976599999], [-10369280.1944, 6203039.5858], [-10369265.0347, 6203017.913800001], [-10369254.0263, 6203000.3847], [-10369257.7104, 6202981.484899998], [-10369266.5745, 6202971.629600003]]], [[[-10369526.1125, 6203712.8389], [-10369552.3169, 6203710.551799998], [-10369558.748, 6203716.539499998], [-10369549.9967, 6203738.198399998], [-10369562.4084, 6203753.427500002], [-10369561.4794, 6203763.112199999], [-10369522.3989, 6203778.300099999], [-10369499.875, 6203779.676799998], [-10369493.4548, 6203767.2124999985], [-10369513.6898, 6203749.253300004], [-10369505.8919, 6203729.421099998], [-10369507.0529, 6203728.451899998], [-10369526.1125, 6203712.8389]]], [[[-10294676.3763, 6157211.199699998], [-10294690.1758, 6157202.626500003], [-10294723.529, 6157205.2282000035], [-10294758.7288, 6157256.459700003], [-10294742.3759, 6157293.4441], [-10294697.9906, 6157296.698799998], [-10294667.1098, 6157273.933300003], [-10294662.3299, 6157246.832800001], [-10294676.3763, 6157211.199699998]]], [[[-10294463.6694, 6157122.517499998], [-10294476.9887, 6157113.940800004], [-10294504.3701, 6157120.152400002], [-10294517.9296, 6157137.7211000025], [-10294563.9417, 6157206.484499998], [-10294558.6678, 6157233.488700002], [-10294526.4918, 6157250.612899996], [-10294509.1157, 6157250.457500003], [-10294482.3357, 6157229.109099999], [-10294474.0319, 6157186.823799998], [-10294460.5798, 6157159.638300002], [-10294463.6694, 6157122.517499998]]], [[[-10369562.2944, 6203945.6752], [-10369561.3935, 6203929.545299999], [-10369575.1775, 6203920.805100001], [-10369594.04, 6203903.284900002], [-10369631.7437, 6203904.243199997], [-10369647.8217, 6203896.878300004], [-10369680.4695, 6203895.524599999], [-10369714.2431, 6203885.560000002], [-10369731.967, 6203880.342600003], [-10369791.2632, 6203885.446400002], [-10369829.8687, 6203903.456600003], [-10369851.4421, 6203923.294500001], [-10369855.1226, 6203943.5836], [-10369847.7403, 6203958.7962], [-10369827.5284, 6203966.164399996], [-10369763.6324, 6203964.7258], [-10369749.3533, 6203955.096699998], [-10369735.5873, 6203945.800099999], [-10369720.8882, 6203939.8028], [-10369710.7857, 6203948.5559], [-10369710.7751, 6203955.183700003], [-10369710.7636, 6203982.663099997], [-10369702.0162, 6203987.723099999], [-10369657.8946, 6203978.477300003], [-10369628.9118, 6203978.451499999], [-10369617.8997, 6203958.621100001], [-10369596.2928, 6203955.836199999], [-10369573.7801, 6203952.144000001], [-10369562.2944, 6203945.6752]]], [[[-10371266.4592, 6207656.907499999], [-10371235.2196, 6207609.400399998], [-10371235.2233, 6207596.033399999], [-10371248.5721, 6207585.425099999], [-10371306.518, 6207586.8433], [-10371342.3909, 6207598.846900001], [-10371395.735, 6207602.100199997], [-10371444.9327, 6207627.489100002], [-10371478.9674, 6207625.657300003], [-10371520.8294, 6207633.507100001], [-10371552.0869, 6207631.677599996], [-10371577.3787, 6207625.705499999], [-10371592.0967, 6207627.554300003], [-10371614.63, 6207642.323899999], [-10371616.0046, 6207660.322099999], [-10371599.4449, 6207675.081699997], [-10371532.7376, 6207700.4076000005], [-10371508.8146, 6207718.398400001], [-10371480.7355, 6207764.504699998], [-10371442.9671, 6207760.753600001], [-10371284.3609, 6207745.027599998], [-10371277.0109, 6207728.427100003], [-10371297.7218, 6207695.6647000015], [-10371293.1368, 6207682.286499999], [-10371263.2358, 6207682.2820999995], [-10371266.4592, 6207656.907499999]]], [[[-10374764.6824, 6206249.821199998], [-10374833.2029, 6206241.4111], [-10374958.2956, 6206241.870499998], [-10375015.3047, 6206237.270900004], [-10375069.546, 6206228.042999998], [-10375129.7996, 6206211.889700003], [-10375197.6594, 6206187.596500002], [-10375241.9877, 6206165.789300002], [-10375281.9828, 6206157.033], [-10375313.9314, 6206157.4899], [-10375345.8802, 6206157.946599998], [-10375382.5151, 6206155.736000001], [-10375382.5101, 6206155.921700001], [-10375367.6909, 6206695.932099998], [-10375367.6358, 6206697.9428], [-10374753.9834, 6206689.7798999995], [-10374759.0689, 6206442.956299998], [-10374759.3182, 6206430.861699998], [-10374759.3183, 6206430.857299998], [-10374761.6439, 6206339.336400002], [-10374764.6824, 6206249.821199998]]], [[[-10372629.4627, 6205912.898900002], [-10372594.4975, 6205912.9043999985], [-10372549.4567, 6205917.960100003], [-10372511.7474, 6205935.464299999], [-10372487.8373, 6205959.432499997], [-10372461.1606, 6205993.544200003], [-10372431.2546, 6206012.917199999], [-10372402.7373, 6206017.516599998], [-10372368.7046, 6206014.735299997], [-10372337.007, 6206013.279200003], [-10372347.6125, 6205391.986100003], [-10371926.5146, 6205382.799900003], [-10370342.1416, 6205341.590099998], [-10370351.8796, 6204127.703900002], [-10370355.1608, 6203897.211900003], [-10370916.333, 6203915.011399999], [-10370968.5697, 6203916.6664], [-10371346.2391, 6203928.622500002], [-10371419.1155, 6203930.927699998], [-10371652.3679, 6203938.301700003], [-10371647.9977, 6204123.573899999], [-10371647.0351, 6204164.378700003], [-10371666.7523, 6204178.191500001], [-10371697.9994, 6204211.877599999], [-10371733.8458, 6204258.9366], [-10371751.7473, 6204283.373999998], [-10371759.9447, 6204288.5568], [-10371769.2141, 6204294.434799999], [-10371797.1974, 6204321.995399997], [-10371796.0317, 6204366.8945999965], [-10372358.8687, 6204384.6668], [-10372849.8001, 6204384.920400001], [-10372845.0731, 6204792.633400001], [-10372840.1225, 6205091.6543999985], [-10373111.3531, 6205091.713799998], [-10373106.6817, 6205406.9036], [-10373561.8974, 6205415.8292], [-10374326.6332, 6205430.7119999975], [-10374309.3468, 6206181.732699998], [-10374309.3419, 6206181.945799999], [-10374307.5321, 6206260.569399998], [-10374307.3485, 6206268.549400002], [-10374307.3454, 6206268.678599998], [-10374307.3335, 6206269.195799999], [-10374307.3287, 6206269.409100004], [-10374303.6188, 6206430.578000002], [-10374150.3315, 6206468.167000003], [-10373927.2569, 6206524.845899999], [-10373647.1801, 6206595.5889], [-10373598.6432, 6206489.696599998], [-10373559.5817, 6206419.1457], [-10373544.3762, 6206398.395999998], [-10373545.708, 6206324.538900003], [-10373466.9002, 6206324.430799998], [-10373417.0061, 6206282.0151999965], [-10373268.9779, 6206160.684199996], [-10373143.0161, 6206052.753399998], [-10373108.5306, 6206022.307999998], [-10373093.3679, 6206011.699299999], [-10373089.5639, 6206010.689300001], [-10373065.3211, 6206004.313100003], [-10372807.3954, 6205939.685999997], [-10372760.4979, 6205929.533699997], [-10372650.5321, 6205915.5867], [-10372629.4627, 6205912.898900002]]], [[[-10347117.1214, 6212176.292599998], [-10347126.5566, 6210954.159900002], [-10347131.257, 6210343.718199998], [-10347135.972, 6209733.289300002], [-10347144.2186, 6208662.806400001], [-10346948.9071, 6208642.090899996], [-10346343.2528, 6208577.864200003], [-10345737.6678, 6208513.640799999], [-10345675.7153, 6208507.0603], [-10344868.5604, 6208421.469300002], [-10344224.7592, 6207893.495200001], [-10343478.6149, 6207281.611299999], [-10343278.8546, 6207117.785700001], [-10342702.1213, 6206644.836900003], [-10342682.1008, 6206642.062899999], [-10342086.8348, 6206560.0176], [-10341491.8066, 6206477.992899999], [-10340970.4701, 6206406.129500002], [-10340898.3236, 6206369.519199997], [-10340252.3483, 6206041.741999999], [-10339706.7819, 6205764.9287], [-10339113.3637, 6205463.827299997], [-10338517.8774, 6205161.690200001], [-10337811.1258, 6204803.0858], [-10337331.6544, 6204559.804499999], [-10336736.0965, 6204257.620099999], [-10336594.9639, 6204186.0205999985], [-10336139.1795, 6203954.749600001], [-10335531.6854, 6203646.516999997], [-10335343.4452, 6203551.005400002], [-10334932.3223, 6203342.410400003], [-10333780.1329, 6202757.793300003], [-10333180.4258, 6202453.518200003], [-10332589.7496, 6202153.8134], [-10331994.1611, 6201851.624399997], [-10331601.8521, 6201652.586000003], [-10331398.6742, 6201549.480300002], [-10330792.4656, 6201241.909000002], [-10330388.6664, 6201037.021300003], [-10329628.8232, 6200651.490000002], [-10329191.787, 6200429.758500002], [-10329038.9794, 6200352.2104], [-10328432.893, 6200044.696099997], [-10327841.2808, 6199744.5308], [-10327243.3445, 6199441.146899998], [-10326645.2394, 6199137.685800001], [-10326039.2475, 6198830.211400002], [-10325436.9089, 6198524.611699998], [-10324832.8077, 6198218.110200003], [-10324228.7492, 6197911.607299998], [-10323622.8231, 6197604.186700001], [-10323017.4813, 6197297.054300003], [-10322498.2944, 6197033.6241], [-10321831.535, 6197130.494599998], [-10321231.9412, 6197217.5934000015], [-10320631.339, 6197304.857799999], [-10320031.9466, 6197391.9362], [-10319450.7977, 6197476.361400001], [-10319432.5397, 6197476.523900002], [-10319432.542, 6197479.003700003], [-10318835.8256, 6197565.696599998], [-10318239.0367, 6197652.409000002], [-10317648.0597, 6197738.2654], [-10317057.0707, 6197824.127400003], [-10316448.8985, 6197912.485699996], [-10315840.7135, 6198000.847099997], [-10315232.516, 6198089.196500003], [-10314644.1338, 6198174.683899999], [-10314003.6339, 6198019.571599998], [-10313382.9849, 6197869.263899997], [-10312762.3573, 6197718.9595], [-10312141.7662, 6197568.6581000015], [-10312090.0537, 6197556.1435], [-10311944.6341, 6196883.028700002], [-10311683.2756, 6195673.260499999], [-10311523.1992, 6194932.337099999], [-10311350.852, 6194134.596299998], [-10311242.7134, 6193871.375299998], [-10311053.1375, 6193409.939800002], [-10311209.7026, 6192782.978399999], [-10311162.5679, 6192657.391099997], [-10311004.1021, 6192573.207900003], [-10311340.5526, 6192211.075000003], [-10311412.9295, 6192174.766000003], [-10311522.1875, 6192066.736100003], [-10311650.0104, 6191940.368199997], [-10311692.24, 6191776.186700001], [-10311766.4284, 6191533.672700003], [-10311535.8182, 6191381.092799999], [-10311515.6231, 6191367.731200002], [-10311499.4451, 6191345.030199997], [-10311221.5433, 6190954.960100003], [-10311626.7053, 6190535.589599997], [-10312095.0155, 6190378.034100004], [-10312345.0808, 6190293.9045], [-10312515.9779, 6190324.450400002], [-10312672.6368, 6190381.090899996], [-10313448.821, 6190385.775899999], [-10313930.6387, 6190573.386200003], [-10314236.0747, 6190692.311899997], [-10314541.206, 6190357.131999999], [-10315057.2886, 6189790.227300003], [-10315757.1248, 6189838.458400004], [-10316365.8269, 6189880.387900002], [-10316974.5195, 6189922.334600002], [-10317585.0099, 6189964.3992], [-10317759.9787, 6189976.460100003], [-10318197.558, 6189846.2907000035], [-10318808.478, 6189664.575499997], [-10319117.843, 6189572.5603], [-10319198.2192, 6189548.6417], [-10319454.6694, 6187991.166199997], [-10319479.4788, 6187840.570699997], [-10319524.0305, 6187742.610699996], [-10320072.7631, 6186536.181000002], [-10320076.1129, 6186528.828500003], [-10320379.9262, 6185860.865699999], [-10320320.7825, 6185548.217200004], [-10320298.8596, 6185432.289899997], [-10320317.1551, 6185383.852300003], [-10320343.5372, 6185314.0446000025], [-10320573.5891, 6184705.1162], [-10320691.6232, 6184392.709200002], [-10320763.4584, 6184202.5964], [-10320695.1764, 6184121.632299997], [-10320673.4485, 6184095.857299998], [-10320108.1798, 6183425.471199997], [-10319521.7261, 6182729.962099999], [-10319140.6415, 6182278.012199998], [-10318636.0602, 6181679.586400002], [-10318327.5664, 6181313.717100002], [-10318130.068, 6181079.504100002], [-10318033.6332, 6180965.119599998], [-10317198.5762, 6180776.031400003], [-10316600.564, 6180640.6021], [-10316002.5703, 6180505.193599999], [-10315296.2035, 6180345.228699997], [-10314652.2495, 6179870.146399997], [-10314485.8111, 6179747.353299998], [-10314206.8982, 6179768.756499998], [-10313606.0945, 6179814.860200003], [-10313005.6303, 6179860.9243], [-10312548.1278, 6179896.032200001], [-10311801.9422, 6179953.287600003], [-10311198.7184, 6179999.571500003], [-10310594.5094, 6180045.927900001], [-10309992.2504, 6180092.148500003], [-10309386.4774, 6180138.621799998], [-10308780.6825, 6180185.112899996], [-10308174.7454, 6180231.605700001], [-10307569.7799, 6180278.017300002], [-10306969.8507, 6180324.057599999], [-10306369.8998, 6180370.101300001], [-10305618.1189, 6180427.781199999], [-10305103.676, 6180567.008299999], [-10304935.3973, 6180612.5326000005], [-10304502.9714, 6180729.561300002], [-10303901.8369, 6180892.223399997], [-10303300.6944, 6181054.906900004], [-10302643.5482, 6181232.742799997], [-10302098.1294, 6181380.336199999], [-10301211.0352, 6181620.391800001], [-10300895.3605, 6181632.420199998], [-10300294.1142, 6181655.336800002], [-10299696.1159, 6181678.130000003], [-10299098.1142, 6181700.911899999], [-10298770.7066, 6181713.3923999965], [-10298493.2101, 6181694.740599997], [-10297929.963, 6181656.909000002], [-10297888.2673, 6181599.188299999], [-10297648.6759, 6181267.680200003], [-10297283.9186, 6180762.976899996], [-10297209.6709, 6180660.259199999], [-10296768.2116, 6180049.4130000025], [-10296567.3646, 6179771.518600002], [-10296549.5034, 6179744.3342999965], [-10296492.0206, 6179656.846900001], [-10296460.4143, 6179611.078299999], [-10296430.1888, 6179569.815300003], [-10296201.1808, 6179173.315099999], [-10296057.4852, 6178924.532499999], [-10296036.4563, 6178888.135399997], [-10296000.1054, 6178825.218199998], [-10295917.4968, 6178682.174900003], [-10295447.7866, 6178538.0625], [-10295298.5583, 6178492.286499999], [-10295100.5822, 6178351.3508], [-10295088.9782, 6178225.562600002], [-10295081.4634, 6178213.4021999985], [-10294960.3362, 6178017.637699999], [-10294989.3093, 6177834.608400002], [-10294839.5514, 6177627.366400003], [-10294750.4379, 6177504.057099998], [-10294373.0138, 6176728.5352], [-10293620.2303, 6176457.005999997], [-10293570.2793, 6176438.978399999], [-10293012.66, 6176237.844499998], [-10292257.3671, 6175965.390100002], [-10292257.3011, 6175839.185699999], [-10292256.3161, 6173789.837800004], [-10292677.5664, 6172871.664499998], [-10292954.9718, 6172267.051899999], [-10293395.1091, 6171307.703900002], [-10293960.6008, 6170075.182400003], [-10294336.1025, 6169256.741599999], [-10294499.7451, 6168900.083800003], [-10294307.0306, 6168041.941100001], [-10294167.9975, 6167422.880400002], [-10294028.9992, 6166803.876699999], [-10293841.4094, 6165968.581299998], [-10293754.1625, 6165580.106600001], [-10293747.3976, 6165565.965000004], [-10293290.7345, 6164612.253799997], [-10292744.7632, 6163472.0462], [-10292281.5443, 6162504.659699999], [-10291926.1546, 6161762.485399999], [-10292162.0014, 6161518.127700001], [-10292275.0147, 6161421.672799997], [-10292314.0201, 6161360.108400002], [-10292455.4489, 6161352.718099996], [-10292490.2169, 6161400.335699998], [-10292563.1944, 6161471.686899997], [-10292680.4935, 6161499.4196000025], [-10292731.0157, 6161479.268600002], [-10292755.0174, 6161408.843500003], [-10292778.9368, 6161393.923100002], [-10292899.5196, 6161412.991099998], [-10292961.7782, 6161360.349799998], [-10292962.3206, 6161301.6272], [-10292989.1108, 6161275.2557], [-10293056.8273, 6161272.697700001], [-10293080.3782, 6161249.506800003], [-10293095.5339, 6161193.691100001], [-10293122.2858, 6161170.090000004], [-10293178.4156, 6161185.309299998], [-10293202.4129, 6161114.885300003], [-10293179.3471, 6161088.0581], [-10293179.9781, 6161020.152800001], [-10293127.994, 6160907.695900001], [-10293149.1123, 6160851.4498], [-10293123.0192, 6160803.954499997], [-10293005.3894, 6160812.018399999], [-10292923.4978, 6160716.7522], [-10292927.7868, 6160693.554499999], [-10292922.4815, 6160690.634800002], [-10292919.7648, 6160690.567100003], [-10292923.6283, 6160655.1998], [-10292925.4192, 6160652.835600004], [-10292969.9661, 6160593.698399998], [-10292976.8655, 6160539.610799998], [-10292973.4792, 6160222.566299997], [-10292962.1643, 6160180.044299997], [-10292942.1116, 6160104.808499999], [-10292945.8812, 6160044.299199998], [-10292976.1643, 6159999.7880000025], [-10292989.0034, 6159980.938699998], [-10292995.5746, 6159963.106600001], [-10292991.2074, 6159941.043899998], [-10292995.3667, 6159887.855999999], [-10292981.7283, 6159830.381099999], [-10292985.9947, 6159716.626699999], [-10292955.0922, 6159648.456600003], [-10292959.0083, 6159573.724600002], [-10293000.0558, 6159504.990699999], [-10293009.6746, 6159488.870899998], [-10292989.6344, 6159335.476599999], [-10292977.1216, 6159325.662799999], [-10292962.3265, 6159314.098999999], [-10292929.7096, 6159288.552599996], [-10292858.7779, 6159291.549000002], [-10292808.8317, 6159301.643700004], [-10292776.9954, 6159283.434900001], [-10292777.1275, 6159269.224399999], [-10292809.1259, 6159273.192900002], [-10292837.4626, 6159273.4575999975], [-10292859.0568, 6159263.1131], [-10292980.461, 6159193.164399996], [-10292978.4776, 6159102.023400001], [-10292997.1178, 6159030.925399996], [-10293036.3291, 6158940.487400003], [-10293043.6692, 6158891.020300001], [-10293012.3043, 6158822.822899997], [-10293012.7388, 6158815.600699998], [-10293016.6397, 6158751.7744999975], [-10293006.661, 6158694.804099999], [-10292960.8814, 6158651.237099998], [-10292979.4857, 6158569.785700001], [-10292972.7794, 6158505.512599997], [-10292983.9885, 6158430.865699999], [-10292984.6473, 6158359.7601], [-10292988.723, 6158316.6818], [-10292982.3615, 6158263.417000003], [-10292970.1605, 6158151.865199998], [-10292971.1431, 6158046.835900001], [-10292937.1636, 6157963.044100001], [-10292959.8727, 6157831.163099997], [-10293025.2763, 6157732.254100002], [-10293045.0131, 6157658.798], [-10293049.6567, 6157641.5568], [-10293061.2975, 6157598.213299997], [-10293052.4704, 6157422.939800002], [-10293011.5031, 6157360.665100001], [-10293010.8684, 6157357.544200003], [-10293390.2131, 6157362.067599997], [-10293452.0348, 6157362.7566], [-10293497.8906, 6157363.267300002], [-10293510.3841, 6157349.387100004], [-10293593.8787, 6157272.226099998], [-10293671.8263, 6157251.401100002], [-10293675.7723, 6157249.642300002], [-10293859.6371, 6157167.414999999], [-10293935.2908, 6157096.133500002], [-10293927.8305, 6157061.2148], [-10293866.9529, 6156972.129799999], [-10293875.7229, 6156915.791599996], [-10293902.5042, 6156886.691600002], [-10293961.5245, 6156884.493600003], [-10293988.2049, 6156865.942900002], [-10293989.4441, 6156863.018200003], [-10294018.6052, 6156793.767800003], [-10294063.8587, 6156794.196199998], [-10294119.5869, 6156848.364100002], [-10294170.295, 6156851.605499998], [-10294230.9214, 6156921.8869], [-10294220.8565, 6157032.999700002], [-10294217.0672, 6157074.885300003], [-10294216.1603, 6157084.992299996], [-10294205.4307, 6157109.1972], [-10294127.3633, 6157143.315700002], [-10294119.2011, 6157185.888899997], [-10294168.8282, 6157282.017200001], [-10294187.4776, 6157318.141099997], [-10294264.4737, 6157348.206200004], [-10294386.4304, 6157462.155299999], [-10294390.2416, 6157467.9208], [-10294526.7507, 6157674.420199998], [-10294542.0065, 6157697.497699998], [-10294559.4463, 6157712.071999997], [-10294641.8402, 6157780.968999997], [-10294750.5779, 6157841.602399997], [-10294836.0871, 6157941.454800002], [-10294872.8674, 6158018.864], [-10294928.0956, 6158079.021200001], [-10294999.6569, 6158106.7355], [-10295064.8444, 6158113.234200001], [-10295171.2861, 6158123.825999998], [-10295354.6576, 6158142.090599999], [-10295432.9217, 6158174.566600002], [-10295453.0712, 6158182.915899999], [-10295559.7587, 6158266.932499997], [-10295576.6286, 6158274.427699998], [-10295646.1595, 6158272.7678999975], [-10295650.4269, 6158306.309699997], [-10295679.2223, 6158308.871699996], [-10295681.2451, 6158337.804499999], [-10295726.8779, 6158350.1492], [-10295773.505, 6158451.465499997], [-10295778.368, 6158453.305699997], [-10295864.2009, 6158485.783399999], [-10295871.1759, 6158524.390100002], [-10295944.6543, 6158589.716600001], [-10295951.648, 6158626.0057], [-10296034.965, 6158667.595200002], [-10296068.2428, 6158730.270499997], [-10296072.3524, 6158780.326499999], [-10296172.73, 6158805.551100001], [-10296283.6729, 6158765.825599998], [-10296290.1749, 6158763.513400003], [-10296386.428, 6158757.691500001], [-10296395.8881, 6158757.1193], [-10296431.7784, 6158733.586400002], [-10296437.2572, 6158685.472900003], [-10296449.4892, 6158647.061899997], [-10296488.2357, 6158609.371200003], [-10296543.3384, 6158585.552500002], [-10296655.4427, 6158581.117299996], [-10296684.7038, 6158579.946500003], [-10296837.4384, 6158631.314000003], [-10296923.8286, 6158637.151600003], [-10296944.9758, 6158675.883699998], [-10297025.9485, 6158724.340099998], [-10297034.7092, 6158817.997400001], [-10297062.4474, 6158885.699900001], [-10297057.5824, 6158897.599799998], [-10297028.2992, 6158969.3451000005], [-10297037.493, 6159014.850100003], [-10297034.5819, 6159084.558600001], [-10297028.9605, 6159151.491599999], [-10297016.8793, 6159170.652000003], [-10296996.537, 6159184.7651999965], [-10296976.3909, 6159198.729199998], [-10296939.8431, 6159194.7258], [-10296917.7533, 6159157.369099997], [-10296892.2925, 6159142.462399997], [-10296862.9102, 6159153.2075999975], [-10296833.7005, 6159145.602899998], [-10296800.9724, 6159123.307499997], [-10296652.0511, 6158953.1439], [-10296560.27, 6158937.626500003], [-10296494.328, 6158948.0383], [-10296432.3531, 6158921.327500001], [-10296386.4873, 6158905.6461], [-10296377.1914, 6158902.467699997], [-10296351.6884, 6158891.232500002], [-10296283.7266, 6158852.912299998], [-10296278.8848, 6158850.194600001], [-10296249.6192, 6158849.918899998], [-10296198.2089, 6158871.477300003], [-10296186.5277, 6158900.725299999], [-10296187.4789, 6158907.657700002], [-10296207.5424, 6159051.808399998], [-10296250.9796, 6159103.576200001], [-10296265.1505, 6159155.083499998], [-10296257.3892, 6159203.166500002], [-10296283.9344, 6159236.677699998], [-10296318.8773, 6159280.7902000025], [-10296336.4803, 6159358.009000003], [-10296386.6847, 6159375.8222], [-10296442.6973, 6159395.6831], [-10296534.4934, 6159359.820799999], [-10296614.9194, 6159419.270400003], [-10296650.86, 6159489.768200003], [-10296676.0781, 6159534.031800002], [-10296767.4784, 6159593.582400002], [-10296814.6698, 6159634.359300002], [-10296835.9936, 6159704.743799999], [-10296831.2977, 6159818.481299996], [-10296812.4983, 6159873.362599999], [-10296801.1808, 6159909.979999997], [-10296808.3331, 6159928.388800003], [-10296852.2051, 6159932.917000003], [-10296892.3046, 6159951.6281], [-10296899.0839, 6160010.413900003], [-10296972.0796, 6160084.486400001], [-10296934.782, 6160161.222499996], [-10296872.1289, 6160160.658299997], [-10296824.385, 6160179.0304000005], [-10296749.1627, 6160227.284900002], [-10296739.7336, 6160233.324000001], [-10296728.0659, 6160258.9036], [-10296731.4701, 6160288.2902000025], [-10296727.5779, 6160313.9309], [-10296705.3588, 6160343.087099999], [-10296686.5439, 6160401.6450999975], [-10296700.6439, 6160460.9580999985], [-10296830.8899, 6160679.111500002], [-10296878.0874, 6160719.908399999], [-10296947.9984, 6160727.876999997], [-10296985.2109, 6160722.4755000025], [-10296995.611, 6160720.9755000025], [-10297061.7096, 6160695.8781], [-10297139.0461, 6160692.911200002], [-10297291.1782, 6160798.363200001], [-10297382.2193, 6160797.953900002], [-10297418.7583, 6160770.6382], [-10297442.2013, 6160707.082800001], [-10297439.7066, 6160678.153999999], [-10297407.8731, 6160657.670900002], [-10297402.5891, 6160634.231299996], [-10297434.4464, 6160602.8434000015], [-10297471.6708, 6160634.841300003], [-10297505.9385, 6160690.185000002], [-10297488.2211, 6160727.660599999], [-10297497.7579, 6160797.4331], [-10297490.1392, 6160808.179399997], [-10297488.3844, 6160819.849799998], [-10297497.9359, 6160822.844499998], [-10297510.037, 6160819.182599999], [-10297523.3446, 6160820.954599999], [-10297543.825, 6160864.510399997], [-10297546.1234, 6160868.554200001], [-10297555.7366, 6160885.466799997], [-10297571.9423, 6160889.347499996], [-10297597.0364, 6160878.968199998], [-10297606.6052, 6160875.010300003], [-10297616.8405, 6160869.679399997], [-10297635.0271, 6160860.2073], [-10297664.3966, 6160830.3895], [-10297684.6702, 6160796.5886999965], [-10297716.5782, 6160715.435699999], [-10297636.6079, 6160601.861299999], [-10297608.4329, 6160529.1000000015], [-10297608.7456, 6160494.230899997], [-10297675.9977, 6160390.663400002], [-10297710.8505, 6160379.519299999], [-10297719.7054, 6160362.1521999985], [-10297705.3883, 6160324.400600001], [-10297714.331, 6160295.576300003], [-10297781.5279, 6160249.840899996], [-10297781.7431, 6160223.689900003], [-10297760.356, 6160183.897200003], [-10297716.0431, 6160101.515000001], [-10297664.721, 6160060.197099999], [-10297603.9269, 6160054.142200001], [-10297441.2612, 6160136.6263], [-10297401.1449, 6160193.9507], [-10297382.8849, 6160220.067299999], [-10297322.163, 6160257.131899998], [-10297226.2193, 6160296.618000001], [-10297171.4656, 6160281.889200002], [-10297139.8558, 6160287.108900003], [-10297075.21, 6160254.8521], [-10297040.6718, 6160231.140600003], [-10297035.3393, 6160214.1307], [-10297038.3292, 6160204.096500002], [-10297052.3212, 6160157.380599998], [-10297083.6515, 6160131.953900002], [-10297139.2017, 6160109.530699998], [-10297188.214, 6160101.721199997], [-10297197.0794, 6160081.1483], [-10297243.509, 6160055.883599997], [-10297260.8335, 6160061.5436], [-10297377.6942, 6159935.062100001], [-10297455.7194, 6159904.109499998], [-10297450.5965, 6159863.675399996], [-10297468.1268, 6159846.421899997], [-10297511.0331, 6159855.516099997], [-10297519.064, 6159851.588399999], [-10297580.8562, 6159821.2924000025], [-10297601.8723, 6159799.654200003], [-10297642.27, 6159758.081699997], [-10297702.5993, 6159761.8442], [-10297734.3212, 6159796.5506], [-10297774.5168, 6159802.867399998], [-10297818.1243, 6159783.074000001], [-10297850.8816, 6159647.1351], [-10297851.2298, 6159607.933799997], [-10297851.4196, 6159586.587200001], [-10297843.204, 6159534.2227], [-10297814.4318, 6159528.009400003], [-10297636.7759, 6159396.129000001], [-10297625.2073, 6159358.4026999995], [-10297602.4197, 6159350.895199999], [-10297544.9416, 6159331.979099996], [-10297535.685, 6159294.270900004], [-10297485.3978, 6159240.1521999985], [-10297525.6691, 6159185.454400003], [-10297591.4596, 6159245.684], [-10297602.4011, 6159245.7685], [-10297657.7535, 6159246.270999998], [-10297713.2078, 6159233.4657000005], [-10297742.5438, 6159171.8178], [-10297734.3892, 6159111.6428999975], [-10297710.2823, 6159098.134000003], [-10297714.4766, 6159089.434900001], [-10297734.6531, 6159085.0288999975], [-10297804.0921, 6158990.240500003], [-10297828.1988, 6159003.748999998], [-10297865.9558, 6158975.180699997], [-10297869.5888, 6158965.2579], [-10297913.7652, 6158844.879900001], [-10297914.465, 6158765.069899999], [-10297896.904, 6158733.7136999965], [-10297925.9989, 6158703.227899998], [-10297915.1473, 6158687.533799998], [-10297886.1491, 6158709.289300002], [-10297881.9367, 6158669.349799998], [-10297853.607, 6158664.510499999], [-10297853.8053, 6158642.503799997], [-10297878.063, 6158638.129199997], [-10297896.3562, 6158587.373999998], [-10297887.949, 6158505.208499998], [-10297868.2742, 6158505.027099997], [-10297853.2922, 6158440.694899999], [-10297727.0451, 6158444.148500003], [-10297707.1366, 6158419.6391], [-10297708.6996, 6158393.385300003], [-10298210.125, 6158405.7742], [-10298818.2427, 6158420.759800002], [-10299299.9382, 6158432.5995000005], [-10299306.4548, 6159531.413599998], [-10299314.5517, 6160896.516099997], [-10300020.2791, 6160898.265900001], [-10301715.7579, 6160902.232299998], [-10302998.1921, 6160896.955300003], [-10303609.6185, 6160894.3719], [-10304221.0548, 6160892.0867], [-10304637.4462, 6160891.732500002], [-10304667.241, 6160883.731899999], [-10304681.9774, 6160891.181500003], [-10304704.5521, 6160911.513899997], [-10304692.5137, 6160926.593800001], [-10304810.0543, 6161015.609999999], [-10304820.091, 6161023.192699999], [-10304840.7169, 6161038.8288], [-10304917.1258, 6161022.310500003], [-10304933.1366, 6161018.849100001], [-10304994.2243, 6161005.6423999965], [-10304991.1278, 6160937.9529], [-10305062.7189, 6160965.035099998], [-10305051.8164, 6161025.024800003], [-10305096.0896, 6161113.174199998], [-10305123.0376, 6161104.399400003], [-10305182.3803, 6161201.988300003], [-10305234.7177, 6161288.055500001], [-10305290.5442, 6161379.869499996], [-10305333.1135, 6161449.8794], [-10305340.0626, 6161461.2808], [-10305416.6118, 6161654.957400002], [-10305599.202, 6162116.794500001], [-10305763.8765, 6162215.978600003], [-10305764.572, 6162217.489299998], [-10305776.3107, 6162336.193999998], [-10305750.4506, 6162365.822400004], [-10305991.9062, 6162677.888499998], [-10306015.604, 6162708.515500002], [-10306033.0364, 6162731.057999998], [-10306084.512, 6162701.645300001], [-10306135.3648, 6162722.680500001], [-10306147.8984, 6162727.8552], [-10306295.4495, 6162929.589900002], [-10306349.984, 6163092.493500002], [-10306407.3291, 6163304.970899999], [-10306407.029, 6163342.730599999], [-10306406.7748, 6163374.717200004], [-10306343.6036, 6163437.101199999], [-10306368.6951, 6163473.4626], [-10306392.0171, 6163507.236900002], [-10306342.1099, 6163625.229000002], [-10306355.0354, 6163785.9538], [-10306402.0591, 6163974.956600003], [-10306352.5658, 6164100.323799998], [-10306441.7772, 6164219.4516], [-10306498.0296, 6164163.913800001], [-10306564.8666, 6164255.623800002], [-10306571.6667, 6165098.002700001], [-10306576.3154, 6165709.092299998], [-10306912.6967, 6165734.406999998], [-10307017.5165, 6165739.499499999], [-10307023.846, 6165749.831500001], [-10307057.7582, 6165825.987599999], [-10307075.1212, 6165865.017800003], [-10307164.5387, 6165961.654700004], [-10307182.3234, 6166087.575000003], [-10307241.3472, 6166167.138400003], [-10307249.8047, 6166178.554300003], [-10307277.2601, 6166181.522600003], [-10307285.6661, 6166159.550899997], [-10307302.0929, 6166165.188600004], [-10307336.8962, 6166222.851400003], [-10307339.4018, 6166253.166699998], [-10307330.9116, 6166285.6998], [-10307341.5255, 6166332.612099998], [-10307327.4653, 6166376.122699998], [-10307346.4312, 6166409.3342999965], [-10307365.4903, 6166428.293399997], [-10307381.9328, 6166433.931199998], [-10307393.0336, 6166417.942900002], [-10307496.0002, 6166481.659900002], [-10307564.0631, 6166498.258500002], [-10307583.1529, 6166514.927199997], [-10307596.4993, 6166564.6307], [-10307631.5365, 6166589.238899998], [-10307666.5494, 6166679.9472], [-10307769.9868, 6166743.650600001], [-10307826.6893, 6166809.745499998], [-10307903.0174, 6166824.105800003], [-10307913.9301, 6166830.113600001], [-10307916.1968, 6166846.612199999], [-10307919.1658, 6166868.328900002], [-10307862.5022, 6166916.537699997], [-10307855.4765, 6166937.240199998], [-10307854.4459, 6166940.277000003], [-10307855.2045, 6167061.864799999], [-10307893.7854, 6167128.913099997], [-10307932.145, 6167142.061499998], [-10308036.719, 6167117.141599998], [-10308103.0713, 6167120.405699998], [-10308166.4666, 6167151.194799997], [-10308216.7691, 6167218.1526999995], [-10308387.5385, 6167567.055500001], [-10308428.057, 6167595.390699998], [-10308450.258, 6167685.073899999], [-10308466.2898, 6167696.675099999], [-10308494.6595, 6167717.171300001], [-10308503.5428, 6167723.602799997], [-10308528.8486, 6167767.406400003], [-10308545.6166, 6167910.356700003], [-10308575.8115, 6167972.110200003], [-10308643.8438, 6168054.361199997], [-10308691.5505, 6168162.175899997], [-10308719.4788, 6168172.1206], [-10308727.1693, 6168174.852499999], [-10308737.9931, 6168183.376400001], [-10308794.9684, 6168228.198399998], [-10308817.1003, 6168268.306199998], [-10308865.9778, 6168282.468900003], [-10308907.3919, 6168373.893700004], [-10308908.7549, 6168376.931500003], [-10308912.7776, 6168379.956299998], [-10309020.7449, 6168461.378600001], [-10309030.8145, 6168522.508500002], [-10309049.8353, 6168548.8376], [-10309074.4193, 6168579.361900002], [-10309199.5039, 6168734.574299999], [-10309218.3454, 6168784.654299997], [-10309233.6252, 6168825.322700001], [-10309342.0099, 6168965.736699998], [-10309435.4361, 6169022.018200003], [-10309492.6351, 6169027.9723000005], [-10309520.6732, 6169013.937399998], [-10309550.428, 6169015.994800001], [-10309571.1338, 6169004.2042], [-10309569.8709, 6168989.968900003], [-10309588.7948, 6168967.617399998], [-10309592.6672, 6168939.639399998], [-10309603.3134, 6168924.108000003], [-10309608.7016, 6168877.285999998], [-10309589.9228, 6168819.2641], [-10309560.1105, 6168790.5913999975], [-10309557.183, 6168787.784599997], [-10309437.7409, 6168720.776500002], [-10309418.7034, 6168694.447400004], [-10309391.9866, 6168596.8759], [-10309364.355, 6168556.2509], [-10309264.0849, 6168494.849399999], [-10309240.2524, 6168440.489500001], [-10309250.5583, 6168407.5057], [-10309264.8386, 6168397.047399998], [-10309351.1284, 6168249.848099999], [-10309349.8498, 6168223.0546], [-10309349.5494, 6168216.759499997], [-10309332.3811, 6168184.943099998], [-10309273.6169, 6168087.610299997], [-10309218.1455, 6168037.6027000025], [-10309185.1938, 6168035.509099998], [-10309164.853, 6168001.8495000005], [-10309165.201, 6167956.401799999], [-10309130.329, 6167906.525700003], [-10309089.3823, 6167883.524700001], [-10309075.0549, 6167875.461400002], [-10309066.5212, 6167870.6752], [-10309021.2089, 6167870.340499997], [-10308979.4681, 6167880.125], [-10308942.3332, 6167886.2619], [-10308907.9485, 6167875.749200001], [-10308900.7806, 6167873.5484], [-10308849.9473, 6167813.005800001], [-10308787.9063, 6167785.437899999], [-10308718.183, 6167683.424199998], [-10308720.9405, 6167621.011], [-10308688.2353, 6167587.694499999], [-10308692.8911, 6167566.808700003], [-10308702.93, 6167521.696999997], [-10308744.9429, 6167476.0977], [-10308802.8321, 6167449.918300003], [-10308862.8341, 6167445.782499999], [-10308987.5376, 6167359.936499998], [-10309045.8114, 6167341.548600003], [-10309073.3303, 6167337.550399996], [-10309111.7965, 6167331.949299999], [-10309190.0407, 6167362.705700003], [-10309301.4954, 6167399.458800003], [-10309336.9907, 6167395.645999998], [-10309389.9244, 6167423.497400001], [-10309476.955, 6167469.2553], [-10309501.6277, 6167475.876000002], [-10309522.7575, 6167467.767300002], [-10309541.3117, 6167434.387199998], [-10309557.8296, 6167428.5546], [-10309678.3718, 6167482.765100002], [-10309889.9907, 6167577.961900003], [-10309897.3635, 6167593.016999997], [-10309924.7038, 6167648.9287], [-10309945.1942, 6167663.780000001], [-10310000.9297, 6167676.592], [-10310044.1978, 6167705.841200002], [-10310076.6574, 6167772.228399999], [-10310074.4784, 6167818.1307], [-10310001.4926, 6167906.657499999], [-10309966.1245, 6167921.082900003], [-10309870.9163, 6167918.073399998], [-10309819.0256, 6167936.5233], [-10309813.9684, 6168062.744499996], [-10309947.6508, 6168182.2299000025], [-10309988.9297, 6168174.276000001], [-10310020.1929, 6168155.680100001], [-10310080.5281, 6168108.377400003], [-10310115.709, 6168116.9014], [-10310136.0829, 6168148.298799999], [-10310156.3128, 6168198.035599999], [-10310164.3856, 6168231.252700001], [-10310173.6442, 6168269.349699996], [-10310176.4633, 6168381.398800001], [-10310194.5254, 6168415.043099999], [-10310259.3513, 6168440.796599999], [-10310263.6697, 6168524.524700001], [-10310263.7644, 6168526.213200003], [-10310264.4544, 6168526.3983], [-10310286.882, 6168532.2048999965], [-10310510.5291, 6168590.0977], [-10310559.0569, 6168588.620899998], [-10310604.5823, 6168562.318899997], [-10310679.8884, 6168531.198200002], [-10310773.8123, 6168521.803000003], [-10310807.0967, 6168538.5713], [-10310813.2615, 6168572.126400001], [-10310794.6635, 6168610.577], [-10310792.6105, 6168639.002599999], [-10310821.2086, 6168662.870700002], [-10310893.4596, 6168723.1479], [-10310905.9126, 6168733.548299998], [-10310963.3574, 6168814.516900003], [-10311005.1455, 6168873.430799998], [-10311035.3566, 6168938.422799997], [-10311076.7779, 6168969.016099997], [-10311120.7034, 6168973.4760000035], [-10311200.0193, 6169021.814400002], [-10311262.4655, 6169037.374300003], [-10311285.4964, 6169043.122000001], [-10311312.044, 6169073.517800003], [-10311398.3573, 6169145.558200002], [-10311399.777, 6169204.907899998], [-10311395.3748, 6169425.712200001], [-10311370.4703, 6170674.746399999], [-10312080.8517, 6170650.480300002], [-10312679.1344, 6170665.028099999], [-10313277.4188, 6170679.579400003], [-10313875.6899, 6170694.134199999], [-10314476.4934, 6170705.074299999], [-10315077.3132, 6170716.017499998], [-10315678.1042, 6170726.9636999965], [-10316278.9116, 6170737.898100004], [-10316885.3764, 6170747.931999996], [-10317029.3622, 6170750.301700003], [-10317101.3025, 6170751.492899999], [-10317198.4311, 6170752.925999999], [-10317213.7451, 6170753.144900002], [-10317491.8524, 6170758.8728], [-10318089.1556, 6170756.788099997], [-10318686.4582, 6170754.722000003], [-10319285.2994, 6170742.748800002], [-10319884.1235, 6170730.793799996], [-10320485.4313, 6170726.693599999], [-10321089.4224, 6170717.7861], [-10321090.2498, 6171321.397200003], [-10321091.905, 6172528.7151999995], [-10321092.7328, 6173132.437100001], [-10321091.7377, 6173733.93], [-10321090.7425, 6174335.449600004], [-10321089.3885, 6174936.571599998], [-10321052.5064, 6175593.2102999985], [-10321693.6709, 6175582.903800003], [-10321963.1408, 6175577.908200003], [-10322300.1253, 6175577.2282000035], [-10322605.0198, 6175575.073100001], [-10322906.502, 6175573.441500001], [-10323472.9735, 6175570.000699997], [-10323470.4328, 6174995.614100002], [-10323475.5539, 6174387.919200003], [-10323468.0094, 6173171.373800002], [-10324075.4889, 6173187.879699998], [-10324679.4403, 6173201.378700003], [-10325283.3935, 6173214.880599998], [-10325887.3484, 6173228.369999997], [-10326535.0155, 6173231.548900001], [-10327140.6899, 6173233.799599998], [-10327746.3642, 6173236.052699998], [-10328352.0387, 6173238.293300003], [-10328355.439, 6174451.534199998], [-10328355.8918, 6175058.130199999], [-10328356.0844, 6175552.522500001], [-10328642.6283, 6175553.250500001], [-10328635.526, 6176158.866700001], [-10328628.4405, 6176763.846299998], [-10329226.8844, 6176763.144299999], [-10329227.1646, 6176652.047700003], [-10329231.891, 6176651.101400003], [-10329257.9443, 6176665.0239999965], [-10329356.9314, 6176764.090400003], [-10329477.2381, 6176884.512000002], [-10329486.0843, 6176944.298600003], [-10329539.1906, 6177042.956100002], [-10329607.1457, 6177103.055299997], [-10329625.1255, 6177082.475400001], [-10329785.4343, 6177271.333300002], [-10329859.5503, 6177295.6131], [-10329922.1546, 6177329.034000002], [-10329955.7663, 6177372.3873], [-10329987.2534, 6177413.0167], [-10330016.6779, 6177484.880999997], [-10330033.7933, 6177631.147], [-10330069.3993, 6177661.218199998], [-10330152.7563, 6177673.599799998], [-10330211.9035, 6177757.560800001], [-10330354.7136, 6177791.384800002], [-10330366.9206, 6177808.676399998], [-10330399.6501, 6176973.813199997], [-10330399.72, 6176972.029799998], [-10330398.6339, 6176971.417000003], [-10330185.8656, 6176851.389300004], [-10330162.5255, 6176769.930799998], [-10330406.2116, 6176771.683499999], [-10330429.1141, 6176166.597999997], [-10330452.0285, 6175561.569799997], [-10330766.1241, 6175561.730800003], [-10331054.0904, 6175564.190300003], [-10331365.9359, 6175566.842799999], [-10331656.1278, 6175569.324100003], [-10331965.7291, 6175573.044100001], [-10332256.7893, 6175576.543200001], [-10332565.5344, 6175580.244199999], [-10332857.4527, 6175583.7469], [-10333165.3344, 6175584.958899997], [-10333767.6194, 6175588.765600003], [-10334063.3511, 6175589.8576000035], [-10334667.9955, 6175603.171700001], [-10335274.2053, 6175616.523800001], [-10335158.6035, 6175111.338100001], [-10334881.7678, 6175175.063600004], [-10334844.2147, 6175011.028700002], [-10334704.7898, 6174401.735299997], [-10334676.0891, 6174276.380199999], [-10334443.9074, 6173261.799599998], [-10334622.4833, 6173220.687700003], [-10334681.847, 6173217.6477999985], [-10334805.461, 6173211.296899997], [-10334941.11, 6173804.0254999995], [-10335161.3291, 6174766.299199998], [-10335527.4429, 6174682.020900004], [-10335608.4434, 6175035.959100001], [-10335678.0936, 6175340.343900003], [-10335588.809, 6175360.893799998], [-10335649.1947, 6175624.777900003], [-10335877.2893, 6175629.792800002], [-10336465.9094, 6175642.762000002], [-10336481.9398, 6175642.783], [-10337067.1267, 6175657.778300002], [-10337683.4568, 6175673.559], [-10338269.5648, 6175688.583999999], [-10338847.102, 6175703.906000003], [-10338844.9868, 6175646.374899998], [-10339471.074, 6175672.658399999], [-10340014.5781, 6175695.465599999], [-10340669.3174, 6175723.520499997], [-10341182.9778, 6175744.378799997], [-10341236.4255, 6175746.612199999], [-10341313.292, 6173450.656300001], [-10341320.5055, 6172842.793499999], [-10341327.7101, 6172235.705300003], [-10341962.39, 6172282.1941], [-10342568.5856, 6172326.552599996], [-10343174.7724, 6172370.853500001], [-10343780.9504, 6172415.1105], [-10344388.9629, 6172455.168300003], [-10344996.9811, 6172495.170000002], [-10345603.9978, 6172535.062700003], [-10346211.0202, 6172574.9296], [-10347417.5684, 6172660.7927], [-10347399.0194, 6173275.3945999965], [-10347380.468, 6173890.024899997], [-10347379.3848, 6175088.356700003], [-10347985.5433, 6175143.958499998], [-10348705.6428, 6175209.945200004], [-10349922.9766, 6175201.416299999], [-10350531.1162, 6175197.090800002], [-10351139.2551, 6175192.734399997], [-10352952.1108, 6175210.322999999], [-10353496.9425, 6175216.6796], [-10353472.2117, 6175958.769699998], [-10353311.2492, 6175958.769500002], [-10353307.8245, 6176577.445299998], [-10353304.4873, 6177179.653399996], [-10353300.4117, 6177794.7148], [-10353333.9962, 6177777.805500001], [-10353355.0777, 6177771.128399998], [-10353393.1626, 6177759.095299996], [-10353414.7399, 6177740.309], [-10353433.5507, 6177733.0], [-10353457.4293, 6177714.216499999], [-10353471.7106, 6177683.457900003], [-10353478.6666, 6177652.675700001], [-10353471.8337, 6177631.049199998], [-10353450.3795, 6177597.894299999], [-10353429.3327, 6177576.2355], [-10353405.5603, 6177557.334200002], [-10353389.098, 6177538.441600002], [-10353424.3578, 6177548.184699997], [-10353462.3737, 6177555.170400001], [-10353481.128, 6177569.464299999], [-10353490.6696, 6177602.5744], [-10353504.8808, 6177604.9147000015], [-10353521.3519, 6177616.897699997], [-10353521.2932, 6177640.809100002], [-10353511.9744, 6177697.777999997], [-10353502.231, 6177745.091700003], [-10353487.9819, 6177761.608999997], [-10353452.1987, 6177773.468699999], [-10353442.9561, 6177804.263899997], [-10353447.4794, 6177832.782499999], [-10353483.1835, 6177849.420699999], [-10353518.4654, 6177854.5776999965], [-10353611.0764, 6177842.845700003], [-10353658.3241, 6177828.720700003], [-10353693.5943, 6177831.100900002], [-10353760.0952, 6177817.028399996], [-10353788.4938, 6177817.0918999985], [-10353788.4418, 6177835.934600003], [-10353809.9236, 6177859.8869], [-10353826.4041, 6177864.522600003], [-10353838.2883, 6177876.5], [-10353847.4145, 6177893.060500003], [-10353861.6054, 6177900.454300001], [-10353890.0193, 6177900.5326000005], [-10353958.6571, 6177938.388700001], [-10353984.7792, 6177943.502899997], [-10354027.3334, 6177969.349699996], [-10354048.4166, 6177974.457999997], [-10354069.9623, 6177969.458800003], [-10354110.2948, 6177964.963600002], [-10354131.3578, 6177974.673], [-10354131.3298, 6177986.169], [-10354118.0015, 6178000.380599998], [-10354091.8913, 6177998.012500003], [-10354032.7612, 6177997.8697], [-10354004.3372, 6177993.190399997], [-10353954.3748, 6177999.967200004], [-10353933.3063, 6177995.326399997], [-10353805.5883, 6177940.307999998], [-10353788.1977, 6177929.229199998], [-10353731.3641, 6177933.688299999], [-10353664.8508, 6177957.431299999], [-10353627.1627, 6178002.389899999], [-10353579.4448, 6178018.807700001], [-10353506.1067, 6178025.523699999], [-10353430.3842, 6178063.480899997], [-10353366.062, 6178127.1897], [-10353345.5097, 6178155.633699998], [-10353323.2698, 6178186.3838], [-10353294.6652, 6178267.6831], [-10353273.4865, 6178303.488899998], [-10353221.2114, 6178317.6065], [-10353121.7651, 6178317.362099998], [-10353072.2394, 6178321.841300003], [-10353024.5187, 6178338.256499998], [-10352967.5466, 6178390.507200003], [-10352977.0512, 6178440.171800002], [-10352993.4901, 6178466.429799996], [-10353057.5132, 6178525.909999996], [-10353137.5376, 6178601.9614999965], [-10353239.6659, 6178638.087800004], [-10353289.1671, 6178642.810999997], [-10353353.3354, 6178647.5669], [-10353390.8669, 6178673.412799999], [-10353447.5595, 6178727.798199996], [-10353485.3609, 6178829.944499999], [-10353487.4185, 6178920.506499998], [-10353463.3553, 6179015.1417], [-10353449.069, 6179048.213299997], [-10353454.012, 6179090.9802], [-10353465.7302, 6179166.860100001], [-10353555.2103, 6179307.324100003], [-10353616.4587, 6179381.016599998], [-10353666.8045, 6179413.321800001], [-10353783.4424, 6179608.5792], [-10353926.3491, 6179847.826300003], [-10353966.3081, 6179914.705799997], [-10353987.3291, 6179938.662699997], [-10354034.9563, 6179957.6401999965], [-10354070.2627, 6179962.313100003], [-10354153.1895, 6179979.081900001], [-10354231.9519, 6180020.185400002], [-10354267.7151, 6180020.2707], [-10354286.4863, 6180025.361900002], [-10354305.2473, 6180039.673199996], [-10354369.1389, 6180155.682899997], [-10354385.5677, 6180184.221900001], [-10354423.588, 6180198.5847999975], [-10354463.9258, 6180198.674199998], [-10354492.3194, 6180210.702200003], [-10354517.8707, 6180263.184600003], [-10354510.8529, 6180324.777099997], [-10354536.8182, 6180398.418099999], [-10354555.535, 6180426.960199997], [-10354605.3927, 6180474.429700002], [-10354624.125, 6180502.971900001], [-10354654.7592, 6180531.556999996], [-10354673.4688, 6180567.448399998], [-10354735.7127, 6180613.573100001], [-10354782.8614, 6180649.0874999985], [-10354832.7738, 6180675.413999997], [-10354879.9855, 6180680.126599997], [-10354918.0503, 6180668.7271], [-10354958.4602, 6180644.9098000005], [-10354984.8147, 6180637.255500004], [-10354991.4672, 6180635.330700003], [-10355026.8014, 6180630.824600004], [-10355050.2797, 6180610.490699999], [-10355064.9179, 6180597.798900001], [-10355093.4595, 6180555.089900002], [-10355123.1863, 6180545.084600002], [-10355150.3544, 6180535.921700001], [-10355176.5437, 6180512.526900001], [-10355197.6703, 6180496.023599997], [-10355216.91, 6180500.6608000025], [-10355233.291, 6180550.356899999], [-10355280.3143, 6180638.2798999995], [-10355285.287, 6180676.465899996], [-10355273.2943, 6180707.240199998], [-10355244.6948, 6180778.458300002], [-10355225.2733, 6180849.670900002], [-10355227.9464, 6180885.078699999], [-10355253.5801, 6180906.745899998], [-10355286.9594, 6180947.300700001], [-10355350.5795, 6180992.518600002], [-10355434.3026, 6181069.494499996], [-10355465.0003, 6181083.816600002], [-10355485.0409, 6181086.628200002], [-10355496.3399, 6181088.193700001], [-10355498.4463, 6181088.497500002], [-10355499.8463, 6181087.895199999], [-10355559.9551, 6181062.417800002], [-10355612.2753, 6181045.987800002], [-10355671.4457, 6181041.516800001], [-10355720.7923, 6181050.757399999], [-10355721.6411, 6180836.301200002], [-10355872.9061, 6180838.676600002], [-10355872.1045, 6181038.641900003], [-10355872.7062, 6181038.868900001], [-10355940.0603, 6181052.800700001], [-10356004.6597, 6181068.133000001], [-10356088.4717, 6181103.705700003], [-10356191.5105, 6181161.404700004], [-10356284.9376, 6181216.317599997], [-10356322.5979, 6181238.204300001], [-10356320.7305, 6181429.756200001], [-10356253.564, 6181403.7831000015], [-10356213.9871, 6181506.7403], [-10356066.7171, 6181449.799099997], [-10355861.4928, 6181370.4278], [-10355843.3903, 6181399.863499999], [-10355838.8688, 6181407.4661], [-10355826.8986, 6181431.361500002], [-10355830.4218, 6181445.370800003], [-10355834.17, 6181460.346199997], [-10355912.3883, 6181543.761], [-10356044.6966, 6181638.786600001], [-10356113.4073, 6181672.506200001], [-10356231.5859, 6181720.125], [-10356269.5967, 6181739.070299998], [-10356354.9486, 6181708.430799998], [-10356378.8763, 6181673.058300003], [-10356435.7626, 6181651.569899999], [-10356433.6097, 6181582.593199998], [-10356435.9394, 6181568.332500003], [-10356441.4462, 6181569.273000002], [-10356452.43, 6181571.123800002], [-10356492.7372, 6181596.982299998], [-10356561.5036, 6181602.187600002], [-10356615.5582, 6181618.865699999], [-10356646.6924, 6181637.7733], [-10356681.8564, 6181697.163599998], [-10356724.4519, 6181723.461099997], [-10356762.4979, 6181737.816], [-10356800.5386, 6181740.186800003], [-10356951.9043, 6181711.9799000025], [-10357034.9116, 6181712.167000003], [-10357155.943, 6181717.016500004], [-10357175.9857, 6181719.431900002], [-10357241.6514, 6181727.300899997], [-10357274.6493, 6181731.9749], [-10357296.2022, 6181727.418200001], [-10357333.5957, 6181710.195200004], [-10357362.7398, 6181696.754100002], [-10357428.8219, 6181670.6778], [-10357471.4895, 6181663.4045], [-10357490.7326, 6181668.505199999], [-10357519.2017, 6181651.546599999], [-10357527.0287, 6181649.077100001], [-10357578.3856, 6181632.829400003], [-10357668.2726, 6181628.396899998], [-10357716.9616, 6181638.7403], [-10357725.1015, 6181640.481799997], [-10357853.4771, 6181643.485399999], [-10357884.6754, 6181661.1206], [-10357891.0534, 6181664.732299998], [-10357901.4217, 6181664.739500001], [-10357985.9636, 6181664.903300002], [-10358061.5903, 6181674.719700001], [-10358139.9191, 6181717.6516999975], [-10358229.6354, 6181791.410899997], [-10358319.7714, 6181893.6664], [-10358385.6055, 6181995.9067], [-10358417.5772, 6182055.728100002], [-10358424.3826, 6182098.508199997], [-10358438.5453, 6182120.146499999], [-10358474.3129, 6182127.112099998], [-10358962.152, 6182147.387800001], [-10359021.2753, 6182156.704000004], [-10359078.0434, 6182206.938199997], [-10359080.7929, 6182215.4526999965], [-10359099.4825, 6182273.197800003], [-10359101.6569, 6182342.179300003], [-10359085.06, 6182391.815099999], [-10359044.6278, 6182434.509499997], [-10359011.1111, 6182462.958800003], [-10358995.9422, 6182487.312600002], [-10358995.8836, 6182511.222199999], [-10359010.0789, 6182532.422899999], [-10359054.9924, 6182551.361699998], [-10359116.3655, 6182579.9848000035], [-10359150.1397, 6182603.792499997], [-10359180.4842, 6182625.168099999], [-10359208.896, 6182630.285499997], [-10359265.783, 6182606.481399998], [-10359294.2449, 6182601.938000001], [-10359367.5914, 6182616.331699997], [-10359429.0123, 6182642.658500001], [-10359519.3162, 6182666.282499999], [-10359611.3986, 6182716.5942], [-10359692.0922, 6182728.694399998], [-10359820.0203, 6182726.626999997], [-10359846.1284, 6182735.862199999], [-10359852.9847, 6182750.130000003], [-10359829.5562, 6182771.719999999], [-10359763.0215, 6182797.818000004], [-10359739.1598, 6182812.026100002], [-10359706.0195, 6182873.582999997], [-10359683.9742, 6182897.0], [-10359496.778, 6182951.401000001], [-10359466.0585, 6182953.634499997], [-10359446.7995, 6182942.0918999985], [-10359399.7128, 6182870.712700002], [-10359369.0433, 6182834.785400003], [-10359317.1756, 6182813.594999999], [-10359241.2177, 6182782.579700001], [-10359125.5985, 6182731.616700001], [-10359060.0706, 6182702.7190999985], [-10358997.0257, 6182674.939400002], [-10358987.8859, 6182656.065800004], [-10358916.8695, 6182620.5075], [-10358888.458, 6182615.3891], [-10358840.7479, 6182617.595399998], [-10358705.8289, 6182660.112899996], [-10358675.0715, 6182676.623199999], [-10358674.984, 6182722.1492], [-10358693.7154, 6182757.6032000035], [-10358750.5299, 6182783.917499997], [-10358790.8361, 6182807.4592999965], [-10358885.7985, 6182791.076300003], [-10358930.7471, 6182776.912900001], [-10358968.3835, 6182758.126000002], [-10359004.9529, 6182763.248899996], [-10359018.3467, 6182765.1131], [-10359048.9979, 6182803.335600004], [-10359051.1937, 6182860.3510000035], [-10359024.9264, 6182921.954700001], [-10358965.6669, 6182984.385300003], [-10358861.4915, 6183026.969899997], [-10358859.1408, 6183057.778300002], [-10358842.5669, 6183088.578599997], [-10358828.2341, 6183147.865599997], [-10358816.2644, 6183180.963299997], [-10358785.5095, 6183190.561099999], [-10358759.3657, 6183190.515500002], [-10358690.6473, 6183157.2641], [-10358656.9101, 6183145.484300002], [-10358615.047, 6183130.891500004], [-10358572.3913, 6183133.114699997], [-10358526.9138, 6183171.203100003], [-10358505.7407, 6183213.941], [-10358534.0425, 6183277.919299997], [-10358569.28, 6183323.077799998], [-10358593.0819, 6183338.293899998], [-10358704.3851, 6183391.227499999], [-10358853.3231, 6183462.086000003], [-10358962.376, 6183507.376800001], [-10359004.9942, 6183521.697300002], [-10359021.4665, 6183538.282200001], [-10359019.1405, 6183552.546899997], [-10358976.4975, 6183555.2250000015], [-10358957.6777, 6183564.3928999975], [-10358957.5933, 6183607.160899997], [-10358931.4007, 6183637.927500002], [-10358912.1267, 6183651.2315], [-10358852.5295, 6183636.8554000035], [-10358788.8099, 6183620.181900002], [-10358703.5264, 6183620.010399997], [-10358618.1834, 6183643.313000001], [-10358494.7586, 6183666.983800001], [-10358453.0368, 6183687.579499997], [-10358452.0732, 6183688.046899997], [-10358450.853, 6183689.5407000035], [-10358428.6345, 6183716.519400001], [-10358414.361, 6183747.307499997], [-10358357.452, 6183766.534599997], [-10358352.3239, 6183806.537600003], [-10358326.1555, 6183818.447400004], [-10358314.6374, 6183846.942699999], [-10358264.6264, 6183858.806599997], [-10358245.7411, 6183896.9592999965], [-10358203.0737, 6183911.137500003], [-10358214.4708, 6183953.476800002], [-10358245.6229, 6183963.204599999], [-10358247.8607, 6183994.019199997], [-10358214.299, 6184032.1325], [-10358228.4599, 6184060.675499998], [-10358211.9244, 6184072.6065], [-10358209.5516, 6184110.317900002], [-10358195.2036, 6184114.626199998], [-10358162.2768, 6184124.4934], [-10358117.279, 6184155.231700003], [-10358128.6946, 6184169.4912], [-10358162.1854, 6184171.853600003], [-10358221.2923, 6184203.25], [-10358259.376, 6184203.335199997], [-10358301.9677, 6184238.841799997], [-10358320.7024, 6184271.993100002], [-10358301.818, 6184307.8226], [-10358304.0775, 6184328.990900002], [-10358330.1884, 6184338.700400002], [-10358343.5658, 6184346.182499997], [-10358346.6807, 6184347.935800001], [-10358337.0391, 6184359.856799997], [-10358284.7021, 6184379.0726], [-10358277.7805, 6184397.940300003], [-10358284.6113, 6184426.479699999], [-10358308.4269, 6184447.692400001], [-10358324.9388, 6184450.012999997], [-10358353.3548, 6184457.429200001], [-10358349.1707, 6184479.967600003], [-10358332.6298, 6184499.252300002], [-10358365.6341, 6184511.276299998], [-10358408.2986, 6184506.290899999], [-10358456.043, 6184489.833999999], [-10358491.4435, 6184449.4089], [-10358524.4581, 6184444.884999998], [-10358541.4202, 6184449.5154], [-10358552.8475, 6184471.172799997], [-10358552.8014, 6184497.398000002], [-10358524.3434, 6184508.8398], [-10358536.2222, 6184530.482500002], [-10358545.8311, 6184547.081100002], [-10358566.9403, 6184540.224600002], [-10358583.8848, 6184549.4597999975], [-10358604.9537, 6184559.150600001], [-10358619.2043, 6184542.6118], [-10358637.9883, 6184547.243199997], [-10358723.3373, 6184528.5429000035], [-10358737.5892, 6184509.256200001], [-10358742.6982, 6184473.824299999], [-10358745.0289, 6184452.673500001], [-10358799.6575, 6184426.556400001], [-10358811.6868, 6184371.833999999], [-10358835.0999, 6184362.215300001], [-10358894.2708, 6184367.3829], [-10358958.5105, 6184353.243000001], [-10358993.7897, 6184362.502800003], [-10359012.1001, 6184379.301799998], [-10359019.8936, 6184386.4624999985], [-10359022.0758, 6184441.223499998], [-10359045.8933, 6184462.419100001], [-10359093.0963, 6184469.873599999], [-10359121.4699, 6184500.749499999], [-10359135.6928, 6184505.377300002], [-10359149.8828, 6184515.047799997], [-10359176.0484, 6184510.049500003], [-10359202.153, 6184534.009099998], [-10359218.6515, 6184534.048199996], [-10359259.0499, 6184515.257799998], [-10359282.8944, 6184515.300700001], [-10359289.1925, 6184532.8781], [-10359294.754, 6184548.447099999], [-10359288.367, 6184585.298199996], [-10359287.3251, 6184591.2161], [-10359288.2428, 6184592.318700001], [-10359365.5993, 6184686.134300001], [-10359367.8636, 6184703.1664], [-10359353.6319, 6184714.618500002], [-10359325.1529, 6184738.489299998], [-10359321.9733, 6184744.693000004], [-10359315.4785, 6184757.326899998], [-10359320.0272, 6184781.245200001], [-10359341.5642, 6184790.949699998], [-10359365.4108, 6184788.2294000015], [-10359395.9656, 6184768.013400003], [-10359400.7694, 6184764.845200002], [-10359408.1593, 6184738.638300002], [-10359429.2731, 6184722.116400003], [-10359462.7292, 6184738.741800003], [-10359491.1272, 6184755.349399999], [-10359509.8969, 6184759.979000002], [-10359557.0566, 6184798.247000001], [-10359630.4163, 6184824.600100003], [-10359668.4692, 6184831.548900001], [-10359704.2743, 6184817.358599998], [-10359756.1037, 6184820.206900001], [-10359791.8432, 6184848.7902000025], [-10359803.7042, 6184884.217200004], [-10359796.0885, 6185041.0898], [-10359790.5408, 6185153.755800001], [-10359788.9449, 6185186.006899998], [-10359771.897, 6185231.0396], [-10359746.1725, 6185254.476599999], [-10359703.9562, 6185260.828199998], [-10359656.7204, 6185248.786200002], [-10359620.9392, 6185241.3549000025], [-10359578.3299, 6185220.119400002], [-10359559.5106, 6185222.374899998], [-10359537.9559, 6185215.433600001], [-10359509.5352, 6185210.315800004], [-10359483.8149, 6185224.541299999], [-10359476.4249, 6185250.749799997], [-10359452.5582, 6185260.370999999], [-10359436.0433, 6185260.332400002], [-10359391.109, 6185252.895400003], [-10359305.7943, 6185252.7299000025], [-10359222.7196, 6185286.160700001], [-10359199.3197, 6185295.313299999], [-10359163.5006, 6185302.616999999], [-10359137.3441, 6185314.063100003], [-10359134.9963, 6185340.2896], [-10359146.8956, 6185356.875200003], [-10359189.5156, 6185385.481700003], [-10359229.8337, 6185411.776799999], [-10359267.417, 6185428.406400003], [-10359272.4402, 6185438.072800003], [-10359270.1067, 6185466.6098000035], [-10359274.4108, 6185469.556500003], [-10359284.2984, 6185476.2962], [-10359412.2814, 6185476.529299997], [-10359435.0957, 6185464.914399996], [-10359542.6763, 6185410.067000002], [-10359561.5159, 6185398.132600002], [-10359571.1905, 6185379.278099999], [-10359592.301, 6185371.965400003], [-10359628.0645, 6185386.282200001], [-10359703.743, 6185391.498199999], [-10359725.2764, 6185412.708400004], [-10359770.2109, 6185422.454000004], [-10359807.6488, 6185526.946099997], [-10359841.086, 6185560.136100002], [-10359866.7061, 6185600.993000001], [-10359874.0176, 6185612.638400003], [-10360002.8323, 6185758.640600003], [-10360016.2472, 6185200.500799999], [-10360028.5026, 6185198.1206], [-10360043.6692, 6185182.967799999], [-10360051.7795, 6185158.163400002], [-10360063.4927, 6185122.263099998], [-10360087.4576, 6185056.985600002], [-10360119.652, 6185002.764399998], [-10360150.4961, 6184937.490599997], [-10360174.4596, 6184872.682300001], [-10360204.835, 6184809.719300002], [-10360239.3142, 6184760.105099998], [-10360248.8616, 6184752.1976], [-10360423.707, 6184755.045400001], [-10360632.942, 6184757.634400003], [-10360784.9999, 6184759.275300004], [-10360789.3737, 6184566.125], [-10361093.3323, 6184569.4135000035], [-10361701.2652, 6184575.958400004], [-10361689.1467, 6185180.926799998], [-10361677.0277, 6185780.655000001], [-10361671.513, 6186993.869599998], [-10361063.1863, 6186979.989600003], [-10360385.3059, 6186961.544100001], [-10360387.6311, 6186746.430799998], [-10360389.6668, 6186558.106899999], [-10360360.3935, 6186549.828500003], [-10360207.7556, 6186484.6241], [-10360169.1762, 6186446.064400002], [-10360138.9555, 6186378.541699998], [-10360138.7089, 6186374.5951000005], [-10360139.1769, 6186371.801600002], [-10360150.7556, 6186300.997199997], [-10360153.1015, 6186272.4573], [-10360145.8124, 6186241.617899999], [-10360127.398, 6186218.447499998], [-10360127.268, 6186215.804200001], [-10360089.0705, 6186158.2095], [-10360008.7573, 6186119.768100001], [-10359862.6375, 6186113.541500002], [-10359825.1468, 6186111.943499997], [-10359740.952, 6186142.571000002], [-10359664.3642, 6186242.2678999975], [-10359631.9001, 6186361.207000002], [-10359618.2928, 6186411.058899999], [-10359579.999, 6186460.897699997], [-10359530.2909, 6186426.317299999], [-10359472.9317, 6186426.272500001], [-10359461.4213, 6186460.796999998], [-10359400.0843, 6186591.204999998], [-10359323.4965, 6186667.8565], [-10359243.131, 6186679.297899999], [-10359116.9392, 6186640.820699997], [-10358986.8439, 6186652.195], [-10358872.0139, 6186709.636200003], [-10358810.7363, 6186774.814099997], [-10358799.2333, 6186817.008500002], [-10358814.4989, 6186847.728299998], [-10358842.69, 6186850.243100002], [-10358844.9335, 6186876.476599999], [-10358866.4576, 6186890.775700003], [-10358885.2643, 6186890.801700003], [-10358930.2493, 6186876.6316], [-10358989.4225, 6186881.347000003], [-10359034.8523, 6186879.122400001], [-10359070.1947, 6186874.581299998], [-10359175.7505, 6186925.473200001], [-10359211.3995, 6186942.669], [-10359196.9707, 6186982.407499999], [-10359158.6767, 6187013.082800001], [-10359124.2419, 6187013.038099997], [-10359047.6912, 6187043.668899998], [-10358921.4548, 6187012.8367], [-10358837.2973, 6187008.918200001], [-10358733.926, 6187077.8935], [-10358569.3288, 6187154.471199997], [-10358553.989, 6187188.976099998], [-10358565.44, 6187231.217600003], [-10358634.2578, 6187273.481299996], [-10358652.6909, 6187278.543399997], [-10358666.5506, 6187297.638999999], [-10358709.1692, 6187316.603500001], [-10358760.9584, 6187335.573299997], [-10358832.058, 6187345.3565], [-10358870.1392, 6187347.734700002], [-10358912.798, 6187350.115400001], [-10358955.4991, 6187331.336800002], [-10358991.3195, 6187310.243299998], [-10358997.3508, 6187309.1423999965], [-10359098.6609, 6187331.4833], [-10359119.2488, 6187348.222900003], [-10359171.0087, 6187395.719899997], [-10359181.2525, 6187423.684900001], [-10359146.7284, 6187519.601400003], [-10359024.2103, 6187615.406900004], [-10358997.36, 6187688.294399999], [-10359020.2623, 6187749.728799999], [-10359047.3413, 6187761.7863000035], [-10359056.4663, 6187790.337200001], [-10359082.5819, 6187811.995300002], [-10359120.631, 6187821.7282000035], [-10359234.3764, 6187843.101400003], [-10359267.4325, 6187840.853600003], [-10359303.267, 6187824.349100001], [-10359336.3319, 6187805.079000004], [-10359357.9388, 6187781.649400003], [-10359395.7175, 6187703.009599999], [-10359412.263, 6187681.873300001], [-10359438.4426, 6187667.659100004], [-10359478.854, 6187651.1565999985], [-10359635.7646, 6187656.490999997], [-10359659.1499, 6187658.843500003], [-10359675.6313, 6187675.4353], [-10359678.3303, 6187699.3605], [-10359664.0593, 6187720.513599999], [-10359644.7619, 6187734.746799998], [-10359640.1469, 6187749.017499998], [-10359652.085, 6187756.409000002], [-10359670.9123, 6187749.0779], [-10359723.2722, 6187718.337099999], [-10359739.8288, 6187704.102399997], [-10359742.6049, 6187693.048], [-10359749.9984, 6187662.225199997], [-10359768.8438, 6187647.991700001], [-10359858.8377, 6187610.607799999], [-10359878.1166, 6187602.611900002], [-10359927.6781, 6187595.7929000035], [-10359972.6414, 6187600.4802], [-10359982.663, 6187603.493799999], [-10360099.3344, 6187681.6325], [-10360150.6636, 6187701.489299998], [-10360166.9882, 6187710.322499998], [-10360176.5169, 6187711.490599997], [-10360198.7801, 6187720.103], [-10360219.1275, 6187715.221699998], [-10360361.532, 6187717.562700003], [-10360378.0544, 6187710.697300002], [-10360423.507, 6187698.798900001], [-10360453.5474, 6187704.353799999], [-10360461.1065, 6187705.761399999], [-10360515.6735, 6187722.879900001], [-10360551.4322, 6187739.507600002], [-10360577.1387, 6187737.251900002], [-10360603.2999, 6187727.640900001], [-10360624.8864, 6187708.814900003], [-10360679.5705, 6187654.130400002], [-10360755.3485, 6187606.8693], [-10360845.3403, 6187561.923500001], [-10360878.8499, 6187550.018700004], [-10360956.387, 6187550.135700002], [-10361024.6808, 6187587.9921], [-10361048.4691, 6187602.136799999], [-10361105.6411, 6187674.757700004], [-10361128.5433, 6187763.052199997], [-10361113.1813, 6187843.633100003], [-10360952.3245, 6188054.5891999975], [-10360856.6416, 6188100.563500002], [-10360837.4724, 6188154.274899997], [-10360749.3444, 6188315.411600001], [-10360741.6412, 6188372.987300001], [-10360779.8534, 6188438.256200001], [-10360867.8405, 6188472.833400004], [-10361074.4644, 6188511.386], [-10361104.5452, 6188503.362400003], [-10361125.5102, 6188509.014399998], [-10361151.2016, 6188513.659699999], [-10361172.7852, 6188506.7786], [-10361184.7513, 6188480.575199999], [-10361189.2794, 6188480.761100002], [-10361242.8463, 6188496.1461], [-10361300.1983, 6188557.608800001], [-10361368.8899, 6188837.840899996], [-10361414.798, 6188876.249499999], [-10361470.0852, 6188873.371699996], [-10361480.5471, 6188877.793499999], [-10361491.9897, 6188892.071400002], [-10361501.6072, 6188916.031499997], [-10361511.2482, 6188908.677699998], [-10361524.0667, 6188903.107199997], [-10361532.3662, 6188899.514300004], [-10361575.0506, 6188894.510700002], [-10361587.0159, 6188868.305600002], [-10361590.6173, 6188866.729199998], [-10361657.6913, 6188862.424400002], [-10361670.062, 6188868.447800003], [-10361674.3331, 6188861.356299996], [-10361678.8702, 6188861.065099999], [-10361763.0056, 6188922.541500002], [-10361862.4808, 6188957.143200003], [-10361867.3442, 6188956.7826000005], [-10361890.6503, 6188978.334200002], [-10361911.7344, 6188985.257399999], [-10361968.636, 6188983.049500003], [-10362013.6113, 6188971.140799999], [-10362049.4276, 6188966.5864999965], [-10362170.1628, 6188940.5383], [-10362186.6698, 6188940.571699999], [-10362198.5643, 6188959.909400001], [-10362205.8823, 6188969.110200003], [-10362210.4932, 6188957.1625000015], [-10362208.239, 6188931.376500003], [-10362200.9402, 6188900.5295], [-10362198.4068, 6188891.054300003], [-10362203.1186, 6188888.264799997], [-10362294.9499, 6188922.877300002], [-10362343.6862, 6188929.881399997], [-10362345.8973, 6188931.582999997], [-10362360.1133, 6188940.799900003], [-10362374.3619, 6188936.225299999], [-10362377.0855, 6188936.229599997], [-10362402.069, 6188961.308700003], [-10362379.0629, 6189041.901000001], [-10362451.7397, 6189107.208499998], [-10362474.6716, 6189160.948700003], [-10362512.936, 6189207.018399999], [-10362518.5152, 6189207.052500002], [-10362568.0527, 6189207.135600001], [-10362591.9109, 6189202.561999999], [-10362613.0274, 6189200.299099997], [-10362636.9168, 6189188.368699998], [-10362648.8783, 6189169.502700001], [-10362663.1117, 6189167.223700002], [-10362684.2131, 6189164.945500001], [-10362696.19, 6189143.3303999975], [-10362691.6289, 6189124.462399997], [-10362677.4788, 6189067.375100002], [-10362679.8675, 6189000.652900003], [-10362687.3179, 6188924.7173999995], [-10362713.0952, 6188865.386], [-10362765.5162, 6188794.094800003], [-10362827.0752, 6188749.073299997], [-10362881.4823, 6188715.105300002], [-10362881.524, 6188712.418899998], [-10362934.9175, 6188681.504299998], [-10362994.6201, 6188659.970399998], [-10363022.6512, 6188624.113399997], [-10363056.1297, 6188636.125100002], [-10363066.1718, 6188672.031099997], [-10363079.9211, 6188685.868699998], [-10363101.9394, 6188690.0397000015], [-10363122.1511, 6188685.9177], [-10363167.5731, 6188697.945200004], [-10363197.3931, 6188699.835600004], [-10363213.4477, 6188699.851899996], [-10363213.4793, 6188680.049000002], [-10363199.6991, 6188675.894000001], [-10363159.8197, 6188662.024400003], [-10363146.0395, 6188660.165399998], [-10363124.0211, 6188655.994499996], [-10363088.238, 6188645.825499997], [-10363079.9857, 6188636.157499999], [-10363090.1071, 6188627.880800001], [-10363094.2813, 6188600.284199998], [-10363125.9386, 6188598.036200002], [-10363161.7381, 6188590.259999998], [-10363207.6273, 6188590.308899999], [-10363251.1652, 6188620.280500002], [-10363308.9202, 6188656.264799997], [-10363352.9566, 6188668.276100002], [-10363394.7198, 6188668.338799998], [-10363430.5345, 6188656.407499999], [-10363454.3908, 6188650.472199999], [-10363472.433, 6188659.747699998], [-10363474.1197, 6188660.623800002], [-10363500.2799, 6188662.498000003], [-10363514.0607, 6188652.393200003], [-10363534.2417, 6188660.6866], [-10363564.0465, 6188664.403499998], [-10363571.8324, 6188678.693300001], [-10363569.9642, 6188698.4811], [-10363581.8767, 6188714.598700002], [-10363605.7329, 6188716.472499996], [-10363619.4831, 6188724.3125], [-10363651.1561, 6188710.537299998], [-10363671.3375, 6188712.4108000025], [-10363693.3714, 6188704.616899997], [-10363699.3506, 6188696.807599999], [-10363735.1499, 6188686.732900001], [-10363766.8528, 6188664.679700002], [-10363774.6845, 6188643.064099997], [-10363778.8263, 6188625.134400003], [-10363792.6067, 6188616.872000001], [-10363812.7878, 6188615.059500001], [-10363826.5533, 6188609.093000002], [-10363820.5894, 6188592.975900002], [-10363804.5952, 6188549.231600001], [-10363790.8602, 6188543.2348000035], [-10363780.7697, 6188543.2195999995], [-10363753.2697, 6188521.090599999], [-10363737.2153, 6188519.2326000035], [-10363707.3503, 6188537.146600001], [-10363695.4378, 6188523.325400002], [-10363705.5284, 6188513.220299996], [-10363750.9809, 6188487.5123], [-10363772.9991, 6188483.388899997], [-10363792.728, 6188485.262000002], [-10363817.0202, 6188503.237099998], [-10363834.8969, 6188521.2119999975], [-10363858.7525, 6188527.223700002], [-10363966.073, 6188551.315300003], [-10363989.9441, 6188561.465499997], [-10364003.6795, 6188577.582400002], [-10364015.5925, 6188591.418399997], [-10364019.6895, 6188615.3598000035], [-10364027.476, 6188625.495200001], [-10364049.5097, 6188627.367700003], [-10364073.3658, 6188637.532899998], [-10364078.2007, 6188652.124499999], [-10364079.8827, 6188479.307599999], [-10364083.1643, 6187876.115099996], [-10364089.7108, 6186668.285099998], [-10364092.9759, 6186063.632700004], [-10364698.5617, 6186065.119000003], [-10365307.714, 6186062.516000003], [-10365906.7233, 6186062.040899999], [-10366509.2834, 6186061.520900004], [-10367666.2872, 6186060.403700002], [-10368319.2902, 6186064.993600003], [-10369529.0828, 6186073.365500003], [-10370085.1418, 6186077.156400003], [-10370086.3735, 6186692.107299998], [-10370089.9478, 6188476.323200002], [-10370091.6417, 6190826.2984], [-10370085.6926, 6192053.7557], [-10369497.5214, 6192040.8169], [-10369485.1703, 6192645.485799998], [-10368875.1067, 6192632.082900003], [-10368861.7821, 6193217.412600003], [-10367619.7381, 6193185.993199997], [-10367034.841, 6193152.436700001], [-10366429.368, 6193116.657300003], [-10365219.7923, 6193046.032799996], [-10365214.1401, 6194309.512999997], [-10365209.7512, 6195526.691200003], [-10365200.5018, 6196135.058399998], [-10365191.236, 6196743.468000002], [-10365172.7305, 6197960.415100001], [-10365172.8076, 6198167.0814], [-10365130.3029, 6198153.009599999], [-10365030.1318, 6198164.8794], [-10364981.9277, 6198148.6906], [-10364949.7686, 6198152.792800002], [-10364961.7118, 6198168.487599999], [-10364993.8171, 6198213.228799999], [-10365002.0531, 6198241.354199998], [-10364993.7498, 6198273.595299996], [-10364909.1569, 6198325.565399997], [-10364828.3393, 6198305.190499999], [-10364812.28, 6198289.042099997], [-10364824.2761, 6198240.680799998], [-10364816.4793, 6198224.531499997], [-10364836.2433, 6198204.281199999], [-10364820.1984, 6198180.299900003], [-10364820.2258, 6198155.893299997], [-10364852.384, 6198143.9586], [-10364896.567, 6198075.815099999], [-10364892.9582, 6198031.57], [-10364872.8231, 6197971.192500003], [-10364860.8263, 6197959.126999997], [-10364852.6329, 6197950.8869], [-10364868.7466, 6197922.804499999], [-10364928.9733, 6197881.863899998], [-10364937.2899, 6197837.1796], [-10364917.1416, 6197789.248099998], [-10364877.2439, 6197744.963600002], [-10364840.9542, 6197740.764200002], [-10364800.944, 6197764.675099999], [-10364768.8013, 6197768.7764], [-10364740.2933, 6197784.868199997], [-10364736.545, 6197841.089000002], [-10364724.11, 6197873.328699999], [-10364728.2139, 6197901.423600003], [-10364731.8365, 6197942.432099998], [-10364704.8957, 6197958.493900001], [-10364671.6231, 6197978.306100003], [-10364615.144, 6197966.244499996], [-10364610.1528, 6197958.0945999995], [-10364595.4207, 6197933.9772000015], [-10364607.4315, 6197873.6272], [-10364571.2413, 6197801.245300002], [-10364568.3007, 6197793.866300002], [-10364539.1821, 6197720.577200003], [-10364479.0986, 6197667.991300002], [-10364411.1765, 6197619.972199999], [-10364358.8593, 6197575.2333], [-10364342.8738, 6197495.064599998], [-10364278.7342, 6197370.127599999], [-10364259.5853, 6197327.594999999], [-10364238.8847, 6197281.615500003], [-10364170.5286, 6197200.922200002], [-10364134.3006, 6197152.509099998], [-10364106.2904, 6197156.622699998], [-10364082.3814, 6197176.838799998], [-10364053.874, 6197188.799400002], [-10364027.9446, 6197213.718000002], [-10363987.527, 6197209.968999997], [-10363971.3967, 6197238.062299997], [-10363973.0249, 6197242.8401999995], [-10363983.7592, 6197274.471500002], [-10364050.9827, 6197322.083700001], [-10364234.4903, 6197452.022], [-10364230.2714, 6197504.550999999], [-10364233.1213, 6197516.995099999], [-10364242.1688, 6197556.625799999], [-10364282.5008, 6197621.189400002], [-10364294.3981, 6197661.289300002], [-10364290.2232, 6197685.709700003], [-10364254.3868, 6197689.809199996], [-10364206.1868, 6197669.489], [-10364129.5663, 6197592.889799997], [-10364073.5578, 6197576.6972], [-10364033.6056, 6197568.366700001], [-10364013.3739, 6197588.613700002], [-10364045.4867, 6197613.063299999], [-10364157.9423, 6197665.287299998], [-10364181.721, 6197750.069499999], [-10364133.4175, 6197794.239799999], [-10364065.4522, 6197785.864699997], [-10364025.0321, 6197797.781199999], [-10364049.3066, 6197842.508900002], [-10364024.9134, 6197886.723999999], [-10364057.013, 6197934.687899999], [-10364089.1417, 6197938.875600003], [-10364093.2435, 6197971.114399999], [-10364081.2731, 6197991.362300001], [-10364056.9091, 6198003.323899999], [-10364081.1988, 6198031.4494], [-10364137.2105, 6198051.785999998], [-10364185.3835, 6198103.908399999], [-10364257.4244, 6198156.5286], [-10364414.0341, 6198200.947499998], [-10364470.5003, 6198225.425700001], [-10364506.281, 6198253.549800001], [-10364502.5596, 6198289.494800001], [-10364474.0641, 6198301.897], [-10364381.759, 6198285.6774], [-10364325.7011, 6198285.590000004], [-10364309.5991, 6198297.567500003], [-10364349.5403, 6198313.745700002], [-10364394.0657, 6198341.900300004], [-10364490.0793, 6198342.029700004], [-10364526.3421, 6198358.192299999], [-10364538.255, 6198378.469999999], [-10364522.1684, 6198394.1076000035], [-10364490.0072, 6198386.231399998], [-10364417.8615, 6198393.964000002], [-10364381.5697, 6198393.920900002], [-10364345.7592, 6198374.052699998], [-10364293.3511, 6198402.092100002], [-10364240.9868, 6198409.852300003], [-10364231.1108, 6198405.391800001], [-10364196.914, 6198389.983599998], [-10364176.739, 6198357.698799998], [-10364192.8703, 6198317.170999996], [-10364197.0597, 6198265.1061], [-10364160.7981, 6198248.927100003], [-10364124.9598, 6198265.002899997], [-10364116.6533, 6198305.076200001], [-10364104.697, 6198309.2048999965], [-10364092.7261, 6198330.058600001], [-10364088.58, 6198337.302199997], [-10364040.3322, 6198345.529799998], [-10364004.011, 6198373.581900001], [-10363987.9533, 6198365.265100002], [-10363988.0128, 6198316.889600001], [-10363964.1898, 6198280.93], [-10363992.2337, 6198272.673], [-10363984.4533, 6198244.546300001], [-10363976.2357, 6198212.291599996], [-10363996.4989, 6198176.376999997], [-10364020.4108, 6198151.985100001], [-10364032.8491, 6198135.8803], [-10363972.2088, 6198123.799199998], [-10363920.3131, 6198111.762999997], [-10363863.8191, 6198095.567900002], [-10363860.0951, 6198139.798799999], [-10363847.6565, 6198163.751599997], [-10363867.8449, 6198179.9016999975], [-10363863.6836, 6198196.036600001], [-10363783.2764, 6198216.208899997], [-10363759.3941, 6198212.020000003], [-10363767.6868, 6198188.0823], [-10363751.6601, 6198151.668899998], [-10363751.7209, 6198111.5814], [-10363727.432, 6198075.168099999], [-10363707.2135, 6198087.113899998], [-10363719.3626, 6198296.7776999995], [-10363642.6331, 6198312.790399998], [-10363602.6626, 6198320.577200003], [-10363586.6059, 6198292.434699997], [-10363582.5363, 6198248.2029], [-10363498.5115, 6198215.8391999975], [-10363450.2485, 6198231.896499999], [-10363422.2508, 6198211.586599998], [-10363402.0315, 6198223.985399999], [-10363357.9776, 6198187.5396], [-10363351.2526, 6198196.960000001], [-10363329.4341, 6198227.5803999975], [-10363313.3305, 6198243.684199996], [-10363289.4484, 6198235.819300003], [-10363269.2615, 6198211.381099999], [-10363253.19, 6198199.373300001], [-10363221.0297, 6198207.612400003], [-10363172.8288, 6198191.428499997], [-10363188.8372, 6198239.380900003], [-10363293.454, 6198315.995999999], [-10363349.4804, 6198340.497199997], [-10363361.4371, 6198336.369599998], [-10363385.7877, 6198328.568000004], [-10363437.6991, 6198336.494499996], [-10363437.6834, 6198348.471199997], [-10363450.046, 6198372.8939], [-10363437.621, 6198392.673], [-10363445.8679, 6198408.808799997], [-10363510.0961, 6198469.254900001], [-10363530.2538, 6198505.670299999], [-10363505.8721, 6198525.918099999], [-10363374.1686, 6198502.003600001], [-10363280.823, 6198485.060999997], [-10363276.3442, 6198496.614100002], [-10363272.9812, 6198505.324299999], [-10363213.5741, 6198512.397399999], [-10363104.3494, 6198525.378700003], [-10363047.4344, 6198483.983900003], [-10363045.987, 6198482.940300003], [-10362915.7254, 6198388.231799997], [-10362819.2594, 6198383.941299997], [-10362741.1022, 6198355.362499997], [-10362738.2114, 6198502.056599997], [-10362736.2073, 6198603.774300002], [-10362806.9989, 6198654.841799997], [-10362851.0529, 6198691.307599999], [-10362915.2799, 6198743.457900003], [-10362967.1136, 6198796.060500003], [-10363015.3491, 6198796.125799999], [-10363132.0407, 6198788.000200003], [-10363228.5126, 6198776.151299998], [-10363341.0568, 6198776.309799999], [-10363457.2797, 6198788.444499999], [-10363505.4528, 6198836.884999998], [-10363525.5023, 6198969.6206], [-10363541.4674, 6199058.560800001], [-10363612.4267, 6199109.952200003], [-10363613.5274, 6199110.738600001], [-10363705.7788, 6199175.393399999], [-10363737.7139, 6199344.536700003], [-10363725.6188, 6199459.266400002], [-10363681.389, 6199551.825000003], [-10363608.7187, 6199612.0933], [-10363432.7787, 6199707.415399998], [-10363416.0698, 6199716.458999999], [-10363388.005, 6199736.709100001], [-10363383.8105, 6199780.948200002], [-10363399.8541, 6199809.080700003], [-10363432.0046, 6199813.2717999965], [-10363460.0542, 6199801.324699998], [-10363492.1742, 6199813.350100003], [-10363544.3607, 6199978.393399999], [-10363556.2429, 6200010.6554000005], [-10363511.9003, 6200167.727899998], [-10363487.4983, 6200203.649300002], [-10363447.5034, 6200219.725900002], [-10363423.1471, 6200235.802900001], [-10363383.1209, 6200268.017800003], [-10363338.9619, 6200304.3618], [-10363333.7437, 6200308.067299999], [-10363315.3752, 6200307.1586000025], [-10362703.2434, 6200276.6514], [-10362702.0473, 6200654.1294], [-10362686.4708, 6200632.965999998], [-10362666.2792, 6200614.948200002], [-10362643.7302, 6200630.6005000025], [-10362643.6972, 6200650.884499997], [-10362634.9628, 6200666.538699999], [-10362612.4622, 6200657.747299999], [-10362585.3634, 6200639.728299998], [-10362549.5146, 6200639.677500002], [-10362520.0888, 6200650.699900001], [-10362502.1225, 6200677.878799997], [-10362502.0727, 6200706.920900002], [-10362510.7867, 6200727.675399996], [-10362537.8881, 6200729.555200003], [-10362555.822, 6200718.515799999], [-10362578.3547, 6200713.935999997], [-10362603.1479, 6200720.8825], [-10362621.0467, 6200743.483599998], [-10362609.9725, 6200772.5244999975], [-10362567.1983, 6200788.597499996], [-10362533.1867, 6200801.903499998], [-10362499.628, 6200813.379100002], [-10362447.7031, 6200801.769000001], [-10362380.2188, 6200761.113399997], [-10362362.337, 6200731.583800003], [-10362339.9049, 6200677.640100002], [-10362324.3316, 6200643.512900002], [-10362310.5653, 6200625.495300002], [-10362285.7232, 6200641.131099999], [-10362272.4063, 6200641.113600001], [-10362247.6294, 6200630.021600001], [-10362229.7158, 6200612.018399999], [-10362213.6235, 6200614.2993], [-10362211.7646, 6200634.552699998], [-10362225.064, 6200647.926600002], [-10362249.8393, 6200668.245700002], [-10362287.9476, 6200683.968699999], [-10362314.9964, 6200727.3401999995], [-10362310.3459, 6200756.381800003], [-10362303.4182, 6200785.861599997], [-10362294.6688, 6200796.9023], [-10362283.1581, 6200814.870200001], [-10362276.6835, 6200839.736900002], [-10362274.3572, 6200860.020999998], [-10362253.0735, 6200877.351899996], [-10362249.5136, 6200880.240400001], [-10362213.2116, 6200878.342799999], [-10362186.5947, 6200864.481899999], [-10362177.5315, 6200859.231299996], [-10362159.4955, 6200848.760300003], [-10362134.6703, 6200851.039499998], [-10362121.3361, 6200859.764700003], [-10362107.5339, 6200871.273100004], [-10362085.032, 6200868.939099997], [-10362078.1213, 6200884.593500003], [-10362082.67, 6200914.1215], [-10362096.4368, 6200929.810500003], [-10362109.7182, 6200959.325099997], [-10362100.4811, 6200992.964900002], [-10362116.5244, 6201013.268200003], [-10362141.248, 6201069.9833], [-10362149.9128, 6201108.240699999], [-10362138.8002, 6201169.063900001], [-10362120.8306, 6201200.842299998], [-10362104.7354, 6201211.881700002], [-10362089.0944, 6201214.162699997], [-10362089.061, 6201229.819200002], [-10362113.8846, 6201241.396399997], [-10362136.3514, 6201272.759400003], [-10362154.2345, 6201297.6624], [-10362170.8394, 6201303.867799997], [-10362179.0438, 6201306.925099999], [-10362199.2192, 6201334.142800003], [-10362230.9055, 6201347.551600002], [-10362253.4401, 6201342.987300001], [-10362259.9151, 6201318.1043], [-10362244.3088, 6201295.501400001], [-10362224.1163, 6201277.496299997], [-10362228.7525, 6201246.168700002], [-10362242.1364, 6201216.673500001], [-10362287.1895, 6201207.5298999995], [-10362352.5003, 6201187.362000003], [-10362406.74, 6201169.460900001], [-10362433.8755, 6201156.138599999], [-10362469.7107, 6201160.803499997], [-10362494.502, 6201187.567000002], [-10362501.3279, 6201228.607799999], [-10362507.7002, 6201277.9384], [-10362521.4012, 6201336.951700002], [-10362527.7586, 6201386.267800003], [-10362514.3904, 6201418.048299998], [-10362516.6301, 6201467.818000004], [-10362518.8748, 6201484.534199998], [-10362521.1649, 6201501.462399997], [-10362550.0747, 6201531.010899998], [-10362584.0381, 6201555.946199998], [-10362613.4325, 6201573.967500001], [-10362651.5116, 6201616.9054000005], [-10362687.3312, 6201639.5414], [-10362698.9153, 6201639.5581], [-10362698.931, 6201635.0198], [-10362755.2216, 6201635.0876], [-10362787.8785, 6201623.1559000015], [-10362792.0596, 6201598.256200001], [-10362783.8282, 6201565.503700003], [-10362779.7447, 6201532.328299999], [-10362808.6896, 6201528.232299998], [-10362833.4686, 6201549.005400002], [-10362837.0998, 6201581.742200002], [-10362878.4571, 6201590.097400002], [-10362907.4332, 6201577.696000002], [-10362931.8741, 6201520.1228], [-10362989.795, 6201499.464400001], [-10363010.1117, 6201502.234899998], [-10363051.3783, 6201507.836000003], [-10363079.8371, 6201541.073799998], [-10363059.5778, 6201569.617799997], [-10363067.7953, 6201602.823899999], [-10363301.6418, 6201660.766199999], [-10363307.4786, 6201667.6043], [-10363326.4219, 6201689.828299999], [-10363387.6932, 6201924.498599999], [-10363367.4182, 6201965.964299999], [-10363400.0442, 6201974.301799998], [-10363494.7107, 6201970.281999998], [-10363585.2131, 6201994.838600002], [-10363626.0596, 6202023.931699999], [-10363634.264, 6202073.266000003], [-10363695.8217, 6202094.099299997], [-10363753.6686, 6202139.349799998], [-10363755.1135, 6202145.900399998], [-10363761.9042, 6202176.6875], [-10363761.8282, 6202238.4432], [-10363835.8017, 6202242.694799997], [-10363864.3562, 6202188.806100003], [-10363887.5834, 6202152.738899998], [-10363938.5091, 6202073.661399998], [-10363984.0325, 6202061.285599999], [-10364000.6688, 6201982.950199999], [-10364037.4877, 6201950.272100002], [-10364050.0054, 6201867.777400002], [-10364107.5031, 6201826.824000001], [-10364137.4275, 6201780.773100004], [-10364141.6635, 6201711.184199996], [-10364174.8296, 6201653.152599998], [-10364174.8736, 6201620.431100003], [-10364166.6076, 6201607.966200002], [-10364067.8714, 6201554.3719], [-10364010.4943, 6201508.6576000005], [-10363969.7233, 6201409.966600001], [-10363919.858, 6201245.095299996], [-10363916.1627, 6201232.902900003], [-10363920.4451, 6201121.386600003], [-10363949.5228, 6201034.800399996], [-10364027.6928, 6200981.4322], [-10364122.3629, 6200964.502899997], [-10364150.8674, 6200947.953400001], [-10364146.7493, 6200927.215099998], [-10364118.3033, 6200890.307300001], [-10364155.1757, 6200803.7073], [-10364175.926, 6200746.120899998], [-10364180.1025, 6200717.108599998], [-10364216.8865, 6200708.848200001], [-10364245.9308, 6200647.132299997], [-10364217.0181, 6200614.3706], [-10364241.8857, 6200577.068800002], [-10364250.1795, 6200556.814800002], [-10364221.2815, 6200507.0066], [-10364230.5097, 6200474.2892], [-10364337.5427, 6200498.847900003], [-10364415.7641, 6200421.066500001], [-10364424.0715, 6200383.766199999], [-10364418.6822, 6200362.151900001], [-10364403.4954, 6200301.242700003], [-10364387.038, 6200235.327200003], [-10364399.4929, 6200206.769699998], [-10364541.5542, 6200211.054899998], [-10364543.3186, 6200211.1153], [-10364765.1919, 6200256.546099998], [-10364851.5474, 6200277.394199997], [-10365000.1063, 6200391.134499997], [-10365150.2893, 6200506.113899998], [-10365163.7585, 6200516.442699999], [-10365221.1233, 6200582.412900001], [-10365250.0274, 6200632.218099996], [-10365397.9672, 6200660.9472], [-10365431.0698, 6200652.682300001], [-10365459.5445, 6200656.866899997], [-10365496.8056, 6200628.332199998], [-10365541.827, 6200644.508199997], [-10365583.1145, 6200690.180799998], [-10365689.7122, 6200694.454400003], [-10365784.3163, 6200748.010499999], [-10365858.219, 6200822.278800003], [-10365915.5425, 6200937.559], [-10365956.8604, 6200970.782200001], [-10366055.6016, 6201024.3510000035], [-10366133.7414, 6201020.276600003], [-10366199.4406, 6201024.4943], [-10366216.8326, 6201032.703299999], [-10366277.5316, 6201061.442299999], [-10366359.177, 6201130.533399999], [-10366457.9919, 6201214.1712], [-10366581.5664, 6201271.887800001], [-10366639.0065, 6201288.539499998], [-10366736.1904, 6201262.412900001], [-10366756.4134, 6201254.131499998], [-10366782.6073, 6201240.326700002], [-10366805.1486, 6201219.625100002], [-10366808.8513, 6201197.508199997], [-10366807.033, 6201173.093699999], [-10366736.3444, 6201091.886299998], [-10366717.9831, 6201073.437799998], [-10366713.8733, 6201050.8549000025], [-10366723.9757, 6201043.0309000015], [-10366752.4523, 6201047.196400002], [-10366753.1309, 6201046.6818], [-10366768.5561, 6201034.771700002], [-10366782.8155, 6201010.3675], [-10366805.3468, 6201006.2302], [-10366825.5447, 6201014.542800002], [-10366836.7628, 6201048.861599997], [-10366837.4573, 6201050.964000002], [-10366861.7907, 6201067.579700001], [-10366884.287, 6201092.031800002], [-10366916.4398, 6201126.645900004], [-10366940.7557, 6201177.357699998], [-10366965.5415, 6201192.127700001], [-10366972.3301, 6201196.2700999975], [-10366995.8491, 6201210.586900003], [-10366999.974, 6201230.885799997], [-10367004.052, 6201287.596000001], [-10367008.1385, 6201326.305], [-10367028.3297, 6201354.903300002], [-10367093.0834, 6201403.831], [-10367176.2366, 6201446.3072], [-10367243.1599, 6201447.188600004], [-10367323.587, 6201459.258299999], [-10367379.6128, 6201477.751400001], [-10367434.7602, 6201487.4706000015], [-10367470.5797, 6201517.014899999], [-10367524.3492, 6201512.922700003], [-10367548.7256, 6201482.974699996], [-10367559.9664, 6201457.2531], [-10367549.4574, 6201450.354599997], [-10367525.5375, 6201434.652500004], [-10367521.3997, 6201422.6581000015], [-10367529.7025, 6201404.2141999975], [-10367549.6212, 6201407.914399996], [-10367552.2078, 6201408.3948], [-10367591.0084, 6201425.229999997], [-10367612.8525, 6201434.7205], [-10367635.3829, 6201426.904799998], [-10367657.4331, 6201424.6259], [-10367680.3959, 6201439.380000003], [-10367678.5048, 6201494.2179000005], [-10367682.6166, 6201514.956100002], [-10367737.2751, 6201543.114100002], [-10367775.8739, 6201545.4564], [-10367824.5602, 6201573.616800003], [-10367869.1224, 6201587.952299997], [-10367901.7064, 6201628.993500002], [-10367917.7468, 6201675.579700001], [-10367921.0382, 6201682.3401999995], [-10367929.6742, 6201700.035700001], [-10367956.3031, 6201714.333999999], [-10367988.4884, 6201708.373199999], [-10368011.0087, 6201710.223099999], [-10368029.3803, 6201710.244400002], [-10368028.2217, 6201684.966300003], [-10368027.1243, 6201661.3825], [-10368009.2106, 6201641.089599997], [-10368021.1961, 6201598.241999999], [-10368047.4079, 6201592.2689], [-10368053.885, 6201543.418499999], [-10368075.9405, 6201551.742899999], [-10368094.3066, 6201572.035099998], [-10368104.3963, 6201600.621600002], [-10368180.0288, 6201641.247000001], [-10368217.853, 6201661.574900001], [-10368236.4973, 6201664.303499997], [-10368246.3324, 6201665.750699997], [-10368258.7502, 6201674.064599998], [-10368264.6991, 6201686.0276999995], [-10368262.1524, 6201690.6884], [-10368254.5726, 6201704.4738000035], [-10368227.9112, 6201716.423299998], [-10368205.8524, 6201732.545900002], [-10368199.8555, 6201744.984200001], [-10368183.3308, 6201728.835900001], [-10368178.2173, 6201728.369499996], [-10368157.1298, 6201726.504299998], [-10368130.4946, 6201730.632399999], [-10368092.3556, 6201714.464400001], [-10368075.8112, 6201718.602499999], [-10368071.6691, 6201730.586000003], [-10368094.1444, 6201763.326899998], [-10368142.8512, 6201797.945799999], [-10368146.975, 6201809.925300002], [-10368124.4352, 6201830.193000004], [-10368085.8179, 6201854.598700002], [-10368075.6786, 6201879.035899997], [-10368082.0608, 6201944.023599997], [-10368108.202, 6202007.186800003], [-10368140.7776, 6202086.504500002], [-10368147.1879, 6202116.017200001], [-10368147.1429, 6202176.849600002], [-10368140.6659, 6202225.703699999], [-10368114.414, 6202306.807599999], [-10368124.5118, 6202319.268799998], [-10368142.8997, 6202319.274800003], [-10368154.3895, 6202318.4045], [-10368161.2814, 6202306.844700001], [-10368179.2247, 6202292.568999998], [-10368223.8155, 6202294.906499997], [-10368236.2128, 6202290.770000003], [-10368233.9247, 6202270.498499997], [-10368220.1563, 6202247.872599997], [-10368222.0044, 6202233.574900001], [-10368238.0984, 6202231.751199998], [-10368408.5912, 6202250.300899997], [-10368420.9884, 6202246.1642], [-10368428.8106, 6202233.739200003], [-10368426.9919, 6202217.5978000015], [-10368404.4916, 6202171.0282000005], [-10368412.7878, 6202142.460900001], [-10368428.8752, 6202128.201200001], [-10368461.5623, 6202071.527000003], [-10368524.54, 6202047.136], [-10368563.1567, 6202022.742700003], [-10368581.067, 6202032.884199999], [-10368597.5895, 6202043.026299998], [-10368597.584, 6202060.333300002], [-10368597.5739, 6202069.319600001], [-10368603.5412, 6202085.912299998], [-10368611.8129, 6202096.074100003], [-10368632.2664, 6202095.245800003], [-10368668.3317, 6202093.803499997], [-10368682.5861, 6202093.810599998], [-10368721.1451, 6202154.696699999], [-10368722.9671, 6202175.452200003], [-10368966.0044, 6202465.3571000025], [-10368982.7811, 6202485.369499996], [-10369013.5776, 6202499.678400002], [-10369037.9217, 6202519.9824], [-10369041.5806, 6202533.808300003], [-10369027.3268, 6202536.101499997], [-10369009.3957, 6202544.387999997], [-10369019.4936, 6202554.533699997], [-10369051.6414, 6202582.670199998], [-10369086.0825, 6202611.2742], [-10369134.7753, 6202657.873499997], [-10369153.1415, 6202670.328900002], [-10369151.2948, 6202684.627499998], [-10369161.3981, 6202703.079400003], [-10369177.4977, 6202709.0911], [-10369179.7856, 6202725.233099997], [-10369169.203, 6202737.207199998], [-10369155.4129, 6202757.928300001], [-10369145.283, 6202769.9021999985], [-10369122.7733, 6202765.740199998], [-10369108.5218, 6202747.744599998], [-10369080.0534, 6202743.586300001], [-10369059.8155, 6202729.270800002], [-10369033.6263, 6202726.956699997], [-10369031.3132, 6202743.555399999], [-10369053.844, 6202757.869499996], [-10369084.1636, 6202780.016099997], [-10369104.3652, 6202808.614299998], [-10369136.9832, 6202839.065800004], [-10369182.4486, 6202860.234700002], [-10369193.4943, 6202865.387100004], [-10369210.0232, 6202881.974299997], [-10369236.1638, 6202926.439999998], [-10369238.4895, 6202930.417800002], [-10369238.4859, 6202948.846299998], [-10369230.1989, 6202964.965000004], [-10369204.0143, 6202971.396600001], [-10369147.0132, 6202958.904299997], [-10369128.6253, 6202961.200300001], [-10369094.1468, 6202973.159100004], [-10369075.7522, 6202989.2839], [-10369049.5499, 6202991.569300003], [-10369010.9407, 6202983.240800001], [-10368978.7696, 6202968.9168], [-10368954.4421, 6202952.772399999], [-10368931.9168, 6202948.609899998], [-10368921.7867, 6202961.068000004], [-10368921.7827, 6202979.950300001], [-10368943.821, 6203002.5568], [-10368956.216, 6203018.693400003], [-10368947.9434, 6203034.811999999], [-10368925.8695, 6203028.803300001], [-10368901.4819, 6203038.939800002], [-10368901.4762, 6203055.068599999], [-10368931.7792, 6203073.524700001], [-10368957.9677, 6203097.9597999975], [-10368962.0729, 6203126.538599998], [-10368956.0878, 6203158.800099999], [-10368939.9994, 6203173.0779], [-10368907.3387, 6203199.333400004], [-10368891.2411, 6203223.748400003], [-10368884.7859, 6203252.333999999], [-10368907.2947, 6203278.632799998], [-10368935.7846, 6203291.098700002], [-10368966.1206, 6203286.965099998], [-10369053.4776, 6203250.599100001], [-10369096.248, 6203228.043499999], [-10369099.9253, 6203222.0647], [-10369122.4908, 6203167.218000002], [-10369156.9873, 6203134.514899999], [-10369193.0754, 6203138.668399997], [-10369193.3017, 6203138.683399998], [-10369219.9532, 6203130.405599996], [-10369250.2885, 6203150.721699998], [-10369244.3072, 6203163.147699997], [-10369238.3145, 6203181.5803999975], [-10369250.2727, 6203197.732199997], [-10369288.8669, 6203228.180600002], [-10369304.9264, 6203264.604999997], [-10369317.3264, 6203287.2173999995], [-10369317.3216, 6203303.346600004], [-10369292.9514, 6203317.615400001], [-10369258.4695, 6203325.883500002], [-10369234.1026, 6203321.7227], [-10369199.6229, 6203309.246200003], [-10369177.1069, 6203297.231399998], [-10369161.0109, 6203299.0722], [-10369157.3117, 6203318.426700003], [-10369179.8105, 6203351.1708], [-10369194.0494, 6203371.482500002], [-10369189.9018, 6203397.737199999], [-10369179.7804, 6203424.479699999], [-10369161.3848, 6203440.590400003], [-10369122.7661, 6203444.7146999985], [-10369078.1703, 6203469.118199997], [-10369035.4325, 6203472.760399997], [-10369015.2075, 6203482.895199999], [-10369007.3772, 6203507.306299999], [-10369005.0443, 6203541.882299997], [-10369031.6895, 6203570.464000002], [-10369069.8246, 6203588.931100003], [-10369094.1921, 6203593.1076000035], [-10369108.4541, 6203576.515100002], [-10369142.9639, 6203538.272500001], [-10369232.6156, 6203501.448200002], [-10369271.2558, 6203483.024599999], [-10369296.6178, 6203485.6413], [-10369311.6902, 6203487.205300003], [-10369340.1703, 6203505.662100002], [-10369376.0969, 6203537.868100002], [-10369378.7536, 6203540.257100001], [-10369421.0256, 6203562.412100002], [-10369441.232, 6203570.7211000025], [-10369453.6305, 6203566.582199998], [-10369461.5054, 6203542.972499996], [-10369462.4239, 6203540.172499999], [-10369463.764, 6203536.161899999], [-10369472.0607, 6203511.734899998], [-10369489.9936, 6203503.9155], [-10369512.5022, 6203526.052500002], [-10369528.5856, 6203527.902999997], [-10369551.0991, 6203534.364200003], [-10369561.2151, 6203546.3565], [-10369558.904, 6203564.802900001], [-10369534.5333, 6203579.0726], [-10369520.7547, 6203595.196400002], [-10369520.7042, 6203656.039300002], [-10369496.3153, 6203688.769299999], [-10369475.6565, 6203704.640699998], [-10369441.1248, 6203731.143200003], [-10369414.9242, 6203739.437100001], [-10369392.4143, 6203739.421400003], [-10369351.9624, 6203733.394900002], [-10369327.5805, 6203731.065200001], [-10369301.8268, 6203754.580700003], [-10369291.6875, 6203777.1635000035], [-10369301.7502, 6203848.1696000025], [-10369341.7138, 6203891.874600001], [-10369348.1605, 6203898.9067], [-10369382.604, 6203921.5066], [-10369388.5679, 6203951.932700001], [-10369376.5977, 6203966.2249], [-10369378.4224, 6203988.346500002], [-10369392.6729, 6204000.821199998], [-10369417.0241, 6204000.835699998], [-10369437.2524, 6203994.845399998], [-10369482.2974, 6204008.707000002], [-10369520.4438, 6204017.034699999], [-10369536.9823, 6204021.200099997], [-10369567.3329, 6204012.9179000035], [-10369601.8282, 6204021.232500002], [-10369626.1683, 6204049.830700003], [-10369644.5653, 6204057.686899997], [-10369680.8877, 6204067.8461000025], [-10369802.6431, 6204153.712899998], [-10369803.022, 6204156.148900002], [-10369804.477, 6204165.711400002], [-10369798.4861, 6204185.977499999], [-10369826.9665, 6204200.287900001], [-10369835.2445, 6204214.5820999965], [-10369835.2242, 6204228.882299997], [-10369818.6783, 6204236.702100001], [-10369788.4726, 6204236.6928], [-10369786.4961, 6204236.678999998], [-10369763.9849, 6204236.664300002], [-10369739.6156, 6204232.9586], [-10369719.3829, 6204232.942199998], [-10369684.914, 6204243.059], [-10369658.7049, 6204240.746399999], [-10369638.0183, 6204238.884000003], [-10369627.8872, 6204250.875600003], [-10369627.8774, 6204281.291599996], [-10369620.0447, 6204300.666500002], [-10369575.4197, 6204331.067199998], [-10369573.1057, 6204345.368900001], [-10369621.8245, 6204367.520499997], [-10369644.3373, 6204391.974799998], [-10369666.4152, 6204397.9826000035], [-10369690.78, 6204394.3191], [-10369721.1235, 6204396.189900003], [-10369743.3386, 6204404.104199998], [-10369749.6167, 6204406.354599997], [-10369779.9481, 6204412.356399998], [-10369796.4823, 6204430.8068], [-10369812.5506, 6204473.696900003], [-10369871.3561, 6204526.287600003], [-10369885.5985, 6204546.6010000035], [-10369889.7091, 6204577.484300002], [-10369932.438, 6204618.086099997], [-10369958.625, 6204630.0830999985], [-10369958.6223, 6204633.022600003], [-10369958.6079, 6204648.530199997], [-10369937.478, 6204661.655299999], [-10369936.6321, 6204766.932499997], [-10369931.7187, 6205373.861000001], [-10369931.3911, 6205594.174099997], [-10369931.2462, 6205633.8972999975], [-10369929.5215, 6205695.289099999], [-10369856.9027, 6207818.9760000035], [-10369856.042, 6210210.530599996], [-10369868.3122, 6211409.3999999985], [-10369674.891, 6211424.172499999], [-10369261.8052, 6211455.693300001], [-10368655.2611, 6211501.989500001], [-10368048.031, 6211548.349299997], [-10367440.87, 6211594.696800001], [-10366832.8115, 6211641.107900001], [-10366224.7163, 6211687.536499999], [-10365615.8143, 6211734.013599999], [-10365006.9963, 6211780.492899999], [-10364396.8882, 6211827.065800004], [-10363868.8786, 6211867.370700002], [-10363786.7282, 6211873.656099997], [-10363172.1974, 6211920.566299997], [-10362755.8516, 6211952.344899997], [-10362055.0383, 6211911.803300001], [-10361456.9481, 6211877.201399997], [-10360861.5354, 6211842.755599998], [-10360266.0973, 6211808.299000002], [-10359667.0549, 6211773.6479], [-10359067.942, 6211738.9855], [-10358468.7884, 6211704.311499998], [-10357869.5792, 6211669.656499997], [-10357267.4453, 6211634.821099997], [-10356665.3163, 6211599.989100002], [-10356063.2223, 6211565.160499997], [-10355461.1331, 6211530.335100003], [-10354848.7508, 6211494.896600001], [-10354236.298, 6211459.474799998], [-10353623.7897, 6211424.039800003], [-10353011.2109, 6211388.6065], [-10352404.9184, 6211353.531800002], [-10351798.6307, 6211318.474799998], [-10351192.363, 6211283.390500002], [-10350987.7283, 6211271.561300002], [-10350585.9441, 6211428.561099999], [-10350146.6573, 6211600.206200004], [-10349979.8256, 6211665.4111], [-10349373.8852, 6211902.1646], [-10348647.1361, 6212186.136699997], [-10348162.2219, 6212375.623599999], [-10347671.5133, 6212567.363600001], [-10347554.6866, 6212524.3527000025], [-10347115.6878, 6212362.741400003], [-10347117.1214, 6212176.292599998]]]]}}, {"type": "Feature", "properties": {"OBJECTID": 26, "CreationDate": "2025-01-14T11:11:09Z", "Creator": "NPS_WASO_LANDS", "EditDate": "2025-01-14T11:11:09Z", "Editor": "NPS_WASO_LANDS", "GlobalID": "{20DAAD5A-A045-44CC-970D-436EE26360F6}", "AreaID": 277, "UNIT_CODE": "MISS", "GIS_Notes": "Lands - http://landsnet.nps.gov/tractsnet/documents/MISS/Metadata/miss_metadata.xml", "UNIT_NAME": "Mississippi National River and Recreation Area", "DATE_EDIT": "2024-12-16T00:00:00Z", "STATE": "MN", "REGION": "MW", "GNIS_ID": "1888944", "UNIT_TYPE": "National River", "CREATED_BY": "Lands", "METADATA": "https://irma.nps.gov/DataStore/Reference/Profile/2253817", "PARKNAME": "Mississippi", "SHAPE_Length": 379486.8845860617, "SHAPE_Area": 433602418.4505581}, "geometry": {"type": "MultiPolygon", "coordinates": [[[[-10408649.0705, 5660313.054799996], [-10408457.1457, 5660144.828299999], [-10408283.0354, 5659986.248099998], [-10408017.1967, 5659763.638899997], [-10407867.6904, 5659672.572999999], [-10407675.7702, 5659559.8488000035], [-10407483.8501, 5659474.160400003], [-10407395.4601, 5659442.2250000015], [-10407388.6636, 5658412.134599999], [-10406823.0352, 5658403.7566], [-10406806.89, 5657832.168099999], [-10404524.783, 5657839.914099999], [-10404519.6586, 5657261.0913999975], [-10403390.0711, 5657239.912299998], [-10403380.7182, 5656959.682700001], [-10402814.1989, 5656951.148199998], [-10402806.6253, 5656392.296400003], [-10400534.6479, 5656384.395999998], [-10400531.1951, 5656115.572099999], [-10400482.881, 5656086.6514], [-10400397.9417, 5656043.191799998], [-10400261.1261, 5655975.079000004], [-10399976.5852, 5655838.222900003], [-10399972.3531, 5655576.684500001], [-10399816.9472, 5655570.679700002], [-10399784.6638, 5655590.4331], [-10399715.8667, 5655599.598700002], [-10399669.2235, 5655733.923100002], [-10399681.0241, 5655785.756800003], [-10399656.4224, 5655858.7673999965], [-10399492.5551, 5655747.1976], [-10399067.8577, 5655378.995999999], [-10398858.9042, 5655170.881800003], [-10398746.8018, 5655055.212300003], [-10398720.5294, 5655027.559100002], [-10398786.7638, 5654706.789899997], [-10398687.3483, 5654073.343900003], [-10398521.6985, 5653765.4065999985], [-10398338.2381, 5653634.5879999995], [-10398318.7522, 5653032.498000003], [-10398300.9407, 5653032.498000003], [-10397358.147, 5652464.256300002], [-10396847.7337, 5652450.987800002], [-10396848.5116, 5652285.276900001], [-10396604.8269, 5652285.277400002], [-10396357.6916, 5652341.831100002], [-10396227.667, 5652340.725400001], [-10396226.8862, 5652139.474100001], [-10396090.9616, 5652140.580300003], [-10396090.0694, 5651939.333300002], [-10395844.6034, 5651941.703400001], [-10395842.932, 5651740.461099997], [-10395812.4298, 5651740.461099997], [-10395813.2043, 5651137.392800003], [-10395639.9864, 5651137.393200003], [-10395454.8566, 5651054.7870000005], [-10395323.1623, 5651057.156400003], [-10395261.155, 5650998.716300003], [-10395197.4783, 5650940.2766999975], [-10394790.5929, 5650728.3178], [-10394839.0171, 5650603.544799998], [-10394525.6435, 5650488.4086000025], [-10394423.672, 5650448.608999997], [-10394495.0281, 5650259.560800001], [-10394317.5795, 5650190.2289], [-10393779.1104, 5649896.797600001], [-10392657.9818, 5649900.433499999], [-10391818.8292, 5649436.617200002], [-10391513.9152, 5649237.800800003], [-10391530.0471, 5648105.305], [-10391287.1365, 5647560.899899997], [-10391005.1513, 5646962.850199997], [-10390950.8256, 5646926.0656], [-10390799.6492, 5646870.020900004], [-10390600.0466, 5646732.199299999], [-10390469.2417, 5646630.373499997], [-10390386.8623, 5646555.702], [-10390319.7342, 5646485.925099999], [-10389320.9439, 5645995.608800001], [-10388993.9877, 5645785.503700003], [-10388152.2776, 5645752.989600003], [-10388159.0628, 5645175.579099998], [-10385594.9696, 5645118.294399999], [-10385531.2919, 5644996.756800003], [-10385491.3259, 5644863.6985], [-10385481.9733, 5644719.120099999], [-10385492.2136, 5644591.589900002], [-10385494.7735, 5644532.560500003], [-10385491.3219, 5644480.791699998], [-10385330.0093, 5643841.2831000015], [-10385335.8882, 5641703.706799999], [-10385059.8034, 5641234.317599997], [-10384984.2141, 5641108.572800003], [-10384630.9873, 5641113.308200002], [-10384212.176, 5639584.7863000035], [-10384168.8705, 5639490.297600001], [-10384011.7921, 5639286.338399999], [-10383749.2898, 5638956.511799999], [-10383457.9546, 5638595.624899998], [-10383307.6667, 5638383.168899998], [-10383155.5967, 5638084.760799997], [-10383024.7896, 5637797.717699997], [-10382998.5168, 5637723.750200003], [-10382977.2533, 5637649.783500001], [-10382973.0223, 5637585.910499997], [-10382978.1406, 5637327.900300004], [-10383002.7403, 5637089.136699997], [-10383052.8341, 5636938.690300003], [-10383215.0274, 5636567.4736], [-10383274.473, 5636489.2579], [-10383318.6674, 5636424.919799998], [-10383361.192, 5636356.324699998], [-10383390.9146, 5636291.987599999], [-10383409.6151, 5636120.5825999975], [-10383422.304, 5635949.181000002], [-10383435.8845, 5635858.356700003], [-10383476.6268, 5635692.320900001], [-10383498.7793, 5635610.486500002], [-10383495.3276, 5635540.794299997], [-10383471.5036, 5635454.704700001], [-10383232.9325, 5634835.861400001], [-10383186.1755, 5634700.431000002], [-10383170.033, 5634625.385499999], [-10383164.1311, 5634464.733000003], [-10383160.6794, 5634384.802199997], [-10383159.0063, 5634070.2875000015], [-10383145.4188, 5633485.744900003], [-10383162.3393, 5633423.162600003], [-10383335.6658, 5633115.300499998], [-10383557.3058, 5632762.367200002], [-10383721.1712, 5632587.875699997], [-10383785.7373, 5632473.126500003], [-10383823.1407, 5632376.820200004], [-10383858.7616, 5632138.818099998], [-10383919.9875, 5631966.230999999], [-10383987.8927, 5631789.391400002], [-10384016.8351, 5631647.544200003], [-10384034.6454, 5631507.4331], [-10384048.2255, 5631389.703699999], [-10384083.8437, 5630883.500299998], [-10384068.591, 5630747.025899999], [-10384038.8668, 5630632.773800001], [-10383962.3859, 5630443.985299997], [-10383825.6781, 5630126.6153], [-10383583.6565, 5629560.924400002], [-10383436.7065, 5629203.879500002], [-10383384.0492, 5629044.112099998], [-10383373.8045, 5628756.0956000015], [-10383423.1112, 5627847.989299998], [-10383446.0375, 5627249.514799997], [-10383467.3244, 5627091.7092999965], [-10383545.33, 5626513.408699997], [-10383536.8681, 5626377.000600003], [-10383438.3421, 5625869.820100002], [-10383137.6497, 5625005.948399998], [-10382977.122, 5625013.194700003], [-10382981.3494, 5624733.811099999], [-10382944.8354, 5624733.811700001], [-10382947.387, 5623872.407200001], [-10382811.4615, 5623872.881200001], [-10382809.7717, 5621955.095399998], [-10382641.6701, 5621606.224200003], [-10382954.1525, 5621451.781300001], [-10382500.6133, 5620527.097599998], [-10382183.01, 5620681.997100003], [-10382025.0394, 5620357.0995000005], [-10381710.7758, 5620507.903499998], [-10381277.6092, 5619628.803499997], [-10381105.1678, 5619445.125299998], [-10380604.8786, 5619123.266900003], [-10379310.5154, 5618421.973499998], [-10378019.4916, 5617700.434900001], [-10378023.8245, 5616838.439800002], [-10377552.3701, 5616836.709700003], [-10377538.0054, 5616436.896700002], [-10377299.327, 5616328.3323], [-10377143.0284, 5616269.4877], [-10377081.9115, 5616229.209200002], [-10376981.6084, 5616162.026600003], [-10376819.4085, 5615980.1477999985], [-10376597.7611, 5615720.237300001], [-10376439.7916, 5615555.201300003], [-10376242.7474, 5615384.819499999], [-10376080.4367, 5615257.546499997], [-10376006.6289, 5615214.912900001], [-10375953.0821, 5615187.381999999], [-10375844.3906, 5615158.917099997], [-10375840.1663, 5614585.8473000005], [-10375707.6068, 5614488.911499999], [-10375576.8015, 5614445.023100004], [-10375344.9137, 5614328.617700003], [-10374830.2598, 5613748.970899999], [-10374741.9747, 5613214.9728000015], [-10374669.7223, 5612863.447999999], [-10374607.7144, 5612784.18], [-10374593.2414, 5612697.835100003], [-10374564.4084, 5612675.030199997], [-10374310.48, 5612681.636500001], [-10374302.0187, 5612629.421099998], [-10374284.986, 5612595.2927], [-10374161.8618, 5612563.366499998], [-10374166.8629, 5611748.726099998], [-10374541.4662, 5611746.366099998], [-10374638.3131, 5611331.210500002], [-10374634.082, 5611245.9802], [-10374616.1583, 5611181.193300001], [-10374566.0627, 5611181.193499997], [-10374564.3919, 5611087.001599997], [-10374583.0934, 5611013.881499998], [-10374636.5277, 5610911.3571000025], [-10374575.4085, 5610669.517999999], [-10374572.8476, 5610613.225900002], [-10374527.8721, 5610523.285599999], [-10374434.4667, 5610042.779200003], [-10374454.8291, 5609106.524800003], [-10374495.572, 5608966.2914], [-10374501.4714, 5608894.288999997], [-10374501.4684, 5608600.468999997], [-10373846.6521, 5607458.138300002], [-10373844.0888, 5607184.641199999], [-10373591.0507, 5607188.257399999], [-10373598.6055, 5605742.1603000015], [-10373460.2303, 5605726.6027000025], [-10373383.7508, 5605691.243299998], [-10373314.9524, 5605646.769299999], [-10373171.4551, 5605526.391500004], [-10373032.9683, 5605478.304200001], [-10371759.8734, 5605483.811099999], [-10371060.8784, 5605950.248599999], [-10370981.8378, 5605843.539099999], [-10370201.3547, 5606366.260399997], [-10370266.7025, 5606465.746299997], [-10369912.5852, 5606703.230800003], [-10369955.0009, 5606824.253399998], [-10369154.9258, 5607428.7663], [-10368824.6319, 5607679.322400004], [-10368237.7402, 5608163.320500001], [-10367568.4714, 5608875.7667], [-10367319.5556, 5609176.8279], [-10367107.2664, 5609584.651500002], [-10366784.5398, 5609585.124499999], [-10366322.4417, 5610060.733199999], [-10366325.008, 5610599.4177], [-10366050.7072, 5610600.047700003], [-10365654.9587, 5611156.062899999], [-10365439.2139, 5611156.063600004], [-10365440.8861, 5611368.3517], [-10365265.8858, 5611368.981200002], [-10365261.6582, 5611617.9152000025], [-10364914.3292, 5611617.444600001], [-10364915.1099, 5611735.5449], [-10364727.4185, 5611735.545599997], [-10364726.6413, 5611915.451099999], [-10364543.1804, 5611915.451800004], [-10364543.9617, 5612100.236299999], [-10364481.1755, 5612110.458700001], [-10363991.1361, 5612658.860299997], [-10363882.3728, 5612639.043899998], [-10363760.0284, 5612614.981299996], [-10363645.365, 5612598.310800001], [-10363505.3201, 5612592.806500003], [-10363096.7644, 5612684.6559000015], [-10362987.223, 5612759.047399998], [-10362676.2991, 5612972.632200003], [-10362373.1684, 5613210.758199997], [-10360801.851, 5614269.818400003], [-10360725.482, 5614160.6511999965], [-10360591.2247, 5614047.867700003], [-10360477.4518, 5614007.5995000005], [-10360220.9623, 5613965.6017], [-10360079.9136, 5613788.015100002], [-10360058.762, 5613774.173299998], [-10359887.9892, 5613545.628700003], [-10359892.2191, 5613514.485299997], [-10359875.2976, 5613480.196199998], [-10359826.8715, 5613446.064900003], [-10357925.2457, 5613450.7883], [-10357154.8879, 5613455.666100003], [-10357125.9435, 5613413.041199997], [-10357047.0144, 5613352.485799998], [-10357014.7306, 5613343.9925], [-10356980.7768, 5613338.644900002], [-10356860.102, 5613321.186399996], [-10356674.9706, 5613252.7678999975], [-10356489.8387, 5613166.419299997], [-10356350.5723, 5613095.013499998], [-10356261.4014, 5613012.913099997], [-10356199.3934, 5612949.214900002], [-10356100.871, 5612843.681400001], [-10356045.654, 5612800.430299997], [-10355787.3823, 5612674.453100003], [-10355687.1909, 5612642.055], [-10355531.7835, 5612641.426399998], [-10355457.8647, 5612640.3257], [-10355337.301, 5612609.0286], [-10355053.6473, 5612453.015500002], [-10355028.932, 5612331.289099999], [-10354974.6038, 5612124.326300003], [-10354971.143, 5611312.089599997], [-10354942.3091, 5611220.2557], [-10354891.3218, 5611126.6932], [-10354419.9785, 5611118.989600003], [-10354425.8646, 5609960.622599997], [-10353849.2093, 5609958.2663], [-10353838.1748, 5608842.809], [-10353269.9801, 5608842.811399996], [-10353241.0078, 5606522.8816], [-10353239.3319, 5606027.660999998], [-10352667.7964, 5606025.306699999], [-10352665.9962, 5604484.026600003], [-10352728.9901, 5604343.202799998], [-10352766.297, 5604259.8015], [-10352904.6687, 5603976.3464], [-10352977.6946, 5603800.055699997], [-10353107.7183, 5603626.281999998], [-10353235.0708, 5603496.189300001], [-10353353.9631, 5603414.175300002], [-10353523.8418, 5603336.246299997], [-10353686.9303, 5603299.009800002], [-10353632.6013, 5603044.965000004], [-10353634.2661, 5602635.553800002], [-10353647.8477, 5602634.453900002], [-10353641.05, 5602054.9318], [-10353359.9582, 5602054.933600001], [-10353359.9513, 5601496.497299999], [-10353359.941, 5600643.279600002], [-10353150.9868, 5600643.2809000015], [-10353152.6444, 5599649.898800001], [-10353166.2148, 5598738.753200002], [-10352513.9673, 5598733.890000001], [-10352515.6235, 5597603.016999997], [-10353007.3423, 5597603.013499998], [-10352986.9486, 5595838.053900003], [-10352495.2295, 5595836.330700003], [-10352448.4596, 5594734.544299997], [-10352239.4822, 5593055.046099998], [-10352227.6815, 5593032.918499999], [-10351370.584, 5592427.8103], [-10351313.6965, 5592399.564599998], [-10350897.5623, 5592248.138499998], [-10350832.1026, 5592197.924800001], [-10350496.6681, 5591140.2007], [-10350489.8767, 5591091.0911], [-10350491.5441, 5590886.967500001], [-10350472.0617, 5590838.4868], [-10350421.8536, 5590784.6723000035], [-10348802.1881, 5590782.328000002], [-10348805.6324, 5590219.095899999], [-10348254.3517, 5590211.882299997], [-10348239.0868, 5589077.9947], [-10347693.8179, 5589088.036899999], [-10347697.151, 5588530.4001], [-10344286.2693, 5588537.633199997], [-10344288.8426, 5589654.825300001], [-10342019.3743, 5589669.740500003], [-10342027.0432, 5588531.057099998], [-10339782.1775, 5588513.187299997], [-10339557.076, 5588265.988499999], [-10339377.8409, 5588072.751500003], [-10339160.4211, 5587852.541599996], [-10338854.7206, 5587620.417599998], [-10338468.1978, 5587336.230899997], [-10338046.9412, 5587021.0009], [-10337753.0412, 5586785.918499999], [-10337613.7718, 5586595.065099999], [-10337540.741, 5586429.306199998], [-10337494.8729, 5586211.487800002], [-10337495.7599, 5585880.143399999], [-10337493.9753, 5585570.293300003], [-10337450.6683, 5585413.647699997], [-10337367.507, 5585252.144100003], [-10337221.3355, 5585061.322899997], [-10336805.198, 5584540.936300002], [-10336318.486, 5584540.311399996], [-10336268.3887, 5584439.812200002], [-10336220.8521, 5584353.738200001], [-10336174.0952, 5584296.983000003], [-10336092.6049, 5584241.953299999], [-10335983.0606, 5584191.627099998], [-10335858.1534, 5584114.4921], [-10335774.9931, 5584040.963600002], [-10335717.9941, 5583979.977300003], [-10335283.1594, 5583972.767700002], [-10334099.9938, 5583408.865500003], [-10332943.2637, 5583400.946599998], [-10332925.1301, 5582221.568599999], [-10332868.5069, 5582191.971900001], [-10332444.6929, 5582023.315899998], [-10332324.0167, 5581990.400200002], [-10332184.7493, 5581959.992700003], [-10331774.5171, 5581845.102899998], [-10331347.3636, 5581770.966600001], [-10330808.7737, 5581594.638800003], [-10330757.0076, 5581577.868299998], [-10330674.8312, 5581492.991700001], [-10330653.3638, 5581470.818599999], [-10329867.7417, 5580733.730999999], [-10329685.1685, 5580598.638700001], [-10329453.2784, 5580452.735200003], [-10329314.7901, 5580378.609099999], [-10328946.1929, 5580168.144400001], [-10328320.2125, 5579869.302599996], [-10328030.6562, 5579755.065300003], [-10327611.8516, 5579552.450099997], [-10327430.9484, 5579444.3276999965], [-10327241.5845, 5579340.907399997], [-10326877.2177, 5579132.190300003], [-10326549.3654, 5578906.241800003], [-10326193.4582, 5578482.5634], [-10325927.6139, 5578300.187700003], [-10325761.1831, 5578215.268399999], [-10325310.9846, 5577966.155500002], [-10325245.6369, 5577936.857900001], [-10325164.9264, 5577936.857900001], [-10324953.4091, 5577870.4296], [-10324628.1196, 5577685.245099999], [-10324184.8271, 5577442.5682], [-10323932.5669, 5577320.0572], [-10323566.533, 5577085.222900003], [-10323375.3894, 5576978.225900002], [-10323265.8465, 5576888.618600003], [-10323188.5873, 5576818.124300003], [-10323045.8696, 5576687.7892], [-10322949.0175, 5576601.161200002], [-10322954.099, 5567864.611299999], [-10325184.4766, 5567880.258100003], [-10325158.1049, 5570734.946000002], [-10325358.6013, 5570856.115099996], [-10325396.786, 5570906.211400002], [-10325427.4005, 5570970.2412], [-10325455.3433, 5571057.911200002], [-10325457.1249, 5571143.3901999965], [-10325436.7529, 5571233.567000002], [-10325372.9643, 5571350.046499997], [-10325319.5288, 5571433.649800003], [-10325264.3123, 5571550.758199997], [-10325153.8802, 5572067.2739999965], [-10325123.2666, 5572251.247900002], [-10325131.8392, 5572346.9157000035], [-10325171.6938, 5572435.225199997], [-10325310.9616, 5572588.203100003], [-10325635.4749, 5572932.216799997], [-10325671.9896, 5572989.5273], [-10325686.2486, 5573028.050499998], [-10325708.5046, 5573088.178199999], [-10325718.4699, 5573161.094999999], [-10325719.526, 5573168.821999997], [-10325711.3793, 5574025.7695999965], [-10325757.1038, 5574190.671400003], [-10325840.9864, 5574352.098899998], [-10325872.9533, 5574406.480300002], [-10325915.599, 5574479.027099997], [-10326007.5295, 5574635.412699997], [-10326162.0491, 5574849.8222], [-10328286.1599, 5577035.391999997], [-10329611.57, 5577020.585199997], [-10329606.5608, 5577601.488799997], [-10330189.6797, 5577614.726400003], [-10330190.4611, 5578134.0940999985], [-10334108.5295, 5578183.465999998], [-10334127.2249, 5581196.870200001], [-10335035.996, 5581202.476199999], [-10335035.9966, 5581362.028099999], [-10336893.4504, 5581359.042800002], [-10337800.6359, 5581351.202399999], [-10338858.0017, 5582116.552500002], [-10339236.8422, 5582406.062899999], [-10339828.8738, 5583007.526900001], [-10340965.2899, 5584164.795299999], [-10341018.7267, 5584243.655500002], [-10341085.8576, 5584432.735200003], [-10341130.9449, 5584497.3303999975], [-10341467.2602, 5584776.5678], [-10341548.7505, 5584818.430399999], [-10341602.2978, 5584838.185900003], [-10341677.8875, 5584851.983199999], [-10342148.4575, 5584854.960000001], [-10342538.2057, 5584855.5854], [-10342584.0712, 5584835.202399999], [-10342617.2456, 5584800.551399998], [-10342630.8266, 5584753.200800002], [-10342636.7242, 5584520.527599998], [-10342656.3169, 5584469.729099996], [-10342681.81, 5584444.0163], [-10342721.664, 5584427.867299996], [-10342788.793, 5584430.846000001], [-10343058.8669, 5584429.590499997], [-10343101.3928, 5584412.3440999985], [-10343125.1046, 5584386.631499998], [-10344272.6405, 5584386.626400001], [-10344263.2768, 5583283.722499996], [-10344505.2969, 5583277.294], [-10344578.3255, 5583254.562899999], [-10344673.5076, 5583192.954499997], [-10344743.0848, 5583137.930799998], [-10344885.8016, 5582996.218800001], [-10345148.3019, 5582676.9043999985], [-10345334.2114, 5582425.630900003], [-10345448.8737, 5582238.4736], [-10345677.4214, 5581778.745200001], [-10345732.6383, 5581708.2126], [-10345777.6134, 5581677.021600001], [-10345815.0184, 5581651.316399999], [-10346169.1417, 5581469.031900004], [-10346902.9929, 5581096.480499998], [-10347031.2387, 5581040.371699996], [-10347153.5845, 5581011.690399997], [-10347337.827, 5580994.293200001], [-10347522.1808, 5580984.1052], [-10347593.5399, 5580969.2161], [-10347635.9546, 5580964.3574], [-10347680.9298, 5580969.2157000005], [-10347730.2468, 5580970.312700003], [-10347794.8151, 5580972.193099998], [-10348701.8893, 5580962.002300002], [-10349029.7408, 5580983.472499996], [-10349091.7487, 5580980.4943], [-10349309.1661, 5581000.867799997], [-10349736.4305, 5581023.591499999], [-10350893.2062, 5581025.310699999], [-10351024.7922, 5581041.453000002], [-10351195.5646, 5581095.993199997], [-10351243.1003, 5581119.188699998], [-10352165.5402, 5581789.5336000025], [-10352769.3673, 5582230.135300003], [-10354801.042, 5583716.181900002], [-10355327.6062, 5583994.762699999], [-10355573.0763, 5584111.402099997], [-10355678.3891, 5584162.824299999], [-10355736.1665, 5584201.7048999965], [-10355915.2876, 5584308.784100004], [-10356015.5907, 5584358.953299999], [-10356188.8114, 5584448.160999998], [-10356351.9024, 5584603.690300003], [-10356498.8525, 5584850.0044], [-10356576.1137, 5585064.182999998], [-10356596.4888, 5585297.496799998], [-10356602.5027, 5585515.763800003], [-10356608.4283, 5587637.712399997], [-10356614.3341, 5588120.477600001], [-10356650.072, 5588367.045699999], [-10356710.3009, 5588617.070900001], [-10356781.662, 5588834.946699999], [-10356852.2436, 5589028.827399999], [-10356914.2533, 5589246.556199998], [-10357006.7694, 5589762.507399999], [-10357049.2981, 5590021.513599999], [-10356683.1601, 5590472.2478], [-10356630.5048, 5590532.650700003], [-10356600.7822, 5590606.860299997], [-10356595.7735, 5590662.556699999], [-10356604.2345, 5590708.682999998], [-10356624.6074, 5590755.280199997], [-10356663.6829, 5590832.001199998], [-10356702.7584, 5590916.253799997], [-10356712.1102, 5590968.343199998], [-10356708.6597, 5591016.8248], [-10356687.3977, 5591077.858599998], [-10356574.5195, 5591412.5320999995], [-10356538.7857, 5591496.947800003], [-10356513.293, 5591528.643200003], [-10356472.5489, 5591561.5940999985], [-10356408.8723, 5591596.271499999], [-10356265.3771, 5591674.727399997], [-10356182.9984, 5591736.864600003], [-10356126.0015, 5591805.749200001], [-10355776.1172, 5592285.758699998], [-10355706.5411, 5592375.047399998], [-10355646.2044, 5592426.5185], [-10355606.2394, 5592448.017300002], [-10355543.4532, 5592466.5348000005], [-10355425.3391, 5592487.563699998], [-10355344.6303, 5592542.017200001], [-10355295.426, 5592610.907700002], [-10355277.6154, 5592710.870300002], [-10355263.1447, 5592817.424800001], [-10355229.1925, 5592942.498599999], [-10355126.4444, 5593243.028499998], [-10354997.3137, 5593617.8024], [-10354984.6234, 5593673.517499998], [-10354987.0742, 5593823.714299999], [-10354999.8778, 5593927.927500002], [-10355055.0964, 5594106.379199997], [-10355181.6753, 5594431.4309], [-10355234.3333, 5594601.573899999], [-10355253.8171, 5594770.307499997], [-10355252.1494, 5594966.827500001], [-10355250.4822, 5595184.071999997], [-10355263.1735, 5595208.7163999975], [-10355280.9852, 5595217.035700001], [-10355237.6853, 5595625.4837], [-10355014.3943, 5597614.930399999], [-10355264.093, 5597620.8948], [-10355264.0963, 5597898.340499997], [-10355465.3692, 5597899.438100003], [-10355478.9737, 5599809.758199997], [-10356054.8501, 5599808.654700004], [-10356056.5308, 5600720.537199996], [-10355854.3673, 5600720.538599998], [-10356062.4369, 5601211.226499997], [-10356331.7284, 5601210.596299998], [-10356332.5128, 5601638.479099996], [-10356445.5088, 5601862.009400003], [-10356619.6244, 5602351.5031], [-10356617.9748, 5604041.688500002], [-10356755.5706, 5604042.159000002], [-10356754.6833, 5604323.887500003], [-10356880.3675, 5604323.415299997], [-10356880.37, 5604534.913699999], [-10357014.6261, 5604534.9130000025], [-10357010.4008, 5604955.0961000025], [-10357120.7249, 5605173.365999997], [-10357153.0091, 5605205.737599999], [-10357191.3049, 5605243.452200003], [-10357367.0872, 5605469.428900003], [-10357348.3856, 5605527.5744], [-10357350.0575, 5605704.5271999985], [-10357584.5083, 5606016.1664], [-10357610.892, 5606024.652800001], [-10357627.0341, 5606027.638700001], [-10357897.107, 5606223.616700001], [-10358188.4445, 5606556.334100001], [-10358213.047, 5606572.5222999975], [-10358238.5404, 5606600.8125], [-10358272.495, 5606677.511200003], [-10358293.7583, 5606728.4344], [-10358359.9967, 5606802.776299998], [-10358429.5749, 5606893.307700001], [-10358492.4736, 5606982.111199997], [-10358533.2189, 5607051.582800001], [-10358579.085, 5607128.442400001], [-10358594.3379, 5607257.329400003], [-10358609.7012, 5607315.486100003], [-10358630.0739, 5607360.439999998], [-10358670.0393, 5607387.946699999], [-10358704.7722, 5607392.819300003], [-10358728.5956, 5607394.548299998], [-10359212.7451, 5607731.552100003], [-10359245.0309, 5607905.404200003], [-10359669.6231, 5608310.18], [-10359711.259, 5608382.177199997], [-10359726.5107, 5608424.778499998], [-10359729.9635, 5608578.836300001], [-10359831.0469, 5608717.962200001], [-10359824.2565, 5608753.3336], [-10359772.3811, 5608862.593000002], [-10359379.1869, 5608863.695], [-10359585.5839, 5609166.010899998], [-10359712.9401, 5609362.057899997], [-10359841.1869, 5609540.814900003], [-10359899.8553, 5609626.028399996], [-10359970.3238, 5609690.174900003], [-10360879.168, 5609693.7875000015], [-10360882.5127, 5610115.940899998], [-10361475.3099, 5610117.825400002], [-10361502.5857, 5610258.075900003], [-10361527.9667, 5610189.2082], [-10361727.5695, 5610189.2073], [-10361734.3632, 5610453.674699999], [-10362218.5088, 5610453.044], [-10362223.6327, 5610722.393399999], [-10362388.3913, 5610721.7641], [-10362389.2865, 5611123.051700003], [-10362881.8925, 5611120.691299997], [-10362880.9988, 5610853.216700003], [-10363501.8495, 5610852.585500002], [-10363622.5225, 5610717.671599999], [-10363623.3003, 5610591.093500003], [-10363952.8175, 5610590.463399999], [-10363952.8158, 5610435.741999999], [-10364081.9509, 5610435.741400003], [-10364081.949, 5610276.1483], [-10364237.3566, 5610276.1477999985], [-10364236.5721, 5609810.749499999], [-10364527.0148, 5609810.119400002], [-10364523.5534, 5608882.853399999], [-10364645.0072, 5608882.853], [-10364690.8726, 5608897.944700003], [-10364756.3309, 5608902.031999998], [-10364960.9433, 5608901.559600003], [-10365456.1031, 5608283.745999999], [-10365663.3843, 5608024.214000002], [-10365783.946, 5607881.482299998], [-10365756.7829, 5607860.418799996], [-10365743.201, 5607828.037600003], [-10365729.6192, 5607789.054200001], [-10365783.1653, 5607745.983999997], [-10365862.0933, 5607717.218099996], [-10365880.7956, 5607708.101199999], [-10365982.7667, 5607612.2161], [-10366031.0806, 5607574.962700002], [-10366016.7188, 5607474.835600004], [-10365996.346, 5607419.6642], [-10366837.942, 5606595.2698], [-10367246.4991, 5606595.896399997], [-10367246.4926, 5606015.488799997], [-10367937.8041, 5605371.1554000005], [-10368065.2695, 5605370.526100002], [-10368093.3234, 5605412.4846], [-10368129.8378, 5605428.670599997], [-10368192.624, 5605417.1985], [-10368225.7982, 5605389.6972], [-10368232.5887, 5605374.768100001], [-10368429.6255, 5604845.979199998], [-10368767.6036, 5604849.591300003], [-10368812.6895, 5604837.648699999], [-10368849.9824, 5604806.377899997], [-10368879.706, 5604830.419799998], [-10368906.9804, 5604845.3478000015], [-10368928.1319, 5604849.590599999], [-10369077.6394, 5604853.204000004], [-10369081.8633, 5604263.951499999], [-10369676.4418, 5604259.705600001], [-10369673.8704, 5603243.767800003], [-10370097.6789, 5603250.992299996], [-10370689.6955, 5603107.233000003], [-10370731.3316, 5603201.812799998], [-10370782.2067, 5603223.965099998], [-10371206.0141, 5603129.382399999], [-10371350.4005, 5603111.3138], [-10371512.7101, 5603111.941299997], [-10371662.1065, 5603139.591600001], [-10371881.2995, 5602863.239], [-10371985.7188, 5602667.802199997], [-10372046.8336, 5602495.934600003], [-10372078.3362, 5602314.958999999], [-10372090.2447, 5602018.211199999], [-10372097.813, 5601855.310199998], [-10372091.9118, 5601753.361299999], [-10372065.5266, 5601622.8244], [-10371958.5419, 5601356.730300002], [-10371940.7273, 5601086.402500004], [-10371936.4948, 5600877.9679000005], [-10371994.1567, 5600522.053400002], [-10371902.4254, 5600465.668200001], [-10372085.8834, 5600157.8288], [-10372232.8278, 5599912.192699999], [-10372326.3372, 5599695.7751], [-10373855.0316, 5599707.228699997], [-10374239.8773, 5599741.305799998], [-10374689.1795, 5599782.763999999], [-10374731.2675, 5599787.589599997], [-10374731.7524, 5599787.645300001], [-10375781.3755, 5599907.926899999], [-10376088.8519, 5599982.839599997], [-10375873.1079, 5600080.529700004], [-10375489.1559, 5600345.333800003], [-10375279.4244, 5600532.868000001], [-10375103.6465, 5600719.149400003], [-10374961.8223, 5600906.062700003], [-10374851.3909, 5601049.313299999], [-10374603.3673, 5601540.025300004], [-10374484.4762, 5601763.556199998], [-10374430.1514, 5601863.620700002], [-10374279.7561, 5602139.314300001], [-10374189.697, 5602289.653300002], [-10374138.8237, 5602432.296899997], [-10374070.0276, 5602605.577399999], [-10373943.4561, 5602927.325199999], [-10374920.214, 5603473.278800003], [-10373926.4424, 5604729.6668], [-10374527.8161, 5605150.4868], [-10374663.7433, 5605267.402500004], [-10374756.2541, 5605359.018700004], [-10374817.4827, 5605434.607000001], [-10374859.0071, 5605507.6818], [-10374911.6641, 5605602.443899997], [-10374972.8926, 5605654.618199997], [-10375073.9744, 5605666.089900002], [-10375357.6363, 5606606.072999999], [-10375694.8409, 5607197.835600004], [-10375718.5539, 5607296.702500001], [-10375722.0057, 5607371.049800001], [-10376350.5458, 5608155.425700001], [-10376421.0145, 5608252.5735], [-10376508.517, 5608484.129799999], [-10375857.9466, 5608822.2817], [-10375857.9472, 5608890.6677], [-10375711.0004, 5608899.629199997], [-10375717.8188, 5611592.092100002], [-10375850.2936, 5611590.990999997], [-10375851.1887, 5612029.433300003], [-10375708.4721, 5612030.062899999], [-10375710.1428, 5612112.7842999995], [-10375735.6364, 5612156.032499999], [-10375749.2181, 5612184.812200002], [-10375754.3394, 5612217.838299997], [-10375747.5489, 5612244.888300002], [-10375709.2542, 5612297.5735], [-10375706.8163, 5613388.4573], [-10375852.8724, 5613387.827799998], [-10375852.8741, 5613532.376599997], [-10377940.5411, 5615496.516199999], [-10377997.4273, 5615496.5163], [-10377998.3196, 5615660.292800002], [-10378321.8251, 5615659.033799998], [-10380087.6468, 5616719.639799997], [-10380106.3565, 5617462.817100003], [-10380288.9267, 5617466.908200003], [-10380614.2156, 5617670.375299998], [-10382554.1435, 5618838.6884], [-10383845.0583, 5620114.510799997], [-10383889.255, 5620253.185699999], [-10383905.4062, 5621239.242600001], [-10383930.8998, 5621310.713600002], [-10383932.5811, 5622454.799900003], [-10383981.0182, 5623579.8191], [-10384024.3286, 5624142.617299996], [-10384121.1868, 5624850.967600003], [-10384197.67, 5625282.3354], [-10384550.9059, 5626074.0940999985], [-10384807.3982, 5626479.685999997], [-10384818.5366, 5627093.8618], [-10384706.4421, 5627863.729500003], [-10384670.709, 5628019.381099999], [-10384637.6474, 5628140.060199998], [-10384414.2281, 5628726.7795], [-10384405.7705, 5629009.123000003], [-10384419.3547, 5629283.912100002], [-10384507.6338, 5629283.911200002], [-10384561.1829, 5629570.5261999965], [-10384609.6084, 5629569.422700003], [-10384779.4929, 5630148.824699998], [-10384889.9253, 5630148.1932], [-10384859.3228, 5631282.684799999], [-10384856.7703, 5632075.605499998], [-10384580.6937, 5632473.119099997], [-10384562.1043, 5632618.604599997], [-10384566.3357, 5632747.2260000035], [-10384594.3909, 5632915.098700002], [-10384711.5094, 5633610.739399999], [-10384765.0649, 5634519.426100001], [-10384695.3839, 5635233.3244], [-10384590.0899, 5636955.5524], [-10384703.9801, 5637638.888599999], [-10384800.7238, 5638068.503600001], [-10384840.6899, 5638196.571999997], [-10384992.7599, 5638514.384400003], [-10385057.3282, 5638628.105599999], [-10385198.2639, 5638739.935000002], [-10385382.6155, 5638860.283], [-10385550.7136, 5638948.770199999], [-10385618.7322, 5638994.986000001], [-10385673.0584, 5639061.865599997], [-10385765.5698, 5639292.9516], [-10385886.2484, 5639780.381499998], [-10386184.3706, 5639779.748599999], [-10386168.2397, 5640909.3015], [-10386738.1004, 5640905.038199998], [-10386755.9179, 5641521.461300001], [-10386828.1667, 5641553.963299997], [-10386829.8378, 5641680.819300003], [-10386797.5555, 5641813.357699998], [-10386945.3925, 5641874.735100001], [-10387100.7992, 5641906.6071000025], [-10387096.5697, 5641984.238200001], [-10387091.4494, 5642056.505199999], [-10387338.5859, 5642061.868500002], [-10387335.2494, 5642409.168799996], [-10387557.6755, 5642768.000500001], [-10387640.1671, 5642920.279600002], [-10387682.5827, 5643108.0682], [-10387724.2193, 5643309.748000003], [-10387755.6133, 5643422.267499998], [-10387932.2859, 5643807.653800003], [-10388432.5697, 5643805.757399999], [-10389005.8878, 5644544.5383], [-10389458.5281, 5644841.424099997], [-10389396.5222, 5644931.076800004], [-10389985.9792, 5645367.036899999], [-10390061.5676, 5645407.287600003], [-10390284.8809, 5645438.067000002], [-10390930.4453, 5645992.128799997], [-10391568.2169, 5646531.701099999], [-10391682.1009, 5646669.5200999975], [-10391789.0833, 5646818.865900002], [-10392153.4467, 5647373.4881], [-10392386.2253, 5647747.044799998], [-10392466.0446, 5647867.514399998], [-10392663.8666, 5648106.564000003], [-10392882.172, 5648332.987899996], [-10393063.963, 5648495.625], [-10393238.8518, 5648629.368500002], [-10393401.9399, 5648721.5845], [-10393676.3507, 5648799.273900002], [-10393903.8942, 5648858.804399997], [-10394102.7167, 5648918.4934], [-10394309.1093, 5649003.448399998], [-10394515.3908, 5649123.303099997], [-10395321.4812, 5649675.066299997], [-10395650.9985, 5650023.924000002], [-10395693.4123, 5650003.393100001], [-10396394.1871, 5649999.9164], [-10396406.105, 5650810.759300001], [-10396656.5817, 5650981.8125], [-10396747.5327, 5651042.1477999985], [-10396828.1307, 5651115.1193], [-10396861.3052, 5651178.298799999], [-10396886.7989, 5651275.9120000005], [-10396885.9091, 5651388.058200002], [-10397041.3159, 5651484.4098000005], [-10397288.4525, 5651591.029100001], [-10397423.5986, 5651661.004000001], [-10397509.3169, 5651679.642800003], [-10397663.0535, 5651721.817299999], [-10397973.0876, 5651868.245800003], [-10398071.6083, 5651928.429300003], [-10398391.7728, 5652088.130199999], [-10398634.6792, 5652207.5524], [-10398895.3975, 5652379.264399998], [-10399068.7275, 5652512.434199996], [-10399314.9747, 5652790.154600002], [-10399540.0703, 5653048.135799997], [-10399760.9357, 5653287.956100002], [-10399772.7411, 5654002.242200002], [-10400340.1512, 5654016.619199999], [-10400340.9346, 5654586.857699998], [-10400904.8937, 5654597.127499998], [-10400911.6882, 5655161.872100003], [-10402029.476, 5655166.137400001], [-10402026.9146, 5655028.028999999], [-10402573.8412, 5655010.646399997], [-10402573.0613, 5654883.443499997], [-10403405.307, 5654876.173600003], [-10403401.9692, 5655162.501199998], [-10403694.9697, 5655160.762500003], [-10403705.9942, 5655735.183200002], [-10404261.4927, 5655735.182599999], [-10404255.4847, 5656293.993799999], [-10404827.1249, 5656286.249300003], [-10404824.5681, 5656880.0242], [-10405389.4175, 5656880.656000003], [-10405380.8422, 5656287.987499997], [-10406491.8391, 5656306.160999998], [-10406494.2899, 5656599.646499999], [-10407054.9091, 5656615.292499997], [-10407057.4711, 5656884.2902000025], [-10407605.2883, 5656896.301600002], [-10407593.38, 5657481.107799999], [-10408681.3388, 5657473.3598000035], [-10408673.6604, 5658019.6347], [-10409216.4797, 5658017.732799999], [-10409191.77, 5658793.259599999], [-10409600.3338, 5659169.029200003], [-10409775.3373, 5659343.877400003], [-10409831.3341, 5659410.750799999], [-10409859.3882, 5659472.882200003], [-10409890.0032, 5659577.2258], [-10409913.7154, 5659608.0546], [-10410085.379, 5659737.694600001], [-10410087.0491, 5659781.1723000035], [-10410092.9508, 5660030.1853], [-10410647.5707, 5660044.0933], [-10410887.1416, 5660073.656900004], [-10410882.0219, 5660260.540899999], [-10410844.6177, 5660406.4777000025], [-10410816.5639, 5660401.1021], [-10410250.9226, 5660377.548900001], [-10410068.35, 5660353.5176], [-10409942.664, 5660325.691299997], [-10409801.6154, 5660276.8364999965], [-10409798.2783, 5660740.110799998], [-10409239.428, 5660743.120499998], [-10409175.6386, 5660698.531999998], [-10409034.701, 5660602.556500003], [-10408936.1782, 5660540.418200001], [-10408759.505, 5660407.762500003], [-10408649.0705, 5660313.054799996]]]]}}, {"type": "Feature", "properties": {"OBJECTID": 248, "CreationDate": "2025-01-14T11:11:12Z", "Creator": "NPS_WASO_LANDS", "EditDate": "2025-01-14T11:11:12Z", "Editor": "NPS_WASO_LANDS", "GlobalID": "{9C5E9FE6-AD62-4950-B254-65DA91F54969}", "AreaID": 255, "UNIT_CODE": "GRPO", "GIS_Notes": "Lands - http://landsnet.nps.gov/tractsnet/documents/GRPO/Metadata/grpo_metadata.xml", "UNIT_NAME": "Grand Portage National Monument", "DATE_EDIT": "2009-12-14T00:00:00Z", "STATE": "MN", "REGION": "MW", "GNIS_ID": "644333", "UNIT_TYPE": "National Monument", "CREATED_BY": "Lands", "METADATA": "https://irma.nps.gov/DataStore/Reference/Profile/1049054", "PARKNAME": "Grand Portage", "SHAPE_Length": 46692.845161145226, "SHAPE_Area": 6395838.42939779}, "geometry": {"type": "MultiPolygon", "coordinates": [[[[-9983642.5198, 6100483.490800001], [-9983650.4544, 6100475.576800004], [-9983670.7816, 6100463.050899997], [-9983697.5991, 6100443.636200003], [-9983729.2121, 6100413.590000004], [-9983751.854, 6100390.736699998], [-9983761.1586, 6100375.967699997], [-9983769.9561, 6100348.163099997], [-9983778.8964, 6100317.111699998], [-9983790.9325, 6100289.451099999], [-9983797.5227, 6100262.633400001], [-9983807.9546, 6100246.829999998], [-9983810.7813, 6100231.773800001], [-9983810.7508, 6100207.915899999], [-9983808.4658, 6100186.127300002], [-9983812.1814, 6100175.447800003], [-9983826.0425, 6100155.459100001], [-9983844.0314, 6100139.990800001], [-9983864.37, 6100120.2892], [-9983881.3267, 6100103.690800004], [-9983903.0309, 6100077.543399997], [-9983921.4007, 6100053.417099997], [-9983929.8637, 6100033.189199999], [-9983936.7701, 6100023.736100003], [-9983973.2354, 6099982.000200003], [-9984193.9062, 6099981.876500003], [-9984318.7176, 6099981.803999998], [-9984318.8356, 6100183.760200001], [-9984194.0215, 6100183.832900003], [-9984194.1924, 6100483.191699997], [-9984194.3634, 6100783.119599998], [-9983649.6821, 6100783.415100001], [-9983649.8345, 6101083.900300004], [-9983690.8709, 6101204.376400001], [-9983713.159, 6101236.189300001], [-9983713.124, 6101334.5339], [-9983780.4426, 6101470.081600003], [-9983813.217, 6101561.074699998], [-9983878.7025, 6101603.788999997], [-9983922.0132, 6101672.6461], [-9983925.004, 6101684.192199998], [-9983946.2766, 6101766.314800002], [-9983938.9654, 6101857.084600002], [-9983932.7157, 6101893.813000001], [-9983971.4273, 6101988.890699998], [-9983947.4558, 6102079.240699999], [-9983971.8039, 6102156.706299998], [-9983993.8014, 6102274.626000002], [-9983998.6623, 6102286.456], [-9984008.621, 6102310.692900002], [-9983990.7459, 6102315.716499999], [-9983961.2717, 6102314.926700003], [-9983950.0831, 6102287.6963], [-9983949.7717, 6102286.026900001], [-9983927.7273, 6102167.851800002], [-9983900.2374, 6102080.389200002], [-9983923.6818, 6101992.027900003], [-9983885.8288, 6101899.057800002], [-9983893.9239, 6101851.485399999], [-9983900.4563, 6101770.391800001], [-9983879.8758, 6101690.939499997], [-9983875.3754, 6101683.784500003], [-9983845.6435, 6101636.515000001], [-9983775.7284, 6101590.910999998], [-9983738.6695, 6101488.021600001], [-9983667.757, 6101345.235200003], [-9983667.7908, 6101250.578400001], [-9983650.0389, 6101225.239600003], [-9983615.3118, 6101123.2848000005], [-9983607.6315, 6101100.814599998], [-9983611.5682, 6101083.919699997], [-9983595.3644, 6101083.927900001], [-9983594.9816, 6101122.447999999], [-9983594.8214, 6101138.560000002], [-9982995.6472, 6101138.841200002], [-9982995.587, 6100999.364799999], [-9983016.2809, 6100996.1635000035], [-9983040.4643, 6100987.477300003], [-9983060.6157, 6100972.104999997], [-9983088.5159, 6100952.739], [-9983113.1292, 6100934.3112], [-9983138.7742, 6100917.0141], [-9983173.0568, 6100900.100199997], [-9983222.9324, 6100873.0339], [-9983255.3417, 6100849.530100003], [-9983282.1615, 6100830.115599997], [-9983308.7902, 6100815.030699998], [-9983331.1001, 6100799.753899999], [-9983354.7281, 6100779.113300003], [-9983376.0057, 6100762.706600003], [-9983390.7099, 6100748.1765], [-9983399.92, 6100735.571900003], [-9983410.401, 6100718.685699999], [-9983415.5788, 6100699.395400003], [-9983419.677, 6100680.057099998], [-9983426.1734, 6100655.4032000005], [-9983432.5264, 6100633.996299997], [-9983446.5324, 6100610.760399997], [-9983495.4394, 6100556.539499998], [-9983506.4268, 6100552.689099997], [-9983513.7456, 6100558.435900003], [-9983525.5263, 6100561.127400003], [-9983538.5776, 6100559.5375000015], [-9983549.7558, 6100551.358000003], [-9983564.9662, 6100549.863499999], [-9983573.8896, 6100543.752800003], [-9983598.4055, 6100527.489500001], [-9983642.5198, 6100483.490800001]]], [[[-9999454.7996, 6107748.8979], [-9999083.0665, 6107749.620700002], [-9999084.1218, 6107421.341300003], [-9999033.6882, 6107409.101899996], [-9998962.4299, 6107382.257700004], [-9998932.72, 6107371.508400001], [-9998866.7006, 6107376.058200002], [-9998719.3628, 6107362.947099999], [-9998671.4849, 6107362.021600001], [-9998562.1404, 6107421.8483000025], [-9998495.0086, 6107424.762400001], [-9998493.6355, 6107424.822099999], [-9998438.3002, 6107427.223899998], [-9998324.651, 6107409.972000003], [-9998256.2816, 6107419.8046], [-9998178.848, 6107412.681400001], [-9998118.6023, 6107423.382299997], [-9997989.7715, 6107424.340999998], [-9997905.0848, 6107391.1796], [-9997903.6695, 6107390.625399999], [-9997900.7793, 6107389.493699998], [-9997830.5556, 6107381.166000001], [-9997725.62, 6107356.298199996], [-9997600.5282, 6107370.126100004], [-9997524.6059, 6107334.7861], [-9997471.0301, 6107326.615699999], [-9997389.4215, 6107309.596199997], [-9997334.0555, 6107296.4384], [-9997305.09, 6107300.016099997], [-9997304.0658, 6107300.142700002], [-9997284.2605, 6107302.5889], [-9997175.1202, 6107333.125100002], [-9997114.8179, 6107327.4278], [-9997067.8005, 6107360.003799997], [-9996872.1071, 6107396.919], [-9996769.3802, 6107488.937299997], [-9996703.8558, 6107470.5251], [-9996616.7587, 6107446.049999997], [-9996571.3759, 6107438.730800003], [-9996522.2159, 6107450.476099998], [-9996393.8684, 6107517.247000001], [-9996261.4704, 6107527.147200003], [-9996212.6469, 6107549.271700002], [-9996103.8848, 6107607.510200001], [-9996034.5136, 6107644.655199997], [-9995946.8745, 6107648.3825], [-9995857.4869, 6107673.883699998], [-9995756.141, 6107666.734300002], [-9995657.4893, 6107689.353299998], [-9995581.9912, 6107697.636200003], [-9995504.3082, 6107709.5942], [-9995440.7867, 6107719.371399999], [-9995306.1698, 6107720.959700003], [-9995210.4213, 6107702.534999996], [-9995171.6896, 6107717.1677], [-9995064.9461, 6107720.729599997], [-9994931.9003, 6107747.043499999], [-9994904.3177, 6107746.0229], [-9994812.5317, 6107742.626400001], [-9994696.8098, 6107690.996200003], [-9994639.5649, 6107642.163199998], [-9994587.8028, 6107581.7007], [-9994537.1842, 6107551.176299997], [-9994494.2895, 6107558.776799999], [-9994360.089, 6107543.601300001], [-9994304.8877, 6107522.476999998], [-9994304.3123, 6107522.256700002], [-9994239.118, 6107497.307999998], [-9994190.6583, 6107464.5222999975], [-9994057.2401, 6107451.437799998], [-9993933.0756, 6107404.497699998], [-9993888.0243, 6107237.576899998], [-9993803.9779, 6107203.055299997], [-9993733.84, 6107124.960600004], [-9993707.1249, 6107093.191699997], [-9993706.5716, 6107092.533500001], [-9993673.2265, 6107052.880099997], [-9993621.7161, 6106984.181900002], [-9993544.8291, 6106939.708700001], [-9993509.0919, 6106925.052699998], [-9993441.5898, 6106915.972099997], [-9993399.0218, 6106894.227300003], [-9993375.9418, 6106898.648000002], [-9993254.6062, 6106896.757600002], [-9993145.4868, 6106876.260600001], [-9993108.6042, 6106874.489299998], [-9993108.1061, 6106874.465499997], [-9992972.0956, 6106867.932599999], [-9992916.9348, 6106847.365099996], [-9992871.6689, 6106855.281499997], [-9992797.3366, 6106854.857000001], [-9992728.5252, 6106877.736100003], [-9992677.035, 6106873.389700003], [-9992643.6184, 6106890.1052], [-9992510.0655, 6106916.4799000025], [-9992391.3937, 6106891.9120000005], [-9992320.5367, 6106881.379600003], [-9992104.998, 6106952.122699998], [-9991961.003, 6106967.137100004], [-9991910.164, 6106990.019400001], [-9991909.8353, 6106990.167499997], [-9991822.7288, 6107029.372599997], [-9991710.5388, 6107017.545199998], [-9991585.9567, 6107038.192500003], [-9991384.9136, 6107051.8147], [-9991315.3875, 6107029.532899998], [-9991315.1829, 6107029.467299998], [-9991199.5281, 6106992.400899999], [-9991135.0414, 6106983.5934000015], [-9991081.7697, 6106992.052000001], [-9991012.5101, 6106996.355599999], [-9990913.3599, 6107047.5634], [-9990743.1359, 6107061.7315], [-9990721.4027, 6107057.174699999], [-9990585.945, 6107028.772200003], [-9990479.2436, 6106913.0961000025], [-9990457.0299, 6106881.6565999985], [-9990309.4813, 6106877.283200003], [-9990133.623, 6106778.188600004], [-9990100.9966, 6106759.803300001], [-9990040.4127, 6106694.498999998], [-9989976.5157, 6106676.650799997], [-9989931.142, 6106651.046400003], [-9989795.5796, 6106630.006300002], [-9989715.6508, 6106552.595700003], [-9989640.6517, 6106512.377300002], [-9989544.1241, 6106460.6127], [-9989510.5826, 6106442.625299998], [-9989434.1878, 6106445.035099998], [-9989289.6339, 6106410.628700003], [-9989171.5902, 6106401.9679000005], [-9989004.5548, 6106353.500299998], [-9988953.2802, 6106333.014799997], [-9988953.0429, 6106332.920000002], [-9988879.4172, 6106303.503799997], [-9988823.0093, 6106309.1483], [-9988767.4655, 6106285.515299998], [-9988673.2334, 6106305.3693], [-9988608.2417, 6106252.948899999], [-9988478.9332, 6106247.426299997], [-9988404.6511, 6106207.271200001], [-9988351.8767, 6106169.3662], [-9988351.8452, 6106169.343599997], [-9988337.1779, 6106158.808600001], [-9988272.6182, 6106075.7080999985], [-9988253.8692, 6106056.365500003], [-9988187.4002, 6106025.9723000005], [-9988158.3438, 6105996.7870000005], [-9988041.7098, 6105946.667800002], [-9987943.3035, 6105906.604599997], [-9987927.3543, 6105884.0451000035], [-9987895.4595, 6105905.819600001], [-9987753.3394, 6105867.375500001], [-9987753.2923, 6105867.362800002], [-9987691.3412, 6105850.6039], [-9987660.4652, 6105826.543499999], [-9987543.4726, 6105867.573299997], [-9987426.367, 6105739.335699998], [-9987413.0375, 6105625.8829], [-9987367.7493, 6105599.183200002], [-9987222.4825, 6105528.128899999], [-9987155.4497, 6105444.1635000035], [-9987155.4444, 6105444.157200001], [-9987112.0649, 6105389.8191], [-9987039.7804, 6105311.984499998], [-9987037.4946, 6105308.825000003], [-9987037.4628, 6105308.781099997], [-9986999.1304, 6105255.8002], [-9986969.2345, 6105230.550700001], [-9986892.6461, 6105202.844999999], [-9986822.1585, 6105156.932599999], [-9986706.7308, 6105063.512999997], [-9986663.1059, 6105043.724600002], [-9986591.9219, 6105007.369599998], [-9986558.5145, 6104986.834600002], [-9986496.9465, 6104948.989500001], [-9986364.6878, 6104938.737599999], [-9986269.4172, 6104893.322899997], [-9986205.2395, 6104825.796499997], [-9986085.9129, 6104720.2007], [-9986067.3737, 6104702.695100002], [-9986067.3195, 6104702.644000001], [-9986019.8672, 6104657.836800002], [-9985962.2163, 6104611.556699999], [-9985959.5919, 6104608.216799997], [-9985959.5769, 6104608.197700001], [-9985921.9183, 6104560.274300002], [-9985799.7148, 6104470.325499997], [-9985724.7482, 6104368.621200003], [-9985683.2494, 6104299.098499998], [-9985579.561, 6104202.372100003], [-9985538.6405, 6104181.210500002], [-9985478.7783, 6104134.594400004], [-9985421.7212, 6104126.168399997], [-9985374.6359, 6104097.084700003], [-9985373.6718, 6104096.489100002], [-9985367.5136, 6104092.6853], [-9985367.4443, 6104092.642499998], [-9985285.3728, 6104041.946999997], [-9985249.2887, 6104000.540899999], [-9985218.853, 6103985.024300002], [-9985158.0342, 6103934.269699998], [-9985116.7821, 6103842.726199999], [-9985115.6403, 6103792.4733000025], [-9984971.7059, 6103645.930100001], [-9984943.8579, 6103565.438699998], [-9984900.3225, 6103528.738499999], [-9984780.1252, 6103413.342299998], [-9984778.7577, 6103413.4419], [-9984778.4281, 6103413.465899996], [-9984715.8797, 6103418.021600001], [-9984625.7685, 6103395.964900002], [-9984558.5978, 6103331.997400001], [-9984525.8918, 6103315.951300003], [-9984481.6826, 6103278.3037], [-9984437.6426, 6103260.6219], [-9984338.4062, 6103144.562600002], [-9984347.591, 6103098.1756], [-9984316.6403, 6103053.147399999], [-9984291.45, 6102999.936899997], [-9984260.1918, 6102948.740400001], [-9984214.0946, 6102889.2754999995], [-9984180.4133, 6102845.826300003], [-9984169.2048, 6102831.367200002], [-9984153.1854, 6102755.2245000005], [-9984038.3968, 6102645.450199999], [-9984021.2723, 6102613.257200003], [-9983956.0772, 6102561.610100001], [-9983935.9355, 6102523.744099997], [-9984047.2523, 6102489.723899998], [-9984106.0003, 6102499.290299997], [-9984133.95, 6102498.342], [-9984166.8736, 6102495.957900003], [-9984183.4864, 6102494.052000001], [-9984216.8072, 6102488.0832], [-9984237.8607, 6102483.251800001], [-9984258.5578, 6102478.5293999985], [-9984402.3287, 6102616.012800001], [-9984422.8354, 6102713.4690999985], [-9984484.6009, 6102793.142300002], [-9984531.3344, 6102869.68], [-9984541.7866, 6102891.757600002], [-9984553.3084, 6102916.0933], [-9984597.5037, 6102980.3869], [-9984617.7061, 6103035.652999997], [-9984676.2159, 6103085.476999998], [-9984715.8875, 6103104.939599998], [-9984754.0095, 6103141.242700003], [-9984778.889, 6103139.430600002], [-9984778.9018, 6103139.4296], [-9984837.2267, 6103135.181100003], [-9984931.6873, 6103180.567599997], [-9985082.3159, 6103325.174000002], [-9985176.5779, 6103404.632799998], [-9985208.8875, 6103498.011799999], [-9985344.5542, 6103636.130000003], [-9985368.1643, 6103686.744499996], [-9985386.6619, 6103726.398599997], [-9985387.5263, 6103764.389700003], [-9985419.7708, 6103780.827799998], [-9985463.4094, 6103830.900700003], [-9985516.9077, 6103863.945200004], [-9985589.3267, 6103874.638700001], [-9985685.8579, 6103949.807599999], [-9985737.6745, 6103976.602899998], [-9985869.3675, 6104099.448600002], [-9985869.9372, 6104099.980300002], [-9985897.0965, 6104125.314499997], [-9985951.6639, 6104216.725199997], [-9985960.6373, 6104228.898599997], [-9985960.7274, 6104229.020800002], [-9985994.1824, 6104274.405500002], [-9986112.9292, 6104361.805799998], [-9986156.8141, 6104417.6504999995], [-9986198.6102, 6104451.201200001], [-9986269.4167, 6104518.057899997], [-9986394.2797, 6104628.548], [-9986431.8424, 6104668.069399998], [-9986436.0096, 6104670.055600002], [-9986560.063, 6104679.670500003], [-9986560.9341, 6104679.737800002], [-9986583.3319, 6104681.4736], [-9986623.1617, 6104705.956100002], [-9986623.325, 6104706.056400001], [-9986725.0544, 6104768.586099997], [-9986780.9482, 6104797.131200001], [-9986850.5571, 6104828.704300001], [-9986982.1557, 6104935.2080999985], [-9987014.4949, 6104956.271600001], [-9987107.3319, 6104989.853500001], [-9987158.2232, 6105032.833899997], [-9987158.34, 6105032.932599999], [-9987199.9508, 6105068.074600004], [-9987250.3532, 6105137.7346], [-9987318.2115, 6105210.799800001], [-9987396.7459, 6105309.167800002], [-9987397.1786, 6105309.379500002], [-9987397.2717, 6105309.425099999], [-9987496.5209, 6105357.968599997], [-9987632.439, 6105438.095200002], [-9987675.0968, 6105543.435000002], [-9987742.971, 6105544.477499999], [-9987753.5757, 6105552.7412], [-9987753.76, 6105552.884900004], [-9987815.0256, 6105600.624899998], [-9987845.4083, 6105608.843599997], [-9987893.1569, 6105576.246100001], [-9988082.6664, 6105630.243900001], [-9988119.7612, 6105682.710900001], [-9988146.8199, 6105693.726400003], [-9988314.1653, 6105765.6338], [-9988345.5064, 6105797.1131], [-9988352.0235, 6105800.092799999], [-9988352.1969, 6105800.172200002], [-9988413.7099, 6105828.297499999], [-9988478.5681, 6105895.2073], [-9988528.0477, 6105958.8939], [-9988549.3619, 6105974.202], [-9988553.292, 6105976.3266], [-9988709.5047, 6105982.996699996], [-9988743.7163, 6106010.5901999995], [-9988795.3998, 6105999.7007], [-9988865.5679, 6106029.555200003], [-9988918.9636, 6106024.211900003], [-9988953.89, 6106038.166199997], [-9988954.2671, 6106038.3169], [-9989093.6419, 6106094.000100002], [-9989220.5334, 6106130.8182], [-9989331.9419, 6106138.991599999], [-9989462.483, 6106170.062299997], [-9989544.3501, 6106167.479699999], [-9989575.4463, 6106166.498400003], [-9989878.2415, 6106328.870800003], [-9989923.2993, 6106372.507600002], [-9990022.2942, 6106387.870999999], [-9990082.0205, 6106421.5735], [-9990135.0164, 6106436.376000002], [-9990188.157, 6106451.218699999], [-9990249.8479, 6106517.714299999], [-9990272.1508, 6106541.753899999], [-9990385.1484, 6106605.425099999], [-9990469.7031, 6106607.930799998], [-9990602.9629, 6106613.980899997], [-9990691.9363, 6106739.901500002], [-9990723.6258, 6106774.254900001], [-9990727.5033, 6106778.458499998], [-9990760.7332, 6106785.425499998], [-9990837.405, 6106779.044299997], [-9990939.2098, 6106726.466799997], [-9991052.5867, 6106719.422499999], [-9991132.6757, 6106706.705799997], [-9991260.4657, 6106724.1586000025], [-9991317.3185, 6106742.3794], [-9991317.8803, 6106742.5594], [-9991419.2022, 6106775.0309000015], [-9991555.3341, 6106765.806900002], [-9991691.3846, 6106743.259300001], [-9991767.6767, 6106751.3024], [-9991890.3489, 6106696.090499997], [-9991911.7056, 6106693.864100002], [-9991912.3956, 6106693.792099997], [-9992048.9046, 6106679.558899999], [-9992297.9011, 6106597.835900001], [-9992439.9791, 6106618.9542], [-9992512.3931, 6106633.945799999], [-9992555.9736, 6106625.339299999], [-9992624.8496, 6106590.887400001], [-9992711.4875, 6106598.201200001], [-9992769.9842, 6106578.751599997], [-9992850.2001, 6106579.210100003], [-9992944.1389, 6106562.781499997], [-9993028.7848, 6106594.3423999995], [-9993110.1641, 6106598.251000002], [-9993111.0157, 6106598.2918], [-9993178.606, 6106601.5375000015], [-9993283.3827, 6106621.218500003], [-9993353.6764, 6106622.313299999], [-9993440.992, 6106605.5898], [-9993525.2797, 6106648.645199999], [-9993581.3092, 6106656.181900002], [-9993666.4289, 6106691.0891999975], [-9993709.1204, 6106715.782399997], [-9993709.9906, 6106716.285599999], [-9993807.4989, 6106772.683899999], [-9993887.7643, 6106879.726899996], [-9993940.6056, 6106942.561499998], [-9993966.2651, 6106971.1307], [-9994077.3724, 6107016.765000001], [-9994138.7028, 6107112.040100001], [-9994158.1552, 6107184.105800003], [-9994287.3695, 6107196.7764], [-9994306.4292, 6107209.6712], [-9994308.1569, 6107210.839900002], [-9994367.0847, 6107250.706900001], [-9994426.4715, 6107273.4322], [-9994487.2007, 6107280.299199998], [-9994591.7341, 6107261.777000003], [-9994767.4202, 6107367.717299998], [-9994833.9258, 6107445.398199998], [-9994844.9886, 6107454.8347999975], [-9994876.7189, 6107468.991099998], [-9994906.4568, 6107470.091499999], [-9994911.7861, 6107470.2885000035], [-9995035.326, 6107445.8552], [-9995119.1483, 6107443.058499999], [-9995187.7632, 6107417.136399999], [-9995331.9655, 6107444.884999998], [-9995421.7013, 6107443.826200001], [-9995507.7467, 6107430.582000002], [-9995549.7905, 6107424.110100001], [-9995615.4425, 6107416.907799996], [-9995738.1809, 6107388.766599998], [-9995832.228, 6107395.4014], [-9995906.5129, 6107374.209100001], [-9995964.6226, 6107371.7381], [-9996096.2918, 6107301.236100003], [-9996108.2345, 6107295.8244], [-9996195.0208, 6107256.498000003], [-9996319.8136, 6107247.167499997], [-9996430.5447, 6107189.5625], [-9996565.1353, 6107157.4065999985], [-9996679.4115, 6107175.8367], [-9996703.241, 6107182.533], [-9996707.8658, 6107178.390500002], [-9996751.2763, 6107139.505900003], [-9996796.0539, 6107131.0603], [-9996805.2965, 6107129.317000002], [-9996959.7496, 6107100.182999998], [-9997041.1125, 6107043.812100001], [-9997155.3998, 6107054.610299997], [-9997235.6161, 6107032.1669000015], [-9997304.9132, 6107023.608199999], [-9997308.0411, 6107023.221900001], [-9997354.1514, 6107017.526500002], [-9997453.4232, 6107041.117799997], [-9997524.1337, 6107055.864100002], [-9997608.8733, 6107068.786499999], [-9997651.3205, 6107088.544100001], [-9997747.6026, 6107077.900600001], [-9997883.1523, 6107110.0227999985], [-9997903.0274, 6107112.379799999], [-9997906.7626, 6107112.8226], [-9997972.4823, 6107120.615500003], [-9998025.7675, 6107141.480499998], [-9998045.1216, 6107149.058899999], [-9998098.6564, 6107148.660499997], [-9998133.1012, 6107142.5424000025], [-9998172.3544, 6107135.57], [-9998254.3269, 6107143.111400001], [-9998330.7246, 6107132.123599999], [-9998417.6206, 6107145.314599998], [-9998457.9427, 6107151.435199998], [-9998492.2054, 6107149.947999999], [-9998494.6339, 6107148.619499996], [-9998496.8215, 6107147.422499999], [-9998498.3187, 6107146.603399999], [-9998608.5055, 6107086.317000002], [-9998738.065, 6107088.821500003], [-9998873.4174, 6107100.865900002], [-9998975.2525, 6107093.8473000005], [-9999060.6114, 6107124.730599999], [-9999085.0433, 6107133.934100002], [-9999085.9265, 6106554.978100002], [-9999689.6901, 6106556.5568], [-10000293.5316, 6106555.274400003], [-10000293.8393, 6106721.091499999], [-10000293.9314, 6106770.706200004], [-10000268.5026, 6106756.241999999], [-10000241.714, 6106748.308499999], [-10000204.1662, 6106742.831799999], [-10000159.8091, 6106738.037100002], [-10000110.4537, 6106736.9147000015], [-10000062.7869, 6106741.689800002], [-10000023.6591, 6106750.711300001], [-9999987.1457, 6106766.641000003], [-9999965.0959, 6106784.155699998], [-9999935.8273, 6106812.0458], [-9999912.9591, 6106848.947300002], [-9999880.7337, 6106900.988899998], [-9999850.2781, 6106956.9903], [-9999771.6132, 6107149.645900004], [-9999745.319, 6107214.041299999], [-9999731.9145, 6107256.2016], [-9999716.5606, 6107321.5864999965], [-9999702.4602, 6107380.2271], [-9999692.3503, 6107436.124200001], [-9999680.6823, 6107480.798199996], [-9999674.6193, 6107509.675399996], [-9999678.7179, 6107527.330300003], [-9999685.3082, 6107554.802599996], [-9999699.1848, 6107593.267300002], [-9999712.1352, 6107630.721699998], [-9999721.4224, 6107663.164899997], [-9999727.0051, 6107691.566], [-9999723.2853, 6107710.8314], [-9999711.1078, 6107723.910999998], [-9999678.6197, 6107748.4551], [-9999454.7996, 6107748.8979]]]]}}, {"type": "Feature", "properties": {"OBJECTID": 265, "CreationDate": "2025-01-14T11:11:12Z", "Creator": "NPS_WASO_LANDS", "EditDate": "2025-01-14T11:11:12Z", "Editor": "NPS_WASO_LANDS", "GlobalID": "{1F0AF406-69DF-46C6-922D-D65F8E97983E}", "AreaID": 275, "UNIT_CODE": "PIPE", "GIS_Notes": "Lands - http://landsnet.nps.gov/tractsnet/documents/PIPE/Metadata/pipe_metadata.xml", "UNIT_NAME": "Pipestone National Monument", "DATE_EDIT": "2022-08-30T12:32:54Z", "STATE": "MN", "REGION": "MW", "GNIS_ID": "649530", "UNIT_TYPE": "National Monument", "CREATED_BY": "Lands", "METADATA": "https://irma.nps.gov/DataStore/Reference/Profile/2166448", "PARKNAME": "Pipestone", "SHAPE_Length": 7612.006628954636, "SHAPE_Area": 2364452.7274008887}, "geometry": {"type": "MultiPolygon", "coordinates": [[[[-10722218.5593, 5466789.523500003], [-10722411.3902, 5466792.607699998], [-10722411.372, 5466783.0929000005], [-10722468.6554, 5466782.982699998], [-10722468.6755, 5466793.523100004], [-10722605.5615, 5466795.7092999965], [-10723173.8712, 5466804.798500001], [-10723173.8302, 5466814.327200003], [-10723599.429, 5466807.886200003], [-10723602.2868, 5467363.548299998], [-10723605.1748, 5467924.745200001], [-10723606.185, 5468120.929899998], [-10723168.1699, 5468122.090499997], [-10723084.3858, 5468120.692000002], [-10723083.0486, 5468429.016000003], [-10722595.2074, 5468420.857699998], [-10722319.3256, 5468416.232500002], [-10722301.7738, 5468333.045000002], [-10722287.1713, 5468249.2861], [-10722275.5366, 5468165.061099999], [-10722266.8842, 5468080.476099998], [-10722261.2248, 5467995.6373], [-10722258.5656, 5467910.6514], [-10722216.2351, 5467909.9406], [-10722218.8289, 5467994.690899998], [-10722224.3476, 5468079.300800003], [-10722232.7847, 5468163.6686], [-10722244.1303, 5468247.693300001], [-10722258.3707, 5468331.273800001], [-10722275.4888, 5468414.309600003], [-10722295.4643, 5468496.700999998], [-10722038.6657, 5468496.8125], [-10722038.1781, 5467906.949000001], [-10722052.1429, 5467907.183799997], [-10722052.097, 5467851.725699998], [-10722052.0482, 5467792.855300002], [-10722051.6789, 5467346.755599998], [-10722051.2522, 5466831.418700002], [-10722051.2153, 5466786.8434000015], [-10722176.1825, 5466788.8451000005], [-10722218.5593, 5466789.523500003]]]]}}, {"type": "Feature", "properties": {"OBJECTID": 266, "CreationDate": "2025-01-14T11:11:12Z", "Creator": "NPS_WASO_LANDS", "EditDate": "2025-01-14T11:11:12Z", "Editor": "NPS_WASO_LANDS", "GlobalID": "{2AFB0BDF-2F9B-450F-8AD2-58F0E341843D}", "AreaID": 276, "UNIT_CODE": "SACN", "GIS_Notes": "Lands - http://landsnet.nps.gov/tractsnet/documents/SACN/Metadata/sacn_metadata.xml", "UNIT_NAME": "Saint Croix National Scenic Riverway", "DATE_EDIT": "2024-06-24T00:00:00Z", "STATE": "MN", "REGION": "MW", "GNIS_ID": "1888958", "UNIT_TYPE": "National Wild & Scenic River", "CREATED_BY": "Lands", "METADATA": "https://irma.nps.gov/DataStore/Reference/Profile/2223253", "PARKNAME": "Saint Croix", "SHAPE_Length": 998633.6852335836, "SHAPE_Area": 590858905.9494222}, "geometry": {"type": "MultiPolygon", "coordinates": [[[[-10235450.2483, 5822498.5066], [-10235427.7376, 5821907.698899999], [-10233688.2649, 5821943.0154], [-10233091.5809, 5821955.2064], [-10233063.3764, 5820781.886600003], [-10233056.4503, 5820492.747900002], [-10235387.9171, 5820443.0229], [-10235407.5314, 5821027.174599998], [-10235484.9921, 5821026.034100004], [-10235668.5312, 5821023.407399997], [-10235698.0515, 5821023.0757], [-10235810.6374, 5821020.950499997], [-10235841.4212, 5821020.635200001], [-10235951.5608, 5821019.200199999], [-10235984.8715, 5821018.917999998], [-10236093.8474, 5821016.741400003], [-10236130.2264, 5821016.499300003], [-10236236.4854, 5821015.009199999], [-10236274.2277, 5821014.060099997], [-10236381.028, 5821012.575499997], [-10236419.7535, 5821012.363300003], [-10236526.3733, 5821010.874600001], [-10236568.3572, 5821009.9802], [-10237146.7885, 5821000.937200002], [-10237138.3751, 5820711.775300004], [-10237129.8187, 5820419.7238000035], [-10237711.9391, 5820408.519699998], [-10237690.0974, 5819531.755500004], [-10238427.7452, 5819548.612899996], [-10238550.4618, 5819550.206500001], [-10238539.115, 5818973.5123], [-10238829.3036, 5818975.824900001], [-10238812.295, 5818388.955600001], [-10239391.1356, 5818397.878700003], [-10239384.8429, 5818099.4177], [-10239956.4666, 5818106.761699997], [-10239939.3664, 5817521.398699999], [-10240518.1709, 5817528.797700003], [-10240514.7089, 5817231.8510000035], [-10241963.8759, 5817248.758199997], [-10241952.3268, 5816670.765900001], [-10242822.6797, 5816678.776799999], [-10242801.6921, 5815809.641800001], [-10243376.1112, 5815813.8979], [-10243353.6631, 5814941.934600003], [-10243822.6497, 5814947.7469], [-10243942.4395, 5814947.7795], [-10243940.8621, 5814362.823200002], [-10243940.1517, 5814082.666299999], [-10243939.3938, 5813783.697400004], [-10243790.7094, 5813787.650399998], [-10242793.6136, 5813782.499799997], [-10242782.1379, 5813194.6008], [-10242207.7986, 5813197.546099998], [-10242216.3507, 5813785.409400001], [-10241050.6196, 5813764.913099997], [-10241070.2747, 5814955.266900003], [-10239892.8535, 5814935.9111], [-10239941.0897, 5817272.311800003], [-10239372.3693, 5817267.9014], [-10239344.0403, 5816095.949500002], [-10238771.2151, 5816079.863600001], [-10238725.5599, 5814353.311800003], [-10238148.2394, 5814358.8477], [-10238137.4446, 5813183.159900002], [-10239297.9441, 5813153.308799997], [-10239301.8087, 5813754.140600003], [-10239874.7802, 5813747.025700003], [-10239865.0694, 5813149.014799997], [-10241624.9479, 5813188.765699998], [-10241620.7088, 5812605.338200003], [-10242196.3981, 5812606.790799998], [-10242200.7766, 5812023.5097], [-10243751.6534, 5812032.700000003], [-10244514.8235, 5812037.765699998], [-10244507.8648, 5813200.049199998], [-10244510.7503, 5813200.084700003], [-10245116.6909, 5813208.956299998], [-10245115.143, 5812622.667000003], [-10246324.1506, 5812633.011600003], [-10246322.6094, 5812039.523199998], [-10247538.7366, 5812051.233900003], [-10247539.8617, 5811469.395199999], [-10248142.8899, 5811470.785499997], [-10248140.5306, 5811181.292800002], [-10248742.0464, 5811186.9657000005], [-10248743.708, 5811045.1511999965], [-10249040.8639, 5811047.206], [-10249041.3658, 5810510.288099997], [-10249039.2193, 5810323.577200003], [-10249337.3371, 5810318.397600003], [-10249636.5364, 5810313.2205], [-10249621.7928, 5809719.7326000035], [-10250493.2558, 5809698.051600002], [-10250493.804, 5809399.968800001], [-10251669.7117, 5809365.781999998], [-10251657.5528, 5808786.859399997], [-10252240.3446, 5808776.1613000035], [-10252235.0331, 5808480.936099999], [-10252819.2629, 5808468.769699998], [-10252809.8973, 5807891.385300003], [-10253389.8269, 5807873.346000001], [-10253352.3773, 5806709.8024], [-10253929.838, 5806696.0419000015], [-10253912.702, 5806122.3024], [-10253904.3014, 5805832.917099997], [-10253901.1722, 5805725.123599999], [-10253894.567, 5805541.356700003], [-10254474.1339, 5805542.049900003], [-10254472.3489, 5805076.306100003], [-10254471.9433, 5804966.382799998], [-10254469.6684, 5804382.074699998], [-10255041.9374, 5804384.095200002], [-10255073.67, 5802112.7597], [-10255074.4779, 5802055.658500001], [-10255090.2826, 5800920.936499998], [-10255090.746, 5800886.969300002], [-10255115.0644, 5799149.035899997], [-10255115.1121, 5799144.700400002], [-10255123.1641, 5798567.391199999], [-10255552.5052, 5798563.459200002], [-10255695.4404, 5798559.251400001], [-10255692.7133, 5797992.699600004], [-10256283.3596, 5797989.059799999], [-10256273.6323, 5797425.358000003], [-10257414.3835, 5797430.5293999985], [-10257408.9982, 5796858.240900002], [-10257986.5621, 5796858.681299999], [-10257992.0181, 5795130.7114999965], [-10256255.446, 5795136.4595], [-10255673.6059, 5795125.746100001], [-10255687.1821, 5795992.757100001], [-10253930.3298, 5795977.5973000005], [-10253930.8502, 5794505.435199998], [-10251031.387, 5794580.8478000015], [-10251035.3472, 5793982.8442], [-10250450.6106, 5793996.310999997], [-10250470.6662, 5792252.458999999], [-10250473.9955, 5791962.932999998], [-10250751.9038, 5791956.038199998], [-10250753.4933, 5791817.415600002], [-10250753.1794, 5791664.331799999], [-10250751.7958, 5791086.678300001], [-10249889.7314, 5791101.159999996], [-10249327.9634, 5791110.551700003], [-10249329.7331, 5791701.208800003], [-10247012.9792, 5791753.199500002], [-10246997.1275, 5790006.474699996], [-10246991.8754, 5789426.7157000005], [-10246991.1832, 5789348.743600003], [-10246989.423, 5789133.603799999], [-10245761.8285, 5789139.031900004], [-10245758.027, 5788258.3521], [-10244596.6125, 5788274.524099998], [-10244602.3477, 5787684.184], [-10244602.3829, 5787681.297399998], [-10244597.8871, 5787681.242399998], [-10244008.3479, 5787671.840000004], [-10242827.1975, 5787653.612999998], [-10242817.1639, 5787075.387699999], [-10242817.1185, 5787071.778499998], [-10242811.0947, 5787071.703500003], [-10242230.2391, 5787061.569499999], [-10242225.531, 5786492.108099997], [-10242221.3021, 5785985.4690999985], [-10242215.7633, 5785323.705799997], [-10242211.7695, 5784841.667599998], [-10242211.2351, 5784747.142300002], [-10242209.4692, 5784440.482799999], [-10242208.0208, 5784182.190099999], [-10242204.732, 5783595.608499996], [-10242201.4435, 5783009.065399997], [-10242049.7402, 5783007.888099998], [-10241627.7015, 5783004.756099999], [-10241623.4175, 5782426.180699997], [-10240468.7128, 5782427.466700003], [-10240468.6812, 5783000.216799997], [-10239894.9528, 5782995.800899997], [-10239319.9899, 5782975.461900003], [-10239319.939, 5782414.975100003], [-10238740.6744, 5782396.708400004], [-10238735.1582, 5781816.713200003], [-10238158.7627, 5781802.053199999], [-10238149.997, 5781219.169200003], [-10238141.096, 5780626.2249], [-10238132.4345, 5780049.189099997], [-10237699.6834, 5780052.2267], [-10237554.2053, 5780053.218500003], [-10236975.1583, 5780057.917499997], [-10235816.6144, 5780067.2048999965], [-10235741.665, 5780068.377499998], [-10235667.6233, 5780068.840300001], [-10235595.6478, 5780069.3298999965], [-10235519.4501, 5780069.762999997], [-10235446.4865, 5780070.238399997], [-10235380.6196, 5780070.803099997], [-10235248.347, 5780071.936099999], [-10235258.3849, 5779637.958700001], [-10235261.7433, 5779492.3429000005], [-10235257.8808, 5779492.291500002], [-10234987.8499, 5779489.423299998], [-10234681.0801, 5779486.056500003], [-10234687.3742, 5778902.802100003], [-10234417.3712, 5778899.195799999], [-10234330.5941, 5778898.756200001], [-10234157.5087, 5778896.438299999], [-10234107.3884, 5778895.766500004], [-10233531.8855, 5778889.474299997], [-10233539.5751, 5778314.930100001], [-10233539.6426, 5778309.884099998], [-10233128.5134, 5778314.430500001], [-10232967.0066, 5778313.688100003], [-10232352.415, 5778311.116099998], [-10232354.4609, 5777734.3706], [-10231753.2604, 5777727.613700002], [-10231746.2461, 5777727.517800003], [-10231588.5511, 5777725.360399999], [-10231579.6328, 5777324.4032000005], [-10230624.1523, 5777308.387000002], [-10230611.0955, 5776898.0189], [-10230320.9507, 5776887.522399999], [-10230296.4971, 5776307.619099997], [-10230272.1662, 5775732.079700001], [-10230563.6803, 5775744.757700004], [-10230563.5402, 5775741.872599997], [-10230518.7678, 5774580.1483], [-10230507.4889, 5774289.5594], [-10230216.1827, 5774284.811800003], [-10229918.5929, 5774279.967500001], [-10229915.5723, 5773984.457699999], [-10229912.4915, 5773680.309299998], [-10229620.3682, 5773677.692900002], [-10229159.3825, 5773673.4322], [-10229101.2931, 5773673.341600001], [-10229040.6103, 5773672.494000003], [-10229036.7308, 5773389.241899997], [-10229021.3731, 5772264.251000002], [-10228432.0956, 5772246.631499998], [-10228368.5708, 5772244.298600003], [-10227995.011, 5772233.279700004], [-10227855.566, 5772229.152599998], [-10227867.21, 5771647.891800001], [-10227874.771, 5771268.327299997], [-10227874.3297, 5771101.1844], [-10227873.6583, 5770815.8972999975], [-10227873.2237, 5770667.492700003], [-10227872.8688, 5770519.811999999], [-10227872.6738, 5770431.204999998], [-10227871.8795, 5770103.437899999], [-10227871.5134, 5769962.969499998], [-10227307.1519, 5769965.079300001], [-10227282.9911, 5768837.5097], [-10227282.8623, 5768833.9067], [-10226705.348, 5768857.398500003], [-10225612.5304, 5768870.5911], [-10225606.6143, 5768278.496200003], [-10225065.2446, 5768286.553999998], [-10225055.1825, 5767685.795999996], [-10224882.4397, 5767681.144100003], [-10224798.7543, 5767679.215899996], [-10224641.8794, 5767675.508500002], [-10224558.8223, 5767673.587099999], [-10224472.5357, 5767671.618000001], [-10223895.2097, 5767680.5233], [-10223875.8229, 5767680.9614999965], [-10223602.3754, 5767684.901000001], [-10223599.1707, 5767113.085100003], [-10223319.4615, 5767116.924500003], [-10223030.6027, 5767120.620999999], [-10223030.1864, 5766575.523400001], [-10223030.158, 5766558.961900003], [-10222394.5292, 5766571.954700001], [-10222343.8204, 5766573.368699998], [-10222167.2182, 5766576.528099999], [-10222165.4402, 5766305.768600002], [-10221608.7261, 5766309.786799997], [-10221329.9601, 5766312.136799999], [-10221321.1809, 5766031.201399997], [-10221135.3466, 5766028.443000004], [-10220915.0829, 5766024.4485], [-10220521.8113, 5766017.868500002], [-10219885.935, 5766007.636500001], [-10219319.7588, 5765997.6888], [-10218650.4224, 5765987.584200002], [-10218194.7443, 5765979.236100003], [-10217998.8789, 5765975.539499998], [-10217928.9233, 5765974.4755000025], [-10217918.9151, 5766541.6994], [-10217643.4017, 5766536.062299997], [-10217640.4419, 5766536.017200001], [-10217630.6654, 5766535.868100002], [-10217479.1423, 5766535.7161], [-10217451.6856, 5766536.016900003], [-10217030.493, 5766535.3354], [-10216876.6511, 5766540.177900001], [-10216799.5506, 5766542.595399998], [-10216586.7478, 5766548.687899999], [-10216586.6928, 5766552.287299998], [-10216595.1106, 5767411.470799997], [-10215134.8154, 5767433.553900003], [-10215134.6578, 5767490.442900002], [-10215133.5585, 5767887.218500003], [-10215141.5757, 5768269.031499997], [-10215153.4549, 5768830.975699998], [-10215727.7622, 5768831.2359], [-10215787.4663, 5770547.185000002], [-10215807.4563, 5771121.643700004], [-10215807.412, 5771124.524700001], [-10215795.7454, 5771697.089900002], [-10215789.9389, 5771981.5854], [-10215206.791, 5771982.6329], [-10215203.8294, 5771982.586900003], [-10213497.9128, 5772055.349799998], [-10213470.1132, 5770616.936999999], [-10213187.0551, 5770626.890900001], [-10213165.0046, 5769466.82], [-10212866.1695, 5769477.954400003], [-10212326.3943, 5769470.858599998], [-10212330.2206, 5770048.601499997], [-10211790.3436, 5770045.7929000035], [-10211789.714, 5770630.706], [-10211383.4132, 5770624.233199999], [-10211216.6478, 5770624.452600002], [-10211192.7795, 5770624.071400002], [-10211158.8499, 5770624.249600001], [-10210638.1074, 5770623.837399997], [-10210640.4759, 5771207.395300001], [-10210642.7606, 5771773.698899999], [-10210061.049, 5771775.876800001], [-10210068.9869, 5772362.481799997], [-10210070.9342, 5772504.4551], [-10210072.9021, 5772650.754100002], [-10209488.2851, 5772651.4067], [-10209488.7311, 5772679.514799997], [-10209493.499, 5772952.6796], [-10209085.477, 5772951.836300001], [-10208913.8223, 5772951.9331], [-10208876.7426, 5772952.0515], [-10208852.0603, 5772951.650600001], [-10207780.3315, 5772950.0286], [-10207505.8867, 5772949.856299996], [-10207459.2932, 5772949.812899999], [-10207241.2369, 5772949.115900002], [-10207241.6983, 5772992.3571000025], [-10207247.6753, 5773522.804899998], [-10206672.4355, 5773528.4695999995], [-10206502.7096, 5773530.713100001], [-10206497.683, 5773530.630099997], [-10206458.9312, 5773528.549000002], [-10206422.4894, 5773527.946999997], [-10206407.2304, 5773527.695], [-10206360.9812, 5773528.3719], [-10206352.6337, 5773528.233900003], [-10206310.8913, 5773533.308899999], [-10206261.897, 5773542.587200001], [-10206218.4578, 5773563.4868], [-10206189.4509, 5773580.301600002], [-10206158.8655, 5773605.737400003], [-10206131.1522, 5773631.220799997], [-10206121.1721, 5773637.541100003], [-10206096.3293, 5773652.262699999], [-10206060.0935, 5773671.839900002], [-10206023.9526, 5773685.653700002], [-10205989.3426, 5773693.7277000025], [-10205963.468, 5773694.740199998], [-10205943.3856, 5773692.9661], [-10205913.2263, 5773692.466200002], [-10205805.6083, 5773674.107299998], [-10205798.6189, 5773673.2707], [-10205779.3313, 5773710.422799997], [-10205764.5421, 5773736.119800001], [-10205748.1503, 5773771.879000001], [-10205728.696, 5773819.117399998], [-10205709.4317, 5773854.829099998], [-10205680.0662, 5773893.255800001], [-10205649.3596, 5773925.8950999975], [-10205620.2315, 5773949.9130000025], [-10205592.5394, 5773973.954800002], [-10205569.2271, 5773993.745399997], [-10205544.4549, 5774014.953000002], [-10205528.7355, 5774026.222000003], [-10205473.3795, 5774067.099299997], [-10205184.8813, 5774279.2151999995], [-10205145.6135, 5774308.108199999], [-10205124.9863, 5774322.898500003], [-10205058.7233, 5774371.520000003], [-10204944.0946, 5774456.0889], [-10204685.2729, 5774647.792800002], [-10204632.6264, 5774687.271600001], [-10204626.7196, 5774691.497000001], [-10204601.8952, 5774715.585500002], [-10204577.0945, 5774738.233099997], [-10204552.2459, 5774763.762699999], [-10204531.7302, 5774787.923299998], [-10204509.6821, 5774817.824100003], [-10204496.3238, 5774843.545900002], [-10204485.9099, 5774864.993000001], [-10204020.9608, 5775795.111900002], [-10203854.1892, 5776128.704599999], [-10203834.864, 5776167.303599998], [-10203820.0411, 5776194.445500001], [-10203805.194, 5776223.0286], [-10203800.3807, 5776231.597499996], [-10203399.495, 5776916.140600003], [-10203077.3309, 5777466.5145], [-10203053.6408, 5777507.927500002], [-10203031.4598, 5777545.0407000035], [-10203006.3083, 5777587.871200003], [-10202998.4041, 5777598.551399998], [-10202979.8409, 5777623.4701000005], [-10202954.9313, 5777651.886100002], [-10202775.3115, 5777837.0119], [-10202515.8896, 5778103.6954], [-10201900.7109, 5778737.0864999965], [-10201855.809, 5778783.909000002], [-10201328.2257, 5779327.2245000005], [-10201266.1386, 5779391.059], [-10201062.038, 5779601.005199999], [-10201042.9141, 5779626.636699997], [-10201012.1952, 5779657.838500001], [-10200975.6294, 5779694.708899997], [-10200836.7455, 5779830.778999999], [-10200813.4321, 5779849.127700001], [-10200785.758, 5779870.2861], [-10200758.2302, 5779898.658], [-10200756.499, 5779900.070699997], [-10200748.9578, 5779904.988899998], [-10200737.7869, 5779912.008299999], [-10200730.3355, 5779916.928099997], [-10200696.9371, 5779936.5458], [-10200666.3881, 5779957.654600002], [-10200634.5496, 5779970.087700002], [-10200596.9871, 5779980.979999997], [-10200562.3479, 5779989.0380000025], [-10200527.8073, 5779991.328599997], [-10200493.2914, 5779992.177100003], [-10200468.8846, 5779990.314900003], [-10200277.1815, 5779988.456799999], [-10200177.1208, 5779986.732500002], [-10200123.1259, 5779986.522699997], [-10199602.4741, 5779980.4133], [-10199518.3894, 5779979.679200001], [-10199380.7715, 5779978.016599998], [-10199026.212, 5779974.0288999975], [-10198701.037, 5779969.817299999], [-10198586.4605, 5779778.889700003], [-10198565.7099, 5779747.520499997], [-10198442.4295, 5779561.491800003], [-10198324.4953, 5779383.490400001], [-10198313.1787, 5779383.293099999], [-10198207.7115, 5779382.894299999], [-10197861.4796, 5779381.889799997], [-10197288.5968, 5779379.777900003], [-10196700.2543, 5779378.077399999], [-10196692.2782, 5779079.415799998], [-10196684.614, 5778793.748300001], [-10196098.1714, 5778793.483400002], [-10196088.8576, 5778270.587200001], [-10196088.0394, 5778225.150700003], [-10196023.5585, 5778208.868500002], [-10195958.8082, 5778192.581200004], [-10195725.4683, 5778134.371699996], [-10195448.7565, 5778065.292099997], [-10194902.2353, 5777928.673600003], [-10194789.998, 5777900.7168999985], [-10194730.1656, 5777885.950800002], [-10194374.948, 5777797.414099999], [-10193831.5006, 5777661.509300001], [-10193831.5508, 5777653.5798999965], [-10193835.4449, 5777037.2689], [-10193831.0454, 5777037.189800002], [-10193549.4275, 5777039.3389], [-10193549.5172, 5776833.168700002], [-10193549.5859, 5776547.708999999], [-10192707.1757, 5776565.6796], [-10192706.1708, 5776511.597900003], [-10192705.4208, 5776468.3336], [-10192702.1398, 5776285.902900003], [-10192584.0895, 5776288.093099996], [-10192120.2508, 5776296.268600002], [-10191542.1186, 5776307.385399997], [-10190564.6603, 5776324.853600003], [-10190393.6518, 5776325.323299997], [-10189803.5553, 5776327.457000002], [-10189196.2345, 5776328.512000002], [-10188603.0863, 5776330.509099998], [-10188602.9271, 5776339.156099997], [-10188658.9893, 5777665.184199996], [-10188085.6603, 5777668.956], [-10187918.7173, 5777671.616300002], [-10187915.7853, 5777830.170000002], [-10187621.1773, 5777829.004600003], [-10187578.0223, 5777831.0830999985], [-10187543.4876, 5777833.322400004], [-10187531.8009, 5777833.825199999], [-10187498.8958, 5777835.373899996], [-10187461.2738, 5777849.090499997], [-10187459.5409, 5777850.5], [-10187449.5928, 5777858.965800002], [-10187449.4859, 5777864.731299996], [-10187442.2143, 5778256.803900003], [-10187328.6146, 5778259.728600003], [-10187314.6266, 5779240.7848000005], [-10187314.2346, 5779266.7359], [-10186729.7479, 5779791.559900001], [-10186584.829, 5779921.525300004], [-10186507.7966, 5779990.7487], [-10186159.1639, 5780304.378399998], [-10186153.411, 5780309.318099998], [-10186155.6379, 5780574.747500002], [-10185846.4343, 5780580.459399998], [-10185841.7724, 5780584.698600002], [-10184998.718, 5781317.369599998], [-10185002.5142, 5781344.848399997], [-10184649.9291, 5781667.048199996], [-10184123.7535, 5782147.509599999], [-10183961.7069, 5782295.1734], [-10183956.4006, 5782300.121399999], [-10183923.5746, 5782329.790399998], [-10183907.4759, 5782344.630900003], [-10183884.1569, 5782365.825599998], [-10183689.8412, 5782541.725599997], [-10183669.2574, 5782560.808300003], [-10183424.0759, 5782783.343500003], [-10183299.7978, 5782895.6602], [-10183283.3377, 5782910.493600003], [-10182680.9487, 5782572.8891], [-10182623.5032, 5782540.767800003], [-10182567.6613, 5782509.398199998], [-10182401.2025, 5782416.030299999], [-10182346.0195, 5782401.984099999], [-10182280.367, 5782385.572099999], [-10182204.2586, 5782366.072800003], [-10182103.9147, 5782340.335199997], [-10181930.5465, 5782303.089000002], [-10181729.7576, 5782299.211300001], [-10181526.3637, 5782295.2786], [-10181529.5985, 5782875.2946000025], [-10181188.9174, 5782863.6472999975], [-10180959.0767, 5782855.581799999], [-10180959.1175, 5782923.390500002], [-10180959.3855, 5783123.936700001], [-10180959.6017, 5783229.262699999], [-10180959.4167, 5783276.1494999975], [-10180959.8684, 5783439.194200002], [-10180960.6114, 5784020.679200001], [-10180961.0981, 5784419.659999996], [-10180961.3399, 5784602.923299998], [-10180515.6221, 5784589.929399997], [-10180383.4646, 5784585.9130000025], [-10180383.3947, 5784589.519100003], [-10180383.9857, 5784647.250600003], [-10180388.4978, 5785157.454700001], [-10180391.0376, 5785449.0123], [-10180391.5666, 5785505.305], [-10180144.4108, 5785728.505800001], [-10179813.2251, 5786027.997100003], [-10179813.2449, 5786031.605499998], [-10179813.6664, 5786088.6215], [-10179819.8029, 5786884.0], [-10179824.181, 5787464.3369999975], [-10179241.4992, 5787463.031000003], [-10179242.3265, 5787757.5176], [-10179243.0861, 5788046.238399997], [-10178381.2194, 5788045.168899998], [-10178385.0989, 5788246.623300001], [-10178386.4871, 5788318.108400002], [-10178389.0734, 5788452.414999999], [-10178389.9594, 5788618.450000003], [-10178390.64, 5788752.138400003], [-10178391.8531, 5788990.387599997], [-10178392.9662, 5789208.979800001], [-10178110.9617, 5789206.303099997], [-10178107.7667, 5790167.1010000035], [-10178106.8648, 5790451.535099998], [-10178106.843, 5790654.4108000025], [-10178106.0406, 5790947.526500002], [-10178105.4841, 5791154.734999999], [-10178104.7258, 5791395.158500001], [-10178104.1599, 5791607.431599997], [-10177823.6083, 5791604.774099998], [-10177698.6802, 5791603.023599997], [-10177522.643, 5791601.703000002], [-10177517.0118, 5791869.4811], [-10177467.9785, 5791906.057700001], [-10177429.7845, 5791931.295599997], [-10177388.2956, 5791959.3565], [-10177343.8198, 5791983.747599997], [-10177303.5236, 5792006.055200003], [-10177265.3811, 5792024.0726], [-10177216.7346, 5792045.491999999], [-10177181.825, 5792059.240999997], [-10177144.8037, 5792075.114], [-10177101.4301, 5792093.749200001], [-10177070.7755, 5792106.138099998], [-10177025.3899, 5792121.8445999995], [-10176908.4755, 5792151.292800002], [-10176909.3584, 5792179.472599998], [-10176910.8597, 5792226.439900003], [-10176927.7876, 5792763.323600002], [-10176936.9702, 5793054.5407000035], [-10176640.7464, 5793059.477399997], [-10176360.8925, 5793064.730899997], [-10176368.4796, 5793367.481799997], [-10176382.5817, 5793931.8244], [-10175810.7937, 5793940.620999999], [-10175827.878, 5794525.284900002], [-10175845.0702, 5795113.6010000035], [-10175879.037, 5796285.7831000015], [-10175295.6156, 5796264.196800001], [-10174739.0169, 5796271.064099997], [-10174738.9158, 5796276.1193], [-10174746.6063, 5796849.911899999], [-10174750.4714, 5797138.267300002], [-10174162.9296, 5797132.1932], [-10174162.7442, 5797428.424199998], [-10173588.1427, 5797422.573100001], [-10173586.4793, 5797424.706900001], [-10173589.1148, 5798017.981700003], [-10173026.4357, 5798021.729099996], [-10172740.5442, 5798023.857900001], [-10172740.5004, 5798026.024700001], [-10172747.5989, 5798600.6423999965], [-10172669.8852, 5798601.226800002], [-10172455.7634, 5798601.918300003], [-10172025.8103, 5798603.251100004], [-10172024.4616, 5798740.524599999], [-10171883.2228, 5798743.4155], [-10171883.1511, 5798751.3631], [-10171882.2228, 5798894.428599998], [-10171880.3952, 5799179.1219], [-10171878.5838, 5799467.437799998], [-10171295.1843, 5799462.7016], [-10171293.5011, 5799743.802199997], [-10171287.137, 5800775.057800002], [-10171284.0049, 5800905.743199997], [-10171284.0111, 5800928.230099998], [-10171280.5017, 5801100.190700002], [-10171277.8032, 5801232.414800003], [-10171276.0778, 5801316.952500001], [-10171272.4796, 5801493.256099999], [-10171267.9373, 5801715.807999998], [-10171260.681, 5802071.324699998], [-10171248.8813, 5802653.768399999], [-10171237.1963, 5803270.233900003], [-10171224.624, 5803898.370800003], [-10171214.9035, 5804384.002599999], [-10170582.3339, 5804385.1511999965], [-10170053.9183, 5804384.644000001], [-10168875.4798, 5804384.045900002], [-10168854.0613, 5804970.7764], [-10168834.8718, 5805501.906000003], [-10168495.1203, 5805499.8847], [-10168269.6952, 5805498.793399997], [-10167406.3057, 5805493.728399999], [-10167400.5269, 5805991.175899997], [-10167379.3069, 5807825.0320999995], [-10167085.7443, 5807825.372699998], [-10167090.9846, 5808057.690800004], [-10167105.5043, 5808993.399400003], [-10167114.6342, 5809578.9014], [-10167119.1175, 5809864.7914], [-10166543.1065, 5809866.403999999], [-10166549.3577, 5810157.4058], [-10166585.6141, 5810156.7236], [-10166581.3275, 5810189.193899997], [-10166572.3219, 5810236.0361], [-10166553.7784, 5810286.295299999], [-10166534.1413, 5810319.889300004], [-10166520.6659, 5810334.8002], [-10166501.9941, 5810348.154200003], [-10166477.825, 5810361.392200001], [-10166448.6549, 5810372.353699997], [-10166416.842, 5810380.365099996], [-10165971.9656, 5810489.6294], [-10165975.9259, 5810738.633699998], [-10165391.5103, 5810734.204700001], [-10165392.4888, 5810773.300800003], [-10165177.9585, 5810979.912900001], [-10165017.739, 5811134.212300003], [-10164846.9931, 5811298.642800003], [-10164834.4473, 5811298.375699997], [-10164821.2173, 5811298.093900003], [-10164063.7421, 5811289.165299997], [-10164008.5857, 5811287.985699996], [-10163648.6402, 5811283.897399999], [-10163490.2663, 5811298.5933], [-10163332.9735, 5811313.309699997], [-10163114.8716, 5811333.953299999], [-10163047.3782, 5811340.462800004], [-10163006.5489, 5811343.926899999], [-10163015.0159, 5811931.021399997], [-10163021.6527, 5812388.562899999], [-10162936.7679, 5812398.317199998], [-10162937.7085, 5812531.508599997], [-10162587.8559, 5812571.743199997], [-10162444.4795, 5812588.193400003], [-10162449.0851, 5812869.842500001], [-10161314.1821, 5813010.314199999], [-10161298.7211, 5813012.1501], [-10160712.3681, 5812982.034500003], [-10160534.1202, 5812972.765600003], [-10160511.2005, 5812971.573399998], [-10160163.4045, 5812953.476599999], [-10159571.9399, 5812922.669299997], [-10159323.3186, 5812909.707699999], [-10159127.9325, 5812899.631099999], [-10158970.2836, 5812891.826899998], [-10158958.9419, 5812890.8539], [-10158833.277, 5812884.4767], [-10158757.6977, 5812880.640500002], [-10158687.4369, 5812876.923799999], [-10158395.2168, 5812861.805100001], [-10157575.1462, 5812819.075800002], [-10156675.0133, 5812772.295400001], [-10156153.6498, 5812745.469700001], [-10156147.7911, 5812745.3389], [-10156103.6857, 5812831.2080999985], [-10156081.721, 5812874.144299999], [-10156072.2023, 5812892.7509], [-10156072.5348, 5812902.167599998], [-10156080.567, 5813101.392700002], [-10156098.7498, 5813554.915799998], [-10156099.7093, 5813588.9582], [-10155806.8992, 5813579.517300002], [-10155529.0375, 5813571.125399999], [-10155529.3596, 5813576.9234], [-10155532.0724, 5813633.444600001], [-10155577.5032, 5814572.626400001], [-10155582.0815, 5814731.995099999], [-10155597.784, 5815284.008500002], [-10155029.7704, 5815255.3401999995], [-10155032.6739, 5815841.8532000035], [-10155038.4317, 5817004.8561], [-10155038.2932, 5817007.0254999995], [-10155004.1781, 5817570.372699998], [-10154407.2588, 5817536.662600003], [-10154398.2243, 5818134.6445999965], [-10153565.0199, 5818141.896399997], [-10153564.9548, 5818144.7918], [-10153543.4914, 5818715.010399997], [-10153251.5933, 5818725.779799998], [-10153221.2201, 5819305.973200001], [-10152628.8288, 5819302.6602], [-10152041.3095, 5819299.418499999], [-10151464.7056, 5819296.387199998], [-10150283.9908, 5819289.578400001], [-10149844.2878, 5819286.692699999], [-10149691.9004, 5819288.9717999995], [-10149049.0483, 5819278.458400004], [-10148758.7582, 5819273.181699999], [-10148792.6481, 5818175.9745000005], [-10148792.7146, 5818173.079099998], [-10147916.8922, 5818149.839100003], [-10147933.1794, 5817569.409999996], [-10147933.2797, 5817565.067299999], [-10147357.639, 5817548.754199997], [-10147373.894, 5816971.261], [-10146212.5636, 5816939.738200001], [-10146224.5408, 5816359.2896], [-10146224.7657, 5816353.502300002], [-10145637.567, 5816341.151600003], [-10145649.0844, 5815754.9397], [-10145660.4305, 5815176.001999997], [-10147410.128, 5815218.441799998], [-10147400.9935, 5815800.331799999], [-10148272.1857, 5815826.4067], [-10148242.383, 5816994.382200003], [-10149738.4309, 5817034.812899999], [-10149727.3621, 5817621.123800002], [-10149710.8136, 5818494.1455999985], [-10149872.5671, 5818492.0823], [-10150900.8099, 5818480.965099998], [-10150916.3183, 5818180.038199998], [-10152668.0621, 5818159.207500003], [-10152705.319, 5817275.0986], [-10153298.7127, 5817271.911499999], [-10153848.7881, 5817269.153700002], [-10153849.3755, 5816985.304799996], [-10153846.8498, 5815230.137400001], [-10154418.7438, 5815214.082400002], [-10154411.7264, 5814680.365099996], [-10154409.645, 5814523.224699996], [-10154367.1831, 5813533.439199999], [-10154350.808, 5813152.335199997], [-10154990.0375, 5813305.690899998], [-10155117.5139, 5813336.058899999], [-10155131.5113, 5813339.268600002], [-10155143.4841, 5813319.993900001], [-10155510.5996, 5812712.269000001], [-10155509.7497, 5812531.306999996], [-10155509.5003, 5812485.704300001], [-10155508.1496, 5812432.8396999985], [-10155523.7422, 5812433.189099997], [-10155539.0805, 5812432.808899999], [-10155612.0126, 5812433.7184000015], [-10155612.0102, 5811848.942199998], [-10155501.1047, 5811840.668799996], [-10155497.5601, 5811643.019199997], [-10155495.9636, 5811552.5222999975], [-10156290.4633, 5811583.310999997], [-10156442.2561, 5811589.590999998], [-10156649.9995, 5811597.838600002], [-10156938.8381, 5811608.608499996], [-10159539.1795, 5811709.4016999975], [-10159827.5673, 5811720.778300002], [-10159829.337, 5812037.802100003], [-10160106.4773, 5812056.884800002], [-10160169.236, 5812061.149800003], [-10160691.6618, 5812096.4208], [-10161051.0189, 5812120.881999999], [-10161101.4305, 5812124.872199997], [-10161144.6315, 5812128.7053999975], [-10161215.3576, 5812127.3461000025], [-10161281.8476, 5812125.894400001], [-10162156.8709, 5812034.833999999], [-10162143.1832, 5811412.158799998], [-10162137.6503, 5811161.6523], [-10162128.5043, 5810747.5358000025], [-10162115.8949, 5810175.623599999], [-10162407.9342, 5810161.667599998], [-10163653.4783, 5810103.7880000025], [-10164231.7924, 5810117.608400002], [-10164814.4344, 5810131.482799999], [-10164875.4413, 5810132.781900004], [-10164935.1866, 5810134.053599998], [-10164957.7151, 5810134.533], [-10164999.8818, 5810071.7566], [-10165040.8416, 5809980.7359], [-10165083.6999, 5809880.353799999], [-10165095.9468, 5809851.669], [-10165136.3274, 5809736.761200003], [-10165197.2726, 5809561.515799999], [-10165854.0261, 5809573.2776999995], [-10165958.086, 5809576.204400003], [-10165959.798, 5809576.240599997], [-10165957.3372, 5809337.429399997], [-10165952.4627, 5808909.023100004], [-10165951.078, 5808631.909999996], [-10165948.9836, 5808427.133000001], [-10165966.4776, 5808426.779799998], [-10166235.1001, 5808420.221000001], [-10166236.3953, 5808420.189400002], [-10166236.1805, 5807842.184699997], [-10166332.5046, 5807834.815499999], [-10166331.9159, 5807639.4925], [-10166322.5984, 5807258.814000003], [-10166257.7665, 5807260.337899998], [-10166231.7016, 5807261.233800001], [-10166231.9746, 5807115.127300002], [-10166232.9037, 5806585.690800004], [-10166407.2347, 5806072.2425], [-10166448.1518, 5805951.603], [-10166462.3765, 5805909.232799999], [-10166517.5011, 5805746.9485], [-10166604.9751, 5805489.8873], [-10166788.4976, 5804948.485799998], [-10166792.9127, 5804935.562100001], [-10166846.4932, 5804777.599799998], [-10166876.5412, 5804689.2875000015], [-10166904.5764, 5804606.718699999], [-10166931.6653, 5804526.299900003], [-10166960.2701, 5804442.298], [-10166989.2648, 5804356.858900003], [-10167230.029, 5803647.5276999995], [-10167239.4278, 5803611.573200002], [-10167256.1811, 5803568.542999998], [-10167280.289, 5803518.437100001], [-10167305.6563, 5803477.034199998], [-10167339.7584, 5803431.476599999], [-10167380.9431, 5803391.851999998], [-10167436.565, 5803351.0842999965], [-10167499.0446, 5803314.075400002], [-10167502.2413, 5803311.973399997], [-10167559.1222, 5803279.908], [-10167668.3802, 5803224.357799999], [-10167715.0246, 5803199.306999996], [-10167761.1422, 5803199.550099999], [-10168340.7439, 5803203.719300002], [-10168914.4938, 5803207.728600003], [-10170650.4472, 5803229.898500003], [-10170662.4071, 5802654.977600001], [-10170671.345, 5802069.491300002], [-10170673.5971, 5801931.432999998], [-10170678.8115, 5801658.447700001], [-10170680.4077, 5801569.5913999975], [-10170681.8117, 5801491.432300001], [-10170682.6149, 5801446.732500002], [-10170692.2236, 5800911.987099998], [-10170697.8076, 5800513.536600001], [-10170666.4787, 5800474.613700002], [-10170640.001, 5800430.700999998], [-10170608.0288, 5800373.6652000025], [-10170591.4264, 5800340.075199999], [-10170565.0382, 5800291.828299999], [-10170545.7628, 5800248.0647], [-10170529.1015, 5800217.365000002], [-10170508.6823, 5800159.122900002], [-10170490.8477, 5800115.389600001], [-10170474.5126, 5800068.796599999], [-10170512.6535, 5799868.6611], [-10170513.2528, 5799865.782499999], [-10170439.8329, 5799862.8222], [-10170446.5229, 5799747.323600002], [-10170444.9026, 5799747.290100001], [-10170426.6567, 5799732.459100001], [-10170513.2921, 5799626.5616], [-10170525.6642, 5799611.639700003], [-10170526.5039, 5799610.2117], [-10170530.1622, 5799603.060000002], [-10170534.838, 5799585.811399996], [-10170542.2754, 5799574.401500002], [-10170549.6537, 5799565.881099999], [-10170558.4721, 5799557.3904], [-10170565.9095, 5799545.980499998], [-10170570.4372, 5799535.956], [-10170572.0549, 5799527.316799998], [-10170573.8206, 5799511.4538], [-10170575.4382, 5799502.814599998], [-10170575.5863, 5799495.590599999], [-10170573.002, 5799481.083300002], [-10170579.1472, 5799462.419699997], [-10170585.2332, 5799446.645800002], [-10170587.571, 5799438.021600001], [-10170589.4155, 5799435.891500004], [-10170591.3784, 5799427.982299998], [-10170590.0863, 5799420.728799999], [-10170594.673, 5799407.814800002], [-10170628.6831, 5799365.154200003], [-10170646.4377, 5799342.394100003], [-10170668.5421, 5799318.2782000005], [-10170702.3741, 5799284.286399998], [-10170742.2916, 5799234.520900004], [-10170782.1788, 5799186.200300001], [-10170816.1873, 5799143.540100001], [-10170859.0722, 5799089.499799997], [-10170885.5842, 5799061.138899997], [-10170912.2436, 5799025.554200001], [-10170941.8126, 5798988.5842999965], [-10170961.0352, 5798964.4092999995], [-10171005.2402, 5798916.177900001], [-10171025.9615, 5798889.143200003], [-10171051.0324, 5798860.752800003], [-10171077.8087, 5798819.389700003], [-10171098.5001, 5798793.799800001], [-10171117.7513, 5798768.180299997], [-10171159.0745, 5798719.890000001], [-10171207.9217, 5798655.856299996], [-10171264.2333, 5798578.968999997], [-10171324.9228, 5798499.281300001], [-10171390.4024, 5798396.568400003], [-10171439.5404, 5798318.089599997], [-10171488.7365, 5798236.722000003], [-10171535.0813, 5798153.851199999], [-10171593.0328, 5798066.883500002], [-10171637.7888, 5797991.206900001], [-10171698.8825, 5797891.298100002], [-10171754.0978, 5797797.049999997], [-10171804.9924, 5797702.7141999975], [-10171848.4223, 5797621.232199997], [-10171888.7662, 5797549.803199999], [-10171960.5197, 5797421.214100003], [-10172001.4787, 5797421.329499997], [-10172440.1036, 5797420.175300002], [-10172725.4064, 5797419.489399999], [-10172725.6681, 5796837.150300004], [-10173595.6046, 5796837.4899], [-10173591.2571, 5796266.6543999985], [-10174152.8562, 5796270.7971], [-10174151.4814, 5795693.5568], [-10174150.107, 5795116.353799999], [-10174695.8004, 5795120.140100002], [-10174678.176, 5794534.7016], [-10174660.7041, 5793950.7491], [-10174648.2793, 5793537.378899999], [-10174857.5178, 5793369.7048999965], [-10175208.8753, 5793366.657499999], [-10175205.2512, 5793187.479199998], [-10175232.9978, 5793167.814999998], [-10175258.0965, 5793136.542599998], [-10175293.4416, 5793096.809699997], [-10175319.9791, 5793065.566200003], [-10175343.6092, 5793035.708999999], [-10175374.4924, 5793003.108400002], [-10175412.9447, 5792951.883199997], [-10175451.1379, 5792913.651900001], [-10175492.4389, 5792863.928300001], [-10175545.4532, 5792804.329400003], [-10175573.514, 5792768.783699997], [-10175592.7105, 5792744.615099996], [-10175632.8294, 5792681.869400002], [-10175674.0708, 5792635.0336000025], [-10175709.4121, 5792595.301299997], [-10175731.5432, 5792568.303000003], [-10175758.5559, 5792535.625299998], [-10175759.5739, 5792534.201499999], [-10175747.5846, 5792196.006399997], [-10175746.8891, 5792172.162900001], [-10175728.3729, 5791569.572400004], [-10175731.1712, 5791342.9038999975], [-10175731.9348, 5791290.9322], [-10175736.0407, 5790966.824699998], [-10175761.3608, 5790924.010899998], [-10176308.6878, 5790927.7293], [-10176889.6472, 5790932.0825999975], [-10176889.69, 5790929.9174000025], [-10176891.1377, 5790820.201300003], [-10176904.4285, 5789842.207999997], [-10176905.3756, 5789771.478699997], [-10176642.0849, 5789767.683300003], [-10177099.0973, 5789189.151799999], [-10177194.0009, 5789069.762999997], [-10177279.1306, 5788962.452299997], [-10177518.1826, 5788661.132299997], [-10177562.2625, 5788605.703199998], [-10177670.7236, 5788468.540399998], [-10177995.201, 5788042.603100002], [-10178436.485, 5787463.803499997], [-10178668.9661, 5787158.7651999965], [-10178673.4833, 5787153.080499999], [-10178732.3074, 5787087.841300003], [-10178763.2417, 5787050.921499997], [-10178800.0131, 5787009.786399998], [-10178932.5349, 5786881.765900001], [-10178955.4422, 5786859.843900003], [-10178954.5716, 5786798.483999997], [-10178947.3673, 5786296.792000003], [-10178938.9678, 5785713.564900003], [-10179232.3939, 5785714.995099999], [-10179232.1585, 5785671.695299998], [-10179231.8136, 5785624.785599999], [-10179230.0476, 5785346.225199997], [-10179229.7982, 5785303.648400001], [-10179226.4959, 5784762.433899999], [-10179224.5659, 5784566.147], [-10179795.3877, 5784575.880400002], [-10179796.4462, 5784262.055699997], [-10179799.6223, 5783311.269900002], [-10179803.1964, 5782247.346699998], [-10180373.7589, 5782262.8059], [-10180373.5954, 5782052.904200003], [-10180373.511, 5781982.937299997], [-10180373.4167, 5781811.270999998], [-10180373.2784, 5781692.980300002], [-10180373.0111, 5781674.2238000035], [-10180365.5783, 5781152.620200001], [-10180364.7318, 5781094.185099997], [-10180383.527, 5781088.781400003], [-10180390.7968, 5781084.595700003], [-10180416.9175, 5781072.122500002], [-10180425.6523, 5781066.5229], [-10180446.1077, 5781049.612000003], [-10180463.7444, 5781029.761399999], [-10180475.4929, 5781017.008199997], [-10180488.6784, 5781004.283200003], [-10180497.5245, 5780992.916000001], [-10180506.3428, 5780982.990699999], [-10180513.7516, 5780971.5955], [-10180525.4164, 5780963.168099999], [-10180538.6297, 5780949.001100004], [-10180548.8851, 5780939.103699997], [-10180562.1262, 5780923.494900003], [-10180579.7066, 5780906.528099999], [-10180592.9198, 5780892.361100003], [-10180613.4302, 5780872.566399999], [-10180625.2061, 5780858.3715], [-10180638.3912, 5780845.646399997], [-10180645.7441, 5780837.134999998], [-10180653.0693, 5780830.065499999], [-10180660.3184, 5780822.2733], [-10180663.3521, 5780818.726400003], [-10180675.0723, 5780807.4152000025], [-10180686.8479, 5780793.2201000005], [-10180710.2879, 5780770.5978000015], [-10180721.98, 5780760.728299998], [-10180736.5463, 5780750.914800003], [-10180749.6199, 5780743.956900001], [-10180756.9169, 5780738.3292], [-10180763.2741, 5780734.846900001], [-10180771.4555, 5780729.957500003], [-10180788.8682, 5780721.641599998], [-10180798.9839, 5780718.953400001], [-10180813.4945, 5780712.023400001], [-10180829.4701, 5780703.679499999], [-10180841.0507, 5780699.577399999], [-10180851.1663, 5780696.8891], [-10180865.5935, 5780694.284500003], [-10180882.9227, 5780690.293899998], [-10180888.5194, 5780688.960100003], [-10180897.3497, 5780687.689199999], [-10180910.2841, 5780687.940399997], [-10180923.1629, 5780691.075199999], [-10180930.3208, 5780692.656400003], [-10180944.6089, 5780697.260799997], [-10180954.5097, 5780701.058899999], [-10180956.0228, 5780701.809500001], [-10181049.7599, 5780728.8697], [-10181096.1415, 5780742.0295], [-10181193.452, 5780765.551700003], [-10181288.5381, 5780792.635799997], [-10181293.5264, 5780794.895900004], [-10181393.657, 5780821.3554000035], [-10181401.9967, 5780822.2381], [-10181483.811, 5780843.293700002], [-10181527.7067, 5780854.9608], [-10181569.6263, 5780866.589599997], [-10181590.7416, 5780871.325099997], [-10181638.3619, 5780880.900200002], [-10181658.427, 5780884.172899999], [-10181688.2205, 5780904.942199998], [-10181702.4263, 5780913.871200003], [-10181719.5065, 5780922.855599999], [-10181736.5592, 5780933.281900004], [-10181755.0214, 5780945.177900001], [-10181777.7399, 5780960.040799998], [-10181804.7424, 5780976.428800002], [-10181823.2324, 5780986.882799998], [-10181841.695, 5780998.778499998], [-10181863.0595, 5781009.2880000025], [-10181887.2708, 5781021.294699997], [-10181910.0727, 5781031.831699997], [-10181932.847, 5781043.810599998], [-10181952.8022, 5781052.850299999], [-10181972.7296, 5781063.331699997], [-10181998.3785, 5781075.365999997], [-10182026.8468, 5781090.339400001], [-10182064.0488, 5781099.7114999965], [-10182074.0817, 5781101.3473000005], [-10182084.0594, 5781105.8671], [-10182095.5021, 5781108.972599998], [-10182101.3132, 5781110.526900001], [-10182114.1031, 5781113.658500001], [-10182126.9829, 5781116.791500002], [-10182142.7648, 5781118.538199998], [-10182162.8583, 5781120.367899999], [-10182178.6126, 5781123.556500003], [-10182191.5477, 5781123.805600002], [-10182204.5102, 5781122.612999998], [-10182230.3528, 5781124.553400002], [-10182247.6271, 5781123.443700001], [-10182261.9994, 5781123.7205], [-10182282.0929, 5781125.549900003], [-10182307.9631, 5781126.048199996], [-10182319.447, 5781126.990500003], [-10182332.3684, 5781127.960500002], [-10182358.2385, 5781128.458499998], [-10182384.1361, 5781127.5145], [-10182405.7845, 5781127.931299999], [-10182526.0625, 5781130.245200001], [-10182572.4131, 5781131.136500001], [-10182593.944, 5781132.992799997], [-10182608.3439, 5781131.827100001], [-10182650.0237, 5781132.628300004], [-10182673.0469, 5781131.628200002], [-10182678.7958, 5781131.738600001], [-10182700.3267, 5781133.594800003], [-10182780.8116, 5781135.140600003], [-10182805.2172, 5781137.051799998], [-10182826.8031, 5781136.023699999], [-10182854.38, 5781136.553000003], [-10182868.4829, 5781136.823700003], [-10182888.5766, 5781138.651799999], [-10182913.0371, 5781137.6787], [-10182933.1309, 5781139.506700002], [-10182951.8423, 5781138.423299998], [-10182976.3028, 5781137.450000003], [-10183022.2394, 5781141.215899996], [-10183045.2351, 5781141.656800002], [-10183066.8211, 5781140.6281], [-10183082.6307, 5781140.931299999], [-10183104.1618, 5781142.7863000035], [-10183125.7203, 5781143.199500002], [-10183148.6612, 5781146.523900002], [-10183171.6296, 5781148.406499997], [-10183193.0783, 5781154.587099999], [-10183213.09, 5781160.740199998], [-10183231.6643, 5781166.865699999], [-10183250.2113, 5781174.4331], [-10183259.8715, 5781176.781800002], [-10183263.0917, 5781177.5647], [-10183274.5073, 5781182.1105], [-10183294.4642, 5781191.1472999975], [-10183318.6781, 5781203.150399998], [-10183341.4273, 5781216.5678], [-10183354.2255, 5781224.0251], [-10183375.4828, 5781240.298799999], [-10183393.9754, 5781250.749799997], [-10183403.8992, 5781258.152000003], [-10183422.1999, 5781278.696400002], [-10183451.7523, 5781312.438299999], [-10183488.4366, 5781349.2016], [-10183549.0622, 5781412.3873], [-10183577.2056, 5781444.659699999], [-10183605.4861, 5781469.722499996], [-10183630.8373, 5781497.614299998], [-10183649.2486, 5781512.391000003], [-10183656.2983, 5781519.738200001], [-10183658.0913, 5781501.020000003], [-10183662.8682, 5781476.5889], [-10183667.7547, 5781446.390000001], [-10183677.2811, 5781398.969999999], [-10183688.0259, 5781363.113300003], [-10183700.3172, 5781321.516599998], [-10183727.6649, 5781244.145999998], [-10183744.1309, 5781209.841600001], [-10183756.2578, 5781176.896899998], [-10183781.4017, 5781139.873599999], [-10183807.9279, 5781105.761500001], [-10183853.5478, 5781050.377499998], [-10183872.1789, 5781029.8178], [-10183882.9208, 5781017.762199998], [-10183926.8567, 5780975.3279], [-10183961.7867, 5780952.9155], [-10184009.7879, 5780923.540100001], [-10184057.7343, 5780897.0484], [-10184114.358, 5780867.837099999], [-10184170.8996, 5780842.950999998], [-10184197.6024, 5780832.6417], [-10184223.0475, 5780822.308200002], [-10184261.5908, 5780803.569799997], [-10184270.9381, 5780798.6994], [-10184323.1672, 5780773.730499998], [-10184369.7565, 5780742.884599999], [-10184405.9147, 5780721.936700001], [-10184410.4604, 5780719.138499998], [-10184458.5949, 5780682.552100003], [-10184505.2375, 5780648.8222], [-10184538.9999, 5780611.9626], [-10184562.1874, 5780587.883299999], [-10184567.8788, 5780581.5009], [-10184574.199, 5780575.130500004], [-10184616.6652, 5780534.109200001], [-10184672.5003, 5780470.2645], [-10184721.2575, 5780400.5163], [-10184753.9885, 5780342.002800003], [-10184779.3436, 5780293.445500001], [-10184838.522, 5780171.252099998], [-10184843.6658, 5780160.532499999], [-10184886.6992, 5780089.2348000035], [-10184889.7583, 5780084.244900003], [-10184938.5717, 5780006.567000002], [-10184944.7167, 5779995.145400003], [-10184983.3341, 5779924.486000001], [-10184993.6701, 5779905.211599998], [-10185030.7358, 5779845.340099998], [-10185073.7139, 5779762.505199999], [-10185111.2921, 5779689.663999997], [-10185138.1616, 5779636.811399996], [-10185144.369, 5779626.833400004], [-10185176.7166, 5779574.084700003], [-10185212.3428, 5779514.187399998], [-10185217.0587, 5779507.065800004], [-10185232.0688, 5779482.832800001], [-10185237.5303, 5779474.283], [-10185253.7535, 5779442.862300001], [-10185261.389, 5779428.585100003], [-10185273.6148, 5779404.299699999], [-10185293.8486, 5779365.023100004], [-10185295.7125, 5779361.4529], [-10185304.7406, 5779339.991499998], [-10185321.1159, 5779310.016099997], [-10185341.8832, 5779275.797399998], [-10185356.4214, 5779247.950599998], [-10185361.2675, 5779238.668399997], [-10185391.0622, 5779182.988600001], [-10185405.5816, 5779160.9102], [-10185420.667, 5779137.400399998], [-10185444.605, 5779087.378799997], [-10185458.0783, 5779058.791299999], [-10185477.4888, 5779020.221299998], [-10185482.4245, 5779010.941], [-10185501.3451, 5778974.5251], [-10185515.3348, 5778942.342299998], [-10185516.3632, 5778940.198600002], [-10185529.8362, 5778911.611500002], [-10185543.3363, 5778881.582699999], [-10185545.1518, 5778861.428000003], [-10185551.4401, 5778832.7053999975], [-10185587.4519, 5778833.385300003], [-10185625.4393, 5778834.102499999], [-10185688.1366, 5778834.5647], [-10185749.7563, 5778835.006300002], [-10185942.1984, 5778834.309199996], [-10186030.427, 5778833.808600001], [-10186169.7677, 5778833.548199996], [-10186300.0382, 5778833.115000002], [-10186317.4737, 5778832.721900001], [-10186455.5573, 5778832.433300003], [-10186468.6129, 5777670.447899997], [-10186765.8591, 5777669.538400002], [-10186938.5983, 5777669.171300001], [-10186931.8271, 5777555.136600003], [-10186927.5739, 5777484.406099997], [-10186923.5364, 5777416.563699998], [-10186919.6116, 5777352.328599997], [-10186915.7901, 5777287.374899998], [-10186912.8409, 5777238.297899999], [-10186907.437, 5777147.3631], [-10186892.4396, 5776896.213200003], [-10186880.6438, 5776699.9157000035], [-10186879.0749, 5776673.214400001], [-10186858.3837, 5776327.541500002], [-10186824.6236, 5775762.515299998], [-10187398.4235, 5775770.3675], [-10187976.4444, 5775778.260899998], [-10187982.4592, 5775778.372900002], [-10187985.3716, 5775193.166699998], [-10187988.2835, 5774607.9987], [-10188798.6391, 5774599.978299998], [-10189073.3697, 5774597.133199997], [-10189760.0551, 5774590.341200002], [-10189774.548, 5775172.945900001], [-10189775.1607, 5775178.723099999], [-10190395.1181, 5775164.886799999], [-10190623.1865, 5775161.137699999], [-10191529.6632, 5775143.814599998], [-10192101.9618, 5775133.315099999], [-10192685.6733, 5775122.264200002], [-10192689.768, 5775409.193700001], [-10192693.9453, 5775701.903099999], [-10193096.4759, 5775685.384800002], [-10193828.4818, 5775654.586300001], [-10193828.7297, 5775963.0886999965], [-10193832.8595, 5775963.162900001], [-10194126.2301, 5775959.7739999965], [-10194135.543, 5776243.941299997], [-10194158.3604, 5776243.629299998], [-10194420.2012, 5776236.061700001], [-10194426.2921, 5776540.363499999], [-10195009.8391, 5776533.4793], [-10195007.6367, 5776820.342200004], [-10196097.6397, 5776861.322499998], [-10196098.595, 5776888.732500002], [-10196099.738, 5776895.240699999], [-10196102.4995, 5776911.869800001], [-10196101.9423, 5776943.578599997], [-10196105.6948, 5776975.363799997], [-10196109.5488, 5777001.3838], [-10196117.6874, 5777028.921599999], [-10196123.0541, 5777050.643200003], [-10196132.604, 5777079.647699997], [-10196153.5966, 5777111.738300003], [-10196170.3048, 5777142.311499998], [-10196181.5196, 5777158.3697], [-10196194.0697, 5777180.218500003], [-10196203.7972, 5777199.134000003], [-10196213.4236, 5777223.814800002], [-10196224.4107, 5777252.845399998], [-10196235.2966, 5777287.6413], [-10196239.0498, 5777319.427699998], [-10196246.9108, 5777362.821400002], [-10196248.9995, 5777407.555200003], [-10196249.4744, 5777462.353600003], [-10196247.0506, 5777518.5429000035], [-10196241.9812, 5777561.708899997], [-10196236.9876, 5777600.550999999], [-10196232.3736, 5777617.771899998], [-10196221.7341, 5777650.746799998], [-10196659.0396, 5777648.375299998], [-10197069.7656, 5777645.514700003], [-10197251.1748, 5777925.547399998], [-10197443.9684, 5778223.088399999], [-10197706.147, 5778627.839400001], [-10197744.3769, 5778686.911600001], [-10197771.6532, 5778688.831200004], [-10197804.5769, 5778696.617799997], [-10197847.6344, 5778700.255500004], [-10197863.3131, 5778702.692900002], [-10197909.2715, 5778709.986100003], [-10198014.1667, 5778711.8204], [-10198068.8698, 5778707.008299999], [-10198122.161, 5778700.729199998], [-10198178.3259, 5778694.5], [-10198250.3968, 5778682.779700004], [-10198300.9388, 5778669.241400003], [-10198358.6152, 5778658.711300001], [-10198387.5282, 5778649.121299997], [-10198420.7521, 5778639.606200002], [-10198426.7272, 5778792.567500003], [-10198615.0158, 5778792.964000002], [-10199008.7495, 5778799.090300001], [-10199586.4128, 5778808.383599997], [-10199590.6926, 5779097.595700003], [-10199595.0581, 5779392.587200001], [-10200172.4882, 5779396.791100003], [-10200751.7157, 5779400.9881], [-10200756.3862, 5779401.068400003], [-10200747.008, 5778813.247500002], [-10200742.5246, 5778528.367899999], [-10201314.8552, 5778512.220799997], [-10201310.4146, 5778318.917099997], [-10201295.0205, 5777649.5988000035], [-10201886.2617, 5777627.251500003], [-10202220.7046, 5777614.920999996], [-10202403.7934, 5777607.939000003], [-10202398.2482, 5777521.3330999985], [-10202360.4197, 5776925.945699997], [-10202325.4088, 5776376.7786], [-10202366.1603, 5776351.520900004], [-10202969.9693, 5775976.838399999], [-10203087.7644, 5775903.866999999], [-10203128.5185, 5775872.840599999], [-10203169.1756, 5775847.579099998], [-10203211.2448, 5775823.782700002], [-10203262.0293, 5775794.366899997], [-10203279.6641, 5775781.690499999], [-10203307.116, 5775761.9717999995], [-10203347.7962, 5775735.268399999], [-10203390.0576, 5775699.942199998], [-10203436.7246, 5775658.924000002], [-10203476.064, 5775626.431599997], [-10203511.0457, 5775596.748800002], [-10203546.1235, 5775561.301299997], [-10203592.8614, 5775515.959600002], [-10203623.5088, 5775487.645199999], [-10203642.5198, 5775467.784000002], [-10203696.6799, 5775408.152000003], [-10203797.7435, 5775293.090599999], [-10204517.6651, 5774472.744499996], [-10204711.9021, 5774251.428300001], [-10204715.2651, 5774247.596299998], [-10204746.7423, 5774212.089299999], [-10204756.8438, 5774209.375399999], [-10204771.3257, 5774202.4108000025], [-10204784.4191, 5774192.540299997], [-10204851.8245, 5774112.952799998], [-10204897.4648, 5774062.548600003], [-10204948.8793, 5774005.034400001], [-10205037.2491, 5773906.3396999985], [-10205097.1646, 5773839.599100001], [-10205156.2593, 5773773.565700002], [-10205216.7354, 5773705.3935], [-10205298.8767, 5773613.801799998], [-10205333.1794, 5773575.459899999], [-10205409.4309, 5773492.417599998], [-10205406.2472, 5773489.482299998], [-10205400.9571, 5773483.6294], [-10205536.8164, 5773330.239699997], [-10205873.749, 5772949.6052], [-10206123.6669, 5772950.863300003], [-10206129.8274, 5772936.554099999], [-10206165.6662, 5772853.562899999], [-10206249.0996, 5772660.396399997], [-10206447.6966, 5772659.3554000035], [-10206657.0635, 5772658.487499997], [-10206658.9165, 5772545.394699998], [-10206661.7608, 5772371.796499997], [-10206944.8311, 5772364.9318], [-10207146.3326, 5772163.622900002], [-10207230.5941, 5772237.0572], [-10207232.7245, 5772238.533200003], [-10207229.4965, 5772084.294200003], [-10207483.5661, 5772082.700000003], [-10207753.5206, 5772081.358499996], [-10208900.0651, 5772074.111900002], [-10208893.2332, 5771251.240999997], [-10209475.118, 5771236.175300002], [-10209472.4202, 5770063.363200001], [-10210632.9782, 5770044.594999999], [-10210633.6597, 5769461.161600001], [-10211211.709, 5769465.370700002], [-10211496.5114, 5769467.754000001], [-10211498.3891, 5768895.900899999], [-10211787.0782, 5768889.693700001], [-10211785.2934, 5768605.178099997], [-10211785.185, 5768589.331799999], [-10211783.3887, 5768305.5458], [-10212307.9558, 5768305.230899997], [-10212845.4412, 5768305.089000002], [-10213433.1414, 5768295.621200003], [-10214013.3095, 5768286.000799999], [-10214010.7194, 5767731.435999997], [-10214008.1061, 5767149.541599996], [-10214005.4257, 5766577.764600001], [-10214569.16, 5766573.614], [-10214718.6423, 5766572.348099999], [-10215137.8385, 5766568.7842999995], [-10215429.527, 5766566.829800002], [-10215423.2657, 5766414.084399998], [-10215422.6237, 5766397.513700001], [-10215409.1737, 5766041.616599999], [-10215407.9462, 5766010.637500003], [-10215529.9862, 5766008.2082], [-10215746.8801, 5766003.6445999965], [-10215987.2714, 5765999.438500002], [-10216268.7723, 5765993.699000001], [-10216557.986, 5765988.069200002], [-10216550.5293, 5765800.756800003], [-10216535.1427, 5765416.057099998], [-10216815.6386, 5765410.2852], [-10217231.4387, 5765402.255099997], [-10217219.9879, 5764833.336000003], [-10216937.2006, 5764837.645400003], [-10217032.642, 5764790.154100001], [-10217073.1227, 5764770.616700001], [-10217169.8662, 5764731.783], [-10217227.6074, 5764709.6294], [-10217283.9574, 5764684.5748], [-10217351.7633, 5764661.1347], [-10217405.3304, 5764630.277800001], [-10217468.8968, 5764602.452799998], [-10217513.6582, 5764584.418899998], [-10217567.0717, 5764563.6373], [-10217610.376, 5764547.0205999985], [-10217643.6152, 5764531.689900003], [-10217655.1804, 5764526.107199997], [-10217699.8976, 5764510.951399997], [-10217740.3102, 5764495.729800001], [-10217787.9401, 5764477.738499999], [-10217801.7931, 5764475.069899999], [-10217839.7652, 5764467.009499997], [-10217893.09, 5764451.983900003], [-10217950.6102, 5764444.2205], [-10217976.5227, 5764438.855599999], [-10218044.0425, 5764434.123199999], [-10218125.8879, 5764431.047700003], [-10218242.0588, 5764435.691200003], [-10218386.5777, 5764463.799000002], [-10218489.7279, 5764475.4406], [-10218595.7482, 5764487.124399997], [-10218680.2904, 5764495.602600001], [-10218699.638, 5764497.335000001], [-10219769.4913, 5764587.601199999], [-10219879.9407, 5764597.176600002], [-10219881.5106, 5764696.545199998], [-10219883.8546, 5764846.319799997], [-10220454.6436, 5764854.859200001], [-10220921.7574, 5764862.540100001], [-10221056.5412, 5764864.544100001], [-10221097.8822, 5764865.158299997], [-10221338.2947, 5764869.446500003], [-10221296.5077, 5764978.2535], [-10221291.991, 5764992.585000001], [-10221284.5834, 5765008.313299999], [-10221278.5046, 5765031.260700002], [-10221272.2137, 5765068.603399999], [-10221266.1348, 5765091.550700001], [-10221258.2391, 5765140.388800003], [-10221251.7994, 5765187.808700003], [-10221317.5917, 5765203.183499999], [-10221371.99, 5765212.629299998], [-10221439.2601, 5765225.145499997], [-10221516.5532, 5765239.249300003], [-10221604.018, 5765244.863799997], [-10221685.7644, 5765248.9529], [-10221781.902, 5765250.374399997], [-10221876.6893, 5765246.0151999965], [-10221967.1296, 5765244.470700003], [-10222048.9184, 5765245.677299999], [-10222116.4426, 5765240.913400002], [-10222172.4244, 5765240.298600003], [-10222174.3152, 5764865.9661], [-10222179.2391, 5764284.370999999], [-10223119.6562, 5764277.299999997], [-10223140.291, 5764276.881999999], [-10223310.9878, 5764275.7771999985], [-10223654.3541, 5764273.586800002], [-10223872.7769, 5764271.726599999], [-10223881.2134, 5764873.673299998], [-10223888.1168, 5765407.9624999985], [-10223894.2483, 5765883.952799998], [-10223896.2501, 5765968.941200003], [-10223896.6869, 5765988.387500003], [-10223896.735, 5765991.268100001], [-10223916.4665, 5765991.555], [-10223979.8765, 5765992.476800002], [-10224023.8343, 5765992.395499997], [-10224100.5287, 5765992.7892], [-10224130.3319, 5766016.2619], [-10224157.3484, 5766033.934100002], [-10224187.1728, 5766055.967], [-10224212.7751, 5766072.178499997], [-10224236.8388, 5766095.567699999], [-10224237.8944, 5766097.023100004], [-10224259.4262, 5766121.815700002], [-10224268.6777, 5766133.469899997], [-10224286.215, 5766155.324500002], [-10224335.4262, 5766226.599200003], [-10224379.022, 5766289.1526999995], [-10224400.0302, 5766325.458300002], [-10224421.0593, 5766360.324299999], [-10224429.2039, 5766374.122699998], [-10224439.2803, 5766390.829300001], [-10224443.3578, 5766406.729099996], [-10224445.9381, 5766426.927500002], [-10224447.1246, 5766444.225400001], [-10224446.814, 5766465.822099999], [-10224444.7163, 5766511.874200001], [-10224455.3795, 5766512.748599999], [-10224490.3394, 5766514.694799997], [-10224550.8519, 5766517.730599999], [-10224576.5045, 5766518.101800002], [-10224710.8664, 5766520.044299997], [-10224730.2404, 5766520.324299999], [-10224911.0228, 5766525.814599998], [-10225018.6562, 5766527.366700001], [-10225146.3398, 5766532.086599998], [-10225235.2756, 5766536.247100003], [-10225263.9573, 5766538.0999], [-10225322.8174, 5766537.506499998], [-10225339.1524, 5767102.273000002], [-10225613.1663, 5767107.649300002], [-10225614.6912, 5767107.671099998], [-10225815.5793, 5767113.431699999], [-10225905.9974, 5767114.726599999], [-10226171.4499, 5767122.8434000015], [-10226175.6175, 5767290.685500003], [-10226177.8184, 5767382.170599997], [-10226536.1324, 5767390.882700004], [-10226718.6486, 5767395.641099997], [-10227833.0456, 5767372.536799997], [-10228120.3281, 5767366.5009], [-10228127.3166, 5767662.569200002], [-10228149.1495, 5768797.158299997], [-10228426.2794, 5768795.289999999], [-10228439.9415, 5769669.156499997], [-10229003.039, 5769653.271300003], [-10229004.2856, 5769932.046599999], [-10229004.3647, 5769952.216499999], [-10229006.4816, 5770426.947800003], [-10229006.8671, 5770522.040799998], [-10229007.4507, 5770654.596699998], [-10229007.9944, 5770783.552199997], [-10229008.6433, 5770930.5211], [-10229009.2506, 5771068.1259], [-10229161.4116, 5771073.132299997], [-10229602.5601, 5771087.201700002], [-10230184.9242, 5771106.086000003], [-10230191.7768, 5772279.085500002], [-10229602.9741, 5772272.358099997], [-10229599.4597, 5772838.643299997], [-10230198.4728, 5772849.835900001], [-10231120.2442, 5772866.868299998], [-10231125.2264, 5773449.161399998], [-10231466.9561, 5773461.054700002], [-10231490.8292, 5774029.232299998], [-10231776.662, 5774033.142099999], [-10231826.5815, 5775184.769199997], [-10231832.4744, 5775319.628700003], [-10231843.6898, 5775763.7744999975], [-10231843.641, 5775767.377599999], [-10231854.5827, 5776337.686300002], [-10232149.9766, 5776337.390799999], [-10232718.2264, 5776336.464599997], [-10232727.2346, 5776627.8072], [-10232729.8387, 5776627.842600003], [-10233310.679, 5776627.048900001], [-10233316.8138, 5776919.803300001], [-10233886.6184, 5776919.543700002], [-10234466.4812, 5776919.381800003], [-10234466.9323, 5777751.319600001], [-10234558.3167, 5777748.935699999], [-10234704.164, 5777744.393600002], [-10234701.7801, 5778032.7443], [-10235054.8815, 5778033.842], [-10235281.3376, 5778033.966700003], [-10235565.5529, 5778034.129500002], [-10235557.4294, 5778323.855700001], [-10235557.3915, 5778326.739100002], [-10235853.595, 5778317.678599998], [-10235835.8525, 5778902.9076000005], [-10235840.3436, 5778902.967], [-10236420.7619, 5778897.6369], [-10237001.1709, 5778892.989600003], [-10237574.5826, 5778887.4921], [-10237750.6803, 5778886.176899999], [-10238149.2861, 5778886.300300002], [-10238283.8659, 5778886.561999999], [-10238734.3812, 5778887.368199997], [-10239307.3603, 5778887.520999998], [-10239300.5945, 5779475.098099999], [-10239293.956, 5780052.619599998], [-10239870.3692, 5780057.106799997], [-10239877.3776, 5780638.447700001], [-10242200.097, 5780685.089100003], [-10242201.4542, 5781270.727399997], [-10242788.0059, 5781276.6005000025], [-10242793.9037, 5782429.277800001], [-10243378.9705, 5782445.192500003], [-10243379.5586, 5784768.173299998], [-10243379.5914, 5784853.312700003], [-10243375.0556, 5785339.574900001], [-10243958.9474, 5785349.669200003], [-10243973.3976, 5785932.8873], [-10244564.5736, 5785938.702399999], [-10244579.0992, 5786519.071999997], [-10245156.5223, 5786520.3495000005], [-10245729.4423, 5786522.256300002], [-10246313.7891, 5786523.543399997], [-10246971.5059, 5786524.945799999], [-10246977.1081, 5787105.242899999], [-10246982.4626, 5787661.034999996], [-10247219.9051, 5787658.100699998], [-10247562.4019, 5787653.524400003], [-10247565.6829, 5788228.092200004], [-10248728.4277, 5788220.206900001], [-10248727.3829, 5788801.9782000035], [-10249317.4176, 5788798.801100001], [-10249323.7768, 5789381.4186], [-10249328.5431, 5789822.557499997], [-10249380.4977, 5789810.171300001], [-10249410.7834, 5789804.750299998], [-10249446.9927, 5789784.960199997], [-10249480.2233, 5789773.798100002], [-10249520.6992, 5789758.3891], [-10249572.7367, 5789738.783399999], [-10249613.2289, 5789721.930399999], [-10249655.1598, 5789705.0940999985], [-10249694.2126, 5789688.223899998], [-10249739.0046, 5789672.864399999], [-10249772.2344, 5789661.701300003], [-10249799.725, 5789649.027599998], [-10249841.6053, 5789636.521200001], [-10249883.4685, 5789625.458300002], [-10249938.2992, 5789613.102399997], [-10249985.8014, 5789612.211599998], [-10250029.0201, 5789608.382799998], [-10250075.0833, 5789607.474699996], [-10250124.0744, 5789602.268700004], [-10250170.1543, 5789599.9164], [-10250224.8512, 5789599.107699998], [-10250268.0864, 5789593.834200002], [-10250309.8826, 5789588.543799996], [-10250364.7123, 5789576.1853], [-10250402.2247, 5789567.9573], [-10250451.2156, 5789562.749700002], [-10250498.8336, 5789551.750600003], [-10250565.2077, 5789536.637000002], [-10250615.6702, 5789528.557899997], [-10250657.4658, 5789523.266000003], [-10250693.5058, 5789517.907300003], [-10250745.3573, 5789514.174900003], [-10250775.5917, 5789513.080200002], [-10250817.321, 5789513.561899997], [-10250856.0898, 5789521.228100002], [-10250893.3372, 5789536.095700003], [-10250940.5417, 5789561.184500001], [-10250989.0533, 5789597.838600002], [-10251049.0827, 5789657.726400003], [-10251071.6219, 5789676.755500004], [-10251105.9593, 5789694.476599999], [-10251138.9568, 5789703.519199997], [-10251167.654, 5789711.068400003], [-10251216.4143, 5789726.067199998], [-10251266.4493, 5789755.519000001], [-10251295.0315, 5789773.173299998], [-10251322.1418, 5789793.698399998], [-10251375.0226, 5789826.07], [-10251403.5559, 5789848.055100001], [-10251440.7232, 5789870.139200002], [-10251483.6469, 5789892.289399996], [-10251523.7585, 5789908.631499998], [-10251559.586, 5789922.036700003], [-10251585.3896, 5789930.995499998], [-10251631.3232, 5789941.628600001], [-10251636.584, 5790491.817299999], [-10252210.9994, 5790479.603600003], [-10252210.8262, 5791060.088100001], [-10252210.7504, 5791631.946400002], [-10252210.6723, 5791782.136799999], [-10252209.4477, 5792216.825499997], [-10252207.752, 5792804.626800001], [-10253390.036, 5792776.125100002], [-10253944.4608, 5792762.126199998], [-10254841.1151, 5792785.113300003], [-10255680.2424, 5792803.044200003], [-10255653.2653, 5793955.3923999965], [-10256255.9983, 5793957.667199999], [-10257113.2118, 5793961.216700003], [-10257123.8055, 5793377.7678999975], [-10259754.1657, 5793410.920000002], [-10260949.2873, 5793425.5891999975], [-10260951.6266, 5793425.617799997], [-10261102.8752, 5793418.522500001], [-10261526.2688, 5793408.462899998], [-10261528.0242, 5792816.287699997], [-10263268.823, 5792792.2146999985], [-10263255.8935, 5792217.262000002], [-10264413.3779, 5792210.1417], [-10264406.1179, 5791636.729000002], [-10265560.682, 5791635.205899999], [-10266144.3965, 5791634.450900003], [-10266423.0265, 5791634.290600002], [-10266716.5066, 5791633.544200003], [-10266726.7803, 5792208.428400002], [-10266869.2219, 5792206.926299997], [-10266940.9375, 5792206.179200001], [-10267011.6636, 5792205.421999998], [-10267306.7199, 5792201.782700002], [-10267883.8701, 5792195.0722], [-10268081.5635, 5792192.637199998], [-10268743.8809, 5792180.1875], [-10268736.3286, 5791608.221600004], [-10269617.4674, 5791587.686099999], [-10269616.9067, 5791031.7092999965], [-10270187.4567, 5791028.410499997], [-10270765.8323, 5791025.1477999985], [-10271342.7687, 5791021.833899997], [-10271913.8579, 5791018.428599998], [-10272483.1482, 5791014.969999999], [-10272763.4755, 5791013.187700003], [-10272757.1011, 5791561.879100002], [-10274859.9779, 5791576.392700002], [-10274872.2577, 5790995.9826000035], [-10275050.7596, 5790993.226899996], [-10275999.9455, 5790989.2742], [-10276579.3927, 5790986.361900002], [-10276583.1582, 5790468.191600002], [-10277737.4175, 5790435.768399999], [-10277747.4811, 5789869.939000003], [-10277724.7539, 5789305.117200002], [-10277728.002, 5788743.775200002], [-10277737.6121, 5787054.560099997], [-10277738.2461, 5786943.116899997], [-10277739.5817, 5786710.026500002], [-10277738.2106, 5786360.734200001], [-10278315.6964, 5786362.745099999], [-10278317.0433, 5785782.576700002], [-10278901.0547, 5785784.6044000015], [-10278883.6045, 5784074.4454], [-10279469.0374, 5784064.904100001], [-10279464.3152, 5783568.6435], [-10279454.2494, 5782891.773000002], [-10280025.0409, 5782893.616300002], [-10280043.8239, 5782893.771200001], [-10280044.1897, 5782331.852399997], [-10280044.5405, 5781749.7733], [-10280535.5774, 5781748.0402000025], [-10280627.347, 5781745.906499997], [-10280966.235, 5781745.0669], [-10280978.3775, 5781743.723200001], [-10281059.6335, 5781741.499499999], [-10281111.7575, 5781741.202], [-10281806.0236, 5781733.835199997], [-10281813.8118, 5782019.523900002], [-10282132.4628, 5782022.0830999985], [-10282273.6362, 5782023.213200003], [-10282386.9524, 5782024.118600003], [-10282965.497, 5782027.2761999965], [-10282966.1617, 5782309.3103], [-10282966.1448, 5782311.474100001], [-10283118.6013, 5782306.909500003], [-10283507.0155, 5782307.806100003], [-10283541.4394, 5782307.355300002], [-10283637.4212, 5782307.387100004], [-10283949.6243, 5782308.387699999], [-10284707.4978, 5782309.223099999], [-10284713.2291, 5782876.236500002], [-10285877.95, 5782886.595799997], [-10285880.7715, 5783468.050800003], [-10286466.0636, 5783471.030699998], [-10286461.7756, 5784046.698200002], [-10287634.166, 5784025.140799999], [-10288804.9339, 5784003.416000001], [-10288804.7458, 5783429.160700001], [-10288970.0788, 5783436.130500004], [-10289372.5757, 5783460.677500002], [-10289379.6227, 5782874.967600003], [-10289954.6703, 5782897.840499997], [-10289947.1029, 5782318.694600001], [-10290423.1057, 5782345.359099999], [-10290531.7241, 5782350.454700001], [-10290536.5122, 5781743.542000003], [-10290536.6853, 5781693.054799996], [-10290536.8511, 5781605.0625], [-10290537.036, 5781527.168799996], [-10290537.2808, 5781376.431000002], [-10290537.6146, 5781238.678300001], [-10290537.7098, 5781160.787100002], [-10290538.9069, 5780578.070200004], [-10290539.5667, 5780278.072800003], [-10291123.0651, 5780302.365400001], [-10291121.3568, 5780017.504699998], [-10291114.3695, 5778861.567699999], [-10291686.4575, 5778859.782300003], [-10291687.6152, 5778272.890000001], [-10292265.3653, 5778278.316200003], [-10292266.4454, 5777697.2289], [-10292335.4468, 5777694.818400003], [-10292335.0585, 5777540.5363000035], [-10292320.4611, 5776754.662199996], [-10292309.823, 5776179.3598000035], [-10292868.7398, 5776187.499300003], [-10292871.1291, 5775619.530100003], [-10294397.7392, 5775640.579599999], [-10294500.8246, 5775641.982199997], [-10296822.7731, 5775672.878399998], [-10297429.8866, 5775681.034400001], [-10297433.4893, 5776256.254900001], [-10297996.7277, 5776264.096600004], [-10298010.2027, 5776861.041599996], [-10298166.9254, 5776862.013700001], [-10299160.6459, 5776862.3451000005], [-10300086.8108, 5776865.045000002], [-10300094.5751, 5776282.646399997], [-10301261.3467, 5776289.5407000035], [-10301282.4247, 5775132.0940999985], [-10301865.7275, 5775136.922799997], [-10301879.223, 5773972.373599999], [-10301889.5057, 5773086.812200002], [-10301899.7697, 5772202.779200003], [-10302481.4537, 5772206.115599997], [-10302484.9906, 5772041.143600002], [-10302485.2842, 5772005.121200003], [-10302493.3404, 5771628.364], [-10303072.9067, 5771634.5309000015], [-10303376.5584, 5771637.678000003], [-10304822.231, 5771647.818700001], [-10305355.5858, 5771651.4234], [-10305354.3839, 5771069.311099999], [-10305930.2446, 5771073.829800002], [-10305930.3505, 5770781.3508], [-10306516.2378, 5770787.325199999], [-10306517.8436, 5769927.238899998], [-10307100.2578, 5769934.596600004], [-10308809.463, 5769954.809299998], [-10308805.1286, 5769379.994900003], [-10309363.4493, 5769389.243699998], [-10309577.5549, 5769392.456], [-10310526.6444, 5769394.173900001], [-10310526.5926, 5769103.189400002], [-10311940.8163, 5769112.734200001], [-10311941.7033, 5768080.684], [-10311942.9333, 5767715.573899999], [-10312241.5674, 5767708.310199998], [-10312241.2913, 5767768.800499998], [-10312324.3701, 5767809.509900004], [-10312387.4237, 5767834.283799998], [-10312449.0486, 5767857.610600002], [-10312500.6183, 5767882.331299998], [-10312569.4022, 5767910.011], [-10312628.1764, 5767929.002800003], [-10312685.5414, 5767942.226499997], [-10312731.4282, 5767953.957500003], [-10312791.6583, 5767968.633900002], [-10312834.6677, 5767981.791699998], [-10312874.7996, 5767996.376599997], [-10312939.2658, 5768026.9147000015], [-10312989.3958, 5768053.0669], [-10313042.4036, 5768077.791500002], [-10313085.3947, 5768095.269100003], [-10313127.0082, 5768099.777400002], [-10313203.0829, 5768102.999899998], [-10313260.5076, 5768103.257399999], [-10313303.5696, 5768104.890600003], [-10313359.5522, 5768106.581500001], [-10313411.3047, 5768090.9690999985], [-10313467.3956, 5768068.174199998], [-10313582.4987, 5768011.073899999], [-10313618.4396, 5767999.711099997], [-10313675.927, 5767985.563100003], [-10313730.524, 5767975.7228000015], [-10313775.078, 5767964.397600003], [-10313806.7117, 5767953.015000001], [-10313815.1837, 5767944.410599999], [-10313817.9678, 5767677.970399998], [-10314169.5101, 5767676.636399999], [-10314393.6538, 5767673.294500001], [-10314391.7319, 5767121.682599999], [-10314622.8594, 5767118.365500003], [-10314796.1557, 5766875.727899998], [-10314910.5796, 5766635.721000001], [-10314918.1004, 5766555.108400002], [-10315561.1337, 5766560.7267], [-10315563.5663, 5765980.4021999985], [-10316149.1419, 5765987.174599998], [-10316146.5646, 5765416.945500001], [-10316143.89, 5764825.1554000005], [-10316668.6856, 5764827.320500001], [-10316715.9539, 5764827.513999999], [-10316722.2325, 5764827.5397000015], [-10316720.1318, 5764284.741099998], [-10317865.3472, 5764269.195], [-10317864.6969, 5763704.8418999985], [-10318450.1814, 5763697.064000003], [-10318456.6403, 5763139.972400002], [-10319616.0658, 5763121.378200002], [-10319617.689, 5763071.0009], [-10320188.8144, 5763054.417599998], [-10320192.7789, 5761974.8574], [-10320769.5564, 5761962.577399999], [-10320765.8638, 5761395.480300002], [-10321342.598, 5761384.603], [-10321341.7806, 5761210.452299997], [-10321333.686, 5760256.2689], [-10321906.028, 5760249.657899998], [-10321892.8082, 5759102.746399999], [-10322475.1105, 5759097.573399998], [-10322462.8195, 5757946.497100003], [-10322456.6351, 5757369.575499997], [-10323034.513, 5757367.228799999], [-10323031.0009, 5755648.2456], [-10323030.7361, 5755500.0978000015], [-10323036.4589, 5755075.826200001], [-10323571.6706, 5755074.739299998], [-10323620.6259, 5755075.156800002], [-10323630.1832, 5754497.7535], [-10324196.3989, 5754498.169799998], [-10324202.5659, 5753918.634999998], [-10325347.8508, 5753910.7676], [-10325363.6632, 5753339.9081000015], [-10325931.533, 5753337.3596], [-10325939.3656, 5752169.834700003], [-10325364.8981, 5752167.058799997], [-10325369.164, 5751597.089100003], [-10325370.6718, 5751456.9208], [-10325370.178, 5751377.190700002], [-10325370.3858, 5751332.121200003], [-10325374.4969, 5750781.893700004], [-10325374.7295, 5750759.986400001], [-10325374.9622, 5750738.079300001], [-10325375.241, 5750711.8288], [-10325375.5203, 5750685.532899998], [-10325375.8, 5750659.287600003], [-10325376.8445, 5750576.923], [-10325376.941, 5750568.156000003], [-10325378.4369, 5750432.359399997], [-10325409.6392, 5749261.962099999], [-10325415.8687, 5748693.5436], [-10325417.7456, 5748520.366400003], [-10325417.9288, 5747531.634199999], [-10326536.5588, 5747540.778999999], [-10326541.127, 5746964.560500003], [-10327114.0048, 5746971.992899999], [-10327111.5727, 5746390.042999998], [-10327102.1572, 5744136.5999], [-10327102.367, 5744064.058200002], [-10327673.5945, 5744082.939300001], [-10327674.1394, 5744016.8631], [-10327690.0733, 5742036.2346], [-10327691.5562, 5741780.607199997], [-10328842.4245, 5741776.623499997], [-10328841.5585, 5741566.951200001], [-10328839.6911, 5741197.8816], [-10329415.0858, 5741196.552199997], [-10329416.6089, 5740617.859300002], [-10329990.701, 5740621.514899999], [-10329996.3094, 5740039.282499999], [-10330568.7635, 5740039.306599997], [-10330570.1922, 5739467.870899998], [-10331139.7512, 5739466.4152000025], [-10331142.5567, 5738902.197300002], [-10331719.231, 5738902.157399997], [-10331716.1718, 5737175.239100002], [-10332294.1654, 5737175.165100001], [-10332293.2645, 5736945.507299997], [-10332296.6223, 5736730.2183], [-10332870.2921, 5736731.531900004], [-10332875.8545, 5736164.6206], [-10334027.4319, 5736158.533500001], [-10334031.5356, 5735570.127700001], [-10336912.4115, 5735564.304899998], [-10336914.8022, 5735027.593999997], [-10337485.5355, 5735009.9485], [-10337488.1856, 5732722.101499997], [-10337488.4091, 5732514.796300001], [-10337502.4584, 5730999.985200003], [-10338075.774, 5730993.788800001], [-10338076.7143, 5728702.656900004], [-10338076.8034, 5728515.5198], [-10338076.894, 5728324.801700003], [-10338076.9518, 5728128.351899996], [-10338077.2213, 5727534.726800002], [-10338641.735, 5727531.348999999], [-10338642.6364, 5726377.907700002], [-10338643.0834, 5725789.415399998], [-10339227.4909, 5725786.032799996], [-10339227.542, 5725781.732199997], [-10339229.2484, 5725571.005199999], [-10339231.1281, 5723494.079000004], [-10339233.7934, 5720171.848899998], [-10339235.3631, 5718851.751900002], [-10339235.5311, 5718654.076099999], [-10339203.5358, 5712506.749600001], [-10338053.583, 5712507.771700002], [-10338058.708, 5711971.0053], [-10338058.7645, 5711963.8486], [-10336753.4105, 5711945.835000001], [-10335746.5674, 5711938.229099996], [-10335165.9297, 5711934.230099998], [-10335038.4667, 5711934.691100001], [-10334924.4691, 5711934.4619999975], [-10334802.4049, 5711932.7836000025], [-10334594.9253, 5711928.781499997], [-10334591.9089, 5711485.067900002], [-10334591.6044, 5711458.588600002], [-10334590.3948, 5711353.387999997], [-10334412.0763, 5711353.019900002], [-10330557.5935, 5711325.5847999975], [-10330554.7389, 5711898.097199999], [-10329397.778, 5711880.807499997], [-10329395.6114, 5712162.780299999], [-10328244.4921, 5712149.649700001], [-10327676.3854, 5712140.902599998], [-10327498.1896, 5712138.964900002], [-10325381.0861, 5712109.775200002], [-10325377.4181, 5711823.493199997], [-10325369.4542, 5711252.385600001], [-10324784.594, 5711244.833999999], [-10324771.9909, 5710715.251199998], [-10324609.7118, 5710607.401100002], [-10324474.5615, 5710492.480300002], [-10324444.679, 5710469.487000003], [-10324417.6358, 5710450.795999996], [-10324377.7732, 5710426.339400001], [-10324352.1568, 5710407.652999997], [-10324329.3887, 5710390.4065999985], [-10324205.7254, 5710254.055100001], [-10324196.2447, 5710096.607000001], [-10323624.2868, 5710089.020499997], [-10323607.5213, 5709545.180600002], [-10323034.1489, 5709544.707000002], [-10323022.0607, 5708464.3495000005], [-10322799.5866, 5708463.600299999], [-10322459.0545, 5708463.158299997], [-10321888.3089, 5708457.612199999], [-10321896.7918, 5707873.180299997], [-10321905.145, 5707300.230599999], [-10321330.495, 5707298.2124999985], [-10321377.2458, 5705001.821800001], [-10321400.9847, 5703836.328299999], [-10321403.9222, 5703684.753200002], [-10321404.4243, 5703541.751999997], [-10321408.6351, 5703408.061300002], [-10321413.1212, 5703259.358599998], [-10321125.2377, 5703251.187200002], [-10321140.0698, 5702684.989200003], [-10320865.0266, 5702678.285499997], [-10320867.1052, 5702495.2700999975], [-10320872.7432, 5702113.527999997], [-10320867.4411, 5702114.2238000035], [-10320301.2901, 5702107.167300001], [-10320300.4551, 5701552.422799997], [-10319723.3274, 5701548.864], [-10319726.0101, 5700955.567400001], [-10319165.5357, 5700950.6052], [-10319169.0562, 5700546.763599999], [-10319170.3861, 5700393.093699999], [-10319175.444, 5699812.746100001], [-10319175.5099, 5699807.028700002], [-10318602.7527, 5699807.703000002], [-10318601.8495, 5699599.7201000005], [-10318600.2297, 5699240.228100002], [-10318598.9138, 5698941.496299997], [-10318595.9756, 5698941.485100001], [-10318301.1716, 5698940.346199997], [-10318300.1679, 5698097.1000000015], [-10318300.1452, 5698091.383299999], [-10318020.955, 5698088.866700001], [-10318020.3901, 5697865.919], [-10318011.7751, 5697514.328400001], [-10317437.7905, 5697502.0616], [-10317434.0306, 5696644.649300002], [-10317150.6186, 5696640.6602], [-10317151.7818, 5696346.310800001], [-10316864.1069, 5696342.295699999], [-10316869.2291, 5695771.497000001], [-10316869.2433, 5695767.925099999], [-10316295.3435, 5695762.731399998], [-10316292.9139, 5695483.397699997], [-10316290.4901, 5695202.644000001], [-10316290.5074, 5695198.358000003], [-10315905.5922, 5695193.913099997], [-10315719.4983, 5695191.710900001], [-10315720.6201, 5694918.838299997], [-10315720.6437, 5694913.123899996], [-10315293.9182, 5694907.049699999], [-10315140.8485, 5694904.974600002], [-10314276.8094, 5694892.704599999], [-10314277.0449, 5694608.408699997], [-10314276.2328, 5694027.695900001], [-10314166.8779, 5694024.364799999], [-10314061.6995, 5694022.4793], [-10313709.5995, 5694014.511699997], [-10313714.5527, 5693590.2754999995], [-10313715.2152, 5693437.4362], [-10313423.116, 5693429.006899998], [-10313422.1787, 5693317.5867], [-10313421.6708, 5693209.740900002], [-10313421.0392, 5693028.335100003], [-10313421.0749, 5692999.768200003], [-10313421.2958, 5692867.647699997], [-10313379.8388, 5692866.035899997], [-10313259.0204, 5692862.6435], [-10313261.232, 5692378.462700002], [-10313262.9361, 5692294.203699999], [-10312886.1549, 5692289.666199997], [-10312843.0038, 5692289.472599998], [-10312839.0688, 5691892.413400002], [-10312852.0382, 5691856.767300002], [-10312865.0012, 5691822.549400002], [-10312878.0021, 5691779.762900002], [-10312888.2001, 5691726.9668999985], [-10312894.1404, 5691671.295900002], [-10312900.0615, 5691619.909400001], [-10312901.6367, 5691585.641400002], [-10312897.5243, 5691549.9199], [-10312892.1213, 5691484.202200003], [-10312882.486, 5691409.897600003], [-10312878.3927, 5691369.8926], [-10312872.9077, 5691322.740999997], [-10312867.4544, 5691268.449500002], [-10312864.8859, 5691205.6027000025], [-10312860.8118, 5691161.314499997], [-10312855.3207, 5691115.592100002], [-10312849.855, 5691064.157700002], [-10312850.1016, 5691008.4651999995], [-10312847.4889, 5690955.616400003], [-10312846.2618, 5690911.342200004], [-10312846.4831, 5690861.362499997], [-10312849.6207, 5690795.688199997], [-10312852.6381, 5690757.145900004], [-10312855.6933, 5690710.035700001], [-10312864.5238, 5690644.387999997], [-10312867.5411, 5690605.846199997], [-10312874.9482, 5690540.193000004], [-10312885.1889, 5690477.408799998], [-10312896.853, 5690414.631399997], [-10312905.6513, 5690356.125299998], [-10312921.5847, 5690293.367799997], [-10312950.4655, 5690199.254699998], [-10312966.3541, 5690146.493299998], [-10312987.9794, 5690083.762599997], [-10313012.4381, 5690023.900600001], [-10313052.7527, 5689918.418200001], [-10313077.2168, 5689857.129299998], [-10313095.9253, 5689810.093599997], [-10313114.646, 5689760.202600002], [-10313124.8026, 5689715.984899998], [-10313146.4194, 5689654.684600003], [-10313168.0612, 5689587.673500001], [-10313186.8813, 5689514.939199999], [-10313198.5732, 5689445.029200003], [-10313211.688, 5689375.126199998], [-10313220.4833, 5689316.626400001], [-10313233.6165, 5689242.441100001], [-10313242.4116, 5689183.942299999], [-10313251.319, 5689099.745099999], [-10313257.3053, 5689032.668499999], [-10313261.8935, 5688959.875200003], [-10313263.5104, 5688915.623300001], [-10313267.8794, 5688892.799500003], [-10313338.3025, 5688896.6809], [-10313361.7728, 5688898.9265], [-10313361.2655, 5688709.755599998], [-10313361.2264, 5688698.333999999], [-10313361.1635, 5688675.055699997], [-10313360.7162, 5688509.881099999], [-10313360.641, 5688487.038599998], [-10313359.9904, 5688289.309799999], [-10313359.9827, 5688270.751000002], [-10313359.4973, 5688117.282700002], [-10313359.4038, 5688098.009999998], [-10313359.0072, 5687944.545000002], [-10313358.9261, 5687922.4177], [-10313358.5266, 5687769.669399999], [-10313358.4361, 5687749.683700003], [-10313357.8525, 5687557.681500003], [-10313357.8478, 5687538.4103000015], [-10313357.8025, 5687528.4177], [-10313346.8649, 5687528.369199999], [-10313326.6822, 5687527.566200003], [-10313272.4416, 5687526.611900002], [-10313272.0111, 5687387.855599999], [-10313271.8148, 5687324.622100003], [-10313271.7041, 5687288.9353], [-10313271.5019, 5687213.2798999995], [-10313271.4211, 5687191.154200003], [-10313270.3491, 5686847.144500002], [-10313270.15, 5686770.779100001], [-10313270.0894, 5686764.355700001], [-10313196.1107, 5686764.0271999985], [-10313196.9406, 5686574.906900004], [-10313197.0627, 5686547.0744], [-10313249.7064, 5686545.880900003], [-10313250.0567, 5686465.952200003], [-10313268.5507, 5686466.0342999995], [-10313267.6734, 5686361.836800002], [-10313267.5004, 5686340.4265], [-10313266.6619, 5686247.648699999], [-10313335.5715, 5686247.240500003], [-10313360.292, 5686246.636299998], [-10313360.1231, 5686041.108999997], [-10313462.6421, 5686040.134900004], [-10313535.0672, 5686039.446000002], [-10313567.317, 5686039.138999999], [-10313567.0236, 5686119.371200003], [-10313566.8744, 5686160.197300002], [-10313565.3274, 5686303.310999997], [-10313564.1253, 5686414.5261999965], [-10313563.4598, 5686476.090599999], [-10313527.4077, 5686614.504600003], [-10313633.4246, 5686617.5154], [-10313980.6447, 5686617.607500002], [-10313954.4492, 5687683.7815999985], [-10313939.4515, 5688296.139300004], [-10313925.4488, 5688862.856399998], [-10314005.2575, 5691152.0933], [-10314005.2084, 5691163.517499998], [-10314004.2305, 5691721.9021999985], [-10314232.3327, 5691724.321400002], [-10314312.2241, 5691724.667000003], [-10314451.1826, 5691726.694799997], [-10314485.3152, 5691733.982500002], [-10314499.4952, 5691746.897], [-10314543.4226, 5691794.214900002], [-10314574.5754, 5691832.909100004], [-10314615.6324, 5691885.927599996], [-10314672.2698, 5691957.579300001], [-10314693.4954, 5691987.662199996], [-10314730.3436, 5692026.381099999], [-10314785.6255, 5692082.317199998], [-10314840.9381, 5692131.112300001], [-10314884.9171, 5692167.005099997], [-10314933.1431, 5692208.628799997], [-10315001.2632, 5692258.906300001], [-10315067.9366, 5692314.890500002], [-10315079.909, 5692324.2249], [-10315127.5288, 5692362.2749999985], [-10315188.5512, 5692408.237199999], [-10315272.2443, 5692480.0035], [-10315354.5449, 5692544.622400001], [-10315391.4396, 5692573.343099996], [-10315438.2644, 5692610.6752], [-10315462.3946, 5692627.916000001], [-10315507.8139, 5692660.957199998], [-10315531.5973, 5692676.053900003], [-10315537.6329, 5692679.649800003], [-10315577.4114, 5692699.8125], [-10315631.4262, 5692720.034500003], [-10315677.104, 5692733.794], [-10315688.3002, 5692737.411499999], [-10315743.7215, 5692761.923600003], [-10315787.7835, 5692779.246699996], [-10315820.474, 5692792.237499997], [-10315858.8535, 5692806.680100001], [-10315908.6336, 5692818.313100003], [-10315955.5434, 5692835.647100002], [-10316002.465, 5692850.124499999], [-10316065.0352, 5692867.5229], [-10316107.6339, 5692894.8369999975], [-10316132.4866, 5692909.936999999], [-10316155.9216, 5692923.602600001], [-10316175.0742, 5692940.1074], [-10316198.4862, 5692959.486299999], [-10316223.973, 5692993.871399999], [-10316245.2237, 5693019.669], [-10316260.7566, 5693051.1567], [-10316267.7768, 5693075.467699997], [-10316273.3847, 5693096.916199997], [-10316276.1337, 5693121.209600002], [-10316277.4879, 5693138.355700001], [-10316280.2139, 5693168.3627], [-10316279.867, 5693254.064400002], [-10316282.4715, 5693314.067699999], [-10316285.082, 5693372.642999999], [-10316285.027, 5693386.212700002], [-10316284.8276, 5693435.492299996], [-10316288.0886, 5693531.2104], [-10316288.051, 5693540.494999997], [-10316300.9727, 5693579.8301], [-10316323.8257, 5693649.917800002], [-10316347.8564, 5693692.869999997], [-10316373.2939, 5693740.113399997], [-10316410.0184, 5693813.115800001], [-10316413.3767, 5693818.8434000015], [-10316449.6253, 5693877.559500001], [-10316486.3624, 5693947.705700003], [-10316524.6329, 5693990.717], [-10316589.8589, 5694058.122699998], [-10316638.6283, 5694101.890900001], [-10316656.5384, 5694118.3917], [-10316724.6312, 5694181.523500003], [-10316778.5492, 5694228.883699998], [-10316875.0442, 5694311.4155], [-10317073.6644, 5694494.358099997], [-10317167.303, 5694580.4494], [-10317217.3848, 5694631.365199998], [-10317252.4167, 5694662.220299996], [-10317300.6615, 5694705.271499999], [-10317350.3139, 5694752.614100002], [-10317361.3507, 5694763.774899997], [-10317424.0673, 5694827.196500003], [-10317440.6538, 5694841.548900001], [-10317459.5485, 5694857.339100003], [-10317494.2235, 5694888.906900004], [-10317504.953, 5694898.950000003], [-10317563.1514, 5694946.326300003], [-10317615.6655, 5694990.822700001], [-10317666.7062, 5695048.171099998], [-10317692.7746, 5695073.276100002], [-10317717.7806, 5695096.947700001], [-10317724.8629, 5695105.616700001], [-10317751.8177, 5695132.799000002], [-10317794.3604, 5695178.684600003], [-10317821.2836, 5695213.079300001], [-10317836.859, 5695235.999799997], [-10317866.603, 5695277.549099997], [-10317890.651, 5695319.076300003], [-10317907.6123, 5695352.0035], [-10317923.1496, 5695384.924900003], [-10317950.0408, 5695427.892300002], [-10317976.9212, 5695473.717299998], [-10317993.9216, 5695496.643600002], [-10318025.1077, 5695533.913099997], [-10318052.0327, 5695568.308399998], [-10318074.7464, 5695586.970899999], [-10318118.7717, 5695618.575400002], [-10318171.3146, 5695657.356899999], [-10318242.2724, 5695721.927699998], [-10318583.9953, 5696126.174000002], [-10318783.8682, 5696362.703199998], [-10318711.5822, 5696364.569799997], [-10319157.7193, 5696937.125399999], [-10319168.3753, 5697517.347900003], [-10319249.8572, 5697822.051899999], [-10319315.7424, 5698116.960199997], [-10319608.5605, 5698662.568400003], [-10320035.282, 5699238.485200003], [-10320135.0128, 5699237.422799997], [-10320326.7077, 5699809.8785], [-10320397.9448, 5699810.138499998], [-10320894.5583, 5700390.8719], [-10320939.4825, 5700391.747900002], [-10320956.8453, 5700392.524800003], [-10321005.9576, 5700392.700599998], [-10321467.3181, 5700400.056900002], [-10321456.766, 5700973.275799997], [-10322032.564, 5700977.430200003], [-10322609.5203, 5700981.555299997], [-10322600.4428, 5701559.821199998], [-10322593.2345, 5702138.130400002], [-10323164.2604, 5702140.053300001], [-10323158.6673, 5702537.5266999975], [-10323156.6589, 5702713.394400001], [-10323156.6072, 5702715.538999997], [-10323038.2531, 5706600.266800001], [-10323022.6172, 5707013.638999999], [-10323446.0728, 5707011.4727], [-10323600.1108, 5707012.695900001], [-10323599.035, 5707300.956500001], [-10323597.2786, 5707783.795699999], [-10323680.5284, 5707877.779799998], [-10324173.4187, 5707872.944899999], [-10324177.5091, 5708376.5801], [-10324355.3619, 5708505.9234], [-10324618.8924, 5708602.628700003], [-10324760.9943, 5708766.193700001], [-10324757.9172, 5708837.7267], [-10325334.1217, 5708826.649899997], [-10325339.1353, 5709051.3125], [-10326214.7719, 5709544.786200002], [-10326490.0136, 5709554.191799998], [-10326502.3861, 5710120.195500001], [-10326506.2615, 5710302.669100001], [-10326843.0972, 5710614.212099999], [-10327108.3851, 5710763.823600002], [-10327290.8356, 5710811.578299999], [-10327499.1471, 5710795.000500001], [-10327516.451, 5710729.216200002], [-10327590.6261, 5710729.427199997], [-10327591.7292, 5710843.923699997], [-10327673.0376, 5710844.154299997], [-10327675.8945, 5710842.7311], [-10327676.2773, 5710706.771499999], [-10328299.632, 5710708.5141], [-10328819.7377, 5710382.206], [-10328821.8256, 5710136.065200001], [-10329403.7805, 5710136.187200002], [-10329401.0481, 5710090.386], [-10329533.9144, 5710007.734499998], [-10329763.6979, 5709952.5233], [-10329972.2522, 5709831.424999997], [-10329971.4741, 5709578.136699997], [-10334399.9251, 5709638.5101], [-10334579.6417, 5709636.019199997], [-10334584.159, 5710217.027500004], [-10336867.7937, 5710211.408399999], [-10336864.9062, 5709882.261200003], [-10336864.6124, 5709847.200599998], [-10336861.6816, 5709641.846299998], [-10336900.1963, 5709639.053499997], [-10337451.2798, 5710153.764300004], [-10337451.1786, 5710212.438100003], [-10338030.2773, 5710217.715599999], [-10338031.566, 5710300.720700003], [-10338417.7318, 5710538.920599997], [-10338604.5222, 5710583.587099999], [-10339183.341, 5710787.719899997], [-10339193.8219, 5711396.003600001], [-10339878.5804, 5711389.873400003], [-10340357.3044, 5711818.518200003], [-10340355.6652, 5711970.238499999], [-10340499.7549, 5711971.871299997], [-10340934.4243, 5712315.997599997], [-10340971.5773, 5718698.111299999], [-10340969.0688, 5718872.865699999], [-10340949.4392, 5722343.626800001], [-10340946.229, 5722911.110699996], [-10340943.0695, 5723471.464299999], [-10340936.5293, 5724623.093199998], [-10340642.2258, 5724621.259099998], [-10340644.2954, 5725196.060599998], [-10340362.8239, 5725199.968599997], [-10340363.1333, 5725265.908500001], [-10340370.8571, 5725776.249200001], [-10340379.7681, 5726364.037199996], [-10340559.8172, 5726362.8552], [-10340450.4089, 5726943.347599998], [-10340386.0982, 5726946.124700002], [-10340391.4152, 5727231.450499997], [-10339815.4882, 5727234.922700003], [-10339816.1232, 5728693.199500002], [-10339816.1711, 5728751.994499996], [-10339816.1629, 5728818.676799998], [-10339816.1985, 5728885.359899998], [-10339816.2345, 5728952.760300003], [-10339816.3075, 5729147.077200003], [-10339816.3482, 5729208.743299998], [-10339816.3908, 5729273.277900003], [-10339817.1339, 5730993.656199999], [-10339238.1073, 5730995.653099999], [-10339244.3994, 5732491.8478000015], [-10339241.9867, 5732696.280000001], [-10339208.219, 5735573.885300003], [-10338631.7634, 5735571.5418], [-10338629.4046, 5736152.777000003], [-10338060.0571, 5736154.713200003], [-10338062.663, 5736308.285899997], [-10337751.5071, 5736738.3389], [-10336911.7436, 5736736.865099996], [-10336912.3728, 5737184.690200001], [-10336514.6376, 5737188.270499997], [-10336328.6554, 5737185.054200001], [-10336316.1227, 5737770.680200003], [-10336115.9943, 5737770.3037], [-10335171.5209, 5737762.7245000005], [-10335163.2213, 5738339.781499997], [-10334019.9757, 5738333.114799999], [-10334011.592, 5738914.513999999], [-10333446.3705, 5738911.856600001], [-10333442.267, 5739481.816], [-10332292.434, 5739476.347199999], [-10332290.3933, 5740050.654200003], [-10332290.5085, 5740620.696699999], [-10331715.1579, 5740619.340800002], [-10331713.7942, 5741193.726199999], [-10331144.1249, 5741195.218699999], [-10331139.8579, 5741771.069899999], [-10330691.8248, 5741771.395199999], [-10330562.9983, 5741771.071699999], [-10330555.7802, 5742367.058799997], [-10329901.5736, 5742369.694799997], [-10329874.3084, 5742395.475900002], [-10329834.1521, 5742424.095700003], [-10329786.7858, 5742472.803900003], [-10329755.2104, 5742504.318499997], [-10329729.3797, 5742528.6669000015], [-10329682.0346, 5742568.7575], [-10329630.361, 5742621.763099998], [-10329615.9855, 5742644.7053999975], [-10329585.8142, 5742686.277500004], [-10329551.3406, 5742730.7108], [-10329511.1477, 5742772.2566], [-10329472.3521, 5742826.7326000035], [-10329439.3013, 5742874.042599998], [-10329400.5087, 5742927.0825999975], [-10329383.2538, 5742955.762699999], [-10329348.7401, 5743014.559699997], [-10329318.5283, 5743070.4956], [-10329269.5796, 5743173.7808], [-10329232.1744, 5743242.625399999], [-10329203.3852, 5743301.438900001], [-10329188.9846, 5743333.000200003], [-10329167.3951, 5743376.033299997], [-10329148.6574, 5743423.383400001], [-10329128.4877, 5743470.729800001], [-10329111.2004, 5743510.9023], [-10329095.3483, 5743549.6423999965], [-10329086.6509, 5743589.838100001], [-10329076.5216, 5743630.030199997], [-10329060.6347, 5743681.698399998], [-10329041.8302, 5743753.468900003], [-10329035.9997, 5743792.236900002], [-10329012.7919, 5743904.216799997], [-10328999.7523, 5743961.639899999], [-10328993.9097, 5744004.718099996], [-10328982.3132, 5744057.836300001], [-10328973.58, 5744110.9624999985], [-10328969.2114, 5744138.244000003], [-10328826.0505, 5744131.392200001], [-10328824.4117, 5744241.279700004], [-10328823.1202, 5744703.124600001], [-10328814.1841, 5746404.889399998], [-10328238.4688, 5746400.432999998], [-10328229.528, 5747561.458499998], [-10327713.7235, 5747554.978699997], [-10327655.179, 5747554.093599997], [-10327654.9105, 5747648.937799998], [-10327651.9069, 5748709.534900002], [-10327111.5006, 5748704.386500001], [-10327109.1048, 5748913.497500002], [-10327109.031, 5748923.5581], [-10327107.1972, 5749062.2487], [-10327105.4164, 5749198.067299999], [-10327104.5004, 5749267.055200003], [-10326813.8668, 5749264.049000002], [-10326799.1377, 5749264.005500004], [-10326540.0622, 5749262.520400003], [-10326532.4096, 5750396.605999999], [-10327091.1927, 5750399.687700003], [-10327083.7533, 5751004.869999997], [-10327629.6341, 5751007.8803], [-10327628.0219, 5751592.2742], [-10327629.7169, 5751705.137699999], [-10327629.5518, 5751779.179099999], [-10327629.9139, 5753325.571699999], [-10327630.0293, 5753900.773800001], [-10327052.1093, 5753902.702799998], [-10327056.4408, 5754478.6734], [-10326488.7841, 5754481.314900003], [-10326482.7524, 5755065.202399999], [-10325912.1953, 5755066.360299997], [-10325906.6569, 5755474.812200002], [-10325901.8853, 5755630.135899998], [-10325057.8925, 5755638.312700003], [-10325051.3605, 5756208.608000003], [-10324188.2332, 5756214.4811], [-10324184.5188, 5757366.719400004], [-10324769.5524, 5757368.598700002], [-10324775.1696, 5759676.439300001], [-10324195.713, 5759677.456299998], [-10324216.9966, 5761084.955700003], [-10323643.1818, 5761087.394100003], [-10323645.8003, 5761163.6809], [-10323646.6153, 5761352.222900003], [-10323165.1627, 5761359.253200002], [-10323089.6201, 5761360.438199997], [-10323073.7033, 5761361.1043], [-10323076.5695, 5761937.551100001], [-10322496.9466, 5761944.214000002], [-10322500.2575, 5763075.619000003], [-10321927.7247, 5763085.1489999965], [-10321930.9635, 5764216.697899997], [-10320778.5955, 5764229.864399999], [-10320777.9894, 5764795.685400002], [-10320186.6729, 5764809.355899997], [-10320183.1535, 5765376.6426], [-10319029.2045, 5765388.137400001], [-10319031.3194, 5765964.121799998], [-10317304.5829, 5765981.820500001], [-10317308.6368, 5767122.381399997], [-10316724.4445, 5767109.929700002], [-10316725.0456, 5767668.736100003], [-10316545.0753, 5767665.117600001], [-10316150.8615, 5767657.7271], [-10316151.3018, 5768246.814400002], [-10315566.9895, 5768245.8072], [-10315573.2007, 5768819.112599999], [-10313808.7553, 5768836.696099997], [-10313373.5263, 5768839.802900001], [-10313371.9562, 5769415.9943], [-10313368.7125, 5770571.369199999], [-10312803.283, 5770568.822800003], [-10311677.2787, 5770562.203900002], [-10311108.9752, 5770560.256399997], [-10309383.8052, 5770549.7729], [-10309379.0748, 5770636.193499997], [-10308992.4953, 5770693.352799997], [-10308809.4855, 5770820.6696000025], [-10308259.7395, 5771052.759400003], [-10307699.4193, 5771098.9001], [-10307097.1567, 5771480.506099999], [-10307095.2143, 5772137.559], [-10307056.339, 5772156.090400003], [-10307014.6059, 5772171.724699996], [-10306952.7502, 5772190.136200003], [-10306903.8428, 5772204.2918], [-10306856.3493, 5772222.777599998], [-10306805.9457, 5772248.4529], [-10305931.3024, 5772235.203299999], [-10305931.3779, 5771948.450000003], [-10305367.1029, 5772184.635200001], [-10305096.2126, 5772346.007700004], [-10305054.4673, 5772363.074199997], [-10304979.6409, 5772388.607199997], [-10304916.3121, 5772412.761100002], [-10304873.099, 5772435.582800001], [-10304809.7229, 5772468.382100001], [-10304734.8014, 5772511.2053999975], [-10304646.9132, 5772561.162600003], [-10304537.3932, 5772626.8527000025], [-10304461.0405, 5772668.225599997], [-10304378.9026, 5772716.771399997], [-10304311.1587, 5772759.631800003], [-10304217.4809, 5772816.759800002], [-10304070.2692, 5772944.205799997], [-10303767.6259, 5773384.960900001], [-10303634.0283, 5773385.6586000025], [-10303625.2593, 5773980.8376], [-10303599.5668, 5775719.043799996], [-10303023.4084, 5775714.369599998], [-10303015.7873, 5776305.384199999], [-10302438.1711, 5776297.780100003], [-10302429.1471, 5776875.849100001], [-10301841.4025, 5776873.9147000015], [-10301829.4716, 5777701.444600001], [-10300972.8691, 5777707.987599999], [-10300960.8403, 5778291.896399997], [-10300387.2992, 5778302.926299997], [-10299272.0233, 5778293.3440999985], [-10299031.1206, 5778289.715800002], [-10298739.6324, 5778287.933899999], [-10298191.2443, 5778283.8347999975], [-10298020.9329, 5778282.778700002], [-10297942.6128, 5778280.8500000015], [-10297451.6821, 5777950.4617], [-10296886.6245, 5777758.008699998], [-10296310.661, 5777702.430500001], [-10294915.1528, 5777702.032799996], [-10293752.452, 5777920.702600002], [-10293717.7685, 5777949.308700003], [-10293670.1312, 5777980.711599998], [-10293613.8034, 5778022.149599999], [-10293570.4192, 5778062.232500002], [-10293522.7519, 5778097.960600004], [-10293467.8886, 5778135.0823], [-10293418.7352, 5778178.009999998], [-10293372.4171, 5778226.7245000005], [-10293318.8932, 5778278.2744999975], [-10293270.9728, 5778351.491899997], [-10293238.9482, 5778411.839100003], [-10293214.1674, 5778463.5836], [-10293187.9587, 5778513.876599997], [-10293163.216, 5778559.853600003], [-10293132.6755, 5778613.001800001], [-10293094.8806, 5778676.195299998], [-10293065.8153, 5778723.585699998], [-10293043.9265, 5778772.4668999985], [-10292995.8559, 5778867.316799998], [-10292849.2501, 5778866.3213], [-10292851.3555, 5779193.690200001], [-10292825.1912, 5779236.775899999], [-10292793.2577, 5779282.706799999], [-10292764.2181, 5779325.773199998], [-10292740.9959, 5779358.7842999995], [-10292707.6144, 5779406.147699997], [-10292677.0976, 5779454.972999997], [-10292659.5758, 5779495.234099999], [-10292639.1104, 5779545.5704], [-10292618.6646, 5779593.022600003], [-10292598.2965, 5779628.938299999], [-10292582.2602, 5779661.9991], [-10292560.3665, 5779710.884300001], [-10292537.0937, 5779751.106899999], [-10292510.848, 5779805.731600001], [-10292477.3266, 5779873.286700003], [-10292455.4319, 5779922.172700003], [-10292442.2695, 5779955.254100002], [-10292408.7273, 5780025.694399998], [-10292277.8957, 5780027.681999996], [-10292281.5541, 5781181.583499998], [-10291693.4831, 5781186.182099998], [-10291693.4683, 5781188.345700003], [-10291697.0001, 5782350.3314], [-10291544.5662, 5782352.158799998], [-10291543.1982, 5782355.034500003], [-10291521.2229, 5782401.046099998], [-10291493.5456, 5782452.788599998], [-10291468.6745, 5782514.649599999], [-10291445.2906, 5782569.307899997], [-10291417.5429, 5782631.1494999975], [-10291397.1337, 5782671.4023], [-10291375.2564, 5782715.973099999], [-10291348.9656, 5782774.940300003], [-10291322.7343, 5782825.251900002], [-10291299.3387, 5782881.3543], [-10291275.9726, 5782933.129199997], [-10291267.1654, 5782959.036700003], [-10291253.8848, 5783007.9969], [-10291240.614, 5783055.5145], [-10291225.8551, 5783110.235799998], [-10291218.4457, 5783141.924599998], [-10291211.0064, 5783177.941600002], [-10291197.9047, 5783200.934299998], [-10291181.9169, 5783225.3495000005], [-10291162.9932, 5783258.400899999], [-10291146.9952, 5783284.259099998], [-10291117.9651, 5783323.011200003], [-10291118.0192, 5783535.8248], [-10291118.212, 5783988.161399998], [-10291118.2114, 5784118.022500001], [-10290532.156, 5784089.372900002], [-10290532.2309, 5784091.537799999], [-10290532.7807, 5784154.308499999], [-10290530.3869, 5784676.643399999], [-10290372.9701, 5784665.429099999], [-10290330.5623, 5784662.242600001], [-10290238.8201, 5784656.541599996], [-10290086.1531, 5784647.520199999], [-10290005.6424, 5784642.618100002], [-10289953.4318, 5784640.081600003], [-10289790.6977, 5784630.983499996], [-10289651.8592, 5784624.218000002], [-10289559.933, 5784619.229999997], [-10289405.2949, 5784609.461300001], [-10289237.893, 5784599.597900003], [-10288954.6659, 5784583.121399999], [-10288925.7267, 5784582.190200001], [-10288833.7012, 5784578.637000002], [-10288803.6834, 5784577.697800003], [-10288803.0872, 5784660.665600002], [-10288805.1433, 5785175.125299998], [-10288215.1695, 5785182.367299996], [-10288014.6776, 5785184.503799997], [-10287975.2984, 5785184.935999997], [-10287631.403, 5785188.894400001], [-10286454.6035, 5785202.484399997], [-10286455.121, 5784686.5986], [-10286454.4141, 5784672.8847], [-10286456.081, 5784618.063299999], [-10286339.13, 5784617.903999999], [-10286293.551, 5784618.2817], [-10285309.7418, 5784619.463600002], [-10285306.9141, 5784043.7051], [-10283559.5136, 5784040.256300002], [-10283556.872, 5783466.699900001], [-10283556.8213, 5783461.649599999], [-10283139.7478, 5783464.135899998], [-10282974.5314, 5783465.714900002], [-10281814.4967, 5783467.273900002], [-10281642.4613, 5783467.3301], [-10281589.3384, 5783467.622699998], [-10281231.1512, 5783468.329999998], [-10280620.1181, 5783469.8423999995], [-10280636.6503, 5784624.302100003], [-10280059.8695, 5784626.777999997], [-10280059.918, 5784631.828900002], [-10280068.4201, 5786749.752400003], [-10280069.7483, 5786950.390100002], [-10280077.4541, 5788109.558200002], [-10279501.9458, 5788104.791699998], [-10279489.8204, 5790450.784500003], [-10278894.0492, 5790441.4771], [-10278884.947, 5791017.550700001], [-10278343.1404, 5791005.048], [-10278310.7637, 5791004.052500002], [-10278310.3226, 5791056.755999997], [-10278305.9167, 5791583.085900001], [-10277715.829, 5791573.746100001], [-10277709.1227, 5791856.741300002], [-10277153.5747, 5791846.213799998], [-10277151.1195, 5792135.030500002], [-10276888.4669, 5792138.548900001], [-10276845.2907, 5792137.454700001], [-10276573.102, 5792140.8816], [-10275992.2177, 5792145.2258], [-10275990.135, 5792720.023400001], [-10275019.8333, 5792720.179099999], [-10274846.7077, 5792721.538099997], [-10274152.3929, 5792728.368299998], [-10274150.2336, 5792728.348999999], [-10274137.4946, 5793355.0876], [-10273683.9425, 5793359.693899997], [-10273690.9811, 5792730.015900001], [-10273105.6566, 5792733.408399999], [-10272494.4978, 5792737.971000001], [-10271914.841, 5792741.336300001], [-10271347.1499, 5792744.7739999965], [-10271341.0811, 5792149.680699997], [-10270518.2207, 5792158.645999998], [-10269904.2926, 5792165.169299997], [-10269904.2657, 5792168.057499997], [-10269904.5478, 5792755.877300002], [-10269628.1109, 5792759.050300002], [-10269027.7144, 5792766.368100002], [-10269028.6632, 5792770.710199997], [-10269030.4711, 5792779.393200003], [-10269034.5993, 5792799.6526999995], [-10269035.8621, 5792818.441], [-10269039.9632, 5792841.589100003], [-10269044.0099, 5792870.5141], [-10269046.6444, 5792896.537199996], [-10269046.4268, 5792919.644500002], [-10269044.6745, 5792952.847900003], [-10269044.4299, 5792978.843800001], [-10269042.7999, 5792999.0493], [-10269041.1293, 5793023.5874999985], [-10269037.7606, 5793075.552699998], [-10269033.1972, 5793101.508100003], [-10269028.5521, 5793136.129100002], [-10269021.0684, 5793166.390000001], [-10269013.6121, 5793193.762599997], [-10269007.6088, 5793219.704700001], [-10269000.2204, 5793239.8561], [-10268992.8047, 5793262.896200001], [-10268979.4944, 5793300.324299999], [-10268970.6254, 5793324.795000002], [-10268960.2895, 5793352.140699998], [-10268950.2439, 5793377.3226], [-10268949.9672, 5793378.042199999], [-10268713.523, 5793955.024700001], [-10268490.9581, 5794498.222499996], [-10268466.5429, 5794557.940300003], [-10268313.5487, 5794557.923100002], [-10268123.853, 5794556.106799997], [-10267906.7801, 5794556.190399997], [-10266165.818, 5794553.733999997], [-10262711.165, 5794548.7914], [-10262699.4954, 5795132.312200002], [-10261532.8888, 5795149.228699997], [-10261526.9303, 5795729.956600003], [-10260945.5524, 5795731.153300002], [-10260363.2747, 5795732.302199997], [-10260365.8947, 5796311.712099999], [-10259763.9137, 5796308.280599996], [-10259766.1646, 5797470.071699999], [-10258866.0184, 5797459.096900001], [-10258851.4698, 5798018.204099998], [-10258560.52, 5798015.103500001], [-10257991.5997, 5798007.567900002], [-10257987.0011, 5798574.041199997], [-10256853.3354, 5798566.129699998], [-10256850.1956, 5798723.630000003], [-10256842.8859, 5799134.0198], [-10256560.1841, 5799130.942400001], [-10256498.5499, 5803225.876800001], [-10256497.3438, 5803303.9485], [-10256489.7299, 5803807.095399998], [-10256199.6105, 5803809.708400004], [-10256162.2727, 5805553.471600004], [-10255610.1092, 5805551.744999997], [-10255611.9664, 5805777.404700004], [-10255619.6874, 5806126.084399998], [-10255083.2833, 5806130.2842999995], [-10255095.6013, 5806706.138499998], [-10255108.0448, 5807287.817699999], [-10254534.2111, 5807279.996799998], [-10254546.6828, 5807871.8418999985], [-10254558.7749, 5808449.2535], [-10253974.7085, 5808447.068599999], [-10253988.4441, 5809027.430500001], [-10253407.1112, 5809035.366999999], [-10253416.4028, 5809622.953299999], [-10252837.8663, 5809635.2255000025], [-10252850.0214, 5810221.437100001], [-10252271.4211, 5810235.8429000005], [-10251688.4759, 5810251.608099997], [-10251686.4499, 5810429.585900001], [-10251677.6418, 5810823.125699997], [-10251100.4924, 5810841.090499997], [-10251097.9681, 5810841.061300002], [-10250514.5062, 5810858.914800003], [-10250517.9039, 5811440.766500004], [-10249933.41, 5811458.570699997], [-10249933.385, 5811460.741499998], [-10249941.0636, 5812043.406199999], [-10249359.0397, 5812054.688900001], [-10249052.1097, 5812060.490400001], [-10249058.2457, 5812646.795999996], [-10248152.1913, 5812640.428499997], [-10248152.4457, 5813231.0458], [-10247233.2796, 5813230.2183], [-10247237.9043, 5813812.240699999], [-10246325.9629, 5813805.614100002], [-10246327.6249, 5814389.086599998], [-10245720.1064, 5814384.621600002], [-10245723.8007, 5814556.958700001], [-10245721.8679, 5814956.549999997], [-10245117.18, 5814953.525399998], [-10245136.0268, 5815541.627400003], [-10244531.3703, 5815532.7707], [-10244550.2674, 5816113.672200002], [-10244258.7176, 5816111.5336000025], [-10244273.2501, 5816693.867799997], [-10243983.1602, 5816688.841600001], [-10243999.0653, 5817275.5757], [-10243424.6044, 5817267.014300004], [-10243440.2768, 5817869.7168999985], [-10242572.729, 5817858.9045], [-10242588.6139, 5818439.924099997], [-10240847.6546, 5818417.966700003], [-10240878.5048, 5819291.831900001], [-10240584.0101, 5819286.634499997], [-10240590.4533, 5819576.444600001], [-10240010.1086, 5819566.130999997], [-10240019.0999, 5819767.612199999], [-10240030.0484, 5820156.010899998], [-10239452.5731, 5820144.247699998], [-10239453.1303, 5820439.805699997], [-10238881.4131, 5820428.0788], [-10238899.0707, 5821301.9815], [-10238323.0542, 5821297.406400003], [-10238319.9857, 5821297.366400003], [-10238331.3136, 5821874.2146999985], [-10238037.2585, 5821870.385300003], [-10237978.6014, 5821868.8955999985], [-10237928.3287, 5821868.239699997], [-10237826.4294, 5821866.909100004], [-10237751.6072, 5821865.931199998], [-10237747.9161, 5821865.158500001], [-10237691.4778, 5821866.593999997], [-10237172.8823, 5821879.3583], [-10237188.2604, 5822472.239500001], [-10235450.2483, 5822498.5066]]]]}}, {"type": "Feature", "properties": {"OBJECTID": 267, "CreationDate": "2025-01-14T11:11:12Z", "Creator": "NPS_WASO_LANDS", "EditDate": "2025-01-14T11:11:12Z", "Editor": "NPS_WASO_LANDS", "GlobalID": "{9DBDE213-9F2A-462B-8F07-EA8A67209B57}", "AreaID": 278, "UNIT_CODE": "LOSA", "GIS_Notes": "Lands - http://landsnet.nps.gov/tractsnet/documents/LOSA/Metadata/losa_metadata.xml", "UNIT_NAME": "Lower Saint Croix National Scenic Riverway", "DATE_EDIT": "2022-04-18T00:00:00Z", "STATE": "MN", "REGION": "MW", "GNIS_ID": "2738286", "UNIT_TYPE": "National Wild & Scenic River", "CREATED_BY": "Lands", "METADATA": "https://irma.nps.gov/DataStore/Reference/Profile/2223247", "PARKNAME": "Lower Saint Croix", "SHAPE_Length": 149384.1586817992, "SHAPE_Area": 92270909.93382734}, "geometry": {"type": "MultiPolygon", "coordinates": [[[[-10316061.9847, 5682950.672899999], [-10316070.5518, 5682942.147399999], [-10316076.2398, 5682942.170699999], [-10316077.6328, 5682949.310400002], [-10316071.8866, 5682963.5546], [-10316063.2788, 5682982.067599997], [-10316056.0987, 5682999.159699999], [-10316044.6816, 5683009.1005000025], [-10316038.9584, 5683017.637699999], [-10316026.0902, 5683034.706600003], [-10316013.245, 5683046.068099998], [-10316003.2556, 5683054.587899998], [-10315994.7234, 5683054.552900001], [-10315990.4688, 5683051.6818], [-10315993.3421, 5683044.559600003], [-10315999.0536, 5683038.8759], [-10316003.3548, 5683030.3325999975], [-10316014.7779, 5683018.9651999995], [-10316029.0682, 5683001.902400002], [-10316036.2191, 5682991.944200002], [-10316041.9597, 5682979.126599997], [-10316061.9847, 5682950.672899999]]], [[[-10315060.0831, 5683983.126000002], [-10315061.5593, 5683970.2896], [-10315064.4216, 5683966.0207], [-10315070.1223, 5683963.190899998], [-10315082.9281, 5683961.818000004], [-10315088.6526, 5683953.2804000005], [-10315100.0541, 5683947.620700002], [-10315108.5633, 5683953.364299998], [-10315121.3393, 5683959.1259], [-10315134.1271, 5683962.0336000025], [-10315149.7893, 5683957.818700001], [-10315151.2651, 5683944.982299998], [-10315164.0887, 5683939.328500003], [-10315175.4663, 5683939.376400001], [-10315176.9479, 5683925.1131], [-10315174.1512, 5683913.685900003], [-10315184.1663, 5683899.458499998], [-10315205.5646, 5683883.8521], [-10315215.5853, 5683868.197899997], [-10315232.723, 5683851.146600001], [-10315248.4205, 5683838.370200001], [-10315258.4054, 5683831.277500004], [-10315266.9623, 5683825.605599999], [-10315279.8035, 5683815.670999996], [-10315294.0728, 5683804.315300003], [-10315306.9198, 5683792.953900002], [-10315316.9165, 5683783.007299997], [-10315321.195, 5683780.171300001], [-10315325.4791, 5683775.908500001], [-10315334.036, 5683770.236599997], [-10315344.0327, 5683760.290100001], [-10315349.751, 5683753.179399997], [-10315359.7477, 5683743.232799999], [-10315366.8465, 5683746.116400003], [-10315372.5175, 5683750.420900002], [-10315378.1706, 5683759.005900003], [-10315380.9793, 5683767.5792], [-10315385.2103, 5683776.158399999], [-10315389.4294, 5683787.591499999], [-10315393.6604, 5683796.170599997], [-10315393.6011, 5683810.439599998], [-10315394.9582, 5683826.141599998], [-10315387.7762, 5683843.2346], [-10315379.1601, 5683863.175700001], [-10315361.9515, 5683897.350100003], [-10315351.931, 5683913.004500002], [-10315336.2394, 5683924.3544000015], [-10315319.1317, 5683934.271300003], [-10315303.4578, 5683941.340499997], [-10315282.107, 5683945.531800002], [-10315267.8612, 5683951.179899998], [-10315256.454, 5683958.2667], [-10315239.3758, 5683961.049000002], [-10315218.0071, 5683969.520999998], [-10315205.1954, 5683972.321099997], [-10315192.4015, 5683970.840400003], [-10315179.6017, 5683970.786499999], [-10315169.6167, 5683977.8794], [-10315148.2479, 5683986.351199999], [-10315126.9266, 5683983.407499999], [-10315114.1507, 5683977.645999998], [-10315101.357, 5683976.164999999], [-10315084.2666, 5683981.800800003], [-10315068.5984, 5683987.442699999], [-10315060.0831, 5683983.126000002]]], [[[-10313559.5262, 5686041.5832], [-10313463.7202, 5686039.857900001], [-10313369.1163, 5686040.868799999], [-10313336.1314, 5686040.723200001], [-10313336.4093, 5686017.8882], [-10313369.2193, 5686017.3191], [-10313464.2645, 5686017.023800001], [-10313555.2673, 5686017.9526999965], [-10313544.1864, 5685940.726499997], [-10313550.1022, 5685862.542800002], [-10313556.8307, 5685825.886500001], [-10313602.5092, 5685662.201200001], [-10313640.1577, 5685582.388400003], [-10313710.6341, 5685470.979699999], [-10313765.3064, 5685371.570299998], [-10313797.2174, 5685282.681699999], [-10313807.0707, 5685237.628899999], [-10313809.9665, 5685141.6395], [-10313774.7276, 5684959.867200002], [-10313770.5181, 5684894.2086], [-10313772.8906, 5684770.537699997], [-10313811.8052, 5684765.486100003], [-10313822.6422, 5684783.244400002], [-10313884.7178, 5684884.965000004], [-10313976.6791, 5684884.651299998], [-10313976.4376, 5685253.285099998], [-10313975.8917, 5685904.2465], [-10313975.244, 5686607.008699998], [-10313615.3706, 5686612.382799998], [-10313609.3981, 5686612.4714], [-10313529.3015, 5686614.550499998], [-10313582.6696, 5686465.070600003], [-10313591.9931, 5686299.133599997], [-10313583.7812, 5686166.603699997], [-10313559.5262, 5686041.5832]]], [[[-10316822.3874, 5680348.803199999], [-10316770.4843, 5680300.768799998], [-10316761.1626, 5680292.141599998], [-10316764.5486, 5680022.533399999], [-10316768.0879, 5679740.707699999], [-10317175.0266, 5679747.081200004], [-10317170.4514, 5679227.005900003], [-10317170.5088, 5679077.6127], [-10317170.2521, 5679075.115800001], [-10317164.6046, 5678833.117600001], [-10317163.6169, 5678774.807099998], [-10317167.8364, 5678763.4542], [-10317167.566, 5678723.167000003], [-10317167.5495, 5678687.929200001], [-10317166.9169, 5678604.0803999975], [-10317213.6473, 5678604.274300002], [-10317319.7939, 5678604.713799998], [-10317322.0597, 5678404.5419000015], [-10317324.7643, 5678165.598200001], [-10317326.2396, 5678035.2678999975], [-10317327.151, 5677955.426200002], [-10317333.1175, 5677465.8574], [-10317337.0671, 5676888.719899997], [-10317882.9395, 5676890.112300001], [-10317880.9403, 5676940.5999], [-10317860.1682, 5677465.284599997], [-10318387.6412, 5677460.336900003], [-10318414.3197, 5677091.718500003], [-10318428.8117, 5676891.471699998], [-10318469.9786, 5676318.300099999], [-10318300.4154, 5676317.304499999], [-10318187.8444, 5676316.6423999965], [-10318187.143, 5675742.368299998], [-10318199.0461, 5675168.199600004], [-10318482.0081, 5675169.665600002], [-10318482.0033, 5675101.507200003], [-10318481.9868, 5674865.526000001], [-10318481.9692, 5674611.910700001], [-10318481.8378, 5673986.763400003], [-10318521.5845, 5673951.875799999], [-10318589.5248, 5673900.822099999], [-10318652.1102, 5673856.874700002], [-10318716.2595, 5673810.082199998], [-10318761.0015, 5673776.7566], [-10318838.906, 5673707.923199996], [-10318880.5584, 5673669.597000003], [-10318909.0405, 5673639.060400002], [-10318956.3782, 5673587.9278], [-10319015.3632, 5673520.448200002], [-10319212.4134, 5673284.5913999975], [-10319361.3731, 5673062.096900001], [-10319521.4692, 5672863.1625000015], [-10319658.3691, 5672681.245800003], [-10319782.5977, 5672527.7870000005], [-10319851.1542, 5672436.8303999975], [-10319889.6734, 5672390.655199997], [-10319930.0094, 5672223.352399997], [-10319963.6003, 5672067.428400002], [-10319970.6515, 5672032.539899997], [-10319973.7292, 5672016.162900001], [-10319974.0473, 5672001.913400002], [-10319972.0106, 5671988.367799997], [-10319966.0783, 5671971.957900003], [-10319945.9343, 5671921.2946000025], [-10319869.5774, 5671742.884599999], [-10319821.5635, 5671606.6193], [-10319855.8996, 5671574.6831], [-10319909.7586, 5671532.130999997], [-10319955.2418, 5671498.097999997], [-10319996.8743, 5671473.313199997], [-10320029.4634, 5671457.757700004], [-10320072.7743, 5671435.1162], [-10320220.6288, 5671381.505800001], [-10320355.0115, 5671346.369099997], [-10320516.6563, 5671307.7663], [-10320651.5593, 5671275.476999998], [-10320755.1005, 5671250.9111], [-10320791.9648, 5671243.205600001], [-10320811.6482, 5671236.863600001], [-10320858.2671, 5671219.218099996], [-10320908.7493, 5671200.873499997], [-10321017.3651, 5671184.159999996], [-10321040.685, 5671178.5429000035], [-10321056.5022, 5671173.611599997], [-10321072.815, 5671166.5446000025], [-10321086.1667, 5671155.9048999995], [-10321112.0838, 5671131.0603], [-10321163.4643, 5671071.394900002], [-10321244.0595, 5670982.622000001], [-10321270.1682, 5670953.503399998], [-10321281.8208, 5670933.5956000015], [-10321292.2629, 5670917.246100001], [-10321299.9387, 5670892.337399997], [-10321326.5394, 5670798.388599999], [-10321346.4233, 5670666.730099998], [-10321348.1141, 5670626.747500002], [-10321380.0288, 5670564.508699998], [-10321392.5031, 5670540.181400001], [-10321429.2671, 5670468.4848000035], [-10321475.2578, 5670378.793300003], [-10321615.0838, 5670222.476199999], [-10321621.7361, 5670215.0392], [-10321630.0937, 5670211.201499999], [-10321669.0053, 5670193.332800001], [-10321881.5538, 5670095.724100001], [-10321912.5469, 5670081.490599997], [-10321940.0472, 5670069.589100003], [-10321951.4292, 5670063.216799997], [-10322024.2652, 5669993.654200003], [-10322092.4823, 5669919.6338], [-10322129.7849, 5669879.157499999], [-10322212.1878, 5669795.063000001], [-10322323.6985, 5669681.260700002], [-10322349.7564, 5669654.6668], [-10322357.9235, 5669646.331500001], [-10322431.0789, 5669571.670900002], [-10322433.8049, 5669568.365699999], [-10322434.2768, 5669567.758599997], [-10322436.4345, 5669564.982699998], [-10322437.3426, 5669563.741300002], [-10322438.965, 5669561.524599999], [-10322440.273, 5669559.623899996], [-10322441.3946, 5669557.9943], [-10322444.0699, 5669553.835199997], [-10322446.6048, 5669549.588600002], [-10322448.997, 5669545.259499997], [-10322451.2435, 5669540.852499999], [-10322453.3417, 5669536.372599997], [-10322455.2895, 5669531.824600004], [-10322457.0847, 5669527.214000002], [-10322458.725, 5669522.545599997], [-10322460.2089, 5669517.8248], [-10322460.3151, 5669517.442599997], [-10322461.5245, 5669513.054200001], [-10322461.6183, 5669512.714100003], [-10322462.692, 5669508.245300002], [-10322462.7643, 5669507.944899999], [-10322463.6985, 5669503.399700001], [-10322463.7518, 5669503.1404], [-10322464.5428, 5669498.523000002], [-10322464.5803, 5669498.305500001], [-10322465.224, 5669493.620399997], [-10322465.2482, 5669493.445500001], [-10322465.7412, 5669488.697999999], [-10322465.7549, 5669488.566100001], [-10322466.1002, 5669483.672600001], [-10322466.2833, 5669478.770300001], [-10322466.3043, 5669473.864699997], [-10322509.122, 5669474.796599999], [-10322606.7967, 5669337.786200002], [-10322655.3897, 5669336.2896], [-10322680.3033, 5669335.5222999975], [-10323009.3644, 5669054.181699999], [-10323251.3962, 5668746.673100002], [-10323453.2661, 5668490.178000003], [-10323592.3455, 5668313.457000002], [-10323592.8532, 5668312.458899997], [-10323614.7086, 5668269.489299998], [-10323733.3684, 5668053.948600002], [-10323829.3615, 5667880.598700002], [-10323858.5967, 5667829.1105], [-10323856.726, 5667562.769299999], [-10324142.1803, 5667561.507200003], [-10324390.4761, 5667555.0207], [-10324705.2309, 5667551.447899997], [-10324709.7727, 5667138.067900002], [-10325087.3677, 5667136.2163999975], [-10325091.3999, 5667025.967799999], [-10325099.1036, 5666950.239100002], [-10325121.9545, 5666869.151900001], [-10325133.2935, 5666833.137699999], [-10325132.7956, 5666688.261699997], [-10325125.9675, 5666463.946400002], [-10325119.8812, 5666083.795199998], [-10325115.4337, 5666004.533399999], [-10325112.4984, 5665429.177500002], [-10325114.2942, 5665130.428199999], [-10324695.6588, 5665132.395900004], [-10324695.8875, 5664856.049999997], [-10324696.3466, 5664534.698200002], [-10324696.7075, 5664282.230499998], [-10324696.7455, 5664139.177199997], [-10324696.8199, 5663859.207900003], [-10324696.8255, 5663838.3571000025], [-10324696.86, 5663708.2958], [-10324695.8901, 5663517.433200002], [-10324695.5795, 5663456.317599997], [-10324693.9885, 5663143.213500001], [-10324691.6835, 5662689.5977], [-10324691.6617, 5662685.3248], [-10324691.1172, 5662578.1664], [-10324689.677, 5662295.315700002], [-10324688.237, 5662012.474200003], [-10324863.0772, 5662012.181000002], [-10324865.0891, 5661675.548699997], [-10324866.8421, 5661567.373099998], [-10324866.966, 5661555.986199997], [-10324869.0254, 5661447.386], [-10324869.868, 5661391.591200002], [-10324873.5872, 5661020.103399999], [-10324871.7381, 5660556.8125], [-10324435.0152, 5660554.731899999], [-10324433.4546, 5660302.603799999], [-10324432.8773, 5660134.159500003], [-10324431.4786, 5659675.8961], [-10324430.5171, 5659464.445100002], [-10324429.8758, 5659147.354999997], [-10324217.0908, 5659144.265000001], [-10324135.885, 5659143.083800003], [-10324136.0853, 5659107.940700002], [-10324137.2926, 5658851.007700004], [-10323855.7302, 5658850.104599997], [-10323855.1719, 5658584.236199997], [-10323858.0753, 5658408.2817], [-10323859.2433, 5657886.104000002], [-10323863.4729, 5657672.254799999], [-10323863.5505, 5657657.944499999], [-10323872.0574, 5657457.729699999], [-10323879.2056, 5657172.927199997], [-10323884.7003, 5656893.434699997], [-10323867.0674, 5656893.565399997], [-10323867.0653, 5656893.562100001], [-10323863.3692, 5656323.158200003], [-10323844.6457, 5655710.935500003], [-10323848.7929, 5655706.509800002], [-10323852.9177, 5655702.406099997], [-10323856.0683, 5655697.543899998], [-10323872.796, 5655678.5867], [-10323892.8224, 5655653.430699997], [-10323993.0276, 5655526.730300002], [-10324058.0348, 5655444.671499997], [-10324064.3224, 5655437.297899999], [-10324069.6271, 5655430.156999998], [-10324073.5897, 5655424.993699998], [-10324080.5671, 5655412.718199998], [-10324087.3174, 5655399.7651999965], [-10324090.1812, 5655388.151299998], [-10324093.4027, 5655370.048699997], [-10324096.1762, 5655346.626900002], [-10324097.2625, 5655306.946500003], [-10324098.4899, 5655253.3728], [-10324100.3162, 5655205.212399997], [-10324098.6868, 5655177.3478000015], [-10324117.1094, 5655177.183899999], [-10324120.3559, 5655351.7749999985], [-10324195.9616, 5655283.724699996], [-10324343.1261, 5655146.216300003], [-10324490.9394, 5655012.265699998], [-10324630.8917, 5654878.897600003], [-10324675.4946, 5654834.031400003], [-10324679.8825, 5654834.740900002], [-10324680.2748, 5654834.804399997], [-10324680.5969, 5654834.8464], [-10324685.076, 5654835.4322], [-10324685.8966, 5654835.514200002], [-10324688.023, 5654835.7267], [-10324688.1618, 5654835.740500003], [-10324688.4926, 5654835.773699999], [-10324689.2399, 5654835.806100003], [-10324689.987, 5654835.838500001], [-10324691.2202, 5654835.947800003], [-10324692.2699, 5654836.040899999], [-10324693.2618, 5654836.128899999], [-10324694.9025, 5654836.231299996], [-10324696.0456, 5654836.302500002], [-10324696.5429, 5654836.333700001], [-10324699.8284, 5654836.453000002], [-10324700.8698, 5654836.461300001], [-10324701.414, 5654836.465599999], [-10324701.8848, 5654836.469400004], [-10324703.3215, 5654836.465300001], [-10324704.7571, 5654836.4133], [-10324705.4457, 5654836.475699998], [-10324707.2262, 5654836.398500003], [-10324707.8995, 5654836.386100002], [-10324708.6617, 5654836.372199997], [-10324709.0052, 5654836.365900002], [-10324709.4235, 5654836.3583], [-10324709.686, 5654836.353600003], [-10324709.8957, 5654836.349799998], [-10324712.5632, 5654836.228399999], [-10324713.238, 5654836.192400001], [-10324713.6647, 5654836.169799998], [-10324714.6121, 5654836.119400002], [-10324717.8911, 5654835.852799997], [-10324718.556, 5654835.798600003], [-10324719.5234, 5654835.695100002], [-10324722.4905, 5654835.377400003], [-10324723.2017, 5654835.282700002], [-10324724.42, 5654835.120800003], [-10324726.4131, 5654834.855800003], [-10324728.4932, 5654834.552500002], [-10324729.3039, 5654834.434299998], [-10324733.7572, 5654833.6457], [-10324734.1594, 5654833.5744], [-10324738.9867, 5654832.566600002], [-10324784.1835, 5654822.407799996], [-10324789.2163, 5654821.355099998], [-10324789.9417, 5654821.225900002], [-10324794.2787, 5654820.453299999], [-10324795.7342, 5654820.238600001], [-10324797.6717, 5654819.952799998], [-10324798.3153, 5654819.857799999], [-10324798.8449, 5654819.821500003], [-10324799.3744, 5654819.7853000015], [-10324801.563, 5654819.497199997], [-10324802.64, 5654819.355599999], [-10324803.3398, 5654819.263499998], [-10324804.4749, 5654819.147200003], [-10324806.967, 5654818.8917], [-10324807.3188, 5654818.855700001], [-10324809.5949, 5654818.688000001], [-10324811.3075, 5654818.5616], [-10324811.7224, 5654818.538199998], [-10324813.2629, 5654818.450400002], [-10324814.727, 5654818.366899997], [-10324819.1348, 5654818.2478], [-10324819.8662, 5654818.228100002], [-10324825.0076, 5654818.242600001], [-10324878.5193, 5654819.193300001], [-10324902.7848, 5654819.624399997], [-10324903.2301, 5654819.632299997], [-10324925.0501, 5654820.0200999975], [-10324929.8999, 5654820.0493], [-10324930.9757, 5654820.030500002], [-10324932.6051, 5654820.002099998], [-10324934.7491, 5654819.9648], [-10324936.8997, 5654819.876699999], [-10324939.595, 5654819.7663], [-10324940.1522, 5654819.737999998], [-10324941.4847, 5654819.648900002], [-10324942.8136, 5654819.513800003], [-10324944.8027, 5654819.3923999965], [-10324946.5791, 5654819.283699997], [-10324947.6838, 5654819.190800004], [-10324948.7254, 5654819.103100002], [-10324949.4513, 5654819.042000003], [-10324950.3383, 5654818.9673999995], [-10324954.0895, 5654818.564800002], [-10324954.621, 5654818.495399997], [-10324955.1959, 5654818.420500003], [-10324959.4509, 5654817.865599997], [-10324960.4941, 5654817.701499999], [-10324962.6731, 5654817.359300002], [-10324964.7928, 5654817.0261999965], [-10324966.3422, 5654816.740999997], [-10324968.4644, 5654816.350400001], [-10324970.1108, 5654816.047499999], [-10324972.1641, 5654815.629699998], [-10324974.3162, 5654815.192000002], [-10324977.4977, 5654814.473200001], [-10324977.9556, 5654814.369800001], [-10324978.5022, 5654814.246399999], [-10324982.667, 5654813.2108], [-10324983.7056, 5654812.931900002], [-10324984.823, 5654812.631700002], [-10324987.2204, 5654811.987599999], [-10324989.4169, 5654811.345200002], [-10324991.7457, 5654810.663599998], [-10324992.086, 5654810.5559], [-10324995.0842, 5654809.6061], [-10324996.2407, 5654809.239600003], [-10324996.6245, 5654809.108499996], [-10324999.2657, 5654808.206699997], [-10325000.7033, 5654807.715899996], [-10325006.3147, 5654805.641199999], [-10325010.2684, 5654804.055399999], [-10325011.7576, 5654803.429200001], [-10325013.3562, 5654802.757200003], [-10325014.9307, 5654802.095299996], [-10325017.1988, 5654801.074299999], [-10325019.5428, 5654800.0195999965], [-10325020.2558, 5654799.677000001], [-10325022.5712, 5654798.564800002], [-10325023.5444, 5654798.097199999], [-10325024.102, 5654797.829400003], [-10325027.0391, 5654796.347400002], [-10325027.8792, 5654795.923600003], [-10325028.2496, 5654795.736699998], [-10325032.3477, 5654793.547899999], [-10325033.105, 5654793.1206], [-10325033.7028, 5654792.783299997], [-10325036.3942, 5654791.264399998], [-10325038.25, 5654790.1677], [-10325040.2404, 5654788.991400003], [-10325041.0794, 5654788.4956], [-10325043.3197, 5654787.089299999], [-10325045.6889, 5654785.6021], [-10325046.6399, 5654784.968900003], [-10325048.2985, 5654783.8649], [-10325048.7486, 5654783.565499999], [-10325050.2199, 5654782.585900001], [-10325051.0568, 5654782.011699997], [-10325051.7081, 5654781.557700001], [-10325053.1968, 5654780.520900004], [-10325054.3905, 5654779.689300001], [-10325057.5052, 5654777.4120000005], [-10325057.7812, 5654777.200900003], [-10325057.9978, 5654777.035599999], [-10325060.5716, 5654775.069600001], [-10325061.1107, 5654774.6543999985], [-10325062.5632, 5654773.535499997], [-10325062.7077, 5654773.424099997], [-10325065.7745, 5654770.924599998], [-10325067.3081, 5654769.675099999], [-10325068.8068, 5654768.383500002], [-10325071.8038, 5654765.8006], [-10325098.0958, 5654742.5075], [-10325098.4222, 5654742.218000002], [-10325169.5236, 5654679.2250000015], [-10325173.9171, 5654675.251900002], [-10325174.7787, 5654674.440200001], [-10325177.3672, 5654672.001599997], [-10325178.2292, 5654671.189900003], [-10325179.9201, 5654669.5309000015], [-10325182.458, 5654667.0407000035], [-10325183.0491, 5654666.4516], [-10325184.9522, 5654664.5075], [-10325187.7306, 5654661.668799996], [-10325189.8685, 5654659.371799998], [-10325192.291, 5654656.7695999965], [-10325194.6886, 5654654.144400001], [-10325195.576, 5654653.1259], [-10325199.169, 5654648.994099997], [-10325199.3507, 5654648.776500002], [-10325202.6814, 5654644.7929000035], [-10325203.8837, 5654643.296899997], [-10325206.1117, 5654640.523900002], [-10325207.1878, 5654639.109099999], [-10325208.2642, 5654637.694300003], [-10325211.1584, 5654633.938100003], [-10325212.6058, 5654632.059699997], [-10325213.988, 5654630.132799998], [-10325216.7524, 5654626.2793999985], [-10325218.7586, 5654623.342600003], [-10325219.7471, 5654621.864299998], [-10325220.6967, 5654620.360799998], [-10325221.4572, 5654619.442500003], [-10325223.6591, 5654615.925700001], [-10325223.9752, 5654615.424599998], [-10325224.6087, 5654614.4201000035], [-10325226.5047, 5654611.413999997], [-10325226.6376, 5654611.2184000015], [-10325226.7527, 5654611.011699997], [-10325226.9907, 5654610.6131], [-10325227.5447, 5654609.685599998], [-10325228.297, 5654608.336599998], [-10325229.7377, 5654606.07], [-10325230.1367, 5654605.291299999], [-10325230.7346, 5654604.267300002], [-10325231.93, 5654602.219899997], [-10325232.6074, 5654601.060000002], [-10325232.8276, 5654600.682800002], [-10325233.1147, 5654600.1642], [-10325235.0273, 5654575.711099997], [-10325236.4181, 5654295.5898], [-10325249.5849, 5654030.377800003], [-10325585.7091, 5654030.690899998], [-10325821.0566, 5654031.4004999995], [-10325855.1649, 5654031.502899997], [-10325865.2412, 5653845.932099998], [-10325876.5309, 5653565.082800001], [-10325877.2763, 5653478.332900003], [-10325877.5824, 5653434.9582], [-10325877.488, 5653392.293499999], [-10325878.1843, 5653351.7645], [-10325879.425, 5653306.971000001], [-10325880.3975, 5653277.8204], [-10325880.9293, 5653262.889600001], [-10325881.4485, 5653222.360799998], [-10325882.3284, 5653179.699900001], [-10325884.5919, 5653133.488300003], [-10325886.7099, 5653091.542599998], [-10325888.9648, 5653048.175499998], [-10325891.0362, 5653006.941299997], [-10325893.1542, 5652964.996200003], [-10325895.4955, 5652922.340999998], [-10325895.0104, 5652921.6285], [-10325693.8762, 5652923.868299998], [-10325700.3373, 5652748.263800003], [-10325815.3783, 5652593.608499996], [-10325889.1189, 5652504.953900002], [-10325923.0781, 5652463.817400001], [-10325951.1299, 5652428.351300001], [-10325969.6678, 5652404.943899997], [-10325976.0938, 5652388.610200003], [-10325956.9591, 5652389.2641], [-10325932.6889, 5652389.191600002], [-10326068.3053, 5652118.000399999], [-10326215.6044, 5651816.990099996], [-10326226.2306, 5651244.7258], [-10325943.5503, 5650863.560199998], [-10325677.112, 5650508.041199997], [-10325384.5123, 5650113.353399999], [-10325303.1285, 5650113.815700002], [-10324814.3319, 5650118.704800002], [-10324243.6571, 5650126.150600001], [-10323681.0377, 5650134.2971], [-10323683.5735, 5649566.380400002], [-10324247.7559, 5649556.817599997], [-10324820.2606, 5649547.245399997], [-10325388.5475, 5649541.177500002], [-10325389.2355, 5649431.010799997], [-10325391.2306, 5649428.674699999], [-10325478.1599, 5649326.887900002], [-10325340.6832, 5649196.790100001], [-10325291.9961, 5649130.343199998], [-10325228.2462, 5649029.8891], [-10325183.8419, 5648935.543799996], [-10325144.9624, 5648827.452], [-10325136.6543, 5648776.800300002], [-10325137.2748, 5648640.703400001], [-10325137.336, 5648479.175099999], [-10325150.7156, 5648358.2902000025], [-10325199.949, 5648146.926899999], [-10325207.8414, 5648023.493299998], [-10325200.8892, 5647921.711599998], [-10325184.5004, 5647843.172700003], [-10325167.498, 5647797.951399997], [-10325146.5107, 5647768.983499996], [-10325086.2446, 5647704.129900001], [-10324978.5423, 5647547.210000001], [-10324916.6962, 5647395.705200002], [-10324895.1073, 5647311.350100003], [-10324900.3521, 5647044.479800001], [-10324916.1787, 5646904.142200001], [-10324950.844, 5646740.916699998], [-10324944.7899, 5646561.566600002], [-10324908.7765, 5646495.177299999], [-10324864.8575, 5646420.335100003], [-10324817.734, 5646385.7026999965], [-10324745.5926, 5646357.0446000025], [-10324727.3487, 5646324.255800001], [-10324724.3754, 5646107.345399998], [-10324821.5016, 5645843.910899997], [-10324842.9218, 5645728.620499998], [-10324835.3749, 5645649.0792], [-10324793.0912, 5645483.765600003], [-10324785.0317, 5645360.674000002], [-10324790.816, 5645055.244900003], [-10324770.8832, 5644867.182999998], [-10324777.5619, 5644829.012800001], [-10324841.0406, 5644719.595799997], [-10324979.5681, 5644481.354199998], [-10324991.0516, 5644447.9859], [-10325057.4833, 5644332.7238000035], [-10325094.1323, 5644216.916299999], [-10325095.114, 5644114.807300001], [-10325088.6955, 5644070.7575], [-10324990.9659, 5643916.5820999965], [-10324978.2269, 5643883.4318], [-10324970.9633, 5643822.312200002], [-10324984.371, 5643727.750299998], [-10324999.7187, 5643639.693599999], [-10324987.5223, 5643554.3785], [-10324914.2599, 5643429.746399999], [-10324837.8903, 5643232.959700003], [-10324613.4602, 5643232.883400001], [-10324435.2938, 5643231.612999998], [-10324088.3827, 5643229.802199997], [-10323813.2814, 5643227.499499999], [-10323724.3916, 5643228.633199997], [-10323705.8849, 5642888.3571000025], [-10323694.7256, 5642657.4925], [-10323430.0223, 5642660.183300003], [-10323433.0752, 5642605.5057], [-10323441.4839, 5642563.629699998], [-10323451.441, 5642521.759000003], [-10323466.1111, 5642486.295699999], [-10323487.2819, 5642451.564199999], [-10323531.5349, 5642392.760600001], [-10323547.1365, 5642370.0845], [-10323681.9617, 5642375.4934], [-10323667.3392, 5642107.700800002], [-10323650.7558, 5641775.9947], [-10323636.6568, 5641511.061899997], [-10323629.36, 5641304.388999999], [-10323598.9089, 5641186.410099998], [-10323572.7385, 5641085.488899998], [-10323560.1932, 5641052.783200003], [-10323548.3238, 5641030.021300003], [-10323535.9541, 5641011.518299997], [-10323521.5405, 5640995.849200003], [-10323505.835, 5640983.0163], [-10323484.2002, 5640970.873999998], [-10323471.1724, 5640964.4406], [-10323609.545, 5640960.630000003], [-10323609.2499, 5640928.674599998], [-10323874.3798, 5640928.820900001], [-10323874.4648, 5640888.3456000015], [-10323875.7266, 5640396.2678999975], [-10323964.9477, 5640306.282700002], [-10323887.3483, 5640220.230499998], [-10323848.6304, 5640160.752400003], [-10323814.2215, 5640082.295400001], [-10323789.8725, 5640001.542599998], [-10323770.2711, 5639914.565899998], [-10323762.5728, 5639860.075499997], [-10323767.5421, 5639822.6774], [-10323781.0684, 5639745.593199998], [-10323805.5809, 5639617.918700002], [-10323708.5412, 5639621.358800001], [-10323708.4587, 5639621.800999999], [-10323702.7026, 5639692.782300003], [-10323699.4768, 5639733.241899997], [-10323700.9762, 5639775.847000003], [-10323698.836, 5639795.010399997], [-10323693.3018, 5639810.6127], [-10323688.6771, 5639818.407799996], [-10323679.4178, 5639823.347999997], [-10323669.0313, 5639821.184299998], [-10323658.8094, 5639809.081], [-10323647.6933, 5639786.324699998], [-10323638.25, 5639752.213799998], [-10323631.5899, 5639705.332000002], [-10323624.516, 5639622.239200003], [-10323528.4507, 5639624.0572], [-10323395.7198, 5639626.464400001], [-10323398.1846, 5639057.7839], [-10323398.291, 5639038.615699999], [-10323405.3277, 5638505.4821000025], [-10323630.5113, 5638501.955300003], [-10323630.5228, 5638498.4059000015], [-10323630.1293, 5638222.254799999], [-10323868.9673, 5638219.476199999], [-10323992.8613, 5638097.064300001], [-10324151.7054, 5637939.980099998], [-10324427.5677, 5637944.403099999], [-10324427.9216, 5637944.404200003], [-10324430.0802, 5637749.200499997], [-10324431.7609, 5637593.750200003], [-10324509.3797, 5637573.4092999995], [-10324595.2955, 5637558.0625], [-10324715.1516, 5637462.610200003], [-10324672.3284, 5637384.395900004], [-10324739.3482, 5637316.4624999985], [-10324789.8601, 5637367.726599999], [-10324865.2092, 5637250.8413999975], [-10324991.2311, 5637204.384199999], [-10324991.7882, 5637109.2722999975], [-10325269.6893, 5636812.7255000025], [-10325545.2085, 5636817.112599999], [-10325549.3538, 5636555.931299999], [-10325728.9714, 5636382.584700003], [-10325852.8992, 5636261.591200002], [-10326115.7326, 5636259.535099998], [-10326114.708, 5636006.8706], [-10326112.6206, 5635679.692699999], [-10326417.2083, 5635679.170699999], [-10326683.9365, 5635684.916000001], [-10326685.9191, 5635656.5342999995], [-10326700.1578, 5635655.156199999], [-10326714.967, 5635655.199100003], [-10326735.4487, 5635650.290600002], [-10326752.8383, 5635644.663400002], [-10326768.4636, 5635637.6118], [-10326782.7707, 5635627.717500001], [-10326827.5589, 5635594.491700001], [-10326893.1802, 5635541.4548999965], [-10326935.8316, 5635513.190499999], [-10326987.3155, 5635487.789999999], [-10327028.8712, 5635471.5864999965], [-10327064.2578, 5635448.2685], [-10327261.0145, 5635308.315099999], [-10327261.1475, 5635104.645800002], [-10327261.148, 5635103.9362], [-10327641.4837, 5634720.388300002], [-10328017.2846, 5634334.699299999], [-10328140.6002, 5634205.8945999965], [-10328320.7822, 5634016.931999996], [-10328393.2934, 5633941.916000001], [-10328765.4936, 5633940.078299999], [-10328830.6819, 5633941.6712], [-10328866.7017, 5633942.476400003], [-10328990.7546, 5633947.062399998], [-10329102.587, 5633951.362499997], [-10329103.0089, 5633950.906099997], [-10329145.8096, 5633927.6032000035], [-10329175.1921, 5633914.198899999], [-10329180.6488, 5633923.437399998], [-10329178.5878, 5633934.075300001], [-10329164.8085, 5633953.754299998], [-10329210.7057, 5633955.518299997], [-10329222.6793, 5633941.286200002], [-10329230.0842, 5633932.081500001], [-10329235.8651, 5633918.615000002], [-10329239.8355, 5633904.4344], [-10329242.5446, 5633882.445500001], [-10329247.1227, 5633872.5239999965], [-10329253.3712, 5633866.154299997], [-10329267.7152, 5633856.967699997], [-10329290.0644, 5633845.6734], [-10329314.1779, 5633835.802599996], [-10329321.7117, 5633828.017300002], [-10329324.8276, 5633819.510799997], [-10329328.6745, 5633801.782300003], [-10329334.7846, 5633780.512000002], [-10329342.5412, 5633772.017700002], [-10329352.5389, 5633768.496100001], [-10329362.6969, 5633771.360600002], [-10329375.0061, 5633779.9070999995], [-10329381.7609, 5633782.762800001], [-10329392.9981, 5633778.5348000005], [-10329399.5945, 5633774.294699997], [-10329449.135, 5633724.755599998], [-10329462.3257, 5633716.984899998], [-10329469.9149, 5633721.971299998], [-10329470.3773, 5633731.196400002], [-10329470.1344, 5633739.710199997], [-10329475.6868, 5633746.110399999], [-10329468.8034, 5633758.864399999], [-10329450.985, 5633778.685199998], [-10329397.332, 5633828.9234], [-10329374.2869, 5633852.9881], [-10329346.2163, 5633889.101999998], [-10329320.2667, 5633925.221299998], [-10329305.0387, 5633959.143299997], [-10329363.1225, 5633961.374799997], [-10329428.9861, 5633963.904700004], [-10329439.6959, 5633940.432300001], [-10329452.6288, 5633912.793399997], [-10329466.7439, 5633889.414899997], [-10329484.7504, 5633865.336900003], [-10329502.4162, 5633853.320200004], [-10329505.9266, 5633863.262900002], [-10329503.2879, 5633875.318499997], [-10329491.1636, 5633897.9925], [-10329478.8368, 5633930.600100003], [-10329468.36, 5633965.4168], [-10329723.8035, 5633975.222900003], [-10329776.0459, 5633975.356600001], [-10330620.9737, 5633982.442400001], [-10330857.9146, 5633985.8605], [-10330967.3482, 5633986.835900001], [-10331038.2408, 5633987.716799997], [-10331097.7743, 5633988.57], [-10331182.8547, 5633989.483900003], [-10331283.9774, 5633991.145000003], [-10331306.8279, 5633991.199500002], [-10331307.7404, 5634277.156800002], [-10331308.6798, 5634571.638999999], [-10331306.892, 5634858.318099998], [-10331305.9716, 5635005.918700002], [-10331204.9225, 5635005.677199997], [-10330734.6563, 5634998.861000001], [-10330219.3864, 5634994.036499999], [-10330179.2055, 5634993.935800001], [-10330140.3951, 5634993.838200003], [-10330020.2982, 5634992.1162], [-10329815.819, 5634989.468099996], [-10329811.2417, 5635103.7080999985], [-10329787.2391, 5635103.6467999965], [-10329789.8221, 5634991.530500002], [-10329577.7364, 5634990.2766999975], [-10329574.8812, 5635138.584100001], [-10329008.4733, 5635128.590400003], [-10328999.6325, 5635128.567100003], [-10328997.3928, 5635190.300499998], [-10328964.9794, 5635161.119199999], [-10328798.7894, 5635321.059600003], [-10328715.3273, 5635405.286799997], [-10328420.868, 5635686.946199998], [-10328406.6837, 5635701.101499997], [-10328406.3452, 5636007.691399999], [-10328406.7322, 5636143.2487], [-10328348.4274, 5636058.6338], [-10328140.7201, 5636096.3923999965], [-10328135.6725, 5636099.217500001], [-10328108.0938, 5636112.626699999], [-10328055.723, 5636138.742799997], [-10327984.3148, 5636255.6511999965], [-10327838.7394, 5636285.057899997], [-10327543.0931, 5636575.939300001], [-10327536.0879, 5636583.017200001], [-10327270.1125, 5636849.849799998], [-10326846.6837, 5637268.128300004], [-10326697.2039, 5637418.1774], [-10326671.7066, 5637443.6570999995], [-10326516.5488, 5637597.948700003], [-10326504.9875, 5637609.473999999], [-10326378.1029, 5637735.962800004], [-10326288.5216, 5637825.850599997], [-10326154.5895, 5637960.328599997], [-10326151.4859, 5637963.1589], [-10325854.4376, 5638257.583700001], [-10325526.463, 5638565.4026999995], [-10325216.6516, 5638855.527500004], [-10325006.9756, 5639062.895999998], [-10325006.585, 5639219.0852999985], [-10325004.2337, 5639625.186399996], [-10325001.5708, 5640046.2151999995], [-10325214.4734, 5640050.420400001], [-10325517.4663, 5640055.604199998], [-10325478.7888, 5640121.5198], [-10325429.4465, 5640203.734200001], [-10325395.9749, 5640259.015699998], [-10325320.1868, 5640427.066799998], [-10325223.316, 5640632.6897], [-10325177.3753, 5640729.1193], [-10325156.8126, 5640770.950999998], [-10325145.9213, 5640817.783299997], [-10325138.8448, 5640861.077], [-10325136.1713, 5640867.459700003], [-10325129.4888, 5640883.0612], [-10325123.5234, 5640910.026500002], [-10325116.2108, 5640929.1765], [-10325101.3388, 5640946.883299999], [-10325078.0618, 5640950.362099998], [-10325027.4953, 5640996.3627], [-10325022.8841, 5640999.8989999965], [-10324994.5942, 5641022.534900002], [-10324960.9566, 5641057.9362], [-10324952.0664, 5641072.1109], [-10324947.553, 5641087.009199999], [-10324943.4951, 5641097.6483], [-10324942.6153, 5641110.427500002], [-10324947.4951, 5641134.586599998], [-10324956.6916, 5641193.5546], [-10324959.7343, 5641224.098999999], [-10324961.3721, 5641240.5414], [-10324964.7581, 5641274.533399999], [-10324966.7166, 5641294.1919], [-10324971.4099, 5641341.305799998], [-10324976.463, 5641381.088799998], [-10324980.7449, 5641416.886600003], [-10324985.0456, 5641452.8389], [-10324987.8167, 5641473.380400002], [-10324993.4795, 5641515.3574], [-10324995.0502, 5641530.1888], [-10324997.0906, 5641549.4553999975], [-10325008.0946, 5641653.881499998], [-10325015.0162, 5641719.237300001], [-10325015.1446, 5641720.658], [-10325023.4657, 5641820.106399998], [-10325028.5847, 5641881.906900004], [-10325033.5906, 5641937.315899998], [-10325035.173, 5641955.075300001], [-10325035.8989, 5641963.599600002], [-10325037.6958, 5641983.4903], [-10325047.3208, 5642090.757700004], [-10325060.7155, 5642252.7233000025], [-10325060.844, 5642254.144100003], [-10325066.2999, 5642321.630199999], [-10325067.493, 5642336.548299998], [-10325082.825, 5642516.279600002], [-10325102.3541, 5642698.158200003], [-10325103.0014, 5642703.842], [-10325126.8697, 5642913.437600002], [-10325133.3642, 5642961.044500001], [-10325134.1396, 5642966.7289], [-10325140.0516, 5642986.634400003], [-10325142.7373, 5642990.904100001], [-10325156.3851, 5643012.964100003], [-10325167.9733, 5643028.625500001], [-10325181.8643, 5643043.5836], [-10325194.9298, 5643053.567400001], [-10325206.1059, 5643059.283699997], [-10325219.9366, 5643065.008299999], [-10325235.2379, 5643067.186099999], [-10325257.764, 5643065.124200001], [-10325302.0326, 5643056.736400001], [-10325387.1586, 5643041.370399997], [-10325450.5526, 5643028.778700002], [-10325507.4406, 5643016.876999997], [-10325569.8545, 5643006.412100002], [-10325619.7878, 5642997.329800002], [-10325649.3438, 5642996.708800003], [-10325670.0915, 5642997.481600001], [-10325695.2611, 5642998.978], [-10325717.8499, 5643005.438299999], [-10325739.4967, 5643016.157399997], [-10325771.3363, 5643036.140299998], [-10325792.2565, 5643053.249499999], [-10325805.8851, 5643067.4956], [-10325811.2362, 5643083.137599997], [-10325808.1494, 5643109.408200003], [-10325803.4126, 5643154.851099998], [-10325791.4486, 5643249.991999999], [-10325776.9262, 5643372.117200002], [-10325773.4658, 5643419.696199998], [-10325775.1676, 5643457.346900001], [-10325781.1885, 5643485.776799999], [-10325795.8435, 5643527.018100001], [-10325844.1013, 5643620.923], [-10325891.4434, 5643710.5638], [-10325902.7515, 5643731.9070999995], [-10325974.5625, 5643867.0825999975], [-10325997.6181, 5643910.481399998], [-10326094.1575, 5644093.325099997], [-10326123.4843, 5644141.715599999], [-10326162.2491, 5644200.7897000015], [-10326170.8863, 5644212.891199999], [-10326172.6058, 5644215.0273], [-10326179.4922, 5644235.648000002], [-10326183.8211, 5644268.337200001], [-10326186.0196, 5644303.1514], [-10326187.2466, 5644322.3347999975], [-10326192.387, 5644364.9717999995], [-10326198.7134, 5644395.5363000035], [-10326204.4288, 5644423.2575], [-10326269.8257, 5644726.783799998], [-10326294.8073, 5644854.7293], [-10326317.0937, 5644966.328900002], [-10326324.0281, 5645001.159699999], [-10326335.2306, 5645104.913800001], [-10326336.0949, 5645112.0207], [-10326354.0933, 5645252.738700002], [-10326357.5195, 5645291.822800003], [-10326357.5513, 5645296.0854], [-10326349.7452, 5645377.763300002], [-10326337.5738, 5645484.2949], [-10326334.0497, 5645569.5392], [-10326333.1909, 5645590.850599997], [-10326322.6785, 5645871.456200004], [-10326326.9416, 5645911.966499999], [-10326335.5479, 5645950.358199999], [-10326351.0628, 5645987.349200003], [-10326360.1805, 5646002.296499997], [-10326385.5944, 5646044.290399998], [-10326484.7581, 5646248.495899998], [-10326485.5887, 5646252.050800003], [-10326574.469, 5646447.7038], [-10326576.1786, 5646453.3928999975], [-10326597.7116, 5646506.745499998], [-10326624.4624, 5646577.166500002], [-10326645.154, 5646646.149099998], [-10326651.1621, 5646665.351199999], [-10326655.2415, 5646678.153099999], [-10326668.4047, 5646717.982000001], [-10326684.8127, 5646768.478699997], [-10326711.4859, 5646850.980700001], [-10326740.5674, 5646942.7277000025], [-10326752.8926, 5646981.844700001], [-10326753.7253, 5646984.689400002], [-10326769.2308, 5647041.5801], [-10326770.0764, 5647070.716200002], [-10326768.325, 5647141.058499999], [-10326761.5057, 5647248.3374999985], [-10326757.8476, 5647305.884900004], [-10326747.3709, 5647485.637100004], [-10326739.5501, 5647619.210000001], [-10326732.5646, 5647739.2853000015], [-10326725.5387, 5647828.093999997], [-10326723.0094, 5647860.065399997], [-10326722.1642, 5647861.484200001], [-10326713.4376, 5647986.532200001], [-10326709.9083, 5648105.201099999], [-10326710.8073, 5648115.863600001], [-10326711.0426, 5648157.082699999], [-10326712.3761, 5648370.287699997], [-10326712.3385, 5648398.714900002], [-10326712.3286, 5648432.827500001], [-10326712.2254, 5648606.946400002], [-10326706.1512, 5648671.602499999], [-10326693.997, 5648787.4124], [-10326684.4578, 5648840.688299999], [-10326658.7696, 5648966.4111], [-10326654.4156, 5648987.720299996], [-10326652.3944, 5648997.6646], [-10326652.4326, 5648999.796999998], [-10326638.5701, 5649093.573200002], [-10326630.7168, 5649145.434199996], [-10326622.9089, 5649242.783299997], [-10326622.8516, 5649323.808700003], [-10326634.0472, 5649417.661200002], [-10326647.8109, 5649480.959200002], [-10326667.5504, 5649529.348700002], [-10326675.42, 5649548.562399998], [-10326723.738, 5649666.691500001], [-10326834.1709, 5649925.738799997], [-10326835.0502, 5649927.873599999], [-10326941.1509, 5650155.638499998], [-10326944.5904, 5650160.6241], [-10327014.4638, 5650315.073700003], [-10327124.0575, 5650547.832199998], [-10327161.1434, 5650633.2403], [-10327179.272, 5650673.810900003], [-10327241.4002, 5650814.027900003], [-10327288.8263, 5650923.6373], [-10327322.5, 5651026.810800001], [-10327356.1302, 5651129.985200003], [-10327368.174, 5651177.649300002], [-10327377.6339, 5651246.633599997], [-10327386.2582, 5651297.843199998], [-10327394.0208, 5651340.5195999965], [-10327401.76, 5651407.367399998], [-10327403.4309, 5651490.549699999], [-10327401.7078, 5651568.0358000025], [-10327398.1985, 5651619.2129999995], [-10327380.8714, 5651717.984300002], [-10327366.1643, 5651798.279299997], [-10327345.36, 5651889.222099997], [-10327257.0929, 5652235.924099997], [-10327216.3932, 5652392.225599997], [-10327175.682, 5652583.369000003], [-10327167.9011, 5652640.938699998], [-10327162.6567, 5652694.249899998], [-10327161.7204, 5652821.5200999975], [-10327160.8041, 5652988.6105], [-10327160.8041, 5653035.539300002], [-10327161.6596, 5653077.4934], [-10327161.6414, 5653083.892800003], [-10327155.5491, 5653154.980499998], [-10327145.9897, 5653261.611900002], [-10327119.9662, 5653504.012900002], [-10327116.493, 5653526.046499997], [-10327104.3436, 5653608.497699998], [-10327073.154, 5653797.560099997], [-10327065.3395, 5653835.226300001], [-10327044.5271, 5653941.833400004], [-10327041.9555, 5653958.181500003], [-10327016.8542, 5654046.2885000035], [-10327015.1082, 5654052.683600001], [-10326989.1308, 5654121.588200003], [-10326966.6591, 5654172.725100003], [-10326938.9736, 5654234.514300004], [-10326887.9169, 5654351.705799997], [-10326852.4368, 5654443.341799997], [-10326827.3205, 5654520.074299999], [-10326809.1492, 5654584.7377], [-10326797.9013, 5654629.508599997], [-10326797.0071, 5654632.350699998], [-10326784.8643, 5654741.836199999], [-10326766.6109, 5654911.756499998], [-10326737.0638, 5655203.263800003], [-10326737.0558, 5655206.108599998], [-10326716.2251, 5655408.7465], [-10326706.6765, 5655509.002700001], [-10326690.1538, 5655646.224699996], [-10326679.5761, 5655734.389300004], [-10326019.399, 5655728.889600001], [-10326023.1516, 5655598.7421], [-10325938.349, 5655599.911499999], [-10325926.856, 5655609.032499999], [-10325927.3855, 5655615.469999999], [-10325934.1567, 5655625.071400002], [-10325944.962, 5655636.069300003], [-10325957.8223, 5655668.004799999], [-10325966.8033, 5655701.998000003], [-10325972.8864, 5655721.647600003], [-10325978.6568, 5655732.280100003], [-10325990.5062, 5655745.108000003], [-10325998.0755, 5655755.677699998], [-10325998.5338, 5655768.902900003], [-10325986.8972, 5655779.5407000035], [-10325975.6933, 5655785.348399997], [-10325962.9783, 5655782.180600002], [-10325946.5201, 5655774.930200003], [-10325941.2032, 5655760.068800002], [-10325933.8587, 5655738.657399997], [-10325923.3707, 5655713.142700002], [-10325916.5425, 5655689.306000002], [-10325903.4901, 5655659.065800004], [-10325889.5094, 5655636.682499997], [-10325879.3339, 5655620.184900001], [-10325869.1212, 5655619.939199999], [-10325860.9568, 5655626.844300002], [-10325787.5962, 5655683.4397], [-10325744.8094, 5655715.280500002], [-10325706.1572, 5655735.4516], [-10325670.6138, 5655752.011299998], [-10325613.6543, 5655777.143700004], [-10325580.5082, 5655788.036700003], [-10325526.6979, 5655802.786499999], [-10325481.5944, 5655815.9177], [-10325462.1033, 5655827.475100003], [-10325421.6004, 5655865.2136999965], [-10325417.1376, 5655875.373499997], [-10325415.1561, 5655883.885200001], [-10325413.0987, 5656034.467699997], [-10325414.2945, 5656184.658500001], [-10325431.8364, 5656317.7885000035], [-10325460.8441, 5656490.582000002], [-10325517.4527, 5656718.099600002], [-10325559.7401, 5656847.6237], [-10325591.2517, 5656969.609300002], [-10325621.999, 5657143.258500002], [-10325689.3243, 5657288.286499999], [-10325695.1903, 5657314.671300001], [-10325726.6827, 5657412.487000003], [-10325742.1343, 5657414.865800001], [-10325749.3677, 5657431.988600001], [-10325769.5319, 5657443.850599997], [-10325990.5899, 5657451.626900002], [-10326055.0596, 5657453.953299999], [-10326417.993, 5657452.983800001], [-10326418.115, 5657562.550999999], [-10326418.2355, 5657670.799500003], [-10326418.3315, 5657757.013400003], [-10326418.3567, 5657779.512199998], [-10326418.3826, 5657802.855099998], [-10326418.5016, 5657909.690099999], [-10326418.5532, 5657955.971900001], [-10326418.5889, 5657988.051899999], [-10326418.6119, 5658008.807400003], [-10326418.6358, 5658030.636200003], [-10326418.6471, 5658040.752099998], [-10326418.6674, 5658059.093000002], [-10326419.4069, 5658152.931100003], [-10326425.8609, 5658203.462800004], [-10326428.6791, 5658225.526100002], [-10326431.8838, 5658251.1477999985], [-10326437.9343, 5658334.4058], [-10326438.6655, 5658357.174800001], [-10326444.373, 5658375.689499997], [-10326452.1407, 5658402.036499999], [-10326419.6936, 5658404.075599998], [-10326426.8816, 5658446.784699999], [-10326433.8437, 5658445.382200003], [-10326467.2762, 5658439.7885000035], [-10326481.9604, 5658480.385399997], [-10326497.656, 5658523.831100002], [-10326499.0522, 5658546.602399997], [-10326501.1812, 5658576.490699999], [-10326502.5818, 5658597.839100003], [-10326503.0929, 5658604.9553999975], [-10326509.0094, 5658658.333899997], [-10326515.6713, 5658714.560900003], [-10326521.0263, 5658762.957999997], [-10326523.2267, 5658783.5977], [-10326522.17, 5658796.4014], [-10326519.6384, 5658813.469999999], [-10326516.7637, 5658841.921499997], [-10326510.0205, 5658874.630800001], [-10326508.7144, 5658881.7421], [-10326499.0304, 5658935.076399997], [-10326487.6267, 5659000.501900002], [-10326483.3779, 5659028.950000003], [-10326477.4578, 5659068.066], [-10326463.0664, 5659154.829300001], [-10326457.9053, 5659176.871399999], [-10326457.5445, 5659179.004799999], [-10326440.1244, 5659270.740999997], [-10326437.2678, 5659292.790100001], [-10326438.1444, 5659311.2927], [-10326442.881, 5659358.979500003], [-10326448.5169, 5659447.939099997], [-10326452.9212, 5659518.395300001], [-10326453.5855, 5659548.994099997], [-10326452.5564, 5659567.491499998], [-10326451.742, 5659573.181599997], [-10326449.7483, 5659588.1184], [-10326444.9331, 5659613.008699998], [-10326438.2929, 5659655.682999998], [-10326428.1283, 5659706.1743], [-10326419.3904, 5659753.823700003], [-10326409.5447, 5659816.413199998], [-10326397.3581, 5659876.149899997], [-10326396.5035, 5659880.4169000015], [-10326382.755, 5659943.7073], [-10326376.9607, 5659984.962399997], [-10326373.5211, 5660009.146300003], [-10326368.8073, 5660044.7119999975], [-10326367.8605, 5660065.3455], [-10326366.6371, 5660089.5361], [-10326366.5909, 5660090.247599997], [-10326368.7426, 5660112.3134], [-10326374.0015, 5660132.965300001], [-10326377.9811, 5660151.478600003], [-10326386.8624, 5660176.4108000025], [-10326396.9467, 5660199.211900003], [-10326410.1679, 5660225.580200002], [-10326431.0143, 5660266.914800003], [-10326456.3891, 5660321.071699999], [-10326494.4594, 5660384.517200001], [-10326496.5304, 5660388.792999998], [-10326524.8718, 5660444.382600002], [-10326521.909, 5660457.183200002], [-10326518.2481, 5660481.367700003], [-10326510.1871, 5660524.753600001], [-10326505.0374, 5660573.129600003], [-10326501.8532, 5660631.4745000005], [-10326498.2854, 5660699.7817], [-10326496.2075, 5660758.842299998], [-10326498.8214, 5660805.107299998], [-10326505.1636, 5660895.506300002], [-10326511.446, 5661006.544299997], [-10326513.7473, 5661084.123300001], [-10326515.5028, 5661212.230800003], [-10326511.8418, 5661312.5682], [-10326508.7379, 5661373.764899999], [-10326500.548, 5661430.677000001], [-10326530.5171, 5661430.764600001], [-10326671.7134, 5661432.6000000015], [-10326669.5513, 5662011.937700003], [-10326669.82, 5662103.042800002], [-10326671.2072, 5662466.760799997], [-10326670.8909, 5662499.501900002], [-10326671.0718, 5662574.952100001], [-10326671.1396, 5662996.3429000005], [-10326670.3549, 5663145.113300003], [-10326668.9993, 5663368.628799997], [-10326667.9948, 5663716.0173999965], [-10326668.0269, 5663720.288800001], [-10326668.6752, 5664002.200099997], [-10326802.5082, 5664003.300700001], [-10326801.6174, 5664107.273199998], [-10326801.5266, 5664117.862999998], [-10326798.7693, 5664439.697499998], [-10326942.2282, 5664442.247599997], [-10326940.4046, 5664552.593500003], [-10326794.0996, 5664552.1708], [-10326792.2533, 5664854.748099998], [-10326791.0074, 5664856.168499999], [-10326787.5184, 5665143.799099997], [-10326782.4613, 5665421.466300003], [-10326782.4047, 5665425.7381], [-10326777.5407, 5665744.000600003], [-10326549.4314, 5665741.912299998], [-10326549.2662, 5665768.2575], [-10326549.0428, 5665845.157799996], [-10326548.8691, 5665904.969499998], [-10326548.7056, 5665961.2214], [-10326548.5505, 5666014.625399999], [-10326548.7481, 5666068.742899999], [-10326549.1741, 5666196.917000003], [-10326590.1594, 5666197.036700003], [-10326589.9237, 5666308.832699999], [-10326591.8989, 5666407.818800002], [-10326592.1226, 5666437.727399997], [-10326602.2764, 5666439.181299999], [-10326603.637, 5666536.0308], [-10326627.3158, 5666538.948200002], [-10326633.552, 5666681.897500001], [-10326634.7336, 5666748.4833], [-10326634.9877, 5666777.321900003], [-10326637.4472, 5666870.718800001], [-10326641.702, 5666970.897399999], [-10326643.9003, 5667014.258299999], [-10326645.1182, 5667051.388700001], [-10326649.0387, 5667248.551799998], [-10326651.3657, 5667286.295699999], [-10326655.3257, 5667387.294699997], [-10326658.8812, 5667518.163699999], [-10326658.984, 5667525.513599999], [-10326661.8582, 5667681.931199998], [-10326671.8832, 5667681.901600003], [-10326674.9735, 5667956.708999999], [-10326675.5733, 5668062.612599999], [-10326676.0637, 5668101.113700002], [-10326675.2627, 5668292.307800002], [-10326676.6867, 5668575.729500003], [-10326386.247, 5668579.317699999], [-10326287.0099, 5668580.677100003], [-10325825.0373, 5668587.8288], [-10325827.4433, 5668929.908500001], [-10325828.9638, 5669147.765600003], [-10325265.257, 5669154.443999998], [-10325249.6901, 5669154.5309000015], [-10324970.2345, 5669156.0867], [-10324970.5945, 5669297.935599998], [-10324970.9543, 5669439.786799997], [-10324560.0862, 5669441.981299996], [-10324560.2285, 5669867.431000002], [-10324131.3293, 5669871.361599997], [-10324127.2492, 5670432.744800001], [-10323556.3121, 5670436.578500003], [-10323517.6357, 5670434.299000002], [-10322985.4971, 5670433.270499997], [-10322982.883, 5670583.663699999], [-10322973.1749, 5670974.761600003], [-10322968.6371, 5671157.566600002], [-10322963.4165, 5671367.871799998], [-10322954.3893, 5671731.508199997], [-10322395.5919, 5671738.758900002], [-10322384.959, 5672070.860100001], [-10322346.1534, 5672056.715499997], [-10322296.5987, 5672042.267200001], [-10322256.2737, 5672033.343800001], [-10322195.6027, 5672024.494999997], [-10322159.9761, 5672021.762199998], [-10322112.0984, 5672020.918799996], [-10322067.5544, 5672023.070500001], [-10322012.2093, 5672029.706600003], [-10321979.3122, 5672035.7776999995], [-10321909.2439, 5672054.251500003], [-10321824.1052, 5672087.598700002], [-10321762.6435, 5672120.190099999], [-10321724.1959, 5672144.762900002], [-10321673.0748, 5672183.271200001], [-10321623.2734, 5672226.183600001], [-10321576.4103, 5672267.5309000015], [-10321518.0262, 5672319.042599998], [-10321377.4399, 5672439.611299999], [-10321371.6474, 5672892.989500001], [-10321244.9828, 5672897.760399997], [-10321254.9455, 5673188.4296], [-10320973.6155, 5673197.214299999], [-10320982.3957, 5673485.059799999], [-10320700.7108, 5673493.187700003], [-10320706.5024, 5674096.624399997], [-10320711.7446, 5674642.7798999995], [-10320457.3067, 5674992.106799997], [-10320298.1589, 5675208.715499997], [-10320305.3218, 5675620.302000001], [-10320308.1641, 5675783.622699998], [-10320313.2099, 5676071.708700001], [-10320321.5017, 5676358.638400003], [-10320315.2996, 5676802.2575], [-10320310.7272, 5676932.069799997], [-10320308.0294, 5677250.797399998], [-10320306.1166, 5677467.817299999], [-10320304.5574, 5677508.553599998], [-10320302.7507, 5677589.477799997], [-10320298.2221, 5677792.2962], [-10320300.2728, 5677898.4668999985], [-10320302.0599, 5678080.8571000025], [-10320304.1726, 5678203.6489999965], [-10320304.6168, 5678272.121600002], [-10320314.6909, 5678627.141500004], [-10320312.2361, 5678987.945], [-10320310.7862, 5679235.837200001], [-10320309.322, 5679488.5320999995], [-10320149.5413, 5679487.211199999], [-10319865.6898, 5679484.772500001], [-10319578.197, 5679480.733499996], [-10319575.3825, 5679806.267099999], [-10319121.6099, 5679800.680699997], [-10319002.5158, 5679799.2097999975], [-10319003.7999, 5679675.096299998], [-10318860.5518, 5679820.620499998], [-10318852.2152, 5679809.675300002], [-10318803.9214, 5679762.625200003], [-10318774.3499, 5679734.188000001], [-10318745.217, 5679707.225599997], [-10318719.5282, 5679680.875799999], [-10318710.7632, 5679689.897100002], [-10318620.4918, 5679777.5964], [-10318608.3786, 5679790.0229], [-10318523.5109, 5679877.085100003], [-10318542.624, 5679895.257600002], [-10318572.2619, 5679923.193300001], [-10318375.4444, 5680126.473999999], [-10318462.6095, 5680211.549199998], [-10318329.0631, 5680349.292499997], [-10318160.4492, 5680346.935099997], [-10318126.5391, 5680346.460500002], [-10317729.8773, 5680623.434799999], [-10317336.8096, 5680909.884199999], [-10317320.9979, 5680920.780599996], [-10317323.2254, 5681189.928900003], [-10317325.7429, 5681494.150399998], [-10317326.948, 5681639.777400002], [-10317326.2585, 5681671.5436], [-10317338.5042, 5681685.575199999], [-10317327.3693, 5681690.674599998], [-10317328.0323, 5681770.785700001], [-10317327.2601, 5681809.071800001], [-10317327.2248, 5681810.823100001], [-10317326.3227, 5681892.819799997], [-10317322.8654, 5682034.299599998], [-10317138.9452, 5682195.398400001], [-10317103.7678, 5682231.706699997], [-10317058.4948, 5682278.434199996], [-10317028.3318, 5682309.700800002], [-10316778.0486, 5682595.101400003], [-10316634.9751, 5682596.861299999], [-10316628.0396, 5682596.946500003], [-10316632.3814, 5683142.0392], [-10316363.6107, 5683141.904600002], [-10316341.5902, 5683141.893200003], [-10316292.7013, 5683141.867899999], [-10316232.3676, 5683141.836800002], [-10316228.5356, 5682989.866099998], [-10316223.6559, 5682803.039800003], [-10315982.5819, 5682663.5031], [-10316022.6264, 5682591.381399997], [-10316197.1382, 5682322.742299996], [-10316346.4898, 5682152.817900002], [-10316426.3742, 5682047.254600003], [-10316466.411, 5681963.4177], [-10316483.8668, 5681909.600199997], [-10316510.6716, 5681853.749799997], [-10316608.5706, 5681668.987400003], [-10316660.7784, 5681542.468000002], [-10316710.2815, 5681427.236400001], [-10316805.9177, 5681226.321900003], [-10316858.5476, 5681107.393399999], [-10316894.8615, 5681014.890900001], [-10316913.8817, 5680939.808700003], [-10316913.8572, 5680875.1285], [-10316901.396, 5680802.964400001], [-10316881.5101, 5680723.147], [-10316865.4932, 5680642.680699997], [-10316852.4324, 5680549.861400001], [-10316848.6713, 5680480.221199997], [-10316834.9571, 5680381.120800003], [-10316822.3874, 5680348.803199999]]]]}}]}