{"type": "FeatureCollection", "name": "Montana_park", "crs": {"type": "name", "properties": {"name": "urn:ogc:def:crs:EPSG::3857"}}, "features": [{"type": "Feature", "properties": {"OBJECTID": 69, "CreationDate": "2025-01-14T11:11:11Z", "Creator": "NPS_WASO_LANDS", "EditDate": "2025-01-14T11:11:11Z", "Editor": "NPS_WASO_LANDS", "GlobalID": "{4C7054B9-B7C5-4BEB-839B-8FC21F259B69}", "AreaID": 50, "UNIT_CODE": "BICA", "GIS_Notes": "Lands - http://landsnet.nps.gov/tractsnet/documents/BICA/Metadata/bica_metadata.xml", "UNIT_NAME": "Bighorn Canyon National Recreation Area", "DATE_EDIT": "2024-09-06T00:00:00Z", "STATE": "MT", "REGION": "IM", "GNIS_ID": "767934", "UNIT_TYPE": "National Recreation Area", "CREATED_BY": "Lands", "METADATA": "https://irma.nps.gov/DataStore/Reference/Profile/2182227", "PARKNAME": "Bighorn Canyon", "SHAPE_Length": 432452.96460369043, "SHAPE_Area": 974077350.7989055}, "geometry": {"type": "MultiPolygon", "coordinates": [[[[-12064368.8776, 5595824.486199997], [-12064368.708, 5595723.256300002], [-12064395.4035, 5595745.444899999], [-12064422.7718, 5595766.792499997], [-12064450.7865, 5595787.2788999975], [-12064479.4206, 5595806.884099998], [-12064508.6468, 5595825.589500003], [-12064540.3551, 5595844.479800001], [-12064572.667100001, 5595862.310699999], [-12064605.5475, 5595879.062899999], [-12064624.363699999, 5596002.433700003], [-12064576.2981, 5596091.077500001], [-12064567.171, 5596107.289099999], [-12064557.534, 5596123.200499997], [-12064547.3964, 5596138.7962], [-12064536.769000001, 5596154.059500001], [-12064369.4296, 5596153.7749999985], [-12064368.8776, 5595824.486199997]]], [[[-12003652.4794, 5678193.432599999], [-12003934.5172, 5677606.330600001], [-12003933.1942, 5677399.726800002], [-12003930.8566, 5677031.3521], [-12003931.1334, 5676886.5375000015], [-12004503.3192, 5676882.006999999], [-12005075.5042, 5676877.4683], [-12005644.9607, 5676873.257100001], [-12006214.4589, 5676869.0293999985], [-12006499.247299999, 5676866.932800002], [-12006500.5115, 5676722.386600003], [-12006785.432300001, 5676720.434699997], [-12007355.3361, 5676716.508400001], [-12007783.868099999, 5676715.925700001], [-12007787.1601, 5676433.385700002], [-12007793.947700001, 5675852.178099997], [-12007738.191599999, 5675852.161799997], [-12007738.104, 5675545.558799997], [-12007738.0757, 5675401.8977999985], [-12007738.0328, 5675258.225400001], [-12007737.8828, 5674684.1426], [-12007737.693, 5674110.1401999965], [-12007737.7571, 5674037.829300001], [-12007737.7843, 5674007.175300002], [-12007737.8069, 5673981.630400002], [-12007753.5151, 5673971.871699996], [-12007793.6818, 5673944.912600003], [-12007892.975200001, 5673869.075599998], [-12007977.224399999, 5673804.3544000015], [-12008107.1733, 5673705.308799997], [-12008252.4575, 5673595.055200003], [-12008294.672899999, 5673562.381099999], [-12008350.615, 5673519.0820999965], [-12008392.4596, 5673486.694300003], [-12008546.448800001, 5673371.287799999], [-12008649.0632, 5673291.183300003], [-12008725.144000001, 5673235.207199998], [-12008796.1865, 5673180.480499998], [-12008832.1424, 5673157.259099998], [-12008861.0221, 5673139.530100003], [-12008868.5231, 5673135.737800002], [-12008901.9762, 5673118.825499997], [-12008951.3228, 5673094.002800003], [-12008981.5635, 5673083.0923999995], [-12009025.343, 5673068.080600001], [-12009073.4703, 5673055.071400002], [-12009122.771200001, 5673043.343199998], [-12009176.3398, 5673034.385399997], [-12009228.2478, 5673024.850900002], [-12009268.815499999, 5673018.3759], [-12009311.761, 5673011.0057], [-12009360.9622, 5673001.570100002], [-12009410.064199999, 5672989.207699999], [-12009454.6765, 5672976.002499998], [-12009471.284400001, 5672970.5792], [-12009505.7641, 5672959.319600001], [-12009549.758299999, 5672944.328599997], [-12009587.2531, 5672928.756999999], [-12009635.977, 5672904.890100002], [-12009684.133299999, 5672880.970899999], [-12009723.5066, 5672858.545199998], [-12009772.2908, 5672827.620999999], [-12009805.5978, 5672804.249600001], [-12009847.710900001, 5672775.493699998], [-12009881.1208, 5672747.318300001], [-12009915.4, 5672717.253200002], [-12009955.4797, 5672681.801600002], [-12009993.2446, 5672648.391400002], [-12010005.0604, 5672637.766000003], [-12010154.994199999, 5672502.934900001], [-12010282.8346, 5672388.370300002], [-12010301.0169, 5672371.680600002], [-12010383.5729, 5672295.900700003], [-12010496.3591, 5672198.222599998], [-12010577.2805, 5672125.182099998], [-12010584.090599999, 5672119.0352], [-12010677.0174, 5672033.375799999], [-12010806.8438, 5671916.9428], [-12010906.1314, 5671826.442400001], [-12010938.7016, 5671797.381800003], [-12011003.3467, 5671739.701800004], [-12011103.2628, 5671649.777999997], [-12011206.0464, 5671559.030299999], [-12011302.6448, 5671472.705600001], [-12011408.5893, 5671377.277800001], [-12011521.436, 5671275.4278], [-12011579.3693, 5671223.0195999965], [-12011665.887699999, 5671144.751000002], [-12011770.5379, 5671051.669500001], [-12011884.2451, 5670948.7645], [-12011990.1282, 5670855.717299998], [-12012078.9715, 5670775.549400002], [-12012195.278900001, 5670668.661899999], [-12012292.2228, 5670583.866899997], [-12012293.2793, 5670582.942900002], [-12012346.4872, 5670537.571199998], [-12012418.7714, 5670482.233400002], [-12012507.4498, 5670416.293899998], [-12012592.2115, 5670354.5397000015], [-12012720.245000001, 5670261.518799998], [-12012770.7919, 5670225.749799997], [-12012815.6706, 5670196.276799999], [-12012844.249499999, 5670179.376100004], [-12012868.5414, 5670167.503799997], [-12012872.8883, 5670165.379199997], [-12012922.7008, 5670144.676100001], [-12012967.4614, 5670129.290100001], [-12013024.2944, 5670118.570699997], [-12013077.246, 5670110.640500002], [-12013126.6852, 5670110.5594], [-12013180.1587, 5670110.6664], [-12013251.0999, 5670116.3257], [-12013314.9913, 5670124.540299997], [-12013448.9927, 5670136.896700002], [-12013449.1537, 5670093.531300001], [-12013451.2762, 5669518.212800004], [-12013450.654, 5668945.922499999], [-12012880.1413, 5668944.571900003], [-12012879.9574, 5668371.219300002], [-12012879.7769, 5667795.994499996], [-12012879.5831, 5667220.792199999], [-12012879.644299999, 5666648.722099997], [-12012879.6909, 5666076.646200001], [-12012879.750599999, 5665503.751500003], [-12012879.797, 5664930.879299998], [-12012878.941599999, 5664358.189999998], [-12012878.0871, 5663785.5227999985], [-12013448.564100001, 5663787.529700004], [-12013447.7903, 5663214.568300001], [-12013447.017900001, 5662641.643100001], [-12014017.685899999, 5662643.0942], [-12014588.3391, 5662644.523599997], [-12015158.9858, 5662645.375699997], [-12015729.6471, 5662646.233499996], [-12016300.2941, 5662647.083800003], [-12016870.955, 5662647.9256], [-12017441.629999999, 5662648.374499999], [-12018012.3047, 5662648.815399997], [-12018582.9008, 5662649.037600003], [-12018721.1265, 5662649.0864999965], [-12018695.3024, 5662636.150600001], [-12018663.0658, 5662617.264200002], [-12018632.129700001, 5662596.302900001], [-12018602.6262, 5662573.356299996], [-12018582.2894, 5662555.612199999], [-12018493.2345, 5662474.124200001], [-12018485.6271, 5662467.0348000005], [-12018459.3619, 5662440.420699999], [-12018434.8881, 5662412.140000001], [-12018412.3103, 5662382.313900001], [-12018391.7251, 5662351.070200004], [-12018373.220800001, 5662318.5427], [-12018356.876699999, 5662284.870499998], [-12018351.956799999, 5662273.502300002], [-12018337.8471, 5662244.118600003], [-12018323.7331, 5662209.4463], [-12018311.9096, 5662173.921999998], [-12018311.5211, 5662172.608800001], [-12018302.6371, 5662158.575599998], [-12018284.1335, 5662126.0484], [-12018267.789900001, 5662092.376900002], [-12018253.6764, 5662057.704999998], [-12018241.8533, 5662022.181400001], [-12018232.371100001, 5661985.9580999985], [-12018225.2706, 5661949.190399997], [-12018220.582, 5661912.035400003], [-12018219.9676, 5661901.856899999], [-12018208.389899999, 5661894.011500001], [-12018206.5258, 5661892.6511999965], [-12018196.5056, 5661886.892499998], [-12018169.5526, 5661873.177900001], [-12018137.32, 5661854.2914], [-12018106.387400001, 5661833.330200002], [-12018076.888, 5661810.384000003], [-12018048.9472, 5661785.550999999], [-12018022.6854, 5661758.937799998], [-12017998.2148, 5661730.658200003], [-12017991.1639, 5661721.770999998], [-12017966.988400001, 5661690.670699999], [-12017962.4913, 5661686.161200002], [-12017947.4633, 5661670.507700004], [-12017934.5456, 5661656.0458], [-12017917.5178, 5661636.318999998], [-12017905.434, 5661625.175399996], [-12017894.211, 5661614.226400003], [-12017838.8807, 5661558.7425], [-12017823.8429, 5661543.078599997], [-12017799.373300001, 5661514.799199998], [-12017776.799800001, 5661484.974699996], [-12017763.8695, 5661465.8719], [-12017747.6089, 5661454.483599998], [-12017718.1114, 5661431.537199996], [-12017690.172899999, 5661406.704300001], [-12017663.9133, 5661380.091300003], [-12017639.4448, 5661351.811800003], [-12017616.872200001, 5661321.987400003], [-12017610.5916, 5661312.915600002], [-12017606.6034, 5661310.043799996], [-12017577.107, 5661287.097199999], [-12017549.169300001, 5661262.264399998], [-12017522.910500001, 5661235.6511999965], [-12017498.4429, 5661207.372000001], [-12017475.871100001, 5661177.547700003], [-12017455.2919, 5661146.306400001], [-12017436.7933, 5661113.781099997], [-12017420.4548, 5661080.112199999], [-12017412.3203, 5661060.923900001], [-12017396.5317, 5661021.711000003], [-12017388.7192, 5661009.321199998], [-12017370.2212, 5660976.796700001], [-12017353.8831, 5660943.127899997], [-12017339.774799999, 5660908.4592999965], [-12017327.9566, 5660872.939000003], [-12017326.4025, 5660867.608599998], [-12017305.5346, 5660855.056599997], [-12017274.6074, 5660834.094899997], [-12017246.4596, 5660812.2651999965], [-12017231.7736, 5660800.123099998], [-12017230.4288, 5660799.007799998], [-12017202.4923, 5660774.173900001], [-12017176.2358, 5660747.561499998], [-12017151.7706, 5660719.282899998], [-12017129.2012, 5660689.459399998], [-12017108.6243, 5660658.218999997], [-12017090.127999999, 5660625.695], [-12017073.7917, 5660592.027099997], [-12017059.684799999, 5660557.359399997], [-12017047.8682, 5660521.840300001], [-12017038.3923, 5660485.622000001], [-12017031.297600001, 5660448.8596], [-12017026.614500001, 5660411.7104], [-12017024.3631, 5660374.3336], [-12017024.553, 5660336.889200002], [-12017027.1832, 5660299.537699997], [-12017032.2425, 5660262.438900001], [-12017039.7092, 5660225.751500003], [-12017049.551199999, 5660189.633000001], [-12017061.726599999, 5660154.2377], [-12017076.183, 5660119.717299998], [-12017092.8587, 5660086.219499998], [-12017111.6819, 5660053.887699999], [-12017132.5723, 5660022.860399999], [-12017155.440200001, 5659993.270800002], [-12017180.1882, 5659965.2447], [-12017206.7096, 5659938.902900003], [-12017234.8913, 5659914.357799999], [-12017264.6125, 5659891.714500003], [-12017295.7458, 5659871.070100002], [-12017328.1581, 5659852.512599997], [-12017339.1426, 5659846.844800003], [-12017352.96, 5659839.903999999], [-12017375.528, 5659829.181100003], [-12017410.0769, 5659815.027000003], [-12017445.474399999, 5659803.170400001], [-12017464.6414, 5659797.805600002], [-12017507.8459, 5659786.524300002], [-12017524.7732, 5659782.3803], [-12017552.2315, 5659776.810400002], [-12017581.601, 5659771.602499999], [-12017590.7796, 5659770.0524], [-12017627.8021, 5659765.351499997], [-12017665.0516, 5659763.090000004], [-12017702.368900001, 5659763.2776999995], [-12017739.5942, 5659765.913400002], [-12017747.503600001, 5659766.791100003], [-12017762.2053, 5659768.526900001], [-12017762.353500001, 5659768.544699997], [-12017770.4736, 5659768.260399997], [-12017807.7909, 5659768.447499998], [-12017845.0164, 5659771.082999997], [-12017881.9901, 5659776.155299999], [-12017918.5541, 5659783.643200003], [-12017954.552000001, 5659793.513999999], [-12017986.247499999, 5659804.366599999], [-12018000.082899999, 5659809.5638], [-12018003.6647, 5659810.923199996], [-12018038.0707, 5659825.423699997], [-12018071.457899999, 5659842.150799997], [-12018103.6835, 5659861.0331000015], [-12018134.6092, 5659881.989500001], [-12018164.1028, 5659904.930500001], [-12018192.0382, 5659929.757600002], [-12018218.295400001, 5659956.364799999], [-12018242.7621, 5659984.638099998], [-12018265.3336, 5660014.456500001], [-12018285.9132, 5660045.692299999], [-12018304.4129, 5660078.211800002], [-12018309.1097, 5660087.331699997], [-12018310.292, 5660088.997900002], [-12018330.872000001, 5660120.2337], [-12018349.3719, 5660152.753399998], [-12018351.824099999, 5660157.464500003], [-12018380.2969, 5660191.466600001], [-12018386.2827, 5660198.735399999], [-12018408.8552, 5660228.554300003], [-12018429.435800001, 5660259.790600002], [-12018447.9364, 5660292.310400002], [-12018463.4129, 5660324.0446000025], [-12018470.1565, 5660332.216499999], [-12018492.7298, 5660362.035400003], [-12018513.310899999, 5660393.271899998], [-12018531.811999999, 5660425.792099997], [-12018539.8057, 5660442.2597], [-12018544.427000001, 5660445.391199999], [-12018573.9236, 5660468.332199998], [-12018601.8618, 5660493.159699999], [-12018628.1217, 5660519.767499998], [-12018652.5912, 5660548.041500002], [-12018675.1657, 5660577.8609], [-12018695.7479, 5660609.0977], [-12018704.5023, 5660623.871600002], [-12018709.8374, 5660631.292599998], [-12018725.0417, 5660653.928000003], [-12018744.9396, 5660685.132299997], [-12018750.3179, 5660693.7337], [-12018757.7273, 5660706.170699999], [-12018763.0943, 5660711.897100002], [-12018787.5646, 5660740.171400003], [-12018794.7025, 5660749.1686], [-12018812.961199999, 5660772.6647000015], [-12018814.2588, 5660773.604599997], [-12018843.757199999, 5660796.545699999], [-12018855.8222, 5660806.866999999], [-12018875.3583, 5660809.853100002], [-12018911.9275, 5660817.337700002], [-12018913.8743, 5660817.806900002], [-12018999.4406, 5660838.585100003], [-12019033.4969, 5660847.983900003], [-12019068.7801, 5660860.193099998], [-12019103.1919, 5660874.691399999], [-12019136.585, 5660891.417000003], [-12019142.900899999, 5660894.895499997], [-12019187.8431, 5660920.020999998], [-12019213.7589, 5660935.423100002], [-12019244.6912, 5660956.378399998], [-12019274.191, 5660979.318599999], [-12019302.1329, 5661004.145499997], [-12019328.3964, 5661030.752899997], [-12019352.8697, 5661059.0266999975], [-12019363.716, 5661072.847400002], [-12019391.3983, 5661109.257799998], [-12019403.1298, 5661125.256499998], [-12019415.0808, 5661142.845700003], [-12019432.0261, 5661164.790299997], [-12019446.366, 5661184.193400003], [-12019449.2378, 5661188.550800003], [-12019475.4912, 5661201.698899999], [-12019507.724399999, 5661220.579099998], [-12019538.6582, 5661241.534199998], [-12019546.0734, 5661247.012000002], [-12019559.9044, 5661257.403099999], [-12019581.9913, 5661274.865400001], [-12019609.9346, 5661299.692299999], [-12019636.200199999, 5661326.299599998], [-12019660.6749, 5661354.573600002], [-12019683.2546, 5661384.393200003], [-12019687.852400001, 5661390.994800001], [-12019699.665199999, 5661398.244499996], [-12019730.6, 5661419.199299999], [-12019760.1028, 5661442.139200002], [-12019788.0473, 5661466.965899996], [-12019814.3138, 5661493.573200002], [-12019835.5318, 5661517.862000003], [-12019872.7152, 5661562.931299999], [-12019875.9732, 5661566.916599996], [-12019893.7223, 5661590.006800003], [-12019894.135, 5661590.349399999], [-12019922.0803, 5661615.176100001], [-12019948.3477, 5661641.783500001], [-12019972.8244, 5661670.057700001], [-12019995.4058, 5661699.877700001], [-12020015.9952, 5661731.115599997], [-12020027.392, 5661750.548500001], [-12020035.1669, 5661764.424000002], [-12020042.2794, 5661777.513300002], [-12020058.629099999, 5661811.180699997], [-12020072.749400001, 5661845.848899998], [-12020084.579599999, 5661881.369800001], [-12020093.909400001, 5661916.9811], [-12020102.8589, 5661932.705899999], [-12020119.2092, 5661966.373599999], [-12020133.3299, 5662001.042499997], [-12020143.876699999, 5662032.305200003], [-12020152.3748, 5662053.9318], [-12020152.8291, 5662055.164300002], [-12020171.732900001, 5662106.655199997], [-12020190.9965, 5662115.0572], [-12020224.396200001, 5662131.781199999], [-12020256.6346, 5662150.6608000025], [-12020287.5734, 5662171.615599997], [-12020317.08, 5662194.555699997], [-12020345.0285, 5662219.3829], [-12020371.2988, 5662245.990999997], [-12020395.7783, 5662274.266099997], [-12020418.3629, 5662304.0869999975], [-12020438.9549, 5662335.326099999], [-12020457.4669, 5662367.8499], [-12020473.8191, 5662401.518799998], [-12020487.9421, 5662436.1888], [-12020499.7747, 5662471.711400002], [-12020509.2663, 5662507.934600003], [-12020516.376600001, 5662544.703299999], [-12020521.075, 5662581.859899998], [-12020523.3411, 5662619.245399997], [-12020523.436099999, 5662623.106299996], [-12020523.7132, 5662636.177100003], [-12020532.2248, 5662639.084399998], [-12020545.000500001, 5662634.1526999995], [-12020580.4057, 5662622.280199997], [-12020616.5087, 5662612.756099999], [-12020653.155299999, 5662605.6215], [-12020690.188299999, 5662600.906900004], [-12020727.4494, 5662598.632299997], [-12020764.779, 5662598.807499997], [-12020802.0174, 5662601.431999996], [-12020839.0048, 5662606.4943], [-12020875.5833, 5662613.972599998], [-12020911.595800001, 5662623.8352999985], [-12020946.8887, 5662636.039999999], [-12020981.3105, 5662650.534100004], [-12021014.7139, 5662667.256200001], [-12021046.9558, 5662686.134300001], [-12021077.8983, 5662707.0876], [-12021107.4088, 5662730.0266999975], [-12021120.861200001, 5662741.566799998], [-12021138.9911, 5662746.848899998], [-12021174.2846, 5662759.052900001], [-12021208.7073, 5662773.546499997], [-12021242.1117, 5662790.2678999975], [-12021274.3545, 5662809.145400003], [-12021305.298, 5662830.098399997], [-12021334.8094, 5662853.036899999], [-12021362.7628, 5662877.862999998], [-12021389.037999999, 5662904.470200002], [-12021405.5926, 5662923.172700003], [-12021425.8441, 5662932.188500002], [-12021456.2212, 5662917.4507], [-12021490.7763, 5662903.276100002], [-12021526.1813, 5662891.3994999975], [-12021550.662999999, 5662884.662699997], [-12021564.4965, 5662881.186099999], [-12021576.118, 5662878.3948], [-12021612.7651, 5662871.256099999], [-12021649.7988, 5662866.5374], [-12021687.060899999, 5662864.258699998], [-12021724.391800001, 5662864.43], [-12021761.6316, 5662867.050499998], [-12021798.621, 5662872.109200001], [-12021835.201299999, 5662879.583800003], [-12021871.2163, 5662889.442900002], [-12021906.5115, 5662901.644199997], [-12021940.936, 5662916.135499999], [-12021974.3421, 5662932.8544000015], [-12022006.587299999, 5662951.729699999], [-12022037.5329, 5662972.680600002], [-12022067.046799999, 5662995.617200002], [-12022095.002700001, 5663020.441399999], [-12022121.2805, 5663047.046899997], [-12022145.768, 5663075.319899999], [-12022162.5742, 5663097.108499996], [-12022184.1993, 5663126.583400004], [-12022189.9853, 5663134.614299998], [-12022210.5855, 5663165.852600001], [-12022229.1056, 5663198.375799999], [-12022245.4661, 5663232.0449], [-12022259.597, 5663266.715400003], [-12022271.4376, 5663302.239399999], [-12022280.9373, 5663338.4641999975], [-12022288.055599999, 5663375.235200003], [-12022292.1412, 5663406.139399998], [-12022293.9661, 5663413.9058], [-12022301.0845, 5663450.677000001], [-12022305.7903, 5663487.8364999965], [-12022308.064100001, 5663525.2258], [-12022307.8958, 5663562.684199996], [-12022307.2249, 5663576.356799997], [-12022306.377500001, 5663590.241800003], [-12022304.4386, 5663613.9366], [-12022301.7871, 5663633.463500001], [-12022303.101300001, 5663634.919500001], [-12022310.2239, 5663643.006999999], [-12022315.2212, 5663644.5276999995], [-12022350.52, 5663656.728399999], [-12022384.9482, 5663671.2190999985], [-12022418.357900001, 5663687.938000001], [-12022450.6066, 5663706.813500002], [-12022481.5561, 5663727.764600001], [-12022502.8088, 5663744.279600002], [-12022532.9872, 5663726.978399999], [-12022566.5456, 5663710.561399996], [-12022601.1022, 5663696.381399997], [-12022636.509, 5663684.499399997], [-12022669.0352, 5663675.798600003], [-12022683.723000001, 5663672.331799999], [-12022687.3024, 5663671.499200001], [-12022723.9519, 5663664.3554000035], [-12022760.9885, 5663659.6316], [-12022798.253899999, 5663657.3483000025], [-12022835.5883, 5663657.5151999965], [-12022872.832, 5663660.131399997], [-12022909.825199999, 5663665.185999997], [-12022946.4098, 5663672.656999998], [-12022982.4293, 5663682.512699999], [-12023017.7293, 5663694.710699998], [-12023052.1587, 5663709.199199997], [-12023058.3684, 5663712.1010000035], [-12023093.0394, 5663705.405199997], [-12023130.0762, 5663700.680100001], [-12023167.3416, 5663698.395000003], [-12023204.676199999, 5663698.5603], [-12023241.92, 5663701.175099999], [-12023278.9139, 5663706.228299998], [-12023315.4991, 5663713.697700001], [-12023351.5191, 5663723.552000001], [-12023353.991999999, 5663724.3226], [-12023367.8229, 5663728.667999998], [-12023400.6507, 5663740.093999997], [-12023435.0811, 5663754.580899999], [-12023468.4934, 5663771.2962], [-12023500.7446, 5663790.1679000035], [-12023531.6968, 5663811.115900002], [-12023561.217500001, 5663834.049800001], [-12023589.18, 5663858.872000001], [-12023615.4649, 5663885.475699998], [-12023639.9594, 5663913.747500002], [-12023662.558600001, 5663943.566299997], [-12023683.1658, 5663974.804300003], [-12023701.693, 5664007.3276999965], [-12023718.0604, 5664040.997299999], [-12023720.6163, 5664047.265100002], [-12023729.0777, 5664051.497900002], [-12023726.919599999, 5664040.358400002], [-12023722.2074, 5664003.196900003], [-12023721.8148, 5663998.831600003], [-12023716.6622, 5663938.981700003], [-12023714.7751, 5663905.956200004], [-12023714.9377, 5663868.496100001], [-12023717.5417, 5663831.127099998], [-12023722.5762, 5663794.009000003], [-12023725.688099999, 5663777.134900004], [-12023738.6931, 5663712.082000002], [-12023743.0242, 5663692.248300001], [-12023752.844, 5663656.107500002], [-12023764.998399999, 5663620.688900001], [-12023770.6428, 5663607.183200002], [-12023765.949, 5663600.068400003], [-12023747.422600001, 5663567.546700001], [-12023731.0557, 5663533.878899999], [-12023716.9187, 5663499.2092999965], [-12023705.0722, 5663463.686399996], [-12023695.5665, 5663427.462200001], [-12023688.4426, 5663390.692000002], [-12023683.7306, 5663353.533299997], [-12023681.451299999, 5663316.145000003], [-12023681.6139, 5663278.687299997], [-12023684.217799999, 5663241.320600003], [-12023689.251899999, 5663204.204999998], [-12023694.7991, 5663175.770000003], [-12023694.8937, 5663175.3434000015], [-12023692.4958, 5663154.056100003], [-12023690.216400001, 5663116.6686], [-12023689.9869, 5663100.007799998], [-12023690.0191, 5663056.502400003], [-12023688.4674, 5663030.2951000035], [-12023687.693, 5663012.589100003], [-12023687.8556, 5662975.132700004], [-12023688.2019, 5662970.160999998], [-12023665.982, 5662940.843099996], [-12023645.377, 5662909.608800001], [-12023626.8522, 5662877.089400001], [-12023610.4871, 5662843.424099997], [-12023596.351599999, 5662808.756999999], [-12023594.5811, 5662803.906999998], [-12023584.5953, 5662782.710000001], [-12023570.4599, 5662748.043099999], [-12023569.8632, 5662746.423299998], [-12023563.8182, 5662729.940399997], [-12023552.5698, 5662696.040100001], [-12023543.0656, 5662659.818899997], [-12023535.9428, 5662623.051799998], [-12023531.2319, 5662585.8961], [-12023528.9533, 5662548.511], [-12023528.7243, 5662531.5891999975], [-12023528.741, 5662517.709700003], [-12023531.7371, 5662459.8138], [-12023536.7713, 5662422.701399997], [-12023544.2137, 5662385.9991], [-12023554.0327, 5662349.863799997], [-12023557.956500001, 5662337.580899999], [-12023555.3948, 5662326.816100001], [-12023548.272, 5662290.050300002], [-12023543.5613, 5662252.8961], [-12023541.282499999, 5662215.5123], [-12023541.445500001, 5662178.059299998], [-12023543.1232, 5662150.568599999], [-12023538.1989, 5662140.899700001], [-12023516.620299999, 5662097.518299997], [-12023506.4089, 5662075.866800003], [-12023492.2747, 5662041.202399999], [-12023480.4307, 5662005.685000002], [-12023470.927299999, 5661969.466600001], [-12023467.045, 5661951.0320999995], [-12023452.975499999, 5661878.328199998], [-12023448.0117, 5661871.422799997], [-12023427.409699999, 5661840.1919], [-12023408.888, 5661807.675999999], [-12023392.5254, 5661774.014200002], [-12023378.3922, 5661739.3510000035], [-12023368.5723, 5661710.486599997], [-12023364.262, 5661696.618000001], [-12023362.2386, 5661689.966200002], [-12023352.7361, 5661653.748999998], [-12023345.6146, 5661616.985699996], [-12023340.9048, 5661579.834200002], [-12023338.6271, 5661542.453199998], [-12023338.7908, 5661505.002899997], [-12023341.395399999, 5661467.643700004], [-12023346.429499999, 5661430.535599999], [-12023350.4175, 5661409.369400002], [-12023368.624499999, 5661321.795900002], [-12023372.0788, 5661306.2641], [-12023381.897, 5661270.133400001], [-12023393.061, 5661237.3440999985], [-12023398.2556, 5661223.474299997], [-12023399.2441, 5661220.854599997], [-12023413.6783, 5661186.318999998], [-12023430.333, 5661152.804799996], [-12023449.1365, 5661120.454999998], [-12023470.008000001, 5661089.408699997], [-12023492.8586, 5661059.798500001], [-12023517.5905, 5661031.751100004], [-12023544.0973, 5661005.386600003], [-12023572.2658, 5660980.818300001], [-12023601.9754, 5660958.150600001], [-12023633.0989, 5660937.4811], [-12023665.5029, 5660918.898400001], [-12023699.048700001, 5660902.481799997], [-12023733.592799999, 5660888.301200002], [-12023768.9871, 5660876.4179000035], [-12023794.3335, 5660869.4575999975], [-12023808.1646, 5660866.001100004], [-12023818.9113, 5660863.425999999], [-12023855.548700001, 5660856.2793999985], [-12023892.5732, 5660851.551799998], [-12023929.8268, 5660849.264200002], [-12023967.149799999, 5660849.425800003], [-12024004.3821, 5660852.0361], [-12024041.365, 5660857.083999999], [-12024077.9393, 5660864.547700003], [-12024113.949099999, 5660874.395400003], [-12024149.2399, 5660886.584700003], [-12024183.6607, 5660901.063900001], [-12024217.064, 5660917.770800002], [-12024249.3071, 5660936.633699998], [-12024280.2515, 5660957.571999997], [-12024309.765, 5660980.496100001], [-12024337.721099999, 5661005.307800002], [-12024364.0002, 5661031.900799997], [-12024388.4896, 5661060.161600001], [-12024402.6458, 5661078.3576000035], [-12024413.000599999, 5661092.235399999], [-12024421.439399999, 5661103.8467999995], [-12024442.0434, 5661135.073100001], [-12024460.5678, 5661167.584600002], [-12024467.6394, 5661182.128300004], [-12024474.9353, 5661178.6844], [-12024509.4793, 5661164.500399999], [-12024538.2447, 5661154.644500002], [-12024552.0657, 5661150.318000004], [-12024558.6948, 5661148.287199996], [-12024594.7882, 5661138.748300001], [-12024631.4261, 5661131.5983000025], [-12024668.4516, 5661126.867600001], [-12024705.7062, 5661124.576499999], [-12024743.0304, 5661124.734999999], [-12024776.957, 5661127.110600002], [-12024777.684799999, 5661124.430600002], [-12024789.8316, 5661089.0200999975], [-12024804.2604, 5661054.4826000035], [-12024820.9096, 5661020.965800002], [-12024839.7078, 5660988.613700002], [-12024860.5746, 5660957.564199999], [-12024883.4203, 5660927.9507], [-12024885.976300001, 5660924.874600001], [-12024908.4571, 5660898.009800002], [-12024930.6283, 5660873.034999996], [-12024957.1307, 5660846.6668], [-12024985.295, 5660822.0940999985], [-12025015.0007, 5660799.422200002], [-12025046.1205, 5660778.748000003], [-12025078.5211, 5660760.1602], [-12025112.063900001, 5660743.738300003], [-12025146.6054, 5660729.552699998], [-12025181.997299999, 5660717.663900003], [-12025218.0885, 5660708.1228], [-12025254.7243, 5660700.9705], [-12025291.7477, 5660696.237400003], [-12025329.000500001, 5660693.943700001], [-12025366.3229, 5660694.099399999], [-12025403.5554, 5660696.703900002], [-12025440.5384, 5660701.745999999], [-12025477.1136, 5660709.2038], [-12025513.124400001, 5660719.045699999], [-12025548.4168, 5660731.229599997], [-12025582.839499999, 5660745.703199998], [-12025600.7615, 5660754.322499998], [-12025614.5786, 5660761.267200001], [-12025630.0621, 5660769.349200003], [-12025662.3077, 5660788.206799999], [-12025693.2551, 5660809.139899999], [-12025722.7719, 5660832.059100002], [-12025750.731800001, 5660856.866099998], [-12025765.3889, 5660871.263099998], [-12025785.7801, 5660866.182800002], [-12025822.4162, 5660859.027999997], [-12025859.440000001, 5660854.292599998], [-12025896.6934, 5660851.996699996], [-12025934.0166, 5660852.149899997], [-12025971.25, 5660854.7522], [-12026008.2341, 5660859.7918], [-12026044.8104, 5660867.247599997], [-12026080.8225, 5660877.087399997], [-12026116.1164, 5660889.269299999], [-12026150.5406, 5660903.740999997], [-12026183.9478, 5660920.4406], [-12026216.1952, 5660939.296499997], [-12026247.1445, 5660960.228100002], [-12026276.6633, 5660983.145999998], [-12026355.406100001, 5661062.7949], [-12026378.0078, 5661092.597199999], [-12026398.6185, 5661123.819200002], [-12026417.1502, 5661156.326800004], [-12026417.152800001, 5661156.3320999965], [-12026423.2656, 5661168.254699998], [-12026430.1765, 5661182.1316], [-12026440.4342, 5661203.857799999], [-12026454.578499999, 5661238.514600001], [-12026466.4335, 5661274.0254999995], [-12026475.9484, 5661310.238300003], [-12026483.0825, 5661346.998300001], [-12026487.8052, 5661384.147699997], [-12026490.096099999, 5661421.527599998], [-12026489.9454, 5661458.978100002], [-12026487.3539, 5661496.3386999965], [-12026485.9244, 5661508.945200004], [-12026484.1957, 5661522.816799998], [-12026480.6039, 5661547.320900001], [-12026474.9479, 5661576.288400002], [-12026476.7903, 5661578.268799998], [-12026501.2882, 5661606.5254999995], [-12026523.8916, 5661636.329499997], [-12026541.2182, 5661662.268299997], [-12026543.7512, 5661665.816200003], [-12026564.3638, 5661697.039899997], [-12026582.8971, 5661729.549199998], [-12026599.2719, 5661763.2053999975], [-12026613.417399999, 5661797.864100002], [-12026625.2738, 5661833.376900002], [-12026634.789900001, 5661869.592], [-12026641.925099999, 5661906.354099996], [-12026646.6485, 5661943.505800001], [-12026648.940200001, 5661980.887999997], [-12026648.8793, 5661996.089900002], [-12026658.2609, 5661993.769000001], [-12026694.901, 5661986.609899998], [-12026731.929200001, 5661981.870200001], [-12026754.021200001, 5661980.2104], [-12026769.5742, 5661979.346000001], [-12026784.7402, 5661978.706200004], [-12026822.068300001, 5661978.8561], [-12026859.306699999, 5661981.454999998], [-12026896.2959, 5661986.491999999], [-12026932.877700001, 5661993.945100002], [-12026968.895399999, 5662003.782899998], [-12027004.194899999, 5662015.962899998], [-12027038.6249, 5662030.4331], [-12027072.0381, 5662047.131800003], [-12027104.2914, 5662065.987099998], [-12027135.2467, 5662086.9186], [-12027151.2743, 5662099.359499998], [-12027155.241999999, 5662096.722400002], [-12027157.1252, 5662095.562899999], [-12027169.997000001, 5662083.180600002], [-12027198.159699999, 5662058.597499996], [-12027216.7578, 5662044.0375000015], [-12027233.9671, 5662003.006099999], [-12027241.0915, 5661986.731299996], [-12027243.386, 5661981.766099997], [-12027275.9078, 5661912.262900002], [-12027286.375300001, 5661889.723999999], [-12027296.1917, 5661855.753700003], [-12027295.944699999, 5661848.665600002], [-12027296.0919, 5661811.213399999], [-12027296.6948, 5661798.554099999], [-12027297.559999999, 5661783.810199998], [-12027299.5456, 5661759.107199997], [-12027304.5638, 5661721.994999997], [-12027311.9904, 5661685.2919000015], [-12027312.2487, 5661684.203900002], [-12027313.4023, 5661671.5189], [-12027318.420400001, 5661634.4070999995], [-12027325.8467, 5661597.7042], [-12027335.6496, 5661561.567400001], [-12027347.7871, 5661526.1511999965], [-12027362.2071, 5661491.6076000035], [-12027378.8477, 5661458.0842999965], [-12027391.8974, 5661435.105599999], [-12027399.6786, 5661422.111400001], [-12027405.2824, 5661412.949699998], [-12027421.1863, 5661360.023500003], [-12027422.1212, 5661356.9432], [-12027434.2579, 5661321.5276999995], [-12027448.6774, 5661286.9848000035], [-12027465.3174, 5661253.4619999975], [-12027484.1067, 5661221.103], [-12027504.9651, 5661190.0462], [-12027527.8029, 5661160.424999997], [-12027552.5229, 5661132.365699999], [-12027579.0186, 5661105.988700002], [-12027607.177000001, 5661081.406900004], [-12027636.8772, 5661058.725299999], [-12027667.9922, 5661038.0414], [-12027670.4326, 5661036.540600002], [-12027675.8237, 5661031.447899997], [-12027698.9355, 5661011.036399998], [-12027714.4905, 5660998.0295], [-12027719.5364, 5660993.858900003], [-12027736.6108, 5660980.444399998], [-12027751.3264, 5660964.188600004], [-12027777.8212, 5660937.811399996], [-12027792.8952, 5660924.248300001], [-12027814.4128, 5660900.036899999], [-12027840.9071, 5660873.6598000005], [-12027869.063900001, 5660849.077600002], [-12027895.365, 5660828.837800004], [-12027910.9267, 5660817.567199998], [-12027914.3247, 5660815.125399999], [-12027945.438099999, 5660794.440899998], [-12027970.943, 5660779.564300001], [-12027971.2717, 5660779.212200001], [-12027984.232900001, 5660765.3411], [-12027985.552000001, 5660763.934299998], [-12028012.045400001, 5660737.556900002], [-12028040.201299999, 5660712.974699996], [-12028069.8993, 5660690.292499997], [-12028101.0119, 5660669.607799999], [-12028127.1683, 5660654.373499997], [-12028152.5546, 5660632.356200002], [-12028182.252, 5660609.673900001], [-12028213.3644, 5660588.988899998], [-12028245.7581, 5660570.389700003], [-12028279.2948, 5660553.956100002], [-12028313.831, 5660539.758199997], [-12028349.2185, 5660527.856899999], [-12028385.306, 5660518.303099997], [-12028421.938900001, 5660511.137800001], [-12028458.9604, 5660506.3917], [-12028468.7265, 5660505.5493], [-12028473.447700001, 5660504.442400001], [-12028495.9428, 5660499.746699996], [-12028509.7687, 5660497.150899999], [-12028523.906399999, 5660494.681000002], [-12028560.9279, 5660489.934500001], [-12028570.292, 5660489.123199999], [-12028601.3573, 5660481.050800003], [-12028604.8288, 5660480.2641], [-12028620.374499999, 5660476.7919000015], [-12028653.535500001, 5660470.412600003], [-12028690.5568, 5660465.665399998], [-12028727.8081, 5660463.357699998], [-12028729.072700001, 5660463.322499998], [-12028739.8708, 5660459.165899999], [-12028775.2575, 5660447.262999997], [-12028811.3443, 5660437.707699999], [-12028847.9765, 5660430.540600002], [-12028884.997499999, 5660425.792599998], [-12028907.755199999, 5660424.090800002], [-12028926.2823, 5660419.501199998], [-12028962.9146, 5660412.333800003], [-12028999.9354, 5660407.5852999985], [-12029037.1865, 5660405.276299998], [-12029067.0549, 5660405.192599997], [-12029095.6483, 5660402.155699998], [-12029101.9057, 5660401.526100002], [-12029139.1568, 5660399.216499999], [-12029163.0937, 5660399.024599999], [-12029178.9034, 5660394.024899997], [-12029200.999499999, 5660387.8728], [-12029209.1633, 5660385.354199998], [-12029245.249400001, 5660375.797200002], [-12029281.8812, 5660368.6285], [-12029318.9018, 5660363.878700003], [-12029356.1527, 5660361.568300001], [-12029393.4746, 5660361.707199998], [-12029430.7074, 5660364.294699997], [-12029467.6919, 5660369.319799997], [-12029480.6789, 5660371.676100001], [-12029517.7347, 5660369.383500002], [-12029552.3693, 5660369.43], [-12029555.673700001, 5660369.105999999], [-12029592.246399999, 5660366.814800002], [-12029620.7615, 5660365.949600004], [-12029621.4397, 5660365.929499999], [-12029658.7615, 5660366.067199998], [-12029669.4344, 5660366.557899997], [-12029678.0546, 5660366.6455999985], [-12029690.5951, 5660336.581799999], [-12029707.225, 5660303.057999998], [-12029709.824, 5660298.276799999], [-12029712.205, 5660292.523500003], [-12029721.9585, 5660256.5515], [-12029734.0845, 5660221.137000002], [-12029748.4932, 5660186.593999997], [-12029765.1228, 5660153.070699997], [-12029783.9015, 5660120.7104], [-12029787.888500001, 5660114.420999996], [-12029790.2393, 5660106.545699999], [-12029802.3652, 5660071.1316], [-12029810.4988, 5660050.860100001], [-12029802.1041, 5660032.926100001], [-12029787.9482, 5659998.278800003], [-12029776.0814, 5659962.777000003], [-12029766.554499999, 5659926.5726], [-12029759.4078, 5659889.820699997], [-12029758.552000001, 5659884.329400003], [-12029756.2817, 5659879.200199999], [-12029743.0134, 5659846.5473000035], [-12029731.147, 5659811.0458], [-12029721.6202, 5659774.842], [-12029714.4739, 5659738.0907000005], [-12029709.738400001, 5659700.949299999], [-12029707.9008, 5659675.442199998], [-12029704.4687, 5659667.913199998], [-12029690.3137, 5659633.267200001], [-12029678.447700001, 5659597.766599998], [-12029668.921500001, 5659561.563600004], [-12029661.7755, 5659524.813100003], [-12029657.0403, 5659487.672499999], [-12029654.7364, 5659450.300999999], [-12029654.8735, 5659412.858199999], [-12029657.451000001, 5659375.504699998], [-12029662.2708, 5659339.519400001], [-12029664.8651, 5659323.917300001], [-12029665.052299999, 5659322.798699997], [-12029672.4669, 5659286.102799997], [-12029682.2576, 5659249.972199999], [-12029689.6293, 5659227.5647], [-12029694.8162, 5659212.825900003], [-12029699.5693, 5659199.822800003], [-12029713.7237, 5659165.8389], [-12029715.3553, 5659146.623499997], [-12029720.3618, 5659109.520300001], [-12029727.775899999, 5659072.825199999], [-12029737.5662, 5659036.695200004], [-12029749.6906, 5659001.2853000015], [-12029759.8716, 5658976.240500003], [-12029760.0502, 5658974.799999997], [-12029761.7872, 5658960.931900002], [-12029765.2972, 5658937.007799998], [-12029772.7111, 5658900.3134], [-12029782.5009, 5658864.184299998], [-12029794.6249, 5658828.7749999985], [-12029806.2544, 5658800.423], [-12029806.4118, 5658799.754799999], [-12029816.201299999, 5658763.6259], [-12029828.3251, 5658728.2168999985], [-12029838.2509, 5658704.4196000025], [-12029810.220800001, 5658706.049400002], [-12029772.9058, 5658705.9125000015], [-12029735.6796, 5658703.327], [-12029698.7018, 5658698.304200001], [-12029662.1306, 5658690.8653], [-12029626.1226, 5658681.0424000025], [-12029590.8322, 5658668.877599999], [-12029556.4104, 5658654.422700003], [-12029551.8956, 5658652.326200001], [-12029532.952399999, 5658645.474299997], [-12029498.5308, 5658631.019400001], [-12029475.6338, 5658619.881399997], [-12029462.1343, 5658614.493799999], [-12029438.3691, 5658609.375299998], [-12029408.968, 5658601.545400001], [-12029394.2766, 5658597.208700001], [-12029387.6705, 5658595.215000004], [-12029352.3807, 5658583.049400002], [-12029317.9596, 5658568.593900003], [-12029284.5547, 5658551.910400003], [-12029252.3088, 5658533.0704], [-12029221.3603, 5658512.1548999995], [-12029191.841400001, 5658489.253200002], [-12029163.879099999, 5658464.463399999], [-12029137.592500001, 5658437.891599998], [-12029113.0943, 5658409.651799999], [-12029090.489799999, 5658379.865099996], [-12029069.8754, 5658348.658699997], [-12029051.339499999, 5658316.1664], [-12029034.9614, 5658282.527400002], [-12029020.8112, 5658247.885799997], [-12029008.9495, 5658212.390000001], [-12028999.4271, 5658176.1919], [-12028992.284699999, 5658139.446699999], [-12028987.5529, 5658102.3116], [-12028985.2521, 5658064.945600003], [-12028985.391800001, 5658027.508699998], [-12028987.9713, 5657990.1613000035], [-12028992.979899999, 5657953.0634], [-12029000.396, 5657916.3737], [-12029010.1877, 5657880.249300003], [-12029022.3132, 5657844.844899997], [-12029036.7204, 5657810.312100001], [-12029053.3477, 5657776.798900001], [-12029071.751600001, 5657745.044799998], [-12029080.3955, 5657731.175300002], [-12029080.767900001, 5657730.578900002], [-12029101.612300001, 5657699.530100003], [-12029124.435899999, 5657669.915600002], [-12029149.1409, 5657641.862199999], [-12029175.621399999, 5657615.490000002], [-12029203.7645, 5657590.912100002], [-12029233.449, 5657568.233499996], [-12029264.5482, 5657547.551200002], [-12029296.9289, 5657528.954000004], [-12029330.4523, 5657512.521399997], [-12029335.727400001, 5657510.179099999], [-12029397.069699999, 5657483.310900003], [-12029426.3173, 5657471.455499999], [-12029438.9558, 5657466.9054000005], [-12029454.6614, 5657451.682300001], [-12029482.8029, 5657427.103699997], [-12029512.4864, 5657404.424599998], [-12029543.5844, 5657383.741700001], [-12029575.9638, 5657365.143799998], [-12029609.4861, 5657348.710500002], [-12029644.0078, 5657334.5119], [-12029656.028, 5657330.467299998], [-12029656.1557, 5657330.1613000035], [-12029658.7512, 5657324.549599998], [-12029665.667399999, 5657309.806100003], [-12029679.6959, 5657281.904799998], [-12029698.4687, 5657249.554799996], [-12029719.3099, 5657218.506200001], [-12029742.1304, 5657188.891400002], [-12029760.188299999, 5657168.025600001], [-12029759.3619, 5657149.665899999], [-12029759.498100001, 5657112.232699998], [-12029761.7328, 5657078.344700001], [-12029766.0475, 5657033.273199998], [-12029766.3887, 5657029.817199998], [-12029771.3937, 5656992.7228000015], [-12029771.6014, 5656991.495899998], [-12029770.9659, 5656988.746200003], [-12029763.8212, 5656952.006300002], [-12029759.0865, 5656914.876400001], [-12029758.211199999, 5656904.634300001], [-12029752.8226, 5656883.0009], [-12029745.6779, 5656846.261399999], [-12029740.943300001, 5656809.131899998], [-12029740.7327, 5656806.853100002], [-12029739.8357, 5656796.937700003], [-12029723.126699999, 5656722.956699997], [-12029716.3083, 5656687.653300002], [-12029711.574, 5656650.524400003], [-12029710.437800001, 5656636.719899997], [-12029705.2683, 5656563.064199999], [-12029704.1009, 5656539.509000003], [-12029704.237300001, 5656502.078299999], [-12029705.9914, 5656473.468099996], [-12029702.6215, 5656424.396300003], [-12029701.514, 5656401.701200001], [-12029701.6503, 5656364.2711], [-12029704.226300001, 5656326.930299997], [-12029709.2308, 5656289.838600002], [-12029716.6423, 5656253.154799998], [-12029718.254999999, 5656246.505900003], [-12029721.7073, 5656232.633299999], [-12029727.0324, 5656212.7632], [-12029736.9674, 5656140.718699999], [-12029737.7989, 5656111.960600004], [-12029740.512, 5656070.4065999985], [-12029745.5162, 5656033.316], [-12029749.2642, 5656013.236000001], [-12029755.309500001, 5655983.767499998], [-12029758.9725, 5655967.164800003], [-12029768.7588, 5655931.0471], [-12029780.8785, 5655895.649300002], [-12029795.2795, 5655861.122500002], [-12029800.879099999, 5655849.2064], [-12029815.5613, 5655818.872900002], [-12029822.6577, 5655804.7146999985], [-12029830.9769, 5655781.255199999], [-12029845.377500001, 5655746.728699997], [-12029861.9978, 5655713.2214], [-12029866.6924, 5655704.6613000035], [-12029871.2782, 5655688.101800002], [-12029875.5978, 5655673.365199998], [-12029877.587299999, 5655666.7267], [-12029889.7062, 5655631.329499997], [-12029904.1064, 5655596.803499997], [-12029911.3453, 5655581.527999997], [-12029914.4412, 5655567.6558], [-12029924.2264, 5655531.5396], [-12029936.3446, 5655496.1428999975], [-12029940.8595, 5655484.615599997], [-12029953.817, 5655452.5559], [-12029963.7017, 5655429.557899997], [-12029980.321, 5655396.051200002], [-12029999.0886, 5655363.707199998], [-12030019.9243, 5655332.664099999], [-12030042.7385, 5655303.054499999], [-12030067.4342, 5655275.005500004], [-12030093.905000001, 5655248.637199998], [-12030122.037700001, 5655224.062299997], [-12030151.7122, 5655201.386200003], [-12030182.8011, 5655180.706], [-12030215.1712, 5655162.109999999], [-12030248.6841, 5655145.6778], [-12030283.1964, 5655131.4799000025], [-12030318.5601, 5655119.577100001], [-12030354.6239, 5655110.020400003], [-12030391.2334, 5655102.8505000025], [-12030428.231800001, 5655098.097900003], [-12030465.4608, 5655095.783500001], [-12030502.761, 5655095.9169000015], [-12030539.9725, 5655098.497699998], [-12030576.9363, 5655103.514399998], [-12030613.494, 5655110.946199998], [-12030649.4888, 5655120.760700002], [-12030684.7672, 5655132.916100003], [-12030719.1777, 5655147.3605], [-12030752.5731, 5655164.0320999995], [-12030784.8104, 5655182.859200001], [-12030815.751699999, 5655203.761500001], [-12030845.2643, 5655226.6492], [-12030873.221900001, 5655251.424999997], [-12030899.504700001, 5655277.981799997], [-12030924.000300001, 5655306.207000002], [-12030935.0186, 5655320.215400003], [-12030946.2392, 5655334.947800003], [-12030957.8243, 5655350.7114999965], [-12030978.439, 5655381.903300002], [-12030996.9764, 5655414.380900003], [-12031013.357099999, 5655448.0057], [-12031027.511, 5655482.633599997], [-12031039.377500001, 5655518.116099998], [-12031046.1618, 5655542.846699998], [-12031049.631, 5655556.700000003], [-12031052.3751, 5655568.155000001], [-12031059.5243, 5655604.888499998], [-12031064.2637, 5655642.012500003], [-12031066.5731, 5655679.368299998], [-12031066.442499999, 5655716.7958], [-12031063.872299999, 5655754.1347], [-12031059.037999999, 5655790.241999999], [-12031056.1081, 5655844.269500002], [-12031051.1096, 5655881.3605], [-12031043.7036, 5655918.043799996], [-12031043.254, 5655919.933799997], [-12031041.4267, 5655942.205600001], [-12031036.4279, 5655979.296999998], [-12031033.9159, 5655993.188299999], [-12031043.1342, 5656016.455799997], [-12031055.001400001, 5656051.940499999], [-12031056.9919, 5656058.762800001], [-12031068.749200001, 5656079.923900001], [-12031085.131299999, 5656113.551100001], [-12031099.2865, 5656148.181400001], [-12031102.673, 5656157.555], [-12031107.8544, 5656172.296499997], [-12031111.872299999, 5656184.139600001], [-12031125.501400001, 5656202.569899999], [-12031130.3525, 5656209.521300003], [-12031130.7166, 5656209.865400001], [-12031157.002999999, 5656236.424500003], [-12031181.501899999, 5656264.652000003], [-12031204.1086, 5656294.426700003], [-12031224.726, 5656325.621100001], [-12031243.2662, 5656358.101800002], [-12031259.649500001, 5656391.729699999], [-12031263.0187, 5656399.410999998], [-12031275.2385, 5656421.362199999], [-12031291.6221, 5656454.990199998], [-12031305.7785, 5656489.621600002], [-12031308.2669, 5656497.062100001], [-12031315.3895, 5656492.2129999995], [-12031330.0682, 5656482.688100003], [-12031340.295, 5656476.205600001], [-12031372.6678, 5656457.602600001], [-12031406.1837, 5656441.163999997], [-12031428.774, 5656431.569300003], [-12031437.0922, 5656423.648199998], [-12031458.3584, 5656404.770999998], [-12031471.0689, 5656386.354099996], [-12031493.8815, 5656356.737400003], [-12031518.5756, 5656328.681199998], [-12031545.0455, 5656302.305399999], [-12031573.1779, 5656277.723200001], [-12031602.8525, 5656255.0396], [-12031633.9418, 5656234.351800002], [-12031666.313000001, 5656215.748400003], [-12031699.8275, 5656199.309100002], [-12031734.341699999, 5656185.104000002], [-12031769.707899999, 5656173.194200002], [-12031805.7747, 5656163.630400002], [-12031842.3875, 5656156.4538], [-12031879.3897, 5656151.695], [-12031888.6516, 5656151.117700003], [-12031899.1129, 5656144.0233], [-12031918.962299999, 5656131.155299999], [-12031951.3325, 5656112.551100001], [-12031984.8462, 5656096.110799998], [-12031989.6383, 5656093.978399999], [-12032017.2696, 5656081.8354], [-12032046.9908, 5656069.761600003], [-12032082.3562, 5656057.8508], [-12032102.875300001, 5656052.098700002], [-12032126.5948, 5656025.2183], [-12032153.062199999, 5655998.841600001], [-12032166.738400001, 5655986.483599998], [-12032173.3445, 5655973.806100003], [-12032178.2573, 5655964.851199999], [-12032186.030000001, 5655950.978299998], [-12032199.8785, 5655927.582199998], [-12032220.708, 5655896.5317], [-12032239.0744, 5655872.376900002], [-12032260.6563, 5655845.504199997], [-12032265.0987, 5655840.0419000015], [-12032289.7889, 5655811.984899998], [-12032316.255199999, 5655785.608199999], [-12032327.2786, 5655775.5847999975], [-12032341.9523, 5655762.587899998], [-12032359.0576, 5655748.027999997], [-12032388.7284, 5655725.343099996], [-12032419.814199999, 5655704.6536], [-12032452.1819, 5655686.048299998], [-12032458.473299999, 5655682.751800001], [-12032470.268199999, 5655669.808399998], [-12032470.5431, 5655669.516800001], [-12032482.5381, 5655634.448299997], [-12032496.928399999, 5655599.917800002], [-12032513.5386, 5655566.405599996], [-12032532.2978, 5655534.055200003], [-12032553.1252, 5655503.005199999], [-12032575.932, 5655473.388499998], [-12032600.6202, 5655445.331900001], [-12032627.0846, 5655418.955200002], [-12032655.2113, 5655394.371699996], [-12032684.879999999, 5655371.686700001], [-12032715.9641, 5655350.9969], [-12032748.3299, 5655332.3913], [-12032760.2064, 5655326.250299998], [-12032774.0233, 5655319.310599998], [-12032795.656, 5655309.009300001], [-12032830.1654, 5655294.801200002], [-12032865.5266, 5655282.887999997], [-12032901.5888, 5655273.320600003], [-12032938.1973, 5655266.140100002], [-12032975.1953, 5655261.376999997], [-12033012.4247, 5655259.051899999], [-12033049.7259, 5655259.174800001], [-12033086.939399999, 5655261.744999997], [-12033123.9057, 5655266.751400001], [-12033160.466400001, 5655274.173], [-12033183.1617, 5655280.3543], [-12033190.620299999, 5655252.786200002], [-12033202.725499999, 5655217.385700002], [-12033217.1125, 5655182.8554000035], [-12033233.7192, 5655149.3434000015], [-12033252.4747, 5655116.992799997], [-12033273.2988, 5655085.942500003], [-12033296.1021, 5655056.325099997], [-12033320.7872, 5655028.2676], [-12033347.248100001, 5655001.889899999], [-12033375.3716, 5654977.305299997], [-12033405.0373, 5654954.618500002], [-12033436.1182, 5654933.927199997], [-12033468.4812, 5654915.319700003], [-12033468.486499999, 5654915.317000002], [-12033480.3566, 5654909.178400002], [-12033494.1724, 5654902.237499997], [-12033515.803399999, 5654891.935000002], [-12033550.309999999, 5654877.724799998], [-12033585.6687, 5654865.809100002], [-12033621.728500001, 5654856.239200003], [-12033658.334800001, 5654849.0559], [-12033695.3309, 5654844.290100001], [-12033732.558600001, 5654841.962099999], [-12033769.8581, 5654842.081900001], [-12033790.6541, 5654843.2136999965], [-12033798.1816, 5654830.806599997], [-12033819.0031, 5654799.755999997], [-12033841.8041, 5654770.137999997], [-12033866.4866, 5654742.079599999], [-12033892.945, 5654715.701200001], [-12033921.0662, 5654691.115599997], [-12033950.7297, 5654668.427699998], [-12033981.808400001, 5654647.735100001], [-12034014.169300001, 5654629.126000002], [-12034047.673700001, 5654612.680299997], [-12034082.1783, 5654598.4684000015], [-12034117.5354, 5654586.550899997], [-12034153.5935, 5654576.979199998], [-12034190.1984, 5654569.793899998], [-12034227.1932, 5654565.025899999], [-12034264.419599999, 5654562.695600003], [-12034301.7181, 5654562.813199997], [-12034338.929200001, 5654565.377800003], [-12034375.8935, 5654570.378700003], [-12034412.4526, 5654577.794399999], [-12034448.450199999, 5654587.593199998], [-12034483.732099999, 5654599.733000003], [-12034509.5329, 5654610.299599998], [-12034523.3507, 5654616.358199999], [-12034531.9649, 5654620.2206000015], [-12034565.366, 5654636.877099998], [-12034597.610100001, 5654655.689599998], [-12034609.102699999, 5654663.104000002], [-12034625.6304, 5654653.950999998], [-12034659.1339, 5654637.502999999], [-12034693.6379, 5654623.288599998], [-12034728.9943, 5654611.368699998], [-12034765.0521, 5654601.794299997], [-12034801.6565, 5654594.606700003], [-12034838.6512, 5654589.836099997], [-12034875.877500001, 5654587.503300004], [-12034913.1764, 5654587.618199997], [-12034950.387699999, 5654590.180200003], [-12034987.3526, 5654595.1787], [-12035004.5494, 5654598.354599997], [-12035021.819699999, 5654601.819600001], [-12035041.182799999, 5654606.056900002], [-12035077.181200001, 5654615.853399999], [-12035084.8881, 5654618.2853000015], [-12035120.369199999, 5654627.957999997], [-12035155.6522, 5654640.0955], [-12035190.0687, 5654654.522], [-12035223.4712, 5654671.176100001], [-12035255.716699999, 5654689.986299999], [-12035280.0537, 5654706.1586000025], [-12035292.5868, 5654712.729000002], [-12035306.9213, 5654721.010399997], [-12035309.4563, 5654719.996399999], [-12035344.8125, 5654708.074100003], [-12035380.870000001, 5654698.497199997], [-12035417.4745, 5654691.306699999], [-12035454.4693, 5654686.5336000025], [-12035483.1505, 5654684.517800003], [-12035506.9426, 5654678.483199999], [-12035534.8632, 5654672.998099998], [-12035531.945799999, 5654658.0484], [-12035527.188299999, 5654620.93], [-12035525.0436, 5654588.918399997], [-12035523.2887, 5654543.866300002], [-12035523.1055, 5654538.527000003], [-12035523.2174, 5654501.103600003], [-12035524.2917, 5654480.932999998], [-12035524.2859, 5654480.877999999], [-12035523.643, 5654474.499499999], [-12035521.315299999, 5654437.1492], [-12035521.4272, 5654399.726199999], [-12035523.9782, 5654362.391000003], [-12035528.9575, 5654325.303199999], [-12035536.343600001, 5654288.621600002], [-12035546.104899999, 5654252.5035], [-12035558.1997, 5654217.103299998], [-12035572.576000001, 5654182.572800003], [-12035589.1721, 5654149.059699997], [-12035607.9172, 5654116.707400002], [-12035628.7308, 5654085.654700004], [-12035651.524, 5654056.034199998], [-12035659.8818, 5654046.5295], [-12035671.2, 5654013.400600001], [-12035685.5755, 5653978.8706], [-12035702.171, 5653945.358000003], [-12035720.9151, 5653913.006099999], [-12035741.7281, 5653881.9538], [-12035764.5203, 5653852.3336], [-12035789.1945, 5653824.272699997], [-12035815.6446, 5653797.890900001], [-12035818.1119, 5653795.732699998], [-12035822.7117, 5653772.885499999], [-12035832.4714, 5653736.769000001], [-12035844.564100001, 5653701.370399997], [-12035858.938299999, 5653666.841200002], [-12035875.5326, 5653633.329499997], [-12035878.1252, 5653628.551399998], [-12035890.2001, 5653604.727799997], [-12035908.943, 5653572.376900002], [-12035929.7544, 5653541.325199999], [-12035952.5452, 5653511.705700003], [-12035977.2177, 5653483.645000003], [-12035979.184799999, 5653481.682899997], [-12035986.0395, 5653465.216300003], [-12036002.6327, 5653431.7048999965], [-12036021.3749, 5653399.3543], [-12036042.1853, 5653368.3028], [-12036064.9753, 5653338.683499999], [-12036089.6471, 5653310.623099998], [-12036116.0949, 5653284.241899997], [-12036144.2058, 5653259.652599998], [-12036173.859000001, 5653236.9608], [-12036204.9278, 5653216.263300002], [-12036237.2791, 5653197.648800001], [-12036270.774500001, 5653181.196999997], [-12036305.270399999, 5653166.978299998], [-12036340.6191, 5653155.053800002], [-12036359.8542, 5653149.627499998], [-12036376.264899999, 5653145.307800002], [-12036393.08, 5653141.1545], [-12036429.6775, 5653133.961000003], [-12036466.6654, 5653129.1844], [-12036503.8858, 5653126.844999999], [-12036541.1786, 5653126.9526999965], [-12036578.3848, 5653129.507600002], [-12036615.344700001, 5653134.498300001], [-12036651.9002, 5653141.9036], [-12036676.635200001, 5653148.629699998], [-12036598.759399999, 5653089.080899999], [-12036578.6524, 5653077.024899997], [-12036547.704300001, 5653056.147200003], [-12036526.9241, 5653040.378799997], [-12036485.5026, 5653007.426899999], [-12036476.7622, 5653000.331500001], [-12036448.7952, 5652975.579300001], [-12036422.501899999, 5652949.045000002], [-12036397.9947, 5652920.842], [-12036375.3785, 5652891.0911], [-12036354.7502, 5652859.920000002], [-12036336.1979, 5652827.462099999], [-12036319.8016, 5652793.856200002], [-12036305.630800001, 5652759.2465], [-12036296.9718, 5652734.199299999], [-12036275.3946, 5652726.9833], [-12036253.3043, 5652719.0854], [-12036218.8934, 5652704.666299999], [-12036185.496100001, 5652688.019500002], [-12036167.238, 5652677.720299996], [-12036152.5502, 5652669.074699998], [-12036138.5678, 5652660.571400002], [-12036107.622299999, 5652639.693400003], [-12036078.104, 5652616.8292], [-12036050.1393, 5652592.077], [-12036023.8482, 5652565.542599998], [-12035999.3433, 5652537.3396999985], [-12035976.7293, 5652507.5891999975], [-12035956.1034, 5652476.418700002], [-12035937.553399999, 5652443.961300001], [-12035921.159, 5652410.3561], [-12035906.9903, 5652375.747299999], [-12035895.108199999, 5652340.282899998], [-12035885.563299999, 5652304.114799999], [-12035878.3964, 5652267.398000002], [-12035873.6383, 5652230.289800003], [-12035871.3094, 5652192.948799998], [-12035871.4194, 5652155.534900002], [-12035873.968, 5652118.2086], [-12035878.944400001, 5652081.129799999], [-12035886.3269, 5652044.457000002], [-12035896.0842, 5652008.3473000005], [-12035900.2242, 5651995.3527000025], [-12035902.811700001, 5651987.553599998], [-12035910.7617, 5651965.156099997], [-12035925.1326, 5651930.633500002], [-12035941.7231, 5651897.127700001], [-12035960.462000001, 5651864.782700002], [-12035981.269000001, 5651833.736599997], [-12036004.055100001, 5651804.122199997], [-12036028.7226, 5651776.066600002], [-12036055.1659, 5651749.689999998], [-12036083.272, 5651725.104800001], [-12036089.993, 5651719.688000001], [-12036106.3839, 5651706.681000002], [-12036129.311, 5651689.409699999], [-12036160.3743, 5651668.715800002], [-12036192.7203, 5651650.104500003], [-12036209.623300001, 5651641.4614999965], [-12036215.8801, 5651638.392700002], [-12036242.0444, 5651623.558799997], [-12036275.5337, 5651607.1096], [-12036300.29, 5651596.6391], [-12036315.9717, 5651585.022], [-12036318.2906, 5651583.373599999], [-12036332.972199999, 5651572.992700003], [-12036361.716, 5651553.946500003], [-12036394.060800001, 5651535.334600002], [-12036427.5495, 5651518.8851], [-12036437.3423, 5651514.577799998], [-12036438.971900001, 5651513.706500001], [-12036472.4605, 5651497.256800003], [-12036504.2191, 5651484.07], [-12036517.6921, 5651469.204700001], [-12036544.1332, 5651442.827399999], [-12036572.2369, 5651418.241599999], [-12036601.8828, 5651395.552599996], [-12036602.5517, 5651395.107000001], [-12036598.9801, 5651392.961199999], [-12036568.0375, 5651372.087800004], [-12036563.4051, 5651368.701099999], [-12036534.0614, 5651347.021499999], [-12036509.178399999, 5651327.548900001], [-12036481.2166, 5651302.801600002], [-12036467.0986, 5651288.987199999], [-12036440.6796, 5651265.522200003], [-12036440.384399999, 5651265.242899999], [-12036438.296500001, 5651265.107900001], [-12036435.9181, 5651265.1008], [-12036398.7198, 5651262.546400003], [-12036361.7675, 5651257.556000002], [-12036357.6303, 5651256.842600003], [-12036342.9561, 5651254.256300002], [-12036310.5458, 5651247.565099999], [-12036274.5591, 5651237.777900003], [-12036239.2876, 5651225.649800003], [-12036204.882399999, 5651211.233199999], [-12036171.4904, 5651194.589500003], [-12036139.2553, 5651175.7902000025], [-12036108.314399999, 5651154.9155], [-12036078.801, 5651132.055500001], [-12036050.8408, 5651107.307400003], [-12036026.1974, 5651082.540799998], [-12036013.2282, 5651068.683200002], [-12036011.5847, 5651066.919799998], [-12035987.083700001, 5651038.721900001], [-12035964.4735, 5651008.976400003], [-12035943.8507, 5650977.810900003], [-12035925.3035, 5650945.358999997], [-12035908.9118, 5650911.759599999], [-12035894.7454, 5650877.1565999985], [-12035882.8651, 5650841.698100001], [-12035873.321600001, 5650805.535999998], [-12035866.1557, 5650768.825300001], [-12035861.3981, 5650731.723099999], [-12035859.0695, 5650694.388400003], [-12035859.1794, 5650656.980800003], [-12035861.7275, 5650619.660599999], [-12035866.7027, 5650582.587700002], [-12035874.0839, 5650545.921099998], [-12035883.8393, 5650509.817199998], [-12035895.9272, 5650474.431000002], [-12035910.2956, 5650439.913999997], [-12035918.8534, 5650421.945699997], [-12035920.5777, 5650418.481600001], [-12035928.6076, 5650402.949600004], [-12035947.3431, 5650370.6098000035], [-12035968.1467, 5650339.568499997], [-12035990.9288, 5650309.959200002], [-12036015.5922, 5650281.9081000015], [-12036042.031, 5650255.535499997], [-12036063.5565, 5650236.4196000025], [-12036106.691599999, 5650200.0185], [-12036113.267099999, 5650194.553300001], [-12036142.9101, 5650171.868900001], [-12036173.9681, 5650151.178099997], [-12036174.9687, 5650150.559199996], [-12036174.4107, 5650137.104599997], [-12036174.5191, 5650099.699299999], [-12036177.0657, 5650062.381399997], [-12036182.0394, 5650025.310599998], [-12036189.4186, 5649988.6457], [-12036199.1722, 5649952.543700002], [-12036211.2579, 5649917.159199998], [-12036225.6243, 5649882.643600002], [-12036242.2096, 5649849.144699998], [-12036260.9428, 5649816.806100003], [-12036281.743900001, 5649785.766099997], [-12036304.523699999, 5649756.1576000005], [-12036329.1844, 5649728.107199997], [-12036355.6207, 5649701.735299997], [-12036383.7193, 5649677.154700004], [-12036413.3599, 5649654.4705], [-12036444.4156, 5649633.7798999995], [-12036476.7532, 5649615.171400003], [-12036510.2346, 5649598.724699996], [-12036544.7163, 5649584.510399997], [-12036580.0505, 5649572.589000002], [-12036616.086199999, 5649563.011699997], [-12036652.6688, 5649555.819600001], [-12036689.642099999, 5649551.043399997], [-12036726.847199999, 5649548.703500003], [-12036744.246, 5649548.448399998], [-12036749.3222, 5649548.451899998], [-12036765.3072, 5649524.595899999], [-12036788.0844, 5649494.986900002], [-12036812.7432, 5649466.935900003], [-12036839.1772, 5649440.563299999], [-12036867.2738, 5649415.981899999], [-12036896.9124, 5649393.296300001], [-12036927.966, 5649372.604800001], [-12036960.302000001, 5649353.994900003], [-12036993.7815, 5649337.5471], [-12037028.2614, 5649323.331100002], [-12037063.5941, 5649311.408], [-12037099.6282, 5649301.829099998], [-12037136.2094, 5649294.6351], [-12037173.181400001, 5649289.856899999], [-12037198.9651, 5649288.233900003], [-12037201.2752, 5649267.910099998], [-12037205.4768, 5649237.990599997], [-12037212.851300001, 5649201.3279], [-12037222.5998, 5649165.227799997], [-12037234.680300001, 5649129.8445999995], [-12037249.0414, 5649095.330300003], [-12037265.6216, 5649061.8323], [-12037284.349399999, 5649029.494099997], [-12037305.145100001, 5648998.454000004], [-12037327.919599999, 5648968.845399998], [-12037352.575, 5648940.794500001], [-12037379.006099999, 5648914.421599999], [-12037407.099399999, 5648889.839500003], [-12037436.7349, 5648867.153800003], [-12037467.7854, 5648846.461300001], [-12037500.1185, 5648827.850699998], [-12037533.5951, 5648811.401500002], [-12037568.0722, 5648797.184], [-12037603.4021, 5648785.259599999], [-12037639.4337, 5648775.678900003], [-12037676.012400001, 5648768.483199999], [-12037712.982, 5648763.7029], [-12037750.183899999, 5648761.358800001], [-12037787.458999999, 5648761.4608], [-12037824.6477, 5648764.008500002], [-12037861.5908, 5648768.990999997], [-12037898.1299, 5648776.387100004], [-12037934.1088, 5648786.164999999], [-12037969.373399999, 5648798.2826000005], [-12038003.7727, 5648812.6884], [-12038037.1595, 5648829.320900001], [-12038069.3908, 5648848.1083], [-12038100.3286, 5648868.9705], [-12038129.8401, 5648891.818300001], [-12038157.7996, 5648916.5537], [-12038184.0868, 5648943.071199998], [-12038208.5896, 5648971.256700002], [-12038231.2025, 5649000.9899], [-12038236.9996, 5649009.307999998], [-12038246.4837, 5649023.177599996], [-12038261.3132, 5649046.012999997], [-12038279.8653, 5649078.453299999], [-12038296.2629, 5649112.0419000015], [-12038310.436099999, 5649146.6347], [-12038320.423700001, 5649175.8662], [-12038322.114500001, 5649179.600599997], [-12038329.4057, 5649196.592], [-12038340.614, 5649214.066], [-12038355.8603, 5649240.3521], [-12038367.3477, 5649258.244000003], [-12038385.9004, 5649290.684900001], [-12038402.2989, 5649324.274099998], [-12038416.4728, 5649358.867600001], [-12038428.361499999, 5649394.317100003], [-12038433.7731, 5649413.610200003], [-12038438.0806, 5649430.0682], [-12038442.2216, 5649446.929200001], [-12038444.869, 5649460.471900001], [-12038446.7532, 5649423.101400003], [-12038451.7172, 5649386.0315999985], [-12038459.0867, 5649349.3671], [-12038468.8303, 5649313.264899999], [-12038480.906399999, 5649277.8794], [-12038495.2629, 5649243.362300001], [-12038502.9297, 5649227.180200003], [-12038511.1888, 5649197.237199999], [-12038522.6458, 5649163.495899998], [-12038527.838100001, 5649149.635899998], [-12038528.457, 5649147.991999999], [-12038542.813299999, 5649113.475299999], [-12038548.031100001, 5649102.321400002], [-12038551.589499999, 5649086.145000003], [-12038561.3324, 5649050.043700002], [-12038566.9395, 5649032.669299997], [-12038569.9881, 5649022.333300002], [-12038582.063099999, 5648986.948799998], [-12038589.499200001, 5648968.280500002], [-12038593.045, 5648951.560000002], [-12038593.0475, 5648951.496200003], [-12038595.4944, 5648916.566699997], [-12038600.4574, 5648879.498899996], [-12038607.8259, 5648842.836300001], [-12038617.5684, 5648806.736000001], [-12038618.2309, 5648804.5803999975], [-12038618.855700001, 5648783.720899999], [-12038621.4904, 5648743.374899998], [-12038626.453200001, 5648706.307800002], [-12038633.8212, 5648669.645900004], [-12038643.5634, 5648633.546099998], [-12038651.8451, 5648608.492299996], [-12038651.763500001, 5648605.955300003], [-12038651.861499999, 5648568.5559], [-12038652.7736, 5648550.644699998], [-12038650.3245, 5648536.6206], [-12038645.5563, 5648499.5286], [-12038643.2163, 5648462.203400001], [-12038643.3143, 5648424.804499999], [-12038645.8499, 5648387.492399998], [-12038650.8121, 5648350.426799998], [-12038658.18, 5648313.766199999], [-12038667.9217, 5648277.667800002], [-12038676.979, 5648250.450599998], [-12038678.732900001, 5648229.0385000035], [-12038683.6951, 5648191.973399997], [-12038691.0624, 5648155.313500002], [-12038696.248300001, 5648134.943700001], [-12038698.4079, 5648120.972999997], [-12038705.7754, 5648084.313299999], [-12038715.5164, 5648048.215800002], [-12038727.5897, 5648012.834899999], [-12038734.9611, 5647994.319300003], [-12038739.9139, 5647957.3433], [-12038747.281100001, 5647920.684100002], [-12038757.0218, 5647884.587200001], [-12038769.0945, 5647849.206799999], [-12038783.4475, 5647814.694600001], [-12038800.0198, 5647781.198100001], [-12038818.739500001, 5647748.861100003], [-12038824.6096, 5647739.641999997], [-12038825.070799999, 5647738.7798999995], [-12038843.7903, 5647706.442900002], [-12038864.577399999, 5647675.403499998], [-12038875.4401, 5647660.775700003], [-12038893.0794, 5647634.728], [-12038915.844999999, 5647605.119499996], [-12038940.4919, 5647577.068099998], [-12038966.9143, 5647550.694200002], [-12038994.9991, 5647526.110699996], [-12039024.6263, 5647503.422700003], [-12039053.785, 5647483.901100002], [-12039072.2578, 5647471.271600001], [-12039075.2923, 5647467.875799999], [-12039084.6588, 5647457.647200003], [-12039111.0803, 5647431.2733], [-12039139.1644, 5647406.689599998], [-12039168.7908, 5647384.001500003], [-12039199.8325, 5647363.306000002], [-12039232.1565, 5647344.691699997], [-12039265.624499999, 5647328.238399997], [-12039267.7077, 5647327.303099997], [-12039289.126600001, 5647315.285700001], [-12039322.5944, 5647298.8323], [-12039357.063099999, 5647284.610100001], [-12039392.385, 5647272.680299997], [-12039400.056400001, 5647270.638899997], [-12039400.642900001, 5647258.658799998], [-12039401.5122, 5647244.804399997], [-12039403.2727, 5647223.259300001], [-12039408.2311, 5647186.197899997], [-12039415.5946, 5647149.541199997], [-12039425.3319, 5647113.446400002], [-12039437.400899999, 5647078.068000004], [-12039451.7502, 5647043.557499997], [-12039468.3182, 5647010.062600002], [-12039473.021, 5647001.465899996], [-12039476.4979, 5646977.579999998], [-12039476.499400001, 5646977.567900002], [-12039483.8627, 5646940.9120000005], [-12039493.5993, 5646904.818099998], [-12039505.6678, 5646869.440399997], [-12039520.0165, 5646834.930600002], [-12039536.583700001, 5646801.436099999], [-12039555.2988, 5646769.1008], [-12039576.0814, 5646738.062899999], [-12039598.8424, 5646708.455300003], [-12039623.4847, 5646680.404700004], [-12039649.9024, 5646654.031300001], [-12039677.9826, 5646629.447899997], [-12039707.6051, 5646606.759599999], [-12039738.6426, 5646586.064000003], [-12039770.9629, 5646567.449299999], [-12039783.456500001, 5646560.986299999], [-12039797.2683, 5646554.056299999], [-12039818.2391, 5646544.065300003], [-12039843.0101, 5646533.577], [-12039851.8673, 5646525.114600003], [-12039879.9465, 5646500.5309000015], [-12039909.568, 5646477.842500001], [-12039940.604899999, 5646457.146200001], [-12039966.210900001, 5646442.168099999], [-12039971.0959, 5646439.479099996], [-12039999.283300001, 5646420.807400003], [-12040031.6023, 5646402.192000002], [-12040065.065499999, 5646385.737300001], [-12040099.5295, 5646371.513599999], [-12040134.846900001, 5646359.581799999], [-12040168.598000001, 5646350.522699997], [-12040173.4657, 5646349.375699997], [-12040176.5889, 5646347.697999999], [-12040210.0516, 5646331.242799997], [-12040237.9032, 5646319.544], [-12040253.4396, 5646313.4987], [-12040260.0516, 5646310.973099999], [-12040295.3684, 5646299.040799998], [-12040331.3875, 5646289.451399997], [-12040367.954300001, 5646282.245999999], [-12040404.9125, 5646277.455700003], [-12040442.1039, 5646275.100599997], [-12040479.369199999, 5646275.191200003], [-12040516.5488, 5646277.7267], [-12040553.4836, 5646282.696400002], [-12040584.2743, 5646288.752999999], [-12040636.4751, 5646291.618600003], [-12040673.41, 5646296.587800004], [-12040709.942, 5646303.969899997], [-12040745.9144, 5646313.733599998], [-12040746.3087, 5646313.854699999], [-12040760.2956, 5646312.8266], [-12040784.6318, 5646311.562100001], [-12040813.494199999, 5646311.417300001], [-12040824.556699999, 5646311.643200003], [-12040855.3926, 5646309.862999998], [-12040886.9571, 5646309.7798999995], [-12040898.4879, 5646306.165799998], [-12040934.5065, 5646296.574000001], [-12040971.072999999, 5646289.3662], [-12041008.031100001, 5646284.573200002], [-12041045.2223, 5646282.215499997], [-12041058.8762, 5646282.247900002], [-12041053.0098, 5646268.504299998], [-12041046.9674, 5646253.7826000005], [-12041040.0913, 5646236.211400002], [-12041028.1959, 5646200.7773], [-12041018.6359, 5646164.638800003], [-12041011.452, 5646127.950400002], [-12041007.934500001, 5646102.718099996], [-12040998.6314, 5646090.002099998], [-12040978.001400001, 5646058.865000002], [-12040959.4454, 5646026.440800004], [-12040943.0429, 5645992.8684], [-12040936.6852, 5645978.152500004], [-12040924.5376, 5645959.287299998], [-12040912.3314, 5645938.521300003], [-12040904.573800001, 5645924.6633], [-12040898.224399999, 5645913.005400002], [-12040881.8223, 5645879.433399998], [-12040867.6437, 5645844.8571000025], [-12040855.7496, 5645809.424400002], [-12040852.5538, 5645798.360399999], [-12040840.9209, 5645769.5414], [-12040835.5953, 5645754.612199999], [-12040825.255199999, 5645724.307800002], [-12040818.6871, 5645703.804799996], [-12040818.2391, 5645702.3028], [-12040813.7359, 5645693.968599997], [-12040797.3345, 5645660.397200003], [-12040783.1566, 5645625.821599998], [-12040771.263, 5645590.389700003], [-12040761.7045, 5645554.253399998], [-12040754.5221, 5645517.567100003], [-12040749.746399999, 5645480.488399997], [-12040748.6327, 5645467.240699999], [-12040731.8434, 5645437.699900001], [-12040715.4428, 5645404.1294], [-12040701.2656, 5645369.5546], [-12040689.3726, 5645334.1237], [-12040679.8146, 5645297.988200001], [-12040672.6328, 5645261.303000003], [-12040667.8575, 5645224.2255000025], [-12040665.5095, 5645186.913900003], [-12040665.5985, 5645149.528099999], [-12040668.124400001, 5645112.228600003], [-12040673.076299999, 5645075.174800001], [-12040680.4327, 5645038.5254999995], [-12040682.331799999, 5645030.689199999], [-12040685.7904, 5645016.8440999985], [-12040691.7236, 5644994.946099997], [-12040692.412, 5644975.406300001], [-12040694.7834, 5644939.746699996], [-12040699.104, 5644895.611100003], [-12040699.2537, 5644894.101499997], [-12040703.3269, 5644862.467600003], [-12040705.317699999, 5644836.970299996], [-12040710.2691, 5644799.917599998], [-12040717.6251, 5644763.269299999], [-12040721.4428, 5644749.1083], [-12040697.0308, 5644736.956699997], [-12040664.8083, 5644718.1875], [-12040633.8782, 5644697.343800001], [-12040631.3479, 5644695.504699998], [-12040607.320799999, 5644683.270900004], [-12040575.0986, 5644664.501400001], [-12040544.169, 5644643.6576000005], [-12040514.6643, 5644620.828699999], [-12040486.7111, 5644596.112599999], [-12040479.5938, 5644589.274400003], [-12040456.0761, 5644575.298299998], [-12040425.147300001, 5644554.454400003], [-12040395.643199999, 5644531.625299998], [-12040367.6906, 5644506.909100004], [-12040341.409, 5644480.411399998], [-12040316.9113, 5644452.245899998], [-12040294.3022, 5644422.533], [-12040290.0956, 5644416.269000001], [-12040274.5294, 5644413.1228], [-12040252.8411, 5644407.539099999], [-12040165.7163, 5644383.2663], [-12040151.440299999, 5644379.086900003], [-12040116.1895, 5644366.983900003], [-12040088.1618, 5644355.456200004], [-12040084.2755, 5644353.994099997], [-12040049.8893, 5644339.603699997], [-12040016.515, 5644322.987599999], [-12039984.295400001, 5644304.2168999985], [-12039984.187800001, 5644304.149599999], [-12039942.7901, 5644278.165299997], [-12039911.970800001, 5644257.387699999], [-12039882.4691, 5644234.557700001], [-12039854.5188, 5644209.840800002], [-12039828.2399, 5644183.342500001], [-12039803.7445, 5644155.176700003], [-12039783.0283, 5644128.108400002], [-12039771.822999999, 5644112.5249999985], [-12039769.9324, 5644109.880099997], [-12039749.311, 5644078.747199997], [-12039730.7634, 5644046.3279], [-12039714.3688, 5644012.760899998], [-12039700.1975, 5643978.189999998], [-12039691.757399999, 5643953.858099997], [-12039682.2846, 5643924.427500002], [-12039678.8376, 5643913.332699999], [-12039669.285, 5643877.201899998], [-12039662.1081, 5643840.522], [-12039657.3378, 5643803.449699998], [-12039655.645, 5643781.182099998], [-12039653.9342, 5643750.875600003], [-12039653.283300001, 5643735.8374999985], [-12039653.0236, 5643717.873899996], [-12039648.761300001, 5643683.995700002], [-12039646.4177, 5643646.690399997], [-12039646.1578, 5643629.103600003], [-12039646.1666, 5643613.533699997], [-12039646.486, 5643607.206299998], [-12039646.5196, 5643593.741400003], [-12039649.0489, 5643556.448600002], [-12039654.0038, 5643519.401900001], [-12039661.363, 5643482.7597], [-12039671.094700001, 5643446.679099999], [-12039683.157499999, 5643411.314499997], [-12039697.499499999, 5643376.817199998], [-12039714.0593, 5643343.335000001], [-12039732.765999999, 5643311.011299998], [-12039753.5397, 5643279.9846], [-12039776.2912, 5643250.387400001], [-12039800.922899999, 5643222.3467999995], [-12039827.3297, 5643195.982299998], [-12039855.3983, 5643171.407300003], [-12039885.0086, 5643148.726999998], [-12039916.0338, 5643128.038099997], [-12039948.341, 5643109.429300003], [-12039981.792, 5643092.980499998], [-12040016.2433, 5643078.7619], [-12040051.547600001, 5643066.8342999965], [-12040076.3386, 5643060.234399997], [-12040083.1855, 5643043.763499998], [-12040099.7433, 5643010.281800002], [-12040118.447999999, 5642977.958499998], [-12040139.2195, 5642946.9318], [-12040161.9688, 5642917.334700003], [-12040170.055, 5642908.128600001], [-12040173.806699999, 5642899.2685], [-12040190.364, 5642865.787100002], [-12040198.502999999, 5642851.118900001], [-12040214.8926, 5642822.5766], [-12040225.457600001, 5642804.921899997], [-12040246.2283, 5642773.895400003], [-12040265.1932, 5642748.951300003], [-12040286.7746, 5642722.126699999], [-12040290.5583, 5642717.4738000035], [-12040302.7163, 5642703.169], [-12040304.2766, 5642700.747199997], [-12040320.439, 5642676.993100002], [-12040343.186999999, 5642647.396499999], [-12040349.8124, 5642639.483400002], [-12040355.1669, 5642614.128399998], [-12040364.8948, 5642578.050399996], [-12040376.9534, 5642542.688100003], [-12040391.291299999, 5642508.1928], [-12040407.847, 5642474.7124999985], [-12040426.5493, 5642442.390299998], [-12040447.3185, 5642411.364799999], [-12040470.0654, 5642381.7685], [-12040494.692699999, 5642353.728399999], [-12040521.0949, 5642327.364399999], [-12040549.1589, 5642302.789499998], [-12040578.7647, 5642280.108599998], [-12040578.7687, 5642280.105999999], [-12040586.4877, 5642274.680200003], [-12040600.2842, 5642265.152400002], [-12040618.5828, 5642253.030000001], [-12040623.6196, 5642246.813299999], [-12040647.557500001, 5642219.508699998], [-12040660.4998, 5642205.660999998], [-12040661.1886, 5642204.9256], [-12040673.8496, 5642191.851300001], [-12040678.2713, 5642186.032300003], [-12040691.7762, 5642168.946800001], [-12040716.4024, 5642140.9065999985], [-12040742.803100001, 5642114.542599998], [-12040743.8882, 5642113.5304000005], [-12040744.206500001, 5642113.125], [-12040752.1746, 5642103.207199998], [-12040776.8002, 5642075.167199999], [-12040803.2006, 5642048.803099997], [-12040831.263, 5642024.227899998], [-12040854.154199999, 5642006.423900001], [-12040876.005199999, 5641981.733000003], [-12040897.7846, 5641959.739299998], [-12040901.4172, 5641955.273400001], [-12040926.042, 5641927.2333], [-12040952.441599999, 5641900.869099997], [-12040980.5032, 5641876.293799996], [-12041010.1064, 5641853.612899996], [-12041041.124699999, 5641832.922700003], [-12041073.4249, 5641814.312200002], [-12041106.868900001, 5641797.861299999], [-12041141.3137, 5641783.640100002], [-12041161.750300001, 5641776.418700002], [-12041182.7111, 5641768.080499999], [-12041218.0088, 5641756.1499999985], [-12041254.0088, 5641746.560800001], [-12041290.556400001, 5641739.354800001], [-12041327.4955, 5641734.562299997], [-12041341.7337, 5641733.3693], [-12041345.3869, 5641732.016199999], [-12041378.5427, 5641715.717500001], [-12041412.9868, 5641701.495399997], [-12041448.2841, 5641689.563900001], [-12041479.390700001, 5641681.129799999], [-12041487.1565, 5641678.1523], [-12041522.453499999, 5641666.2206000015], [-12041558.4527, 5641656.630500004], [-12041594.9999, 5641649.423100002], [-12041631.9385, 5641644.629600003], [-12041653.1118, 5641642.984999999], [-12041682.4316, 5641641.259400003], [-12041698.4305, 5641640.544100001], [-12041735.6766, 5641640.6285], [-12041748.1907, 5641641.206500001], [-12041748.3611, 5641641.189900003], [-12041785.5331, 5641638.829800002], [-12041822.7794, 5641638.913999997], [-12041859.940499999, 5641641.4419], [-12041861.704599999, 5641641.623099998], [-12041870.5674, 5641640.405699998], [-12041893.2502, 5641637.753799997], [-12041930.4221, 5641635.393100001], [-12041967.6686, 5641635.4767], [-12042004.829599999, 5641638.004000001], [-12042015.3057, 5641639.161399998], [-12042026.599399999, 5641640.5154], [-12042055.7089, 5641639.193499997], [-12042064.0853, 5641638.875], [-12042101.3319, 5641638.9580999985], [-12042138.493, 5641641.4848000035], [-12042142.0308, 5641641.853699997], [-12042155.3941, 5641643.288999997], [-12042144.7402, 5641624.678900003], [-12042128.3407, 5641591.125100002], [-12042114.1635, 5641556.567000002], [-12042103.0192, 5641523.632700004], [-12042098.5698, 5641509.037600003], [-12042088.683, 5641488.153300002], [-12042075.301199999, 5641455.7168999985], [-12042063.2243, 5641423.691799998], [-12042062.429200001, 5641421.570299998], [-12042050.535500001, 5641386.1565999985], [-12042040.9757, 5641350.038199998], [-12042033.7908, 5641313.369999997], [-12042033.4637, 5641311.331699997], [-12042028.4156, 5641279.496799998], [-12042026.4665, 5641265.309], [-12042007.298700001, 5641255.771499999], [-12041975.0853, 5641237.014600001], [-12041963.6029, 5641229.621200003], [-12041928.480700001, 5641241.489399999], [-12041902.4386, 5641248.680399999], [-12041897.3964, 5641249.944300003], [-12041872.3087, 5641262.0304000005], [-12041837.8669, 5641276.2535], [-12041802.5717, 5641288.186099999], [-12041769.2309, 5641297.1548999995], [-12041762.838, 5641299.5967999995], [-12041727.5427, 5641311.528999999], [-12041691.5449, 5641321.119499996], [-12041654.999200001, 5641328.326899998], [-12041618.0618, 5641333.120700002], [-12041595.881, 5641334.823399998], [-12041565.6846, 5641336.546599999], [-12041550.6946, 5641337.203000002], [-12041513.4496, 5641337.118000001], [-12041476.289900001, 5641334.588500001], [-12041439.374699999, 5641329.626000002], [-12041414.9946, 5641324.9794000015], [-12041386.5426, 5641318.909000002], [-12041374.4102, 5641316.181000002], [-12041338.4566, 5641306.425999999], [-12041323.7149, 5641301.681100003], [-12041314.1766, 5641300.7973000035], [-12041277.2615, 5641295.8342999965], [-12041240.7493, 5641288.459100001], [-12041204.796, 5641278.703599997], [-12041169.555599999, 5641266.609399997], [-12041135.179200001, 5641252.228399999], [-12041101.8137, 5641235.622599997], [-12041069.6026, 5641216.862400003], [-12041061.934799999, 5641211.967600003], [-12041045.775899999, 5641203.583899997], [-12041013.5648, 5641184.823700003], [-12040982.6458, 5641163.989699997], [-12040953.1511, 5641141.171300001], [-12040925.2071, 5641116.4663999975], [-12040898.933600001, 5641089.980599999], [-12040874.4429, 5641061.827299997], [-12040851.84, 5641032.1272], [-12040831.2215, 5641001.007399999], [-12040812.6757, 5640968.601400003], [-12040796.282200001, 5640935.047799997], [-12040782.1113, 5640900.490500003], [-12040770.2232, 5640865.077200003], [-12040760.6691, 5640828.959700003], [-12040757.115, 5640812.380199999], [-12040753.6724, 5640795.0744], [-12040750.0471, 5640774.987199999], [-12040745.2733, 5640737.9278], [-12040743.1064, 5640705.8345], [-12040740.028900001, 5640693.115500003], [-12040732.8497, 5640656.449199997], [-12040728.0762, 5640619.390299998], [-12040725.7283, 5640582.0978000015], [-12040725.8165, 5640544.731200002], [-12040727.8235, 5640512.844700001], [-12040730.421799999, 5640484.2918], [-12040730.9385, 5640478.897399999], [-12040735.8868, 5640441.862499997], [-12040743.2385, 5640405.231600001], [-12040752.9622, 5640369.161799997], [-12040765.0162, 5640333.807300001], [-12040779.3488, 5640299.319899999], [-12040795.898699999, 5640265.846699998], [-12040814.5949, 5640233.531300001], [-12040835.3574, 5640202.512199998], [-12040858.0974, 5640172.921999998], [-12040882.7172, 5640144.887199998], [-12040909.111499999, 5640118.5282000005], [-12040937.167399999, 5640093.957800001], [-12040966.7648, 5640071.281099997], [-12040997.7768, 5640050.594999999], [-12041030.070500001, 5640031.9881], [-12041063.5081, 5640015.540399998], [-12041097.9461, 5640001.321999997], [-12041133.2369, 5639989.393600002], [-12041169.2297, 5639979.806599997], [-12041205.770399999, 5639972.601999998], [-12041242.7022, 5639967.810599998], [-12041279.8675, 5639965.453000002], [-12041317.1067, 5639965.538699999], [-12041354.2608, 5639968.068300001], [-12041391.1703, 5639973.030199997], [-12041427.6775, 5639980.403399996], [-12041463.626, 5639990.156499997], [-12041467.2601, 5639991.285099998], [-12041481.0496, 5639995.617899999], [-12041512.6513, 5640006.580600001], [-12041547.0238, 5640020.957800001], [-12041580.3856, 5640037.559799999], [-12041611.435800001, 5640055.591499999], [-12041634.2429, 5640046.470399998], [-12041641.2754, 5640043.885899998], [-12041654.8048, 5640035.219700001], [-12041687.0974, 5640016.610600002], [-12041720.5339, 5640000.1603000015], [-12041754.9707, 5639985.939199999], [-12041764.9674, 5639982.2962], [-12041794.2863, 5639971.922200002], [-12041819.579599999, 5639963.634199999], [-12041834.6103, 5639959.321199998], [-12041850.7573, 5639951.225199997], [-12041871.444699999, 5639941.369199999], [-12041905.881099999, 5639927.1477999985], [-12041941.1709, 5639915.216499999], [-12041977.1626, 5639905.626199998], [-12042000.1446, 5639900.8024], [-12042013.9351, 5639898.204599999], [-12042027.492800001, 5639895.8204], [-12042064.4242, 5639891.025600001], [-12042101.5888, 5639888.664300002], [-12042138.8281, 5639888.747000001], [-12042175.982, 5639891.2729], [-12042178.6615, 5639891.5502], [-12042227.803, 5639896.751900002], [-12042262.0335, 5639901.432899997], [-12042290.142099999, 5639907.1071000025], [-12042272.5547, 5639878.6219], [-12042272.4054, 5639878.380000003], [-12042253.8567, 5639845.980800003], [-12042237.4597, 5639812.433799997], [-12042223.284400001, 5639777.8829], [-12042211.392, 5639742.475699998], [-12042201.8332, 5639706.364200003], [-12042200.8029, 5639701.8015], [-12042197.3542, 5639686.230599999], [-12042191.199900001, 5639654.131999999], [-12042186.4205, 5639617.0779], [-12042184.0669, 5639579.7896], [-12042184.1489, 5639542.426799998], [-12042186.666000001, 5639505.149599999], [-12042191.6077, 5639468.117600001], [-12042198.9529, 5639431.489299998], [-12042208.6695, 5639395.421400003], [-12042220.7166, 5639360.068599999], [-12042235.042, 5639325.5820999965], [-12042235.11, 5639325.432400003], [-12042235.8562, 5639317.433700003], [-12042240.797600001, 5639280.402500004], [-12042248.061999999, 5639244.1171], [-12042248.142099999, 5639243.774899997], [-12042251.5033, 5639229.4133], [-12042251.5836, 5639229.071000002], [-12042261.3, 5639193.004000001], [-12042273.3464, 5639157.651799999], [-12042287.6713, 5639123.166000001], [-12042304.213399999, 5639089.694200002], [-12042304.6348, 5639088.908699997], [-12042311.298999999, 5639070.292499997], [-12042325.6237, 5639035.806900002], [-12042342.1655, 5639002.3352999985], [-12042360.853500001, 5638970.020999998], [-12042381.607900001, 5638939.0022], [-12042404.3393, 5638909.411899999], [-12042414.0319, 5638898.3248], [-12042385.9197, 5638876.583800003], [-12042361.7143, 5638855.384300001], [-12042359.9036, 5638854.933300003], [-12042332.322999999, 5638848.017700002], [-12042303.9157, 5638840.1049000025], [-12042268.6832, 5638828.018700004], [-12042234.314, 5638813.6461], [-12042200.9555, 5638797.048699997], [-12042168.750300001, 5638778.297799997], [-12042157.7322, 5638771.2114999965], [-12042127.5616, 5638751.312299997], [-12042107.6658, 5638737.574299999], [-12042078.175900001, 5638714.766000003], [-12042050.2361, 5638690.0713], [-12042037.5068, 5638677.674699999], [-12042018.7835, 5638679.797600001], [-12042018.775, 5638679.798600003], [-12041981.6151, 5638682.1592999995], [-12041944.381, 5638682.076300003], [-12041907.232, 5638679.549900003], [-12041870.327399999, 5638674.590999998], [-12041833.8251, 5638667.220700003], [-12041797.881299999, 5638657.470700003], [-12041762.6502, 5638645.3825], [-12041728.2826, 5638631.008599997], [-12041694.9257, 5638614.4098000005], [-12041687.5136, 5638610.341700003], [-12041683.4591, 5638608.506399997], [-12041650.1023, 5638591.907499999], [-12041635.521200001, 5638583.766500004], [-12041607.0053, 5638569.409000002], [-12041574.8022, 5638550.656499997], [-12041556.5287, 5638538.702600002], [-12041547.754999999, 5638532.7195999995], [-12041516.184500001, 5638514.308399998], [-12041485.2733, 5638493.482699998], [-12041455.7857, 5638470.673100002], [-12041427.8484, 5638445.9771], [-12041402.4007, 5638420.381499998], [-12041389.4833, 5638406.5385000035], [-12041388.6632, 5638405.657899998], [-12041364.178, 5638377.514600001], [-12041341.5799, 5638347.824600004], [-12041320.965300001, 5638316.715400003], [-12041302.4232, 5638284.32], [-12041286.0323, 5638250.777400002], [-12041271.8632, 5638216.230999999], [-12041259.9765, 5638180.828900002], [-12041250.4227, 5638144.7227], [-12041243.2432, 5638108.067100003], [-12041238.4685, 5638071.019000001], [-12041236.1188, 5638033.7368], [-12041235.8556, 5638016.6021], [-12041235.8489, 5638000.175099999], [-12041236.1979, 5637979.9538], [-12041238.7184, 5637942.683300003], [-12041240.3198, 5637928.519400001], [-12041240.5208, 5637925.235100001], [-12041240.5301, 5637921.129500002], [-12041243.0506, 5637883.859200001], [-12041247.9949, 5637846.8345], [-12041255.3423, 5637810.213399999], [-12041265.0607, 5637774.1532000005], [-12041266.1843, 5637770.510600001], [-12041270.501899999, 5637756.678000003], [-12041281.4265, 5637724.9755000025], [-12041295.7526, 5637690.496699996], [-12041312.2955, 5637657.0320999995], [-12041330.9842, 5637624.724699996], [-12041351.7386, 5637593.712800004], [-12041374.4699, 5637564.129500002], [-12041399.081, 5637536.101400003], [-12041425.466, 5637509.748000003], [-12041453.5121, 5637485.182599999], [-12041483.0995, 5637462.5101], [-12041514.101, 5637441.828000002], [-12041546.3845, 5637423.224399999], [-12041579.8113, 5637406.778999999], [-12041614.2383, 5637392.562399998], [-12041649.5183, 5637380.634999998], [-12041685.5002, 5637371.0484], [-12041722.0298, 5637363.8434000015], [-12041758.9508, 5637359.0506], [-12041796.1051, 5637356.691], [-12041813.6205, 5637356.425800003], [-12041829.127500001, 5637356.430399999], [-12041848.8408, 5637356.779200003], [-12041885.984299999, 5637359.305200003], [-12041922.8836, 5637364.2632], [-12041959.380800001, 5637371.631999999], [-12041995.3196, 5637381.379699998], [-12042030.5462, 5637393.465099998], [-12042064.9098, 5637407.836000003], [-12042098.263, 5637424.4309], [-12042117.466400001, 5637435.2705999985], [-12042145.192, 5637433.740599997], [-12042182.4211, 5637433.8226], [-12042196.1026, 5637434.467699997], [-12042225.4153, 5637436.204700001], [-12042248.877799999, 5637438.084399998], [-12042285.7777, 5637443.041000001], [-12042322.2755, 5637450.4081000015], [-12042337.498399999, 5637454.227799997], [-12042366.7989, 5637462.011699997], [-12042387.5158, 5637467.938500002], [-12042422.7433, 5637480.022399999], [-12042457.1077, 5637494.391999997], [-12042481.3204, 5637506.1642], [-12042522.0956, 5637527.197899997], [-12042529.2691, 5637530.1630000025], [-12042548.476300001, 5637538.520199999], [-12042581.831, 5637555.113700002], [-12042614.0329, 5637573.860399999], [-12042644.943799999, 5637594.680299997], [-12042659.533599999, 5637605.577100001], [-12042661.9446, 5637607.438600004], [-12042664.3404, 5637607.6756], [-12042675.940000001, 5637608.967600003], [-12042683.7269, 5637609.916299999], [-12042688.5329, 5637599.224299997], [-12042685.8325, 5637588.009599999], [-12042678.647599999, 5637551.357199997], [-12042673.866999999, 5637514.311899997], [-12042671.511599999, 5637477.032300003], [-12042671.5912, 5637439.678000003], [-12042672.2334, 5637425.948100001], [-12042673.0984, 5637411.2421], [-12042674.9705, 5637387.703299999], [-12042679.9088, 5637350.679499999], [-12042687.249699999, 5637314.059100002], [-12042696.962000001, 5637277.9991], [-12042709.003899999, 5637242.653700002], [-12042723.3239, 5637208.1743], [-12042739.8606, 5637174.708499998], [-12042758.543200001, 5637142.399599999], [-12042779.2917, 5637111.386100002], [-12042802.0173, 5637081.800399996], [-12042826.6226, 5637053.769400001], [-12042853.002, 5637027.413199998], [-12042881.0429, 5637002.8445999995], [-12042910.625300001, 5636980.1686], [-12042919.2522, 5636974.284900002], [-12042925.910799999, 5636958.251199998], [-12042942.4463, 5636924.785899997], [-12042961.127500001, 5636892.477499999], [-12042967.8704, 5636881.9092999995], [-12042971.61, 5636873.494900003], [-12042988.1449, 5636840.029799998], [-12043006.811900001, 5636807.7443], [-12043015.427299999, 5636793.906400003], [-12043015.441399999, 5636793.883699998], [-12043036.1884, 5636762.8706], [-12043058.9118, 5636733.285400003], [-12043083.5156, 5636705.254799999], [-12043083.8981, 5636704.8505000025], [-12043087.1268, 5636697.075800002], [-12043103.6611, 5636663.611299999], [-12043122.3415, 5636631.303300001], [-12043143.0874, 5636600.290600002], [-12043165.8104, 5636570.705700003], [-12043190.4131, 5636542.675099999], [-12043216.7901, 5636516.319399998], [-12043244.8283, 5636491.750699997], [-12043274.4082, 5636469.074600004], [-12043305.4025, 5636448.3882], [-12043337.6786, 5636429.7798999995], [-12043371.0987, 5636413.329300001], [-12043405.519299999, 5636399.106899999], [-12043440.7931, 5636387.173900001], [-12043442.126400001, 5636386.7727999985], [-12043473.0221, 5636377.521200001], [-12043474.3788, 5636376.546999998], [-12043505.372499999, 5636355.859999999], [-12043537.6478, 5636337.251100004], [-12043571.0671, 5636320.799900003], [-12043605.4871, 5636306.577], [-12043640.7604, 5636294.643200003], [-12043676.7361, 5636285.049400002], [-12043713.2599, 5636277.836900003], [-12043719.3182, 5636276.879699998], [-12043731.889, 5636273.8138], [-12043768.4129, 5636266.6010000035], [-12043805.3286, 5636261.800499998], [-12043842.4781, 5636259.432499997], [-12043879.7026, 5636259.507399999], [-12043905.3268, 5636260.981799997], [-12043910.6486, 5636258.542000003], [-12043945.0678, 5636244.317900002], [-12043980.3404, 5636232.382700004], [-12044016.3156, 5636222.787600003], [-12044052.8389, 5636215.573899999], [-12044089.7544, 5636210.771899998], [-12044126.9037, 5636208.402800001], [-12044139.7, 5636208.428099997], [-12044139.255800001, 5636204.989], [-12044136.8944, 5636167.715000004], [-12044136.9677, 5636130.365900002], [-12044139.475499999, 5636093.101800002], [-12044144.4068, 5636056.0820999965], [-12044146.2724, 5636045.495999999], [-12044148.8448, 5636031.660700001], [-12044154.3099, 5636005.645000003], [-12044154.3129, 5636005.630500004], [-12044164.0178, 5635969.573799998], [-12044176.0521, 5635934.2311], [-12044190.3644, 5635899.754199997], [-12044206.8931, 5635866.290299997], [-12044225.5679, 5635833.9826000035], [-12044246.3082, 5635802.969700001], [-12044269.025600001, 5635773.384499997], [-12044293.6227, 5635745.353299998], [-12044319.994199999, 5635718.996299997], [-12044348.0271, 5635694.426100001], [-12044377.6015, 5635671.748199999], [-12044408.5905, 5635651.059500001], [-12044440.8618, 5635632.448899999], [-12044474.2769, 5635615.995399997], [-12044508.6929, 5635601.769900002], [-12044543.9624, 5635589.833300002], [-12044579.9343, 5635580.236599997], [-12044616.4548, 5635573.020900004], [-12044653.3672, 5635568.217], [-12044690.5139, 5635565.8455], [-12044727.7355, 5635565.916500002], [-12044764.8729, 5635568.430100001], [-12044801.767, 5635573.375100002], [-12044838.2597, 5635580.7304000035], [-12044874.194899999, 5635590.464599997], [-12044909.4189, 5635602.5361], [-12044935.6348, 5635613.248199999], [-12044949.4309, 5635619.2914], [-12044957.5768, 5635622.9362], [-12044990.9294, 5635639.517099999], [-12045023.1299, 5635658.251199998], [-12045054.0401, 5635679.058300003], [-12045059.2622, 5635683.094300002], [-12045081.2227, 5635670.427699998], [-12045114.6368, 5635653.9717999995], [-12045149.0519, 5635639.743900001], [-12045184.3209, 5635627.804700002], [-12045220.292399999, 5635618.205300003], [-12045256.8125, 5635610.9868], [-12045293.7249, 5635606.180299997], [-12045330.8715, 5635603.806299999], [-12045352.2155, 5635603.546400003], [-12045399.7174, 5635576.527599998], [-12045413.0156, 5635569.196999997], [-12045446.4288, 5635552.740199998], [-12045480.8433, 5635538.510799997], [-12045481.7795, 5635538.1602], [-12045592.9397, 5635496.635899998], [-12045627.2711, 5635485.0458], [-12045663.241700001, 5635475.444700003], [-12045679.6521, 5635471.891900003], [-12045709.821899999, 5635465.826099999], [-12045729.9308, 5635462.158799998], [-12045766.8424, 5635457.350299999], [-12045789.9151, 5635455.5864999965], [-12045820.940299999, 5635453.8505000025], [-12045835.0136, 5635453.238200001], [-12045872.2349, 5635453.3046], [-12045909.3724, 5635455.813299999], [-12045920.792399999, 5635457.079300001], [-12045999.2159, 5635466.578400001], [-12046024.690299999, 5635470.252499998], [-12046061.1838, 5635477.6027000025], [-12046097.120299999, 5635487.331900001], [-12046132.3454, 5635499.398599997], [-12046166.708999999, 5635513.750600003], [-12046200.0635, 5635530.327], [-12046225.676, 5635544.991300002], [-12046241.164900001, 5635551.081500001], [-12046242.145100001, 5635551.497699998], [-12046246.385, 5635519.6109], [-12046253.709800001, 5635482.994400002], [-12046263.4058, 5635446.937399998], [-12046275.431200001, 5635411.593599997], [-12046289.7346, 5635377.115000002], [-12046291.0546, 5635374.226599999], [-12046291.8211, 5635371.685999997], [-12046293.786, 5635365.358400002], [-12046311.872499999, 5635308.287299998], [-12046321.1928, 5635281.2443], [-12046324.7302, 5635256.701899998], [-12046332.0546, 5635220.086400002], [-12046341.7498, 5635184.030100003], [-12046344.568, 5635175.0331000015], [-12046363.519299999, 5635116.233099997], [-12046372.7259, 5635089.887599997], [-12046387.0282, 5635055.409900002], [-12046392.6283, 5635043.435500003], [-12046394.6067, 5635031.049900003], [-12046394.486200001, 5635028.562100001], [-12046391.3934, 5635004.634499997], [-12046389.3135, 5634986.198399998], [-12046386.943, 5634948.9296], [-12046387.006900001, 5634911.585199997], [-12046387.0304, 5634910.9130000025], [-12046389.0654, 5634853.610299997], [-12046386.0051, 5634822.946599998], [-12046385.818300001, 5634821.043700002], [-12046383.4479, 5634783.775700003], [-12046383.5118, 5634746.432099998], [-12046384.8926, 5634721.758500002], [-12046388.316, 5634677.667300001], [-12046389.433, 5634665.0814], [-12046393.6087, 5634632.665299997], [-12046393.805, 5634600.307700001], [-12046396.0474, 5634565.665399998], [-12046393.7055, 5634528.6954], [-12046393.769299999, 5634491.352799997], [-12046394.021499999, 5634485.0271999985], [-12046392.2334, 5634471.385799997], [-12046385.0092, 5634441.240500003], [-12046383.8847, 5634436.457999997], [-12046376.6866, 5634399.820699997], [-12046375.670400001, 5634393.345299996], [-12046371.360399999, 5634364.8125], [-12046368.343, 5634341.645000003], [-12046365.010499999, 5634328.014399998], [-12046353.8019, 5634279.6017], [-12046353.686999999, 5634279.104099996], [-12046346.489, 5634242.467600003], [-12046341.6948, 5634205.437200002], [-12046339.3246, 5634168.171700001], [-12046339.3884, 5634130.830499999], [-12046341.542100001, 5634097.131300002], [-12046341.6132, 5634096.371799998], [-12046334.2159, 5634050.4542], [-12046329.5724, 5634014.354699999], [-12046327.66, 5633988.328500003], [-12046323.3297, 5633902.733099997], [-12046322.8718, 5633891.4947], [-12046322.9357, 5633854.154700004], [-12046325.4335, 5633816.898900002], [-12046330.0136, 5633781.959700003], [-12046336.8992, 5633739.596299998], [-12046337.24, 5633737.523800001], [-12046344.5629, 5633700.914300002], [-12046354.256299999, 5633664.864100002], [-12046366.2787, 5633629.527000003], [-12046376.7797, 5633603.6153], [-12046379.9073, 5633596.409599997], [-12046384.9036, 5633580.728], [-12046394.689399999, 5633552.5735], [-12046408.9891, 5633518.101499997], [-12046423.5525, 5633488.324500002], [-12046439.909, 5633457.202299997], [-12046441.8618, 5633453.519500002], [-12046459.931400001, 5633422.168899998], [-12046465.298, 5633407.3178], [-12046479.5973, 5633372.8464], [-12046496.1127, 5633339.387000002], [-12046514.7738, 5633307.0832], [-12046535.500500001, 5633276.073200002], [-12046558.2038, 5633246.4899], [-12046582.7871, 5633218.459700003], [-12046609.144299999, 5633192.102899998], [-12046637.1632, 5633167.531999998], [-12046666.7236, 5633144.8522000015], [-12046695.1744, 5633125.739399999], [-12046708.949099999, 5633117.076700002], [-12046711.4737, 5633115.498400003], [-12046737.4757, 5633100.275899999], [-12046740.082899999, 5633097.818400003], [-12046768.1011, 5633073.247299999], [-12046797.660799999, 5633050.567500003], [-12046828.6356, 5633029.876000002], [-12046852.5265, 5633015.821000002], [-12046865.7104, 5632999.131099999], [-12046890.2918, 5632971.1010000035], [-12046916.6475, 5632944.743699998], [-12046944.6648, 5632920.172499999], [-12046974.2237, 5632897.492399998], [-12047005.1973, 5632876.8006], [-12047037.4534, 5632858.185500003], [-12047070.8536, 5632841.7271], [-12047105.2551, 5632827.495499998], [-12047140.510499999, 5632815.551799998], [-12047176.469, 5632805.947099999], [-12047212.953499999, 5632798.726999998], [-12047228.2747, 5632767.680600002], [-12047242.925, 5632741.9168], [-12047277.3616, 5632684.8561], [-12047281.3684, 5632678.316600002], [-12047302.091, 5632647.306999996], [-12047307.0704, 5632640.466200002], [-12047321.2654, 5632612.049500003], [-12047338.6992, 5632581.7214], [-12047342.622200001, 5632572.872400001], [-12047352.6851, 5632551.835199997], [-12047367.2571, 5632522.9036], [-12047358.6249, 5632512.567199998], [-12047336.0206, 5632482.911499999], [-12047315.3978, 5632451.835699998], [-12047296.844700001, 5632419.4736], [-12047280.441399999, 5632385.9629999995], [-12047266.257399999, 5632351.447899997], [-12047265.2136, 5632348.6294], [-12047259.1857, 5632332.2183], [-12047248.3256, 5632299.664899997], [-12047243.668, 5632283.289099999], [-12047241.170400001, 5632279.807899997], [-12047220.5483, 5632248.732799999], [-12047213.9285, 5632237.738200001], [-12047205.3105, 5632223.053900003], [-12047193.3783, 5632201.6866], [-12047176.9756, 5632168.176799998], [-12047162.7923, 5632133.6624], [-12047150.8893, 5632098.2914], [-12047145.6282, 5632079.6479], [-12047137.8677, 5632050.251699999], [-12047133.557, 5632032.818800002], [-12047126.3574, 5631996.1919], [-12047121.5607, 5631959.171099998], [-12047119.751, 5631935.143200003], [-12047118.0181, 5631903.1602], [-12047117.4547, 5631889.931900002], [-12047117.5151, 5631852.600100003], [-12047120.0088, 5631815.3521], [-12047124.925, 5631778.3478000015], [-12047127.1719, 5631765.707999997], [-12047130.6069, 5631747.566600002], [-12047135.678, 5631723.604199998], [-12047145.3658, 5631687.560699999], [-12047157.3825, 5631652.230300002], [-12047170.9608, 5631619.347499996], [-12047189.1621, 5631578.8873], [-12047189.2295, 5631578.146899998], [-12047189.692499999, 5631573.298500001], [-12047194.6083, 5631536.295199998], [-12047201.9257, 5631499.693800002], [-12047211.6129, 5631463.6511999965], [-12047213.1527, 5631458.669200003], [-12047218.3102, 5631442.2478], [-12047228.7862, 5631411.899899997], [-12047243.0792, 5631377.434500001], [-12047259.5882, 5631343.980899997], [-12047278.2422, 5631311.682400003], [-12047298.9614, 5631280.677000001], [-12047316.670400001, 5631257.262000002], [-12047327.0114, 5631244.296499997], [-12047331.998399999, 5631238.132700004], [-12047356.5733, 5631210.106200002], [-12047382.9224, 5631183.752599999], [-12047410.932799999, 5631159.184600003], [-12047413.4672, 5631157.116499998], [-12047458.244199999, 5631120.793399997], [-12047485.2615, 5631100.183899999], [-12047510.123599999, 5631083.3433], [-12047531.8916, 5631061.823899999], [-12047559.9012, 5631037.2557], [-12047589.4522, 5631014.578000002], [-12047620.4178, 5630993.887999997], [-12047652.666000001, 5630975.274300002], [-12047666.1436, 5630968.303300001], [-12047673.8539, 5630962.678999998], [-12047704.819400001, 5630941.988799997], [-12047732.7418, 5630925.710100003], [-12047762.881900001, 5630909.269100003], [-12047767.2072, 5630906.934], [-12047800.5988, 5630890.4760000035], [-12047834.9918, 5630876.244499996], [-12047870.2386, 5630864.300099999], [-12047888.0568, 5630859.223099999], [-12047917.956, 5630851.229199998], [-12047947.817200001, 5630839.025200002], [-12047983.0638, 5630827.080499999], [-12047995.162, 5630823.564499997], [-12048010.664, 5630819.245499998], [-12048034.5155, 5630813.155199997], [-12048071.0142, 5630805.928499997], [-12048107.9057, 5630801.111900002], [-12048145.0323, 5630798.726899996], [-12048182.2349, 5630798.782899998], [-12048219.3541, 5630801.280199997], [-12048233.0184, 5630802.818800002], [-12048246.8014, 5630804.5405], [-12048270.0141, 5630807.929499999], [-12048293.7994, 5630812.430299997], [-12048334.7787, 5630815.0462], [-12048371.656, 5630819.973399997], [-12048408.133000001, 5630827.309600003], [-12048415.934, 5630829.205499999], [-12048429.714499999, 5630832.6576000005], [-12048457.8344, 5630840.476099998], [-12048493.0453, 5630852.5266999975], [-12048520.8145, 5630863.909100004], [-12048533.7861, 5630865.059600003], [-12048565.7721, 5630869.332500003], [-12048570.6306, 5630850.852899998], [-12048569.8867, 5630847.062100001], [-12048564.507, 5630837.472199999], [-12048558.155299999, 5630825.835600004], [-12048541.7498, 5630792.3332], [-12048527.563299999, 5630757.826099999], [-12048518.7765, 5630732.5009], [-12048503.5196, 5630720.366400003], [-12048480.985399999, 5630701.805], [-12048480.415199999, 5630701.630800001], [-12048445.205, 5630689.5803999975], [-12048410.8556, 5630675.245099999], [-12048383.385499999, 5630661.802000001], [-12048381.4525, 5630661.472400002], [-12048360.5327, 5630659.764300004], [-12048323.6563, 5630654.837200001], [-12048318.7786, 5630653.999899998], [-12048264.9107, 5630651.1756], [-12048242.8025, 5630648.517800003], [-12048205.479600001, 5630646.013899997], [-12048179.2276, 5630642.759099998], [-12048132.2641, 5630640.009199999], [-12048119.8796, 5630638.628700003], [-12048074.9989, 5630639.368900001], [-12048046.197999999, 5630639.111400001], [-12048036.297, 5630638.684299998], [-12048012.282499999, 5630640.087800004], [-12047941.4632, 5630648.715499997], [-12047919.6669, 5630659.148599997], [-12047885.275, 5630673.380199999], [-12047850.029, 5630685.324600004], [-12047814.0798, 5630694.929799996], [-12047809.5669, 5630695.958899997], [-12047776.8302, 5630706.966200002], [-12047740.880800001, 5630716.571599998], [-12047704.382199999, 5630723.796899997], [-12047667.4908, 5630728.611400001], [-12047630.364500001, 5630730.994800001], [-12047593.1623, 5630730.936399996], [-12047576.7438, 5630730.132600002], [-12047558.8103, 5630733.371299997], [-12047533.8881, 5630736.893100001], [-12047519.252, 5630738.630800001], [-12047507.2824, 5630739.923], [-12047470.1562, 5630742.305399999], [-12047432.9539, 5630742.2465], [-12047395.8353, 5630739.746100001], [-12047358.958999999, 5630734.814999998], [-12047322.483199999, 5630727.4745000005], [-12047286.5643, 5630717.755800001], [-12047251.355700001, 5630705.700800002], [-12047246.4375, 5630703.808300003], [-12047235.1105, 5630699.389200002], [-12047221.679200001, 5630696.3955999985], [-12047185.7603, 5630686.676600002], [-12047150.5521, 5630674.621200003], [-12047116.205, 5630660.281000003], [-12047082.8664, 5630643.717500001], [-12047050.679, 5630625.001500003], [-12047045.1626, 5630621.4934], [-12047026.492600001, 5630615.0331000015], [-12046992.146, 5630600.692699999], [-12046958.807799999, 5630584.128799997], [-12046926.620900001, 5630565.412699997], [-12046895.7231, 5630544.6241], [-12046866.2466, 5630521.8527000025], [-12046838.3176, 5630497.1954], [-12046812.0559, 5630470.758299999], [-12046787.5739, 5630442.6543999985], [-12046764.9764, 5630413.004199997], [-12046744.360100001, 5630381.934500001], [-12046726.5307, 5630350.926299997], [-12046725.061700001, 5630349.459399998], [-12046712.1315, 5630336.501500003], [-12046698.3061, 5630322.152900003], [-12046673.825, 5630294.049199998], [-12046651.2282, 5630264.399099998], [-12046630.6125, 5630233.329599999], [-12046612.066399999, 5630200.974100001], [-12046609.875799999, 5630196.803900003], [-12046595.2242, 5630177.126100004], [-12046574.609000001, 5630146.057099998], [-12046556.063299999, 5630113.7016], [-12046549.4559, 5630100.858400002], [-12046532.2205, 5630066.2896], [-12046522.431200001, 5630045.629799999], [-12046513.0524, 5630023.537799999], [-12046506.6472, 5630015.819399998], [-12046484.0516, 5629986.1699], [-12046464.642, 5629957.043899998], [-12046456.0262, 5629943.213799998], [-12046454.8214, 5629941.2711], [-12046436.2765, 5629908.916199997], [-12046419.8805, 5629875.413699999], [-12046405.7036, 5629840.906999998], [-12046393.8063, 5629805.544100001], [-12046384.239500001, 5629769.476199999], [-12046377.044599999, 5629732.857900001], [-12046372.251899999, 5629695.845899999], [-12046369.882199999, 5629658.599100001], [-12046369.9453, 5629621.2764], [-12046370.4695, 5629609.5251], [-12046370.8633, 5629602.355700001], [-12046369.8498, 5629581.689199999], [-12046369.9129, 5629544.366999999], [-12046372.4087, 5629507.128899999], [-12046377.3264, 5629470.134400003], [-12046378.8462, 5629461.4125000015], [-12046388.9346, 5629406.0524], [-12046391.441, 5629338.087899998], [-12046391.85, 5629328.972599998], [-12046386.245299999, 5629285.5744], [-12046384.175900001, 5629267.224799998], [-12046381.806200001, 5629229.979599997], [-12046381.5326, 5629212.5227999985], [-12046381.509399999, 5629156.354000002], [-12046384.341699999, 5629099.2535], [-12046387.639, 5629072.5854], [-12046391.0832, 5629049.244599998], [-12046391.1249, 5629048.962399997], [-12046389.3176, 5629026.423100002], [-12046387.7603, 5628998.3803], [-12046387.8233, 5628961.060500003], [-12046389.433899999, 5628933.519299999], [-12046394.5797, 5628871.304300003], [-12046395.4646, 5628861.6096], [-12046400.381900001, 5628824.617899999], [-12046407.6996, 5628788.028099999], [-12046414.8569, 5628760.553999998], [-12046427.7636, 5628715.613799997], [-12046430.293499999, 5628707.056699999], [-12046442.308400001, 5628671.738700002], [-12046456.5996, 5628637.2848000005], [-12046473.105999999, 5628603.842799999], [-12046491.7567, 5628571.555500001], [-12046494.8794, 5628566.593000002], [-12046505.809, 5628545.077600002], [-12046524.4594, 5628512.790399998], [-12046535.8203, 5628495.2522], [-12046555.6273, 5628465.868500002], [-12046559.2801, 5628460.515699998], [-12046566.930599999, 5628445.695500001], [-12046585.5806, 5628413.4086000025], [-12046606.2953, 5628382.4147000015], [-12046628.9855, 5628352.8467999995], [-12046653.5548, 5628324.830899999], [-12046679.897, 5628298.487499997], [-12046707.9, 5628273.929200001], [-12046737.4439, 5628251.261], [-12046768.401700001, 5628230.5798999965], [-12046797.1717, 5628213.843699999], [-12046829.015999999, 5628196.547499999], [-12046832.4855, 5628194.6787], [-12046865.8686, 5628178.228799999], [-12046896.4059, 5628165.465999998], [-12046899.9666, 5628164.098499998], [-12046900.126899999, 5628163.998599999], [-12046932.3661, 5628145.393100001], [-12046965.7488, 5628128.942900002], [-12047000.1323, 5628114.7184000015], [-12047035.3693, 5628102.7808], [-12047071.3088, 5628093.180799998], [-12047107.7971, 5628085.959700003], [-12047144.6779, 5628081.148400001], [-12047181.7933, 5628078.7676], [-12047215.972199999, 5628078.731600001], [-12047242.1215, 5628073.809699997], [-12047279.0023, 5628068.997699998], [-12047316.117600001, 5628066.616400003], [-12047333.4531, 5628066.340099998], [-12047353.2699, 5628066.327399999], [-12047373.1257, 5628066.662799999], [-12047410.2334, 5628069.162100002], [-12047447.0987, 5628074.091200002], [-12047451.9933, 5628074.9322], [-12047504.9505, 5628077.754600003], [-12047541.816, 5628082.683300003], [-12047578.2813, 5628090.020499997], [-12047597.7674, 5628094.9777000025], [-12047626.1946, 5628102.7491], [-12047642.617600001, 5628107.506099999], [-12047677.8167, 5628119.555799998], [-12047712.1552, 5628133.889600001], [-12047728.7725, 5628141.803400002], [-12047753.1141, 5628146.976400003], [-12047789.0235, 5628156.689999998], [-12047811.7654, 5628164.178599998], [-12047826.4158, 5628169.348399997], [-12047838.8737, 5628173.908699997], [-12047873.2125, 5628188.2421], [-12047906.5438, 5628204.797899999], [-12047938.7246, 5628223.505599998], [-12047969.6174, 5628244.2848000005], [-12047999.089499999, 5628267.046800002], [-12048014.6312, 5628280.361500002], [-12048113.5422, 5628281.002700001], [-12048141.138, 5628279.420299999], [-12048155.8228, 5628278.769100003], [-12048193.014899999, 5628278.8248], [-12048224.7548, 5628280.807999998], [-12048253.1765, 5628283.386399999], [-12048258.5456, 5628283.8992], [-12048287.4883, 5628287.766199999], [-12048313.6833, 5628272.643399999], [-12048347.064199999, 5628256.187799998], [-12048381.4461, 5628241.957900003], [-12048416.6818, 5628230.0145], [-12048452.6207, 5628220.408799998], [-12048489.1087, 5628213.181999996], [-12048525.9893, 5628208.364799999], [-12048563.1052, 5628205.978299998], [-12048600.2971, 5628206.032399997], [-12048615.9813, 5628206.7880000025], [-12048629.761599999, 5628207.6435], [-12048651.1863, 5628209.382100001], [-12048688.053, 5628214.306199998], [-12048724.5199, 5628221.638999999], [-12048760.4309, 5628231.348899998], [-12048790.5646, 5628241.6602], [-12048800.3393, 5628230.509199999], [-12048826.6753, 5628204.159400001], [-12048853.004700001, 5628180.968999997], [-12048867.6361, 5628168.862400003], [-12048869.3039, 5628167.4877], [-12048898.8422, 5628144.812299997], [-12048929.7951, 5628124.123999998], [-12048962.030000001, 5628105.511100002], [-12048980.923999999, 5628095.861900002], [-12048992.3968, 5628086.185199998], [-12049006.102, 5628075.281099997], [-12049027.0997, 5628059.096199997], [-12049029.7118, 5628055.865199998], [-12049032.2685, 5628052.725599997], [-12049056.8295, 5628024.703900002], [-12049057.519299999, 5628023.9683], [-12049061.247200001, 5628019.015100002], [-12049066.59, 5627993.572999999], [-12049076.2656, 5627957.5418], [-12049088.2692, 5627922.2227], [-12049102.5494, 5627887.767200001], [-12049102.6238, 5627887.603100002], [-12049102.320799999, 5627882.417800002], [-12049101.626, 5627866.9146], [-12049101.6774, 5627829.5988000035], [-12049104.1614, 5627792.366599999], [-12049109.0667, 5627755.377300002], [-12049116.3727, 5627718.7892], [-12049126.048, 5627682.758900002], [-12049138.050900001, 5627647.440899998], [-12049138.2432, 5627646.931199998], [-12049141.0574, 5627590.167199999], [-12049145.9624, 5627553.1787], [-12049146.8497, 5627547.981200002], [-12049149.4269, 5627533.292499997], [-12049155.8452, 5627501.902599998], [-12049165.520100001, 5627465.873300001], [-12049177.5225, 5627430.556000002], [-12049191.8014, 5627396.1021], [-12049197.348299999, 5627384.227600001], [-12049210.2443, 5627357.427100003], [-12049211.000599999, 5627355.8618], [-12049212.5761, 5627348.9296], [-12049222.250500001, 5627312.900899999], [-12049234.252700001, 5627277.584100001], [-12049248.531, 5627243.130599998], [-12049264.3958, 5627210.867700003], [-12049277.7005, 5627156.769299999], [-12049285.8465, 5627127.110299997], [-12049297.8482, 5627091.794200003], [-12049312.126, 5627057.341300003], [-12049321.1519, 5627038.362599999], [-12049328.0376, 5627024.545299999], [-12049335.5046, 5627010.081900001], [-12049354.141800001, 5626977.793899998], [-12049374.8437, 5626946.798100002], [-12049378.0264, 5626942.399099998], [-12049387.211199999, 5626924.960900001], [-12049388.8264, 5626921.916699998], [-12049407.4633, 5626889.628899999], [-12049428.1648, 5626858.633299999], [-12049441.675099999, 5626840.538099997], [-12049446.3068, 5626830.038699999], [-12049462.7988, 5626796.597199999], [-12049475.2369, 5626774.517700002], [-12049481.5559, 5626760.045400001], [-12049498.0475, 5626726.604099996], [-12049516.683600001, 5626694.316799998], [-12049516.8982, 5626693.971600004], [-12049525.508000001, 5626680.142800003], [-12049545.994, 5626649.4925], [-12049568.6702, 5626619.922200002], [-12049593.2257, 5626591.903300002], [-12049619.1543, 5626565.931500003], [-12049624.0425, 5626529.0898], [-12049631.3452, 5626492.506200001], [-12049641.0169, 5626456.4802], [-12049653.0161, 5626421.166100003], [-12049660.0985, 5626403.2795], [-12049662.8982, 5626343.1633], [-12049663.007, 5626342.0792], [-12049661.1494, 5626310.5722], [-12049661.1986, 5626273.262900002], [-12049663.6794, 5626236.036600001], [-12049664.9842, 5626224.179899998], [-12049665.9757, 5626215.957800001], [-12049662.5695, 5626187.985600002], [-12049660.1865, 5626150.753399998], [-12049660.2357, 5626113.444700003], [-12049662.7165, 5626076.2190999985], [-12049667.6185, 5626039.236299999], [-12049674.9206, 5626002.6545], [-12049680.5148, 5625980.696800001], [-12049680.7898, 5625969.1669000015], [-12049682.552299999, 5625939.697400004], [-12049680.6743, 5625935.5682], [-12049666.4905, 5625901.081500001], [-12049659.946, 5625882.604099996], [-12049654.9801, 5625877.917499997], [-12049629.0558, 5625851.816200003], [-12049604.5769, 5625823.734399997], [-12049581.980700001, 5625794.106299996], [-12049561.3647, 5625763.059], [-12049542.816399999, 5625730.725199997], [-12049526.4159, 5625697.243699998], [-12049520.6562, 5625683.9987], [-12049506.602400001, 5625659.0634], [-12049490.202, 5625625.582000002], [-12049476.0194, 5625591.0961000025], [-12049473.971900001, 5625585.527800001], [-12049452.412, 5625525.936999999], [-12049442.5552, 5625496.1630000025], [-12049438.262400001, 5625481.155299999], [-12049421.861200001, 5625420.706500001], [-12049416.579300001, 5625399.666599996], [-12049410.441100001, 5625369.381300002], [-12049393.8074, 5625274.160499997], [-12049388.3226, 5625275.130000003], [-12049351.4542, 5625279.949299999], [-12049314.350499999, 5625282.3389], [-12049288.753899999, 5625282.565899998], [-12049228.489500001, 5625281.737899996], [-12049179.809, 5625278.969300002], [-12049142.9538, 5625274.0493], [-12049121.368700001, 5625270.011600003], [-12049091.142, 5625267.7973000035], [-12049054.2868, 5625262.876999997], [-12049017.831500001, 5625255.5484], [-12049003.1994, 5625251.897500001], [-12048995.0713, 5625257.049199998], [-12048962.8468, 5625275.656800002], [-12048960.964200001, 5625276.658500001], [-12048913.6238, 5625301.734300002], [-12048882.1375, 5625317.185400002], [-12048856.363699999, 5625328.100900002], [-12048844.0907, 5625337.531300001], [-12048828.934, 5625348.782399997], [-12048797.990600001, 5625369.464400001], [-12048765.7652, 5625388.071500003], [-12048732.3958, 5625404.523900002], [-12048698.0252, 5625418.751199998], [-12048662.800900001, 5625430.692299999], [-12048626.873599999, 5625440.296300001], [-12048590.397, 5625447.5217999965], [-12048553.5276, 5625452.338200003], [-12048516.4231, 5625454.724299997], [-12048479.2425, 5625454.670299999], [-12048442.145, 5625452.1765], [-12048405.2896, 5625447.253399998], [-12048394.1982, 5625445.2858000025], [-12048380.4246, 5625442.700900003], [-12048355.060600001, 5625437.3369999975], [-12048319.161, 5625427.628799997], [-12048283.9714, 5625415.585500002], [-12048249.642, 5625401.258500002], [-12048216.3204, 5625384.7095], [-12048184.1488, 5625366.008900002], [-12048153.2654, 5625345.237400003], [-12048123.802000001, 5625322.4833], [-12048095.8851, 5625297.8445999995], [-12048069.6342, 5625271.426799998], [-12048045.1617, 5625243.342600003], [-12048022.5723, 5625213.712800004], [-12048001.9629, 5625182.663999997], [-12047996.6238, 5625173.842799999], [-12047990.194899999, 5625170.622299999], [-12047906.5957, 5625136.988899998], [-12047882.782200001, 5625126.770000003], [-12047864.024, 5625117.788699999], [-12047847.3636, 5625111.764200002], [-12047813.0363, 5625097.4362], [-12047779.7165, 5625080.886100002], [-12047747.547, 5625062.184699997], [-12047716.6653, 5625041.4124], [-12047687.2042, 5625018.657799996], [-12047659.2896, 5624994.018700004], [-12047633.0407, 5624967.600199997], [-12047608.5704, 5624939.516000003], [-12047585.983199999, 5624909.886200003], [-12047577.574099999, 5624897.743199997], [-12047558.9749, 5624878.671300001], [-12047541.8994, 5624859.4706000015], [-12047502.2779, 5624812.840300001], [-12047494.8836, 5624803.956900001], [-12047472.2972, 5624774.327299997], [-12047455.417100001, 5624749.230499998], [-12047437.3308, 5624720.736500002], [-12047433.6043, 5624714.784699999], [-12047415.066, 5624682.4507], [-12047412.4271, 5624677.418099999], [-12047412.024500001, 5624676.640799999], [-12047408.561900001, 5624672.1027000025], [-12047397.3577, 5624656.901900001], [-12047376.751600001, 5624625.853799999], [-12047358.2135, 5624593.519900002], [-12047341.822999999, 5624560.038900003], [-12047327.6502, 5624525.553999998], [-12047315.7556, 5624490.213100001], [-12047308.0951, 5624461.346000001], [-12047193.8699, 5624481.047600001], [-12047076.7086, 5624522.555399999], [-12046956.668200001, 5624562.4921], [-12046807.1045, 5624608.761], [-12046711.9264, 5624649.559199996], [-12046614.7436, 5624706.446699999], [-12046517.0565, 5624778.005400002], [-12046427.9109, 5624834.456799999], [-12046400.4102, 5624843.825499997], [-12046329.827399999, 5624865.446999997], [-12046327.941, 5624866.021300003], [-12046292.0137, 5624875.615099996], [-12046255.5379, 5624882.830799997], [-12046218.6699, 5624887.637199998], [-12046181.5674, 5624890.013700001], [-12046144.3895, 5624889.950199999], [-12046107.2953, 5624887.446999997], [-12046070.443799999, 5624882.514700003], [-12046059.349, 5624880.543499999], [-12046045.5768, 5624877.954999998], [-12046020.2207, 5624872.585900001], [-12045984.3262, 5624862.869099997], [-12045949.142099999, 5624850.817699999], [-12045914.8191, 5624836.482799999], [-12045881.503899999, 5624819.926299997], [-12045849.339499999, 5624801.218900003], [-12045818.463399999, 5624780.4406], [-12045789.0081, 5624757.680699997], [-12045761.0995, 5624733.036499999], [-12045734.857099999, 5624706.613700002], [-12045710.3936, 5624678.525300004], [-12045687.8136, 5624648.891800001], [-12045684.026700001, 5624643.183899999], [-12045683.4779, 5624642.9111], [-12045651.3146, 5624624.203299999], [-12045620.4396, 5624603.424999997], [-12045590.985399999, 5624580.664899997], [-12045563.0778, 5624556.020499997], [-12045536.8366, 5624529.5977], [-12045517.3517, 5624507.532200001], [-12045499.3517, 5624491.267499998], [-12045485.9134, 5624478.168300003], [-12045457.4463, 5624474.140299998], [-12045420.997499999, 5624466.797899999], [-12045385.1055, 5624457.0792], [-12045349.9238, 5624445.026000001], [-12045315.6031, 5624430.689599998], [-12045282.2908, 5624414.131700002], [-12045250.129, 5624395.423100002], [-12045219.255800001, 5624374.643799998], [-12045210.6578, 5624368.314599998], [-12045177.760499999, 5624356.9657000005], [-12045143.440499999, 5624342.628700003], [-12045110.128600001, 5624326.070500001], [-12045077.967500001, 5624307.361299999], [-12045047.0951, 5624286.581699997], [-12045040.0987, 5624281.450099997], [-12045036.5789, 5624280.126900002], [-12045002.259399999, 5624265.7897000015], [-12044968.9483, 5624249.230999999], [-12044943.2535, 5624234.5123], [-12044914.8433, 5624217.238600001], [-12044908.377500001, 5624213.2478], [-12044895.0079, 5624204.506099999], [-12044873.7243, 5624204.466700003], [-12044836.6335, 5624201.9586], [-12044799.7856, 5624197.021399997], [-12044763.3386, 5624189.676799998], [-12044727.4483, 5624179.956], [-12044692.2687, 5624167.9004999995], [-12044657.9503, 5624153.562100001], [-12044624.6402, 5624137.002300002], [-12044592.480700001, 5624118.292000003], [-12044573.7232, 5624106.0173999965], [-12044546.868900001, 5624126.483199999], [-12044515.9205, 5624147.147500001], [-12044483.691100001, 5624165.736400001], [-12044450.3191, 5624182.170599997], [-12044415.9471, 5624196.379500002], [-12044380.7226, 5624208.302199997], [-12044344.796, 5624217.887699999], [-12044308.3217, 5624225.0951000005], [-12044271.4556, 5624229.893100001], [-12044247.4418, 5624231.426100001], [-12044236.3697, 5624258.101999998], [-12044219.8638, 5624291.5239999965], [-12044201.2144, 5624323.791500002], [-12044180.501400001, 5624354.765900001], [-12044157.8138, 5624384.314800002], [-12044133.248399999, 5624412.311700001], [-12044106.9106, 5624438.636500001], [-12044078.912999999, 5624463.176700003], [-12044060.3024, 5624477.8037], [-12044056.864500001, 5624480.391800001], [-12044045.9376, 5624488.414800003], [-12044014.987, 5624509.078199998], [-12043982.7555, 5624527.666199997], [-12043949.3812, 5624544.099100001], [-12043915.007, 5624558.306400001], [-12043879.7805, 5624570.227600001], [-12043843.8522, 5624579.811399996], [-12043807.3759, 5624587.016900003], [-12043770.5081, 5624591.813100003], [-12043733.4066, 5624594.179399997], [-12043696.2303, 5624594.105800003], [-12043659.1384, 5624591.592500001], [-12043622.2897, 5624586.650399998], [-12043622.1132, 5624586.620800003], [-12043611.7886, 5624584.886], [-12043575.5176, 5624577.565700002], [-12043539.6272, 5624567.8396999985], [-12043504.4478, 5624555.7788999975], [-12043470.129999999, 5624541.435500003], [-12043436.820799999, 5624524.870700002], [-12043406.4137, 5624507.248300001], [-12043398.940000001, 5624503.292300001], [-12043366.782, 5624484.576800004], [-12043335.9133, 5624463.791000001], [-12043306.465300001, 5624441.023900002], [-12043278.5647, 5624416.373199999], [-12043252.3308, 5624389.944300003], [-12043227.876, 5624361.8505000025], [-12043205.305, 5624332.2119999975], [-12043184.7144, 5624301.1558], [-12043166.1923, 5624268.815099999], [-12043149.818, 5624235.328100003], [-12043139.7104, 5624210.702100001], [-12043135.1076, 5624210.084399998], [-12043098.6621, 5624202.733000003], [-12043062.7739, 5624193.005599998], [-12043027.5967, 5624180.943700001], [-12042993.281, 5624166.599100001], [-12042959.974100001, 5624150.033200003], [-12042950.0976, 5624144.5825999975], [-12042931.1422, 5624143.2885000035], [-12042930.1568, 5624143.255000003], [-12042902.0849, 5624141.576099999], [-12042890.8028, 5624149.864799999], [-12042889.5175, 5624150.781999998], [-12042882.784400001, 5624158.112599999], [-12042867.6368, 5624188.772500001], [-12042848.982900001, 5624221.036600001], [-12042838.988, 5624236.525799997], [-12042830.7717, 5624255.529100001], [-12042814.2606, 5624288.948399998], [-12042805.436, 5624304.818999998], [-12042786.4955, 5624337.642099999], [-12042776.6657, 5624354.035599999], [-12042755.947999999, 5624385.006800003], [-12042733.2556, 5624414.552000001], [-12042708.685800001, 5624442.545000002], [-12042682.343899999, 5624468.865599997], [-12042654.3426, 5624493.4011999965], [-12042624.8016, 5624516.046700001], [-12042593.8477, 5624536.7048999965], [-12042561.613400001, 5624555.287699997], [-12042528.2368, 5624571.7151999995], [-12042493.8603, 5624585.917300001], [-12042458.632, 5624597.832900003], [-12042422.7022, 5624607.410999998], [-12042386.2249, 5624614.6105], [-12042349.3566, 5624619.401000001], [-12042312.2548, 5624621.761299998], [-12042275.0786, 5624621.681699999], [-12042237.987, 5624619.162699997], [-12042201.1393, 5624614.2146999985], [-12042164.693, 5624606.859200001], [-12042138.8607, 5624600.1105], [-12042132.8312, 5624598.382600002], [-12042122.7749, 5624595.399400003], [-12042087.5974, 5624583.333400004], [-12042053.282, 5624568.984499998], [-12042019.9754, 5624552.414499998], [-12041997.8729, 5624539.851899996], [-12041992.8519, 5624539.0320999995], [-12041956.4063, 5624531.675899997], [-12041920.518, 5624521.943499997], [-12041885.3412, 5624509.876699999], [-12041851.0264, 5624495.5271999985], [-12041817.7204, 5624478.9564], [-12041785.566100001, 5624460.235399999], [-12041754.701000001, 5624439.444499999], [-12041725.2575, 5624416.672399998], [-12041706.0365, 5624400.036899999], [-12041681.5341, 5624383.293799996], [-12041652.0909, 5624360.5217999965], [-12041624.1953, 5624335.8662], [-12041597.9666, 5624309.432800002], [-12041577.717, 5624286.1613000035], [-12041560.0194, 5624280.0898], [-12041525.7059, 5624265.739399999], [-12041492.4015, 5624249.167999998], [-12041460.2487, 5624230.446400002], [-12041459.343, 5624229.836400002], [-12041456.1296, 5624230.692699999], [-12041419.6533, 5624237.8882], [-12041382.786, 5624242.674199998], [-12041345.6857, 5624245.030500002], [-12041308.5111, 5624244.946999997], [-12041299.3738, 5624244.5524], [-12041286.3727, 5624254.138300002], [-12041261.9103, 5624270.699100003], [-12041256.4857, 5624276.138300002], [-12041242.3302, 5624289.8486], [-12041214.3257, 5624314.379100002], [-12041209.103799999, 5624318.380599998], [-12041194.3185, 5624348.293499999], [-12041175.6584, 5624380.554399997], [-12041154.9353, 5624411.521600001], [-12041132.2377, 5624441.062899999], [-12041107.6631, 5624469.051399998], [-12041081.3168, 5624495.367299996], [-12041053.311099999, 5624519.8977999985], [-12041023.7661, 5624542.537799999], [-12040992.8087, 5624563.1906], [-12040960.5713, 5624581.767499998], [-12040937.233, 5624593.533299997], [-12040923.9453, 5624602.039800003], [-12040891.7074, 5624620.616499998], [-12040858.3277, 5624637.037900001], [-12040823.9487, 5624651.233400002], [-12040803.827100001, 5624658.350299999], [-12040796.0792, 5624660.927500002], [-12040780.9701, 5624665.719499998], [-12040745.0386, 5624675.290899999], [-12040708.5599, 5624682.483900003], [-12040671.690499999, 5624687.267300002], [-12040634.5883, 5624689.620899998], [-12040597.4121, 5624689.5342999995], [-12040560.3211, 5624687.008199997], [-12040523.4742, 5624682.053499997], [-12040487.029199999, 5624674.691], [-12040451.1423, 5624664.952600002], [-12040415.9672, 5624652.879900001], [-12040381.654199999, 5624638.5244999975], [-12040348.3506, 5624621.948299997], [-12040316.199099999, 5624603.2217999995], [-12040285.3371, 5624582.425499998], [-12040255.897, 5624559.648500003], [-12040228.0046, 5624534.988200001], [-12040215.831, 5624523.1450999975], [-12040213.2512, 5624520.559199996], [-12040199.1998, 5624505.964500003], [-12040181.0472, 5624485.0961000025], [-12040172.4144, 5624485.643399999], [-12040135.2391, 5624485.555], [-12040098.1489, 5624483.027099997], [-12040061.3033, 5624478.070600003], [-12040024.8597, 5624470.7064], [-12039988.974, 5624460.966499999], [-12039953.8003, 5624448.892200001], [-12039919.489, 5624434.535599999], [-12039886.1871, 5624417.957999997], [-12039859.7126, 5624402.744000003], [-12039840.5819, 5624392.888499998], [-12039833.5384, 5624388.785499997], [-12039803.122299999, 5624384.6928], [-12039766.6791, 5624377.3279], [-12039730.794300001, 5624367.5869999975], [-12039721.9139, 5624364.780500002], [-12039711.0273, 5624363.058799997], [-12039674.5845, 5624355.693300001], [-12039638.6998, 5624345.952200003], [-12039603.5269, 5624333.876699999], [-12039573.6972, 5624321.545599997], [-12039550.0835, 5624318.0845], [-12039513.6408, 5624310.718599997], [-12039477.7565, 5624300.976899996], [-12039442.5841, 5624288.900899999], [-12039408.2743, 5624274.542499997], [-12039374.974, 5624257.963399999], [-12039342.8259, 5624239.234200001], [-12039311.967500001, 5624218.435599998], [-12039282.531, 5624195.656400003], [-12039262.0183, 5624177.837700002], [-12039253.4603, 5624171.771899998], [-12039224.0242, 5624148.9925], [-12039196.1362, 5624124.3303999975], [-12039169.9155, 5624097.890799999], [-12039145.474399999, 5624069.787100002], [-12039137.0198, 5624059.140900001], [-12039122.5045, 5624053.8434000015], [-12039088.1962, 5624039.484399997], [-12039054.897300001, 5624022.904600002], [-12039022.750599999, 5624004.174800001], [-12038991.8939, 5623983.375500001], [-12038962.4589, 5623960.596000001], [-12038934.5722, 5623935.933499999], [-12038921.9462, 5623923.6329], [-12038917.6477, 5623919.3134], [-12038904.0634, 5623905.183499999], [-12038904.054200001, 5623905.174199998], [-12038879.614500001, 5623877.070600003], [-12038857.0594, 5623847.423299998], [-12038836.485, 5623816.359300002], [-12038817.9798, 5623784.012000002], [-12038808.063299999, 5623763.7070999965], [-12038799.513799999, 5623761.978399999], [-12038763.6326, 5623752.234399997], [-12038728.463399999, 5623740.156499997], [-12038694.1567, 5623725.796599999], [-12038660.8598, 5623709.2157000005], [-12038628.7151, 5623690.485399999], [-12038597.8603, 5623669.685500003], [-12038594.1997, 5623667.017200001], [-12038587.4181, 5623662.8279], [-12038556.5634, 5623642.028300002], [-12038527.131, 5623619.248199999], [-12038499.2463, 5623594.585199997], [-12038473.029199999, 5623568.145300001], [-12038448.592, 5623540.041699998], [-12038437.4473, 5623525.391500004], [-12038413.5766, 5623517.192699999], [-12038410.9632, 5623516.190700002], [-12038399.771200001, 5623511.868000001], [-12038368.0795, 5623498.509099998], [-12038334.784, 5623481.927699998], [-12038302.6408, 5623463.196699999], [-12038271.7875, 5623442.396300003], [-12038242.3562, 5623419.615800001], [-12038214.4732, 5623394.9526999965], [-12038188.2573, 5623368.512599997], [-12038163.8215, 5623340.408799998], [-12038141.27, 5623310.761600003], [-12038120.6994, 5623279.697899997], [-12038102.197700001, 5623247.351099998], [-12038085.8443, 5623213.859399997], [-12038071.7093, 5623179.366300002], [-12038059.852699999, 5623144.0198], [-12038050.3259, 5623107.970700003], [-12038045.727, 5623085.1259], [-12038032.9841, 5623081.6611], [-12038017.0552, 5623077.079000004], [-12037985.7242, 5623072.725100003], [-12037969.664900001, 5623070.2579], [-12037933.229, 5623062.8869], [-12037924.0301, 5623060.627999999], [-12037893.9412, 5623056.389300004], [-12037861.104, 5623049.857299998], [-12037824.3901, 5623054.604000002], [-12037787.2942, 5623056.945600003], [-12037750.1251, 5623056.8477], [-12037713.0419, 5623054.310400002], [-12037676.2037, 5623049.3451000005], [-12037641.4167, 5623042.3605], [-12037624.5953, 5623045.362599999], [-12037587.7314, 5623050.1325], [-12037550.6357, 5623052.473099999], [-12037513.4665, 5623052.3741], [-12037476.3836, 5623049.836000003], [-12037463.6614, 5623048.398900002], [-12037437.6582, 5623046.362999998], [-12037400.8202, 5623041.396600001], [-12037364.3849, 5623034.023100004], [-12037328.5082, 5623024.274400003], [-12037293.343899999, 5623012.1919], [-12037259.0425, 5622997.8276999965], [-12037225.7511, 5622981.243199997], [-12037193.6121, 5622962.509499997], [-12037162.763, 5622941.706500001], [-12037154.073800001, 5622935.296800002], [-12037150.6337, 5622932.7082], [-12037129.896200001, 5622916.3354], [-12037102.0176, 5622891.670199998], [-12037075.8068, 5622865.228600003], [-12037051.375799999, 5622837.123400003], [-12037028.8291, 5622807.475100003], [-12037028.768199999, 5622807.383500002], [-12036999.6481, 5622801.489], [-12036963.772599999, 5622791.739200003], [-12036928.6097, 5622779.6558], [-12036896.561, 5622766.315300003], [-12036825.963, 5622763.574900001], [-12036789.126400001, 5622758.606200002], [-12036763.8268, 5622753.749499999], [-12036751.7843, 5622751.152400002], [-12036740.6504, 5622748.633699998], [-12036704.775600001, 5622738.882600002], [-12036669.6133, 5622726.7984], [-12036635.314100001, 5622712.432300001], [-12036602.0249, 5622695.845899999], [-12036569.8881, 5622677.110600002], [-12036539.0416, 5622656.306500003], [-12036509.6175, 5622633.522500001], [-12036481.741700001, 5622608.856399998], [-12036455.5334, 5622582.413599998], [-12036446.6519, 5622572.620499998], [-12036446.224399999, 5622572.719400004], [-12036409.751600001, 5622579.893200003], [-12036372.8891, 5622584.6581000015], [-12036335.795, 5622586.993600003], [-12036298.6281, 5622586.889600001], [-12036261.5475, 5622584.3467999995], [-12036224.7121, 5622579.375799999], [-12036188.2798, 5622571.998000003], [-12036152.4063, 5622562.245099999], [-12036117.2457, 5622550.159000002], [-12036082.947999999, 5622535.791100003], [-12036049.6604, 5622519.203100003], [-12036017.525600001, 5622500.466300003], [-12035986.681, 5622479.660599999], [-12035978.6063, 5622473.710900001], [-12035971.7265, 5622468.547200002], [-12035950.3792, 5622451.7117], [-12035922.5054, 5622427.044299997], [-12035896.2994, 5622400.6008], [-12035894.4762, 5622398.502800003], [-12035860.736200001, 5622402.862000003], [-12035850.5929, 5622403.7434], [-12035794.657200001, 5622408.096500002], [-12035767.7069, 5622409.548199996], [-12035730.5408, 5622409.442100003], [-12035693.4613, 5622406.897], [-12035656.627, 5622401.923799999], [-12035620.1959, 5622394.544], [-12035608.9967, 5622391.769199997], [-12035606.4704, 5622391.770499997], [-12035548.8773, 5622388.863899998], [-12035533.8007, 5622387.125699997], [-12035512.9655, 5622388.134300001], [-12035475.7996, 5622388.027000003], [-12035438.7201, 5622385.480800003], [-12035401.8862, 5622380.5066], [-12035365.455400001, 5622373.125699997], [-12035329.5838, 5622363.369999997], [-12035294.4249, 5622351.2808], [-12035285.8657, 5622347.940300003], [-12035277.2582, 5622344.500399999], [-12035251.5222, 5622333.470299996], [-12035218.2371, 5622316.879699998], [-12035186.1047, 5622298.140299998], [-12035161.938000001, 5622282.088500001], [-12035159.5068, 5622282.6554000005], [-12035123.034400001, 5622289.823700003], [-12035086.1727, 5622294.5832], [-12035049.0797, 5622296.913400002], [-12035011.914099999, 5622296.804200001], [-12034974.8352, 5622294.256099999], [-12034938.001899999, 5622289.280000001], [-12034901.572, 5622281.897500001], [-12034865.701299999, 5622272.139799997], [-12034852.3594, 5622267.854500003], [-12034847.1946, 5622266.124899998], [-12034825.3787, 5622258.319399998], [-12034791.0843, 5622243.947099999], [-12034757.8004, 5622227.355099998], [-12034725.6695, 5622208.614299998], [-12034694.8291, 5622187.804899998], [-12034665.4112, 5622165.0163], [-12034637.542, 5622140.3461000025], [-12034611.3407, 5622113.899700001], [-12034591.228, 5622091.0264], [-12034586.920400001, 5622085.854800001], [-12034582.6118, 5622080.618900001], [-12034560.0753, 5622050.967299998], [-12034539.520100001, 5622019.900399998], [-12034521.0338, 5621987.551200002], [-12034504.6962, 5621954.0581], [-12034490.5766, 5621919.564900003], [-12034478.7359, 5621884.218800001], [-12034469.2245, 5621848.171700001], [-12034462.0832, 5621811.5776999965], [-12034457.7342, 5621778.561999999], [-12034450.049800001, 5621758.999200001], [-12034445.386599999, 5621745.972999997], [-12034432.8179, 5621714.972199999], [-12034420.9776, 5621679.626900002], [-12034411.4666, 5621643.580600001], [-12034404.3257, 5621606.987400003], [-12034401.8324, 5621587.5353000015], [-12034543.2214, 5621587.2304000035], [-12034977.2886, 5621587.286499999], [-12036812.9966, 5621587.270900004], [-12037248.546799999, 5621587.329499997], [-12039082.7721, 5621587.317599997], [-12039519.8189, 5621587.363499999], [-12041352.5471, 5621587.356399998], [-12041791.7129, 5621587.4065999985], [-12043622.321899999, 5621587.387400001], [-12044062.9714, 5621587.451800004], [-12044793.2821, 5621587.492700003], [-12045892.0976, 5621587.438500002], [-12047991.7246, 5621587.467], [-12047991.422600001, 5621471.745200001], [-12047989.9368, 5620903.7717999965], [-12047988.4479, 5620334.037299998], [-12047987.3211, 5619778.434600003], [-12047986.1974, 5619222.870499998], [-12047987.009100001, 5618652.669200003], [-12047987.8209, 5618082.503799997], [-12047988.9514, 5617517.930500001], [-12047990.065200001, 5616963.234899998], [-12047990.084800001, 5616953.392200001], [-12047434.9715, 5616953.2346], [-12047425.3349, 5616953.2315], [-12047417.9398, 5616383.304799996], [-12047410.5448, 5615813.396700002], [-12047403.3321, 5615251.6483], [-12047396.1164, 5614689.917599998], [-12046811.0841, 5614687.755599998], [-12046274.4247, 5614685.924999997], [-12045737.762400001, 5614684.094300002], [-12045735.2653, 5614113.795199998], [-12045732.8398, 5613559.719800003], [-12045730.3522, 5612991.6501], [-12045727.8707, 5612423.620300002], [-12045725.4115, 5611860.8759], [-12045725.3924, 5611856.5], [-12045341.0605, 5611852.292800002], [-12045152.583999999, 5611850.223399997], [-12044579.754099999, 5611843.911899999], [-12044579.849, 5611835.243799999], [-12044585.9806, 5611275.9934], [-12044592.2317, 5610708.115000002], [-12044598.2104, 5610166.242200002], [-12044598.4892, 5610140.975400001], [-12044031.3057, 5610133.6998], [-12043464.1006, 5610126.388999999], [-12042896.642099999, 5610128.957699999], [-12042900.2618, 5609562.6669000015], [-12042903.8599, 5608996.415899999], [-12042881.7368, 5608996.324199997], [-12042335.287999999, 5608994.040799998], [-12042338.3573, 5608425.7206000015], [-12041769.182500001, 5608420.502899997], [-12041200.0508, 5608415.245899998], [-12041201.862, 5607878.719400004], [-12041165.6345, 5607878.799699999], [-12040640.2108, 5607879.946699999], [-12040640.2648, 5607833.991999999], [-12040640.9079, 5607287.538400002], [-12040641.451000001, 5606734.111299999], [-12040641.451000001, 5606734.092600003], [-12040641.4511, 5606734.073799998], [-12040641.9846, 5606168.585000001], [-12040637.8832, 5605604.384499997], [-12040633.7413, 5605042.428000003], [-12040635.6511, 5604486.424900003], [-12040074.5442, 5604487.184600003], [-12040072.990600001, 5603927.601899996], [-12040071.4401, 5603368.171800002], [-12040291.4184, 5603368.497400001], [-12040633.0535, 5603368.991999999], [-12040636.1372, 5603368.996299997], [-12040641.3803, 5602794.405199997], [-12040646.6574, 5602218.860200003], [-12040651.6953, 5601667.042199999], [-12040651.7956, 5601656.066600002], [-12041205.948800001, 5601656.178099997], [-12041206.278, 5601656.178099997], [-12041218.227400001, 5601656.180100001], [-12041223.9191, 5601094.080499999], [-12041179.7177, 5601094.063600004], [-12041182.8115, 5600734.230899997], [-12041175.7284, 5600140.964900002], [-12041173.3397, 5599574.3222], [-12041170.9387, 5598999.514399998], [-12041168.494199999, 5598412.678099997], [-12041157.1585, 5598412.656400003], [-12040600.748100001, 5598411.5744], [-12040600.744800001, 5598403.831699997], [-12040600.5119, 5597843.3391999975], [-12040600.3063, 5597275.8461000025], [-12040587.624499999, 5597275.821000002], [-12040032.6963, 5597274.699199997], [-12040032.694899999, 5597269.378899999], [-12040032.5436, 5596706.5308], [-12040032.3969, 5596139.104699999], [-12040024.190299999, 5596139.046099998], [-12040017.186, 5596138.995899998], [-12040017.8431, 5595570.157799996], [-12040057.7099, 5595565.559100002], [-12040073.380800001, 5595563.7513], [-12040073.5772, 5594992.141400002], [-12040073.7336, 5594418.452799998], [-12040073.896200001, 5593862.461900003], [-12040055.4191, 5593861.977300003], [-12040019.7408, 5593861.041500002], [-12040018.1877, 5593596.081799999], [-12040018.0525, 5593573.051399998], [-12040016.4122, 5593293.209700003], [-12040015.189199999, 5593101.108599998], [-12040012.7929, 5592724.707500003], [-12040013.1238, 5592724.707500003], [-12040009.785799999, 5592155.534599997], [-12040006.4293, 5591586.3977999985], [-12040569.3327, 5591581.3684], [-12040567.707899999, 5591013.614200003], [-12040565.4121, 5590455.1000000015], [-12040563.0359, 5589888.854500003], [-12040555.5235, 5589325.673100002], [-12040568.9673, 5588754.034100004], [-12040574.8429, 5588504.255599998], [-12040582.2073, 5588191.184500001], [-12040588.848000001, 5587614.380500004], [-12040595.4004, 5587044.193999998], [-12040595.43, 5587041.608199999], [-12040654.9723, 5587041.677000001], [-12040656.702, 5587179.4043999985], [-12040764.1226, 5587130.435599998], [-12040934.195799999, 5586957.179300003], [-12041062.5089, 5587016.7104], [-12041215.435899999, 5587041.189999998], [-12041351.9954, 5586895.257399999], [-12041617.916000001, 5586780.9619999975], [-12041745.4533, 5586796.1699], [-12041823.2466, 5586805.387900002], [-12041906.7857, 5586772.511799999], [-12042008.509100001, 5586757.015600003], [-12042268.0026, 5586726.886299998], [-12042293.8204, 5586723.8882], [-12042290.1042, 5586504.433300003], [-12042288.7069, 5586421.920199998], [-12042288.6767, 5586420.139899999], [-12042273.8922, 5586418.681500003], [-12042061.677299999, 5586397.743799999], [-12041763.9911, 5586356.115199998], [-12041744.45, 5586358.527900003], [-12041728.2918, 5586360.5229], [-12041652.5835, 5586369.869900003], [-12041576.8942, 5586312.1831], [-12041332.610399999, 5586103.302900001], [-12041160.4025, 5586036.495300002], [-12041026.9027, 5585936.5678], [-12040965.3504, 5585878.489500001], [-12040931.218, 5585818.591300003], [-12040851.5825, 5585549.861000001], [-12040890.8278, 5585442.7782000005], [-12040946.1371, 5585311.866300002], [-12040972.6505, 5585274.715999998], [-12040990.2422, 5585236.757799998], [-12041034.9013, 5585201.502999999], [-12041155.735100001, 5585136.280500002], [-12041295.4791, 5585093.067199998], [-12041430.0678, 5585084.501000002], [-12041537.7903, 5585097.013300002], [-12041631.1841, 5585126.2654], [-12041705.296500001, 5585149.477499999], [-12041713.6387, 5585152.090300001], [-12041741.7203, 5585161.701700002], [-12041927.1468, 5585226.072300002], [-12042062.875300001, 5585166.902400002], [-12042078.4913, 5585086.1620000005], [-12042179.5745, 5584986.718900003], [-12042293.8498, 5584875.854199998], [-12042369.8325, 5584860.847099997], [-12042391.1095, 5584794.671800002], [-12042258.438000001, 5584796.214100003], [-12042259.6673, 5584231.5898], [-12042258.4384, 5583665.733599998], [-12042271.934799999, 5583665.808499999], [-12042664.354899999, 5583667.9794000015], [-12042809.2725, 5583668.778700002], [-12042993.2094, 5583669.788199998], [-12043389.4801, 5583671.949500002], [-12043388.2724, 5584226.761799999], [-12043387.0461, 5584791.385700002], [-12043393.4946, 5585352.306500003], [-12043393.5599, 5585357.982900001], [-12042788.292100001, 5585353.115599997], [-12042800.6316, 5585427.6109], [-12042816.042399999, 5585505.490599997], [-12042822.0695, 5585531.635200001], [-12042833.8754, 5585582.8488000035], [-12042843.555, 5585621.572099999], [-12042870.9294, 5585731.082500003], [-12042952.604899999, 5586057.816500001], [-12043015.0087, 5586307.447300002], [-12043033.9691, 5586387.929099999], [-12043050.1611, 5586469.0178999975], [-12043063.5658, 5586550.618100002], [-12043074.1666, 5586632.633100003], [-12043081.9514, 5586714.966300003], [-12043086.911, 5586797.5198], [-12043089.039, 5586880.196500003], [-12043088.3331, 5586962.898500003], [-12043084.794, 5587045.527900003], [-12043084.6003, 5587048.715999998], [-12043080.265999999, 5587107.516800001], [-12043074.495900001, 5587166.193800002], [-12043067.293499999, 5587224.7114999965], [-12043053.9713, 5587320.407300003], [-12043012.731800001, 5587616.631399997], [-12043011.944699999, 5587622.285499997], [-12042933.7177, 5588184.1570999995], [-12042932.7445, 5588191.146399997], [-12042855.2004, 5588748.067400001], [-12042844.7964, 5588748.0625], [-12042709.0536, 5588748.193400003], [-12042709.0566, 5588751.409000002], [-12042709.203200001, 5588905.615900002], [-12042709.2898, 5588996.747900002], [-12042896.167100001, 5588999.047499999], [-12042910.560600001, 5588999.224399999], [-12042912.0306, 5589318.745499998], [-12042910.5626, 5589599.830499999], [-12042907.8868, 5590123.060000002], [-12042907.6479, 5590169.796800002], [-12043405.9809, 5590169.955300003], [-12043473.4611, 5590169.3156], [-12043476.8779, 5590169.2831000015], [-12043474.9801, 5590454.648000002], [-12043474.5678, 5590516.6215], [-12043473.0913, 5590738.609700002], [-12043471.193300001, 5591023.992600001], [-12043469.4544, 5591285.8803], [-12043469.3077, 5591307.9723000005], [-12043413.6655, 5591308.494800001], [-12043398.6394, 5591308.635799997], [-12043396.6241, 5591593.339299999], [-12043397.679200001, 5591877.218999997], [-12043474.8847, 5591878.7434], [-12043477.0197, 5592445.496699996], [-12043969.1249, 5592445.1669000015], [-12043969.7037, 5592729.151900001], [-12043970.930100001, 5593323.610399999], [-12044251.782, 5593325.703100003], [-12044540.2192, 5593327.843500003], [-12044540.4375, 5593492.9846], [-12044540.4376, 5593492.990900002], [-12044540.4375, 5593493.0031], [-12044540.4374, 5593493.011299998], [-12044540.9377, 5593871.380800001], [-12044550.4874, 5594173.440700002], [-12044551.6384, 5594209.8517], [-12044624.7559, 5594210.504600003], [-12044625.7146, 5594210.513300002], [-12044628.393, 5594721.346000001], [-12045194.9919, 5594724.358999997], [-12045197.7639, 5595291.5913999975], [-12045200.5452, 5595859.565700002], [-12045201.943799999, 5596148.515799999], [-12045684.818599999, 5596148.451800004], [-12045753.2788, 5596148.6448], [-12045767.9921, 5596148.686099999], [-12045770.2144, 5596523.281400003], [-12045773.3169, 5597065.7892], [-12045776.9525, 5597673.015299998], [-12045779.103799999, 5598214.917300001], [-12045779.2268, 5598245.862999998], [-12046318.1092, 5598243.085000001], [-12046790.3248, 5598242.253399998], [-12047318.109000001, 5598241.294500001], [-12047319.2991, 5598434.803300001], [-12047321.4024, 5598776.617299996], [-12047321.6235, 5598812.516099997], [-12046883.1398, 5598813.600900002], [-12046882.8526, 5599357.817000002], [-12046890.7843, 5599357.730899997], [-12047956.7611, 5599680.189800002], [-12047956.163800001, 5600529.753200002], [-12048527.926, 5600528.471900001], [-12048528.2206, 5601098.351800002], [-12048577.381900001, 5601098.297399998], [-12048581.306400001, 5601667.2042], [-12048019.5312, 5601668.300300002], [-12048028.2116, 5602237.757299997], [-12048006.7857, 5603367.0375000015], [-12046866.5878, 5603367.148599997], [-12046863.960900001, 5603937.480599999], [-12045732.487300001, 5603940.747699998], [-12045734.574099999, 5604508.697800003], [-12045734.0253, 5605076.544699997], [-12045733.9692, 5605645.7073], [-12045733.7543, 5606195.104500003], [-12045733.7469, 5606213.909599997], [-12046856.7201, 5606215.265900001], [-12047422.0343, 5606213.750799999], [-12047421.5872, 5606782.276600003], [-12047428.931400001, 5607919.410999998], [-12047997.3299, 5607921.173100002], [-12047991.3059, 5607351.753300004], [-12049132.8517, 5607347.185199998], [-12050262.4925, 5607342.522], [-12051389.7323, 5607345.952500001], [-12052522.5068, 5607349.257600002], [-12052525.5073, 5607917.430699997], [-12053658.9247, 5607920.927699998], [-12053662.055, 5609041.176799998], [-12054796.187199999, 5609038.579099998], [-12054799.162, 5610171.493299998], [-12055930.0337, 5610167.774700001], [-12055906.5948, 5612442.745099999], [-12055935.440299999, 5614145.205300003], [-12055944.8224, 5614699.001599997], [-12055944.841, 5614708.911499999], [-12055945.870299999, 5615261.5251], [-12055946.9173, 5615824.083300002], [-12055946.9471, 5615840.076899998], [-12055949.025, 5616958.418099999], [-12054813.701000001, 5616973.060599998], [-12054250.122299999, 5616969.254500002], [-12053686.5452, 5616965.413099997], [-12053686.6122, 5616978.5803999975], [-12053681.061099999, 5617811.684100002], [-12053680.9834, 5617823.3407000005], [-12053667.6283, 5619825.7676], [-12053672.6915, 5621569.179300003], [-12053760.6425, 5621569.617600001], [-12053760.531100001, 5621835.7324], [-12053760.2973, 5622404.395000003], [-12053760.064199999, 5622973.036399998], [-12053759.8402, 5623543.514200002], [-12053759.6004, 5624114.041100003], [-12053759.1342, 5624684.156999998], [-12053758.6525, 5625254.307899997], [-12053758.182, 5625823.701099999], [-12053757.7103, 5626393.129900001], [-12053756.952100001, 5626963.0951000005], [-12053756.192499999, 5627533.096199997], [-12053755.4474, 5628101.814499997], [-12053754.7007, 5628670.5825999975], [-12053754.1411, 5629240.5132], [-12053753.5948, 5629810.465800002], [-12053753.035, 5630380.3967999965], [-12054322.0842, 5630380.9965], [-12054321.4517, 5630950.7907000035], [-12054320.796, 5631521.698100001], [-12054320.1405, 5632092.598700002], [-12054888.9952, 5632092.942900002], [-12054888.2905, 5632663.8495000005], [-12054887.5845, 5633234.7919000015], [-12054887.9117, 5633806.556999996], [-12054888.2237, 5634378.3576000035], [-12054888.5485, 5634950.194700003], [-12055457.701299999, 5634950.398800001], [-12055457.6177, 5635521.988399997], [-12055457.5766, 5636092.735399999], [-12055457.521, 5636663.489299998], [-12056025.7422, 5636663.469899997], [-12056025.428, 5637234.151500002], [-12056025.112300001, 5637804.869099997], [-12056025.3002, 5638375.767200001], [-12056025.500799999, 5638946.701700002], [-12056025.7029, 5639517.601099998], [-12056025.9036, 5640088.536399998], [-12055458.111499999, 5640088.315300003], [-12055458.4071, 5640659.573799998], [-12055458.7161, 5641230.854699999], [-12055459.0112, 5641802.128399998], [-12055459.319899999, 5642373.424099997], [-12054890.8135, 5642373.328199998], [-12054891.422899999, 5642944.712899998], [-12054892.0453, 5643516.134099998], [-12054892.6525, 5644087.5907000005], [-12054893.2728, 5644659.083800003], [-12054325.0867, 5644660.341300003], [-12053756.9005, 5644661.5911], [-12053188.7281, 5644662.847900003], [-12052620.5412, 5644664.110699996], [-12052051.103500001, 5644663.831500001], [-12051481.666000001, 5644663.5446000025], [-12050912.2421, 5644663.2786], [-12050342.805100001, 5644662.989399999], [-12049773.8728, 5644663.341700003], [-12049204.925900001, 5644663.700300001], [-12048635.9936, 5644664.051399998], [-12048067.061, 5644664.409000002], [-12047497.432300001, 5644664.834200002], [-12046927.803, 5644665.265900001], [-12046358.1741, 5644665.6897], [-12045788.5452, 5644666.105599999], [-12045788.496, 5644701.707000002], [-12045788.4882, 5644707.344400004], [-12045787.751699999, 5645238.0418], [-12045786.9714, 5645810.000399999], [-12045786.175, 5646382.008599997], [-12045785.3914, 5646954.053499997], [-12045216.3532, 5646953.685800001], [-12044647.3148, 5646953.324900001], [-12044646.806699999, 5647525.145000003], [-12044646.2978, 5648096.987099998], [-12044645.7851, 5648668.5239999965], [-12044645.2731, 5649242.087099999], [-12044076.4512, 5649241.5261999965], [-12044047.3948, 5649241.493500002], [-12044046.7157, 5649813.053999998], [-12044046.0216, 5650384.635799997], [-12043476.261300001, 5650384.131800003], [-12042906.4882, 5650383.591200002], [-12042336.6315, 5650383.011100002], [-12041766.761599999, 5650382.4086000025], [-12041766.2564, 5650953.364299998], [-12041765.7357, 5651524.355599999], [-12041765.3477, 5652096.823600002], [-12041764.9442, 5652669.327200003], [-12041764.5535, 5653241.867399998], [-12041764.148, 5653814.429200001], [-12041763.732099999, 5654387.282899998], [-12041763.315000001, 5654960.172700003], [-12041762.601599999, 5655532.206200004], [-12041761.8864, 5656104.2902000025], [-12041761.8039, 5656302.699500002], [-12041826.5971, 5656302.388800003], [-12042332.7297, 5656300.039800003], [-12042903.5155, 5656297.722999997], [-12043726.5163, 5656294.840800002], [-12044045.2358, 5656294.094499998], [-12044106.6359, 5656293.904799998], [-12044615.166000001, 5656292.306999996], [-12044872.8341, 5656291.494900003], [-12045185.1157, 5656289.9432], [-12045755.0196, 5656286.844400004], [-12046013.006299999, 5656285.427100003], [-12046324.9923, 5656282.9717999995], [-12046894.815499999, 5656278.488600001], [-12047155.219, 5656276.453400001], [-12047464.6466, 5656275.818800002], [-12048034.4827, 5656274.649300002], [-12048292.3817, 5656274.116300002], [-12048604.5623, 5656273.821699999], [-12048604.605700001, 5656399.100599997], [-12048604.9604, 5656971.689800002], [-12048605.313900001, 5657544.315300003], [-12048605.4585, 5658117.240099996], [-12048605.6161, 5658690.201700002], [-12048605.758000001, 5659263.213100001], [-12048605.899, 5659836.2465], [-12048606.2571, 5660408.327500001], [-12048606.599399999, 5660980.457999997], [-12048606.9434, 5661552.6049000025], [-12048607.2861, 5662124.787900001], [-12048607.7279, 5662697.807599999], [-12048608.153900001, 5663270.877499998], [-12048608.5934, 5663843.969800003], [-12048609.0318, 5664417.098399997], [-12048038.114500001, 5664416.5308], [-12047467.197700001, 5664415.9551], [-12046896.2948, 5664415.386200003], [-12046325.3781, 5664414.808600001], [-12045841.9517, 5664414.230300002], [-12045271.2916, 5664413.6228], [-12045272.2843, 5664987.134499997], [-12045273.2621, 5665560.667599998], [-12044702.4869, 5665560.461099997], [-12044131.6987, 5665560.217600003], [-12043560.5952, 5665562.1054000035], [-12042989.492600001, 5665563.956799999], [-12042703.9486, 5665564.876199998], [-12042418.3906, 5665565.785899997], [-12041847.29, 5665567.564099997], [-12041276.566, 5665566.285999998], [-12040705.8297, 5665564.956500001], [-12040706.369800001, 5666138.611000001], [-12040706.9223, 5666712.316600002], [-12040136.263799999, 5666710.739600003], [-12039565.6194, 5666709.169500001], [-12038993.9117, 5666710.387900002], [-12038422.203499999, 5666711.612199999], [-12037850.496, 5666712.814199999], [-12037278.7875, 5666714.036600001], [-12037279.4793, 5667287.242700003], [-12037280.17, 5667860.484899998], [-12036994.9775, 5667860.6219], [-12036709.785799999, 5667860.735399999], [-12036424.608199999, 5667860.854500003], [-12036139.417, 5667860.950099997], [-12035854.2257, 5667861.050499998], [-12035569.0353, 5667861.127599999], [-12034998.6548, 5667861.268799998], [-12034856.011300001, 5667861.464000002], [-12034713.353799999, 5667861.656400003], [-12034570.71, 5667861.861500002], [-12034428.0526, 5667862.049400002], [-12034285.3953, 5667862.234899998], [-12034142.751699999, 5667862.432899997], [-12034000.0945, 5667862.614100002], [-12033857.4374, 5667862.7929000035], [-12033714.794599999, 5667862.969800003], [-12033572.1372, 5667863.158299997], [-12033429.4802, 5667863.330300003], [-12033286.8377, 5667863.500399999], [-12033144.1804, 5667863.681999996], [-12033001.5238, 5667863.847099997], [-12032858.8814, 5667864.010499999], [-12032716.3295, 5667864.170900002], [-12032716.329599999, 5667864.182300001], [-12032145.0441, 5667864.559799999], [-12031573.743700001, 5667864.915399998], [-12031573.6943, 5668438.756999999], [-12031573.6469, 5669012.649099998], [-12031502.228, 5669012.669799998], [-12031430.8093, 5669012.7042], [-12031287.9728, 5669012.785499997], [-12031002.2846, 5669012.927599996], [-12030430.9078, 5669013.198700003], [-12030359.514600001, 5669013.1523], [-12030288.1213, 5669013.1052], [-12030145.334800001, 5669013.0097], [-12029859.7763, 5669012.825300001], [-12029288.6303, 5669012.444399998], [-12029003.0713, 5669012.247000001], [-12028717.4989, 5669012.069200002], [-12028431.940200001, 5669011.881899998], [-12028146.3673, 5669011.685900003], [-12028074.9002, 5669011.567000002], [-12028003.4197, 5669011.4624999985], [-12027860.4721, 5669011.236699998], [-12027574.5911, 5669010.7776999995], [-12027134.6361, 5669010.076200001], [-12027002.8005, 5669009.861699998], [-12026931.319699999, 5669009.748400003], [-12026859.853, 5669009.634099998], [-12026716.9054, 5669009.404299997], [-12026431.01, 5669008.937600002], [-12026430.855700001, 5669217.7907000035], [-12026430.5861, 5669582.324000001], [-12026430.162999999, 5670155.732500002], [-12025857.7227, 5670154.197499998], [-12025856.9691, 5670727.3411], [-12025856.2166, 5671300.5211], [-12025856.148400001, 5671444.077200003], [-12025856.066399999, 5671587.650700003], [-12025855.9161, 5671874.774899997], [-12025855.6171, 5672449.065200001], [-12025855.3189, 5673023.377700001], [-12025855.0081, 5673597.741400003], [-12025281.8287, 5673594.471699998], [-12024708.6356, 5673591.208499998], [-12024135.457, 5673587.936499998], [-12023562.2648, 5673584.6708], [-12022988.952, 5673581.971500002], [-12022415.623599999, 5673579.265900001], [-12021842.306, 5673576.569499999], [-12021268.9891, 5673573.878899999], [-12020696.6186, 5673571.030699998], [-12020124.249200001, 5673568.202799998], [-12019552.4867, 5673566.797899999], [-12019444.4849, 5673566.574100003], [-12019063.4037, 5673565.773900002], [-12019062.7542, 5673792.434900001], [-12019061.764, 5674137.869199999], [-12018591.5721, 5674134.095899999], [-12018591.5326, 5673973.550999999], [-12018591.430300001, 5673560.256700002], [-12018180.751899999, 5673556.846000001], [-12018018.4233, 5673555.492700003], [-12018018.4047, 5673596.812700003], [-12018018.164099999, 5674129.4749], [-12018003.6505, 5674129.461099997], [-12017447.903099999, 5674128.920199998], [-12016877.6283, 5674128.372199997], [-12016877.1758, 5673550.0119], [-12016876.8793, 5673169.824500002], [-12016876.7246, 5672971.688600004], [-12016876.920699999, 5672456.051200002], [-12016876.9429, 5672397.695799999], [-12016876.982, 5672288.403800003], [-12016877.0455, 5672110.713299997], [-12016305.4848, 5672109.933700003], [-12015733.9235, 5672109.131800003], [-12015160.3592, 5672108.323700003], [-12014586.7948, 5672107.507200003], [-12014014.9463, 5672105.821800001], [-12014014.822999999, 5671818.699900001], [-12013442.7865, 5671816.799400002], [-12013443.4227, 5672391.451300003], [-12012873.8953, 5672390.035700001], [-12012873.925, 5672965.031300001], [-12012874.4004, 5673538.9925], [-12012303.4214, 5673537.949500002], [-12012303.0836, 5674112.048], [-12012303.5372, 5674685.241899997], [-12012304.0106, 5675262.135300003], [-12011731.514, 5675256.320600003], [-12011159.0309, 5675250.468900003], [-12010878.5328, 5675247.628300004], [-12010871.7846, 5675853.846199997], [-12010801.014899999, 5675853.7919000015], [-12010586.8311, 5675853.780100003], [-12010514.745000001, 5675853.779799998], [-12010514.8843, 5676140.6219], [-12010228.7872, 5676140.614500001], [-12009657.4908, 5676140.482500002], [-12009659.0515, 5676427.433899999], [-12009083.8129, 5676427.663999997], [-12009084.415, 5677000.443899997], [-12009084.0948, 5677574.462700002], [-12008510.1479, 5677576.719800003], [-12007933.6931, 5677578.0031], [-12007934.9795, 5677865.352399997], [-12007361.8279, 5677866.541599996], [-12007362.511599999, 5678153.8464], [-12007362.8881, 5678297.866700001], [-12007219.9641, 5678298.255800001], [-12007077.0404, 5678298.642499998], [-12006791.1929, 5678299.4089], [-12006219.4866, 5678300.936300002], [-12005933.5833, 5678301.700499997], [-12005933.241999999, 5678158.074600004], [-12005647.3908, 5678158.909699999], [-12005075.6744, 5678160.610100001], [-12004789.5042, 5678160.887100004], [-12003499.579599999, 5679890.696999997], [-12003079.5712, 5680453.816799998], [-12002365.6108, 5681074.542199999], [-12002366.1304, 5681650.570600003], [-12001937.34, 5682224.575000003], [-12002509.4567, 5682508.362099998], [-12002445.7161, 5682795.342], [-12002317.3394, 5683373.298500001], [-12002062.351599999, 5684521.125500001], [-12001936.105700001, 5685089.354000002], [-11999788.1688, 5687396.573700003], [-11998715.8433, 5688547.984200001], [-11997648.044599999, 5689694.246799998], [-11996576.227, 5690844.5352], [-11995914.9293, 5691554.104000002], [-11995771.7231, 5691707.7491], [-11995771.451000001, 5691994.989200003], [-11995376.4938, 5691995.639600001], [-11995368.2607, 5691996.322999999], [-11995234.353799999, 5692007.304499999], [-11995098.9784, 5692018.4043999985], [-11994865.1656, 5692037.570500001], [-11994888.0563, 5691498.7157000005], [-11994891.3401, 5691421.424199998], [-11994891.332, 5690935.304200001], [-11994895.3787, 5690647.231299996], [-11995751.7147, 5690646.9021999985], [-11996473.248599999, 5689737.783500001], [-11996961.2161, 5689122.864], [-11997154.4698, 5688879.312399998], [-11997826.0306, 5688032.876800001], [-11998285.1239, 5687454.156300001], [-11998855.5233, 5686870.502300002], [-11999422.5346, 5686290.2381], [-11999992.3193, 5685707.058499999], [-12000275.917, 5685416.764700003], [-12000274.292399999, 5685129.606200002], [-12000272.6188, 5684555.582900003], [-12000270.945799999, 5683981.5744], [-12000269.839, 5683693.937100001], [-12000363.9999, 5683405.9252], [-12000552.2007, 5682830.237099998], [-12000829.722, 5682252.954300001], [-12001109.434, 5681671.0647], [-12000823.9771, 5681096.7764], [-12001101.914900001, 5680516.670500003], [-12001672.762, 5680509.3495000005], [-12002239.690200001, 5679925.720200002], [-12002801.4241, 5679347.362099998], [-12002811.8316, 5679326.436899997], [-12003087.0062, 5678773.146200001], [-12003372.4019, 5678199.254900001], [-12003515.3741, 5678199.2299000025], [-12003652.4794, 5678193.432599999]]]]}}, {"type": "Feature", "properties": {"OBJECTID": 76, "CreationDate": "2025-01-14T11:11:11Z", "Creator": "NPS_WASO_LANDS", "EditDate": "2025-01-14T11:11:11Z", "Editor": "NPS_WASO_LANDS", "GlobalID": "{FCF9F11F-52F9-4F1A-80D7-F311DB03032B}", "AreaID": 57, "UNIT_CODE": "LIBI", "GIS_Notes": "Lands - http://landsnet.nps.gov/tractsnet/documents/LIBI/Metadata/libi_metadata.xml", "UNIT_NAME": "Little Bighorn Battlefield National Monument", "DATE_EDIT": "2005-02-23T00:00:00Z", "STATE": "MT", "REGION": "IM", "GNIS_ID": "806297", "UNIT_TYPE": "National Monument", "CREATED_BY": "Lands", "METADATA": "https://irma.nps.gov/DataStore/Reference/Profile/1048009", "PARKNAME": "Little Bighorn Battlefield", "SHAPE_Length": 19524.580414683023, "SHAPE_Area": 6437512.950653366}, "geometry": {"type": "MultiPolygon", "coordinates": [[[[-11953415.313900001, 5703937.4758], [-11953949.7633, 5703932.779700004], [-11953952.5334, 5704718.457800001], [-11953952.662999999, 5704755.265100002], [-11953953.9037, 5705107.063900001], [-11953379.774799999, 5705105.789800003], [-11953378.2199, 5704529.7695999965], [-11952804.6381, 5704527.898699999], [-11952803.4982, 5703943.407700002], [-11952842.1882, 5703943.031000003], [-11952848.311099999, 5703370.990099996], [-11953420.9227, 5703369.0537], [-11953415.313900001, 5703937.4758]]], [[[-11960548.3702, 5710791.308499999], [-11960575.5868, 5710811.353], [-11960594.1392, 5710838.006099999], [-11960609.1455, 5710842.532300003], [-11960649.107, 5710891.782499999], [-11960679.7383, 5710929.770300001], [-11960688.2768, 5710971.307499997], [-11960694.031100001, 5711014.148900002], [-11960707.015999999, 5711043.409900002], [-11960724.1591, 5711071.4032000005], [-11960727.5974, 5711097.6586000025], [-11960717.3309, 5711122.176399998], [-11960695.1294, 5711129.8544000015], [-11960665.1513, 5711119.425499998], [-11960640.777800001, 5711105.012199998], [-11960605.7717, 5711076.548100002], [-11960560.0613, 5711036.784999996], [-11960522.3437, 5711006.872100003], [-11960486.6898, 5711003.178400002], [-11960464.3803, 5711014.984200001], [-11960437.6962, 5711036.314199999], [-11960423.1265, 5711067.603399999], [-11960416.621100001, 5711105.990900002], [-11960418.360100001, 5711144.595899999], [-11960438.3632, 5711173.262800001], [-11960464.5554, 5711202.494199999], [-11960414.2931, 5711237.990999997], [-11959848.636, 5711637.2434], [-11959290.7923, 5712030.941299997], [-11958630.6427, 5712496.6554000005], [-11958292.184, 5712013.603100002], [-11957991.7742, 5711585.251100004], [-11957888.008000001, 5711436.682300001], [-11957483.180100001, 5710859.572899997], [-11957401.358199999, 5710742.407399997], [-11957294.9446, 5710590.047700003], [-11957401.1739, 5710514.8901999965], [-11957728.230999999, 5710283.4494], [-11958182.809, 5709961.722400002], [-11958212.4406, 5709940.749700002], [-11958547.298, 5709703.730099998], [-11958804.3945, 5709521.752800003], [-11958843.885, 5709550.602799997], [-11958874.9464, 5709583.401799999], [-11958902.9773, 5709625.851499997], [-11958926.957, 5709664.0233], [-11958946.7754, 5709702.084700003], [-11958950.351, 5709724.422899999], [-11958967.102400001, 5709773.5251], [-11958992.6163, 5709806.177299999], [-11959019.554200001, 5709837.4767], [-11959054.8521, 5709867.607799999], [-11959107.344999999, 5709877.341300003], [-11959154.6555, 5709873.034599997], [-11959184.334800001, 5709852.967799999], [-11959192.2218, 5709817.0309000015], [-11959189.158, 5709775.243000001], [-11959177.8074, 5709731.8455], [-11959162.4054, 5709684.1701000035], [-11959147.0768, 5709633.7163999975], [-11959151.022, 5709589.3347999975], [-11959175.4811, 5709556.618500002], [-11959223.8503, 5709512.0244999975], [-11959251.7923, 5709497.897200003], [-11959260.4274, 5709493.531300001], [-11959313.4304, 5709483.814300001], [-11959344.2028, 5709474.898100004], [-11959390.1237, 5709470.553599998], [-11959424.728500001, 5709474.250399999], [-11959445.0602, 5709492.8609], [-11959452.7984, 5709515.308600001], [-11959452.250300001, 5709536.1467999965], [-11959430.6761, 5709564.7695999965], [-11959390.7764, 5709604.028499998], [-11959352.1541, 5709647.491899997], [-11959316.0864, 5709699.364299998], [-11959271.439100001, 5709760.740900002], [-11959261.808400001, 5709810.199000001], [-11959256.7931, 5709822.855499998], [-11959245.4525, 5709851.4727], [-11959240.0109, 5709899.986699998], [-11959258.659, 5709944.106399998], [-11959279.2127, 5709992.781800002], [-11959294.7623, 5710034.901600003], [-11959327.360399999, 5710062.180200003], [-11959350.285, 5710087.812299997], [-11959381.167399999, 5710127.557999998], [-11959418.8765, 5710171.655299999], [-11959462.536899999, 5710200.616700001], [-11959506.9283, 5710201.792000003], [-11959528.2117, 5710184.281499997], [-11959545.3333, 5710166.660999998], [-11959548.728500001, 5710143.116099998], [-11959556.8816, 5710097.008299999], [-11959571.6303, 5710064.032300003], [-11959595.9431, 5710036.869999997], [-11959619.9638, 5710020.822700001], [-11959657.7832, 5710007.920699999], [-11959698.45, 5709992.313100003], [-11959721.046799999, 5709977.618100002], [-11959753.477, 5709957.170400001], [-11959773.2617, 5709943.7919000015], [-11959784.906, 5709923.247299999], [-11959787.0957, 5709892.721600004], [-11959784.065499999, 5709849.546499997], [-11959800.2721, 5709813.830899999], [-11959828.4842, 5709788.371200003], [-11959828.7072, 5709788.1699], [-11959866.888, 5709761.376100004], [-11959900.5791, 5709746.9750000015], [-11959930.2183, 5709728.296099998], [-11959950.2937, 5709703.804099999], [-11959993.8765, 5709682.713200003], [-11960026.9475, 5709691.927599996], [-11960052.6461, 5709717.628600001], [-11960077.9074, 5709759.999600001], [-11960109.2639, 5709781.6796], [-11960157.5207, 5709794.074699998], [-11960207.3103, 5709800.949199997], [-11960233.119, 5709822.4824], [-11960240.2764, 5709867.156099997], [-11960239.5844, 5709893.550800003], [-11960225.9352, 5709937.675899997], [-11960209.8757, 5709967.835900001], [-11960163.372299999, 5709994.4120000005], [-11960129.3163, 5710022.707000002], [-11960116.067, 5710051.550999999], [-11960107.5257, 5710059.666699998], [-11960088.0329, 5710061.932599999], [-11960047.5144, 5710071.983999997], [-11960011.7405, 5710098.9641999975], [-11959980.949, 5710137.164999999], [-11959954.569400001, 5710216.790899999], [-11959947.9905, 5710257.926299997], [-11959939.676, 5710312.7861], [-11959948.0659, 5710359.825400002], [-11959976.233199999, 5710386.7324], [-11960023.9253, 5710403.138999999], [-11960074.5097, 5710414.113700002], [-11960119.5625, 5710426.319200002], [-11960149.2849, 5710446.381899998], [-11960166.3168, 5710478.502700001], [-11960167.9463, 5710521.233199999], [-11960161.476300001, 5710558.2421], [-11960127.5979, 5710591.773400001], [-11960087.6074, 5710596.225900002], [-11960032.8997, 5710585.141999997], [-11960001.8754, 5710562.2902000025], [-11959965.7523, 5710524.156400003], [-11959940.9464, 5710473.928499997], [-11959907.824900001, 5710426.235200003], [-11959882.9114, 5710380.135799997], [-11959854.8529, 5710349.100400001], [-11959839.847, 5710339.535700001], [-11959814.2841, 5710323.242200002], [-11959766.5206, 5710309.5867], [-11959728.1581, 5710304.441299997], [-11959693.6647, 5710309.0370000005], [-11959657.4355, 5710327.356700003], [-11959623.737, 5710354.005099997], [-11959598.1376, 5710386.375799999], [-11959584.9037, 5710419.0735], [-11959583.999400001, 5710453.4749], [-11959585.0834, 5710516.846199997], [-11959588.3374, 5710549.980899997], [-11959603.1259, 5710562.765299998], [-11959629.9216, 5710589.525700003], [-11959647.169, 5710613.391599998], [-11959650.2785, 5710652.0308], [-11959649.3021, 5710689.185199998], [-11959659.6072, 5710715.621799998], [-11959685.4606, 5710725.945], [-11959722.4507, 5710731.054300003], [-11959752.1373, 5710752.495300002], [-11959763.7084, 5710783.096500002], [-11959810.751699999, 5710824.2749999985], [-11959857.7232, 5710868.205700003], [-11959893.738699999, 5710910.469800003], [-11959945.2306, 5710939.372100003], [-11960004.8052, 5710974.655500002], [-11960045.702399999, 5710988.129199997], [-11960104.6069, 5710996.569899999], [-11960133.5706, 5710993.203299999], [-11960166.9813, 5710977.560199998], [-11960189.6158, 5710953.369999997], [-11960213.9128, 5710918.207000002], [-11960238.317699999, 5710878.9157000035], [-11960260.3353, 5710825.7907000035], [-11960282.2802, 5710775.418499999], [-11960310.6625, 5710741.740800001], [-11960334.3455, 5710729.971900001], [-11960375.7467, 5710724.178499997], [-11960419.6435, 5710728.0898], [-11960460.576299999, 5710740.185699999], [-11960506.771499999, 5710761.342600003], [-11960544.5602, 5710788.502499998], [-11960548.3702, 5710791.308499999]]]]}}, {"type": "Feature", "properties": {"OBJECTID": 80, "CreationDate": "2025-01-14T11:11:11Z", "Creator": "NPS_WASO_LANDS", "EditDate": "2025-01-14T11:11:11Z", "Editor": "NPS_WASO_LANDS", "GlobalID": "{DCE67FE0-EEA1-470B-8CF8-9AD0472F5934}", "AreaID": 61, "UNIT_CODE": "GLAC", "GIS_Notes": "Lands - http://landsnet.nps.gov/tractsnet/documents/GLAC/Metadata/glac_metadata.xml", "UNIT_NAME": "Glacier National Park", "DATE_EDIT": "2023-12-04T00:00:00Z", "STATE": "MT", "REGION": "IM", "GNIS_ID": "1803454", "UNIT_TYPE": "National Park", "CREATED_BY": "Lands", "METADATA": "https://irma.nps.gov/DataStore/Reference/Profile/2230264", "PARKNAME": "Glacier", "SHAPE_Length": 506692.8412358362, "SHAPE_Area": 9351621674.663435}, "geometry": {"type": "MultiPolygon", "coordinates": [[[[-12710490.989500001, 6274826.9199], [-12708872.3305, 6274807.2776999995], [-12706424.8398, 6274776.992399998], [-12704840.781, 6274757.015000001], [-12703977.482099999, 6274745.773699999], [-12701553.314100001, 6274714.691600002], [-12699105.8266, 6274682.610600002], [-12698013.3945, 6274668.0647], [-12698012.9504, 6274668.063900001], [-12696658.3702, 6274665.772600003], [-12695175.523699999, 6274663.020800002], [-12694210.9324, 6274661.533299997], [-12691763.4946, 6274657.270400003], [-12689315.9627, 6274652.3235], [-12687637.2435, 6274649.237899996], [-12686891.9038, 6274648.125600003], [-12684444.466, 6274644.008699998], [-12683607.347199999, 6274642.437299997], [-12681997.0316, 6274639.844400004], [-12679963.811999999, 6274636.138400003], [-12679900.182799999, 6274635.612599999], [-12679549.5943, 6274632.696800001], [-12678550.7363, 6274624.3059], [-12677102.1598, 6274611.847499996], [-12676078.4329, 6274602.896499999], [-12674654.675900001, 6274590.979699999], [-12672560.5949, 6274573.682300001], [-12670934.3321, 6274559.8961], [-12670113.17, 6274553.431999996], [-12667665.7543, 6274533.700199999], [-12665218.3946, 6274513.265799999], [-12664816.7133, 6274509.950999998], [-12662795.3471, 6274492.609499998], [-12660347.9296, 6274471.0132], [-12658264.0177, 6274452.072700001], [-12657900.5233, 6274449.027599998], [-12656445.664, 6274436.681900002], [-12655453.135499999, 6274445.314999998], [-12653005.7598, 6274466.115999997], [-12651564.8809, 6274478.033500001], [-12650558.3375, 6274486.596600004], [-12648110.9736, 6274507.195200004], [-12646976.251, 6274516.509599999], [-12646976.0604, 6274488.606899999], [-12646975.933899999, 6274470.206500001], [-12646976.2094, 6273899.500200003], [-12646976.5915, 6273274.93], [-12646976.5734, 6273254.293499999], [-12646976.0362, 6272665.282399997], [-12646976.036600001, 6272650.269100003], [-12646975.5029, 6272041.028999999], [-12646976.565000001, 6271431.847400002], [-12646977.6299, 6270822.714100003], [-12646977.6301, 6270819.039399996], [-12646977.6536, 6270798.794799998], [-12646977.7355, 6270727.796800002], [-12646978.33, 6270213.6061], [-12646978.33, 6270211.684], [-12646979.0552, 6269598.224799998], [-12646979.4337, 6268983.034500003], [-12646979.7719, 6268388.367600001], [-12646979.760200001, 6268367.743100002], [-12646980.311900001, 6267758.788099997], [-12646980.3181, 6267752.642099999], [-12646980.7948, 6267171.629000001], [-12646980.727699999, 6267140.896700002], [-12646980.222, 6266529.520300001], [-12646979.693, 6265973.8994999975], [-12646979.6512, 6265917.844499998], [-12646980.039, 6265306.603600003], [-12646980.039, 6265306.5473000035], [-12646980.3107, 6264754.4526999965], [-12646980.269299999, 6264695.3505000025], [-12646980.6446, 6264084.706299998], [-12646980.991999999, 6263489.926899999], [-12646977.4388, 6263483.3983], [-12646900.3224, 6263341.632700004], [-12646651.0996, 6262883.4639], [-12646635.690499999, 6262855.1294], [-12646420.1681, 6262458.867200002], [-12646310.9288, 6262258.293200001], [-12646281.3134, 6262203.916100003], [-12645969.2648, 6261630.956900001], [-12645839.0224, 6261391.818700001], [-12645671.3297, 6261079.437700003], [-12645660.9241, 6261060.266500004], [-12645635.6135, 6261013.171599999], [-12645305.311700001, 6260398.602899998], [-12645245.2776, 6260286.908200003], [-12644876.5756, 6259623.0229], [-12644851.7072, 6259578.246399999], [-12644660.179, 6259233.351499997], [-12644538.806200001, 6259011.673500001], [-12644283.0081, 6258544.455300003], [-12644206.0967, 6258403.077299997], [-12644191.504, 6258376.248899996], [-12644080.2216, 6258171.6831], [-12643876.9437, 6257798.282899998], [-12643857.594999999, 6257762.754299998], [-12643677.5217, 6257432.133199997], [-12643548.873300001, 6257195.9113000035], [-12643501.2551, 6257108.4767], [-12643222.2008, 6256597.349399999], [-12643075.740899999, 6256329.065899998], [-12642927.4786, 6256057.475299999], [-12642893.5747, 6255995.086199999], [-12642573.2611, 6255405.599799998], [-12642523.2438, 6255313.480999999], [-12642467.892, 6255211.445699997], [-12642351.2421, 6254996.695100002], [-12642229.6353, 6254773.1049000025], [-12641892.6272, 6254153.441200003], [-12641826.4618, 6254031.775700003], [-12641775.0809, 6253937.269100003], [-12641752.6031, 6253895.9026999995], [-12641536.2375, 6253497.7053999975], [-12641192.3902, 6252864.834700003], [-12641180.410799999, 6252842.785999998], [-12641171.3566, 6252826.129699998], [-12640847.767, 6252230.355999999], [-12640594.808400001, 6251764.580300003], [-12640559.6339, 6251699.754500002], [-12640518.8442, 6251624.578699999], [-12640187.3021, 6251013.490999997], [-12640010.8835, 6250688.300899997], [-12639951.008000001, 6250577.964500003], [-12639863.6306, 6250416.950599998], [-12639853.1789, 6250397.685999997], [-12639520.2, 6249783.941500001], [-12639431.9135, 6249621.208400004], [-12639339.61, 6249451.702399999], [-12639316.282, 6249408.811700001], [-12639187.310800001, 6249171.655500002], [-12638854.4969, 6248559.619900003], [-12638847.1094, 6248546.0309000015], [-12638742.0541, 6248352.559], [-12638534.1756, 6247969.706799999], [-12638522.261599999, 6247947.764700003], [-12638263.8189, 6247473.060699999], [-12638188.0626, 6247333.937600002], [-12638133.2774, 6247233.3226], [-12637849.875300001, 6246712.816600002], [-12637677.7623, 6246396.255599998], [-12637532.817499999, 6246129.823399998], [-12637518.6708, 6246103.822800003], [-12637451.6842, 6245980.4397], [-12637238.0118, 6245587.960500002], [-12637215.098299999, 6245545.817699999], [-12637185.9047, 6245492.124300003], [-12637093.7878, 6245322.883100003], [-12636917.0462, 6244998.510899998], [-12636882.5123, 6244935.013999999], [-12636848.4022, 6244872.2973000035], [-12636516.2618, 6244261.5934000015], [-12636513.541000001, 6244256.587099999], [-12636306.6879, 6243871.292599998], [-12636190.9562, 6243655.713799998], [-12635956.567499999, 6243219.087300003], [-12635878.5111, 6243077.380500004], [-12635863.3313, 6243049.820600003], [-12635697.2181, 6242748.411700003], [-12635529.8685, 6242444.740800001], [-12635368.2146, 6242151.3961], [-12635198.6634, 6241839.750500001], [-12635085.3347, 6241631.4344], [-12634869.568, 6241234.802900001], [-12634781.066599999, 6241072.093699999], [-12634541.936900001, 6240632.2826000005], [-12634540.6752, 6240629.963500001], [-12634520.101599999, 6240592.116300002], [-12634473.721900001, 6240506.788999997], [-12634206.3003, 6240014.826499999], [-12634205.310899999, 6240013.0053], [-12633927.815299999, 6239502.582400002], [-12633871.869199999, 6239399.668799996], [-12633622.872000001, 6238941.6259], [-12633539.6235, 6238788.488799997], [-12633364.3883, 6238466.134599999], [-12633313.0784, 6238413.827200003], [-12633091.4007, 6238187.817900002], [-12633073.3616, 6238169.425300002], [-12632887.9077, 6237980.347999997], [-12632704.4453, 6237793.311499998], [-12632473.7196, 6237558.074000001], [-12632086.4263, 6237163.179399997], [-12632081.2967, 6237157.951800004], [-12632031.953, 6237107.642200001], [-12631879.343, 6236952.069700003], [-12631501.4863, 6236566.851199999], [-12631297.1915, 6236358.557599999], [-12631179.1072, 6236238.161700003], [-12630895.2592, 6235948.784900002], [-12630694.5107, 6235744.110299997], [-12630691.4526, 6235740.990000002], [-12630325.2708, 6235367.673299998], [-12630290.425900001, 6235332.134199999], [-12630157.564199999, 6235196.6087], [-12629746.660799999, 6234777.449000001], [-12629646.068599999, 6234674.836800002], [-12629563.0053, 6234590.099100001], [-12629470.1772, 6234495.398599997], [-12629129.201000001, 6234147.768200003], [-12628946.899500001, 6233961.900600001], [-12628617.5803, 6233626.112999998], [-12628510.1293, 6233516.539999999], [-12628298.8699, 6233301.0940999985], [-12628271.1307, 6233272.801299997], [-12627838.5557, 6232831.1118], [-12627764.2118, 6232755.196400002], [-12627696.2874, 6232685.932099998], [-12627695.474, 6232685.1017], [-12627708.7346, 6232573.0842999965], [-12627715.8608, 6232536.038400002], [-12627724.8148, 6232509.842100002], [-12627729.9439, 6232484.160499997], [-12627729.8898, 6232463.889300004], [-12627721.7215, 6232441.7749999985], [-12627693.2772, 6232418.431100003], [-12627680.8737, 6232414.229699999], [-12627653.7012, 6232416.244000003], [-12627643.5381, 6232411.9296], [-12627624.1664, 6232383.944399998], [-12627612.154199999, 6232349.152000003], [-12627601.772599999, 6232308.484999999], [-12627578.6004, 6232281.886500001], [-12627512.6437, 6232262.284500003], [-12627471.444699999, 6232236.506300002], [-12627435.557500001, 6232194.671999998], [-12627405.3301, 6232147.725599997], [-12627388.051, 6232123.054300003], [-12627326.5926, 6232049.123400003], [-12627308.4583, 6232003.377899997], [-12627287.650600001, 6231957.3653], [-12627275.1885, 6231927.966700003], [-12627272.1329, 6231907.003399998], [-12627272.8994, 6231872.272399999], [-12627270.8438, 6231851.259000003], [-12627261.2121, 6231829.119000003], [-12627233.2017, 6231800.363499999], [-12627198.489799999, 6231767.923799999], [-12627179.505800001, 6231739.216300003], [-12627151.614500001, 6231682.802100003], [-12627135.3751, 6231628.817900002], [-12627130.2672, 6231596.8979], [-12627126.7394, 6231586.517499998], [-12627125.282499999, 6231557.430100001], [-12627134.6482, 6231514.222999997], [-12627137.7919, 6231486.915299997], [-12627128.0582, 6231452.715000004], [-12627121.500599999, 6231421.874200001], [-12627109.8719, 6231409.890900001], [-12627077.015999999, 6231394.452299997], [-12627066.5612, 6231375.874200001], [-12627059.9923, 6231294.758599997], [-12627042.2542, 6231240.8522000015], [-12627026.7721, 6231211.969700001], [-12627006.1664, 6231190.886699997], [-12626995.860399999, 6231165.263099998], [-12626997.155000001, 6231141.066], [-12627013.5964, 6231099.012900002], [-12627009.5646, 6231068.548799999], [-12626994.7586, 6231043.152000003], [-12626969.3815, 6231036.8891], [-12626954.929200001, 6231028.5678], [-12626937.9728, 6231000.262800001], [-12626923.190200001, 6230965.313100003], [-12626911.0603, 6230943.300800003], [-12626861.5537, 6230915.629799999], [-12626799.0456, 6230878.558600001], [-12626776.8408, 6230855.545400001], [-12626745.7309, 6230804.828000002], [-12626716.2237, 6230766.095299996], [-12626677.3191, 6230739.9011999965], [-12626646.6152, 6230717.316], [-12626618.1373, 6230699.142999999], [-12626594.0607, 6230688.792099997], [-12626560.0096, 6230679.445799999], [-12626547.307500001, 6230666.0088], [-12626540.7791, 6230645.725900002], [-12626526.7194, 6230585.102399997], [-12626516.2632, 6230546.4169000015], [-12626511.282, 6230506.953699999], [-12626494.4783, 6230481.658299997], [-12626449.3831, 6230421.843000002], [-12626400.4924, 6230386.3483000025], [-12626378.940499999, 6230366.318899997], [-12626369.9129, 6230346.162299998], [-12626368.2344, 6230322.619999997], [-12626370.5558, 6230298.876599997], [-12626366.9027, 6230275.936300002], [-12626354.4228, 6230236.851400003], [-12626340.9709, 6230218.425700001], [-12626317.6453, 6230203.009800002], [-12626305.1447, 6230193.584700003], [-12626291.7642, 6230146.502300002], [-12626272.059700001, 6230103.256999999], [-12626259.008000001, 6230082.800499998], [-12626259.103, 6230044.592], [-12626252.000599999, 6230022.831100002], [-12626233.8994, 6230001.623499997], [-12626207.3254, 6229991.398000002], [-12626183.9769, 6229985.534400001], [-12626167.9509, 6229965.7304000035], [-12626152.7232, 6229931.811399996], [-12626143.7455, 6229902.604999997], [-12626152.0404, 6229868.006499998], [-12626179.4559, 6229814.853399999], [-12626195.5993, 6229776.8445999995], [-12626199.6951, 6229748.489399999], [-12626194.540199999, 6229705.5195999965], [-12626203.9349, 6229672.877300002], [-12626199.7311, 6229638.907799996], [-12626191.4739, 6229573.977799997], [-12626194.943300001, 6229533.088600002], [-12626198.6657, 6229517.319300003], [-12626197.6131, 6229496.261100002], [-12626183.1368, 6229467.3325999975], [-12626149.3113, 6229422.2870000005], [-12626113.8076, 6229343.649099998], [-12626095.958700001, 6229327.4564], [-12626091.7077, 6229312.590899996], [-12626063.9106, 6229297.903700002], [-12626052.534699999, 6229270.8303999975], [-12626052.3558, 6229237.162900001], [-12626064.4222, 6229177.748599999], [-12626061.069699999, 6229150.7751], [-12626023.665199999, 6229044.0879999995], [-12626017.208, 6228964.998499997], [-12626026.8519, 6228927.320299998], [-12626030.7945, 6228865.803300001], [-12626031.462000001, 6228798.922600001], [-12626029.1837, 6228763.351999998], [-12626041.227699999, 6228733.5955], [-12626059.196, 6228712.085699998], [-12626075.963, 6228676.5634], [-12626115.022599999, 6228625.848099999], [-12626121.8919, 6228592.833800003], [-12626138.6346, 6228566.862400003], [-12626136.1555, 6228527.281999998], [-12626140.001600001, 6228503.9695999995], [-12626134.2502, 6228479.129100002], [-12626113.000599999, 6228434.964299999], [-12626106.1983, 6228399.119999997], [-12626109.8952, 6228382.851400003], [-12626127.8115, 6228350.2880000025], [-12626128.4592, 6228333.1677], [-12626110.4811, 6228264.212800004], [-12626080.9875, 6228245.592200004], [-12626053.6404, 6228199.724600002], [-12626037.0931, 6228179.448100001], [-12626023.1954, 6228162.053999998], [-12626017.0175, 6228118.640799999], [-12626014.1918, 6228102.198100001], [-12626003.9673, 6228078.086000003], [-12626003.84, 6228055.476999998], [-12625973.918499999, 6227998.180600002], [-12625958.8671, 6227937.624399997], [-12625956.7146, 6227904.563900001], [-12625955.7129, 6227884.5119], [-12625948.4629, 6227859.748499997], [-12625934.1412, 6227843.8838], [-12625883.881, 6227820.778700002], [-12625867.5601, 6227805.0145], [-12625857.1863, 6227777.895499997], [-12625855.1074, 6227726.237400003], [-12625869.5977, 6227675.255000003], [-12625863.921799999, 6227641.869800001], [-12625863.4184, 6227601.691799998], [-12625853.9192, 6227572.016800001], [-12625860.0359, 6227503.8671], [-12625858.48, 6227432.585699998], [-12625859.3787, 6227420.4799000025], [-12625866.0496, 6227403.561499998], [-12625868.5227, 6227392.884000003], [-12625867.4452, 6227361.279100001], [-12625851.774500001, 6227338.447700001], [-12625827.3567, 6227311.030299999], [-12625823.4817, 6227293.636699997], [-12625825.7037, 6227267.896600001], [-12625828.0257, 6227244.161499999], [-12625819.4991, 6227183.7853000015], [-12625819.2722, 6227159.1734], [-12625814.6471, 6227136.792599998], [-12625789.7311, 6227119.451300003], [-12625762.3672, 6227113.288099997], [-12625752.8454, 6227103.213500001], [-12625746.7964, 6227082.4120000005], [-12625755.2654, 6227051.333499998], [-12625778.903099999, 6227023.010899998], [-12625788.571600001, 6226995.892499998], [-12625792.0685, 6226975.616700001], [-12625798.2879, 6226939.626699999], [-12625795.0865, 6226905.6175], [-12625783.0645, 6226875.568999998], [-12625775.3167, 6226860.883000001], [-12625752.2513, 6226850.484200001], [-12625745.2537, 6226840.785700001], [-12625744.2776, 6226821.237400003], [-12625755.420400001, 6226793.543099999], [-12625781.4553, 6226753.041199997], [-12625817.7356, 6226717.049599998], [-12625843.0224, 6226701.709600002], [-12625888.3749, 6226686.869099997], [-12625904.3662, 6226676.016000003], [-12625942.1679, 6226620.3508], [-12625951.1617, 6226599.799500003], [-12625953.2579, 6226571.555299997], [-12625950.2553, 6226531.507799998], [-12625944.2813, 6226512.211300001], [-12625920.5147, 6226477.729699999], [-12625906.1712, 6226471.4157000035], [-12625880.3834, 6226466.681500003], [-12625871.7366, 6226454.051600002], [-12625863.7862, 6226405.208700001], [-12625869.1036, 6226351.177299999], [-12625871.0758, 6226330.4771], [-12625880.993700001, 6226308.3728], [-12625883.615600001, 6226290.654700004], [-12625878.416299999, 6226266.797700003], [-12625875.8916, 6226256.372900002], [-12625884.186, 6226241.887199998], [-12625883.0854, 6226229.883400001], [-12625883.7085, 6226212.266000003], [-12625878.7342, 6226192.920000002], [-12625876.2598, 6226183.497699998], [-12625862.5658, 6226170.116700001], [-12625860.064399999, 6226140.094999999], [-12625873.002799999, 6226088.194700003], [-12625875.549800001, 6226068.9736], [-12625872.7247, 6226052.534599997], [-12625861.0799, 6226040.0559], [-12625826.3228, 6226026.2258], [-12625808.5561, 6226011.542499997], [-12625790.365, 6225998.387599997], [-12625774.0228, 6225982.125299998], [-12625772.597, 6225963.606399998], [-12625765.372499999, 6225919.251800001], [-12625750.578, 6225883.818999998], [-12625738.907200001, 6225850.741599999], [-12625740.1303, 6225835.104699999], [-12625749.8986, 6225820.043300003], [-12625806.6615, 6225762.929300003], [-12625840.7394, 6225733.081100002], [-12625853.5557, 6225718.871699996], [-12625858.4508, 6225696.518799998], [-12625847.1794, 6225661.412600003], [-12625850.4753, 6225637.130500004], [-12625848.0734, 6225599.066799998], [-12625821.1362, 6225561.230899997], [-12625803.0202, 6225539.531800002], [-12625788.9012, 6225507.583700001], [-12625794.570500001, 6225480.670699999], [-12625799.7152, 6225453.281800002], [-12625794.0417, 6225429.953299999], [-12625798.337000001, 6225405.621699996], [-12625808.0539, 6225379.510399997], [-12625805.0033, 6225348.514200002], [-12625806.7751, 6225323.807099998], [-12625817.6414, 6225300.652900003], [-12625812.2182, 6225282.336300001], [-12625796.6521, 6225271.562799998], [-12625775.4395, 6225258.058499999], [-12625756.1499, 6225232.902400002], [-12625746.1788, 6225203.761299998], [-12625735.1336, 6225173.167199999], [-12625724.1142, 6225153.122100003], [-12625730.7564, 6225105.563299999], [-12625742.645399999, 6225062.765100002], [-12625734.5735, 6225031.519699998], [-12625742.7168, 6225014.029200003], [-12625775.0926, 6224980.250200003], [-12625787.757, 6224952.9877], [-12625785.5299, 6224908.387000002], [-12625773.7358, 6224882.8554000035], [-12625771.9107, 6224866.368500002], [-12625788.720800001, 6224821.817000002], [-12625792.0166, 6224797.537100002], [-12625789.389899999, 6224754.967], [-12625789.5376, 6224727.831299998], [-12625795.181400001, 6224700.4196000025], [-12625812.3672, 6224673.432899997], [-12625833.8478, 6224622.116899997], [-12625847.861200001, 6224601.820600003], [-12625851.2827, 6224590.094300002], [-12625848.4332, 6224573.156999998], [-12625821.3715, 6224502.678199999], [-12625823.9672, 6224474.4157000035], [-12625830.6601, 6224447.956699997], [-12625844.1727, 6224417.638800003], [-12625872.75, 6224398.1184], [-12625901.627700001, 6224384.6109], [-12625924.308400001, 6224357.348999999], [-12625939.9691, 6224329.937399998], [-12625943.1402, 6224313.200400002], [-12625941.464200001, 6224289.674099997], [-12625920.6271, 6224263.5942], [-12625911.507, 6224241.446800001], [-12625911.978500001, 6224210.780000001], [-12625918.1714, 6224184.346900001], [-12625913.9963, 6224150.899599999], [-12625900.4538, 6224120.434900001], [-12625875.7696, 6224087.515900001], [-12625852.985, 6224062.538999997], [-12625850.0856, 6224044.6005000025], [-12625841.286600001, 6223978.734499998], [-12625822.7209, 6223917.880400002], [-12625803.957899999, 6223883.1576000005], [-12625802.6326, 6223866.647399999], [-12625805.8027, 6223839.8649], [-12625801.726, 6223778.284000002], [-12625794.4047, 6223752.0288999975], [-12625788.2828, 6223729.731899999], [-12625799.0963, 6223695.533500001], [-12625810.4085, 6223651.263899997], [-12625854.8675, 6223598.799500003], [-12625863.7081, 6223575.2491], [-12625859.0348, 6223551.875399999], [-12625838.5717, 6223493.128799997], [-12625834.8978, 6223469.7051], [-12625847.86, 6223448.459600002], [-12625847.5088, 6223431.3989999965], [-12625835.5673, 6223412.911499999], [-12625824.350499999, 6223398.9081000015], [-12625823.6992, 6223375.835199997], [-12625845.227400001, 6223335.574600004], [-12625901.4212, 6223247.361699998], [-12625914.458, 6223227.6197], [-12625932.6617, 6223170.951099999], [-12625934.4079, 6223145.7491], [-12625927.3861, 6223115.4626], [-12625923.4136, 6223106.118699998], [-12625927.9326, 6223086.302599996], [-12625972.6144, 6223048.3955999985], [-12625989.1738, 6223039.024800003], [-12626043.1246, 6223026.2678999975], [-12626049.9442, 6223021.339599997], [-12626036.1427, 6222992.187899999], [-12625992.0352, 6222899.0227999985], [-12625709.931200001, 6222303.104500003], [-12625707.911899999, 6222298.832400002], [-12625439.3237, 6221730.489100002], [-12625422.9473, 6221695.836800002], [-12625191.2434, 6221205.4991], [-12625139.4823, 6221096.387100004], [-12625137.7507, 6221092.738399997], [-12624844.0099, 6220470.8939], [-12624790.644000001, 6220358.1479], [-12624663.8653, 6220090.282399997], [-12624556.5522, 6219862.141800001], [-12624267.192699999, 6219246.948200002], [-12624219.4081, 6219145.353699997], [-12624142.0651, 6218980.906499997], [-12623988.974100001, 6218657.5380000025], [-12623976.543200001, 6218631.279600002], [-12623776.691399999, 6218208.859899998], [-12623701.1295, 6218022.0418], [-12623635.6851, 6217860.233999997], [-12623606.5466, 6217787.645900004], [-12623458.458999999, 6217418.700099997], [-12623209.6194, 6216798.707800001], [-12623183.4342, 6216733.460000001], [-12622998.7832, 6216274.426399998], [-12622976.515999999, 6216219.068899997], [-12622963.361499999, 6216186.601499997], [-12622727.957, 6215605.544], [-12622716.389, 6215577.067100003], [-12622468.4613, 6214966.603], [-12622394.1787, 6214783.689599998], [-12622366.8743, 6214716.458800003], [-12622270.398699999, 6214478.93], [-12622227.8925, 6214374.233400002], [-12622224.101599999, 6214364.901600003], [-12621987.4008, 6213781.900899999], [-12621978.5724, 6213760.154700004], [-12621813.3591, 6213353.256399997], [-12621801.7042, 6213324.478], [-12621732.8331, 6213154.468199998], [-12621486.215300001, 6212545.629199997], [-12621356.2071, 6212224.644400001], [-12621239.449099999, 6211936.431599997], [-12621190.8602, 6211816.495999999], [-12620999.9153, 6211345.125799999], [-12620996.2232, 6211336.007600002], [-12620900.1431, 6211098.980599999], [-12620750.350200001, 6210728.904100001], [-12620573.8429, 6210292.8081], [-12620504.9375, 6210122.549999997], [-12620445.376899999, 6209975.384199999], [-12620257.168200001, 6209513.9014], [-12620011.1371, 6208910.604199998], [-12619985.2422, 6208847.213100001], [-12619959.168200001, 6208781.918799996], [-12619769.7871, 6208306.994900003], [-12619533.768199999, 6207715.072300002], [-12619528.7214, 6207702.413599998], [-12619352.2289, 6207259.7632], [-12619287.9834, 6207098.633199997], [-12619081.3563, 6206580.370999999], [-12619047.2667, 6206495.012500003], [-12619038.7444, 6206473.645000003], [-12618803.031, 6205882.528300002], [-12618740.7766, 6205726.3989999965], [-12618602.2262, 6205378.912900001], [-12618559.642099999, 6205272.122500002], [-12618316.2593, 6204661.755599998], [-12618151.7146, 6204249.063199997], [-12618127.1526, 6204187.553300001], [-12618072.7342, 6204051.278700002], [-12618067.820500001, 6204038.947800003], [-12617830.3314, 6203442.934600003], [-12617700.8748, 6203118.027500004], [-12617587.7581, 6202834.489600003], [-12617532.287999999, 6202695.441799998], [-12617512.5066, 6202645.855599999], [-12617342.376899999, 6202219.611000001], [-12617261.0274, 6202015.793799996], [-12617096.9955, 6201604.931100003], [-12617005.9945, 6201377.592], [-12616866.194, 6201028.3169], [-12616808.5965, 6200884.4067], [-12616624.0251, 6200423.666100003], [-12616411.5208, 6199893.160599999], [-12616397.8555, 6199859.041000001], [-12616388.547899999, 6199835.7421], [-12616381.837299999, 6199818.9419], [-12616354.8724, 6199751.456], [-12616139.8751, 6199215.2742], [-12615902.0816, 6198621.949900001], [-12615897.7923, 6198611.252599999], [-12615784.879099999, 6198329.602899998], [-12615651.8902, 6197997.871399999], [-12615447.9232, 6197489.044399999], [-12615436.438099999, 6197460.306199998], [-12615406.297, 6197384.875799999], [-12615170.9921, 6196798.418499999], [-12615159.952399999, 6196770.901299998], [-12614994.7535, 6196359.139300004], [-12614917.9026, 6196167.689000003], [-12614675.800099999, 6195564.519500002], [-12614573.440499999, 6195309.493299998], [-12614542.316, 6195231.943599999], [-12614461.1637, 6195028.158799998], [-12614434.708700001, 6194961.729099996], [-12614191.9441, 6194353.756999999], [-12614090.7964, 6194100.429300003], [-12613975.260200001, 6193812.351400003], [-12613965.9923, 6193789.199600004], [-12613958.4562, 6193770.455300003], [-12613949.2163, 6193747.4717999995], [-12613704.9762, 6193139.9463], [-12613637.061999999, 6192971.012999997], [-12613486.8385, 6192596.695100002], [-12613460.5195, 6192531.1105], [-12613411.6045, 6192409.0449], [-12613354.597, 6192267.241499998], [-12613216.1987, 6191922.430299997], [-12613184.4523, 6191843.371200003], [-12612971.2774, 6191312.5057], [-12612956.4277, 6191275.531999998], [-12612752.1994, 6190766.921499997], [-12612731.604, 6190715.636600003], [-12612725.3171, 6190701.677900001], [-12612573.8221, 6190365.424599998], [-12612483.980999999, 6190165.939999998], [-12612451.4144, 6190093.626800001], [-12612232.2421, 6189607.265500002], [-12612177.849399999, 6189488.0339], [-12612163.8377, 6189457.269400001], [-12611902.8492, 6188885.213200003], [-12611794.6698, 6188648.059100002], [-12611727.5087, 6188500.445200004], [-12611625.737, 6188280.111699998], [-12611565.468600001, 6188149.631200001], [-12611374.3319, 6187735.818099998], [-12611344.997200001, 6187672.128300004], [-12611218.8788, 6187398.335699998], [-12611065.432300001, 6187063.4789], [-12610953.2917, 6186818.748800002], [-12610787.1075, 6186456.067199998], [-12610713.0221, 6186294.376800001], [-12610512.9478, 6185848.684699997], [-12610347.2829, 6185479.622100003], [-12610269.560899999, 6185306.4673999995], [-12610238.685800001, 6185237.679499999], [-12610216.0648, 6185187.6127], [-12609969.2698, 6184637.7705999985], [-12609739.860399999, 6184126.622299999], [-12609717.6877, 6184077.2195999995], [-12609698.211199999, 6184033.8235], [-12609427.1588, 6183429.919399999], [-12609221.3261, 6182971.288900003], [-12609179.1019, 6182877.770499997], [-12609155.7601, 6182826.076399997], [-12609129.932300001, 6182768.923], [-12609128.522, 6182765.7848000005], [-12608883.8107, 6182221.241400003], [-12608721.8938, 6181860.9089], [-12608611.5706, 6181615.115599997], [-12608523.142099999, 6181418.091499999], [-12608338.7275, 6181007.191500001], [-12608224.387400001, 6180752.412199996], [-12608087.8991, 6180449.736500002], [-12608064.7027, 6180398.299400002], [-12607921.599399999, 6180080.189599998], [-12607790.6345, 6179789.049999997], [-12607725.9065, 6179645.154700004], [-12607516.2787, 6179180.007100001], [-12607310.748300001, 6178723.450000003], [-12607248.562199999, 6178585.305100001], [-12607226.1511, 6178535.519900002], [-12606995.0046, 6178022.4113000035], [-12606981.4164, 6177992.247400001], [-12606728.018199999, 6177429.634300001], [-12606716.3657, 6177403.843500003], [-12606703.3026, 6177374.925999999], [-12606698.181699999, 6177363.598399997], [-12606425.3716, 6176757.658299997], [-12606229.4727, 6176323.104500003], [-12606152.1997, 6176151.574699998], [-12606095.8136, 6176026.404200003], [-12606084.0251, 6176000.249200001], [-12606029.0792, 6175878.281000003], [-12606056.869199999, 6175848.885300003], [-12606085.3706, 6175820.182999998], [-12606114.5662, 6175792.191799998], [-12606144.4384, 6175764.928400002], [-12606174.9694, 6175738.409199998], [-12606206.1405, 6175712.650200002], [-12606231.7832, 6175692.542099997], [-12606257.950199999, 6175673.125399999], [-12606284.623, 6175654.413999997], [-12606311.7828, 6175636.4212], [-12606327.5899, 6175626.463299997], [-12606365.5997, 6175603.602300003], [-12606404.104, 6175581.589400001], [-12606443.0836, 6175560.435599998], [-12606513.0833, 6175523.4441], [-12606544.529199999, 6175506.4287], [-12606575.6359, 6175488.7971], [-12606606.3911, 6175470.556400001], [-12606636.7835, 6175451.713299997], [-12606662.7165, 6175434.675800003], [-12606688.0778, 6175416.793300003], [-12606711.786899999, 6175398.908200003], [-12606734.9242, 6175380.284500003], [-12606757.4665, 6175360.941100001], [-12606779.391800001, 6175340.896700002], [-12606800.678100001, 6175320.171499997], [-12606821.3047, 6175298.7858000025], [-12606833.2375, 6175285.778099999], [-12606847.7961, 6175269.346299998], [-12606862.0929, 6175252.685000002], [-12606921.2651, 6175215.7478], [-12606942.6942, 6175187.041299999], [-12606973.6413, 6175144.3288], [-12607003.6815, 6175100.970299996], [-12607032.8016, 6175056.984999999], [-12607060.9885, 6175012.3926], [-12607088.2293, 6174967.213299997], [-12607114.512400001, 6174921.4668999985], [-12607139.8255, 6174875.174000002], [-12607164.1578, 6174828.355300002], [-12607187.498300001, 6174781.031499997], [-12607209.8365, 6174733.223999999], [-12607231.1624, 6174684.9542], [-12607251.4668, 6174636.243299998], [-12607270.7402, 6174587.113499999], [-12607288.9745, 6174537.586300001], [-12607306.1611, 6174487.684199996], [-12607322.2928, 6174437.429399997], [-12607337.362, 6174386.8440999985], [-12607342.0546, 6174369.7858000025], [-12607342.0747, 6174369.712399997], [-12607351.3622, 6174335.951200001], [-12607364.2873, 6174284.773100004], [-12607376.1312, 6174233.332900003], [-12607331.3602, 6174223.4614999965], [-12607337.515, 6174194.552000001], [-12607351.1417, 6174126.349799998], [-12607363.874200001, 6174057.9745000005], [-12607367.517, 6174037.674199998], [-12607383.7467, 6173947.228600003], [-12607383.948800001, 6173946.102300003], [-12607404.944400001, 6173829.095399998], [-12607413.873300001, 6173781.700800002], [-12607423.6218, 6173734.4692], [-12607434.186900001, 6173687.414800003], [-12607437.240600001, 6173674.705600001], [-12607448.4802, 6173631.123000003], [-12607460.6147, 6173587.782700002], [-12607473.638799999, 6173544.7029], [-12607487.5471, 6173501.902500004], [-12607770.883000001, 6172659.556100003], [-12607785.6469, 6172616.893799998], [-12607801.1507, 6172574.496600002], [-12607817.389899999, 6172532.377300002], [-12607834.359299999, 6172490.549000002], [-12607852.0538, 6172449.024099998], [-12607867.7184, 6172414.541699998], [-12607884.401, 6172380.543300003], [-12607902.0868, 6172347.059], [-12607920.76, 6172314.118600003], [-12607940.404, 6172281.751400001], [-12607961.0013, 6172249.9859], [-12607982.533599999, 6172218.850699998], [-12608004.9819, 6172188.373300001], [-12608028.3261, 6172158.580799997], [-12608052.545400001, 6172129.499799997], [-12608077.6184, 6172101.156000003], [-12608103.522599999, 6172073.574500002], [-12608130.2352, 6172046.780100003], [-12608157.7322, 6172020.796499997], [-12608191.2214, 6171990.616400003], [-12608225.2306, 6171961.026799999], [-12608259.749400001, 6171932.037299998], [-12608294.766800001, 6171903.656300001], [-12608330.2728, 6171875.892499998], [-12608419.3889, 6171807.452799998], [-12608474.1125, 6171765.4256], [-12608493.7414, 6171763.548299998], [-12608513.4313, 6171762.490800001], [-12608533.1478, 6171762.254500002], [-12608552.8574, 6171762.840000004], [-12608634.785500001, 6171699.917300001], [-12608639.8796, 6171696.004900001], [-12609228.139600001, 6171244.171800002], [-12609265.515, 6171214.948399998], [-12609302.3848, 6171185.085900001], [-12609338.7378, 6171154.593099996], [-12609374.5635, 6171123.479000002], [-12609409.8514, 6171091.752700001], [-12609439.036600001, 6171064.2839], [-12609446.556699999, 6171056.7914], [-12609467.4308, 6171035.9934], [-12609495.011300001, 6171006.904600002], [-12609521.7554, 6170977.0407000035], [-12609547.6419, 6170946.426299997], [-12609572.6494, 6170915.085600004], [-12609596.7581, 6170883.044399999], [-12609619.9481, 6170850.328400001], [-12609642.201000001, 6170816.964299999], [-12609663.4985, 6170782.979000002], [-12609683.8236, 6170748.399899997], [-12609703.159699999, 6170713.255400002], [-12609721.4913, 6170677.573399998], [-12609738.8036, 6170641.383000001], [-12609758.3226, 6170598.073899999], [-12609777.0976, 6170554.435400002], [-12609795.1229, 6170510.480300002], [-12609812.3933, 6170466.221600004], [-12609828.9036, 6170421.672200002], [-12610053.6897, 6169798.8006], [-12610267.6501, 6169205.879199997], [-12610268.6254, 6169203.176100001], [-12610270.2955, 6169198.547899999], [-12610273.546799999, 6169189.537900001], [-12610282.4117, 6169163.850400001], [-12610290.555, 6169137.923799999], [-12610297.9703, 6169111.778399996], [-12610304.6515, 6169085.434900001], [-12610275.6587, 6168993.767800003], [-12610267.5225, 6168968.043200001], [-12610270.6503, 6168937.483599998], [-12610280.4239, 6168823.046899997], [-12610283.479, 6168793.9147000015], [-12610287.6552, 6168764.922799997], [-12610292.9461, 6168736.1149], [-12610299.3443, 6168707.533799998], [-12610306.839499999, 6168679.222199999], [-12610315.421, 6168651.222900003], [-12610325.0758, 6168623.577399999], [-12610335.7895, 6168596.327100001], [-12610347.5458, 6168569.513099998], [-12610360.327399999, 6168543.175300002], [-12610374.1149, 6168517.353], [-12610388.8879, 6168492.084899999], [-12610404.624200001, 6168467.4089], [-12610421.3003, 6168443.3618], [-12610438.8911, 6168419.979699999], [-12611146.088, 6167516.759300001], [-12611164.5878, 6167493.994099997], [-12611183.9004, 6167471.9186], [-12611204.0002, 6167450.561700001], [-12611224.8608, 6167429.951899998], [-12611246.4547, 6167410.1162], [-12611268.752999999, 6167391.081], [-12611291.7264, 6167372.871399999], [-12611315.3444, 6167355.511200003], [-12611339.5761, 6167339.023900002], [-12611364.3892, 6167323.431000002], [-12611389.751, 6167308.752800003], [-12611415.6281, 6167295.009000003], [-12611509.597, 6167247.273000002], [-12611519.0889, 6167242.421800002], [-12611563.603, 6167218.882399999], [-12611607.565499999, 6167194.322899997], [-12611650.9533, 6167168.755999997], [-12611693.7434, 6167142.195299998], [-12611735.9131, 6167114.654799998], [-12611777.4399, 6167086.149300002], [-12611818.3024, 6167056.693499997], [-12612117.0097, 6166836.093699999], [-12612140.2575, 6166818.2346], [-12612162.815299999, 6166799.506800003], [-12612184.651, 6166779.936999999], [-12612205.7331, 6166759.553099997], [-12612226.032, 6166738.384499997], [-12612245.518199999, 6166716.461199999], [-12612264.1639, 6166693.8147], [-12612281.9428, 6166670.477600001], [-12612298.829, 6166646.482799999], [-12612375.9153, 6166532.427100003], [-12612397.2213, 6166501.798100002], [-12612419.3411, 6166471.755099997], [-12612442.2587, 6166442.32], [-12612465.9572, 6166413.513999999], [-12612490.4197, 6166385.357699998], [-12612515.6287, 6166357.872000001], [-12612578.5339, 6166291.109399997], [-12612600.9096, 6166266.601400003], [-12612622.5068, 6166241.4004999995], [-12612643.3039, 6166215.5315999985], [-12612663.2804, 6166189.020400003], [-12612682.4168, 6166161.8928999975], [-12612695.3457, 6166142.940499999], [-12612709.776700001, 6166122.612300001], [-12612724.955400001, 6166102.839500003], [-12612740.8607, 6166083.649599999], [-12612757.4703, 6166065.07], [-12612774.7606, 6166047.126000002], [-12612792.707899999, 6166029.843000002], [-12612811.2867, 6166013.245300002], [-12612852.9951, 6165977.364], [-12612875.019299999, 6165957.657700002], [-12612896.2617, 6165937.1065], [-12612916.6904, 6165915.741499998], [-12612936.2747, 6165893.5951000005], [-12612954.9842, 6165870.700999998], [-12612972.7911, 6165847.093900003], [-12612989.6681, 6165822.809500001], [-12613005.5899, 6165797.884599999], [-12613020.5321, 6165772.3571000025], [-12613034.4724, 6165746.265600003], [-12613047.3895, 6165719.649700001], [-12613059.2636, 6165692.549800001], [-12613070.077, 6165665.006899998], [-12613086.0211, 6165621.955499999], [-12613095.3092, 6165598.571199998], [-12613105.680300001, 6165575.6494999975], [-12613117.1116, 6165553.240900002], [-12613129.5776, 6165531.394400001], [-12613143.0514, 6165510.158], [-12613157.502999999, 6165489.578900002], [-12613172.9007, 6165469.702100001], [-12613189.2105, 6165450.5713], [-12613206.3968, 6165432.228500001], [-12613224.4216, 6165414.714100003], [-12613243.245299999, 6165398.066699997], [-12613262.8264, 6165382.322700001], [-12613801.3332, 6164969.745200001], [-12613818.4063, 6164957.370200001], [-12613836.1109, 6164945.922399998], [-12613854.3969, 6164935.434199996], [-12613873.2124, 6164925.935099997], [-12613892.504700001, 6164917.452], [-12613912.2188, 6164910.008900002], [-12613932.2995, 6164903.626800001], [-12613952.6898, 6164898.323700003], [-12613973.3322, 6164894.114299998], [-12613994.1684, 6164891.011], [-12614015.139600001, 6164889.0222999975], [-12614161.316599999, 6164879.081100002], [-12614184.4536, 6164876.931900002], [-12614207.4569, 6164873.642300002], [-12614230.2708, 6164869.219800003], [-12614252.8397, 6164863.6756], [-12614275.1089, 6164857.023000002], [-12614297.0243, 6164849.278099999], [-12614318.5326, 6164840.460000001], [-12614339.581799999, 6164830.5898], [-12614360.1205, 6164819.691600002], [-12614380.099100001, 6164807.7918], [-12614399.4687, 6164794.919299997], [-12614418.1827, 6164781.105499998], [-12614436.1954, 6164766.3838], [-12614453.4632, 6164750.7902000025], [-12614469.9441, 6164734.362199999], [-12614485.5981, 6164717.139899999], [-12614500.3871, 6164699.165100001], [-12614599.3027, 6164572.719400004], [-12614637.0271, 6164525.351800002], [-12614675.5696, 6164478.651799999], [-12614714.918499999, 6164432.633599997], [-12614755.061700001, 6164387.3112], [-12614795.987, 6164342.698399998], [-12614837.6819, 6164298.808899999], [-12615044.8292, 6164084.528099999], [-12615061.3135, 6164066.8433], [-12615077.1459, 6164048.569200002], [-12615092.3054, 6164029.729800001], [-12615106.7722, 6164010.350299999], [-12615120.5266, 6163990.456100002], [-12615133.5511, 6163970.0735], [-12615243.939199999, 6163790.202600002], [-12615274.0495, 6163742.171800002], [-12615305.0681, 6163694.726300001], [-12615336.9836, 6163647.883400001], [-12615369.7846, 6163601.6602], [-12615403.4588, 6163556.073700003], [-12615437.9943, 6163511.140100002], [-12615473.3781, 6163466.876100004], [-12615509.5979, 6163423.297600001], [-12615865.3325, 6163003.479099996], [-12615879.9134, 6162986.571900003], [-12615894.7862, 6162969.922700003], [-12615903.243700001, 6162977.656999998], [-12616789.5141, 6162242.042599998], [-12617062.1711, 6161851.261299998], [-12617307.0544, 6161476.859300002], [-12617359.875, 6161327.750100002], [-12617370.6979, 6161297.197499998], [-12617404.3345, 6161261.952299997], [-12617438.7538, 6161227.475599997], [-12617476.0605, 6161191.570699997], [-12617513.986, 6161156.324199997], [-12617552.519000001, 6161121.746799998], [-12617591.647300001, 6161087.849299997], [-12617631.3592, 6161054.641800001], [-12617671.6426, 6161022.134300001], [-12617712.4853, 6160990.336900003], [-12617883.5403, 6160859.5446000025], [-12617915.1158, 6160834.759800002], [-12617946.0546, 6160809.180299997], [-12617976.3367, 6160782.822400004], [-12618005.943, 6160755.703299999], [-12618034.8542, 6160727.8401999995], [-12618063.0517, 6160699.251100004], [-12618090.5177, 6160669.954300001], [-12618907.3597, 6159776.141500004], [-12619290.3235, 6159357.033], [-12619351.944899999, 6159289.592200004], [-12619536.8817, 6159087.184799999], [-12619540.580400001, 6159083.136399999], [-12619559.3654, 6159061.705200002], [-12619577.252999999, 6159039.515299998], [-12619594.2129, 6159016.6043], [-12619598.029199999, 6159010.978100002], [-12619610.216400001, 6158993.011399999], [-12619625.2358, 6158968.776500002], [-12619639.245900001, 6158943.941], [-12619652.2228, 6158918.547200002], [-12619664.1446, 6158892.638300002], [-12619674.9907, 6158866.258500002], [-12619684.742800001, 6158839.452399999], [-12619693.3842, 6158812.265699998], [-12619700.9004, 6158784.744900003], [-12619707.2786, 6158756.936700001], [-12619712.5079, 6158728.888400003], [-12619716.5794, 6158700.6477999985], [-12619719.4861, 6158672.262800001], [-12619721.2231, 6158643.781800002], [-12619721.787700001, 6158615.253300004], [-12619721.1786, 6158586.7258], [-12619719.3971, 6158558.248000003], [-12619716.4462, 6158529.868000001], [-12619712.330699999, 6158501.634400003], [-12619685.9037, 6158343.2293], [-12619680.868700001, 6158310.174800001], [-12619676.77, 6158276.990500003], [-12619673.611499999, 6158243.7029], [-12619671.3952, 6158210.339100003], [-12619670.123300001, 6158176.925899997], [-12619669.796500001, 6158143.490000002], [-12619670.415199999, 6158110.058399998], [-12619671.9789, 6158076.657899998], [-12619689.7182, 6157785.830300003], [-12619691.6359, 6157763.752800003], [-12619694.6864, 6157741.803800002], [-12619698.8616, 6157720.0419000015], [-12619704.1501, 6157698.5251], [-12619710.5382, 6157677.310400002], [-12619718.0087, 6157656.454499997], [-12619726.5417, 6157636.012999997], [-12619736.114500001, 6157616.040100001], [-12619746.7017, 6157596.589000002], [-12619758.2749, 6157577.711599998], [-12619770.803399999, 6157559.457900003], [-12619784.254, 6157541.876699999], [-12619798.5908, 6157525.014799997], [-12619813.7753, 6157508.9169000015], [-12619829.7676, 6157493.626000002], [-12619846.524799999, 6157479.182899997], [-12619864.0024, 6157465.625600003], [-12619882.1538, 6157452.990800001], [-12619900.9309, 6157441.3116], [-12619920.283300001, 6157430.6193], [-12619940.16, 6157420.942400001], [-12619960.5077, 6157412.306599997], [-12619981.2724, 6157404.7348000035], [-12620666.6866, 6157174.669500001], [-12620690.0724, 6157167.447999999], [-12620713.7805, 6157161.374799997], [-12620737.754999999, 6157156.464400001], [-12620761.939, 6157152.728399999], [-12620786.2754, 6157150.175499998], [-12620810.7066, 6157148.811899997], [-12620835.1753, 6157148.640799999], [-12620859.623100001, 6157149.662600003], [-12620883.992600001, 6157151.874799997], [-12620908.226300001, 6157155.2722999975], [-12620932.2665, 6157159.8467999995], [-12620956.0569, 6157165.587899998], [-12620979.5408, 6157172.481799997], [-12621002.662999999, 6157180.512199998], [-12621101.2188, 6157217.454599999], [-12621123.3173, 6157225.149700001], [-12621145.7518, 6157231.795999996], [-12621168.4724, 6157237.378600001], [-12621191.4293, 6157241.885200001], [-12621214.572, 6157245.306100003], [-12621237.849100001, 6157247.633500002], [-12621261.2096, 6157248.862400003], [-12621284.6018, 6157248.990199998], [-12621307.9743, 6157248.016400002], [-12621331.2753, 6157245.9432], [-12621354.4537, 6157242.775200002], [-12621377.4582, 6157238.519299999], [-12621400.2381, 6157233.185000002], [-12621422.7432, 6157226.784199998], [-12621444.9241, 6157219.330799997], [-12621466.7314, 6157210.841200002], [-12621488.1174, 6157201.334200002], [-12621509.0349, 6157190.830899999], [-12621529.437800001, 6157179.3543], [-12621549.2809, 6157166.929700002], [-12621568.5206, 6157153.5845], [-12621760.9324, 6157013.309500001], [-12621779.1012, 6156999.392099999], [-12621796.5926, 6156984.627300002], [-12621813.3671, 6156969.048199996], [-12621829.3871, 6156952.689999998], [-12621844.6169, 6156935.589000002], [-12621859.0219, 6156917.784100004], [-12621872.5703, 6156899.314800002], [-12621885.2312, 6156880.222900003], [-12621896.9765, 6156860.550899997], [-12621907.7798, 6156840.3433], [-12621917.6168, 6156819.645199999], [-12621926.4655, 6156798.503200002], [-12621934.306, 6156776.964599997], [-12621941.1207, 6156755.0779], [-12621963.7964, 6156675.689300001], [-12621970.208700001, 6156655.255000003], [-12621977.6684, 6156635.181599997], [-12621986.1552, 6156615.5229], [-12621995.6463, 6156596.331699997], [-12622006.1163, 6156577.659599997], [-12622017.536600001, 6156559.556999996], [-12622029.8771, 6156542.0722], [-12622043.1045, 6156525.252400003], [-12622057.183, 6156509.1426], [-12622072.074900001, 6156493.7863000035], [-12622087.7403, 6156479.224799998], [-12622104.1368, 6156465.4969], [-12622121.2207, 6156452.639899999], [-12622138.9457, 6156440.688199997], [-12622157.2647, 6156429.6734], [-12622176.1279, 6156419.626000002], [-12622195.4849, 6156410.572400004], [-12622426.164, 6156309.892300002], [-12622448.2312, 6156299.710000001], [-12622469.8589, 6156288.619099997], [-12622491.0098, 6156276.638999999], [-12622511.6474, 6156263.7897000015], [-12622531.736200001, 6156250.093999997], [-12622551.2421, 6156235.5748], [-12622570.131, 6156220.2575], [-12622588.370900001, 6156204.168200001], [-12622723.2212, 6156080.150799997], [-12622742.9104, 6156062.812600002], [-12622763.3273, 6156046.343000002], [-12622784.4335, 6156030.772399999], [-12622806.190299999, 6156016.130099997], [-12622828.556699999, 6156002.4432], [-12622851.4913, 6155989.737199999], [-12622874.9511, 6155978.035899997], [-12622898.8925, 6155967.3609], [-12622923.271, 6155957.732199997], [-12622948.0411, 6155949.1679000035], [-12622973.1565, 6155941.683700003], [-12622998.5706, 6155935.2936], [-12623024.2361, 6155930.009599999], [-12623050.1048, 6155925.8413999975], [-12623076.1288, 6155922.796999998], [-12623102.2595, 6155920.881700002], [-12623128.4484, 6155920.099399999], [-12623154.6466, 6155920.451399997], [-12623180.805100001, 6155921.937100001], [-12623636.7939, 6155957.741700001], [-12623684.531399999, 6155961.961900003], [-12623732.1774, 6155967.121200003], [-12623779.7132, 6155973.217600003], [-12623827.1205, 6155980.248499997], [-12623874.3812, 6155988.211300001], [-12623921.4769, 6155997.103100002], [-12623968.389600001, 6156006.920400001], [-12624015.1014, 6156017.6592999995], [-12624504.39, 6156135.212800004], [-12624547.8562, 6156146.2597], [-12624591.019299999, 6156158.443800002], [-12624633.8496, 6156171.756800003], [-12624676.318300001, 6156186.189400002], [-12625086.0092, 6156331.432700001], [-12625109.502500001, 6156339.153399996], [-12625133.3261, 6156345.777599998], [-12625157.429499999, 6156351.291000001], [-12625181.761, 6156355.681900002], [-12625206.2687, 6156358.941200003], [-12625230.9004, 6156361.0616], [-12625255.603500001, 6156362.038800001], [-12625280.325199999, 6156361.8706], [-12625305.0129, 6156360.557300001], [-12625329.6136, 6156358.1017], [-12625354.075, 6156354.509199999], [-12625378.3449, 6156349.7875000015], [-12625402.3713, 6156343.946400002], [-12625426.1033, 6156336.998599999], [-12625449.489799999, 6156328.958899997], [-12625472.4812, 6156319.844300002], [-12625495.0285, 6156309.674500003], [-12625516.778900001, 6156298.6608000025], [-12625538.0297, 6156286.705799997], [-12625558.7402, 6156273.832699999], [-12625578.8712, 6156260.065499999], [-12625605.424800001, 6156240.4848000035], [-12625631.4331, 6156220.181000002], [-12625656.8762, 6156199.1696000025], [-12625681.7352, 6156177.4661], [-12625705.9913, 6156155.087099999], [-12625729.6263, 6156132.0493], [-12625752.622299999, 6156108.369900003], [-12625768.1105, 6156091.150600001], [-12625782.737300001, 6156073.189499997], [-12625796.468, 6156054.530299999], [-12625809.2691, 6156035.218000002], [-12625821.11, 6156015.298799999], [-12625831.9621, 6155994.821000002], [-12625841.7992, 6155973.833800003], [-12625850.5978, 6155952.387800001], [-12625858.3365, 6155930.534599997], [-12625864.9969, 6155908.326899998], [-12625870.5626, 6155885.818499997], [-12625875.0205, 6155863.063100003], [-12625878.3597, 6155840.115900002], [-12625880.5725, 6155817.031800002], [-12625881.653, 6155793.866899997], [-12625881.599100001, 6155770.676799998], [-12625877.2974, 6155610.1774], [-12625877.293, 6155589.078400001], [-12625878.4099, 6155568.009199999], [-12625880.6449, 6155547.029700004], [-12625883.991700001, 6155526.199600004], [-12625888.4408, 6155505.578100003], [-12625893.9794, 6155485.223700002], [-12625900.592, 6155465.194700003], [-12625908.2595, 6155445.547499999], [-12625916.9602, 6155426.338200003], [-12625926.6694, 6155407.621299997], [-12625937.3596, 6155389.450400002], [-12625949.0001, 6155371.876800001], [-12625961.5579, 6155354.950499997], [-12625974.9976, 6155338.719499998], [-12625989.2805, 6155323.2302], [-12626004.3664, 6155308.5266999975], [-12626020.212299999, 6155294.6504999995], [-12626036.773, 6155281.641199999], [-12626110.262400001, 6155227.017700002], [-12626128.3682, 6155212.893700004], [-12626145.7989, 6155197.939800002], [-12626162.5173, 6155182.189000003], [-12626178.4868, 6155165.674900003], [-12626193.672899999, 6155148.433499999], [-12626208.0427, 6155130.5022], [-12626221.565200001, 6155111.919699997], [-12626234.2111, 6155092.726400003], [-12626245.9527, 6155072.963600002], [-12626256.7648, 6155052.674599998], [-12626266.624200001, 6155031.903099999], [-12626275.5092, 6155010.693800002], [-12626283.4008, 6154989.093000002], [-12626290.2818, 6154967.147399999], [-12626296.1373, 6154944.9045], [-12626325.9376, 6154819.996699996], [-12626332.1162, 6154796.506399997], [-12626339.368099999, 6154773.326899998], [-12626347.6778, 6154750.507600002], [-12626357.027800001, 6154728.096699998], [-12626367.398, 6154706.142200001], [-12626378.7666, 6154684.6906], [-12626391.109000001, 6154663.787699997], [-12626404.399500001, 6154643.477899998], [-12626418.6092, 6154623.804300003], [-12626433.7082, 6154604.808899999], [-12626449.6645, 6154586.531900004], [-12626466.444, 6154569.012500003], [-12626484.011, 6154552.2874], [-12626502.328200001, 6154536.392700002], [-12626643.3858, 6154419.582500003], [-12626659.7665, 6154405.325099997], [-12626675.43, 6154390.278499998], [-12626690.3385, 6154374.4793], [-12626704.4561, 6154357.965300001], [-12626717.748599999, 6154340.776500002], [-12626730.1842, 6154322.954300001], [-12626741.732900001, 6154304.541500002], [-12626752.366999999, 6154285.582500003], [-12626762.0605, 6154266.123000003], [-12626770.7903, 6154246.210100003], [-12626778.5356, 6154225.891500004], [-12626785.2774, 6154205.216200002], [-12626790.999400001, 6154184.234099999], [-12626795.6882, 6154162.995800003], [-12626799.3323, 6154141.552199997], [-12626801.922899999, 6154119.955200002], [-12626812.7889, 6154005.811800003], [-12626815.4209, 6153984.273000002], [-12626819.1978, 6153962.906499997], [-12626824.109000001, 6153941.773000002], [-12626830.1404, 6153920.933600001], [-12626837.2746, 6153900.4476], [-12626845.4914, 6153880.373899996], [-12626854.767099999, 6153860.769699998], [-12626865.0751, 6153841.691399999], [-12626876.3857, 6153823.193499997], [-12626888.667, 6153805.328900002], [-12626901.8832, 6153788.149099998], [-12626915.997200001, 6153771.703000002], [-12626930.967799999, 6153756.037799999], [-12626946.7526, 6153741.198299997], [-12626963.306200001, 6153727.226899996], [-12626981.7761, 6153713.232900001], [-12627000.941599999, 6153700.213500001], [-12627020.7511, 6153688.203500003], [-12627041.1523, 6153677.234999999], [-12627062.0908, 6153667.3369999975], [-12627083.510499999, 6153658.5361], [-12627105.3545, 6153650.855499998], [-12627127.5647, 6153644.316], [-12627150.0817, 6153638.934600003], [-12627172.8454, 6153634.7260000035], [-12627195.795400001, 6153631.701300003], [-12627218.8706, 6153629.868500002], [-12627242.0092, 6153629.2326000035], [-12627265.1497, 6153629.795199998], [-12627288.2304, 6153631.554899998], [-12627311.1899, 6153634.506800003], [-12627333.9669, 6153638.643200003], [-12627356.500599999, 6153643.953299999], [-12627378.7313, 6153650.422399998], [-12627400.599399999, 6153658.033799998], [-12628256.746399999, 6153980.4956], [-12628571.3094, 6154100.758000001], [-12628859.49, 6154210.939099997], [-12629158.796799999, 6154325.122500002], [-12629177.7314, 6154331.818800002], [-12629180.7093, 6154332.873599999], [-12629204.9657, 6154339.704499997], [-12629231.7146, 6154345.220399998], [-12629260.7485, 6154348.923900001], [-12629291.6414, 6154350.327100001], [-12629324.0491, 6154349.011399999], [-12629357.2579, 6154344.680299997], [-12629390.5255, 6154337.193700001], [-12629422.9608, 6154326.6818], [-12629453.7544, 6154313.483800001], [-12629482.3276, 6154298.097099997], [-12629508.2195, 6154281.149300002], [-12629531.226599999, 6154263.262699999], [-12629551.3576, 6154244.995200001], [-12629568.7951, 6154226.7651999965], [-12629583.7496, 6154208.943800002], [-12629598.2216, 6154189.379799999], [-12629612.715300001, 6154166.7073], [-12629626.6829, 6154140.744599998], [-12629639.5624, 6154111.222599998], [-12629650.5337, 6154078.368699998], [-12629658.839499999, 6154042.406400003], [-12629663.7003, 6154004.2927], [-12629664.6213, 6153964.966499999], [-12629661.432799999, 6153925.766000003], [-12629654.3817, 6153887.996699996], [-12629644.012699999, 6153852.583700001], [-12629631.1666, 6153820.427900001], [-12629616.607900001, 6153791.706699997], [-12629601.167, 6153766.600599997], [-12629585.3931, 6153744.816699997], [-12629569.8198, 6153726.132600002], [-12629463.8838, 6153607.559799999], [-12629175.9608, 6153285.286200002], [-12629060.76, 6153156.343699999], [-12629048.3531, 6153141.3178], [-12629035.4643, 6153123.224799998], [-12629022.5288, 6153101.554099999], [-12629010.2515, 6153075.924900003], [-12628999.5736, 6153046.179099999], [-12628991.6318, 6153012.623499997], [-12628990.8496, 6153005.607500002], [-12628987.5684, 6152976.247400001], [-12628988.1587, 6152938.2826000005], [-12628993.6252, 6152900.712800004], [-12629003.4371, 6152865.456900001], [-12629016.6224, 6152833.6022000015], [-12629031.9047, 6152805.947899997], [-12629048.1081, 6152782.609700002], [-12629064.3336, 6152763.2861], [-12629079.9374, 6152747.489], [-12629094.5828, 6152734.637699999], [-12629174.7019, 6152669.270199999], [-12629499.4643, 6152404.2836000025], [-12629672.8077, 6152262.845399998], [-12629690.6842, 6152247.2722999975], [-12629708.990899999, 6152229.050999999], [-12629727.421, 6152207.837700002], [-12629745.486499999, 6152183.423500001], [-12629762.475499999, 6152155.901299998], [-12629777.1763, 6152126.520800002], [-12629777.763799999, 6152125.345200002], [-12629790.5937, 6152092.373599999], [-12629800.3928, 6152057.743699998], [-12629806.8154, 6152022.324299999], [-12629809.783599999, 6151987.058200002], [-12629809.4804, 6151952.879199997], [-12629806.3258, 6151920.670699999], [-12629800.8336, 6151890.7707], [-12629793.6095, 6151863.588799998], [-12629785.1857, 6151839.1477999985], [-12629776.4, 6151818.265600003], [-12629775.9824, 6151817.271300003], [-12629769.2782, 6151802.7214], [-12629714.7216, 6151684.206900001], [-12629703.375599999, 6151655.204800002], [-12629694.6827, 6151622.1608000025], [-12629689.886, 6151586.032499999], [-12629689.8794, 6151548.2271], [-12629694.9165, 6151510.761], [-12629704.4745, 6151475.594400004], [-12629717.4743, 6151444.000500001], [-12629732.2062, 6151416.573600002], [-12629755.216, 6151381.063600004], [-12629776.1325, 6151350.682099998], [-12629779.2927, 6151346.092600003], [-12629804.430100001, 6151311.6932], [-12629830.526, 6151278.018399999], [-12629857.5592, 6151245.096600004], [-12629885.5106, 6151212.954999998], [-12629901.816399999, 6151195.232900001], [-12629914.247499999, 6151181.7245000005], [-12629943.741999999, 6151151.422499999], [-12630047.0722, 6151047.980700001], [-12630064.5035, 6151029.752599999], [-12630081.304, 6151010.535099998], [-12630097.3158, 6150990.458300002], [-12630112.493099999, 6150969.554700002], [-12630126.7085, 6150947.977799997], [-12630139.857, 6150925.908200003], [-12630151.926199999, 6150903.397500001], [-12630162.8515, 6150880.6455999985], [-12630259.210099999, 6150668.191500001], [-12630268.9941, 6150649.090999998], [-12630280.4047, 6150630.032499999], [-12630293.6489, 6150611.4570999965], [-12630308.5539, 6150593.796599999], [-12630315.4871, 6150586.833700001], [-12630324.8537, 6150577.422700003], [-12630342.2016, 6150562.632799998], [-12630360.1865, 6150549.636], [-12630378.4745, 6150538.464599997], [-12630399.6202, 6150527.781199999], [-12630422.729, 6150518.528099999], [-12630447.443, 6150511.142700002], [-12630473.1744, 6150505.991099998], [-12630499.274, 6150503.273400001], [-12630525.0581, 6150502.990000002], [-12630549.862, 6150504.9733000025], [-12630573.212000001, 6150508.8979], [-12630696.316100001, 6150535.0200999975], [-12630720.953, 6150539.465499997], [-12630748.9882, 6150542.512199998], [-12630780.341699999, 6150543.436399996], [-12630815.1183, 6150541.415399998], [-12630852.8201, 6150535.543899998], [-12630892.476599999, 6150525.0414], [-12630932.7048, 6150509.438500002], [-12630971.9404, 6150488.730800003], [-12630979.7268, 6150483.375299998], [-12631008.501, 6150463.578199998], [-12631041.0262, 6150435.1696000025], [-12631068.789099999, 6150404.8847], [-12631091.5516, 6150374.172200002], [-12631109.555, 6150344.263899997], [-12631123.3652, 6150316.013700001], [-12631133.7521, 6150289.7190999985], [-12631141.3218, 6150265.788999997], [-12631178.3701, 6150135.051899999], [-12631191.976300001, 6150090.5132], [-12631207.533300001, 6150046.141900003], [-12631225.0203, 6150002.170500003], [-12631233.103500001, 6149984.060800001], [-12631244.3686, 6149958.826200001], [-12631265.491999999, 6149916.323200002], [-12631288.2856, 6149874.874300003], [-12631312.6064, 6149834.656300001], [-12631338.2975, 6149795.8508], [-12631438.3522, 6149650.9821000025], [-12631450.7772, 6149632.3904], [-12631462.8956, 6149613.412799999], [-12631474.5478, 6149594.147399999], [-12631485.7232, 6149574.598899998], [-12631496.4164, 6149554.776299998], [-12631506.621, 6149534.703000002], [-12631516.3339, 6149514.383699998], [-12631525.4872, 6149493.971199997], [-12631574.2154, 6149381.549000002], [-12631577.5613, 6149373.816299997], [-12631595.8429, 6149331.599100001], [-12631602.7573, 6149315.9804000035], [-12631610.0703, 6149300.542599998], [-12631617.8476, 6149285.170000002], [-12631626.0206, 6149270.001599997], [-12631634.583, 6149255.056299999], [-12631643.529199999, 6149240.333800003], [-12631652.772, 6149225.9782000035], [-12631662.3801, 6149211.864600003], [-12631741.230999999, 6149098.0524], [-12631759.194, 6149069.903800003], [-12631775.4718, 6149039.191799998], [-12631789.545, 6149006.250699997], [-12631800.9057, 6148971.7914], [-12631809.2675, 6148936.477300003], [-12631814.521, 6148901.029100001], [-12631816.7379, 6148866.319200002], [-12631816.1779, 6148832.9004999995], [-12631812.9118, 6148773.4987], [-12631807.1219, 6148668.168700002], [-12631806.5867, 6148648.362000003], [-12631807.4925, 6148626.456699997], [-12631810.2906, 6148602.577299997], [-12631815.4952, 6148576.784999996], [-12631823.590599999, 6148549.544], [-12631834.935800001, 6148521.522200003], [-12631849.611, 6148493.727799997], [-12631867.5213, 6148466.991999999], [-12631888.1467, 6148442.304899998], [-12631910.6863, 6148420.441], [-12631934.3639, 6148401.721000001], [-12631958.2052, 6148386.354000002], [-12631981.456500001, 6148374.172799997], [-12632003.5449, 6148364.843099996], [-12632024.2727, 6148357.881399997], [-12632043.3834, 6148352.898500003], [-12632186.4782, 6148320.051100001], [-12632227.3558, 6148310.6701000035], [-12632268.6971, 6148300.118900001], [-12632310.085, 6148287.4826000035], [-12632351.1172, 6148272.803000003], [-12632391.688299999, 6148256.0757], [-12632431.4246, 6148237.435099997], [-12632469.9671, 6148217.0713], [-12632507.256900001, 6148195.063699998], [-12632542.9759, 6148171.672899999], [-12632551.7736, 6148165.640500002], [-12632735.205400001, 6148039.843800001], [-12632748.9571, 6148030.556400001], [-12632762.993099999, 6148021.417499997], [-12632777.177299999, 6148012.515299998], [-12632791.380199999, 6148003.933399998], [-12632808.4715, 6147994.0145], [-12632825.884399999, 6147984.3554000035], [-12632843.4792, 6147975.039999999], [-12632861.2542, 6147966.0682], [-12632879.2019, 6147957.449299999], [-12632897.3103, 6147949.183700003], [-12632915.5801, 6147941.275200002], [-12632933.8585, 6147933.7848000005], [-12633188.811099999, 6147832.072899997], [-12633215.6494, 6147820.426600002], [-12633242.3916, 6147806.801799998], [-12633268.6238, 6147791.296700001], [-12633293.9464, 6147774.068899997], [-12633318.1251, 6147755.257399999], [-12633340.9555, 6147735.048500001], [-12633362.1558, 6147713.7623], [-12633381.5812, 6147691.835199997], [-12633394.8564, 6147675.8473000005], [-12633494.068300001, 6147556.383199997], [-12633509.5634, 6147537.725699998], [-12633532.0533, 6147512.869000003], [-12633558.442699999, 6147488.945699997], [-12633588.4473, 6147466.838299997], [-12633621.2443, 6147447.618600003], [-12633655.8812, 6147431.984399997], [-12633691.2421, 6147420.305699997], [-12633725.9815, 6147412.634599999], [-12633759.2085, 6147408.692100003], [-12633900.4889, 6147398.234300002], [-12633918.047, 6147396.585699998], [-12633935.6767, 6147394.2311], [-12633953.3496, 6147391.1570999995], [-12633970.8861, 6147387.386699997], [-12633988.2617, 6147382.924199998], [-12633997.9409, 6147380.0266999975], [-12634005.4489, 6147377.774700001], [-12634022.2742, 6147372.002700001], [-12634038.7253, 6147365.631999999], [-12634163.4913, 6147314.553999998], [-12634179.1601, 6147308.661600001], [-12634195.438099999, 6147303.642200001], [-12634212.2854, 6147299.555699997], [-12634229.500300001, 6147296.4956], [-12634246.8701, 6147294.512699999], [-12634264.181, 6147293.621100001], [-12634281.2106, 6147293.7929000035], [-12634297.8999, 6147294.967600003], [-12634448.7333, 6147310.145400003], [-12634467.8132, 6147311.668200001], [-12634487.0911, 6147312.434500001], [-12634506.5326, 6147312.420000002], [-12634525.958999999, 6147311.616700001], [-12634545.3354, 6147310.023900002], [-12634564.6349, 6147307.641599998], [-12634583.6714, 6147304.507200003], [-12634600.8803, 6147300.9597999975], [-12634602.4202, 6147300.6439], [-12634742.6886, 6147268.929099999], [-12634767.0902, 6147264.127499998], [-12634792.33, 6147260.691600002], [-12634818.030299999, 6147258.750399999], [-12634844.1018, 6147258.3693], [-12634870.149, 6147259.5766], [-12634895.7751, 6147262.325400002], [-12634920.8937, 6147266.560500003], [-12634945.131099999, 6147272.132600002], [-12635203.4468, 6147339.6206], [-12635339.5053, 6147375.286899999], [-12635402.931200001, 6147388.586000003], [-12635471.3792, 6147396.1831], [-12635543.256099999, 6147396.837899998], [-12635616.3081, 6147389.8364999965], [-12635688.2218, 6147375.159100004], [-12635756.780000001, 6147353.502899997], [-12635808.4451, 6147331.2195999995], [-12635820.0442, 6147326.214400001], [-12635876.8422, 6147294.937100001], [-12636115.1819, 6147150.755199999], [-12636138.4353, 6147137.3455], [-12636162.6628, 6147124.7858000025], [-12636187.5707, 6147113.2707], [-12636213.1128, 6147102.851400003], [-12636239.1063, 6147093.611699998], [-12636265.344, 6147085.611599997], [-12636291.7705, 6147078.851300001], [-12636318.0331, 6147073.372299999], [-12636413.240600001, 6147055.812399998], [-12636473.778099999, 6147044.645999998], [-12636499.242800001, 6147039.055699997], [-12636524.9982, 6147031.547799997], [-12636550.743900001, 6147022.071199998], [-12636575.9057, 6147010.751199998], [-12636600.2137, 6146997.694700003], [-12636623.4238, 6146983.041199997], [-12636645.088, 6146967.180299997], [-12636665.0637, 6146950.3816], [-12636676.9809, 6146939.711599998], [-12636796.7728, 6146832.377599999], [-12636821.408300001, 6146812.454400003], [-12636850.3485, 6146793.873099998], [-12636883.1477, 6146777.8781], [-12636918.6406, 6146765.671499997], [-12636955.3675, 6146757.9595], [-12636991.707899999, 6146754.890799999], [-12637016.2359, 6146755.699000001], [-12637026.0478, 6146756.019100003], [-12637057.372499999, 6146760.509400003], [-12637194.4912, 6146787.681299999], [-12637238.331, 6146795.068800002], [-12637283.4011, 6146800.176600002], [-12637329.1358, 6146802.823200002], [-12637375.248, 6146802.888599999], [-12637421.2981, 6146800.460500002], [-12637466.841, 6146795.4789], [-12637511.5957, 6146788.078199998], [-12637555.0015, 6146778.457800001], [-12637618.7764, 6146762.6581000015], [-12638138.5632, 6146633.1401999965], [-12638168.7685, 6146624.7412], [-12638199.032, 6146614.4804000035], [-12638222.8456, 6146604.874399997], [-12638229.0921, 6146602.3532000035], [-12638258.5517, 6146588.471000001], [-12638287.1703, 6146572.917099997], [-12638314.7344, 6146555.836199999], [-12638340.9224, 6146537.482799999], [-12638365.5794, 6146518.070900001], [-12638482.7587, 6146420.678000003], [-12638496.2221, 6146409.976300001], [-12638510.3873, 6146399.706500001], [-12638525.125, 6146389.993600003], [-12638540.2832, 6146380.963500001], [-12638555.8309, 6146372.625], [-12638571.7372, 6146364.996799998], [-12638587.8292, 6146358.148900002], [-12638603.9244, 6146352.131800003], [-12638653.858, 6146334.6472999975], [-12638826.4858, 6146274.194700003], [-12639048.6548, 6146196.3928999975], [-12639066.3671, 6146189.962800004], [-12639084.061, 6146183.0546], [-12639101.5816, 6146175.7192], [-12639118.9228, 6146167.970700003], [-12639136.0757, 6146159.799500003], [-12639153.0242, 6146151.219700001], [-12639169.7625, 6146142.231700003], [-12639186.1543, 6146132.918399997], [-12639323.9065, 6146052.512699999], [-12639367.655299999, 6146028.812399998], [-12639414.1503, 6146007.5864999965], [-12639430.8423, 6146001.337700002], [-12639462.9956, 6145989.299500003], [-12639513.5847, 6145974.359999999], [-12639565.107900001, 6145963.078699999], [-12639616.7027, 6145955.571800001], [-12639667.6447, 6145951.774700001], [-12639717.3655, 6145951.473099999], [-12639856.747000001, 6145955.582900003], [-12639879.197, 6145955.713100001], [-12639902.0676, 6145954.520000003], [-12639925.142, 6145952.045599997], [-12639948.1917, 6145948.2667], [-12639970.993900001, 6145943.2157000005], [-12639993.341699999, 6145936.948299997], [-12640015.027800001, 6145929.557499997], [-12640035.8664, 6145921.177699998], [-12640041.1107, 6145918.865599997], [-12640168.2511, 6145861.828100003], [-12640196.4279, 6145850.2727999985], [-12640226.1692, 6145840.347199999], [-12640257.103799999, 6145832.339100003], [-12640288.815299999, 6145826.4526999965], [-12640320.8605, 6145822.803900003], [-12640352.778900001, 6145821.4111], [-12640384.1158, 6145822.200599998], [-12640414.4297, 6145825.009499997], [-12640635.1731, 6145852.866300002], [-12640649.675900001, 6145854.6954], [-12640681.477, 6145859.096600004], [-12640713.303, 6145864.338399999], [-12640744.9835, 6145870.3972999975], [-12640776.6458, 6145877.300999999], [-12640808.122299999, 6145885.017099999], [-12640839.243, 6145893.499300003], [-12640870.1416, 6145902.784400001], [-12640900.647300001, 6145912.803300001], [-12641096.4555, 6145979.9690999985], [-12641140.0046, 6145994.240699999], [-12641184.0514, 6146007.435400002], [-12641228.5654, 6146019.529700004], [-12641234.7529, 6146021.038699999], [-12641273.3726, 6146030.463299997], [-12641318.449099999, 6146040.2412], [-12641363.760499999, 6146048.853600003], [-12641409.1309, 6146056.263599999], [-12641454.522599999, 6146062.489699997], [-12641760.8017, 6146100.993199997], [-12641805.3649, 6146108.6633], [-12641836.3126, 6146117.173600003], [-12641851.8761, 6146121.454099998], [-12641898.798999999, 6146139.737499997], [-12641944.5904, 6146163.4758], [-12641987.5739, 6146192.010399997], [-12642026.361499999, 6146224.198600002], [-12642060.0587, 6146258.592500001], [-12642088.4564, 6146293.886799999], [-12642115.2122, 6146330.527999997], [-12642440.713, 6146776.302100003], [-12642556.4309, 6146934.530000001], [-12642600.4639, 6146994.805600002], [-12642519.797600001, 6147028.471000001], [-12642489.5269, 6147072.4629999995], [-12642447.2177, 6147183.711099997], [-12642428.52, 6147241.640799999], [-12642340.5087, 6147410.136100002], [-12642324.9333, 6147514.123499997], [-12642350.992800001, 6147613.3869], [-12642357.6584, 6147638.7766999975], [-12642433.340300001, 6147719.010200001], [-12642517.8456, 6147778.253899999], [-12642595.6392, 6147826.579999998], [-12642639.0799, 6147844.222599998], [-12642675.7545, 6147849.358000003], [-12642710.312800001, 6147838.6457], [-12642741.647300001, 6147826.4498], [-12642758.2889, 6147802.013099998], [-12642749.2469, 6147768.888499998], [-12642756.2703, 6147741.591499999], [-12642767.0935, 6147685.514399998], [-12642783.6816, 6147659.487899996], [-12642825.6871, 6147634.198899999], [-12642894.642099999, 6147608.003600001], [-12642974.9156, 6147635.548299998], [-12643032.1548, 6147686.152400002], [-12643101.9276, 6147779.314199999], [-12643109.3233, 6147790.230099998], [-12643082.6788, 6147963.023800001], [-12642840.813099999, 6148561.759599999], [-12642828.775899999, 6148596.953400001], [-12642794.5423, 6148697.0419000015], [-12642722.8938, 6148785.418300003], [-12642703.822999999, 6148832.227799997], [-12642689.5086, 6148878.877499998], [-12642726.7273, 6148947.676299997], [-12642747.081799999, 6148986.793399997], [-12642766.9137, 6149057.769299999], [-12642748.5865, 6149126.844300002], [-12642716.467, 6149210.712099999], [-12642689.3693, 6149302.372400001], [-12642684.3551, 6149342.343800001], [-12642693.7705, 6149386.606700003], [-12642712.381, 6149421.008000001], [-12642725.490899999, 6149433.304499999], [-12642758.850499999, 6149481.539499998], [-12642809.5992, 6149527.5978000015], [-12642894.1782, 6149588.440200001], [-12642924.9434, 6149606.511399999], [-12643033.086, 6149612.426399998], [-12643149.529199999, 6149629.205899999], [-12643261.9726, 6149679.3807], [-12643262.7017, 6149680.130599998], [-12643268.5064, 6149686.100900002], [-12643304.2648, 6149746.593699999], [-12643308.7895, 6149769.130199999], [-12643309.0521, 6149770.438000001], [-12643312.1114, 6149785.675700001], [-12643318.5533, 6149817.761500001], [-12643321.4155, 6149903.2465], [-12643315.7647, 6150030.815399997], [-12643314.0636, 6150098.543300003], [-12643317.709800001, 6150148.1787], [-12643334.979899999, 6150249.104500003], [-12643375.4379, 6150331.336800002], [-12643425.4749, 6150403.295199998], [-12643450.1238, 6150426.410599999], [-12643455.930599999, 6150435.7075999975], [-12643505.8893, 6150457.9086000025], [-12643566.4693, 6150465.420500003], [-12643612.0306, 6150451.145999998], [-12643635.430599999, 6150391.441200003], [-12643664.800099999, 6150320.389399998], [-12643674.1928, 6150306.216499999], [-12643682.08, 6150303.0874999985], [-12643718.0263, 6150309.8367], [-12643738.3149, 6150323.085000001], [-12643756.6215, 6150336.4001], [-12643783.3236, 6150363.364600003], [-12643803.8126, 6150382.577100001], [-12643829.848000001, 6150389.6602], [-12643837.241700001, 6150390.054499999], [-12643875.5724, 6150392.097999997], [-12643919.2479, 6150392.614399999], [-12643961.3415, 6150405.126100004], [-12643985.242600001, 6150419.271600001], [-12643985.7265, 6150419.557899997], [-12644005.884399999, 6150431.487800002], [-12644031.2061, 6150476.412199996], [-12644030.9891, 6150481.454000004], [-12644032.2257, 6150483.1450999975], [-12644050.3261, 6150549.411899999], [-12644070.0126, 6150615.625600003], [-12644074.5725, 6150656.872900002], [-12644094.1687, 6150767.677100003], [-12644120.5734, 6150844.812200002], [-12644140.3514, 6150866.437700003], [-12644174.098299999, 6150925.809], [-12644215.5081, 6150976.959600002], [-12644217.3596, 6150976.544100001], [-12644277.0713, 6151060.870200001], [-12644332.024799999, 6151137.042499997], [-12644363.547, 6151177.380599998], [-12644411.9798, 6151201.222400002], [-12644482.0274, 6151206.815800004], [-12644556.0307, 6151188.387999997], [-12644620.6251, 6151173.462899998], [-12644679.0362, 6151163.523800001], [-12644755.2666, 6151164.128399998], [-12644944.3969, 6151122.689499997], [-12645108.0438, 6151078.9256], [-12645197.1956, 6151050.4441], [-12645215.3423, 6151047.420500003], [-12645296.4175, 6151038.6994], [-12645348.3607, 6151048.8807], [-12645412.7347, 6151074.564199999], [-12645543.332, 6151121.886399999], [-12645614.243700001, 6151143.413099997], [-12645639.3641, 6151156.446800001], [-12645735.7532, 6151189.799500003], [-12645851.066399999, 6151219.323399998], [-12645946.2471, 6151263.862400003], [-12646036.6175, 6151306.9717999995], [-12646126.9087, 6151394.672899999], [-12646194.4605, 6151467.222499996], [-12646253.4421, 6151521.076200001], [-12646253.599399999, 6151525.725900002], [-12646289.8358, 6151564.3059], [-12646378.091, 6151685.520000003], [-12646429.224399999, 6151788.888099998], [-12646434.4426, 6151849.228299998], [-12646412.9971, 6151966.218099996], [-12646385.7452, 6152099.333300002], [-12646400.3182, 6152154.579099998], [-12646405.350499999, 6152256.3376], [-12646384.7944, 6152446.566], [-12646381.8423, 6152547.006800003], [-12646382.8409, 6152623.4234], [-12646353.0065, 6152774.156900004], [-12646347.2831, 6152839.655000001], [-12646362.9096, 6152972.916500002], [-12646381.8952, 6153064.652400002], [-12646407.710900001, 6153170.491999999], [-12646428.9841, 6153282.859099999], [-12646459.3986, 6153383.766199999], [-12646505.8925, 6153490.498199999], [-12646522.2471, 6153598.258000001], [-12646519.5356, 6153658.881099999], [-12646477.2729, 6153724.037900001], [-12646406.6703, 6153796.531900004], [-12646341.6044, 6153844.943000004], [-12646288.4211, 6153869.055100001], [-12646191.0874, 6153902.634199999], [-12646101.6852, 6153935.9428], [-12646087.999499999, 6153953.9309], [-12646081.1942, 6153967.520800002], [-12646077.3478, 6153970.112000003], [-12646041.2275, 6154016.873199999], [-12646029.9217, 6154021.218699999], [-12645950.0898, 6154055.793399997], [-12645900.3189, 6154039.962800004], [-12645848.7468, 6154017.821199998], [-12645804.677000001, 6153982.680399999], [-12645767.651999999, 6153968.008900002], [-12645729.6855, 6153972.484999999], [-12645626.189199999, 6154058.836000003], [-12645535.0601, 6154135.208700001], [-12645435.4845, 6154243.728299998], [-12645364.194699999, 6154343.322899997], [-12645300.6212, 6154436.284100004], [-12645219.0273, 6154560.125699997], [-12645171.124499999, 6154693.977300003], [-12645172.0821, 6154816.615199998], [-12645202.4035, 6154962.156000003], [-12645252.117800001, 6155070.3983], [-12645295.4096, 6155129.4706000015], [-12645394.0976, 6155229.679399997], [-12645450.4069, 6155297.869400002], [-12645488.8873, 6155355.5123], [-12645558.2677, 6155434.411600001], [-12645602.9606, 6155534.861900002], [-12645651.122499999, 6155690.960699998], [-12645705.203, 6155834.114100002], [-12645738.1471, 6155915.847599998], [-12645775.6109, 6155943.254500002], [-12645821.6543, 6155989.489699997], [-12645877.7834, 6156005.1083], [-12645938.0277, 6156001.466300003], [-12646012.875799999, 6156006.8873], [-12646082.5331, 6155999.737499997], [-12646150.7648, 6155997.415600002], [-12646224.8589, 6155980.553599998], [-12646296.0486, 6155971.756399997], [-12646347.318599999, 6155978.784999996], [-12646365.949, 6155998.566699997], [-12646367.300900001, 6156000.001999997], [-12646367.4179, 6156000.570299998], [-12646381.5592, 6156069.225699998], [-12646424.2982, 6156217.149099998], [-12646452.0759, 6156333.716300003], [-12646480.440200001, 6156464.143799998], [-12646482.6116, 6156474.128700003], [-12646492.063299999, 6156517.5901999995], [-12646494.616999999, 6156520.774099998], [-12646503.2348, 6156554.257399999], [-12646554.5082, 6156660.865599997], [-12646630.3959, 6156790.538199998], [-12646717.267099999, 6156879.612499997], [-12646717.6864, 6156881.578699999], [-12646800.4556, 6156932.935400002], [-12646907.969, 6156964.324699998], [-12647011.4453, 6156970.354199998], [-12647154.9197, 6156984.577600002], [-12647244.6001, 6157005.417099997], [-12647274.9419, 6157057.931299999], [-12647297.7029, 6157083.678400002], [-12647323.7379, 6157148.523100004], [-12647332.1226, 6157219.947300002], [-12647320.2641, 6157280.112000003], [-12647284.127, 6157327.162799999], [-12647204.4815, 6157379.684100002], [-12647185.4509, 6157390.9548999965], [-12647097.399500001, 6157443.101999998], [-12646999.694699999, 6157490.262699999], [-12646998.4802, 6157491.051100001], [-12646989.9781, 6157496.570500001], [-12646951.1119, 6157521.801700003], [-12646923.1772, 6157576.540399998], [-12646884.1413, 6157700.434299998], [-12646880.705400001, 6157706.279200003], [-12646875.5778, 6157789.325400002], [-12646896.006099999, 6157876.281400003], [-12646915.0097, 6157968.067900002], [-12646984.1339, 6158085.2381], [-12647107.6909, 6158261.113499999], [-12647198.987300001, 6158375.935000002], [-12647265.9908, 6158477.242799997], [-12647289.942699999, 6158527.4265], [-12647328.7937, 6158548.412100002], [-12647408.3541, 6158598.288699999], [-12647409.881, 6158596.108099997], [-12647411.5828, 6158599.772200003], [-12647509.4701, 6158674.523100004], [-12647577.9217, 6158724.778999999], [-12647634.5594, 6158754.7184000015], [-12647734.7795, 6158897.925300002], [-12647818.317200001, 6159017.795999996], [-12647895.9412, 6159150.621600002], [-12647958.6307, 6159264.8325999975], [-12647988.2729, 6159341.921400003], [-12648012.828, 6159409.621299997], [-12648042.2, 6159478.750500001], [-12648090.5131, 6159544.043099999], [-12648141.079300001, 6159582.1602], [-12648226.4069, 6159614.303300001], [-12648350.0507, 6159651.507600002], [-12648457.9297, 6159692.439199999], [-12648590.4365, 6159756.434900001], [-12648734.275, 6159826.416199997], [-12648833.720800001, 6159899.515100002], [-12648905.246399999, 6159992.702299997], [-12648926.5268, 6160057.329000004], [-12648893.287999999, 6160107.888899997], [-12648725.7399, 6160274.652999997], [-12648670.4794, 6160378.577100001], [-12648664.868, 6160493.550499998], [-12648727.6433, 6160563.133100003], [-12648814.2438, 6160585.665100001], [-12648912.3489, 6160572.728299998], [-12648985.7144, 6160533.5397000015], [-12649027.654199999, 6160504.996299997], [-12649043.6935, 6160493.4564], [-12649104.1306, 6160510.337300003], [-12649157.718899999, 6160543.566299997], [-12649188.2017, 6160598.314599998], [-12649202.4274, 6160642.463100001], [-12649203.5712, 6160675.9023], [-12649177.7797, 6160711.862800002], [-12649089.4716, 6160732.436899997], [-12649008.9379, 6160747.9602999985], [-12648961.5266, 6160755.9673999995], [-12648916.083700001, 6160775.066100001], [-12648853.492800001, 6160850.5528], [-12648778.896, 6160993.411700003], [-12648758.572, 6161049.909999996], [-12648769.165, 6161173.9016999975], [-12648801.0618, 6161270.059299998], [-12648894.7184, 6161359.312399998], [-12648953.890999999, 6161416.269199997], [-12649030.0944, 6161459.885600001], [-12649114.182799999, 6161501.635899998], [-12649146.374, 6161513.283399999], [-12649249.579300001, 6161509.732199997], [-12649330.2905, 6161452.745399997], [-12649368.567499999, 6161409.974299997], [-12649395.6753, 6161365.9934], [-12649409.1544, 6161295.3781], [-12649408.2346, 6161222.070699997], [-12649414.210900001, 6161164.469400004], [-12649454.0806, 6161075.409699999], [-12649493.5613, 6161021.4384], [-12649535.556200001, 6160994.4833], [-12649575.2478, 6160993.115900002], [-12649620.5208, 6161015.470200002], [-12649655.2258, 6161054.131700002], [-12649702.4089, 6161132.220399998], [-12649697.635, 6161224.855300002], [-12649705.1809, 6161305.906199999], [-12649721.4841, 6161410.5713], [-12649742.7147, 6161519.850900002], [-12649773.3636, 6161625.6184], [-12649825.0368, 6161741.822999999], [-12649849.1224, 6161795.2029], [-12649949.2522, 6161933.654799998], [-12650030.826000001, 6162040.858199999], [-12650123.189100001, 6162138.123000003], [-12650166.2776, 6162189.253899999], [-12650247.255199999, 6162278.939400002], [-12650248.2017, 6162278.329800002], [-12650268.936900001, 6162308.486599997], [-12650351.5029, 6162444.359399997], [-12650405.8713, 6162592.370099999], [-12650418.5148, 6162775.311700001], [-12650421.411, 6162998.4602999985], [-12650394.5209, 6163095.069399998], [-12650337.345800001, 6163235.7826000005], [-12650299.776999999, 6163299.273900002], [-12650243.2598, 6163366.609399997], [-12650213.0835, 6163413.898800001], [-12650183.0685, 6163512.214400001], [-12650142.8103, 6163636.401100002], [-12650125.3842, 6163823.593199998], [-12650122.694400001, 6163930.538699999], [-12650146.730999999, 6164028.588799998], [-12650176.7385, 6164115.269500002], [-12650234.6221, 6164226.506399997], [-12650290.9753, 6164293.139799997], [-12650395.7444, 6164380.429300003], [-12650433.917100001, 6164426.957400002], [-12650474.1711, 6164487.768100001], [-12650485.0151, 6164525.671599999], [-12650549.3465, 6164739.044699997], [-12650586.8088, 6164910.339500003], [-12650594.0603, 6164968.495300002], [-12650579.1622, 6164997.720899999], [-12650549.256099999, 6165052.986199997], [-12650536.8221, 6165107.647500001], [-12650545.3116, 6165169.560900003], [-12650595.2652, 6165281.0832], [-12650631.5262, 6165364.368600003], [-12650649.712000001, 6165430.7337], [-12650651.191599999, 6165520.008900002], [-12650650.918, 6165558.301399998], [-12650638.374499999, 6165609.779600002], [-12650603.482, 6165658.840800002], [-12650530.9572, 6165723.560099997], [-12650478.5897, 6165773.225699998], [-12650438.601300001, 6165812.8923999965], [-12650413.1288, 6165858.438000001], [-12650399.104600001, 6165913.159100004], [-12650405.0191, 6165992.7148], [-12650432.1337, 6166041.229199998], [-12650475.1349, 6166089.194499999], [-12650543.0615, 6166121.940800004], [-12650634.5985, 6166147.489], [-12650704.936, 6166157.817599997], [-12650765.632399999, 6166165.288599998], [-12650831.7852, 6166181.999899998], [-12650843.4736, 6166188.339299999], [-12650852.076000001, 6166193.005000003], [-12650864.149, 6166205.975599997], [-12650905.416000001, 6166250.311399996], [-12650907.817200001, 6166252.891099997], [-12650909.3939, 6166256.765500002], [-12650938.2237, 6166327.613300003], [-12650933.9117, 6166375.620999999], [-12650914.8077, 6166398.217600003], [-12650871.1628, 6166425.82], [-12650833.5679, 6166429.346600004], [-12650772.9244, 6166423.469300002], [-12650706.2004, 6166425.778399996], [-12650583.160799999, 6166455.559799999], [-12650470.474100001, 6166508.910899997], [-12650433.3861, 6166540.504000001], [-12650432.3997, 6166558.0864999965], [-12650416.0191, 6166590.559199996], [-12650409.4985, 6166678.5276999995], [-12650414.2091, 6166723.0342999995], [-12650454.693300001, 6166790.234999999], [-12650502.41, 6166836.445799999], [-12650536.6502, 6166860.787799999], [-12650608.9661, 6166928.483099997], [-12650717.1681, 6167022.058300003], [-12650808.4974, 6167087.5], [-12650889.145399999, 6167166.074199997], [-12651051.979899999, 6167321.574000001], [-12651063.4857, 6167332.343699999], [-12651074.8277, 6167349.899599999], [-12651133.250500001, 6167429.642999999], [-12651181.0577, 6167489.810999997], [-12651238.392, 6167541.842], [-12651242.768, 6167549.497199997], [-12651345.8884, 6167633.674500003], [-12651459.8584, 6167709.497000001], [-12651601.3858, 6167754.047200002], [-12651715.133000001, 6167777.222199999], [-12651869.3118, 6167773.462399997], [-12652037.3499, 6167756.4538], [-12652143.3102, 6167738.409599997], [-12652233.5466, 6167725.698100001], [-12652311.4022, 6167722.989399999], [-12652401.2621, 6167745.390699998], [-12652439.1853, 6167783.9592999965], [-12652472.032200001, 6167905.673600003], [-12652494.6508, 6168099.547600001], [-12652487.3342, 6168209.899800003], [-12652444.949, 6168318.282899998], [-12652428.418, 6168392.258299999], [-12652436.1186, 6168522.835100003], [-12652446.5353, 6168548.0035], [-12652525.954, 6168636.192900002], [-12652592.1099, 6168708.887199998], [-12652752.4093, 6168789.471299998], [-12652847.380199999, 6168821.267200001], [-12652959.5557, 6168844.4833], [-12653039.5075, 6168856.056299999], [-12653148.712299999, 6168839.479999997], [-12653210.0231, 6168818.191299997], [-12653312.8002, 6168753.965499997], [-12653390.2615, 6168693.814400002], [-12653431.7826, 6168652.471500002], [-12653446.0482, 6168637.983400002], [-12653450.3531, 6168637.461300001], [-12653539.8214, 6168602.421499997], [-12653621.676, 6168577.221199997], [-12653674.1694, 6168576.981899999], [-12653735.162, 6168592.402099997], [-12653777.9175, 6168632.395199999], [-12653802.435800001, 6168696.961800002], [-12653808.7725, 6168787.696599998], [-12653796.5211, 6168847.167499997], [-12653762.483199999, 6168966.443700001], [-12653733.1387, 6169037.683799997], [-12653722.364799999, 6169093.9130000025], [-12653723.5079, 6169218.345700003], [-12653705.4527, 6169293.980599999], [-12653679.5068, 6169371.487800002], [-12653678.433400001, 6169432.167499997], [-12653665.0342, 6169504.449600004], [-12653667.122000001, 6169518.739500001], [-12653660.855, 6169613.115400001], [-12653674.489799999, 6169730.735100001], [-12653699.454, 6169808.061999999], [-12653730.571899999, 6169925.072999999], [-12653786.786899999, 6170031.631999999], [-12653835.4265, 6170103.345200002], [-12653886.4694, 6170152.630900003], [-12653968.2093, 6170215.206299998], [-12654023.5224, 6170249.9782000035], [-12654087.5952, 6170262.099200003], [-12654138.4541, 6170260.318300001], [-12654212.7645, 6170246.5436], [-12654297.0339, 6170198.903499998], [-12654354.985, 6170126.6492], [-12654399.8873, 6170045.276900001], [-12654424.017099999, 6169961.441100001], [-12654436.111499999, 6169806.211300001], [-12654449.5386, 6169689.239], [-12654475.645100001, 6169616.508500002], [-12654486.0812, 6169550.711400002], [-12654491.104899999, 6169512.234399997], [-12654516.1769, 6169455.500100002], [-12654562.0744, 6169402.823600002], [-12654649.789900001, 6169363.0427], [-12654738.1716, 6169342.387900002], [-12654798.782200001, 6169346.6445999965], [-12654807.311, 6169357.689300001], [-12654810.2956, 6169357.4113000035], [-12654861.3948, 6169408.2808], [-12654892.0581, 6169466.251100004], [-12654899.1061, 6169531.434199996], [-12654899.819400001, 6169577.938500002], [-12654900.354, 6169612.780199997], [-12654889.2533, 6169659.450800002], [-12654821.464499999, 6169768.756099999], [-12654783.9255, 6169878.596600004], [-12654765.457, 6169987.769299999], [-12654797.749200001, 6170229.2249], [-12654802.0088, 6170253.9684000015], [-12654790.437800001, 6170293.321800001], [-12654779.1602, 6170426.187799998], [-12654795.378899999, 6170526.169799998], [-12654820.4114, 6170605.094300002], [-12654883.1691, 6170716.213299997], [-12654975.7381, 6170815.113300003], [-12655068.8408, 6170883.668399997], [-12655167.159, 6170964.808899999], [-12655262.077399999, 6171039.683899999], [-12655298.9958, 6171094.251500003], [-12655317.8174, 6171131.8977999985], [-12655332.1492, 6171177.682899997], [-12655323.6974, 6171254.597099997], [-12655311.4537, 6171314.0869999975], [-12655241.4555, 6171405.935900003], [-12655172.432500001, 6171480.192199998], [-12655135.8427, 6171526.172700003], [-12655060.844, 6171702.800300002], [-12655039.2828, 6171769.005400002], [-12655036.6296, 6171829.757700004], [-12655064.0681, 6171886.260899998], [-12655104.7556, 6171911.968599997], [-12655153.7815, 6171948.557400003], [-12655223.751600001, 6171992.391599998], [-12655276.6, 6172001.707999997], [-12655352.568799999, 6171989.458700001], [-12655426.780299999, 6171972.4815], [-12655558.664900001, 6171966.245099999], [-12655682.824, 6171966.663800001], [-12655747.7489, 6172002.689599998], [-12655768.3317, 6172045.066], [-12655818.139600001, 6172122.994499996], [-12655830.2193, 6172130.685400002], [-12655881.8442, 6172195.914099999], [-12655914.1144, 6172253.843000002], [-12655923.352699999, 6172281.580600001], [-12655939.7469, 6172304.0239999965], [-12655968.0565, 6172339.743600003], [-12656034.575199999, 6172375.712700002], [-12656096.8532, 6172381.499200001], [-12656167.6634, 6172358.249200001], [-12656218.9498, 6172322.916100003], [-12656265.1574, 6172292.551200002], [-12656265.6343, 6172292.534500003], [-12656267.4783, 6172291.026000001], [-12656270.7141, 6172288.379199997], [-12656310.504999999, 6172255.830899999], [-12656386.4418, 6172197.278300002], [-12656453.6789, 6172162.977899998], [-12656523.1204, 6172146.159100004], [-12656567.5751, 6172142.993100002], [-12656602.0214, 6172172.107699998], [-12656624.4782, 6172222.398400001], [-12656662.4183, 6172305.6668], [-12656709.4494, 6172375.843199998], [-12656774.829599999, 6172424.618299998], [-12656827.2129, 6172465.870399997], [-12656883.4693, 6172481.442500003], [-12656958.186099999, 6172478.800999999], [-12657024.1695, 6172454.117700003], [-12657091.0132, 6172408.650300004], [-12657121.349399999, 6172366.070699997], [-12657161.2234, 6172323.153399996], [-12657212.1687, 6172278.248199999], [-12657241.6994, 6172258.046499997], [-12657297.2258, 6172252.888499998], [-12657356.7731, 6172271.533399999], [-12657392.0645, 6172324.5612], [-12657403.7353, 6172384.8112], [-12657397.9194, 6172445.680699997], [-12657380.7512, 6172500.567100003], [-12657347.386300001, 6172592.745300002], [-12657309.4945, 6172646.7695999965], [-12657290.5225, 6172672.1076000035], [-12657277.568599999, 6172689.407799996], [-12657268.7967, 6172756.769900002], [-12657283.759, 6172820.099600002], [-12657293.671799999, 6172875.6259], [-12657347.6317, 6172961.523400001], [-12657390.8749, 6173014.273900002], [-12657500.761300001, 6173106.173900001], [-12657584.2577, 6173171.867200002], [-12657586.8397, 6173169.329300001], [-12657632.964, 6173198.879199997], [-12657674.3958, 6173245.307499997], [-12657698.9575, 6173309.896600001], [-12657709.7001, 6173434.049800001], [-12657700.9706, 6173547.718599997], [-12657664.088399999, 6173630.454300001], [-12657635.7339, 6173684.148500003], [-12657634.9305, 6173706.530000001], [-12657654.5383, 6173811.215000004], [-12657681.815499999, 6173907.6455999985], [-12657735.9385, 6174043.043300003], [-12657766.5821, 6174099.438699998], [-12657833.684, 6174151.347900003], [-12657900.2246, 6174187.3094], [-12657989.0822, 6174224.075400002], [-12658089.0147, 6174258.850599997], [-12658187.6392, 6174301.655199997], [-12658271.898, 6174343.372299999], [-12658329.6337, 6174400.402099997], [-12658398.5441, 6174503.342], [-12658438.9472, 6174610.489500001], [-12658490.5827, 6174765.144199997], [-12658545.626, 6174926.067699999], [-12658581.4881, 6175039.768799998], [-12658592.784699999, 6175096.773699999], [-12658593.1151, 6175098.440899998], [-12658608.780000001, 6175136.209899999], [-12658648.9746, 6175192.2698], [-12658687.5795, 6175248.386200003], [-12658819.253899999, 6175369.860600002], [-12658906.583999999, 6175452.988700002], [-12658973.4212, 6175496.921800002], [-12659086.142099999, 6175577.5484], [-12659184.9478, 6175669.849100001], [-12659272.397599999, 6175756.166100003], [-12659312.0266, 6175840.994099997], [-12659322.7554, 6175874.149800003], [-12659330.1755, 6175993.6655], [-12659331.5886, 6176033.542099997], [-12659343.5616, 6176101.790399998], [-12659369.3884, 6176201.487499997], [-12659429.1797, 6176315.945900001], [-12659470.9758, 6176371.952500001], [-12659533.1651, 6176419.245999999], [-12659551.069, 6176431.741800003], [-12659551.557, 6176432.317599997], [-12659552.1772, 6176432.515100002], [-12659553.3118, 6176432.876400001], [-12659564.2185, 6176436.3500000015], [-12659581.2183, 6176436.640299998], [-12659599.8136, 6176431.492700003], [-12659607.5494, 6176422.696599998], [-12659607.7286, 6176420.587700002], [-12659620.219999999, 6176397.240699999], [-12659620.502, 6176397.123000003], [-12659648.1932, 6176345.911899999], [-12659672.005199999, 6176323.986500002], [-12659683.727699999, 6176314.151500002], [-12659695.3213, 6176313.289300002], [-12659695.9914, 6176313.620999999], [-12659716.583700001, 6176337.634599999], [-12659856.0669, 6176498.758900002], [-12660020.7154, 6176695.720799997], [-12660021.477699999, 6176695.124600001], [-12660091.599399999, 6176763.4651999995], [-12660180.3765, 6176841.750600003], [-12660247.6282, 6176896.8467999995], [-12660320.1058, 6176964.533799998], [-12660397.9255, 6177003.2788999975], [-12660472.5082, 6177040.5418], [-12660563.8492, 6177056.439900003], [-12660639.610100001, 6177067.4714], [-12660644.2026, 6177070.748499997], [-12660740.8093, 6177091.328400001], [-12660808.906399999, 6177101.431500003], [-12660864.4397, 6177109.893799998], [-12660894.7341, 6177111.943700001], [-12660906.293499999, 6177109.635899998], [-12660906.8061, 6177109.5336000025], [-12660933.02, 6177104.300399996], [-12660982.308, 6177083.719899997], [-12661032.4505, 6177057.882600002], [-12661067.3159, 6177041.999700002], [-12661158.0637, 6176985.8684], [-12661178.9234, 6176976.8972999975], [-12661274.0122, 6176963.9021999985], [-12661372.3955, 6176953.982500002], [-12661500.1478, 6176963.771399997], [-12661505.0857, 6176966.6052], [-12661506.680599999, 6176968.328599997], [-12661508.5178, 6176968.5748], [-12661519.513799999, 6176970.048100002], [-12661581.889600001, 6176978.4058], [-12661773.7753, 6177000.2623], [-12661941.804200001, 6177022.972400002], [-12661990.5459, 6177049.9706000015], [-12662062.346900001, 6177053.776900001], [-12662188.2824, 6177057.232000001], [-12662273.3213, 6177074.935599998], [-12662361.5989, 6177094.119199999], [-12662441.124400001, 6177091.255099997], [-12662586.8798, 6177070.0309000015], [-12662696.0529, 6177050.123099998], [-12662842.2072, 6177040.061300002], [-12662842.445799999, 6177040.041299999], [-12662908.1994, 6177034.519500002], [-12662908.8935, 6177034.461199999], [-12663079.5792, 6176997.954000004], [-12663185.34, 6176971.7739999965], [-12663308.0359, 6176973.7321000025], [-12663400.125500001, 6177010.3369999975], [-12663447.0024, 6177022.196099997], [-12663488.5191, 6177032.699000001], [-12663535.675099999, 6177059.745700002], [-12663534.6004, 6177074.159999996], [-12663530.4022, 6177090.284699999], [-12663538.9853, 6177107.5446000025], [-12663573.976300001, 6177106.279700004], [-12663628.2253, 6177109.110200003], [-12663686.0148, 6177166.120399997], [-12663721.3658, 6177219.150399998], [-12663749.5834, 6177339.526299998], [-12663828.9705, 6177421.313500002], [-12663893.3847, 6177471.1445999965], [-12663925.626, 6177496.086099997], [-12664051.1648, 6177609.928199999], [-12664101.7898, 6177655.8354], [-12664183.2154, 6177705.600299999], [-12664393.1174, 6177828.981700003], [-12664493.2314, 6177866.884999998], [-12664741.7565, 6177956.910499997], [-12664882.3666, 6177969.377899997], [-12664985.147, 6177992.802100003], [-12665082.5221, 6177998.849399999], [-12665212.897599999, 6177992.513700001], [-12665308.7399, 6178000.2117], [-12665402.8185, 6178003.180200003], [-12665485.936, 6178011.339100003], [-12665570.15, 6178049.808899999], [-12665609.2493, 6178073.945500001], [-12665654.537999999, 6178093.064300001], [-12665686.5821, 6178098.287600003], [-12665750.0352, 6178091.184900001], [-12665803.7709, 6178079.643200003], [-12665955.114, 6178080.519900002], [-12666051.912700001, 6178070.602399997], [-12666102.639899999, 6178063.9608], [-12666142.6668, 6178025.7597], [-12666348.2345, 6177984.7157000005], [-12666509.4944, 6177951.674099997], [-12666509.2879, 6177950.9848000035], [-12666512.6758, 6177951.557999998], [-12666578.1807, 6177957.1538999975], [-12666750.7209, 6177971.619599998], [-12666884.1334, 6178005.083999999], [-12667031.1747, 6178106.739500001], [-12667238.8151, 6178254.1022000015], [-12667386.1552, 6178363.7315], [-12667447.043, 6178417.416100003], [-12667496.7967, 6178471.508500002], [-12667517.279199999, 6178509.099699996], [-12667522.0064, 6178595.1954], [-12667516.232, 6178708.666000001], [-12667512.721, 6178777.6611], [-12667520.9337, 6178959.489699997], [-12667529.2856, 6179101.375299998], [-12667556.3792, 6179232.990599997], [-12667596.6296, 6179332.171400003], [-12667636.7863, 6179385.022699997], [-12667676.3622, 6179421.9179000035], [-12667670.9288, 6179447.6809], [-12667673.137400001, 6179508.314099997], [-12667637.9564, 6179635.825999998], [-12667631.6873, 6179682.391199999], [-12667632.9442, 6179760.636699997], [-12667669.5145, 6179802.437200002], [-12667730.668200001, 6179819.369499996], [-12667812.7955, 6179843.521600001], [-12667878.469700001, 6179897.037199996], [-12667900.8565, 6179918.456699997], [-12667941.195500001, 6179957.052000001], [-12667987.9342, 6180059.1972], [-12668021.5967, 6180152.235799998], [-12668077.5926, 6180246.053800002], [-12668156.6403, 6180316.6558], [-12668216.7319, 6180348.005900003], [-12668270.0517, 6180368.418899998], [-12668314.7177, 6180369.9745000005], [-12668381.833, 6180375.4991], [-12668385.5979, 6180391.340000004], [-12668360.4547, 6180488.138700001], [-12668331.721099999, 6180573.884800002], [-12668329.919300001, 6180655.446500003], [-12668397.042100001, 6180792.004799999], [-12668482.4448, 6180905.520900004], [-12668504.1173, 6180938.9133], [-12668493.3737, 6180986.618100002], [-12668446.7871, 6181063.437399998], [-12668396.6909, 6181218.690800004], [-12668371.3126, 6181309.115099996], [-12668318.7259, 6181352.5967999995], [-12668283.9919, 6181405.011600003], [-12668230.493700001, 6181510.8532000035], [-12668169.172899999, 6181577.029600002], [-12668132.1471, 6181610.351499997], [-12668130.886300001, 6181663.136399999], [-12668177.6582, 6181853.1994], [-12668193.0894, 6182014.051100001], [-12668215.1753, 6182051.597199999], [-12668318.4794, 6182087.759300001], [-12668405.346, 6182110.139899999], [-12668440.3702, 6182126.124300003], [-12668429.0071, 6182190.7808], [-12668374.8646, 6182279.0757], [-12668327.3605, 6182418.272500001], [-12668316.4002, 6182554.530699998], [-12668282.7328, 6182723.592], [-12668263.9666, 6182777.026799999], [-12668282.2127, 6182840.291199997], [-12668364.2774, 6182949.163099997], [-12668408.9393, 6182993.875799999], [-12668440.4442, 6183071.039899997], [-12668491.456799999, 6183158.676600002], [-12668550.295, 6183285.987499997], [-12668595.0021, 6183375.456100002], [-12668645.492800001, 6183448.727799997], [-12668713.36, 6183561.323299997], [-12668729.7118, 6183585.907499999], [-12668753.836, 6183622.176299997], [-12668783.770100001, 6183656.2425], [-12668876.7137, 6183713.566600002], [-12668893.6731, 6183729.640699998], [-12668974.127, 6183805.893600002], [-12669065.584800001, 6183909.629600003], [-12669204.0098, 6184077.178199999], [-12669262.468899999, 6184150.158799998], [-12669287.923999999, 6184192.383500002], [-12669296.9814, 6184265.586599998], [-12669312.861499999, 6184394.491899997], [-12669347.855999999, 6184479.530000001], [-12669387.5098, 6184561.1998], [-12669443.5042, 6184610.293799996], [-12669489.187199999, 6184638.9846], [-12669558.5387, 6184791.502700001], [-12669560.7531, 6184800.4711000025], [-12669584.7474, 6184897.6516999975], [-12669629.0533, 6185019.122100003], [-12669662.7545, 6185112.206799999], [-12669695.0405, 6185210.1413], [-12669743.4913, 6185270.707000002], [-12669819.4648, 6185386.2163999975], [-12669833.9376, 6185411.811099999], [-12669887.6565, 6185506.810599998], [-12669956.328200001, 6185597.009199999], [-12670060.8468, 6185708.2685], [-12670076.6713, 6185729.0820999965], [-12670063.016800001, 6185767.348099999], [-12670081.7523, 6185843.404100001], [-12670112.1607, 6185933.4201000035], [-12670159.6132, 6186010.015000001], [-12670191.5643, 6186055.204000004], [-12670246.5754, 6186077.155100003], [-12670318.0361, 6186112.8882], [-12670377.876, 6186179.431599997], [-12670442.3105, 6186284.181500003], [-12670519.425099999, 6186386.863799997], [-12670573.252500001, 6186463.224699996], [-12670645.6579, 6186524.506700002], [-12670721.131099999, 6186582.476800002], [-12670787.645100001, 6186613.594300002], [-12670833.4611, 6186645.477899998], [-12670879.9242, 6186694.927299999], [-12670997.441399999, 6186812.104599997], [-12671121.9195, 6186945.014899999], [-12671181.594999999, 6187006.7678999975], [-12671263.2685, 6187059.709100001], [-12671427.9738, 6187202.321000002], [-12671544.3265, 6187287.556900002], [-12671651.717500001, 6187389.116899997], [-12671714.702399999, 6187453.944899999], [-12671770.0217, 6187527.053900003], [-12671773.2557, 6187524.255900003], [-12671790.899, 6187531.075900003], [-12671877.947700001, 6187556.627400003], [-12671936.3945, 6187628.020800002], [-12671942.9244, 6187633.792599998], [-12672066.619199999, 6187743.124399997], [-12672214.4816, 6187860.770000003], [-12672328.844999999, 6187934.880400002], [-12672396.5018, 6188039.516999997], [-12672549.2192, 6188244.945699997], [-12672647.606800001, 6188318.050800003], [-12672777.7273, 6188386.773800001], [-12672945.122499999, 6188428.514600001], [-12673088.3875, 6188421.570600003], [-12673193.6193, 6188403.375], [-12673196.2027, 6188404.751599997], [-12673244.941599999, 6188514.891800001], [-12673287.125599999, 6188577.294399999], [-12673361.3894, 6188601.711800002], [-12673462.5486, 6188620.325599998], [-12673635.717799999, 6188602.658299997], [-12673681.083, 6188586.232500002], [-12673749.0136, 6188561.635399997], [-12673815.305, 6188543.1620000005], [-12673826.749400001, 6188550.731200002], [-12673852.478, 6188599.3517], [-12673932.2914, 6188858.6796], [-12673985.9985, 6188973.434199996], [-12673997.3272, 6189080.547399998], [-12673998.2993, 6189089.739500001], [-12674003.1008, 6189218.8037], [-12674011.432500001, 6189228.409400001], [-12674087.0712, 6189289.561099999], [-12674149.969700001, 6189351.189599998], [-12674159.7262, 6189367.7139], [-12674218.4202, 6189433.405100003], [-12674322.043499999, 6189560.692400001], [-12674444.842, 6189688.861100003], [-12674485.2549, 6189703.343099996], [-12674540.940299999, 6189699.656000003], [-12674595.911, 6189676.799599998], [-12674636.3685, 6189649.688100003], [-12674700.7163, 6189621.680399999], [-12674760.702399999, 6189605.033399999], [-12674863.6745, 6189543.5830999985], [-12674891.4578, 6189508.648599997], [-12674967.2672, 6189413.325300001], [-12675003.849399999, 6189362.0825999975], [-12675006.4704, 6189352.668399997], [-12675038.246399999, 6189306.686899997], [-12675061.1818, 6189280.232500002], [-12675081.170400001, 6189260.286899999], [-12675111.310899999, 6189255.955899999], [-12675129.0086, 6189260.090000004], [-12675116.8641, 6189276.5418], [-12675096.5773, 6189288.500799999], [-12675088.972, 6189298.383900002], [-12675084.5519, 6189308.1472999975], [-12675088.6317, 6189331.987899996], [-12675091.749, 6189335.130500004], [-12675109.5744, 6189337.599799998], [-12675136.2914, 6189326.998899996], [-12675167.0107, 6189295.4529], [-12675201.1537, 6189270.176700003], [-12675223.3834, 6189268.4472], [-12675374.6489, 6189303.646899998], [-12675543.9047, 6189351.669500001], [-12675618.9577, 6189396.834399998], [-12675675.4376, 6189457.094400004], [-12675780.6331, 6189497.925300002], [-12675863.092500001, 6189485.2238000035], [-12675952.4387, 6189443.4692], [-12676017.7749, 6189399.418899998], [-12676100.688900001, 6189356.3059], [-12676269.4239, 6189305.1589], [-12676320.4474, 6189304.835100003], [-12676435.5948, 6189313.2902000025], [-12676611.3812, 6189322.6548999995], [-12676892.6404, 6189337.631099999], [-12677015.1739, 6189349.934900001], [-12677030.504999999, 6189356.417300001], [-12677119.2067, 6189425.047600001], [-12677176.4771, 6189506.063000001], [-12677222.3919, 6189539.519000001], [-12677312.6009, 6189563.302000001], [-12677447.9453, 6189599.7733], [-12677546.2992, 6189628.044500001], [-12677644.082899999, 6189683.530500002], [-12677700.4582, 6189740.583800003], [-12677749.6526, 6189818.704800002], [-12677807.7137, 6189920.4859], [-12677844.6782, 6189970.2764], [-12677905.2934, 6190012.772100002], [-12677963.3537, 6190029.768799998], [-12678051.074099999, 6190029.643600002], [-12678116.0147, 6190017.583400004], [-12678161.4812, 6189996.662900001], [-12678247.4545, 6189950.2104], [-12678327.805300001, 6189881.574600004], [-12678419.3898, 6189772.520400003], [-12678461.393199999, 6189702.140699998], [-12678507.907200001, 6189666.782300003], [-12678619.4782, 6189622.555399999], [-12678664.941399999, 6189601.633100003], [-12678694.477699999, 6189581.315800004], [-12678722.662700001, 6189567.448200002], [-12678746.310800001, 6189560.1514], [-12678797.2751, 6189558.215300001], [-12678828.0781, 6189571.441600002], [-12678863.4176, 6189578.097099997], [-12678907.7096, 6189568.4157000035], [-12678950.046799999, 6189549.210500002], [-12678977.9897, 6189528.9529], [-12679017.443, 6189517.8552], [-12679084.5143, 6189520.1039], [-12679155.1934, 6189533.4125000015], [-12679203.2135, 6189537.984399997], [-12679233.7755, 6189544.819899999], [-12679293.6088, 6189566.538099997], [-12679348.362300001, 6189580.450900003], [-12679386.5854, 6189578.996100001], [-12679457.7095, 6189561.891999997], [-12679582.7404, 6189536.335900001], [-12679629.0473, 6189537.771499999], [-12679692.389, 6189525.760899998], [-12679722.3462, 6189516.621399999], [-12679747.1017, 6189496.4826000035], [-12679801.5117, 6189459.217600003], [-12679851.1433, 6189422.134300001], [-12679913.6362, 6189387.759999998], [-12679965.1623, 6189358.6022000015], [-12680002.5971, 6189336.380000003], [-12680086.9429, 6189331.563699998], [-12680167.177299999, 6189344.498899996], [-12680234.731800001, 6189359.516900003], [-12680274.5462, 6189357.997400001], [-12680325.1449, 6189346.468599997], [-12680398.8275, 6189354.852799997], [-12680455.2952, 6189371.891999997], [-12680564.8485, 6189442.8895], [-12680627.0048, 6189483.704599999], [-12680738.3503, 6189517.840800002], [-12680834.0133, 6189558.9738000035], [-12680903.9525, 6189594.691], [-12680997.0394, 6189651.917499997], [-12681021.8399, 6189674.963600002], [-12681051.843600001, 6189709.008500002], [-12681101.4454, 6189755.1008], [-12681122.2584, 6189799.095399998], [-12681143.3986, 6189977.453100003], [-12681158.3762, 6190077.662600003], [-12681174.4606, 6190165.033], [-12681210.6915, 6190278.8292], [-12681232.7831, 6190356.3728], [-12681258.6807, 6190408.174599998], [-12681284.396200001, 6190455.184], [-12681306.0143, 6190478.353399999], [-12681328.6172, 6190485.487000003], [-12681355.451000001, 6190478.060199998], [-12681405.495900001, 6190493.741400003], [-12681461.4863, 6190497.995899998], [-12681499.7128, 6190496.531300001], [-12681548.784400001, 6190486.652000003], [-12681615.0823, 6190426.518200003], [-12681661.9518, 6190400.724600002], [-12681709.0646, 6190381.320699997], [-12681748.771200001, 6190335.004299998], [-12681769.9734, 6190305.395199999], [-12681812.1246, 6190281.381999999], [-12681862.239, 6190257.063000001], [-12681893.484299999, 6190239.866800003], [-12681959.8909, 6190224.521200001], [-12682011.963, 6190209.725100003], [-12682048.4125, 6190203.527000003], [-12682085.1669, 6190205.315899998], [-12682133.0621, 6190248.270800002], [-12682168.3383, 6190294.9098000005], [-12682240.6673, 6190392.919299997], [-12682264.3074, 6190427.2070999965], [-12682316.8002, 6190465.1862], [-12682428.2742, 6190585.689800002], [-12682488.6047, 6190661.763599999], [-12682490.5792, 6190660.037299998], [-12682559.2312, 6190715.043899998], [-12682627.1004, 6190779.629000001], [-12682671.9993, 6190827.4987], [-12682710.161, 6190866.028300002], [-12682768.0525, 6190878.2007], [-12682824.8401, 6190903.214100003], [-12682900.130800001, 6190911.516599998], [-12682955.6353, 6190902.980999999], [-12683069.096, 6190866.615699999], [-12683257.6036, 6190790.560999997], [-12683341.2878, 6190768.138499998], [-12683412.9636, 6190765.376400001], [-12683497.994199999, 6190778.097400002], [-12683599.3201, 6190799.788699999], [-12683656.0482, 6190823.198799998], [-12683698.0126, 6190835.979099996], [-12683769.6276, 6190831.616400003], [-12683830.7056, 6190843.6586000025], [-12683902.810899999, 6190852.075000003], [-12683992.682500001, 6190866.204300001], [-12684079.368700001, 6190880.455600001], [-12684119.6183, 6190890.100400001], [-12684176.9595, 6190887.885399997], [-12684230.685600001, 6190874.610399999], [-12684288.6373, 6190846.773000002], [-12684358.349100001, 6190792.882399999], [-12684420.71, 6190755.274599999], [-12684462.4257, 6190720.064800002], [-12684496.361200001, 6190689.954999998], [-12684520.7401, 6190660.214900002], [-12684550.5032, 6190563.073399998], [-12684572.854600001, 6190480.617899999], [-12684585.4079, 6190433.737899996], [-12684599.6767, 6190389.991300002], [-12684606.5346, 6190360.929499999], [-12684600.835099999, 6190337.153099999], [-12684580.2485, 6190299.554499999], [-12684573.259399999, 6190242.232799999], [-12684578.8277, 6190179.626599997], [-12684588.3795, 6190137.663400002], [-12684610.9795, 6190103.194499999], [-12684643.1354, 6190068.355999999], [-12684719.9465, 6190033.389600001], [-12684775.683899999, 6189989.639899999], [-12684821.0659, 6189925.494400002], [-12684864.2456, 6189887.029700004], [-12684890.5824, 6189866.813699998], [-12684971.8608, 6189823.6743], [-12685017.0009, 6189794.731600001], [-12685066.5493, 6189756.0198], [-12685115.236200001, 6189694.945900001], [-12685139.6717, 6189666.804799996], [-12685172.746399999, 6189655.925499998], [-12685233.9408, 6189671.150799997], [-12685361.9081, 6189722.179099999], [-12685470.8276, 6189775.544500001], [-12685596.1763, 6189882.661399998], [-12685632.1993, 6189906.859099999], [-12685741.3174, 6190006.606399998], [-12685824.9255, 6190054.6096], [-12685858.7608, 6190074.035599999], [-12685981.539, 6190155.654100001], [-12686091.4549, 6190234.571800001], [-12686142.7405, 6190282.171999998], [-12686183.1745, 6190296.598399997], [-12686267.8948, 6190301.304200001], [-12686339.5032, 6190296.920299999], [-12686392.9748, 6190277.243199997], [-12686420.7782, 6190253.764899999], [-12686463.5329, 6190245.7029], [-12686500.2258, 6190245.875299998], [-12686579.7493, 6190281.175800003], [-12686611.0604, 6190307.153700002], [-12686656.520399999, 6190327.781400003], [-12686801.654199999, 6190368.525300004], [-12686949.4797, 6190396.363700002], [-12687034.375599999, 6190418.881399997], [-12687049.4016, 6190422.866700001], [-12687235.453200001, 6190449.210500002], [-12687351.1797, 6190471.894400001], [-12687463.5974, 6190491.505900003], [-12687694.123, 6190512.9048999995], [-12687768.9797, 6190509.981799997], [-12687889.4657, 6190490.876900002], [-12688074.3415, 6190486.851800002], [-12688213.752500001, 6190462.203199998], [-12688303.5412, 6190433.094300002], [-12688380.5879, 6190404.483099997], [-12688444.085099999, 6190355.604199998], [-12688512.336, 6190264.944499999], [-12688595.478500001, 6190188.1000000015], [-12688703.1928, 6190127.890600003], [-12688831.572, 6190106.864299998], [-12688898.7724, 6190112.229999997], [-12688987.112599999, 6190127.9648], [-12689101.9309, 6190168.256899998], [-12689214.436900001, 6190231.035099998], [-12689281.4786, 6190273.199100003], [-12689316.6684, 6190316.612599999], [-12689375.741, 6190440.679200001], [-12689394.6589, 6190516.728399999], [-12689404.457600001, 6190604.335100003], [-12689374.2793, 6190730.308499999], [-12689380.7678, 6190814.847400002], [-12689383.1362, 6190875.550399996], [-12689385.7816, 6190984.240500003], [-12689400.733, 6191081.249200001], [-12689425.7746, 6191150.663900003], [-12689477.894299999, 6191219.016099997], [-12689481.9242, 6191228.148500003], [-12689518.145399999, 6191310.233999997], [-12689616.1426, 6191450.3851], [-12689671.0147, 6191507.430200003], [-12689713.4896, 6191532.961800002], [-12689739.4121, 6191543.1435], [-12689764.7107, 6191537.3495000005], [-12689780.14, 6191523.942900002], [-12689812.871, 6191545.056999996], [-12690003.0439, 6191716.785700001], [-12690075.6295, 6191777.933700003], [-12690164.4885, 6191806.439599998], [-12690306.6945, 6191812.044299997], [-12690405.5794, 6191811.351999998], [-12690496.2496, 6191804.581500001], [-12690548.627700001, 6191797.718500003], [-12690597.2278, 6191816.605099998], [-12690667.6771, 6191804.624700002], [-12690731.9357, 6191793.696699999], [-12690856.9603, 6191767.967799999], [-12690914.5547, 6191772.0973000005], [-12690977.6794, 6191795.209100001], [-12691014.4412, 6191796.959399998], [-12691061.5387, 6191777.5009], [-12691092.3939, 6191750.682499997], [-12691096.321899999, 6191688.125299998], [-12691088.6612, 6191614.825400002], [-12691101.5196, 6191535.9164], [-12691121.5275, 6191435.926200002], [-12691145.5349, 6191356.579000004], [-12691146.9297, 6191270.125], [-12691138.7052, 6191182.451300003], [-12691143.5625, 6191062.263599999], [-12691163.104, 6190991.0956000015], [-12691178.6271, 6190897.115500003], [-12691181.6425, 6190894.3693], [-12691196.4054, 6190823.391199999], [-12691222.844, 6190724.755000003], [-12691223.6996, 6190620.830600001], [-12691223.9507, 6190590.323100001], [-12691251.1924, 6190430.864500001], [-12691247.6829, 6190341.413699999], [-12691237.4639, 6190284.224100001], [-12691144.0181, 6190179.126199998], [-12691076.717799999, 6190130.588500001], [-12691059.6646, 6190102.465400003], [-12691063.655000001, 6190041.5176], [-12691089.941100001, 6189979.6906], [-12691114.0687, 6189951.314199999], [-12691177.5976, 6189904.512100004], [-12691349.1404, 6189855.749600001], [-12691476.072, 6189838.740199998], [-12691590.2751, 6189802.2355], [-12691613.309700001, 6189789.523699999], [-12691689.4222, 6189770.456299998], [-12691782.9015, 6189713.972199999], [-12691908.8796, 6189632.2075999975], [-12692112.3424, 6189492.9881], [-12692237.685800001, 6189395.249300003], [-12692412.3487, 6189253.967299998], [-12692551.261599999, 6189136.494099997], [-12692688.264, 6189011.0983000025], [-12692744.7265, 6188946.478], [-12692786.398, 6188911.2359], [-12692812.2088, 6188878.222099997], [-12692818.0305, 6188823.607299998], [-12692829.5918, 6188752.770400003], [-12692846.1629, 6188728.120700002], [-12692863.4893, 6188722.635300003], [-12692870.443599999, 6188696.7676], [-12692871.362, 6188639.149300002], [-12692877.7053, 6188557.3244], [-12692876.5279, 6188486.994599998], [-12692906.0621, 6188386.657799996], [-12692955.5835, 6188307.9212], [-12693020.8372, 6188223.762699999], [-12693083.1937, 6188177.919799998], [-12693092.125799999, 6188171.353100002], [-12693097.0591, 6188168.950999998], [-12693111.697, 6188167.862599999], [-12693138.780299999, 6188169.3693], [-12693295.7512, 6188207.1228], [-12693382.3147, 6188213.784000002], [-12693435.5012, 6188224.8977999985], [-12693540.3335, 6188214.336199999], [-12693722.6147, 6188186.300399996], [-12693748.044599999, 6188182.080499999], [-12693752.2348, 6188181.3851], [-12693773.1294, 6188180.991400003], [-12693797.3267, 6188181.560699999], [-12693821.412999999, 6188179.327], [-12693840.9586, 6188171.658699997], [-12693856.5398, 6188166.700300001], [-12693869.711199999, 6188165.1558], [-12693883.7313, 6188166.859899998], [-12693895.0253, 6188168.2326000035], [-12693903.7049, 6188169.936999999], [-12693910.1566, 6188171.203900002], [-12693928.8749, 6188174.7984], [-12693944.119199999, 6188174.192000002], [-12693949.2774, 6188173.345899999], [-12693960.5532, 6188171.4965], [-12693985.321, 6188167.193300001], [-12694000.8277, 6188166.720700003], [-12694045.1953, 6188157.478], [-12694043.9305, 6188154.406499997], [-12694079.781, 6188144.906099997], [-12694123.627799999, 6188123.781800002], [-12694185.2405, 6188117.784900002], [-12694185.3577, 6188117.724200003], [-12694214.5407, 6188102.623999998], [-12694221.7136, 6188101.129600003], [-12694273.8517, 6188090.266599998], [-12694372.175900001, 6188056.362999998], [-12694475.5188, 6188050.357900001], [-12694489.1793, 6188053.434699997], [-12694557.6416, 6188050.706900001], [-12694619.0392, 6188030.6668], [-12694646.8752, 6188008.765600003], [-12694700.7016, 6187958.6391], [-12694728.9168, 6187946.318700001], [-12694768.4034, 6187936.747699998], [-12694788.8479, 6187929.534999996], [-12694796.2388, 6187914.846199997], [-12694831.5913, 6187881.449299999], [-12694862.9269, 6187867.404799998], [-12694891.0152, 6187851.8904], [-12694902.3869, 6187841.590999998], [-12694903.8354, 6187840.278999999], [-12694909.4871, 6187835.1602], [-12694920.378600001, 6187828.328500003], [-12694944.1335, 6187824.1822], [-12694972.3479, 6187811.861299999], [-12695012.2856, 6187773.483199999], [-12695041.2685, 6187740.3401999995], [-12695084.959800001, 6187716.206299998], [-12695114.8291, 6187705.418200001], [-12695159.3668, 6187674.015299998], [-12695161.801199999, 6187673.556299999], [-12695211.7196, 6187635.5792], [-12695241.0536, 6187591.226899996], [-12695249.6552, 6187566.894000001], [-12695271.818799999, 6187552.814900003], [-12695287.0561, 6187545.009800002], [-12695329.9569, 6187480.924699999], [-12695355.612599999, 6187434.320699997], [-12695393.9319, 6187345.230899997], [-12695417.056, 6187295.130400002], [-12695439.1713, 6187279.853799999], [-12695456.225200001, 6187257.582900003], [-12695474.0449, 6187224.486500002], [-12695490.1422, 6187208.2509], [-12695504.137, 6187199.295900002], [-12695515.8867, 6187194.028800003], [-12695530.9327, 6187181.433399998], [-12695534.8999, 6187160.884800002], [-12695605.8768, 6187111.271399997], [-12695643.2271, 6187088.189300001], [-12695702.739, 6187051.0276999995], [-12695747.871399999, 6187043.226300001], [-12695830.6353, 6187049.511799999], [-12695902.2251, 6187045.449100003], [-12695947.1668, 6187032.856600001], [-12696053.0979, 6186990.237300001], [-12696125.2641, 6186940.572999999], [-12696175.9388, 6186891.768600002], [-12696247.7698, 6186833.721600004], [-12696290.8008, 6186803.213600002], [-12696322.8955, 6186768.346199997], [-12696342.5742, 6186721.9826000035], [-12696366.313000001, 6186657.4663999975], [-12696389.382, 6186606.170199998], [-12696422.1449, 6186558.083800003], [-12696456.0537, 6186508.752300002], [-12696513.602400001, 6186422.494199999], [-12696570.7191, 6186355.442699999], [-12696634.1394, 6186266.5515], [-12696693.1646, 6186187.431299999], [-12696737.5285, 6186130.4859], [-12696759.638799999, 6186085.226499997], [-12696808.443, 6185989.727300003], [-12696841.3445, 6185945.234999999], [-12696895.065200001, 6185913.098999999], [-12696902.074, 6185907.249200001], [-12696934.0326, 6185887.8781], [-12696936.7554, 6185886.909400001], [-12697053.187800001, 6185808.2848000005], [-12697179.6456, 6185731.255500004], [-12697301.2479, 6185682.401600003], [-12697402.238400001, 6185666.352799997], [-12697454.808899999, 6185664.240699999], [-12697461.5726, 6185667.299500003], [-12697518.2507, 6185649.432300001], [-12697590.2534, 6185596.171999998], [-12697718.7883, 6185521.451399997], [-12697817.6697, 6185452.718900003], [-12697949.7815, 6185377.852300003], [-12698046.942499999, 6185325.975699998], [-12698162.6263, 6185258.962800004], [-12698252.579300001, 6185236.154200003], [-12698292.876600001, 6185227.336400002], [-12698325.5806, 6185208.031900004], [-12698344.3388, 6185168.903800003], [-12698364.3277, 6185142.166500002], [-12698375.1774, 6185132.886600003], [-12698424.6501, 6185174.062200002], [-12698492.363400001, 6185245.5057], [-12698508.3575, 6185287.8024], [-12698534.8455, 6185337.740599997], [-12698573.2531, 6185389.676899999], [-12698648.744199999, 6185505.535599999], [-12698700.3958, 6185563.465300001], [-12698725.3019, 6185583.500399999], [-12698798.4431, 6185621.935000002], [-12698885.1898, 6185662.5407000035], [-12698893.2452, 6185665.649599999], [-12698913.6246, 6185669.338299997], [-12698970.5739, 6185687.316699997], [-12699014.2791, 6185699.302500002], [-12699056.6601, 6185709.2907000035], [-12699097.2873, 6185714.487199999], [-12699136.4566, 6185715.779700004], [-12699191.4958, 6185713.072800003], [-12699234.0464, 6185706.476400003], [-12699292.85, 6185696.887900002], [-12699349.7585, 6185685.963200003], [-12699432.7901, 6185659.350199997], [-12699548.0132, 6185605.414800003], [-12699677.8046, 6185529.506099999], [-12699785.0812, 6185469.578900002], [-12699883.0869, 6185423.634900004], [-12699971.822, 6185399.664099999], [-12700051.2861, 6185387.678999998], [-12700155.913800001, 6185397.666699998], [-12700230.080400001, 6185423.634900004], [-12700296.3003, 6185463.586099997], [-12700420.794300001, 6185571.455499999], [-12700475.094700001, 6185623.392999999], [-12700504.2316, 6185679.325999998], [-12700524.0977, 6185727.269000001], [-12700533.587000001, 6185784.520900004], [-12700544.119199999, 6185821.857699998], [-12700580.813299999, 6185946.648599997], [-12700608.859299999, 6186092.8429000005], [-12700624.7522, 6186154.7722999975], [-12700648.591400001, 6186256.6570999995], [-12700683.0261, 6186406.489799999], [-12700728.0557, 6186622.253700003], [-12700756.271499999, 6186740.690499999], [-12700769.2052, 6186882.586800002], [-12700769.2936, 6186883.557499997], [-12700804.603, 6186997.2315], [-12700864.4692, 6187227.620399997], [-12700886.984000001, 6187305.5418], [-12700929.3649, 6187381.466200002], [-12700974.3945, 6187469.379299998], [-12701007.504700001, 6187505.3440999985], [-12701014.6033, 6187516.722499996], [-12701039.3101, 6187535.226400003], [-12701073.8523, 6187554.345700003], [-12701173.053399999, 6187609.252899997], [-12701236.6263, 6187641.212399997], [-12701410.123100001, 6187691.1642], [-12701538.59, 6187731.126100004], [-12701675.0035, 6187781.078900002], [-12701763.0088, 6187810.122900002], [-12701808.684700001, 6187828.216700003], [-12701869.6906, 6187866.998000003], [-12702032.592, 6187982.890299998], [-12702112.0563, 6188050.8279], [-12702117.4899, 6188056.110799998], [-12702187.5472, 6188138.748099998], [-12702204.933899999, 6188163.971699998], [-12702256.4162, 6188238.658399999], [-12702374.287999999, 6188418.499700002], [-12702436.5348, 6188518.413400002], [-12702490.8355, 6188596.346900001], [-12702495.2432, 6188602.642200001], [-12702526.5943, 6188624.323100001], [-12702572.9484, 6188642.307899997], [-12702677.5762, 6188678.277599998], [-12702795.4479, 6188706.253899999], [-12702902.7246, 6188728.235600002], [-12703039.1379, 6188732.232299998], [-12703147.7389, 6188720.242299996], [-12703169.6108, 6188716.655199997], [-12703183.4144, 6188710.632700004], [-12703477.4316, 6188624.305299997], [-12703698.3418, 6188557.1625000015], [-12703879.5202, 6188530.785099998], [-12703907.1274, 6188534.117700003], [-12704038.4484, 6188549.968500003], [-12704203.7338, 6188605.1215], [-12704257.7694, 6188648.2848000005], [-12704330.8765, 6188741.806599997], [-12704399.2155, 6188849.717500001], [-12704423.0548, 6188921.6586000025], [-12704432.5904, 6188998.3967999965], [-12704411.93, 6189051.154600002], [-12704381.7334, 6189089.5239999965], [-12704357.894299999, 6189123.0977], [-12704338.822999999, 6189161.467299998], [-12704321.3407, 6189216.624499999], [-12704321.5293, 6189220.32], [-12704307.491, 6189283.7346], [-12704309.9698, 6189298.5502], [-12704317.287999999, 6189342.2038], [-12704331.0899, 6189371.180100001], [-12704342.001400001, 6189394.088299997], [-12704399.2157, 6189511.600400001], [-12704461.1978, 6189607.529700004], [-12704573.5208, 6189770.974799998], [-12704575.4446, 6189775.425999999], [-12704609.8792, 6189847.375100002], [-12704637.691599999, 6189915.327600002], [-12704668.152800001, 6190025.252099998], [-12704694.6409, 6190151.167000003], [-12704709.2094, 6190259.095700003], [-12704711.7316, 6190297.1598000005], [-12704717.0724, 6190432.566500001], [-12704711.1974, 6190580.337399997], [-12704707.536600001, 6190672.417800002], [-12704696.443300001, 6190790.902099997], [-12704694.640999999, 6190798.759599999], [-12704680.072700001, 6190876.714000002], [-12704656.2333, 6190964.6633], [-12704628.421, 6191008.6382], [-12704559.5521, 6191108.582199998], [-12704506.576000001, 6191186.539300002], [-12704466.843899999, 6191240.5101], [-12704440.3558, 6191292.482199997], [-12704433.7338, 6191368.442199998], [-12704440.162700001, 6191398.360200003], [-12704456.430100001, 6191435.189800002], [-12704492.9836, 6191504.754299998], [-12704553.3765, 6191569.521399997], [-12704616.9478, 6191612.699900001], [-12704694.8225, 6191641.485699996], [-12704756.8047, 6191646.283399999], [-12704973.427299999, 6191618.7815999985], [-12705244.268, 6191584.331600003], [-12705305.1906, 6191570.338500001], [-12705407.1694, 6191542.352499999], [-12705535.6365, 6191510.368600003], [-12705630.9936, 6191496.375699997], [-12705707.808899999, 6191508.369599998], [-12705712.447, 6191512.120099999], [-12705780.3026, 6191535.938100003], [-12705786.3187, 6191538.1000000015], [-12705847.0526, 6191559.925999999], [-12705894.7309, 6191600.705700003], [-12705895.04, 6191601.301700003], [-12705926.5167, 6191627.092699997], [-12705958.302299999, 6191672.670299999], [-12705976.0227, 6191737.849399999], [-12705989.3563, 6191819.7042], [-12705980.306, 6191869.224200003], [-12705980.6358, 6191876.190700002], [-12705967.3916, 6191936.163099997], [-12705950.1745, 6191994.136799999], [-12705922.3621, 6192048.1127], [-12705876.0078, 6192142.071500003], [-12705844.2224, 6192188.051700003], [-12705810.4991, 6192224.418499999], [-12705782.0035, 6192245.925399996], [-12705747.541000001, 6192264.0195999965], [-12705705.1601, 6192280.012900002], [-12705652.1841, 6192276.014600001], [-12705613.7764, 6192256.0229], [-12705571.3956, 6192234.032200001], [-12705490.607, 6192200.046499997], [-12705413.7916, 6192186.052599996], [-12705370.0863, 6192188.051799998], [-12705363.940299999, 6192188.422799997], [-12705333.695, 6192199.836599998], [-12705330.3542, 6192200.046700001], [-12705281.351300001, 6192216.039899997], [-12705256.187800001, 6192236.031400003], [-12705227.051, 6192266.018799998], [-12705193.9408, 6192341.987400003], [-12705171.426, 6192399.9639], [-12705142.289099999, 6192539.908500001], [-12705098.583999999, 6192693.8505000025], [-12705065.474, 6192771.8222], [-12705045.607900001, 6192815.806400001], [-12704944.9534, 6192979.749799997], [-12704840.3257, 6193085.7151999995], [-12704837.818, 6193088.498599999], [-12704782.2333, 6193133.682400003], [-12704690.055, 6193215.256999999], [-12704628.4214, 6193269.657899998], [-12704564.501699999, 6193342.418700002], [-12704494.5732, 6193445.5891999975], [-12704413.52, 6193596.748199999], [-12704289.374400001, 6193751.526500002], [-12704230.5329, 6193830.930699997], [-12703971.8857, 6194216.740199998], [-12703962.6934, 6194263.799500003], [-12703963.752999999, 6194305.391800001], [-12703980.7053, 6194364.581600003], [-12703998.61, 6194422.9799000025], [-12704018.2392, 6194462.668799996], [-12704086.4595, 6194537.256300002], [-12704129.1219, 6194595.362499997], [-12704142.365899999, 6194639.356299996], [-12704148.988, 6194683.350100003], [-12704146.3391, 6194725.3445999995], [-12704125.1486, 6194785.336900003], [-12704098.6607, 6194839.330600001], [-12704004.6281, 6194933.320100002], [-12703856.2951, 6195061.307700001], [-12703801.9946, 6195093.304899998], [-12703764.9114, 6195111.303400002], [-12703700.0156, 6195105.303900003], [-12703668.2301, 6195099.304499999], [-12703657.8445, 6195102.086599998], [-12703631.0632, 6195102.0867], [-12703575.9682, 6195118.0852999985], [-12703539.944400001, 6195143.683300003], [-12703472.2184, 6195157.299599998], [-12703409.9715, 6195179.297899999], [-12703353.0222, 6195195.296599999], [-12703285.4779, 6195213.295400001], [-12703251.0434, 6195231.294200003], [-12703224.555300001, 6195243.293300003], [-12703216.8148, 6195252.2842999995], [-12703202.4516, 6195283.887500003], [-12703181.8261, 6195329.270400003], [-12703159.5761, 6195378.867600001], [-12703154.5517, 6195398.870399997], [-12703155.2237, 6195441.882299997], [-12703155.9925, 6195491.502700001], [-12703174.2281, 6195579.276799999], [-12703194.0941, 6195635.275399998], [-12703221.9066, 6195707.2742], [-12703241.772599999, 6195751.273500003], [-12703268.2606, 6195791.273100004], [-12703304.0195, 6195847.273100004], [-12703345.076000001, 6195903.273400001], [-12703416.5938, 6195995.274700001], [-12703468.2455, 6196057.2761999965], [-12703482.575, 6196080.797499999], [-12703521.932799999, 6196122.860699996], [-12703566.5657, 6196174.488700002], [-12703580.8196, 6196197.2809000015], [-12703604.6588, 6196257.283799998], [-12703623.2005, 6196321.287199996], [-12703627.173700001, 6196363.289800003], [-12703624.525, 6196419.293399997], [-12703599.3613, 6196505.299900003], [-12703553.007199999, 6196571.305299997], [-12703513.2752, 6196607.308600001], [-12703509.1111, 6196610.662699997], [-12703484.8495, 6196615.691799998], [-12703482.4512, 6196615.1076000035], [-12703455.6229, 6196608.5726], [-12703431.1621, 6196611.309], [-12703402.0254, 6196619.309699997], [-12703371.564199999, 6196625.310400002], [-12703301.3707, 6196653.313100003], [-12703232.502, 6196687.316299997], [-12703178.2015, 6196725.3204], [-12703161.787700001, 6196733.148400001], [-12703155.3383, 6196738.904100001], [-12703150.6132, 6196748.5380000025], [-12703149.0298, 6196750.210199997], [-12703073.204599999, 6196830.279799998], [-12703047.267099999, 6196948.529200003], [-12703056.8028, 6197143.757200003], [-12703087.0743, 6197260.3662], [-12703129.9322, 6197326.6000000015], [-12703166.007199999, 6197356.8081], [-12703179.989, 6197366.492700003], [-12703203.432799999, 6197361.8522000015], [-12703206.030299999, 6197363.320799999], [-12703211.6928, 6197361.011600003], [-12703247.808600001, 6197340.585100003], [-12703288.4241, 6197315.546300001], [-12703334.0129, 6197286.751900002], [-12703414.4151, 6197284.247900002], [-12703498.1328, 6197340.585000001], [-12703607.827100001, 6197443.768100001], [-12703622.0275, 6197463.887000002], [-12703623.2009, 6197467.430699997], [-12703635.1202, 6197503.437600002], [-12703648.3643, 6197545.446099997], [-12703647.04, 6197597.456799999], [-12703643.0667, 6197629.463500001], [-12703643.0667, 6197677.4736], [-12703641.617800001, 6197687.541699998], [-12703669.6168, 6197836.1647000015], [-12703705.354899999, 6197931.520499997], [-12703764.409, 6198016.619599998], [-12703828.046799999, 6198128.540100001], [-12703869.7841, 6198188.749300003], [-12703922.1118, 6198240.663800001], [-12704188.8556, 6198429.064300001], [-12704263.264, 6198470.609399997], [-12704315.8196, 6198503.055200003], [-12704359.9739, 6198528.4362], [-12704383.005800001, 6198579.137900002], [-12704392.2105, 6198663.874200001], [-12704384.5952, 6198739.991400003], [-12704369.6667, 6198794.866499998], [-12704336.9167, 6198915.253200002], [-12704274.934700001, 6199037.698399998], [-12704225.6668, 6199181.753899999], [-12704200.2383, 6199340.2179000005], [-12704203.417, 6199453.065200001], [-12704228.8456, 6199587.5233], [-12704263.809700001, 6199690.7695999965], [-12704300.3632, 6199750.7971], [-12704342.688000001, 6199794.6450999975], [-12704367.6721, 6199819.340000004], [-12704430.6844, 6199870.8532000035], [-12704464.548700001, 6199932.353600003], [-12704510.678399999, 6200086.558200002], [-12704524.9819, 6200165.7984], [-12704520.934, 6200265.693000004], [-12704520.2141, 6200283.459100001], [-12704518.5988, 6200321.289300002], [-12704510.5506, 6200350.473399997], [-12704505.252999999, 6200432.517499998], [-12704498.631, 6200512.561099999], [-12704485.3871, 6200574.595399998], [-12704462.8721, 6200632.627999999], [-12704437.7085, 6200692.662100002], [-12704405.922899999, 6200780.712899998], [-12704368.8397, 6200872.766900003], [-12704339.703, 6200962.820900001], [-12704329.2788, 6201102.027099997], [-12704346.2915, 6201235.154100001], [-12704379.4015, 6201337.219400004], [-12704409.896200001, 6201441.122699998], [-12704450.9528, 6201553.197300002], [-12704481.4095, 6201665.694600001], [-12704522.4659, 6201763.7623], [-12704572.793200001, 6201903.861100003], [-12704629.7424, 6202041.960699998], [-12704690.665, 6202156.0449], [-12704783.3732, 6202280.137999997], [-12704862.837299999, 6202372.2082], [-12704910.5158, 6202422.246699996], [-12704919.3398, 6202431.581699997], [-12704922.7502, 6202436.267099999], [-12704952.8968, 6202468.282499999], [-12705054.8757, 6202570.362800002], [-12705151.5571, 6202652.428000003], [-12705236.318799999, 6202724.486000001], [-12705325.0539, 6202794.543099999], [-12705494.577399999, 6202946.668799996], [-12705624.368700001, 6203054.759999998], [-12705747.5382, 6203170.859200001], [-12705828.3267, 6203248.926899999], [-12705856.1993, 6203273.654100001], [-12705914.4129, 6203337.004299998], [-12705976.6598, 6203397.057400003], [-12706024.338399999, 6203421.078699999], [-12706109.1, 6203455.109200001], [-12706219.0255, 6203489.139700003], [-12706315.7069, 6203503.1521999985], [-12706441.525, 6203511.159400001], [-12706511.7183, 6203519.166699998], [-12706601.7777, 6203527.174000002], [-12706693.1614, 6203537.182999998], [-12706813.682, 6203527.173900001], [-12706955.3931, 6203509.157700002], [-12707057.3719, 6203503.152099997], [-12707192.4611, 6203531.177500002], [-12707277.2228, 6203549.193700001], [-12707304.060800001, 6203560.970899999], [-12707331.624400001, 6203574.3244], [-12707420.3792, 6203620.3330999985], [-12707511.6466, 6203672.886], [-12707597.7327, 6203724.934], [-12707670.574900001, 6203770.976800002], [-12707732.8217, 6203805.008599997], [-12707776.5269, 6203837.038599998], [-12707820.2322, 6203889.087800004], [-12707865.262, 6203991.185000002], [-12707897.0477, 6204125.314599998], [-12707936.7798, 6204311.498000003], [-12707947.565200001, 6204369.301299997], [-12707962.1799, 6204433.410099998], [-12707971.0627, 6204480.4626], [-12707973.863, 6204539.728600003], [-12707977.836199999, 6204665.858599998], [-12707972.5387, 6204818.017700002], [-12707956.6459, 6204920.1263], [-12707926.1846, 6205036.2513], [-12707897.0478, 6205124.346900001], [-12707841.423, 6205234.467799999], [-12707755.3368, 6205342.587899998], [-12707671.8994, 6205422.677900001], [-12707571.2449, 6205490.754900001], [-12707478.5368, 6205546.818599999], [-12707407.0191, 6205588.866800003], [-12707364.6381, 6205620.9036], [-12707360.9375, 6205627.198100001], [-12707341.558899999, 6205639.783299997], [-12707335.8664, 6205663.744800001], [-12707335.5071, 6205666.279100001], [-12707324.906100001, 6205684.977499999], [-12707310.3378, 6205739.0402000025], [-12707309.0133, 6205843.1620000005], [-12707326.2306, 6205907.2377], [-12707354.0431, 6205983.328199998], [-12707389.8019, 6206029.383199997], [-12707430.8584, 6206063.424099997], [-12707481.185600001, 6206087.453000002], [-12707551.379, 6206113.484399997], [-12707552.999, 6206113.010300003], [-12707759.8704, 6206115.3977999985], [-12707867.9417, 6206117.8006], [-12708015.745000001, 6206122.606600001], [-12708312.0144, 6206164.6197], [-12708347.094999999, 6206156.407300003], [-12708397.6719, 6206143.520499997], [-12708433.4309, 6206139.515699998], [-12708482.4337, 6206147.525399998], [-12708579.1151, 6206155.535099998], [-12708661.2282, 6206167.549699999], [-12708739.367800001, 6206203.5933], [-12708816.1831, 6206225.620300002], [-12708836.8046, 6206226.302699998], [-12708836.9844, 6206226.363700002], [-12708927.993099999, 6206257.1701000035], [-12708964.9481, 6206279.081799999], [-12708983.057799999, 6206295.706], [-12709014.8434, 6206329.748199999], [-12709028.0876, 6206363.790299997], [-12709034.7095, 6206415.8549000025], [-12709030.736200001, 6206473.927100003], [-12709026.1254, 6206493.099600002], [-12709016.168, 6206519.984899998], [-12708991.0043, 6206556.030199997], [-12708961.8673, 6206598.0830999985], [-12708926.1086, 6206634.129000001], [-12708853.2665, 6206684.192699999], [-12708791.0196, 6206720.238700002], [-12708728.772599999, 6206756.284999996], [-12708678.4454, 6206786.323600002], [-12708557.9249, 6206862.421899997], [-12708504.948800001, 6206912.4868], [-12708491.0183, 6206925.035499997], [-12708405.1194, 6207035.759499997], [-12708404.9287, 6207036.233599998], [-12708404.2942, 6207036.649300002], [-12708376.4817, 6207098.731399998], [-12708346.0205, 6207164.8191], [-12708324.8299, 6207244.926200002], [-12708308.9373, 6207345.061099999], [-12708307.6128, 6207415.156199999], [-12708312.910500001, 6207495.265500002], [-12708330.127799999, 6207571.370200001], [-12708365.8867, 6207687.531199999], [-12708418.8627, 6207805.696500003], [-12708469.190000001, 6207889.815399997], [-12708507.5976, 6207917.854999997], [-12708545.0505, 6207927.620399997], [-12708546.5657, 6207929.783299997], [-12708619.6727, 6207934.590000004], [-12708691.4162, 6207926.883100003], [-12708705.0107, 6207926.883100003], [-12708809.2622, 6207928.9575999975], [-12708945.0638, 6207937.255400002], [-12709049.3156, 6207949.701700002], [-12709120.6458, 6207968.371699996], [-12709164.2551, 6207993.1027000025], [-12709200.26, 6208024.006499998], [-12709259.858199999, 6208070.0726], [-12709312.8344, 6208132.1620000005], [-12709367.1346, 6208210.275200002], [-12709367.1799, 6208210.319200002], [-12709368.9293, 6208215.2326000035], [-12709447.1182, 6208360.448399998], [-12709501.3812, 6208473.2875000015], [-12709510.1701, 6208500.702500001], [-12709523.4142, 6208568.804099999], [-12709526.063099999, 6208668.954599999], [-12709522.0899, 6208745.069700003], [-12709500.8994, 6208799.151900001], [-12709457.1942, 6208857.240699999], [-12709387.000799999, 6208917.332800001], [-12709284.527800001, 6208977.389600001], [-12709170.0282, 6209020.1743], [-12709154.1182, 6209024.368799999], [-12709020.509399999, 6209059.5934000015], [-12709012.2842, 6209064.258599997], [-12708940.6774, 6209081.5869999975], [-12708830.752, 6209075.5776999965], [-12708700.9606, 6209075.5776999965], [-12708519.5174, 6209079.583999999], [-12708432.1069, 6209069.568499997], [-12708407.1508, 6209064.392800003], [-12708406.995000001, 6209064.364600003], [-12708277.0299, 6209040.921300001], [-12708238.5979, 6209033.170900002], [-12708143.4608, 6209034.921999998], [-12708022.7606, 6209040.141500004], [-12707890.2014, 6209078.266000003], [-12707786.815299999, 6209111.8434000015], [-12707703.6457, 6209148.806199998], [-12707638.983, 6209189.113600001], [-12707637.535799999, 6209191.313500002], [-12707567.2724, 6209219.803599998], [-12707526.2158, 6209259.866599999], [-12707484.168499999, 6209314.7853000015], [-12707443.0165, 6209381.178099997], [-12707370.3146, 6209505.6657000035], [-12707314.0736, 6209613.556400001], [-12707272.9217, 6209717.298600003], [-12707268.460900001, 6209733.428499997], [-12707253.3892, 6209772.691100001], [-12707199.0885, 6209914.925399996], [-12707159.3566, 6210035.125100002], [-12707105.0561, 6210173.356799997], [-12707081.2168, 6210253.492200002], [-12707029.5651, 6210359.672600001], [-12706976.589200001, 6210433.799599998], [-12706954.9371, 6210452.119199999], [-12706908.0409, 6210476.731399998], [-12706820.2498, 6210485.031499997], [-12706689.9354, 6210455.980999999], [-12706577.4531, 6210418.6303], [-12706458.1124, 6210385.429899998], [-12706336.028099999, 6210348.079599999], [-12706321.2991, 6210343.305299997], [-12706292.6109, 6210346.7667], [-12706166.7603, 6210361.9221], [-12706149.7786, 6210369.0424000025], [-12706142.613699999, 6210368.829999998], [-12706038.362, 6210404.105300002], [-12705945.0841, 6210437.305799998], [-12705881.9846, 6210464.281199999], [-12705829.8586, 6210491.256800003], [-12705812.026, 6210503.707199998], [-12705783.219700001, 6210563.883900002], [-12705788.7066, 6210621.986000001], [-12705836.7174, 6210725.740599997], [-12705905.8127, 6210863.199100003], [-12705911.5419, 6210880.183399998], [-12705963.5356, 6210994.630800001], [-12706030.1318, 6211151.1477999985], [-12706117.9228, 6211313.015600003], [-12706131.1456, 6211435.235600002], [-12706126.3231, 6211657.987599999], [-12706150.1625, 6211810.272200003], [-12706185.9213, 6211990.6127], [-12706224.706, 6212136.261399999], [-12706292.7598, 6212296.352899998], [-12706378.7724, 6212417.671499997], [-12706445.8331, 6212509.2129999995], [-12706491.423, 6212586.410700001], [-12706538.3897, 6212630.2053999975], [-12706546.501, 6212640.479000002], [-12706645.6208, 6212724.579599999], [-12706774.0879, 6212854.839000002], [-12706894.6086, 6212930.991599999], [-12706995.2631, 6212991.112499997], [-12707022.874699999, 6213012.140699998], [-12707085.8963, 6213055.801899999], [-12707192.2511, 6213103.359899998], [-12707369.7686, 6213205.4169000015], [-12707498.4041, 6213281.159999996], [-12707701.0375, 6213399.4032000005], [-12707804.3411, 6213485.5814], [-12707907.8124, 6213572.935999997], [-12707981.153, 6213645.976099998], [-12707987.1745, 6213732.857199997], [-12707986.2793, 6213737.463600002], [-12707987.1085, 6213740.1131], [-12707977.8376, 6213850.345899999], [-12707951.3496, 6213944.545500003], [-12707927.510499999, 6214040.7509], [-12707908.968899999, 6214152.991700001], [-12707903.6712, 6214209.112499997], [-12707906.4302, 6214243.9076000005], [-12707917.5817, 6214281.329400003], [-12708066.7752, 6214389.902400002], [-12708322.0153, 6214482.149599999], [-12708600.1124, 6214637.819300003], [-12708600.4274, 6214638.128200002], [-12708780.431200001, 6214814.632700004], [-12708845.372200001, 6214904.6677], [-12708929.2884, 6215017.684100002], [-12708946.7817, 6215045.264700003], [-12708991.3486, 6215125.968099996], [-12709017.893199999, 6215174.036799997], [-12709130.91, 6215372.003600001], [-12709153.767099999, 6215546.910400003], [-12709165.196, 6215694.910999998], [-12709217.2598, 6215773.717799999], [-12709219.9452, 6215780.831], [-12709233.5486, 6215796.071800001], [-12709589.7719, 6216304.046999998], [-12709673.5833, 6216460.020999998], [-12709790.4934, 6216644.292800002], [-12709780.2491, 6216692.604000002], [-12709750.9365, 6216770.259099998], [-12709694.754, 6216827.576700002], [-12709667.884100001, 6216992.134999998], [-12709662.998599999, 6217095.679099999], [-12709672.7695, 6217178.884999998], [-12709675.183600001, 6217230.925800003], [-12709688.7893, 6217233.747500002], [-12709713.6524, 6217247.753300004], [-12709770.0885, 6217301.270999998], [-12709904.667, 6217389.528700002], [-12710088.8597, 6217513.466499999], [-12710278.634100001, 6217655.246299997], [-12710381.79, 6217757.580499999], [-12710481.3475, 6217878.166500002], [-12710622.940299999, 6218089.196199998], [-12710762.3207, 6218229.885399997], [-12710876.5588, 6218360.926200002], [-12710957.0109, 6218464.372699998], [-12710999.9432, 6218517.422600001], [-12711122.8517, 6218658.839599997], [-12711215.1354, 6218800.983900003], [-12711217.877500001, 6218804.318999998], [-12711218.0247, 6218804.755199999], [-12711252.364799999, 6218850.635700002], [-12711288.725, 6218898.555799998], [-12711347.978500001, 6218977.063500002], [-12711351.0965, 6218980.3574], [-12711374.2234, 6219016.809900001], [-12711380.0984, 6219059.0830999985], [-12711398.294, 6219127.365699999], [-12711413.0566, 6219193.188000001], [-12711412.2364, 6219247.8330999985], [-12711395.8335, 6219332.285499997], [-12711384.351300001, 6219467.659599997], [-12711386.1486, 6219501.677699998], [-12711387.632, 6219529.758599997], [-12711411.4164, 6219608.003700003], [-12711448.3233, 6219678.797700003], [-12711480.3094, 6219752.076200001], [-12711517.2163, 6219796.788900003], [-12711598.4113, 6219872.552500002], [-12711598.5186, 6219872.571599998], [-12711619.3437, 6219892.5735], [-12711655.001899999, 6219942.106700003], [-12711700.9305, 6219978.126100004], [-12711796.090300001, 6220067.774800003], [-12711875.5544, 6220139.980599999], [-12711939.125799999, 6220208.1756], [-12712011.968, 6220294.422899999], [-12712033.1582, 6220356.601800002], [-12712039.7804, 6220444.856399998], [-12712045.078, 6220501.0189], [-12712044.9633, 6220501.350400001], [-12712022.5632, 6220631.397699997], [-12711988.1288, 6220711.631800003], [-12711940.450199999, 6220781.837399997], [-12711882.1767, 6220817.943300001], [-12711815.9563, 6220872.102399997], [-12711698.084800001, 6220912.2205], [-12711652.339200001, 6220923.768100001], [-12711634.513500001, 6220928.267800003], [-12711590.808, 6220938.2973000035], [-12711562.9956, 6220938.297399998], [-12711492.8024, 6220958.3565], [-12711409.365, 6221020.5402000025], [-12711359.0378, 6221124.849399999], [-12711336.5229, 6221195.058499999], [-12711298.1153, 6221269.2798999995], [-12711272.6309, 6221321.950999998], [-12711254.41, 6221363.562200002], [-12711256.59, 6221373.467799999], [-12711250.5687, 6221416.262400001], [-12711261.163800001, 6221520.576399997], [-12711290.3007, 6221632.916199997], [-12711326.0596, 6221767.324699998], [-12711372.4137, 6221905.747400001], [-12711404.1994, 6221969.9441], [-12711462.4732, 6222088.308300003], [-12711507.5029, 6222138.463100001], [-12711535.507399999, 6222165.3298999965], [-12711539.596099999, 6222172.899599999], [-12711627.722199999, 6222257.967799999], [-12711666.431200001, 6222315.010499999], [-12711732.6512, 6222393.254100002], [-12711821.3861, 6222451.435999997], [-12711863.6307, 6222469.089599997], [-12711898.2015, 6222483.5363000035], [-12712016.0733, 6222539.712300003], [-12712070.1633, 6222560.197099999], [-12712121.0428, 6222571.314999998], [-12712144.4335, 6222574.100699998], [-12712185.8975, 6222579.0385000035], [-12712333.8633, 6222592.0559], [-12712412.283, 6222573.6743], [-12712622.687199999, 6222581.174000002], [-12712772.858, 6222619.9221], [-12712898.2753, 6222647.421099998], [-12713013.9789, 6222700.7007], [-12713035.9781, 6222722.851300001], [-12713047.4241, 6222729.123099998], [-12713157.548700001, 6222799.561800003], [-12713257.8845, 6222860.1149], [-12713428.3739, 6223003.466600001], [-12713506.6846, 6223113.453900002], [-12713536.789, 6223161.5264], [-12713631.712299999, 6223315.639300004], [-12713650.254, 6223369.814400002], [-12713663.498, 6223417.970299996], [-12713663.498, 6223466.126500003], [-12713648.9296, 6223508.263400003], [-12713635.685600001, 6223534.348200001], [-12713617.1439, 6223562.439599998], [-12713589.3314, 6223632.6686], [-12713562.8435, 6223684.839299999], [-12713529.7334, 6223751.056000002], [-12713515.1651, 6223815.266800001], [-12713464.8376, 6223937.6699], [-12713446.2961, 6223995.862300001], [-12713420.8454, 6224115.343699999], [-12713423.781399999, 6224196.528399996], [-12713427.7546, 6224252.715800002], [-12713431.6974, 6224329.535400003], [-12713444.9718, 6224433.320500001], [-12713458.2157, 6224511.583899997], [-12713472.991700001, 6224606.737499997], [-12713503.453, 6224726.743900001], [-12713528.2889, 6224846.7163999975], [-12713560.3481, 6225013.313299999], [-12713571.9349, 6225064.547899999], [-12713586.6829, 6225217.992600001], [-12713605.7028, 6225364.328000002], [-12713625.0907, 6225492.343800001], [-12713651.5787, 6225612.7641], [-12713671.444699999, 6225709.101599999], [-12713673.2405, 6225712.730300002], [-12713682.060800001, 6225794.024899997], [-12713691.337000001, 6225828.529799998], [-12713704.5548, 6225871.673799999], [-12713738.9893, 6225966.006999999], [-12713768.1261, 6226026.220200002], [-12713836.9951, 6226120.555399999], [-12713911.1617, 6226188.798500001], [-12713952.664099999, 6226218.467299998], [-12714001.221099999, 6226244.9991], [-12714194.583700001, 6226373.458700001], [-12714338.9437, 6226469.804899998], [-12714427.6785, 6226530.0217999965], [-12714512.440299999, 6226580.2029], [-12714577.335900001, 6226590.239], [-12714614.3169, 6226585.986699998], [-12714645.145399999, 6226573.980300002], [-12714740.5332, 6226472.886], [-12714788.1807, 6226442.7073], [-12714844.600499999, 6226408.986000001], [-12714889.100200001, 6226394.5342999995], [-12714963.7966, 6226363.221900001], [-12714974.0238, 6226360.172799997], [-12715109.2159, 6226319.866499998], [-12715205.3674, 6226287.350299999], [-12715252.3445, 6226289.507600002], [-12715409.0605, 6226327.293099999], [-12715525.607900001, 6226371.451300003], [-12715643.1683, 6226442.310800001], [-12715710.0856, 6226480.342500001], [-12715778.2603, 6226498.1219], [-12715780.895, 6226499.943999998], [-12715940.172600001, 6226592.898699999], [-12716076.640700001, 6226638.068499997], [-12716154.1263, 6226675.450099997], [-12716156.361, 6226676.528300002], [-12716252.7047, 6226716.696400002], [-12716383.8207, 6226780.929700002], [-12716469.1263, 6226825.901000001], [-12716505.6658, 6226845.1633], [-12716635.385499999, 6226910.5185], [-12716654.1837, 6226919.5874999985], [-12716727.721099999, 6226955.0638], [-12716850.324900001, 6227040.392300002], [-12716941.9735, 6227110.305299997], [-12717020.3781, 6227145.635200001], [-12717065.5207, 6227159.5044], [-12717106.1754, 6227160.467100002], [-12717154.0973, 6227154.7826000005], [-12717191.6397, 6227153.0317], [-12717207.5989, 6227152.2875000015], [-12717255.2773, 6227166.339299999], [-12717316.1998, 6227172.361299999], [-12717391.6908, 6227178.383400001], [-12717465.8573, 6227164.331699997], [-12717563.8631, 6227156.302100003], [-12717671.139600001, 6227166.339100003], [-12717750.6039, 6227204.479500003], [-12717812.8507, 6227230.5757], [-12717909.5321, 6227282.768200003], [-12718037.999, 6227332.9538], [-12718113.4924, 6227356.290899999], [-12718271.094, 6227646.118000001], [-12718300.4363, 6227707.333400004], [-12718401.0172, 6227862.069799997], [-12718451.3445, 6227962.447899997], [-12718518.8891, 6228119.0402000025], [-12718550.6747, 6228227.452100001], [-12718563.9187, 6228309.765600003], [-12718564.1546, 6228316.319399998], [-12718573.0579, 6228437.110299997], [-12718586.3018, 6228651.935500003], [-12718611.4655, 6228868.774099998], [-12718672.3912, 6229096.611000001], [-12718778.3435, 6229285.350199997], [-12718825.969700001, 6229362.478600003], [-12718829.991999999, 6229366.7206000015], [-12718925.3488, 6229453.061099999], [-12719015.408300001, 6229539.402400002], [-12719105.4676, 6229591.609300002], [-12719170.3633, 6229633.7764], [-12719249.8275, 6229637.792499997], [-12719316.0475, 6229647.8323], [-12719414.053399999, 6229629.760499999], [-12719482.9222, 6229583.577299997], [-12719525.303100001, 6229549.442199998], [-12719604.767099999, 6229509.283200003], [-12719663.0409, 6229519.322899997], [-12719717.341400001, 6229529.3627], [-12719800.7787, 6229557.473700002], [-12719839.1864, 6229589.601099998], [-12719866.9989, 6229661.888099998], [-12719877.5941, 6229734.175700001], [-12719878.9186, 6229820.519699998], [-12719876.2699, 6229876.7443], [-12719890.8382, 6229947.025600001], [-12719913.3529, 6230029.355999999], [-12719916.0537, 6230039.592299998], [-12719915.2105, 6230108.624399997], [-12719897.7284, 6230243.568599999], [-12719895.7529, 6230247.312700003], [-12719895.9252, 6230261.681400001], [-12719891.4486, 6230287.103600003], [-12719886.9969, 6230303.603699997], [-12719869.7797, 6230361.8396999985], [-12719837.9941, 6230468.272], [-12719794.289, 6230620.894299999], [-12719786.3424, 6230719.296899997], [-12719782.3693, 6230817.700499997], [-12719785.018, 6230922.130199999], [-12719785.868900001, 6230927.434500001], [-12719785.686999999, 6230968.259099998], [-12719781.0449, 6231010.494900003], [-12719770.4496, 6231169.151799999], [-12719763.8278, 6231249.485699996], [-12719755.881299999, 6231345.887000002], [-12719750.583700001, 6231410.155299999], [-12719717.4736, 6231520.617700003], [-12719673.7684, 6231659.199600004], [-12719657.8303, 6231702.596600004], [-12719615.4947, 6231817.868699998], [-12719582.3846, 6231928.336300001], [-12719573.1139, 6231974.532300003], [-12719554.5722, 6232052.865099996], [-12719550.599100001, 6232139.232900001], [-12719559.8699, 6232223.592799999], [-12719573.1139, 6232279.833499998], [-12719610.1972, 6232378.2553], [-12719661.8489, 6232460.608999997], [-12719696.3264, 6232508.145199999], [-12719702.7736, 6232519.7214], [-12719723.259, 6232548.848999999], [-12719723.9639, 6232549.851199999], [-12719768.9936, 6232600.068000004], [-12719780.4632, 6232609.697700001], [-12719792.9647, 6232623.310400002], [-12719890.9706, 6232729.770999998], [-12719941.2978, 6232794.049900003], [-12719946.2447, 6232797.154600002], [-12719951.7612, 6232806.963799998], [-12719999.4397, 6232845.129600003], [-12720036.5229, 6232885.304399997], [-12720084.2015, 6232927.4881], [-12720119.227400001, 6232968.112800002], [-12720126.5918, 6232997.6228], [-12720182.7402, 6233173.914899997], [-12720259.1544, 6233250.041199997], [-12720392.9191, 6233370.571800001], [-12720439.3421, 6233434.078000002], [-12720457.282200001, 6233454.777000003], [-12720521.386, 6233489.0951000005], [-12720578.3353, 6233595.566600002], [-12720628.662700001, 6233691.994499996], [-12720692.234000001, 6233790.432800002], [-12720811.4302, 6233892.8901999965], [-12720939.8972, 6233989.321900003], [-12721078.9596, 6234091.781499997], [-12721102.2626, 6234110.5911], [-12721279.3453, 6234225.3904], [-12721316.4285, 6234259.142700002], [-12721332.264, 6234284.840300001], [-12721341.694, 6234321.0798999965], [-12721356.8776, 6234359.4684000015], [-12721357.3704, 6234360.411200002], [-12721365.4189, 6234402.078900002], [-12721395.3598, 6234478.384999998], [-12721431.118700001, 6234586.8781], [-12721435.092, 6234719.482699998], [-12721419.199, 6234779.758100003], [-12721358.2766, 6234930.448600002], [-12721343.6882, 6234965.8596], [-12721337.086199999, 6234988.716499999], [-12721300.624, 6235099.942000002], [-12721300.3602, 6235102.813100003], [-12721300.3602, 6235288.283699997], [-12721310.6706, 6235362.026100002], [-12721320.3581, 6235390.3957], [-12721351.911899999, 6235443.218099996], [-12721365.1978, 6235478.096000001], [-12721421.9801, 6235751.399400003], [-12721456.4144, 6235914.164099999], [-12721456.4144, 6236181.426200002], [-12721459.063299999, 6236265.826399997], [-12721457.739, 6236388.409599997], [-12721459.4118, 6236393.002899997], [-12721458.6778, 6236398.179499999], [-12721460.266800001, 6236446.409400001], [-12721460.930100001, 6236448.421400003], [-12721461.794300001, 6236455.439999998], [-12721464.361, 6236603.4362], [-12721461.7121, 6236742.101099998], [-12721468.3342, 6236937.039999999], [-12721474.9563, 6237045.564599998], [-12721486.8759, 6237166.1489999965], [-12721500.120000001, 6237338.989600003], [-12721514.6884, 6237439.479999997], [-12721550.4473, 6237616.345899999], [-12721589.0417, 6237765.604199998], [-12721593.1204, 6237787.0961000025], [-12721609.0888, 6237820.5217999965], [-12721639.7143, 6237884.704700001], [-12721679.8192, 6237931.182400003], [-12721735.2366, 6237987.619999997], [-12721797.2169, 6238055.124200001], [-12721800.3422, 6238064.017499998], [-12721805.0339, 6238067.666199997], [-12721843.5481, 6238129.942100003], [-12721906.3795, 6238195.415799998], [-12721914.658, 6238217.315700002], [-12721946.443599999, 6238267.566], [-12721950.6888, 6238274.241099998], [-12722093.4523, 6238498.7211000025], [-12722198.0802, 6238683.649400003], [-12722255.0295, 6238796.216600001], [-12722297.4103, 6238860.541299999], [-12722351.7108, 6238934.917499997], [-12722416.6066, 6239003.263700001], [-12722476.2126, 6239037.3235], [-12722529.1807, 6239067.5898], [-12722639.1061, 6239147.9987], [-12722684.1359, 6239196.244099997], [-12722735.7876, 6239272.633299999], [-12722776.844, 6239322.889899999], [-12722848.3618, 6239361.085100003], [-12722918.555, 6239375.156900004], [-12723004.6412, 6239381.187799998], [-12723089.403, 6239371.136200003], [-12723096.9958, 6239367.614799999], [-12723118.886300001, 6239365.362099998], [-12723204.707600001, 6239350.8882], [-12723247.5576, 6239347.689400002], [-12723351.6345, 6239383.197999999], [-12723362.4091, 6239403.831100002], [-12723443.0985, 6239558.347999997], [-12723470.1179, 6239606.598700002], [-12723470.161, 6239606.767300002], [-12723492.367600001, 6239640.372500002], [-12723510.3611, 6239671.546700001], [-12723548.898400001, 6239726.387699999], [-12723548.9705, 6239726.962700002], [-12723570.161, 6239755.108000003], [-12723597.9735, 6239791.2946000025], [-12723678.762, 6239823.4608], [-12723752.9285, 6239841.554200001], [-12723827.094999999, 6239849.595700003], [-12723885.3688, 6239825.471000001], [-12723959.5352, 6239785.263499998], [-12724007.917399999, 6239762.9837], [-12724077.407, 6239730.983499996], [-12724191.3055, 6239726.9626], [-12724258.850200001, 6239745.056000002], [-12724321.097, 6239775.211599998], [-12724374.0732, 6239829.491800003], [-12724401.8856, 6239917.949199997], [-12724420.427299999, 6240006.407700002], [-12724431.3564, 6240053.7929000035], [-12724443.0519, 6240149.9048999995], [-12724448.8904, 6240188.881300002], [-12724449.564100001, 6240189.3587], [-12724498.5671, 6240326.071699999], [-12724550.2187, 6240378.344899997], [-12724633.860399999, 6240451.216600001], [-12724663.8015, 6240469.3977999985], [-12724779.3052, 6240511.079300001], [-12724789.8968, 6240514.901299998], [-12724812.450199999, 6240513.050700001], [-12724895.8876, 6240523.1032000035], [-12724972.703, 6240539.187700003], [-12725017.7328, 6240537.177199997], [-12725025.196899999, 6240535.809600003], [-12725094.548, 6240523.1032000035], [-12725170.5753, 6240485.054300003], [-12725232.285799999, 6240436.649899997], [-12725540.9533, 6240402.7277000025], [-12725698.2922, 6240417.203299999], [-12725834.9704, 6240499.233199999], [-12725943.0418, 6240595.740000002], [-12726005.023699999, 6240670.533500001], [-12726017.5197, 6240701.359700002], [-12726025.6029, 6240712.097000003], [-12726045.4687, 6240754.319499999], [-12726052.0909, 6240840.776000001], [-12726033.5493, 6240933.2654], [-12725985.8708, 6241063.958499998], [-12725948.7876, 6241222.803599998], [-12725932.8948, 6241339.426100001], [-12725944.814399999, 6241460.071500003], [-12725955.419300001, 6241483.9454], [-12725983.2221, 6241546.5352], [-12726038.847, 6241614.902500004], [-12726132.8796, 6241705.389399998], [-12726196.4508, 6241773.7579], [-12726293.132199999, 6241830.061700001], [-12726416.3017, 6241868.268100001], [-12726502.3878, 6241914.518200003], [-12726597.6508, 6241972.750600003], [-12726623.3587, 6241981.571500003], [-12726648.683600001, 6241997.6237], [-12726682.058400001, 6242031.406999998], [-12726720.2012, 6242062.777099997], [-12726763.1118, 6242113.452399999], [-12726815.5582, 6242188.259000003], [-12726837.7573, 6242244.437299997], [-12726849.3812, 6242268.440700002], [-12726878.518199999, 6242373.011500001], [-12726902.3574, 6242485.627700001], [-12726927.5211, 6242606.289399996], [-12726947.3871, 6242706.842299998], [-12726959.862300001, 6242799.664899997], [-12726960.4613, 6242801.3627], [-12726984.4704, 6243004.485699996], [-12727026.851300001, 6243304.150700003], [-12727034.7977, 6243390.633199997], [-12727050.6907, 6243551.533299997], [-12727058.637, 6243644.052199997], [-12727081.1519, 6243748.639700003], [-12727111.6131, 6243813.002099998], [-12727144.723299999, 6243867.308300003], [-12727240.0802, 6243921.614799999], [-12727276.5227, 6243927.5983000025], [-12727338.086, 6243937.705700003], [-12727344.8856, 6243938.620499998], [-12727398.825199999, 6243935.548799999], [-12727611.789099999, 6243918.653499998], [-12727750.056699999, 6243933.134999998], [-12727750.9437, 6243933.927500002], [-12727767.5389, 6243933.1351], [-12727794.0367, 6243951.888800003], [-12727870.4956, 6243985.978299998], [-12727938.040199999, 6244032.240099996], [-12728073.1292, 6244128.786899999], [-12728155.2422, 6244209.243600003], [-12728240.0038, 6244307.803999998], [-12728304.8997, 6244384.239299998], [-12728363.1734, 6244482.801899999], [-12728379.0662, 6244551.1928], [-12728390.9896, 6244620.612099998], [-12728395.3057, 6244635.5308], [-12728397.9749, 6244646.9142], [-12728424.095800001, 6244784.5308], [-12728437.3398, 6244891.144199997], [-12728434.6912, 6245021.898400001], [-12728417.4739, 6245120.4683], [-12728386.6128, 6245204.083999999], [-12728368.471099999, 6245253.237599999], [-12728306.2242, 6245343.763300002], [-12728222.7868, 6245438.313699998], [-12728208.2183, 6245450.384000003], [-12728147.2958, 6245522.806299999], [-12728102.688900001, 6245568.5879999995], [-12728094.931400001, 6245591.462300003], [-12728061.2099, 6245693.805500001], [-12728041.3438, 6245822.5603], [-12728037.8982, 6245986.230099998], [-12728037.743700001, 6246008.589100003], [-12728020.1534, 6246078.063900001], [-12727961.879700001, 6246198.776799999], [-12727918.1745, 6246297.360299997], [-12727905.6645, 6246318.898400001], [-12727864.1884, 6246365.623099998], [-12727833.3529, 6246415.2217999995], [-12727821.2606, 6246437.265900001], [-12727807.519000001, 6246457.581299998], [-12727767.539099999, 6246617.518700004], [-12727753.9487, 6246733.958499998], [-12727759.5845, 6246739.951800004], [-12727820.1687, 6246804.379699998], [-12727842.683600001, 6246822.4881], [-12727883.7401, 6246842.608599998], [-12727945.987, 6246868.7651999965], [-12728004.2608, 6246874.801399998], [-12728098.2934, 6246890.8977999985], [-12728247.9508, 6246894.9221], [-12728302.1383, 6246901.701700002], [-12728360.525, 6246909.006300002], [-12728499.5872, 6246985.4651999995], [-12728568.456, 6247057.9004999995], [-12728657.191100001, 6247162.5304000005], [-12728760.4945, 6247295.331699997], [-12728906.206799999, 6247452.753200002], [-12728925.941599999, 6247474.073700003], [-12728929.305, 6247477.087200001], [-12728955.181699999, 6247544.843000002], [-12729004.1846, 6247653.503600001], [-12729026.6993, 6247758.140699998], [-12729047.8898, 6247870.828400001], [-12729053.1874, 6247975.4684000015], [-12729046.5656, 6248072.060400002], [-12729045.241, 6248138.4679000005], [-12729046.565499999, 6248184.7522], [-12729046.3294, 6248187.173299998], [-12729047.889899999, 6248231.036899999], [-12729046.565499999, 6248323.607000001], [-12729049.2143, 6248464.476099998], [-12729067.7559, 6248589.248000003], [-12729073.642099999, 6248625.919500001], [-12729094.2441, 6248683.834600002], [-12729127.3541, 6248748.234300002], [-12729157.8154, 6248802.572300002], [-12729184.303399999, 6248842.8226], [-12729210.7915, 6248875.023000002], [-12729219.870000001, 6248890.132700004], [-12729253.1724, 6248925.336400002], [-12729302.1752, 6248967.600100003], [-12729389.5858, 6249025.964400001], [-12729466.4012, 6249088.354199998], [-12729555.1361, 6249170.8706], [-12729641.2223, 6249281.564400002], [-12729644.7579, 6249285.897399999], [-12729646.5198, 6249291.627499998], [-12729709.6394, 6249391.550399996], [-12729730.7854, 6249427.2700999975], [-12729745.1185, 6249465.993000001], [-12729760.563099999, 6249520.156400003], [-12729762.0103, 6249531.154200003], [-12729764.3917, 6249549.248499997], [-12729764.3917, 6249613.654799998], [-12729757.7696, 6249706.240099996], [-12729740.5525, 6249772.6603000015], [-12729700.8204, 6249859.208899997], [-12729643.871100001, 6249949.784000002], [-12729575.0023, 6250014.193400003], [-12729450.5085, 6250072.564900003], [-12729344.556200001, 6250078.603399999], [-12729250.5238, 6250042.372900002], [-12729185.6281, 6250022.244800001], [-12729147.2203, 6250016.206299998], [-12729107.4883, 6250024.2575], [-12729090.271, 6250048.4113000035], [-12729079.675900001, 6250086.654600002], [-12729069.0806, 6250145.026600003], [-12729081.0002, 6250217.489], [-12729100.8662, 6250263.7848000005], [-12729103.2707, 6250267.877499998], [-12729113.564100001, 6250280.493799999], [-12729161.1697, 6250351.782799996], [-12729240.2793, 6250429.456500001], [-12729243.3654, 6250434.147], [-12729263.0055, 6250448.773800001], [-12729390.3292, 6250539.2304000035], [-12729449.1841, 6250571.758500002], [-12729561.758299999, 6250626.107900001], [-12729740.5527, 6250696.561499998], [-12729900.805300001, 6250752.924500003], [-12730001.459800001, 6250779.0933], [-12730070.3287, 6250791.171300001], [-12730140.5222, 6250795.197400004], [-12730226.6083, 6250750.911499999], [-12730275.611200001, 6250740.846600004], [-12730319.3165, 6250720.716799997], [-12730409.375599999, 6250656.302100003], [-12730528.571899999, 6250601.952299997], [-12730670.2831, 6250561.693499997], [-12730757.3015, 6250543.065700002], [-12730873.509399999, 6250532.777000003], [-12730939.6328, 6250529.535099998], [-12730970.1281, 6250531.006399997], [-12731050.9166, 6250537.045199998], [-12731127.6728, 6250556.488600001], [-12731173.5557, 6250577.796999998], [-12731207.9902, 6250601.952299997], [-12731242.424800001, 6250634.1592999995], [-12731283.4812, 6250708.638899997], [-12731302.0228, 6250760.976400003], [-12731324.537700001, 6250821.365999997], [-12731336.4573, 6250877.7299000025], [-12731343.0794, 6250980.394199997], [-12731349.701299999, 6251026.693999998], [-12731340.430599999, 6251068.968000002], [-12731319.2401, 6251123.320600003], [-12731249.046799999, 6251225.9877], [-12731160.311900001, 6251356.8398], [-12731075.5502, 6251465.549000002], [-12731044.6579, 6251507.289300002], [-12730934.4872, 6251624.2007], [-12730893.659, 6251667.526100002], [-12730821.5274, 6251736.776100002], [-12730804.0477, 6251755.4476], [-12730751.0717, 6251840.0031], [-12730723.2593, 6251928.586000003], [-12730696.771200001, 6252023.2097999975], [-12730664.9856, 6252150.047499999], [-12730661.122000001, 6252165.641599998], [-12730617.1238, 6252281.170599997], [-12730592.9974, 6252376.532799996], [-12730561.499200001, 6252501.030599996], [-12730547.9239, 6252628.031999998], [-12730547.1138, 6252659.430500001], [-12730560.357900001, 6252746.008599997], [-12730571.061, 6252787.3134], [-12730614.4758, 6252885.941600002], [-12730645.7812, 6252956.522600003], [-12730651.7418, 6252977.558899999], [-12730688.825, 6253068.1674000025], [-12730732.5304, 6253172.8715], [-12730760.3427, 6253253.413999997], [-12730785.5064, 6253311.807999998], [-12730823.914099999, 6253384.297499999], [-12730871.592500001, 6253458.800999999], [-12730940.4615, 6253525.250799999], [-12730986.8156, 6253565.523599997], [-12731115.2826, 6253646.07], [-12731187.208, 6253679.410999998], [-12731239.5933, 6253691.433300003], [-12731330.182300001, 6253679.351300001], [-12731428.717799999, 6253643.105300002], [-12731517.7177, 6253587.5282000005], [-12731621.0211, 6253546.449699998], [-12731735.4495, 6253536.784199998], [-12731818.0921, 6253544.033200003], [-12731905.502700001, 6253587.528099999], [-12731953.181200001, 6253621.3576000035], [-12731986.556, 6253657.603399999], [-12732032.6453, 6253715.597400002], [-12732051.285799999, 6253761.9026999995], [-12732096.6647, 6253845.425300002], [-12732131.0992, 6253932.0154], [-12732174.8044, 6254004.510300003], [-12732225.1317, 6254095.129600003], [-12732258.241700001, 6254137.419], [-12732311.2179, 6254205.887699999], [-12732352.2744, 6254256.233099997], [-12732429.0898, 6254399.215000004], [-12732462.1997, 6254485.810800001], [-12732478.0926, 6254542.199100003], [-12732487.363400001, 6254602.615999997], [-12732495.3099, 6254667.060599998], [-12732495.3099, 6254703.311300002], [-12732478.0926, 6254765.742899999], [-12732462.1998, 6254801.993799999], [-12732423.7922, 6254854.3565], [-12732372.1405, 6254906.7195999995], [-12732276.7837, 6254959.0825999975], [-12732165.5338, 6254991.306500003], [-12731988.064, 6255021.516400002], [-12731872.483199999, 6255033.137000002], [-12731754.521, 6255035.065899998], [-12731551.092799999, 6255059.233800001], [-12731427.1287, 6255056.817299999], [-12731299.986200001, 6255059.233900003], [-12731296.7161, 6255059.432899997], [-12731204.6292, 6255107.570200004], [-12731121.986499999, 6255218.744499996], [-12731104.5045, 6255286.416599996], [-12731104.5045, 6255354.089299999], [-12731105.757, 6255386.471900001], [-12731106.0121, 6255388.071500003], [-12731127.2026, 6255458.564499997], [-12731149.7173, 6255510.931299999], [-12731166.9346, 6255545.1712], [-12731193.4225, 6255579.4113000035], [-12731226.2716, 6255617.949100003], [-12731253.8971, 6255644.120899998], [-12731363.0158, 6255716.839500003], [-12731539.091699999, 6255877.5075], [-12731582.977, 6255907.4733000025], [-12731686.1003, 6256038.6448], [-12731724.1048, 6256131.4750000015], [-12731737.7521, 6256193.742299996], [-12731747.0229, 6256240.070699997], [-12731749.6717, 6256286.3994999975], [-12731737.752, 6256366.971699998], [-12731725.8325, 6256459.6307], [-12731704.6422, 6256556.319300003], [-12731680.048, 6256698.071999997], [-12731679.825, 6256702.820200004], [-12731668.7001, 6256823.685000002], [-12731669.1482, 6256912.961400002], [-12731693.3041, 6257021.3495000005], [-12731695.184999999, 6257025.866899997], [-12731723.1838, 6257080.068999998], [-12731760.267099999, 6257150.576200001], [-12731794.7015, 6257223.0986], [-12731859.5971, 6257309.7233000025], [-12731956.2786, 6257384.261600003], [-12732032.957600001, 6257429.411399998], [-12732087.3945, 6257444.6985], [-12732146.9927, 6257462.829700001], [-12732223.807799999, 6257466.858800001], [-12732311.2184, 6257456.785899997], [-12732372.1409, 6257450.742200002], [-12732438.361, 6257448.7277000025], [-12732466.1734, 6257460.814999998], [-12732516.500799999, 6257499.092], [-12732557.5572, 6257549.456799999], [-12732593.3162, 6257591.763300002], [-12732607.8846, 6257632.055600002], [-12732633.0482, 6257704.5820999965], [-12732644.9677, 6257789.197099999], [-12732656.8875, 6257871.7984], [-12732646.292399999, 6258055.135499999], [-12732622.453, 6258155.872000001], [-12732617.748100001, 6258165.892200001], [-12732586.775899999, 6258254.045900002], [-12732542.0885, 6258340.869499996], [-12732541.063000001, 6258342.791699998], [-12732524.794, 6258430.541199997], [-12732521.8606, 6258482.9760000035], [-12732517.8254, 6258496.369900003], [-12732509.878899999, 6258568.903700002], [-12732503.256900001, 6258625.319499999], [-12732484.715300001, 6258701.884199999], [-12732460.8762, 6258758.300800003], [-12732405.2511, 6258828.821900003], [-12732328.435899999, 6258919.493000001], [-12732264.8646, 6258957.776600003], [-12732221.1593, 6258994.045299999], [-12732210.568300001, 6259003.713399999], [-12732148.134, 6259090.617399998], [-12732132.0833, 6259120.898100004], [-12732127.126699999, 6259135.0923999995], [-12732105.9363, 6259231.811700001], [-12732104.6119, 6259241.886699997], [-12732105.9363, 6259288.231700003], [-12732115.2072, 6259330.546999998], [-12732143.0197, 6259390.998000003], [-12732168.1833, 6259425.253700003], [-12732231.7545, 6259477.644900002], [-12732308.569899999, 6259497.795500003], [-12732397.3048, 6259505.855599999], [-12732474.1202, 6259503.840499997], [-12732489.7231, 6259502.103600003], [-12732585.1868, 6259475.080899999], [-12732725.0436, 6259436.392099999], [-12732842.650600001, 6259424.301700003], [-12732966.614500001, 6259450.9001], [-12733059.7392, 6259491.382200003], [-12733100.5624, 6259523.991099998], [-12733132.3481, 6259560.262400001], [-12733154.863, 6259594.518700004], [-12733172.0803, 6259634.8204], [-12733191.9461, 6259693.258299999], [-12733207.8391, 6259771.8478000015], [-12733215.785500001, 6259826.256399997], [-12733215.785500001, 6259866.5594], [-12733210.488, 6259918.953100003], [-12733170.755800001, 6259985.453900002], [-12733097.9137, 6260066.0612], [-12733029.045, 6260116.441200003], [-12733022.9186, 6260121.741899997], [-12732949.1327, 6260161.839400001], [-12732810.8652, 6260234.387500003], [-12732540.686999999, 6260319.027800001], [-12732535.9588, 6260319.784999996], [-12732532.3939, 6260321.994900003], [-12732431.739500001, 6260338.116999999], [-12732337.7069, 6260370.361400001], [-12732303.2171, 6260377.627899997], [-12732192.0227, 6260432.834899999], [-12732172.1566, 6260455.0031], [-12732160.237, 6260479.186399996], [-12732149.6417, 6260533.599699996], [-12732145.668499999, 6260590.028399996], [-12732152.2907, 6260636.380900003], [-12732162.8859, 6260680.718199998], [-12732219.8352, 6260763.347599998], [-12732231.184, 6260773.3882], [-12732290.1102, 6260802.703100003], [-12732417.252799999, 6260854.296599999], [-12732605.8477, 6260880.093500003], [-12732868.609000001, 6260873.644299999], [-12733050.846900001, 6260883.318000004], [-12733228.4067, 6260902.8169], [-12733246.8376, 6260908.062700003], [-12733256.5438, 6260908.308799997], [-12733297.8652, 6260925.238200001], [-12733369.3829, 6260973.607900001], [-12733406.3441, 6261008.988399997], [-12733432.9877, 6261049.5336000025], [-12733511.1274, 6261184.568400003], [-12733562.779199999, 6261339.760399997], [-12733587.9429, 6261474.799800001], [-12733595.398699999, 6261517.3499], [-12733595.8892, 6261525.188299999], [-12733603.8356, 6261595.7326000035], [-12733593.8719, 6261658.071599998], [-12733579.9965, 6261698.5266999975], [-12733527.0203, 6261799.306500003], [-12733486.8402, 6261861.241599999], [-12733438.3671, 6261924.129299998], [-12733405.7868, 6261989.4362], [-12733381.9475, 6262042.649599999], [-12733356.519000001, 6262116.826499999], [-12733333.2097, 6262232.930600002], [-12733326.8526, 6262329.6853], [-12733345.9239, 6262394.189099997], [-12733381.947700001, 6262452.242799997], [-12733439.1617, 6262513.5222999975], [-12733463.6632, 6262537.002300002], [-12733521.7359, 6262583.1657000035], [-12733635.0787, 6262646.059600003], [-12733772.046799999, 6262708.105700001], [-12733839.4483, 6262738.213299997], [-12733854.6782, 6262750.233099997], [-12733935.466699999, 6262812.724100001], [-12734003.0112, 6262869.168099999], [-12734055.987300001, 6262933.676100001], [-12734095.7195, 6263004.232000001], [-12734146.046799999, 6263171.553099997], [-12734183.1301, 6263278.398199998], [-12734204.0762, 6263377.086000003], [-12734209.618, 6263393.308700003], [-12734258.621, 6263611.038199998], [-12734275.8383, 6263760.226499997], [-12734306.9104, 6263951.297200002], [-12734311.0667, 6263994.588100001], [-12734320.3377, 6264047.007700004], [-12734369.3405, 6264143.783399999], [-12734435.560600001, 6264224.430299997], [-12734501.7807, 6264284.916100003], [-12734545.2246, 6264312.611400001], [-12734564.0276, 6264337.337300003], [-12734618.3281, 6264403.872599997], [-12734689.846, 6264480.489699997], [-12734740.1732, 6264559.1237], [-12734771.9588, 6264591.384000003], [-12734775.8592, 6264596.071900003], [-12734791.831500001, 6264626.786899999], [-12734812.491999999, 6264665.499499999], [-12734831.5571, 6264710.3451000005], [-12734852.747499999, 6264754.703599997], [-12734877.9111, 6264811.160700001], [-12734928.238400001, 6264869.634300001], [-12734982.5389, 6264907.944700003], [-12735022.271, 6264922.059299998], [-12735076.5715, 6264918.026500002], [-12735128.2231, 6264911.977499999], [-12735166.6307, 6264895.846699998], [-12735202.389600001, 6264881.732199997], [-12735203.730999999, 6264882.699699998], [-12735337.4786, 6264861.568800002], [-12735442.1066, 6264835.356399998], [-12735610.305599999, 6264805.111599997], [-12735716.2577, 6264774.866800003], [-12735719.7018, 6264772.9133], [-12735720.7672, 6264772.7667], [-12735825.659699999, 6264771.153800003], [-12735914.659699999, 6264779.218900003], [-12735980.3498, 6264796.9624999985], [-12736034.385499999, 6264829.2238000035], [-12736089.4808, 6264867.937299997], [-12736149.873399999, 6264916.329700001], [-12736182.4723, 6264947.3488000035], [-12736211.5843, 6264990.6153], [-12736220.854899999, 6265032.959100001], [-12736212.908599999, 6265123.696599998], [-12736214.233, 6265202.3367], [-12736228.8014, 6265270.895000003], [-12736256.614, 6265367.684600003], [-12736306.9412, 6265488.673], [-12736358.5929, 6265571.349399999], [-12736361.3224, 6265574.7717999965], [-12736367.71, 6265607.935800001], [-12736432.841, 6265716.796599999], [-12736443.4363, 6265807.137999997], [-12736452.972, 6265891.833999999], [-12736438.668499999, 6265986.210699998], [-12736379.865, 6266133.827500001], [-12736309.9365, 6266276.606799997], [-12736284.3629, 6266352.4036], [-12736285.610100001, 6266393.884099998], [-12736301.6437, 6266486.8928999975], [-12736321.5098, 6266559.495399997], [-12736338.727, 6266609.914099999], [-12736373.1614, 6266686.551100001], [-12736406.2716, 6266736.970700003], [-12736451.301199999, 6266785.373400003], [-12736518.8459, 6266839.827299997], [-12736602.2831, 6266886.2141999975], [-12736660.556699999, 6266908.3989999965], [-12736720.1549, 6266922.516800001], [-12736794.3214, 6266940.668200001], [-12736843.3243, 6266942.685099997], [-12736918.815299999, 6266934.617799997], [-12736981.0621, 6266926.550499998], [-12737051.2553, 6266900.331699997], [-12737113.5022, 6266870.079300001], [-12737167.8028, 6266823.692699999], [-12737214.1568, 6266775.289399996], [-12737272.430599999, 6266732.936800003], [-12737351.8947, 6266700.668499999], [-12737463.1445, 6266712.769100003], [-12737518.7694, 6266732.936800003], [-12737519.188099999, 6266732.8094], [-12737541.101, 6266744.488200001], [-12737759.0949, 6266998.8737], [-12737782.024, 6267031.296800002], [-12737791.5596, 6267092.609399997], [-12737791.5596, 6267132.946900003], [-12737786.2621, 6267202.327799998], [-12737774.6073, 6267262.028099999], [-12737740.7028, 6267373.362300001], [-12737700.2126, 6267461.0273], [-12737649.8854, 6267547.756899998], [-12737607.5045, 6267636.504299998], [-12737559.8259, 6267713.150799997], [-12737535.9869, 6267757.5249999985], [-12737524.0673, 6267793.831600003], [-12737524.0671, 6267828.1215], [-12737529.364799999, 6267862.411200002], [-12737587.638500001, 6267965.2815999985], [-12737627.3706, 6268011.674500003], [-12737629.7377, 6268013.804799996], [-12737667.5845, 6268034.258199997], [-12737710.6248, 6268057.518200003], [-12737791.4082, 6268069.348899998], [-12737933.4467, 6268103.800300002], [-12737973.9249, 6268118.270400003], [-12738022.1491, 6268144.692500003], [-12738051.7095, 6268176.583400004], [-12738109.9833, 6268253.234300002], [-12738137.8394, 6268284.347199999], [-12738142.7706, 6268290.577399999], [-12738195.5392, 6268342.483499996], [-12738300.167100001, 6268433.256499998], [-12738373.0092, 6268511.927299999], [-12738498.827399999, 6268649.098399997], [-12738565.0475, 6268737.8576000035], [-12738574.001699999, 6268751.495999999], [-12738652.8957, 6268835.769900002], [-12738715.2352, 6268910.849699996], [-12738793.375, 6269015.750299998], [-12738854.2974, 6269100.4782000035], [-12738882.6654, 6269145.178999998], [-12738889.5261, 6269169.562600002], [-12738901.4456, 6269211.9274], [-12738898.797, 6269272.449000001], [-12738894.823800001, 6269330.953400001], [-12738885.553, 6269397.527900003], [-12738884.2284, 6269478.225100003], [-12738893.499200001, 6269569.010300003], [-12738933.2315, 6269651.726599999], [-12738954.421799999, 6269677.953900002], [-12739033.886, 6269734.443599999], [-12739161.0286, 6269801.021399997], [-12739289.4956, 6269877.687299997], [-12739460.3435, 6270002.775300004], [-12739627.2181, 6270105.671700001], [-12739657.755199999, 6270127.824000001], [-12739799.5637, 6270209.5634], [-12739903.359299999, 6270303.755400002], [-12740006.7455, 6270396.147200003], [-12740097.0775, 6270516.3532000035], [-12740139.7515, 6270586.120700002], [-12740140.6939, 6270586.912900001], [-12740177.247299999, 6270688.605700001], [-12740197.454599999, 6270747.809], [-12740197.908, 6270749.137800001], [-12740199.1964, 6270787.610200003], [-12740209.955400001, 6270834.0524], [-12740237.7678, 6270928.887699999], [-12740266.9046, 6270981.350299999], [-12740302.6636, 6271031.795400001], [-12740303.2522, 6271032.333400004], [-12740307.9611, 6271039.866700001], [-12740428.4817, 6271205.3288], [-12740458.886599999, 6271241.262000002], [-12740461.729, 6271247.938199997], [-12740493.514600001, 6271274.573899999], [-12740505.821899999, 6271281.3565], [-12740529.136300001, 6271306.221900001], [-12740598.0054, 6271364.740400001], [-12740692.0379, 6271471.689300001], [-12740743.6896, 6271550.3882], [-12740788.7192, 6271602.854699999], [-12740811.0249, 6271638.5405], [-12740815.2072, 6271651.285400003], [-12740816.5316, 6271738.057999998], [-12740815.2073, 6271786.489799999], [-12740790.0436, 6271863.173699997], [-12740741.0409, 6271960.038599998], [-12740692.0379, 6272064.976999998], [-12740689.8321, 6272072.920999996], [-12740684.9464, 6272130.618799999], [-12740685.0332, 6272130.8488000035], [-12740695.060899999, 6272190.133299999], [-12740714.5528, 6272244.5858], [-12740741.0409, 6272319.2557], [-12740776.799800001, 6272404.017099999], [-12740844.3443, 6272527.124499999], [-12740921.1596, 6272623.9969], [-12740947.7165, 6272653.943599999], [-12741002.4962, 6272688.181500003], [-12741002.615, 6272688.410099998], [-12741161.5434, 6272775.193400003], [-12741328.418, 6272817.576300003], [-12741376.7451, 6272818.5506], [-12741423.0993, 6272812.495899998], [-12741452.2359, 6272816.532300003], [-12741492.2249, 6272803.284999996], [-12741552.899500001, 6272811.6906], [-12741596.604899999, 6272821.7817], [-12741733.018199999, 6272876.274099998], [-12741774.0746, 6272898.4750000015], [-12741813.8068, 6272946.9133], [-12741832.3484, 6272973.150799997], [-12741838.6461, 6272979.548900001], [-12741867.3605, 6273024.1329], [-12741882.0046, 6273093.034999996], [-12741900.1177, 6273159.283], [-12741929.0299, 6273231.493600003], [-12742004.5208, 6273358.649599999], [-12742074.714, 6273443.421400003], [-12742187.2882, 6273542.322800003], [-12742244.237599999, 6273606.912299998], [-12742286.6184, 6273695.723200001], [-12742290.0632, 6273710.8169], [-12742295.8892, 6273721.963100001], [-12742313.1066, 6273760.313900001], [-12742340.919, 6273800.682999998], [-12742380.6511, 6273863.2557], [-12742421.7075, 6273927.847599998], [-12742445.5469, 6273994.458400004], [-12742464.0885, 6274038.865900002], [-12742483.9544, 6274095.384999998], [-12742497.1986, 6274135.755900003], [-12742507.7938, 6274182.182700001], [-12742543.5526, 6274254.851199999], [-12742628.314399999, 6274369.910999998], [-12742703.805300001, 6274450.655500002], [-12742792.5403, 6274513.233199999], [-12742865.382399999, 6274551.587300003], [-12742911.736499999, 6274559.6620000005], [-12742940.873300001, 6274567.736599997], [-12742979.281, 6274573.792599998], [-12743021.661899999, 6274583.885700002], [-12743061.394000001, 6274604.072400004], [-12743120.991999999, 6274652.5205999985], [-12743163.373, 6274684.819399998], [-12743253.4324, 6274840.259099998], [-12743268.000799999, 6274927.064499997], [-12743290.5156, 6275007.814499997], [-12743291.8327, 6275037.929700002], [-12743294.4122, 6275046.162699997], [-12743267.554200001, 6275046.144699998], [-12743113.0359, 6275046.053000003], [-12742493.3423, 6275046.1049000025], [-12742485.1599, 6275046.105099998], [-12742085.8514, 6275046.002899997], [-12741873.6513, 6275046.006099999], [-12741261.1475, 6275044.865599997], [-12741254.8173, 6275044.856299996], [-12740635.98, 6275043.682700001], [-12740034.460099999, 6275043.451700002], [-12740019.9014, 6275043.4472], [-12739403.8225, 6275043.202299997], [-12738802.9208, 6275042.971199997], [-12738787.7436, 6275042.966799997], [-12738171.6648, 6275042.7217999995], [-12737570.2377, 6275043.240199998], [-12737554.5316, 6275043.254600003], [-12736937.4015, 6275043.8204], [-12736336.2832, 6275044.338799998], [-12736320.271200001, 6275044.353100002], [-12735703.1408, 6275044.914099999], [-12735100.943599999, 6275046.0502], [-12735084.6965, 6275046.0832], [-12734466.2551, 6275047.309100002], [-12733864.057799999, 6275048.440099999], [-12733860.5759, 6275048.430799998], [-12733254.896499999, 6275046.847000003], [-12732679.8686, 6275047.322499998], [-12732668.8599, 6275047.322800003], [-12732078.4662, 6275047.8222], [-12731471.4757, 6275048.354800001], [-12731466.9701, 6275048.359499998], [-12730864.488400001, 6275048.491400003], [-12730713.2603, 6275048.630400002], [-12730252.643, 6275045.441799998], [-12730242.524799999, 6275045.371299997], [-12729640.7975, 6275040.0449], [-12729029.0667, 6275034.464299999], [-12729020.6461, 6275034.384199999], [-12728417.3356, 6275029.029600002], [-12727799.376699999, 6275021.356200002], [-12726193.286600001, 6275003.681900002], [-12725981.2908, 6275001.488499999], [-12723533.7423, 6274975.791199997], [-12721086.2062, 6274949.3913], [-12719410.4641, 6274930.912199996], [-12718638.6268, 6274922.397600003], [-12716214.8853, 6274895.052199997], [-12713767.3519, 6274866.731700003], [-12712777.0817, 6274855.0779], [-12711319.8305, 6274837.200300001], [-12710490.989500001, 6274826.9199]]]]}}, {"type": "Feature", "properties": {"OBJECTID": 103, "CreationDate": "2025-01-14T11:11:11Z", "Creator": "NPS_WASO_LANDS", "EditDate": "2025-01-14T11:11:11Z", "Editor": "NPS_WASO_LANDS", "GlobalID": "{8BCA8918-C616-4AD6-8016-0EC1FD2B6E1F}", "AreaID": 85, "UNIT_CODE": "FOUS", "GIS_Notes": "Lands - http://landsnet.nps.gov/tractsnet/documents/FOUS/Metadata/fous_metadata.xml", "UNIT_NAME": "Fort Union Trading Post National Historic Site", "DATE_EDIT": "2018-07-24T00:00:00Z", "STATE": "MT", "REGION": "MW", "GNIS_ID": "771520", "UNIT_TYPE": "National Historic Site", "CREATED_BY": "Lands", "METADATA": "https://irma.nps.gov/DataStore/Reference/Profile/2225692", "PARKNAME": "Fort Union Trading Post", "SHAPE_Length": 24728.704414577966, "SHAPE_Area": 4006610.302536608}, "geometry": {"type": "MultiPolygon", "coordinates": [[[[-11582137.37, 6105948.454400003], [-11582105.4397, 6105929.637900002], [-11582052.6818, 6105904.064999998], [-11581958.1046, 6105860.249600001], [-11581899.8994, 6105834.699000001], [-11581773.4849, 6105787.224399999], [-11581707.1013, 6105760.742600001], [-11581667.0708, 6105744.307899997], [-11581609.7785, 6105725.134199999], [-11581580.0386, 6105711.5978000015], [-11581579.5976, 6105655.297600001], [-11581579.1639, 6105599.944300003], [-11581455.9894, 6105616.637400001], [-11581424.97, 6105619.8473000005], [-11581368.1997, 6105625.722099997], [-11581312.9657, 6105619.709399998], [-11581175.0162, 6105544.5779], [-11581096.8524, 6105508.093900003], [-11580975.4896, 6105433.446599998], [-11580975.2185, 6105412.032399997], [-11580928.2113, 6105363.678199999], [-11580857.5323, 6105324.614200003], [-11580798.1194, 6105282.9196000025], [-11580716.7956, 6105220.162699997], [-11580616.0862, 6105132.266000003], [-11580576.5893, 6105096.199000001], [-11580499.415, 6105046.720399998], [-11580421.1084, 6104985.420299999], [-11580371.3545, 6104956.0907000005], [-11580371.1414, 6104903.025300004], [-11580382.164, 6104906.293499999], [-11580973.356, 6105258.793799996], [-11580973.1031, 6105248.220899999], [-11580974.2234, 6105248.9758], [-11581379.1034, 6105521.776000001], [-11581578.9337, 6105576.005000003], [-11582073.2109, 6105682.755900003], [-11582076.9069, 6105686.647600003], [-11582092.2886, 6105700.048799999], [-11582101.4097, 6105706.857799999], [-11582112.5582, 6105709.5945999995], [-11582118.3871, 6105711.364299998], [-11582126.2066, 6105718.460500002], [-11582136.1783, 6105725.0397000015], [-11582136.564, 6105805.450999998], [-11582287.19, 6105832.629500002], [-11582373.8589, 6105839.952799998], [-11582707.9388, 6105944.381099999], [-11582730.453, 6105875.692699999], [-11582738.6338, 6105850.7434], [-11582790.4664, 6105903.248800002], [-11582799.6429, 6105908.316200003], [-11582788.3156, 6106296.374499999], [-11582732.0648, 6106253.653399996], [-11582677.4959, 6106211.6774], [-11582662.9501, 6106203.459600002], [-11582623.7664, 6106181.966600001], [-11582592.9153, 6106165.132200003], [-11582567.4454, 6106155.084600002], [-11582541.0776, 6106143.2293], [-11582507.4146, 6106129.533200003], [-11582437.3946, 6106093.024899997], [-11582383.7238, 6106076.589599997], [-11582331.8933, 6106060.154299997], [-11582301.8742, 6106041.900300004], [-11582217.3011, 6105988.9684000015], [-11582185.4636, 6105971.623999998], [-11582147.2737, 6105954.2905], [-11582137.37, 6105948.454400003]]], [[[-11581133.6779, 6108619.810099997], [-11581128.1365, 6108613.087700002], [-11581122.8275, 6108606.179200001], [-11581070.7882, 6108535.931900002], [-11581069.7914, 6108534.633400001], [-11581068.7505, 6108533.370399997], [-11581067.6673, 6108532.143600002], [-11581066.5425, 6108530.954700001], [-11581065.3778, 6108529.805500001], [-11581064.1743, 6108528.696999997], [-11581062.9337, 6108527.6307], [-11581061.6573, 6108526.607699998], [-11581060.3468, 6108525.629000001], [-11581059.0034, 6108524.6963], [-11581057.6288, 6108523.8103], [-11581056.2248, 6108522.972099997], [-11581054.7931, 6108522.182899997], [-11581053.3349, 6108521.443300001], [-11581051.8524, 6108520.7544], [-11581050.3473, 6108520.1171], [-11581048.8212, 6108519.531900004], [-11581047.276, 6108518.999399997], [-11581045.7134, 6108518.5207], [-11581044.1352, 6108518.095899999], [-11581042.5438, 6108517.7258], [-11581040.9403, 6108517.410599999], [-11581039.3272, 6108517.150899999], [-11581037.7059, 6108516.946699999], [-11581036.0788, 6108516.798799999], [-11581034.4475, 6108516.706799999], [-11581032.814, 6108516.670699999], [-11581031.1803, 6108516.691500001], [-11581029.5482, 6108516.768200003], [-11581027.9197, 6108516.901000001], [-11581026.2968, 6108517.090000004], [-11581024.6812, 6108517.334600002], [-11581023.0751, 6108517.634599999], [-11581021.48, 6108517.9899], [-11581019.8982, 6108518.399899997], [-11581018.3311, 6108518.864100002], [-11581016.7811, 6108519.381800003], [-11581015.2496, 6108519.9529], [-11581013.7384, 6108520.576300003], [-11581012.2496, 6108521.251199998], [-11580976.3058, 6108538.290299997], [-11580976.2911, 6108695.872199997], [-11580521.3706, 6108694.453900002], [-11580521.4622, 6108094.856600001], [-11580675.5167, 6108095.535400003], [-11580680.6568, 6107136.922700003], [-11580831.4416, 6107164.8325999975], [-11581109.1627, 6107215.482799999], [-11581294.3296, 6107247.496200003], [-11581560.1603, 6107294.420999996], [-11581824.2956, 6107340.699900001], [-11582136.2394, 6107395.806000002], [-11582139.3067, 6107396.280299999], [-11582316.7366, 6107448.137000002], [-11582332.5318, 6107455.261100002], [-11582333.0486, 6107586.001500003], [-11582333.6122, 6107722.873599999], [-11582334.4576, 6107928.185500003], [-11582335.162, 6108099.282799996], [-11582335.3067, 6108121.713600002], [-11582301.191, 6108122.144100003], [-11582299.6433, 6108122.163699999], [-11582237.5058, 6108122.281400003], [-11582228.4079, 6108122.298500001], [-11582164.7224, 6108122.418499999], [-11582141.9777, 6108122.461199999], [-11582141.8843, 6108099.648000002], [-11581935.8692, 6108098.969800003], [-11581935.7192, 6108144.596199997], [-11581919.5952, 6108144.271200001], [-11581903.491, 6108143.402800001], [-11581887.425, 6108141.992200002], [-11581871.4155, 6108140.040899999], [-11581855.4802, 6108137.551299997], [-11581839.6375, 6108134.525799997], [-11581823.905, 6108130.968099996], [-11581808.3006, 6108126.882399999], [-11581792.8419, 6108122.2727999985], [-11581777.5463, 6108117.145000003], [-11581762.4313, 6108111.5044], [-11581747.5137, 6108105.357699998], [-11581732.8103, 6108098.711599998], [-11581731.0137, 6108097.884000003], [-11581729.2402, 6108097.006999999], [-11581657.5303, 6108062.237899996], [-11581656.0286, 6108061.537900001], [-11581654.5034, 6108060.890799999], [-11581652.957, 6108060.2973000035], [-11581651.3907, 6108059.758199997], [-11581649.8066, 6108059.2742], [-11581648.2067, 6108058.845700003], [-11581646.5929, 6108058.473700002], [-11581644.9671, 6108058.158], [-11581643.3315, 6108057.8994999975], [-11581641.6877, 6108057.698299997], [-11581640.038, 6108057.554499999], [-11581638.3843, 6108057.468699999], [-11581636.7287, 6108057.4406], [-11581635.073, 6108057.470399998], [-11581633.4194, 6108057.557899997], [-11581631.7698, 6108057.703299999], [-11581630.1262, 6108057.906000003], [-11581628.4908, 6108058.166199997], [-11581626.8654, 6108058.483499996], [-11581625.2519, 6108058.8574], [-11581623.6525, 6108059.287299998], [-11581622.0689, 6108059.772699997], [-11581620.5032, 6108060.3134], [-11581618.9572, 6108060.908299997], [-11581617.4328, 6108061.556999996], [-11581615.9318, 6108062.258699998], [-11581614.4562, 6108063.012100004], [-11581613.0076, 6108063.8169], [-11581611.5877, 6108064.671599999], [-11581610.1986, 6108065.575300001], [-11581608.8416, 6108066.5273], [-11581607.5184, 6108067.5261999965], [-11581606.2308, 6108068.570600003], [-11581604.9804, 6108069.6592999995], [-11581603.7683, 6108070.790899999], [-11581602.5963, 6108071.964400001], [-11581601.4659, 6108073.178199999], [-11581600.3783, 6108074.430399999], [-11581599.3348, 6108075.7201000005], [-11581598.3368, 6108077.045400001], [-11581597.3854, 6108078.4048999995], [-11581596.4818, 6108079.796800002], [-11581595.6272, 6108081.2192], [-11581594.8223, 6108082.6708], [-11581594.0685, 6108084.149700001], [-11581593.3665, 6108085.653999999], [-11581592.7171, 6108087.1818], [-11581592.1213, 6108088.7315], [-11581591.5796, 6108090.300999999], [-11581591.0926, 6108091.888599999], [-11581590.6611, 6108093.491999999], [-11581590.2856, 6108095.109700002], [-11581589.9667, 6108096.739600003], [-11581589.7044, 6108098.3794], [-11581589.4797, 6108100.262100004], [-11581589.3208, 6108102.1514], [-11581589.2281, 6108104.0451000035], [-11581580.6514, 6108460.337899998], [-11581580.3502, 6108467.911700003], [-11581579.8277, 6108475.473099999], [-11581579.0843, 6108483.0163], [-11581578.1206, 6108490.534100004], [-11581576.9376, 6108498.020400003], [-11581575.3115, 6108506.515799999], [-11581573.3989, 6108514.950900003], [-11581571.2016, 6108523.316], [-11581568.7225, 6108531.601400003], [-11581565.9643, 6108539.797799997], [-11581562.9303, 6108547.895300001], [-11581559.6235, 6108555.884900004], [-11581556.0484, 6108563.757299997], [-11581552.2089, 6108571.5031], [-11581548.1092, 6108579.114], [-11581543.754, 6108586.580799997], [-11581539.1487, 6108593.895000003], [-11581534.2984, 6108601.047899999], [-11581529.2088, 6108608.0317], [-11581523.8855, 6108614.8379999995], [-11581518.335, 6108621.458999999], [-11581512.5634, 6108627.887199998], [-11581506.5775, 6108634.115000002], [-11581500.3842, 6108640.135499999], [-11581493.9906, 6108645.941399999], [-11581487.4041, 6108651.526299998], [-11581480.6324, 6108656.883699998], [-11581473.6831, 6108662.006999999], [-11581466.5644, 6108666.891000003], [-11581459.2845, 6108671.5295], [-11581451.8515, 6108675.917499997], [-11581444.2745, 6108680.049699999], [-11581436.5618, 6108683.921499997], [-11581428.7226, 6108687.528399996], [-11581420.7657, 6108690.865999997], [-11581412.7002, 6108693.930600002], [-11581404.5358, 6108696.718999997], [-11581396.071, 6108699.2897000015], [-11581387.522, 6108701.563199997], [-11581378.8992, 6108703.537199996], [-11581370.2131, 6108705.208499998], [-11581361.4743, 6108706.5757], [-11581352.6935, 6108707.636799999], [-11581343.8811, 6108708.390799999], [-11581335.0478, 6108708.836599998], [-11581326.2043, 6108708.973700002], [-11581317.3615, 6108708.802000001], [-11581308.5301, 6108708.321599998], [-11581299.7206, 6108707.533], [-11581290.944, 6108706.437399998], [-11581282.2105, 6108705.0358000025], [-11581273.5311, 6108703.3303999975], [-11581264.9162, 6108701.322800003], [-11581256.376, 6108699.015799999], [-11581247.9213, 6108696.411799997], [-11581239.702, 6108693.562200002], [-11581231.5847, 6108690.4322], [-11581223.579, 6108687.025899999], [-11581215.6939, 6108683.347099997], [-11581207.9389, 6108679.399899997], [-11581200.3226, 6108675.189199999], [-11581192.8549, 6108670.719700001], [-11581185.5435, 6108665.996799998], [-11581178.3976, 6108661.025899999], [-11581171.4251, 6108655.813000001], [-11581164.6346, 6108650.363899998], [-11581158.0337, 6108644.685199998], [-11581151.63, 6108638.783299997], [-11581145.4315, 6108632.6655], [-11581139.4452, 6108626.3386999965], [-11581133.6779, 6108619.810099997]], [[-11581505.9023, 6108059.6351], [-11581507.5445, 6108055.142800003], [-11581509.3397, 6108050.709700003], [-11581511.2861, 6108046.340999998], [-11581513.3812, 6108042.042199999], [-11581515.6226, 6108037.818499997], [-11581518.0078, 6108033.674500003], [-11581520.5335, 6108029.6153], [-11581523.1971, 6108025.645800002], [-11581525.9954, 6108021.770499997], [-11581528.9249, 6108017.994000003], [-11581531.9822, 6108014.3213], [-11581535.164, 6108010.755800001], [-11581538.466, 6108007.302500002], [-11581541.8847, 6108003.9651999995], [-11581545.4157, 6108000.748000003], [-11581549.0552, 6107997.6543999985], [-11581552.7985, 6107994.6884], [-11581556.6415, 6107991.853500001], [-11581560.5796, 6107989.1526999995], [-11581564.6079, 6107986.5896999985], [-11581568.7219, 6107984.167199999], [-11581572.9162, 6107981.888099998], [-11581577.1864, 6107979.755000003], [-11581581.5276, 6107977.770900004], [-11581585.9341, 6107975.937799998], [-11581590.4007, 6107974.257600002], [-11581594.9225, 6107972.732799999], [-11581599.494, 6107971.365000002], [-11581604.1096, 6107970.156000003], [-11581608.7642, 6107969.106799997], [-11581613.4514, 6107968.218999997], [-11581618.1669, 6107967.493500002], [-11581622.9043, 6107966.931299999], [-11581627.6581, 6107966.533], [-11581632.4231, 6107966.298900001], [-11581637.193, 6107966.229500003], [-11581641.9626, 6107966.3248], [-11581646.7259, 6107966.584899999], [-11581651.4775, 6107967.009000003], [-11581656.2119, 6107967.597000003], [-11581660.9234, 6107968.347900003], [-11581665.606, 6107969.261399999], [-11581670.2547, 6107970.335699998], [-11581674.8637, 6107971.57], [-11581679.4276, 6107972.962300003], [-11581683.9413, 6107974.511799999], [-11581688.3987, 6107976.216300003], [-11581692.7953, 6107978.073299997], [-11581697.1254, 6107980.081100002], [-11581768.7556, 6108014.811099999], [-11581780.8482, 6108020.390100002], [-11581793.1238, 6108025.550700001], [-11581805.5682, 6108030.287100002], [-11581818.167, 6108034.5934000015], [-11581830.9053, 6108038.464900002], [-11581843.7683, 6108041.8967999965], [-11581856.7408, 6108044.885300003], [-11581869.8077, 6108047.426799998], [-11581882.9537, 6108049.518299997], [-11581896.1633, 6108051.157399997], [-11581909.421, 6108052.342100002], [-11581922.7114, 6108053.071199998], [-11581936.019, 6108053.343599997], [-11581935.9817, 6108064.750100002], [-11582141.743, 6108065.4278], [-11582141.7543, 6108068.138700001], [-11582226.9178, 6108067.9782000035], [-11582236.0158, 6108067.960699998], [-11582297.8986, 6108067.843900003], [-11582299.7007, 6108067.8407000005], [-11582299.5696, 6107930.962300003], [-11582299.4289, 6107896.743100002], [-11582298.8659, 6107759.868199997], [-11582298.7252, 6107725.6499999985], [-11582298.1622, 6107588.777900003], [-11582298.0213, 6107554.560400002], [-11582297.8122, 6107497.531199999], [-11582234.106, 6107497.651799999], [-11582225.0086, 6107497.669], [-11582161.3535, 6107497.788800001], [-11582139.6356, 6107499.9881], [-11582022.1859, 6107499.595799997], [-11581522.1617, 6108007.5484], [-11580976.2956, 6108007.881099999], [-11580976.3468, 6108096.8527000025], [-11580976.3151, 6108437.391400002], [-11580980.7309, 6108435.513099998], [-11580985.2089, 6108433.789099999], [-11580989.7438, 6108432.221699998], [-11580994.33, 6108430.812600002], [-11580998.962, 6108429.563699998], [-11581003.6346, 6108428.476599999], [-11581008.3415, 6108427.552100003], [-11581013.0777, 6108426.7914], [-11581017.8374, 6108426.195799999], [-11581022.6148, 6108425.765699998], [-11581027.4041, 6108425.501999997], [-11581032.1996, 6108425.404600002], [-11581036.9956, 6108425.473999999], [-11581041.7865, 6108425.709600002], [-11581046.5662, 6108426.111500002], [-11581051.3292, 6108426.679200001], [-11581056.0698, 6108427.411799997], [-11581060.7823, 6108428.308700003], [-11581065.4609, 6108429.368600003], [-11581070.1001, 6108430.590499997], [-11581074.6944, 6108431.972599998], [-11581079.2384, 6108433.513400003], [-11581083.7263, 6108435.211099997], [-11581088.1531, 6108437.063600004], [-11581092.5131, 6108439.068599999], [-11581096.8015, 6108441.223999999], [-11581101.0128, 6108443.526900001], [-11581105.1421, 6108445.974699996], [-11581109.1844, 6108448.564499997], [-11581113.1349, 6108451.2929000035], [-11581116.9889, 6108454.156900004], [-11581120.7418, 6108457.152999997], [-11581124.389, 6108460.2776999995], [-11581127.9262, 6108463.527099997], [-11581131.349, 6108466.8972999975], [-11581134.6537, 6108470.384400003], [-11581137.8357, 6108473.984200001], [-11581140.8919, 6108477.692500003], [-11581143.8179, 6108481.504500002], [-11581195.8576, 6108551.751000002], [-11581199.3317, 6108556.271499999], [-11581202.961, 6108560.6677], [-11581206.7409, 6108564.934100002], [-11581210.667, 6108569.0656], [-11581214.7346, 6108573.057300001], [-11581218.9385, 6108576.904100001], [-11581223.2736, 6108580.601499997], [-11581227.7348, 6108584.144900002], [-11581232.3165, 6108587.529799998], [-11581237.0132, 6108590.752400003], [-11581241.8192, 6108593.808600001], [-11581246.7286, 6108596.694799997], [-11581251.7354, 6108599.407300003], [-11581256.8335, 6108601.943000004], [-11581262.0169, 6108604.298699997], [-11581267.279, 6108606.471699998], [-11581272.6134, 6108608.458999999], [-11581278.0137, 6108610.258100003], [-11581283.4734, 6108611.867200002], [-11581288.9858, 6108613.284400001], [-11581294.544, 6108614.507700004], [-11581300.1416, 6108615.5358000025], [-11581305.7715, 6108616.367200002], [-11581311.4266, 6108617.001100004], [-11581317.1007, 6108617.436700001], [-11581322.7863, 6108617.673500001], [-11581328.4768, 6108617.711099997], [-11581334.1651, 6108617.549199998], [-11581339.8443, 6108617.188600004], [-11581345.5073, 6108616.629500002], [-11581351.1476, 6108615.872400001], [-11581356.7581, 6108614.918200001], [-11581362.3318, 6108613.768299997], [-11581367.8624, 6108612.424099997], [-11581373.3428, 6108610.887100004], [-11581378.766, 6108609.159000002], [-11581384.1263, 6108607.242299996], [-11581389.4164, 6108605.139200002], [-11581394.6301, 6108602.8522000015], [-11581399.761, 6108600.3838], [-11581404.8031, 6108597.737599999], [-11581409.7498, 6108594.916500002], [-11581414.5956, 6108591.924000002], [-11581419.3342, 6108588.763599999], [-11581423.9599, 6108585.439300001], [-11581428.4672, 6108581.9553999975], [-11581432.8505, 6108578.315300003], [-11581437.1044, 6108574.524300002], [-11581441.224, 6108570.586800002], [-11581445.2039, 6108566.507399999], [-11581449.0395, 6108562.291000001], [-11581452.7262, 6108557.943099998], [-11581456.2591, 6108553.468800001], [-11581459.6344, 6108548.873599999], [-11581462.8478, 6108544.1630000025], [-11581465.8951, 6108539.3429000005], [-11581468.7731, 6108534.419], [-11581471.4778, 6108529.3972999975], [-11581474.0063, 6108524.283799998], [-11581476.3554, 6108519.0854], [-11581478.522, 6108513.807800002], [-11581480.5037, 6108508.4573], [-11581482.2983, 6108503.041100003], [-11581483.9031, 6108497.564999998], [-11581485.3165, 6108492.0361], [-11581486.5367, 6108486.461400002], [-11581487.562, 6108480.847199999], [-11581488.3915, 6108475.200499997], [-11581489.0241, 6108469.528300002], [-11581489.4589, 6108463.837399997], [-11581489.6954, 6108458.134800002], [-11581498.2758, 6108101.8418999985], [-11581498.4742, 6108097.061099999], [-11581498.8364, 6108092.290100001], [-11581499.3623, 6108087.534199998], [-11581500.0509, 6108082.799400002], [-11581500.9016, 6108078.091200002], [-11581501.9135, 6108073.415299997], [-11581503.0852, 6108068.776799999], [-11581504.4153, 6108064.181599997], [-11581505.9023, 6108059.6351]]], [[[-11580374.8269, 6106017.244599998], [-11580374.8919, 6105819.537299998], [-11580404.5888, 6105845.999499999], [-11580430.9493, 6105867.9016999975], [-11580452.7678, 6105885.256999999], [-11580461.859, 6105890.724299997], [-11580471.8555, 6105895.282300003], [-11580481.8669, 6105897.134099998], [-11580529.1629, 6105908.090800002], [-11580577.3566, 6105919.058499999], [-11580594.641, 6105924.548100002], [-11580602.8264, 6105925.4573], [-11580610.107, 6105930.0151999965], [-11580654.6569, 6105954.690099999], [-11580691.9342, 6105972.932700001], [-11580729.2263, 6105989.367799997], [-11580751.0596, 6105999.4152000025], [-11580756.5144, 6106001.244999997], [-11580761.0561, 6105999.4152000025], [-11580762.8668, 6105999.426399998], [-11580761.9765, 6105994.857299998], [-11580748.3286, 6105985.730300002], [-11580711.9494, 6105962.9186], [-11580672.8541, 6105939.186399996], [-11580646.4861, 6105924.559199996], [-11580625.5803, 6105906.316500001], [-11580621.9364, 6105899.008299999], [-11580619.2129, 6105892.620800003], [-11580620.1257, 6105888.062700003], [-11580625.5877, 6105881.675099999], [-11580641.9666, 6105874.3891], [-11580693.8191, 6105863.465899996], [-11580727.4673, 6105851.599799998], [-11580739.3043, 6105851.6219], [-11580746.5624, 6105852.531400003], [-11580758.3844, 6105857.111500002], [-11580771.1268, 6105867.136399999], [-11580789.3091, 6105887.219800003], [-11580802.0441, 6105900.904600002], [-11580816.5825, 6105919.169399999], [-11580827.4768, 6105939.2531], [-11580839.299, 6105952.926600002], [-11580860.2048, 6105968.441299997], [-11580874.758, 6105976.658799998], [-11580897.4969, 6105987.604500003], [-11580908.421, 6105991.2641], [-11580915.6865, 6105994.923799999], [-11580925.6978, 6106001.311700001], [-11581015.7329, 6106032.374399997], [-11581064.8472, 6106048.809500001], [-11581095.7717, 6106060.686800003], [-11581108.9256, 6106063.9507], [-11581169.4281, 6106078.963200003], [-11581203.0838, 6106087.180699997], [-11581280.384, 6106103.615999997], [-11581348.6006, 6106120.983000003], [-11581424.0825, 6106139.270499997], [-11581505.947, 6106163.923699997], [-11581535.0609, 6106174.880599998], [-11581542.3265, 6106181.268399999], [-11581578.2276, 6106215.000600003], [-11581585.0656, 6106221.425700001], [-11581599.6114, 6106232.3719], [-11581633.267, 6106249.727799997], [-11581724.2002, 6106290.817000002], [-11581835.1709, 6106347.410599999], [-11581940.672, 6106396.7184000015], [-11581997.0593, 6106418.621699996], [-11582098.9388, 6106461.530699998], [-11582137.3526, 6106476.327600002], [-11582177.137, 6106491.6523], [-11582241.7246, 6106520.864699997], [-11582287.2024, 6106544.609499998], [-11582338.1275, 6106570.162299998], [-11582390.8927, 6106597.5449], [-11582405.4311, 6106606.672499999], [-11582473.6477, 6106664.166699998], [-11582495.4664, 6106683.331299998], [-11582552.766, 6106725.298799999], [-11582620.0774, 6106770.039099999], [-11582674.6463, 6106806.5392], [-11582745.6014, 6106859.5315999985], [-11582795.8167, 6106863.051700003], [-11582795.4696, 6107510.721699998], [-11582585.5259, 6107404.066299997], [-11582408.3436, 6107326.937899999], [-11582138.9078, 6107270.5035], [-11582136.6564, 6107270.031900004], [-11581824.7173, 6107214.926700003], [-11581696.8187, 6107192.518700004], [-11581667.2426, 6107187.336599998], [-11581574.7691, 6107171.133400001], [-11581560.5857, 6107168.648199998], [-11581294.7588, 6107121.724399999], [-11581110.043, 6107089.788999997], [-11580831.8776, 6107039.062100001], [-11580554.1615, 6106987.6554000005], [-11580374.96, 6106955.235799998], [-11580374.518, 6106955.153300002], [-11580374.8269, 6106017.244599998]]]]}}, {"type": "Feature", "properties": {"OBJECTID": 108, "CreationDate": "2025-01-14T11:11:11Z", "Creator": "NPS_WASO_LANDS", "EditDate": "2025-01-14T11:11:11Z", "Editor": "NPS_WASO_LANDS", "GlobalID": "{C1618400-65C4-4B00-A0A9-3DF460AC38C8}", "AreaID": 90, "UNIT_CODE": "BIHO", "GIS_Notes": "Lands - http://landsnet.nps.gov/tractsnet/documents/BIHO/Metadata/biho_metadata.xml", "UNIT_NAME": "Big Hole National Battlefield", "DATE_EDIT": "2015-11-06T00:00:00Z", "STATE": "MT", "REGION": "PW", "GNIS_ID": "779820", "UNIT_TYPE": "National Battlefield", "CREATED_BY": "Lands", "METADATA": "https://irma.nps.gov/DataStore/Reference/Profile/2225687", "PARKNAME": "Big Hole", "SHAPE_Length": 12680.044451359112, "SHAPE_Area": 8092191.994004227}, "geometry": {"type": "MultiPolygon", "coordinates": [[[[-12652027.3168, 5723159.049199998], [-12652315.0607, 5723158.215599999], [-12652602.549800001, 5723156.592600003], [-12652603.3944, 5723733.489699997], [-12652603.8548, 5724310.006399997], [-12652604.329599999, 5724886.961400002], [-12652316.8761, 5724887.895000003], [-12652028.7817, 5724888.453699999], [-12652028.772599999, 5725464.429300003], [-12651740.5833, 5725465.282899998], [-12651164.2751, 5725466.945500001], [-12650587.620000001, 5725469.370399997], [-12650588.0095, 5724892.5792], [-12650011.4112, 5724895.165399998], [-12650011.3924, 5724913.313900001], [-12649439.2744, 5724913.5792], [-12649440.9277, 5722601.159100004], [-12650013.7085, 5722601.659900002], [-12650013.7115, 5722589.564300001], [-12650588.7136, 5722587.274700001], [-12650588.727, 5722190.578900002], [-12651595.3181, 5722428.195799999], [-12651593.325, 5722436.696000002], [-12651722.1066, 5722467.0876], [-12651738.8552, 5722470.978600003], [-12651738.903, 5722583.122299999], [-12652026.4824, 5722582.188699998], [-12652027.3168, 5723159.049199998]]]]}}, {"type": "Feature", "properties": {"OBJECTID": 109, "CreationDate": "2025-01-14T11:11:11Z", "Creator": "NPS_WASO_LANDS", "EditDate": "2025-01-14T11:11:11Z", "Editor": "NPS_WASO_LANDS", "GlobalID": "{6EDCBF47-9B99-4420-90FA-F1B62964A9B1}", "AreaID": 91, "UNIT_CODE": "GRKO", "GIS_Notes": "Lands - http://landsnet.nps.gov/tractsnet/documents/GRKO/Metadata/grko_metadata.xml", "UNIT_NAME": "Grant-Kohrs Ranch National Historic Site", "DATE_EDIT": "2017-11-30T00:00:00Z", "STATE": "MT", "REGION": "IM", "GNIS_ID": "806847", "UNIT_TYPE": "National Historic Site", "CREATED_BY": "Lands", "METADATA": "https://irma.nps.gov/DataStore/Reference/Profile/2220223", "PARKNAME": "Grant-Kohrs Ranch", "SHAPE_Length": 20573.55450398007, "SHAPE_Area": 13410009.510062955}, "geometry": {"type": "MultiPolygon", "coordinates": [[[[-12549429.899799999, 5847679.105300002], [-12549552.0043, 5846572.099600002], [-12549555.2875, 5846552.9767], [-12549559.2571, 5846529.8539], [-12549585.3295, 5845974.978399999], [-12549598.55, 5845975.603699997], [-12549603.435600001, 5845871.622400001], [-12549604.0842, 5845871.652900003], [-12549612.249400001, 5845872.039099999], [-12549612.2501, 5845872.024700001], [-12549623.7397, 5845627.474100001], [-12549635.5905, 5845375.230499998], [-12549635.6023, 5845374.979000002], [-12549636.1774, 5845374.980599999], [-12549758.5387, 5845375.292999998], [-12549913.9746, 5845375.687200002], [-12549915.2982, 5845375.6906], [-12549958.1686, 5845375.798900001], [-12549959.524, 5845375.802299999], [-12549966.7185, 5845375.820299998], [-12550002.3628, 5845375.9103000015], [-12550003.990600001, 5845375.914099999], [-12550040.557500001, 5845158.699199997], [-12550050.1601, 5845082.917599998], [-12550050.1634, 5845082.891999997], [-12550064.7689, 5845082.928000003], [-12550183.0328, 5845083.218199998], [-12550192.244800001, 5845083.240800001], [-12550676.933899999, 5845084.413400002], [-12550676.9329, 5845083.340999998], [-12550676.647300001, 5844788.5189], [-12550982.1952, 5844789.550300002], [-12551260.3423, 5844789.2949], [-12551259.7047, 5844636.610799998], [-12551257.9016, 5844204.810500003], [-12551844.5806, 5844204.6708], [-12552238.2467, 5844205.466200002], [-12553010.4696, 5844206.974699996], [-12553010.4771, 5844208.592699997], [-12553013.1771, 5844791.389600001], [-12553013.1974, 5844795.738499999], [-12553014.805300001, 5845142.792099997], [-12553015.906399999, 5845380.442299999], [-12553021.3445, 5846554.066100001], [-12552272.418, 5846550.005099997], [-12551845.6554, 5846547.662100002], [-12551646.671799999, 5846548.147600003], [-12551646.6689, 5846548.2826000005], [-12551641.3704, 5846803.174099997], [-12551636.5711, 5847034.052599996], [-12551598.622200001, 5847042.356899999], [-12551489.998399999, 5847066.126000002], [-12551580.6942, 5847358.165600002], [-12551592.6349, 5847396.613600001], [-12551558.6265, 5847592.870800003], [-12551551.067200001, 5847616.1712], [-12551441.0155, 5847955.377800003], [-12551340.1045, 5848266.395900004], [-12551277.2532, 5848422.220799997], [-12551198.703499999, 5848616.960699998], [-12551198.5565, 5848617.325099997], [-12551195.6577, 5848625.1532000005], [-12551063.9709, 5848980.749399997], [-12551050.8587, 5849016.155699998], [-12551022.1406, 5849051.708999999], [-12550929.298999999, 5849166.646499999], [-12550918.532200001, 5849179.975199997], [-12550794.8026, 5849331.407799996], [-12550704.2587, 5849531.507700004], [-12550548.033599999, 5849871.9733000025], [-12550504.4935, 5849967.6241], [-12550486.4012, 5850029.012500003], [-12550467.019000001, 5850084.392700002], [-12550456.465599999, 5850139.454000004], [-12550359.717799999, 5850390.9782000035], [-12550339.771200001, 5850432.9868], [-12550336.5879, 5850440.075099997], [-12550333.9599, 5850447.627899997], [-12550331.9191, 5850455.553400002], [-12550330.4899, 5850463.755999997], [-12550329.6899, 5850472.136699997], [-12550329.5286, 5850480.5940999985], [-12550330.0078, 5850489.0261999965], [-12550331.1221, 5850497.331200004], [-12550332.8577, 5850505.408200003], [-12550333.9659, 5850509.698100001], [-12550337.036899999, 5850519.564099997], [-12550340.6981, 5850528.996600002], [-12550344.9209, 5850537.921400003], [-12550349.6717, 5850546.268200003], [-12550354.913800001, 5850553.971699998], [-12550360.6052, 5850560.970799997], [-12550373.5233, 5850576.128399998], [-12550375.946600001, 5850579.151900001], [-12550378.2331, 5850582.391900003], [-12550380.1424, 5850585.430100001], [-12550381.6838, 5850588.880400002], [-12550382.8159, 5850592.649800003], [-12550383.5082, 5850596.6369], [-12550383.7422, 5850600.7346], [-12550383.511599999, 5850604.832699999], [-12550382.8225, 5850608.821199998], [-12550381.6935, 5850612.592500001], [-12550380.1547, 5850616.045400001], [-12550378.2478, 5850619.086800002], [-12550376.1908, 5850621.879199997], [-12550263.8651, 5850758.720399998], [-12550251.4523, 5850774.217100002], [-12550239.5746, 5850790.572800003], [-12550228.2597, 5850807.748599999], [-12550217.5346, 5850825.703400001], [-12550207.425, 5850844.395199999], [-12550197.955, 5850863.779200003], [-12550189.1464, 5850883.809600003], [-12550181.0206, 5850904.4388], [-12550179.7037, 5850908.126800001], [-12550164.9779, 5850949.910099998], [-12550162.353500001, 5850958.328699999], [-12550160.4729, 5850967.156400003], [-12550159.3658, 5850976.255599998], [-12550159.0491, 5850985.484200001], [-12550159.5279, 5850994.697999999], [-12550160.7949, 5851003.753300004], [-12550162.83, 5851012.508599997], [-12550164.604, 5851018.913800001], [-12550166.356800001, 5851026.189900003], [-12550167.575199999, 5851033.692699999], [-12550168.245900001, 5851041.338799998], [-12550168.361499999, 5851049.0451000035], [-12550167.9206, 5851056.726499997], [-12550158.863699999, 5851151.5779], [-12550158.1304, 5851163.156300001], [-12550158.1194, 5851174.783500001], [-12550158.8312, 5851186.364699997], [-12550160.26, 5851197.805600002], [-12550162.394000001, 5851209.012900002], [-12550163.3525, 5851213.339299999], [-12550165.1044, 5851223.018399999], [-12550094.0692, 5851223.476999998], [-12550091.860399999, 5851223.4912], [-12550093.4588, 5850070.572099999], [-12550093.468899999, 5850063.284199998], [-12549516.6776, 5850063.263700001], [-12549514.986499999, 5850063.263599999], [-12549516.1146, 5849516.7951000035], [-12549516.1982, 5849476.288900003], [-12549516.2037, 5849473.674199998], [-12549516.2088, 5849471.152099997], [-12549488.748300001, 5849471.304499999], [-12549486.315499999, 5849471.318099998], [-12549441.689100001, 5849471.565700002], [-12549438.9013, 5849471.581200004], [-12549362.1459, 5849472.006800003], [-12548968.3302, 5849474.179499999], [-12548963.8013, 5849474.204300001], [-12548946.5459, 5849474.299000002], [-12548944.4228, 5849474.310800001], [-12548944.4762, 5849474.130900003], [-12548945.3433, 5849471.204300001], [-12548949.3916, 5849457.545599997], [-12549114.885, 5848899.116099998], [-12549330.865899999, 5848170.278499998], [-12549343.302000001, 5848127.266500004], [-12549355.067499999, 5848083.859300002], [-12549366.156, 5848040.0792], [-12549376.562199999, 5847995.947999999], [-12549386.2808, 5847951.488300003], [-12549395.306699999, 5847906.722900003], [-12549403.635499999, 5847861.674000002], [-12549411.263, 5847816.364699997], [-12549418.184999999, 5847770.8182], [-12549424.398400001, 5847725.057300001], [-12549429.899799999, 5847679.105300002]]]]}}]}