{"type": "FeatureCollection", "name": "Nebraska_park", "crs": {"type": "name", "properties": {"name": "urn:ogc:def:crs:EPSG::3857"}}, "features": [{"type": "Feature", "properties": {"OBJECTID": 9, "CreationDate": "2025-01-14T11:11:09Z", "Creator": "NPS_WASO_LANDS", "EditDate": "2025-01-14T11:11:09Z", "Editor": "NPS_WASO_LANDS", "GlobalID": "{D6409514-9436-459B-ADFB-06C386DBAB77}", "AreaID": 74, "UNIT_CODE": "MNRR", "GIS_Notes": "Lands - http://landsnet.nps.gov/tractsnet/documents/MNRR/Metadata/mnrr_metadata.xml", "UNIT_NAME": "Missouri National Recreational River", "DATE_EDIT": "2024-12-16T00:00:00Z", "STATE": "NE", "REGION": "MW", "GNIS_ID": "2733411", "UNIT_TYPE": "National Wild & Scenic River", "CREATED_BY": "Lands", "METADATA": "https://irma.nps.gov/DataStore/Reference/Profile/2242151", "PARKNAME": "Missouri", "SHAPE_Length": 637567.486549128, "SHAPE_Area": 513940509.42969877}, "geometry": {"type": "MultiPolygon", "coordinates": [[[[-10970515.6977, 5321908.777000003], [-10970463.7151, 5321801.1382], [-10969889.0305, 5321971.687700003], [-10969812.6618, 5321988.659500003], [-10969326.8565, 5321989.988799997], [-10969316.8887, 5321826.6625000015], [-10969266.8793, 5321819.701399997], [-10969279.178, 5321536.791599996], [-10969296.884, 5320626.240800001], [-10969119.3938, 5320580.698200002], [-10969004.1177, 5320409.0141], [-10968747.2896, 5320332.453299999], [-10968704.1539, 5320316.6149], [-10968643.0327, 5320287.213200003], [-10968557.3208, 5320242.507399999], [-10968433.2759, 5320152.836599998], [-10968362.2947, 5320088.805699997], [-10968307.0665, 5320006.959600002], [-10968200.7691, 5319933.297600001], [-10968122.7992, 5319876.854099996], [-10968059.0473, 5319836.0145], [-10968003.929, 5319782.6259], [-10967899.3515, 5319684.347099997], [-10967813.9402, 5319576.736900002], [-10967764.0616, 5319506.737199999], [-10967769.9865, 5318984.621799998], [-10968155.6525, 5318993.900399998], [-10968140.3955, 5318964.904600002], [-10968124.8764, 5318953.306299999], [-10968110.6811, 5318940.501599997], [-10968071.3228, 5318890.557899997], [-10968044.1613, 5318845.205700003], [-10968019.3842, 5318831.190499999], [-10967973.3171, 5318756.453699999], [-10967936.2338, 5318709.3364999965], [-10967879.3161, 5318638.560099997], [-10967861.5292, 5318616.959700003], [-10967811.74, 5318560.737599999], [-10967747.1009, 5318490.5429000035], [-10967724.6777, 5318460.857500002], [-10967703.321, 5318433.258900002], [-10967699.7937, 5318432.8552], [-10967689.1047, 5318417.657200001], [-10967660.7581, 5318397.6439], [-10967643.0362, 5318384.4362], [-10967614.6037, 5318353.233199999], [-10967593.2902, 5318331.229599997], [-10967572.0196, 5318314.821000002], [-10967547.179, 5318292.413999997], [-10967518.7898, 5318266.806100003], [-10967493.6632, 5318233.075599998], [-10967480.9489, 5318178.567500003], [-10967473.3204, 5318151.893600002], [-10967472.4728, 5318127.5392], [-10967470.6591, 5318108.7148], [-10967488.1016, 5318085.556500003], [-10967487.9084, 5318060.380199999], [-10967480.6393, 5318031.5995000005], [-10967466.4879, 5318024.390500002], [-10967452.4009, 5318025.573600002], [-10967424.2911, 5318036.331699997], [-10967424.3341, 5318041.926399998], [-10967410.3329, 5318054.298900001], [-10967389.1057, 5318043.485299997], [-10967360.6312, 5318006.688500002], [-10967342.7383, 5317971.102499999], [-10967319.0622, 5317966.365400001], [-10967292.5742, 5317886.635399997], [-10967266.5017, 5317857.325099997], [-10967237.6827, 5317820.2146999985], [-10967214.7971, 5317752.9526999965], [-10967139.0704, 5317681.5929000005], [-10967088.6163, 5317658.321500003], [-10967028.8951, 5317606.478299998], [-10966959.6642, 5317539.5726], [-10966903.8071, 5317469.235100001], [-10966868.8432, 5317437.696800001], [-10966845.4638, 5317407.483999997], [-10966817.2644, 5317359.827], [-10966788.4455, 5317314.601199999], [-10966764.3942, 5317275.608599998], [-10966729.9598, 5317235.746399999], [-10966702.1005, 5317200.614200003], [-10966675.7123, 5317202.117399998], [-10966675.7121, 5317284.148699999], [-10966256.8915, 5316879.196900003], [-10966355.3129, 5316871.631899998], [-10966341.2623, 5316852.523199998], [-10966305.7799, 5316820.516999997], [-10966273.8246, 5316788.914399996], [-10966216.3035, 5316722.047499999], [-10966175.6683, 5316661.986000001], [-10966118.7062, 5316585.604599997], [-10966079.4215, 5316516.835600004], [-10966050.2848, 5316451.612000003], [-10966016.8723, 5316363.560099997], [-10965999.0044, 5316330.776500002], [-10965989.9897, 5316298.817900002], [-10965886.0588, 5316306.6723000035], [-10965841.0291, 5316230.579999998], [-10965811.8923, 5316187.098899998], [-10965745.8759, 5316106.341799997], [-10965705.2283, 5316057.0407000035], [-10965673.3173, 5316031.033500001], [-10965639.9236, 5316000.829400003], [-10965616.5703, 5315982.623599999], [-10965541.6, 5315919.6669000015], [-10965483.1143, 5315866.331799999], [-10965411.9145, 5315772.416699998], [-10965376.3146, 5315720.241899997], [-10965486.0893, 5315723.313199997], [-10965455.8473, 5315684.923699997], [-10965400.0478, 5315620.531099997], [-10965332.2385, 5315470.966600001], [-10965238.1529, 5315338.795500003], [-10965188.1435, 5315293.579499997], [-10965174.5815, 5315171.845200002], [-10965138.9816, 5315091.849100001], [-10965096.6007, 5315019.969300002], [-10965022.8581, 5314941.133900002], [-10964999.1247, 5314876.211300001], [-10964978.0554, 5314808.135300003], [-10964949.6527, 5314779.738300003], [-10964942.166, 5314764.557499997], [-10964935.5493, 5314745.409100004], [-10964928.2836, 5314711.644900002], [-10964925.9157, 5314676.0207], [-10964913.0291, 5314608.775700003], [-10964907.7314, 5314485.601099998], [-10964854.7554, 5314373.296400003], [-10964730.6893, 5314082.8298999965], [-10964694.6481, 5314028.476400003], [-10964662.4522, 5313958.8671], [-10964630.1388, 5313873.548900001], [-10964599.0491, 5313800.414399996], [-10964549.5988, 5313684.946599998], [-10964529.5446, 5313596.3979], [-10964540.8235, 5313476.505599998], [-10964524.7143, 5313440.131999999], [-10964500.6564, 5313399.709700003], [-10964472.6596, 5313361.975699998], [-10964432.6107, 5313300.8891], [-10964396.5714, 5313246.539800003], [-10964375.2781, 5313182.582699999], [-10964338.8305, 5313099.126400001], [-10964315.9448, 5313020.307300001], [-10964281.1925, 5312941.488799997], [-10964256.6117, 5312816.307800002], [-10964216.7651, 5312720.8248], [-10964180.7746, 5312672.761600003], [-10964148.7467, 5312625.152000003], [-10964129.3323, 5312595.638700001], [-10964101.4311, 5312570.4733000025], [-10964077.3286, 5312523.771399997], [-10964073.1086, 5312488.7619], [-10964080.7526, 5312451.971699998], [-10964082.2578, 5312408.832999997], [-10964008.515, 5312234.980899997], [-10963970.3772, 5312139.662900001], [-10963930.2788, 5312015.421300001], [-10963995.8008, 5311850.1998], [-10964005.7167, 5311725.6818], [-10964024.6198, 5311623.0473000035], [-10964041.5721, 5311528.015799999], [-10964066.153, 5311435.303000003], [-10964102.6006, 5311353.0211], [-10964129.7244, 5311276.534400001], [-10964138.2005, 5311179.188699998], [-10964154.0497, 5310983.989500001], [-10964111.9243, 5310949.734899998], [-10964063.6101, 5310826.898199998], [-10964005.9721, 5310720.286600001], [-10963984.7817, 5310607.882100001], [-10963944.6882, 5310452.0934000015], [-10963886.4579, 5310289.217100002], [-10963855.0961, 5310220.8505000025], [-10963827.1248, 5309984.467699997], [-10963791.2693, 5309841.435199998], [-10963761.6028, 5309702.391400002], [-10963717.7821, 5309529.100199997], [-10963424.9302, 5309534.169399999], [-10963422.2814, 5309335.025399998], [-10963399.2135, 5309246.502700001], [-10963303.0851, 5309161.2304000035], [-10963101.7761, 5309150.3684], [-10963113.1753, 5308977.0801], [-10963414.3349, 5308991.059299998], [-10963421.708, 5308733.7773], [-10963321.6267, 5308647.105899997], [-10963202.4305, 5308549.353], [-10963099.1272, 5308419.017499998], [-10962907.2043, 5308402.432400003], [-10962916.5281, 5308627.189499997], [-10962897.3887, 5308607.897200003], [-10962847.5267, 5308571.6162], [-10962825.2407, 5308538.491700001], [-10962808.3898, 5308495.070200004], [-10962799.6833, 5308435.110299997], [-10962796.4117, 5308364.8539], [-10962770.7377, 5308175.363600001], [-10962751.2425, 5308080.3671], [-10962728.3568, 5308035.186099999], [-10962709.7093, 5307984.2129999995], [-10962696.9951, 5307928.606299996], [-10962684.0396, 5307866.269199997], [-10962647.8226, 5307811.899300002], [-10962594.5836, 5307745.359300002], [-10962552.9, 5307696.915299997], [-10962510.5191, 5307620.458400004], [-10962476.6316, 5307570.604199998], [-10962421.033, 5307503.099200003], [-10962392.7003, 5307415.418399997], [-10962396.9383, 5307334.330300003], [-10962462.7154, 5307329.923199996], [-10962433.3859, 5307275.252300002], [-10962374.0528, 5307217.332999997], [-10962319.2285, 5307166.497000001], [-10962266.4053, 5307101.4956], [-10962206.6357, 5306986.467699997], [-10962140.1861, 5306941.742600001], [-10962062.5793, 5306878.272500001], [-10961978.5061, 5306802.283299997], [-10961922.2102, 5306759.199299999], [-10961880.6262, 5306723.871100001], [-10961831.5775, 5306646.268399999], [-10961787.7921, 5306573.515900001], [-10961743.2922, 5306501.122299999], [-10961668.5583, 5306492.3276999965], [-10961607.6734, 5306454.7907000035], [-10961573.9017, 5306422.717], [-10961544.2352, 5306378.702399999], [-10961514.4355, 5306321.588600002], [-10961427.5546, 5306257.883900002], [-10961342.7929, 5306162.327799998], [-10961289.0683, 5306049.0293999985], [-10961272.0966, 5305988.137599997], [-10961266.1541, 5305928.5088], [-10961196.9993, 5305890.026500002], [-10961164.7932, 5305887.247199997], [-10961133.0075, 5305800.381300002], [-10961017.3078, 5305725.098200001], [-10961006.7125, 5305641.129299998], [-10960829.9843, 5305478.9846], [-10960829.5738, 5305422.175300002], [-10960826.6271, 5305395.640000001], [-10960782.1951, 5305346.8904], [-10960727.9794, 5305261.031199999], [-10960677.0362, 5305193.2136999965], [-10960651.9846, 5305157.598999999], [-10960613.0682, 5305109.481600001], [-10960565.1038, 5305047.5776999965], [-10960529.4669, 5304994.910899997], [-10960479.6951, 5304969.564900003], [-10960397.4086, 5304943.706299998], [-10960326.2086, 5304889.275700003], [-10960270.5566, 5304772.529799998], [-10960209.1045, 5304697.255000003], [-10960176.1804, 5304634.4987], [-10960151.5995, 5304589.334399998], [-10960125.4587, 5304554.619499996], [-10960097.354, 5304477.180699997], [-10960060.7714, 5304373.001100004], [-10960095.5198, 5303886.4714], [-10960138.0375, 5303621.249399997], [-10960160.3664, 5303426.3598000035], [-10960117.9568, 5303340.723499998], [-10960052.2951, 5303298.9903], [-10960027.8472, 5303234.506499998], [-10960002.6551, 5303204.201300003], [-10959947.3268, 5303171.674999997], [-10959880.908, 5303129.148500003], [-10959793.4864, 5303052.047200002], [-10959759.1525, 5303008.720899999], [-10959709.358, 5302970.741700001], [-10959659.5289, 5302936.662600003], [-10959613.0325, 5302874.215099998], [-10959595.5622, 5302824.622900002], [-10959570.1337, 5302796.8347999975], [-10959482.2723, 5302804.002499998], [-10959102.8485, 5302794.817500003], [-10958951.4519, 5302617.062200002], [-10958459.8337, 5302614.1677], [-10958472.5479, 5302214.7311], [-10958173.7627, 5301905.034699999], [-10957966.0964, 5301902.1404], [-10957963.9774, 5302061.3288], [-10957565.5972, 5302043.962800004], [-10957559.2401, 5302197.364799999], [-10957461.7641, 5302142.371299997], [-10957345.1377, 5302105.633299999], [-10957248.5094, 5302065.112099998], [-10957191.8794, 5302049.3477], [-10957086.6145, 5302008.3829], [-10956975.5766, 5301950.496200003], [-10956869.9252, 5301902.251999997], [-10956781.5511, 5301870.303199999], [-10956723.4726, 5301837.460500002], [-10956651.5795, 5301798.670299999], [-10956559.0515, 5301722.695100002], [-10956463.5183, 5301657.936499998], [-10956427.249, 5301647.743600003], [-10956374.6947, 5301632.973700002], [-10956259.8091, 5301630.358499996], [-10956247.552, 5301630.079400003], [-10956139.4808, 5301656.127499998], [-10956084.3856, 5301702.435400002], [-10956054.7191, 5301792.157499999], [-10956078.5152, 5301850.8488000035], [-10956152.1951, 5301896.3521], [-10956287.8138, 5301881.880500004], [-10956340.79, 5301945.555399999], [-10956503.5837, 5301971.575400002], [-10956465.0779, 5301980.2579], [-10956387.4089, 5302012.125100002], [-10956345.5994, 5302031.945299998], [-10956290.5823, 5302043.100400001], [-10956241.0333, 5302048.3347999975], [-10956177.6237, 5302041.068599999], [-10956020.3117, 5301916.922200002], [-10955960.1308, 5301871.770999998], [-10955922.8356, 5301818.515900001], [-10955887.8934, 5301772.262599997], [-10955821.4396, 5301723.1822], [-10955734.7434, 5301673.493000001], [-10955661.0698, 5301637.150700003], [-10955605.8712, 5301622.095299996], [-10955489.7032, 5301580.030000001], [-10955395.6175, 5301534.880500004], [-10955330.8728, 5301491.282200001], [-10955281.1431, 5301470.306400001], [-10955225.8396, 5301439.962399997], [-10955143.8751, 5301439.951300003], [-10955099.3298, 5301426.690899998], [-10955066.1717, 5301411.9789], [-10954987.7561, 5301364.076800004], [-10954885.4514, 5301308.704400003], [-10954808.0038, 5301262.728100002], [-10954625.9809, 5301141.277999997], [-10954614.1143, 5301163.273100004], [-10954296.1857, 5301072.7029], [-10954088.6515, 5300982.865599997], [-10953964.2804, 5300922.780599996], [-10953840.1873, 5300856.7597], [-10953782.2342, 5300841.386500001], [-10953696.6284, 5300797.649800003], [-10953638.2989, 5300739.7795], [-10953599.5844, 5300717.883400001], [-10953588.5571, 5300716.619000003], [-10953561.0335, 5300720.009499997], [-10953527.8923, 5300707.480899997], [-10953345.2991, 5300620.647399999], [-10953212.9926, 5300531.928300001], [-10953098.5742, 5300487.240000002], [-10952951.9364, 5300400.4243], [-10952851.9175, 5300342.547600001], [-10952801.908, 5300300.876599997], [-10952740.1002, 5300259.493900001], [-10952679.8511, 5300222.1652000025], [-10952571.4939, 5300174.6972], [-10952505.1249, 5300136.5375000015], [-10952428.9563, 5300115.6743], [-10952350.2598, 5300046.7705999985], [-10952296.3042, 5300011.125699997], [-10952229.9066, 5299968.598899998], [-10952164.4996, 5299909.640900001], [-10952108.0656, 5299873.891999997], [-10952020.4047, 5299804.3112], [-10951894.9573, 5299753.382799998], [-10951818.6717, 5299707.084600002], [-10951735.6053, 5299682.778099999], [-10951653.7222, 5299668.197999999], [-10951562.5965, 5299640.435800001], [-10951521.1579, 5299622.590899996], [-10951418.9919, 5299580.178800002], [-10951298.5727, 5299517.027000003], [-10951161.7682, 5299457.078299999], [-10951024.4541, 5299356.383100003], [-10951034.6255, 5299252.216799997], [-10950520.9694, 5298939.725100003], [-10950465.8741, 5298851.766199999], [-10950338.7315, 5298780.011], [-10950192.0937, 5298747.605599999], [-10950059.9336, 5298641.4196000025], [-10949664.8756, 5298464.063100003], [-10949445.3427, 5298402.726400003], [-10949408.8951, 5298351.805799998], [-10949268.1906, 5298319.401799999], [-10949149.5924, 5298266.455200002], [-10948943.5532, 5298167.799199998], [-10948515.5063, 5297975.695699997], [-10948476.0902, 5297933.969400004], [-10948424.9222, 5297890.894199997], [-10948369.7158, 5297828.755000003], [-10948228.1639, 5297707.2201000005], [-10948104.8788, 5297596.010799997], [-10948034.0653, 5297541.381200001], [-10947862.909, 5297405.482500002], [-10947764.6561, 5297344.6032000035], [-10947661.1078, 5297324.193000004], [-10947564.5306, 5297308.468099996], [-10947470.3766, 5297275.958499998], [-10947353.7655, 5297167.866499998], [-10947212.7182, 5297124.006800003], [-10947145.7528, 5297081.9846], [-10947043.1946, 5297023.3367], [-10946926.2235, 5296949.281300001], [-10946806.7094, 5296885.640299998], [-10946775.2723, 5296866.531300001], [-10946697.2701, 5296800.884499997], [-10946638.0149, 5296716.585600004], [-10946578.7003, 5296622.981399998], [-10946535.54, 5296537.646600001], [-10946418.5688, 5296516.819499999], [-10946414.5523, 5296500.859700002], [-10946394.5892, 5296439.673299998], [-10946340.3179, 5296389.804700002], [-10946336.2816, 5296370.743100002], [-10946298.1389, 5296268.924099997], [-10946252.4357, 5296209.625500001], [-10946195.2185, 5296173.456200004], [-10946151.8733, 5296128.183600001], [-10946119.0039, 5296016.359999999], [-10946087.1327, 5295929.012599997], [-10946074.9658, 5295862.525700003], [-10946067.6552, 5295739.308399998], [-10946149.0264, 5295711.541299999], [-10946137.0773, 5295679.174699999], [-10946119.6979, 5295621.981399998], [-10946099.7963, 5295570.105300002], [-10946077.7582, 5295520.357000001], [-10945833.9246, 5295526.285099998], [-10945849.7492, 5295867.443999998], [-10944893.599, 5295862.525799997], [-10944893.599, 5295696.2117], [-10945309.4614, 5295692.596199997], [-10945320.0565, 5295432.284599997], [-10945272.9153, 5295405.1743], [-10945217.9796, 5295383.367200002], [-10945124.0449, 5295374.438500002], [-10945019.9316, 5295376.898100004], [-10944956.3604, 5295376.898199998], [-10944839.7545, 5295367.7842999995], [-10944726.656, 5295359.544399999], [-10944668.4505, 5295352.746399999], [-10944597.7889, 5295319.833800003], [-10944487.8604, 5295266.9135000035], [-10944393.6, 5295215.793099999], [-10944289.5185, 5295158.895400003], [-10944230.6281, 5295130.434299998], [-10944204.9098, 5295114.135799997], [-10944194.3145, 5295222.594400004], [-10944201.9808, 5295312.111100003], [-10944133.3921, 5295309.362199999], [-10944051.2791, 5295309.362300001], [-10943980.7543, 5295298.159400001], [-10943906.2738, 5295280.303000003], [-10943844.6723, 5295269.593599997], [-10943794.3451, 5295262.362999998], [-10943711.895, 5295221.895400003], [-10943647.5196, 5295135.930600002], [-10943586.1933, 5295113.691399999], [-10943570.448, 5295099.484899998], [-10943558.6391, 5295088.8301], [-10943486.5917, 5295058.751199998], [-10943385.4858, 5295055.468999997], [-10943252.1366, 5295012.251000002], [-10943161.9123, 5294980.187299997], [-10943134.4166, 5294964.6303], [-10943122.6467, 5294960.178400002], [-10943079.0387, 5294991.0397000015], [-10943063.4869, 5295007.8477], [-10942997.3727, 5294984.710199997], [-10942926.7625, 5294931.466700003], [-10942860.0209, 5294899.001999997], [-10942832.4486, 5294871.039499998], [-10942789.1509, 5294831.972000003], [-10942687.1447, 5294799.612899996], [-10942671.5348, 5294807.116099998], [-10942636.2877, 5294857.455499999], [-10942562.677, 5294836.143299997], [-10942511.738, 5294827.1888], [-10942480.326, 5294811.181400001], [-10942478.6307, 5294144.860699996], [-10942431.1641, 5294114.7848000005], [-10942356.5738, 5294100.9036], [-10942254.8597, 5294059.260399997], [-10942153.1456, 5293987.5418], [-10941976.9066, 5293944.4142], [-10941784.642, 5293866.5320999995], [-10941627.7622, 5293814.409500003], [-10941592.5115, 5293810.356899999], [-10941572.9277, 5293808.105300002], [-10941521.9909, 5293799.150600001], [-10941478.8116, 5293778.692000002], [-10941451.3184, 5293763.135799997], [-10941431.7345, 5293760.884300001], [-10941392.6051, 5293762.583300002], [-10941369.1616, 5293769.1844], [-10941319.1476, 5293772.598999999], [-10941189.6672, 5293720.525899999], [-10941095.5327, 5293688.010499999], [-10940919.0146, 5293624.330700003], [-10940539.3145, 5293515.8901999965], [-10940506.0318, 5293513.612199999], [-10940435.5684, 5293511.706500001], [-10940361.2822, 5293524.8549000025], [-10940207.0159, 5293524.8549000025], [-10940074.3597, 5293490.828400001], [-10939901.8736, 5293446.200400002], [-10939820.781, 5293410.415100001], [-10939707.0651, 5293375.644400001], [-10939618.0653, 5293359.451099999], [-10939520.3035, 5293366.842799999], [-10939379.1153, 5293319.6149], [-10939120.3703, 5293249.567100003], [-10938943.8799, 5293241.692000002], [-10938944.0659, 5293272.700199999], [-10938323.6099, 5293265.760300003], [-10938068.4299, 5293304.944399998], [-10937876.0678, 5293182.481399998], [-10937840.4679, 5293145.468699999], [-10937817.1517, 5293173.771899998], [-10937715.3908, 5293174.455700003], [-10937452.7558, 5293091.8391999975], [-10937250.6697, 5293102.674400002], [-10937026.0512, 5293064.505400002], [-10937019.2701, 5292978.914999999], [-10937017.5749, 5292692.077200003], [-10936893.8227, 5292544.0352], [-10936766.2789, 5292486.818800002], [-10936725.5932, 5292498.384400003], [-10936723.898, 5292919.382600002], [-10936630.6602, 5292889.310800001], [-10936605.2316, 5292840.733199999], [-10936517.0794, 5292819.914399996], [-10936469.6129, 5292759.771200001], [-10936418.7557, 5292785.216300003], [-10936405.1938, 5292762.084399998], [-10936386.5464, 5292778.2766999975], [-10936242.8751, 5292609.9934], [-10936160.2323, 5292500.1193], [-10936115.8384, 5292450.676399998], [-10936081.9337, 5292385.909400001], [-10936008.897, 5292217.325599998], [-10935941.1007, 5292167.001699999], [-10935922.453, 5292079.106399998], [-10935876.6817, 5292035.159100004], [-10935847.0309, 5291997.324699998], [-10935815.5757, 5291964.454999998], [-10935749.9262, 5291916.399300002], [-10935645.4608, 5291873.512599997], [-10935596.968, 5291843.181199998], [-10935505.4253, 5291778.418399997], [-10935459.8029, 5291752.917199999], [-10935374.0672, 5291705.016199999], [-10935388.4541, 5291593.384499997], [-10935354.2475, 5291575.947300002], [-10935331.417, 5291559.819899999], [-10935276.591, 5291496.8549000025], [-10935233.5097, 5291481.8522000015], [-10935210.5492, 5291443.2124999985], [-10935170.6389, 5291366.756300002], [-10935066.8058, 5291317.608400002], [-10934943.9012, 5291230.877599999], [-10934818.8776, 5291222.204499997], [-10934695.9732, 5291144.147500001], [-10934581.5448, 5291092.109899998], [-10934581.5447, 5291175.948600002], [-10934547.3392, 5291158.511200003], [-10934490.3302, 5291129.449100003], [-10934450.3851, 5291102.3522000015], [-10934424.7505, 5291092.650899999], [-10934376.4287, 5291091.5852999985], [-10934342.2622, 5291080.9014], [-10934333.6656, 5291068.663099997], [-10934227.6645, 5290970.689900003], [-10934083.5694, 5290803.017099999], [-10933996.2233, 5290691.450400002], [-10933801.756, 5290480.0898], [-10933740.2844, 5290415.6467999965], [-10933754.2475, 5290312.124399997], [-10933713.5617, 5290284.373599999], [-10933669.4857, 5290217.309], [-10933508.4384, 5290124.806900002], [-10933493.1812, 5290214.996399999], [-10933376.6567, 5290162.433700003], [-10933331.078, 5290143.686700001], [-10933245.5957, 5290104.596900001], [-10933128.7057, 5290027.680799998], [-10932931.7903, 5289918.599600002], [-10932850.286, 5289851.9646999985], [-10932574.8103, 5289612.048799999], [-10932678.6433, 5289594.705700003], [-10932392.5725, 5289415.495700002], [-10932133.5818, 5289456.508000001], [-10932134.0491, 5289539.786200002], [-10931233.4557, 5289557.129299998], [-10931235.5747, 5289672.75], [-10931188.4186, 5289686.351499997], [-10931070.2893, 5289736.342], [-10930843.5516, 5289687.2026999965], [-10930724.8851, 5289635.173100002], [-10930718.0815, 5289357.075400002], [-10930108.2435, 5289236.289399996], [-10929171.6261, 5289234.844300002], [-10928831.5196, 5289221.8374999985], [-10928818.8055, 5290635.347900003], [-10928747.5221, 5290593.382299997], [-10928626.3775, 5290528.793899998], [-10928392.8053, 5290434.364699997], [-10928184.8424, 5290345.138599999], [-10928139.1563, 5290306.1259], [-10928073.6602, 5290282.823600002], [-10927965.4076, 5290236.592699997], [-10927837.2236, 5290183.563299999], [-10927721.6862, 5290103.874700002], [-10927687.559, 5290099.937200002], [-10927650.5636, 5290091.1699], [-10927616.2546, 5290053.469999999], [-10927564.9186, 5290020.553999998], [-10927510.8844, 5290019.713299997], [-10927471.0936, 5290019.620899998], [-10927407.5224, 5290106.340599999], [-10927376.7736, 5290136.370300002], [-10927344.1242, 5290153.315499999], [-10927307.1408, 5290146.798500001], [-10927253.0215, 5290124.807599999], [-10927227.3536, 5290108.348999999], [-10927198.878, 5290098.314900003], [-10927132.6089, 5290070.937600002], [-10927081.4421, 5290069.5320999995], [-10927038.9275, 5290091.619000003], [-10927013.3802, 5290097.668799996], [-10926987.3875, 5290020.438199997], [-10926971.3185, 5289868.656000003], [-10926959.7986, 5289840.334100001], [-10926951.1706, 5289821.3434000015], [-10926905.4877, 5289782.331299998], [-10926871.3008, 5289767.139200002], [-10926851.3214, 5289751.3376], [-10926828.426, 5289721.703299999], [-10926816.8944, 5289691.130900003], [-10926773.5044, 5289662.228799999], [-10926739.3427, 5289742.335900001], [-10926716.9515, 5289807.232699998], [-10926684.5047, 5289851.849600002], [-10926644.9538, 5289896.771600001], [-10926623.2482, 5289952.8445999995], [-10926609.1485, 5289973.711400002], [-10926592.3967, 5290030.262800001], [-10926569.8251, 5290061.3989999965], [-10926524.4898, 5290087.6586000025], [-10926476.2027, 5290093.332699999], [-10926419.3117, 5290084.517099999], [-10926407.8521, 5290067.4485], [-10926402.1403, 5290062.2905], [-10926375.1709, 5289920.758000001], [-10926372.0398, 5289866.411399998], [-10926371.7526, 5289812.393299997], [-10926371.3099, 5289729.116099998], [-10926399.7051, 5289705.008900002], [-10926447.2581, 5289728.025899999], [-10926452.2574, 5289730.445799999], [-10926447.2581, 5289768.946199998], [-10926438.6058, 5289835.5776999965], [-10926438.7735, 5289867.088399999], [-10926444.6289, 5289899.255599998], [-10926452.8862, 5289902.816600002], [-10926458.8725, 5289905.398199998], [-10926492.0955, 5289908.505500004], [-10926526.9109, 5289872.761699997], [-10926505.6574, 5289842.599799998], [-10926621.89, 5289735.322300002], [-10926647.2094, 5289686.509300001], [-10926672.4448, 5289621.941699997], [-10926705.6951, 5289552.389300004], [-10926714.1712, 5289493.423299998], [-10926709.9331, 5289446.0195999965], [-10926758.2309, 5289442.596000001], [-10926817.9521, 5289449.4877], [-10926874.8861, 5289423.772100002], [-10926886.2375, 5289420.583499998], [-10926880.4537, 5289401.921800002], [-10926805.7139, 5289321.1523], [-10926748.076, 5289282.9987], [-10926706.3905, 5289271.621799998], [-10926650.7138, 5289223.5858], [-10926599.369, 5289188.420400001], [-10926486.1621, 5289030.957900003], [-10926406.486, 5288922.281900004], [-10926308.1624, 5288826.324299999], [-10926231.8769, 5288748.865199998], [-10926164.0674, 5288688.748199999], [-10926095.4832, 5288617.857900001], [-10926004.1137, 5288537.590899996], [-10925877.5726, 5288422.850699998], [-10925804.6775, 5288291.060699999], [-10925739.5352, 5288249.905299999], [-10925691.0969, 5288226.3226], [-10925652.2435, 5288186.049599998], [-10925577.516, 5288078.351199999], [-10925296.107, 5287754.671899997], [-10925167.2692, 5287627.515100002], [-10924923.1553, 5287410.196800001], [-10924821.4412, 5287294.604000002], [-10924665.4795, 5287155.894500002], [-10924589.194, 5287116.593900003], [-10924487.4799, 5286964.016400002], [-10924376.2075, 5286878.563900001], [-10924258.6231, 5286758.272], [-10924193.1221, 5286689.0031], [-10923956.8713, 5286540.9738000035], [-10923697.5004, 5286332.927199997], [-10923507.4093, 5286096.564499997], [-10923441.6623, 5286021.517099999], [-10923364.4582, 5285900.8072], [-10923307.3924, 5285855.993600003], [-10923284.3088, 5285839.175800003], [-10923284.3261, 5285840.144900002], [-10923271.9964, 5285829.010799997], [-10923257.1419, 5285827.929799996], [-10923247.8063, 5285844.957699999], [-10923233.6676, 5285917.7826000005], [-10923219.1102, 5285950.183799997], [-10923173.9853, 5286001.0625], [-10923129.5967, 5285974.635300003], [-10923124.9985, 5285930.968900003], [-10923127.9014, 5285854.437100001], [-10923122.321, 5285723.693400003], [-10923124.6094, 5285661.120099999], [-10923121.6193, 5285619.238399997], [-10923099.0823, 5285586.308499999], [-10923080.1283, 5285550.545500003], [-10923056.7015, 5285510.031900004], [-10923000.0372, 5285484.8508], [-10922918.8167, 5285461.626599997], [-10922842.5656, 5285439.508599997], [-10922810.2434, 5285403.293099999], [-10922776.979, 5285363.773900002], [-10922748.8822, 5285331.241700001], [-10922732.4105, 5285301.649300002], [-10922685.445, 5285253.469800003], [-10922595.5975, 5285223.422399998], [-10922549.8262, 5285218.799699999], [-10922541.35, 5285154.082699999], [-10922507.5135, 5285111.8024], [-10922475.9282, 5285071.413099997], [-10922430.1876, 5285026.726499997], [-10922387.0836, 5284987.6696000025], [-10922445.2812, 5284890.372299999], [-10922462.1535, 5284849.722599998], [-10922486.3952, 5284789.576899998], [-10922502.6291, 5284755.775899999], [-10922505.7501, 5284724.188100003], [-10922473.934, 5284704.539800003], [-10922437.9407, 5284726.499300003], [-10922410.8169, 5284768.101099998], [-10922375.217, 5284768.101199999], [-10922363.3503, 5284731.121600002], [-10922376.9121, 5284682.586400002], [-10922334.8098, 5284675.061899997], [-10922285.656, 5284653.943700001], [-10922265.6974, 5284630.552699998], [-10922225.5659, 5284580.126100004], [-10922192.1315, 5284509.248099998], [-10922154.8363, 5284389.068899997], [-10922139.5793, 5284310.490800001], [-10922098.8937, 5284338.224200003], [-10922066.6841, 5284334.7575], [-10922037.8652, 5284348.624300003], [-10922054.0965, 5284391.204700001], [-10922049.7319, 5284409.869000003], [-10922028.264, 5284406.857199997], [-10921983.6177, 5284413.335600004], [-10921967.513, 5284510.403700002], [-10921918.4506, 5284538.069300003], [-10921873.4274, 5284518.492799997], [-10921843.7607, 5284459.558399998], [-10921761.5553, 5284380.5361], [-10921683.5485, 5284326.2678999975], [-10921607.6451, 5284288.748499997], [-10921553.028, 5284251.557800002], [-10921456.3995, 5284131.381800003], [-10921448.4094, 5284052.449600004], [-10921432.598, 5284019.7421], [-10921390.234, 5283976.513700001], [-10921347.9045, 5283930.321500003], [-10921276.7046, 5283917.6109], [-10921226.8443, 5283872.452], [-10921195.1792, 5283832.056999996], [-10921126.6764, 5283756.997199997], [-10921002.9966, 5283643.598899998], [-10920947.8603, 5283586.118100002], [-10920876.9841, 5283511.265500002], [-10920813.0579, 5283462.353100002], [-10920748.8903, 5283432.579400003], [-10920691.53, 5283384.425700001], [-10920641.1, 5283320.869099997], [-10920578.7166, 5283294.495899998], [-10920529.106, 5283231.266199999], [-10920486.6793, 5283157.686499998], [-10920455.3632, 5283081.062700003], [-10920416.3729, 5283004.806500003], [-10920331.611, 5282899.666299999], [-10920258.6442, 5282876.329999998], [-10920177.5783, 5282819.594499998], [-10920115.2467, 5282769.271300003], [-10920022.5529, 5282720.231399998], [-10919937.4689, 5282678.991499998], [-10919899.5502, 5282649.056999996], [-10919832.2457, 5282596.562299997], [-10919762.109, 5282532.561099999], [-10919681.4885, 5282440.991800003], [-10919621.8216, 5282352.356899999], [-10919552.5202, 5282286.856200002], [-10919450.9315, 5282196.560199998], [-10919305.9939, 5282077.0722], [-10919054.2514, 5281886.453100003], [-10918928.8593, 5281789.453500003], [-10918856.7247, 5281711.384400003], [-10918760.1282, 5281579.1603000015], [-10918663.4998, 5281529.486199997], [-10918596.9185, 5281515.0616], [-10918501.0103, 5281443.295500003], [-10918338.8623, 5281433.604199998], [-10918325.4888, 5281399.056199998], [-10918299.8719, 5281323.8609], [-10918083.7294, 5281185.239699997], [-10917903.1869, 5281097.447300002], [-10917762.7889, 5281048.4059000015], [-10917635.6261, 5281001.237499997], [-10917466.9382, 5280944.0913999975], [-10917362.6312, 5280891.580899999], [-10917284.3063, 5280854.316100001], [-10917228.204, 5280820.152599998], [-10917155.5883, 5280838.695600003], [-10917114.4995, 5280806.914399996], [-10917080.1503, 5280783.249600001], [-10917014.6159, 5280764.4956], [-10916953.9445, 5280793.530599996], [-10916819.0841, 5280790.180299997], [-10916418.4789, 5280779.611100003], [-10916408.8372, 5280644.636399999], [-10915850.2573, 5280624.999799997], [-10915848.562, 5280443.650799997], [-10915621.1026, 5280438.837899998], [-10915616.1453, 5280332.209700003], [-10915209.289, 5280316.038800001], [-10915207.5938, 5280156.6417], [-10914978.0135, 5280127.376500003], [-10914991.5754, 5279993.393100001], [-10914761.0235, 5279977.2228000015], [-10914754.2426, 5279854.7914], [-10914471.1383, 5279843.241499998], [-10914472.8335, 5279695.4021999985], [-10914203.2912, 5279706.952], [-10914206.6816, 5279572.974600002], [-10913950.7011, 5279568.354599997], [-10913950.7012, 5279448.238600001], [-10913691.3301, 5279434.379199997], [-10913696.4158, 5279323.504199997], [-10913428.0602, 5279309.645000003], [-10913419.584, 5279189.532200001], [-10913289.3704, 5279188.247900002], [-10913287.675, 5279045.0385000035], [-10913016.118, 5279039.393399999], [-10913014.4227, 5278799.176399998], [-10912719.452, 5278806.105700001], [-10912727.9281, 5278928.5233], [-10912536.3665, 5278928.523400001], [-10912539.757, 5279055.562200002], [-10912263.7533, 5279056.5876], [-10912258.3481, 5278900.806000002], [-10911870.1392, 5278900.806000002], [-10911863.3583, 5278771.4595], [-10911315.7974, 5278757.601099998], [-10911312.4069, 5278616.707999997], [-10911045.3075, 5278612.936099999], [-10911036.0836, 5278494.294500001], [-10910655.077, 5278477.287600003], [-10910649.4192, 5278395.748099998], [-10910532.5988, 5278385.740400001], [-10910525.6936, 5278277.858099997], [-10910278.3135, 5278256.400899999], [-10910281.0357, 5278171.304399997], [-10910149.7952, 5278162.732500002], [-10910153.1856, 5278033.396200001], [-10909892.9523, 5278024.194399998], [-10909890.1048, 5277919.203000002], [-10909766.1838, 5277895.805299997], [-10909760.1383, 5277801.454999998], [-10909628.9284, 5277784.662199996], [-10909632.429, 5277676.704999998], [-10909467.7517, 5277685.115500003], [-10909476.4673, 5277528.899899997], [-10909271.344, 5277517.3527000025], [-10909262.1066, 5277389.244000003], [-10909002.1211, 5277389.050499998], [-10908998.6799, 5277266.050399996], [-10908713.6117, 5277261.009099998], [-10908705.1354, 5277122.447700001], [-10908561.0404, 5277115.519699998], [-10908555.9548, 5276993.125600003], [-10908074.508, 5276986.197800003], [-10908055.8605, 5276953.867600001], [-10907891.4227, 5276965.413999997], [-10907827.3232, 5276968.748599999], [-10907722.0898, 5276983.322700001], [-10907604.928, 5277002.362999998], [-10907489.8442, 5277093.652400002], [-10907405.2097, 5277118.8543], [-10907316.7381, 5277150.159900002], [-10907220.1096, 5277203.274899997], [-10907168.1203, 5277231.5836], [-10907104.8337, 5277272.556100003], [-10907017.2657, 5277310.501699999], [-10906862.4151, 5277358.003300004], [-10906766.548, 5277022.0385000035], [-10906664.0725, 5276662.900899999], [-10906508.1109, 5276117.939400002], [-10906553.5474, 5276080.2929000035], [-10906628.4726, 5276044.048699997], [-10906622.4331, 5274098.4234], [-10906648.4682, 5274094.575499997], [-10906697.6592, 5274075.337399997], [-10906757.0987, 5274060.338299997], [-10906774.4745, 5274062.351599999], [-10906765.4686, 5274086.880400002], [-10906744.8079, 5274102.751999997], [-10906717.2604, 5274123.673600003], [-10906735.802, 5274151.809699997], [-10906770.291, 5274155.0276999995], [-10906811.5871, 5274166.6774], [-10906883.2836, 5274180.133100003], [-10906971.5455, 5274197.982000001], [-10907069.4236, 5274219.116499998], [-10907128.1028, 5274234.495899998], [-10907171.5423, 5274239.528700002], [-10907182.3376, 5274225.333800003], [-10907188.9731, 5274153.9597999975], [-10907186.6792, 5274124.519000001], [-10907208.3487, 5274115.0163], [-10907214.9005, 5274124.356200002], [-10907223.6457, 5274139.0988000035], [-10907219.4737, 5274205.196400002], [-10907223.7057, 5274254.153099999], [-10907247.0212, 5274270.126599997], [-10907289.4718, 5274298.213299997], [-10907332.9834, 5274320.416299999], [-10907374.3013, 5274337.216600001], [-10907427.1488, 5274364.390600003], [-10907885.0442, 5274557.019400001], [-10908158.1626, 5274503.936700001], [-10908157.8938, 5274440.4048999995], [-10908056.6867, 5274427.155500002], [-10908056.2744, 5274330.550399996], [-10908041.4295, 5274200.330899999], [-10908033.801, 5274039.306100003], [-10908016.001, 5273881.746799998], [-10908552.5428, 5273855.775700003], [-10908561.4428, 5273734.578299999], [-10909128.4988, 5273665.323399998], [-10909128.4989, 5273821.147699997], [-10909434.9126, 5273831.535899997], [-10909694.4921, 5273837.575800002], [-10909712.0835, 5273405.622000001], [-10909816.0014, 5273391.771399997], [-10909843.5489, 5273553.362300001], [-10910209.2164, 5273563.642099999], [-10910537.0857, 5273637.841300003], [-10910809.2411, 5273697.039499998], [-10910801.0429, 5274294.129799999], [-10910790.5771, 5274439.728600003], [-10910819.5011, 5274611.165799998], [-10911035.9507, 5274679.835900001], [-10911286.7502, 5274689.0854], [-10911305.8217, 5274918.519199997], [-10911858.8921, 5274927.177199997], [-10912138.3055, 5275172.284199998], [-10912987.2829, 5275169.6039], [-10913003.1757, 5275680.452799998], [-10913235.4577, 5275689.459399998], [-10913433.8001, 5275634.043899998], [-10913672.8283, 5275465.490400001], [-10913866.085, 5275400.840499997], [-10913967.2185, 5275287.368000001], [-10914049.1704, 5275165.334100001], [-10913713.5138, 5275169.951899998], [-10913703.3424, 5274861.724399999], [-10914097.0354, 5274858.071699999], [-10914115.7696, 5274686.824600004], [-10914098.8337, 5274531.668899998], [-10914066.5403, 5274400.592699997], [-10914043.1099, 5274278.6017], [-10914077.0145, 5274123.924099997], [-10914051.5859, 5273888.4498], [-10914077.0145, 5273717.619199999], [-10914139.7382, 5273581.4186], [-10914175.3381, 5273486.771899998], [-10914244.8427, 5273348.266199999], [-10914245.6112, 5273251.554499999], [-10914083.7954, 5273232.8464], [-10914015.9859, 5272665.001599997], [-10914535.3674, 5272665.197999999], [-10914557.0618, 5272593.653399996], [-10914560.1563, 5272512.658699997], [-10914499.1278, 5272397.249200001], [-10914467.1317, 5272339.439599998], [-10914458.4422, 5272300.306199998], [-10914463.4219, 5272287.467100002], [-10914481.5398, 5272279.677100003], [-10914517.7754, 5272288.7654], [-10914504.2135, 5272147.969400004], [-10914583.8895, 5271984.0945999995], [-10914668.2849, 5271825.6395], [-10914779.4811, 5271552.690800004], [-10914832.7076, 5271321.844400004], [-10914849.6599, 5271132.597499996], [-10914876.7837, 5271040.283299997], [-10914876.7837, 5270920.2761999965], [-10914876.7837, 5270774.8851], [-10914862.447, 5270644.527900003], [-10914792.0219, 5270223.342100002], [-10914755.7476, 5268995.808300003], [-10914800.4978, 5268204.371200003], [-10914812.3645, 5267802.936099999], [-10914820.8406, 5267410.745999999], [-10914869.9363, 5267289.7566], [-10914878.319, 5267261.582000002], [-10914880.9344, 5267212.565300003], [-10914880.3469, 5267082.476599999], [-10914893.7356, 5266914.7641], [-10914981.8878, 5266684.083899997], [-10915097.3664, 5266526.9881], [-10915131.1598, 5266472.6096], [-10915088.4186, 5266293.754699998], [-10915045.6129, 5266261.603], [-10914988.6392, 5266207.950400002], [-10914925.9289, 5266140.186499998], [-10914873.3927, 5266075.115000002], [-10914801.9566, 5266021.1545], [-10914748.5975, 5266029.056000002], [-10914694.3144, 5266035.423699997], [-10914614.1649, 5266022.649899997], [-10914533.8573, 5265974.696599998], [-10914464.8411, 5265881.360600002], [-10914369.9079, 5265726.821000002], [-10914240.2097, 5265690.792099997], [-10914191.2083, 5265678.099600002], [-10914137.6608, 5265643.7861], [-10914020.3363, 5265512.081100002], [-10913943.521, 5265400.361400001], [-10913795.1086, 5265298.8948], [-10913693.3491, 5265054.201399997], [-10913599.1763, 5264888.6294], [-10913530.3074, 5264755.295500003], [-10913440.2481, 5264712.0524], [-10913201.8556, 5264647.188199997], [-10913210.5729, 5264606.0079], [-10913127.6891, 5264531.875100002], [-10913092.1742, 5264411.313100003], [-10913090.6059, 5264304.856799997], [-10913132.9867, 5264193.1511999965], [-10913374.0279, 5264034.6039], [-10913562.093, 5263919.298199996], [-10913636.7893, 5263820.280699998], [-10913700.8776, 5263717.341600001], [-10913718.3724, 5263649.056400001], [-10913714.2697, 5263606.680299997], [-10913689.3416, 5263536.637999997], [-10913655.4368, 5263481.294200003], [-10913631.0441, 5263459.831900001], [-10913576.6084, 5263404.043899998], [-10913537.618, 5263332.559100002], [-10913521.9371, 5263268.568999998], [-10913515.5799, 5263192.473399997], [-10913541.0084, 5263114.6489999965], [-10913589.3226, 5262903.661499999], [-10913585.5084, 5262806.816500001], [-10913542.2798, 5262690.949600004], [-10913481.2513, 5262609.670500003], [-10913484.8945, 5262486.232900001], [-10913498.554, 5262355.089500003], [-10913486.337, 5262166.972099997], [-10913438.0227, 5261961.193400003], [-10913455.8227, 5261795.190499999], [-10913460.9084, 5261653.398699999], [-10913436.7514, 5261480.4846], [-10913412.4032, 5261416.9903], [-10913349.2688, 5261303.982799999], [-10913314.6944, 5261191.725299999], [-10913298.8016, 5261157.576200001], [-10913321.0515, 5261010.174599998], [-10913378.2656, 5260870.123599999], [-10913417.8405, 5260758.286899999], [-10913478.7084, 5260695.494999997], [-10913546.3424, 5260616.091200002], [-10913530.8368, 5260583.111900002], [-10913519.394, 5260545.074900001], [-10913554.513, 5260531.568700001], [-10913574.4135, 5260524.870399997], [-10913579.151, 5260475.917099997], [-10913755.8792, 5260425.777800001], [-10913808.0077, 5260380.825800002], [-10913792.7505, 5260285.735600002], [-10913880.479, 5259971.0801], [-10913914.2554, 5259882.772699997], [-10913967.7829, 5259754.0167], [-10914029.2357, 5259552.708400004], [-10914056.0353, 5259456.995499998], [-10914081.3643, 5259390.2053999975], [-10914076.9974, 5259368.337300003], [-10914071.1224, 5259327.180100001], [-10914048.1469, 5259281.800099999], [-10913974.5643, 5259091.138099998], [-10913882.7007, 5258966.527500004], [-10913838.5218, 5258857.768399999], [-10913850.4911, 5258745.261399999], [-10913877.6149, 5258634.630199999], [-10913912.3997, 5258502.697300002], [-10913952.9501, 5258361.660999998], [-10914003.8071, 5258328.818700001], [-10914099.8498, 5258300.861000001], [-10914214.9667, 5258305.049199998], [-10914287.889, 5258278.451700002], [-10914333.2831, 5258243.2163999975], [-10914355.8016, 5258185.103699997], [-10914387.7778, 5258135.2236], [-10914446.2634, 5258026.328000002], [-10914418.2921, 5257927.804499999], [-10914328.0207, 5257832.739100002], [-10914256.5029, 5257798.963200003], [-10914167.5517, 5257771.156300001], [-10914120.7783, 5257732.489299998], [-10914082.6355, 5257685.821599998], [-10914047.0355, 5257613.228], [-10914019.0642, 5257578.659699999], [-10914007.6213, 5257495.696500003], [-10913986.2216, 5257368.091700003], [-10913963.1214, 5257293.476800002], [-10913964.3928, 5257248.539800003], [-10913979.7182, 5257182.973899998], [-10913926.25, 5256944.355599999], [-10913959.0118, 5256834.840899996], [-10913930.0642, 5256685.1153], [-10913945.2122, 5256649.5405], [-10913953.658, 5256628.032899998], [-10913971.7002, 5256602.014200002], [-10914008.7836, 5256568.889799997], [-10914025.7358, 5256554.487999998], [-10914059.6406, 5256521.363899998], [-10914083.4606, 5256456.139600001], [-10914094.4392, 5256362.9826000035], [-10914100.9619, 5256106.601599999], [-10914205.5974, 5255600.831799999], [-10914197.1212, 5255482.749499999], [-10914126.685, 5255399.0788], [-10914055.2208, 5255330.137500003], [-10913965.0859, 5255258.109200001], [-10913851.7171, 5255137.1511999965], [-10913777.5505, 5255034.9142], [-10913669.7364, 5254979.0594], [-10913495.7177, 5254876.520900004], [-10913357.9798, 5254754.1281], [-10913254.4037, 5254623.400399998], [-10913215.2015, 5254560.045599997], [-10913182.3563, 5254508.210100003], [-10913126.2016, 5254371.4234], [-10913083.8208, 5254296.551600002], [-10913024.5698, 5254218.200099997], [-10912978.8916, 5254145.056199998], [-10912961.9758, 5254097.855999999], [-10912976.809, 5253799.820699997], [-10912964.0947, 5253677.441699997], [-10912992.7018, 5253595.376699999], [-10913157.9871, 5253452.844300002], [-10913200.7802, 5253410.6526999995], [-10913238.7795, 5253364.137500003], [-10913313.7369, 5253262.8046], [-10913320.094, 5253177.863899998], [-10913279.9988, 5253121.413999997], [-10913243.26, 5253081.480599999], [-10913208.7158, 5253028.086900003], [-10913168.1134, 5252973.994199999], [-10913135.9038, 5252879.554499999], [-10913125.7324, 5252817.3631], [-10913118.7848, 5252774.765900001], [-10913105.0111, 5252740.215300001], [-10913052.5678, 5252760.212800004], [-10913031.0784, 5252759.618100002], [-10913000.0103, 5252752.262800001], [-10912963.6256, 5252720.506499998], [-10912952.0443, 5252701.486100003], [-10912961.5017, 5252679.956799999], [-10913002.0189, 5252663.896700002], [-10913076.0085, 5252659.239299998], [-10913064.6468, 5252540.432800002], [-10913062.1611, 5252517.5254999995], [-10913052.6254, 5252454.4727], [-10913033.5541, 5252381.055600002], [-10913046.2683, 5252313.685199998], [-10913042.4066, 5252248.2075999975], [-10913010.0326, 5252175.490800001], [-10913000.697, 5252079.990699999], [-10912983.9684, 5251999.295999996], [-10912976.9756, 5251879.243699998], [-10913170.8681, 5251884.425700001], [-10913179.1323, 5251998.432400003], [-10913260.7607, 5252149.997900002], [-10913269.4036, 5252258.4070999995], [-10913264.9988, 5252311.224299997], [-10913259.1676, 5252360.0901999995], [-10913261.7751, 5252411.286200002], [-10913273.88, 5252450.383199997], [-10913310.187, 5252545.843999997], [-10913312.689, 5252572.5233], [-10913317.7178, 5252631.539800003], [-10913341.9446, 5252713.507600002], [-10913375.5474, 5252755.086300001], [-10913427.908, 5252809.013400003], [-10913460.7533, 5252898.2695999965], [-10913465.6525, 5252927.111400001], [-10913468.2336, 5253005.225100003], [-10913475.5866, 5253049.431400001], [-10913492.4128, 5253075.879500002], [-10913525.6412, 5253127.475699998], [-10913581.7959, 5253213.855599999], [-10913602.7292, 5253279.777800001], [-10913626.8768, 5253342.889600001], [-10913644.3078, 5253399.575199999], [-10913663.2616, 5253475.281000003], [-10913661.1342, 5253535.362400003], [-10913652.5268, 5253572.037799999], [-10913647.2292, 5253622.428400002], [-10913620.7411, 5253687.216799997], [-10913543.6532, 5253814.218099996], [-10913478.7652, 5253895.982000001], [-10913404.5987, 5254019.803599998], [-10913340.225, 5254145.369800001], [-10913348.7013, 5254236.078500003], [-10913378.8873, 5254289.7722999975], [-10913414.8735, 5254329.747000001], [-10913471.3486, 5254411.4362], [-10913513.7296, 5254483.429200001], [-10913547.8784, 5254551.237499997], [-10913552.7867, 5254581.970399998], [-10913572.0032, 5254608.698399998], [-10913610.3137, 5254633.858999997], [-10913641.3188, 5254626.124600001], [-10913680.9461, 5254599.578400001], [-10913714.3726, 5254599.664800003], [-10913764.6107, 5254622.430799998], [-10913795.8042, 5254658.082500003], [-10913815.0785, 5254698.015299998], [-10913829.5998, 5254743.056000002], [-10913855.9669, 5254766.838600002], [-10913878.205, 5254800.2051], [-10913908.6222, 5254814.454300001], [-10913949.9435, 5254795.735299997], [-10913991.2648, 5254707.901000001], [-10914016.6934, 5254700.7016], [-10914065.4314, 5254705.021200001], [-10914114.5981, 5254731.054399997], [-10914148.074, 5254742.458700001], [-10914157.7198, 5254764.311499998], [-10914143.5107, 5254790.953699999], [-10914143.7083, 5254836.227399997], [-10914153.3717, 5254879.250699997], [-10914191.5145, 5254931.088299997], [-10914238.1335, 5254893.6501], [-10914272.4195, 5254920.8488000035], [-10914294.2882, 5254968.526600003], [-10914311.2404, 5255000.205499999], [-10914272.0382, 5255039.083899997], [-10914234.9549, 5255066.443099998], [-10914259.3239, 5255118.2817], [-10914279.4548, 5255162.920699999], [-10914320.7762, 5255233.479500003], [-10914373.8936, 5255269.767099999], [-10914431.0402, 5255319.071400002], [-10914477.3029, 5255380.358599998], [-10914491.7404, 5255426.983599998], [-10914503.5801, 5255521.933200002], [-10914490.2955, 5255583.170199998], [-10914463.3183, 5255648.656300001], [-10914434.0538, 5255688.937399998], [-10914431.5316, 5255762.8314], [-10914478.9982, 5255960.986000001], [-10914473.9125, 5256043.935699999], [-10914507.8172, 5256258.2258], [-10914512.903, 5256382.6545], [-10914497.8014, 5256528.317599997], [-10914488.2203, 5256660.9199], [-10914470.4188, 5256774.7119999975], [-10914458.9776, 5256856.2129999995], [-10914442.449, 5256876.952399999], [-10914385.2348, 5256904.6049000025], [-10914261.9065, 5256984.106200002], [-10914218.678, 5257061.880000003], [-10914159.1299, 5257239.936499998], [-10914169.301, 5257287.202], [-10914200.878, 5257347.056000002], [-10914223.8317, 5257387.9278], [-10914277.1636, 5257466.313900001], [-10914363.6207, 5257561.375699997], [-10914424.6491, 5257625.326899998], [-10914505.6993, 5257695.182099998], [-10914585.1635, 5257732.631300002], [-10914631.8916, 5257794.713200003], [-10914677.3419, 5257862.264899999], [-10914738.6914, 5257986.572800003], [-10914739.0698, 5258072.060999997], [-10914678.4015, 5258311.675300002], [-10914638.2488, 5258470.560400002], [-10914609.006, 5258525.874899998], [-10914553.0633, 5258608.847099997], [-10914498.392, 5258752.321800001], [-10914462.7921, 5258885.426700003], [-10914440.3526, 5258961.542199999], [-10914387.7779, 5259123.983099997], [-10914321.9047, 5259315.428599998], [-10914214.8639, 5259575.182400003], [-10914167.8212, 5259671.9943], [-10914116.9642, 5259889.824600004], [-10914075.0072, 5260038.5053], [-10914024.1501, 5260204.477300003], [-10914005.0788, 5260306.4824], [-10913987.2788, 5260564.0933], [-10913916.079, 5260686.8499], [-10913841.0649, 5260790.589299999], [-10913739.3507, 5260908.161899999], [-10913638.9081, 5261010.174599998], [-10913566.9604, 5261110.754900001], [-10913544.3987, 5261159.8816], [-10913552.13, 5261193.020199999], [-10913595.5704, 5261216.074500002], [-10913654.9036, 5261237.688000001], [-10913731.1924, 5261338.985699996], [-10913771.4511, 5261403.392800003], [-10913820.7608, 5261426.324000001], [-10913846.4685, 5261445.037600003], [-10913856.692, 5261503.575400002], [-10913848.1637, 5261668.672899999], [-10913841.3828, 5261910.758199997], [-10913813.832, 5262047.508500002], [-10913809.0149, 5262228.981600001], [-10913814.5769, 5262550.441200003], [-10913832.9035, 5262713.284999996], [-10913880.0732, 5262874.071199998], [-10913903.4517, 5263009.499300003], [-10913899.5506, 5263211.929700002], [-10913894.0124, 5263247.285099998], [-10913883.0257, 5263338.254100002], [-10913907.1058, 5263523.081600003], [-10913917.6653, 5263588.089000002], [-10913932.2643, 5263666.373800002], [-10913943.9194, 5263683.403999999], [-10913953.9571, 5263708.743100002], [-10913924.9792, 5263762.484999999], [-10913905.9079, 5263863.375500001], [-10913923.9727, 5264233.623300001], [-10913935.998, 5264376.758100003], [-10913959.5727, 5264491.918200001], [-10914001.1059, 5264601.465099998], [-10914032.7155, 5264665.866599999], [-10914052.7891, 5264697.435400002], [-10914045.3592, 5264821.648400001], [-10914034.2129, 5265038.108099997], [-10914042.6392, 5265131.9208], [-10914112.5323, 5265198.4221], [-10914163.8485, 5265201.112899996], [-10914215.0522, 5265189.026600003], [-10914303.3644, 5265196.977399997], [-10914459.6671, 5265225.330300003], [-10914531.1065, 5265280.834700003], [-10914588.7474, 5265345.684699997], [-10914627.4953, 5265347.571099997], [-10914735.944, 5265400.599799998], [-10914808.4837, 5265449.819899999], [-10914831.7712, 5265487.112099998], [-10914927.0398, 5265584.753700003], [-10915149.5394, 5265837.031099997], [-10915295.2237, 5266024.441399999], [-10915318.3534, 5266089.006800003], [-10915364.9724, 5266096.215099998], [-10915406.4735, 5266053.2742], [-10915491.1975, 5265954.185099997], [-10915622.4362, 5265764.642800003], [-10915668.2387, 5265680.582400002], [-10915689.8955, 5265555.9223000035], [-10916011.3414, 5265119.9692], [-10916292.7503, 5264771.595200002], [-10916458.3987, 5264637.384300001], [-10916674.1781, 5264494.957999997], [-10916853.873, 5264395.790299997], [-10917016.0274, 5264368.0326000005], [-10917218.3485, 5264271.255400002], [-10917499.7576, 5264167.477799997], [-10917678.9678, 5264070.923100002], [-10917738.3011, 5264006.063199997], [-10917879.2175, 5263926.7907000035], [-10918054.0993, 5263851.539399996], [-10918260.9179, 5263736.236100003], [-10919120.977, 5263557.821999997], [-10919689.7993, 5263465.723200001], [-10920246.8857, 5263410.511699997], [-10920358.4985, 5263442.5222999975], [-10921096.6221, 5263462.3961], [-10921623.5675, 5263500.171899997], [-10921795.5774, 5263582.678300001], [-10921967.9121, 5263696.183399998], [-10922041.0192, 5263765.364799999], [-10922179.8166, 5263812.927299999], [-10922363.6669, 5263889.875799999], [-10922587.7325, 5263991.6494999975], [-10922645.8042, 5264021.2272000015], [-10922730.2094, 5264069.429200001], [-10922844.1368, 5264137.224100001], [-10922966.4724, 5264259.720299996], [-10923130.9042, 5264436.7250000015], [-10923178.2929, 5264502.264799997], [-10923236.1147, 5264719.385799997], [-10923238.2337, 5264955.783699997], [-10923276.5285, 5265122.453599997], [-10923312.4455, 5265265.863899998], [-10923351.6479, 5265371.095299996], [-10923367.6474, 5265445.815300003], [-10923389.8973, 5265507.628899999], [-10923430.5829, 5265466.9772000015], [-10923485.2543, 5265391.728699997], [-10923548.1899, 5265345.887900002], [-10923593.3254, 5265305.236900002], [-10923600.9541, 5265400.377899997], [-10923545.647, 5265432.380000003], [-10923485.2542, 5265466.112199999], [-10923437.5758, 5265505.899099998], [-10923453.5287, 5265539.308499999], [-10923508.7756, 5265517.143100001], [-10923572.0284, 5265509.483499996], [-10923750.0281, 5265519.574299999], [-10923943.6635, 5265556.607199997], [-10924108.9489, 5265565.2566], [-10924210.9201, 5265607.5097], [-10924347.3412, 5265694.998199999], [-10924432.5268, 5265783.223399997], [-10924579.5635, 5265981.650600001], [-10924671.555, 5266113.642999999], [-10924770.7262, 5266321.242299996], [-10924918.6742, 5266586.851099998], [-10925058.5376, 5266773.811399996], [-10925256.6683, 5266868.967200004], [-10925360.0579, 5266999.432300001], [-10925716.0571, 5267366.2289], [-10925837.2862, 5267451.457199998], [-10926002.0772, 5267578.469899997], [-10926167.8571, 5267631.690300003], [-10926329.2576, 5267751.496100001], [-10926515.7334, 5267793.0227999985], [-10926698.6775, 5267892.674099997], [-10926834.4377, 5267878.383900002], [-10926953.104, 5267880.690899998], [-10927197.2178, 5267945.2892], [-10927536.2649, 5267963.745700002], [-10927678.6646, 5267894.533399999], [-10927742.3264, 5267898.543700002], [-10927877.0071, 5267929.1395], [-10927927.5834, 5267914.943000004], [-10928026.9422, 5267828.7245000005], [-10928055.0068, 5267746.881800003], [-10928121.7309, 5267673.2201000005], [-10928169.1911, 5267668.673500001], [-10928178.7589, 5267682.2852], [-10928182.1494, 5267767.645199999], [-10928158.9457, 5267854.950099997], [-10928154.4605, 5267908.534999996], [-10928178.8296, 5267961.886299998], [-10928233.9247, 5268019.563600004], [-10928292.3396, 5268037.572800003], [-10928416.1358, 5268101.863200001], [-10928475.425, 5268152.928800002], [-10928526.2821, 5268229.064599998], [-10928567.631, 5268266.351999998], [-10928605.655, 5268273.2299000025], [-10928730.8404, 5268270.464400001], [-10928818.7807, 5268299.303999998], [-10928957.3936, 5268330.374799997], [-10929078.3637, 5268382.939300001], [-10929185.7758, 5268416.707699999], [-10929290.4776, 5268461.2842999995], [-10929350.2723, 5268493.381499998], [-10929501.2541, 5268453.726199999], [-10929572.1007, 5268486.763400003], [-10929636.3432, 5268525.826800004], [-10929705.212, 5268543.851999998], [-10929739.6465, 5268543.851999998], [-10929771.7429, 5268552.800899997], [-10929856.1939, 5268558.272100002], [-10929945.0525, 5268573.284500003], [-10930101.5322, 5268658.302100003], [-10930248.217, 5268713.2907000035], [-10930317.5161, 5268793.250799999], [-10930379.425, 5268826.647], [-10930527.7895, 5268835.736400001], [-10930626.6067, 5268875.097599998], [-10930756.7876, 5268947.626000002], [-10930795.0539, 5268999.573399998], [-10930828.3052, 5269178.361900002], [-10930891.8766, 5269481.211199999], [-10931003.1265, 5269870.603299998], [-10930993.6299, 5269957.2095], [-10931014.7653, 5270060.999399997], [-10931012.4595, 5270220.9081000015], [-10931012.9443, 5270311.062700003], [-10931037.5609, 5270382.606299996], [-10931056.9721, 5270459.922600001], [-10931074.3729, 5270548.384800002], [-10931103.7811, 5270624.194899999], [-10931154.1084, 5270674.676899999], [-10931282.1693, 5270753.8772], [-10931434.7403, 5270820.225900002], [-10931478.029, 5270842.5951000005], [-10931551.2878, 5270843.303900003], [-10931639.2281, 5270801.4750000015], [-10931715.0447, 5270803.611299999], [-10931781.5293, 5270803.748599999], [-10931848.0952, 5270818.912600003], [-10931911.6157, 5270856.252099998], [-10931960.2632, 5270892.344499998], [-10932016.6047, 5270950.921599999], [-10932086.4877, 5271042.482299998], [-10932178.5062, 5271080.596299998], [-10932388.4513, 5271125.420699999], [-10932624.3603, 5271181.183899999], [-10932795.1664, 5271216.885499999], [-10932964.501, 5271217.437299997], [-10933176.5944, 5271237.079499997], [-10933316.2625, 5271280.404600002], [-10933577.7646, 5271478.8191], [-10933741.9905, 5271605.035899997], [-10933846.1442, 5271701.575900003], [-10933918.2596, 5271790.989699997], [-10933945.9485, 5271922.388999999], [-10933977.7342, 5272023.366999999], [-10933964.4901, 5272138.772], [-10934030.7102, 5272279.423699997], [-10934094.2816, 5272344.340599999], [-10934242.6147, 5272380.405699998], [-10934422.5921, 5272422.833700001], [-10934589.9031, 5272459.686899997], [-10934777.5319, 5272476.210600004], [-10934947.1966, 5272510.241300002], [-10935159.101, 5272589.586199999], [-10935482.2553, 5272647.2918], [-10935598.8026, 5272686.9648], [-10935739.1893, 5272701.391400002], [-10935805.4093, 5272723.031199999], [-10935927.2543, 5272755.491099998], [-10936048.9582, 5272738.771399997], [-10936192.8146, 5272789.031300001], [-10936281.6198, 5272816.7575], [-10936465.6241, 5272882.9570999965], [-10936765.1949, 5273012.881300002], [-10936919.8851, 5273074.917800002], [-10937063.5916, 5273083.703199998], [-10937198.6806, 5273152.2324], [-10937465.5389, 5273177.351099998], [-10937775.054, 5273193.426600002], [-10937977.4292, 5273246.009999998], [-10938140.4546, 5273324.755800001], [-10938348.2619, 5273433.5682], [-10938454.214, 5273451.602899998], [-10938565.4638, 5273509.313900001], [-10938761.4754, 5273516.527800001], [-10938978.6773, 5273556.204400003], [-10939015.0213, 5273553.188299999], [-10939113.7664, 5273462.423500001], [-10939272.6947, 5273419.1404], [-10939448.9637, 5273437.045900002], [-10939603.7952, 5273473.2443], [-10939845.2302, 5273565.650399998], [-10939971.9791, 5273646.379000001], [-10940109.0197, 5273762.744900003], [-10940144.1514, 5273812.302699998], [-10940202.4251, 5273815.909699999], [-10940321.6213, 5273978.2294000015], [-10940414.3295, 5274219.9103000015], [-10940385.1926, 5274281.233400002], [-10940340.163, 5274360.593199998], [-10940326.919, 5274411.095299996], [-10940395.6389, 5274506.461900003], [-10940469.5343, 5274556.517099999], [-10940562.6625, 5274627.535700001], [-10940760.7932, 5274670.8244], [-10940804.2336, 5274725.6570999995], [-10940860.5124, 5274759.832400002], [-10940918.5206, 5274789.018700004], [-10940963.1618, 5274776.160999998], [-10941087.1259, 5274705.455499999], [-10941220.4843, 5274662.0375000015], [-10941313.7223, 5274676.467100002], [-10941380.4722, 5274700.997400001], [-10941474.7696, 5274741.4004999995], [-10941555.1724, 5274779.691], [-10941725.7327, 5274864.141999997], [-10941877.0052, 5274959.105700001], [-10941989.6972, 5275028.556000002], [-10942069.5499, 5275103.096900001], [-10942290.778, 5275084.048799999], [-10942417.3806, 5275066.7223000005], [-10942477.0861, 5275087.429799996], [-10942548.8776, 5275142.924400002], [-10942622.6621, 5275173.562200002], [-10942694.7652, 5275151.203500003], [-10942719.2487, 5275142.924400002], [-10942812.9457, 5275240.681500003], [-10942871.2194, 5275283.972900003], [-10942909.3516, 5275282.6373], [-10942966.1407, 5275223.726400003], [-10942994.1239, 5275190.174900003], [-10943025.6624, 5275213.921800002], [-10943060.9858, 5275259.5506], [-10943052.3624, 5275305.6998], [-10943026.9338, 5275340.3332], [-10943055.176, 5275374.063000001], [-10943121.8373, 5275430.109099999], [-10943160.4336, 5275437.307599999], [-10943188.4049, 5275419.990599997], [-10943278.3446, 5275398.7513], [-10943279.4194, 5275979.522600003], [-10943280.5341, 5277325.115699999], [-10943118.4767, 5277311.1862], [-10943001.215, 5277277.913900003], [-10942842.5772, 5277186.480300002], [-10942705.6635, 5277091.528099999], [-10942607.086, 5277019.227399997], [-10942435.7208, 5276886.8464], [-10942433.1779, 5276845.2793999985], [-10942452.2493, 5276814.104199998], [-10942467.5064, 5276774.2695999965], [-10942446.3951, 5276760.758500002], [-10942414.8282, 5276757.137000002], [-10942370.8767, 5276734.0748], [-10942297.4786, 5276713.2971], [-10942276.5175, 5276724.7535], [-10942231.0212, 5276736.167099997], [-10942205.9945, 5276709.613200001], [-10942198.7057, 5276697.513999999], [-10942185.7796, 5276697.225400001], [-10942176.2439, 5276698.668700002], [-10942158.1335, 5276713.018600002], [-10942109.1796, 5276732.351999998], [-10942067.0072, 5276713.652000003], [-10942031.7995, 5276673.022600003], [-10941981.5568, 5276627.154799998], [-10941954.0092, 5276597.568099998], [-10941882.5205, 5276588.912600003], [-10941864.8504, 5276564.7073], [-10941850.8208, 5276563.097499996], [-10941807.5786, 5276566.887699999], [-10941786.5176, 5276561.698899999], [-10941779.4363, 5276549.797499999], [-10941793.4916, 5276518.189300001], [-10941779.1539, 5276502.637800001], [-10941748.6012, 5276467.851099998], [-10941744.9775, 5276448.030000001], [-10941734.4387, 5276444.048600003], [-10941706.4128, 5276446.376999997], [-10941674.7325, 5276432.924400002], [-10941657.1955, 5276430.912100002], [-10941639.8079, 5276453.866400003], [-10941633.0421, 5276494.672700003], [-10941609.7536, 5276498.443000004], [-10941592.7652, 5276479.8445999995], [-10941567.5984, 5276482.516800001], [-10941546.4876, 5276469.005599998], [-10941535.7998, 5276440.057400003], [-10941553.404, 5276400.036600001], [-10941493.6049, 5276343.003200002], [-10941451.2679, 5276296.563000001], [-10941430.0249, 5276260.859700002], [-10941412.4715, 5276256.073200002], [-10941370.2175, 5276223.503399998], [-10941363.0207, 5276192.184299998], [-10941352.4656, 5276185.428800002], [-10941324.4233, 5276184.982900001], [-10941224.0516, 5276143.865000002], [-10940995.4954, 5275992.6044000015], [-10940925.2664, 5275970.684299998], [-10940872.4423, 5275928.5852999985], [-10940777.7809, 5275877.168099999], [-10940733.046, 5275841.737000003], [-10940597.4147, 5275724.9925], [-10940505.9459, 5275667.370800003], [-10940456.8438, 5275661.734899998], [-10940435.7673, 5275653.771899998], [-10940442.6342, 5275629.612499997], [-10940403.9394, 5275605.7676], [-10940278.5872, 5275529.523500003], [-10940164.6157, 5275473.726099998], [-10940111.8268, 5275437.1756], [-10940038.0272, 5275403.757299997], [-10939967.7839, 5275379.062899999], [-10939939.9381, 5275411.900799997], [-10939925.9253, 5275413.064199999], [-10939917.7537, 5275371.7487], [-10939877.169, 5275318.895000003], [-10939828.0256, 5275307.431699999], [-10939773.8456, 5275274.043799996], [-10939718.6829, 5275224.312100001], [-10939706.9445, 5275187.263999999], [-10939637.964, 5275140.533699997], [-10939583.8416, 5275116.855300002], [-10939529.7651, 5275100.944399998], [-10939477.1119, 5275070.196099997], [-10939423.9989, 5275057.753200002], [-10939386.8406, 5275071.9278], [-10939293.6903, 5275013.684500001], [-10939220.2838, 5274990.541699998], [-10939147.0452, 5274968.693499997], [-10939078.1798, 5274941.381499998], [-10939011.7699, 5274914.351199999], [-10938944.3843, 5274902.230099998], [-10938892.2557, 5274897.0353000015], [-10938845.213, 5274858.940300003], [-10938779.0988, 5274845.087700002], [-10938706.6275, 5274834.698200002], [-10938565.4992, 5274774.093000002], [-10938419.2852, 5274697.904299997], [-10938302.3373, 5274655.952299997], [-10938194.2428, 5274633.836800002], [-10938195.5142, 5274720.414499998], [-10938162.4571, 5274680.5886999965], [-10938116.6858, 5274616.521399997], [-10938064.965, 5274583.4152000025], [-10937954.5902, 5274614.369499996], [-10937901.9185, 5274597.233499996], [-10937856.2613, 5274580.903300002], [-10937806.4578, 5274514.361100003], [-10937733.3184, 5274533.523199998], [-10937673.6646, 5274521.128300004], [-10937624.5483, 5274512.715400003], [-10937575.3203, 5274484.888099998], [-10937526.1402, 5274465.381200001], [-10937487.673, 5274480.364200003], [-10937441.5584, 5274523.018700004], [-10937416.1299, 5274505.703500003], [-10937441.9523, 5274452.939599998], [-10937444.5781, 5274398.2080999985], [-10937297.3046, 5274373.678599998], [-10937192.3589, 5274327.358599998], [-10936691.417, 5273994.918700002], [-10936485.446, 5273958.558799997], [-10936339.2319, 5273846.017200001], [-10936086.271, 5273717.175700001], [-10935859.9042, 5273626.132100001], [-10935662.8331, 5273548.221199997], [-10935564.9333, 5273525.7139], [-10935315.7338, 5273390.670199998], [-10935055.0913, 5273297.179700002], [-10934204.5073, 5272989.013700001], [-10934045.5789, 5272954.388999999], [-10933915.8935, 5272914.570600003], [-10933825.6222, 5272871.290100001], [-10933741.1913, 5272869.016199999], [-10933636.5187, 5272834.452100001], [-10933573.8798, 5272782.998300001], [-10933528.1084, 5272732.793499999], [-10933297.9804, 5272715.4815], [-10933202.7716, 5272674.494599998], [-10932963.9921, 5272503.934699997], [-10932592.3388, 5272280.962700002], [-10932034.1826, 5272033.417099997], [-10931829.483, 5271957.250600003], [-10931638.3983, 5271812.855700001], [-10931403.4564, 5271660.452200003], [-10931189.1609, 5271560.417999998], [-10931005.5988, 5271453.527999997], [-10930850.114, 5271332.508599997], [-10930714.2656, 5271258.279799998], [-10930400.0489, 5271111.999499999], [-10930102.8861, 5270980.988300003], [-10929877.9571, 5270870.466600001], [-10929803.3063, 5270788.721900001], [-10929740.9378, 5270704.527999997], [-10929670.8851, 5270628.8904], [-10929597.7848, 5270575.428000003], [-10929465.9016, 5270544.818700001], [-10929313.7998, 5270490.656400003], [-10929175.0098, 5270426.695699997], [-10929083.2023, 5270344.049099997], [-10928980.2168, 5270259.242600001], [-10928636.9316, 5269949.4454], [-10928474.6659, 5269874.307899997], [-10928357.2179, 5269807.530599996], [-10928183.2973, 5269705.569399998], [-10928033.7341, 5269636.690399997], [-10928011.3899, 5269601.5847999975], [-10927945.2758, 5269487.364799999], [-10927716.419, 5269399.104800001], [-10927552.917, 5269309.1162], [-10927486.2909, 5269281.425999999], [-10927425.8835, 5269231.929200001], [-10927346.4443, 5269175.236599997], [-10927282.765, 5269109.324900001], [-10927174.7914, 5269044.3423999995], [-10927092.3151, 5269012.3248], [-10926978.6209, 5268949.8882], [-10926924.3205, 5268923.207199998], [-10926845.4921, 5268857.448700003], [-10926783.1922, 5268779.577299997], [-10926725.978, 5268682.671700001], [-10926645.6313, 5268556.980899997], [-10926585.2921, 5268520.005400002], [-10926531.3782, 5268501.285999998], [-10926296.9224, 5268464.278800003], [-10926196.3768, 5268463.443700001], [-10926149.0159, 5268488.017099999], [-10926082.6363, 5268528.663099997], [-10925981.6109, 5268590.8169], [-10925894.4652, 5268601.340999998], [-10925741.894, 5268582.306299999], [-10925616.0229, 5268609.993299998], [-10925489.5451, 5268654.809600003], [-10925429.4868, 5268672.9152000025], [-10925372.4944, 5268671.3552], [-10925328.0962, 5268656.231899999], [-10925236.0438, 5268608.093500003], [-10925156.7129, 5268571.429899998], [-10925058.4271, 5268542.591799997], [-10924941.8234, 5268545.212800004], [-10924835.2082, 5268537.462200001], [-10924762.8959, 5268476.750799999], [-10924687.5843, 5268404.044399999], [-10924605.0495, 5268359.504100002], [-10924509.882, 5268321.015100002], [-10924270.4831, 5268120.7282000035], [-10924166.65, 5268018.3499], [-10924075.531, 5267969.324199997], [-10923838.569, 5267658.302199997], [-10923644.0407, 5267474.896300003], [-10923543.5981, 5267260.350699998], [-10923466.0411, 5267166.921099998], [-10923324.9128, 5266999.096199997], [-10923270.2413, 5266810.512900002], [-10923225.7415, 5266595.982500002], [-10923180.7358, 5266475.3451000005], [-10923159.5504, 5266444.709600002], [-10923121.4845, 5266407.407300003], [-10923085.8845, 5266384.9169000015], [-10923052.6973, 5266376.7727999985], [-10922926.9563, 5266341.666299999], [-10922791.3452, 5266243.641900003], [-10922696.8281, 5266166.936099999], [-10922638.3425, 5266102.927000001], [-10922586.416, 5266075.583800003], [-10922500.5948, 5266079.908699997], [-10922373.8141, 5266040.389300004], [-10922080.4512, 5265903.263899997], [-10921993.5704, 5265897.497500002], [-10921839.9398, 5265831.183499999], [-10921760.4757, 5265779.285899997], [-10921648.1663, 5265747.570900001], [-10921420.3691, 5265653.868000001], [-10921238.1314, 5265554.399700001], [-10921006.0961, 5265479.439000003], [-10920775.6472, 5265448.527099997], [-10920663.3839, 5265444.166500002], [-10920455.8253, 5265458.8046], [-10920385.2162, 5265457.815800004], [-10920282.4426, 5265454.932700001], [-10920091.2421, 5265452.815800004], [-10919875.0996, 5265478.763599999], [-10919713.4794, 5265477.997400001], [-10919648.2564, 5265467.613399997], [-10919557.243, 5265457.140500002], [-10919350.3627, 5265426.504100002], [-10919303.1994, 5265406.757799998], [-10919205.9685, 5265416.011100002], [-10919150.3867, 5265431.192699999], [-10919032.9066, 5265439.049000002], [-10918927.8872, 5265435.517300002], [-10918791.6128, 5265421.8401999995], [-10918766.267, 5265421.777400002], [-10918644.9948, 5265405.244999997], [-10918253.4086, 5265593.0424000025], [-10918132.6231, 5265659.354599997], [-10917994.8853, 5265815.046300001], [-10917890.2045, 5265898.082800001], [-10917737.6333, 5266027.252300002], [-10917668.1288, 5266119.5173999965], [-10917641.005, 5266158.7302], [-10917608.7956, 5266195.636699997], [-10917573.1957, 5266237.1565999985], [-10917532.9836, 5266292.508299999], [-10917500.2538, 5266330.429300003], [-10917413.2577, 5266402.076300003], [-10917335.8628, 5266437.838600002], [-10917257.5079, 5266485.694600001], [-10917154.4726, 5266523.1875], [-10917056.6742, 5266579.274899997], [-10916971.3872, 5266633.911499999], [-10916902.7442, 5266727.840099998], [-10916856.1113, 5266765.3977999985], [-10916785.2931, 5266786.363499999], [-10916556.0547, 5266899.192900002], [-10916480.1401, 5266940.983800001], [-10916435.6931, 5267009.921300001], [-10916418.4066, 5267069.532399997], [-10916435.6931, 5267127.571599998], [-10916472.6301, 5267140.803300001], [-10916540.7976, 5267113.730300002], [-10916586.2078, 5267118.973200001], [-10916642.428, 5267128.111900002], [-10916686.5879, 5267203.699000001], [-10916696.7592, 5267337.500299998], [-10916654.3784, 5267429.7782000005], [-10916616.4974, 5267471.871799998], [-10916618.7784, 5267674.318800002], [-10916611.9976, 5267775.828100003], [-10916600.131, 5267879.6457], [-10916574.8247, 5267928.2874], [-10916534.0168, 5268004.228100002], [-10916489.9407, 5268179.569300003], [-10916077.9987, 5268170.3407000005], [-10916018.6654, 5268223.405100003], [-10915989.8465, 5268276.469800003], [-10916016.9702, 5268435.6655], [-10915996.0875, 5268515.302900001], [-10915990.5549, 5268546.052500002], [-10915982.287, 5268598.906900004], [-10915979.675, 5268647.930699997], [-10916028.4628, 5268835.965499997], [-10916017.5692, 5268973.293799996], [-10915998.473, 5269139.250299998], [-10915992.9817, 5269178.975400001], [-10915990.2875, 5269210.054799996], [-10916001.7132, 5269227.07], [-10916493.3313, 5269250.1439], [-10916507.6946, 5270374.177699998], [-10916577.2434, 5270383.331799999], [-10916603.0707, 5270446.861299999], [-10916610.3026, 5270526.225100003], [-10916606.9121, 5270641.611599997], [-10916593.3503, 5270770.846299998], [-10916634.0359, 5270909.313900001], [-10916691.674, 5271015.4738000035], [-10916725.5787, 5271093.9406], [-10916752.5268, 5271191.099399999], [-10916748.9379, 5271319.527900003], [-10916732.3596, 5271417.0462], [-10916713.712, 5271488.5923999995], [-10916647.5979, 5271633.9947], [-10916613.3191, 5271779.679200001], [-10916613.4542, 5271907.333899997], [-10916625.5599, 5272070.2148], [-10916614.3198, 5272093.5874999985], [-10916544.4503, 5272147.527999997], [-10916448.0339, 5272156.183499999], [-10916371.7482, 5272205.2311], [-10916359.4079, 5272324.108999997], [-10916345.2602, 5272404.3094], [-10916345.8462, 5272485.681400001], [-10916372.97, 5272640.332000002], [-10916372.9699, 5272704.962800004], [-10916381.4462, 5272831.917599998], [-10916350.9318, 5272928.866099998], [-10916372.97, 5273025.815499999], [-10916356.0176, 5273141.232699998], [-10916347.5414, 5273187.3999999985], [-10916489.9412, 5273210.4837], [-10916561.141, 5273222.025700003], [-10916557.7505, 5273277.427000001], [-10916519.7451, 5273266.721600004], [-10916396.7033, 5273233.567599997], [-10916264.4749, 5273242.801100001], [-10916222.0941, 5273307.436099999], [-10916215.7309, 5273432.245700002], [-10916193.2751, 5273508.269100003], [-10916159.8276, 5273614.2104], [-10916151.7583, 5273709.7346], [-10916152.1227, 5273788.288699999], [-10916135.6372, 5273845.308799997], [-10916131.6095, 5273936.974399999], [-10916111.7827, 5274013.936499998], [-10916050.8755, 5274253.927900001], [-10916059.1895, 5274431.397500001], [-10915745.7332, 5274828.795199998], [-10915627.0668, 5275087.381499998], [-10915446.7861, 5275422.7377], [-10915315.1437, 5275636.901000001], [-10915220.0484, 5275877.317500003], [-10915188.0011, 5276031.743699998], [-10915674.5335, 5276252.955200002], [-10916369.6296, 5276546.960500002], [-10916862.3073, 5276708.605499998], [-10916955.9208, 5276788.964599997], [-10917208.7211, 5276853.346600004], [-10917526.5777, 5276899.5320999995], [-10917650.4025, 5276955.2742], [-10917848.1105, 5277055.799000002], [-10917931.3648, 5277102.627400003], [-10918014.439, 5277239.560800001], [-10918086.0053, 5277378.7206000015], [-10918346.6975, 5277450.4771], [-10918552.2446, 5277565.948700003], [-10918593.566, 5277707.403399996], [-10918970.4732, 5277827.882100001], [-10919446.8343, 5277931.810599998], [-10920130.014, 5278234.3649], [-10920713.5784, 5278547.435500003], [-10921345.4975, 5278945.751999997], [-10921910.0107, 5279313.0151999965], [-10922419.6104, 5279731.398699999], [-10922800.0093, 5280052.204800002], [-10923178.0466, 5280449.543099999], [-10923342.4845, 5280558.121100001], [-10923393.3415, 5280613.565700002], [-10923514.2929, 5280733.697899997], [-10923626.9357, 5280856.859300002], [-10923743.907, 5280951.263300002], [-10923883.5997, 5281043.795000002], [-10924140.2335, 5281223.986400001], [-10924271.125, 5281324.697899997], [-10924388.9702, 5281433.026299998], [-10924631.3625, 5281604.834600002], [-10924958.6771, 5281874.138599999], [-10925098.369, 5281964.425099999], [-10925252.2423, 5282049.604800001], [-10925292.2197, 5282087.931199998], [-10925332.766, 5282220.009499997], [-10925369.8307, 5282244.514300004], [-10925353.9566, 5283629.576499999], [-10925895.5086, 5283658.898800001], [-10925881.5985, 5284191.440300003], [-10926193.0979, 5284195.773599997], [-10926214.2883, 5284503.441], [-10926417.7165, 5284501.996399999], [-10926425.1332, 5284773.560999997], [-10925819.0867, 5284828.4526999965], [-10925779.8844, 5285388.943899997], [-10926291.6336, 5285898.904200003], [-10925079.5406, 5285907.572499998], [-10925398.4567, 5286692.070600003], [-10925776.706, 5286641.502400003], [-10925796.4926, 5286621.299099997], [-10925834.9797, 5286586.600100003], [-10925884.7773, 5286524.474200003], [-10925900.9467, 5286489.439300001], [-10925944.1105, 5286394.444700003], [-10926018.277, 5286327.9859], [-10926185.6814, 5286238.411600001], [-10926357.3998, 5286165.748899996], [-10926479.4799, 5286143.856399998], [-10926532.145, 5286135.835699998], [-10926609.4901, 5286119.943800002], [-10926652.1401, 5286088.270199999], [-10926728.7117, 5286058.878300004], [-10926768.5548, 5286071.836900003], [-10926802.4594, 5286083.3945999965], [-10926836.8713, 5286091.592], [-10926921.1258, 5286092.640799999], [-10927029.6209, 5286125.002499998], [-10927109.5845, 5286130.0568], [-10927227.8009, 5286103.204099998], [-10927273.8103, 5286085.270499997], [-10927364.9291, 5286089.604599997], [-10927490.9111, 5286118.211000003], [-10927599.0835, 5286153.172399998], [-10927684.4722, 5286178.7601], [-10927861.8449, 5286226.853500001], [-10927980.5114, 5286307.759099998], [-10928098.1183, 5286369.883500002], [-10928180.761, 5286371.328299999], [-10928291.8879, 5286426.866099998], [-10928383.1297, 5286505.691799998], [-10928525.4632, 5286551.335900001], [-10928821.258, 5286553.020800002], [-10928898.0573, 5286566.372699998], [-10929464.9015, 5286892.900700003], [-10929611.1155, 5286955.029100001], [-10930086.8408, 5286952.139200002], [-10930568.9234, 5287301.799099997], [-10930931.2799, 5287547.435599998], [-10931029.8153, 5287602.343500003], [-10931043.5891, 5287647.137100004], [-10931019.2201, 5287665.921499997], [-10930998.0297, 5287681.816100001], [-10931051.0058, 5287715.0502], [-10931150.5132, 5287759.323600002], [-10931311.6482, 5287780.073899999], [-10931625.1342, 5287996.491599999], [-10931683.3489, 5288014.129900001], [-10931786.009, 5288077.684699997], [-10931985.3716, 5288169.894299999], [-10932113.1334, 5288267.543899998], [-10932324.4186, 5288332.462200001], [-10932475.4005, 5288448.067900002], [-10932568.1087, 5288484.194799997], [-10932706.963, 5288577.881200001], [-10932865.2877, 5288606.0832], [-10933124.3577, 5288661.219300002], [-10933500.4879, 5288838.247100003], [-10933760.0708, 5288921.343000002], [-10933953.4335, 5288986.375], [-10934114.008, 5289135.127800003], [-10934547.9515, 5289387.1391], [-10935004.0063, 5289623.034699999], [-10935612.5958, 5289999.965999998], [-10935744.824, 5290108.654600002], [-10936149.2926, 5290305.1778], [-10936497.5575, 5290516.347999997], [-10936682.7928, 5290628.0414], [-10936743.3174, 5290686.806299999], [-10936887.4125, 5290735.372599997], [-10936965.2304, 5290805.1428999975], [-10937207.8118, 5290911.138599999], [-10937356.9926, 5290987.459200002], [-10937590.2424, 5291125.4582], [-10937733.1719, 5291175.183200002], [-10938098.8129, 5291371.195], [-10938615.8934, 5291642.2282000035], [-10939112.3911, 5291855.042599998], [-10939796.9808, 5292199.671999998], [-10939999.8639, 5292275.750699997], [-10940320.2633, 5292474.676700003], [-10940688.1293, 5292629.656900004], [-10941158.8571, 5292794.151600003], [-10941343.0352, 5292872.793899998], [-10941409.1492, 5292921.3715], [-10941500.692, 5293011.5879999995], [-10941648.9987, 5293066.32], [-10941761.2132, 5293103.8662], [-10942034.146, 5293196.397500001], [-10942194.1787, 5293252.926200002], [-10942430.6066, 5293304.179300003], [-10942587.5428, 5293365.5964], [-10942712.2399, 5293418.4767], [-10942790.2207, 5293434.670199998], [-10942890.2396, 5293462.430500001], [-10943062.0784, 5293519.2853000015], [-10943199.3174, 5293559.8445999995], [-10943587.7544, 5293660.319399998], [-10943685.7106, 5293677.7717999965], [-10943793.3752, 5293710.678499997], [-10943799.4307, 5293712.529299997], [-10943917.5519, 5293760.858999997], [-10944070.1231, 5293816.381700002], [-10944450.4008, 5293948.501599997], [-10944824.5027, 5294056.983499996], [-10945245.0433, 5294213.8456000015], [-10945622.9584, 5294348.490199998], [-10946021.8836, 5294510.694700003], [-10946611.2804, 5294843.6096], [-10946725.81, 5294860.299599998], [-10946818.099, 5294878.315300003], [-10946957.9422, 5294926.619400002], [-10947133.4128, 5294980.119199999], [-10947289.8014, 5295026.564099997], [-10947331.7552, 5295019.452799998], [-10947370.7457, 5295026.394000001], [-10947389.3933, 5295072.669200003], [-10947456.0525, 5295072.921499997], [-10947552.6808, 5295072.921400003], [-10947643.6785, 5295093.493000001], [-10947908.1352, 5295211.495700002], [-10948090.8554, 5295254.943700001], [-10948205.0911, 5295258.540600002], [-10948274.0284, 5295266.452200003], [-10948384.4962, 5295246.2026999965], [-10948383.7819, 5295291.445], [-10948423.4865, 5295287.851300001], [-10948550.1972, 5295362.611299999], [-10948654.0385, 5295373.462800004], [-10948777.7906, 5295398.914899997], [-10948908.3237, 5295442.8781], [-10949030.3806, 5295459.074900001], [-10949098.1901, 5295426.681000002], [-10949114.5991, 5295463.121799998], [-10949139.8296, 5295490.811700001], [-10949230.4184, 5295551.629699998], [-10949361.1905, 5295584.396700002], [-10949544.0369, 5295632.615699999], [-10949640.6653, 5295676.5798999965], [-10949725.427, 5295690.463399999], [-10949788.1507, 5295708.974600002], [-10949850.8744, 5295692.7771999985], [-10949911.9028, 5295706.660700001], [-10949954.2837, 5295745.997400001], [-10950032.2645, 5295766.822700001], [-10950164.4928, 5295794.590000004], [-10950300.1117, 5295847.810699999], [-10950542.5303, 5295926.485399999], [-10950634.0729, 5296141.687200002], [-10950448.7885, 5296316.1005000025], [-10950468.0171, 5296382.7788999975], [-10950505.2352, 5296444.829300001], [-10950576.435, 5296539.707900003], [-10950661.1968, 5296643.843999997], [-10950708.6634, 5296761.866300002], [-10950747.5737, 5296893.1888], [-10950766.5896, 5296927.6083], [-10950818.8537, 5297039.571699999], [-10950846.3802, 5297154.991700001], [-10950884.2521, 5297205.612400003], [-10950925.5735, 5297257.684], [-10951024.1089, 5297357.488799997], [-10951112.1294, 5297504.746799998], [-10951172.5768, 5297645.136], [-10951261.3381, 5297738.212700002], [-10951327.4242, 5297849.5929000005], [-10951381.6718, 5297858.850699998], [-10951443.1559, 5297936.101199999], [-10951448.7564, 5297949.8325999975], [-10951429.694, 5297982.550800003], [-10951386.4656, 5298027.683399998], [-10951347.0514, 5298107.5336000025], [-10951376.0938, 5298151.723999999], [-10951392.8227, 5298182.003200002], [-10951368.6656, 5298222.102499999], [-10951285.0434, 5298321.751900002], [-10951320.3514, 5298352.296300001], [-10951321.6229, 5298421.733599998], [-10951327.2542, 5298475.726800002], [-10951370.5728, 5298522.196900003], [-10951436.0511, 5298560.609999999], [-10951536.8185, 5298592.959899999], [-10951619.5604, 5298608.995200001], [-10951742.7569, 5298624.964500003], [-10951896.5817, 5298670.874600001], [-10952012.4618, 5298699.436499998], [-10952104.3571, 5298730.419699997], [-10952299.2198, 5298830.2173999995], [-10952379.4412, 5298880.8697], [-10952431.9494, 5298906.5266999975], [-10952520.154, 5298992.364299998], [-10952722.6028, 5299111.050999999], [-10952885.8727, 5299235.617600001], [-10953049.915, 5299346.8138], [-10953181.1247, 5299432.072700001], [-10953333.066, 5299535.421599999], [-10953470.2013, 5299599.477600001], [-10953659.0306, 5299730.773400001], [-10953828.6635, 5299759.149400003], [-10953933.0005, 5299856.432700001], [-10954029.629, 5299877.267200001], [-10954118.2372, 5299878.9353], [-10954198.2716, 5299901.201499999], [-10954267.1002, 5299898.8182], [-10954416.1425, 5299942.085900001], [-10954584.4821, 5299987.564999998], [-10954719.5895, 5300013.850100003], [-10954819.0567, 5300057.980099998], [-10954893.6834, 5300094.8992], [-10954954.3165, 5300099.6664], [-10955012.0376, 5300093.225400001], [-10955148.484, 5300104.134599999], [-10955298.5861, 5300110.516000003], [-10955428.1978, 5300131.9147000015], [-10955529.6094, 5300138.139399998], [-10955667.5517, 5300169.219700001], [-10955768.94, 5300203.680399999], [-10955838.4446, 5300243.035899997], [-10955907.9774, 5300281.8671], [-10955974.0181, 5300271.977600001], [-10956030.0062, 5300256.926100001], [-10956115.5105, 5300273.2685], [-10956202.9336, 5300313.479000002], [-10956289.3772, 5300368.048699997], [-10956386.887, 5300425.109399997], [-10956439.5843, 5300476.970399998], [-10956489.4148, 5300500.008500002], [-10956631.0988, 5300583.875200003], [-10956742.3486, 5300634.5185], [-10956843.7189, 5300664.382100001], [-10956908.2237, 5300673.800399996], [-10957067.152, 5300725.8913], [-10957198.023, 5300736.151799999], [-10957346.2761, 5300793.685400002], [-10957467.6513, 5300818.498099998], [-10957608.2699, 5300803.291599996], [-10957834.2457, 5300749.0429000035], [-10957928.6693, 5300726.891000003], [-10958010.0406, 5300678.2729], [-10958062.5929, 5300611.133900002], [-10958137.1832, 5300534.734999999], [-10958299.9258, 5300506.953599997], [-10958440.212, 5300479.375100002], [-10958570.0237, 5300424.7117], [-10958701.6964, 5300418.979999997], [-10958788.1534, 5300446.761100002], [-10958851.3381, 5300484.836400002], [-10958892.7972, 5300504.857699998], [-10958967.4608, 5300546.137400001], [-10959014.2789, 5300544.951099999], [-10959094.2551, 5300558.471299998], [-10959377.556, 5300648.9397], [-10959431.1822, 5300737.465899996], [-10959470.794, 5300808.106799997], [-10959519.8626, 5300903.501500003], [-10959585.2222, 5300944.124399997], [-10959680.5793, 5301016.4750000015], [-10959786.5314, 5301059.885700002], [-10959845.6148, 5301191.304899998], [-10959903.0788, 5301230.636100002], [-10959981.4835, 5301285.624300003], [-10960056.5889, 5301356.862999998], [-10960106.4136, 5301390.935999997], [-10960142.5167, 5301432.1677], [-10960187.0308, 5301494.003200002], [-10960242.4788, 5301543.9965], [-10960267.4149, 5301564.309500001], [-10960322.7468, 5301644.260899998], [-10960380.9367, 5301692.386200003], [-10960443.435, 5301754.483400002], [-10960520.3529, 5301830.205600001], [-10960574.8158, 5301887.620399997], [-10960634.149, 5301948.401100002], [-10960723.1488, 5302035.2311], [-10960790.9583, 5302110.4846], [-10960863.0058, 5302203.104999997], [-10960915.9818, 5302298.620800003], [-10960994.3864, 5302446.2381], [-10961053.6368, 5302578.274700001], [-10961073.2183, 5302619.801700003], [-10961098.2196, 5302648.853799999], [-10961125.8826, 5302750.557099998], [-10961206.2909, 5302909.365999997], [-10961251.33, 5303009.914399996], [-10961264.7703, 5303068.828699999], [-10961294.3095, 5303154.059500001], [-10961350.2378, 5303269.5945999995], [-10961422.9456, 5303419.7924000025], [-10961487.1309, 5303534.092500001], [-10961526.2665, 5303612.785400003], [-10961634.4532, 5303737.079300001], [-10961837.8814, 5304012.6756], [-10961834.4908, 5304128.474799998], [-10961890.7421, 5304281.516999997], [-10961926.7659, 5304377.054099999], [-10962077.218, 5304492.857799999], [-10962170.4559, 5304649.195100002], [-10962181.0512, 5304767.8972999975], [-10962242.5034, 5304848.963200003], [-10962282.7653, 5304912.658200003], [-10962319.0382, 5304975.751999997], [-10962369.646, 5305074.793200001], [-10962431.0983, 5305179.0242], [-10962508.4901, 5305324.279600002], [-10962584.7292, 5305468.9921], [-10962704.455, 5305671.2421], [-10962812.5262, 5305766.793300003], [-10962867.6213, 5305955.002999999], [-10962948.2605, 5306099.597199999], [-10963018.0735, 5306270.624700002], [-10963109.1924, 5306453.053099997], [-10963202.4304, 5306600.735799998], [-10963306.2635, 5306757.108400002], [-10963348.6444, 5306855.566500001], [-10963439.7633, 5307040.9021999985], [-10963492.3836, 5307219.634000003], [-10963544.2104, 5307335.834200002], [-10963566.9475, 5307430.146700002], [-10963589.217, 5307461.081600003], [-10963611.4058, 5307481.089299999], [-10963774.5722, 5307730.151600003], [-10963889.116, 5307999.308899999], [-10964020.9068, 5308321.821500003], [-10964149.5971, 5308585.503399998], [-10964251.3572, 5308746.742399998], [-10964363.7818, 5309009.556500003], [-10964502.0991, 5309264.216799997], [-10964605.2376, 5309424.5309000015], [-10964668.8088, 5309508.533699997], [-10964745.0944, 5309659.161499999], [-10964795.9514, 5309748.959899999], [-10964851.0466, 5309844.552699998], [-10964897.6656, 5309928.5594], [-10964923.0941, 5310009.6699], [-10964950.3333, 5310066.262500003], [-10964987.9084, 5310130.163199998], [-10965053.3705, 5310218.978399999], [-10965088.7719, 5310259.411499999], [-10965120.1763, 5310306.8781], [-10965177.3794, 5310412.336300001], [-10965247.3079, 5310507.935900003], [-10965332.0696, 5310618.021499999], [-10965431.6595, 5310736.390699998], [-10965450.7361, 5310759.975900002], [-10965556.7474, 5310855.047700003], [-10965575.7597, 5310870.064499997], [-10965611.7834, 5310922.212099999], [-10965629.7115, 5310994.0227999985], [-10965643.4806, 5311029.843500003], [-10965676.359, 5311093.5348000005], [-10965706.4385, 5311144.064000003], [-10965728.3309, 5311182.954800002], [-10966029.2351, 5311188.749200001], [-10966016.4828, 5311745.776799999], [-10967934.2031, 5311739.856799997], [-10967937.8049, 5311902.207000002], [-10967936.3744, 5312312.923799999], [-10966823.8765, 5312312.924000002], [-10966792.0909, 5312889.550700001], [-10967866.4463, 5315060.187700003], [-10966689.1461, 5315092.744599998], [-10966689.5294, 5315143.081900001], [-10966626.8058, 5315138.444499999], [-10966662.4057, 5315300.756700002], [-10966713.2628, 5315421.333300002], [-10966844.9432, 5315655.485100001], [-10966882.2624, 5315697.4771], [-10966931.4254, 5315790.763499998], [-10966963.9773, 5315900.670599997], [-10967021.1749, 5316007.810000002], [-10967060.0095, 5316115.160899997], [-10967120.7476, 5316186.0933], [-10967181.3243, 5316274.0612], [-10968496.1272, 5316321.8037], [-10968496.1272, 5315776.8499], [-10969596.3348, 5315800.038800001], [-10969604.8109, 5316300.932499997], [-10970152.3718, 5316319.4846], [-10970158.1305, 5316878.828599997], [-10970710.1042, 5316896.938000001], [-10970701.628, 5317998.605099998], [-10969077.593, 5317987.008100003], [-10969545.4779, 5318485.699500002], [-10969654.7765, 5318492.608199999], [-10969726.0614, 5318595.791100003], [-10969793.8198, 5318698.571800001], [-10969861.4262, 5318781.770199999], [-10969948.9439, 5318852.196500003], [-10970062.5246, 5319030.8112], [-10970132.0293, 5319112.000699997], [-10970221.8767, 5319190.871299997], [-10970323.5909, 5319248.864699997], [-10970403.9049, 5319287.380400002], [-10970562.7373, 5319404.695500001], [-10970615.932, 5319447.1162], [-10970665.4237, 5319466.7513], [-10970799.7244, 5319515.649700001], [-10970871.1517, 5319527.238399997], [-10970930.4542, 5319558.549000002], [-10971025.8453, 5319589.0217999965], [-10971149.5211, 5319631.114], [-10971273.0376, 5319668.059900001], [-10971326.1017, 5319693.693499997], [-10971350.9033, 5319710.505500004], [-10971442.9667, 5319765.755500004], [-10971492.5922, 5319802.177599996], [-10971535.097, 5319829.3994999975], [-10971595.4152, 5319881.020900004], [-10971627.3603, 5319909.831299998], [-10971727.5127, 5320080.7348000035], [-10971147.4751, 5320557.292999998], [-10971154.7065, 5320580.484700002], [-10971138.714, 5320656.3477], [-10971128.2861, 5320674.7249], [-10971107.2979, 5320694.690499999], [-10971074.8472, 5320721.063699998], [-10971048.0792, 5320725.032499999], [-10971026.5532, 5320728.223999999], [-10971008.9601, 5320731.8037], [-10970987.8614, 5320737.778300002], [-10970966.7407, 5320740.954800002], [-10970938.5651, 5320743.3244], [-10970906.7518, 5320731.299999997], [-10970812.0859, 5320692.062299997], [-10970805.305, 5320724.543899998], [-10970792.7233, 5320755.5678], [-10970764.7238, 5320780.322700001], [-10970730.4473, 5320821.784900002], [-10970693.1522, 5320842.666100003], [-10970640.8672, 5320841.7102999985], [-10970617.1338, 5320860.271499999], [-10970818.5997, 5321336.869400002], [-10970843.535, 5321370.474799998], [-10970883.0186, 5321427.360299997], [-10970791.4759, 5321462.1646], [-10970811.1751, 5321502.1613000035], [-10970876.2377, 5321652.430799998], [-10970877.9329, 5321710.439499997], [-10970905.3238, 5321733.847400002], [-10970912.9524, 5321803.458400004], [-10970896.0001, 5321825.502099998], [-10970930.7524, 5321922.958800003], [-10970756.0182, 5321992.181000002], [-10970603.5721, 5322051.7425], [-10970515.6977, 5321908.777000003]]], [[[-10830370.2188, 5292524.074900001], [-10830310.1819, 5292493.8913], [-10829904.4734, 5292834.8539], [-10830006.7098, 5292277.374399997], [-10829575.6104, 5291929.0013], [-10828948.7029, 5291605.788699999], [-10828453.0516, 5291544.315700002], [-10827918.8661, 5291553.621299997], [-10827574.1039, 5291553.8532000035], [-10827302.7518, 5291547.626999997], [-10827117.4033, 5291544.065499999], [-10826896.8654, 5291538.3598000035], [-10826902.6433, 5291729.238300003], [-10826796.9101, 5291658.856200002], [-10826599.6918, 5291477.986500002], [-10826371.0733, 5291323.725599997], [-10826206.9892, 5291154.939400002], [-10826068.1065, 5291006.063199997], [-10825989.0003, 5290922.904200003], [-10825857.3764, 5290848.530500002], [-10825481.2068, 5290667.980899997], [-10825416.8769, 5290633.552100003], [-10825291.8723, 5290579.292099997], [-10825207.697, 5290533.363799997], [-10825147.6806, 5290484.9103000015], [-10825098.6018, 5290446.560800001], [-10825043.6121, 5290413.204099998], [-10824992.5535, 5290389.379199997], [-10824931.1161, 5290368.286499999], [-10824867.4964, 5290354.318999998], [-10824806.8551, 5290348.0151999965], [-10824653.5418, 5290312.259900004], [-10824491.7566, 5290284.504500002], [-10824436.1295, 5290275.0852999985], [-10824248.6327, 5290253.881200001], [-10824141.4544, 5290241.418700002], [-10824035.2793, 5290220.470299996], [-10823954.4035, 5290200.053400002], [-10823864.4238, 5290170.086900003], [-10823777.0478, 5290134.586300001], [-10823650.0416, 5290070.5647], [-10823565.8472, 5290046.176200002], [-10823497.9792, 5290040.734099999], [-10823447.9996, 5290024.348099999], [-10823373.6848, 5289995.3352999985], [-10823297.0784, 5289962.973099999], [-10823206.2788, 5289907.601899996], [-10823147.1128, 5289870.260600001], [-10823067.1958, 5289804.4098000005], [-10823005.4548, 5289747.036200002], [-10822860.816, 5289648.1005000025], [-10822758.8171, 5289604.182800002], [-10822510.5356, 5289497.274800003], [-10822505.6781, 5289198.305699997], [-10822246.2596, 5288927.2277000025], [-10822072.1277, 5288802.732799999], [-10821960.4899, 5288735.059699997], [-10821890.2902, 5288696.684], [-10821825.0543, 5288646.989600003], [-10821785.9039, 5288614.418099999], [-10821704.2884, 5288518.676799998], [-10821634.713, 5288417.509999998], [-10821577.2137, 5288323.904600002], [-10821528.0573, 5288272.928800002], [-10821386.3804, 5287976.226199999], [-10821333.3569, 5287806.638499998], [-10821323.1301, 5287673.624700002], [-10821329.7967, 5287609.805299997], [-10821353.1342, 5287511.688900001], [-10821387.1528, 5287411.128399998], [-10821478.6226, 5287280.766900003], [-10821547.2497, 5287195.775200002], [-10821650.769, 5287066.6098000035], [-10821710.2042, 5286956.716799997], [-10821762.353, 5286873.616800003], [-10821836.3552, 5286710.141999997], [-10821839.5229, 5286242.023500003], [-10821688.924, 5286039.5814], [-10821522.2989, 5285760.509000003], [-10821371.4942, 5285447.175300002], [-10821343.1483, 5285322.670599997], [-10821286.4729, 5285122.968099996], [-10821237.2951, 5284930.787900001], [-10820989.2356, 5284601.213299997], [-10820231.9805, 5284062.003600001], [-10819701.6589, 5284041.443800002], [-10819115.6375, 5283225.499700002], [-10817664.8096, 5283121.347499996], [-10817626.0583, 5283125.129799999], [-10817581.6632, 5283120.711900003], [-10817544.9406, 5283109.6428999975], [-10817506.1393, 5283088.8407000005], [-10817474.8487, 5283063.073799998], [-10817449.1695, 5283031.837800004], [-10817285.7381, 5282918.6589], [-10817065.589, 5282757.176700003], [-10816850.5074, 5282621.573799998], [-10816770.9595, 5282576.023900002], [-10816713.6375, 5282547.9824], [-10816666.2875, 5282526.776500002], [-10816602.474, 5282502.524700001], [-10816565.6631, 5282489.178499997], [-10816462.6339, 5282459.5867], [-10816363.1618, 5282440.715800002], [-10816216.1181, 5282405.472499996], [-10816101.767, 5282382.077399999], [-10816007.5133, 5282363.557700001], [-10815972.0652, 5282358.235600002], [-10815913.7848, 5282349.485200003], [-10815862.4601, 5282341.941299997], [-10815834.3579, 5282322.533399999], [-10815828.7192, 5282318.6391], [-10815536.7602, 5282116.998800002], [-10815324.2939, 5282008.187200002], [-10814690.145, 5281664.642700002], [-10814478.5906, 5281589.130000003], [-10814341.184, 5281531.905699998], [-10814269.7865, 5281507.0031], [-10814246.4795, 5281498.8737], [-10814236.9035, 5281496.246299997], [-10814209.3847, 5281488.696199998], [-10814175.4623, 5281479.859899998], [-10814160.3742, 5281475.9296], [-10814102.2435, 5281445.669299997], [-10814069.484, 5281429.085000001], [-10814033.2431, 5281403.748300001], [-10814001.2527, 5281367.0842999965], [-10813972.4509, 5281346.8222], [-10813944.5287, 5281328.509099998], [-10813885.5703, 5281298.465499997], [-10813849.1839, 5281276.953000002], [-10813812.6147, 5281260.221000001], [-10813755.3061, 5281236.943400003], [-10813726.3954, 5281219.5493], [-10813696.5687, 5281201.162199996], [-10813681.9851, 5281183.3631], [-10813675.1079, 5281175.228799999], [-10813660.8428, 5281162.438500002], [-10813584.2986, 5281068.516400002], [-10813556.0058, 5281027.270000003], [-10813528.2383, 5280987.833400004], [-10813483.0605, 5280946.829800002], [-10813439.3118, 5280918.329400003], [-10813414.3967, 5280896.301399998], [-10813377.1003, 5280874.453299999], [-10813375.6951, 5280872.768799998], [-10813285.9967, 5280765.2359], [-10813088.0095, 5280584.199500002], [-10812955.1805, 5280500.7754999995], [-10812840.8754, 5280440.253899999], [-10812660.6853, 5280223.511500001], [-10812492.9214, 5279976.682099998], [-10812394.3636, 5279796.5154], [-10812280.6533, 5279529.539099999], [-10811936.7802, 5278997.515299998], [-10811469.8295, 5278314.4498], [-10811481.9615, 5277582.478600003], [-10811299.8484, 5277581.101999998], [-10811320.3432, 5277395.795199998], [-10810961.8678, 5277342.950099997], [-10810962.7433, 5277371.323600002], [-10809829.3261, 5277347.153499998], [-10809837.0654, 5277525.7381], [-10809676.7126, 5277621.943400003], [-10809039.478, 5278044.297700003], [-10808770.268, 5278215.755000003], [-10808443.7071, 5278418.997900002], [-10808191.9215, 5278575.3983], [-10808098.8562, 5278638.114600003], [-10808043.8479, 5278669.459899999], [-10808002.9424, 5278687.826800004], [-10807959.3712, 5278706.156800002], [-10807884.7458, 5278728.829300001], [-10807856.148, 5278734.4706000015], [-10807803.7523, 5278744.481799997], [-10807448.7774, 5278863.4318], [-10807345.5665, 5278859.621799998], [-10806762.7305, 5278909.093699999], [-10807081.8384, 5278375.671499997], [-10806409.176, 5278055.000500001], [-10806007.0583, 5278416.813699998], [-10806004.9484, 5278794.079000004], [-10805806.1942, 5278804.296999998], [-10805447.4126, 5278684.494900003], [-10805447.4468, 5278487.803400002], [-10804349.6243, 5278451.412699997], [-10804349.2817, 5278058.143200003], [-10805369.6835, 5278042.703900002], [-10805551.5063, 5278017.348899998], [-10805575.5929, 5277918.418899998], [-10805976.4713, 5277780.0392], [-10805982.7921, 5277726.817000002], [-10805327.0301, 5277787.360200003], [-10803830.8089, 5277473.208999999], [-10803234.9214, 5277294.823799998], [-10803245.1536, 5277611.6501], [-10802941.3904, 5277598.723200001], [-10802922.6771, 5277323.673199996], [-10802830.3626, 5277299.5361], [-10802611.6473, 5277257.123999998], [-10801997.3174, 5277115.712399997], [-10801698.3844, 5276995.703699999], [-10801677.907, 5276870.527999997], [-10801378.8373, 5276811.4058], [-10801243.4846, 5276761.022399999], [-10801006.0099, 5276667.8411], [-10800895.5802, 5276623.354800001], [-10799175.3268, 5276557.987300001], [-10799169.6209, 5277448.036499999], [-10798692.5025, 5277452.577200003], [-10798323.808, 5277323.923199996], [-10798329.3307, 5276528.978100002], [-10797784.9496, 5276529.949299999], [-10797656.132, 5276235.138999999], [-10797546.3869, 5276249.8389], [-10797279.5061, 5276268.362400003], [-10797097.6249, 5276323.625399999], [-10796899.2564, 5276341.360799998], [-10796570.6059, 5276361.200300001], [-10796412.9197, 5276370.719400004], [-10796294.1799, 5276397.842600003], [-10796184.5419, 5276433.319899999], [-10796078.2573, 5276457.147200003], [-10796034.606, 5276466.932700001], [-10795940.6162, 5276477.7815999985], [-10795875.7161, 5276477.0951000005], [-10795822.6691, 5276471.877599999], [-10795794.5546, 5276467.903399996], [-10795741.0157, 5276456.091799997], [-10795679.1963, 5276435.9331], [-10795396.5561, 5276334.286200002], [-10794880.1497, 5276162.771200001], [-10794726.0604, 5276116.9016999975], [-10794542.8654, 5276043.112099998], [-10794398.1953, 5275966.128799997], [-10794266.8134, 5275883.819799997], [-10794171.0088, 5275813.230800003], [-10794063.2565, 5275720.2623], [-10793948.5128, 5275606.707199998], [-10793849.8702, 5275491.285499997], [-10793769.859, 5275381.961300001], [-10793691.939, 5275263.253899999], [-10793647.0084, 5275179.2804000005], [-10793572.0444, 5275028.521899998], [-10792959.7815, 5275022.307800002], [-10792850.8344, 5274813.833499998], [-10792797.7763, 5274669.668899998], [-10792747.1307, 5274513.079300001], [-10792734.364, 5274435.091300003], [-10792710.8967, 5274281.268600002], [-10792703.0165, 5274174.012400001], [-10792711.1684, 5273963.435999997], [-10792316.8589, 5273962.913199998], [-10791895.3156, 5273963.980300002], [-10791875.5507, 5272056.260700002], [-10791915.0594, 5270039.873000003], [-10791556.723, 5270281.496299997], [-10791421.2254, 5270329.446999997], [-10791396.2821, 5270338.273699999], [-10791270.4112, 5270375.875699997], [-10791231.3876, 5270388.489], [-10791151.9476, 5270408.314199999], [-10791081.577, 5270427.671300001], [-10791060.3242, 5270432.4553999975], [-10790999.0252, 5270446.622000001], [-10790915.4281, 5270465.319399998], [-10790897.0966, 5270469.788099997], [-10790877.7781, 5270475.094400004], [-10790838.6154, 5270485.264700003], [-10790808.7188, 5270496.183700003], [-10790788.1336, 5270503.666699998], [-10790763.3973, 5270513.577500001], [-10790706.7587, 5270541.426299997], [-10790693.7744, 5270547.3477], [-10790651.148, 5270574.559], [-10790505.179, 5270694.692699999], [-10789891.569, 5271160.983099997], [-10789787.8873, 5271292.242200002], [-10789664.7259, 5271427.0726], [-10789576.1575, 5271519.483900003], [-10789466.5643, 5271620.975299999], [-10789378.4245, 5271695.746799998], [-10789301.9529, 5271751.576800004], [-10789233.4741, 5271805.994000003], [-10789167.5416, 5271850.997000001], [-10789081.3261, 5271905.772399999], [-10788980.2235, 5271969.1499999985], [-10788912.639, 5272005.416100003], [-10788834.9495, 5272047.427699998], [-10788731.1691, 5272097.721000001], [-10788571.3993, 5272151.738700002], [-10788265.9227, 5272253.875100002], [-10788208.0927, 5272267.111699998], [-10788137.2527, 5272285.242600001], [-10788048.557, 5272302.929200001], [-10787953.171, 5272311.492799997], [-10787861.86, 5272316.184699997], [-10787770.7419, 5272311.924800001], [-10787726.1738, 5272310.815800004], [-10787630.3403, 5272297.4965], [-10787514.9477, 5272272.739500001], [-10787472.5964, 5272260.750399999], [-10787437.4049, 5272250.7880000025], [-10787311.6883, 5272203.866400003], [-10787218.3413, 5272157.426100001], [-10787022.0335, 5272076.594999999], [-10786858.8601, 5272024.583499998], [-10786696.7144, 5271988.098899998], [-10786583.2157, 5271972.579599999], [-10786452.6888, 5271956.1105], [-10786403.8596, 5271953.8364999965], [-10786377.5756, 5271950.996299997], [-10786340.7025, 5271944.690800004], [-10786295.6983, 5271932.814400002], [-10786273.9763, 5271924.4498], [-10786225.2982, 5271903.694300003], [-10786192.6215, 5271885.271399997], [-10786142.4484, 5271849.8303999975], [-10786032.2123, 5271771.960600004], [-10786000.315, 5271744.254299998], [-10785956.0526, 5271701.476099998], [-10785920.2759, 5271660.249200001], [-10785903.7163, 5271640.681199998], [-10785858.2495, 5271578.392200001], [-10785708.297, 5271358.5227999985], [-10784959.2074, 5271320.1603000015], [-10784962.3631, 5271453.719400004], [-10784666.9913, 5271449.534000002], [-10784659.2919, 5271367.9498], [-10783526.657, 5271345.840899996], [-10783415.2983, 5271322.6175], [-10783162.947, 5271244.454800002], [-10782902.1251, 5271195.4472], [-10782563.1668, 5271142.6598000005], [-10782429.4258, 5271119.381999999], [-10782313.2019, 5271086.186399996], [-10782161.9088, 5271079.4969], [-10782079.957, 5271072.376699999], [-10781977.3573, 5271054.519199997], [-10781872.9731, 5271023.076499999], [-10781801.9685, 5270996.3486], [-10781719.7251, 5270958.7685], [-10781637.7778, 5270910.646200001], [-10781563.5228, 5270860.803300001], [-10781488.6742, 5270796.562299997], [-10781421.7853, 5270720.058899999], [-10781365.5585, 5270637.127800003], [-10781317.1255, 5270549.581799999], [-10781240.5456, 5270351.383100003], [-10781205.6781, 5270103.797700003], [-10780776.9457, 5269865.838799998], [-10780315.3256, 5269036.318499997], [-10780241.5592, 5268937.868500002], [-10780175.2512, 5268861.631499998], [-10780083.3951, 5268777.134900004], [-10779998.593, 5268712.594499998], [-10779904.5964, 5268652.385799997], [-10779804.3066, 5268601.135700002], [-10779691.7776, 5268554.122699998], [-10779566.7761, 5268520.491999999], [-10779465.6735, 5268501.1489999965], [-10779337.0065, 5268491.7487], [-10779256.6402, 5268491.2104], [-10779186.573, 5268495.047399998], [-10778881.8885, 5268386.998800002], [-10778454.6501, 5268237.7700999975], [-10778170.0395, 5268154.302100003], [-10777946.9415, 5268071.198799998], [-10777895.5299, 5268049.7179000005], [-10777840.5831, 5268028.488799997], [-10777772.4223, 5268008.787100002], [-10777685.4116, 5267991.446800001], [-10777617.8697, 5267984.9733000025], [-10777551.1612, 5267982.291599996], [-10777511.6665, 5267982.216600001], [-10777454.1761, 5267986.380199999], [-10777383.4501, 5267993.985699996], [-10777286.8888, 5268018.822999999], [-10777232.8598, 5268035.3379999995], [-10777179.8248, 5268056.512900002], [-10776860.1278, 5267885.614500001], [-10776466.7974, 5267675.335199997], [-10776416.0003, 5267648.177000001], [-10775274.463, 5267037.7711], [-10774705.8897, 5266765.400399998], [-10774696.6546, 5266445.783500001], [-10774713.8068, 5266315.140500002], [-10774918.1845, 5265905.743600003], [-10774747.9131, 5264938.287299998], [-10774741.7949, 5264884.7272000015], [-10774747.5092, 5264809.303900003], [-10774763.6841, 5264741.8950999975], [-10774789.5144, 5264667.717699997], [-10774827.6262, 5264579.995800003], [-10774869.9217, 5264492.554300003], [-10774920.5656, 5264401.792800002], [-10774963.4926, 5264334.441600002], [-10775019.5666, 5264260.356399998], [-10775094.9254, 5264169.064199999], [-10775281.427, 5263995.1032000035], [-10775357.5479, 5263674.274899997], [-10775198.8079, 5263262.359999999], [-10775253.4791, 5263197.925099999], [-10775285.9168, 5263149.794200003], [-10775315.5244, 5263090.114], [-10775341.0965, 5263025.119800001], [-10775355.9201, 5262974.429399997], [-10775366.899, 5262912.179099999], [-10775370.6995, 5262842.131399997], [-10774482.8781, 5262170.184600003], [-10774241.9279, 5262163.852600001], [-10773400.7333, 5261410.0451000035], [-10773118.7744, 5261422.101499997], [-10773042.6215, 5261442.4155], [-10772990.9005, 5261457.1395], [-10772856.4318, 5261505.145800002], [-10772729.0498, 5261559.143299997], [-10772642.8345, 5261601.555799998], [-10772609.8744, 5261661.547399998], [-10772586.8153, 5261693.366300002], [-10772554.0219, 5261727.883599997], [-10772537.5092, 5261742.771600001], [-10772527.3351, 5261751.027900003], [-10772519.6047, 5261757.670599997], [-10772514.3516, 5261762.310800001], [-10772503.6255, 5261769.226400003], [-10772496.4031, 5261773.707400002], [-10772487.371, 5261779.457800001], [-10772470.0116, 5261790.961800002], [-10772444.1181, 5261803.220200002], [-10772422.8114, 5261813.306999996], [-10772404.3681, 5261819.2016], [-10772384.4008, 5261825.872400001], [-10772365.9164, 5261830.836099997], [-10772323.5277, 5261838.763499998], [-10771507.5848, 5262107.539800003], [-10771504.8332, 5261590.542499997], [-10771388.8713, 5261757.3803], [-10771302.7687, 5261804.137100004], [-10771212.5976, 5261844.0233], [-10771116.1834, 5261875.739799999], [-10771017.9242, 5261898.306900002], [-10770932.4607, 5261911.425300002], [-10770870.2737, 5261915.374799997], [-10770817.8352, 5261919.568400003], [-10770762.0698, 5261917.376999997], [-10770702.1897, 5261912.992299996], [-10770630.5203, 5261905.078299999], [-10770316.9983, 5261925.222599998], [-10770321.1799, 5262092.515000001], [-10770248.8723, 5262127.9542], [-10769863.1259, 5262110.0429000035], [-10769858.723, 5262419.418300003], [-10769314.5417, 5262415.754000001], [-10769306.4203, 5262378.418099999], [-10769306.4287, 5262342.096000001], [-10769314.7988, 5262303.887500003], [-10769315.9603, 5262260.261], [-10769048.4492, 5262262.740199998], [-10768876.8334, 5262260.633000001], [-10768739.2078, 5262259.443499997], [-10768605.732, 5262256.5986], [-10768546.8933, 5262246.458999999], [-10768148.9194, 5262251.230700001], [-10767611.6402, 5262263.095700003], [-10767188.4005, 5262410.880800001], [-10766577.251, 5262448.277099997], [-10766442.137, 5262445.319600001], [-10766243.4745, 5262500.246299997], [-10766158.9542, 5262490.3442], [-10766123.6316, 5262486.979699999], [-10766044.6278, 5262472.363499999], [-10766014.1615, 5262467.705799997], [-10765954.2737, 5262453.118100002], [-10765863.5316, 5262430.506399997], [-10765788.1133, 5262407.449900001], [-10765522.0311, 5262359.998400003], [-10765505.6328, 5262519.522500001], [-10764409.3354, 5262497.092], [-10764412.1533, 5261980.938500002], [-10763293.1139, 5261953.280000001], [-10763285.4981, 5261295.469400004], [-10763233.6495, 5261267.023599997], [-10763157.4197, 5261214.969999999], [-10763089.3679, 5261161.143399999], [-10763024.357, 5261095.085199997], [-10762951.663, 5261011.032499999], [-10762898.1524, 5260923.417999998], [-10762850.4813, 5260822.271399997], [-10762804.7598, 5260699.322300002], [-10762787.1454, 5260594.914800003], [-10762779.1768, 5260526.619900003], [-10762670.9294, 5260392.737899996], [-10762644.7133, 5260355.080200002], [-10762626.8253, 5260320.7381], [-10762610.819, 5260276.202799998], [-10762601.2493, 5260235.443999998], [-10762596.3416, 5260175.730499998], [-10762599.7033, 5260132.7161], [-10762620.0904, 5260066.389200002], [-10762633.2635, 5259997.446599998], [-10762636.8732, 5259864.465300001], [-10762570.7468, 5259808.784500003], [-10762518.353, 5259754.721000001], [-10762416.9078, 5259610.416599996], [-10762381.0384, 5259535.798], [-10762353.4343, 5259478.373199999], [-10762336.7542, 5259429.761], [-10762327.4461, 5259372.304899998], [-10762324.9278, 5259310.839900002], [-10762329.7969, 5259255.4595], [-10762342.9849, 5259201.977899998], [-10762364.6344, 5259146.218199998], [-10762389.3823, 5259099.793899998], [-10762424.8576, 5259051.240599997], [-10762493.1185, 5259010.583300002], [-10762569.1299, 5258955.004100002], [-10762640.0627, 5258893.404299997], [-10762687.7284, 5258844.701499999], [-10762731.7316, 5258794.403999999], [-10762796.0597, 5258733.564900003], [-10762840.1324, 5258680.138700001], [-10762874.835, 5258624.081299998], [-10762902.5417, 5258563.069499999], [-10762921.6119, 5258514.8977999985], [-10762936.7238, 5258439.299199998], [-10762943.625, 5258359.907700002], [-10762942.4935, 5258309.6098000035], [-10762934.6819, 5258251.754500002], [-10762922.3577, 5258171.543300003], [-10762919.1406, 5258145.883000001], [-10762912.5598, 5258076.183399998], [-10762911.2995, 5258026.322400004], [-10762910.7768, 5257973.1897], [-10762910.4646, 5257937.120899998], [-10762916.3996, 5257844.520900004], [-10763112.5621, 5257545.454700001], [-10763135.7169, 5257478.123599999], [-10763147.1689, 5257449.424699999], [-10763170.2089, 5257419.363600001], [-10763194.2196, 5257383.529299997], [-10763219.5667, 5257360.152999997], [-10763238.0958, 5257312.583899997], [-10763258.8905, 5257273.355099998], [-10763283.7461, 5257236.7141999975], [-10763323.135, 5257189.9714], [-10763339.8164, 5257089.4043999985], [-10763430.7209, 5256902.573799998], [-10763510.0745, 5256770.490099996], [-10763540.3928, 5256712.325199999], [-10763560.1236, 5256655.502800003], [-10763581.7937, 5256570.875600003], [-10763596.3418, 5256489.300300002], [-10763597.1171, 5256460.808200002], [-10763607.9586, 5256420.094300002], [-10763622.0439, 5256395.3950999975], [-10763637.1701, 5256375.216799997], [-10763663.1308, 5256298.891599998], [-10763679.1387, 5256228.3248], [-10763683.9193, 5256207.956500001], [-10763690.2791, 5256167.851800002], [-10763703.7119, 5256132.374799997], [-10763727.619, 5256092.617299996], [-10763767.3256, 5256010.579800002], [-10763794.7176, 5255963.677199997], [-10763836.7643, 5255908.868500002], [-10763875.1702, 5255869.382100001], [-10763909.3349, 5255840.802000001], [-10763943.3274, 5255817.513999999], [-10763984.3219, 5255792.4815], [-10764315.6778, 5255534.8967999965], [-10764760.5463, 5254711.422499999], [-10764982.9626, 5254102.226499997], [-10765023.366, 5253871.356200002], [-10765050.005, 5253762.736100003], [-10765067.5144, 5253699.3521], [-10765015.741, 5252636.2126], [-10764464.5507, 5251866.243100002], [-10764456.3776, 5251701.880500004], [-10764440.5159, 5251565.733000003], [-10764414.7485, 5251451.398000002], [-10764380.632, 5251316.791100003], [-10764339.1515, 5251208.701200001], [-10764278.7505, 5251060.006399997], [-10764230.2404, 5250965.0999], [-10764130.2145, 5250804.186300002], [-10763969.2717, 5250603.0748], [-10763823.0139, 5250458.235600002], [-10764261.1984, 5250028.440300003], [-10764351.6921, 5249939.673799999], [-10764466.6344, 5249826.923199996], [-10764376.9505, 5249689.430500001], [-10767062.032, 5249720.807999998], [-10767098.8299, 5250586.923100002], [-10767134.7603, 5250602.934799999], [-10767171.9929, 5250610.3552], [-10767205.4488, 5250609.166100003], [-10767208.5557, 5250609.427199997], [-10767218.5617, 5250611.181400001], [-10767239.0799, 5250614.7190999985], [-10767276.0907, 5250629.106299996], [-10767302.6441, 5250647.020900004], [-10767323.545, 5250666.756499998], [-10767330.9022, 5250674.880800001], [-10767349.8204, 5250704.689400002], [-10767367.2716, 5250746.947099999], [-10767387.1493, 5250780.626599997], [-10767417.5677, 5250818.2761999965], [-10767446.7914, 5250845.871699996], [-10767481.117, 5250869.5961000025], [-10767514.6859, 5250892.797399998], [-10767548.5235, 5250926.579800002], [-10767570.1492, 5250957.881300002], [-10767589.7758, 5251001.069799997], [-10767601.2624, 5251038.010300003], [-10767605.0057, 5251077.771300003], [-10767605.4792, 5251270.148199998], [-10767601.5846, 5251350.996299997], [-10767611.8788, 5251449.384999998], [-10767636.4885, 5251544.852899998], [-10767653.1924, 5251610.989699997], [-10767671.2907, 5251653.936499998], [-10767701.8601, 5251707.139799997], [-10767729.0078, 5251741.934299998], [-10767768.4338, 5251780.976999998], [-10767808.6425, 5251811.795699999], [-10768040.4183, 5252010.075099997], [-10768094.765, 5252078.663599998], [-10768180.8638, 5252256.166000001], [-10768207.2522, 5252314.686399996], [-10768221.6926, 5252362.3772], [-10768253.3862, 5252417.527999997], [-10768270.2064, 5252442.510200001], [-10768316.667, 5252475.144199997], [-10768219.3428, 5252484.540600002], [-10768217.8363, 5253079.246100001], [-10767168.5673, 5253092.5429000035], [-10766597.5646, 5254064.032700002], [-10766685.1987, 5254477.177100003], [-10766717.7928, 5254664.842100002], [-10766746.5327, 5254884.049800001], [-10766707.641, 5255029.429799996], [-10766657.287, 5255074.631399997], [-10766621.8199, 5255121.675700001], [-10766599.1083, 5255161.641400002], [-10766577.548, 5255221.6455999985], [-10766566.8586, 5255271.4048999995], [-10766550.3119, 5255327.159999996], [-10766532.5295, 5255371.331900001], [-10766517.8196, 5255404.963200003], [-10766488.9512, 5255453.810199998], [-10766478.9405, 5255470.898400001], [-10766447.9146, 5255511.956299998], [-10766398.6453, 5255567.154600002], [-10766325.7037, 5255626.7168999985], [-10766277.8112, 5255656.892499998], [-10766207.2643, 5255691.796099998], [-10766130.6991, 5255715.865699999], [-10766080.1269, 5255728.1884], [-10766040.2838, 5255730.557400003], [-10766019.9441, 5255735.684699997], [-10766000.1045, 5255741.070500001], [-10765965.111, 5255759.883900002], [-10765933.6609, 5255785.207699999], [-10765908.4969, 5255817.683300003], [-10765645.2796, 5256264.735200003], [-10765304.0769, 5256852.059], [-10765079.1364, 5257407.438600004], [-10765183.5509, 5258366.3950999975], [-10764893.5595, 5258949.6096], [-10765406.097, 5259540.5363000035], [-10766059.8385, 5259618.149099998], [-10766636.8722, 5260145.5239999965], [-10766782.0791, 5260142.610100001], [-10766877.1691, 5260153.746299997], [-10766946.5497, 5260167.049999997], [-10767035.5002, 5260193.7326000035], [-10767146.6267, 5260243.850199997], [-10767230.6742, 5260294.6743], [-10767289.3608, 5260337.904299997], [-10767334.8214, 5260391.729199998], [-10767396.1112, 5260441.922399998], [-10767475.995, 5260488.344400004], [-10767552.1616, 5260514.6778], [-10767646.9123, 5260538.648000002], [-10767716.6791, 5260537.681900002], [-10767782.307, 5260532.315200001], [-10767889.1517, 5260502.053599998], [-10768217.0396, 5260351.031999998], [-10768423.2286, 5260256.963600002], [-10768640.4951, 5260212.998099998], [-10769019.6507, 5260245.5977], [-10769056.5028, 5260252.941], [-10769094.3962, 5260260.053800002], [-10769133.9663, 5260266.659999996], [-10769202.1534, 5260276.239200003], [-10769251.2513, 5260277.556100003], [-10769303.1098, 5260278.946699999], [-10769388.2286, 5260275.1329], [-10769491.3473, 5260259.072899997], [-10769582.714, 5260235.848999999], [-10769770.9694, 5260131.4059000015], [-10769965.569, 5260008.554700002], [-10770176.7543, 5259886.274400003], [-10770219.7066, 5259822.365199998], [-10770452.6542, 5259713.887000002], [-10770846.2805, 5260022.269000001], [-10770858.7926, 5260043.979000002], [-10770876.6809, 5260058.753300004], [-10770884.9375, 5260063.108499996], [-10770896.096, 5260067.525799997], [-10770904.1346, 5260069.470700003], [-10770926.8346, 5260070.213299997], [-10770950.5395, 5260062.242399998], [-10771294.1404, 5259872.123599999], [-10771667.7132, 5259956.1184], [-10771776.021, 5259883.682999998], [-10771738.4259, 5259866.046999998], [-10771711.782, 5259853.470200002], [-10771653.1745, 5259825.892999999], [-10771626.0198, 5259812.383500002], [-10771571.7817, 5259782.670599997], [-10771523.1272, 5259757.149099998], [-10771466.9584, 5259722.652099997], [-10771387.401, 5259672.968500003], [-10771333.7544, 5259635.857900001], [-10771284.2323, 5259602.685699999], [-10771228.83, 5259559.509400003], [-10771177.3627, 5259519.975400001], [-10771110.3963, 5259463.259099998], [-10771058.3108, 5259418.363600001], [-10770974.4798, 5259337.537100002], [-10770863.655, 5259219.867399998], [-10770328.718, 5258670.7729], [-10770281.3041, 5258630.476300001], [-10770248.5749, 5258593.57], [-10770217.526, 5258550.6906], [-10770189.8691, 5258460.7673999965], [-10770188.8541, 5258442.716799997], [-10770186.2425, 5258399.847000003], [-10770189.7408, 5258351.888499998], [-10770201.0605, 5258294.616800003], [-10770434.6629, 5258284.316], [-10770559.5392, 5258534.0493], [-10770724.1309, 5258776.915299997], [-10771154.1193, 5259186.192900002], [-10771424.8795, 5259377.474200003], [-10772620.0921, 5259834.566500001], [-10772662.1763, 5259854.360100001], [-10772676.4989, 5259857.810999997], [-10772705.3923, 5259865.283500001], [-10772749.8016, 5259869.0462], [-10772794.2026, 5259864.5383], [-10772839.2445, 5259851.894500002], [-10772918.1618, 5259809.0363000035], [-10772992.5011, 5259803.6919], [-10773053.4906, 5259802.547600001], [-10773108.5306, 5259804.001000002], [-10773166.139, 5259807.482500002], [-10773221.0929, 5259812.2258], [-10773302.1338, 5259822.9103000015], [-10773371.269, 5259837.231399998], [-10773459.8481, 5259859.309], [-10773514.9206, 5259876.324500002], [-10774174.8058, 5259740.738899998], [-10774398.7557, 5259694.713100001], [-10774742.2538, 5259710.833700001], [-10775062.2613, 5259761.436800003], [-10775185.32, 5259779.153300002], [-10775258.8381, 5259795.214000002], [-10775331.0823, 5259814.748000003], [-10775428.7317, 5259850.261299998], [-10775530.7526, 5259897.650399998], [-10775642.88, 5259962.9614999965], [-10775732.6967, 5260028.868199997], [-10775850.8862, 5260132.316100001], [-10775993.8094, 5260306.418899998], [-10776198.1485, 5260535.283], [-10776398.3421, 5260814.980700001], [-10776531.0863, 5261025.039999999], [-10776702.4681, 5261265.266800001], [-10776869.2154, 5261474.778399996], [-10777046.7818, 5261635.010399997], [-10777267.6079, 5261854.461400002], [-10777544.7138, 5262066.333400004], [-10777628.0415, 5262090.7717999965], [-10777692.5034, 5262128.003399998], [-10777695.1508, 5261423.8330999985], [-10778806.5503, 5261385.5869999975], [-10778801.4493, 5262200.8662], [-10778777.6689, 5263035.038400002], [-10778274.0108, 5263023.108900003], [-10778656.4351, 5263678.883699998], [-10778379.8947, 5264213.251699999], [-10778340.9105, 5264148.466499999], [-10778287.4448, 5264070.3116], [-10778243.12, 5264014.081900001], [-10778180.9065, 5263941.791599996], [-10778100.57, 5263862.597099997], [-10778053.5671, 5263820.976999998], [-10777887.3435, 5264168.6131], [-10777848.3685, 5264174.174999997], [-10777839.7475, 5264082.2016], [-10777828.678, 5264002.569499999], [-10777812.5289, 5263929.861599997], [-10777791.4766, 5263857.0273], [-10777761.3499, 5263754.387400001], [-10777722.798, 5263661.397100002], [-10777673.0595, 5263558.250500001], [-10777629.0567, 5263486.4629999995], [-10777569.0764, 5263397.8522000015], [-10777520.1299, 5263327.576499999], [-10777462.3539, 5263262.381099999], [-10776712.2738, 5262450.0594], [-10776708.563, 5262776.135799997], [-10776704.472, 5262834.5200999975], [-10776701.9872, 5262899.030299999], [-10776702.5342, 5262971.693599999], [-10776707.3742, 5263033.178000003], [-10776713.2194, 5263087.411700003], [-10776722.9272, 5263148.211599998], [-10776734.6459, 5263211.870999999], [-10776839.0489, 5263603.983999997], [-10776894.8764, 5263674.072899997], [-10776934.2388, 5263704.091200002], [-10776956.9825, 5263729.718199998], [-10776971.2929, 5263744.492799997], [-10776991.9624, 5263777.282399997], [-10777002.4202, 5263796.016999997], [-10777017.5924, 5263832.440300003], [-10777035.1885, 5263861.542300001], [-10777042.4036, 5263873.711599998], [-10777060.7834, 5263915.481799997], [-10777070.9658, 5263950.358900003], [-10777075.6455, 5263974.4595], [-10777079.6397, 5264008.731600001], [-10777079.6432, 5264042.471000001], [-10777078.1167, 5264067.7434], [-10777072.9392, 5264103.517300002], [-10777097.1364, 5264143.745899998], [-10777117.0124, 5264171.275600001], [-10777150.8518, 5264241.2744999975], [-10777175.2486, 5264307.841300003], [-10777192.5842, 5264372.646700002], [-10777200.1254, 5264418.121299997], [-10777205.9005, 5264456.894199997], [-10777222.8251, 5264483.388499998], [-10777231.5731, 5264499.996100001], [-10777247.1128, 5264541.526500002], [-10777254.1464, 5264570.608199999], [-10777258.3907, 5264598.499200001], [-10777260.7708, 5264635.244400002], [-10777256.371, 5264676.809], [-10777253.6716, 5264696.184], [-10777242.1856, 5264732.569300003], [-10777219.9577, 5264778.666599996], [-10777195.9817, 5264813.153399996], [-10776903.5658, 5265448.9570999965], [-10776955.0153, 5265429.3794], [-10777001.5983, 5265419.4573], [-10777061.2619, 5265413.545900002], [-10777097.1662, 5265415.7205], [-10777118.8206, 5265418.1532000005], [-10777179.2113, 5265432.150899999], [-10777217.2753, 5265446.824699998], [-10777269.2808, 5265474.288699999], [-10777307.5361, 5265504.521600001], [-10777345.596, 5265543.438299999], [-10777381.6193, 5265589.1523], [-10777405.2951, 5265633.549699999], [-10777423.9404, 5265684.515699998], [-10777696.1723, 5266470.833999999], [-10778682.453, 5265976.851499997], [-10780303.2325, 5266816.394000001], [-10780320.2298, 5266957.127599999], [-10780504.017, 5266963.623999998], [-10780528.224, 5267066.272100002], [-10780553.5223, 5267149.081200004], [-10780578.0905, 5267217.901900001], [-10780612.3025, 5267295.7678999975], [-10780652.9995, 5267377.111400001], [-10780703.5088, 5267460.898800001], [-10780754.1863, 5267538.1000000015], [-10780810.1587, 5267611.532499999], [-10780950.8882, 5267607.2139], [-10781056.7194, 5267611.324600004], [-10781151.4219, 5267623.6027000025], [-10781256.9798, 5267639.4526999965], [-10781386.0581, 5267674.526000001], [-10781482.4608, 5267705.467799999], [-10781570.0139, 5267741.655000001], [-10781613.6645, 5267760.765500002], [-10781687.6008, 5267813.4155], [-10781765.8064, 5267859.497400001], [-10781852.1244, 5267902.226800002], [-10781921.3226, 5267929.190899998], [-10782009.1008, 5267956.627899997], [-10782100.1463, 5267976.4833], [-10782155.7132, 5267984.719499998], [-10782191.6588, 5267989.037799999], [-10782291.2507, 5267994.3917], [-10782453.5622, 5268008.677599996], [-10782613.7612, 5268048.856200002], [-10783114.4736, 5268292.559299998], [-10783487.0735, 5268618.417099997], [-10784287.2927, 5269320.413099997], [-10784286.6025, 5269152.243000001], [-10784847.5287, 5269228.821999997], [-10785295.0872, 5269293.420900002], [-10785779.7618, 5269292.451700002], [-10785842.1082, 5269350.179300003], [-10785908.8325, 5269404.077100001], [-10785979.1908, 5269447.555699997], [-10786060.4012, 5269483.816100001], [-10786175.8681, 5269514.515799999], [-10786255.6346, 5269522.930799998], [-10786332.4965, 5269519.508100003], [-10786406.9669, 5269508.156099997], [-10786509.9606, 5269476.370300002], [-10786603.811, 5269457.838100001], [-10786677.8373, 5269450.7108], [-10786752.3802, 5269449.992399998], [-10786836.7444, 5269449.994999997], [-10786948.2601, 5269453.830899999], [-10787041.4486, 5269457.208300002], [-10787191.8313, 5269470.111400001], [-10787230.2678, 5269487.608599998], [-10787286.3302, 5269507.632700004], [-10787332.7306, 5269520.502800003], [-10787386.8086, 5269530.049099997], [-10787453.252, 5269535.218999997], [-10787502.3367, 5269534.099200003], [-10787560.2889, 5269528.512100004], [-10787617.805, 5269517.0568], [-10787684.304, 5269496.452799998], [-10787742.818, 5269470.608000003], [-10787793.6371, 5269432.443400003], [-10787870.1147, 5269387.002899997], [-10787970.527, 5269344.650600001], [-10788063.8246, 5269322.048699997], [-10788155.1795, 5269311.0293999985], [-10788245.4442, 5269310.780000001], [-10788316.4542, 5269319.185999997], [-10788403.7208, 5269339.622599997], [-10788479.4314, 5269367.521600001], [-10788576.3681, 5269408.994199999], [-10788705.6991, 5269441.527000003], [-10789960.6022, 5268928.0748], [-10789948.1148, 5268496.522], [-10789649.147, 5268476.6149], [-10788787.7453, 5268244.5363000035], [-10788740.9946, 5268231.567000002], [-10787833.5806, 5267847.471299998], [-10788066.9866, 5267525.682099998], [-10788604.9707, 5267764.047899999], [-10788829.8792, 5267794.576499999], [-10790568.0416, 5267993.234099999], [-10790914.8298, 5268036.026299998], [-10791123.9404, 5268076.479999997], [-10792465.8073, 5268454.178999998], [-10792476.5333, 5268354.0528], [-10792813.1543, 5268354.600100003], [-10792880.0412, 5268441.923600003], [-10792834.2404, 5268564.583899997], [-10792953.8788, 5268603.695200004], [-10792970.0159, 5268534.944300003], [-10792994.6083, 5268446.9026999995], [-10793024.6231, 5268356.676399998], [-10793054.8684, 5268335.734899998], [-10793084.6435, 5268304.504500002], [-10793105.9156, 5268273.7766999975], [-10793123.8696, 5268233.741899997], [-10793133.8421, 5268202.030599996], [-10793137.0076, 5268158.792499997], [-10793134.7611, 5268123.366700001], [-10793167.5119, 5268125.874200001], [-10793220.7599, 5268120.3522000015], [-10793248.036, 5268111.3112], [-10793270.2227, 5268097.856200002], [-10793307.6889, 5268079.498599999], [-10793341.9318, 5268064.561800003], [-10793366.6079, 5268055.0031], [-10793414.1161, 5268040.3917], [-10793448.885, 5268032.476499997], [-10793487.4785, 5268025.355300002], [-10793539.9738, 5268021.0217999965], [-10793567.384, 5268019.9130000025], [-10793642.6667, 5268002.039300002], [-10793752.3942, 5267984.8352999985], [-10793844.2598, 5267985.4706000015], [-10793875.9105, 5267987.031900004], [-10793911.4601, 5267991.071900003], [-10793954.8646, 5267997.682400003], [-10794010.8064, 5268010.159999996], [-10794063.5045, 5268025.734099999], [-10794119.256, 5268046.154700004], [-10794185.0325, 5268077.933499999], [-10794263.1663, 5268125.1778], [-10794494.4568, 5268286.472599998], [-10794601.6826, 5268394.379600003], [-10794648.9626, 5268445.1076000035], [-10794675.9312, 5268472.160400003], [-10794789.6467, 5268579.256300002], [-10794877.7879, 5268657.6756], [-10794960.3124, 5268736.390799999], [-10795051.3887, 5268827.968199998], [-10795091.6723, 5268870.056000002], [-10795137.7742, 5268926.7535], [-10795181.2232, 5268985.126500003], [-10795255.795, 5269102.457000002], [-10795298.4913, 5269185.201899998], [-10795334.1084, 5269274.0], [-10795359.8119, 5269344.269500002], [-10794744.0105, 5269355.175899997], [-10794647.0804, 5269326.051600002], [-10794576.3076, 5269347.016000003], [-10794660.9815, 5269551.212300003], [-10794748.5067, 5269822.533], [-10794801.6151, 5270126.671300001], [-10794816.4219, 5270349.133699998], [-10794816.7713, 5270502.594800003], [-10794798.9001, 5270744.465999998], [-10794744.0363, 5271017.760700002], [-10794687.2689, 5271207.499399997], [-10794577.7522, 5271627.341799997], [-10794520.5535, 5271756.113700002], [-10794481.1009, 5271912.7129999995], [-10794467.3062, 5272041.2853000015], [-10794488.5952, 5272195.770800002], [-10794538.7649, 5272336.638999999], [-10794607.2903, 5272456.462399997], [-10794728.7435, 5272602.629100002], [-10794883.0019, 5272720.9441], [-10795000.9438, 5272801.001699999], [-10795229.2176, 5272922.021499999], [-10795404.9224, 5273251.207000002], [-10795536.7681, 5273537.859999999], [-10796641.3858, 5273702.741700001], [-10797286.7574, 5273792.254900001], [-10797597.7676, 5273859.514600001], [-10798617.0362, 5273980.888599999], [-10799021.8727, 5273893.678099997], [-10799392.1267, 5274203.231399998], [-10799721.3358, 5274292.576499999], [-10799721.462, 5274228.213500001], [-10800213.2215, 5274350.138899997], [-10800863.5666, 5274610.456500001], [-10801973.3212, 5275324.055500001], [-10801958.0613, 5275055.162900001], [-10804952.4087, 5275074.368600003], [-10804953.0719, 5275146.742799997], [-10805293.933, 5275154.593199998], [-10805292.9902, 5275294.111900002], [-10805952.6947, 5275345.063699998], [-10806398.9712, 5275406.457400002], [-10807050.4429, 5275516.112599999], [-10807045.9098, 5275265.006399997], [-10807265.5294, 5275269.457699999], [-10807262.8387, 5275065.886699997], [-10807333.5129, 5275067.497900002], [-10807330.7414, 5275596.8728], [-10808235.9484, 5275579.826300003], [-10808375.3471, 5275604.349299997], [-10808394.5657, 5275531.324000001], [-10807980.4566, 5275376.709200002], [-10807365.9436, 5275376.621200003], [-10807363.1402, 5274973.595799997], [-10807261.1469, 5274909.0315999985], [-10807152.1852, 5274829.5956000015], [-10807046.2225, 5274695.851599999], [-10806892.7425, 5274517.233499996], [-10806614.5451, 5274260.3527000025], [-10806794.1036, 5273796.6461], [-10807177.9128, 5273863.193499997], [-10807186.0448, 5273863.379000001], [-10807196.508, 5273863.617600001], [-10807205.252, 5273863.817100003], [-10807218.9906, 5273866.1413], [-10807232.8955, 5273869.042999998], [-10807248.0581, 5273873.443400003], [-10807263.5363, 5273880.065300003], [-10807280.813, 5273888.388999999], [-10807300.9216, 5273901.572700001], [-10807315.8923, 5273914.455899999], [-10807326.8433, 5273926.136299998], [-10807335.9681, 5273936.919], [-10807338.6081, 5273944.948299997], [-10807344.5841, 5273960.252599999], [-10807352.5179, 5273976.843000002], [-10807363.2652, 5273995.318099998], [-10807379.3746, 5274017.822099999], [-10807390.0109, 5274029.7839], [-10807401.6799, 5274041.769299999], [-10807418.4897, 5274056.476199999], [-10807438.9331, 5274070.743299998], [-10807458.4264, 5274081.343599997], [-10807473.0683, 5274088.335100003], [-10808355.047, 5274389.706], [-10809286.9132, 5274380.321699999], [-10809083.8017, 5274704.010499999], [-10809403.0474, 5274817.235699996], [-10809867.1333, 5275014.083999999], [-10810735.6154, 5275451.5986], [-10810787.1543, 5275477.559299998], [-10810878.9336, 5275522.8522000015], [-10810962.8625, 5275565.2705999985], [-10811047.2048, 5275607.292300001], [-10811155.5513, 5275660.390799999], [-10811215.3989, 5275691.1153], [-10811281.2477, 5275724.224100001], [-10811374.2159, 5275771.844800003], [-10811643.7202, 5275909.885200001], [-10811776.4555, 5275948.728100002], [-10811913.4929, 5276013.284400001], [-10811950.4429, 5276027.8434000015], [-10811994.0017, 5276046.832400002], [-10812028.9551, 5276062.833400004], [-10812059.4403, 5276077.802900001], [-10812085.9324, 5276091.285400003], [-10812135.8621, 5276118.7651999965], [-10812142.9658, 5276122.823700003], [-10812155.9336, 5276130.2321000025], [-10812190.6693, 5276150.076700002], [-10812230.1064, 5276175.529100001], [-10812259.6706, 5276195.244999997], [-10812298.0863, 5276221.677500002], [-10812356.6048, 5276266.110399999], [-10812401.3077, 5276302.211400002], [-10812454.7851, 5276348.537900001], [-10812511.0735, 5276403.452799998], [-10812588.155, 5276482.094499998], [-10812655.1472, 5276551.043499999], [-10812706.1794, 5276603.320200004], [-10812805.0542, 5276746.382299997], [-10812967.4283, 5276811.028399996], [-10813282.9792, 5276801.069399998], [-10813504.7074, 5276886.9133], [-10813553.7091, 5276888.942900002], [-10814076.009, 5276910.560400002], [-10814089.6796, 5276911.1259], [-10814341.6444, 5276921.5436], [-10814369.0288, 5276922.675499998], [-10814368.6437, 5277058.977499999], [-10814368.4316, 5277134.062899999], [-10814268.849, 5277160.164800003], [-10813908.5967, 5277546.2114999965], [-10814479.6375, 5278143.491099998], [-10814495.6127, 5278160.200999998], [-10814505.0995, 5278170.1241], [-10814739.2032, 5278470.482900001], [-10814939.4406, 5278714.810699999], [-10814978.4526, 5278750.502800003], [-10815004.3825, 5278797.186099999], [-10815013.1026, 5278847.6017], [-10815004.982, 5278900.5167], [-10814980.4464, 5278946.060699999], [-10814841.8987, 5279259.911200002], [-10814826.8257, 5279307.769400001], [-10814814.4997, 5279354.482799999], [-10814791.1978, 5279459.278800003], [-10814781.5691, 5279573.662799999], [-10814792.1416, 5279636.185199998], [-10814820.8318, 5279693.2157000005], [-10814860.9757, 5279736.4045], [-10814891.4538, 5279756.4772000015], [-10814908.7913, 5279767.903399996], [-10814916.9302, 5279773.046300001], [-10814974.8394, 5279797.479800001], [-10814995.635, 5279802.2184000015], [-10815039.9453, 5279811.684900001], [-10815450.168, 5279881.693400003], [-10815467.7476, 5279916.241599999], [-10815483.9887, 5279946.599100001], [-10815529.3725, 5280000.926899999], [-10815587.4488, 5280046.691], [-10815651.0261, 5280077.7531], [-10815835.5879, 5280215.542499997], [-10816006.4851, 5280337.771600001], [-10816248.4653, 5280584.510200001], [-10816290.9477, 5280627.376100004], [-10816308.8663, 5280643.762199998], [-10816362.1395, 5280679.630400002], [-10816439.2056, 5280712.511799999], [-10816494.797, 5280729.234899998], [-10816688.7589, 5280840.070699997], [-10816778.2542, 5280895.659500003], [-10816988.6769, 5281034.517099999], [-10817118.033, 5281085.847000003], [-10817301.4165, 5281170.185000002], [-10817560.8932, 5281269.477399997], [-10817727.0422, 5281364.230899997], [-10818017.6848, 5281515.427500002], [-10818238.2477, 5281623.122100003], [-10818325.0719, 5281645.961300001], [-10818407.6841, 5281681.832199998], [-10818456.0471, 5281707.354500003], [-10818507.4806, 5281723.159699999], [-10818557.8703, 5281727.338200003], [-10818586.3027, 5281710.8838], [-10818619.0151, 5281704.841300003], [-10819200.0122, 5281783.695799999], [-10819269.043, 5281790.358499996], [-10819330.0968, 5281813.4912], [-10819398.102, 5281852.674599998], [-10819471.2348, 5281870.754600003], [-10820197.2301, 5281998.162699997], [-10820484.6894, 5282035.771499999], [-10820626.5555, 5282079.6479], [-10820860.0762, 5282135.255000003], [-10821119.0735, 5282249.106700003], [-10821259.7348, 5282318.359700002], [-10821486.7237, 5282415.574699998], [-10821568.7183, 5282452.628399998], [-10821661.3206, 5282474.247000001], [-10821753.5286, 5282477.341600001], [-10821867.8037, 5282517.384599999], [-10821981.0251, 5282575.491400003], [-10822073.6042, 5282640.4001], [-10822166.8332, 5282723.859899998], [-10822250.6428, 5282827.493900001], [-10822313.0843, 5282931.043200001], [-10822587.2064, 5283382.196099997], [-10822650.0036, 5283521.231200002], [-10822704.414, 5283610.9168], [-10822794.5993, 5283738.0154], [-10822882.4371, 5283831.482199997], [-10823067.927, 5283986.545000002], [-10823163.297, 5284084.748999998], [-10823229.9706, 5284171.654100001], [-10823258.8042, 5284252.300499998], [-10823307.465, 5284322.915600002], [-10823356.6745, 5284368.4026999995], [-10824024.3792, 5284766.158699997], [-10824079.2914, 5285026.532399997], [-10824151.1094, 5285326.918899998], [-10824637.8216, 5285925.549099997], [-10824627.8444, 5286589.204700001], [-10824628.9049, 5286695.0798999965], [-10824639.6968, 5286815.289999999], [-10824662.5574, 5286940.023599997], [-10824687.6705, 5287037.560800001], [-10824737.339, 5287181.1021], [-10824820.2349, 5287383.6866], [-10824900.4826, 5287562.051299997], [-10825139.3546, 5288324.547600001], [-10825622.3672, 5288570.634999998], [-10825606.8911, 5288773.6787], [-10825591.9994, 5288948.492700003], [-10825590.1267, 5289038.842100002], [-10825605.0329, 5289135.191699997], [-10825631.906, 5289197.895800002], [-10825681.6586, 5289244.129500002], [-10825781.75, 5289308.361500002], [-10825925.3023, 5289318.534000002], [-10825963.0107, 5289329.752899997], [-10826152.3808, 5289323.0097], [-10826521.9639, 5289311.3112], [-10826551.3184, 5289275.4673999995], [-10826588.5473, 5289249.626000002], [-10826632.8379, 5289236.120499998], [-10826679.1, 5289236.506499998], [-10826722.2832, 5289249.961000003], [-10826763.291, 5289221.925800003], [-10827318.5317, 5288842.305699997], [-10827568.3962, 5288735.3323], [-10827875.0247, 5288894.191399999], [-10828348.1291, 5289188.398800001], [-10829754.7823, 5289210.851999998], [-10829986.667, 5289218.937600002], [-10830242.9048, 5289219.405500002], [-10830380.366, 5289226.9636999965], [-10830494.015, 5289238.793399997], [-10830726.6622, 5289250.8917], [-10830764.7027, 5289259.554399997], [-10830851.4181, 5289279.301100001], [-10830925.2715, 5289308.422399998], [-10831106.9433, 5289383.993699998], [-10831273.9979, 5289452.917599998], [-10831417.1029, 5289537.7902000025], [-10831546.1592, 5289630.233400002], [-10831703.316, 5289706.699199997], [-10831845.6728, 5289804.054799996], [-10831933.1917, 5289881.761500001], [-10831962.4198, 5289775.902800001], [-10832069.2572, 5289722.731899999], [-10832202.6512, 5289696.874799997], [-10832608.6957, 5290038.129900001], [-10832804.0318, 5289777.5397000015], [-10832979.8886, 5289789.7958], [-10833359.5166, 5289905.668399997], [-10833412.7025, 5289925.3178], [-10833520.5229, 5289951.780699998], [-10833615.0393, 5289995.058499999], [-10833702.044, 5290055.041599996], [-10833810.6942, 5290195.851999998], [-10833903.3503, 5290296.814800002], [-10834002.596, 5290213.913599998], [-10834110.5254, 5290139.919699997], [-10834261.7694, 5290058.264799997], [-10834418.1187, 5289998.2136999965], [-10834507.6735, 5289964.777800001], [-10834590.9415, 5289920.5820999965], [-10834674.3509, 5289877.097199999], [-10834722.4981, 5289851.687399998], [-10834856.9949, 5289801.373400003], [-10834940.6701, 5289781.612499997], [-10835002.096, 5289767.398699999], [-10835068.3554, 5289749.039300002], [-10835118.8261, 5289726.003200002], [-10835167.923, 5289691.464000002], [-10835207.7599, 5289652.548100002], [-10835275.4741, 5289598.5326000005], [-10835349.6993, 5289559.258400001], [-10835423.6076, 5289534.6052], [-10835507.1855, 5289522.0704], [-10836399.3643, 5289523.8961], [-10836957.7114, 5289704.217], [-10837644.5947, 5289499.205600001], [-10838231.0284, 5289406.317599997], [-10838353.4808, 5289492.885899998], [-10838473.3442, 5289563.6592999995], [-10838614.7943, 5289638.449500002], [-10838772.3302, 5289721.741700001], [-10838943.5247, 5289821.0075], [-10839206.7415, 5289917.058700003], [-10839307.7556, 5289965.996200003], [-10839473.0155, 5290036.419299997], [-10839705.9335, 5290147.545299999], [-10839920.6127, 5290280.484099999], [-10840138.6414, 5290415.9152000025], [-10840368.3966, 5290564.676399998], [-10840591.4894, 5290712.625299998], [-10840721.9007, 5290814.119800001], [-10841446.1917, 5290847.9014], [-10841736.2411, 5290860.895199999], [-10841843.6422, 5290837.858599998], [-10841957.6881, 5290809.7744999975], [-10842063.4216, 5290786.742600001], [-10842215.7872, 5290755.982799999], [-10842288.9568, 5290718.034100004], [-10842368.9101, 5290707.6545], [-10842475.5608, 5290704.685900003], [-10842599.6675, 5290691.604699999], [-10842752.066, 5290669.1994], [-10842897.7758, 5290641.803000003], [-10843046.7781, 5290605.190399997], [-10843091.6809, 5290583.249399997], [-10843406.598, 5290187.131200001], [-10843895.3956, 5290113.039899997], [-10843892.8241, 5289909.0022], [-10844960.1812, 5289903.3354], [-10845063.9415, 5289816.7249], [-10845189.3097, 5289718.306900002], [-10845298.0077, 5289619.129100002], [-10845409.1105, 5289499.870300002], [-10845576.6584, 5289335.193800002], [-10845734.9929, 5289161.3618], [-10845788.2294, 5289107.343500003], [-10845878.5572, 5289020.153099999], [-10846036.8113, 5288861.7249], [-10846180.2311, 5288739.255500004], [-10846334.5015, 5288626.759499997], [-10846522.8691, 5288513.288400002], [-10846682.0817, 5288390.751000002], [-10846858.7239, 5288259.7924000025], [-10847009.7094, 5288161.495999999], [-10847081.9201, 5288123.630599998], [-10847089.6637, 5288186.2095], [-10847070.0234, 5288264.763800003], [-10847175.1771, 5288240.7315], [-10847321.6247, 5288213.216200002], [-10847509.9654, 5288193.1796], [-10847682.658, 5288170.759900004], [-10847802.2387, 5288161.562399998], [-10847988.4334, 5288189.117600001], [-10847995.1225, 5288137.769400001], [-10848118.7598, 5288172.585500002], [-10848302.9917, 5288211.6844], [-10848505.3085, 5288271.012900002], [-10848742.6572, 5288339.654100001], [-10848949.4769, 5288412.837300003], [-10849172.4518, 5288491.7984], [-10849322.3891, 5288548.366599999], [-10849177.5763, 5288967.8825], [-10849151.1507, 5289044.434100002], [-10849091.0752, 5289218.461599998], [-10848981.4114, 5289110.611100003], [-10848881.2521, 5289050.678400002], [-10848779.4594, 5289001.1044000015], [-10848670.0514, 5288955.168700002], [-10848584.6361, 5288927.033799998], [-10848481.7489, 5288898.692500003], [-10848388.6945, 5288886.429799996], [-10848346.0771, 5288880.5896999985], [-10848223.1054, 5288853.2403], [-10848134.1886, 5288833.463799998], [-10847925.3552, 5288816.072300002], [-10847865.9012, 5288812.9758], [-10847793.9024, 5288801.212800004], [-10847732.4154, 5288782.391599998], [-10847630.4556, 5288780.566799998], [-10847538.1312, 5288787.0451000035], [-10847490.4437, 5288794.042499997], [-10847428.9628, 5288803.841200002], [-10847320.8737, 5288831.102600001], [-10847231.8434, 5288862.864500001], [-10847057.5284, 5288948.333300002], [-10846898.4724, 5289056.617299996], [-10846716.9097, 5289191.580300003], [-10846648.1294, 5289246.611900002], [-10846587.0838, 5289307.573600002], [-10846529.4324, 5289379.966499999], [-10846431.133, 5289463.298100002], [-10846303.6262, 5289600.851599999], [-10846181.0824, 5289753.442699999], [-10846072.7124, 5289885.184199996], [-10845877.4576, 5290189.488399997], [-10845744.7686, 5290384.206799999], [-10845588.691, 5290627.4089], [-10845441.801, 5290843.0249999985], [-10845253.2093, 5291084.525200002], [-10845105.4849, 5291287.599600002], [-10844953.6087, 5291471.434299998], [-10844775.9588, 5291680.300899997], [-10844692.781, 5291831.780500002], [-10844579.7114, 5291929.565399997], [-10844471.2972, 5292003.674599998], [-10844311.9845, 5292113.059600003], [-10844217.741, 5292168.152000003], [-10844107.6632, 5292221.551700003], [-10843984.2431, 5292279.9526999965], [-10843871.4968, 5292330.6613000035], [-10843761.0565, 5292349.483999997], [-10843651.9268, 5292360.197099999], [-10843520.7774, 5292336.250399999], [-10843362.4981, 5292277.494099997], [-10843173.4285, 5292184.400600001], [-10843021.8258, 5292122.302599996], [-10842812.7699, 5292022.485200003], [-10842590.314, 5291944.652599998], [-10842450.3073, 5291900.398199998], [-10842316.7549, 5291854.862300001], [-10842128.8557, 5291795.698700003], [-10842010.2719, 5291763.032300003], [-10841963.0897, 5291745.864699997], [-10841890.6321, 5291722.536799997], [-10841829.8921, 5291690.074100003], [-10841690.9178, 5291686.250600003], [-10841688.9604, 5291701.382399999], [-10841553.0827, 5291725.436800003], [-10841345.4925, 5291776.146200001], [-10841222.0962, 5291811.924599998], [-10841165.4062, 5291824.384099998], [-10841141.8447, 5291823.293300003], [-10841120.0647, 5291814.468699999], [-10841102.6944, 5291799.843099996], [-10841090.4172, 5291779.199100003], [-10841085.5644, 5291755.060000002], [-10841088.6505, 5291732.781400003], [-10841088.9589, 5291677.059], [-10840908.9716, 5291661.7250000015], [-10840693.0092, 5291735.825800002], [-10840588.046, 5291708.057899997], [-10839869.3242, 5291915.151900001], [-10839730.4261, 5291921.206], [-10839722.8725, 5291779.406999998], [-10839584.3744, 5291782.035999998], [-10839241.924, 5291911.730800003], [-10837791.8358, 5292023.945600003], [-10837749.1852, 5291918.534699999], [-10837958.4589, 5291883.788599998], [-10838188.3271, 5291709.012599997], [-10838224.2767, 5291549.681999996], [-10838283.4228, 5291415.082699999], [-10837181.6965, 5291067.854099996], [-10835765.3892, 5291307.815899998], [-10835773.9012, 5291345.055799998], [-10835797.8544, 5291419.6734], [-10835814.7873, 5291498.786600001], [-10835821.0859, 5291546.652900003], [-10835836.1327, 5291591.284599997], [-10835864.124, 5291639.2766999975], [-10835891.7395, 5291670.419100001], [-10835928.0664, 5291699.126999997], [-10835962.9764, 5291755.796800002], [-10835993.8229, 5291792.518100001], [-10836033.1763, 5291830.915600002], [-10836088.0321, 5291867.744499996], [-10836133.2025, 5291890.796999998], [-10836144.2261, 5291896.422799997], [-10836182.0197, 5291909.633900002], [-10836236.7025, 5291920.718000002], [-10836282.2686, 5291925.745399997], [-10836361.6487, 5291916.658799998], [-10836403.0465, 5291907.557599999], [-10836443.7271, 5291893.5331000015], [-10836509.521, 5291863.535899997], [-10836631.1419, 5291789.468900003], [-10836706.5077, 5291743.57], [-10836724.3631, 5291735.105499998], [-10836772.162, 5291719.2348000035], [-10836826.4108, 5291709.0845], [-10836882.046, 5291706.137699999], [-10836928.5073, 5291709.5911], [-10836961.8239, 5291696.550300002], [-10837000.1595, 5291691.633599997], [-10837031.486, 5291692.249600001], [-10837072.6775, 5291701.864699997], [-10837125.9772, 5291733.0934000015], [-10837160.8894, 5291774.641199999], [-10837180.2034, 5291814.007799998], [-10837184.0132, 5291827.498400003], [-10837188.928, 5291855.3948], [-10837189.8115, 5291889.8662], [-10837183.1253, 5291925.451499999], [-10837138.0138, 5292005.233499996], [-10837086.3298, 5292076.243199997], [-10837014.6865, 5292151.534400001], [-10836946.6935, 5292212.130500004], [-10836831.9055, 5292281.933300003], [-10836716.3906, 5292325.164399996], [-10836622.6214, 5292349.8583], [-10836547.9629, 5292360.059699997], [-10836403.1749, 5292405.232900001], [-10836284.6999, 5292415.612800002], [-10836228.7644, 5292418.656499997], [-10836137.0501, 5292420.009000003], [-10836058.1493, 5292419.1413], [-10835963.8933, 5292415.187700003], [-10835881.5414, 5292411.453500003], [-10835777.0176, 5292398.873000003], [-10835628.1837, 5292376.475199997], [-10835416.6477, 5292302.517999999], [-10835290.56, 5292263.468699999], [-10834990.3014, 5292217.020999998], [-10834882.5494, 5292185.313699998], [-10834798.4614, 5292167.247000001], [-10834736.112, 5292157.676600002], [-10834698.4849, 5292152.1906], [-10834586.7342, 5292105.9692], [-10834490.9274, 5292022.501900002], [-10834419.5897, 5291994.236000001], [-10834281.0945, 5292007.618299998], [-10833627.9834, 5292105.997699998], [-10833529.7655, 5292173.573100001], [-10833447.0884, 5292207.900399998], [-10833315.0517, 5292249.320600003], [-10833219.7228, 5292269.553499997], [-10833134.472, 5292282.242299996], [-10833041.3083, 5292290.2773], [-10832505.7649, 5292371.678900003], [-10831802.0274, 5292167.950300001], [-10831810.5829, 5292616.061300002], [-10831266.9807, 5292609.509400003], [-10831260.9234, 5293161.0983000025], [-10830900.3359, 5292926.079400003], [-10830813.7394, 5292853.059699997], [-10830706.1767, 5292768.4826000035], [-10830618.7964, 5292701.3342999965], [-10830492.8824, 5292604.572300002], [-10830370.2188, 5292524.074900001]]]]}}, {"type": "Feature", "properties": {"OBJECTID": 236, "CreationDate": "2025-01-14T11:11:12Z", "Creator": "NPS_WASO_LANDS", "EditDate": "2025-01-14T11:11:12Z", "Editor": "NPS_WASO_LANDS", "GlobalID": "{8200CA61-47F3-4D07-9FFB-08E10B366461}", "AreaID": 239, "UNIT_CODE": "NIOB", "GIS_Notes": "Lands - http://landsnet.nps.gov/tractsnet/documents/NIOB/Metadata/niob_metadata.xml", "UNIT_NAME": "Niobrara National Scenic River", "DATE_EDIT": "2021-07-09T00:00:00Z", "STATE": "NE", "REGION": "MW", "GNIS_ID": "1888949", "UNIT_TYPE": "National Wild & Scenic River", "CREATED_BY": "Lands", "METADATA": "https://irma.nps.gov/DataStore/Reference/Profile/2210709", "PARKNAME": "Niobrara", "SHAPE_Length": 385613.7718051026, "SHAPE_Area": 218507564.9131561}, "geometry": {"type": "MultiPolygon", "coordinates": [[[[-11189970.0398, 5289476.610399999], [-11190131.3504, 5289587.129000001], [-11190081.4051, 5289685.369999997], [-11189160.4112, 5290236.703900002], [-11188614.4895, 5290269.784599997], [-11188056.8447, 5290489.052100003], [-11188044.1605, 5290494.039099999], [-11187958.07, 5290602.249399997], [-11187759.1353, 5290686.496399999], [-11187605.3939, 5290745.315899998], [-11187346.5396, 5290920.886799999], [-11187258.8662, 5291125.540399998], [-11187198.9278, 5291326.284100004], [-11187211.1432, 5291568.826700002], [-11187313.0565, 5291718.138700001], [-11187402.9493, 5291864.247100003], [-11187442.7662, 5292094.6844], [-11187377.0825, 5292322.224100001], [-11187270.6921, 5292555.282899998], [-11187132.6051, 5292732.8292], [-11187024.9868, 5292853.7513], [-11187026.9583, 5292965.197999999], [-11186946.5322, 5292974.154200003], [-11186947.7394, 5294345.537600003], [-11186952.5046, 5294614.9692], [-11186950.3771, 5294711.460199997], [-11186864.93, 5294871.003300004], [-11186801.5953, 5294980.215999998], [-11186757.1887, 5295073.3587], [-11186692.8339, 5295194.905199997], [-11186613.1126, 5295331.776299998], [-11186522.4127, 5295510.575599998], [-11186426.0248, 5295700.424599998], [-11186342.5264, 5295925.623800002], [-11186258.2543, 5296133.7368], [-11186214.2392, 5296324.719400004], [-11186156.5523, 5296533.052900001], [-11186112.4732, 5296720.623000003], [-11186080.6122, 5296810.820299998], [-11186064.7145, 5296858.997699998], [-11186048.6063, 5296892.810199998], [-11186032.5036, 5296929.3596], [-11186016.5997, 5296974.800700001], [-11185962.8009, 5297087.284199998], [-11185905.9914, 5297186.1373], [-11185841.4991, 5297320.708300002], [-11185778.499, 5297387.5123], [-11185152.703, 5297407.460100003], [-11185085.0703, 5297460.656300001], [-11184914.0338, 5297480.775200002], [-11184801.709, 5297488.225900002], [-11184659.0166, 5297459.942900002], [-11184518.6477, 5297403.561899997], [-11184302.6268, 5297326.6098000035], [-11184171.004, 5297292.651600003], [-11184116.5018, 5297172.493900001], [-11184027.9823, 5297144.6215], [-11183936.536, 5297117.483800001], [-11183779.9172, 5297086.695], [-11183701.7826, 5297082.5864999965], [-11183626.9982, 5297111.946699999], [-11183566.6122, 5297165.687899999], [-11183542.839, 5297212.631700002], [-11183531.4881, 5297268.254299998], [-11183530.6709, 5297324.377499998], [-11183537.2217, 5297397.479099996], [-11183539.9591, 5297452.172499999], [-11183553.5342, 5297522.415299997], [-11183542.8162, 5297617.032499999], [-11183503.6521, 5297700.514300004], [-11183453.3178, 5297749.292599998], [-11183422.0064, 5297774.4733000025], [-11183395.9894, 5297800.245899998], [-11183373.418, 5297823.221199997], [-11183321.0281, 5297854.243600003], [-11183249.4005, 5297896.549900003], [-11183158.003, 5297919.355300002], [-11183029.3946, 5297931.858599998], [-11182860.2569, 5297949.1708], [-11182742.3264, 5297965.590400003], [-11182670.2945, 5297984.633299999], [-11182612.7291, 5298024.638099998], [-11182534.6495, 5298103.320299998], [-11182494.7984, 5298145.070500001], [-11182445.9323, 5298178.080899999], [-11182388.0588, 5298200.298100002], [-11182333.7871, 5298223.821400002], [-11182295.0695, 5298229.966799997], [-11182236.6423, 5298220.0295], [-11182200.7316, 5298183.697999999], [-11182184.2274, 5298101.181299999], [-11182192.0551, 5297988.818899997], [-11182195.558, 5297882.691399999], [-11182202.8598, 5297794.290799998], [-11182205.6241, 5297751.817000002], [-11182201.2489, 5297700.571099997], [-11182195.2184, 5297659.618500002], [-11182175.9272, 5297618.211199999], [-11182135.9912, 5297600.426899999], [-11182084.7691, 5297597.891800001], [-11182035.5285, 5297609.007700004], [-11181993.7354, 5297641.891599998], [-11181945.3, 5297697.471500002], [-11181891.938, 5297776.402599998], [-11181788.0436, 5297893.158799998], [-11181727.2203, 5297949.6373], [-11181667.9278, 5297991.034699999], [-11181611.8777, 5298015.268100001], [-11181562.693, 5298029.802599996], [-11181515.0983, 5298032.676200002], [-11181440.8016, 5298021.6391], [-11181362.8402, 5298003.1373], [-11181306.0218, 5297984.9551], [-11181247.5578, 5297970.2223000005], [-11181213.9595, 5297966.694799997], [-11181081.5195, 5297962.129600003], [-11180980.7601, 5297953.5967999995], [-11180883.4667, 5297940.897699997], [-11180803.8536, 5297927.894100003], [-11180734.7245, 5297909.919799998], [-11180662.1763, 5297898.846699998], [-11180585.999, 5297882.360799998], [-11180533.0096, 5297881.215999998], [-11180469.3811, 5297873.410099998], [-11180386.3416, 5297869.357500002], [-11180336.8495, 5297863.361599997], [-11180275.0416, 5297862.3662], [-11180220.2243, 5297856.460699998], [-11180170.7903, 5297853.884499997], [-11180114.2419, 5297851.4296], [-11180062.9491, 5297844.778700002], [-11180027.6513, 5297844.013099998], [-11179985.2468, 5297841.315700002], [-11179914.7558, 5297845.940499999], [-11179865.43, 5297852.256700002], [-11179742.401, 5297882.411200002], [-11179664.93, 5297892.627599999], [-11179613.8803, 5297900.340300001], [-11179569.8367, 5297906.564900003], [-11179516.9244, 5297907.465899996], [-11179447.8787, 5297894.270800002], [-11179385.7239, 5297872.7465], [-11179325.3124, 5297848.4548999965], [-11179271.9272, 5297821.306299999], [-11179207.7265, 5297782.024099998], [-11179139.9212, 5297738.697099999], [-11179091.8081, 5297710.7739999965], [-11179054.3642, 5297688.828400001], [-11178961.6291, 5297630.185099997], [-11178860.2414, 5297584.004900001], [-11178744.2129, 5297505.9113000035], [-11178710.272, 5297481.852399997], [-11178663.9852, 5297455.949699998], [-11178573.1427, 5297408.220299996], [-11178519.7274, 5297379.016400002], [-11178466.3356, 5297351.180399999], [-11178421.8229, 5297329.352499999], [-11178352.691, 5297310.677500002], [-11178297.9926, 5297311.6017], [-11178234.7514, 5297329.092], [-11178161.2315, 5297363.862000003], [-11178096.7012, 5297408.743799999], [-11178044.4018, 5297448.629199997], [-11177997.6331, 5297500.738300003], [-11177968.3634, 5297544.340899996], [-11177921.8228, 5297610.131800003], [-11177829.8207, 5297783.437600002], [-11177764.9315, 5297937.128799997], [-11177730.8828, 5298013.659999996], [-11177701.8732, 5298072.9991], [-11177671.3451, 5298146.050399996], [-11177645.5966, 5298188.911499999], [-11177626.7861, 5298226.181299999], [-11177602.3728, 5298244.384499997], [-11177574.3743, 5298257.173299998], [-11177535.95, 5298281.086599998], [-11177462.0236, 5298294.647100002], [-11177407.4273, 5298296.933200002], [-11177365.1757, 5298308.592200004], [-11177275.1719, 5298308.7346], [-11177223.7643, 5298295.226499997], [-11177130.2814, 5298298.847599998], [-11177067.0336, 5298308.804399997], [-11176916.3546, 5298294.220700003], [-11176831.6478, 5298277.1620000005], [-11176767.9283, 5298263.857500002], [-11176704.1437, 5298249.185000002], [-11176659.8805, 5298242.397500001], [-11176610.2975, 5298230.908500001], [-11176541.0403, 5298207.430100001], [-11176359.0015, 5298113.2962], [-11176230.1317, 5298036.065200001], [-11176125.896, 5297976.8989999965], [-11176065.7441, 5297960.109200001], [-11176011.098, 5297964.440700002], [-11175951.3838, 5297981.857900001], [-11175964.6822, 5298745.354099996], [-11174427.4476, 5298751.653800003], [-11174405.172, 5298317.4604], [-11174403.9185, 5298240.836199999], [-11174406.1161, 5298083.406300001], [-11174404.471, 5297982.839599997], [-11174402.1991, 5297843.963600002], [-11174399.584, 5297697.1489999965], [-11173405.5387, 5297713.259900004], [-11173323.2611, 5297791.729000002], [-11173203.5216, 5297869.4353], [-11172638.1459, 5297878.919699997], [-11172231.8548, 5297860.202399999], [-11172208.332, 5298510.799099997], [-11171592.8131, 5298489.980700001], [-11171581.4749, 5298327.9758], [-11169920.0223, 5298304.061399996], [-11168794.9926, 5298331.571199998], [-11167141.3986, 5298327.567100003], [-11167122.5515, 5298034.2883], [-11167266.439, 5298021.7641], [-11167256.1336, 5297825.530599996], [-11167349.3476, 5297731.001800001], [-11167280.3254, 5297592.492200002], [-11167268.9697, 5297525.611299999], [-11167308.9178, 5297447.6608000025], [-11167295.673, 5297256.959399998], [-11167253.7944, 5297211.088100001], [-11167213.3701, 5296927.7623], [-11167186.5093, 5296855.6558], [-11167256.7318, 5296740.9717999995], [-11167283.8391, 5296498.335500002], [-11167307.6689, 5296378.9108000025], [-11167296.2826, 5296307.249899998], [-11167040.5608, 5296288.685900003], [-11166951.2878, 5296288.0331000015], [-11166570.0753, 5296285.106399998], [-11166340.4767, 5296283.2195999995], [-11166135.3607, 5296282.998199999], [-11165262.3431, 5296272.618799999], [-11164947.5819, 5296271.332699999], [-11163760.0332, 5296271.8279], [-11163427.9331, 5296273.493199997], [-11163433.938, 5296668.869000003], [-11162435.9804, 5296640.293399997], [-11161744.7126, 5296641.874499999], [-11161438.4163, 5296637.605099998], [-11161108.7895, 5296642.011100002], [-11161103.7346, 5296303.671499997], [-11160710.434, 5296309.581500001], [-11160610.5481, 5296311.079999998], [-11160589.7176, 5296302.1105], [-11160588.7585, 5295991.508400001], [-11160125.0922, 5295998.448299997], [-11160116.8937, 5295445.7804000005], [-11160117.3287, 5294883.438299999], [-11160089.0471, 5292973.401000001], [-11160085.7728, 5292752.537199996], [-11159937.4163, 5292754.7513], [-11159934.6014, 5292564.661899999], [-11159645.9098, 5292569.647600003], [-11159642.1711, 5292316.6565999985], [-11158707.149, 5292330.527000003], [-11158696.1681, 5292003.105800003], [-11158425.4934, 5292007.1032000035], [-11158422.264, 5291365.010399997], [-11158181.1306, 5291282.402000003], [-11158056.998, 5291209.692400001], [-11157975.4245, 5291100.113799997], [-11157881.9975, 5291021.481299996], [-11157146.4618, 5290784.724399999], [-11156731.6682, 5290605.4714], [-11156353.8528, 5290426.350100003], [-11156211.1343, 5290341.584700003], [-11156217.0036, 5290787.320799999], [-11156075.2326, 5290789.377499998], [-11155553.7021, 5290796.924900003], [-11154599.8958, 5290809.285099998], [-11153995.9837, 5290815.624799997], [-11153821.836, 5290816.308499999], [-11153813.4173, 5290221.546800002], [-11153805.7936, 5289682.875299998], [-11153802.9884, 5289484.641000003], [-11153807.3381, 5289433.985600002], [-11153760.4806, 5289405.254500002], [-11152657.9116, 5288324.320100002], [-11151876.9606, 5288335.321699999], [-11149663.1448, 5288360.001699999], [-11149639.8459, 5287557.790899999], [-11148541.6386, 5287295.365599997], [-11148519.3984, 5287018.1565999985], [-11148015.3407, 5287031.192299999], [-11147995.3581, 5286463.475299999], [-11147737.1317, 5286466.990599997], [-11147714.6685, 5286171.353399999], [-11147462.6202, 5286174.777099997], [-11147173.7597, 5286184.843500003], [-11146880.1865, 5285386.464299999], [-11146400.5604, 5285380.6285], [-11146365.6433, 5283227.940499999], [-11145960.0143, 5283233.386399999], [-11145957.6327, 5283054.409000002], [-11145576.5991, 5283059.508299999], [-11145281.0933, 5283026.557800002], [-11144960.7913, 5282974.7973000035], [-11144751.5103, 5282952.981399998], [-11144685.3616, 5282860.2575], [-11144644.2589, 5282811.6109], [-11144588.4595, 5282745.3955999985], [-11144520.9443, 5282664.988300003], [-11144462.2247, 5282593.3464], [-11144353.7645, 5282475.905599996], [-11144265.8237, 5282378.689300001], [-11144154.5117, 5282264.019299999], [-11144040.2742, 5282146.655199997], [-11143928.0028, 5282026.532700002], [-11143653.8791, 5282204.350699998], [-11143142.2779, 5282190.571900003], [-11141565.4441, 5281346.919500001], [-11141487.4383, 5281347.9278], [-11141479.8936, 5280985.299199998], [-11139096.161, 5280955.001199998], [-11138824.6044, 5280955.704400003], [-11138827.4521, 5281952.342], [-11137651.578, 5281967.130000003], [-11137633.2688, 5281270.563199997], [-11136640.5823, 5281282.929300003], [-11135917.725, 5281291.867600001], [-11135741.4393, 5280362.322700001], [-11135005.2644, 5280365.205899999], [-11134716.4463, 5280368.733000003], [-11134709.2029, 5279770.494199999], [-11134471.4401, 5279759.730700001], [-11134194.6615, 5279903.1109], [-11133944.9417, 5279980.587800004], [-11133658.0907, 5280058.507200003], [-11133298.0985, 5280230.874899998], [-11133085.1566, 5280279.8838], [-11132852.0099, 5280189.791199997], [-11132628.5774, 5280136.4608], [-11132339.4997, 5280027.9016999975], [-11132133.735, 5279899.900899999], [-11131983.5736, 5279761.673500001], [-11131687.4658, 5279726.262699999], [-11131482.7944, 5279675.416599996], [-11131278.1252, 5279624.566299997], [-11131167.0131, 5279565.093900003], [-11131070.8259, 5279555.985200003], [-11130953.8743, 5279506.1413], [-11130811.2561, 5279421.766900003], [-11130663.5162, 5279331.987400003], [-11130448.8746, 5279216.356399998], [-11130286.784, 5279128.107299998], [-11130204.8037, 5279038.235299997], [-11130137.8792, 5278937.2601], [-11129984.9186, 5278832.511], [-11129903.7594, 5278812.971299998], [-11129792.8323, 5278844.998400003], [-11129671.5309, 5278605.340099998], [-11129607.3237, 5278547.3574], [-11129335.9433, 5278417.347400002], [-11128996.1516, 5278184.324299999], [-11128722.1536, 5278106.2304000035], [-11128533.9128, 5278011.434500001], [-11128230.4364, 5277995.126100004], [-11127904.1385, 5277897.807899997], [-11127621.2788, 5277951.579000004], [-11127212.7513, 5277956.241499998], [-11126923.6735, 5277847.5396], [-11126786.5678, 5277797.881499998], [-11126659.3398, 5277851.221600004], [-11126465.5912, 5277858.195100002], [-11126297.1854, 5277849.855499998], [-11126108.2746, 5277836.964100003], [-11125919.689, 5277849.331], [-11125756.2717, 5277830.682599999], [-11125546.7597, 5277796.842500001], [-11125362.3232, 5277727.208800003], [-11125146.2309, 5277632.660099998], [-11125106.2191, 5277690.466200002], [-11124811.3663, 5277556.501400001], [-11124580.5926, 5277602.770000003], [-11124381.664, 5277571.5185], [-11124132.8636, 5277482.773199998], [-11123804.6032, 5277383.2905], [-11123233.3562, 5277086.3994999975], [-11122950.3028, 5277024.632100001], [-11122677.9092, 5277071.306199998], [-11122425.2371, 5277042.649099998], [-11122183.1105, 5277013.870800003], [-11121962.0981, 5276995.099799998], [-11121730.1311, 5276934.1083], [-11121540.4837, 5276893.821800001], [-11121351.3644, 5276906.784000002], [-11121150.8332, 5276834.515699998], [-11121034.7483, 5276794.1118], [-11120907.6633, 5276710.809], [-11120776.5907, 5276712.2126], [-11120605.5737, 5276800.0722], [-11120338.7982, 5276835.692199998], [-11120190.7656, 5276789.473099999], [-11119955.2169, 5276830.8950999975], [-11119556.338, 5276952.561099999], [-11119398.3411, 5276945.353600003], [-11119241.5307, 5276974.319499999], [-11119036.1815, 5277025.6428999975], [-11118868.7691, 5277082.026500002], [-11118560.5102, 5277096.182499997], [-11118328.489, 5277159.3781], [-11118166.9735, 5277186.327100001], [-11117969.8427, 5277198.622199997], [-11117784.0337, 5277327.5581], [-11117506.5989, 5277395.986000001], [-11117183.161, 5277419.813900001], [-11116834.4351, 5277374.241800003], [-11116516.4384, 5277260.059500001], [-11116373.3028, 5276974.743900001], [-11116293.47, 5276796.667999998], [-11116221.9257, 5276580.274599999], [-11116124.6232, 5276385.314000003], [-11116001.534, 5276217.246299997], [-11115904.3284, 5276035.261799999], [-11115894.4223, 5275909.057599999], [-11115906.1119, 5275782.635200001], [-11115935.3675, 5275673.7861], [-11115942.4592, 5275517.375], [-11115933.5204, 5275377.5141], [-11114396.5143, 5275393.0380000025], [-11114371.3075, 5274854.6646], [-11114246.1314, 5274903.703000002], [-11114159.5474, 5274913.443000004], [-11114038.2319, 5274914.6543999985], [-11113913.1653, 5274893.373999998], [-11113681.5694, 5274859.4987], [-11113601.1942, 5274822.068999998], [-11113540.454, 5274710.718599997], [-11113455.8169, 5274684.935400002], [-11113329.5465, 5274696.426200002], [-11113166.7897, 5274585.401900001], [-11113018.7693, 5274502.900700003], [-11112911.8874, 5274375.622599997], [-11112843.4323, 5274247.966300003], [-11112701.2865, 5273956.531800002], [-11112562.7095, 5273895.0961000025], [-11112404.3746, 5273838.6303], [-11112206.7043, 5273784.594800003], [-11112111.9376, 5273734.328599997], [-11111994.2624, 5273644.696400002], [-11111839.2469, 5273552.697300002], [-11111637.7936, 5273502.101099998], [-11111264.591, 5273386.275399998], [-11111077.4924, 5273276.148199998], [-11110816.1965, 5273189.256800003], [-11110515.7835, 5273095.909599997], [-11110415.4916, 5273097.554399997], [-11110212.4655, 5273098.816699997], [-11109890.095, 5272898.505500004], [-11109658.8936, 5272827.6787], [-11109466.9393, 5272744.871699996], [-11109122.7496, 5272612.3147], [-11108852.3106, 5272552.760399997], [-11108684.1602, 5272605.529799998], [-11108582.5556, 5272593.517499998], [-11108449.7517, 5272594.7641], [-11108320.9181, 5272565.942100003], [-11108235.0428, 5272549.683899999], [-11108115.1802, 5272543.979699999], [-11108007.5778, 5272512.907799996], [-11107627.003, 5272602.444600001], [-11107558.851, 5272646.074600004], [-11107509.1922, 5272616.505900003], [-11107408.2632, 5272645.424000002], [-11107205.6401, 5272624.777500004], [-11107204.9636, 5272551.075099997], [-11106839.5725, 5272554.446400002], [-11106858.7786, 5272814.300099999], [-11106375.3161, 5272818.740099996], [-11106385.5482, 5273476.603399999], [-11103751.8366, 5273518.103500001], [-11103200.0842, 5273514.112800002], [-11103084.3164, 5273506.259999998], [-11102915.2091, 5273498.874499999], [-11102719.285, 5273482.165600002], [-11102398.3302, 5273482.244000003], [-11102389.8959, 5273136.952399999], [-11102232.035, 5272552.056299999], [-11101595.7826, 5271550.283699997], [-11101465.2758, 5271545.269299999], [-11101328.0984, 5271520.520800002], [-11101249.5463, 5271488.441699997], [-11101073.0074, 5271437.414399996], [-11100870.1594, 5271360.678300001], [-11100680.8578, 5271342.508900002], [-11100452.202, 5271298.740099996], [-11100321.4167, 5271260.2751], [-11100158.8179, 5271314.201700002], [-11099888.7091, 5271348.564400002], [-11099886.6967, 5271109.062200002], [-11099591.5943, 5271111.555], [-11099602.1648, 5271257.4969], [-11099328.9423, 5271224.3125], [-11099146.989, 5271220.3807], [-11098939.2914, 5271166.163999997], [-11098651.0696, 5271189.041199997], [-11098494.9634, 5271242.884499997], [-11098300.0525, 5271280.6701000035], [-11098182.143, 5271272.093699999], [-11097940.9862, 5271293.194700003], [-11097660.6481, 5271309.1526999995], [-11097211.4581, 5271417.244099997], [-11097167.8173, 5271480.382299997], [-11097163.663, 5271591.649700001], [-11096906.0211, 5271603.9881], [-11096728.3385, 5271661.391999997], [-11096387.4678, 5271862.060500003], [-11096048.7723, 5272118.664399996], [-11095813.5401, 5272150.584200002], [-11095649.5957, 5272222.192400001], [-11095648.0, 5272021.563299999], [-11095406.3688, 5272023.496100001], [-11095408.0946, 5272241.185800001], [-11095291.5057, 5272250.305799998], [-11095133.7979, 5272326.633299999], [-11094884.0279, 5272353.868699998], [-11094608.1121, 5272239.350599997], [-11094374.4095, 5272190.691799998], [-11094020.6356, 5272091.102799997], [-11093798.4826, 5272040.292499997], [-11093569.8403, 5271996.352300003], [-11093374.1942, 5272004.016199999], [-11093219.2137, 5271983.380500004], [-11093132.2649, 5272116.449600004], [-11093152.1515, 5271966.839000002], [-11093054.1318, 5271947.8068], [-11092962.7092, 5271935.546999998], [-11092948.9352, 5272117.867399998], [-11092707.1127, 5272095.1635000035], [-11092419.977, 5271903.554300003], [-11091974.1845, 5271899.454400003], [-11091550.7762, 5271797.575499997], [-11091546.0216, 5271719.132100001], [-11091354.3277, 5271720.581900001], [-11091354.8752, 5271793.5977], [-11091028.4423, 5271701.1998], [-11090662.065, 5271625.4683], [-11090249.1569, 5271629.911899999], [-11090248.0387, 5271478.424000002], [-11090072.4527, 5271496.7880000025], [-11090073.5026, 5271639.405299999], [-11089601.6133, 5271650.399400003], [-11089424.5371, 5271610.7566], [-11089195.8553, 5271557.157899998], [-11088993.0857, 5271525.202100001], [-11088786.6253, 5271493.951200001], [-11088734.9471, 5271475.9021999985], [-11088623.8661, 5271387.996399999], [-11088527.6224, 5271318.407499999], [-11088468.2821, 5271262.880900003], [-11088449.6177, 5271226.1669000015], [-11086555.3181, 5272770.424199998], [-11085502.1385, 5271957.446599998], [-11085487.6243, 5270860.239500001], [-11083908.1438, 5270895.108199999], [-11083723.6486, 5270778.805399999], [-11083515.5783, 5270653.9690999985], [-11083353.0836, 5270538.377499998], [-11083145.5632, 5270488.589299999], [-11082887.82, 5270490.306100003], [-11082583.8463, 5270375.642499998], [-11082396.1897, 5270275.897399999], [-11082252.1934, 5270146.5227999985], [-11082144.4621, 5270052.389600001], [-11082029.8275, 5269863.462099999], [-11082029.5389, 5269819.1149], [-11081814.7069, 5269732.505500004], [-11081679.8096, 5269686.990400001], [-11081624.6653, 5269753.531199999], [-11081548.671, 5269723.322899997], [-11081437.484, 5269724.045400001], [-11081286.3178, 5269791.207400002], [-11081220.6945, 5269801.184100002], [-11081135.8624, 5269969.577399999], [-11080969.6485, 5270056.620200001], [-11080439.6378, 5270151.449299999], [-11080042.8767, 5270403.023000002], [-11079845.6973, 5270535.280699998], [-11079664.1729, 5270610.119900003], [-11078898.8772, 5271069.3675], [-11078831.5878, 5270962.6526999995], [-11078672.719, 5271061.900899999], [-11078727.613, 5271157.094499998], [-11078615.9164, 5271202.141900003], [-11078359.5098, 5271300.626000002], [-11077944.6659, 5271236.981700003], [-11077406.0667, 5271170.658699997], [-11077324.4063, 5271215.508699998], [-11077339.2554, 5271423.550700001], [-11077324.6154, 5271504.8461000025], [-11077253.6349, 5271474.567000002], [-11077178.1313, 5271526.204099998], [-11077061.4221, 5271445.701200001], [-11076937.7258, 5271475.789300002], [-11076798.8334, 5271487.542099997], [-11076676.9263, 5271497.143799998], [-11076500.6356, 5271530.2705999985], [-11076254.5835, 5271487.3785], [-11075970.8256, 5271463.810500003], [-11075851.2236, 5271489.765600003], [-11075567.5447, 5271472.3266], [-11075378.1858, 5271429.078900002], [-11075163.7825, 5271405.081], [-11075000.105, 5271437.4234], [-11074817.7004, 5271501.944700003], [-11074666.708, 5271553.315899998], [-11074528.5181, 5271636.685000002], [-11074404.8409, 5271739.077500001], [-11074259.0331, 5271724.217799999], [-11074098.2796, 5271824.0896999985], [-11073825.5952, 5272212.591799997], [-11073701.243, 5272514.951300003], [-11073588.5214, 5272710.0999], [-11073386.9789, 5273082.524800003], [-11073210.5372, 5273355.166699998], [-11073080.5556, 5273614.584200002], [-11072996.1616, 5273894.229800001], [-11072885.344, 5273970.616099998], [-11072779.4063, 5274007.384199999], [-11072658.6083, 5274109.080600001], [-11072451.3904, 5274234.464100003], [-11072337.2805, 5274370.9353], [-11072210.7023, 5274459.009099998], [-11072067.1408, 5274512.361299999], [-11071890.7716, 5274552.238700002], [-11071662.161, 5274593.080600001], [-11071532.1197, 5274647.7168999985], [-11071420.8029, 5274706.346000001], [-11071238.2422, 5274805.636], [-11070963.6971, 5274820.0864999965], [-11070714.8089, 5274742.9169000015], [-11070564.3734, 5274736.894100003], [-11070420.6937, 5274770.4265], [-11070303.3652, 5274843.4108000025], [-11070172.984, 5274916.463200003], [-11070165.6232, 5274979.989699997], [-11070065.0657, 5275082.238600001], [-11069994.9243, 5275204.807599999], [-11069818.3428, 5275281.514700003], [-11069652.1676, 5275414.1457], [-11069560.7049, 5275484.942000002], [-11069410.3804, 5275592.910899997], [-11069356.2157, 5275872.424500003], [-11069306.5431, 5276050.8763], [-11069250.7315, 5276135.8266], [-11069120.7242, 5276294.8994999975], [-11068858.6172, 5276464.2136999965], [-11068667.0327, 5276581.953299999], [-11068504.4366, 5276740.509499997], [-11068405.9856, 5276963.604699999], [-11068194.5464, 5277152.455200002], [-11068003.2637, 5277326.180299997], [-11067786.3504, 5277444.041000001], [-11067599.5324, 5277500.973499998], [-11067412.4426, 5277512.153399996], [-11067301.4354, 5277568.018200003], [-11067205.3769, 5277568.4969], [-11067114.3359, 5277568.949500002], [-11067008.2387, 5277594.741400003], [-11066952.7935, 5277630.5244999975], [-11066841.6115, 5277651.559799999], [-11066771.0112, 5277692.879600003], [-11066679.8923, 5277677.622699998], [-11066478.4596, 5277626.031900004], [-11066348.0101, 5277699.052900001], [-11066191.2685, 5277752.397600003], [-11066034.525, 5277805.740099996], [-11065952.3304, 5277833.453199998], [-11065963.0882, 5277965.8785], [-11065811.5049, 5277996.658299997], [-11065745.9319, 5278032.4846], [-11065792.8927, 5278336.828599997], [-11065707.0256, 5278362.5101], [-11065439.0085, 5278369.260799997], [-11065383.2442, 5278349.040399998], [-11065343.6054, 5278231.770999998], [-11065238.2827, 5278226.127599999], [-11065075.4718, 5278267.1932], [-11065000.8928, 5278288.0342999995], [-11064806.4366, 5278301.246600002], [-11064483.0686, 5278421.593500003], [-11064221.0659, 5278598.327500001], [-11064034.5098, 5278730.999899998], [-11063853.2617, 5278909.4032000005], [-11063720.4905, 5279013.141099997], [-11063530.642, 5279154.7029], [-11063202.602, 5279324.211900003], [-11063131.1435, 5279360.7346], [-11062873.5103, 5279470.4956], [-11062581.4839, 5279575.624200001], [-11062435.7729, 5279557.835600004], [-11062286.7101, 5279589.918300003], [-11062084.563, 5279689.167999998], [-11061922.6855, 5279767.746399999], [-11061795.943, 5279818.1646], [-11061605.786, 5279889.3499], [-11061408.5815, 5279954.4155], [-11061238.2518, 5279959.2544], [-11060914.7281, 5279927.868299998], [-11060611.1625, 5279858.136799999], [-11060279.4513, 5279810.371600002], [-11060124.2621, 5279804.197899997], [-11060125.121, 5280009.099600002], [-11059652.5261, 5280011.082900003], [-11059390.3182, 5280015.588200003], [-11058975.4719, 5280024.811099999], [-11057933.7439, 5280022.2705999985], [-11057934.6348, 5279952.340400003], [-11057934.6815, 5279854.302500002], [-11057936.2526, 5279635.5978000015], [-11057938.6481, 5279348.4353], [-11057937.3781, 5279090.673199996], [-11057938.206, 5278798.771700002], [-11057939.3956, 5278488.023100004], [-11057939.9594, 5278413.847900003], [-11057986.392, 5278399.933799997], [-11058283.2798, 5278145.387800001], [-11058643.0356, 5278067.449600004], [-11058864.9946, 5277977.087800004], [-11059033.5416, 5277887.623599999], [-11059202.0887, 5277788.5973000005], [-11059352.8513, 5277698.5195999965], [-11059636.6388, 5277519.116499998], [-11060080.1254, 5277267.339000002], [-11060514.8892, 5277059.967200004], [-11061146.1457, 5277066.132100001], [-11062208.0269, 5277816.695900001], [-11062191.841, 5278591.854000002], [-11062394.4939, 5278564.317699999], [-11062531.7115, 5278530.924000002], [-11062662.5097, 5278517.362000003], [-11062799.8417, 5278509.914800003], [-11062989.0704, 5278410.7205], [-11063223.4563, 5278160.397600003], [-11063385.7153, 5277883.773199998], [-11063535.5971, 5277758.122400001], [-11063685.2066, 5277573.746799998], [-11063776.6195, 5277533.7206000015], [-11063866.5548, 5277533.305500001], [-11063987.5974, 5277325.162199996], [-11064141.5758, 5277243.190899998], [-11064280.0422, 5277136.025899999], [-11064481.2037, 5277143.279200003], [-11064592.0295, 5277064.2355], [-11064991.1209, 5277088.299099997], [-11065141.2813, 5277028.864100002], [-11065265.2868, 5276968.869199999], [-11065412.2367, 5276950.4142], [-11065532.3482, 5276850.149800003], [-11065655.7868, 5276761.476199999], [-11065774.4345, 5276720.619900003], [-11065865.6956, 5276634.831100002], [-11065980.7556, 5276555.754600003], [-11066085.8329, 5276514.278399996], [-11066184.2878, 5276510.385799997], [-11066207.7913, 5276455.649599999], [-11066203.3605, 5276401.049800001], [-11066152.4875, 5276335.069399998], [-11066227.7271, 5276208.393399999], [-11066389.641, 5276227.402800001], [-11066490.8219, 5276242.611000001], [-11066536.3307, 5276236.925899997], [-11066602.3111, 5276287.808700003], [-11066703.8558, 5276368.557800002], [-11066850.6717, 5276403.3376], [-11066978.0885, 5276366.520999998], [-11067130.4689, 5276287.930500001], [-11067211.733, 5276101.135600001], [-11067329.3371, 5275989.945600003], [-11067379.5375, 5275850.417999998], [-11067477.9002, 5275829.444499999], [-11067624.5535, 5275679.193800002], [-11067615.7359, 5275556.350400001], [-11067753.9698, 5275364.500299998], [-11067787.2203, 5275220.968800001], [-11067885.0999, 5275105.102899998], [-11067962.9967, 5275073.989100002], [-11068071.587, 5275059.785899997], [-11068091.3829, 5274947.045999996], [-11068107.5232, 5274783.809600003], [-11068195.3607, 5274701.446099997], [-11068274.0029, 5274810.269699998], [-11068240.3096, 5274864.370700002], [-11068259.0765, 5275028.113799997], [-11068352.2033, 5275117.069200002], [-11068487.0391, 5275147.7839], [-11068604.8545, 5275166.978299998], [-11068682.9659, 5275094.897], [-11068761.0725, 5275022.132799998], [-11068942.653, 5274725.6076000035], [-11069013.9069, 5274594.172700003], [-11069111.2665, 5274455.777599998], [-11069287.1949, 5274336.771499999], [-11069430.7026, 5274270.493500002], [-11069577.7964, 5274035.592500001], [-11069799.7517, 5273901.3244], [-11069925.1782, 5273768.926600002], [-11070073.794, 5273625.485699996], [-11070300.9244, 5273435.8972999975], [-11070368.0227, 5273464.890799999], [-11070394.6194, 5273543.243500002], [-11070482.0968, 5273615.812200002], [-11070651.7037, 5273609.447099999], [-11070651.139, 5273502.970700003], [-11070806.2426, 5273495.315099999], [-11070972.725, 5273525.136500001], [-11071122.3223, 5273568.697300002], [-11071200.2871, 5273554.625200003], [-11071322.0651, 5273475.4727], [-11071437.022, 5273392.943300001], [-11071535.3129, 5273365.1074], [-11071633.8063, 5273374.809600003], [-11071698.2285, 5273364.220200002], [-11071772.7868, 5273333.781300001], [-11071799.1948, 5273390.970799997], [-11071903.3568, 5273333.067199998], [-11071857.1359, 5273251.4152000025], [-11071988.8634, 5273127.837300003], [-11072268.1374, 5273008.224299997], [-11072404.1592, 5272778.148800001], [-11072487.9712, 5272561.3336], [-11072519.3507, 5272324.339100003], [-11072596.9723, 5272173.083400004], [-11072668.3745, 5272081.237599999], [-11072805.2792, 5272014.9602999985], [-11072895.7928, 5271837.020300001], [-11072975.3083, 5271622.9758], [-11073343.9395, 5271222.382200003], [-11073645.1397, 5270911.563199997], [-11074092.4422, 5270584.2179000005], [-11074487.9305, 5270415.4608], [-11074604.699, 5270579.232699998], [-11074754.9985, 5270454.178999998], [-11074892.5176, 5270471.806500003], [-11075220.9953, 5270357.3125], [-11075288.8514, 5270356.916699998], [-11075383.3276, 5270264.932999998], [-11075518.4831, 5270343.974299997], [-11075630.2175, 5270333.766199999], [-11075889.1403, 5270309.042999998], [-11076020.7606, 5270306.218500003], [-11076159.6606, 5270349.064999998], [-11076388.0229, 5270394.7892], [-11076665.9657, 5270274.405299999], [-11076865.258, 5270126.5123], [-11077057.4416, 5269920.664499998], [-11077172.6361, 5269893.360200003], [-11077345.421, 5269847.966200002], [-11077528.7084, 5269860.500600003], [-11077631.2369, 5269846.913699999], [-11077691.6653, 5269876.566699997], [-11077766.7453, 5269947.068000004], [-11077877.9434, 5270003.702399999], [-11077972.1723, 5269952.635600001], [-11078073.033, 5269958.158399999], [-11078161.2375, 5269957.616999999], [-11078261.9066, 5269931.752999999], [-11078412.7362, 5269861.2294000015], [-11078557.1576, 5269778.462300003], [-11078826.7287, 5269555.0502], [-11079039.967, 5269389.296700001], [-11079176.4524, 5269296.339900002], [-11079353.9324, 5269216.770000003], [-11079567.7844, 5269151.978], [-11079718.4723, 5269069.159900002], [-11079831.8651, 5269062.303800002], [-11079926.1084, 5269023.502499998], [-11080095.6181, 5268921.457900003], [-11080208.6045, 5268857.292999998], [-11080308.9756, 5268787.067699999], [-11080409.6263, 5268761.183899999], [-11080579.5247, 5268721.894299999], [-11080680.0271, 5268679.635700002], [-11081052.6194, 5268588.553099997], [-11081151.0294, 5268598.151000001], [-11081211.8767, 5268560.236500002], [-11081591.7822, 5268576.873599999], [-11081704.4731, 5268666.190700002], [-11081849.8675, 5268635.906900004], [-11081960.543, 5268676.1153], [-11082128.4327, 5268740.506999999], [-11082132.6103, 5268775.272600003], [-11082153.4464, 5268843.3576000035], [-11082220.05, 5268841.555500001], [-11082290.2529, 5268759.909699999], [-11082594.0722, 5268859.555699997], [-11082695.2681, 5268878.670199998], [-11082914.3342, 5269151.474200003], [-11082978.1481, 5269383.0151999965], [-11083256.6221, 5269564.687200002], [-11083351.1526, 5269564.0546], [-11083483.6619, 5269594.550999999], [-11083584.7354, 5269632.079700001], [-11083735.9427, 5269631.062200002], [-11083865.5659, 5269636.328599997], [-11083981.9343, 5269660.786600001], [-11084108.2048, 5269698.139399998], [-11084272.5008, 5269766.617700003], [-11084423.8394, 5269784.692199998], [-11084606.6572, 5269795.726599999], [-11084732.6306, 5269788.724600002], [-11084915.579, 5269818.8561], [-11085035.2226, 5269805.752899997], [-11085103.6668, 5269811.078900002], [-11085180.2284, 5269817.0361], [-11085306.4593, 5269841.409999996], [-11086203.2959, 5269038.290600002], [-11086222.461, 5269038.088799998], [-11089495.2954, 5269003.070100002], [-11090640.0286, 5268988.444499999], [-11091685.388, 5268985.349100001], [-11091688.2333, 5270734.045500003], [-11091844.9168, 5270752.643799998], [-11092000.965, 5270692.7733], [-11092242.4111, 5270710.036200002], [-11092438.4314, 5270754.935500003], [-11092607.9583, 5270746.810599998], [-11092686.532, 5270791.924400002], [-11092791.0922, 5270817.7315], [-11092909.0971, 5270834.562799998], [-11093060.3312, 5270840.218099996], [-11093055.9064, 5270944.654600002], [-11093139.189, 5270944.0101], [-11093249.0396, 5270999.795999996], [-11093334.7447, 5270999.130999997], [-11093377.5997, 5270891.665899999], [-11093675.4516, 5270981.467500001], [-11093707.9517, 5271134.0669], [-11093882.891, 5271132.700099997], [-11093881.7837, 5270990.091499999], [-11094097.8465, 5271009.552599996], [-11094127.2301, 5271115.7733], [-11094245.5912, 5271123.032300003], [-11094285.9784, 5271065.394699998], [-11094457.7639, 5271128.185900003], [-11094531.4458, 5271149.441], [-11094665.4594, 5271136.781999998], [-11094795.8075, 5271122.785400003], [-11094919.6062, 5271108.156400003], [-11095102.2895, 5271113.529299997], [-11095271.82, 5271105.355800003], [-11095408.6194, 5271085.157700002], [-11095623.6277, 5271056.8257], [-11095785.8357, 5270951.122000001], [-11095980.6181, 5270838.330899999], [-11096105.728, 5270759.010600001], [-11096116.8823, 5270751.938699998], [-11096279.7086, 5270724.695299998], [-11096598.9014, 5270675.711599998], [-11096742.389, 5270674.546499997], [-11096934.2975, 5270581.550300002], [-11097137.8897, 5270530.760700002], [-11097353.4168, 5270443.023000002], [-11097580.2416, 5270240.557999998], [-11097914.7554, 5270233.709700003], [-11098237.2343, 5270251.512800001], [-11098535.2327, 5270273.602399997], [-11098694.6201, 5270305.026900001], [-11098812.4398, 5270242.6351], [-11098917.1978, 5270086.192199998], [-11098990.4535, 5270061.016599998], [-11099035.4896, 5270081.108900003], [-11099157.3148, 5270010.493100002], [-11099210.6788, 5270050.983900003], [-11099325.2242, 5270090.960600004], [-11099464.3869, 5270168.256200001], [-11099607.5493, 5270134.299099997], [-11099848.9416, 5270145.224399999], [-11099973.536, 5270222.636100002], [-11100052.4732, 5270307.257200003], [-11100137.6064, 5270345.427500002], [-11100248.4055, 5270338.345299996], [-11100339.7638, 5270343.709200002], [-11100418.0264, 5270343.0427], [-11100421.5873, 5270015.501100004], [-11102586.7712, 5269996.805500001], [-11102985.3845, 5270485.943800002], [-11104524.7609, 5270666.748800002], [-11104547.6016, 5270960.641500004], [-11104558.4792, 5271046.523100004], [-11104544.0324, 5271108.7491], [-11105839.1587, 5271088.183700003], [-11105830.092, 5271505.209600002], [-11106944.0766, 5271495.008000001], [-11106936.7168, 5271628.829000004], [-11107133.518, 5271596.304399997], [-11107270.4483, 5271573.883500002], [-11107463.1564, 5271563.227300003], [-11107566.19, 5271584.108499996], [-11107673.5537, 5271609.0429000035], [-11108067.6879, 5271606.7359], [-11108461.9596, 5271687.666199997], [-11108771.3589, 5271712.738600001], [-11109227.2486, 5271765.0776999965], [-11109699.5624, 5271981.023800001], [-11110062.4984, 5272097.675300002], [-11110185.091, 5272118.342200004], [-11110464.136, 5272171.630599998], [-11110674.6354, 5272229.664999999], [-11110808.1743, 5272301.4036], [-11110972.3775, 5272441.774700001], [-11111062.9247, 5272501.6413], [-11111196.182, 5272543.349699996], [-11111316.5178, 5272580.404200003], [-11111424.3556, 5272652.385499999], [-11111510.7403, 5272725.256700002], [-11111601.2439, 5272775.565300003], [-11111736.2776, 5272798.139799997], [-11111824.7659, 5272846.418700002], [-11112144.0034, 5272750.483499996], [-11112479.2807, 5272792.245399997], [-11112820.2007, 5272936.998899996], [-11113170.7907, 5273121.915299997], [-11113415.762, 5273357.695100002], [-11113573.3186, 5273611.406400003], [-11113807.1742, 5273924.429899998], [-11114018.3964, 5274195.362099998], [-11114075.7171, 5274261.685500003], [-11114127.7789, 5274350.5874999985], [-11114290.8747, 5274336.6701000035], [-11114486.0557, 5274334.7151999995], [-11114594.2212, 5274268.7820999995], [-11114702.4873, 5274213.086300001], [-11114893.7135, 5274134.711300001], [-11115002.229, 5274104.266500004], [-11115181.1703, 5274077.204800002], [-11115411.3736, 5274058.4947], [-11115596.9851, 5274056.613499999], [-11115793.465, 5274023.9016999975], [-11115955.8454, 5274083.000299998], [-11116042.5053, 5274153.1074], [-11116129.4775, 5274253.928400002], [-11116246.5981, 5274338.741599999], [-11116414.4054, 5274433.274899997], [-11116540.7237, 5274427.203199998], [-11116664.7581, 5274397.261600003], [-11116806.1255, 5274333.0097], [-11116819.6861, 5274283.039800003], [-11116875.7644, 5274275.6373], [-11116958.4981, 5274276.834200002], [-11117057.3132, 5274320.869000003], [-11117123.0014, 5274334.527000003], [-11117185.4262, 5274332.518100001], [-11117185.9994, 5274388.486500002], [-11117332.6825, 5274386.9723000005], [-11117353.2932, 5274419.5251], [-11117339.7987, 5274471.5436], [-11117263.2329, 5274475.0647], [-11117173.3044, 5274643.236500002], [-11116973.6144, 5274678.743199997], [-11116803.172, 5274764.460600004], [-11116743.7838, 5274956.2124999985], [-11116650.9074, 5275203.608099997], [-11116748.1898, 5275459.298600003], [-11116786.7963, 5275730.617700003], [-11116852.2509, 5275962.070100002], [-11116959.3905, 5276161.692299999], [-11117128.6888, 5276265.091200002], [-11117161.5961, 5276401.985699996], [-11117216.13, 5276591.232500002], [-11117290.4786, 5276664.204700001], [-11117384.5344, 5276610.658799998], [-11117489.3501, 5276578.167000003], [-11117635.7761, 5276502.9111], [-11117845.7896, 5276479.566100001], [-11118076.9522, 5276466.2377], [-11118269.3832, 5276490.177000001], [-11118484.0571, 5276555.529100001], [-11118668.5408, 5276583.6401999965], [-11118752.1654, 5276549.990699999], [-11118870.8912, 5276502.3169], [-11119097.0861, 5276497.8913], [-11119179.706, 5276421.2348000035], [-11119263.0069, 5276369.150200002], [-11119295.4412, 5276331.939499997], [-11119499.0095, 5276278.584700003], [-11119773.9838, 5276081.7764], [-11119846.8558, 5276077.590400003], [-11120020.9067, 5275991.7673999965], [-11120075.0364, 5275939.987599999], [-11120122.5517, 5275950.406300001], [-11120194.9899, 5275905.2588], [-11120347.9567, 5275892.706699997], [-11120544.7824, 5275890.607500002], [-11120606.2214, 5275842.843599997], [-11120661.1582, 5275867.517200001], [-11120872.2524, 5275835.9016999975], [-11120985.3257, 5275842.199900001], [-11121046.9511, 5275812.181900002], [-11121145.443, 5275818.634599999], [-11121251.6708, 5275868.6972], [-11121342.6607, 5275853.381300002], [-11121634.3777, 5275918.509999998], [-11121883.4129, 5275971.802599996], [-11121971.6054, 5276036.3904], [-11122202.2321, 5276128.790600002], [-11122264.8473, 5276186.8266], [-11122355.9508, 5276185.836900003], [-11122515.5981, 5276118.556999996], [-11122592.5162, 5276150.490900002], [-11122708.6902, 5276108.9428], [-11122869.4422, 5276139.959600002], [-11123026.6652, 5276182.618900001], [-11123154.5132, 5276209.894500002], [-11123509.7083, 5276218.286200002], [-11123701.8259, 5276251.675099999], [-11123822.0722, 5276213.481600001], [-11123961.8702, 5276267.924400002], [-11124055.9967, 5276309.898000002], [-11124106.4096, 5276250.6241], [-11124150.5994, 5276294.514200002], [-11124376.9184, 5276321.366400003], [-11124478.9908, 5276320.234300002], [-11124720.5364, 5276409.040299997], [-11125071.9192, 5276536.899099998], [-11125128.2488, 5276685.797799997], [-11125271.6359, 5276794.123800002], [-11125619.2341, 5276771.112400003], [-11125978.2557, 5276823.066200003], [-11126102.7401, 5276780.013899997], [-11126232.6394, 5276757.382600002], [-11126300.5593, 5276777.782200001], [-11126307.0132, 5276886.955899999], [-11126452.8579, 5276890.7700999975], [-11126451.6853, 5276786.316299997], [-11126658.3152, 5276852.939199999], [-11126791.5489, 5276907.417800002], [-11126843.509, 5276994.226400003], [-11127133.7771, 5276939.717299998], [-11127142.3091, 5276516.9777000025], [-11128571.2484, 5276514.943099998], [-11129047.2708, 5276521.047600001], [-11129912.6417, 5276523.954599999], [-11129921.3497, 5276838.614], [-11129858.2779, 5277072.184699997], [-11130243.9154, 5277058.798900001], [-11131014.8371, 5277902.598899998], [-11131019.3476, 5278287.690200001], [-11131023.9465, 5278680.288800001], [-11131177.7108, 5278683.484300002], [-11131646.8656, 5278693.2190999985], [-11132263.0199, 5278706.0836], [-11132812.8134, 5278716.829000004], [-11132859.7046, 5278836.0282000005], [-11133103.1846, 5278975.155299999], [-11133269.8088, 5279006.6149], [-11133582.0266, 5279000.118900001], [-11133733.4542, 5278863.750200003], [-11133853.3373, 5278726.145000003], [-11134176.4018, 5278680.823100001], [-11134337.6637, 5278521.793899998], [-11134573.1639, 5278471.125100002], [-11135348.8155, 5278456.8662], [-11135352.2235, 5278736.819899999], [-11136065.3346, 5278732.828900002], [-11136537.4477, 5278179.984399997], [-11138260.501, 5278168.723499998], [-11138553.3395, 5278464.828199998], [-11138555.8216, 5278734.548600003], [-11139027.9399, 5278728.585600004], [-11139664.0917, 5278739.635300003], [-11139663.2394, 5277907.879199997], [-11143131.5656, 5277863.112400003], [-11143144.9466, 5278153.157899998], [-11144512.9354, 5278125.5845], [-11144499.084, 5277806.185099997], [-11145154.098, 5277787.930600002], [-11145151.3223, 5276850.452299997], [-11145392.1548, 5276847.244499996], [-11145931.5934, 5276840.036799997], [-11145935.8317, 5277158.8473000005], [-11145908.7873, 5278745.511500001], [-11140974.7207, 5278741.989699997], [-11140991.6033, 5279281.299000002], [-11141560.0978, 5279637.994000003], [-11142115.0014, 5279976.402999997], [-11142349.8522, 5280139.323700003], [-11142631.81, 5280135.650399998], [-11142633.4989, 5280266.087200001], [-11143013.9128, 5280261.117600001], [-11143134.0078, 5280547.1074], [-11143662.1364, 5280540.175399996], [-11144226.6363, 5280919.349399999], [-11144230.5789, 5281219.858000003], [-11145319.8624, 5281209.879299998], [-11145295.9311, 5282055.9196000025], [-11146011.3067, 5282029.4287], [-11146005.5328, 5281711.304899998], [-11146453.9716, 5282017.481399998], [-11146463.5154, 5282270.125699997], [-11146758.3822, 5282260.004600003], [-11146989.8329, 5282558.849299997], [-11147458.739, 5282552.5013], [-11147464.2417, 5281976.693099998], [-11147464.2525, 5281975.562899999], [-11147469.514, 5281424.957199998], [-11146968.7601, 5281437.975400001], [-11146973.8242, 5280877.663400002], [-11148021.1126, 5280870.824699998], [-11148003.1965, 5281975.240900002], [-11148451.3184, 5281974.010300003], [-11148542.1513, 5281973.758299999], [-11148543.096, 5282523.7509], [-11148543.2832, 5282632.724200003], [-11148546.311, 5284395.015299998], [-11148062.6475, 5284784.078599997], [-11148068.1149, 5285024.549699999], [-11148314.0049, 5285021.194399998], [-11148317.9427, 5285311.5801], [-11148440.8701, 5285309.9001], [-11148448.1516, 5285846.2826000005], [-11148741.537, 5286169.637500003], [-11149186.9481, 5286169.672899999], [-11149257.1759, 5286116.763999999], [-11149250.632, 5285637.7641], [-11150511.0042, 5285620.336199999], [-11150808.3172, 5285776.805200003], [-11150816.254, 5286350.793700002], [-11151950.9719, 5286332.185699999], [-11151968.6515, 5286675.045599997], [-11151991.8096, 5286946.755099997], [-11153514.7659, 5286944.363200001], [-11153519.7652, 5287509.575300001], [-11154004.0224, 5288088.729199998], [-11154182.9029, 5288302.648599997], [-11155123.7106, 5288289.154700004], [-11155121.8657, 5288592.025600001], [-11155970.4636, 5288579.7727999985], [-11156201.07, 5288827.325900003], [-11156213.2215, 5289670.810699999], [-11156838.3579, 5289677.442900002], [-11156843.6219, 5290041.107299998], [-11157735.6838, 5290036.946599998], [-11157960.9811, 5290192.265600003], [-11158454.3971, 5290197.990400001], [-11159537.7505, 5291077.011299998], [-11159541.5761, 5291336.122400001], [-11159769.1438, 5291332.735399999], [-11159773.91, 5291499.520400003], [-11160740.6276, 5291503.532899998], [-11160741.9678, 5291379.054300003], [-11160848.7906, 5291377.451399997], [-11160850.4495, 5291091.5886999965], [-11161491.2378, 5291081.9476], [-11161495.4243, 5291361.567400001], [-11162784.6332, 5291340.668200001], [-11162778.8076, 5292113.515900001], [-11161625.6814, 5292133.730800003], [-11161909.6642, 5292862.594499998], [-11161986.8234, 5292861.426899999], [-11161988.5189, 5292974.251900002], [-11162275.739, 5292972.635700002], [-11162993.5311, 5292971.296300001], [-11162990.1775, 5293979.539499998], [-11163919.5397, 5293955.748000003], [-11163933.4205, 5294992.563600004], [-11164991.9162, 5294985.1499999985], [-11166010.593, 5294909.646600001], [-11166417.4065, 5294880.731600001], [-11166814.614, 5294907.534500003], [-11167083.4039, 5294629.691500001], [-11167135.2705, 5294432.059299998], [-11167216.9456, 5294176.3116], [-11167218.1955, 5294131.6686], [-11167226.0201, 5294060.029200003], [-11168090.7838, 5294091.355599999], [-11168050.0899, 5294923.482799999], [-11168033.925, 5295297.455200002], [-11168108.045, 5295375.642099999], [-11168250.8655, 5295425.378200002], [-11168348.9903, 5295507.2896], [-11168420.9328, 5295593.0358000025], [-11168520.7938, 5295657.815700002], [-11168635.777, 5295660.098399997], [-11168647.153, 5295741.331100002], [-11168588.6063, 5295865.406300001], [-11168585.9589, 5295954.388999999], [-11168571.5049, 5296062.0320999995], [-11168567.049, 5296163.360299997], [-11168572.5635, 5296345.950000003], [-11168554.0337, 5296346.243600003], [-11168557.3592, 5296557.608000003], [-11168803.9379, 5296552.3288], [-11168962.0847, 5296710.606600001], [-11169120.2259, 5296868.200099997], [-11169431.4998, 5296863.243100002], [-11170257.159, 5296850.044200003], [-11170252.0534, 5296529.2293], [-11170659.0961, 5296524.064300001], [-11171205.6656, 5296515.263499998], [-11171436.4588, 5296511.537600003], [-11171679.3494, 5296507.610399999], [-11172007.3065, 5296502.297499999], [-11172385.4725, 5296511.209600002], [-11172392.3181, 5296935.312700003], [-11172489.8691, 5296967.937799998], [-11172707.7464, 5296881.598499998], [-11172880.9075, 5296873.301799998], [-11173289.4004, 5296901.525300004], [-11173707.3211, 5296990.4733000025], [-11173958.9691, 5296948.025700003], [-11174293.0037, 5296990.428900003], [-11174542.6213, 5297115.637400001], [-11174806.862, 5297259.074299999], [-11174908.1808, 5297338.826800004], [-11174957.1447, 5297419.444700003], [-11175066.7058, 5297481.953699999], [-11175948.4381, 5297819.043200001], [-11175948.6424, 5297921.684699997], [-11175978.3976, 5297906.819200002], [-11176013.4354, 5297891.865599997], [-11176053.8804, 5297884.349100001], [-11176110.5755, 5297895.722099997], [-11176163.8733, 5297918.100400001], [-11176211.8772, 5297939.882299997], [-11176249.1798, 5297953.6307], [-11176284.863, 5297977.670599997], [-11176320.6004, 5298002.393799998], [-11176365.2729, 5298036.548299998], [-11176436.6522, 5298085.311800003], [-11176549.051, 5298155.972099997], [-11176605.7964, 5298172.816299997], [-11176683.5122, 5298176.991599999], [-11176748.7136, 5298192.324900001], [-11176826.9151, 5298202.649800003], [-11176948.8971, 5298216.3467999995], [-11177031.6093, 5298221.119900003], [-11177102.6395, 5298228.141099997], [-11177161.0277, 5298236.0581], [-11177235.1736, 5298238.2359], [-11177309.2482, 5298233.570799999], [-11177370.9103, 5298225.692299999], [-11177409.6459, 5298222.988600001], [-11177459.2153, 5298231.051899999], [-11177508.6507, 5298233.642700002], [-11177534.8537, 5298215.409699999], [-11177562.5323, 5298183.465499997], [-11177586.5001, 5298138.581500001], [-11177613.9125, 5298088.165399998], [-11177639.5487, 5298030.9362], [-11177690.5968, 5297926.062700003], [-11177721.1324, 5297850.960000001], [-11177830.6542, 5297647.250399999], [-11177895.6948, 5297525.721699998], [-11177947.4834, 5297457.790399998], [-11178008.0978, 5297387.6576000005], [-11178072.5596, 5297338.6721], [-11178128.6004, 5297311.0405], [-11178184.5982, 5297283.4092999995], [-11178251.2949, 5297261.0713], [-11178311.1606, 5297253.217600003], [-11178367.6559, 5297250.210199997], [-11178440.1117, 5297261.302000001], [-11178482.7889, 5297280.423600003], [-11178548.6494, 5297314.890900001], [-11178628.7914, 5297357.327100001], [-11178828.3392, 5297470.956299998], [-11178874.6346, 5297494.805200003], [-11178933.2268, 5297515.0242], [-11179100.7011, 5297611.402099997], [-11179138.214, 5297637.451800004], [-11179207.7653, 5297680.7487], [-11179239.9615, 5297704.835900001], [-11179281.0031, 5297732.878399998], [-11179316.701, 5297754.853], [-11179348.9244, 5297783.045400001], [-11179382.7179, 5297798.2092999965], [-11179421.8866, 5297818.756099999], [-11179476.9228, 5297837.664099999], [-11179519.4082, 5297845.152400002], [-11179558.1609, 5297841.071099997], [-11179640.8911, 5297829.397399999], [-11179714.8336, 5297817.188699998], [-11179755.1591, 5297802.815300003], [-11179811.4987, 5297792.958700001], [-11179971.4428, 5297756.014700003], [-11180026.1434, 5297755.080600001], [-11180068.5823, 5297759.829999998], [-11180130.4399, 5297766.300300002], [-11180176.5541, 5297779.197899997], [-11180227.7769, 5297781.743600003], [-11180294.9599, 5297788.121600002], [-11180399.1524, 5297793.181400001], [-11180489.2863, 5297798.480899997], [-11180574.0641, 5297804.555600002], [-11180625.4385, 5297815.992399998], [-11180694.5277, 5297829.177900001], [-11180804.2132, 5297846.456200004], [-11180889.2092, 5297862.788800001], [-11180951.0987, 5297868.568800002], [-11181005.8506, 5297873.102399997], [-11181076.6523, 5297884.203000002], [-11181159.8598, 5297900.5638], [-11181209.3368, 5297903.134199999], [-11181269.2972, 5297900.7337], [-11181308.2597, 5297908.958800003], [-11181347.3043, 5297921.972499996], [-11181430.7656, 5297950.644199997], [-11181507.0492, 5297965.752800003], [-11181575.7477, 5297965.936999999], [-11181621.4548, 5297954.884099998], [-11181666.8612, 5297928.781400003], [-11181722.7538, 5297892.9174000025], [-11181760.8959, 5297853.253899999], [-11181784.8588, 5297811.7826000005], [-11181812.13, 5297754.5154], [-11181856.9792, 5297693.523500003], [-11181901.8631, 5297634.583899997], [-11181926.0712, 5297607.478600003], [-11181983.461, 5297557.218699999], [-11182049.7534, 5297526.648599997], [-11182092.1833, 5297525.914499998], [-11182122.2827, 5297526.762400001], [-11182154.3049, 5297537.840800002], [-11182202.3319, 5297560.274899997], [-11182241.8891, 5297600.646600001], [-11182270.7258, 5297637.0983000025], [-11182292.7455, 5297685.985299997], [-11182297.1049, 5297733.809699997], [-11182292.8341, 5297792.732699998], [-11182292.0802, 5297852.9636999965], [-11182274.0021, 5297929.233900003], [-11182254.3815, 5298019.9021999985], [-11182244.9614, 5298089.180799998], [-11182263.6342, 5298149.077200003], [-11182279.6516, 5298161.117299996], [-11182304.5408, 5298166.1608000025], [-11182353.6192, 5298145.4651999995], [-11182515.4921, 5298015.376400001], [-11182579.9341, 5297966.357000001], [-11182656.9258, 5297926.0151999965], [-11182765.8014, 5297896.068099998], [-11182858.97, 5297874.6043], [-11182968.1587, 5297860.3882], [-11183059.7855, 5297853.319600001], [-11183175.9626, 5297834.189499997], [-11183237.4082, 5297816.696099997], [-11183302.29, 5297790.9309], [-11183378.9621, 5297734.8510000035], [-11183432.7377, 5297680.538699999], [-11183459.9559, 5297623.268399999], [-11183469.7103, 5297573.830300003], [-11183466.748, 5297506.138899997], [-11183467.1982, 5297428.808600001], [-11183462.4657, 5297359.780699998], [-11183456.2948, 5297308.568999998], [-11183460.7122, 5297258.541199997], [-11183480.8055, 5297195.923799999], [-11183522.6726, 5297106.241300002], [-11183573.0764, 5297056.7804000005], [-11183647.6121, 5297025.372500002], [-11183739.58, 5297011.449500002], [-11183829.7642, 5297012.609899998], [-11184109.1977, 5297085.722999997], [-11184101.8565, 5296925.740500003], [-11184454.6097, 5297020.137900002], [-11184547.5593, 5297065.034000002], [-11184663.7735, 5297112.257700004], [-11184733.5402, 5297100.7676], [-11184792.8927, 5297095.618500002], [-11184786.4614, 5296927.409699999], [-11184788.6764, 5296854.158500001], [-11184783.224, 5296341.784699999], [-11185300.9008, 5296346.350100003], [-11185304.8302, 5296570.696800001], [-11185348.0383, 5296643.828599997], [-11185453.4465, 5296704.2311], [-11185503.6215, 5296739.608199999], [-11185526.3704, 5296681.048199996], [-11185661.3791, 5296432.349399999], [-11185774.2485, 5296192.256999999], [-11185862.9635, 5295947.807899997], [-11185918.9873, 5295763.463399999], [-11186010.8294, 5295542.2289], [-11186015.4449, 5295286.286499999], [-11186070.5718, 5295051.346900001], [-11186114.1316, 5294936.331900001], [-11186184.7905, 5294807.156199999], [-11186233.188, 5294705.739399999], [-11186299.034, 5294562.2861], [-11186328.4369, 5294420.165399998], [-11186347.2676, 5294195.466200002], [-11186356.7559, 5293957.9419], [-11186264.3792, 5293629.891999997], [-11186255.1509, 5293364.671099998], [-11186373.094, 5293074.630900003], [-11186418.2747, 5292977.392300002], [-11186419.9206, 5292846.046800002], [-11186476.7086, 5292689.786899999], [-11186577.3114, 5292540.273500003], [-11186769.0916, 5292385.720399998], [-11186957.5345, 5292266.787600003], [-11187003.9796, 5292198.255199999], [-11187022.0541, 5292098.086300001], [-11186919.2653, 5291896.806999996], [-11186766.5235, 5291565.121100001], [-11186763.6985, 5291405.153700002], [-11186747.4209, 5291158.583999999], [-11186888.7626, 5290845.6237], [-11187149.1751, 5290533.968500003], [-11187589.9798, 5290323.023699999], [-11187776.9627, 5290124.812700003], [-11188008.3328, 5289968.881399997], [-11188080.7476, 5289800.756099999], [-11188126.3809, 5289687.866300002], [-11188213.8162, 5289471.560500003], [-11188400.9032, 5289280.873499997], [-11188485.3071, 5289224.6635000035], [-11188621.7951, 5289205.1184], [-11188784.85, 5289226.113499999], [-11188922.3678, 5289371.311499998], [-11188966.0803, 5289508.628899999], [-11188959.1976, 5289637.971500002], [-11188881.481, 5289756.2853000015], [-11188859.1044, 5289826.427000001], [-11188949.5499, 5289786.509900004], [-11189082.7889, 5289684.970399998], [-11189310.3513, 5289539.338399999], [-11189490.0467, 5289462.2535], [-11189780.8513, 5289420.0735], [-11189861.6671, 5289407.780500002], [-11189970.0398, 5289476.610399999]]]]}}, {"type": "Feature", "properties": {"OBJECTID": 250, "CreationDate": "2025-01-14T11:11:12Z", "Creator": "NPS_WASO_LANDS", "EditDate": "2025-01-14T11:11:12Z", "Editor": "NPS_WASO_LANDS", "GlobalID": "{26B57904-951B-400F-9133-616B728B135A}", "AreaID": 259, "UNIT_CODE": "HOME", "GIS_Notes": "Lands - http://landsnet.nps.gov/tractsnet/documents/HOME/Metadata/home_metadata.xml", "UNIT_NAME": "Homestead National Historical Park", "DATE_EDIT": "2017-12-14T00:00:00Z", "STATE": "NE", "REGION": "MW", "GNIS_ID": "830099", "UNIT_TYPE": "National Historical Park", "CREATED_BY": "Lands", "METADATA": "https://irma.nps.gov/DataStore/Reference/Profile/1048166", "PARKNAME": "Homestead", "SHAPE_Length": 7913.363937760272, "SHAPE_Area": 1491929.3011421312}, "geometry": {"type": "MultiPolygon", "coordinates": [[[[-10779273.6455, 4907930.918899998], [-10778986.3209, 4907930.580300003], [-10778738.7914, 4907930.281900004], [-10778739.1552, 4907737.259199999], [-10778680.7899, 4907703.933499999], [-10778634.3079, 4907684.953000002], [-10778496.5951, 4907631.873400003], [-10778419.8421, 4907613.538199998], [-10778359.9957, 4907597.796300001], [-10778311.1625, 4907590.092200004], [-10778260.5198, 4907580.417300001], [-10778208.6741, 4907571.7403], [-10778208.2762, 4907379.201200001], [-10778739.7893, 4907400.636100002], [-10779275.1087, 4907400.145199999], [-10780339.849, 4907403.0757], [-10780346.1463, 4907934.343599997], [-10779807.9697, 4907931.276500002], [-10779808.5691, 4908190.377400003], [-10779808.9183, 4908341.358199999], [-10780350.672, 4908340.592100002], [-10780463.3623, 4908340.428900003], [-10780463.8923, 4908443.429099999], [-10780464.1613, 4908495.696099997], [-10780464.8155, 4908622.844300002], [-10780351.7811, 4908623.0079], [-10780351.8187, 4908599.097599998], [-10780351.847, 4908581.2161], [-10780344.8901, 4908580.960900001], [-10779809.0961, 4908581.717799999], [-10779273.0687, 4908582.446000002], [-10779273.2993, 4908458.865199998], [-10779273.3554, 4908258.812799998], [-10779273.6455, 4907930.918899998]]]]}}, {"type": "Feature", "properties": {"OBJECTID": 260, "CreationDate": "2025-01-14T11:11:12Z", "Creator": "NPS_WASO_LANDS", "EditDate": "2025-01-14T11:11:12Z", "Editor": "NPS_WASO_LANDS", "GlobalID": "{678F3BDD-BAB9-451E-981B-0EC29288A25F}", "AreaID": 270, "UNIT_CODE": "SCBL", "GIS_Notes": "Lands - http://landsnet.nps.gov/tractsnet/documents/SCBL/Metadata/scbl_metadata.xml", "UNIT_NAME": "Scotts Bluff National Monument", "DATE_EDIT": "2012-08-13T00:00:00Z", "STATE": "NE", "REGION": "MW", "GNIS_ID": "833315", "UNIT_TYPE": "National Monument", "CREATED_BY": "Lands", "METADATA": "https://irma.nps.gov/DataStore/Reference/Profile/2188825", "PARKNAME": "Scotts Bluff", "SHAPE_Length": 24943.760182077545, "SHAPE_Area": 23469485.34378869}, "geometry": {"type": "MultiPolygon", "coordinates": [[[[-11543616.5598, 5139260.6743], [-11543592.6476, 5139247.597900003], [-11543521.4409, 5139176.8882], [-11543488.7227, 5139140.0682], [-11543448.7643, 5139101.109399997], [-11543410.2809, 5139067.944499999], [-11543369.629, 5139034.7905], [-11543318.1409, 5139003.141599998], [-11543275.1448, 5138980.877499998], [-11543250.8588, 5138970.430600002], [-11543216.435, 5138950.7146999985], [-11543176.6445, 5138945.112999998], [-11543140.4543, 5138936.592299998], [-11543111.436, 5138916.432800002], [-11543088.1686, 5138889.717699997], [-11543060.6144, 5138873.176399998], [-11543015.7424, 5138863.248499997], [-11542981.0021, 5138855.445200004], [-11542949.8982, 5138851.9749], [-11542912.9821, 5138842.732000001], [-11542877.5227, 5138835.6570999995], [-11542834.0717, 5138820.6448], [-11542792.5911, 5138806.203500003], [-11542725.2445, 5138783.3330999985], [-11542660.7459, 5138769.077799998], [-11542632.5483, 5138768.492600001], [-11542597.1143, 5138766.492799997], [-11542571.05, 5138758.645199999], [-11542543.822, 5138755.154100001], [-11542532.9674, 5138753.032399997], [-11542513.4095, 5138745.152400002], [-11542495.2616, 5138730.013599999], [-11542477.0925, 5138710.523900002], [-11542455.3125, 5138691.777400002], [-11542429.9286, 5138675.223899998], [-11542403.1275, 5138664.479099996], [-11542374.1932, 5138660.996100001], [-11542338.0439, 5138660.449299999], [-11542297.575, 5138663.549400002], [-11542256.4362, 5138677.530000001], [-11542218.2172, 5138697.297499999], [-11542161.333, 5138743.987499997], [-11542147.6402, 5138752.756899998], [-11542146.895, 5138679.853100002], [-11542146.2579, 5138617.5211], [-11542145.1878, 5138588.6285], [-11542144.593, 5138572.569700003], [-11542145.2345, 5138555.887900002], [-11542146.3517, 5138494.5788], [-11542147.805, 5138426.353600003], [-11542148.7031, 5138377.6303], [-11542149.4477, 5138340.592600003], [-11542150.0877, 5138276.659999996], [-11542055.6871, 5138278.236100003], [-11542105.8688, 5138191.699500002], [-11542201.832, 5137988.631200001], [-11542282.0479, 5137835.963799998], [-11542293.5638, 5137825.756099999], [-11542309.4737, 5137827.127700001], [-11542321.8367, 5137842.293899998], [-11542334.2317, 5137863.985799998], [-11542344.4259, 5137879.162699997], [-11542358.9578, 5137894.318099998], [-11542379.9418, 5137898.565099999], [-11542416.8039, 5137897.657899998], [-11542455.1224, 5137898.918700002], [-11542495.6343, 5137905.2443], [-11542536.1679, 5137915.920199998], [-11542574.5186, 5137923.706299998], [-11542605.315, 5137930.079499997], [-11542657.2861, 5137914.594400004], [-11542695.5583, 5137906.428099997], [-11542742.5296, 5137903.294200003], [-11542746.8599, 5137749.6818], [-11542748.0655, 5137706.910999998], [-11542740.8081, 5137554.679099999], [-11542732.4617, 5137474.672799997], [-11542721.6317, 5137184.4120000005], [-11542704.1714, 5137161.587800004], [-11542692.608, 5137135.040600002], [-11542684.2946, 5137088.456799999], [-11542660.1456, 5137028.398400001], [-11542639.78, 5136953.168200001], [-11542592.0558, 5136875.858800001], [-11542575.8215, 5136811.8522000015], [-11542573.734, 5136759.295699999], [-11542568.9807, 5136726.523800001], [-11542548.625, 5136679.042999998], [-11542537.4414, 5136622.777599998], [-11542541.2478, 5136515.023199998], [-11542520.1178, 5136333.517300002], [-11542503.3603, 5136159.243100002], [-11542494.9434, 5136064.313900001], [-11542491.8923, 5136031.7053999975], [-11542493.9122, 5136001.537199996], [-11542505.8525, 5135931.157200001], [-11542516.4884, 5135889.492299996], [-11542523.2114, 5135840.512199998], [-11542510.1493, 5135776.141800001], [-11542512.8795, 5135743.5057], [-11542522.8796, 5135719.533200003], [-11542586.8993, 5135658.320799999], [-11542636.4834, 5135599.176899999], [-11542639.0868, 5135531.054099999], [-11542645.4875, 5135363.565700002], [-11542637.1025, 5134982.238399997], [-11542786.6166, 5134972.868500002], [-11542758.4359, 5134827.307999998], [-11542857.4723, 5134822.609999999], [-11542851.9767, 5134734.420900002], [-11542944.2807, 5134712.9384], [-11542954.0877, 5134650.551399998], [-11543162.5614, 5134644.100299999], [-11543157.7627, 5134484.263300002], [-11543159.927, 5134305.218599997], [-11543149.1411, 5133736.527000003], [-11543144.413, 5133433.7764], [-11542614.1815, 5133431.430399999], [-11542607.7718, 5133160.127099998], [-11542599.4003, 5132805.784999996], [-11542600.6926, 5132765.9454], [-11542645.3512, 5132722.509800002], [-11542663.3341, 5132713.404600002], [-11542829.8004, 5132755.805200003], [-11542923.9074, 5132773.664999999], [-11543044.2565, 5132861.031400003], [-11543084.0915, 5132880.098700002], [-11543142.3844, 5132891.764799997], [-11543291.4665, 5132892.716300003], [-11543314.6746, 5132908.170999996], [-11543341.8963, 5132921.3213], [-11543381.6722, 5132928.4287], [-11543414.7885, 5132928.261299998], [-11543465.6486, 5132904.155299999], [-11543471.1415, 5133158.2764], [-11543669.1694, 5133161.896600001], [-11544759.0038, 5133154.814000003], [-11544772.6017, 5133444.559199996], [-11545064.3213, 5133719.031000003], [-11545342.7527, 5133722.9755000025], [-11546993.8271, 5133721.359200001], [-11547089.1826, 5134420.128399998], [-11547184.5393, 5135116.788199998], [-11547055.4826, 5135164.331], [-11547037.5909, 5135177.0392], [-11547037.8145, 5135218.474200003], [-11547043.0452, 5135255.916000001], [-11547032.4246, 5135284.799000002], [-11547027.1629, 5135308.248300001], [-11547038.1429, 5135346.0222999975], [-11547043.6862, 5135374.817900002], [-11547045.6279, 5135401.831500001], [-11547034.9489, 5135419.9059000015], [-11547009.8533, 5135429.049900003], [-11546981.1266, 5135431.007399999], [-11546939.7987, 5135427.628399998], [-11546905.6356, 5135420.607000001], [-11546855.3568, 5135422.6809], [-11546810.4851, 5135428.328500003], [-11546762.0313, 5135435.796899997], [-11546719.0136, 5135452.243600003], [-11546672.5155, 5135497.686800003], [-11546281.8399, 5135503.935199998], [-11546320.3981, 5135715.733099997], [-11546317.1586, 5135818.573100001], [-11546325.8317, 5135841.954099998], [-11546352.4173, 5135878.273500003], [-11546373.2619, 5135937.556900002], [-11546414.1682, 5136016.299199998], [-11546411.6385, 5136050.654799998], [-11546389.7857, 5136104.330899999], [-11546335.9164, 5136132.046999998], [-11546333.1652, 5136207.567100003], [-11546346.915, 5136253.4070999995], [-11546380.5296, 5136271.684], [-11546415.6667, 5136355.219400004], [-11546465.566, 5136385.485299997], [-11546512.9708, 5136493.760799997], [-11546566.9729, 5136536.814599998], [-11546582.0134, 5136653.472599998], [-11546624.3873, 5136749.5704], [-11546618.6392, 5136794.864600003], [-11546681.4398, 5136860.274800003], [-11546681.7465, 5136879.700199999], [-11547103.3862, 5137318.838600002], [-11547037.0799, 5137369.803099997], [-11546966.3409, 5137443.182899997], [-11546909.1556, 5137505.696999997], [-11546922.8533, 5137636.309199996], [-11546928.533, 5138172.6017], [-11546702.534, 5138169.467299998], [-11546378.8115, 5138176.311700001], [-11546419.1254, 5138413.3094], [-11546325.1185, 5138580.693700001], [-11546260.5686, 5138737.282499999], [-11546207.8797, 5138705.6369], [-11546194.8853, 5138711.894500002], [-11546153.1391, 5138733.376999997], [-11546044.3541, 5138845.742399998], [-11545992.4891, 5138979.291100003], [-11545925.0446, 5139015.7722999975], [-11545805.2158, 5139020.818800002], [-11545599.198, 5138948.679099999], [-11545295.2635, 5138840.947800003], [-11545210.2595, 5139204.212800004], [-11545168.9599, 5139380.701499999], [-11545131.0828, 5139542.560500003], [-11545066.6359, 5139508.822700001], [-11545035.9882, 5139489.156400003], [-11544996.3659, 5139471.339299999], [-11544956.7718, 5139458.928800002], [-11544922.7408, 5139451.896499999], [-11544884.9901, 5139448.487999998], [-11544854.4356, 5139446.844400004], [-11544802.3388, 5139448.917099997], [-11544739.4705, 5139452.8478000015], [-11544696.3387, 5139451.2689], [-11544662.1724, 5139446.038699999], [-11544627.9596, 5139431.796700001], [-11544602.805, 5139431.926799998], [-11544574.0385, 5139428.470700003], [-11544539.8444, 5139417.8330999985], [-11544503.8078, 5139398.193099998], [-11544462.4271, 5139387.592299998], [-11544431.8269, 5139376.935900003], [-11544406.6539, 5139373.460900001], [-11544365.3379, 5139375.475699998], [-11544322.6139, 5139380.476800002], [-11544319.7188, 5139380.8156], [-11544282.7146, 5139381.307499997], [-11544230.6638, 5139392.388400003], [-11544191.1077, 5139387.184], [-11544177.5518, 5139379.626699999], [-11544163.996, 5139372.068999998], [-11544126.2323, 5139349.667099997], [-11544083.0371, 5139335.4695999995], [-11544057.8918, 5139337.400399998], [-11544012.891, 5139321.409100004], [-11543975.1137, 5139312.590300001], [-11543935.9224, 5139310.109499998], [-11543896.0055, 5139310.0207], [-11543846.8439, 5139310.2711], [-11543819.3274, 5139301.708300002], [-11543771.4671, 5139296.005400002], [-11543753.4078, 5139298.998099998], [-11543719.3664, 5139286.842200004], [-11543681.02, 5139281.235100001], [-11543634.6959, 5139270.591799997], [-11543616.5598, 5139260.6743]]]]}}, {"type": "Feature", "properties": {"OBJECTID": 261, "CreationDate": "2025-01-14T11:11:12Z", "Creator": "NPS_WASO_LANDS", "EditDate": "2025-01-14T11:11:12Z", "Editor": "NPS_WASO_LANDS", "GlobalID": "{0B3A9579-48CB-4D1D-B7F8-76F145C84960}", "AreaID": 271, "UNIT_CODE": "AGFO", "GIS_Notes": "Lands - http://landsnet.nps.gov/tractsnet/documents/AGFO/Metadata/agfo_metadata.xml", "UNIT_NAME": "Agate Fossil Beds National Monument", "DATE_EDIT": "2012-11-27T00:00:00Z", "STATE": "NE", "REGION": "MW", "GNIS_ID": "826917", "UNIT_TYPE": "National Monument", "CREATED_BY": "Lands", "METADATA": "https://irma.nps.gov/DataStore/Reference/Profile/2192756", "PARKNAME": "Agate Fossil Beds", "SHAPE_Length": 35522.30963701792, "SHAPE_Area": 22628044.357778817}, "geometry": {"type": "MultiPolygon", "coordinates": [[[[-11554130.522, 5223648.790600002], [-11554596.2211, 5223652.140900001], [-11554596.4241, 5223922.413699999], [-11554596.8396, 5224475.398900002], [-11554593.5604, 5226604.540899999], [-11553646.576, 5226601.546800002], [-11553572.9128, 5226601.310000002], [-11553264.4244, 5226600.312100001], [-11553274.5802, 5225828.793899998], [-11552470.585, 5225030.5896999985], [-11551918.1464, 5225028.396399997], [-11550272.0106, 5225021.6723000035], [-11549761.3291, 5225019.528700002], [-11547033.1181, 5226410.459399998], [-11546487.5862, 5226415.3928999975], [-11546220.5625, 5226417.808200002], [-11546221.8025, 5226276.300099999], [-11546236.5192, 5224554.954000004], [-11545964.017, 5224565.799999997], [-11545339.1179, 5224581.270499997], [-11545332.2579, 5224581.439999998], [-11545304.461, 5224582.1272], [-11545297.6217, 5224582.296300001], [-11545290.7839, 5224582.465300001], [-11545256.1838, 5224583.320500001], [-11545256.9016, 5224573.121200003], [-11545257.1057, 5224570.224399999], [-11545257.2088, 5224567.322400004], [-11545257.2104, 5224564.418700002], [-11545257.1107, 5224561.516199999], [-11545256.9099, 5224558.6193], [-11545256.608, 5224555.7311], [-11545256.2057, 5224552.855499998], [-11545255.7032, 5224549.995700002], [-11545255.1012, 5224547.155199997], [-11545254.4004, 5224544.337800004], [-11545253.6019, 5224541.546599999], [-11545252.7065, 5224538.7853000015], [-11545251.7153, 5224536.056999996], [-11545250.6295, 5224533.3653], [-11545249.4504, 5224530.713500001], [-11545248.1796, 5224528.104500003], [-11545246.8185, 5224525.542000003], [-11545245.3687, 5224523.029100001], [-11545243.8323, 5224520.568300001], [-11545242.2108, 5224518.163199998], [-11545240.5065, 5224515.816600002], [-11545204.3326, 5224466.190200001], [-11545169.7005, 5224415.468199998], [-11545136.6435, 5224363.698899999], [-11545105.1927, 5224310.931199998], [-11545075.3785, 5224257.2157000005], [-11545047.2284, 5224202.603399999], [-11545020.77, 5224147.145999998], [-11545019.8378, 5224145.201700002], [-11545018.8388, 5224143.291100003], [-11545017.7746, 5224141.4164], [-11545016.6462, 5224139.579700001], [-11545015.4548, 5224137.783799998], [-11545014.2021, 5224136.030199997], [-11545012.8897, 5224134.321199998], [-11545011.5189, 5224132.659100004], [-11545010.0913, 5224131.045599997], [-11545008.6091, 5224129.482900001], [-11545007.0736, 5224127.9727], [-11545005.4868, 5224126.516999997], [-11545003.8508, 5224125.117299996], [-11545002.1673, 5224123.775399998], [-11545000.4384, 5224122.493000001], [-11544998.6663, 5224121.271600001], [-11544991.049, 5224116.037199996], [-11544983.6024, 5224110.5612], [-11544976.3337, 5224104.849600002], [-11544969.2502, 5224098.908], [-11544962.3596, 5224092.742600001], [-11544955.6687, 5224086.359300002], [-11544949.184, 5224079.765100002], [-11544942.9124, 5224072.966200002], [-11544536.3046, 5223617.793399997], [-11544534.8755, 5223616.2469], [-11544533.3946, 5223614.750100002], [-11544531.8643, 5223613.3046], [-11544530.2859, 5223611.911799997], [-11544528.6613, 5223610.573700003], [-11544526.9925, 5223609.291699998], [-11544525.2813, 5223608.067199998], [-11544523.5298, 5223606.901600003], [-11544521.7399, 5223605.796499997], [-11544519.9135, 5223604.752800003], [-11544518.0531, 5223603.771899998], [-11544516.1603, 5223602.854999997], [-11544514.238, 5223602.002899997], [-11544512.2878, 5223601.216799997], [-11544510.3122, 5223600.497599997], [-11544506.263, 5223599.024099998], [-11544502.2658, 5223597.4146], [-11544498.3245, 5223595.6712], [-11544494.4439, 5223593.795599997], [-11544490.6283, 5223591.790399998], [-11544486.8823, 5223589.657399997], [-11544483.2097, 5223587.399099998], [-11544479.6149, 5223585.017999999], [-11544476.102, 5223582.516900003], [-11544472.6748, 5223579.898599997], [-11544469.3375, 5223577.166299999], [-11544466.0935, 5223574.322700001], [-11544462.9466, 5223571.371200003], [-11544459.9003, 5223568.315099999], [-11544456.9584, 5223565.1581000015], [-11544454.1239, 5223561.903099999], [-11544451.3999, 5223558.554899998], [-11544443.4383, 5223548.059900001], [-11544435.839, 5223537.297600001], [-11544428.6111, 5223526.280599996], [-11544421.7629, 5223515.021899998], [-11544415.3025, 5223503.534699999], [-11544409.2376, 5223491.832400002], [-11544403.5751, 5223479.9287], [-11544398.3216, 5223467.8376], [-11544393.4834, 5223455.573100001], [-11544389.0662, 5223443.149599999], [-11544385.0748, 5223430.581900001], [-11544381.5144, 5223417.884199999], [-11544378.3888, 5223405.071999997], [-11544375.7018, 5223392.159999996], [-11544373.4566, 5223379.163400002], [-11544371.6556, 5223366.097000003], [-11544369.3459, 5223349.1686], [-11544366.5068, 5223332.321900003], [-11544363.1411, 5223315.572999999], [-11544359.2519, 5223298.938900001], [-11544354.8433, 5223282.435599998], [-11544349.9195, 5223266.0798999965], [-11544344.4856, 5223249.887599997], [-11544329.5405, 5223251.406000003], [-11544314.5516, 5223252.398599997], [-11544299.5372, 5223252.864799999], [-11544284.516, 5223252.8037], [-11544269.506, 5223252.215400003], [-11544254.5256, 5223251.1005000025], [-11544239.5933, 5223249.4608], [-11544224.7273, 5223247.297700003], [-11544209.9456, 5223244.614399999], [-11544195.2665, 5223241.413800001], [-11544180.708, 5223237.699900001], [-11544166.2875, 5223233.477300003], [-11544152.0234, 5223228.751400001], [-11544137.9323, 5223223.527599998], [-11544124.0321, 5223217.812399998], [-11544110.3393, 5223211.612899996], [-11544096.8711, 5223204.936499998], [-11544083.6437, 5223197.791599996], [-11544070.6734, 5223190.186899997], [-11544057.9757, 5223182.131300002], [-11544045.5667, 5223173.635399997], [-11544033.4613, 5223164.708899997], [-11544021.6742, 5223155.3631], [-11544010.2201, 5223145.609399997], [-11543999.1128, 5223135.459700003], [-11543995.9772, 5223132.5874999985], [-11543992.7501, 5223129.819600001], [-11543989.4346, 5223127.159000002], [-11543986.0346, 5223124.608400002], [-11543982.5533, 5223122.170299999], [-11543978.9948, 5223119.8477], [-11543975.3625, 5223117.6428999975], [-11543971.6606, 5223115.5581], [-11543967.8929, 5223113.5955], [-11543903.516, 5223081.390600003], [-11543898.2106, 5223078.619599998], [-11543893.0048, 5223075.664499998], [-11543887.905, 5223072.528800003], [-11543882.9172, 5223069.216499999], [-11543878.0477, 5223065.731600001], [-11543873.3022, 5223062.078199998], [-11543868.6866, 5223058.260799997], [-11543864.2065, 5223054.2842999995], [-11543859.8675, 5223050.1532000005], [-11543855.6745, 5223045.872599997], [-11543852.7586, 5223042.891900003], [-11543849.7446, 5223040.011100002], [-11543846.6357, 5223037.233800001], [-11543843.4357, 5223034.562600002], [-11543840.1483, 5223032.000799999], [-11543836.7768, 5223029.551100001], [-11543833.3254, 5223027.216799997], [-11543829.7975, 5223025.000200003], [-11543826.1978, 5223022.903499998], [-11543822.5298, 5223020.929499999], [-11543816.0619, 5223017.448799998], [-11543809.7139, 5223013.752700001], [-11543803.4931, 5223009.844800003], [-11543797.4061, 5223005.729800001], [-11543791.4601, 5223001.4125000015], [-11543785.6617, 5222996.8972999975], [-11543780.0172, 5222992.1897], [-11543774.5334, 5222987.294799998], [-11543769.216, 5222982.218000002], [-11543764.071, 5222976.965099998], [-11543759.1046, 5222971.5424000025], [-11543754.322, 5222965.9553999975], [-11543749.7289, 5222960.2108], [-11543745.3303, 5222954.314499997], [-11543741.1308, 5222948.2739999965], [-11543740.2025, 5222946.939300001], [-11543739.2293, 5222945.637500003], [-11543738.2125, 5222944.369800001], [-11543737.1533, 5222943.137699999], [-11543736.0527, 5222941.942299999], [-11543734.912, 5222940.785700001], [-11543733.7327, 5222939.668899998], [-11543732.5161, 5222938.592699997], [-11543731.2635, 5222937.559100002], [-11543729.9765, 5222936.568999998], [-11543728.6566, 5222935.623400003], [-11543727.3054, 5222934.7238000035], [-11543725.9244, 5222933.870800003], [-11543724.5152, 5222933.065800004], [-11543723.0793, 5222932.309699997], [-11543721.6186, 5222931.603], [-11543720.1346, 5222930.946699999], [-11543718.6294, 5222930.341799997], [-11543717.1042, 5222929.788699999], [-11543715.5612, 5222929.2883], [-11543714.0022, 5222928.840899996], [-11543712.4288, 5222928.447400004], [-11543710.8428, 5222928.107900001], [-11543709.2465, 5222927.822899997], [-11543707.6413, 5222927.593000002], [-11543706.029, 5222927.417800002], [-11543704.4118, 5222927.298199996], [-11543702.7914, 5222927.234300002], [-11543681.4528, 5222926.755599998], [-11543682.3171, 5222978.033500001], [-11543139.6337, 5222970.446500003], [-11542868.2922, 5222966.6413], [-11542863.704, 5222423.812799998], [-11543133.5152, 5222427.005400002], [-11543673.1375, 5222433.367299996], [-11543680.0548, 5222843.804399997], [-11543704.6363, 5222844.355599999], [-11543709.0744, 5222844.531400003], [-11543713.5039, 5222844.858900003], [-11543717.9196, 5222845.338100001], [-11543722.3165, 5222845.9683], [-11543726.6895, 5222846.7487], [-11543731.0334, 5222847.678499997], [-11543735.343, 5222848.7566], [-11543739.6136, 5222849.981799997], [-11543743.8399, 5222851.352600001], [-11543748.0173, 5222852.867299996], [-11543752.1406, 5222854.524300002], [-11543756.205, 5222856.321699999], [-11543760.206, 5222858.257200003], [-11543764.1389, 5222860.328699999], [-11543767.999, 5222862.533699997], [-11543771.782, 5222864.869800001], [-11543775.4833, 5222867.333999999], [-11543779.0986, 5222869.923699997], [-11543782.6235, 5222872.635799997], [-11543786.0544, 5222875.4668999985], [-11543789.3869, 5222878.414099999], [-11543792.6171, 5222881.473499998], [-11543795.7414, 5222884.641999997], [-11543798.7563, 5222887.915799998], [-11543801.6578, 5222891.290899999], [-11543804.4431, 5222894.763300002], [-11543807.1086, 5222898.329400003], [-11543809.6513, 5222901.984200001], [-11543812.2658, 5222905.7456], [-11543815.0047, 5222909.4168], [-11543817.8646, 5222912.993500002], [-11543820.8424, 5222916.472199999], [-11543823.935, 5222919.848700002], [-11543827.1382, 5222923.119099997], [-11543830.4492, 5222926.280000001], [-11543833.8636, 5222929.327799998], [-11543837.3779, 5222932.259000003], [-11543840.9884, 5222935.070200004], [-11543844.6904, 5222937.758400001], [-11543848.4805, 5222940.320600003], [-11543852.3539, 5222942.753600001], [-11543856.3063, 5222945.054899998], [-11543860.3335, 5222947.222199999], [-11543866.4469, 5222950.512400001], [-11543872.4467, 5222954.0066], [-11543878.3264, 5222957.701300003], [-11543884.0789, 5222961.592], [-11543889.698, 5222965.674500003], [-11543895.1774, 5222969.9441], [-11543900.5108, 5222974.3961], [-11543905.6922, 5222979.025399998], [-11543910.7157, 5222983.826700002], [-11543915.5758, 5222988.794699997], [-11543917.748, 5222991.0123], [-11543919.996, 5222993.152599998], [-11543922.317, 5222995.212700002], [-11543924.7081, 5222997.190399997], [-11543927.1668, 5222999.082800001], [-11543929.6897, 5223000.888499998], [-11543932.2736, 5223002.604500003], [-11543934.9158, 5223004.229000002], [-11543937.6128, 5223005.759999998], [-11543940.3613, 5223007.195500001], [-11544004.7376, 5223039.399700001], [-11544010.8974, 5223042.608099997], [-11544016.9497, 5223046.016599998], [-11544022.888, 5223049.621200003], [-11544028.7059, 5223053.4186], [-11544034.3971, 5223057.404200003], [-11544039.9562, 5223061.574100003], [-11544045.3765, 5223065.924099997], [-11544050.6525, 5223070.448899999], [-11544055.7787, 5223075.144299999], [-11544064.5553, 5223083.170400001], [-11544073.6003, 5223090.890100002], [-11544082.9034, 5223098.294799998], [-11544092.4535, 5223105.375399999], [-11544102.2393, 5223112.123899996], [-11544112.2496, 5223118.532499999], [-11544122.4726, 5223124.5933], [-11544132.896, 5223130.299699999], [-11544143.5081, 5223135.644500002], [-11544154.2962, 5223140.6219], [-11544165.2477, 5223145.225599997], [-11544176.3497, 5223149.450599998], [-11544187.5894, 5223153.291699998], [-11544198.9532, 5223156.744599998], [-11544210.4285, 5223159.805100001], [-11544222.001, 5223162.469499998], [-11544233.6579, 5223164.734999999], [-11544245.385, 5223166.598899998], [-11544257.169, 5223168.058700003], [-11544268.9957, 5223169.112999998], [-11544280.8514, 5223169.760399997], [-11544292.7224, 5223170.000200003], [-11544304.5946, 5223169.832199998], [-11544316.454, 5223169.256399997], [-11544328.2869, 5223168.273699999], [-11544340.0793, 5223166.885200001], [-11544342.6388, 5223166.584100001], [-11544345.2071, 5223166.372599997], [-11544347.7812, 5223166.250299998], [-11544350.3579, 5223166.217600003], [-11544352.9342, 5223166.274700001], [-11544355.5071, 5223166.421099998], [-11544358.0732, 5223166.657200001], [-11544360.6297, 5223166.982500002], [-11544363.1734, 5223167.396200001], [-11544365.7014, 5223167.898500003], [-11544368.2105, 5223168.488200001], [-11544370.6976, 5223169.164999999], [-11544373.1599, 5223169.927599996], [-11544375.5945, 5223170.775600001], [-11544377.9983, 5223171.707900003], [-11544380.3684, 5223172.723099999], [-11544382.702, 5223173.820299998], [-11544384.9964, 5223174.9978], [-11544387.2485, 5223176.254500002], [-11544389.4562, 5223177.5889], [-11544391.6162, 5223178.999300003], [-11544393.7264, 5223180.483900003], [-11544395.7841, 5223182.041000001], [-11544397.7867, 5223183.668799996], [-11544399.7319, 5223185.365199998], [-11544401.6173, 5223187.128300004], [-11544403.4407, 5223188.955899999], [-11544405.1999, 5223190.845899999], [-11544406.8927, 5223192.795999996], [-11544408.5173, 5223194.803599998], [-11544410.0716, 5223196.866899997], [-11544411.5537, 5223198.982799999], [-11544412.9617, 5223201.148900002], [-11544414.294, 5223203.362800002], [-11544415.5493, 5223205.6215], [-11544416.7257, 5223207.922799997], [-11544417.822, 5223210.263499998], [-11544418.8367, 5223212.641000003], [-11544419.7686, 5223215.052500002], [-11544426.5977, 5223234.668300003], [-11544432.7743, 5223254.500799999], [-11544438.2918, 5223274.528099999], [-11544443.1437, 5223294.728299998], [-11544447.3251, 5223315.0792], [-11544450.831, 5223335.5581], [-11544453.6578, 5223356.1426], [-11544455.0715, 5223366.3989999965], [-11544456.834, 5223376.600699998], [-11544458.9432, 5223386.7359], [-11544461.3968, 5223396.792499997], [-11544464.1916, 5223406.759599999], [-11544467.3246, 5223416.624600001], [-11544470.7919, 5223426.376199998], [-11544474.5897, 5223436.002999999], [-11544478.7134, 5223445.493799999], [-11544483.1582, 5223454.837399997], [-11544487.9189, 5223464.023199998], [-11544492.9901, 5223473.039800003], [-11544498.3655, 5223481.877300002], [-11544504.039, 5223490.524800003], [-11544510.0039, 5223498.9727], [-11544516.2535, 5223507.210500002], [-11544517.2201, 5223508.398699999], [-11544518.2259, 5223509.553499997], [-11544519.2697, 5223510.673900001], [-11544520.3506, 5223511.758199997], [-11544521.4673, 5223512.805399999], [-11544522.6184, 5223513.814400002], [-11544523.8026, 5223514.784000002], [-11544525.0187, 5223515.713100001], [-11544526.2653, 5223516.6005000025], [-11544527.5409, 5223517.445500001], [-11544528.844, 5223518.246799998], [-11544530.1731, 5223519.003700003], [-11544531.5271, 5223519.715400003], [-11544532.904, 5223520.3807], [-11544534.3024, 5223520.999300003], [-11544535.721, 5223521.5704], [-11544537.1576, 5223522.093099996], [-11544541.7675, 5223523.771499999], [-11544546.3179, 5223525.605700001], [-11544550.8038, 5223527.593800001], [-11544555.2199, 5223529.733599998], [-11544559.5608, 5223532.022200003], [-11544563.8223, 5223534.457400002], [-11544567.9991, 5223537.036399998], [-11544572.086, 5223539.755999997], [-11544576.0789, 5223542.6131], [-11544579.9728, 5223545.604500003], [-11544583.7635, 5223548.726800002], [-11544587.4462, 5223551.976400003], [-11544591.0174, 5223555.349299997], [-11544594.4724, 5223558.842], [-11544597.8073, 5223562.450300001], [-11545004.4159, 5224017.618199997], [-11545008.8956, 5224022.4745000005], [-11545013.5275, 5224027.184699997], [-11545018.3068, 5224031.744099997], [-11545023.2288, 5224036.148000002], [-11545028.2884, 5224040.392099999], [-11545033.4803, 5224044.471600004], [-11545038.7994, 5224048.3829], [-11545044.2401, 5224052.122000001], [-11545048.3752, 5224054.9717999995], [-11545052.4093, 5224057.964000002], [-11545056.3376, 5224061.0951000005], [-11545060.1552, 5224064.361000001], [-11545063.8577, 5224067.757799998], [-11545067.4404, 5224071.2817], [-11545070.8992, 5224074.928199999], [-11545074.23, 5224078.6928], [-11545077.4285, 5224082.571099997], [-11545080.491, 5224086.558499999], [-11545083.4138, 5224090.6499999985], [-11545086.1937, 5224094.840999998], [-11545088.8267, 5224099.1263], [-11545091.3103, 5224103.500699997], [-11545093.641, 5224107.958800003], [-11545095.8162, 5224112.4956], [-11545121.1725, 5224165.6428999975], [-11545148.15, 5224217.980700001], [-11545176.7228, 5224269.458899997], [-11545206.8634, 5224320.0286], [-11545238.5436, 5224369.641800001], [-11545271.733, 5224418.251199998], [-11545306.4003, 5224465.810500003], [-11545309.6083, 5224470.2179000005], [-11545312.6702, 5224474.728799999], [-11545315.5824, 5224479.338299997], [-11545318.3419, 5224484.041500002], [-11545320.9457, 5224488.833499998], [-11545323.3909, 5224493.708700001], [-11545325.675, 5224498.662199996], [-11545964.7988, 5224482.815099999], [-11546237.2481, 5224471.944600001], [-11546239.0095, 5224271.343199998], [-11546250.8361, 5222918.373999998], [-11546252.2336, 5222760.677599996], [-11546255.4444, 5222410.1514], [-11546554.9102, 5222387.694799997], [-11548148.404, 5222268.0427], [-11548139.358, 5223106.253700003], [-11551940.3686, 5223104.590499997], [-11552487.5124, 5223104.226899996], [-11553010.5019, 5223640.640100002], [-11554077.0967, 5223648.4048999995], [-11554130.522, 5223648.790600002]]]]}}]}