{"type": "FeatureCollection", "name": "New_York_park", "crs": {"type": "name", "properties": {"name": "urn:ogc:def:crs:EPSG::3857"}}, "features": [{"type": "Feature", "properties": {"OBJECTID": 19, "CreationDate": "2025-01-14T11:11:09Z", "Creator": "NPS_WASO_LANDS", "EditDate": "2025-01-14T11:11:09Z", "Editor": "NPS_WASO_LANDS", "GlobalID": "{23DEC464-A894-4925-B88D-10C799C87022}", "AreaID": 22, "UNIT_CODE": "SARA", "GIS_Notes": "Lands - http://landsnet.nps.gov/tractsnet/documents/SARA/Metadata/sara_metadata.xml", "UNIT_NAME": "Saratoga National Historical Park", "DATE_EDIT": "2024-12-16T00:00:00Z", "STATE": "NY", "REGION": "NE", "GNIS_ID": "964487", "UNIT_TYPE": "National Historical Park", "CREATED_BY": "Lands", "METADATA": "https://irma.nps.gov/DataStore/Reference/Profile/2215979", "PARKNAME": "Saratoga", "SHAPE_Length": 40716.71800648226, "SHAPE_Area": 27128558.904388}, "geometry": {"type": "MultiPolygon", "coordinates": [[[[-8192288.0077, 5327008.007399999], [-8192336.7206999995, 5326762.134599999], [-8192420.1757, 5326780.631399997], [-8192387.342599999, 5326943.412799999], [-8192380.3269, 5326978.195500001], [-8192526.669399999, 5327008.695799999], [-8192531.4112, 5327055.220200002], [-8192370.978, 5327024.5449], [-8192352.0463, 5327021.375699997], [-8192339.9464, 5327019.367799997], [-8192322.4801, 5327015.803900003], [-8192288.0077, 5327008.007399999]]], [[[-8191329.5583999995, 5325174.743600003], [-8191330.910800001, 5325132.371699996], [-8191305.612500001, 5325132.848899998], [-8191303.0989, 5325098.2294000015], [-8191289.279200001, 5325098.490199998], [-8191275.6415, 5324974.409000002], [-8191273.3506000005, 5324890.533], [-8191252.427300001, 5324800.559199996], [-8191373.3018, 5324821.723700002], [-8191393.197899999, 5324690.326899998], [-8191463.8585, 5324693.978500001], [-8191547.5096, 5324700.734399997], [-8191588.103700001, 5324702.163400002], [-8191647.0481, 5324707.850699998], [-8191679.4682, 5324706.612000003], [-8191637.6943, 5325014.452399999], [-8191446.1357, 5325005.556100003], [-8191437.174699999, 5325258.830499999], [-8191397.304199999, 5325257.961300001], [-8191367.526799999, 5325256.712300003], [-8191325.6423, 5325256.1426], [-8191296.474099999, 5325255.383699998], [-8191295.807600001, 5325225.2271], [-8191292.935900001, 5325175.434699997], [-8191329.5583999995, 5325174.743600003]]], [[[-8192024.9935, 5326061.0515], [-8192198.3594, 5325753.396300003], [-8192243.6449, 5325777.813500002], [-8192249.7651, 5325764.596299998], [-8192444.6336, 5325874.261600003], [-8192491.2827, 5325784.942299999], [-8192511.7257, 5325797.126599997], [-8192158.907199999, 5326435.027000003], [-8192069.8905, 5326407.940200001], [-8192007.0418, 5326387.8967999965], [-8192068.979900001, 5326168.568300001], [-8191978.9526, 5326118.837399997], [-8191990.3796, 5326106.558200002], [-8192024.9935, 5326061.0515]]], [[[-8191878.543199999, 5325533.356700003], [-8191896.2404, 5325523.8684], [-8191896.7053, 5325524.485600002], [-8191723.540100001, 5325821.357000001], [-8191572.3618, 5325999.964299999], [-8191352.4717, 5326289.673199996], [-8191314.410499999, 5326280.120099999], [-8191293.6828000005, 5326274.939999998], [-8191292.943499999, 5326258.610399999], [-8191270.8716, 5326094.445200004], [-8191253.1304, 5325860.452399999], [-8191284.0024999995, 5325803.451899998], [-8191307.5502, 5325786.184799999], [-8191327.3529, 5325780.774700001], [-8191351.657, 5325770.611900002], [-8191410.5678, 5325742.827200003], [-8191496.730900001, 5325702.9179000035], [-8191626.384500001, 5325644.676399998], [-8191761.0176, 5325584.878399998], [-8191845.854900001, 5325548.7766999975], [-8191878.543199999, 5325533.356700003]]], [[[-8190621.196900001, 5326793.228399999], [-8190617.176000001, 5326791.4043999985], [-8190562.466700001, 5326766.585900001], [-8190527.716600001, 5326750.821400002], [-8190527.7016, 5326750.674800001], [-8190522.353399999, 5326698.008599997], [-8190527.008300001, 5326654.0375000015], [-8190544.669399999, 5326583.8992], [-8190559.369000001, 5326531.6558], [-8190575.842599999, 5326496.042000003], [-8190612.213300001, 5326411.067500003], [-8190631.7501, 5326363.8411], [-8190658.049000001, 5326328.895199999], [-8190676.395300001, 5326294.5704], [-8190708.107100001, 5326234.456299998], [-8190729.966600001, 5326191.220899999], [-8190750.1417, 5326145.611599997], [-8190772.9934, 5326101.9947], [-8190774.445800001, 5326099.084600002], [-8190778.368000001, 5326075.943899997], [-8190790.985300001, 5326051.045199998], [-8190815.4846, 5326028.3521], [-8190858.875399999, 5326028.9619999975], [-8190871.1548, 5325972.347599998], [-8190872.081499999, 5325917.434799999], [-8190873.870999999, 5325811.397], [-8191185.0525, 5325840.0973000005], [-8191222.520300001, 5325552.112499997], [-8191270.9399, 5325346.435000002], [-8191270.605599999, 5325280.278099999], [-8191266.664899999, 5325201.380999997], [-8191278.992900001, 5325199.965999998], [-8191288.284600001, 5325333.1049000025], [-8191224.613600001, 5325741.4899], [-8191235.4177, 5325847.192500003], [-8191234.8607, 5325851.2951000035], [-8191228.457599999, 5325898.781099997], [-8191235.5636, 5326075.133599997], [-8191245.130999999, 5326179.4728000015], [-8191245.542300001, 5326186.134000003], [-8191249.5798, 5326251.525899999], [-8191249.9617, 5326271.908200003], [-8191250.573999999, 5326304.5792], [-8191249.9364, 5326342.451700002], [-8191248.182600001, 5326363.490800001], [-8191245.2062, 5326399.196900003], [-8191234.6877, 5326463.420900002], [-8191216.526000001, 5326533.1985], [-8191253.2116, 5326596.329700001], [-8191219.0879999995, 5326605.222099997], [-8191186.978499999, 5326606.571800001], [-8191158.8346, 5326596.623199999], [-8191136.1917, 5326596.239200003], [-8191115.3081, 5326603.461599998], [-8191103.3803, 5326639.249600001], [-8191091.612, 5326665.568899997], [-8191072.6152, 5326672.823600002], [-8191049.8445, 5326680.013899997], [-8191045.815199999, 5326695.099399999], [-8191036.1570999995, 5326708.195100002], [-8191024.8036, 5326709.896600001], [-8191011.6271, 5326707.778499998], [-8191001.936899999, 5326722.7678999975], [-8190992.4704, 5326724.501400001], [-8190977.502699999, 5326716.670199998], [-8190964.3901, 5326710.764799997], [-8190958.6335, 5326716.349799998], [-8190958.4738, 5326725.818300001], [-8190963.9428, 5326737.276500002], [-8190982.748299999, 5326741.384599999], [-8190997.843800001, 5326741.640900001], [-8190999.6668, 5326745.4604], [-8190997.6841, 5326751.109499998], [-8190982.492900001, 5326756.534199998], [-8190971.075300001, 5326762.023000002], [-8190961.481000001, 5326771.3314], [-8190955.5966, 5326784.491099998], [-8190953.486099999, 5326797.7151999995], [-8190945.9702, 5326795.6932], [-8190932.761600001, 5326795.468800001], [-8190925.15, 5326799.127899997], [-8190909.830700001, 5326812.127499998], [-8190903.523499999, 5326816.006499998], [-8190897.041200001, 5326819.9934], [-8190891.196, 5326819.975400001], [-8190851.321699999, 5326819.853], [-8190844.5045, 5326819.300999999], [-8190776.5777, 5326811.370700002], [-8190717.5404, 5326804.477799997], [-8190621.196900001, 5326793.228399999]]], [[[-8198642.1665, 5314207.613700002], [-8198480.225, 5314205.143299997], [-8198457.767899999, 5314222.034199998], [-8198220.877599999, 5314218.698600002], [-8198220.991800001, 5314205.893700004], [-8198219.7366, 5314190.740900002], [-8198218.9914, 5314170.4755000025], [-8198219.1565000005, 5314150.2173999995], [-8198220.2283, 5314130.436700001], [-8198226.8331, 5314054.152900003], [-8198238.2903, 5313941.046499997], [-8198121.6666, 5313900.5119], [-8198119.5392, 5313899.820200004], [-8197836.544500001, 5313807.785899997], [-8197808.304500001, 5313800.243500002], [-8197784.4221, 5313794.251000002], [-8197716.3291, 5313780.583999999], [-8197517.1853, 5313735.288699999], [-8196845.900900001, 5313585.7097999975], [-8196152.8992, 5313432.195299998], [-8195754.419, 5313342.5348000005], [-8195753.181500001, 5313342.256200001], [-8195498.3127, 5313284.8576000035], [-8195449.3748, 5313273.762599997], [-8195341.749500001, 5313248.181100003], [-8195284.767000001, 5313236.846600004], [-8195288.1927000005, 5313210.1611], [-8195189.138900001, 5313205.636], [-8194711.5254999995, 5313187.682300001], [-8194711.108999999, 5313190.790299997], [-8194710.416200001, 5313195.9604], [-8194659.4583, 5313530.284999996], [-8194620.839199999, 5313780.427100003], [-8194589.0821, 5313999.103100002], [-8194409.8783, 5313991.490099996], [-8194242.5582, 5313989.520199999], [-8194241.4662999995, 5314161.872199997], [-8193821.7173999995, 5314149.853699997], [-8193474.387499999, 5314142.410899997], [-8193130.5919, 5314135.030500002], [-8193136.4508, 5314124.2095], [-8193139.8605, 5314117.912100002], [-8193137.9438000005, 5314113.323200002], [-8193117.0515, 5314063.304099999], [-8193119.8923, 5314056.287900001], [-8193196.3344, 5313867.498499997], [-8193231.533399999, 5313741.762199998], [-8193228.32, 5313740.750600003], [-8193156.3013, 5313718.081], [-8193103.463400001, 5313672.736100003], [-8193107.232100001, 5313666.622500002], [-8193111.6436, 5313659.4706000015], [-8193118.3125, 5313648.654600002], [-8193122.079399999, 5313642.545199998], [-8193173.589199999, 5313686.750299998], [-8193241.581499999, 5313708.151000001], [-8193270.0824, 5313606.339299999], [-8193309.7948, 5313572.191200003], [-8193330.3992, 5313552.799099997], [-8193370.4827, 5313544.493799999], [-8193419.8879, 5313523.0211], [-8193407.3324, 5313411.252999999], [-8193406.8278, 5313410.988499999], [-8193395.646299999, 5313405.125699997], [-8193396.221100001, 5313394.152999997], [-8193400.343599999, 5313315.454999998], [-8193408.9299, 5313272.9771], [-8193422.8748, 5313237.818000004], [-8193446.8703000005, 5313199.872199997], [-8193472.1581999995, 5313169.533299997], [-8193514.7322, 5313136.8662], [-8193454.628699999, 5313133.001800001], [-8193444.9233, 5313132.517499998], [-8193421.6351, 5313131.3552], [-8193379.8542, 5313129.269900002], [-8193101.433, 5313114.569899999], [-8193105.855, 5313106.948899999], [-8193122.591600001, 5313078.104099996], [-8193175.8192, 5312986.368799999], [-8193156.0427, 5312975.388700001], [-8193323.194499999, 5312845.3358], [-8193346.1654, 5312817.8662], [-8193390.1424, 5312767.503899999], [-8193418.6831, 5312733.556699999], [-8193431.706700001, 5312725.3693], [-8193442.373199999, 5312716.064900003], [-8193456.638699999, 5312699.639600001], [-8193477.9573, 5312685.677199997], [-8193488.6241999995, 5312676.320500001], [-8193504.0550999995, 5312663.455300003], [-8193528.966399999, 5312640.074699998], [-8193549.159499999, 5312614.723399997], [-8193563.4915, 5312596.730300002], [-8193583.7258, 5312569.759099998], [-8193592.041300001, 5312561.5825999975], [-8193601.5276999995, 5312553.364299998], [-8193607.446, 5312548.717200004], [-8193634.794600001, 5312517.109099999], [-8193659.7357, 5312490.178900003], [-8193704.916200001, 5312438.626400001], [-8193715.6028, 5312426.9208], [-8193720.411900001, 5312415.164099999], [-8193728.7579, 5312403.438100003], [-8193735.9132, 5312394.051100001], [-8193740.6916000005, 5312385.8440999985], [-8193747.8412, 5312374.107799999], [-8193753.8002, 5312364.7104], [-8193760.9047, 5312361.222000003], [-8193766.874, 5312350.623999998], [-8193791.9318, 5312313.097099997], [-8193800.2313, 5312303.7201000005], [-8193809.747400001, 5312292.004299998], [-8193816.922800001, 5312280.268200003], [-8193827.609099999, 5312268.562600002], [-8193833.6142, 5312256.816399999], [-8193844.320699999, 5312242.761799999], [-8193851.4804, 5312229.824900001], [-8193856.238299999, 5312223.967], [-8193862.2434, 5312212.221000001], [-8193869.3829, 5312201.633100003], [-8193880.1459, 5312184.029200003], [-8193895.610099999, 5312164.116700001], [-8193913.451199999, 5312143.0242], [-8193920.661499999, 5312124.188900001], [-8193927.9077, 5312104.205300003], [-8193937.515000001, 5312081.840999998], [-8193944.7555, 5312059.508299999], [-8193953.2225, 5312033.636500001], [-8193955.721100001, 5312018.310400002], [-8193962.9111, 5312001.824199997], [-8193967.7195, 5311990.067900002], [-8193974.955600001, 5311971.232900001], [-8193978.603800001, 5311958.318099998], [-8193981.0458, 5311946.541299999], [-8193985.8443, 5311935.933300003], [-8193993.0392, 5311921.8483000025], [-8193996.6008, 5311915.980300002], [-8194002.5955, 5311905.382700004], [-8194008.5436, 5311897.185999997], [-8194014.5119, 5311886.640500002], [-8194019.330700001, 5311873.683700003], [-8194024.118799999, 5311864.2764], [-8194032.5855, 5311838.404799998], [-8194041.0318, 5311814.882299997], [-8194045.850500001, 5311801.925399996], [-8194048.2721, 5311792.497699998], [-8194051.9101, 5311780.731299996], [-8194055.6697, 5311754.819399998], [-8194064.316, 5311665.168399997], [-8194064.7546, 5311656.967], [-8194136.284399999, 5311306.509900004], [-8194136.890799999, 5311273.6633], [-8194340.4158, 5311304.295500003], [-8194405.880799999, 5311208.772200003], [-8194484.732000001, 5311263.201200001], [-8194439.620200001, 5311352.161700003], [-8194488.8664, 5311356.239], [-8194540.7743, 5311237.199100003], [-8194594.214500001, 5311112.114500001], [-8194637.6445, 5311019.780599996], [-8194657.3113, 5310976.277800001], [-8194673.0868, 5310950.117399998], [-8194720.552300001, 5310843.816399999], [-8194774.8104, 5310720.533399999], [-8194828.1711, 5310600.871200003], [-8194876.455600001, 5310523.369400002], [-8194931.362199999, 5310414.470799997], [-8194987.997099999, 5310317.148199998], [-8195042.9976, 5310212.5022], [-8195083.9076000005, 5310147.7673999965], [-8195125.1798, 5310084.6602], [-8195166.8026, 5310015.492799997], [-8195209.2475000005, 5309953.831600003], [-8195258.058499999, 5309871.086300001], [-8195298.915999999, 5309793.7053999975], [-8195319.0408, 5309761.880500004], [-8195289.9672, 5309755.200300001], [-8195051.646500001, 5309700.439199999], [-8194859.898800001, 5309663.8895], [-8194686.6709, 5309866.975299999], [-8194490.737600001, 5310108.334399998], [-8194373.865800001, 5310060.813000001], [-8194288.8583, 5310033.425800003], [-8194241.2985, 5310024.820299998], [-8194194.325300001, 5310014.150200002], [-8194205.542300001, 5309767.369099997], [-8194208.1653, 5309710.3838], [-8194211.183599999, 5309678.090099998], [-8194170.4914, 5309644.502300002], [-8194211.5823, 5309450.710100003], [-8194289.730799999, 5309461.3609], [-8194383.7052, 5309277.952], [-8194471.4114, 5309336.828000002], [-8194499.148800001, 5309323.763599999], [-8194653.716399999, 5309211.2973000035], [-8194579.5293000005, 5309073.303000003], [-8194588.2665, 5309070.486500002], [-8194604.6296999995, 5309044.596299998], [-8194626.238700001, 5309037.215899996], [-8194657.327199999, 5309029.6919], [-8194699.963300001, 5308987.8213], [-8194782.0286, 5308939.4723000005], [-8194894.975400001, 5308855.7883], [-8194989.3014, 5308790.424500003], [-8195033.842, 5308746.324199997], [-8195069.8619, 5308710.659900002], [-8195091.305600001, 5308695.917800002], [-8195099.133400001, 5308689.513599999], [-8195104.3453, 5308685.017999999], [-8195113.446900001, 5308678.624600001], [-8195120.5824, 5308674.145400003], [-8195127.743899999, 5308669.666199997], [-8195137.5012, 5308662.6000000015], [-8195149.820599999, 5308656.9125000015], [-8195160.888699999, 5308648.5528], [-8195175.1855999995, 5308639.594400004], [-8195205.719699999, 5308619.763300002], [-8195221.321599999, 5308610.189900003], [-8195233.6413, 5308604.450000003], [-8195239.502900001, 5308599.9597999975], [-8195247.3046, 5308593.555299997], [-8195258.989399999, 5308589.114699997], [-8195268.0635, 5308585.9564], [-8195275.2042, 5308580.8510000035], [-8195288.201099999, 5308571.881300002], [-8195303.802999999, 5308562.307700001], [-8195313.5547, 5308555.867600001], [-8195327.173599999, 5308550.191], [-8195339.4932, 5308544.450999998], [-8195349.8837, 5308539.320900001], [-8195358.340600001, 5308532.295699999], [-8195365.5019000005, 5308527.816500001], [-8195371.358100001, 5308523.952500001], [-8195377.209799999, 5308517.531400003], [-8195382.4266, 5308512.409500003], [-8195388.266100001, 5308510.5282000005], [-8195395.411, 5308507.979699999], [-8195402.5353, 5308504.804799996], [-8195414.843800001, 5308500.3693], [-8195429.790100001, 5308491.416199997], [-8195440.824899999, 5308486.969899997], [-8195450.5649, 5308481.886299998], [-8195457.700200001, 5308477.406999998], [-8195466.146199999, 5308471.634000003], [-8195471.3577, 5308467.138300002], [-8195477.2302, 5308461.3434000015], [-8195500.4472, 5308445.607900001], [-8195556.7773, 5308417.002999999], [-8195618.4509, 5308395.245300002], [-8195688.2511, 5308345.947899997], [-8195754.0437, 5308295.890100002], [-8195766.623400001, 5308290.4125000015], [-8195783.2106, 5308291.629799999], [-8195815.828600001, 5308285.391599998], [-8195846.8881, 5308267.590000004], [-8195868.484999999, 5308254.504900001], [-8195883.513699999, 5308227.2700999975], [-8195956.765000001, 5308192.884300001], [-8196035.6938000005, 5308169.6054000035], [-8196066.5307, 5308158.802900001], [-8196090.687999999, 5308135.067599997], [-8196114.733999999, 5308111.332500003], [-8196145.2368, 5308101.8992], [-8196176.853, 5308099.6171], [-8196211.4747, 5308102.203599997], [-8196273.4824, 5308073.599799998], [-8196305.2335, 5308069.134300001], [-8196326.130899999, 5308044.680100001], [-8196333.2546, 5308041.504699998], [-8196341.043099999, 5308039.639399998], [-8196350.7666, 5308036.433399998], [-8196357.906300001, 5308031.327299997], [-8196368.301000001, 5308025.570200004], [-8196374.150699999, 5308022.384099998], [-8196380.618899999, 5308019.881499998], [-8196385.835200001, 5308014.707000002], [-8196391.0461, 5308010.211000003], [-8196398.2117, 5308005.1052], [-8196403.396500001, 5308000.6087], [-8196410.5517, 5307996.755199999], [-8196418.3412, 5307991.6545], [-8196428.741, 5307985.271399997], [-8196437.180299999, 5307980.176100001], [-8196446.2861, 5307973.103699997], [-8196457.341399999, 5307966.047399998], [-8196469.025699999, 5307958.370300002], [-8196478.157, 5307951.350299999], [-8196489.846999999, 5307942.994800001], [-8196500.907500001, 5307935.3125], [-8196509.352399999, 5307929.538900003], [-8196517.368100001, 5307919.8781], [-8196517.853499999, 5307919.293099999], [-8196584.380100001, 5307942.729699999], [-8196616.5669, 5307954.068499997], [-8196665.3912, 5307971.268200003], [-8196682.4848, 5307977.289800003], [-8196760.5825, 5308004.537100002], [-8196820.7722, 5308025.546899997], [-8196823.0725, 5308039.707199998], [-8196825.2852, 5308051.884000003], [-8196827.1318, 5308061.187799998], [-8196829.9615, 5308074.204599999], [-8196832.4975000005, 5308085.027500004], [-8196835.7453000005, 5308097.7870000005], [-8196839.2786, 5308110.600900002], [-8196842.6676, 5308122.004900001], [-8196845.7316, 5308131.8407000005], [-8196849.232000001, 5308142.358499996], [-8196852.2532, 5308151.098200001], [-8196856.524, 5308162.770400003], [-8196859.4507, 5308170.361299999], [-8196863.7042, 5308180.989799999], [-8196866.052300001, 5308186.532499999], [-8196889.073999999, 5308165.703199998], [-8196981.1952, 5308082.352899998], [-8196991.848999999, 5308072.713500001], [-8197027.788899999, 5308081.4362], [-8197105.934699999, 5308100.402000003], [-8197177.237199999, 5308116.9619999975], [-8197617.972100001, 5308226.593999997], [-8197945.8452, 5308306.526299998], [-8198471.6832, 5308436.0233], [-8198599.637800001, 5308468.899400003], [-8198726.607000001, 5308501.5572], [-8198894.089, 5308539.813100003], [-8198876.9134, 5308567.644400001], [-8198866.2632, 5308592.293399997], [-8198859.254799999, 5308616.659000002], [-8198855.842499999, 5308636.774700001], [-8198817.6994, 5308913.883900002], [-8198812.966600001, 5308949.384599999], [-8198811.140000001, 5308975.932899997], [-8198811.0167, 5309013.7151999995], [-8198812.6545, 5309049.111299999], [-8198813.5583999995, 5309098.122699998], [-8198813.3616, 5309122.492600001], [-8198812.165200001, 5309157.918300003], [-8198808.3463, 5309189.722000003], [-8198799.2787999995, 5309230.720299996], [-8198768.9772, 5309380.046499997], [-8198750.906199999, 5309431.566699997], [-8198723.928300001, 5309475.238499999], [-8198709.5427, 5309492.187600002], [-8198689.896199999, 5309513.425300002], [-8198616.2585, 5309600.504699998], [-8198593.2837000005, 5309623.671800002], [-8198703.527799999, 5309666.714599997], [-8198840.8178, 5309720.961599998], [-8198964.9902, 5309764.088100001], [-8199185.905300001, 5309840.8248], [-8199072.094900001, 5310215.377099998], [-8198963.720799999, 5310562.845399998], [-8198949.2381, 5310604.5886999965], [-8198917.382999999, 5310714.150799997], [-8198725.2717, 5310671.562700003], [-8198773.911699999, 5311084.734899998], [-8198951.853399999, 5311121.571500003], [-8199045.0155, 5311142.736699998], [-8198989.1789, 5311233.423500001], [-8198916.3741, 5311331.959700003], [-8198892.3543, 5311394.781499997], [-8198816.0023, 5311386.358599998], [-8198809.2107, 5311385.609300002], [-8198812.910599999, 5311417.144699998], [-8198829.9474, 5311555.145199999], [-8198834.0513, 5311594.381700002], [-8198841.6786, 5311595.8276999965], [-8199077.983899999, 5311640.628200002], [-8199281.282500001, 5311678.866599999], [-8199415.665200001, 5311704.068800002], [-8199514.5436, 5311723.501900002], [-8199704.882099999, 5311760.0088], [-8199664.368899999, 5311843.885700002], [-8199579.7633, 5312016.6237], [-8199329.614499999, 5311988.348499998], [-8199273.7436999995, 5312484.257100001], [-8199262.4405000005, 5312512.043700002], [-8199253.467, 5312541.206600003], [-8199246.0583999995, 5312573.044699997], [-8199240.764900001, 5312603.855899997], [-8199236.807, 5312636.7663], [-8199234.7589, 5312658.572099999], [-8199209.656300001, 5312891.788400002], [-8199209.451400001, 5312893.7705999985], [-8199203.282, 5312953.446999997], [-8199202.5143, 5312964.8222], [-8199201.711200001, 5312974.108900003], [-8199201.001700001, 5312981.464599997], [-8199199.965, 5312990.697099999], [-8199198.275599999, 5313003.474299997], [-8199196.8455, 5313013.1215], [-8199194.741599999, 5313025.686800003], [-8199193.1646, 5313034.184], [-8199190.105900001, 5313049.038800001], [-8199187.8682, 5313058.836000003], [-8199185.232799999, 5313069.569700003], [-8199182.763900001, 5313078.999600001], [-8199179.578, 5313090.251000002], [-8199176.9581, 5313099.053099997], [-8199173.329399999, 5313110.405299999], [-8199170.264699999, 5313119.517200001], [-8199166.698899999, 5313129.512500003], [-8199164.0404, 5313136.643700004], [-8199158.9684, 5313149.550499998], [-8199156.525699999, 5313156.183200002], [-8199110.197699999, 5313281.977600001], [-8199035.233200001, 5313478.7788999975], [-8198961.486099999, 5313672.046800002], [-8198933.5351, 5313851.480700001], [-8198870.1302000005, 5314258.499899998], [-8198746.047499999, 5314256.4755000025], [-8198688.1559999995, 5314255.321800001], [-8198610.4004, 5314252.5933], [-8198642.1665, 5314207.613700002]]]]}}, {"type": "Feature", "properties": {"OBJECTID": 28, "CreationDate": "2025-01-14T11:11:11Z", "Creator": "NPS_WASO_LANDS", "EditDate": "2025-01-14T11:11:11Z", "Editor": "NPS_WASO_LANDS", "GlobalID": "{57641CAD-CB1F-49EB-ACA7-E1B5FAC72B93}", "AreaID": 2, "UNIT_CODE": "MAVA", "GIS_Notes": "Lands - http://landsnet.nps.gov/tractsnet/documents/MAVA/Metadata/mava_metadata.xml", "UNIT_NAME": "Martin Van Buren National Historic Site", "DATE_EDIT": "2012-07-18T00:00:00Z", "STATE": "NY", "REGION": "NE", "GNIS_ID": "1888943", "UNIT_TYPE": "National Historic Site", "CREATED_BY": "Lands", "METADATA": "https://irma.nps.gov/DataStore/Reference/Profile/2188828", "PARKNAME": "Martin Van Buren", "SHAPE_Length": 11384.970251198745, "SHAPE_Area": 2202209.614026049}, "geometry": {"type": "MultiPolygon", "coordinates": [[[[-8203649.197699999, 5216256.8653], [-8203658.097999999, 5216187.324100003], [-8203831.3235, 5216190.273100004], [-8204030.3061999995, 5216154.989600003], [-8204049.8456, 5216155.551299997], [-8204072.5561, 5216139.2667], [-8204094.7051, 5216122.220799997], [-8204116.267100001, 5216104.432700001], [-8204137.217599999, 5216085.9234], [-8204157.5327, 5216066.7139], [-8204177.1888999995, 5216046.825900003], [-8204196.163899999, 5216026.282300003], [-8204214.4362, 5216005.106700003], [-8204231.9845, 5215983.323200002], [-8204248.7893, 5215960.956699997], [-8204264.830800001, 5215938.032899998], [-8204280.091, 5215914.577799998], [-8204288.9659, 5215908.083300002], [-8204298.058599999, 5215901.900300004], [-8204307.3584, 5215896.035599999], [-8204316.854499999, 5215890.496699996], [-8204326.5353, 5215885.290100001], [-8204336.3893, 5215880.421700001], [-8204346.404999999, 5215875.897699997], [-8204356.5701, 5215871.7233000025], [-8204366.8727, 5215867.903399996], [-8204377.3007, 5215864.4428], [-8204387.8412, 5215861.344999999], [-8204398.482000001, 5215858.614399999], [-8204409.2104, 5215856.253899999], [-8204420.013599999, 5215854.2667], [-8204430.878699999, 5215852.6545], [-8204441.7926, 5215851.419799998], [-8204452.7425, 5215850.563699998], [-8204463.715399999, 5215850.0876], [-8204474.698100001, 5215849.991599999], [-8204485.6775, 5215850.2761999965], [-8204496.6406, 5215850.941], [-8204507.5743, 5215851.984899998], [-8204518.4657000005, 5215853.406999998], [-8204529.3016, 5215855.205600001], [-8204696.991800001, 5215812.036700003], [-8204714.2973, 5215879.258299999], [-8204765.001599999, 5216161.444499999], [-8204716.1283, 5216226.944200002], [-8204706.105900001, 5216243.488399997], [-8204649.8597, 5216316.489100002], [-8204441.9706, 5216538.858099997], [-8204246.4495, 5216734.013899997], [-8204224.4695999995, 5216712.704700001], [-8203649.197699999, 5216256.8653]]], [[[-8204758.07, 5216944.790399998], [-8204724.465299999, 5216927.786600001], [-8204689.574999999, 5216987.212899998], [-8204622.843800001, 5216950.629900001], [-8204576.4538, 5216895.836400002], [-8204542.853399999, 5216950.951899998], [-8204477.841399999, 5216881.804099999], [-8204380.259400001, 5216762.529799998], [-8204396.1579, 5216739.506800003], [-8204420.448000001, 5216703.971000001], [-8204432.488500001, 5216686.313199997], [-8204414.7838, 5216675.6514], [-8204407.297499999, 5216686.157899998], [-8204400.557700001, 5216698.988600001], [-8204384.1107, 5216721.758699998], [-8204318.2653, 5216807.066500001], [-8204258.5847, 5216742.214900002], [-8204329.9866, 5216671.319899999], [-8204359.331900001, 5216642.303000003], [-8204448.1723, 5216545.086300001], [-8204607.382300001, 5216395.879799999], [-8204682.992900001, 5216319.976400003], [-8204705.9847, 5216287.610200003], [-8204727.477399999, 5216255.884099998], [-8204767.3576, 5216197.015299998], [-8204910.7952, 5216056.246699996], [-8205084.3388, 5216165.444899999], [-8204947.1347, 5216321.812799998], [-8205084.307700001, 5216409.1127], [-8205180.795700001, 5216462.6494999975], [-8205197.4991999995, 5216471.916500002], [-8205256.5021, 5216253.711300001], [-8205239.9416000005, 5216243.927100003], [-8205217.0231, 5216230.386500001], [-8204922.8825, 5216036.637400001], [-8205044.9901, 5215925.472599998], [-8205114.1658, 5215862.6972], [-8205152.6336, 5215935.816699997], [-8205303.246300001, 5215855.9943], [-8205206.1336, 5215813.914499998], [-8205288.2433, 5215772.024400003], [-8205347.9947999995, 5215832.699600004], [-8205416.9177, 5215818.317000002], [-8205375.1141, 5215729.0722], [-8205414.1241999995, 5215715.178800002], [-8205474.243899999, 5215693.766800001], [-8205811.4494, 5215601.906900004], [-8205844.0561999995, 5215590.539399996], [-8205881.2413, 5215575.637000002], [-8205884.5747, 5215574.409400001], [-8205953.841, 5215515.125600003], [-8206189.9355999995, 5215755.4287], [-8206509.3462000005, 5216101.749600001], [-8206510.083799999, 5216104.212399997], [-8206510.735400001, 5216106.699600004], [-8206511.3003, 5216109.2080999985], [-8206511.7775, 5216111.7348000035], [-8206512.1667, 5216114.2766999975], [-8206512.4672, 5216116.830700003], [-8206512.679099999, 5216119.3935], [-8206512.8014, 5216121.962399997], [-8206512.8347, 5216124.534000002], [-8206512.7785, 5216127.104999997], [-8206512.632999999, 5216129.672600001], [-8206512.3982, 5216132.233499996], [-8206512.0748, 5216134.784500003], [-8206511.662799999, 5216137.322800003], [-8206511.163000001, 5216139.845299996], [-8206510.5758, 5216142.3486], [-8206509.902000001, 5216144.829800002], [-8206509.1424, 5216147.2858000025], [-8206508.297800001, 5216149.714000002], [-8206507.3694, 5216152.111000001], [-8206506.358200001, 5216154.473899998], [-8206505.2656, 5216156.800099999], [-8206504.0929000005, 5216159.0867], [-8206502.8412999995, 5216161.330799997], [-8206501.512499999, 5216163.529799998], [-8206500.108200001, 5216165.680699997], [-8206498.630100001, 5216167.781499997], [-8206497.0798, 5216169.828900002], [-8206495.4592, 5216171.821099997], [-8206493.770500001, 5216173.755199999], [-8206492.0155, 5216175.628899999], [-8206490.1965, 5216177.440399997], [-8206488.3158, 5216179.186800003], [-8206486.375399999, 5216180.866400003], [-8206484.3780000005, 5216182.4771], [-8206482.3256, 5216184.016900003], [-8206480.221000001, 5216185.483800001], [-8206478.0666000005, 5216186.8763], [-8206475.8654, 5216188.192400001], [-8206473.6195, 5216189.4309], [-8206471.3322, 5216190.5896999985], [-8206469.005999999, 5216191.667999998], [-8206466.6437, 5216192.663900003], [-8206411.1075, 5216245.965899996], [-8206405.1588, 5216291.673500001], [-8206403.139, 5216341.369499996], [-8206384.592499999, 5216372.597199999], [-8206344.2885, 5216386.878300004], [-8206266.3794, 5216405.522200003], [-8206204.0482, 5216427.622299999], [-8206176.771299999, 5216443.593099996], [-8206163.365900001, 5216426.1998], [-8206156.3014, 5216383.9234], [-8206070.0962000005, 5216608.137199998], [-8205726.4881, 5216612.9626], [-8205454.616900001, 5216616.104599997], [-8205479.658500001, 5216870.958400004], [-8205431.666099999, 5216873.421700001], [-8205140.2325, 5216888.374899998], [-8205151.2337, 5216930.3369999975], [-8205127.6864, 5216962.074199997], [-8205074.2469, 5217104.8367], [-8204758.07, 5216944.790399998]]]]}}, {"type": "Feature", "properties": {"OBJECTID": 37, "CreationDate": "2025-01-14T11:11:11Z", "Creator": "NPS_WASO_LANDS", "EditDate": "2025-01-14T11:11:11Z", "Editor": "NPS_WASO_LANDS", "GlobalID": "{E6E9D5D7-321F-4FF3-8F47-364CA22011B9}", "AreaID": 12, "UNIT_CODE": "ELRO", "GIS_Notes": "Lands - http://landsnet.nps.gov/tractsnet/documents/ELRO/Metadata/elro_metadata.xml", "UNIT_NAME": "Eleanor Roosevelt National Historic Site", "DATE_EDIT": "2011-04-22T00:00:00Z", "STATE": "NY", "REGION": "NE", "GNIS_ID": "1888914", "UNIT_TYPE": "National Historic Site", "CREATED_BY": "Lands", "METADATA": "https://irma.nps.gov/DataStore/Reference/Profile/2171829", "PARKNAME": "Eleanor Roosevelt", "SHAPE_Length": 5804.8503014197595, "SHAPE_Area": 1291438.3472818292}, "geometry": {"type": "MultiPolygon", "coordinates": [[[[-8226026.8029, 5125883.808899999], [-8225925.334799999, 5125877.5779], [-8225896.274900001, 5125877.314900003], [-8225851.445699999, 5125874.827399999], [-8225818.2356, 5125331.834899999], [-8225786.2369, 5125118.1027000025], [-8225780.3463, 5125080.696599998], [-8225780.5217, 5125067.203199998], [-8225776.4671, 5125025.151299998], [-8225768.737, 5124969.0869999975], [-8225764.705399999, 5124930.3961], [-8225762.675100001, 5124921.5273], [-8225762.1963, 5124888.489299998], [-8225747.707900001, 5124777.673699997], [-8225824.0594999995, 5124777.128700003], [-8225854.938200001, 5124773.986400001], [-8225850.2938, 5124739.816399999], [-8225847.5186, 5124696.586000003], [-8225847.357100001, 5124673.378600001], [-8225840.6094, 5124616.289899997], [-8225833.198899999, 5124575.698100001], [-8225829.6313000005, 5124545.952299997], [-8225824.429199999, 5124515.9014], [-8226234.9640999995, 5124528.045999996], [-8226249.443600001, 5124528.005400002], [-8226279.916200001, 5124530.462099999], [-8226295.4321, 5124530.824000001], [-8226307.7742, 5124574.428300001], [-8226318.635, 5124605.0798999965], [-8226335.055400001, 5124605.6477999985], [-8226415.956700001, 5125271.179499999], [-8226653.5649, 5125300.523900002], [-8226656.4563, 5125382.895900004], [-8226799.4629999995, 5125388.505800001], [-8226915.480900001, 5125394.2267], [-8226979.126700001, 5125399.115099996], [-8227149.6415, 5125409.9833], [-8227167.6579, 5125442.599799998], [-8227203.3432, 5125422.740000002], [-8227221.7567, 5125455.438600004], [-8227241.0063000005, 5125499.575400002], [-8227261.7991, 5125551.571400002], [-8227282.6581, 5125600.498400003], [-8227289.7204, 5125619.028300002], [-8227315.705700001, 5125678.443300001], [-8227340.2216, 5125737.7754999995], [-8227360.239800001, 5125787.463100001], [-8227363.692500001, 5125794.731299996], [-8227386.320599999, 5125853.175099999], [-8227400.5583999995, 5125899.5967999995], [-8227400.4603, 5125905.166199997], [-8227407.8114, 5125937.296899997], [-8227408.624, 5125947.960000001], [-8227117.692600001, 5125937.553499997], [-8227030.874500001, 5125933.433499999], [-8226989.8829, 5125932.777900003], [-8226900.0002, 5125927.221299998], [-8226215.4068, 5125894.695200004], [-8226181.406400001, 5125938.0933], [-8226178.6346, 5125936.0233], [-8226175.793500001, 5125934.050399996], [-8226172.886600001, 5125932.176399998], [-8226169.9175, 5125930.403700002], [-8226166.8895, 5125928.734399997], [-8226163.8061999995, 5125927.170299999], [-8226160.671, 5125925.713500001], [-8226157.488, 5125924.365500003], [-8226151.546599999, 5125923.268700004], [-8226147.5604, 5125922.6888], [-8226143.558700001, 5125922.230999999], [-8226139.545, 5125921.895300001], [-8226135.5229, 5125921.6822], [-8226131.496099999, 5125921.592], [-8226127.468800001, 5125921.624700002], [-8226123.4439, 5125921.780199997], [-8226119.425899999, 5125922.058300003], [-8226115.4179, 5125922.458999999], [-8226111.2271, 5125923.010600001], [-8226108.946900001, 5125923.598999999], [-8226104.411499999, 5125924.8671], [-8226099.911599999, 5125926.256899998], [-8226095.450300001, 5125927.767099999], [-8226091.0309999995, 5125929.396899998], [-8226086.6568, 5125931.145000003], [-8226082.3309, 5125933.0101], [-8226078.056399999, 5125934.990900002], [-8226073.836200001, 5125937.086099997], [-8226069.6735, 5125939.294], [-8226065.5713, 5125941.613200001], [-8226061.532500001, 5125944.041699998], [-8226057.559800001, 5125946.578199998], [-8226053.656400001, 5125949.2206000015], [-8226050.585200001, 5125951.409599997], [-8226026.8029, 5125883.808899999]]]]}}, {"type": "Feature", "properties": {"OBJECTID": 40, "CreationDate": "2025-01-14T11:11:11Z", "Creator": "NPS_WASO_LANDS", "EditDate": "2025-01-14T11:11:11Z", "Editor": "NPS_WASO_LANDS", "GlobalID": "{6323BE8D-04BC-4A30-ACB5-CF859137FD42}", "AreaID": 16, "UNIT_CODE": "SAPA", "GIS_Notes": "Lands - http://landsnet.nps.gov/tractsnet/documents/SAPA/Metadata/sapa_metadata.xml", "UNIT_NAME": "Saint Paul's Church National Historic Site", "DATE_EDIT": "2007-02-09T00:00:00Z", "STATE": "NY", "REGION": "NE", "GNIS_ID": "1888959", "UNIT_TYPE": "National Historic Site", "CREATED_BY": "Lands", "METADATA": "https://irma.nps.gov/DataStore/Reference/Profile/1048042", "PARKNAME": "Saint Paul's Church", "SHAPE_Length": 866.3465056615784, "SHAPE_Area": 43929.1967522087}, "geometry": {"type": "MultiPolygon", "coordinates": [[[[-8218352.227600001, 4996615.673500001], [-8218325.5370000005, 4996622.300800003], [-8218304.852600001, 4996626.935900003], [-8218277.300100001, 4996633.695500001], [-8218241.0262, 4996644.214299999], [-8218211.5527, 4996653.233499996], [-8218187.364399999, 4996663.019699998], [-8218177.057, 4996670.149899997], [-8218172.164899999, 4996673.097199999], [-8218151.063100001, 4996687.155299999], [-8218131.4517, 4996674.255199999], [-8218117.875, 4996665.149899997], [-8218105.0474, 4996659.0722], [-8218144.518300001, 4996562.301899999], [-8218160.491699999, 4996535.586599998], [-8218179.3758000005, 4996500.370899998], [-8218250.205600001, 4996393.867299996], [-8218316.409, 4996428.8222], [-8218345.6724, 4996462.963200003], [-8218345.6423, 4996478.198200002], [-8218357.591, 4996479.310099997], [-8218364.5978999995, 4996612.8477], [-8218352.227600001, 4996615.673500001]]]]}}, {"type": "Feature", "properties": {"OBJECTID": 41, "CreationDate": "2025-01-14T11:11:11Z", "Creator": "NPS_WASO_LANDS", "EditDate": "2025-01-14T11:11:11Z", "Editor": "NPS_WASO_LANDS", "GlobalID": "{88F774C0-A2DB-4C11-9A57-56EC70A681E4}", "AreaID": 17, "UNIT_CODE": "THRI", "GIS_Notes": "Lands - http://landsnet.nps.gov/tractsnet/documents/THRI/Metadata/thri_metadata.xml", "UNIT_NAME": "Theodore Roosevelt Inaugural National Historic Site", "DATE_EDIT": "2015-08-28T00:00:00Z", "STATE": "NY", "REGION": "NE", "GNIS_ID": "2035603", "UNIT_TYPE": "National Historic Site", "CREATED_BY": "Lands", "METADATA": "https://irma.nps.gov/DataStore/Reference/Profile/2224527", "PARKNAME": "Theodore Roosevelt Inaugural", "SHAPE_Length": 431.64972919690126, "SHAPE_Area": 8874.448426580499}, "geometry": {"type": "MultiPolygon", "coordinates": [[[[-8780110.382, 5296996.1608000025], [-8780105.1345, 5297018.226899996], [-8780099.9008, 5297040.501400001], [-8780029.2251, 5297023.858199999], [-8780013.1773, 5297020.108599998], [-8780018.5077, 5296995.6972], [-8780007.5923, 5296993.076499999], [-8779964.3605, 5296982.800999999], [-8779975.0364, 5296938.303900003], [-8780044.5555, 5296954.847000003], [-8780071.4538, 5296961.269299999], [-8780116.1098, 5296971.043499999], [-8780110.382, 5296996.1608000025]]]]}}, {"type": "Feature", "properties": {"OBJECTID": 42, "CreationDate": "2025-01-14T11:11:11Z", "Creator": "NPS_WASO_LANDS", "EditDate": "2025-01-14T11:11:11Z", "Editor": "NPS_WASO_LANDS", "GlobalID": "{32B096AB-2945-46E2-8A4C-940BDFA45039}", "AreaID": 18, "UNIT_CODE": "FOST", "GIS_Notes": "Lands - http://landsnet.nps.gov/tractsnet/documents/FOST/Metadata/fost_metadata.xml", "UNIT_NAME": "Fort Stanwix National Monument", "DATE_EDIT": "2010-07-08T00:00:00Z", "STATE": "NY", "REGION": "NE", "GNIS_ID": "1888919", "UNIT_TYPE": "National Monument", "CREATED_BY": "Lands", "METADATA": "https://irma.nps.gov/DataStore/Reference/Profile/2165601", "PARKNAME": "Fort Stanwix", "SHAPE_Length": 1435.7401975875525, "SHAPE_Area": 127551.0295511234}, "geometry": {"type": "MultiPolygon", "coordinates": [[[[-8399542.7262, 5343958.478500001], [-8399562.212, 5343942.268200003], [-8399582.7706, 5343929.165600002], [-8399593.8668, 5343924.2927], [-8399652.5972, 5343909.257700004], [-8399696.091, 5343900.777599998], [-8399740.0687, 5343899.755500004], [-8399785.8271, 5343897.932599999], [-8399851.7633, 5343894.243600003], [-8399853.6161, 5343894.167499997], [-8399855.4704, 5343894.154799998], [-8399857.3241, 5343894.206], [-8399859.1749, 5343894.3204], [-8399861.0208, 5343894.498300001], [-8399862.8593, 5343894.739500001], [-8399864.6888, 5343895.043300003], [-8399866.5067, 5343895.409999996], [-8399868.3112, 5343895.838500001], [-8399870.1001, 5343896.3288], [-8399871.8712, 5343896.879900001], [-8399873.6225, 5343897.491700001], [-8399875.3518, 5343898.163099997], [-8399877.0575, 5343898.8935], [-8399878.7373, 5343899.681699999], [-8399880.3892, 5343900.527099997], [-8399882.0114, 5343901.428400002], [-8399883.6018, 5343902.385200001], [-8399885.159, 5343903.395900004], [-8399886.6807, 5343904.459200002], [-8399888.1654, 5343905.574100003], [-8399889.6113, 5343906.739299998], [-8399891.0166, 5343907.953400001], [-8399892.3798, 5343909.215099998], [-8399893.6993, 5343910.522500001], [-8399894.9736, 5343911.874499999], [-8399929.0296, 5343982.671800002], [-8399742.337, 5344268.649599999], [-8399680.8332, 5344228.181199998], [-8399636.4834, 5344243.313500002], [-8399604.587, 5344292.218800001], [-8399421.1879, 5344171.641900003], [-8399469.6307, 5344078.2553], [-8399492.249, 5344033.802000001], [-8399510.6062, 5343998.2129999995], [-8399525.4257, 5343976.0239999965], [-8399542.7262, 5343958.478500001]]]]}}, {"type": "Feature", "properties": {"OBJECTID": 43, "CreationDate": "2025-01-14T11:11:11Z", "Creator": "NPS_WASO_LANDS", "EditDate": "2025-01-14T11:11:11Z", "Editor": "NPS_WASO_LANDS", "GlobalID": "{607F0477-DB4D-4A6A-9FF2-C87F8C206ADF}", "AreaID": 19, "UNIT_CODE": "FIIS", "GIS_Notes": "Unofficial Boundary of Fire Island National Seashore.", "UNIT_NAME": "Fire Island National Seashore", "DATE_EDIT": "2013-12-18T00:00:00Z", "STATE": "NY", "REGION": "NE", "GNIS_ID": "970121", "UNIT_TYPE": "National Seashore", "CREATED_BY": "Region", "METADATA": "Preliminary data. Contact the Land Resources Program for additional information.", "PARKNAME": "Fire Island", "SHAPE_Length": 140263.5733780743, "SHAPE_Area": 138877039.096375}, "geometry": {"type": "MultiPolygon", "coordinates": [[[[-8128200.621099999, 4976965.0251], [-8128223.335200001, 4976959.490699999], [-8128240.7227, 4977024.827500001], [-8128244.2432, 4977038.0568], [-8128246.4723000005, 4977046.432899997], [-8128223.8881, 4977052.133400001], [-8128208.3423, 4977056.057300001], [-8128196.205499999, 4977059.120499998], [-8128188.220899999, 4977028.993699998], [-8128184.5426, 4977015.113499999], [-8128182.5713, 4977007.6752], [-8128181.3586, 4977003.099299997], [-8128177.1995, 4976987.4054000005], [-8128173.053099999, 4976971.759000003], [-8128196.8356, 4976965.947400004], [-8128200.621099999, 4976965.0251]]], [[[-8128242.659499999, 4976171.5995000005], [-8128245.2985, 4976171.474299997], [-8128242.157199999, 4976200.749700002], [-8128242.625700001, 4976211.0961000025], [-8128243.5484, 4976231.475400001], [-8128246.478499999, 4976296.272100002], [-8128201.919, 4976298.548799999], [-8128180.85, 4976299.625399999], [-8128176.964199999, 4976235.056299999], [-8128175.7414, 4976214.736900002], [-8128173.679199999, 4976182.7654], [-8128173.171, 4976174.887199998], [-8128242.659499999, 4976171.5995000005]]], [[[-8128290.6559, 4977131.969700001], [-8128255.320699999, 4977002.622599997], [-8128242.657500001, 4976954.428300001], [-8128237.932, 4976937.414399996], [-8128231.476199999, 4976918.701099999], [-8128225.3276, 4976900.877400003], [-8128212.427300001, 4976865.166000001], [-8128226.070900001, 4976861.7764], [-8128296.859200001, 4976844.189900003], [-8128286.489399999, 4976814.694700003], [-8128275.622400001, 4976783.785400003], [-8128270.3551, 4976768.803300001], [-8128371.5901, 4976743.754500002], [-8128400.0178, 4976736.720799997], [-8128405.627599999, 4976741.007799998], [-8128436.493100001, 4976781.024400003], [-8128441.422700001, 4976802.604599997], [-8128441.022299999, 4976807.8002], [-8128428.5338, 4976810.939400002], [-8128440.3268, 4976846.8389], [-8128443.1479, 4976846.1439], [-8128446.3817, 4976923.284599997], [-8128453.195699999, 4977085.812100001], [-8128489.727700001, 4977084.254500002], [-8128491.940199999, 4977110.377800003], [-8128453.5767, 4977114.114600003], [-8128400.8028, 4977119.254900001], [-8128333.512399999, 4977125.808700003], [-8128297.9372000005, 4977135.637400001], [-8128290.6559, 4977131.969700001]]], [[[-8107464.3577, 4977882.012699999], [-8107518.7480999995, 4977908.110200003], [-8107520.5122, 4977915.309100002], [-8107523.02, 4977925.5427], [-8107513.396500001, 4977973.897399999], [-8107522.924799999, 4977986.883900002], [-8107524.6833, 4978014.567100003], [-8107560.517000001, 4978107.4855], [-8107590.3803, 4978135.873599999], [-8107591.0469, 4978147.319499999], [-8107592.4636, 4978149.0836], [-8107603.385500001, 4978162.681999996], [-8107608.255100001, 4978168.744900003], [-8107611.0996, 4978182.997299999], [-8107644.639900001, 4978215.673600003], [-8107648.5251, 4978226.3138], [-8107644.3829, 4978242.681699999], [-8107646.136700001, 4978246.0951000005], [-8107653.9967, 4978250.299900003], [-8107672.750600001, 4978260.332800001], [-8107680.877699999, 4978269.2151999995], [-8107681.07, 4978269.425399996], [-8107685.4881, 4978274.254199997], [-8107699.7378, 4978289.828299999], [-8107709.0364, 4978297.9821000025], [-8107724.571799999, 4978311.605099998], [-8107750.1763, 4978337.518799998], [-8107818.266899999, 4978406.431100003], [-8107821.832900001, 4978410.0402000025], [-8107845.053400001, 4978433.540100001], [-8107859.7597, 4978448.4234], [-8108000.210000001, 4978590.565499999], [-8107954.9673999995, 4978638.013499998], [-8107959.8769000005, 4978676.930200003], [-8107974.429300001, 4978716.199500002], [-8108156.226, 4978897.553900003], [-8108225.620999999, 4978976.020800002], [-8108248.1193, 4979037.614], [-8108251.4597, 4979058.578100003], [-8108212.8048, 4979144.266000003], [-8108137.004899999, 4979171.2236], [-8108099.2445, 4979184.5515], [-8108099.274900001, 4979184.641900003], [-8108080.722999999, 4979191.239500001], [-8108042.9342, 4979204.678300001], [-8108004.740900001, 4979218.260899998], [-8107986.367900001, 4979224.794699997], [-8107947.972100001, 4979238.448899999], [-8107864.102600001, 4979268.2739999965], [-8107845.346000001, 4979274.943800002], [-8107769.853700001, 4979301.788999997], [-8107750.687000001, 4979308.604699999], [-8107732.325099999, 4979315.133900002], [-8107728.1127, 4979316.631800003], [-8107698.225500001, 4979340.391999997], [-8107663.9166, 4979367.667199999], [-8107647.8445, 4979380.444200002], [-8107614.144300001, 4979407.235299997], [-8107608.0231, 4979412.101300001], [-8107605.6281, 4979414.005500004], [-8107577.327400001, 4979423.4614999965], [-8107548.676000001, 4979433.0348000005], [-8107520.2086, 4979442.546599999], [-8107463.270400001, 4979461.570600003], [-8107478.929199999, 4979509.508199997], [-8107459.7497000005, 4979515.972400002], [-8107443.486400001, 4979468.180799998], [-8107413.6392, 4979478.1532000005], [-8107404.0305, 4979460.181900002], [-8107382.9442, 4979425.715400003], [-8107361.773399999, 4979391.1105], [-8107340.938200001, 4979357.0537], [-8107330.2906, 4979339.649700001], [-8107315.156199999, 4979314.911600001], [-8107303.7107, 4979296.2029], [-8107269.683700001, 4979240.5825999975], [-8107241.658600001, 4979245.497699998], [-8107182.440400001, 4979255.883000001], [-8107176.8178, 4979256.869000003], [-8107162.498199999, 4979259.380199999], [-8107160.4538, 4979259.738799997], [-8107169.8849, 4979323.862199999], [-8107150.7892, 4979327.464599997], [-8107139.5836, 4979261.965099998], [-8107122.0393, 4979263.175300002], [-8107060.2762, 4979268.053999998], [-8107046.750399999, 4979233.598099999], [-8107029.417199999, 4979197.195200004], [-8107020.856799999, 4979179.2161], [-8107012.0054, 4979160.626500003], [-8107011.9078, 4979160.421300001], [-8107009.4965, 4979155.357199997], [-8107003.1296999995, 4979141.9855], [-8106994.3706, 4979123.5891999975], [-8106985.6745, 4979105.325300001], [-8106976.696, 4979086.468599997], [-8106970.8675, 4979074.227300003], [-8106977.1153, 4979062.670400001], [-8106986.8212, 4979044.7168999985], [-8106996.4527, 4979026.900799997], [-8107005.778000001, 4979009.6514], [-8107015.2947, 4978992.047799997], [-8107017.2158, 4978988.494099997], [-8107024.4772, 4978975.062200002], [-8107034.286599999, 4978956.917099997], [-8107053.452500001, 4978921.464599997], [-8107048.1031, 4978911.695600003], [-8107019.1457, 4978882.673], [-8107017.763699999, 4978881.2880000025], [-8107008.3035, 4978871.806500003], [-8107005.388499999, 4978868.884800002], [-8106992.5616, 4978856.028999999], [-8106992.464, 4978855.931299999], [-8106976.068499999, 4978829.141400002], [-8106975.9332, 4978828.920199998], [-8106899.5825, 4978799.276799999], [-8106814.124600001, 4978794.824299999], [-8106730.259500001, 4978794.2447], [-8106675.829299999, 4978806.167999998], [-8106633.670499999, 4978802.297499999], [-8106595.716700001, 4978770.9684000015], [-8106543.1932, 4978722.383100003], [-8106478.9690000005, 4978687.947499998], [-8106406.963500001, 4978702.383500002], [-8106367.0418, 4978695.240400001], [-8106333.26, 4978679.9256], [-8106301.5495, 4978680.423799999], [-8106220.3105, 4978681.6998], [-8106185.270099999, 4978678.474100001], [-8106130.395400001, 4978682.684100002], [-8106097.140699999, 4978709.7487], [-8106073.728399999, 4978697.875299998], [-8106034.3551, 4978690.738300003], [-8105975.1326, 4978692.1369], [-8105911.058700001, 4978728.138599999], [-8105883.4989, 4978739.321000002], [-8105879.170499999, 4978741.795599997], [-8105873.359999999, 4978740.481299996], [-8105871.5715, 4978738.981899999], [-8105868.603800001, 4978735.499200001], [-8105868.109099999, 4978734.918899998], [-8105866.3968, 4978731.989600003], [-8105865.6536, 4978730.718099996], [-8105864.1053, 4978726.309100002], [-8105861.373199999, 4978720.2575], [-8105860.4057, 4978717.482799999], [-8105857.4683, 4978711.731200002], [-8105853.7028, 4978706.848399997], [-8105853.518100001, 4978706.608999997], [-8105848.8758000005, 4978693.560099997], [-8105848.8706, 4978693.545699999], [-8105847.6850000005, 4978692.054499999], [-8105841.9485, 4978685.255599998], [-8105829.003900001, 4978676.455300003], [-8105824.8006, 4978675.200900003], [-8105816.212400001, 4978671.225699998], [-8105803.8357, 4978665.0309000015], [-8105799.5691, 4978662.7051], [-8105799.446699999, 4978662.638300002], [-8105797.5405, 4978657.326800004], [-8105797.5097, 4978657.240800001], [-8105789.379799999, 4978649.085600004], [-8105785.801000001, 4978646.225599997], [-8105784.019099999, 4978644.234200001], [-8105774.478800001, 4978636.350100003], [-8105764.093699999, 4978631.506200001], [-8105758.8968, 4978629.418200001], [-8105753.2981, 4978627.2993], [-8105748.6931, 4978626.0264], [-8105743.286599999, 4978624.566299997], [-8105739.2842, 4978623.313900001], [-8105732.866800001, 4978622.306599997], [-8105725.6523, 4978620.796300001], [-8105720.0363, 4978619.976099998], [-8105716.2237, 4978619.533500001], [-8105712.813100001, 4978619.108999997], [-8105707.998400001, 4978618.475900002], [-8105704.192399999, 4978617.554399997], [-8105698.600500001, 4978614.956699997], [-8105695.4439, 4978613.594400004], [-8105695.4036, 4978613.576899998], [-8105691.706900001, 4978607.869099997], [-8105691.6631000005, 4978607.8015], [-8105686.6883000005, 4978601.705499999], [-8105686.5228, 4978601.502700001], [-8105682.9980999995, 4978594.6206], [-8105679.877699999, 4978587.5801], [-8105676.1458, 4978581.162100002], [-8105673.8287, 4978574.145400003], [-8105673.3281, 4978566.547600001], [-8105672.452099999, 4978556.990800001], [-8105673.7097, 4978553.149300002], [-8105674.366800001, 4978549.136299998], [-8105674.3291, 4978537.018200003], [-8105673.9904, 4978532.323100001], [-8105673.418299999, 4978530.045500003], [-8105669.157299999, 4978521.603399999], [-8105669.1121, 4978521.513999999], [-8105662.9716, 4978514.873899996], [-8105657.1919, 4978511.3028], [-8105653.6044, 4978509.0854], [-8105646.2587, 4978502.403999999], [-8105639.626499999, 4978496.002999999], [-8105639.513699999, 4978495.894000001], [-8105635.0009, 4978487.763099998], [-8105634.9979, 4978487.7588], [-8105634.698999999, 4978487.2641], [-8105631.7224, 4978482.350699998], [-8105631.6592, 4978482.2456], [-8105628.0955, 4978478.2632], [-8105618.5208, 4978472.963200003], [-8105607.1073, 4978469.870399997], [-8105599.877900001, 4978469.482199997], [-8105589.604699999, 4978471.271899998], [-8105577.270400001, 4978476.866599999], [-8105567.977499999, 4978480.460100003], [-8105558.8901, 4978483.728100002], [-8105550.3835, 4978488.630900003], [-8105537.2106, 4978496.786700003], [-8105528.2541000005, 4978505.239], [-8105520.7257, 4978512.109499998], [-8105513.1602, 4978521.728], [-8105509.6493, 4978528.728500001], [-8105503.252, 4978541.124700002], [-8105498.5359000005, 4978548.083700001], [-8105494.2215, 4978555.0612], [-8105490.4922, 4978563.344899997], [-8105491.9838, 4978571.951700002], [-8105494.1087, 4978578.310599998], [-8105497.6373, 4978584.877499998], [-8105497.773700001, 4978585.027900003], [-8105501.399599999, 4978589.026299998], [-8105505.168400001, 4978592.709200002], [-8105510.313100001, 4978598.6677], [-8105510.3301, 4978598.713799998], [-8105512.2521, 4978603.9014], [-8105514.7436999995, 4978612.8627], [-8105515.3028, 4978616.110600002], [-8105513.637, 4978620.413099997], [-8105511.3879, 4978623.257200003], [-8105506.929300001, 4978626.021200001], [-8105503.2851, 4978628.014399998], [-8105496.396299999, 4978632.157499999], [-8105493.1647, 4978633.349100001], [-8105488.922, 4978635.006200001], [-8105477.7886, 4978640.957699999], [-8105469.910499999, 4978643.939800002], [-8105463.4429, 4978646.651299998], [-8105453.5252, 4978651.837200001], [-8105449.0492, 4978655.899599999], [-8105447.2107, 4978658.106299996], [-8105437.817500001, 4978669.112599999], [-8105435.1296999995, 4978674.686899997], [-8105434.4882, 4978692.431999996], [-8105435.947000001, 4978703.460000001], [-8105440.846899999, 4978712.655699998], [-8105440.928400001, 4978712.702399999], [-8105447.428200001, 4978716.414399996], [-8105453.2279, 4978718.523599997], [-8105462.645500001, 4978720.593199998], [-8105470.490800001, 4978720.0317], [-8105483.3825, 4978717.8364999965], [-8105494.854800001, 4978716.580200002], [-8105503.505899999, 4978715.878300004], [-8105513.7817, 4978713.924800001], [-8105519.969900001, 4978717.022500001], [-8105523.542300001, 4978720.362000003], [-8105523.633300001, 4978720.514700003], [-8105526.2936, 4978724.976800002], [-8105526.6258000005, 4978730.150799997], [-8105525.7568, 4978734.9684000015], [-8105524.0931, 4978739.119599998], [-8105522.2458999995, 4978741.969400004], [-8105518.5864, 4978745.084700003], [-8105510.319499999, 4978747.0907000005], [-8105502.2841, 4978746.842600003], [-8105494.266000001, 4978745.308899999], [-8105489.0539, 4978744.342500001], [-8105479.594900001, 4978745.336199999], [-8105473.402000001, 4978742.566299997], [-8105465.025900001, 4978737.786700003], [-8105460.0452, 4978734.566799998], [-8105453.064300001, 4978730.638800003], [-8105450.282400001, 4978728.293200001], [-8105446.3105, 4978724.771600001], [-8105440.334100001, 4978720.869999997], [-8105436.534700001, 4978719.468999997], [-8105431.1304, 4978717.844499998], [-8105424.5273, 4978715.712200001], [-8105418.9243, 4978713.921099998], [-8105413.142200001, 4978710.513499998], [-8105404.624, 4978701.369499996], [-8105401.4553, 4978697.884000003], [-8105399.0732, 4978694.8103], [-8105399.0682, 4978694.803199999], [-8105398.887800001, 4978694.5704], [-8105394.9618, 4978687.6576000005], [-8105391.5165, 4978682.214000002], [-8105391.4199, 4978682.061300002], [-8105388.3598, 4978679.016199999], [-8105388.2469999995, 4978678.904100001], [-8105385.107000001, 4978673.3134], [-8105375.678400001, 4978657.196500003], [-8105373.1324000005, 4978652.269500002], [-8105371.601500001, 4978646.574199997], [-8105370.636399999, 4978643.635799997], [-8105368.520500001, 4978636.6219], [-8105366.968, 4978632.540299997], [-8105365.013699999, 4978628.440800004], [-8105361.8693, 4978623.178099997], [-8105359.923699999, 4978618.435500003], [-8105357.7073, 4978603.993600003], [-8105357.558800001, 4978600.107799999], [-8105357.6132, 4978596.073600002], [-8105355.7048, 4978588.595700003], [-8105352.988500001, 4978581.396700002], [-8105351.8094, 4978579.426100001], [-8105349.108200001, 4978571.105499998], [-8105347.4463, 4978560.239], [-8105347.7171, 4978555.0726], [-8105347.7717, 4978551.0385000035], [-8105349.323999999, 4978540.266400002], [-8105348.4199, 4978532.814999998], [-8105348.647, 4978530.876000002], [-8105345.2731, 4978512.8499], [-8105345.107100001, 4978510.262800001], [-8105344.183499999, 4978504.248400003], [-8105340.9977, 4978487.195299998], [-8105340.3576, 4978475.069499999], [-8105339.6283, 4978469.549500003], [-8105335.7699, 4978457.644699998], [-8105332.097200001, 4978446.876800001], [-8105323.09, 4978414.4629999995], [-8105318.2513, 4978400.741800003], [-8105317.7118, 4978396.043799996], [-8105311.9257, 4978378.0983000025], [-8105310.798800001, 4978372.2579], [-8105307.3641, 4978358.744900003], [-8105305.8532, 4978351.587800004], [-8105303.5539, 4978343.284999996], [-8105288.4639, 4978300.020499997], [-8105285.227700001, 4978286.686999999], [-8105282.8259, 4978271.108099997], [-8105281.6074, 4978257.183899999], [-8105281.5899, 4978243.616800003], [-8105278.9936, 4978227.543099999], [-8105276.128799999, 4978216.483999997], [-8105273.650699999, 4978206.552599996], [-8105273.0392, 4978192.321800001], [-8105270.833799999, 4978177.073299997], [-8105271.770500001, 4978167.251199998], [-8105272.580600001, 4978151.930299997], [-8105273.3248, 4978141.463200003], [-8105273.241900001, 4978132.736599997], [-8105274.6109, 4978120.663900003], [-8105275.962300001, 4978109.8895], [-8105276.966700001, 4978095.062899999], [-8105276.8923, 4978085.693700001], [-8105277.180500001, 4978079.2421], [-8105277.2874, 4978071.3379999995], [-8105277.3857, 4978064.064400002], [-8105278.2916, 4978056.511799999], [-8105279.7852, 4978050.089100003], [-8105284.370200001, 4978037.958999999], [-8105286.433499999, 4978033.990400001], [-8105290.337400001, 4978027.651100002], [-8105294.638599999, 4978021.6450999975], [-8105298.7172, 4978017.249899998], [-8105303.4004999995, 4978012.711900003], [-8105308.8697999995, 4978009.482699998], [-8105313.9265, 4978007.055299997], [-8105318.767100001, 4978005.746399999], [-8105316.625, 4978000.686800003], [-8105317.786499999, 4977989.090099998], [-8105319.1161, 4977979.929399997], [-8105319.8433, 4977970.735299997], [-8105319.7578, 4977962.185599998], [-8105318.2862, 4977952.1171], [-8105316.611400001, 4977942.2217999995], [-8105313.679199999, 4977936.155199997], [-8105310.3386, 4977930.562100001], [-8105302.4936999995, 4977916.2711], [-8105297.395400001, 4977906.9092999995], [-8105296.4629999995, 4977901.5506], [-8105297.139900001, 4977896.088100001], [-8105299.9169, 4977883.8957], [-8105300.840299999, 4977875.045199998], [-8105302.067299999, 4977858.607799999], [-8105304.008300001, 4977848.812899999], [-8105306.5889, 4977836.302599996], [-8105309.3725000005, 4977823.6316], [-8105311.822000001, 4977805.937799998], [-8105312.2215, 4977791.255000003], [-8105312.804300001, 4977777.873300001], [-8105312.788899999, 4977764.142499998], [-8105311.3544, 4977751.3386999965], [-8105310.101, 4977739.999600001], [-8105310.079, 4977726.761100002], [-8105310.5177, 4977709.1787], [-8105313.5023, 4977696.498000003], [-8105316.508400001, 4977682.229000002], [-8105319.6807, 4977670.534100004], [-8105331.2411, 4977647.795299999], [-8105339.482799999, 4977632.7151999995], [-8105349.750700001, 4977616.389399998], [-8105360.7937, 4977602.2042], [-8105366.758300001, 4977592.047899999], [-8105369.714299999, 4977581.484899998], [-8105376.565099999, 4977565.2258], [-8105382.3333, 4977554.738899998], [-8105390.507200001, 4977544.663099997], [-8105396.2557, 4977535.626100004], [-8105401.1875, 4977527.548600003], [-8105406.1129, 4977519.950000003], [-8105409.638599999, 4977511.828299999], [-8105415.0397, 4977498.751599997], [-8105418.9913, 4977488.858199999], [-8105422.3423999995, 4977478.792499997], [-8105427.2809, 4977470.223099999], [-8105439.5853, 4977451.869999997], [-8105443.2707, 4977446.814300001], [-8105450.210999999, 4977438.7892], [-8105456.1362, 4977431.5449], [-8105460.0593, 4977423.743600003], [-8105462.152899999, 4977417.518700004], [-8105463.4997000005, 4977407.059900001], [-8105464.717599999, 4977391.2795], [-8105464.4640999995, 4977380.282200001], [-8105465.9528, 4977374.200300001], [-8105469.467700001, 4977366.8728], [-8105476.807399999, 4977359.029700004], [-8105484.7433, 4977351.6866], [-8105490.8367, 4977346.865099996], [-8105498.5370000005, 4977342.090599999], [-8105507.0231, 4977338.638400003], [-8105513.6883000005, 4977336.1065], [-8105518.3254, 4977334.959100001], [-8105528.3837, 4977334.125], [-8105534.0011, 4977334.793899998], [-8105539.985400001, 4977338.039899997], [-8105547.1205, 4977345.360699996], [-8105547.1292, 4977345.420599997], [-8105549.1448, 4977359.155699998], [-8105552.4243, 4977369.261299998], [-8105554.9439, 4977376.128700003], [-8105558.1997, 4977388.011600003], [-8105562.339500001, 4977393.9553999975], [-8105562.4079, 4977394.0288999975], [-8105567.291300001, 4977399.2673999965], [-8105572.690400001, 4977401.2192], [-8105578.694399999, 4977403.0154], [-8105587.322699999, 4977403.927000001], [-8105592.3572, 4977403.1127], [-8105596.1886, 4977402.105800003], [-8105610.897, 4977399.166500002], [-8105621.5558, 4977398.516900003], [-8105634.683599999, 4977393.589000002], [-8105647.7631, 4977392.228500001], [-8105656.1362, 4977397.158500001], [-8105656.3191, 4977397.3983], [-8105660.6778, 4977403.120300002], [-8105665.3763999995, 4977412.299599998], [-8105665.543199999, 4977412.505199999], [-8105671.701400001, 4977420.088399999], [-8105687.395300001, 4977433.489200003], [-8105696.1636, 4977438.928300001], [-8105708.1565000005, 4977443.6554000005], [-8105726.0612, 4977442.107900001], [-8105734.100199999, 4977442.028300002], [-8105746.385, 4977439.988399997], [-8105759.301100001, 4977435.8517], [-8105772.8002, 4977433.198299997], [-8105787.6983, 4977431.080600001], [-8105792.5320999995, 4977430.2509], [-8105806.456700001, 4977425.838200003], [-8105813.1611, 4977420.394199997], [-8105818.2652, 4977414.411899999], [-8105822.1577, 4977408.879799999], [-8105826.6788, 4977401.426899999], [-8105830.6472, 4977390.247299999], [-8105832.557, 4977382.721199997], [-8105835.497300001, 4977373.280199997], [-8105837.8741, 4977360.919200003], [-8105838.7917, 4977337.5320999995], [-8105836.2884, 4977314.527400002], [-8105832.602299999, 4977304.7321000025], [-8105828.5843, 4977289.750500001], [-8105822.097200001, 4977279.059299998], [-8105813.789799999, 4977268.215899996], [-8105813.605900001, 4977267.9760000035], [-8105807.6325, 4977263.910999998], [-8105800.8532, 4977259.998800002], [-8105791.886600001, 4977254.3928999975], [-8105784.9, 4977250.944700003], [-8105777.7258, 4977246.523000002], [-8105771.134500001, 4977243.5845], [-8105755.469900001, 4977242.930600002], [-8105744.388, 4977245.175399996], [-8105735.142200001, 4977245.377899997], [-8105729.8981, 4977246.832199998], [-8105723.2743, 4977246.300899997], [-8105717.088199999, 4977241.250699997], [-8105716.9143, 4977241.108800001], [-8105716.198000001, 4977234.619000003], [-8105718.070699999, 4977229.840800002], [-8105720.5789, 4977222.651000001], [-8105725.6983, 4977215.534199998], [-8105732.795499999, 4977210.751500003], [-8105740.9125, 4977204.860699996], [-8105749.0836, 4977194.936099999], [-8105757.6565000005, 4977185.0295], [-8105765.194700001, 4977177.353299998], [-8105772.732799999, 4977169.676899999], [-8105780.0702, 4977161.984999999], [-8105786.213099999, 4977153.457400002], [-8105790.502800001, 4977148.258599997], [-8105795.4167, 4977141.466799997], [-8105796.102, 4977135.349200003], [-8105798.42, 4977127.3495000005], [-8105804.1678, 4977118.325199999], [-8105806.8266, 4977114.856299996], [-8105811.738500001, 4977108.215899996], [-8105817.071599999, 4977100.144100003], [-8105819.7369, 4977096.196500003], [-8105823.0702, 4977087.416599996], [-8105826.924699999, 4977069.768399999], [-8105826.979, 4977065.734999999], [-8105826.1744, 4977050.860200003], [-8105828.1039, 4977041.872199997], [-8105827.7848000005, 4977035.728600003], [-8105831.010600001, 4977020.000699997], [-8105835.1754, 4977009.152099997], [-8105838.0699000005, 4977003.1021], [-8105845.055299999, 4976991.6866], [-8105853.3619, 4976986.6175], [-8105860.0441, 4976982.7874], [-8105870.3093, 4976981.489399999], [-8105880.0153, 4976976.943599999], [-8105883.038899999, 4976976.228399999], [-8105890.969799999, 4976969.200000003], [-8105896.0846, 4976962.4113000035], [-8105897.9659, 4976956.990400001], [-8105901.750700001, 4976944.510499999], [-8105903.2415, 4976938.252400003], [-8105904.9135, 4976933.4592999965], [-8105906.406199999, 4976927.049900003], [-8105908.0890999995, 4976921.450099997], [-8105913.4241, 4976913.214500003], [-8105920.3529, 4976905.996100001], [-8105925.216600001, 4976902.923100002], [-8105930.8126, 4976897.685199998], [-8105935.566400001, 4976895.3226], [-8105948.326300001, 4976887.805299997], [-8105960.2784, 4976880.579400003], [-8105970.7963, 4976875.414499998], [-8105983.951300001, 4976868.394199997], [-8105996.0955, 4976861.826700002], [-8106011.0559, 4976855.019699998], [-8106020.916999999, 4976853.867299996], [-8106022.7095, 4976855.051299997], [-8106022.7995, 4976855.229199998], [-8106025.4498, 4976860.4592999965], [-8106026.2826000005, 4976873.2412], [-8106026.1066, 4976886.325000003], [-8106025.452299999, 4976890.173699997], [-8106025.9376, 4976898.904200003], [-8106027.141799999, 4976913.9604], [-8106032.511600001, 4976933.019400001], [-8106036.735099999, 4976947.688100003], [-8106042.591499999, 4976960.450000003], [-8106050.6808, 4976971.527800001], [-8106050.7806, 4976971.651799999], [-8106057.2027, 4976979.634099998], [-8106066.1368, 4976987.659199998], [-8106078.8893, 4976995.635799997], [-8106086.242799999, 4977001.673299998], [-8106097.7925, 4977009.456900001], [-8106105.3554, 4977014.854000002], [-8106117.753900001, 4977019.270400003], [-8106131.3598, 4977023.564599998], [-8106141.3849, 4977025.1752], [-8106153.8358, 4977025.709100001], [-8106165.4958999995, 4977025.261600003], [-8106180.1559, 4977025.876199998], [-8106198.400900001, 4977028.8587], [-8106213.2337, 4977031.5682], [-8106224.448799999, 4977034.342200004], [-8106234.2863, 4977034.9663999975], [-8106245.149599999, 4977034.003700003], [-8106253.637399999, 4977030.3869], [-8106256.479599999, 4977028.219400004], [-8106264.1899, 4977022.637699999], [-8106275.9628, 4977013.795299999], [-8106284.284399999, 4977007.591600001], [-8106295.23, 4977000.503300004], [-8106307.5966, 4976992.324299999], [-8106322.9242, 4976988.106200002], [-8106334.612400001, 4976985.566399999], [-8106340.454500001, 4976984.447499998], [-8106360.6328, 4976978.126500003], [-8106363.0493, 4976977.7183], [-8106374.407400001, 4976969.828100003], [-8106380.0832, 4976966.1228], [-8106387.808599999, 4976959.419200003], [-8106397.5814, 4976949.868900001], [-8106406.1447, 4976940.604999997], [-8106411.4836, 4976932.053800002], [-8106412.5919, 4976924.328500003], [-8106410.4989, 4976916.225599997], [-8106410.490700001, 4976916.193700001], [-8106406.1391, 4976911.054300003], [-8106402.182600001, 4976906.4120000005], [-8106397.8136, 4976902.570799999], [-8106389.8035, 4976900.546499997], [-8106382.568700001, 4976900.650399998], [-8106373.9515, 4976898.932999998], [-8106368.492900001, 4976895.765299998], [-8106368.369000001, 4976895.693499997], [-8106365.6565000005, 4976888.180799998], [-8106364.9593, 4976880.241700001], [-8106364.6205, 4976875.547200002], [-8106363.374500001, 4976863.566699997], [-8106362.260500001, 4976856.743900001], [-8106360.9691, 4976848.153700002], [-8106360.025599999, 4976843.602600001], [-8106357.740900001, 4976834.1669000015], [-8106356.641799999, 4976826.222199999], [-8106355.354800001, 4976817.304700002], [-8106352.245200001, 4976809.459200002], [-8106351.2776999995, 4976806.685000002], [-8106350.1722, 4976799.219400004], [-8106346.793099999, 4976794.6647000015], [-8106346.6197999995, 4976794.431199998], [-8106342.2337, 4976791.876000002], [-8106337.8605, 4976788.3500000015], [-8106334.0747, 4976785.966600001], [-8106325.298, 4976781.183399998], [-8106317.6811, 4976779.819899999], [-8106313.659700001, 4976780.017700002], [-8106309.6559999995, 4976778.917499997], [-8106304.17, 4976775.7337], [-8106304.0734, 4976775.677599996], [-8106302.118799999, 4976771.591600001], [-8106303.8102, 4976765.336599998], [-8106306.680500001, 4976761.076399997], [-8106311.5615, 4976756.692100003], [-8106320.7381, 4976746.6426], [-8106329.4439, 4976741.7425], [-8106333.1109, 4976737.984999999], [-8106341.6503, 4976730.498599999], [-8106345.105799999, 4976727.5320999995], [-8106355.0922, 4976717.027000003], [-8106358.7357, 4976715.034000002], [-8106367.007200001, 4976712.548600003], [-8106379.142200001, 4976706.623400003], [-8106382.1658, 4976705.907700002], [-8106392.6746, 4976701.385399997], [-8106402.0109, 4976694.4014], [-8106405.0539, 4976692.236199997], [-8106412.569499999, 4976686.173], [-8106420.4067, 4976686.089500003], [-8106420.52, 4976686.330700003], [-8106422.9464, 4976691.494599998], [-8106422.6677, 4976697.289899997], [-8106421.6007, 4976701.939900003], [-8106420.5013, 4976709.010200001], [-8106422.241800001, 4976714.076300003], [-8106422.3902, 4976714.210900001], [-8106427.2048, 4976718.580799997], [-8106432.3531, 4976724.234700002], [-8106440.114600001, 4976729.7984], [-8106446.653999999, 4976736.6184], [-8106452.1910999995, 4976743.248800002], [-8106456.7435, 4976748.391000003], [-8106456.9288, 4976748.630800001], [-8106465.8288, 4976760.136799999], [-8106468.9581, 4976766.532700002], [-8106474.4, 4976780.259400003], [-8106479.319499999, 4976788.002999999], [-8106484.6236000005, 4976797.0380000025], [-8106489.3314, 4976805.586000003], [-8106491.873400001, 4976810.827100001], [-8106497.5769, 4976820.044], [-8106501.524700001, 4976825.329099998], [-8106501.5612, 4976825.370899998], [-8106507.4614, 4976832.141199999], [-8106514.2038, 4976838.799900003], [-8106514.3125, 4976838.965400003], [-8106519.5208, 4976846.877499998], [-8106525.228599999, 4976855.766400002], [-8106525.306399999, 4976855.8401999995], [-8106532.966700001, 4976863.107000001], [-8106542.983100001, 4976865.360100001], [-8106553.582599999, 4976869.070900001], [-8106562.1521000005, 4976874.342699997], [-8106567.505999999, 4976879.671999998], [-8106567.562899999, 4976879.7852], [-8106570.637399999, 4976885.904200003], [-8106572.5767, 4976891.137100004], [-8106572.7158, 4976891.254299998], [-8106575.954399999, 4976893.981200002], [-8106588.0054, 4976894.345399998], [-8106591.6164, 4976894.785099998], [-8106596.1754, 4976899.447999999], [-8106600.550799999, 4976902.810199998], [-8106611.547800001, 4976906.8539], [-8106620.607799999, 4976905.526100002], [-8106627.842599999, 4976905.421899997], [-8106636.0526, 4976907.5309000015], [-8106643.690199999, 4976907.362400003], [-8106647.541200001, 4976904.893100001], [-8106652.586100001, 4976903.2717999965], [-8106663.885500001, 4976899.742899999], [-8106673.9581, 4976897.785700001], [-8106682.1887, 4976898.363200001], [-8106690.989399999, 4976901.381399997], [-8106697.7837000005, 4976904.171099998], [-8106706.966700001, 4976908.656499997], [-8106714.5558, 4976912.112199999], [-8106718.553200001, 4976913.691299997], [-8106725.7774, 4976914.393799998], [-8106728.7751, 4976915.619199999], [-8106736.5909, 4976917.1492], [-8106742.808800001, 4976917.976499997], [-8106749.419399999, 4976919.477499999], [-8106756.032400001, 4976920.8147], [-8106765.444399999, 4976923.198200002], [-8106783.076099999, 4976926.965499997], [-8106790.302200001, 4976927.516599998], [-8106792.7125, 4976927.587099999], [-8106798.141899999, 4976927.269100003], [-8106826.297900001, 4976925.379000001], [-8106837.806600001, 4976921.209600002], [-8106851.1423, 4976915.6526999995], [-8106861.8672, 4976909.9978], [-8106869.995999999, 4976903.148100004], [-8106872.477299999, 4976897.8994999975], [-8106876.1938000005, 4976890.423], [-8106877.466, 4976885.447700001], [-8106880.7981, 4976876.667800002], [-8106883.2665, 4976872.389700003], [-8106886.9487, 4976867.497199997], [-8106892.829299999, 4976863.479199998], [-8106897.869899999, 4976862.185500003], [-8106899.885, 4976861.758699998], [-8106899.496099999, 4976860.782300003], [-8106898.3103, 4976859.291599996], [-8106897.571900001, 4976854.4155], [-8106897.4526, 4976848.2870000005], [-8106898.899700001, 4976845.2557], [-8106900.173699999, 4976840.1294], [-8106898.044299999, 4976834.086800002], [-8106898.1197, 4976828.439999998], [-8106899.430400001, 4976820.565899998], [-8106899.6808, 4976816.862899996], [-8106902.7711, 4976811.143100001], [-8106908.8719999995, 4976805.678199999], [-8106917.15, 4976802.700900003], [-8106928.2545, 4976798.6897], [-8106935.327400001, 4976795.671400003], [-8106938.966399999, 4976794.0057], [-8106945.0263, 4976791.603299998], [-8106951.9198, 4976786.981299996], [-8106958.353399999, 4976786.689499997], [-8106960.754899999, 4976787.4026999995], [-8106968.7543, 4976790.2333], [-8106974.127599999, 4976794.112599999], [-8106979.1445, 4976794.596199997], [-8106996.227299999, 4976794.308799997], [-8107006.205, 4976799.448200002], [-8107012.986500001, 4976803.220399998], [-8107023.4694, 4976800.625200003], [-8107031.9265, 4976799.276500002], [-8107042.4266, 4976795.396300003], [-8107046.4242, 4976796.975199997], [-8107049.4089, 4976799.158200003], [-8107054.4344, 4976798.986699998], [-8107059.6822, 4976797.2163999975], [-8107062.491800001, 4976797.4683], [-8107066.684, 4976799.529299997], [-8107068.895500001, 4976799.433200002], [-8107075.7436999995, 4976798.188600004], [-8107079.196799999, 4976795.386100002], [-8107089.8826, 4976792.655299999], [-8107099.501800001, 4976794.561800003], [-8107101.084899999, 4976796.385899998], [-8107105.6657, 4976799.435099997], [-8107120.8913, 4976802.804099999], [-8107133.3267, 4976804.470899999], [-8107134.426899999, 4976804.636699997], [-8107137.851199999, 4976816.126999997], [-8107145.086999999, 4976840.406800002], [-8107190.7629, 4976866.411399998], [-8107203.1866, 4976900.256800003], [-8107199.3489, 4976928.815700002], [-8107140.1318, 4977019.260300003], [-8107166.8674, 4977056.033699997], [-8107174.7826000005, 4977087.173500001], [-8107177.981899999, 4977099.759499997], [-8107199.7162, 4977122.592200004], [-8107219.828299999, 4977203.674599998], [-8107187.6329, 4977284.739500001], [-8107218.858999999, 4977344.410400003], [-8107219.698999999, 4977378.668700002], [-8107233.846999999, 4977419.6083], [-8107247.135299999, 4977434.829599999], [-8107250.056399999, 4977438.175499998], [-8107250.1065, 4977438.232900001], [-8107321.6789, 4977615.887100004], [-8107340.1262, 4977626.1054000035], [-8107343.347100001, 4977645.3977999985], [-8107367.976299999, 4977679.466200002], [-8107380.692299999, 4977697.055399999], [-8107373.4497, 4977721.669200003], [-8107426.209000001, 4977822.3059], [-8107430.3158, 4977828.733499996], [-8107474.264900001, 4977815.635300003], [-8107490.327199999, 4977843.481600001], [-8107463.2996, 4977880.356799997], [-8107464.3577, 4977882.012699999]]], [[[-8103421.0814, 4975639.790600002], [-8112415.6239, 4972053.599299997], [-8116565.319700001, 4970283.2324], [-8120382.974099999, 4968543.0229], [-8125172.164000001, 4966112.538199998], [-8126626.955800001, 4965372.090099998], [-8129225.387399999, 4964241.710000001], [-8131457.338099999, 4963273.042300001], [-8133245.993899999, 4962637.590400003], [-8134665.4967, 4962132.193499997], [-8137261.132300001, 4961372.380800001], [-8141289.275900001, 4960203.717100002], [-8142411.329500001, 4959876.568499997], [-8142415.125399999, 4959875.4617], [-8145354.6066, 4959018.471299998], [-8147535.2378, 4958374.936300002], [-8148900.637, 4957833.5295], [-8151083.0318, 4957222.688299999], [-8151096.8539, 4957218.819799997], [-8151091.681, 4957745.322899997], [-8151135.2095, 4957730.637800001], [-8151177.460100001, 4957719.917199999], [-8151234.7642, 4957710.7773], [-8151268.7871, 4957706.094400004], [-8151274.6833999995, 4958019.963399999], [-8151276.951099999, 4958020.6263], [-8151279.295299999, 4958020.9168], [-8151281.6556, 4958020.827200003], [-8151283.971100001, 4958020.359700002], [-8151303.4690000005, 4958015.795699999], [-8151336.6898, 4958002.5035], [-8151355.2458999995, 4957996.056699999], [-8151360.8015, 4958013.116999999], [-8151359.413799999, 4958018.244000003], [-8151358.933, 4958023.534699999], [-8151359.373500001, 4958028.829000004], [-8151360.721899999, 4958033.966499999], [-8151362.9375, 4958038.791299999], [-8151365.9531, 4958043.157300003], [-8151369.677100001, 4958046.932099998], [-8151373.9969999995, 4958050.0013], [-8151378.7816, 4958052.271899998], [-8151382.8081, 4958064.636200003], [-8151347.076199999, 4958076.252300002], [-8151340.0974, 4958078.055799998], [-8151332.951400001, 4958078.9903], [-8151325.7453000005, 4958079.0418], [-8151318.5868999995, 4958078.209200002], [-8151311.5834, 4958076.5057], [-8151304.839400001, 4958073.956], [-8151298.4562, 4958070.5988000035], [-8151290.318499999, 4958065.3781], [-8151282.588099999, 4958059.5669], [-8151275.307600001, 4958053.1972], [-8151278.2754, 4958211.1796], [-8151278.298699999, 4958211.328199998], [-8151278.3017, 4958211.509999998], [-8151286.225500001, 4958697.601999998], [-8151290.3791000005, 4959637.351499997], [-8151290.507200001, 4959666.325900003], [-8151423.2480999995, 4959920.044100001], [-8151423.326199999, 4959920.193499997], [-8151687.1087, 4960424.4011999965], [-8152539.603499999, 4960681.639899999], [-8152553.1061, 4960685.714299999], [-8152547.8769000005, 4961733.6655], [-8151196.7009, 4961993.550700001], [-8151092.0393, 4962013.681699999], [-8151092.014699999, 4962013.686399996], [-8149735.031099999, 4962274.696000002], [-8147832.266100001, 4962622.045000002], [-8147719.670399999, 4962610.8521], [-8145267.0373, 4962355.9322], [-8145091.7521, 4962337.7487], [-8145091.727499999, 4962337.746200003], [-8144819.0329, 4962309.457800001], [-8144498.3050999995, 4961283.601599999], [-8143003.0131, 4961761.871600002], [-8142707.263599999, 4961856.469899997], [-8141271.3599, 4962315.770900004], [-8137252.3454, 4963576.2685], [-8133179.763599999, 4964898.127899997], [-8132380.602600001, 4965153.257100001], [-8132112.0263, 4965239.000699997], [-8129389.710000001, 4966108.147699997], [-8127787.530200001, 4967042.377700001], [-8127487.1557, 4967217.535899997], [-8125159.371099999, 4968575.049000002], [-8124115.4728999995, 4969077.738399997], [-8122411.7904, 4969898.202399999], [-8121936.3599, 4970127.173699997], [-8121109.0601, 4970525.621299997], [-8117541.578299999, 4972243.992200002], [-8117531.2892, 4972248.948700003], [-8117682.852600001, 4972565.531999998], [-8117706.4046, 4972614.7282000035], [-8116405.136600001, 4973238.494400002], [-8116206.6448, 4972823.626800001], [-8114960.312000001, 4973416.573600002], [-8114951.695, 4973420.673199996], [-8115363.821599999, 4974363.644500002], [-8115385.638900001, 4974413.566299997], [-8114661.8135, 4974770.319899999], [-8112598.646500001, 4973601.390600003], [-8112491.9976, 4973404.965400003], [-8111330.399800001, 4973980.074500002], [-8111204.084899999, 4974042.615199998], [-8111072.9572, 4974107.5392], [-8109417.909499999, 4974545.0978000015], [-8109282.538799999, 4974659.519900002], [-8108022.0265999995, 4975725.031199999], [-8105720.9465, 4976440.398800001], [-8103546.448100001, 4979062.646600001], [-8101715.8222, 4979353.703400001], [-8098861.9001, 4980091.826499999], [-8098862.7663, 4980034.000299998], [-8098889.6570999995, 4978239.288800001], [-8098900.9222, 4977487.545599997], [-8098904.6361, 4977239.724299997], [-8099622.4583, 4977078.500100002], [-8103421.0814, 4975639.790600002]]]]}}, {"type": "Feature", "properties": {"OBJECTID": 44, "CreationDate": "2025-01-14T11:11:11Z", "Creator": "NPS_WASO_LANDS", "EditDate": "2025-01-14T11:11:11Z", "Editor": "NPS_WASO_LANDS", "GlobalID": "{A97019E9-2870-4EA9-AA31-4FC0692B1D1D}", "AreaID": 20, "UNIT_CODE": "HOFR", "GIS_Notes": "Lands - http://landsnet.nps.gov/tractsnet/documents/HOFR/Metadata/hofr_metadata.xml", "UNIT_NAME": "Home of Franklin D. Roosevelt National Historic Site", "DATE_EDIT": "2006-03-07T00:00:00Z", "STATE": "NY", "REGION": "NE", "GNIS_ID": "1888929", "UNIT_TYPE": "National Historic Site", "CREATED_BY": "Lands", "METADATA": "https://irma.nps.gov/DataStore/Reference/Profile/1047983", "PARKNAME": "Home of Franklin D Roosevelt", "SHAPE_Length": 19536.143284948506, "SHAPE_Area": 6542741.727787902}, "geometry": {"type": "MultiPolygon", "coordinates": [[[[-8226692.173, 5125910.319899999], [-8226733.8862, 5125912.110399999], [-8227067.9837, 5125927.367399998], [-8227151.294199999, 5125931.317500003], [-8227151.5286, 5125931.414899997], [-8227170.3149, 5126146.791199997], [-8227153.352, 5126228.860100001], [-8227090.464, 5126313.336000003], [-8226859.3453, 5126301.3895], [-8226869.088300001, 5126252.641199999], [-8226903.9044, 5126178.9287], [-8226903.993000001, 5126178.759300001], [-8226905.2656, 5126173.810599998], [-8226904.3816, 5126166.418200001], [-8226899.810699999, 5126159.9309], [-8226893.3758000005, 5126158.0515], [-8226883.593599999, 5126155.725299999], [-8226882.6292, 5126155.5352], [-8226851.5144, 5126149.004000001], [-8226802.583699999, 5126105.4174000025], [-8226795.2486000005, 5126086.427199997], [-8226778.546, 5126045.599799998], [-8226722.690199999, 5125983.860100001], [-8226692.173, 5125910.319899999]]], [[[-8225862.788899999, 5125197.045999996], [-8225869.050100001, 5125326.133000001], [-8225662.375600001, 5125498.162199996], [-8225591.600099999, 5125697.209399998], [-8225578.4738, 5125738.310000002], [-8225407.8335, 5126270.605999999], [-8225149.469900001, 5126247.115900002], [-8225118.5305, 5125837.887100004], [-8225115.2775, 5125761.684], [-8225120.4246, 5125761.366700001], [-8225125.563100001, 5125760.934299998], [-8225130.6908, 5125760.386799999], [-8225135.805199999, 5125759.724399999], [-8225197.980799999, 5125753.164800003], [-8225205.320900001, 5125758.4045], [-8225225.4125, 5125755.003399998], [-8225218.631100001, 5125714.670299999], [-8225226.7371, 5125647.6206], [-8225234.7886, 5125598.9833], [-8225278.0298, 5125498.7831000015], [-8225437.696900001, 5125568.201399997], [-8225518.8616, 5125641.620800003], [-8225590.058, 5125457.965000004], [-8225602.2731, 5125399.480999999], [-8225612.3189, 5125348.7271], [-8225620.1141, 5125310.474299997], [-8225738.4067, 5125320.725100003], [-8225827.5978999995, 5125230.541299999], [-8225862.788899999, 5125197.045999996]]], [[[-8227873.1346, 5126226.5945999995], [-8227774.8331, 5126194.281000003], [-8227769.644200001, 5126193.030299999], [-8227766.150800001, 5126192.3549000025], [-8227762.635, 5126191.807300001], [-8227759.1019, 5126191.388099998], [-8227755.556, 5126191.0978000015], [-8227752.001800001, 5126190.937200002], [-8227748.4442, 5126190.905500002], [-8227744.8879, 5126191.003899999], [-8227485.5660999995, 5126190.954499997], [-8227482.5907000005, 5126164.648100004], [-8227743.1469, 5126164.0801], [-8227746.484999999, 5126163.984200001], [-8227749.824100001, 5126164.016999997], [-8227753.159700001, 5126164.178499997], [-8227756.4866, 5126164.468599997], [-8227759.799900001, 5126164.886699997], [-8227763.095000001, 5126165.4322], [-8227766.3662, 5126166.1044000015], [-8227771.2195, 5126167.347999997], [-8227812.9923, 5126180.604000002], [-8227849.3105, 5126138.489399999], [-8227850.1676, 5126082.351599999], [-8227692.292300001, 5126086.115400001], [-8227650.197799999, 5125946.946900003], [-8227448.1927000005, 5125943.933499999], [-8227412.453500001, 5125810.412299998], [-8227365.7454, 5125693.136699997], [-8227323.933499999, 5125607.370300002], [-8227296.541099999, 5125531.940700002], [-8227276.721999999, 5125453.231600001], [-8227265.5864, 5125383.112999998], [-8227258.754899999, 5125288.042000003], [-8227263.099199999, 5125210.178099997], [-8227271.0659, 5125135.290399998], [-8227271.8079, 5125130.957999997], [-8227748.044600001, 5125152.7892], [-8227830.335000001, 5125161.667599998], [-8228052.2425999995, 5125159.5261999965], [-8228082.550799999, 5125432.902099997], [-8228283.015900001, 5125434.251699999], [-8228335.646299999, 5125433.321800001], [-8228364.1941, 5125433.482299998], [-8228416.5868999995, 5125431.811999999], [-8228460.7061, 5125431.718599997], [-8228507.430199999, 5125430.9208], [-8228552.107000001, 5125431.546499997], [-8228592.360400001, 5125430.839000002], [-8228677.8707, 5125433.837800004], [-8229061.732999999, 5125447.112899996], [-8229178.8529, 5125453.0022], [-8229324.107100001, 5125460.304399997], [-8229367.3574, 5125463.230099998], [-8229396.6754, 5125464.489699997], [-8229439.260199999, 5125466.091799997], [-8229812.8748, 5125485.038199998], [-8229863.7622, 5125487.617600001], [-8229884.117000001, 5125488.6492], [-8229888.4015999995, 5125488.866300002], [-8229889.5714, 5125444.457999997], [-8229891.6041, 5125414.123899996], [-8229897.0996, 5125332.105300002], [-8229898.5067, 5125311.105800003], [-8229898.7634, 5125307.273800001], [-8229907.8883, 5125184.385499999], [-8229908.185900001, 5125174.863700002], [-8229910.7641, 5125092.380099997], [-8229911.238700001, 5125077.195], [-8229923.640000001, 5124924.616099998], [-8229924.286599999, 5124903.6897], [-8229924.4175, 5124875.6010000035], [-8229928.4003, 5124845.878200002], [-8229929.0907000005, 5124815.589299999], [-8229933.473999999, 5124789.490500003], [-8229998.039899999, 5124793.945699997], [-8230211.653100001, 5124743.425099999], [-8230243.0079, 5124719.416000001], [-8230287.236, 5124685.549400002], [-8230304.365, 5124655.287799999], [-8230360.0502, 5124625.5288999975], [-8230418.101600001, 5124505.747199997], [-8230442.811799999, 5124497.003200002], [-8230587.8236, 5124513.074699998], [-8230622.1415, 5124547.832699999], [-8230641.977600001, 5124605.812799998], [-8230636.238600001, 5124610.379000001], [-8230629.6512, 5124621.992899999], [-8230626.263, 5124648.873400003], [-8230627.8159, 5124666.9201000035], [-8230626.270300001, 5124683.640900001], [-8230645.431299999, 5124746.538900003], [-8230652.3113, 5124779.0419000015], [-8230664.979, 5124832.563199997], [-8230682.4189, 5124878.562100001], [-8230696.865499999, 5124899.783299997], [-8230725.7853, 5124936.321999997], [-8230740.714199999, 5124959.3499], [-8230750.2837000005, 5124975.137100004], [-8230757.6895, 5124999.770800002], [-8230761.0046999995, 5125025.698299997], [-8230774.0054, 5125078.074299999], [-8230790.547900001, 5125105.7016], [-8230803.174699999, 5125138.838399999], [-8230809.7663, 5125156.137699999], [-8230825.164000001, 5125184.0879999995], [-8230840.081900001, 5125209.740099996], [-8230860.5485, 5125236.892999999], [-8230877.0337000005, 5125277.4772000015], [-8230880.851299999, 5125300.783500001], [-8230888.5428, 5125334.7678999975], [-8230887.4638, 5125356.904299997], [-8230888.0638, 5125368.879699998], [-8230898.154200001, 5125377.9454], [-8230912.3388, 5125384.897600003], [-8230924.4211, 5125386.9196000025], [-8230939.457900001, 5125386.002999999], [-8230952.884, 5125379.830700003], [-8230958.4496, 5125377.559600003], [-8230975.277000001, 5125378.126800001], [-8230992.8522, 5125394.278399996], [-8231015.9595, 5125415.703199998], [-8231038.4388, 5125431.384800002], [-8231057.6808, 5125440.1635000035], [-8231073.8038, 5125452.207999997], [-8231071.221100001, 5125481.882600002], [-8231067.048, 5125501.7095], [-8231058.078199999, 5125534.636], [-8231070.6021, 5125547.648800001], [-8231082.8287, 5125554.100100003], [-8231110.9156, 5125558.161700003], [-8231129.877699999, 5125556.442100003], [-8231146.7184999995, 5125554.056900002], [-8231165.5122, 5125553.4846], [-8231215.620200001, 5125639.979000002], [-8231302.1029, 5125778.300700001], [-8231312.4364, 5125843.461599998], [-8231321.138499999, 5125871.055299997], [-8231331.3476, 5125890.454700001], [-8231359.9735, 5125920.761100002], [-8231361.684800001, 5125940.2870000005], [-8231370.626499999, 5125950.659999996], [-8231391.786599999, 5125969.452100001], [-8231415.464500001, 5126010.233999997], [-8231418.2563000005, 5126044.198700003], [-8231436.468900001, 5126064.454000004], [-8231444.424699999, 5126076.134900004], [-8231458.855599999, 5126088.706799999], [-8231459.5636, 5126089.323600002], [-8231477.5561, 5126122.5358000025], [-8231485.6767, 5126133.889200002], [-8231511.9015999995, 5126153.031900004], [-8231527.705399999, 5126163.763300002], [-8231546.0668, 5126187.463799998], [-8231584.952299999, 5126263.4146], [-8231636.7019, 5126349.920299999], [-8231662.5669, 5126414.168899998], [-8231670.182600001, 5126428.965000004], [-8231674.352399999, 5126447.0264], [-8231677.055, 5126464.261200003], [-8231689.5615, 5126483.687799998], [-8231694.422499999, 5126491.238399997], [-8231704.406400001, 5126525.072300002], [-8231706.602399999, 5126546.0779], [-8231710.7158, 5126556.048], [-8231669.1194, 5126634.489500001], [-8231630.2706, 5126661.547499999], [-8231573.8201, 5126677.590099998], [-8231570.5627999995, 5126673.877700001], [-8231567.9201, 5126671.283200003], [-8231559.815199999, 5126663.9921], [-8231559.0755, 5126663.255000003], [-8231549.093699999, 5126652.2346], [-8231548.1084, 5126651.283500001], [-8231538.2082, 5126642.933300003], [-8231537.4057, 5126642.321599998], [-8231536.5472, 5126641.792499997], [-8231535.6405, 5126641.3510000035], [-8231535.1722, 5126641.164399996], [-8231517.6658, 5126634.690099999], [-8231516.5671, 5126634.352899998], [-8231515.4377, 5126634.141999997], [-8231514.2917, 5126634.059699997], [-8231513.1436, 5126634.1074], [-8231512.5737, 5126634.179899998], [-8231491.8004, 5126637.417000003], [-8231490.787699999, 5126637.6281], [-8231489.8015, 5126637.940899998], [-8231489.3215, 5126638.134599999], [-8231477.0163, 5126643.467500001], [-8231476.0351, 5126643.957000002], [-8231475.1121, 5126644.5493], [-8231474.2574000005, 5126645.237800002], [-8231473.481000001, 5126646.0141], [-8231473.125399999, 5126646.432599999], [-8231463.5284, 5126658.353100002], [-8231462.8609, 5126659.284199998], [-8231462.3015, 5126660.284500003], [-8231448.340600001, 5126688.890699998], [-8231447.927999999, 5126689.859300002], [-8231447.616699999, 5126690.8653], [-8231440.0353999995, 5126720.705499999], [-8231439.832900001, 5126721.709899999], [-8231439.7695, 5126722.2183], [-8231437.769099999, 5126742.304099999], [-8231432.740800001, 5126784.961900003], [-8231432.5767, 5126785.942699999], [-8231432.4592, 5126786.425999999], [-8231424.2906, 5126816.819700003], [-8231423.943700001, 5126817.8772], [-8231423.4847, 5126818.891099997], [-8231422.918500001, 5126819.8488000035], [-8231422.2521, 5126820.739100002], [-8231421.8838, 5126821.1558], [-8231398.103700001, 5126846.6197], [-8231397.273700001, 5126847.414099999], [-8231396.360200001, 5126848.1096], [-8231395.3748, 5126848.697899997], [-8231353.0339, 5126870.843000002], [-8231352.197899999, 5126871.233199999], [-8231294.7963, 5126894.9146], [-8231241.885600001, 5126918.382600002], [-8231240.953299999, 5126918.742600001], [-8231239.9902, 5126919.009199999], [-8231239.5001, 5126919.1071000025], [-8231205.3125, 5126925.041699998], [-8231204.298800001, 5126925.165600002], [-8231203.788799999, 5126925.189400002], [-8231142.130799999, 5126926.493500002], [-8231141.6404, 5126926.492299996], [-8231070.371099999, 5126924.560099997], [-8231010.410599999, 5126922.682099998], [-8231009.883300001, 5126922.651799999], [-8230938.986, 5126916.732500002], [-8230938.356799999, 5126916.699699998], [-8230890.695599999, 5126915.684100002], [-8230890.2511, 5126915.664999999], [-8230851.2411, 5126913.122599997], [-8230850.629000001, 5126913.064099997], [-8230823.4002, 5126909.626900002], [-8230822.3026, 5126909.426700003], [-8230821.2333, 5126909.107299998], [-8230820.2052, 5126908.672799997], [-8230819.2305, 5126908.1281], [-8230818.766799999, 5126907.816500001], [-8230796.2881000005, 5126891.7971], [-8230763.668199999, 5126868.855300002], [-8230742.1448, 5126854.318800002], [-8230741.373299999, 5126853.8464], [-8230712.3478999995, 5126837.794299997], [-8230711.1874, 5126837.071400002], [-8230710.236500001, 5126836.352399997], [-8230674.0725, 5126770.948700003], [-8230650.265000001, 5126788.377400003], [-8230649.976600001, 5126788.5945999995], [-8230638.115700001, 5126753.975599997], [-8230637.782500001, 5126753.148900002], [-8230637.3792, 5126752.354199998], [-8230609.544500001, 5126702.975599997], [-8230608.960100001, 5126702.056400001], [-8230608.2815000005, 5126701.2051], [-8230607.909499999, 5126700.807700001], [-8230584.5265999995, 5126677.139700003], [-8230584.1929, 5126676.817000002], [-8230566.386600001, 5126660.360200003], [-8230562.1524, 5126657.512999997], [-8230562.165100001, 5126657.512999997], [-8230550.589199999, 5126649.2289], [-8230545.651699999, 5126646.442100003], [-8230528.2733, 5126636.633599997], [-8230464.4879, 5126642.995399997], [-8230367.009500001, 5126694.678400002], [-8230349.977600001, 5126703.7086], [-8230350.0318, 5126707.1523], [-8230351.0045, 5126768.952799998], [-8230307.055600001, 5126794.045500003], [-8229897.195599999, 5126833.884000003], [-8229877.5747, 5126835.790600002], [-8229883.670600001, 5126905.125], [-8229895.5019000005, 5127072.803999998], [-8229901.4111, 5127145.334399998], [-8229859.6184, 5127143.707699999], [-8229628.179400001, 5127132.8103], [-8229453.9397, 5127125.316399999], [-8229299.102, 5127118.654100001], [-8229064.982999999, 5127103.126699999], [-8228923.7959, 5127100.168700002], [-8228900.941400001, 5126919.620099999], [-8228886.4188, 5126774.873099998], [-8228603.752900001, 5126763.5358000025], [-8228427.460999999, 5126755.155599996], [-8228490.385199999, 5126580.1039], [-8228559.750499999, 5126383.4168], [-8228177.012800001, 5126381.559100002], [-8228174.0732, 5126381.529200003], [-8228168.7443, 5126381.5189], [-8228122.3507, 5126376.522200003], [-8228063.224099999, 5126367.324600004], [-8228034.8686999995, 5126360.607900001], [-8227869.6535, 5126355.3257], [-8227873.178099999, 5126226.679799996], [-8227873.1346, 5126226.5945999995]]]]}}, {"type": "Feature", "properties": {"OBJECTID": 45, "CreationDate": "2025-01-14T11:11:11Z", "Creator": "NPS_WASO_LANDS", "EditDate": "2025-01-14T11:11:11Z", "Editor": "NPS_WASO_LANDS", "GlobalID": "{CBF91AB7-BE2A-4540-87EB-90834CEE97CF}", "AreaID": 21, "UNIT_CODE": "VAMA", "GIS_Notes": "Lands - http://landsnet.nps.gov/tractsnet/documents/VAMA/Metadata/vama_metadata.xml", "UNIT_NAME": "Vanderbilt Mansion National Historic Site", "DATE_EDIT": "2015-07-24T00:00:00Z", "STATE": "NY", "REGION": "NE", "GNIS_ID": "968452", "UNIT_TYPE": "National Historic Site", "CREATED_BY": "Lands", "METADATA": "https://irma.nps.gov/DataStore/Reference/Profile/2224528", "PARKNAME": "Vanderbilt Mansion", "SHAPE_Length": 8133.114430516098, "SHAPE_Area": 1534826.2455061278}, "geometry": {"type": "MultiPolygon", "coordinates": [[[[-8231413.869899999, 5131965.081200004], [-8231398.397399999, 5131960.9826000035], [-8231381.8891, 5131961.172399998], [-8231371.4673999995, 5131968.748300001], [-8231359.2302, 5131982.943999998], [-8231388.534700001, 5131312.981299996], [-8231385.9454, 5131271.254699998], [-8231392.5284, 5131286.782899998], [-8231396.078400001, 5131298.155299999], [-8231405.252, 5131298.3662], [-8231423.328500001, 5131300.213799998], [-8231435.8004, 5131309.575400002], [-8231438.440300001, 5131324.910599999], [-8231438.414799999, 5131334.720299996], [-8231432.0252, 5131356.943899997], [-8231432.3072999995, 5131383.874300003], [-8231439.4857, 5131395.1162], [-8231456.570499999, 5131407.3314], [-8231467.615599999, 5131435.277000003], [-8231476.5591, 5131470.056100003], [-8231479.998199999, 5131494.550700001], [-8231472.9542, 5131512.8342999965], [-8231469.8686, 5131530.0315999985], [-8231475.3453, 5131548.016800001], [-8231476.912799999, 5131583.2623], [-8231475.8989, 5131610.122900002], [-8231477.8895, 5131629.328299999], [-8231485.2524999995, 5131661.419200003], [-8231491.4037999995, 5131675.644199997], [-8231500.8083999995, 5131677.891599998], [-8231509.700300001, 5131682.472199999], [-8231513.2436999995, 5131696.990999997], [-8231512.8596, 5131712.162699997], [-8231516.0019000005, 5131726.224399999], [-8231516.1008, 5131748.370499998], [-8231513.8561, 5131766.048900001], [-8231506.134400001, 5131780.8226], [-8231497.8409, 5131798.168399997], [-8231495.3892, 5131811.495800003], [-8231496.079299999, 5131822.816699997], [-8231489.484999999, 5131846.5339], [-8231486.6326, 5131859.404200003], [-8231489.6973, 5131874.763499998], [-8231488.449999999, 5131905.952500001], [-8231484.7257, 5131918.7754999995], [-8231487.9614, 5131931.105700001], [-8231496.18, 5131947.180200003], [-8231497.559800001, 5131969.827], [-8231490.3398, 5131983.3266], [-8231484.0086, 5132012.502999999], [-8231478.1248, 5132041.2727999985], [-8231478.102600001, 5132057.766400002], [-8231469.219799999, 5132062.059900001], [-8231455.5483, 5132058.714299999], [-8231441.6625, 5132051.447800003], [-8231434.639, 5132037.174900003], [-8231437.2771000005, 5132020.387800001], [-8231434.3047, 5131987.2321000025], [-8231427.351399999, 5131971.661499999], [-8231413.869899999, 5131965.081200004]]], [[[-8231284.3641, 5131853.871399999], [-8231258.1785, 5131843.1581000015], [-8231207.8407000005, 5131862.2971], [-8231203.8815, 5131871.6765], [-8231111.3879, 5131847.236100003], [-8231016.7314, 5131835.337700002], [-8230811.146500001, 5131719.851899996], [-8230748.300000001, 5131684.999700002], [-8230717.7162999995, 5131668.3389], [-8230729.670299999, 5131636.291299999], [-8230751.4361000005, 5131583.208400004], [-8230809.4979, 5131431.633000001], [-8230813.9076000005, 5131414.6888], [-8230827.6021, 5131331.460699998], [-8230842.788799999, 5131238.037100002], [-8230893.3401, 5130884.345399998], [-8230902.625700001, 5130805.888099998], [-8230902.963199999, 5130790.699900001], [-8230902.2346, 5130762.726199999], [-8230898.603499999, 5130693.058200002], [-8230895.173900001, 5130652.232900001], [-8230888.6555, 5130594.2588], [-8230882.2129999995, 5130567.1219], [-8230877.434900001, 5130553.893399999], [-8230871.2508000005, 5130538.940800004], [-8230865.4405000005, 5130527.008199997], [-8230825.799799999, 5130452.403099999], [-8230800.360300001, 5130399.770000003], [-8230786.3703000005, 5130371.536799997], [-8230733.5644000005, 5130258.5973000005], [-8230712.0978, 5130213.551299997], [-8230694.038799999, 5130169.752099998], [-8230661.127599999, 5130083.189499997], [-8230745.454700001, 5130061.151299998], [-8230763.3451000005, 5130111.512999997], [-8230806.6811999995, 5130101.830899999], [-8230795.2042, 5130048.129299998], [-8230796.5912999995, 5130047.797499999], [-8230798.383099999, 5130047.405100003], [-8230799.948999999, 5130046.9947], [-8230905.198799999, 5130019.225900002], [-8230981.477, 5129692.578500003], [-8230984.5868999995, 5129689.366800003], [-8230995.919299999, 5129675.845899999], [-8231043.0188, 5129607.468000002], [-8231050.522, 5129596.2971], [-8231057.9125, 5129590.102300003], [-8231066.6544, 5129584.442199998], [-8231080.464199999, 5129577.1281], [-8231195.811799999, 5129530.625699997], [-8231202.011600001, 5129528.078599997], [-8231208.9761, 5129524.429899998], [-8231354.2349, 5129433.055600002], [-8231364.1328, 5129427.862000003], [-8231405.598300001, 5129410.770199999], [-8231418.224400001, 5129407.978], [-8231471.8323, 5129402.935199998], [-8231475.434699999, 5129400.588200003], [-8231532.867900001, 5129432.325800002], [-8231543.0699000005, 5129438.2700999975], [-8231544.6426, 5129436.571400002], [-8231547.503699999, 5129438.2228000015], [-8231608.3497, 5129374.419500001], [-8231623.7798, 5129386.482900001], [-8231636.5932, 5129396.500500001], [-8231656.181299999, 5129398.729099996], [-8231655.18, 5129455.345700003], [-8231672.300100001, 5129478.147699997], [-8231672.179400001, 5129505.123599999], [-8231654.1412, 5129670.217600003], [-8231637.1416, 5129782.084100001], [-8231619.9549, 5129917.836199999], [-8231615.089199999, 5129999.358800001], [-8231373.9605, 5131086.207999997], [-8231353.2379, 5131182.255800001], [-8231348.581599999, 5131206.800999999], [-8231338.103599999, 5131276.548699997], [-8231333.829700001, 5131315.012800001], [-8231331.925000001, 5131335.7632], [-8231327.4509, 5131433.192299999], [-8231311.3069, 5131880.962700002], [-8231284.3641, 5131853.871399999]]]]}}, {"type": "Feature", "properties": {"OBJECTID": 50, "CreationDate": "2025-01-14T11:11:11Z", "Creator": "NPS_WASO_LANDS", "EditDate": "2025-01-14T11:11:11Z", "Editor": "NPS_WASO_LANDS", "GlobalID": "{E5393A12-97EC-4D8A-9C3D-BD95A4D83BC6}", "AreaID": 27, "UNIT_CODE": "THRB", "GIS_Notes": "Lands - http://landsnet.nps.gov/tractsnet/documents/THRB/Metadata/thrb_metadata.xml", "UNIT_NAME": "Theodore Roosevelt Birthplace National Historic Site", "DATE_EDIT": "2011-03-28T00:00:00Z", "STATE": "NY", "REGION": "NE", "GNIS_ID": "2083047", "UNIT_TYPE": "National Historic Site", "CREATED_BY": "Lands", "METADATA": "https://irma.nps.gov/DataStore/Reference/Profile/2171836", "PARKNAME": "Theodore Roosevelt Birthplace", "SHAPE_Length": 114.33908271367179, "SHAPE_Area": 745.1416515697116}, "geometry": {"type": "MultiPolygon", "coordinates": [[[[-8236419.4057, 4973840.4353], [-8236437.0396, 4973850.087700002], [-8236419.3476, 4973882.659699999], [-8236401.7137, 4973873.007299997], [-8236419.4057, 4973840.4353]]]]}}, {"type": "Feature", "properties": {"OBJECTID": 51, "CreationDate": "2025-01-14T11:11:11Z", "Creator": "NPS_WASO_LANDS", "EditDate": "2025-01-14T11:11:11Z", "Editor": "NPS_WASO_LANDS", "GlobalID": "{3EB1ADC9-E676-439C-AB10-0A3385699F1F}", "AreaID": 28, "UNIT_CODE": "CACL", "GIS_Notes": "Lands - http://landsnet.nps.gov/tractsnet/documents/CACL/Metadata/cacl_metadata.xml", "UNIT_NAME": "Castle Clinton National Monument", "DATE_EDIT": "2007-02-16T00:00:00Z", "STATE": "NY", "REGION": "NE", "GNIS_ID": "945983", "UNIT_TYPE": "National Monument", "CREATED_BY": "Lands", "METADATA": "https://irma.nps.gov/DataStore/Reference/Profile/1047919", "PARKNAME": "Castle Clinton", "SHAPE_Length": 351.83434653236174, "SHAPE_Area": 8988.788230942848}, "geometry": {"type": "MultiPolygon", "coordinates": [[[[-8239544.0568, 4968758.158699997], [-8239490.3564, 4968755.333899997], [-8239453.1987, 4968691.7522], [-8239484.280099999, 4968650.029200003], [-8239519.8105999995, 4968650.832400002], [-8239558.979499999, 4968674.315899998], [-8239567.0638999995, 4968721.702], [-8239544.0568, 4968758.158699997]]]]}}, {"type": "Feature", "properties": {"OBJECTID": 52, "CreationDate": "2025-01-14T11:11:11Z", "Creator": "NPS_WASO_LANDS", "EditDate": "2025-01-14T11:11:11Z", "Editor": "NPS_WASO_LANDS", "GlobalID": "{79827948-9E07-4253-80DA-646DE9740E9B}", "AreaID": 29, "UNIT_CODE": "FEHA", "GIS_Notes": "Lands - http://landsnet.nps.gov/tractsnet/documents/FEHA/Metadata/feha_metadata.xml", "UNIT_NAME": "Federal Hall National Memorial", "DATE_EDIT": "2017-03-30T00:00:00Z", "STATE": "NY", "REGION": "NE", "GNIS_ID": "2057537", "UNIT_TYPE": "National Memorial", "CREATED_BY": "Lands", "METADATA": "https://irma.nps.gov/DataStore/Reference/Profile/2210702", "PARKNAME": "Federal Hall", "SHAPE_Length": 256.84896134347883, "SHAPE_Area": 3743.2353176556917}, "geometry": {"type": "MultiPolygon", "coordinates": [[[[-8238746.5309999995, 4969288.259900004], [-8238743.677200001, 4969286.013700001], [-8238790.253799999, 4969220.063000001], [-8238794.558700001, 4969223.292099997], [-8238794.7588, 4969223.021600001], [-8238825.179, 4969245.961000003], [-8238824.397700001, 4969247.057400003], [-8238824.5865, 4969247.232000001], [-8238823.9223, 4969248.0814], [-8238825.606799999, 4969249.378399998], [-8238778.2787, 4969313.946199998], [-8238776.572799999, 4969312.695200004], [-8238775.751700001, 4969313.750600003], [-8238745.543400001, 4969289.619000003], [-8238746.5232, 4969288.270199999], [-8238746.5309999995, 4969288.259900004]]]]}}, {"type": "Feature", "properties": {"OBJECTID": 53, "CreationDate": "2025-01-14T11:11:11Z", "Creator": "NPS_WASO_LANDS", "EditDate": "2025-01-14T11:11:11Z", "Editor": "NPS_WASO_LANDS", "GlobalID": "{2BD87625-AA7C-4379-A526-011FA7511213}", "AreaID": 30, "UNIT_CODE": "GEGR", "GIS_Notes": "Lands - http://landsnet.nps.gov/tractsnet/documents/GEGR/Metadata/gegr_metadata.xml", "UNIT_NAME": "General Grant National Memorial", "DATE_EDIT": "2013-07-22T00:00:00Z", "STATE": "NY", "REGION": "NE", "GNIS_ID": "2733424", "UNIT_TYPE": "National Memorial", "CREATED_BY": "Lands", "METADATA": "https://irma.nps.gov/DataStore/Reference/Profile/2221818", "PARKNAME": "General Grant", "SHAPE_Length": 299.13281791284084, "SHAPE_Area": 5124.717511945544}, "geometry": {"type": "MultiPolygon", "coordinates": [[[[-8233514.125600001, 4984816.126100004], [-8233533.1077, 4984823.371299997], [-8233533.679199999, 4984821.861900002], [-8233558.8235, 4984831.4573], [-8233558.252, 4984832.966700003], [-8233577.235200001, 4984840.210900001], [-8233549.468599999, 4984909.469300002], [-8233526.281099999, 4984900.631499998], [-8233523.8506000005, 4984906.863799997], [-8233508.636299999, 4984901.064999998], [-8233511.067299999, 4984894.8325999975], [-8233488.0559, 4984886.0616], [-8233514.125600001, 4984816.126100004]]]]}}, {"type": "Feature", "properties": {"OBJECTID": 54, "CreationDate": "2025-01-14T11:11:11Z", "Creator": "NPS_WASO_LANDS", "EditDate": "2025-01-14T11:11:11Z", "Editor": "NPS_WASO_LANDS", "GlobalID": "{A6CC38EA-3941-46A6-9CA4-834BE23720DB}", "AreaID": 31, "UNIT_CODE": "HAGR", "GIS_Notes": "Lands - http://landsnet.nps.gov/tractsnet/documents/HAGR/Metadata/hagr_metadata.xml", "UNIT_NAME": "Hamilton Grange National Memorial", "DATE_EDIT": "2016-03-28T00:00:00Z", "STATE": "NY", "REGION": "NE", "GNIS_ID": "2083660", "UNIT_TYPE": "National Memorial", "CREATED_BY": "Lands", "METADATA": "https://irma.nps.gov/DataStore/Reference/Profile/1047980", "PARKNAME": "Hamilton Grange", "SHAPE_Length": 763.2595750176082, "SHAPE_Area": 12400.387563092941}, "geometry": {"type": "MultiPolygon", "coordinates": [[[[-8231794.233100001, 4986150.427500002], [-8231794.2919, 4986150.321599998], [-8231830.0978999995, 4986170.690899998], [-8231820.8248, 4986187.560500003], [-8231786.5613, 4986168.069600001], [-8231784.9516, 4986167.154100001], [-8231794.233100001, 4986150.427500002]]], [[[-8232137.838099999, 4985061.896700002], [-8232177.9957, 4984988.237199999], [-8232230.1876, 4985017.262500003], [-8232210.1515, 4985054.2104], [-8232190.6570999995, 4985089.840300001], [-8232181.1219, 4985084.750600003], [-8232137.838099999, 4985061.896700002]]], [[[-8231700.037799999, 4986035.512800001], [-8231818.2963, 4985970.987400003], [-8231823.456499999, 4985987.629600003], [-8231824.451300001, 4985990.745399997], [-8231826.8191, 4985998.1608000025], [-8231827.3895, 4985999.762699999], [-8231828.016899999, 4986001.352399997], [-8231828.750499999, 4986003.0251], [-8231785.080499999, 4986082.502999999], [-8231700.037799999, 4986035.512800001]]]]}}, {"type": "Feature", "properties": {"OBJECTID": 55, "CreationDate": "2025-01-14T11:11:11Z", "Creator": "NPS_WASO_LANDS", "EditDate": "2025-01-14T11:11:11Z", "Editor": "NPS_WASO_LANDS", "GlobalID": "{09D38498-C6A6-482B-9881-59546AFDA421}", "AreaID": 32, "UNIT_CODE": "SAHI", "GIS_Notes": "Lands - http://landsnet.nps.gov/tractsnet/documents/SAHI/Metadata/sahi_metadata.xml", "UNIT_NAME": "Sagamore Hill National Historic Site", "DATE_EDIT": "2011-07-29T00:00:00Z", "STATE": "NY", "REGION": "NE", "GNIS_ID": "970557", "UNIT_TYPE": "National Historic Site", "CREATED_BY": "Lands", "METADATA": "https://irma.nps.gov/DataStore/Reference/Profile/2175728", "PARKNAME": "Sagamore Hill", "SHAPE_Length": 6137.989332994293, "SHAPE_Area": 586867.9336386278}, "geometry": {"type": "MultiPolygon", "coordinates": [[[[-8181854.475099999, 4996114.630400002], [-8182000.706, 4995746.114600003], [-8182003.6208, 4995748.957699999], [-8182006.436000001, 4995751.8999999985], [-8182009.1482, 4995754.938500002], [-8182011.7542, 4995758.0691], [-8182014.2508000005, 4995761.288400002], [-8182016.635, 4995764.5923999995], [-8182018.904100001, 4995767.976999998], [-8182021.055299999, 4995771.4384], [-8182023.086100001, 4995774.972400002], [-8182024.994000001, 4995778.575000003], [-8182026.7765999995, 4995782.2412], [-8182028.4319, 4995785.967200004], [-8182029.957800001, 4995789.7487], [-8182031.3529, 4995793.5803999975], [-8182032.6149, 4995797.458499998], [-8182032.9639, 4995798.685099997], [-8182033.270400001, 4995799.923299998], [-8182033.5339, 4995801.171300001], [-8182033.7542, 4995802.427699998], [-8182033.9308, 4995803.691], [-8182034.0636, 4995804.959700003], [-8182034.1526999995, 4995806.232199997], [-8182034.197699999, 4995807.507299997], [-8182034.1987, 4995808.782899998], [-8182034.1555, 4995810.057899997], [-8182034.0682, 4995811.330600001], [-8182033.9373, 4995812.599600002], [-8182033.7623, 4995813.8631], [-8182033.551000001, 4995815.082800001], [-8182033.299000001, 4995816.294500001], [-8182033.006200001, 4995817.497100003], [-8182032.673699999, 4995818.689199999], [-8182032.301000001, 4995819.8693], [-8182031.8892, 4995821.036399998], [-8182031.4386, 4995822.188500002], [-8182030.9494, 4995823.325099997], [-8182030.422499999, 4995824.444200002], [-8182029.8583, 4995825.5449], [-8182029.2576, 4995826.626100004], [-8182028.620999999, 4995827.686300002], [-8182027.949200001, 4995828.724299997], [-8182027.242900001, 4995829.739100002], [-8182026.502900001, 4995830.729500003], [-8182025.7304, 4995831.694200002], [-8182024.925799999, 4995832.632600002], [-8182024.0901999995, 4995833.543099999], [-8182023.2246, 4995834.424800001], [-8182022.3299, 4995835.276799999], [-8182021.4070999995, 4995836.0983000025], [-8182020.4575, 4995836.887500003], [-8182019.481699999, 4995837.644699998], [-8182018.4811, 4995838.368299998], [-8182017.456900001, 4995839.057999998], [-8181966.2609, 4995872.281900004], [-8181964.5024999995, 4995873.398800001], [-8181962.783299999, 4995874.575000003], [-8181961.1052, 4995875.809600003], [-8181959.470000001, 4995877.101099998], [-8181957.8796, 4995878.448200002], [-8181956.335999999, 4995879.848499998], [-8181954.841, 4995881.301299997], [-8181953.396299999, 4995882.804300003], [-8181952.0035999995, 4995884.355999999], [-8181950.6645, 4995885.954599999], [-8181949.3805, 4995887.598200001], [-8181948.1534, 4995889.2848000005], [-8181946.984200001, 4995891.012599997], [-8181945.874500001, 4995892.7795], [-8181944.8257, 4995894.583300002], [-8181943.8388, 4995896.421899997], [-8181942.915100001, 4995898.2936], [-8181942.055500001, 4995900.195799999], [-8181941.261299999, 4995902.126400001], [-8181940.533299999, 4995904.082900003], [-8181857.9397, 4996115.175099999], [-8181854.475099999, 4996114.630400002]]], [[[-8182021.350299999, 4995756.639799997], [-8182018.7281, 4995753.228500001], [-8182015.9915, 4995749.9092999995], [-8182013.1434, 4995746.685800001], [-8182010.1873, 4995743.561899997], [-8182007.126499999, 4995740.541100003], [-8182003.9648, 4995737.626999997], [-8182025.4279, 4995683.599699996], [-8182033.3521, 4995683.633599997], [-8182041.2729, 4995683.4070999995], [-8182049.182, 4995682.919699997], [-8182057.0712, 4995682.1721], [-8182064.931399999, 4995681.165299997], [-8182072.7545, 4995679.9001], [-8182080.532299999, 4995678.377999999], [-8182088.256100001, 4995676.600599997], [-8182095.9175, 4995674.569899999], [-8182103.5085, 4995672.287699997], [-8182111.0209, 4995669.757399999], [-8182118.4465, 4995666.980599999], [-8182125.7775, 4995663.961000003], [-8182133.005799999, 4995660.701700002], [-8182178.775, 4995639.150899999], [-8182185.2201000005, 4995635.986100003], [-8182191.558599999, 4995632.611400001], [-8182197.7838, 4995629.030599996], [-8182203.8892, 4995625.247400001], [-8182209.868100001, 4995621.265600003], [-8182215.7138, 4995617.090099998], [-8182221.420600001, 4995612.724699996], [-8182226.9823, 4995608.174500003], [-8182232.3926, 4995603.443999998], [-8182237.948000001, 4995598.246399999], [-8182243.3211, 4995592.859399997], [-8182248.505100001, 4995587.2883], [-8182253.494000001, 4995581.540899999], [-8182258.2819, 4995575.623499997], [-8182262.8628, 4995569.543300003], [-8182267.2313, 4995563.307599999], [-8182271.382300001, 4995556.923900001], [-8182275.3105999995, 4995550.399899997], [-8182279.012, 4995543.743199997], [-8182282.4815, 4995536.962099999], [-8182285.7151, 4995530.064400002], [-8182288.544299999, 4995523.462099999], [-8182291.157299999, 4995516.770499997], [-8182293.5517, 4995509.997100003], [-8182295.7245000005, 4995503.148699999], [-8182297.673599999, 4995496.232799999], [-8182299.396600001, 4995489.256899998], [-8182300.8924, 4995482.2282000035], [-8182302.1588, 4995475.154299997], [-8182303.194599999, 4995468.042499997], [-8182304.010600001, 4995462.212099999], [-8182312.1127, 4995399.444899999], [-8182325.471999999, 4995424.4777000025], [-8182377.4615, 4995480.133100003], [-8182371.725400001, 4995485.805200003], [-8182319.9528, 4995512.446400002], [-8182353.1592, 4995627.633400001], [-8182373.935799999, 4995666.687399998], [-8182416.2446, 4995702.523500003], [-8182454.849099999, 4995748.149400003], [-8182244.690300001, 4995798.511200003], [-8182220.4662999995, 4995756.549900003], [-8182042.0702, 4995814.905500002], [-8182042.283600001, 4995813.363399997], [-8182042.443399999, 4995811.814599998], [-8182042.549699999, 4995810.261399999], [-8182042.602399999, 4995808.705300003], [-8182042.601199999, 4995807.148400001], [-8182042.5461, 4995805.5923999995], [-8182042.437100001, 4995804.0392], [-8182042.274800001, 4995802.490900002], [-8182042.058800001, 4995800.949100003], [-8182041.789799999, 4995799.415799998], [-8182041.467800001, 4995797.8926], [-8182041.093599999, 4995796.381700002], [-8182040.667099999, 4995794.8847], [-8182039.3354, 4995790.788599998], [-8182037.8651, 4995786.740500003], [-8182036.2577, 4995782.745399997], [-8182034.5154, 4995778.807800002], [-8182032.640000001, 4995774.931900002], [-8182030.634, 4995771.122900002], [-8182028.4991999995, 4995767.3847], [-8182026.238500001, 4995763.722000003], [-8182023.854699999, 4995760.138999999], [-8182021.350299999, 4995756.639799997]]], [[[-8181749.1864, 4995704.189900003], [-8181439.7937, 4995658.981299996], [-8181377.1478, 4995647.358199999], [-8181325.5482, 4995643.458499998], [-8181286.438999999, 4995637.353699997], [-8181098.8299, 4995616.973700002], [-8181070.033299999, 4995617.516900003], [-8180911.6041, 4995644.1521999985], [-8180866.271600001, 4995556.131800003], [-8180852.011600001, 4995518.2815999985], [-8180883.3728, 4995415.5612], [-8180922.698799999, 4995321.865900002], [-8181487.715399999, 4995287.074900001], [-8181504.387599999, 4995303.073100001], [-8181520.3631, 4995315.399700001], [-8181549.332, 4995317.835699998], [-8181585.5331, 4995323.861599997], [-8181596.783, 4995312.942699999], [-8181610.987400001, 4995290.291299999], [-8181632.9201, 4995271.627999999], [-8181649.8015, 4995258.9626], [-8181671.2718, 4995257.875500001], [-8181705.2685, 4995271.901100002], [-8181740.5342, 4995287.262100004], [-8181757.5821, 4995300.142200001], [-8181783.565400001, 4995316.481799997], [-8181820.4581, 4995336.243600003], [-8181879.763499999, 4995318.046400003], [-8182222.649900001, 4995253.753899999], [-8182228.658299999, 4995247.232799999], [-8182235.6908, 4995239.842299998], [-8182243.9637, 4995234.488499999], [-8182257.2269, 4995226.594999999], [-8182262.8397, 4995226.239299998], [-8182274.8992, 4995228.5145], [-8182309.5547, 4995240.3759], [-8182344.1939, 4995241.528800003], [-8182359.437999999, 4995237.400899999], [-8182344.8115, 4995258.825800002], [-8182338.725199999, 4995268.280100003], [-8182332.955, 4995277.9318], [-8182327.5068, 4995287.770499997], [-8182322.386499999, 4995297.784999996], [-8182317.600199999, 4995307.9646999985], [-8182313.153000001, 4995318.298], [-8182309.0496, 4995328.7739999965], [-8182305.294600001, 4995339.3807], [-8182301.8924, 4995350.106600001], [-8182298.8464, 4995360.940099999], [-8182296.16, 4995371.868900001], [-8182293.8364, 4995382.881200001], [-8182291.8781, 4995393.964900002], [-8182290.2870000005, 4995405.107699998], [-8182282.1844, 4995467.874700002], [-8182281.2228, 4995474.462200001], [-8182280.043400001, 4995481.013700001], [-8182278.647399999, 4995487.522200003], [-8182277.036499999, 4995493.9804000035], [-8182275.212400001, 4995500.381399997], [-8182273.177300001, 4995506.717799999], [-8182270.933, 4995512.982799999], [-8182268.4825, 4995519.169100001], [-8182265.828199999, 4995525.270400003], [-8182262.973099999, 4995531.279600002], [-8182259.920399999, 4995537.189999998], [-8182256.6735, 4995542.995300002], [-8182253.236, 4995548.688900001], [-8182235.5836, 4995555.890900001], [-8182234.772700001, 4995572.889300004], [-8182230.225299999, 4995577.836300001], [-8182225.514599999, 4995582.627300002], [-8182220.6461, 4995587.256200001], [-8182215.6251, 4995591.718199998], [-8182210.4573, 4995596.008100003], [-8182205.1489, 4995600.121100001], [-8182199.705600001, 4995604.052199997], [-8182194.1335, 4995607.797700003], [-8182188.439200001, 4995611.352600001], [-8182182.629000001, 4995614.713299997], [-8182176.709000001, 4995617.875799999], [-8182170.687000001, 4995620.8364999965], [-8182124.9015999995, 4995642.347499996], [-8182118.3016, 4995645.324100003], [-8182111.6083, 4995648.082500003], [-8182104.8288, 4995650.619999997], [-8182097.9704, 4995652.933799997], [-8182091.040200001, 4995655.021300003], [-8182084.0459, 4995656.880500004], [-8182076.9947, 4995658.509199999], [-8182069.894300001, 4995659.9058], [-8182062.7521, 4995661.068899997], [-8182055.575999999, 4995661.9969], [-8182048.373400001, 4995662.689199999], [-8182041.1522, 4995663.145000003], [-8182033.9201, 4995663.363499999], [-8182035.573100001, 4995659.2029], [-8182027.517899999, 4995663.397500001], [-8182023.919500001, 4995663.276900001], [-8181937.1226, 4995660.706100002], [-8181935.916200001, 4995701.1027000025], [-8181953.731000001, 4995701.644199997], [-8181755.778000001, 4995805.902400002], [-8181747.4921, 4995793.842100002], [-8181742.7864, 4995781.564199999], [-8181743.065400001, 4995772.741899997], [-8181745.5046, 4995755.1448], [-8181747.8794, 4995746.953199998], [-8181749.1864, 4995704.189900003]]]]}}, {"type": "Feature", "properties": {"OBJECTID": 58, "CreationDate": "2025-01-14T11:11:11Z", "Creator": "NPS_WASO_LANDS", "EditDate": "2025-01-14T11:11:11Z", "Editor": "NPS_WASO_LANDS", "GlobalID": "{19D06CFA-6EEC-4BD8-BD6D-0DB37648CA72}", "AreaID": 35, "UNIT_CODE": "AFBG", "GIS_Notes": "Lands - http://landsnet.nps.gov/tractsnet/documents/AFBG/Metadata/afbg_metadata.xml", "UNIT_NAME": "African Burial Ground National Monument", "DATE_EDIT": "2008-08-19T00:00:00Z", "STATE": "NY", "REGION": "NE", "GNIS_ID": "2060434", "UNIT_TYPE": "National Monument", "CREATED_BY": "Lands", "METADATA": "https://irma.nps.gov/DataStore/Reference/Profile/1048074", "PARKNAME": "African Burial Ground", "SHAPE_Length": 202.49794010698542, "SHAPE_Area": 2425.177667587883}, "geometry": {"type": "MultiPolygon", "coordinates": [[[[-8238160.225500001, 4970328.665399998], [-8238161.1230999995, 4970329.2086], [-8238140.828600001, 4970362.583899997], [-8238087.4498, 4970329.8851], [-8238107.9889, 4970297.049400002], [-8238160.225500001, 4970328.665399998]]]]}}, {"type": "Feature", "properties": {"OBJECTID": 59, "CreationDate": "2025-01-14T11:11:11Z", "Creator": "NPS_WASO_LANDS", "EditDate": "2025-01-14T11:11:11Z", "Editor": "NPS_WASO_LANDS", "GlobalID": "{F56F255B-9B63-42B2-893F-3BC8930CA153}", "AreaID": 36, "UNIT_CODE": "GOIS", "GIS_Notes": "Lands - http://landsnet.nps.gov/tractsnet/documents/GOIS/Metadata/gois_metadata.xml", "UNIT_NAME": "Governors Island National Monument", "DATE_EDIT": "2012-08-15T00:00:00Z", "STATE": "NY", "REGION": "NE", "GNIS_ID": "2092022", "UNIT_TYPE": "National Monument", "CREATED_BY": "Lands", "METADATA": "https://irma.nps.gov/DataStore/Reference/Profile/2188823", "PARKNAME": "Governors Island", "SHAPE_Length": 2618.476637577962, "SHAPE_Area": 160551.90634635108}, "geometry": {"type": "MultiPolygon", "coordinates": [[[[-8238960.4354, 4966879.397100002], [-8238960.756100001, 4966871.748300001], [-8239001.632999999, 4966873.746299997], [-8239001.6577, 4966871.190399997], [-8239034.0516, 4966871.0484], [-8239034.141899999, 4966891.816600002], [-8239015.7269, 4966891.199100003], [-8239015.6855, 4966891.197899997], [-8239000.322799999, 4966890.682599999], [-8239000.6293, 4966881.491899997], [-8238960.4308, 4966879.506399997], [-8238960.4354, 4966879.397100002]]], [[[-8239236.3609, 4966957.674500003], [-8239238.115499999, 4966942.031900004], [-8239246.1547, 4966942.656800002], [-8239262.041200001, 4966937.734499998], [-8239267.9265, 4966957.0449], [-8239269.1866, 4966962.014300004], [-8239269.9679000005, 4966967.081799999], [-8239270.263499999, 4966972.200900003], [-8239270.604, 4967005.994000003], [-8239270.9745000005, 4967012.463299997], [-8239271.952400001, 4967018.868600003], [-8239272.113500001, 4967020.287699997], [-8239272.030099999, 4967021.713600002], [-8239271.7051, 4967023.104099996], [-8239271.1478, 4967024.418700002], [-8239270.374600001, 4967025.617600001], [-8239269.408500001, 4967026.666299999], [-8239268.277899999, 4967027.533399999], [-8239267.0162, 4967028.193499997], [-8239265.6603999995, 4967028.627300002], [-8239264.2509, 4967028.821500003], [-8239262.8289, 4967028.770999998], [-8239235.2425999995, 4967025.3913], [-8239234.164899999, 4967025.1642], [-8239233.1412, 4967024.7566], [-8239232.2015, 4967024.180100001], [-8239231.373199999, 4967023.451899998], [-8239230.68, 4967022.592600003], [-8239230.1427, 4967021.627999999], [-8239229.7764, 4967020.585199997], [-8239229.5921, 4967019.495499998], [-8239229.2357, 4967015.185999997], [-8239234.0624, 4966972.6630000025], [-8239236.3609, 4966957.674500003]]], [[[-8239329.645, 4967165.341600001], [-8239279.954500001, 4967152.2786], [-8239230.2641, 4967139.215499997], [-8239237.428300001, 4967111.670199998], [-8239272.1285, 4967115.867799997], [-8239342.4640999995, 4967134.445100002], [-8239341.9594, 4967136.370700002], [-8239346.937899999, 4967137.661399998], [-8239347.611, 4967138.184500001], [-8239348.1897, 4967138.811399996], [-8239348.6579, 4967139.525300004], [-8239349.0032, 4967140.306299999], [-8239349.2162, 4967141.1338], [-8239349.291099999, 4967141.985200003], [-8239349.2258, 4967142.8374999985], [-8239349.0221, 4967143.667099997], [-8239335.6788, 4967162.353500001], [-8239333.2349, 4967160.309500001], [-8239329.645, 4967165.341600001]]], [[[-8239739.908, 4967135.465599999], [-8239734.7435, 4967110.8467999995], [-8239731.667199999, 4967113.365900002], [-8239728.209000001, 4967115.323600002], [-8239724.4695999995, 4967116.6630000025], [-8239720.5583999995, 4967117.345200002], [-8239716.588199999, 4967117.350699998], [-8239667.134099999, 4967113.169299997], [-8239624.249299999, 4967109.539999999], [-8239581.364600001, 4967105.910400003], [-8239538.48, 4967102.2808], [-8239495.5952, 4967098.650899999], [-8239452.797700001, 4967094.874899998], [-8239433.1995, 4967092.4186], [-8239413.5079, 4967089.706299998], [-8239379.1412, 4967084.395400003], [-8239378.6689, 4967084.702399999], [-8239378.152799999, 4967084.927000001], [-8239377.607000001, 4967085.063500002], [-8239377.0462, 4967085.108199999], [-8239376.4858, 4967085.059699997], [-8239373.191400001, 4967084.497400001], [-8239372.690099999, 4967084.369400002], [-8239372.216, 4967084.1624], [-8239371.781199999, 4967083.881700002], [-8239371.3968, 4967083.534599997], [-8239371.072799999, 4967083.130000003], [-8239354.718800001, 4967079.847000003], [-8239331.4528, 4967071.577399999], [-8239322.5776, 4967067.9507], [-8239314.0745, 4967063.516099997], [-8239306.016000001, 4967058.311499998], [-8239298.4713, 4967052.381300002], [-8239293.0868, 4967047.126599997], [-8239288.3759, 4967041.255800001], [-8239284.408500001, 4967034.8554000035], [-8239281.242699999, 4967028.019500002], [-8239278.925100001, 4967020.848700002], [-8239277.4901, 4967013.449199997], [-8239276.9586, 4967005.9296], [-8239276.617900001, 4966972.136500001], [-8239276.2874, 4966966.4086000025], [-8239275.4133, 4966960.738499999], [-8239274.0042, 4966955.178199999], [-8239255.700300001, 4966895.121299997], [-8239233.5974, 4966891.473200001], [-8239232.3489, 4966890.2168999985], [-8239230.127699999, 4966885.313900001], [-8239228.616800001, 4966880.2337], [-8239227.5506, 4966874.021600001], [-8239233.304199999, 4966818.9782000035], [-8239239.0578000005, 4966763.934900001], [-8239272.7183, 4966767.2201000005], [-8239279.9022, 4966760.273000002], [-8239281.5836, 4966761.769000001], [-8239283.4869, 4966762.9679000005], [-8239285.5602, 4966763.836900003], [-8239287.7475000005, 4966764.352899998], [-8239289.989600001, 4966764.501800001], [-8239292.225400001, 4966764.2788999975], [-8239294.3946, 4966763.691399999], [-8239296.4383000005, 4966762.754000001], [-8239298.3014, 4966761.493199997], [-8239299.9329, 4966759.942199998], [-8239301.289000001, 4966758.143799998], [-8239302.332599999, 4966756.146700002], [-8239303.0359000005, 4966754.004299998], [-8239303.3796, 4966751.775200002], [-8239346.6941, 4966758.579099998], [-8239390.0089, 4966765.382600002], [-8239433.3235, 4966772.186099999], [-8239476.6383, 4966778.989299998], [-8239519.953199999, 4966785.792499997], [-8239563.267899999, 4966792.595299996], [-8239606.583000001, 4966799.398000002], [-8239621.272399999, 4966834.492200002], [-8239622.744899999, 4966838.862199999], [-8239623.5811, 4966843.398599997], [-8239623.763599999, 4966848.008400001], [-8239623.289100001, 4966852.597000003], [-8239622.166999999, 4966857.070900001], [-8239621.174799999, 4966861.027800001], [-8239620.756100001, 4966865.0864999965], [-8239620.919399999, 4966869.1635000035], [-8239621.6614, 4966873.175300002], [-8239622.9669, 4966877.039300002], [-8239641.7333, 4966921.762400001], [-8239660.4999, 4966966.485699996], [-8239692.629000001, 4966997.692599997], [-8239746.1351, 4966994.57], [-8239801.975500001, 4966999.742299996], [-8239801.5679, 4967003.333999999], [-8239841.563999999, 4967007.4174000025], [-8239881.5600000005, 4967011.500500001], [-8239879.138800001, 4967025.533], [-8239867.581, 4967063.5207], [-8239845.177999999, 4967132.8522000015], [-8239831.446799999, 4967163.632399999], [-8239828.515900001, 4967169.053099997], [-8239824.798900001, 4967173.963600002], [-8239820.381899999, 4967178.251000002], [-8239815.3675999995, 4967181.8147], [-8239809.872300001, 4967184.572700001], [-8239804.0233, 4967186.4608], [-8239797.956700001, 4967187.434900001], [-8239791.8127999995, 4967187.472900003], [-8239732.133199999, 4967183.2667], [-8239739.908, 4967135.465599999]]]]}}, {"type": "Feature", "properties": {"OBJECTID": 65, "CreationDate": "2025-01-14T11:11:11Z", "Creator": "NPS_WASO_LANDS", "EditDate": "2025-01-14T11:11:11Z", "Editor": "NPS_WASO_LANDS", "GlobalID": "{0D4A4100-13C7-420B-8388-13DB9FA6BFE6}", "AreaID": 44, "UNIT_CODE": "WORI", "GIS_Notes": "Lands - http://landsnet.nps.gov/tractsnet/documents/WORI/Metadata/wori_metadata.xml", "UNIT_NAME": "Women's Rights National Historical Park", "DATE_EDIT": "2011-08-19T00:00:00Z", "STATE": "NY", "REGION": "NE", "GNIS_ID": "1888975", "UNIT_TYPE": "National Historical Park", "CREATED_BY": "Lands", "METADATA": "https://irma.nps.gov/DataStore/Reference/Profile/2175720", "PARKNAME": "Women's Rights", "SHAPE_Length": 2486.2671596015766, "SHAPE_Area": 56856.83827411505}, "geometry": {"type": "MultiPolygon", "coordinates": [[[[-8549450.2001, 5298325.268200003], [-8549448.1975, 5298325.588600002], [-8549448.9752, 5298331.700199999], [-8549427.1952, 5298335.424999997], [-8549423.0019, 5298304.7146999985], [-8549446.5166, 5298301.577], [-8549461.2736, 5298299.607900001], [-8549476.77, 5298296.932999998], [-8549480.7922, 5298320.307300001], [-8549464.0338, 5298321.420599997], [-8549463.7334, 5298323.102799997], [-8549450.2001, 5298325.268200003]]], [[[-8556220.7181, 5297540.446099997], [-8556245.8333, 5297546.197099999], [-8556231.0918, 5297611.0424000025], [-8556205.9763, 5297605.2914], [-8556165.8721, 5297596.107500002], [-8556180.9015, 5297529.997900002], [-8556220.7181, 5297540.446099997]]], [[[-8547967.8253, 5298856.8609], [-8547989.2476, 5298773.138999999], [-8548038.0979, 5298787.904200003], [-8548060.0717, 5298773.331699997], [-8548084.5944, 5298777.853299998], [-8548078.1375, 5298785.0886999965], [-8548074.7977, 5298798.995499998], [-8548070.5491, 5298814.025300004], [-8548058.9869, 5298820.617600001], [-8548041.0299, 5298828.134499997], [-8548014.9053, 5298845.7443], [-8547967.8253, 5298856.8609]]], [[[-8549387.2181, 5298461.6630000025], [-8549334.0972, 5298463.3483000025], [-8549333.5302, 5298449.243000001], [-8549312.6065, 5298448.618900001], [-8549291.4756, 5298447.985699996], [-8549284.6021, 5298447.780199997], [-8549283.6262, 5298382.590400003], [-8549284.0743, 5298380.589000002], [-8549285.0531, 5298376.217], [-8549287.9328, 5298373.603799999], [-8549311.6022, 5298373.832400002], [-8549342.2021, 5298375.200900003], [-8549377.7066, 5298375.688199997], [-8549382.9044, 5298376.543300003], [-8549388.8145, 5298379.410700001], [-8549390.3486, 5298384.481700003], [-8549390.7817, 5298394.335199997], [-8549391.4909, 5298410.471299998], [-8549393.8321, 5298461.453299999], [-8549387.2181, 5298461.6630000025]]], [[[-8547953.8146, 5298738.716300003], [-8547932.6708, 5298731.620099999], [-8547968.2181, 5298625.450599998], [-8547989.6646, 5298631.801799998], [-8548021.6614, 5298641.606799997], [-8548034.9521, 5298602.2141999975], [-8548094.6006, 5298620.371399999], [-8548081.2734, 5298659.873400003], [-8548071.9442, 5298687.524899997], [-8548059.9493, 5298723.076700002], [-8548044.4141, 5298769.1228], [-8547953.8146, 5298738.716300003]]], [[[-8554220.2518, 5297087.1976], [-8554359.6272, 5297068.685699999], [-8554363.328, 5297186.487099998], [-8554322.1488, 5297192.217100002], [-8554322.8035, 5297213.056000002], [-8554323.2127, 5297265.177900001], [-8554201.8163, 5297281.9059000015], [-8554198.1765, 5297261.535599999], [-8554268.9304, 5297251.786200002], [-8554264.2373, 5297194.9164], [-8554243.61, 5297195.875], [-8554220.2518, 5297087.1976]]]]}}, {"type": "Feature", "properties": {"OBJECTID": 171, "CreationDate": "2025-01-14T11:11:11Z", "Creator": "NPS_WASO_LANDS", "EditDate": "2025-01-14T11:11:11Z", "Editor": "NPS_WASO_LANDS", "GlobalID": "{1440566E-19E2-47BD-BF58-1D5AE330DE33}", "AreaID": 164, "UNIT_CODE": "UPDE", "GIS_Notes": "Lands - http://landsnet.nps.gov/tractsnet/documents/UPDE/Metadata/upde_metadata.xml", "UNIT_NAME": "Upper Delaware Scenic and Recreational River", "DATE_EDIT": "2015-12-22T00:00:00Z", "STATE": "NY", "REGION": "NE", "GNIS_ID": "1888970", "UNIT_TYPE": "National Wild & Scenic River", "CREATED_BY": "Lands", "METADATA": "https://irma.nps.gov/DataStore/Reference/Profile/2225706", "PARKNAME": "Upper Delaware", "SHAPE_Length": 315325.40805681684, "SHAPE_Area": 414752036.5252475}, "geometry": {"type": "MultiPolygon", "coordinates": [[[[-8321846.0668, 5076818.693999998], [-8321804.422700001, 5076818.860799998], [-8321720.687000001, 5076820.2623], [-8321607.352700001, 5076820.708800003], [-8321499.092800001, 5076821.1723000035], [-8321407.748199999, 5076821.695100002], [-8321308.7916, 5076822.189499997], [-8321213.2212000005, 5076821.846299998], [-8321135.4146, 5076820.717], [-8321086.2038, 5076817.143600002], [-8321070.873299999, 5076846.802100003], [-8321041.9001, 5076906.974299997], [-8321005.2535999995, 5076984.0988000035], [-8320961.803400001, 5077071.386699997], [-8320915.803400001, 5077161.8923999965], [-8320898.764699999, 5077195.790299997], [-8320868.9559, 5077252.565099999], [-8320840.82, 5077314.440399997], [-8320816.1318, 5077358.498999998], [-8320785.4734000005, 5077416.120499998], [-8320759.105, 5077456.777400002], [-8320743.986199999, 5077474.212099999], [-8320725.264, 5077505.557499997], [-8320701.457699999, 5077539.4318], [-8320676.820599999, 5077569.057700001], [-8320642.0276, 5077600.344700001], [-8320596.2293, 5077634.138400003], [-8320545.3682, 5077664.517200001], [-8320503.848099999, 5077684.741700001], [-8320459.802999999, 5077701.560400002], [-8320414.927300001, 5077714.1307], [-8320364.9923, 5077722.436999999], [-8320321.842499999, 5077725.673699997], [-8320282.0792, 5077728.073899999], [-8320233.0304000005, 5077725.3451000005], [-8320180.5954, 5077723.452600002], [-8320132.401900001, 5077718.179200001], [-8320067.9969999995, 5077705.204099998], [-8320016.4361000005, 5077695.672399998], [-8319986.0054, 5077690.4646999985], [-8319938.683499999, 5077678.4014], [-8319904.0363, 5077669.781499997], [-8319867.7195999995, 5077655.2119999975], [-8319807.755000001, 5077631.214100003], [-8319746.964, 5077602.118600003], [-8319679.425899999, 5077567.903300002], [-8319622.0252, 5077537.122000001], [-8319562.9428, 5077503.786799997], [-8319508.9241, 5077473.5273], [-8319466.729900001, 5077447.8967999965], [-8319431.2862, 5077426.537199996], [-8319394.1767, 5077398.378700003], [-8319344.4222, 5077359.1351], [-8319273.5973000005, 5077300.2839], [-8319174.9344999995, 5077222.308700003], [-8319091.4735, 5077150.673699997], [-8319010.5284, 5077084.991300002], [-8318927.0469, 5077019.298799999], [-8318845.248400001, 5076956.159400001], [-8318803.9463, 5076919.494099997], [-8318766.863299999, 5076885.392200001], [-8318742.4376, 5076858.979699999], [-8318712.98, 5076821.511399999], [-8318687.7545, 5076783.210199997], [-8318669.3312, 5076735.596900001], [-8318662.6799, 5076705.857699998], [-8318652.8091, 5076633.6581000015], [-8318648.009500001, 5076562.3279], [-8318650.736400001, 5076513.099600002], [-8318659.2984, 5076485.966600001], [-8318662.7663, 5076463.9076000005], [-8318665.081599999, 5076433.694499999], [-8318702.5349, 5076371.018299997], [-8318747.6709, 5076289.695799999], [-8318774.0482, 5076248.030599996], [-8318811.4704, 5076192.995300002], [-8318863.3343, 5076121.0374], [-8318893.9581, 5076074.465400003], [-8318916.069499999, 5076042.292199999], [-8318935.659600001, 5076005.864699997], [-8318945.0594999995, 5075980.434], [-8318952.7809999995, 5075951.601199999], [-8318955.418500001, 5075925.295400001], [-8318951.326400001, 5075889.626599997], [-8318947.2181, 5075858.202100001], [-8318943.100199999, 5075829.324100003], [-8318937.3007, 5075797.893299997], [-8318919.8068, 5075728.557800002], [-8318899.855599999, 5075638.500799999], [-8318885.850099999, 5075541.676600002], [-8318875.9300999995, 5075482.218699999], [-8318871.083900001, 5075422.780599996], [-8318874.564099999, 5075397.328599997], [-8318898.4461, 5075343.9432], [-8318922.3377, 5075288.011799999], [-8318935.1493999995, 5075254.786799997], [-8318953.046800001, 5075218.355800003], [-8318959.876599999, 5075201.4054000005], [-8318953.1504999995, 5075191.193499997], [-8318936.322799999, 5075169.059600003], [-8318918.6592999995, 5075144.3759], [-8318906.0855, 5075115.467500001], [-8318898.6247000005, 5075076.393299997], [-8318897.0375, 5075049.2249], [-8318898.1559999995, 5074977.929099999], [-8318905.206499999, 5074903.261200003], [-8318913.0896000005, 5074831.992600001], [-8318922.556600001, 5074788.740400001], [-8318936.3278, 5074725.4736], [-8318942.363500001, 5074694.940499999], [-8318959.5798, 5074615.221299998], [-8318985.3452, 5074510.921099998], [-8319014.4858, 5074408.332400002], [-8319032.4363, 5074357.475900002], [-8319056.298800001, 5074308.339500003], [-8319099.685799999, 5074238.908299997], [-8319126.8716, 5074205.062399998], [-8319148.978, 5074172.894699998], [-8319162.2829, 5074142.7304000035], [-8319186.2184999995, 5074074.0744], [-8319201.624500001, 5074024.906999998], [-8319214.4617, 5073984.217200004], [-8319229.0671, 5073923.164999999], [-8319241.9683, 5073865.501599997], [-8319253.194700001, 5073803.588600002], [-8319263.556, 5073746.764899999], [-8319272.3149999995, 5073666.511500001], [-8319286.964400001, 5073593.579800002], [-8319309.431600001, 5073465.5141], [-8319336.1898, 5073320.493199997], [-8319349.989399999, 5073248.4092999995], [-8319385.0306, 5073193.210100003], [-8319410.5633000005, 5073148.328299999], [-8319450.5737, 5073075.496299997], [-8319487.172900001, 5073010.289499998], [-8319529.7184, 5072937.467799999], [-8319576.512599999, 5072858.722000003], [-8319613.113399999, 5072792.667800002], [-8319663.3004, 5072710.541199997], [-8319688.8123, 5072670.582800001], [-8319749.2632, 5072556.248800002], [-8319796.0791, 5072470.7163999975], [-8319819.9142, 5072426.679200001], [-8319858.205499999, 5072359.784500003], [-8319868.3594, 5072357.276799999], [-8319930.919199999, 5072356.662199996], [-8319989.246099999, 5072357.728399999], [-8320044.172599999, 5072363.873199999], [-8320110.921700001, 5072373.456], [-8320146.614800001, 5072382.863799997], [-8320159.9056, 5072386.366999999], [-8320198.7434, 5072399.748800002], [-8320246.8511, 5072421.141400002], [-8320307.6206, 5072447.672700003], [-8320342.2059, 5072468.1668], [-8320370.857999999, 5072492.881700002], [-8320394.3915, 5072530.306500003], [-8320415.410499999, 5072561.7820999995], [-8320441.4399, 5072610.248099998], [-8320470.8014, 5072672.304499999], [-8320485.7883, 5072735.1567], [-8320493.9812, 5072806.470700003], [-8320497.133400001, 5072869.1105], [-8320504.577500001, 5072914.115199998], [-8320515.3224, 5072981.196500003], [-8320525.2532, 5073039.788999997], [-8320541.0616999995, 5073109.435699999], [-8320552.6866, 5073167.186499998], [-8320578.6995, 5073220.747199997], [-8320588.7816, 5073238.096600004], [-8320614.860099999, 5073273.835900001], [-8320662.7996, 5073342.753300004], [-8320703.164899999, 5073402.307700001], [-8320740.1735, 5073455.060599998], [-8320788.944800001, 5073528.225100003], [-8320835.165200001, 5073605.623800002], [-8320858.671599999, 5073651.708400004], [-8320883.8605, 5073700.175700001], [-8320905.646299999, 5073754.571800001], [-8320937.4647, 5073840.4067], [-8320964.204399999, 5073927.921099998], [-8320990.1175999995, 5074010.340999998], [-8321013.478599999, 5074097.165600002], [-8321029.3105999995, 5074161.726599999], [-8321055.9847, 5074267.916100003], [-8321081.7925, 5074380.0446000025], [-8321100.043, 5074477.717799999], [-8321115.8214, 5074557.559], [-8321127.4484, 5074616.1664], [-8321134.3588, 5074622.641999997], [-8321197.837099999, 5074605.895000003], [-8321254.544600001, 5074590.821000002], [-8321312.948999999, 5074574.055], [-8321376.442, 5074553.063199997], [-8321470.4047, 5074523.692000002], [-8321530.507999999, 5074504.554399997], [-8321583.8412, 5074486.920199998], [-8321657.5185, 5074454.928999998], [-8321721.0218, 5074430.5402000025], [-8321804.3586, 5074392.641000003], [-8321849.2531, 5074369.883000001], [-8321904.3179, 5074340.370899998], [-8321956.0001, 5074310.846500002], [-8321991.59, 5074288.904299997], [-8322034.8047, 5074262.744900003], [-8322066.169500001, 5074239.9388], [-8322107.704399999, 5074210.378399998], [-8322154.327199999, 5074176.592], [-8322195.020099999, 5074145.8401999995], [-8322234.0353999995, 5074111.178300001], [-8322291.719699999, 5074057.060699999], [-8322369.7425999995, 5073989.434100002], [-8322435.903999999, 5073928.556000002], [-8322507.982899999, 5073867.6985], [-8322574.0899, 5073822.096600004], [-8322629.1698, 5073786.641199999], [-8322667.2841, 5073767.2522], [-8322752.818299999, 5073726.808899999], [-8322811.2411, 5073702.397100002], [-8322872.2146000005, 5073673.750299998], [-8322920.479499999, 5073652.698100001], [-8322973.8259, 5073629.116800003], [-8323036.509500001, 5073594.5342999995], [-8323100.041200001, 5073559.105700001], [-8323149.184800001, 5073527.871399999], [-8323219.5024999995, 5073485.6756], [-8323299.136499999, 5073438.419100001], [-8323377.935900001, 5073387.764700003], [-8323445.7206999995, 5073343.862099998], [-8323543.2873, 5073293.269900002], [-8323605.1186, 5073259.530599996], [-8323658.475199999, 5073231.703400001], [-8323732.9816, 5073199.703100003], [-8323792.263900001, 5073169.349100001], [-8323853.2059, 5073148.3352999985], [-8323911.597100001, 5073131.556000002], [-8323982.6613, 5073117.364299998], [-8324041.015900001, 5073111.616700001], [-8324089.2084, 5073110.927000001], [-8324133.1655, 5073112.769100003], [-8324165.446900001, 5073117.1184], [-8324200.087400001, 5073124.021499999], [-8324243.1657, 5073136.043899998], [-8324287.0867, 5073148.917599998], [-8324343.661800001, 5073170.318999998], [-8324421.342700001, 5073201.1241], [-8324501.573899999, 5073227.693800002], [-8324537.0494, 5073237.993000001], [-8324573.3707, 5073248.294799998], [-8324610.556600001, 5073252.658799998], [-8324641.827, 5073256.154799998], [-8324680.717499999, 5073256.280500002], [-8324714.5298999995, 5073258.087200001], [-8324760.186799999, 5073257.386], [-8324782.1766, 5073254.9111], [-8324815.1708, 5073248.228], [-8324849.8693, 5073237.3072], [-8324893.0309, 5073223.867299996], [-8324943.811799999, 5073207.057300001], [-8324996.4563, 5073189.064800002], [-8325058.2412, 5073168.046099998], [-8325140.332599999, 5073141.999899998], [-8325208.0320999995, 5073121.8477], [-8325279.115900001, 5073100.8574], [-8325337.517899999, 5073079.826300003], [-8325416.215299999, 5073057.161799997], [-8325497.7947, 5073031.959899999], [-8325557.884, 5073011.781800002], [-8325647.589400001, 5072983.2095], [-8325727.9867, 5072957.153499998], [-8325797.3719999995, 5072937.851599999], [-8325859.1482, 5072918.5254999995], [-8325913.325999999, 5072895.781000003], [-8325964.1141, 5072875.571599998], [-8326018.0737, 5072923.261799999], [-8326055.005799999, 5072954.775600001], [-8326097.156400001, 5072993.9428], [-8326139.3100000005, 5073032.261600003], [-8326205.9136, 5073092.720200002], [-8326250.585999999, 5073136.987099998], [-8326296.957699999, 5073178.713200003], [-8326343.3244, 5073222.136500001], [-8326386.3149999995, 5073263.852499999], [-8326440.260600001, 5073317.482799999], [-8326480.7053, 5073362.5852999985], [-8326529.6128, 5073405.1677], [-8326565.8618, 5073440.0735], [-8326590.471000001, 5073465.948100001], [-8326647.793, 5073522.134800002], [-8326687.4044, 5073563.8401999995], [-8326754.8477, 5073628.544299997], [-8326798.6899, 5073669.413800001], [-8326849.299000001, 5073709.454700001], [-8326878.82, 5073733.137500003], [-8326917.6438, 5073756.169200003], [-8326960.6951, 5073779.213100001], [-8327020.6768, 5073795.518200003], [-8327066.298, 5073807.5363000035], [-8327113.617900001, 5073817.013400003], [-8327168.709000001, 5073829.0594], [-8327231.2379, 5073841.975699998], [-8327277.707699999, 5073853.147], [-8327362.184800001, 5073878.0097], [-8327424.679300001, 5073902.806900002], [-8327487.1567, 5073933.5446000025], [-8327563.9559, 5073982.1472999975], [-8327635.690099999, 5074028.1888], [-8327694.759500001, 5074068.251599997], [-8327728.5035999995, 5074094.6608000025], [-8327771.531199999, 5074127.037799999], [-8327811.5118, 5074160.594700001], [-8327861.9936999995, 5074130.186899997], [-8327947.536599999, 5074080.3596], [-8328038.163699999, 5074026.302900001], [-8328118.624299999, 5073979.006300002], [-8328188.0779, 5073936.769699998], [-8328267.356799999, 5073888.280699998], [-8328339.3528, 5073843.504600003], [-8328407.9493, 5073804.659599997], [-8328475.714299999, 5073760.719800003], [-8328555.322799999, 5073714.266800001], [-8328646.7719, 5073666.149599999], [-8328683.960999999, 5073670.497900002], [-8328705.9388, 5073672.257200003], [-8328770.1766, 5073679.227399997], [-8328766.749299999, 5073695.343199998], [-8328758.175100001, 5073737.754000001], [-8328738.485400001, 5073824.266500004], [-8328717.954500001, 5073909.079800002], [-8328693.167099999, 5074004.066699997], [-8328675.191199999, 5074082.0988000035], [-8328655.519300001, 5074161.8244], [-8328636.7005, 5074238.667199999], [-8328630.6907, 5074270.902599998], [-8328620.3837, 5074327.739600003], [-8328610.021400001, 5074404.0983000025], [-8328604.727299999, 5074482.169399999], [-8328606.1713, 5074569.5967999995], [-8328608.3751, 5074687.4133], [-8328614.056700001, 5074771.4592999965], [-8328619.8007, 5074833.437399998], [-8328616.9595, 5074941.2271], [-8328614.144200001, 5075039.681100003], [-8328603.706700001, 5075142.358599998], [-8328593.199100001, 5075209.895400003], [-8328586.2709, 5075267.596199997], [-8328569.0703, 5075369.408200003], [-8328551.8618, 5075473.767800003], [-8328539.748500001, 5075570.502899997], [-8328525.9102, 5075679.1184], [-8328521.453400001, 5075734.848399997], [-8328551.9165, 5075728.143700004], [-8328609.450300001, 5075718.119999997], [-8328663.5943, 5075710.633000001], [-8328714.360200001, 5075701.438500002], [-8328750.745200001, 5075693.901100002], [-8328802.3565, 5075684.708499998], [-8328875.119000001, 5075672.179300003], [-8328947.8738, 5075662.1963], [-8329018.0966, 5075650.5079], [-8329069.707599999, 5075641.313699998], [-8329126.389799999, 5075632.982199997], [-8329224.525900001, 5075618.823299997], [-8329261.415100001, 5075612.134300001], [-8329305.4123, 5075603.766999997], [-8329367.1753, 5075592.901600003], [-8329415.398600001, 5075585.394199997], [-8329472.0943, 5075571.967500001], [-8329524.552300001, 5075561.924800001], [-8329577.853599999, 5075552.732799999], [-8329633.6917, 5075543.547499999], [-8329678.536499999, 5075534.331900001], [-8329731.8444, 5075522.592299998], [-8329780.9286, 5075509.1435], [-8329821.5516, 5075497.3693], [-8329873.1885, 5075477.984999999], [-8329918.062100001, 5075457.733499996], [-8329961.2469, 5075436.628200002], [-8330003.590299999, 5075413.822899997], [-8330043.118899999, 5075394.656400003], [-8330105.7798, 5075363.4169000015], [-8330156.5901, 5075336.3895], [-8330209.0756, 5075315.308300003], [-8330261.551999999, 5075297.622100003], [-8330320.7907, 5075280.8024], [-8330377.4789, 5075269.068700001], [-8330447.7015, 5075255.672700003], [-8330505.2282, 5075246.4868], [-8330565.291999999, 5075237.307400003], [-8330619.4406, 5075226.414399996], [-8330682.884299999, 5075218.092], [-8330744.632099999, 5075211.462300003], [-8330810.594799999, 5075209.9362], [-8330873.179300001, 5075206.703100003], [-8330925.4407, 5075205.989600003], [-8330996.466, 5075208.719499998], [-8331051.4224, 5075212.256200001], [-8331108.0636, 5075218.343599997], [-8331152.8705, 5075222.702500001], [-8331194.2885, 5075229.599299997], [-8331240.771500001, 5075239.903800003], [-8331288.9308, 5075256.1543999985], [-8331352.305, 5075274.990000002], [-8331438.487600001, 5075303.220200002], [-8331517.918500001, 5075326.3396999985], [-8331566.9308, 5075340.0446000025], [-8331613.4, 5075356.289399996], [-8331656.822799999, 5075373.375299998], [-8331699.8925, 5075396.402099997], [-8331753.930299999, 5075429.642200001], [-8331795.3072, 5075453.513300002], [-8331842.578400001, 5075487.585199997], [-8331895.7567, 5075526.764799997], [-8331952.3245, 5075563.4059000015], [-8332011.4253, 5075601.751100004], [-8332071.3763999995, 5075638.400200002], [-8332134.7086, 5075675.906400003], [-8332187.920600001, 5075702.3522000015], [-8332234.377800001, 5075724.536600001], [-8332273.243000001, 5075739.0625], [-8332312.108200001, 5075753.588600002], [-8332345.0644000005, 5075763.8552], [-8332366.1874, 5075771.546700001], [-8332404.2404, 5075772.4881], [-8332426.2278, 5075772.541299999], [-8332449.912699999, 5075770.052299999], [-8332475.2992, 5075763.323100001], [-8332499.499500001, 5075757.439599998], [-8332534.2028, 5075744.789999999], [-8332584.995999999, 5075722.842299998], [-8332639.1656, 5075703.448700003], [-8332695.880000001, 5075680.6655], [-8332742.43, 5075664.648500003], [-8332786.4408, 5075649.474399999], [-8332821.1391, 5075638.521899998], [-8332853.2883, 5075632.6565999985], [-8332918.423900001, 5075624.323100001], [-8332994.545, 5075619.410599999], [-8333063.051000001, 5075616.177100003], [-8333136.639, 5075609.560000002], [-8333189.9231, 5075606.2897000015], [-8333229.676899999, 5075602.987499997], [-8333255.0524, 5075600.500500001], [-8333279.0809, 5075595.463500001], [-8333296.863500001, 5075585.318700001], [-8333322.2688, 5075570.098700002], [-8333350.218900001, 5075551.489], [-8333379.022399999, 5075529.485799998], [-8333410.3728, 5075503.244199999], [-8333441.720899999, 5075477.851499997], [-8333465.452199999, 5075454.987800002], [-8333495.960200001, 5075427.046499997], [-8333526.4701000005, 5075398.256300002], [-8333553.5933, 5075371.156099997], [-8333586.641799999, 5075341.5229], [-8333621.383099999, 5075311.044799998], [-8333645.841700001, 5075339.112899996], [-8333674.5208, 5075370.586000003], [-8333720.0483, 5075430.109700002], [-8333758.840600001, 5075476.885300003], [-8333792.572899999, 5075517.707400002], [-8333842.326199999, 5075578.939000003], [-8333884.488600001, 5075631.6646], [-8333925.805199999, 5075684.727799997], [-8333948.5724, 5075713.641199999], [-8333973.8708, 5075745.106899999], [-8334002.542400001, 5075780.8248], [-8334025.319599999, 5075805.493900001], [-8334057.3763, 5075840.3706], [-8334093.6481, 5075881.198899999], [-8334114.7345, 5075905.864299998], [-8334155.3215, 5075908.5022], [-8334211.9761, 5075911.175999999], [-8334278.781199999, 5075913.023400001], [-8334360.806399999, 5075915.753200002], [-8334447.0527, 5075921.887199998], [-8334520.613600001, 5075927.992200002], [-8334585.720000001, 5075933.2294000015], [-8334637.8046, 5075937.588500001], [-8334675.854699999, 5075940.218699999], [-8334724.898800001, 5075942.873099998], [-8334761.2557, 5075946.347900003], [-8334812.8423999995, 5075946.460600004], [-8334855.126499999, 5075946.5528], [-8334898.2656, 5075942.4023], [-8334947.326400001, 5075937.415100001], [-8334981.1701, 5075929.848399997], [-8335034.4794, 5075915.532300003], [-8335101.260600001, 5075928.409500003], [-8335158.7432, 5075939.568499997], [-8335208.616699999, 5075949.862099998], [-8335296.5206, 5075972.120899998], [-8335374.2839, 5075990.9619999975], [-8335476.556399999, 5076017.494400002], [-8335573.587099999, 5076043.5053], [-8335618.385600001, 5076054.634999998], [-8335693.607799999, 5076076.015000001], [-8335767.9845, 5076097.392800003], [-8335833.0644000005, 5076116.203900002], [-8335898.1445, 5076135.014600001], [-8335964.9144, 5076154.677500002], [-8336042.671700001, 5076177.7579], [-8336112.821599999, 5076199.124399997], [-8336188.0492, 5076218.803199999], [-8336254.823999999, 5076236.766099997], [-8336324.302999999, 5076255.752899997], [-8336370.791300001, 5076268.580700003], [-8336424.8824000005, 5076285.668099999], [-8336484.892200001, 5076303.615999997], [-8336555.8948, 5076322.434699997], [-8336615.911800001, 5076336.986100003], [-8336689.447000001, 5076358.355599999], [-8336756.2216, 5076377.164300002], [-8336844.1237, 5076404.164099999], [-8336897.3774999995, 5076417.851800002], [-8336970.0612, 5076442.613300003], [-8337045.288000001, 5076464.832500003], [-8337123.8978, 5076487.057700001], [-8337197.4366999995, 5076507.5748], [-8337289.574100001, 5076532.371699996], [-8337358.885199999, 5076552.879299998], [-8337439.3531, 5076577.143200003], [-8337517.1141, 5076601.910899997], [-8337607.5583999995, 5076628.399599999], [-8337711.5254999995, 5076660.006700002], [-8337782.525, 5076683.061700001], [-8337858.5996, 5076706.125600003], [-8337951.5799, 5076734.314000003], [-8337989.6197999995, 5076744.571999997], [-8338026.802999999, 5076760.7711], [-8338044.496300001, 5076797.309100002], [-8338068.114600001, 5076831.311499998], [-8338087.520099999, 5076856.816399999], [-8338110.305500001, 5076884.025300004], [-8338139.881899999, 5076915.508400001], [-8338170.2763, 5076944.429399997], [-8338202.354900001, 5076977.5983000025], [-8338236.970899999, 5077010.771899998], [-8338274.9657000005, 5077046.498499997], [-8338311.270500001, 5077081.373199999], [-8338349.268999999, 5077115.401799999], [-8338376.286, 5077141.7695999965], [-8338402.4548, 5077169.833899997], [-8338430.1428, 5077199.598899998], [-8338458.001700001, 5077228.515299998], [-8338485.0088, 5077260.826200001], [-8338512.011600001, 5077295.683799997], [-8338553.3532, 5077352.641999997], [-8338585.4177, 5077395.150200002], [-8338616.635, 5077438.506099999], [-8338641.945599999, 5077474.2102999985], [-8338664.7247, 5077506.513800003], [-8338694.2634, 5077543.074699998], [-8338722.9562, 5077579.634099998], [-8338744.0524, 5077607.520000003], [-8338765.994000001, 5077635.577100001], [-8338796.3837, 5077669.5923999995], [-8338829.3094, 5077704.461300001], [-8338863.082900001, 5077738.482699998], [-8338903.6083, 5077781.006399997], [-8338946.6775, 5077820.138300002], [-8338996.5035999995, 5077865.2255000025], [-8339024.3675, 5077893.293099999], [-8339054.7678, 5077922.214299999], [-8339089.3902, 5077955.387999997], [-8339119.7938, 5077982.6109], [-8339153.570699999, 5078015.7831000015], [-8339175.524800001, 5078037.897], [-8339199.164799999, 5078063.410099998], [-8339221.119100001, 5078085.5239999965], [-8339243.0603, 5078115.2795], [-8339258.2425999995, 5078140.438500002], [-8339274.2644, 5078169.335100003], [-8339289.4244, 5078207.569899999], [-8339299.5207, 5078239.003399998], [-8339310.445599999, 5078280.627899997], [-8339314.6105, 5078317.995200001], [-8339315.3761, 5078364.697300002], [-8339311.9091, 5078413.090099998], [-8339302.526699999, 5078458.077], [-8339288.9145, 5078503.0568], [-8339267.6832, 5078551.4201000035], [-8339246.470799999, 5078588.744900003], [-8339226.971899999, 5078613.505599998], [-8339203.2347, 5078643.1844], [-8339168.4943, 5078676.240599997], [-8339132.068, 5078705.897200003], [-8339099.032500001, 5078731.314000003], [-8339068.5405, 5078753.338500001], [-8339038.050000001, 5078774.513899997], [-8339005.8686, 5078794.837200001], [-8338977.077199999, 5078811.769699998], [-8338929.661599999, 5078836.312100001], [-8338885.6337, 5078858.3125], [-8338835.6829, 5078881.151600003], [-8338804.355900001, 5078896.380999997], [-8338744.2546999995, 5078918.3527000025], [-8338694.3138999995, 5078935.247100003], [-8338639.2892, 5078956.377999999], [-8338578.3354, 5078981.743799999], [-8338535.158, 5079000.348099999], [-8338501.6348, 5079013.3649], [-8338455.9165, 5079033.662600003], [-8338418.6591, 5079053.126199998], [-8338371.243899999, 5079075.967799999], [-8338318.737299999, 5079107.2919000015], [-8338269.6094, 5079141.169200003], [-8338227.253799999, 5079172.511200003], [-8338191.668400001, 5079202.167499997], [-8338167.0963, 5079223.351999998], [-8338141.6732, 5079247.082500003], [-8338122.167400001, 5079273.371299997], [-8338111.1414, 5079288.636399999], [-8338082.2870000005, 5079337.836099997], [-8338066.1603999995, 5079366.509000003], [-8338052.569599999, 5079396.205499999], [-8338043.2039, 5079428.457699999], [-8338038.083699999, 5079452.225900002], [-8338036.338400001, 5079481.095399998], [-8338038.830800001, 5079505.726899996], [-8338045.5404, 5079537.1598000005], [-8338054.797599999, 5079563.502300002], [-8338068.2831999995, 5079590.701800004], [-8338080.926100001, 5079616.201499999], [-8338102.8531, 5079653.607199997], [-8338124.797700001, 5079681.671700001], [-8338152.8248, 5079714.502899997], [-8338179.8440000005, 5079743.426100001], [-8338214.4746, 5079774.061499998], [-8338252.4893, 5079804.703100003], [-8338302.3409, 5079839.612400003], [-8338338.6828000005, 5079860.059900001], [-8338370.7993, 5079877.952], [-8338402.9175, 5079894.994800001], [-8338451.097999999, 5079918.860399999], [-8338485.7530000005, 5079936.756899998], [-8338519.5635, 5079953.802599996], [-8338561.831599999, 5079972.5616], [-8338594.7995, 5079987.906900004], [-8338640.4474, 5080009.2195999995], [-8338670.037599999, 5080021.161799997], [-8338709.7751, 5080036.009300001], [-8338757.124500001, 5080052.229099996], [-8338825.613299999, 5080075.2798999995], [-8338894.104, 5080097.480999999], [-8338962.5919, 5080121.3803], [-8339014.163699999, 5080142.701700002], [-8339073.342599999, 5080168.2826000005], [-8339129.980699999, 5080195.556999996], [-8339178.1587000005, 5080222.816799998], [-8339215.3484000005, 5080244.112599999], [-8339255.913699999, 5080270.509900004], [-8339277.038799999, 5080285.832800001], [-8339295.611, 5080309.644299999], [-8339317.549000001, 5080344.5022], [-8339337.790200001, 5080381.905100003], [-8339349.5918000005, 5080407.233800001], [-8339365.600099999, 5080446.328100003], [-8339373.1403, 5080489.654600002], [-8339378.1263999995, 5080542.319200002], [-8339376.3672, 5080581.3838], [-8339367.8334, 5080623.8342999965], [-8339355.9253, 5080660.333700001], [-8339333.849300001, 5080705.309199996], [-8339316.0184, 5080741.799000002], [-8339293.951099999, 5080781.509000003], [-8339259.163799999, 5080837.504199997], [-8339226.9234, 5080888.408], [-8339193.821599999, 5080947.803900003], [-8339165.8125, 5080997.865999997], [-8339141.1965, 5081042.838299997], [-8339123.361099999, 5081081.027599998], [-8339105.5108, 5081127.7104], [-8339088.5046, 5081175.584100001], [-8339074.0428, 5081219.725199997], [-8339062.1032, 5081273.213799998], [-8339057.8101, 5081308.879500002], [-8339056.8643, 5081365.785099998], [-8339056.7663, 5081421.843199998], [-8339060.0068, 5081504.237999998], [-8339061.598099999, 5081561.9987], [-8339066.5547, 5081630.807400003], [-8339068.1164, 5081705.556500003], [-8339068.8883, 5081748.027800001], [-8339073.956599999, 5081753.1329], [-8339128.929500001, 5081770.2163999975], [-8339168.6798, 5081782.176600002], [-8339237.864, 5081802.1721], [-8339321.6007, 5081823.550800003], [-8339403.6468, 5081844.076700002], [-8339473.002, 5081863.730899997], [-8339542.357100001, 5081883.384800002], [-8339625.2489, 5081904.7597], [-8339719.9811, 5081930.400799997], [-8339812.179300001, 5081953.488799997], [-8339895.4123, 5081974.012400001], [-8339954.6204, 5081990.248999998], [-8340023.131200001, 5082009.8983], [-8340109.4102, 5082031.274800003], [-8340180.4603, 5082050.9274], [-8340262.5076, 5082073.1450999975], [-8340336.225099999, 5082091.948299997], [-8340381.4957, 5082102.216799997], [-8340449.169, 5082117.614699997], [-8340518.533399999, 5082133.864399999], [-8340593.819, 5082151.821500003], [-8340652.185699999, 5082166.3539], [-8340741.0068, 5082187.389399998], [-8340803.605, 5082201.927599996], [-8340869.5858, 5082218.169399999], [-8340915.2651, 5082229.283], [-8340964.322799999, 5082244.648599997], [-8341023.5342, 5082260.879000001], [-8341096.285599999, 5082277.129900001], [-8341150.4252, 5082289.954000004], [-8341210.487400001, 5082303.636399999], [-8341268.011, 5082317.314499997], [-8341308.6175999995, 5082325.870200001], [-8341360.398700001, 5082331.894000001], [-8341418.777899999, 5082339.626500003], [-8341485.6182, 5082348.2206000015], [-8341563.4575, 5082358.5295], [-8341642.144300001, 5082367.989299998], [-8341730.986400001, 5082377.463799998], [-8341785.986, 5082381.791100003], [-8341868.061899999, 5082388.705799997], [-8341948.4494, 5082393.068999998], [-8342046.6054, 5082399.1558], [-8342130.375600001, 5082405.221299998], [-8342293.344900001, 5082418.193099998], [-8342370.3453, 5082424.2469], [-8342447.349199999, 5082427.751699999], [-8342563.275, 5082435.556999996], [-8342643.659499999, 5082442.462700002], [-8342710.504000001, 5082449.3495000005], [-8342792.58, 5082457.105700001], [-8342841.659399999, 5082459.720299996], [-8342924.9191, 5082468.326499999], [-8342968.0746, 5082470.932599999], [-8343019.6916000005, 5082474.3989999965], [-8343068.7689, 5082478.711599998], [-8343101.766899999, 5082483.002099998], [-8343117.8289, 5082495.765100002], [-8343168.5987, 5082500.079400003], [-8343203.2883, 5082505.221500002], [-8343232.904200001, 5082507.808600001], [-8343275.2192, 5082506.164800003], [-8343309.069700001, 5082506.2086], [-8343342.9232, 5082503.704099998], [-8343375.9350000005, 5082497.800499998], [-8343407.2531, 5082492.744000003], [-8343441.9627, 5082482.5951000005], [-8343463.974199999, 5082475.827500001], [-8343494.4516, 5082466.522399999], [-8343524.0857, 5082454.667800002], [-8343556.2597, 5082441.9668999985], [-8343598.5973000005, 5082422.483000003], [-8343629.928200001, 5082407.2324], [-8343654.4888, 5082391.973200001], [-8343679.0495, 5082376.714000002], [-8343724.785599999, 5082346.191100001], [-8343760.357799999, 5082322.451200001], [-8343794.238700001, 5082297.859399997], [-8343825.575999999, 5082276.662299998], [-8343867.0822, 5082244.435099997], [-8343911.125600001, 5082213.060000002], [-8343954.3269, 5082178.286200002], [-8344014.4638, 5082134.189400002], [-8344064.2651, 5082099.083700001], [-8344112.5415, 5082065.165399998], [-8344178.5974, 5082023.623599999], [-8344231.9452, 5081993.957999997], [-8344333.551200001, 5081943.9636999965], [-8344395.358999999, 5081915.156900004], [-8344453.7826000005, 5081885.496399999], [-8344521.517200001, 5081853.2984], [-8344582.481699999, 5081821.092], [-8344634.9738, 5081797.3697], [-8344666.657199999, 5081782.4794000015], [-8344711.8684, 5081761.636200003], [-8344756.7391, 5081742.151600003], [-8344805.8398, 5081723.520900004], [-8344851.5537, 5081706.585000001], [-8344893.0353, 5081690.493600003], [-8344926.896500001, 5081678.640299998], [-8344964.143100001, 5081665.941299997], [-8345006.4706999995, 5081649.8505000025], [-8345063.188100001, 5081629.528499998], [-8345119.0578000005, 5081610.054700002], [-8345184.2402, 5081586.343800001], [-8345251.958000001, 5081565.183499999], [-8345294.2826000005, 5081550.7902000025], [-8345338.634299999, 5081539.796599999], [-8345392.805299999, 5081525.4157000035], [-8345454.5934, 5081509.343800001], [-8345526.533600001, 5081494.981399998], [-8345580.6931, 5081490.792199999], [-8345634.006100001, 5081486.601400003], [-8345697.4695999995, 5081485.818800002], [-8345755.854499999, 5081486.729099996], [-8345837.0831, 5081490.210900001], [-8345920.849300001, 5081494.544], [-8345996.153999999, 5081498.867600001], [-8346024.412599999, 5081502.293799996], [-8346068.4109000005, 5081504.886299998], [-8346120.0221, 5081510.034699999], [-8346177.556399999, 5081515.188500002], [-8346240.1653, 5081522.8950999975], [-8346303.6207, 5081530.602300003], [-8346374.6906, 5081539.165799998], [-8346444.913000001, 5081549.426399998], [-8346497.365, 5081560.519400001], [-8346540.511600001, 5081569.054399997], [-8346576.0418, 5081578.431900002], [-8346621.722999999, 5081591.2161], [-8346669.095799999, 5081604.851199999], [-8346715.6203000005, 5081621.0336000025], [-8346762.142999999, 5081638.914399996], [-8346791.748199999, 5081650.833499998], [-8346826.427300001, 5081666.155000001], [-8346859.41, 5081685.7214], [-8346894.0853, 5081705.2896], [-8346932.9877, 5081729.108499996], [-8346972.734099999, 5081755.476300001], [-8347004.0218, 5081778.438600004], [-8347034.4636, 5081801.400200002], [-8347064.0583999995, 5081825.2102999985], [-8347089.4256, 5081845.619000003], [-8347114.7928, 5081866.027599998], [-8347136.7752, 5081886.773000002], [-8347159.6041, 5081907.179399997], [-8347185.8116999995, 5081934.383900002], [-8347227.2381, 5081976.042199999], [-8347263.591499999, 5082013.449100003], [-8347295.7157000005, 5082049.1532000005], [-8347331.223999999, 5082085.709700003], [-8347374.3411, 5082130.767200001], [-8347421.688200001, 5082177.5273], [-8347467.3419, 5082225.984700002], [-8347507.926200001, 5082265.943599999], [-8347552.062100001, 5082309.133100003], [-8347578.2689, 5082339.735399999], [-8347613.780300001, 5082375.442599997], [-8347652.671700001, 5082417.0988000035], [-8347704.2478, 5082469.808899999], [-8347747.369899999, 5082513.1674000025], [-8347791.339299999, 5082555.677299999], [-8347842.9175, 5082607.537699997], [-8347885.535, 5082648.687200002], [-8347912.593, 5082675.8928999975], [-8347952.3366, 5082713.302299999], [-8347990.388900001, 5082749.861100003], [-8348025.9024, 5082786.417599998], [-8348056.342800001, 5082817.873199999], [-8348087.6296999995, 5082849.329599999], [-8348118.9153, 5082882.4848000035], [-8348157.8123, 5082922.442000002], [-8348189.096999999, 5082957.296300001], [-8348227.9878, 5083005.7487], [-8348255.0429, 5083038.900799997], [-8348276.512800001, 5083071.878600001], [-8348295.1053, 5083105.0242], [-8348315.384199999, 5083145.816699997], [-8348327.211200001, 5083173.010600001], [-8348339.024499999, 5083217.195200004], [-8348352.5207, 5083274.123999998], [-8348361.784700001, 5083331.899300002], [-8348367.6701, 5083381.177100003], [-8348371.8703000005, 5083421.108999997], [-8348376.058499999, 5083476.332699999], [-8348379.4056, 5083524.929499999], [-8348379.376800001, 5083561.460500002], [-8348382.7081, 5083630.277000003], [-8348386.892999999, 5083689.750299998], [-8348392.7795, 5083738.180100001], [-8348400.3508, 5083796.806500003], [-8348407.924799999, 5083852.034999996], [-8348416.3398, 5083914.060999997], [-8348423.077, 5083957.395300001], [-8348429.1457, 5083989.6844], [-8348443.491900001, 5084044.069600001], [-8348457.8434, 5084091.6581000015], [-8348473.042099999, 5084138.398000002], [-8348493.3149999995, 5084191.089000002], [-8348510.203600001, 5084242.078599997], [-8348523.717, 5084279.811800003], [-8348539.766100001, 5084322.304899998], [-8348552.430199999, 5084363.945900001], [-8348567.6285999995, 5084412.386500001], [-8348580.2995, 5084445.531400003], [-8348586.196599999, 5084482.070100002], [-8348591.2224, 5084550.894699998], [-8348596.194599999, 5084690.071000002], [-8348599.522500001, 5084765.6928], [-8348605.381899999, 5084851.513599999], [-8348611.2444, 5084933.9362], [-8348615.4153, 5085014.488899998], [-8348621.292099999, 5085078.219700001], [-8348628.0044, 5085156.396399997], [-8348637.2367, 5085260.066600002], [-8348643.947899999, 5085339.944399998], [-8348682.024800001, 5085361.215099998], [-8348736.179500001, 5085390.145300001], [-8348786.1033, 5085417.372500002], [-8348861.4142, 5085456.513999999], [-8348922.510500001, 5085486.807899997], [-8348988.516100001, 5085519.144900002], [-8349031.675000001, 5085538.719300002], [-8349075.678099999, 5085561.693300001], [-8349121.374, 5085585.518100001], [-8349165.377699999, 5085608.491499998], [-8349218.6921999995, 5085633.171099998], [-8349272.853599999, 5085657.850699998], [-8349323.630799999, 5085679.978600003], [-8349384.5658, 5085703.812799998], [-8349442.117000001, 5085724.245300002], [-8349497.9789, 5085739.578000002], [-8349540.467700001, 5085751.502499998], [-8349560.7837000005, 5085753.2151999995], [-8349601.4136, 5085760.039800003], [-8349640.352700001, 5085763.464000002], [-8349674.2129999995, 5085766.0352], [-8349724.158500001, 5085767.766800001], [-8349786.803200001, 5085767.806599997], [-8349864.686899999, 5085766.156000003], [-8349923.1, 5085764.492899999], [-8349973.0481, 5085761.974299997], [-8350059.395300001, 5085763.726400003], [-8350135.5843, 5085764.6219], [-8350192.302300001, 5085766.354999997], [-8350222.0988, 5085769.771399997], [-8350255.9538, 5085781.687899999], [-8350294.8861, 5085797.006099999], [-8350327.0462, 5085812.319899999], [-8350354.9726, 5085829.331200004], [-8350382.8947, 5085853.990099996], [-8350407.428200001, 5085882.895900004], [-8350420.113700001, 5085905.336900003], [-8350432.799900001, 5085926.5879999995], [-8350440.396, 5085966.531300001], [-8350447.9878, 5086014.122599997], [-8350458.098999999, 5086097.406199999], [-8350469.0613, 5086173.0429000035], [-8350480.871300001, 5086246.981200002], [-8350491.8418000005, 5086308.852300003], [-8350496.052100001, 5086348.7951000035], [-8350501.9662999995, 5086370.043499999], [-8350512.953299999, 5086403.192100003], [-8350525.6324000005, 5086438.891599998], [-8350539.9980999995, 5086486.489399999], [-8350555.2081, 5086538.3369999975], [-8350573.7981, 5086602.084600002], [-8350593.2346, 5086666.682700001], [-8350610.1437, 5086709.183899999], [-8350624.5123, 5086753.213600002], [-8350643.951199999, 5086814.413099997], [-8350661.7015, 5086867.963600002], [-8350690.4397, 5086955.514600001], [-8350711.572899999, 5087016.716200002], [-8350731.859200001, 5087078.767700002], [-8350750.459000001, 5087128.750399999], [-8350770.747400001, 5087187.402900003], [-8350806.260299999, 5087276.659599997], [-8350831.627, 5087340.4152000025], [-8350851.918299999, 5087395.669100001], [-8350875.7557, 5087470.473200001], [-8350896.044500001, 5087531.677299999], [-8350915.4859, 5087594.581], [-8350934.930600001, 5087651.5358000025], [-8350956.0646, 5087716.990900002], [-8350976.352700001, 5087781.5961000025], [-8350993.255799999, 5087842.630199999], [-8350996.6315, 5087864.7304000035], [-8351006.776000001, 5087896.183399998], [-8351022.839, 5087945.488499999], [-8351041.4418, 5087995.644900002], [-8351060.891899999, 5088044.952200003], [-8351085.415200001, 5088109.561399996], [-8351107.396199999, 5088178.4196000025], [-8351115.851199999, 5088203.923], [-8351141.2173, 5088277.883400001], [-8351170.813200001, 5088361.196099997], [-8351201.258099999, 5088440.259900004], [-8351217.662599999, 5088487.357500002], [-8351227.807399999, 5088521.362400003], [-8351240.4911, 5088558.768600002], [-8351261.630100001, 5088622.529100001], [-8351283.6196, 5088678.640299998], [-8351296.302100001, 5088719.447099999], [-8351315.749299999, 5088780.657700002], [-8351325.895199999, 5088813.8134], [-8351340.2711, 5088855.471600004], [-8351356.339, 5088901.380800001], [-8351374.9449000005, 5088952.3917], [-8351388.4746, 5088994.049900003], [-8351406.2393, 5089034.0101], [-8351422.310699999, 5089073.119800001], [-8351444.3048, 5089124.1329], [-8351467.988600001, 5089184.497699998], [-8351489.984200001, 5089232.791199997], [-8351511.9805, 5089280.4043999985], [-8351536.512700001, 5089339.070600003], [-8351559.354900001, 5089390.085100003], [-8351583.0418, 5089446.200800002], [-8351619.254899999, 5089519.834200002], [-8351650.559900001, 5089586.155000001], [-8351682.711100001, 5089655.026799999], [-8351718.2511, 5089722.200199999], [-8351732.6357, 5089751.109899998], [-8351733.4714, 5089776.613600001], [-8351765.6412, 5089805.531099997], [-8351792.7294, 5089835.296599999], [-8351841.8332, 5089874.422899999], [-8351879.930400001, 5089907.593199998], [-8351918.876, 5089937.363399997], [-8351962.055500001, 5089969.685999997], [-8351999.383199999, 5089996.292499997], [-8352039.177100001, 5090024.362599999], [-8352081.0031, 5090054.473899998], [-8352116.5647, 5090078.291500002], [-8352158.8991, 5090108.912799999], [-8352203.774499999, 5090139.535099998], [-8352241.031300001, 5090161.653099999], [-8352279.981899999, 5090183.771399997], [-8352321.4716, 5090210.991400003], [-8352357.0349, 5090233.108400002], [-8352398.5264, 5090256.927599996], [-8352445.100400001, 5090279.048199996], [-8352484.053200001, 5090297.765299998], [-8352517.9257, 5090313.079999998], [-8352552.646500001, 5090324.9943], [-8352591.6018, 5090337.759999998], [-8352641.5679, 5090349.678999998], [-8352683.9120000005, 5090359.895199999], [-8352730.4915, 5090369.262400001], [-8352766.9092999995, 5090372.674699999], [-8352771.9946, 5090361.624200001], [-8352814.3418000005, 5090364.188299999], [-8352862.786599999, 5090366.754000001], [-8352872.09, 5090407.5647], [-8352888.164100001, 5090464.5308], [-8352904.238299999, 5090522.347599998], [-8352917.770400001, 5090583.564599998], [-8352929.6095, 5090643.080799997], [-8352940.6052, 5090691.5449], [-8352954.1362, 5090757.864100002], [-8352965.972999999, 5090825.883500002], [-8352973.579500001, 5090879.448600002], [-8352982.8771, 5090942.366800003], [-8352990.478499999, 5091012.936999999], [-8352996.3891, 5091073.134300001], [-8353001.4476, 5091150.506399997], [-8353006.5021, 5091240.6325], [-8353005.6362, 5091302.6998], [-8353006.4585, 5091383.473399997], [-8353007.2785, 5091472.580200002], [-8353005.558599999, 5091556.7557], [-8353004.6733, 5091681.745099999], [-8353006.3332, 5091793.982699998], [-8353006.299699999, 5091904.0101], [-8353006.2722, 5091994.141900003], [-8353007.9264, 5092124.239600003], [-8353012.129799999, 5092230.020800002], [-8353015.486199999, 5092335.4626], [-8353021.380899999, 5092451.109999999], [-8353027.2762, 5092565.908799998], [-8353032.3278, 5092669.483999997], [-8353036.5337000005, 5092768.127599999], [-8353039.049900001, 5092851.465099998], [-8353039.858100001, 5092981.063699998], [-8353038.135500001, 5093074.6065], [-8353038.9553, 5093164.749300003], [-8353037.2301, 5093266.798], [-8353037.2071, 5093343.335699998], [-8353034.6413, 5093423.104699999], [-8353033.7664, 5093514.100699998], [-8353030.3475, 5093613.601300001], [-8353028.624, 5093708.8510000035], [-8353027.7487, 5093801.890799999], [-8353027.713099999, 5093919.255099997], [-8353028.5342999995, 5094005.1532000005], [-8353031.0429, 5094114.866499998], [-8353032.721999999, 5094165.726400003], [-8353037.7831999995, 5094240.571500003], [-8353044.5361, 5094324.773199998], [-8353052.1373, 5094406.424599998], [-8353061.4398, 5094465.963299997], [-8353068.214199999, 5094479.913999997], [-8353082.6099, 5094508.8358], [-8353102.933700001, 5094548.816399999], [-8353119.8719, 5094576.888700001], [-8353138.5044, 5094606.6625000015], [-8353168.999299999, 5094637.290399998], [-8353201.1883000005, 5094671.320799999], [-8353237.613700001, 5094706.203000002], [-8353273.023499999, 5094738.192900002], [-8353316.2279, 5094774.777900003], [-8353367.9046, 5094815.617700003], [-8353417.0403, 5094855.606399998], [-8353466.1765, 5094894.744400002], [-8353506.841399999, 5094926.225100003], [-8353568.6873, 5094971.319799997], [-8353622.0622000005, 5095006.886100002], [-8353665.270099999, 5095038.367200002], [-8353715.257099999, 5095071.5506], [-8353772.870100001, 5095107.287600003], [-8353827.9408, 5095145.575300001], [-8353889.790100001, 5095188.117299996], [-8353940.6249, 5095225.553300001], [-8353992.646400001, 5095264.180299997], [-8354035.856899999, 5095294.809900001], [-8354074.831800001, 5095320.335000001], [-8354114.654200001, 5095346.710900001], [-8354151.0879999995, 5095367.982299998], [-8354187.522600001, 5095386.702], [-8354229.8891, 5095404.571900003], [-8354265.477399999, 5095418.187600002], [-8354313.7771000005, 5095430.954499997], [-8354362.0766, 5095443.721199997], [-8354425.6296, 5095457.340599999], [-8354496.809800001, 5095468.4089], [-8354556.9737, 5095479.475299999], [-8354620.5275, 5095490.541699998], [-8354679.8445, 5095501.607199997], [-8354730.6877999995, 5095510.1193], [-8354771.3629, 5095512.675999999], [-8354796.7831999995, 5095528.840300001], [-8354819.8312, 5095541.942299999], [-8354791.0111, 5095609.478100002], [-8354768.9723000005, 5095657.960900001], [-8354745.237400001, 5095714.950199999], [-8354716.4168, 5095778.7443], [-8354690.138699999, 5095838.285499997], [-8354665.555600001, 5095895.275600001], [-8354636.7333, 5095961.622400001], [-8354612.1493999995, 5096020.144000001], [-8354593.4986000005, 5096069.479699999], [-8354566.3708, 5096132.4252], [-8354536.6994, 5096203.026500002], [-8354513.8082, 5096267.674699999], [-8354493.4603, 5096323.816500001], [-8354484.1337, 5096351.887699999], [-8354484.977, 5096379.620200001], [-8354525.654999999, 5096387.282200001], [-8354578.197699999, 5096396.646899998], [-8354631.588300001, 5096404.310199998], [-8354690.911, 5096413.6752], [-8354746.843800001, 5096423.039399996], [-8354813.7941, 5096434.1061], [-8354871.4222, 5096443.469800003], [-8354942.6095, 5096461.341300003], [-8355004.474199999, 5096481.763899997], [-8355065.491699999, 5096502.185999997], [-8355113.1194, 5096520.564800002], [-8355162.2718, 5096546.940200001], [-8355212.272, 5096576.7184000015], [-8355269.052200001, 5096610.750299998], [-8355309.7304, 5096641.3781], [-8355352.103800001, 5096670.3046], [-8355409.7322, 5096709.4406], [-8355459.7335, 5096746.023500003], [-8355500.412900001, 5096774.949699998], [-8355548.719799999, 5096815.785899997], [-8355589.3993999995, 5096853.219400004], [-8355630.926899999, 5096889.801700003], [-8355679.2346, 5096941.6976], [-8355719.067600001, 5096981.682700001], [-8355753.8159, 5097021.668200001], [-8355776.698899999, 5097048.892300002], [-8355801.277000001, 5097088.026799999], [-8355814.6677, 5097118.6538999975], [-8355829.9232, 5097161.191699997], [-8355843.4835, 5097206.281999998], [-8355853.6537999995, 5097237.759999998], [-8355864.671800001, 5097269.238300003], [-8355858.7388, 5097283.701200001], [-8355843.4822, 5097314.329000004], [-8355835.8539, 5097345.807099998], [-8355839.243799999, 5097367.927500002], [-8355825.682399999, 5097390.047499999], [-8355803.645099999, 5097423.227799997], [-8355770.5887, 5097472.5726], [-8355740.922499999, 5097519.365599997], [-8355709.5603, 5097576.367899999], [-8355682.4362, 5097629.286799997], [-8355663.787599999, 5097679.483499996], [-8355645.986099999, 5097738.188500002], [-8355631.575099999, 5097790.9384], [-8355620.554500001, 5097842.8376], [-8355615.4669, 5097896.439099997], [-8355601.0572, 5097908.350100003], [-8355601.056500001, 5097923.664899997], [-8355616.3122000005, 5097962.803099997], [-8355643.4344, 5098016.4059000015], [-8355653.605900001, 5098018.107900001], [-8355673.101500001, 5098008.748999998], [-8355735.8265, 5097985.777800001], [-8355804.4845, 5097961.1044000015], [-8355866.361099999, 5097938.983199999], [-8355938.4089, 5097914.309100002], [-8356019.779999999, 5097890.485299997], [-8356111.3221, 5097862.406300001], [-8356166.4167, 5097847.940899998], [-8356178.283, 5097837.730700001], [-8356202.8639, 5097842.834600002], [-8356229.9882, 5097869.209100001], [-8356253.722200001, 5097897.625399999], [-8356285.085200001, 5097927.402800001], [-8356328.315300001, 5097970.792800002], [-8356367.308, 5098013.332400002], [-8356402.0627, 5098058.424500003], [-8356430.0363, 5098094.158], [-8356460.553099999, 5098132.443899997], [-8356482.5933, 5098158.818700001], [-8356475.8144000005, 5098199.659500003], [-8356467.339500001, 5098230.290299997], [-8356455.4746, 5098271.983099997], [-8356441.0669, 5098315.207199998], [-8356430.896199999, 5098339.031900004], [-8356415.640000001, 5098373.067199998], [-8356399.535800001, 5098404.549999997], [-8356380.888900001, 5098437.734700002], [-8356363.9366999995, 5098464.963399999], [-8356345.2894, 5098494.7447], [-8356319.8609, 5098534.737300001], [-8356286.803300001, 5098580.685999997], [-8356256.2882, 5098624.933200002], [-8356224.077500001, 5098673.435000002], [-8356193.5623, 5098718.533299997], [-8356166.4373, 5098767.545599997], [-8356132.5307, 5098836.469400004], [-8356113.0342, 5098874.760600001], [-8356114.7302, 5098895.1822], [-8356120.6645, 5098915.6039], [-8356129.141899999, 5098936.876500003], [-8356141.858100001, 5098964.1052], [-8356158.812999999, 5098999.843099996], [-8356179.159, 5099037.282899998], [-8356199.8444, 5099076.084200002], [-8356215.1042, 5099105.865900002], [-8356238.841700001, 5099148.411399998], [-8356265.9706, 5099197.764399998], [-8356295.643100001, 5099251.372199997], [-8356318.533399999, 5099293.067000002], [-8356357.532400001, 5099360.289800003], [-8356388.732000001, 5099414.748999998], [-8356413.3188000005, 5099458.146300003], [-8356446.3836, 5099506.648900002], [-8356473.514, 5099546.642499998], [-8356499.796700001, 5099582.381300002], [-8356517.601199999, 5099607.058200002], [-8356534.5578000005, 5099625.778300002], [-8356553.209899999, 5099646.200400002], [-8356574.4056, 5099667.473200001], [-8356610.8616, 5099694.701700002], [-8356637.991900001, 5099715.123000003], [-8356679.535, 5099742.5211], [-8356714.295499999, 5099762.0907000005], [-8356747.360300001, 5099777.4054000005], [-8356780.424900001, 5099790.167000003], [-8356831.293299999, 5099806.330799997], [-8356876.227, 5099817.3891], [-8356925.3993999995, 5099825.8935], [-8356993.2237, 5099838.650700003], [-8357029.679300001, 5099845.4542], [-8357078.852399999, 5099857.362000003], [-8357121.243100001, 5099867.568400003], [-8357172.959899999, 5099879.475400001], [-8357213.6555, 5099892.2346], [-8357256.894300001, 5099902.440700002], [-8357289.9596, 5099912.647699997], [-8357315.3948, 5099921.153700002], [-8357342.525599999, 5099931.361400001], [-8357367.960999999, 5099941.569600001], [-8357403.5711, 5099959.434900001], [-8357439.181700001, 5099979.001999997], [-8357475.6405, 5100000.271300003], [-8357515.4912, 5100025.794399999], [-8357558.3948, 5100053.189400002], [-8357571.888499999, 5100061.248400003], [-8357594.006200001, 5100074.4582], [-8357629.6172, 5100092.323100001], [-8357668.619899999, 5100111.0380000025], [-8357710.165999999, 5100129.752300002], [-8357751.712400001, 5100148.466700003], [-8357805.976299999, 5100168.029299997], [-8357854.305600001, 5100186.741800003], [-8357911.114700001, 5100213.111500002], [-8357951.8149, 5100236.0803999975], [-8357987.427200001, 5100253.943999998], [-8358010.321900001, 5100270.108499996], [-8358034.912599999, 5100287.123300001], [-8358058.656300001, 5100307.5427], [-8358078.160599999, 5100327.112000003], [-8358100.2092, 5100349.233800001], [-8358119.7149, 5100374.760300003], [-8358140.070499999, 5100407.435199998], [-8358156.185900001, 5100435.515799999], [-8358171.4551, 5100471.255999997], [-8358185.0273, 5100499.337099999], [-8358188.4231, 5100518.059500001], [-8358194.3628, 5100539.334200002], [-8358204.544, 5100569.118600003], [-8358210.4858, 5100598.053099997], [-8358213.8836, 5100625.2861], [-8358217.2809, 5100650.817000002], [-8358218.1346, 5100675.497599997], [-8358218.9882, 5100700.178099997], [-8358219.0043, 5100768.263599999], [-8358219.0145, 5100811.157799996], [-8358216.4792, 5100846.9036], [-8358214.7905, 5100876.6919], [-8358208.863700001, 5100912.438699998], [-8358199.545399999, 5100948.186499998], [-8358190.226399999, 5100981.381300002], [-8358174.125600001, 5101020.535400003], [-8358161.4135, 5101047.773599997], [-8358141.0759, 5101100.546400003], [-8358124.1261, 5101136.296700001], [-8358091.9211, 5101205.243900001], [-8358071.581800001, 5101252.9108000025], [-8358054.633199999, 5101297.172799997], [-8358046.1592, 5101321.005900003], [-8358038.5342, 5101349.945799999], [-8358035.9968, 5101378.884800002], [-8358032.6131, 5101415.483800001], [-8358032.621099999, 5101452.933399998], [-8358032.630999999, 5101499.064800002], [-8358034.3345, 5101533.961199999], [-8358034.342800001, 5101572.2623], [-8358038.5988, 5101647.162199996], [-8358041.1565000005, 5101710.998000003], [-8358042.8616, 5101753.555299997], [-8358041.631999999, 5101786.076800004], [-8358000.821699999, 5103096.787199996], [-8357999.1304, 5103118.920599997], [-8357998.2893, 5103152.120700002], [-8357994.9077, 5103203.1985], [-8357991.524499999, 5103245.763599999], [-8357985.5967999995, 5103288.329400003], [-8357978.819499999, 5103323.404100001], [-8357971.1931, 5103353.201200001], [-8357960.174799999, 5103387.255500004], [-8357944.066, 5103411.946800001], [-8357922.869200001, 5103439.192900002], [-8357893.193399999, 5103479.2108], [-8357851.6445, 5103522.636500001], [-8357804.159700001, 5103571.170999996], [-8357761.7631, 5103619.704700001], [-8357730.3891, 5103654.615199998], [-8357682.056, 5103709.960600004], [-8357641.861400001, 5103748.618500002], [-8357586.7421, 5103803.114100002], [-8357529.0777, 5103857.6098000035], [-8357480.741800001, 5103907.847400002], [-8357438.341399999, 5103952.976099998], [-8357393.3968, 5104002.361599997], [-8357356.0833, 5104038.124399997], [-8357326.4024, 5104069.629299998], [-8357287.392100001, 5104107.095200002], [-8357257.7106, 5104137.067500003], [-8357212.764, 5104184.750399999], [-8357177.9934, 5104219.661799997], [-8357151.7041, 5104251.166100003], [-8357128.8057, 5104271.601999998], [-8357088.9462, 5104312.4736], [-8357061.807399999, 5104338.018299997], [-8357037.2129999995, 5104364.414300002], [-8357004.9855, 5104397.622299999], [-8356973.606000001, 5104429.9789], [-8356951.555400001, 5104452.117600001], [-8356927.8083, 5104475.107799999], [-8356907.453400001, 5104493.840899996], [-8356882.8577, 5104515.128399998], [-8356854.8696, 5104541.524700001], [-8356824.3367, 5104567.069899999], [-8356789.5626, 5104592.615500003], [-8356760.725199999, 5104613.052199997], [-8356725.950300001, 5104633.489], [-8356693.7195999995, 5104648.817199998], [-8356661.488399999, 5104659.888400003], [-8356615.007200001, 5104671.6417], [-8356559.874399999, 5104689.5254999995], [-8356484.384299999, 5104706.558700003], [-8356420.7688, 5104721.888099998], [-8356369.028000001, 5104732.108099997], [-8356279.1175999995, 5104754.249300003], [-8356213.8048, 5104767.023100004], [-8356122.1973, 5104786.608599998], [-8356067.062999999, 5104798.529799998], [-8356015.3213, 5104808.748000003], [-8355946.6152, 5104826.628600001], [-8355880.453400001, 5104842.806000002], [-8355784.942399999, 5104865.964500003], [-8355699.270500001, 5104886.397699997], [-8355632.2596, 5104902.5735], [-8355581.3652, 5104917.046499997], [-8355520.2915, 5104933.221600004], [-8355475.3344, 5104945.140100002], [-8355417.6532000005, 5104964.7205], [-8355373.5439, 5104978.3413999975], [-8355330.283, 5104988.556500003], [-8355355.7272, 5105037.941500001], [-8355396.0997, 5105108.954400003], [-8355413.062999999, 5105139.607500002], [-8355435.9636, 5105183.032799996], [-8355457.1678, 5105223.9038999975], [-8355477.5243, 5105263.071900003], [-8355496.1843, 5105302.240199998], [-8355508.907, 5105327.784900002], [-8355525.870999999, 5105359.289899997], [-8355547.0759, 5105407.824600004], [-8355567.432700001, 5105457.211099997], [-8355582.700200001, 5105495.528499998], [-8355596.271299999, 5105536.740800001], [-8355614.0836, 5105586.127700001], [-8355631.8961, 5105639.772399999], [-8355638.680400001, 5105700.229099996], [-8355642.0722, 5105744.5075], [-8355642.9187, 5105800.7070999965], [-8355644.6131, 5105867.125200003], [-8355644.611500001, 5105923.495899998], [-8355642.9132, 5105974.587399997], [-8355639.5178, 5106041.006800003], [-8355636.122099999, 5106108.277900003], [-8355634.423900001, 5106155.9641999975], [-8355631.0286, 5106215.5722], [-8355628.480900001, 5106293.914999999], [-8355626.7819, 5106364.594300002], [-8355626.270500001, 5106436.125799999], [-8355624.571900001, 5106490.626199998], [-8355622.024599999, 5106553.6426], [-8355624.567399999, 5106620.066100001], [-8355624.564300001, 5106714.932899997], [-8355625.4101, 5106794.131300002], [-8355626.2552000005, 5106885.252899997], [-8355628.798699999, 5106938.904299997], [-8355634.7356, 5107001.072300002], [-8355638.976199999, 5107050.636699997], [-8355643.216600001, 5107100.031000003], [-8355653.396400001, 5107144.315800004], [-8355663.575999999, 5107191.1559000015], [-8355674.604499999, 5107238.8477], [-8355688.178099999, 5107288.243000001], [-8355700.055199999, 5107331.677100003], [-8355714.477700001, 5107378.007100001], [-8355720.416200001, 5107402.705200002], [-8355735.6877999995, 5107430.809900001], [-8355757.7469999995, 5107467.431400001], [-8355801.865800001, 5107531.306500003], [-8355834.107000001, 5107576.444899999], [-8355866.3485, 5107620.731799997], [-8355906.226500001, 5107674.387199998], [-8355937.619999999, 5107714.416000001], [-8355970.710999999, 5107756.999799997], [-8355994.468699999, 5107792.770300001], [-8356030.9541, 5107840.4641999975], [-8356073.3794, 5107894.120200001], [-8356106.9805, 5107933.808499999], [-8356164.6800999995, 5108003.646499999], [-8356202.0156, 5108048.7858000025], [-8356167.227299999, 5108076.041500002], [-8356137.530099999, 5108114.369499996], [-8356098.4989, 5108158.660099998], [-8356062.0129, 5108195.795599997], [-8356027.2238, 5108228.161700003], [-8355978.009400001, 5108281.821099997], [-8355916.914899999, 5108348.256800003], [-8355863.456499999, 5108407.026799999], [-8355810.846000001, 5108462.390000001], [-8355754.8407000005, 5108523.715300001], [-8355707.3204, 5108574.819799997], [-8355673.3771, 5108609.741099998], [-8355645.3737, 5108641.255599998], [-8355630.0986, 5108666.467299998], [-8355639.432, 5108693.724100001], [-8355652.159399999, 5108732.905699998], [-8355665.735400001, 5108770.384000003], [-8355676.766000001, 5108800.025799997], [-8355687.796499999, 5108835.800700001], [-8355703.918299999, 5108883.500799999], [-8355719.1917, 5108934.608099997], [-8355732.768200001, 5108971.235200003], [-8355747.193399999, 5109014.676700003], [-8355763.3156, 5109066.636500001], [-8355779.4383000005, 5109114.3374999985], [-8355797.258099999, 5109171.408799998], [-8355818.4725, 5109236.8279], [-8355832.8982, 5109283.677699998], [-8355849.870100001, 5109332.2315], [-8355870.2367, 5109392.711199999], [-8355891.452099999, 5109452.3391999975], [-8355910.1216, 5109512.819300003], [-8355927.0944, 5109562.2260000035], [-8355939.823999999, 5109601.751500003], [-8355950.0079, 5109640.084600002], [-8355964.434900001, 5109680.973200001], [-8355975.467499999, 5109717.602799997], [-8355989.8949, 5109760.195500001], [-8356003.4737, 5109801.936700001], [-8356017.9013, 5109851.344700001], [-8356033.1779, 5109899.049000002], [-8356046.756999999, 5109944.197999999], [-8356065.4287, 5109998.717799999], [-8356084.1006000005, 5110054.941799998], [-8356097.6800999995, 5110096.343199998], [-8356109.5625, 5110135.529799998], [-8356126.5373, 5110184.087399997], [-8356140.9662, 5110232.645199999], [-8356152.848999999, 5110277.795699999], [-8356163.882999999, 5110319.538900003], [-8356180.858200001, 5110365.5414], [-8356193.5901999995, 5110408.136799999], [-8356208.8683, 5110455.843900003], [-8356223.297900001, 5110496.735399999], [-8356239.4252, 5110547.680100001], [-8356257.2501, 5110597.9432], [-8356271.680299999, 5110644.799099997], [-8356285.261700001, 5110690.803300001], [-8356299.6919, 5110735.955499999], [-8356315.8202, 5110791.331500001], [-8356331.948899999, 5110850.9673999995], [-8356342.1358, 5110895.268600002], [-8356350.6247000005, 5110927.472400002], [-8356359.9629999995, 5110972.6259], [-8356369.3017, 5111019.4837], [-8356377.791300001, 5111062.081900001], [-8356385.432399999, 5111111.495899998], [-8356393.0743, 5111173.690200001], [-8356404.1127, 5111260.592299998], [-8356409.207699999, 5111307.792499997], [-8356414.303099999, 5111363.171899997], [-8356423.6435, 5111431.331799999], [-8356432.9846, 5111519.940200001], [-8356440.6274999995, 5111585.5449], [-8356449.9681, 5111657.9663999975], [-8356461.0074000005, 5111742.316600002], [-8356471.1976, 5111819.681000002], [-8356481.388800001, 5111914.257200003], [-8356489.0342, 5112012.242799997], [-8356496.6775, 5112074.442599997], [-8356506.018999999, 5112143.9706000015], [-8356514.511299999, 5112207.0233], [-8356523.854, 5112287.9701000005], [-8356528.1018, 5112344.548199996], [-8356530.6512, 5112389.7086], [-8356534.0482, 5112415.271200001], [-8356545.0887, 5112491.958999999], [-8356552.7322, 5112547.3451000005], [-8356561.225299999, 5112609.548199996], [-8356568.870100001, 5112680.2729], [-8356574.8160999995, 5112737.193999998], [-8356582.460899999, 5112802.807099998], [-8356589.2565, 5112863.307800002], [-8356597.7501, 5112928.921499997], [-8356605.395300001, 5112997.092200004], [-8356613.039899999, 5113059.298299998], [-8356618.1373, 5113110.2566], [-8356624.0832, 5113155.420400001], [-8356632.577, 5113215.070799999], [-8356641.9209, 5113288.356299996], [-8356652.9625, 5113356.529299997], [-8356665.7015, 5113415.328599997], [-8356674.1941, 5113450.267300002], [-8356655.5188, 5113484.356200002], [-8356630.9015999995, 5113535.489600003], [-8356609.6800999995, 5113584.066200003], [-8356593.5516, 5113619.8596], [-8356573.008300001, 5113661.107699998], [-8356551.7862, 5113707.980300002], [-8356528.865900001, 5113758.262199998], [-8356504.2475000005, 5113809.396600001], [-8356483.873400001, 5113852.008900002], [-8356463.4991999995, 5113896.325499997], [-8356437.1822999995, 5113955.301200002], [-8356416.807499999, 5113996.209200002], [-8356394.7349, 5114046.492200002], [-8356371.812999999, 5114095.071099997], [-8356343.796700001, 5114147.911499999], [-8356315.780200001, 5114206.718000002], [-8356292.8574, 5114252.740500003], [-8356269.9344999995, 5114298.7632], [-8356243.615, 5114349.8999999985], [-8356223.238299999, 5114383.820699997], [-8356201.1635, 5114419.616800003], [-8356168.899700001, 5114463.0836], [-8356141.729900001, 5114495.470799997], [-8356118.805199999, 5114523.5964], [-8356077.2008, 5114561.950000003], [-8356065.3136, 5114573.882299997], [-8356061.068399999, 5114584.961900003], [-8356062.7667, 5114596.893799998], [-8356073.805, 5114604.564199999], [-8356100.126700001, 5114609.677299999], [-8356134.9396, 5114615.642499998], [-8356173.9979, 5114619.902800001], [-8356196.9245, 5114666.777900003], [-8356217.304, 5114708.539499998], [-8356230.8905, 5114743.824199997], [-8356257.214500001, 5114799.222499996], [-8356289.4827, 5114859.734899998], [-8356323.450099999, 5114935.589000002], [-8356342.9816, 5114980.760700002], [-8356366.7598, 5115045.535899997], [-8356385.443600001, 5115105.197800003], [-8356405.8257, 5115170.826300003], [-8356416.5273, 5115221.795400001], [-8356431.8155000005, 5115294.243600003], [-8356445.405099999, 5115354.759499997], [-8356453.899499999, 5115411.014300004], [-8356459.8452, 5115439.141599998], [-8356475.1336, 5115503.067699999], [-8356491.271500001, 5115567.846600004], [-8356501.464199999, 5115612.3396999985], [-8356515.903100001, 5115661.776600003], [-8356531.192399999, 5115727.408699997], [-8356549.8784, 5115789.631700002], [-8356568.5649, 5115855.264600001], [-8356594.046399999, 5115937.9454], [-8356610.1854, 5115996.248599999], [-8356622.0778, 5116045.6875], [-8356639.9155, 5116104.502700001], [-8356656.054500001, 5116155.646399997], [-8356678.9893, 5116229.805399999], [-8356697.6774, 5116294.5886999965], [-8356718.912799999, 5116349.1426], [-8356743.5472, 5116426.201200001], [-8356766.483200001, 5116499.509599999], [-8356789.419399999, 5116571.9661], [-8356817.4538, 5116669.144100003], [-8356840.3912, 5116742.2836000025], [-8356862.4793, 5116817.299400002], [-8356887.115800001, 5116891.4626], [-8356910.054400001, 5116969.036700003], [-8356924.498199999, 5117025.299900003], [-8356939.791999999, 5117085.8257], [-8356947.4376, 5117104.5798999965], [-8356953.384299999, 5117119.924500003], [-8356984.814300001, 5117169.366300002], [-8357011.9977, 5117217.1039], [-8357037.142200001, 5117258.192000002], [-8357069.422700001, 5117310.191799998], [-8357090.6601, 5117346.8477], [-8357116.1458, 5117394.586099997], [-8357144.179300001, 5117438.061499998], [-8357181.5582, 5117499.439099997], [-8357203.6459, 5117535.242799997], [-8357218.0887, 5117565.0798999965], [-8357243.576099999, 5117617.081699997], [-8357265.6667, 5117669.084100001], [-8357276.714299999, 5117712.562799998], [-8357283.513699999, 5117745.300099999], [-8357288.615700001, 5117787.074900001], [-8357289.470899999, 5117828.850599997], [-8357286.0799, 5117876.594899997], [-8357284.387399999, 5117920.929200001], [-8357278.447699999, 5117963.558899999], [-8357269.961999999, 5118022.388300002], [-8357266.5681, 5118048.989600003], [-8357246.1899, 5118102.705600001], [-8357232.603800001, 5118135.106200002], [-8357224.962099999, 5118157.274700001], [-8357213.0736, 5118181.149099998], [-8357201.1843, 5118199.908], [-8357175.704700001, 5118221.226400003], [-8357147.676999999, 5118242.545400001], [-8357129.838500001, 5118235.726899996], [-8357098.2424, 5118251.930399999], [-8357026.0472, 5118295.422399998], [-8356956.399599999, 5118335.503200002], [-8356899.491599999, 5118369.613899998], [-8356838.3367, 5118406.282700002], [-8356754.2479, 5118457.448100001], [-8356682.0496, 5118500.938500002], [-8356608.151699999, 5118543.064199999], [-8356575.024900001, 5118563.529700004], [-8356507.921700001, 5118604.4608], [-8356438.2697, 5118648.802299999], [-8356369.4662, 5118689.732900001], [-8356310.8555, 5118724.694200002], [-8356254.7925, 5118754.539300002], [-8356215.7181, 5118778.414899997], [-8356154.5581, 5118819.344300002], [-8356095.0963, 5118854.304700002], [-8356042.4297, 5118885.001199998], [-8355991.4617, 5118914.845299996], [-8355983.8166000005, 5118923.372100003], [-8355985.5156, 5118943.835900001], [-8355988.9136, 5118966.005400002], [-8355998.257999999, 5119005.228100002], [-8356009.3016, 5119054.682899997], [-8356022.044199999, 5119115.222999997], [-8356034.7872, 5119182.584899999], [-8356049.2292, 5119250.799699999], [-8356057.7247, 5119287.636200003], [-8356066.2202, 5119335.387100004], [-8356077.264699999, 5119394.2233000025], [-8356089.1588, 5119458.176200002], [-8356101.0528, 5119506.780599996], [-8356108.699100001, 5119548.563699998], [-8356120.5934999995, 5119614.222999997], [-8356129.9394000005, 5119665.215899996], [-8356139.2853999995, 5119715.5266999975], [-8356148.6316, 5119773.512599997], [-8356157.127900001, 5119819.560400002], [-8356169.8726, 5119877.546700001], [-8356181.7676, 5119932.975299999], [-8356191.1141, 5119984.1401999965], [-8356200.4607, 5120037.863700002], [-8356209.8071, 5120080.330899999], [-8356222.5525, 5120142.582900003], [-8356240.396600001, 5120242.356899999], [-8356254.8421, 5120316.548699997], [-8356271.8365, 5120392.4463], [-8356283.733200001, 5120459.305], [-8356289.681299999, 5120485.741599999], [-8356297.3291, 5120519.853500001], [-8356306.6766, 5120571.021399997], [-8356315.1745, 5120617.072800003], [-8356329.620100001, 5120666.535499997], [-8356349.1636, 5120715.998000003], [-8356367.0079, 5120766.313900001], [-8356389.9509, 5120826.863499999], [-8356413.7436, 5120889.972000003], [-8356444.334899999, 5120965.020300001], [-8356475.7764, 5121045.185999997], [-8356505.349400001, 5121128.2522], [-8356526.5943, 5121182.833899997], [-8356552.0886, 5121249.355599999], [-8356570.784700001, 5121298.821000002], [-8356592.0307, 5121357.667800002], [-8356610.727, 5121405.4278], [-8356634.522500001, 5121463.422200002], [-8356660.018100001, 5121527.386799999], [-8356696.052100001, 5121613.696999997], [-8356712.199999999, 5121654.976199999], [-8356726.6482, 5121694.208499998], [-8356741.9465, 5121735.146899998], [-8356761.4936999995, 5121780.349600002], [-8356781.0416, 5121828.111199997], [-8356802.289999999, 5121887.813900001], [-8356833.737299999, 5121965.427100003], [-8356791.593699999, 5122005.007399999], [-8356755.057700001, 5122041.687200002], [-8356732.1163, 5122061.3068], [-8356667.5405, 5122131.253700003], [-8356609.7619, 5122200.3473000005], [-8356567.276900001, 5122249.821699999], [-8356506.0978999995, 5122318.062799998], [-8356445.7678, 5122387.1567], [-8356393.9341, 5122447.038099997], [-8356337.8508, 5122508.455499999], [-8356291.964199999, 5122560.489299998], [-8356264.772, 5122597.168899998], [-8356206.138, 5122666.263300002], [-8356150.9022, 5122731.092699997], [-8356107.5627999995, 5122781.4208], [-8356090.567, 5122812.9826000035], [-8356089.7173, 5122821.000799999], [-8356129.6592999995, 5122861.091300003], [-8356167.902000001, 5122897.7698], [-8356209.5447, 5122943.831299998], [-8356246.9383000005, 5122985.6281], [-8356300.479699999, 5123041.925399996], [-8356347.2228, 5123091.3989999965], [-8356384.6175, 5123131.489600003], [-8356427.9618999995, 5123180.963399999], [-8356473.5162, 5123226.683700003], [-8356518.5611000005, 5123271.0392], [-8356570.0658, 5123325.2896], [-8356621.0613, 5123381.587300003], [-8356664.4079, 5123427.649099998], [-8356700.1055, 5123466.0339], [-8356739.203, 5123506.977600001], [-8356784.2502999995, 5123552.1862], [-8356820.798599999, 5123590.571000002], [-8356865.846999999, 5123636.6329], [-8356908.3462000005, 5123685.253700003], [-8356937.9263, 5123718.350400001], [-8356971.0757, 5123751.616999999], [-8357011.8752, 5123790.854599997], [-8357054.3752, 5123831.798100002], [-8357084.1251, 5123859.946599998], [-8357118.9759, 5123896.625500001], [-8357159.606799999, 5123936.374799997], [-8357202.108200001, 5123979.877499998], [-8357250.5603, 5124027.645000003], [-8357304.1128, 5124079.677299999], [-8357350.015699999, 5124125.739], [-8357394.218900001, 5124170.947700001], [-8357440.1225000005, 5124217.009099998], [-8357500.478800001, 5124280.130999997], [-8357551.4838, 5124329.6044000015], [-8357598.2388, 5124373.9592999965], [-8357646.695, 5124423.4331], [-8357677.4690000005, 5124455.505500004], [-8357716.573899999, 5124490.477600001], [-8357776.931600001, 5124544.2146999985], [-8357826.2389, 5124590.275600001], [-8357890.8496, 5124653.396499999], [-8357950.3598, 5124709.6932], [-8358000.8595, 5124758.313000001], [-8358036.5667, 5124793.285499997], [-8358089.2771000005, 5124843.611199997], [-8358146.238500001, 5124893.935999997], [-8358202.350299999, 5124944.260799997], [-8358249.9615, 5124990.321900003], [-8358310.3267, 5125049.177500002], [-8358355.387700001, 5125090.119800001], [-8358397.8904, 5125096.9344], [-8358442.2629, 5125103.748099998], [-8358484.765799999, 5125111.415600002], [-8358530.669299999, 5125120.788199998], [-8358576.573799999, 5125133.573600002], [-8358619.078600001, 5125147.212800004], [-8358664.135399999, 5125166.823700003], [-8358707.4923, 5125186.435000002], [-8358756.799900001, 5125207.750699997], [-8358803.5582, 5125230.7733], [-8358852.017200001, 5125254.648500003], [-8358915.780099999, 5125288.7575], [-8358970.192299999, 5125321.1625000015], [-8359008.451400001, 5125344.187299997], [-8359100.102399999, 5125395.350599997], [-8359174.9199, 5125435.427199997], [-8359240.3849, 5125468.680799998], [-8359307.5502, 5125501.079999998], [-8359376.415999999, 5125533.478699997], [-8359434.229900001, 5125560.760899998], [-8359499.6949000005, 5125589.747000001], [-8359560.0602, 5125618.734300002], [-8359631.477299999, 5125649.423799999], [-8359693.5414, 5125673.290399998], [-8359770.909499999, 5125703.123300001], [-8359853.3774999995, 5125731.247000001], [-8359970.705700001, 5125773.8609], [-8360066.9486, 5125807.266999997], [-8360117.962400001, 5125827.722999997], [-8360211.488500001, 5125866.078299999], [-8360286.3092, 5125895.908799998], [-8360376.4355999995, 5125932.557700001], [-8360437.6537, 5125957.273900002], [-8360505.6732, 5125982.8396999985], [-8360535.4318, 5125993.917999998], [-8360568.5888, 5126000.727899998], [-8360611.945900001, 5126004.973099999], [-8360687.604499999, 5126004.9353], [-8360780.265000001, 5126004.888099998], [-8360864.4241, 5126003.991300002], [-8360953.6844, 5126003.9441], [-8361018.802300001, 5126004.933200002], [-8361050.2577, 5126008.329499997], [-8361080.867000001, 5126019.405500002], [-8361114.0287, 5126033.893299997], [-8361151.445599999, 5126056.911600001], [-8361184.6139, 5126083.3455], [-8361223.736500001, 5126115.7487], [-8361258.607899999, 5126146.447899997], [-8361286.6778, 5126175.444200002], [-8361323.255000001, 5126215.5286], [-8361349.6273, 5126248.792599998], [-8361376.001700001, 5126285.4695999995], [-8361394.7249, 5126321.298100002], [-8361415.153899999, 5126367.365500003], [-8361434.7382, 5126421.966700003], [-8361454.3256, 5126481.688199997], [-8361472.206499999, 5126530.317500003], [-8361492.6547, 5126607.7885000035], [-8361514.7948, 5126670.069600001], [-8361534.3741999995, 5126714.4322], [-8361559.906400001, 5126761.351099998], [-8361602.461300001, 5126840.517300002], [-8361622.884099999, 5126872.079499997], [-8361645.008300001, 5126905.347400002], [-8361667.1317, 5126936.908500001], [-8361689.254799999, 5126967.616499998], [-8361672.2820999995, 5127019.682599999], [-8361666.363600001, 5127074.302500002], [-8361659.6031, 5127143.430699997], [-8361653.6866, 5127202.3182], [-8361648.6128, 5127248.404700004], [-8361646.922499999, 5127265.473499998], [-8361641.0107, 5127332.213200003], [-8361632.5671999995, 5127431.213500001], [-8361625.8149, 5127514.852499999], [-8361614.8256, 5127622.390799999], [-8361608.9142, 5127690.668799996], [-8361600.439300001, 5127737.612899996], [-8361591.9594, 5127776.023000002], [-8361586.0359000005, 5127823.819499999], [-8361583.5086, 5127864.103699997], [-8361580.1285999995, 5127899.950800002], [-8361575.9014, 5127940.919299997], [-8361567.456800001, 5128039.925899997], [-8361558.155099999, 5128127.838799998], [-8361550.633300001, 5128192.393299997], [-8361543.0163, 5128253.3367], [-8361534.559599999, 5128332.715899996], [-8361525.253799999, 5128414.657300003], [-8361520.194700001, 5128488.061300002], [-8361513.427300001, 5128548.6647000015], [-8361508.351500001, 5128593.903499998], [-8361501.578299999, 5128644.435900003], [-8361493.967800001, 5128717.843500003], [-8361488.059699999, 5128794.6646], [-8361482.1479, 5128864.658], [-8361474.539999999, 5128943.188500002], [-8361466.937899999, 5129031.962200001], [-8361460.1811, 5129112.371299997], [-8361455.112199999, 5129170.416500002], [-8361450.042300001, 5129226.755000003], [-8361443.2808, 5129299.312799998], [-8361436.522500001, 5129377.846299998], [-8361428.918500001, 5129464.063000001], [-8361422.151699999, 5129528.086800002], [-8361416.228499999, 5129580.159699999], [-8361405.233899999, 5129686.866999999], [-8361392.515900001, 5129754.310000002], [-8361378.9398, 5129808.437399998], [-8361353.4735, 5129891.253600001], [-8361328.8463, 5129954.436700001], [-8361309.3213, 5130017.616999999], [-8361288.1061, 5130100.432499997], [-8361274.5297, 5130155.927699998], [-8361249.9175, 5130248.819499999], [-8361228.6942, 5130318.831900001], [-8361202.3796, 5130410.189499997], [-8361174.3574, 5130490.450900003], [-8361136.1383, 5130588.475400001], [-8361098.7677, 5130684.109899998], [-8361052.9015, 5130799.3851], [-8361004.483999999, 5130917.223899998], [-8360965.41, 5131013.715899996], [-8360944.176000001, 5131070.073399998], [-8360925.4902, 5131120.112400003], [-8360903.403999999, 5131174.763599999], [-8360876.2216, 5131243.077399999], [-8360849.0408, 5131315.660599999], [-8360827.806600001, 5131374.581], [-8360808.271299999, 5131429.231899999], [-8360800.6329, 5131462.532899998], [-8360801.490900001, 5131477.046400003], [-8360801.5064, 5131507.782200001], [-8360798.9715, 5131541.080700003], [-8360793.0373, 5131580.3576000035], [-8360785.4001, 5131616.220299996], [-8360775.2114, 5131652.5967999995], [-8360762.468599999, 5131685.047399998], [-8360747.1755, 5131720.060400002], [-8360725.080800001, 5131761.907499999], [-8360701.284499999, 5131803.755599998], [-8360680.036699999, 5131838.772200003], [-8360663.8872, 5131863.5407000035], [-8360634.1307, 5131894.292499997], [-8360594.17, 5131931.880000003], [-8360549.273499999, 5131966.054700002], [-8360512.7092, 5131991.687100001], [-8360470.1888999995, 5132014.760600001], [-8360432.769300001, 5132031.854999997], [-8360391.093900001, 5132043.828100003], [-8360345.167300001, 5132060.072499998], [-8360300.940400001, 5132072.900700003], [-8360254.1599, 5132082.314300001], [-8360249.057600001, 5132085.731899999], [-8360249.0601, 5132091.708700001], [-8360272.884199999, 5132105.3587], [-8360325.466700001, 5132134.5353000015], [-8360392.6839000005, 5132170.364500001], [-8360466.707699999, 5132208.751599997], [-8360529.672599999, 5132244.582000002], [-8360591.786800001, 5132279.559], [-8360657.304099999, 5132314.533699997], [-8360754.132999999, 5132363.324600004], [-8360819.6526999995, 5132400.860200003], [-8360910.698799999, 5132449.4821000025], [-8360967.7104, 5132481.8983], [-8361059.608999999, 5132531.372500002], [-8361145.5515, 5132576.580300003], [-8361222.1348, 5132617.523100004], [-8361293.612400001, 5132654.199299999], [-8361395.3851, 5132708.276500002], [-8361481.3312, 5132754.335699998], [-8361551.108999999, 5132790.157499999], [-8361625.992900001, 5132828.5374], [-8361658.3333, 5132851.572899997], [-8361725.728800001, 5132884.833800003], [-8361798.062000001, 5132923.214100003], [-8361884.861199999, 5132966.708400004], [-8361957.197699999, 5133008.503799997], [-8361960.619999999, 5133039.242200002], [-8361966.5918000005, 5133065.7095], [-8361990.4399, 5133110.097599998], [-8362005.774900001, 5133144.927500002], [-8362033.8835, 5133199.560199998], [-8362070.5063000005, 5133264.434699997], [-8362139.488299999, 5133375.913199998], [-8362170.147299999, 5133425.421400003], [-8362201.658399999, 5133476.637100004], [-8362236.5765, 5133532.974399999], [-8362274.0505, 5133594.433899999], [-8362290.236, 5133626.019500002], [-8362308.1237, 5133658.457800001], [-8362336.228700001, 5133702.844800003], [-8362362.635299999, 5133751.5031], [-8362389.8913, 5133797.598999999], [-8362423.963099999, 5133857.354000002], [-8362459.740900001, 5133923.086099997], [-8362489.558800001, 5133981.990599997], [-8362521.929400001, 5134040.381099999], [-8362547.4912, 5134095.019000001], [-8362571.3511, 5134148.804399997], [-8362587.552100001, 5134200.033500001], [-8362613.9769, 5134270.8979], [-8362623.358999999, 5134304.197899997], [-8362654.0491, 5134390.432400003], [-8362680.4814, 5134470.692299999], [-8362700.093, 5134530.460699998], [-8362716.2938, 5134579.641900003], [-8362740.163699999, 5134644.532200001], [-8362770.857799999, 5134733.331600003], [-8362790.477, 5134802.496200003], [-8362814.7487, 5134864.743000001], [-8362831.624500001, 5134910.618699998], [-8362833.759199999, 5134971.591799997], [-8362832.1713, 5135130.452799998], [-8362827.1469, 5135243.1972], [-8362821.275599999, 5135361.922399998], [-8362813.851500001, 5135451.439099997], [-8362807.110099999, 5135543.689499997], [-8362799.5152, 5135632.695600003], [-8362852.296, 5135663.406099997], [-8362896.563999999, 5135688.997599997], [-8362967.2236, 5135730.798199996], [-8363032.7794, 5135774.310500003], [-8363100.038899999, 5135819.5293999985], [-8363155.381899999, 5135859.974399999], [-8363195.3993999995, 5135888.985100001], [-8363232.0144, 5135919.7064], [-8363312.898600001, 5135974.310000002], [-8363410.8102, 5136037.441399999], [-8363482.8407000005, 5136084.876199998], [-8363521.1559999995, 5136111.3248], [-8363575.649800001, 5136149.718900003], [-8363587.5671999995, 5136153.980300002], [-8363613.122199999, 5136185.564400002], [-8363639.5406, 5136232.523000002], [-8363683.8485, 5136301.676200002], [-8363719.637, 5136358.8781], [-8363754.235400001, 5136416.935199998], [-8363786.6151, 5136467.306500003], [-8363820.705800001, 5136527.927100003], [-8363852.243799999, 5136588.550300002], [-8363879.5296, 5136652.593999997], [-8363900.8467, 5136702.121399999], [-8363927.1236000005, 5136780.175999999], [-8363948.456900001, 5136848.497299999], [-8363969.7839, 5136909.130500004], [-8363996.228399999, 5136982.573700003], [-8364014.1489, 5137039.7936], [-8364034.6215, 5137095.303000003], [-8364064.475199999, 5137173.357699998], [-8364089.195800001, 5137219.467100002], [-8364121.582800001, 5137273.258500002], [-8364159.070499999, 5137319.357199997], [-8364190.5962000005, 5137360.3354], [-8364232.3333, 5137398.741899997], [-8364284.286900001, 5137440.556400001], [-8364343.3895, 5137481.339400001], [-8364387.675799999, 5137513.763099998], [-8364422.5923999995, 5137537.652400002], [-8364477.097100001, 5137575.1928], [-8364525.638599999, 5137605.903800003], [-8364554.760600001, 5137621.254799999], [-8364587.956, 5137622.932999998], [-8364644.982000001, 5137623.734899998], [-8364702.8575, 5137622.826899998], [-8364766.689300001, 5137620.204599999], [-8364860.3071, 5137614.136299998], [-8364942.857999999, 5137605.514700003], [-8365033.920700001, 5137597.738700002], [-8365119.876599999, 5137589.966700003], [-8365223.702500001, 5137578.759199999], [-8365324.4739, 5137577.805200003], [-8365378.103800001, 5137587.149099998], [-8365424.9246, 5137596.499600001], [-8365506.647299999, 5137611.794699997], [-8365586.6657, 5137624.527999997], [-8365646.252800001, 5137633.009999998], [-8365716.904100001, 5137640.626000002], [-8365739.867799999, 5137624.370200001], [-8365780.689300001, 5137592.718599997], [-8365821.5123, 5137562.774800003], [-8365878.4946, 5137521.7086], [-8365936.324100001, 5137477.223899998], [-8365973.7435, 5137448.992399998], [-8366025.109300001, 5137409.811099999], [-8366069.329700001, 5137374.737999998], [-8366139.146400001, 5137399.437100001], [-8366263.4541, 5137442.871200003], [-8366402.237500001, 5137491.4135000035], [-8366547.8347, 5137543.0217999965], [-8366627.8728, 5137572.8323], [-8366702.797800001, 5137596.667800002], [-8366791.348200001, 5137626.467500001], [-8366887.5649999995, 5137661.383500002], [-8366983.7804000005, 5137694.5898], [-8367085.957599999, 5137730.351400003], [-8367179.6171, 5137760.1417], [-8367280.940300001, 5137792.484899998], [-8367394.1896, 5137832.501800001], [-8367507.4385, 5137871.663099997], [-8367610.4706, 5137907.418799996], [-8367710.0966, 5137941.468599997], [-8367795.2487, 5137971.264300004], [-8367878.697699999, 5138000.206900001], [-8367962.997400001, 5138028.293499999], [-8368065.1687, 5138053.793499999], [-8368146.903100001, 5138071.629900001], [-8368208.205499999, 5138086.416199997], [-8368259.3015, 5138106.8543], [-8368316.3606, 5138130.7016], [-8368420.2651, 5138178.409199998], [-8368543.7622, 5138237.196599998], [-8368682.5912, 5138302.796800002], [-8368771.1713, 5138345.3957], [-8368854.8103, 5138384.412299998], [-8368957.8738, 5138435.533799998], [-8369080.522700001, 5138491.753700003], [-8369125.6515, 5138502.798100002], [-8369129.9287, 5138518.1712], [-8369130.900699999, 5138606.172200002], [-8369130.9958999995, 5138675.378600001], [-8369136.2151, 5138757.052599996], [-8369139.6986, 5138814.293399997], [-8369144.9187, 5138896.310400002], [-8369151.839, 5138976.616899997], [-8369157.863700001, 5139024.456799999], [-8369168.9849, 5139064.599600002], [-8369181.8068, 5139103.031499997], [-8369197.1954, 5139150.8587], [-8369217.705800001, 5139208.932400003], [-8369234.7455, 5139219.1620000005], [-8369267.9648, 5139233.640900001], [-8369307.054, 5139184.027599998], [-8369351.2456, 5139130.989399999], [-8369403.075200001, 5139061.706], [-8369464.2545, 5138983.011], [-8369518.639900001, 5138916.287699997], [-8369554.3848, 5138872.126400001], [-8369629.9175, 5138871.184799999], [-8369721.8519, 5138871.905699998], [-8369816.337300001, 5138870.913199998], [-8369858.953500001, 5138908.445200004], [-8369923.732000001, 5138966.450800002], [-8370005.539799999, 5139026.9943], [-8370076.288799999, 5139091.826099999], [-8370135.952199999, 5139143.003200002], [-8370187.9344999995, 5139180.520800002], [-8370219.328299999, 5139111.263400003], [-8370313.0582, 5139172.641599998], [-8370398.9537, 5139231.296999998], [-8370460.306700001, 5139272.216700003], [-8370526.775599999, 5139318.255400002], [-8370597.499, 5139362.578199998], [-8370663.9651999995, 5139406.052900001], [-8370743.214500001, 5139458.051799998], [-8370825.0145, 5139507.483199999], [-8370930.8487, 5139573.965599999], [-8371016.9098000005, 5139625.0978000015], [-8371115.7535999995, 5139683.899700001], [-8371206.9287, 5139737.586400002], [-8371281.0649999995, 5139782.925899997], [-8371379.0635, 5139843.436399996], [-8371475.3565, 5139901.385499999], [-8371574.210100001, 5139962.747699998], [-8371657.724099999, 5140013.8807], [-8371731.864700001, 5140059.046999998], [-8371792.3759, 5140099.108599998], [-8371853.7303, 5140134.0414], [-8371936.4003, 5140187.737800002], [-8371991.7937, 5140220.971000001], [-8372051.4498, 5140257.615000002], [-8372106.6702, 5140187.448700003], [-8372160.196900001, 5140123.267099999], [-8372206.9223, 5140065.078900002], [-8372290.1994, 5139974.356399998], [-8372353.105799999, 5139920.413099997], [-8372435.739, 5139852.934199996], [-8372513.4464, 5139792.983199999], [-8372594.2204, 5139734.7355], [-8372645.2248, 5139691.921099998], [-8372714.937899999, 5139637.9648], [-8372794.0008000005, 5139576.301700003], [-8372870.6807, 5139515.4969], [-8372939.532299999, 5139457.269299999], [-8372991.390900001, 5139417.870499998], [-8373041.5495, 5139380.183600001], [-8373135.0616, 5139308.239500001], [-8373215.649900001, 5139245.717699997], [-8373278.5572, 5139197.753399998], [-8373333.8134, 5139155.784500003], [-8373418.8179, 5139088.9815], [-8373509.770500001, 5139017.0407000035], [-8373584.571900001, 5138957.946000002], [-8373669.5776, 5138893.7053999975], [-8373731.286499999, 5138844.546099998], [-8373795.0397, 5138796.578900002], [-8373891.086300001, 5138720.355099998], [-8373962.490900001, 5138668.100900002], [-8374037.2884, 5138609.859399997], [-8374159.679400001, 5138513.078500003], [-8374282.9243, 5138419.0293999985], [-8374344.120100001, 5138371.9201000035], [-8374421.463400001, 5138311.963600002], [-8374482.6513, 5138261.436399996], [-8374553.194800001, 5138207.473399997], [-8374627.981699999, 5138147.521200001], [-8374739.153999999, 5138065.283500001], [-8374827.552200001, 5138002.740599997], [-8374913.3992, 5137941.911200002], [-8374916.7717, 5137925.6721], [-8374943.9932, 5137917.928400002], [-8374993.4054000005, 5137940.896399997], [-8375050.4716, 5137960.431299999], [-8375113.4978, 5137980.8081], [-8375139.039100001, 5137984.173900001], [-8375170.6888999995, 5138062.709600002], [-8375201.436799999, 5138115.616800003], [-8375218.2213, 5138166.331299998], [-8375270.3815, 5138284.981600001], [-8375306.286, 5138361.801700003], [-8375356.8956, 5138470.375299998], [-8375382.550899999, 5138529.275399998], [-8375412.4692, 5138591.5845], [-8375454.3396000005, 5138670.957500003], [-8375503.9013, 5138764.840099998], [-8375541.3232, 5138832.6032000035], [-8375578.032400001, 5138884.646600001], [-8375630.1065, 5138957.1646], [-8375683.9012, 5139038.2238000035], [-8375753.913000001, 5139139.755900003], [-8375771.831700001, 5139160.2250000015], [-8375836.559, 5139175.469400004], [-8375912.3584, 5139193.2535], [-8375977.9374, 5139208.495200001], [-8376047.7711, 5139222.873000003], [-8376141.4603, 5139246.5986], [-8376195.966600001, 5139258.444600001], [-8376237.6461, 5139242.975299999], [-8376279.3254, 5139227.505800001], [-8376338.866699999, 5139205.162199996], [-8376399.262700001, 5139184.525399998], [-8376463.0689, 5139166.444200002], [-8376516.6833999995, 5139159.492399998], [-8376584.271400001, 5139158.490999997], [-8376627.7129, 5139171.213100001], [-8376707.7959, 5139200.943700001], [-8376747.352, 5139208.547600001], [-8376803.194700001, 5139227.221000001], [-8376876.485300001, 5139264.6536], [-8376987.268200001, 5139318.236500002], [-8377067.380000001, 5139359.9252], [-8377207.309, 5139427.111500002], [-8377273.7774, 5139457.721600004], [-8377330.013599999, 5139480.664499998], [-8377417.764900001, 5139511.2250000015], [-8377496.981000001, 5139531.550899997], [-8377548.9309, 5139540.830700003], [-8377603.4308, 5139548.395400003], [-8377646.854699999, 5139551.7129999995], [-8377727.7294, 5139552.380000003], [-8377842.6426, 5139546.9859], [-8378006.0831, 5139543.1853], [-8378068.7501, 5139548.1646], [-8378118.138900001, 5139554.0293999985], [-8378161.5846, 5139566.744099997], [-8378210.138, 5139579.446000002], [-8378248.474099999, 5139591.3178], [-8378279.1467, 5139602.3532000035], [-8378320.0428, 5139616.781999998], [-8378369.456, 5139632.899400003], [-8378412.8983, 5139643.9038999975], [-8378451.225, 5139651.502499998], [-8378486.989700001, 5139655.689199999], [-8378518.493899999, 5139658.176799998], [-8378606.1842, 5139660.529200003], [-8378745.132999999, 5139667.028800003], [-8378866.034700001, 5139673.5704], [-8378947.770099999, 5139677.642999999], [-8379035.1658, 5139769.884999998], [-8379038.6121, 5139786.966300003], [-8379113.715299999, 5139864.5414], [-8379203.8418000005, 5139958.144100003], [-8379289.174000001, 5140039.9663999975], [-8379389.8529, 5140130.295500003], [-8379458.9519, 5140187.3763], [-8379493.9221, 5140213.779299997], [-8379580.0243, 5140260.562799998], [-8379612.4158, 5140276.717600003], [-8379642.244899999, 5140289.460699998], [-8379682.305299999, 5140308.159500003], [-8379705.2962, 5140309.810599998], [-8379770.003799999, 5140311.355700001], [-8379834.706800001, 5140311.0207], [-8379899.401799999, 5140307.437600002], [-8379995.6032, 5140306.3374999985], [-8380051.7952, 5140307.047899999], [-8380094.388800001, 5140317.1932], [-8380140.41, 5140335.874899998], [-8380209.4738, 5140376.715300001], [-8380267.4575, 5140412.456699997], [-8380293.102600001, 5140453.409199998], [-8380321.397299999, 5140531.955799997], [-8380330.857899999, 5140569.5320999995], [-8380337.76, 5140605.406099997], [-8380370.353499999, 5140700.008599997], [-8380409.8048, 5140812.7114999965], [-8380448.4057, 5140925.4177], [-8380487.040100001, 5141050.9441], [-8380516.2509, 5141153.421800002], [-8380528.3017, 5141204.496799998], [-8380506.227600001, 5141229.338799998], [-8380454.396400001, 5141271.350900002], [-8380405.946699999, 5141303.953100003], [-8380356.669, 5141345.958400004], [-8380289.2006, 5141400.1467999965], [-8380201.6687, 5141467.035499997], [-8380109.041999999, 5141539.9196000025], [-8380025.7585, 5141604.232699998], [-8379926.321599999, 5141678.842799999], [-8379869.365900001, 5141716.5933], [-8379782.1731, 5141785.188900001], [-8379729.4844, 5141827.201700002], [-8379657.2444, 5141882.9388], [-8379574.806600001, 5141947.248199999], [-8379504.2677, 5142002.980300002], [-8379440.3533, 5142051.858199999], [-8379359.617699999, 5142117.017200001], [-8379303.517100001, 5142158.182800002], [-8379226.1752, 5142219.059600003], [-8379207.479, 5142234.490800001], [-8379195.6381, 5142267.854099996], [-8379183.7983, 5142301.5594], [-8379167.7469999995, 5142354.5918999985], [-8379142.390699999, 5142433.289899997], [-8379114.510199999, 5142524.815700002], [-8379085.754899999, 5142606.942299999], [-8379055.3082, 5142694.202200003], [-8379037.5550999995, 5142748.266500004], [-8379014.7412, 5142822.687200002], [-8379008.0209, 5142861.1686], [-8379002.2258, 5142930.419500001], [-8379000.729800001, 5143016.756099999], [-8379001.7719, 5143096.078000002], [-8379064.8730999995, 5143130.114799999], [-8379188.511700001, 5143193.919699997], [-8379292.8708, 5143243.581200004], [-8379384.0777, 5143277.546499997], [-8379494.033299999, 5143316.592699997], [-8379614.232899999, 5143365.015100002], [-8379704.5945999995, 5143400.689599998], [-8379828.2173999995, 5143455.0847999975], [-8379926.262800001, 5143497.576300003], [-8379984.5868999995, 5143527.761100002], [-8380037.4661, 5143558.399599999], [-8380067.3189, 5143576.2744999975], [-8380101.103, 5143599.610299997], [-8380127.5623, 5143622.622900002], [-8380176.2382, 5143674.642800003], [-8380238.6017, 5143750.5634], [-8380305.2743999995, 5143846.134499997], [-8380374.5056, 5143942.554499999], [-8380435.1885, 5144026.174000002], [-8380498.344799999, 5144077.302000001], [-8380590.468, 5144131.773400001], [-8380695.372300001, 5144187.920299999], [-8380782.354499999, 5144229.580600001], [-8380880.427200001, 5144278.049999997], [-8380968.9474, 5144320.901799999], [-8380905.2685, 5144398.012400001], [-8380833.9636, 5144490.703100003], [-8380758.4223, 5144592.638400003], [-8380702.4036, 5144668.874600001], [-8380648.0655000005, 5144736.557700001], [-8380600.167199999, 5144791.399700001], [-8380596.191400001, 5144901.698399998], [-8380588.935699999, 5145061.594999999], [-8380584.1689, 5145195.667300001], [-8380578.4844, 5145304.0942], [-8380570.7841, 5145623.0304000005], [-8380565.960000001, 5145734.879900001], [-8380562.909700001, 5145874.258299999], [-8380555.646, 5146031.605899997], [-8380546.6996, 5146197.168899998], [-8380543.487199999, 5146273.278499998], [-8380539.5364, 5146393.8552], [-8380533.0934999995, 5146539.237599999], [-8380536.6281, 5146588.824199997], [-8380541.014799999, 5146638.408699997], [-8380539.591700001, 5146748.037900001], [-8380499.6734, 5146796.0288999975], [-8380447.017000001, 5146860.300499998], [-8380404.526799999, 5146902.3125], [-8380338.2793000005, 5146982.867299996], [-8380266.9471, 5147074.552199997], [-8380208.516799999, 5147147.732900001], [-8380139.720799999, 5147232.570699997], [-8380073.481799999, 5147318.257399999], [-8379989.3914, 5147420.5803999975], [-8379917.1984, 5147511.413900003], [-8379847.5496, 5147597.965300001], [-8379791.4978, 5147670.799199998], [-8379727.7916, 5147749.639300004], [-8379673.4155, 5147811.693700001], [-8379672.5866, 5147821.103399999], [-8379739.301200001, 5147924.415600002], [-8379798.319, 5148015.7749999985], [-8379869.3100000005, 5148124.551200002], [-8379925.761399999, 5148210.786799997], [-8379980.4944, 5148291.040399998], [-8380036.1, 5148378.989399999], [-8380071.0129, 5148437.9130000025], [-8380110.354900001, 5148495.9701000005], [-8380141.148700001, 5148542.931199998], [-8380181.341600001, 5148600.131099999], [-8380218.980799999, 5148658.1932], [-8380276.814300001, 5148749.388599999], [-8380324.7084, 5148818.5436], [-8380374.3093, 5148888.549599998], [-8380412.6658, 5148892.726400003], [-8380526.8806, 5148904.402500004], [-8380695.6471, 5148921.9212], [-8380800.4848, 5148931.908299997], [-8380912.997199999, 5148943.926600002], [-8381076.6613, 5148964.873400003], [-8381237.758400001, 5148981.547700003], [-8381354.5326000005, 5148993.5493], [-8381438.911599999, 5149000.163400002], [-8381428.9267, 5149090.8544000015], [-8381417.8739, 5149100.293099999], [-8381411.151699999, 5149136.0638], [-8381398.6439, 5149239.593000002], [-8381381.931700001, 5149364.518399999], [-8381366.044199999, 5149479.178599998], [-8381356.0835, 5149579.454099998], [-8381342.7586, 5149696.676100001], [-8381331.1066, 5149802.090599999], [-8381321.9791, 5149895.353100002], [-8381312.8532, 5149989.471600004], [-8381305.3957, 5150069.8999999985], [-8381292.961200001, 5150202.009999998], [-8381282.2278, 5150332.919299997], [-8381270.5803, 5150440.736100003], [-8381259.788000001, 5150549.578100003], [-8381254.043400001, 5150633.428400002], [-8381251.669299999, 5150702.727300003], [-8381251.833900001, 5150765.176200002], [-8381182.8257, 5150775.627400003], [-8381101.894300001, 5150789.531999998], [-8381072.0932, 5150800.732799999], [-8381055.931, 5150812.752599999], [-8381039.8202, 5150844.448299997], [-8381013.539899999, 5150898.413800001], [-8380975.3895, 5150976.364799999], [-8380943.9048999995, 5151061.313699998], [-8380924.4463, 5151116.972999997], [-8380888.0546, 5151216.308600001], [-8380868.6088, 5151277.1017], [-8380835.6031, 5151367.874399997], [-8380819.541099999, 5151419.077500001], [-8380798.392100001, 5151480.731899999], [-8380782.339299999, 5151535.528700002], [-8380751.895400001, 5151628.863499999], [-8380722.3100000005, 5151724.763599999], [-8380679.202400001, 5151865.873899996], [-8380662.3112, 5151926.663999997], [-8380661.5074000005, 5151945.488899998], [-8380628.501700001, 5152037.978399999], [-8380505.732100001, 5152028.888499998], [-8380386.378799999, 5152022.354999997], [-8380353.1954, 5152020.939199999], [-8380254.0713, 5152016.708999999], [-8380140.696, 5152014.434900001], [-8380027.316199999, 5152010.448399998], [-8379881.539100001, 5152003.976199999], [-8379775.822799999, 5151996.5446000025], [-8379635.1603999995, 5151990.055799998], [-8379518.3695, 5151985.215999998], [-8379400.726500001, 5151980.377099998], [-8379404.2217999995, 5152015.4472], [-8379409.453400001, 5152063.3467999995], [-8379413.8924, 5152135.718699999], [-8379420.1, 5152234.097000003], [-8379427.0364, 5152281.9934], [-8379436.6708, 5152387.209600002], [-8379390.6668, 5152398.4476], [-8379339.5814, 5152423.387800001], [-8379288.488600001, 5152445.418799996], [-8379224.6203000005, 5152472.101599999], [-8379136.0513, 5152507.401500002], [-8379053.448999999, 5152542.685599998], [-8379021.610400001, 5152560.560900003], [-8378943.2611, 5152592.411600001], [-8378878.5363, 5152618.239100002], [-8378797.632999999, 5152651.806100003], [-8378704.810699999, 5152692.246699996], [-8378622.213199999, 5152730.950499997], [-8378593.8991, 5152653.370399997], [-8378567.2915, 5152576.427299999], [-8378505.5382, 5152416.231799997], [-8378452.335899999, 5152266.627300002], [-8378390.580499999, 5152103.8693], [-8378356.272500001, 5152013.259199999], [-8378323.7138, 5151941.468099996], [-8378313.4551, 5151928.659000002], [-8378248.5919, 5151893.7348000035], [-8378162.397700001, 5151849.449600004], [-8378110.687100001, 5151825.273699999], [-8378119.0449, 5151753.386600003], [-8378134.9472, 5151626.726999998], [-8378146.6546, 5151529.1674000025], [-8378155.8661, 5151458.136100002], [-8378165.965600001, 5151402.502599999], [-8378172.715399999, 5151372.714400001], [-8378188.788899999, 5151320.489399999], [-8378205.704700001, 5151263.984999999], [-8378252.3204, 5151150.946800001], [-8378282.830600001, 5151076.445600003], [-8378312.508199999, 5151010.501800001], [-8378312.4889, 5151002.288900003], [-8378258.6624, 5150945.954800002], [-8378176.642899999, 5150860.600900002], [-8378076.7092, 5150767.590099998], [-8377996.4245, 5150693.866499998], [-8377899.9287, 5150611.9684000015], [-8377804.2870000005, 5150530.0682], [-8377736.822000001, 5150470.343699999], [-8377686.4319, 5150423.4111], [-8377613.8179, 5150347.445], [-8377555.7322, 5150288.554099999], [-8377483.9592, 5150206.598200001], [-8377418.156199999, 5150125.997500002], [-8377354.9155, 5150047.444200002], [-8377307.0635, 5149990.2412], [-8377265.1698, 5149929.602899998], [-8377226.677999999, 5149865.5358000025], [-8377194.1522, 5149801.4553999975], [-8377166.7169, 5149727.099200003], [-8377145.2007, 5149631.516999997], [-8377133.0228, 5149519.491300002], [-8377120.8565, 5149412.599200003], [-8377112.940099999, 5149300.737599999], [-8377104.109300001, 5149160.4826000035], [-8377097.776699999, 5148993.708899997], [-8377093.1622, 5148833.092799999], [-8377089.5032, 5148719.346600004], [-8377090.0217, 5148567.960199997], [-8377087.188999999, 5148442.412600003], [-8377085.0515, 5148245.708400004], [-8377084.829299999, 5148144.790100001], [-8377083.5547, 5147952.879100002], [-8377081.564300001, 5147822.890699998], [-8377079.469900001, 5147645.526299998], [-8377079.1252999995, 5147489.027599998], [-8377083.935900001, 5147352.188699998], [-8377088.923900001, 5147295.907399997], [-8377105.784600001, 5147214.629100002], [-8377121.8155000005, 5147143.615199998], [-8377139.576400001, 5147084.569799997], [-8377166.6502, 5146998.994400002], [-8377193.7447, 5146922.997199997], [-8377226.7772, 5146835.699199997], [-8377246.2676, 5146788.623400003], [-8377269.171, 5146744.1052], [-8377296.356699999, 5146709.838799998], [-8377341.4023, 5146661.8500000015], [-8377396.6665, 5146612.127800003], [-8377456.518200001, 5146556.922200002], [-8377550.896, 5146474.616099998], [-8377644.4241, 5146394.022100002], [-8377725.193700001, 5146322.863300003], [-8377778.740499999, 5146268.869099997], [-8377814.453, 5146239.371399999], [-8377841.6625, 5146217.076099999], [-8377843.3409, 5146205.956299998], [-8377848.2904, 5146134.974399999], [-8377852.336999999, 5146041.763599999], [-8377856.397399999, 5145954.539099999], [-8377850.256899999, 5145876.7447], [-8377840.7753, 5145828.029600002], [-8377822.774, 5145778.650799997], [-8377787.6324000005, 5145683.824699998], [-8377751.682499999, 5145607.811800003], [-8377725.1324000005, 5145544.773400001], [-8377694.319599999, 5145479.864299998], [-8377656.702400001, 5145419.2465], [-8377614.795600001, 5145344.958700001], [-8377572.9235, 5145285.7190999985], [-8377497.715500001, 5145174.744499996], [-8377441.2962, 5145085.101800002], [-8377380.604, 5144988.629500002], [-8377319.9331, 5144901.2206000015], [-8377257.501499999, 5144787.654600002], [-8377176.1293, 5144658.9146], [-8377109.448100001, 5144547.924800001], [-8377041.9266, 5144441.383400001], [-8376976.0853, 5144323.554300003], [-8376914.535800001, 5144220.249499999], [-8376858.1054, 5144120.353600003], [-8376787.130799999, 5143989.886399999], [-8376735.8094, 5143888.270800002], [-8376675.9616, 5143781.544699997], [-8376607.581800001, 5143667.144400001], [-8376561.431299999, 5143592.190099999], [-8376545.171, 5143555.467500001], [-8376581.6744, 5143500.678900003], [-8376608.8092, 5143445.9108000025], [-8376654.6186999995, 5143362.893399999], [-8376709.770400001, 5143268.401500002], [-8376753.9143, 5143203.339100003], [-8376786.1402, 5143140.867299996], [-8376815.807399999, 5143076.691699997], [-8376842.0732, 5143015.0886999965], [-8376871.6774, 5142922.364200003], [-8376893.6622, 5142850.514200002], [-8376915.585200001, 5142750.4575999975], [-8376932.441199999, 5142670.072400004], [-8376944.1558, 5142575.169200003], [-8376953.341499999, 5142492.238300003], [-8376961.3112, 5142398.370499998], [-8376963.6415, 5142295.798100002], [-8376959.103399999, 5142167.6010000035], [-8376952.083699999, 5142072.744199999], [-8376943.5405, 5142059.942900002], [-8376903.532299999, 5142066.0151999965], [-8376839.700099999, 5142080.687700003], [-8376803.1163, 5142095.299099997], [-8376751.2107, 5142112.508400001], [-8376688.2501, 5142136.578299999], [-8376596.3299, 5142157.292099997], [-8376496.7366, 5142173.748199999], [-8376401.3913, 5142185.920500003], [-8376262.953400001, 5142195.620200001], [-8376154.812999999, 5142197.560900003], [-8375993.8695, 5142195.3389], [-8375793.7468, 5142188.922499999], [-8375619.168400001, 5142181.5945999995], [-8375499.941, 5142175.003600001], [-8375350.9036, 5142165.053599998], [-8375123.528100001, 5142156.114799999], [-8375074.136299999, 5142154.5053], [-8375049.581700001, 5142224.6413], [-8375025.883199999, 5142297.3401999995], [-8374976.8072999995, 5142455.563900001], [-8374970.8872, 5142476.089299999], [-8374962.0396, 5142480.380999997], [-8374875.9925, 5142460.039800003], [-8374794.2051, 5142440.543899998], [-8374676.6566, 5142422.8276999965], [-8374658.7574000005, 5142414.315800004], [-8374651.8419, 5142361.336199999], [-8374643.2084, 5142300.6677], [-8374633.7333, 5142245.129699998], [-8374620.814099999, 5142169.940200001], [-8374601.9289, 5142091.857299998], [-8374588.231699999, 5142054.2771999985], [-8374562.600099999, 5142009.883299999], [-8374538.6884, 5141974.0331000015], [-8374500.271600001, 5141922.827], [-8374466.1306, 5141881.0141], [-8374425.1864, 5141843.487800002], [-8374378.2787, 5141804.2641], [-8374327.962300001, 5141763.337399997], [-8374271.5351, 5141732.678599998], [-8374211.0196, 5141701.172799997], [-8374108.7577, 5141656.926600002], [-8374034.617799999, 5141624.591300003], [-8373992.134099999, 5141672.5336000025], [-8373941.133400001, 5141719.637400001], [-8373862.0967, 5141800.9815], [-8373757.5535, 5141903.740699999], [-8373686.164799999, 5141978.232900001], [-8373594.1997, 5142069.857699998], [-8373531.3113, 5142137.496399999], [-8373456.5208, 5142216.2685], [-8373376.618799999, 5142294.5374], [-8373318.8367, 5142362.1669000015], [-8373251.696, 5142434.942100003], [-8373236.409700001, 5142458.047899999], [-8373168.4021000005, 5142523.132100001], [-8373119.956700001, 5142575.3596], [-8373079.1644, 5142621.590000004], [-8373058.761600001, 5142641.286200002], [-8373027.273700001, 5142652.4548999965], [-8372986.246099999, 5142662.785899997], [-8372919.8663, 5142686.838500001], [-8372856.9026999995, 5142716.867700003], [-8372782.8685, 5142746.916500002], [-8372719.911599999, 5142781.218800001], [-8372633.123199999, 5142823.255800001], [-8372563.3485, 5142855.0053], [-8372513.9801, 5142868.768399999], [-8372446.6961, 5142863.757100001], [-8372356.420600001, 5142859.640299998], [-8372280.2831, 5142856.353], [-8372167.019400001, 5142854.838299997], [-8372055.4618, 5142855.0288999975], [-8371897.908600001, 5142849.3125], [-8371761.6537999995, 5142848.686499998], [-8371664.4070999995, 5142851.413199998], [-8371545.1798, 5142848.191399999], [-8371413.18, 5142845.843900003], [-8371282.892899999, 5142849.475400001], [-8371154.3025, 5142848.828000002], [-8371030.8268, 5142851.5901999995], [-8370908.8838, 5142854.3483000025], [-8370783.705, 5142857.109899998], [-8370722.392100001, 5142858.060599998], [-8370688.3772, 5142889.740400001], [-8370633.945, 5142935.1285], [-8370551.4562, 5143011.331900001], [-8370482.5803, 5143079.821199998], [-8370445.1702, 5143120.053999998], [-8370402.6633, 5143168.842699997], [-8370356.773700001, 5143233.877899997], [-8370332.8160999995, 5143272.722599998], [-8370302.248500001, 5143333.460699998], [-8370279.3478, 5143395.897200003], [-8370260.702299999, 5143456.618000001], [-8370246.3148, 5143517.3325999975], [-8370237.866, 5143562.651600003], [-8370228.6514, 5143665.93], [-8370220.282299999, 5143765.1052], [-8370207.75, 5143928.402800001], [-8370201.9913, 5144065.191], [-8370195.2793000005, 5144133.5918999985], [-8370165.4673999995, 5144131.926899999], [-8370117.599300001, 5144014.8803], [-8370083.3934, 5143920.8955999985], [-8370047.4695999995, 5143816.656099997], [-8370005.585200001, 5143712.5973000005], [-8369954.319700001, 5143598.979199998], [-8369909.874600001, 5143489.626400001], [-8369868.347999999, 5143395.314900003], [-8369826.4462, 5143276.557300001], [-8369799.9077, 5143180.858000003], [-8369772.4702, 5143051.823799998], [-8369753.598200001, 5142956.7993], [-8369734.728, 5142862.801399998], [-8369713.278999999, 5142751.7126], [-8369695.282, 5142672.246200003], [-8369680.7015, 5142599.613200001], [-8369669.5626, 5142551.763599999], [-8369592.959000001, 5142577.516999997], [-8369437.201400001, 5142633.2993], [-8369232.07, 5142702.825400002], [-8369121.9299, 5142741.7858000025], [-8369020.6414, 5142777.826700002], [-8368907.435699999, 5142818.156800002], [-8368806.1478, 5142855.905199997], [-8368691.2381, 5142897.0901999995], [-8368563.565099999, 5142946.839000002], [-8368491.7228999995, 5142971.7233000025], [-8368381.923699999, 5143015.4626], [-8368239.768999999, 5143064.371699996], [-8368084.854900001, 5143126.117399998], [-8367942.696900001, 5143175.0227999985], [-8367890.5931, 5143187.056100003], [-8367869.2497000005, 5143144.343099996], [-8367849.6044, 5143097.354099996], [-8367793.276799999, 5142999.123999998], [-8367735.239, 5142894.058600001], [-8367656.7194, 5142751.922499999], [-8367601.2393, 5142646.855800003], [-8367542.486400001, 5142651.202], [-8367453.9377, 5142663.276900001], [-8367369.6548, 5142682.184], [-8367258.1252, 5142704.542099997], [-8367175.5408, 5142720.026500002], [-8367061.9648, 5142740.846299998], [-8366945.319700001, 5142758.932999998], [-8366875.5098, 5142776.1096], [-8366777.5986, 5142794.172600001], [-8366668.6173, 5142813.1021], [-8366558.786900001, 5142834.5956000015], [-8366460.705, 5142853.510499999], [-8366373.862, 5142870.702200003], [-8366342.352299999, 5142869.882399999], [-8366317.5758, 5142795.544500001], [-8366275.7313, 5142686.693599999], [-8366228.770199999, 5142570.498599999], [-8366185.2257, 5142462.848200001], [-8366127.197699999, 5142347.521899998], [-8366129.7436, 5142338.971900001], [-8366147.5765, 5142292.797399998], [-8366163.7202, 5142259.445799999], [-8366190.0649, 5142209.843500003], [-8366213.010500001, 5142167.082800001], [-8366244.4398, 5142095.252800003], [-8366275.8686, 5142023.4234], [-8366308.129799999, 5141934.1576000005], [-8366316.5967, 5141889.704599999], [-8366316.5099, 5141809.364200003], [-8366314.7017, 5141711.9331], [-8366306.9386, 5141619.637400001], [-8366299.2202, 5141568.5370000005], [-8366286.3652, 5141491.631999999], [-8366273.532500001, 5141435.239200003], [-8366259.856799999, 5141386.539499998], [-8366243.615, 5141326.732199997], [-8366223.136299999, 5141285.732000001], [-8366206.9158, 5141245.582000002], [-8366186.4329, 5141200.308799997], [-8366155.718800001, 5141141.886100002], [-8366118.182399999, 5141072.702200003], [-8366063.5856, 5140972.771399997], [-8366040.554099999, 5140931.7751], [-8366008.1581999995, 5140891.643200003], [-8365943.3575, 5140801.979699999], [-8365865.4328000005, 5140699.1696000025], [-8365761.418400001, 5140558.273100004], [-8365653.137700001, 5140405.0766], [-8365573.0054, 5140301.757799998], [-8365488.6044, 5140184.771300003], [-8365436.6011, 5140113.042999998], [-8365428.0876, 5140113.051299997], [-8365369.406300001, 5140175.4912], [-8365320.9279, 5140225.1027000025], [-8365262.2435, 5140285.833800003], [-8365195.0548, 5140357.169299997], [-8365136.3719, 5140421.318499997], [-8365063.223300001, 5140494.0271999985], [-8364989.2301, 5140575.282799996], [-8364932.247300001, 5140639.430200003], [-8364880.366699999, 5140697.5911], [-8364818.2798, 5140767.896700002], [-8364754.4892, 5140838.033200003], [-8364677.0888, 5140923.565399997], [-8364598.8366, 5141009.9529], [-8364523.139599999, 5141098.902099997], [-8364471.082599999, 5141155.6963], [-8364398.7797, 5141234.3873], [-8364324.7797, 5141320.771499999], [-8364236.3124, 5141417.424599998], [-8364160.7775, 5141504.665100001], [-8364044.2349, 5141632.9651999995], [-8363937.8972, 5141749.291599996], [-8363843.468599999, 5141854.497199997], [-8363791.579, 5141917.7874], [-8363777.965399999, 5141930.619099997], [-8363667.2355, 5141887.976199999], [-8363558.7206, 5141845.3303999975], [-8363509.3189, 5141826.567299999], [-8363419.895199999, 5141805.2717999965], [-8363409.6708, 5141796.733099997], [-8363400.265799999, 5141747.169299997], [-8363368.6938000005, 5141660.872400001], [-8363320.903899999, 5141521.770800002], [-8363293.5929000005, 5141438.0363000035], [-8363256.0463, 5141330.380400002], [-8363212.523399999, 5141199.655299999], [-8363176.6841, 5141095.247900002], [-8363151.9277, 5141008.950900003], [-8363123.760299999, 5140914.9657000005], [-8363090.478800001, 5140812.439300001], [-8363047.981799999, 5140681.377599999], [-8363003.6087, 5140544.678800002], [-8362971.177300001, 5140437.027900003], [-8362933.6348, 5140324.425499998], [-8362906.3292, 5140238.991099998], [-8362875.3686, 5140142.274300002], [-8362863.6653, 5140105.7148], [-8362826.967499999, 5139980.126400001], [-8362778.316500001, 5139804.816100001], [-8362739.923699999, 5139686.922899999], [-8362698.965399999, 5139551.088799998], [-8362670.8092, 5139460.5342999995], [-8362661.4432, 5139457.977499999], [-8362632.5252, 5139494.740599997], [-8362597.6620000005, 5139552.015600003], [-8362550.9004, 5139638.351800002], [-8362517.7403, 5139697.676799998], [-8362467.587099999, 5139806.2333], [-8362408.9287, 5139928.468900003], [-8362379.1763, 5139994.287299998], [-8362360.480799999, 5140044.717], [-8362352.8233, 5140051.558399998], [-8362328.1294, 5140043.884499997], [-8362265.1204, 5140028.5458], [-8362246.3804, 5140012.322300002], [-8362188.454500001, 5139958.5261999965], [-8362135.636700001, 5139903.872199997], [-8362047.0452, 5139819.333800003], [-8361941.589, 5139718.399700001], [-8361844.478800001, 5139619.340300001], [-8361781.443600001, 5139555.293200001], [-8361707.3358, 5139480.144900002], [-8361651.970000001, 5139426.347000003], [-8361575.308, 5139346.9278], [-8361486.727399999, 5139264.268700004], [-8361421.9935, 5139198.513800003], [-8361355.555400001, 5139128.487599999], [-8361294.229800001, 5139065.294200003], [-8361218.429400001, 5138994.418899998], [-8361116.224300001, 5138891.090000004], [-8361037.017999999, 5138813.381200001], [-8360963.7753, 5138742.504500002], [-8360891.3827, 5138667.355099998], [-8360775.556700001, 5138547.1162], [-8360682.7301, 5138455.744000003], [-8360606.0875, 5138384.014300004], [-8360537.9592, 5138314.843699999], [-8360476.643200001, 5138249.941399999], [-8360417.8851, 5138192.7272000015], [-8360408.520199999, 5138188.459899999], [-8360382.990599999, 5138200.433200002], [-8360322.913000001, 5138234.123599999], [-8360283.768999999, 5138256.3552], [-8360215.6942, 5138299.9597999975], [-8360160.383199999, 5138335.868600003], [-8360087.2037, 5138388.0185], [-8360011.4668000005, 5138433.334200002], [-8359934.877900001, 5138477.795199998], [-8359847.224300001, 5138526.532399997], [-8359791.0546, 5138550.479099996], [-8359757.0129, 5138566.726599999], [-8359712.7535, 5138575.2885000035], [-8359659.981699999, 5138582.999399997], [-8359605.503699999, 5138581.312200002], [-8359556.1317, 5138576.2051], [-8359536.380100001, 5138566.814499997], [-8359493.8072, 5138532.655100003], [-8359458.8948, 5138497.6382], [-8359422.278100001, 5138455.787299998], [-8359377.1436, 5138396.851400003], [-8359327.7512, 5138331.082400002], [-8359281.767100001, 5138273.856200002], [-8359240.8892, 5138212.527000003], [-8359259.601600001, 5138173.219800003], [-8359289.369200001, 5138106.568999998], [-8359313.179, 5138041.629699998], [-8359333.585000001, 5137980.109399997], [-8359356.5396, 5137905.773199998], [-8359381.191, 5137816.913400002], [-8359401.5886, 5137734.8904], [-8359435.5875, 5137607.5845], [-8359460.226399999, 5137489.168700002], [-8359472.975299999, 5137440.468599997], [-8359488.286800001, 5137418.251000002], [-8359535.081, 5137373.809900001], [-8359576.771, 5137337.230099998], [-8359618.461999999, 5137303.896600001], [-8359682.4482, 5137262.865599997], [-8359770.0875, 5137204.739], [-8359823.693, 5137173.1087], [-8359849.217499999, 5137153.4498], [-8359879.8473000005, 5137131.225900002], [-8359913.8773, 5137099.603600003], [-8359950.447799999, 5137038.080899999], [-8359988.7148, 5136963.914800003], [-8360038.8847, 5136863.945699997], [-8360084.8018, 5136771.6674000025], [-8360120.5187, 5136709.292300001], [-8360137.5298, 5136686.9038999975], [-8360220.890799999, 5136595.463799998], [-8360285.5394, 5136529.659199998], [-8360339.977299999, 5136468.984499998], [-8360388.4603, 5136414.804799996], [-8360446.3014, 5136354.982900001], [-8360529.653000001, 5136255.855700001], [-8360594.2881000005, 5136171.259300001], [-8360647.013699999, 5136097.7733], [-8360678.477499999, 5136051.802699998], [-8360693.785800001, 5136033.003200002], [-8360709.9363, 5135996.265600003], [-8360733.7346, 5135938.170299999], [-8360750.7322, 5135894.599299997], [-8360762.6295, 5135862.135200001], [-8360754.0877, 5135798.0779], [-8360746.406199999, 5135752.811899997], [-8360731.0615, 5135697.300399996], [-8360712.309900001, 5135635.982799999], [-8360696.114399999, 5135580.4723000005], [-8360678.2184, 5135527.525300004], [-8360658.623299999, 5135479.704099998], [-8360657.7598, 5135454.081], [-8360646.680500001, 5135419.067599997], [-8360620.2795, 5135373.812799998], [-8360589.6197999995, 5135319.164899997], [-8360554.026900001, 5135268.4485], [-8360505.493899999, 5135203.560599998], [-8360450.153999999, 5135137.821999997], [-8360412.6951, 5135096.843599997], [-8360381.1972, 5135065.257299997], [-8360360.762599999, 5135037.0823], [-8360327.5571, 5134991.831500001], [-8360312.234300001, 5134977.319200002], [-8360195.664799999, 5134982.497599997], [-8360051.016899999, 5134990.248899996], [-8359927.6394, 5134993.718599997], [-8359756.4405000005, 5134994.644299999], [-8359643.2731, 5134997.2522], [-8359534.359099999, 5134997.294799998], [-8359393.111199999, 5134997.348099999], [-8359283.8577, 5134999.950199999], [-8359188.558499999, 5135001.692199998], [-8359066.8816, 5135003.442000002], [-8358950.309599999, 5135003.480700001], [-8358808.2103, 5135002.671400003], [-8358699.2963, 5135001.850400001], [-8358580.001599999, 5135003.5933], [-8358443.8595, 5135005.339400001], [-8358334.094900001, 5135007.076800004], [-8358228.584100001, 5135006.249499999], [-8358119.6701, 5135007.130000003], [-8358027.773800001, 5135007.151299998], [-8357992.036800001, 5135008.867399998], [-8357969.92, 5135038.7654], [-8357940.997300001, 5135075.497500002], [-8357899.484099999, 5135127.0934000015], [-8357857.7992, 5135173.223399997], [-8357810.1588, 5135226.187399998], [-8357759.9651999995, 5135280.006200001], [-8357716.5757, 5135317.595399998], [-8357688.498, 5135332.1206], [-8357657.0166, 5135346.646600001], [-8357620.4289, 5135357.756800003], [-8357573.4603, 5135371.431000002], [-8357483.2665, 5135397.924500003], [-8357391.3704, 5135422.709100001], [-8357295.2181, 5135442.368900001], [-8357197.3643, 5135464.590400003], [-8357094.403899999, 5135485.103100002], [-8357085.035700001, 5135419.3369999975], [-8357079.924799999, 5135375.777800001], [-8357069.7085, 5135330.511], [-8357060.342800001, 5135284.390299998], [-8357050.979499999, 5135256.718500003], [-8357033.953400001, 5135188.3926], [-8357011.820499999, 5135107.256399997], [-8356994.7973, 5135060.283299997], [-8356982.8780000005, 5134997.936700001], [-8356963.2993, 5134923.634199999], [-8356919.717800001, 5134767.515500002], [-8356895.033399999, 5134676.134099998], [-8356869.4976, 5134573.651000001], [-8356828.642999999, 5134429.8352999985], [-8356803.959899999, 5134335.040799998], [-8356780.9792, 5134243.662900001], [-8356762.255000001, 5134173.635899998], [-8356743.5307, 5134100.193099998], [-8356727.3597, 5134032.728699997], [-8356706.082900001, 5133953.4802], [-8356684.8049, 5133850.149800003], [-8356676.296599999, 5133845.8807], [-8356648.2245000005, 5133895.755500004], [-8356614.1962, 5133944.435500003], [-8356586.973300001, 5133982.013099998], [-8356563.1526, 5134008.488799997], [-8356544.4361000005, 5134027.277900003], [-8356521.465399999, 5134046.067400001], [-8356497.6437, 5134059.733000003], [-8356470.418500001, 5134069.982699998], [-8356434.684800001, 5134076.817000002], [-8356371.555299999, 5134087.068700001], [-8356267.7564, 5134090.489699997], [-8356208.199899999, 5134093.907899998], [-8356143.5384, 5134103.304200001], [-8356078.877, 5134112.6998], [-8356022.723300001, 5134121.240900002], [-8355961.4649, 5134132.343900003], [-8355878.085200001, 5134144.300499998], [-8355806.6164, 5134156.256300002], [-8355713.7071, 5134163.087300003], [-8355614.1614, 5134166.501199998], [-8355489.942, 5134169.913199998], [-8355374.2305, 5134173.324000001], [-8355216.829, 5134176.730700001], [-8355080.528100001, 5134174.1586000025], [-8354975.8780000005, 5134169.025300004], [-8354887.3938, 5134160.476499997], [-8354812.5228, 5134152.7826000005], [-8354786.149, 5134140.823399998], [-8354774.2422, 5134101.537900001], [-8354759.7827, 5134066.5222999975], [-8354760.6394, 5134018.015299998], [-8354758.9421999995, 5133980.439300001], [-8354751.294199999, 5133904.433499999], [-8354744.497400001, 5133826.720299996], [-8354738.5526, 5133739.614200003], [-8354731.756100001, 5133661.0484], [-8354724.109099999, 5133580.775200002], [-8354719.8618, 5133528.512800001], [-8354705.4101, 5133439.700499997], [-8354694.360099999, 5133362.844499998], [-8354687.558599999, 5133327.832199998], [-8354677.3544, 5133291.111900002], [-8354656.943499999, 5133239.0198], [-8354633.130899999, 5133179.241800003], [-8354584.6534, 5133077.790100001], [-8354548.933599999, 5133004.349200003], [-8354572.7555, 5132990.689900003], [-8354625.503900001, 5132960.810400002], [-8354685.909399999, 5132919.830799997], [-8354737.8071, 5132883.973399997], [-8354802.4658, 5132838.724399999], [-8354869.8465, 5132790.572400004], [-8354895.3697999995, 5132767.520000003], [-8354922.595799999, 5132731.659699999], [-8354938.761499999, 5132706.898900002], [-8354948.974099999, 5132663.351899996], [-8354950.6797, 5132621.5123], [-8354948.9847, 5132557.472000003], [-8354941.334899999, 5132495.993100002], [-8354931.1329, 5132437.929700002], [-8354923.4811, 5132397.797799997], [-8354911.575999999, 5132356.811899997], [-8354897.1194, 5132314.288900003], [-8354879.261700001, 5132257.933399998], [-8354846.945, 5132187.0616], [-8354825.685699999, 5132128.1448], [-8354821.4355, 5132103.383599997], [-8354785.7184999995, 5132020.558700003], [-8354741.4988, 5131913.485200003], [-8354705.7842999995, 5131823.831299998], [-8354699.832800001, 5131802.485600002], [-8354670.0704, 5131733.324199997], [-8354684.5359000005, 5131690.636600003], [-8354697.3007, 5131645.899400003], [-8354720.272399999, 5131601.5057], [-8354746.6483, 5131539.182700001], [-8354774.725199999, 5131476.006800003], [-8354812.1602, 5131393.195600003], [-8354838.5348000005, 5131332.581600003], [-8354860.8245, 5131286.1395], [-8354889.7491999995, 5131235.771300003], [-8354922.9266, 5131182.842299998], [-8354963.758199999, 5131131.621799998], [-8355004.588199999, 5131093.207199998], [-8355048.8199000005, 5131055.646700002], [-8355085.395199999, 5131035.1603000015], [-8355119.4186, 5131012.965899996], [-8355175.556299999, 5130985.650799997], [-8355216.383400001, 5130966.871799998], [-8355298.036800001, 5130933.581799999], [-8355359.276699999, 5130906.2663], [-8355432.423800001, 5130877.2434], [-8355513.225199999, 5130844.805500001], [-8355599.1291000005, 5130816.635700002], [-8355704.5943, 5130780.782300003], [-8355797.301200001, 5130757.733400002], [-8355876.3993999995, 5130738.952200003], [-8355952.0953, 5130732.122000001], [-8356008.2291, 5130736.390100002], [-8356060.1106, 5130743.218699999], [-8356107.739700001, 5130749.193400003], [-8356154.518200001, 5130758.5832], [-8356227.6633, 5130778.215999998], [-8356280.3958, 5130790.1657000035], [-8356311.013499999, 5130766.260600001], [-8356357.7905, 5130734.671099998], [-8356409.6699, 5130697.1054000035], [-8356472.6051, 5130651.001800001], [-8356586.7377, 5130572.795599997], [-8356666.680299999, 5130515.592100002], [-8356766.181700001, 5130442.166500002], [-8356846.9728, 5130386.6696000025], [-8356937.1173, 5130321.7809000015], [-8357027.0901999995, 5130255.184500001], [-8357088.318600001, 5130209.932899997], [-8357155.4989, 5130157.8510000035], [-8357221.828600001, 5130109.183600001], [-8357305.164899999, 5130049.416199997], [-8357367.240900001, 5130002.4564], [-8357420.132200001, 5129958.912299998], [-8357474.5539, 5129917.075300001], [-8357544.2817, 5129866.699100003], [-8357608.905099999, 5129810.3483000025], [-8357673.5271000005, 5129750.582900003], [-8357742.4, 5129688.255500004], [-8357825.7271, 5129616.194200002], [-8357866.540100001, 5129582.041699998], [-8357924.358100001, 5129533.3741], [-8357983.0252, 5129482.9991], [-8358064.65, 5129418.961199999], [-8358105.462300001, 5129389.076399997], [-8358167.5328, 5129353.211000003], [-8358215.9986000005, 5129325.884499997], [-8358247.4584, 5129307.097999997], [-8358284.0187, 5129280.627899997], [-8358312.9265, 5129259.281300001], [-8358331.629899999, 5129238.7907000035], [-8358355.6021, 5129204.812299997], [-8358381.9549, 5129169.809199996], [-8358415.9564, 5129117.732699998], [-8358441.455800001, 5129072.487199999], [-8358476.305400001, 5129013.582500003], [-8358495.0013999995, 5128969.192500003], [-8358507.7457, 5128928.218699999], [-8358511.990800001, 5128903.4646999985], [-8358511.9827, 5128873.590899996], [-8358506.866699999, 5128821.526299998], [-8358504.307600001, 5128791.311999999], [-8358494.9443, 5128755.466300003], [-8358485.5799, 5128715.352899998], [-8358475.3674, 5128683.775399998], [-8358464.3037, 5128647.930399999], [-8358448.134, 5128596.723700002], [-8358428.559900001, 5128532.715400003], [-8358420.0482, 5128500.2842999995], [-8358409.834000001, 5128460.172200002], [-8358395.369000001, 5128422.280500002], [-8358373.2458999995, 5128363.394900002], [-8358358.779100001, 5128317.310000002], [-8358351.123299999, 5128305.3631], [-8358345.1686, 5128295.1228], [-8358308.603599999, 5128285.743799999], [-8358255.882300001, 5128274.661899999], [-8358196.358899999, 5128263.581100002], [-8358128.3323, 5128250.795299999], [-8358050.9529, 5128238.864200003], [-8357976.124399999, 5128226.9322], [-8357879.1872000005, 5128208.005900003], [-8357801.8072, 5128190.098700002], [-8357687.013800001, 5128167.077299997], [-8357617.287900001, 5128153.434600003], [-8357567.1193, 5128143.201800004], [-8357518.6514, 5128132.968500003], [-8357488.890000001, 5128125.2924000025], [-8357364.7436999995, 5128092.880500004], [-8357221.8926, 5128063.0304000005], [-8357136.862500001, 5128045.972499996], [-8357050.982999999, 5128033.181500003], [-8356957.4507, 5128014.4164], [-8356854.565300001, 5127991.383699998], [-8356777.189099999, 5127974.322499998], [-8356697.942299999, 5127955.553300001], [-8356557.646, 5127926.546800002], [-8356465.816299999, 5127908.630199999], [-8356376.537699999, 5127891.566299997], [-8356300.863500001, 5127875.354199998], [-8356260.050799999, 5127868.528399996], [-8356234.543, 5127871.0896999985], [-8356209.0353999995, 5127876.211400002], [-8356126.5603, 5127899.257100001], [-8355984.5666000005, 5127935.105099998], [-8355834.0689, 5127975.218099996], [-8355715.8807, 5128005.0879999995], [-8355586.6379, 5128041.784100004], [-8355464.1962, 5128078.478799999], [-8355399.404100001, 5128094.520999998], [-8355341.583900001, 5128112.441], [-8355303.320599999, 5128122.680399999], [-8355252.3025, 5128136.332800001], [-8355175.7751, 5128158.5178999975], [-8355097.546800001, 5128181.555799998], [-8354949.5923, 5128223.3631], [-8354837.3181, 5128254.508900002], [-8354812.6655, 5128203.296899997], [-8354793.963500001, 5128165.741700001], [-8354765.909700001, 5128118.968000002], [-8354738.706700001, 5128069.463500001], [-8354709.8046, 5128010.570600003], [-8354681.751700001, 5127961.919799998], [-8354638.3979, 5127887.663199998], [-8354598.445, 5127819.381899998], [-8354551.6929, 5127734.884499997], [-8354517.6909, 5127679.576899998], [-8354485.3901, 5127623.2456], [-8354447.1391, 5127558.379299998], [-8354409.738600001, 5127496.927199997], [-8354376.5890999995, 5127438.036200002], [-8354339.1886, 5127381.7051], [-8354295.8386, 5127315.132200003], [-8354263.541200001, 5127253.681900002], [-8354232.6018, 5127206.5691], [-8354194.3531, 5127148.531800002], [-8354157.8058, 5127087.934799999], [-8354130.6094, 5127035.020300001], [-8354120.4125, 5127006.003600001], [-8354142.5217, 5126982.966300003], [-8354195.2435, 5126924.093099996], [-8354242.012499999, 5126872.045699999], [-8354265.8221, 5126843.888800003], [-8354270.926000001, 5126826.8226], [-8354265.827299999, 5126812.314499997], [-8354229.278000001, 5126767.933600001], [-8354188.465299999, 5126795.233900003], [-8354136.599400001, 5126825.945699997], [-8354083.8828, 5126858.363499999], [-8354038.817399999, 5126889.929300003], [-8353998.0035, 5126918.0825999975], [-8353981.0002999995, 5126916.372699998], [-8353941.047900001, 5126886.496600002], [-8353905.3466, 5126858.328299999], [-8353851.793500001, 5126822.4758], [-8353773.4179, 5126777.401500002], [-8353714.7652, 5126739.840499997], [-8353643.362299999, 5126694.596699998], [-8353580.459000001, 5126659.594400004], [-8353504.8068, 5126613.495300002], [-8353457.206900001, 5126580.203100003], [-8353393.455800001, 5126542.639700003], [-8353322.054199999, 5126503.367399998], [-8353236.204299999, 5126452.144199997], [-8353178.404999999, 5126417.141599998], [-8353090.8565, 5126365.063699998], [-8353022.0085, 5126324.084200002], [-8352981.2094, 5126301.032200001], [-8353012.681600001, 5126243.016400002], [-8353028.8456999995, 5126202.915799998], [-8353050.966, 5126144.8979], [-8353079.8912, 5126072.3759], [-8353105.925100001, 5126000.877800003], [-8353139.105799999, 5125907.879299998], [-8353166.3289, 5125837.064999998], [-8353196.102299999, 5125764.545400001], [-8353221.623199999, 5125698.1686], [-8353244.589500001, 5125646.126100004], [-8353265.855, 5125595.789800003], [-8353299.880899999, 5125509.621200003], [-8353321.997400001, 5125453.313000001], [-8353356.8682, 5125382.5035], [-8353382.3884, 5125310.839000002], [-8353410.458900001, 5125235.762500003], [-8353431.5572999995, 5125168.193099998], [-8353467.2798999995, 5125082.880999997], [-8353502.151900001, 5124998.422600001], [-8353530.221100001, 5124921.641800001], [-8353557.438999999, 5124849.127499998], [-8353576.9999, 5124804.083899997], [-8353599.1142, 5124743.513300002], [-8353624.6263999995, 5124690.622699998], [-8353650.1406, 5124627.494099997], [-8353677.356699999, 5124554.981399998], [-8353701.1699, 5124493.559600003], [-8353725.8332, 5124431.284900002], [-8353745.3957, 5124370.886600003], [-8353759.0078, 5124314.582000002], [-8353773.466700001, 5124270.222099997], [-8353783.6765, 5124223.301899999], [-8353792.1862, 5124176.381700002], [-8353803.250600001, 5124107.281000003], [-8353815.164100001, 5124040.740500003], [-8353830.479800001, 5123962.257399999], [-8353846.645, 5123883.604599997], [-8353861.9528, 5123839.246600002], [-8353885.7656, 5123767.591600001], [-8353911.2765999995, 5123699.3499], [-8353936.7861, 5123637.9331], [-8353959.744200001, 5123584.193899997], [-8353975.9012, 5123538.984300002], [-8353985.2563000005, 5123507.9344], [-8353992.0711, 5123430.306900002], [-8353995.4838, 5123365.475199997], [-8354003.1501, 5123278.4657000005], [-8354009.123, 5123160.7469], [-8354011.689300001, 5123077.320699997], [-8354016.802999999, 5123004.814499997], [-8354021.918, 5122924.631700002], [-8354028.7304, 5122855.538800001], [-8354038.9463, 5122765.122100003], [-8354049.1677, 5122645.875100002], [-8354054.2806, 5122574.2250000015], [-8354055.142899999, 5122511.104500003], [-8354056.0044, 5122451.396300003], [-8354054.318700001, 5122381.452299997], [-8354047.5404, 5122280.971900001], [-8354038.2127, 5122181.1743], [-8354029.7333, 5122090.7601], [-8354019.5561, 5121991.817400001], [-8354006.829299999, 5121896.7984], [-8353997.497400001, 5121821.739399999], [-8353989.866699999, 5121739.005000003], [-8353976.290200001, 5121646.035400003], [-8353964.409399999, 5121573.195299998], [-8353955.079700001, 5121491.315700002], [-8353942.352299999, 5121404.318700001], [-8353932.173, 5121323.293099999], [-8353923.6908, 5121253.355700001], [-8353913.5063000005, 5121199.793799996], [-8353903.321599999, 5121146.061300002], [-8353889.738700001, 5121091.4755000025], [-8353879.552100001, 5121047.978], [-8353865.965, 5121013.861100003], [-8353847.2819, 5120971.2148], [-8353830.296800001, 5120934.538900003], [-8353807.3661, 5120890.186300002], [-8353781.037799999, 5120843.274599999], [-8353753.8595, 5120798.921400003], [-8353727.5308, 5120755.4212], [-8353702.0514, 5120714.479999997], [-8353678.270300001, 5120678.6559000015], [-8353651.944, 5120627.480999999], [-8353619.6708, 5120576.3046], [-8353578.056, 5120509.775799997], [-8353533.045, 5120437.2766999975], [-8353506.716700001, 5120399.747100003], [-8353466.803300001, 5120330.6611], [-8353427.738, 5120269.250600003], [-8353390.371300001, 5120212.104699999], [-8353353.8533, 5120159.222999997], [-8353312.240499999, 5120098.6652000025], [-8353287.614, 5120058.578500003], [-8353241.7541000005, 5119998.019900002], [-8353203.5408, 5119938.316200003], [-8353169.574200001, 5119883.730700001], [-8353127.964400001, 5119820.615500003], [-8353084.487, 5119754.941799998], [-8353030.991800001, 5119668.799900003], [-8352974.9486, 5119584.3631], [-8352924.85, 5119509.308499999], [-8352847.919399999, 5119397.067400001], [-8352811.4087000005, 5119340.777599998], [-8352755.368899999, 5119258.047799997], [-8352716.312999999, 5119194.935699999], [-8352667.069, 5119116.642999999], [-8352633.1107, 5119055.238499999], [-8352591.5087, 5118990.420999996], [-8352525.285700001, 5118888.930799998], [-8352484.535800001, 5118820.703699999], [-8352458.2173999995, 5118779.425999999], [-8352418.3193, 5118707.789099999], [-8352380.1218, 5118632.742700003], [-8352332.5824, 5118554.282799996], [-8352291.8375, 5118480.941399999], [-8352262.9739, 5118435.741499998], [-8352229.006100001, 5118411.855300002], [-8352197.585899999, 5118389.675099999], [-8352148.160800001, 5118361.178499997], [-8352073.4296, 5118316.813100003], [-8352007.1921999995, 5118275.008699998], [-8351944.353700001, 5118231.500100002], [-8351890.0055, 5118198.226099998], [-8351828.0131, 5118164.9485], [-8351774.513800001, 5118134.232299998], [-8351807.6501, 5118112.079000004], [-8351841.806299999, 5118087.879900001], [-8351892.786, 5118050.387599997], [-8351950.5615, 5118010.340000004], [-8351993.8913, 5117983.927599996], [-8352034.676200001, 5117948.988300003], [-8352072.063200001, 5117914.047600001], [-8352109.4531, 5117871.433799997], [-8352140.048599999, 5117826.259599999], [-8352172.345799999, 5117772.560699999], [-8352215.6921999995, 5117699.257200003], [-8352238.6414, 5117656.808799997], [-8352274.339199999, 5117592.028499998], [-8352323.630100001, 5117517.023199998], [-8352363.570599999, 5117459.9179000035], [-8352395.012399999, 5117416.450300001], [-8352428.146500001, 5117389.181100003], [-8352462.1284, 5117366.175300002], [-8352495.944800001, 5117342.3204], [-8352537.568, 5117325.284599997], [-8352576.640699999, 5117315.067900002], [-8352615.711999999, 5117309.113799997], [-8352662.4254, 5117308.277000003], [-8352724.7652, 5117310.8554000035], [-8352769.7776999995, 5117316.837800004], [-8352814.789799999, 5117323.672499999], [-8352883.582, 5117334.7773], [-8352940.4845, 5117343.320100002], [-8352992.2925, 5117347.5986], [-8353045.7992, 5117351.024700001], [-8353111.198899999, 5117347.633900002], [-8353163.8587, 5117343.386299998], [-8353196.1339, 5117340.837899998], [-8353248.794, 5117335.737400003], [-8353281.0702, 5117329.778499998], [-8353309.949100001, 5117323.818800002], [-8353342.225299999, 5117317.007200003], [-8353381.297599999, 5117305.934699997], [-8353411.8763, 5117294.859999999], [-8353450.100199999, 5117278.671800002], [-8353491.722999999, 5117255.664300002], [-8353537.5934999995, 5117227.542599998], [-8353603.0009, 5117188.3429000005], [-8353667.897500001, 5117151.700199999], [-8353737.549699999, 5117115.058300003], [-8353808.0518, 5117073.301200002], [-8353860.7159, 5117040.9174000025], [-8353912.5297, 5117011.0907000005], [-8353963.493000001, 5116986.378799997], [-8354015.307399999, 5116951.436899997], [-8354073.915999999, 5116914.791100003], [-8354133.373400001, 5116878.9978], [-8354182.6373, 5116852.238700002], [-8354186.0372, 5116836.042099997], [-8354180.094900001, 5116821.548799999], [-8354161.418099999, 5116781.479099996], [-8354141.893100001, 5116735.4419], [-8354120.671599999, 5116681.732500002], [-8354096.0550999995, 5116616.940700002], [-8354079.080399999, 5116562.380000003], [-8354057.859099999, 5116510.3763], [-8354040.8817, 5116471.160400003], [-8354028.997300001, 5116445.584700003], [-8354012.3554, 5116428.703000002], [-8353980.9396, 5116396.303900003], [-8353954.617799999, 5116373.282799996], [-8353924.899700001, 5116346.851099998], [-8353888.388, 5116319.5656], [-8353845.9322, 5116291.426399998], [-8353804.3256, 5116264.139399998], [-8353760.1723, 5116233.442599997], [-8353708.376599999, 5116201.891000003], [-8353677.809, 5116181.425800003], [-8353648.0833, 5116192.500399999], [-8353614.958900001, 5116211.245899998], [-8353575.8894, 5116230.842500001], [-8353526.627699999, 5116254.6985], [-8353485.6896, 5116274.294200003], [-8353433.0305, 5116299.001400001], [-8353385.4657000005, 5116327.119599998], [-8353314.9684999995, 5116363.755500004], [-8353264.8563, 5116387.610299997], [-8353220.6907, 5116404.646899998], [-8353190.116599999, 5116408.9004999995], [-8353147.653899999, 5116409.741099998], [-8353111.986199999, 5116407.173500001], [-8353083.112500001, 5116404.6076000035], [-8353038.1022, 5116404.594400004], [-8352971.0141, 5116396.902400002], [-8352964.2239, 5116384.9661], [-8352967.632200001, 5116348.312200002], [-8352972.7434, 5116297.1674000025], [-8352977.855, 5116245.1708], [-8352982.9651999995, 5116197.4366], [-8352983.829, 5116149.700999998], [-8352979.5963, 5116106.226400003], [-8352971.122199999, 5116047.918899998], [-8352958.4059999995, 5115977.164899997], [-8352960.956499999, 5115967.789300002], [-8353002.588500001, 5115900.4624999985], [-8353028.927200001, 5115856.1455999985], [-8353056.965500001, 5115807.567500003], [-8353090.0995000005, 5115755.581600003], [-8353117.286, 5115713.822800003], [-8353147.7007, 5115666.268600002], [-8353179.9813, 5115626.216200002], [-8353215.658299999, 5115586.1646], [-8353267.4726, 5115533.332199998], [-8353322.683499999, 5115479.648100004], [-8353371.948100001, 5115431.928999998], [-8353415.266100001, 5115391.0271999985], [-8353422.9120000005, 5115378.243799999], [-8353422.915100001, 5115366.310999997], [-8353408.482899999, 5115352.669699997], [-8353372.827199999, 5115320.2711], [-8353343.1138, 5115294.692900002], [-8353310.853700001, 5115266.556900002], [-8353252.2765, 5115217.1052], [-8353205.5843, 5115179.589400001], [-8353152.9515, 5115131.843900003], [-8353122.3917, 5115100.299000002], [-8353086.7369, 5115071.309600003], [-8353061.2709, 5115044.880000003], [-8353037.5044, 5115015.0418], [-8353018.8313, 5114989.977799997], [-8353003.5561, 5114960.142200001], [-8352990.8298, 5114926.045900002], [-8352975.5592, 5114882.573299997], [-8352964.536499999, 5114831.431400001], [-8352958.604599999, 5114793.076099999], [-8352952.675899999, 5114745.3456000015], [-8352953.5417, 5114691.651299998], [-8352952.707800001, 5114643.070500001], [-8352962.059699999, 5114604.7206000015], [-8352970.5635, 5114562.961099997], [-8352992.66, 5114496.660700001], [-8353007.1033, 5114467.687700003], [-8353027.4936999995, 5114426.7848000005], [-8353050.4332, 5114378.2124999985], [-8353078.467, 5114329.6417], [-8353106.501599999, 5114277.662199996], [-8353143.878900001, 5114213.413099997], [-8353193.1469, 5114134.168300003], [-8353249.210200001, 5114041.2896], [-8353302.7234000005, 5113955.2289], [-8353340.098300001, 5113890.9811], [-8353382.5678, 5113822.815099999], [-8353436.078400001, 5113737.6074], [-8353493.833900001, 5113648.992700003], [-8353543.9476, 5113559.5244999975], [-8353577.071799999, 5113505.162699997], [-8353619.5393, 5113431.032799996], [-8353667.101500001, 5113351.7914], [-8353711.265799999, 5113276.810400002], [-8353752.032, 5113208.646700002], [-8353796.194599999, 5113136.222599998], [-8353828.467, 5113081.6919], [-8353854.7948, 5113035.340599999], [-8353853.9484, 5113023.4103000015], [-8353838.6765, 5112981.652000003], [-8353814.918400001, 5112925.4058], [-8353793.706800001, 5112872.568700001], [-8353772.4958, 5112818.027800001], [-8353755.5272, 5112773.713500001], [-8353731.771600001, 5112711.5035], [-8353710.5671999995, 5112631.2293], [-8353696.999500001, 5112567.3182], [-8353685.1325, 5112492.3303999975], [-8353674.962300001, 5112422.456200004], [-8353666.499, 5112314.239100002], [-8353657.1833, 5112221.530699998], [-8353652.113, 5112125.245499998], [-8353647.0429, 5112028.961300001], [-8353639.426999999, 5111928.417000003], [-8353629.271600001, 5111801.630599998], [-8353627.5923, 5111725.799000002], [-8353623.3654, 5111654.2277000025], [-8353617.437899999, 5111595.436800003], [-8353610.670700001, 5111499.157300003], [-8353601.3643, 5111373.739799999], [-8353596.2947, 5111279.1668], [-8353592.072799999, 5111188.855099998], [-8353590.4068, 5111060.205899999], [-8353593.840299999, 5110903.615400001], [-8353595.5594, 5110815.864399999], [-8353597.282299999, 5110711.927199997], [-8353600.708000001, 5110585.500600003], [-8353605.8244, 5110487.530199997], [-8353606.6929, 5110406.597999997], [-8353609.259400001, 5110323.111199997], [-8353608.431299999, 5110237.920500003], [-8353601.661, 5110158.8627], [-8353595.7324, 5110108.599699996], [-8353568.599099999, 5110008.070799999], [-8353549.0951000005, 5109945.027000003], [-8353517.720799999, 5109839.3873], [-8353484.6478, 5109740.733599998], [-8353444.790100001, 5109629.130900003], [-8353419.3522, 5109546.495499998], [-8353411.7148, 5109544.789899997], [-8353389.6425, 5109573.746799998], [-8353359.0809, 5109612.071800001], [-8353329.3675999995, 5109651.248800002], [-8353285.2217, 5109708.992700003], [-8353246.168, 5109764.352600001], [-8353214.7546999995, 5109808.640799999], [-8353179.946, 5109855.4837], [-8353145.99, 5109886.993100002], [-8353107.7906, 5109917.649400003], [-8353078.9296, 5109938.086099997], [-8353049.222200001, 5109950.003700003], [-8353010.179400001, 5109961.918200001], [-8352987.2629, 5109968.726400003], [-8352944.8288, 5109968.713600002], [-8352900.6983, 5109966.144199997], [-8352854.023499999, 5109958.462800004], [-8352813.289000001, 5109951.634800002], [-8352747.0964, 5109938.8352999985], [-8352696.1800999995, 5109926.0402000025], [-8352594.179199999, 5109897.042099997], [-8352497.4397, 5109871.452600002], [-8352413.4289, 5109850.125799999], [-8352309.9032000005, 5109818.568499997], [-8352237.773700001, 5109799.800300002], [-8352150.3708999995, 5109775.233199999], [-8352192.835899999, 5109693.4714], [-8352220.8661, 5109630.4454], [-8352251.442600001, 5109564.864799999], [-8352287.1164, 5109483.953699999], [-8352316.8443, 5109416.6701000035], [-8352346.5691, 5109356.201300003], [-8352383.0896000005, 5109276.143700004], [-8352432.348200001, 5109170.536700003], [-8352481.267999999, 5109059.9903], [-8352512.692600001, 5108985.895400003], [-8352544.966700001, 5108908.394000001], [-8352589.127900001, 5108808.751000002], [-8352625.643999999, 5108730.400300004], [-8352665.5579, 5108639.4454], [-8352696.9791, 5108567.056400001], [-8352730.0975, 5108492.965099998], [-8352764.0635, 5108420.5779], [-8352792.936899999, 5108350.7447], [-8352831.1489, 5108265.583800003], [-8352865.965399999, 5108181.444399998], [-8352894.8364, 5108115.019400001], [-8352925.4059, 5108041.7817], [-8352969.5627999995, 5107931.073799998], [-8353012.019200001, 5107828.5427], [-8353023.0495, 5107828.545999996], [-8353040.0364, 5107772.339599997], [-8353058.721100001, 5107712.7272000015], [-8353074.0077, 5107665.889700003], [-8353086.751, 5107611.386200003], [-8353100.3462000005, 5107544.960199997], [-8353110.5471, 5107479.896200001], [-8353123.296599999, 5107403.250799999], [-8353136.046700001, 5107323.199500002], [-8353144.5504, 5107257.625399999], [-8353153.054300001, 5107190.348700002], [-8353159.016799999, 5107109.104699999], [-8353171.768100001, 5107023.094400004], [-8353176.8817, 5106943.044100001], [-8353184.537900001, 5106871.511], [-8353189.5593, 5106827.5282000005], [-8353175.778899999, 5106806.234300002], [-8353153.5156, 5106781.744400002], [-8353121.711300001, 5106745.542599998], [-8353077.184699999, 5106697.840499997], [-8353037.9608, 5106650.991700001], [-8353000.856799999, 5106608.401299998], [-8352958.452199999, 5106561.5515], [-8352919.2279, 5106518.960600004], [-8352873.6438, 5106468.916699998], [-8352822.7601, 5106411.419799998], [-8352776.1182, 5106356.053099997], [-8352729.4772, 5106299.622299999], [-8352679.869200001, 5106238.506899998], [-8352641.7072, 5106198.045599997], [-8352598.247300001, 5106146.938199997], [-8352559.028999999, 5106096.896600001], [-8352514.506899999, 5106053.2399], [-8352477.4078, 5106009.5858], [-8352435.0085, 5105962.736699998], [-8352384.129799999, 5105906.304799996], [-8352331.134099999, 5105841.357299998], [-8352270.7172, 5105774.277999997], [-8352214.5429, 5105706.774700001], [-8352175.3287, 5105655.669699997], [-8352128.693, 5105603.497299999], [-8352089.477600001, 5105557.714100003], [-8352048.1449, 5105504.479699999], [-8351997.2763, 5105435.2764], [-8351928.385500001, 5105358.6153], [-8351869.034700001, 5105291.750399999], [-8351821.341600001, 5105240.642300002], [-8351772.590299999, 5105185.276600003], [-8351731.2585, 5105138.428800002], [-8351690.985099999, 5105095.838799998], [-8351649.6545, 5105047.926600002], [-8351605.9099, 5105002.493000001], [-8351622.0436, 5104965.036799997], [-8351651.7629, 5104895.232299998], [-8351680.6274999995, 5104839.902099997], [-8351712.037599999, 5104781.1674000025], [-8351742.596000001, 5104730.095399998], [-8351771.4559, 5104683.2798999995], [-8351803.7106, 5104630.506200001], [-8351829.173, 5104592.884800002], [-8351857.178200001, 5104558.840400003], [-8351886.028999999, 5104530.756300002], [-8351914.0304000005, 5104505.225900002], [-8351937.790899999, 5104478.842299998], [-8351967.4903, 5104449.055699997], [-8351997.189099999, 5104419.269100003], [-8352033.6757, 5104384.376699999], [-8352076.098999999, 5104349.487000003], [-8352115.1292, 5104315.446999997], [-8352151.614399999, 5104281.406099997], [-8352183.856699999, 5104251.620399997], [-8352216.099300001, 5104220.983199999], [-8352257.6763, 5104178.430399999], [-8352276.5134, 5104158.174999997], [-8352310.453500001, 5104122.430200003], [-8352337.6077, 5104088.386], [-8352365.6097, 5104054.341700003], [-8352386.822699999, 5104029.659999996], [-8352403.797499999, 5103998.166100003], [-8352424.1668, 5103960.7139], [-8352449.625600001, 5103921.560999997], [-8352480.175799999, 5103874.747900002], [-8352505.638, 5103824.527900003], [-8352530.252800001, 5103771.923900001], [-8352548.925899999, 5103731.917800002], [-8352570.991599999, 5103691.061700001], [-8352589.666999999, 5103643.3939], [-8352604.946799999, 5103604.238399997], [-8352628.7082, 5103563.383299999], [-8352649.9243, 5103525.081200004], [-8352683.0177, 5103474.865099996], [-8352705.928099999, 5103440.820299998], [-8352731.891100001, 5103408.138800003], [-8352763.2842999995, 5103367.286700003], [-8352797.224400001, 5103317.922499999], [-8352827.769099999, 5103277.070100002], [-8352872.735200001, 5103222.601899996], [-8352902.430600001, 5103183.452100001], [-8352937.215, 5103141.750200003], [-8352965.2125, 5103106.856299996], [-8352986.425000001, 5103071.9604], [-8352983.8924, 5103034.503700003], [-8352982.2128, 5102980.873400003], [-8352982.2248, 5102941.7151999995], [-8352980.5427, 5102896.598099999], [-8352979.7059, 5102859.993900001], [-8352978.872099999, 5102814.026000001], [-8352978.8847, 5102773.166100003], [-8352982.2906, 5102728.561999999], [-8352986.542300001, 5102691.1087], [-8352996.7326, 5102645.996100001], [-8353009.4648, 5102607.694399998], [-8353028.984200001, 5102559.180200003], [-8353045.9561, 5102521.731299996], [-8353064.624399999, 5102482.5803999975], [-8353083.290899999, 5102448.537100002], [-8353100.260199999, 5102418.749200001], [-8353122.3188000005, 5102383.855899997], [-8353150.3146, 5102344.708300002], [-8353176.6131, 5102308.9648], [-8353214.107000001, 5102266.415299997], [-8353239.552999999, 5102245.993600003], [-8353266.6928, 5102231.530500002], [-8353278.5635, 5102236.640900001], [-8353329.434, 5102270.7026999965], [-8353378.607899999, 5102309.019699998], [-8353426.086999999, 5102343.931400001], [-8353470.174699999, 5102377.990900002], [-8353507.4811, 5102401.8345], [-8353546.483999999, 5102424.8266], [-8353589.727399999, 5102446.968599997], [-8353622.7963, 5102462.298500001], [-8353664.3466, 5102473.373999998], [-8353699.113500001, 5102481.0429000035], [-8353732.1851, 5102486.1576000005], [-8353790.6973, 5102492.128899999], [-8353828.009400001, 5102495.5419000015], [-8353865.4913, 5102498.954700001], [-8353914.675899999, 5102502.3697], [-8353959.6194, 5102510.039800003], [-8354009.6514, 5102516.859499998], [-8354046.9629, 5102524.527599998], [-8354090.210200001, 5102534.750600003], [-8354139.3925, 5102550.932899997], [-8354191.9671, 5102567.966799997], [-8354231.8221, 5102580.742200002], [-8354277.613600001, 5102592.667000003], [-8354320.8617, 5102601.186399996], [-8354359.0217, 5102609.704800002], [-8354406.5107, 5102613.9684000015], [-8354437.888, 5102613.1219], [-8354484.5304000005, 5102609.723899998], [-8354520.997300001, 5102599.514200002], [-8354547.2872, 5102592.7080999985], [-8354575.2739, 5102579.943400003], [-8354602.0733, 5102567.859700002], [-8354629.2125, 5102551.689900003], [-8354664.8335, 5102522.752700001], [-8354691.1273, 5102484.450900003], [-8354714.8785, 5102431.678199999], [-8354749.6566, 5102355.924400002], [-8354772.558499999, 5102309.961800002], [-8354799.702, 5102248.678199999], [-8354825.148800001, 5102190.799500003], [-8354857.0429, 5102107.2161], [-8354879.945499999, 5102044.230499998], [-8354909.633300001, 5101965.925099999], [-8354936.775699999, 5101897.833999999], [-8354967.3104, 5101822.934299998], [-8354985.4044, 5101779.881499998], [-8354993.885600001, 5101763.710100003], [-8355026.113399999, 5101707.536600001], [-8355056.644400001, 5101655.619099997], [-8355101.5923999995, 5101579.019900002], [-8355135.514599999, 5101524.208999999], [-8355186.3969, 5101446.759599999], [-8355232.1905000005, 5101374.4169000015], [-8355282.223300001, 5101298.670400001], [-8355316.1434, 5101246.7544], [-8355350.911, 5101194.838500001], [-8355386.5264, 5101137.816399999], [-8355412.8137, 5101095.262599997], [-8355417.054, 5101082.496299997], [-8355420.4463, 5101069.559699997], [-8355414.5112, 5101064.4529], [-8355384.836200001, 5101043.174000002], [-8355348.3783, 5101018.490400001], [-8355311.9208, 5100990.402400002], [-8355255.1152, 5100947.8445999995], [-8355207.6368, 5100908.691200003], [-8355166.092800001, 5100880.6027000025], [-8355117.7667, 5100844.002700001], [-8355064.354, 5100806.550999999], [-8354991.441400001, 5100763.139899999], [-8354922.769400001, 5100712.069300003], [-8354868.510199999, 5100676.318999998], [-8354827.1379, 5100647.038199998], [-8354803.4015, 5100617.248599999], [-8354769.493100001, 5100568.734499998], [-8354742.3663, 5100532.987099998], [-8354715.239399999, 5100500.644199997], [-8354699.9825, 5100466.600400001], [-8354679.639900001, 5100424.8967999965], [-8354647.4274, 5100384.042800002], [-8354614.3674, 5100344.039999999], [-8354577.0677000005, 5100309.142700002], [-8354531.290899999, 5100269.989], [-8354516.0309, 5100263.178599998], [-8354448.037799999, 5100247.3398], [-8354381.063100001, 5100226.905000001], [-8354303.9153, 5100203.064199999], [-8354238.637599999, 5100177.522699997], [-8354196.250499999, 5100158.7929000035], [-8354138.604, 5100130.699199997], [-8354099.6098, 5100105.161600001], [-8354080.961100001, 5100088.989], [-8354044.511299999, 5100058.345700003], [-8354018.2337, 5100036.214599997], [-8353975.852399999, 5099991.953900002], [-8353926.6908, 5099940.0331000015], [-8353881.767899999, 5099892.368100002], [-8353834.3024, 5099843.511100002], [-8353794.466, 5099800.102399997], [-8353751.2392, 5099754.990699999], [-8353711.4033, 5099713.283799998], [-8353671.5679, 5099670.7258], [-8353625.800000001, 5099621.358999997], [-8353592.7456, 5099587.312399998], [-8353550.368100001, 5099543.052000001], [-8353509.6866999995, 5099498.792099997], [-8353473.2423, 5099463.893700004], [-8353431.714299999, 5099417.931699999], [-8353379.169500001, 5099359.032399997], [-8353342.7278, 5099317.3266], [-8353310.523600001, 5099280.727600001], [-8353273.2333, 5099244.1272], [-8353238.486300001, 5099207.527500004], [-8353197.805500001, 5099171.777000003], [-8353155.4287, 5099138.579000004], [-8353126.6117, 5099118.999300003], [-8353087.622300001, 5099099.417000003], [-8353046.937100001, 5099080.684600003], [-8352998.6239, 5099058.546400003], [-8352940.1382, 5099036.404799998], [-8352875.7184, 5099015.111900002], [-8352826.556500001, 5098998.078000002], [-8352764.680199999, 5098977.636200003], [-8352699.4125, 5098959.745800003], [-8352657.030300001, 5098949.5205999985], [-8352595.999500001, 5098937.587300003], [-8352563.9586, 5098930.258500002], [-8352551.2533, 5098901.323100001], [-8352530.080700001, 5098845.156099997], [-8352514.8366, 5098804.307499997], [-8352495.360300001, 5098746.439800002], [-8352476.731699999, 5098689.4234], [-8352454.716399999, 5098621.515000001], [-8352430.159499999, 5098550.883100003], [-8352409.8387, 5098487.060400002], [-8352389.5198, 5098418.983499996], [-8352369.201300001, 5098350.907200001], [-8352353.1165, 5098295.5955], [-8352340.418, 5098252.197499998], [-8352324.3312, 5098203.012500003], [-8352308.2454, 5098151.105099998], [-8352293.007200001, 5098100.899899997], [-8352278.6152, 5098054.098499998], [-8352254.062000001, 5097980.918099999], [-8352241.364600001, 5097936.670299999], [-8352228.6664, 5097894.975299999], [-8352208.3467, 5097835.580499999], [-8352189.723200001, 5097774.314900003], [-8352169.4047, 5097713.049199998], [-8352150.7787, 5097659.441399999], [-8352133.8463, 5097610.088799998], [-8352114.373, 5097556.481200002], [-8352094.057, 5097490.9624999985], [-8352079.6688, 5097439.9102], [-8352060.1964, 5097385.2826000005], [-8352041.5734, 5097327.422600001], [-8352022.101299999, 5097273.816399999], [-8352001.784600001, 5097213.404200003], [-8351984.009199999, 5097156.396399997], [-8351971.3158, 5097108.748999998], [-8351939.995999999, 5097013.4526999965], [-8351908.6752, 5096922.751100004], [-8351893.440400001, 5096873.4023], [-8351880.746200001, 5096829.159100004], [-8351856.1961, 5096762.7927], [-8351831.6467, 5096696.426299997], [-8351814.7205, 5096640.272500001], [-8351800.3356, 5096587.5222999975], [-8351785.9465, 5096544.9811], [-8351763.938200001, 5096483.7214], [-8351750.3949, 5096445.434299998], [-8351732.6174, 5096400.340099998], [-8351715.6855999995, 5096359.840099998], [-8351702.9879, 5096326.657899998], [-8351686.897, 5096301.130400002], [-8351669.9615, 5096269.648000002], [-8351636.926999999, 5096232.203699999], [-8351609.822899999, 5096198.164800003], [-8351577.638, 5096157.318400003], [-8351531.8948, 5096113.913999997], [-8351495.472100001, 5096074.766900003], [-8351450.578, 5096029.661499999], [-8351424.319, 5096004.129799999], [-8351390.4355, 5095973.490599997], [-8351352.3169, 5095938.596000001], [-8351315.8925, 5095906.254100002], [-8351277.436899999, 5095868.126999997], [-8351245.250600001, 5095834.936700001], [-8351200.3554, 5095796.636200003], [-8351151.225400001, 5095754.0803999975], [-8351097.014, 5095706.418300003], [-8351048.732100001, 5095664.713600002], [-8351004.685799999, 5095626.4133], [-8350951.3233, 5095578.751400001], [-8350902.193399999, 5095540.618699998], [-8350853.913000001, 5095498.913699999], [-8350800.5505, 5095453.803400002], [-8350748.0364, 5095407.8429000005], [-8350687.899499999, 5095355.924000002], [-8350631.15, 5095309.110399999], [-8350576.941299999, 5095265.700599998], [-8350525.273800001, 5095224.843699999], [-8350463.444, 5095173.7742], [-8350397.3805, 5095118.449100003], [-8350340.6358, 5095068.232699998], [-8350282.365700001, 5095019.206100002], [-8350221.3837, 5094971.538699999], [-8350156.167400001, 5094921.317100003], [-8350101.1175999995, 5094874.503399998], [-8350030.8235, 5094815.772699997], [-8349956.293199999, 5094757.889799997], [-8349876.6822, 5094695.751000002], [-8349825.0199, 5094656.253700003], [-8349780.9825, 5094618.802299999], [-8349739.4866, 5094583.053599998], [-8349692.912799999, 5094537.945699997], [-8349668.359300001, 5094509.012100004], [-8349637.8805, 5094471.569300003], [-8349620.1064, 5094441.7896], [-8349603.182, 5094408.608499996], [-8349593.879000001, 5094382.236599997], [-8349583.7371, 5094343.1065], [-8349576.9848, 5094303.638599999], [-8349575.322799999, 5094254.308399998], [-8349575.3487, 5094215.185400002], [-8349577.082599999, 5094155.651799999], [-8349583.9025, 5094092.7201000005], [-8349589.876, 5094028.087300003], [-8349594.149800001, 5093971.6184], [-8349600.960999999, 5093921.444899999], [-8349606.931600001, 5093861.065499999], [-8349609.5046999995, 5093813.441200003], [-8349610.4, 5093740.302299999], [-8349611.2981, 5093662.911700003], [-8349611.3434, 5093594.025799997], [-8349608.869000001, 5093491.971600004], [-8349608.078400001, 5093405.907399997], [-8349607.2741, 5093340.424400002], [-8349608.1633, 5093276.643600002], [-8349613.275699999, 5093232.425499998], [-8349619.2257, 5093202.664899997], [-8349624.328500001, 5093172.903999999], [-8349637.918099999, 5093120.187799998], [-8349645.5649999995, 5093086.346900001], [-8349660.8573, 5093020.876400001], [-8349676.140900001, 5092968.1620000005], [-8349693.968699999, 5092911.197800003], [-8349710.100400001, 5092856.783799998], [-8349728.7798999995, 5092792.167199999], [-8349750.847200001, 5092728.403499998], [-8349767.827199999, 5092671.099799998], [-8349784.800899999, 5092623.490500003], [-8349802.6237, 5092572.4804000035], [-8349817.8971, 5092533.373899996], [-8349838.259400001, 5092484.9169000015], [-8349862.008300001, 5092439.0132], [-8349884.904100001, 5092402.462700002], [-8349905.252800001, 5092374.414399996], [-8349928.986400001, 5092352.320299998], [-8349956.1076, 5092331.078599997], [-8349989.160700001, 5092306.439499997], [-8350022.209799999, 5092288.6027000025], [-8350053.563100001, 5092272.465499997], [-8350095.0857, 5092250.382100001], [-8350127.2849, 5092235.945900001], [-8350148.470000001, 5092224.054200001], [-8350146.7963, 5092190.040100001], [-8350138.350099999, 5092148.369599998], [-8350131.5831, 5092132.209399998], [-8350114.652799999, 5092112.642099999], [-8350090.9516, 5092082.866899997], [-8350058.7842, 5092046.284400001], [-8350027.463300001, 5092010.5524], [-8349989.3671, 5091973.115800001], [-8349943.651699999, 5091928.1919], [-8349905.556600001, 5091889.905199997], [-8349867.4627, 5091849.917499997], [-8349815.8215, 5091801.418700002], [-8349763.3347, 5091751.218699999], [-8349708.3089000005, 5091698.466300003], [-8349647.3553, 5091644.009499997], [-8349599.104900001, 5091594.662299998], [-8349537.305, 5091541.055100001], [-8349473.4728999995, 5091487.446199998], [-8349427.7607, 5091444.902900003], [-8349365.1197, 5091385.3429000005], [-8349308.4035, 5091333.439199999], [-8349249.1521000005, 5091273.881800003], [-8349197.5151, 5091227.932999998], [-8349144.183700001, 5091183.343500003], [-8349094.2454, 5091132.2946000025], [-8349044.3082, 5091080.395499997], [-8348990.1371, 5091027.643200003], [-8348945.2776999995, 5090983.399700001], [-8348908.8837, 5090945.964100003], [-8348856.4043000005, 5090899.164999999], [-8348820.8595, 5090860.0298999995], [-8348789.5438, 5090829.399800003], [-8348764.148700001, 5090809.826800004], [-8348731.088400001, 5090847.211300001], [-8348702.2676, 5090877.797600001], [-8348676.836200001, 5090906.685800001], [-8348653.1011, 5090932.174500003], [-8348618.3485, 5090966.157200001], [-8348592.921, 5090989.093900003], [-8348568.3419, 5091010.331], [-8348541.2201000005, 5091033.2663], [-8348516.645199999, 5091048.551899999], [-8348491.225299999, 5091061.2861], [-8348466.652799999, 5091073.170299999], [-8348437.8478999995, 5091081.650600001], [-8348400.574999999, 5091087.573700003], [-8348360.7601, 5091094.344700001], [-8348308.918500001, 5091100.256200001], [-8348270.797700001, 5091107.028300002], [-8348217.4279, 5091117.189099997], [-8348152.2005, 5091126.490099996], [-8348105.609200001, 5091133.254699998], [-8348045.458900001, 5091148.510600001], [-8347997.170600001, 5091158.674400002], [-8347957.350400001, 5091171.395499997], [-8347915.8368, 5091183.264899999], [-8347863.308800001, 5091198.526000001], [-8347831.1143, 5091207.851899996], [-8347797.2214, 5091222.2776999995], [-8347752.3191, 5091234.1439], [-8347751.5342999995, 5091161.023100004], [-8347754.9439, 5091135.519000001], [-8347765.1392, 5091098.9679000005], [-8347777.0405, 5091047.964400001], [-8347791.4805, 5090999.513999999], [-8347804.2301, 5090946.811300002], [-8347820.356699999, 5090906.8649], [-8347833.095899999, 5090866.0656], [-8347841.593900001, 5090832.7447], [-8347855.176999999, 5090795.347000003], [-8347868.769300001, 5090746.897100002], [-8347889.140799999, 5090694.202], [-8347910.361199999, 5090638.957400002], [-8347924.7937, 5090598.1603000015], [-8347944.317, 5090546.315399997], [-8347964.682700001, 5090499.572400004], [-8347990.9881, 5090439.231700003], [-8348008.807700001, 5090398.438199997], [-8348030.8717, 5090345.746100001], [-8348048.6895, 5090306.653300002], [-8348058.0264, 5090281.496100001], [-8348078.387499999, 5090239.005000003], [-8348094.5097, 5090201.611400001], [-8348114.034700001, 5090145.5173999965], [-8348125.9234, 5090106.420500003], [-8348136.1203000005, 5090064.771899998], [-8348146.3258, 5090012.071800001], [-8348155.6818, 5089962.771700002], [-8348165.0452, 5089904.120999999], [-8348175.253799999, 5089847.3411], [-8348182.0681, 5089798.890100002], [-8348188.032500001, 5089753.838799998], [-8348194.003799999, 5089700.287100002], [-8348199.1317, 5089642.484499998], [-8348199.1664, 5089599.129699998], [-8348199.2018, 5089554.924900003], [-8348194.996300001, 5089519.217799999], [-8348189.0941, 5089486.910099998], [-8348178.9564, 5089456.299099997], [-8348167.1186999995, 5089433.337399997], [-8348151.0428, 5089415.473099999], [-8348122.266799999, 5089394.198399998], [-8348096.878900001, 5089372.076200001], [-8348068.9487, 5089352.332000002], [-8348029.169500001, 5089324.247699998], [-8347991.931, 5089296.165600002], [-8347950.4628, 5089262.979199998], [-8347915.763800001, 5089236.599100001], [-8347885.298800001, 5089211.072300002], [-8347860.7574000005, 5089190.650700003], [-8347827.7578, 5089158.321199998], [-8347801.5287, 5089131.097900003], [-8347774.456599999, 5089099.623499997], [-8347743.1533, 5089064.745300002], [-8347722.850400001, 5089040.077100001], [-8347700.010600001, 5089011.156400003], [-8347678.864600001, 5088982.407300003], [-8347656.873400001, 5088951.787299998], [-8347634.044500001, 5088910.966499999], [-8347620.5167, 5088886.303900003], [-8347607.841600001, 5088854.842200004], [-8347599.395500001, 5088829.334100001], [-8347587.5726, 5088791.923], [-8347579.980900001, 5088757.9157000035], [-8347575.773399999, 5088727.311300002], [-8347571.573999999, 5088687.3571000025], [-8347569.915899999, 5088646.555200003], [-8347567.441199999, 5088570.902500004], [-8347566.6328, 5088526.701700002], [-8347567.5348000005, 5088462.952799998], [-8347567.562899999, 5088430.822999999], [-8347519.340500001, 5088380.632299997], [-8347461.8094, 5088324.483800001], [-8347389.9004, 5088249.623199999], [-8347304.454600001, 5088163.701200001], [-8347241.8509, 5088101.428499997], [-8347202.9385, 5088059.745700002], [-8347169.9441, 5088028.267800003], [-8347131.0328, 5087985.735100001], [-8347086.197899999, 5087939.797399998], [-8347023.602399999, 5087871.745099999], [-8346998.225, 5087845.373800002], [-8346935.626800001, 5087781.5713], [-8346816.3529, 5087661.620800003], [-8346780.485099999, 5087627.250399999], [-8346717.0448, 5087561.747100003], [-8346666.2885, 5087514.104000002], [-8346619.7729, 5087459.665799998], [-8346564.794199999, 5087401.819799997], [-8346512.352, 5087348.2258], [-8346459.067, 5087291.231399998], [-8346419.4813, 5087251.928000003], [-8346398.317, 5087249.357900001], [-8346384.806399999, 5087212.799500003], [-8346364.5547, 5087143.939400002], [-8346339.235200001, 5087063.176399998], [-8346320.671499999, 5087000.267800003], [-8346295.361199999, 5086911.007399999], [-8346268.357999999, 5086821.746200003], [-8346251.9936999995, 5086761.390600003], [-8346227.5134, 5086689.979800001], [-8346208.946900001, 5086631.322700001], [-8346195.4443, 5086588.477600001], [-8346180.2612, 5086533.223700002], [-8346163.378799999, 5086483.917000003], [-8346146.502900001, 5086428.661799997], [-8346134.6971, 5086382.760200001], [-8346118.659499999, 5086336.005400002], [-8346103.472999999, 5086285.0022], [-8346091.666200001, 5086240.800999999], [-8346076.471100001, 5086198.466300003], [-8346056.227299999, 5086126.214100003], [-8346038.493799999, 5086082.8576000035], [-8346024.1469, 5086039.504500002], [-8346013.196599999, 5085985.957800001], [-8346006.447899999, 5085963.007299997], [-8345994.632099999, 5085928.1548999995], [-8345977.150699999, 5085869.227600001], [-8345949.306299999, 5085780.824900001], [-8345918.934699999, 5085681.0336000025], [-8345886.0326000005, 5085573.083300002], [-8345865.7872, 5085505.084100001], [-8345837.950099999, 5085411.585900001], [-8345805.045, 5085308.396600001], [-8345773.8312, 5085207.249300003], [-8345757.819800001, 5085139.256999999], [-8345730.8204, 5085055.959200002], [-8345711.428200001, 5084983.715899996], [-8345686.1195, 5084903.479800001], [-8345654.903000001, 5084807.434199996], [-8345627.901900001, 5084727.537699997], [-8345611.0304000005, 5084673.991400003], [-8345594.1699, 5084610.249799997], [-8345573.0748, 5084549.053199999], [-8345543.550100001, 5084455.9011999965], [-8345526.6822, 5084399.807599999], [-8345498.0063000005, 5084305.468500003], [-8345465.107999999, 5084202.629600003], [-8345422.0973000005, 5084059.849299997], [-8345411.096899999, 5084057.288800001], [-8345376.330499999, 5084115.873899996], [-8345326.3002, 5084199.931000002], [-8345293.2311, 5084253.420699999], [-8345246.600299999, 5084323.8882], [-8345199.961200001, 5084401.153099999], [-8345150.785599999, 5084475.016999997], [-8345110.941299999, 5084530.199500002], [-8345065.1598000005, 5084595.571099997], [-8345034.468800001, 5084639.548799999], [-8344992.9245, 5084699.827500001], [-8344945.4428, 5084770.295900002], [-8344898.8068, 5084840.765500002], [-8344855.559900001, 5084907.840400003], [-8344810.6205, 5084974.064199999], [-8344764.0022, 5085027.540799998], [-8344728.4004, 5085070.324299999], [-8344667.360099999, 5085150.124899998], [-8344602.086200001, 5085229.920900002], [-8344556.3039, 5085290.536499999], [-8344523.239800001, 5085332.983400002], [-8344474.0668, 5085396.654299997], [-8344416.4125, 5085473.0612], [-8344347.7403, 5085559.651900001], [-8344301.9496, 5085624.177199997], [-8344251.9406, 5085676.801200002], [-8344182.579700001, 5085631.681699999], [-8344120.839199999, 5085585.721199997], [-8344058.2508000005, 5085541.459200002], [-8344005.816, 5085501.457900003], [-8343937.3115, 5085450.390299998], [-8343865.4279, 5085394.220299996], [-8343809.6141, 5085349.965599999], [-8343757.858100001, 5085310.304499999], [-8343704.5867, 5085264.353699997], [-8343652.1601, 5085220.1032000035], [-8343596.356799999, 5085169.0506], [-8343534.629899999, 5085117.140900001], [-8343471.216, 5085060.9804000035], [-8343395.115800001, 5084997.156400003], [-8343330.009400001, 5084941.843000002], [-8343260.668199999, 5084889.073200002], [-8343194.7125, 5084837.157200001], [-8343150.235200001, 5084801.922700003], [-8343104.569599999, 5084769.575599998], [-8343050.460200001, 5084721.923], [-8343012.4076000005, 5084693.833999999], [-8342945.609200001, 5084641.066600002], [-8342868.6679, 5084578.089599997], [-8342827.236500001, 5084545.747500002], [-8342779.8848, 5084509.998599999], [-8342759.5031, 5084559.250200003], [-8342722.9441, 5084677.301799998], [-8342689.765699999, 5084798.758000001], [-8342658.2919, 5084911.0414], [-8342630.2258, 5085007.0167], [-8342610.663799999, 5085074.1149], [-8342594.4913, 5085138.6696000025], [-8342574.919600001, 5085212.566299997], [-8342552.800899999, 5085291.558399998], [-8342529.8388, 5085368.000799999], [-8342505.181399999, 5085445.970899999], [-8342486.466700001, 5085511.3737], [-8342403.522, 5085501.061899997], [-8342323.111099999, 5085495.001800001], [-8342224.9211, 5085490.615099996], [-8342136.8917, 5085484.542599998], [-8342068.328600001, 5085481.0462], [-8342009.076099999, 5085478.412199996], [-8341960.8258, 5085477.493299998], [-8341930.302999999, 5085510.588600002], [-8341901.482999999, 5085536.888599999], [-8341854.005799999, 5085586.1043], [-8341809.07, 5085633.624300003], [-8341761.5955, 5085680.290799998], [-8341725.141899999, 5085715.926899999], [-8341681.9043000005, 5085759.200499997], [-8341630.1839000005, 5085813.8488000035], [-8341594.5759, 5085849.485699996], [-8341558.9637, 5085887.672399998], [-8341516.5623, 5085936.8957], [-8341476.706499999, 5085981.873899996], [-8341407.374500001, 5085924.836300001], [-8341357.4933, 5085881.423799999], [-8341311.837400001, 5085843.116099998], [-8341250.1106, 5085796.286499999], [-8341187.042199999, 5085741.467100002], [-8341135.4646000005, 5085701.4507], [-8341097.4188, 5085669.952299997], [-8341045.8511, 5085623.987300001], [-8341004.430500001, 5085585.685699999], [-8340952.0132, 5085542.268700004], [-8340906.366, 5085500.5616], [-8340859.864600001, 5085463.951300003], [-8340806.603499999, 5085419.682999998], [-8340760.1083, 5085379.673900001], [-8340708.878699999, 5085336.088299997], [-8340648.020500001, 5085279.062100001], [-8340582.9309, 5085222.0293999985], [-8340520.376, 5085168.3992], [-8340469.6588, 5085123.284599997], [-8340422.318499999, 5085084.123499997], [-8340380.0518, 5085048.368900001], [-8340344.3378, 5085017.652099997], [-8340319.6832, 5084996.370399997], [-8340261.5744, 5084943.171899997], [-8340180.3533, 5085004.996299997], [-8340118.5469, 5085056.230800003], [-8340056.4015, 5085098.613700002], [-8339968.1295, 5085156.885300003], [-8339878.110400001, 5085204.532300003], [-8339786.3358, 5085246.865099996], [-8339692.799900001, 5085287.423900001], [-8339613.374500001, 5085326.235799998], [-8339523.3763, 5085359.718500003], [-8339472.199899999, 5085379.104199998], [-8339422.784600001, 5085399.909199998], [-8339368.214400001, 5085341.398199998], [-8339311.899900001, 5085272.263099998], [-8339239.7359, 5085190.7092999965], [-8339169.345799999, 5085103.848200001], [-8339084.882999999, 5084997.490999997], [-8338996.899599999, 5084888.649899997], [-8338898.3642, 5084764.567699999], [-8338824.4816, 5084661.770800002], [-8338724.1939, 5084534.145999998], [-8338627.454399999, 5084395.908299997], [-8338535.9823, 5084271.8411], [-8338420.2324, 5084117.994400002], [-8338335.7995, 5084004.561499998], [-8338260.1654, 5083901.7651999965], [-8338193.329700001, 5083809.604999997], [-8338117.6855999995, 5083713.8891], [-8338065.704500001, 5083637.828000002], [-8338011.673699999, 5083564.666199997], [-8337951.736400001, 5083482.148400001], [-8337888.2447, 5083400.134199999], [-8337866.2798, 5083378.854800001], [-8337845.171, 5083352.479800001], [-8337808.856899999, 5083310.784599997], [-8337794.5174, 5083285.271700002], [-8337781.0801, 5083230.027099997], [-8337766.7775, 5083184.975400001], [-8337748.252599999, 5083134.989], [-8337734.7838, 5083096.735200003], [-8337721.3199000005, 5083055.933399998], [-8337694.4165, 5082961.587399997], [-8337654.0437, 5082829.839000002], [-8337622.083000001, 5082725.461400002], [-8337601.9047, 5082655.765699998], [-8337580.042300001, 5082581.820200004], [-8337564.905099999, 5082531.672899999], [-8337544.7212000005, 5082465.3763], [-8337528.746099999, 5082410.980599999], [-8337510.2827, 5082330.247699998], [-8337490.0591, 5082285.188500002], [-8337479.070900001, 5082278.372100003], [-8337410.5046, 5082289.283799998], [-8337370.7118, 5082299.401299998], [-8337318.2269, 5082308.644400001], [-8337265.737199999, 5082320.435699999], [-8337213.929099999, 5082329.679799996], [-8337169.0634, 5082337.2381], [-8337141.1127, 5082349.925800003], [-8337085.2140999995, 5082373.601800002], [-8337047.9410999995, 5082393.066600002], [-8337016.608200001, 5082404.0484], [-8336984.3993, 5082430.318599999], [-8336969.165100001, 5082431.138400003], [-8336926.068299999, 5082399.623899996], [-8336889.7249, 5082376.6175], [-8336845.785599999, 5082343.4021999985], [-8336806.0660999995, 5082316.141400002], [-8336768.0384, 5082289.393799998], [-8336704.6721, 5082238.301600002], [-8336659.0451, 5082203.383900002], [-8336613.423599999, 5082165.918099999], [-8336566.9646000005, 5082124.203000002], [-8336520.514599999, 5082078.240599997], [-8336474.065099999, 5082032.278499998], [-8336437.7601, 5081991.433399998], [-8336406.5243, 5081954.845399998], [-8336375.7926, 5081920.1272], [-8336330.1993, 5081869.9199], [-8336293.0616, 5081823.127300002], [-8336270.2697, 5081795.9001], [-8336245.809699999, 5081756.777900003], [-8336226.4168, 5081722.762699999], [-8336204.5024999995, 5081680.248400003], [-8336188.4964000005, 5081645.390699998], [-8336171.6492, 5081607.983199999], [-8336152.2918, 5081556.980800003], [-8336135.460200001, 5081512.098999999], [-8336109.3792, 5081438.999700002], [-8336084.1392, 5081368.450199999], [-8336060.576300001, 5081305.549000002], [-8336039.5382, 5081249.448200002], [-8336010.900599999, 5081185.687899999], [-8335985.6258000005, 5081132.636600003], [-8335955.284600001, 5081074.818899997], [-8335915.6733, 5080999.1461], [-8335885.323899999, 5080945.575499997], [-8335854.1338, 5080889.4553999975], [-8335822.9265, 5080841.998499997], [-8335774.008199999, 5080767.1570999995], [-8335736.893300001, 5080712.723899998], [-8335687.1249, 5080640.429099999], [-8335635.6865, 5080557.939400002], [-8335601.9515, 5080506.4014], [-8335578.3507, 5080463.887500003], [-8335548.024599999, 5080400.976899996], [-8335529.5096, 5080354.227499999], [-8335511.839400001, 5080308.329300001], [-8335494.172800001, 5080260.732900001], [-8335484.937999999, 5080226.742600001], [-8335473.165100001, 5080192.747299999], [-8335460.57, 5080147.710100003], [-8335441.244200001, 5080084.823899999], [-8335430.3303, 5080044.886], [-8335417.732899999, 5080001.0383], [-8335407.6654, 5079961.1022000015], [-8335396.7499, 5079922.014200002], [-8335386.698899999, 5079874.435599998], [-8335374.935799999, 5079836.195100002], [-8335360.6675, 5079782.663400002], [-8335345.566, 5079723.185400002], [-8335334.6404, 5079689.193400003], [-8335314.446799999, 5079637.3483000025], [-8335300.9814, 5079604.200199999], [-8335286.494999999, 5079573.767700002], [-8335273.008099999, 5079550.8103], [-8335257.0034, 5079518.506300002], [-8335232.5515, 5079480.240000002], [-8335207.2447, 5079446.218000002], [-8335181.9362, 5079413.045000002], [-8335152.394400001, 5079381.561499998], [-8335115.240599999, 5079349.2124999985], [-8335083.989, 5079326.217100002], [-8335036.672900001, 5079298.941399999], [-8334992.731799999, 5079275.918499999], [-8334919.2117, 5079239.244400002], [-8334878.647500001, 5079219.625100002], [-8334838.9056, 5079211.046599999], [-8334792.4091, 5079196.509400003], [-8334747.5857, 5079190.467200004], [-8334696.8389, 5079185.261200003], [-8334661.1468, 5079181.785899997], [-8334604.416200001, 5079204.5889], [-8334550.2293, 5079224.849699996], [-8334492.6524, 5079247.650200002], [-8334452.863500001, 5079260.299599998], [-8334395.2807, 5079285.647100002], [-8334347.018100001, 5079304.221699998], [-8334304.6775, 5079322.8094], [-8334269.115900001, 5079336.316799998], [-8334229.3301, 5079347.267200001], [-8334188.705800001, 5079354.818599999], [-8334139.6237, 5079361.501800001], [-8334108.3146, 5079364.828000002], [-8334079.3763999995, 5079367.3103], [-8334062.4549, 5079368.121299997], [-8334026.9332, 5079363.7949], [-8334002.4113, 5079358.644299999], [-8333973.675000001, 5079346.6906], [-8333951.704700001, 5079335.601199999], [-8333922.134099999, 5079318.550300002], [-8333893.4076000005, 5079302.350400001], [-8333866.380999999, 5079282.757600002], [-8333828.384199999, 5079251.251199998], [-8333807.2816, 5079230.8226], [-8333778.575099999, 5079206.130900003], [-8333750.726500001, 5079176.345799997], [-8333689.7915, 5079187.245399997], [-8333628.020300001, 5079193.8967999965], [-8333568.7831999995, 5079202.251599997], [-8333515.4714, 5079208.921599999], [-8333458.7717, 5079217.281900004], [-8333406.138599999, 5079223.1039], [-8333354.5166, 5079230.626000002], [-8333296.966700001, 5079240.681900002], [-8333240.266799999, 5079249.040899999], [-8333163.251499999, 5079262.446900003], [-8333093.849300001, 5079275.870099999], [-8333049.8407000005, 5079283.4089], [-8332971.1329, 5079296.809299998], [-8332904.2785, 5079305.991499998], [-8332850.1219, 5079311.806599997], [-8332777.339299999, 5079323.521499999], [-8332714.714500001, 5079332.7124999985], [-8332642.7817, 5079342.729699999], [-8332579.3089000005, 5079352.766999997], [-8332499.7556, 5079365.312600002], [-8332447.6247000005, 5079372.829000004], [-8332387.541300001, 5079380.325499997], [-8332324.9136, 5079390.3631], [-8332278.365900001, 5079397.892200001], [-8332264.93, 5079357.098099999], [-8332251.437999999, 5079339.232299998], [-8332227.790200001, 5079323.0397000015], [-8332188.096100001, 5079295.768299997], [-8332150.0942, 5079268.501199998], [-8332106.170499999, 5079241.219300002], [-8332063.947799999, 5079210.544699997], [-8332023.412699999, 5079181.5726], [-8331976.116599999, 5079150.0363000035], [-8331937.2656, 5079124.4648], [-8331896.718699999, 5079100.587399997], [-8331864.453500001, 5079080.2971], [-8331821.375399999, 5079053.865699999], [-8331769.000600001, 5079024.0141], [-8331724.2246, 5079000.125799999], [-8331672.687899999, 5078973.672799997], [-8331616.08, 5078945.508400001], [-8331545.1044, 5078912.212800004], [-8331478.343699999, 5078884.871399999], [-8331425.9559, 5078860.962700002], [-8331377.806600001, 5078833.6679000035], [-8331331.3343, 5078812.321199998], [-8331281.331599999, 5078782.134300001], [-8331246.6962, 5078763.3649], [-8331209.5298, 5078742.041500002], [-8331174.9012, 5078720.7245000005], [-8331148.723300001, 5078702.8257], [-8331121.7081, 5078681.528099999], [-8331083.727, 5078648.314599998], [-8331052.4935, 5078622.760399997], [-8331029.7108, 5078600.624499999], [-8331006.932399999, 5078576.7905], [-8330982.4822, 5078545.310000002], [-8330959.7129, 5078518.079300001], [-8330933.557700001, 5078491.689199999], [-8330904.8763, 5078461.0471], [-8330880.4068, 5078437.208400004], [-8330854.2323, 5078418.460199997], [-8330833.9661, 5078404.821900003], [-8330788.3429000005, 5078383.475699998], [-8330751.1589, 5078369.793300003], [-8330719.0438, 5078358.6712], [-8330680.1438, 5078354.324199997], [-8330661.3473000005, 5078361.068000004], [-8330602.0768, 5078382.989600003], [-8330548.7453000005, 5078398.133599997], [-8330505.5732, 5078409.907799996], [-8330457.3233, 5078422.517200001], [-8330401.4561, 5078436.805100001], [-8330344.7425999995, 5078451.089900002], [-8330305.806299999, 5078460.326800004], [-8330278.7151, 5078468.746200003], [-8330217.769300001, 5078483.868299998], [-8330153.4421999995, 5078498.131999999], [-8330099.270199999, 5078510.723999999], [-8330051.863, 5078524.183200002], [-8330001.9157, 5078538.484300002], [-8329905.2465, 5078562.848999999], [-8329847.685699999, 5078577.129000001], [-8329780.819700001, 5078591.383400001], [-8329725.803099999, 5078603.122199997], [-8329659.777799999, 5078619.076300003], [-8329598.837300001, 5078631.6472999975], [-8329545.512, 5078643.3895], [-8329493.8762, 5078655.9855], [-8329432.9351, 5078668.555500001], [-8329393.999600001, 5078676.939999998], [-8329332.207699999, 5078691.2053999975], [-8329261.6132, 5078707.144400001], [-8329194.740499999, 5078723.0933], [-8329117.714400001, 5078739.862400003], [-8329049.1566, 5078753.258400001], [-8328980.5867, 5078770.8992], [-8328923.8763, 5078782.628700003], [-8328862.080600001, 5078797.740500003], [-8328821.445, 5078808.6655], [-8328772.3498, 5078819.566399999], [-8328713.9279, 5078838.0832], [-8328663.972200001, 5078854.076099999], [-8328603.857899999, 5078872.5874999985], [-8328546.2837000005, 5078890.256700002], [-8328499.7114, 5078906.258400001], [-8328474.987199999, 5078914.170199998], [-8328435.1796, 5078931.040100001], [-8328414.838300001, 5078944.568599999], [-8328383.4802, 5078964.858900003], [-8328334.3160999995, 5078999.534100004], [-8328294.4761, 5079027.442699999], [-8328241.059699999, 5079069.747699998], [-8328185.0998, 5079113.744000003], [-8328127.452500001, 5079156.036700003], [-8328082.526000001, 5079187.326700002], [-8328040.985400001, 5079217.777400002], [-8328003.853599999, 5079244.843699999], [-8327963.171, 5079271.0506], [-8327925.884099999, 5079293.021399997], [-8327884.352399999, 5079320.0748], [-8327844.5175, 5079345.434900001], [-8327812.311000001, 5079365.721699998], [-8327768.2434, 5079391.918399997], [-8327720.8013, 5079414.707999997], [-8327685.2227, 5079430.738799997], [-8327647.1064, 5079446.762000002], [-8327608.999600001, 5079459.388300002], [-8327568.364700001, 5079468.610299997], [-8327512.499299999, 5079478.636600003], [-8327471.891899999, 5079478.517099999], [-8327404.2227, 5079474.920599997], [-8327351.9682, 5079465.424900003], [-8327301.233899999, 5079456.782700002], [-8327248.8357, 5079438.794], [-8327210.8269, 5079418.300399996], [-8327157.6258000005, 5079385.872900002], [-8327119.645400001, 5079356.037799999], [-8327086.7434, 5079325.369000003], [-8327062.792300001, 5079300.3314], [-8327041.724199999, 5079273.094499998], [-8327016.446599999, 5079239.0515], [-8326976.854, 5079182.8873], [-8326938.9564, 5079125.879100002], [-8326909.4728, 5079084.181299999], [-8326871.5734, 5079028.022600003], [-8326834.5075, 5078976.112300001], [-8326798.2696, 5078930.318700001], [-8326747.7157000005, 5078863.0830999985], [-8326702.1995, 5078808.600199997], [-8326651.6109, 5078753.252999999], [-8326573.1898, 5078670.649099998], [-8326517.3358, 5078608.7051], [-8326463.363, 5078554.196699999], [-8326407.691199999, 5078502.230499998], [-8326350.3387, 5078446.8627], [-8326309.8583, 5078406.660700001], [-8326259.2609, 5078355.559199996], [-8326214.5724, 5078308.721299998], [-8326173.257099999, 5078265.290100001], [-8326118.442399999, 5078210.779200003], [-8326060.2709, 5078147.767300002], [-8326006.303099999, 5078093.2588], [-8325950.6548999995, 5078035.348899998], [-8325893.3050999995, 5077980.8301], [-8325845.402000001, 5077935.170999996], [-8325816.7355, 5077905.364299998], [-8325777.948100001, 5077866.186499998], [-8325709.6521000005, 5077796.350400001], [-8325633.7684, 5077718.849200003], [-8325551.138, 5077635.383299999], [-8325484.5154, 5077572.344899997], [-8325480.3089000005, 5077565.199600004], [-8325515.228, 5077488.896899998], [-8325544.196599999, 5077421.9152000025], [-8325570.611400001, 5077360.0200999975], [-8325602.105900001, 5077296.442900002], [-8325629.371099999, 5077232.852799997], [-8325654.0613, 5077181.141199999], [-8325670.239800001, 5077146.5528], [-8325692.384199999, 5077097.380400002], [-8325711.983100001, 5077050.747199997], [-8325725.637800001, 5077011.736500002], [-8325740.1697, 5076962.541100003], [-8325744.4516, 5076945.574699998], [-8325746.2146000005, 5076922.657899998], [-8325743.0251, 5076860.672700003], [-8325743.176200001, 5076812.281800002], [-8325735.827, 5076728.211400002], [-8325728.3685, 5076679.118199997], [-8325721.8015, 5076615.426200002], [-8325707.662799999, 5076538.9767], [-8325697.6998, 5076479.519699998], [-8325681.0243999995, 5076403.063100003], [-8325668.864499999, 5076343.090800002], [-8325652.1974, 5076264.088500001], [-8325637.9826, 5076212.259900004], [-8325623.799900001, 5076150.244800001], [-8325617.060900001, 5076141.734700002], [-8325602.676000001, 5076144.236199997], [-8325565.329299999, 5076187.4133], [-8325533.9343, 5076220.422200002], [-8325505.0735, 5076254.288099997], [-8325476.2257, 5076283.909500003], [-8325440.6218, 5076310.453400001], [-8325405.013499999, 5076338.3554000035], [-8325368.580499999, 5076359.463500001], [-8325332.1503, 5076379.722400002], [-8325298.2678, 5076396.593599997], [-8325255.946599999, 5076407.495700002], [-8325214.474099999, 5076417.550899997], [-8325167.9242, 5076428.438900001], [-8325134.919399999, 5076435.125200003], [-8325090.92, 5076441.7761999965], [-8325052.6689, 5076449.294200003], [-8325018.820900001, 5076455.128700003], [-8324976.493899999, 5076467.7272000015], [-8324938.3818, 5076484.583800003], [-8324907.875499999, 5076503.1625000015], [-8324877.3531, 5076526.834899999], [-8324845.1197, 5076556.444300003], [-8324818.8061999995, 5076586.0726], [-8324798.423800001, 5076612.324299999], [-8324775.474099999, 5076647.906400003], [-8324755.0503, 5076686.892300002], [-8324737.171800001, 5076723.339900002], [-8324726.915999999, 5076756.416299999], [-8324723.461300001, 5076778.648000002], [-8324719.1283, 5076810.894699998], [-8324719.015799999, 5076845.702], [-8324717.970000001, 5076907.674000002], [-8324720.2388, 5076990.881099999], [-8324722.537599999, 5077064.750299998], [-8324719.819399999, 5077120.7749999985], [-8324717.1182, 5077171.536399998], [-8324714.4847, 5077201.243000001], [-8324708.4573, 5077234.3345], [-8324700.7026, 5077278.457800001], [-8324691.2919, 5077311.538800001], [-8324670.025900001, 5077348.826499999], [-8324645.3576, 5077392.046499997], [-8324604.6075, 5077438.610600002], [-8324566.3780000005, 5077490.276900001], [-8324537.506200001, 5077525.332900003], [-8324509.4975000005, 5077554.957800001], [-8324444.9662, 5077631.160999998], [-8324404.1839000005, 5077687.064300001], [-8324389.7159, 5077714.186800003], [-8324353.1952, 5077759.915899999], [-8324316.641000001, 5077815.833999999], [-8324294.598999999, 5077831.044799998], [-8324214.2631, 5077824.837700002], [-8324195.760500001, 5077792.512999997], [-8324170.1876, 5077749.636500001], [-8324139.9189, 5077694.348899998], [-8324099.5677000005, 5077618.6511999965], [-8324070.1371, 5077565.913999997], [-8324043.2194, 5077520.826499999], [-8324025.5496, 5077492.750200003], [-8324007.031300001, 5077465.520199999], [-8323982.606699999, 5077434.025399998], [-8323962.3971, 5077406.789899997], [-8323943.856699999, 5077386.3521], [-8323923.607899999, 5077371.002700001], [-8323899.978800001, 5077354.793099999], [-8323859.4339000005, 5077338.5271999985], [-8323824.8037, 5077323.978799999], [-8323791.0252, 5077307.735200003], [-8323745.4201, 5077287.2070999965], [-8323698.9606, 5077269.222999997], [-8323647.4407, 5077246.976899996], [-8323602.3401, 5077227.4684000015], [-8323555.895199999, 5077205.238600001], [-8323517.0744, 5077179.638400003], [-8323474.8763, 5077152.328599997], [-8323431.838199999, 5077123.318099998], [-8323383.7457, 5077088.347400002], [-8323323.8442, 5077043.9978], [-8323273.229599999, 5077004.7733], [-8323223.4812, 5076959.6087], [-8323183.007999999, 5076922.965599999], [-8323138.3148, 5076883.760899998], [-8323093.627900001, 5076842.858400002], [-8323063.2728, 5076815.588100001], [-8323016.7563000005, 5076815.429799996], [-8322953.321599999, 5076816.062100001], [-8322884.818399999, 5076814.979000002], [-8322796.013900001, 5076814.674500003], [-8322697.0605, 5076814.3342999965], [-8322600.644099999, 5076814.001999997], [-8322429.6295, 5076814.259000003], [-8322361.966, 5076814.872900002], [-8322260.4693, 5076816.217299998], [-8322169.127800001, 5076815.8983], [-8322114.138800001, 5076819.950800002], [-8322053.247400001, 5076818.8882], [-8321917.080499999, 5076818.409400001], [-8321846.0668, 5076818.693999998]]]]}}, {"type": "Feature", "properties": {"OBJECTID": 413, "CreationDate": "2025-01-14T11:11:14Z", "Creator": "NPS_WASO_LANDS", "EditDate": "2025-01-14T11:11:14Z", "Editor": "NPS_WASO_LANDS", "GlobalID": "{1ABB4A9C-E9AF-4121-9201-EC1DEEDFFEE5}", "AreaID": 438, "UNIT_CODE": "HART", "GIS_Notes": "Lands - http://landsnet.nps.gov/tractsnet/documents/HART/Metadata/hart_metadata.xml", "UNIT_NAME": "Harriet Tubman National Historical Park", "DATE_EDIT": "2023-12-15T00:00:00Z", "STATE": "NY", "REGION": "NE", "GNIS_ID": "need", "UNIT_TYPE": "National Historical Park", "CREATED_BY": "Lands", "METADATA": "https://irma.nps.gov/DataStore/Reference/Profile/2295554", "PARKNAME": "Harriet Tubman", "SHAPE_Length": 2591.101367427557, "SHAPE_Area": 259714.95959493023}, "geometry": {"type": "MultiPolygon", "coordinates": [[[[-8524354.5513, 5300288.561999999], [-8524415.4316, 5300260.135600001], [-8524438.1798, 5300309.210100003], [-8524377.3079, 5300337.631700002], [-8524354.5513, 5300288.561999999]]], [[[-8522411.8204, 5298439.574299999], [-8522402.9286, 5298363.224799998], [-8522598.4574, 5298357.317199998], [-8522701.8679, 5298353.766800001], [-8522836.1822, 5298350.223499998], [-8522980.0052, 5298347.276799999], [-8522982.3731, 5298386.6435], [-8523134.5171, 5298382.503300004], [-8523137.4802, 5298421.273900002], [-8523139.2863, 5298565.759999998], [-8523150.1895, 5298675.429799996], [-8523045.8973, 5298676.541299999], [-8522918.1157, 5298680.685999997], [-8522874.7297, 5298681.2717999965], [-8522743.9763, 5298685.4135000035], [-8522585.2898, 5298688.949000001], [-8522333.8867, 5298696.628700003], [-8522316.0566, 5298697.219700001], [-8522309.5336, 5298649.499399997], [-8522301.8285, 5298580.902999997], [-8522295.3136, 5298508.728299998], [-8522418.3395, 5298501.012000002], [-8522411.8204, 5298439.574299999]]]]}}, {"type": "Feature", "properties": {"OBJECTID": 423, "CreationDate": "2025-01-14T11:11:14Z", "Creator": "NPS_WASO_LANDS", "EditDate": "2025-01-14T11:11:14Z", "Editor": "NPS_WASO_LANDS", "GlobalID": "{71A150E2-A56E-4C83-9C5A-E2C674DB164C}", "AreaID": 448, "UNIT_CODE": "STON", "GIS_Notes": "Lands - http://landsnet.nps.gov/tractsnet/documents/STON/Metadata/ston_metadata.xml", "UNIT_NAME": "Stonewall National Monument", "DATE_EDIT": "2016-09-07T00:00:00Z", "STATE": "NY", "REGION": "NE", "GNIS_ID": "2781516", "UNIT_TYPE": "National Monument", "CREATED_BY": "Lands", "METADATA": "https://irma.nps.gov/DataStore/Reference/Profile/2235467", "PARKNAME": "Stonewall", "SHAPE_Length": 2341.339153678134, "SHAPE_Area": 32233.247262885943}, "geometry": {"type": "MultiPolygon", "coordinates": [[[[-8237887.1656, 4973154.3298999965], [-8237892.9462, 4973184.591499999], [-8237882.138900001, 4973186.794699997], [-8237876.524, 4973156.971299998], [-8237789.563200001, 4973173.686099999], [-8237808.237199999, 4973267.019699998], [-8237627.0591, 4973298.480800003], [-8237561.2894, 4973150.034000002], [-8237640.5679, 4973006.946099997], [-8237829.295299999, 4973132.787299998], [-8237923.4892, 4973088.508400001], [-8237945.902000001, 4973127.368900001], [-8237926.2415, 4973147.468999997], [-8237887.1656, 4973154.3298999965]], [[-8237777.507300001, 4973127.125799999], [-8237783.578299999, 4973152.195500001], [-8237800.2248, 4973142.632799998], [-8237777.507300001, 4973127.125799999]], [[-8237685.2665, 4973153.2293], [-8237688.7917, 4973171.837700002], [-8237765.169199999, 4973156.072099999], [-8237756.748199999, 4973113.6866], [-8237720.321900001, 4973090.684600003], [-8237685.2665, 4973153.2293]], [[-8237621.6183, 4973184.243199997], [-8237676.061799999, 4973173.129900001], [-8237672.6668, 4973156.1516999975], [-8237672.418400001, 4973152.876100004], [-8237673.4114, 4973148.9454], [-8237710.334100001, 4973082.931100003], [-8237661.178099999, 4973050.625100002], [-8237611.2388, 4973140.565200001], [-8237621.6183, 4973184.243199997]], [[-8237786.516000001, 4973250.148500003], [-8237769.8696, 4973174.680699997], [-8237621.6183, 4973205.694799997], [-8237651.7776999995, 4973275.735299997], [-8237786.516000001, 4973250.148500003]]]]}}]}