{"type": "FeatureCollection", "name": "Tennessee_park", "crs": {"type": "name", "properties": {"name": "urn:ogc:def:crs:EPSG::3857"}}, "features": [{"type": "Feature", "properties": {"OBJECTID": 207, "CreationDate": "2025-01-14T11:11:12Z", "Creator": "NPS_WASO_LANDS", "EditDate": "2025-01-14T11:11:12Z", "Editor": "NPS_WASO_LANDS", "GlobalID": "{3D42F961-BA8B-4FAD-8D8D-F9700FD89089}", "AreaID": 205, "UNIT_CODE": "ANJO", "GIS_Notes": "Lands - http://landsnet.nps.gov/tractsnet/documents/ANJO/Metadata/anjo_metadata.xml", "UNIT_NAME": "Andrew Johnson National Historic Site", "DATE_EDIT": "2007-01-24T00:00:00Z", "STATE": "TN", "REGION": "SE", "GNIS_ID": "1304837", "UNIT_TYPE": "National Historic Site", "CREATED_BY": "Lands", "METADATA": "https://irma.nps.gov/DataStore/Reference/Profile/1047901", "PARKNAME": "Andrew Johnson", "SHAPE_Length": 2126.4180999486375, "SHAPE_Area": 102557.43420792269}, "geometry": {"type": "MultiPolygon", "coordinates": [[[[-9220529.2035, 4323068.2223000005], [-9220540.7959, 4323044.915799998], [-9220540.8257, 4323044.8583], [-9220540.8573, 4323044.801899999], [-9220540.8908, 4323044.746799998], [-9220540.9266, 4323044.692699999], [-9220540.9639, 4323044.639899999], [-9220541.003, 4323044.588500001], [-9220541.0438, 4323044.5383], [-9220541.0863, 4323044.489600003], [-9220541.1305, 4323044.442400001], [-9220541.1763, 4323044.396899998], [-9220541.2235, 4323044.3527000025], [-9220541.2722, 4323044.310500003], [-9220541.3224, 4323044.2698], [-9220541.374, 4323044.230899997], [-9220541.4267, 4323044.193800002], [-9220541.4808, 4323044.158299997], [-9220541.536, 4323044.125200003], [-9220541.5924, 4323044.093599997], [-9220541.6498, 4323044.064099997], [-9220541.708, 4323044.036399998], [-9220541.7674, 4323044.011], [-9220541.8275, 4323043.987599999], [-9220541.8884, 4323043.966200002], [-9220541.9498, 4323043.946900003], [-9220542.0119, 4323043.929799996], [-9220542.0747, 4323043.914899997], [-9220542.1379, 4323043.901900001], [-9220542.2015, 4323043.8913], [-9220542.2655, 4323043.882799998], [-9220542.3295, 4323043.876599997], [-9220542.3939, 4323043.872599997], [-9220542.4583, 4323043.870800003], [-9220542.5229, 4323043.871200003], [-9220542.5871, 4323043.8737], [-9220542.6515, 4323043.878600001], [-9220542.7158, 4323043.885700002], [-9220542.7794, 4323043.894900002], [-9220542.8428, 4323043.906400003], [-9220542.9058, 4323043.920000002], [-9220542.9685, 4323043.935699999], [-9220543.0304, 4323043.9538], [-9220543.0916, 4323043.9738000035], [-9220543.1522, 4323043.995700002], [-9220543.212, 4323044.0200999975], [-9220543.271, 4323044.046599999], [-9220543.3328, 4323044.075099997], [-9220566.9842, 4323055.103100002], [-9220555.4878, 4323080.302299999], [-9220529.2035, 4323068.2223000005]]], [[[-9220518.671, 4323072.636699997], [-9220453.4196, 4323041.294699997], [-9220480.818, 4323013.713200003], [-9220531.3727, 4323038.350299999], [-9220531.4509, 4323038.388400003], [-9220531.5664, 4323038.447400004], [-9220531.6797, 4323038.509999998], [-9220531.7909, 4323038.5766], [-9220531.8998, 4323038.6467999965], [-9220532.0061, 4323038.7211000025], [-9220532.1097, 4323038.798600003], [-9220532.2108, 4323038.879900001], [-9220532.3089, 4323038.964599997], [-9220532.4042, 4323039.052699998], [-9220532.4962, 4323039.144000001], [-9220532.5853, 4323039.238300003], [-9220532.6709, 4323039.3358], [-9220532.7531, 4323039.4362], [-9220532.832, 4323039.539300002], [-9220532.9072, 4323039.6450999975], [-9220532.9789, 4323039.753300004], [-9220533.0466, 4323039.864], [-9220533.1106, 4323039.976899996], [-9220533.1706, 4323040.092200004], [-9220533.2268, 4323040.209399998], [-9220533.2788, 4323040.328299999], [-9220533.3267, 4323040.449100003], [-9220533.3703, 4323040.571500003], [-9220533.4102, 4323040.695200004], [-9220533.4453, 4323040.820200004], [-9220533.4764, 4323040.946400002], [-9220533.5031, 4323041.073700003], [-9220533.5254, 4323041.201800004], [-9220533.5433, 4323041.330499999], [-9220533.5567, 4323041.459700003], [-9220533.5657, 4323041.589500003], [-9220533.5703, 4323041.719400004], [-9220533.5705, 4323041.849299997], [-9220533.5661, 4323041.9793], [-9220533.5574, 4323042.109200001], [-9220533.5442, 4323042.2381], [-9220533.5267, 4323042.366999999], [-9220533.5047, 4323042.495099999], [-9220533.4782, 4323042.622400001], [-9220533.4474, 4323042.7487], [-9220533.4125, 4323042.873899996], [-9220533.3732, 4323042.997599997], [-9220533.3297, 4323043.119999997], [-9220533.2818, 4323043.240900002], [-9220533.2302, 4323043.360100001], [-9220533.1744, 4323043.477399997], [-9220518.671, 4323072.636699997]]], [[[-9220817.6437, 4322862.474600002], [-9220660.1004, 4322788.502899997], [-9220689.725, 4322730.568499997], [-9220796.5378, 4322780.3125], [-9220801.1462, 4322770.329700001], [-9220849.2851, 4322792.748099998], [-9220817.6437, 4322862.474600002]]], [[[-9221670.3846, 4322034.540899999], [-9221553.1217, 4322133.040600002], [-9221410.9524, 4322203.166299999], [-9221425.4457, 4322245.830499999], [-9221378.7468, 4322262.590000004], [-9221381.7492, 4322226.970799997], [-9221363.1226, 4322229.9038999975], [-9221368.933, 4322170.3323], [-9221303.4363, 4321991.098899998], [-9221625.1857, 4321825.332800001], [-9221672.6325, 4321851.850199997], [-9221676.9316, 4321902.149300002], [-9221670.3846, 4322034.540899999]]]]}}, {"type": "Feature", "properties": {"OBJECTID": 220, "CreationDate": "2025-01-14T11:11:12Z", "Creator": "NPS_WASO_LANDS", "EditDate": "2025-01-14T11:11:12Z", "Editor": "NPS_WASO_LANDS", "GlobalID": "{2F2CB8D4-529E-47E9-8D17-E4DEF13DB0BB}", "AreaID": 220, "UNIT_CODE": "STRI", "GIS_Notes": "Lands - http://landsnet.nps.gov/tractsnet/documents/STRI/Metadata/stri_metadata.xml", "UNIT_NAME": "Stones River National Battlefield", "DATE_EDIT": "2018-03-29T00:00:00Z", "STATE": "TN", "REGION": "SE", "GNIS_ID": "1888964", "UNIT_TYPE": "National Battlefield", "CREATED_BY": "Lands", "METADATA": "https://irma.nps.gov/DataStore/Reference/Profile/2252627", "PARKNAME": "Stones River", "SHAPE_Length": 24132.533686443945, "SHAPE_Area": 4452463.140067207}, "geometry": {"type": "MultiPolygon", "coordinates": [[[[-9622803.4674, 4285418.780100003], [-9622838.1088, 4285391.821199998], [-9622871.5333, 4285428.2139], [-9622851.518, 4285446.261399999], [-9622869.5868, 4285467.243100002], [-9622856.7821, 4285478.788999997], [-9622838.0843, 4285458.363200001], [-9622803.4674, 4285418.780100003]]], [[[-9621032.2118, 4281993.014899999], [-9621034.8547, 4281964.999600001], [-9621095.7478, 4282010.748199999], [-9621103.9747, 4282024.122100003], [-9621086.4436, 4282053.370399997], [-9621080.0421, 4282064.474600002], [-9621074.0208, 4282075.7914], [-9621068.3869, 4282087.307599999], [-9621063.1469, 4282099.0101], [-9621058.3067, 4282110.884900004], [-9621053.8722, 4282122.9186], [-9621049.8485, 4282135.097099997], [-9621046.2401, 4282147.406199999], [-9621043.0514, 4282159.831500001], [-9621040.2859, 4282172.358999997], [-9621037.9468, 4282184.9736], [-9621036.0372, 4282197.660999998], [-9621034.5588, 4282210.406400003], [-9621033.5139, 4282223.195200004], [-9621032.903, 4282236.0119], [-9621032.7273, 4282248.842500001], [-9621032.9869, 4282261.671800002], [-9621033.6814, 4282274.484399997], [-9621034.8103, 4282287.265799999], [-9621036.372, 4282300.0013], [-9621038.3646, 4282312.675999999], [-9621081.7198, 4282560.9043999985], [-9621012.9954, 4282523.829599999], [-9620983.5881, 4282507.7795], [-9620991.1145, 4282428.645199999], [-9620970.5365, 4282310.576800004], [-9620968.1723, 4282295.5200999975], [-9620966.3146, 4282280.392200001], [-9620964.9659, 4282265.209899999], [-9620964.1273, 4282249.990599997], [-9620963.8001, 4282234.751500003], [-9620963.9847, 4282219.510200001], [-9620964.6807, 4282204.283799998], [-9620965.8874, 4282189.089500003], [-9620967.4366, 4282175.2377], [-9620969.4103, 4282161.440800004], [-9620971.8067, 4282147.711300001], [-9620974.6232, 4282134.062700003], [-9620977.8573, 4282120.5079], [-9620981.5059, 4282107.059500001], [-9620985.5657, 4282093.730499998], [-9620990.0325, 4282080.533799998], [-9620994.9021, 4282067.4815], [-9621000.1702, 4282054.586300001], [-9621005.8185, 4282041.887699999], [-9621011.8526, 4282029.3697], [-9621018.2671, 4282017.043700002], [-9621025.0555, 4282004.921599999], [-9621032.2118, 4281993.014899999]]], [[[-9620136.3876, 4282667.553000003], [-9620111.3058, 4282639.407399997], [-9620098.4388, 4282651.271899998], [-9620028.5658, 4282596.9789], [-9619893.351, 4282542.737099998], [-9619884.2543, 4282541.241400003], [-9619920.5842, 4282508.172200002], [-9620041.1345, 4282398.439599998], [-9620062.0256, 4282427.691200003], [-9620092.973, 4282443.3728], [-9620113.5974, 4282445.100599997], [-9620180.6492, 4282522.491099998], [-9620206.0593, 4282552.4684000015], [-9620232.3031, 4282581.917000003], [-9620136.3876, 4282667.553000003]]], [[[-9618988.7349, 4281229.256800003], [-9619033.7273, 4281188.829000004], [-9619052.2234, 4281171.4086000025], [-9619083.3283, 4281195.898699999], [-9619092.9035, 4281137.966600001], [-9619081.1258, 4281116.854199998], [-9619075.2296, 4281112.271600001], [-9619140.2773, 4281020.1010000035], [-9619247.0773, 4281171.261600003], [-9619233.5497, 4281207.18], [-9619226.8768, 4281239.777099997], [-9619225.9005, 4281273.6809], [-9619163.9844, 4281418.240000002], [-9619034.7569, 4281278.095299996], [-9619006.4537, 4281247.696999997], [-9618988.7349, 4281229.256800003]]], [[[-9620272.9906, 4284882.427100003], [-9620512.7789, 4284768.836099997], [-9620562.5792, 4284868.9058], [-9620570.4329, 4284883.648000002], [-9620591.0065, 4284969.757100001], [-9620595.1778, 4284984.744599998], [-9620598.8213, 4284999.870399997], [-9620601.9325, 4285015.115699999], [-9620604.5075, 4285030.4614999965], [-9620606.5431, 4285045.888899997], [-9620608.0369, 4285061.378600001], [-9620608.9866, 4285076.911700003], [-9620609.3915, 4285092.468699999], [-9620609.2509, 4285108.030500002], [-9620608.5652, 4285123.5776999965], [-9620603.2226, 4285165.748099998], [-9620600.2255, 4285277.092100002], [-9620525.5303, 4285219.852399997], [-9620445.9821, 4285184.949699998], [-9620359.554, 4285121.082900003], [-9620330.9695, 4285082.751999997], [-9620284.531, 4285020.505900003], [-9620262.6207, 4284994.294399999], [-9620233.9966, 4284953.2651999965], [-9620218.367, 4284926.981799997], [-9620210.9145, 4284911.848899998], [-9620272.9906, 4284882.427100003]]], [[[-9619131.2251, 4279931.158799998], [-9619131.4857, 4279931.153300002], [-9619131.7463, 4279931.156999998], [-9619132.0065, 4279931.169799998], [-9619132.2664, 4279931.191600002], [-9619132.5252, 4279931.222400002], [-9619132.7828, 4279931.262199998], [-9619133.0388, 4279931.310900003], [-9619133.2932, 4279931.368600003], [-9619133.5451, 4279931.435099997], [-9619133.7948, 4279931.5101], [-9619134.0417, 4279931.5940999985], [-9619134.2856, 4279931.686499998], [-9619134.5259, 4279931.7875000015], [-9619134.7628, 4279931.896700002], [-9619134.9959, 4279932.013999999], [-9619135.2247, 4279932.139300004], [-9619135.449, 4279932.272699997], [-9619135.6686, 4279932.413699999], [-9619135.8831, 4279932.562299997], [-9619136.0924, 4279932.7184000015], [-9619136.2961, 4279932.881399997], [-9619136.4943, 4279933.051700003], [-9619136.6863, 4279933.228600003], [-9619136.8722, 4279933.412199996], [-9619137.0515, 4279933.6021], [-9619137.2242, 4279933.7984], [-9619137.39, 4279934.000100002], [-9619137.5488, 4279934.207800001], [-9619137.7002, 4279934.4208], [-9619137.8443, 4279934.638899997], [-9619137.9807, 4279934.861900002], [-9619138.1093, 4279935.0898], [-9619138.2301, 4279935.321599998], [-9619138.3426, 4279935.557800002], [-9619138.447, 4279935.797600001], [-9619138.5431, 4279936.041100003], [-9619138.6306, 4279936.2875000015], [-9619138.7098, 4279936.5370000005], [-9619138.7801, 4279936.788900003], [-9619138.8418, 4279937.043399997], [-9619138.8946, 4279937.299800001], [-9619138.9384, 4279937.557800002], [-9619138.9735, 4279937.817299999], [-9619138.9993, 4279938.077799998], [-9619153.3737, 4280113.0178999975], [-9619153.6732, 4280116.038199998], [-9619154.0744, 4280119.046400003], [-9619154.5769, 4280122.039399996], [-9619155.1802, 4280125.013599999], [-9619155.8833, 4280127.965499997], [-9619156.6855, 4280130.891900003], [-9619157.5861, 4280133.789099999], [-9619158.5838, 4280136.653999999], [-9619159.6776, 4280139.483400002], [-9619160.866, 4280142.273900002], [-9619162.1482, 4280145.022500001], [-9619163.5222, 4280147.725599997], [-9619164.9866, 4280150.380800001], [-9619166.5397, 4280152.984300002], [-9619168.1797, 4280155.5336000025], [-9619169.9048, 4280158.025700003], [-9619171.713, 4280160.457400002], [-9619173.6022, 4280162.826399997], [-9619175.5701, 4280165.129699998], [-9619177.6146, 4280167.364600003], [-9619179.7335, 4280169.528800003], [-9619181.9239, 4280171.6197], [-9619184.1838, 4280173.634599999], [-9619186.5104, 4280175.571800001], [-9619188.9005, 4280177.428499997], [-9619191.3523, 4280179.202799998], [-9619193.8626, 4280180.8926], [-9619196.4282, 4280182.496200003], [-9619199.0465, 4280184.011299998], [-9619456.7963, 4280327.395300001], [-9619468.2058, 4280388.548], [-9619535.5818, 4280428.0405], [-9619451.9853, 4280569.130800001], [-9619325.4942, 4280492.512999997], [-9619225.6472, 4280456.7236], [-9619045.1425, 4280224.7678999975], [-9618968.6309, 4280207.524099998], [-9618911.7791, 4280202.059500001], [-9618921.2746, 4280172.104800001], [-9618906.1605, 4280131.2848000005], [-9618884.3793, 4280103.750699997], [-9618869.677, 4279978.770499997], [-9618877.9054, 4279974.049800001], [-9618886.2937, 4279969.622199997], [-9618894.8316, 4279965.493000001], [-9618903.5088, 4279961.667499997], [-9618912.3139, 4279958.150200002], [-9618921.2368, 4279954.945699997], [-9618930.2662, 4279952.057499997], [-9618939.3908, 4279949.489699997], [-9618948.5996, 4279947.245200001], [-9618957.8812, 4279945.326700002], [-9618967.2242, 4279943.7368], [-9618976.6169, 4279942.4771], [-9619130.9648, 4279931.173299998], [-9619131.2251, 4279931.158799998]]], [[[-9621851.9377, 4284794.277500004], [-9621819.4628, 4284747.8935], [-9621806.1848, 4284759.782799996], [-9621739.4374, 4284665.358800001], [-9621752.9587, 4284653.447700001], [-9621721.0719, 4284608.425499998], [-9621707.6998, 4284620.460500002], [-9621655.7889, 4284547.023599997], [-9621588.7428, 4284452.174400002], [-9621582.9732, 4284456.573200002], [-9621615.1811, 4284503.157799996], [-9621647.3758, 4284549.751999997], [-9621694.5953, 4284618.089900002], [-9621725.932, 4284663.441500001], [-9621716.8964, 4284670.246399999], [-9621685.5596, 4284624.894400001], [-9621638.3401, 4284556.556299999], [-9621606.1456, 4284509.962300003], [-9621573.7297, 4284463.534400001], [-9621488.9865, 4284527.351899996], [-9621362.4932, 4284357.905299999], [-9621301.5745, 4284276.290899999], [-9621324.2466, 4284077.982000001], [-9621183.363, 4283878.660700001], [-9621040.2987, 4283676.248899996], [-9621019.5921, 4283646.952100001], [-9620946.2233, 4283543.144900002], [-9620960.2489, 4283530.390600003], [-9620943.8514, 4283507.190200001], [-9620903.877, 4283450.630999997], [-9620946.4829, 4283358.790399998], [-9621019.0831, 4283437.608499996], [-9621038.7726, 4283458.984200001], [-9621045.7366, 4283452.651299998], [-9621144.2437, 4283560.459899999], [-9621141.8652, 4283562.110399999], [-9621166.0341, 4283589.004199997], [-9621159.4653, 4283593.562399998], [-9621262.7748, 4283711.266900003], [-9621353.0479, 4283814.4717999995], [-9621354.177, 4283815.756899998], [-9621580.8971, 4284073.7695999965], [-9621589.0828, 4284066.4026999995], [-9621699.6074, 4284190.2971], [-9621856.607, 4284366.283500001], [-9621916.0623, 4284432.928000003], [-9621908.0316, 4284440.1558], [-9621924.2583, 4284458.0581], [-9621945.9967, 4284482.041100003], [-9621984.9248, 4284524.630400002], [-9621992.0777, 4284518.4054000005], [-9622029.1699, 4284560.114], [-9622022.1165, 4284566.430100001], [-9622040.7214, 4284587.465300001], [-9622062.561, 4284612.157700002], [-9622068.8915, 4284606.821099997], [-9622164.8543, 4284716.789800003], [-9621926.0337, 4284929.323700003], [-9621838.513, 4284805.5154], [-9621851.9377, 4284794.277500004]]], [[[-9620770.6886, 4285826.015600003], [-9620754.5109, 4285774.608199999], [-9620668.0741, 4285799.994999997], [-9620631.2879, 4285790.685000002], [-9620649.5374, 4285715.909900002], [-9620664.0601, 4285376.490599997], [-9620650.6581, 4285337.2299000025], [-9620652.2702, 4285300.417999998], [-9620661.0608, 4285276.374700002], [-9620662.8405, 4285238.7104], [-9620677.2602, 4285135.625100002], [-9620672.8802, 4285064.248899996], [-9620672.0196, 4285029.309900001], [-9620667.9977, 4284993.423100002], [-9620650.3136, 4284919.730800003], [-9620604.429, 4284836.882600002], [-9620588.2638, 4284810.779100001], [-9620572.9286, 4284784.175499998], [-9620558.4389, 4284757.097900003], [-9620544.8089, 4284729.573799998], [-9620532.0525, 4284701.630500004], [-9620520.1825, 4284673.2958], [-9620496.0753, 4284591.329800002], [-9620479.805, 4284486.498400003], [-9620648.9292, 4284505.2842999995], [-9620890.2787, 4284532.0858], [-9621268.4793, 4284574.053800002], [-9621258.0189, 4284673.884800002], [-9621247.5582, 4284773.717299998], [-9621234.0916, 4284902.233199999], [-9621227.4061, 4284966.034599997], [-9621225.3137, 4284986.004100002], [-9621234.0737, 4284986.419100001], [-9621315.5453, 4284990.2754999995], [-9621464.0397, 4284997.3068], [-9621496.4216, 4285039.181199998], [-9621472.5734, 4285053.453500003], [-9621465.0217, 4285144.9542], [-9621463.5393, 4285162.9157000035], [-9621492.9933, 4285165.350400001], [-9621502.1633, 4285165.948100001], [-9621511.3486, 4285166.226999998], [-9621520.5379, 4285166.186499998], [-9621529.7202, 4285165.826499999], [-9621538.8848, 4285165.1479], [-9621548.0205, 4285164.151100002], [-9621557.1164, 4285162.8376], [-9621566.1616, 4285161.2086], [-9621575.1453, 4285159.266500004], [-9621584.0568, 4285157.013300002], [-9621592.8852, 4285154.452], [-9621601.6201, 4285151.5854], [-9621686.5082, 4285314.019299999], [-9621617.1881, 4285346.476199999], [-9621567.4462, 4285369.766000003], [-9621465.0, 4285413.556599997], [-9621437.9319, 4285429.1565999985], [-9621411.3387, 4285445.560400002], [-9621385.2441, 4285462.753300004], [-9621359.6712, 4285480.7195999995], [-9621334.6433, 4285499.443800002], [-9621313.1002, 4285517.753700003], [-9621291.9765, 4285536.550499998], [-9621262.8612, 4285564.048299998], [-9621234.7045, 4285592.535599999], [-9621207.5398, 4285621.978500001], [-9621198.2556, 4285630.207500003], [-9621189.1981, 4285638.687700003], [-9621179.3539, 4285648.452100001], [-9621169.8102, 4285658.5132], [-9621160.5759, 4285668.861400001], [-9621151.6596, 4285679.487199999], [-9621143.0694, 4285690.380800001], [-9621134.8135, 4285701.531999998], [-9621126.8991, 4285712.930399999], [-9621119.8074, 4285724.116700001], [-9621112.3366, 4285735.0515], [-9621104.4961, 4285745.721699998], [-9621096.2946, 4285756.114699997], [-9621087.7421, 4285766.218099996], [-9621078.8487, 4285776.020400003], [-9621069.625, 4285785.509300001], [-9621060.0817, 4285794.674000002], [-9621050.2301, 4285803.503799997], [-9621040.082, 4285811.987899996], [-9621029.6494, 4285820.116400003], [-9620995.0319, 4285843.153499998], [-9620902.1814, 4285862.159500003], [-9620889.1881, 4285864.8037], [-9620852.4987, 4285849.807400003], [-9620816.3292, 4285835.284599997], [-9620770.6886, 4285826.015600003]]], [[[-9621057.7004, 4283119.046599999], [-9621104.0809, 4283019.065499999], [-9621110.8972, 4283003.696800001], [-9621117.1918, 4282988.104699999], [-9621122.9568, 4282972.307499997], [-9621128.186, 4282956.323200002], [-9621132.873, 4282940.170500003], [-9621137.013, 4282923.867600001], [-9621140.6008, 4282907.433200002], [-9621143.6324, 4282890.886], [-9621146.1044, 4282874.245499998], [-9621148.0138, 4282857.5304000005], [-9621149.3587, 4282840.759800002], [-9621150.1372, 4282823.953400001], [-9621150.3486, 4282807.129900001], [-9621149.9926, 4282790.308899999], [-9621149.0698, 4282773.509900004], [-9621147.5811, 4282756.751699999], [-9621145.5283, 4282740.053900003], [-9621142.9136, 4282723.435599998], [-9621117.9376, 4282580.442199998], [-9621070.1893, 4282307.068300001], [-9621068.3685, 4282295.485799998], [-9621066.9414, 4282283.847900003], [-9621065.9098, 4282272.167800002], [-9621065.275, 4282260.4592999965], [-9621065.0378, 4282248.7359], [-9621065.1982, 4282237.011100002], [-9621065.7564, 4282225.298600003], [-9621066.7113, 4282213.612099998], [-9621068.0621, 4282201.965000004], [-9621069.8074, 4282190.370999999], [-9621071.9447, 4282178.8434000015], [-9621074.4719, 4282167.3957], [-9621077.3859, 4282156.041000001], [-9621080.6831, 4282144.7927], [-9621084.3602, 4282133.663800001], [-9621088.4124, 4282122.667099997], [-9621092.8354, 4282111.8156], [-9621097.6239, 4282101.121600002], [-9621102.7723, 4282090.597900003], [-9621108.2746, 4282080.256300002], [-9621114.1245, 4282070.109099999], [-9621132.7154, 4282039.092299998], [-9621145.0706, 4282038.205300003], [-9621219.7363, 4282074.605599999], [-9621233.4009, 4282073.764200002], [-9621312.164, 4282117.148100004], [-9621318.87, 4282120.551799998], [-9621325.6868, 4282123.7255000025], [-9621332.6067, 4282126.6655], [-9621339.6219, 4282129.368299998], [-9621346.7242, 4282131.831], [-9621353.9054, 4282134.0506], [-9621361.1573, 4282136.024800003], [-9621368.4716, 4282137.751100004], [-9621375.8401, 4282139.227499999], [-9621383.2539, 4282140.452600002], [-9621390.7048, 4282141.424800001], [-9621453.6355, 4282150.1391], [-9621465.736, 4282151.634000003], [-9621466.2092, 4282144.020499997], [-9621477.3888, 4282145.401500002], [-9621870.9639, 4282190.4991], [-9622163.782, 4282183.540100001], [-9622172.5018, 4282183.200300001], [-9622181.2285, 4282183.149599999], [-9622189.9519, 4282183.3882], [-9622198.6627, 4282183.915600002], [-9622207.3515, 4282184.731399998], [-9622216.0087, 4282185.834700003], [-9622224.6251, 4282187.223999999], [-9622233.1909, 4282188.898199998], [-9622241.6973, 4282190.855300002], [-9622250.1347, 4282193.093099996], [-9622258.4941, 4282195.609300002], [-9622266.7662, 4282198.401299998], [-9622331.7305, 4282220.412900001], [-9622330.7409, 4282239.924099997], [-9622377.3342, 4282255.079700001], [-9622376.0708, 4282277.748400003], [-9622329.5907, 4282262.600199997], [-9622318.3236, 4282484.740999997], [-9622460.1208, 4282531.210699998], [-9622443.9019, 4282822.219499998], [-9622524.7336, 4282821.1554000005], [-9622519.1076, 4282960.4604], [-9622513.6537, 4283095.497900002], [-9622430.0808, 4283092.164099999], [-9622417.2047, 4283204.630999997], [-9622382.7765, 4283555.718999997], [-9622494.0663, 4283568.074900001], [-9622488.745, 4283727.675099999], [-9622476.9979, 4283834.552599996], [-9622329.4362, 4284098.255999997], [-9622409.3255, 4284142.948799998], [-9622203.9754, 4284485.160999998], [-9622315.7127, 4284574.859700002], [-9622172.3833, 4284711.101599999], [-9622109.7287, 4284642.216799997], [-9622059.5288, 4284586.077399999], [-9622054.3678, 4284580.189499997], [-9622039.3599, 4284563.3002], [-9622018.1996, 4284539.487599999], [-9621992.6708, 4284510.758299999], [-9621957.9086, 4284471.637900002], [-9621920.3559, 4284429.020800002], [-9621923.4017, 4284426.2491], [-9621771.8976, 4284253.480300002], [-9621728.4769, 4284203.875], [-9621640.7232, 4284105.478799999], [-9621552.9712, 4284007.082699999], [-9621465.2205, 4283908.686899997], [-9621377.4717, 4283810.291100003], [-9621357.3765, 4283787.7575], [-9621296.3251, 4283719.267099999], [-9621154.9629, 4283558.721600004], [-9621094.7631, 4283491.748899996], [-9621065.3148, 4283460.076499999], [-9621020.8812, 4283411.786799997], [-9621009.6032, 4283399.530199997], [-9620999.6286, 4283388.701300003], [-9620999.4664, 4283388.540899999], [-9620999.3092, 4283388.375299998], [-9620999.1572, 4283388.204999998], [-9620999.0105, 4283388.030199997], [-9620957.4519, 4283342.912299998], [-9620955.0557, 4283340.310699999], [-9621057.7004, 4283119.046599999]]]]}}, {"type": "Feature", "properties": {"OBJECTID": 223, "CreationDate": "2025-01-14T11:11:12Z", "Creator": "NPS_WASO_LANDS", "EditDate": "2025-01-14T11:11:12Z", "Editor": "NPS_WASO_LANDS", "GlobalID": "{F9E37C5E-495D-4963-85F8-F0FF30ADE230}", "AreaID": 224, "UNIT_CODE": "OBRI", "GIS_Notes": "Lands - http://landsnet.nps.gov/tractsnet/documents/OBRI/Metadata/obri_metadata.xml", "UNIT_NAME": "Obed Wild and Scenic River", "DATE_EDIT": "2020-09-23T00:00:00Z", "STATE": "TN", "REGION": "SE", "GNIS_ID": "1309684", "UNIT_TYPE": "National Wild & Scenic River", "CREATED_BY": "Lands", "METADATA": "https://irma.nps.gov/DataStore/Reference/Profile/2278883", "PARKNAME": "Obed", "SHAPE_Length": 198150.8855332506, "SHAPE_Area": 33607608.82152185}, "geometry": {"type": "MultiPolygon", "coordinates": [[[[-9451611.9506, 4322503.182300001], [-9451582.9419, 4322452.2163999975], [-9451519.1077, 4322336.844800003], [-9451487.9457, 4322280.581], [-9451456.0199, 4322225.745300002], [-9451452.3264, 4322212.378899999], [-9451386.8826, 4322126.279799998], [-9451335.4094, 4322061.400300004], [-9451270.4907, 4322053.9463], [-9451197.0653, 4322042.266099997], [-9451145.6013, 4321935.713100001], [-9451054.1318, 4321924.9199], [-9450988.763, 4321918.5744], [-9450966.7339, 4321766.328599997], [-9450905.7218, 4321749.366999999], [-9450793.0579, 4321732.761200003], [-9450700.5258, 4321640.655699998], [-9450683.0993, 4321590.305299997], [-9450664.126, 4321544.004799999], [-9450610.3755, 4321447.981600001], [-9450618.3907, 4321377.736000001], [-9450543.1312, 4321376.670900002], [-9450502.4624, 4321241.454700001], [-9450380.593, 4321256.9155], [-9450321.2114, 4321293.7852], [-9450178.3554, 4321390.7711], [-9450069.8014, 4321258.375], [-9450020.7209, 4321199.810099997], [-9449944.7699, 4321131.428599998], [-9449823.2588, 4321171.565099999], [-9449748.2944, 4321105.649599999], [-9449682.3628, 4321124.9624999985], [-9449621.5242, 4321142.783299997], [-9449536.7895, 4321052.649099998], [-9449440.754, 4321044.249200001], [-9449440.6075, 4321044.245200001], [-9449402.3704, 4321043.187899999], [-9449374.7205, 4321035.222900003], [-9449353.8517, 4321022.122400001], [-9449325.8418, 4320996.378200002], [-9449310.9548, 4320986.1472999975], [-9449266.0594, 4320984.7513], [-9449181.9556, 4320968.220899999], [-9449156.1051, 4320949.169799998], [-9448925.0149, 4320932.0638], [-9448931.579, 4320856.634000003], [-9448657.1928, 4320669.652999997], [-9448653.4945, 4320665.6455999985], [-9448503.3484, 4320502.943099998], [-9448349.6406, 4320336.246200003], [-9448208.6383, 4320183.390799999], [-9448185.1895, 4320208.612499997], [-9448184.5437, 4320253.377700001], [-9448204.9381, 4320293.756700002], [-9448203.7094, 4320403.295900002], [-9448169.3017, 4320462.472499996], [-9448135.7779, 4320508.5845], [-9448049.0911, 4320642.493799999], [-9448016.9784, 4320639.273900002], [-9448008.5565, 4320649.8631], [-9448008.2585, 4320650.2513], [-9448007.974, 4320650.649599999], [-9448007.7032, 4320651.057499997], [-9448007.4466, 4320651.474600002], [-9448007.2045, 4320651.900200002], [-9448006.9771, 4320652.333999999], [-9448006.7647, 4320652.775399998], [-9448006.5676, 4320653.2238000035], [-9448006.3859, 4320653.678900003], [-9448006.2199, 4320654.139899999], [-9448006.0698, 4320654.606399998], [-9448005.9358, 4320655.077799998], [-9448005.8182, 4320655.553499997], [-9448005.7167, 4320656.033], [-9448005.6319, 4320656.515799999], [-9448005.5636, 4320657.0013], [-9448005.512, 4320657.488700002], [-9448005.4771, 4320657.9777000025], [-9448005.459, 4320658.467600003], [-9448005.4577, 4320658.957800001], [-9448005.4733, 4320659.447800003], [-9448005.5056, 4320659.936999999], [-9448005.5545, 4320660.424699999], [-9448005.718, 4320662.0528], [-9448005.8248, 4320663.685400002], [-9448005.875, 4320665.320900001], [-9448005.8685, 4320666.957000002], [-9448005.8052, 4320668.592100002], [-9448005.6854, 4320670.223899998], [-9448005.509, 4320671.850599997], [-9448005.2764, 4320673.469899997], [-9448004.9877, 4320675.080300003], [-9448004.6434, 4320676.6796], [-9448004.2439, 4320678.265900001], [-9448003.7896, 4320679.837099999], [-9448003.2812, 4320681.3917], [-9448002.7191, 4320682.9274], [-9448002.1042, 4320684.442699999], [-9448001.4372, 4320685.9353], [-9448000.3825, 4320688.2936], [-9447999.4092, 4320690.6866], [-9447998.5179, 4320693.111900002], [-9447997.7101, 4320695.566299997], [-9447996.9865, 4320698.047200002], [-9447996.348, 4320700.5515], [-9447995.7954, 4320703.076300003], [-9447995.3293, 4320705.618799999], [-9447994.9503, 4320708.175700001], [-9447994.6587, 4320710.744199999], [-9447994.455, 4320713.321199998], [-9447994.3393, 4320715.9036], [-9447993.0744, 4320787.461099997], [-9447993.072, 4320789.111500002], [-9447993.1229, 4320790.761], [-9447993.2274, 4320792.408], [-9447993.385, 4320794.050700001], [-9447993.5957, 4320795.6875], [-9447993.8594, 4320797.316399999], [-9447994.1757, 4320798.935900003], [-9447994.5442, 4320800.544299997], [-9447994.9646, 4320802.139600001], [-9447995.4364, 4320803.720399998], [-9447995.9593, 4320805.284999996], [-9447996.5323, 4320806.831699997], [-9447997.1553, 4320808.358800001], [-9447998.5203, 4320811.7038], [-9447999.777, 4320815.091300003], [-9448000.9241, 4320818.517800003], [-9448001.9606, 4320821.979599997], [-9448002.8852, 4320825.473399997], [-9448003.6971, 4320828.995200001], [-9448004.3954, 4320832.541599996], [-9448004.9793, 4320836.1087], [-9448005.4481, 4320839.693000004], [-9448009.2746, 4320873.1071000025], [-9448009.3923, 4320874.0022], [-9448009.5397, 4320874.8928999975], [-9448009.7168, 4320875.7782000005], [-9448009.9233, 4320876.656900004], [-9448010.159, 4320877.528300002], [-9448010.4235, 4320878.391099997], [-9448010.7167, 4320879.2447], [-9448011.0382, 4320880.087899998], [-9448011.3876, 4320880.919799998], [-9448011.7646, 4320881.739399999], [-9448012.1687, 4320882.545999996], [-9448012.5995, 4320883.338500001], [-9448013.0564, 4320884.115999997], [-9448013.5391, 4320884.877800003], [-9448014.0468, 4320885.622900002], [-9448014.5791, 4320886.3505000025], [-9448015.1354, 4320887.059799999], [-9448015.715, 4320887.749899998], [-9448016.3173, 4320888.420199998], [-9448027.4655, 4320900.416699998], [-9448027.8092, 4320900.7742], [-9448028.1652, 4320901.119199999], [-9448028.533, 4320901.451700002], [-9448028.912, 4320901.771300003], [-9448029.3018, 4320902.077500001], [-9448029.7019, 4320902.3697], [-9448030.1119, 4320902.6479], [-9448030.5313, 4320902.911600001], [-9448030.9596, 4320903.160599999], [-9448031.3961, 4320903.394400001], [-9448031.8406, 4320903.612899996], [-9448032.2922, 4320903.815800004], [-9448032.7506, 4320904.002800003], [-9448033.2152, 4320904.173699997], [-9448033.6856, 4320904.328199998], [-9448034.1608, 4320904.4663999975], [-9448034.6406, 4320904.587800004], [-9448035.1244, 4320904.692500003], [-9448035.6114, 4320904.780100003], [-9448036.1011, 4320904.850699998], [-9448036.593, 4320904.904200003], [-9448037.6158, 4320905.015600003], [-9448038.634, 4320905.162699997], [-9448039.6466, 4320905.3455], [-9448040.6522, 4320905.5634], [-9448041.6496, 4320905.816500001], [-9448042.6377, 4320906.1044000015], [-9448043.615, 4320906.426600002], [-9448044.5807, 4320906.782899998], [-9448045.5334, 4320907.172799997], [-9448046.4721, 4320907.595700003], [-9448047.3953, 4320908.051299997], [-9448048.3024, 4320908.539099999], [-9448049.1919, 4320909.0581], [-9448050.0628, 4320909.608000003], [-9448050.9142, 4320910.188100003], [-9448051.7448, 4320910.797700003], [-9448052.5539, 4320911.435999997], [-9448053.3402, 4320912.1021], [-9448054.103, 4320912.795400001], [-9448054.8413, 4320913.515000001], [-9448055.5542, 4320914.259999998], [-9448056.2407, 4320915.0295], [-9448056.9001, 4320915.8226], [-9448057.5317, 4320916.638300002], [-9448058.1344, 4320917.475599997], [-9448058.7079, 4320918.333499998], [-9448059.2511, 4320919.210900001], [-9448059.7636, 4320920.106899999], [-9448060.2447, 4320921.020199999], [-9448060.6938, 4320921.949900001], [-9448061.1104, 4320922.8945999965], [-9448061.4938, 4320923.853399999], [-9448061.8439, 4320924.825000003], [-9448107.2596, 4321058.109399997], [-9448110.9525, 4321068.390000001], [-9448114.9807, 4321078.5427], [-9448119.34, 4321088.556500003], [-9448140.849, 4321135.824500002], [-9448141.7211, 4321137.655299999], [-9448142.6566, 4321139.4542], [-9448143.6545, 4321141.2190999985], [-9448144.7133, 4321142.947700001], [-9448145.832, 4321144.637900002], [-9448147.009, 4321146.2875000015], [-9448148.2429, 4321147.8948], [-9448149.5322, 4321149.457400002], [-9448150.8754, 4321150.9738000035], [-9448152.2707, 4321152.441799998], [-9448153.7165, 4321153.859700002], [-9448155.2109, 4321155.2258], [-9448156.7521, 4321156.5383], [-9448158.3383, 4321157.795699999], [-9448220.1505, 4321205.0515], [-9448220.7384, 4321205.485200003], [-9448221.3408, 4321205.898500003], [-9448221.9569, 4321206.290899999], [-9448222.586, 4321206.661799997], [-9448223.2274, 4321207.010899998], [-9448223.8803, 4321207.337800004], [-9448224.544, 4321207.641999997], [-9448225.2177, 4321207.9234], [-9448225.9006, 4321208.181299999], [-9448226.5917, 4321208.4157000035], [-9448227.2905, 4321208.626100004], [-9448227.996, 4321208.8125], [-9448228.7076, 4321208.974399999], [-9448229.4242, 4321209.111900002], [-9448230.1449, 4321209.224699996], [-9448230.8692, 4321209.3125], [-9448231.5961, 4321209.375500001], [-9448232.3246, 4321209.413400002], [-9448233.0541, 4321209.426399998], [-9448233.7834, 4321209.4142], [-9448234.512, 4321209.376999997], [-9448235.2389, 4321209.3147], [-9448235.9633, 4321209.227600001], [-9448236.6843, 4321209.115500003], [-9448237.401, 4321208.9789], [-9448238.1126, 4321208.817599997], [-9448238.8184, 4321208.631899998], [-9448239.5174, 4321208.422200002], [-9448240.2088, 4321208.188500002], [-9448240.8918, 4321207.931299999], [-9448241.5658, 4321207.650600001], [-9448242.2298, 4321207.347000003], [-9448243.3657, 4321206.828100003], [-9448244.5189, 4321206.349299997], [-9448245.688, 4321205.911200002], [-9448246.8717, 4321205.514300004], [-9448248.0685, 4321205.159199998], [-9448249.2769, 4321204.846199997], [-9448250.4953, 4321204.5757], [-9448251.7225, 4321204.348099999], [-9448252.9568, 4321204.163800001], [-9448254.1966, 4321204.022600003], [-9448255.4407, 4321203.9252], [-9448256.6875, 4321203.871299997], [-9448257.9353, 4321203.861100003], [-9448259.1828, 4321203.8945999965], [-9448260.4283, 4321203.971900001], [-9448261.6703, 4321204.092799999], [-9448262.9074, 4321204.256999999], [-9448264.138, 4321204.464599997], [-9448265.3608, 4321204.715099998], [-9448266.574, 4321205.008500002], [-9448267.7763, 4321205.343999997], [-9448268.9663, 4321205.721500002], [-9448270.1424, 4321206.1404], [-9448271.3031, 4321206.6005000025], [-9448272.4473, 4321207.1008], [-9448273.5734, 4321207.640900001], [-9448274.68, 4321208.2201000005], [-9448275.7658, 4321208.837800004], [-9448276.8295, 4321209.493199997], [-9448277.8697, 4321210.185400002], [-9448278.8854, 4321210.913699999], [-9448279.875, 4321211.677100003], [-9448280.8376, 4321212.474699996], [-9448281.7719, 4321213.305600002], [-9448282.6767, 4321214.1686], [-9448283.5512, 4321215.062899999], [-9448284.3938, 4321215.987300001], [-9448285.2039, 4321216.940700002], [-9448285.9805, 4321217.921899997], [-9448286.7223, 4321218.9296], [-9448287.4289, 4321219.962700002], [-9448288.099, 4321221.020000003], [-9448288.7321, 4321222.100100003], [-9448289.3272, 4321223.201800004], [-9448289.8837, 4321224.323700003], [-9448290.4009, 4321225.464299999], [-9448288.5684, 4321246.117799997], [-9448286.5423, 4321268.9548999965], [-9448273.624, 4321233.834100001], [-9448273.4096, 4321233.2808], [-9448273.1762, 4321232.735200003], [-9448272.9243, 4321232.198100001], [-9448272.6539, 4321231.6701000035], [-9448272.3654, 4321231.151900001], [-9448272.0594, 4321230.6439], [-9448271.736, 4321230.146899998], [-9448271.3957, 4321229.661499999], [-9448271.0388, 4321229.188100003], [-9448270.6659, 4321228.727499999], [-9448270.2774, 4321228.280000001], [-9448269.8737, 4321227.846299998], [-9448269.4552, 4321227.426899999], [-9448269.0225, 4321227.022399999], [-9448268.5762, 4321226.633100003], [-9448268.1167, 4321226.259499997], [-9448267.6446, 4321225.9021999985], [-9448267.1606, 4321225.561399996], [-9448266.665, 4321225.2377], [-9448266.1586, 4321224.931400001], [-9448265.642, 4321224.642999999], [-9448265.1156, 4321224.372500002], [-9448264.5804, 4321224.1206], [-9448264.0367, 4321223.8873], [-9448263.4855, 4321223.673299998], [-9448262.927, 4321223.478500001], [-9448262.3623, 4321223.303099997], [-9448261.7917, 4321223.147500001], [-9448261.2163, 4321223.011799999], [-9448260.6365, 4321222.8961], [-9448260.0531, 4321222.800899997], [-9448259.4666, 4321222.725699998], [-9448258.878, 4321222.671099998], [-9448258.2879, 4321222.637000002], [-9448257.6969, 4321222.623400003], [-9448257.1058, 4321222.6303], [-9448256.5153, 4321222.657799996], [-9448255.9261, 4321222.705700003], [-9448255.3389, 4321222.774300002], [-9448254.7545, 4321222.862999998], [-9448254.1734, 4321222.972099997], [-9448253.5964, 4321223.101300001], [-9448253.0242, 4321223.250399999], [-9448252.4575, 4321223.419500001], [-9448251.897, 4321223.608000003], [-9448251.3433, 4321223.815899998], [-9448250.7971, 4321224.042999998], [-9448250.259, 4321224.288800001], [-9448249.0134, 4321224.858400002], [-9448247.749, 4321225.384800002], [-9448246.4674, 4321225.867600001], [-9448245.1702, 4321226.305799998], [-9448243.8588, 4321226.6994], [-9448242.5348, 4321227.047700003], [-9448241.1996, 4321227.350299999], [-9448239.855, 4321227.606700003], [-9448238.5024, 4321227.8169], [-9448237.1434, 4321227.9804000035], [-9448235.7797, 4321228.097199999], [-9448234.4128, 4321228.167000003], [-9448233.0443, 4321228.189800002], [-9448231.6758, 4321228.1657000035], [-9448230.3089, 4321228.094400004], [-9448228.9454, 4321227.976300001], [-9448227.5865, 4321227.811399996], [-9448226.2342, 4321227.5999], [-9448224.8898, 4321227.342], [-9448223.5549, 4321227.038199998], [-9448222.2312, 4321226.688500002], [-9448220.9202, 4321226.293700002], [-9448219.6235, 4321225.854099996], [-9448218.3424, 4321225.369999997], [-9448217.0786, 4321224.8423999995], [-9448215.8334, 4321224.271600001], [-9448214.6085, 4321223.658399999], [-9448213.4052, 4321223.003399998], [-9448212.2248, 4321222.307300001], [-9448211.0689, 4321221.5713], [-9448209.9387, 4321220.795999996], [-9448208.8356, 4321219.982199997], [-9448147.0263, 4321172.728600003], [-9448144.9254, 4321171.063100003], [-9448142.8839, 4321169.324500002], [-9448140.9044, 4321167.515000001], [-9448138.9894, 4321165.6369], [-9448137.1412, 4321163.692400001], [-9448135.362, 4321161.683899999], [-9448133.6543, 4321159.614], [-9448132.0198, 4321157.485100001], [-9448130.4608, 4321155.300099999], [-9448128.979, 4321153.0612], [-9448127.5765, 4321150.771700002], [-9448126.2548, 4321148.434], [-9448125.0156, 4321146.051100001], [-9448123.8604, 4321143.626100004], [-9448102.881, 4321097.521600001], [-9448102.3515, 4321096.358099997], [-9448097.7455, 4321085.777800001], [-9448093.4894, 4321075.050899997], [-9448089.5879, 4321064.1888], [-9448044.1723, 4320930.904200003], [-9448044.044, 4320930.547700003], [-9448043.9032, 4320930.196099997], [-9448043.7504, 4320929.849299997], [-9448043.5855, 4320929.508299999], [-9448043.4091, 4320929.173299998], [-9448043.2211, 4320928.844499998], [-9448043.0217, 4320928.522600003], [-9448042.8113, 4320928.207900003], [-9448042.5902, 4320927.900700003], [-9448042.3585, 4320927.601499997], [-9448042.1166, 4320927.310400002], [-9448041.8647, 4320927.028099999], [-9448041.6032, 4320926.754699998], [-9448041.3323, 4320926.490699999], [-9448041.0525, 4320926.236400001], [-9448040.7639, 4320925.991999999], [-9448040.4671, 4320925.7579], [-9448040.1624, 4320925.5342999995], [-9448039.85, 4320925.321400002], [-9448039.5305, 4320925.119599998], [-9448039.2041, 4320924.929200001], [-9448038.8714, 4320924.750299998], [-9448038.5326, 4320924.5830999985], [-9448038.1882, 4320924.428000003], [-9448037.8387, 4320924.284900002], [-9448037.4845, 4320924.154200003], [-9448037.1258, 4320924.035899997], [-9448036.7633, 4320923.930299997], [-9448036.3974, 4320923.8376], [-9448036.0285, 4320923.7575], [-9448035.6569, 4320923.690499999], [-9448035.2833, 4320923.636600003], [-9448034.9082, 4320923.5956000015], [-9448033.7713, 4320923.472000003], [-9448032.6395, 4320923.308700003], [-9448031.5139, 4320923.105899997], [-9448030.3961, 4320922.864299998], [-9448029.2872, 4320922.5836], [-9448028.1887, 4320922.2645], [-9448027.102, 4320921.907300003], [-9448026.0282, 4320921.5123], [-9448024.9688, 4320921.0801], [-9448023.925, 4320920.611299999], [-9448022.8979, 4320920.1065], [-9448021.8889, 4320919.565899998], [-9448020.8992, 4320918.990699999], [-9448019.93, 4320918.381200001], [-9448018.9825, 4320917.738200001], [-9448018.0577, 4320917.062700003], [-9448017.157, 4320916.355300002], [-9448016.2811, 4320915.616899997], [-9448015.4313, 4320914.8483000025], [-9448014.6086, 4320914.050700001], [-9448013.814, 4320913.224799998], [-9448002.6658, 4320901.228399999], [-9448001.6444, 4320900.091600001], [-9448000.6614, 4320898.921099998], [-9447999.7181, 4320897.7183], [-9447998.8153, 4320896.484399997], [-9447997.9542, 4320895.220799997], [-9447997.1358, 4320893.928900003], [-9447996.3608, 4320892.610299997], [-9447995.6303, 4320891.266400002], [-9447994.945, 4320889.898500003], [-9447994.3057, 4320888.508400001], [-9447993.7131, 4320887.097599998], [-9447993.1678, 4320885.6677], [-9447992.6706, 4320884.220299996], [-9447992.2219, 4320882.756800003], [-9447991.8223, 4320881.279100001], [-9447991.4721, 4320879.788900003], [-9447991.1719, 4320878.287600003], [-9447990.9218, 4320876.777099997], [-9447990.7222, 4320875.259099998], [-9447986.8958, 4320841.844899997], [-9447986.5056, 4320838.861400001], [-9447986.0195, 4320835.891999997], [-9447985.4382, 4320832.939999998], [-9447984.7625, 4320830.008299999], [-9447983.9929, 4320827.100299999], [-9447983.13, 4320824.218500003], [-9447982.1751, 4320821.366300002], [-9447981.1291, 4320818.546499997], [-9447979.9929, 4320815.762100004], [-9447979.1395, 4320813.6701000035], [-9447978.3544, 4320811.551399998], [-9447977.6382, 4320809.4081000015], [-9447976.9919, 4320807.242600001], [-9447976.416, 4320805.057099998], [-9447975.9112, 4320802.8539], [-9447975.4779, 4320800.635399997], [-9447975.1168, 4320798.404100001], [-9447974.828, 4320796.1620000005], [-9447974.6121, 4320793.911600001], [-9447974.4691, 4320791.6554000005], [-9447974.3992, 4320789.395800002], [-9447974.4027, 4320787.1351], [-9447975.6677, 4320715.577600002], [-9447975.7707, 4320712.568499997], [-9447975.9729, 4320709.5647], [-9447976.2745, 4320706.5691], [-9447976.6748, 4320703.5852999985], [-9447977.1735, 4320700.616599999], [-9447977.7701, 4320697.666000001], [-9447978.4638, 4320694.737000003], [-9447979.2539, 4320691.832699999], [-9447980.1396, 4320688.956299998], [-9447981.1198, 4320686.111100003], [-9447982.1936, 4320683.300099999], [-9447983.3597, 4320680.526500002], [-9447984.6167, 4320677.793200001], [-9447984.9941, 4320676.972000003], [-9447985.3434, 4320676.138400003], [-9447985.6643, 4320675.293300003], [-9447985.9565, 4320674.437799998], [-9447986.2197, 4320673.572800003], [-9447986.4535, 4320672.699299999], [-9447986.6575, 4320671.818400003], [-9447986.8317, 4320670.931100003], [-9447986.9758, 4320670.038199998], [-9447987.0896, 4320669.141099997], [-9447987.1731, 4320668.240500003], [-9447987.2261, 4320667.3374999985], [-9447987.2485, 4320666.433300003], [-9447987.2404, 4320665.528999999], [-9447987.2016, 4320664.625399999], [-9447987.1324, 4320663.7236], [-9447987.0327, 4320662.824600004], [-9447986.9108, 4320661.726300001], [-9447986.826, 4320660.624499999], [-9447986.7783, 4320659.520300001], [-9447986.7679, 4320658.4152000025], [-9447986.7946, 4320657.3103], [-9447986.8587, 4320656.2070999965], [-9447986.9597, 4320655.106600001], [-9447987.0978, 4320654.0101], [-9447987.2728, 4320652.919], [-9447987.4844, 4320651.8345], [-9447987.7323, 4320650.7579], [-9447988.0165, 4320649.690099999], [-9447988.3363, 4320648.632799998], [-9447988.6916, 4320647.5867], [-9447989.082, 4320646.553499997], [-9447989.5069, 4320645.534100004], [-9447989.9659, 4320644.529700004], [-9447990.4585, 4320643.5414], [-9447990.9842, 4320642.570500001], [-9447991.5421, 4320641.618000001], [-9447992.1319, 4320640.685000002], [-9447992.7527, 4320639.772500001], [-9447993.4038, 4320638.881700002], [-9447994.0846, 4320638.013499998], [-9447995.0385, 4320636.838600002], [-9447876.1317, 4320623.650399998], [-9447790.2322, 4320684.802500002], [-9447757.7271, 4320711.619599998], [-9447755.2047, 4320721.3609], [-9447719.4068, 4320747.810099997], [-9447698.3201, 4320742.0217999965], [-9447667.028, 4320732.5726], [-9447653.4441, 4320725.762199998], [-9447639.8644, 4320715.932300001], [-9447631.5675, 4320706.094499998], [-9447624.0257, 4320693.974399999], [-9447616.476, 4320674.286600001], [-9447613.4417, 4320659.146700002], [-9447611.1666, 4320636.431100003], [-9447609.6432, 4320598.560000002], [-9447611.8846, 4320566.748599999], [-9447612.6208, 4320529.648000002], [-9447611.1004, 4320509.198600002], [-9447593.6957, 4320410.003799997], [-9447580.8456, 4320348.672399998], [-9447575.5598, 4320335.794699997], [-9447570.2858, 4320329.739], [-9447564.2406, 4320326.710699998], [-9447554.4505, 4320327.4767], [-9447538.6189, 4320331.278300002], [-9447522.0366, 4320338.853399999], [-9447499.4204, 4320352.508400001], [-9447463.991, 4320376.753899999], [-9447450.4311, 4320383.5876], [-9447442.1299, 4320385.852600001], [-9447435.3543, 4320385.106899999], [-9447427.8039, 4320381.324699998], [-9447423.2804, 4320376.031000003], [-9447402.9033, 4320342.715499997], [-9447390.834, 4320328.333899997], [-9447381.7871, 4320320.008100003], [-9447357.6473, 4320307.149700001], [-9447332.7608, 4320299.593099996], [-9447324.4683, 4320295.8068], [-9447325.9694, 4320292.783200003], [-9447328.0509, 4320291.583700001], [-9447331.2442, 4320289.743299998], [-9447343.3066, 4320287.461900003], [-9447389.3037, 4320282.896200001], [-9447405.1232, 4320274.559100002], [-9447412.6623, 4320264.710000001], [-9447421.7069, 4320248.805500001], [-9447427.7169, 4320229.106299996], [-9447438.9995, 4320177.601800002], [-9447442.7654, 4320165.482699998], [-9447449.5417, 4320152.609899998], [-9447463.1056, 4320140.483000003], [-9447476.6815, 4320132.904200003], [-9447512.8561, 4320116.9760000035], [-9447523.4135, 4320109.392700002], [-9447546.0174, 4320082.1193], [-9447557.313, 4320073.023900002], [-9447567.8698, 4320067.726899996], [-9447577.672, 4320066.961199999], [-9447587.478, 4320069.985100001], [-9447619.1514, 4320085.108499996], [-9447634.2274, 4320090.398199998], [-9447639.5101, 4320090.3901999965], [-9447650.8094, 4320085.084600002], [-9447656.088, 4320079.025200002], [-9447670.3989, 4320050.239600003], [-9447683.204, 4320032.056900002], [-9447695.9973, 4320002.517300002], [-9447700.5214, 4319996.4538], [-9447715.5981, 4319983.577100001], [-9447761.5705, 4319954.009499997], [-9447781.9134, 4319937.3347999975], [-9447797.7406, 4319920.672499999], [-9447802.5905, 4319913.602600001], [-9447470.4509, 4319554.773000002], [-9446432.4175, 4318856.145900004], [-9446400.1006, 4318834.393399999], [-9446353.5546, 4318803.062899999], [-9446354.5909, 4318712.853], [-9446476.5687, 4318157.270000003], [-9446257.0663, 4317990.845899999], [-9446290.1253, 4317918.773500003], [-9445881.883, 4317875.872100003], [-9445912.9086, 4317796.589900002], [-9445831.2978, 4317766.566299997], [-9445788.5888, 4317751.333999999], [-9445768.5073, 4317743.933600001], [-9445724.2168, 4317716.5955], [-9445688.7093, 4317696.429700002], [-9445658.6749, 4317675.910099998], [-9445624.3111, 4317679.533299997], [-9445598.5817, 4317667.679799996], [-9445576.067, 4317645.318899997], [-9445571.0188, 4317640.305100001], [-9445522.1251, 4317594.243100002], [-9445482.4049, 4317578.7695999965], [-9445470.5918, 4317567.180799998], [-9445467.6089, 4317551.076200001], [-9445449.7373, 4317509.785099998], [-9445428.9028, 4317479.650799997], [-9445409.6832, 4317456.333999999], [-9445386.1876, 4317428.0955], [-9445371.6569, 4317402.121399999], [-9445347.6985, 4317365.704599999], [-9445330.5962, 4317346.965300001], [-9445308.6551, 4317328.450800002], [-9445277.4558, 4317294.311999999], [-9445269.5829, 4317291.934900001], [-9445236.1198, 4317304.264399998], [-9445185.5576, 4317291.317400001], [-9445150.8264, 4317264.0363000035], [-9445112.0459, 4317264.560699999], [-9445071.9405, 4317270.508699998], [-9445035.4472, 4317240.573700003], [-9444997.7929, 4317220.438000001], [-9444997.0304, 4317130.2663], [-9444997.6543, 4317124.182899997], [-9444948.7958, 4317099.068000004], [-9444878.0948, 4317061.598999999], [-9444817.652, 4317055.555799998], [-9444778.5556, 4317062.520900004], [-9444690.0288, 4317096.563199997], [-9444645.3686, 4317134.1489999965], [-9444617.8526, 4317142.684699997], [-9444530.721, 4317200.4472], [-9444463.6358, 4317256.371299997], [-9444421.787, 4317304.3116], [-9444410.8121, 4317347.6602], [-9444411.0936, 4317398.763300002], [-9444436.008, 4317437.479099996], [-9444418.7339, 4317456.056900002], [-9444424.2548, 4317480.852799997], [-9444421.7461, 4317501.857000001], [-9444414.8974, 4317517.888300002], [-9444399.3919, 4317538.638499998], [-9444403.04, 4317559.826099999], [-9444375.837, 4317617.058399998], [-9444337.3332, 4317645.2126], [-9444322.6733, 4317674.992899999], [-9444301.6731, 4317706.4472], [-9444275.2648, 4317773.719999999], [-9444216.6424, 4317797.019699998], [-9444208.2233, 4317837.155000001], [-9444159.5083, 4317850.784400001], [-9444088.0033, 4317891.3002], [-9444067.0899, 4317879.173900001], [-9443992.1792, 4317838.3939], [-9443962.4041, 4317835.289800003], [-9443917.6514, 4317835.855499998], [-9443847.7207, 4317874.580300003], [-9443753.1653, 4317878.651900001], [-9443733.419, 4317884.067400001], [-9443690.7234, 4317885.715400003], [-9443651.6674, 4317883.936999999], [-9443583.6547, 4317880.8396999985], [-9443447.8139, 4317835.0352], [-9443413.5527, 4317823.8103], [-9443326.8858, 4317786.5581], [-9443268.4816, 4317761.354099996], [-9443268.2214, 4317761.241800003], [-9443172.506, 4317719.4657000005], [-9443112.1565, 4317698.886299998], [-9442981.2501, 4317655.289499998], [-9442979.887, 4317654.835600004], [-9442910.3471, 4317631.370300002], [-9442836.2763, 4317606.244800001], [-9442760.6148, 4317582.698399998], [-9442740.0364, 4317723.695200004], [-9442614.8545, 4317677.735100001], [-9441990.8403, 4317448.606700003], [-9441702.2157, 4317386.823899999], [-9441466.6657, 4317929.596600004], [-9441402.4743, 4317906.507100001], [-9441348.8893, 4317887.2324], [-9441198.7885, 4317914.618100002], [-9441038.7165, 4318013.314199999], [-9440848.0323, 4317927.215499997], [-9440873.9759, 4317746.536399998], [-9440913.6678, 4317668.986400001], [-9440714.2389, 4317254.506499998], [-9440653.0269, 4317217.990599997], [-9440570.2184, 4317263.700000003], [-9440536.9276, 4317312.886100002], [-9440235.7661, 4317398.428800002], [-9440163.0914, 4317452.028399996], [-9440035.642, 4317478.163900003], [-9439932.4945, 4317557.640100002], [-9439645.289, 4317580.130900003], [-9439541.4457, 4317868.177199997], [-9439531.9788, 4317863.134999998], [-9439531.767, 4317863.430799998], [-9439531.5539, 4317863.726499997], [-9439531.3399, 4317864.021499999], [-9439531.1245, 4317864.3156], [-9439530.9075, 4317864.608999997], [-9439530.6898, 4317864.900899999], [-9439530.4706, 4317865.192000002], [-9439530.2507, 4317865.482299998], [-9439530.0292, 4317865.771899998], [-9439529.8071, 4317866.060599998], [-9439529.5827, 4317866.348700002], [-9439529.3583, 4317866.635200001], [-9439529.1323, 4317866.921599999], [-9439528.905, 4317867.206600003], [-9439528.6768, 4317867.4899], [-9439528.4471, 4317867.773400001], [-9439528.2168, 4317868.055299997], [-9439527.985, 4317868.336400002], [-9439527.7523, 4317868.616700001], [-9439527.5182, 4317868.896200001], [-9439527.2825, 4317869.173500001], [-9439527.0462, 4317869.452299997], [-9439526.8091, 4317869.728], [-9439526.5705, 4317870.003700003], [-9439526.3312, 4317870.277999997], [-9439521.8308, 4317875.045900002], [-9439492.7541, 4317903.6765], [-9439262.3409, 4317776.433399998], [-9439188.495, 4317911.328299999], [-9438963.6192, 4317787.134800002], [-9438950.9571, 4317780.1417], [-9438970.2941, 4317748.552000001], [-9438965.7985, 4317739.193899997], [-9438948.1112, 4317702.375], [-9438930.6309, 4317681.891199999], [-9438902.746, 4317661.441], [-9438877.8761, 4317649.3204], [-9438840.9495, 4317634.924900003], [-9438827.3837, 4317632.652599998], [-9438805.5266, 4317631.1351], [-9438786.6835, 4317634.158500001], [-9438768.5834, 4317640.962899998], [-9438761.0472, 4317645.511500001], [-9438744.4587, 4317663.6674000025], [-9438738.4208, 4317675.778300002], [-9438718.8071, 4317740.127499998], [-9438695.4208, 4317804.4777000025], [-9438688.4494, 4317846.3325999975], [-9438692.2144, 4317869.0407000035], [-9438691.4566, 4317887.210500002], [-9438687.6888, 4317896.292499997], [-9438658.2806, 4317925.063500002], [-9438652.2446, 4317934.9011999965], [-9438644.7031, 4317950.046499997], [-9438639.4232, 4317967.454700001], [-9438634.1409, 4317996.975400001], [-9438630.37, 4318004.554399997], [-9438623.5874, 4318005.306299999], [-9438599.471, 4318003.028700002], [-9438585.9009, 4318005.302599996], [-9438561.0911, 4318022.4070999995], [-9438551.4165, 4318081.240699999], [-9438550.8235, 4318084.846199997], [-9438547.8928, 4318107.513899997], [-9438386.2722, 4318290.7277000025], [-9438364.193, 4318307.0669], [-9438340.8292, 4318319.958899997], [-9438336.8203, 4318323.0977], [-9438315.1818, 4318340.0397000015], [-9438198.1012, 4318364.775600001], [-9438011.9487, 4318464.801700003], [-9437799.9452, 4318440.297399998], [-9437775.9896, 4318435.803999998], [-9437780.9769, 4318377.976499997], [-9437734.4254, 4318397.392099999], [-9437672.5137, 4318320.6686], [-9437655.1928, 4318292.825400002], [-9437618.6615, 4318377.277000003], [-9437515.5968, 4318509.329700001], [-9437413.1464, 4318598.498099998], [-9437398.9761, 4318610.831200004], [-9437233.9333, 4318718.566200003], [-9437084.352, 4318768.7927], [-9437081.1918, 4318769.853799999], [-9436984.7075, 4318768.993299998], [-9436982.9831, 4318768.816500001], [-9436936.621, 4318764.061399996], [-9436871.2023, 4318753.139600001], [-9436825.7945, 4318738.444899999], [-9436787.3756, 4318726.011799999], [-9436642.3004, 4318615.917800002], [-9436597.6998, 4318557.047799997], [-9436569.506, 4318517.001199998], [-9436541.6155, 4318478.934], [-9436496.0682, 4318400.889200002], [-9436469.4354, 4318346.231299996], [-9436445.4022, 4318290.528499998], [-9436430.0495, 4318236.701300003], [-9436428.8188, 4318233.496200003], [-9436386.4302, 4318197.224699996], [-9436346.4172, 4318138.515799999], [-9436331.7101, 4318137.9155], [-9436324.4635, 4318137.747699998], [-9436292.7607, 4318147.076399997], [-9436203.4634, 4318153.026299998], [-9436114.369, 4318143.4760000035], [-9436070.3892, 4318134.2124999985], [-9435994.0231, 4318124.994400002], [-9435935.6323, 4318108.0407000035], [-9435885.5811, 4318093.508400001], [-9435802.8659, 4318070.348899998], [-9435703.4872, 4318036.215300001], [-9435658.9675, 4318039.054499999], [-9435519.9489, 4317965.680699997], [-9435457.2252, 4317920.970700003], [-9435331.7186, 4317810.945200004], [-9435274.6737, 4317793.7223000005], [-9435188.2359, 4317864.7108], [-9435093.0779, 4317905.847900003], [-9434993.9696, 4317925.9684000015], [-9434976.4991, 4317951.225900002], [-9434996.7156, 4317991.319899999], [-9435120.3848, 4318081.300999999], [-9435181.37, 4318144.451800004], [-9435218.0667, 4318211.377899997], [-9435265.2396, 4318395.547499999], [-9435262.954, 4318510.707800001], [-9435230.3169, 4318584.18], [-9435091.6448, 4318724.541000001], [-9434988.8985, 4318779.305699997], [-9434850.2548, 4318805.558799997], [-9434850.2584, 4318805.567599997], [-9434846.5168, 4318806.066799998], [-9434807.272, 4318811.303000003], [-9434749.2465, 4318795.465400003], [-9434746.7176, 4318766.0735], [-9434741.8914, 4318717.601400003], [-9434712.3159, 4318718.104599997], [-9434689.6987, 4318726.933300003], [-9434643.6563, 4318713.323399998], [-9434638.1336, 4318696.750799999], [-9434615.8527, 4318641.5678], [-9434568.8671, 4318662.775799997], [-9434544.4312, 4318663.3576000035], [-9434478.483, 4318658.184799999], [-9434380.365, 4318653.074299999], [-9434340.9148, 4318646.785999998], [-9434300.3015, 4318638.426200002], [-9434224.0535, 4318627.5348000005], [-9434206.3723, 4318616.160999998], [-9434164.4408, 4318588.753399998], [-9434135.3278, 4318590.130099997], [-9434112.7295, 4318584.989699997], [-9434088.7619, 4318566.5942], [-9434027.1698, 4318513.365999997], [-9433971.9815, 4318481.070100002], [-9433946.0163, 4318460.146499999], [-9433873.7901, 4318396.433399998], [-9433840.1548, 4318360.4086000025], [-9433787.4903, 4318306.592500001], [-9433777.6503, 4318259.806500003], [-9433740.8896, 4318255.4614999965], [-9433687.0075, 4318219.191100001], [-9433655.2259, 4318220.410400003], [-9433623.3583, 4318189.271499999], [-9433605.6942, 4318165.084200002], [-9433594.6565, 4318108.088500001], [-9433592.7658, 4318098.961400002], [-9433590.6632, 4318077.011500001], [-9433585.0306, 4318018.207999997], [-9433584.7533, 4318015.608499996], [-9433537.7644, 4317575.0022], [-9433498.2495, 4317535.861299999], [-9433467.5043, 4317305.068800002], [-9433321.0647, 4317269.110799998], [-9433308.0982, 4317184.985600002], [-9433204.0307, 4317161.256800003], [-9433072.2117, 4317209.915899999], [-9433014.6144, 4317197.224399999], [-9432894.2167, 4317007.512800001], [-9432793.3061, 4316849.990199998], [-9432720.2496, 4316793.938299999], [-9432605.151, 4316922.488200001], [-9432482.8031, 4317055.338600002], [-9432482.4502, 4317067.708300002], [-9432420.6016, 4317063.906099997], [-9432359.3686, 4317012.476099998], [-9432291.3209, 4316964.773900002], [-9432254.1758, 4316938.9036], [-9432207.9745, 4316959.145800002], [-9432155.9592, 4316978.437200002], [-9432116.5302, 4316979.812700003], [-9432049.6822, 4316966.104599997], [-9431940.8657, 4316966.738700002], [-9431848.0806, 4317013.926799998], [-9431659.4574, 4316865.521700002], [-9431622.3727, 4316868.847199999], [-9431492.9549, 4316880.451499999], [-9431459.6544, 4316883.437200002], [-9431470.3407, 4316873.007700004], [-9431502.6006, 4316870.073299997], [-9431494.8018, 4316860.5222999975], [-9431506.7992, 4316849.5195999965], [-9431510.2929, 4316600.250200003], [-9431470.7689, 4316468.9023], [-9431494.0031, 4316321.022500001], [-9431484.156, 4316161.126999997], [-9431367.694, 4315840.736599997], [-9431076.6239, 4315558.969300002], [-9430924.0256, 4315294.084899999], [-9430629.2887, 4315177.2788999975], [-9430502.3268, 4315101.407499999], [-9430552.3534, 4315024.195699997], [-9430553.8808, 4315021.7434], [-9430555.3224, 4315019.239299998], [-9430556.6765, 4315016.686399996], [-9430557.9416, 4315014.087700002], [-9430559.1159, 4315011.446599998], [-9430560.1981, 4315008.765900001], [-9430561.1869, 4315006.049099997], [-9430562.0811, 4315003.299500003], [-9430562.8797, 4315000.520400003], [-9430563.5817, 4314997.714900002], [-9430564.186, 4314994.886799999], [-9430564.6923, 4314992.0392], [-9430565.0997, 4314989.1756], [-9430565.4079, 4314986.299699999], [-9430565.6163, 4314983.4147000015], [-9430565.7247, 4314980.524099998], [-9430565.7331, 4314977.631499998], [-9430565.6414, 4314974.7403], [-9430565.4498, 4314971.854199998], [-9430565.1584, 4314968.976400003], [-9430564.7677, 4314966.1105], [-9430564.278, 4314963.2601], [-9430563.69, 4314960.428499997], [-9430563.0044, 4314957.619000003], [-9430562.222, 4314954.835100003], [-9430561.3438, 4314952.080300003], [-9430560.3708, 4314949.357900001], [-9430559.3042, 4314946.670900002], [-9430558.1453, 4314944.0229], [-9430556.8954, 4314941.4169000015], [-9430555.5562, 4314938.856200002], [-9430554.1292, 4314936.343599997], [-9430552.616, 4314933.882399999], [-9430551.0187, 4314931.4755000025], [-9430549.3391, 4314929.125799999], [-9430547.5793, 4314926.836199999], [-9430545.7412, 4314924.609300002], [-9430543.8271, 4314922.447899997], [-9430541.8396, 4314920.354800001], [-9430539.7808, 4314918.3320999965], [-9430414.4103, 4314776.3006], [-9430224.7949, 4314558.7973000035], [-9430214.3972, 4314594.822400004], [-9430190.5306, 4314604.361000001], [-9430160.2935, 4314609.569200002], [-9430105.3632, 4314576.0852999985], [-9430076.0283, 4314581.377099998], [-9429977.3355, 4314513.707800001], [-9429973.0816, 4314498.305299997], [-9429964.6233, 4314499.555500001], [-9429892.3899, 4314462.410899997], [-9429877.5969, 4314426.544500001], [-9429868.9826, 4314420.446099997], [-9429814.1162, 4314424.8532000035], [-9429776.1284, 4314387.299999997], [-9429700.4018, 4314345.061300002], [-9429693.1758, 4314326.998400003], [-9429665.5729, 4314381.2676], [-9429071.3074, 4314235.750500001], [-9428855.2649, 4314388.559299998], [-9428842.7146, 4314446.1461], [-9428685.2251, 4314340.063100003], [-9428737.0147, 4314189.748400003], [-9428807.3822, 4314219.127400003], [-9428908.9502, 4313963.400200002], [-9428953.66, 4313963.660999998], [-9429093.5718, 4313878.211300001], [-9429151.0151, 4313854.238300003], [-9429143.3404, 4313798.715099998], [-9429193.7408, 4313684.572499998], [-9429302.8508, 4313659.269199997], [-9429231.9287, 4313597.7896], [-9428945.0328, 4313613.684699997], [-9428942.7728, 4313613.810000002], [-9428927.7533, 4313614.641900003], [-9428401.4523, 4313643.780500002], [-9428375.1021, 4313960.617700003], [-9428197.1116, 4313952.821999997], [-9428186.0853, 4313972.586000003], [-9428184.0929, 4314023.202600002], [-9428105.9478, 4314157.7124999985], [-9428090.9223, 4314237.0918999985], [-9428049.0004, 4314289.527800001], [-9428127.9665, 4314428.379900001], [-9428143.501, 4314484.300499998], [-9428030.2515, 4314654.4419], [-9427944.039, 4314729.014300004], [-9427820.8822, 4314787.313000001], [-9427705.2697, 4314783.471900001], [-9427670.1498, 4314783.102399997], [-9427494.7167, 4314781.254600003], [-9427404.1595, 4314780.8292], [-9427427.2367, 4314619.129500002], [-9427458.1634, 4314546.891900003], [-9427477.6397, 4314511.261299998], [-9427475.8487, 4314510.125500001], [-9427022.6677, 4314219.935400002], [-9426968.1329, 4314300.044399999], [-9426953.0773, 4314348.455799997], [-9426901.1013, 4314461.704000004], [-9426873.6014, 4314501.207500003], [-9426858.591, 4314528.303800002], [-9426846.7815, 4314547.374700002], [-9426832.9766, 4314579.640100002], [-9426799.5756, 4314714.612099998], [-9426341.1951, 4314211.822800003], [-9426378.1776, 4314174.898500003], [-9426418.9565, 4313981.005800001], [-9426256.6066, 4313128.668399997], [-9426793.9606, 4313158.5735], [-9426848.0229, 4313067.750600003], [-9426835.737, 4312959.214900002], [-9426883.213, 4312805.1404], [-9426855.2065, 4312727.103799999], [-9426830.6451, 4312625.306599997], [-9426795.5124, 4312544.808899999], [-9426722.4003, 4312570.516800001], [-9426653.6848, 4312602.380000003], [-9426593.0289, 4312708.532300003], [-9426500.5795, 4312775.872900002], [-9426449.6067, 4312748.028099999], [-9426407.514, 4312725.240699999], [-9426273.1527, 4312651.578400001], [-9426162.5632, 4312632.286200002], [-9426078.0976, 4312617.4021999985], [-9425981.5288, 4312600.865500003], [-9425668.4704, 4312522.1237], [-9425638.7721, 4312503.358199999], [-9425569.8997, 4312453.9309], [-9425523.7163, 4312419.243699998], [-9425408.3219, 4312334.152500004], [-9425250.6596, 4312228.354599997], [-9425160.0875, 4312103.0352], [-9425075.3667, 4311991.5594], [-9425012.6964, 4312067.196800001], [-9424975.2805, 4312173.486199997], [-9424900.0419, 4312224.3999999985], [-9424862.068, 4312235.059900001], [-9424823.7891, 4312240.6105], [-9424801.0597, 4312239.4799000025], [-9424626.5367, 4312227.786200002], [-9424569.2284, 4312229.786600001], [-9424514.8886, 4312231.249899998], [-9424478.1219, 4312222.894199997], [-9424397.3991, 4312206.415600002], [-9424305.5051, 4312184.3440999985], [-9424295.1771, 4312244.6483], [-9424200.1676, 4312259.630599998], [-9424137.1434, 4312267.689800002], [-9424089.0297, 4312258.582699999], [-9424035.6467, 4312247.2294000015], [-9424004.5129, 4312183.817900002], [-9423950.1553, 4312150.865800001], [-9423918.8295, 4312114.888700001], [-9423859.3342, 4312085.057300001], [-9423775.5305, 4312028.703400001], [-9423720.5947, 4312007.133000001], [-9423635.6854, 4312001.097499996], [-9423498.1476, 4311905.746299997], [-9423431.1391, 4311879.970700003], [-9423359.7332, 4311876.797200002], [-9423293.3104, 4311802.403499998], [-9423235.4056, 4311737.192199998], [-9423167.4913, 4311764.164499998], [-9423100.345, 4311791.697099999], [-9423038.3432, 4311875.181999996], [-9422942.2793, 4311845.930299997], [-9422907.5742, 4311778.364399999], [-9422865.7642, 4311667.639799997], [-9422905.6226, 4311561.203699999], [-9422932.6832, 4311490.822400004], [-9422937.4189, 4311471.493199997], [-9422880.4869, 4311355.195900001], [-9422891.7306, 4311335.805799998], [-9422738.6169, 4311188.321599998], [-9422788.5958, 4311093.272], [-9422801.9196, 4311100.340000004], [-9422827.218, 4311067.213100001], [-9422711.2924, 4310949.499399997], [-9422765.3346, 4310901.027400002], [-9422793.5582, 4310857.8901999965], [-9422820.25, 4310809.023199998], [-9422723.3801, 4310774.5249999985], [-9422822.3486, 4310665.536399998], [-9422972.5302, 4310681.011299998], [-9423237.1085, 4310400.049699999], [-9423259.4689, 4310420.123400003], [-9423286.3143, 4310427.934699997], [-9423382.8943, 4310410.957500003], [-9423416.4359, 4310397.122699998], [-9423441.2372, 4310390.301600002], [-9423462.6264, 4310383.161700003], [-9423480.8597, 4310375.318599999], [-9423528.1366, 4310359.312399998], [-9423551.9308, 4310346.276799999], [-9423552.1187, 4310346.202500001], [-9423560.7975, 4310342.031999998], [-9423563.8312, 4310340.7771999985], [-9423573.0748, 4310333.7092999965], [-9423583.2162, 4310320.439800002], [-9423594.3795, 4310300.993000001], [-9423600.5102, 4310282.189199999], [-9423599.8355, 4310261.008100003], [-9423592.4258, 4310238.8759], [-9423592.0754, 4310232.3314], [-9423592.8216, 4310231.330200002], [-9423593.3594, 4310231.2667], [-9423597.9157, 4310234.170000002], [-9423604.5732, 4310242.289099999], [-9423627.6066, 4310276.8396999985], [-9423630.6547, 4310281.8401999995], [-9423638.6941, 4310291.885300003], [-9423649.6258, 4310307.694899999], [-9423663.0366, 4310320.797499999], [-9423681.1021, 4310325.264600001], [-9423697.8848, 4310319.102399997], [-9423723.99, 4310307.988799997], [-9423739.8307, 4310297.6765], [-9423771.2465, 4310287.9651999995], [-9423793.5045, 4310291.517999999], [-9423825.9582, 4310300.482299998], [-9423850.5059, 4310311.2619], [-9423868.0839, 4310320.550700001], [-9423901.2455, 4310339.642499998], [-9423923.8393, 4310336.110600002], [-9423939.6929, 4310315.486400001], [-9423961.2697, 4310296.682700001], [-9423971.7897, 4310286.038199998], [-9423986.8519, 4310279.001199998], [-9424010.5817, 4310272.990900002], [-9424028.6788, 4310261.874700002], [-9424046.3046, 4310247.131200001], [-9424062.9462, 4310227.685900003], [-9424072.6743, 4310213.4174000025], [-9424081.9376, 4310195.716600001], [-9424082.4347, 4310177.819799997], [-9424086.6097, 4310161.512699999], [-9424093.6068, 4310146.667599998], [-9424111.8082, 4310123.230099998], [-9424123.4719, 4310108.917000003], [-9424144.4364, 4310096.418700002], [-9424175.6724, 4310087.238799997], [-9424202.1261, 4310076.686099999], [-9424230.9677, 4310064.251500003], [-9424251.7926, 4310056.820600003], [-9424266.4367, 4310055.0836], [-9424270.0474, 4310059.639700003], [-9424279.2498, 4310084.590300001], [-9424282.3155, 4310072.272], [-9424290.3951, 4310063.878600001], [-9424313.6675, 4310079.078400001], [-9424343.137, 4310120.095200002], [-9424347.3032, 4310139.5886999965], [-9424356.0279, 4310167.020900004], [-9424364.9834, 4310185.993600003], [-9424399.9061, 4310155.930200003], [-9424422.9639, 4310121.810500003], [-9424437.0594, 4310116.8759], [-9424545.896, 4310078.7727999985], [-9424558.6017, 4310076.464599997], [-9424570.2311, 4310073.974600002], [-9424579.346, 4310130.968000002], [-9424583.4533, 4310190.974799998], [-9424664.5831, 4310222.8169], [-9424751.2143, 4310316.361400001], [-9424845.8876, 4310339.845899999], [-9424917.6317, 4310334.978299998], [-9425014.1326, 4310328.430500001], [-9424854.4371, 4310568.6241], [-9424703.0921, 4310688.5233], [-9424428.4997, 4310670.672799997], [-9424321.7631, 4310680.547399998], [-9424106.7277, 4310782.618699998], [-9423950.5249, 4310856.760499999], [-9423662.7775, 4310930.211900003], [-9423603.1649, 4310980.616999999], [-9423609.1362, 4311143.523000002], [-9423744.6081, 4311177.174099997], [-9423944.0437, 4311226.710699998], [-9424157.381, 4311307.419200003], [-9424309.2815, 4311364.8825], [-9424488.2907, 4311398.868600003], [-9424697.2502, 4311438.537100002], [-9424883.9637, 4311425.045999996], [-9425086.0873, 4311410.437799998], [-9425323.9677, 4311526.367700003], [-9425618.8452, 4311703.497000001], [-9425737.4554, 4311835.253600001], [-9425860.753, 4311972.2141999975], [-9425590.4846, 4312083.344800003], [-9425591.5745, 4312085.6646], [-9425589.7554, 4312109.984899998], [-9425678.625, 4312177.310599998], [-9425750.4795, 4312215.8336], [-9425775.3482, 4312226.4309], [-9425831.8466, 4312246.110100001], [-9425890.6085, 4312262.768299997], [-9425981.0147, 4312283.962800004], [-9426039.7544, 4312307.425800003], [-9426128.6467, 4312336.958700001], [-9426231.8473, 4312377.8147], [-9426247.677, 4312382.360299997], [-9426264.2413, 4312385.399899997], [-9426296.6353, 4312386.162199996], [-9426313.2145, 4312384.646899998], [-9426330.5432, 4312381.625600003], [-9426349.3785, 4312376.336099997], [-9426370.4772, 4312368.016099997], [-9426390.8116, 4312357.437100001], [-9426408.1477, 4312345.315300003], [-9426445.8183, 4312313.550800003], [-9426466.1675, 4312294.642800003], [-9426555.0672, 4312208.367700003], [-9426599.5135, 4312162.985299997], [-9426617.5917, 4312147.8609], [-9426635.67, 4312135.004600003], [-9426653.0062, 4312127.4196000025], [-9426677.118, 4312120.6241], [-9426686.1571, 4312119.8527000025], [-9426699.701, 4312122.883100003], [-9426716.2876, 4312128.943899997], [-9426739.6425, 4312143.3244], [-9426797.6399, 4312183.426700003], [-9426830.0339, 4312207.642300002], [-9426841.3217, 4312219.001699999], [-9426866.94, 4312250.022100002], [-9426973.1611, 4312388.503899999], [-9426997.2507, 4312409.689499997], [-9427019.099, 4312421.039999999], [-9427026.639, 4312430.131399997], [-9427036.4203, 4312448.295699999], [-9427038.7061, 4312456.606600001], [-9427040.1977, 4312486.121600002], [-9427043.2108, 4312510.337899998], [-9427052.25, 4312535.298100002], [-9427066.5582, 4312559.514600001], [-9427076.3618, 4312573.142800003], [-9427114.0101, 4312614.752499998], [-9427120.7931, 4312627.6184], [-9427129.0827, 4312649.5669], [-9427132.0883, 4312662.4419], [-9427133.6023, 4312679.1008], [-9427134.337, 4312761.568300001], [-9427137.3574, 4312775.178300001], [-9427142.6414, 4312786.529100001], [-9427170.5159, 4312820.600199997], [-9427178.0336, 4312836.4969], [-9427184.0671, 4312856.921099998], [-9427186.3232, 4312869.015900001], [-9427187.0802, 4312882.644500002], [-9427186.3232, 4312899.294299997], [-9427177.2766, 4312986.318800002], [-9427164.4601, 4313040.796599999], [-9427102.6778, 4313190.639799997], [-9427083.0781, 4313236.045000002], [-9427069.5268, 4313260.244499996], [-9427060.4802, 4313273.855099998], [-9427037.1254, 4313319.288199998], [-9427019.0323, 4313344.250299998], [-9427000.1896, 4313367.715499997], [-9426981.3617, 4313397.223899998], [-9426952.7229, 4313447.9199], [-9426900.0874, 4313475.4011999965], [-9426880.6922, 4313506.226099998], [-9426879.3035, 4313535.288999997], [-9426855.7776, 4313576.086199999], [-9426840.4315, 4313602.9548999965], [-9426830.8365, 4313647.952200003], [-9426824.4266, 4313678.953000002], [-9426823.9966, 4313711.037699997], [-9426825.7794, 4313727.107000001], [-9426840.575, 4313741.346500002], [-9426856.3428, 4313757.604999997], [-9426877.9295, 4313786.978799999], [-9426899.6103, 4313809.334200002], [-9426915.3783, 4313825.592699997], [-9426938.1122, 4313843.951200001], [-9426976.7212, 4313870.546400003], [-9427004.4769, 4313886.9668999985], [-9427043.1534, 4313908.548799999], [-9427102.6335, 4313943.448600002], [-9427186.8195, 4313998.7381], [-9427269.8723, 4314032.925800003], [-9427285.7094, 4314040.5031], [-9427306.8081, 4314045.793399997], [-9427327.8995, 4314048.824299999], [-9427379.9005, 4314052.6083], [-9427395.7153, 4314056.401600003], [-9427411.5375, 4314063.9789], [-9427446.9594, 4314086.664899997], [-9427467.2938, 4314102.563500002], [-9427523.0574, 4314164.633599997], [-9427548.6831, 4314189.597599998], [-9427559.9709, 4314195.659599997], [-9427572.795, 4314199.443599999], [-9427598.4059, 4314201.721500002], [-9427622.5177, 4314197.928099997], [-9427649.6352, 4314188.091300003], [-9427682.8009, 4314171.448600002], [-9427703.8923, 4314158.571699999], [-9427733.2806, 4314135.876199998], [-9427749.5545, 4314101.709700003], [-9427758.7292, 4314075.261399999], [-9427780.7447, 4314048.180399999], [-9427805.1231, 4314024.351899996], [-9427846.7694, 4313968.547399998], [-9427850.2128, 4313950.879500002], [-9427856.0831, 4313931.633699998], [-9427874.4206, 4313879.542599998], [-9427897.9537, 4313858.923699997], [-9427925.7423, 4313819.842600003], [-9427940.7008, 4313780.589500003], [-9427978.1538, 4313736.285899997], [-9427985.6865, 4313720.387800001], [-9428015.8096, 4313675.724600002], [-9428040.6931, 4313630.3266], [-9428058.7714, 4313607.641599998], [-9428072.3376, 4313594.756099999], [-9428088.145, 4313583.4043999985], [-9428137.8751, 4313555.401900001], [-9428149.9273, 4313546.318599999], [-9428203.42, 4313488.045199998], [-9428218.4927, 4313475.949699998], [-9428234.3223, 4313465.342], [-9428295.3329, 4313429.019000001], [-9428309.6486, 4313418.420500003], [-9428322.4503, 4313407.068999998], [-9428334.5099, 4313393.449100003], [-9428345.82, 4313378.3046], [-9428366.9113, 4313343.497199997], [-9428397.0344, 4313291.258699998], [-9428414.3705, 4313251.1708], [-9428425.6658, 4313231.4804000035], [-9428439.2393, 4313212.5798999965], [-9428471.6333, 4313177.754600003], [-9428519.0851, 4313119.474100001], [-9428549.223, 4313065.758000001], [-9428560.5182, 4313049.107900001], [-9428576.3479, 4313034.726199999], [-9428610.2483, 4313010.508699998], [-9428628.3266, 4313000.672899999], [-9428649.418, 4312992.352399997], [-9428670.5167, 4312986.291199997], [-9428714.206, 4312978.714599997], [-9428722.5029, 4312974.1778], [-9428737.5608, 4312957.527900003], [-9428763.9213, 4312941.640000001], [-9428843.7819, 4312914.364600003], [-9428878.4393, 4312909.0748], [-9429004.2601, 4312906.035099998], [-9429105.2194, 4312892.406499997], [-9429130.8304, 4312892.406499997], [-9429149.6657, 4312893.921800002], [-9429192.6127, 4312900.726899996], [-9429328.2222, 4312924.163599998], [-9429350.8348, 4312926.422799997], [-9429378.7093, 4312927.166599996], [-9429406.5911, 4312926.404299997], [-9429426.9181, 4312923.3737], [-9429483.3179, 4312899.2163999975], [-9429505.4586, 4312885.859399997], [-9429530.3635, 4312886.357000001], [-9429547.892, 4312881.524300002], [-9429574.603, 4312877.326399997], [-9429614.4799, 4312867.354599997], [-9429637.8686, 4312877.189300001], [-9429647.6647, 4312872.643399999], [-9429658.9673, 4312869.6219], [-9429680.8156, 4312866.591300003], [-9429692.8752, 4312868.106600001], [-9429715.7352, 4312867.7751], [-9429730.1337, 4312864.848700002], [-9429755.8518, 4312857.007200003], [-9429773.7271, 4312855.2958], [-9429791.1941, 4312855.137599997], [-9429814.9111, 4312853.688500002], [-9429869.146, 4312841.566100001], [-9429959.5597, 4312828.699900001], [-9429986.6772, 4312824.906999998], [-9430062.7752, 4312824.135600001], [-9430106.4718, 4312819.580700003], [-9430123.0436, 4312821.848899998], [-9430143.3928, 4312830.913099997], [-9430153.9384, 4312833.943700001], [-9430163.7345, 4312833.943700001], [-9430186.3101, 4312824.098999999], [-9430193.1081, 4312824.098999999], [-9430208.1733, 4312828.6448], [-9430215.7059, 4312829.3977999985], [-9430225.5021, 4312828.6448], [-9430256.3969, 4312818.037799999], [-9430264.6791, 4312816.522500001], [-9430271.4548, 4312816.522500001], [-9430303.1066, 4312823.309100002], [-9430309.1253, 4312822.556100003], [-9430340.0201, 4312804.372699998], [-9430353.5788, 4312783.186300002], [-9430364.1171, 4312772.588399999], [-9430378.4254, 4312763.515100002], [-9430400.2737, 4312752.164300002], [-9430424.3781, 4312737.0205999985], [-9430434.1742, 4312728.700400002], [-9430469.5738, 4312683.2883], [-9430475.585, 4312677.980099998], [-9430491.0203, 4312646.390000001], [-9430501.5449, 4312632.4375], [-9430518.8575, 4312607.820299998], [-9430540.9661, 4312583.637400001], [-9430566.1948, 4312546.799000002], [-9430569.9155, 4312520.237199999], [-9430561.9435, 4312480.176399998], [-9430557.8845, 4312451.57], [-9430558.5542, 4312428.5879999995], [-9430556.4969, 4312388.1417], [-9430561.19, 4312368.179300003], [-9430563.8272, 4312335.953100003], [-9430572.1598, 4312320.117799997], [-9430580.8423, 4312305.770499997], [-9430590.8077, 4312286.011100002], [-9430594.004, 4312267.512500003], [-9430601.1611, 4312256.853299998], [-9430619.6934, 4312251.906099997], [-9430637.7403, 4312255.851800002], [-9430668.3534, 4312248.864799999], [-9430706.9602, 4312216.005400002], [-9430718.5246, 4312194.516599998], [-9430730.1857, 4312191.064300001], [-9430745.7508, 4312187.050700001], [-9430788.0414, 4312172.914300002], [-9430807.0251, 4312161.668899998], [-9430844.4534, 4312139.439400002], [-9430871.6094, 4312124.5933], [-9430887.2113, 4312117.7531], [-9430907.1263, 4312123.204400003], [-9430916.1729, 4312123.204400003], [-9430928.2324, 4312126.216300003], [-9430953.1689, 4312129.744199999], [-9430980.2938, 4312140.483199999], [-9430991.657, 4312144.711400002], [-9431001.7555, 4312142.619199999], [-9431017.2463, 4312144.306000002], [-9431031.4331, 4312144.343500003], [-9431042.7357, 4312142.075400002], [-9431103.7611, 4312145.078199998], [-9431135.3981, 4312136.740000002], [-9431194.16, 4312136.740000002], [-9431216.7578, 4312135.1972], [-9431298.125, 4312119.2924000025], [-9431319.951, 4312118.530100003], [-9431339.5581, 4312120.036200002], [-9431357.9201, 4312112.573799998], [-9431379.7032, 4312101.360799998], [-9431400.7319, 4312089.371299997], [-9431426.053, 4312066.706200004], [-9431444.3177, 4312045.737099998], [-9431456.6604, 4312036.1888], [-9431467.4145, 4312016.2522], [-9431481.9091, 4311997.789099999], [-9431499.4043, 4311983.453599997], [-9431514.6629, 4311945.3257], [-9431512.6245, 4311925.879600003], [-9431526.2797, 4311893.607799999], [-9431541.4892, 4311871.1919], [-9431553.5144, 4311849.557300001], [-9431568.2935, 4311835.103299998], [-9431574.9532, 4311815.5419000015], [-9431573.3365, 4311803.214400001], [-9431572.5007, 4311785.341200002], [-9431582.1078, 4311758.036899999], [-9431586.2921, 4311737.293700002], [-9431596.9907, 4311708.139700003], [-9431602.4996, 4311694.993799999], [-9431612.0382, 4311672.9695999995], [-9431626.0598, 4311634.570699997], [-9431647.3341, 4311615.011], [-9431665.7312, 4311595.960600004], [-9431674.1929, 4311574.6369], [-9431694.1147, 4311547.747400001], [-9431713.963, 4311526.572400004], [-9431745.1926, 4311505.903800003], [-9431771.3159, 4311474.236299999], [-9431776.9262, 4311453.232799999], [-9431785.6513, 4311439.057400003], [-9431812.9059, 4311422.980499998], [-9431831.2655, 4311406.787699997], [-9431874.1441, 4311389.6567], [-9431927.6368, 4311351.0449], [-9431956.9881, 4311327.565899998], [-9431972.8103, 4311316.216600001], [-9431978.8438, 4311313.939300001], [-9431998.6241, 4311299.446199998], [-9432001.9324, 4311291.273199998], [-9432013.0325, 4311281.415600002], [-9432049.6208, 4311267.761699997], [-9432057.9029, 4311262.454300001], [-9432066.1926, 4311257.927599996], [-9432126.4387, 4311232.171400003], [-9432166.3579, 4311202.6504999995], [-9432169.3635, 4311201.897699997], [-9432181.6923, 4311194.6642], [-9432197.5593, 4311189.155299999], [-9432211.1586, 4311183.259599999], [-9432230.4462, 4311177.795299999], [-9432291.3845, 4311145.849699996], [-9432351.6158, 4311087.534000002], [-9432359.898, 4311082.263599999], [-9432382.4736, 4311049.8891], [-9432394.788, 4311033.208999999], [-9432413.5528, 4311013.091600001], [-9432430.5655, 4310990.807999998], [-9432445.241, 4310984.211599998], [-9432466.8429, 4310964.8455], [-9432478.5181, 4310942.507700004], [-9432525.7421, 4310920.792999998], [-9432552.6561, 4310913.2839], [-9432591.8359, 4310903.6000000015], [-9432637.0093, 4310886.934799999], [-9432662.7869, 4310867.561700001], [-9432680.2807, 4310848.8565], [-9432698.8581, 4310834.809100002], [-9432724.2162, 4310827.636600003], [-9432745.7331, 4310817.556400001], [-9432769.7178, 4310814.106399998], [-9432810.23, 4310795.299500003], [-9432857.064, 4310760.5858], [-9432871.0722, 4310736.1197], [-9432908.7109, 4310714.817699999], [-9432957.1252, 4310696.766099997], [-9432979.6544, 4310677.158399999], [-9432999.8609, 4310663.741999999], [-9433014.7465, 4310660.136200003], [-9433051.9492, 4310657.490000002], [-9433060.9883, 4310655.2038], [-9433072.2909, 4310655.2038], [-9433075.304, 4310653.6888], [-9433086.6066, 4310653.679700002], [-9433095.6458, 4310652.1647000015], [-9433118.2436, 4310644.571400002], [-9433131.0306, 4310636.987400003], [-9433169.4506, 4310624.123800002], [-9433225.1846, 4310614.271700002], [-9433241.7638, 4310609.726800002], [-9433277.9055, 4310596.064400002], [-9433300.4959, 4310590.7667], [-9433326.0994, 4310587.7183], [-9433400.0431, 4310582.023900002], [-9433420.3923, 4310576.928499997], [-9433434.3777, 4310568.5361], [-9433455.1007, 4310562.016900003], [-9433490.5492, 4310557.830600001], [-9433505.3588, 4310555.521499999], [-9433517.7502, 4310553.5380000025], [-9433528.5536, 4310550.462800004], [-9433552.0558, 4310553.553400002], [-9433560.3454, 4310548.246399999], [-9433570.1341, 4310545.978600003], [-9433588.2198, 4310545.2163999975], [-9433610.8102, 4310545.960100003], [-9433646.7654, 4310529.075400002], [-9433692.4961, 4310523.592600003], [-9433713.066, 4310520.285700001], [-9433736.5249, 4310522.373999998], [-9433777.2626, 4310524.6679000035], [-9433792.241, 4310531.3072], [-9433807.9961, 4310536.153700002], [-9433852.217, 4310547.082000002], [-9433993.8779, 4310547.817599997], [-9434015.4118, 4310547.602600001], [-9434049.6928, 4310550.011100002], [-9434075.435, 4310549.358199999], [-9434094.6994, 4310556.986199997], [-9434118.2456, 4310555.566699997], [-9434143.457, 4310558.104699999], [-9434162.8125, 4310558.599399999], [-9434191.8919, 4310557.004699998], [-9434213.6036, 4310556.545299999], [-9434242.0439, 4310559.9529], [-9434251.0831, 4310560.715099998], [-9434255.6026, 4310558.438000001], [-9434284.234, 4310556.1516999975], [-9434318.9434, 4310561.183399998], [-9434321.1921, 4310562.046300001], [-9434488.1639, 4310626.116099998], [-9434512.2609, 4310632.9472], [-9434656.865, 4310664.064199999], [-9434698.2981, 4310678.451899998], [-9434707.3373, 4310679.223099999], [-9434748.0282, 4310661.089299999], [-9434755.5609, 4310661.842100002], [-9434763.8431, 4310665.643299997], [-9434772.1252, 4310672.465499997], [-9434777.3943, 4310680.049500003], [-9434782.6561, 4310694.400600001], [-9434805.2019, 4310792.021499999], [-9434806.6714, 4310828.326499999], [-9434805.8773, 4310901.726800002], [-9434812.2415, 4310979.885899998], [-9434814.1744, 4311075.225699998], [-9434832.095, 4311136.000200003], [-9434844.0181, 4311160.843699999], [-9434850.7729, 4311193.469400004], [-9434843.3252, 4311249.801100001], [-9434848.5795, 4311274.014700003], [-9434858.3534, 4311298.228299998], [-9434876.4242, 4311323.966200002], [-9434886.9625, 4311336.830600001], [-9434899.0221, 4311346.664800003], [-9434923.1116, 4311361.815700002], [-9434941.1751, 4311370.1624], [-9434965.2869, 4311375.469899997], [-9434985.0711, 4311372.087099999], [-9435007.5446, 4311369.329800002], [-9435032.2922, 4311360.6022000015], [-9435086.3655, 4311352.768399999], [-9435152.6813, 4311335.957900003], [-9435228.0845, 4311319.871600002], [-9435253.6821, 4311309.847400002], [-9435310.0497, 4311312.392099999], [-9435342.2173, 4311310.366499998], [-9435412.2162, 4311338.046899997], [-9435443.6237, 4311348.188100003], [-9435471.4775, 4311351.586900003], [-9435523.3709, 4311372.338799998], [-9435565.6392, 4311386.879799999], [-9435593.4857, 4311390.887100004], [-9435638.1568, 4311407.284900002], [-9435690.4959, 4311440.827799998], [-9435753.199, 4311492.444200002], [-9435770.5056, 4311501.5348000005], [-9435783.3073, 4311506.0801], [-9435799.1295, 4311509.872500002], [-9435858.6409, 4311518.228500001], [-9435878.2183, 4311524.307300001], [-9435919.6514, 4311543.985299997], [-9435931.6962, 4311547.7776999995], [-9435948.2828, 4311547.034000002], [-9436027.4139, 4311504.913199998], [-9436036.0253, 4311495.280500002], [-9436045.2813, 4311482.612000003], [-9436090.109, 4311390.025899999], [-9436129.6035, 4311335.729999997], [-9436218.3411, 4311175.0830999985], [-9436235.9525, 4311124.772699997], [-9436254.8757, 4311066.564400002], [-9436320.7357, 4310914.654799998], [-9436323.9807, 4310878.341700003], [-9436332.9424, 4310840.7082], [-9436339.8296, 4310775.043300003], [-9436348.8674, 4310731.323200002], [-9436346.1179, 4310708.762500003], [-9436343.4374, 4310680.7233000025], [-9436344.917, 4310659.433899999], [-9436348.2155, 4310638.167199999], [-9436346.3576, 4310597.587099999], [-9436344.798, 4310576.868000001], [-9436353.2842, 4310551.440099999], [-9436356.3134, 4310541.681400001], [-9436357.7831, 4310522.8939], [-9436361.1271, 4310506.547600001], [-9436378.1223, 4310482.316600002], [-9436387.6211, 4310450.170400001], [-9436401.3564, 4310418.686800003], [-9436427.9536, 4310377.016199999], [-9436441.7266, 4310342.489100002], [-9436468.3081, 4310302.0361], [-9436489.8105, 4310279.782700002], [-9436504.8983, 4310247.9629999995], [-9436601.0335, 4310124.985399999], [-9436673.6556, 4310075.7695999965], [-9436679.6891, 4310065.936499998], [-9436685.7226, 4310049.3002], [-9436697.7896, 4310005.423299998], [-9436716.6472, 4309967.6061], [-9436745.286, 4309907.8369999975], [-9436754.34, 4309893.468500003], [-9436775.4313, 4309866.228299998], [-9436800.3001, 4309839.7776999995], [-9436821.4063, 4309823.1417], [-9436852.3011, 4309803.4760000035], [-9436881.1412, 4309774.847099997], [-9436903.372, 4309768.6581000015], [-9436924.1902, 4309752.483800001], [-9436962.4078, 4309751.138599999], [-9437023.4483, 4309741.330499999], [-9437096.223, 4309740.419500001], [-9437161.806, 4309732.7214], [-9437214.5285, 4309735.210100003], [-9437235.1719, 4309733.034500003], [-9437254.6406, 4309727.8002], [-9437271.1006, 4309720.701800004], [-9437297.2686, 4309713.116499998], [-9437311.3868, 4309699.292499997], [-9437413.4926, 4309638.0264], [-9437453.434, 4309607.022500001], [-9437526.5189, 4309562.403700002], [-9437550.6159, 4309541.994800001], [-9437611.6413, 4309473.928800002], [-9437623.7009, 4309463.334200002], [-9437695.2793, 4309423.2513], [-9437791.6895, 4309379.431999996], [-9437807.5191, 4309374.896700002], [-9437828.6031, 4309371.123400003], [-9437904.6788, 4309363.577], [-9437962.6763, 4309353.744499996], [-9438065.1125, 4309334.125600003], [-9438080.9347, 4309332.610799998], [-9438096.7495, 4309332.610799998], [-9438160.0235, 4309342.4799000025], [-9438178.1018, 4309342.4799000025], [-9438203.7201, 4309339.450300001], [-9438224.7892, 4309331.903800003], [-9438236.0918, 4309325.8631], [-9438248.1589, 4309317.527000003], [-9438262.4746, 4309303.168700002], [-9438276.7754, 4309280.474299997], [-9438282.809, 4309268.383500002], [-9438297.1469, 4309207.847099997], [-9438308.4347, 4309172.291100003], [-9438320.5017, 4309145.061800003], [-9438338.6023, 4309115.564999998], [-9438388.3176, 4309050.531199999], [-9438401.8911, 4309029.3521], [-9438440.3186, 4308980.935099997], [-9438449.343, 4308971.855700001], [-9438459.1391, 4308964.300399996], [-9438532.2092, 4308918.178599998], [-9438602.2737, 4308869.7896], [-9438662.5198, 4308831.2236], [-9438699.1927, 4308804.362800002], [-9438742.373, 4308788.1043], [-9438770.2474, 4308780.558200002], [-9438802.2887, 4308783.155299999], [-9438869.1043, 4308776.8411], [-9438944.0293, 4308791.322099999], [-9438983.402, 4308783.642800003], [-9438999.577, 4308781.876199998], [-9439009.7701, 4308793.311899997], [-9438996.8167, 4308793.943300001], [-9438976.9654, 4308802.072400004], [-9438955.9388, 4308815.9755000025], [-9438942.3127, 4308816.6796], [-9438917.3528, 4308807.8715], [-9438893.3687, 4308802.893700004], [-9438877.8649, 4308806.6426], [-9438852.7754, 4308809.649899997], [-9438830.5887, 4308808.142800003], [-9438778.2944, 4308818.858499996], [-9438746.8006, 4308816.004199997], [-9438717.5601, 4308819.458899997], [-9438682.7017, 4308846.5407000035], [-9438585.7835, 4308902.806000002], [-9438545.0035, 4308944.645300001], [-9438492.5484, 4308977.451800004], [-9438450.7705, 4309002.673699997], [-9438429.886, 4309031.0656], [-9438412.8668, 4309078.026900001], [-9438402.611, 4309092.127400003], [-9438359.6788, 4309142.059699997], [-9438347.6192, 4309159.438299999], [-9438330.2904, 4309189.7064], [-9438316.1494, 4309215.1844], [-9438310.4515, 4309248.4428], [-9438309.3373, 4309269.121299997], [-9438296.3602, 4309297.880599998], [-9438287.3063, 4309313.0101], [-9438274.5045, 4309324.3574], [-9438263.9662, 4309331.9223000035], [-9438250.4075, 4309338.725100003], [-9438230.4134, 4309343.509900004], [-9438190.9055, 4309363.586900003], [-9438165.9948, 4309364.015100002], [-9438117.4557, 4309350.476400003], [-9438088.6893, 4309347.796800002], [-9438044.5777, 4309363.135200001], [-9437946.3315, 4309373.262999997], [-9437894.9312, 4309382.720700003], [-9437869.2717, 4309394.5801], [-9437819.9522, 4309397.573899999], [-9437686.2254, 4309456.531300001], [-9437643.5987, 4309493.243799999], [-9437574.7055, 4309557.134099998], [-9437532.9298, 4309593.978799999], [-9437406.2069, 4309674.816799998], [-9437342.2866, 4309724.023800001], [-9437294.1025, 4309744.912799999], [-9437260.3264, 4309757.668499999], [-9437232.8739, 4309769.164499998], [-9437162.9094, 4309761.757100001], [-9437108.5999, 4309760.951399997], [-9436995.5708, 4309786.651799999], [-9436928.6801, 4309808.227799997], [-9436881.6524, 4309836.784599997], [-9436859.0471, 4309848.876100004], [-9436833.4213, 4309865.512100004], [-9436810.8309, 4309885.168899998], [-9436793.4874, 4309906.349600002], [-9436784.4482, 4309920.708800003], [-9436770.882, 4309947.949199997], [-9436733.1744, 4310031.158], [-9436724.8848, 4310046.2795], [-9436677.4034, 4310109.042499997], [-9436634.4113, 4310166.748400003], [-9436619.2919, 4310188.606899999], [-9436584.8497, 4310212.525600001], [-9436511.5818, 4310317.7804000005], [-9436482.1935, 4310353.3401999995], [-9436467.8703, 4310379.057599999], [-9436456.7444, 4310416.673299998], [-9436417.0582, 4310477.3138], [-9436398.9996, 4310515.535700001], [-9436388.6851, 4310554.5449], [-9436383.3863, 4310618.100299999], [-9436379.6237, 4310648.363300003], [-9436373.9506, 4310680.920500003], [-9436375.8931, 4310726.329800002], [-9436384.0273, 4310781.524599999], [-9436380.4226, 4310818.6696000025], [-9436357.6492, 4310901.0656], [-9436344.0682, 4310944.174900003], [-9436326.7024, 4311023.617600001], [-9436314.6354, 4311060.694700003], [-9436299.5552, 4311094.723399997], [-9436275.3989, 4311161.303000003], [-9436268.6307, 4311175.673199996], [-9436226.2041, 4311237.696400002], [-9436193.5159, 4311315.764399998], [-9436149.8921, 4311389.597199999], [-9436137.3019, 4311417.174500003], [-9436133.6224, 4311481.2875000015], [-9436129.1028, 4311491.1219], [-9436089.1614, 4311541.037699997], [-9436086.1409, 4311548.604199998], [-9436086.8904, 4311553.893299997], [-9436096.6643, 4311567.529299997], [-9436120.5874, 4311569.733099997], [-9436136.4741, 4311579.705300003], [-9436151.109, 4311589.346500002], [-9436168.9424, 4311594.300399996], [-9436199.9995, 4311596.269500002], [-9436226.3125, 4311601.015100002], [-9436243.7773, 4311618.3901999965], [-9436267.346, 4311641.697800003], [-9436302.3536, 4311654.118100002], [-9436320.1913, 4311658.7566], [-9436349.6553, 4311662.596199997], [-9436384.3882, 4311670.566500001], [-9436438.6156, 4311685.717799999], [-9436453.6883, 4311688.004199997], [-9436503.4258, 4311680.474600002], [-9436547.1151, 4311680.4837], [-9436566.6999, 4311675.965800002], [-9436622.2146, 4311650.887500003], [-9436635.584, 4311636.241899997], [-9436666.0569, 4311634.734999999], [-9436712.3433, 4311636.2075999975], [-9436730.8522, 4311625.150600001], [-9436775.5857, 4311600.126800001], [-9436808.437, 4311584.150399998], [-9436847.9313, 4311564.1603000015], [-9436877.8824, 4311558.052900001], [-9436905.8877, 4311523.914899997], [-9436920.9599, 4311498.573899999], [-9436969.9691, 4311470.823299997], [-9436998.0751, 4311445.475599997], [-9437009.0546, 4311421.028800003], [-9437038.8523, 4311398.079499997], [-9437075.5241, 4311377.7381], [-9437108.0919, 4311359.236299999], [-9437124.5796, 4311346.205499999], [-9437152.0422, 4311334.258299999], [-9437180.6111, 4311334.302199997], [-9437206.8453, 4311345.348399997], [-9437252.7495, 4311358.484099999], [-9437282.8684, 4311360.123000003], [-9437311.3433, 4311367.729999997], [-9437349.365, 4311390.2705999985], [-9437375.6544, 4311396.9043999985], [-9437396.9018, 4311405.050700001], [-9437425.1765, 4311403.514300004], [-9437468.916, 4311445.983400002], [-9437497.6385, 4311473.876900002], [-9437525.1486, 4311483.362400003], [-9437541.4718, 4311483.5669], [-9437551.505, 4311484.638400003], [-9437559.9452, 4311487.580899999], [-9437572.474, 4311489.9441], [-9437586.5136, 4311497.054399997], [-9437624.6771, 4311508.2491], [-9437638.1907, 4311507.157499999], [-9437659.3486, 4311522.551799998], [-9437717.175, 4311543.133000001], [-9437762.5547, 4311554.732699998], [-9437791.5729, 4311557.704599999], [-9437849.9339, 4311585.856700003], [-9437928.4288, 4311598.833400004], [-9437968.1938, 4311607.525300004], [-9438020.8252, 4311616.693000004], [-9438075.6657, 4311625.8565], [-9438104.3119, 4311619.043099999], [-9438126.895, 4311609.9614999965], [-9438140.4685, 4311600.889200002], [-9438154.0272, 4311589.548699997], [-9438197.7387, 4311541.891599998], [-9438226.3701, 4311507.861400001], [-9438248.2332, 4311474.565800004], [-9438259.5358, 4311448.8552], [-9438264.8198, 4311426.156300001], [-9438266.3486, 4311361.815499999], [-9438268.6047, 4311349.722400002], [-9438273.8812, 4311333.818700001], [-9438280.6717, 4311319.448299997], [-9438294.9874, 4311298.283299997], [-9438324.3906, 4311243.804899998], [-9438337.2146, 4311224.898800001], [-9438382.3978, 4311157.388999999], [-9438392.7187, 4311135.139600001], [-9438395.1001, 4311094.825800002], [-9438403.3908, 4311058.998400003], [-9438423.2218, 4311029.303099997], [-9438444.4314, 4311015.068899997], [-9438456.2746, 4311001.457900003], [-9438478.7126, 4310989.445200004], [-9438495.7287, 4310984.298900001], [-9438519.6754, 4310987.476599999], [-9438536.9796, 4310999.639399998], [-9438569.2261, 4311014.571199998], [-9438593.288, 4311046.838200003], [-9438616.6605, 4311076.139899999], [-9438638.8712, 4311107.859999999], [-9438662.4162, 4311155.9174000025], [-9438684.3217, 4311212.607699998], [-9438707.4721, 4311244.729199998], [-9438716.4271, 4311282.3477], [-9438717.5697, 4311317.032399997], [-9438733.9238, 4311344.838500001], [-9438753.3774, 4311371.240900002], [-9438763.833, 4311389.021399997], [-9438785.0504, 4311399.686099999], [-9438792.1418, 4311435.706100002], [-9438797.2841, 4311451.5293999985], [-9438802.3646, 4311472.395199999], [-9438809.2625, 4311498.641900003], [-9438813.0367, 4311522.238899998], [-9438813.5829, 4311554.3955999985], [-9438797.9917, 4311596.753300004], [-9438789.7517, 4311654.016800001], [-9438773.2384, 4311721.383000001], [-9438728.0129, 4311865.137900002], [-9438699.3593, 4311931.713200003], [-9438693.3258, 4311953.669299997], [-9438679.73, 4312032.3571000025], [-9438664.2255, 4312048.011399999], [-9438649.2576, 4312065.161700003], [-9438619.5432, 4312081.498499997], [-9438603.5478, 4312105.570799999], [-9438592.0484, 4312121.503700003], [-9438588.3349, 4312142.576499999], [-9438588.9504, 4312169.062100001], [-9438599.3014, 4312195.353399999], [-9438607.9393, 4312216.751800001], [-9438624.5301, 4312246.273000002], [-9438648.9226, 4312279.673799999], [-9438658.7315, 4312299.023900002], [-9438673.9082, 4312315.919], [-9438696.4872, 4312343.623400003], [-9438713.4766, 4312370.160999998], [-9438730.6921, 4312400.005500004], [-9438747.1053, 4312418.4921], [-9438769.2782, 4312428.223999999], [-9438797.063, 4312441.177900001], [-9438817.7321, 4312445.532399997], [-9438840.6726, 4312443.925899997], [-9438876.1316, 4312445.626900002], [-9438897.2001, 4312443.051299997], [-9438966.9552, 4312413.3401999995], [-9438991.7779, 4312398.751999997], [-9439020.5625, 4312381.456500001], [-9439049.9441, 4312366.690200001], [-9439064.5631, 4312352.3715], [-9439084.6966, 4312323.620999999], [-9439100.0286, 4312302.376100004], [-9439115.6742, 4312281.135300003], [-9439137.7223, 4312249.887000002], [-9439148.5855, 4312234.575999998], [-9439162.4639, 4312229.3891], [-9439181.0746, 4312222.369599998], [-9439218.4165, 4312211.340400003], [-9439245.2471, 4312199.694300003], [-9439271.787, 4312186.153399996], [-9439300.4277, 4312180.518600002], [-9439326.2083, 4312177.685500003], [-9439354.4154, 4312181.816799998], [-9439395.6449, 4312199.347999997], [-9439446.1935, 4312250.7223000005], [-9439466.9742, 4312298.140900001], [-9439480.5329, 4312317.820299998], [-9439532.9781, 4312383.123999998], [-9439554.664, 4312407.0331000015], [-9439576.094, 4312426.210900001], [-9439610.6011, 4312454.3763], [-9439634.0151, 4312465.382700004], [-9439658.2954, 4312490.391099997], [-9439683.1419, 4312504.019199997], [-9439708.7602, 4312525.2141999975], [-9439738.9056, 4312558.512999997], [-9439789.0164, 4312595.545699999], [-9439844.3699, 4312639.4135000035], [-9439874.8205, 4312665.637100004], [-9439888.9539, 4312691.0293999985], [-9439903.6645, 4312730.7836000025], [-9439919.5893, 4312763.763599999], [-9439917.4176, 4312784.048900001], [-9439922.9627, 4312821.807300001], [-9439926.8924, 4312859.998599999], [-9439918.1523, 4312888.493699998], [-9439912.8757, 4312920.259900004], [-9439897.455, 4312949.3423999995], [-9439868.7185, 4312988.3928999975], [-9439847.5861, 4313021.862899996], [-9439821.3335, 4313055.468099996], [-9439779.5937, 4313105.076499999], [-9439746.0027, 4313130.196800001], [-9439723.943, 4313162.3945999965], [-9439718.6114, 4313187.548], [-9439710.7858, 4313210.021399997], [-9439711.4192, 4313235.248599999], [-9439719.3549, 4313253.945799999], [-9439726.3448, 4313272.946599998], [-9439738.4543, 4313284.129500002], [-9439749.9552, 4313293.728600003], [-9439760.3004, 4313295.117200002], [-9439769.1705, 4313300.072800003], [-9439771.8398, 4313301.564199999], [-9439787.2508, 4313299.547499999], [-9439808.6345, 4313296.973899998], [-9439824.1109, 4313289.5988000035], [-9439849.994, 4313278.568800002], [-9439877.4315, 4313268.8191], [-9439908.3647, 4313255.6445999965], [-9439945.2205, 4313233.658299997], [-9439963.3428, 4313215.281999998], [-9440027.2603, 4313200.937100001], [-9440092.7074, 4313178.297399998], [-9440133.5657, 4313162.266199999], [-9440155.8096, 4313153.538599998], [-9440264.5497, 4313119.883000001], [-9440375.5881, 4313090.994000003], [-9440425.0166, 4313080.251999997], [-9440452.2119, 4313064.508299999], [-9440478.3427, 4313058.8391999975], [-9440514.7841, 4313057.394699998], [-9440518.8526, 4313056.253399998], [-9440564.2424, 4313043.5205999985], [-9440574.3809, 4313040.676600002], [-9440601.5058, 4313024.779600002], [-9440646.7163, 4312989.964000002], [-9440699.4595, 4312957.444600001], [-9440735.6383, 4312924.135499999], [-9440784.6041, 4312856.029700004], [-9440794.415, 4312844.687899999], [-9440819.2171, 4312808.206200004], [-9440834.8098, 4312765.210500002], [-9440857.96, 4312720.416000001], [-9440890.6008, 4312669.748400003], [-9440930.0542, 4312625.220899999], [-9440943.6129, 4312616.1477999985], [-9440969.9882, 4312604.7971], [-9441007.958, 4312583.332000002], [-9441044.2402, 4312568.959700003], [-9441093.5131, 4312570.821999997], [-9441120.3447, 4312574.718999997], [-9441147.3663, 4312573.157300003], [-9441172.3821, 4312581.658299997], [-9441223.7819, 4312615.383599997], [-9441283.9778, 4312674.749399997], [-9441373.0316, 4312752.384199999], [-9441394.1453, 4312775.838799998], [-9441412.9731, 4312799.3028], [-9441468.6253, 4312867.935900003], [-9441486.0278, 4312882.963500001], [-9441519.5463, 4312915.5251], [-9441543.3283, 4312956.7097999975], [-9441558.4009, 4312976.381200001], [-9441565.1766, 4312988.494599998], [-9441569.6962, 4313000.598700002], [-9441574.9727, 4313024.816100001], [-9441575.7297, 4313049.033699997], [-9441563.6627, 4313121.677500002], [-9441553.8666, 4313152.709600002], [-9441535.7883, 4313189.050099999], [-9441532.0182, 4313201.916699998], [-9441519.9734, 4313268.509300001], [-9441474.4146, 4313352.247599997], [-9441470.6856, 4313401.065399997], [-9441470.5927, 4313434.7958], [-9441479.8464, 4313474.629600003], [-9441519.9587, 4313531.880400002], [-9441545.5621, 4313569.710100003], [-9441562.9057, 4313586.370300002], [-9441587.0101, 4313606.795900002], [-9441611.1219, 4313622.684699997], [-9441635.2337, 4313635.560900003], [-9441659.3455, 4313643.128899999], [-9441677.4313, 4313645.3972999975], [-9441717.3652, 4313643.881899998], [-9441728.6605, 4313646.159699999], [-9441742.234, 4313652.202799998], [-9441786.7025, 4313680.215000004], [-9441798.7621, 4313686.258100003], [-9441846.9857, 4313703.6625000015], [-9441901.228, 4313741.501800001], [-9441919.3211, 4313749.841300003], [-9441937.3846, 4313752.100599997], [-9441961.5112, 4313752.100599997], [-9441986.38, 4313747.554399997], [-9442001.4379, 4313742.264200002], [-9442048.9045, 4313714.251900002], [-9442091.8516, 4313678.681100003], [-9442105.4251, 4313661.295199998], [-9442122.7464, 4313633.2739999965], [-9442131.793, 4313609.055200003], [-9442158.1683, 4313485.693400003], [-9442173.2187, 4313439.524800003], [-9442188.2988, 4313402.439499997], [-9442198.0949, 4313385.045000002], [-9442211.6693, 4313357.433399998], [-9442234.51, 4313336.931400001], [-9442246.7611, 4313326.809900001], [-9442264.9486, 4313317.476499997], [-9442292.3276, 4313315.180600002], [-9442318.6951, 4313317.887800001], [-9442348.1226, 4313323.259099998], [-9442374.6449, 4313332.894100003], [-9442405.3621, 4313349.7447], [-9442437.6916, 4313377.4406], [-9442470.093, 4313399.399700001], [-9442482.8948, 4313410.751199998], [-9442496.4683, 4313427.401799999], [-9442508.5428, 4313447.818000004], [-9442513.0549, 4313464.459600002], [-9442513.8119, 4313538.6492], [-9442519.0884, 4313570.426399998], [-9442527.3781, 4313597.675899997], [-9442539.4377, 4313618.1109], [-9442552.9964, 4313630.959600002], [-9442571.8391, 4313641.558300003], [-9442583.1417, 4313645.360600002], [-9442595.1939, 4313647.629000001], [-9442614.0292, 4313647.619900003], [-9442626.0888, 4313643.082800001], [-9442638.141, 4313632.4934], [-9442662.2528, 4313605.225299999], [-9442690.1272, 4313568.1395], [-9442711.9829, 4313534.846900001], [-9442736.8369, 4313488.669], [-9442770.7373, 4313418.281999998], [-9442803.1313, 4313342.587300003], [-9442824.9797, 4313280.540299997], [-9442846.8206, 4313197.2788999975], [-9442858.8653, 4313145.821599998], [-9442867.1475, 4313118.573200002], [-9442885.9828, 4313074.683899999], [-9442931.1785, 4312999.000600003], [-9442935.6981, 4312987.640500002], [-9442936.455, 4312975.545500003], [-9442929.6793, 4312915.741400003], [-9442930.4215, 4312899.862999998], [-9442941.7093, 4312836.2848000005], [-9442941.7093, 4312815.860699996], [-9442939.4532, 4312802.994499996], [-9442898.7622, 4312703.867700003], [-9442892.7287, 4312684.196800001], [-9442891.9717, 4312663.754500002], [-9442894.2204, 4312638.7754999995], [-9442899.4969, 4312617.589400001], [-9442910.05, 4312597.147200003], [-9442926.6144, 4312573.692900002], [-9442946.2066, 4312550.991700001], [-9442971.8249, 4312525.259999998], [-9443002.7049, 4312498.766099997], [-9443029.0728, 4312479.857799999], [-9443055.4333, 4312466.9921], [-9443165.5848, 4312414.998000003], [-9443191.8233, 4312400.338299997], [-9443241.927, 4312369.018700004], [-9443266.295, 4312352.920199998], [-9443300.2695, 4312320.896499999], [-9443313.086, 4312309.5462], [-9443374.1114, 4312265.641599998], [-9443386.558, 4312240.352899998], [-9443402.2926, 4312210.911700003], [-9443428.2633, 4312191.995200001], [-9443447.9441, 4312173.948899999], [-9443463.7864, 4312161.845700003], [-9443515.8672, 4312152.937899999], [-9443561.115, 4312162.066200003], [-9443616.4993, 4312165.806000002], [-9443739.4918, 4312170.9736], [-9443855.5238, 4312186.079599999], [-9443904.4821, 4312196.658399999], [-9443963.2588, 4312202.710199997], [-9443984.3427, 4312211.030000001], [-9444004.6919, 4312221.608900003], [-9444125.2733, 4312308.609499998], [-9444174.239, 4312347.950099997], [-9444205.8983, 4312375.940399997], [-9444240.5632, 4312419.064599998], [-9444253.365, 4312431.1774], [-9444266.1815, 4312441.012599997], [-9444281.2394, 4312448.570299998], [-9444300.0894, 4312455.365999997], [-9444370.9109, 4312463.685999997], [-9444453.0425, 4312483.338100001], [-9444476.3825, 4312486.368600003], [-9444505.7708, 4312487.856299996], [-9444541.1853, 4312484.825800002], [-9444562.2766, 4312481.795299999], [-9444606.7302, 4312470.417300001], [-9444667.5419, 4312453.155699998], [-9444699.0802, 4312441.236599997], [-9444713.5955, 4312435.104500003], [-9444728.0239, 4312428.780500002], [-9444762.6557, 4312401.643399999], [-9444804.2667, 4312360.843699999], [-9444838.4948, 4312307.032799996], [-9444886.7735, 4312269.938000001], [-9444961.513, 4312232.711099997], [-9445016.5196, 4312198.632799998], [-9445047.3996, 4312182.737000003], [-9445070.7397, 4312173.6548999995], [-9445089.5749, 4312169.100199997], [-9445106.1615, 4312169.100199997], [-9445122.7259, 4312172.112199999], [-9445138.5555, 4312178.9168], [-9445158.1478, 4312195.556400001], [-9445181.5026, 4312222.802500002], [-9445211.6702, 4312261.371399999], [-9445224.4719, 4312274.999200001], [-9445243.3072, 4312292.391900003], [-9445287.0113, 4312324.156400003], [-9445366.909, 4312370.301700003], [-9445399.3252, 4312395.261600003], [-9445414.3831, 4312415.675899997], [-9445424.194, 4312442.1696000025], [-9445429.4705, 4312451.242600001], [-9445449.0628, 4312467.129699998], [-9445482.9781, 4312486.0288999975], [-9445500.2995, 4312494.348899998], [-9445513.873, 4312497.388499998], [-9445526.6747, 4312498.123300001], [-9445534.9569, 4312495.092799999], [-9445555.3061, 4312484.486100003], [-9445583.1657, 4312465.5594], [-9445602.001, 4312450.416100003], [-9445617.8232, 4312434.519900002], [-9445636.6362, 4312411.818999998], [-9445648.3031, 4312381.143600002], [-9445654.2963, 4312351.8992], [-9445680.4131, 4312293.261799999], [-9445703.6505, 4312264.980300002], [-9445747.3175, 4312184.748099998], [-9445757.8631, 4312171.882700004], [-9445772.9135, 4312158.255000003], [-9445790.2348, 4312153.700300001], [-9445819.6232, 4312150.6699], [-9445852.0172, 4312149.9076000005], [-9445923.5808, 4312157.446999997], [-9445971.8267, 4312158.934600003], [-9445999.6936, 4312158.1723000035], [-9446059.9695, 4312151.331100002], [-9446090.1074, 4312145.995700002], [-9446123.2658, 4312136.160700001], [-9446157.144, 4312121.770999998], [-9446178.2353, 4312108.134300001], [-9446197.6776, 4312075.1598000005], [-9446272.3086, 4311975.169399999], [-9446297.7996, 4311943.002400003], [-9446323.4482, 4311897.283500001], [-9446356.6805, 4311870.445299998], [-9446367.9831, 4311863.640799999], [-9446377.0223, 4311860.6105], [-9446487.0134, 4311852.2359], [-9446554.0648, 4311850.6932], [-9446584.1954, 4311848.4067], [-9446623.3724, 4311852.924599998], [-9446713.4459, 4311848.154200003], [-9446743.6697, 4311840.942599997], [-9446762.2055, 4311839.898400001], [-9446783.7747, 4311848.030299999], [-9446808.0488, 4311866.5955], [-9446820.142, 4311879.659900002], [-9446836.5938, 4311895.9274], [-9446835.0646, 4311919.549599998], [-9446841.1824, 4311933.490099996], [-9446834.9626, 4311955.481700003], [-9446826.1075, 4312001.906400003], [-9446830.5831, 4312065.0195999965], [-9446822.5418, 4312108.739399999], [-9446818.366, 4312143.994099997], [-9446819.3336, 4312168.906900004], [-9446824.9809, 4312196.396200001], [-9446836.0488, 4312216.698899999], [-9446849.7085, 4312230.097199999], [-9446858.8581, 4312233.852799997], [-9446885.7358, 4312244.568599999], [-9446908.5978, 4312249.563600004], [-9446942.5061, 4312249.6439], [-9446981.4517, 4312248.522200003], [-9447017.5994, 4312254.557599999], [-9447061.1027, 4312257.015900001], [-9447105.5716, 4312266.990400001], [-9447125.169, 4312271.2929000035], [-9447148.137, 4312267.147399999], [-9447167.0637, 4312259.487599999], [-9447221.7668, 4312246.108999997], [-9447243.6077, 4312240.048199996], [-9447271.4969, 4312234.731200002], [-9447294.837, 4312232.463100001], [-9447331.7505, 4312232.435500003], [-9447356.6193, 4312233.1884], [-9447462.0982, 4312242.215499997], [-9447489.2231, 4312240.672700003], [-9447599.2068, 4312220.947499998], [-9447637.6343, 4312209.551200002], [-9447670.763, 4312196.685800001], [-9447699.3869, 4312176.988200001], [-9447715.1943, 4312163.369900003], [-9447727.2465, 4312150.486100003], [-9447741.5547, 4312130.044699997], [-9447761.8594, 4312071.7698], [-9447768.6351, 4312061.934900001], [-9447781.4368, 4312049.051200002], [-9447843.1969, 4312000.583999999], [-9447850.7221, 4311992.264300004], [-9447859.0043, 4311978.6369], [-9447867.279, 4311953.650399998], [-9447874.7894, 4311921.877899997], [-9447879.3015, 4311887.0568], [-9447879.2792, 4311859.0493], [-9447876.2514, 4311837.864699997], [-9447852.1025, 4311759.187399998], [-9447848.3176, 4311734.2289], [-9447848.2953, 4311709.2705999985], [-9447852.8149, 4311691.089000002], [-9447856.5701, 4311680.501500003], [-9447864.1027, 4311669.904700004], [-9447876.1623, 4311656.268600002], [-9447891.9697, 4311644.147600003], [-9447910.8049, 4311634.285499997], [-9447923.5919, 4311629.740199998], [-9447948.4532, 4311625.194799997], [-9447997.4338, 4311631.971500002], [-9448057.7096, 4311647.086099997], [-9448091.6175, 4311659.1611], [-9448178.2835, 4311701.493000001], [-9448220.4736, 4311716.5891999975], [-9448237.0602, 4311718.857199997], [-9448265.346, 4311723.785700001], [-9448296.4232, 4311738.113200001], [-9448331.8376, 4311739.6467999965], [-9448352.172, 4311738.140699998], [-9448368.6207, 4311725.292499997], [-9448389.5374, 4311708.197999999], [-9448417.6487, 4311693.392800003], [-9448441.3653, 4311678.536799997], [-9448500.65, 4311656.516500004], [-9448571.4937, 4311615.7092999965], [-9448640.0814, 4311568.079599999], [-9448729.0109, 4311512.883599997], [-9448741.0704, 4311503.049199998], [-9448749.3749, 4311490.955899999], [-9448774.2511, 4311439.516099997], [-9448781.7986, 4311419.856600001], [-9448787.0899, 4311397.148699999], [-9448803.7211, 4311326.031499997], [-9448822.6009, 4311258.697999999], [-9448833.9332, 4311203.4485], [-9448838.4527, 4311189.840499997], [-9448845.2432, 4311176.223499998], [-9448876.1678, 4311125.5471], [-9448910.0832, 4311080.940499999], [-9448985.4688, 4310988.670000002], [-9449011.8663, 4310958.415399998], [-9449038.249, 4310928.922899999], [-9449057.0843, 4310915.306100003], [-9449069.8935, 4310911.5414], [-9449084.2092, 4310909.273599997], [-9449121.1227, 4310910.053999998], [-9449196.4563, 4310922.201700002], [-9449247.6856, 4310933.596600004], [-9449261.2295, 4310938.885399997], [-9449340.3034, 4310976.017300002], [-9449364.4004, 4310985.860299997], [-9449419.3923, 4311002.544100001], [-9449449.5153, 4311013.9021999985], [-9449490.941, 4311032.0825999975], [-9449619.7377, 4311072.263400003], [-9449663.4195, 4311082.1065], [-9449714.6487, 4311091.224299997], [-9449765.8854, 4311098.046700001], [-9449827.6455, 4311104.1435], [-9449909.7473, 4311118.550300002], [-9449982.0827, 4311124.656499997], [-9449998.6323, 4311122.397699997], [-9450015.9759, 4311118.623800002], [-9450025.015, 4311114.8500000015], [-9450070.2255, 4311090.645800002], [-9450097.3504, 4311079.296800002], [-9450108.6605, 4311072.492899999], [-9450122.9762, 4311059.647200003], [-9450132.0301, 4311048.298199996], [-9450133.5293, 4311039.217], [-9450131.2732, 4311036.949199997], [-9450126.0041, 4311034.671899997], [-9450102.6492, 4311029.373999998], [-9450100.3931, 4311027.858900003], [-9450092.8679, 4311018.006499998], [-9450090.6045, 4311011.9648], [-9450089.8623, 4311001.368699998], [-9450089.1128, 4310980.929499999], [-9450091.3837, 4310956.716600001], [-9450094.4041, 4310943.871100001], [-9450124.5792, 4310847.7914], [-9450130.6127, 4310838.701399997], [-9450144.1714, 4310822.816600002], [-9450182.6212, 4310787.282799996], [-9450227.8392, 4310747.195100002], [-9450300.1894, 4310690.488300003], [-9450302.4603, 4310685.943400003], [-9450315.262, 4310674.594700001], [-9450354.454, 4310632.2487], [-9450368.0275, 4310625.445100002], [-9450383.0779, 4310622.442599997], [-9450410.2176, 4310621.680500001], [-9450483.2729, 4310620.2114999965], [-9450499.1026, 4310622.4793], [-9450511.1621, 4310626.252899997], [-9450546.5469, 4310646.709899999], [-9450596.997, 4310670.1875], [-9450610.5557, 4310677.753300004], [-9450677.5848, 4310720.9168], [-9450717.504, 4310758.001999997], [-9450741.601, 4310776.181999996], [-9450764.9484, 4310789.045699999], [-9450780.0063, 4310795.105700001], [-9450850.0485, 4310816.3342999965], [-9450888.4685, 4310825.433399998], [-9450926.8812, 4310833.008500002], [-9450941.1969, 4310834.523500003], [-9450961.5461, 4310835.294699997], [-9450996.9605, 4310834.550999999], [-9451016.5602, 4310832.292300001], [-9451058.7281, 4310822.476899996], [-9451088.1164, 4310814.158200003], [-9451210.1672, 4310765.016900003], [-9451254.6207, 4310749.9036], [-9451275.7269, 4310740.069899999], [-9451298.3248, 4310726.4624999985], [-9451309.6348, 4310717.391000003], [-9451322.444, 4310698.476400003], [-9451328.4775, 4310681.829999998], [-9451339.8024, 4310625.858199999], [-9451348.092, 4310603.913800001], [-9451360.1591, 4310577.434], [-9451404.6349, 4310497.2324], [-9451422.7354, 4310453.353699997], [-9451428.7542, 4310435.201700002], [-9451435.5669, 4310377.716300003], [-9451436.3239, 4310342.1472999975], [-9451434.0975, 4310263.453299999], [-9451431.8488, 4310241.5282000005], [-9451429.5927, 4310231.6765], [-9451427.3293, 4310223.358199999], [-9451422.0675, 4310212.009999998], [-9451397.221, 4310166.608400002], [-9451393.4658, 4310156.013099998], [-9451391.9519, 4310146.179899998], [-9451394.9723, 4310121.941299997], [-9451399.5142, 4310098.501599997], [-9451407.8038, 4310075.052699998], [-9451422.8765, 4310040.246699996], [-9451465.8606, 4309950.996600002], [-9451502.7964, 4309868.541100003], [-9451515.6056, 4309845.8364999965], [-9451552.5414, 4309759.580899999], [-9451601.5443, 4309650.676799998], [-9451630.9474, 4309595.472400002], [-9451651.3041, 4309565.956], [-9451679.1785, 4309535.6778], [-9451751.5139, 4309482.769100003], [-9451814.8027, 4309424.526600003], [-9451844.9333, 4309401.088399999], [-9451878.8412, 4309377.650200002], [-9451901.4391, 4309364.044500001], [-9451945.1356, 4309343.626800001], [-9451980.5427, 4309322.456299998], [-9451988.0827, 4309314.882299997], [-9452018.9702, 4309275.552699998], [-9452038.555, 4309258.173900001], [-9452054.3846, 4309246.074100003], [-9452094.3113, 4309221.8741], [-9452120.6717, 4309208.259499997], [-9452161.3627, 4309190.862400003], [-9452184.7027, 4309182.5449], [-9452251.7393, 4309162.136699997], [-9452327.0952, 4309129.637900002], [-9452348.9435, 4309118.290899999], [-9452362.4948, 4309114.508599997], [-9452403.1709, 4309113.774099998], [-9452430.2736, 4309109.229800001], [-9452470.9645, 4309089.583800003], [-9452479.2467, 4309088.821800001], [-9452513.8968, 4309089.5929000005], [-9452525.1994, 4309088.8401999995], [-9452541.7637, 4309085.067100003], [-9452556.0794, 4309076.731200002], [-9452571.1521, 4309063.869499996], [-9452583.2043, 4309049.511399999], [-9452598.2695, 4309035.134999998], [-9452650.9979, 4308997.321199998], [-9452678.8723, 4308982.201200001], [-9452711.2588, 4308967.081299998], [-9452744.4098, 4308954.972400002], [-9452805.4129, 4308936.079300001], [-9452831.7956, 4308926.265699998], [-9452848.3674, 4308922.492600001], [-9452871.7223, 4308920.959399998], [-9452895.8118, 4308921.721500002], [-9452919.9162, 4308926.274800003], [-9453066.7911, 4308961.8576000035], [-9453121.0112, 4308977.005000003], [-9453188.0404, 4309000.4608], [-9453248.2865, 4309027.707999997], [-9453287.4562, 4309047.399800003], [-9453352.2144, 4309083.726599999], [-9453371.0497, 4309096.5792], [-9453406.4493, 4309125.3323], [-9453494.5698, 4309200.997599997], [-9453545.762, 4309256.2368], [-9453575.1429, 4309278.196599998], [-9453593.2212, 4309284.999399997], [-9453615.0621, 4309291.058600001], [-9453636.903, 4309292.573399998], [-9453652.7178, 4309294.831799999], [-9453664.0204, 4309297.879799999], [-9453676.8221, 4309303.176899999], [-9453692.637, 4309313.771399997], [-9453722.76, 4309342.5251], [-9453737.8252, 4309361.427900001], [-9453780.7501, 4309428.786499999], [-9453841.7384, 4309510.485600002], [-9453878.6444, 4309567.241300002], [-9453897.4797, 4309590.689000003], [-9453911.0236, 4309602.798600003], [-9453927.588, 4309608.095799997], [-9453947.195, 4309612.640299998], [-9453956.9911, 4309611.887599997], [-9454005.9272, 4309614.926399998], [-9454111.3913, 4309616.441200003], [-9454144.5423, 4309629.303599998], [-9454170.1458, 4309634.591799997], [-9454179.1849, 4309633.104500003], [-9454201.7828, 4309620.2421], [-9454262.8081, 4309575.595700003], [-9454290.6677, 4309558.2073], [-9454315.5365, 4309545.3451000005], [-9454341.1325, 4309534.741300002], [-9454379.56, 4309521.888099998], [-9454411.9392, 4309512.817599997], [-9454439.0566, 4309507.5385000035], [-9454463.9254, 4309506.014600001], [-9454484.2524, 4309507.5295], [-9454590.4735, 4309527.9749], [-9454617.5909, 4309530.233400002], [-9454637.9327, 4309530.976999998], [-9454665.0501, 4309529.480700001], [-9454729.8232, 4309521.906499997], [-9454766.7293, 4309521.162900001], [-9454818.7008, 4309530.251800001], [-9454849.5808, 4309539.322300002], [-9454873.6926, 4309549.917099997], [-9454879.7044, 4309553.868100002], [-9454893.2774, 4309562.788400002], [-9454896.8714, 4309565.864600003], [-9455372.3058, 4309341.893200003], [-9455667.5575, 4309809.551399998], [-9455682.6961, 4309798.8478000015], [-9455717.3387, 4309770.0929000005], [-9455765.5549, 4309736.7936], [-9455815.2702, 4309698.2151999995], [-9455850.6698, 4309668.689400002], [-9455930.5082, 4309579.414899997], [-9455941.0613, 4309570.335000001], [-9455957.6033, 4309559.749600001], [-9455971.1843, 4309553.690300003], [-9456197.8977, 4309472.725100003], [-9456301.1131, 4309441.685099997], [-9456320.6905, 4309437.168200001], [-9456361.9794, 4309430.411200002], [-9456333.1012, 4309296.188000001], [-9456600.3675, 4309238.174800001], [-9456629.2488, 4309372.396600001], [-9456643.0644, 4309370.534999996], [-9456701.8041, 4309361.446199998], [-9456754.5398, 4309349.327799998], [-9456803.5056, 4309340.266500004], [-9456966.2027, 4309289.5436], [-9456989.5428, 4309278.940099999], [-9457075.6091, 4309226.757700004], [-9457116.9693, 4309212.766000003], [-9457185.3142, 4309191.647500001], [-9457240.0854, 4309171.695500001], [-9457237.2127, 4309201.810800001], [-9457178.865, 4309219.087899998], [-9457108.1102, 4309244.481200002], [-9457055.1963, 4309270.489699997], [-9457005.3724, 4309292.545699999], [-9456966.2102, 4309311.466799997], [-9456942.6425, 4309322.959899999], [-9456926.2311, 4309327.754199997], [-9456905.8409, 4309337.597000003], [-9456884.5771, 4309347.430200003], [-9456858.4465, 4309353.857299998], [-9456841.0361, 4309361.719499998], [-9456758.5115, 4309387.9991], [-9456734.0081, 4309398.4679000005], [-9456714.2572, 4309401.944700003], [-9456671.152, 4309402.1514], [-9456641.4275, 4309400.154299997], [-9456625.7152, 4309401.662100002], [-9456610.5726, 4309406.865199998], [-9456541.3852, 4309426.5370000005], [-9456525.563, 4309430.310199998], [-9456498.4604, 4309436.369499996], [-9456450.9937, 4309444.705600001], [-9456357.5966, 4309453.032499999], [-9456320.6831, 4309462.121399999], [-9456190.3577, 4309506.758199997], [-9456038.2284, 4309555.957900003], [-9455971.9413, 4309586.989100002], [-9455961.3882, 4309593.030000001], [-9455950.1004, 4309598.336599998], [-9455922.9682, 4309618.001999997], [-9455907.9178, 4309634.646700002], [-9455872.5107, 4309677.769400001], [-9455828.8289, 4309722.425300002], [-9455808.4872, 4309739.832400002], [-9455785.8893, 4309755.715499997], [-9455742.957, 4309789.758599997], [-9455680.1558, 4309829.505500004], [-9455203.222, 4310039.121200003], [-9455099.9611, 4309995.9011999965], [-9454934.9242, 4309646.4419], [-9454908.2211, 4309619.023400001], [-9454879.7039, 4309592.286399998], [-9454867.6591, 4309583.215800002], [-9454833.766, 4309565.046899997], [-9454820.2072, 4309559.749700002], [-9454792.3403, 4309552.946699999], [-9454775.0115, 4309551.431900002], [-9454756.9407, 4309551.431900002], [-9454649.9774, 4309559.7588], [-9454622.8674, 4309561.2645], [-9454607.7948, 4309560.502400003], [-9454510.6276, 4309536.2836000025], [-9454472.2001, 4309529.462200001], [-9454443.5762, 4309528.7095], [-9454420.2437, 4309531.739100002], [-9454405.1635, 4309535.521499999], [-9454338.8839, 4309562.751800001], [-9454291.4247, 4309585.446800001], [-9454283.1425, 4309592.249799997], [-9454240.1955, 4309637.6489999965], [-9454218.3471, 4309652.017099999], [-9454198.7623, 4309662.602600001], [-9454178.4279, 4309667.147100002], [-9454161.1141, 4309667.137999997], [-9454144.5423, 4309664.879500002], [-9454097.8401, 4309645.957800001], [-9454078.2478, 4309645.957800001], [-9454054.9078, 4309648.216300003], [-9453987.8564, 4309652.742299996], [-9453960.7389, 4309651.227499999], [-9453945.6811, 4309648.959899999], [-9453931.3654, 4309643.653300002], [-9453906.5041, 4309628.5233], [-9453886.1697, 4309611.869199999], [-9453864.3288, 4309588.421400003], [-9453848.5214, 4309563.449500002], [-9453822.9031, 4309510.485600002], [-9453810.8731, 4309490.8204], [-9453771.6961, 4309451.4811], [-9453700.1622, 4309353.8539], [-9453682.8409, 4309335.694700003], [-9453670.7886, 4309328.129799999], [-9453651.9608, 4309319.059500001], [-9453636.903, 4309313.752999999], [-9453618.8247, 4309309.970700003], [-9453569.8663, 4309303.911499999], [-9453561.5842, 4309302.396700002], [-9453555.5507, 4309299.376199998], [-9453545.762, 4309291.802199997], [-9453519.4015, 4309256.245899998], [-9453503.5942, 4309237.324900001], [-9453487.0223, 4309219.9186], [-9453458.4132, 4309194.929399997], [-9453347.68, 4309117.758500002], [-9453289.6974, 4309082.946400002], [-9453210.616, 4309042.846500002], [-9453169.9473, 4309024.678499997], [-9453139.082, 4309012.560400002], [-9453023.0871, 4308981.512699999], [-9452965.0971, 4308970.909400001], [-9452945.5196, 4308969.394699998], [-9452885.2587, 4308973.938900001], [-9452870.9578, 4308973.167800002], [-9452820.4856, 4308965.593999997], [-9452810.6894, 4308965.593999997], [-9452750.4285, 4308974.655000001], [-9452724.8176, 4308982.2102999985], [-9452699.9562, 4308994.319200002], [-9452684.1266, 4309004.1329], [-9452642.7083, 4309034.4004999995], [-9452579.4195, 4309087.325400002], [-9452553.059, 4309104.7315], [-9452537.2442, 4309109.257299997], [-9452480.7458, 4309117.565700002], [-9452447.6097, 4309124.377499998], [-9452424.997, 4309135.715400003], [-9452409.9392, 4309136.458999999], [-9452385.8348, 4309131.923799999], [-9452379.0591, 4309133.429499999], [-9452325.5812, 4309150.817199998], [-9452199.0109, 4309201.4934], [-9452160.5834, 4309212.812899999], [-9452135.7221, 4309223.388899997], [-9452075.4685, 4309255.906400003], [-9452052.8707, 4309268.749899998], [-9452042.325, 4309278.600699998], [-9452035.5494, 4309286.918300003], [-9452006.9032, 4309329.259099998], [-9451996.3649, 4309342.121100001], [-9451985.8118, 4309350.457199998], [-9451973.7448, 4309357.2601], [-9451918.7604, 4309380.698200002], [-9451863.0116, 4309417.742200002], [-9451835.1297, 4309431.3571000025], [-9451810.2684, 4309452.527800001], [-9451774.1043, 4309492.610799998], [-9451756.026, 4309508.493600003], [-9451727.3947, 4309529.655100003], [-9451702.5333, 4309545.5471], [-9451689.7241, 4309555.3706], [-9451679.928, 4309564.441100001], [-9451667.1115, 4309579.589500003], [-9451641.4783, 4309619.682300001], [-9451625.6486, 4309647.6655], [-9451604.5499, 4309689.2641], [-9451520.1029, 4309876.877599999], [-9451495.9911, 4309928.300899997], [-9451471.1149, 4309975.960000001], [-9451450.7657, 4310020.598999999], [-9451428.8877, 4310078.0825999975], [-9451423.626, 4310096.243000001], [-9451419.0841, 4310119.682700001], [-9451418.3272, 4310133.3169], [-9451419.0693, 4310146.923600003], [-9451421.3328, 4310157.527999997], [-9451440.1458, 4310202.176799998], [-9451448.428, 4310236.983400002], [-9451454.4244, 4310281.6325], [-9451458.1796, 4310326.281800002], [-9451458.9143, 4310360.3266], [-9451457.4003, 4310383.776100002], [-9451453.6229, 4310411.008500002], [-9451447.582, 4310442.023699999], [-9451437.7858, 4310473.038999997], [-9451424.9693, 4310504.063500002], [-9451377.4804, 4310591.068800002], [-9451365.4134, 4310616.024599999], [-9451352.5819, 4310653.853100002], [-9451341.2793, 4310705.298600003], [-9451335.9953, 4310720.43], [-9451330.7187, 4310732.540899999], [-9451325.4422, 4310740.8411], [-9451312.6256, 4310753.7048999965], [-9451308.863, 4310756.734899998], [-9451251.5928, 4310786.208499998], [-9451167.9696, 4310819.483499996], [-9451141.5943, 4310831.594499998], [-9451118.989, 4310839.894900002], [-9451075.2924, 4310851.987400003], [-9451002.9718, 4310864.070900001], [-9450981.1161, 4310864.0524], [-9450920.8403, 4310857.9833], [-9450849.2915, 4310853.410700001], [-9450840.2449, 4310850.362199999], [-9450831.2132, 4310849.609399997], [-9450829.6993, 4310848.103500001], [-9450799.5762, 4310844.293099999], [-9450790.5371, 4310842.0342999995], [-9450777.7279, 4310838.233000003], [-9450752.8814, 4310827.655500002], [-9450724.2574, 4310803.415399998], [-9450715.9753, 4310797.364500001], [-9450705.4222, 4310792.066600002], [-9450671.5291, 4310785.235399999], [-9450619.5503, 4310780.671899997], [-9450581.902, 4310769.314099997], [-9450503.5702, 4310740.529100001], [-9450415.4496, 4310701.139300004], [-9450394.3657, 4310694.307999998], [-9450383.7978, 4310692.792999998], [-9450368.7399, 4310692.0309000015], [-9450353.6673, 4310694.2896], [-9450343.8712, 4310698.825499997], [-9450270.0293, 4310758.552900001], [-9450205.1968, 4310819.0704], [-9450162.2497, 4310850.0776999965], [-9450153.9675, 4310857.634300001], [-9450146.4201, 4310867.468099996], [-9450135.8818, 4310887.126699999], [-9450123.043, 4310922.6884], [-9450111.7329, 4310963.548], [-9450107.1911, 4310993.049800001], [-9450108.6976, 4311000.615900002], [-9450111.7032, 4311007.428800002], [-9450117.7219, 4311012.736100003], [-9450148.6019, 4311024.085100003], [-9450159.155, 4311030.1543999985], [-9450160.6615, 4311036.214500003], [-9450159.9045, 4311040.759599999], [-9450156.8841, 4311046.048500001], [-9450144.8393, 4311061.162299998], [-9450128.9874, 4311077.8002], [-9450099.5991, 4311105.043499999], [-9450072.4594, 4311127.723200001], [-9450057.4015, 4311136.785999998], [-9450037.7945, 4311145.104999997], [-9449993.3557, 4311158.712899998], [-9449984.3166, 4311159.456699997], [-9449970.7579, 4311157.170299999], [-9449939.1134, 4311147.327200003], [-9449869.0563, 4311137.465599999], [-9449823.8754, 4311129.871799998], [-9449793.7376, 4311123.040299997], [-9449780.9358, 4311121.516199999], [-9449716.1404, 4311118.4586], [-9449608.4128, 4311105.5484], [-9449497.6944, 4311084.301100001], [-9449487.1561, 4311079.755999997], [-9449474.3396, 4311071.4186], [-9449438.2053, 4311044.919100001], [-9449414.0935, 4311034.304799996], [-9449397.5291, 4311030.512500003], [-9449386.2338, 4311025.985799998], [-9449368.1556, 4311019.907200001], [-9449338.7895, 4311007.7870000005], [-9449303.3899, 4310986.576499999], [-9449272.5098, 4310970.6734], [-9449258.2016, 4310964.613300003], [-9449242.372, 4310960.821000002], [-9449232.5981, 4310959.306000002], [-9449216.0115, 4310958.534699999], [-9449206.9723, 4310959.296899997], [-9449186.6379, 4310957.754299998], [-9449171.5653, 4310955.4771], [-9449130.1321, 4310942.585600004], [-9449114.31, 4310939.555600002], [-9449099.2521, 4310939.527999997], [-9449091.7269, 4310941.061499998], [-9449084.1869, 4310944.8352999985], [-9449069.8638, 4310954.669200003], [-9449052.5276, 4310969.0205999985], [-9449024.6458, 4310996.245200001], [-9448957.5498, 4311071.8869], [-9448910.0609, 4311118.0178999975], [-9448889.7117, 4311141.4597999975], [-9448876.1307, 4311160.365800001], [-9448863.3067, 4311195.156999998], [-9448848.9465, 4311263.270800002], [-9448834.6086, 4311317.730800003], [-9448824.7827, 4311364.643200003], [-9448819.4616, 4311436.522600003], [-9448814.9421, 4311450.893100001], [-9448794.5706, 4311484.923100002], [-9448781.7466, 4311512.911200002], [-9448777.227, 4311519.715400003], [-9448768.93, 4311526.5380000025], [-9448745.5678, 4311535.573600002], [-9448728.2316, 4311548.447300002], [-9448700.3498, 4311578.712899998], [-9448651.3544, 4311608.1888], [-9448618.9381, 4311632.375600003], [-9448568.4584, 4311658.077600002], [-9448541.3187, 4311673.182899997], [-9448511.9378, 4311693.595799997], [-9448422.9861, 4311749.545599997], [-9448366.4432, 4311794.145800002], [-9448360.4245, 4311796.423199996], [-9448354.3984, 4311795.651900001], [-9448343.8453, 4311791.877800003], [-9448279.8366, 4311760.803599998], [-9448263.2648, 4311756.983499996], [-9448236.8895, 4311756.230599999], [-9448237.0602, 4311740.041500002], [-9448191.8497, 4311724.9362], [-9448105.1985, 4311687.893399999], [-9448082.5932, 4311679.592500001], [-9447998.1982, 4311653.917999998], [-9447980.8694, 4311651.659000002], [-9447955.2511, 4311652.430399999], [-9447934.1672, 4311656.9758], [-9447917.5954, 4311663.789099999], [-9447908.5563, 4311670.620999999], [-9447896.519, 4311683.504199997], [-9447882.9602, 4311706.9750000015], [-9447876.192, 4311725.138099998], [-9447877.7208, 4311760.693400003], [-9447900.3706, 4311849.214599997], [-9447902.6563, 4311885.523199998], [-9447898.159, 4311927.148800001], [-9447889.8843, 4311958.186800003], [-9447879.3535, 4311979.3807], [-9447856.0135, 4312010.418799996], [-9447822.8848, 4312046.764600001], [-9447802.5578, 4312066.4529], [-9447795.0178, 4312076.287799999], [-9447761.147, 4312139.126800001], [-9447746.8536, 4312160.311999999], [-9447725.7696, 4312183.783699997], [-9447697.8952, 4312207.264700003], [-9447670.0283, 4312223.160499997], [-9447643.6678, 4312233.766999997], [-9447621.8195, 4312239.102399997], [-9447560.8016, 4312248.2026999965], [-9447550.2633, 4312252.004500002], [-9447540.4672, 4312258.809199996], [-9447526.1589, 4312273.952200003], [-9447518.6263, 4312276.220399998], [-9447498.2771, 4312276.238799997], [-9447385.2655, 4312262.684600003], [-9447327.2457, 4312258.919399999], [-9447303.1414, 4312258.937899999], [-9447279.7866, 4312261.206], [-9447240.6169, 4312267.294399999], [-9447212.7425, 4312274.1175], [-9447159.2646, 4312290.050099999], [-9447144.1919, 4312292.327600002], [-9447111.0262, 4312294.614200003], [-9447063.5595, 4312286.303400002], [-9447006.2893, 4312272.7124999985], [-9446982.9345, 4312271.2249], [-9446911.3635, 4312278.810000002], [-9446886.5095, 4312278.066200003], [-9446860.1342, 4312272.795199998], [-9446837.5364, 4312265.990500003], [-9446825.4841, 4312258.423600003], [-9446812.6676, 4312244.061300002], [-9446801.3501, 4312225.144100003], [-9446795.3165, 4312204.702600002], [-9446790.7822, 4312181.258400001], [-9446789.2608, 4312157.042800002], [-9446789.9807, 4312111.642099999], [-9446797.4761, 4311979.215400003], [-9446796.7043, 4311967.112599999], [-9446791.4278, 4311950.4824], [-9446780.8747, 4311929.261], [-9446768.8077, 4311913.374600001], [-9446749.9649, 4311896.753899999], [-9446726.6101, 4311882.3737], [-9446708.5318, 4311875.578299999], [-9446685.9191, 4311872.575599998], [-9446652.026, 4311871.078900002], [-9446585.7093, 4311875.651900001], [-9446460.6455, 4311874.191799998], [-9446422.9824, 4311876.478299998], [-9446392.8519, 4311880.261500001], [-9446377.7793, 4311884.063199997], [-9446367.9906, 4311890.867600001], [-9446351.4262, 4311909.0405], [-9446341.6449, 4311923.429799996], [-9446301.748, 4311993.072400004], [-9446293.4659, 4312003.669500001], [-9446237.7245, 4312064.221500002], [-9446198.5846, 4312116.463200003], [-9446184.2689, 4312130.090800002], [-9446160.1719, 4312146.739500001], [-9446134.5536, 4312161.138499998], [-9446112.7127, 4312168.714500003], [-9446083.3391, 4312176.2905], [-9446035.8725, 4312183.875600003], [-9445976.3611, 4312191.469999999], [-9445887.4465, 4312189.238600001], [-9445843.0003, 4312190.762800001], [-9445797.0328, 4312188.5222999975], [-9445790.2571, 4312190.790399998], [-9445772.1788, 4312205.914899997], [-9445754.108, 4312231.645800002], [-9445734.5305, 4312263.465099998], [-9445716.4597, 4312305.836000003], [-9445684.845, 4312373.956699997], [-9445649.4602, 4312429.974200003], [-9445639.6641, 4312442.839900002], [-9445617.0736, 4312465.540899999], [-9445587.6853, 4312489.013300002], [-9445553.0427, 4312507.967699997], [-9445536.4709, 4312515.5348000005], [-9445527.4392, 4312517.803000003], [-9445510.1104, 4312518.5744], [-9445491.2751, 4312514.790899999], [-9445477.7016, 4312508.739100002], [-9445449.8272, 4312489.068499997], [-9445399.3327, 4312446.715300001], [-9445375.2134, 4312424.023500003], [-9445336.7711, 4312380.908299997], [-9445326.9898, 4312374.094499998], [-9445270.4469, 4312343.8451000005], [-9445220.7093, 4312304.513599999], [-9445201.1171, 4312292.410400003], [-9445189.0649, 4312282.575300001], [-9445154.4, 4312231.140799999], [-9445143.0899, 4312219.790600002], [-9445128.0172, 4312209.955499999], [-9445110.6811, 4312203.150899999], [-9445094.1168, 4312200.120499998], [-9445076.788, 4312200.891900003], [-9445057.9527, 4312204.6752], [-9445039.8744, 4312212.251199998], [-9444931.4047, 4312282.657899998], [-9444892.2277, 4312316.718000002], [-9444820.6938, 4312403.021600001], [-9444794.3333, 4312431.783399999], [-9444777.0045, 4312443.905299999], [-9444738.5845, 4312460.545299999], [-9444696.3944, 4312482.502499998], [-9444636.8755, 4312493.118299998], [-9444585.6463, 4312506.011699997], [-9444535.9162, 4312509.042199999], [-9444517.0809, 4312511.319700003], [-9444450.022, 4312523.450800002], [-9444434.9642, 4312524.213100001], [-9444396.5367, 4312520.438699998], [-9444362.6287, 4312522.725400001], [-9444348.3205, 4312521.963100001], [-9444327.9713, 4312516.664399996], [-9444251.8658, 4312480.362800002], [-9444241.3202, 4312472.786600001], [-9444229.268, 4312458.424000002], [-9444203.6422, 4312419.836000003], [-9444181.7865, 4312395.619900003], [-9444096.6419, 4312314.679399997], [-9444082.3114, 4312304.835199997], [-9444055.9435, 4312289.710600004], [-9444011.4824, 4312261.7205], [-9443980.5876, 4312240.544200003], [-9443966.2644, 4312233.730499998], [-9443939.1322, 4312223.895400003], [-9443883.3982, 4312207.264899999], [-9443779.4257, 4312195.9331], [-9443693.5316, 4312191.414999999], [-9443659.6311, 4312187.649899997], [-9443622.7176, 4312188.412199996], [-9443503.7297, 4312208.3500000015], [-9443500.6669, 4312208.8627], [-9443465.2598, 4312213.408299997], [-9443459.2263, 4312215.685800001], [-9443452.4358, 4312220.956799999], [-9443447.9385, 4312227.0176], [-9443432.1163, 4312267.891599998], [-9443420.0641, 4312286.055699997], [-9443404.2419, 4312303.457800001], [-9443383.1505, 4312319.362899996], [-9443352.2557, 4312337.536399998], [-9443324.3813, 4312351.917199999], [-9443259.6081, 4312398.843199998], [-9443237.7524, 4312412.471199997], [-9443175.8279, 4312444.561800003], [-9443051.25, 4314057.623000003], [-9442483.3866, 4314151.152000003], [-9442285.0131, 4314135.158], [-9441789.2532, 4314095.410700001], [-9441787.3074, 4314147.25], [-9441782.1613, 4314282.2544], [-9441672.9173, 4314092.387800001], [-9441642.9108, 4314092.7245000005], [-9441600.0285, 4314094.647600003], [-9441260.3639, 4313857.785899997], [-9441179.5504, 4313301.694899999], [-9441162.1591, 4313304.240199998], [-9441201.0715, 4313238.7258], [-9441215.9138, 4313142.0261999965], [-9441293.4889, 4313128.198399998], [-9441296.371, 4313125.441100001], [-9441297.6422, 4313115.800800003], [-9441274.4403, 4313068.622900002], [-9441281.6762, 4313018.746799998], [-9441273.9102, 4313003.034100004], [-9441243.2175, 4312985.299699999], [-9441217.7936, 4312950.1071000025], [-9441162.5053, 4312935.256899998], [-9441095.265, 4312881.070200004], [-9441073.7911, 4312846.327], [-9441070.8396, 4312847.551200002], [-9441031.8753, 4313007.454700001], [-9440983.9255, 4313016.3369999975], [-9440954.977, 4313050.545699999], [-9440928.3017, 4313077.494199999], [-9440896.1266, 4313134.143100001], [-9440856.104, 4313139.500200003], [-9440824.3977, 4313180.755599998], [-9440739.3285, 4313230.2245000005], [-9440697.4847, 4313256.081299998], [-9440683.824, 4313269.047200002], [-9440678.6241, 4313284.781099997], [-9440688.0688, 4313393.194200002], [-9440521.9082, 4313367.054799996], [-9440479.6302, 4313372.391000003], [-9440428.1714, 4313332.625299998], [-9440385.8708, 4313328.849100001], [-9440355.3313, 4313324.0820999965], [-9440176.0067, 4313422.319399998], [-9440245.9247, 4313426.0167], [-9440260.9899, 4313461.175999999], [-9440120.1641, 4313453.300800003], [-9440095.199, 4313452.421700001], [-9440011.3913, 4313474.053999998], [-9439938.3214, 4313501.671999998], [-9439901.857, 4313546.893399999], [-9439826.9241, 4313606.571599998], [-9439725.482, 4313607.365400001], [-9439706.1424, 4313607.516500004], [-9439675.1499, 4313574.482000001], [-9439656.9742, 4313556.206600003], [-9439474.7379, 4313611.314400002], [-9439449.5966, 4313304.554799996], [-9439440.2974, 4313274.831600003], [-9439401.663, 4313230.131200001], [-9439399.9791, 4313171.298299998], [-9439403.2632, 4313145.031199999], [-9439436.7777, 4313104.209899999], [-9439411.234, 4313072.330799997], [-9439389.472, 4313035.777500004], [-9439345.7713, 4312980.979099996], [-9439325.4173, 4312943.513400003], [-9439282.9935, 4312911.683200002], [-9439275.1616, 4312895.185699999], [-9439267.7348, 4312818.914800003], [-9439199.845, 4312815.0933], [-9439170.5859, 4312813.437799998], [-9439039.6902, 4312872.0691], [-9438970.0643, 4312928.083700001], [-9438949.313, 4312936.0044], [-9438860.8971, 4312919.570900001], [-9438813.164, 4312902.5713], [-9438764.1701, 4312882.162900001], [-9438757.7772, 4312877.840599999], [-9438691.4669, 4312824.510700002], [-9438597.3557, 4312848.298799999], [-9438542.5963, 4312874.048600003], [-9438471.0221, 4312845.365500003], [-9438440.2202, 4312829.423799999], [-9438377.9965, 4312840.995399997], [-9438335.2729, 4312851.913900003], [-9438294.0856, 4312859.223899998], [-9438245.7657, 4312823.806500003], [-9438300.4124, 4312581.6888], [-9438230.7467, 4312548.540299997], [-9438427.7679, 4311677.2124999985], [-9438354.2453, 4311640.387199998], [-9438294.5443, 4311749.4551], [-9438277.9474, 4311782.7029], [-9438245.3077, 4311840.890699998], [-9438230.7385, 4311855.538800001], [-9438214.7115, 4311867.0493], [-9438193.1574, 4311877.136200003], [-9438183.7879, 4311880.268600002], [-9438181.8307, 4311881.316399999], [-9438180.5795, 4311882.179499999], [-9438151.0511, 4311915.029799998], [-9438122.361, 4311932.222199999], [-9438098.0669, 4311933.354599997], [-9438024.6384, 4311954.5339], [-9437988.1431, 4311933.906800002], [-9437960.9004, 4311931.791500002], [-9437872.4805, 4311923.821000002], [-9437801.3016, 4311898.627099998], [-9437710.9332, 4311839.173100002], [-9437715.4432, 4311827.952500001], [-9437709.1988, 4311824.843599997], [-9437660.0747, 4311818.657799996], [-9437635.6473, 4311798.7892], [-9437597.0021, 4311794.677599996], [-9437543.7884, 4311797.6778], [-9437506.3225, 4311778.830499999], [-9437491.3167, 4311766.504799999], [-9437484.3825, 4311769.244599998], [-9437459.2388, 4311776.479099996], [-9437423.8267, 4311770.511], [-9437397.3388, 4311754.542099997], [-9437374.9179, 4311728.256399997], [-9437365.9414, 4311699.904799998], [-9437354.1548, 4311671.035599999], [-9437336.2977, 4311659.255900003], [-9437317.7008, 4311649.642700002], [-9437310.1244, 4311646.869499996], [-9437251.0695, 4311633.516099997], [-9437248.0292, 4311633.108999997], [-9437241.7947, 4311633.1061], [-9437240.9937, 4311633.220700003], [-9437229.1374, 4311636.392700002], [-9437228.7668, 4311636.566399999], [-9437209.4062, 4311649.295299999], [-9437165.1109, 4311674.501199998], [-9437147.2725, 4311691.771499999], [-9437123.7121, 4311709.185699999], [-9437114.5794, 4311713.766099997], [-9437099.5276, 4311721.314900003], [-9437099.0217, 4311721.6536], [-9437097.528, 4311723.858400002], [-9437088.9135, 4311747.4098000005], [-9437069.6494, 4311774.460000001], [-9437032.5966, 4311795.768700004], [-9436990.9903, 4311795.635200001], [-9436964.9485, 4311782.5528], [-9436932.9969, 4311864.465599999], [-9436891.5465, 4311872.989100002], [-9436891.4047, 4311873.018200003], [-9436850.3962, 4311881.4507], [-9436834.0077, 4311876.163999997], [-9436819.7998, 4311878.770000003], [-9436802.1058, 4311875.780199997], [-9436798.5584, 4311877.555100001], [-9436760.1636, 4311890.438699998], [-9436690.9691, 4311919.808399998], [-9436630.5206, 4311924.592699997], [-9436606.194, 4311932.8369999975], [-9436583.0281, 4311950.919500001], [-9436523.6888, 4311993.385700002], [-9436500.6569, 4311995.736699998], [-9436445.0023, 4312001.417499997], [-9436383.9339, 4311974.4265], [-9436377.7453, 4311971.183899999], [-9436341.6689, 4311968.888899997], [-9436309.7831, 4311957.965899996], [-9436271.5022, 4311939.446699999], [-9436231.3847, 4311923.226599999], [-9436200.1475, 4311907.760799997], [-9436161.3573, 4311891.5419000015], [-9436156.5872, 4311886.297399998], [-9436151.1205, 4311885.217600003], [-9436132.4375, 4311885.631700002], [-9436082.6792, 4311893.251000002], [-9435752.9962, 4311888.6613000035], [-9435548.8859, 4311886.208499998], [-9435555.5698, 4311922.8794], [-9435545.0167, 4311934.2293], [-9435538.3183, 4311946.563199997], [-9435543.9813, 4311955.4526999965], [-9435543.2363, 4311988.832800001], [-9435512.0815, 4312018.959100001], [-9435492.41, 4312046.127499998], [-9435478.8513, 4312112.644699998], [-9435470.9059, 4312154.1316], [-9435469.9881, 4312173.0424000025], [-9435478.4056, 4312216.994800001], [-9435502.2024, 4312218.792499997], [-9435530.0772, 4312477.570799999], [-9435456.3214, 4312484.258100003], [-9435425.055, 4312427.2136999965], [-9435423.8209, 4312426.0009], [-9435422.5451, 4312424.832400002], [-9435421.2294, 4312423.7097999975], [-9435419.8751, 4312422.634099998], [-9435418.4841, 4312421.606899999], [-9435417.058, 4312420.629500002], [-9435415.5986, 4312419.703000002], [-9435414.1077, 4312418.828400001], [-9435412.5871, 4312418.007100001], [-9435411.0387, 4312417.240000002], [-9435409.4644, 4312416.527999997], [-9435428.7033, 4312383.984499998], [-9435425.1874, 4312325.991899997], [-9435444.0866, 4312286.295599997], [-9435445.344, 4312246.9912], [-9435445.4425, 4312243.915600002], [-9435432.6652, 4312175.781400003], [-9435433.7246, 4312149.819200002], [-9435440.6804, 4312112.127800003], [-9435449.5575, 4312086.229699999], [-9435466.6115, 4312019.869199999], [-9435484.1701, 4311975.0141], [-9435471.7497, 4311891.1657000035], [-9435473.0987, 4311884.756300002], [-9435492.2947, 4311885.0244999975], [-9435536.359, 4311885.639899999], [-9435548.9947, 4311885.816299997], [-9435555.7371, 4311861.508500002], [-9435562.1138, 4311847.2897000015], [-9435545.7877, 4311848.474699996], [-9435408.7504, 4311858.4201000035], [-9435376.325, 4311872.9592999965], [-9435327.2145, 4311781.248999998], [-9435378.1318, 4311707.705899999], [-9435412.0027, 4311655.2038], [-9435383.7784, 4311602.011500001], [-9435311.2559, 4311566.832199998], [-9435241.9473, 4311622.015000001], [-9435214.4679, 4311648.000299998], [-9435209.1922, 4311649.504799999], [-9435170.7847, 4311640.409400001], [-9435160.9896, 4311641.1635000035], [-9435153.4543, 4311644.180100001], [-9435147.4167, 4311648.7211000025], [-9435133.0985, 4311669.893799998], [-9435126.3167, 4311676.702100001], [-9435118.0244, 4311681.998000003], [-9435098.4442, 4311657.768700004], [-9435087.9058, 4311649.442100003], [-9435075.857, 4311643.377499998], [-9435066.0597, 4311642.616800003], [-9435053.2561, 4311644.120700002], [-9435031.4039, 4311649.400700003], [-9435020.4758, 4311647.751699999], [-9435016.3384, 4311647.127400003], [-9434985.4678, 4311623.654600002], [-9434973.424, 4311616.8325999975], [-9434958.354, 4311611.529799998], [-9434944.0478, 4311608.491800003], [-9434922.9576, 4311606.972900003], [-9434896.5887, 4311613.004600003], [-9434886.0393, 4311617.540299997], [-9434858.1461, 4311637.193899997], [-9434834.785, 4311650.036899999], [-9434823.487, 4311650.0358000025], [-9434810.6839, 4311647.752599999], [-9434781.3027, 4311640.1686], [-9434775.8372, 4311630.2236], [-9434701.2369, 4311670.5185], [-9434604.5147, 4311498.9036], [-9434667.9542, 4311448.636], [-9434958.312, 4311531.658], [-9435140.7834, 4311433.0901999995], [-9435134.691, 4311421.7126], [-9435108.7806, 4311373.324500002], [-9435080.8317, 4311381.628799997], [-9435015.7086, 4311392.7228000015], [-9434967.9391, 4311392.760700002], [-9434896.0355, 4311380.826700002], [-9434865.0993, 4311367.077100001], [-9434847.021, 4311345.8935], [-9434840.2454, 4311334.535099998], [-9434837.2397, 4311322.423600003], [-9434833.4994, 4311282.315399997], [-9434817.744, 4311193.027599998], [-9434813.2244, 4311178.657399997], [-9434788.415, 4311122.655500002], [-9434779.3833, 4311094.640799999], [-9434773.372, 4311067.397600003], [-9434772.6373, 4311052.274700001], [-9434781.7135, 4310998.559799999], [-9434783.2349, 4310973.575599998], [-9434781.0308, 4310877.4956], [-9434776.5483, 4310831.347499996], [-9434769.7875, 4310791.241099998], [-9434761.5202, 4310766.266400002], [-9434750.9745, 4310744.312700003], [-9434739.7015, 4310729.934], [-9434732.1615, 4310722.377499998], [-9434714.855, 4310714.8116], [-9434697.5337, 4310707.971299998], [-9434584.5444, 4310673.842699997], [-9434551.4157, 4310667.782799996], [-9434503.2218, 4310666.2403], [-9434419.5911, 4310668.443899997], [-9434357.831, 4310663.100100003], [-9434321.1846, 4310652.8347999975], [-9434321.1921, 4310653.716300003], [-9434202.9411, 4310653.046099998], [-9434184.848, 4310651.5402000025], [-9434171.2892, 4310649.299999997], [-9434160.751, 4310645.507799998], [-9434128.3422, 4310628.898100004], [-9434120.8095, 4310628.145300001], [-9434108.7647, 4310628.145300001], [-9434055.2943, 4310637.2443], [-9434028.9264, 4310639.549000002], [-9434020.6294, 4310638.786799997], [-9433933.2436, 4310610.0847999975], [-9433875.2386, 4310599.535099998], [-9433814.2207, 4310582.9164], [-9433786.3389, 4310577.627700001], [-9433756.9728, 4310573.8816], [-9433677.1121, 4310569.373300001], [-9433657.5274, 4310571.659599997], [-9433640.9556, 4310576.1954], [-9433622.1278, 4310584.541500002], [-9433579.203, 4310606.522500001], [-9433552.1003, 4310617.108900003], [-9433412.758, 4310643.6624], [-9433404.4684, 4310642.9186], [-9433377.3509, 4310633.085000001], [-9433350.9905, 4310633.874700002], [-9433329.8918, 4310631.615999997], [-9433283.9539, 4310642.973700002], [-9433230.476, 4310649.052100003], [-9433067.7936, 4310694.538400002], [-9432965.3797, 4310730.145400003], [-9432942.0323, 4310742.2654], [-9432920.9409, 4310757.415299997], [-9432855.4405, 4310820.246699996], [-9432835.1136, 4310836.911799997], [-9432811.7587, 4310852.043399997], [-9432784.6487, 4310867.184500001], [-9432705.5674, 4310899.7711], [-9432658.123, 4310897.512400001], [-9432649.0838, 4310898.2651999965], [-9432641.5586, 4310902.057400003], [-9432582.8042, 4310949.748400003], [-9432495.4406, 4311006.5392], [-9432483.4181, 4311019.4032000005], [-9432466.8538, 4311048.932700001], [-9432462.349, 4311060.2817], [-9432457.0577, 4311067.838500001], [-9432387.0377, 4311129.918700002], [-9432353.909, 4311160.963600002], [-9432344.1277, 4311165.4903], [-9432318.5094, 4311170.797700003], [-9432312.4907, 4311173.827799998], [-9432291.3919, 4311193.505099997], [-9432286.1302, 4311196.5537], [-9432267.2949, 4311202.613899998], [-9432261.2837, 4311205.644000001], [-9432252.9867, 4311216.230999999], [-9432246.9755, 4311220.767099999], [-9432222.8637, 4311232.1439], [-9432217.6019, 4311237.4419], [-9432197.275, 4311267.706600003], [-9432191.2489, 4311271.489600003], [-9432183.7163, 4311274.5198], [-9432152.8214, 4311277.568400003], [-9432128.7244, 4311281.351400003], [-9432117.4218, 4311284.381499998], [-9432108.3975, 4311289.670500003], [-9432084.2931, 4311310.872500002], [-9432012.0022, 4311363.872699998], [-9431983.3708, 4311381.282399997], [-9431954.0047, 4311395.689499997], [-9431929.1508, 4311404.761600003], [-9431908.809, 4311410.078199998], [-9431893.7512, 4311418.397399999], [-9431889.9738, 4311422.189900003], [-9431879.4429, 4311441.867600001], [-9431866.656, 4311462.298600003], [-9431851.5908, 4311480.452200003], [-9431819.2191, 4311508.467799999], [-9431797.3707, 4311523.600400001], [-9431790.5877, 4311529.6608000025], [-9431766.4982, 4311565.224600002], [-9431757.459, 4311575.077500001], [-9431715.2837, 4311604.608499996], [-9431704.7529, 4311615.9580999985], [-9431696.4559, 4311628.822899997], [-9431679.1494, 4311665.9111], [-9431637.746, 4311774.119199999], [-9431627.2152, 4311808.168700002], [-9431627.23, 4311819.5185], [-9431631.7496, 4311836.175999999], [-9431643.8166, 4311861.143799998], [-9431643.0596, 4311872.493699998], [-9431638.5252, 4311886.120999999], [-9431610.6879, 4311930.005500004], [-9431594.888, 4311969.372299999], [-9431561.0023, 4312028.390500002], [-9431554.9688, 4312034.451200001], [-9431551.2062, 4312035.9663999975], [-9431546.7015, 4312035.9573], [-9431533.1205, 4312026.893799998], [-9431529.3579, 4312026.131499998], [-9431525.5953, 4312026.893799998], [-9431521.0609, 4312029.924099997], [-9431507.517, 4312047.334899999], [-9431479.6648, 4312095.765699998], [-9431453.7284, 4312132.524700001], [-9431434.9155, 4312146.708700001], [-9431423.2543, 4312155.905199997], [-9431397.721, 4312157.399899997], [-9431382.5437, 4312157.336000003], [-9431456.8422, 4312263.789800003], [-9431489.0146, 4312309.885399997], [-9431500.6036, 4312326.489799999], [-9431568.3366, 4312423.534599997], [-9431448.1871, 4312374.8939], [-9431426.0047, 4312383.9155], [-9431404.5818, 4312376.928800002], [-9431382.549, 4312387.4912], [-9431348.7353, 4312380.1919], [-9431344.0886, 4312381.648199998], [-9431331.8167, 4312383.331600003], [-9431243.8981, 4312421.311099999], [-9431230.3432, 4312383.219499998], [-9431167.4737, 4312394.055600002], [-9431146.153, 4312386.506300002], [-9431098.8656, 4312415.023199998], [-9431053.8897, 4312426.088500001], [-9430945.0351, 4312510.499700002], [-9430929.5024, 4312552.737499997], [-9430846.9128, 4312777.3178], [-9430949.7381, 4312849.2102999985], [-9430993.7467, 4312852.302599996], [-9431121.2394, 4312868.886799999], [-9431162.4832, 4312927.588500001], [-9431197.1145, 4313017.4821000025], [-9431229.6737, 4313069.439000003], [-9431261.7595, 4313173.797799997], [-9431263.6598, 4313179.979000002], [-9431360.9408, 4313367.813299999], [-9431379.1262, 4313485.252800003], [-9431388.2268, 4313579.665899999], [-9431420.2945, 4313629.874600001], [-9431452.9774, 4313653.758699998], [-9431466.1347, 4313682.628700003], [-9431541.5792, 4313732.760899998], [-9431570.7709, 4313784.497599997], [-9431572.3161, 4313791.362000003], [-9431573.8105, 4313798.001500003], [-9431545.8389, 4313837.758699998], [-9431551.5822, 4313839.5471], [-9431585.5457, 4313850.122599997], [-9431578.1557, 4313864.693099998], [-9431598.8875, 4313893.312700003], [-9431756.8821, 4313981.5151999965], [-9431720.283, 4314047.6171], [-9431554.3021, 4313954.904600002], [-9431497.8132, 4313876.9223000035], [-9431512.7675, 4313844.3488000035], [-9431506.3156, 4313815.684299998], [-9431491.511, 4313789.445699997], [-9431413.1711, 4313737.3891], [-9431399.2648, 4313706.875299998], [-9431371.1, 4313686.292599998], [-9431321.5777, 4313608.753899999], [-9431310.935, 4313498.336099997], [-9431294.9837, 4313395.319799997], [-9431200.268, 4313212.436099999], [-9431193.7361, 4313191.1906], [-9431167.2067, 4313104.9016999975], [-9431136.0635, 4313055.203900002], [-9431102.158, 4312967.192900002], [-9431085.3306, 4312943.242399998], [-9430992.8253, 4312931.2092999965], [-9430930.3384, 4312926.818599999], [-9430826.53, 4312854.238300003], [-9430758.7003, 4313038.680799998], [-9430693.9849, 4313214.6514], [-9430727.6713, 4313758.075400002], [-9430693.5706, 4313861.156900004], [-9430709.6236, 4313884.892300002], [-9430742.9626, 4313931.098899998], [-9430778.3949, 4313973.677199997], [-9430807.0182, 4314007.597400002], [-9430824.7063, 4314039.106700003], [-9430840.9616, 4314062.4592999965], [-9430855.4297, 4314082.608599998], [-9430877.9578, 4314064.493699998], [-9430899.8172, 4314042.438500002], [-9430917.4339, 4314025.748899996], [-9430923.436, 4314020.7223000005], [-9430927.4762, 4314017.489], [-9430958.8799, 4313982.895199999], [-9430984.3371, 4313959.6548999995], [-9431137.8934, 4314229.169699997], [-9431262.5223, 4314490.629799999], [-9431264.2341, 4314494.111000001], [-9431573.4037, 4314579.501900002], [-9431526.8678, 4314645.764399998], [-9431478.1853, 4314743.023500003], [-9431468.6421, 4314770.031400003], [-9431455.5713, 4314849.484399997], [-9431448.9832, 4314862.862899996], [-9431437.9052, 4314873.187600002], [-9431424.1888, 4314878.860200003], [-9431268.9607, 4314907.234300002], [-9431276.0351, 4314918.661899999], [-9431267.0873, 4314923.137199998], [-9431252.3858, 4314925.0995000005], [-9431261.2418, 4314940.335900001], [-9431326.2562, 4315052.189499997], [-9431389.3306, 4315129.388599999], [-9431378.6527, 4315156.873499997], [-9431398.0398, 4315162.915100001], [-9431430.6828, 4315230.730899997], [-9431452.7811, 4315250.695100002], [-9431511.9826, 4315279.138099998], [-9431550.0553, 4315292.0546], [-9431577.489, 4315283.1906], [-9431674.1985, 4315301.806199998], [-9431711.0824, 4315384.865599997], [-9431740.3371, 4315417.385399997], [-9431781.286, 4315440.2205], [-9431876.8819, 4315533.513999999], [-9431851.9919, 4315629.495700002], [-9431867.0977, 4315660.2929000035], [-9431970.9447, 4315771.988799997], [-9431924.6478, 4315838.011], [-9431939.2236, 4315895.380999997], [-9431987.3389, 4315946.440399997], [-9432127.7401, 4316025.708300002], [-9432056.4903, 4316110.767300002], [-9432081.4159, 4316178.101599999], [-9431974.0809, 4316221.377700001], [-9431959.9501, 4316223.692400001], [-9431950.5488, 4316291.247100003], [-9431957.1919, 4316349.036399998], [-9431938.0841, 4316425.391099997], [-9431966.5803, 4316480.427599996], [-9431958.2255, 4316569.067000002], [-9431958.4068, 4316570.650200002], [-9431962.0776, 4316569.459100001], [-9432048.2368, 4316531.364699997], [-9432128.4898, 4316494.3649], [-9432182.8637, 4316469.425399996], [-9432248.2233, 4316386.681299999], [-9432272.4483, 4316362.9934], [-9432346.8997, 4316231.135499999], [-9432430.6074, 4316149.357500002], [-9432516.7695, 4315995.904700004], [-9432612.0883, 4316077.387000002], [-9432666.1989, 4316132.075300001], [-9432683.8063, 4316172.134199999], [-9432726.8879, 4316145.991700001], [-9432858.7004, 4316242.254900001], [-9432884.725, 4316256.378899999], [-9432963.6429, 4316336.685199998], [-9432987.8767, 4316352.829400003], [-9433049.578, 4316322.6696000025], [-9433155.0289, 4316384.141500004], [-9433208.9082, 4316491.896499999], [-9433175.3915, 4316535.611100003], [-9433238.5145, 4316632.036499999], [-9433293.7063, 4316663.670999996], [-9433341.1047, 4316716.695], [-9433383.7774, 4316730.906900004], [-9433423.2401, 4316735.990999997], [-9433464.769, 4316690.986599997], [-9433563.0794, 4316724.706699997], [-9433608.8683, 4316738.387000002], [-9433682.256, 4316754.057300001], [-9433755.1794, 4316798.559699997], [-9433845.2547, 4316758.673900001], [-9433932.659, 4316855.217799999], [-9433933.4501, 4316869.1008], [-9433977.6694, 4316827.237300001], [-9434030.2289, 4316748.429099999], [-9434214.8184, 4316831.8653], [-9434224.4545, 4316851.729099996], [-9434246.7383, 4316902.235600002], [-9434246.7546, 4316902.236100003], [-9434250.8113, 4316910.521499999], [-9434253.7533, 4316942.877700001], [-9434272.8425, 4317008.295900002], [-9434249.1757, 4317091.559600003], [-9434193.7021, 4317160.844499998], [-9434139.4628, 4317218.714900002], [-9434102.8078, 4317241.318499997], [-9434101.8245, 4317264.524300002], [-9434121.2295, 4317319.832900003], [-9434143.2032, 4317382.484300002], [-9434177.2918, 4317476.310999997], [-9434142.7469, 4317546.129000001], [-9434144.6309, 4317589.566699997], [-9434145.319, 4317598.1193], [-9434146.9481, 4317733.960500002], [-9434210.8636, 4317797.6065], [-9434300.8511, 4317804.765000001], [-9434304.0213, 4317770.296099998], [-9434436.3425, 4317596.698700003], [-9434488.6834, 4317562.432999998], [-9434507.7453, 4317498.764700003], [-9434619.4465, 4317453.042999998], [-9434672.4839, 4317407.6215], [-9434763.8959, 4317379.254199997], [-9434862.0046, 4317327.4036], [-9434968.3626, 4317255.3028], [-9435022.6684, 4317218.331500001], [-9435039.26, 4317243.141900003], [-9435322.1171, 4317155.684100002], [-9435413.706, 4317148.033399999], [-9435495.8923, 4317217.825400002], [-9435520.0841, 4317284.399700001], [-9435525.6026, 4317295.372000001], [-9435540.2317, 4317310.933300003], [-9435600.8088, 4317350.661799997], [-9435664.9899, 4317393.551899999], [-9435707.679, 4317393.491499998], [-9435760.6188, 4317450.250100002], [-9436050.8207, 4317519.195200004], [-9436333.1617, 4317586.264899999], [-9436373.1235, 4317620.125100002], [-9436385.4293, 4317627.319799997], [-9436403.8669, 4317628.4636999965], [-9436505.314, 4317621.328599997], [-9436510.9049, 4317551.380199999], [-9436558.3942, 4317532.767700002], [-9436647.5991, 4317536.620099999], [-9436747.7188, 4317666.079099998], [-9436745.4475, 4317789.411399998], [-9436734.1201, 4317825.197899997], [-9436843.6321, 4317928.5842999965], [-9436914.8441, 4317977.015000001], [-9436926.0352, 4318082.657700002], [-9437044.1467, 4318102.599399999], [-9437052.1429, 4318156.707900003], [-9437068.1379, 4318156.726400003], [-9437096.7418, 4318140.273800001], [-9437125.0528, 4318147.513400003], [-9437133.5237, 4318028.0847999975], [-9437236.0181, 4318019.0429000035], [-9437247.44, 4318003.8191], [-9437288.7878, 4317922.575199999], [-9437332.4112, 4317803.726099998], [-9437366.1203, 4317747.451200001], [-9437440.2957, 4317675.998800002], [-9437583.3138, 4317435.846000001], [-9437592.0867, 4317421.114799999], [-9437869.4224, 4317545.178099997], [-9437969.9799, 4317597.369400002], [-9437971.8679, 4317689.342100002], [-9437952.4637, 4317757.234899998], [-9437959.4866, 4317789.140799999], [-9437983.12, 4317814.540299997], [-9438022.8766, 4317865.818599999], [-9438029.1585, 4317899.7377], [-9438062.8696, 4317901.9679000005], [-9438080.9772, 4317889.565499999], [-9438139.6232, 4317876.177599996], [-9438147.4351, 4317870.790600002], [-9438122.3997, 4317809.464400001], [-9438133.6541, 4317729.047899999], [-9438150.5581, 4317695.215000004], [-9438141.9124, 4317651.062899999], [-9438146.3455, 4317583.910099998], [-9438138.7211, 4317512.779299997], [-9438221.6202, 4317455.095700003], [-9438228.1406, 4317451.8684], [-9438257.3719, 4317345.947300002], [-9438348.0645, 4317303.612400003], [-9438388.4408, 4317246.660400003], [-9438389.8193, 4317219.133299999], [-9438398.2299, 4317159.214500003], [-9438410.5452, 4317071.478799999], [-9438499.2726, 4317111.291199997], [-9438503.6699, 4317113.2817], [-9438557.9387, 4317132.471699998], [-9438562.9839, 4317137.858999997], [-9438633.5622, 4317063.233000003], [-9438685.2292, 4317079.756800003], [-9438723.2689, 4317058.361599997], [-9438796.6771, 4317074.300700001], [-9438888.5425, 4317091.226400003], [-9438919.8862, 4317120.879600003], [-9438945.2888, 4317116.9164], [-9439045.3746, 4317167.4102], [-9439102.5541, 4317213.442199998], [-9439205.9216, 4317377.394000001], [-9439246.6826, 4317361.630000003], [-9439289.8886, 4317333.455300003], [-9439328.9547, 4317270.7804000005], [-9439429.4238, 4317108.523900002], [-9439444.479, 4316995.951700002], [-9439529.9877, 4316941.535099998], [-9439572.5686, 4316914.285999998], [-9439620.5958, 4316908.802500002], [-9439672.1932, 4316903.826300003], [-9439730.1027, 4316897.173900001], [-9439799.9121, 4316888.9626], [-9440119.6556, 4316984.179099999], [-9440295.9164, 4316874.2148], [-9440397.5382, 4316812.106299996], [-9440493.176, 4316749.943099998], [-9440567.074, 4316702.327299997], [-9440755.6384, 4316719.4668999985], [-9441041.6474, 4316932.497100003], [-9441241.3539, 4317120.248800002], [-9441293.3945, 4317091.8671], [-9441516.1149, 4316969.752099998], [-9441643.2876, 4316897.724699996], [-9441737.8158, 4316849.736599997], [-9441828.4943, 4316641.564599998], [-9441879.3329, 4316639.995499998], [-9441955.2479, 4316637.2597], [-9442044.7036, 4316642.139899999], [-9442097.9263, 4316644.866800003], [-9442141.7406, 4316646.675399996], [-9442199.3086, 4316648.641000003], [-9442391.7804, 4316891.218900003], [-9442667.1522, 4316972.988600001], [-9442716.9622, 4316987.960500002], [-9442766.9822, 4317005.988300003], [-9442813.9126, 4317045.205600001], [-9442904.226, 4317114.4815], [-9442957.6326, 4317155.446900003], [-9442992.4691, 4317183.454800002], [-9443042.8315, 4317132.700599998], [-9443117.3153, 4317084.944200002], [-9443298.8869, 4317161.152099997], [-9443379.8147, 4317081.217699997], [-9443471.9777, 4317104.259900004], [-9443534.138, 4317119.281499997], [-9443630.7155, 4317146.202799998], [-9443725.3903, 4317156.467200004], [-9443780.5509, 4317091.991499998], [-9443834.5929, 4316972.6027000025], [-9443858.5566, 4316919.661899999], [-9443826.3109, 4316779.8653], [-9443970.9923, 4316655.5251], [-9444028.6595, 4316603.696999997], [-9444055.4737, 4316582.917499997], [-9443982.6965, 4316408.259900004], [-9444032.3608, 4316314.626699999], [-9444054.6774, 4316274.660700001], [-9444208.6943, 4316299.243699998], [-9444300.8881, 4316291.748999998], [-9444377.6428, 4316249.774300002], [-9444399.8649, 4316217.347400002], [-9444442.1247, 4316182.285899997], [-9444472.6756, 4316083.3445999995], [-9444498.6804, 4316002.782200001], [-9444516.5461, 4315947.434100002], [-9444537.1651, 4315883.560900003], [-9444556.9548, 4315824.161799997], [-9444579.6861, 4315755.933200002], [-9444647.2048, 4315734.5022], [-9444733.8104, 4315707.136500001], [-9444809.1877, 4315667.2157000005], [-9444883.3287, 4315673.242399998], [-9444977.3781, 4315679.817500003], [-9445059.9615, 4315685.955499999], [-9445084.5381, 4315785.364500001], [-9445098.4583, 4315840.187700003], [-9445128.844, 4315959.858999997], [-9445147.8662, 4316036.067900002], [-9445178.5518, 4316160.924500003], [-9445320.0518, 4316174.358499996], [-9445374.4333, 4316234.933200002], [-9445446.2588, 4316314.937399998], [-9445520.5546, 4316301.469499998], [-9445583.8954, 4316413.722400002], [-9445589.9264, 4316482.104099996], [-9445596.5043, 4316556.687399998], [-9445832.7855, 4316674.7874], [-9445875.3583, 4316734.641099997], [-9445898.6141, 4316767.3367], [-9445965.7244, 4316792.306400001], [-9446083.1715, 4316811.557099998], [-9446197.983, 4316834.370800003], [-9446133.8821, 4316962.739699997], [-9446144.7398, 4317002.393399999], [-9446162.1851, 4317058.977499999], [-9446102.7032, 4317174.532499999], [-9446138.6045, 4317253.443899997], [-9446334.319, 4317259.555100001], [-9446402.0062, 4317269.256399997], [-9446479.7854, 4317324.556000002], [-9446515.9667, 4317382.983099997], [-9446547.1539, 4317433.345200002], [-9446574.7449, 4317477.899800003], [-9446598.3453, 4317516.009999998], [-9446648.2195, 4317596.630800001], [-9446477.6098, 4317743.825199999], [-9446494.7916, 4317733.031900004], [-9446538.9191, 4317725.875399999], [-9446614.9599, 4317727.025899999], [-9446662.3809, 4317725.9789], [-9446698.2826, 4317735.550099999], [-9446719.7923, 4317747.927299999], [-9446733.51, 4317758.779200003], [-9446743.9525, 4317771.7751], [-9446750.366, 4317791.636200003], [-9446758.6704, 4317807.540299997], [-9446773.4537, 4317845.384900004], [-9446788.3329, 4317889.742299996], [-9446799.1484, 4317918.695100002], [-9446800.9054, 4317959.576700002], [-9446811.0891, 4317994.959399998], [-9446804.9086, 4318047.223200001], [-9446805.2263, 4318067.937600002], [-9446793.8371, 4318088.515100002], [-9446783.906, 4318102.003899999], [-9446764.2194, 4318116.887000002], [-9446762.8355, 4318140.1005000025], [-9446761.3867, 4318168.9108000025], [-9446757.238, 4318190.1329], [-9446755.2966, 4318213.340000004], [-9446758.797, 4318224.016099997], [-9446754.4831, 4318235.440800004], [-9446749.8774, 4318247.9815], [-9446753.6274, 4318261.179499999], [-9446751.146, 4318309.255199999], [-9446757.6901, 4318345.995800003], [-9446765.5922, 4318385.831200004], [-9446781.0173, 4318426.034500003], [-9446802.8659, 4318467.860600002], [-9446820.9717, 4318493.261500001], [-9446849.3143, 4318535.5227999985], [-9446855.3478, 4318549.158500001], [-9446861.3961, 4318571.1096], [-9446864.424, 4318594.567699999], [-9446866.3661, 4318698.426200002], [-9446857.8645, 4318734.432599999], [-9446861.5986, 4318749.030599996], [-9446861.1126, 4318766.937899999], [-9446868.7623, 4318780.4619999975], [-9446877.8447, 4318790.644000001], [-9446880.615, 4318799.751000002], [-9446883.0008, 4318810.4146], [-9446889.2827, 4318821.683700003], [-9446898.4106, 4318827.947800003], [-9446910.6337, 4318831.729000002], [-9446921.4081, 4318840.251400001], [-9446943.5727, 4318852.265500002], [-9446994.0968, 4318886.722000003], [-9447038.5129, 4318911.6581000015], [-9447081.6638, 4318941.202600002], [-9447118.1484, 4318957.665600002], [-9447139.5805, 4318960.714299999], [-9447169.5379, 4318973.938500002], [-9447226.0423, 4318981.873599999], [-9447288.0992, 4318991.832199998], [-9447334.2865, 4318999.926700003], [-9447366.6873, 4319010.022200003], [-9447387.2124, 4319019.217500001], [-9447406.0457, 4319030.072499998], [-9447434.2827, 4319047.474399999], [-9447448.3448, 4319061.072899997], [-9447493.4545, 4319090.146700002], [-9447522.7005, 4319116.796800002], [-9447560.0166, 4319169.011600003], [-9447576.4884, 4319220.048100002], [-9447587.3203, 4319247.884400003], [-9447598.2199, 4319269.843199998], [-9447607.7192, 4319292.345799997], [-9447618.4257, 4319331.0967999995], [-9447640.7477, 4319362.866700001], [-9447661.3659, 4319388.297499999], [-9447674.038, 4319401.6000000015], [-9447696.6817, 4319420.616499998], [-9447737.2237, 4319459.153999999], [-9447765.1059, 4319473.847499996], [-9447785.3663, 4319481.919699997], [-9447805.364, 4319488.589299999], [-9447811.0805, 4319491.251900002], [-9447826.3262, 4319497.8191], [-9447839.8045, 4319509.697700001], [-9447844.9608, 4319525.484099999], [-9447854.9746, 4319540.452100001], [-9447887.7918, 4319552.963399999], [-9447907.5244, 4319556.7761999965], [-9447937.4631, 4319556.847099997], [-9447958.1242, 4319551.571800001], [-9447973.3682, 4319539.616999999], [-9447984.5973, 4319518.517200001], [-9447990.6332, 4319495.151799999], [-9447997.1758, 4319468.365000002], [-9448003.3329, 4319462.480499998], [-9448032.4744, 4319458.6022000015], [-9448066.8849, 4319463.1281], [-9448121.6445, 4319472.174999997], [-9448158.6026, 4319484.272600003], [-9448214.0035, 4319511.9058], [-9448261.488, 4319545.542999998], [-9448305.954, 4319576.675499998], [-9448345.9835, 4319595.1461], [-9448385.2561, 4319610.084399998], [-9448428.5649, 4319632.697999999], [-9448503.3205, 4319681.395000003], [-9448547.1105, 4319713.6875], [-9448595.0811, 4319743.622500002], [-9448632.3526, 4319791.006200001], [-9448652.0135, 4319844.448100001], [-9448671.8842, 4319879.501800001], [-9448690.6393, 4319909.8473000005], [-9448708.442, 4319940.8461000025], [-9448714.1497, 4319981.868799999], [-9448719.2808, 4320025.908], [-9448765.281, 4320108.743199997], [-9448800.069, 4320170.2201000005], [-9448854.7256, 4320254.1272], [-9448886.2542, 4320297.261299998], [-9448933.3057, 4320371.0178999975], [-9448994.3007, 4320444.441600002], [-9449026.8239, 4320477.778800003], [-9449086.5891, 4320533.0995000005], [-9449122.7905, 4320562.4538], [-9449156.5153, 4320591.031199999], [-9449205.1961, 4320615.788400002], [-9449322.4087, 4320654.002999999], [-9449428.7619, 4320687.020300001], [-9449490.0126, 4320710.696800001], [-9449560.8935, 4320711.506800003], [-9449629.4898, 4320701.837800004], [-9449894.9003, 4320677.5276999995], [-9449944.6976, 4320665.632299997], [-9449963.5306, 4320662.103100002], [-9449991.3816, 4320669.746799998], [-9450032.7188, 4320693.370200001], [-9450077.1946, 4320718.386], [-9450108.0969, 4320729.763700001], [-9450123.9266, 4320732.796499997], [-9450179.2479, 4320744.2826000005], [-9450224.564, 4320768.495399997], [-9450258.3739, 4320795.560400002], [-9450280.3065, 4320808.017499998], [-9450295.6934, 4320813.8389], [-9450317.7042, 4320827.2064], [-9450339.513, 4320836.370399997], [-9450360.8291, 4320847.030699998], [-9450403.7736, 4320860.654299997], [-9450447.9197, 4320870.016099997], [-9450510.5035, 4320878.370200001], [-9450541.2785, 4320872.858400002], [-9450564.6362, 4320862.478299998], [-9450602.6896, 4320845.846600004], [-9450618.4791, 4320840.095799997], [-9450641.1782, 4320831.805399999], [-9450663.6593, 4320829.924000002], [-9450684.2418, 4320832.202799998], [-9450702.9821, 4320837.1884], [-9450727.8424, 4320854.2282000035], [-9450741.7218, 4320876.269400001], [-9450746.2654, 4320895.1875], [-9450762.3214, 4320917.418099999], [-9450769.843, 4320941.109999999], [-9450831.8149, 4321059.515799999], [-9450852.6041, 4321104.311899997], [-9450882.3779, 4321154.624399997], [-9450899.7648, 4321177.323700003], [-9450911.2223, 4321204.382700004], [-9450935.2527, 4321257.406900004], [-9450947.0152, 4321306.318400003], [-9450955.1147, 4321346.2535], [-9450967.3832, 4321365.7377], [-9450987.0318, 4321380.673299998], [-9451010.3272, 4321399.4113000035], [-9451078.0456, 4321434.424599998], [-9451106.8854, 4321443.605099998], [-9451125.743, 4321450.4155], [-9451143.8361, 4321453.467], [-9451173.2467, 4321454.983499996], [-9451214.7095, 4321453.476099998], [-9451280.3213, 4321448.972599998], [-9451305.2049, 4321448.972599998], [-9451336.272, 4321451.119000003], [-9451367.1891, 4321461.725299999], [-9451394.1714, 4321476.278700002], [-9451411.5225, 4321486.122199997], [-9451428.8586, 4321499.017099999], [-9451444.6143, 4321521.891099997], [-9451474.8335, 4321556.589299999], [-9451539.3068, 4321644.407200001], [-9451561.9813, 4321669.591600001], [-9451592.6712, 4321684.667599998], [-9451622.5843, 4321705.842600003], [-9451630.8813, 4321714.941799998], [-9451665.3156, 4321785.084399998], [-9451693.2008, 4321852.501699999], [-9451697.0198, 4321880.935599998], [-9451715.5625, 4321914.2927], [-9451734.4669, 4321932.174099997], [-9451735.4236, 4321955.925999999], [-9451726.9319, 4321968.903700002], [-9451723.063, 4321979.886200003], [-9451721.1802, 4321987.5331000015], [-9451718.6819, 4321996.676700003], [-9451715.1007, 4322007.088399999], [-9451712.6132, 4322018.879199997], [-9451709.8298, 4322031.801299997], [-9451707.9097, 4322046.205200002], [-9451712.4118, 4322063.330700003], [-9451716.9171, 4322080.161899999], [-9451727.5284, 4322101.772100002], [-9451748.407, 4322123.203100003], [-9451758.4743, 4322131.098899998], [-9451768.2361, 4322133.845700003], [-9451767.62, 4322146.305299997], [-9451770.5211, 4322153.889799997], [-9451791.0835, 4322155.960500002], [-9451826.412, 4322145.163900003], [-9451853.2702, 4322135.810099997], [-9451881.1941, 4322123.984499998], [-9451887.9305, 4322119.454999998], [-9451895.5787, 4322146.2294000015], [-9451896.7262, 4322150.246299997], [-9451900.8308, 4322207.5053], [-9451891.556, 4322239.435400002], [-9451889.4508, 4322244.576300003], [-9451858.706, 4322284.008000001], [-9451814.3325, 4322327.1862], [-9451780.5105, 4322349.448299997], [-9451736.884, 4322370.822899997], [-9451717.9213, 4322395.842299998], [-9451722.666, 4322418.952299997], [-9451710.4366, 4322444.245399997], [-9451702.8287, 4322456.630800001], [-9451691.083, 4322466.182300001], [-9451669.6133, 4322463.830700003], [-9451630.3187, 4322497.0375000015], [-9451623.3988, 4322504.744999997], [-9451618.8507, 4322509.515500002], [-9451611.9506, 4322503.182300001]]]]}}]}