{"type": "FeatureCollection", "name": "West_Virginia_park", "crs": {"type": "name", "properties": {"name": "urn:ogc:def:crs:EPSG::3857"}}, "features": [{"type": "Feature", "properties": {"OBJECTID": 148, "CreationDate": "2025-01-14T11:11:11Z", "Creator": "NPS_WASO_LANDS", "EditDate": "2025-01-14T11:11:11Z", "Editor": "NPS_WASO_LANDS", "GlobalID": "{68F5197B-D224-4AAE-8929-4D706C0E4CF7}", "AreaID": 135, "UNIT_CODE": "BLUE", "GIS_Notes": "Unofficial Boundary of Bluestone National Scenic River.", "UNIT_NAME": "Bluestone National Scenic River", "DATE_EDIT": "2013-12-18T00:00:00Z", "STATE": "WV", "REGION": "NE", "GNIS_ID": "1877617", "UNIT_TYPE": "National Wild & Scenic River", "CREATED_BY": "Region", "METADATA": "Preliminary data. Contact the Land Resources Program for additional information.", "PARKNAME": "Bluestone", "SHAPE_Length": 59931.22675949259, "SHAPE_Area": 27851054.649602376}, "geometry": {"type": "MultiPolygon", "coordinates": [[[[-9010016.7732, 4522778.548199996], [-9010108.527, 4522634.870200001], [-9010065.7045, 4522433.4855], [-9010056.2254, 4522102.958700001], [-9010121.5201, 4521978.583800003], [-9010040.1535, 4521610.985399999], [-9010046.9917, 4521517.2853000015], [-9010106.6867, 4521455.593599997], [-9010144.4088, 4521249.218900003], [-9010192.4726, 4521134.655599996], [-9010303.8136, 4521081.5451000035], [-9010446.7302, 4520808.134199999], [-9010441.035, 4520329.205899999], [-9010514.0753, 4520465.044100001], [-9010583.4474, 4520545.170500003], [-9010621.5249, 4520580.645900004], [-9010736.42, 4520634.5261999965], [-9010783.0769, 4520688.0493], [-9010876.3579, 4520854.923199996], [-9011063.8473, 4520881.6197], [-9011181.4236, 4520724.3609], [-9011327.111, 4520746.5978000015], [-9011450.907, 4520512.738700002], [-9011504.9925, 4520530.176299997], [-9011572.5954, 4520540.6567], [-9011611.9202, 4520530.864], [-9011646.3638, 4520512.522100002], [-9011688.0779, 4520610.670299999], [-9011750.1786, 4520594.557599999], [-9011851.5318, 4520719.324699998], [-9011891.5107, 4520660.783399999], [-9011959.7468, 4520667.779700004], [-9012052.4904, 4520758.3549000025], [-9012299.0958, 4520660.020900004], [-9012427.5672, 4520682.2346], [-9012373.6491, 4520453.036700003], [-9012745.5963, 4520386.718500003], [-9013212.466, 4520045.041599996], [-9013213.3249, 4519728.522399999], [-9013098.4366, 4519648.086800002], [-9012772.4811, 4519038.0616], [-9012694.2279, 4518392.085600004], [-9012811.0321, 4518567.4604], [-9013005.3026, 4518802.048799999], [-9013047.4221, 4518992.907799996], [-9013138.7175, 4519152.770999998], [-9013650.2878, 4518877.909400001], [-9013738.1768, 4518995.670999996], [-9013807.3469, 4519008.984300002], [-9013857.2662, 4518706.119099997], [-9013647.4047, 4518623.193099998], [-9013728.2749, 4518550.590099998], [-9013797.4539, 4518394.519199997], [-9013929.5015, 4518379.847099997], [-9014037.043, 4518367.8961], [-9014113.9935, 4518336.185599998], [-9014097.5165, 4518165.762199998], [-9014106.4385, 4518165.961199999], [-9014251.5383, 4518169.198299997], [-9014385.6305, 4518172.187899999], [-9014495.0429, 4518174.625799999], [-9014643.3946, 4518177.929300003], [-9014655.6671, 4518217.400899999], [-9014754.5715, 4518175.332000002], [-9014912.6609, 4518108.132200003], [-9014922.1387, 4518104.103299998], [-9015002.895, 4517984.206299998], [-9015007.8177, 4517976.8977999985], [-9015009.0969, 4517938.4548999965], [-9015009.4094, 4517929.555299997], [-9015152.9484, 4517959.537799999], [-9015246.7202, 4517794.0446000025], [-9015255.585, 4517778.5396], [-9015301.5357, 4517620.0031], [-9015314.3369, 4517618.422799997], [-9015330.9982, 4517616.526600003], [-9015468.4638, 4517601.039899997], [-9015519.4476, 4517476.049199998], [-9015672.6615, 4517499.168799996], [-9015695.6745, 4517403.2880000025], [-9015347.8851, 4517147.557999998], [-9015791.087, 4517236.849399999], [-9016021.9999, 4517352.372400001], [-9016261.1632, 4517239.735799998], [-9016246.3056, 4516734.391500004], [-9016077.3852, 4516737.544200003], [-9015571.9922, 4516193.255199999], [-9015376.8598, 4515588.271700002], [-9015860.9146, 4515655.7217999995], [-9015875.6219, 4515463.0414], [-9015893.4662, 4515406.093699999], [-9015914.6163, 4515370.660400003], [-9015959.2797, 4515288.7211000025], [-9016031.0732, 4515221.021600001], [-9016143.5087, 4515093.213299997], [-9016263.6104, 4514969.7861], [-9016264.4862, 4514968.886], [-9016264.2515, 4514942.943499997], [-9016245.2746, 4514888.8429000005], [-9016224.8033, 4514808.1674000025], [-9016217.6785, 4514767.988399997], [-9016206.2223, 4514728.125500001], [-9016195.5525, 4514706.611900002], [-9016182.4806, 4514688.894699998], [-9016171.8502, 4514669.2795], [-9016165.1208, 4514610.751800001], [-9016157.4837, 4514581.962399997], [-9016152.3661, 4514562.031300001], [-9016140.2022, 4514512.9947], [-9016133.7859, 4514485.154700004], [-9016145.1678, 4514454.152400002], [-9016173.205, 4514431.0603], [-9016192.6971, 4514416.1928], [-9016240.6565, 4514420.624899998], [-9016277.4729, 4514419.677900001], [-9016370.6763, 4514403.2324], [-9016424.5039, 4514381.090000004], [-9016451.6725, 4514395.6435], [-9016453.8762, 4514431.391900003], [-9016469.3502, 4514445.628399998], [-9016504.9069, 4514438.986299999], [-9016539.9122, 4514436.773100004], [-9016560.1123, 4514428.548500001], [-9016575.0744, 4514453.541000001], [-9016569.758, 4514474.736900002], [-9016554.0854, 4514504.474100001], [-9016570.2685, 4514523.456], [-9016589.8386, 4514517.762100004], [-9016627.089, 4514493.403499998], [-9016670.5212, 4514477.902900003], [-9016709.8185, 4514477.587300003], [-9016717.8905, 4514485.496399999], [-9016712.023, 4514513.968599997], [-9016709.8962, 4514546.869999997], [-9016725.9616, 4514556.993699998], [-9016763.4085, 4514554.146899998], [-9016800.6192, 4514525.991300002], [-9016836.688, 4514510.1734], [-9016904.1393, 4514501.631899998], [-9016923.7879, 4514500.049999997], [-9016929.537, 4514522.827799998], [-9016943.7519, 4514531.369499996], [-9016977.5367, 4514532.3182], [-9016984.2305, 4514523.460100003], [-9016996.516, 4514524.725400001], [-9017002.1075, 4514532.634400003], [-9017017.7796, 4514563.321000002], [-9017043.0989, 4514577.240599997], [-9017043.3354, 4514598.7531], [-9017037.5082, 4514631.022200003], [-9017032.7438, 4514647.156800002], [-9017038.651, 4514686.385799997], [-9017044.282, 4514694.611100003], [-9017049.8342, 4514698.723899998], [-9017088.9744, 4514680.373899996], [-9017131.8555, 4514668.983900003], [-9017142.8809, 4514668.667300001], [-9017162.6088, 4514673.412199996], [-9017178.4001, 4514716.437299997], [-9017170.6831, 4514744.2776999995], [-9017158.2411, 4514791.416699998], [-9017146.3897, 4514836.024899997], [-9017148.6353, 4514873.672799997], [-9017154.936, 4514890.123899996], [-9017179.6262, 4514902.145300001], [-9017239.1254, 4514894.234099999], [-9017281.061, 4514850.573600002], [-9017306.5368, 4514816.404700004], [-9017331.4219, 4514786.665100001], [-9017374.0263, 4514749.6483], [-9017427.5004, 4514751.543799996], [-9017469.3192, 4514756.919799998], [-9017495.5829, 4514742.998099998], [-9017504.5199, 4514717.055600002], [-9017492.4683, 4514678.776100002], [-9017456.0043, 4514656.949199997], [-9017407.0962, 4514615.508199997], [-9017381.7369, 4514597.476899996], [-9017358.7003, 4514568.056299999], [-9017350.4696, 4514542.748000003], [-9017344.7986, 4514527.2465], [-9017323.1807, 4514517.123999998], [-9017306.4451, 4514501.306699999], [-9017313.7294, 4514493.081100002], [-9017342.8662, 4514459.545900002], [-9017351.2522, 4514436.1351], [-9017345.7765, 4514381.089400001], [-9017342.3493, 4514345.341499999], [-9017328.4875, 4514308.6450999975], [-9017311.6338, 4514282.7048999965], [-9017297.2608, 4514257.7136999965], [-9017288.8723, 4514216.588500001], [-9017281.2721, 4514195.076899998], [-9017259.5757, 4514172.933300003], [-9017253.1962, 4514150.789099999], [-9017245.989, 4514105.867899999], [-9017239.019, 4514084.989299998], [-9017216.4164, 4514036.5891999975], [-9017221.5732, 4513999.260399997], [-9017269.5311, 4514001.473200001], [-9017291.6201, 4514001.1559000015], [-9017312.5279, 4514003.369499996], [-9017341.9402, 4513997.041299999], [-9017370.7619, 4513990.3967999965], [-9017384.2276, 4513987.232699998], [-9017411.1987, 4513981.537199996], [-9017435.61, 4513968.882200003], [-9017462.5016, 4513952.4309], [-9017496.3998, 4513904.661499999], [-9017565.8518, 4513848.664800003], [-9017594.6729, 4513843.2852], [-9017642.6701, 4513852.139200002], [-9017671.0199, 4513861.627300002], [-9017704.2517, 4513867.002499998], [-9017732.4824, 4513863.520499997], [-9017764.2161, 4513845.170199998], [-9017795.4384, 4513833.146499999], [-9017852.2915, 4513806.885300003], [-9017952.2596, 4513795.170999996], [-9017984.2709, 4513801.178099997], [-9018068.6509, 4513824.261500001], [-9018101.2931, 4513836.911200002], [-9018137.5962, 4513841.9684000015], [-9018156.023, 4513841.333400004], [-9018186.6148, 4513829.308799997], [-9018212.2452, 4513814.121299997], [-9018220.7887, 4513810.324100003], [-9018245.7483, 4513786.279200003], [-9018287.7952, 4513755.5889], [-9018323.8585, 4513736.603699997], [-9018339.3003, 4513730.301200002], [-9018344.0164, 4513728.3763], [-9018360.1218, 4513740.711099997], [-9018377.4478, 4513752.7294000015], [-9018394.774, 4513766.6457], [-9018415.8014, 4513779.612499997], [-9018421.7327, 4513801.158], [-9018424.0742, 4513809.6633], [-9018432.6267, 4513866.919299997], [-9018440.2687, 4513890.960100003], [-9018460.1162, 4513911.519299999], [-9018484.7254, 4513914.362499997], [-9018503.033, 4513906.134800002], [-9018535.9515, 4513899.335500002], [-9018545.9492, 4513897.270499997], [-9018567.9978, 4513892.521899998], [-9018619.4972, 4513883.339400001], [-9018680.8403, 4513875.420599997], [-9018677.6085, 4513857.706100002], [-9018664.3339, 4513823.860100001], [-9018640.6243, 4513784.005599998], [-9018611.9536, 4513742.886600003], [-9018585.2542, 4513716.002400003], [-9018563.6364, 4513703.985200003], [-9018536.5065, 4513692.601599999], [-9018516.6595, 4513673.624600001], [-9018482.4778, 4513634.4045], [-9018476.1757, 4513618.589000002], [-9018456.8387, 4513586.0097], [-9018446.1657, 4513565.133400001], [-9018411.3541, 4513523.066600002], [-9018393.9085, 4513497.762900002], [-9018345.5929, 4513456.963500001], [-9018311.4918, 4513422.804799996], [-9018297.1578, 4513403.194600001], [-9018276.562, 4513371.248499997], [-9018271.5605, 4513362.0757], [-9018243.0523, 4513338.3552], [-9018208.3618, 4513307.359899998], [-9018186.6656, 4513287.750799999], [-9018147.2134, 4513272.255800001], [-9018100.9096, 4513247.272], [-9018038.1103, 4513230.8303999975], [-9018029.1694, 4513197.934100002], [-9018005.8951, 4513142.897100002], [-9018003.6466, 4513102.092299998], [-9018008.2896, 4513076.786499999], [-9018012.9323, 4513048.317500003], [-9018012.8132, 4513038.511799999], [-9018000.8412, 4513008.463200003], [-9017983.4373, 4512987.588299997], [-9017950.1281, 4512969.561999999], [-9017916.1498, 4512952.4846], [-9017892.6042, 4512931.294], [-9017865.3577, 4512906.307899997], [-9017856.852, 4512887.3301], [-9017815.8047, 4512622.268799998], [-9017804.1476, 4512578.620300002], [-9017790.6404, 4512536.237099998], [-9017759.9683, 4512491.641500004], [-9017741.8176, 4512469.185800001], [-9017724.4154, 4512452.739799999], [-9017718.6663, 4512436.292800002], [-9017719.4511, 4512405.295699999], [-9017722.1259, 4512376.512599997], [-9017724.9591, 4512359.7487], [-9017712.4387, 4512342.669699997], [-9017689.5256, 4512330.0198], [-9017676.3355, 4512307.8803], [-9017671.6489, 4512282.260799997], [-9017647.3572, 4512258.540799998], [-9017623.9723, 4512252.532899998], [-9017612.2799, 4512250.952299997], [-9017604.2092, 4512243.678099997], [-9017600.2711, 4512225.3336], [-9017603.1045, 4512209.835199997], [-9017581.0955, 4512172.514399998], [-9017559.245, 4512146.263899997], [-9017518.3801, 4512120.330799997], [-9017486.2161, 4512104.834700003], [-9017453.5804, 4512095.980499998], [-9017440.7074, 4512097.562600002], [-9017428.3063, 4512089.023599997], [-9017422.0464, 4512080.484099999], [-9017393.5831, 4512062.4573], [-9017325.6702, 4511947.332999997], [-9017356.9666, 4511946.382600002], [-9017382.3194, 4511960.930500001], [-9017410.7426, 4511972.631499998], [-9017429.9543, 4511986.546999998], [-9017465.149, 4512001.410499997], [-9017494.7138, 4512008.366999999], [-9017536.4427, 4512009.313299999], [-9017568.1318, 4511991.915600002], [-9017610.6031, 4511914.4234], [-9017869.7257, 4512048.8226], [-9018073.9107, 4512294.874300003], [-9018243.6681, 4512320.156900004], [-9018359.7866, 4512199.6338], [-9018382.2904, 4512098.734499998], [-9018455.5017, 4512021.8662], [-9018450.4484, 4511925.716799997], [-9018482.7993, 4511870.678999998], [-9018451.4899, 4511782.125600003], [-9018473.2494, 4511717.285700001], [-9018489.4174, 4511643.591200002], [-9018577.5539, 4511626.8147], [-9018649.3236, 4511666.653300002], [-9018775.6549, 4511489.2026999965], [-9018888.114, 4511455.973499998], [-9018958.7745, 4511460.703599997], [-9019030.0655, 4511467.647], [-9019126.1907, 4511450.864500001], [-9019188.8297, 4511495.444799997], [-9019234.9573, 4511459.696000002], [-9019263.1015, 4511799.683200002], [-9019288.2556, 4511796.198399998], [-9019317.1506, 4511798.089400001], [-9019342.8958, 4511797.134400003], [-9019385.3335, 4511802.184799999], [-9019412.419, 4511809.136299998], [-9019443.9151, 4511822.728600003], [-9019493.4047, 4511848.018700004], [-9019528.7221, 4511872.0471], [-9019586.5247, 4511922.004500002], [-9019636.2165, 4511965.005999997], [-9019656.8517, 4511991.884599999], [-9019711.7449, 4512051.331299998], [-9019784.3651, 4512150.941799998], [-9019811.9733, 4512193.000500001], [-9019826.5085, 4512223.676700003], [-9019828.6396, 4512242.653499998], [-9019830.3416, 4512275.231200002], [-9019827.6728, 4512304.330799997], [-9019826.3441, 4512339.439800002], [-9019835.8778, 4512362.842799999], [-9019857.1846, 4512393.833700001], [-9019885.7735, 4512420.078199998], [-9019910.5398, 4512432.406499997], [-9019991.1312, 4512447.248800002], [-9020053.5657, 4512434.261799999], [-9020219.1397, 4512900.442299999], [-9020162.2567, 4512922.601999998], [-9020099.2312, 4512942.549400002], [-9020031.7528, 4512950.4777000025], [-9019977.0663, 4512946.382100001], [-9019933.8721, 4512929.314000003], [-9019909.8129, 4512915.403300002], [-9019870.1983, 4512886.314199999], [-9019815.7786, 4512849.953900002], [-9019747.0228, 4512791.456], [-9019714.0992, 4512752.875600003], [-9019671.4145, 4512722.521700002], [-9019609.7157, 4512695.9684000015], [-9019560.9704, 4512672.258299999], [-9019543.6044, 4512655.814900003], [-9019176.8788, 4512649.259800002], [-9019155.034, 4512672.987300001], [-9019134.209, 4512679.318000004], [-9019119.0556, 4512697.350599997], [-9019099.7729, 4512736.260399997], [-9019083.5595, 4512769.159699999], [-9019071.4779, 4512792.252599999], [-9019048.5329, 4512829.265500002], [-9019014.7256, 4512885.259199999], [-9019008.9859, 4512926.0647], [-9019023.7628, 4512990.589299999], [-9019026.9945, 4513006.720799997], [-9019048.1823, 4513037.715099998], [-9019064.998, 4513059.2211000025], [-9019084.1339, 4513067.757600002], [-9019135.7095, 4513067.113899998], [-9019157.6754, 4513053.507600002], [-9019209.8004, 4513045.271899998], [-9019230.5864, 4513037.675499998], [-9019249.3341, 4513069.619199999], [-9019258.118, 4513088.596199997], [-9019282.9266, 4513110.100100003], [-9019301.5126, 4513122.748400003], [-9019313.1403, 4513180.632100001], [-9019311.6521, 4513214.478600003], [-9019316.3869, 4513258.446099997], [-9019314.7377, 4513277.425800003], [-9019341.1967, 4513282.7971], [-9019347.2986, 4513280.265100002], [-9019354.0299, 4513275.202299997], [-9019361.3523, 4513272.037299998], [-9019395.5216, 4513250.203000002], [-9019404.6939, 4513245.139700003], [-9019421.8995, 4513246.717], [-9019431.1127, 4513247.347400002], [-9019436.4229, 4513227.4179000035], [-9019433.9008, 4513217.612499997], [-9019431.2182, 4513195.470799997], [-9019418.022, 4513167.321599998], [-9019409.1166, 4513136.008299999], [-9019414.9767, 4513110.384999998], [-9019428.7483, 4513076.535899997], [-9019429.8879, 4513067.6787], [-9019438.4701, 4513065.145999998], [-9019457.6068, 4513075.579800002], [-9019469.4623, 4513095.188500002], [-9019500.025, 4513139.148900002], [-9019532.3995, 4513184.6906], [-9019562.1713, 4513212.519199997], [-9019584.3787, 4513220.421499997], [-9019631.1139, 4513226.103], [-9019657.5332, 4513230.2082], [-9019685.252, 4513235.578199998], [-9019697.5364, 4513237.156400003], [-9019704.4704, 4513254.868699998], [-9019702.8223, 4513274.7973000035], [-9019695.1532, 4513306.1153], [-9019687.0148, 4513349.453900002], [-9019674.4235, 4513378.559100002], [-9019681.7621, 4513435.812299997], [-9019701.2234, 4513478.827500001], [-9019721.153, 4513505.710000001], [-9019738.6424, 4513535.123999998], [-9019755.7026, 4513578.7727999985], [-9019750.6366, 4513626.540399998], [-9019765.3782, 4513685.374300003], [-9019788.0327, 4513739.461300001], [-9019816.6275, 4513774.250399999], [-9019841.5201, 4513804.928099997], [-9019884.2677, 4513900.766599998], [-9019906.9227, 4513952.9564], [-9019911.03, 4513995.978], [-9019889.1211, 4514074.437700003], [-9019837.2056, 4514283.559500001], [-9019614.8036, 4514698.682499997], [-9019495.7089, 4514463.656800002], [-9019310.139, 4514332.730300002], [-9019240.9357, 4514416.263999999], [-9019265.6812, 4514493.766000003], [-9019257.1434, 4514519.191], [-9019241.245, 4514566.5342999995], [-9019211.1491, 4514688.024099998], [-9019221.0614, 4514816.783], [-9019114.0715, 4514623.507399999], [-9019064.3946, 4514512.475299999], [-9018991.0835, 4514548.871799998], [-9018918.483, 4514597.289399996], [-9018801.043, 4514707.406099997], [-9018549.5075, 4514733.391500004], [-9018493.9029, 4514704.611000001], [-9018465.0393, 4514703.033500001], [-9018438.067, 4514708.732299998], [-9018399.5188, 4514721.392499998], [-9018383.6518, 4514734.049500003], [-9018375.2675, 4514755.563600004], [-9018373.0657, 4514778.975100003], [-9018369.0135, 4514804.601300001], [-9018384.2595, 4514853.003600001], [-9018391.2723, 4514878.312100001], [-9018410.061, 4514916.906499997], [-9018429.5992, 4514963.7267], [-9018433.6605, 4515000.425300002], [-9018419.2532, 4515034.595899999], [-9018398.463, 4515044.090300001], [-9018377.8325, 4515069.7195999995], [-9018383.1141, 4515104.836599998], [-9018347.9956, 4515154.512800001], [-9018342.6429, 4515174.7619], [-9018342.2123, 4515193.428400002], [-9018392.0356, 4515257.646399997], [-9018411.3354, 4515285.8015], [-9018409.0937, 4515304.784900002], [-9018375.5858, 4515331.682300001], [-9018322.3482, 4515353.8367], [-9018274.4317, 4515415.5383], [-9018274.0807, 4515441.482000001], [-9018275.6207, 4515472.804099999], [-9018277.2001, 4515504.759099998], [-9018264.8423, 4515561.078199998], [-9018229.6418, 4515602.8464], [-9018204.1665, 4515631.957800001], [-9018174.3193, 4515656.956500001], [-9018135.728, 4515670.566200003], [-9018098.9476, 4515678.163999997], [-9018058.7039, 4515707.593199998], [-9017999.2402, 4515717.4081000015], [-9017979.7087, 4515729.433200002], [-9017974.355, 4515749.6831], [-9017966.2998, 4515922.753899999], [-9017960.8728, 4515996.1598000005], [-9017942.0107, 4516013.564000003], [-9017870.099, 4516008.192100003], [-9017787.3201, 4516025.601999998], [-9017786.2236, 4516097.7425], [-9017792.4123, 4516163.238200001], [-9017794.4276, 4516241.391199999], [-9017808.5318, 4516301.191699997], [-9017842.4474, 4516376.811499998], [-9017866.6706, 4516403.704499997], [-9017911.2558, 4516438.189499997], [-9017919.4894, 4516462.869199999], [-9017852.9123, 4516682.471600004], [-9017774.0633, 4516663.493299998], [-9017772.7389, 4516664.123599999], [-9017637.0897, 4516728.6875], [-9017618.5077, 4516835.9575999975], [-9017607.3655, 4516889.1184], [-9017606.8702, 4516889.3587], [-9017606.8488, 4516889.458400004], [-9017404.9363, 4516987.5233], [-9017394.8268, 4517121.628399998], [-9017245.5129, 4517146.017499998], [-9017180.5578, 4517274.130500004], [-9017180.7104, 4517274.097099997], [-9017299.9173, 4517662.518600002], [-9017313.6326, 4517864.1005000025], [-9017317.8994, 4518169.487800002], [-9017339.4089, 4518229.615999997], [-9017510.7778, 4518593.870399997], [-9017292.6278, 4518593.564800002], [-9017208.4048, 4518463.494900003], [-9016783.7286, 4518699.5942], [-9016379.4193, 4518515.074100003], [-9016105.9666, 4518505.879500002], [-9016038.0454, 4518640.378399998], [-9015997.6941, 4518811.5934000015], [-9016154.9239, 4519161.646300003], [-9016214.4353, 4519355.032200001], [-9016248.7782, 4519505.058200002], [-9015940.2052, 4519427.1743], [-9015909.5214, 4519376.530699998], [-9015855.4369, 4519335.696500003], [-9015715.2302, 4519344.844999999], [-9015405.1161, 4519306.826300003], [-9015262.6349, 4519491.639899999], [-9015168.8698, 4519361.243199997], [-9014927.7598, 4519663.466300003], [-9014826.8991, 4519706.176200002], [-9014793.033, 4519833.0923999995], [-9014619.5716, 4520017.587800004], [-9014554.4109, 4520010.293399997], [-9014138.3575, 4519798.123899996], [-9014146.7436, 4520121.611199997], [-9014136.7547, 4520354.574699998], [-9014044.4392, 4520522.314099997], [-9014188.264, 4520599.5879999995], [-9014133.4802, 4520673.011399999], [-9013936.1758, 4520647.634000003], [-9013915.8832, 4520654.908699997], [-9013935.4688, 4520780.265799999], [-9013918.1762, 4520906.247100003], [-9013876.935, 4521006.898800001], [-9013855.3151, 4521105.657399997], [-9013877.455, 4521117.376400001], [-9013905.7485, 4521104.405699998], [-9013900.6833, 4521320.614200003], [-9013922.1349, 4521400.0776999965], [-9013910.4204, 4521442.810699999], [-9013876.6048, 4521472.874799997], [-9013882.1074, 4521520.678199999], [-9013935.5742, 4521529.240699999], [-9013920.778, 4521600.781300001], [-9013966.8229, 4521661.8926], [-9013974.1809, 4521699.5669], [-9014054.6517, 4521810.073899999], [-9013993.6322, 4522036.728699997], [-9014068.5925, 4522134.890500002], [-9014349.4867, 4522227.0898], [-9014303.3221, 4522313.507799998], [-9014369.5354, 4522592.128600001], [-9014557.6932, 4522628.581299998], [-9014572.4022, 4522760.924900003], [-9014279.5778, 4522880.533399999], [-9014179.3511, 4522932.748499997], [-9014108.6041, 4522971.039899997], [-9014010.177, 4523064.413999997], [-9013986.8115, 4523051.743000001], [-9013987.8973, 4523258.810999997], [-9014150.0887, 4523471.942400001], [-9014110.0809, 4523497.895199999], [-9013920.8523, 4523295.836800002], [-9013920.9188, 4523199.584399998], [-9013836.1619, 4523024.471299998], [-9013747.6008, 4523062.122100003], [-9013687.9225, 4523108.646399997], [-9013623.3128, 4523171.316500001], [-9013589.4888, 4523207.717], [-9013539.6042, 4523309.652900003], [-9013515.5901, 4523353.0222999975], [-9013388.786, 4523544.855999999], [-9013229.6225, 4523392.187299997], [-9013117.3367, 4523085.3429000005], [-9013250.8523, 4522970.459700003], [-9013311.3097, 4522721.626599997], [-9013137.3559, 4522643.681299999], [-9012428.8013, 4522884.022699997], [-9012315.7283, 4523041.719700001], [-9012311.1561, 4523053.8994999975], [-9012302.2578, 4523078.050899997], [-9012302.1532, 4523077.881999999], [-9012302.1445, 4523077.905100003], [-9012226.4362, 4522955.083999999], [-9012067.4927, 4522830.803999998], [-9012067.5031, 4522830.8301], [-9012067.3008, 4522830.671700001], [-9011956.7248, 4522744.502999999], [-9011863.8862, 4522735.2771999985], [-9011713.0675, 4522911.870300002], [-9011630.6541, 4522935.891500004], [-9011600.5311, 4522966.5874999985], [-9011605.2996, 4523123.3138], [-9011501.2035, 4523312.915399998], [-9011436.5762, 4523381.905599996], [-9011686.7481, 4523459.6065], [-9011782.5505, 4523627.467200004], [-9011665.034, 4523696.434900001], [-9010006.262, 4522822.866300002], [-9010016.7732, 4522778.548199996]]]]}}, {"type": "Feature", "properties": {"OBJECTID": 155, "CreationDate": "2025-01-14T11:11:11Z", "Creator": "NPS_WASO_LANDS", "EditDate": "2025-01-14T11:11:11Z", "Editor": "NPS_WASO_LANDS", "GlobalID": "{28057AAE-1E9F-489D-A578-43AC629278EB}", "AreaID": 144, "UNIT_CODE": "GARI", "GIS_Notes": "Lands - https://landsnet.nps.gov/tractsnet/documents/GARI/Metadata/GARI_metadata.xml", "UNIT_NAME": "Gauley River National Recreation Area", "DATE_EDIT": "2022-12-31T11:02:15Z", "STATE": "WV", "REGION": "NE", "GNIS_ID": "1741168", "UNIT_TYPE": "National Recreation Area", "CREATED_BY": "Lands", "METADATA": "https://irma.nps.gov/DataStore/Reference/Profile/2300376", "PARKNAME": "Gauley River", "SHAPE_Length": 137751.95026049227, "SHAPE_Area": 72806850.29252742}, "geometry": {"type": "MultiPolygon", "coordinates": [[[[-9031299.0904, 4612772.128600001], [-9031306.0679, 4612761.934299998], [-9031312.5468, 4612751.413400002], [-9031318.5121, 4612740.590400003], [-9031326.5472, 4612723.658799998], [-9031328.1391, 4612719.878200002], [-9031331.1876, 4612712.117600001], [-9031308.6898, 4612698.468199998], [-9031304.7224, 4612696.0612], [-9031302.1272, 4612658.1175], [-9031304.9583, 4612656.5163], [-9031338.5665, 4612637.507799998], [-9031337.2221, 4612623.1197], [-9031335.1163, 4612608.824000001], [-9031332.2548, 4612594.6613000035], [-9031328.646, 4612580.671800002], [-9031344.3398, 4612563.046599999], [-9031357.0487, 4612548.773599997], [-9031164.9153, 4612363.480599999], [-9031165.7127, 4612350.312200002], [-9031207.5256, 4612333.663400002], [-9031333.1962, 4612478.511600003], [-9031410.5314, 4612559.501999997], [-9031451.7126, 4612574.922899999], [-9031452.0767, 4612575.438900001], [-9031477.2118, 4612611.045000002], [-9031492.9029, 4612633.273100004], [-9031495.7495, 4612637.305299997], [-9031510.5945, 4612658.334899999], [-9031566.039, 4612710.193999998], [-9031568.3116, 4612712.319600001], [-9031637.8066, 4612781.480599999], [-9031644.5313, 4612788.173], [-9031674.6827, 4612803.786899999], [-9031660.0101, 4612800.280299999], [-9031622.0889, 4612781.273100004], [-9031599.7903, 4612763.253200002], [-9031568.7108, 4612738.613200001], [-9031567.3011, 4612737.501699999], [-9031543.6382, 4612718.8429000005], [-9031512.9712, 4612691.2201000005], [-9031465.3509, 4612648.326800004], [-9031418.1533, 4612605.624600001], [-9031411.107, 4612599.249300003], [-9031383.6644, 4612630.069499999], [-9031478.1391, 4612714.8917], [-9031486.0449, 4612706.347099997], [-9031505.8284, 4612726.071599998], [-9031537.4067, 4612757.555600002], [-9031575.7675, 4612781.569600001], [-9031583.6802, 4612786.523000002], [-9031579.8827, 4612792.915299997], [-9031574.4446, 4612787.0933], [-9031568.6964, 4612781.579800002], [-9031562.5417, 4612776.299500003], [-9031554.3399, 4612770.120800003], [-9031545.7228, 4612764.540899999], [-9031536.734, 4612759.5876], [-9031527.4186, 4612755.286200002], [-9031517.823, 4612751.657799996], [-9031511.2507, 4612749.609499998], [-9031501.3625, 4612747.159100004], [-9031491.327, 4612745.413099997], [-9031481.194, 4612744.3803], [-9031471.0139, 4612744.065899998], [-9031461.5411, 4612744.575499997], [-9031451.7068, 4612744.790799998], [-9031441.9078, 4612745.650600001], [-9031432.1855, 4612747.151299998], [-9031423.8046, 4612748.977600001], [-9031420.1201, 4612749.941299997], [-9031411.2979, 4612752.663599998], [-9031402.6585, 4612755.923699997], [-9031394.2344, 4612759.709200002], [-9031386.6791, 4612763.656400003], [-9031386.5482, 4612763.574299999], [-9031383.8516, 4612765.122299999], [-9031376.099, 4612770.003600001], [-9031376.1519, 4612770.123499997], [-9031368.3307, 4612775.754100002], [-9031360.8839, 4612781.875], [-9031359.9199, 4612782.727899998], [-9031344.7519, 4612793.2302], [-9031301.7042, 4612823.036200002], [-9031251.6026, 4612857.7260000035], [-9031212.4936, 4612891.319600001], [-9031196.4069, 4612901.620300002], [-9031178.565, 4612915.728100002], [-9031161.2382, 4612930.469499998], [-9031144.4492, 4612945.825400002], [-9031130.5494, 4612931.147699997], [-9031144.1939, 4612918.118799999], [-9031144.1795, 4612916.558499999], [-9031193.6081, 4612877.745200001], [-9031193.2217, 4612876.552000001], [-9031191.7751, 4612872.086300001], [-9031209.9165, 4612857.0913999975], [-9031231.788, 4612839.012999997], [-9031232.68, 4612838.275799997], [-9031255.4617, 4612823.362300001], [-9031253.2367, 4612816.655000001], [-9031281.7078, 4612793.6906], [-9031291.6307, 4612781.972499996], [-9031299.0904, 4612772.128600001]]], [[[-9019965.5563, 4613294.648400001], [-9019778.3687, 4613166.968900003], [-9019673.8421, 4613239.806199998], [-9019472.0186, 4613381.006300002], [-9019370.232, 4613294.171499997], [-9019190.9765, 4613408.536700003], [-9019381.9239, 4613149.829099998], [-9019716.1073, 4612693.106399998], [-9019561.8586, 4612614.5956000015], [-9019655.1079, 4612456.829700001], [-9019697.8574, 4612383.376599997], [-9019594.0271, 4612203.315700002], [-9019521.3361, 4612076.8913], [-9019687.668, 4612039.808300003], [-9019713.0826, 4611953.590999998], [-9019759.0669, 4611801.5942], [-9019836.9404, 4611700.037799999], [-9019857.919, 4611675.1272], [-9019824.8117, 4611678.329800002], [-9019858.7027, 4611636.174000002], [-9019794.1478, 4611607.456900001], [-9019797.2962, 4611496.3451000005], [-9019879.2359, 4611446.513700001], [-9019942.2208, 4611410.7355], [-9019967.2521, 4611384.5473000035], [-9019978.5268, 4611341.760600001], [-9019959.5137, 4611290.681999996], [-9019917.5504, 4611177.671499997], [-9019718.4576, 4610973.395999998], [-9019533.5645, 4610783.803099997], [-9019351.7928, 4610656.783699997], [-9019535.6823, 4610489.995300002], [-9019497.8318, 4610464.9278], [-9019299.4543, 4610414.388599999], [-9019238.4621, 4610433.714900002], [-9019173.8434, 4610402.0852999985], [-9019173.8197, 4610295.732500002], [-9019136.2318, 4610243.507600002], [-9019076.5465, 4610226.052599996], [-9019061.3999, 4610124.430799998], [-9019021.2427, 4610095.146300003], [-9018963.149, 4609992.088100001], [-9018869.9489, 4609983.095299996], [-9018726.5926, 4610084.184699997], [-9018682.7988, 4610080.361699998], [-9018610.6845, 4610156.991599999], [-9018576.3627, 4610238.723499998], [-9018517.481, 4610323.013700001], [-9018442.4205, 4610383.682400003], [-9018390.3689, 4610443.708999999], [-9018373.41, 4610515.862300001], [-9018317.1001, 4610540.133500002], [-9018294.2183, 4610606.541599996], [-9018307.4537, 4610618.032799996], [-9018328.9964, 4610637.823700003], [-9018343.0272, 4610651.230499998], [-9018348.9107, 4610663.361299999], [-9018351.0188, 4610676.131399997], [-9018349.1926, 4610690.178999998], [-9018339.657, 4610707.420199998], [-9018325.3911, 4610717.638599999], [-9018307.6271, 4610722.749200001], [-9018186.5408, 4610782.147500001], [-9018128.2067, 4610844.729999997], [-9018055.0485, 4610912.422600001], [-9017988.4038, 4610948.826200001], [-9017934.2371, 4610976.288699999], [-9017899.2248, 4610989.063000001], [-9017862.0706, 4611047.173199996], [-9017863.4618, 4611049.0886999965], [-9017878.8833, 4611062.496600002], [-9017903.5264, 4611084.204400003], [-9017903.0903, 4611094.421099998], [-9017892.6383, 4611100.168899998], [-9017856.9491, 4611104.003700003], [-9017843.4766, 4611110.3904], [-9017829.0904, 4611119.969800003], [-9017823.0105, 4611130.187100001], [-9017819.951, 4611138.488399997], [-9017821.9002, 4611158.2831000015], [-9017824.7649, 4611191.487099998], [-9017824.768, 4611225.968599997], [-9017816.5023, 4611238.740400001], [-9017804.7382, 4611239.380000003], [-9017790.8274, 4611232.995800003], [-9017777.2736, 4611221.5031], [-9017721.6288, 4611181.2793999985], [-9017704.8961, 4611174.256800003], [-9017689.0384, 4611173.619400002], [-9017673.3797, 4611179.367700003], [-9017661.8946, 4611189.585199997], [-9017653.7084, 4611204.910899997], [-9017652.9593, 4611282.813900001], [-9017618.5683, 4611284.5207], [-9017627.0793, 4611298.803800002], [-9017635.7522, 4611320.156999998], [-9017639.7377, 4611335.954499997], [-9017647.8554, 4611376.594899997], [-9017635.1191, 4611413.566200003], [-9017634.41, 4611415.744599998], [-9017630.0826, 4611386.554499999], [-9017620.8355, 4611340.259499997], [-9017617.3008, 4611326.249600001], [-9017609.6949, 4611307.5229], [-9017602.436, 4611295.341200002], [-9017594.4328, 4611285.718599997], [-9017588.5341, 4611286.011500001], [-9017548.3926, 4611287.929700002], [-9017444.2631, 4611291.767300002], [-9017432.1412, 4611291.767999999], [-9017424.8668, 4611270.696199998], [-9017425.7012, 4611266.226400003], [-9017428.1249, 4611251.539499998], [-9017428.1238, 4611230.4673999995], [-9017419.2591, 4611198.540600002], [-9017399.0283, 4611174.276799999], [-9017378.8377, 4611158.314199999], [-9017233.5357, 4611183.862000003], [-9017227.0972, 4611185.777800001], [-9017199.2371, 4611194.079800002], [-9017168.5555, 4611212.598700002], [-9017073.2909, 4611293.696699999], [-9017038.5548, 4611311.576800004], [-9017003.8579, 4611311.577200003], [-9016973.9698, 4611268.156099997], [-9016944.0821, 4611241.337300003], [-9016928.3435, 4611240.060199998], [-9016805.6539, 4611225.373400003], [-9016787.8882, 4611236.867299996], [-9016758.7952, 4611273.9026999995], [-9016739.4399, 4611275.1796], [-9016723.3039, 4611266.878300004], [-9016674.0616, 4611233.034199998], [-9016597.356, 4611224.092699997], [-9016574.3421, 4611297.525300004], [-9016341.8391, 4611284.744800001], [-9016206.1927, 4611276.435699999], [-9016106.9125, 4611268.127400003], [-9016098.0496, 4611268.126800001], [-9015791.6438, 4611444.340300001], [-9015869.5359, 4611522.8917], [-9015866.2619, 4611676.1483], [-9015854.9734, 4611683.171599999], [-9015842.0549, 4611694.6646], [-9015828.6989, 4611708.7119999975], [-9015817.4091, 4611727.868199997], [-9015810.9681, 4611748.9406], [-9015808.5416, 4611768.736400001], [-9015785.9267, 4611762.348099999], [-9015776.2253, 4611794.2761999965], [-9015795.6108, 4611895.8134], [-9015781.0598, 4611931.572899997], [-9015794.7652, 4612000.5424000025], [-9015772.1821, 4612064.399700001], [-9015756.0129, 4611990.959399998], [-9015719.6892, 4611947.531000003], [-9015649.0615, 4611929.0035], [-9015606.3408, 4611549.682300001], [-9015367.732, 4611676.086900003], [-9015131.1446, 4611801.8495000005], [-9015121.4458, 4611806.318099998], [-9015015.2825, 4611813.323799998], [-9014802.161, 4611825.415899999], [-9014545.314, 4611854.735799998], [-9014691.1363, 4611700.869599998], [-9014765.4372, 4611621.702], [-9014928.9429, 4611448.682800002], [-9015111.4441, 4611255.8719], [-9014779.2482, 4611134.485600002], [-9014784.9013, 4611087.2348000035], [-9014746.9812, 4611111.491599999], [-9014580.0052, 4610993.964500003], [-9014514.8848, 4610912.856399998], [-9013887.6605, 4610790.734499998], [-9013608.8303, 4610533.967], [-9013538.5978, 4610563.954300001], [-9013534.5839, 4610563.953000002], [-9013515.9444, 4610566.5009], [-9013499.8483, 4610569.049699999], [-9013488.5607, 4610572.238499999], [-9013467.5339, 4610583.086099997], [-9013456.245, 4610590.105899997], [-9013437.6827, 4610599.038900003], [-9013407.4351, 4610611.799000002], [-9013359.9731, 4610643.069799997], [-9013284.6913, 4610674.969499998], [-9013272.7521, 4610722.215300001], [-9013264.4828, 4610731.1516999975], [-9013188.3674, 4610757.303800002], [-9013160.3023, 4610777.087800004], [-9013143.7208, 4610801.984200001], [-9013138.5089, 4610817.945299998], [-9013065.3356, 4611054.174500003], [-9013013.7381, 4611082.889399998], [-9012899.8057, 4611155.639700003], [-9012802.4935, 4611205.4081000015], [-9012773.3887, 4611236.685400002], [-9012663.5472, 4611405.218900003], [-9012579.1348, 4611488.196999997], [-9012381.3296, 4611567.294299997], [-9012259.8678, 4611389.719800003], [-9012026.2897, 4611049.266199999], [-9011690.1208, 4610931.611699998], [-9012002.2216, 4610508.428000003], [-9012366.8806, 4610340.031000003], [-9012396.4882, 4610154.243900001], [-9012251.5221, 4610054.576899998], [-9012379.606, 4609863.092699997], [-9012584.0144, 4609401.545699999], [-9012733.132, 4609421.853500001], [-9012660.6712, 4609377.746600002], [-9012511.4081, 4609115.780500002], [-9012581.8431, 4608626.423], [-9011992.3734, 4608660.287600003], [-9011642.406, 4608558.001999997], [-9011051.6995, 4607918.9045], [-9010798.1941, 4607756.836900003], [-9010748.8181, 4607634.216799997], [-9010452.5025, 4607401.770199999], [-9010128.9627, 4607712.2205], [-9010121.8418, 4607602.115900002], [-9009869.211, 4607822.170699999], [-9009922.6944, 4608335.566299997], [-9009704.471, 4608494.070799999], [-9009726.2441, 4608552.817199998], [-9009737.4906, 4608607.726300001], [-9009738.2693, 4608630.708800003], [-9009739.0832, 4608660.7136999965], [-9009737.8801, 4608676.672600001], [-9009730.5736, 4608727.739], [-9009723.2796, 4608760.292099997], [-9009707.9142, 4608800.500500001], [-9009690.0931, 4608829.2161], [-9009662.6938, 4608861.116999999], [-9009632.7966, 4608884.7168999985], [-9009597.2596, 4608904.4824], [-9009561.728, 4608916.5867], [-9009520.558, 4608922.941399999], [-9009319.148, 4608967.483800001], [-9009281.192, 4608979.585600004], [-9009143.4684, 4609140.363300003], [-9008887.7375, 4609437.037100002], [-9008303.5196, 4609249.505199999], [-9007981.3866, 4609145.806299999], [-9007802.3244, 4609341.008199997], [-9007589.6863, 4609525.9651999995], [-9007596.488, 4609695.798699997], [-9007317.4148, 4609731.2962], [-9007393.9009, 4609568.561999999], [-9007180.1129, 4609483.449199997], [-9007322.6148, 4609005.401500002], [-9007379.922, 4608952.466499999], [-9006951.0722, 4608815.442299999], [-9006730.0125, 4608709.890699998], [-9006533.1436, 4608615.850900002], [-9006447.9557, 4608574.907799996], [-9006208.1991, 4608510.012999997], [-9005937.6856, 4608433.2946000025], [-9005807.3714, 4608497.631300002], [-9005413.2373, 4608693.183600001], [-9005400.7728, 4609148.353600003], [-9005576.712, 4610505.919200003], [-9005559.8959, 4610511.0088], [-9005519.7454, 4610521.818999998], [-9005480.9908, 4610528.161200002], [-9005309.707, 4610527.331], [-9005263.243, 4610533.0251], [-9005143.7146, 4610486.278499998], [-9004730.9147, 4610324.896899998], [-9004534.6048, 4610351.4794000015], [-9004428.5665, 4610194.921499997], [-9004279.5948, 4609985.064400002], [-9004103.9564, 4610373.946000002], [-9004037.8626, 4610373.6919], [-9003987.569, 4610069.873599999], [-9003785.2631, 4609686.5385000035], [-9003794.2044, 4609518.1281], [-9003843.5839, 4609555.016999997], [-9004092.2298, 4608662.679200001], [-9004035.7729, 4608171.405299999], [-9005002.7616, 4607555.532700002], [-9006124.9549, 4607338.035999998], [-9006635.8601, 4607739.164399996], [-9007434.6792, 4607517.475900002], [-9008116.9484, 4607844.452100001], [-9008316.4627, 4608660.779799998], [-9009038.4074, 4608602.5581], [-9008771.2096, 4607814.083400004], [-9009143.1887, 4607110.794399999], [-9009619.5798, 4606880.956699997], [-9010341.2766, 4605980.216600001], [-9010114.6096, 4605802.006099999], [-9009456.6101, 4605283.3330999985], [-9009966.6752, 4604798.041699998], [-9010124.9763, 4604706.891199999], [-9010630.4081, 4603983.107900001], [-9010523.0635, 4603822.808399998], [-9010475.9842, 4603433.188500002], [-9010638.8106, 4603261.2798999995], [-9010438.0101, 4602987.6536], [-9010362.7364, 4602144.492899999], [-9010239.6839, 4601759.358599998], [-9010165.3942, 4601665.940399997], [-9010131.8594, 4601455.392300002], [-9009933.5591, 4601405.500299998], [-9009863.1499, 4601361.434299998], [-9009402.688, 4601072.762599997], [-9009105.9607, 4601141.438900001], [-9009100.7746, 4601068.072999999], [-9008525.1446, 4601101.431699999], [-9007979.1504, 4601112.456299998], [-9007692.7716, 4601185.566600002], [-9007686.5419, 4601181.0955], [-9008351.0846, 4600754.8989999965], [-9007923.2573, 4599995.452299997], [-9007971.5319, 4599997.407799996], [-9007998.8043, 4599953.419], [-9008037.4542, 4599928.575800002], [-9008041.9181, 4599861.604699999], [-9008051.3537, 4599783.7951000035], [-9008043.5583, 4599753.8094], [-9008055.4971, 4599720.013899997], [-9007980.1046, 4599676.575599998], [-9007947.0867, 4599662.514399998], [-9007901.9102, 4599660.561700001], [-9007776.0599, 4599618.353500001], [-9007750.9262, 4599622.7962], [-9007680.3085, 4599659.090099998], [-9007661.9775, 4599647.592699997], [-9007615.8432, 4599651.378300004], [-9007590.7821, 4599663.4745000005], [-9007540.4384, 4599668.5317], [-9007506.9991, 4599681.895999998], [-9007275.9422, 4599558.579800002], [-9007255.3887, 4599547.079700001], [-9007300.8684, 4599520.971000001], [-9007342.3241, 4599510.166299999], [-9007338.4471, 4599495.492600001], [-9007335.9615, 4599486.2820999995], [-9007325.8119, 4599448.667199999], [-9007260.1123, 4599205.2104], [-9007531.7448, 4599095.119800001], [-9008160.5882, 4599193.8948], [-9008605.8929, 4599872.279600002], [-9008964.8287, 4600386.6853], [-9009098.4423, 4600578.154700004], [-9009327.0817, 4600374.8379999995], [-9009643.1298, 4599439.329800002], [-9009897.2019, 4599262.190800004], [-9009380.6979, 4600404.857799999], [-9009875.2407, 4600685.2425], [-9010179.5601, 4600881.921499997], [-9010362.3111, 4601083.622400001], [-9010416.6167, 4600973.933600001], [-9010456.9027, 4600996.924000002], [-9010476.4837, 4600986.091499999], [-9010535.9688, 4600908.940099999], [-9010613.271, 4600912.814999998], [-9010683.0588, 4600800.5842999965], [-9010705.6378, 4600821.6489999965], [-9010743.5617, 4600877.807999998], [-9010743.1299, 4600927.180799998], [-9010853.7139, 4600900.347199999], [-9010795.1525, 4600987.560800001], [-9010676.6455, 4601101.040799998], [-9010661.5798, 4601130.376500003], [-9010632.25, 4601175.651900001], [-9010610.3739, 4601238.794299997], [-9010605.1697, 4601308.964500003], [-9010601.2673, 4601327.4624999985], [-9010586.7731, 4601330.0053], [-9010585.1713, 4601352.332400002], [-9010609.8822, 4601387.240599997], [-9010614.2601, 4601393.425099999], [-9010702.9852, 4601518.762000002], [-9011662.5291, 4602874.108999997], [-9011698.4182, 4602811.730599999], [-9011661.4014, 4603444.2064], [-9011764.9429, 4603452.482799999], [-9011686.6557, 4603734.0282000005], [-9011814.5892, 4603874.4727], [-9012026.8562, 4604242.764600001], [-9012033.5563, 4604353.801399998], [-9011960.6711, 4604421.7183], [-9011921.3041, 4604458.401299998], [-9011858.3748, 4604491.553800002], [-9011833.5028, 4604508.771399997], [-9011798.543, 4604524.707500003], [-9011797.4835, 4604579.587099999], [-9011814.4968, 4604632.561300002], [-9011799.1884, 4604666.375600003], [-9011774.5629, 4604666.363300003], [-9011736.999, 4604645.923900001], [-9011716.8251, 4604639.532300003], [-9011691.3191, 4604652.920699999], [-9011643.8094, 4604743.513700001], [-9011560.171, 4604801.542599998], [-9011542.5435, 4604863.434699997], [-9011481.296, 4604863.4026999995], [-9011391.901, 4604912.493799999], [-9011436.934, 4605009.718699999], [-9011466.1099, 4605072.707900003], [-9011466.1247, 4605072.7399], [-9011466.1796, 4605072.8583], [-9011480.4279, 4605110.785599999], [-9011583.3868, 4605384.844800003], [-9011579.2211, 4605452.491099998], [-9011569.6962, 4605608.697899997], [-9011569.6927, 4605608.753899999], [-9011569.6872, 4605608.845299996], [-9011566.2993, 4605663.983000003], [-9011560.3997, 4605760.342299998], [-9011525.44, 4605782.691100001], [-9011488.7295, 4605943.8367], [-9011476.9855, 4605995.388800003], [-9011476.9971, 4605995.446000002], [-9011497.294, 4606095.826800004], [-9011497.3739, 4606096.222199999], [-9011516.0107, 4606188.391900003], [-9011372.4447, 4606526.871200003], [-9011264.0627, 4606782.406499997], [-9011245.1742, 4606826.967699997], [-9011245.1285, 4606827.075599998], [-9011712.1419, 4606862.426700003], [-9011686.0947, 4606914.114399999], [-9011654.5326, 4606951.118799999], [-9011622.9075, 4606954.932400003], [-9011592.7504, 4606962.576399997], [-9011654.8958, 4607176.4366], [-9011900.8942, 4607175.920299999], [-9012133.186, 4607176.030299999], [-9013169.3366, 4607081.350400001], [-9013097.5327, 4607231.962800004], [-9013176.5304, 4607295.183899999], [-9013307.361, 4607399.913199998], [-9013407.6944, 4607586.336800002], [-9013576.7143, 4607559.582900003], [-9013553.143, 4607842.356600001], [-9013665.3321, 4608006.447300002], [-9013427.7425, 4608618.966700003], [-9013554.4465, 4608962.839299999], [-9014283.4317, 4608955.1576000005], [-9014162.577, 4609227.741099998], [-9014118.9026, 4609326.041699998], [-9014407.6465, 4609607.077100001], [-9014430.9943, 4609567.935900003], [-9014458.7039, 4609514.313000001], [-9014984.9902, 4610023.734499998], [-9014906.8443, 4610331.7217999995], [-9014887.7402, 4610406.196500003], [-9015161.5428, 4610593.7042], [-9015517.6477, 4610530.278300002], [-9015838.5317, 4610367.786499999], [-9015866.828, 4610356.296300001], [-9015805.4768, 4610277.116999999], [-9015919.2986, 4610217.748999998], [-9016205.8972, 4610319.291500002], [-9016262.3643, 4610390.167999998], [-9016476.6868, 4610372.300700001], [-9016521.9179, 4610191.609700002], [-9016657.1153, 4610090.733400002], [-9016799.224, 4610095.204800002], [-9016890.8238, 4610070.304499999], [-9016976.4396, 4609913.659599997], [-9016905.8769, 4609729.076099999], [-9017398.0682, 4609539.340499997], [-9017398.0741, 4609539.338299997], [-9017085.3739, 4609345.0173999965], [-9017038.9605, 4609288.197899997], [-9016987.2628, 4609249.254500002], [-9016981.6199, 4609207.756800003], [-9017043.3678, 4609066.0266999975], [-9017049.0497, 4609051.343199998], [-9017060.3342, 4609028.359899998], [-9017065.9765, 4609016.229999997], [-9017069.2344, 4608997.077600002], [-9017069.2342, 4608984.947700001], [-9017069.9889, 4608974.094700001], [-9017067.5648, 4608957.496200003], [-9017064.3857, 4608937.705600001], [-9017054.6898, 4608913.4463], [-9017038.5172, 4608885.356700003], [-9016884.7429, 4608775.552900001], [-9016844.4125, 4608748.101800002], [-9016822.6381, 4608732.780100003], [-9016814.5322, 4608724.480999999], [-9016807.2609, 4608711.713100001], [-9016803.2479, 4608694.476400003], [-9016802.4137, 4608672.770999998], [-9016865.8297, 4608453.1669000015], [-9016885.1797, 4608465.9344], [-9016923.1248, 4608407.203599997], [-9016864.598, 4608303.1489999965], [-9017020.3488, 4608190.795599997], [-9017084.9522, 4608126.320200004], [-9017203.1477, 4607891.4038999975], [-9017463.4181, 4607743.935999997], [-9017580.0599, 4607638.6039], [-9017581.6333, 4607405.616499998], [-9017626.8417, 4607356.463299997], [-9017799.5431, 4607346.236199997], [-9017811.6693, 4607443.897100002], [-9017852.4172, 4607290.060099997], [-9018012.9841, 4607133.659500003], [-9018235.7428, 4607456.615999997], [-9018396.3395, 4607254.248999998], [-9018587.9854, 4607222.303599998], [-9018640.4651, 4607212.082000002], [-9019301.0986, 4607668.981899999], [-9019403.5628, 4607505.545999996], [-9019452.8693, 4607832.997299999], [-9019481.9214, 4608025.770499997], [-9019692.4931, 4608473.535099998], [-9019725.3477, 4608672.835600004], [-9019651.3456, 4608708.326800004], [-9019675.0596, 4608771.341700003], [-9019895.8878, 4608988.336800002], [-9020014.5582, 4609056.611400001], [-9019791.1557, 4609589.767499998], [-9019768.5202, 4609643.403800003], [-9019974.7611, 4609648.451300003], [-9020052.1555, 4609622.366700001], [-9020241.4769, 4609760.665600002], [-9020211.9643, 4609852.902099997], [-9020215.7923, 4609966.296800002], [-9020221.1768, 4609996.412199996], [-9020243.4986, 4609998.168499999], [-9020322.4931, 4609967.406400003], [-9020334.6271, 4609900.045900002], [-9020615.1592, 4610090.053499997], [-9020819.9061, 4610200.482799999], [-9020844.3833, 4610213.684299998], [-9021140.2965, 4610373.2733], [-9021242.5026, 4610364.357699998], [-9021446.23, 4610402.5788], [-9021511.7937, 4610383.394500002], [-9021675.5034, 4610336.070799999], [-9021674.6257, 4610242.851400003], [-9021537.7389, 4610106.279100001], [-9021424.7243, 4610027.158500001], [-9021426.6477, 4609882.2250000015], [-9021441.1239, 4609817.733800001], [-9021524.6428, 4609703.412199996], [-9021525.3955, 4609521.454000004], [-9021721.8819, 4609404.528700002], [-9021860.7198, 4609398.077799998], [-9021975.7233, 4609327.155199997], [-9022003.9082, 4609270.320900001], [-9022106.3756, 4609166.205899999], [-9022104.3235, 4609115.771899998], [-9022096.9865, 4608986.177299999], [-9022111.4871, 4608901.9001], [-9022109.4579, 4608817.631899998], [-9022105.3639, 4608736.557300001], [-9022194.5096, 4608623.516199999], [-9022647.0226, 4608807.129500002], [-9022656.2832, 4608811.593099996], [-9022684.4755, 4608706.241800003], [-9022845.0383, 4608631.457900003], [-9022925.0237, 4608700.995700002], [-9022972.2122, 4608741.825199999], [-9023042.423, 4608741.783200003], [-9023213.9969, 4608808.072300002], [-9023282.6198, 4608809.944899999], [-9023618.4226, 4608818.029200003], [-9023720.9639, 4608856.9038999975], [-9023904.531, 4608845.288699999], [-9023942.5153, 4608842.070699997], [-9023994.0973, 4608793.516500004], [-9024045.6732, 4608679.207900003], [-9023944.3538, 4608625.014899999], [-9023926.5691, 4608531.822800003], [-9023556.8016, 4607412.406000003], [-9023514.5269, 4607284.1329], [-9023437.3445, 4607175.6708], [-9023293.7661, 4607239.591700003], [-9023170.2643, 4607198.178599998], [-9023415.4784, 4606521.4476], [-9023427.537, 4606304.433700003], [-9023650.632, 4606242.379299998], [-9023827.2106, 4606067.384199999], [-9023954.3378, 4606081.976800002], [-9023967.2097, 4606025.803499997], [-9024088.1643, 4605904.4564], [-9024244.9155, 4605684.1608000025], [-9024320.3423, 4605619.647500001], [-9024379.173, 4605567.272100002], [-9024411.4842, 4605590.861900002], [-9024415.5365, 4605591.497199997], [-9024666.7105, 4605604.7119999975], [-9024847.277, 4605641.589500003], [-9024986.902, 4605743.593800001], [-9025073.6859, 4605730.122400001], [-9025160.0132, 4605742.179399997], [-9025294.4088, 4605807.167999998], [-9025479.6526, 4605872.751100004], [-9025549.9025, 4605942.896499999], [-9025753.7794, 4606053.135799997], [-9025893.3986, 4606086.202399999], [-9025964.0361, 4606140.390100002], [-9026277.7615, 4606383.278999999], [-9026408.5382, 4606470.599399999], [-9026549.4722, 4606541.9526999965], [-9026687.4002, 4606919.041199997], [-9026976.9021, 4607131.3116], [-9026986.3537, 4607697.487300001], [-9027093.1155, 4607663.550300002], [-9027335.2738, 4607587.3455], [-9027355.8737, 4607960.1131], [-9027425.13, 4608237.727300003], [-9027628.1686, 4608319.866300002], [-9027631.4253, 4608318.586099997], [-9027725.0042, 4608288.484399997], [-9027753.4407, 4608428.257799998], [-9027833.0184, 4608533.505900003], [-9027945.2245, 4608532.108800001], [-9027917.0944, 4608645.133599997], [-9028076.6407, 4608805.197899997], [-9028161.3779, 4608789.7836000025], [-9028174.4525, 4608900.851300001], [-9028304.0976, 4608999.6611], [-9028396.8753, 4608959.975900002], [-9028435.7418, 4609071.6545], [-9028608.0194, 4609022.301299997], [-9028666.2708, 4609126.296300001], [-9028796.6014, 4609089.117700003], [-9028850.7386, 4609172.687700003], [-9028947.6013, 4609194.919100001], [-9029023.83, 4609139.924999997], [-9029079.6782, 4609257.328599997], [-9029229.7998, 4609255.233999997], [-9029236.4475, 4609331.8374999985], [-9029239.631, 4609368.8627], [-9029357.1238, 4609427.456699997], [-9029395.8711, 4609430.601599999], [-9029498.4402, 4609436.8605], [-9029474.7455, 4609558.193700001], [-9029517.6036, 4609607.939800002], [-9029641.9123, 4609615.4476], [-9029609.432, 4609797.447400004], [-9029832.2338, 4609788.230300002], [-9029752.1854, 4609999.663199998], [-9029938.0102, 4610129.039300002], [-9029924.0339, 4610233.129900001], [-9029991.9063, 4610293.061399996], [-9030120.3254, 4610338.229500003], [-9030134.1021, 4610389.929799996], [-9030115.2333, 4610489.560199998], [-9030225.0863, 4610527.089599997], [-9030230.0197, 4610592.849399999], [-9030341.4332, 4610606.751000002], [-9030338.386, 4610738.927299999], [-9030380.0209, 4610758.028300002], [-9030501.1433, 4610779.5779], [-9030540.7625, 4610867.002999999], [-9030477.8843, 4610923.276799999], [-9030383.8032, 4611007.048699997], [-9030354.1095, 4611033.267700002], [-9030346.069, 4611023.700199999], [-9030318.4392, 4611048.000799999], [-9030316.0328, 4611050.118299998], [-9030307.3212, 4611057.784699999], [-9030223.1121, 4611131.744199999], [-9030174.2943, 4611174.619499996], [-9030165.5038, 4611182.265799999], [-9030154.4445, 4611191.885899998], [-9029944.3926, 4611376.057999998], [-9029677.4797, 4611610.1087], [-9029316.5815, 4611601.612499997], [-9029280.1868, 4611545.462399997], [-9029088.0524, 4611573.7897000015], [-9029019.4154, 4611576.425399996], [-9028949.9287, 4611497.963600002], [-9028973.6799, 4611450.043499999], [-9029096.0847, 4611206.609499998], [-9029185.3881, 4610938.316699997], [-9029031.0079, 4610752.690099999], [-9028946.2343, 4610749.597499996], [-9028693.6272, 4610500.233599998], [-9028677.4733, 4610483.651100002], [-9028644.7721, 4610453.679099999], [-9028571.1737, 4610349.688100003], [-9028439.5423, 4610304.504100002], [-9028312.8307, 4610323.1624], [-9027848.1194, 4609810.972499996], [-9027735.4589, 4609392.270000003], [-9027647.4563, 4609406.408299997], [-9027434.6056, 4609192.116899997], [-9026844.5334, 4609201.644500002], [-9025778.6657, 4609219.222599998], [-9025523.6028, 4609223.909500003], [-9025405.3081, 4609658.146700002], [-9025483.3804, 4609834.295699999], [-9025450.3542, 4609974.147699997], [-9025492.6155, 4610283.1369], [-9025770.1297, 4610569.586400002], [-9025663.2897, 4610692.272399999], [-9025603.61, 4610801.5101], [-9025531.8598, 4610878.193599999], [-9025522.2645, 4611000.160999998], [-9025518.7022, 4611065.294699997], [-9025470.3347, 4611161.116499998], [-9025400.5156, 4611222.4750000015], [-9025072.7674, 4611197.200000003], [-9025132.7546, 4611064.9738000035], [-9024992.1607, 4610885.0195999965], [-9024825.9115, 4610929.2082], [-9024799.5852, 4610855.797899999], [-9024759.1617, 4610744.0876], [-9024558.1728, 4610779.997100003], [-9024483.8257, 4610686.190200001], [-9024460.0371, 4610709.194499999], [-9024495.6958, 4610939.036499999], [-9024479.9652, 4610949.264700003], [-9024179.7591, 4611134.658], [-9024142.2085, 4611088.071199998], [-9023979.3182, 4610882.577500001], [-9023756.7594, 4611121.540799998], [-9023571.6032, 4611319.612999998], [-9023544.9532, 4611348.365199998], [-9023537.7247, 4611356.0326000005], [-9023531.2517, 4611364.3379999995], [-9023526.45, 4611375.835000001], [-9023524.0354, 4611391.162199996], [-9023525.6354, 4611407.125], [-9023532.084, 4611422.446199998], [-9023536.1407, 4611426.913599998], [-9023541.7883, 4611432.656900004], [-9023547.4349, 4611437.123300001], [-9023557.9709, 4611442.863300003], [-9023650.797, 4611476.646399997], [-9023743.6847, 4611542.356899999], [-9023759.0839, 4611569.166500002], [-9023760.6779, 4611575.551100001], [-9023761.5156, 4611580.020499997], [-9023757.426, 4611586.4089], [-9023754.249, 4611590.2425], [-9023746.1413, 4611590.886399999], [-9023736.4802, 4611586.423], [-9023667.827, 4611566.672899999], [-9023614.1313, 4611566.708300002], [-9023584.2587, 4611590.9934], [-9023576.2624, 4611640.8072], [-9023575.4302, 4611644.639300004], [-9023572.174, 4611649.111400001], [-9023570.5867, 4611652.943899997], [-9023568.1641, 4611656.138300002], [-9023564.946, 4611658.056199998], [-9023556.8777, 4611658.061399996], [-9023547.973, 4611655.512900002], [-9023540.6958, 4611649.770499997], [-9023539.9354, 4611641.4695999995], [-9023496.2855, 4611564.8693], [-9023404.2042, 4611515.119900003], [-9023396.6875, 4611507.4619999975], [-9023350.8719, 4611460.237199999], [-9023285.8594, 4611412.385899998], [-9023277.7495, 4611409.198200002], [-9023268.0498, 4611406.011500001], [-9023254.3776, 4611406.019900002], [-9023240.6701, 4611413.052699998], [-9023226.8882, 4611428.386500001], [-9023157.5798, 4611570.190499999], [-9023149.4769, 4611578.4969], [-9023134.176, 4611580.421999998], [-9023124.4763, 4611577.234999999], [-9023114.8109, 4611565.108000003], [-9023117.227, 4611551.0581], [-9023107.4207, 4611370.989500001], [-9023032.3237, 4611337.829999998], [-9022999.1863, 4611353.813600004], [-9022968.6238, 4611490.4837], [-9022942.489, 4611723.577600002], [-9022940.9167, 4611753.591700003], [-9022940.9372, 4611788.713600002], [-9022927.2297, 4611797.0233], [-9022916.698, 4611798.945299998], [-9022903.7798, 4611797.6756], [-9022890.4568, 4611783.634800002], [-9022871.033, 4611735.752599999], [-9022870.2408, 4611671.895300001], [-9022851.5809, 4611569.7346], [-9022742.4106, 4611306.7104], [-9022710.9272, 4611295.873000003], [-9022664.1621, 4611320.803099997], [-9022656.9116, 4611361.674599998], [-9022662.5591, 4611439.5757], [-9022653.3939, 4611539.196800001], [-9022694.6427, 4611668.803300001], [-9022682.1117, 4611719.896700002], [-9022583.6501, 4611771.676799998], [-9022489.2337, 4611882.203900002], [-9022452.1109, 4611882.8627], [-9022424.666, 4611845.839599997], [-9022409.2856, 4611848.4021999985], [-9022410.1695, 4611940.358499996], [-9022478.4217, 4612027.170299999], [-9022492.1767, 4612105.071900003], [-9022487.3521, 4612150.415299997], [-9022450.6508, 4612197.692199998], [-9022450.7254, 4612336.270900004], [-9022431.4035, 4612402.059], [-9022445.9204, 4612418.655199997], [-9022507.7106, 4612456.938900001], [-9022563.5071, 4612582.717699997], [-9022545.7645, 4612628.708899997], [-9022493.3152, 4612665.140000001], [-9022463.426, 4612669.626699999], [-9022419.4175, 4612658.793799996], [-9022316.077, 4612674.176299997], [-9022309.6275, 4612730.379900001], [-9022031.2563, 4612802.689999998], [-9022006.3759, 4612808.450199999], [-9022001.6461, 4612809.729999997], [-9021844.215, 4612848.764700003], [-9021768.7627, 4612919.0524], [-9021539.1004, 4613130.555], [-9021457.6037, 4613205.315700002], [-9021461.3054, 4613395.639200002], [-9021402.4154, 4613538.730800003], [-9021277.6957, 4613596.9058], [-9021236.553, 4613695.282700002], [-9021146.0771, 4613702.346199997], [-9021110.6661, 4613919.5211], [-9020971.0635, 4614157.181500003], [-9020262.9976, 4614199.595700003], [-9020348.5827, 4614175.295199998], [-9020338.7251, 4614060.966799997], [-9020294.1022, 4613525.1083], [-9019985.993, 4613308.693000004], [-9019965.5563, 4613294.648400001]]]]}}, {"type": "Feature", "properties": {"OBJECTID": 165, "CreationDate": "2025-01-14T11:11:11Z", "Creator": "NPS_WASO_LANDS", "EditDate": "2025-01-14T11:11:11Z", "Editor": "NPS_WASO_LANDS", "GlobalID": "{F3A4C6C0-2762-4A4D-B519-C3E9DE7435CA}", "AreaID": 158, "UNIT_CODE": "NERI", "GIS_Notes": "Unofficial Boundary of New River Gorge National Park and Preserve.", "UNIT_NAME": "New River Gorge National Park and Preserve", "DATE_EDIT": "2013-12-18T00:00:00Z", "STATE": "WV", "REGION": "NE", "GNIS_ID": "1877618", "UNIT_TYPE": "National Preserve", "CREATED_BY": "Region", "METADATA": "Preliminary data. Contact the Land Resources Program for additional information.", "PARKNAME": "New River Gorge", "SHAPE_Length": 377213.3300698424, "SHAPE_Area": 466875555.1356122}, "geometry": {"type": "MultiPolygon", "coordinates": [[[[-9034126.2892, 4569368.658299997], [-9034125.5827, 4569368.381399997], [-9034125.5109, 4569368.231799997], [-9034126.2892, 4569368.658299997]]], [[[-9034061.8339, 4569419.154700004], [-9034053.551, 4569391.252700001], [-9034113.2239, 4569372.310400002], [-9034114.9805, 4569377.684699997], [-9034106.6224, 4569392.9048999995], [-9034094.9849, 4569403.175099999], [-9034093.9816, 4569402.558499999], [-9034061.8339, 4569419.154700004]]], [[[-9034240.4481, 4569329.711800002], [-9034287.3023, 4569305.922600001], [-9034282.295, 4569340.207999997], [-9034260.5241, 4569368.163999997], [-9034240.4481, 4569329.711800002]]], [[[-9034085.791, 4569118.764700003], [-9034100.5946, 4569090.430799998], [-9034100.7222, 4569090.4793], [-9034108.8437, 4569094.637199998], [-9034120.7686, 4569118.2848000005], [-9034122.7186, 4569117.593000002], [-9034166.338, 4569225.3549000025], [-9034143.9209, 4569234.549000002], [-9034143.7826, 4569234.569600001], [-9034136.412, 4569222.5869999975], [-9034112.0929, 4569147.670000002], [-9034096.1012, 4569127.535599999], [-9034085.791, 4569118.764700003]]], [[[-9034126.2892, 4569368.658299997], [-9034182.0094, 4569351.3006], [-9034175.6093, 4569343.4070999995], [-9034172.8739, 4569337.443700001], [-9034119.0015, 4569354.192400001], [-9034105.4098, 4569308.969999999], [-9034154.8073, 4569294.929799996], [-9034151.8598, 4569269.314000003], [-9034152.3693, 4569269.110200003], [-9034186.1378, 4569252.994999997], [-9034218.5303, 4569321.927900001], [-9034224.0984, 4569331.679700002], [-9034253.3362, 4569376.467500001], [-9034253.8206, 4569376.772], [-9034253.2709, 4569377.477899998], [-9034275.1897, 4569401.2211000025], [-9034224.8752, 4569482.985699996], [-9034104.7085, 4569409.149800003], [-9034105.1647, 4569408.575400002], [-9034112.6931, 4569396.745200001], [-9034120.7115, 4569381.635399997], [-9034124.3876, 4569371.182499997], [-9034126.2892, 4569368.658299997]]], [[[-9034203.4378, 4569265.422499999], [-9034181.167, 4569213.3103], [-9034124.1714, 4569073.855499998], [-9034123.3, 4569073.092500001], [-9034102.8074, 4568980.195699997], [-9034101.9992, 4568958.485399999], [-9034113.3269, 4568960.0176], [-9034128.547, 4568957.2619], [-9034128.0657, 4569014.838600002], [-9034148.9733, 4569015.3486], [-9034148.6896, 4569047.822899997], [-9034158.2099, 4569048.144699998], [-9034158.4118, 4569009.985799998], [-9034211.2383, 4569009.960500002], [-9034205.1019, 4569046.710000001], [-9034205.1312, 4569064.286200002], [-9034218.5835, 4569105.1021], [-9034235.0885, 4569124.201399997], [-9034282.7503, 4569150.485600002], [-9034291.5138, 4569157.707999997], [-9034300.8128, 4569177.3364999965], [-9034300.8724, 4569213.005999997], [-9034292.4652, 4569270.5713], [-9034274.9007, 4569279.865000002], [-9034264.9156, 4569259.262199998], [-9034213.4046, 4569286.424699999], [-9034203.4378, 4569265.422499999]]], [[[-9030421.0093, 4596011.471299998], [-9030306.0181, 4595923.531999998], [-9030209.6569, 4595703.435199998], [-9030134.3355, 4595600.763899997], [-9030078.8917, 4595525.332199998], [-9029903.2511, 4595366.162699997], [-9029859.5396, 4595287.056299999], [-9029775.2842, 4595171.582199998], [-9029508.4037, 4595254.506499998], [-9029489.1851, 4595260.916100003], [-9029465.0885, 4595269.5594], [-9029150.1053, 4595379.2962], [-9029137.8756, 4595351.812600002], [-9029112.9286, 4595341.895999998], [-9029012.6662, 4595341.4454], [-9028972.4935, 4595314.638099998], [-9028925.3074, 4595279.4802], [-9028860.4954, 4595276.540600002], [-9028815.474, 4595239.006399997], [-9028771.2361, 4595254.889799997], [-9028756.3787, 4595225.393200003], [-9028737.376, 4595184.861400001], [-9028741.481, 4595082.378300004], [-9028727.7465, 4595013.4428], [-9028665.8097, 4594985.859999999], [-9028633.9634, 4594955.196199998], [-9028531.0904, 4594875.512000002], [-9028504.7991, 4594891.451399997], [-9028414.5507, 4594830.302000001], [-9028379.5611, 4594810.5402000025], [-9028368.0092, 4594825.337800004], [-9028362.6107, 4594819.245499998], [-9028359.7816, 4594816.3945999965], [-9028361.2182, 4594810.347599998], [-9028347.053, 4594799.475900002], [-9028337.4453, 4594793.625], [-9028333.5117, 4594792.155000001], [-9028329.9445, 4594788.738200001], [-9028326.1703, 4594788.830200002], [-9028327.019, 4594780.275399998], [-9028271.3903, 4594737.009499997], [-9028254.1238, 4594721.967799999], [-9028219.9162, 4594698.189099997], [-9028200.6679, 4594694.728699997], [-9028183.5671, 4594698.0251], [-9027879.1404, 4594473.685900003], [-9027700.5938, 4594415.243799999], [-9027668.6176, 4594356.5317], [-9027696.4932, 4594305.858499996], [-9027744.7813, 4594251.273100004], [-9027724.2389, 4594227.996699996], [-9027671.9607, 4594160.997500002], [-9027619.201, 4594125.974299997], [-9027561.9625, 4594119.688100003], [-9027515.1017, 4594109.652800001], [-9027531.5357, 4594017.0233], [-9027549.9956, 4593965.957800001], [-9027596.3496, 4593910.623300001], [-9027547.5233, 4593866.4384], [-9027518.8301, 4593859.701300003], [-9027452.7476, 4593835.524099998], [-9027397.2501, 4593778.7236], [-9027408.0233, 4593715.566600002], [-9027434.6506, 4593670.7678999975], [-9027457.3174, 4593602.294100001], [-9027403.9419, 4593576.610100001], [-9027423.1951, 4593508.857299998], [-9027440.8831, 4593447.4868], [-9027416.1068, 4593382.8379999995], [-9027342.7322, 4593351.499799997], [-9027305.3714, 4593319.596699998], [-9027296.892, 4593252.556299999], [-9027250.8521, 4593215.646700002], [-9027305.225, 4593173.884300001], [-9027343.0454, 4593140.849699996], [-9027315.3919, 4593089.139799997], [-9027304.8267, 4593038.996600002], [-9027311.8863, 4593001.242399998], [-9027321.8413, 4592967.444600001], [-9027378.0477, 4592920.6657000035], [-9027419.042, 4592907.953500003], [-9027428.9856, 4592863.3336], [-9027451.5492, 4592821.340499997], [-9027429.6927, 4592783.088399999], [-9027404.1521, 4592740.881200001], [-9027394.1147, 4592692.8508], [-9027428.8256, 4592619.8046], [-9027406.3967, 4592613.531300001], [-9027320.3542, 4592547.924099997], [-9027286.6802, 4592514.949299999], [-9027244.6748, 4592456.935099997], [-9027153.9672, 4592413.164399996], [-9027070.0272, 4592407.858000003], [-9026985.1158, 4592409.4802], [-9026913.6801, 4592346.906300001], [-9026871.375, 4592363.863399997], [-9026805.4974, 4592374.923500001], [-9026758.212, 4592370.2271], [-9026690.5242, 4592328.339000002], [-9026655.9662, 4592293.240099996], [-9026586.9698, 4592283.695100002], [-9026524.5368, 4592247.181999996], [-9026466.2677, 4592210.943899997], [-9026408.256, 4592201.089000002], [-9026322.0739, 4592137.688900001], [-9026239.0258, 4592137.262599997], [-9026166.3943, 4592142.532200001], [-9026154.5654, 4592129.818400003], [-9026139.5214, 4592116.803900003], [-9026124.2973, 4592104.965899996], [-9026118.9604, 4592100.672399998], [-9026103.4279, 4592090.833700001], [-9026090.5559, 4592080.823600002], [-9026057.7104, 4592055.0195999965], [-9026043.8311, 4592034.320900001], [-9026028.066, 4592012.6215], [-9025988.3338, 4591964.6347], [-9025969.8282, 4591947.410599999], [-9025940.7453, 4591916.933499999], [-9025914.6286, 4591892.959700003], [-9025871.4759, 4591864.3134], [-9025809.9432, 4591829.219700001], [-9025748.8335, 4591767.144400001], [-9025727.7057, 4591740.550800003], [-9025800.8652, 4591683.312600002], [-9025835.4794, 4591617.059], [-9025829.1898, 4591563.1972], [-9025823.4033, 4591530.516900003], [-9025849.3624, 4591409.370499998], [-9025866.973, 4591410.068400003], [-9025871.2739, 4591407.082199998], [-9025871.6887, 4591396.186700001], [-9025848.1083, 4591393.894400001], [-9025818.78, 4591410.7557], [-9025758.3501, 4591492.965400003], [-9025705.7661, 4591436.829400003], [-9025553.4356, 4591245.3248], [-9025617.9891, 4590719.3785], [-9025527.3435, 4590537.312100001], [-9025470.9553, 4590585.401500002], [-9025432.2132, 4590511.739799999], [-9025395.1248, 4590543.380800001], [-9025383.1493, 4590542.661799997], [-9025344.502, 4590552.611199997], [-9025314.4961, 4590555.006700002], [-9025303.9976, 4590555.2082], [-9025292.4489, 4590544.831500001], [-9025275.5024, 4590545.811399996], [-9025253.8701, 4590561.1417], [-9025221.316, 4590562.2233000025], [-9025204.6899, 4590559.642099999], [-9025192.2225, 4590553.462300003], [-9025166.672, 4590554.303599998], [-9025144.8688, 4590575.4179000035], [-9025107.0122, 4590569.845899999], [-9025103.9443, 4590576.255000003], [-9025071.7812, 4590589.0385000035], [-9025056.094, 4590574.808300003], [-9025018.6736, 4590580.999300003], [-9024998.3215, 4590592.038999997], [-9024999.1196, 4590600.553199999], [-9024982.7061, 4590606.0286], [-9024947.5652, 4590600.891000003], [-9024857.1067, 4590577.988899998], [-9024856.2558, 4590573.862800002], [-9024826.9546, 4590529.409599997], [-9024826.4306, 4590529.635399997], [-9024808.4731, 4590537.380500004], [-9024633.8168, 4590085.343900003], [-9024674.1791, 4590038.347999997], [-9024789.7915, 4589903.732699998], [-9024919.7965, 4589758.5348000005], [-9025051.9145, 4589706.310400002], [-9025042.7504, 4589687.655100003], [-9025179.7052, 4589606.707199998], [-9025180.6292, 4589521.714500003], [-9025180.8608, 4589500.3989999965], [-9025189.6833, 4589500.876599997], [-9025192.719, 4589437.563199997], [-9025018.8577, 4589407.481299996], [-9025024.1659, 4589440.624600001], [-9024951.5625, 4589464.549400002], [-9024869.6535, 4589408.9265], [-9024931.6768, 4589363.796599999], [-9024960.7201, 4589357.1439], [-9024960.6745, 4589356.968099996], [-9024960.9965, 4589357.077399999], [-9024961.3887, 4589357.068000004], [-9024954.7074, 4589334.074000001], [-9024952.7738, 4589326.6543999985], [-9024986.5559, 4589316.6477999985], [-9024998.4779, 4589313.1756], [-9024950.3852, 4589097.480999999], [-9024949.0367, 4589091.321999997], [-9024937.5583, 4589047.562100001], [-9024834.2177, 4588997.245800003], [-9024818.3592, 4588986.567100003], [-9024707.9237, 4588912.198200002], [-9024574.8616, 4588866.202399999], [-9024535.4506, 4588809.6455999985], [-9024268.5528, 4588813.830700003], [-9024090.7992, 4588368.687700003], [-9023911.4046, 4588418.317299999], [-9023903.6207, 4588173.2601], [-9023380.1103, 4588547.235399999], [-9023357.1625, 4588528.840899996], [-9023332.945, 4588505.122900002], [-9023287.0103, 4588454.625699997], [-9023212.1703, 4588371.560900003], [-9023090.5578, 4588237.064800002], [-9023024.5123, 4588163.629900001], [-9022982.2405, 4588118.198100001], [-9022950.2796, 4588082.9624999985], [-9022909.3392, 4588039.7798999995], [-9022876.8527, 4588007.9903], [-9022830.9018, 4587971.967299998], [-9022798.4217, 4587950.5154], [-9022776.2417, 4587938.6000000015], [-9022761.9831, 4587930.656099997], [-9022744.2926, 4587922.449100003], [-9022728.1869, 4587915.566500001], [-9022700.7293, 4587906.0396], [-9022684.3608, 4587901.2776999995], [-9022663.2399, 4587894.9278], [-9022631.8245, 4587888.318899997], [-9022606.7455, 4587884.091700003], [-9022584.5711, 4587881.453400001], [-9022553.1569, 4587876.9646999985], [-9022525.4398, 4587875.6545], [-9022510.5613, 4587876.566500001], [-9022461.7136, 4587876.593999997], [-9022410.2298, 4587884.576800004], [-9022399.9663, 4587885.696699999], [-9022361.3851, 4587889.9065999985], [-9022345.5433, 4587891.241099998], [-9022226.039, 4587843.5803999975], [-9021977.1804, 4587742.095299996], [-9021872.1531, 4587699.262800001], [-9021847.5249, 4587689.683200002], [-9021742.5032, 4587648.831799999], [-9021718.9829, 4587639.682700001], [-9021671.3585, 4587620.983599998], [-9021499.7939, 4587553.618199997], [-9021485.929, 4587546.996200003], [-9021396.1328, 4587491.3596], [-9021191.4559, 4587369.490599997], [-9021137.3789, 4587336.792300001], [-9020982.7926, 4587245.708899997], [-9020771.1604, 4587174.8939], [-9020587.9864, 4587113.4706000015], [-9020501.9656, 4587084.7786], [-9020415.7372, 4586990.671099998], [-9020380.0815, 4586953.567299999], [-9020339.1408, 4586901.883699998], [-9020282.3527, 4586830.3222], [-9020271.537, 4586816.707800001], [-9020170.7596, 4586689.8500000015], [-9020071.7154, 4586565.2809000015], [-9019937.0187, 4586395.655699998], [-9019828.7364, 4586259.160999998], [-9019636.3774, 4585934.343099996], [-9019572.1643, 4585711.303300001], [-9019567.1699, 4585712.774400003], [-9019543.391, 4585656.8391999975], [-9019527.1055, 4585618.560699999], [-9019466.9666, 4585477.218099996], [-9019476.7828, 4585323.850199997], [-9019482.737, 4585230.5978000015], [-9019473.0695, 4585223.8882], [-9019488.3317, 4585026.304499999], [-9019489.5888, 4585009.844700001], [-9019473.0444, 4584955.162199996], [-9019429.1817, 4584982.873199999], [-9019368.5318, 4584938.3398], [-9019305.4849, 4584892.216799997], [-9019221.4884, 4584830.371299997], [-9019178.1316, 4584798.451200001], [-9019197.3901, 4584781.656499997], [-9019206.7265, 4584751.042999998], [-9019186.8166, 4584703.878700003], [-9019173.5887, 4584641.238300003], [-9019150.0804, 4584631.3006], [-9019151.0496, 4584614.142700002], [-9019157.9868, 4584491.375], [-9018934.0328, 4584375.327399999], [-9018821.8786, 4584317.243900001], [-9018721.5593, 4584429.964599997], [-9018631.6148, 4584531.001599997], [-9018532.9114, 4584641.878799997], [-9018474.2994, 4584552.351099998], [-9018389.0197, 4584422.095200002], [-9018346.0448, 4584356.452100001], [-9018331.8491, 4584334.770300001], [-9018349.928, 4584328.124899998], [-9018367.6963, 4584303.807999998], [-9018382.5696, 4584249.9157000035], [-9018403.66, 4584226.022399999], [-9018411.8423, 4584212.1472999975], [-9018420.2381, 4584191.956799999], [-9018431.8559, 4584178.632299997], [-9018447.6804, 4584167.5358000025], [-9018456.4508, 4584155.8440999985], [-9018477.941, 4584105.828599997], [-9018480.6757, 4584057.9648], [-9018470.218, 4584038.937100001], [-9018469.6199, 4584026.773800001], [-9018468.7132, 4584005.432800002], [-9018485.9679, 4583984.295199998], [-9018496.9918, 4583946.4934], [-9018518.3064, 4583923.058200002], [-9018521.4132, 4583903.689300001], [-9018525.0864, 4583864.086300001], [-9018533.9805, 4583855.933200002], [-9018547.0218, 4583847.1778], [-9018566.6186, 4583822.454400003], [-9018567.751, 4583808.7337], [-9018575.8093, 4583792.501999997], [-9018584.0867, 4583784.406499997], [-9018587.634, 4583768.081299998], [-9018598.0887, 4583756.049400002], [-9018608.1126, 4583749.923199996], [-9018626.0815, 4583740.797499999], [-9018637.4727, 4583721.898199998], [-9018629.5116, 4583701.4142], [-9018596.5834, 4583616.683499999], [-9018595.8943, 4583614.9124], [-9018539.1026, 4583468.952100001], [-9018482.669, 4583323.5528], [-9018424.5926, 4583174.105999999], [-9018369.1177, 4583031.359300002], [-9018314.5996, 4582891.057700001], [-9018257.9922, 4582744.239799999], [-9018201.9701, 4582601.2092999965], [-9018142.6475, 4582448.541299999], [-9018083.3508, 4582295.943899997], [-9018030.0622, 4582158.801899999], [-9017967.8298, 4581998.550800003], [-9017911.9247, 4581854.7566], [-9017849.5156, 4581694.130400002], [-9017797.817, 4581561.066600002], [-9017756.9708, 4581455.944499999], [-9017704.0646, 4581319.769699998], [-9017643.1531, 4581213.934], [-9017606.6169, 4581150.450199999], [-9017513.1361, 4580988.024700001], [-9017474.93, 4580864.517700002], [-9017451.0483, 4580787.3103], [-9017418.5581, 4580682.261299998], [-9017373.1516, 4580535.480700001], [-9017339.0857, 4580425.3455], [-9017354.984, 4580262.302000001], [-9017361.0783, 4580221.193999998], [-9017347.358, 4580205.177599996], [-9017259.89, 4580103.071000002], [-9017163.2666, 4579990.2798999995], [-9016916.6922, 4579782.561700001], [-9016571.7275, 4579880.591499999], [-9016329.6557, 4579922.976899996], [-9016088.2422, 4579960.057999998], [-9015720.1823, 4580014.343999997], [-9015487.9991, 4580048.762900002], [-9015469.5267, 4580076.579800002], [-9015466.8878, 4580081.878399998], [-9015468.2044, 4580101.749499999], [-9015171.401, 4579974.537900001], [-9015050.7032, 4579922.855899997], [-9015038.8316, 4579916.230499998], [-9014727.5464, 4579692.303900003], [-9014718.3134, 4579687.003600001], [-9014682.0406, 4579667.126500003], [-9014460.4475, 4579550.510799997], [-9014295.5751, 4579464.3719], [-9014184.7826, 4579406.061499998], [-9014105.6457, 4579363.653399996], [-9014056.8452, 4579337.148699999], [-9014006.7247, 4579314.616899997], [-9013959.2431, 4579290.761100002], [-9013886.7036, 4579248.354000002], [-9013824.7158, 4579212.572300002], [-9013814.1637, 4579209.920400001], [-9013251.6035, 4579105.1049000025], [-9013233.7897, 4579123.643299997], [-9013121.6211, 4579257.391800001], [-9012810.175, 4579624.2070999965], [-9012695.3567, 4579759.280699998], [-9012041.6962, 4579789.475900002], [-9011717.1731, 4579803.896899998], [-9011577.9972, 4579810.452600002], [-9011616.2389, 4579839.614699997], [-9011767.8938, 4579945.663999997], [-9011721.6718, 4580050.294399999], [-9011496.4922, 4580558.889300004], [-9010964.7428, 4580710.960500002], [-9010854.2514, 4580128.0009], [-9010811.4004, 4580086.910099998], [-9010880.0407, 4580012.764399998], [-9010833.8957, 4579965.048699997], [-9010803.5364, 4579996.824699998], [-9010759.9764, 4580043.164800003], [-9010662.3824, 4579996.7434], [-9010665.1169, 4579831.156999998], [-9010795.7101, 4579840.505000003], [-9010954.0481, 4579774.359300002], [-9011024.0031, 4579702.865199998], [-9011091.2782, 4579706.875699997], [-9011105.781, 4579721.4548999965], [-9011124.2956, 4579635.361100003], [-9011153.3084, 4579651.272699997], [-9011103.8996, 4579541.299000002], [-9010956.3354, 4579216.681699999], [-9010877.2852, 4579045.763099998], [-9010763.3679, 4578801.042499997], [-9010707.08, 4578683.785099998], [-9010670.8822, 4578631.215499997], [-9010638.7101, 4578578.648500003], [-9010620.8586, 4578245.587399997], [-9010587.8928, 4578231.081299998], [-9010484.8877, 4578164.795500003], [-9010433.3831, 4578135.7914], [-9010371.5516, 4578144.031900004], [-9010173.8229, 4577959.724699996], [-9010299.5915, 4577866.677199997], [-9010310.6828, 4577792.928900003], [-9010321.292, 4577698.900700003], [-9010327.923, 4577639.305600002], [-9010293.7281, 4577483.004000001], [-9010127.6623, 4577304.107299998], [-9010032.2219, 4577028.5792], [-9010030.926, 4576992.821199998], [-9010041.5122, 4576937.205600001], [-9010090.3847, 4576816.723399997], [-9010282.9187, 4576832.736100003], [-9010364.6993, 4576807.624399997], [-9010609.4644, 4576587.936999999], [-9010633.23, 4576540.276799999], [-9010643.7962, 4576512.472900003], [-9010655.678, 4576489.967100002], [-9010663.6022, 4576470.1076000035], [-9010746.7515, 4576350.9717999995], [-9010904.9623, 4576418.598899998], [-9010907.6285, 4576366.954000004], [-9010947.2169, 4576319.302699998], [-9011083.0305, 4576348.510700002], [-9011091.6216, 4576312.760600001], [-9011166.8203, 4576254.534000002], [-9011219.6132, 4576171.134800002], [-9011267.1203, 4576107.596699998], [-9011277.7209, 4576009.6098000035], [-9011297.5378, 4575939.436899997], [-9011334.4601, 4575940.780299999], [-9011377.9862, 4575922.263800003], [-9011400.4207, 4575889.170199998], [-9011461.0912, 4575866.6897], [-9011504.6265, 4575828.309900001], [-9011551.4695, 4575767.420599997], [-9011787.5357, 4575713.243500002], [-9011849.5093, 4575719.893700004], [-9011916.7748, 4575689.468900003], [-9012015.6868, 4575660.382200003], [-9012088.2407, 4575596.854599997], [-9012172.6393, 4575583.650200002], [-9012191.0959, 4575594.251599997], [-9012242.4961, 4575656.509499997], [-9012337.4826, 4575551.940800004], [-9012384.304, 4575528.125500001], [-9012413.3297, 4575489.737300001], [-9012446.3026, 4575472.5370000005], [-9012532.0354, 4575416.9575999975], [-9012542.587, 4575410.3411], [-9012629.6287, 4575377.272200003], [-9012637.5414, 4575374.626999997], [-9012704.8131, 4575316.391400002], [-9012762.8578, 4575247.559100002], [-9012873.6609, 4575136.375100002], [-9012883.7117, 4575145.316500001], [-9013002.3306, 4575296.308600001], [-9013507.7992, 4575324.007200003], [-9013364.7604, 4575897.950300001], [-9013317.2099, 4576094.336400002], [-9013284.9776, 4576207.480300002], [-9013278.5257, 4576246.274400003], [-9013268.85, 4576297.999799997], [-9013078.7939, 4576592.1455999985], [-9012479.911, 4576663.048900001], [-9012021.244, 4577077.350100003], [-9012141.594, 4577202.513999999], [-9012286.6042, 4577349.582400002], [-9012385.4761, 4577452.926399998], [-9012659.8164, 4577415.953699999], [-9012894.5881, 4577381.608099997], [-9013063.9977, 4577565.760300003], [-9013149.6938, 4577658.499200001], [-9013784.0924, 4577633.5320999995], [-9013863.8863, 4577630.905100003], [-9013974.6758, 4577622.987999998], [-9014096.0167, 4577613.748300001], [-9014132.9467, 4577609.784000002], [-9014346.6089, 4577604.5370000005], [-9014431.0187, 4577601.9067], [-9014696.7582, 4577693.3461000025], [-9015042.292, 4577815.254299998], [-9015267.8164, 4577894.754299998], [-9015293.5344, 4577902.704599999], [-9015834.2854, 4578033.884099998], [-9016664.5627, 4578236.563900001], [-9017351.1024, 4578404.755000003], [-9017566.7642, 4578457.719899997], [-9017131.4685, 4577909.409000002], [-9017087.282, 4577853.783799998], [-9017043.7556, 4577803.456500001], [-9016888.1187, 4577608.7695999965], [-9016769.4173, 4577461.762199998], [-9017160.4501, 4577081.6567], [-9017430.7939, 4576819.423299998], [-9017794.1426, 4576998.175300002], [-9018192.4561, 4577192.805], [-9018364.5797, 4577278.862599999], [-9018822.1989, 4577150.315099999], [-9018890.0901, 4577009.919699997], [-9018921.7437, 4577017.859099999], [-9018932.2942, 4577017.856700003], [-9018961.3079, 4577015.202], [-9018975.8113, 4576997.982199997], [-9018974.7356, 4576994.0273], [-9018775.2038, 4576260.393600002], [-9018630.7054, 4575732.060900003], [-9018500.7342, 4575250.0942], [-9018459.1734, 4575101.801200002], [-9017815.6888, 4574962.861400001], [-9017893.4692, 4574829.121200003], [-9018002.2259, 4574635.796300001], [-9017928.3899, 4574650.369900003], [-9017925.753, 4574650.370200001], [-9017873.0737, 4574577.437600002], [-9017598.7196, 4574197.5911], [-9017325.1148, 4573821.605899997], [-9016585.5402, 4572808.322300002], [-9016541.6904, 4572748.239299998], [-9017974.9693, 4573187.512000002], [-9018538.2265, 4573187.426799998], [-9018544.0384, 4573186.182999998], [-9018541.3133, 4572681.805699997], [-9018539.9478, 4572411.7553], [-9018829.9622, 4572413.023500003], [-9019175.3423, 4572412.946099997], [-9019175.3024, 4572243.506200001], [-9019177.9157, 4572145.5493], [-9019177.2331, 4572082.524099998], [-9018517.7687, 4570594.290100001], [-9019649.8752, 4571135.482000001], [-9019659.9248, 4571111.075300001], [-9019666.6207, 4571080.7788999975], [-9019652.3624, 4571034.499499999], [-9019642.2995, 4571008.4155], [-9019630.392, 4570968.703199998], [-9019621.1626, 4570958.117299996], [-9019617.2037, 4570940.9120000005], [-9019611.9249, 4570917.088799998], [-9019606.6459, 4570893.266199999], [-9019597.4153, 4570877.386100002], [-9019586.866, 4570860.182400003], [-9019555.2268, 4570837.690800004], [-9019544.6802, 4570829.752400003], [-9019519.6341, 4570817.847199999], [-9019498.5418, 4570804.617299996], [-9019485.3576, 4570790.061800003], [-9019477.4459, 4570776.828199998], [-9019465.5798, 4570762.2722999975], [-9019451.0771, 4570746.393600002], [-9019426.03, 4570729.1941], [-9019412.8464, 4570715.962099999], [-9019395.7075, 4570698.760499999], [-9019377.2501, 4570678.912199996], [-9019365.384, 4570664.356299996], [-9019340.3346, 4570636.568499997], [-9019325.834, 4570627.307300001], [-9019304.7412, 4570608.783299997], [-9019283.6503, 4570598.200400002], [-9019269.1498, 4570588.939199999], [-9019245.4218, 4570573.062700003], [-9019229.6023, 4570559.831299998], [-9019211.1474, 4570547.924199998], [-9019197.966, 4570542.633100003], [-9019183.4659, 4570533.372000001], [-9019167.6462, 4570518.817100003], [-9019155.7812, 4570505.584600002], [-9019097.4758, 4570495.4745000005], [-9019924.7415, 4569759.846299998], [-9020329.9376, 4571246.173199996], [-9020249.1519, 4571502.027500004], [-9020040.1358, 4571745.7250000015], [-9020087.553, 4571963.257799998], [-9020316.8335, 4572167.691399999], [-9020733.6743, 4571873.829300001], [-9021085.224, 4571826.5638], [-9021301.3926, 4571788.796899997], [-9021262.7003, 4572171.3169], [-9021154.1341, 4572301.924500003], [-9021147.0338, 4572310.4661], [-9021021.4228, 4572699.3763], [-9021021.3617, 4572699.565399997], [-9021033.4471, 4572740.633100003], [-9021261.8396, 4572940.852600001], [-9021755.9777, 4572577.173199996], [-9021703.8653, 4572673.090599999], [-9021710.4061, 4572680.494000003], [-9021729.3218, 4572984.238600001], [-9021772.5282, 4573103.427100003], [-9021742.0978, 4573312.6428999975], [-9022043.1429, 4573256.606200002], [-9022050.2935, 4573309.208400004], [-9022159.858, 4573399.267099999], [-9022208.7565, 4573400.5361], [-9022247.9506, 4573336.378399998], [-9022351.5939, 4573419.6521999985], [-9022521.0804, 4573414.928999998], [-9022618.9646, 4573316.728100002], [-9022736.8159, 4573387.1127], [-9022808.6195, 4573288.339100003], [-9022912.1869, 4573402.963200003], [-9023022.1405, 4573374.546899997], [-9023104.0779, 4573312.3807], [-9023209.5645, 4573383.594300002], [-9023379.9914, 4573353.322400004], [-9023539.2056, 4573410.639600001], [-9023659.4711, 4573441.509800002], [-9023727.0373, 4573504.18], [-9023859.4421, 4573493.093199998], [-9023911.3788, 4573530.931199998], [-9024127.2019, 4573628.111100003], [-9024220.6156, 4573593.510600001], [-9024294.6515, 4573566.087200001], [-9024422.8416, 4573635.8257], [-9024423.4695, 4573636.169799998], [-9024565.4549, 4573485.0251], [-9024648.7331, 4573396.372900002], [-9024595.9172, 4573289.179399997], [-9024516.8089, 4573279.972400002], [-9024482.5385, 4573289.265500002], [-9024276.829, 4573225.872900002], [-9024131.7986, 4573208.767999999], [-9023965.592, 4573072.529600002], [-9023849.7281, 4573289.723200001], [-9023819.4166, 4573305.630500004], [-9023794.3544, 4573285.7896], [-9023831.2547, 4573265.906300001], [-9023901.0214, 4573112.2902000025], [-9023750.6794, 4573035.611100003], [-9023744.7602, 4573048.1153], [-9023724.3505, 4573091.230300002], [-9023659.8389, 4573221.0119], [-9023609.7259, 4573197.215800002], [-9023228.0569, 4573184.225900002], [-9023241.3058, 4573288.802599996], [-9023206.7484, 4573273.333899997], [-9023175.1428, 4573235.376199998], [-9023141.4895, 4573137.0207], [-9023098.1379, 4573078.196900003], [-9023063.0926, 4573112.761600003], [-9023026.5176, 4573185.483999997], [-9022982.9542, 4573222.123000003], [-9022973.3149, 4573221.707800001], [-9023143.4662, 4572899.234099999], [-9021989.0474, 4571287.629600003], [-9021998.0716, 4571234.1039], [-9021994.0256, 4571186.138999999], [-9021967.8624, 4571150.8081], [-9021932.1571, 4571138.202799998], [-9021893.9515, 4571153.873499997], [-9021221.8757, 4570205.086400002], [-9021760.2133, 4568934.930399999], [-9021764.1741, 4568925.581699997], [-9021861.6358, 4568695.545999996], [-9021573.1472, 4568590.701300003], [-9021570.1005, 4568503.213799998], [-9021475.6553, 4568407.365099996], [-9021315.5031, 4568243.6351], [-9020609.0558, 4568292.153800003], [-9020283.928, 4568180.750600003], [-9020290.5803, 4568028.544699997], [-9020097.9045, 4567924.794299997], [-9019949.9682, 4567997.279299997], [-9019807.3837, 4568001.448399998], [-9019656.9068, 4567916.091300003], [-9019366.6185, 4567888.8945999965], [-9018908.5913, 4568066.591600001], [-9018825.9661, 4568098.389899999], [-9018730.5231, 4568214.132799998], [-9018568.5751, 4568409.6477999985], [-9018394.1652, 4568714.556599997], [-9018377.6453, 4568742.026799999], [-9018325.112, 4568829.380099997], [-9018311.7101, 4568852.602899998], [-9018096.079, 4569218.827200003], [-9017993.887, 4569227.002899997], [-9017777.8001, 4568723.130000003], [-9017688.1718, 4568514.060400002], [-9017483.2261, 4568035.065499999], [-9017406.7881, 4567853.7927], [-9017154.0258, 4567258.488300003], [-9017375.8281, 4566501.4624999985], [-9017077.7632, 4566453.109200001], [-9016622.2878, 4566379.202500001], [-9016466.5516, 4565602.436999999], [-9016654.5346, 4565563.195100002], [-9016816.2885, 4565529.424699999], [-9017044.9064, 4565481.697300002], [-9017255.0758, 4565326.971199997], [-9017381.1415, 4565234.1559000015], [-9017443.5581, 4565033.3901999965], [-9017498.78, 4564855.761200003], [-9017555.8588, 4564672.148400001], [-9017613.9764, 4564485.211300001], [-9017672.1965, 4564297.921700001], [-9017681.6542, 4564271.976499997], [-9017724.6781, 4564153.946500003], [-9017825.6229, 4563877.007799998], [-9017789.3403, 4563774.7566], [-9017775.0408, 4563734.456200004], [-9017956.3919, 4563741.0515], [-9018009.0263, 4563751.1647000015], [-9018047.5458, 4563793.067400001], [-9018079.8011, 4563782.704099998], [-9018128.0666, 4563800.099600002], [-9018190.4029, 4563771.206699997], [-9018275.7949, 4563763.2619], [-9018308.3331, 4563774.4045], [-9018368.7855, 4563769.468500003], [-9018663.7521, 4563786.711000003], [-9018809.9334, 4563879.179300003], [-9018854.3956, 4563881.328500003], [-9018905.6522, 4563909.880500004], [-9019026.6323, 4564014.341799997], [-9019109.3272, 4564025.720700003], [-9019202.8839, 4564063.2272000015], [-9019211.9376, 4564068.608400002], [-9019542.7488, 4563684.945100002], [-9019515.9204, 4563677.817599997], [-9019494.8304, 4563647.217], [-9019443.9123, 4563647.499600001], [-9019414.0506, 4563650.152900003], [-9019364.8621, 4563650.7804000005], [-9019338.6139, 4563647.082800001], [-9019295.7315, 4563649.6976], [-9019249.6159, 4563639.991800003], [-9019240.1904, 4563624.509199999], [-9019229.9293, 4563619.331699997], [-9019226.5779, 4563610.103600003], [-9019204.1213, 4563597.9252], [-9019189.8033, 4563579.2151999995], [-9019188.0621, 4563557.538099997], [-9019149.7683, 4563535.878399998], [-9019100.6418, 4563516.568999998], [-9019083.3285, 4563513.527900003], [-9019056.8124, 4563498.986100003], [-9019033.2241, 4563491.0988000035], [-9019012.6471, 4563469.239500001], [-9018992.7374, 4563465.780100003], [-9018948.9021, 4563474.865699999], [-9018926.7799, 4563473.084100001], [-9018886.5066, 4563477.706699997], [-9018869.2063, 4563471.0995000005], [-9018842.7647, 4563470.345899999], [-9018824.2687, 4563478.019199997], [-9018797.8888, 4563463.7346], [-9018771.5896, 4563465.4728000015], [-9018758.2187, 4563471.870800003], [-9018726.1372, 4563486.1206], [-9018699.9019, 4563481.931699999], [-9018672.3665, 4563485.962899998], [-9018650.8381, 4563485.171499997], [-9018610.6094, 4563498.252499998], [-9018596.6395, 4563498.362000003], [-9018558.7997, 4563500.2566], [-9018525.5868, 4563511.695900001], [-9018509.0002, 4563516.2333], [-9018493.0783, 4563513.447400004], [-9018476.5816, 4563522.402999997], [-9018458.1431, 4563526.992899999], [-9018426.2509, 4563523.8266], [-9018405.9207, 4563522.759099998], [-9018379.9178, 4563525.683499999], [-9018334.9369, 4563521.856799997], [-9018301.368, 4563519.600599997], [-9018284.8165, 4563518.439900003], [-9018281.6766, 4563519.253899999], [-9018258.5046, 4563540.023100004], [-9018249.603, 4563538.027099997], [-9018255.0576, 4563523.345200002], [-9018243.2013, 4563516.212700002], [-9018216.8307, 4563524.271300003], [-9018216.7896, 4563516.820600003], [-9018210.7358, 4562169.9322], [-9016831.8812, 4560670.610399999], [-9016240.7477, 4560017.8407000005], [-9015684.9266, 4559827.384499997], [-9015678.3545, 4559804.7042], [-9016420.4476, 4559361.7685], [-9016262.8315, 4559095.492700003], [-9015361.6069, 4559633.381999999], [-9015420.7064, 4559733.245200001], [-9015034.6632, 4559894.919500001], [-9015229.7472, 4560004.7601], [-9014520.5774, 4561274.821099997], [-9014407.3783, 4561211.075499997], [-9014424.101, 4561179.4086000025], [-9014432.6189, 4561183.944700003], [-9014483.538, 4561087.521200001], [-9014501.9215, 4561059.025200002], [-9014517.1604, 4561041.634300001], [-9014507.5751, 4561032.090899996], [-9014535.1782, 4561008.628799997], [-9014541.5136, 4561004.306999996], [-9014558.6316, 4560993.090000004], [-9014585.7317, 4560971.732299998], [-9014608.727, 4560945.9736], [-9014626.9186, 4560916.5964], [-9014639.7537, 4560884.493500002], [-9014646.8425, 4560850.640000001], [-9014647.9469, 4560838.110200003], [-9014659.8335, 4560627.242399998], [-9014663.6837, 4560627.461099997], [-9014670.1499, 4560582.620800003], [-9014675.7912, 4560562.285599999], [-9014670.2866, 4560560.500799999], [-9014671.7439, 4560556.099699996], [-9014673.2775, 4560551.725100003], [-9014674.2588, 4560549.0471], [-9014600.3676, 4560522.333999999], [-9014592.2997, 4560525.245700002], [-9014584.0987, 4560521.2958], [-9014576.1851, 4560510.485200003], [-9014556.4978, 4560608.869599998], [-9014567.737, 4560744.7007], [-9014557.0327, 4560839.266500004], [-9014571.6495, 4560871.384400003], [-9014541.8218, 4560939.7102999985], [-9014481.8694, 4560992.809199996], [-9014393.722, 4561046.107299998], [-9014375.6303, 4561087.991999999], [-9014341.1875, 4561142.046099998], [-9013832.1686, 4560816.158799998], [-9013172.2917, 4560975.338299997], [-9011228.2489, 4562091.130199999], [-9011284.9159, 4562123.638700001], [-9011282.0325, 4562145.315200001], [-9011276.6018, 4562180.0713], [-9011262.7163, 4562232.755099997], [-9011252.6417, 4562249.198399998], [-9011223.4812, 4562252.719899997], [-9011203.1466, 4562207.649099998], [-9011183.4344, 4562184.866099998], [-9011169.5737, 4562187.006300002], [-9011143.6166, 4562227.129600003], [-9011101.8051, 4562299.051700003], [-9011062.8306, 4562318.753399998], [-9010928.8431, 4562257.331500001], [-9010872.2404, 4562257.780199997], [-9010851.7102, 4562269.5515], [-9010830.6347, 4562288.437600002], [-9010747.6146, 4562239.492399998], [-9010565.6864, 4562284.266900003], [-9010416.5879, 4562137.123099998], [-9010403.8214, 4562134.103799999], [-9010399.7424, 4562124.756999999], [-9010365.2437, 4562091.113499999], [-9010356.3498, 4562067.8006], [-9010304.8608, 4562045.622299999], [-9010301.4652, 4562032.6538999975], [-9010286.1297, 4562032.084600002], [-9010287.566, 4562023.173199996], [-9010276.5589, 4562007.747900002], [-9010276.8579, 4561998.2272000015], [-9010232.1609, 4561946.2299000025], [-9010234.1538, 4561937.676299997], [-9010222.2746, 4561928.363200001], [-9010214.6582, 4561928.1096], [-9010180.2201, 4561879.937200002], [-9010143.275, 4561851.3869], [-9010135.0131, 4561822.313900001], [-9010123.6135, 4561827.475400001], [-9010065.2435, 4561807.853100002], [-9010019.7814, 4561776.220299996], [-9010008.5898, 4561743.978699997], [-9009979.9981, 4561720.149899997], [-9009960.599, 4561727.204000004], [-9009912.5414, 4561692.954000004], [-9009909.8275, 4561666.9728000015], [-9009878.0863, 4561646.562600002], [-9009859.5349, 4561657.332400002], [-9009846.74, 4561653.307400003], [-9009850.5968, 4561631.816500001], [-9009809.4504, 4561607.249799997], [-9009780.1498, 4561612.926899999], [-9009768.5116, 4561599.502499998], [-9009765.2285, 4561582.972099997], [-9009749.8978, 4561579.679399997], [-9009728.5208, 4561569.305500001], [-9009701.0443, 4561542.5163], [-9009650.972, 4561517.472999997], [-9009595.5628, 4561495.7421], [-9009564.4844, 4561445.497599997], [-9009540.4099, 4561423.479000002], [-9009499.5141, 4561382.338500001], [-9009492.0234, 4561361.357900001], [-9009482.3202, 4561341.438500002], [-9009217.8141, 4561826.819300003], [-9009152.1426, 4561705.734300002], [-9008899.3673, 4561640.040399998], [-9008452.4715, 4560730.840300001], [-9008475.5156, 4560541.844700001], [-9008546.035, 4560195.396899998], [-9008551.9625, 4560176.6118], [-9008559.298, 4560164.112199999], [-9008558.3819, 4560159.226800002], [-9008557.7963, 4560150.6303], [-9008567.5849, 4560110.300399996], [-9008571.9135, 4560083.1686], [-9008583.9064, 4560042.979800001], [-9008590.283, 4560024.545599997], [-9008581.8409, 4560019.4859], [-9008626.8569, 4559798.321400002], [-9008673.8062, 4559773.7739999965], [-9008689.1489, 4559768.343699999], [-9008712.1594, 4559756.561399996], [-9008738.1116, 4559743.210900001], [-9008770.7189, 4559726.015000001], [-9008789.6908, 4559714.650200002], [-9008812.2977, 4559703.3374999985], [-9008822.6366, 4559699.271399997], [-9008839.859, 4559690.8510000035], [-9008863.8068, 4559678.512400001], [-9008886.445, 4559666.248099998], [-9008902.9292, 4559656.954099998], [-9008950.3503, 4559633.088600002], [-9008997.4043, 4559607.427699998], [-9009041.2199, 4559583.096299998], [-9009055.5888, 4559574.150399998], [-9009187.4831, 4559505.1822], [-9009177.821, 4559467.976599999], [-9009179.5731, 4559467.552199997], [-9009175.2962, 4559443.839100003], [-9009163.5177, 4559400.049900003], [-9009149.7044, 4559354.585100003], [-9009141.8038, 4559329.283], [-9009016.4352, 4558846.5035], [-9009027.3637, 4558842.204800002], [-9009027.4367, 4558842.281300001], [-9009053.7848, 4558850.8072], [-9009062.4879, 4558848.947499998], [-9009076.3107, 4558841.808799997], [-9009109.0786, 4558820.878799997], [-9009124.7258, 4558813.902099997], [-9009173.7202, 4558793.731200002], [-9009181.2076, 4558789.128700003], [-9009207.1967, 4558777.011299998], [-9009222.3309, 4558775.6228], [-9009262.2762, 4558756.942400001], [-9009280.9985, 4558743.025700003], [-9009307.0941, 4558734.5123], [-9009307.2906, 4558732.093900003], [-9009471.2986, 4558667.576099999], [-9008819.8863, 4556859.700900003], [-9009177.2527, 4556671.2294000015], [-9009154.1734, 4556624.291199997], [-9009059.2108, 4556598.713500001], [-9008841.7475, 4556564.433899999], [-9009174.7617, 4556285.380400002], [-9009193.6775, 4556262.678900003], [-9009205.0546, 4556241.554899998], [-9009188.2851, 4556232.005000003], [-9009134.7334, 4556201.508000001], [-9009203.6331, 4556142.688199997], [-9009430.9485, 4555938.136699997], [-9009592.0561, 4555791.460199997], [-9009592.6685, 4555790.893600002], [-9009524.4734, 4555708.461800002], [-9009146.2268, 4555251.229699999], [-9009234.063, 4554938.153399996], [-9009255.189, 4554811.192299999], [-9009087.7854, 4554910.871600002], [-9008967.7362, 4554982.356799997], [-9008814.2487, 4555073.742299996], [-9008679.2148, 4555154.141599998], [-9008534.7835, 4555240.134999998], [-9008396.2422, 4555322.619400002], [-9008264.3433, 4555401.142800003], [-9008132.3337, 4555479.732199997], [-9007973.8527, 4555574.076899998], [-9007798.1612, 4555678.661200002], [-9007617.3453, 4555786.297399998], [-9007479.7061, 4555868.222900003], [-9007350.2421, 4555945.284000002], [-9007219.1159, 4556023.333400004], [-9007083.0736, 4556104.303800002], [-9007168.6041, 4556186.480700001], [-9007177.1306, 4556348.993699998], [-9007184.7061, 4556493.3913], [-9007039.0363, 4556536.996600002], [-9006966.8702, 4556558.597499996], [-9006821.9006, 4556601.989600003], [-9006681.8338, 4556643.913900003], [-9006615.9182, 4556720.092299998], [-9006496.584, 4556857.574100003], [-9006414.7969, 4556799.411499999], [-9006268.6724, 4556695.796099998], [-9006173.5112, 4556699.770999998], [-9006087.9764, 4556766.292300001], [-9006079.8313, 4556842.516199999], [-9005948.0583, 4557006.545400001], [-9005857.8461, 4556833.438000001], [-9005735.2838, 4556906.363200001], [-9005570.8032, 4557004.247199997], [-9005486.2247, 4557054.575400002], [-9005363.8121, 4557127.4174000025], [-9005202.0019, 4557223.693499997], [-9005058.2762, 4557309.211400002], [-9004908.1447, 4557418.713799998], [-9004918.351, 4557542.191299997], [-9004932.854, 4557717.647600003], [-9004947.783, 4557883.126500003], [-9004961.7206, 4558066.864600003], [-9004992.5259, 4558439.521499999], [-9004959.6812, 4558503.963299997], [-9004920.9669, 4558069.185800001], [-9004769.5567, 4558040.139799997], [-9004514.5822, 4557991.221500002], [-9004322.9776, 4557954.456699997], [-9004376.5666, 4557748.1448], [-9004267.7019, 4557671.9921], [-9004145.1934, 4557586.293099999], [-9004326.8312, 4557441.246799998], [-9004416.0642, 4557333.074699998], [-9004502.9872, 4557227.697400004], [-9004535.8602, 4557187.851899996], [-9004631.9728, 4557071.336900003], [-9004744.0644, 4556935.4551], [-9004790.3324, 4556879.397100002], [-9004785.3829, 4556847.851099998], [-9004658.724, 4556836.0205999985], [-9004524.5555, 4556950.357299998], [-9004394.599, 4557061.103799999], [-9004256.2091, 4557179.0298999995], [-9004170.523, 4557205.639899999], [-9004041.6366, 4557245.661200002], [-9003932.7934, 4557279.4592999965], [-9003768.9593, 4557330.323700003], [-9003580.5749, 4557389.142099999], [-9003448.838, 4557429.711300001], [-9003404.099, 4557344.186999999], [-9003301.8257, 4557148.689300001], [-9003223.3051, 4557147.0227999985], [-9003166.3781, 4557145.814300001], [-9002934.0772, 4557140.880599998], [-9002728.2472, 4557136.5154], [-9002587.6395, 4557133.519100003], [-9002437.0036, 4557130.317299999], [-9002287.7302, 4557127.128700003], [-9002232.9102, 4557311.333999999], [-9002217.8313, 4557305.263099998], [-9002214.2058, 4557303.9551], [-9002198.2296, 4557301.623000003], [-9002183.008, 4557303.808700003], [-9002173.0481, 4557308.440200001], [-9002162.5278, 4557319.023699999], [-9002156.6033, 4557329.556199998], [-9002151.1884, 4557342.669399999], [-9002125.4176, 4557423.141900003], [-9002120.9402, 4557432.463299997], [-9002111.3687, 4557443.604999997], [-9002100.0396, 4557450.799400002], [-9002082.5339, 4557456.997900002], [-9002055.182, 4557464.879600003], [-9002039.6347, 4557471.473899998], [-9002027.6293, 4557479.6021], [-9002017.9118, 4557490.6608000025], [-9002012.4834, 4557503.561899997], [-9002010.5431, 4557519.323299997], [-9002012.9262, 4557537.105700001], [-9002028.934, 4557594.346699998], [-9002031.5828, 4557608.221600004], [-9002030.3777, 4557619.113399997], [-9002024.1498, 4557630.712200001], [-9002016.0167, 4557637.307099998], [-9002004.9723, 4557641.203100003], [-9001989.4562, 4557642.9067], [-9001941.3825, 4557644.357900001], [-9001926.1581, 4557645.481799997], [-9001908.6613, 4557578.8521], [-9001845.7782, 4557612.224600002], [-9001761.7711, 4557653.409599997], [-9001671.3803, 4557701.2097999975], [-9001661.2105, 4557735.733499996], [-9001686.555, 4557764.903800003], [-9001700.6325, 4557847.712399997], [-9001708.2516, 4557851.236100003], [-9001717.2651, 4557855.404700004], [-9001719.278, 4557863.399300002], [-9001711.3813, 4557879.954800002], [-9001708.9275, 4557895.571400002], [-9001708.2773, 4557919.383400001], [-9001703.2148, 4557937.1184], [-9001695.8479, 4557947.529700004], [-9001661.9404, 4557953.163099997], [-9001657.087, 4557926.899300002], [-9001494.1703, 4557952.903999999], [-9001476.5241, 4558017.685099997], [-9001495.0241, 4558033.5326000005], [-9001500.9122, 4558038.535700001], [-9001473.6887, 4558070.014899999], [-9001460.7186, 4558088.5119], [-9001452.4311, 4558106.6532000005], [-9001447.5148, 4558129.394000001], [-9001444.4872, 4558167.813699998], [-9001441.4912, 4558187.9771], [-9001435.2033, 4558207.442400001], [-9001428.8255, 4558222.946099997], [-9001422.0737, 4558242.180500001], [-9001419.1623, 4558259.138300002], [-9001418.9923, 4558278.0923999995], [-9001422.557, 4558298.911399998], [-9001415.953, 4558302.8596], [-9001332.0785, 4558353.007200003], [-9001305.2284, 4558367.6074], [-9001261.7375, 4558361.2245000005], [-9001155.6587, 4558527.578599997], [-9001122.2864, 4558508.678499997], [-9001128.463, 4558489.476899996], [-9001132.345, 4558472.6994], [-9001140.1183, 4558432.689499997], [-9001144.0134, 4558406.874899998], [-9001142.799, 4558359.1054000035], [-9001136.421, 4558325.529700004], [-9001128.7324, 4558308.734999999], [-9001108.2168, 4558272.556100003], [-9001087.7049, 4558233.795000002], [-9001059.4875, 4558189.858599998], [-9001042.8002, 4558173.050399996], [-9001033.069, 4558164.9782000035], [-9001010.0584, 4558145.890000001], [-9000962.56, 4558100.633500002], [-9000933.0248, 4558078.641900003], [-9000913.7725, 4558057.956900001], [-9000890.6868, 4558021.774599999], [-9000879.1578, 4557994.646499999], [-9000872.7789, 4557962.362599999], [-9000868.9673, 4557932.6647000015], [-9000875.442, 4557901.691500001], [-9001006.6418, 4557852.8352999985], [-9001031.8995, 4557726.361199997], [-9001120.7089, 4557654.203400001], [-9001137.4862, 4557610.337200001], [-9001147.8144, 4557580.661700003], [-9001159.4187, 4557557.442599997], [-9001182.6154, 4557518.750200003], [-9001221.2511, 4557471.044500001], [-9001235.4203, 4557451.702200003], [-9001252.1661, 4557428.491099998], [-9001265.0574, 4557403.983199999], [-9001279.2414, 4557374.3138], [-9001288.936, 4557338.183399998], [-9001294.1503, 4557289.137599997], [-9001300.7317, 4557184.586400002], [-9001304.7477, 4557076.1602], [-9001315.9649, 4556878.678000003], [-9001326.3204, 4556829.641999997], [-9001345.6852, 4556772.874399997], [-9001409.4961, 4556647.760399997], [-9001504.2358, 4556467.189499997], [-9001687.2689, 4556112.498099998], [-9001736.1891, 4556058.3583], [-9001752.9186, 4556044.184600003], [-9001794.1004, 4556008.103699997], [-9001823.6886, 4555990.075999998], [-9001871.2857, 4555961.748599999], [-9001940.7381, 4555929.5801], [-9001961.3105, 4555924.446500003], [-9002012.7536, 4555902.577600002], [-9002043.6245, 4555885.842200004], [-9002090.5922, 4555847.187700003], [-9002100.8982, 4555830.422899999], [-9002122.7787, 4555808.5119], [-9002127.954, 4555783.995899998], [-9002220.5075, 4555775.090999998], [-9002505.1877, 4555749.325400002], [-9002698.052, 4555731.865099996], [-9003117.7484, 4555693.704099998], [-9003361.3395, 4555720.570699997], [-9003427.7623, 4555691.644500002], [-9003556.223, 4555635.379900001], [-9003651.6081, 4555593.584399998], [-9003751.6544, 4555549.778700002], [-9003803.4834, 4555527.0748], [-9003867.0304, 4555489.9663999975], [-9003909.3251, 4555503.9582], [-9003939.6053, 4555518.409900002], [-9003969.4043, 4555523.917199999], [-9003991.8435, 4555515.084100001], [-9004013.7082, 4555497.052599996], [-9004008.4629, 4555491.236400001], [-9004003.744, 4555486.003700003], [-9003972.6754, 4555451.748300001], [-9004012.4012, 4555434.509000003], [-9004062.5263, 4555412.555500001], [-9004098.7082, 4555396.726099998], [-9004233.2492, 4555337.8631], [-9004454.7224, 4555241.056400001], [-9004567.0471, 4555191.6044000015], [-9004773.9382, 4555101.515799999], [-9004909.9012, 4555042.143700004], [-9005089.1179, 4554963.7228000015], [-9005193.4771, 4554918.175099999], [-9005289.5021, 4554831.6576000005], [-9005388.498, 4554742.816500001], [-9005472.7607, 4554667.089100003], [-9005509.5905, 4554520.739299998], [-9005543.8569, 4554384.517200001], [-9005578.8371, 4554245.460699998], [-9005617.7315, 4554091.683399998], [-9005726.3129, 4553659.793099999], [-9005794.561, 4553532.435699999], [-9005882.833, 4553366.759800002], [-9005837.4812, 4553247.130099997], [-9005783.7778, 4553105.592100002], [-9005713.4626, 4552920.122900002], [-9005641.3521, 4552729.9070999995], [-9005639.8381, 4552725.913099997], [-9005638.324, 4552721.919399999], [-9005645.7948, 4552522.2016], [-9005652.526, 4552343.6118], [-9005660.3034, 4552135.333300002], [-9005664.8761, 4552014.079000004], [-9005670.9452, 4551852.2875000015], [-9005677.7694, 4551670.818099998], [-9005683.3249, 4551521.436800003], [-9005805.9331, 4551528.393399999], [-9005946.525, 4551536.362899996], [-9006106.8597, 4551545.425700001], [-9006131.1598, 4551454.528399996], [-9006157.9446, 4551354.306299999], [-9006261.2543, 4551335.427500002], [-9006323.6609, 4551323.855099998], [-9006328.2086, 4551325.507399999], [-9006382.5294, 4551358.146600001], [-9006511.0513, 4551429.618199997], [-9006573.7407, 4551414.310599998], [-9006585.1485, 4551311.091499999], [-9006606.1314, 4551189.5198], [-9006603.113, 4551130.032399997], [-9006475.665, 4551100.693499997], [-9006338.7389, 4551001.184799999], [-9006253.1087, 4550942.065800004], [-9006254.0461, 4550938.2973000035], [-9006738.8193, 4550412.165299997], [-9006737.9374, 4550411.418700002], [-9006737.4126, 4550410.974200003], [-9006368.9227, 4550098.892200001], [-9006170.6028, 4550033.781800002], [-9006170.5762, 4550033.753200002], [-9005998.4142, 4549977.227300003], [-9005687.517, 4550003.990599997], [-9005636.4044, 4549927.687600002], [-9005636.2207, 4549927.402000003], [-9005572.4591, 4549967.257399999], [-9005489.1031, 4550249.6457], [-9005269.798, 4549836.491800003], [-9005216.1545, 4549836.432300001], [-9005192.1853, 4549842.421499997], [-9005178.557, 4549854.438100003], [-9005174.9931, 4549876.036499999], [-9005166.2577, 4549895.715000004], [-9005147.4538, 4549909.366599999], [-9004666.6931, 4549324.199500002], [-9004666.6217, 4549324.150399998], [-9004679.9683, 4549311.941600002], [-9004692.3679, 4549297.448600002], [-9005195.5155, 4549368.485699996], [-9005195.4891, 4549368.4570999965], [-9004761.8856, 4549307.2403], [-9004692.3412, 4549297.420199998], [-9004679.9416, 4549311.912799999], [-9004666.5951, 4549324.121799998], [-9004553.0184, 4549245.820900001], [-9004261.5302, 4549044.778800003], [-9004248.5137, 4549032.398699999], [-9004235.3787, 4549017.193400003], [-9004228.8173, 4549004.637699999], [-9004208.4792, 4548963.667599998], [-9004195.3691, 4548927.9899], [-9004180.9461, 4548890.329300001], [-9004180.2962, 4548883.7245000005], [-9004166.9066, 4548807.101599999], [-9004166.3423, 4548729.174199998], [-9004168.9966, 4548709.365599997], [-9004180.5854, 4548642.020000003], [-9004208.9563, 4548564.128600001], [-9004209.9514, 4548563.404200003], [-9004333.024, 4548473.805600002], [-9004408.0544, 4548420.404799998], [-9004477.7523, 4548427.751400001], [-9004548.1224, 4548422.551200002], [-9004614.2304, 4548406.779799998], [-9004678.0516, 4548377.797799997], [-9004736.6244, 4548337.583300002], [-9004761.6398, 4548314.4991], [-9004785.3389, 4548292.074000001], [-9004790.6071, 4548285.476300001], [-9004819.5857, 4548246.5484], [-9004830.7838, 4548230.052000001], [-9004833.4208, 4548224.111900002], [-9004833.754, 4548220.149899997], [-9004834.4261, 4548207.603799999], [-9004835.7652, 4548186.474100001], [-9004835.7697, 4548182.511699997], [-9004835.127, 4548169.303900003], [-9004834.501, 4548141.567900002], [-9004832.2097, 4548132.3204], [-9004829.9186, 4548123.072899997], [-9004822.7205, 4548092.027800001], [-9004817.4644, 4548088.059500001], [-9004806.3063, 4548069.556999996], [-9004783.9904, 4548032.551399998], [-9004771.2051, 4547999.519299999], [-9004806.7829, 4547939.468900003], [-9004825.1302, 4547930.950800002], [-9004992.6454, 4547853.176299997], [-9004998.1338, 4547849.1426], [-9005017.415, 4547854.879199997], [-9005034.7756, 4547856.037299998], [-9005047.2538, 4547856.812700003], [-9005060.0755, 4547853.8571000025], [-9005072.9731, 4547848.194499999], [-9005107.897, 4547844.879799999], [-9005124.4648, 4547843.1787], [-9004852.2375, 4547233.155000001], [-9004836.6872, 4547234.305600002], [-9004812.7342, 4547236.077799998], [-9004783.9355, 4547238.208499998], [-9004805.4126, 4547143.810699999], [-9004830.5642, 4546997.9155], [-9004842.8008, 4546933.882200003], [-9004836.8848, 4546932.554700002], [-9004810.5932, 4546924.601099998], [-9004792.1942, 4546914.675800003], [-9004771.8291, 4546898.805500001], [-9004767.8924, 4546891.537900001], [-9004756.4102, 4546870.3957], [-9004760.3769, 4546851.252499998], [-9004767.6269, 4546836.074299999], [-9004777.5302, 4546800.431199998], [-9004790.043, 4546782.618000001], [-9004797.2846, 4546774.703199998], [-9004805.842, 4546766.129600003], [-9004807.8182, 4546762.8303999975], [-9004818.3562, 4546746.995999999], [-9004821.0089, 4546727.190800004], [-9004819.0551, 4546710.682099998], [-9004808.5537, 4546694.163199998], [-9004795.4105, 4546688.205700003], [-9004778.9753, 4546686.206100002], [-9004759.9041, 4546689.485399999], [-9004739.5133, 4546696.724799998], [-9004730.3022, 4546701.996200003], [-9004712.5324, 4546717.161700003], [-9004686.2028, 4546742.881800003], [-9004674.3517, 4546756.733599998], [-9004665.133, 4546768.607799999], [-9004661.1791, 4546776.526299998], [-9004657.224, 4546785.1052], [-9004626.9345, 4546823.365699999], [-9004608.5115, 4546834.568899997], [-9004604.5664, 4546834.564300001], [-9004593.3842, 4546838.512900002], [-9004594.5462, 4546686.651900001], [-9004594.4466, 4546611.689499997], [-9004595.0225, 4546545.689900003], [-9004595.027, 4546544.3521], [-9004595.0341, 4546542.221900001], [-9004579.8024, 4546548.142200001], [-9004567.2837, 4546552.126599997], [-9004556.251, 4546552.832000002], [-9004540.4635, 4546547.933499999], [-9004525.6965, 4546536.480700001], [-9004518.3496, 4546524.149099998], [-9004515.629, 4546509.557300001], [-9004516.9768, 4546497.732199997], [-9004522.2722, 4546486.088200003], [-9004535.2207, 4546474.7299000025], [-9004549.7645, 4546467.631800003], [-9004573.0929, 4546461.124799997], [-9004599.7819, 4546454.271600001], [-9004604.1311, 4546357.855800003], [-9004607.2217, 4546243.637599997], [-9004610.3222, 4546120.837700002], [-9004614.1341, 4545951.1642], [-9004617.8758, 4545842.232699998], [-9004622.3147, 4545698.9727], [-9004626.7585, 4545551.093099996], [-9004630.8346, 4545436.884800002], [-9004632.5887, 4545341.160099998], [-9004634.6348, 4545277.125100002], [-9004639.7448, 4545121.329999998], [-9004643.1536, 4545015.707800001], [-9004647.5785, 4544883.681500003], [-9004650.9817, 4544782.682599999], [-9004654.7568, 4544644.0568], [-9004657.4568, 4544582.667300001], [-9004659.5042, 4544517.316799998], [-9004663.2624, 4544393.217200004], [-9004664.6544, 4544325.886699997], [-9004668.0451, 4544235.454800002], [-9004671.1229, 4544131.160400003], [-9004674.896, 4544016.750399999], [-9004675.8899, 4543986.602799997], [-9004678.2844, 4543904.752999999], [-9004679.9944, 4543846.666599996], [-9004684.0954, 4543709.3728], [-9004686.7859, 4543655.909199998], [-9004685.144, 4543654.586900003], [-9004624.7065, 4543624.152800001], [-9004607.0004, 4543588.487999998], [-9004591.9144, 4543560.747000001], [-9004579.4539, 4543536.309699997], [-9004566.3223, 4543523.752999999], [-9004559.1019, 4543515.163400002], [-9004550.237, 4543507.892300002], [-9004538.4154, 4543499.297499999], [-9004523.964, 4543491.359499998], [-9004499.657, 4543480.109700002], [-9004493.7498, 4543472.8418999985], [-9004481.9339, 4543459.626599997], [-9004474.712, 4543452.357299998], [-9004470.1187, 4543445.751199998], [-9004446.5007, 4543407.439400002], [-9004448.4858, 4543396.220399998], [-9004460.9811, 4543390.294699997], [-9004464.9248, 4543390.2993], [-9004489.9098, 4543383.7282000035], [-9004514.8923, 4543379.137400001], [-9004528.0449, 4543373.212200001], [-9004541.2014, 4543363.986900002], [-9004555.0168, 4543353.442000002], [-9004575.4149, 4543334.324299999], [-9004586.6018, 4543323.1162], [-9004615.555, 4543294.767499998], [-9004624.7661, 4543286.8576000035], [-9004633.9794, 4543276.9673999995], [-9004639.905, 4543268.393600002], [-9004641.2255, 4543263.114600003], [-9004640.5797, 4543253.2129999995], [-9004638.6162, 4543245.950099997], [-9004631.7231, 4543238.681500003], [-9004623.1869, 4543231.410999998], [-9004614.6505, 4543224.1404], [-9004587.7173, 4543210.907799996], [-9004574.5814, 4543202.311700001], [-9004569.9852, 4543198.345899999], [-9004565.3887, 4543194.3803], [-9004555.6121, 4543123.083400004], [-9004558.2541, 4543111.865699999], [-9004560.564, 4543107.752999999], [-9004564.1819, 4543101.3116], [-9004577.3403, 4543090.1065], [-9004588.5269, 4543078.898699999], [-9004677.3493, 4542999.7973000035], [-9004698.0766, 4542979.359999999], [-9004705.3202, 4542967.487599999], [-9004707.9629, 4542955.610100001], [-9004706.0001, 4542947.687399998], [-9004702.067, 4542938.442299999], [-9004695.5118, 4542923.253799997], [-9004688.9536, 4542910.705499999], [-9004681.7418, 4542894.856299996], [-9004673.8675, 4542883.626599997], [-9004664.0223, 4542871.7346], [-9004659.4244, 4542869.0889], [-9004640.37, 4542863.786499999], [-9004624.5994, 4542860.468000002], [-9004610.139, 4542861.111100003], [-9004598.3055, 4542863.737599999], [-9004575.948, 4542872.951700002], [-9004572.0044, 4542872.9472], [-9004557.5416, 4542875.570299998], [-9004543.0819, 4542875.553300001], [-9004529.2779, 4542876.857199997], [-9004512.1885, 4542877.497000001], [-9004498.3853, 4542878.140799999], [-9004478.665, 4542880.097599998], [-9004477.3514, 4542879.435999997], [-9004468.81, 4542876.785700001], [-9004457.6435, 4542870.8323], [-9004447.7893, 4542866.860299997], [-9004432.0196, 4542862.881499998], [-9004413.6156, 4542863.5198], [-9004410.9883, 4542862.196400002], [-9004393.2421, 4542862.175300002], [-9004380.1009, 4542858.8596], [-9004369.5885, 4542855.546899997], [-9004366.3063, 4542852.242799997], [-9004359.0872, 4542842.993799999], [-9004356.4721, 4542831.109999999], [-9004452.8261, 4542756.566500001], [-9004456.1368, 4542754.0053], [-9004480.4628, 4542747.433799997], [-9004490.3246, 4542744.805399999], [-9004496.2451, 4542740.192100003], [-9004530.4582, 4542709.2114999965], [-9004546.9108, 4542690.750100002], [-9004548.8865, 4542687.452299997], [-9004555.4726, 4542675.579700001], [-9004564.0405, 4542655.129100002], [-9004567.3291, 4542653.152999997], [-9004577.203, 4542639.964100003], [-9004600.2362, 4542614.250500001], [-9004610.7644, 4542603.702399999], [-9004621.9449, 4542597.115500003], [-9004631.8172, 4542585.246799998], [-9004652.55, 4542559.530500002], [-9004689.3842, 4542534.492600001], [-9004693.3441, 4542519.976899996], [-9004694.6626, 4542516.678499997], [-9004710.4595, 4542496.236400001], [-9004719.0195, 4542482.386100002], [-9004719.0217, 4542480.406199999], [-9004722.9869, 4542461.270499997], [-9004731.5505, 4542444.120300002], [-9004739.4615, 4542423.009400003], [-9004742.0942, 4542419.712300003], [-9004763.1562, 4542392.676600002], [-9004773.6833, 4542382.788699999], [-9004791.4479, 4542365.649099998], [-9004809.8719, 4542346.530199997], [-9004820.3951, 4542339.942400001], [-9004831.928, 4542312.235699996], [-9004839.8295, 4542299.044699997], [-9004846.4084, 4542293.112300001], [-9004864.827, 4542278.613600001], [-9004893.7626, 4542262.806699999], [-9004910.2081, 4542249.625399999], [-9004920.7444, 4542231.157799996], [-9004929.3127, 4542209.387900002], [-9004933.9456, 4542180.353500001], [-9004935.2766, 4542165.8352999985], [-9004941.1988, 4542159.242200002], [-9004953.0358, 4542152.655699998], [-9004972.7613, 4542144.758199997], [-9004979.9987, 4542137.5066], [-9004982.6415, 4542124.969899997], [-9004984.6184, 4542120.351999998], [-9004990.5415, 4542113.099100001], [-9005004.3546, 4542102.554899998], [-9005015.5472, 4542084.748000003], [-9005024.7751, 4542060.339100003], [-9005026.4401, 4542040.541599996], [-9005031.043, 4542038.566699997], [-9005036.3064, 4542033.292800002], [-9005036.9703, 4542027.3539], [-9005036.9723, 4542025.373800002], [-9005036.9767, 4542021.413800001], [-9005042.2514, 4542006.240199998], [-9005051.4857, 4541975.891800001], [-9005065.3164, 4541949.508100003], [-9005085.0486, 4541935.011], [-9005110.6919, 4541923.820100002], [-9005113.9821, 4541919.864100002], [-9005137.6697, 4541894.1516999975], [-9005144.2751, 4541863.800399996], [-9005148.8981, 4541843.346500002], [-9005149.5698, 4541830.1479], [-9005151.2578, 4541789.231799997], [-9005151.2738, 4541774.712700002], [-9005152.5897, 4541773.394400001], [-9005151.2897, 4541760.193499997], [-9005152.6057, 4541758.875100002], [-9005153.2716, 4541750.956299998], [-9005155.9061, 4541745.679399997], [-9005201.2788, 4541721.311399996], [-9005202.599, 4541716.033200003], [-9005196.7038, 4541698.2075999975], [-9005211.8639, 4541657.3072], [-9005230.9632, 4541619.710900001], [-9005250.0259, 4541615.772399999], [-9005264.934, 4541593.369400002], [-9005269.7738, 4541586.096299998], [-9005267.8137, 4541575.534699999], [-9005266.5079, 4541567.613899998], [-9005265.858, 4541561.013700001], [-9005265.2037, 4541558.373300001], [-9005270.1433, 4541548.4794000015], [-9005306.2715, 4541563.698299997], [-9005382.5391, 4541531.444399998], [-9005404.8481, 4541563.806400001], [-9005412.8777, 4541551.967200004], [-9005475.2519, 4541459.997500002], [-9005290.0614, 4541220.155000001], [-9005271.616, 4541203.264300004], [-9005257.7183, 4541190.778700002], [-9005241.9625, 4541176.243000001], [-9005226.2094, 4541159.067299999], [-9005196.668, 4541131.317599997], [-9005170.0826, 4541104.891199999], [-9005143.169, 4541077.804300003], [-9005127.4149, 4541061.948700003], [-9005115.5988, 4541050.716600001], [-9005111.0058, 4541044.112400003], [-9005097.2249, 4541026.939199999], [-9005080.1662, 4541002.502999999], [-9005059.164, 4540978.7227], [-9005031.5971, 4540948.995399997], [-9004955.137, 4540862.460699998], [-9004872.4392, 4540772.619400002], [-9004835.6877, 4540730.343699999], [-9004808.7808, 4540699.297600001], [-9004770.0581, 4540652.933499999], [-9004602.8057, 4540439.765900001], [-9004601.4313, 4540437.501599997], [-9004542.8039, 4540327.0397000015], [-9004521.1421, 4540270.483199999], [-9004516.2175, 4540256.175499998], [-9004507.7006, 4540234.390000001], [-9004503.7748, 4540219.868299998], [-9004493.2937, 4540192.141400002], [-9004477.5641, 4540157.1501], [-9004458.8954, 4540126.016900003], [-9004452.6939, 4540114.567699999], [-9004421.5211, 4540057.196500003], [-9004414.2885, 4540042.919500001], [-9004401.8334, 4540017.829999998], [-9004390.6993, 4539986.803800002], [-9004381.7478, 4539959.082999997], [-9004381.0498, 4539956.662799999], [-9004368.4477, 4539910.894400001], [-9004366.4913, 4539898.354999997], [-9004365.2051, 4539874.599200003], [-9004365.5583, 4539853.4846], [-9004371.5449, 4539791.466499999], [-9004376.8634, 4539738.685599998], [-9004380.8561, 4539695.801100001], [-9004380.9819, 4539694.031000003], [-9004384.0149, 4539662.7403], [-9004381.9314, 4539618.013999999], [-9004381.6138, 4539610.0239999965], [-9004380.9915, 4539580.331], [-9004379.7238, 4539540.740000002], [-9004378.447, 4539509.067000002], [-9004378.4919, 4539470.7973000035], [-9004376.5463, 4539449.020900004], [-9004373.9444, 4539426.583999999], [-9004372.6582, 4539402.8292], [-9004371.073, 4539354.0009], [-9004369.1671, 4539298.5744], [-9004367.2515, 4539251.066], [-9004361.8367, 4539106.562799998], [-9004361.8714, 4539076.872000001], [-9004364.553, 4539031.3495000005], [-9004365.9663, 4538946.898199998], [-9004368.0498, 4538851.231799997], [-9004368.7733, 4538794.491599999], [-9004371.7536, 4538721.7962], [-9004367.7794, 4538609.424400002], [-9004360.6796, 4538536.223200001], [-9004360.7496, 4538476.432700001], [-9004358.7561, 4538425.9177], [-9004347.1062, 4538293.953599997], [-9004339.0042, 4538200.136799999], [-9004332.9073, 4538147.556400001], [-9004320.6839, 4538067.136600003], [-9004305.9093, 4537974.3445999995], [-9004288.5552, 4537892.888899997], [-9004272.212, 4537824.835699998], [-9004257.9061, 4537770.185800001], [-9004255.9821, 4537748.112499997], [-9004218.8048, 4537647.894500002], [-9004176.5649, 4537562.803300001], [-9004140.7361, 4537481.5864999965], [-9004079.2936, 4537361.684699997], [-9004025.5195, 4537267.562200002], [-9003940.998, 4537137.326700002], [-9003900.0185, 4537074.143399999], [-9003868.6291, 4537038.028800003], [-9003804.549, 4536981.259199999], [-9003732.7776, 4536919.325999998], [-9003664.8644, 4536850.955899999], [-9003590.5564, 4536767.116999999], [-9003529.0662, 4536693.601400003], [-9003482.9575, 4536631.700800002], [-9003443.2497, 4536581.404100001], [-9003377.2842, 4536497.5766], [-9003320.9222, 4536429.221500002], [-9003299.165, 4536387.966700003], [-9003285.091, 4536358.316799998], [-9003258.191, 4536326.073700003], [-9003213.3369, 4536288.6538999975], [-9003181.2909, 4536267.998999998], [-9003173.6035, 4536260.259000003], [-9003163.3766, 4536231.9026999995], [-9003144.1797, 4536195.804799996], [-9003112.1591, 4536155.825199999], [-9003096.7861, 4536139.056999996], [-9003071.2003, 4536083.626500003], [-9003045.6129, 4536029.484499998], [-9003027.7129, 4535983.082500003], [-9003012.384, 4535932.818999998], [-9002993.1949, 4535891.568899997], [-9002971.4671, 4535829.703100003], [-9002949.7565, 4535754.9551], [-9002926.7668, 4535677.6294], [-9002924.2212, 4535662.167099997], [-9002915.3226, 4535600.319499999], [-9002911.5433, 4535547.4969], [-9002912.9242, 4535472.781400003], [-9002920.7732, 4535356.852499999], [-9002928.5714, 4535279.5704], [-9002935.002, 4535266.6972], [-9002938.889, 4535237.073700003], [-9002944.0625, 4535204.8759], [-9002951.8063, 4535168.816799998], [-9002959.5484, 4535134.046099998], [-9002980.1702, 4535059.359099999], [-9002999.4938, 4534996.2645], [-9003031.6764, 4534908.7119999975], [-9003052.2453, 4534873.959200002], [-9003076.6855, 4534821.177100003], [-9003134.5583, 4534705.320600003], [-9003175.6795, 4534647.408799998], [-9003214.2285, 4534594.6461], [-9003247.6297, 4534554.758100003], [-9003284.8772, 4534516.163099997], [-9003314.42, 4534483.9987], [-9003351.024, 4534446.690899998], [-9003410.1041, 4534386.226599999], [-9003496.1403, 4534309.051399998], [-9003535.9415, 4534278.187899999], [-9003596.2795, 4534235.758100003], [-9003646.34, 4534206.195600003], [-9003686.1325, 4534181.7722999975], [-9003864.5214, 4534099.558899999], [-9003895.3203, 4534086.7163999975], [-9003906.8719, 4534080.290299997], [-9004186.7044, 4533897.7302], [-9004316.1728, 4533962.287699997], [-9004710.7628, 4533801.747900002], [-9004828.396, 4533693.209899999], [-9004897.231, 4533507.623000003], [-9004956.3009, 4533520.169299997], [-9005011.6565, 4534104.579999998], [-9005024.6242, 4534120.070500001], [-9005029.5494, 4534125.9575999975], [-9005039.4715, 4534137.789999999], [-9005041.7285, 4534140.479000002], [-9005106.1787, 4534217.498499997], [-9005145.3122, 4534263.955799997], [-9005152.8453, 4534272.894199997], [-9005174.0461, 4534298.060500003], [-9005183.1379, 4534308.853], [-9005236.1804, 4534371.816299997], [-9005240.9388, 4534377.464599997], [-9005363.2739, 4534522.678300001], [-9005405.6519, 4534572.980700001], [-9005368.596, 4534743.499399997], [-9005088.1373, 4534706.172799997], [-9004938.6617, 4534908.0141], [-9004805.7618, 4535139.380900003], [-9004795.8643, 4535155.8103], [-9004792.7342, 4535161.0057], [-9004730.5702, 4535264.189499997], [-9004726.7158, 4535270.587399997], [-9004666.8904, 4535369.888099998], [-9004757.4722, 4535388.117899999], [-9005223.8011, 4535488.6543999985], [-9005273.441, 4535369.7676], [-9005397.5426, 4535468.745800003], [-9005326.3389, 4535587.509900004], [-9005376.5481, 4535639.768700004], [-9005495.2171, 4535927.397500001], [-9005594.0797, 4535900.646300003], [-9005764.8997, 4535854.421599999], [-9005948.9004, 4536099.132399999], [-9006402.4363, 4536709.791100003], [-9006470.4854, 4536800.963200003], [-9006771.6011, 4537201.969800003], [-9006737.7078, 4537224.416000001], [-9006871.3292, 4537295.5066], [-9006894.6271, 4537317.575000003], [-9006905.9448, 4537328.295299999], [-9006938.4794, 4537354.314999998], [-9006975.5198, 4537383.217699997], [-9007017.1642, 4537416.426700003], [-9007060.3441, 4537449.626500003], [-9007103.9984, 4537485.135799997], [-9007133.3084, 4537509.1674000025], [-9007179.1149, 4537545.126500003], [-9007225.8357, 4537579.846699998], [-9007262.5041, 4537601.9846], [-9007295.6173, 4537619.980800003], [-9007329.4635, 4537632.113799997], [-9007373.4104, 4537638.791000001], [-9007415.6258, 4537638.2324], [-9007466.7218, 4537633.612300001], [-9007504.915, 4537627.8352999985], [-9007543.2743, 4537624.215499997], [-9007602.0469, 4537619.703400001], [-9007642.1249, 4537621.160599999], [-9007693.7258, 4537624.0907000005], [-9007750.4085, 4537629.611299999], [-9007787.4455, 4537633.248599999], [-9007811.0853, 4537635.570100002], [-9007820.5754, 4537637.754199997], [-9007852.5754, 4537642.105899997], [-9007923.8724, 4537652.625699997], [-9008122.3193, 4537668.549599998], [-9008174.8565, 4537673.938500002], [-9008254.459, 4537686.873000003], [-9008414.1304, 4537713.662199996], [-9008518.2744, 4537722.7465], [-9008575.2961, 4537719.531000003], [-9008577.9726, 4537718.994000003], [-9008578.8106, 4537719.332900003], [-9008600.1341, 4537727.956100002], [-9008608.5834, 4537731.485699996], [-9008628.1456, 4537739.657899998], [-9008643.6751, 4537745.154100001], [-9008643.9925, 4537745.266400002], [-9008652.0347, 4537755.0847999975], [-9008662.4511, 4537776.759999998], [-9008674.7496, 4537805.053599998], [-9008688.5603, 4537829.483599998], [-9008701.3102, 4537856.232500002], [-9008711.4484, 4537869.023000002], [-9008717.174, 4537874.2788999975], [-9008723.282, 4537879.9772000015], [-9008730.6298, 4537886.032399997], [-9008735.1494, 4537890.046899997], [-9008737.446, 4537892.087099999], [-9008740.5223, 4537894.981399998], [-9008746.6929, 4537900.787100002], [-9008747.9916, 4537901.869400002], [-9008755.3029, 4537907.9624999985], [-9008770.7971, 4537925.154799998], [-9008776.6519, 4537929.865999997], [-9008790.2628, 4537937.457199998], [-9008794.5407, 4537938.892999999], [-9008801.0621, 4537940.999300003], [-9008809.6765, 4537942.612800002], [-9008816.4454, 4537943.112499997], [-9008838.3531, 4537943.623999998], [-9008848.5684, 4537943.755599998], [-9008857.7997, 4537943.391999997], [-9008864.2972, 4537943.217500001], [-9008868.2035, 4537943.112499997], [-9008868.2661, 4537943.110799998], [-9008871.2156, 4537943.031800002], [-9008882.5391, 4537942.669699997], [-9008896.3245, 4537941.815200001], [-9008909.9867, 4537941.3314], [-9008918.2327, 4537941.7086], [-9008925.2472, 4537942.950199999], [-9008932.2603, 4537946.045500003], [-9008938.1648, 4537950.252400003], [-9008940.3296, 4537952.299699999], [-9008946.4727, 4537954.803999998], [-9008962.5349, 4537970.586400002], [-9008973.7096, 4537990.561300002], [-9008979.174, 4538005.6373], [-9008980.0961, 4538031.225199997], [-9008978.3318, 4538041.6489999965], [-9008978.6109, 4538043.318499997], [-9008977.1666, 4538048.531999998], [-9008973.7218, 4538068.883100003], [-9008967.7911, 4538092.322099999], [-9008967.4106, 4538093.826399997], [-9008962.6256, 4538112.737000003], [-9008952.3562, 4538166.453500003], [-9008941.4997, 4538224.645300001], [-9008940.5107, 4538264.2754999995], [-9008942.7336, 4538301.882100001], [-9008951.3815, 4538335.5951000005], [-9008964.328, 4538369.2820999995], [-9008986.2383, 4538412.6281], [-9009041.4229, 4538499.714100003], [-9009075.6824, 4538553.932300001], [-9009081.0972, 4538560.356200002], [-9009114.344, 4538599.797799997], [-9009155.4703, 4538646.881999999], [-9009205.6262, 4538689.131099999], [-9009254.7987, 4538721.055799998], [-9009328.6268, 4538767.631499998], [-9009384.0985, 4538800.133900002], [-9009438.9144, 4539004.393399999], [-9009407.7367, 4539031.493299998], [-9009275.0338, 4539514.044699997], [-9009272.9861, 4539529.359099999], [-9009257.8177, 4539642.787699997], [-9009288.1476, 4539702.427100003], [-9009326.5726, 4539777.988499999], [-9009511.6759, 4539866.210600004], [-9009424.0494, 4540259.715999998], [-9009287.6717, 4540435.899599999], [-9009284.1362, 4540561.0198], [-9009280.9937, 4540561.009199999], [-9009242.0157, 4540618.108499996], [-9009760.9767, 4540820.4043999985], [-9009720.6793, 4540862.886100002], [-9009622.4568, 4540932.797399998], [-9009539.5299, 4540973.007399999], [-9009522.3624, 4540999.833700001], [-9009471.7888, 4541026.5801], [-9009271.6589, 4541089.069700003], [-9008813.0519, 4541774.726899996], [-9009014.1855, 4542178.071999997], [-9009172.9278, 4542420.0757], [-9009450.8107, 4542888.2733], [-9009618.6669, 4542993.240800001], [-9009763.4462, 4542909.230300002], [-9010292.7605, 4542895.801299997], [-9010955.9104, 4543363.805600002], [-9010889.0531, 4543756.576899998], [-9010940.3545, 4543782.0726], [-9010953.3225, 4543798.666299999], [-9010952.7162, 4543827.0995000005], [-9010947.3924, 4543853.160599999], [-9010934.9919, 4543875.6633], [-9010924.9608, 4543880.988799997], [-9010910.1997, 4543905.2673999965], [-9010909.0029, 4543934.885200001], [-9010914.8862, 4543962.137999997], [-9010929.6174, 4543989.987999998], [-9010940.2285, 4544001.841700003], [-9010956.1428, 4544024.361199997], [-9010964.977, 4544049.245999999], [-9010992.0904, 4544087.173900001], [-9011000.9297, 4544103.173299998], [-9011000.328, 4544123.906300001], [-9011000.314, 4544148.7863000035], [-9011006.7914, 4544168.931199998], [-9011024.4583, 4544222.256099999], [-9011027.9891, 4544237.6603000015], [-9011027.954, 4544299.861199997], [-9011030.2922, 4544337.775799997], [-9011033.2273, 4544363.250399999], [-9011037.3399, 4544392.872500002], [-9011037.9222, 4544406.498099998], [-9011032.6019, 4544426.044200003], [-9011024.9251, 4544440.2575], [-9011014.8891, 4544453.284500003], [-9011000.719, 4544474.602899998], [-9010991.8625, 4544488.223200001], [-9010988.3136, 4544504.808499999], [-9010989.4783, 4544531.467299998], [-9010988.8665, 4544569.9733000025], [-9010987.6698, 4544599.593099996], [-9010983.5285, 4544620.325199999], [-9010975.2521, 4544651.125799999], [-9010956.9467, 4544681.9208], [-9010936.2762, 4544722.193000004], [-9010922.0977, 4544757.137500003], [-9010913.2282, 4544792.677500002], [-9010903.1757, 4544833.548799999], [-9010899.0284, 4544864.352399997], [-9010897.245, 4544888.0484], [-9010886.3275, 4544926.336400002], [-9010881.4202, 4544926.690399997], [-9010817.8948, 4544932.224600002], [-9010781.4935, 4544956.837899998], [-9010748.0691, 4545029.023400001], [-9010739.0439, 4545094.7766999975], [-9010731.303, 4545159.241800003], [-9010727.4149, 4545222.420000002], [-9010723.5305, 4545279.1516999975], [-9010724.7777, 4545343.623099998], [-9010729.8866, 4545391.334600002], [-9010751.6929, 4545430.029799998], [-9010760.6665, 4545455.823799998], [-9010795.6568, 4545483.251100004], [-9010580.4913, 4546512.635600001], [-9010578.828, 4546520.515900001], [-9010568.169, 4546570.309900001], [-9010448.7907, 4547127.9717999995], [-9010450.4032, 4547128.970399998], [-9010396.4233, 4547384.7051], [-9010239.4902, 4547826.7403], [-9010246.8065, 4547835.488399997], [-9010768.1928, 4548438.717600003], [-9010728.7141, 4548885.605499998], [-9010717.8052, 4549009.0858], [-9011197.687, 4549214.951300003], [-9011365.197, 4549533.781900004], [-9011362.9074, 4549547.987000003], [-9011358.505, 4549575.302000001], [-9011359.7579, 4549629.305699997], [-9011368.2631, 4549995.927900001], [-9011464.5221, 4550164.966799997], [-9011463.8624, 4550171.677199997], [-9011457.8245, 4550233.093199998], [-9011458.4618, 4550232.766099997], [-9011488.0868, 4550217.809100002], [-9011463.2301, 4550262.9011999965], [-9011443.0768, 4550308.709600002], [-9011406.6434, 4550352.738200001], [-9011344.8989, 4550400.091600001], [-9011304.813, 4550428.147], [-9011260.2032, 4550456.623800002], [-9011263.327, 4550461.568099998], [-9011159.2133, 4550569.876900002], [-9011089.442, 4550640.411600001], [-9010912.0324, 4550804.249300003], [-9010930.0669, 4550833.360299997], [-9010952.1158, 4550858.492200002], [-9010989.9062, 4550916.685599998], [-9011095.3667, 4551047.173699997], [-9010976.501, 4551101.2936], [-9010905.4249, 4551139.868600003], [-9010905.5114, 4551139.6404], [-9010893.8504, 4551146.150399998], [-9010867.2665, 4551160.5779], [-9010835.1498, 4551157.979599997], [-9010765.5824, 4551281.8191], [-9010779.1362, 4551383.7223000005], [-9010790.6393, 4551489.522200003], [-9010737.1746, 4551746.2381], [-9010436.589, 4551650.585600004], [-9010227.0622, 4551822.052699998], [-9010292.2223, 4551848.476499997], [-9010522.6984, 4551941.935699999], [-9010805.7359, 4552057.220299996], [-9010992.8509, 4552133.398100004], [-9011237.3494, 4552232.9318], [-9011461.5114, 4552324.656900004], [-9011536.0888, 4552213.731799997], [-9011537.4572, 4552044.710100003], [-9011874.1171, 4551973.910499997], [-9011874.1064, 4551997.1347], [-9012100.7679, 4552248.836300001], [-9012257.5864, 4552095.365000002], [-9012297.4074, 4552117.316299997], [-9012299.9514, 4552120.237099998], [-9012616.5408, 4551937.383400001], [-9012899.2465, 4552247.691600002], [-9013213.1144, 4552272.598099999], [-9013294.6991, 4552501.390299998], [-9013287.0422, 4552500.540100001], [-9013277.2745, 4552501.9987], [-9013266.6031, 4552505.456], [-9013248.5169, 4552512.7321000025], [-9013239.1141, 4552520.366800003], [-9013229.7109, 4552527.2749999985], [-9013220.8504, 4552534.001199998], [-9013210.7235, 4552540.909699999], [-9013203.6719, 4552547.634999998], [-9013196.0773, 4552553.6338], [-9013191.557, 4552557.995999999], [-9013184.865, 4552560.5429000035], [-9013175.64, 4552562.545999996], [-9013167.4993, 4552562.186999999], [-9013149.5873, 4552556.928300001], [-9013138.7332, 4552556.933899999], [-9013127.1552, 4552556.3950999975], [-9013120.8249, 4552558.759999998], [-9013113.9523, 4552561.670000002], [-9013108.889, 4552565.669399999], [-9013107.8062, 4552570.574699998], [-9013108.7131, 4552575.479199998], [-9013109.4395, 4552580.565300003], [-9013110.169, 4552591.828000002], [-9013109.8084, 4552594.371399999], [-9013107.0978, 4552599.822800003], [-9013101.8543, 4552604.911899999], [-9013093.3546, 4552610.366400003], [-9013091.0037, 4552611.6391], [-9013086.845, 4552616.001199998], [-9013083.7749, 4552625.994199999], [-9013079.7997, 4552635.079499997], [-9013070.94, 4552643.8037], [-9013061.1761, 4552653.437100001], [-9013056.6555, 4552657.072499998], [-9013049.6027, 4552661.981200002], [-9013036.0379, 4552667.6197], [-9013023.0155, 4552672.8948], [-9013012.7051, 4552674.8983], [-9013001.1299, 4552680.172399998], [-9012985.5753, 4552686.175300002], [-9012974.0002, 4552691.631099999], [-9012963.6909, 4552695.996299997], [-9012954.6475, 4552699.452500001], [-9012946.6902, 4552704.724699996], [-9012941.0851, 4552710.540899999], [-9012938.3739, 4552714.902099997], [-9012933.3141, 4552725.986199997], [-9012930.0625, 4552735.252899997], [-9012922.2872, 4552742.704999998], [-9012915.778, 4552749.248099998], [-9012907.8224, 4552757.790299997], [-9012895.8868, 4552766.152999997], [-9012885.5788, 4552773.424800001], [-9012875.8118, 4552776.881300002], [-9012866.2255, 4552780.519400001], [-9012854.6489, 4552783.068400003], [-9012847.4133, 4552784.162100002], [-9012843.6143, 4552784.345700003], [-9012826.3433, 4552785.621399999], [-9012834.2205, 4552797.512900002], [-9012534.6795, 4553179.3401999995], [-9012657.9801, 4553326.493000001], [-9012704.7221, 4553744.606799997], [-9012562.0662, 4553784.554300003], [-9012823.5982, 4554086.3440999985], [-9012973.7548, 4554259.6074], [-9012913.263, 4554570.076099999], [-9013422.1659, 4554526.142200001], [-9013734.1754, 4554743.005000003], [-9015231.3759, 4554531.032700002], [-9015233.9806, 4554417.989500001], [-9015231.5078, 4554396.189800002], [-9015265.8868, 4554275.581799999], [-9015485.4583, 4554247.949900001], [-9015788.137, 4554315.735399999], [-9016183.9519, 4554327.378200002], [-9016370.9437, 4554108.0009], [-9016288.5434, 4554047.2761999965], [-9016496.4761, 4553793.996600002], [-9016515.792, 4553675.019199997], [-9016621.935, 4553491.615800001], [-9016660.8311, 4553400.064000003], [-9016640.2055, 4553287.9586], [-9016617.3629, 4553237.247199997], [-9016573.2453, 4553160.595200002], [-9016489.0395, 4553105.0374], [-9016371.5833, 4553051.750500001], [-9016316.3654, 4552933.5211], [-9016085.673, 4552884.43], [-9016030.5581, 4552683.195500001], [-9016075.9047, 4552609.4777000025], [-9016156.0248, 4552497.693099998], [-9016160.8179, 4552442.484099999], [-9016170.8643, 4552430.634000003], [-9016247.9908, 4552339.660999998], [-9016255.0425, 4552331.343199998], [-9016536.9631, 4552080.297700003], [-9016874.0213, 4551782.8037], [-9016874.4107, 4551565.622199997], [-9016875.0963, 4551183.098499998], [-9017306.8512, 4551185.143200003], [-9016875.0967, 4551182.8851], [-9016875.6398, 4549299.714000002], [-9016875.6414, 4549298.392700002], [-9016876.9916, 4548700.209700003], [-9016878.3412, 4548101.7092999965], [-9016877.8806, 4548102.081299998], [-9016872.0482, 4547007.692199998], [-9016869.4508, 4546913.536899999], [-9016926.1994, 4546788.037900001], [-9017046.5105, 4546559.0419000015], [-9017036.1437, 4546559.293700002], [-9017084.4875, 4546444.732299998], [-9018047.0528, 4545587.132600002], [-9021211.8092, 4545568.9023], [-9021658.6139, 4546001.735799998], [-9021720.6252, 4546166.405599996], [-9021746.2824, 4546186.836199999], [-9021748.587, 4546188.671599999], [-9021928.3921, 4546331.846299998], [-9022319.1804, 4546643.003899999], [-9022577.4157, 4546848.788999997], [-9022665.4837, 4546919.050700001], [-9022665.5171, 4546918.993299998], [-9022695.3341, 4546942.752999999], [-9022882.1808, 4547091.639200002], [-9022799.7734, 4547196.245200001], [-9022872.0128, 4547250.830600001], [-9022970.6901, 4547311.845299996], [-9022995.8727, 4547328.512999997], [-9022990.5455, 4547337.004199997], [-9022863.4685, 4547539.557800002], [-9022670.9268, 4547858.3429000005], [-9022413.5828, 4547651.619000003], [-9022411.8429, 4547650.208300002], [-9022025.2291, 4547336.6985], [-9021947.5783, 4547260.055100001], [-9021963.9474, 4548216.592600003], [-9021472.4879, 4547965.718900003], [-9020905.6425, 4548401.005999997], [-9020901.9651, 4548616.015000001], [-9021129.4966, 4548711.667199999], [-9021187.3167, 4548969.491400003], [-9020999.8089, 4549609.601899996], [-9020998.7019, 4549969.951800004], [-9020823.9812, 4550229.5832], [-9020792.9167, 4550507.2151999995], [-9020792.3049, 4550512.682899997], [-9021145.4034, 4550721.7075999975], [-9020631.7421, 4551646.774400003], [-9020634.4898, 4551662.601999998], [-9020480.5044, 4551767.281300001], [-9020373.001, 4551840.449100003], [-9020287.1274, 4551898.745899998], [-9020132.3567, 4552003.9789], [-9020012.1774, 4552085.686499998], [-9019911.3614, 4552154.207900003], [-9019839.7328, 4552203.063100003], [-9019817.1776, 4552245.811899997], [-9019762.7644, 4552349.330600001], [-9019687.207, 4552493.092], [-9019610.8413, 4552638.381999999], [-9019529.4783, 4552792.888099998], [-9019442.529, 4552775.871799998], [-9019360.3866, 4552834.1423999965], [-9019232.2636, 4552950.1096], [-9019182.2879, 4552974.335000001], [-9019132.1206, 4553159.220200002], [-9019061.3436, 4553420.175399996], [-9019022.8475, 4553562.052199997], [-9018967.9576, 4553764.369800001], [-9018966.0352, 4553771.455300003], [-9019027.7187, 4553919.789800003], [-9019102.8063, 4554100.552599996], [-9019302.7643, 4554154.765799999], [-9019471.9912, 4554200.657899998], [-9019645.8829, 4554247.819499999], [-9019844.7018, 4554301.757200003], [-9019949.6418, 4554362.238499999], [-9020119.2882, 4554460.103699997], [-9020185.8609, 4554498.515500002], [-9020369.1011, 4554604.242700003], [-9020518.0174, 4554690.0929000005], [-9020697.7757, 4554793.7993], [-9020862.0506, 4554888.5298999995], [-9020958.6685, 4554944.232500002], [-9021186.1157, 4555075.4388], [-9021334.5068, 4555083.098499998], [-9021408.1866, 4554923.449299999], [-9021486.2649, 4554754.3068], [-9021557.8319, 4554599.226300001], [-9021555.0938, 4554419.561399996], [-9021552.1907, 4554228.023199998], [-9021549.3688, 4554043.6000000015], [-9021546.8124, 4553874.535999998], [-9021543.9301, 4553685.902900003], [-9021551.5178, 4553682.340499997], [-9021572.8189, 4553672.2875000015], [-9021579.5074, 4553682.208899997], [-9021658.091, 4553798.3072], [-9021770.0803, 4553963.676100001], [-9021886.5178, 4554135.706], [-9021995.1268, 4554296.146200001], [-9022104.9875, 4554458.389700003], [-9022188.2353, 4554581.345399998], [-9022274.7727, 4554709.157300003], [-9022461.7188, 4554687.720299996], [-9022537.4194, 4554569.123300001], [-9022610.9972, 4554453.9256], [-9022731.1667, 4554265.730499998], [-9022746.0327, 4554185.168700002], [-9022789.3522, 4553950.819200002], [-9022819.4761, 4553787.748099998], [-9023014.8462, 4553730.053499997], [-9023232.9626, 4553665.6765], [-9023362.6681, 4553627.388400003], [-9023559.5789, 4553569.278499998], [-9023667.8392, 4553537.321699999], [-9023880.0342, 4553474.678900003], [-9023892.7721, 4553470.906900004], [-9023895.5493, 4553487.242600001], [-9023894.5055, 4553530.628799997], [-9023894.5165, 4553546.8649], [-9023906.4991, 4553573.873899996], [-9023907.4805, 4553590.758900002], [-9023909.6879, 4553603.356899999], [-9023910.93, 4553623.034400001], [-9023912.0324, 4553627.384999998], [-9023903.1182, 4553643.432499997], [-9023895.4932, 4553653.049599998], [-9023886.7687, 4553662.7324], [-9023880.0557, 4553682.2206000015], [-9023873.3379, 4553694.435000002], [-9023878.3949, 4553704.935400002], [-9023940.8141, 4553836.183399998], [-9023968.502, 4553894.398900002], [-9024000.6604, 4553962.013300002], [-9024066.7981, 4554101.130400002], [-9024150.7514, 4554283.4124], [-9024156.2827, 4554295.421700001], [-9024207.8063, 4554407.333899997], [-9024213.4175, 4554419.521499999], [-9024259.3908, 4554519.994099997], [-9024459.2568, 4554849.708999999], [-9024523.3586, 4554858.1489999965], [-9024519.8606, 4554869.396700002], [-9024478.015, 4554991.494000003], [-9024466.2779, 4555030.390500002], [-9024453.2037, 4555093.355599999], [-9024436.8561, 4555165.292199999], [-9024429.1921, 4555212.015299998], [-9024433.5129, 4555255.032700002], [-9024406.1755, 4555249.356899999], [-9024298.9399, 4555155.771899998], [-9024220.2258, 4555106.564999998], [-9024178.0359, 4555089.512800001], [-9024116.6476, 4555173.856899999], [-9024135.1704, 4555202.658500001], [-9024173.8651, 4555228.635899998], [-9024193.2147, 4555244.8961], [-9024231.4835, 4555258.9199], [-9024224.8549, 4555395.4081000015], [-9024322.2084, 4555443.280299999], [-9024389.0829, 4555448.348999999], [-9024401.1748, 4555303.383500002], [-9024440.7166, 4555286.619499996], [-9024441.4047, 4555310.596199997], [-9024442.8328, 4555341.639300004], [-9024445.6666, 4555373.387000002], [-9024447.0959, 4555405.841200002], [-9024448.5163, 4555426.301299997], [-9024449.9266, 4555433.355899997], [-9024454.8601, 4555453.813199997], [-9024459.7951, 4555476.387400001], [-9024463.8076, 4555422.121200003], [-9024463.9689, 4555419.9397], [-9024456.2402, 4555419.945500001], [-9024459.7265, 4555383.959700003], [-9024459.7213, 4555376.904100001], [-9024456.1837, 4555343.745999999], [-9024451.2373, 4555305.6501], [-9024441.3686, 4555261.913599998], [-9024436.4306, 4555235.106600001], [-9024437.3217, 4555235.086599998], [-9024466.3351, 4555101.636], [-9024489.4112, 4554995.493299998], [-9024578.8822, 4555026.890299998], [-9024594.8264, 4555032.439199999], [-9024692.4371, 4555066.409000002], [-9024696.3309, 4555094.261299998], [-9024705.705, 4555131.148599997], [-9024705.1158, 4555151.580300003], [-9024710.95, 4555150.939199999], [-9024713.1956, 4555173.375799999], [-9024725.8703, 4555186.7148], [-9024756.2471, 4555243.173500001], [-9024841.5086, 4555313.942900002], [-9024951.7488, 4555369.401500002], [-9025010.6209, 4555470.250799999], [-9024961.7974, 4555488.596500002], [-9024962.5578, 4555489.765000001], [-9025015.3282, 4555570.852300003], [-9025054.2916, 4555630.8059], [-9025149.9489, 4555778.052500002], [-9025245.1927, 4555924.712300003], [-9025348.8112, 4556084.230099998], [-9025436.7886, 4556219.638800003], [-9025524.2488, 4556354.284000002], [-9025608.1327, 4556483.615000002], [-9025668.1729, 4556604.3948], [-9025719.2833, 4556707.491099998], [-9025760.8807, 4556800.946900003], [-9025777.2269, 4556892.160099998], [-9025789.1341, 4556958.603699997], [-9025816.8787, 4557048.818400003], [-9025867.1233, 4557117.057400003], [-9025921.2045, 4557119.318099998], [-9025954.3898, 4557197.7513], [-9025994.1392, 4557237.245099999], [-9026030.3572, 4557222.604500003], [-9026068.0238, 4557126.560400002], [-9026125.7639, 4557057.038400002], [-9026254.7234, 4557047.375299998], [-9026322.9819, 4557072.455799997], [-9026401.3129, 4557046.869999997], [-9026483.5233, 4557087.030500002], [-9026566.3747, 4557018.691], [-9026618.4117, 4557017.1351], [-9026657.7628, 4557043.078699999], [-9027105.1611, 4556970.671999998], [-9027234.8242, 4557011.433700003], [-9027255.0077, 4557018.004900001], [-9027602.2763, 4556948.0978000015], [-9027627.0606, 4556943.108199999], [-9027678.7955, 4556932.692500003], [-9030110.2874, 4557206.040799998], [-9030291.6924, 4557322.618000001], [-9029979.4037, 4557845.730800003], [-9029809.836, 4557681.564599998], [-9029447.3531, 4558015.840599999], [-9029213.1136, 4557709.949199997], [-9028511.9708, 4557930.443599999], [-9028507.9759, 4557929.7919000015], [-9028769.9311, 4558098.411899999], [-9028911.2905, 4558393.453100003], [-9028642.7258, 4558448.3024], [-9028753.9292, 4558724.132399999], [-9028952.9878, 4558815.989200003], [-9029026.1891, 4559048.397100002], [-9028891.0543, 4559346.1005000025], [-9028940.5076, 4559369.5546], [-9029066.897, 4559623.347099997], [-9028689.6668, 4559772.6511999965], [-9028868.072, 4560110.634099998], [-9028450.1725, 4560125.0933], [-9028448.8899, 4561613.5691], [-9028448.8848, 4561619.6669000015], [-9028448.5496, 4562008.559199996], [-9027026.0766, 4561848.691], [-9027037.9516, 4562027.938900001], [-9026826.3262, 4562030.7190999985], [-9026711.7917, 4562032.222099997], [-9026537.1538, 4562118.383599997], [-9026730.1267, 4562661.063100003], [-9026884.3245, 4563077.720399998], [-9026894.9139, 4563106.410499997], [-9026937.0027, 4563087.063699998], [-9026937.8017, 4563198.9081000015], [-9026788.4907, 4563315.823100001], [-9026776.7738, 4563318.161899999], [-9026759.703, 4563329.210199997], [-9026751.7622, 4563343.677299999], [-9026745.2461, 4563363.972499996], [-9026740.8922, 4563375.843199998], [-9026737.2796, 4563385.692900002], [-9026721.5867, 4563413.5823], [-9026722.292, 4563421.2786], [-9026705.9514, 4563442.808700003], [-9026695.517, 4563447.781400003], [-9026675.2083, 4563462.0907000005], [-9026668.5717, 4563468.170199998], [-9026656.2546, 4563485.049599998], [-9026649.1393, 4563492.0788], [-9026628.9326, 4563505.792599998], [-9026602.469, 4563522.277000003], [-9026586.003, 4563535.186399996], [-9026569.7243, 4563552.8059], [-9026557.1871, 4563565.326200001], [-9026552.5268, 4563572.227300003], [-9026543.5494, 4563600.2588], [-9026543.9515, 4563629.993699998], [-9026538.9664, 4563647.850299999], [-9026540.4011, 4563676.7183], [-9026540.891, 4563688.253700003], [-9026544.6528, 4563695.670999996], [-9026548.2095, 4563701.228100002], [-9026558.2343, 4563712.955499999], [-9026566.2776, 4563720.003899999], [-9026586.8192, 4563733.304899998], [-9026593.5097, 4563738.350900002], [-9026600.9102, 4563745.233000003], [-9026604.0837, 4563751.178400002], [-9026606.2914, 4563761.560500003], [-9026605.7227, 4563780.886399999], [-9026603.8889, 4563792.448799998], [-9026598.1275, 4563802.119900003], [-9026592.4275, 4563805.793399997], [-9026582.715, 4563808.055699997], [-9026566.2535, 4563804.054300003], [-9026553.0571, 4563799.695200004], [-9026539.1273, 4563790.144000001], [-9026520.5733, 4563778.4538], [-9026498.7913, 4563767.649300002], [-9026491.8364, 4563766.904600002], [-9026482.7039, 4563768.096299998], [-9026476.0329, 4563772.238399997], [-9026472.3703, 4563777.132399999], [-9026429.628, 4563814.643799998], [-9026412.292, 4563833.269000001], [-9026403.5657, 4563850.317299999], [-9026401.3236, 4563856.736900002], [-9026400.1794, 4563862.533200003], [-9026397.354, 4563892.352899998], [-9026397.5904, 4563905.599100001], [-9026412.1917, 4563953.468800001], [-9026419.8575, 4563970.399700001], [-9026427.798, 4564009.087200001], [-9026425.9848, 4564055.434900001], [-9026425.0841, 4564093.824900001], [-9026427.7357, 4564120.493699998], [-9026424.7644, 4564162.029600002], [-9026424.3337, 4564174.637999997], [-9026424.5443, 4564196.568599999], [-9026422.0111, 4564217.529700004], [-9026422.1108, 4564241.758299999], [-9026429.4869, 4564292.593599997], [-9026430.8941, 4564308.340400003], [-9026427.8361, 4564316.557400003], [-9026423.8356, 4564329.242799997], [-9026410.9637, 4564352.491300002], [-9026401.2733, 4564361.441799998], [-9026381.011, 4564368.890000001], [-9026324.1348, 4564393.784000002], [-9026290.8794, 4564408.7663], [-9026253.6775, 4564420.821999997], [-9026246.0218, 4564423.574500002], [-9026232.8308, 4564429.916199997], [-9026205.3156, 4564449.417000003], [-9026182.7777, 4564466.321500003], [-9026168.4581, 4564479.350199997], [-9026144.3557, 4564493.158299997], [-9026121.0698, 4564505.762100004], [-9026102.1321, 4564513.559100002], [-9026094.9331, 4564518.372299999], [-9026081.3966, 4564528.4177], [-9026061.8392, 4564538.8500000015], [-9026049.2345, 4564545.5735], [-9026036.6216, 4564552.415899999], [-9026017.8428, 4564575.2902000025], [-9026012.9706, 4564585.2951000035], [-9026007.5443, 4564600.880000003], [-9026002.4305, 4564615.567400001], [-9026000.0621, 4564631.008400001], [-9025999.8671, 4564639.217799999], [-9025999.6502, 4564647.7016], [-9025998.2003, 4564663.459899999], [-9025995.5038, 4564689.398900002], [-9025993.2202, 4564701.157200001], [-9025981.042, 4564740.835500002], [-9025978.0721, 4564748.4054000005], [-9025964.3797, 4564763.264300004], [-9025950.0404, 4564774.943599999], [-9025936.6613, 4564783.621100001], [-9025921.4832, 4564795.224200003], [-9025907.0217, 4564808.6669000015], [-9025890.8804, 4564820.113300003], [-9025873.5276, 4564834.467299998], [-9025855.9252, 4564851.416500002], [-9025834.2898, 4564874.647399999], [-9025823.3403, 4564884.715400003], [-9025812.4586, 4564895.813199997], [-9025807.9692, 4564906.894400001], [-9025802.1603, 4564916.140100002], [-9025788.7926, 4564940.6635000035], [-9025773.612, 4564981.803499997], [-9025766.4073, 4564999.606299996], [-9025749.6683, 4565024.427900001], [-9025731.1996, 4565039.429300003], [-9025713.7666, 4565057.561700001], [-9025702.9366, 4565067.770900004], [-9025674.4207, 4565084.2771999985], [-9025660.879, 4565092.810699999], [-9025637.7544, 4565109.163900003], [-9025616.4067, 4565124.7663], [-9025611.0836, 4565133.134800002], [-9025601.2953, 4565150.409699999], [-9025599.9407, 4565155.489500001], [-9025596.2591, 4565177.635899998], [-9025596.8229, 4565203.746799998], [-9025593.9485, 4565231.528700002], [-9025603.8469, 4565282.9651999995], [-9025605.0659, 4565298.987099998], [-9025600.8836, 4565312.368600003], [-9025591.2239, 4565343.831200004], [-9025590.2939, 4565346.7173999995], [-9025586.6562, 4565365.074100003], [-9025577.0518, 4565384.649800003], [-9025557.4787, 4565405.383000001], [-9025544.978, 4565416.558200002], [-9025541.4104, 4565425.933600001], [-9025534.4627, 4565441.548100002], [-9025523.2047, 4565455.150399998], [-9025497.2044, 4565481.866999999], [-9025492.2281, 4565489.581100002], [-9025476.4756, 4565509.093699999], [-9025460.1871, 4565518.698700003], [-9025430.4165, 4565543.878200002], [-9025401.2706, 4565573.384400003], [-9025372.7602, 4565611.7914], [-9025356.5024, 4565631.177299999], [-9025349.0636, 4565637.641800001], [-9025329.2374, 4565659.133199997], [-9025321.2665, 4565667.141599998], [-9025309.102, 4565674.446099997], [-9025286.9226, 4565699.423900001], [-9025267.3903, 4565716.917300001], [-9025245.0427, 4565730.7782000005], [-9025240.851, 4565733.629000001], [-9025235.0193, 4565732.524099998], [-9025214.1483, 4565721.307099998], [-9025194.2812, 4565713.610200003], [-9025176.7554, 4565702.198100001], [-9025165.8643, 4565699.8347999975], [-9025161.7977, 4565699.7764], [-9025145.989, 4565699.549400002], [-9025085.7516, 4565723.843599997], [-9025059.4443, 4565733.855800003], [-9025033.7556, 4565741.297899999], [-9024998.8596, 4565752.865800001], [-9024985.6029, 4565757.372699998], [-9024980.1134, 4565759.133299999], [-9024959.9611, 4565761.0493], [-9024931.3217, 4565767.008000001], [-9024916.0072, 4565776.345200002], [-9024900.7372, 4565791.228799999], [-9024890.4371, 4565805.740000002], [-9024884.2334, 4565822.839500003], [-9024884.0634, 4565828.478600003], [-9024883.5364, 4565845.965400003], [-9024881.7968, 4565855.015799999], [-9024877.8552, 4565860.346900001], [-9024868.0752, 4565860.423699997], [-9024861.7074, 4565857.298500001], [-9024850.3284, 4565854.2557], [-9024837.0609, 4565846.9695999995], [-9024836.5126, 4565846.831799999], [-9024804.8138, 4565838.8574], [-9024761.4226, 4565830.998800002], [-9024734.0064, 4565830.873099998], [-9024721.5414, 4565832.423600003], [-9024695.6351, 4565840.036200002], [-9024685.0452, 4565842.303099997], [-9024647.9024, 4565847.507200003], [-9024632.2191, 4565850.895900004], [-9024599.8373, 4565865.2852], [-9024585.464, 4565869.551899999], [-9024562.9803, 4565874.666299999], [-9024548.5647, 4565876.810999997], [-9024536.9542, 4565877.391099997], [-9024528.1554, 4565877.114699997], [-9024511.0321, 4565874.851499997], [-9024498.0646, 4565874.938699998], [-9024480.3198, 4565877.0123], [-9024463.3758, 4565881.108199999], [-9024440.3608, 4565885.978799999], [-9024423.9091, 4565887.0242], [-9024414.4251, 4565895.734099999], [-9024400.1979, 4565906.8433], [-9024377.3959, 4565918.6699], [-9024352.0429, 4565929.935999997], [-9024331.0381, 4565940.156300001], [-9024308.8117, 4565952.079099998], [-9024290.1268, 4565963.768600002], [-9024262.1854, 4565981.2487], [-9024238.8872, 4565995.905000001], [-9024215.8428, 4566009.409699999], [-9024196.6324, 4566023.3948], [-9024188.6424, 4566028.8571000025], [-9024167.4971, 4566032.583999999], [-9024164.5411, 4566226.431599997], [-9024161.616, 4566420.148699999], [-9024158.7812, 4566606.049999997], [-9024155.8, 4566803.705200002], [-9024152.4099, 4567027.278999999], [-9024149.8691, 4567194.925800003], [-9024148.137, 4567384.2645], [-9024144.5045, 4567549.034999996], [-9024139.6008, 4567872.063699998], [-9024137.256, 4568027.467699997], [-9024133.9492, 4568245.391199999], [-9024131.7769, 4568388.972199999], [-9024127.6596, 4568661.2146999985], [-9024125.3605, 4568812.343500003], [-9024121.1432, 4569089.576700002], [-9024121.3419, 4569089.980800003], [-9024205.4529, 4569261.0986], [-9024280.172, 4569413.1504999995], [-9024356.4513, 4569568.333899997], [-9024577.5556, 4569517.582699999], [-9024799.5911, 4569466.6175], [-9024976.7814, 4569425.931999996], [-9025121.3735, 4569347.245899998], [-9025247.7531, 4569278.474299997], [-9025430.0983, 4569319.723200001], [-9025624.2568, 4569363.621399999], [-9025827.7501, 4569409.6329], [-9025976.5941, 4569443.298699997], [-9026132.7863, 4569564.109300002], [-9026252.2019, 4569656.472400002], [-9026423.3639, 4569788.853100002], [-9026679.014, 4569986.5462], [-9026881.8423, 4570143.401500002], [-9026903.0622, 4570306.676100001], [-9026921.1027, 4570445.295299999], [-9026945.544, 4570633.2434], [-9027058.331, 4570686.245099999], [-9027160.5864, 4570734.2509], [-9027314.9403, 4570727.201700002], [-9027422.3964, 4570531.274099998], [-9027506.7993, 4570377.3178], [-9027611.7201, 4570186.004600003], [-9027744.7447, 4570092.682899997], [-9027893.2145, 4569988.457000002], [-9028015.686, 4569902.503799997], [-9028180.7958, 4569786.6668], [-9028335.6856, 4569677.963100001], [-9028494.5426, 4569566.455799997], [-9028584.323, 4569489.972499996], [-9028733.7059, 4569362.687200002], [-9028884.1251, 4569234.562700003], [-9029027.3777, 4569112.5101], [-9029218.9093, 4569057.020999998], [-9029398.7301, 4569004.916699998], [-9029590.0882, 4568949.438100003], [-9029767.3796, 4568898.068999998], [-9029935.756, 4568849.266199999], [-9029949.5751, 4568845.254600003], [-9030121.645, 4568872.277900003], [-9030328.0141, 4568904.690899998], [-9030488.6802, 4568929.927900001], [-9030616.2203, 4569184.669399999], [-9030611.5089, 4569342.477300003], [-9030610.2079, 4569366.273500003], [-9030610.5096, 4569382.8684], [-9030605.7199, 4569549.092299998], [-9030446.799, 4569649.555799998], [-9030288.9325, 4569749.4026999995], [-9030136.3213, 4569748.740699999], [-9029982.0611, 4569748.068899997], [-9029883.599, 4569917.753300004], [-9029810.7256, 4570043.366400003], [-9029692.1588, 4570247.201300003], [-9029524.4725, 4570410.966700003], [-9029363.7456, 4570567.9201000035], [-9029206.4117, 4570721.5722], [-9029023.1031, 4570852.619599998], [-9028876.0957, 4570957.728100002], [-9028712.2886, 4571074.850199997], [-9028544.4781, 4571194.800800003], [-9028413.8192, 4571288.203100003], [-9028290.8229, 4571437.871699996], [-9028164.0379, 4571592.120399997], [-9028042.6634, 4571739.817100003], [-9027867.651, 4571952.708499998], [-9027663.774, 4572200.7535], [-9027519.9189, 4572375.794699997], [-9027373.0186, 4572554.506800003], [-9027368.1963, 4572560.462700002], [-9027216.3888, 4572628.8244], [-9027049.5956, 4572703.961400002], [-9026893.4935, 4572774.2804000005], [-9026738.9926, 4572843.8706], [-9026612.1808, 4572900.9899], [-9026487.5239, 4572957.139700003], [-9026348.4616, 4573019.770300001], [-9026323.682, 4573112.497500002], [-9026251.3899, 4573383.018299997], [-9026393.6135, 4573293.763300002], [-9026398.2862, 4573427.879500002], [-9026551.4003, 4573505.929700002], [-9026697.4311, 4573580.368900001], [-9026840.3068, 4573653.193899997], [-9027001.6773, 4573735.447899997], [-9027139.319, 4573805.601499997], [-9027291.2774, 4573883.048], [-9027408.3413, 4573942.721600004], [-9027530.458, 4574004.965800002], [-9027686.6994, 4574085.1272], [-9027830.3148, 4574158.5934000015], [-9028001.9026, 4574246.370399997], [-9028186.8966, 4574341.008400001], [-9028253.8428, 4574458.528700002], [-9028350.7349, 4574628.624300003], [-9028449.4079, 4574801.8649], [-9028489.0214, 4574871.392200001], [-9028646.7721, 4574869.936899997], [-9028776.0481, 4574868.740500003], [-9028982.8395, 4574866.829300001], [-9029034.2125, 4574863.288900003], [-9029120.3473, 4574913.006800003], [-9029224.1373, 4574884.441699997], [-9029259.0851, 4574901.487099998], [-9029218.5386, 4575065.612099998], [-9029176.2019, 4575236.979000002], [-9029137.919, 4575391.930600002], [-9029075.9125, 4575642.897], [-9029026.58, 4575827.462899998], [-9029020.0859, 4575834.193300001], [-9029060.1717, 4575857.196000002], [-9029079.1685, 4575877.875699997], [-9029019.1492, 4576001.629699998], [-9029008.5002, 4575993.118100002], [-9028985.1246, 4575964.010399997], [-9028973.8042, 4575945.183300003], [-9028948.2686, 4575879.558300003], [-9028939.956, 4575881.288099997], [-9028953.3647, 4575914.489200003], [-9028959.8212, 4575929.352899998], [-9028967.5691, 4575947.448200002], [-9028976.6042, 4575964.895199999], [-9028983.7023, 4575977.818400003], [-9028992.7314, 4575990.0929000005], [-9029011.4211, 4576004.295500003], [-9029015.9935, 4576007.490699999], [-9029009.3178, 4576026.3587], [-9028991.1501, 4576001.110100001], [-9028974.5044, 4575974.2773], [-9028954.984, 4575935.2645], [-9028946.5388, 4575917.084399998], [-9028943.9588, 4575910.101999998], [-9028941.177, 4575903.198299997], [-9028938.1954, 4575896.379199997], [-9028935.0167, 4575889.6504999995], [-9028931.6435, 4575883.0178999975], [-9028920.2448, 4575868.263800003], [-9028905.9499, 4575849.760899998], [-9028867.6865, 4575831.267300002], [-9028854.4951, 4575827.310400002], [-9028809.6679, 4575833.984099999], [-9028792.5281, 4575836.652500004], [-9028779.3353, 4575831.371100001], [-9028762.1802, 4575820.797600001], [-9028752.9326, 4575806.2425], [-9028742.371, 4575795.661200002], [-9028729.1735, 4575786.407300003], [-9028694.8638, 4575765.260399997], [-9028672.4343, 4575754.692900002], [-9028656.595, 4575741.469400004], [-9028640.7467, 4575720.300899997], [-9028627.3223, 4575698.298600003], [-9028626.7681, 4575697.390600003], [-9028626.2141, 4575696.482500002], [-9028555.1091, 4575786.6087], [-9028551.1395, 4575774.695500001], [-9028467.993, 4575712.554200001], [-9028344.7188, 4575731.2326000035], [-9028311.7346, 4575715.3794], [-9028269.5067, 4575687.619199999], [-9028240.4755, 4575669.113399997], [-9028207.496, 4575657.232699998], [-9028157.3507, 4575624.184100002], [-9028121.7196, 4575599.064599998], [-9028087.3999, 4575567.322800003], [-9028071.5589, 4575551.450400002], [-9028049.1349, 4575544.854099996], [-9027992.4519, 4575562.130400002], [-9027971.3678, 4575575.395000003], [-9027955.5598, 4575589.978100002], [-9027942.3836, 4575599.261299998], [-9027864.6218, 4575635.098399997], [-9027854.0725, 4575635.1098000035], [-9027838.2501, 4575636.450900003], [-9027810.5429, 4575621.914999999], [-9027798.6594, 4575607.362099998], [-9027809.1959, 4575595.433300003], [-9027805.2271, 4575583.5200999975], [-9027821.0115, 4575546.426700003], [-9027852.6205, 4575510.6404], [-9027865.7926, 4575497.384599999], [-9027871.0416, 4575473.544299997], [-9027877.6135, 4575453.674900003], [-9027877.585, 4575427.192100003], [-9027872.2965, 4575413.956500001], [-9027861.7331, 4575400.726499997], [-9027851.1786, 4575395.441399999], [-9027832.7108, 4575388.8407000005], [-9027826.112, 4575383.551200002], [-9027819.5091, 4575374.289300002], [-9027806.3075, 4575359.738200001], [-9027782.5597, 4575347.846500002], [-9027774.6422, 4575342.558600001], [-9027760.1066, 4575313.4432], [-9027756.1298, 4575293.585500002], [-9027748.1928, 4575269.759900004], [-9027737.6284, 4575255.206], [-9027721.7912, 4575241.981700003], [-9027707.2712, 4575227.431900002], [-9027703.958, 4575211.545999996], [-9027698.664, 4575193.014200002], [-9027693.3617, 4575166.5374], [-9027678.8236, 4575134.7744999975], [-9027668.2527, 4575113.600100003], [-9027657.6705, 4575081.832900003], [-9027645.7838, 4575063.308200002], [-9027623.3514, 4575047.442900002], [-9027593.017, 4575040.8543], [-9027570.5972, 4575036.9058], [-9027556.0886, 4575032.948700003], [-9027534.9762, 4575018.4059000015], [-9027523.1036, 4575013.1219], [-9027494.0868, 4575005.207900003], [-9027486.1753, 4575005.216200002], [-9027457.1845, 4575022.459600002], [-9027432.1247, 4575015.865199998], [-9027404.4117, 4574993.384599999], [-9027387.2539, 4574977.513300002], [-9027381.9728, 4574970.898199998], [-9027330.5393, 4574961.682899997], [-9027322.6226, 4574956.394699998], [-9027306.7822, 4574939.197899997], [-9027288.3048, 4574922.003899999], [-9027280.3828, 4574911.419399999], [-9027254.0034, 4574903.501800001], [-9027211.8122, 4574906.193099998], [-9027208.5159, 4574906.196400002], [-9027182.1326, 4574894.306699999], [-9027157.0708, 4574885.063600004], [-9027134.6446, 4574874.493500002], [-9027100.3502, 4574862.611599997], [-9027063.4203, 4574852.056199998], [-9027054.1878, 4574849.417499997], [-9027054.1827, 4574844.121100001], [-9027069.9734, 4574812.327799998], [-9027056.7617, 4574785.8596], [-9027017.1751, 4574755.446000002], [-9026982.88, 4574742.239799999], [-9026969.696, 4574743.576800004], [-9026945.9856, 4574767.433499999], [-9026938.0771, 4574770.089500003], [-9026893.2545, 4574778.078000002], [-9026889.2987, 4574778.081900001], [-9026893.2221, 4574744.976800002], [-9026732.4165, 4574803.392800003], [-9026705.9679, 4574722.651000001], [-9026687.5058, 4574720.020900004], [-9026680.9105, 4574717.379000001], [-9026659.7988, 4574701.510799997], [-9026554.3525, 4574740.009599999], [-9026527.9904, 4574749.303199999], [-9026389.62, 4574831.525700003], [-9026363.2908, 4574876.568599999], [-9026371.2366, 4574913.635300003], [-9026356.7802, 4574965.2880000025], [-9026381.8736, 4575008.959100001], [-9026362.1343, 4575051.3486], [-9026304.0937, 4575026.244900003], [-9026279.0333, 4575018.323899999], [-9026255.3002, 4575019.6699], [-9026243.4343, 4575021.005000003], [-9026231.5769, 4575031.608599998], [-9026215.7684, 4575047.5123], [-9026202.5994, 4575066.061800003], [-9026185.4713, 4575080.6426], [-9026169.6579, 4575091.249799997], [-9026151.2349, 4575132.3138], [-9026139.3963, 4575164.103299998], [-9026128.8668, 4575185.298600003], [-9026107.7909, 4575209.152000003], [-9026069.5646, 4575223.751900002], [-9026047.1568, 4575233.041100003], [-9026019.4707, 4575238.362599999], [-9025982.5618, 4575251.637000002], [-9025962.8004, 4575271.516500004], [-9025936.4494, 4575295.374300003], [-9025906.16, 4575339.097599998], [-9025891.6773, 4575364.269100003], [-9025882.4763, 4575397.380599998], [-9025900.9674, 4575431.791599996], [-9025902.4205, 4575584.067599997], [-9025895.224, 4575647.634099998], [-9025884.7516, 4575735.038900003], [-9025883.475, 4575782.710699998], [-9025883.5029, 4575814.491099998], [-9025875.6235, 4575851.575400002], [-9025876.9562, 4575867.4646999985], [-9025861.1541, 4575892.638499998], [-9025850.6165, 4575905.889899999], [-9025832.1628, 4575915.1756], [-9025816.3327, 4575908.568499997], [-9025805.7729, 4575896.660099998], [-9025801.8007, 4575878.124799997], [-9025795.1887, 4575856.943400003], [-9025795.1864, 4575854.2951000035], [-9025787.2547, 4575831.790799998], [-9025748.9695, 4575781.505199999], [-9025718.6102, 4575747.103], [-9025680.3277, 4575699.4661], [-9025661.8449, 4575674.322899997], [-9025628.874, 4575669.0546], [-9025569.5535, 4575691.616800003], [-9025506.3081, 4575751.258900002], [-9025493.1318, 4575763.187899999], [-9025481.2793, 4575781.736599997], [-9025462.858, 4575829.422899999], [-9025447.0637, 4575865.189599998], [-9025423.3486, 4575890.369499996], [-9025418.0828, 4575900.967600003], [-9025381.177, 4575922.185699999], [-9025369.3156, 4575930.141000003], [-9025278.3542, 4575964.646300003], [-9025191.3443, 4575993.850900002], [-9025135.3819, 4576095.861599997], [-9025130.1392, 4576135.592699997], [-9025048.381, 4576138.307700001], [-9025071.0225, 4575901.1445999965], [-9025018.7531, 4575944.3222], [-9025152.9287, 4575437.682499997], [-9024581.3989, 4575312.147399999], [-9024299.1931, 4575155.313900001], [-9023682.9013, 4574630.778800003], [-9023529.6255, 4574597.472900003], [-9021881.3964, 4574594.779600002], [-9020968.1012, 4574376.100100003], [-9020672.6624, 4574250.211599998], [-9020511.3966, 4574223.1074], [-9020279.0081, 4574227.038800001], [-9020070.384, 4574589.622199997], [-9020182.4138, 4574816.442199998], [-9020140.0175, 4575223.611900002], [-9020441.424, 4575863.386200003], [-9020497.2312, 4576146.422399998], [-9020650.34, 4577232.3396999985], [-9020650.5024, 4577552.3423999995], [-9020073.3708, 4578699.702500001], [-9020052.8469, 4578740.501900002], [-9020040.3531, 4578817.2195999995], [-9020007.5429, 4578863.801299997], [-9020005.6784, 4578966.625699997], [-9020041.259, 4579018.983599998], [-9020007.6965, 4579106.315200001], [-9019938.18, 4579162.620899998], [-9019945.9474, 4579213.072999999], [-9019980.767, 4579285.611400001], [-9019943.3439, 4579381.870700002], [-9019938.3721, 4579461.4201000035], [-9019891.2723, 4579531.303099997], [-9019870.8574, 4579642.686300002], [-9019959.8235, 4579769.920400001], [-9020039.0122, 4579720.584899999], [-9020097.6807, 4579610.724799998], [-9020071.7541, 4579553.308499999], [-9020091.0223, 4579471.0264], [-9020141.1652, 4579329.3576000035], [-9020257.0847, 4579318.416100003], [-9020418.6555, 4579416.469999999], [-9020525.6983, 4579410.5678], [-9020716.1587, 4579259.996100001], [-9021108.9902, 4578890.010300003], [-9021141.7067, 4578911.302599996], [-9021196.6637, 4578886.9102], [-9021197.0687, 4578930.3948], [-9021198.3913, 4579052.836000003], [-9021215.459, 4579026.592299998], [-9021231.2994, 4579053.077399999], [-9021220.7537, 4579068.9772000015], [-9021219.4568, 4579076.811899997], [-9021211.0717, 4579071.621799998], [-9021198.6288, 4579095.894500002], [-9021192.9314, 4579107.008699998], [-9021172.5262, 4579123.722199999], [-9021172.5186, 4579123.717200004], [-9021172.5158, 4579123.719499998], [-9021146.2241, 4579145.2654], [-9021133.7523, 4579155.480700001], [-9021117.8463, 4579171.180600002], [-9021116.8438, 4579172.657700002], [-9021115.8411, 4579174.1347], [-9021087.2294, 4579216.2836000025], [-9021082.1336, 4579223.938000001], [-9021047.9868, 4579245.387699999], [-9021023.1607, 4579260.982199997], [-9020976.7226, 4579290.152500004], [-9020943.286, 4579311.155500002], [-9020915.6272, 4579346.902900003], [-9020737.2002, 4579577.504900001], [-9020782.5944, 4579824.4036], [-9020843.7194, 4579871.236699998], [-9020867.1812, 4579885.0983000025], [-9020898.5717, 4579903.643700004], [-9020915.5186, 4580049.722900003], [-9020862.1867, 4580077.449000001], [-9020374.7072, 4580329.317100003], [-9020372.9199, 4580528.4899], [-9020504.9275, 4580557.0471], [-9020754.0923, 4580481.274899997], [-9020852.6732, 4580618.200199999], [-9021084.5519, 4580754.684900001], [-9020929.2769, 4580820.805799998], [-9020694.3816, 4580834.467799999], [-9020575.3113, 4580956.3587], [-9020441.3784, 4581160.413699999], [-9020408.5831, 4581284.591799997], [-9020443.4147, 4581438.625799999], [-9020362.3063, 4581532.9494], [-9020518.8293, 4581604.6721], [-9020770.3554, 4581695.496299997], [-9020449.634, 4581899.252499998], [-9020590.7101, 4582170.883400001], [-9020753.0342, 4582221.316699997], [-9020874.7635, 4582159.2129999995], [-9020971.3721, 4582182.487800002], [-9021017.7735, 4582442.4804000035], [-9021232.2531, 4582401.703900002], [-9021520.1026, 4582087.321800001], [-9021580.033, 4582248.355499998], [-9021603.2464, 4582399.7016], [-9021723.0678, 4582500.577200003], [-9021800.4322, 4582500.440300003], [-9021713.5312, 4582706.1401999965], [-9021743.6129, 4582803.278300002], [-9021616.1753, 4582874.985799998], [-9021441.1209, 4582902.253399998], [-9021439.2733, 4583054.7700999975], [-9021491.4558, 4583067.936499998], [-9021503.0839, 4583127.305500001], [-9021450.9569, 4583210.770900004], [-9021539.8492, 4583220.425899997], [-9021572.7436, 4583294.140100002], [-9021553.4615, 4583364.0119], [-9021481.9867, 4583408.68], [-9021481.9351, 4583521.3433], [-9021427.8505, 4583567.940200001], [-9021496.5309, 4583647.636699997], [-9021310.663, 4585027.333400004], [-9021546.7329, 4585580.2333], [-9021986.7769, 4585660.387100004], [-9022024.8439, 4585667.320100002], [-9022024.9678, 4585667.1928], [-9022659.7321, 4584978.830899999], [-9023128.5053, 4584065.122000001], [-9023128.9413, 4584064.680399999], [-9023544.7477, 4583612.362000003], [-9023544.7647, 4583612.365000002], [-9024494.1433, 4583760.3715], [-9024551.0241, 4583782.6919], [-9024606.9345, 4583703.338299997], [-9024765.9291, 4583750.617200002], [-9024797.0969, 4583758.260799997], [-9024819.2473, 4583751.024599999], [-9024870.9788, 4583680.971500002], [-9024885.1989, 4583679.646300003], [-9024946.9307, 4583685.895999998], [-9025016.6559, 4583720.645000003], [-9025034.3873, 4583738.855800003], [-9025058.12, 4583774.700199999], [-9025066.8482, 4583792.042199999], [-9025077.9687, 4583807.944200002], [-9025088.9468, 4583822.727600001], [-9025061.9157, 4583842.4629999995], [-9025011.7678, 4583879.076099999], [-9025017.4499, 4583886.924000002], [-9025084.6806, 4583979.779600002], [-9025137.6598, 4584062.061700001], [-9025159.9652, 4584100.983800001], [-9025173.325, 4584126.3354], [-9025186.6847, 4584151.687200002], [-9025214.8594, 4584199.204300001], [-9025247.6464, 4584243.6382], [-9025284.4625, 4584288.613200001], [-9025302.8708, 4584311.100699998], [-9025321.279, 4584333.588200003], [-9025358.0958, 4584378.563299999], [-9025376.5044, 4584401.050899997], [-9025381.6514, 4584407.338399999], [-9025384.4807, 4584411.4103000015], [-9025386.638, 4584415.877700001], [-9025388.0704, 4584420.629799999], [-9025388.7416, 4584425.549000002], [-9025390.4044, 4584454.611400001], [-9025392.0671, 4584483.673900001], [-9025393.7299, 4584512.736400001], [-9025395.3925, 4584541.799099997], [-9025397.0553, 4584570.861699998], [-9025398.7181, 4584599.924699999], [-9025495.191, 4584594.358499996], [-9025496.2954, 4584609.8461000025], [-9025399.8223, 4584615.412299998], [-9025402.4041, 4584660.5374], [-9025410.2946, 4584709.887100004], [-9025418.8073, 4584762.690899998], [-9025418.7403, 4584762.708300002], [-9025315.082, 4584799.876699999], [-9025272.4878, 4584815.578900002], [-9025250.8354, 4584863.7228000015], [-9025203.5101, 4584893.987000003], [-9025234.1614, 4584973.475699998], [-9025360.7998, 4584927.998300001], [-9025450.1499, 4584895.7126], [-9025454.34, 4584907.111400001], [-9025467.5319, 4584943.5964], [-9025480.7238, 4584980.081799999], [-9025500.0543, 4585033.768399999], [-9025460.6198, 4585057.0951000005], [-9025398.8041, 4585099.3847], [-9025344.0397, 4585150.545400001], [-9025298.3143, 4585201.369800001], [-9025282.0812, 4585220.428900003], [-9025263.5676, 4585236.914099999], [-9025242.9642, 4585250.673799999], [-9025220.666, 4585261.444700003], [-9025162.0325, 4585284.083300002], [-9025147.4783, 4585213.305399999], [-9025117.2681, 4584877.6559000015], [-9025037.5751, 4584838.754500002], [-9024924.5251, 4584770.710600004], [-9024912.3215, 4584751.645800002], [-9024773.2492, 4584759.123499997], [-9024773.3669, 4584777.649599999], [-9024773.7938, 4584844.942100003], [-9024725.3891, 4585018.180100001], [-9024744.6411, 4585073.701399997], [-9024777.6966, 4585163.897100002], [-9024794.764, 4585206.8587], [-9024785.268, 4585268.802500002], [-9024817.6109, 4585354.987099998], [-9024835.6034, 4585390.9755000025], [-9024834.1512, 4585470.4602999985], [-9024837.3977, 4585498.1479], [-9024697.8979, 4585600.743000001], [-9024635.7439, 4585576.5735], [-9024628.1806, 4585606.364500001], [-9024650.6441, 4585635.831], [-9024513.3653, 4585684.656900004], [-9024565.4663, 4585730.179399997], [-9024662.2412, 4585811.035899997], [-9024922.2735, 4586024.148500003], [-9025341.5096, 4585593.084700003], [-9025553.343, 4585381.026299998], [-9025479.6997, 4585306.9947], [-9025520.0536, 4585265.639399998], [-9025563.2178, 4585223.740199998], [-9025649.9371, 4585131.784599997], [-9025680.2744, 4585098.583400004], [-9025686.8807, 4585102.82], [-9025688.5161, 4585103.818300001], [-9025696.536, 4585108.5295], [-9025705.7585, 4585113.528499998], [-9025716.2856, 4585118.693400003], [-9025731.5463, 4585125.342200004], [-9025756.7123, 4585134.972099997], [-9025789.4324, 4585147.465599999], [-9025798.565, 4585150.685000002], [-9025811.5269, 4585157.212700002], [-9025824.3568, 4585166.504299998], [-9025832.9568, 4585174.7885000035], [-9025839.2768, 4585182.337300003], [-9025860.9399, 4585210.621100001], [-9025872.2045, 4585224.7739999965], [-9025884.3664, 4585237.571699999], [-9025894.5779, 4585246.326300003], [-9025911.8312, 4585259.032700002], [-9025922.3869, 4585265.312100001], [-9025944.923, 4585275.989], [-9025973.158, 4585287.580799997], [-9025997.7442, 4585297.7359], [-9026012.7792, 4585302.983400002], [-9026033.3048, 4585308.363700002], [-9026057.9889, 4585313.637500003], [-9026061.2243, 4585314.390500002], [-9026073.2111, 4585317.8276999965], [-9026089.6646, 4585324.958800003], [-9026106.9028, 4585336.411600001], [-9026109.9898, 4585338.744400002], [-9026190.0711, 4585395.868799999], [-9026202.4519, 4585405.820200004], [-9026217.6366, 4585419.963200003], [-9026232.819, 4585436.784100004], [-9026254.0711, 4585462.236400001], [-9026265.9076, 4585452.245099999], [-9026321.3143, 4585494.351300001], [-9026332.886, 4585485.903700002], [-9026326.239, 4585514.046400003], [-9026318.3444, 4585527.409400001], [-9026321.6323, 4585529.241700001], [-9026330.6982, 4585532.482900001], [-9026346.8459, 4585534.726400003], [-9026362.5137, 4585532.574199997], [-9026414.5253, 4585514.499200001], [-9026435.0675, 4585507.308600001], [-9026452.8874, 4585503.045000002], [-9026469.6013, 4585500.602600001], [-9026486.1153, 4585499.778300002], [-9026504.4566, 4585500.324000001], [-9026512.9326, 4585501.2958], [-9026535.2344, 4585504.623099998], [-9026565.2926, 4585612.635899998], [-9026518.5089, 4585613.394400001], [-9026518.8497, 4585636.575800002], [-9026519.3698, 4585673.454599999], [-9026476.6564, 4585648.759999998], [-9026462.5659, 4585671.667199999], [-9026389.2961, 4585756.507700004], [-9026327.2973, 4585795.327799998], [-9026337.1553, 4585805.917000003], [-9026362.3825, 4585832.885899998], [-9026414.7671, 4585888.860200003], [-9026454.2862, 4585931.084200002], [-9026539.3539, 4586021.994000003], [-9026628.8329, 4586117.635499999], [-9026633.5303, 4586122.626900002], [-9026719.4489, 4586214.450499997], [-9026760.7686, 4586258.686099999], [-9026768.7126, 4586267.281199999], [-9026808.3517, 4586309.734099999], [-9026836.2184, 4586336.6455999985], [-9026850.1723, 4586350.121699996], [-9026878.068, 4586377.043399997], [-9026912.8515, 4586410.623199999], [-9027024.021, 4586514.595700003], [-9027133.486, 4586616.9758], [-9027239.5306, 4586716.144000001], [-9027352.1836, 4586821.5097], [-9027358.2818, 4586827.086800002], [-9027362.7056, 4586824.7491], [-9027371.1489, 4586824.913199998], [-9027373.0983, 4586828.0814], [-9027360.7414, 4586893.329300001], [-9027362.4436, 4586896.225900002], [-9027375.1584, 4586917.862400003], [-9027371.7099, 4586936.104500003], [-9027398.9997, 4586947.144400001], [-9027433.8047, 4586966.907399997], [-9027441.3633, 4586933.076800004], [-9027510.6314, 4586943.772], [-9027538.8405, 4586923.957699999], [-9027563.0798, 4586889.3248], [-9027566.2125, 4586884.848700002], [-9027580.0543, 4586891.3477], [-9027567.2782, 4586908.898900002], [-9027557.5334, 4586922.2861], [-9027601.5423, 4586999.270800002], [-9027619.2801, 4587010.007600002], [-9027632.4009, 4587024.138999999], [-9027646.6163, 4587033.560199998], [-9027656.5533, 4587036.8401999995], [-9027661.3653, 4587042.294], [-9027670.4473, 4587047.694799997], [-9027669.7866, 4587057.824299999], [-9027661.4561, 4587054.526100002], [-9027653.1257, 4587051.227799997], [-9027570.7554, 4587049.340400003], [-9027549.7002, 4587065.8024], [-9027516.6934, 4587084.814999998], [-9027469.4602, 4587063.938000001], [-9027377.4634, 4586998.658699997], [-9027334.847, 4587051.103399999], [-9027323.111, 4587061.447499998], [-9027212.2923, 4587067.487400003], [-9027090.9504, 4587061.912900001], [-9026950.245, 4587292.545000002], [-9026988.0611, 4587306.404299997], [-9027146.5064, 4587364.472999997], [-9027106.2196, 4587511.222400002], [-9027267.5626, 4587651.431999996], [-9027114.4251, 4587829.0315999985], [-9027105.6885, 4587821.555600002], [-9027045.6377, 4587806.838799998], [-9026968.2561, 4587896.654299997], [-9026961.1298, 4587904.9551], [-9026937.8174, 4587930.958300002], [-9026864.7202, 4588012.332800001], [-9026920.3926, 4588054.638300002], [-9026896.8258, 4588080.904799998], [-9026893.92, 4588119.828500003], [-9026940.0193, 4588159.884800002], [-9026894.2779, 4588205.704499997], [-9026842.5999, 4588264.393200003], [-9026925.5275, 4588336.332199998], [-9026971.502, 4588272.6338], [-9026996.5905, 4588294.4142], [-9027024.2416, 4588319.7798999995], [-9027067.1995, 4588269.800099999], [-9027189.0851, 4588376.019299999], [-9027269.9403, 4588449.191200003], [-9027481.5939, 4588312.711300001], [-9027570.0347, 4588296.7092999965], [-9027691.4145, 4588217.035099998], [-9027729.6316, 4588150.706799999], [-9027821.9788, 4588085.6461], [-9027847.062, 4588084.293499999], [-9027901.267, 4588154.498999998], [-9027897.449, 4588287.078599997], [-9027896.1702, 4588325.527000003], [-9027906.7493, 4588341.424800001], [-9027922.6039, 4588352.013700001], [-9027937.1297, 4588354.649400003], [-9027958.2309, 4588333.413900003], [-9027955.4413, 4588195.538099997], [-9027975.2092, 4588162.3728], [-9027926.2629, 4588072.275799997], [-9027955.311, 4588074.895499997], [-9028018.5926, 4587992.630900003], [-9028031.8223, 4588017.805100001], [-9028051.6546, 4588044.298100002], [-9028078.1041, 4588085.366700001], [-9028087.3659, 4588103.916699998], [-9028083.443, 4588138.390500002], [-9028174.5539, 4588151.546800002], [-9028134.9947, 4588195.340400003], [-9028119.1606, 4588203.3125], [-9028123.1665, 4588244.406499997], [-9028103.3729, 4588253.708800003], [-9028104.7093, 4588268.290600002], [-9028087.5748, 4588294.824600004], [-9028079.6533, 4588294.833400004], [-9028037.5406, 4588419.502300002], [-9028087.183, 4588540.094400004], [-9028105.6962, 4588566.5898], [-9028110.9846, 4588573.2129999995], [-9028114.9963, 4588619.611400001], [-9028125.566, 4588626.228799999], [-9028146.7112, 4588644.766599998], [-9028145.426, 4588676.5876], [-9028187.7286, 4588724.2698], [-9028150.7786, 4588741.546599999], [-9028148.2052, 4588802.537299998], [-9028146.8877, 4588805.190499999], [-9028177.2874, 4588834.324900001], [-9028152.2141, 4588846.2853000015], [-9028140.3357, 4588850.276100002], [-9028104.739, 4588898.045500003], [-9028116.6411, 4588915.268299997], [-9028091.5765, 4588935.183799997], [-9028050.6559, 4588944.5097], [-9027987.376, 4589033.4113000035], [-9027983.4364, 4589053.303400002], [-9027980.8172, 4589073.194300003], [-9027942.5411, 4589086.494599998], [-9027949.2046, 4589143.499700002], [-9027904.332, 4589162.110799998], [-9027851.597, 4589236.417199999], [-9027816.6211, 4589249.713799998], [-9027798.1893, 4589300.117299996], [-9027721.6674, 4589357.212899998], [-9027687.2728, 4589296.258599997], [-9027654.2855, 4589317.508000001], [-9027625.2745, 4589353.337899998], [-9027589.7959, 4589517.788099997], [-9027543.6794, 4589611.977399997], [-9027546.3438, 4589634.515299998], [-9027549.0276, 4589675.616400003], [-9027571.5371, 4589735.259999998], [-9027570.243, 4589760.454499997], [-9027558.3908, 4589790.963799998], [-9027512.2317, 4589845.376699999], [-9027487.8487, 4589889.1589], [-9027485.1218, 4589892.665299997], [-9027365.7312, 4589941.298900001], [-9027323.1827, 4589959.206], [-9027249.4902, 4589964.385600001], [-9027216.4751, 4589986.1105], [-9027192.9827, 4590000.807700001], [-9027189.9699, 4590017.7258], [-9027286.4557, 4590153.2744999975], [-9027308.9557, 4590235.678900003], [-9027214.9728, 4590461.928300001], [-9027203.8558, 4590472.811300002], [-9027172.85, 4590503.609200001], [-9027056.9692, 4590567.031400003], [-9026888.6674, 4590680.038800001], [-9026799.2704, 4590760.992700003], [-9026790.2902, 4590769.691399999], [-9026789.4714, 4590779.338200003], [-9026795.1603, 4590792.351400003], [-9026841.5374, 4591038.562399998], [-9027001.0357, 4591248.048], [-9027041.917, 4591254.034699999], [-9027064.6886, 4591257.6316], [-9027091.5197, 4591261.865400001], [-9027273.6505, 4591228.000200003], [-9027340.0125, 4591235.253899999], [-9027377.6573, 4591241.845700003], [-9027417.2844, 4591249.761399999], [-9027467.4795, 4591260.318000004], [-9027476.7281, 4591264.286899999], [-9027503.1534, 4591276.194499999], [-9027517.6928, 4591288.114500001], [-9027528.2703, 4591300.038699999], [-9027540.174, 4591317.266000003], [-9027552.0875, 4591343.776500002], [-9027558.7158, 4591367.6401999965], [-9027571.9694, 4591412.715599999], [-9027574.6355, 4591436.5836], [-9027603.7138, 4591459.097499996], [-9028111.1414, 4591726.4366], [-9028637.7306, 4591980.473200001], [-9028603.9135, 4592001.872100003], [-9028602.2315, 4592028.584100001], [-9028601.4649, 4592030.128200002], [-9028598.4384, 4592071.798], [-9028471.4883, 4592282.510700002], [-9028456.6211, 4592561.077200003], [-9028428.3453, 4593019.943800002], [-9028289.5659, 4592951.245700002], [-9028261.431, 4593069.010200001], [-9028275.7137, 4593206.176299997], [-9028347.0834, 4593373.240699999], [-9028404.3935, 4593405.670699999], [-9028434.7546, 4593452.832999997], [-9028460.8922, 4593505.111000001], [-9028465.2006, 4593511.153399996], [-9028478.5233, 4593567.898699999], [-9028469.7476, 4593592.821900003], [-9028467.051, 4593615.921899997], [-9028470.0039, 4593639.687600002], [-9028477.0885, 4593663.043200001], [-9028489.6602, 4593684.030199997], [-9028507.4588, 4593703.4362], [-9028514.2631, 4593709.991400003], [-9028522.3752, 4593717.070100002], [-9028525.7973, 4593738.067400001], [-9028529.7273, 4593745.675800003], [-9028585.7211, 4593789.190099999], [-9028594.8814, 4593798.367799997], [-9028612.1607, 4593820.662100002], [-9028631.6284, 4593836.1022000015], [-9028666.7713, 4593862.086199999], [-9028688.4226, 4593876.454400003], [-9028704.929, 4593884.854000002], [-9028724.6829, 4593895.422499999], [-9028730.3706, 4593902.748199999], [-9028751.2129, 4593919.018299997], [-9028797.4396, 4593949.385799997], [-9028805.1334, 4593951.215899996], [-9028878.619, 4593991.956900001], [-9029122.1656, 4594136.221900001], [-9029163.9846, 4594168.0473000035], [-9029175.6026, 4594194.808799997], [-9029194.1635, 4594220.924400002], [-9029265.4248, 4594285.865099996], [-9029336.6555, 4594357.818300001], [-9029389.3255, 4594403.6558], [-9029420.2948, 4594419.556299999], [-9029472.9213, 4594429.054899998], [-9029817.6842, 4594747.176899999], [-9030101.8955, 4594892.777599998], [-9030215.934, 4595224.827100001], [-9030202.8605, 4595290.277999997], [-9030486.2854, 4595617.082900003], [-9030507.2788, 4595698.850699998], [-9030586.7459, 4595774.249200001], [-9030806.2095, 4595891.406499997], [-9030833.3506, 4595882.9802], [-9030845.9418, 4595927.008100003], [-9030902.3639, 4595947.905000001], [-9030981.7303, 4595945.699199997], [-9031070.5729, 4596000.109099999], [-9031154.0449, 4595945.461599998], [-9031145.5576, 4595848.9943], [-9031199.8478, 4595838.4322], [-9031174.7379, 4595804.909400001], [-9031124.5819, 4595784.005500004], [-9031080.7207, 4595784.066100001], [-9031066.106, 4595788.2809000015], [-9031068.1287, 4595740.039300002], [-9031126.4977, 4595658.162799999], [-9031110.7096, 4595568.000200003], [-9031154.4544, 4595484.047799997], [-9031168.9185, 4595370.774899997], [-9031090.4284, 4595247.1455999985], [-9031161.2246, 4595091.8532000035], [-9031300.9435, 4594940.660400003], [-9031349.0133, 4594965.759099998], [-9031392.6627, 4594816.798699997], [-9031667.9238, 4594527.003799997], [-9031855.8775, 4594526.731899999], [-9032073.1976, 4594614.491700001], [-9032211.0532, 4594628.967], [-9032098.6459, 4594878.693599999], [-9031935.7805, 4594902.002099998], [-9031846.0436, 4594948.270800002], [-9031618.7349, 4595183.4855], [-9031485.2801, 4595332.579999998], [-9031420.6999, 4595450.118500002], [-9031393.6631, 4595531.950900003], [-9031346.2427, 4595974.556500003], [-9031323.358, 4596039.607799999], [-9031300.4582, 4596094.172399998], [-9031200.3226, 4596182.403800003], [-9031135.639, 4596230.734499998], [-9031016.6161, 4596256.068000004], [-9030882.9322, 4596252.056000002], [-9030692.7605, 4596178.902800001], [-9030421.0093, 4596011.471299998]]]]}}]}